id,createdAt,updatedAt,pushedAt,diskUsage,isInOrganization,name,nameWithOwner,sshUrl,stargazerCount
R_kgDOGmw2DQ,2021-12-31T08:43:45Z,2026-03-13T09:22:55Z,2026-03-13T10:21:06Z,1364,False,zhou0bin,zhou0bin/zhou0bin,git@github.com:zhou0bin/zhou0bin.git,0
R_kgDOGmw1ZA,2021-12-31T08:42:53Z,2026-05-04T06:34:58Z,2026-05-04T06:34:50Z,110485,False,canonvr,tokoik/canonvr,git@github.com:tokoik/canonvr.git,0
R_kgDOGmwgSw,2021-12-31T08:15:33Z,2026-04-13T15:31:55Z,2026-04-13T15:31:51Z,635,True,dds-20151201,alibabacloud-sdk-cpp/dds-20151201,git@github.com:alibabacloud-sdk-cpp/dds-20151201.git,0
R_kgDOGmwMww,2021-12-31T07:49:57Z,2026-05-07T06:43:30Z,2026-05-07T06:43:26Z,49789,False,OpenS100,S-100ExpertTeam/OpenS100,git@github.com:S-100ExpertTeam/OpenS100.git,64
R_kgDOGmpA4g,2021-12-30T19:50:09Z,2026-05-06T11:58:33Z,2026-05-07T09:12:25Z,1609,True,ksanecore,KDE/ksanecore,git@github.com:KDE/ksanecore.git,4
R_kgDOGmn__w,2021-12-30T18:27:04Z,2026-03-07T05:50:08Z,2026-03-07T05:50:04Z,44,False,competitive-coding,Chaitanya-nawale/competitive-coding,git@github.com:Chaitanya-nawale/competitive-coding.git,0
R_kgDOGmldDw,2021-12-30T15:26:13Z,2026-04-22T16:01:28Z,2026-04-22T16:01:24Z,1504,False,Baekjoon,m1n5eo/Baekjoon,git@github.com:m1n5eo/Baekjoon.git,0
R_kgDOGmiopw,2021-12-30T12:20:15Z,2026-05-07T11:29:32Z,2026-05-07T11:29:29Z,69232,True,MeshLib,MeshInspector/MeshLib,git@github.com:MeshInspector/MeshLib.git,779
R_kgDOGmiHXA,2021-12-30T11:42:49Z,2026-05-05T18:16:47Z,2026-05-03T15:37:36Z,9227,False,ppkSPLMeter,ppklose/ppkSPLMeter,git@github.com:ppklose/ppkSPLMeter.git,5
R_kgDOGmgbWA,2021-12-30T09:39:01Z,2026-05-07T09:30:43Z,2026-05-07T09:30:39Z,186,False,Algorithm-Study,Lee-Sunho/Algorithm-Study,git@github.com:Lee-Sunho/Algorithm-Study.git,0
R_kgDOGmeIZA,2021-12-30T06:53:29Z,2026-03-23T06:47:05Z,2026-03-23T06:43:26Z,3,False,test-USB_loopback,abhisudu/test-USB_loopback,git@github.com:abhisudu/test-USB_loopback.git,0
R_kgDOGmd7mg,2021-12-30T06:39:13Z,2026-04-26T08:34:53Z,2026-04-26T08:34:48Z,47864,False,cplusplus,eklavyaK/cplusplus,git@github.com:eklavyaK/cplusplus.git,1
R_kgDOGmd15w,2021-12-30T06:32:22Z,2026-04-30T10:52:21Z,2026-04-30T10:52:17Z,72363,False,kwoncy2020,kwoncy2020/kwoncy2020,git@github.com:kwoncy2020/kwoncy2020.git,1
R_kgDOGmaqNg,2021-12-30T01:40:53Z,2026-04-17T07:43:29Z,2026-04-17T07:43:25Z,767,False,boj,pv104/boj,git@github.com:pv104/boj.git,0
R_kgDOGmWaZw,2021-12-29T19:05:36Z,2026-04-14T14:01:47Z,2026-04-14T14:01:26Z,147,False,xkbdisplay,Sirraide/xkbdisplay,git@github.com:Sirraide/xkbdisplay.git,1
R_kgDOGmU2gg,2021-12-29T17:16:09Z,2026-03-21T17:05:42Z,2026-03-21T17:05:38Z,13,False,IndoorWeatherStationDuin,DrewBallins/IndoorWeatherStationDuin,git@github.com:DrewBallins/IndoorWeatherStationDuin.git,0
R_kgDOGmUC5g,2021-12-29T16:22:45Z,2026-04-19T10:05:36Z,2026-04-19T13:57:26Z,139,True,AutobootModule,wiiu-env/AutobootModule,git@github.com:wiiu-env/AutobootModule.git,34
R_kgDOGmT3dg,2021-12-29T16:11:01Z,2026-03-31T09:12:54Z,2026-03-31T09:12:47Z,1045,False,Arduino-Sketches,fluxion9/Arduino-Sketches,git@github.com:fluxion9/Arduino-Sketches.git,0
R_kgDOGmS3CA,2021-12-29T15:06:45Z,2026-04-27T18:47:04Z,2026-04-27T18:46:57Z,5801,False,kotek,wh1t3lord/kotek,git@github.com:wh1t3lord/kotek.git,17
R_kgDOGmRsYw,2021-12-29T13:56:18Z,2026-04-06T00:54:18Z,2026-05-01T02:29:07Z,3338,False,pixelmatch-cpp17,jwmcglynn/pixelmatch-cpp17,git@github.com:jwmcglynn/pixelmatch-cpp17.git,14
R_kgDOGmRXoA,2021-12-29T13:36:50Z,2026-04-22T21:30:35Z,2026-03-16T22:12:10Z,3581,False,device_xiaomi_odin,Inkypen79/device_xiaomi_odin,git@github.com:Inkypen79/device_xiaomi_odin.git,24
R_kgDOGmMeLg,2021-12-29T08:06:09Z,2026-05-03T19:57:03Z,2026-03-28T13:42:40Z,26523,False,dbRackModules,docb/dbRackModules,git@github.com:docb/dbRackModules.git,25
R_kgDOGmKuRA,2021-12-29T05:56:11Z,2026-03-30T10:32:11Z,2026-03-30T10:48:02Z,28462,True,expofp-sdk-ios,expofp/expofp-sdk-ios,git@github.com:expofp/expofp-sdk-ios.git,1
R_kgDOGmJHyg,2021-12-29T03:24:08Z,2026-05-07T01:51:55Z,2026-05-07T01:51:53Z,189675,False,CompetitiveProgramming,koralkulacoglu/CompetitiveProgramming,git@github.com:koralkulacoglu/CompetitiveProgramming.git,3
R_kgDOGmIbaw,2021-12-29T02:22:02Z,2026-04-24T02:02:47Z,2026-04-24T02:03:02Z,518,True,dde-session,linuxdeepin/dde-session,git@github.com:linuxdeepin/dde-session.git,8
R_kgDOGmGz7w,2021-12-28T23:40:48Z,2026-04-25T18:33:11Z,2026-04-25T18:33:06Z,5854,True,mcmini,mcminickpt/mcmini,git@github.com:mcminickpt/mcmini.git,7
R_kgDOGmFnwA,2021-12-28T21:44:58Z,2026-04-18T19:00:26Z,2026-04-18T19:00:22Z,88880,False,puzzles,steedly/puzzles,git@github.com:steedly/puzzles.git,0
R_kgDOGmFczw,2021-12-28T21:29:14Z,2026-04-08T07:43:43Z,2026-04-08T07:43:38Z,113,False,ArduinoAutomation,lance-lab/ArduinoAutomation,git@github.com:lance-lab/ArduinoAutomation.git,0
R_kgDOGmCQXg,2021-12-28T17:28:07Z,2026-04-24T13:59:49Z,2026-04-24T13:59:16Z,3965,False,zeniq,zeniqcore/zeniq,git@github.com:zeniqcore/zeniq.git,3
R_kgDOGmB0_g,2021-12-28T17:00:38Z,2026-05-05T01:19:33Z,2026-04-27T14:30:29Z,25243,True,formula,soundspear/formula,git@github.com:soundspear/formula.git,235
R_kgDOGmBn3g,2021-12-28T16:48:19Z,2026-04-29T18:15:58Z,2026-03-24T22:10:11Z,115,False,ProxyScraper,chainski/ProxyScraper,git@github.com:chainski/ProxyScraper.git,23
R_kgDOGmAwcw,2021-12-28T15:52:50Z,2026-03-06T17:54:01Z,2026-03-06T17:53:56Z,694,False,lightningPlusPlus,IshaySela/lightningPlusPlus,git@github.com:IshaySela/lightningPlusPlus.git,1
R_kgDOGmAmdw,2021-12-28T15:43:02Z,2026-04-27T13:34:10Z,2026-04-27T13:34:05Z,1006,False,BOJ-line123,HOKAGO-MEMORIES/BOJ-line123,git@github.com:HOKAGO-MEMORIES/BOJ-line123.git,1
R_kgDOGmAFvg,2021-12-28T15:11:56Z,2026-04-26T10:46:07Z,2026-04-19T14:50:20Z,4,False,pbl1-gauss-seidel-solver,TanDungNgo/pbl1-gauss-seidel-solver,git@github.com:TanDungNgo/pbl1-gauss-seidel-solver.git,0
R_kgDOGl_-Ng,2021-12-28T15:05:23Z,2026-04-26T10:46:48Z,2026-04-19T15:08:45Z,13,False,pbl2-library-management-system-cpp,TanDungNgo/pbl2-library-management-system-cpp,git@github.com:TanDungNgo/pbl2-library-management-system-cpp.git,0
R_kgDOGl-nXg,2021-12-28T13:44:35Z,2026-03-19T11:14:34Z,2026-03-13T22:34:20Z,6048,False,melon,fhamonic/melon,git@github.com:fhamonic/melon.git,62
R_kgDOGl8mXQ,2021-12-28T11:33:34Z,2026-04-30T14:55:45Z,2026-05-04T20:28:43Z,120185,False,ReactivePlusPlus,victimsnino/ReactivePlusPlus,git@github.com:victimsnino/ReactivePlusPlus.git,310
R_kgDOGl6hwQ,2021-12-28T09:10:07Z,2026-05-05T09:58:18Z,2026-05-05T09:58:00Z,484282,False,pandaria_5.4.8,alexkulya/pandaria_5.4.8,git@github.com:alexkulya/pandaria_5.4.8.git,70
R_kgDOGl4woA,2021-12-28T07:08:49Z,2026-05-02T01:22:18Z,2026-05-02T01:22:15Z,71,False,MoarPtr,SubstituteR/MoarPtr,git@github.com:SubstituteR/MoarPtr.git,22
R_kgDOGl3xFQ,2021-12-28T05:56:12Z,2026-03-09T11:21:07Z,2026-03-09T11:20:50Z,15,False,cpp-oops-concepts,saikeerthi-kusuma-sompalli/cpp-oops-concepts,git@github.com:saikeerthi-kusuma-sompalli/cpp-oops-concepts.git,0
R_kgDOGl0TNA,2021-12-28T00:33:25Z,2026-03-09T15:18:06Z,2026-03-02T18:21:27Z,26808,False,16Games-in-Cpp,mrpunkdasilva/16Games-in-Cpp,git@github.com:mrpunkdasilva/16Games-in-Cpp.git,8
R_kgDOGlzjTA,2021-12-27T23:14:25Z,2026-04-06T03:46:20Z,2026-04-08T01:41:10Z,396,False,flatbush,chusitoo/flatbush,git@github.com:chusitoo/flatbush.git,23
R_kgDOGlvf2w,2021-12-27T17:33:38Z,2026-05-03T12:11:39Z,2026-05-03T12:11:35Z,82,True,AlkalineBaseUE,AlkalineGames/AlkalineBaseUE,git@github.com:AlkalineGames/AlkalineBaseUE.git,1
R_kgDOGlujPg,2021-12-27T16:30:44Z,2026-05-06T01:24:07Z,2026-05-06T01:24:03Z,672,False,DiGiTempESP_V4,TiVoHomeUser/DiGiTempESP_V4,git@github.com:TiVoHomeUser/DiGiTempESP_V4.git,2
R_kgDOGltI8Q,2021-12-27T14:59:28Z,2026-05-06T08:35:50Z,2026-05-06T08:35:45Z,939,False,Snippets,Caturra000/Snippets,git@github.com:Caturra000/Snippets.git,8
R_kgDOGlrbfQ,2021-12-27T13:03:01Z,2026-04-16T14:26:44Z,2026-04-16T14:26:40Z,59,False,Zhen,WangTingMan/Zhen,git@github.com:WangTingMan/Zhen.git,0
R_kgDOGlq8jQ,2021-12-27T12:28:12Z,2026-05-02T15:56:54Z,2026-03-15T20:01:16Z,28486,False,ouly,obhi-d/ouly,git@github.com:obhi-d/ouly.git,93
R_kgDOGlqfsA,2021-12-27T11:55:59Z,2026-04-13T11:22:46Z,2026-04-13T11:22:42Z,177,False,AVR-Ublink-Framework,Ontaelio/AVR-Ublink-Framework,git@github.com:Ontaelio/AVR-Ublink-Framework.git,0
R_kgDOGloOJg,2021-12-27T09:14:56Z,2026-05-04T13:38:18Z,2026-05-07T09:59:34Z,17839,False,emural,starling13/emural,git@github.com:starling13/emural.git,3
R_kgDOGllZ8A,2021-12-27T05:49:49Z,2026-04-25T14:59:46Z,2026-04-25T14:59:42Z,3252,False,spannedCC,ForwardStar/spannedCC,git@github.com:ForwardStar/spannedCC.git,4
R_kgDOGljM6Q,2021-12-27T02:16:44Z,2026-04-20T13:59:46Z,2026-04-20T13:59:42Z,519,False,cppapiframework,Fabio3rs/cppapiframework,git@github.com:Fabio3rs/cppapiframework.git,2
R_kgDOGleAMQ,2021-12-26T17:01:42Z,2026-04-12T08:54:54Z,2026-04-12T08:54:49Z,9162,False,Chaclock,davidzindovic/Chaclock,git@github.com:davidzindovic/Chaclock.git,0
R_kgDOGlZ6dg,2021-12-26T11:33:22Z,2026-03-01T06:00:11Z,2026-03-01T06:00:07Z,80,False,fuck-Algorithm,elonwoo-02/fuck-Algorithm,git@github.com:elonwoo-02/fuck-Algorithm.git,0
R_kgDOGlU01g,2021-12-26T02:03:11Z,2026-03-12T02:38:10Z,2026-03-12T02:38:06Z,209156,False,gb-gbc_emu,StefanScods/gb-gbc_emu,git@github.com:StefanScods/gb-gbc_emu.git,1
R_kgDOGlUqOA,2021-12-26T01:38:12Z,2026-04-02T02:58:04Z,2026-04-02T02:58:23Z,3280,False,byteme,LTLA/byteme,git@github.com:LTLA/byteme.git,2
R_kgDOGlUf7Q,2021-12-26T01:12:46Z,2026-03-21T20:19:15Z,2026-03-21T20:19:11Z,15842,False,keypuncher,mday299/keypuncher,git@github.com:mday299/keypuncher.git,0
R_kgDOGlT1zw,2021-12-25T23:29:59Z,2026-05-04T09:27:52Z,2026-03-31T14:42:47Z,712,True,UntitledGameSystemManager,MadLadSquad/UntitledGameSystemManager,git@github.com:MadLadSquad/UntitledGameSystemManager.git,9
R_kgDOGlTvVA,2021-12-25T23:14:07Z,2026-03-11T14:40:23Z,2026-03-13T21:24:25Z,152142,False,slowml,lassenielsen/slowml,git@github.com:lassenielsen/slowml.git,1
R_kgDOGlTXCQ,2021-12-25T22:20:28Z,2026-04-02T17:01:40Z,2026-04-02T17:01:35Z,378,False,host_command,kadavris/host_command,git@github.com:kadavris/host_command.git,0
R_kgDOGlTHug,2021-12-25T21:47:46Z,2026-04-20T09:18:35Z,2026-04-20T09:18:28Z,660,False,leetcode-problems,ChristineGoGo/leetcode-problems,git@github.com:ChristineGoGo/leetcode-problems.git,0
R_kgDOGlSpiw,2021-12-25T20:48:23Z,2026-05-06T03:34:21Z,2026-05-06T15:58:23Z,31629,True,wolf,games-on-whales/wolf,git@github.com:games-on-whales/wolf.git,1871
R_kgDOGlRJdw,2021-12-25T17:58:05Z,2026-05-05T13:56:02Z,2026-05-05T13:55:21Z,69,False,unified-cfg,adelplanque/unified-cfg,git@github.com:adelplanque/unified-cfg.git,1
R_kgDOGlRIZg,2021-12-25T17:56:11Z,2026-03-27T13:42:11Z,2026-03-27T13:42:05Z,172,False,ia32-arch,tomtzook/ia32-arch,git@github.com:tomtzook/ia32-arch.git,6
R_kgDOGlOBEw,2021-12-25T13:01:04Z,2026-03-19T15:55:41Z,2026-03-19T15:53:07Z,326,False,oj,coderchen02/oj,git@github.com:coderchen02/oj.git,0
R_kgDOGlNKTA,2021-12-25T11:34:13Z,2026-03-28T08:31:33Z,2026-05-06T11:37:25Z,79343,False,LohFunctionPlugin,loh0123/LohFunctionPlugin,git@github.com:loh0123/LohFunctionPlugin.git,2
R_kgDOGlL_tw,2021-12-25T09:35:03Z,2026-05-07T08:16:49Z,2026-05-07T08:16:46Z,8102,False,recipe,BlurryLight/recipe,git@github.com:BlurryLight/recipe.git,2
R_kgDOGlK5iA,2021-12-25T07:37:55Z,2026-05-04T14:31:43Z,2026-05-04T14:29:39Z,3632,False,LeetCode-Problems,Sachindebug/LeetCode-Problems,git@github.com:Sachindebug/LeetCode-Problems.git,0
R_kgDOGlIP2A,2021-12-25T01:51:27Z,2026-04-14T13:51:52Z,2026-04-14T13:51:58Z,33035,False,wjr,wjr-z/wjr,git@github.com:wjr-z/wjr.git,7
R_kgDOGlES0A,2021-12-24T17:24:04Z,2026-05-06T17:51:00Z,2026-05-06T17:50:57Z,1862,False,Leetcode,VishnuBhaarath/Leetcode,git@github.com:VishnuBhaarath/Leetcode.git,0
R_kgDOGlCSLw,2021-12-24T14:36:50Z,2026-03-26T13:55:04Z,2026-03-26T13:53:48Z,75,False,clobe,lenarddome/clobe,git@github.com:lenarddome/clobe.git,0
R_kgDOGlCL_A,2021-12-24T14:30:35Z,2026-03-23T19:06:21Z,2026-03-23T19:06:19Z,998,False,LeetCode-Questions,Aman149/LeetCode-Questions,git@github.com:Aman149/LeetCode-Questions.git,1
R_kgDOGlAOYw,2021-12-24T11:57:28Z,2026-03-07T01:28:33Z,2026-03-07T01:28:31Z,189,False,LeetCode-Questions,nityamittal/LeetCode-Questions,git@github.com:nityamittal/LeetCode-Questions.git,0
R_kgDOGlALbA,2021-12-24T11:53:40Z,2026-03-30T08:36:29Z,2026-03-30T08:36:25Z,30,False,TemperatureSensor,yakhira/TemperatureSensor,git@github.com:yakhira/TemperatureSensor.git,0
R_kgDOGk_26w,2021-12-24T11:27:13Z,2026-03-11T12:52:16Z,2026-03-03T23:16:00Z,41,False,wizmote-esphome,jesserockz/wizmote-esphome,git@github.com:jesserockz/wizmote-esphome.git,96
R_kgDOGk_HHA,2021-12-24T10:25:28Z,2026-05-05T18:16:55Z,2026-05-05T18:16:53Z,1473,False,LeetcodeSolutions,arpangoswami/LeetcodeSolutions,git@github.com:arpangoswami/LeetcodeSolutions.git,1
R_kgDOGk6T3A,2021-12-24T03:38:49Z,2026-03-08T03:20:17Z,2026-03-08T03:20:13Z,2718,False,jkornEngine,jkorn2324/jkornEngine,git@github.com:jkorn2324/jkornEngine.git,2
R_kgDOGk5f_Q,2021-12-24T02:18:32Z,2026-04-22T16:02:33Z,2026-04-22T16:03:52Z,487328,False,problemscpp,tategotoazarasi/problemscpp,git@github.com:tategotoazarasi/problemscpp.git,1
R_kgDOGk3ylw,2021-12-23T23:12:52Z,2026-05-02T02:17:47Z,2026-05-02T02:17:44Z,145780,True,orange,moments-behavior/orange,git@github.com:moments-behavior/orange.git,4
R_kgDOGk3new,2021-12-23T22:53:26Z,2026-04-04T16:25:35Z,2026-04-04T16:25:30Z,77150,False,Arduino-boat-bilgeAlarm,phorton1/Arduino-boat-bilgeAlarm,git@github.com:phorton1/Arduino-boat-bilgeAlarm.git,0
R_kgDOGk3Y0g,2021-12-23T22:29:00Z,2026-05-07T10:55:23Z,2026-05-07T10:56:12Z,153537,True,supla-device,SUPLA/supla-device,git@github.com:SUPLA/supla-device.git,55
R_kgDOGk0_2Q,2021-12-23T18:54:25Z,2026-04-30T23:34:12Z,2026-04-30T23:34:08Z,144,False,OpenSims2,ChrisNonyminus/OpenSims2,git@github.com:ChrisNonyminus/OpenSims2.git,2
R_kgDOGk0DRw,2021-12-23T17:42:37Z,2026-04-27T14:28:46Z,2026-05-04T14:57:35Z,31995,True,OpenKneeboard,OpenKneeboard/OpenKneeboard,git@github.com:OpenKneeboard/OpenKneeboard.git,340
R_kgDOGkzJxg,2021-12-23T16:40:42Z,2026-04-15T13:30:42Z,2026-03-30T17:48:53Z,1353,False,DStarGateway,F4FXL/DStarGateway,git@github.com:F4FXL/DStarGateway.git,18
R_kgDOGkyZtA,2021-12-23T15:51:49Z,2026-03-01T14:43:57Z,2026-03-01T14:43:54Z,140,False,b75,baseoursteps/b75,git@github.com:baseoursteps/b75.git,0
R_kgDOGkvxEg,2021-12-23T13:11:33Z,2026-03-18T19:09:56Z,2026-03-26T06:12:48Z,16,False,Toxedo91,Toxedo91/Toxedo91,git@github.com:Toxedo91/Toxedo91.git,0
R_kgDOGkuxiw,2021-12-23T12:06:27Z,2026-05-03T15:27:10Z,2026-05-03T15:27:06Z,59568,True,SCV,DCUSnSLab/SCV,git@github.com:DCUSnSLab/SCV.git,2
R_kgDOGkuvQw,2021-12-23T12:04:09Z,2026-05-06T16:28:25Z,2026-05-06T16:28:18Z,112,False,CrackOS2,NudelErde/CrackOS2,git@github.com:NudelErde/CrackOS2.git,0
R_kgDOGkusrQ,2021-12-23T12:01:33Z,2026-03-27T13:59:39Z,2026-03-27T13:59:34Z,11758,False,Cache_simu,zongy17/Cache_simu,git@github.com:zongy17/Cache_simu.git,2
R_kgDOGksp5Q,2021-12-23T09:47:20Z,2026-03-01T11:06:27Z,2026-03-01T11:06:24Z,38,False,ros2-mpu6050-driver,1222-takeshi/ros2-mpu6050-driver,git@github.com:1222-takeshi/ros2-mpu6050-driver.git,9
R_kgDOGksA3A,2021-12-23T09:05:49Z,2026-03-27T13:37:50Z,2026-03-27T13:37:40Z,14239,False,QSlim,zongy17/QSlim,git@github.com:zongy17/QSlim.git,6
R_kgDOGkr8QQ,2021-12-23T09:01:12Z,2026-03-27T13:44:27Z,2026-03-27T13:44:21Z,6312,False,Loop_Subdivision,zongy17/Loop_Subdivision,git@github.com:zongy17/Loop_Subdivision.git,0
R_kgDOGkom1g,2021-12-23T05:01:29Z,2026-04-11T02:00:43Z,2026-04-11T02:00:39Z,54,False,CPP_Practice_Questions,aniruddhnagar/CPP_Practice_Questions,git@github.com:aniruddhnagar/CPP_Practice_Questions.git,0
R_kgDOGkocJQ,2021-12-23T04:46:42Z,2026-03-11T13:11:50Z,2026-03-11T13:11:46Z,384,False,hello-world,nakul30/hello-world,git@github.com:nakul30/hello-world.git,0
R_kgDOGkoIwg,2021-12-23T04:17:31Z,2026-03-25T08:37:11Z,2026-03-25T08:37:32Z,504,False,minimal-cpp-library-template,walkacross/minimal-cpp-library-template,git@github.com:walkacross/minimal-cpp-library-template.git,2
R_kgDOGklzEg,2021-12-23T00:44:21Z,2026-05-04T21:51:46Z,2026-05-06T19:26:47Z,72260,False,Alpha,FlorentDeville/Alpha,git@github.com:FlorentDeville/Alpha.git,0
R_kgDOGkkpSw,2021-12-22T22:46:28Z,2026-04-21T17:21:26Z,2026-04-21T17:21:21Z,5440,False,YAGA,Nuno69/YAGA,git@github.com:Nuno69/YAGA.git,20
R_kgDOGkholw,2021-12-22T18:41:41Z,2026-03-01T09:53:31Z,2026-03-01T09:53:30Z,2344,False,PlacementPrep,harshaldevv/PlacementPrep,git@github.com:harshaldevv/PlacementPrep.git,0
R_kgDOGkhiNg,2021-12-22T18:34:41Z,2026-05-04T23:20:52Z,2026-05-04T23:21:10Z,6450,True,duneprototypes,DUNE/duneprototypes,git@github.com:DUNE/duneprototypes.git,0
R_kgDOGkf17w,2021-12-22T16:43:27Z,2026-04-23T14:18:50Z,2026-04-23T14:18:19Z,13393,True,AndromedaSpectrumAnalyzer,AndromedaSignalLab/AndromedaSpectrumAnalyzer,git@github.com:AndromedaSignalLab/AndromedaSpectrumAnalyzer.git,1
R_kgDOGkf03g,2021-12-22T16:42:24Z,2026-05-04T08:26:20Z,2026-05-04T08:26:16Z,4846,True,ModPlugPlayer,ModPlugPlayer/ModPlugPlayer,git@github.com:ModPlugPlayer/ModPlugPlayer.git,7
R_kgDOGkeiLg,2021-12-22T15:27:28Z,2026-05-05T14:14:05Z,2026-05-05T14:13:51Z,748,False,dynamic_trajectory_generator,miferco97/dynamic_trajectory_generator,git@github.com:miferco97/dynamic_trajectory_generator.git,8
R_kgDOGkbnDA,2021-12-22T12:42:41Z,2026-05-06T21:25:06Z,2026-05-06T21:25:02Z,527,False,AlgorithmStudy,Jun0S2/AlgorithmStudy,git@github.com:Jun0S2/AlgorithmStudy.git,1
R_kgDOGkarqQ,2021-12-22T11:43:54Z,2026-04-21T13:19:08Z,2026-04-21T13:19:03Z,2032,True,armada_resources,uml-robotics/armada_resources,git@github.com:uml-robotics/armada_resources.git,1
R_kgDOGkZyQg,2021-12-22T10:47:20Z,2026-05-06T08:23:18Z,2026-05-06T08:25:35Z,14495,True,agc,refresh-bio/agc,git@github.com:refresh-bio/agc.git,180
R_kgDOGkZqGQ,2021-12-22T10:39:42Z,2026-04-21T17:34:08Z,2026-04-21T17:34:04Z,26491,False,IntelliNote,mihaimoga/IntelliNote,git@github.com:mihaimoga/IntelliNote.git,1
R_kgDOGkVUZQ,2021-12-22T06:04:55Z,2026-04-14T12:48:54Z,2026-04-14T12:48:50Z,174353,False,leetcode-note,Quitino/leetcode-note,git@github.com:Quitino/leetcode-note.git,0
R_kgDOGkSYYw,2021-12-22T01:56:08Z,2026-03-18T14:14:29Z,2026-04-20T17:41:41Z,360,False,libudjathttp,PerryWerneck/libudjathttp,git@github.com:PerryWerneck/libudjathttp.git,0
R_kgDOGkQObg,2021-12-21T22:32:53Z,2026-04-05T12:18:47Z,2026-04-05T12:18:40Z,2839,False,core,MartinNikolovMarinov/core,git@github.com:MartinNikolovMarinov/core.git,0
R_kgDOGkPsOg,2021-12-21T21:49:37Z,2026-03-26T22:02:57Z,2026-03-26T22:02:54Z,34,False,MyHA,rwagnervm/MyHA,git@github.com:rwagnervm/MyHA.git,0
R_kgDOGkOanw,2021-12-21T20:08:31Z,2026-03-21T21:58:19Z,2026-03-21T21:58:16Z,8,False,c8,adembudak/c8,git@github.com:adembudak/c8.git,1
R_kgDOGkKdWw,2021-12-21T16:00:29Z,2026-05-07T10:44:05Z,2026-05-07T10:44:01Z,5154,False,ChrysaLib,vygr/ChrysaLib,git@github.com:vygr/ChrysaLib.git,10
R_kgDOGkJIyQ,2021-12-21T14:49:28Z,2026-05-03T01:15:18Z,2026-05-03T01:15:14Z,9684,False,ammonite-engine,stuarthayhurst/ammonite-engine,git@github.com:stuarthayhurst/ammonite-engine.git,3
R_kgDOGkIulQ,2021-12-21T14:29:03Z,2026-05-05T16:16:27Z,2026-04-24T14:56:43Z,275,True,clap-juce-extensions,free-audio/clap-juce-extensions,git@github.com:free-audio/clap-juce-extensions.git,201
R_kgDOGkGAfw,2021-12-21T11:55:32Z,2026-04-20T18:17:30Z,2026-04-20T18:17:26Z,1075,True,cbn-20170912,alibabacloud-sdk-cpp/cbn-20170912,git@github.com:alibabacloud-sdk-cpp/cbn-20170912.git,0
R_kgDOGkDYMg,2021-12-21T09:17:54Z,2026-04-21T11:23:23Z,2026-04-21T11:23:20Z,370,True,cas-20200407,alibabacloud-sdk-cpp/cas-20200407,git@github.com:alibabacloud-sdk-cpp/cas-20200407.git,0
R_kgDOGkDKzA,2021-12-21T09:05:34Z,2026-04-27T15:18:54Z,2026-04-27T15:15:41Z,9437,False,GD32F107RC-DMX512-RDM,vanvught/GD32F107RC-DMX512-RDM,git@github.com:vanvught/GD32F107RC-DMX512-RDM.git,8
R_kgDOGkBcQA,2021-12-21T07:17:44Z,2026-04-02T22:39:56Z,2026-04-02T22:39:53Z,15022,False,fambot,rasyt123/fambot,git@github.com:rasyt123/fambot.git,2
R_kgDOGj_1xA,2021-12-21T05:20:57Z,2026-04-24T14:52:30Z,2026-04-24T14:52:26Z,660,False,fsds,Ebony-Ayers/fsds,git@github.com:Ebony-Ayers/fsds.git,0
R_kgDOGj5XQA,2021-12-20T20:05:00Z,2026-04-19T14:15:38Z,2026-04-19T14:15:34Z,996,False,TonyTools,AnthonyFuller/TonyTools,git@github.com:AnthonyFuller/TonyTools.git,4
R_kgDOGj4Zxw,2021-12-20T19:00:30Z,2026-04-29T13:44:26Z,2026-04-28T19:31:00Z,3567,True,gfastats,vgl-hub/gfastats,git@github.com:vgl-hub/gfastats.git,122
R_kgDOGj3GGA,2021-12-20T17:37:37Z,2026-05-04T23:22:59Z,2026-05-04T23:23:04Z,4258,True,protoduneana,DUNE/protoduneana,git@github.com:DUNE/protoduneana.git,1
R_kgDOGj2l9w,2021-12-20T17:07:45Z,2026-04-10T15:13:28Z,2026-04-10T15:13:23Z,5144,True,Registration,sofa-framework/Registration,git@github.com:sofa-framework/Registration.git,4
R_kgDOGj1vLA,2021-12-20T16:20:47Z,2026-03-26T01:00:16Z,2026-03-26T01:00:12Z,7844,False,CppNoteBook,CHZarles/CppNoteBook,git@github.com:CHZarles/CppNoteBook.git,0
R_kgDOGjzobA,2021-12-20T14:29:09Z,2026-05-04T23:21:28Z,2026-05-05T23:32:21Z,123601,True,dunereco,DUNE/dunereco,git@github.com:DUNE/dunereco.git,3
R_kgDOGjzoNA,2021-12-20T14:28:59Z,2026-05-04T23:20:41Z,2026-05-04T23:20:44Z,2474,True,duneopdet,DUNE/duneopdet,git@github.com:DUNE/duneopdet.git,2
R_kgDOGjzn5g,2021-12-20T14:28:45Z,2026-05-04T23:19:51Z,2026-05-04T23:19:56Z,982,True,dunecalib,DUNE/dunecalib,git@github.com:DUNE/dunecalib.git,0
R_kgDOGjznqQ,2021-12-20T14:28:35Z,2026-05-04T23:21:36Z,2026-05-04T23:21:38Z,6751,True,dunesim,DUNE/dunesim,git@github.com:DUNE/dunesim.git,4
R_kgDOGjznRA,2021-12-20T14:28:19Z,2026-05-04T23:19:40Z,2026-05-04T23:19:44Z,4285,True,duneana,DUNE/duneana,git@github.com:DUNE/duneana.git,2
R_kgDOGjzmhg,2021-12-20T14:27:47Z,2026-05-04T23:20:25Z,2026-05-04T23:20:21Z,2632,True,dunedataprep,DUNE/dunedataprep,git@github.com:DUNE/dunedataprep.git,0
R_kgDOGjyvcw,2021-12-20T13:44:03Z,2026-04-02T11:35:44Z,2026-04-02T11:35:41Z,1831,False,repr-format-node-util,aiwenar/repr-format-node-util,git@github.com:aiwenar/repr-format-node-util.git,0
R_kgDOGjyj_w,2021-12-20T13:34:40Z,2026-03-11T17:34:39Z,2026-03-11T17:34:35Z,18930,True,tiffany,Penguin-Lab/tiffany,git@github.com:Penguin-Lab/tiffany.git,4
R_kgDOGjxUkA,2021-12-20T12:24:36Z,2026-03-05T17:35:31Z,2026-03-05T17:35:27Z,53,False,3d-viewer,MerlinYyo/3d-viewer,git@github.com:MerlinYyo/3d-viewer.git,0
R_kgDOGjwcyQ,2021-12-20T11:33:29Z,2026-05-07T08:26:06Z,2026-05-07T11:27:24Z,46764,True,EVerest,EVerest/EVerest,git@github.com:EVerest/EVerest.git,186
R_kgDOGjvXGA,2021-12-20T10:29:06Z,2026-05-03T15:59:47Z,2026-05-03T15:59:44Z,9550,False,gpx2video,progweb/gpx2video,git@github.com:progweb/gpx2video.git,300
R_kgDOGjs1Bw,2021-12-20T07:59:21Z,2026-03-04T06:21:18Z,2026-03-04T06:21:15Z,173995,False,Motion-Planning-for-Mobile-Robots,mengchaoheng/Motion-Planning-for-Mobile-Robots,git@github.com:mengchaoheng/Motion-Planning-for-Mobile-Robots.git,0
R_kgDOGjq7QA,2021-12-20T05:48:21Z,2026-03-29T13:42:36Z,2026-03-29T13:42:33Z,81,False,prime,vishal340/prime,git@github.com:vishal340/prime.git,0
R_kgDOGjqdbw,2021-12-20T05:07:51Z,2026-04-14T15:42:18Z,2026-05-04T02:24:13Z,1496,False,cubecell-ogn-tracker,pjalocha/cubecell-ogn-tracker,git@github.com:pjalocha/cubecell-ogn-tracker.git,4
R_kgDOGjpc8w,2021-12-20T03:33:21Z,2026-04-12T16:17:40Z,2026-04-12T16:17:32Z,283861,False,tlib,TyskM/tlib,git@github.com:TyskM/tlib.git,2
R_kgDOGjpDww,2021-12-20T02:58:45Z,2026-05-05T02:05:07Z,2026-05-05T02:05:11Z,62152,False,cylinder_detect,Haoyi-SJTU/cylinder_detect,git@github.com:Haoyi-SJTU/cylinder_detect.git,3
R_kgDOGjo1TQ,2021-12-20T02:39:19Z,2026-04-16T19:03:34Z,2026-04-16T19:03:30Z,13391,False,Chess,tgriebel/Chess,git@github.com:tgriebel/Chess.git,0
R_kgDOGjnIsg,2021-12-19T23:57:11Z,2026-05-07T01:50:25Z,2026-05-07T01:50:21Z,73667,False,CompetitiveProgramming,perchuts/CompetitiveProgramming,git@github.com:perchuts/CompetitiveProgramming.git,0
R_kgDOGjjs5Q,2021-12-19T18:28:08Z,2026-05-06T14:35:12Z,2026-04-12T21:18:56Z,505685,True,android_device_google_gs101,LineageOS/android_device_google_gs101,git@github.com:LineageOS/android_device_google_gs101.git,10
R_kgDOGjhk1w,2021-12-19T15:48:19Z,2026-05-04T17:33:11Z,2026-05-04T17:33:08Z,250,False,Geeks-For-Geeks,Abbassadri786/Geeks-For-Geeks,git@github.com:Abbassadri786/Geeks-For-Geeks.git,0
R_kgDOGje_NQ,2021-12-19T12:44:54Z,2026-03-05T20:58:29Z,2026-03-05T20:58:25Z,3971,False,ied-dev,SlavicPotato/ied-dev,git@github.com:SlavicPotato/ied-dev.git,23
R_kgDOGjeJXA,2021-12-19T11:37:41Z,2026-03-18T03:37:25Z,2026-03-18T03:38:18Z,12,False,arduino-HzMeter,asukiaaa/arduino-HzMeter,git@github.com:asukiaaa/arduino-HzMeter.git,1
R_kgDOGjc-Sg,2021-12-19T09:55:29Z,2026-03-21T13:01:48Z,2026-03-21T13:03:23Z,495,False,ml_synth_pwm_osc_example,marcel-licence/ml_synth_pwm_osc_example,git@github.com:marcel-licence/ml_synth_pwm_osc_example.git,15
R_kgDOGjceIA,2021-12-19T09:10:09Z,2026-04-09T13:25:01Z,2026-04-09T13:25:32Z,3686,True,kaldifst,k2-fsa/kaldifst,git@github.com:k2-fsa/kaldifst.git,57
R_kgDOGjagIQ,2021-12-19T05:56:38Z,2026-04-27T06:39:53Z,2026-04-27T06:39:48Z,17648,False,Bravo,config101/Bravo,git@github.com:config101/Bravo.git,25
R_kgDOGjaPDw,2021-12-19T05:28:19Z,2026-04-23T11:30:38Z,2026-04-30T06:03:58Z,17857,True,s2e-core,ut-issl/s2e-core,git@github.com:ut-issl/s2e-core.git,63
R_kgDOGjWc8g,2021-12-18T21:47:01Z,2026-05-04T20:26:02Z,2026-05-04T20:31:31Z,104223,False,Kalman,FrancoisCarouge/Kalman,git@github.com:FrancoisCarouge/Kalman.git,69
R_kgDOGjVM2A,2021-12-18T19:42:18Z,2026-05-05T10:50:33Z,2026-05-05T10:51:26Z,16916,False,matchmaking_proxy,werto87/matchmaking_proxy,git@github.com:werto87/matchmaking_proxy.git,0
R_kgDOGjUN-g,2021-12-18T18:14:58Z,2026-05-04T22:24:36Z,2026-05-04T22:26:45Z,414,True,HeadsetControl-GUI,HeadsetControl-GUI/HeadsetControl-GUI,git@github.com:HeadsetControl-GUI/HeadsetControl-GUI.git,31
R_kgDOGjSBdg,2021-12-18T15:24:30Z,2026-03-01T00:19:33Z,2026-03-01T00:19:30Z,48,False,Angelscript-Documenter,SpehleonLP/Angelscript-Documenter,git@github.com:SpehleonLP/Angelscript-Documenter.git,0
R_kgDOGjRR5g,2021-12-18T14:30:48Z,2026-05-06T21:49:54Z,2026-05-06T22:01:03Z,46345,False,inverter-to-mqtt-esp8266,enide-electronics/inverter-to-mqtt-esp8266,git@github.com:enide-electronics/inverter-to-mqtt-esp8266.git,6
R_kgDOGjNJRg,2021-12-18T08:50:35Z,2026-04-30T21:26:50Z,2026-04-11T00:38:56Z,5566,False,mangareader,g-fb/mangareader,git@github.com:g-fb/mangareader.git,54
R_kgDOGjJIkw,2021-12-18T01:40:04Z,2026-03-30T19:10:19Z,2026-03-30T19:10:15Z,191,False,zeolite-async,ta0kira/zeolite-async,git@github.com:ta0kira/zeolite-async.git,1
R_kgDOGjH58g,2021-12-17T23:15:37Z,2026-03-09T13:32:10Z,2026-03-09T13:32:06Z,1564,False,brSkinBrush,guibab/brSkinBrush,git@github.com:guibab/brSkinBrush.git,4
R_kgDOGjHU_g,2021-12-17T22:16:31Z,2026-03-19T02:52:14Z,2026-03-19T02:52:40Z,13458,False,transportr,gregormcw/transportr,git@github.com:gregormcw/transportr.git,0
R_kgDOGjGkGQ,2021-12-17T21:10:04Z,2026-04-12T10:13:53Z,2026-04-12T10:13:47Z,268,False,WorkerQueue,kadirlua/WorkerQueue,git@github.com:kadirlua/WorkerQueue.git,4
R_kgDOGjFyFw,2021-12-17T20:08:34Z,2026-05-06T17:43:02Z,2026-05-06T18:28:22Z,24077,True,PolyMC,PolyMC/PolyMC,git@github.com:PolyMC/PolyMC.git,2026
R_kgDOGjFo2w,2021-12-17T19:58:12Z,2026-03-23T09:14:01Z,2026-04-08T05:32:41Z,4640,False,exprtk.js,mmomtchev/exprtk.js,git@github.com:mmomtchev/exprtk.js.git,15
R_kgDOGjE_SQ,2021-12-17T19:07:18Z,2026-05-07T03:53:10Z,2026-05-07T03:53:04Z,1416,False,gps_pvt,fenrir-naru/gps_pvt,git@github.com:fenrir-naru/gps_pvt.git,5
R_kgDOGjDpwg,2021-12-17T17:36:34Z,2026-05-06T19:45:02Z,2026-04-11T13:06:00Z,269064,False,dw-link,felias-fogg/dw-link,git@github.com:felias-fogg/dw-link.git,84
R_kgDOGjC4bg,2021-12-17T16:50:52Z,2026-04-05T14:31:01Z,2026-04-05T14:30:43Z,423726,False,Winscore,guybyars/Winscore,git@github.com:guybyars/Winscore.git,0
R_kgDOGjBoEA,2021-12-17T15:37:56Z,2026-04-08T06:01:46Z,2026-04-08T06:01:41Z,4839,True,lrstat,cran/lrstat,git@github.com:cran/lrstat.git,0
R_kgDOGi_B7g,2021-12-17T13:13:03Z,2026-04-01T03:56:41Z,2026-04-01T03:24:51Z,5334,False,student-manager,Ken-Chy129/student-manager,git@github.com:Ken-Chy129/student-manager.git,3
R_kgDOGi-ynQ,2021-12-17T13:00:12Z,2026-04-15T15:32:32Z,2026-04-15T15:32:29Z,594,True,zeekjs,corelight/zeekjs,git@github.com:corelight/zeekjs.git,8
R_kgDOGi83wQ,2021-12-17T10:57:07Z,2026-04-14T10:28:24Z,2026-04-14T10:28:16Z,438,False,tars,Ignacio-Perez/tars,git@github.com:Ignacio-Perez/tars.git,0
R_kgDOGi7Vhg,2021-12-17T09:23:52Z,2026-04-07T10:01:31Z,2026-04-07T10:01:26Z,1583,False,csuperalloc,jurgen-kluft/csuperalloc,git@github.com:jurgen-kluft/csuperalloc.git,1
R_kgDOGi44zg,2021-12-17T06:44:36Z,2026-05-03T16:48:35Z,2026-03-27T11:03:39Z,24426,True,wui,intent-garden/wui,git@github.com:intent-garden/wui.git,64
R_kgDOGi30aA,2021-12-17T05:21:17Z,2026-05-03T18:37:31Z,2026-05-07T00:19:13Z,51867,True,nebula,tier4/nebula,git@github.com:tier4/nebula.git,111
R_kgDOGi3x_w,2021-12-17T05:18:01Z,2026-03-28T19:23:57Z,2026-03-28T19:23:54Z,489,False,DSA-Learning,Piyusha1210/DSA-Learning,git@github.com:Piyusha1210/DSA-Learning.git,0
R_kgDOGizwuw,2021-12-16T23:20:48Z,2026-04-01T17:57:13Z,2026-03-28T02:16:04Z,13492,False,ps4-payload-guest,Al-Azif/ps4-payload-guest,git@github.com:Al-Azif/ps4-payload-guest.git,107
R_kgDOGizejA,2021-12-16T22:53:48Z,2026-04-07T13:12:37Z,2026-04-07T13:12:33Z,852,False,SDLGameEngine,michaljj/SDLGameEngine,git@github.com:michaljj/SDLGameEngine.git,0
R_kgDOGiyo5w,2021-12-16T21:41:36Z,2026-05-06T04:36:46Z,2026-05-06T04:38:11Z,20808,False,x-IMU3-Software,xioTechnologies/x-IMU3-Software,git@github.com:xioTechnologies/x-IMU3-Software.git,54
R_kgDOGiyjdw,2021-12-16T21:35:00Z,2026-05-06T09:30:26Z,2026-03-27T15:18:20Z,532,False,zpp_bits,eyalz800/zpp_bits,git@github.com:eyalz800/zpp_bits.git,965
R_kgDOGiyAOQ,2021-12-16T20:53:18Z,2026-03-22T20:21:43Z,2026-03-22T20:21:39Z,1,False,cpp_programs,shreyascasturi/cpp_programs,git@github.com:shreyascasturi/cpp_programs.git,0
R_kgDOGiw8QA,2021-12-16T19:36:34Z,2026-04-18T22:40:15Z,2026-04-29T08:38:58Z,22865,False,library,data-depth/library,git@github.com:data-depth/library.git,9
R_kgDOGiuyrw,2021-12-16T17:20:18Z,2026-04-18T18:10:33Z,2026-04-14T10:30:43Z,153,False,UDP-Package-Analyzer,yasinemira/UDP-Package-Analyzer,git@github.com:yasinemira/UDP-Package-Analyzer.git,2
R_kgDOGiulQg,2021-12-16T17:07:42Z,2026-04-30T17:08:45Z,2026-05-06T22:34:35Z,5634197,False,Bemental77.github.io,Bemental77/Bemental77.github.io,git@github.com:Bemental77/Bemental77.github.io.git,0
R_kgDOGitDTA,2021-12-16T15:42:41Z,2026-03-31T13:44:54Z,2026-03-31T13:44:50Z,10,False,fritz-relayino,studiosacchetti/fritz-relayino,git@github.com:studiosacchetti/fritz-relayino.git,0
R_kgDOGisQHw,2021-12-16T15:01:46Z,2026-05-06T07:05:53Z,2026-05-06T07:05:58Z,279381,True,vulcanexus,eProsima/vulcanexus,git@github.com:eProsima/vulcanexus.git,30
R_kgDOGirINw,2021-12-16T14:06:27Z,2026-05-07T09:47:03Z,2026-05-07T09:46:57Z,38001,True,userver,userver-framework/userver,git@github.com:userver-framework/userver.git,2891
R_kgDOGiqlzw,2021-12-16T13:39:28Z,2026-04-21T17:20:25Z,2026-04-27T19:35:45Z,77876,False,GDH,TobyAdd/GDH,git@github.com:TobyAdd/GDH.git,250
R_kgDOGiqTXg,2021-12-16T13:24:13Z,2026-05-02T18:43:04Z,2026-05-02T18:43:01Z,1162,False,study-Algorithm,joyjhm/study-Algorithm,git@github.com:joyjhm/study-Algorithm.git,0
R_kgDOGijI0g,2021-12-16T06:14:36Z,2026-05-07T08:42:30Z,2026-05-07T08:42:26Z,1115,False,leetcode-daily-october-hacktoberfest-2025,Elxeo/leetcode-daily-october-hacktoberfest-2025,git@github.com:Elxeo/leetcode-daily-october-hacktoberfest-2025.git,0
R_kgDOGifrjg,2021-12-16T01:29:41Z,2026-04-17T14:56:43Z,2026-04-17T14:56:40Z,195,False,c-utils,lifegpc/c-utils,git@github.com:lifegpc/c-utils.git,0
R_kgDOGiedsg,2021-12-15T23:38:57Z,2026-05-07T10:08:16Z,2026-05-07T06:34:49Z,62488,True,Sunshine,LizardByte/Sunshine,git@github.com:LizardByte/Sunshine.git,36737
R_kgDOGid81w,2021-12-15T22:51:55Z,2026-05-02T12:47:21Z,2026-05-02T12:47:17Z,3227,False,Exodus_delay,MayTiger877/Exodus_delay,git@github.com:MayTiger877/Exodus_delay.git,1
R_kgDOGiY4yg,2021-12-15T17:16:21Z,2026-04-25T11:41:45Z,2026-04-25T11:41:41Z,19493,True,solon-examples,opensolon/solon-examples,git@github.com:opensolon/solon-examples.git,21
R_kgDOGiW3mg,2021-12-15T15:29:53Z,2026-05-06T12:40:49Z,2026-04-20T08:03:15Z,146,True,Noise_plethora,Befaco/Noise_plethora,git@github.com:Befaco/Noise_plethora.git,13
R_kgDOGiWibw,2021-12-15T15:12:44Z,2026-03-20T14:10:18Z,2026-03-20T14:10:06Z,39320,False,webrtc_snippets,walterfan/webrtc_snippets,git@github.com:walterfan/webrtc_snippets.git,4
R_kgDOGiVg8w,2021-12-15T14:23:22Z,2026-04-30T14:32:49Z,2026-04-30T14:29:44Z,27108,False,unimi-embedded-project,grobx/unimi-embedded-project,git@github.com:grobx/unimi-embedded-project.git,1
R_kgDOGiS8gQ,2021-12-15T12:06:30Z,2026-03-17T18:33:02Z,2026-03-17T18:32:58Z,45,True,eth-utils,xaya/eth-utils,git@github.com:xaya/eth-utils.git,1
R_kgDOGiS2fw,2021-12-15T12:01:06Z,2026-04-25T10:04:08Z,2026-05-01T10:13:51Z,220507,False,OloEngineBase,drsnuggles8/OloEngineBase,git@github.com:drsnuggles8/OloEngineBase.git,16
R_kgDOGiSz4g,2021-12-15T11:59:04Z,2026-04-09T22:28:46Z,2026-04-09T22:28:40Z,285,False,XFileInfo,horsicq/XFileInfo,git@github.com:horsicq/XFileInfo.git,4
R_kgDOGiSoZg,2021-12-15T11:48:18Z,2026-04-09T13:08:00Z,2026-03-25T08:57:38Z,1210,False,ModelVariations,ViperJohnGR/ModelVariations,git@github.com:ViperJohnGR/ModelVariations.git,23
R_kgDOGiSWdg,2021-12-15T11:32:19Z,2026-05-01T17:02:41Z,2026-05-01T17:02:36Z,110304,False,SuperBot,kimphg/SuperBot,git@github.com:kimphg/SuperBot.git,1
R_kgDOGiMTuw,2021-12-15T05:29:18Z,2026-03-03T01:50:41Z,2026-03-03T01:50:38Z,1954,True,singlepp,SingleR-inc/singlepp,git@github.com:SingleR-inc/singlepp.git,1
R_kgDOGiL43A,2021-12-15T04:56:43Z,2026-04-16T12:29:05Z,2026-04-27T00:35:20Z,38115,False,apple-swift-http-structured-headers-podspec,nnsnodnb/apple-swift-http-structured-headers-podspec,git@github.com:nnsnodnb/apple-swift-http-structured-headers-podspec.git,2
R_kgDOGiKlLQ,2021-12-15T03:10:42Z,2026-04-03T02:36:54Z,2026-04-03T02:36:50Z,228,True,ciostream,mballance-utils/ciostream,git@github.com:mballance-utils/ciostream.git,4
R_kgDOGiIaTA,2021-12-15T00:24:19Z,2026-05-01T10:13:16Z,2026-05-01T10:13:13Z,2839,False,machine-learning-from-scratch,Quizznor/machine-learning-from-scratch,git@github.com:Quizznor/machine-learning-from-scratch.git,0
R_kgDOGiIWjw,2021-12-15T00:19:29Z,2026-03-24T04:49:13Z,2026-03-24T04:49:08Z,80978,False,toost,TheGreatRambler/toost,git@github.com:TheGreatRambler/toost.git,71
R_kgDOGiFjsA,2021-12-14T20:48:25Z,2026-03-08T22:37:31Z,2026-03-08T22:37:26Z,750486,False,diggable,shtroizel/diggable,git@github.com:shtroizel/diggable.git,0
R_kgDOGiEd1A,2021-12-14T19:38:01Z,2026-05-03T17:18:51Z,2026-04-22T18:57:14Z,208,False,nontype_functional,zhihaoy/nontype_functional,git@github.com:zhihaoy/nontype_functional.git,71
R_kgDOGiCxWA,2021-12-14T17:57:09Z,2026-04-14T15:19:36Z,2026-04-14T15:18:39Z,1952,False,problem-solving,zudydy/problem-solving,git@github.com:zudydy/problem-solving.git,0
R_kgDOGiAwrg,2021-12-14T16:07:57Z,2026-03-26T10:14:45Z,2026-03-26T10:14:41Z,72,False,LC400_cpp,srhuang/LC400_cpp,git@github.com:srhuang/LC400_cpp.git,0
R_kgDOGh88XQ,2021-12-14T13:01:53Z,2026-05-06T22:22:07Z,2026-05-06T22:22:03Z,76294,False,multipers,DavidLapous/multipers,git@github.com:DavidLapous/multipers.git,40
R_kgDOGhxBzA,2021-12-13T23:50:06Z,2026-03-05T04:00:16Z,2026-03-05T04:00:12Z,49,False,asDictionaryJSON,SpehleonLP/asDictionaryJSON,git@github.com:SpehleonLP/asDictionaryJSON.git,0
R_kgDOGhvOeA,2021-12-13T21:27:20Z,2026-04-16T14:15:42Z,2026-04-16T14:18:05Z,63,False,Reflections_2.0,recluse-audio/Reflections_2.0,git@github.com:recluse-audio/Reflections_2.0.git,0
R_kgDOGhvJ7A,2021-12-13T21:22:31Z,2026-04-14T03:48:27Z,2026-04-14T03:48:19Z,187645,False,Rompler_2.0,recluse-audio/Rompler_2.0,git@github.com:recluse-audio/Rompler_2.0.git,0
R_kgDOGhufFQ,2021-12-13T20:38:45Z,2026-05-06T16:01:28Z,2026-05-06T16:00:14Z,21103,False,Pulsar_2.1,recluse-audio/Pulsar_2.1,git@github.com:recluse-audio/Pulsar_2.1.git,2
R_kgDOGhs4gQ,2021-12-13T19:01:29Z,2026-05-06T19:48:28Z,2026-05-06T19:48:24Z,50,True,larvecutils,LArSoft/larvecutils,git@github.com:LArSoft/larvecutils.git,0
R_kgDOGhn67A,2021-12-13T14:44:23Z,2026-03-15T14:52:48Z,2026-03-15T14:52:45Z,11,False,locomotion_sync,huangfeidian/locomotion_sync,git@github.com:huangfeidian/locomotion_sync.git,1
R_kgDOGhmZEA,2021-12-13T13:33:01Z,2026-05-03T20:30:58Z,2026-04-17T14:48:42Z,31343,False,bratmobile,glafratta/bratmobile,git@github.com:glafratta/bratmobile.git,3
R_kgDOGhmSqw,2021-12-13T13:28:15Z,2026-04-27T08:45:54Z,2026-04-27T08:39:26Z,158,False,HWTinySTL,hewei-bit/HWTinySTL,git@github.com:hewei-bit/HWTinySTL.git,0
R_kgDOGhl-1A,2021-12-13T13:12:26Z,2026-03-30T17:59:05Z,2026-03-30T17:59:01Z,174,False,LC,Shr3yash/LC,git@github.com:Shr3yash/LC.git,4
R_kgDOGhl3Kw,2021-12-13T13:06:18Z,2026-05-07T05:56:49Z,2026-05-06T16:52:37Z,11591,True,franka_ros2,frankarobotics/franka_ros2,git@github.com:frankarobotics/franka_ros2.git,332
R_kgDOGhknXw,2021-12-13T12:01:10Z,2026-04-29T18:37:42Z,2026-04-29T18:37:37Z,3634,False,sago_multi_scrambler_puzzle2,sago007/sago_multi_scrambler_puzzle2,git@github.com:sago007/sago_multi_scrambler_puzzle2.git,0
R_kgDOGhkLSw,2021-12-13T11:36:10Z,2026-03-09T05:49:56Z,2026-03-09T05:49:52Z,11,False,arduino_trial,deltaboukensha/arduino_trial,git@github.com:deltaboukensha/arduino_trial.git,0
R_kgDOGhjBNg,2021-12-13T10:30:50Z,2026-05-02T14:22:52Z,2026-05-02T14:22:48Z,92648,False,RHI,AbdullahAmrSobh/RHI,git@github.com:AbdullahAmrSobh/RHI.git,1
R_kgDOGhg6OQ,2021-12-13T08:38:08Z,2026-05-06T12:22:56Z,2026-03-02T03:48:33Z,243,True,xiloader,LandSandBoat/xiloader,git@github.com:LandSandBoat/xiloader.git,22
R_kgDOGhfw0g,2021-12-13T07:31:41Z,2026-03-31T18:02:54Z,2026-03-31T18:02:46Z,1314,True,config-20200907,alibabacloud-sdk-cpp/config-20200907,git@github.com:alibabacloud-sdk-cpp/config-20200907.git,0
R_kgDOGhYmnw,2021-12-12T21:22:21Z,2026-05-06T23:07:03Z,2026-05-06T23:06:59Z,685,False,rpl,noah-ftnx/rpl,git@github.com:noah-ftnx/rpl.git,1
R_kgDOGhWYHA,2021-12-12T18:20:09Z,2026-04-28T19:48:47Z,2026-04-28T19:48:43Z,52175,False,programming_puzzles,jhanschoo/programming_puzzles,git@github.com:jhanschoo/programming_puzzles.git,0
R_kgDOGhSUZQ,2021-12-12T13:41:53Z,2026-03-07T23:49:25Z,2026-03-07T23:49:22Z,178943,False,DFGEngine,AkliDev/DFGEngine,git@github.com:AkliDev/DFGEngine.git,0
R_kgDOGhSB1w,2021-12-12T13:22:20Z,2026-05-07T08:03:07Z,2026-05-02T09:47:38Z,196963,False,RandomParadox,panik4/RandomParadox,git@github.com:panik4/RandomParadox.git,74
R_kgDOGhOQJA,2021-12-12T08:18:14Z,2026-04-08T08:00:16Z,2026-04-08T08:00:08Z,24,False,cpphub,richtofen935/cpphub,git@github.com:richtofen935/cpphub.git,0
R_kgDOGhNzzw,2021-12-12T07:37:42Z,2026-04-19T05:33:43Z,2026-04-19T05:33:39Z,110,False,sx12xx-lib,olliw42/sx12xx-lib,git@github.com:olliw42/sx12xx-lib.git,5
R_kgDOGhMePw,2021-12-12T05:25:23Z,2026-04-11T12:56:28Z,2026-03-16T07:16:23Z,17565,True,RTduino,RTduino/RTduino,git@github.com:RTduino/RTduino.git,106
R_kgDOGhL2tQ,2021-12-12T04:16:12Z,2026-04-23T19:39:36Z,2026-04-23T19:39:32Z,183,False,tgp-simple-cockpit-slew,ampersand38/tgp-simple-cockpit-slew,git@github.com:ampersand38/tgp-simple-cockpit-slew.git,1
R_kgDOGhKciA,2021-12-12T01:31:41Z,2026-03-02T03:16:09Z,2026-03-02T03:16:06Z,2434,False,LearningToCode,WNegron/LearningToCode,git@github.com:WNegron/LearningToCode.git,0
R_kgDOGhJMlQ,2021-12-11T23:01:04Z,2026-04-12T15:47:33Z,2026-04-12T15:47:29Z,1148,False,os,jsnal/os,git@github.com:jsnal/os.git,0
R_kgDOGhI_0w,2021-12-11T22:39:38Z,2026-03-01T00:08:43Z,2026-03-01T00:08:40Z,147,False,Ejercicios_C_Plus_Plus,EduF1g/Ejercicios_C_Plus_Plus,git@github.com:EduF1g/Ejercicios_C_Plus_Plus.git,0
R_kgDOGhF07Q,2021-12-11T17:53:08Z,2026-04-05T05:38:02Z,2026-04-05T05:37:58Z,737,False,MyLeetcodeSolution,BLBT1/MyLeetcodeSolution,git@github.com:BLBT1/MyLeetcodeSolution.git,0
R_kgDOGhFgkA,2021-12-11T17:29:23Z,2026-04-28T17:08:42Z,2026-04-28T17:15:01Z,956,False,BlackRockCityFakeWiFi,PhotoKevin/BlackRockCityFakeWiFi,git@github.com:PhotoKevin/BlackRockCityFakeWiFi.git,0
R_kgDOGhD5Ig,2021-12-11T15:34:47Z,2026-05-06T08:31:08Z,2026-05-06T08:31:04Z,27710,False,polyregion,tom91136/polyregion,git@github.com:tom91136/polyregion.git,1
R_kgDOGhDjJw,2021-12-11T15:10:59Z,2026-05-02T10:39:25Z,2026-05-02T10:39:21Z,2299,False,retro-brick-game-raylib,beercanx/retro-brick-game-raylib,git@github.com:beercanx/retro-brick-game-raylib.git,0
R_kgDOGhDX4w,2021-12-11T14:58:56Z,2026-04-19T01:11:08Z,2026-04-19T01:11:03Z,241,False,rtorrent-ps.nix,SimSaladin/rtorrent-ps.nix,git@github.com:SimSaladin/rtorrent-ps.nix.git,0
R_kgDOGg_XLQ,2021-12-11T10:00:42Z,2026-05-07T08:54:59Z,2026-05-07T09:11:06Z,25248,True,dragonfly,dragonflydb/dragonfly,git@github.com:dragonflydb/dragonfly.git,30444
R_kgDOGg9sXQ,2021-12-11T07:36:48Z,2026-05-05T09:20:54Z,2026-05-05T09:20:51Z,740,False,atcoder,takashigoto1207/atcoder,git@github.com:takashigoto1207/atcoder.git,0
R_kgDOGg7grg,2021-12-11T04:00:11Z,2026-04-10T17:45:25Z,2026-04-10T17:45:19Z,457,True,cspp-memtable,topling/cspp-memtable,git@github.com:topling/cspp-memtable.git,9
R_kgDOGg6zzg,2021-12-11T02:49:25Z,2026-04-29T09:00:39Z,2026-04-29T09:00:35Z,3904,True,XEngine_ProxyServer,libxengine/XEngine_ProxyServer,git@github.com:libxengine/XEngine_ProxyServer.git,2
R_kgDOGg6uSw,2021-12-11T02:40:27Z,2026-04-15T17:19:43Z,2026-04-15T17:20:46Z,891,False,CPP-Backend,PAHdb/CPP-Backend,git@github.com:PAHdb/CPP-Backend.git,0
R_kgDOGg5_aQ,2021-12-11T01:21:36Z,2026-03-21T06:24:38Z,2026-03-21T06:24:35Z,52,False,WinRTToolbox,StevoGTA/WinRTToolbox,git@github.com:StevoGTA/WinRTToolbox.git,0
R_kgDOGg55HQ,2021-12-11T01:09:59Z,2026-04-21T05:20:46Z,2026-04-21T05:20:42Z,5053,False,LCVA,richardli/LCVA,git@github.com:richardli/LCVA.git,0
R_kgDOGguy-A,2021-12-10T12:38:40Z,2026-03-05T06:51:18Z,2026-03-05T06:51:14Z,4652,False,Starfish,MUCZ/Starfish,git@github.com:MUCZ/Starfish.git,1
R_kgDOGgp2SQ,2021-12-10T07:43:47Z,2026-03-20T07:45:43Z,2026-03-20T07:45:40Z,5,False,University_ImageProcessing_And_Encryption,We1Ray/University_ImageProcessing_And_Encryption,git@github.com:We1Ray/University_ImageProcessing_And_Encryption.git,0
R_kgDOGgnx8w,2021-12-10T05:18:33Z,2026-04-13T06:52:49Z,2026-03-26T03:09:50Z,93890,False,mp4v2-2.0.0,Nomidia/mp4v2-2.0.0,git@github.com:Nomidia/mp4v2-2.0.0.git,5
R_kgDOGgnLYQ,2021-12-10T04:27:39Z,2026-03-05T02:51:06Z,2026-04-01T13:07:43Z,772,False,DataStructure_and_Algorithm,chunghsinghua/DataStructure_and_Algorithm,git@github.com:chunghsinghua/DataStructure_and_Algorithm.git,0
R_kgDOGgm4JA,2021-12-10T04:01:20Z,2026-05-02T06:16:39Z,2026-05-02T06:16:37Z,427,False,CrashLoggerSSE,alandtse/CrashLoggerSSE,git@github.com:alandtse/CrashLoggerSSE.git,22
R_kgDOGgmDlA,2021-12-10T02:54:45Z,2026-03-14T02:43:43Z,2026-03-14T02:45:09Z,20046,False,damping-dolphin,TLCFEM/damping-dolphin,git@github.com:TLCFEM/damping-dolphin.git,2
R_kgDOGghYfg,2021-12-09T20:38:01Z,2026-04-28T15:55:44Z,2026-04-28T15:54:36Z,773,False,iotic,mincequi/iotic,git@github.com:mincequi/iotic.git,12
R_kgDOGgf_Rg,2021-12-09T19:08:21Z,2026-05-07T06:06:46Z,2026-05-07T06:06:26Z,36016,True,FunGT,FunGTs/FunGT,git@github.com:FunGTs/FunGT.git,1
R_kgDOGgdsVQ,2021-12-09T16:56:52Z,2026-04-27T07:42:54Z,2026-04-27T07:46:17Z,3254,False,SpNS,adalbal/SpNS,git@github.com:adalbal/SpNS.git,4
R_kgDOGgaiuw,2021-12-09T14:15:35Z,2026-04-07T07:50:03Z,2026-04-07T07:49:58Z,121,False,mc_xsens_plugin,arntanguy/mc_xsens_plugin,git@github.com:arntanguy/mc_xsens_plugin.git,0
R_kgDOGgagUQ,2021-12-09T14:13:45Z,2026-04-29T23:12:27Z,2026-04-29T23:12:22Z,90,True,hamsterfiler,maemo-leste-extras/hamsterfiler,git@github.com:maemo-leste-extras/hamsterfiler.git,0
R_kgDOGgXsxA,2021-12-09T11:43:57Z,2026-05-02T19:08:28Z,2026-04-23T18:49:51Z,523,False,ext,Pennywise007/ext,git@github.com:Pennywise007/ext.git,3
R_kgDOGgU49w,2021-12-09T09:08:24Z,2026-05-05T09:30:47Z,2026-03-27T06:50:14Z,40110,False,ShowJCR,hitfyd/ShowJCR,git@github.com:hitfyd/ShowJCR.git,393
R_kgDOGgSIpQ,2021-12-09T06:18:22Z,2026-05-05T03:36:04Z,2026-05-05T03:36:00Z,580,False,Revette,pirhosig/Revette,git@github.com:pirhosig/Revette.git,0
R_kgDOGgJRpQ,2021-12-08T18:57:02Z,2026-03-20T15:03:55Z,2026-03-20T15:03:51Z,7,False,Snakegame,perpetual-cosmos/Snakegame,git@github.com:perpetual-cosmos/Snakegame.git,1
R_kgDOGgIDbA,2021-12-08T17:46:38Z,2026-03-20T14:58:32Z,2026-03-20T14:58:21Z,9,False,Project-CMS,perpetual-cosmos/Project-CMS,git@github.com:perpetual-cosmos/Project-CMS.git,1
R_kgDOGgFrPg,2021-12-08T15:38:55Z,2026-04-15T14:09:04Z,2026-04-15T14:08:51Z,670,True,qlcal,cran/qlcal,git@github.com:cran/qlcal.git,0
R_kgDOGgEPrQ,2021-12-08T14:28:36Z,2026-04-02T20:53:34Z,2026-04-02T20:49:32Z,6962,False,My-Codes,51AN/My-Codes,git@github.com:51AN/My-Codes.git,0
R_kgDOGgDx5g,2021-12-08T14:06:13Z,2026-05-07T00:11:57Z,2026-04-27T09:36:51Z,96816,False,pangenie,eblerjana/pangenie,git@github.com:eblerjana/pangenie.git,168
R_kgDOGgByGg,2021-12-08T12:18:58Z,2026-05-05T12:35:50Z,2026-05-05T12:35:30Z,1355,True,duckdb-postgres,duckdb/duckdb-postgres,git@github.com:duckdb/duckdb-postgres.git,353
R_kgDOGgBxdA,2021-12-08T12:18:25Z,2026-04-15T14:47:04Z,2026-04-15T14:47:00Z,1097,True,gikwimi,Huessenbergnetz/gikwimi,git@github.com:Huessenbergnetz/gikwimi.git,0
R_kgDOGf8bMQ,2021-12-08T07:03:31Z,2026-05-03T22:59:17Z,2026-03-26T18:49:25Z,290,False,book_ros2,fmrico/book_ros2,git@github.com:fmrico/book_ros2.git,749
R_kgDOGf50QQ,2021-12-08T03:40:59Z,2026-04-19T03:53:09Z,2026-04-19T03:53:06Z,153,True,chalet-example-sdl,chalet-org/chalet-example-sdl,git@github.com:chalet-org/chalet-example-sdl.git,3
R_kgDOGf1jVw,2021-12-07T21:54:01Z,2026-03-05T19:57:31Z,2026-03-05T19:57:27Z,3159,False,quasar-srtm,echeu/quasar-srtm,git@github.com:echeu/quasar-srtm.git,2
R_kgDOGf1ikg,2021-12-07T21:53:12Z,2026-04-16T07:05:19Z,2026-04-16T07:05:43Z,5074,False,guipp,r3dl3g/guipp,git@github.com:r3dl3g/guipp.git,5
R_kgDOGf1K0w,2021-12-07T21:24:31Z,2026-03-01T13:02:05Z,2026-03-01T13:02:01Z,13803,False,music-tool,SamyBencherif/music-tool,git@github.com:SamyBencherif/music-tool.git,0
R_kgDOGf0GDQ,2021-12-07T20:08:31Z,2026-04-06T17:51:19Z,2026-04-06T17:50:56Z,459,False,Advent-of-Code,lukeflima/Advent-of-Code,git@github.com:lukeflima/Advent-of-Code.git,0
R_kgDOGfz86Q,2021-12-07T19:59:17Z,2026-04-14T15:48:48Z,2026-04-14T15:48:44Z,1123,True,ANARI-USD,NVIDIA-Omniverse/ANARI-USD,git@github.com:NVIDIA-Omniverse/ANARI-USD.git,19
R_kgDOGfzxog,2021-12-07T19:47:32Z,2026-04-12T15:48:17Z,2026-04-12T15:48:13Z,5500,True,RandBLAS,BallisticLA/RandBLAS,git@github.com:BallisticLA/RandBLAS.git,97
R_kgDOGfzKIg,2021-12-07T19:08:21Z,2026-04-22T20:42:42Z,2026-04-22T20:42:38Z,14785,True,qt-main-feedstock,conda-forge/qt-main-feedstock,git@github.com:conda-forge/qt-main-feedstock.git,5
R_kgDOGfylDA,2021-12-07T18:32:52Z,2026-05-07T10:23:51Z,2026-03-25T19:11:48Z,9946,True,TMC2209,janelia-arduino/TMC2209,git@github.com:janelia-arduino/TMC2209.git,309
R_kgDOGfyHmQ,2021-12-07T18:05:03Z,2026-05-04T09:27:51Z,2026-04-18T10:51:54Z,825379,False,AndroidDrive,GustavLindberg99/AndroidDrive,git@github.com:GustavLindberg99/AndroidDrive.git,160
R_kgDOGftSrA,2021-12-07T13:57:54Z,2026-05-01T21:54:46Z,2026-05-01T21:54:42Z,1477,True,pimc,DelMaestroGroup/pimc,git@github.com:DelMaestroGroup/pimc.git,24
R_kgDOGfshAg,2021-12-07T13:20:16Z,2026-04-01T13:23:10Z,2026-04-06T17:33:18Z,3682,True,cpp-benchmarking,ssciwr/cpp-benchmarking,git@github.com:ssciwr/cpp-benchmarking.git,10
R_kgDOGfrx0Q,2021-12-07T12:43:47Z,2026-04-08T09:49:21Z,2026-04-08T09:49:12Z,8335,False,warehouse,Sergeyego/warehouse,git@github.com:Sergeyego/warehouse.git,1
R_kgDOGfpLzg,2021-12-07T10:20:52Z,2026-03-26T12:47:36Z,2026-03-26T12:47:31Z,390,False,Mini_Spy,Springnine/Mini_Spy,git@github.com:Springnine/Mini_Spy.git,0
R_kgDOGfpA_w,2021-12-07T10:11:26Z,2026-03-26T12:48:10Z,2026-03-26T12:48:07Z,247,False,SpaceShip,Springnine/SpaceShip,git@github.com:Springnine/SpaceShip.git,0
R_kgDOGfoUjA,2021-12-07T09:33:52Z,2026-03-03T11:13:51Z,2026-03-03T11:12:41Z,307836,True,BloomLib,Flashlight-Games/BloomLib,git@github.com:Flashlight-Games/BloomLib.git,0
R_kgDOGflryw,2021-12-07T07:00:49Z,2026-04-01T18:21:06Z,2026-04-01T18:21:02Z,0,False,Flene,Flene/Flene,git@github.com:Flene/Flene.git,0
R_kgDOGflczg,2021-12-07T06:45:24Z,2026-05-07T11:14:14Z,2026-03-26T11:29:45Z,7674,False,ytdlp-interface,ErrorFlynn/ytdlp-interface,git@github.com:ErrorFlynn/ytdlp-interface.git,2998
R_kgDOGfgdYg,2021-12-07T00:22:03Z,2026-04-09T10:32:53Z,2026-04-09T10:18:26Z,9418,False,Predictdator,deadkex/Predictdator,git@github.com:deadkex/Predictdator.git,1
R_kgDOGfcRcg,2021-12-06T19:30:47Z,2026-04-26T17:46:27Z,2026-04-26T17:46:22Z,3416,False,wordclock_esp8266,techniccontroller/wordclock_esp8266,git@github.com:techniccontroller/wordclock_esp8266.git,46
R_kgDOGfb7Gg,2021-12-06T19:10:18Z,2026-04-23T15:40:38Z,2026-04-23T16:00:00Z,149,False,lpqtree,StongeEtienne/lpqtree,git@github.com:StongeEtienne/lpqtree.git,4
R_kgDOGfbCqQ,2021-12-06T18:20:06Z,2026-03-27T22:12:11Z,2026-03-27T22:12:07Z,9379,False,YABS,vthorrf/YABS,git@github.com:vthorrf/YABS.git,1
R_kgDOGfW5JQ,2021-12-06T14:46:05Z,2026-04-28T12:13:19Z,2026-04-28T12:13:12Z,194655,False,LightningEngine,AutoSync/LightningEngine,git@github.com:AutoSync/LightningEngine.git,0
R_kgDOGfTbzQ,2021-12-06T11:52:22Z,2026-04-30T12:27:05Z,2026-04-30T12:28:38Z,8643,True,zeek-agent-v2,zeek/zeek-agent-v2,git@github.com:zeek/zeek-agent-v2.git,90
R_kgDOGfTSsw,2021-12-06T11:44:39Z,2026-04-16T06:30:58Z,2026-04-16T06:30:55Z,281,False,util,r3dl3g/util,git@github.com:r3dl3g/util.git,0
R_kgDOGfSugg,2021-12-06T11:12:33Z,2026-03-26T13:00:09Z,2026-03-26T13:00:03Z,108,False,knotty-entrails,adamb924/knotty-entrails,git@github.com:adamb924/knotty-entrails.git,0
R_kgDOGfSXVA,2021-12-06T10:51:36Z,2026-04-16T06:46:34Z,2026-04-16T06:46:34Z,260,False,persistent,r3dl3g/persistent,git@github.com:r3dl3g/persistent.git,0
R_kgDOGfSAbw,2021-12-06T10:31:28Z,2026-04-16T06:50:21Z,2026-04-16T06:50:19Z,402,False,logging,r3dl3g/logging,git@github.com:r3dl3g/logging.git,0
R_kgDOGfQoUw,2021-12-06T09:18:42Z,2026-04-16T06:35:06Z,2026-04-16T06:35:05Z,88,False,testing,r3dl3g/testing,git@github.com:r3dl3g/testing.git,0
R_kgDOGfPF-w,2021-12-06T07:52:35Z,2026-04-09T09:28:12Z,2026-04-09T09:28:08Z,47,True,httpdns-20160201,alibabacloud-sdk-cpp/httpdns-20160201,git@github.com:alibabacloud-sdk-cpp/httpdns-20160201.git,0
R_kgDOGfNEqA,2021-12-06T05:37:34Z,2026-04-02T06:12:57Z,2026-04-02T06:12:52Z,680,False,coding-study,dapin1490/coding-study,git@github.com:dapin1490/coding-study.git,0
R_kgDOGfKgFQ,2021-12-06T02:05:45Z,2026-04-29T17:53:30Z,2026-04-29T17:53:23Z,322469,False,LPP,juanpallotta/LPP,git@github.com:juanpallotta/LPP.git,4
R_kgDOGfI61Q,2021-12-05T23:36:23Z,2026-04-01T01:14:39Z,2026-04-01T01:14:35Z,288,False,DigitalStablesEsp32Lib,arifainchtein/DigitalStablesEsp32Lib,git@github.com:arifainchtein/DigitalStablesEsp32Lib.git,0
R_kgDOGfI5yA,2021-12-05T23:34:42Z,2026-03-03T21:09:29Z,2026-04-17T15:02:59Z,76936,False,NWengine,Wildric-Auric/NWengine,git@github.com:Wildric-Auric/NWengine.git,31
R_kgDOGfH6uA,2021-12-05T21:59:30Z,2026-04-12T19:18:12Z,2026-04-16T16:48:41Z,436,False,MathLib,mr-mocap/MathLib,git@github.com:mr-mocap/MathLib.git,1
R_kgDOGfGY3Q,2021-12-05T19:50:35Z,2026-04-04T11:55:48Z,2026-04-04T13:04:53Z,252,False,Cpp-gRPC-Visual-Studio-Examples,thommyho/Cpp-gRPC-Visual-Studio-Examples,git@github.com:thommyho/Cpp-gRPC-Visual-Studio-Examples.git,10
R_kgDOGfF_PA,2021-12-05T19:18:38Z,2026-04-26T12:31:24Z,2026-04-26T12:31:20Z,1426,True,mx-samba-config,MX-Linux/mx-samba-config,git@github.com:MX-Linux/mx-samba-config.git,2
R_kgDOGfF-wQ,2021-12-05T19:18:08Z,2026-04-29T07:54:17Z,2026-05-06T23:17:16Z,23222,True,epiworld,UofUEpiBio/epiworld,git@github.com:UofUEpiBio/epiworld.git,7
R_kgDOGfFmRA,2021-12-05T18:47:57Z,2026-04-26T09:26:44Z,2026-04-26T09:26:37Z,1079905,False,180th-AC-Armoury,AdamLambert001/180th-AC-Armoury,git@github.com:AdamLambert001/180th-AC-Armoury.git,0
R_kgDOGfEOgQ,2021-12-05T17:06:18Z,2026-04-17T03:12:00Z,2026-04-03T20:35:28Z,603,False,raberu,jfalcou/raberu,git@github.com:jfalcou/raberu.git,35
R_kgDOGfA1Fw,2021-12-05T13:20:36Z,2026-04-30T20:57:35Z,2026-04-30T20:57:31Z,566,False,pznbdt,libelle17/pznbdt,git@github.com:libelle17/pznbdt.git,0
R_kgDOGe8vzQ,2021-12-05T07:51:02Z,2026-03-22T16:19:23Z,2026-03-22T16:19:20Z,3,False,statmon,flashbard/statmon,git@github.com:flashbard/statmon.git,0
R_kgDOGe7KDw,2021-12-05T05:13:55Z,2026-04-19T05:35:13Z,2026-04-19T05:35:07Z,147,False,sysrecycle,clinta74/sysrecycle,git@github.com:clinta74/sysrecycle.git,0
R_kgDOGe6LUA,2021-12-05T03:24:08Z,2026-03-14T17:19:22Z,2026-03-14T17:19:01Z,4543,False,unreal-fIrst-person-shooter-game,Abhineetnehra/unreal-fIrst-person-shooter-game,git@github.com:Abhineetnehra/unreal-fIrst-person-shooter-game.git,1
R_kgDOGe6KXg,2021-12-05T03:22:27Z,2026-03-02T11:08:16Z,2026-03-02T11:08:12Z,652,False,GeneralSneak,tomsons26/GeneralSneak,git@github.com:tomsons26/GeneralSneak.git,0
R_kgDOGe4g4w,2021-12-05T00:07:13Z,2026-03-14T02:45:50Z,2026-03-14T02:45:44Z,182389,False,SoftwarePixelRenderer,MILCODEBITBYTE/SoftwarePixelRenderer,git@github.com:MILCODEBITBYTE/SoftwarePixelRenderer.git,0
R_kgDOGe4ZPA,2021-12-04T23:53:22Z,2026-05-01T20:13:16Z,2026-04-10T15:19:35Z,1165,False,SubsystemBrowserPlugin,aquanox/SubsystemBrowserPlugin,git@github.com:aquanox/SubsystemBrowserPlugin.git,447
R_kgDOGe4AZA,2021-12-04T23:06:33Z,2026-04-10T10:46:10Z,2026-04-10T10:46:05Z,61986,False,South-Render-Engine,pawelinformatyk/South-Render-Engine,git@github.com:pawelinformatyk/South-Render-Engine.git,1
R_kgDOGe25Ew,2021-12-04T21:10:35Z,2026-05-03T12:08:35Z,2026-05-03T19:21:20Z,34045,False,citysim,AtkinsSJ/citysim,git@github.com:AtkinsSJ/citysim.git,1
R_kgDOGe24mg,2021-12-04T21:09:50Z,2026-04-12T23:34:04Z,2026-04-12T23:34:01Z,84,False,problem-solving,Matheusmottaa/problem-solving,git@github.com:Matheusmottaa/problem-solving.git,2
R_kgDOGe21ow,2021-12-04T21:05:24Z,2026-03-05T11:33:42Z,2026-03-05T11:33:38Z,18,False,Skill-Geek-Internship-Project,methran1304/Skill-Geek-Internship-Project,git@github.com:methran1304/Skill-Geek-Internship-Project.git,0
R_kgDOGe1x7A,2021-12-04T19:31:59Z,2026-03-25T02:37:17Z,2026-03-25T02:37:13Z,72,False,QuickI2C,ulikoehler/QuickI2C,git@github.com:ulikoehler/QuickI2C.git,0
R_kgDOGe1hMw,2021-12-04T19:09:48Z,2026-05-04T18:10:50Z,2026-04-22T16:01:45Z,99808,True,DarkflameServer,DarkflameUniverse/DarkflameServer,git@github.com:DarkflameUniverse/DarkflameServer.git,734
R_kgDOGe0U0Q,2021-12-04T17:37:33Z,2026-03-02T18:55:25Z,2026-04-17T15:27:52Z,67247,True,GuitarAMI,Puara/GuitarAMI,git@github.com:Puara/GuitarAMI.git,3
R_kgDOGezu1g,2021-12-04T16:54:31Z,2026-04-30T07:30:22Z,2026-04-30T07:30:20Z,505,False,CascadeClassifier,vladiant/CascadeClassifier,git@github.com:vladiant/CascadeClassifier.git,1
R_kgDOGexCrw,2021-12-04T13:50:20Z,2026-03-14T12:10:14Z,2026-03-14T12:10:11Z,26,False,ZAKOTrackerV2_ESP32,Tahi314/ZAKOTrackerV2_ESP32,git@github.com:Tahi314/ZAKOTrackerV2_ESP32.git,0
R_kgDOGewXcw,2021-12-04T13:03:51Z,2026-04-29T12:33:53Z,2026-04-29T12:35:33Z,3732,False,AlexCalc,alexbarry/AlexCalc,git@github.com:alexbarry/AlexCalc.git,57
R_kgDOGevvtQ,2021-12-04T12:16:55Z,2026-03-14T12:10:11Z,2026-03-14T12:10:07Z,32,False,ZAKOTrackerV2_ESP8266,Tahi314/ZAKOTrackerV2_ESP8266,git@github.com:Tahi314/ZAKOTrackerV2_ESP8266.git,0
R_kgDOGevoow,2021-12-04T12:08:00Z,2026-03-11T18:06:32Z,2026-03-11T18:06:28Z,590,False,yay,TakluBalm/yay,git@github.com:TakluBalm/yay.git,0
R_kgDOGevHlA,2021-12-04T11:26:50Z,2026-04-11T12:09:46Z,2026-04-11T12:09:42Z,75,True,SimpleCollections,TcMenu/SimpleCollections,git@github.com:TcMenu/SimpleCollections.git,2
R_kgDOGeu4-g,2021-12-04T11:09:10Z,2026-04-12T18:41:58Z,2026-03-31T17:38:27Z,1030,True,pyoperon,heal-research/pyoperon,git@github.com:heal-research/pyoperon.git,75
R_kgDOGetG9g,2021-12-04T08:41:02Z,2026-03-22T19:11:56Z,2026-03-22T19:11:53Z,7669,False,utils,on-keyday/utils,git@github.com:on-keyday/utils.git,4
R_kgDOGesuQw,2021-12-04T08:07:31Z,2026-04-24T01:28:55Z,2026-03-17T10:19:39Z,802,False,iDebugTool,hazmi-e205/iDebugTool,git@github.com:hazmi-e205/iDebugTool.git,18
R_kgDOGepZXA,2021-12-04T02:33:33Z,2026-04-12T00:10:48Z,2026-04-12T00:10:42Z,6838,False,CompetitiveProgramming,goropikari/CompetitiveProgramming,git@github.com:goropikari/CompetitiveProgramming.git,0
R_kgDOGejjvw,2021-12-03T18:17:52Z,2026-04-14T08:23:46Z,2026-04-14T08:23:41Z,340,False,Bus-Reservation-System,sirbor/Bus-Reservation-System,git@github.com:sirbor/Bus-Reservation-System.git,0
R_kgDOGejR-g,2021-12-03T18:01:19Z,2026-03-10T23:11:17Z,2026-03-10T23:11:13Z,56,False,SCD30,ico2k2developer/SCD30,git@github.com:ico2k2developer/SCD30.git,0
R_kgDOGeitIg,2021-12-03T17:26:15Z,2026-04-24T23:26:18Z,2026-04-15T15:42:24Z,1997,False,kauf-rgbww-bulbs,KaufHA/kauf-rgbww-bulbs,git@github.com:KaufHA/kauf-rgbww-bulbs.git,53
R_kgDOGehcKw,2021-12-03T16:13:40Z,2026-03-06T07:33:44Z,2026-03-06T07:46:31Z,143703,False,NoSimpleWayAPI-v2-,NoSimpleWay/NoSimpleWayAPI-v2-,git@github.com:NoSimpleWay/NoSimpleWayAPI-v2-.git,1
R_kgDOGeecXw,2021-12-03T13:38:39Z,2026-04-08T13:00:34Z,2026-04-08T13:00:25Z,14170,True,RF62X-SDK,RIFTEK-LLC/RF62X-SDK,git@github.com:RIFTEK-LLC/RF62X-SDK.git,5
R_kgDOGeeHvA,2021-12-03T13:21:30Z,2026-04-21T14:51:25Z,2026-04-21T14:51:21Z,258,True,gr-rwt,redwiretechnologies/gr-rwt,git@github.com:redwiretechnologies/gr-rwt.git,0
R_kgDOGeeAtA,2021-12-03T13:15:18Z,2026-03-06T15:56:01Z,2026-03-06T16:12:09Z,2064,False,YAGE,michaelxmroz/YAGE,git@github.com:michaelxmroz/YAGE.git,2
R_kgDOGecqpQ,2021-12-03T11:59:01Z,2026-04-13T18:36:02Z,2026-04-13T18:35:56Z,108764,False,OpenMetBuoy-v2021a,jerabaul29/OpenMetBuoy-v2021a,git@github.com:jerabaul29/OpenMetBuoy-v2021a.git,69
R_kgDOGecmyQ,2021-12-03T11:55:22Z,2026-05-05T19:04:14Z,2026-04-04T12:00:04Z,5382,False,Shoggoth,frkngksl/Shoggoth,git@github.com:frkngksl/Shoggoth.git,789
R_kgDOGeavIQ,2021-12-03T10:03:25Z,2026-03-21T09:57:04Z,2026-03-21T09:57:01Z,44,False,chubby-catterpillar,rojuvi/chubby-catterpillar,git@github.com:rojuvi/chubby-catterpillar.git,0
R_kgDOGeXt5Q,2021-12-03T07:06:17Z,2026-05-04T19:48:31Z,2026-05-04T19:48:53Z,6795,False,cp2077-archive-xl,psiberx/cp2077-archive-xl,git@github.com:psiberx/cp2077-archive-xl.git,112
R_kgDOGeXslg,2021-12-03T07:05:02Z,2026-05-07T09:40:05Z,2026-05-07T09:40:01Z,1700,True,XEngine_ServiceApp,libxengine/XEngine_ServiceApp,git@github.com:libxengine/XEngine_ServiceApp.git,1
R_kgDOGeV8JA,2021-12-03T04:51:01Z,2026-04-24T17:35:19Z,2026-04-24T17:35:15Z,10228,False,Proto-Code,Gllitchh/Proto-Code,git@github.com:Gllitchh/Proto-Code.git,0
R_kgDOGeRenQ,2021-12-02T22:44:07Z,2026-04-30T02:28:48Z,2026-04-30T02:28:43Z,3475,False,Temperature-Based-Fan-Speed-Control,mohammadbrd/Temperature-Based-Fan-Speed-Control,git@github.com:mohammadbrd/Temperature-Based-Fan-Speed-Control.git,0
R_kgDOGeQQlg,2021-12-02T21:14:34Z,2026-03-11T08:43:20Z,2026-03-11T08:43:17Z,1620,False,prog-solutions,TomaSajt/prog-solutions,git@github.com:TomaSajt/prog-solutions.git,1
R_kgDOGePT0w,2021-12-02T20:13:39Z,2026-04-18T18:31:46Z,2026-04-18T18:32:13Z,5760,False,Zilch,Jacoba1100254352/Zilch,git@github.com:Jacoba1100254352/Zilch.git,1
R_kgDOGeOqzw,2021-12-02T19:34:50Z,2026-03-09T13:32:00Z,2026-03-09T13:31:56Z,495,False,Arduino-UNO,joaopedro711/Arduino-UNO,git@github.com:joaopedro711/Arduino-UNO.git,0
R_kgDOGeOlQw,2021-12-02T19:29:55Z,2026-05-04T01:37:04Z,2026-05-04T01:37:00Z,4309,False,LeetCode-Solutions,aditya059/LeetCode-Solutions,git@github.com:aditya059/LeetCode-Solutions.git,0
R_kgDOGeNB3A,2021-12-02T18:02:04Z,2026-02-27T06:00:01Z,2026-04-03T22:33:03Z,78533,True,clara-viz,NVIDIA/clara-viz,git@github.com:NVIDIA/clara-viz.git,79
R_kgDOGeLA5A,2021-12-02T16:15:11Z,2026-05-06T05:32:32Z,2026-05-04T19:18:28Z,45263,True,fast-simplification,pyvista/fast-simplification,git@github.com:pyvista/fast-simplification.git,197
R_kgDOGeJDcg,2021-12-02T14:44:30Z,2026-05-01T00:26:51Z,2026-05-01T00:32:10Z,597,True,networking,GMLC-TDC/networking,git@github.com:GMLC-TDC/networking.git,0
R_kgDOGeIijQ,2021-12-02T14:22:37Z,2026-05-06T14:01:16Z,2026-05-06T13:56:59Z,4241,False,CopernicusGlobalLand,ArArgyridis/CopernicusGlobalLand,git@github.com:ArArgyridis/CopernicusGlobalLand.git,4
R_kgDOGeFeYQ,2021-12-02T11:50:02Z,2026-05-06T00:58:06Z,2026-05-06T00:58:03Z,5612,False,MoodyAPI,moodyhunter/MoodyAPI,git@github.com:moodyhunter/MoodyAPI.git,12
R_kgDOGeEVxQ,2021-12-02T10:47:18Z,2026-03-30T08:33:17Z,2026-03-30T08:33:14Z,147,False,CPPFsm,sumitdhyani/CPPFsm,git@github.com:sumitdhyani/CPPFsm.git,0
R_kgDOGeDfIQ,2021-12-02T10:00:29Z,2026-04-22T16:01:17Z,2026-04-26T04:35:04Z,1987840,False,Egaroucid,Nyanyan/Egaroucid,git@github.com:Nyanyan/Egaroucid.git,167
R_kgDOGeBLOg,2021-12-02T07:52:57Z,2026-05-05T15:02:10Z,2026-05-05T15:01:32Z,13323,False,advent-of-code,mattiapezzotti/advent-of-code,git@github.com:mattiapezzotti/advent-of-code.git,0
R_kgDOGeAC-g,2021-12-02T06:43:30Z,2026-04-30T14:53:47Z,2026-04-30T14:46:29Z,571,False,BAC,rotti123/BAC,git@github.com:rotti123/BAC.git,5
R_kgDOGeAChw,2021-12-02T06:43:06Z,2026-04-29T18:33:46Z,2026-04-21T07:32:31Z,31,True,M5-DLight,m5stack/M5-DLight,git@github.com:m5stack/M5-DLight.git,7
R_kgDOGd_P3A,2021-12-02T05:48:44Z,2026-04-30T18:21:12Z,2026-03-26T01:48:30Z,655,True,vs-mlrt,AmusementClub/vs-mlrt,git@github.com:AmusementClub/vs-mlrt.git,441
R_kgDOGd9NqQ,2021-12-02T03:09:50Z,2026-05-05T10:26:12Z,2026-05-05T10:26:09Z,108,False,cardio,wesilios/cardio,git@github.com:wesilios/cardio.git,1
R_kgDOGd8Unw,2021-12-02T02:04:05Z,2026-04-23T09:17:15Z,2026-04-23T08:51:51Z,2556,False,Connect-5-with-Minimax,OmerBilget/Connect-5-with-Minimax,git@github.com:OmerBilget/Connect-5-with-Minimax.git,1
R_kgDOGd8DZw,2021-12-02T01:43:51Z,2026-04-29T16:14:09Z,2026-05-05T22:42:05Z,778820,False,Phoenix-Engine,Impulse21/Phoenix-Engine,git@github.com:Impulse21/Phoenix-Engine.git,5
R_kgDOGd5e_g,2021-12-01T22:21:59Z,2026-04-27T09:23:12Z,2026-04-27T09:23:08Z,11083,False,engine-of-more,0xd0ni/engine-of-more,git@github.com:0xd0ni/engine-of-more.git,0
R_kgDOGd1K2w,2021-12-01T18:03:23Z,2026-05-05T08:56:44Z,2026-05-05T08:56:40Z,2004,False,SudokuMaster,Koratun/SudokuMaster,git@github.com:Koratun/SudokuMaster.git,0
R_kgDOGdxqpw,2021-12-01T15:12:08Z,2026-05-04T20:04:34Z,2026-05-04T20:11:02Z,4112,False,ffilesystem,scivision/ffilesystem,git@github.com:scivision/ffilesystem.git,45
R_kgDOGdxEKg,2021-12-01T14:45:25Z,2026-05-06T12:03:06Z,2026-05-06T12:03:02Z,206,False,console_calculator,qwerteleven/console_calculator,git@github.com:qwerteleven/console_calculator.git,0
R_kgDOGdkM9Q,2021-12-01T02:23:00Z,2026-04-01T18:05:12Z,2026-04-01T18:05:08Z,416,True,ebs-20210730,alibabacloud-sdk-cpp/ebs-20210730,git@github.com:alibabacloud-sdk-cpp/ebs-20210730.git,0
R_kgDOGdhyJA,2021-11-30T23:09:58Z,2026-04-21T00:01:40Z,2026-04-21T00:01:42Z,892,False,lidar-projekti,Diapolo10/lidar-projekti,git@github.com:Diapolo10/lidar-projekti.git,0
R_kgDOGdhBHQ,2021-11-30T22:14:30Z,2026-03-09T18:46:07Z,2026-03-09T18:46:03Z,61,False,home-assistant-configs,josefhandl/home-assistant-configs,git@github.com:josefhandl/home-assistant-configs.git,0
R_kgDOGdg-Bg,2021-11-30T22:11:20Z,2026-04-01T16:59:22Z,2026-04-01T16:59:20Z,1247,True,libMobility,stochasticHydroTools/libMobility,git@github.com:stochasticHydroTools/libMobility.git,13
R_kgDOGdfUfw,2021-11-30T20:23:43Z,2026-04-14T01:59:39Z,2026-03-10T17:42:25Z,358,True,ink-stroke-modeler,google/ink-stroke-modeler,git@github.com:google/ink-stroke-modeler.git,124
R_kgDOGdeyuA,2021-11-30T19:53:04Z,2026-04-28T17:22:22Z,2026-04-28T17:22:12Z,2529674,False,Factory_Prop_Mod,SpaceGameDev568/Factory_Prop_Mod,git@github.com:SpaceGameDev568/Factory_Prop_Mod.git,4
R_kgDOGdXJ4w,2021-11-30T13:28:02Z,2026-04-01T18:01:36Z,2026-04-01T18:01:31Z,333,True,cas-20200630,alibabacloud-sdk-cpp/cas-20200630,git@github.com:alibabacloud-sdk-cpp/cas-20200630.git,0
R_kgDOGdWt0A,2021-11-30T13:06:03Z,2026-04-11T13:39:24Z,2026-04-11T13:39:21Z,2662,False,NotePad20211130,shin4821/NotePad20211130,git@github.com:shin4821/NotePad20211130.git,0
R_kgDOGdRGaA,2021-11-30T07:56:20Z,2026-05-07T07:01:18Z,2026-05-07T07:01:14Z,635,False,py2cpp,luk036/py2cpp,git@github.com:luk036/py2cpp.git,0
R_kgDOGdN0ug,2021-11-30T04:08:40Z,2026-03-18T22:04:55Z,2026-03-18T22:05:39Z,2136,True,cc_tools_qt,commschamp/cc_tools_qt,git@github.com:commschamp/cc_tools_qt.git,7
R_kgDOGdHKJw,2021-11-29T19:57:54Z,2026-05-06T01:19:07Z,2026-04-26T05:52:08Z,292,True,sddm-conf,qtilities/sddm-conf,git@github.com:qtilities/sddm-conf.git,32
R_kgDOGdHCdw,2021-11-29T19:50:53Z,2026-05-05T05:53:47Z,2026-05-05T05:53:43Z,2614,False,cpp-quiz-game,havo2001/cpp-quiz-game,git@github.com:havo2001/cpp-quiz-game.git,0
R_kgDOGdD2JQ,2021-11-29T16:53:54Z,2026-03-17T02:35:26Z,2026-03-17T02:35:21Z,51,False,esp8266_MQTT_BME280,HankB/esp8266_MQTT_BME280,git@github.com:HankB/esp8266_MQTT_BME280.git,0
R_kgDOGdBGPg,2021-11-29T14:43:06Z,2026-03-03T12:18:12Z,2026-03-03T12:18:08Z,695416,False,scoomatic-hoverboard,ll7/scoomatic-hoverboard,git@github.com:ll7/scoomatic-hoverboard.git,2
R_kgDOGdBBhg,2021-11-29T14:39:48Z,2026-04-02T13:37:55Z,2026-04-19T08:58:40Z,17858,False,MI-FAP-I,FedericoScodeller/MI-FAP-I,git@github.com:FedericoScodeller/MI-FAP-I.git,0
R_kgDOGc_5iA,2021-11-29T13:48:03Z,2026-04-08T03:46:33Z,2026-04-08T03:46:26Z,41,True,openbmc-proliant-support,HewlettPackard/openbmc-proliant-support,git@github.com:HewlettPackard/openbmc-proliant-support.git,1
R_kgDOGc_nJw,2021-11-29T13:33:49Z,2026-03-06T13:31:22Z,2026-03-06T13:31:35Z,2532,True,ENVILoader,ManiVaultStudio/ENVILoader,git@github.com:ManiVaultStudio/ENVILoader.git,0
R_kgDOGc_Cbw,2021-11-29T13:06:08Z,2026-04-20T11:13:56Z,2026-04-20T11:13:52Z,150,True,garuda-system-maintenance,garuda-linux/garuda-system-maintenance,git@github.com:garuda-linux/garuda-system-maintenance.git,4
R_kgDOGc5GPw,2021-11-29T07:47:37Z,2026-05-06T18:58:22Z,2026-05-06T18:58:18Z,1938,False,LeetCode,kovid-sharma/LeetCode,git@github.com:kovid-sharma/LeetCode.git,0
R_kgDOGc469g,2021-11-29T07:36:44Z,2026-04-21T06:26:27Z,2026-04-21T06:26:22Z,50841,False,littletools,BestUO/littletools,git@github.com:BestUO/littletools.git,38
R_kgDOGc1tgQ,2021-11-29T03:29:22Z,2026-03-08T04:09:08Z,2026-03-08T04:09:05Z,996,False,flappy_bird,huuln9/flappy_bird,git@github.com:huuln9/flappy_bird.git,4
R_kgDOGc1D4Q,2021-11-29T02:37:51Z,2026-05-07T08:01:40Z,2026-05-07T08:01:36Z,4477,False,libCat,Cons-Cat/libCat,git@github.com:Cons-Cat/libCat.git,121
R_kgDOGc0ong,2021-11-29T02:03:00Z,2026-04-28T10:48:37Z,2026-04-28T10:45:23Z,58,False,Matching-game,vominhtuan910/Matching-game,git@github.com:vominhtuan910/Matching-game.git,0
R_kgDOGczteQ,2021-11-29T00:37:17Z,2026-05-01T03:00:03Z,2026-03-01T07:24:35Z,161895,False,stm32-firmware,filipecalasans/stm32-firmware,git@github.com:filipecalasans/stm32-firmware.git,3
R_kgDOGczcRA,2021-11-29T00:10:12Z,2026-05-04T23:34:23Z,2026-04-25T17:07:25Z,142,False,EdiZon-Overlay,proferabg/EdiZon-Overlay,git@github.com:proferabg/EdiZon-Overlay.git,387
R_kgDOGczGJQ,2021-11-28T23:33:35Z,2026-03-23T22:56:38Z,2026-03-23T22:56:40Z,376,False,NPP_Plugin_Darkmode,shriprem/NPP_Plugin_Darkmode,git@github.com:shriprem/NPP_Plugin_Darkmode.git,3
R_kgDOGcy3Rw,2021-11-28T23:08:33Z,2026-04-15T22:52:27Z,2026-04-15T22:52:24Z,267,False,TETRIS-GAME,PierreEmad-PEPO/TETRIS-GAME,git@github.com:PierreEmad-PEPO/TETRIS-GAME.git,0
R_kgDOGcyd3w,2021-11-28T22:28:41Z,2026-04-29T12:16:40Z,2026-03-17T22:38:01Z,3722,True,comms,commschamp/comms,git@github.com:commschamp/comms.git,74
R_kgDOGcwH5w,2021-11-28T19:11:16Z,2026-04-18T17:39:57Z,2026-04-18T17:39:53Z,134,False,cxx-lox,DuncanMcBain/cxx-lox,git@github.com:DuncanMcBain/cxx-lox.git,3
R_kgDOGcr1mg,2021-11-28T14:14:55Z,2026-04-02T13:32:47Z,2026-04-02T13:32:37Z,73,False,esphome-devices,gervaso/esphome-devices,git@github.com:gervaso/esphome-devices.git,0
R_kgDOGcrHLg,2021-11-28T13:26:27Z,2026-03-23T00:53:15Z,2026-03-23T00:53:11Z,132,False,njupt-moochomework,zxm14/njupt-moochomework,git@github.com:zxm14/njupt-moochomework.git,2
R_kgDOGcqBOA,2021-11-28T12:07:49Z,2026-04-11T11:44:44Z,2026-04-11T11:44:41Z,14,False,OneWire,thoryn-dev/OneWire,git@github.com:thoryn-dev/OneWire.git,0
R_kgDOGco5lw,2021-11-28T10:40:08Z,2026-04-28T21:08:25Z,2026-03-14T22:59:21Z,19995,False,ledit,liz3/ledit,git@github.com:liz3/ledit.git,283
R_kgDOGcmabw,2021-11-28T07:03:21Z,2026-03-21T01:18:50Z,2026-03-21T01:18:46Z,158,False,cpp,Eomhyunjun/cpp,git@github.com:Eomhyunjun/cpp.git,1
R_kgDOGcfO2g,2021-11-27T17:30:52Z,2026-05-06T10:08:48Z,2026-05-06T10:08:44Z,1698,False,DSA_Leetcode_Practice,mudar-hussain/DSA_Leetcode_Practice,git@github.com:mudar-hussain/DSA_Leetcode_Practice.git,1
R_kgDOGccVlg,2021-11-27T14:06:45Z,2026-05-06T01:43:46Z,2026-03-14T10:06:48Z,3009,False,crosscore_dev,schaban/crosscore_dev,git@github.com:schaban/crosscore_dev.git,17
R_kgDOGcbP0g,2021-11-27T12:49:58Z,2026-04-07T01:34:34Z,2026-04-07T01:34:31Z,167,False,PeriodicSketch,pkufzc/PeriodicSketch,git@github.com:pkufzc/PeriodicSketch.git,7
R_kgDOGcafNg,2021-11-27T11:52:46Z,2026-05-04T11:04:13Z,2026-05-06T15:33:45Z,551,False,intelligen,Bouchet07/intelligen,git@github.com:Bouchet07/intelligen.git,0
R_kgDOGcadHQ,2021-11-27T11:50:14Z,2026-05-07T07:22:35Z,2026-05-07T09:17:48Z,41576,True,ddc,CExA-project/ddc,git@github.com:CExA-project/ddc.git,46
R_kgDOGcaCmA,2021-11-27T11:17:02Z,2026-03-22T20:56:57Z,2026-03-22T13:36:06Z,46813,False,bethutil,Guekka/bethutil,git@github.com:Guekka/bethutil.git,6
R_kgDOGcZG-w,2021-11-27T09:59:39Z,2026-03-07T10:21:28Z,2026-03-07T10:21:24Z,396,False,Pong,KedarChandulur/Pong,git@github.com:KedarChandulur/Pong.git,0
R_kgDOGcSpAA,2021-11-26T22:50:49Z,2026-05-01T17:02:40Z,2026-03-01T09:09:57Z,2773,False,kapiao,StyGame/kapiao,git@github.com:StyGame/kapiao.git,144
R_kgDOGcSDwA,2021-11-26T21:52:33Z,2026-03-19T23:36:07Z,2026-03-19T23:36:03Z,13046,False,Wifi-temp-hum-sensor,br-mat/Wifi-temp-hum-sensor,git@github.com:br-mat/Wifi-temp-hum-sensor.git,0
R_kgDOGcNERw,2021-11-26T15:42:24Z,2026-04-22T20:21:03Z,2026-04-22T20:20:59Z,931,False,Competitive-Programming,AdarshGaur/Competitive-Programming,git@github.com:AdarshGaur/Competitive-Programming.git,5
R_kgDOGcNBNg,2021-11-26T15:39:32Z,2026-03-08T23:59:43Z,2026-03-08T23:59:39Z,71,False,rv32i,joshuahant/rv32i,git@github.com:joshuahant/rv32i.git,0
R_kgDOGcIzTQ,2021-11-26T11:39:20Z,2026-03-15T19:34:17Z,2026-03-15T19:34:13Z,255034,False,LabyrinthEngine,njmayes/LabyrinthEngine,git@github.com:njmayes/LabyrinthEngine.git,4
R_kgDOGcF5ag,2021-11-26T08:44:39Z,2026-03-26T22:12:09Z,2026-03-26T22:11:58Z,21005,True,tads-runner,tads-intfic/tads-runner,git@github.com:tads-intfic/tads-runner.git,6
R_kgDOGcFzsQ,2021-11-26T08:38:56Z,2026-03-12T08:48:00Z,2026-03-12T08:47:54Z,970,True,PluginExample,sofa-framework/PluginExample,git@github.com:sofa-framework/PluginExample.git,0
R_kgDOGcD_Xw,2021-11-26T06:37:14Z,2026-04-23T06:01:21Z,2026-05-07T09:07:15Z,48259,False,irrlicht,mercury233/irrlicht,git@github.com:mercury233/irrlicht.git,3
R_kgDOGcDgvQ,2021-11-26T06:02:19Z,2026-04-29T17:38:35Z,2026-04-29T17:38:32Z,1736,True,sae-20190506,alibabacloud-sdk-cpp/sae-20190506,git@github.com:alibabacloud-sdk-cpp/sae-20190506.git,0
R_kgDOGcA9IA,2021-11-26T02:14:44Z,2026-04-17T03:24:35Z,2026-04-17T03:24:31Z,52769,False,FILES-TESIS,julynhotrios/FILES-TESIS,git@github.com:julynhotrios/FILES-TESIS.git,0
R_kgDOGb-hLg,2021-11-25T22:11:44Z,2026-03-20T23:14:15Z,2026-03-20T23:14:10Z,150,False,IR-wifi-password,piotrcurious/IR-wifi-password,git@github.com:piotrcurious/IR-wifi-password.git,0
R_kgDOGb-f_g,2021-11-25T22:09:54Z,2026-05-06T12:30:40Z,2026-05-07T04:45:22Z,1222,True,TransferBench,ROCm/TransferBench,git@github.com:ROCm/TransferBench.git,67
R_kgDOGb-Teg,2021-11-25T21:52:16Z,2026-05-01T10:00:06Z,2026-05-01T10:56:18Z,189069,False,dwarf-engine,CtrlAltNino/dwarf-engine,git@github.com:CtrlAltNino/dwarf-engine.git,7
R_kgDOGb8FOw,2021-11-25T18:57:17Z,2026-05-05T20:15:11Z,2026-05-05T20:15:06Z,1040,False,esphome,dotdoom/esphome,git@github.com:dotdoom/esphome.git,1
R_kgDOGb6nVw,2021-11-25T17:20:57Z,2026-04-12T09:48:37Z,2026-04-12T09:48:32Z,0,False,jacek3007,jacek3007/jacek3007,git@github.com:jacek3007/jacek3007.git,0
R_kgDOGb3FHg,2021-11-25T14:05:34Z,2026-05-03T15:04:37Z,2026-04-08T19:25:48Z,8506,True,New-Cli-Installer,CachyOS/New-Cli-Installer,git@github.com:CachyOS/New-Cli-Installer.git,124
R_kgDOGb3Bbw,2021-11-25T14:03:04Z,2026-04-11T12:02:06Z,2026-04-11T12:01:57Z,3009,False,Raymarching,cahekp/Raymarching,git@github.com:cahekp/Raymarching.git,0
R_kgDOGb2sLA,2021-11-25T13:45:49Z,2026-05-04T14:46:39Z,2026-05-04T14:46:34Z,170,False,Algorithm,WhiteLinkBlaze/Algorithm,git@github.com:WhiteLinkBlaze/Algorithm.git,0
R_kgDOGb0ztQ,2021-11-25T12:02:35Z,2026-05-05T15:00:07Z,2026-03-24T12:34:48Z,20112,False,mmx-node,madMAx43v3r/mmx-node,git@github.com:madMAx43v3r/mmx-node.git,188
R_kgDOGb0mTw,2021-11-25T11:50:51Z,2026-05-02T17:34:24Z,2026-05-02T17:34:20Z,11496,False,projectA,cuberhaus/projectA,git@github.com:cuberhaus/projectA.git,1
R_kgDOGbzwOQ,2021-11-25T11:01:23Z,2026-05-07T08:30:07Z,2026-05-07T08:30:02Z,525,True,pai-dlc-20201203,alibabacloud-sdk-cpp/pai-dlc-20201203,git@github.com:alibabacloud-sdk-cpp/pai-dlc-20201203.git,0
R_kgDOGbzZXQ,2021-11-25T10:40:13Z,2026-05-06T14:52:13Z,2026-05-06T14:35:44Z,132,False,fmod-service,Granjow/fmod-service,git@github.com:Granjow/fmod-service.git,0
R_kgDOGbxU2w,2021-11-25T08:44:15Z,2026-04-29T20:09:56Z,2026-03-12T04:04:09Z,88135,False,flutter_window_close,zonble/flutter_window_close,git@github.com:zonble/flutter_window_close.git,49
R_kgDOGbwC6A,2021-11-25T07:26:55Z,2026-03-30T09:50:36Z,2026-03-30T09:50:31Z,34368,False,CS-Resources,avipars/CS-Resources,git@github.com:avipars/CS-Resources.git,5
R_kgDOGbuj8w,2021-11-25T05:42:42Z,2026-05-06T05:45:38Z,2026-05-06T05:45:37Z,98836,True,confidential-computing-zoo,intel/confidential-computing-zoo,git@github.com:intel/confidential-computing-zoo.git,354
R_kgDOGbtPBA,2021-11-25T03:48:05Z,2026-04-09T21:39:42Z,2026-04-09T21:44:05Z,84,False,SnakePlusPlus,StarWarsPanda/SnakePlusPlus,git@github.com:StarWarsPanda/SnakePlusPlus.git,0
R_kgDOGbmwug,2021-11-24T19:08:09Z,2026-05-07T08:48:39Z,2026-05-07T08:48:44Z,52,True,klb,CM4all/klb,git@github.com:CM4all/klb.git,3
R_kgDOGbljNA,2021-11-24T17:54:11Z,2026-04-29T06:31:59Z,2026-04-29T06:31:55Z,0,False,Abhijit-Sukale,sukaleab/Abhijit-Sukale,git@github.com:sukaleab/Abhijit-Sukale.git,0
R_kgDOGbjDJQ,2021-11-24T15:37:59Z,2026-04-24T18:46:38Z,2026-05-04T19:40:27Z,507863,True,device_google_gs101,CalyxOS/device_google_gs101,git@github.com:CalyxOS/device_google_gs101.git,0
R_kgDOGbjDHA,2021-11-24T15:37:57Z,2026-03-20T14:58:21Z,2026-04-27T09:33:35Z,333257,True,device_google_gs-common,CalyxOS/device_google_gs-common,git@github.com:CalyxOS/device_google_gs-common.git,0
R_kgDOGbhn2w,2021-11-24T14:29:34Z,2026-03-10T01:49:01Z,2026-03-10T01:48:54Z,214162,False,toppic-suite,toppic-suite/toppic-suite,git@github.com:toppic-suite/toppic-suite.git,14
R_kgDOGbfMyw,2021-11-24T12:29:40Z,2026-04-07T19:17:00Z,2026-04-07T19:16:52Z,7094,False,NewOld4,NewOld4/NewOld4,git@github.com:NewOld4/NewOld4.git,0
R_kgDOGbfD1w,2021-11-24T12:22:12Z,2026-04-03T13:48:54Z,2026-04-03T13:48:51Z,127,False,enigma-machine,marcope-98/enigma-machine,git@github.com:marcope-98/enigma-machine.git,0
R_kgDOGbdkdw,2021-11-24T10:57:46Z,2026-04-27T10:08:16Z,2026-04-21T21:44:31Z,4006,True,alphafill,PDB-REDO/alphafill,git@github.com:PDB-REDO/alphafill.git,117
R_kgDOGbXelQ,2021-11-24T04:44:31Z,2026-05-06T12:07:01Z,2026-05-06T12:06:57Z,4895,True,sentinel,shift-left-test/sentinel,git@github.com:shift-left-test/sentinel.git,6
R_kgDOGbUkvg,2021-11-24T00:53:28Z,2026-05-07T10:37:39Z,2026-05-07T10:17:53Z,9135,True,communication_netstack,openharmony/communication_netstack,git@github.com:openharmony/communication_netstack.git,0
R_kgDOGbUkKw,2021-11-24T00:52:40Z,2026-05-07T06:06:31Z,2026-05-04T01:57:54Z,38536,True,third_party_nghttp2,openharmony/third_party_nghttp2,git@github.com:openharmony/third_party_nghttp2.git,0
R_kgDOGbSs-g,2021-11-23T22:23:11Z,2026-03-14T19:10:38Z,2026-03-14T19:13:04Z,209,False,math,Loic-Corenthy/math,git@github.com:Loic-Corenthy/math.git,0
R_kgDOGbSYkA,2021-11-23T22:00:52Z,2026-03-25T15:36:43Z,2026-03-25T15:33:17Z,891,False,qtholon,sergeynaumovio/qtholon,git@github.com:sergeynaumovio/qtholon.git,0
R_kgDOGbOAAg,2021-11-23T17:30:12Z,2026-05-03T19:32:40Z,2026-05-03T19:32:35Z,318,False,jt-computing,JonasToth/jt-computing,git@github.com:JonasToth/jt-computing.git,1
R_kgDOGbLUug,2021-11-23T15:19:42Z,2026-04-19T19:17:23Z,2026-04-19T19:17:19Z,1638,False,CPP,mallah-elmehdi/CPP,git@github.com:mallah-elmehdi/CPP.git,1
R_kgDOGbKcwg,2021-11-23T14:39:14Z,2026-04-07T06:16:16Z,2026-04-07T06:16:07Z,64,True,ksnip-plugin-ocr,ksnip/ksnip-plugin-ocr,git@github.com:ksnip/ksnip-plugin-ocr.git,15
R_kgDOGbKE2w,2021-11-23T14:22:05Z,2026-05-06T09:30:25Z,2026-03-08T17:49:48Z,1282,True,zasm,zyantific/zasm,git@github.com:zyantific/zasm.git,428
R_kgDOGbFJ8g,2021-11-23T10:04:48Z,2026-04-13T18:20:01Z,2026-04-13T18:19:56Z,1114,True,rtc-20180111,alibabacloud-sdk-cpp/rtc-20180111,git@github.com:alibabacloud-sdk-cpp/rtc-20180111.git,0
R_kgDOGbFD1A,2021-11-23T10:00:13Z,2026-04-29T21:24:33Z,2026-04-29T21:25:15Z,2527,False,jb_badge,chrissearle/jb_badge,git@github.com:chrissearle/jb_badge.git,0
R_kgDOGa_dAQ,2021-11-23T04:16:04Z,2026-04-07T18:36:49Z,2026-04-23T22:41:02Z,16779,True,HCE.DRP,HaloSPV3/HCE.DRP,git@github.com:HaloSPV3/HCE.DRP.git,7
R_kgDOGa58RQ,2021-11-22T21:08:45Z,2026-05-06T21:29:13Z,2026-05-06T21:29:09Z,561248,False,Vulkan-Renderer,tgriebel/Vulkan-Renderer,git@github.com:tgriebel/Vulkan-Renderer.git,1
R_kgDOGa5mYA,2021-11-22T20:45:51Z,2026-04-17T22:39:30Z,2026-04-17T22:39:26Z,14,False,NovelSample,kazmura11/NovelSample,git@github.com:kazmura11/NovelSample.git,0
R_kgDOGa5ckA,2021-11-22T20:36:10Z,2026-03-02T16:25:55Z,2026-03-02T16:22:19Z,1058,False,Starter_box,lolorahaingo/Starter_box,git@github.com:lolorahaingo/Starter_box.git,0
R_kgDOGa4-0g,2021-11-22T20:07:33Z,2026-03-16T21:54:44Z,2026-03-16T21:54:40Z,4,False,simple_arduino_timer,shaddyx/simple_arduino_timer,git@github.com:shaddyx/simple_arduino_timer.git,0
R_kgDOGa3qMg,2021-11-22T18:49:57Z,2026-04-24T21:07:29Z,2026-04-24T21:07:24Z,3095,True,android_device_nubia_TP1803,LineageOS/android_device_nubia_TP1803,git@github.com:LineageOS/android_device_nubia_TP1803.git,1
R_kgDOGa2_fg,2021-11-22T18:13:24Z,2026-05-05T00:55:41Z,2026-05-05T00:55:38Z,17222,False,PKAssetTools,konstatoivanen/PKAssetTools,git@github.com:konstatoivanen/PKAssetTools.git,0
R_kgDOGaz3Fw,2021-11-22T15:38:33Z,2026-03-20T03:13:26Z,2026-03-20T03:13:19Z,2339,True,stan4bart,cran/stan4bart,git@github.com:cran/stan4bart.git,1
R_kgDOGawJBw,2021-11-22T12:51:33Z,2026-03-03T04:15:06Z,2026-03-03T04:15:02Z,47112,False,DigitalRadioReceiverSupport,kholia/DigitalRadioReceiverSupport,git@github.com:kholia/DigitalRadioReceiverSupport.git,54
R_kgDOGauZmA,2021-11-22T11:18:11Z,2026-05-05T03:07:27Z,2026-05-05T03:07:24Z,158982,False,PKRenderer,konstatoivanen/PKRenderer,git@github.com:konstatoivanen/PKRenderer.git,33
R_kgDOGatyqw,2021-11-22T10:45:42Z,2026-03-18T16:21:00Z,2026-03-06T15:41:01Z,10490,True,Coconut,CoLab-Glasgow/Coconut,git@github.com:CoLab-Glasgow/Coconut.git,1
R_kgDOGasjtQ,2021-11-22T09:41:49Z,2026-03-18T15:31:55Z,2026-03-18T15:31:51Z,1167,False,CodingInterviewPrep,djm-1/CodingInterviewPrep,git@github.com:djm-1/CodingInterviewPrep.git,1
R_kgDOGareTA,2021-11-22T08:45:52Z,2026-04-28T10:03:57Z,2026-04-28T10:03:53Z,613,False,scilib,stigrs/scilib,git@github.com:stigrs/scilib.git,0
R_kgDOGaqu9w,2021-11-22T08:07:55Z,2026-03-19T17:21:44Z,2026-03-19T17:21:38Z,306770,False,enve,StoccoDavide/enve,git@github.com:StoccoDavide/enve.git,2
R_kgDOGaqn0A,2021-11-22T08:02:30Z,2026-05-02T06:36:45Z,2026-04-12T14:22:07Z,15226493,False,WebView,aSurgingRiver/WebView,git@github.com:aSurgingRiver/WebView.git,435
R_kgDOGapRGA,2021-11-22T06:42:57Z,2026-03-16T05:11:12Z,2026-03-16T05:11:06Z,22555,False,9918-Adventures,cdoty/9918-Adventures,git@github.com:cdoty/9918-Adventures.git,3
R_kgDOGaouDQ,2021-11-22T06:06:45Z,2026-05-07T10:06:57Z,2026-05-07T10:06:53Z,3059,False,northport,DeanoBurrito/northport,git@github.com:DeanoBurrito/northport.git,98
R_kgDOGanH5A,2021-11-22T04:03:17Z,2026-04-30T08:12:28Z,2026-03-16T12:37:22Z,1830,False,dwrite-hlsl,lhecker/dwrite-hlsl,git@github.com:lhecker/dwrite-hlsl.git,48
R_kgDOGajEfA,2021-11-21T22:01:57Z,2026-03-21T09:41:21Z,2026-03-21T09:41:16Z,13952,False,header_utils,ghassanpl/header_utils,git@github.com:ghassanpl/header_utils.git,2
R_kgDOGacxZw,2021-11-21T14:21:37Z,2026-04-20T12:08:43Z,2026-04-20T12:08:46Z,200,False,editdistpy,mammothb/editdistpy,git@github.com:mammothb/editdistpy.git,25
R_kgDOGacifg,2021-11-21T14:06:30Z,2026-03-03T14:47:00Z,2026-04-23T16:24:54Z,1790,True,CASMcode_configuration,prisms-center/CASMcode_configuration,git@github.com:prisms-center/CASMcode_configuration.git,0
R_kgDOGaWEtQ,2021-11-21T05:03:17Z,2026-04-22T03:47:53Z,2026-04-14T08:48:14Z,35212,True,Plasma,Dimethoxy/Plasma,git@github.com:Dimethoxy/Plasma.git,99
R_kgDOGaWEkA,2021-11-21T05:03:01Z,2026-04-17T11:26:35Z,2026-04-17T18:17:12Z,66929,False,Civ5-Patch,catscatsforever/Civ5-Patch,git@github.com:catscatsforever/Civ5-Patch.git,5
R_kgDOGaVj9g,2021-11-21T04:04:19Z,2026-04-24T06:31:17Z,2026-04-24T06:31:13Z,5710,False,drm_monolayer,gibbogle/drm_monolayer,git@github.com:gibbogle/drm_monolayer.git,0
R_kgDOGaRZRw,2021-11-20T20:19:01Z,2026-03-16T07:30:55Z,2026-03-16T07:30:52Z,43,False,CodingPractice,divyanshahujaa/CodingPractice,git@github.com:divyanshahujaa/CodingPractice.git,0
R_kgDOGaNuZw,2021-11-20T15:36:56Z,2026-05-02T02:34:43Z,2026-04-30T05:42:17Z,487,False,metal-cpp,bkaradzic/metal-cpp,git@github.com:bkaradzic/metal-cpp.git,378
R_kgDOGaMqHQ,2021-11-20T14:23:46Z,2026-04-28T20:41:56Z,2026-04-28T20:43:15Z,6628,False,kumi,jfalcou/kumi,git@github.com:jfalcou/kumi.git,57
R_kgDOGaMqHw,2021-11-20T14:23:46Z,2026-03-27T03:37:35Z,2026-03-27T03:37:32Z,12,False,Code-Snippets,saurav-555/Code-Snippets,git@github.com:saurav-555/Code-Snippets.git,0
R_kgDOGaL4QA,2021-11-20T13:30:04Z,2026-04-30T18:01:06Z,2026-04-04T08:29:46Z,815,False,ArduinoSatelliteTracker,kerpz/ArduinoSatelliteTracker,git@github.com:kerpz/ArduinoSatelliteTracker.git,16
R_kgDOGaKUag,2021-11-20T11:33:13Z,2026-03-11T05:42:59Z,2026-03-11T05:43:15Z,116377,False,Displaced-Decay-Counter,wzeren/Displaced-Decay-Counter,git@github.com:wzeren/Displaced-Decay-Counter.git,5
R_kgDOGaGbfg,2021-11-20T05:55:19Z,2026-05-01T14:38:45Z,2026-05-01T14:38:42Z,38225,False,espcomponents,eigger/espcomponents,git@github.com:eigger/espcomponents.git,54
R_kgDOGaD_Tg,2021-11-20T01:38:06Z,2026-03-20T20:05:48Z,2026-03-20T20:05:44Z,283,False,edict,alexraymond/edict,git@github.com:alexraymond/edict.git,0
R_kgDOGaCvOg,2021-11-19T23:26:10Z,2026-03-31T14:13:06Z,2026-03-31T14:12:00Z,118,False,competitive-programming,polykernel/competitive-programming,git@github.com:polykernel/competitive-programming.git,0
R_kgDOGaBvMw,2021-11-19T21:57:10Z,2026-04-28T08:54:24Z,2026-04-28T08:54:20Z,1475,False,CPP,M-106/CPP,git@github.com:M-106/CPP.git,0
R_kgDOGaBjlw,2021-11-19T21:42:22Z,2026-03-12T03:49:40Z,2026-03-12T03:49:35Z,67776,False,flutter_platform_alert,zonble/flutter_platform_alert,git@github.com:zonble/flutter_platform_alert.git,78
R_kgDOGZ-Uaw,2021-11-19T17:54:49Z,2026-04-23T07:55:10Z,2026-04-23T07:55:30Z,48551,True,BeamAdapter,sofa-framework/BeamAdapter,git@github.com:sofa-framework/BeamAdapter.git,30
R_kgDOGZ9iZw,2021-11-19T17:06:47Z,2026-04-01T08:01:31Z,2026-03-15T16:53:53Z,81812,True,brawlback-asm,Brawlback-Team/brawlback-asm,git@github.com:Brawlback-Team/brawlback-asm.git,29
R_kgDOGZ8LtA,2021-11-19T15:53:38Z,2026-04-30T02:52:33Z,2026-04-30T02:52:29Z,18,False,Driver1,BlockConnoisseur/Driver1,git@github.com:BlockConnoisseur/Driver1.git,0
R_kgDOGZ7HXg,2021-11-19T14:58:26Z,2026-03-24T21:12:53Z,2026-03-24T21:12:48Z,9609,False,cxsom,HerveFrezza-Buet/cxsom,git@github.com:HerveFrezza-Buet/cxsom.git,7
R_kgDOGZ66YA,2021-11-19T14:48:04Z,2026-03-31T09:33:02Z,2026-03-23T13:31:56Z,3668,False,PerFlow,yuyangJin/PerFlow,git@github.com:yuyangJin/PerFlow.git,25
R_kgDOGZ6iJQ,2021-11-19T14:28:53Z,2026-03-05T12:42:20Z,2026-03-05T12:42:15Z,18423,False,LR-BCD,ValDurante/LR-BCD,git@github.com:ValDurante/LR-BCD.git,3
R_kgDOGZ5tHA,2021-11-19T13:46:52Z,2026-05-07T02:41:30Z,2026-05-07T07:41:04Z,3071,False,glim,koide3/glim,git@github.com:koide3/glim.git,1573
R_kgDOGZ5SFQ,2021-11-19T13:24:13Z,2026-05-06T23:14:41Z,2026-05-06T23:14:36Z,23400,False,gct,Fadis/gct,git@github.com:Fadis/gct.git,33
R_kgDOGZ4lMg,2021-11-19T12:45:42Z,2026-03-23T18:49:20Z,2026-03-23T18:49:16Z,247,False,UQM-Palette-Editor,Kruzen/UQM-Palette-Editor,git@github.com:Kruzen/UQM-Palette-Editor.git,2
R_kgDOGZ3rdg,2021-11-19T11:52:50Z,2026-04-19T23:06:54Z,2026-04-19T23:06:50Z,50,False,uniqueid,laplima/uniqueid,git@github.com:laplima/uniqueid.git,0
R_kgDOGZ1TMg,2021-11-19T09:30:55Z,2026-04-22T18:00:48Z,2026-04-22T21:04:58Z,1455,False,tash-shell,tavakkoliamirmohammad/tash-shell,git@github.com:tavakkoliamirmohammad/tash-shell.git,1
R_kgDOGZ0Brw,2021-11-19T08:18:21Z,2026-03-06T12:41:25Z,2026-03-06T12:41:20Z,15888,True,Display-38mm-TLC59116-I2C,LaskaKit/Display-38mm-TLC59116-I2C,git@github.com:LaskaKit/Display-38mm-TLC59116-I2C.git,1
R_kgDOGZz0Ug,2021-11-19T08:05:43Z,2026-05-05T08:31:08Z,2026-04-29T03:51:37Z,2930,True,mount-zip,google/mount-zip,git@github.com:google/mount-zip.git,236
R_kgDOGZxZoA,2021-11-19T05:11:07Z,2026-03-20T00:54:40Z,2026-03-20T00:55:00Z,759,False,glpp,automas-dev/glpp,git@github.com:automas-dev/glpp.git,2
R_kgDOGZv54A,2021-11-19T03:03:08Z,2026-05-07T10:50:21Z,2026-05-07T10:50:16Z,70297,True,autoware_core,autowarefoundation/autoware_core,git@github.com:autowarefoundation/autoware_core.git,167
R_kgDOGZv2oA,2021-11-19T02:59:37Z,2026-05-07T10:44:40Z,2026-05-07T10:44:35Z,424907,True,autoware_universe,autowarefoundation/autoware_universe,git@github.com:autowarefoundation/autoware_universe.git,1617
R_kgDOGZtSOg,2021-11-18T23:27:38Z,2026-05-02T19:04:28Z,2026-05-04T03:28:33Z,152829,True,aimbots-dev,TAMU-Robomasters/aimbots-dev,git@github.com:TAMU-Robomasters/aimbots-dev.git,37
R_kgDOGZtNww,2021-11-18T23:21:29Z,2026-04-06T02:21:42Z,2026-04-06T02:21:38Z,36084,False,HeliGame1989,lehrj/HeliGame1989,git@github.com:lehrj/HeliGame1989.git,0
R_kgDOGZtKBg,2021-11-18T23:16:22Z,2026-04-28T22:22:36Z,2026-04-28T22:22:34Z,208,False,ukkonen,asottile/ukkonen,git@github.com:asottile/ukkonen.git,18
R_kgDOGZtDww,2021-11-18T23:07:46Z,2026-05-06T10:24:31Z,2026-05-03T21:14:10Z,256,False,camera_ros,christianrauch/camera_ros,git@github.com:christianrauch/camera_ros.git,160
R_kgDOGZqgcw,2021-11-18T20:03:51Z,2026-03-28T13:33:47Z,2026-03-28T13:33:43Z,29,False,ReverseBot,ShortDevelopment/ReverseBot,git@github.com:ShortDevelopment/ReverseBot.git,1
R_kgDOGZnxDw,2021-11-18T17:24:48Z,2026-04-19T06:49:17Z,2026-04-19T06:49:12Z,33,False,usb-midi-fader,fumigoro/usb-midi-fader,git@github.com:fumigoro/usb-midi-fader.git,1
R_kgDOGZmORQ,2021-11-18T16:05:03Z,2026-03-04T18:30:57Z,2026-03-04T18:30:43Z,1502,False,webserver,CurlyMoo/webserver,git@github.com:CurlyMoo/webserver.git,3
R_kgDOGZk-uw,2021-11-18T15:04:45Z,2026-03-25T09:31:27Z,2026-03-25T09:31:23Z,3680,False,InnerWorkings,gjtimmerman/InnerWorkings,git@github.com:gjtimmerman/InnerWorkings.git,0
R_kgDOGZj29w,2021-11-18T14:11:30Z,2026-03-18T18:37:02Z,2026-03-15T08:38:56Z,19378,False,image-processor,Cross-bit/image-processor,git@github.com:Cross-bit/image-processor.git,0
R_kgDOGZhbug,2021-11-18T12:08:30Z,2026-03-02T05:49:00Z,2026-03-02T05:48:57Z,13,False,project-igi-game-scripts,jones-hm/project-igi-game-scripts,git@github.com:jones-hm/project-igi-game-scripts.git,5
R_kgDOGZg_Vw,2021-11-18T11:45:20Z,2026-03-31T17:19:28Z,2026-03-31T17:19:31Z,1823,True,sharg-parser,seqan/sharg-parser,git@github.com:seqan/sharg-parser.git,11
R_kgDOGZZfUg,2021-11-18T03:37:01Z,2026-03-20T04:57:29Z,2026-03-20T04:57:25Z,4792,False,gambit,Wycube/gambit,git@github.com:Wycube/gambit.git,5
R_kgDOGZWs8A,2021-11-18T00:07:42Z,2026-04-13T23:43:41Z,2026-04-13T23:43:36Z,21457,True,proto,applied-numerical-algorithms-group-lbnl/proto,git@github.com:applied-numerical-algorithms-group-lbnl/proto.git,9
R_kgDOGZVNCw,2021-11-17T22:05:23Z,2026-04-13T18:39:15Z,2026-04-13T18:39:10Z,404,False,acEFM,Zaretto/acEFM,git@github.com:Zaretto/acEFM.git,18
R_kgDOGZRdfA,2021-11-17T18:14:33Z,2026-03-07T14:11:02Z,2026-03-07T14:10:57Z,293,False,pass-gate,anton-abrm/pass-gate,git@github.com:anton-abrm/pass-gate.git,0
R_kgDOGZHJ3w,2021-11-17T09:34:19Z,2026-04-14T22:22:48Z,2026-04-14T21:49:37Z,24,False,Actor-Critic-Chess-Agent,JakobLiebig/Actor-Critic-Chess-Agent,git@github.com:JakobLiebig/Actor-Critic-Chess-Agent.git,0
R_kgDOGZFnXg,2021-11-17T08:10:02Z,2026-05-04T20:26:29Z,2026-05-04T20:26:26Z,4078,False,chip-8,willbr/chip-8,git@github.com:willbr/chip-8.git,1
R_kgDOGZE1QQ,2021-11-17T07:22:43Z,2026-03-29T14:10:59Z,2026-03-29T14:10:56Z,931,False,algorithm-training-program,PiNengShaoNian/algorithm-training-program,git@github.com:PiNengShaoNian/algorithm-training-program.git,1
R_kgDOGZCk1A,2021-11-17T04:39:44Z,2026-05-06T17:20:00Z,2026-05-06T17:18:57Z,973,False,dsa,rabhi1611/dsa,git@github.com:rabhi1611/dsa.git,0
R_kgDOGY_7gw,2021-11-17T01:13:08Z,2026-04-03T17:33:32Z,2026-04-21T15:48:57Z,7881,False,narf,bendavid/narf,git@github.com:bendavid/narf.git,5
R_kgDOGY-gQQ,2021-11-16T23:15:05Z,2026-04-27T19:43:43Z,2026-04-27T19:43:32Z,2749,False,gradeyard,maticivan/gradeyard,git@github.com:maticivan/gradeyard.git,0
R_kgDOGY-a_g,2021-11-16T23:08:30Z,2026-03-03T00:47:00Z,2026-03-03T00:46:57Z,711,False,CompetitiveProgramming,BrandonPacewic/CompetitiveProgramming,git@github.com:BrandonPacewic/CompetitiveProgramming.git,2
R_kgDOGY-Qlg,2021-11-16T22:55:32Z,2026-04-16T07:55:15Z,2026-04-16T11:34:43Z,79466,True,erlang-rocksdb,emqx/erlang-rocksdb,git@github.com:emqx/erlang-rocksdb.git,23
R_kgDOGY-ELA,2021-11-16T22:40:33Z,2026-03-25T21:05:38Z,2026-05-02T19:03:30Z,17078,False,InfinityLoader,Bubb13/InfinityLoader,git@github.com:Bubb13/InfinityLoader.git,10
R_kgDOGY9qoQ,2021-11-16T22:10:54Z,2026-03-28T11:28:08Z,2026-03-28T11:28:05Z,9589,False,H00M,kokimester/H00M,git@github.com:kokimester/H00M.git,0
R_kgDOGY66mw,2021-11-16T19:16:11Z,2026-04-13T05:56:59Z,2026-04-13T05:56:55Z,5579,False,Luramoth,Luramoth/Luramoth,git@github.com:Luramoth/Luramoth.git,0
R_kgDOGY3mqQ,2021-11-16T16:22:50Z,2026-03-30T22:22:06Z,2026-03-30T22:21:58Z,7,False,ImplodingOcelot,ImplodingOcelot/ImplodingOcelot,git@github.com:ImplodingOcelot/ImplodingOcelot.git,0
R_kgDOGY0uwQ,2021-11-16T14:14:50Z,2026-05-03T10:20:47Z,2026-05-03T10:20:43Z,1999,False,E220Lib,ConnorKirkpatrick/E220Lib,git@github.com:ConnorKirkpatrick/E220Lib.git,14
R_kgDOGY0Xwg,2021-11-16T13:58:36Z,2026-04-24T11:22:22Z,2026-04-24T11:22:18Z,81,True,mod_mapnik_wms,geofabrik/mod_mapnik_wms,git@github.com:geofabrik/mod_mapnik_wms.git,1
R_kgDOGYytmw,2021-11-16T12:39:43Z,2026-05-04T20:52:34Z,2026-03-03T11:01:55Z,1985,True,smartmicro_ros2_radars,smartmicro/smartmicro_ros2_radars,git@github.com:smartmicro/smartmicro_ros2_radars.git,53
R_kgDOGYxWAg,2021-11-16T11:25:22Z,2026-04-23T11:53:56Z,2026-04-16T14:21:54Z,152,True,snapshotter,cellumation/snapshotter,git@github.com:cellumation/snapshotter.git,10
R_kgDOGYu3Vg,2021-11-16T09:08:40Z,2026-04-30T16:56:24Z,2026-04-30T16:57:31Z,19573,True,power-overwhelming,UniStuttgart-VISUS/power-overwhelming,git@github.com:UniStuttgart-VISUS/power-overwhelming.git,4
R_kgDOGYurHA,2021-11-16T08:58:19Z,2026-04-30T12:28:32Z,2026-04-30T12:28:28Z,174,False,lib-soogh,knifter/lib-soogh,git@github.com:knifter/lib-soogh.git,0
R_kgDOGYujEg,2021-11-16T08:51:12Z,2026-03-12T09:19:25Z,2026-03-12T09:19:19Z,436,True,ThunderLibraries,WebPlatformForEmbedded/ThunderLibraries,git@github.com:WebPlatformForEmbedded/ThunderLibraries.git,0
R_kgDOGYo66g,2021-11-16T02:24:47Z,2026-05-03T02:18:27Z,2026-05-03T02:18:23Z,333,False,openZoningPannel,jlacasse/openZoningPannel,git@github.com:jlacasse/openZoningPannel.git,0
R_kgDOGYoFDQ,2021-11-16T01:22:08Z,2026-03-20T18:59:56Z,2026-03-20T18:59:52Z,166,False,FindAll,ThornyFFXI/FindAll,git@github.com:ThornyFFXI/FindAll.git,9
R_kgDOGYkTQw,2021-11-15T20:35:24Z,2026-05-06T02:00:12Z,2026-05-06T02:00:07Z,85868,False,codeblocks_sfmirror,arnholm/codeblocks_sfmirror,git@github.com:arnholm/codeblocks_sfmirror.git,11
R_kgDOGYjrmA,2021-11-15T19:57:44Z,2026-05-07T08:00:38Z,2026-04-28T13:14:42Z,47751,False,ProtogenHelmet-ESP32,NCPlyn/ProtogenHelmet-ESP32,git@github.com:NCPlyn/ProtogenHelmet-ESP32.git,82
R_kgDOGYiyvA,2021-11-15T19:06:48Z,2026-03-14T04:10:00Z,2026-03-16T13:05:54Z,192,False,glm,sdragonx/glm,git@github.com:sdragonx/glm.git,2
R_kgDOGYdg8Q,2021-11-15T14:45:01Z,2026-05-05T08:42:11Z,2026-05-05T08:42:07Z,69,False,QuDrip,LiJ21/QuDrip,git@github.com:LiJ21/QuDrip.git,0
R_kgDOGYcBug,2021-11-15T13:37:28Z,2026-04-16T05:12:32Z,2026-04-16T05:12:28Z,2906,False,SDL2-EnTT-gameFR,KaseyJenkins/SDL2-EnTT-gameFR,git@github.com:KaseyJenkins/SDL2-EnTT-gameFR.git,2
R_kgDOGYb-OA,2021-11-15T13:34:54Z,2026-03-12T15:33:34Z,2026-03-12T15:33:28Z,14434,True,CIL,XploreX/CIL,git@github.com:XploreX/CIL.git,0
R_kgDOGYbNEw,2021-11-15T12:58:50Z,2026-03-19T17:48:25Z,2026-03-19T17:48:22Z,5759,True,Lickport,ShulzLab/Lickport,git@github.com:ShulzLab/Lickport.git,0
R_kgDOGYaUrw,2021-11-15T12:15:23Z,2026-04-30T23:57:32Z,2026-04-29T07:10:01Z,118650,True,xpumanager,intel/xpumanager,git@github.com:intel/xpumanager.git,165
R_kgDOGYZIEw,2021-11-15T11:09:42Z,2026-03-17T09:46:22Z,2026-03-17T09:46:17Z,76,False,KzYuen,KzYuen/KzYuen,git@github.com:KzYuen/KzYuen.git,0
R_kgDOGYSNdg,2021-11-15T04:02:27Z,2026-04-25T00:28:20Z,2026-04-25T00:28:14Z,803,False,ggpo_steamapi,metal-crow/ggpo_steamapi,git@github.com:metal-crow/ggpo_steamapi.git,1
R_kgDOGYObmw,2021-11-14T22:23:55Z,2026-05-02T02:54:05Z,2026-05-02T02:54:01Z,39,False,PostEnt2021,eggplantbren/PostEnt2021,git@github.com:eggplantbren/PostEnt2021.git,0
R_kgDOGYMyIw,2021-11-14T20:02:04Z,2026-04-29T07:07:29Z,2026-04-08T01:06:32Z,4191,True,MsRdpEx,Devolutions/MsRdpEx,git@github.com:Devolutions/MsRdpEx.git,279
R_kgDOGYLgyg,2021-11-14T18:26:53Z,2026-05-02T19:23:25Z,2026-05-02T19:23:34Z,4555,False,MW3ServerFreezer,diamante0018/MW3ServerFreezer,git@github.com:diamante0018/MW3ServerFreezer.git,2
R_kgDOGYJwQw,2021-11-14T16:21:26Z,2026-04-21T22:19:20Z,2026-04-21T22:19:17Z,358,False,restream,Mr-Dave/restream,git@github.com:Mr-Dave/restream.git,1
R_kgDOGYGN9g,2021-11-14T12:21:27Z,2026-04-29T21:47:14Z,2026-04-29T21:47:10Z,649,False,Float,ToNi3141/Float,git@github.com:ToNi3141/Float.git,3
R_kgDOGYDgww,2021-11-14T08:35:20Z,2026-05-06T15:36:22Z,2026-05-06T15:36:18Z,135,False,smart-contracts-101,abnerxch/smart-contracts-101,git@github.com:abnerxch/smart-contracts-101.git,0
R_kgDOGYBrHA,2021-11-14T05:33:00Z,2026-05-07T03:00:43Z,2026-05-07T03:00:40Z,1094,False,ComputeDuck,Sqazine/ComputeDuck,git@github.com:Sqazine/ComputeDuck.git,3
R_kgDOGYAJFQ,2021-11-14T02:43:05Z,2026-04-14T07:55:12Z,2026-03-30T17:06:45Z,5822,False,pynear,pablocael/pynear,git@github.com:pablocael/pynear.git,28
R_kgDOGX_vhQ,2021-11-14T01:55:33Z,2026-05-04T04:01:59Z,2026-05-04T20:56:20Z,830012,False,eCAV,tlandle/eCAV,git@github.com:tlandle/eCAV.git,9
R_kgDOGX-EXA,2021-11-13T22:36:44Z,2026-04-18T20:15:59Z,2026-04-18T20:15:54Z,43,False,TreeContainers,IvanMigurskiy/TreeContainers,git@github.com:IvanMigurskiy/TreeContainers.git,0
R_kgDOGX94nw,2021-11-13T22:17:25Z,2026-03-08T06:28:38Z,2026-03-08T06:28:35Z,13,False,ArduinoBustime,nmfrankel/ArduinoBustime,git@github.com:nmfrankel/ArduinoBustime.git,0
R_kgDOGX65Og,2021-11-13T17:54:02Z,2026-03-22T17:33:34Z,2026-03-22T17:33:28Z,65822,True,cpp_codes,oasis63/cpp_codes,git@github.com:oasis63/cpp_codes.git,1
R_kgDOGX5x_A,2021-11-13T16:32:59Z,2026-05-04T14:20:58Z,2026-05-04T14:19:29Z,439,True,hardware_xiaomi,VoltageOS/hardware_xiaomi,git@github.com:VoltageOS/hardware_xiaomi.git,0
R_kgDOGX3bnw,2021-11-13T13:53:04Z,2026-04-06T23:34:00Z,2026-04-06T23:33:57Z,11730,False,CppPrograms,PratyakshSinha/CppPrograms,git@github.com:PratyakshSinha/CppPrograms.git,1
R_kgDOGX2jfg,2021-11-13T12:53:45Z,2026-03-22T01:54:56Z,2026-03-22T01:54:52Z,113,True,cnpm,DataDriven-CAM/cnpm,git@github.com:DataDriven-CAM/cnpm.git,0
R_kgDOGXz75w,2021-11-13T09:27:59Z,2026-04-19T12:31:08Z,2026-04-19T12:31:04Z,33,False,cxx20_samples,pllee4/cxx20_samples,git@github.com:pllee4/cxx20_samples.git,0
R_kgDOGXylCg,2021-11-13T07:34:41Z,2026-04-23T21:25:18Z,2026-03-12T10:31:19Z,89129,False,OpenDRIVE,brifsttar/OpenDRIVE,git@github.com:brifsttar/OpenDRIVE.git,213
R_kgDOGXvp0Q,2021-11-13T02:38:45Z,2026-03-23T06:04:42Z,2026-03-23T06:04:36Z,184437,False,GitPrep,rrvt/GitPrep,git@github.com:rrvt/GitPrep.git,0
R_kgDOGXpM8Q,2021-11-12T17:35:45Z,2026-04-22T17:25:46Z,2026-04-22T17:25:42Z,11353,True,Soup,calamity-inc/Soup,git@github.com:calamity-inc/Soup.git,43
R_kgDOGXoHxw,2021-11-12T16:34:54Z,2026-03-01T00:00:37Z,2026-03-01T00:00:32Z,63,False,letsjit,makehappyinstall/letsjit,git@github.com:makehappyinstall/letsjit.git,0
R_kgDOGXn_rA,2021-11-12T16:27:41Z,2026-03-20T04:46:39Z,2026-03-20T04:46:35Z,428,False,qml-video-rs,AdrianEddy/qml-video-rs,git@github.com:AdrianEddy/qml-video-rs.git,18
R_kgDOGXnGqw,2021-11-12T15:39:07Z,2026-04-13T19:23:53Z,2026-04-13T19:23:47Z,3997,False,growatt2mqtt,nygma2004/growatt2mqtt,git@github.com:nygma2004/growatt2mqtt.git,180
R_kgDOGXmWGQ,2021-11-12T15:00:44Z,2026-05-01T11:29:54Z,2026-05-01T11:29:50Z,18266,False,cam-ts3,CamNMRService/cam-ts3,git@github.com:CamNMRService/cam-ts3.git,0
R_kgDOGXmQaA,2021-11-12T14:56:33Z,2026-04-28T18:43:27Z,2026-05-01T14:20:35Z,349971,True,mirte-ros-packages,mirte-robot/mirte-ros-packages,git@github.com:mirte-robot/mirte-ros-packages.git,6
R_kgDOGXlwnQ,2021-11-12T14:31:22Z,2026-04-30T21:25:32Z,2026-04-30T21:25:28Z,37302,False,NoiseExtension,kapi1525/NoiseExtension,git@github.com:kapi1525/NoiseExtension.git,11
R_kgDOGXlr7Q,2021-11-12T14:27:32Z,2026-03-23T16:02:30Z,2026-03-23T16:02:24Z,4058,False,FlugzeugCompiler,addrianyy/FlugzeugCompiler,git@github.com:addrianyy/FlugzeugCompiler.git,0
R_kgDOGXj-1w,2021-11-12T12:55:39Z,2026-03-06T16:18:23Z,2026-03-06T16:20:00Z,195,False,dsa,amcbn06/dsa,git@github.com:amcbn06/dsa.git,3
R_kgDOGXeVCg,2021-11-12T07:17:01Z,2026-05-04T16:12:00Z,2026-05-04T16:11:57Z,268,False,Portfolio,smcdonald3/Portfolio,git@github.com:smcdonald3/Portfolio.git,0
R_kgDOGXaFUQ,2021-11-12T01:41:59Z,2026-04-04T03:15:47Z,2026-04-04T03:15:44Z,23478,False,YoRadio,JmanNZ/YoRadio,git@github.com:JmanNZ/YoRadio.git,6
R_kgDOGXXBAw,2021-11-11T21:25:12Z,2026-03-09T16:45:08Z,2026-03-09T16:44:48Z,34159,False,PROJECTS,amadou38/PROJECTS,git@github.com:amadou38/PROJECTS.git,2
R_kgDOGXUPcw,2021-11-11T18:24:15Z,2026-05-07T10:24:25Z,2026-04-22T10:07:12Z,4820,True,react-native-worklets-core,margelo/react-native-worklets-core,git@github.com:margelo/react-native-worklets-core.git,782
R_kgDOGXQrWQ,2021-11-11T15:08:02Z,2026-05-07T09:03:38Z,2026-05-07T09:04:26Z,50763,False,TeeGrid,janscience/TeeGrid,git@github.com:janscience/TeeGrid.git,0
R_kgDOGXOklw,2021-11-11T13:22:01Z,2026-04-21T21:27:16Z,2026-05-06T18:27:26Z,8480,True,IoD_Sim,telematics-lab/IoD_Sim,git@github.com:telematics-lab/IoD_Sim.git,41
R_kgDOGXIOPA,2021-11-11T07:12:51Z,2026-05-07T02:48:07Z,2026-05-07T02:52:56Z,4449,True,milvus-sdk-cpp,milvus-io/milvus-sdk-cpp,git@github.com:milvus-io/milvus-sdk-cpp.git,54
R_kgDOGXHtPQ,2021-11-11T06:36:18Z,2026-04-13T01:39:44Z,2026-04-13T01:39:41Z,1320,True,Chronos,ThinBridge/Chronos,git@github.com:ThinBridge/Chronos.git,5
R_kgDOGXEwoQ,2021-11-11T02:41:46Z,2026-05-05T02:24:59Z,2026-05-05T02:45:58Z,1993686,False,Conquest-Enhanced-Mod,jerryweb/Conquest-Enhanced-Mod,git@github.com:jerryweb/Conquest-Enhanced-Mod.git,2
R_kgDOGXEtDA,2021-11-11T02:37:34Z,2026-05-02T21:43:23Z,2026-05-02T21:43:19Z,123,False,IOTI2CController,javaconsigliere/IOTI2CController,git@github.com:javaconsigliere/IOTI2CController.git,0
R_kgDOGXCxuQ,2021-11-11T00:03:16Z,2026-04-28T12:01:45Z,2026-04-28T12:01:39Z,1983,True,flightsql-odbc,dremio/flightsql-odbc,git@github.com:dremio/flightsql-odbc.git,15
R_kgDOGXCsKw,2021-11-10T23:55:35Z,2026-04-30T19:18:27Z,2026-04-30T19:18:22Z,10089,False,HemmTree,NextGenTechBar/HemmTree,git@github.com:NextGenTechBar/HemmTree.git,2
R_kgDOGXCilw,2021-11-10T23:42:18Z,2026-04-07T09:07:02Z,2026-04-07T06:09:59Z,12,False,Lyrics-Compressor,drussell33/Lyrics-Compressor,git@github.com:drussell33/Lyrics-Compressor.git,0
R_kgDOGXCMcw,2021-11-10T23:13:05Z,2026-04-07T09:07:37Z,2026-04-07T06:06:35Z,16,False,SortingAlgorithms,drussell33/SortingAlgorithms,git@github.com:drussell33/SortingAlgorithms.git,0
R_kgDOGXBwgg,2021-11-10T22:41:42Z,2026-04-07T09:07:58Z,2026-04-07T06:02:43Z,13,False,GameOfLife,drussell33/GameOfLife,git@github.com:drussell33/GameOfLife.git,0
R_kgDOGXBJAA,2021-11-10T21:54:56Z,2026-04-18T15:18:25Z,2026-03-04T00:52:31Z,929,False,plugincollider,asb2m10/plugincollider,git@github.com:asb2m10/plugincollider.git,131
R_kgDOGXBFXw,2021-11-10T21:50:53Z,2026-04-07T09:08:13Z,2026-04-07T05:59:55Z,44,False,Data-Structures-With-Tests,drussell33/Data-Structures-With-Tests,git@github.com:drussell33/Data-Structures-With-Tests.git,0
R_kgDOGXAWTQ,2021-11-10T21:04:33Z,2026-03-16T13:04:37Z,2026-03-16T13:04:32Z,436,True,rviz_birdeye_display,teamspatzenhirn/rviz_birdeye_display,git@github.com:teamspatzenhirn/rviz_birdeye_display.git,23
R_kgDOGW_sRg,2021-11-10T20:22:14Z,2026-04-06T16:37:22Z,2026-04-06T16:37:19Z,13,False,CW-flea-arduino-sketch,loughkb/CW-flea-arduino-sketch,git@github.com:loughkb/CW-flea-arduino-sketch.git,7
R_kgDOGW-FsA,2021-11-10T18:49:03Z,2026-03-19T08:54:27Z,2026-03-19T08:56:36Z,455,True,tool_description_lib,deNBI-cibi/tool_description_lib,git@github.com:deNBI-cibi/tool_description_lib.git,2
R_kgDOGW9gIw,2021-11-10T18:15:51Z,2026-04-19T02:16:57Z,2026-04-16T17:41:06Z,863,True,CabanaPD,ORNL/CabanaPD,git@github.com:ORNL/CabanaPD.git,34
R_kgDOGW9Jvg,2021-11-10T17:59:19Z,2026-05-03T17:30:17Z,2026-04-24T19:11:46Z,990,False,DSA-Sheet,chandanagrawal23/DSA-Sheet,git@github.com:chandanagrawal23/DSA-Sheet.git,10
R_kgDOGW7TOQ,2021-11-10T16:21:14Z,2026-04-24T18:37:54Z,2026-04-24T18:37:50Z,23758,False,solartracker,robertbedichek/solartracker,git@github.com:robertbedichek/solartracker.git,1
R_kgDOGW6zYw,2021-11-10T15:57:27Z,2026-05-02T16:01:07Z,2026-04-30T16:54:16Z,385136,True,SWaP-Constrained-UAV-deployable-Water-Level-Sensor,ARTS-Laboratory/SWaP-Constrained-UAV-deployable-Water-Level-Sensor,git@github.com:ARTS-Laboratory/SWaP-Constrained-UAV-deployable-Water-Level-Sensor.git,3
R_kgDOGW4wYg,2021-11-10T14:24:14Z,2026-04-26T03:49:05Z,2026-04-26T03:49:02Z,666,False,archive-code,q1xuanx/archive-code,git@github.com:q1xuanx/archive-code.git,4
R_kgDOGW1JkA,2021-11-10T11:17:01Z,2026-04-26T08:52:53Z,2026-04-26T08:52:49Z,618589,False,info,artisgaisma/info,git@github.com:artisgaisma/info.git,0
R_kgDOGW03hQ,2021-11-10T11:01:14Z,2026-05-05T10:23:06Z,2026-05-05T10:23:02Z,1471,True,xfce4-docklike-plugin,xfce-mirror/xfce4-docklike-plugin,git@github.com:xfce-mirror/xfce4-docklike-plugin.git,9
R_kgDOGWx_RQ,2021-11-10T08:23:46Z,2026-04-26T12:52:41Z,2026-04-26T12:52:37Z,13598,False,Algorithm_Study,dubidubob/Algorithm_Study,git@github.com:dubidubob/Algorithm_Study.git,0
R_kgDOGWxwaA,2021-11-10T08:11:36Z,2026-04-18T19:42:31Z,2026-04-18T19:42:26Z,29275,False,tiny-cuda-nn,wilsonCernWq/tiny-cuda-nn,git@github.com:wilsonCernWq/tiny-cuda-nn.git,0
R_kgDOGWrJUQ,2021-11-10T00:17:20Z,2026-05-01T22:25:11Z,2026-05-01T22:25:08Z,156,False,ElectricityMeter,joba-1/ElectricityMeter,git@github.com:joba-1/ElectricityMeter.git,4
R_kgDOGWk-Tg,2021-11-09T17:41:30Z,2026-03-11T04:16:20Z,2026-03-11T04:16:17Z,2665,False,Arduino4x7SegDisplay,TerrienDJV5/Arduino4x7SegDisplay,git@github.com:TerrienDJV5/Arduino4x7SegDisplay.git,1
R_kgDOGWjx5A,2021-11-09T16:39:50Z,2026-04-05T11:21:19Z,2026-04-05T11:21:10Z,1305,False,DSA,ShivanshGupta987/DSA,git@github.com:ShivanshGupta987/DSA.git,0
R_kgDOGWc8Cg,2021-11-09T11:05:47Z,2026-03-04T18:51:19Z,2026-03-04T18:49:20Z,18227,True,SCRaytrace,USNavalResearchLaboratory/SCRaytrace,git@github.com:USNavalResearchLaboratory/SCRaytrace.git,3
R_kgDOGWcgxA,2021-11-09T10:41:55Z,2026-05-02T22:31:40Z,2026-05-02T11:16:30Z,248,False,untrunc,LiuGuanwei77/untrunc,git@github.com:LiuGuanwei77/untrunc.git,10
R_kgDOGWafwQ,2021-11-09T08:54:09Z,2026-05-02T17:08:28Z,2026-05-02T17:08:25Z,1006,False,seir,blagodarin/seir,git@github.com:blagodarin/seir.git,0
R_kgDOGWTsPQ,2021-11-09T00:59:07Z,2026-05-04T23:48:06Z,2026-03-07T22:21:11Z,50342,False,sly1,TheOnlyZac/sly1,git@github.com:TheOnlyZac/sly1.git,204
R_kgDOGWNnlQ,2021-11-08T18:10:31Z,2026-03-30T04:44:44Z,2026-03-30T04:44:41Z,67,False,postbinary,mr-koibash/postbinary,git@github.com:mr-koibash/postbinary.git,0
R_kgDOGWMj6w,2021-11-08T17:15:01Z,2026-03-02T19:13:28Z,2026-04-14T12:25:27Z,141,True,nymea-experience-plugin-energy,nymea/nymea-experience-plugin-energy,git@github.com:nymea/nymea-experience-plugin-energy.git,0
R_kgDOGWLEVw,2021-11-08T16:01:08Z,2026-04-23T13:40:28Z,2026-03-12T07:03:08Z,26948,False,femtic,yoshiya-usui/femtic,git@github.com:yoshiya-usui/femtic.git,99
R_kgDOGWKfqw,2021-11-08T15:34:13Z,2026-04-30T01:35:18Z,2026-04-02T17:12:21Z,84,True,aws-gateway-load-balancer-tunnel-handler,aws-samples/aws-gateway-load-balancer-tunnel-handler,git@github.com:aws-samples/aws-gateway-load-balancer-tunnel-handler.git,50
R_kgDOGWJPsw,2021-11-08T14:37:42Z,2026-03-12T14:12:52Z,2026-05-04T06:27:45Z,67049,True,xs,BredaUniversityGames/xs,git@github.com:BredaUniversityGames/xs.git,9
R_kgDOGWIsnw,2021-11-08T14:13:26Z,2026-03-13T09:17:40Z,2026-03-13T09:17:36Z,363,False,Aqua,LanaAntonova/Aqua,git@github.com:LanaAntonova/Aqua.git,0
R_kgDOGWHaXw,2021-11-08T13:13:22Z,2026-05-07T10:04:48Z,2026-05-07T10:04:44Z,191,True,viola-1,versioduo/viola-1,git@github.com:versioduo/viola-1.git,0
R_kgDOGWEOjA,2021-11-08T10:22:44Z,2026-03-09T21:29:45Z,2026-04-08T10:32:16Z,1606,False,MultiStrain_Network,PouryaTS/MultiStrain_Network,git@github.com:PouryaTS/MultiStrain_Network.git,0
R_kgDOGWD29Q,2021-11-08T10:03:26Z,2026-05-07T06:19:27Z,2026-04-27T03:30:53Z,41993,True,loongcollector,alibaba/loongcollector,git@github.com:alibaba/loongcollector.git,2133
R_kgDOGWA9wg,2021-11-08T07:29:09Z,2026-05-07T11:33:39Z,2026-05-07T11:33:33Z,10867662,False,ReditusV.4.27,MKingdomMac/ReditusV.4.27,git@github.com:MKingdomMac/ReditusV.4.27.git,0
R_kgDOGV7zJw,2021-11-08T00:42:21Z,2026-04-20T14:56:13Z,2026-04-20T14:55:32Z,976,False,MachineDemoLib,charles-owen/MachineDemoLib,git@github.com:charles-owen/MachineDemoLib.git,0
R_kgDOGV6stg,2021-11-07T22:52:11Z,2026-03-27T00:47:41Z,2026-03-23T12:36:16Z,1650,False,susquash,Mrugalla/susquash,git@github.com:Mrugalla/susquash.git,13
R_kgDOGV44bQ,2021-11-07T20:10:53Z,2026-04-18T10:54:07Z,2026-04-18T10:54:03Z,313088,False,virtual-rock-galactic,NicolasAubinet/virtual-rock-galactic,git@github.com:NicolasAubinet/virtual-rock-galactic.git,28
R_kgDOGV162Q,2021-11-07T16:32:37Z,2026-04-18T08:02:48Z,2026-04-18T08:02:44Z,7770,False,OsuPlayer,HO-COOH/OsuPlayer,git@github.com:HO-COOH/OsuPlayer.git,3
R_kgDOGV1vTw,2021-11-07T16:20:00Z,2026-03-04T00:00:01Z,2026-03-03T23:54:19Z,17,False,fixedpoint,sobieh/fixedpoint,git@github.com:sobieh/fixedpoint.git,0
R_kgDOGV1ZCQ,2021-11-07T15:57:26Z,2026-03-28T16:18:50Z,2026-03-22T18:27:13Z,13253,True,signaletic,lichen-community-systems/signaletic,git@github.com:lichen-community-systems/signaletic.git,8
R_kgDOGVxr8w,2021-11-07T11:41:19Z,2026-04-28T06:06:48Z,2026-04-27T22:42:00Z,49910,False,dragon-flight,alsruf36/dragon-flight,git@github.com:alsruf36/dragon-flight.git,0
R_kgDOGVwalQ,2021-11-07T09:56:41Z,2026-04-18T10:17:34Z,2026-04-18T10:17:31Z,722,False,boj-solve,zenith82114/boj-solve,git@github.com:zenith82114/boj-solve.git,0
R_kgDOGVtxlw,2021-11-07T05:44:45Z,2026-03-15T07:16:44Z,2026-03-15T07:16:40Z,45,False,CP-source-code,AbhirupBasu-18/CP-source-code,git@github.com:AbhirupBasu-18/CP-source-code.git,0
R_kgDOGVtdxw,2021-11-07T05:09:58Z,2026-03-28T13:08:31Z,2026-03-28T13:08:27Z,161,False,iot.bloom,TeamAddis/iot.bloom,git@github.com:TeamAddis/iot.bloom.git,0
R_kgDOGVr2Kw,2021-11-07T02:02:44Z,2026-05-06T22:41:10Z,2026-05-06T22:41:06Z,1176,False,esphome_components,hencou/esphome_components,git@github.com:hencou/esphome_components.git,38
R_kgDOGVowuQ,2021-11-06T20:24:33Z,2026-05-07T08:46:59Z,2026-05-07T08:46:56Z,389418,True,VlppParser2,vczh-libraries/VlppParser2,git@github.com:vczh-libraries/VlppParser2.git,26
R_kgDOGVoPlg,2021-11-06T19:39:02Z,2026-05-01T10:48:34Z,2026-05-03T15:10:46Z,52530,False,3D-graphics-and-physics-engine,AlbertoRivadulla/3D-graphics-and-physics-engine,git@github.com:AlbertoRivadulla/3D-graphics-and-physics-engine.git,0
R_kgDOGVmeaw,2021-11-06T17:18:03Z,2026-04-25T06:02:31Z,2026-04-25T06:02:39Z,136,True,hif,masc-ucsc/hif,git@github.com:masc-ucsc/hif.git,10
R_kgDOGVmAQQ,2021-11-06T16:44:00Z,2026-03-08T18:17:47Z,2026-03-08T18:17:43Z,71,False,cpp-utils,licekto/cpp-utils,git@github.com:licekto/cpp-utils.git,0
R_kgDOGVlH7g,2021-11-06T15:40:23Z,2026-04-21T14:05:47Z,2026-04-17T19:04:20Z,116393,True,alpaqa,kul-optec/alpaqa,git@github.com:kul-optec/alpaqa.git,89
R_kgDOGViFJA,2021-11-06T11:54:35Z,2026-04-30T08:14:58Z,2026-04-30T08:14:53Z,1356,True,covfie,acts-project/covfie,git@github.com:acts-project/covfie.git,17
R_kgDOGVh_2A,2021-11-06T11:47:48Z,2026-04-27T02:34:25Z,2026-04-27T02:34:20Z,99,False,ESPPSUControl,fdimitri/ESPPSUControl,git@github.com:fdimitri/ESPPSUControl.git,2
R_kgDOGVgqRQ,2021-11-06T09:52:53Z,2026-03-20T23:22:01Z,2026-03-20T23:21:57Z,901,False,lzbuild,KangNansi/lzbuild,git@github.com:KangNansi/lzbuild.git,0
R_kgDOGVfIjA,2021-11-06T07:32:02Z,2026-03-01T13:04:59Z,2026-03-01T13:04:56Z,1365,False,LeetCode,YingjuHan/LeetCode,git@github.com:YingjuHan/LeetCode.git,0
R_kgDOGVX89Q,2021-11-05T19:41:44Z,2026-04-19T20:34:38Z,2026-04-19T20:34:33Z,7017,False,minivulkan,cdragan/minivulkan,git@github.com:cdragan/minivulkan.git,2
R_kgDOGVX4Dw,2021-11-05T19:36:15Z,2026-04-23T15:42:31Z,2026-04-23T15:42:26Z,39667,True,FerroX,AMReX-Microelectronics/FerroX,git@github.com:AMReX-Microelectronics/FerroX.git,33
R_kgDOGVQ92w,2021-11-05T13:06:31Z,2026-04-04T21:23:34Z,2026-04-04T21:23:29Z,235,False,Cpl,ermig1979/Cpl,git@github.com:ermig1979/Cpl.git,2
R_kgDOGVQkAw,2021-11-05T12:42:42Z,2026-04-29T14:09:43Z,2026-04-29T15:43:34Z,494,True,cudawrappers,nlesc-recruit/cudawrappers,git@github.com:nlesc-recruit/cudawrappers.git,10
R_kgDOGVPo7g,2021-11-05T11:47:37Z,2026-03-12T03:15:32Z,2026-03-12T03:15:27Z,1139,False,commonClass,channyHuang/commonClass,git@github.com:channyHuang/commonClass.git,0
R_kgDOGVL0_g,2021-11-05T07:49:57Z,2026-03-27T14:50:49Z,2026-03-16T20:26:44Z,733,False,Ryu,ddiazdom/Ryu,git@github.com:ddiazdom/Ryu.git,3
R_kgDOGVJwow,2021-11-05T05:02:18Z,2026-03-07T07:56:29Z,2026-03-07T07:56:25Z,541,False,Algorithm_PS,jaehyung409/Algorithm_PS,git@github.com:jaehyung409/Algorithm_PS.git,0
R_kgDOGVI98w,2021-11-05T03:49:03Z,2026-05-06T17:20:26Z,2026-05-06T17:20:15Z,1375,False,false.alarm.io,franzbischoff/false.alarm.io,git@github.com:franzbischoff/false.alarm.io.git,0
R_kgDOGVERdw,2021-11-04T21:20:41Z,2026-05-01T03:05:29Z,2026-05-01T03:46:39Z,35595,True,isaac_ros_image_segmentation,NVIDIA-ISAAC-ROS/isaac_ros_image_segmentation,git@github.com:NVIDIA-ISAAC-ROS/isaac_ros_image_segmentation.git,118
R_kgDOGVD9-A,2021-11-04T20:58:24Z,2026-05-07T07:36:25Z,2026-05-01T03:46:48Z,951,True,isaac_ros_pose_estimation,NVIDIA-ISAAC-ROS/isaac_ros_pose_estimation,git@github.com:NVIDIA-ISAAC-ROS/isaac_ros_pose_estimation.git,441
R_kgDOGVAvRA,2021-11-04T17:40:00Z,2026-05-06T13:12:54Z,2026-05-06T13:12:50Z,30197,False,FileSync,peterpa-web/FileSync,git@github.com:peterpa-web/FileSync.git,0
R_kgDOGVAU-w,2021-11-04T17:16:34Z,2026-05-02T18:33:18Z,2026-05-02T18:33:14Z,3578,False,PostLightController,cmarrin/PostLightController,git@github.com:cmarrin/PostLightController.git,0
R_kgDOGU_tcg,2021-11-04T16:42:15Z,2026-04-05T17:14:59Z,2026-04-05T17:14:52Z,831,True,SnakeEye,X-dea/SnakeEye,git@github.com:X-dea/SnakeEye.git,1
R_kgDOGU7rig,2021-11-04T13:17:45Z,2026-03-22T16:38:53Z,2026-03-22T16:38:51Z,5131,False,libfwk,nadult/libfwk,git@github.com:nadult/libfwk.git,16
R_kgDOGU7Ibg,2021-11-04T12:49:20Z,2026-04-10T00:25:43Z,2026-05-07T09:59:51Z,8758,True,OpenGeode-Inspector,Geode-solutions/OpenGeode-Inspector,git@github.com:Geode-solutions/OpenGeode-Inspector.git,10
R_kgDOGU659w,2021-11-04T12:36:55Z,2026-04-03T06:28:13Z,2026-04-03T06:28:04Z,55574,False,osh,ninjachris81/osh,git@github.com:ninjachris81/osh.git,2
R_kgDOGU5t4A,2021-11-04T11:29:21Z,2026-04-26T10:45:59Z,2026-03-08T09:32:45Z,673,True,FileVersionManager,Xiangyu-Labs/FileVersionManager,git@github.com:Xiangyu-Labs/FileVersionManager.git,2
R_kgDOGUzB8Q,2021-11-04T03:31:40Z,2026-03-31T02:06:31Z,2026-03-31T02:06:27Z,18666,False,CPP-PROGRAMMING,imanmay2/CPP-PROGRAMMING,git@github.com:imanmay2/CPP-PROGRAMMING.git,0
R_kgDOGUy5ag,2021-11-04T03:20:11Z,2026-04-15T12:37:55Z,2026-04-15T12:37:50Z,692,True,qlcal-r,qlcal/qlcal-r,git@github.com:qlcal/qlcal-r.git,9
R_kgDOGUxrSA,2021-11-04T01:46:39Z,2026-05-02T17:36:01Z,2026-04-18T08:54:56Z,18568,False,Competitive-Programming,om-ashish-soni/Competitive-Programming,git@github.com:om-ashish-soni/Competitive-Programming.git,110
R_kgDOGUxC_w,2021-11-04T00:58:20Z,2026-05-05T03:23:44Z,2026-05-05T03:23:40Z,5,False,funcionesEeprom,cristianCarrerasCastillo/funcionesEeprom,git@github.com:cristianCarrerasCastillo/funcionesEeprom.git,1
R_kgDOGUvMQw,2021-11-03T22:23:35Z,2026-05-05T23:25:30Z,2026-05-05T23:30:28Z,44159,True,aktualizr,toradex/aktualizr,git@github.com:toradex/aktualizr.git,7
R_kgDOGUtjsA,2021-11-03T20:30:04Z,2026-05-05T02:51:31Z,2026-05-05T02:51:27Z,124682,False,opentoonz-eva,GabrielCambe/opentoonz-eva,git@github.com:GabrielCambe/opentoonz-eva.git,0
R_kgDOGUfFqw,2021-11-03T07:48:41Z,2026-03-28T13:56:38Z,2026-03-28T13:56:35Z,36,False,template,bhushanpatil88/template,git@github.com:bhushanpatil88/template.git,0
R_kgDOGUcjtA,2021-11-03T04:35:20Z,2026-04-07T10:18:14Z,2026-04-07T10:23:33Z,55399,False,Localization,LazyPanda07/Localization,git@github.com:LazyPanda07/Localization.git,0
R_kgDOGUa0GA,2021-11-03T02:17:50Z,2026-05-07T08:27:24Z,2026-05-07T08:27:20Z,19385,False,Maduino-Zero-4G-LTE,Makerfabs/Maduino-Zero-4G-LTE,git@github.com:Makerfabs/Maduino-Zero-4G-LTE.git,32
R_kgDOGUY57Q,2021-11-02T23:44:37Z,2026-05-05T17:55:36Z,2026-05-05T17:55:09Z,419647,False,Coding,ssk4988/Coding,git@github.com:ssk4988/Coding.git,3
R_kgDOGUVCzQ,2021-11-02T19:14:34Z,2026-04-29T22:30:14Z,2026-04-29T22:30:10Z,7449,True,soca,JCSDA/soca,git@github.com:JCSDA/soca.git,7
R_kgDOGURQQw,2021-11-02T15:54:21Z,2026-04-02T21:10:44Z,2026-04-30T03:15:54Z,1279,True,fdreadoutlibs,DUNE-DAQ/fdreadoutlibs,git@github.com:DUNE-DAQ/fdreadoutlibs.git,0
R_kgDOGUPQAg,2021-11-02T14:24:26Z,2026-03-28T20:52:03Z,2026-03-28T20:52:00Z,307,False,System,Nemirtingas/System,git@github.com:Nemirtingas/System.git,1
R_kgDOGUNDMQ,2021-11-02T12:40:21Z,2026-04-27T19:39:06Z,2026-04-27T19:39:02Z,2974,False,baekjoon,Amylo-jh/baekjoon,git@github.com:Amylo-jh/baekjoon.git,1
R_kgDOGUAFHg,2021-11-01T21:50:05Z,2026-04-10T07:45:33Z,2026-04-10T07:45:29Z,59389,False,hive,balldrix/hive,git@github.com:balldrix/hive.git,1
R_kgDOGT_ysQ,2021-11-01T21:28:13Z,2026-05-03T06:27:50Z,2026-04-10T20:47:25Z,60872,False,satisfactory-3d-map,moritz-h/satisfactory-3d-map,git@github.com:moritz-h/satisfactory-3d-map.git,48
R_kgDOGT95Iw,2021-11-01T19:26:01Z,2026-05-06T12:40:42Z,2026-05-05T01:02:56Z,301,True,jax-finufft,flatironinstitute/jax-finufft,git@github.com:flatironinstitute/jax-finufft.git,130
R_kgDOGT64PA,2021-11-01T16:39:53Z,2026-04-24T17:46:51Z,2026-04-24T17:45:37Z,8110,True,polybar,rpm-devel/polybar,git@github.com:rpm-devel/polybar.git,0
R_kgDOGT37mA,2021-11-01T14:18:43Z,2026-03-10T17:28:07Z,2026-03-10T17:28:03Z,852,False,moderncpp,nitesh038/moderncpp,git@github.com:nitesh038/moderncpp.git,1
R_kgDOGT3Zag,2021-11-01T13:53:38Z,2026-05-05T14:51:40Z,2026-05-05T14:50:46Z,3850,True,movie-player,wamsoft/movie-player,git@github.com:wamsoft/movie-player.git,0
R_kgDOGT1Qvw,2021-11-01T12:00:10Z,2026-05-06T18:35:45Z,2026-05-06T18:36:56Z,66470,True,AUSAXS,AUSAXS/AUSAXS,git@github.com:AUSAXS/AUSAXS.git,7
R_kgDOGT1Qkw,2021-11-01T12:00:00Z,2026-04-15T13:44:04Z,2026-04-15T13:43:55Z,229923,False,OpcServant,bazza2jw/OpcServant,git@github.com:bazza2jw/OpcServant.git,3
R_kgDOGTwztw,2021-11-01T07:33:44Z,2026-03-30T18:27:29Z,2026-03-30T18:27:24Z,600,True,ims-20190815,alibabacloud-sdk-cpp/ims-20190815,git@github.com:alibabacloud-sdk-cpp/ims-20190815.git,0
R_kgDOGTtvvQ,2021-11-01T03:29:12Z,2026-04-23T03:22:01Z,2026-04-23T03:25:49Z,801,False,xbdm_gdb_bridge,abaire/xbdm_gdb_bridge,git@github.com:abaire/xbdm_gdb_bridge.git,16
R_kgDOGTqnYQ,2021-10-31T22:28:18Z,2026-03-21T05:27:23Z,2026-03-21T05:27:02Z,760378,False,HL2-RebalanceMod,Milkman68/HL2-RebalanceMod,git@github.com:Milkman68/HL2-RebalanceMod.git,3
R_kgDOGTkiOQ,2021-10-31T14:45:01Z,2026-04-12T17:27:26Z,2026-04-12T17:27:18Z,12594,False,spellcross-map-edit,smaslan/spellcross-map-edit,git@github.com:smaslan/spellcross-map-edit.git,4
R_kgDOGTcWCg,2021-10-31T03:08:18Z,2026-05-03T11:09:29Z,2026-04-20T15:26:35Z,42879,True,SVIn,AutonomousFieldRoboticsLab/SVIn,git@github.com:AutonomousFieldRoboticsLab/SVIn.git,167
R_kgDOGTa9YA,2021-10-31T00:17:17Z,2026-04-17T08:14:12Z,2026-04-08T05:31:49Z,44189,False,ESPySpa,wayne-love/ESPySpa,git@github.com:wayne-love/ESPySpa.git,16
R_kgDOGTa0LA,2021-10-30T23:59:38Z,2026-03-19T15:15:19Z,2026-03-19T15:12:43Z,51,False,esphome-standing-desk,tjhorner/esphome-standing-desk,git@github.com:tjhorner/esphome-standing-desk.git,84
R_kgDOGTaKhQ,2021-10-30T22:37:31Z,2026-04-16T03:35:27Z,2026-04-25T03:25:15Z,3786,True,wrenfold,wrenfold/wrenfold,git@github.com:wrenfold/wrenfold.git,75
R_kgDOGTVe2Q,2021-10-30T16:06:21Z,2026-05-05T20:34:56Z,2026-05-05T20:34:52Z,8065,False,C7Engine,Carloschi7/C7Engine,git@github.com:Carloschi7/C7Engine.git,0
R_kgDOGTVU6w,2021-10-30T15:56:21Z,2026-05-01T15:28:55Z,2026-05-01T15:28:51Z,11,False,arduino,andreaak/arduino,git@github.com:andreaak/arduino.git,0
R_kgDOGTUryw,2021-10-30T15:12:26Z,2026-03-20T12:12:04Z,2026-03-20T12:12:00Z,167,False,esphome-config-files,barrenechea/esphome-config-files,git@github.com:barrenechea/esphome-config-files.git,17
R_kgDOGTUj7w,2021-10-30T15:04:19Z,2026-05-03T16:38:11Z,2026-04-30T18:22:28Z,41470,True,MillenniumDB,MillenniumDB/MillenniumDB,git@github.com:MillenniumDB/MillenniumDB.git,258
R_kgDOGTTmVA,2021-10-30T14:02:37Z,2026-03-23T13:42:53Z,2026-04-08T12:44:14Z,31030,True,ADP8,MockaSort-Studio/ADP8,git@github.com:MockaSort-Studio/ADP8.git,3
R_kgDOGTTA7A,2021-10-30T13:23:53Z,2026-04-21T13:20:42Z,2026-04-21T13:35:37Z,106404,False,RPR,MakanAKaregar/RPR,git@github.com:MakanAKaregar/RPR.git,18
R_kgDOGTSJvw,2021-10-30T12:22:20Z,2026-03-12T12:02:06Z,2026-03-12T12:02:01Z,27,False,chess-cpp,DPChanny/chess-cpp,git@github.com:DPChanny/chess-cpp.git,0
R_kgDOGTSHLQ,2021-10-30T12:19:15Z,2026-04-05T21:19:45Z,2026-04-05T21:29:29Z,403,False,chlorobot,Chlorophytus/chlorobot,git@github.com:Chlorophytus/chlorobot.git,2
R_kgDOGTNpYg,2021-10-30T06:10:30Z,2026-04-23T22:20:05Z,2026-04-23T22:20:01Z,17,False,Hacker_Rank,Sarder-Iftekhar/Hacker_Rank,git@github.com:Sarder-Iftekhar/Hacker_Rank.git,1
R_kgDOGTNpBg,2021-10-30T06:09:53Z,2026-04-10T01:14:18Z,2026-03-23T18:58:30Z,22283,False,lnDSO150,mean00/lnDSO150,git@github.com:mean00/lnDSO150.git,65
R_kgDOGTM1bg,2021-10-30T04:49:52Z,2026-04-04T02:11:28Z,2026-04-04T02:11:24Z,84131,False,Music-Studio-Midi-Sequecer,patchell/Music-Studio-Midi-Sequecer,git@github.com:patchell/Music-Studio-Midi-Sequecer.git,0
R_kgDOGTLaOw,2021-10-30T02:22:40Z,2026-04-13T15:09:14Z,2026-04-13T15:09:10Z,169,False,Dojo,Brochu/Dojo,git@github.com:Brochu/Dojo.git,0
R_kgDOGTJfgQ,2021-10-29T22:50:47Z,2026-03-12T22:11:48Z,2026-03-12T22:11:43Z,2993,False,graptor,hvdieren/graptor,git@github.com:hvdieren/graptor.git,1
R_kgDOGTBz1A,2021-10-29T14:28:32Z,2026-04-30T00:55:26Z,2026-04-30T00:55:22Z,6151,True,ANARI-SDK,KhronosGroup/ANARI-SDK,git@github.com:KhronosGroup/ANARI-SDK.git,287
R_kgDOGTBKjg,2021-10-29T13:57:39Z,2026-04-17T14:44:22Z,2026-04-17T14:44:17Z,34665,False,Competitive-Programming,omkarharade/Competitive-Programming,git@github.com:omkarharade/Competitive-Programming.git,0
R_kgDOGTA5Pw,2021-10-29T13:44:17Z,2026-04-30T16:14:30Z,2026-04-30T16:00:27Z,46323,False,Luna-App,Ixaruz/Luna-App,git@github.com:Ixaruz/Luna-App.git,72
R_kgDOGS7TCg,2021-10-29T08:30:04Z,2026-05-04T17:47:24Z,2026-05-04T17:47:20Z,222,False,CodeForces,Shahariar-Anu/CodeForces,git@github.com:Shahariar-Anu/CodeForces.git,0
R_kgDOGS2lMw,2021-10-29T02:47:23Z,2026-04-26T22:15:41Z,2026-04-26T22:15:37Z,476,False,colibry,laplima/colibry,git@github.com:laplima/colibry.git,0
R_kgDOGS0K-Q,2021-10-28T23:21:08Z,2026-03-28T22:09:07Z,2026-03-28T22:07:26Z,19,False,RedditRAT,M3aCulpa/RedditRAT,git@github.com:M3aCulpa/RedditRAT.git,0
R_kgDOGSw9uQ,2021-10-28T19:23:38Z,2026-05-06T22:54:24Z,2026-05-06T22:57:22Z,594202,False,NP3_MS_Workflow,danielatrivella/NP3_MS_Workflow,git@github.com:danielatrivella/NP3_MS_Workflow.git,15
R_kgDOGSwEXw,2021-10-28T18:31:10Z,2026-05-05T18:29:13Z,2026-05-05T18:29:07Z,2894,False,LeetCode-tracker,DamianArado/LeetCode-tracker,git@github.com:DamianArado/LeetCode-tracker.git,3
R_kgDOGStnDQ,2021-10-28T16:20:26Z,2026-05-06T17:23:30Z,2026-05-06T17:23:25Z,4315,True,Swirl,SwirlLang/Swirl,git@github.com:SwirlLang/Swirl.git,17
R_kgDOGSrI2A,2021-10-28T14:22:55Z,2026-05-05T16:12:20Z,2026-05-07T11:33:38Z,276168,False,rodin,cbritopacheco/rodin,git@github.com:cbritopacheco/rodin.git,53
R_kgDOGSq1xw,2021-10-28T14:09:25Z,2026-04-16T04:36:22Z,2026-04-16T04:36:17Z,40,False,rosbag2_composable_recorder,berndpfrommer/rosbag2_composable_recorder,git@github.com:berndpfrommer/rosbag2_composable_recorder.git,17
R_kgDOGSqrWQ,2021-10-28T14:01:53Z,2026-04-21T21:35:42Z,2026-04-21T21:35:38Z,78,False,minilog,corporateshark/minilog,git@github.com:corporateshark/minilog.git,34
R_kgDOGSqNyg,2021-10-28T13:40:07Z,2026-04-30T17:46:06Z,2026-05-06T09:33:49Z,1313,True,estoraged,openbmc/estoraged,git@github.com:openbmc/estoraged.git,2
R_kgDOGSqE0A,2021-10-28T13:33:17Z,2026-05-01T15:53:02Z,2026-05-01T15:52:53Z,79559,False,Online_Judge-Competitive_Programming,nh0znoisung/Online_Judge-Competitive_Programming,git@github.com:nh0znoisung/Online_Judge-Competitive_Programming.git,0
R_kgDOGSlJVQ,2021-10-28T09:06:02Z,2026-03-28T20:05:08Z,2026-03-28T20:05:04Z,107290,False,GB-Cartridge-Dumper,DrVector-000/GB-Cartridge-Dumper,git@github.com:DrVector-000/GB-Cartridge-Dumper.git,4
R_kgDOGSknhA,2021-10-28T08:37:19Z,2026-03-20T03:11:57Z,2026-03-20T03:11:53Z,17112,False,Algorithm_Graphic,Matsuko97/Algorithm_Graphic,git@github.com:Matsuko97/Algorithm_Graphic.git,0
R_kgDOGSkfBA,2021-10-28T08:30:34Z,2026-05-07T07:18:29Z,2026-05-07T07:18:25Z,363,False,leetcode,lpapp/leetcode,git@github.com:lpapp/leetcode.git,0
R_kgDOGSj9qg,2021-10-28T08:02:38Z,2026-05-06T08:40:10Z,2026-05-06T09:08:05Z,23776,True,qtpositioning,qt/qtpositioning,git@github.com:qt/qtpositioning.git,10
R_kgDOGShRSQ,2021-10-28T05:11:49Z,2026-03-03T17:22:05Z,2026-04-08T20:36:29Z,1771,True,CASMcode_clexmonte,prisms-center/CASMcode_clexmonte,git@github.com:prisms-center/CASMcode_clexmonte.git,0
R_kgDOGSgt5Q,2021-10-28T04:26:27Z,2026-04-26T11:06:42Z,2026-04-22T08:24:01Z,75,True,CPP-20-STL-Cookbook,PacktPublishing/CPP-20-STL-Cookbook,git@github.com:PacktPublishing/CPP-20-STL-Cookbook.git,157
R_kgDOGSd-FA,2021-10-28T00:51:40Z,2026-04-06T17:01:55Z,2026-04-06T17:01:45Z,11577,False,test,tsangel/test,git@github.com:tsangel/test.git,0
R_kgDOGSdvuw,2021-10-28T00:32:10Z,2026-04-15T06:00:43Z,2026-04-15T06:05:06Z,4480,True,fastEDM-r,EDM-Developers/fastEDM-r,git@github.com:EDM-Developers/fastEDM-r.git,5
R_kgDOGScPow,2021-10-27T22:22:00Z,2026-04-21T12:19:09Z,2026-04-21T12:19:04Z,1921,False,firebeetle-esp32-e-thermometer,antoinecellerier/firebeetle-esp32-e-thermometer,git@github.com:antoinecellerier/firebeetle-esp32-e-thermometer.git,4
R_kgDOGSbzlw,2021-10-27T21:48:12Z,2026-04-02T12:02:46Z,2026-04-02T12:02:42Z,71,False,aglio,dominicpoeschko/aglio,git@github.com:dominicpoeschko/aglio.git,32
R_kgDOGSbewQ,2021-10-27T21:23:22Z,2026-04-25T18:40:08Z,2026-04-25T18:40:05Z,411,False,esp32-userport-driver,pottendo/esp32-userport-driver,git@github.com:pottendo/esp32-userport-driver.git,4
R_kgDOGSbIlA,2021-10-27T20:59:37Z,2026-05-07T09:14:52Z,2026-05-07T09:14:48Z,1878,False,Ebyte-amsi-patchless-vehhwbp,ZukoChris/Ebyte-amsi-patchless-vehhwbp,git@github.com:ZukoChris/Ebyte-amsi-patchless-vehhwbp.git,2
R_kgDOGSSxhg,2021-10-27T13:43:37Z,2026-04-07T15:09:48Z,2026-04-13T17:36:03Z,726223,True,CombinedAndroid,PaperAnalyticalDeviceND/CombinedAndroid,git@github.com:PaperAnalyticalDeviceND/CombinedAndroid.git,0
R_kgDOGSSs0Q,2021-10-27T13:40:22Z,2026-05-02T13:03:40Z,2026-04-28T08:54:50Z,2727,True,wfrest,wfrest/wfrest,git@github.com:wfrest/wfrest.git,997
R_kgDOGSRVUg,2021-10-27T12:35:35Z,2026-04-13T10:54:16Z,2026-04-13T10:54:08Z,641046,False,ClientDevLib,ShadowZzj/ClientDevLib,git@github.com:ShadowZzj/ClientDevLib.git,8
R_kgDOGSPeJA,2021-10-27T10:56:31Z,2026-05-05T17:56:55Z,2026-05-05T17:56:50Z,321,True,ofxSceneManagerGui,fusefactory/ofxSceneManagerGui,git@github.com:fusefactory/ofxSceneManagerGui.git,1
R_kgDOGSL0dQ,2021-10-27T07:36:39Z,2026-04-27T18:53:03Z,2026-04-27T18:53:00Z,220,True,actiontrail-20200706,alibabacloud-sdk-cpp/actiontrail-20200706,git@github.com:alibabacloud-sdk-cpp/actiontrail-20200706.git,0
R_kgDOGSHl0g,2021-10-27T02:33:13Z,2026-04-29T08:43:38Z,2026-04-29T08:43:33Z,315929,True,mlu-ops,Cambricon/mlu-ops,git@github.com:Cambricon/mlu-ops.git,163
R_kgDOGSD6hQ,2021-10-26T21:38:33Z,2026-03-22T19:28:28Z,2026-03-22T19:28:24Z,48528,False,Schedule,caiquereiss/Schedule,git@github.com:caiquereiss/Schedule.git,0
R_kgDOGSDArQ,2021-10-26T20:37:32Z,2026-05-04T19:12:33Z,2026-05-04T19:12:29Z,3593,False,privPointLoc,adamicaulfield/privPointLoc,git@github.com:adamicaulfield/privPointLoc.git,0
R_kgDOGSAl7A,2021-10-26T18:18:31Z,2026-04-28T14:39:15Z,2026-04-28T14:22:33Z,156837,False,bojPractice,K14KHaNaSa/bojPractice,git@github.com:K14KHaNaSa/bojPractice.git,0
R_kgDOGR-wBg,2021-10-26T16:44:30Z,2026-05-05T10:54:23Z,2026-05-05T11:41:45Z,4648,True,PyPartMC,open-atmos/PyPartMC,git@github.com:open-atmos/PyPartMC.git,31
R_kgDOGR5wFg,2021-10-26T12:57:32Z,2026-04-06T10:53:09Z,2026-04-06T10:52:20Z,25,False,cpp-examples,patapufate/cpp-examples,git@github.com:patapufate/cpp-examples.git,0
R_kgDOGR4P7g,2021-10-26T11:42:00Z,2026-04-09T06:26:17Z,2026-05-04T08:44:59Z,57634,False,ShadedPathV,ClemensX/ShadedPathV,git@github.com:ClemensX/ShadedPathV.git,3
R_kgDOGR2wDA,2021-10-26T10:17:03Z,2026-03-22T13:45:55Z,2026-03-22T13:45:48Z,13946,False,BinDiffSynchronizer,netkeep80/BinDiffSynchronizer,git@github.com:netkeep80/BinDiffSynchronizer.git,0
R_kgDOGR0gfg,2021-10-26T08:17:27Z,2026-03-31T11:39:58Z,2026-03-31T11:39:53Z,27,False,autograd,apereiroc/autograd,git@github.com:apereiroc/autograd.git,0
R_kgDOGRxvgg,2021-10-26T05:37:00Z,2026-04-22T08:23:24Z,2026-04-22T08:23:22Z,42586,True,IDScanIDParserIOS,IDScanNet/IDScanIDParserIOS,git@github.com:IDScanNet/IDScanIDParserIOS.git,0
R_kgDOGRxeiQ,2021-10-26T05:16:28Z,2026-05-03T18:34:30Z,2026-05-03T18:34:27Z,1726,False,wordclock_esp32,stickperson/wordclock_esp32,git@github.com:stickperson/wordclock_esp32.git,2
R_kgDOGRwJ8w,2021-10-26T03:37:40Z,2026-04-14T18:17:44Z,2026-04-14T18:17:39Z,1537,True,cloudapi-20160714,alibabacloud-sdk-cpp/cloudapi-20160714,git@github.com:alibabacloud-sdk-cpp/cloudapi-20160714.git,0
R_kgDOGRvkCA,2021-10-26T02:52:33Z,2026-05-04T05:29:37Z,2026-05-04T05:29:33Z,748,False,strpp,cjheath/strpp,git@github.com:cjheath/strpp.git,13
R_kgDOGRq-8w,2021-10-25T21:00:50Z,2026-04-29T12:08:10Z,2026-04-29T12:08:06Z,2204,False,GLinES,RusJJ/GLinES,git@github.com:RusJJ/GLinES.git,3
R_kgDOGRnqzg,2021-10-25T17:52:30Z,2026-04-24T16:26:03Z,2026-04-24T16:07:59Z,17035,True,labios,grc-iit/labios,git@github.com:grc-iit/labios.git,1
R_kgDOGRlNkA,2021-10-25T15:51:29Z,2026-03-10T08:10:22Z,2026-03-10T08:10:18Z,9,False,IoT-NodemCU-dan-Firebase-,ASNProject/IoT-NodemCU-dan-Firebase-,git@github.com:ASNProject/IoT-NodemCU-dan-Firebase-.git,0
R_kgDOGRjHkw,2021-10-25T14:18:04Z,2026-05-06T18:06:19Z,2026-05-07T11:29:33Z,9328,True,lba2-classic-community,LBALab/lba2-classic-community,git@github.com:LBALab/lba2-classic-community.git,91
R_kgDOGRiU9A,2021-10-25T13:44:13Z,2026-03-19T14:48:28Z,2026-03-19T14:47:46Z,9482,True,sheld0n,C0PEP0D/sheld0n,git@github.com:C0PEP0D/sheld0n.git,0
R_kgDOGRhdwA,2021-10-25T13:05:53Z,2026-03-18T13:38:23Z,2026-03-18T13:44:28Z,3992,False,yUI-NVSE,yvileapsis/yUI-NVSE,git@github.com:yvileapsis/yUI-NVSE.git,7
R_kgDOGRgJSA,2021-10-25T12:01:03Z,2026-05-06T08:36:53Z,2026-05-06T16:25:41Z,34384,True,hip-programming,csc-training/hip-programming,git@github.com:csc-training/hip-programming.git,13
R_kgDOGRddVA,2021-10-25T09:36:22Z,2026-05-06T06:23:02Z,2026-04-16T10:06:11Z,3043,True,esp-tflite-micro,espressif/esp-tflite-micro,git@github.com:espressif/esp-tflite-micro.git,634
R_kgDOGRbpNw,2021-10-25T08:04:36Z,2026-04-24T06:13:19Z,2026-04-24T06:13:14Z,597252,True,barcode-reader-c-cpp-samples,Dynamsoft/barcode-reader-c-cpp-samples,git@github.com:Dynamsoft/barcode-reader-c-cpp-samples.git,6
R_kgDOGRWshg,2021-10-25T02:18:08Z,2026-03-26T07:40:38Z,2026-03-21T05:08:30Z,16739,False,vnpy_tora,vnpy/vnpy_tora,git@github.com:vnpy/vnpy_tora.git,25
R_kgDOGRSyfA,2021-10-24T20:19:23Z,2026-04-28T20:32:54Z,2026-04-25T18:03:48Z,51,False,cpp-code-snippets,m-hu/cpp-code-snippets,git@github.com:m-hu/cpp-code-snippets.git,0
R_kgDOGRQMog,2021-10-24T17:03:58Z,2026-04-27T07:59:52Z,2026-04-27T07:59:47Z,28715,False,esp32go,masutokw/esp32go,git@github.com:masutokw/esp32go.git,4
R_kgDOGROVGw,2021-10-24T14:54:44Z,2026-05-02T09:58:17Z,2026-04-18T16:02:36Z,3601,False,esphome-somfy,Viproz/esphome-somfy,git@github.com:Viproz/esphome-somfy.git,9
R_kgDOGRLB7Q,2021-10-24T11:04:09Z,2026-03-25T20:02:44Z,2026-03-25T20:02:40Z,2193,False,atomicx,solariun/atomicx,git@github.com:solariun/atomicx.git,18
R_kgDOGRC9uQ,2021-10-23T21:31:58Z,2026-04-06T21:43:27Z,2026-04-06T21:43:24Z,43,False,Aquarduino,yeagle/Aquarduino,git@github.com:yeagle/Aquarduino.git,0
R_kgDOGRB9Jw,2021-10-23T20:01:38Z,2026-05-02T23:38:05Z,2026-05-03T23:36:09Z,8390,True,avendish,celtera/avendish,git@github.com:celtera/avendish.git,475
R_kgDOGRAdxw,2021-10-23T18:03:49Z,2026-04-30T09:42:31Z,2026-04-30T09:42:27Z,35,True,dlp,halon-extras/dlp,git@github.com:halon-extras/dlp.git,0
R_kgDOGQ--EQ,2021-10-23T16:17:12Z,2026-04-21T20:13:44Z,2026-04-21T20:13:39Z,120439,False,Spirit,MStachowicz/Spirit,git@github.com:MStachowicz/Spirit.git,5
R_kgDOGQ8O8Q,2021-10-23T13:15:38Z,2026-04-26T18:46:22Z,2026-04-26T18:46:19Z,164851,True,nerva,nerva-project/nerva,git@github.com:nerva-project/nerva.git,9
R_kgDOGQ5WOQ,2021-10-23T09:34:31Z,2026-03-19T21:29:45Z,2026-03-19T21:29:40Z,177,True,mola_vision,MOLAorg/mola_vision,git@github.com:MOLAorg/mola_vision.git,9
R_kgDOGQ4ozA,2021-10-23T08:37:55Z,2026-03-18T23:16:04Z,2026-03-27T10:34:03Z,12775,True,swedish-olympiad-2012,Kodsport/swedish-olympiad-2012,git@github.com:Kodsport/swedish-olympiad-2012.git,0
R_kgDOGQ3SZw,2021-10-23T06:45:06Z,2026-03-05T13:23:54Z,2026-03-05T13:23:50Z,287,False,cgnsMeshCutter,Mlagithub/cgnsMeshCutter,git@github.com:Mlagithub/cgnsMeshCutter.git,0
R_kgDOGQ3PXw,2021-10-23T06:40:51Z,2026-05-07T05:38:38Z,2026-05-07T05:38:35Z,1157,False,csd-cpp,luk036/csd-cpp,git@github.com:luk036/csd-cpp.git,0
R_kgDOGQzVeQ,2021-10-22T23:54:14Z,2026-04-23T20:37:00Z,2026-04-23T20:36:55Z,85,False,Mecatronica_Jovem,InstitutoNCB/Mecatronica_Jovem,git@github.com:InstitutoNCB/Mecatronica_Jovem.git,0
R_kgDOGQyt0w,2021-10-22T22:51:22Z,2026-05-05T04:02:41Z,2026-04-23T01:08:27Z,5008,False,JIVE,ImJimmi/JIVE,git@github.com:ImJimmi/JIVE.git,188
R_kgDOGQuMcQ,2021-10-22T17:30:17Z,2026-03-23T20:32:49Z,2026-04-29T04:27:46Z,1611,False,Teide,markridgewell/Teide,git@github.com:markridgewell/Teide.git,3
R_kgDOGQuALg,2021-10-22T17:18:51Z,2026-05-02T20:24:19Z,2026-05-02T20:24:15Z,21131,False,hips,BYUignite/hips,git@github.com:BYUignite/hips.git,2
R_kgDOGQqfNw,2021-10-22T14:18:03Z,2026-05-06T07:41:19Z,2026-05-06T07:41:15Z,15754,True,RobinX,Robin-X/RobinX,git@github.com:Robin-X/RobinX.git,3
R_kgDOGQpFTQ,2021-10-22T13:11:17Z,2026-04-24T09:17:03Z,2026-04-24T09:16:59Z,366,True,Vernier,MetOffice/Vernier,git@github.com:MetOffice/Vernier.git,7
R_kgDOGQo1QQ,2021-10-22T12:58:54Z,2026-04-28T13:31:30Z,2026-04-28T13:35:45Z,8628,False,HAM-shack-gadget,GerardWassink/HAM-shack-gadget,git@github.com:GerardWassink/HAM-shack-gadget.git,1
R_kgDOGQohCg,2021-10-22T12:41:47Z,2026-03-30T07:38:56Z,2026-03-30T07:38:53Z,611,False,belajarcoding,malifnasrulloh/belajarcoding,git@github.com:malifnasrulloh/belajarcoding.git,1
R_kgDOGQmjXA,2021-10-22T10:47:20Z,2026-05-01T14:31:44Z,2026-05-01T14:31:39Z,83,True,xdg-desktop-portal-lxqt,lxqt/xdg-desktop-portal-lxqt,git@github.com:lxqt/xdg-desktop-portal-lxqt.git,30
R_kgDOGQg0EQ,2021-10-22T04:41:49Z,2026-04-16T02:21:30Z,2026-04-16T02:21:27Z,910,False,Algorithm,SungHunYoon/Algorithm,git@github.com:SungHunYoon/Algorithm.git,0
R_kgDOGQeqIQ,2021-10-22T01:49:33Z,2026-04-06T13:29:32Z,2026-04-06T13:29:21Z,30248,False,marlin-firmware-stable,GoDllkE/marlin-firmware-stable,git@github.com:GoDllkE/marlin-firmware-stable.git,0
R_kgDOGQeP8Q,2021-10-22T01:15:41Z,2026-04-16T16:05:39Z,2026-04-16T16:05:35Z,97332,False,DoctorPCOD,DoctorPCOD/DoctorPCOD,git@github.com:DoctorPCOD/DoctorPCOD.git,4
R_kgDOGQYu3w,2021-10-21T18:30:03Z,2026-04-22T09:45:53Z,2026-04-22T09:45:48Z,2,False,Sample-Repository,vamdevvamsiR/Sample-Repository,git@github.com:vamdevvamsiR/Sample-Repository.git,0
R_kgDOGQX8OA,2021-10-21T17:46:17Z,2026-04-30T03:51:46Z,2026-03-06T16:56:08Z,437,False,WTLHelper,zodiacon/WTLHelper,git@github.com:zodiacon/WTLHelper.git,59
R_kgDOGQX0zw,2021-10-21T17:40:07Z,2026-05-04T05:29:21Z,2026-05-01T09:51:18Z,208785,False,sonic3air,Eukaryot/sonic3air,git@github.com:Eukaryot/sonic3air.git,582
R_kgDOGQWAgQ,2021-10-21T16:06:34Z,2026-04-21T13:38:42Z,2026-04-21T13:21:45Z,142897,False,BlazeEngine,Murk42/BlazeEngine,git@github.com:Murk42/BlazeEngine.git,0
R_kgDOGQV-Lg,2021-10-21T16:04:55Z,2026-04-08T08:48:54Z,2026-04-08T08:48:48Z,5,False,Rotary-Encoder-Multimedia-Controller,IgorCulafic/Rotary-Encoder-Multimedia-Controller,git@github.com:IgorCulafic/Rotary-Encoder-Multimedia-Controller.git,0
R_kgDOGQUDgA,2021-10-21T14:34:45Z,2026-03-12T16:25:37Z,2026-03-12T16:25:32Z,383,False,romato,RoccoMatano/romato,git@github.com:RoccoMatano/romato.git,0
R_kgDOGQTsLA,2021-10-21T14:18:41Z,2026-03-12T10:50:58Z,2026-03-23T10:53:45Z,31652,True,radiatedPowerPackages,QTNM/radiatedPowerPackages,git@github.com:QTNM/radiatedPowerPackages.git,0
R_kgDOGQSocA,2021-10-21T13:31:42Z,2026-03-19T11:57:08Z,2026-03-19T12:01:00Z,13433,True,cmstatrExt,cmstatr/cmstatrExt,git@github.com:cmstatr/cmstatrExt.git,1
R_kgDOGQRH0A,2021-10-21T12:19:47Z,2026-04-28T03:36:38Z,2026-04-27T15:37:48Z,40350,True,kamping,kamping-site/kamping,git@github.com:kamping-site/kamping.git,69
R_kgDOGQQZ5g,2021-10-21T11:41:28Z,2026-04-02T01:23:12Z,2026-04-02T01:19:30Z,973,False,Emerge,Appl3s-3/Emerge,git@github.com:Appl3s-3/Emerge.git,0
R_kgDOGQFiUw,2021-10-20T23:39:19Z,2026-03-14T21:26:31Z,2026-03-14T21:26:26Z,172675,False,LearnPortableGL,rswinkle/LearnPortableGL,git@github.com:rswinkle/LearnPortableGL.git,16
R_kgDOGQEaIw,2021-10-20T22:03:56Z,2026-04-27T10:44:05Z,2026-04-27T10:44:01Z,13,False,esp32-mqtt-mp3streamer,mkrasselt1/esp32-mqtt-mp3streamer,git@github.com:mkrasselt1/esp32-mqtt-mp3streamer.git,5
R_kgDOGQDrvg,2021-10-20T21:11:03Z,2026-05-07T00:24:07Z,2026-05-07T04:39:59Z,15925,True,envpool,sail-sg/envpool,git@github.com:sail-sg/envpool.git,1336
R_kgDOGQCaYQ,2021-10-20T19:49:30Z,2026-03-20T18:15:21Z,2026-03-20T18:15:17Z,8024,False,POLI-Segway,Yurnerosk/POLI-Segway,git@github.com:Yurnerosk/POLI-Segway.git,0
R_kgDOGQCP5A,2021-10-20T19:39:36Z,2026-03-31T03:58:20Z,2026-03-31T03:58:16Z,252,False,matlab-buildtool-mex,scivision/matlab-buildtool-mex,git@github.com:scivision/matlab-buildtool-mex.git,12
R_kgDOGQBjmw,2021-10-20T19:00:53Z,2026-04-24T17:58:11Z,2026-04-24T17:58:07Z,176616,False,eviann,alekseyzimin/eviann,git@github.com:alekseyzimin/eviann.git,8
R_kgDOGQBGqw,2021-10-20T18:35:59Z,2026-04-15T15:50:45Z,2026-03-18T13:47:45Z,1118,True,spot-cpp-sdk,boston-dynamics/spot-cpp-sdk,git@github.com:boston-dynamics/spot-cpp-sdk.git,85
R_kgDOGP8ytA,2021-10-20T15:02:50Z,2026-03-10T14:38:33Z,2026-03-10T14:38:21Z,78360,False,jim-lite,remudesu/jim-lite,git@github.com:remudesu/jim-lite.git,12
R_kgDOGP7OGg,2021-10-20T13:56:00Z,2026-05-05T06:53:59Z,2026-03-16T22:14:06Z,9466,False,VischeckTinyeyes,wadelab/VischeckTinyeyes,git@github.com:wadelab/VischeckTinyeyes.git,1
R_kgDOGP4HiA,2021-10-20T11:28:04Z,2026-04-23T16:38:53Z,2026-04-23T16:38:48Z,9659,False,duohaptics,forsslund/duohaptics,git@github.com:forsslund/duohaptics.git,0
R_kgDOGP2H8g,2021-10-20T09:38:10Z,2026-03-04T06:25:04Z,2026-03-04T06:25:00Z,44315,True,bcos-sdk-jni,FISCO-BCOS/bcos-sdk-jni,git@github.com:FISCO-BCOS/bcos-sdk-jni.git,2
R_kgDOGPzAZg,2021-10-20T06:53:17Z,2026-04-14T22:13:53Z,2026-04-14T22:13:41Z,585272,False,PSGymProblems,ParkJH1/PSGymProblems,git@github.com:ParkJH1/PSGymProblems.git,0
R_kgDOGPyZPw,2021-10-20T06:14:43Z,2026-04-24T22:31:38Z,2026-04-23T17:26:35Z,28501,False,dbat_old,volundmush/dbat_old,git@github.com:volundmush/dbat_old.git,2
R_kgDOGPv9Yg,2021-10-20T03:06:05Z,2026-04-17T15:07:17Z,2026-04-17T15:06:40Z,130363,True,hardware_interfaces,VoltageOS/hardware_interfaces,git@github.com:VoltageOS/hardware_interfaces.git,0
R_kgDOGPv9Gw,2021-10-20T03:05:46Z,2026-03-05T01:20:29Z,2026-03-05T01:20:24Z,9655,True,system_vold,VoltageOS/system_vold,git@github.com:VoltageOS/system_vold.git,0
R_kgDOGPt61g,2021-10-20T00:34:20Z,2026-05-03T06:23:35Z,2026-03-03T15:52:53Z,324,True,dinit-chimera,chimera-linux/dinit-chimera,git@github.com:chimera-linux/dinit-chimera.git,28
R_kgDOGPtF_A,2021-10-19T23:23:41Z,2026-04-24T16:45:48Z,2026-04-24T16:45:44Z,141015,False,FMI,Nv4n/FMI,git@github.com:Nv4n/FMI.git,0
R_kgDOGPp-DA,2021-10-19T19:45:45Z,2026-05-02T12:23:39Z,2026-05-02T12:23:34Z,16972,False,mpv-shaderc,rorgoroth/mpv-shaderc,git@github.com:rorgoroth/mpv-shaderc.git,0
R_kgDOGPln-w,2021-10-19T16:08:12Z,2026-04-24T16:12:03Z,2026-05-03T16:28:11Z,22343,False,vb01,devZoGok/vb01,git@github.com:devZoGok/vb01.git,0
R_kgDOGPlTSw,2021-10-19T15:54:05Z,2026-04-02T20:25:37Z,2026-04-02T20:25:45Z,2910,False,libpixie,belmakier/libpixie,git@github.com:belmakier/libpixie.git,1
R_kgDOGPk2gw,2021-10-19T15:34:00Z,2026-05-03T19:37:25Z,2026-05-03T19:37:20Z,3427,False,benchmark,ac-frg/benchmark,git@github.com:ac-frg/benchmark.git,0
R_kgDOGPkwrA,2021-10-19T15:29:55Z,2026-04-07T14:14:35Z,2026-04-07T14:19:07Z,8487,False,buck,BuckCoin/buck,git@github.com:BuckCoin/buck.git,3
R_kgDOGPhm-w,2021-10-19T13:18:16Z,2026-05-04T19:12:41Z,2026-05-04T19:35:14Z,14168,True,android_packages_modules_adb,LineageOS/android_packages_modules_adb,git@github.com:LineageOS/android_packages_modules_adb.git,7
R_kgDOGPhKRA,2021-10-19T12:58:05Z,2026-04-29T03:05:29Z,2026-03-01T18:40:56Z,114774,False,SuperSS-Dev,Acrisio-Filho/SuperSS-Dev,git@github.com:Acrisio-Filho/SuperSS-Dev.git,64
R_kgDOGPfUUw,2021-10-19T11:30:00Z,2026-05-01T23:00:59Z,2026-03-24T14:21:22Z,1174,False,windows_taskbar,alexmercerind/windows_taskbar,git@github.com:alexmercerind/windows_taskbar.git,169
R_kgDOGPbmOw,2021-10-19T08:21:20Z,2026-05-06T08:14:05Z,2026-04-23T13:25:02Z,801,True,minio-cpp,minio/minio-cpp,git@github.com:minio/minio-cpp.git,206
R_kgDOGPatDg,2021-10-19T07:37:19Z,2026-04-30T09:43:58Z,2026-04-30T09:43:54Z,62,True,rate,halon-extras/rate,git@github.com:halon-extras/rate.git,1
R_kgDOGPWSOw,2021-10-19T02:52:13Z,2026-04-12T00:25:22Z,2026-04-12T00:25:15Z,1045,False,riscv-tools,rmacnak/riscv-tools,git@github.com:rmacnak/riscv-tools.git,1
R_kgDOGPUFVQ,2021-10-19T00:14:25Z,2026-05-01T03:04:50Z,2026-05-01T03:46:38Z,3913,True,isaac_ros_image_pipeline,NVIDIA-ISAAC-ROS/isaac_ros_image_pipeline,git@github.com:NVIDIA-ISAAC-ROS/isaac_ros_image_pipeline.git,181
R_kgDOGPTdPQ,2021-10-18T23:24:29Z,2026-04-06T11:15:44Z,2026-03-14T21:58:20Z,36,False,dds_image,spnda/dds_image,git@github.com:spnda/dds_image.git,34
R_kgDOGPSd6A,2021-10-18T22:10:35Z,2026-05-01T02:54:52Z,2026-05-01T03:46:28Z,1272,True,isaac_ros_apriltag,NVIDIA-ISAAC-ROS/isaac_ros_apriltag,git@github.com:NVIDIA-ISAAC-ROS/isaac_ros_apriltag.git,180
R_kgDOGPRZvg,2021-10-18T21:02:19Z,2026-04-28T18:23:42Z,2026-03-21T10:49:14Z,1499,False,SRELL,data-man/SRELL,git@github.com:data-man/SRELL.git,16
R_kgDOGPRRCw,2021-10-18T20:54:07Z,2026-05-02T13:03:10Z,2026-05-02T13:03:07Z,1429,False,CloudRendering,chrismile/CloudRendering,git@github.com:chrismile/CloudRendering.git,15
R_kgDOGPRIbg,2021-10-18T20:45:45Z,2026-05-05T02:15:03Z,2026-05-05T02:15:15Z,90962,False,dctransistor-project,LArkema/dctransistor-project,git@github.com:LArkema/dctransistor-project.git,29
R_kgDOGPQQOw,2021-10-18T19:53:47Z,2026-04-03T05:00:57Z,2026-03-27T17:11:56Z,37153,True,scan_n_plan_workshop,ros-industrial-consortium/scan_n_plan_workshop,git@github.com:ros-industrial-consortium/scan_n_plan_workshop.git,83
R_kgDOGPPzyA,2021-10-18T19:28:53Z,2026-05-07T00:46:53Z,2026-05-07T00:46:49Z,478,False,Iridescent,timmypidashev/Iridescent,git@github.com:timmypidashev/Iridescent.git,8
R_kgDOGPOmYg,2021-10-18T18:25:11Z,2026-04-13T18:18:24Z,2026-04-13T18:18:20Z,34,True,ArduinoExamples,CC-IS/ArduinoExamples,git@github.com:CC-IS/ArduinoExamples.git,0
R_kgDOGPEgmw,2021-10-18T10:42:56Z,2026-04-17T21:07:36Z,2026-05-07T03:17:53Z,41125,False,commander,uriegel/commander,git@github.com:uriegel/commander.git,0
R_kgDOGO_vFA,2021-10-18T06:46:34Z,2026-05-07T09:36:33Z,2026-03-14T04:02:03Z,332778,False,thorium,Alex313031/thorium,git@github.com:Alex313031/thorium.git,7103
R_kgDOGO8IgA,2021-10-18T02:36:40Z,2026-04-29T04:26:06Z,2026-04-07T03:18:42Z,706,True,bcos-c-sdk,FISCO-BCOS/bcos-c-sdk,git@github.com:FISCO-BCOS/bcos-c-sdk.git,3
R_kgDOGO7laQ,2021-10-18T01:59:08Z,2026-04-21T06:24:59Z,2026-04-21T06:24:55Z,33967,True,vs2drt,phreeqc-dev/vs2drt,git@github.com:phreeqc-dev/vs2drt.git,1
R_kgDOGO7g8A,2021-10-18T01:54:09Z,2026-04-21T06:24:37Z,2026-04-21T06:24:33Z,30136,True,vs2di,phreeqc-dev/vs2di,git@github.com:phreeqc-dev/vs2di.git,1
R_kgDOGO63xg,2021-10-18T01:04:16Z,2026-04-21T05:02:08Z,2026-04-21T05:02:04Z,56,True,phreeqc3-src-common,usgs-coupled-subtrees/phreeqc3-src-common,git@github.com:usgs-coupled-subtrees/phreeqc3-src-common.git,0
R_kgDOGO617A,2021-10-18T01:01:52Z,2026-04-28T17:00:03Z,2026-05-03T17:39:16Z,2046,False,RenderingLearn,DNoki/RenderingLearn,git@github.com:DNoki/RenderingLearn.git,0
R_kgDOGO6iUQ,2021-10-18T00:36:25Z,2026-04-06T18:11:48Z,2026-04-06T18:11:43Z,23,False,ROMCheckTempTools,dnasdw/ROMCheckTempTools,git@github.com:dnasdw/ROMCheckTempTools.git,1
R_kgDOGO6JLA,2021-10-17T23:59:48Z,2026-04-21T05:02:58Z,2026-04-21T05:02:54Z,5252,True,phreeqc3-src,usgs-coupled-subtrees/phreeqc3-src,git@github.com:usgs-coupled-subtrees/phreeqc3-src.git,0
R_kgDOGO6HcQ,2021-10-17T23:56:53Z,2026-04-21T05:03:16Z,2026-04-21T05:03:12Z,6862,True,iphreeqc-src,usgs-coupled-subtrees/iphreeqc-src,git@github.com:usgs-coupled-subtrees/iphreeqc-src.git,0
R_kgDOGO6Flg,2021-10-17T23:53:58Z,2026-04-21T05:04:05Z,2026-04-21T05:04:01Z,7875,True,phreeqcrm-src,usgs-coupled-subtrees/phreeqcrm-src,git@github.com:usgs-coupled-subtrees/phreeqcrm-src.git,0
R_kgDOGO6CJQ,2021-10-17T23:48:11Z,2026-04-21T06:19:41Z,2026-04-21T06:19:38Z,18328,True,vs2drt-src,usgs-coupled-subtrees/vs2drt-src,git@github.com:usgs-coupled-subtrees/vs2drt-src.git,1
R_kgDOGO5JuA,2021-10-17T22:19:46Z,2026-05-06T17:16:04Z,2026-05-06T17:15:53Z,3,False,libdijky-cpp,Dijky/libdijky-cpp,git@github.com:Dijky/libdijky-cpp.git,0
R_kgDOGO1LGg,2021-10-17T17:23:33Z,2026-04-07T15:28:16Z,2026-03-05T15:52:23Z,2609,False,defold-xmath,thejustinwalsh/defold-xmath,git@github.com:thejustinwalsh/defold-xmath.git,33
R_kgDOGOzizg,2021-10-17T15:44:40Z,2026-05-03T02:48:45Z,2026-05-03T02:48:41Z,396496,False,SpudGunMan,SpudGunMan/SpudGunMan,git@github.com:SpudGunMan/SpudGunMan.git,4
R_kgDOGOyYmA,2021-10-17T14:32:39Z,2026-04-21T20:53:57Z,2026-04-21T20:53:54Z,5013,True,daqdataformats,DUNE-DAQ/daqdataformats,git@github.com:DUNE-DAQ/daqdataformats.git,1
R_kgDOGOyS2A,2021-10-17T14:27:45Z,2026-04-02T21:04:36Z,2026-04-02T21:04:28Z,1927,True,detchannelmaps,DUNE-DAQ/detchannelmaps,git@github.com:DUNE-DAQ/detchannelmaps.git,1
R_kgDOGOwuMQ,2021-10-17T12:56:54Z,2026-05-02T17:05:58Z,2026-05-02T17:05:54Z,1828,False,lima-gui,afbjorklund/lima-gui,git@github.com:afbjorklund/lima-gui.git,240
R_kgDOGOuSeQ,2021-10-17T10:23:34Z,2026-03-29T14:51:53Z,2026-03-29T14:51:50Z,1074,False,GeomSandbox,Ace17/GeomSandbox,git@github.com:Ace17/GeomSandbox.git,6
R_kgDOGOuKIg,2021-10-17T10:13:27Z,2026-05-07T09:15:59Z,2026-05-07T09:15:55Z,3064,False,CoinBase-Wallet-Python-API-Wallet-Storage-Web-Browser-Multi-Crypto-Secure-Gui,Bestspa/CoinBase-Wallet-Python-API-Wallet-Storage-Web-Browser-Multi-Crypto-Secure-Gui,git@github.com:Bestspa/CoinBase-Wallet-Python-API-Wallet-Storage-Web-Browser-Multi-Crypto-Secure-Gui.git,0
R_kgDOGOtXzQ,2021-10-17T09:19:47Z,2026-04-18T07:13:53Z,2026-04-18T07:13:49Z,24239,False,phto,dair/phto,git@github.com:dair/phto.git,0
R_kgDOGOqNdg,2021-10-17T05:01:19Z,2026-03-27T03:48:33Z,2026-03-27T03:48:30Z,10693,False,acmicpc,rmagur1203/acmicpc,git@github.com:rmagur1203/acmicpc.git,0
R_kgDOGOoyrQ,2021-10-17T02:43:25Z,2026-04-18T01:38:05Z,2026-04-18T01:38:01Z,83491,False,MyWorkspace,haoleeson/MyWorkspace,git@github.com:haoleeson/MyWorkspace.git,0
R_kgDOGOn3sg,2021-10-17T01:02:18Z,2026-03-11T09:40:47Z,2026-03-11T09:19:52Z,5,False,C-algorithm,iThaozhou/C-algorithm,git@github.com:iThaozhou/C-algorithm.git,0
R_kgDOGOnizg,2021-10-17T00:27:29Z,2026-04-29T18:02:54Z,2026-04-29T18:02:38Z,210,False,tvterm,magiblot/tvterm,git@github.com:magiblot/tvterm.git,279
R_kgDOGOlHEw,2021-10-16T20:31:14Z,2026-04-14T20:14:45Z,2026-04-14T20:15:00Z,6082,False,TermGraph,SavenkovIgor/TermGraph,git@github.com:SavenkovIgor/TermGraph.git,16
R_kgDOGOkuBw,2021-10-16T20:02:14Z,2026-05-01T01:17:10Z,2026-05-01T01:17:06Z,106,False,m5stack_co2sensor,signalnine/m5stack_co2sensor,git@github.com:signalnine/m5stack_co2sensor.git,2
R_kgDOGOiieQ,2021-10-16T17:27:36Z,2026-03-12T20:19:44Z,2026-03-12T20:19:40Z,15,False,DebouncedRotaryEncoder,Carlo47/DebouncedRotaryEncoder,git@github.com:Carlo47/DebouncedRotaryEncoder.git,0
R_kgDOGOhIRg,2021-10-16T15:57:16Z,2026-04-27T11:35:53Z,2026-04-27T11:35:48Z,367,True,ttaplugins,WACUP/ttaplugins,git@github.com:WACUP/ttaplugins.git,4
R_kgDOGOfCgg,2021-10-16T13:50:45Z,2026-03-25T08:18:06Z,2026-03-25T08:18:02Z,293,False,ota_string,aldychris/ota_string,git@github.com:aldychris/ota_string.git,0
R_kgDOGOekww,2021-10-16T13:18:57Z,2026-05-07T10:22:14Z,2026-05-07T10:22:06Z,69760,True,infinitytier,vyos/infinitytier,git@github.com:vyos/infinitytier.git,1
R_kgDOGOekMg,2021-10-16T13:18:20Z,2026-04-14T11:34:06Z,2026-04-14T11:34:03Z,26,False,QT,zhdanovvv/QT,git@github.com:zhdanovvv/QT.git,0
R_kgDOGOeZ7w,2021-10-16T13:08:29Z,2026-04-02T02:28:11Z,2026-04-02T02:28:07Z,152548,True,reddcoin,reddcoin-project/reddcoin,git@github.com:reddcoin-project/reddcoin.git,24
R_kgDOGOd4-Q,2021-10-16T12:34:23Z,2026-04-24T12:45:38Z,2026-04-24T12:45:33Z,1702,False,DungeonCrawler,kkruszelnicki2/DungeonCrawler,git@github.com:kkruszelnicki2/DungeonCrawler.git,2
R_kgDOGOdf_g,2021-10-16T12:07:10Z,2026-05-07T10:08:56Z,2026-05-07T10:08:52Z,41193,False,c-cplusplus-study,rqh656418510/c-cplusplus-study,git@github.com:rqh656418510/c-cplusplus-study.git,1
R_kgDOGOc42g,2021-10-16T11:24:42Z,2026-04-18T04:45:52Z,2026-04-18T04:45:47Z,2207,False,PS,darkpppet/PS,git@github.com:darkpppet/PS.git,0
R_kgDOGOctiA,2021-10-16T11:11:44Z,2026-05-01T08:13:09Z,2026-05-01T08:13:06Z,371,True,io,Felspar/io,git@github.com:Felspar/io.git,15
R_kgDOGOcZJA,2021-10-16T10:50:26Z,2026-05-07T07:34:33Z,2026-05-07T07:34:30Z,266769,True,vclib,cnr-isti-vclab/vclib,git@github.com:cnr-isti-vclab/vclib.git,21
R_kgDOGOcFPA,2021-10-16T10:25:54Z,2026-04-25T16:51:49Z,2026-04-25T16:51:44Z,119,False,fsm-benchmark,fgoujeon/fsm-benchmark,git@github.com:fgoujeon/fsm-benchmark.git,3
R_kgDOGObdrg,2021-10-16T09:43:51Z,2026-04-23T15:08:52Z,2026-04-23T15:07:56Z,342,True,mrs_octomap_planner,ctu-mrs/mrs_octomap_planner,git@github.com:ctu-mrs/mrs_octomap_planner.git,24
R_kgDOGOZn6w,2021-10-16T07:26:50Z,2026-05-02T10:34:09Z,2026-05-06T00:45:13Z,645,True,android_hardware_xiaomi,BlissRoms-Devices/android_hardware_xiaomi,git@github.com:BlissRoms-Devices/android_hardware_xiaomi.git,0
R_kgDOGOYK6g,2021-10-16T05:36:48Z,2026-04-21T10:05:37Z,2026-04-21T10:05:33Z,522,False,vm,shimarin/vm,git@github.com:shimarin/vm.git,0
R_kgDOGOYBnA,2021-10-16T05:26:48Z,2026-04-24T17:59:09Z,2026-03-24T01:46:36Z,2413818,True,polardbx-engine,polardb/polardbx-engine,git@github.com:polardb/polardbx-engine.git,562
R_kgDOGOXYWw,2021-10-16T04:33:37Z,2026-04-26T06:11:03Z,2026-04-26T06:10:57Z,8707,False,fixpp,sashamakarenko/fixpp,git@github.com:sashamakarenko/fixpp.git,32
R_kgDOGOUtwA,2021-10-16T00:24:13Z,2026-04-21T05:40:31Z,2026-04-21T05:40:25Z,30930,True,iphreeqccom,phreeqc-dev/iphreeqccom,git@github.com:phreeqc-dev/iphreeqccom.git,1
R_kgDOGOSJ0A,2021-10-15T20:45:48Z,2026-04-05T20:36:03Z,2026-04-05T20:35:57Z,85,False,stl-cpp,ankane/stl-cpp,git@github.com:ankane/stl-cpp.git,13
R_kgDOGOR1Ig,2021-10-15T20:23:28Z,2026-03-29T02:24:57Z,2026-03-29T02:24:56Z,42,False,bayestest-cpp,ankane/bayestest-cpp,git@github.com:ankane/bayestest-cpp.git,3
R_kgDOGORGTg,2021-10-15T19:29:53Z,2026-04-27T15:02:40Z,2026-04-27T10:18:22Z,20823,False,viking,nbqofficial/viking,git@github.com:nbqofficial/viking.git,4
R_kgDOGOQ0xg,2021-10-15T19:10:38Z,2026-05-04T12:51:13Z,2026-05-04T12:51:08Z,27482,False,esp32-nmea2000,wellenvogel/esp32-nmea2000,git@github.com:wellenvogel/esp32-nmea2000.git,90
R_kgDOGOOODg,2021-10-15T16:26:39Z,2026-04-16T19:59:38Z,2026-04-25T22:09:36Z,328090,True,raygene3d-demo,raygene3d-team/raygene3d-demo,git@github.com:raygene3d-team/raygene3d-demo.git,0
R_kgDOGOOJeg,2021-10-15T16:22:20Z,2026-04-16T19:57:50Z,2026-04-25T22:07:34Z,435,True,raygene3d-core,raygene3d-team/raygene3d-core,git@github.com:raygene3d-team/raygene3d-core.git,0
R_kgDOGONEvA,2021-10-15T15:24:05Z,2026-04-16T21:35:22Z,2026-04-16T21:26:37Z,6,False,attendance-system-iot,SManriqueDev/attendance-system-iot,git@github.com:SManriqueDev/attendance-system-iot.git,0
R_kgDOGOLzJg,2021-10-15T14:20:32Z,2026-04-29T03:00:28Z,2026-04-29T03:00:24Z,1742,False,Algorithm,Jin-s-work/Algorithm,git@github.com:Jin-s-work/Algorithm.git,1
R_kgDOGOHGkg,2021-10-15T09:53:23Z,2026-03-15T11:26:24Z,2026-03-15T11:26:21Z,2747,False,ztlib,garou-g/ztlib,git@github.com:garou-g/ztlib.git,0
R_kgDOGOG8DQ,2021-10-15T09:43:37Z,2026-04-24T10:03:08Z,2026-04-24T10:03:03Z,133,True,zera-json-helpers,ZeraGmbH/zera-json-helpers,git@github.com:ZeraGmbH/zera-json-helpers.git,0
R_kgDOGOGSZw,2021-10-15T09:06:13Z,2026-05-07T09:04:00Z,2026-04-24T14:09:42Z,36098,False,RejsaCAN-ESP32,MagnusThome/RejsaCAN-ESP32,git@github.com:MagnusThome/RejsaCAN-ESP32.git,745
R_kgDOGODlfA,2021-10-15T06:32:34Z,2026-03-03T14:59:50Z,2026-04-09T00:45:13Z,1328,True,CASMcode_monte,prisms-center/CASMcode_monte,git@github.com:prisms-center/CASMcode_monte.git,1
R_kgDOGOBS9g,2021-10-15T03:14:26Z,2026-05-06T23:26:17Z,2026-05-06T23:26:12Z,112993,True,eigen,eigen-mirror/eigen,git@github.com:eigen-mirror/eigen.git,29
R_kgDOGN9rRA,2021-10-14T22:05:57Z,2026-05-03T13:17:41Z,2026-05-03T13:17:36Z,69602,False,ClientServer,IEntin/ClientServer,git@github.com:IEntin/ClientServer.git,0
R_kgDOGN6UeQ,2021-10-14T18:24:52Z,2026-04-29T18:47:34Z,2026-05-07T09:00:36Z,15723,True,azure-osconfig,Azure/azure-osconfig,git@github.com:Azure/azure-osconfig.git,35
R_kgDOGN2xag,2021-10-14T15:21:37Z,2026-04-22T01:30:59Z,2026-04-22T01:30:54Z,4215,False,lib-wmcgl,Runsys16/lib-wmcgl,git@github.com:Runsys16/lib-wmcgl.git,0
R_kgDOGNzzSg,2021-10-14T13:05:08Z,2026-05-06T23:24:42Z,2026-05-06T23:24:38Z,16528,False,astro,Runsys16/astro,git@github.com:Runsys16/astro.git,0
R_kgDOGNuZCQ,2021-10-14T08:12:31Z,2026-04-24T16:36:04Z,2026-04-24T11:45:12Z,430,False,cpp-timeseries-anomaly-detector,EliranEiluz/cpp-timeseries-anomaly-detector,git@github.com:EliranEiluz/cpp-timeseries-anomaly-detector.git,0
R_kgDOGNrnWw,2021-10-14T05:25:25Z,2026-03-27T15:15:46Z,2026-03-27T15:15:41Z,4050,False,IotCloud-devices,csanz91/IotCloud-devices,git@github.com:csanz91/IotCloud-devices.git,1
R_kgDOGNm96Q,2021-10-13T23:07:35Z,2026-03-14T21:06:45Z,2026-05-01T02:30:24Z,1450,True,isaac_ros_argus_camera,NVIDIA-ISAAC-ROS/isaac_ros_argus_camera,git@github.com:NVIDIA-ISAAC-ROS/isaac_ros_argus_camera.git,99
R_kgDOGNm9ow,2021-10-13T23:07:14Z,2026-05-07T00:47:50Z,2026-05-01T03:46:50Z,322,True,isaac_ros_visual_slam,NVIDIA-ISAAC-ROS/isaac_ros_visual_slam,git@github.com:NVIDIA-ISAAC-ROS/isaac_ros_visual_slam.git,1347
R_kgDOGNm9Sw,2021-10-13T23:06:48Z,2026-05-01T03:02:45Z,2026-05-01T03:46:35Z,387,True,isaac_ros_dnn_inference,NVIDIA-ISAAC-ROS/isaac_ros_dnn_inference,git@github.com:NVIDIA-ISAAC-ROS/isaac_ros_dnn_inference.git,131
R_kgDOGNmzfA,2021-10-13T22:54:08Z,2026-05-01T02:58:51Z,2026-05-01T03:46:31Z,807,True,isaac_ros_common,NVIDIA-ISAAC-ROS/isaac_ros_common,git@github.com:NVIDIA-ISAAC-ROS/isaac_ros_common.git,304
R_kgDOGNkzUA,2021-10-13T20:24:10Z,2026-05-07T08:59:21Z,2026-05-07T09:54:14Z,2342,True,opendcdiag,opendcdiag/opendcdiag,git@github.com:opendcdiag/opendcdiag.git,75
R_kgDOGNkgmw,2021-10-13T20:05:26Z,2026-04-16T13:23:30Z,2026-04-16T13:23:26Z,835,True,swedish-olympiad-2004,Kodsport/swedish-olympiad-2004,git@github.com:Kodsport/swedish-olympiad-2004.git,0
R_kgDOGNkdGQ,2021-10-13T20:02:07Z,2026-04-30T15:22:36Z,2026-04-30T15:24:25Z,189,False,InsomniaToolset,PredatorCZ/InsomniaToolset,git@github.com:PredatorCZ/InsomniaToolset.git,12
R_kgDOGNkVgA,2021-10-13T19:55:31Z,2026-04-26T20:24:26Z,2026-04-26T20:24:22Z,21960,True,unify-batch,pluginguru/unify-batch,git@github.com:pluginguru/unify-batch.git,5
R_kgDOGNinVQ,2021-10-13T18:15:52Z,2026-05-07T09:01:27Z,2026-05-07T08:22:51Z,24126,False,CO2-Gadget,melkati/CO2-Gadget,git@github.com:melkati/CO2-Gadget.git,104
R_kgDOGNf7og,2021-10-13T15:55:24Z,2026-04-13T09:21:36Z,2026-03-23T21:28:07Z,653,True,mod-racial-trait-swap,azerothcore/mod-racial-trait-swap,git@github.com:azerothcore/mod-racial-trait-swap.git,12
R_kgDOGNeJbw,2021-10-13T14:32:39Z,2026-04-18T19:23:38Z,2026-04-18T19:23:34Z,164,False,receptive-field,murbanga/receptive-field,git@github.com:murbanga/receptive-field.git,0
R_kgDOGNd4lQ,2021-10-13T14:21:05Z,2026-03-06T05:23:35Z,2026-05-03T15:57:37Z,2672,True,juggler,eic/juggler,git@github.com:eic/juggler.git,3
R_kgDOGNdivA,2021-10-13T14:05:38Z,2026-04-09T18:28:11Z,2026-04-05T05:48:35Z,92304,True,sick_scan_xd,SICKAG/sick_scan_xd,git@github.com:SICKAG/sick_scan_xd.git,170
R_kgDOGNdH0A,2021-10-13T13:46:56Z,2026-03-11T19:31:21Z,2026-03-11T19:31:16Z,9557,False,n64brew-jam,anacierdem/n64brew-jam,git@github.com:anacierdem/n64brew-jam.git,6
R_kgDOGNcTlw,2021-10-13T13:11:30Z,2026-03-23T13:33:22Z,2026-03-23T13:33:17Z,417,False,ready_made_calculator,mustafatahirhussein/ready_made_calculator,git@github.com:mustafatahirhussein/ready_made_calculator.git,1
R_kgDOGNa-Cw,2021-10-13T12:08:29Z,2026-04-30T19:15:37Z,2026-04-26T21:29:45Z,264300,True,GPU-Reshape,GPUOpen-Tools/GPU-Reshape,git@github.com:GPUOpen-Tools/GPU-Reshape.git,482
R_kgDOGNWuYA,2021-10-13T08:44:11Z,2026-05-02T08:08:43Z,2026-03-17T11:28:33Z,48789,True,ext-openswoole,openswoole/ext-openswoole,git@github.com:openswoole/ext-openswoole.git,852
R_kgDOGNWVkw,2021-10-13T08:25:15Z,2026-03-22T10:33:32Z,2026-03-22T10:33:27Z,369,False,occt-samples-qt,gkv311/occt-samples-qt,git@github.com:gkv311/occt-samples-qt.git,93
R_kgDOGNT_Kg,2021-10-13T06:14:42Z,2026-03-09T16:33:16Z,2026-03-09T16:33:10Z,724,False,ESModManager,Van-Weyden/ESModManager,git@github.com:Van-Weyden/ESModManager.git,0
R_kgDOGNTxww,2021-10-13T06:01:48Z,2026-04-07T01:02:31Z,2026-03-05T11:18:45Z,676844,False,android_device_xiaomi_umi_TWRP,sekaiacg/android_device_xiaomi_umi_TWRP,git@github.com:sekaiacg/android_device_xiaomi_umi_TWRP.git,70
R_kgDOGNSxDA,2021-10-13T04:46:03Z,2026-05-07T10:17:51Z,2026-05-07T10:17:28Z,609,False,llm-stream,Usuts/llm-stream,git@github.com:Usuts/llm-stream.git,2
R_kgDOGNR2jg,2021-10-13T03:33:36Z,2026-03-25T18:51:33Z,2026-03-25T18:51:29Z,737,False,Debug-on-any-GPIO-with-high-speed-UART,DeqingSun/Debug-on-any-GPIO-with-high-speed-UART,git@github.com:DeqingSun/Debug-on-any-GPIO-with-high-speed-UART.git,0
R_kgDOGNRvOA,2021-10-13T03:25:16Z,2026-05-05T09:15:21Z,2026-04-27T11:35:39Z,360439,False,ugv_gazebo_sim,agilexrobotics/ugv_gazebo_sim,git@github.com:agilexrobotics/ugv_gazebo_sim.git,302
R_kgDOGNRM3A,2021-10-13T02:44:57Z,2026-03-30T12:01:49Z,2026-03-30T12:01:30Z,147995,True,frameworks_native,VoltageOS/frameworks_native,git@github.com:VoltageOS/frameworks_native.git,0
R_kgDOGNPPQg,2021-10-13T00:06:18Z,2026-04-29T19:50:46Z,2026-04-29T19:50:41Z,10675,True,bellhopcuda,A-New-BellHope/bellhopcuda,git@github.com:A-New-BellHope/bellhopcuda.git,121
R_kgDOGNMKCw,2021-10-12T20:14:36Z,2026-04-09T18:24:20Z,2026-04-09T19:38:48Z,60,False,SFML_GamepadSupport,GuidoBisocoli/SFML_GamepadSupport,git@github.com:GuidoBisocoli/SFML_GamepadSupport.git,9
R_kgDOGNLm9Q,2021-10-12T19:42:01Z,2026-03-31T17:26:44Z,2026-03-31T17:26:39Z,10,False,Graph-Theory,HanaYukii/Graph-Theory,git@github.com:HanaYukii/Graph-Theory.git,0
R_kgDOGNJ7_g,2021-10-12T18:11:01Z,2026-04-10T08:11:26Z,2026-03-18T13:06:29Z,37340,True,mod-aoe-loot,azerothcore/mod-aoe-loot,git@github.com:azerothcore/mod-aoe-loot.git,55
R_kgDOGNFbEg,2021-10-12T14:35:44Z,2026-04-12T03:47:45Z,2026-04-12T03:47:41Z,374,False,siclib,ShameekConyers/siclib,git@github.com:ShameekConyers/siclib.git,0
R_kgDOGNC-Fw,2021-10-12T12:43:36Z,2026-05-06T22:57:34Z,2026-03-11T14:22:02Z,13890,False,Bonxai,facontidavide/Bonxai,git@github.com:facontidavide/Bonxai.git,844
R_kgDOGNByJA,2021-10-12T11:45:18Z,2026-04-29T16:06:50Z,2026-04-29T16:06:46Z,68990,True,AFANGI,VESM1VS/AFANGI,git@github.com:VESM1VS/AFANGI.git,4
R_kgDOGNBHvA,2021-10-12T11:10:03Z,2026-04-30T15:01:35Z,2026-04-30T14:53:06Z,23,True,blurr,CentraleNantesROV/blurr,git@github.com:CentraleNantesROV/blurr.git,0
R_kgDOGM9GJA,2021-10-12T07:51:38Z,2026-04-27T03:37:35Z,2026-04-02T10:41:09Z,21114,False,map-matching-2,addy90/map-matching-2,git@github.com:addy90/map-matching-2.git,89
R_kgDOGM5Bvg,2021-10-12T03:35:14Z,2026-04-07T18:49:26Z,2026-04-07T18:49:22Z,843,True,polardbx-20200202,alibabacloud-sdk-cpp/polardbx-20200202,git@github.com:alibabacloud-sdk-cpp/polardbx-20200202.git,0
R_kgDOGMzm8Q,2021-10-11T20:47:34Z,2026-04-28T15:50:25Z,2026-04-28T15:50:16Z,48548,True,kml_tools,NCAR/kml_tools,git@github.com:NCAR/kml_tools.git,2
R_kgDOGMxwew,2021-10-11T18:58:19Z,2026-05-06T23:35:54Z,2026-05-06T23:35:50Z,2862,True,edencommon,facebookexperimental/edencommon,org-12853545@github.com:facebookexperimental/edencommon.git,13
R_kgDOGMrQVw,2021-10-11T13:44:57Z,2026-04-30T09:43:26Z,2026-04-30T09:43:23Z,69,True,ldap,halon-extras/ldap,git@github.com:halon-extras/ldap.git,0
R_kgDOGMqkxQ,2021-10-11T13:15:00Z,2026-03-10T12:12:08Z,2026-03-04T11:30:52Z,48,False,example-vcpkg-grpc,Tradias/example-vcpkg-grpc,git@github.com:Tradias/example-vcpkg-grpc.git,8
R_kgDOGMqMSw,2021-10-11T12:58:48Z,2026-05-07T10:19:18Z,2026-05-05T08:30:31Z,4029,True,NootedRed,ChefKissInc/NootedRed,git@github.com:ChefKissInc/NootedRed.git,1918
R_kgDOGMpJ9w,2021-10-11T12:09:51Z,2026-04-08T11:50:50Z,2026-04-08T11:50:46Z,192,False,PProtoDemo,hkarel/PProtoDemo,git@github.com:hkarel/PProtoDemo.git,1
R_kgDOGMnN7Q,2021-10-11T10:30:15Z,2026-04-04T01:59:38Z,2026-03-08T18:28:44Z,1511,True,p4-dpdk-target,p4lang/p4-dpdk-target,git@github.com:p4lang/p4-dpdk-target.git,66
R_kgDOGMfaOw,2021-10-11T02:11:54Z,2026-04-09T15:41:32Z,2026-04-09T15:38:45Z,134,False,LearnLeetCode,oudushu/LearnLeetCode,git@github.com:oudushu/LearnLeetCode.git,0
R_kgDOGMet_g,2021-10-11T01:11:04Z,2026-04-15T00:31:44Z,2026-05-06T04:53:54Z,56025,True,MasterSwordRebirth,MSRevive/MasterSwordRebirth,git@github.com:MSRevive/MasterSwordRebirth.git,22
R_kgDOGMchtA,2021-10-10T21:23:00Z,2026-03-22T15:49:03Z,2026-03-22T15:48:59Z,59081,False,Eurocrack-Synth,baddy57/Eurocrack-Synth,git@github.com:baddy57/Eurocrack-Synth.git,2
R_kgDOGMbTIQ,2021-10-10T19:40:06Z,2026-04-08T01:52:43Z,2026-04-08T01:52:39Z,323,False,type-correct,SamuelMarks/type-correct,git@github.com:SamuelMarks/type-correct.git,4
R_kgDOGMZFdQ,2021-10-10T16:59:15Z,2026-04-18T01:25:47Z,2026-05-07T08:32:05Z,128598,True,clips_executive,carologistics/clips_executive,git@github.com:carologistics/clips_executive.git,8
R_kgDOGMYcKw,2021-10-10T16:15:33Z,2026-03-24T09:50:43Z,2026-03-24T11:55:29Z,61492,False,gibasa,paithiov909/gibasa,git@github.com:paithiov909/gibasa.git,17
R_kgDOGMXVhg,2021-10-10T15:03:45Z,2026-05-04T16:18:25Z,2026-05-04T16:18:20Z,8481,False,Polymeter,victimofleisure/Polymeter,git@github.com:victimofleisure/Polymeter.git,13
R_kgDOGMWFJQ,2021-10-10T13:45:19Z,2026-05-06T20:17:12Z,2026-05-06T20:17:37Z,207544,False,Havtorn,wejdell/Havtorn,git@github.com:wejdell/Havtorn.git,2
R_kgDOGMTaUA,2021-10-10T10:33:49Z,2026-04-23T18:01:12Z,2026-04-23T18:01:07Z,60703,False,Xe,NuoRanDev/Xe,git@github.com:NuoRanDev/Xe.git,2
R_kgDOGMRfNg,2021-10-10T08:03:05Z,2026-05-04T15:06:48Z,2026-05-05T05:03:19Z,19895,False,KiraWavTar,shine5402/KiraWavTar,git@github.com:shine5402/KiraWavTar.git,23
R_kgDOGMPv-Q,2021-10-10T05:24:54Z,2026-03-15T16:51:39Z,2026-03-15T16:51:35Z,127,False,TerryDiscordBot,Mes0903/TerryDiscordBot,git@github.com:Mes0903/TerryDiscordBot.git,0
R_kgDOGMPnpA,2021-10-10T05:11:19Z,2026-04-17T05:21:36Z,2026-04-17T05:21:32Z,19049,False,Algorithm_study,koreaygj/Algorithm_study,git@github.com:koreaygj/Algorithm_study.git,1
R_kgDOGMO-Eg,2021-10-10T04:02:14Z,2026-04-30T00:40:09Z,2026-04-30T00:40:05Z,810,False,CP-solutions,Infus3d/CP-solutions,git@github.com:Infus3d/CP-solutions.git,0
R_kgDOGMOyHw,2021-10-10T03:42:18Z,2026-04-19T04:15:14Z,2026-04-19T04:15:10Z,182,False,Reactive_RGB,djtroyal/Reactive_RGB,git@github.com:djtroyal/Reactive_RGB.git,0
R_kgDOGMLk_A,2021-10-09T21:29:41Z,2026-05-05T16:00:12Z,2026-05-06T15:55:51Z,11947,False,ZNEngine,j-jiwon/ZNEngine,git@github.com:j-jiwon/ZNEngine.git,0
R_kgDOGMK3Nw,2021-10-09T20:22:39Z,2026-04-21T21:25:32Z,2026-04-12T17:57:50Z,190,False,ESPHome-config,aiolos/ESPHome-config,git@github.com:aiolos/ESPHome-config.git,24
R_kgDOGMJn7w,2021-10-09T18:42:49Z,2026-05-07T09:26:41Z,2026-05-07T09:26:37Z,105554,False,rndr,praetorian555/rndr,git@github.com:praetorian555/rndr.git,0
R_kgDOGMJlQA,2021-10-09T18:39:37Z,2026-04-07T19:30:15Z,2026-04-07T19:30:10Z,1916,False,point_figure,dpriedel/point_figure,git@github.com:dpriedel/point_figure.git,2
R_kgDOGMJjFw,2021-10-09T18:36:50Z,2026-04-25T04:19:36Z,2026-03-21T20:54:07Z,25978,False,macDesk,Edmund-J/macDesk,git@github.com:Edmund-J/macDesk.git,1
R_kgDOGMJYaA,2021-10-09T18:24:23Z,2026-04-07T19:30:25Z,2026-04-07T19:30:19Z,340,False,PF_Test,dpriedel/PF_Test,git@github.com:dpriedel/PF_Test.git,0
R_kgDOGMIxQw,2021-10-09T17:40:37Z,2026-03-20T07:23:02Z,2026-03-20T07:22:58Z,8578,False,Qt5_Application_Skeleton,MarcelGenovese/Qt5_Application_Skeleton,git@github.com:MarcelGenovese/Qt5_Application_Skeleton.git,0
R_kgDOGMHvQw,2021-10-09T16:30:25Z,2026-05-05T15:34:26Z,2026-05-05T15:29:59Z,53004,True,AppstentUIPackage,Appversation/AppstentUIPackage,git@github.com:Appversation/AppstentUIPackage.git,0
R_kgDOGMFP9g,2021-10-09T13:49:30Z,2026-03-09T09:45:49Z,2026-03-09T09:45:46Z,2045,False,leetcode-solution,frankcbliu/leetcode-solution,git@github.com:frankcbliu/leetcode-solution.git,2
R_kgDOGME5WA,2021-10-09T13:25:53Z,2026-05-06T15:41:25Z,2026-03-12T00:25:25Z,521,False,libsharedmemory,kyr0/libsharedmemory,git@github.com:kyr0/libsharedmemory.git,48
R_kgDOGMC6nQ,2021-10-09T11:02:27Z,2026-05-07T06:45:30Z,2026-05-07T06:45:26Z,4838,True,deep-holdem-ai,deeptexas-ai/deep-holdem-ai,git@github.com:deeptexas-ai/deep-holdem-ai.git,24
R_kgDOGMCdEg,2021-10-09T10:28:16Z,2026-03-08T14:45:30Z,2026-03-08T14:45:27Z,18702,False,Coding-Practice,hk2257853/Coding-Practice,git@github.com:hk2257853/Coding-Practice.git,1
R_kgDOGMCBVQ,2021-10-09T09:56:46Z,2026-05-07T08:20:21Z,2026-05-04T02:45:41Z,39391,True,masterai-holdem-1v1-1v9,deeptexas-ai/masterai-holdem-1v1-1v9,git@github.com:deeptexas-ai/masterai-holdem-1v1-1v9.git,10
R_kgDOGMBZgQ,2021-10-09T09:11:03Z,2026-05-04T14:04:54Z,2026-05-04T14:03:17Z,1310,True,hardware_voltage_interfaces,VoltageOS/hardware_voltage_interfaces,git@github.com:VoltageOS/hardware_voltage_interfaces.git,0
R_kgDOGMBXeA,2021-10-09T09:08:38Z,2026-03-22T02:45:24Z,2026-03-22T02:45:20Z,5361,False,Trials-on-ESP32-DevkitC,EternalStarCHN/Trials-on-ESP32-DevkitC,git@github.com:EternalStarCHN/Trials-on-ESP32-DevkitC.git,0
R_kgDOGL-zqw,2021-10-09T05:55:51Z,2026-04-29T15:39:21Z,2026-04-29T15:39:16Z,1344,False,SimpleJNI,gershnik/SimpleJNI,git@github.com:gershnik/SimpleJNI.git,19
R_kgDOGL8F7w,2021-10-09T01:41:17Z,2026-05-06T13:24:17Z,2026-05-07T01:25:11Z,2955,True,M5Unified,m5stack/M5Unified,git@github.com:m5stack/M5Unified.git,604
R_kgDOGL7nWw,2021-10-09T00:50:17Z,2026-03-10T20:53:11Z,2026-03-10T20:53:07Z,271,False,ofxSurfingPlayer,moebiussurfing/ofxSurfingPlayer,git@github.com:moebiussurfing/ofxSurfingPlayer.git,0
R_kgDOGL6MMA,2021-10-08T22:19:49Z,2026-04-17T18:01:28Z,2026-04-17T18:01:22Z,26249,True,balloon,Alpha-CubeSat/balloon,git@github.com:Alpha-CubeSat/balloon.git,0
R_kgDOGL5CQg,2021-10-08T20:42:46Z,2026-04-19T18:46:00Z,2026-04-19T18:45:55Z,37,False,libs,risingtiger/libs,git@github.com:risingtiger/libs.git,0
R_kgDOGL4wzw,2021-10-08T20:22:04Z,2026-04-26T07:36:05Z,2026-04-26T07:36:01Z,32266,False,angina,maudzekod4000/angina,git@github.com:maudzekod4000/angina.git,0
R_kgDOGL1dfg,2021-10-08T16:53:06Z,2026-04-17T20:27:54Z,2026-04-17T20:27:50Z,837,False,utilities,KaixoCode/utilities,git@github.com:KaixoCode/utilities.git,4
R_kgDOGL1Xbg,2021-10-08T16:47:35Z,2026-04-27T17:01:12Z,2026-04-23T01:20:35Z,483,False,Myrddin,JVMerlino/Myrddin,git@github.com:JVMerlino/Myrddin.git,6
R_kgDOGL0VEg,2021-10-08T15:50:54Z,2026-05-06T20:00:31Z,2026-05-06T20:00:18Z,622265,True,wildmeshing-toolkit,wildmeshing/wildmeshing-toolkit,git@github.com:wildmeshing/wildmeshing-toolkit.git,185
R_kgDOGLzsfQ,2021-10-08T15:17:42Z,2026-03-21T13:00:10Z,2026-03-21T13:00:06Z,9683,False,JsonFusion,tucher/JsonFusion,git@github.com:tucher/JsonFusion.git,14
R_kgDOGLyxSg,2021-10-08T14:31:57Z,2026-04-04T12:01:07Z,2026-04-04T12:01:00Z,81239,True,android_bootable_recovery,random-aosp-stuff/android_bootable_recovery,git@github.com:random-aosp-stuff/android_bootable_recovery.git,0
R_kgDOGLyAiQ,2021-10-08T13:56:21Z,2026-05-06T09:55:06Z,2026-05-06T09:57:50Z,379,True,Bucky,TEAM-BUCKY/Bucky,git@github.com:TEAM-BUCKY/Bucky.git,2
R_kgDOGLwlaQ,2021-10-08T12:46:25Z,2026-05-06T13:40:32Z,2026-05-06T13:42:30Z,448,False,GflessClient,hatz2/GflessClient,git@github.com:hatz2/GflessClient.git,36
R_kgDOGLucTg,2021-10-08T10:47:46Z,2026-04-21T13:19:23Z,2026-04-21T13:57:14Z,4750,True,SymphonyMediaBridge,finos/SymphonyMediaBridge,git@github.com:finos/SymphonyMediaBridge.git,70
R_kgDOGLtFsQ,2021-10-08T09:33:11Z,2026-04-28T14:48:41Z,2026-04-30T15:04:00Z,13811,True,cpp-rs-driver,scylladb/cpp-rs-driver,git@github.com:scylladb/cpp-rs-driver.git,22
R_kgDOGLs3CA,2021-10-08T09:21:24Z,2026-03-16T08:43:49Z,2026-03-16T08:43:46Z,126,False,HomeFrontEsp32,FILAgiao/HomeFrontEsp32,git@github.com:FILAgiao/HomeFrontEsp32.git,0
R_kgDOGLr0_w,2021-10-08T08:26:08Z,2026-04-15T16:30:59Z,2026-04-15T16:30:55Z,126841,False,EMP,AbominableSandwish/EMP,git@github.com:AbominableSandwish/EMP.git,0
R_kgDOGLowbQ,2021-10-08T05:17:21Z,2026-05-04T18:10:33Z,2026-05-04T18:10:29Z,600,False,CPP_DataStructures,Bhavneet345/CPP_DataStructures,git@github.com:Bhavneet345/CPP_DataStructures.git,0
R_kgDOGLnBBQ,2021-10-08T02:55:09Z,2026-04-24T02:21:44Z,2026-04-24T02:21:39Z,10656,True,robot_control,asanolab/robot_control,git@github.com:asanolab/robot_control.git,1
R_kgDOGLmTtg,2021-10-08T02:03:15Z,2026-03-02T07:13:35Z,2026-03-02T07:13:31Z,5625,False,sim_evo_game_memory3,yohm/sim_evo_game_memory3,git@github.com:yohm/sim_evo_game_memory3.git,0
R_kgDOGLkGsQ,2021-10-07T22:51:17Z,2026-04-29T14:31:53Z,2026-04-29T14:25:59Z,13213,False,toys,kevinwgy/toys,git@github.com:kevinwgy/toys.git,1
R_kgDOGLebpQ,2021-10-07T16:54:26Z,2026-05-06T07:11:21Z,2026-04-24T17:02:33Z,78451,False,dsnote,mkiol/dsnote,git@github.com:mkiol/dsnote.git,1456
R_kgDOGLai8Q,2021-10-07T13:55:49Z,2026-04-22T14:40:21Z,2026-04-22T14:40:15Z,578,False,samples,tstalker/samples,git@github.com:tstalker/samples.git,1
R_kgDOGLZRKQ,2021-10-07T12:57:21Z,2026-04-25T19:18:45Z,2026-04-25T19:18:40Z,45837,False,myArduino,Interster/myArduino,git@github.com:Interster/myArduino.git,0
R_kgDOGLWAkw,2021-10-07T10:01:22Z,2026-05-06T22:21:38Z,2026-03-07T00:16:31Z,13822,True,Cardinal,DISTRHO/Cardinal,git@github.com:DISTRHO/Cardinal.git,3024
R_kgDOGLKzaw,2021-10-06T20:45:19Z,2026-05-03T15:28:48Z,2026-05-06T17:58:21Z,67965,False,Mila,ToddThomson/Mila,git@github.com:ToddThomson/Mila.git,7
R_kgDOGLFfZg,2021-10-06T15:55:09Z,2026-04-29T20:31:00Z,2026-04-29T20:30:56Z,29,False,diytest,admin7869/diytest,git@github.com:admin7869/diytest.git,0
R_kgDOGLCQSw,2021-10-06T13:31:42Z,2026-03-06T10:19:36Z,2026-03-05T10:40:13Z,1896,False,uibk_cpp_lab,PeterTh/uibk_cpp_lab,git@github.com:PeterTh/uibk_cpp_lab.git,29
R_kgDOGLBQ0Q,2021-10-06T12:44:40Z,2026-03-13T16:25:09Z,2026-03-13T16:25:05Z,35,False,30-Days-Of-Code,yogitavlog/30-Days-Of-Code,git@github.com:yogitavlog/30-Days-Of-Code.git,0
R_kgDOGLAKAg,2021-10-06T11:48:27Z,2026-05-03T16:34:35Z,2026-04-28T14:22:58Z,80,False,tsreadex,xtne6f/tsreadex,git@github.com:xtne6f/tsreadex.git,39
R_kgDOGK833w,2021-10-06T08:48:42Z,2026-03-20T16:01:59Z,2026-03-20T16:01:37Z,67,False,oox,anton-malakhov/oox,git@github.com:anton-malakhov/oox.git,4
R_kgDOGK8KuA,2021-10-06T08:10:07Z,2026-05-03T23:51:53Z,2026-05-03T23:51:49Z,246,False,AliceModLoader,RadiantDerg/AliceModLoader,git@github.com:RadiantDerg/AliceModLoader.git,3
R_kgDOGK64Ag,2021-10-06T07:00:30Z,2026-04-26T17:14:43Z,2026-04-26T17:14:39Z,56,False,C_plus_plus-Solve-TSP-Using-Evolutionary-Strategy,MohammadAsadolahi/C_plus_plus-Solve-TSP-Using-Evolutionary-Strategy,git@github.com:MohammadAsadolahi/C_plus_plus-Solve-TSP-Using-Evolutionary-Strategy.git,4
R_kgDOGK3TLg,2021-10-06T02:34:39Z,2026-03-10T04:41:28Z,2026-03-10T04:41:25Z,99563,True,RT_Jog_Controller,Expatria-Technologies/RT_Jog_Controller,git@github.com:Expatria-Technologies/RT_Jog_Controller.git,19
R_kgDOGKzOZA,2021-10-05T21:02:42Z,2026-04-21T05:34:14Z,2026-04-21T05:34:02Z,137198,True,wphast,phreeqc-dev/wphast,git@github.com:phreeqc-dev/wphast.git,1
R_kgDOGKx5XQ,2021-10-05T19:41:01Z,2026-03-10T13:41:06Z,2026-03-10T13:41:02Z,53,False,School-Lab-Exemple-s,KNCn23/School-Lab-Exemple-s,git@github.com:KNCn23/School-Lab-Exemple-s.git,0
R_kgDOGKwd1w,2021-10-05T18:20:44Z,2026-03-16T09:01:49Z,2026-03-16T09:01:45Z,52256,False,ohno-mono,yongwoon123/ohno-mono,git@github.com:yongwoon123/ohno-mono.git,0
R_kgDOGKwCWA,2021-10-05T17:58:33Z,2026-04-12T21:28:02Z,2026-04-12T21:28:46Z,125,True,itusb2device,bloguetronica/itusb2device,git@github.com:bloguetronica/itusb2device.git,0
R_kgDOGKvfKA,2021-10-05T17:31:05Z,2026-03-08T18:17:20Z,2026-03-08T18:17:16Z,9,False,Sistema_allarme,lorenrus/Sistema_allarme,git@github.com:lorenrus/Sistema_allarme.git,0
R_kgDOGKvZaw,2021-10-05T17:26:20Z,2026-04-01T15:10:12Z,2026-05-05T18:30:10Z,32136,False,Devre,OmerFarukTutkun/Devre,git@github.com:OmerFarukTutkun/Devre.git,14
R_kgDOGKuzSg,2021-10-05T16:57:23Z,2026-05-01T14:36:40Z,2026-05-01T14:48:57Z,24849,True,OMBSON,loupeteam/OMBSON,git@github.com:loupeteam/OMBSON.git,0
R_kgDOGKusTg,2021-10-05T16:52:06Z,2026-04-14T07:56:27Z,2026-04-14T07:56:23Z,9642,True,hdf5libs,DUNE-DAQ/hdf5libs,git@github.com:DUNE-DAQ/hdf5libs.git,1
R_kgDOGKumcA,2021-10-05T16:47:40Z,2026-03-30T16:56:57Z,2026-03-30T16:56:52Z,282755,False,coursework,Juicestus/coursework,git@github.com:Juicestus/coursework.git,3
R_kgDOGKuOWA,2021-10-05T16:29:43Z,2026-04-30T16:24:59Z,2026-04-30T16:25:00Z,174807,False,ncpaprop-release,chetzer-ncpa/ncpaprop-release,git@github.com:chetzer-ncpa/ncpaprop-release.git,19
R_kgDOGKthMA,2021-10-05T15:56:33Z,2026-04-21T01:09:24Z,2026-05-05T00:19:37Z,638,False,Koren,KrisFis/Koren,git@github.com:KrisFis/Koren.git,0
R_kgDOGKrziA,2021-10-05T14:39:44Z,2026-05-01T19:55:32Z,2026-05-06T13:52:02Z,55282,True,gundam,gundam-organization/gundam,git@github.com:gundam-organization/gundam.git,23
R_kgDOGKqOAg,2021-10-05T13:31:33Z,2026-04-27T05:52:17Z,2026-05-06T19:33:17Z,26372,True,SIMULATeQCD,LatticeQCD/SIMULATeQCD,git@github.com:LatticeQCD/SIMULATeQCD.git,39
R_kgDOGKoQyA,2021-10-05T11:58:11Z,2026-05-05T15:05:01Z,2026-05-05T14:59:39Z,47925,False,P1-Dongel-ESP32,mhendriks/P1-Dongel-ESP32,git@github.com:mhendriks/P1-Dongel-ESP32.git,48
R_kgDOGKlkYw,2021-10-05T09:33:34Z,2026-05-02T16:58:46Z,2026-05-02T17:00:34Z,336768,False,pylimer-tools,GenieTim/pylimer-tools,git@github.com:GenieTim/pylimer-tools.git,12
R_kgDOGKkUYg,2021-10-05T08:27:41Z,2026-04-09T09:28:38Z,2026-04-09T09:28:32Z,982,False,CodingTest,k1101jh/CodingTest,git@github.com:k1101jh/CodingTest.git,0
R_kgDOGKgrhA,2021-10-05T04:35:21Z,2026-04-04T03:04:26Z,2026-04-04T02:57:50Z,85,False,bump.hpp,Polynominal/bump.hpp,git@github.com:Polynominal/bump.hpp.git,1
R_kgDOGKeyWw,2021-10-05T02:04:40Z,2026-04-03T10:17:58Z,2026-04-03T10:17:54Z,15379,False,tiny-computer,l-etx/tiny-computer,git@github.com:l-etx/tiny-computer.git,0
R_kgDOGKdSVQ,2021-10-05T00:02:04Z,2026-04-21T06:27:25Z,2026-04-21T06:27:21Z,393803,True,phast3,phreeqc-dev/phast3,git@github.com:phreeqc-dev/phast3.git,2
R_kgDOGKbjpQ,2021-10-04T21:37:22Z,2026-04-21T22:22:58Z,2026-04-21T22:22:50Z,2402,True,ld64,apple-oss-distributions/ld64,git@github.com:apple-oss-distributions/ld64.git,58
R_kgDOGKbjBA,2021-10-04T21:36:58Z,2026-05-05T21:26:59Z,2026-04-21T22:22:03Z,13468,True,dyld,apple-oss-distributions/dyld,git@github.com:apple-oss-distributions/dyld.git,687
R_kgDOGKbiMw,2021-10-04T21:36:23Z,2026-04-24T15:28:04Z,2026-04-21T22:25:10Z,852622,True,WebKit,apple-oss-distributions/WebKit,git@github.com:apple-oss-distributions/WebKit.git,148
R_kgDOGKbhlw,2021-10-04T21:35:54Z,2026-04-21T22:22:53Z,2026-04-21T22:22:48Z,23849,True,IOStorageFamily,apple-oss-distributions/IOStorageFamily,git@github.com:apple-oss-distributions/IOStorageFamily.git,6
R_kgDOGKbhkg,2021-10-04T21:35:54Z,2026-04-21T22:22:49Z,2026-04-21T22:22:45Z,595,True,IOSCSIParallelFamily,apple-oss-distributions/IOSCSIParallelFamily,git@github.com:apple-oss-distributions/IOSCSIParallelFamily.git,4
R_kgDOGKbhhg,2021-10-04T21:35:51Z,2026-04-21T22:22:45Z,2026-04-21T22:22:40Z,565,True,IONetworkingFamily,apple-oss-distributions/IONetworkingFamily,git@github.com:apple-oss-distributions/IONetworkingFamily.git,8
R_kgDOGKbhfg,2021-10-04T21:35:50Z,2026-05-04T14:46:07Z,2026-04-21T22:22:35Z,5381,True,IOHIDFamily,apple-oss-distributions/IOHIDFamily,git@github.com:apple-oss-distributions/IOHIDFamily.git,28
R_kgDOGKbhfQ,2021-10-04T21:35:50Z,2026-04-21T22:22:36Z,2026-04-21T22:22:32Z,1342,True,IOGraphics,apple-oss-distributions/IOGraphics,git@github.com:apple-oss-distributions/IOGraphics.git,14
R_kgDOGKbhZg,2021-10-04T21:35:45Z,2026-04-21T22:22:36Z,2026-04-21T22:22:30Z,619,True,IOAudioFamily,apple-oss-distributions/IOAudioFamily,git@github.com:apple-oss-distributions/IOAudioFamily.git,9
R_kgDOGKaEbw,2021-10-04T20:01:10Z,2026-04-12T21:14:30Z,2026-04-12T21:16:39Z,119,True,itusb1device,bloguetronica/itusb1device,git@github.com:bloguetronica/itusb1device.git,0
R_kgDOGKZ58Q,2021-10-04T19:51:16Z,2026-03-31T09:23:24Z,2026-03-31T09:23:19Z,14340,False,GAL,circled-square/GAL,git@github.com:circled-square/GAL.git,0
R_kgDOGKZC4A,2021-10-04T19:01:04Z,2026-04-11T06:12:39Z,2026-04-11T06:12:35Z,221767,False,XenonCode,batcholi/XenonCode,git@github.com:batcholi/XenonCode.git,11
R_kgDOGKVakw,2021-10-04T15:55:40Z,2026-03-16T15:47:13Z,2026-05-05T14:34:55Z,135847,True,ML4KP-devel,PRX-Kinodynamic/ML4KP-devel,git@github.com:PRX-Kinodynamic/ML4KP-devel.git,4
R_kgDOGKRLbQ,2021-10-04T12:53:12Z,2026-04-23T17:00:29Z,2026-04-23T17:00:24Z,771,True,SysmonCommon,microsoft/SysmonCommon,git@github.com:microsoft/SysmonCommon.git,64
R_kgDOGKQw9w,2021-10-04T12:33:38Z,2026-04-07T00:34:51Z,2026-04-07T00:34:46Z,84,False,triangulation,guslott/triangulation,git@github.com:guslott/triangulation.git,0
R_kgDOGKQk0A,2021-10-04T12:24:18Z,2026-03-19T21:04:45Z,2026-03-19T21:04:40Z,325,False,lgx2userspace,ChrisAJS/lgx2userspace,git@github.com:ChrisAJS/lgx2userspace.git,34
R_kgDOGKPT0w,2021-10-04T11:19:34Z,2026-04-16T13:04:11Z,2026-04-16T13:04:05Z,13,False,rosbag_extract_video,xqms/rosbag_extract_video,git@github.com:xqms/rosbag_extract_video.git,1
R_kgDOGKNqEQ,2021-10-04T09:48:45Z,2026-05-05T14:18:57Z,2026-05-05T14:16:51Z,828,False,Codeforces,AkshayKohad/Codeforces,git@github.com:AkshayKohad/Codeforces.git,0
R_kgDOGKJb7A,2021-10-04T06:04:15Z,2026-04-29T03:47:51Z,2026-04-22T08:20:03Z,122891,True,In-Memory-Analytics-with-Apache-Arrow-,PacktPublishing/In-Memory-Analytics-with-Apache-Arrow-,git@github.com:PacktPublishing/In-Memory-Analytics-with-Apache-Arrow-.git,108
R_kgDOGKEVPg,2021-10-03T22:19:49Z,2026-05-07T09:22:15Z,2026-05-07T09:22:10Z,64939,False,ssbm-1.03,AltimorTASDK/ssbm-1.03,git@github.com:AltimorTASDK/ssbm-1.03.git,25
R_kgDOGKD_8g,2021-10-03T21:47:08Z,2026-04-06T22:01:59Z,2026-04-06T22:01:52Z,7245,False,medical_bracelet,alksarioglou/medical_bracelet,git@github.com:alksarioglou/medical_bracelet.git,5
R_kgDOGKCeSg,2021-10-03T19:41:06Z,2026-05-06T14:54:59Z,2026-05-06T14:40:23Z,303,False,last-fall,MausGames/last-fall,git@github.com:MausGames/last-fall.git,5
R_kgDOGJ9ECw,2021-10-03T13:49:16Z,2026-05-07T11:29:43Z,2026-04-05T15:39:19Z,40938,True,ardupilot_gazebo,ArduPilot/ardupilot_gazebo,git@github.com:ArduPilot/ardupilot_gazebo.git,206
R_kgDOGJ6jRA,2021-10-03T10:49:52Z,2026-05-01T09:09:07Z,2026-05-01T09:09:04Z,5858,True,sora-cpp-sdk,shiguredo/sora-cpp-sdk,git@github.com:shiguredo/sora-cpp-sdk.git,46
R_kgDOGJ4jeg,2021-10-03T08:15:31Z,2026-03-08T12:57:51Z,2026-03-08T12:57:48Z,364,False,hope-json,glensand/hope-json,git@github.com:glensand/hope-json.git,2
R_kgDOGJvgkg,2021-10-02T17:39:58Z,2026-05-07T09:53:33Z,2026-05-07T09:53:28Z,576,False,OOPs,abhisek200/OOPs,git@github.com:abhisek200/OOPs.git,0
R_kgDOGJukaw,2021-10-02T16:38:26Z,2026-04-05T14:53:53Z,2026-04-05T14:53:44Z,111334,False,tasks-cpp,polinaantropova/tasks-cpp,git@github.com:polinaantropova/tasks-cpp.git,0
R_kgDOGJtrFw,2021-10-02T15:40:34Z,2026-03-20T07:38:31Z,2026-03-20T07:38:27Z,304,False,leetcode,jpark1607/leetcode,git@github.com:jpark1607/leetcode.git,0
R_kgDOGJqtCA,2021-10-02T12:29:11Z,2026-05-06T23:45:53Z,2026-05-06T23:45:50Z,1318,False,UE_CPP_Bridge,gribuser/UE_CPP_Bridge,git@github.com:gribuser/UE_CPP_Bridge.git,1
R_kgDOGJqWYQ,2021-10-02T12:03:11Z,2026-05-06T14:38:55Z,2026-05-06T14:23:53Z,4363,False,freebsd-ports,dsh2dsh/freebsd-ports,git@github.com:dsh2dsh/freebsd-ports.git,0
R_kgDOGJnujg,2021-10-02T08:47:52Z,2026-04-25T23:06:44Z,2026-05-05T02:40:44Z,127783,False,ToobAmp,rerdavies/ToobAmp,git@github.com:rerdavies/ToobAmp.git,82
R_kgDOGJm4fQ,2021-10-02T07:45:19Z,2026-04-19T02:13:00Z,2026-04-19T02:12:56Z,1343,False,lima,EzraJ/lima,git@github.com:EzraJ/lima.git,1
R_kgDOGJk4mQ,2021-10-02T05:00:51Z,2026-05-06T04:02:45Z,2026-05-06T04:02:41Z,31409,False,Client-Server,VivekSubr/Client-Server,git@github.com:VivekSubr/Client-Server.git,1
R_kgDOGJjFXA,2021-10-02T01:59:14Z,2026-05-06T06:22:44Z,2026-05-06T06:22:39Z,263353,False,cloudSmoker,cwgstreet/cloudSmoker,git@github.com:cwgstreet/cloudSmoker.git,23
R_kgDOGJf47A,2021-10-01T20:47:38Z,2026-04-18T02:52:57Z,2026-04-18T19:05:42Z,39820,False,SDMG-Web-Bot,JamesNewton/SDMG-Web-Bot,git@github.com:JamesNewton/SDMG-Web-Bot.git,3
R_kgDOGJfT2Q,2021-10-01T20:04:54Z,2026-05-02T18:02:00Z,2026-05-05T21:05:08Z,13004,False,RasterIX,ToNi3141/RasterIX,git@github.com:ToNi3141/RasterIX.git,131
R_kgDOGJfJFA,2021-10-01T19:53:40Z,2026-04-10T11:41:06Z,2026-04-10T11:41:04Z,1927,False,dgm-lib,nerudaj/dgm-lib,git@github.com:nerudaj/dgm-lib.git,3
R_kgDOGJdfYw,2021-10-01T18:13:18Z,2026-04-24T14:38:38Z,2026-04-24T14:39:26Z,1122,True,matrix-permanent,theochem/matrix-permanent,git@github.com:theochem/matrix-permanent.git,7
R_kgDOGJdBAw,2021-10-01T17:48:16Z,2026-03-11T21:50:57Z,2026-03-11T21:50:49Z,396635,True,swedish-olympiad-2022,Kodsport/swedish-olympiad-2022,git@github.com:Kodsport/swedish-olympiad-2022.git,0
R_kgDOGJbHOw,2021-10-01T16:09:54Z,2026-03-14T20:44:01Z,2026-03-14T20:43:59Z,1570,False,DSA-All-In-All,biparnakroy/DSA-All-In-All,git@github.com:biparnakroy/DSA-All-In-All.git,0
R_kgDOGJaR2A,2021-10-01T15:28:42Z,2026-04-19T10:36:49Z,2026-04-19T13:59:13Z,89,True,region_free_plugin,wiiu-env/region_free_plugin,git@github.com:wiiu-env/region_free_plugin.git,36
R_kgDOGJaFxQ,2021-10-01T15:19:15Z,2026-04-07T01:06:43Z,2026-04-07T01:06:38Z,6734,False,LearnOpenGL,dhdylan/LearnOpenGL,git@github.com:dhdylan/LearnOpenGL.git,0
R_kgDOGJVdoQ,2021-10-01T11:35:12Z,2026-05-07T05:57:10Z,2026-05-07T05:57:09Z,5845,False,LeetCode,JayantGoel001/LeetCode,git@github.com:JayantGoel001/LeetCode.git,27
R_kgDOGJUgZQ,2021-10-01T10:41:31Z,2026-04-10T02:39:08Z,2026-05-04T05:16:31Z,229,False,func-adl-types-atlas,gordonwatts/func-adl-types-atlas,git@github.com:gordonwatts/func-adl-types-atlas.git,0
R_kgDOGJT14w,2021-10-01T10:03:06Z,2026-04-19T11:56:34Z,2026-04-19T12:34:30Z,18034,True,moyasar-ios-pod,moyasar/moyasar-ios-pod,git@github.com:moyasar/moyasar-ios-pod.git,2
R_kgDOGJSUEg,2021-10-01T08:36:17Z,2026-03-21T15:33:18Z,2026-03-21T15:33:15Z,927,False,zbase,zsummer/zbase,git@github.com:zsummer/zbase.git,2
R_kgDOGJRqDA,2021-10-01T07:59:03Z,2026-05-05T18:22:28Z,2026-05-05T18:22:23Z,1881,False,Leetcode_Solution,MonuKumar1/Leetcode_Solution,git@github.com:MonuKumar1/Leetcode_Solution.git,0
R_kgDOGJOcyA,2021-10-01T04:34:47Z,2026-03-21T13:46:31Z,2026-03-21T13:46:28Z,187,False,leetcode,tammy228/leetcode,git@github.com:tammy228/leetcode.git,0
R_kgDOGJEKlQ,2021-09-30T17:24:27Z,2026-04-26T14:24:59Z,2026-04-26T14:24:54Z,896,False,ds-algo,Aditya0709-alt/ds-algo,git@github.com:Aditya0709-alt/ds-algo.git,1
R_kgDOGJDQHw,2021-09-30T16:39:22Z,2026-05-04T17:18:52Z,2026-05-04T17:18:35Z,89,False,graph-diameter,slashvar/graph-diameter,git@github.com:slashvar/graph-diameter.git,0
R_kgDOGJDIEw,2021-09-30T16:33:03Z,2026-04-02T04:04:02Z,2026-05-06T07:09:31Z,59220,False,dalbaragi,SausageTaste/dalbaragi,git@github.com:SausageTaste/dalbaragi.git,0
R_kgDOGJBS5g,2021-09-30T15:06:17Z,2026-04-10T16:31:08Z,2026-04-10T16:31:04Z,1352,True,simWS,CoppeliaRobotics/simWS,git@github.com:CoppeliaRobotics/simWS.git,0
R_kgDOGJAq_A,2021-09-30T14:38:17Z,2026-04-07T12:54:47Z,2026-04-07T12:54:41Z,1904,False,LzwOptimizingProject_BinaryTree,Gardenwords/LzwOptimizingProject_BinaryTree,git@github.com:Gardenwords/LzwOptimizingProject_BinaryTree.git,0
R_kgDOGI_Oew,2021-09-30T13:32:46Z,2026-03-17T09:30:35Z,2026-03-16T01:42:45Z,2079,False,irFFB,thogue95/irFFB,git@github.com:thogue95/irFFB.git,63
R_kgDOGI4PCw,2021-09-30T07:19:38Z,2026-03-31T07:13:35Z,2026-03-13T22:32:54Z,23085,False,SKSNSim,SKSNSim/SKSNSim,git@github.com:SKSNSim/SKSNSim.git,3
R_kgDOGIz9aA,2021-09-30T02:13:58Z,2026-05-01T12:42:58Z,2026-05-01T12:42:55Z,1565,False,legible-algorithms,aeu/legible-algorithms,git@github.com:aeu/legible-algorithms.git,1
R_kgDOGIynOw,2021-09-30T00:31:54Z,2026-04-01T07:12:17Z,2026-04-01T07:12:08Z,54607,False,vc2019_test,ImDaeseong/vc2019_test,git@github.com:ImDaeseong/vc2019_test.git,0
R_kgDOGIt_qg,2021-09-29T18:57:00Z,2026-04-03T20:49:41Z,2026-04-03T20:49:34Z,4599,False,competitive-programming,fricai/competitive-programming,git@github.com:fricai/competitive-programming.git,6
R_kgDOGItj_Q,2021-09-29T18:31:35Z,2026-03-16T18:57:10Z,2026-04-24T02:16:30Z,12,False,memleak-test,compscidr/memleak-test,git@github.com:compscidr/memleak-test.git,0
R_kgDOGIsuQw,2021-09-29T17:46:08Z,2026-05-06T21:41:30Z,2026-05-06T23:15:29Z,57761,False,Uno,cvanaret/Uno,git@github.com:cvanaret/Uno.git,480
R_kgDOGImDfQ,2021-09-29T12:28:09Z,2026-03-29T07:54:30Z,2026-03-29T07:54:26Z,201,False,Leetcode-,Ackerman666/Leetcode-,git@github.com:Ackerman666/Leetcode-.git,0
R_kgDOGIifuQ,2021-09-29T09:18:23Z,2026-04-23T05:54:32Z,2026-04-23T05:56:17Z,3757,False,tinytmx,KaseyJenkins/tinytmx,git@github.com:KaseyJenkins/tinytmx.git,35
R_kgDOGIdWUw,2021-09-29T03:54:23Z,2026-05-06T22:36:51Z,2026-05-06T22:36:47Z,897,True,trellis,agtonomy/trellis,git@github.com:agtonomy/trellis.git,28
R_kgDOGIZ5nw,2021-09-28T23:22:28Z,2026-03-19T14:46:31Z,2026-03-19T14:43:12Z,4481,True,goldrush,BirolLab/goldrush,git@github.com:BirolLab/goldrush.git,41
R_kgDOGIZG4Q,2021-09-28T22:15:01Z,2026-03-12T14:15:22Z,2026-03-12T14:15:02Z,12931,False,rheoMultiFluidInterFoam,gkarapetsas/rheoMultiFluidInterFoam,git@github.com:gkarapetsas/rheoMultiFluidInterFoam.git,8
R_kgDOGIWlLg,2021-09-28T19:21:57Z,2026-05-02T15:15:02Z,2026-05-02T15:14:59Z,52644,False,olympiads,arom0808/olympiads,git@github.com:arom0808/olympiads.git,1
R_kgDOGIVRqA,2021-09-28T18:08:09Z,2026-04-22T12:57:17Z,2026-04-22T12:57:13Z,422443,False,Mandelbrot-2,Divetoxx/Mandelbrot-2,git@github.com:Divetoxx/Mandelbrot-2.git,8
R_kgDOGITLdA,2021-09-28T16:19:34Z,2026-05-01T19:24:23Z,2026-05-01T20:00:29Z,1194886,False,Archive,bolucat/Archive,git@github.com:bolucat/Archive.git,59
R_kgDOGITCUQ,2021-09-28T16:12:37Z,2026-03-03T18:47:51Z,2026-03-03T18:47:46Z,29,False,MYSTL,rajesh2k20/MYSTL,git@github.com:rajesh2k20/MYSTL.git,0
R_kgDOGISQHA,2021-09-28T15:34:47Z,2026-03-03T16:04:38Z,2026-03-03T16:04:33Z,3593,True,bistablehistory,cran/bistablehistory,git@github.com:cran/bistablehistory.git,0
R_kgDOGIPrPg,2021-09-28T13:43:16Z,2026-04-19T19:46:32Z,2026-03-29T10:43:49Z,808,False,USalign,pylelab/USalign,git@github.com:pylelab/USalign.git,179
R_kgDOGIPiqQ,2021-09-28T13:37:26Z,2026-03-31T06:33:53Z,2026-04-15T06:33:54Z,1631,True,lliurex-onedrive-plasmoid,lliurex/lliurex-onedrive-plasmoid,git@github.com:lliurex/lliurex-onedrive-plasmoid.git,0
R_kgDOGIOxNA,2021-09-28T13:02:24Z,2026-03-09T17:12:33Z,2026-03-09T17:12:29Z,7,False,esp32-simple-led-IoT,ranon-rat/esp32-simple-led-IoT,git@github.com:ranon-rat/esp32-simple-led-IoT.git,4
R_kgDOGIM4EQ,2021-09-28T11:24:31Z,2026-04-07T17:18:51Z,2026-05-05T10:36:59Z,2308,False,HellTech-Engine,Eichenherz/HellTech-Engine,git@github.com:Eichenherz/HellTech-Engine.git,10
R_kgDOGIL5jA,2021-09-28T10:31:53Z,2026-05-04T15:59:54Z,2026-05-04T15:59:50Z,380,True,bestsource,vapoursynth/bestsource,git@github.com:vapoursynth/bestsource.git,132
R_kgDOGIJLcg,2021-09-28T08:09:23Z,2026-04-27T07:50:56Z,2026-04-27T07:50:52Z,126,False,Algorithms-in-Cpp,Shourov1702040/Algorithms-in-Cpp,git@github.com:Shourov1702040/Algorithms-in-Cpp.git,3
R_kgDOGH8TjA,2021-09-27T17:31:20Z,2026-03-30T19:36:31Z,2026-03-30T19:36:28Z,22,False,CruisingGeekCommon,CruisingGeek/CruisingGeekCommon,git@github.com:CruisingGeek/CruisingGeekCommon.git,0
R_kgDOGH8Fvw,2021-09-27T17:20:43Z,2026-05-01T20:26:32Z,2026-05-01T20:26:29Z,9565,False,CXXAAPlus,sbooth/CXXAAPlus,git@github.com:sbooth/CXXAAPlus.git,0
R_kgDOGH7eRg,2021-09-27T16:49:59Z,2026-05-02T02:41:52Z,2026-05-07T09:33:33Z,1250,True,NRD-Sample,NVIDIA-RTX/NRD-Sample,git@github.com:NVIDIA-RTX/NRD-Sample.git,188
R_kgDOGH7dag,2021-09-27T16:49:17Z,2026-05-07T07:52:32Z,2026-05-07T07:52:28Z,736,True,NRISamples,NVIDIA-RTX/NRISamples,git@github.com:NVIDIA-RTX/NRISamples.git,59
R_kgDOGH7cxQ,2021-09-27T16:48:49Z,2026-05-07T07:52:22Z,2026-05-07T07:52:18Z,539,True,NRIFramework,NVIDIA-RTX/NRIFramework,git@github.com:NVIDIA-RTX/NRIFramework.git,34
R_kgDOGH7b_A,2021-09-27T16:48:13Z,2026-05-07T07:52:07Z,2026-05-07T07:52:03Z,4053,True,NRI,NVIDIA-RTX/NRI,git@github.com:NVIDIA-RTX/NRI.git,429
R_kgDOGH7WqQ,2021-09-27T16:44:08Z,2026-05-05T06:58:50Z,2026-05-05T07:01:25Z,318,True,MathLib,NVIDIA-RTX/MathLib,git@github.com:NVIDIA-RTX/MathLib.git,105
R_kgDOGH62Ew,2021-09-27T16:17:57Z,2026-04-15T17:28:25Z,2026-04-15T17:28:54Z,2221,False,HeadUnitVolumeKnob,CruisingGeek/HeadUnitVolumeKnob,git@github.com:CruisingGeek/HeadUnitVolumeKnob.git,20
R_kgDOGH5eMg,2021-09-27T15:13:43Z,2026-03-28T11:46:34Z,2026-03-28T11:46:31Z,30,False,usmartpointer,SkyEng1neering/usmartpointer,git@github.com:SkyEng1neering/usmartpointer.git,1
R_kgDOGH2N5A,2021-09-27T12:47:53Z,2026-04-28T15:22:30Z,2026-03-21T22:06:19Z,158580,True,MafiaMP,MafiaHub/MafiaMP,git@github.com:MafiaHub/MafiaMP.git,56
R_kgDOGHw2DA,2021-09-27T07:59:19Z,2026-05-06T12:25:09Z,2026-05-06T12:25:05Z,196,False,asio_net,shuai132/asio_net,git@github.com:shuai132/asio_net.git,20
R_kgDOGHwUQA,2021-09-27T07:30:56Z,2026-03-16T02:11:49Z,2026-03-16T02:11:44Z,1573,True,deepin-fcitxconfigtool-plugin,linuxdeepin/deepin-fcitxconfigtool-plugin,git@github.com:linuxdeepin/deepin-fcitxconfigtool-plugin.git,2
R_kgDOGHuL4Q,2021-09-27T05:13:20Z,2026-05-07T11:05:42Z,2026-05-07T11:05:38Z,370,False,dq,user1095108/dq,git@github.com:user1095108/dq.git,1
R_kgDOGHt3Hw,2021-09-27T04:47:15Z,2026-04-19T07:16:39Z,2026-04-19T07:16:34Z,205,False,ethanol-module,justinbaur/ethanol-module,git@github.com:justinbaur/ethanol-module.git,1
R_kgDOGHtN_A,2021-09-27T03:51:14Z,2026-05-03T17:24:57Z,2026-05-03T17:24:53Z,83919,False,Cp_C-_files,is-this-echo/Cp_C-_files,git@github.com:is-this-echo/Cp_C-_files.git,1
R_kgDOGHq1oQ,2021-09-27T00:30:10Z,2026-03-06T06:35:32Z,2026-03-06T06:35:28Z,265,False,portfolio-optimizer,fffaraz/portfolio-optimizer,git@github.com:fffaraz/portfolio-optimizer.git,1
R_kgDOGHqalA,2021-09-26T23:46:49Z,2026-03-03T18:08:01Z,2026-03-03T18:07:58Z,31,False,Jen9x,Jen9x/Jen9x,git@github.com:Jen9x/Jen9x.git,0
R_kgDOGHqZhg,2021-09-26T23:45:07Z,2026-04-09T00:39:26Z,2026-04-09T00:39:22Z,29971,False,conjure,duhone/conjure,git@github.com:duhone/conjure.git,2
R_kgDOGHl4MQ,2021-09-26T17:12:48Z,2026-04-16T18:06:42Z,2026-04-16T18:06:38Z,3347,True,Soluciones,olimpiada-informatica/Soluciones,git@github.com:olimpiada-informatica/Soluciones.git,8
R_kgDOGHfz9Q,2021-09-26T10:00:16Z,2026-05-06T20:17:36Z,2026-04-30T06:08:15Z,146,False,libwsk,MiroKaku/libwsk,git@github.com:MiroKaku/libwsk.git,289
R_kgDOGHbTew,2021-09-26T03:31:55Z,2026-03-13T15:32:53Z,2026-03-13T15:32:51Z,88,False,system,davitkalantaryan/system,git@github.com:davitkalantaryan/system.git,0
R_kgDOGHYMEg,2021-09-25T21:53:05Z,2026-05-01T02:16:58Z,2026-05-01T16:39:21Z,158553,True,Imaging-Art-beyond-RGB,BeyondRGB/Imaging-Art-beyond-RGB,git@github.com:BeyondRGB/Imaging-Art-beyond-RGB.git,44
R_kgDOGHSSzQ,2021-09-25T14:25:04Z,2026-05-03T05:30:30Z,2026-05-03T05:30:27Z,112,False,GreenScreen410,GreenScreen410/GreenScreen410,git@github.com:GreenScreen410/GreenScreen410.git,1
R_kgDOGHRrkA,2021-09-25T13:42:01Z,2026-04-06T20:36:17Z,2026-04-06T20:36:10Z,171,False,DSA,Ohisemega/DSA,git@github.com:Ohisemega/DSA.git,1
R_kgDOGHKzAA,2021-09-25T04:00:10Z,2026-03-10T00:12:06Z,2026-03-10T00:12:02Z,34,False,vm,joseavinatecmm/vm,git@github.com:joseavinatecmm/vm.git,0
R_kgDOGHKVdg,2021-09-25T03:13:14Z,2026-03-16T02:39:37Z,2026-03-16T02:46:48Z,19,False,eca,nberlette/eca,git@github.com:nberlette/eca.git,4
R_kgDOGHJJRw,2021-09-25T01:12:06Z,2026-03-28T11:44:50Z,2026-03-28T11:44:47Z,48,False,uvector,SkyEng1neering/uvector,git@github.com:SkyEng1neering/uvector.git,2
R_kgDOGHIxGQ,2021-09-25T00:31:04Z,2026-05-06T21:54:20Z,2026-05-06T15:24:19Z,89,False,Embedded-Sentry-Project-IoT,masfour7/Embedded-Sentry-Project-IoT,git@github.com:masfour7/Embedded-Sentry-Project-IoT.git,1
R_kgDOGHFZAA,2021-09-24T19:35:44Z,2026-04-27T00:42:12Z,2026-04-27T00:42:52Z,1107,False,mclgeom,mattoverby/mclgeom,git@github.com:mattoverby/mclgeom.git,0
R_kgDOGHDk3A,2021-09-24T17:40:39Z,2026-03-15T18:24:02Z,2026-03-15T18:23:59Z,243,False,IsosurfaceCpp,chrismile/IsosurfaceCpp,git@github.com:chrismile/IsosurfaceCpp.git,3
R_kgDOGHDTGg,2021-09-24T17:24:25Z,2026-04-26T21:27:26Z,2026-04-26T21:28:30Z,4151,False,mclccd,mattoverby/mclccd,git@github.com:mattoverby/mclccd.git,5
R_kgDOGHCvCQ,2021-09-24T16:51:36Z,2026-04-12T01:16:33Z,2026-04-12T01:16:27Z,68,False,module-FileServer,apostoldevel/module-FileServer,git@github.com:apostoldevel/module-FileServer.git,0
R_kgDOGHAY-A,2021-09-24T14:45:51Z,2026-03-12T07:33:06Z,2026-03-12T07:33:02Z,159,False,pipe_framework,snghojeong/pipe_framework,git@github.com:snghojeong/pipe_framework.git,0
R_kgDOGG__iw,2021-09-24T14:26:11Z,2026-04-03T13:41:17Z,2026-03-28T11:41:47Z,55,False,dalloc,SkyEng1neering/dalloc,git@github.com:SkyEng1neering/dalloc.git,20
R_kgDOGG8c9Q,2021-09-24T11:13:57Z,2026-05-05T17:57:25Z,2026-05-05T17:57:20Z,2580,False,CPP,rishabhjohar24/CPP,git@github.com:rishabhjohar24/CPP.git,0
R_kgDOGG6aVg,2021-09-24T09:09:44Z,2026-04-14T15:51:05Z,2026-04-14T15:51:00Z,6,False,Dancing-Robo,ritsth/Dancing-Robo,git@github.com:ritsth/Dancing-Robo.git,0
R_kgDOGG6KTQ,2021-09-24T08:55:51Z,2026-05-03T00:17:46Z,2026-05-03T00:39:21Z,507923,True,Hades-Windows,theSecHunter/Hades-Windows,git@github.com:theSecHunter/Hades-Windows.git,307
R_kgDOGG37yg,2021-09-24T06:45:16Z,2026-03-04T06:30:57Z,2026-03-04T06:30:53Z,52,False,fastx,Archieyoung/fastx,git@github.com:Archieyoung/fastx.git,1
R_kgDOGG1Slg,2021-09-24T03:20:17Z,2026-03-31T04:01:04Z,2026-03-31T04:01:00Z,567,False,system-g,jafl/system-g,git@github.com:jafl/system-g.git,3
R_kgDOGG1RrA,2021-09-24T03:19:02Z,2026-03-31T04:01:20Z,2026-03-31T04:01:17Z,518,False,subversion_client,jafl/subversion_client,git@github.com:jafl/subversion_client.git,3
R_kgDOGG1Q8Q,2021-09-24T03:18:13Z,2026-03-31T04:00:45Z,2026-03-31T04:00:41Z,80,False,ssh-askpass,jafl/ssh-askpass,git@github.com:jafl/ssh-askpass.git,1
R_kgDOGG1MnQ,2021-09-24T03:12:59Z,2026-03-31T04:00:23Z,2026-03-31T04:00:19Z,333,False,leibnitz,jafl/leibnitz,git@github.com:jafl/leibnitz.git,2
R_kgDOGG1LPw,2021-09-24T03:11:30Z,2026-03-31T03:59:33Z,2026-03-31T03:59:28Z,957,False,glove,jafl/glove,git@github.com:jafl/glove.git,1
R_kgDOGG0o9g,2021-09-24T02:31:00Z,2026-04-17T15:07:21Z,2026-04-17T15:07:20Z,42796,True,OGRE,glaciology/OGRE,git@github.com:glaciology/OGRE.git,7
R_kgDOGG0Luw,2021-09-24T01:55:12Z,2026-03-23T02:38:30Z,2026-03-13T00:19:22Z,2236,False,GEVCU7,collin80/GEVCU7,git@github.com:collin80/GEVCU7.git,28
R_kgDOGGv9NA,2021-09-23T20:09:34Z,2026-03-15T22:07:41Z,2026-03-15T22:07:38Z,62,False,dijkstra-fib,derekharrison/dijkstra-fib,git@github.com:derekharrison/dijkstra-fib.git,1
R_kgDOGGv62A,2021-09-23T20:07:10Z,2026-05-04T11:08:56Z,2026-05-04T10:27:52Z,23135,False,CDM,rpuig2001/CDM,git@github.com:rpuig2001/CDM.git,41
R_kgDOGGubbQ,2021-09-23T18:37:55Z,2026-04-30T05:33:59Z,2026-03-07T09:08:12Z,2909,True,DMarked,DMarked/DMarked,git@github.com:DMarked/DMarked.git,27
R_kgDOGGuDzg,2021-09-23T18:16:39Z,2026-04-25T18:08:43Z,2026-04-25T18:08:39Z,2890,False,FastestPizzaDelivery,ufrshubham/FastestPizzaDelivery,git@github.com:ufrshubham/FastestPizzaDelivery.git,3
R_kgDOGGrt6A,2021-09-23T16:12:21Z,2026-03-03T05:29:27Z,2026-04-02T14:10:40Z,1407,True,CASMcode_clexulator,prisms-center/CASMcode_clexulator,git@github.com:prisms-center/CASMcode_clexulator.git,0
R_kgDOGGn-Uw,2021-09-23T13:17:15Z,2026-04-24T14:19:04Z,2026-04-24T14:18:58Z,19677,False,FiniteElasticity,eterrell11/FiniteElasticity,git@github.com:eterrell11/FiniteElasticity.git,0
R_kgDOGGn7Nw,2021-09-23T13:15:11Z,2026-03-28T08:45:09Z,2026-03-28T08:45:05Z,461,False,Digispark-Attiny85-IR-Relay,blyamur/Digispark-Attiny85-IR-Relay,git@github.com:blyamur/Digispark-Attiny85-IR-Relay.git,4
R_kgDOGGlH2w,2021-09-23T10:52:07Z,2026-04-25T01:16:34Z,2026-04-25T01:16:30Z,1225,False,DrillPluginInformationReader,DrillUp/DrillPluginInformationReader,git@github.com:DrillUp/DrillPluginInformationReader.git,1
R_kgDOGGh0Ow,2021-09-23T07:51:28Z,2026-04-01T03:03:16Z,2026-04-01T03:03:12Z,851,True,nas-20170626,alibabacloud-sdk-cpp/nas-20170626,git@github.com:alibabacloud-sdk-cpp/nas-20170626.git,1
R_kgDOGGhz3A,2021-09-23T07:51:11Z,2026-04-22T18:00:55Z,2026-04-22T18:00:51Z,888,True,yundun-bastionhost-20191209,alibabacloud-sdk-cpp/yundun-bastionhost-20191209,git@github.com:alibabacloud-sdk-cpp/yundun-bastionhost-20191209.git,0
R_kgDOGGhV9w,2021-09-23T07:25:26Z,2026-04-03T17:55:49Z,2026-04-03T17:55:44Z,133,False,Cherry,QRWells/Cherry,git@github.com:QRWells/Cherry.git,0
R_kgDOGGfWKA,2021-09-23T05:20:22Z,2026-04-22T18:23:43Z,2026-04-22T18:23:35Z,5958,True,push1st,navek-soft/push1st,git@github.com:navek-soft/push1st.git,21
R_kgDOGGeM3Q,2021-09-23T03:51:38Z,2026-05-06T12:54:52Z,2026-05-06T12:54:48Z,439,False,xl,user1095108/xl,git@github.com:user1095108/xl.git,1
R_kgDOGGbJzQ,2021-09-22T23:53:44Z,2026-04-06T22:01:35Z,2026-04-06T22:01:30Z,205,False,freeways,treeplate/freeways,git@github.com:treeplate/freeways.git,0
R_kgDOGGYbiA,2021-09-22T20:20:34Z,2026-04-02T21:04:21Z,2026-04-06T14:58:29Z,274,True,utilities,DUNE-DAQ/utilities,git@github.com:DUNE-DAQ/utilities.git,0
R_kgDOGGV74w,2021-09-22T17:54:48Z,2026-04-28T00:02:54Z,2026-04-28T00:02:50Z,1674,True,hl2sdk-mock,alliedmodders/hl2sdk-mock,git@github.com:alliedmodders/hl2sdk-mock.git,9
R_kgDOGGSfBA,2021-09-22T14:58:53Z,2026-03-24T16:17:50Z,2026-03-24T16:17:43Z,13180,False,Data_structures_and_algorithms_FMI,MariaGrozdeva/Data_structures_and_algorithms_FMI,git@github.com:MariaGrozdeva/Data_structures_and_algorithms_FMI.git,18
R_kgDOGGQv6g,2021-09-22T13:38:18Z,2026-04-05T11:12:00Z,2026-04-05T11:11:53Z,168,False,dremini,marty1885/dremini,git@github.com:marty1885/dremini.git,11
R_kgDOGGP56g,2021-09-22T12:58:36Z,2026-04-28T09:04:27Z,2026-04-28T09:04:23Z,192860,False,UnrealExtendedFramework,ElderDeveloper/UnrealExtendedFramework,git@github.com:ElderDeveloper/UnrealExtendedFramework.git,8
R_kgDOGGPJNQ,2021-09-22T12:18:48Z,2026-04-27T18:51:22Z,2026-04-27T18:57:57Z,8599,False,SAPPOROBDD,Shin-ichi-Minato/SAPPOROBDD,git@github.com:Shin-ichi-Minato/SAPPOROBDD.git,21
R_kgDOGGL9Tg,2021-09-22T09:24:58Z,2026-04-10T09:08:10Z,2026-04-10T09:08:04Z,43,False,kea_flex_id,vel21ripn/kea_flex_id,git@github.com:vel21ripn/kea_flex_id.git,2
R_kgDOGGLsDg,2021-09-22T09:10:30Z,2026-04-22T07:40:54Z,2026-05-07T06:59:24Z,1340,False,zero,Hackerl/zero,git@github.com:Hackerl/zero.git,6
R_kgDOGGKclQ,2021-09-22T08:03:32Z,2026-05-05T20:50:11Z,2026-05-05T20:50:06Z,188,False,esphome-atorch-dl24,syssi/esphome-atorch-dl24,git@github.com:syssi/esphome-atorch-dl24.git,101
R_kgDOGGKKzQ,2021-09-22T07:47:49Z,2026-05-07T08:21:29Z,2026-05-07T07:06:28Z,4348,False,Texas-Holdem-HeadsUp-Poker-AI-System,masterai-top/Texas-Holdem-HeadsUp-Poker-AI-System,git@github.com:masterai-top/Texas-Holdem-HeadsUp-Poker-AI-System.git,47
R_kgDOGGKDrg,2021-09-22T07:41:41Z,2026-05-07T08:23:01Z,2026-05-07T07:09:43Z,37502,False,TexasHoldem-Poker-AI-HeadsUp-Engine,masterai-top/TexasHoldem-Poker-AI-HeadsUp-Engine,git@github.com:masterai-top/TexasHoldem-Poker-AI-HeadsUp-Engine.git,26
R_kgDOGGIhnw,2021-09-22T06:08:39Z,2026-04-30T10:37:01Z,2026-04-30T10:40:26Z,4891,False,GroupingProblem_ALNS,muuuu-2723/GroupingProblem_ALNS,git@github.com:muuuu-2723/GroupingProblem_ALNS.git,0
R_kgDOGGHLnw,2021-09-22T04:21:38Z,2026-03-31T03:59:56Z,2026-03-31T03:59:52Z,4863,False,jx-ide,jafl/jx-ide,git@github.com:jafl/jx-ide.git,5
R_kgDOGGG41Q,2021-09-22T03:55:37Z,2026-03-31T03:59:09Z,2026-03-31T03:59:05Z,256,False,drakon,jafl/drakon,git@github.com:jafl/drakon.git,1
R_kgDOGGEPBw,2021-09-22T00:25:41Z,2026-05-05T13:22:36Z,2026-05-05T13:21:53Z,747,True,csound-cxx-opcodes,gogins-dev/csound-cxx-opcodes,git@github.com:gogins-dev/csound-cxx-opcodes.git,3
R_kgDOGGCI9w,2021-09-21T21:31:08Z,2026-04-06T11:55:59Z,2026-04-04T13:06:39Z,415,False,City-Mapper,Toufik98/City-Mapper,git@github.com:Toufik98/City-Mapper.git,2
R_kgDOGF-8fQ,2021-09-21T18:14:17Z,2026-04-28T20:41:56Z,2026-05-06T18:41:58Z,2893,False,maki,fgoujeon/maki,git@github.com:fgoujeon/maki.git,45
R_kgDOGF6NQw,2021-09-21T14:20:16Z,2026-04-20T16:08:54Z,2026-04-20T16:08:49Z,1551,False,Teaching,JohnRuhl/Teaching,git@github.com:JohnRuhl/Teaching.git,0
R_kgDOGF4aKA,2021-09-21T12:56:36Z,2026-05-05T06:03:12Z,2026-05-05T06:03:08Z,781,False,richard,shuwenhe/richard,git@github.com:shuwenhe/richard.git,0
R_kgDOGF1T9g,2021-09-21T10:02:10Z,2026-04-15T02:37:44Z,2026-04-15T02:37:39Z,83529,False,cpp_media_server,runner365/cpp_media_server,git@github.com:runner365/cpp_media_server.git,99
R_kgDOGF0rMA,2021-09-21T09:26:22Z,2026-03-13T11:58:54Z,2026-03-13T11:58:50Z,466520,False,code,dengyufan2008/code,git@github.com:dengyufan2008/code.git,4
R_kgDOGFzz1Q,2021-09-21T08:36:33Z,2026-05-06T14:10:54Z,2026-05-06T14:02:32Z,2661,False,HadesEvtChara,bkardano/HadesEvtChara,git@github.com:bkardano/HadesEvtChara.git,0
R_kgDOGFtb2A,2021-09-21T00:23:24Z,2026-04-14T06:26:25Z,2026-04-05T23:45:38Z,112564,False,DosPlatformGame,TerrySoba/DosPlatformGame,git@github.com:TerrySoba/DosPlatformGame.git,3
R_kgDOGFtW-A,2021-09-21T00:16:48Z,2026-04-03T00:01:09Z,2026-04-03T00:01:07Z,85,True,project-template,RIT-EVT/project-template,git@github.com:RIT-EVT/project-template.git,0
MDEwOlJlcG9zaXRvcnk0MDg1Nzk1ODc=,2021-09-20T19:46:28Z,2026-03-24T20:51:47Z,2026-03-24T20:51:38Z,69400,False,VanaheimEngine,SteveVerhoeven/VanaheimEngine,git@github.com:SteveVerhoeven/VanaheimEngine.git,0
MDEwOlJlcG9zaXRvcnk0MDg0OTY2NTQ=,2021-09-20T15:24:42Z,2026-05-03T13:11:43Z,2026-05-03T13:11:40Z,811,True,android_hardware_oneplus,LineageOS/android_hardware_oneplus,git@github.com:LineageOS/android_hardware_oneplus.git,17
MDEwOlJlcG9zaXRvcnk0MDg0MjAzNDU=,2021-09-20T11:43:44Z,2026-05-07T11:28:24Z,2026-05-07T11:28:20Z,1043,False,Algorithm,dew0209/Algorithm,git@github.com:dew0209/Algorithm.git,0
MDEwOlJlcG9zaXRvcnk0MDg0MDE4ODg=,2021-09-20T10:38:21Z,2026-03-23T17:21:27Z,2026-03-23T17:21:22Z,252,False,leetcode,drowning-in-codes/leetcode,git@github.com:drowning-in-codes/leetcode.git,0
MDEwOlJlcG9zaXRvcnk0MDgzODkwNjY=,2021-09-20T09:51:54Z,2026-03-29T17:40:51Z,2026-03-29T17:40:48Z,387,False,DSAPractice,akshaya-9/DSAPractice,git@github.com:akshaya-9/DSAPractice.git,0
MDEwOlJlcG9zaXRvcnk0MDgzNTc2NTI=,2021-09-20T08:02:34Z,2026-05-07T11:05:00Z,2026-05-07T11:04:55Z,59369,True,pyside-setup,pyside/pyside-setup,git@github.com:pyside/pyside-setup.git,117
MDEwOlJlcG9zaXRvcnk0MDgzMzc1MDQ=,2021-09-20T06:45:38Z,2026-03-05T15:48:50Z,2026-03-05T15:42:43Z,107299,False,UtilityLib,brokenwing/UtilityLib,git@github.com:brokenwing/UtilityLib.git,0
MDEwOlJlcG9zaXRvcnk0MDgzMjA3MjA=,2021-09-20T05:26:19Z,2026-04-29T23:11:30Z,2026-04-29T23:11:26Z,11964,False,mpd_gem_view_ssp,xbai0624/mpd_gem_view_ssp,git@github.com:xbai0624/mpd_gem_view_ssp.git,2
MDEwOlJlcG9zaXRvcnk0MDgzMDE4MzI=,2021-09-20T03:43:07Z,2026-04-14T08:30:33Z,2026-04-10T01:21:43Z,183151,False,DisassembleImage,qloveyzdd/DisassembleImage,git@github.com:qloveyzdd/DisassembleImage.git,3
MDEwOlJlcG9zaXRvcnk0MDgyODk3MDE=,2021-09-20T02:36:24Z,2026-05-07T04:12:24Z,2026-05-07T05:12:02Z,584930,False,rollnw,jd28/rollnw,git@github.com:jd28/rollnw.git,8
MDEwOlJlcG9zaXRvcnk0MDgyNTc0ODE=,2021-09-19T23:12:05Z,2026-03-27T14:41:05Z,2026-03-27T14:43:36Z,216,False,selenite-lamp,julianandrews/selenite-lamp,git@github.com:julianandrews/selenite-lamp.git,0
MDEwOlJlcG9zaXRvcnk0MDgyMTcxMjQ=,2021-09-19T19:23:44Z,2026-04-19T20:55:10Z,2026-04-19T20:55:05Z,29570,False,AstroDX12,quentinwarnant/AstroDX12,git@github.com:quentinwarnant/AstroDX12.git,2
MDEwOlJlcG9zaXRvcnk0MDgyMDk2NzI=,2021-09-19T18:47:42Z,2026-03-13T20:46:19Z,2026-03-13T20:46:15Z,64380,False,learn-cpp,mrpunkdasilva/learn-cpp,git@github.com:mrpunkdasilva/learn-cpp.git,5
MDEwOlJlcG9zaXRvcnk0MDgxODc5Nzk=,2021-09-19T17:09:59Z,2026-03-20T06:38:18Z,2026-03-20T06:38:15Z,832,False,SDL_PongGame,Daiki-Iijima/SDL_PongGame,git@github.com:Daiki-Iijima/SDL_PongGame.git,0
MDEwOlJlcG9zaXRvcnk0MDgwNTY3ODg=,2021-09-19T07:02:24Z,2026-03-25T08:42:57Z,2026-04-15T05:45:12Z,443769,False,cwebrtc,chensongpoixs/cwebrtc,git@github.com:chensongpoixs/cwebrtc.git,28
MDEwOlJlcG9zaXRvcnk0MDgwMzc0ODQ=,2021-09-19T05:10:32Z,2026-04-09T03:08:06Z,2026-04-09T03:07:57Z,2886,False,RAK4631-Kit-1-RAK1901-RAK1902-RAK1903,beegee-tokyo/RAK4631-Kit-1-RAK1901-RAK1902-RAK1903,git@github.com:beegee-tokyo/RAK4631-Kit-1-RAK1901-RAK1902-RAK1903.git,4
MDEwOlJlcG9zaXRvcnk0MDc5ODg2NDU=,2021-09-18T23:26:40Z,2026-04-13T06:45:25Z,2026-04-13T06:45:22Z,1,False,Tower-of-Hanoi,ZZhangC/Tower-of-Hanoi,git@github.com:ZZhangC/Tower-of-Hanoi.git,0
MDEwOlJlcG9zaXRvcnk0MDc5NDY4MDk=,2021-09-18T19:12:19Z,2026-04-29T19:38:30Z,2026-04-29T19:38:26Z,458,False,Wifi-Hovercraft-Browser,FedericoBusero/Wifi-Hovercraft-Browser,git@github.com:FedericoBusero/Wifi-Hovercraft-Browser.git,11
MDEwOlJlcG9zaXRvcnk0MDc4ODYxNDU=,2021-09-18T14:43:16Z,2026-05-05T17:39:23Z,2026-05-05T17:39:20Z,549,False,LeetCode,Demesaikiran/LeetCode,git@github.com:Demesaikiran/LeetCode.git,1
MDEwOlJlcG9zaXRvcnk0MDc4NTg4OTg=,2021-09-18T12:48:54Z,2026-04-30T19:38:45Z,2026-04-30T19:38:41Z,1292835,False,Kataglyphis-BeschleunigerBallett,Kataglyphis/Kataglyphis-BeschleunigerBallett,git@github.com:Kataglyphis/Kataglyphis-BeschleunigerBallett.git,8
MDEwOlJlcG9zaXRvcnk0MDc4NDk4NTc=,2021-09-18T12:07:56Z,2026-04-18T00:59:02Z,2026-04-21T20:28:55Z,27,False,esp8266Projects,shekarpathi/esp8266Projects,git@github.com:shekarpathi/esp8266Projects.git,0
MDEwOlJlcG9zaXRvcnk0MDc4NDgxMDQ=,2021-09-18T12:00:26Z,2026-05-07T08:00:27Z,2026-04-21T14:34:13Z,1115,False,IbEverythingExt,Chaoses-Ib/IbEverythingExt,git@github.com:Chaoses-Ib/IbEverythingExt.git,1735
MDEwOlJlcG9zaXRvcnk0MDc4MzI2NzM=,2021-09-18T10:46:03Z,2026-03-24T11:19:07Z,2026-03-24T11:19:01Z,106,False,cpp,yingquelou/cpp,git@github.com:yingquelou/cpp.git,0
MDEwOlJlcG9zaXRvcnk0MDc4MzI0NTA=,2021-09-18T10:45:03Z,2026-05-07T09:28:07Z,2026-05-07T09:28:04Z,227,True,mola_imu_preintegration,MOLAorg/mola_imu_preintegration,git@github.com:MOLAorg/mola_imu_preintegration.git,17
MDEwOlJlcG9zaXRvcnk0MDc4MDkxNDA=,2021-09-18T08:58:10Z,2026-04-22T05:44:36Z,2026-04-04T20:15:00Z,6971,True,mcpelauncher-updates,minecraft-linux/mcpelauncher-updates,git@github.com:minecraft-linux/mcpelauncher-updates.git,11
MDEwOlJlcG9zaXRvcnk0MDc3OTUxNjY=,2021-09-18T07:55:06Z,2026-04-29T06:15:58Z,2026-04-29T06:16:11Z,60420,True,deepin-downloader,linuxdeepin/deepin-downloader,git@github.com:linuxdeepin/deepin-downloader.git,3
MDEwOlJlcG9zaXRvcnk0MDc3MDIzMTY=,2021-09-17T23:15:32Z,2026-04-27T16:39:02Z,2026-04-27T16:38:57Z,8893,True,sonic-pins,sonic-net/sonic-pins,git@github.com:sonic-net/sonic-pins.git,47
MDEwOlJlcG9zaXRvcnk0MDc1OTg0Mjk=,2021-09-17T15:52:14Z,2026-05-01T11:59:22Z,2026-04-30T18:38:43Z,2086,False,std,pg83/std,git@github.com:pg83/std.git,13
MDEwOlJlcG9zaXRvcnk0MDc1OTI5Nzc=,2021-09-17T15:34:41Z,2026-04-16T06:19:06Z,2026-04-16T06:19:03Z,3133,False,Baekjoon,BarumK/Baekjoon,git@github.com:BarumK/Baekjoon.git,0
MDEwOlJlcG9zaXRvcnk0MDc1OTA4MjM=,2021-09-17T15:27:47Z,2026-05-07T08:27:00Z,2026-05-07T08:26:56Z,49548,False,cpp,iluvgirlswithglasses/cpp,git@github.com:iluvgirlswithglasses/cpp.git,0
MDEwOlJlcG9zaXRvcnk0MDc1NTUzODA=,2021-09-17T13:43:11Z,2026-03-11T08:18:22Z,2026-03-11T08:18:19Z,117,False,bencode-parser,alyanser/bencode-parser,git@github.com:alyanser/bencode-parser.git,0
MDEwOlJlcG9zaXRvcnk0MDc1MTQyODg=,2021-09-17T11:24:25Z,2026-03-07T14:35:56Z,2026-03-07T14:35:52Z,119,False,AlgorithmAndDataStructure,MutsuGhost1/AlgorithmAndDataStructure,git@github.com:MutsuGhost1/AlgorithmAndDataStructure.git,0
MDEwOlJlcG9zaXRvcnk0MDc1MDYyMzc=,2021-09-17T10:54:51Z,2026-05-06T15:47:15Z,2026-05-06T15:47:11Z,914,True,NativeLibsCommon,AdguardTeam/NativeLibsCommon,git@github.com:AdguardTeam/NativeLibsCommon.git,9
MDEwOlJlcG9zaXRvcnk0MDc0ODY5OTc=,2021-09-17T09:44:46Z,2026-03-01T06:52:25Z,2026-03-01T06:52:21Z,28,False,Lazy-Importer,vt-d/Lazy-Importer,git@github.com:vt-d/Lazy-Importer.git,0
MDEwOlJlcG9zaXRvcnk0MDc0ODY1NTQ=,2021-09-17T09:43:11Z,2026-05-06T15:45:04Z,2026-05-06T15:42:47Z,805,True,LignumForest,lignumsystem/LignumForest,git@github.com:lignumsystem/LignumForest.git,0
MDEwOlJlcG9zaXRvcnk0MDc0NzMyNjc=,2021-09-17T08:58:21Z,2026-03-29T11:51:44Z,2026-03-29T11:51:40Z,1494,False,beakjoon,winrinseo/beakjoon,git@github.com:winrinseo/beakjoon.git,0
MDEwOlJlcG9zaXRvcnk0MDc0Njc5Njc=,2021-09-17T08:40:02Z,2026-04-28T11:51:20Z,2026-04-28T11:51:16Z,1438,False,LeetCode,liuyihao18/LeetCode,git@github.com:liuyihao18/LeetCode.git,1
MDEwOlJlcG9zaXRvcnk0MDc0Njc1OTI=,2021-09-17T08:38:45Z,2026-04-23T15:26:28Z,2026-05-07T05:51:42Z,238014,False,reduced_lagrange_multipliers,luca-heltai/reduced_lagrange_multipliers,git@github.com:luca-heltai/reduced_lagrange_multipliers.git,3
MDEwOlJlcG9zaXRvcnk0MDc0NDQwOTM=,2021-09-17T07:16:52Z,2026-04-29T17:44:50Z,2026-04-29T17:44:46Z,23848,False,is21_rj45tester,Zunder45/is21_rj45tester,git@github.com:Zunder45/is21_rj45tester.git,0
MDEwOlJlcG9zaXRvcnk0MDc0MjU3OTk=,2021-09-17T06:07:20Z,2026-04-04T01:09:49Z,2026-03-25T10:47:11Z,3774,False,Section-Control-for-AgOpenGPS,Xilofeon/Section-Control-for-AgOpenGPS,git@github.com:Xilofeon/Section-Control-for-AgOpenGPS.git,19
MDEwOlJlcG9zaXRvcnk0MDc0MjMzNzA=,2021-09-17T05:57:16Z,2026-03-15T13:19:41Z,2026-03-15T13:19:36Z,13796,False,Baekjoon,junah201/Baekjoon,git@github.com:junah201/Baekjoon.git,0
MDEwOlJlcG9zaXRvcnk0MDc0MTAyODg=,2021-09-17T04:59:03Z,2026-03-22T05:51:18Z,2026-03-22T05:51:15Z,790,False,problem-solve,hyuk0309/problem-solve,git@github.com:hyuk0309/problem-solve.git,0
MDEwOlJlcG9zaXRvcnk0MDczOTY5NDU=,2021-09-17T03:52:20Z,2026-05-03T16:24:37Z,2026-05-03T16:24:33Z,110888,False,cursos,edualdan982/cursos,git@github.com:edualdan982/cursos.git,0
MDEwOlJlcG9zaXRvcnk0MDczNjEwMDE=,2021-09-17T01:08:09Z,2026-04-08T03:10:18Z,2026-04-13T17:14:45Z,1055,True,caret_analyze_cpp_impl,tier4/caret_analyze_cpp_impl,git@github.com:tier4/caret_analyze_cpp_impl.git,1
MDEwOlJlcG9zaXRvcnk0MDczMTQyNTI=,2021-09-16T21:03:52Z,2026-05-06T22:54:46Z,2026-05-06T22:58:39Z,39594,True,mlir-air,Xilinx/mlir-air,org-3189299@github.com:Xilinx/mlir-air.git,136
MDEwOlJlcG9zaXRvcnk0MDczMDE5NDc=,2021-09-16T20:14:02Z,2026-04-28T04:49:29Z,2026-04-28T04:54:00Z,202,True,asynchrony,SiddiqSoft/asynchrony,git@github.com:SiddiqSoft/asynchrony.git,0
MDEwOlJlcG9zaXRvcnk0MDcyOTIwNjk=,2021-09-16T19:35:11Z,2026-03-23T18:07:48Z,2026-05-06T12:13:23Z,5086,True,software-learning-period,vortexntnu/software-learning-period,git@github.com:vortexntnu/software-learning-period.git,1
MDEwOlJlcG9zaXRvcnk0MDcyNjQyNTM=,2021-09-16T17:56:36Z,2026-03-03T01:37:08Z,2026-04-08T03:55:16Z,1293,True,CASMcode_crystallography,prisms-center/CASMcode_crystallography,git@github.com:prisms-center/CASMcode_crystallography.git,2
MDEwOlJlcG9zaXRvcnk0MDcyNjA2MDg=,2021-09-16T17:44:14Z,2026-03-11T22:01:56Z,2026-03-11T22:01:50Z,67296,False,QLumEdit,cagrin/QLumEdit,git@github.com:cagrin/QLumEdit.git,8
MDEwOlJlcG9zaXRvcnk0MDcyNTEzNjM=,2021-09-16T17:12:58Z,2026-04-29T21:56:45Z,2026-04-29T21:56:40Z,3175,False,cpp-dsa-algo,amet-vikram13/cpp-dsa-algo,git@github.com:amet-vikram13/cpp-dsa-algo.git,0
MDEwOlJlcG9zaXRvcnk0MDcyMjcxNzk=,2021-09-16T15:57:05Z,2026-05-01T23:25:00Z,2026-05-02T00:13:37Z,114918,False,supplice-exe,madame-rachelle/supplice-exe,git@github.com:madame-rachelle/supplice-exe.git,1
MDEwOlJlcG9zaXRvcnk0MDcyMjQ1NzA=,2021-09-16T15:49:02Z,2026-04-24T14:30:09Z,2026-04-24T14:30:03Z,84222,False,SoapyRadioberry,paulh002/SoapyRadioberry,git@github.com:paulh002/SoapyRadioberry.git,8
MDEwOlJlcG9zaXRvcnk0MDcyMTg5NjQ=,2021-09-16T15:32:07Z,2026-03-03T10:12:13Z,2026-03-03T10:11:34Z,4198,True,p4-fusion,salesforce/p4-fusion,git@github.com:salesforce/p4-fusion.git,109
MDEwOlJlcG9zaXRvcnk0MDcyMTQ3OTY=,2021-09-16T15:19:52Z,2026-03-26T10:49:36Z,2026-04-11T10:07:16Z,110358,False,PearlEngine,maciejkawka/PearlEngine,git@github.com:maciejkawka/PearlEngine.git,2
MDEwOlJlcG9zaXRvcnk0MDcyMDQ0MjA=,2021-09-16T14:50:22Z,2026-04-09T10:33:55Z,2026-04-07T16:21:59Z,5329,True,libddwaf,DataDog/libddwaf,git@github.com:DataDog/libddwaf.git,40
MDEwOlJlcG9zaXRvcnk0MDcxMTk4MDE=,2021-09-16T10:24:54Z,2026-04-28T22:58:54Z,2026-04-02T18:42:15Z,21692,False,GView,gdt050579/GView,git@github.com:gdt050579/GView.git,53
MDEwOlJlcG9zaXRvcnk0MDcxMTkwMTg=,2021-09-16T10:22:00Z,2026-04-23T17:41:44Z,2026-04-23T17:41:39Z,2485,True,vod-20170321,alibabacloud-sdk-cpp/vod-20170321,git@github.com:alibabacloud-sdk-cpp/vod-20170321.git,0
MDEwOlJlcG9zaXRvcnk0MDcwOTI1OTk=,2021-09-16T08:53:47Z,2026-04-29T16:34:51Z,2026-04-29T16:34:40Z,1499,True,app,trace-x/app,git@github.com:trace-x/app.git,0
MDEwOlJlcG9zaXRvcnk0MDcwOTE2OTk=,2021-09-16T08:51:02Z,2026-04-30T17:02:20Z,2026-04-30T17:02:16Z,198,True,lib,trace-x/lib,git@github.com:trace-x/lib.git,0
MDEwOlJlcG9zaXRvcnk0MDcwOTAxNzY=,2021-09-16T08:46:10Z,2026-05-02T11:00:30Z,2026-05-02T11:40:24Z,270651,True,lipidspace,lifs-tools/lipidspace,git@github.com:lifs-tools/lipidspace.git,2
MDEwOlJlcG9zaXRvcnk0MDcwODA2MjQ=,2021-09-16T08:14:37Z,2026-05-06T22:36:52Z,2026-05-06T22:36:48Z,179514,False,Competitive-Programming,SiddhantAttavar/Competitive-Programming,git@github.com:SiddhantAttavar/Competitive-Programming.git,16
MDEwOlJlcG9zaXRvcnk0MDY5NjA1ODM=,2021-09-16T00:13:01Z,2026-05-01T16:04:47Z,2026-03-22T13:55:16Z,22356,False,metamod-fallguys,hzqst/metamod-fallguys,git@github.com:hzqst/metamod-fallguys.git,17
MDEwOlJlcG9zaXRvcnk0MDY5MzkxMDE=,2021-09-15T22:16:34Z,2026-03-25T19:31:17Z,2026-03-25T19:31:12Z,222,False,cp_lib,fusrName/cp_lib,git@github.com:fusrName/cp_lib.git,0
MDEwOlJlcG9zaXRvcnk0MDY4ODU2MjE=,2021-09-15T18:34:43Z,2026-04-19T22:44:19Z,2026-04-19T22:44:23Z,1030,False,lime,Curve/lime,git@github.com:Curve/lime.git,17
MDEwOlJlcG9zaXRvcnk0MDY4MjcyMzI=,2021-09-15T15:35:46Z,2026-03-25T23:54:18Z,2026-03-25T23:54:14Z,242,True,relliptical,cran/relliptical,git@github.com:cran/relliptical.git,0
MDEwOlJlcG9zaXRvcnk0MDY4MDA0ODE=,2021-09-15T14:28:01Z,2026-05-05T14:59:04Z,2026-05-05T14:58:23Z,27317,True,nyxus,PolusAI/nyxus,git@github.com:PolusAI/nyxus.git,28
MDEwOlJlcG9zaXRvcnk0MDY3NTQxMjY=,2021-09-15T12:26:26Z,2026-05-06T22:50:58Z,2026-05-06T22:50:54Z,11053,True,Lancet2,nygenome/Lancet2,git@github.com:nygenome/Lancet2.git,27
MDEwOlJlcG9zaXRvcnk0MDY3NTM3MDA=,2021-09-15T12:25:10Z,2026-04-02T11:13:58Z,2026-04-02T11:13:54Z,93,False,EnterprizeCalc,varkmort/EnterprizeCalc,git@github.com:varkmort/EnterprizeCalc.git,0
MDEwOlJlcG9zaXRvcnk0MDY3MDA3NzU=,2021-09-15T09:40:15Z,2026-05-01T07:13:24Z,2026-05-07T05:51:54Z,739,True,O3DEPopcornFXPlugin,PopcornFX/O3DEPopcornFXPlugin,git@github.com:PopcornFX/O3DEPopcornFXPlugin.git,19
MDEwOlJlcG9zaXRvcnk0MDY2OTU0Mzk=,2021-09-15T09:24:51Z,2026-04-16T10:44:48Z,2026-04-16T10:44:45Z,15440,True,gr-digitizers,fair-acc/gr-digitizers,git@github.com:fair-acc/gr-digitizers.git,4
MDEwOlJlcG9zaXRvcnk0MDY2Nzg0MTY=,2021-09-15T08:37:57Z,2026-04-16T20:09:36Z,2026-04-16T20:09:33Z,1150,False,IPP,tobiaszehnder/IPP,git@github.com:tobiaszehnder/IPP.git,26
MDEwOlJlcG9zaXRvcnk0MDY2MDkzNjg=,2021-09-15T04:09:11Z,2026-03-02T08:18:45Z,2026-04-21T05:43:10Z,758897,False,img_proc_demo,yilp7/img_proc_demo,git@github.com:yilp7/img_proc_demo.git,2
MDEwOlJlcG9zaXRvcnk0MDY1OTg2Njk=,2021-09-15T03:18:49Z,2026-04-28T16:44:00Z,2026-04-28T16:43:55Z,1617,False,Eudora_fix_mbx,LenShustek/Eudora_fix_mbx,git@github.com:LenShustek/Eudora_fix_mbx.git,8
MDEwOlJlcG9zaXRvcnk0MDY1NzgwNjc=,2021-09-15T01:48:51Z,2026-04-24T17:40:54Z,2026-04-24T17:40:50Z,310310,False,ggp-demos,vixorien/ggp-demos,git@github.com:vixorien/ggp-demos.git,4
MDEwOlJlcG9zaXRvcnk0MDY1NTk4NDU=,2021-09-15T00:19:47Z,2026-04-25T22:33:08Z,2026-03-10T12:56:30Z,241,False,inotify-info,mikesart/inotify-info,git@github.com:mikesart/inotify-info.git,425
MDEwOlJlcG9zaXRvcnk0MDY1NDI3ODg=,2021-09-14T22:49:10Z,2026-05-06T21:16:14Z,2026-05-06T22:42:29Z,24215,True,MatX,NVIDIA/MatX,git@github.com:NVIDIA/MatX.git,1416
MDEwOlJlcG9zaXRvcnk0MDY1MjE5MzQ=,2021-09-14T21:09:46Z,2026-04-30T16:41:24Z,2026-04-05T01:44:22Z,1089,False,geany-preview,xiota/geany-preview,git@github.com:xiota/geany-preview.git,21
MDEwOlJlcG9zaXRvcnk0MDY0ODU1MDE=,2021-09-14T18:50:24Z,2026-04-28T05:26:44Z,2026-04-28T05:26:40Z,1237534,True,mobile_open,mlcommons/mobile_open,git@github.com:mlcommons/mobile_open.git,15
MDEwOlJlcG9zaXRvcnk0MDY0NjU3MDA=,2021-09-14T17:39:44Z,2026-03-02T18:20:28Z,2026-04-14T21:18:05Z,12930,True,mps_history,slaclab/mps_history,git@github.com:slaclab/mps_history.git,1
MDEwOlJlcG9zaXRvcnk0MDY0NTQwMDQ=,2021-09-14T17:01:04Z,2026-05-03T16:54:33Z,2026-05-03T16:54:29Z,296608,True,SBS-replay,JeffersonLab/SBS-replay,git@github.com:JeffersonLab/SBS-replay.git,0
MDEwOlJlcG9zaXRvcnk0MDY0MTQ3Njc=,2021-09-14T15:05:24Z,2026-04-07T15:36:56Z,2026-04-07T15:36:34Z,7418,False,Ultimate-Battery-Tester,ArminJo/Ultimate-Battery-Tester,git@github.com:ArminJo/Ultimate-Battery-Tester.git,68
MDEwOlJlcG9zaXRvcnk0MDY0MTQ0Mzk=,2021-09-14T15:04:39Z,2026-05-06T22:51:52Z,2026-05-06T22:51:48Z,5463,True,federated-compute,google-parfait/federated-compute,git@github.com:google-parfait/federated-compute.git,104
MDEwOlJlcG9zaXRvcnk0MDY0MDI3NDc=,2021-09-14T14:33:50Z,2026-05-07T06:20:09Z,2026-03-08T02:31:53Z,34796,False,far_planner,MichaelFYang/far_planner,git@github.com:MichaelFYang/far_planner.git,963
MDEwOlJlcG9zaXRvcnk0MDYzNzIzNzY=,2021-09-14T13:12:03Z,2026-05-01T15:37:48Z,2026-05-01T15:37:43Z,358,True,nemo-feedback,MetOffice/nemo-feedback,git@github.com:MetOffice/nemo-feedback.git,1
MDEwOlJlcG9zaXRvcnk0MDYzNTc3MzE=,2021-09-14T12:27:55Z,2026-04-29T20:45:04Z,2026-04-29T20:45:01Z,2335,False,Competitive-programming-solutions,Matistjati/Competitive-programming-solutions,git@github.com:Matistjati/Competitive-programming-solutions.git,1
MDEwOlJlcG9zaXRvcnk0MDYzNTU5NDE=,2021-09-14T12:22:32Z,2026-04-25T14:06:43Z,2026-04-25T14:06:38Z,9704,False,RayTracer,MiaKellett02/RayTracer,git@github.com:MiaKellett02/RayTracer.git,0
MDEwOlJlcG9zaXRvcnk0MDYyNjUxNjg=,2021-09-14T07:18:34Z,2026-05-06T10:32:18Z,2026-05-06T10:32:14Z,10271,True,lignum-core,lignumsystem/lignum-core,git@github.com:lignumsystem/lignum-core.git,0
MDEwOlJlcG9zaXRvcnk0MDYyNDk5NDI=,2021-09-14T06:24:32Z,2026-05-06T12:44:14Z,2026-05-06T12:44:11Z,5662,True,gedim,AURION-Polito/gedim,git@github.com:AURION-Polito/gedim.git,5
MDEwOlJlcG9zaXRvcnk0MDYxNTE4MTk=,2021-09-13T22:49:38Z,2026-04-28T07:14:14Z,2026-04-17T20:25:07Z,2029,True,android_device_xiaomi_sm6250-common,LineageOS/android_device_xiaomi_sm6250-common,git@github.com:LineageOS/android_device_xiaomi_sm6250-common.git,11
MDEwOlJlcG9zaXRvcnk0MDU5OTU1NDY=,2021-09-13T13:58:47Z,2026-04-10T07:54:06Z,2026-04-10T07:54:03Z,2535,True,bottleofcat,cat-note/bottleofcat,git@github.com:cat-note/bottleofcat.git,4
MDEwOlJlcG9zaXRvcnk0MDU5Nzg3NDM=,2021-09-13T13:10:58Z,2026-04-04T18:39:51Z,2026-04-04T18:41:54Z,12487,False,Panther2K,leetftw/Panther2K,git@github.com:leetftw/Panther2K.git,34
MDEwOlJlcG9zaXRvcnk0MDU5NzI2MDk=,2021-09-13T12:53:15Z,2026-03-14T05:52:02Z,2026-03-14T05:51:53Z,7257,False,LeetCode202109,kkoala0864/LeetCode202109,git@github.com:kkoala0864/LeetCode202109.git,0
MDEwOlJlcG9zaXRvcnk0MDU5NzAxMTQ=,2021-09-13T12:46:23Z,2026-05-07T10:48:28Z,2026-05-07T10:56:03Z,378036,True,tket,Quantinuum/tket,git@github.com:Quantinuum/tket.git,306
MDEwOlJlcG9zaXRvcnk0MDU4NTMwOTI=,2021-09-13T06:08:06Z,2026-05-06T23:11:46Z,2026-05-06T23:11:43Z,4717,False,mc_mujoco,rohanpsingh/mc_mujoco,git@github.com:rohanpsingh/mc_mujoco.git,124
MDEwOlJlcG9zaXRvcnk0MDU4MTc0OTU=,2021-09-13T03:14:14Z,2026-04-18T13:48:22Z,2026-04-18T13:48:18Z,19,False,markdown2image,Slontia/markdown2image,git@github.com:Slontia/markdown2image.git,3
MDEwOlJlcG9zaXRvcnk0MDU4MTQ0Mjg=,2021-09-13T02:59:42Z,2026-03-27T02:23:22Z,2026-03-27T02:23:19Z,1892,True,ccc-20200701,alibabacloud-sdk-cpp/ccc-20200701,git@github.com:alibabacloud-sdk-cpp/ccc-20200701.git,0
MDEwOlJlcG9zaXRvcnk0MDU3NTQ5Nzk=,2021-09-12T21:14:40Z,2026-05-04T08:38:04Z,2026-05-04T19:42:41Z,125290,False,pico-zxspectrum,fruit-bat/pico-zxspectrum,git@github.com:fruit-bat/pico-zxspectrum.git,597
MDEwOlJlcG9zaXRvcnk0MDU3MjQzOTU=,2021-09-12T18:40:45Z,2026-03-22T06:52:41Z,2026-03-22T06:52:38Z,42,False,LED-senior-design,nonsix/LED-senior-design,git@github.com:nonsix/LED-senior-design.git,0
MDEwOlJlcG9zaXRvcnk0MDU3MjE5NDg=,2021-09-12T18:28:36Z,2026-04-30T22:55:19Z,2026-04-30T22:55:15Z,3468,False,some-cp-files-3,AbhJ/some-cp-files-3,git@github.com:AbhJ/some-cp-files-3.git,0
MDEwOlJlcG9zaXRvcnk0MDU3MjE1Mzg=,2021-09-12T18:26:40Z,2026-04-15T15:23:08Z,2026-04-15T15:23:05Z,757,False,KCT_dentk,kulvait/KCT_dentk,git@github.com:kulvait/KCT_dentk.git,1
MDEwOlJlcG9zaXRvcnk0MDU3MTczMjE=,2021-09-12T18:07:56Z,2026-04-03T09:51:27Z,2026-05-07T06:15:42Z,1043,True,tier4_ad_api_adaptor,tier4/tier4_ad_api_adaptor,git@github.com:tier4/tier4_ad_api_adaptor.git,6
MDEwOlJlcG9zaXRvcnk0MDU3MTEwOTE=,2021-09-12T17:40:56Z,2026-04-07T22:58:28Z,2026-04-07T22:58:23Z,302,False,uLua,can1357/uLua,git@github.com:can1357/uLua.git,22
MDEwOlJlcG9zaXRvcnk0MDU3MDY5NTc=,2021-09-12T17:22:39Z,2026-05-02T21:18:03Z,2026-05-02T21:18:00Z,790,False,AudioBatch,Esgrove/AudioBatch,git@github.com:Esgrove/AudioBatch.git,0
MDEwOlJlcG9zaXRvcnk0MDU2NzY3MDI=,2021-09-12T15:19:02Z,2026-04-25T09:40:36Z,2026-04-25T09:40:32Z,3210,False,CPP,InfinityxR9/CPP,git@github.com:InfinityxR9/CPP.git,0
MDEwOlJlcG9zaXRvcnk0MDU2NDM3ODI=,2021-09-12T13:04:26Z,2026-03-06T18:07:51Z,2026-03-06T18:07:48Z,103983,False,UmbrelaGameEngine,Adin3/UmbrelaGameEngine,git@github.com:Adin3/UmbrelaGameEngine.git,2
MDEwOlJlcG9zaXRvcnk0MDU1OTc4ODY=,2021-09-12T09:19:10Z,2026-04-12T20:53:04Z,2026-04-12T20:59:19Z,135,True,cp2130,bloguetronica/cp2130,git@github.com:bloguetronica/cp2130.git,2
MDEwOlJlcG9zaXRvcnk0MDU1NzU0NDk=,2021-09-12T07:25:05Z,2026-05-01T08:06:20Z,2026-05-01T13:46:26Z,363,False,random-string-generator,schneeregenflocke/random-string-generator,git@github.com:schneeregenflocke/random-string-generator.git,0
MDEwOlJlcG9zaXRvcnk0MDU1NjgyMTc=,2021-09-12T06:46:17Z,2026-04-24T15:21:09Z,2026-04-24T15:20:52Z,1230,False,LeetCode,blackout-yash/LeetCode,git@github.com:blackout-yash/LeetCode.git,1
MDEwOlJlcG9zaXRvcnk0MDU1MTI3ODE=,2021-09-12T00:38:20Z,2026-03-04T06:09:25Z,2026-03-04T06:09:21Z,406459,False,DaemonApps,MrBaoquan/DaemonApps,git@github.com:MrBaoquan/DaemonApps.git,0
MDEwOlJlcG9zaXRvcnk0MDU0NDgwMTU=,2021-09-11T17:59:53Z,2026-04-08T02:58:47Z,2026-04-08T02:58:39Z,21,False,him_cmd,lloyd-garmadon/him_cmd,git@github.com:lloyd-garmadon/him_cmd.git,0
MDEwOlJlcG9zaXRvcnk0MDU0Mjk0Nzc=,2021-09-11T16:35:35Z,2026-04-30T22:52:38Z,2026-04-30T22:52:33Z,78568,False,x-ray-t6638-dwm,mihan-323/x-ray-t6638-dwm,git@github.com:mihan-323/x-ray-t6638-dwm.git,4
MDEwOlJlcG9zaXRvcnk0MDU0Mjc4NjA=,2021-09-11T16:28:17Z,2026-03-18T14:38:26Z,2026-04-25T15:21:33Z,702,False,LAMMPS-LBM-PSM,timnajuch/LAMMPS-LBM-PSM,git@github.com:timnajuch/LAMMPS-LBM-PSM.git,15
MDEwOlJlcG9zaXRvcnk0MDUzODAzMDk=,2021-09-11T13:01:17Z,2026-05-06T21:43:06Z,2026-05-06T21:43:02Z,2489,False,AlgorithmStack,alittlekitten/AlgorithmStack,git@github.com:alittlekitten/AlgorithmStack.git,1
MDEwOlJlcG9zaXRvcnk0MDUzNzg5MTM=,2021-09-11T12:55:22Z,2026-04-29T20:41:42Z,2026-04-29T20:41:37Z,182,False,stc,LunarWatcher/stc,git@github.com:LunarWatcher/stc.git,3
MDEwOlJlcG9zaXRvcnk0MDUzNTc0Njg=,2021-09-11T11:10:33Z,2026-04-15T14:57:40Z,2026-04-15T14:57:37Z,592,False,KCT_ctiol,kulvait/KCT_ctiol,git@github.com:kulvait/KCT_ctiol.git,0
MDEwOlJlcG9zaXRvcnk0MDUzNTQzNTg=,2021-09-11T10:55:31Z,2026-04-29T14:21:54Z,2026-04-29T14:18:47Z,3976,False,KCT_cbct,kulvait/KCT_cbct,git@github.com:kulvait/KCT_cbct.git,29
MDEwOlJlcG9zaXRvcnk0MDUzNTQyMjg=,2021-09-11T10:54:52Z,2026-04-22T16:32:00Z,2026-04-22T16:29:45Z,2672036,False,CBasic,sampidevkit/CBasic,git@github.com:sampidevkit/CBasic.git,2
MDEwOlJlcG9zaXRvcnk0MDUzMDkzODc=,2021-09-11T07:06:38Z,2026-05-06T22:21:54Z,2026-05-06T22:21:50Z,5072,False,gmcl_rtmidi,inco-cc/gmcl_rtmidi,git@github.com:inco-cc/gmcl_rtmidi.git,6
MDEwOlJlcG9zaXRvcnk0MDUzMDcxODQ=,2021-09-11T06:55:18Z,2026-04-27T14:16:48Z,2026-04-27T14:16:21Z,637,False,Algorithm,hyeonjeongs/Algorithm,git@github.com:hyeonjeongs/Algorithm.git,0
MDEwOlJlcG9zaXRvcnk0MDUyMjU4MzU=,2021-09-10T22:18:23Z,2026-04-06T22:31:59Z,2026-04-06T22:31:56Z,217,True,pgvector-cpp,pgvector/pgvector-cpp,git@github.com:pgvector/pgvector-cpp.git,25
MDEwOlJlcG9zaXRvcnk0MDUyMDU4Mjc=,2021-09-10T20:32:20Z,2026-03-15T17:14:53Z,2026-03-15T17:14:49Z,10392,True,Garage-Control,makerspace-wi/Garage-Control,git@github.com:makerspace-wi/Garage-Control.git,0
MDEwOlJlcG9zaXRvcnk0MDUxOTA4OTk=,2021-09-10T19:24:17Z,2026-04-30T19:56:16Z,2026-04-23T19:36:55Z,1925,False,nilt,roliveira/nilt,git@github.com:roliveira/nilt.git,7
MDEwOlJlcG9zaXRvcnk0MDUxNzc4MTU=,2021-09-10T18:29:17Z,2026-03-05T19:25:06Z,2026-03-05T19:25:01Z,22268,True,vmtree,ubco-db/vmtree,git@github.com:ubco-db/vmtree.git,1
MDEwOlJlcG9zaXRvcnk0MDUxMjg2Mzk=,2021-09-10T15:33:16Z,2026-05-06T13:03:42Z,2026-05-06T13:03:28Z,863,False,IFCip,gitdemont/IFCip,git@github.com:gitdemont/IFCip.git,3
MDEwOlJlcG9zaXRvcnk0MDUwNTcwMTA=,2021-09-10T11:27:54Z,2026-03-20T08:24:15Z,2026-03-20T08:24:11Z,24901,False,DSA-and-CP,rahul228646/DSA-and-CP,git@github.com:rahul228646/DSA-and-CP.git,2
MDEwOlJlcG9zaXRvcnk0MDUwNTI2Nzk=,2021-09-10T11:10:21Z,2026-04-30T09:42:27Z,2026-04-30T09:42:23Z,36,True,des,halon-extras/des,git@github.com:halon-extras/des.git,0
MDEwOlJlcG9zaXRvcnk0MDQ5MDY4Njk=,2021-09-10T00:20:06Z,2026-04-23T15:11:07Z,2026-04-23T15:10:51Z,308,True,mrs_octomap_server,ctu-mrs/mrs_octomap_server,git@github.com:ctu-mrs/mrs_octomap_server.git,0
MDEwOlJlcG9zaXRvcnk0MDQ4OTI3NDY=,2021-09-09T23:01:29Z,2026-04-23T19:56:50Z,2026-04-23T19:56:46Z,358765,True,jfx17u,openjdk/jfx17u,git@github.com:openjdk/jfx17u.git,6
MDEwOlJlcG9zaXRvcnk0MDQ4OTA1Njg=,2021-09-09T22:49:55Z,2026-05-04T14:40:38Z,2026-05-06T14:40:33Z,382649,True,jfx-sandbox,openjdk/jfx-sandbox,git@github.com:openjdk/jfx-sandbox.git,24
MDEwOlJlcG9zaXRvcnk0MDQ4ODIxNDE=,2021-09-09T22:04:47Z,2026-05-05T01:54:01Z,2026-04-25T14:00:01Z,13967,False,Napco1632ArduinoMonitor,cborrowman/Napco1632ArduinoMonitor,git@github.com:cborrowman/Napco1632ArduinoMonitor.git,9
MDEwOlJlcG9zaXRvcnk0MDQ4NTI3Njg=,2021-09-09T19:55:11Z,2026-04-30T09:43:34Z,2026-04-30T09:43:30Z,50,True,mariadb,halon-extras/mariadb,git@github.com:halon-extras/mariadb.git,1
MDEwOlJlcG9zaXRvcnk0MDQ4NDUxODA=,2021-09-09T19:25:05Z,2026-04-22T14:15:12Z,2026-04-22T14:15:07Z,300,False,mc6809,elmerucr/mc6809,git@github.com:elmerucr/mc6809.git,16
MDEwOlJlcG9zaXRvcnk0MDQ4Mjk4NTg=,2021-09-09T18:29:39Z,2026-05-03T17:46:05Z,2026-05-03T17:46:01Z,244,False,HeuristicLimiter,At-sushi/HeuristicLimiter,git@github.com:At-sushi/HeuristicLimiter.git,0
MDEwOlJlcG9zaXRvcnk0MDQ3ODE0NjE=,2021-09-09T15:48:29Z,2026-04-07T20:26:55Z,2026-03-26T11:45:24Z,1012634,True,spla,SparseLinearAlgebra/spla,git@github.com:SparseLinearAlgebra/spla.git,33
MDEwOlJlcG9zaXRvcnk0MDQ3NjcyNzU=,2021-09-09T15:06:14Z,2026-05-06T15:24:48Z,2026-05-06T15:22:32Z,2608,False,vkkk,joeyskeys/vkkk,git@github.com:joeyskeys/vkkk.git,1
MDEwOlJlcG9zaXRvcnk0MDQ3MjM5MTA=,2021-09-09T13:02:28Z,2026-05-03T00:48:27Z,2026-04-30T13:19:27Z,110525,False,stable-retro-scripts,MatPoliquin/stable-retro-scripts,git@github.com:MatPoliquin/stable-retro-scripts.git,40
MDEwOlJlcG9zaXRvcnk0MDQ2OTczMjY=,2021-09-09T11:33:31Z,2026-04-11T08:24:11Z,2026-04-11T08:24:01Z,617823,False,MarkdownLog,NiceTry12138/MarkdownLog,git@github.com:NiceTry12138/MarkdownLog.git,4
MDEwOlJlcG9zaXRvcnk0MDQ2ODkyNzI=,2021-09-09T11:06:40Z,2026-03-20T19:34:22Z,2026-03-20T19:34:17Z,14932,True,MPM_QSM,fil-physics/MPM_QSM,git@github.com:fil-physics/MPM_QSM.git,6
MDEwOlJlcG9zaXRvcnk0MDQ2NTUzNzU=,2021-09-09T09:05:42Z,2026-04-01T07:56:05Z,2026-04-01T07:56:02Z,1310,True,elasticsearch-20170613,alibabacloud-sdk-cpp/elasticsearch-20170613,git@github.com:alibabacloud-sdk-cpp/elasticsearch-20170613.git,1
MDEwOlJlcG9zaXRvcnk0MDQ2NDk3NTE=,2021-09-09T08:47:11Z,2026-05-06T12:53:28Z,2026-05-06T12:53:23Z,5991,False,toofus,richefeu/toofus,git@github.com:richefeu/toofus.git,0
MDEwOlJlcG9zaXRvcnk0MDQ2MzIyODg=,2021-09-09T07:47:25Z,2026-03-25T02:23:23Z,2026-03-23T07:35:33Z,76,False,uefi,ly2707/uefi,git@github.com:ly2707/uefi.git,6
MDEwOlJlcG9zaXRvcnk0MDQ1ODkzNzU=,2021-09-09T04:50:35Z,2026-04-28T18:02:11Z,2026-05-05T23:56:46Z,5256,True,flexiv_rdk,flexivrobotics/flexiv_rdk,git@github.com:flexivrobotics/flexiv_rdk.git,124
MDEwOlJlcG9zaXRvcnk0MDQ1NzcxMjA=,2021-09-09T03:48:37Z,2026-05-07T09:44:13Z,2026-05-07T09:44:10Z,4556,False,Canopy,Dev-Feyisayo/Canopy,git@github.com:Dev-Feyisayo/Canopy.git,0
MDEwOlJlcG9zaXRvcnk0MDQ1NzI1NTQ=,2021-09-09T03:25:53Z,2026-05-03T12:03:02Z,2026-03-27T00:18:29Z,241,False,plf_hive,mattreecebentley/plf_hive,git@github.com:mattreecebentley/plf_hive.git,147
MDEwOlJlcG9zaXRvcnk0MDQ1MjM0OTc=,2021-09-08T23:24:28Z,2026-05-02T04:00:17Z,2026-05-02T04:00:11Z,522,True,nusimdata,NuSoftHEP/nusimdata,git@github.com:NuSoftHEP/nusimdata.git,0
MDEwOlJlcG9zaXRvcnk0MDQ1MjMyNzU=,2021-09-08T23:23:12Z,2026-05-02T04:00:17Z,2026-05-02T04:00:13Z,664,True,nurandom,NuSoftHEP/nurandom,git@github.com:NuSoftHEP/nurandom.git,1
MDEwOlJlcG9zaXRvcnk0MDQ1MjI4NDI=,2021-09-08T23:20:53Z,2026-05-02T04:00:20Z,2026-05-07T03:46:43Z,837,True,nugen,NuSoftHEP/nugen,git@github.com:NuSoftHEP/nugen.git,1
MDEwOlJlcG9zaXRvcnk0MDQ1MjI1Nzc=,2021-09-08T23:19:25Z,2026-05-02T04:00:22Z,2026-05-07T03:47:27Z,941,True,nug4,NuSoftHEP/nug4,git@github.com:NuSoftHEP/nug4.git,0
MDEwOlJlcG9zaXRvcnk0MDQ1MjE1NTI=,2021-09-08T23:13:44Z,2026-05-02T04:00:27Z,2026-05-02T04:00:23Z,865,True,nuevdb,NuSoftHEP/nuevdb,git@github.com:NuSoftHEP/nuevdb.git,1
MDEwOlJlcG9zaXRvcnk0MDQ0ODgxMjI=,2021-09-08T20:36:09Z,2026-03-28T11:56:39Z,2026-03-28T11:56:36Z,9988,False,psxemu,inuvoli/psxemu,git@github.com:inuvoli/psxemu.git,0
MDEwOlJlcG9zaXRvcnk0MDQ0NDIwNjI=,2021-09-08T17:45:30Z,2026-05-04T18:22:37Z,2026-03-18T22:24:14Z,93,False,arcdps_unofficial_extras_releases,Krappa322/arcdps_unofficial_extras_releases,git@github.com:Krappa322/arcdps_unofficial_extras_releases.git,67
MDEwOlJlcG9zaXRvcnk0MDQ0MjgxMDM=,2021-09-08T16:58:43Z,2026-05-05T00:07:02Z,2026-03-06T16:20:28Z,804,True,fkie-nbv-planner,fkie/fkie-nbv-planner,git@github.com:fkie/fkie-nbv-planner.git,59
MDEwOlJlcG9zaXRvcnk0MDQ0MjQyNTk=,2021-09-08T16:46:14Z,2026-05-06T09:18:56Z,2026-05-06T09:18:51Z,18539,True,jule,julelang/jule,git@github.com:julelang/jule.git,412
MDEwOlJlcG9zaXRvcnk0MDQ0MDI0Njg=,2021-09-08T15:36:11Z,2026-03-23T07:42:31Z,2026-03-23T07:42:26Z,341,True,filearray,cran/filearray,git@github.com:cran/filearray.git,0
MDEwOlJlcG9zaXRvcnk0MDQzNTMxNTU=,2021-09-08T13:14:00Z,2026-03-12T12:01:04Z,2026-03-12T12:01:01Z,16351,False,Hello-World,zhuxiao123456/Hello-World,git@github.com:zhuxiao123456/Hello-World.git,0
MDEwOlJlcG9zaXRvcnk0MDQzNDEyMzk=,2021-09-08T12:35:04Z,2026-03-17T18:51:57Z,2026-03-17T18:51:52Z,7830,False,DSA,HandidaT/DSA,git@github.com:HandidaT/DSA.git,0
MDEwOlJlcG9zaXRvcnk0MDQzMjAyODQ=,2021-09-08T11:23:56Z,2026-04-14T06:27:31Z,2026-04-14T06:27:25Z,867,True,cloudauth-20190307,alibabacloud-sdk-cpp/cloudauth-20190307,git@github.com:alibabacloud-sdk-cpp/cloudauth-20190307.git,0
MDEwOlJlcG9zaXRvcnk0MDQyOTMwOTc=,2021-09-08T09:47:13Z,2026-05-06T03:41:20Z,2026-04-07T02:32:11Z,990,True,lexls,jrl-umi3218/lexls,git@github.com:jrl-umi3218/lexls.git,14
MDEwOlJlcG9zaXRvcnk0MDQyODI2NTI=,2021-09-08T09:12:08Z,2026-05-04T14:00:49Z,2026-05-04T13:56:45Z,296,False,FunRootAna,tboldagh/FunRootAna,git@github.com:tboldagh/FunRootAna.git,5
MDEwOlJlcG9zaXRvcnk0MDQyNjA0MDg=,2021-09-08T07:56:33Z,2026-04-21T20:52:01Z,2026-05-05T17:34:21Z,7100,False,ultimate-nag52-fw,rnd-ash/ultimate-nag52-fw,git@github.com:rnd-ash/ultimate-nag52-fw.git,109
MDEwOlJlcG9zaXRvcnk0MDQyNTI0MDY=,2021-09-08T07:28:06Z,2026-04-27T16:16:58Z,2026-04-24T14:00:32Z,1906,True,rt-libflute,5G-MAG/rt-libflute,git@github.com:5G-MAG/rt-libflute.git,23
MDEwOlJlcG9zaXRvcnk0MDQyMTY4OTI=,2021-09-08T05:01:16Z,2026-03-29T20:03:45Z,2026-03-29T20:03:41Z,6670,False,r-packages-archives,paithiov909/r-packages-archives,git@github.com:paithiov909/r-packages-archives.git,1
MDEwOlJlcG9zaXRvcnk0MDQxOTQ0NTY=,2021-09-08T03:09:54Z,2026-05-06T17:32:39Z,2026-05-06T17:34:49Z,95642,True,vrs,facebookresearch/vrs,org-16943930@github.com:facebookresearch/vrs.git,421
MDEwOlJlcG9zaXRvcnk0MDQxNzY4ODY=,2021-09-08T01:49:01Z,2026-05-01T15:36:49Z,2026-05-01T15:36:45Z,1131,False,amzn,Siddharth-A/amzn,git@github.com:Siddharth-A/amzn.git,0
MDEwOlJlcG9zaXRvcnk0MDQwMTk1NTk=,2021-09-07T14:57:22Z,2026-04-11T03:41:38Z,2026-04-11T03:41:29Z,3392,False,irrigation-system,danielmcmillan/irrigation-system,git@github.com:danielmcmillan/irrigation-system.git,0
MDEwOlJlcG9zaXRvcnk0MDM5ODAzNDc=,2021-09-07T13:02:30Z,2026-04-03T06:30:47Z,2026-04-03T06:30:44Z,75,False,Synchronizer,beeleph/Synchronizer,git@github.com:beeleph/Synchronizer.git,0
MDEwOlJlcG9zaXRvcnk0MDM5NzkxMjc=,2021-09-07T12:58:46Z,2026-04-10T18:33:32Z,2026-04-25T10:39:59Z,10931,False,fmindex-collection,SGSSGene/fmindex-collection,git@github.com:SGSSGene/fmindex-collection.git,9
MDEwOlJlcG9zaXRvcnk0MDM4ODA2NjY=,2021-09-07T07:17:47Z,2026-03-16T02:10:13Z,2026-04-02T02:58:47Z,8660,True,deepin-gomoku,linuxdeepin/deepin-gomoku,git@github.com:linuxdeepin/deepin-gomoku.git,3
MDEwOlJlcG9zaXRvcnk0MDM4MDA5MTQ=,2021-09-07T01:16:19Z,2026-03-23T21:58:14Z,2026-03-23T21:58:11Z,384,False,Competitive-programming,octavio-navarro/Competitive-programming,git@github.com:octavio-navarro/Competitive-programming.git,1
MDEwOlJlcG9zaXRvcnk0MDM3OTIyNjE=,2021-09-07T00:27:38Z,2026-03-18T19:14:16Z,2026-03-18T19:14:12Z,176,False,Hopper,captainzonks/Hopper,git@github.com:captainzonks/Hopper.git,33
MDEwOlJlcG9zaXRvcnk0MDM3OTE2MTg=,2021-09-07T00:23:39Z,2026-03-12T08:53:42Z,2026-03-12T08:53:38Z,56240,False,VolumetricAudioSource,KedPanic/VolumetricAudioSource,git@github.com:KedPanic/VolumetricAudioSource.git,0
MDEwOlJlcG9zaXRvcnk0MDM3NDc4NTU=,2021-09-06T20:14:15Z,2026-03-14T12:22:45Z,2026-03-14T12:22:42Z,101810,False,BatSpy,chrmue44/BatSpy,git@github.com:chrmue44/BatSpy.git,3
MDEwOlJlcG9zaXRvcnk0MDM3MTcyMTQ=,2021-09-06T18:05:47Z,2026-05-03T00:33:03Z,2026-05-03T00:33:00Z,7,False,vscode_cpp_template,wparks/vscode_cpp_template,git@github.com:wparks/vscode_cpp_template.git,0
MDEwOlJlcG9zaXRvcnk0MDM3MDQ3NDM=,2021-09-06T17:18:57Z,2026-04-29T19:03:47Z,2026-04-29T19:03:42Z,624,False,gcatlib,rishvanth-kp/gcatlib,git@github.com:rishvanth-kp/gcatlib.git,0
MDEwOlJlcG9zaXRvcnk0MDM2OTQ5ODU=,2021-09-06T16:45:16Z,2026-05-03T10:44:34Z,2026-05-03T10:44:30Z,12648,False,oscar64,drmortalwombat/oscar64,git@github.com:drmortalwombat/oscar64.git,481
MDEwOlJlcG9zaXRvcnk0MDM2ODI3MTM=,2021-09-06T16:01:43Z,2026-03-27T13:43:09Z,2026-03-27T13:43:06Z,146,False,pe,tomtzook/pe,git@github.com:tomtzook/pe.git,0
MDEwOlJlcG9zaXRvcnk0MDM2ODExODM=,2021-09-06T15:56:20Z,2026-05-03T00:15:11Z,2026-03-09T05:12:16Z,2344,False,libassert,jeremy-rifkin/libassert,git@github.com:jeremy-rifkin/libassert.git,710
MDEwOlJlcG9zaXRvcnk0MDM2ODAxOTY=,2021-09-06T15:53:02Z,2026-04-29T14:20:20Z,2026-05-01T03:49:38Z,927,False,GDMP,j20001970/GDMP,git@github.com:j20001970/GDMP.git,120
MDEwOlJlcG9zaXRvcnk0MDM2NDg4OTA=,2021-09-06T14:16:44Z,2026-05-05T16:23:49Z,2026-05-05T16:23:44Z,8194,False,wxMathPlot,GitHubLionel/wxMathPlot,git@github.com:GitHubLionel/wxMathPlot.git,29
MDEwOlJlcG9zaXRvcnk0MDM1Njc2MDU=,2021-09-06T09:47:16Z,2026-04-08T03:11:20Z,2026-04-27T17:22:13Z,427,True,caret_trace,tier4/caret_trace,git@github.com:tier4/caret_trace.git,8
MDEwOlJlcG9zaXRvcnk0MDM1MzA1NjY=,2021-09-06T07:43:17Z,2026-05-04T10:47:13Z,2026-05-04T10:47:24Z,7178,True,Fast-DDS-python,eProsima/Fast-DDS-python,git@github.com:eProsima/Fast-DDS-python.git,94
MDEwOlJlcG9zaXRvcnk0MDM1MzAzMDY=,2021-09-06T07:42:18Z,2026-03-11T09:08:53Z,2026-03-11T09:08:48Z,192,False,patterns,adolfomunoz/patterns,git@github.com:adolfomunoz/patterns.git,0
MDEwOlJlcG9zaXRvcnk0MDM1MjU4MjQ=,2021-09-06T07:26:29Z,2026-04-18T21:34:32Z,2026-04-18T21:34:39Z,3467,False,SDL2-boilerplate,ThePythonator/SDL2-boilerplate,git@github.com:ThePythonator/SDL2-boilerplate.git,4
MDEwOlJlcG9zaXRvcnk0MDM0OTE2MDI=,2021-09-06T05:04:28Z,2026-05-07T08:11:42Z,2026-05-07T08:11:20Z,3261,True,tateyama,project-tsurugi/tateyama,git@github.com:project-tsurugi/tateyama.git,2
MDEwOlJlcG9zaXRvcnk0MDM0NDYzMjc=,2021-09-06T01:01:33Z,2026-04-23T19:57:35Z,2026-04-23T19:57:30Z,652,False,avaruusseikkailu,biocommando/avaruusseikkailu,git@github.com:biocommando/avaruusseikkailu.git,0
MDEwOlJlcG9zaXRvcnk0MDM0NDU4NTA=,2021-09-06T00:58:38Z,2026-03-01T00:16:38Z,2026-03-01T00:16:35Z,211,False,pathfinder,markstock/pathfinder,git@github.com:markstock/pathfinder.git,0
MDEwOlJlcG9zaXRvcnk0MDM0MTA0NjM=,2021-09-05T20:52:04Z,2026-05-06T14:05:59Z,2026-05-06T00:55:18Z,175457,False,cursostec,vsurak/cursostec,git@github.com:vsurak/cursostec.git,30
MDEwOlJlcG9zaXRvcnk0MDMzOTA2NjQ=,2021-09-05T19:02:43Z,2026-03-09T16:24:04Z,2026-03-09T16:23:59Z,2259,False,Sandbox.Cpp,olegsmvl/Sandbox.Cpp,git@github.com:olegsmvl/Sandbox.Cpp.git,0
MDEwOlJlcG9zaXRvcnk0MDMzNzc4NTc=,2021-09-05T17:59:00Z,2026-04-30T21:31:04Z,2026-04-30T21:31:23Z,1185,False,Jina,damoonsaghian/Jina,git@github.com:damoonsaghian/Jina.git,1
MDEwOlJlcG9zaXRvcnk0MDMzNjc0MTg=,2021-09-05T17:09:31Z,2026-05-05T14:55:43Z,2026-05-05T14:54:43Z,83020,False,DungeonStomp,moonwho101/DungeonStomp,git@github.com:moonwho101/DungeonStomp.git,2
MDEwOlJlcG9zaXRvcnk0MDMzNTIxOTE=,2021-09-05T16:02:15Z,2026-05-01T06:56:19Z,2026-04-20T11:00:31Z,2573,False,NoobBoy,Mika412/NoobBoy,git@github.com:Mika412/NoobBoy.git,309
MDEwOlJlcG9zaXRvcnk0MDMzNTEzMDI=,2021-09-05T15:58:50Z,2026-04-26T08:53:13Z,2026-04-17T19:18:49Z,4137,False,filearray,dipterix/filearray,git@github.com:dipterix/filearray.git,17
MDEwOlJlcG9zaXRvcnk0MDMyODUzNDU=,2021-09-05T11:02:04Z,2026-03-12T16:03:22Z,2026-03-12T08:48:55Z,259,False,cynes,Youlixx/cynes,git@github.com:Youlixx/cynes.git,20
MDEwOlJlcG9zaXRvcnk0MDMyMjg5MTg=,2021-09-05T06:02:35Z,2026-04-26T15:57:09Z,2026-04-16T15:13:50Z,88,False,aid,aidserv/aid,git@github.com:aidserv/aid.git,127
MDEwOlJlcG9zaXRvcnk0MDMxNzExOTE=,2021-09-04T22:58:53Z,2026-04-12T13:46:47Z,2026-05-03T20:47:43Z,15491,True,WelSim-Apps,WelSimLLC/WelSim-Apps,git@github.com:WelSimLLC/WelSim-Apps.git,43
MDEwOlJlcG9zaXRvcnk0MDMwMjczNTY=,2021-09-04T10:28:00Z,2026-05-07T02:27:34Z,2026-04-04T03:37:51Z,12103,False,TrafficMonitorPlugins,zhongyang219/TrafficMonitorPlugins,git@github.com:zhongyang219/TrafficMonitorPlugins.git,916
MDEwOlJlcG9zaXRvcnk0MDI5ODMwMjE=,2021-09-04T06:32:07Z,2026-03-28T07:39:10Z,2026-03-28T07:39:06Z,359,False,algorithm,jun-yeong1/algorithm,git@github.com:jun-yeong1/algorithm.git,0
MDEwOlJlcG9zaXRvcnk0MDI5NTkzMjA=,2021-09-04T04:01:41Z,2026-04-07T22:16:29Z,2026-04-07T22:16:24Z,3996,False,stanford-cs143,yj8907/stanford-cs143,git@github.com:yj8907/stanford-cs143.git,0
MDEwOlJlcG9zaXRvcnk0MDI5NTQ5MzQ=,2021-09-04T03:32:23Z,2026-03-22T09:22:23Z,2026-03-22T09:22:19Z,31,False,Cpp_Playground,MengqiYe/Cpp_Playground,git@github.com:MengqiYe/Cpp_Playground.git,0
MDEwOlJlcG9zaXRvcnk0MDI5NDU2OTA=,2021-09-04T02:32:04Z,2026-04-03T00:23:34Z,2026-04-03T00:23:29Z,371,True,json-explorer,claujson/json-explorer,git@github.com:claujson/json-explorer.git,0
MDEwOlJlcG9zaXRvcnk0MDI5MTU3NTA=,2021-09-03T22:58:02Z,2026-04-20T03:35:13Z,2026-04-20T03:35:09Z,1372,True,newbie_software,UFABCRocketDesign/newbie_software,git@github.com:UFABCRocketDesign/newbie_software.git,3
MDEwOlJlcG9zaXRvcnk0MDI4NTA4NDY=,2021-09-03T17:34:44Z,2026-05-06T23:27:47Z,2026-05-06T23:27:42Z,245,False,HVNC,Meltedd/HVNC,git@github.com:Meltedd/HVNC.git,497
MDEwOlJlcG9zaXRvcnk0MDI4MTA1OTY=,2021-09-03T15:10:22Z,2026-05-04T09:35:26Z,2026-05-04T09:35:18Z,121060,False,h-hardware-validation,daibangcam/h-hardware-validation,git@github.com:daibangcam/h-hardware-validation.git,0
MDEwOlJlcG9zaXRvcnk0MDI3OTI0NTY=,2021-09-03T14:12:21Z,2026-05-06T03:45:43Z,2026-05-06T03:45:39Z,924,False,Leetcode-Problems,AkshayKohad/Leetcode-Problems,git@github.com:AkshayKohad/Leetcode-Problems.git,0
MDEwOlJlcG9zaXRvcnk0MDI3ODU1MjA=,2021-09-03T13:49:01Z,2026-03-19T15:47:15Z,2026-03-05T14:03:25Z,3041,False,ArduinoLCM,Nobcha/ArduinoLCM,git@github.com:Nobcha/ArduinoLCM.git,5
MDEwOlJlcG9zaXRvcnk0MDI3ODEwNTQ=,2021-09-03T13:33:27Z,2026-04-02T14:22:28Z,2026-05-04T08:26:29Z,286,True,networkInterfaceHelper,L-Acoustics/networkInterfaceHelper,git@github.com:L-Acoustics/networkInterfaceHelper.git,2
MDEwOlJlcG9zaXRvcnk0MDI3NjI4NzM=,2021-09-03T12:29:06Z,2026-05-07T10:38:34Z,2026-05-01T11:07:53Z,184677,False,SKRoot-linuxKernelRoot,abcz316/SKRoot-linuxKernelRoot,git@github.com:abcz316/SKRoot-linuxKernelRoot.git,3755
MDEwOlJlcG9zaXRvcnk0MDI3Mzk0Mzc=,2021-09-03T11:00:02Z,2026-04-02T12:42:38Z,2026-03-29T23:23:43Z,22987,False,OpenCO2_Sensor,davidkreidler/OpenCO2_Sensor,git@github.com:davidkreidler/OpenCO2_Sensor.git,163
MDEwOlJlcG9zaXRvcnk0MDI3MjEzNzU=,2021-09-03T09:49:41Z,2026-05-06T09:57:26Z,2026-05-06T09:57:22Z,377,False,pckg,RoboUlbricht/pckg,git@github.com:RoboUlbricht/pckg.git,0
MDEwOlJlcG9zaXRvcnk0MDI3MDc2MzA=,2021-09-03T08:57:50Z,2026-05-05T17:47:09Z,2026-04-12T15:17:26Z,185912,True,City4CFD,tudelft3d/City4CFD,git@github.com:tudelft3d/City4CFD.git,169
MDEwOlJlcG9zaXRvcnk0MDI3MDIyNTc=,2021-09-03T08:37:48Z,2026-03-16T02:09:25Z,2026-04-02T02:59:01Z,28537,True,deepin-lianliankan,linuxdeepin/deepin-lianliankan,git@github.com:linuxdeepin/deepin-lianliankan.git,3
MDEwOlJlcG9zaXRvcnk0MDI2NjEyNDU=,2021-09-03T05:50:05Z,2026-04-25T07:03:57Z,2026-05-07T05:05:34Z,25475,False,vnoid,ytazz/vnoid,git@github.com:ytazz/vnoid.git,36
MDEwOlJlcG9zaXRvcnk0MDI2NDM1MDY=,2021-09-03T04:12:55Z,2026-04-28T02:11:17Z,2026-04-28T02:11:13Z,37286,False,NumericalProg-student,ykkimhgu/NumericalProg-student,git@github.com:ykkimhgu/NumericalProg-student.git,1
MDEwOlJlcG9zaXRvcnk0MDI2NDE4MDY=,2021-09-03T04:03:48Z,2026-04-11T15:35:20Z,2026-04-11T15:35:14Z,10,False,xmidi,programmer-lucky7/xmidi,git@github.com:programmer-lucky7/xmidi.git,0
MDEwOlJlcG9zaXRvcnk0MDI2MjkxNDk=,2021-09-03T02:58:04Z,2026-04-06T13:10:14Z,2026-04-06T13:10:01Z,65,False,PS,DongWookK/PS,git@github.com:DongWookK/PS.git,0
MDEwOlJlcG9zaXRvcnk0MDI1ODcwNTY=,2021-09-02T23:15:49Z,2026-03-26T13:16:01Z,2026-03-26T13:16:01Z,26751,False,kplusplus,Monkopedia/kplusplus,git@github.com:Monkopedia/kplusplus.git,1
MDEwOlJlcG9zaXRvcnk0MDI1Njc1NDI=,2021-09-02T21:28:15Z,2026-05-04T11:05:59Z,2026-05-04T11:05:54Z,147926,False,NINTV-DS,wavemotion-dave/NINTV-DS,git@github.com:wavemotion-dave/NINTV-DS.git,55
MDEwOlJlcG9zaXRvcnk0MDI1MzIwOTM=,2021-09-02T19:00:31Z,2026-03-24T19:21:45Z,2026-03-24T19:21:41Z,4436,False,DSA-Practice,SundeepChand/DSA-Practice,git@github.com:SundeepChand/DSA-Practice.git,1
MDEwOlJlcG9zaXRvcnk0MDI0NjI4NDg=,2021-09-02T15:02:20Z,2026-05-05T18:23:07Z,2026-05-05T18:15:17Z,510,True,maui-settings,Nitrux/maui-settings,git@github.com:Nitrux/maui-settings.git,5
MDEwOlJlcG9zaXRvcnk0MDI0MTE0NjM=,2021-09-02T12:26:04Z,2026-04-13T21:29:44Z,2026-04-13T21:29:39Z,61,False,YuGiOh,LyudmilDS/YuGiOh,git@github.com:LyudmilDS/YuGiOh.git,0
MDEwOlJlcG9zaXRvcnk0MDIzNjc3ODA=,2021-09-02T09:45:41Z,2026-05-03T15:40:07Z,2026-05-03T15:40:03Z,164,False,PindolesEncastats,bytesontherocks/PindolesEncastats,git@github.com:bytesontherocks/PindolesEncastats.git,0
MDEwOlJlcG9zaXRvcnk0MDIyNjYyODc=,2021-09-02T02:35:21Z,2026-04-25T10:14:05Z,2026-04-21T15:50:52Z,45,False,dll_injector,hasherezade/dll_injector,git@github.com:hasherezade/dll_injector.git,160
MDEwOlJlcG9zaXRvcnk0MDIyNDIzNTM=,2021-09-02T00:38:37Z,2026-04-17T00:20:59Z,2026-04-15T19:30:15Z,2,False,ESP-Now-Serial-Bridge,yuri-rage/ESP-Now-Serial-Bridge,git@github.com:yuri-rage/ESP-Now-Serial-Bridge.git,40
MDEwOlJlcG9zaXRvcnk0MDIyMzc4MTk=,2021-09-02T00:12:52Z,2026-05-05T18:14:55Z,2026-03-05T00:34:17Z,799,True,Inkay,PretendoNetwork/Inkay,git@github.com:PretendoNetwork/Inkay.git,217
MDEwOlJlcG9zaXRvcnk0MDIwOTk3NTg=,2021-09-01T14:55:02Z,2026-05-06T22:25:08Z,2026-05-06T22:25:06Z,20754,False,seer,epasveer/seer,git@github.com:epasveer/seer.git,3386
MDEwOlJlcG9zaXRvcnk0MDIwMzAwOTU=,2021-09-01T11:06:34Z,2026-04-13T14:26:44Z,2026-03-31T18:15:24Z,5254,True,rsocsim,MPIDR/rsocsim,git@github.com:MPIDR/rsocsim.git,36
MDEwOlJlcG9zaXRvcnk0MDE5ODk2NDE=,2021-09-01T08:37:31Z,2026-04-13T08:54:17Z,2026-04-13T08:54:11Z,8060,True,streamloots-obs-plugin,streamloots/streamloots-obs-plugin,git@github.com:streamloots/streamloots-obs-plugin.git,1
MDEwOlJlcG9zaXRvcnk0MDE5NjcxNzk=,2021-09-01T07:13:35Z,2026-03-19T17:43:25Z,2026-03-19T17:43:21Z,1084,True,mts-20140618,alibabacloud-sdk-cpp/mts-20140618,git@github.com:alibabacloud-sdk-cpp/mts-20140618.git,0
MDEwOlJlcG9zaXRvcnk0MDE5NTM1MzQ=,2021-09-01T06:20:25Z,2026-04-05T22:45:41Z,2026-04-05T22:51:19Z,6858,False,HM3-Trainer,0xvpr/HM3-Trainer,git@github.com:0xvpr/HM3-Trainer.git,15
MDEwOlJlcG9zaXRvcnk0MDE5NDQ3NzU=,2021-09-01T05:40:38Z,2026-04-25T09:25:05Z,2026-03-25T12:09:27Z,17700,True,BWA-MEME,kaist-ina/BWA-MEME,git@github.com:kaist-ina/BWA-MEME.git,137
MDEwOlJlcG9zaXRvcnk0MDE5MzA5MjA=,2021-09-01T04:31:53Z,2026-03-28T11:59:30Z,2026-03-28T11:59:26Z,7870,False,Codeforces,NextThread/Codeforces,git@github.com:NextThread/Codeforces.git,1
MDEwOlJlcG9zaXRvcnk0MDE5MjAxNTQ=,2021-09-01T03:33:54Z,2026-04-23T22:54:12Z,2026-04-23T22:53:33Z,4951,False,Emberblade,alexthegreat194/Emberblade,git@github.com:alexthegreat194/Emberblade.git,0
MDEwOlJlcG9zaXRvcnk0MDE5MDkyMzI=,2021-09-01T02:42:07Z,2026-04-07T18:52:16Z,2026-04-07T18:52:11Z,575,True,dysmsapi-20170525,alibabacloud-sdk-cpp/dysmsapi-20170525,git@github.com:alibabacloud-sdk-cpp/dysmsapi-20170525.git,1
MDEwOlJlcG9zaXRvcnk0MDE4ODA5NDk=,2021-09-01T00:31:28Z,2026-04-27T12:56:05Z,2026-04-27T12:59:48Z,15066,False,Field-Map-Editor,Sebanisu/Field-Map-Editor,git@github.com:Sebanisu/Field-Map-Editor.git,5
MDEwOlJlcG9zaXRvcnk0MDE4NTcyODk=,2021-08-31T22:16:24Z,2026-05-07T08:59:38Z,2026-05-07T06:39:35Z,18540,True,ivi-homescreen,toyota-connected/ivi-homescreen,git@github.com:toyota-connected/ivi-homescreen.git,356
MDEwOlJlcG9zaXRvcnk0MDE4MDcwOTI=,2021-08-31T18:35:25Z,2026-05-05T12:17:52Z,2026-05-05T12:17:48Z,164430,False,AddOn_SomeStuff,kuvbur/AddOn_SomeStuff,git@github.com:kuvbur/AddOn_SomeStuff.git,24
MDEwOlJlcG9zaXRvcnk0MDE3NTI0MjE=,2021-08-31T15:25:16Z,2026-04-23T21:56:53Z,2026-04-29T14:28:42Z,727,True,dpdklibs,DUNE-DAQ/dpdklibs,git@github.com:DUNE-DAQ/dpdklibs.git,0
MDEwOlJlcG9zaXRvcnk0MDE3MzU0Nzk=,2021-08-31T14:34:20Z,2026-03-22T10:02:55Z,2026-03-22T10:02:50Z,1158,True,rm_manual,rm-controls/rm_manual,git@github.com:rm-controls/rm_manual.git,4
MDEwOlJlcG9zaXRvcnk0MDE2ODczODI=,2021-08-31T12:02:27Z,2026-04-15T13:20:26Z,2026-04-15T13:20:22Z,422,True,MSAvc,malabz/MSAvc,git@github.com:malabz/MSAvc.git,1
MDEwOlJlcG9zaXRvcnk0MDE2MTk2OTU=,2021-08-31T07:55:56Z,2026-04-29T02:40:59Z,2026-04-29T02:40:55Z,245,False,simple-billing-cli,jp-rishi/simple-billing-cli,git@github.com:jp-rishi/simple-billing-cli.git,0
MDEwOlJlcG9zaXRvcnk0MDE2MDEyNzU=,2021-08-31T06:45:47Z,2026-04-30T12:02:03Z,2026-04-25T01:25:29Z,170957,True,LLTFI,DependableSystemsLab/LLTFI,git@github.com:DependableSystemsLab/LLTFI.git,41
MDEwOlJlcG9zaXRvcnk0MDE1NzcyMTE=,2021-08-31T04:56:37Z,2026-04-12T17:13:30Z,2026-04-12T18:11:56Z,104,False,Grains-of-Gold,Korallion/Grains-of-Gold,git@github.com:Korallion/Grains-of-Gold.git,0
MDEwOlJlcG9zaXRvcnk0MDE1NDk4NTE=,2021-08-31T02:36:19Z,2026-03-16T23:18:15Z,2026-03-16T23:18:12Z,9000,False,FaZoN,BenzinOzor/FaZoN,git@github.com:BenzinOzor/FaZoN.git,2
MDEwOlJlcG9zaXRvcnk0MDE1NDkxNjY=,2021-08-31T02:32:52Z,2026-03-23T01:22:57Z,2026-03-23T01:22:53Z,6747,False,tcc-mecatronica,lucasclaros/tcc-mecatronica,git@github.com:lucasclaros/tcc-mecatronica.git,0
MDEwOlJlcG9zaXRvcnk0MDE1MzkxNDc=,2021-08-31T01:45:54Z,2026-04-24T12:12:38Z,2026-04-24T12:12:33Z,8593,False,c_plus_plus,BohdanStupa/c_plus_plus,git@github.com:BohdanStupa/c_plus_plus.git,0
MDEwOlJlcG9zaXRvcnk0MDE1MDg0OTY=,2021-08-30T22:59:59Z,2026-05-07T09:26:28Z,2026-05-02T06:38:02Z,53479,True,NanaZip,M2Team/NanaZip,git@github.com:M2Team/NanaZip.git,14249
MDEwOlJlcG9zaXRvcnk0MDE1MDAxNjQ=,2021-08-30T22:15:32Z,2026-04-15T16:40:08Z,2026-04-15T16:40:04Z,9,False,griffin_database_class,rugbyprof/griffin_database_class,git@github.com:rugbyprof/griffin_database_class.git,0
MDEwOlJlcG9zaXRvcnk0MDE0ODU3NDU=,2021-08-30T21:04:25Z,2026-04-21T11:54:20Z,2026-04-21T11:54:16Z,11094,False,POO,lufe089/POO,git@github.com:lufe089/POO.git,7
MDEwOlJlcG9zaXRvcnk0MDE0Njc5MzA=,2021-08-30T19:49:50Z,2026-05-04T20:57:07Z,2026-05-04T20:57:03Z,526,False,Blocked,jan-abbring/Blocked,git@github.com:jan-abbring/Blocked.git,0
MDEwOlJlcG9zaXRvcnk0MDE0MjEwNjY=,2021-08-30T16:58:46Z,2026-05-01T05:10:37Z,2026-05-01T05:10:33Z,194045,True,grandorgue,GrandOrgue/grandorgue,git@github.com:GrandOrgue/grandorgue.git,255
MDEwOlJlcG9zaXRvcnk0MDEzOTA4NDQ=,2021-08-30T15:20:24Z,2026-03-06T18:50:16Z,2026-03-06T18:50:21Z,528,True,xcanvas,jupyter-xeus/xcanvas,git@github.com:jupyter-xeus/xcanvas.git,7
MDEwOlJlcG9zaXRvcnk0MDEzMTQyNDQ=,2021-08-30T11:11:25Z,2026-05-07T10:42:38Z,2026-05-07T11:17:42Z,13080,True,devtools,Open-CMSIS-Pack/devtools,git@github.com:Open-CMSIS-Pack/devtools.git,84
MDEwOlJlcG9zaXRvcnk0MDEzMDUyOTE=,2021-08-30T10:36:16Z,2026-04-30T11:40:30Z,2026-04-30T11:40:26Z,293,False,UnrealYAML,jwindgassen/UnrealYAML,git@github.com:jwindgassen/UnrealYAML.git,35
MDEwOlJlcG9zaXRvcnk0MDEyODc0MDc=,2021-08-30T09:29:36Z,2026-04-24T12:11:15Z,2026-04-24T12:11:12Z,71,False,cp_library,shu-yamashita/cp_library,git@github.com:shu-yamashita/cp_library.git,0
MDEwOlJlcG9zaXRvcnk0MDEyNzQ0NjU=,2021-08-30T08:42:49Z,2026-05-07T11:25:46Z,2026-05-07T11:25:42Z,1957,False,EA-Software-Engineering-Forage,houda-ohm/EA-Software-Engineering-Forage,git@github.com:houda-ohm/EA-Software-Engineering-Forage.git,0
MDEwOlJlcG9zaXRvcnk0MDEyNzAwMTE=,2021-08-30T08:26:13Z,2026-03-21T20:52:23Z,2026-03-21T20:52:20Z,216,False,Algorithms-and-DataStructures,FFFFFFnekotorii/Algorithms-and-DataStructures,git@github.com:FFFFFFnekotorii/Algorithms-and-DataStructures.git,0
MDEwOlJlcG9zaXRvcnk0MDEyNjQ5NjU=,2021-08-30T08:08:07Z,2026-04-18T12:56:23Z,2026-04-24T15:28:55Z,573,False,GameEngineUtilities,Jakub-Miko/GameEngineUtilities,git@github.com:Jakub-Miko/GameEngineUtilities.git,0
MDEwOlJlcG9zaXRvcnk0MDEyNTc5MjQ=,2021-08-30T07:42:31Z,2026-04-05T08:36:46Z,2026-04-05T08:36:42Z,78402,False,sand-game,Cuber01/sand-game,git@github.com:Cuber01/sand-game.git,7
MDEwOlJlcG9zaXRvcnk0MDEyNDg3MzE=,2021-08-30T07:06:38Z,2026-03-17T03:20:47Z,2026-03-17T03:20:44Z,623,False,vPDF,MadNit/vPDF,git@github.com:MadNit/vPDF.git,0
MDEwOlJlcG9zaXRvcnk0MDEyNDA2MzE=,2021-08-30T06:34:40Z,2026-04-30T08:54:28Z,2026-04-30T09:29:47Z,13462,True,DDS-Router,eProsima/DDS-Router,git@github.com:eProsima/DDS-Router.git,77
MDEwOlJlcG9zaXRvcnk0MDExOTA1NjI=,2021-08-30T02:17:08Z,2026-05-07T05:41:54Z,2026-05-07T05:41:50Z,666,False,natural-language,jerry81/natural-language,git@github.com:jerry81/natural-language.git,2
MDEwOlJlcG9zaXRvcnk0MDExMjU2ODI=,2021-08-29T19:29:48Z,2026-04-21T17:49:28Z,2026-04-21T17:49:25Z,22598,True,jsonbinpack,sourcemeta/jsonbinpack,git@github.com:sourcemeta/jsonbinpack.git,164
MDEwOlJlcG9zaXRvcnk0MDExMTA1OTA=,2021-08-29T18:11:22Z,2026-03-09T17:12:37Z,2026-03-09T17:12:33Z,19,False,esp32-video-streaming,ranon-rat/esp32-video-streaming,git@github.com:ranon-rat/esp32-video-streaming.git,7
MDEwOlJlcG9zaXRvcnk0MDExMDAzMTM=,2021-08-29T17:21:41Z,2026-04-21T22:41:58Z,2026-04-21T22:41:55Z,367,False,macoro,ladnir/macoro,git@github.com:ladnir/macoro.git,24
MDEwOlJlcG9zaXRvcnk0MDEwODc5NzM=,2021-08-29T16:22:09Z,2026-04-08T22:05:51Z,2026-04-08T22:05:46Z,16,False,him_log,lloyd-garmadon/him_log,git@github.com:lloyd-garmadon/him_log.git,0
MDEwOlJlcG9zaXRvcnk0MDEwNjA1NTc=,2021-08-29T14:20:33Z,2026-04-23T07:40:21Z,2026-04-23T07:41:07Z,508,False,Freikino,0x00000FF/Freikino,git@github.com:0x00000FF/Freikino.git,4
MDEwOlJlcG9zaXRvcnk0MDA4ODMxMjY=,2021-08-28T20:20:46Z,2026-05-06T21:26:39Z,2026-05-07T06:09:05Z,5259,True,PenguLoader,PenguLoader/PenguLoader,git@github.com:PenguLoader/PenguLoader.git,573
MDEwOlJlcG9zaXRvcnk0MDA4ODIwNTg=,2021-08-28T20:14:04Z,2026-04-17T18:14:51Z,2026-04-17T18:14:46Z,200,False,dmx-playback,possan/dmx-playback,git@github.com:possan/dmx-playback.git,0
MDEwOlJlcG9zaXRvcnk0MDA4MTYyNTM=,2021-08-28T14:44:08Z,2026-03-02T05:57:32Z,2026-03-02T05:57:30Z,1730,False,leetcode,tanishqshah/leetcode,git@github.com:tanishqshah/leetcode.git,8
MDEwOlJlcG9zaXRvcnk0MDA4MTExNDc=,2021-08-28T14:21:30Z,2026-03-26T13:17:10Z,2026-03-26T13:17:05Z,67947,False,Nixie-Clock-IN12,mistic100/Nixie-Clock-IN12,git@github.com:mistic100/Nixie-Clock-IN12.git,9
MDEwOlJlcG9zaXRvcnk0MDA2NjcwMDE=,2021-08-28T00:37:22Z,2026-04-22T02:58:57Z,2026-04-22T02:58:53Z,4058,False,gui_cpp,spjuanjoc/gui_cpp,git@github.com:spjuanjoc/gui_cpp.git,3
MDEwOlJlcG9zaXRvcnk0MDA2NDg5MTg=,2021-08-27T22:27:16Z,2026-04-28T12:27:22Z,2026-03-28T19:56:39Z,990,False,arkanoid,ArturKos/arkanoid,git@github.com:ArturKos/arkanoid.git,0
MDEwOlJlcG9zaXRvcnk0MDA2Mzg2ODg=,2021-08-27T21:26:13Z,2026-04-19T21:09:21Z,2026-04-19T21:09:12Z,21150,False,neumodvb,deeptho/neumodvb,git@github.com:deeptho/neumodvb.git,28
MDEwOlJlcG9zaXRvcnk0MDA2Mzc0NjI=,2021-08-27T21:19:12Z,2026-04-10T03:03:34Z,2026-04-10T03:03:30Z,471,False,stochastic-generation,Andrew-Helmer/stochastic-generation,git@github.com:Andrew-Helmer/stochastic-generation.git,55
MDEwOlJlcG9zaXRvcnk0MDA2MzExNDc=,2021-08-27T20:45:41Z,2026-03-29T07:18:43Z,2026-03-29T07:18:39Z,3995,False,SX1278---APRS-balloon-tracker,micked99/SX1278---APRS-balloon-tracker,git@github.com:micked99/SX1278---APRS-balloon-tracker.git,6
MDEwOlJlcG9zaXRvcnk0MDA2MjEzNzY=,2021-08-27T19:56:03Z,2026-03-01T17:37:26Z,2026-03-01T17:37:22Z,284435,False,amiga-qt6,elfpipe/amiga-qt6,git@github.com:elfpipe/amiga-qt6.git,7
MDEwOlJlcG9zaXRvcnk0MDA1NTA5NDY=,2021-08-27T15:16:42Z,2026-03-06T19:44:43Z,2026-03-06T19:44:37Z,1066,False,AndreiUtils,AndreiCostinescu/AndreiUtils,git@github.com:AndreiCostinescu/AndreiUtils.git,1
MDEwOlJlcG9zaXRvcnk0MDA1MzYxMDc=,2021-08-27T14:28:31Z,2026-05-02T10:17:06Z,2026-05-02T10:17:02Z,196,False,mine,teruelv/mine,git@github.com:teruelv/mine.git,5
MDEwOlJlcG9zaXRvcnk0MDA1MDExMzY=,2021-08-27T12:25:48Z,2026-05-07T11:21:23Z,2026-05-07T11:21:19Z,130050,True,mujoco,google-deepmind/mujoco,git@github.com:google-deepmind/mujoco.git,13376
MDEwOlJlcG9zaXRvcnk0MDA0ODk2NTk=,2021-08-27T11:41:52Z,2026-04-14T13:17:18Z,2026-04-14T13:17:09Z,583,False,home-assistant-config,matt-sullivan/home-assistant-config,git@github.com:matt-sullivan/home-assistant-config.git,0
MDEwOlJlcG9zaXRvcnk0MDA0NDM5NTY=,2021-08-27T08:38:18Z,2026-04-27T13:49:20Z,2026-04-27T13:47:27Z,252,False,GearShiftIndicator,ryanjolliffe/GearShiftIndicator,git@github.com:ryanjolliffe/GearShiftIndicator.git,0
MDEwOlJlcG9zaXRvcnk0MDA0MDgyNjE=,2021-08-27T06:15:57Z,2026-04-30T11:32:02Z,2026-04-30T11:31:58Z,1260,True,sysrepo-cpp,sysrepo/sysrepo-cpp,git@github.com:sysrepo/sysrepo-cpp.git,9
MDEwOlJlcG9zaXRvcnk0MDAzNzU2NDg=,2021-08-27T03:24:47Z,2026-05-07T05:46:39Z,2026-05-07T05:46:35Z,2006,True,fuse-archive,google/fuse-archive,git@github.com:google/fuse-archive.git,246
MDEwOlJlcG9zaXRvcnk0MDAyNTg5OTY=,2021-08-26T17:54:10Z,2026-04-14T22:57:44Z,2026-03-04T23:36:37Z,36731,False,Arduino-cnc-cnc3018,phorton1/Arduino-cnc-cnc3018,git@github.com:phorton1/Arduino-cnc-cnc3018.git,12
MDEwOlJlcG9zaXRvcnk0MDAyNTc1OTk=,2021-08-26T17:48:53Z,2026-05-02T18:48:21Z,2026-05-02T18:48:18Z,2796,False,plantsim,LadaOndris/plantsim,git@github.com:LadaOndris/plantsim.git,0
MDEwOlJlcG9zaXRvcnk0MDAyMDI1MDA=,2021-08-26T14:42:24Z,2026-05-06T12:42:37Z,2026-05-06T12:42:33Z,1486,False,atcoder,kyad/atcoder,git@github.com:kyad/atcoder.git,0
MDEwOlJlcG9zaXRvcnk0MDAxNjY3NTU=,2021-08-26T12:48:52Z,2026-03-17T00:30:49Z,2026-03-17T00:30:51Z,95,True,Arduino_APA102,arduino-libraries/Arduino_APA102,git@github.com:arduino-libraries/Arduino_APA102.git,5
MDEwOlJlcG9zaXRvcnk0MDAxNDAzMzI=,2021-08-26T11:12:33Z,2026-04-22T16:45:46Z,2026-04-22T16:45:42Z,97,True,drogon_tinykvm,libriscv/drogon_tinykvm,git@github.com:libriscv/drogon_tinykvm.git,0
MDEwOlJlcG9zaXRvcnk0MDAwOTcyNDk=,2021-08-26T08:31:30Z,2026-05-07T01:43:21Z,2026-05-04T01:43:35Z,1515,True,hiviewdfx_hicollie,openharmony/hiviewdfx_hicollie,git@github.com:openharmony/hiviewdfx_hicollie.git,0
MDEwOlJlcG9zaXRvcnk0MDAwOTcyMjk=,2021-08-26T08:31:25Z,2026-05-07T01:43:10Z,2026-05-04T01:43:24Z,9943,True,hiviewdfx_hitrace,openharmony/hiviewdfx_hitrace,git@github.com:openharmony/hiviewdfx_hitrace.git,0
MDEwOlJlcG9zaXRvcnk0MDAwOTcwNzk=,2021-08-26T08:30:50Z,2026-05-07T01:42:08Z,2026-05-04T01:42:19Z,3652,True,telephony_cellular_data,openharmony/telephony_cellular_data,git@github.com:openharmony/telephony_cellular_data.git,0
MDEwOlJlcG9zaXRvcnk0MDAwOTcwNTQ=,2021-08-26T08:30:46Z,2026-05-07T01:41:15Z,2026-05-04T01:41:25Z,2714,True,telephony_ril_adapter,openharmony/telephony_ril_adapter,git@github.com:openharmony/telephony_ril_adapter.git,0
MDEwOlJlcG9zaXRvcnk0MDAwOTU5NDM=,2021-08-26T08:26:33Z,2026-05-07T01:36:21Z,2026-05-07T01:36:17Z,2410,True,powermgr_thermal_manager,openharmony/powermgr_thermal_manager,git@github.com:openharmony/powermgr_thermal_manager.git,0
MDEwOlJlcG9zaXRvcnk0MDAwOTU5MzE=,2021-08-26T08:26:29Z,2026-05-07T01:36:09Z,2026-05-04T01:36:24Z,1658,True,powermgr_battery_statistics,openharmony/powermgr_battery_statistics,git@github.com:openharmony/powermgr_battery_statistics.git,0
MDEwOlJlcG9zaXRvcnk0MDAwOTU4MDU=,2021-08-26T08:25:56Z,2026-05-07T01:34:57Z,2026-05-04T01:35:13Z,2391,True,sensors_miscdevice,openharmony/sensors_miscdevice,git@github.com:openharmony/sensors_miscdevice.git,0
MDEwOlJlcG9zaXRvcnk0MDAwOTU3NzQ=,2021-08-26T08:25:51Z,2026-05-07T01:34:45Z,2026-05-04T01:35:01Z,3390,True,sensors_sensor,openharmony/sensors_sensor,git@github.com:openharmony/sensors_sensor.git,0
MDEwOlJlcG9zaXRvcnk0MDAwOTUwNTA=,2021-08-26T08:23:13Z,2026-05-07T01:19:42Z,2026-05-04T01:19:51Z,1739,True,third_party_re2,openharmony/third_party_re2,git@github.com:openharmony/third_party_re2.git,0
MDEwOlJlcG9zaXRvcnk0MDAwOTQ5MzQ=,2021-08-26T08:22:46Z,2026-05-07T01:18:38Z,2026-05-04T01:18:45Z,27163,True,third_party_protobuf,openharmony/third_party_protobuf,git@github.com:openharmony/third_party_protobuf.git,0
MDEwOlJlcG9zaXRvcnk0MDAwOTQ3NTI=,2021-08-26T08:22:08Z,2026-05-07T01:17:17Z,2026-05-04T01:17:24Z,656,True,third_party_ninja,openharmony/third_party_ninja,git@github.com:openharmony/third_party_ninja.git,0
MDEwOlJlcG9zaXRvcnk0MDAwOTQ0MTI=,2021-08-26T08:20:54Z,2026-05-07T01:14:46Z,2026-05-01T01:24:06Z,20249,True,third_party_libphonenumber,openharmony/third_party_libphonenumber,git@github.com:openharmony/third_party_libphonenumber.git,0
MDEwOlJlcG9zaXRvcnk0MDAwOTMzNzU=,2021-08-26T08:17:17Z,2026-05-07T01:12:59Z,2026-05-04T01:12:58Z,126692,True,third_party_json,openharmony/third_party_json,git@github.com:openharmony/third_party_json.git,0
MDEwOlJlcG9zaXRvcnk0MDAwOTMwNzc=,2021-08-26T08:16:09Z,2026-05-07T01:12:04Z,2026-05-01T01:20:24Z,286001,True,third_party_grpc,openharmony/third_party_grpc,git@github.com:openharmony/third_party_grpc.git,0
MDEwOlJlcG9zaXRvcnk0MDAwOTI5MTQ=,2021-08-26T08:15:33Z,2026-05-07T08:04:41Z,2026-05-07T08:04:37Z,1367973,False,EngineDX,ilgenio/EngineDX,git@github.com:ilgenio/EngineDX.git,1
MDEwOlJlcG9zaXRvcnk0MDAwOTIyODY=,2021-08-26T08:13:18Z,2026-05-07T01:11:00Z,2026-05-04T01:10:54Z,2730,True,third_party_gn,openharmony/third_party_gn,git@github.com:openharmony/third_party_gn.git,0
MDEwOlJlcG9zaXRvcnk0MDAwOTIwMzg=,2021-08-26T08:12:23Z,2026-05-07T01:10:17Z,2026-05-04T01:10:04Z,16872,True,third_party_flatbuffers,openharmony/third_party_flatbuffers,git@github.com:openharmony/third_party_flatbuffers.git,0
MDEwOlJlcG9zaXRvcnk0MDAwOTE1MDA=,2021-08-26T08:10:19Z,2026-05-07T01:08:19Z,2026-05-04T01:08:02Z,14162,True,third_party_abseil-cpp,openharmony/third_party_abseil-cpp,git@github.com:openharmony/third_party_abseil-cpp.git,1
MDEwOlJlcG9zaXRvcnk0MDAwODQyNDg=,2021-08-26T07:44:07Z,2026-05-07T01:00:03Z,2026-05-07T00:59:52Z,58095,True,multimodalinput_input,openharmony/multimodalinput_input,git@github.com:openharmony/multimodalinput_input.git,2
MDEwOlJlcG9zaXRvcnk0MDAwODM4Njk=,2021-08-26T07:42:53Z,2026-05-06T23:53:05Z,2026-05-06T23:52:55Z,43624,True,communication_wifi,openharmony/communication_wifi,git@github.com:openharmony/communication_wifi.git,5
MDEwOlJlcG9zaXRvcnk0MDAwODM4NDk=,2021-08-26T07:42:48Z,2026-05-06T23:52:29Z,2026-05-03T23:50:10Z,8643,True,communication_ipc,openharmony/communication_ipc,git@github.com:openharmony/communication_ipc.git,8
MDEwOlJlcG9zaXRvcnk0MDAwODM4MjE=,2021-08-26T07:42:42Z,2026-05-06T23:52:16Z,2026-05-06T23:52:04Z,60389,True,communication_dsoftbus,openharmony/communication_dsoftbus,git@github.com:openharmony/communication_dsoftbus.git,22
MDEwOlJlcG9zaXRvcnk0MDAwODMwMjI=,2021-08-26T07:39:47Z,2026-05-06T22:25:35Z,2026-05-03T22:21:45Z,1001,True,telephony_state_registry,openharmony/telephony_state_registry,git@github.com:openharmony/telephony_state_registry.git,0
MDEwOlJlcG9zaXRvcnk0MDAwODI5OTk=,2021-08-26T07:39:42Z,2026-05-06T22:25:24Z,2026-05-06T22:25:20Z,5170,True,telephony_sms_mms,openharmony/telephony_sms_mms,git@github.com:openharmony/telephony_sms_mms.git,0
MDEwOlJlcG9zaXRvcnk0MDAwODI5Njg=,2021-08-26T07:39:36Z,2026-05-06T22:25:12Z,2026-05-03T22:21:22Z,25887,True,telephony_core_service,openharmony/telephony_core_service,git@github.com:openharmony/telephony_core_service.git,2
MDEwOlJlcG9zaXRvcnk0MDAwODI5Mjg=,2021-08-26T07:39:28Z,2026-05-06T22:24:59Z,2026-05-03T22:21:10Z,3170,True,telephony_cellular_call,openharmony/telephony_cellular_call,git@github.com:openharmony/telephony_cellular_call.git,0
MDEwOlJlcG9zaXRvcnk0MDAwODI5MDk=,2021-08-26T07:39:22Z,2026-05-06T22:24:56Z,2026-05-06T22:24:43Z,25945,True,telephony_call_manager,openharmony/telephony_call_manager,git@github.com:openharmony/telephony_call_manager.git,0
MDEwOlJlcG9zaXRvcnk0MDAwODI4Nzc=,2021-08-26T07:39:16Z,2026-05-06T22:24:33Z,2026-05-06T22:24:28Z,9761,True,startup_appspawn,openharmony/startup_appspawn,git@github.com:openharmony/startup_appspawn.git,2
MDEwOlJlcG9zaXRvcnk0MDAwODI4NDI=,2021-08-26T07:39:10Z,2026-05-06T22:24:19Z,2026-05-03T22:20:32Z,302,True,security_dataclassification,openharmony/security_dataclassification,git@github.com:openharmony/security_dataclassification.git,0
MDEwOlJlcG9zaXRvcnk0MDAwODI4MDk=,2021-08-26T07:39:04Z,2026-05-06T22:24:09Z,2026-05-06T22:24:05Z,6584,True,powermgr_power_manager,openharmony/powermgr_power_manager,git@github.com:openharmony/powermgr_power_manager.git,3
MDEwOlJlcG9zaXRvcnk0MDAwODI3ODI=,2021-08-26T07:38:57Z,2026-05-06T22:23:56Z,2026-05-05T22:19:18Z,1621,True,powermgr_display_manager,openharmony/powermgr_display_manager,git@github.com:openharmony/powermgr_display_manager.git,0
MDEwOlJlcG9zaXRvcnk0MDAwODI3NjA=,2021-08-26T07:38:51Z,2026-05-06T22:23:45Z,2026-05-06T22:23:41Z,3288,True,powermgr_battery_manager,openharmony/powermgr_battery_manager,git@github.com:openharmony/powermgr_battery_manager.git,2
MDEwOlJlcG9zaXRvcnk0MDAwODI2ODA=,2021-08-26T07:38:33Z,2026-05-06T22:23:08Z,2026-05-06T22:23:03Z,13331,True,hiviewdfx_hiview,openharmony/hiviewdfx_hiview,git@github.com:openharmony/hiviewdfx_hiview.git,0
MDEwOlJlcG9zaXRvcnk0MDAwODI2NTA=,2021-08-26T07:38:27Z,2026-05-06T22:22:53Z,2026-05-03T22:19:08Z,1686,True,hiviewdfx_hisysevent,openharmony/hiviewdfx_hisysevent,git@github.com:openharmony/hiviewdfx_hisysevent.git,0
MDEwOlJlcG9zaXRvcnk0MDAwODI2MjQ=,2021-08-26T07:38:22Z,2026-05-06T22:22:42Z,2026-05-03T22:18:57Z,1902,True,hiviewdfx_hilog,openharmony/hiviewdfx_hilog,git@github.com:openharmony/hiviewdfx_hilog.git,5
MDEwOlJlcG9zaXRvcnk0MDAwODI1OTE=,2021-08-26T07:38:14Z,2026-05-06T22:22:31Z,2026-05-03T22:18:46Z,1845,True,hiviewdfx_hiappevent,openharmony/hiviewdfx_hiappevent,git@github.com:openharmony/hiviewdfx_hiappevent.git,0
MDEwOlJlcG9zaXRvcnk0MDAwODI1NzI=,2021-08-26T07:38:09Z,2026-05-06T22:22:19Z,2026-05-06T22:22:15Z,9039,True,hiviewdfx_faultloggerd,openharmony/hiviewdfx_faultloggerd,git@github.com:openharmony/hiviewdfx_faultloggerd.git,2
MDEwOlJlcG9zaXRvcnk0MDAwODI0Nzk=,2021-08-26T07:37:50Z,2026-05-06T22:20:30Z,2026-05-05T22:15:57Z,40195,True,account_os_account,openharmony/account_os_account,git@github.com:openharmony/account_os_account.git,4
MDEwOlJlcG9zaXRvcnk0MDAwODIwNTY=,2021-08-26T07:36:10Z,2026-05-06T22:12:12Z,2026-05-03T22:08:43Z,89199,True,communication_bluetooth,openharmony/communication_bluetooth,git@github.com:openharmony/communication_bluetooth.git,4
MDEwOlJlcG9zaXRvcnk0MDAwODIwMjk=,2021-08-26T07:36:05Z,2026-05-06T22:11:59Z,2026-05-06T22:11:53Z,46290,True,drivers_peripheral,openharmony/drivers_peripheral,git@github.com:openharmony/drivers_peripheral.git,1
MDEwOlJlcG9zaXRvcnk0MDAwODE5NDU=,2021-08-26T07:35:46Z,2026-05-06T22:11:31Z,2026-05-03T22:08:06Z,8626,True,developtools_packing_tool,openharmony/developtools_packing_tool,git@github.com:openharmony/developtools_packing_tool.git,1
MDEwOlJlcG9zaXRvcnk0MDAwODE3NDU=,2021-08-26T07:34:58Z,2026-05-06T22:09:37Z,2026-05-03T22:06:32Z,813,True,global_i18n_lite,openharmony/global_i18n_lite,git@github.com:openharmony/global_i18n_lite.git,0
MDEwOlJlcG9zaXRvcnk0MDAwODExMDg=,2021-08-26T07:32:15Z,2024-10-29T12:42:02Z,2026-03-21T01:22:43Z,228,True,applications_camera_screensaver_app,openharmony/applications_camera_screensaver_app,git@github.com:openharmony/applications_camera_screensaver_app.git,0
MDEwOlJlcG9zaXRvcnk0MDAwODA5ODY=,2021-08-26T07:31:47Z,2026-05-06T22:05:45Z,2026-05-03T22:02:42Z,5394,True,ai_engine,openharmony/ai_engine,git@github.com:openharmony/ai_engine.git,8
MDEwOlJlcG9zaXRvcnk0MDAwNzcyOTM=,2021-08-26T07:18:16Z,2026-05-06T21:27:41Z,2026-05-03T21:26:35Z,6972,True,third_party_googletest,openharmony/third_party_googletest,git@github.com:openharmony/third_party_googletest.git,0
MDEwOlJlcG9zaXRvcnk0MDAwNzY2ODg=,2021-08-26T07:15:56Z,2026-05-06T21:23:25Z,2026-05-03T21:22:27Z,15512,True,security_huks,openharmony/security_huks,git@github.com:openharmony/security_huks.git,2
MDEwOlJlcG9zaXRvcnk0MDAwNzY2MzM=,2021-08-26T07:15:44Z,2026-05-06T21:22:59Z,2026-05-03T21:22:01Z,1479,True,security_appverify,openharmony/security_appverify,git@github.com:openharmony/security_appverify.git,2
MDEwOlJlcG9zaXRvcnk0MDAwNzY1NDk=,2021-08-26T07:15:27Z,2026-05-06T21:22:38Z,2026-05-03T21:21:40Z,666,True,multimedia_media_lite,openharmony/multimedia_media_lite,git@github.com:openharmony/multimedia_media_lite.git,2
MDEwOlJlcG9zaXRvcnk0MDAwNzY1MjU=,2021-08-26T07:15:21Z,2026-05-06T21:22:27Z,2026-05-03T21:21:29Z,331,True,multimedia_camera_lite,openharmony/multimedia_camera_lite,git@github.com:openharmony/multimedia_camera_lite.git,0
MDEwOlJlcG9zaXRvcnk0MDAwNzY1MDc=,2021-08-26T07:15:16Z,2026-05-06T21:22:17Z,2026-05-03T21:21:18Z,228,True,multimedia_audio_lite,openharmony/multimedia_audio_lite,git@github.com:openharmony/multimedia_audio_lite.git,1
MDEwOlJlcG9zaXRvcnk0MDAwNzU4MjM=,2021-08-26T07:12:50Z,2026-05-06T21:18:05Z,2026-03-29T03:10:56Z,925,True,applications_sample_camera,openharmony/applications_sample_camera,git@github.com:openharmony/applications_sample_camera.git,0
MDEwOlJlcG9zaXRvcnk0MDAwMjk1MTE=,2021-08-26T03:34:00Z,2026-04-17T17:37:56Z,2026-04-17T17:37:52Z,1263,True,imm-20200930,alibabacloud-sdk-cpp/imm-20200930,git@github.com:alibabacloud-sdk-cpp/imm-20200930.git,0
MDEwOlJlcG9zaXRvcnkzOTk5NjUzNTk=,2021-08-25T21:49:59Z,2026-04-14T19:36:40Z,2026-04-14T19:36:36Z,269,True,hid-rp,IntergatedCircuits/hid-rp,git@github.com:IntergatedCircuits/hid-rp.git,15
MDEwOlJlcG9zaXRvcnkzOTk5MjI3NTg=,2021-08-25T18:39:30Z,2026-04-02T16:11:13Z,2026-04-02T16:10:28Z,37,False,udpgen,jgiovatto/udpgen,git@github.com:jgiovatto/udpgen.git,0
MDEwOlJlcG9zaXRvcnkzOTk4ODk2MzQ=,2021-08-25T16:39:18Z,2026-05-02T10:15:37Z,2026-05-01T15:36:17Z,150,False,HyperSerialESP32,awawa-dev/HyperSerialESP32,git@github.com:awawa-dev/HyperSerialESP32.git,116
MDEwOlJlcG9zaXRvcnkzOTk4NTA0NjY=,2021-08-25T14:33:40Z,2026-04-14T15:46:16Z,2026-04-14T15:46:11Z,191,False,reluka,spreto/reluka,git@github.com:spreto/reluka.git,2
MDEwOlJlcG9zaXRvcnkzOTk3MDg0MTk=,2021-08-25T06:06:04Z,2026-03-11T14:17:19Z,2026-03-11T14:17:04Z,109437,False,D3D12Engine,seokwoongchoi/D3D12Engine,git@github.com:seokwoongchoi/D3D12Engine.git,2
MDEwOlJlcG9zaXRvcnkzOTk2MDk2MDY=,2021-08-24T21:30:31Z,2026-05-07T08:41:00Z,2026-05-07T08:40:56Z,15836,False,worker,cloxkzii/worker,git@github.com:cloxkzii/worker.git,2
MDEwOlJlcG9zaXRvcnkzOTk2MDA5MTk=,2021-08-24T20:48:26Z,2026-04-08T19:49:23Z,2026-04-08T19:49:19Z,3447,False,DSA,Shubhobroto/DSA,git@github.com:Shubhobroto/DSA.git,0
MDEwOlJlcG9zaXRvcnkzOTk1OTYxMDk=,2021-08-24T20:26:41Z,2026-03-25T13:21:49Z,2026-03-25T13:22:07Z,2515,True,peakAnalyser,paulscherrerinstitute/peakAnalyser,git@github.com:paulscherrerinstitute/peakAnalyser.git,1
MDEwOlJlcG9zaXRvcnkzOTk1OTA5NzQ=,2021-08-24T20:04:43Z,2026-05-06T15:52:46Z,2026-04-14T06:11:45Z,3564,True,obs-streamup,StreamUPTips/obs-streamup,git@github.com:StreamUPTips/obs-streamup.git,58
MDEwOlJlcG9zaXRvcnkzOTk1ODg1MDQ=,2021-08-24T19:54:43Z,2026-03-05T17:26:50Z,2026-03-05T17:26:44Z,91512,False,3d_map_builder,nickcharron/3d_map_builder,git@github.com:nickcharron/3d_map_builder.git,20
MDEwOlJlcG9zaXRvcnkzOTk1MjU4MDM=,2021-08-24T15:59:13Z,2026-05-01T20:02:32Z,2026-04-24T06:21:17Z,181024,True,games-samples,android/games-samples,git@github.com:android/games-samples.git,288
MDEwOlJlcG9zaXRvcnkzOTk1MjUwNzg=,2021-08-24T15:56:42Z,2026-03-28T18:39:51Z,2026-03-28T18:39:48Z,1534,False,423423423r23r2rr23r,34814314234242/423423423r23r2rr23r,git@github.com:34814314234242/423423423r23r2rr23r.git,0
MDEwOlJlcG9zaXRvcnkzOTk1MDQ2Mzk=,2021-08-24T14:52:26Z,2026-04-03T07:52:21Z,2026-04-09T10:35:57Z,341,False,huse,iboB/huse,git@github.com:iboB/huse.git,7
MDEwOlJlcG9zaXRvcnkzOTk0OTM0MDU=,2021-08-24T14:21:40Z,2026-04-20T10:28:01Z,2026-04-20T10:27:58Z,85,False,node-napi-cryptopp,skitsanos/node-napi-cryptopp,git@github.com:skitsanos/node-napi-cryptopp.git,1
MDEwOlJlcG9zaXRvcnkzOTk0NTY1MTc=,2021-08-24T12:27:33Z,2026-04-18T15:02:17Z,2026-04-18T15:02:09Z,1673,False,algolithms,luckyhyom/algolithms,git@github.com:luckyhyom/algolithms.git,0
MDEwOlJlcG9zaXRvcnkzOTkzNjk4NDQ=,2021-08-24T07:10:56Z,2026-04-15T12:20:36Z,2026-04-15T12:20:32Z,4103,False,STLserver,predatorbigbear/STLserver,git@github.com:predatorbigbear/STLserver.git,1
MDEwOlJlcG9zaXRvcnkzOTkzMjc2MDU=,2021-08-24T03:52:23Z,2026-05-07T07:32:08Z,2026-04-27T09:38:52Z,231341,False,CPP,ShiqiYu/CPP,git@github.com:ShiqiYu/CPP.git,2766
MDEwOlJlcG9zaXRvcnkzOTkzMTYzMDM=,2021-08-24T02:58:01Z,2026-03-16T17:38:04Z,2026-03-16T17:37:57Z,513,True,computenest-20210601,alibabacloud-sdk-cpp/computenest-20210601,git@github.com:alibabacloud-sdk-cpp/computenest-20210601.git,0
MDEwOlJlcG9zaXRvcnkzOTkzMTE3NDg=,2021-08-24T02:36:07Z,2026-05-07T09:52:14Z,2026-05-06T06:22:04Z,137317,True,modio-ue,modio/modio-ue,git@github.com:modio/modio-ue.git,135
MDEwOlJlcG9zaXRvcnkzOTkyNjE3NDE=,2021-08-23T22:15:11Z,2026-04-14T17:29:00Z,2026-04-14T17:30:15Z,679,False,flexi_config_reader,miker2/flexi_config_reader,git@github.com:miker2/flexi_config_reader.git,4
MDEwOlJlcG9zaXRvcnkzOTkyMzk0Mzc=,2021-08-23T20:28:32Z,2026-05-07T06:08:03Z,2026-05-07T06:07:58Z,17668,False,tensorForth,chochain/tensorForth,git@github.com:chochain/tensorForth.git,56
MDEwOlJlcG9zaXRvcnkzOTkxODA3Mzg=,2021-08-23T16:50:31Z,2026-04-30T09:01:31Z,2026-04-30T09:01:25Z,816,True,orca-jedi,MetOffice/orca-jedi,git@github.com:MetOffice/orca-jedi.git,3
MDEwOlJlcG9zaXRvcnkzOTkxNjA2MDc=,2021-08-23T15:46:26Z,2026-03-18T07:44:02Z,2026-03-07T00:00:32Z,38867,True,quant1x,quant1x/quant1x,git@github.com:quant1x/quant1x.git,9
MDEwOlJlcG9zaXRvcnkzOTkxNTg5NDI=,2021-08-23T15:41:05Z,2026-04-05T14:39:42Z,2026-03-16T22:16:11Z,701,True,copc-lib,RockRobotic/copc-lib,git@github.com:RockRobotic/copc-lib.git,60
MDEwOlJlcG9zaXRvcnkzOTkxNTEyNzg=,2021-08-23T15:16:18Z,2026-04-25T16:09:31Z,2026-04-25T16:09:27Z,8503,False,kyopro,Chipppppppppp/kyopro,git@github.com:Chipppppppppp/kyopro.git,4
MDEwOlJlcG9zaXRvcnkzOTkxMzMzNTU=,2021-08-23T14:23:11Z,2026-04-17T01:39:42Z,2026-04-17T01:39:38Z,81,False,Stokes_Eqn_oscillatory_viscosity,Ceteris90/Stokes_Eqn_oscillatory_viscosity,git@github.com:Ceteris90/Stokes_Eqn_oscillatory_viscosity.git,0
MDEwOlJlcG9zaXRvcnkzOTkxMDc0OTI=,2021-08-23T13:08:52Z,2026-04-01T03:36:45Z,2026-04-01T03:36:42Z,1313,False,Chess-Li,chrisli36/Chess-Li,git@github.com:chrisli36/Chess-Li.git,1
MDEwOlJlcG9zaXRvcnkzOTkwODU5Njg=,2021-08-23T11:57:16Z,2026-03-01T13:15:17Z,2026-03-01T13:15:21Z,26,False,node-napi-cpp,skitsanos/node-napi-cpp,git@github.com:skitsanos/node-napi-cpp.git,2
MDEwOlJlcG9zaXRvcnkzOTkwNjgxMDQ=,2021-08-23T10:54:50Z,2026-04-28T19:46:42Z,2026-05-04T17:02:32Z,20468,True,OpenAssetIO,OpenAssetIO/OpenAssetIO,git@github.com:OpenAssetIO/OpenAssetIO.git,335
MDEwOlJlcG9zaXRvcnkzOTkwMjg5Mjk=,2021-08-23T08:30:29Z,2026-04-29T09:08:33Z,2026-04-27T12:08:41Z,137283,True,happynwindows,happynclient/happynwindows,git@github.com:happynclient/happynwindows.git,205
MDEwOlJlcG9zaXRvcnkzOTg5NjM5MTU=,2021-08-23T03:38:55Z,2026-04-26T04:45:57Z,2026-04-24T01:25:57Z,2395,False,VapourSynth-Editor,YomikoR/VapourSynth-Editor,git@github.com:YomikoR/VapourSynth-Editor.git,175
MDEwOlJlcG9zaXRvcnkzOTg5MDA3OTI=,2021-08-22T21:02:40Z,2026-04-17T02:23:09Z,2026-03-29T20:14:29Z,1209,True,QD,BL-highprecision/QD,git@github.com:BL-highprecision/QD.git,20
MDEwOlJlcG9zaXRvcnkzOTg4NjM0MDM=,2021-08-22T17:50:03Z,2026-05-07T04:09:06Z,2026-05-04T19:58:51Z,95132,False,FluidNC,bdring/FluidNC,git@github.com:bdring/FluidNC.git,2382
MDEwOlJlcG9zaXRvcnkzOTg4NjI2ODU=,2021-08-22T17:46:27Z,2026-03-03T15:33:22Z,2026-03-03T15:31:24Z,53,False,tylib,Justme0/tylib,git@github.com:Justme0/tylib.git,0
MDEwOlJlcG9zaXRvcnkzOTg3NzA3MDk=,2021-08-22T10:21:35Z,2026-05-07T09:40:37Z,2026-05-07T09:40:32Z,326574,False,p2pool,SChernykh/p2pool,git@github.com:SChernykh/p2pool.git,1440
MDEwOlJlcG9zaXRvcnkzOTg3NjMxMTk=,2021-08-22T09:39:34Z,2026-03-16T08:43:57Z,2026-03-16T08:43:54Z,176,False,lcodec,xiyoo0812/lcodec,git@github.com:xiyoo0812/lcodec.git,6
MDEwOlJlcG9zaXRvcnkzOTg3NTQzNzU=,2021-08-22T08:50:20Z,2026-03-15T07:36:41Z,2026-03-15T07:36:36Z,7241,False,cppLearning,JinBo-940416/cppLearning,git@github.com:JinBo-940416/cppLearning.git,0
MDEwOlJlcG9zaXRvcnkzOTg3MDU1NDE=,2021-08-22T03:30:45Z,2026-03-19T13:54:41Z,2026-03-19T13:54:37Z,22,False,bux-sqlite,buck-yeh/bux-sqlite,git@github.com:buck-yeh/bux-sqlite.git,1
MDEwOlJlcG9zaXRvcnkzOTg3MDE4MjU=,2021-08-22T03:03:42Z,2026-04-05T18:15:25Z,2026-04-05T18:15:20Z,1575,False,scadup,tsymiar/scadup,git@github.com:tsymiar/scadup.git,0
MDEwOlJlcG9zaXRvcnkzOTg2OTAxMjQ=,2021-08-22T01:35:00Z,2026-05-01T22:47:54Z,2026-05-01T22:47:50Z,252,False,Iconoclast,cyn1x/Iconoclast,git@github.com:cyn1x/Iconoclast.git,0
MDEwOlJlcG9zaXRvcnkzOTg2ODc4NDU=,2021-08-22T01:16:53Z,2026-04-08T14:07:50Z,2026-04-08T14:07:46Z,38,False,AutoInputSwitch,Exit-9B/AutoInputSwitch,git@github.com:Exit-9B/AutoInputSwitch.git,5
MDEwOlJlcG9zaXRvcnkzOTg2Nzk3MTY=,2021-08-22T00:08:57Z,2026-05-07T09:41:54Z,2026-05-02T22:08:12Z,17799,True,gta-reversed,gta-reversed/gta-reversed,git@github.com:gta-reversed/gta-reversed.git,552
MDEwOlJlcG9zaXRvcnkzOTg2MzIwMjI=,2021-08-21T18:37:43Z,2026-04-12T05:16:13Z,2026-03-18T17:32:21Z,8472,True,loda-cpp,loda-lang/loda-cpp,git@github.com:loda-lang/loda-cpp.git,29
MDEwOlJlcG9zaXRvcnkzOTg2MjM2MTg=,2021-08-21T17:53:28Z,2026-04-21T23:26:55Z,2026-04-21T23:26:51Z,206,False,StyleScanner,danielrcollins1/StyleScanner,git@github.com:danielrcollins1/StyleScanner.git,0
MDEwOlJlcG9zaXRvcnkzOTg2MDQzNDY=,2021-08-21T16:21:53Z,2026-04-27T19:15:53Z,2026-04-27T19:15:49Z,188,False,panima,Silverlan/panima,git@github.com:Silverlan/panima.git,1
MDEwOlJlcG9zaXRvcnkzOTg1Nzc5NDQ=,2021-08-21T14:25:51Z,2026-04-09T05:13:25Z,2026-03-07T20:08:13Z,1816,False,osmium,cragson/osmium,git@github.com:cragson/osmium.git,82
MDEwOlJlcG9zaXRvcnkzOTg1NDg5MDk=,2021-08-21T12:11:27Z,2026-04-28T12:27:14Z,2026-04-25T11:00:13Z,171,False,b64decode,ArturKos/b64decode,git@github.com:ArturKos/b64decode.git,0
MDEwOlJlcG9zaXRvcnkzOTg1MTkwNzg=,2021-08-21T09:36:26Z,2026-03-11T12:42:07Z,2026-03-11T12:42:03Z,14253,False,SLAM_with_OSM_priors,veronica-gobbi/SLAM_with_OSM_priors,git@github.com:veronica-gobbi/SLAM_with_OSM_priors.git,6
MDEwOlJlcG9zaXRvcnkzOTg0MjE3NDI=,2021-08-20T23:23:30Z,2026-04-17T19:29:07Z,2026-04-17T19:29:03Z,61,False,FuzzOfDoom,biocommando/FuzzOfDoom,git@github.com:biocommando/FuzzOfDoom.git,0
MDEwOlJlcG9zaXRvcnkzOTg0MTE0NTI=,2021-08-20T22:13:14Z,2026-03-31T23:59:53Z,2026-03-31T23:59:47Z,94,False,codewars,jcastro0x/codewars,git@github.com:jcastro0x/codewars.git,0
MDEwOlJlcG9zaXRvcnkzOTgzOTg0MTU=,2021-08-20T20:56:36Z,2026-04-24T18:51:53Z,2026-04-24T18:51:49Z,1009,False,Lotto,ArturKos/Lotto,git@github.com:ArturKos/Lotto.git,0
MDEwOlJlcG9zaXRvcnkzOTgzOTYyNjg=,2021-08-20T20:45:03Z,2026-04-28T12:27:16Z,2026-04-26T04:50:42Z,23,False,Thumbgen,ArturKos/Thumbgen,git@github.com:ArturKos/Thumbgen.git,0
MDEwOlJlcG9zaXRvcnkzOTgzOTQ2ODk=,2021-08-20T20:36:27Z,2026-03-28T14:49:47Z,2026-03-28T14:49:43Z,87,False,BigNumber,ArturKos/BigNumber,git@github.com:ArturKos/BigNumber.git,0
MDEwOlJlcG9zaXRvcnkzOTgzMDUwODA=,2021-08-20T14:35:18Z,2026-05-03T16:52:07Z,2026-05-03T16:52:02Z,2225,False,PV-discharge-Dimmer-AC-Dimmer-KIT-Robotdyn,xlyric/PV-discharge-Dimmer-AC-Dimmer-KIT-Robotdyn,git@github.com:xlyric/PV-discharge-Dimmer-AC-Dimmer-KIT-Robotdyn.git,23
MDEwOlJlcG9zaXRvcnkzOTgyNjk0NTA=,2021-08-20T12:29:59Z,2026-05-05T17:07:08Z,2026-04-23T08:15:43Z,9438,True,gipOpenNN,GlistPlugins/gipOpenNN,git@github.com:GlistPlugins/gipOpenNN.git,25
MDEwOlJlcG9zaXRvcnkzOTgyNjE1MDQ=,2021-08-20T11:59:51Z,2026-04-12T09:37:32Z,2026-04-12T09:37:24Z,19997,False,Motor,motor-dev/Motor,git@github.com:motor-dev/Motor.git,2
MDEwOlJlcG9zaXRvcnkzOTgyNTA5NjE=,2021-08-20T11:16:58Z,2026-03-06T20:28:50Z,2026-03-06T20:28:47Z,528,False,solitty,flyingpeakock/solitty,git@github.com:flyingpeakock/solitty.git,3
MDEwOlJlcG9zaXRvcnkzOTgyNDMzODU=,2021-08-20T10:45:23Z,2026-04-08T09:08:09Z,2026-04-13T11:35:33Z,8563,True,alise,avm-energo/alise,git@github.com:avm-energo/alise.git,0
MDEwOlJlcG9zaXRvcnkzOTgyMjg2NjQ=,2021-08-20T09:47:02Z,2026-05-04T11:56:11Z,2026-05-02T05:07:21Z,550826,True,Framework,MafiaHub/Framework,git@github.com:MafiaHub/Framework.git,58
MDEwOlJlcG9zaXRvcnkzOTgyMDM5MzA=,2021-08-20T08:12:13Z,2026-04-19T15:13:17Z,2026-04-19T15:13:10Z,77895,False,Java-Javascript-C-etc-Codesnippets-,shubhampathak09/Java-Javascript-C-etc-Codesnippets-,git@github.com:shubhampathak09/Java-Javascript-C-etc-Codesnippets-.git,2
MDEwOlJlcG9zaXRvcnkzOTgxODYwMzQ=,2021-08-20T07:01:37Z,2026-05-07T08:19:35Z,2026-05-07T08:21:10Z,399,True,M5Unit-DDS,m5stack/M5Unit-DDS,git@github.com:m5stack/M5Unit-DDS.git,1
MDEwOlJlcG9zaXRvcnkzOTgxNzA1Mzg=,2021-08-20T05:55:22Z,2026-04-29T03:39:01Z,2026-04-29T03:44:17Z,695,True,AzureCppUtils,SiddiqSoft/AzureCppUtils,git@github.com:SiddiqSoft/AzureCppUtils.git,0
MDEwOlJlcG9zaXRvcnkzOTgxNTU4NDg=,2021-08-20T04:35:29Z,2026-05-02T03:48:05Z,2026-05-02T03:53:56Z,45963,False,aflat,DeForestt/aflat,git@github.com:DeForestt/aflat.git,12
MDEwOlJlcG9zaXRvcnkzOTgwNzUyMzA=,2021-08-19T21:10:02Z,2026-03-31T21:43:30Z,2026-03-31T21:43:25Z,78,True,palmos-utilities,cloudpilot-emu/palmos-utilities,git@github.com:cloudpilot-emu/palmos-utilities.git,0
MDEwOlJlcG9zaXRvcnkzOTgwNzM3ODI=,2021-08-19T21:03:14Z,2026-04-24T16:54:26Z,2026-04-24T16:54:20Z,6,False,NFCReader,timhawes/NFCReader,git@github.com:timhawes/NFCReader.git,0
MDEwOlJlcG9zaXRvcnkzOTgwNzIyNTU=,2021-08-19T20:56:16Z,2026-03-04T14:46:42Z,2026-03-04T14:45:35Z,236,False,klogserver,ea4k/klogserver,git@github.com:ea4k/klogserver.git,2
MDEwOlJlcG9zaXRvcnkzOTgwNDk5NTQ=,2021-08-19T19:13:03Z,2026-05-05T07:49:01Z,2026-03-06T21:50:49Z,59,False,ArduPID,PowerBroker2/ArduPID,git@github.com:PowerBroker2/ArduPID.git,118
MDEwOlJlcG9zaXRvcnkzOTgwNDIyNDk=,2021-08-19T18:42:26Z,2026-04-25T16:06:19Z,2026-04-25T16:06:15Z,361,False,flutter2-basico-todo-bloc-08,libredesarrollo/flutter2-basico-todo-bloc-08,git@github.com:libredesarrollo/flutter2-basico-todo-bloc-08.git,1
MDEwOlJlcG9zaXRvcnkzOTc5MjI2OTE=,2021-08-19T11:40:33Z,2026-04-24T16:56:11Z,2026-04-24T17:07:17Z,129,False,doorman-firmware,timhawes/doorman-firmware,git@github.com:timhawes/doorman-firmware.git,1
MDEwOlJlcG9zaXRvcnkzOTc5MTcwNTE=,2021-08-19T11:18:40Z,2026-04-24T17:09:31Z,2026-04-24T17:10:26Z,201,False,toolman-firmware,timhawes/toolman-firmware,git@github.com:timhawes/toolman-firmware.git,0
MDEwOlJlcG9zaXRvcnkzOTc4ODg3OTA=,2021-08-19T09:31:37Z,2026-04-29T15:51:58Z,2026-04-29T15:51:54Z,12436,True,hector_math,tu-darmstadt-ros-pkg/hector_math,git@github.com:tu-darmstadt-ros-pkg/hector_math.git,1
MDEwOlJlcG9zaXRvcnkzOTc4MDYzMTk=,2021-08-19T03:38:18Z,2026-03-24T17:17:35Z,2026-03-24T17:17:29Z,15245,False,Course_of_Learning,mzqmountainn/Course_of_Learning,git@github.com:mzqmountainn/Course_of_Learning.git,2
MDEwOlJlcG9zaXRvcnkzOTc3NTk1ODQ=,2021-08-18T23:25:52Z,2026-04-06T15:53:20Z,2026-04-27T19:37:20Z,73894,True,IA2-Phase2,immunant/IA2-Phase2,git@github.com:immunant/IA2-Phase2.git,8
MDEwOlJlcG9zaXRvcnkzOTc3MjI3Njg=,2021-08-18T20:07:35Z,2026-05-02T14:51:30Z,2026-05-02T14:51:25Z,925,False,flutter2-animaciones-07,libredesarrollo/flutter2-animaciones-07,git@github.com:libredesarrollo/flutter2-animaciones-07.git,1
MDEwOlJlcG9zaXRvcnkzOTc2OTc3ODM=,2021-08-18T18:23:01Z,2026-05-05T02:22:02Z,2026-05-05T02:21:59Z,91334,False,Data_aq,cpp-baja-sae/Data_aq,git@github.com:cpp-baja-sae/Data_aq.git,1
MDEwOlJlcG9zaXRvcnkzOTc2NjMzMzM=,2021-08-18T16:13:24Z,2026-04-20T19:16:32Z,2026-04-20T19:16:21Z,438,False,wikifolio_universe_converter,jakoch/wikifolio_universe_converter,git@github.com:jakoch/wikifolio_universe_converter.git,0
MDEwOlJlcG9zaXRvcnkzOTc2NDEwODY=,2021-08-18T15:01:30Z,2026-04-25T06:51:04Z,2026-04-25T06:53:24Z,5825,True,PlasmoSim,mrc-ide/PlasmoSim,git@github.com:mrc-ide/PlasmoSim.git,1
MDEwOlJlcG9zaXRvcnkzOTc2MzI4ODA=,2021-08-18T14:37:00Z,2026-05-05T16:02:09Z,2026-05-05T16:01:03Z,31139,False,jaffarPlus,SergioMartin86/jaffarPlus,git@github.com:SergioMartin86/jaffarPlus.git,22
MDEwOlJlcG9zaXRvcnkzOTc2MTM4MjQ=,2021-08-18T13:38:36Z,2026-04-02T21:10:51Z,2026-04-02T21:10:46Z,329,True,sspmodules,DUNE-DAQ/sspmodules,git@github.com:DUNE-DAQ/sspmodules.git,0
MDEwOlJlcG9zaXRvcnkzOTc1NTc5MjE=,2021-08-18T10:18:07Z,2026-03-09T03:46:17Z,2026-03-09T03:46:13Z,254,False,Daily-Schedule,RussellWA/Daily-Schedule,git@github.com:RussellWA/Daily-Schedule.git,0
MDEwOlJlcG9zaXRvcnkzOTc1MjgwNDI=,2021-08-18T08:29:45Z,2026-05-06T00:40:17Z,2026-05-06T00:40:14Z,19992,True,poppler,sailfishos-mirror/poppler,git@github.com:sailfishos-mirror/poppler.git,0
MDEwOlJlcG9zaXRvcnkzOTc0NzcyMjk=,2021-08-18T04:57:06Z,2026-05-04T00:44:24Z,2026-05-04T00:38:44Z,992,True,CosmosClient,SiddiqSoft/CosmosClient,git@github.com:SiddiqSoft/CosmosClient.git,0
MDEwOlJlcG9zaXRvcnkzOTczNzk4NTA=,2021-08-17T20:11:37Z,2026-04-24T06:09:35Z,2026-04-08T10:26:07Z,21218,True,ecos,Ecos-platform/ecos,git@github.com:Ecos-platform/ecos.git,20
MDEwOlJlcG9zaXRvcnkzOTczMjQxNzQ=,2021-08-17T16:32:56Z,2026-05-05T07:18:55Z,2026-05-07T09:02:56Z,141815,True,dakota,snl-dakota/dakota,git@github.com:snl-dakota/dakota.git,145
MDEwOlJlcG9zaXRvcnkzOTczMjEwNzA=,2021-08-17T16:21:41Z,2026-04-21T18:18:47Z,2026-04-21T18:18:42Z,12256,True,pecos,snl-dakota/pecos,git@github.com:snl-dakota/pecos.git,0
MDEwOlJlcG9zaXRvcnkzOTcyODQzMTk=,2021-08-17T14:20:14Z,2026-05-03T12:45:32Z,2026-03-04T21:01:10Z,167,False,SwitchWave,averne/SwitchWave,git@github.com:averne/SwitchWave.git,105
MDEwOlJlcG9zaXRvcnkzOTcyMjcwOTI=,2021-08-17T11:25:14Z,2026-04-20T15:40:15Z,2026-04-20T15:40:10Z,13258,False,SlicerBigImage,gaoyi/SlicerBigImage,git@github.com:gaoyi/SlicerBigImage.git,9
MDEwOlJlcG9zaXRvcnkzOTcxOTc1Nzk=,2021-08-17T09:49:39Z,2026-05-05T03:29:38Z,2026-05-05T03:29:35Z,111,False,cpp,ehalt/cpp,git@github.com:ehalt/cpp.git,1
MDEwOlJlcG9zaXRvcnkzOTcxOTcxNTQ=,2021-08-17T09:48:09Z,2026-04-10T07:49:11Z,2026-04-10T07:49:16Z,75585,True,xeus-lua,jupyter-xeus/xeus-lua,git@github.com:jupyter-xeus/xeus-lua.git,80
MDEwOlJlcG9zaXRvcnkzOTcxMjk4ODI=,2021-08-17T06:17:54Z,2026-03-15T02:23:40Z,2026-03-15T02:23:36Z,10683,False,Tesis,Danielromanv/Tesis,git@github.com:Danielromanv/Tesis.git,0
MDEwOlJlcG9zaXRvcnkzOTcwNzU4NzE=,2021-08-17T03:14:00Z,2026-04-27T13:04:08Z,2026-04-16T04:38:42Z,45769,False,NeutronDiffusion,bwhewe-13/NeutronDiffusion,git@github.com:bwhewe-13/NeutronDiffusion.git,2
MDEwOlJlcG9zaXRvcnkzOTY4ODEyNjc=,2021-08-16T16:39:47Z,2026-05-03T23:46:56Z,2026-05-03T23:46:49Z,26883,False,sensemaker,friskluft/sensemaker,git@github.com:friskluft/sensemaker.git,0
MDEwOlJlcG9zaXRvcnkzOTY4MzY3MTE=,2021-08-16T14:43:12Z,2026-04-04T12:36:31Z,2026-04-04T12:47:46Z,3661,False,ImageToMapMC,AgustinSRG/ImageToMapMC,git@github.com:AgustinSRG/ImageToMapMC.git,6
MDEwOlJlcG9zaXRvcnkzOTY3OTI5MjI=,2021-08-16T12:50:52Z,2026-04-29T01:34:11Z,2026-05-05T21:04:03Z,101184,False,Surge_Expired,ridhwandll/Surge_Expired,git@github.com:ridhwandll/Surge_Expired.git,3
MDEwOlJlcG9zaXRvcnkzOTY3NDMyNDk=,2021-08-16T10:32:44Z,2026-03-22T09:44:58Z,2026-03-22T09:44:54Z,524381,True,linuxtoolchain,BerlinUnited/linuxtoolchain,git@github.com:BerlinUnited/linuxtoolchain.git,0
MDEwOlJlcG9zaXRvcnkzOTY2OTY4NDU=,2021-08-16T08:29:23Z,2026-04-25T17:08:39Z,2026-04-25T17:08:36Z,170,False,Hackerank,VivekBhand/Hackerank,git@github.com:VivekBhand/Hackerank.git,0
MDEwOlJlcG9zaXRvcnkzOTY2NjcwMjI=,2021-08-16T07:08:32Z,2026-05-07T08:27:33Z,2026-05-07T08:27:57Z,5057,True,umappp,libscran/umappp,git@github.com:libscran/umappp.git,76
MDEwOlJlcG9zaXRvcnkzOTY2MzUzODI=,2021-08-16T05:33:07Z,2026-05-06T11:00:28Z,2026-05-06T11:00:24Z,572,False,rtgc,slowcoders/rtgc,git@github.com:slowcoders/rtgc.git,0
MDEwOlJlcG9zaXRvcnkzOTY1MjQ2NDQ=,2021-08-15T22:58:02Z,2026-04-07T16:16:09Z,2026-04-07T16:16:11Z,172,False,tetris,buhman/tetris,git@github.com:buhman/tetris.git,0
MDEwOlJlcG9zaXRvcnkzOTY1MjA3MjE=,2021-08-15T22:42:21Z,2026-03-04T21:59:37Z,2026-03-04T21:59:32Z,30730,False,ns2d,kurono/ns2d,git@github.com:kurono/ns2d.git,2
MDEwOlJlcG9zaXRvcnkzOTYzOTgzNTM=,2021-08-15T15:33:05Z,2026-05-06T22:44:34Z,2026-05-06T19:22:33Z,776172,False,pipedal,rerdavies/pipedal,git@github.com:rerdavies/pipedal.git,259
MDEwOlJlcG9zaXRvcnkzOTYzODU0NDY=,2021-08-15T14:52:38Z,2026-05-01T16:29:24Z,2026-04-28T21:14:10Z,146,False,IbInputSimulator,Chaoses-Ib/IbInputSimulator,git@github.com:Chaoses-Ib/IbInputSimulator.git,505
MDEwOlJlcG9zaXRvcnkzOTYzNDE2NTc=,2021-08-15T12:20:08Z,2026-05-02T13:18:38Z,2026-04-25T00:19:01Z,29075,True,sdk,AmplitudeAudio/sdk,git@github.com:AmplitudeAudio/sdk.git,75
MDEwOlJlcG9zaXRvcnkzOTYzMzYxMTI=,2021-08-15T11:58:56Z,2026-04-02T17:06:37Z,2026-05-01T18:14:22Z,2537,True,app,Poop-Journal/app,git@github.com:Poop-Journal/app.git,1
MDEwOlJlcG9zaXRvcnkzOTYyODc4OTA=,2021-08-15T09:01:42Z,2026-04-02T09:44:21Z,2026-04-02T09:44:16Z,2200,False,kindergarten,fiking/kindergarten,git@github.com:fiking/kindergarten.git,0
MDEwOlJlcG9zaXRvcnkzOTYyNzk1NDI=,2021-08-15T08:32:17Z,2026-04-30T08:19:19Z,2026-03-17T09:50:46Z,16105,False,python-exiv2,jim-easterbrook/python-exiv2,git@github.com:jim-easterbrook/python-exiv2.git,25
MDEwOlJlcG9zaXRvcnkzOTYyMzAzNjI=,2021-08-15T05:43:01Z,2026-05-02T01:49:15Z,2026-05-02T01:49:37Z,5471,False,optimus,mvukov/optimus,git@github.com:mvukov/optimus.git,6
MDEwOlJlcG9zaXRvcnkzOTYyMDQ5NTc=,2021-08-15T03:40:17Z,2026-04-04T07:50:49Z,2026-03-02T22:42:32Z,570,True,android_hardware_waydroid,waydroid/android_hardware_waydroid,git@github.com:waydroid/android_hardware_waydroid.git,37
MDEwOlJlcG9zaXRvcnkzOTYxNDU4NTc=,2021-08-14T22:21:28Z,2026-04-26T22:38:20Z,2026-04-26T22:38:15Z,159,False,SocketClient,gregtriant/SocketClient,git@github.com:gregtriant/SocketClient.git,1
MDEwOlJlcG9zaXRvcnkzOTYxMzE3MTA=,2021-08-14T21:11:37Z,2026-03-19T03:24:22Z,2026-03-19T03:25:14Z,1447,False,AIS_IoT_4G,gravitech-engineer/AIS_IoT_4G,git@github.com:gravitech-engineer/AIS_IoT_4G.git,25
MDEwOlJlcG9zaXRvcnkzOTYwODI2OTM=,2021-08-14T17:41:18Z,2026-03-01T14:51:44Z,2026-03-01T14:54:56Z,5103,False,gapp,KRM7/gapp,git@github.com:KRM7/gapp.git,41
MDEwOlJlcG9zaXRvcnkzOTYwNTQ4OTY=,2021-08-14T15:50:20Z,2026-03-23T10:46:00Z,2026-03-23T10:45:56Z,140,False,json,rajeshwarraja/json,git@github.com:rajeshwarraja/json.git,0
MDEwOlJlcG9zaXRvcnkzOTYwMTU5OTY=,2021-08-14T13:23:05Z,2026-03-07T14:59:51Z,2026-03-07T14:59:48Z,117,False,DSA-Algo,vatsalarya/DSA-Algo,git@github.com:vatsalarya/DSA-Algo.git,0
MDEwOlJlcG9zaXRvcnkzOTYwMDE3NjA=,2021-08-14T12:25:27Z,2026-04-18T18:55:32Z,2026-05-04T19:05:59Z,449,False,hogpp,sergiud/hogpp,git@github.com:sergiud/hogpp.git,12
MDEwOlJlcG9zaXRvcnkzOTU4MDgzODQ=,2021-08-13T21:58:51Z,2026-04-27T07:36:23Z,2026-04-27T07:36:18Z,3,False,linkedList,0riginalSin/linkedList,git@github.com:0riginalSin/linkedList.git,0
MDEwOlJlcG9zaXRvcnkzOTU3NjQ4MDQ=,2021-08-13T19:04:06Z,2026-04-16T00:53:37Z,2026-04-16T00:53:32Z,26,True,fpp-ArtNetAdv,FalconChristmas/fpp-ArtNetAdv,git@github.com:FalconChristmas/fpp-ArtNetAdv.git,1
MDEwOlJlcG9zaXRvcnkzOTU3NDg4MTI=,2021-08-13T18:06:34Z,2026-05-06T05:03:15Z,2026-04-24T21:49:16Z,3454,True,saucer,saucer/saucer,git@github.com:saucer/saucer.git,857
MDEwOlJlcG9zaXRvcnkzOTU3MjczNjM=,2021-08-13T16:51:38Z,2026-03-31T04:38:30Z,2026-03-31T04:38:25Z,71369,False,TrackMe_VTS,sakibchowdhury131/TrackMe_VTS,git@github.com:sakibchowdhury131/TrackMe_VTS.git,0
MDEwOlJlcG9zaXRvcnkzOTU3MDY0NTM=,2021-08-13T15:38:59Z,2026-03-26T18:10:31Z,2026-05-06T15:56:07Z,1548,True,golem,usi-verification-and-security/golem,git@github.com:usi-verification-and-security/golem.git,51
MDEwOlJlcG9zaXRvcnkzOTU3MDU4MzM=,2021-08-13T15:36:49Z,2026-04-30T15:00:53Z,2026-05-06T12:48:00Z,2620,True,mg_robot,MetroGlide/mg_robot,git@github.com:MetroGlide/mg_robot.git,4
MDEwOlJlcG9zaXRvcnkzOTU2OTA1NzE=,2021-08-13T14:48:18Z,2026-04-30T18:24:39Z,2026-04-15T16:02:35Z,482,True,microstrain_inertial_driver_common,LORD-MicroStrain/microstrain_inertial_driver_common,git@github.com:LORD-MicroStrain/microstrain_inertial_driver_common.git,6
MDEwOlJlcG9zaXRvcnkzOTU2NzIyNDk=,2021-08-13T13:51:29Z,2026-04-22T13:09:02Z,2026-04-22T13:08:58Z,2546,True,vk-utils,msu-graphics-group/vk-utils,git@github.com:msu-graphics-group/vk-utils.git,1
MDEwOlJlcG9zaXRvcnkzOTU2MTAwNjA=,2021-08-13T10:21:50Z,2026-05-01T11:02:27Z,2026-05-01T11:02:24Z,292,True,hector_rviz_overlay,tu-darmstadt-ros-pkg/hector_rviz_overlay,git@github.com:tu-darmstadt-ros-pkg/hector_rviz_overlay.git,17
MDEwOlJlcG9zaXRvcnkzOTU2MDk3MTI=,2021-08-13T10:20:35Z,2026-05-06T06:55:23Z,2026-04-23T09:00:24Z,507,True,ros_babel_fish,LOEWE-emergenCITY/ros_babel_fish,git@github.com:LOEWE-emergenCITY/ros_babel_fish.git,59
MDEwOlJlcG9zaXRvcnkzOTU2MDUyODM=,2021-08-13T10:05:07Z,2026-04-02T15:00:14Z,2026-04-02T15:35:29Z,66,True,gecko-camera,sailfishos/gecko-camera,git@github.com:sailfishos/gecko-camera.git,2
MDEwOlJlcG9zaXRvcnkzOTU1OTM3NjI=,2021-08-13T09:28:36Z,2026-03-31T01:40:41Z,2026-05-07T03:03:17Z,7650,True,firebolt-apis,rdkcentral/firebolt-apis,git@github.com:rdkcentral/firebolt-apis.git,17
MDEwOlJlcG9zaXRvcnkzOTU1NTExOTY=,2021-08-13T07:02:24Z,2026-03-30T19:50:57Z,2026-03-23T15:10:25Z,1907,False,TestRepo,jrouwe/TestRepo,git@github.com:jrouwe/TestRepo.git,1
MDEwOlJlcG9zaXRvcnkzOTU0NTU2Mjk=,2021-08-12T22:11:55Z,2026-04-29T20:18:52Z,2026-04-29T20:18:47Z,6800,False,canis,EricWRogers/canis,git@github.com:EricWRogers/canis.git,2
MDEwOlJlcG9zaXRvcnkzOTU0Mzg2MTA=,2021-08-12T20:39:42Z,2026-04-27T07:38:08Z,2026-04-27T07:38:03Z,10,False,touchgfxCustomKeyboardWidget,0riginalSin/touchgfxCustomKeyboardWidget,git@github.com:0riginalSin/touchgfxCustomKeyboardWidget.git,1
MDEwOlJlcG9zaXRvcnkzOTU0MjE4NTM=,2021-08-12T19:18:44Z,2026-04-27T11:31:20Z,2026-05-05T15:16:24Z,46006,True,coma,avm-energo/coma,git@github.com:avm-energo/coma.git,3
MDEwOlJlcG9zaXRvcnkzOTU0MTU1MDE=,2021-08-12T18:50:38Z,2026-04-30T09:43:37Z,2026-04-30T09:43:33Z,40,True,maxmind-geoip,halon-extras/maxmind-geoip,git@github.com:halon-extras/maxmind-geoip.git,0
MDEwOlJlcG9zaXRvcnkzOTU0MDM1NjQ=,2021-08-12T17:59:40Z,2026-05-05T03:07:10Z,2026-05-05T03:16:59Z,16942,False,textmiditools,tomejanzen/textmiditools,git@github.com:tomejanzen/textmiditools.git,0
MDEwOlJlcG9zaXRvcnkzOTU0MDEyNTQ=,2021-08-12T17:50:03Z,2026-04-19T04:12:29Z,2026-04-19T04:12:25Z,9363,False,vortrace,gusbeane/vortrace,git@github.com:gusbeane/vortrace.git,3
MDEwOlJlcG9zaXRvcnkzOTU0MDEwMTI=,2021-08-12T17:49:03Z,2026-04-02T14:29:56Z,2026-05-03T17:39:41Z,1604,False,snet,Voev/snet,git@github.com:Voev/snet.git,0
MDEwOlJlcG9zaXRvcnkzOTU0MDAzNjg=,2021-08-12T17:46:21Z,2026-03-04T17:46:42Z,2026-03-04T17:47:02Z,83,False,AGS02MA,RobTillaart/AGS02MA,git@github.com:RobTillaart/AGS02MA.git,16
MDEwOlJlcG9zaXRvcnkzOTUzNTUwODg=,2021-08-12T14:58:08Z,2026-04-30T09:41:54Z,2026-05-01T22:09:15Z,109,False,HyperSPI,awawa-dev/HyperSPI,git@github.com:awawa-dev/HyperSPI.git,89
MDEwOlJlcG9zaXRvcnkzOTUzNDEzODM=,2021-08-12T14:12:24Z,2026-05-07T08:49:08Z,2026-05-06T20:03:15Z,31061,False,JoltPhysics,jrouwe/JoltPhysics,git@github.com:jrouwe/JoltPhysics.git,10291
MDEwOlJlcG9zaXRvcnkzOTUzMDc3MDM=,2021-08-12T12:15:31Z,2026-04-14T16:17:22Z,2026-04-27T12:58:44Z,8251,False,sim-11,friesga/sim-11,git@github.com:friesga/sim-11.git,2
MDEwOlJlcG9zaXRvcnkzOTUyODIwNTU=,2021-08-12T10:34:08Z,2026-05-05T09:34:19Z,2026-05-07T10:24:10Z,68029,True,memilio,SciCompMod/memilio,git@github.com:SciCompMod/memilio.git,67
MDEwOlJlcG9zaXRvcnkzOTUyNzE1NTg=,2021-08-12T09:53:09Z,2026-05-06T19:08:17Z,2026-05-06T19:08:12Z,31,False,SocketExample,BerkerBoyaci/SocketExample,git@github.com:BerkerBoyaci/SocketExample.git,0
MDEwOlJlcG9zaXRvcnkzOTUyMzkwMzQ=,2021-08-12T07:51:09Z,2026-04-12T15:15:58Z,2026-04-12T15:15:56Z,359,False,PBRTv3,hdgbdn/PBRTv3,git@github.com:hdgbdn/PBRTv3.git,0
MDEwOlJlcG9zaXRvcnkzOTUxNjk3MjY=,2021-08-12T02:19:30Z,2026-05-06T23:46:08Z,2026-03-26T22:05:02Z,147,False,Arriba,CompSciOrBust/Arriba,git@github.com:CompSciOrBust/Arriba.git,15
MDEwOlJlcG9zaXRvcnkzOTUxMjg2MDQ=,2021-08-11T22:14:48Z,2026-03-28T16:00:24Z,2026-03-28T16:00:55Z,245,False,SuitableStruct,ihor-drachuk/SuitableStruct,git@github.com:ihor-drachuk/SuitableStruct.git,1
MDEwOlJlcG9zaXRvcnkzOTUxMTkxNDc=,2021-08-11T21:19:58Z,2026-04-14T12:12:15Z,2026-04-29T09:01:44Z,1313,True,bugsnag-unreal,bugsnag/bugsnag-unreal,git@github.com:bugsnag/bugsnag-unreal.git,8
MDEwOlJlcG9zaXRvcnkzOTUxMTExNjI=,2021-08-11T20:38:33Z,2026-04-30T07:09:34Z,2026-04-14T02:52:41Z,4114,True,private-membership,google/private-membership,git@github.com:google/private-membership.git,60
MDEwOlJlcG9zaXRvcnkzOTUwOTcyMDU=,2021-08-11T19:32:02Z,2026-04-30T16:14:15Z,2026-04-30T16:14:06Z,240,False,libdicey,perim/libdicey,git@github.com:perim/libdicey.git,5
MDEwOlJlcG9zaXRvcnkzOTUwOTA5Mzc=,2021-08-11T19:04:06Z,2026-05-06T19:49:51Z,2026-04-28T16:43:30Z,75017,True,Desktop-App,Windscribe/Desktop-App,git@github.com:Windscribe/Desktop-App.git,942
MDEwOlJlcG9zaXRvcnkzOTUwOTA1OTQ=,2021-08-11T19:02:39Z,2026-03-04T12:37:23Z,2026-03-04T12:37:18Z,4847,True,libblobstamper,postgrespro/libblobstamper,git@github.com:postgrespro/libblobstamper.git,18
MDEwOlJlcG9zaXRvcnkzOTUwNjEzODY=,2021-08-11T17:03:33Z,2026-05-06T07:30:53Z,2026-04-28T13:36:02Z,1815,True,rm_controllers,rm-controls/rm_controllers,git@github.com:rm-controls/rm_controllers.git,134
MDEwOlJlcG9zaXRvcnkzOTUwNDUyNTE=,2021-08-11T16:02:08Z,2026-03-23T19:17:51Z,2026-03-23T19:30:19Z,14687,True,cyrsoxs,usnistgov/cyrsoxs,git@github.com:usnistgov/cyrsoxs.git,14
MDEwOlJlcG9zaXRvcnkzOTUwMzA1MDA=,2021-08-11T15:10:50Z,2026-05-06T16:07:02Z,2026-05-06T16:05:30Z,139,False,C_plus_plus_Codes,kjeter/C_plus_plus_Codes,git@github.com:kjeter/C_plus_plus_Codes.git,0
MDEwOlJlcG9zaXRvcnkzOTQ5OTA1MzM=,2021-08-11T13:02:06Z,2026-05-05T15:50:25Z,2026-05-05T14:24:48Z,9524,True,ZenDNN,amd/ZenDNN,git@github.com:amd/ZenDNN.git,144
MDEwOlJlcG9zaXRvcnkzOTQ5ODIxMTc=,2021-08-11T12:31:53Z,2026-03-14T19:50:10Z,2026-03-14T19:50:07Z,36376,False,Flasher,chauzov1995/Flasher,git@github.com:chauzov1995/Flasher.git,0
MDEwOlJlcG9zaXRvcnkzOTQ5Njc3NDU=,2021-08-11T11:37:13Z,2026-04-23T12:32:17Z,2026-03-11T06:59:03Z,942,False,MideaUART,dudanov/MideaUART,git@github.com:dudanov/MideaUART.git,99
MDEwOlJlcG9zaXRvcnkzOTQ5NjUwMDA=,2021-08-11T11:25:54Z,2026-05-06T12:02:47Z,2026-05-06T12:02:45Z,45,False,IFEM-HM,akva2/IFEM-HM,git@github.com:akva2/IFEM-HM.git,0
MDEwOlJlcG9zaXRvcnkzOTQ5NTgzMDE=,2021-08-11T11:00:13Z,2026-04-01T12:52:23Z,2026-04-01T12:52:18Z,6688,False,DEngine,Nealsbo/DEngine,git@github.com:Nealsbo/DEngine.git,0
MDEwOlJlcG9zaXRvcnkzOTQ5MzExNjI=,2021-08-11T09:15:29Z,2026-04-23T13:01:17Z,2026-04-23T13:01:14Z,42992,True,UGrid,Deltares/UGrid,git@github.com:Deltares/UGrid.git,4
MDEwOlJlcG9zaXRvcnkzOTQ5MjI2ODU=,2021-08-11T08:44:07Z,2026-03-04T15:05:45Z,2026-03-04T15:01:45Z,377,False,Algorithm,congsoony/Algorithm,git@github.com:congsoony/Algorithm.git,0
MDEwOlJlcG9zaXRvcnkzOTQ5MDIwNTk=,2021-08-11T07:29:06Z,2026-05-04T20:14:36Z,2026-05-04T20:14:30Z,1695,True,aviso-fes,CNES/aviso-fes,git@github.com:CNES/aviso-fes.git,121
MDEwOlJlcG9zaXRvcnkzOTQ4OTM1OTg=,2021-08-11T06:59:49Z,2026-03-21T17:04:26Z,2026-03-21T17:04:23Z,482,False,blblstd,Billyblbl/blblstd,git@github.com:Billyblbl/blblstd.git,0
MDEwOlJlcG9zaXRvcnkzOTQ4OTI2ODY=,2021-08-11T06:56:06Z,2026-04-12T14:50:29Z,2026-03-15T10:37:52Z,48,False,CST816S,fbiego/CST816S,git@github.com:fbiego/CST816S.git,76
MDEwOlJlcG9zaXRvcnkzOTQ4NzMzNzQ=,2021-08-11T05:30:12Z,2026-05-07T08:15:30Z,2026-05-07T08:15:26Z,143,False,progpath,brlcad/progpath,git@github.com:brlcad/progpath.git,0
MDEwOlJlcG9zaXRvcnkzOTQ3NjIwMzA=,2021-08-10T19:34:43Z,2026-05-06T22:06:56Z,2026-05-06T22:06:52Z,3596,False,M16,algomusic/M16,git@github.com:algomusic/M16.git,30
MDEwOlJlcG9zaXRvcnkzOTQ2NzU2Nzk=,2021-08-10T14:02:02Z,2026-04-20T11:38:13Z,2026-04-20T11:38:08Z,30272,False,Onvif,Goleusov/Onvif,git@github.com:Goleusov/Onvif.git,0
MDEwOlJlcG9zaXRvcnkzOTQ2NzU1NzQ=,2021-08-10T14:01:45Z,2026-05-03T14:44:22Z,2026-05-03T14:44:17Z,763,False,mregex,iulian-rusu/mregex,git@github.com:iulian-rusu/mregex.git,15
MDEwOlJlcG9zaXRvcnkzOTQ2NjU1MzI=,2021-08-10T13:31:04Z,2026-03-22T04:22:35Z,2026-03-22T04:22:31Z,14499,False,yoonvision,maroomir/yoonvision,git@github.com:maroomir/yoonvision.git,0
MDEwOlJlcG9zaXRvcnkzOTQ2NTYyMTc=,2021-08-10T13:03:48Z,2026-04-27T10:43:20Z,2026-04-27T10:43:17Z,43,False,smartcaravan,mkrasselt1/smartcaravan,git@github.com:mkrasselt1/smartcaravan.git,0
MDEwOlJlcG9zaXRvcnkzOTQ1OTQ1MTU=,2021-08-10T09:22:27Z,2026-04-27T18:49:35Z,2026-04-27T18:49:32Z,2079,True,gpdb-20160503,alibabacloud-sdk-cpp/gpdb-20160503,git@github.com:alibabacloud-sdk-cpp/gpdb-20160503.git,0
MDEwOlJlcG9zaXRvcnkzOTQ1NDMwMjk=,2021-08-10T06:04:37Z,2026-05-07T09:04:48Z,2026-05-01T08:15:38Z,47705,True,rm_control,rm-controls/rm_control,git@github.com:rm-controls/rm_control.git,290
MDEwOlJlcG9zaXRvcnkzOTQ1MzU0MTk=,2021-08-10T05:27:15Z,2026-03-28T04:43:23Z,2026-03-28T04:43:20Z,3819,False,7Driver,Broosky/7Driver,git@github.com:Broosky/7Driver.git,2
MDEwOlJlcG9zaXRvcnkzOTQ1MTkzMTQ=,2021-08-10T04:02:16Z,2026-04-23T17:41:51Z,2026-04-23T17:41:47Z,3417,True,ice-20201109,alibabacloud-sdk-cpp/ice-20201109,git@github.com:alibabacloud-sdk-cpp/ice-20201109.git,0
MDEwOlJlcG9zaXRvcnkzOTQ0ODI5OTE=,2021-08-10T00:49:06Z,2026-03-31T11:10:00Z,2026-03-31T11:07:52Z,573773,False,CylleneDependencies,USwampertor/CylleneDependencies,git@github.com:USwampertor/CylleneDependencies.git,0
MDEwOlJlcG9zaXRvcnkzOTQ0Njg1NjY=,2021-08-09T23:32:56Z,2026-05-03T05:17:04Z,2026-05-03T05:16:59Z,6857,False,spida,whalenpt/spida,git@github.com:whalenpt/spida.git,4
MDEwOlJlcG9zaXRvcnkzOTQ0NjIzNDM=,2021-08-09T23:00:22Z,2026-03-23T14:06:24Z,2026-03-07T16:33:02Z,51792,False,Chess,cucumberbolts/Chess,git@github.com:cucumberbolts/Chess.git,26
MDEwOlJlcG9zaXRvcnkzOTQ0NDQyNzM=,2021-08-09T21:31:18Z,2026-04-20T21:52:17Z,2026-04-20T21:52:12Z,15828,False,minerva,kevindelafield/minerva,git@github.com:kevindelafield/minerva.git,0
MDEwOlJlcG9zaXRvcnkzOTQ0MzY2MjM=,2021-08-09T20:57:59Z,2026-03-26T23:54:14Z,2026-03-26T23:54:59Z,125,False,grid,kjwilder/grid,git@github.com:kjwilder/grid.git,0
MDEwOlJlcG9zaXRvcnkzOTQ0MDE1MTk=,2021-08-09T18:38:36Z,2026-04-13T20:34:28Z,2026-04-13T20:34:21Z,9391,False,TapeLooper,TheSlowGrowth/TapeLooper,git@github.com:TheSlowGrowth/TapeLooper.git,10
MDEwOlJlcG9zaXRvcnkzOTQzODE2MTk=,2021-08-09T17:27:50Z,2026-03-04T12:54:03Z,2026-04-16T21:15:03Z,43,True,image_transport_tutorials,ros-perception/image_transport_tutorials,git@github.com:ros-perception/image_transport_tutorials.git,76
MDEwOlJlcG9zaXRvcnkzOTQzODEzNDU=,2021-08-09T17:26:51Z,2026-04-20T05:06:06Z,2026-03-11T18:10:19Z,536,True,pair_nequip_allegro,mir-group/pair_nequip_allegro,git@github.com:mir-group/pair_nequip_allegro.git,63
MDEwOlJlcG9zaXRvcnkzOTQzMDMzNDQ=,2021-08-09T13:32:52Z,2026-04-29T14:38:48Z,2026-04-29T14:33:44Z,29445,False,fbird,tiennm99/fbird,git@github.com:tiennm99/fbird.git,0
MDEwOlJlcG9zaXRvcnkzOTQyNzc5MDg=,2021-08-09T12:12:28Z,2026-03-23T05:17:54Z,2026-03-23T05:17:50Z,78310,False,revector,floppyhammer/revector,git@github.com:floppyhammer/revector.git,4
MDEwOlJlcG9zaXRvcnkzOTQyMzg0Njk=,2021-08-09T09:58:06Z,2026-05-04T08:48:48Z,2026-04-30T07:07:38Z,4156,False,esphome-pipsolar,syssi/esphome-pipsolar,git@github.com:syssi/esphome-pipsolar.git,150
MDEwOlJlcG9zaXRvcnkzOTQyMDU4NDk=,2021-08-09T08:10:26Z,2026-04-23T17:57:06Z,2026-04-23T17:56:59Z,81153,False,DCA_Mi,jiangmi/DCA_Mi,git@github.com:jiangmi/DCA_Mi.git,2
MDEwOlJlcG9zaXRvcnkzOTQwNzU2MDU=,2021-08-08T21:45:02Z,2026-05-05T05:28:27Z,2026-05-05T05:28:23Z,15454,False,altair,GilgameshxZero/altair,git@github.com:GilgameshxZero/altair.git,2
MDEwOlJlcG9zaXRvcnkzOTQwMzc2MTY=,2021-08-08T18:16:55Z,2026-04-28T17:25:11Z,2026-04-28T17:25:07Z,89447,False,BBDroids,bjoerngiesler/BBDroids,git@github.com:bjoerngiesler/BBDroids.git,17
MDEwOlJlcG9zaXRvcnkzOTQwMjY0NjY=,2021-08-08T17:27:27Z,2026-03-17T13:53:43Z,2026-03-17T13:53:40Z,56,False,Arduino_TempsCycle,CafoutcheMatik/Arduino_TempsCycle,git@github.com:CafoutcheMatik/Arduino_TempsCycle.git,0
MDEwOlJlcG9zaXRvcnkzOTM5NjkwNzU=,2021-08-08T13:32:07Z,2026-03-07T02:55:09Z,2026-03-07T02:55:06Z,713,False,DocViewTemplate,takahiro-itou/DocViewTemplate,git@github.com:takahiro-itou/DocViewTemplate.git,0
MDEwOlJlcG9zaXRvcnkzOTM5Mjc4MzY=,2021-08-08T10:20:45Z,2026-04-28T09:32:34Z,2026-04-28T09:32:29Z,2158,True,android_device_xiaomi_miatoll,crdroidandroid/android_device_xiaomi_miatoll,git@github.com:crdroidandroid/android_device_xiaomi_miatoll.git,5
MDEwOlJlcG9zaXRvcnkzOTM4OTE1Nzc=,2021-08-08T07:31:46Z,2026-05-06T22:29:51Z,2026-05-05T20:50:09Z,79272,False,esphome-jk-bms,syssi/esphome-jk-bms,git@github.com:syssi/esphome-jk-bms.git,914
MDEwOlJlcG9zaXRvcnkzOTM4NDc4NDg=,2021-08-08T03:36:26Z,2026-04-28T10:16:57Z,2026-04-28T10:16:54Z,1048,False,ZSharp,refik-karic/ZSharp,git@github.com:refik-karic/ZSharp.git,2
MDEwOlJlcG9zaXRvcnkzOTM3OTU4MTA=,2021-08-07T21:25:23Z,2026-04-29T20:24:21Z,2026-05-03T04:25:08Z,578,True,Tracks,bsq-ports/Tracks,git@github.com:bsq-ports/Tracks.git,11
MDEwOlJlcG9zaXRvcnkzOTM3MzQ1MDM=,2021-08-07T16:26:04Z,2026-04-19T05:41:06Z,2026-04-19T05:41:01Z,38817,False,Mechanical-Midi-Music,DJthefirst/Mechanical-Midi-Music,git@github.com:DJthefirst/Mechanical-Midi-Music.git,24
MDEwOlJlcG9zaXRvcnkzOTM3MjQyNTM=,2021-08-07T15:43:27Z,2026-05-02T12:51:34Z,2026-05-02T12:51:26Z,5,False,Fast-Inverse-Sqrt-Algorithm,GyaneshSamanta/Fast-Inverse-Sqrt-Algorithm,git@github.com:GyaneshSamanta/Fast-Inverse-Sqrt-Algorithm.git,0
MDEwOlJlcG9zaXRvcnkzOTM3MDI1NzQ=,2021-08-07T14:15:16Z,2026-04-30T20:03:33Z,2026-03-05T01:53:42Z,517,False,cp-library,NachiaVivias/cp-library,git@github.com:NachiaVivias/cp-library.git,22
MDEwOlJlcG9zaXRvcnkzOTM2Njc1ODY=,2021-08-07T11:42:20Z,2026-03-29T12:55:06Z,2026-03-29T12:55:02Z,106,False,QUnoClassic,rdeetz/QUnoClassic,git@github.com:rdeetz/QUnoClassic.git,0
MDEwOlJlcG9zaXRvcnkzOTM2NjQxOTU=,2021-08-07T11:26:06Z,2026-03-12T14:24:01Z,2026-03-12T14:23:57Z,364,False,emmap,saleyn/emmap,git@github.com:saleyn/emmap.git,38
MDEwOlJlcG9zaXRvcnkzOTM2NjI3Njg=,2021-08-07T11:19:29Z,2026-04-28T15:07:19Z,2026-05-01T05:22:21Z,882,False,JoystickPlugin,JaydenMaalouf/JoystickPlugin,git@github.com:JaydenMaalouf/JoystickPlugin.git,80
MDEwOlJlcG9zaXRvcnkzOTM2MTY3OTg=,2021-08-07T07:46:51Z,2026-05-06T00:52:14Z,2026-03-31T12:45:39Z,6230,False,asio-grpc,Tradias/asio-grpc,git@github.com:Tradias/asio-grpc.git,466
MDEwOlJlcG9zaXRvcnkzOTM2MDMxOTQ=,2021-08-07T06:43:06Z,2026-05-05T11:05:23Z,2026-05-05T11:05:19Z,2098,False,logme,efmsoft/logme,git@github.com:efmsoft/logme.git,11
MDEwOlJlcG9zaXRvcnkzOTM1ODEzNDI=,2021-08-07T04:48:57Z,2026-04-15T03:33:31Z,2026-04-15T03:33:30Z,21542,False,CppND-Program-a-Concurrent-Traffic-Simulation,maitiSoutrik/CppND-Program-a-Concurrent-Traffic-Simulation,git@github.com:maitiSoutrik/CppND-Program-a-Concurrent-Traffic-Simulation.git,2
MDEwOlJlcG9zaXRvcnkzOTM1NjI1OTc=,2021-08-07T03:03:29Z,2026-03-21T15:15:53Z,2026-03-21T15:15:48Z,123,False,benchmark,netkawai/benchmark,git@github.com:netkawai/benchmark.git,1
MDEwOlJlcG9zaXRvcnkzOTM1NDY2NjI=,2021-08-07T01:26:17Z,2026-05-07T08:58:12Z,2026-05-07T09:01:50Z,3726,True,qdtsne,libscran/qdtsne,git@github.com:libscran/qdtsne.git,11
MDEwOlJlcG9zaXRvcnkzOTM1MzMxMjk=,2021-08-06T23:59:13Z,2026-04-20T18:05:57Z,2026-04-29T00:38:18Z,806,True,sonic-linkmgrd,sonic-net/sonic-linkmgrd,git@github.com:sonic-net/sonic-linkmgrd.git,5
MDEwOlJlcG9zaXRvcnkzOTM0OTY0MzU=,2021-08-06T20:34:01Z,2026-05-03T22:53:58Z,2026-05-03T22:53:56Z,1718,False,Leetcode-problems,0pain01/Leetcode-problems,git@github.com:0pain01/Leetcode-problems.git,0
MDEwOlJlcG9zaXRvcnkzOTM0ODA1NTc=,2021-08-06T19:23:16Z,2026-05-07T07:11:46Z,2026-05-07T07:11:42Z,6748,True,ananke,uscope-platform/ananke,git@github.com:uscope-platform/ananke.git,0
MDEwOlJlcG9zaXRvcnkzOTM0NjQ4ODI=,2021-08-06T18:19:03Z,2026-03-18T01:08:13Z,2026-03-18T01:08:09Z,102121,False,end2endzone-hugo,end2endzone/end2endzone-hugo,git@github.com:end2endzone/end2endzone-hugo.git,0
MDEwOlJlcG9zaXRvcnkzOTM0MjUyOTc=,2021-08-06T15:49:08Z,2026-04-23T11:52:05Z,2026-04-23T11:52:00Z,6178,False,Schrittmotorsteuerung-mit-Record-Funktion,Rublicator/Schrittmotorsteuerung-mit-Record-Funktion,git@github.com:Rublicator/Schrittmotorsteuerung-mit-Record-Funktion.git,0
MDEwOlJlcG9zaXRvcnkzOTMzODE0ODA=,2021-08-06T13:13:41Z,2026-03-01T15:45:40Z,2026-03-01T15:45:37Z,493,True,hardware_xiaomi,yaap/hardware_xiaomi,git@github.com:yaap/hardware_xiaomi.git,0
MDEwOlJlcG9zaXRvcnkzOTMzNDk5MDY=,2021-08-06T11:01:13Z,2026-04-20T18:10:38Z,2026-04-20T18:10:33Z,27762,False,TJ_Timing,FoxtrotOscar/TJ_Timing,git@github.com:FoxtrotOscar/TJ_Timing.git,0
MDEwOlJlcG9zaXRvcnkzOTMzMzc4MDA=,2021-08-06T10:10:58Z,2026-04-04T16:11:52Z,2026-04-04T16:11:48Z,4100,False,Chinium,FreemanTheMaverick/Chinium,git@github.com:FreemanTheMaverick/Chinium.git,4
MDEwOlJlcG9zaXRvcnkzOTMzMDY1ODQ=,2021-08-06T08:14:04Z,2026-04-24T20:33:19Z,2026-05-04T12:20:03Z,1794,True,poncascope,poncateam/poncascope,git@github.com:poncateam/poncascope.git,19
MDEwOlJlcG9zaXRvcnkzOTMzMDQyNjY=,2021-08-06T08:05:52Z,2026-05-06T14:24:54Z,2026-05-05T12:10:25Z,532,True,tray_manager,leanflutter/tray_manager,git@github.com:leanflutter/tray_manager.git,301
MDEwOlJlcG9zaXRvcnkzOTMyNzQ2NTY=,2021-08-06T06:22:16Z,2026-03-14T22:07:10Z,2026-03-14T22:07:06Z,236,False,CC,rocka0/CC,git@github.com:rocka0/CC.git,1
MDEwOlJlcG9zaXRvcnkzOTMyNTczMTc=,2021-08-06T05:08:03Z,2026-05-04T02:14:50Z,2026-05-04T02:14:45Z,869,False,CodingProblems,ragyakaul/CodingProblems,git@github.com:ragyakaul/CodingProblems.git,0
MDEwOlJlcG9zaXRvcnkzOTMyMTEyODU=,2021-08-06T01:19:01Z,2026-05-01T05:36:56Z,2026-05-01T05:43:52Z,14266,True,XEngine_Authorize,libxengine/XEngine_Authorize,git@github.com:libxengine/XEngine_Authorize.git,80
MDEwOlJlcG9zaXRvcnkzOTMxODMzOTk=,2021-08-05T22:20:26Z,2026-04-27T05:33:54Z,2026-04-27T05:33:49Z,6053,False,raytracer,p13i/raytracer,git@github.com:p13i/raytracer.git,0
MDEwOlJlcG9zaXRvcnkzOTMwODUxMDU=,2021-08-05T15:06:20Z,2026-04-18T22:26:03Z,2026-04-18T22:25:58Z,31297,False,symProcSoc,borkowsk/symProcSoc,git@github.com:borkowsk/symProcSoc.git,1
MDEwOlJlcG9zaXRvcnkzOTMwNDU2MTU=,2021-08-05T13:06:05Z,2026-04-30T07:06:55Z,2026-04-30T07:06:51Z,29528,False,esphome-jnge-mppt-controller,syssi/esphome-jnge-mppt-controller,git@github.com:syssi/esphome-jnge-mppt-controller.git,17
MDEwOlJlcG9zaXRvcnkzOTI5NzE1NDE=,2021-08-05T08:50:56Z,2026-03-22T09:06:54Z,2026-03-22T09:06:50Z,74893,False,rockets-with-arduino,CedricBerteletti/rockets-with-arduino,git@github.com:CedricBerteletti/rockets-with-arduino.git,1
MDEwOlJlcG9zaXRvcnkzOTI4NTM4MjE=,2021-08-05T00:01:41Z,2026-04-26T05:38:10Z,2026-04-25T03:18:25Z,370,True,ib-downloader,StonkyLab/ib-downloader,git@github.com:StonkyLab/ib-downloader.git,0
MDEwOlJlcG9zaXRvcnkzOTI3NzA2NjI=,2021-08-04T17:13:04Z,2026-04-16T14:56:55Z,2026-04-16T14:57:15Z,14988,True,lib_tflite_micro,xmos/lib_tflite_micro,git@github.com:xmos/lib_tflite_micro.git,12
MDEwOlJlcG9zaXRvcnkzOTI3NjExNDE=,2021-08-04T16:41:25Z,2026-05-06T09:17:44Z,2026-05-06T09:17:39Z,2842,False,Anafestica,gcardi/Anafestica,git@github.com:gcardi/Anafestica.git,1
MDEwOlJlcG9zaXRvcnkzOTI3MzcxNDM=,2021-08-04T15:21:48Z,2026-05-06T10:50:58Z,2026-05-05T12:36:44Z,62834,True,iVS3D,iVS3D/iVS3D,git@github.com:iVS3D/iVS3D.git,19
MDEwOlJlcG9zaXRvcnkzOTI3MDkzNTE=,2021-08-04T14:00:19Z,2026-04-24T15:03:15Z,2026-04-24T15:03:11Z,20391,True,GMEXT-GDK,YoYoGames/GMEXT-GDK,git@github.com:YoYoGames/GMEXT-GDK.git,20
MDEwOlJlcG9zaXRvcnkzOTI2NDM2NjU=,2021-08-04T10:20:28Z,2026-05-07T11:09:29Z,2026-05-07T11:09:24Z,72043,False,rayEngine,sifodesu/rayEngine,git@github.com:sifodesu/rayEngine.git,0
MDEwOlJlcG9zaXRvcnkzOTI1MjAxMjc=,2021-08-04T02:23:52Z,2026-05-06T09:21:48Z,2026-04-08T19:11:28Z,177,True,m-explore-ros2,robo-friends/m-explore-ros2,git@github.com:robo-friends/m-explore-ros2.git,341
MDEwOlJlcG9zaXRvcnkzOTI0NjIwNDc=,2021-08-03T21:33:42Z,2026-04-30T09:43:13Z,2026-04-30T09:43:09Z,98,True,http-deliver,halon-extras/http-deliver,git@github.com:halon-extras/http-deliver.git,0
MDEwOlJlcG9zaXRvcnkzOTI0MTI0MjY=,2021-08-03T18:13:29Z,2026-04-28T03:48:17Z,2026-04-28T03:52:04Z,159,True,SplitUri,SiddiqSoft/SplitUri,git@github.com:SiddiqSoft/SplitUri.git,1
MDEwOlJlcG9zaXRvcnkzOTIzODgyMjI=,2021-08-03T16:50:32Z,2026-03-31T21:02:59Z,2026-04-23T21:03:30Z,6029,True,lsp-plugins-crossover,lsp-plugins/lsp-plugins-crossover,git@github.com:lsp-plugins/lsp-plugins-crossover.git,1
MDEwOlJlcG9zaXRvcnkzOTIzODc2Mzg=,2021-08-03T16:48:31Z,2026-03-31T21:17:22Z,2026-04-23T21:04:20Z,2404,True,lsp-plugins-loud-comp,lsp-plugins/lsp-plugins-loud-comp,git@github.com:lsp-plugins/lsp-plugins-loud-comp.git,1
MDEwOlJlcG9zaXRvcnkzOTIzODc0MDY=,2021-08-03T16:47:46Z,2026-03-31T21:24:26Z,2026-04-23T21:04:45Z,12212,True,lsp-plugins-mb-gate,lsp-plugins/lsp-plugins-mb-gate,git@github.com:lsp-plugins/lsp-plugins-mb-gate.git,0
MDEwOlJlcG9zaXRvcnkzOTIzODcxNjU=,2021-08-03T16:46:56Z,2026-03-31T21:22:59Z,2026-04-23T21:04:41Z,13100,True,lsp-plugins-mb-expander,lsp-plugins/lsp-plugins-mb-expander,git@github.com:lsp-plugins/lsp-plugins-mb-expander.git,0
MDEwOlJlcG9zaXRvcnkzOTIzODY4MDM=,2021-08-03T16:45:44Z,2026-03-31T21:44:20Z,2026-04-23T21:05:45Z,4132,True,lsp-plugins-room-builder,lsp-plugins/lsp-plugins-room-builder,git@github.com:lsp-plugins/lsp-plugins-room-builder.git,0
MDEwOlJlcG9zaXRvcnkzOTIzODYxNTk=,2021-08-03T16:43:40Z,2026-03-31T21:20:28Z,2026-04-23T21:04:33Z,13128,True,lsp-plugins-mb-compressor,lsp-plugins/lsp-plugins-mb-compressor,git@github.com:lsp-plugins/lsp-plugins-mb-compressor.git,1
MDEwOlJlcG9zaXRvcnkzOTIzODM4OTg=,2021-08-03T16:35:53Z,2026-03-31T21:04:40Z,2026-04-23T21:03:34Z,10604,True,lsp-plugins-dyna-processor,lsp-plugins/lsp-plugins-dyna-processor,git@github.com:lsp-plugins/lsp-plugins-dyna-processor.git,0
MDEwOlJlcG9zaXRvcnkzOTIzODM1ODM=,2021-08-03T16:34:50Z,2026-03-31T21:01:19Z,2026-04-23T21:03:26Z,9713,True,lsp-plugins-compressor,lsp-plugins/lsp-plugins-compressor,git@github.com:lsp-plugins/lsp-plugins-compressor.git,0
MDEwOlJlcG9zaXRvcnkzOTIzODMyMTI=,2021-08-03T16:33:32Z,2026-03-31T21:11:04Z,2026-04-23T21:03:59Z,6184,True,lsp-plugins-graph-equalizer,lsp-plugins/lsp-plugins-graph-equalizer,git@github.com:lsp-plugins/lsp-plugins-graph-equalizer.git,0
MDEwOlJlcG9zaXRvcnkzOTIzNzU5NzI=,2021-08-03T16:09:50Z,2026-04-05T06:50:00Z,2026-04-05T06:49:55Z,699,False,Advance_DSA-and-Interview_preperation,Rounak00/Advance_DSA-and-Interview_preperation,git@github.com:Rounak00/Advance_DSA-and-Interview_preperation.git,17
MDEwOlJlcG9zaXRvcnkzOTIzNjM3MDk=,2021-08-03T15:29:25Z,2026-03-14T11:00:42Z,2026-03-14T11:00:38Z,802,False,cpp-leetcode-solutions,shayolk/cpp-leetcode-solutions,git@github.com:shayolk/cpp-leetcode-solutions.git,0
MDEwOlJlcG9zaXRvcnkzOTIzNDk1NjA=,2021-08-03T14:42:35Z,2026-04-28T16:10:56Z,2026-05-02T01:49:05Z,40954,False,areg-sdk,aregtech/areg-sdk,git@github.com:aregtech/areg-sdk.git,346
MDEwOlJlcG9zaXRvcnkzOTIzMjA2MTc=,2021-08-03T13:05:38Z,2026-04-08T18:18:17Z,2026-04-08T18:18:13Z,4470,False,sudoku,zzx6869/sudoku,git@github.com:zzx6869/sudoku.git,0
MDEwOlJlcG9zaXRvcnkzOTIyNDc5NDk=,2021-08-03T08:37:18Z,2026-05-07T04:18:59Z,2026-05-07T04:18:22Z,72956,False,BPCells,bnprks/BPCells,git@github.com:bnprks/BPCells.git,280
MDEwOlJlcG9zaXRvcnkzOTIyMjk0OTA=,2021-08-03T07:28:10Z,2026-05-06T19:44:46Z,2026-05-07T07:02:44Z,7934,False,esphome-soyosource-gtn-virtual-meter,syssi/esphome-soyosource-gtn-virtual-meter,git@github.com:syssi/esphome-soyosource-gtn-virtual-meter.git,96
MDEwOlJlcG9zaXRvcnkzOTIyMDgyNTU=,2021-08-03T06:01:36Z,2026-05-06T17:28:33Z,2026-05-06T17:28:03Z,3393,True,ecd-20200930,alibabacloud-sdk-cpp/ecd-20200930,git@github.com:alibabacloud-sdk-cpp/ecd-20200930.git,0
MDEwOlJlcG9zaXRvcnkzOTIwNjExMDU=,2021-08-02T18:53:52Z,2026-03-27T16:55:46Z,2026-03-26T16:27:40Z,750910,False,AnalysisG,woywoy123/AnalysisG,git@github.com:woywoy123/AnalysisG.git,4
MDEwOlJlcG9zaXRvcnkzOTIwNDAwMTU=,2021-08-02T17:37:25Z,2026-05-06T16:09:31Z,2026-05-06T16:07:55Z,756,False,QLUtils,wchang28/QLUtils,git@github.com:wchang28/QLUtils.git,0
MDEwOlJlcG9zaXRvcnkzOTIwMDU5ODI=,2021-08-02T15:43:40Z,2026-05-05T11:43:51Z,2026-05-05T11:43:47Z,4038,True,sorcering,cran/sorcering,git@github.com:cran/sorcering.git,1
MDEwOlJlcG9zaXRvcnkzOTE5ODk3MTk=,2021-08-02T14:54:02Z,2026-03-31T21:35:40Z,2026-04-23T21:05:14Z,21498,True,lsp-plugins-para-equalizer,lsp-plugins/lsp-plugins-para-equalizer,git@github.com:lsp-plugins/lsp-plugins-para-equalizer.git,4
MDEwOlJlcG9zaXRvcnkzOTE5ODYxNDY=,2021-08-02T14:44:25Z,2026-04-03T16:23:28Z,2026-04-03T16:23:22Z,20659,False,C-Game,Musa-Tur-Farazi/C-Game,git@github.com:Musa-Tur-Farazi/C-Game.git,0
MDEwOlJlcG9zaXRvcnkzOTE5Nzc4NjE=,2021-08-02T14:22:45Z,2026-03-16T04:49:12Z,2026-03-16T04:49:08Z,1597,False,leetcode,bhaskarkr/leetcode,git@github.com:bhaskarkr/leetcode.git,1
MDEwOlJlcG9zaXRvcnkzOTE5NjkyOTg=,2021-08-02T13:58:21Z,2026-05-06T13:58:40Z,2026-05-06T13:53:13Z,49602,False,Code-Snippets,hamajo75/Code-Snippets,git@github.com:hamajo75/Code-Snippets.git,1
MDEwOlJlcG9zaXRvcnkzOTE4NjEzMDI=,2021-08-02T07:59:16Z,2026-05-07T09:26:13Z,2026-05-07T09:26:09Z,19007,False,Gearcoleco,drhelius/Gearcoleco,git@github.com:drhelius/Gearcoleco.git,131
MDEwOlJlcG9zaXRvcnkzOTE4NTc4NTE=,2021-08-02T07:45:47Z,2026-04-09T17:28:31Z,2026-04-09T17:28:25Z,198,False,cp_problems,Laaaaksh/cp_problems,git@github.com:Laaaaksh/cp_problems.git,0
MDEwOlJlcG9zaXRvcnkzOTE4NTI1NDI=,2021-08-02T07:24:37Z,2026-05-06T16:17:39Z,2026-05-06T16:17:35Z,666,False,hotdog,uavster/hotdog,git@github.com:uavster/hotdog.git,30
MDEwOlJlcG9zaXRvcnkzOTE4MDYzMjQ=,2021-08-02T03:38:14Z,2026-04-19T10:47:05Z,2026-04-19T10:47:00Z,259,False,cpp-projects,kryg0n/cpp-projects,git@github.com:kryg0n/cpp-projects.git,0
MDEwOlJlcG9zaXRvcnkzOTE3OTY2OTU=,2021-08-02T02:44:50Z,2026-03-31T22:58:26Z,2026-04-23T08:29:25Z,369,False,hnswlib-to-go,sunhailin-Leo/hnswlib-to-go,git@github.com:sunhailin-Leo/hnswlib-to-go.git,8
MDEwOlJlcG9zaXRvcnkzOTE3ODk3NTI=,2021-08-02T02:05:10Z,2026-04-04T18:30:44Z,2026-04-04T18:30:38Z,49,False,thread-playground,CJLove/thread-playground,git@github.com:CJLove/thread-playground.git,1
MDEwOlJlcG9zaXRvcnkzOTE2NjYwMjM=,2021-08-01T15:32:20Z,2026-04-27T11:13:35Z,2026-03-19T17:14:39Z,362,False,EcoMug,dr4kan/EcoMug,git@github.com:dr4kan/EcoMug.git,19
MDEwOlJlcG9zaXRvcnkzOTE2Mjg0MDY=,2021-08-01T13:01:43Z,2026-05-05T21:34:05Z,2026-05-05T21:35:09Z,72950,True,SlaterGPU,ZimmermanGroup/SlaterGPU,git@github.com:ZimmermanGroup/SlaterGPU.git,10
MDEwOlJlcG9zaXRvcnkzOTE2MjU0OTQ=,2021-08-01T12:48:55Z,2026-03-31T13:09:36Z,2026-05-06T01:04:31Z,544151,False,bvhar,ygeunkim/bvhar,git@github.com:ygeunkim/bvhar.git,7
MDEwOlJlcG9zaXRvcnkzOTE2MTY2MTA=,2021-08-01T12:08:04Z,2026-03-02T22:48:08Z,2026-03-02T22:48:04Z,731,False,NNxCpp,mmarszik/NNxCpp,git@github.com:mmarszik/NNxCpp.git,0
MDEwOlJlcG9zaXRvcnkzOTE2MDY1NzA=,2021-08-01T11:15:16Z,2026-04-07T21:34:18Z,2026-04-07T21:34:19Z,47,False,pascal-annotation-v1-extractor,sergiud/pascal-annotation-v1-extractor,git@github.com:sergiud/pascal-annotation-v1-extractor.git,0
MDEwOlJlcG9zaXRvcnkzOTE1MzczMTg=,2021-08-01T05:39:44Z,2026-05-02T14:38:57Z,2026-05-02T14:38:53Z,194,False,algorithm,kyad/algorithm,git@github.com:kyad/algorithm.git,4
MDEwOlJlcG9zaXRvcnkzOTEzODI4NDY=,2021-07-31T14:44:34Z,2026-03-24T22:19:45Z,2026-03-24T22:19:40Z,402,False,libnymphcast,MayaPosch/libnymphcast,git@github.com:MayaPosch/libnymphcast.git,8
MDEwOlJlcG9zaXRvcnkzOTEzNjQ3OTE=,2021-07-31T13:31:15Z,2026-03-27T08:34:49Z,2026-03-27T08:34:45Z,757,False,mortal-engine,adamb924/mortal-engine,git@github.com:adamb924/mortal-engine.git,2
MDEwOlJlcG9zaXRvcnkzOTEzNjQ1Mjk=,2021-07-31T13:30:09Z,2026-04-04T15:06:51Z,2026-04-04T15:06:47Z,782,False,involution,XenonWZH/involution,git@github.com:XenonWZH/involution.git,3
MDEwOlJlcG9zaXRvcnkzOTEzNTc5MjE=,2021-07-31T13:02:30Z,2026-04-26T13:23:50Z,2026-04-23T21:06:10Z,3947,True,lsp-plugins-trigger,lsp-plugins/lsp-plugins-trigger,git@github.com:lsp-plugins/lsp-plugins-trigger.git,1
MDEwOlJlcG9zaXRvcnkzOTEyNzYyNjc=,2021-07-31T06:39:58Z,2026-04-15T08:32:20Z,2026-04-04T12:18:58Z,722,True,RakNet,openmultiplayer/RakNet,git@github.com:openmultiplayer/RakNet.git,22
MDEwOlJlcG9zaXRvcnkzOTEyNTEyODM=,2021-07-31T04:09:35Z,2026-05-06T01:54:24Z,2026-05-06T01:54:20Z,69,False,Dijkstra-Shortest-Reach-2,ForPertP/Dijkstra-Shortest-Reach-2,git@github.com:ForPertP/Dijkstra-Shortest-Reach-2.git,1
MDEwOlJlcG9zaXRvcnkzOTEyNDg5NDg=,2021-07-31T03:54:12Z,2026-03-26T21:22:37Z,2026-03-26T21:22:29Z,1826,False,Snake_Cruel_World,Ahmed-Sabry/Snake_Cruel_World,git@github.com:Ahmed-Sabry/Snake_Cruel_World.git,0
MDEwOlJlcG9zaXRvcnkzOTEyMzU4NTA=,2021-07-31T02:22:08Z,2026-05-04T09:02:09Z,2026-05-04T09:02:04Z,46396,False,Hnhat1234,Hnhat1234/Hnhat1234,git@github.com:Hnhat1234/Hnhat1234.git,1
MDEwOlJlcG9zaXRvcnkzOTEyMjU5NjA=,2021-07-31T01:22:07Z,2026-05-01T05:06:25Z,2026-05-01T05:14:06Z,830,True,restcl,SiddiqSoft/restcl,git@github.com:SiddiqSoft/restcl.git,1
MDEwOlJlcG9zaXRvcnkzOTEwOTc5Njc=,2021-07-30T14:45:13Z,2026-04-11T16:19:29Z,2026-04-11T16:19:24Z,155,False,Geno,imasuke/Geno,git@github.com:imasuke/Geno.git,1
MDEwOlJlcG9zaXRvcnkzOTEwNjc1MDk=,2021-07-30T13:05:08Z,2026-05-07T05:58:02Z,2026-05-07T05:57:59Z,505,False,multiplierless-cpp,luk036/multiplierless-cpp,git@github.com:luk036/multiplierless-cpp.git,0
MDEwOlJlcG9zaXRvcnkzOTEwNjE1MjQ=,2021-07-30T12:44:23Z,2026-04-04T14:29:17Z,2026-04-04T14:29:12Z,8106,False,MandelbrotApp,IzzDarki/MandelbrotApp,git@github.com:IzzDarki/MandelbrotApp.git,0
MDEwOlJlcG9zaXRvcnkzOTEwMzM1ODE=,2021-07-30T11:02:27Z,2026-03-28T21:18:58Z,2026-03-30T16:26:01Z,303,False,qml_ros2_plugin,StefanFabian/qml_ros2_plugin,git@github.com:StefanFabian/qml_ros2_plugin.git,64
MDEwOlJlcG9zaXRvcnkzOTA5OTI0OTE=,2021-07-30T08:37:26Z,2026-04-13T12:16:58Z,2026-04-13T12:17:32Z,279,True,GMRF-wind,MAPIRlab/GMRF-wind,git@github.com:MAPIRlab/GMRF-wind.git,2
MDEwOlJlcG9zaXRvcnkzOTA5ODg4NDM=,2021-07-30T08:24:23Z,2026-04-04T03:31:33Z,2026-04-04T03:31:30Z,397,False,forKids,yajnas07/forKids,git@github.com:yajnas07/forKids.git,0
MDEwOlJlcG9zaXRvcnkzOTA5NjE3OTc=,2021-07-30T06:48:07Z,2026-05-07T05:06:35Z,2026-05-07T05:08:27Z,175,True,GenProcessInfo,SiddiqSoft/GenProcessInfo,git@github.com:SiddiqSoft/GenProcessInfo.git,0
MDEwOlJlcG9zaXRvcnkzOTA5NTc4OTQ=,2021-07-30T06:33:21Z,2026-04-29T17:39:09Z,2026-04-29T17:39:05Z,590,True,dyvmsapi-20170525,alibabacloud-sdk-cpp/dyvmsapi-20170525,git@github.com:alibabacloud-sdk-cpp/dyvmsapi-20170525.git,0
MDEwOlJlcG9zaXRvcnkzOTA5MjE2ODA=,2021-07-30T03:49:21Z,2026-04-30T08:59:34Z,2026-04-30T08:59:30Z,262,True,push-20160801,alibabacloud-sdk-cpp/push-20160801,git@github.com:alibabacloud-sdk-cpp/push-20160801.git,0
MDEwOlJlcG9zaXRvcnkzOTA4OTg2MzM=,2021-07-30T01:57:40Z,2026-05-07T06:41:11Z,2026-05-07T08:29:43Z,286,True,M5Unit-RTC,m5stack/M5Unit-RTC,git@github.com:m5stack/M5Unit-RTC.git,2
MDEwOlJlcG9zaXRvcnkzOTA4OTI1NTg=,2021-07-30T01:22:25Z,2026-05-04T03:47:43Z,2026-05-07T03:19:15Z,50851,True,software,SSL-A-Team/software,git@github.com:SSL-A-Team/software.git,9
MDEwOlJlcG9zaXRvcnkzOTA4NTkzOTE=,2021-07-29T21:55:54Z,2026-04-29T18:37:52Z,2026-04-29T18:37:50Z,1312,True,mavis,sparcians/mavis,git@github.com:sparcians/mavis.git,7
MDEwOlJlcG9zaXRvcnkzOTA4NTc2NDg=,2021-07-29T21:45:07Z,2026-04-30T15:23:00Z,2026-04-30T16:36:54Z,5970,True,pldm,ibm-openbmc/pldm,git@github.com:ibm-openbmc/pldm.git,15
MDEwOlJlcG9zaXRvcnkzOTA4NTQxODQ=,2021-07-29T21:25:40Z,2026-05-06T15:50:57Z,2026-05-06T19:05:40Z,302,True,ibm-acf,ibm-openbmc/ibm-acf,git@github.com:ibm-openbmc/ibm-acf.git,0
MDEwOlJlcG9zaXRvcnkzOTA4MTEzMDQ=,2021-07-29T18:05:28Z,2026-04-18T15:00:27Z,2026-04-18T15:00:22Z,2226,False,MyIP,folkertvanheusden/MyIP,git@github.com:folkertvanheusden/MyIP.git,13
MDEwOlJlcG9zaXRvcnkzOTA3ODYwNDE=,2021-07-29T16:27:45Z,2026-04-29T11:40:39Z,2026-04-29T11:42:52Z,262,True,dd-native-metrics-js,DataDog/dd-native-metrics-js,git@github.com:DataDog/dd-native-metrics-js.git,8
MDEwOlJlcG9zaXRvcnkzOTA3NzQwNDk=,2021-07-29T15:45:15Z,2026-04-06T12:42:26Z,2026-04-06T12:42:21Z,15008,False,aoa-logistic-regression,pdroalves/aoa-logistic-regression,git@github.com:pdroalves/aoa-logistic-regression.git,0
MDEwOlJlcG9zaXRvcnkzOTA2ODgzNDc=,2021-07-29T10:35:20Z,2026-03-19T10:27:29Z,2026-03-19T10:27:25Z,2158,False,OpenGLDemo,magsoderberg/OpenGLDemo,git@github.com:magsoderberg/OpenGLDemo.git,0
MDEwOlJlcG9zaXRvcnkzOTA2NjU5NTI=,2021-07-29T09:09:29Z,2026-04-03T21:38:12Z,2026-04-03T21:38:08Z,227742,False,TARANTULA,afouda11/TARANTULA,git@github.com:afouda11/TARANTULA.git,0
MDEwOlJlcG9zaXRvcnkzOTA2MzE5MzM=,2021-07-29T07:00:28Z,2026-04-17T07:46:51Z,2026-04-17T07:46:47Z,591,True,Soldered-INA219-Current-Sensor-Arduino-Library,SolderedElectronics/Soldered-INA219-Current-Sensor-Arduino-Library,git@github.com:SolderedElectronics/Soldered-INA219-Current-Sensor-Arduino-Library.git,0
MDEwOlJlcG9zaXRvcnkzOTA1ODE0Njc=,2021-07-29T02:58:00Z,2026-04-11T02:06:46Z,2026-03-11T20:35:01Z,3143,False,soda,JoeStrout/soda,git@github.com:JoeStrout/soda.git,28
MDEwOlJlcG9zaXRvcnkzOTA1NzA5ODk=,2021-07-29T02:12:58Z,2026-03-06T16:32:14Z,2026-03-06T16:32:09Z,28,False,hello-world,arcticPola/hello-world,git@github.com:arcticPola/hello-world.git,0
MDEwOlJlcG9zaXRvcnkzOTA1MzYxODk=,2021-07-28T23:21:30Z,2026-04-27T03:51:27Z,2026-04-27T03:51:23Z,217,False,Glint,syarusinsky/Glint,git@github.com:syarusinsky/Glint.git,0
MDEwOlJlcG9zaXRvcnkzOTA0MDU2MjM=,2021-07-28T15:42:29Z,2026-03-09T10:10:31Z,2026-03-09T10:10:26Z,95,True,RcppML,cran/RcppML,git@github.com:cran/RcppML.git,0
MDEwOlJlcG9zaXRvcnkzOTAzOTA5OTY=,2021-07-28T14:57:28Z,2026-05-07T07:11:45Z,2026-04-30T12:20:01Z,8847,True,linorobot2_hardware,linorobot/linorobot2_hardware,git@github.com:linorobot/linorobot2_hardware.git,169
MDEwOlJlcG9zaXRvcnkzOTAzMjIxNjA=,2021-07-28T11:11:58Z,2026-03-03T08:58:40Z,2026-03-03T08:58:36Z,11759,False,Project0,AdvanceX/Project0,git@github.com:AdvanceX/Project0.git,0
MDEwOlJlcG9zaXRvcnkzOTAzMTc3OTA=,2021-07-28T10:56:48Z,2026-04-22T03:57:47Z,2026-04-22T03:57:45Z,293,False,unfocus_widget,thomas-p95/unfocus_widget,git@github.com:thomas-p95/unfocus_widget.git,0
MDEwOlJlcG9zaXRvcnkzOTAzMTM1MjU=,2021-07-28T10:40:38Z,2026-04-21T14:48:08Z,2026-04-21T14:48:03Z,19,False,DojoTemplate,nokmory/DojoTemplate,git@github.com:nokmory/DojoTemplate.git,1
MDEwOlJlcG9zaXRvcnkzOTAyNzYyMzk=,2021-07-28T08:35:22Z,2026-03-06T13:26:49Z,2026-03-06T13:26:45Z,1217,False,PoissonBinomial,fj86/PoissonBinomial,git@github.com:fj86/PoissonBinomial.git,3
MDEwOlJlcG9zaXRvcnkzOTAyNDkxMjU=,2021-07-28T07:03:15Z,2026-05-06T04:17:27Z,2026-05-06T04:19:34Z,2251,True,TimeThis,SiddiqSoft/TimeThis,git@github.com:SiddiqSoft/TimeThis.git,0
MDEwOlJlcG9zaXRvcnkzOTAxNTc1NTc=,2021-07-27T23:42:22Z,2026-05-01T16:52:52Z,2026-04-21T07:39:17Z,2356,True,metavision_driver,ros-event-camera/metavision_driver,git@github.com:ros-event-camera/metavision_driver.git,63
MDEwOlJlcG9zaXRvcnkzOTAxMzgyODA=,2021-07-27T21:59:54Z,2026-05-05T08:59:18Z,2026-05-05T13:23:55Z,23021,True,mobile_app_open,mlcommons/mobile_app_open,git@github.com:mlcommons/mobile_app_open.git,68
MDEwOlJlcG9zaXRvcnkzOTAxMjc0OTE=,2021-07-27T21:08:37Z,2026-04-29T21:06:57Z,2026-04-29T21:06:53Z,25,False,Algorithms-Data-Structures,HossamAbdelNasser/Algorithms-Data-Structures,git@github.com:HossamAbdelNasser/Algorithms-Data-Structures.git,0
MDEwOlJlcG9zaXRvcnkzOTAxMjM4MDA=,2021-07-27T20:53:18Z,2026-04-28T21:18:56Z,2026-04-28T21:18:49Z,7030,True,MotaCoin,MotaCoin/MotaCoin,git@github.com:MotaCoin/MotaCoin.git,0
MDEwOlJlcG9zaXRvcnkzOTAxMTE4NzM=,2021-07-27T20:02:42Z,2026-03-22T10:07:17Z,2026-03-22T10:07:13Z,131,False,occt-samples-gtk,gkv311/occt-samples-gtk,git@github.com:gkv311/occt-samples-gtk.git,18
MDEwOlJlcG9zaXRvcnkzOTAwODgxODU=,2021-07-27T18:30:25Z,2026-03-15T22:43:16Z,2026-03-15T22:43:13Z,424,False,Leetcode,Md-Kais/Leetcode,git@github.com:Md-Kais/Leetcode.git,2
MDEwOlJlcG9zaXRvcnkzOTAwODUyOTI=,2021-07-27T18:19:46Z,2026-05-07T04:43:29Z,2026-05-07T04:43:25Z,39372,True,quiche,google/quiche,git@github.com:google/quiche.git,857
MDEwOlJlcG9zaXRvcnkzOTAwNjgwNzY=,2021-07-27T17:18:19Z,2026-05-06T17:14:04Z,2026-05-06T17:13:59Z,662543,False,learning_project,puma10100505/learning_project,git@github.com:puma10100505/learning_project.git,2
MDEwOlJlcG9zaXRvcnkzOTAwNTc1ODI=,2021-07-27T16:43:06Z,2026-03-23T13:48:46Z,2026-03-23T13:48:21Z,428235,False,WeizenbierGame,wissunpower/WeizenbierGame,git@github.com:wissunpower/WeizenbierGame.git,0
MDEwOlJlcG9zaXRvcnkzOTAwNTQ0MjI=,2021-07-27T16:32:54Z,2026-04-07T19:13:58Z,2026-04-07T19:13:54Z,8561,False,mlmod,atzberg/mlmod,git@github.com:atzberg/mlmod.git,8
MDEwOlJlcG9zaXRvcnkzOTAwNDAyMjk=,2021-07-27T15:46:54Z,2026-03-06T23:12:31Z,2026-03-06T23:12:27Z,357,True,pyMOO,Jenny-Nelson-Group/pyMOO,git@github.com:Jenny-Nelson-Group/pyMOO.git,1
MDEwOlJlcG9zaXRvcnkzOTAwMzM2NTA=,2021-07-27T15:24:47Z,2026-03-07T18:44:22Z,2026-03-07T18:44:19Z,21,False,Smart-Inhalation-Tracker,Gohith/Smart-Inhalation-Tracker,git@github.com:Gohith/Smart-Inhalation-Tracker.git,0
MDEwOlJlcG9zaXRvcnkzOTAwMzI5ODU=,2021-07-27T15:22:44Z,2026-05-07T02:40:50Z,2026-05-07T05:22:16Z,97307,True,composable_kernel,ROCm/composable_kernel,git@github.com:ROCm/composable_kernel.git,530
MDEwOlJlcG9zaXRvcnkzODk5ODQ1Njg=,2021-07-27T12:59:52Z,2026-04-29T15:20:41Z,2026-04-29T15:19:26Z,264689,True,SimRobot,bhuman/SimRobot,git@github.com:bhuman/SimRobot.git,12
MDEwOlJlcG9zaXRvcnkzODk5NzkxMzE=,2021-07-27T12:43:04Z,2026-04-24T01:13:48Z,2026-04-24T01:16:10Z,90,False,Glide-distance-estimator,mwiseca/Glide-distance-estimator,git@github.com:mwiseca/Glide-distance-estimator.git,0
MDEwOlJlcG9zaXRvcnkzODk5NTI5NDM=,2021-07-27T11:14:49Z,2026-05-07T05:25:24Z,2026-05-06T13:17:05Z,588791,True,orbiter,orbitersim/orbiter,git@github.com:orbitersim/orbiter.git,1912
MDEwOlJlcG9zaXRvcnkzODk5NDI5ODI=,2021-07-27T10:36:21Z,2026-03-28T11:51:55Z,2026-03-28T11:51:51Z,166,True,screenlocker,cutefishos/screenlocker,git@github.com:cutefishos/screenlocker.git,19
MDEwOlJlcG9zaXRvcnkzODk4OTgzMTE=,2021-07-27T08:03:34Z,2026-04-16T02:26:05Z,2026-04-16T02:26:01Z,301,False,VapourSynth-ICCConvert,YomikoR/VapourSynth-ICCConvert,git@github.com:YomikoR/VapourSynth-ICCConvert.git,11
MDEwOlJlcG9zaXRvcnkzODk4ODg2OTc=,2021-07-27T07:30:09Z,2026-04-21T05:12:29Z,2026-04-21T05:22:34Z,845,True,Soldered-MQ-Gas-Sensor-Arduino-Library,SolderedElectronics/Soldered-MQ-Gas-Sensor-Arduino-Library,git@github.com:SolderedElectronics/Soldered-MQ-Gas-Sensor-Arduino-Library.git,7
MDEwOlJlcG9zaXRvcnkzODk4ODM2MTQ=,2021-07-27T07:12:14Z,2026-04-17T06:23:20Z,2026-04-16T06:53:15Z,110,False,competitive-programming,shubham-jr/competitive-programming,git@github.com:shubham-jr/competitive-programming.git,3
MDEwOlJlcG9zaXRvcnkzODk4MzQ4NzM=,2021-07-27T03:20:26Z,2026-04-14T23:39:19Z,2026-04-14T23:39:14Z,220,False,graphengine,sekrit-twc/graphengine,git@github.com:sekrit-twc/graphengine.git,4
MDEwOlJlcG9zaXRvcnkzODk4MDQxNzc=,2021-07-27T00:30:11Z,2026-04-17T18:12:52Z,2026-04-27T17:41:03Z,34393,True,bte,cafe-desktop/bte,git@github.com:cafe-desktop/bte.git,0
MDEwOlJlcG9zaXRvcnkzODk4MDM0OTM=,2021-07-27T00:25:35Z,2026-04-07T19:43:36Z,2026-04-07T19:43:30Z,185,False,InterprocessMemPool,keithrausch/InterprocessMemPool,git@github.com:keithrausch/InterprocessMemPool.git,16
MDEwOlJlcG9zaXRvcnkzODk3ODcyNjU=,2021-07-26T22:45:27Z,2026-04-27T21:50:34Z,2026-04-28T04:46:22Z,95,True,RunOnEnd,SiddiqSoft/RunOnEnd,git@github.com:SiddiqSoft/RunOnEnd.git,0
MDEwOlJlcG9zaXRvcnkzODk3Njc4NjQ=,2021-07-26T21:04:51Z,2026-04-13T07:29:45Z,2026-04-13T07:29:42Z,26,False,water-level-controller,michaldudak/water-level-controller,git@github.com:michaldudak/water-level-controller.git,0
MDEwOlJlcG9zaXRvcnkzODk3NDkzOTQ=,2021-07-26T19:41:58Z,2026-05-07T01:55:06Z,2026-05-07T01:55:02Z,562847,True,ncbi-cxx-toolkit-public,ncbi/ncbi-cxx-toolkit-public,git@github.com:ncbi/ncbi-cxx-toolkit-public.git,97
MDEwOlJlcG9zaXRvcnkzODk3MDkyMzc=,2021-07-26T17:04:45Z,2026-05-05T09:26:31Z,2026-04-12T09:12:58Z,27339,False,eZeus,MaurycyLiebner/eZeus,git@github.com:MaurycyLiebner/eZeus.git,129
MDEwOlJlcG9zaXRvcnkzODk2NDY5NjU=,2021-07-26T13:42:37Z,2026-04-10T23:12:31Z,2026-03-25T13:53:11Z,2288,True,arduino-i2c-sht4x,Sensirion/arduino-i2c-sht4x,git@github.com:Sensirion/arduino-i2c-sht4x.git,23
MDEwOlJlcG9zaXRvcnkzODk0OTY4NjQ=,2021-07-26T03:26:15Z,2026-04-12T08:37:12Z,2026-04-12T08:37:07Z,228,False,coding-practice,ShaoYong-0921/coding-practice,git@github.com:ShaoYong-0921/coding-practice.git,0
MDEwOlJlcG9zaXRvcnkzODk0OTQ0ODE=,2021-07-26T03:12:14Z,2026-03-28T15:46:32Z,2026-03-28T15:46:28Z,88693,False,DynAutoDiff,kilasuelika/DynAutoDiff,git@github.com:kilasuelika/DynAutoDiff.git,2
MDEwOlJlcG9zaXRvcnkzODkzODY0NjY=,2021-07-25T16:00:22Z,2026-05-04T20:39:09Z,2026-03-17T11:30:59Z,10877,False,SSStats2,dubinaxdd/SSStats2,git@github.com:dubinaxdd/SSStats2.git,6
MDEwOlJlcG9zaXRvcnkzODkzNTE3Njg=,2021-07-25T13:17:22Z,2026-05-03T18:59:26Z,2026-05-03T19:03:56Z,1489026,False,X-Ray-Engine-1.6-Origin,range-vs/X-Ray-Engine-1.6-Origin,git@github.com:range-vs/X-Ray-Engine-1.6-Origin.git,13
MDEwOlJlcG9zaXRvcnkzODkzMzAzMTQ=,2021-07-25T11:23:37Z,2026-03-01T13:40:26Z,2026-03-22T13:26:22Z,2148,False,AntEngine,antmuse/AntEngine,git@github.com:antmuse/AntEngine.git,4
MDEwOlJlcG9zaXRvcnkzODkzMDE0NDY=,2021-07-25T08:44:35Z,2026-05-06T11:00:49Z,2026-05-06T11:00:45Z,135,False,iso-butano,copyrat90/iso-butano,git@github.com:copyrat90/iso-butano.git,1
MDEwOlJlcG9zaXRvcnkzODkyOTU0NzQ=,2021-07-25T08:09:44Z,2026-04-29T06:48:18Z,2026-04-29T06:48:13Z,20163,False,astrolink4pi,astrojolo/astrolink4pi,git@github.com:astrojolo/astrolink4pi.git,3
MDEwOlJlcG9zaXRvcnkzODkyMDM2ODE=,2021-07-24T21:18:54Z,2026-05-06T18:20:04Z,2026-05-01T16:41:44Z,1001,True,beast2,cppalliance/beast2,git@github.com:cppalliance/beast2.git,33
MDEwOlJlcG9zaXRvcnkzODkxNTAzMDg=,2021-07-24T16:44:14Z,2026-04-10T10:26:53Z,2026-04-10T10:26:48Z,3715,False,Programming_Language_Examples,fiking/Programming_Language_Examples,git@github.com:fiking/Programming_Language_Examples.git,0
MDEwOlJlcG9zaXRvcnkzODkwOTY1MjI=,2021-07-24T12:42:08Z,2026-04-15T06:50:01Z,2026-04-15T06:49:56Z,88192,False,Garifulin,wei-blip/Garifulin,git@github.com:wei-blip/Garifulin.git,0
MDEwOlJlcG9zaXRvcnkzODkwNDYyNTg=,2021-07-24T08:42:26Z,2026-05-06T17:08:44Z,2026-05-06T17:08:39Z,5798,False,ViewDesign,hchenqi/ViewDesign,git@github.com:hchenqi/ViewDesign.git,5
MDEwOlJlcG9zaXRvcnkzODg5NDY0OTA=,2021-07-23T23:00:23Z,2026-05-07T02:59:35Z,2026-05-07T00:08:40Z,250886,True,velox,facebookincubator/velox,org-19538647@github.com:facebookincubator/velox.git,4118
MDEwOlJlcG9zaXRvcnkzODg5MDA5Njg=,2021-07-23T19:04:49Z,2026-04-23T16:34:32Z,2026-04-23T16:34:31Z,153,True,motorAutomation1,epics-motor/motorAutomation1,git@github.com:epics-motor/motorAutomation1.git,3
MDEwOlJlcG9zaXRvcnkzODg4OTc1NDg=,2021-07-23T18:50:21Z,2026-04-13T03:22:08Z,2026-04-13T03:22:00Z,6790,True,accelbyte-unreal-network-utilities,AccelByte/accelbyte-unreal-network-utilities,git@github.com:AccelByte/accelbyte-unreal-network-utilities.git,7
MDEwOlJlcG9zaXRvcnkzODg4OTUwNjM=,2021-07-23T18:39:23Z,2026-03-20T00:47:01Z,2026-03-20T00:46:54Z,172,False,libudjatproclist,PerryWerneck/libudjatproclist,git@github.com:PerryWerneck/libudjatproclist.git,0
MDEwOlJlcG9zaXRvcnkzODg4NzIyMTY=,2021-07-23T17:08:26Z,2026-03-08T10:16:48Z,2026-03-08T10:16:44Z,584,False,sim7000-tracker,eaxsi/sim7000-tracker,git@github.com:eaxsi/sim7000-tracker.git,11
MDEwOlJlcG9zaXRvcnkzODg4NTU3MTQ=,2021-07-23T16:04:57Z,2026-04-26T20:42:23Z,2026-04-26T20:42:19Z,25,False,DeskLighting,Sadeeed/DeskLighting,git@github.com:Sadeeed/DeskLighting.git,0
MDEwOlJlcG9zaXRvcnkzODg3ODE3Njk=,2021-07-23T11:40:15Z,2026-04-29T17:40:27Z,2026-04-29T17:40:22Z,1098,True,LiteMath,msu-graphics-group/LiteMath,git@github.com:msu-graphics-group/LiteMath.git,11
MDEwOlJlcG9zaXRvcnkzODg3Njg0MjM=,2021-07-23T10:46:19Z,2026-03-01T08:09:29Z,2026-03-01T08:09:25Z,1793,False,leetcode_practice,bielaiii/leetcode_practice,git@github.com:bielaiii/leetcode_practice.git,0
MDEwOlJlcG9zaXRvcnkzODg3NDY3ODI=,2021-07-23T09:23:58Z,2026-04-29T19:41:28Z,2026-03-02T14:48:29Z,9346,False,retruxx,mindflower/retruxx,git@github.com:mindflower/retruxx.git,4
MDEwOlJlcG9zaXRvcnkzODg2ODE4NjU=,2021-07-23T04:55:43Z,2026-04-26T14:26:34Z,2026-04-26T14:26:28Z,3882,False,CGUtils,wyzwzz/CGUtils,git@github.com:wyzwzz/CGUtils.git,2
MDEwOlJlcG9zaXRvcnkzODg2NTUzOTM=,2021-07-23T02:31:57Z,2026-04-24T09:44:43Z,2026-04-24T09:41:50Z,202850,True,gcc,openeuler-mirror/gcc,git@github.com:openeuler-mirror/gcc.git,2
MDEwOlJlcG9zaXRvcnkzODg2MjI5ODg=,2021-07-22T23:22:12Z,2026-05-01T01:42:24Z,2026-05-01T01:51:10Z,145,True,rwlcontainer,SiddiqSoft/rwlcontainer,git@github.com:SiddiqSoft/rwlcontainer.git,0
MDEwOlJlcG9zaXRvcnkzODg1Nzg2MTk=,2021-07-22T19:43:15Z,2026-04-13T15:01:53Z,2026-04-13T15:01:49Z,12,False,esp32-ssid-spammer,DanielArndt0/esp32-ssid-spammer,git@github.com:DanielArndt0/esp32-ssid-spammer.git,0
MDEwOlJlcG9zaXRvcnkzODg1NjMyOTg=,2021-07-22T18:39:23Z,2026-03-17T00:11:53Z,2026-03-17T00:11:48Z,4812,False,myspace,nickav/myspace,git@github.com:nickav/myspace.git,2
MDEwOlJlcG9zaXRvcnkzODg1MzY2NzE=,2021-07-22T16:57:43Z,2026-04-24T15:28:39Z,2026-04-24T15:28:35Z,56302,False,others,bytesrun/others,git@github.com:bytesrun/others.git,0
MDEwOlJlcG9zaXRvcnkzODg1MzAxMzQ=,2021-07-22T16:34:22Z,2026-05-06T06:14:10Z,2026-05-07T04:23:54Z,14596,True,opentelemetry-network,open-telemetry/opentelemetry-network,git@github.com:open-telemetry/opentelemetry-network.git,405
MDEwOlJlcG9zaXRvcnkzODg0MDg2MTc=,2021-07-22T09:42:32Z,2026-04-20T12:28:39Z,2026-04-20T12:34:35Z,573,True,Soldered-Relay-Arduino-Library,SolderedElectronics/Soldered-Relay-Arduino-Library,git@github.com:SolderedElectronics/Soldered-Relay-Arduino-Library.git,0
MDEwOlJlcG9zaXRvcnkzODgzNzYxNjI=,2021-07-22T07:55:59Z,2026-03-12T15:53:59Z,2026-03-12T15:53:52Z,252213,False,2D-Shooting-game,Whatop/2D-Shooting-game,git@github.com:Whatop/2D-Shooting-game.git,0
MDEwOlJlcG9zaXRvcnkzODgzNTk0ODk=,2021-07-22T06:54:04Z,2026-04-29T21:24:09Z,2026-04-29T21:28:23Z,109,True,rwlenvelope,SiddiqSoft/rwlenvelope,git@github.com:SiddiqSoft/rwlenvelope.git,0
MDEwOlJlcG9zaXRvcnkzODgzNDA3NjI=,2021-07-22T05:40:33Z,2026-05-05T04:21:16Z,2026-05-05T04:21:13Z,970,False,DSAusingCPP,mrneilk/DSAusingCPP,git@github.com:mrneilk/DSAusingCPP.git,0
MDEwOlJlcG9zaXRvcnkzODgzMDYxNDU=,2021-07-22T02:39:47Z,2026-05-06T05:49:40Z,2026-05-06T05:49:36Z,47,True,qmmp-openmpt,TTK-qmmp/qmmp-openmpt,git@github.com:TTK-qmmp/qmmp-openmpt.git,1
MDEwOlJlcG9zaXRvcnkzODgyNTM1NDg=,2021-07-21T21:46:49Z,2026-04-21T21:49:17Z,2026-04-21T21:49:14Z,73,False,competitive,abhi-g80/competitive,git@github.com:abhi-g80/competitive.git,0
MDEwOlJlcG9zaXRvcnkzODgyNDM0NzI=,2021-07-21T20:55:32Z,2026-03-01T16:22:44Z,2026-03-01T16:22:40Z,83,False,taupe-live,empeeby/taupe-live,git@github.com:empeeby/taupe-live.git,0
MDEwOlJlcG9zaXRvcnkzODgyMjM2ODY=,2021-07-21T19:24:23Z,2026-04-29T21:27:16Z,2026-04-29T21:27:12Z,917,False,TimusAcm,KhanSolo/TimusAcm,git@github.com:KhanSolo/TimusAcm.git,0
MDEwOlJlcG9zaXRvcnkzODgyMjI4MzM=,2021-07-21T19:20:21Z,2026-05-06T20:56:04Z,2026-05-06T20:59:24Z,27468,True,nginx-datadog,DataDog/nginx-datadog,git@github.com:DataDog/nginx-datadog.git,42
MDEwOlJlcG9zaXRvcnkzODgxOTk2NzU=,2021-07-21T17:43:45Z,2026-04-08T07:04:23Z,2026-03-19T01:49:47Z,1769,True,kms-integrations,GoogleCloudPlatform/kms-integrations,git@github.com:GoogleCloudPlatform/kms-integrations.git,49
MDEwOlJlcG9zaXRvcnkzODgxNjEwOTY=,2021-07-21T15:24:47Z,2026-04-06T07:03:05Z,2026-03-27T17:44:19Z,233,False,GFG-Must-Do-Coding-Questions,spaceman-dev/GFG-Must-Do-Coding-Questions,git@github.com:spaceman-dev/GFG-Must-Do-Coding-Questions.git,8
MDEwOlJlcG9zaXRvcnkzODgxNTg2MzE=,2021-07-21T15:16:26Z,2026-04-20T05:18:32Z,2026-05-06T21:45:43Z,305950,True,emphaticsoft,EMPHATICSoft/emphaticsoft,git@github.com:EMPHATICSoft/emphaticsoft.git,3
MDEwOlJlcG9zaXRvcnkzODgxMzMyMjM=,2021-07-21T13:54:56Z,2026-05-06T12:49:55Z,2026-04-16T17:36:27Z,869,False,MC-Calib,rameau-fr/MC-Calib,git@github.com:rameau-fr/MC-Calib.git,520
MDEwOlJlcG9zaXRvcnkzODgxMjE1NjQ=,2021-07-21T13:13:19Z,2026-05-07T08:09:50Z,2026-05-07T08:09:45Z,605,False,projgeom-cpp,luk036/projgeom-cpp,git@github.com:luk036/projgeom-cpp.git,0
MDEwOlJlcG9zaXRvcnkzODgxMDkyMzE=,2021-07-21T12:27:32Z,2026-04-16T12:14:19Z,2026-04-16T12:13:58Z,1795800,False,OpenRtcomm,qycx/OpenRtcomm,git@github.com:qycx/OpenRtcomm.git,0
MDEwOlJlcG9zaXRvcnkzODgxMDYxMzY=,2021-07-21T12:15:33Z,2026-04-26T13:58:01Z,2026-05-02T06:24:47Z,6511,False,bitrl,pockerman/bitrl,git@github.com:pockerman/bitrl.git,17
MDEwOlJlcG9zaXRvcnkzODgwOTE1Mjk=,2021-07-21T11:15:13Z,2026-03-13T09:11:58Z,2026-03-13T09:11:54Z,2035,False,DisbaTomo,pan3rock/DisbaTomo,git@github.com:pan3rock/DisbaTomo.git,78
MDEwOlJlcG9zaXRvcnkzODgwNzY5NzI=,2021-07-21T10:15:59Z,2026-05-02T18:06:07Z,2026-05-02T18:06:06Z,36644,False,d2x-xl,arbruijn/d2x-xl,git@github.com:arbruijn/d2x-xl.git,15
MDEwOlJlcG9zaXRvcnkzODgwNjU2Mjc=,2021-07-21T09:33:29Z,2026-04-23T23:50:19Z,2026-04-23T20:54:10Z,6621,False,h264nal,chemag/h264nal,git@github.com:chemag/h264nal.git,62
MDEwOlJlcG9zaXRvcnkzODgwNDcwNjQ=,2021-07-21T08:24:11Z,2026-04-13T03:15:27Z,2026-04-13T03:15:23Z,42156,True,accelbyte-unreal-sdk-plugin,AccelByte/accelbyte-unreal-sdk-plugin,git@github.com:AccelByte/accelbyte-unreal-sdk-plugin.git,26
MDEwOlJlcG9zaXRvcnkzODc5NzEyNzI=,2021-07-21T02:37:15Z,2026-03-07T12:22:49Z,2026-03-08T22:07:24Z,19020,True,Lava,ustb-owl/Lava,git@github.com:ustb-owl/Lava.git,13
MDEwOlJlcG9zaXRvcnkzODc5MjIxNDc=,2021-07-20T21:52:27Z,2026-04-27T13:06:15Z,2026-05-05T09:16:01Z,193839,False,GleamEngine,batuhanbozyel/GleamEngine,git@github.com:batuhanbozyel/GleamEngine.git,20
MDEwOlJlcG9zaXRvcnkzODc4NTM3ODc=,2021-07-20T16:37:22Z,2026-05-07T06:24:03Z,2026-05-07T06:23:59Z,5464,True,impactx,BLAST-ImpactX/impactx,git@github.com:BLAST-ImpactX/impactx.git,57
MDEwOlJlcG9zaXRvcnkzODc4Mzg3MjA=,2021-07-20T15:39:35Z,2026-05-04T12:11:34Z,2026-04-19T14:32:26Z,1574401,False,Lekmod,EnormousApplePie/Lekmod,git@github.com:EnormousApplePie/Lekmod.git,40
MDEwOlJlcG9zaXRvcnkzODc2OTgyNDk=,2021-07-20T06:43:22Z,2026-04-26T08:43:37Z,2026-05-03T05:02:22Z,751,False,pgrank,andros21/pgrank,git@github.com:andros21/pgrank.git,0
MDEwOlJlcG9zaXRvcnkzODc2NzU5NjQ=,2021-07-20T04:54:38Z,2026-05-05T21:35:32Z,2026-05-07T01:06:11Z,188872,False,perf-ninja,dendibakh/perf-ninja,git@github.com:dendibakh/perf-ninja.git,3679
MDEwOlJlcG9zaXRvcnkzODc2Mzg5MDc=,2021-07-20T01:35:12Z,2026-04-30T02:25:18Z,2026-04-30T02:25:15Z,20073,False,vnpy_esunny,vnpy/vnpy_esunny,git@github.com:vnpy/vnpy_esunny.git,12
MDEwOlJlcG9zaXRvcnkzODc2MDIzNzY=,2021-07-19T21:50:24Z,2026-05-06T12:11:27Z,2026-05-04T18:57:11Z,162,False,functional_cpp,jkalias/functional_cpp,git@github.com:jkalias/functional_cpp.git,22
MDEwOlJlcG9zaXRvcnkzODc1ODc4Mzk=,2021-07-19T20:36:18Z,2026-05-06T14:05:11Z,2026-05-06T16:05:16Z,39596,True,multiplier,trailofbits/multiplier,git@github.com:trailofbits/multiplier.git,473
MDEwOlJlcG9zaXRvcnkzODc1Nzk4NjI=,2021-07-19T19:59:21Z,2026-04-26T16:40:38Z,2026-04-27T19:49:49Z,66,True,FirebaseAdminQt,cutelyst/FirebaseAdminQt,git@github.com:cutelyst/FirebaseAdminQt.git,1
MDEwOlJlcG9zaXRvcnkzODc1NDQwMTM=,2021-07-19T17:26:51Z,2026-04-11T06:12:00Z,2026-04-11T06:11:53Z,1000,False,ESkateUnderglow,Pomaser/ESkateUnderglow,git@github.com:Pomaser/ESkateUnderglow.git,0
MDEwOlJlcG9zaXRvcnkzODc1NDA4NzU=,2021-07-19T17:14:40Z,2026-05-06T13:41:42Z,2026-05-06T13:43:53Z,1083,False,memlogger,yvoinov/memlogger,git@github.com:yvoinov/memlogger.git,4
MDEwOlJlcG9zaXRvcnkzODc0MzI2MzU=,2021-07-19T10:57:36Z,2026-05-02T05:58:42Z,2026-05-02T06:44:27Z,338,False,corr-solver-cpp,luk036/corr-solver-cpp,git@github.com:luk036/corr-solver-cpp.git,1
MDEwOlJlcG9zaXRvcnkzODc0MzE0NDk=,2021-07-19T10:52:52Z,2026-04-30T15:01:32Z,2026-04-30T14:56:49Z,10028,False,rts2,samuel-watson/rts2,git@github.com:samuel-watson/rts2.git,3
MDEwOlJlcG9zaXRvcnkzODczNTkxNTk=,2021-07-19T06:16:15Z,2026-03-23T16:04:36Z,2026-03-23T16:04:31Z,39847,False,experiments,okuvshynov/experiments,git@github.com:okuvshynov/experiments.git,2
MDEwOlJlcG9zaXRvcnkzODczMjAzNDQ=,2021-07-19T02:50:07Z,2026-04-09T07:49:39Z,2026-04-09T07:49:28Z,629830,False,gittest,thunderflash/gittest,git@github.com:thunderflash/gittest.git,0
MDEwOlJlcG9zaXRvcnkzODczMDg5MjQ=,2021-07-19T01:48:43Z,2026-04-16T01:00:08Z,2026-04-16T01:00:04Z,1268,False,Cpp_Note,Jacob-xyb/Cpp_Note,git@github.com:Jacob-xyb/Cpp_Note.git,0
MDEwOlJlcG9zaXRvcnkzODczMDY1OTQ=,2021-07-19T01:35:15Z,2026-05-04T17:44:15Z,2026-05-04T17:44:10Z,15,False,CCPGPLOT,kriztioan/CCPGPLOT,git@github.com:kriztioan/CCPGPLOT.git,0
MDEwOlJlcG9zaXRvcnkzODcyNDc4Nzk=,2021-07-18T18:52:20Z,2026-05-06T18:19:47Z,2026-05-01T15:32:21Z,3439,True,http,cppalliance/http,git@github.com:cppalliance/http.git,33
MDEwOlJlcG9zaXRvcnkzODcxNDA5Njk=,2021-07-18T09:46:55Z,2026-05-01T08:21:17Z,2026-05-01T08:23:39Z,1418,False,ellalgo-cpp,luk036/ellalgo-cpp,git@github.com:luk036/ellalgo-cpp.git,0
MDEwOlJlcG9zaXRvcnkzODcxMjkzOTM=,2021-07-18T08:41:19Z,2026-04-27T21:05:02Z,2026-04-27T21:04:57Z,65827,False,tetmag,R-Hertel/tetmag,git@github.com:R-Hertel/tetmag.git,16
MDEwOlJlcG9zaXRvcnkzODcxMDc2NjM=,2021-07-18T06:33:05Z,2026-04-26T13:04:12Z,2026-04-26T13:04:09Z,639,True,cpp-osx-cg_display,pqrs-org/cpp-osx-cg_display,git@github.com:pqrs-org/cpp-osx-cg_display.git,1
MDEwOlJlcG9zaXRvcnkzODcwOTY3MTg=,2021-07-18T05:19:46Z,2026-03-20T16:08:28Z,2026-03-20T16:08:00Z,55,False,CIPTool,xan1242/CIPTool,git@github.com:xan1242/CIPTool.git,7
MDEwOlJlcG9zaXRvcnkzODcwOTE3NTI=,2021-07-18T04:45:09Z,2026-04-15T06:25:13Z,2026-04-15T06:25:09Z,1130,False,SolvedProblems,saikeerthan-14/SolvedProblems,git@github.com:saikeerthan-14/SolvedProblems.git,0
MDEwOlJlcG9zaXRvcnkzODcwNDg0MjA=,2021-07-17T22:37:33Z,2026-05-06T02:05:25Z,2026-05-06T02:04:49Z,2223,False,bomberman,picl-m/bomberman,git@github.com:picl-m/bomberman.git,0
MDEwOlJlcG9zaXRvcnkzODcwMzAzNjA=,2021-07-17T20:20:40Z,2026-05-05T18:22:34Z,2026-05-05T18:22:30Z,1547,False,LeetCode,jossergio/LeetCode,git@github.com:jossergio/LeetCode.git,0
MDEwOlJlcG9zaXRvcnkzODY5ODc1NTk=,2021-07-17T16:26:16Z,2026-03-09T07:06:56Z,2026-03-09T07:06:52Z,49,False,Dynamic-Programming,Raja58/Dynamic-Programming,git@github.com:Raja58/Dynamic-Programming.git,0
MDEwOlJlcG9zaXRvcnkzODY5Nzc0NjQ=,2021-07-17T15:42:46Z,2026-05-06T20:13:25Z,2026-05-06T20:13:25Z,1009,False,tromino-puzzle,oboukli/tromino-puzzle,git@github.com:oboukli/tromino-puzzle.git,4
MDEwOlJlcG9zaXRvcnkzODY5NDEyNzg=,2021-07-17T13:10:53Z,2026-05-07T05:29:41Z,2026-05-07T05:29:37Z,12041,False,ckpttn-cpp,luk036/ckpttn-cpp,git@github.com:luk036/ckpttn-cpp.git,4
MDEwOlJlcG9zaXRvcnkzODY4NzM4NDc=,2021-07-17T07:52:08Z,2026-05-02T14:40:25Z,2026-05-07T11:33:27Z,1946,False,robot_esp32_v4,rhadrian99/robot_esp32_v4,git@github.com:rhadrian99/robot_esp32_v4.git,0
MDEwOlJlcG9zaXRvcnkzODY3OTE3NjA=,2021-07-16T23:52:24Z,2026-04-30T12:34:20Z,2026-04-14T08:43:28Z,461,True,D3D9On12,microsoft/D3D9On12,git@github.com:microsoft/D3D9On12.git,388
MDEwOlJlcG9zaXRvcnkzODY3NjY1MzE=,2021-07-16T21:18:34Z,2026-05-03T06:14:44Z,2026-05-03T06:14:41Z,279,False,soupbintcp,bobbleclank/soupbintcp,git@github.com:bobbleclank/soupbintcp.git,2
MDEwOlJlcG9zaXRvcnkzODY3NjQ1MzQ=,2021-07-16T21:08:21Z,2026-03-24T00:30:51Z,2026-03-24T00:30:46Z,6967,False,Vulkan-Renderer,matt-aquino/Vulkan-Renderer,git@github.com:matt-aquino/Vulkan-Renderer.git,0
MDEwOlJlcG9zaXRvcnkzODY3NTY3Njc=,2021-07-16T20:29:41Z,2026-04-13T09:33:49Z,2026-03-09T13:25:00Z,1903,False,Openwheel,bytesizedengineering/Openwheel,git@github.com:bytesizedengineering/Openwheel.git,70
MDEwOlJlcG9zaXRvcnkzODY3NDE2MjQ=,2021-07-16T19:20:00Z,2026-04-14T13:35:44Z,2026-04-14T13:35:35Z,12733,False,JuiceOS-Kernel32,purepelmen/JuiceOS-Kernel32,git@github.com:purepelmen/JuiceOS-Kernel32.git,4
MDEwOlJlcG9zaXRvcnkzODY2OTU4MzY=,2021-07-16T16:12:07Z,2026-05-05T18:23:49Z,2026-05-05T18:23:43Z,584,True,labwc-tweaks,labwc/labwc-tweaks,git@github.com:labwc/labwc-tweaks.git,54
MDEwOlJlcG9zaXRvcnkzODY2OTEzODk=,2021-07-16T15:56:39Z,2026-04-17T17:59:48Z,2026-04-17T17:59:44Z,1036,False,esphome_devices,DanNixon/esphome_devices,git@github.com:DanNixon/esphome_devices.git,0
MDEwOlJlcG9zaXRvcnkzODY2ODI4MDQ=,2021-07-16T15:27:30Z,2022-06-02T14:36:44Z,2026-03-19T10:42:47Z,718,True,os-pugixml,pexip/os-pugixml,git@github.com:pexip/os-pugixml.git,0
MDEwOlJlcG9zaXRvcnkzODY2NzAzNTM=,2021-07-16T14:46:12Z,2026-05-06T23:12:47Z,2026-03-21T21:31:43Z,6580,False,ldhewm3-rearmed,Rinnegatamante/ldhewm3-rearmed,git@github.com:Rinnegatamante/ldhewm3-rearmed.git,49
MDEwOlJlcG9zaXRvcnkzODY2NDM4OTM=,2021-07-16T13:18:39Z,2026-04-17T08:34:17Z,2026-04-24T11:18:17Z,279,True,ITKCudaCommon,RTKConsortium/ITKCudaCommon,git@github.com:RTKConsortium/ITKCudaCommon.git,9
MDEwOlJlcG9zaXRvcnkzODY2NDM1OTE=,2021-07-16T13:17:33Z,2026-04-30T17:48:00Z,2026-04-30T17:47:55Z,5304,False,q-sylvan,sebastiaanbrand/q-sylvan,git@github.com:sebastiaanbrand/q-sylvan.git,2
MDEwOlJlcG9zaXRvcnkzODY2MzY2NTk=,2021-07-16T12:53:39Z,2026-05-04T19:57:22Z,2026-03-26T06:26:08Z,126,False,OpenRGB-Ambient,krojew/OpenRGB-Ambient,git@github.com:krojew/OpenRGB-Ambient.git,18
MDEwOlJlcG9zaXRvcnkzODY2MzQxMjg=,2021-07-16T12:44:47Z,2026-03-19T01:37:31Z,2026-03-19T01:37:24Z,374,False,libudjatnetwork,PerryWerneck/libudjatnetwork,git@github.com:PerryWerneck/libudjatnetwork.git,0
MDEwOlJlcG9zaXRvcnkzODY2MzI4MzI=,2021-07-16T12:40:26Z,2026-04-08T11:42:59Z,2026-04-08T11:43:42Z,146,False,AAudioTone,batcaveMessi/AAudioTone,git@github.com:batcaveMessi/AAudioTone.git,0
MDEwOlJlcG9zaXRvcnkzODY2MTk4Mzk=,2021-07-16T11:53:47Z,2026-04-27T21:35:18Z,2026-04-27T21:35:14Z,232,False,dexter-code03,dexter-code03/dexter-code03,git@github.com:dexter-code03/dexter-code03.git,0
MDEwOlJlcG9zaXRvcnkzODY1MzQwNDY=,2021-07-16T06:29:53Z,2026-05-04T16:31:46Z,2026-04-07T02:05:43Z,261766,True,cam_lidar_calibration,acfr/cam_lidar_calibration,git@github.com:acfr/cam_lidar_calibration.git,540
MDEwOlJlcG9zaXRvcnkzODY1MDgyOTQ=,2021-07-16T04:27:16Z,2026-04-14T21:48:49Z,2026-04-14T21:48:44Z,387,True,Toastbox,toasterllc/Toastbox,git@github.com:toasterllc/Toastbox.git,8
MDEwOlJlcG9zaXRvcnkzODY0ODkxODg=,2021-07-16T02:51:31Z,2026-04-28T07:45:59Z,2026-04-28T07:45:54Z,18838,False,CppLibs,LightSun/CppLibs,git@github.com:LightSun/CppLibs.git,0
MDEwOlJlcG9zaXRvcnkzODY0Mjc1MzA=,2021-07-15T21:24:57Z,2026-03-25T12:03:29Z,2026-03-25T12:03:25Z,250,True,gen_bigclock,WACUP/gen_bigclock,git@github.com:WACUP/gen_bigclock.git,3
MDEwOlJlcG9zaXRvcnkzODY0MjYzNjM=,2021-07-15T21:19:08Z,2026-03-25T14:02:59Z,2026-03-25T14:02:38Z,4639,False,mmomtchev,mmomtchev/mmomtchev,git@github.com:mmomtchev/mmomtchev.git,0
MDEwOlJlcG9zaXRvcnkzODY0MDg1OTM=,2021-07-15T19:56:23Z,2026-04-26T15:13:57Z,2026-05-06T15:34:02Z,4226,False,frog-engine,Bleskocvok/frog-engine,git@github.com:Bleskocvok/frog-engine.git,1
MDEwOlJlcG9zaXRvcnkzODYzNTgyNTc=,2021-07-15T16:35:35Z,2026-04-02T10:48:50Z,2026-04-02T10:48:45Z,175,True,os-ade,pexip/os-ade,git@github.com:pexip/os-ade.git,0
MDEwOlJlcG9zaXRvcnkzODYzMzgzNDg=,2021-07-15T15:28:56Z,2026-04-27T10:08:05Z,2026-04-27T10:08:01Z,159,False,gdnutil,colugomusic/gdnutil,git@github.com:colugomusic/gdnutil.git,0
MDEwOlJlcG9zaXRvcnkzODYzMjEwODU=,2021-07-15T14:34:28Z,2026-04-21T21:01:30Z,2026-04-21T21:01:27Z,248,False,Zodiac,SpehleonLP/Zodiac,git@github.com:SpehleonLP/Zodiac.git,0
MDEwOlJlcG9zaXRvcnkzODYzMDEzNjg=,2021-07-15T13:33:35Z,2026-05-05T09:07:31Z,2026-05-05T09:07:25Z,4580,False,twgss,miyagi-sensei/twgss,git@github.com:miyagi-sensei/twgss.git,0
MDEwOlJlcG9zaXRvcnkzODYyMTc5MzA=,2021-07-15T08:25:03Z,2026-04-10T09:07:02Z,2026-04-10T09:06:58Z,254994,True,Machine-Learning,CompEngMS/Machine-Learning,git@github.com:CompEngMS/Machine-Learning.git,0
MDEwOlJlcG9zaXRvcnkzODYxODQ1NjQ=,2021-07-15T06:11:43Z,2026-03-12T23:55:19Z,2026-03-13T00:14:22Z,49,False,xml_parser,punytroll/xml_parser,git@github.com:punytroll/xml_parser.git,0
MDEwOlJlcG9zaXRvcnkzODYxNjE5ODM=,2021-07-15T04:26:08Z,2026-05-07T06:13:15Z,2026-05-07T06:13:10Z,373,False,netoptim-cpp,luk036/netoptim-cpp,git@github.com:luk036/netoptim-cpp.git,0
MDEwOlJlcG9zaXRvcnkzODYxMzY2NjU=,2021-07-15T02:26:24Z,2026-04-17T13:51:37Z,2026-04-27T19:31:40Z,168,True,mc_rtc-imgui,mc-rtc/mc_rtc-imgui,git@github.com:mc-rtc/mc_rtc-imgui.git,0
MDEwOlJlcG9zaXRvcnkzODYxMzA5MzM=,2021-07-15T01:58:41Z,2026-03-24T21:01:27Z,2026-03-24T21:01:22Z,14031,False,TinyVisualizer,gaoxifeng/TinyVisualizer,git@github.com:gaoxifeng/TinyVisualizer.git,0
MDEwOlJlcG9zaXRvcnkzODYwOTU1MjE=,2021-07-14T22:49:43Z,2026-03-25T00:20:35Z,2026-03-25T00:20:31Z,13344,False,ecs,KnockerPulsar/ecs,git@github.com:KnockerPulsar/ecs.git,5
MDEwOlJlcG9zaXRvcnkzODYwODc5NzM=,2021-07-14T22:08:12Z,2026-05-06T00:08:05Z,2026-05-06T00:08:01Z,35,False,chpe_example,0xbadfca11/chpe_example,git@github.com:0xbadfca11/chpe_example.git,13
MDEwOlJlcG9zaXRvcnkzODU5NzM0ODA=,2021-07-14T14:41:53Z,2026-03-15T12:54:59Z,2026-03-15T12:54:56Z,2561,False,matrix,pkhurt/matrix,git@github.com:pkhurt/matrix.git,1
MDEwOlJlcG9zaXRvcnkzODU5NzA2MjM=,2021-07-14T14:32:33Z,2026-04-15T14:04:46Z,2026-04-15T14:04:43Z,3648,True,via-native-plugins,neurala/via-native-plugins,git@github.com:neurala/via-native-plugins.git,0
MDEwOlJlcG9zaXRvcnkzODU5NTg0MTY=,2021-07-14T13:54:30Z,2026-05-07T11:15:25Z,2026-05-07T11:15:20Z,102617,True,O2Physics,AliceO2Group/O2Physics,git@github.com:AliceO2Group/O2Physics.git,56
MDEwOlJlcG9zaXRvcnkzODU5NDIzMTA=,2021-07-14T13:03:04Z,2026-04-30T14:14:59Z,2026-04-30T14:14:29Z,100,True,pyi2t,mazoea/pyi2t,git@github.com:mazoea/pyi2t.git,0
MDEwOlJlcG9zaXRvcnkzODU5MjQ0MDE=,2021-07-14T12:00:14Z,2026-04-18T11:22:07Z,2026-04-18T11:22:03Z,75,False,Win32Tools,qinxs/Win32Tools,git@github.com:qinxs/Win32Tools.git,0
MDEwOlJlcG9zaXRvcnkzODU5MDM1MzM=,2021-07-14T10:39:31Z,2026-03-11T14:35:38Z,2026-03-11T14:35:14Z,95,True,TASTE-Linux-Runtime,n7space/TASTE-Linux-Runtime,git@github.com:n7space/TASTE-Linux-Runtime.git,0
MDEwOlJlcG9zaXRvcnkzODU5MDMxNjE=,2021-07-14T10:38:09Z,2026-03-25T15:44:58Z,2026-03-25T15:40:45Z,122,True,TASTE-Linux-Drivers,n7space/TASTE-Linux-Drivers,git@github.com:n7space/TASTE-Linux-Drivers.git,0
MDEwOlJlcG9zaXRvcnkzODU4NDMxMzI=,2021-07-14T06:52:38Z,2026-05-07T07:20:59Z,2026-05-07T07:20:55Z,2295,False,xnetwork-cpp,luk036/xnetwork-cpp,git@github.com:luk036/xnetwork-cpp.git,20
MDEwOlJlcG9zaXRvcnkzODU4MjY1OTg=,2021-07-14T05:42:13Z,2026-05-06T21:00:45Z,2026-05-07T08:48:12Z,302469,False,sdrberry,paulh002/sdrberry,git@github.com:paulh002/sdrberry.git,220
MDEwOlJlcG9zaXRvcnkzODU3OTQ0Mjg=,2021-07-14T02:47:13Z,2026-05-07T07:24:14Z,2026-05-07T07:24:10Z,399,False,lds-cpp,luk036/lds-cpp,git@github.com:luk036/lds-cpp.git,0
MDEwOlJlcG9zaXRvcnkzODU3NDg2MzQ=,2021-07-13T22:17:38Z,2026-05-04T06:49:30Z,2026-04-11T14:52:32Z,496786,False,gearmulator,dsp56300/gearmulator,git@github.com:dsp56300/gearmulator.git,1155
MDEwOlJlcG9zaXRvcnkzODU3Mjg4NTM=,2021-07-13T20:35:06Z,2026-04-30T08:56:55Z,2026-05-04T15:05:56Z,24561,True,rsp-core-library,rsps/rsp-core-library,git@github.com:rsps/rsp-core-library.git,1
MDEwOlJlcG9zaXRvcnkzODU3MjMzOTg=,2021-07-13T20:08:22Z,2026-04-24T14:38:37Z,2026-04-22T19:04:51Z,2939,True,irods_client_s3_api,irods/irods_client_s3_api,git@github.com:irods/irods_client_s3_api.git,3
MDEwOlJlcG9zaXRvcnkzODU3MDg0MTE=,2021-07-13T19:04:34Z,2026-03-10T15:07:12Z,2026-03-10T15:06:15Z,22,False,algorithms,ImCppDev/algorithms,git@github.com:ImCppDev/algorithms.git,0
MDEwOlJlcG9zaXRvcnkzODU2ODA0MTY=,2021-07-13T17:13:17Z,2026-03-25T13:26:45Z,2026-03-25T13:26:27Z,71,False,CodeTemplates,inluminas/CodeTemplates,git@github.com:inluminas/CodeTemplates.git,0
MDEwOlJlcG9zaXRvcnkzODU2MzM3MjE=,2021-07-13T14:32:19Z,2026-04-30T07:21:41Z,2026-04-30T07:21:37Z,2430,False,Problem-solving,anjalikaushik20/Problem-solving,git@github.com:anjalikaushik20/Problem-solving.git,0
MDEwOlJlcG9zaXRvcnkzODU2MTgxNDc=,2021-07-13T13:43:09Z,2026-04-30T10:16:44Z,2026-04-30T10:16:40Z,121734,False,RISC-V-cpu,ycx122/RISC-V-cpu,git@github.com:ycx122/RISC-V-cpu.git,6
MDEwOlJlcG9zaXRvcnkzODU2MTEyMzU=,2021-07-13T13:20:33Z,2026-04-25T09:44:32Z,2026-04-25T09:44:29Z,158408,False,SerStacker,amyznikov/SerStacker,git@github.com:amyznikov/SerStacker.git,10
MDEwOlJlcG9zaXRvcnkzODU2MDQ5Mzk=,2021-07-13T12:59:16Z,2026-03-27T01:16:26Z,2026-03-27T01:33:29Z,1566,False,pyehm,sglvladi/pyehm,git@github.com:sglvladi/pyehm.git,3
MDEwOlJlcG9zaXRvcnkzODU1OTY5OTU=,2021-07-13T12:31:51Z,2026-04-27T05:22:56Z,2026-04-27T05:58:28Z,1905,True,arrow-cookbook,apache/arrow-cookbook,git@github.com:apache/arrow-cookbook.git,107
MDEwOlJlcG9zaXRvcnkzODU1MzQ5NzM=,2021-07-13T08:37:46Z,2026-04-20T13:08:37Z,2026-04-20T14:01:18Z,38,True,node-darwin-process,epsitec-sa/node-darwin-process,git@github.com:epsitec-sa/node-darwin-process.git,0
MDEwOlJlcG9zaXRvcnkzODU1MTY5MjM=,2021-07-13T07:31:19Z,2026-04-15T16:54:52Z,2026-04-15T16:56:08Z,434,True,xayax,xaya/xayax,git@github.com:xaya/xayax.git,3
MDEwOlJlcG9zaXRvcnkzODU0OTI1MzA=,2021-07-13T05:57:01Z,2026-04-17T13:49:46Z,2026-04-17T13:49:36Z,20437,False,Portfolio,valemichelleee/Portfolio,git@github.com:valemichelleee/Portfolio.git,0
MDEwOlJlcG9zaXRvcnkzODU0OTA4Mzg=,2021-07-13T05:48:48Z,2026-04-23T10:33:59Z,2026-04-23T10:33:58Z,1041,True,Soldered-Generic-Arduino-Library,SolderedElectronics/Soldered-Generic-Arduino-Library,git@github.com:SolderedElectronics/Soldered-Generic-Arduino-Library.git,0
MDEwOlJlcG9zaXRvcnkzODU0NzUwNjM=,2021-07-13T04:29:32Z,2026-04-04T14:49:49Z,2026-04-21T07:08:13Z,125114,True,lwnode,Samsung/lwnode,git@github.com:Samsung/lwnode.git,33
MDEwOlJlcG9zaXRvcnkzODUzOTM4NzA=,2021-07-12T21:58:14Z,2026-03-21T00:19:51Z,2026-03-21T00:19:47Z,1029,False,Dreinale,Dreinale/Dreinale,git@github.com:Dreinale/Dreinale.git,2
MDEwOlJlcG9zaXRvcnkzODUzNzk0OTA=,2021-07-12T20:48:31Z,2026-03-13T18:31:42Z,2026-03-13T18:31:36Z,42910,False,2D-Multiplayer-Arena,Pretscher/2D-Multiplayer-Arena,git@github.com:Pretscher/2D-Multiplayer-Arena.git,1
MDEwOlJlcG9zaXRvcnkzODUzNzE3OTM=,2021-07-12T20:14:09Z,2026-05-07T10:48:20Z,2026-05-07T05:32:40Z,268841,False,OdysseyDecomp,MonsterDruide1/OdysseyDecomp,git@github.com:MonsterDruide1/OdysseyDecomp.git,335
MDEwOlJlcG9zaXRvcnkzODUzNzExNzc=,2021-07-12T20:11:37Z,2026-05-04T20:31:17Z,2026-05-04T03:57:44Z,115,False,alphanumeric,andydoro/alphanumeric,git@github.com:andydoro/alphanumeric.git,0
MDEwOlJlcG9zaXRvcnkzODUzNjgzMDA=,2021-07-12T19:59:49Z,2026-04-03T12:35:01Z,2026-03-17T14:59:30Z,192,False,CppShot,Cvolton/CppShot,git@github.com:Cvolton/CppShot.git,36
MDEwOlJlcG9zaXRvcnkzODUzNDE5NDI=,2021-07-12T18:14:15Z,2026-04-02T21:04:25Z,2026-04-02T21:04:19Z,162,True,kafkaopmon,DUNE-DAQ/kafkaopmon,git@github.com:DUNE-DAQ/kafkaopmon.git,0
MDEwOlJlcG9zaXRvcnkzODUyNTgwOTk=,2021-07-12T13:31:22Z,2026-05-07T05:41:51Z,2026-05-07T05:41:47Z,1218,False,ecgen-cpp,luk036/ecgen-cpp,git@github.com:luk036/ecgen-cpp.git,0
MDEwOlJlcG9zaXRvcnkzODUyMTk3NjU=,2021-07-12T11:11:56Z,2026-03-07T16:00:02Z,2026-03-07T15:59:56Z,28154,False,SmartHome,rafal-tarnow/SmartHome,git@github.com:rafal-tarnow/SmartHome.git,0
MDEwOlJlcG9zaXRvcnkzODUxNDczMjA=,2021-07-12T06:31:31Z,2026-04-05T15:30:23Z,2026-04-05T15:30:17Z,3547,True,Plugin,OpenPF2/Plugin,git@github.com:OpenPF2/Plugin.git,30
MDEwOlJlcG9zaXRvcnkzODUwNTM5NDU=,2021-07-11T21:18:23Z,2026-04-15T11:23:24Z,2026-03-03T14:35:59Z,228939,False,rtbr-open-source,rtbr-opensource/rtbr-open-source,git@github.com:rtbr-opensource/rtbr-open-source.git,57
MDEwOlJlcG9zaXRvcnkzODUwMzU1NTM=,2021-07-11T19:27:05Z,2026-03-31T21:45:55Z,2026-04-23T21:05:49Z,10019,True,lsp-plugins-sampler,lsp-plugins/lsp-plugins-sampler,git@github.com:lsp-plugins/lsp-plugins-sampler.git,2
MDEwOlJlcG9zaXRvcnkzODUwMjMyNDA=,2021-07-11T18:22:07Z,2026-04-28T00:46:42Z,2026-04-28T00:46:38Z,862,True,vakzination,KDE/vakzination,git@github.com:KDE/vakzination.git,6
MDEwOlJlcG9zaXRvcnkzODQ5ODcxMTk=,2021-07-11T15:41:52Z,2026-04-21T20:30:37Z,2026-04-21T20:30:32Z,70,False,cskia,richardwilkes/cskia,git@github.com:richardwilkes/cskia.git,33
MDEwOlJlcG9zaXRvcnkzODQ5NjgzNjY=,2021-07-11T14:25:58Z,2026-05-05T08:59:59Z,2026-05-05T08:59:55Z,3066,False,physdes-cpp,luk036/physdes-cpp,git@github.com:luk036/physdes-cpp.git,2
MDEwOlJlcG9zaXRvcnkzODQ5MzI4NzY=,2021-07-11T11:37:53Z,2026-05-05T06:03:09Z,2026-05-05T06:03:05Z,22926,False,CP,h4ck0lympus/CP,git@github.com:h4ck0lympus/CP.git,0
MDEwOlJlcG9zaXRvcnkzODQ5MDc0MTM=,2021-07-11T09:28:45Z,2026-04-01T20:38:02Z,2026-03-29T13:00:59Z,3577,False,micronova_controller,philibertc/micronova_controller,git@github.com:philibertc/micronova_controller.git,87
MDEwOlJlcG9zaXRvcnkzODQ4NTcyNDQ=,2021-07-11T04:10:52Z,2026-05-04T22:24:57Z,2026-05-04T22:24:52Z,1724,False,smpeg,icculus/smpeg,git@github.com:icculus/smpeg.git,23
MDEwOlJlcG9zaXRvcnkzODQ4Mjk4Mzc=,2021-07-11T00:38:23Z,2026-04-18T19:39:05Z,2026-04-18T19:39:01Z,5332,False,GreekBot,guard3/GreekBot,git@github.com:guard3/GreekBot.git,10
MDEwOlJlcG9zaXRvcnkzODQ3ODQzNzE=,2021-07-10T20:30:36Z,2026-04-12T16:52:15Z,2026-04-12T16:52:11Z,98,False,testiteration,mbeng90/testiteration,git@github.com:mbeng90/testiteration.git,0
MDEwOlJlcG9zaXRvcnkzODQ3MTk4NjI=,2021-07-10T14:40:34Z,2026-04-18T02:47:22Z,2026-04-18T02:47:18Z,1311,False,nand2tetris-hack-assembler,Khalil-Ullah-Hafeez/nand2tetris-hack-assembler,git@github.com:Khalil-Ullah-Hafeez/nand2tetris-hack-assembler.git,0
MDEwOlJlcG9zaXRvcnkzODQ3MDIxMjY=,2021-07-10T13:17:07Z,2026-04-27T14:44:02Z,2026-04-25T01:28:10Z,92271,False,fsmapper,opiopan/fsmapper,git@github.com:opiopan/fsmapper.git,34
MDEwOlJlcG9zaXRvcnkzODQ2Mjg5NjA=,2021-07-10T06:35:29Z,2026-05-02T16:00:45Z,2026-05-02T16:00:41Z,50073,False,marek-cel,marek-cel/marek-cel,git@github.com:marek-cel/marek-cel.git,2
MDEwOlJlcG9zaXRvcnkzODQ1OTg3MDg=,2021-07-10T03:07:27Z,2026-03-05T23:38:23Z,2026-03-05T23:38:19Z,20911,False,Skyrcoin,SkynetResearchProject/Skyrcoin,git@github.com:SkynetResearchProject/Skyrcoin.git,0
MDEwOlJlcG9zaXRvcnkzODQ1NjEwNjM=,2021-07-09T22:10:00Z,2026-05-01T00:17:14Z,2026-04-22T19:50:36Z,86,False,GhostShell,zahanzo/GhostShell,git@github.com:zahanzo/GhostShell.git,0
MDEwOlJlcG9zaXRvcnkzODQ1MzEzNjg=,2021-07-09T19:20:09Z,2026-05-05T20:45:35Z,2026-05-06T20:20:49Z,572418,True,Fierro,lanl/Fierro,git@github.com:lanl/Fierro.git,67
MDEwOlJlcG9zaXRvcnkzODQ1MjA0MTg=,2021-07-09T18:26:38Z,2026-05-07T11:22:29Z,2026-05-07T11:22:23Z,1051563,True,MaaAssistantArknights,MaaAssistantArknights/MaaAssistantArknights,git@github.com:MaaAssistantArknights/MaaAssistantArknights.git,20680
MDEwOlJlcG9zaXRvcnkzODQ0ODI5NDY=,2021-07-09T15:44:44Z,2026-03-17T00:25:01Z,2026-03-17T00:25:05Z,169,True,Arduino_USBHostMbed5,arduino-libraries/Arduino_USBHostMbed5,git@github.com:arduino-libraries/Arduino_USBHostMbed5.git,7
MDEwOlJlcG9zaXRvcnkzODQ0NzQ3NzI=,2021-07-09T15:13:37Z,2026-05-07T08:08:58Z,2026-05-07T08:08:52Z,1033027,True,basf2,belle2/basf2,git@github.com:belle2/basf2.git,44
MDEwOlJlcG9zaXRvcnkzODQ0MzQxOTA=,2021-07-09T12:44:02Z,2026-04-15T04:10:04Z,2026-04-15T04:10:00Z,39767,False,cpp-Projects,Kino24/cpp-Projects,git@github.com:Kino24/cpp-Projects.git,0
MDEwOlJlcG9zaXRvcnkzODQ0MTE2OTg=,2021-07-09T11:08:32Z,2026-05-06T08:53:50Z,2026-05-06T08:53:47Z,6051,False,keyboard,nano-labs/keyboard,git@github.com:nano-labs/keyboard.git,1
MDEwOlJlcG9zaXRvcnkzODQzNjM5NjQ=,2021-07-09T07:55:13Z,2026-03-31T09:24:12Z,2026-03-31T09:24:09Z,5120,True,dream-stellar,seqan/dream-stellar,git@github.com:seqan/dream-stellar.git,3
MDEwOlJlcG9zaXRvcnkzODQzNTExNDc=,2021-07-09T07:02:28Z,2026-05-07T11:17:30Z,2026-05-07T11:17:26Z,265,False,codeforces,ignabelitzky/codeforces,git@github.com:ignabelitzky/codeforces.git,0
MDEwOlJlcG9zaXRvcnkzODQyNTQyNzU=,2021-07-08T21:39:32Z,2026-04-21T02:09:45Z,2026-04-21T02:09:41Z,92,False,airgradient-prometheus,geerlingguy/airgradient-prometheus,git@github.com:geerlingguy/airgradient-prometheus.git,191
MDEwOlJlcG9zaXRvcnkzODQyMzQyOTg=,2021-07-08T19:56:34Z,2026-03-31T14:43:01Z,2026-03-31T14:42:41Z,9739,False,harvest-engine,englercj/harvest-engine,git@github.com:englercj/harvest-engine.git,3
MDEwOlJlcG9zaXRvcnkzODQyMDExNjY=,2021-07-08T17:28:10Z,2026-04-23T12:13:31Z,2026-04-23T12:13:16Z,1183,False,cp,AbhJ/cp,git@github.com:AbhJ/cp.git,0
MDEwOlJlcG9zaXRvcnkzODQxOTcxMzU=,2021-07-08T17:12:03Z,2026-05-06T04:50:58Z,2026-05-06T04:50:55Z,765,False,Core,nitro404/Core,git@github.com:nitro404/Core.git,0
MDEwOlJlcG9zaXRvcnkzODQxNzI3MDM=,2021-07-08T15:38:54Z,2026-05-05T11:41:44Z,2026-04-30T07:23:16Z,7778,True,treeland,linuxdeepin/treeland,git@github.com:linuxdeepin/treeland.git,62
MDEwOlJlcG9zaXRvcnkzODQxNzI1ODE=,2021-07-08T15:38:22Z,2026-05-03T08:27:06Z,2026-03-13T12:07:51Z,1636,True,waylib,vioken/waylib,git@github.com:vioken/waylib.git,52
MDEwOlJlcG9zaXRvcnkzODQxNDU2MjE=,2021-07-08T14:08:25Z,2026-04-28T18:19:19Z,2026-04-28T18:19:49Z,60817,True,mandyoc,ggciag/mandyoc,git@github.com:ggciag/mandyoc.git,39
MDEwOlJlcG9zaXRvcnkzODQxNDQ4MzA=,2021-07-08T14:05:39Z,2026-05-06T22:07:55Z,2026-05-06T22:07:50Z,22602,True,NorthstarLauncher,R2Northstar/NorthstarLauncher,git@github.com:R2Northstar/NorthstarLauncher.git,308
MDEwOlJlcG9zaXRvcnkzODQxMjA5NTM=,2021-07-08T12:43:31Z,2026-03-20T07:53:46Z,2026-03-20T07:53:43Z,747,False,XCppfilt,horsicq/XCppfilt,git@github.com:horsicq/XCppfilt.git,5
MDEwOlJlcG9zaXRvcnkzODQwMzM5NjQ=,2021-07-08T07:09:10Z,2026-05-07T07:05:16Z,2026-03-25T18:26:11Z,81768,True,ocs2,leggedrobotics/ocs2,git@github.com:leggedrobotics/ocs2.git,1392
MDEwOlJlcG9zaXRvcnkzODQwMzM5Mjk=,2021-07-08T07:09:04Z,2026-04-23T15:43:16Z,2026-04-23T15:43:08Z,8653,False,just-utility,marcuwynu23/just-utility,git@github.com:marcuwynu23/just-utility.git,6
MDEwOlJlcG9zaXRvcnkzODQwMzIxMDE=,2021-07-08T07:02:07Z,2026-04-21T06:09:15Z,2026-04-13T09:32:25Z,238,False,rlib-MML,tr-takatsuka/rlib-MML,git@github.com:tr-takatsuka/rlib-MML.git,5
MDEwOlJlcG9zaXRvcnkzODQwMTYzMjk=,2021-07-08T05:54:57Z,2026-03-20T20:31:45Z,2026-03-20T20:31:40Z,213,False,DSA-Practice,Kumar-Divyam/DSA-Practice,git@github.com:Kumar-Divyam/DSA-Practice.git,0
MDEwOlJlcG9zaXRvcnkzODM5OTQ3NjM=,2021-07-08T03:55:16Z,2026-03-27T01:52:00Z,2026-03-27T01:51:55Z,108444,False,weasleyclock,mdiller/weasleyclock,git@github.com:mdiller/weasleyclock.git,1
MDEwOlJlcG9zaXRvcnkzODM5NzczNDg=,2021-07-08T02:21:06Z,2026-05-01T07:01:57Z,2026-05-01T07:01:54Z,5789,True,ThinBridge,ThinBridge/ThinBridge,git@github.com:ThinBridge/ThinBridge.git,2
MDEwOlJlcG9zaXRvcnkzODM5MzgwNjM=,2021-07-07T22:24:56Z,2026-04-11T21:22:09Z,2026-04-11T21:22:06Z,2507,False,Roomba-F303K8-Drive-Controller,CraigMS-dev/Roomba-F303K8-Drive-Controller,git@github.com:CraigMS-dev/Roomba-F303K8-Drive-Controller.git,0
MDEwOlJlcG9zaXRvcnkzODM4NzQ3MTA=,2021-07-07T17:22:55Z,2026-03-05T06:41:11Z,2026-03-14T19:00:29Z,1108,True,MAT-MINERvA,MinervaExpt/MAT-MINERvA,git@github.com:MinervaExpt/MAT-MINERvA.git,1
MDEwOlJlcG9zaXRvcnkzODM4NTA2MjM=,2021-07-07T15:49:47Z,2026-05-06T16:44:37Z,2026-04-13T04:41:02Z,6129,True,vast,trailofbits/vast,git@github.com:trailofbits/vast.git,441
MDEwOlJlcG9zaXRvcnkzODM4MzU2NDc=,2021-07-07T14:58:12Z,2026-05-06T11:44:32Z,2026-03-26T15:45:15Z,65401,False,ESGI,tstohn/ESGI,git@github.com:tstohn/ESGI.git,2
MDEwOlJlcG9zaXRvcnkzODM4Mjk4ODE=,2021-07-07T14:39:06Z,2026-05-06T15:01:44Z,2026-05-06T14:49:23Z,1604,False,SuperNet,ppgorecki/SuperNet,git@github.com:ppgorecki/SuperNet.git,2
MDEwOlJlcG9zaXRvcnkzODM4MTMxMTc=,2021-07-07T13:45:17Z,2026-04-26T13:04:15Z,2026-04-26T13:04:11Z,965,True,cpp-osx-cg_event,pqrs-org/cpp-osx-cg_event,git@github.com:pqrs-org/cpp-osx-cg_event.git,2
MDEwOlJlcG9zaXRvcnkzODM4MTExNzA=,2021-07-07T13:38:48Z,2026-04-18T14:17:05Z,2026-04-18T14:17:01Z,3601,False,XDepends,horsicq/XDepends,git@github.com:horsicq/XDepends.git,8
MDEwOlJlcG9zaXRvcnkzODM3ODI5NDA=,2021-07-07T11:58:57Z,2026-04-30T07:07:29Z,2026-04-30T07:07:24Z,29582,False,esphome-solax-x1-mini,syssi/esphome-solax-x1-mini,git@github.com:syssi/esphome-solax-x1-mini.git,41
MDEwOlJlcG9zaXRvcnkzODM3Mzc3MjY=,2021-07-07T09:05:30Z,2026-03-25T01:37:05Z,2026-03-25T01:37:01Z,15127,True,hardware_rockchip_librga,rockchip-toybrick/hardware_rockchip_librga,git@github.com:rockchip-toybrick/hardware_rockchip_librga.git,1
MDEwOlJlcG9zaXRvcnkzODM3Mjg1Mjk=,2021-07-07T08:31:39Z,2026-03-27T08:29:43Z,2026-03-27T08:29:22Z,5,False,Bank-Management-System-in-Cpp,Harekrishnashah13/Bank-Management-System-in-Cpp,git@github.com:Harekrishnashah13/Bank-Management-System-in-Cpp.git,0
MDEwOlJlcG9zaXRvcnkzODM2NjM4NzI=,2021-07-07T03:36:41Z,2026-04-25T16:12:36Z,2026-04-25T16:12:28Z,119742,False,MediaLive,cgeffect/MediaLive,git@github.com:cgeffect/MediaLive.git,0
MDEwOlJlcG9zaXRvcnkzODM1NTMyMzc=,2021-07-06T17:44:56Z,2026-04-17T20:08:54Z,2026-04-17T20:08:55Z,648,False,esp8266_awning_control,matthias-bs/esp8266_awning_control,git@github.com:matthias-bs/esp8266_awning_control.git,6
MDEwOlJlcG9zaXRvcnkzODM1Mjg2MTk=,2021-07-06T16:12:03Z,2026-04-04T08:35:10Z,2026-04-04T17:10:14Z,1215,True,natcpp,natverse/natcpp,git@github.com:natverse/natcpp.git,0
MDEwOlJlcG9zaXRvcnkzODM0OTM2NTE=,2021-07-06T14:17:24Z,2026-05-06T16:12:23Z,2026-05-06T16:11:29Z,389,True,openpower-hw-isolation,ibm-openbmc/openpower-hw-isolation,git@github.com:ibm-openbmc/openpower-hw-isolation.git,0
MDEwOlJlcG9zaXRvcnkzODM0NTU3ODQ=,2021-07-06T12:09:41Z,2026-04-23T14:21:08Z,2026-04-23T14:20:06Z,510,True,CiThruS2,ultravideo/CiThruS2,git@github.com:ultravideo/CiThruS2.git,18
MDEwOlJlcG9zaXRvcnkzODM0NTAwMzU=,2021-07-06T11:48:59Z,2026-05-06T01:28:54Z,2026-05-04T21:54:33Z,13805,True,mpc-qt,mpc-qt/mpc-qt,git@github.com:mpc-qt/mpc-qt.git,944
MDEwOlJlcG9zaXRvcnkzODMzNzAyNjI=,2021-07-06T06:55:18Z,2026-04-22T12:05:16Z,2026-04-22T12:05:12Z,325319,True,PeTrack,ped-dyn-emp/PeTrack,git@github.com:ped-dyn-emp/PeTrack.git,5
MDEwOlJlcG9zaXRvcnkzODMyNTYwNjU=,2021-07-05T20:21:56Z,2026-03-20T02:12:30Z,2026-03-20T02:12:26Z,73217,False,kazan,K1llByte/kazan,git@github.com:K1llByte/kazan.git,1
MDEwOlJlcG9zaXRvcnkzODMxMTcxOTE=,2021-07-05T11:28:17Z,2026-04-17T11:08:37Z,2026-04-17T11:08:33Z,41,False,vendor-expat,g-stefan/vendor-expat,git@github.com:g-stefan/vendor-expat.git,0
MDEwOlJlcG9zaXRvcnkzODMxMTE0NTE=,2021-07-05T11:05:51Z,2026-04-17T11:09:36Z,2026-04-17T11:09:32Z,49,False,vendor-llvm,g-stefan/vendor-llvm,git@github.com:g-stefan/vendor-llvm.git,0
MDEwOlJlcG9zaXRvcnkzODMwODU5ODM=,2021-07-05T09:30:47Z,2026-04-17T11:11:03Z,2026-04-17T11:10:59Z,74,False,vendor-xlnt,g-stefan/vendor-xlnt,git@github.com:g-stefan/vendor-xlnt.git,0
MDEwOlJlcG9zaXRvcnkzODMwNTkwNDI=,2021-07-05T07:53:28Z,2026-05-07T07:29:19Z,2026-05-07T10:41:09Z,16425,True,difftest,OpenXiangShan/difftest,git@github.com:OpenXiangShan/difftest.git,174
MDEwOlJlcG9zaXRvcnkzODMwNTEyNzc=,2021-07-05T07:23:49Z,2026-03-04T23:36:44Z,2026-03-04T23:36:39Z,18149,False,Arduino-cnc-vMachine,phorton1/Arduino-cnc-vMachine,git@github.com:phorton1/Arduino-cnc-vMachine.git,1
MDEwOlJlcG9zaXRvcnkzODMwMzM0MzE=,2021-07-05T06:12:58Z,2026-04-14T07:38:39Z,2026-04-14T07:38:36Z,51,False,odds-and-ends,heavycrystal/odds-and-ends,git@github.com:heavycrystal/odds-and-ends.git,0
MDEwOlJlcG9zaXRvcnkzODI5OTM1NjA=,2021-07-05T02:34:31Z,2026-05-01T00:35:28Z,2026-04-22T14:49:20Z,953,False,Shadowfax,zahanzo/Shadowfax,git@github.com:zahanzo/Shadowfax.git,0
MDEwOlJlcG9zaXRvcnkzODI5NzY3MTg=,2021-07-05T00:46:21Z,2026-03-24T14:12:46Z,2026-03-24T14:12:08Z,43637,False,Engine3D,dlamei/Engine3D,git@github.com:dlamei/Engine3D.git,1
MDEwOlJlcG9zaXRvcnkzODI5NTQ1NzQ=,2021-07-04T21:50:35Z,2026-04-26T15:58:20Z,2026-04-26T16:00:32Z,571,False,MCM-Helper,Exit-9B/MCM-Helper,git@github.com:Exit-9B/MCM-Helper.git,29
MDEwOlJlcG9zaXRvcnkzODI5NDIxNjc=,2021-07-04T20:25:45Z,2026-04-18T18:14:15Z,2026-04-18T18:14:10Z,2023,False,Bike-Computer,Mendiax/Bike-Computer,git@github.com:Mendiax/Bike-Computer.git,0
MDEwOlJlcG9zaXRvcnkzODI5MzMyMDE=,2021-07-04T19:30:16Z,2026-04-22T21:44:47Z,2026-05-06T18:41:26Z,8131,False,Pine3D,iggrabowski/Pine3D,git@github.com:iggrabowski/Pine3D.git,0
MDEwOlJlcG9zaXRvcnkzODI4OTgwMzY=,2021-07-04T16:26:04Z,2026-04-20T07:50:24Z,2026-04-20T07:50:20Z,505,False,Competitive-Training,LongSei/Competitive-Training,git@github.com:LongSei/Competitive-Training.git,1
MDEwOlJlcG9zaXRvcnkzODI4ODA0MzU=,2021-07-04T15:05:18Z,2026-04-27T04:17:35Z,2026-04-27T04:17:31Z,217,False,Aki-delay,syarusinsky/Aki-delay,git@github.com:syarusinsky/Aki-delay.git,0
MDEwOlJlcG9zaXRvcnkzODI4MTUzNzQ=,2021-07-04T09:47:21Z,2026-04-28T21:59:24Z,2026-04-28T01:46:50Z,223271,True,EZ-Template,EZ-Robotics/EZ-Template,git@github.com:EZ-Robotics/EZ-Template.git,105
MDEwOlJlcG9zaXRvcnkzODI3NjAxOTM=,2021-07-04T04:14:46Z,2026-04-05T01:56:00Z,2026-04-05T01:55:56Z,367,False,Baekjoon,sudo-Terry/Baekjoon,git@github.com:sudo-Terry/Baekjoon.git,0
MDEwOlJlcG9zaXRvcnkzODI3MzUwMjY=,2021-07-04T00:48:28Z,2026-05-03T22:22:27Z,2026-03-28T15:15:39Z,6665,True,YACLib,YACLib/YACLib,git@github.com:YACLib/YACLib.git,293
MDEwOlJlcG9zaXRvcnkzODI2ODkzMDI=,2021-07-03T18:52:47Z,2026-03-06T09:09:37Z,2026-03-06T09:09:33Z,1,False,daStefii,daStefii/daStefii,git@github.com:daStefii/daStefii.git,0
MDEwOlJlcG9zaXRvcnkzODI2NTYyMTc=,2021-07-03T16:03:16Z,2026-04-26T18:48:38Z,2026-04-26T18:48:35Z,2322,False,Data-Structures-and-Algorithms-SOLUTIONS,shubhangi-dwivedi/Data-Structures-and-Algorithms-SOLUTIONS,git@github.com:shubhangi-dwivedi/Data-Structures-and-Algorithms-SOLUTIONS.git,6
MDEwOlJlcG9zaXRvcnkzODI2MTcwMTM=,2021-07-03T13:02:20Z,2026-04-19T10:03:59Z,2026-04-19T10:03:55Z,824,False,cramer,stefan-zobel/cramer,git@github.com:stefan-zobel/cramer.git,0
MDEwOlJlcG9zaXRvcnkzODI1Nzg2ODk=,2021-07-03T09:42:56Z,2026-04-11T20:42:55Z,2026-04-11T20:42:51Z,421,False,obs-source-dock,exeldro/obs-source-dock,git@github.com:exeldro/obs-source-dock.git,98
MDEwOlJlcG9zaXRvcnkzODI1NDU0NDk=,2021-07-03T06:42:18Z,2026-05-02T18:42:56Z,2026-05-02T18:42:51Z,5609,True,taproot,uw-advanced-robotics/taproot,git@github.com:uw-advanced-robotics/taproot.git,19
MDEwOlJlcG9zaXRvcnkzODI1NDQxNDU=,2021-07-03T06:34:33Z,2026-05-03T17:20:10Z,2026-05-03T17:20:06Z,8,False,AI2SVG,RoboDad/AI2SVG,git@github.com:RoboDad/AI2SVG.git,1
MDEwOlJlcG9zaXRvcnkzODI1MzI3MDc=,2021-07-03T05:24:15Z,2026-03-10T02:04:25Z,2026-03-10T02:04:21Z,1210,False,kl-socket,kobbled/kl-socket,git@github.com:kobbled/kl-socket.git,23
MDEwOlJlcG9zaXRvcnkzODI1MTUwNDQ=,2021-07-03T03:24:02Z,2026-03-26T03:27:17Z,2026-03-26T03:27:13Z,11429,False,premia,scawful/premia,git@github.com:scawful/premia.git,7
MDEwOlJlcG9zaXRvcnkzODI1MDMzODY=,2021-07-03T02:01:37Z,2026-04-27T14:47:54Z,2026-04-27T14:47:44Z,4361,False,BOJ,cbkpar/BOJ,git@github.com:cbkpar/BOJ.git,0
MDEwOlJlcG9zaXRvcnkzODI0MjU5MDY=,2021-07-02T18:02:08Z,2026-05-02T04:46:38Z,2026-05-07T03:49:25Z,28085,True,Geant4Reweight,NuSoftHEP/Geant4Reweight,git@github.com:NuSoftHEP/Geant4Reweight.git,3
MDEwOlJlcG9zaXRvcnkzODI0MDczODA=,2021-07-02T16:45:15Z,2026-04-22T12:41:59Z,2026-04-22T12:41:55Z,164,True,optima-feedstock,conda-forge/optima-feedstock,git@github.com:conda-forge/optima-feedstock.git,0
MDEwOlJlcG9zaXRvcnkzODIzNTgyNDA=,2021-07-02T13:41:03Z,2026-05-01T02:45:23Z,2026-05-01T02:45:20Z,555,False,problem-solving,parkblo/problem-solving,git@github.com:parkblo/problem-solving.git,2
MDEwOlJlcG9zaXRvcnkzODIzMzg2OTU=,2021-07-02T12:24:53Z,2026-04-13T14:19:22Z,2026-04-13T21:41:17Z,7448,True,LDPC4QKD,XQP-Munich/LDPC4QKD,git@github.com:XQP-Munich/LDPC4QKD.git,26
MDEwOlJlcG9zaXRvcnkzODIxNzYyNTc=,2021-07-01T23:05:31Z,2026-05-03T13:33:33Z,2026-04-27T13:39:10Z,11369,False,blur,f0e/blur,git@github.com:f0e/blur.git,783
MDEwOlJlcG9zaXRvcnkzODIxNjg2OTU=,2021-07-01T22:16:24Z,2026-03-23T03:30:12Z,2026-03-23T03:30:09Z,825,False,chip8-pi-pico,isaigm/chip8-pi-pico,git@github.com:isaigm/chip8-pi-pico.git,1
MDEwOlJlcG9zaXRvcnkzODIxNDI0NTU=,2021-07-01T19:57:00Z,2026-04-29T14:33:31Z,2026-04-06T22:20:09Z,11352,False,SignalSim,globsky/SignalSim,git@github.com:globsky/SignalSim.git,171
MDEwOlJlcG9zaXRvcnkzODIxNDExNDM=,2021-07-01T19:50:49Z,2026-04-28T20:59:54Z,2026-03-17T19:14:36Z,59792,False,rcontroll,sylvainschmitt/rcontroll,git@github.com:sylvainschmitt/rcontroll.git,13
MDEwOlJlcG9zaXRvcnkzODIxMzY3OTc=,2021-07-01T19:30:12Z,2026-04-30T16:32:31Z,2026-04-30T16:32:26Z,19125,True,kynema-driver,kynema/kynema-driver,git@github.com:kynema/kynema-driver.git,14
MDEwOlJlcG9zaXRvcnkzODIwMzg3NTY=,2021-07-01T13:15:55Z,2026-05-05T21:40:40Z,2026-04-09T00:20:34Z,24724,True,geographiclib,geographiclib/geographiclib,git@github.com:geographiclib/geographiclib.git,450
MDEwOlJlcG9zaXRvcnkzODIwMjQ5MDE=,2021-07-01T12:25:55Z,2026-05-07T03:33:08Z,2026-04-11T13:09:18Z,2294,False,Modbus,gcardi/Modbus,git@github.com:gcardi/Modbus.git,8
MDEwOlJlcG9zaXRvcnkzODIwMTMzNzA=,2021-07-01T11:41:30Z,2026-05-05T10:10:05Z,2026-05-05T10:10:02Z,7773,False,Algorithm,Settpark/Algorithm,git@github.com:Settpark/Algorithm.git,0
MDEwOlJlcG9zaXRvcnkzODE5NzY1NDc=,2021-07-01T09:18:01Z,2026-04-18T09:47:57Z,2026-04-18T09:47:53Z,195,False,pr_chromium,Silverlan/pr_chromium,git@github.com:Silverlan/pr_chromium.git,1
MDEwOlJlcG9zaXRvcnkzODE5MjMwNzk=,2021-07-01T05:45:01Z,2026-04-16T07:51:18Z,2026-04-16T07:51:14Z,1004,False,algorithm,CAEL0/algorithm,git@github.com:CAEL0/algorithm.git,0
MDEwOlJlcG9zaXRvcnkzODE5MTk1MDI=,2021-07-01T05:26:00Z,2026-03-24T08:40:04Z,2026-03-24T08:40:00Z,212,False,YouTube-Komal-Pal,Komal7209/YouTube-Komal-Pal,git@github.com:Komal7209/YouTube-Komal-Pal.git,8
MDEwOlJlcG9zaXRvcnkzODE5MTczNDU=,2021-07-01T05:14:22Z,2026-04-06T06:40:26Z,2026-04-06T06:40:22Z,208,False,programing,satishagrwal/programing,git@github.com:satishagrwal/programing.git,0
MDEwOlJlcG9zaXRvcnkzODE4NjkxMzY=,2021-07-01T00:48:53Z,2026-05-06T15:34:08Z,2026-04-15T22:22:00Z,23534,True,symsan,R-Fuzz/symsan,git@github.com:R-Fuzz/symsan.git,236
MDEwOlJlcG9zaXRvcnkzODE4MjM2NDM=,2021-06-30T20:22:08Z,2026-03-02T19:17:42Z,2026-03-02T19:17:39Z,44803,False,DSAPrep,0ne0rZer0/DSAPrep,git@github.com:0ne0rZer0/DSAPrep.git,0
MDEwOlJlcG9zaXRvcnkzODE4MTMyMzQ=,2021-06-30T19:33:17Z,2026-03-13T09:37:18Z,2026-03-13T09:37:14Z,158,False,esphome-custom-components,ryanh7/esphome-custom-components,git@github.com:ryanh7/esphome-custom-components.git,52
MDEwOlJlcG9zaXRvcnkzODE4MTAyMzA=,2021-06-30T19:20:10Z,2026-04-30T20:37:04Z,2026-04-30T20:36:59Z,240,False,qnonogram,hoacker0/qnonogram,git@github.com:hoacker0/qnonogram.git,0
MDEwOlJlcG9zaXRvcnkzODE4MDQxMjE=,2021-06-30T18:54:26Z,2026-04-19T20:55:00Z,2026-04-19T20:54:52Z,16686,False,GW2TacO,therjak/GW2TacO,git@github.com:therjak/GW2TacO.git,4
MDEwOlJlcG9zaXRvcnkzODE4MDE3NTc=,2021-06-30T18:44:05Z,2026-04-29T23:58:48Z,2026-04-29T23:58:44Z,2756,False,avp,yoofa/avp,git@github.com:yoofa/avp.git,1
MDEwOlJlcG9zaXRvcnkzODE3NTM0OTI=,2021-06-30T15:43:32Z,2026-04-12T06:06:14Z,2026-04-12T06:06:10Z,700,True,archive,cran/archive,git@github.com:cran/archive.git,0
MDEwOlJlcG9zaXRvcnkzODE3MTI1Nzc=,2021-06-30T13:32:11Z,2026-03-28T00:37:41Z,2026-03-04T10:50:39Z,446808,True,gmds,LIHPC-Computational-Geometry/gmds,git@github.com:LIHPC-Computational-Geometry/gmds.git,33
MDEwOlJlcG9zaXRvcnkzODE2ODMwMDc=,2021-06-30T11:45:04Z,2026-05-02T00:42:14Z,2026-05-05T00:41:19Z,59701,True,Vulkan-Headers,sailfishos-mirror/Vulkan-Headers,git@github.com:sailfishos-mirror/Vulkan-Headers.git,0
MDEwOlJlcG9zaXRvcnkzODE2NDAxMzg=,2021-06-30T09:06:19Z,2026-03-24T20:14:07Z,2026-04-30T18:25:52Z,120509,True,hopsy,modsim/hopsy,git@github.com:modsim/hopsy.git,17
MDEwOlJlcG9zaXRvcnkzODE2MDYzMTg=,2021-06-30T06:59:54Z,2026-04-22T11:30:01Z,2026-04-22T11:29:57Z,2388,False,NSL,Marcel-Rodekamp/NSL,git@github.com:Marcel-Rodekamp/NSL.git,3
MDEwOlJlcG9zaXRvcnkzODE2MDQzODk=,2021-06-30T06:52:00Z,2026-04-27T19:29:06Z,2026-04-27T19:29:01Z,6026,False,algorithm,liardanc3/algorithm,git@github.com:liardanc3/algorithm.git,0
MDEwOlJlcG9zaXRvcnkzODE1OTM5NzM=,2021-06-30T06:08:58Z,2026-05-07T03:30:47Z,2026-05-07T03:30:41Z,196702,False,cdroid,houstudio/cdroid,git@github.com:houstudio/cdroid.git,90
MDEwOlJlcG9zaXRvcnkzODE1NzMzNDI=,2021-06-30T04:20:36Z,2026-05-03T09:33:04Z,2026-05-03T09:33:00Z,9070,False,royal100,hg/royal100,git@github.com:hg/royal100.git,0
MDEwOlJlcG9zaXRvcnkzODE1NDYyNjM=,2021-06-30T01:56:47Z,2026-05-06T19:12:26Z,2026-05-06T11:54:37Z,181727,True,ares,ares-emulator/ares,git@github.com:ares-emulator/ares.git,1655
MDEwOlJlcG9zaXRvcnkzODE1MjA2NTc=,2021-06-29T23:21:42Z,2026-05-01T14:46:42Z,2026-05-01T14:46:37Z,1088,False,Run-Limiter,buteomont/Run-Limiter,git@github.com:buteomont/Run-Limiter.git,0
MDEwOlJlcG9zaXRvcnkzODE0OTIxMDY=,2021-06-29T20:43:50Z,2026-04-26T20:05:54Z,2026-04-26T20:05:50Z,2030,False,mysolvings,aziz0x00/mysolvings,git@github.com:aziz0x00/mysolvings.git,1
MDEwOlJlcG9zaXRvcnkzODE0ODk3NTI=,2021-06-29T20:32:30Z,2026-03-21T13:43:03Z,2026-03-21T13:42:59Z,14545,False,Algorithm-Main,j1sung/Algorithm-Main,git@github.com:j1sung/Algorithm-Main.git,1
MDEwOlJlcG9zaXRvcnkzODE0ODgzMzU=,2021-06-29T20:25:35Z,2026-03-10T03:10:07Z,2026-03-10T03:10:03Z,26421,False,embarcados_freertos,mchavesferreira/embarcados_freertos,git@github.com:mchavesferreira/embarcados_freertos.git,0
MDEwOlJlcG9zaXRvcnkzODE0Nzc0NDM=,2021-06-29T19:36:16Z,2026-05-02T19:21:14Z,2026-05-02T19:21:11Z,314,False,prometheus-cpp-lite,biaks/prometheus-cpp-lite,git@github.com:biaks/prometheus-cpp-lite.git,48
MDEwOlJlcG9zaXRvcnkzODE0NjE4ODM=,2021-06-29T18:31:13Z,2026-03-03T04:35:02Z,2026-03-03T04:34:59Z,1206956,False,QAnimeMod-For-Hegemony-zero,zeromathematics/QAnimeMod-For-Hegemony-zero,git@github.com:zeromathematics/QAnimeMod-For-Hegemony-zero.git,2
MDEwOlJlcG9zaXRvcnkzODE0NDA3MDE=,2021-06-29T17:09:03Z,2026-04-30T22:27:03Z,2026-04-30T22:26:59Z,7,False,chipate,dmamills/chipate,git@github.com:dmamills/chipate.git,0
MDEwOlJlcG9zaXRvcnkzODE0MjUwNjQ=,2021-06-29T16:09:13Z,2026-04-13T19:55:55Z,2026-04-13T19:55:43Z,627530,False,render,allex-k/render,git@github.com:allex-k/render.git,0
MDEwOlJlcG9zaXRvcnkzODEzOTA1MjQ=,2021-06-29T14:18:07Z,2026-04-23T06:45:18Z,2026-04-24T07:41:33Z,2609,True,oomph,ghex-org/oomph,git@github.com:ghex-org/oomph.git,0
MDEwOlJlcG9zaXRvcnkzODEzNzA0MDA=,2021-06-29T13:14:16Z,2026-03-17T22:51:56Z,2026-03-17T22:47:19Z,10,False,Indukcijski_pospesevalnik-Induction_Launcher,MaticMorgan/Indukcijski_pospesevalnik-Induction_Launcher,git@github.com:MaticMorgan/Indukcijski_pospesevalnik-Induction_Launcher.git,0
MDEwOlJlcG9zaXRvcnkzODEzNTI3NzI=,2021-06-29T12:14:42Z,2026-03-08T19:21:42Z,2026-03-08T19:21:39Z,193457,False,unwanted-source-code,benjaminfretez/unwanted-source-code,git@github.com:benjaminfretez/unwanted-source-code.git,6
MDEwOlJlcG9zaXRvcnkzODEzMjYxMTM=,2021-06-29T10:29:58Z,2026-03-19T13:44:57Z,2026-03-19T13:44:43Z,187,False,ExternToolsDRV,KotVezdehod/ExternToolsDRV,git@github.com:KotVezdehod/ExternToolsDRV.git,5
MDEwOlJlcG9zaXRvcnkzODEzMDEyMDk=,2021-06-29T08:57:31Z,2026-04-24T15:40:52Z,2026-04-24T15:40:47Z,472,False,PetsciiRobotsMapEditor,maxlor/PetsciiRobotsMapEditor,git@github.com:maxlor/PetsciiRobotsMapEditor.git,5
MDEwOlJlcG9zaXRvcnkzODEyOTU4NDE=,2021-06-29T08:37:24Z,2026-05-07T09:27:24Z,2026-05-07T09:27:18Z,142,False,NetSyncDisk,FrancisOWO/NetSyncDisk,git@github.com:FrancisOWO/NetSyncDisk.git,0
MDEwOlJlcG9zaXRvcnkzODEyNzUxNzA=,2021-06-29T07:21:21Z,2026-03-30T12:29:45Z,2026-03-30T12:31:39Z,83761,False,Learn--Clean-Code-With-Cpp,JulesFouchy/Learn--Clean-Code-With-Cpp,git@github.com:JulesFouchy/Learn--Clean-Code-With-Cpp.git,4
MDEwOlJlcG9zaXRvcnkzODExNDcxOTE=,2021-06-28T19:58:21Z,2026-05-06T18:40:56Z,2026-05-06T18:40:52Z,321596,True,re-Isearch,re-Isearch/re-Isearch,git@github.com:re-Isearch/re-Isearch.git,19
MDEwOlJlcG9zaXRvcnkzODEwMzc4Nzk=,2021-06-28T13:16:32Z,2026-03-06T12:44:13Z,2026-03-06T12:44:08Z,31960,True,microESP,LaskaKit/microESP,git@github.com:LaskaKit/microESP.git,5
MDEwOlJlcG9zaXRvcnkzODEwMjk4NTg=,2021-06-28T12:50:21Z,2026-05-05T00:04:21Z,2026-04-15T14:52:48Z,2183,False,valkyrie,barsnick/valkyrie,git@github.com:barsnick/valkyrie.git,20
MDEwOlJlcG9zaXRvcnkzODEwMDIwODA=,2021-06-28T11:08:31Z,2026-03-19T00:04:41Z,2026-03-19T00:04:36Z,6,False,Contactless-Hand-Sanitizer-Dispensing-System,dhruvi1010/Contactless-Hand-Sanitizer-Dispensing-System,git@github.com:dhruvi1010/Contactless-Hand-Sanitizer-Dispensing-System.git,1
MDEwOlJlcG9zaXRvcnkzODA5NDI0MjM=,2021-06-28T07:22:51Z,2026-05-05T15:21:56Z,2026-05-05T15:21:50Z,2661,False,useful-script,tanat44/useful-script,git@github.com:tanat44/useful-script.git,0
MDEwOlJlcG9zaXRvcnkzODA5MjY2MDM=,2021-06-28T06:18:48Z,2026-04-30T13:43:20Z,2026-04-30T13:43:10Z,175,False,Ende,olorin99/Ende,git@github.com:olorin99/Ende.git,1
MDEwOlJlcG9zaXRvcnkzODA4NTI0OTk=,2021-06-27T22:51:32Z,2026-04-24T22:19:57Z,2026-04-24T22:19:52Z,205,False,CP_library,Noam527/CP_library,git@github.com:Noam527/CP_library.git,0
MDEwOlJlcG9zaXRvcnkzODA4MDcyOTE=,2021-06-27T18:05:31Z,2026-04-19T17:52:33Z,2026-04-19T17:53:20Z,82344,False,windy1,windysynth/windy1,git@github.com:windysynth/windy1.git,12
MDEwOlJlcG9zaXRvcnkzODA3ODY2NjQ=,2021-06-27T16:22:40Z,2026-04-04T08:24:55Z,2026-04-04T08:24:51Z,56,False,BallCollisionEngine,Po-Ting-lin/BallCollisionEngine,git@github.com:Po-Ting-lin/BallCollisionEngine.git,0
MDEwOlJlcG9zaXRvcnkzODA3NjMxNDQ=,2021-06-27T14:39:43Z,2026-04-24T08:24:47Z,2026-03-01T18:45:17Z,7275,True,qat,qatlang/qat,git@github.com:qatlang/qat.git,7
MDEwOlJlcG9zaXRvcnkzODA3MDQxOTg=,2021-06-27T09:53:13Z,2026-03-11T10:07:38Z,2026-03-11T10:07:33Z,4879,True,crowdconnected-shared-ios,crowdconnected/crowdconnected-shared-ios,git@github.com:crowdconnected/crowdconnected-shared-ios.git,0
MDEwOlJlcG9zaXRvcnkzODA2NzMwNDg=,2021-06-27T07:00:14Z,2026-04-19T19:38:02Z,2026-04-19T19:37:57Z,58,False,BmpTrace2Win,grumat/BmpTrace2Win,git@github.com:grumat/BmpTrace2Win.git,1
MDEwOlJlcG9zaXRvcnkzODA2NjU1Nzc=,2021-06-27T06:14:08Z,2026-04-08T07:54:31Z,2026-04-08T07:54:27Z,15109,False,PlatformIO-Projects,iqfareez/PlatformIO-Projects,git@github.com:iqfareez/PlatformIO-Projects.git,0
MDEwOlJlcG9zaXRvcnkzODA2MjYyNzQ=,2021-06-27T01:20:48Z,2026-05-02T10:28:56Z,2026-05-02T10:28:52Z,7854711,True,gcc-arm,greenforce-project/gcc-arm,git@github.com:greenforce-project/gcc-arm.git,0
MDEwOlJlcG9zaXRvcnkzODA2MTg5MzM=,2021-06-27T00:13:10Z,2026-04-04T02:51:54Z,2026-04-04T02:52:32Z,294,False,SocketLibLinux,Fernthedev/SocketLibLinux,git@github.com:Fernthedev/SocketLibLinux.git,4
MDEwOlJlcG9zaXRvcnkzODA2MTEyNjY=,2021-06-26T23:03:55Z,2026-05-04T19:12:05Z,2026-03-14T03:29:56Z,202844,False,HamMessenger,dalethomas81/HamMessenger,git@github.com:dalethomas81/HamMessenger.git,356
MDEwOlJlcG9zaXRvcnkzODA1OTc2MTg=,2021-06-26T21:17:20Z,2026-05-05T00:15:00Z,2026-05-05T00:14:56Z,47856,False,SensorNet,jduanen/SensorNet,git@github.com:jduanen/SensorNet.git,1
MDEwOlJlcG9zaXRvcnkzODAzODA5OTE=,2021-06-26T00:24:43Z,2026-04-25T12:30:10Z,2026-04-25T19:18:05Z,239,False,s57_tools,rolker/s57_tools,git@github.com:rolker/s57_tools.git,7
MDEwOlJlcG9zaXRvcnkzODAzNzQzMzg=,2021-06-25T23:28:23Z,2026-04-05T16:18:10Z,2026-04-05T16:17:59Z,1918,False,weechat-xmpp,bqv/weechat-xmpp,git@github.com:bqv/weechat-xmpp.git,33
MDEwOlJlcG9zaXRvcnkzODAzMTU0MDk=,2021-06-25T17:48:31Z,2026-05-07T06:36:01Z,2026-04-28T18:48:06Z,179116,False,CREATE_LAB_Binder_Jet_Printer,BYUCreateResearchLab/CREATE_LAB_Binder_Jet_Printer,git@github.com:BYUCreateResearchLab/CREATE_LAB_Binder_Jet_Printer.git,4
MDEwOlJlcG9zaXRvcnkzODAyODY4NDc=,2021-06-25T15:52:30Z,2026-04-28T22:54:26Z,2026-04-28T22:54:23Z,141,False,cpp_data_structures,eyalamirmusic/cpp_data_structures,git@github.com:eyalamirmusic/cpp_data_structures.git,19
MDEwOlJlcG9zaXRvcnkzODAyNzEyMzQ=,2021-06-25T14:56:18Z,2026-05-02T15:24:34Z,2026-05-02T15:24:30Z,95,False,simple_6502_emulator,MollySophia/simple_6502_emulator,git@github.com:MollySophia/simple_6502_emulator.git,4
MDEwOlJlcG9zaXRvcnkzODAyMDIwODI=,2021-06-25T10:22:01Z,2026-03-16T14:36:44Z,2026-03-14T13:43:47Z,1751,False,BAngr,sjaehn/BAngr,git@github.com:sjaehn/BAngr.git,38
MDEwOlJlcG9zaXRvcnkzODAxNTEwNTY=,2021-06-25T06:51:51Z,2026-04-13T14:35:28Z,2026-04-13T14:35:24Z,129,False,libmembus,wheresjames/libmembus,git@github.com:wheresjames/libmembus.git,0
MDEwOlJlcG9zaXRvcnkzODAxNDczMTk=,2021-06-25T06:35:29Z,2026-05-07T06:39:10Z,2026-05-07T08:15:01Z,1565,True,M5Unit-ENV,m5stack/M5Unit-ENV,git@github.com:m5stack/M5Unit-ENV.git,52
MDEwOlJlcG9zaXRvcnkzODAwNzEzNjM=,2021-06-24T23:11:38Z,2026-04-15T22:03:08Z,2026-04-15T22:03:03Z,3071,True,noarr-structures,ParaCoToUl/noarr-structures,git@github.com:ParaCoToUl/noarr-structures.git,6
MDEwOlJlcG9zaXRvcnkzODAwNTcxOTU=,2021-06-24T21:44:28Z,2026-04-21T15:09:03Z,2026-03-04T16:18:35Z,8556,False,esphome-custom-components,slimcdk/esphome-custom-components,git@github.com:slimcdk/esphome-custom-components.git,62
MDEwOlJlcG9zaXRvcnkzODAwNTA3NjA=,2021-06-24T21:07:47Z,2026-04-14T18:45:26Z,2026-03-01T10:15:30Z,599,False,BrainFuck,Granddave/BrainFuck,git@github.com:Granddave/BrainFuck.git,1
MDEwOlJlcG9zaXRvcnkzODAwNDI1NTY=,2021-06-24T20:26:02Z,2026-05-03T13:40:47Z,2026-05-03T13:40:43Z,3579,True,jeanCloud,oberlab/jeanCloud,git@github.com:oberlab/jeanCloud.git,2
MDEwOlJlcG9zaXRvcnkzODAwNDA3MzQ=,2021-06-24T20:16:49Z,2026-04-29T00:17:49Z,2026-04-29T00:17:45Z,35696,False,gempba,rapastranac/gempba,git@github.com:rapastranac/gempba.git,2
MDEwOlJlcG9zaXRvcnkzODAwMjg2MzM=,2021-06-24T19:18:40Z,2026-04-18T04:19:09Z,2026-04-18T04:19:04Z,752,False,terminal-writer,sweintritt/terminal-writer,git@github.com:sweintritt/terminal-writer.git,0
MDEwOlJlcG9zaXRvcnkzODAwMjAyNjU=,2021-06-24T18:40:36Z,2026-04-30T17:28:51Z,2026-04-30T17:28:47Z,437,False,Librett,victor-anisimov/Librett,git@github.com:victor-anisimov/Librett.git,4
MDEwOlJlcG9zaXRvcnkzNzk5NzI0Mzk=,2021-06-24T15:33:47Z,2026-05-06T14:24:32Z,2026-05-06T14:12:57Z,162740,True,gstlearn,gstlearn/gstlearn,git@github.com:gstlearn/gstlearn.git,35
MDEwOlJlcG9zaXRvcnkzNzk5NjcwMzU=,2021-06-24T15:14:25Z,2026-03-06T23:02:23Z,2026-03-06T23:02:19Z,368,False,NOKIA_5110_RPI,gavinlyonsrepo/NOKIA_5110_RPI,git@github.com:gavinlyonsrepo/NOKIA_5110_RPI.git,9
MDEwOlJlcG9zaXRvcnkzNzk5Mzc1Njc=,2021-06-24T13:40:05Z,2026-05-06T13:50:44Z,2026-05-06T13:48:05Z,2896,False,problem-solving,jk-jung/problem-solving,git@github.com:jk-jung/problem-solving.git,4
MDEwOlJlcG9zaXRvcnkzNzk4NzUxMjQ=,2021-06-24T09:41:02Z,2026-03-09T16:23:47Z,2026-03-09T16:23:48Z,41649,True,ikarus,ikarus-project/ikarus,git@github.com:ikarus-project/ikarus.git,7
MDEwOlJlcG9zaXRvcnkzNzk4NzA4MzI=,2021-06-24T09:24:21Z,2026-04-19T11:44:40Z,2026-04-19T11:44:35Z,144,False,Project-Builder,Fildo7525/Project-Builder,git@github.com:Fildo7525/Project-Builder.git,1
MDEwOlJlcG9zaXRvcnkzNzk4NjcxNDQ=,2021-06-24T09:10:03Z,2026-05-06T21:10:38Z,2026-03-03T06:33:43Z,67143,False,CaveStoryNDS,tilderain/CaveStoryNDS,git@github.com:tilderain/CaveStoryNDS.git,64
MDEwOlJlcG9zaXRvcnkzNzk3Nzc1OTA=,2021-06-24T02:07:13Z,2026-04-27T10:28:19Z,2026-04-30T00:36:48Z,3224577,False,OmegaGameFramework,StudioSyndiCatCaius/OmegaGameFramework,git@github.com:StudioSyndiCatCaius/OmegaGameFramework.git,146
MDEwOlJlcG9zaXRvcnkzNzk3MzgyNjk=,2021-06-23T21:57:23Z,2026-04-26T09:22:44Z,2026-03-14T04:24:05Z,13198,False,mippp,fhamonic/mippp,git@github.com:fhamonic/mippp.git,15
MDEwOlJlcG9zaXRvcnkzNzk3MDk4MDE=,2021-06-23T19:30:45Z,2026-05-05T01:38:46Z,2026-05-03T08:02:20Z,9608,False,moonlight-xbox,TheElixZammuto/moonlight-xbox,git@github.com:TheElixZammuto/moonlight-xbox.git,554
MDEwOlJlcG9zaXRvcnkzNzk3MDA3MTk=,2021-06-23T18:49:40Z,2026-03-25T16:21:37Z,2026-03-13T10:51:35Z,1475,True,ifc,microsoft/ifc,git@github.com:microsoft/ifc.git,71
MDEwOlJlcG9zaXRvcnkzNzk2OTMzNzA=,2021-06-23T18:17:22Z,2026-04-22T21:43:00Z,2026-04-22T21:42:55Z,6,False,BlackJack,HFConsultant/BlackJack,git@github.com:HFConsultant/BlackJack.git,0
MDEwOlJlcG9zaXRvcnkzNzk2Njg1MjY=,2021-06-23T16:39:02Z,2026-03-13T02:28:01Z,2026-03-13T02:27:58Z,1033,False,BidirectionalPulsePropagationEquations,JCatesPH/BidirectionalPulsePropagationEquations,git@github.com:JCatesPH/BidirectionalPulsePropagationEquations.git,1
MDEwOlJlcG9zaXRvcnkzNzk2NTc1Mjg=,2021-06-23T15:57:21Z,2026-03-16T19:01:24Z,2026-05-07T09:12:09Z,1602,True,khealthcertificate,KDE/khealthcertificate,git@github.com:KDE/khealthcertificate.git,5
MDEwOlJlcG9zaXRvcnkzNzk2NDY0NjE=,2021-06-23T15:18:51Z,2026-03-16T05:31:37Z,2026-03-16T05:31:33Z,44028,False,QScreenShot,kuaidy/QScreenShot,git@github.com:kuaidy/QScreenShot.git,6
MDEwOlJlcG9zaXRvcnkzNzk1ODcyMTY=,2021-06-23T11:57:46Z,2026-03-20T00:18:09Z,2026-03-20T00:18:04Z,24,False,Scanner,Nomand360/Scanner,git@github.com:Nomand360/Scanner.git,0
MDEwOlJlcG9zaXRvcnkzNzk1NTgzOTQ=,2021-06-23T10:04:12Z,2026-05-05T06:43:14Z,2026-05-05T06:43:10Z,645,False,Competetive-programming-learning-problems,Shakya47/Competetive-programming-learning-problems,git@github.com:Shakya47/Competetive-programming-learning-problems.git,1
MDEwOlJlcG9zaXRvcnkzNzk1NDk4ODU=,2021-06-23T09:31:16Z,2026-05-04T04:38:59Z,2026-05-04T04:38:54Z,62,True,linux-cmake-travis-sc,sonarsource-cfamily-examples/linux-cmake-travis-sc,git@github.com:sonarsource-cfamily-examples/linux-cmake-travis-sc.git,0
MDEwOlJlcG9zaXRvcnkzNzk1MjY5OTA=,2021-06-23T08:06:18Z,2026-03-24T15:50:32Z,2026-03-19T09:15:29Z,37115,False,indiestudio,LucasCourteaud/indiestudio,git@github.com:LucasCourteaud/indiestudio.git,0
MDEwOlJlcG9zaXRvcnkzNzk1MTM0MDM=,2021-06-23T07:14:01Z,2026-05-04T04:39:52Z,2026-05-04T04:39:47Z,71,True,linux-autotools-gitlab-ci-sq,sonarsource-cfamily-examples/linux-autotools-gitlab-ci-sq,git@github.com:sonarsource-cfamily-examples/linux-autotools-gitlab-ci-sq.git,1
MDEwOlJlcG9zaXRvcnkzNzk0NjYyNDY=,2021-06-23T03:20:21Z,2026-03-28T01:00:29Z,2026-03-28T01:00:25Z,1883,False,leetcode,shangrex/leetcode,git@github.com:shangrex/leetcode.git,1
MDEwOlJlcG9zaXRvcnkzNzk0NTc5MDc=,2021-06-23T02:36:02Z,2026-04-21T16:58:21Z,2026-03-21T20:56:12Z,9971,True,scallop2,Shao-Group/scallop2,git@github.com:Shao-Group/scallop2.git,12
MDEwOlJlcG9zaXRvcnkzNzk0NTAyNTM=,2021-06-23T01:56:53Z,2026-05-07T09:45:19Z,2026-05-07T10:06:52Z,253330,False,goldendict-ng,xiaoyifang/goldendict-ng,git@github.com:xiaoyifang/goldendict-ng.git,2673
MDEwOlJlcG9zaXRvcnkzNzk0NDk3NzI=,2021-06-23T01:54:16Z,2026-05-04T20:31:58Z,2026-05-06T20:54:16Z,13022,True,tps,pecos/tps,git@github.com:pecos/tps.git,10
MDEwOlJlcG9zaXRvcnkzNzk0MzI0ODU=,2021-06-23T00:15:08Z,2026-04-14T13:47:51Z,2026-04-14T13:47:42Z,710,False,APS,MrCodeMania/APS,git@github.com:MrCodeMania/APS.git,0
MDEwOlJlcG9zaXRvcnkzNzkzOTM4OTc=,2021-06-22T20:32:56Z,2026-03-22T09:44:29Z,2026-03-22T09:44:26Z,852,False,NSGA2,wbyates777/NSGA2,git@github.com:wbyates777/NSGA2.git,7
MDEwOlJlcG9zaXRvcnkzNzkzOTA4NzI=,2021-06-22T20:19:18Z,2026-05-06T09:22:52Z,2026-05-06T09:22:48Z,6491,True,accelbyte-unreal-oss,AccelByte/accelbyte-unreal-oss,git@github.com:AccelByte/accelbyte-unreal-oss.git,10
MDEwOlJlcG9zaXRvcnkzNzkzNzQyMTE=,2021-06-22T19:04:36Z,2026-04-02T19:03:36Z,2026-04-02T19:03:31Z,34,False,Commons,AceOfSnakes/Commons,git@github.com:AceOfSnakes/Commons.git,0
MDEwOlJlcG9zaXRvcnkzNzkzNTc2ODQ=,2021-06-22T17:57:54Z,2026-04-02T13:30:03Z,2026-04-02T13:29:51Z,412,True,faust2wwise,grame-cncm/faust2wwise,git@github.com:grame-cncm/faust2wwise.git,12
MDEwOlJlcG9zaXRvcnkzNzkzMjQ5NDI=,2021-06-22T15:54:38Z,2026-03-31T21:49:18Z,2026-04-23T21:06:02Z,11858,True,lsp-plugins-spectrum-analyzer,lsp-plugins/lsp-plugins-spectrum-analyzer,git@github.com:lsp-plugins/lsp-plugins-spectrum-analyzer.git,0
MDEwOlJlcG9zaXRvcnkzNzkzMjQ5Mzc=,2021-06-22T15:54:37Z,2026-03-17T14:38:43Z,2026-03-17T14:38:40Z,85,False,GB2_OOP_CPP,gallasglasses/GB2_OOP_CPP,git@github.com:gallasglasses/GB2_OOP_CPP.git,0
MDEwOlJlcG9zaXRvcnkzNzkzMTEzODQ=,2021-06-22T15:09:20Z,2026-03-25T20:23:55Z,2026-03-25T20:23:51Z,40840,False,fcalc,dimorlus/fcalc,git@github.com:dimorlus/fcalc.git,0
MDEwOlJlcG9zaXRvcnkzNzkyNzMzMDU=,2021-06-22T13:08:13Z,2026-04-30T21:06:43Z,2026-04-30T21:06:30Z,3859,False,leosatellites,Avian688/leosatellites,git@github.com:Avian688/leosatellites.git,80
MDEwOlJlcG9zaXRvcnkzNzkyNzE4MTY=,2021-06-22T13:03:14Z,2026-05-04T04:39:45Z,2026-05-04T04:39:41Z,75,True,linux-cmake-gitlab-ci-sq,sonarsource-cfamily-examples/linux-cmake-gitlab-ci-sq,git@github.com:sonarsource-cfamily-examples/linux-cmake-gitlab-ci-sq.git,11
MDEwOlJlcG9zaXRvcnkzNzkyNTg2MDc=,2021-06-22T12:17:44Z,2026-04-29T20:45:48Z,2026-04-29T20:45:44Z,12708,False,os3,Avian688/os3,git@github.com:Avian688/os3.git,19
MDEwOlJlcG9zaXRvcnkzNzkyNTc2NjE=,2021-06-22T12:14:26Z,2026-05-04T04:40:10Z,2026-05-04T04:40:07Z,98,True,macos-xcode-azure-sq,sonarsource-cfamily-examples/macos-xcode-azure-sq,git@github.com:sonarsource-cfamily-examples/macos-xcode-azure-sq.git,0
MDEwOlJlcG9zaXRvcnkzNzkyNTM3Njc=,2021-06-22T12:01:07Z,2026-05-04T04:40:07Z,2026-05-04T04:40:03Z,93,True,macos-cmake-azure-sq,sonarsource-cfamily-examples/macos-cmake-azure-sq,git@github.com:sonarsource-cfamily-examples/macos-cmake-azure-sq.git,0
MDEwOlJlcG9zaXRvcnkzNzkyMTg2OTI=,2021-06-22T09:47:17Z,2026-05-04T04:39:56Z,2026-05-04T04:39:53Z,98,True,windows-cmake-azure-sq,sonarsource-cfamily-examples/windows-cmake-azure-sq,git@github.com:sonarsource-cfamily-examples/windows-cmake-azure-sq.git,1
MDEwOlJlcG9zaXRvcnkzNzkyMTg2Nzc=,2021-06-22T09:47:14Z,2026-05-04T04:39:10Z,2026-05-04T04:39:05Z,86,True,linux-autotools-gitlab-ci-sc,sonarsource-cfamily-examples/linux-autotools-gitlab-ci-sc,git@github.com:sonarsource-cfamily-examples/linux-autotools-gitlab-ci-sc.git,0
MDEwOlJlcG9zaXRvcnkzNzkyMTc5ODk=,2021-06-22T09:44:51Z,2026-05-04T04:40:00Z,2026-05-04T04:39:57Z,102,True,windows-msbuild-azure-sq,sonarsource-cfamily-examples/windows-msbuild-azure-sq,git@github.com:sonarsource-cfamily-examples/windows-msbuild-azure-sq.git,2
MDEwOlJlcG9zaXRvcnkzNzkyMTMwNDA=,2021-06-22T09:27:00Z,2026-05-04T04:39:44Z,2026-05-04T04:39:40Z,106,True,linux-cmake-azure-sq,sonarsource-cfamily-examples/linux-cmake-azure-sq,git@github.com:sonarsource-cfamily-examples/linux-cmake-azure-sq.git,0
MDEwOlJlcG9zaXRvcnkzNzkyMDYxMjA=,2021-06-22T09:02:33Z,2026-04-23T02:53:40Z,2026-04-23T02:53:35Z,2605,False,Dylan-CS,Dylan-CS/Dylan-CS,git@github.com:Dylan-CS/Dylan-CS.git,0
MDEwOlJlcG9zaXRvcnkzNzkxODY3ODc=,2021-06-22T07:52:36Z,2026-03-18T11:25:55Z,2026-03-18T11:25:51Z,52732,True,tinygs_2g4station,thingsat/tinygs_2g4station,git@github.com:thingsat/tinygs_2g4station.git,30
MDEwOlJlcG9zaXRvcnkzNzkxODQxOTQ=,2021-06-22T07:42:43Z,2026-05-05T05:59:04Z,2026-05-05T05:59:25Z,5272,True,irlba,libscran/irlba,git@github.com:libscran/irlba.git,17
MDEwOlJlcG9zaXRvcnkzNzkwODI1Njg=,2021-06-21T22:54:11Z,2026-03-18T15:52:43Z,2026-03-18T15:53:53Z,459,False,libudjatdbus,PerryWerneck/libudjatdbus,git@github.com:PerryWerneck/libudjatdbus.git,0
MDEwOlJlcG9zaXRvcnkzNzkwNjgxNzg=,2021-06-21T21:33:40Z,2026-04-29T16:22:22Z,2026-04-29T16:21:59Z,28902,False,enhancerHomologSearch,jianhong/enhancerHomologSearch,git@github.com:jianhong/enhancerHomologSearch.git,0
MDEwOlJlcG9zaXRvcnkzNzkwMDE2NDk=,2021-06-21T16:52:11Z,2026-04-13T01:43:41Z,2026-04-13T01:45:34Z,132,True,itusb2device-qt,bloguetronica/itusb2device-qt,git@github.com:bloguetronica/itusb2device-qt.git,0
MDEwOlJlcG9zaXRvcnkzNzg5ODMxNzg=,2021-06-21T15:46:04Z,2026-05-07T08:37:37Z,2026-05-07T08:37:33Z,195516,False,TinyDIP,Jimmy-Hu/TinyDIP,git@github.com:Jimmy-Hu/TinyDIP.git,5
MDEwOlJlcG9zaXRvcnkzNzg5NzczNTg=,2021-06-21T15:26:07Z,2026-05-07T00:00:38Z,2026-05-07T00:00:12Z,11400,True,ift-encoder,w3c/ift-encoder,git@github.com:w3c/ift-encoder.git,10
MDEwOlJlcG9zaXRvcnkzNzg5NTU2OTE=,2021-06-21T14:18:31Z,2026-03-23T05:17:23Z,2026-03-23T05:17:19Z,4176,False,VideoRecorder,mjlong123123/VideoRecorder,git@github.com:mjlong123123/VideoRecorder.git,4
MDEwOlJlcG9zaXRvcnkzNzg5NDY3NjM=,2021-06-21T13:50:59Z,2026-05-04T04:39:51Z,2026-05-04T04:39:46Z,111,True,linux-autotools-azure-sq,sonarsource-cfamily-examples/linux-autotools-azure-sq,git@github.com:sonarsource-cfamily-examples/linux-autotools-azure-sq.git,0
MDEwOlJlcG9zaXRvcnkzNzg5Mjk3MTA=,2021-06-21T12:52:41Z,2026-05-04T04:40:09Z,2026-05-04T04:40:05Z,107,True,macos-xcode-gh-actions-sq,sonarsource-cfamily-examples/macos-xcode-gh-actions-sq,git@github.com:sonarsource-cfamily-examples/macos-xcode-gh-actions-sq.git,0
MDEwOlJlcG9zaXRvcnkzNzg5MjUzMTE=,2021-06-21T12:36:48Z,2026-05-04T04:40:06Z,2026-05-04T04:40:01Z,108,True,macos-cmake-gh-actions-sq,sonarsource-cfamily-examples/macos-cmake-gh-actions-sq,git@github.com:sonarsource-cfamily-examples/macos-cmake-gh-actions-sq.git,0
MDEwOlJlcG9zaXRvcnkzNzg5MTUxNTQ=,2021-06-21T11:58:48Z,2026-05-04T04:39:48Z,2026-05-04T04:39:43Z,108,True,linux-autotools-gh-actions-sq,sonarsource-cfamily-examples/linux-autotools-gh-actions-sq,git@github.com:sonarsource-cfamily-examples/linux-autotools-gh-actions-sq.git,0
MDEwOlJlcG9zaXRvcnkzNzg5MDg5Nzc=,2021-06-21T11:34:27Z,2026-05-04T04:39:42Z,2026-05-04T04:39:38Z,98,True,linux-cmake-gh-actions-sq,sonarsource-cfamily-examples/linux-cmake-gh-actions-sq,git@github.com:sonarsource-cfamily-examples/linux-cmake-gh-actions-sq.git,0
MDEwOlJlcG9zaXRvcnkzNzg5MDIzMjU=,2021-06-21T11:08:19Z,2026-05-04T04:39:56Z,2026-05-04T04:39:51Z,107,True,windows-cmake-gh-actions-sq,sonarsource-cfamily-examples/windows-cmake-gh-actions-sq,git@github.com:sonarsource-cfamily-examples/windows-cmake-gh-actions-sq.git,2
MDEwOlJlcG9zaXRvcnkzNzg4ODI4NjY=,2021-06-21T09:50:49Z,2026-04-26T17:06:12Z,2026-04-26T17:06:08Z,16,False,infinite-smart-vector-template-using-linked-list,MohammadAsadolahi/infinite-smart-vector-template-using-linked-list,git@github.com:MohammadAsadolahi/infinite-smart-vector-template-using-linked-list.git,3
MDEwOlJlcG9zaXRvcnkzNzg4ODExNjA=,2021-06-21T09:44:38Z,2026-05-04T04:39:59Z,2026-05-04T04:39:54Z,100,True,windows-msbuild-gh-actions-sq,sonarsource-cfamily-examples/windows-msbuild-gh-actions-sq,git@github.com:sonarsource-cfamily-examples/windows-msbuild-gh-actions-sq.git,1
MDEwOlJlcG9zaXRvcnkzNzg4ODAxMTI=,2021-06-21T09:40:46Z,2026-04-26T17:23:28Z,2026-04-26T17:23:24Z,8,False,smart-pointer-template-class-with-Boost-pointer,MohammadAsadolahi/smart-pointer-template-class-with-Boost-pointer,git@github.com:MohammadAsadolahi/smart-pointer-template-class-with-Boost-pointer.git,4
MDEwOlJlcG9zaXRvcnkzNzg4MjQyMzg=,2021-06-21T06:06:28Z,2026-04-16T18:42:26Z,2026-04-16T18:42:21Z,22506,False,dotfiles,kdrahul/dotfiles,git@github.com:kdrahul/dotfiles.git,0
MDEwOlJlcG9zaXRvcnkzNzg3ODcxNDA=,2021-06-21T02:41:28Z,2026-03-16T17:53:38Z,2026-03-16T17:53:33Z,42,False,Monte-Carlo-Simulation,hinmic/Monte-Carlo-Simulation,git@github.com:hinmic/Monte-Carlo-Simulation.git,0
MDEwOlJlcG9zaXRvcnkzNzg3NjMzOTQ=,2021-06-21T00:09:27Z,2026-05-05T21:34:30Z,2026-03-25T20:24:04Z,389029,False,HDL-Batch-installer,israpps/HDL-Batch-installer,git@github.com:israpps/HDL-Batch-installer.git,302
MDEwOlJlcG9zaXRvcnkzNzg3NDgzNTU=,2021-06-20T22:05:16Z,2026-05-07T08:59:36Z,2026-05-02T04:05:09Z,8920,True,open.mp,openmultiplayer/open.mp,git@github.com:openmultiplayer/open.mp.git,597
MDEwOlJlcG9zaXRvcnkzNzg3MTYyNTg=,2021-06-20T18:39:25Z,2026-04-27T20:01:21Z,2026-04-27T20:01:16Z,2249,False,common-kaba-packages,momentarylapse/common-kaba-packages,git@github.com:momentarylapse/common-kaba-packages.git,0
MDEwOlJlcG9zaXRvcnkzNzg3MTU4NTk=,2021-06-20T18:37:16Z,2026-04-25T12:23:50Z,2026-04-25T12:23:46Z,5784,False,sgribthmaker,momentarylapse/sgribthmaker,git@github.com:momentarylapse/sgribthmaker.git,0
MDEwOlJlcG9zaXRvcnkzNzg2OTgyMjA=,2021-06-20T17:03:00Z,2026-04-25T14:35:32Z,2026-05-02T06:43:14Z,417549,True,prebuilt,fcitx5-android/prebuilt,git@github.com:fcitx5-android/prebuilt.git,4
MDEwOlJlcG9zaXRvcnkzNzg2NzU0MTE=,2021-06-20T15:13:53Z,2026-03-18T21:11:02Z,2026-03-18T21:10:58Z,121711,False,MiscLanguageProjects,jagman014/MiscLanguageProjects,git@github.com:jagman014/MiscLanguageProjects.git,0
MDEwOlJlcG9zaXRvcnkzNzg2MzQ1NzI=,2021-06-20T12:00:55Z,2026-05-01T22:22:05Z,2026-05-01T22:22:02Z,5670,False,y-engine,momentarylapse/y-engine,git@github.com:momentarylapse/y-engine.git,0
MDEwOlJlcG9zaXRvcnkzNzg2Mjk5NDM=,2021-06-20T11:36:27Z,2026-04-22T10:55:25Z,2026-04-14T09:29:11Z,467,True,png2mesh,DLR-AMR/png2mesh,git@github.com:DLR-AMR/png2mesh.git,14
MDEwOlJlcG9zaXRvcnkzNzg2MDE5NTU=,2021-06-20T09:03:46Z,2026-04-14T16:49:53Z,2026-04-14T16:50:27Z,376,False,durak_computer_controlled_opponent,werto87/durak_computer_controlled_opponent,git@github.com:werto87/durak_computer_controlled_opponent.git,1
MDEwOlJlcG9zaXRvcnkzNzg1ODc0MTM=,2021-06-20T07:42:41Z,2026-05-04T15:12:08Z,2026-05-04T15:12:02Z,70,False,Encode-TestDesign-Kata,emilybache/Encode-TestDesign-Kata,git@github.com:emilybache/Encode-TestDesign-Kata.git,3
MDEwOlJlcG9zaXRvcnkzNzg1NjUyNDg=,2021-06-20T05:21:39Z,2026-04-24T06:27:17Z,2026-04-24T06:27:13Z,40,False,Leetcode-codes,AnanyDubey/Leetcode-codes,git@github.com:AnanyDubey/Leetcode-codes.git,0
MDEwOlJlcG9zaXRvcnkzNzg1MzYwNTI=,2021-06-20T01:34:24Z,2026-05-06T05:50:11Z,2026-05-06T05:50:07Z,44,True,qmmp-soundmon,TTK-qmmp/qmmp-soundmon,git@github.com:TTK-qmmp/qmmp-soundmon.git,1
MDEwOlJlcG9zaXRvcnkzNzg1MTIwMzI=,2021-06-19T22:03:33Z,2026-05-06T17:50:56Z,2026-05-06T17:50:52Z,1348482,False,sorcery,davemoore22/sorcery,git@github.com:davemoore22/sorcery.git,147
MDEwOlJlcG9zaXRvcnkzNzg1MDgwODA=,2021-06-19T21:32:31Z,2026-04-23T10:34:42Z,2026-04-20T04:47:53Z,73892,False,muscle,rcedgar/muscle,git@github.com:rcedgar/muscle.git,278
MDEwOlJlcG9zaXRvcnkzNzg1MDY5MTU=,2021-06-19T21:23:44Z,2026-03-30T15:05:51Z,2026-03-30T15:08:07Z,124,True,metier-server,Open-Transactions/metier-server,git@github.com:Open-Transactions/metier-server.git,1
MDEwOlJlcG9zaXRvcnkzNzg0Mjg2NzQ=,2021-06-19T14:14:49Z,2026-04-16T13:13:06Z,2026-04-16T13:13:02Z,581,False,Utilities,ArashMassoudieh/Utilities,git@github.com:ArashMassoudieh/Utilities.git,0
MDEwOlJlcG9zaXRvcnkzNzgzOTYyNTc=,2021-06-19T11:31:35Z,2026-05-04T10:26:40Z,2026-05-03T09:46:21Z,16356,False,GpgFrontend,saturneric/GpgFrontend,git@github.com:saturneric/GpgFrontend.git,713
MDEwOlJlcG9zaXRvcnkzNzgzODY5NDQ=,2021-06-19T10:39:52Z,2026-03-19T00:03:50Z,2026-03-19T00:03:46Z,2289,False,ImageEditingCPP,horno1337/ImageEditingCPP,git@github.com:horno1337/ImageEditingCPP.git,0
MDEwOlJlcG9zaXRvcnkzNzgzNTI2MTI=,2021-06-19T07:33:56Z,2026-04-17T03:04:10Z,2026-04-17T03:04:05Z,24173,True,harmonize,CEMeNT-PSAAP/harmonize,git@github.com:CEMeNT-PSAAP/harmonize.git,8
MDEwOlJlcG9zaXRvcnkzNzgyNzA1OTM=,2021-06-18T21:44:46Z,2026-04-02T05:22:30Z,2026-04-02T05:22:26Z,34345,False,JMH,shanpengli/JMH,git@github.com:shanpengli/JMH.git,3
MDEwOlJlcG9zaXRvcnkzNzgyNjAwMTg=,2021-06-18T20:37:47Z,2026-04-21T00:47:33Z,2026-04-02T20:47:47Z,2469,True,husarnet,husarnet/husarnet,git@github.com:husarnet/husarnet.git,371
MDEwOlJlcG9zaXRvcnkzNzgyNTkzMjk=,2021-06-18T20:34:02Z,2026-04-27T19:04:48Z,2026-04-27T19:04:43Z,57,False,jitbus,RoboticArts/jitbus,git@github.com:RoboticArts/jitbus.git,2
MDEwOlJlcG9zaXRvcnkzNzgyNTY3Mjk=,2021-06-18T20:18:48Z,2026-05-07T02:59:45Z,2026-05-07T02:59:42Z,2973,False,primordial,TimSC/primordial,git@github.com:TimSC/primordial.git,3
MDEwOlJlcG9zaXRvcnkzNzgyMDQzMDQ=,2021-06-18T16:12:49Z,2026-04-07T13:32:19Z,2026-04-07T13:32:16Z,4557,False,wisdom-chess,dmeybohm/wisdom-chess,git@github.com:dmeybohm/wisdom-chess.git,0
MDEwOlJlcG9zaXRvcnkzNzgyMDI0Mjk=,2021-06-18T16:05:25Z,2026-03-20T09:27:02Z,2026-03-20T09:26:59Z,916,False,turnup,show-matz/turnup,git@github.com:show-matz/turnup.git,0
MDEwOlJlcG9zaXRvcnkzNzgyMDE4Nzc=,2021-06-18T16:03:29Z,2026-05-05T17:01:09Z,2026-05-05T17:01:04Z,11605,True,core,esp32m/core,git@github.com:esp32m/core.git,35
MDEwOlJlcG9zaXRvcnkzNzgxODUzMjE=,2021-06-18T15:01:03Z,2026-03-30T16:07:04Z,2026-03-30T16:07:00Z,126,True,AT42QT,janelia-arduino/AT42QT,git@github.com:janelia-arduino/AT42QT.git,7
MDEwOlJlcG9zaXRvcnkzNzgxNTYyMjA=,2021-06-18T13:17:38Z,2026-04-28T09:20:23Z,2026-04-28T09:42:43Z,12120,False,esp-fs-webserver,cotestatnt/esp-fs-webserver,git@github.com:cotestatnt/esp-fs-webserver.git,178
MDEwOlJlcG9zaXRvcnkzNzgxMzg1Mjg=,2021-06-18T12:08:35Z,2026-05-04T04:39:00Z,2026-05-04T04:38:56Z,89,True,linux-cmake-gitlab-ci-sc,sonarsource-cfamily-examples/linux-cmake-gitlab-ci-sc,git@github.com:sonarsource-cfamily-examples/linux-cmake-gitlab-ci-sc.git,1
MDEwOlJlcG9zaXRvcnkzNzgxMzc4Mjc=,2021-06-18T12:05:42Z,2026-04-12T18:33:40Z,2026-04-12T18:33:31Z,12530,False,VC5000-Joshi-Assembler,Shreehar01/VC5000-Joshi-Assembler,git@github.com:Shreehar01/VC5000-Joshi-Assembler.git,0
MDEwOlJlcG9zaXRvcnkzNzgxMTM4MjI=,2021-06-18T10:23:16Z,2026-05-05T19:13:20Z,2026-05-05T19:13:16Z,12437,True,PipelineAndTD,NCCA/PipelineAndTD,git@github.com:NCCA/PipelineAndTD.git,22
MDEwOlJlcG9zaXRvcnkzNzgxMDgyOTE=,2021-06-18T10:01:47Z,2026-05-04T04:39:25Z,2026-05-04T04:39:20Z,94,True,windows-msbuild-azure-sc,sonarsource-cfamily-examples/windows-msbuild-azure-sc,git@github.com:sonarsource-cfamily-examples/windows-msbuild-azure-sc.git,0
MDEwOlJlcG9zaXRvcnkzNzgwOTY2MTM=,2021-06-18T09:15:24Z,2026-05-04T04:39:37Z,2026-05-04T04:39:33Z,93,True,macos-xcode-azure-sc,sonarsource-cfamily-examples/macos-xcode-azure-sc,git@github.com:sonarsource-cfamily-examples/macos-xcode-azure-sc.git,1
MDEwOlJlcG9zaXRvcnkzNzgwNjk2ODg=,2021-06-18T07:28:33Z,2026-04-07T21:25:31Z,2026-04-07T21:25:27Z,3911,True,build_tools,fibjs/build_tools,git@github.com:fibjs/build_tools.git,1
MDEwOlJlcG9zaXRvcnkzNzgwMzEyNjA=,2021-06-18T04:14:43Z,2026-04-01T08:01:19Z,2026-04-01T08:01:14Z,4370,False,dotfiles,michaelsaxon/dotfiles,git@github.com:michaelsaxon/dotfiles.git,0
MDEwOlJlcG9zaXRvcnkzNzc5MzkyNDc=,2021-06-17T19:22:51Z,2026-04-29T15:12:01Z,2026-04-26T18:44:33Z,304,False,audience-minutes,berthubert/audience-minutes,git@github.com:berthubert/audience-minutes.git,57
MDEwOlJlcG9zaXRvcnkzNzc5Mzc3NTM=,2021-06-17T19:16:01Z,2026-05-07T03:05:52Z,2026-05-07T03:05:49Z,692,True,loops,gunrock/loops,git@github.com:gunrock/loops.git,66
MDEwOlJlcG9zaXRvcnkzNzc5MTM3MzM=,2021-06-17T17:38:20Z,2026-05-06T19:53:32Z,2026-05-06T19:53:23Z,47135,True,volumetric_drilling,LCSR-SICKKIDS/volumetric_drilling,git@github.com:LCSR-SICKKIDS/volumetric_drilling.git,26
MDEwOlJlcG9zaXRvcnkzNzc4NzM1OTE=,2021-06-17T15:13:46Z,2026-03-22T16:49:56Z,2026-03-22T16:49:53Z,9072,False,icebreaker,bittnert/icebreaker,git@github.com:bittnert/icebreaker.git,0
MDEwOlJlcG9zaXRvcnkzNzc4NTExNjQ=,2021-06-17T14:03:41Z,2026-03-24T09:32:50Z,2026-03-24T09:32:47Z,48737,False,OnTubeVis,brussig-tud/OnTubeVis,git@github.com:brussig-tud/OnTubeVis.git,0
MDEwOlJlcG9zaXRvcnkzNzc4NDU4Mjc=,2021-06-17T13:46:39Z,2026-05-04T04:39:20Z,2026-05-04T04:39:15Z,92,True,windows-cmake-azure-sc,sonarsource-cfamily-examples/windows-cmake-azure-sc,git@github.com:sonarsource-cfamily-examples/windows-cmake-azure-sc.git,0
MDEwOlJlcG9zaXRvcnkzNzc4NDM4MzA=,2021-06-17T13:40:13Z,2026-03-30T20:06:37Z,2026-03-30T20:06:39Z,117,False,bazel-cpp,Mizux/bazel-cpp,git@github.com:Mizux/bazel-cpp.git,2
MDEwOlJlcG9zaXRvcnkzNzc4MTk5Njc=,2021-06-17T12:17:25Z,2026-05-04T04:39:31Z,2026-05-04T04:39:27Z,96,True,macos-cmake-azure-sc,sonarsource-cfamily-examples/macos-cmake-azure-sc,git@github.com:sonarsource-cfamily-examples/macos-cmake-azure-sc.git,0
MDEwOlJlcG9zaXRvcnkzNzc4MTEyMTU=,2021-06-17T11:45:18Z,2026-05-04T04:39:30Z,2026-05-04T04:39:25Z,108,True,macos-cmake-gh-actions-sc,sonarsource-cfamily-examples/macos-cmake-gh-actions-sc,git@github.com:sonarsource-cfamily-examples/macos-cmake-gh-actions-sc.git,1
MDEwOlJlcG9zaXRvcnkzNzc3OTc3MTY=,2021-06-17T10:52:37Z,2026-04-02T20:29:38Z,2026-04-02T20:29:35Z,100,False,Moje-Arduino,Romek1234/Moje-Arduino,git@github.com:Romek1234/Moje-Arduino.git,0
MDEwOlJlcG9zaXRvcnkzNzc3ODkyMTA=,2021-06-17T10:19:27Z,2026-05-04T04:39:14Z,2026-05-04T04:39:09Z,99,True,linux-autotools-azure-sc,sonarsource-cfamily-examples/linux-autotools-azure-sc,git@github.com:sonarsource-cfamily-examples/linux-autotools-azure-sc.git,0
MDEwOlJlcG9zaXRvcnkzNzc3NTAwMDg=,2021-06-17T07:55:40Z,2026-05-04T04:39:11Z,2026-05-04T04:39:07Z,101,True,linux-autotools-gh-actions-sc,sonarsource-cfamily-examples/linux-autotools-gh-actions-sc,git@github.com:sonarsource-cfamily-examples/linux-autotools-gh-actions-sc.git,4
MDEwOlJlcG9zaXRvcnkzNzc3NDA5NzI=,2021-06-17T07:21:04Z,2026-05-04T04:39:36Z,2026-05-04T04:39:31Z,107,True,macos-xcode-gh-actions-sc,sonarsource-cfamily-examples/macos-xcode-gh-actions-sc,git@github.com:sonarsource-cfamily-examples/macos-xcode-gh-actions-sc.git,1
MDEwOlJlcG9zaXRvcnkzNzc2MDc4NDQ=,2021-06-16T19:37:06Z,2026-05-06T14:59:29Z,2026-05-06T14:46:02Z,3094,False,argparse,rue-ryuzaki/argparse,git@github.com:rue-ryuzaki/argparse.git,17
MDEwOlJlcG9zaXRvcnkzNzc1OTA2NDI=,2021-06-16T18:23:30Z,2026-03-23T21:28:08Z,2026-03-23T21:28:03Z,43,True,mod-queue-list-cache,azerothcore/mod-queue-list-cache,git@github.com:azerothcore/mod-queue-list-cache.git,8
MDEwOlJlcG9zaXRvcnkzNzc1NDA4MzY=,2021-06-16T15:20:29Z,2026-04-28T13:00:53Z,2026-04-28T13:00:43Z,15,False,AM_Ethernet,ArduinoManager/AM_Ethernet,git@github.com:ArduinoManager/AM_Ethernet.git,0
MDEwOlJlcG9zaXRvcnkzNzc1MzU2MjA=,2021-06-16T15:03:01Z,2026-04-17T17:38:11Z,2026-04-17T17:38:08Z,24,False,Thermo,EternalDumpling/Thermo,git@github.com:EternalDumpling/Thermo.git,0
MDEwOlJlcG9zaXRvcnkzNzc0OTA0NjA=,2021-06-16T12:34:46Z,2026-05-04T04:39:22Z,2026-05-04T04:39:18Z,103,True,windows-msbuild-gh-actions-sc,sonarsource-cfamily-examples/windows-msbuild-gh-actions-sc,git@github.com:sonarsource-cfamily-examples/windows-msbuild-gh-actions-sc.git,3
MDEwOlJlcG9zaXRvcnkzNzc0ODEwOTY=,2021-06-16T12:01:25Z,2026-04-25T22:01:24Z,2026-04-25T22:01:20Z,8183,True,puca_dsp,ohmic-net/puca_dsp,git@github.com:ohmic-net/puca_dsp.git,76
MDEwOlJlcG9zaXRvcnkzNzc0NDMzNTE=,2021-06-16T09:34:17Z,2026-05-06T15:20:34Z,2026-05-06T15:05:59Z,1637,True,rockside,topling/rockside,git@github.com:topling/rockside.git,17
MDEwOlJlcG9zaXRvcnkzNzc0MTk1NTU=,2021-06-16T08:07:48Z,2026-03-30T05:01:32Z,2026-03-30T05:01:28Z,2985,False,Project-SNOL,gcmillora/Project-SNOL,git@github.com:gcmillora/Project-SNOL.git,0
MDEwOlJlcG9zaXRvcnkzNzczODMyODI=,2021-06-16T05:40:06Z,2026-05-06T15:01:07Z,2026-03-05T08:28:49Z,3163,False,qETRC,CDK6182CHR/qETRC,git@github.com:CDK6182CHR/qETRC.git,122
MDEwOlJlcG9zaXRvcnkzNzczMzc3NjE=,2021-06-16T01:32:53Z,2026-05-07T07:09:22Z,2026-04-25T11:58:23Z,870,True,LSPlant,LSPosed/LSPlant,git@github.com:LSPosed/LSPlant.git,1252
MDEwOlJlcG9zaXRvcnkzNzcyODEwMDQ=,2021-06-15T20:05:12Z,2026-04-26T23:37:57Z,2026-04-26T23:37:53Z,139,False,miscellaneous,WW92030-STORAGE/miscellaneous,git@github.com:WW92030-STORAGE/miscellaneous.git,0
MDEwOlJlcG9zaXRvcnkzNzcyMzM3NDE=,2021-06-15T16:52:54Z,2026-05-06T19:06:38Z,2026-05-06T19:06:34Z,35225,False,glossy-msp430,grumat/glossy-msp430,git@github.com:grumat/glossy-msp430.git,13
MDEwOlJlcG9zaXRvcnkzNzcxODM1ODE=,2021-06-15T14:03:14Z,2026-05-04T04:39:16Z,2026-05-04T04:39:13Z,112,True,windows-cmake-gh-actions-sc,sonarsource-cfamily-examples/windows-cmake-gh-actions-sc,git@github.com:sonarsource-cfamily-examples/windows-cmake-gh-actions-sc.git,0
MDEwOlJlcG9zaXRvcnkzNzcxNjI5ODI=,2021-06-15T12:56:46Z,2026-05-05T09:32:11Z,2026-05-07T08:41:09Z,130341,False,threepp,markaren/threepp,git@github.com:markaren/threepp.git,782
MDEwOlJlcG9zaXRvcnkzNzcxMTA2MjI=,2021-06-15T09:39:37Z,2026-05-04T04:39:04Z,2026-05-04T04:39:00Z,105,True,linux-cmake-azure-sc,sonarsource-cfamily-examples/linux-cmake-azure-sc,git@github.com:sonarsource-cfamily-examples/linux-cmake-azure-sc.git,0
MDEwOlJlcG9zaXRvcnkzNzcxMDAxNDg=,2021-06-15T09:01:07Z,2026-05-07T09:14:58Z,2026-05-07T09:14:55Z,149818,False,OpenHTJ2K,osamu620/OpenHTJ2K,git@github.com:osamu620/OpenHTJ2K.git,46
MDEwOlJlcG9zaXRvcnkzNzcwOTczNjY=,2021-06-15T08:51:07Z,2026-05-06T21:30:15Z,2026-05-06T21:30:13Z,18039,True,join,joinframework/join,git@github.com:joinframework/join.git,3
MDEwOlJlcG9zaXRvcnkzNzcwNzk1OTM=,2021-06-15T07:47:02Z,2026-04-17T07:35:29Z,2026-04-17T07:35:23Z,3629106,False,aus-polling-analyser,d-j-hirst/aus-polling-analyser,git@github.com:d-j-hirst/aus-polling-analyser.git,11
MDEwOlJlcG9zaXRvcnkzNzcwNzc1MzQ=,2021-06-15T07:39:38Z,2026-05-04T04:39:08Z,2026-05-04T04:39:04Z,55,True,linux-autotools-travis-sc,sonarsource-cfamily-examples/linux-autotools-travis-sc,git@github.com:sonarsource-cfamily-examples/linux-autotools-travis-sc.git,0
MDEwOlJlcG9zaXRvcnkzNzcwMjMxMDM=,2021-06-15T03:23:18Z,2026-03-27T19:12:28Z,2026-03-27T19:12:24Z,203,False,Chicken-Door,PuaNow/Chicken-Door,git@github.com:PuaNow/Chicken-Door.git,0
MDEwOlJlcG9zaXRvcnkzNzY5NjU5MjQ=,2021-06-14T21:57:40Z,2026-03-18T18:25:45Z,2026-03-18T18:25:41Z,4737,True,OpenAT-Template,makersmakingchange/OpenAT-Template,git@github.com:makersmakingchange/OpenAT-Template.git,8
MDEwOlJlcG9zaXRvcnkzNzY5MzIyMjA=,2021-06-14T19:19:29Z,2026-05-02T11:55:07Z,2026-05-06T19:23:17Z,10864,False,CppShelf,GuillaumeDua/CppShelf,git@github.com:GuillaumeDua/CppShelf.git,9
MDEwOlJlcG9zaXRvcnkzNzY5MjU4Mzg=,2021-06-14T18:52:38Z,2026-05-05T20:16:01Z,2026-05-05T20:15:57Z,343,False,nioc,ajakhotia/nioc,git@github.com:ajakhotia/nioc.git,0
MDEwOlJlcG9zaXRvcnkzNzY4ODY3ODI=,2021-06-14T16:22:55Z,2026-05-04T04:39:02Z,2026-05-04T04:38:58Z,107,True,linux-cmake-gh-actions-sc,sonarsource-cfamily-examples/linux-cmake-gh-actions-sc,git@github.com:sonarsource-cfamily-examples/linux-cmake-gh-actions-sc.git,4
MDEwOlJlcG9zaXRvcnkzNzY3Nzc2NjQ=,2021-06-14T10:00:36Z,2026-04-20T23:22:31Z,2026-04-20T23:22:26Z,19,False,Maze-Game,Teris45/Maze-Game,git@github.com:Teris45/Maze-Game.git,2
MDEwOlJlcG9zaXRvcnkzNzY3NTkxODA=,2021-06-14T08:47:42Z,2026-03-10T13:38:05Z,2026-03-10T13:38:01Z,480,False,AbilitySystemSetup,ChristianHinkle/AbilitySystemSetup,git@github.com:ChristianHinkle/AbilitySystemSetup.git,0
MDEwOlJlcG9zaXRvcnkzNzY2OTA5NDA=,2021-06-14T03:17:10Z,2026-03-06T02:44:05Z,2026-03-06T02:43:45Z,1050629,False,SerbinPublic,Serbin2/SerbinPublic,git@github.com:Serbin2/SerbinPublic.git,0
MDEwOlJlcG9zaXRvcnkzNzY2MTgwMzQ=,2021-06-13T18:51:45Z,2026-04-24T02:39:01Z,2026-04-10T10:27:55Z,480,False,GGST-Enhancer,HAWGT/GGST-Enhancer,git@github.com:HAWGT/GGST-Enhancer.git,7
MDEwOlJlcG9zaXRvcnkzNzY2MDQ5NTY=,2021-06-13T17:41:50Z,2026-05-03T18:05:18Z,2026-05-03T18:07:41Z,654,False,MTest,MatiRg/MTest,git@github.com:MatiRg/MTest.git,0
MDEwOlJlcG9zaXRvcnkzNzY1NjA5MjY=,2021-06-13T14:14:46Z,2026-03-22T14:43:06Z,2026-03-22T14:43:03Z,12862,False,PV,davidly/PV,git@github.com:davidly/PV.git,2
MDEwOlJlcG9zaXRvcnkzNzY1MTkxODI=,2021-06-13T11:06:07Z,2026-03-22T02:34:46Z,2026-03-22T02:34:41Z,950,False,atcoder,takano536/atcoder,git@github.com:takano536/atcoder.git,0
MDEwOlJlcG9zaXRvcnkzNzY0NDE5NDA=,2021-06-13T04:49:56Z,2026-04-27T13:41:10Z,2026-04-27T13:39:55Z,1870,False,Algorithm,hyunwoo0081/Algorithm,git@github.com:hyunwoo0081/Algorithm.git,1
MDEwOlJlcG9zaXRvcnkzNzY0MjQ5MTk=,2021-06-13T03:03:45Z,2026-04-30T20:56:31Z,2026-04-30T20:56:26Z,202533,False,skyland-gba,evanbowman/skyland-gba,git@github.com:evanbowman/skyland-gba.git,92
MDEwOlJlcG9zaXRvcnkzNzYzODcyNTM=,2021-06-12T21:32:33Z,2026-04-19T15:08:00Z,2026-03-27T03:32:56Z,59213,False,TimedPetriNetEditor,Lecrapouille/TimedPetriNetEditor,git@github.com:Lecrapouille/TimedPetriNetEditor.git,21
MDEwOlJlcG9zaXRvcnkzNzYyNzkzNzQ=,2021-06-12T12:01:22Z,2026-04-27T14:39:37Z,2026-04-27T14:39:08Z,1975,False,BaekJoon_Online_Judge,Chan531/BaekJoon_Online_Judge,git@github.com:Chan531/BaekJoon_Online_Judge.git,1
MDEwOlJlcG9zaXRvcnkzNzYyMzc4Njc=,2021-06-12T08:18:30Z,2026-04-01T14:02:41Z,2026-04-01T14:02:36Z,2453,False,scoped-singleton,rbroggi/scoped-singleton,git@github.com:rbroggi/scoped-singleton.git,0
MDEwOlJlcG9zaXRvcnkzNzYyMTMwNDA=,2021-06-12T05:51:09Z,2026-04-24T13:57:52Z,2026-04-24T13:57:48Z,83,False,practice,shivam-369/practice,git@github.com:shivam-369/practice.git,0
MDEwOlJlcG9zaXRvcnkzNzYxODQ1NTA=,2021-06-12T02:23:13Z,2026-03-07T17:18:44Z,2026-03-07T17:18:41Z,9322,False,ofxSurfingVideoSkip,moebiussurfing/ofxSurfingVideoSkip,git@github.com:moebiussurfing/ofxSurfingVideoSkip.git,3
MDEwOlJlcG9zaXRvcnkzNzYxNzk5Mjc=,2021-06-12T01:47:38Z,2026-03-01T14:21:42Z,2026-03-01T14:21:38Z,6774,False,SA2-Debug-Mode,Sora-yx/SA2-Debug-Mode,git@github.com:Sora-yx/SA2-Debug-Mode.git,2
MDEwOlJlcG9zaXRvcnkzNzYwOTk4NDc=,2021-06-11T17:38:38Z,2026-04-24T14:55:13Z,2026-04-24T14:55:09Z,21,False,OpenCvCSharp,carlosmccosta/OpenCvCSharp,git@github.com:carlosmccosta/OpenCvCSharp.git,0
MDEwOlJlcG9zaXRvcnkzNzYwMjI4NDY=,2021-06-11T12:46:38Z,2026-05-05T15:02:53Z,2026-04-23T01:07:53Z,88653,True,debugger,Vector35/debugger,git@github.com:Vector35/debugger.git,314
MDEwOlJlcG9zaXRvcnkzNzU5NDY1MzU=,2021-06-11T07:50:10Z,2026-04-16T06:13:40Z,2026-04-16T06:13:36Z,1942,False,CecilBotMod,DreamyCecil/CecilBotMod,git@github.com:DreamyCecil/CecilBotMod.git,10
MDEwOlJlcG9zaXRvcnkzNzU5MTY0Mjg=,2021-06-11T05:38:37Z,2026-05-06T20:44:27Z,2026-05-06T20:44:23Z,23340,False,mu3eanca,ursl/mu3eanca,git@github.com:ursl/mu3eanca.git,0
MDEwOlJlcG9zaXRvcnkzNzU4OTk5OTA=,2021-06-11T04:03:58Z,2026-04-29T04:57:19Z,2026-03-15T07:59:05Z,50252,True,VID-Fusion,ZJU-FAST-Lab/VID-Fusion,git@github.com:ZJU-FAST-Lab/VID-Fusion.git,145
MDEwOlJlcG9zaXRvcnkzNzU4Nzg5NTc=,2021-06-11T02:08:17Z,2026-03-20T14:52:31Z,2026-03-20T14:52:27Z,40045,True,Filed-Experiment-Data-HIGH_Sim,CATS-Lab/Filed-Experiment-Data-HIGH_Sim,git@github.com:CATS-Lab/Filed-Experiment-Data-HIGH_Sim.git,13
MDEwOlJlcG9zaXRvcnkzNzU4NjIzNjU=,2021-06-11T00:26:38Z,2026-05-06T23:04:22Z,2026-05-07T08:09:18Z,3484,False,glasgow-constraint-solver,ciaranm/glasgow-constraint-solver,git@github.com:ciaranm/glasgow-constraint-solver.git,18
MDEwOlJlcG9zaXRvcnkzNzU4NTg3NTQ=,2021-06-11T00:03:10Z,2026-03-29T09:52:26Z,2026-03-29T09:52:18Z,11085,False,Qweercoin,sacredsynergy/Qweercoin,git@github.com:sacredsynergy/Qweercoin.git,0
MDEwOlJlcG9zaXRvcnkzNzU4MTcxOTQ=,2021-06-10T20:02:28Z,2026-03-30T20:35:06Z,2026-03-30T20:35:01Z,58,False,bk3fsl,FUB4R/bk3fsl,git@github.com:FUB4R/bk3fsl.git,1
MDEwOlJlcG9zaXRvcnkzNzU3OTc5MzI=,2021-06-10T18:46:59Z,2026-05-04T17:29:05Z,2026-05-04T17:29:00Z,751058,False,C-,GaliullinEV/C-,git@github.com:GaliullinEV/C-.git,0
MDEwOlJlcG9zaXRvcnkzNzU3OTA2MTA=,2021-06-10T18:18:03Z,2026-05-03T12:28:49Z,2026-05-03T12:28:45Z,385857,False,maze,Tinaynox/maze,git@github.com:Tinaynox/maze.git,27
MDEwOlJlcG9zaXRvcnkzNzU3NTU5MTc=,2021-06-10T16:02:56Z,2026-04-28T13:41:15Z,2026-04-30T10:21:38Z,2228,True,ToolFrameworkCore,ToolFramework/ToolFrameworkCore,git@github.com:ToolFramework/ToolFrameworkCore.git,1
MDEwOlJlcG9zaXRvcnkzNzU3MjUzNDM=,2021-06-10T14:25:51Z,2026-05-04T20:03:04Z,2026-05-07T08:56:41Z,14931,False,JSL,DrFraserGovil/JSL,git@github.com:DrFraserGovil/JSL.git,0
MDEwOlJlcG9zaXRvcnkzNzU2NzM4MDI=,2021-06-10T11:28:14Z,2026-04-13T09:50:46Z,2026-04-15T08:02:47Z,152,False,Shelter,Miezhiko/Shelter,git@github.com:Miezhiko/Shelter.git,2
MDEwOlJlcG9zaXRvcnkzNzU1OTIwMDk=,2021-06-10T06:20:40Z,2026-04-20T01:44:58Z,2026-04-20T01:44:53Z,949,False,VMSToolAccess,akunadze/VMSToolAccess,git@github.com:akunadze/VMSToolAccess.git,1
MDEwOlJlcG9zaXRvcnkzNzU1MjY0ODM=,2021-06-10T00:43:15Z,2026-03-18T03:37:28Z,2026-03-12T20:16:44Z,26837,False,FastGeodis,masadcv/FastGeodis,git@github.com:masadcv/FastGeodis.git,107
MDEwOlJlcG9zaXRvcnkzNzU0ODU4MTY=,2021-06-09T20:49:28Z,2026-04-29T15:35:41Z,2026-03-18T00:29:49Z,933,False,3D-Game-Engine-Template,TheoBendixson/3D-Game-Engine-Template,git@github.com:TheoBendixson/3D-Game-Engine-Template.git,45
MDEwOlJlcG9zaXRvcnkzNzU0NjQyNzI=,2021-06-09T19:12:26Z,2026-05-07T06:25:59Z,2026-05-07T06:25:55Z,880,False,caliburn,JeffPerando/caliburn,git@github.com:JeffPerando/caliburn.git,0
MDEwOlJlcG9zaXRvcnkzNzU0NDU3NDM=,2021-06-09T17:57:53Z,2026-04-12T06:16:00Z,2026-03-22T18:15:27Z,196130,False,TYPE1SC,codezoo-ltd/TYPE1SC,git@github.com:codezoo-ltd/TYPE1SC.git,17
MDEwOlJlcG9zaXRvcnkzNzUzOTk3MDg=,2021-06-09T15:15:25Z,2026-05-05T19:54:49Z,2026-05-05T19:54:44Z,521,False,dotconfig,JacobMalloy/dotconfig,git@github.com:JacobMalloy/dotconfig.git,0
MDEwOlJlcG9zaXRvcnkzNzUzNTYwNjE=,2021-06-09T12:59:11Z,2026-05-04T08:23:10Z,2026-03-06T18:56:58Z,100707,False,RAMA,pawelswoboda/RAMA,git@github.com:pawelswoboda/RAMA.git,89
MDEwOlJlcG9zaXRvcnkzNzUzMzkzODY=,2021-06-09T11:59:33Z,2026-04-30T11:32:06Z,2026-04-30T11:32:03Z,398,True,libnetconf2-cpp,CESNET/libnetconf2-cpp,git@github.com:CESNET/libnetconf2-cpp.git,6
MDEwOlJlcG9zaXRvcnkzNzUzMzc4OTU=,2021-06-09T11:53:39Z,2026-04-30T11:32:05Z,2026-04-30T11:32:01Z,3052,True,libyang-cpp,CESNET/libyang-cpp,git@github.com:CESNET/libyang-cpp.git,15
MDEwOlJlcG9zaXRvcnkzNzUzMDQxMTI=,2021-06-09T09:46:48Z,2026-05-07T08:16:23Z,2026-05-02T08:09:16Z,1096,False,ESP32_VS1053_Stream,CelliesProjects/ESP32_VS1053_Stream,git@github.com:CelliesProjects/ESP32_VS1053_Stream.git,113
MDEwOlJlcG9zaXRvcnkzNzUyODk5ODE=,2021-06-09T08:56:39Z,2026-04-29T13:34:29Z,2026-05-06T07:16:02Z,903,True,ubuntu-frame,canonical/ubuntu-frame,git@github.com:canonical/ubuntu-frame.git,185
MDEwOlJlcG9zaXRvcnkzNzUyNjQyOTU=,2021-06-09T07:23:53Z,2026-04-28T20:02:00Z,2026-04-28T20:01:56Z,1639,False,harbour-Syncthing,ilpianista/harbour-Syncthing,git@github.com:ilpianista/harbour-Syncthing.git,2
MDEwOlJlcG9zaXRvcnkzNzUyNDAwMzU=,2021-06-09T05:46:38Z,2026-04-28T21:31:39Z,2026-04-28T21:31:36Z,36,False,palettepng,mnmpdadish/palettepng,git@github.com:mnmpdadish/palettepng.git,0
MDEwOlJlcG9zaXRvcnkzNzUyMjk2MTA=,2021-06-09T04:52:24Z,2026-04-06T18:25:37Z,2026-04-06T18:25:31Z,422958,False,porfolio_UI_flutter,Sagarkathariya/porfolio_UI_flutter,git@github.com:Sagarkathariya/porfolio_UI_flutter.git,0
MDEwOlJlcG9zaXRvcnkzNzUyMjI0MTE=,2021-06-09T04:11:44Z,2026-03-17T18:46:32Z,2026-03-17T18:46:26Z,534,True,smartag-20180313,alibabacloud-sdk-cpp/smartag-20180313,git@github.com:alibabacloud-sdk-cpp/smartag-20180313.git,0
MDEwOlJlcG9zaXRvcnkzNzUxMzI3OTk=,2021-06-08T20:12:20Z,2026-05-01T00:25:56Z,2026-03-17T20:30:20Z,1374,True,fixed-containers,teslamotors/fixed-containers,git@github.com:teslamotors/fixed-containers.git,446
MDEwOlJlcG9zaXRvcnkzNzUwOTEyODk=,2021-06-08T17:25:51Z,2026-05-01T22:18:17Z,2026-05-06T20:26:38Z,174407,True,simplnx,BlueQuartzSoftware/simplnx,git@github.com:BlueQuartzSoftware/simplnx.git,15
MDEwOlJlcG9zaXRvcnkzNzUwODU3NTM=,2021-06-08T17:04:59Z,2026-03-30T16:54:56Z,2026-03-25T16:00:05Z,1619,False,BlueKeyRemote,roblatour/BlueKeyRemote,git@github.com:roblatour/BlueKeyRemote.git,2
MDEwOlJlcG9zaXRvcnkzNzUwNzg3NTg=,2021-06-08T16:38:55Z,2026-04-28T12:58:09Z,2026-04-28T12:58:05Z,12,False,AM_macOSSerial,ArduinoManager/AM_macOSSerial,git@github.com:ArduinoManager/AM_macOSSerial.git,0
MDEwOlJlcG9zaXRvcnkzNzUwNzY2MTY=,2021-06-08T16:31:10Z,2026-03-14T03:58:59Z,2026-03-14T03:58:56Z,9021,False,DSA_codes,manish-baghel2/DSA_codes,git@github.com:manish-baghel2/DSA_codes.git,1
MDEwOlJlcG9zaXRvcnkzNzUwNzYwMjg=,2021-06-08T16:28:58Z,2026-03-19T05:17:32Z,2026-03-19T05:17:28Z,12,False,test,abisake/test,git@github.com:abisake/test.git,0
MDEwOlJlcG9zaXRvcnkzNzUwMzU0MTU=,2021-06-08T14:17:42Z,2026-05-03T15:20:33Z,2026-04-27T21:15:56Z,11046,False,dsda-launcher,Pedro-Beirao/dsda-launcher,git@github.com:Pedro-Beirao/dsda-launcher.git,84
MDEwOlJlcG9zaXRvcnkzNzQ5NjU1OTg=,2021-06-08T10:06:35Z,2026-05-04T13:42:10Z,2026-05-04T13:42:06Z,263,False,planar_3_link_robot,behnamasadi/planar_3_link_robot,git@github.com:behnamasadi/planar_3_link_robot.git,2
MDEwOlJlcG9zaXRvcnkzNzQ5NDI3ODY=,2021-06-08T08:45:06Z,2026-04-23T13:49:56Z,2026-04-23T13:49:52Z,2578,False,tetris,Matheritasiv/tetris,git@github.com:Matheritasiv/tetris.git,4
MDEwOlJlcG9zaXRvcnkzNzQ4OTUwOTI=,2021-06-08T05:44:13Z,2026-04-27T05:43:41Z,2026-04-27T06:01:38Z,18480,True,XEngine_Storage,libxengine/XEngine_Storage,git@github.com:libxengine/XEngine_Storage.git,5
MDEwOlJlcG9zaXRvcnkzNzQ4OTEwNDg=,2021-06-08T05:25:06Z,2026-04-14T10:31:01Z,2026-04-14T10:30:58Z,1283,False,codelibrary,mastermanas805/codelibrary,git@github.com:mastermanas805/codelibrary.git,0
MDEwOlJlcG9zaXRvcnkzNzQ4NTU2MDc=,2021-06-08T02:21:11Z,2026-03-23T09:27:17Z,2026-03-23T09:23:21Z,2477,False,ai-crawlflow,Denny-Lin/ai-crawlflow,git@github.com:Denny-Lin/ai-crawlflow.git,2
MDEwOlJlcG9zaXRvcnkzNzQ4MzUyNzE=,2021-06-08T00:31:11Z,2026-05-02T00:20:28Z,2026-05-02T00:20:24Z,9169,False,EU3-to-EU4,vztpv/EU3-to-EU4,git@github.com:vztpv/EU3-to-EU4.git,0
MDEwOlJlcG9zaXRvcnkzNzQ4MDE1MDU=,2021-06-07T21:12:13Z,2026-04-30T20:31:55Z,2026-04-30T20:32:24Z,1191,False,game-boy-emulator,dariusarnold/game-boy-emulator,git@github.com:dariusarnold/game-boy-emulator.git,0
MDEwOlJlcG9zaXRvcnkzNzQ2ODE4MjM=,2021-06-07T13:46:23Z,2026-03-18T20:37:52Z,2026-03-18T20:37:47Z,13,False,Yu-Gi-Oh,TsvetelinaChakarova/Yu-Gi-Oh,git@github.com:TsvetelinaChakarova/Yu-Gi-Oh.git,0
MDEwOlJlcG9zaXRvcnkzNzQ2NzQ5NjY=,2021-06-07T13:25:18Z,2026-04-29T14:16:12Z,2026-04-29T15:16:14Z,2712602,False,ngme2,davidbolin/ngme2,git@github.com:davidbolin/ngme2.git,7
MDEwOlJlcG9zaXRvcnkzNzQ2NTc4ODM=,2021-06-07T12:28:43Z,2026-05-04T11:35:48Z,2026-05-04T11:35:45Z,227,False,Plateforme-Physique,tristan-briant/Plateforme-Physique,git@github.com:tristan-briant/Plateforme-Physique.git,0
MDEwOlJlcG9zaXRvcnkzNzQ2NDYxNzM=,2021-06-07T11:47:05Z,2026-04-19T11:03:26Z,2026-04-19T11:03:21Z,4736,True,gt-configurator,ahp-electronics/gt-configurator,git@github.com:ahp-electronics/gt-configurator.git,0
MDEwOlJlcG9zaXRvcnkzNzQ1ODUwMTk=,2021-06-07T08:07:13Z,2026-03-24T14:32:27Z,2026-03-24T14:31:21Z,3131,False,DSA_Cpp,Tamoghna-Bhattacharjee/DSA_Cpp,git@github.com:Tamoghna-Bhattacharjee/DSA_Cpp.git,0
MDEwOlJlcG9zaXRvcnkzNzQ1NzE4ODQ=,2021-06-07T07:20:17Z,2026-05-01T08:13:48Z,2026-04-16T21:17:36Z,1816,False,BloogBot,DrewKestell/BloogBot,git@github.com:DrewKestell/BloogBot.git,170
MDEwOlJlcG9zaXRvcnkzNzQ1MjMxMzU=,2021-06-07T03:29:35Z,2026-04-19T17:54:12Z,2026-04-20T02:13:20Z,99,False,pip,plumk97/pip,git@github.com:plumk97/pip.git,33
MDEwOlJlcG9zaXRvcnkzNzQ1MDc1MDU=,2021-06-07T02:04:29Z,2026-03-16T22:33:20Z,2026-03-16T22:33:15Z,68978,False,space,lele94218/space,git@github.com:lele94218/space.git,0
MDEwOlJlcG9zaXRvcnkzNzQ0MTI1MjM=,2021-06-06T16:42:02Z,2026-04-04T18:15:19Z,2026-04-04T18:15:10Z,896,False,SpaceTime,markus-kivioja/SpaceTime,git@github.com:markus-kivioja/SpaceTime.git,0
MDEwOlJlcG9zaXRvcnkzNzQzOTc1NDk=,2021-06-06T15:36:01Z,2026-03-29T19:26:35Z,2026-03-29T19:26:30Z,81343,False,phyllanthus_emblica,akhiltiwari13/phyllanthus_emblica,git@github.com:akhiltiwari13/phyllanthus_emblica.git,0
MDEwOlJlcG9zaXRvcnkzNzQzNjA1MDQ=,2021-06-06T12:56:32Z,2026-05-06T18:28:25Z,2026-05-06T19:21:17Z,28111,True,spice,spicelang/spice,git@github.com:spicelang/spice.git,84
MDEwOlJlcG9zaXRvcnkzNzQzMzIzMDI=,2021-06-06T10:36:11Z,2026-04-21T13:56:17Z,2026-05-07T11:01:18Z,8940,True,Cool,Coollab-Art/Cool,git@github.com:Coollab-Art/Cool.git,14
MDEwOlJlcG9zaXRvcnkzNzQzMzE2NTQ=,2021-06-06T10:32:53Z,2026-04-08T16:36:40Z,2026-03-19T05:53:05Z,8525,False,vqr,cryptadev/vqr,git@github.com:cryptadev/vqr.git,6
MDEwOlJlcG9zaXRvcnkzNzQzMTI1Mjk=,2021-06-06T08:55:53Z,2026-04-11T16:32:49Z,2026-04-11T16:32:45Z,123,False,PS,hyeonski/PS,git@github.com:hyeonski/PS.git,0
MDEwOlJlcG9zaXRvcnkzNzQzMDgyMTc=,2021-06-06T08:34:16Z,2026-05-06T05:49:48Z,2026-05-06T05:49:45Z,233,True,qmmp-organya,TTK-qmmp/qmmp-organya,git@github.com:TTK-qmmp/qmmp-organya.git,2
MDEwOlJlcG9zaXRvcnkzNzQyNjY1MzY=,2021-06-06T04:24:06Z,2026-03-31T08:14:37Z,2026-03-31T08:14:31Z,400432,False,competitive-programming,JoelGunawan/competitive-programming,git@github.com:JoelGunawan/competitive-programming.git,2
MDEwOlJlcG9zaXRvcnkzNzQyNTAxMDU=,2021-06-06T02:19:57Z,2026-03-05T11:36:50Z,2026-03-14T10:57:12Z,90417,False,ofxSurfingImGui,moebiussurfing/ofxSurfingImGui,git@github.com:moebiussurfing/ofxSurfingImGui.git,53
MDEwOlJlcG9zaXRvcnkzNzQyMTYxMzM=,2021-06-05T21:34:03Z,2026-04-28T15:53:53Z,2026-04-28T15:53:49Z,814,False,CPP-Programming-on-Linux,yuanhui360/CPP-Programming-on-Linux,git@github.com:yuanhui360/CPP-Programming-on-Linux.git,52
MDEwOlJlcG9zaXRvcnkzNzQyMDIxNTE=,2021-06-05T20:02:26Z,2026-03-30T23:19:16Z,2026-04-27T03:45:09Z,3460,False,GP-MCU,WidnerM/GP-MCU,git@github.com:WidnerM/GP-MCU.git,7
MDEwOlJlcG9zaXRvcnkzNzQyMDA3MzQ=,2021-06-05T19:53:44Z,2026-04-14T18:26:35Z,2026-04-14T18:26:31Z,188,True,atama,ichiro-its/atama,git@github.com:ichiro-its/atama.git,0
MDEwOlJlcG9zaXRvcnkzNzQyMDA1MjM=,2021-06-05T19:52:40Z,2026-04-29T18:11:28Z,2026-05-06T12:55:59Z,402,True,suiryoku,ichiro-its/suiryoku,git@github.com:ichiro-its/suiryoku.git,1
MDEwOlJlcG9zaXRvcnkzNzQxODI0Mzg=,2021-06-05T18:09:33Z,2026-03-15T14:51:48Z,2026-03-15T14:51:43Z,60,False,melatonin_test_helpers,sudara/melatonin_test_helpers,git@github.com:sudara/melatonin_test_helpers.git,15
MDEwOlJlcG9zaXRvcnkzNzQxODIxMzQ=,2021-06-05T18:07:59Z,2026-03-15T14:52:31Z,2026-03-15T14:52:27Z,104,False,melatonin_audio_sparklines,sudara/melatonin_audio_sparklines,git@github.com:sudara/melatonin_audio_sparklines.git,102
MDEwOlJlcG9zaXRvcnkzNzQxNjgzMzU=,2021-06-05T16:59:41Z,2026-05-03T18:07:08Z,2026-05-03T18:07:05Z,982,False,my-projects,Subio-yng/my-projects,git@github.com:Subio-yng/my-projects.git,0
MDEwOlJlcG9zaXRvcnkzNzQxNjY1OTk=,2021-06-05T16:51:08Z,2026-05-03T12:52:24Z,2026-05-03T12:52:20Z,4232956,True,FLSR,Freelancer-Sirius-Revival/FLSR,git@github.com:Freelancer-Sirius-Revival/FLSR.git,9
MDEwOlJlcG9zaXRvcnkzNzQxMDUyNjQ=,2021-06-05T12:11:49Z,2026-04-28T13:12:34Z,2026-04-28T13:12:29Z,15,False,AM_BLESPIFriend,ArduinoManager/AM_BLESPIFriend,git@github.com:ArduinoManager/AM_BLESPIFriend.git,0
MDEwOlJlcG9zaXRvcnkzNzQwODkzMDY=,2021-06-05T10:51:17Z,2026-04-28T10:56:55Z,2026-04-28T10:56:50Z,6984,False,android_device_essential_mata,Tomoms/android_device_essential_mata,git@github.com:Tomoms/android_device_essential_mata.git,2
MDEwOlJlcG9zaXRvcnkzNzM5OTE2ODA=,2021-06-05T00:58:29Z,2026-05-06T20:00:39Z,2026-05-06T20:00:28Z,93047,False,Fluorostat_Codes,dschnitkey/Fluorostat_Codes,git@github.com:dschnitkey/Fluorostat_Codes.git,0
MDEwOlJlcG9zaXRvcnkzNzM5NDY1OTI=,2021-06-04T19:56:08Z,2026-04-25T20:11:37Z,2026-04-25T20:11:35Z,633,False,canvas,dansandu/canvas,git@github.com:dansandu/canvas.git,0
MDEwOlJlcG9zaXRvcnkzNzM4NzcyNTY=,2021-06-04T15:01:51Z,2026-04-30T10:02:57Z,2026-05-04T08:59:59Z,9728,True,aas-core-codegen,aas-core-works/aas-core-codegen,git@github.com:aas-core-works/aas-core-codegen.git,22
MDEwOlJlcG9zaXRvcnkzNzM4NDQxNzc=,2021-06-04T13:04:36Z,2026-05-02T11:27:54Z,2026-05-02T11:27:49Z,131513,True,Perimeter,KD-lab-Open-Source/Perimeter,git@github.com:KD-lab-Open-Source/Perimeter.git,548
MDEwOlJlcG9zaXRvcnkzNzM3OTc0MjQ=,2021-06-04T09:56:50Z,2026-04-28T14:42:05Z,2026-04-28T22:42:18Z,94,False,Parallel-Scanning-Test,vztpv/Parallel-Scanning-Test,git@github.com:vztpv/Parallel-Scanning-Test.git,0
MDEwOlJlcG9zaXRvcnkzNzM3ODAyNjk=,2021-06-04T08:53:30Z,2026-05-05T15:06:51Z,2026-05-05T15:00:10Z,740,False,CodingTest,dhgus110/CodingTest,git@github.com:dhgus110/CodingTest.git,0
MDEwOlJlcG9zaXRvcnkzNzM3NDM3ODk=,2021-06-04T06:31:44Z,2026-04-21T07:34:49Z,2026-03-13T16:20:42Z,8041,True,ExaCA,llnl/ExaCA,git@github.com:llnl/ExaCA.git,88
MDEwOlJlcG9zaXRvcnkzNzM2NjQ1ODg=,2021-06-03T23:09:34Z,2026-04-19T07:38:59Z,2026-03-22T22:13:52Z,22361,True,Caddie,PackProject/Caddie,git@github.com:PackProject/Caddie.git,6
MDEwOlJlcG9zaXRvcnkzNzM2MTgxNDE=,2021-06-03T19:23:53Z,2026-03-11T12:29:15Z,2026-03-11T12:30:52Z,135,False,confu_json,werto87/confu_json,git@github.com:werto87/confu_json.git,0
MDEwOlJlcG9zaXRvcnkzNzM1OTM0MzI=,2021-06-03T17:42:10Z,2026-04-12T19:30:51Z,2026-04-12T19:30:42Z,37,False,Daily-Questions,aadesh1214/Daily-Questions,git@github.com:aadesh1214/Daily-Questions.git,0
MDEwOlJlcG9zaXRvcnkzNzM1NjIwMjk=,2021-06-03T15:49:05Z,2026-04-25T13:04:35Z,2026-03-03T07:43:06Z,5364,True,ghidra-native,radareorg/ghidra-native,git@github.com:radareorg/ghidra-native.git,39
MDEwOlJlcG9zaXRvcnkzNzM1MjU5ODU=,2021-06-03T13:57:15Z,2026-05-05T07:55:58Z,2026-05-05T07:55:54Z,71,False,libkfdialog,martenjj/libkfdialog,git@github.com:martenjj/libkfdialog.git,0
MDEwOlJlcG9zaXRvcnkzNzM1MTA1NTI=,2021-06-03T13:07:14Z,2026-05-06T21:16:44Z,2026-05-06T21:17:52Z,5279,False,TeeRec,janscience/TeeRec,git@github.com:janscience/TeeRec.git,10
MDEwOlJlcG9zaXRvcnkzNzM0ODcwNTk=,2021-06-03T11:42:56Z,2026-05-03T07:08:06Z,2026-05-03T07:08:02Z,11637,True,qalculate-qt,Qalculate/qalculate-qt,git@github.com:Qalculate/qalculate-qt.git,552
MDEwOlJlcG9zaXRvcnkzNzM0NjEzODE=,2021-06-03T10:01:35Z,2026-03-30T21:51:27Z,2026-04-04T13:04:32Z,3183,True,chopper,seqan/chopper,git@github.com:seqan/chopper.git,9
MDEwOlJlcG9zaXRvcnkzNzM0MTAwMDc=,2021-06-03T06:53:02Z,2026-05-06T15:04:23Z,2026-05-06T14:55:12Z,1095,False,library,hly1204/library,git@github.com:hly1204/library.git,15
MDEwOlJlcG9zaXRvcnkzNzMzMTIwMTk=,2021-06-02T21:51:51Z,2026-05-06T19:37:04Z,2026-03-30T22:34:26Z,6981,False,ccc,chaoticgd/ccc,git@github.com:chaoticgd/ccc.git,99
MDEwOlJlcG9zaXRvcnkzNzMyNzc5Mjk=,2021-06-02T19:14:45Z,2026-05-01T11:09:20Z,2026-04-19T17:51:42Z,566,False,MAX14661,RobTillaart/MAX14661,git@github.com:RobTillaart/MAX14661.git,5
MDEwOlJlcG9zaXRvcnkzNzMyNzM2NDE=,2021-06-02T18:57:38Z,2026-03-11T22:23:42Z,2026-03-11T22:23:38Z,1217,True,FastLoader,usnistgov/FastLoader,git@github.com:usnistgov/FastLoader.git,11
MDEwOlJlcG9zaXRvcnkzNzMyNjk0MDg=,2021-06-02T18:39:46Z,2026-04-09T19:16:44Z,2026-05-01T22:02:40Z,131204,True,Ferrum3D,Ferrum3D/Ferrum3D,git@github.com:Ferrum3D/Ferrum3D.git,1
MDEwOlJlcG9zaXRvcnkzNzMyNjUwMzY=,2021-06-02T18:22:04Z,2026-03-02T18:21:42Z,2026-03-02T18:21:39Z,710,False,olinfo,lorenzo-ferrari/olinfo,git@github.com:lorenzo-ferrari/olinfo.git,7
MDEwOlJlcG9zaXRvcnkzNzMyNTE4MDg=,2021-06-02T17:31:28Z,2026-04-20T20:11:23Z,2026-04-20T20:10:59Z,573,False,unlimited_int,BigBIueWhale/unlimited_int,git@github.com:BigBIueWhale/unlimited_int.git,0
MDEwOlJlcG9zaXRvcnkzNzMyNDAwMDI=,2021-06-02T16:47:48Z,2026-04-25T07:48:38Z,2026-04-25T07:48:32Z,14267,True,harmony,cran/harmony,git@github.com:cran/harmony.git,0
MDEwOlJlcG9zaXRvcnkzNzMyMTU4Njc=,2021-06-02T15:24:57Z,2026-05-07T11:16:39Z,2026-05-07T11:16:35Z,1170,True,mochi-yokan,mochi-hpc/mochi-yokan,git@github.com:mochi-hpc/mochi-yokan.git,1
MDEwOlJlcG9zaXRvcnkzNzMyMTM3MjM=,2021-06-02T15:18:25Z,2026-03-05T22:45:05Z,2026-03-05T22:30:31Z,114,True,wallFunctions,SedFoam/wallFunctions,git@github.com:SedFoam/wallFunctions.git,4
MDEwOlJlcG9zaXRvcnkzNzMyMDA3OTU=,2021-06-02T14:39:04Z,2026-04-28T13:03:29Z,2026-04-28T13:03:25Z,13,False,AM_CC3000,ArduinoManager/AM_CC3000,git@github.com:ArduinoManager/AM_CC3000.git,0
MDEwOlJlcG9zaXRvcnkzNzMxOTczNjY=,2021-06-02T14:28:38Z,2026-04-28T13:11:35Z,2026-04-28T13:10:01Z,18,False,AM_ZeroWINC1500,ArduinoManager/AM_ZeroWINC1500,git@github.com:ArduinoManager/AM_ZeroWINC1500.git,0
MDEwOlJlcG9zaXRvcnkzNzMxOTczMzI=,2021-06-02T14:28:30Z,2026-04-24T21:19:39Z,2026-04-24T21:19:34Z,54216,False,agl,alinen/agl,git@github.com:alinen/agl.git,5
MDEwOlJlcG9zaXRvcnkzNzMxNjY3MDc=,2021-06-02T12:52:26Z,2026-04-15T09:23:31Z,2026-04-15T09:23:27Z,21651,False,PV-Anzeige,deHarro/PV-Anzeige,git@github.com:deHarro/PV-Anzeige.git,1
MDEwOlJlcG9zaXRvcnkzNzMxMzYyOTU=,2021-06-02T11:02:34Z,2026-04-29T12:12:06Z,2026-04-29T12:12:02Z,2308,False,Code,Macesuted/Code,git@github.com:Macesuted/Code.git,37
MDEwOlJlcG9zaXRvcnkzNzMxMjg4NzI=,2021-06-02T10:35:53Z,2026-04-28T13:08:35Z,2026-04-28T13:07:49Z,20,False,AM_WINC1500,ArduinoManager/AM_WINC1500,git@github.com:ArduinoManager/AM_WINC1500.git,1
MDEwOlJlcG9zaXRvcnkzNzMwNzczOTk=,2021-06-02T07:22:52Z,2026-05-05T09:26:14Z,2026-05-05T09:25:59Z,396169,False,opencv2,leadervenom/opencv2,git@github.com:leadervenom/opencv2.git,0
MDEwOlJlcG9zaXRvcnkzNzMwNzU5OTE=,2021-06-02T07:17:45Z,2026-04-29T23:28:11Z,2026-05-01T01:35:52Z,1002,True,1kiss,simdsoft/1kiss,git@github.com:simdsoft/1kiss.git,30
MDEwOlJlcG9zaXRvcnkzNzMwNTc3Njc=,2021-06-02T06:06:00Z,2026-04-15T04:20:12Z,2026-04-15T04:20:05Z,257171,False,Arduino_Study,lcooldong/Arduino_Study,git@github.com:lcooldong/Arduino_Study.git,0
MDEwOlJlcG9zaXRvcnkzNzMwMDM0NTQ=,2021-06-02T01:20:35Z,2026-05-07T00:59:15Z,2026-05-07T00:59:14Z,6692,False,supercell-wx,dpaulat/supercell-wx,git@github.com:dpaulat/supercell-wx.git,415
MDEwOlJlcG9zaXRvcnkzNzI5ODg1NDA=,2021-06-01T23:48:46Z,2026-03-09T16:18:29Z,2026-03-09T16:18:08Z,3628309,False,studies,vitorcesarlulio/studies,git@github.com:vitorcesarlulio/studies.git,0
MDEwOlJlcG9zaXRvcnkzNzI4OTAzOTQ=,2021-06-01T16:11:05Z,2026-04-29T19:59:51Z,2026-04-17T14:11:54Z,2517,False,WebSockets,gcardi/WebSockets,git@github.com:gcardi/WebSockets.git,5
MDEwOlJlcG9zaXRvcnkzNzI4NTIxMzI=,2021-06-01T14:07:08Z,2026-03-30T16:04:14Z,2026-03-30T16:04:09Z,226,True,liburpc,EPC-MSU/liburpc,git@github.com:EPC-MSU/liburpc.git,0
MDEwOlJlcG9zaXRvcnkzNzI3OTM2MTQ=,2021-06-01T10:42:34Z,2026-04-23T21:36:22Z,2026-04-23T21:36:18Z,538,False,Ds-Algo,aman7kh8an6/Ds-Algo,git@github.com:aman7kh8an6/Ds-Algo.git,0
MDEwOlJlcG9zaXRvcnkzNzI3NDUyOTQ=,2021-06-01T07:47:32Z,2026-04-28T13:20:31Z,2026-04-28T13:17:07Z,9,False,AM_NRF8001,ArduinoManager/AM_NRF8001,git@github.com:ArduinoManager/AM_NRF8001.git,0
MDEwOlJlcG9zaXRvcnkzNzI3MzM4MDA=,2021-06-01T07:05:44Z,2026-04-28T12:00:21Z,2026-04-28T12:00:10Z,155974,False,surajmitsel,surajmitsel/surajmitsel,git@github.com:surajmitsel/surajmitsel.git,0
MDEwOlJlcG9zaXRvcnkzNzI3MjEyNTg=,2021-06-01T06:16:20Z,2026-05-07T04:54:29Z,2026-05-06T01:48:20Z,203,False,GASAttachEditor,Monocluar/GASAttachEditor,git@github.com:Monocluar/GASAttachEditor.git,116
MDEwOlJlcG9zaXRvcnkzNzI3MTc0NDE=,2021-06-01T05:59:23Z,2026-03-02T13:33:20Z,2026-03-02T13:51:56Z,36660,False,VIEO_SLAM,leavesnight/VIEO_SLAM,git@github.com:leavesnight/VIEO_SLAM.git,51
MDEwOlJlcG9zaXRvcnkzNzI2MzEwNDM=,2021-05-31T21:19:30Z,2026-05-03T19:52:40Z,2026-05-03T17:56:01Z,348755,True,Republic-Olympiads,Azerbaijan-Informatics-Olympiads/Republic-Olympiads,git@github.com:Azerbaijan-Informatics-Olympiads/Republic-Olympiads.git,2
MDEwOlJlcG9zaXRvcnkzNzI1NjM3MTk=,2021-05-31T16:11:06Z,2026-04-11T12:22:49Z,2026-04-11T12:22:35Z,10356,True,supershader,supernovaengine/supershader,git@github.com:supernovaengine/supershader.git,7
MDEwOlJlcG9zaXRvcnkzNzI1NTk0NDE=,2021-05-31T15:54:22Z,2026-04-06T12:47:53Z,2026-04-06T12:47:41Z,84681,False,coinyecoin,bityecoin/coinyecoin,git@github.com:bityecoin/coinyecoin.git,3
MDEwOlJlcG9zaXRvcnkzNzI1NTYzNTk=,2021-05-31T15:43:18Z,2026-04-28T12:48:59Z,2026-04-28T12:48:55Z,21,False,AM_HM10,ArduinoManager/AM_HM10,git@github.com:ArduinoManager/AM_HM10.git,0
MDEwOlJlcG9zaXRvcnkzNzI1NDAwODQ=,2021-05-31T14:47:18Z,2026-03-19T12:31:26Z,2026-03-19T12:31:57Z,236,False,libudjatsysinfo,PerryWerneck/libudjatsysinfo,git@github.com:PerryWerneck/libudjatsysinfo.git,0
MDEwOlJlcG9zaXRvcnkzNzI1MzY3NjA=,2021-05-31T14:36:17Z,2026-05-07T02:31:49Z,2026-05-07T01:00:47Z,910075,True,oceanbase,oceanbase/oceanbase,git@github.com:oceanbase/oceanbase.git,10091
MDEwOlJlcG9zaXRvcnkzNzI1MzY1MDM=,2021-05-31T14:35:33Z,2026-05-06T02:08:57Z,2026-03-03T06:47:22Z,24348,True,obproxy,oceanbase/obproxy,git@github.com:oceanbase/obproxy.git,132
MDEwOlJlcG9zaXRvcnkzNzI1MzYwNTU=,2021-05-31T14:34:09Z,2026-03-31T11:38:46Z,2026-03-05T09:49:02Z,116192,True,obclient,oceanbase/obclient,git@github.com:oceanbase/obclient.git,88
MDEwOlJlcG9zaXRvcnkzNzI1MjE3NzA=,2021-05-31T13:47:17Z,2026-04-19T17:28:56Z,2026-05-06T15:28:18Z,3084,True,rdf4cpp,tentris/rdf4cpp,git@github.com:tentris/rdf4cpp.git,32
MDEwOlJlcG9zaXRvcnkzNzI0NzA0NzY=,2021-05-31T10:39:15Z,2026-05-02T10:04:47Z,2026-05-02T10:04:44Z,859,False,CP_Templates,supershivam13/CP_Templates,git@github.com:supershivam13/CP_Templates.git,8
MDEwOlJlcG9zaXRvcnkzNzI0Mzc3Mjg=,2021-05-31T08:35:38Z,2026-05-06T19:05:10Z,2026-05-06T19:05:01Z,12057,True,clp,y-scope/clp,git@github.com:y-scope/clp.git,1058
MDEwOlJlcG9zaXRvcnkzNzIzMTI5MDE=,2021-05-30T20:51:32Z,2026-04-02T13:47:03Z,2026-04-02T13:46:58Z,1870,False,Consulta,Ladis72/Consulta,git@github.com:Ladis72/Consulta.git,0
MDEwOlJlcG9zaXRvcnkzNzIzMDk4Mjk=,2021-05-30T20:31:49Z,2026-03-29T10:15:51Z,2026-03-29T10:15:48Z,1976,False,qbr,moose-kazan/qbr,git@github.com:moose-kazan/qbr.git,8
MDEwOlJlcG9zaXRvcnkzNzIyODc4MDQ=,2021-05-30T18:27:58Z,2026-04-28T11:02:44Z,2026-04-28T11:02:39Z,776,False,wayfire-shadows,timgott/wayfire-shadows,git@github.com:timgott/wayfire-shadows.git,26
MDEwOlJlcG9zaXRvcnkzNzIyNzEyMjE=,2021-05-30T17:04:48Z,2026-05-03T05:56:00Z,2026-04-16T06:32:17Z,765,False,regenny,cursey/regenny,git@github.com:cursey/regenny.git,280
MDEwOlJlcG9zaXRvcnkzNzIyNjU5Njc=,2021-05-30T16:39:32Z,2026-05-05T17:15:16Z,2026-05-06T21:50:25Z,50841,False,YouTubeDiscordPresence,XFG16/YouTubeDiscordPresence,git@github.com:XFG16/YouTubeDiscordPresence.git,247
MDEwOlJlcG9zaXRvcnkzNzIxOTkwNDQ=,2021-05-30T11:40:59Z,2026-04-29T19:19:57Z,2026-04-29T19:19:52Z,147305,False,ESP32forth,MPETREMANN11/ESP32forth,git@github.com:MPETREMANN11/ESP32forth.git,76
MDEwOlJlcG9zaXRvcnkzNzIxODQ5MzE=,2021-05-30T10:28:50Z,2026-04-21T11:07:48Z,2026-04-17T17:34:54Z,606,False,VictronMPPT-ESPHOME,KinDR007/VictronMPPT-ESPHOME,git@github.com:KinDR007/VictronMPPT-ESPHOME.git,401
MDEwOlJlcG9zaXRvcnkzNzIxNzQ0NzY=,2021-05-30T09:34:27Z,2026-04-22T12:42:20Z,2026-04-22T12:42:15Z,202,True,cuda-battery,lattice-land/cuda-battery,git@github.com:lattice-land/cuda-battery.git,32
MDEwOlJlcG9zaXRvcnkzNzIwOTU2Njg=,2021-05-30T00:48:49Z,2026-04-10T17:50:10Z,2026-04-10T17:50:04Z,2516,False,hex-calc,ryankooy/hex-calc,git@github.com:ryankooy/hex-calc.git,0
MDEwOlJlcG9zaXRvcnkzNzIwNzU2MDA=,2021-05-29T21:53:35Z,2026-04-07T14:55:54Z,2026-04-07T14:55:31Z,309,False,StackVMCPP,japajoe/StackVMCPP,git@github.com:japajoe/StackVMCPP.git,45
MDEwOlJlcG9zaXRvcnkzNzIwNzE1Mzg=,2021-05-29T21:22:18Z,2026-05-04T14:08:20Z,2026-05-07T09:29:17Z,7169,True,plasmatube,KDE/plasmatube,git@github.com:KDE/plasmatube.git,34
MDEwOlJlcG9zaXRvcnkzNzIwNDYxMTc=,2021-05-29T18:37:06Z,2026-05-05T19:48:14Z,2026-05-05T19:48:09Z,1574,False,librhdl,ovenror/librhdl,git@github.com:ovenror/librhdl.git,0
MDEwOlJlcG9zaXRvcnkzNzE5OTU5MTM=,2021-05-29T14:37:35Z,2026-05-02T10:17:38Z,2026-05-02T10:17:55Z,30,False,TSL235R,RobTillaart/TSL235R,git@github.com:RobTillaart/TSL235R.git,5
MDEwOlJlcG9zaXRvcnkzNzE5ODk0NTY=,2021-05-29T14:09:55Z,2026-03-05T18:46:31Z,2026-03-05T18:46:27Z,32,False,argus_data_api,argotronic/argus_data_api,git@github.com:argotronic/argus_data_api.git,15
MDEwOlJlcG9zaXRvcnkzNzE5ODg0ODQ=,2021-05-29T14:05:36Z,2026-05-05T16:51:02Z,2026-05-07T10:36:22Z,134260,True,tokodon,KDE/tokodon,git@github.com:KDE/tokodon.git,66
MDEwOlJlcG9zaXRvcnkzNzE5ODMwOTU=,2021-05-29T13:41:51Z,2026-04-28T12:54:56Z,2026-04-28T12:54:51Z,27,False,AM_NRF52,ArduinoManager/AM_NRF52,git@github.com:ArduinoManager/AM_NRF52.git,0
MDEwOlJlcG9zaXRvcnkzNzE5MzgwOTU=,2021-05-29T10:01:00Z,2026-04-10T13:33:35Z,2026-04-10T13:33:30Z,22,False,CSES-Problem-Set,MathProgrammer/CSES-Problem-Set,git@github.com:MathProgrammer/CSES-Problem-Set.git,0
MDEwOlJlcG9zaXRvcnkzNzE5MTgzNDY=,2021-05-29T08:16:07Z,2026-04-25T04:43:00Z,2026-04-30T02:53:38Z,269,True,kansei,ichiro-its/kansei,git@github.com:ichiro-its/kansei.git,1
MDEwOlJlcG9zaXRvcnkzNzE5MDk2ODQ=,2021-05-29T07:31:40Z,2026-04-12T13:33:00Z,2026-04-12T13:32:57Z,22081,False,library,MtSaka/library,git@github.com:MtSaka/library.git,10
MDEwOlJlcG9zaXRvcnkzNzE4ODcwMDg=,2021-05-29T05:20:01Z,2026-05-05T15:18:36Z,2026-05-05T22:26:03Z,30065,False,ESP_LED_Controller,jaisor/ESP_LED_Controller,git@github.com:jaisor/ESP_LED_Controller.git,0
MDEwOlJlcG9zaXRvcnkzNzE4MTAxODE=,2021-05-28T20:20:05Z,2026-05-02T23:11:44Z,2026-05-02T23:11:40Z,29079,False,Pandemic,jburn7/Pandemic,git@github.com:jburn7/Pandemic.git,0
MDEwOlJlcG9zaXRvcnkzNzE4MDM2OTU=,2021-05-28T19:45:14Z,2026-04-30T18:26:56Z,2026-04-30T18:25:48Z,56106,False,LEDGeometry,universe1987/LEDGeometry,git@github.com:universe1987/LEDGeometry.git,0
MDEwOlJlcG9zaXRvcnkzNzE4MDIzMjA=,2021-05-28T19:38:17Z,2026-04-30T17:22:21Z,2026-04-30T17:23:59Z,143,True,keyboard_handler,ros-tooling/keyboard_handler,git@github.com:ros-tooling/keyboard_handler.git,13
MDEwOlJlcG9zaXRvcnkzNzE3MDEyNTQ=,2021-05-28T12:57:52Z,2026-04-05T07:42:38Z,2026-04-05T07:42:33Z,1915,False,comprehensive-dsa-questions,jaindivij21/comprehensive-dsa-questions,git@github.com:jaindivij21/comprehensive-dsa-questions.git,1
MDEwOlJlcG9zaXRvcnkzNzE2ODc0MDY=,2021-05-28T12:04:41Z,2026-03-30T12:55:07Z,2026-03-30T12:55:04Z,100,False,tweak,colugomusic/tweak,git@github.com:colugomusic/tweak.git,1
MDEwOlJlcG9zaXRvcnkzNzE2NTIwNzY=,2021-05-28T09:39:24Z,2026-04-27T09:33:32Z,2026-04-27T09:33:29Z,1818,False,ErrorToText,btframework/ErrorToText,git@github.com:btframework/ErrorToText.git,1
MDEwOlJlcG9zaXRvcnkzNzE2MjU2MTE=,2021-05-28T07:59:46Z,2026-04-30T11:23:52Z,2026-04-30T11:23:47Z,3783,False,GeneticAlgorithms,m-RezaFahlevi/GeneticAlgorithms,git@github.com:m-RezaFahlevi/GeneticAlgorithms.git,1
MDEwOlJlcG9zaXRvcnkzNzE1OTUxNDk=,2021-05-28T05:56:04Z,2026-03-05T03:17:02Z,2026-03-05T03:16:56Z,74321,False,RTRender,fuchanxiaosheng/RTRender,git@github.com:fuchanxiaosheng/RTRender.git,0
MDEwOlJlcG9zaXRvcnkzNzE1NzY1MTQ=,2021-05-28T04:11:03Z,2026-05-01T16:22:57Z,2026-05-01T16:23:31Z,550,True,abiss,seung-lab/abiss,git@github.com:seung-lab/abiss.git,6
MDEwOlJlcG9zaXRvcnkzNzE1MzA2Nzc=,2021-05-27T23:46:59Z,2026-03-21T19:26:45Z,2026-04-05T23:05:49Z,936,False,xenomods,BlockBuilder57/xenomods,git@github.com:BlockBuilder57/xenomods.git,31
MDEwOlJlcG9zaXRvcnkzNzE1MDU2NDQ=,2021-05-27T21:14:07Z,2026-03-24T05:53:43Z,2026-03-09T20:04:40Z,30,True,iodme,qualcomm/iodme,git@github.com:qualcomm/iodme.git,8
MDEwOlJlcG9zaXRvcnkzNzE1MDU2MzY=,2021-05-27T21:14:04Z,2026-03-24T06:23:10Z,2026-03-09T19:56:45Z,30,True,sshash,qualcomm/sshash,git@github.com:qualcomm/sshash.git,6
MDEwOlJlcG9zaXRvcnkzNzE1MDU2MjY=,2021-05-27T21:14:02Z,2026-03-18T00:17:47Z,2026-03-09T19:30:19Z,168,True,vdds,qualcomm/vdds,git@github.com:qualcomm/vdds.git,17
MDEwOlJlcG9zaXRvcnkzNzE0Nzg0MjY=,2021-05-27T19:09:57Z,2026-03-16T18:24:22Z,2026-03-16T18:24:17Z,20,False,non-blocking-sockets,compscidr/non-blocking-sockets,git@github.com:compscidr/non-blocking-sockets.git,2
MDEwOlJlcG9zaXRvcnkzNzE0MzE2NzE=,2021-05-27T16:05:17Z,2026-03-30T16:18:42Z,2026-03-30T16:18:37Z,124,True,guard,open-power/guard,git@github.com:open-power/guard.git,1
MDEwOlJlcG9zaXRvcnkzNzE0MDkxOTc=,2021-05-27T14:49:30Z,2026-05-06T07:21:47Z,2026-05-07T09:21:39Z,1734,False,mrmd,XzzX/mrmd,git@github.com:XzzX/mrmd.git,5
MDEwOlJlcG9zaXRvcnkzNzEzOTUzNzU=,2021-05-27T14:07:14Z,2026-04-01T12:48:58Z,2026-04-21T12:52:21Z,291,False,atm_cpp14,mzwawa23/atm_cpp14,git@github.com:mzwawa23/atm_cpp14.git,0
MDEwOlJlcG9zaXRvcnkzNzEzMjkyMzk=,2021-05-27T10:09:43Z,2026-03-17T10:35:53Z,2026-03-17T10:35:50Z,8719,False,play_cpp,sysdeep/play_cpp,git@github.com:sysdeep/play_cpp.git,0
MDEwOlJlcG9zaXRvcnkzNzExODkzNTI=,2021-05-26T23:06:08Z,2026-04-01T03:09:44Z,2026-04-01T03:09:38Z,6213,False,electron-wallpaper,wyxos/electron-wallpaper,git@github.com:wyxos/electron-wallpaper.git,1
MDEwOlJlcG9zaXRvcnkzNzExNzMwNjk=,2021-05-26T21:29:06Z,2026-02-13T09:01:13Z,2026-04-21T19:09:56Z,3344,True,VisualTrueType,microsoft/VisualTrueType,git@github.com:microsoft/VisualTrueType.git,60
MDEwOlJlcG9zaXRvcnkzNzExNTczMDM=,2021-05-26T20:10:43Z,2026-03-07T00:00:05Z,2026-03-06T23:29:31Z,310,False,SSD1306_OLED_RPI,gavinlyonsrepo/SSD1306_OLED_RPI,git@github.com:gavinlyonsrepo/SSD1306_OLED_RPI.git,28
MDEwOlJlcG9zaXRvcnkzNzExNTA5MDg=,2021-05-26T19:42:26Z,2026-04-24T21:28:21Z,2026-04-24T20:08:50Z,1199,False,TargetShooting,chessmaster987/TargetShooting,git@github.com:chessmaster987/TargetShooting.git,0
MDEwOlJlcG9zaXRvcnkzNzExMTI2Njk=,2021-05-26T17:10:20Z,2026-04-15T11:02:27Z,2026-05-02T09:34:41Z,442,True,aruku,ichiro-its/aruku,git@github.com:ichiro-its/aruku.git,5
MDEwOlJlcG9zaXRvcnkzNzEwOTgyNDY=,2021-05-26T16:19:42Z,2026-03-25T23:24:11Z,2026-03-25T23:24:10Z,127,True,cpp_timer,UTNuclearRoboticsPublic/cpp_timer,git@github.com:UTNuclearRoboticsPublic/cpp_timer.git,6
MDEwOlJlcG9zaXRvcnkzNzEwNTU4MDk=,2021-05-26T14:05:52Z,2026-04-12T00:37:41Z,2026-04-12T00:37:38Z,3862,False,Inverse-Image,Quark-Hell/Inverse-Image,git@github.com:Quark-Hell/Inverse-Image.git,0
MDEwOlJlcG9zaXRvcnkzNzEwNDk4NDM=,2021-05-26T13:47:19Z,2026-05-06T12:41:40Z,2026-05-06T07:57:26Z,23065,False,WinArk,BeneficialCode/WinArk,git@github.com:BeneficialCode/WinArk.git,559
MDEwOlJlcG9zaXRvcnkzNzA4NzAwNDc=,2021-05-26T01:15:41Z,2026-03-18T21:25:37Z,2026-03-18T21:25:33Z,270,False,CIC,osama4933/CIC,git@github.com:osama4933/CIC.git,15
MDEwOlJlcG9zaXRvcnkzNzA4NDU3ODc=,2021-05-25T22:45:09Z,2026-03-24T17:24:58Z,2026-03-04T23:45:01Z,4803,True,dcsam,MarineRoboticsGroup/dcsam,git@github.com:MarineRoboticsGroup/dcsam.git,156
MDEwOlJlcG9zaXRvcnkzNzA4MTI0MjA=,2021-05-25T19:55:24Z,2026-04-28T17:15:39Z,2026-04-28T17:09:27Z,3565,False,LispInterpreter,oliviermattmann/LispInterpreter,git@github.com:oliviermattmann/LispInterpreter.git,1
MDEwOlJlcG9zaXRvcnkzNzA3OTU5NzM=,2021-05-25T18:45:40Z,2026-04-30T15:33:49Z,2026-04-30T15:33:43Z,257,True,expropt,asyncvlsi/expropt,git@github.com:asyncvlsi/expropt.git,2
MDEwOlJlcG9zaXRvcnkzNzA3NDAzODY=,2021-05-25T15:24:38Z,2026-05-04T14:20:01Z,2026-05-04T14:18:50Z,9449,False,squares-and-circles,eh2k/squares-and-circles,git@github.com:eh2k/squares-and-circles.git,196
MDEwOlJlcG9zaXRvcnkzNzA2NjEzODg=,2021-05-25T11:00:11Z,2026-04-18T02:12:09Z,2026-04-18T02:12:04Z,3586,True,android_device_asus_zenfone8,omnirom/android_device_asus_zenfone8,git@github.com:omnirom/android_device_asus_zenfone8.git,3
MDEwOlJlcG9zaXRvcnkzNzA0Nzk5NjU=,2021-05-24T20:43:30Z,2026-04-17T21:18:46Z,2026-03-27T15:34:58Z,500,False,Forecaster,GyverLibs/Forecaster,git@github.com:GyverLibs/Forecaster.git,19
MDEwOlJlcG9zaXRvcnkzNzA0NzkyNTc=,2021-05-24T20:40:01Z,2026-04-17T21:19:07Z,2026-03-10T16:40:41Z,68,False,fixed,GyverLibs/fixed,git@github.com:GyverLibs/fixed.git,7
MDEwOlJlcG9zaXRvcnkzNzA0Nzg0MTk=,2021-05-24T20:35:59Z,2026-05-04T19:41:10Z,2026-05-04T19:41:06Z,437023,False,SatisfactoryMods,mklierman/SatisfactoryMods,git@github.com:mklierman/SatisfactoryMods.git,53
MDEwOlJlcG9zaXRvcnkzNzA0NjY1Mzg=,2021-05-24T19:41:47Z,2026-04-12T20:34:09Z,2026-04-12T20:44:32Z,134,True,itusb1device-qt,bloguetronica/itusb1device-qt,git@github.com:bloguetronica/itusb1device-qt.git,0
MDEwOlJlcG9zaXRvcnkzNzA0NDA3MDE=,2021-05-24T17:56:29Z,2026-05-03T04:07:24Z,2026-05-03T04:07:21Z,789,False,nrf24stuff,ErikApption/nrf24stuff,git@github.com:ErikApption/nrf24stuff.git,0
MDEwOlJlcG9zaXRvcnkzNzAzOTk3NDI=,2021-05-24T15:28:23Z,2026-04-12T08:17:06Z,2026-04-12T08:17:38Z,9045,False,TVTestAnnictRecorder,SlashNephy/TVTestAnnictRecorder,git@github.com:SlashNephy/TVTestAnnictRecorder.git,18
MDEwOlJlcG9zaXRvcnkzNzAzOTcyODc=,2021-05-24T15:20:25Z,2026-05-06T20:36:53Z,2026-03-19T02:43:32Z,16917,False,AirPodsDesktop,SpriteOvO/AirPodsDesktop,git@github.com:SpriteOvO/AirPodsDesktop.git,2789
MDEwOlJlcG9zaXRvcnkzNzAzODg4NTA=,2021-05-24T14:54:36Z,2026-03-07T16:22:10Z,2026-03-07T13:54:43Z,10,False,ConsoleBanker,vivekjutture/ConsoleBanker,git@github.com:vivekjutture/ConsoleBanker.git,0
MDEwOlJlcG9zaXRvcnkzNzAzODYxMzI=,2021-05-24T14:45:57Z,2026-04-16T00:04:20Z,2026-05-04T16:09:03Z,10003,False,autoponico,josezy/autoponico,git@github.com:josezy/autoponico.git,0
MDEwOlJlcG9zaXRvcnkzNzAzNzgxMDc=,2021-05-24T14:20:14Z,2026-04-26T09:23:03Z,2026-04-26T09:23:15Z,36,False,BitPack,GyverLibs/BitPack,git@github.com:GyverLibs/BitPack.git,12
MDEwOlJlcG9zaXRvcnkzNzAzNTYxOTc=,2021-05-24T13:10:41Z,2026-04-07T10:16:29Z,2026-04-07T10:16:25Z,318683,False,CrossingHighway,ysh4267/CrossingHighway,git@github.com:ysh4267/CrossingHighway.git,0
MDEwOlJlcG9zaXRvcnkzNzAzMTM0NTM=,2021-05-24T10:28:32Z,2026-05-04T03:34:16Z,2026-04-28T23:07:46Z,90814,False,Refactored_ORB_SLAM2,sjulier/Refactored_ORB_SLAM2,git@github.com:sjulier/Refactored_ORB_SLAM2.git,7
MDEwOlJlcG9zaXRvcnkzNzAyNDk1MTM=,2021-05-24T06:23:31Z,2026-04-14T18:19:26Z,2026-04-14T18:19:19Z,564,True,slb-20140515,alibabacloud-sdk-cpp/slb-20140515,git@github.com:alibabacloud-sdk-cpp/slb-20140515.git,0
MDEwOlJlcG9zaXRvcnkzNzAyMzQ4MzY=,2021-05-24T05:12:20Z,2026-04-26T08:27:21Z,2026-04-26T08:27:17Z,256,True,memory,Felspar/memory,git@github.com:Felspar/memory.git,4
MDEwOlJlcG9zaXRvcnkzNzAxODEyMTk=,2021-05-23T23:56:12Z,2026-04-25T19:13:15Z,2026-04-25T19:13:11Z,327,False,Linear-Algebra-Tools,cp-projects/Linear-Algebra-Tools,git@github.com:cp-projects/Linear-Algebra-Tools.git,0
MDEwOlJlcG9zaXRvcnkzNzAxNjkxNDY=,2021-05-23T22:24:42Z,2026-04-03T15:11:12Z,2026-04-03T15:11:03Z,1698,False,ARLib,Atari2/ARLib,git@github.com:Atari2/ARLib.git,1
MDEwOlJlcG9zaXRvcnkzNzAxNjc3OTQ=,2021-05-23T22:14:50Z,2026-04-15T04:57:32Z,2026-04-15T04:57:28Z,50,False,numo.hpp,ankane/numo.hpp,git@github.com:ankane/numo.hpp.git,2
MDEwOlJlcG9zaXRvcnkzNzAxMjA3MDA=,2021-05-23T17:52:36Z,2026-05-05T15:16:11Z,2026-04-03T18:17:03Z,365,True,SpookyGhost,SpookyGhost2D/SpookyGhost,git@github.com:SpookyGhost2D/SpookyGhost.git,335
MDEwOlJlcG9zaXRvcnkzNzAxMTcyNTU=,2021-05-23T17:38:25Z,2026-03-03T19:31:08Z,2026-03-03T19:31:04Z,77,False,MatchBlocks,george0815/MatchBlocks,git@github.com:george0815/MatchBlocks.git,4
MDEwOlJlcG9zaXRvcnkzNzAxMDczNzU=,2021-05-23T16:52:50Z,2026-03-17T00:51:24Z,2026-03-17T00:51:20Z,356,False,splines,kjwilder/splines,git@github.com:kjwilder/splines.git,0
MDEwOlJlcG9zaXRvcnkzNzAwOTAyMjc=,2021-05-23T15:34:59Z,2026-03-31T23:28:40Z,2026-03-31T23:29:39Z,15,False,CppBlock,orchidDeer/CppBlock,git@github.com:orchidDeer/CppBlock.git,0
MDEwOlJlcG9zaXRvcnkzNzAwODgyNzM=,2021-05-23T15:26:17Z,2026-04-24T08:50:23Z,2026-04-24T08:50:21Z,82819,True,swiftray,flux3dp/swiftray,git@github.com:flux3dp/swiftray.git,6
MDEwOlJlcG9zaXRvcnkzNzAwODYzODg=,2021-05-23T15:18:06Z,2026-04-30T13:11:49Z,2026-05-07T10:31:03Z,11258,False,strobealign,ksahlin/strobealign,git@github.com:ksahlin/strobealign.git,196
MDEwOlJlcG9zaXRvcnkzNzAwMzM3MjQ=,2021-05-23T11:23:59Z,2026-03-27T18:02:30Z,2026-04-21T12:44:12Z,732,False,is-polygons-overlapped,vinayaksuresh/is-polygons-overlapped,git@github.com:vinayaksuresh/is-polygons-overlapped.git,2
MDEwOlJlcG9zaXRvcnkzNzAwMjU2Mjc=,2021-05-23T10:44:25Z,2026-04-05T08:42:36Z,2026-04-05T08:42:32Z,93,True,mcl-utils,monocasual/mcl-utils,git@github.com:monocasual/mcl-utils.git,1
MDEwOlJlcG9zaXRvcnkzNzAwMDgyODE=,2021-05-23T09:16:27Z,2026-03-15T14:18:49Z,2026-03-15T14:18:46Z,60,False,leetcode-1000-questions-challenge,alokgoldy/leetcode-1000-questions-challenge,git@github.com:alokgoldy/leetcode-1000-questions-challenge.git,0
MDEwOlJlcG9zaXRvcnkzNjk5ODA5Njc=,2021-05-23T06:46:06Z,2026-04-28T12:05:00Z,2026-04-28T12:04:56Z,21,False,AM_ESP32Ble,ArduinoManager/AM_ESP32Ble,git@github.com:ArduinoManager/AM_ESP32Ble.git,2
MDEwOlJlcG9zaXRvcnkzNjk5NjkzNTA=,2021-05-23T05:33:57Z,2026-03-25T02:10:43Z,2026-03-25T02:10:39Z,195,False,firmware-update,Linux4/firmware-update,git@github.com:Linux4/firmware-update.git,10
MDEwOlJlcG9zaXRvcnkzNjk5NTcyMTA=,2021-05-23T04:07:15Z,2026-04-29T07:01:20Z,2026-04-29T07:01:16Z,23119,False,gh_coding_test,cdog-gh/gh_coding_test,git@github.com:cdog-gh/gh_coding_test.git,33
MDEwOlJlcG9zaXRvcnkzNjk4OTkzOTM=,2021-05-22T20:24:11Z,2026-04-10T02:10:42Z,2026-04-09T01:36:15Z,6540,True,JIPCAD,JIPCAD/JIPCAD,git@github.com:JIPCAD/JIPCAD.git,8
MDEwOlJlcG9zaXRvcnkzNjk4ODMxMzQ=,2021-05-22T18:46:30Z,2026-03-05T20:23:15Z,2026-03-05T20:23:10Z,719,False,HOOK--PUBG,HAMZAHALREAHE/HOOK--PUBG,git@github.com:HAMZAHALREAHE/HOOK--PUBG.git,0
MDEwOlJlcG9zaXRvcnkzNjk4NjAxNDc=,2021-05-22T16:49:17Z,2026-05-06T15:33:23Z,2026-05-06T15:31:56Z,752886,False,jEngine,scahp/jEngine,git@github.com:scahp/jEngine.git,8
MDEwOlJlcG9zaXRvcnkzNjk4NTkxMTI=,2021-05-22T16:44:13Z,2026-04-28T10:30:17Z,2026-04-28T10:30:13Z,14,False,AM_ESP32WiFi,ArduinoManager/AM_ESP32WiFi,git@github.com:ArduinoManager/AM_ESP32WiFi.git,1
MDEwOlJlcG9zaXRvcnkzNjk4MzgwNzQ=,2021-05-22T15:08:24Z,2026-03-29T22:37:25Z,2026-03-11T21:59:31Z,10,False,Red_Alert_ESP32,israelxss/Red_Alert_ESP32,git@github.com:israelxss/Red_Alert_ESP32.git,2
MDEwOlJlcG9zaXRvcnkzNjk4MTg2NDY=,2021-05-22T13:44:56Z,2026-05-04T19:48:39Z,2026-05-01T21:48:14Z,155332,True,EU4ToVic3,ParadoxGameConverters/EU4ToVic3,git@github.com:ParadoxGameConverters/EU4ToVic3.git,65
MDEwOlJlcG9zaXRvcnkzNjk3MzA2MTg=,2021-05-22T06:11:50Z,2026-04-29T16:49:49Z,2026-04-29T16:49:44Z,335,False,alekhana,deepestblue/alekhana,git@github.com:deepestblue/alekhana.git,2
MDEwOlJlcG9zaXRvcnkzNjk3MDcyODI=,2021-05-22T03:38:29Z,2026-04-15T20:42:54Z,2026-04-15T20:42:50Z,399,True,DevoloopAudioKit,AudioKit/DevoloopAudioKit,git@github.com:AudioKit/DevoloopAudioKit.git,38
MDEwOlJlcG9zaXRvcnkzNjk3MDExMDQ=,2021-05-22T02:51:47Z,2026-05-01T05:09:05Z,2026-04-11T14:40:49Z,7911,False,MPaste,SeptemberHX/MPaste,git@github.com:SeptemberHX/MPaste.git,17
MDEwOlJlcG9zaXRvcnkzNjk2OTM5NzQ=,2021-05-22T01:58:42Z,2026-04-29T01:48:42Z,2026-04-29T01:48:39Z,475,True,mauikit-accounts,KDE/mauikit-accounts,git@github.com:KDE/mauikit-accounts.git,5
MDEwOlJlcG9zaXRvcnkzNjk2ODE0MDE=,2021-05-22T00:18:19Z,2026-05-06T01:47:57Z,2026-05-07T09:19:14Z,7625,True,audiotube,KDE/audiotube,git@github.com:KDE/audiotube.git,84
MDEwOlJlcG9zaXRvcnkzNjk1OTk5NzU=,2021-05-21T16:52:38Z,2026-05-07T07:43:18Z,2026-03-05T13:20:47Z,770,False,thread-pool,ptsouchlos/thread-pool,git@github.com:ptsouchlos/thread-pool.git,553
MDEwOlJlcG9zaXRvcnkzNjk1OTA2MjM=,2021-05-21T16:14:05Z,2026-05-04T06:25:21Z,2026-03-24T09:47:39Z,4064,False,esphome-components,dentra/esphome-components,git@github.com:dentra/esphome-components.git,192
MDEwOlJlcG9zaXRvcnkzNjk0ODUxMTk=,2021-05-21T09:34:51Z,2026-04-17T15:44:26Z,2026-04-17T15:44:22Z,7093,False,NuMaker-UNO-board-for-Arduino-IDE,ScuratovaAnna/NuMaker-UNO-board-for-Arduino-IDE,git@github.com:ScuratovaAnna/NuMaker-UNO-board-for-Arduino-IDE.git,0
MDEwOlJlcG9zaXRvcnkzNjk0NDE5NzQ=,2021-05-21T06:54:41Z,2026-04-07T02:27:31Z,2026-04-07T02:27:24Z,50703,False,Coding-Notes,sayakbanerjee1999/Coding-Notes,git@github.com:sayakbanerjee1999/Coding-Notes.git,78
MDEwOlJlcG9zaXRvcnkzNjkzODA5Mzg=,2021-05-21T01:27:25Z,2026-04-20T09:43:09Z,2026-04-20T09:43:05Z,393,False,tepp,Intrets/tepp,git@github.com:Intrets/tepp.git,0
MDEwOlJlcG9zaXRvcnkzNjkzNjg2NjM=,2021-05-21T00:12:31Z,2026-04-15T13:07:22Z,2026-04-15T13:07:09Z,418822,True,VVDViewer,JaneliaSciComp/VVDViewer,git@github.com:JaneliaSciComp/VVDViewer.git,27
MDEwOlJlcG9zaXRvcnkzNjkzNDE4MTk=,2021-05-20T21:26:02Z,2026-04-11T07:24:13Z,2026-04-11T07:24:07Z,38,False,concurrency_utils,flubbe/concurrency_utils,git@github.com:flubbe/concurrency_utils.git,0
MDEwOlJlcG9zaXRvcnkzNjkzMTYwMDM=,2021-05-20T19:24:57Z,2026-03-10T14:57:13Z,2026-04-03T11:27:07Z,349768,False,pitts,melven/pitts,git@github.com:melven/pitts.git,11
MDEwOlJlcG9zaXRvcnkzNjkzMTIyNzM=,2021-05-20T19:08:35Z,2026-04-02T09:08:20Z,2026-03-20T17:33:33Z,73696,False,SoT-Python-Offset-Finder,DougTheDruid/SoT-Python-Offset-Finder,git@github.com:DougTheDruid/SoT-Python-Offset-Finder.git,62
MDEwOlJlcG9zaXRvcnkzNjkzMDI2Mjk=,2021-05-20T18:27:13Z,2026-03-06T05:08:52Z,2026-03-06T05:08:49Z,4,False,electrical-engineering-calculator,jakobarsement/electrical-engineering-calculator,git@github.com:jakobarsement/electrical-engineering-calculator.git,0
MDEwOlJlcG9zaXRvcnkzNjkyODY0MTA=,2021-05-20T17:23:10Z,2026-04-01T14:15:03Z,2026-04-01T14:15:13Z,494060,True,WindowsMeetingSDK,visionable-public/WindowsMeetingSDK,git@github.com:visionable-public/WindowsMeetingSDK.git,0
MDEwOlJlcG9zaXRvcnkzNjkyMzY0MzA=,2021-05-20T14:28:34Z,2026-05-05T18:22:51Z,2026-05-05T18:22:47Z,25,False,bfuk,fnknda/bfuk,git@github.com:fnknda/bfuk.git,0
MDEwOlJlcG9zaXRvcnkzNjkyMjE0ODk=,2021-05-20T13:40:58Z,2026-04-21T06:40:48Z,2026-04-19T20:26:10Z,5475,False,OpenFoam-Tutorials,djeada/OpenFoam-Tutorials,git@github.com:djeada/OpenFoam-Tutorials.git,3
MDEwOlJlcG9zaXRvcnkzNjkwNzE3NzI=,2021-05-20T03:49:07Z,2026-04-08T03:20:01Z,2026-04-08T03:19:54Z,2790,True,dataworks-public-20200518,alibabacloud-sdk-cpp/dataworks-public-20200518,git@github.com:alibabacloud-sdk-cpp/dataworks-public-20200518.git,0
MDEwOlJlcG9zaXRvcnkzNjkwMzgzMTk=,2021-05-20T00:48:10Z,2026-05-04T01:14:26Z,2026-04-15T20:43:16Z,756,True,STKAudioKit,AudioKit/STKAudioKit,git@github.com:AudioKit/STKAudioKit.git,42
MDEwOlJlcG9zaXRvcnkzNjkwMDkwMTU=,2021-05-19T21:47:02Z,2026-05-06T23:20:24Z,2026-04-13T19:36:13Z,6507,True,Levenshtein,rapidfuzz/Levenshtein,git@github.com:rapidfuzz/Levenshtein.git,390
MDEwOlJlcG9zaXRvcnkzNjg5OTk1MTE=,2021-05-19T20:57:49Z,2026-04-13T13:36:49Z,2026-04-13T13:36:45Z,63847,True,VFPC,VFPC/VFPC,git@github.com:VFPC/VFPC.git,10
MDEwOlJlcG9zaXRvcnkzNjg5OTAwMzc=,2021-05-19T20:12:29Z,2026-04-23T16:47:33Z,2026-04-23T16:47:29Z,5574,False,ICPC,IgnAMS/ICPC,git@github.com:IgnAMS/ICPC.git,4
MDEwOlJlcG9zaXRvcnkzNjg5NzEyNzU=,2021-05-19T18:50:04Z,2026-05-01T08:03:58Z,2026-05-07T11:01:23Z,1213071,True,Coollab,Coollab-Art/Coollab,git@github.com:Coollab-Art/Coollab.git,91
MDEwOlJlcG9zaXRvcnkzNjg5NTcxMzc=,2021-05-19T17:57:24Z,2026-04-01T14:29:07Z,2026-04-01T14:29:03Z,144,False,BitCrackEvo,BitCrackEvo/BitCrackEvo,git@github.com:BitCrackEvo/BitCrackEvo.git,8
MDEwOlJlcG9zaXRvcnkzNjg5NTIwNjk=,2021-05-19T17:37:31Z,2026-05-05T11:08:15Z,2026-05-05T11:08:11Z,48,False,Tic-Tac-Toe,tarunyadav148/Tic-Tac-Toe,git@github.com:tarunyadav148/Tic-Tac-Toe.git,0
MDEwOlJlcG9zaXRvcnkzNjg5NDYzOTM=,2021-05-19T17:16:16Z,2026-05-06T16:06:31Z,2026-03-30T16:39:16Z,28,False,esphome-stream-server,oxan/esphome-stream-server,git@github.com:oxan/esphome-stream-server.git,294
MDEwOlJlcG9zaXRvcnkzNjg4NzY0Njc=,2021-05-19T13:19:56Z,2026-04-12T17:19:33Z,2026-04-12T17:19:29Z,12280,False,Howard-OJ,User-Howard/Howard-OJ,git@github.com:User-Howard/Howard-OJ.git,1
MDEwOlJlcG9zaXRvcnkzNjg4NDE2OTE=,2021-05-19T11:13:34Z,2026-04-26T09:58:46Z,2026-04-22T15:50:56Z,15365,True,core,cartocrow/core,git@github.com:cartocrow/core.git,11
MDEwOlJlcG9zaXRvcnkzNjg3ODg1NDE=,2021-05-19T07:57:34Z,2026-03-24T22:04:38Z,2026-03-24T22:04:31Z,293,False,AndLinker,xuwakao/AndLinker,git@github.com:xuwakao/AndLinker.git,3
MDEwOlJlcG9zaXRvcnkzNjg2Njk5NDA=,2021-05-18T21:24:38Z,2026-05-05T21:21:05Z,2026-03-29T23:03:54Z,48907,False,TombRaiderLinuxLauncher,noisecode3/TombRaiderLinuxLauncher,git@github.com:noisecode3/TombRaiderLinuxLauncher.git,6
MDEwOlJlcG9zaXRvcnkzNjg2NjUxMDY=,2021-05-18T21:00:35Z,2026-04-29T21:31:03Z,2026-04-29T21:30:59Z,237277,False,m2,cagriuslu/m2,git@github.com:cagriuslu/m2.git,1
MDEwOlJlcG9zaXRvcnkzNjg2NjQ0ODQ=,2021-05-18T20:57:12Z,2026-04-24T09:38:39Z,2026-04-24T09:38:35Z,155196,False,DinoDent,thefinalcutbg/DinoDent,git@github.com:thefinalcutbg/DinoDent.git,31
MDEwOlJlcG9zaXRvcnkzNjg2NTU4NDE=,2021-05-18T20:16:15Z,2026-04-09T07:35:51Z,2026-03-13T18:56:07Z,183,True,gr-bladeRF,Nuand/gr-bladeRF,git@github.com:Nuand/gr-bladeRF.git,38
MDEwOlJlcG9zaXRvcnkzNjg2NDM2MDA=,2021-05-18T19:22:51Z,2026-04-23T11:28:42Z,2026-04-23T11:28:38Z,1661,True,SciRooPlot,SciRooPlot/SciRooPlot,git@github.com:SciRooPlot/SciRooPlot.git,18
MDEwOlJlcG9zaXRvcnkzNjg1NTgwMzI=,2021-05-18T14:21:07Z,2026-04-26T18:40:31Z,2026-04-26T18:40:27Z,249,False,kotlin-simd,nlbuescher/kotlin-simd,git@github.com:nlbuescher/kotlin-simd.git,0
MDEwOlJlcG9zaXRvcnkzNjg1NDAzNTU=,2021-05-18T13:28:25Z,2026-04-23T06:00:23Z,2026-04-22T15:40:14Z,56317,True,wsl-images,AlmaLinux/wsl-images,git@github.com:AlmaLinux/wsl-images.git,59
MDEwOlJlcG9zaXRvcnkzNjg0ODI0OTU=,2021-05-18T10:03:32Z,2026-03-03T09:52:37Z,2026-03-03T09:52:59Z,52,False,SRF05,RobTillaart/SRF05,git@github.com:RobTillaart/SRF05.git,10
MDEwOlJlcG9zaXRvcnkzNjgzMTAwMjc=,2021-05-17T20:10:39Z,2026-05-02T07:19:46Z,2026-04-18T16:42:46Z,2717,True,jni-bind,google/jni-bind,git@github.com:google/jni-bind.git,327
MDEwOlJlcG9zaXRvcnkzNjgyNTc1MTU=,2021-05-17T16:46:10Z,2026-05-06T19:48:49Z,2026-04-24T05:10:24Z,102628,True,duckdb-wasm,duckdb/duckdb-wasm,git@github.com:duckdb/duckdb-wasm.git,1998
MDEwOlJlcG9zaXRvcnkzNjgyMjAxNzU=,2021-05-17T14:42:32Z,2026-05-01T14:18:11Z,2026-05-01T14:24:09Z,13619,True,KaMinPar,KaHIP/KaMinPar,git@github.com:KaHIP/KaMinPar.git,53
MDEwOlJlcG9zaXRvcnkzNjgxODQ2NjE=,2021-05-17T12:53:35Z,2026-04-16T14:59:07Z,2026-04-16T14:58:58Z,1756,True,piquassoboost,Budapest-Quantum-Computing-Group/piquassoboost,git@github.com:Budapest-Quantum-Computing-Group/piquassoboost.git,9
MDEwOlJlcG9zaXRvcnkzNjgxNzE1MjE=,2021-05-17T12:08:27Z,2026-05-01T18:54:31Z,2026-04-26T13:30:26Z,3294,True,uChmViewer,eBookProjects/uChmViewer,git@github.com:eBookProjects/uChmViewer.git,88
MDEwOlJlcG9zaXRvcnkzNjgxNDc2OTg=,2021-05-17T10:37:30Z,2026-05-05T08:34:41Z,2026-05-05T08:34:42Z,2611,True,zenoh-demos,eclipse-zenoh/zenoh-demos,git@github.com:eclipse-zenoh/zenoh-demos.git,73
MDEwOlJlcG9zaXRvcnkzNjgxMTUxNjU=,2021-05-17T08:42:40Z,2026-05-06T19:44:36Z,2026-05-07T09:05:03Z,4339920,True,extension-rive,defold/extension-rive,git@github.com:defold/extension-rive.git,71
MDEwOlJlcG9zaXRvcnkzNjgxMDA2OTE=,2021-05-17T07:50:38Z,2026-05-05T00:06:59Z,2026-04-06T12:39:40Z,95837,True,Heuristic_path_planners,robotics-upo/Heuristic_path_planners,git@github.com:robotics-upo/Heuristic_path_planners.git,98
MDEwOlJlcG9zaXRvcnkzNjc5ODI3NTM=,2021-05-16T20:51:33Z,2026-04-19T19:30:00Z,2026-04-19T19:29:56Z,4611,False,CHIP8_EMULATOR,kasia0x01/CHIP8_EMULATOR,git@github.com:kasia0x01/CHIP8_EMULATOR.git,0
MDEwOlJlcG9zaXRvcnkzNjc5NDIyMzU=,2021-05-16T17:14:17Z,2026-04-14T17:29:48Z,2026-04-28T21:22:04Z,12108,True,umbridge,UM-Bridge/umbridge,git@github.com:UM-Bridge/umbridge.git,42
MDEwOlJlcG9zaXRvcnkzNjc5MTUwNjE=,2021-05-16T15:13:29Z,2026-05-06T15:02:35Z,2026-05-06T14:49:21Z,5979,True,sms,doldecomp/sms,git@github.com:doldecomp/sms.git,242
MDEwOlJlcG9zaXRvcnkzNjc5MTIxMjI=,2021-05-16T15:02:07Z,2026-04-07T21:51:08Z,2026-04-07T21:51:04Z,151,False,MidiTrigger,type-one/MidiTrigger,git@github.com:type-one/MidiTrigger.git,0
MDEwOlJlcG9zaXRvcnkzNjc4NjU0NzM=,2021-05-16T11:49:45Z,2026-04-04T15:07:01Z,2026-05-03T13:50:19Z,95693,False,AstroPi-system,Andre87osx/AstroPi-system,git@github.com:Andre87osx/AstroPi-system.git,3
MDEwOlJlcG9zaXRvcnkzNjc4MTY0MTM=,2021-05-16T07:48:34Z,2026-05-07T06:33:13Z,2026-05-07T06:33:09Z,12347,False,MyUtils,puppies-jp/MyUtils,git@github.com:puppies-jp/MyUtils.git,1
MDEwOlJlcG9zaXRvcnkzNjc3OTU0NjI=,2021-05-16T05:47:32Z,2026-04-18T02:55:38Z,2026-05-05T03:00:25Z,1216,False,simplewalker,NirajPatelRobots/simplewalker,git@github.com:NirajPatelRobots/simplewalker.git,1
MDEwOlJlcG9zaXRvcnkzNjc3NzI5MzA=,2021-05-16T02:59:23Z,2026-03-20T08:05:12Z,2026-03-20T08:05:08Z,9142,False,LeetCode,ccs96307/LeetCode,git@github.com:ccs96307/LeetCode.git,2
MDEwOlJlcG9zaXRvcnkzNjc3MzI2NDk=,2021-05-15T21:26:29Z,2026-04-02T06:58:15Z,2026-04-02T06:58:10Z,297,False,marty_cpp,al-martyn1/marty_cpp,git@github.com:al-martyn1/marty_cpp.git,0
MDEwOlJlcG9zaXRvcnkzNjc3MDY3NzE=,2021-05-15T18:44:30Z,2026-03-11T04:59:39Z,2026-03-11T04:59:35Z,4379,True,tpls,zenustech/tpls,git@github.com:zenustech/tpls.git,3
MDEwOlJlcG9zaXRvcnkzNjc3MDExODE=,2021-05-15T18:14:15Z,2026-05-02T17:38:59Z,2026-04-25T00:04:33Z,1551,True,mod-progression-system,azerothcore/mod-progression-system,git@github.com:azerothcore/mod-progression-system.git,77
MDEwOlJlcG9zaXRvcnkzNjc2OTgwOTU=,2021-05-15T17:57:23Z,2026-05-01T05:21:54Z,2026-05-01T05:21:32Z,14,False,OopsArea,sritasngh/OopsArea,git@github.com:sritasngh/OopsArea.git,1
MDEwOlJlcG9zaXRvcnkzNjc2NzI1NTM=,2021-05-15T15:55:02Z,2026-04-18T17:34:48Z,2026-04-18T17:34:45Z,1250,False,Boids-SFML,ufrshubham/Boids-SFML,git@github.com:ufrshubham/Boids-SFML.git,7
MDEwOlJlcG9zaXRvcnkzNjc2NTg2MzU=,2021-05-15T14:55:17Z,2026-05-07T10:30:26Z,2026-05-07T10:30:21Z,644040,False,unicodia,Mercury13/unicodia,git@github.com:Mercury13/unicodia.git,171
MDEwOlJlcG9zaXRvcnkzNjc1OTg0NjQ=,2021-05-15T10:09:17Z,2026-05-07T04:45:24Z,2026-03-03T12:30:30Z,59652,False,defender-control,pgkt04/defender-control,git@github.com:pgkt04/defender-control.git,1828
MDEwOlJlcG9zaXRvcnkzNjc1ODE1ODM=,2021-05-15T08:44:11Z,2026-04-05T10:36:01Z,2026-04-05T10:35:56Z,220,False,RP4GLX,MrAviator93/RP4GLX,git@github.com:MrAviator93/RP4GLX.git,2
MDEwOlJlcG9zaXRvcnkzNjc1MTk3ODY=,2021-05-15T02:02:48Z,2026-04-07T09:29:22Z,2026-04-07T09:29:17Z,88,False,leetcode_lintcode,romaad/leetcode_lintcode,git@github.com:romaad/leetcode_lintcode.git,0
MDEwOlJlcG9zaXRvcnkzNjc1MTA2MDM=,2021-05-15T00:47:44Z,2026-05-02T18:48:51Z,2026-05-02T18:48:47Z,220,False,Mineswepper,mr-p-git/Mineswepper,git@github.com:mr-p-git/Mineswepper.git,0
MDEwOlJlcG9zaXRvcnkzNjc0NTMxMDA=,2021-05-14T18:48:41Z,2026-04-06T19:00:16Z,2026-04-04T16:17:54Z,61283,True,Pixels,SRA-VJTI/Pixels,git@github.com:SRA-VJTI/Pixels.git,189
MDEwOlJlcG9zaXRvcnkzNjc0MDAxOTQ=,2021-05-14T15:12:03Z,2026-04-17T19:46:59Z,2026-03-06T23:38:56Z,521624,True,neversink_workflow,DOI-USGS/neversink_workflow,git@github.com:DOI-USGS/neversink_workflow.git,8
MDEwOlJlcG9zaXRvcnkzNjczOTI1Nzc=,2021-05-14T14:44:55Z,2026-04-03T18:55:28Z,2026-04-13T17:53:42Z,25695,False,Hibizcus,murasu/Hibizcus,git@github.com:murasu/Hibizcus.git,40
MDEwOlJlcG9zaXRvcnkzNjczNjEyMzA=,2021-05-14T12:50:12Z,2026-04-29T17:41:20Z,2026-04-29T17:41:17Z,9945,True,sas-20181203,alibabacloud-sdk-cpp/sas-20181203,git@github.com:alibabacloud-sdk-cpp/sas-20181203.git,0
MDEwOlJlcG9zaXRvcnkzNjczMjY2OTk=,2021-05-14T10:22:47Z,2026-04-22T11:38:24Z,2026-04-22T11:38:19Z,396,False,viltrum,adolfomunoz/viltrum,git@github.com:adolfomunoz/viltrum.git,17
MDEwOlJlcG9zaXRvcnkzNjczMDM0NTg=,2021-05-14T08:46:37Z,2026-04-28T02:37:42Z,2026-05-07T06:01:48Z,8183,False,linux-terminal-service-manager,AndreyBarmaley/linux-terminal-service-manager,git@github.com:AndreyBarmaley/linux-terminal-service-manager.git,54
MDEwOlJlcG9zaXRvcnkzNjcyODYyNzk=,2021-05-14T07:37:31Z,2026-04-23T18:29:41Z,2026-04-23T18:29:37Z,465,False,LeetcodeEffectively,PranjalAgni/LeetcodeEffectively,git@github.com:PranjalAgni/LeetcodeEffectively.git,3
MDEwOlJlcG9zaXRvcnkzNjcyNzcxNjM=,2021-05-14T06:58:56Z,2026-04-02T12:43:36Z,2026-04-02T12:43:31Z,1215,False,How-to-contribute-code-to-the-open-source-community,TinaSprunt/How-to-contribute-code-to-the-open-source-community,git@github.com:TinaSprunt/How-to-contribute-code-to-the-open-source-community.git,9
MDEwOlJlcG9zaXRvcnkzNjcyNjUwMzU=,2021-05-14T06:04:30Z,2026-04-20T05:19:47Z,2026-04-20T05:19:44Z,397,False,esp_domoticz_opentherm_handler,akamming/esp_domoticz_opentherm_handler,git@github.com:akamming/esp_domoticz_opentherm_handler.git,4
MDEwOlJlcG9zaXRvcnkzNjcxNDkyMDk=,2021-05-13T19:08:45Z,2026-04-25T17:58:12Z,2026-04-25T17:58:08Z,63611,False,BetterEdit,HJfod/BetterEdit,git@github.com:HJfod/BetterEdit.git,168
MDEwOlJlcG9zaXRvcnkzNjcxNDQzMDc=,2021-05-13T18:47:39Z,2026-04-29T15:36:31Z,2026-04-29T15:34:53Z,7798,True,strata,modelics/strata,git@github.com:modelics/strata.git,38
MDEwOlJlcG9zaXRvcnkzNjcxNDM2NDY=,2021-05-13T18:45:01Z,2026-04-28T21:23:36Z,2026-04-28T21:23:32Z,16374,False,LSE2021,abeln94/LSE2021,git@github.com:abeln94/LSE2021.git,4
MDEwOlJlcG9zaXRvcnkzNjcxMjQ0NDg=,2021-05-13T17:28:09Z,2026-04-09T12:12:20Z,2026-04-09T12:12:06Z,155,False,Faculty-Management-System,masabozic/Faculty-Management-System,git@github.com:masabozic/Faculty-Management-System.git,0
MDEwOlJlcG9zaXRvcnkzNjcxMTE0NjQ=,2021-05-13T16:37:26Z,2026-05-06T21:25:25Z,2026-05-06T21:25:21Z,3094,False,bug-free-potato,pawlos/bug-free-potato,git@github.com:pawlos/bug-free-potato.git,1
MDEwOlJlcG9zaXRvcnkzNjcwODE5NjY=,2021-05-13T14:54:02Z,2026-03-31T02:15:35Z,2026-03-31T02:15:32Z,14780,False,ProfileBot,vanerkz/ProfileBot,git@github.com:vanerkz/ProfileBot.git,4
MDEwOlJlcG9zaXRvcnkzNjcwMjM0Nzk=,2021-05-13T11:11:04Z,2026-03-21T23:18:03Z,2026-03-01T07:52:48Z,585,False,OpenCLCapsViewer,SaschaWillems/OpenCLCapsViewer,git@github.com:SaschaWillems/OpenCLCapsViewer.git,31
MDEwOlJlcG9zaXRvcnkzNjcwMTY4OTA=,2021-05-13T10:42:32Z,2026-04-14T18:32:00Z,2026-04-14T18:34:17Z,151091,False,MP-CITDSE,aforembs/MP-CITDSE,git@github.com:aforembs/MP-CITDSE.git,3
MDEwOlJlcG9zaXRvcnkzNjY5ODYxODY=,2021-05-13T08:37:26Z,2026-05-07T11:31:21Z,2026-05-07T04:30:48Z,225934,False,furnace,tildearrow/furnace,git@github.com:tildearrow/furnace.git,3614
MDEwOlJlcG9zaXRvcnkzNjY5MDcyNDA=,2021-05-13T02:07:34Z,2026-04-26T09:50:59Z,2026-04-26T09:50:55Z,1239099,False,Adria,mateeeeeee/Adria,git@github.com:mateeeeeee/Adria.git,542
MDEwOlJlcG9zaXRvcnkzNjY4MzU4ODI=,2021-05-12T19:47:15Z,2026-03-18T14:47:44Z,2026-03-18T14:46:08Z,3765,False,Solar-Tracer-Blynk-V3,Bettapro/Solar-Tracer-Blynk-V3,git@github.com:Bettapro/Solar-Tracer-Blynk-V3.git,59
MDEwOlJlcG9zaXRvcnkzNjY4MTExOTI=,2021-05-12T18:17:13Z,2026-04-28T23:28:19Z,2026-04-28T23:28:14Z,13148,False,rsa-pss-signing-examples,dcluomax/rsa-pss-signing-examples,git@github.com:dcluomax/rsa-pss-signing-examples.git,2
MDEwOlJlcG9zaXRvcnkzNjY4MDExNDU=,2021-05-12T17:43:14Z,2026-04-28T13:58:58Z,2026-04-28T13:56:52Z,145,False,Tools,stephen-pinto/Tools,git@github.com:stephen-pinto/Tools.git,0
MDEwOlJlcG9zaXRvcnkzNjY3ODgzNjg=,2021-05-12T16:55:52Z,2026-05-07T10:24:32Z,2026-05-07T10:24:28Z,11579,False,qjs-opencv,rsenn/qjs-opencv,git@github.com:rsenn/qjs-opencv.git,15
MDEwOlJlcG9zaXRvcnkzNjY3NjA3MTM=,2021-05-12T15:19:53Z,2026-04-30T19:29:10Z,2026-04-30T19:29:05Z,3958,False,MicroWeb,jhhoward/MicroWeb,git@github.com:jhhoward/MicroWeb.git,536
MDEwOlJlcG9zaXRvcnkzNjY3MTk1Njk=,2021-05-12T13:10:10Z,2026-05-06T06:06:57Z,2026-05-06T21:00:40Z,10368,False,MACESW,zhao-shihan/MACESW,git@github.com:zhao-shihan/MACESW.git,4
MDEwOlJlcG9zaXRvcnkzNjY3MTQzNjk=,2021-05-12T12:52:15Z,2026-03-03T14:32:30Z,2026-03-03T14:32:16Z,101475,False,Code-Mods,hyperbx/Code-Mods,git@github.com:hyperbx/Code-Mods.git,10
MDEwOlJlcG9zaXRvcnkzNjY2MjA1Nzk=,2021-05-12T06:52:25Z,2026-04-24T08:12:57Z,2026-04-24T08:32:01Z,70546,False,UVa,wind9051/UVa,git@github.com:wind9051/UVa.git,0
MDEwOlJlcG9zaXRvcnkzNjY1NTQ5MTI=,2021-05-12T01:12:12Z,2026-04-22T18:34:46Z,2026-03-18T00:51:15Z,6882,True,djinni,Snapchat/djinni,git@github.com:Snapchat/djinni.git,236
MDEwOlJlcG9zaXRvcnkzNjY1NDEyOTI=,2021-05-11T23:52:21Z,2026-03-29T08:06:54Z,2026-03-29T08:06:51Z,3726,True,operating_system-apple,ca2/operating_system-apple,git@github.com:ca2/operating_system-apple.git,0
MDEwOlJlcG9zaXRvcnkzNjY1MTQ1OTY=,2021-05-11T21:13:59Z,2026-04-16T15:57:30Z,2026-04-08T11:29:40Z,2714,False,GLE,vlabella/GLE,git@github.com:vlabella/GLE.git,31
MDEwOlJlcG9zaXRvcnkzNjY0NzY3Mzg=,2021-05-11T18:22:20Z,2026-03-07T10:57:40Z,2026-03-07T10:57:37Z,260,False,ERM19264_UC1609_RPI,gavinlyonsrepo/ERM19264_UC1609_RPI,git@github.com:gavinlyonsrepo/ERM19264_UC1609_RPI.git,4
MDEwOlJlcG9zaXRvcnkzNjY0NDI1ODQ=,2021-05-11T16:09:07Z,2026-04-22T01:18:35Z,2026-04-22T01:18:31Z,65225,False,Quake4Doom,jmarshall23/Quake4Doom,git@github.com:jmarshall23/Quake4Doom.git,128
MDEwOlJlcG9zaXRvcnkzNjY0NDE3NTQ=,2021-05-11T16:06:06Z,2026-04-22T15:59:04Z,2026-04-22T15:59:01Z,15469,True,core,cluebotng/core,git@github.com:cluebotng/core.git,6
MDEwOlJlcG9zaXRvcnkzNjYzNTQyOTg=,2021-05-11T11:14:48Z,2026-04-12T04:27:38Z,2026-04-12T04:27:30Z,68,False,cses-solutions-tt89,sptsway/cses-solutions-tt89,git@github.com:sptsway/cses-solutions-tt89.git,0
MDEwOlJlcG9zaXRvcnkzNjYzNDQzNjY=,2021-05-11T10:35:08Z,2026-04-10T22:00:57Z,2026-04-10T22:17:17Z,145,True,cp2130-qt,bloguetronica/cp2130-qt,git@github.com:bloguetronica/cp2130-qt.git,0
MDEwOlJlcG9zaXRvcnkzNjYzMDk5OTE=,2021-05-11T08:28:51Z,2026-03-20T19:17:12Z,2026-03-20T19:17:08Z,1990,False,NeoV1,messagegaurav/NeoV1,git@github.com:messagegaurav/NeoV1.git,1
MDEwOlJlcG9zaXRvcnkzNjYzMDQxMDg=,2021-05-11T08:07:12Z,2026-04-20T08:59:38Z,2026-04-20T08:59:33Z,8387,True,libopencor,opencor/libopencor,git@github.com:opencor/libopencor.git,2
MDEwOlJlcG9zaXRvcnkzNjYxOTA2ODY=,2021-05-10T22:26:01Z,2026-05-02T04:00:13Z,2026-05-07T03:46:41Z,440,True,nusystematics,LArSoft/nusystematics,git@github.com:LArSoft/nusystematics.git,3
MDEwOlJlcG9zaXRvcnkzNjYxODg0MTk=,2021-05-10T22:13:18Z,2026-05-06T20:03:09Z,2026-05-07T03:26:53Z,15161,True,stdexec,NVIDIA/stdexec,git@github.com:NVIDIA/stdexec.git,2332
MDEwOlJlcG9zaXRvcnkzNjYxNzA0OTA=,2021-05-10T20:41:38Z,2026-04-18T13:01:00Z,2026-04-18T13:00:56Z,4433,False,CPPTest,AStefan93/CPPTest,git@github.com:AStefan93/CPPTest.git,2
MDEwOlJlcG9zaXRvcnkzNjYxNjgzMjU=,2021-05-10T20:31:21Z,2026-04-23T00:02:03Z,2026-04-23T00:01:59Z,20534,True,advanced_docking_system,fabns-nano/advanced_docking_system,git@github.com:fabns-nano/advanced_docking_system.git,9
MDEwOlJlcG9zaXRvcnkzNjYxMTgwMTA=,2021-05-10T17:06:16Z,2026-03-31T00:09:46Z,2026-04-14T05:07:30Z,672,False,yatag,mmomtchev/yatag,git@github.com:mmomtchev/yatag.git,1
MDEwOlJlcG9zaXRvcnkzNjYxMDU2MDQ=,2021-05-10T16:21:46Z,2026-04-05T19:34:16Z,2026-04-05T19:34:17Z,5548,False,pointprocess,andreabonvini/pointprocess,git@github.com:andreabonvini/pointprocess.git,8
MDEwOlJlcG9zaXRvcnkzNjYwNDA5NTE=,2021-05-10T12:49:46Z,2026-05-07T10:04:19Z,2026-05-07T10:04:13Z,3647,False,postrisc,bdpx/postrisc,git@github.com:bdpx/postrisc.git,2
MDEwOlJlcG9zaXRvcnkzNjYwMTM2NTk=,2021-05-10T11:06:14Z,2026-03-16T15:36:10Z,2026-03-16T15:36:13Z,85,True,Arduino_LSM6DSOX,arduino-libraries/Arduino_LSM6DSOX,git@github.com:arduino-libraries/Arduino_LSM6DSOX.git,24
MDEwOlJlcG9zaXRvcnkzNjU5NTc0MDA=,2021-05-10T07:36:35Z,2026-04-28T16:24:26Z,2026-05-07T10:59:45Z,86433,True,healthgps,imperialCHEPI/healthgps,git@github.com:imperialCHEPI/healthgps.git,9
MDEwOlJlcG9zaXRvcnkzNjU4NzE4MTQ=,2021-05-09T23:57:07Z,2026-04-19T14:13:09Z,2026-04-19T14:13:05Z,15850,False,Leetcode,RyanPioneer/Leetcode,git@github.com:RyanPioneer/Leetcode.git,0
MDEwOlJlcG9zaXRvcnkzNjU4NjE5NDY=,2021-05-09T22:38:59Z,2026-04-18T22:49:29Z,2026-04-16T03:39:09Z,628,True,ublox_dgnss,aussierobots/ublox_dgnss,git@github.com:aussierobots/ublox_dgnss.git,76
MDEwOlJlcG9zaXRvcnkzNjU4NTM3NDM=,2021-05-09T21:43:19Z,2026-03-28T07:55:53Z,2026-03-28T07:55:50Z,127,False,hantek-wave-viewer,mattdavis90/hantek-wave-viewer,git@github.com:mattdavis90/hantek-wave-viewer.git,20
MDEwOlJlcG9zaXRvcnkzNjU4NDgyMTQ=,2021-05-09T21:06:45Z,2026-04-27T10:45:16Z,2026-04-27T10:45:12Z,6,False,EPEverSolarMQTT,mkrasselt1/EPEverSolarMQTT,git@github.com:mkrasselt1/EPEverSolarMQTT.git,0
MDEwOlJlcG9zaXRvcnkzNjU3MjE0NjI=,2021-05-09T10:06:33Z,2026-04-25T19:01:16Z,2026-04-25T19:01:11Z,72,False,RECS,alex2835/RECS,git@github.com:alex2835/RECS.git,0
MDEwOlJlcG9zaXRvcnkzNjU3MTU2ODc=,2021-05-09T09:34:08Z,2026-04-12T16:32:11Z,2026-04-12T16:32:03Z,10,False,clang-format,egor-tensin/clang-format,git@github.com:egor-tensin/clang-format.git,6
MDEwOlJlcG9zaXRvcnkzNjU2ODE5NTU=,2021-05-09T06:17:33Z,2026-05-03T02:07:08Z,2026-05-03T02:07:03Z,425,False,rendering-learning,victoryforphil/rendering-learning,git@github.com:victoryforphil/rendering-learning.git,0
MDEwOlJlcG9zaXRvcnkzNjU2NjU0NzA=,2021-05-09T04:19:33Z,2026-03-30T03:06:03Z,2026-03-30T03:05:59Z,38,False,air-quality-monitor-firmware,jfim/air-quality-monitor-firmware,git@github.com:jfim/air-quality-monitor-firmware.git,1
MDEwOlJlcG9zaXRvcnkzNjU2MTY4NTY=,2021-05-08T21:45:44Z,2026-03-18T06:18:45Z,2026-03-18T06:18:42Z,764,False,elev8,gregormcw/elev8,git@github.com:gregormcw/elev8.git,9
MDEwOlJlcG9zaXRvcnkzNjU2MTIwNjU=,2021-05-08T21:12:24Z,2026-05-02T00:54:05Z,2026-05-02T00:54:02Z,4437,True,TeamPrep,7700VRC/TeamPrep,git@github.com:7700VRC/TeamPrep.git,0
MDEwOlJlcG9zaXRvcnkzNjU1NTIxNDA=,2021-05-08T15:44:53Z,2026-04-08T20:42:39Z,2026-05-02T23:07:22Z,153056,False,render-engine,KonyshevArtem/render-engine,git@github.com:KonyshevArtem/render-engine.git,7
MDEwOlJlcG9zaXRvcnkzNjU1NTEyNTM=,2021-05-08T15:40:41Z,2026-05-02T05:17:51Z,2026-05-02T05:17:47Z,2775,False,Practice,Hari-2425/Practice,git@github.com:Hari-2425/Practice.git,0
MDEwOlJlcG9zaXRvcnkzNjU1NTA3MDQ=,2021-05-08T15:38:19Z,2026-04-07T02:41:57Z,2026-04-07T02:41:54Z,300,True,objectlink-core-cpp,apigear-io/objectlink-core-cpp,git@github.com:apigear-io/objectlink-core-cpp.git,0
MDEwOlJlcG9zaXRvcnkzNjU1NDcxNDQ=,2021-05-08T15:22:23Z,2026-04-11T09:15:08Z,2026-04-11T09:15:04Z,285,False,ARC,AndrewRichards-Code/ARC,git@github.com:AndrewRichards-Code/ARC.git,1
MDEwOlJlcG9zaXRvcnkzNjU1MzU0NDc=,2021-05-08T14:30:38Z,2026-05-07T08:35:18Z,2026-03-08T02:37:54Z,71631,False,tare_planner,caochao39/tare_planner,git@github.com:caochao39/tare_planner.git,677
MDEwOlJlcG9zaXRvcnkzNjU1Mjc4NjM=,2021-05-08T13:58:03Z,2026-03-22T13:44:28Z,2026-03-22T13:44:25Z,1601,True,BuzzController,BuzzerBox/BuzzController,git@github.com:BuzzerBox/BuzzController.git,1
MDEwOlJlcG9zaXRvcnkzNjU1MTQyNTU=,2021-05-08T12:55:17Z,2026-05-07T00:45:36Z,2026-05-07T00:45:31Z,14281,False,SuperBug,alanswx/SuperBug,git@github.com:alanswx/SuperBug.git,0
MDEwOlJlcG9zaXRvcnkzNjU1MTE2NzI=,2021-05-08T12:42:52Z,2026-03-08T07:39:03Z,2026-03-08T07:39:00Z,56,False,DataStructure_Cpp,hda9009/DataStructure_Cpp,git@github.com:hda9009/DataStructure_Cpp.git,0
MDEwOlJlcG9zaXRvcnkzNjU1MTEzNjY=,2021-05-08T12:41:05Z,2026-04-25T00:36:46Z,2026-04-25T00:36:42Z,1066,False,fancylights,stefanhepp/fancylights,git@github.com:stefanhepp/fancylights.git,0
MDEwOlJlcG9zaXRvcnkzNjU1MTEyMjk=,2021-05-08T12:40:24Z,2026-04-27T12:23:43Z,2026-04-27T12:23:39Z,661,False,JSnake,paussu/JSnake,git@github.com:paussu/JSnake.git,0
MDEwOlJlcG9zaXRvcnkzNjU0NzgxMjg=,2021-05-08T09:53:07Z,2026-05-06T21:30:02Z,2026-04-01T18:13:21Z,820696,True,goo-engine,dillongoostudios/goo-engine,git@github.com:dillongoostudios/goo-engine.git,1326
MDEwOlJlcG9zaXRvcnkzNjU0MDk2OTA=,2021-05-08T03:27:04Z,2026-04-17T17:31:15Z,2026-04-17T17:31:11Z,542,True,alikafka-20190916,alibabacloud-sdk-cpp/alikafka-20190916,git@github.com:alibabacloud-sdk-cpp/alikafka-20190916.git,0
MDEwOlJlcG9zaXRvcnkzNjUzNTkzNDQ=,2021-05-07T21:42:52Z,2026-04-04T20:26:46Z,2026-04-04T20:26:40Z,1761,False,Recommendation-App,mtafadar/Recommendation-App,git@github.com:mtafadar/Recommendation-App.git,1
MDEwOlJlcG9zaXRvcnkzNjUzNTY0MTU=,2021-05-07T21:25:11Z,2026-05-02T04:00:05Z,2026-05-02T04:00:01Z,948,True,systematicstools,LArSoft/systematicstools,git@github.com:LArSoft/systematicstools.git,1
MDEwOlJlcG9zaXRvcnkzNjUzMzkyNTc=,2021-05-07T19:53:50Z,2026-03-23T15:22:45Z,2026-03-23T15:22:59Z,2744,False,mini_detour,Nemirtingas/mini_detour,git@github.com:Nemirtingas/mini_detour.git,5
MDEwOlJlcG9zaXRvcnkzNjUyODQ1NDQ=,2021-05-07T15:56:10Z,2026-04-24T20:27:03Z,2026-04-16T22:41:40Z,168,False,mod-starting-pet,Gozzim/mod-starting-pet,git@github.com:Gozzim/mod-starting-pet.git,5
MDEwOlJlcG9zaXRvcnkzNjUyNzM3NjM=,2021-05-07T15:16:36Z,2026-04-29T17:46:05Z,2026-04-29T17:46:00Z,1278,False,ATmega328P,dndubins/ATmega328P,git@github.com:dndubins/ATmega328P.git,1
MDEwOlJlcG9zaXRvcnkzNjUyNTUwMDk=,2021-05-07T14:11:48Z,2026-05-01T16:21:20Z,2026-04-15T18:06:44Z,13725,True,cslol-manager,LeagueToolkit/cslol-manager,git@github.com:LeagueToolkit/cslol-manager.git,919
MDEwOlJlcG9zaXRvcnkzNjUxOTk3NDI=,2021-05-07T10:38:02Z,2026-04-02T09:18:11Z,2026-03-25T00:45:49Z,163600,True,SpecHLA,deepomicslab/SpecHLA,git@github.com:deepomicslab/SpecHLA.git,57
MDEwOlJlcG9zaXRvcnkzNjUxNDQwMzg=,2021-05-07T07:02:17Z,2026-05-07T00:38:47Z,2026-05-07T00:38:44Z,14,False,CHOMPEE,parkerdifuntorum/CHOMPEE,git@github.com:parkerdifuntorum/CHOMPEE.git,0
MDEwOlJlcG9zaXRvcnkzNjUxNDMyNzA=,2021-05-07T06:59:08Z,2026-04-15T14:59:20Z,2026-03-31T19:30:30Z,18,False,clap,karnkaul/clap,git@github.com:karnkaul/clap.git,11
MDEwOlJlcG9zaXRvcnkzNjUxMTE3OTU=,2021-05-07T04:16:53Z,2026-03-26T08:39:53Z,2026-03-26T08:39:48Z,4915,False,TGGraphicLab,Gaiyitp9/TGGraphicLab,git@github.com:Gaiyitp9/TGGraphicLab.git,0
MDEwOlJlcG9zaXRvcnkzNjUwNTQ1OTU=,2021-05-06T22:42:11Z,2026-04-21T16:15:57Z,2026-04-21T16:15:50Z,341882,True,o3de-multiplayersample,o3de/o3de-multiplayersample,git@github.com:o3de/o3de-multiplayersample.git,99
MDEwOlJlcG9zaXRvcnkzNjUwMDUzNzc=,2021-05-06T18:40:21Z,2026-05-07T10:50:47Z,2026-05-01T16:05:45Z,9992,False,btop,aristocratos/btop,git@github.com:aristocratos/btop.git,32060
MDEwOlJlcG9zaXRvcnkzNjQ5ODU1MjM=,2021-05-06T17:19:55Z,2026-05-02T14:43:35Z,2026-05-02T14:43:31Z,9394,False,Clarkeyeager,Clarkeyeager/Clarkeyeager,git@github.com:Clarkeyeager/Clarkeyeager.git,0
MDEwOlJlcG9zaXRvcnkzNjQ5NjE4OTA=,2021-05-06T15:47:31Z,2026-03-08T13:37:52Z,2026-03-08T13:37:48Z,5137,False,DualViewPP,hhyyrylainen/DualViewPP,git@github.com:hhyyrylainen/DualViewPP.git,2
MDEwOlJlcG9zaXRvcnkzNjQ5NTczNjQ=,2021-05-06T15:31:38Z,2026-04-29T11:40:07Z,2026-04-29T11:40:03Z,73962,True,giac,geogebra/giac,git@github.com:geogebra/giac.git,65
MDEwOlJlcG9zaXRvcnkzNjQ5NDIyOTQ=,2021-05-06T14:41:40Z,2026-04-17T11:31:01Z,2026-04-17T11:30:57Z,339225,False,Helicopter_pbo_client_mod,moddayz/Helicopter_pbo_client_mod,git@github.com:moddayz/Helicopter_pbo_client_mod.git,15
MDEwOlJlcG9zaXRvcnkzNjQ5Mzg0MTI=,2021-05-06T14:28:55Z,2026-04-17T20:08:18Z,2026-03-09T03:34:53Z,1452,False,StudentManagementSystem,QuantumHW/StudentManagementSystem,git@github.com:QuantumHW/StudentManagementSystem.git,28
MDEwOlJlcG9zaXRvcnkzNjQ5MDc1ODI=,2021-05-06T12:45:50Z,2026-03-13T13:30:33Z,2026-03-13T13:30:29Z,1001,False,cp-workshop,rajathpi/cp-workshop,git@github.com:rajathpi/cp-workshop.git,9
MDEwOlJlcG9zaXRvcnkzNjQ4Njk3OTM=,2021-05-06T10:20:46Z,2026-05-05T09:49:00Z,2026-05-05T09:48:57Z,549,False,DIY-garage,vladimirvolek/DIY-garage,git@github.com:vladimirvolek/DIY-garage.git,0
MDEwOlJlcG9zaXRvcnkzNjQ3NDUwMzU=,2021-05-06T00:54:57Z,2026-04-19T22:24:58Z,2026-04-19T22:24:55Z,3590,False,LEDasSensor,ForrestErickson/LEDasSensor,git@github.com:ForrestErickson/LEDasSensor.git,0
MDEwOlJlcG9zaXRvcnkzNjQ3MDIyMTc=,2021-05-05T20:48:44Z,2026-04-27T02:10:35Z,2026-04-27T02:10:32Z,3470,True,TSpp,Vinifera-Developers/TSpp,git@github.com:Vinifera-Developers/TSpp.git,14
MDEwOlJlcG9zaXRvcnkzNjQ2NDU4MjQ=,2021-05-05T16:49:09Z,2026-03-19T11:01:06Z,2026-03-19T10:29:07Z,16879,False,Search-Algorithms,REmanuele/Search-Algorithms,git@github.com:REmanuele/Search-Algorithms.git,0
MDEwOlJlcG9zaXRvcnkzNjQ2MzY5NDc=,2021-05-05T16:17:14Z,2026-04-24T13:40:43Z,2026-03-23T10:53:24Z,1425,True,SDWire,3mdeb/SDWire,git@github.com:3mdeb/SDWire.git,2
MDEwOlJlcG9zaXRvcnkzNjQ2MzA0MTM=,2021-05-05T15:53:25Z,2026-04-29T14:25:18Z,2026-04-29T14:21:19Z,155901,False,EFI-notes,RhinomanUK/EFI-notes,git@github.com:RhinomanUK/EFI-notes.git,2
MDEwOlJlcG9zaXRvcnkzNjQ2MjQwNDI=,2021-05-05T15:31:26Z,2026-04-07T09:05:14Z,2026-03-18T20:25:28Z,19130,False,VirtualLeaf2021,rmerks/VirtualLeaf2021,git@github.com:rmerks/VirtualLeaf2021.git,7
MDEwOlJlcG9zaXRvcnkzNjQ2MTg4NjM=,2021-05-05T15:14:37Z,2026-05-05T18:50:11Z,2026-05-05T18:50:06Z,2629,False,cp-codes,fura2/cp-codes,git@github.com:fura2/cp-codes.git,0
MDEwOlJlcG9zaXRvcnkzNjQ1NzQxMTI=,2021-05-05T12:47:32Z,2026-04-28T02:35:46Z,2026-05-06T17:23:19Z,1049,True,RenderStream-UE,disguise-one/RenderStream-UE,git@github.com:disguise-one/RenderStream-UE.git,81
MDEwOlJlcG9zaXRvcnkzNjQ1NzI0NjA=,2021-05-05T12:41:36Z,2026-03-30T21:49:00Z,2026-04-23T14:57:57Z,1126,True,duneanaobj,DUNE/duneanaobj,git@github.com:DUNE/duneanaobj.git,1
MDEwOlJlcG9zaXRvcnkzNjQ1NjE1MTc=,2021-05-05T11:59:09Z,2026-03-12T11:23:59Z,2026-03-12T11:23:55Z,165,False,UECoreExtensions,TheEmidee/UECoreExtensions,git@github.com:TheEmidee/UECoreExtensions.git,6
MDEwOlJlcG9zaXRvcnkzNjQ0NTgzMzI=,2021-05-05T04:13:06Z,2026-05-06T16:12:55Z,2026-05-07T09:30:00Z,16192,True,kasts,KDE/kasts,git@github.com:KDE/kasts.git,58
MDEwOlJlcG9zaXRvcnkzNjQzMjcwNzQ=,2021-05-04T16:57:41Z,2026-05-05T21:48:05Z,2026-05-05T21:48:01Z,580,True,hipBone,paranumal/hipBone,git@github.com:paranumal/hipBone.git,17
MDEwOlJlcG9zaXRvcnkzNjQzMDMwODg=,2021-05-04T15:32:14Z,2026-04-05T01:13:58Z,2026-03-07T11:36:42Z,3310,False,Display_Lib_RPI,gavinlyonsrepo/Display_Lib_RPI,git@github.com:gavinlyonsrepo/Display_Lib_RPI.git,41
MDEwOlJlcG9zaXRvcnkzNjQzMDA5MTU=,2021-05-04T15:24:54Z,2026-04-14T21:34:14Z,2026-04-14T21:34:09Z,31,True,Pluto,TauferLab/Pluto,git@github.com:TauferLab/Pluto.git,0
MDEwOlJlcG9zaXRvcnkzNjQyOTkxMDA=,2021-05-04T15:18:40Z,2026-04-14T21:34:47Z,2026-04-14T21:34:42Z,4960,True,dumpi_to_graph,TauferLab/dumpi_to_graph,git@github.com:TauferLab/dumpi_to_graph.git,0
MDEwOlJlcG9zaXRvcnkzNjQyOTYyNjU=,2021-05-04T15:09:30Z,2026-04-27T23:26:40Z,2026-04-28T18:41:37Z,26682,True,novatel_edie,novatel/novatel_edie,git@github.com:novatel/novatel_edie.git,27
MDEwOlJlcG9zaXRvcnkzNjQyNzE3MjU=,2021-05-04T13:49:55Z,2026-04-01T16:59:09Z,2026-04-01T16:59:02Z,589,False,IoT-Software,xavierfonsecaphd/IoT-Software,git@github.com:xavierfonsecaphd/IoT-Software.git,1
MDEwOlJlcG9zaXRvcnkzNjQyNjU4NzA=,2021-05-04T13:30:21Z,2026-04-26T10:46:40Z,2026-04-26T10:46:39Z,25,False,cses-solution,rootjatin/cses-solution,git@github.com:rootjatin/cses-solution.git,9
MDEwOlJlcG9zaXRvcnkzNjQyMjQzMDk=,2021-05-04T10:50:48Z,2026-04-21T17:42:23Z,2026-04-21T17:42:19Z,20313,False,gttl,stefan-kurtz/gttl,git@github.com:stefan-kurtz/gttl.git,5
MDEwOlJlcG9zaXRvcnkzNjQxODg0NDY=,2021-05-04T08:24:58Z,2026-04-23T03:36:05Z,2026-04-13T13:12:25Z,7739,True,yarp-device-openxrheadset,gbionics/yarp-device-openxrheadset,git@github.com:gbionics/yarp-device-openxrheadset.git,4
MDEwOlJlcG9zaXRvcnkzNjQxODI4NTM=,2021-05-04T08:03:04Z,2026-04-29T23:11:30Z,2026-04-29T23:11:25Z,30,True,qshot,maemo-leste-extras/qshot,git@github.com:maemo-leste-extras/qshot.git,0
MDEwOlJlcG9zaXRvcnkzNjQxMzM3MDY=,2021-05-04T03:58:42Z,2026-03-11T07:40:35Z,2026-03-11T07:40:31Z,767,True,xengine_apps,libxengine/xengine_apps,git@github.com:libxengine/xengine_apps.git,1
MDEwOlJlcG9zaXRvcnkzNjQwNDc0OTQ=,2021-05-03T20:05:46Z,2026-03-29T17:10:55Z,2026-03-29T17:10:52Z,77,False,oesenc,hornang/oesenc,git@github.com:hornang/oesenc.git,6
MDEwOlJlcG9zaXRvcnkzNjQwMzUwMTI=,2021-05-03T19:12:35Z,2026-03-09T21:24:24Z,2026-03-09T21:24:20Z,9,False,SmartDriveEmC,neuberfran/SmartDriveEmC,git@github.com:neuberfran/SmartDriveEmC.git,1
MDEwOlJlcG9zaXRvcnkzNjM5NTg1NDg=,2021-05-03T14:33:37Z,2026-04-27T07:05:08Z,2026-04-27T07:05:03Z,24,False,Arduino,Sim-ctrl/Arduino,git@github.com:Sim-ctrl/Arduino.git,0
MDEwOlJlcG9zaXRvcnkzNjM5MTc5Njg=,2021-05-03T12:12:25Z,2026-05-01T02:19:10Z,2026-05-01T02:19:07Z,4973,False,realm-editor,lucasmence/realm-editor,git@github.com:lucasmence/realm-editor.git,0
MDEwOlJlcG9zaXRvcnkzNjM4ODA3ODg=,2021-05-03T09:36:17Z,2026-03-30T13:18:44Z,2026-03-30T14:30:14Z,754,False,ctbench,JPenuchot/ctbench,git@github.com:JPenuchot/ctbench.git,26
MDEwOlJlcG9zaXRvcnkzNjM4NTY1MjQ=,2021-05-03T07:55:34Z,2026-04-07T14:07:57Z,2026-04-07T14:06:26Z,3504,True,ProjetC_template,Polytech-Sorbonne-Rob/ProjetC_template,git@github.com:Polytech-Sorbonne-Rob/ProjetC_template.git,0
MDEwOlJlcG9zaXRvcnkzNjM3NjA5NDg=,2021-05-02T22:14:12Z,2026-04-26T09:38:05Z,2026-04-26T09:37:58Z,1755,False,flutter_swipe_button,lrferreiro/flutter_swipe_button,git@github.com:lrferreiro/flutter_swipe_button.git,7
MDEwOlJlcG9zaXRvcnkzNjM3Mjc2MTE=,2021-05-02T18:57:36Z,2026-04-29T23:47:03Z,2026-04-29T23:46:58Z,19658,True,bitweb,bitweb-project/bitweb,git@github.com:bitweb-project/bitweb.git,3
MDEwOlJlcG9zaXRvcnkzNjM2OTIzMjM=,2021-05-02T16:06:46Z,2026-05-01T10:01:33Z,2026-05-01T10:01:29Z,26770,False,arch-repo-manager,Martchus/arch-repo-manager,git@github.com:Martchus/arch-repo-manager.git,25
MDEwOlJlcG9zaXRvcnkzNjM2NjUzNTk=,2021-05-02T14:04:54Z,2026-05-06T02:56:55Z,2026-05-05T01:30:57Z,17011,False,xy-VSFilter,Masaiki/xy-VSFilter,git@github.com:Masaiki/xy-VSFilter.git,679
MDEwOlJlcG9zaXRvcnkzNjM2NDk5MzU=,2021-05-02T12:50:08Z,2026-05-05T14:25:57Z,2026-05-05T14:24:03Z,34922,False,antispy-jammer,mcore1976/antispy-jammer,git@github.com:mcore1976/antispy-jammer.git,377
MDEwOlJlcG9zaXRvcnkzNjM2NDc5MjE=,2021-05-02T12:39:44Z,2026-05-06T03:49:56Z,2026-05-06T19:49:32Z,7695,False,libfork,ConorWilliams/libfork,git@github.com:ConorWilliams/libfork.git,860
MDEwOlJlcG9zaXRvcnkzNjM2Mzk0ODY=,2021-05-02T11:55:54Z,2026-05-06T19:33:37Z,2026-05-06T19:33:32Z,22905,False,Mlib,gre-42/Mlib,git@github.com:gre-42/Mlib.git,1
MDEwOlJlcG9zaXRvcnkzNjM2Mjg5Mzg=,2021-05-02T10:58:33Z,2026-03-27T06:54:30Z,2026-04-24T03:33:26Z,428221,False,Civ5-Patch,ImmoSS/Civ5-Patch,git@github.com:ImmoSS/Civ5-Patch.git,1
MDEwOlJlcG9zaXRvcnkzNjM2MTc0MjI=,2021-05-02T09:54:31Z,2026-04-29T23:11:24Z,2026-04-29T23:11:20Z,320,True,gpsrecorder,maemo-leste-extras/gpsrecorder,git@github.com:maemo-leste-extras/gpsrecorder.git,0
MDEwOlJlcG9zaXRvcnkzNjM2MDYzOTg=,2021-05-02T08:51:22Z,2026-05-04T18:08:05Z,2026-05-01T23:34:43Z,867,False,libaribcaption,xqq/libaribcaption,git@github.com:xqq/libaribcaption.git,123
MDEwOlJlcG9zaXRvcnkzNjM2MDI4MzQ=,2021-05-02T08:31:24Z,2026-03-22T13:42:30Z,2026-03-22T13:42:27Z,741,False,GobbletQt,kevinaerts83/GobbletQt,git@github.com:kevinaerts83/GobbletQt.git,0
MDEwOlJlcG9zaXRvcnkzNjM1MDA2NzY=,2021-05-01T20:25:29Z,2026-05-03T10:27:41Z,2026-05-03T10:27:37Z,9655,False,fakeOwl,szellmann/fakeOwl,git@github.com:szellmann/fakeOwl.git,5
MDEwOlJlcG9zaXRvcnkzNjM0MTY4MzQ=,2021-05-01T13:29:16Z,2026-05-07T00:25:14Z,2026-05-03T17:21:54Z,19271,False,erhe,tksuoran/erhe,git@github.com:tksuoran/erhe.git,866
MDEwOlJlcG9zaXRvcnkzNjM0MTEzMzE=,2021-05-01T13:02:19Z,2026-03-14T08:10:31Z,2026-03-14T08:10:01Z,328,False,Eugen_Systems_exercice,AldaronHub/Eugen_Systems_exercice,git@github.com:AldaronHub/Eugen_Systems_exercice.git,1
MDEwOlJlcG9zaXRvcnkzNjMzMDUwNzk=,2021-05-01T02:22:05Z,2026-03-19T16:45:01Z,2026-03-19T16:44:54Z,1925,False,OMugs,Khorlane/OMugs,git@github.com:Khorlane/OMugs.git,0
MDEwOlJlcG9zaXRvcnkzNjMyOTg2MDA=,2021-05-01T01:31:32Z,2026-03-05T17:39:07Z,2026-03-05T17:39:02Z,7368,False,AlgoViz,amufti12/AlgoViz,git@github.com:amufti12/AlgoViz.git,0
MDEwOlJlcG9zaXRvcnkzNjMyOTU4NTQ=,2021-05-01T01:10:19Z,2026-04-10T04:02:20Z,2026-04-10T04:02:15Z,1225,False,hanan_router,srini229/hanan_router,git@github.com:srini229/hanan_router.git,2
MDEwOlJlcG9zaXRvcnkzNjMyNzQ2MTY=,2021-04-30T22:36:48Z,2026-05-07T06:46:40Z,2026-05-06T15:30:34Z,24401,True,translations,mozilla/translations,git@github.com:mozilla/translations.git,280
MDEwOlJlcG9zaXRvcnkzNjMyMzIzODk=,2021-04-30T18:55:25Z,2026-03-07T17:49:43Z,2026-03-07T17:49:40Z,550498,True,bitcoinanatomy,bitcoinanatomy/bitcoinanatomy,git@github.com:bitcoinanatomy/bitcoinanatomy.git,24
MDEwOlJlcG9zaXRvcnkzNjMxOTAzMTg=,2021-04-30T15:56:24Z,2026-03-04T08:14:34Z,2026-05-04T09:44:16Z,8354,True,plast,gi-bielefeld/plast,git@github.com:gi-bielefeld/plast.git,6
MDEwOlJlcG9zaXRvcnkzNjMxNjg4MDM=,2021-04-30T14:38:37Z,2026-03-27T23:40:40Z,2026-03-27T16:40:34Z,298335,True,kitrt_code,KiT-RT/kitrt_code,git@github.com:KiT-RT/kitrt_code.git,27
MDEwOlJlcG9zaXRvcnkzNjMxNTY3NDk=,2021-04-30T13:55:16Z,2026-04-20T11:59:27Z,2026-04-20T11:59:23Z,308,True,atlas-orca,ecmwf/atlas-orca,git@github.com:ecmwf/atlas-orca.git,3
MDEwOlJlcG9zaXRvcnkzNjMxMjE0Njg=,2021-04-30T11:36:53Z,2026-04-23T12:22:13Z,2026-04-23T12:22:08Z,63,False,s3q,raphinesse/s3q,git@github.com:raphinesse/s3q.git,6
MDEwOlJlcG9zaXRvcnkzNjMwNjM3NjI=,2021-04-30T07:36:34Z,2026-03-13T08:16:23Z,2026-03-13T08:16:20Z,107119,False,gbdc,Udopia/gbdc,git@github.com:Udopia/gbdc.git,1
MDEwOlJlcG9zaXRvcnkzNjMwMzk4MjI=,2021-04-30T05:50:19Z,2026-03-18T18:40:24Z,2026-03-18T18:25:03Z,80,False,DataOrientedSample,vladiant/DataOrientedSample,git@github.com:vladiant/DataOrientedSample.git,0
MDEwOlJlcG9zaXRvcnkzNjMwMzM4NzY=,2021-04-30T05:16:37Z,2026-04-29T15:03:18Z,2026-04-29T15:03:14Z,106,False,oneTally,owaits/oneTally,git@github.com:owaits/oneTally.git,0
MDEwOlJlcG9zaXRvcnkzNjI5NjMxNjc=,2021-04-29T22:30:49Z,2026-03-28T03:50:52Z,2026-03-24T09:08:46Z,217,False,mod-npc-spectator,Gozzim/mod-npc-spectator,git@github.com:Gozzim/mod-npc-spectator.git,12
MDEwOlJlcG9zaXRvcnkzNjI5NDYzNzA=,2021-04-29T21:01:25Z,2026-04-28T14:33:44Z,2026-04-12T03:54:08Z,2621,False,nickname-generator,dasmig/nickname-generator,git@github.com:dasmig/nickname-generator.git,3
MDEwOlJlcG9zaXRvcnkzNjI5NDIyMDM=,2021-04-29T20:41:14Z,2026-05-06T16:13:13Z,2026-05-06T16:13:09Z,1027,True,cassian,intel/cassian,git@github.com:intel/cassian.git,3
MDEwOlJlcG9zaXRvcnkzNjI5MTU0MzQ=,2021-04-29T18:46:16Z,2026-05-06T19:06:41Z,2026-03-28T19:58:30Z,14280,False,NMIST-NeuralNetwork,sakkurax7/NMIST-NeuralNetwork,git@github.com:sakkurax7/NMIST-NeuralNetwork.git,0
MDEwOlJlcG9zaXRvcnkzNjI4NzkxOTc=,2021-04-29T16:24:13Z,2026-04-14T13:23:36Z,2026-04-14T13:23:31Z,319,False,UEInteractSystem,Ji-Rath/UEInteractSystem,git@github.com:Ji-Rath/UEInteractSystem.git,1
MDEwOlJlcG9zaXRvcnkzNjI3OTQxMTQ=,2021-04-29T11:30:14Z,2026-04-09T07:52:30Z,2026-04-02T10:18:30Z,46335,True,motiontag-sdk-ios-releases,MOTIONTAG/motiontag-sdk-ios-releases,git@github.com:MOTIONTAG/motiontag-sdk-ios-releases.git,0
MDEwOlJlcG9zaXRvcnkzNjI3NjU1MjM=,2021-04-29T09:40:18Z,2026-03-06T19:52:28Z,2026-03-06T19:52:24Z,621,False,ER_OLEDM1_CH1115,gavinlyonsrepo/ER_OLEDM1_CH1115,git@github.com:gavinlyonsrepo/ER_OLEDM1_CH1115.git,6
MDEwOlJlcG9zaXRvcnkzNjI3NTkxNjQ=,2021-04-29T09:18:20Z,2026-05-03T04:21:16Z,2026-05-03T04:21:11Z,15098,False,MaksChroms,MaksymilianGlowacki/MaksChroms,git@github.com:MaksymilianGlowacki/MaksChroms.git,0
MDEwOlJlcG9zaXRvcnkzNjI3NDMyMDY=,2021-04-29T08:22:15Z,2026-03-05T11:48:29Z,2026-03-05T11:49:03Z,82,True,Wheelson-Library,CircuitMess/Wheelson-Library,git@github.com:CircuitMess/Wheelson-Library.git,2
MDEwOlJlcG9zaXRvcnkzNjI3MjI1Mjk=,2021-04-29T07:07:00Z,2026-04-29T17:45:12Z,2026-04-29T17:45:09Z,4644,True,rds-20140815,alibabacloud-sdk-cpp/rds-20140815,git@github.com:alibabacloud-sdk-cpp/rds-20140815.git,0
MDEwOlJlcG9zaXRvcnkzNjI3MjEzNzU=,2021-04-29T07:02:50Z,2026-05-07T03:38:33Z,2026-05-07T03:38:29Z,450887,True,opensim-creator,ComputationalBiomechanicsLab/opensim-creator,git@github.com:ComputationalBiomechanicsLab/opensim-creator.git,210
MDEwOlJlcG9zaXRvcnkzNjI3MTY4MDA=,2021-04-29T06:44:14Z,2026-04-28T16:45:11Z,2026-04-28T16:52:55Z,146,False,FSFileTime,yamashita-software-works/FSFileTime,git@github.com:yamashita-software-works/FSFileTime.git,1
MDEwOlJlcG9zaXRvcnkzNjI2NjE2NTY=,2021-04-29T02:07:10Z,2026-05-03T00:52:01Z,2026-05-03T00:51:57Z,5223,True,operating_system-windows_common,ca2/operating_system-windows_common,git@github.com:ca2/operating_system-windows_common.git,1
MDEwOlJlcG9zaXRvcnkzNjI2Mzc3NjE=,2021-04-28T23:56:04Z,2026-05-04T22:12:09Z,2026-05-04T22:12:05Z,1054,False,EpicSandbox,teessider/EpicSandbox,git@github.com:teessider/EpicSandbox.git,2
MDEwOlJlcG9zaXRvcnkzNjI2MTAwNjM=,2021-04-28T21:24:29Z,2026-03-11T13:17:25Z,2026-05-02T00:24:33Z,44979,False,UM2,KyleVaughn/UM2,git@github.com:KyleVaughn/UM2.git,11
MDEwOlJlcG9zaXRvcnkzNjI1NjY4OTM=,2021-04-28T18:19:14Z,2026-05-06T14:27:01Z,2026-05-06T14:18:10Z,27895,False,WebCPP,dpjudas/WebCPP,git@github.com:dpjudas/WebCPP.git,6
MDEwOlJlcG9zaXRvcnkzNjI1NDYwNTU=,2021-04-28T16:59:46Z,2026-04-26T10:22:32Z,2026-04-06T20:58:54Z,63369,False,RcppML,zdebruine/RcppML,git@github.com:zdebruine/RcppML.git,118
MDEwOlJlcG9zaXRvcnkzNjI0ODQ1NzI=,2021-04-28T13:50:41Z,2026-05-06T21:16:25Z,2026-05-07T11:01:17Z,27420,True,mitsuba3,mitsuba-renderer/mitsuba3,git@github.com:mitsuba-renderer/mitsuba3.git,2756
MDEwOlJlcG9zaXRvcnkzNjI0MTk5NTU=,2021-04-28T10:00:03Z,2026-03-17T20:48:30Z,2026-03-17T20:52:49Z,52,False,ChainDB,yakushstanislav/ChainDB,git@github.com:yakushstanislav/ChainDB.git,2
MDEwOlJlcG9zaXRvcnkzNjIzNjI5NzI=,2021-04-28T06:34:08Z,2026-04-20T17:22:24Z,2026-04-20T17:22:19Z,42446,False,DirectShow-BaseClasses,roman380/DirectShow-BaseClasses,git@github.com:roman380/DirectShow-BaseClasses.git,1
MDEwOlJlcG9zaXRvcnkzNjIzMTUwNzY=,2021-04-28T02:36:04Z,2026-04-19T05:48:15Z,2026-04-12T22:45:46Z,25,True,lasso,V-Sekai-archive/lasso,git@github.com:V-Sekai-archive/lasso.git,4
MDEwOlJlcG9zaXRvcnkzNjIyNjU3MDg=,2021-04-27T22:15:47Z,2026-05-05T13:53:55Z,2026-05-05T13:53:51Z,3419227,True,spear,spear-sim/spear,git@github.com:spear-sim/spear.git,383
MDEwOlJlcG9zaXRvcnkzNjIyMDU2Njk=,2021-04-27T18:02:43Z,2026-05-06T21:25:20Z,2026-05-06T21:25:16Z,2935,False,esphome,marcvl64/esphome,git@github.com:marcvl64/esphome.git,0
MDEwOlJlcG9zaXRvcnkzNjIxNzkzMjc=,2021-04-27T16:27:22Z,2026-05-05T06:14:07Z,2026-04-27T22:21:10Z,101658,True,SourceAutoRecord,p2sr/SourceAutoRecord,git@github.com:p2sr/SourceAutoRecord.git,118
MDEwOlJlcG9zaXRvcnkzNjIxNzIxNjg=,2021-04-27T16:02:48Z,2026-04-01T03:12:31Z,2026-04-01T03:12:27Z,78,True,get-cwd-of-process,Axosoft/get-cwd-of-process,git@github.com:Axosoft/get-cwd-of-process.git,1
MDEwOlJlcG9zaXRvcnkzNjIxNTQyODU=,2021-04-27T15:05:29Z,2026-04-28T14:41:20Z,2026-04-28T14:34:55Z,845,False,Daily-Practice,Muses-lbz/Daily-Practice,git@github.com:Muses-lbz/Daily-Practice.git,0
MDEwOlJlcG9zaXRvcnkzNjIxMzE3MzI=,2021-04-27T13:57:57Z,2026-03-13T22:10:20Z,2026-03-13T22:10:16Z,112,False,itch-bist-parser,nixiz/itch-bist-parser,git@github.com:nixiz/itch-bist-parser.git,10
MDEwOlJlcG9zaXRvcnkzNjIxMTc3NjQ=,2021-04-27T13:14:18Z,2026-03-17T08:15:10Z,2026-03-17T08:15:06Z,122,False,SofaBenchmark,alxbilger/SofaBenchmark,git@github.com:alxbilger/SofaBenchmark.git,4
MDEwOlJlcG9zaXRvcnkzNjIwODI4NzE=,2021-04-27T11:10:30Z,2026-04-14T03:10:40Z,2026-04-14T03:10:36Z,6,False,HelloWorld,langlitaosha80/HelloWorld,git@github.com:langlitaosha80/HelloWorld.git,0
MDEwOlJlcG9zaXRvcnkzNjIwNDQ1MDE=,2021-04-27T08:52:04Z,2026-04-24T08:55:20Z,2026-04-24T08:55:16Z,5882,False,CHAITANYA-2002,CHAITANYA-2002/CHAITANYA-2002,git@github.com:CHAITANYA-2002/CHAITANYA-2002.git,0
MDEwOlJlcG9zaXRvcnkzNjE5OTc5ODM=,2021-04-27T05:59:53Z,2026-04-27T09:34:18Z,2026-04-27T09:34:13Z,21063,False,GattAuth,btframework/GattAuth,git@github.com:btframework/GattAuth.git,3
MDEwOlJlcG9zaXRvcnkzNjE5NDg0NTc=,2021-04-27T01:54:00Z,2026-04-21T05:35:14Z,2026-04-21T05:35:05Z,390485,True,webmod,phreeqc-dev/webmod,git@github.com:phreeqc-dev/webmod.git,0
MDEwOlJlcG9zaXRvcnkzNjE5MzcwMDE=,2021-04-27T00:57:14Z,2026-03-08T12:03:47Z,2026-03-08T03:55:44Z,21767,False,Shard,buryang/Shard,git@github.com:buryang/Shard.git,1
MDEwOlJlcG9zaXRvcnkzNjE5MDIwOTQ=,2021-04-26T21:45:14Z,2026-05-03T14:04:44Z,2026-04-30T15:45:30Z,2900,False,Octree,attcs/Octree,git@github.com:attcs/Octree.git,211
MDEwOlJlcG9zaXRvcnkzNjE4OTc1NzA=,2021-04-26T21:23:17Z,2026-05-01T18:56:26Z,2026-05-01T18:56:22Z,47536,True,tlRender,grizzlypeak3d/tlRender,git@github.com:grizzlypeak3d/tlRender.git,231
MDEwOlJlcG9zaXRvcnkzNjE4ODcxNjI=,2021-04-26T20:36:31Z,2026-04-24T11:13:18Z,2026-04-24T11:13:15Z,791984,False,course,zcmaye/course,git@github.com:zcmaye/course.git,21
MDEwOlJlcG9zaXRvcnkzNjE4Nzg1Mzk=,2021-04-26T20:02:24Z,2026-05-04T20:39:03Z,2026-05-04T20:41:20Z,244,False,UnrealDI,druhasu/UnrealDI,git@github.com:druhasu/UnrealDI.git,49
MDEwOlJlcG9zaXRvcnkzNjE3Nzg4NTQ=,2021-04-26T14:23:48Z,2026-04-18T22:47:24Z,2026-04-18T22:47:19Z,374,True,serviceapp,OpenViX/serviceapp,git@github.com:OpenViX/serviceapp.git,1
MDEwOlJlcG9zaXRvcnkzNjE3NzUxODY=,2021-04-26T14:13:00Z,2026-03-24T14:25:11Z,2026-03-24T14:24:56Z,203,True,amc,AmadeusITGroup/amc,git@github.com:AmadeusITGroup/amc.git,39
MDEwOlJlcG9zaXRvcnkzNjE3NTc0NjQ=,2021-04-26T13:19:28Z,2026-05-05T13:05:28Z,2026-05-05T13:05:24Z,7748,False,numerical-collection-cpp,MusicScience37/numerical-collection-cpp,git@github.com:MusicScience37/numerical-collection-cpp.git,0
MDEwOlJlcG9zaXRvcnkzNjE3MzU1NzA=,2021-04-26T12:06:33Z,2026-05-07T07:37:25Z,2026-05-04T14:35:21Z,6604,False,CGraph,ChunelFeng/CGraph,git@github.com:ChunelFeng/CGraph.git,2269
MDEwOlJlcG9zaXRvcnkzNjE2Njg1ODE=,2021-04-26T08:09:08Z,2026-05-07T07:56:54Z,2026-05-06T16:54:44Z,183949,False,AIS-catcher,jvde-github/AIS-catcher,git@github.com:jvde-github/AIS-catcher.git,730
MDEwOlJlcG9zaXRvcnkzNjE2MjUxMzc=,2021-04-26T05:12:30Z,2026-05-02T21:31:14Z,2026-05-02T21:31:11Z,11,False,arduino_matrix_arcade_stacker,Electro707/arduino_matrix_arcade_stacker,git@github.com:Electro707/arduino_matrix_arcade_stacker.git,0
MDEwOlJlcG9zaXRvcnkzNjE2MjA5NjY=,2021-04-26T04:50:27Z,2026-03-15T15:33:41Z,2026-03-15T15:33:37Z,761,False,Personal-Memories,Muses-lbz/Personal-Memories,git@github.com:Muses-lbz/Personal-Memories.git,0
MDEwOlJlcG9zaXRvcnkzNjE1NjQzNzg=,2021-04-25T23:46:24Z,2026-05-05T16:00:58Z,2026-05-02T14:57:54Z,3904,True,LoRaMesher,LoRaMesher/LoRaMesher,git@github.com:LoRaMesher/LoRaMesher.git,259
MDEwOlJlcG9zaXRvcnkzNjE1MzcwODU=,2021-04-25T20:58:36Z,2026-05-02T21:35:23Z,2026-05-02T21:35:19Z,28,False,numeric-traits,davidstone/numeric-traits,git@github.com:davidstone/numeric-traits.git,4
MDEwOlJlcG9zaXRvcnkzNjE1MzE2NjM=,2021-04-25T20:30:34Z,2026-04-04T04:27:47Z,2026-04-04T04:27:36Z,184,False,quest-editor,mr-martian/quest-editor,git@github.com:mr-martian/quest-editor.git,2
MDEwOlJlcG9zaXRvcnkzNjE0OTQ5OTQ=,2021-04-25T17:33:16Z,2026-04-23T21:01:31Z,2026-04-23T21:01:27Z,270,False,Esp32ArduinoWebPult,hacknificent/Esp32ArduinoWebPult,git@github.com:hacknificent/Esp32ArduinoWebPult.git,2
MDEwOlJlcG9zaXRvcnkzNjE0MzA4Mzc=,2021-04-25T13:04:58Z,2026-05-05T15:41:29Z,2026-05-04T22:03:04Z,47746,False,voxelcore,MihailRis/voxelcore,git@github.com:MihailRis/voxelcore.git,1402
MDEwOlJlcG9zaXRvcnkzNjE0MjQ2NzU=,2021-04-25T12:37:46Z,2026-03-31T06:20:08Z,2026-03-31T06:20:04Z,88,False,custom_math,DixelU/custom_math,git@github.com:DixelU/custom_math.git,0
MDEwOlJlcG9zaXRvcnkzNjE0MTMyMDM=,2021-04-25T11:45:35Z,2026-05-02T17:25:55Z,2026-05-04T08:42:30Z,366392,False,atomify,andeplane/atomify,git@github.com:andeplane/atomify.git,74
MDEwOlJlcG9zaXRvcnkzNjE0MTA0MTk=,2021-04-25T11:32:43Z,2026-03-08T11:53:28Z,2026-03-08T12:07:15Z,120,False,go-exprtk,Pramod-Devireddy/go-exprtk,git@github.com:Pramod-Devireddy/go-exprtk.git,45
MDEwOlJlcG9zaXRvcnkzNjEzNTg3MzA=,2021-04-25T07:19:07Z,2026-05-03T10:26:28Z,2026-05-03T10:26:24Z,87966,False,cpp,chanmmn/cpp,git@github.com:chanmmn/cpp.git,1
MDEwOlJlcG9zaXRvcnkzNjEzNTU2NjE=,2021-04-25T07:03:56Z,2026-05-05T07:32:31Z,2026-04-29T02:24:21Z,59475,True,SlopeCraft,SlopeCraft/SlopeCraft,git@github.com:SlopeCraft/SlopeCraft.git,733
MDEwOlJlcG9zaXRvcnkzNjEzNTI4NzY=,2021-04-25T06:49:19Z,2026-05-06T16:12:40Z,2026-05-06T16:11:19Z,9,False,PiCloud,theinfinox/PiCloud,git@github.com:theinfinox/PiCloud.git,0
MDEwOlJlcG9zaXRvcnkzNjEzMjY0Njc=,2021-04-25T03:58:20Z,2026-03-23T13:09:44Z,2026-03-23T13:09:40Z,174,False,DiscoDiag,TERRANZ/DiscoDiag,git@github.com:TERRANZ/DiscoDiag.git,0
MDEwOlJlcG9zaXRvcnkzNjEzMDUwODc=,2021-04-25T01:40:36Z,2026-04-29T18:31:51Z,2026-04-29T18:31:46Z,3406,False,Ancient-Ciphers,Byron-Dowling/Ancient-Ciphers,git@github.com:Byron-Dowling/Ancient-Ciphers.git,1
MDEwOlJlcG9zaXRvcnkzNjEyNTYyOTk=,2021-04-24T20:08:37Z,2026-04-13T18:15:45Z,2026-04-13T18:15:24Z,173,True,score-addon-ndi,ossia/score-addon-ndi,git@github.com:ossia/score-addon-ndi.git,1
MDEwOlJlcG9zaXRvcnkzNjExOTg0NzE=,2021-04-24T15:31:32Z,2026-05-05T17:39:39Z,2026-05-05T17:39:35Z,15,False,memory-utilites,zerrocxste/memory-utilites,git@github.com:zerrocxste/memory-utilites.git,1
MDEwOlJlcG9zaXRvcnkzNjExNjkzNTg=,2021-04-24T13:30:09Z,2026-03-03T03:00:25Z,2026-03-03T03:00:21Z,20475,False,Arduino-Projects,abhilashjohn64/Arduino-Projects,git@github.com:abhilashjohn64/Arduino-Projects.git,0
MDEwOlJlcG9zaXRvcnkzNjExNTUyNzQ=,2021-04-24T12:23:48Z,2026-04-15T03:49:48Z,2026-04-14T02:22:51Z,79,False,vkpeak,nihui/vkpeak,git@github.com:nihui/vkpeak.git,169
MDEwOlJlcG9zaXRvcnkzNjExMzA3OTg=,2021-04-24T10:18:32Z,2026-05-06T08:29:24Z,2026-03-21T01:23:42Z,7134,False,RPi_Pico_WAV_Player,elehobica/RPi_Pico_WAV_Player,git@github.com:elehobica/RPi_Pico_WAV_Player.git,211
MDEwOlJlcG9zaXRvcnkzNjExMDM3Mjg=,2021-04-24T07:55:24Z,2026-04-10T11:10:41Z,2026-04-10T11:22:22Z,31178,False,maze_first,alecss131/maze_first,git@github.com:alecss131/maze_first.git,1
MDEwOlJlcG9zaXRvcnkzNjExMDIzMjI=,2021-04-24T07:48:01Z,2026-04-26T17:10:49Z,2026-04-26T17:10:45Z,409,False,CP_practice,approjecthub/CP_practice,git@github.com:approjecthub/CP_practice.git,0
MDEwOlJlcG9zaXRvcnkzNjEwOTI5NTY=,2021-04-24T06:56:48Z,2026-04-27T03:24:08Z,2026-04-27T03:24:03Z,695,False,mk61ext,l3chat/mk61ext,git@github.com:l3chat/mk61ext.git,0
MDEwOlJlcG9zaXRvcnkzNjEwNjg5MjE=,2021-04-24T04:23:13Z,2026-05-03T19:51:00Z,2026-03-23T19:35:54Z,820,False,ESP_8_BIT_composite,Roger-random/ESP_8_BIT_composite,git@github.com:Roger-random/ESP_8_BIT_composite.git,153
MDEwOlJlcG9zaXRvcnkzNjEwNjMyOTE=,2021-04-24T03:42:53Z,2026-05-02T02:41:08Z,2026-05-02T02:41:04Z,1821,False,algorithms,gtprgman/algorithms,git@github.com:gtprgman/algorithms.git,0
MDEwOlJlcG9zaXRvcnkzNjEwMDU4Mjg=,2021-04-23T21:07:24Z,2026-05-02T11:32:14Z,2026-05-02T11:32:11Z,2,False,arduino_bluetooth_car,iironfelixx/arduino_bluetooth_car,git@github.com:iironfelixx/arduino_bluetooth_car.git,0
MDEwOlJlcG9zaXRvcnkzNjEwMDAxNDM=,2021-04-23T20:37:47Z,2026-03-17T20:37:38Z,2026-03-17T20:37:33Z,75655,False,HEAT_GUN,AnatolyNevzoroff/HEAT_GUN,git@github.com:AnatolyNevzoroff/HEAT_GUN.git,4
MDEwOlJlcG9zaXRvcnkzNjA5ODYwOTM=,2021-04-23T19:28:28Z,2026-04-24T12:51:35Z,2026-04-24T12:51:31Z,687,True,android_hardware_xiaomi,random-aosp-stuff/android_hardware_xiaomi,git@github.com:random-aosp-stuff/android_hardware_xiaomi.git,2
MDEwOlJlcG9zaXRvcnkzNjA5NjE0MTY=,2021-04-23T17:38:17Z,2026-05-04T02:12:54Z,2026-04-23T18:04:49Z,165,True,topic_tools,ros-tooling/topic_tools,git@github.com:ros-tooling/topic_tools.git,132
MDEwOlJlcG9zaXRvcnkzNjA5NDg5MzM=,2021-04-23T16:46:03Z,2026-04-28T15:42:49Z,2026-04-28T15:40:30Z,9313,False,geo3d,fredcst/geo3d,git@github.com:fredcst/geo3d.git,0
MDEwOlJlcG9zaXRvcnkzNjA4ODYxODI=,2021-04-23T13:03:12Z,2026-03-16T10:12:21Z,2026-03-16T10:12:18Z,25896,True,cepgen,cepgen/cepgen,git@github.com:cepgen/cepgen.git,6
MDEwOlJlcG9zaXRvcnkzNjA4NTg4NDc=,2021-04-23T11:18:19Z,2026-05-06T16:28:46Z,2026-05-06T16:28:39Z,219,False,Kernel,NudelErde/Kernel,git@github.com:NudelErde/Kernel.git,0
MDEwOlJlcG9zaXRvcnkzNjA4MTc1Njg=,2021-04-23T08:36:10Z,2026-03-02T15:59:47Z,2026-03-02T10:42:37Z,279,True,librpiplc,Industrial-Shields/librpiplc,git@github.com:Industrial-Shields/librpiplc.git,7
MDEwOlJlcG9zaXRvcnkzNjA4MDQyMDI=,2021-04-23T07:44:57Z,2026-03-02T04:12:40Z,2026-03-02T04:12:35Z,23722,False,homepage-source,wks/homepage-source,git@github.com:wks/homepage-source.git,0
MDEwOlJlcG9zaXRvcnkzNjA3OTUyNTU=,2021-04-23T07:09:09Z,2026-05-05T14:58:42Z,2026-05-05T14:57:39Z,4023,True,ksystemstats,KDE/ksystemstats,git@github.com:KDE/ksystemstats.git,6
MDEwOlJlcG9zaXRvcnkzNjA3NjM5NjE=,2021-04-23T04:37:43Z,2026-04-29T04:19:03Z,2026-04-29T04:15:55Z,56,False,yolo_sort,xiaohaiyo/yolo_sort,git@github.com:xiaohaiyo/yolo_sort.git,0
MDEwOlJlcG9zaXRvcnkzNjA3NDIxOTA=,2021-04-23T02:37:57Z,2026-04-25T09:48:32Z,2026-04-25T09:48:28Z,158208,False,QimenWiki,qimenlang/QimenWiki,git@github.com:qimenlang/QimenWiki.git,0
MDEwOlJlcG9zaXRvcnkzNjA3MjYyNzY=,2021-04-23T01:18:08Z,2026-04-22T11:04:06Z,2026-04-22T11:04:03Z,3313,False,Leetcode-questions,manojborugadda/Leetcode-questions,git@github.com:manojborugadda/Leetcode-questions.git,1
MDEwOlJlcG9zaXRvcnkzNjA3MDkxMDU=,2021-04-22T23:37:10Z,2026-03-13T00:25:52Z,2026-03-13T00:25:47Z,6,False,SEF,Apokharel8611/SEF,git@github.com:Apokharel8611/SEF.git,0
MDEwOlJlcG9zaXRvcnkzNjA2OTQzNDQ=,2021-04-22T22:11:01Z,2026-03-26T17:55:42Z,2026-04-26T10:23:55Z,900,True,mattak,RNO-G/mattak,git@github.com:RNO-G/mattak.git,2
MDEwOlJlcG9zaXRvcnkzNjA2NTU1MjA=,2021-04-22T19:11:07Z,2026-04-27T03:35:32Z,2026-04-30T22:10:35Z,31359,True,DEM-Engine,projectchrono/DEM-Engine,git@github.com:projectchrono/DEM-Engine.git,112
MDEwOlJlcG9zaXRvcnkzNjA1ODA5MTE=,2021-04-22T16:14:55Z,2026-04-10T19:34:35Z,2026-04-10T19:34:24Z,872869,False,openCV,2464326176/openCV,git@github.com:2464326176/openCV.git,1
MDEwOlJlcG9zaXRvcnkzNjA1NjM3Mjc=,2021-04-22T15:17:55Z,2026-04-07T16:32:22Z,2026-04-07T16:32:16Z,8896,False,zads,martin-brablik/zads,git@github.com:martin-brablik/zads.git,0
MDEwOlJlcG9zaXRvcnkzNjA1NDM5MTY=,2021-04-22T14:15:34Z,2026-04-17T13:28:22Z,2026-04-19T00:56:38Z,84852,False,MPM-Geomechanics,fabricix/MPM-Geomechanics,git@github.com:fabricix/MPM-Geomechanics.git,34
MDEwOlJlcG9zaXRvcnkzNjA1MTIzNzI=,2021-04-22T12:32:21Z,2026-05-01T01:30:56Z,2026-05-01T01:30:52Z,19,True,amd-ipmi-oem,AMDESE/amd-ipmi-oem,git@github.com:AMDESE/amd-ipmi-oem.git,1
MDEwOlJlcG9zaXRvcnkzNjA0OTE2MDE=,2021-04-22T11:15:31Z,2026-03-16T00:45:50Z,2026-03-13T11:56:20Z,677,True,rokit_ros_bridge,boschglobal/rokit_ros_bridge,git@github.com:boschglobal/rokit_ros_bridge.git,9
MDEwOlJlcG9zaXRvcnkzNjA0NDQ3Mzk=,2021-04-22T08:21:18Z,2026-05-07T09:11:12Z,2026-05-07T09:11:10Z,48331,True,yggdrasil-decision-forests,google/yggdrasil-decision-forests,git@github.com:google/yggdrasil-decision-forests.git,655
MDEwOlJlcG9zaXRvcnkzNjAzOTQ0MjY=,2021-04-22T04:45:29Z,2026-03-13T21:34:20Z,2026-03-13T21:34:12Z,128687,False,Expandable-Article,rrvt/Expandable-Article,git@github.com:rrvt/Expandable-Article.git,0
MDEwOlJlcG9zaXRvcnkzNjAzNjkyNjc=,2021-04-22T02:32:54Z,2026-05-07T05:53:17Z,2026-05-07T05:52:40Z,88580,True,Conquer-Space,Conquer-Space/Conquer-Space,git@github.com:Conquer-Space/Conquer-Space.git,32
MDEwOlJlcG9zaXRvcnkzNjAzMzg4NTU=,2021-04-21T23:54:02Z,2026-04-09T17:42:50Z,2026-04-09T17:40:04Z,19,False,Homework,AveryLanning/Homework,git@github.com:AveryLanning/Homework.git,0
MDEwOlJlcG9zaXRvcnkzNjAzMjc2MzE=,2021-04-21T22:54:41Z,2026-04-29T01:23:00Z,2026-04-29T01:22:56Z,2445,False,ATtiny84,dndubins/ATtiny84,git@github.com:dndubins/ATtiny84.git,2
MDEwOlJlcG9zaXRvcnkzNjAyOTMxMDg=,2021-04-21T20:08:44Z,2026-04-15T20:31:10Z,2026-04-15T20:31:05Z,59,False,idiosyncratic_markdown,nikola-vukicevic/idiosyncratic_markdown,git@github.com:nikola-vukicevic/idiosyncratic_markdown.git,0
MDEwOlJlcG9zaXRvcnkzNjAyOTIxMTU=,2021-04-21T20:04:24Z,2026-04-07T10:34:19Z,2026-04-07T10:34:08Z,94151,False,Automotive_AI_Challenge,murarin/Automotive_AI_Challenge,git@github.com:murarin/Automotive_AI_Challenge.git,0
MDEwOlJlcG9zaXRvcnkzNjAyNDkyMjk=,2021-04-21T17:15:08Z,2026-04-22T17:35:41Z,2026-05-06T18:55:57Z,5177,True,ot3-firmware,Opentrons/ot3-firmware,git@github.com:Opentrons/ot3-firmware.git,20
MDEwOlJlcG9zaXRvcnkzNjAyMzE2MjY=,2021-04-21T16:10:53Z,2026-04-23T11:39:07Z,2026-04-23T11:39:02Z,96,True,ITKGrowCut,InsightSoftwareConsortium/ITKGrowCut,git@github.com:InsightSoftwareConsortium/ITKGrowCut.git,16
MDEwOlJlcG9zaXRvcnkzNjAyMDc0NzM=,2021-04-21T14:50:59Z,2026-03-08T09:04:21Z,2026-03-08T09:04:18Z,61,False,ChetchUtils-Library-Arduino,billchetch/ChetchUtils-Library-Arduino,git@github.com:billchetch/ChetchUtils-Library-Arduino.git,0
MDEwOlJlcG9zaXRvcnkzNjAyMDY4NTY=,2021-04-21T14:49:01Z,2026-04-09T15:47:47Z,2026-04-09T15:47:11Z,151,False,ChetchMessaging-Library-Arduino,billchetch/ChetchMessaging-Library-Arduino,git@github.com:billchetch/ChetchMessaging-Library-Arduino.git,0
MDEwOlJlcG9zaXRvcnkzNjAxMTg1OTY=,2021-04-21T09:58:00Z,2026-03-16T23:59:40Z,2026-03-16T23:59:37Z,5419,False,bologs,victor0459/bologs,git@github.com:victor0459/bologs.git,0
MDEwOlJlcG9zaXRvcnkzNjAwOTE4MzE=,2021-04-21T08:35:20Z,2026-05-06T09:15:23Z,2026-05-06T09:15:23Z,4616,False,pthash,jermp/pthash,git@github.com:jermp/pthash.git,257
MDEwOlJlcG9zaXRvcnkzNjAwNDAwODQ=,2021-04-21T05:14:28Z,2026-04-10T19:50:26Z,2026-05-07T05:12:19Z,52341,True,entity,entity-toolkit/entity,git@github.com:entity-toolkit/entity.git,55
MDEwOlJlcG9zaXRvcnkzNTk5ODAzMjE=,2021-04-20T23:49:26Z,2026-04-22T15:22:16Z,2026-04-22T15:22:11Z,94,False,pprzlinkQt,Fabien-B/pprzlinkQt,git@github.com:Fabien-B/pprzlinkQt.git,0
MDEwOlJlcG9zaXRvcnkzNTk5NjQxMzI=,2021-04-20T22:14:16Z,2026-04-28T07:48:23Z,2026-04-28T07:48:16Z,12798,False,tritonic,olibartfast/tritonic,git@github.com:olibartfast/tritonic.git,30
MDEwOlJlcG9zaXRvcnkzNTk5NDg2MzY=,2021-04-20T20:55:17Z,2026-05-04T15:18:33Z,2026-05-04T15:18:21Z,1700,False,BabelWires-Music,Malcohol/BabelWires-Music,git@github.com:Malcohol/BabelWires-Music.git,2
MDEwOlJlcG9zaXRvcnkzNTk5MjEwOTA=,2021-04-20T18:55:40Z,2026-04-27T12:18:54Z,2026-04-27T12:18:01Z,918,False,Simplex-Solver,renatamendesc/Simplex-Solver,git@github.com:renatamendesc/Simplex-Solver.git,2
MDEwOlJlcG9zaXRvcnkzNTk5MTkyMDE=,2021-04-20T18:48:09Z,2026-05-03T22:15:00Z,2026-05-06T23:06:14Z,15312,False,TWWHD-Randomizer,SuperDude88/TWWHD-Randomizer,git@github.com:SuperDude88/TWWHD-Randomizer.git,69
MDEwOlJlcG9zaXRvcnkzNTk5MTQ0NjI=,2021-04-20T18:29:41Z,2026-03-03T15:37:29Z,2026-03-03T15:33:53Z,598,False,cross-platform-window,imadr/cross-platform-window,git@github.com:imadr/cross-platform-window.git,2
MDEwOlJlcG9zaXRvcnkzNTk5MTM5NDc=,2021-04-20T18:27:40Z,2026-05-05T21:59:00Z,2026-04-17T13:00:58Z,1558,False,esphome_aux_ac_component,GrKoR/esphome_aux_ac_component,git@github.com:GrKoR/esphome_aux_ac_component.git,314
MDEwOlJlcG9zaXRvcnkzNTk4NDg1MjA=,2021-04-20T14:39:10Z,2026-04-19T13:34:56Z,2026-04-19T13:34:53Z,1166,False,GitCoder,yutarchery/GitCoder,git@github.com:yutarchery/GitCoder.git,0
MDEwOlJlcG9zaXRvcnkzNTk3NzE0MjI=,2021-04-20T10:15:44Z,2026-05-07T07:12:33Z,2026-05-07T07:12:29Z,637697,True,Qt-5.11.3,BlokasLabs/Qt-5.11.3,git@github.com:BlokasLabs/Qt-5.11.3.git,6
MDEwOlJlcG9zaXRvcnkzNTk3Mjk0OTg=,2021-04-20T07:49:37Z,2026-04-14T12:13:24Z,2026-04-14T12:13:19Z,4433,True,blinkcard-react-native,microblink/blinkcard-react-native,git@github.com:microblink/blinkcard-react-native.git,1
MDEwOlJlcG9zaXRvcnkzNTk2MjI1NTE=,2021-04-19T23:10:34Z,2026-05-04T11:43:03Z,2026-05-04T11:43:00Z,5983,True,tlapack,tlapack/tlapack,git@github.com:tlapack/tlapack.git,53
MDEwOlJlcG9zaXRvcnkzNTk2MjAxOTc=,2021-04-19T22:57:22Z,2026-04-29T01:23:23Z,2026-04-29T01:23:19Z,3889,False,ATtiny85,dndubins/ATtiny85,git@github.com:dndubins/ATtiny85.git,1
MDEwOlJlcG9zaXRvcnkzNTk2MjAwMTA=,2021-04-19T22:56:14Z,2026-04-27T20:25:30Z,2026-04-12T01:34:23Z,92153,False,h2-mod,alicealys/h2-mod,git@github.com:alicealys/h2-mod.git,257
MDEwOlJlcG9zaXRvcnkzNTk2MTM0MDY=,2021-04-19T22:20:13Z,2026-03-03T17:43:00Z,2026-03-03T17:42:55Z,1006,True,icsnpp-ethercat,cisagov/icsnpp-ethercat,git@github.com:cisagov/icsnpp-ethercat.git,18
MDEwOlJlcG9zaXRvcnkzNTk1ODYyODk=,2021-04-19T20:15:19Z,2026-03-03T11:27:21Z,2026-03-03T11:27:17Z,3708,False,UTGS,sadhbh-c0d3/UTGS,git@github.com:sadhbh-c0d3/UTGS.git,6
MDEwOlJlcG9zaXRvcnkzNTk1MzM2NDE=,2021-04-19T16:54:07Z,2026-04-27T10:34:09Z,2026-04-27T10:34:02Z,981498,False,scribus-svn,mjg/scribus-svn,git@github.com:mjg/scribus-svn.git,0
MDEwOlJlcG9zaXRvcnkzNTk1MzIyNTI=,2021-04-19T16:48:55Z,2026-05-06T04:21:51Z,2026-05-06T04:21:47Z,2827719,False,LittleLights,josue27/LittleLights,git@github.com:josue27/LittleLights.git,0
MDEwOlJlcG9zaXRvcnkzNTk0NjE4MDg=,2021-04-19T13:03:23Z,2026-04-28T12:33:09Z,2026-03-20T08:44:44Z,63668,False,MHI-AC-Ctrl-ESPHome,ginkage/MHI-AC-Ctrl-ESPHome,git@github.com:ginkage/MHI-AC-Ctrl-ESPHome.git,202
MDEwOlJlcG9zaXRvcnkzNTk0NDc5NjU=,2021-04-19T12:16:37Z,2026-03-31T11:41:03Z,2026-04-17T06:14:18Z,1236,True,dynawo-algorithms,dynawo/dynawo-algorithms,git@github.com:dynawo/dynawo-algorithms.git,4
MDEwOlJlcG9zaXRvcnkzNTk0MDczMjQ=,2021-04-19T09:47:42Z,2026-04-25T02:42:15Z,2026-04-25T02:42:10Z,5153,False,BallanceMMO,Swung0x48/BallanceMMO,git@github.com:Swung0x48/BallanceMMO.git,26
MDEwOlJlcG9zaXRvcnkzNTkzOTU4ODY=,2021-04-19T09:08:19Z,2026-04-27T17:44:50Z,2026-05-04T16:29:38Z,2640516,True,gecko-dev,sailfishos/gecko-dev,git@github.com:sailfishos/gecko-dev.git,11
MDEwOlJlcG9zaXRvcnkzNTkzOTMwMjY=,2021-04-19T08:59:20Z,2026-03-06T15:10:56Z,2026-03-06T15:10:52Z,206,False,cpp_sandbox,fantasialin/cpp_sandbox,git@github.com:fantasialin/cpp_sandbox.git,1
MDEwOlJlcG9zaXRvcnkzNTkzNTU4MTk=,2021-04-19T06:42:59Z,2026-03-19T19:38:36Z,2026-03-19T19:38:27Z,143614,False,MvMp3,rrvt/MvMp3,git@github.com:rrvt/MvMp3.git,0
MDEwOlJlcG9zaXRvcnkzNTkyODM2NzA=,2021-04-19T00:33:22Z,2026-04-30T10:57:56Z,2026-04-30T10:58:23Z,787,True,voicecall,sailfishos/voicecall,git@github.com:sailfishos/voicecall.git,1
MDEwOlJlcG9zaXRvcnkzNTkyNzQ5Njk=,2021-04-18T23:32:38Z,2026-03-01T23:38:48Z,2026-03-01T23:38:44Z,585,False,hubert,MarcelInTO/hubert,git@github.com:MarcelInTO/hubert.git,0
MDEwOlJlcG9zaXRvcnkzNTkyNTc0NzE=,2021-04-18T21:34:58Z,2026-04-08T13:52:47Z,2026-04-08T13:52:43Z,2828,False,QT_Avioni,beslagicadin/QT_Avioni,git@github.com:beslagicadin/QT_Avioni.git,0
MDEwOlJlcG9zaXRvcnkzNTkyNDQ3OTg=,2021-04-18T20:21:51Z,2026-04-08T13:52:55Z,2026-04-08T13:52:36Z,611,False,StoreMgmtApp,beslagicadin/StoreMgmtApp,git@github.com:beslagicadin/StoreMgmtApp.git,0
MDEwOlJlcG9zaXRvcnkzNTkxOTYzMjI=,2021-04-18T16:26:29Z,2026-04-04T12:02:08Z,2026-04-04T12:01:56Z,127584,True,android_frameworks_native,random-aosp-stuff/android_frameworks_native,git@github.com:random-aosp-stuff/android_frameworks_native.git,0
MDEwOlJlcG9zaXRvcnkzNTkxNzIzNzg=,2021-04-18T14:53:36Z,2026-05-07T09:19:03Z,2026-05-07T09:19:54Z,39535,False,gaia-ecs,richardbiely/gaia-ecs,git@github.com:richardbiely/gaia-ecs.git,126
MDEwOlJlcG9zaXRvcnkzNTkxNTM1MzM=,2021-04-18T13:39:52Z,2026-04-18T11:12:40Z,2026-03-23T10:20:57Z,275,False,dsmr,zuidwijk/dsmr,git@github.com:zuidwijk/dsmr.git,213
MDEwOlJlcG9zaXRvcnkzNTkxMzA1MzE=,2021-04-18T11:56:54Z,2026-04-14T07:55:21Z,2026-04-14T07:56:37Z,732,True,ssu,sailfishos/ssu,git@github.com:sailfishos/ssu.git,2
MDEwOlJlcG9zaXRvcnkzNTkwOTUyMTY=,2021-04-18T09:10:12Z,2026-03-22T12:59:44Z,2026-03-22T12:59:46Z,8015,False,SL_Learning,robinsoi96/SL_Learning,git@github.com:robinsoi96/SL_Learning.git,0
MDEwOlJlcG9zaXRvcnkzNTkwODU2NjM=,2021-04-18T08:23:06Z,2026-04-14T17:11:51Z,2026-04-14T17:11:47Z,104,False,wav-to-c,Hypnotriod/wav-to-c,git@github.com:Hypnotriod/wav-to-c.git,1
MDEwOlJlcG9zaXRvcnkzNTkwMzUzMTg=,2021-04-18T03:33:21Z,2026-04-13T07:23:36Z,2026-04-13T07:24:35Z,5895,True,qtwayland,sailfishos/qtwayland,git@github.com:sailfishos/qtwayland.git,0
MDEwOlJlcG9zaXRvcnkzNTkwMDAxMzQ=,2021-04-17T23:05:59Z,2026-05-02T23:28:51Z,2026-05-02T23:28:46Z,240,False,amplifier-remote-control,nkostop/amplifier-remote-control,git@github.com:nkostop/amplifier-remote-control.git,0
MDEwOlJlcG9zaXRvcnkzNTg5OTE2OTk=,2021-04-17T22:05:00Z,2026-03-21T06:50:58Z,2026-03-07T19:51:55Z,1280,False,alphazero-pybind11,bhansconnect/alphazero-pybind11,git@github.com:bhansconnect/alphazero-pybind11.git,19
MDEwOlJlcG9zaXRvcnkzNTg5ODQxOTQ=,2021-04-17T21:17:25Z,2026-04-23T13:51:54Z,2026-04-30T21:06:56Z,1293,True,qtmozembed,sailfishos/qtmozembed,git@github.com:sailfishos/qtmozembed.git,6
MDEwOlJlcG9zaXRvcnkzNTg5ODI3ODI=,2021-04-17T21:09:11Z,2026-04-15T12:50:47Z,2026-04-15T12:51:17Z,31,True,qt-mobility-haptics-ffmemless,sailfishos/qt-mobility-haptics-ffmemless,git@github.com:sailfishos/qt-mobility-haptics-ffmemless.git,0
MDEwOlJlcG9zaXRvcnkzNTg5NzA0ODU=,2021-04-17T19:57:48Z,2026-04-15T19:32:08Z,2026-04-15T19:32:03Z,907,False,Leetcode_Solutions,SaMs-Hub/Leetcode_Solutions,git@github.com:SaMs-Hub/Leetcode_Solutions.git,8
MDEwOlJlcG9zaXRvcnkzNTg5NjAyMzI=,2021-04-17T19:02:37Z,2026-04-15T11:55:42Z,2026-04-15T11:56:40Z,543,True,qtfeedback,sailfishos/qtfeedback,git@github.com:sailfishos/qtfeedback.git,0
MDEwOlJlcG9zaXRvcnkzNTg5NTkyMzk=,2021-04-17T18:57:23Z,2026-03-06T14:30:03Z,2026-03-06T14:29:59Z,4602,False,speech_input_server,rshorton/speech_input_server,git@github.com:rshorton/speech_input_server.git,0
MDEwOlJlcG9zaXRvcnkzNTg5NDQwOTQ=,2021-04-17T17:41:10Z,2026-04-30T13:08:44Z,2026-03-23T23:31:32Z,610,False,melatonin_inspector,sudara/melatonin_inspector,git@github.com:sudara/melatonin_inspector.git,266
MDEwOlJlcG9zaXRvcnkzNTg5MjE2NTg=,2021-04-17T15:59:02Z,2026-05-06T20:35:15Z,2026-05-06T20:35:10Z,2382,False,elsabot_bt,rshorton/elsabot_bt,git@github.com:rshorton/elsabot_bt.git,0
MDEwOlJlcG9zaXRvcnkzNTg5MDkyOTc=,2021-04-17T15:07:12Z,2026-04-29T06:42:45Z,2026-04-29T06:44:52Z,2800,True,qtcontacts-sqlite,sailfishos/qtcontacts-sqlite,git@github.com:sailfishos/qtcontacts-sqlite.git,2
MDEwOlJlcG9zaXRvcnkzNTg4ODU5MjI=,2021-04-17T13:27:46Z,2026-05-06T06:19:51Z,2026-05-06T06:19:47Z,6717,False,Aidyn,blackgamma7/Aidyn,git@github.com:blackgamma7/Aidyn.git,37
MDEwOlJlcG9zaXRvcnkzNTg3Nzg1ODI=,2021-04-17T03:49:44Z,2026-05-03T14:45:02Z,2026-05-04T13:26:00Z,6327,True,athelas,athelas-astro/athelas,git@github.com:athelas-astro/athelas.git,7
MDEwOlJlcG9zaXRvcnkzNTg3MjY3MDM=,2021-04-16T21:45:31Z,2026-04-10T02:10:57Z,2026-04-10T02:10:53Z,1199,True,mauikit-texteditor,KDE/mauikit-texteditor,git@github.com:KDE/mauikit-texteditor.git,5
MDEwOlJlcG9zaXRvcnkzNTg2OTUwNjI=,2021-04-16T19:05:34Z,2026-03-20T09:49:55Z,2026-03-20T12:43:42Z,64,True,nemo-qml-plugin-time,sailfishos/nemo-qml-plugin-time,git@github.com:sailfishos/nemo-qml-plugin-time.git,0
MDEwOlJlcG9zaXRvcnkzNTg2ODk3MTU=,2021-04-16T18:40:52Z,2026-05-05T19:07:16Z,2026-05-05T19:07:07Z,6689,False,pv-router-esp32,xlyric/pv-router-esp32,git@github.com:xlyric/pv-router-esp32.git,45
MDEwOlJlcG9zaXRvcnkzNTg2ODg0NjE=,2021-04-16T18:35:04Z,2026-04-30T06:05:08Z,2026-04-30T06:05:35Z,132,True,nemo-qml-plugin-thumbnailer,sailfishos/nemo-qml-plugin-thumbnailer,git@github.com:sailfishos/nemo-qml-plugin-thumbnailer.git,1
MDEwOlJlcG9zaXRvcnkzNTg2Nzg5Nzc=,2021-04-16T17:53:10Z,2026-05-04T15:18:34Z,2026-04-21T11:57:48Z,20046,True,tiny-cuda-nn,NVlabs/tiny-cuda-nn,git@github.com:NVlabs/tiny-cuda-nn.git,4473
MDEwOlJlcG9zaXRvcnkzNTg2NTU2ODA=,2021-04-16T16:16:31Z,2026-04-30T10:55:59Z,2026-04-30T10:56:33Z,803,True,nemo-qml-plugin-systemsettings,sailfishos/nemo-qml-plugin-systemsettings,git@github.com:sailfishos/nemo-qml-plugin-systemsettings.git,1
MDEwOlJlcG9zaXRvcnkzNTg2NDg1ODY=,2021-04-16T15:49:35Z,2026-04-17T12:09:35Z,2026-03-29T16:07:30Z,691,False,alog,ihor-drachuk/alog,git@github.com:ihor-drachuk/alog.git,3
MDEwOlJlcG9zaXRvcnkzNTg2NDI2NjI=,2021-04-16T15:27:37Z,2026-03-29T14:53:57Z,2026-04-02T17:32:35Z,536,False,utils-qt,ihor-drachuk/utils-qt,git@github.com:ihor-drachuk/utils-qt.git,2
MDEwOlJlcG9zaXRvcnkzNTg2NDE1Nzc=,2021-04-16T15:23:36Z,2026-04-30T06:20:19Z,2026-04-30T06:24:03Z,210,True,nemo-qml-plugin-notifications,sailfishos/nemo-qml-plugin-notifications,git@github.com:sailfishos/nemo-qml-plugin-notifications.git,0
MDEwOlJlcG9zaXRvcnkzNTg2Mzg0NjM=,2021-04-16T15:12:52Z,2026-05-04T07:43:27Z,2026-05-04T07:43:23Z,1237136,False,Project-Valkyrie,RoyBerntsenDesign/Project-Valkyrie,git@github.com:RoyBerntsenDesign/Project-Valkyrie.git,158
MDEwOlJlcG9zaXRvcnkzNTg2MzMxMjc=,2021-04-16T14:54:03Z,2026-04-28T06:14:43Z,2026-04-28T06:18:06Z,95,True,nemo-qml-plugin-messages,sailfishos/nemo-qml-plugin-messages,git@github.com:sailfishos/nemo-qml-plugin-messages.git,0
MDEwOlJlcG9zaXRvcnkzNTg2MjU1NTQ=,2021-04-16T14:27:51Z,2026-04-13T12:29:15Z,2026-04-13T12:29:10Z,175,True,nemo-qml-plugin-filemanager,sailfishos/nemo-qml-plugin-filemanager,git@github.com:sailfishos/nemo-qml-plugin-filemanager.git,1
MDEwOlJlcG9zaXRvcnkzNTg1OTY1MDg=,2021-04-16T12:45:15Z,2026-05-07T07:39:47Z,2026-05-07T07:40:15Z,778,True,nemo-qml-plugin-email,sailfishos/nemo-qml-plugin-email,git@github.com:sailfishos/nemo-qml-plugin-email.git,0
MDEwOlJlcG9zaXRvcnkzNTg1ODEyMTc=,2021-04-16T11:46:19Z,2026-04-28T13:47:32Z,2026-04-28T13:46:17Z,410,True,nemo-qml-plugin-devicelock,sailfishos/nemo-qml-plugin-devicelock,git@github.com:sailfishos/nemo-qml-plugin-devicelock.git,0
MDEwOlJlcG9zaXRvcnkzNTg1NTcwNDA=,2021-04-16T10:09:22Z,2026-03-31T11:33:21Z,2026-03-31T11:33:16Z,519,False,mqtt-home-data,raspberrycoulis/mqtt-home-data,git@github.com:raspberrycoulis/mqtt-home-data.git,8
MDEwOlJlcG9zaXRvcnkzNTg1NDYxNjU=,2021-04-16T09:29:16Z,2026-04-16T06:29:08Z,2026-04-16T06:29:34Z,1176,True,nemo-qml-plugin-contacts,sailfishos/nemo-qml-plugin-contacts,git@github.com:sailfishos/nemo-qml-plugin-contacts.git,1
MDEwOlJlcG9zaXRvcnkzNTg1NDA3Njg=,2021-04-16T09:09:38Z,2026-03-13T12:33:12Z,2026-03-13T12:33:28Z,119,True,nemo-qml-plugin-connectivity,sailfishos/nemo-qml-plugin-connectivity,git@github.com:sailfishos/nemo-qml-plugin-connectivity.git,0
MDEwOlJlcG9zaXRvcnkzNTg1MzUzMjQ=,2021-04-16T08:49:23Z,2026-04-02T07:36:32Z,2026-04-02T07:36:27Z,270,False,sean1919,sean1919/sean1919,git@github.com:sean1919/sean1919.git,0
MDEwOlJlcG9zaXRvcnkzNTg1MTgyODc=,2021-04-16T07:46:51Z,2026-03-18T06:48:54Z,2026-03-18T06:49:15Z,726,True,nemo-qml-plugin-calendar,sailfishos/nemo-qml-plugin-calendar,git@github.com:sailfishos/nemo-qml-plugin-calendar.git,0
MDEwOlJlcG9zaXRvcnkzNTg0OTY3OTE=,2021-04-16T06:20:50Z,2026-05-03T04:55:39Z,2026-04-10T08:57:44Z,4208,True,SCALib,simple-crypto/SCALib,git@github.com:simple-crypto/SCALib.git,112
MDEwOlJlcG9zaXRvcnkzNTg0NjQ5MTQ=,2021-04-16T03:32:01Z,2026-03-18T06:59:34Z,2026-03-19T11:54:30Z,1572,True,mkcal,sailfishos/mkcal,git@github.com:sailfishos/mkcal.git,2
MDEwOlJlcG9zaXRvcnkzNTgzNjg4NjA=,2021-04-15T19:22:06Z,2026-05-03T01:52:41Z,2026-05-03T01:52:38Z,4049,True,mauikit-filebrowsing,KDE/mauikit-filebrowsing,git@github.com:KDE/mauikit-filebrowsing.git,4
MDEwOlJlcG9zaXRvcnkzNTgzNDg4MjU=,2021-04-15T18:00:43Z,2026-03-28T19:33:49Z,2026-03-28T19:33:40Z,195,False,utils-cpp,ihor-drachuk/utils-cpp,git@github.com:ihor-drachuk/utils-cpp.git,3
MDEwOlJlcG9zaXRvcnkzNTgzMzY2Mzk=,2021-04-15T17:14:46Z,2026-03-17T13:16:59Z,2026-03-17T13:18:36Z,268,True,hwmalloc,ghex-org/hwmalloc,git@github.com:ghex-org/hwmalloc.git,0
MDEwOlJlcG9zaXRvcnkzNTgzMzY1Mjk=,2021-04-15T17:14:26Z,2026-04-22T17:44:09Z,2026-04-22T16:46:18Z,245,False,DoubleDutch,jan-abbring/DoubleDutch,git@github.com:jan-abbring/DoubleDutch.git,0
MDEwOlJlcG9zaXRvcnkzNTgzMjkzMDU=,2021-04-15T16:46:45Z,2026-04-20T03:47:15Z,2026-04-20T03:47:11Z,4032,False,DSA,fdzr/DSA,git@github.com:fdzr/DSA.git,0
MDEwOlJlcG9zaXRvcnkzNTgzMjA4Mjc=,2021-04-15T16:15:28Z,2026-01-25T16:38:26Z,2026-05-03T01:54:37Z,6567,True,stopmotion,KDE/stopmotion,git@github.com:KDE/stopmotion.git,4
MDEwOlJlcG9zaXRvcnkzNTgyOTQ5NTI=,2021-04-15T14:48:40Z,2026-04-29T01:48:55Z,2026-04-29T01:48:52Z,21114,True,mauikit-imagetools,KDE/mauikit-imagetools,git@github.com:KDE/mauikit-imagetools.git,3
MDEwOlJlcG9zaXRvcnkzNTgyNDkyMTk=,2021-04-15T12:23:10Z,2026-05-05T08:04:39Z,2026-05-05T09:29:17Z,13240,True,lipstick,sailfishos/lipstick,git@github.com:sailfishos/lipstick.git,19
MDEwOlJlcG9zaXRvcnkzNTgyMzY0NDk=,2021-04-15T11:36:37Z,2026-04-07T18:48:54Z,2026-04-07T18:48:45Z,3161,True,mse-20190531,alibabacloud-sdk-cpp/mse-20190531,git@github.com:alibabacloud-sdk-cpp/mse-20190531.git,0
MDEwOlJlcG9zaXRvcnkzNTgxODY1NTQ=,2021-04-15T08:35:28Z,2026-03-02T13:19:46Z,2026-03-02T13:19:49Z,43,False,OpenCVTest,rursprung/OpenCVTest,git@github.com:rursprung/OpenCVTest.git,1
MDEwOlJlcG9zaXRvcnkzNTgxNzUwMjE=,2021-04-15T07:56:07Z,2026-04-17T06:58:39Z,2026-05-01T06:30:25Z,212,False,Competitive-Programming-Template-r,nanoblob-jpeg/Competitive-Programming-Template-r,git@github.com:nanoblob-jpeg/Competitive-Programming-Template-r.git,0
MDEwOlJlcG9zaXRvcnkzNTgxNzI0MTQ=,2021-04-15T07:47:10Z,2026-04-24T17:37:45Z,2026-04-24T17:37:42Z,5992,True,ecs-20140526,alibabacloud-sdk-cpp/ecs-20140526,git@github.com:alibabacloud-sdk-cpp/ecs-20140526.git,2
MDEwOlJlcG9zaXRvcnkzNTgxNjEyMzg=,2021-04-15T07:06:03Z,2026-03-19T07:26:27Z,2026-03-19T07:26:50Z,1217,True,libresourceqt,sailfishos/libresourceqt,git@github.com:sailfishos/libresourceqt.git,1
MDEwOlJlcG9zaXRvcnkzNTgxNTYyNTk=,2021-04-15T06:47:11Z,2026-05-07T04:46:36Z,2026-04-17T19:27:00Z,1261,False,ue4-canvas-gui,MaddyOff/ue4-canvas-gui,git@github.com:MaddyOff/ue4-canvas-gui.git,161
MDEwOlJlcG9zaXRvcnkzNTgxNTM5NjI=,2021-04-15T06:38:41Z,2026-04-12T21:53:23Z,2026-03-26T12:13:22Z,146,False,P5_64x32_HUB75,tehniq3/P5_64x32_HUB75,git@github.com:tehniq3/P5_64x32_HUB75.git,17
MDEwOlJlcG9zaXRvcnkzNTgxNDQyMTE=,2021-04-15T05:58:23Z,2026-04-20T11:00:36Z,2026-04-20T11:00:31Z,103,True,libqofonoext,sailfishos/libqofonoext,git@github.com:sailfishos/libqofonoext.git,1
MDEwOlJlcG9zaXRvcnkzNTgxMzgxMDY=,2021-04-15T05:28:38Z,2026-04-18T08:24:27Z,2026-04-18T08:24:39Z,1183,True,keisan,ichiro-its/keisan,git@github.com:ichiro-its/keisan.git,3
MDEwOlJlcG9zaXRvcnkzNTgxMzI0NTM=,2021-04-15T04:59:36Z,2026-04-30T11:09:46Z,2026-04-30T11:11:41Z,1017,True,libqofono,sailfishos/libqofono,git@github.com:sailfishos/libqofono.git,0
MDEwOlJlcG9zaXRvcnkzNTgxMTQ4NTI=,2021-04-15T03:26:51Z,2026-04-14T12:20:58Z,2026-04-14T12:22:10Z,143,True,libngf-qt,sailfishos/libngf-qt,git@github.com:sailfishos/libngf-qt.git,0
MDEwOlJlcG9zaXRvcnkzNTgxMDY5NzE=,2021-04-15T02:48:52Z,2026-04-20T11:35:13Z,2026-04-20T11:36:25Z,57771,True,libmlocale,sailfishos/libmlocale,git@github.com:sailfishos/libmlocale.git,1
MDEwOlJlcG9zaXRvcnkzNTgwODc5NTE=,2021-04-15T01:16:46Z,2026-05-02T14:02:43Z,2026-05-02T14:02:39Z,1051,False,libnet,kouzhudong/libnet,git@github.com:kouzhudong/libnet.git,11
MDEwOlJlcG9zaXRvcnkzNTgwODE3ODM=,2021-04-15T00:44:35Z,2026-05-06T19:59:14Z,2026-04-07T03:21:07Z,144202,False,obs-backgroundremoval,royshil/obs-backgroundremoval,git@github.com:royshil/obs-backgroundremoval.git,4283
MDEwOlJlcG9zaXRvcnkzNTgwNzY3ODM=,2021-04-15T00:16:21Z,2026-03-20T05:40:15Z,2026-03-20T05:40:08Z,210158,False,RACES-Contacts,rrvt/RACES-Contacts,git@github.com:rrvt/RACES-Contacts.git,0
MDEwOlJlcG9zaXRvcnkzNTgwNDc1NzM=,2021-04-14T21:32:28Z,2026-04-30T11:34:17Z,2026-04-30T11:34:38Z,961,True,libcontentaction,sailfishos/libcontentaction,git@github.com:sailfishos/libcontentaction.git,0
MDEwOlJlcG9zaXRvcnkzNTgwMjQyOTg=,2021-04-14T19:47:34Z,2026-05-07T09:07:14Z,2026-05-07T09:07:38Z,1374,True,libconnman-qt,sailfishos/libconnman-qt,git@github.com:sailfishos/libconnman-qt.git,12
MDEwOlJlcG9zaXRvcnkzNTgwMjE5Mjc=,2021-04-14T19:37:46Z,2026-03-13T19:39:25Z,2026-03-13T19:39:19Z,4175,False,ReplayCore,ratkosrb/ReplayCore,git@github.com:ratkosrb/ReplayCore.git,5
MDEwOlJlcG9zaXRvcnkzNTgwMTQzOTU=,2021-04-14T19:07:36Z,2026-05-04T22:25:28Z,2026-05-04T22:25:23Z,10613,True,growl,Bearwaves/growl,git@github.com:Bearwaves/growl.git,17
MDEwOlJlcG9zaXRvcnkzNTgwMDg5OTg=,2021-04-14T18:45:48Z,2026-04-30T09:43:10Z,2026-04-30T09:43:07Z,112,True,http-bulk,halon-extras/http-bulk,git@github.com:halon-extras/http-bulk.git,1
MDEwOlJlcG9zaXRvcnkzNTc5OTMzMjk=,2021-04-14T17:47:25Z,2026-04-08T11:29:20Z,2026-04-08T11:29:35Z,2802,True,libcommhistory,sailfishos/libcommhistory,git@github.com:sailfishos/libcommhistory.git,0
MDEwOlJlcG9zaXRvcnkzNTc5NzA1Nzg=,2021-04-14T16:24:27Z,2026-04-21T15:03:43Z,2026-04-21T15:03:38Z,745,False,euler_spiral,CoffeeKumazaki/euler_spiral,git@github.com:CoffeeKumazaki/euler_spiral.git,33
MDEwOlJlcG9zaXRvcnkzNTc5NDc5OTQ=,2021-04-14T15:10:25Z,2026-03-11T05:27:30Z,2026-03-30T08:12:43Z,72450,True,blofeld,ku-awdc/blofeld,git@github.com:ku-awdc/blofeld.git,0
MDEwOlJlcG9zaXRvcnkzNTc5MzIwMDg=,2021-04-14T14:21:07Z,2026-05-04T18:49:35Z,2026-05-06T14:29:48Z,37932,True,framework,arcaneframework/framework,git@github.com:arcaneframework/framework.git,46
MDEwOlJlcG9zaXRvcnkzNTc5MDY1NjY=,2021-04-14T13:00:03Z,2026-05-02T23:52:19Z,2026-05-02T23:52:16Z,3006,False,Ame,nzh63/Ame,git@github.com:nzh63/Ame.git,17
MDEwOlJlcG9zaXRvcnkzNTc4NjU4OTk=,2021-04-14T10:32:43Z,2026-03-10T07:47:47Z,2026-03-10T08:09:59Z,21052,False,UnluaExample,hulefei/UnluaExample,git@github.com:hulefei/UnluaExample.git,0
MDEwOlJlcG9zaXRvcnkzNTc4NDk0NzY=,2021-04-14T09:32:16Z,2026-04-13T11:55:22Z,2026-04-13T11:55:36Z,344,True,fingerterm,sailfishos/fingerterm,git@github.com:sailfishos/fingerterm.git,6
MDEwOlJlcG9zaXRvcnkzNTc4MzgyNjQ=,2021-04-14T08:53:49Z,2026-05-05T12:49:30Z,2026-05-05T12:50:09Z,2131,True,contactsd,sailfishos/contactsd,git@github.com:sailfishos/contactsd.git,0
MDEwOlJlcG9zaXRvcnkzNTc4MjMwMzU=,2021-04-14T08:00:42Z,2026-04-01T09:02:16Z,2026-04-01T09:18:39Z,1974,True,buteo-sync-plugins-social,sailfishos/buteo-sync-plugins-social,git@github.com:sailfishos/buteo-sync-plugins-social.git,0
MDEwOlJlcG9zaXRvcnkzNTc4MjA4OTk=,2021-04-14T07:53:11Z,2026-04-07T12:06:25Z,2026-04-07T12:07:08Z,223,True,buteo-sync-plugin-carddav,sailfishos/buteo-sync-plugin-carddav,git@github.com:sailfishos/buteo-sync-plugin-carddav.git,1
MDEwOlJlcG9zaXRvcnkzNTc4MTY0MjE=,2021-04-14T07:37:04Z,2026-03-11T06:58:57Z,2026-03-11T06:59:16Z,2056,True,buteo-syncfw,sailfishos/buteo-syncfw,git@github.com:sailfishos/buteo-syncfw.git,0
MDEwOlJlcG9zaXRvcnkzNTc4MTUzMDk=,2021-04-14T07:33:11Z,2026-05-04T10:41:39Z,2026-05-04T10:42:00Z,1440,True,buteo-mtp,sailfishos/buteo-mtp,git@github.com:sailfishos/buteo-mtp.git,6
MDEwOlJlcG9zaXRvcnkzNTc4MDAxNTU=,2021-04-14T06:36:56Z,2026-03-23T15:23:09Z,2026-03-23T15:23:03Z,28831,False,VulkanAbstraction,R-Michi/VulkanAbstraction,git@github.com:R-Michi/VulkanAbstraction.git,2
MDEwOlJlcG9zaXRvcnkzNTc3ODIyMzc=,2021-04-14T05:14:29Z,2026-03-12T02:34:55Z,2026-03-12T02:34:49Z,9064,True,cryptopp,samarai-project/cryptopp,git@github.com:samarai-project/cryptopp.git,0
MDEwOlJlcG9zaXRvcnkzNTc3NDUyODU=,2021-04-14T02:10:16Z,2026-03-27T03:35:33Z,2026-03-27T03:35:29Z,91,False,gem,gortega56/gem,git@github.com:gortega56/gem.git,2
MDEwOlJlcG9zaXRvcnkzNTc2ODExODc=,2021-04-13T20:32:29Z,2026-03-22T16:49:37Z,2026-03-22T16:49:07Z,140288,False,Portals2D,gittem01/Portals2D,git@github.com:gittem01/Portals2D.git,1
MDEwOlJlcG9zaXRvcnkzNTc1NjM5OTM=,2021-04-13T13:30:12Z,2026-04-22T19:34:17Z,2026-04-22T19:34:12Z,30,False,os-memsim,tmarrinan/os-memsim,git@github.com:tmarrinan/os-memsim.git,0
MDEwOlJlcG9zaXRvcnkzNTc1NTY1NDk=,2021-04-13T13:06:03Z,2026-04-16T15:47:32Z,2026-04-16T15:42:23Z,12737,False,seed,ri-caccavale/seed,git@github.com:ri-caccavale/seed.git,0
MDEwOlJlcG9zaXRvcnkzNTc0ODAwODk=,2021-04-13T08:31:13Z,2026-04-22T22:45:50Z,2026-04-22T22:45:46Z,33,True,GOLExtractor,ParadoxGameConverters/GOLExtractor,git@github.com:ParadoxGameConverters/GOLExtractor.git,0
MDEwOlJlcG9zaXRvcnkzNTc0NjIwMTY=,2021-04-13T07:27:14Z,2026-05-04T04:11:47Z,2026-05-01T06:58:03Z,313,False,pocketfft,mreineck/pocketfft,git@github.com:mreineck/pocketfft.git,141
MDEwOlJlcG9zaXRvcnkzNTc0NjE4MzQ=,2021-04-13T07:26:30Z,2026-04-30T19:36:41Z,2026-05-07T11:15:06Z,19557,True,Simu5G,Unipisa/Simu5G,git@github.com:Unipisa/Simu5G.git,224
MDEwOlJlcG9zaXRvcnkzNTczNTA2ODY=,2021-04-12T22:01:24Z,2026-04-19T17:37:54Z,2026-04-19T17:37:50Z,72407,False,3dMP,fire-391/3dMP,git@github.com:fire-391/3dMP.git,0
MDEwOlJlcG9zaXRvcnkzNTczMzkzMDQ=,2021-04-12T21:06:29Z,2026-05-07T10:53:21Z,2026-05-07T10:53:16Z,48153,True,vpl-gpu-rt,intel/vpl-gpu-rt,git@github.com:intel/vpl-gpu-rt.git,146
MDEwOlJlcG9zaXRvcnkzNTczMzExNTE=,2021-04-12T20:32:21Z,2026-05-06T12:58:41Z,2026-05-06T12:58:38Z,323,False,endless-journey,MausGames/endless-journey,git@github.com:MausGames/endless-journey.git,0
MDEwOlJlcG9zaXRvcnkzNTcyNDc2MDk=,2021-04-12T15:35:50Z,2026-04-18T09:22:16Z,2026-04-18T09:23:03Z,4245,False,ducc,mreineck/ducc,git@github.com:mreineck/ducc.git,31
MDEwOlJlcG9zaXRvcnkzNTcyMzk5MDM=,2021-04-12T15:12:55Z,2026-03-24T22:21:09Z,2026-05-02T00:38:21Z,37797,True,gaussianfft,equinor/gaussianfft,git@github.com:equinor/gaussianfft.git,8
MDEwOlJlcG9zaXRvcnkzNTcyMzM0NDg=,2021-04-12T14:54:05Z,2026-03-30T13:10:39Z,2026-05-07T11:32:59Z,1366,True,ViennaRay,ViennaTools/ViennaRay,git@github.com:ViennaTools/ViennaRay.git,8
MDEwOlJlcG9zaXRvcnkzNTcyMjY4MDM=,2021-04-12T14:34:11Z,2026-03-29T02:22:49Z,2026-03-12T22:24:13Z,81339,True,PASTAQ,PASTAQ-MS/PASTAQ,git@github.com:PASTAQ-MS/PASTAQ.git,7
MDEwOlJlcG9zaXRvcnkzNTcyMDQwNTk=,2021-04-12T13:27:37Z,2026-04-20T15:59:35Z,2026-04-20T15:59:30Z,1960,True,tarmac-trace-utilities,ARM-software/tarmac-trace-utilities,git@github.com:ARM-software/tarmac-trace-utilities.git,83
MDEwOlJlcG9zaXRvcnkzNTcxOTcxNzI=,2021-04-12T13:07:03Z,2026-05-01T11:15:40Z,2026-05-01T11:15:36Z,5583,True,EvoVulkan,SpaRcle-Studio/EvoVulkan,git@github.com:SpaRcle-Studio/EvoVulkan.git,5
MDEwOlJlcG9zaXRvcnkzNTcxOTM5ODA=,2021-04-12T12:57:44Z,2026-05-07T10:11:30Z,2026-05-07T10:11:26Z,3197,False,guglielmo,marcogrecopriolo/guglielmo,git@github.com:marcogrecopriolo/guglielmo.git,104
MDEwOlJlcG9zaXRvcnkzNTcxODYzNzc=,2021-04-12T12:32:28Z,2026-05-04T16:40:08Z,2026-05-04T16:40:35Z,2420,False,Q3270,HobbitHacker/Q3270,git@github.com:HobbitHacker/Q3270.git,0
MDEwOlJlcG9zaXRvcnkzNTcxNjcxMjk=,2021-04-12T11:27:33Z,2026-03-31T06:15:32Z,2026-03-31T06:15:29Z,88673,False,TGRenderer,Bestoa/TGRenderer,git@github.com:Bestoa/TGRenderer.git,2
MDEwOlJlcG9zaXRvcnkzNTcxNjQ1MDU=,2021-04-12T11:18:02Z,2026-03-26T04:57:50Z,2026-03-26T04:57:46Z,2112,False,algorithm,lemphis/algorithm,git@github.com:lemphis/algorithm.git,1
MDEwOlJlcG9zaXRvcnkzNTcwNDMzMzY=,2021-04-12T03:18:19Z,2026-05-06T20:45:36Z,2026-05-06T20:45:32Z,863277,True,EcoPot,PubInv/EcoPot,git@github.com:PubInv/EcoPot.git,1
MDEwOlJlcG9zaXRvcnkzNTcwMzcxOTg=,2021-04-12T02:47:46Z,2026-04-24T01:11:18Z,2026-04-24T00:52:36Z,34987,False,Chain,tzu-chen/Chain,git@github.com:tzu-chen/Chain.git,0
MDEwOlJlcG9zaXRvcnkzNTcwMjU0Njk=,2021-04-12T01:48:22Z,2026-05-07T06:33:16Z,2026-04-06T08:08:32Z,4988,True,KenshiLib,KenshiReclaimer/KenshiLib,git@github.com:KenshiReclaimer/KenshiLib.git,30
MDEwOlJlcG9zaXRvcnkzNTY5NzU4NDE=,2021-04-11T20:46:34Z,2026-05-06T22:23:23Z,2026-05-06T22:33:13Z,118827,True,legate,nv-legate/legate,git@github.com:nv-legate/legate.git,238
MDEwOlJlcG9zaXRvcnkzNTY5NTIzODI=,2021-04-11T18:50:49Z,2026-04-17T14:10:55Z,2026-03-21T08:01:12Z,28574,False,gfx,codewitch-honey-crisis/gfx,git@github.com:codewitch-honey-crisis/gfx.git,139
MDEwOlJlcG9zaXRvcnkzNTY5Mzg0Njc=,2021-04-11T17:49:01Z,2026-03-20T16:55:42Z,2026-03-20T16:55:38Z,12620,False,Chess-Game-With-MiniMax,flynn248/Chess-Game-With-MiniMax,git@github.com:flynn248/Chess-Game-With-MiniMax.git,0
MDEwOlJlcG9zaXRvcnkzNTY4ODc0NTc=,2021-04-11T14:18:26Z,2026-05-04T16:58:12Z,2026-05-04T16:58:07Z,6295,False,BabelWires,Malcohol/BabelWires,git@github.com:Malcohol/BabelWires.git,0
MDEwOlJlcG9zaXRvcnkzNTY4NTczNzI=,2021-04-11T12:08:21Z,2026-04-05T18:07:36Z,2026-04-05T18:07:33Z,192,False,obs-downstream-keyer,exeldro/obs-downstream-keyer,git@github.com:exeldro/obs-downstream-keyer.git,154
MDEwOlJlcG9zaXRvcnkzNTY4NTA4MDI=,2021-04-11T11:37:26Z,2026-04-06T17:30:01Z,2026-04-06T17:29:56Z,389,True,mtb-daemon,kmzbrnoI/mtb-daemon,git@github.com:kmzbrnoI/mtb-daemon.git,1
MDEwOlJlcG9zaXRvcnkzNTY4MDExMTE=,2021-04-11T07:42:08Z,2026-04-20T03:37:38Z,2026-04-20T03:37:34Z,152994,False,ecosensors,ecosensors/ecosensors,git@github.com:ecosensors/ecosensors.git,2
MDEwOlJlcG9zaXRvcnkzNTY3NzgxNzM=,2021-04-11T05:46:41Z,2026-03-10T19:13:17Z,2026-03-10T19:13:12Z,24021,False,Rain,kshun1994/Rain,git@github.com:kshun1994/Rain.git,0
MDEwOlJlcG9zaXRvcnkzNTY3NTczMDc=,2021-04-11T03:30:03Z,2026-04-17T01:17:39Z,2026-03-28T21:52:44Z,34218,False,ShowOff-NVSE,Demorome/ShowOff-NVSE,git@github.com:Demorome/ShowOff-NVSE.git,46
MDEwOlJlcG9zaXRvcnkzNTY3NTUzNzE=,2021-04-11T03:17:06Z,2026-04-04T01:41:40Z,2026-04-04T01:41:35Z,28786,False,My_GtkUi,daleclack/My_GtkUi,git@github.com:daleclack/My_GtkUi.git,2
MDEwOlJlcG9zaXRvcnkzNTY2MjU0NDU=,2021-04-10T15:42:12Z,2026-05-05T02:17:46Z,2026-05-05T02:17:39Z,117215,False,rayvertex,tylermorganwall/rayvertex,git@github.com:tylermorganwall/rayvertex.git,68
MDEwOlJlcG9zaXRvcnkzNTY1NTI2MzU=,2021-04-10T10:53:03Z,2026-05-05T14:57:56Z,2026-05-05T14:55:29Z,401,False,CFGEditorPlusPlus,Atari2/CFGEditorPlusPlus,git@github.com:Atari2/CFGEditorPlusPlus.git,0
MDEwOlJlcG9zaXRvcnkzNTY1NDU0NDg=,2021-04-10T10:20:12Z,2026-04-25T14:28:27Z,2026-04-25T14:28:22Z,2801,False,Arduino_school_bell,CyberHusky/Arduino_school_bell,git@github.com:CyberHusky/Arduino_school_bell.git,0
MDEwOlJlcG9zaXRvcnkzNTY1NDA3NDE=,2021-04-10T09:59:28Z,2026-03-04T20:51:19Z,2026-03-04T20:51:16Z,54030,False,MobaLedLib,raily74/MobaLedLib,git@github.com:raily74/MobaLedLib.git,0
MDEwOlJlcG9zaXRvcnkzNTY1MjAxOTI=,2021-04-10T08:29:43Z,2026-05-07T07:23:45Z,2026-05-05T11:21:47Z,5416,False,KickCAT,leducp/KickCAT,git@github.com:leducp/KickCAT.git,137
MDEwOlJlcG9zaXRvcnkzNTY0ODg1NTU=,2021-04-10T06:06:47Z,2026-04-29T22:15:24Z,2026-04-03T04:38:15Z,24026,False,llios,qyang-nj/llios,git@github.com:qyang-nj/llios.git,456
MDEwOlJlcG9zaXRvcnkzNTY0ODIyNzc=,2021-04-10T05:35:25Z,2026-04-19T07:11:45Z,2026-04-19T07:11:41Z,188,False,ARK-Tool,Tresalute/ARK-Tool,git@github.com:Tresalute/ARK-Tool.git,0
MDEwOlJlcG9zaXRvcnkzNTY0NTk2MDU=,2021-04-10T03:31:36Z,2026-04-14T23:34:20Z,2026-04-14T23:34:14Z,78,False,learn-cpp,andrewboldi/learn-cpp,git@github.com:andrewboldi/learn-cpp.git,0
MDEwOlJlcG9zaXRvcnkzNTY0NTcxMjc=,2021-04-10T03:17:58Z,2026-05-05T04:37:22Z,2026-05-05T04:37:19Z,939,False,RecordRunner2,curbinegames/RecordRunner2,git@github.com:curbinegames/RecordRunner2.git,0
MDEwOlJlcG9zaXRvcnkzNTY0NDQxNjk=,2021-04-10T02:08:22Z,2026-04-17T22:32:25Z,2026-04-17T22:32:22Z,70052,False,Satisfactory_AB-CableChoices,DavidHGillen/Satisfactory_AB-CableChoices,git@github.com:DavidHGillen/Satisfactory_AB-CableChoices.git,6
MDEwOlJlcG9zaXRvcnkzNTY0MTU0Njk=,2021-04-09T22:45:06Z,2026-04-23T02:47:05Z,2026-04-22T15:36:20Z,589,True,Arduino-FOC-drivers,simplefoc/Arduino-FOC-drivers,git@github.com:simplefoc/Arduino-FOC-drivers.git,233
MDEwOlJlcG9zaXRvcnkzNTY0MTIzMTA=,2021-04-09T22:26:33Z,2026-04-30T15:23:52Z,2026-04-30T15:18:07Z,17546,True,vk_video_samples,nvpro-samples/vk_video_samples,git@github.com:nvpro-samples/vk_video_samples.git,338
MDEwOlJlcG9zaXRvcnkzNTYzOTQyNzU=,2021-04-09T20:45:58Z,2026-04-14T13:48:43Z,2026-03-28T22:51:26Z,29076,False,VanLiveConnect,0xCAFEDECAF/VanLiveConnect,git@github.com:0xCAFEDECAF/VanLiveConnect.git,51
MDEwOlJlcG9zaXRvcnkzNTYzNjcyNzI=,2021-04-09T18:40:13Z,2026-05-04T20:14:04Z,2026-05-04T20:13:58Z,24572,True,EventNtuple,Mu2e/EventNtuple,git@github.com:Mu2e/EventNtuple.git,3
MDEwOlJlcG9zaXRvcnkzNTYzNDQ3NDQ=,2021-04-09T17:06:28Z,2026-04-07T21:31:16Z,2026-03-03T02:08:21Z,227,False,libsdp,edeprince3/libsdp,git@github.com:edeprince3/libsdp.git,8
MDEwOlJlcG9zaXRvcnkzNTYzMzgzNDM=,2021-04-09T16:43:22Z,2026-03-30T03:18:05Z,2026-03-30T03:18:07Z,238220,False,plant-sense,reaper47/plant-sense,git@github.com:reaper47/plant-sense.git,12
MDEwOlJlcG9zaXRvcnkzNTYzMzAzOTU=,2021-04-09T16:14:10Z,2026-03-24T08:54:35Z,2026-03-24T08:54:31Z,6165,False,Contra-Game,thanhpci/Contra-Game,git@github.com:thanhpci/Contra-Game.git,2
MDEwOlJlcG9zaXRvcnkzNTYyMTkyMjc=,2021-04-09T09:47:28Z,2026-03-29T07:10:27Z,2026-03-29T07:12:34Z,1523,False,AdvancedLauncher-CppWinRT,Windowsist/AdvancedLauncher-CppWinRT,git@github.com:Windowsist/AdvancedLauncher-CppWinRT.git,0
MDEwOlJlcG9zaXRvcnkzNTYyMTg5ODA=,2021-04-09T09:46:32Z,2026-04-24T22:40:12Z,2026-04-24T22:40:08Z,18473,True,soplex,scipopt/soplex,git@github.com:scipopt/soplex.git,76
MDEwOlJlcG9zaXRvcnkzNTYxNjY0MTE=,2021-04-09T06:48:36Z,2026-03-02T09:08:09Z,2026-03-02T09:08:05Z,20,False,Lyfoes,guyben13/Lyfoes,git@github.com:guyben13/Lyfoes.git,0
MDEwOlJlcG9zaXRvcnkzNTYxMDQyNjc=,2021-04-09T02:04:36Z,2026-05-06T20:39:34Z,2026-05-05T02:52:29Z,17747,False,RedPanda-CPP,royqh1979/RedPanda-CPP,git@github.com:royqh1979/RedPanda-CPP.git,1374
MDEwOlJlcG9zaXRvcnkzNTYwNTUwMjQ=,2021-04-08T21:40:50Z,2026-05-07T10:49:05Z,2026-05-06T21:47:26Z,35253,True,tflite-micro,tensorflow/tflite-micro,git@github.com:tensorflow/tflite-micro.git,2886
MDEwOlJlcG9zaXRvcnkzNTYwMzYzMTU=,2021-04-08T20:12:15Z,2026-03-24T18:00:02Z,2026-03-24T18:00:11Z,1129,True,filepattern,PolusAI/filepattern,git@github.com:PolusAI/filepattern.git,5
MDEwOlJlcG9zaXRvcnkzNTYwMjkyMjM=,2021-04-08T19:41:14Z,2026-05-04T22:08:41Z,2026-05-04T22:08:36Z,825,True,singularity-opac,lanl/singularity-opac,git@github.com:lanl/singularity-opac.git,13
MDEwOlJlcG9zaXRvcnkzNTYwMjYzMjg=,2021-04-08T19:28:58Z,2026-04-20T23:21:22Z,2026-05-06T20:15:53Z,18944,True,singularity-eos,lanl/singularity-eos,git@github.com:lanl/singularity-eos.git,34
MDEwOlJlcG9zaXRvcnkzNTU5OTYxNTc=,2021-04-08T17:31:12Z,2026-05-05T13:40:20Z,2026-05-05T13:39:10Z,101,False,melatonin_parameters,sudara/melatonin_parameters,git@github.com:sudara/melatonin_parameters.git,16
MDEwOlJlcG9zaXRvcnkzNTU5MDk0OTM=,2021-04-08T13:02:16Z,2026-04-02T09:06:02Z,2026-04-02T09:05:59Z,2215,False,FinancialEngineering,gfunk0704/FinancialEngineering,git@github.com:gfunk0704/FinancialEngineering.git,1
MDEwOlJlcG9zaXRvcnkzNTU3MjM1NTk=,2021-04-08T01:01:18Z,2026-04-27T23:39:47Z,2026-04-27T23:39:46Z,15648,False,Triumvirate,MikeSWang/Triumvirate,git@github.com:MikeSWang/Triumvirate.git,22
MDEwOlJlcG9zaXRvcnkzNTU2NjU3MTk=,2021-04-07T19:51:44Z,2026-04-18T02:55:57Z,2026-04-18T02:55:51Z,358270,True,ImpressiveTitle,Cybermals/ImpressiveTitle,git@github.com:Cybermals/ImpressiveTitle.git,9
MDEwOlJlcG9zaXRvcnkzNTU2MzE3NjE=,2021-04-07T17:37:29Z,2026-05-07T11:34:47Z,2026-05-07T11:34:43Z,213812,False,ArduinoBareMetal,sebastianomelita/ArduinoBareMetal,git@github.com:sebastianomelita/ArduinoBareMetal.git,10
MDEwOlJlcG9zaXRvcnkzNTU2MTIyNDU=,2021-04-07T16:26:58Z,2026-04-03T00:31:05Z,2026-04-03T00:31:01Z,167,False,Algorithms,aashitsoni/Algorithms,git@github.com:aashitsoni/Algorithms.git,0
MDEwOlJlcG9zaXRvcnkzNTU1OTkyMTM=,2021-04-07T15:42:20Z,2026-04-30T20:35:59Z,2026-04-30T20:48:53Z,3071,False,P1Meter,ptrooms/P1Meter,git@github.com:ptrooms/P1Meter.git,1
MDEwOlJlcG9zaXRvcnkzNTU1NjU2NzQ=,2021-04-07T14:00:33Z,2026-03-18T07:57:20Z,2026-05-06T15:46:05Z,1436778,True,chombo-discharge,chombo-discharge/chombo-discharge,git@github.com:chombo-discharge/chombo-discharge.git,20
MDEwOlJlcG9zaXRvcnkzNTU1NTg1Mzk=,2021-04-07T13:38:13Z,2026-05-07T09:00:00Z,2026-05-07T08:59:56Z,1948,False,RainSense-IoT,jonathanloucks/RainSense-IoT,git@github.com:jonathanloucks/RainSense-IoT.git,0
MDEwOlJlcG9zaXRvcnkzNTU0OTA2OTA=,2021-04-07T09:43:52Z,2026-04-23T14:16:31Z,2026-04-23T14:15:59Z,629,False,Small-utils,Trololp/Small-utils,git@github.com:Trololp/Small-utils.git,2
MDEwOlJlcG9zaXRvcnkzNTU0ODUzNTg=,2021-04-07T09:24:53Z,2026-04-30T09:43:53Z,2026-04-30T09:43:49Z,29,True,rabbitmq,halon-extras/rabbitmq,git@github.com:halon-extras/rabbitmq.git,1
MDEwOlJlcG9zaXRvcnkzNTU0NTk1OTg=,2021-04-07T07:56:37Z,2026-05-03T03:46:13Z,2026-04-03T00:05:22Z,839,False,MiiPort,Genwald/MiiPort,git@github.com:Genwald/MiiPort.git,36
MDEwOlJlcG9zaXRvcnkzNTUzNjY3ODA=,2021-04-07T00:33:56Z,2026-03-18T21:12:03Z,2026-03-18T21:11:59Z,269564,False,juce6_SR_NVCN2,thecargocultnz/juce6_SR_NVCN2,git@github.com:thecargocultnz/juce6_SR_NVCN2.git,0
MDEwOlJlcG9zaXRvcnkzNTUzNDU3ODg=,2021-04-06T22:29:13Z,2026-05-04T11:27:33Z,2026-03-19T10:58:12Z,2256,False,mingw-w64-dpp,utoni/mingw-w64-dpp,git@github.com:utoni/mingw-w64-dpp.git,45
MDEwOlJlcG9zaXRvcnkzNTUyOTU2NzM=,2021-04-06T18:44:16Z,2026-03-06T17:47:24Z,2026-03-06T17:47:23Z,292,False,Leetcode-Solutions,nishanth37/Leetcode-Solutions,git@github.com:nishanth37/Leetcode-Solutions.git,0
MDEwOlJlcG9zaXRvcnkzNTUyNzI3NDc=,2021-04-06T17:19:37Z,2026-04-28T19:26:42Z,2026-04-28T19:26:37Z,30363,True,wlan-cloud-ucentralgw,Telecominfraproject/wlan-cloud-ucentralgw,git@github.com:Telecominfraproject/wlan-cloud-ucentralgw.git,34
MDEwOlJlcG9zaXRvcnkzNTUyMzg2NDQ=,2021-04-06T15:26:33Z,2026-04-19T17:59:05Z,2026-04-19T17:59:00Z,88,True,yubox-LoRaWAN,yubox-node-org/yubox-LoRaWAN,git@github.com:yubox-node-org/yubox-LoRaWAN.git,1
MDEwOlJlcG9zaXRvcnkzNTUyMjkyNTI=,2021-04-06T14:58:04Z,2026-05-05T18:16:34Z,2026-04-19T13:59:24Z,76,True,sdcafiine_plugin,wiiu-env/sdcafiine_plugin,git@github.com:wiiu-env/sdcafiine_plugin.git,78
MDEwOlJlcG9zaXRvcnkzNTUyMDYyODM=,2021-04-06T13:51:35Z,2026-03-18T14:13:21Z,2026-03-18T19:03:45Z,6999,True,PixieSDK,xiallc/PixieSDK,git@github.com:xiallc/PixieSDK.git,4
MDEwOlJlcG9zaXRvcnkzNTUxODE3MDc=,2021-04-06T12:33:06Z,2026-04-26T18:56:54Z,2026-04-26T18:56:50Z,76,False,sd-bot-tools,rodolfomedeiros/sd-bot-tools,git@github.com:rodolfomedeiros/sd-bot-tools.git,0
MDEwOlJlcG9zaXRvcnkzNTUxNDkzNDg=,2021-04-06T10:33:50Z,2026-04-05T12:05:13Z,2026-04-05T12:05:27Z,184,True,pecl-xml-xmldiff,php/pecl-xml-xmldiff,git@github.com:php/pecl-xml-xmldiff.git,6
MDEwOlJlcG9zaXRvcnkzNTUxMDEzMjI=,2021-04-06T07:42:04Z,2026-05-05T16:40:33Z,2026-05-05T16:40:27Z,2210,False,Competitive-Programming,valderyaya/Competitive-Programming,git@github.com:valderyaya/Competitive-Programming.git,0
MDEwOlJlcG9zaXRvcnkzNTUwOTQyMjQ=,2021-04-06T07:15:34Z,2026-05-05T04:41:59Z,2026-04-21T05:48:33Z,468007,False,FCEmulator_Qizhuo,qizhuocai/FCEmulator_Qizhuo,git@github.com:qizhuocai/FCEmulator_Qizhuo.git,124
MDEwOlJlcG9zaXRvcnkzNTUwNzAyNTA=,2021-04-06T05:41:57Z,2026-03-24T17:27:36Z,2026-03-24T17:27:32Z,29,False,MIPS_Simulator,YueWang996/MIPS_Simulator,git@github.com:YueWang996/MIPS_Simulator.git,2
MDEwOlJlcG9zaXRvcnkzNTQ5ODY0NTQ=,2021-04-05T22:13:28Z,2026-05-03T19:41:31Z,2026-05-03T19:41:28Z,27932,False,briefutil,imakris/briefutil,git@github.com:imakris/briefutil.git,0
MDEwOlJlcG9zaXRvcnkzNTQ5NzMyNDg=,2021-04-05T21:07:40Z,2026-05-07T05:46:03Z,2026-04-12T20:15:20Z,352578,False,Forge,Wuszt/Forge,git@github.com:Wuszt/Forge.git,4
MDEwOlJlcG9zaXRvcnkzNTQ5NTYwNzk=,2021-04-05T19:57:00Z,2026-04-22T03:17:54Z,2026-04-21T22:22:13Z,922,False,geant4_pybind,HaarigerHarald/geant4_pybind,git@github.com:HaarigerHarald/geant4_pybind.git,43
MDEwOlJlcG9zaXRvcnkzNTQ5Mzg0MjQ=,2021-04-05T18:49:45Z,2026-03-09T18:26:25Z,2026-03-09T18:26:21Z,256,True,juce_murka,Kiberchaika/juce_murka,git@github.com:Kiberchaika/juce_murka.git,9
MDEwOlJlcG9zaXRvcnkzNTQ4OTg1Mjk=,2021-04-05T16:28:21Z,2026-03-23T21:45:22Z,2026-03-23T21:45:19Z,355013,False,rathena,cedrictrovati-bib/rathena,git@github.com:cedrictrovati-bib/rathena.git,0
MDEwOlJlcG9zaXRvcnkzNTQ4Nzg3NTI=,2021-04-05T15:21:32Z,2026-04-26T08:30:24Z,2026-04-26T08:30:21Z,17,True,SH-ESP32-onewire-temperature,hatlabs/SH-ESP32-onewire-temperature,git@github.com:hatlabs/SH-ESP32-onewire-temperature.git,2
MDEwOlJlcG9zaXRvcnkzNTQ3NjI2NTQ=,2021-04-05T08:06:21Z,2026-03-23T11:07:49Z,2026-03-23T11:07:45Z,10013,True,lang-plugin-jvm,MetaFFI/lang-plugin-jvm,git@github.com:MetaFFI/lang-plugin-jvm.git,0
MDEwOlJlcG9zaXRvcnkzNTQ3NTcxNzM=,2021-04-05T07:42:32Z,2026-04-01T06:55:33Z,2026-04-01T06:55:28Z,3154,False,math,dmilos/math,git@github.com:dmilos/math.git,2
MDEwOlJlcG9zaXRvcnkzNTQ3NTEwOTI=,2021-04-05T07:13:35Z,2026-04-28T18:59:27Z,2026-05-07T03:09:49Z,4015,True,SlimeVR-OpenVR-Driver,SlimeVR/SlimeVR-OpenVR-Driver,git@github.com:SlimeVR/SlimeVR-OpenVR-Driver.git,248
MDEwOlJlcG9zaXRvcnkzNTQ3NDMzOTE=,2021-04-05T06:38:18Z,2026-05-06T15:56:28Z,2026-05-05T15:04:43Z,227171,True,o3de,o3de/o3de,git@github.com:o3de/o3de.git,9086
MDEwOlJlcG9zaXRvcnkzNTQ3MTUwMDA=,2021-04-05T04:17:38Z,2026-05-07T09:40:15Z,2026-05-07T09:40:10Z,145027,False,mmorpg,luyuancpp/mmorpg,git@github.com:luyuancpp/mmorpg.git,4
MDEwOlJlcG9zaXRvcnkzNTQ3MDk0OTg=,2021-04-05T03:49:33Z,2026-03-15T19:38:05Z,2026-03-15T19:38:01Z,5192,True,rex,SILO-GROUP/rex,git@github.com:SILO-GROUP/rex.git,5
MDEwOlJlcG9zaXRvcnkzNTQ2MzY4MDE=,2021-04-04T20:09:04Z,2026-05-07T06:05:39Z,2026-04-03T17:25:39Z,54864,False,whatsie,keshavbhatt/whatsie,git@github.com:keshavbhatt/whatsie.git,3167
MDEwOlJlcG9zaXRvcnkzNTQ2MzQ1Nzg=,2021-04-04T19:57:14Z,2026-05-01T07:50:10Z,2026-03-03T18:06:36Z,89625,True,Bloom,bloombloombloom/Bloom,git@github.com:bloombloombloom/Bloom.git,85
MDEwOlJlcG9zaXRvcnkzNTQ2MDczMDc=,2021-04-04T17:37:36Z,2026-03-18T22:15:46Z,2026-03-18T22:15:42Z,282,False,torrest-cpp,i96751414/torrest-cpp,git@github.com:i96751414/torrest-cpp.git,16
MDEwOlJlcG9zaXRvcnkzNTQ1MjE1MTE=,2021-04-04T11:02:53Z,2026-05-02T10:00:40Z,2026-05-02T10:05:41Z,225698,False,Networks,LazyPanda07/Networks,git@github.com:LazyPanda07/Networks.git,0
MDEwOlJlcG9zaXRvcnkzNTQ0ODA1NTA=,2021-04-04T07:15:35Z,2026-04-25T00:39:04Z,2026-04-25T00:38:59Z,700,False,RE_Kenshi_installer,BFrizzleFoShizzle/RE_Kenshi_installer,git@github.com:BFrizzleFoShizzle/RE_Kenshi_installer.git,0
MDEwOlJlcG9zaXRvcnkzNTQ0NzE4MzQ=,2021-04-04T06:22:03Z,2026-04-26T01:18:52Z,2026-04-26T01:18:48Z,19,False,SW_PBL_shoppingmall,seungcholcho/SW_PBL_shoppingmall,git@github.com:seungcholcho/SW_PBL_shoppingmall.git,0
MDEwOlJlcG9zaXRvcnkzNTQ0MjMwNDc=,2021-04-04T00:27:55Z,2026-04-04T20:55:13Z,2026-04-04T20:55:10Z,49093,True,moos-ivp-pearl,pearlauv/moos-ivp-pearl,git@github.com:pearlauv/moos-ivp-pearl.git,2
MDEwOlJlcG9zaXRvcnkzNTQzNzM3OTI=,2021-04-03T19:11:31Z,2026-04-05T20:18:51Z,2026-04-05T20:18:42Z,17738,False,Competitive-Programming,MediaBilly/Competitive-Programming,git@github.com:MediaBilly/Competitive-Programming.git,0
MDEwOlJlcG9zaXRvcnkzNTQzMDk5MjQ=,2021-04-03T14:17:00Z,2026-04-26T09:04:17Z,2026-04-26T09:04:14Z,1224,False,boj,seoin0110/boj,git@github.com:seoin0110/boj.git,0
MDEwOlJlcG9zaXRvcnkzNTQyODc2MzU=,2021-04-03T12:35:03Z,2026-03-20T14:12:23Z,2026-03-20T14:12:18Z,14941,False,StyleFramework,edwig/StyleFramework,git@github.com:edwig/StyleFramework.git,12
MDEwOlJlcG9zaXRvcnkzNTQyNzQ4MDI=,2021-04-03T11:31:22Z,2026-03-13T00:15:23Z,2026-03-13T00:15:19Z,15869,True,UT61EWIFI,SuperHouse/UT61EWIFI,git@github.com:SuperHouse/UT61EWIFI.git,10
MDEwOlJlcG9zaXRvcnkzNTQyNjA0MzI=,2021-04-03T10:19:30Z,2026-04-19T00:40:25Z,2026-03-10T07:07:40Z,132960,False,macflim,fstark/macflim,git@github.com:fstark/macflim.git,113
MDEwOlJlcG9zaXRvcnkzNTQyNTc0NzI=,2021-04-03T10:03:14Z,2026-03-17T11:02:39Z,2026-03-17T11:02:36Z,1295,False,Polynomial,XRay3D/Polynomial,git@github.com:XRay3D/Polynomial.git,1
MDEwOlJlcG9zaXRvcnkzNTQyNTI5MDE=,2021-04-03T09:40:32Z,2026-04-02T23:02:14Z,2026-04-02T23:01:51Z,194097,False,corsair-dependencies,redorav/corsair-dependencies,git@github.com:redorav/corsair-dependencies.git,1
MDEwOlJlcG9zaXRvcnkzNTQyMjYyMTk=,2021-04-03T07:15:09Z,2026-05-07T06:32:19Z,2026-04-29T21:20:22Z,2029,False,RE_Kenshi,BFrizzleFoShizzle/RE_Kenshi,git@github.com:BFrizzleFoShizzle/RE_Kenshi.git,90
MDEwOlJlcG9zaXRvcnkzNTQyMDc3NDU=,2021-04-03T05:26:03Z,2026-04-19T03:08:55Z,2026-04-19T03:08:51Z,430,True,avblocks-cpp,avblocks/avblocks-cpp,git@github.com:avblocks/avblocks-cpp.git,1
MDEwOlJlcG9zaXRvcnkzNTQxODg0NDY=,2021-04-03T03:18:14Z,2026-04-22T15:54:48Z,2026-04-22T15:54:43Z,668,False,AmalgamUI,Net5F/AmalgamUI,git@github.com:Net5F/AmalgamUI.git,3
MDEwOlJlcG9zaXRvcnkzNTQxODM5MzA=,2021-04-03T02:48:29Z,2026-03-17T17:09:46Z,2026-05-07T07:06:06Z,97415,True,SuperGenius,GeniusVentures/SuperGenius,git@github.com:GeniusVentures/SuperGenius.git,4
MDEwOlJlcG9zaXRvcnkzNTQxNjk1NDU=,2021-04-03T01:04:25Z,2026-04-15T05:55:38Z,2026-04-15T05:55:34Z,21,False,Design-Pattern,liliangnike/Design-Pattern,git@github.com:liliangnike/Design-Pattern.git,0
MDEwOlJlcG9zaXRvcnkzNTQxNjgxMDc=,2021-04-03T00:54:40Z,2026-04-18T23:31:45Z,2026-04-18T23:31:41Z,30,False,CPP11-Learning,liliangnike/CPP11-Learning,git@github.com:liliangnike/CPP11-Learning.git,0
MDEwOlJlcG9zaXRvcnkzNTQxMzExMDM=,2021-04-02T20:55:00Z,2026-04-18T02:36:21Z,2026-03-12T16:33:03Z,11933,True,Intan-RHX,Intan-Technologies/Intan-RHX,git@github.com:Intan-Technologies/Intan-RHX.git,54
MDEwOlJlcG9zaXRvcnkzNTQxMDQ0Mjc=,2021-04-02T18:40:53Z,2026-04-28T12:09:45Z,2026-04-28T12:09:40Z,156,False,cameo,maskedsyntax/cameo,git@github.com:maskedsyntax/cameo.git,2
MDEwOlJlcG9zaXRvcnkzNTQxMDI3OTk=,2021-04-02T18:33:32Z,2026-03-15T04:25:46Z,2026-03-14T13:10:51Z,369,False,xenon,maskedsyntax/xenon,git@github.com:maskedsyntax/xenon.git,3
MDEwOlJlcG9zaXRvcnkzNTQwOTgxMDU=,2021-04-02T18:13:15Z,2026-03-14T17:36:55Z,2026-03-14T17:36:51Z,307753,True,frameworks_av,VoltageOS/frameworks_av,git@github.com:VoltageOS/frameworks_av.git,0
MDEwOlJlcG9zaXRvcnkzNTQwOTYxOTc=,2021-04-02T18:04:37Z,2026-04-08T15:34:59Z,2026-04-08T15:34:37Z,5,False,misc-code,apxep/misc-code,git@github.com:apxep/misc-code.git,0
MDEwOlJlcG9zaXRvcnkzNTQwMjUwMzQ=,2021-04-02T13:18:32Z,2026-03-30T05:06:48Z,2026-03-30T05:06:43Z,691,False,libujson,alfmep/libujson,git@github.com:alfmep/libujson.git,0
MDEwOlJlcG9zaXRvcnkzNTQwMDg2MzM=,2021-04-02T12:11:08Z,2026-04-25T17:23:54Z,2026-04-25T13:23:04Z,4084,True,OpenAWE,OpenAWE-Project/OpenAWE,git@github.com:OpenAWE-Project/OpenAWE.git,207
MDEwOlJlcG9zaXRvcnkzNTQwMDgyNDM=,2021-04-02T12:09:32Z,2026-05-06T19:40:28Z,2026-05-06T19:40:24Z,386138,True,MKVToolNix,THIS-IS-NOT-A-BACKUP/MKVToolNix,git@github.com:THIS-IS-NOT-A-BACKUP/MKVToolNix.git,1
MDEwOlJlcG9zaXRvcnkzNTQwMDIxNDI=,2021-04-02T11:44:02Z,2026-05-04T09:27:36Z,2026-04-07T14:49:46Z,300,True,layer-shell-qt,KDE/layer-shell-qt,git@github.com:KDE/layer-shell-qt.git,47
MDEwOlJlcG9zaXRvcnkzNTM5ODk5Mzg=,2021-04-02T10:48:20Z,2026-04-10T14:05:38Z,2026-04-10T15:32:16Z,25936,False,IctBaden.pjsua2,FrankPfattheicher/IctBaden.pjsua2,git@github.com:FrankPfattheicher/IctBaden.pjsua2.git,10
MDEwOlJlcG9zaXRvcnkzNTM5NzMyODc=,2021-04-02T09:37:49Z,2026-04-27T07:12:07Z,2026-04-27T07:12:02Z,731,False,import,sujiahong/import,git@github.com:sujiahong/import.git,1
MDEwOlJlcG9zaXRvcnkzNTM5NjQwMTE=,2021-04-02T09:00:46Z,2026-03-28T14:12:47Z,2026-03-28T14:12:42Z,81598,True,bootable_recovery,VoltageOS/bootable_recovery,git@github.com:VoltageOS/bootable_recovery.git,0
MDEwOlJlcG9zaXRvcnkzNTM5NDcyNDE=,2021-04-02T07:52:27Z,2026-03-26T13:31:02Z,2026-03-26T13:30:56Z,156,False,leetcode,Captain-Tim/leetcode,git@github.com:Captain-Tim/leetcode.git,0
MDEwOlJlcG9zaXRvcnkzNTM5NDM5NTM=,2021-04-02T07:38:30Z,2026-05-07T05:42:23Z,2026-04-24T17:57:29Z,15320,False,Sayuri,CGLemon/Sayuri,git@github.com:CGLemon/Sayuri.git,126
MDEwOlJlcG9zaXRvcnkzNTM4NjM3MzU=,2021-04-02T00:45:35Z,2026-04-06T12:47:53Z,2026-04-06T12:47:45Z,1826161,False,fet,vonmecheln/fet,git@github.com:vonmecheln/fet.git,1
MDEwOlJlcG9zaXRvcnkzNTM4NTE5Mzk=,2021-04-01T23:30:38Z,2026-05-06T21:44:21Z,2026-05-06T21:44:16Z,2661,True,murxla,murxla/murxla,git@github.com:murxla/murxla.git,16
MDEwOlJlcG9zaXRvcnkzNTM4NDU2NDY=,2021-04-01T22:52:17Z,2026-04-19T20:18:01Z,2026-04-19T20:17:57Z,15456,True,tst,cppfw/tst,git@github.com:cppfw/tst.git,16
MDEwOlJlcG9zaXRvcnkzNTM4MjY1MDk=,2021-04-01T21:04:56Z,2026-04-27T03:34:45Z,2026-03-17T08:57:47Z,26460,False,EasyVulkan.github.io,EasyVulkan/EasyVulkan.github.io,git@github.com:EasyVulkan/EasyVulkan.github.io.git,208
MDEwOlJlcG9zaXRvcnkzNTM4MTMwMzc=,2021-04-01T20:01:23Z,2026-04-08T06:38:58Z,2026-04-08T06:38:53Z,682,False,turbo-csv-2,gopi487krishna/turbo-csv-2,git@github.com:gopi487krishna/turbo-csv-2.git,1
MDEwOlJlcG9zaXRvcnkzNTM4MTIyNDI=,2021-04-01T19:58:05Z,2026-03-19T18:31:18Z,2026-03-19T18:30:24Z,9145,False,Ray_Tracing_CPU,Eryk-Mozdzen/Ray_Tracing_CPU,git@github.com:Eryk-Mozdzen/Ray_Tracing_CPU.git,3
MDEwOlJlcG9zaXRvcnkzNTM4MDc4OTU=,2021-04-01T19:38:38Z,2026-04-19T23:35:32Z,2026-04-19T23:35:28Z,3834,False,keylogger,svrohith9/keylogger,git@github.com:svrohith9/keylogger.git,0
MDEwOlJlcG9zaXRvcnkzNTM3Nzk5NTc=,2021-04-01T17:41:49Z,2026-03-26T19:45:42Z,2026-03-26T19:45:38Z,11290,False,Project_Octopus,jueta/Project_Octopus,git@github.com:jueta/Project_Octopus.git,0
MDEwOlJlcG9zaXRvcnkzNTM3MTU2OTA=,2021-04-01T13:50:04Z,2026-05-05T16:59:57Z,2026-05-05T16:59:52Z,43,True,simQML,CoppeliaRobotics/simQML,git@github.com:CoppeliaRobotics/simQML.git,3
MDEwOlJlcG9zaXRvcnkzNTM3MTI2NTI=,2021-04-01T13:39:28Z,2026-04-03T18:21:28Z,2026-05-07T07:27:19Z,70463,True,C-Play,c-toolbox/C-Play,git@github.com:c-toolbox/C-Play.git,13
MDEwOlJlcG9zaXRvcnkzNTM3MDIwMzU=,2021-04-01T13:02:20Z,2026-04-30T06:29:07Z,2026-03-19T08:32:58Z,15273,False,imageinfo,xiaozhuai/imageinfo,git@github.com:xiaozhuai/imageinfo.git,123
MDEwOlJlcG9zaXRvcnkzNTM2NDE4MTQ=,2021-04-01T09:15:01Z,2026-04-19T21:39:10Z,2026-04-19T21:39:06Z,20178,True,THUNDERMILL01,UniversalScientificTechnologies/THUNDERMILL01,git@github.com:UniversalScientificTechnologies/THUNDERMILL01.git,0
MDEwOlJlcG9zaXRvcnkzNTM2MTc1NzQ=,2021-04-01T07:45:03Z,2026-03-04T16:56:09Z,2026-03-04T16:54:18Z,235,True,shisen_cpp,ichiro-its/shisen_cpp,git@github.com:ichiro-its/shisen_cpp.git,2
MDEwOlJlcG9zaXRvcnkzNTM1OTM4ODA=,2021-04-01T06:11:32Z,2026-04-07T06:03:11Z,2026-04-07T06:03:07Z,310,True,libevents,mavlink/libevents,git@github.com:mavlink/libevents.git,15
MDEwOlJlcG9zaXRvcnkzNTM1ODA4MDg=,2021-04-01T05:09:00Z,2026-05-04T23:06:55Z,2026-05-04T23:06:53Z,86,False,dxgiformatconvert,walbourn/dxgiformatconvert,git@github.com:walbourn/dxgiformatconvert.git,14
MDEwOlJlcG9zaXRvcnkzNTM1Nzk1MjE=,2021-04-01T05:02:20Z,2026-04-05T12:59:27Z,2026-04-05T12:59:19Z,14040,False,JustCodes,CaChiJ/JustCodes,git@github.com:CaChiJ/JustCodes.git,2
MDEwOlJlcG9zaXRvcnkzNTM1NzgxMzg=,2021-04-01T04:56:02Z,2026-04-30T11:22:16Z,2026-04-30T11:24:49Z,209,False,MetroDeveloper,tsnest/MetroDeveloper,git@github.com:tsnest/MetroDeveloper.git,5
MDEwOlJlcG9zaXRvcnkzNTM0NTI1MjM=,2021-03-31T18:26:10Z,2026-05-07T03:11:32Z,2026-04-03T15:10:30Z,473,False,system_theme,bdlukaa/system_theme,git@github.com:bdlukaa/system_theme.git,40
MDEwOlJlcG9zaXRvcnkzNTMzOTQ1Njg=,2021-03-31T14:58:23Z,2026-04-21T14:46:04Z,2026-04-21T14:45:59Z,27,True,grpc_image_client_example,roboception/grpc_image_client_example,git@github.com:roboception/grpc_image_client_example.git,1
MDEwOlJlcG9zaXRvcnkzNTMzODYwMjY=,2021-03-31T14:32:13Z,2026-05-04T15:26:11Z,2026-05-05T14:27:22Z,8861,True,OsmAnd-core-legacy,osmandapp/OsmAnd-core-legacy,git@github.com:osmandapp/OsmAnd-core-legacy.git,4
MDEwOlJlcG9zaXRvcnkzNTMzODA3NTA=,2021-03-31T14:15:39Z,2026-04-10T12:39:30Z,2026-04-10T12:39:26Z,17,True,neo_teleop2,neobotix/neo_teleop2,git@github.com:neobotix/neo_teleop2.git,1
MDEwOlJlcG9zaXRvcnkzNTMyMDQzMTQ=,2021-03-31T02:46:44Z,2026-05-02T00:32:57Z,2026-05-02T00:32:02Z,5109,False,CarPi,banishlight/CarPi,git@github.com:banishlight/CarPi.git,0
MDEwOlJlcG9zaXRvcnkzNTMxODU4ODA=,2021-03-31T01:13:43Z,2026-04-08T09:16:35Z,2026-04-08T09:16:29Z,2960,True,etl-partial,modm-ext/etl-partial,git@github.com:modm-ext/etl-partial.git,0
MDEwOlJlcG9zaXRvcnkzNTMxNDA5MTk=,2021-03-30T21:03:37Z,2026-05-04T01:04:42Z,2026-05-04T01:04:37Z,4690,True,Vinifera,Vinifera-Developers/Vinifera,git@github.com:Vinifera-Developers/Vinifera.git,72
MDEwOlJlcG9zaXRvcnkzNTMxMjk2MTU=,2021-03-30T20:14:36Z,2026-04-02T22:59:39Z,2026-04-02T22:59:34Z,166106,True,TU-Wien-curricula-archive,higgsAT/TU-Wien-curricula-archive,git@github.com:higgsAT/TU-Wien-curricula-archive.git,0
MDEwOlJlcG9zaXRvcnkzNTMwMzExOTk=,2021-03-30T14:30:46Z,2026-04-16T04:19:16Z,2026-04-13T11:46:19Z,820,True,vst3projectgenerator,steinbergmedia/vst3projectgenerator,git@github.com:steinbergmedia/vst3projectgenerator.git,42
MDEwOlJlcG9zaXRvcnkzNTMwMzA3NjQ=,2021-03-30T14:29:24Z,2026-04-19T17:22:09Z,2026-04-19T17:22:03Z,249,False,hauntcontrol,aidtopia/hauntcontrol,git@github.com:aidtopia/hauntcontrol.git,1
MDEwOlJlcG9zaXRvcnkzNTMwMDUzNDY=,2021-03-30T13:10:19Z,2026-04-07T18:56:08Z,2026-04-07T18:56:03Z,152,False,asset_plus,sagnik150699/asset_plus,git@github.com:sagnik150699/asset_plus.git,0
MDEwOlJlcG9zaXRvcnkzNTI5MDE3Mzc=,2021-03-30T06:59:39Z,2026-04-14T07:41:09Z,2026-04-14T09:08:01Z,38999,False,Methane,rombust/Methane,git@github.com:rombust/Methane.git,11
MDEwOlJlcG9zaXRvcnkzNTI5MDExNTQ=,2021-03-30T06:57:15Z,2026-04-17T13:53:12Z,2026-04-17T13:53:08Z,57,False,muon_telescope,EsterRicci/muon_telescope,git@github.com:EsterRicci/muon_telescope.git,2
MDEwOlJlcG9zaXRvcnkzNTI4MDkwMzU=,2021-03-29T23:13:04Z,2026-04-14T00:20:58Z,2026-04-22T20:44:50Z,9574,False,STAC,Xylopyrographer/STAC,git@github.com:Xylopyrographer/STAC.git,6
MDEwOlJlcG9zaXRvcnkzNTI3NDkxMjA=,2021-03-29T18:41:19Z,2026-05-03T17:24:37Z,2026-04-27T20:11:16Z,166454,False,rosegarden-official,tedfelix/rosegarden-official,git@github.com:tedfelix/rosegarden-official.git,40
MDEwOlJlcG9zaXRvcnkzNTI3MzMyOTc=,2021-03-29T17:45:42Z,2026-04-22T22:12:58Z,2026-04-15T18:04:59Z,353,True,tensorrt_backend,triton-inference-server/tensorrt_backend,git@github.com:triton-inference-server/tensorrt_backend.git,87
MDEwOlJlcG9zaXRvcnkzNTI2OTcwNzk=,2021-03-29T15:44:36Z,2026-04-28T02:39:11Z,2026-04-25T18:23:54Z,2802829,True,oomph-lib,oomph-lib/oomph-lib,git@github.com:oomph-lib/oomph-lib.git,57
MDEwOlJlcG9zaXRvcnkzNTI2OTI3MDQ=,2021-03-29T15:30:03Z,2026-04-29T07:13:32Z,2026-04-17T15:13:12Z,5116,False,AsyncTelegram2,cotestatnt/AsyncTelegram2,git@github.com:cotestatnt/AsyncTelegram2.git,102
MDEwOlJlcG9zaXRvcnkzNTI2ODk3ODA=,2021-03-29T15:20:38Z,2026-04-25T11:23:44Z,2026-04-25T11:23:41Z,283,False,XexUtils,ClementDreptin/XexUtils,git@github.com:ClementDreptin/XexUtils.git,35
MDEwOlJlcG9zaXRvcnkzNTI2Nzg3NzY=,2021-03-29T14:46:48Z,2026-05-01T08:58:43Z,2026-04-25T11:27:45Z,23978,False,Hayzen,ClementDreptin/Hayzen,git@github.com:ClementDreptin/Hayzen.git,37
MDEwOlJlcG9zaXRvcnkzNTI2NzU5OTY=,2021-03-29T14:38:21Z,2026-05-05T02:38:34Z,2026-05-05T02:38:30Z,3538,False,code,Ryan1702/code,git@github.com:Ryan1702/code.git,0
MDEwOlJlcG9zaXRvcnkzNTI2NDk1OTg=,2021-03-29T13:16:11Z,2026-04-28T01:32:39Z,2026-04-28T01:32:37Z,3354,True,trigger,DUNE-DAQ/trigger,git@github.com:DUNE-DAQ/trigger.git,0
MDEwOlJlcG9zaXRvcnkzNTI2Mzc5NTY=,2021-03-29T12:37:57Z,2026-03-27T13:02:32Z,2026-03-27T13:01:57Z,56,False,Arduino_LCD_Games,Rigoloscar/Arduino_LCD_Games,git@github.com:Rigoloscar/Arduino_LCD_Games.git,2
MDEwOlJlcG9zaXRvcnkzNTI2MjYzNzA=,2021-03-29T11:57:10Z,2026-04-27T01:31:19Z,2026-05-07T11:31:27Z,1352209,True,trust-code,cea-trust-platform/trust-code,git@github.com:cea-trust-platform/trust-code.git,70
MDEwOlJlcG9zaXRvcnkzNTI1Mzc3NzE=,2021-03-29T06:23:27Z,2026-03-30T08:28:56Z,2026-03-30T08:28:52Z,542,False,rest_awhile,Fryguest/rest_awhile,git@github.com:Fryguest/rest_awhile.git,0
MDEwOlJlcG9zaXRvcnkzNTI1MTc3MTE=,2021-03-29T04:39:38Z,2026-03-11T07:49:23Z,2026-03-11T07:49:19Z,1031,False,LatticeMonteCarlo,zhucongx/LatticeMonteCarlo,git@github.com:zhucongx/LatticeMonteCarlo.git,2
MDEwOlJlcG9zaXRvcnkzNTI0OTc0MzE=,2021-03-29T02:52:04Z,2026-05-06T03:23:54Z,2026-05-06T03:23:51Z,21332,False,KnownBase,LviatYi/KnownBase,git@github.com:LviatYi/KnownBase.git,4
MDEwOlJlcG9zaXRvcnkzNTI0MjE0NjU=,2021-03-28T19:37:00Z,2026-04-24T21:22:56Z,2026-03-24T10:32:26Z,43071,False,NiagaraUIRenderer,SourySK/NiagaraUIRenderer,git@github.com:SourySK/NiagaraUIRenderer.git,349
MDEwOlJlcG9zaXRvcnkzNTI0MTExNzc=,2021-03-28T18:48:01Z,2026-05-05T14:26:48Z,2026-05-05T14:26:33Z,488770,True,air,uksf/air,git@github.com:uksf/air.git,1
MDEwOlJlcG9zaXRvcnkzNTIzODgyMzY=,2021-03-28T17:05:59Z,2026-03-02T04:50:52Z,2026-03-02T04:50:49Z,4024,False,playground,uyha/playground,git@github.com:uyha/playground.git,0
MDEwOlJlcG9zaXRvcnkzNTIzNjk4OTI=,2021-03-28T15:45:53Z,2026-04-08T09:29:29Z,2026-03-12T11:35:18Z,845,False,DaisySP_Teensy,rheslip/DaisySP_Teensy,git@github.com:rheslip/DaisySP_Teensy.git,71
MDEwOlJlcG9zaXRvcnkzNTIzNjEyMDA=,2021-03-28T15:09:31Z,2026-05-06T10:02:21Z,2026-03-25T05:35:14Z,2752,True,plotjuggler-CAN-dbs,PlotJuggler/plotjuggler-CAN-dbs,git@github.com:PlotJuggler/plotjuggler-CAN-dbs.git,59
MDEwOlJlcG9zaXRvcnkzNTIzNDQyMzg=,2021-03-28T14:00:13Z,2026-03-28T21:21:33Z,2026-03-28T21:21:28Z,20667,False,DX11,Johan5/DX11,git@github.com:Johan5/DX11.git,0
MDEwOlJlcG9zaXRvcnkzNTIzMzU5NjE=,2021-03-28T13:24:58Z,2026-04-12T18:45:25Z,2026-04-12T18:49:51Z,130,False,opentherm-gateway-esphome,KPWhiver/opentherm-gateway-esphome,git@github.com:KPWhiver/opentherm-gateway-esphome.git,8
MDEwOlJlcG9zaXRvcnkzNTIyODIzMjg=,2021-03-28T08:54:15Z,2026-03-21T13:41:31Z,2026-03-21T13:41:29Z,70,True,exceptions,Felspar/exceptions,git@github.com:Felspar/exceptions.git,2
MDEwOlJlcG9zaXRvcnkzNTIyNzA1NjY=,2021-03-28T07:46:33Z,2026-05-04T07:25:08Z,2026-05-07T09:15:20Z,3909,True,kjournald,KDE/kjournald,git@github.com:KDE/kjournald.git,18
MDEwOlJlcG9zaXRvcnkzNTIyNjE5Mjk=,2021-03-28T06:54:26Z,2026-05-06T09:11:24Z,2026-05-05T07:24:49Z,580283,False,gravitymon,mp-se/gravitymon,git@github.com:mp-se/gravitymon.git,91
MDEwOlJlcG9zaXRvcnkzNTIyNDE0Njk=,2021-03-28T04:35:45Z,2026-03-22T22:53:10Z,2026-03-22T22:53:06Z,2837,False,Programming-Exercises,luisalazago/Programming-Exercises,git@github.com:luisalazago/Programming-Exercises.git,0
MDEwOlJlcG9zaXRvcnkzNTIyMzQ3NDU=,2021-03-28T03:48:34Z,2026-05-04T03:37:35Z,2026-05-04T03:42:50Z,4254,True,DataConfig,slowburn-dev/DataConfig,git@github.com:slowburn-dev/DataConfig.git,237
MDEwOlJlcG9zaXRvcnkzNTIyMTE0ODQ=,2021-03-28T00:54:31Z,2026-05-05T21:13:00Z,2026-04-27T03:17:49Z,711621,False,Project-Infestation,ColtTheKing/Project-Infestation,git@github.com:ColtTheKing/Project-Infestation.git,1
MDEwOlJlcG9zaXRvcnkzNTIyMTA5MjM=,2021-03-28T00:50:00Z,2026-04-22T16:57:12Z,2026-04-22T16:57:08Z,27644,False,collector,rhsCZ/collector,git@github.com:rhsCZ/collector.git,0
MDEwOlJlcG9zaXRvcnkzNTIxOTQ3NjE=,2021-03-27T22:52:44Z,2026-04-01T04:58:21Z,2026-03-27T09:09:50Z,19275,False,Goro-Races,ganzone/Goro-Races,git@github.com:ganzone/Goro-Races.git,1
MDEwOlJlcG9zaXRvcnkzNTIxOTQxNDc=,2021-03-27T22:48:24Z,2026-05-07T00:54:48Z,2026-05-03T01:08:30Z,113718,False,Sandboxie_Hook,TimelifeCzy/Sandboxie_Hook,git@github.com:TimelifeCzy/Sandboxie_Hook.git,23
MDEwOlJlcG9zaXRvcnkzNTIxNzQ2NDc=,2021-03-27T20:51:38Z,2026-03-17T19:15:05Z,2026-03-17T20:41:11Z,31417,False,fireball,leorse/fireball,git@github.com:leorse/fireball.git,0
MDEwOlJlcG9zaXRvcnkzNTIxMzg3MTA=,2021-03-27T17:47:31Z,2026-03-25T14:25:53Z,2026-03-25T14:25:21Z,84,False,wx_listctrl_tutorial,lszl84/wx_listctrl_tutorial,git@github.com:lszl84/wx_listctrl_tutorial.git,9
MDEwOlJlcG9zaXRvcnkzNTIxMDEyNDg=,2021-03-27T15:01:30Z,2026-05-04T15:18:32Z,2026-04-22T09:03:43Z,637808,True,zeno,zenustech/zeno,git@github.com:zenustech/zeno.git,1389
MDEwOlJlcG9zaXRvcnkzNTIwNDg0NzU=,2021-03-27T10:53:31Z,2026-05-04T17:03:44Z,2026-05-04T17:03:40Z,391,True,FlowGame,MothCocoon/FlowGame,git@github.com:MothCocoon/FlowGame.git,79
MDEwOlJlcG9zaXRvcnkzNTE5ODA0NzM=,2021-03-27T04:22:46Z,2026-04-26T15:30:35Z,2026-04-26T15:30:30Z,2009,False,HDNes-Graphics-Pack-Editor,mkwong98/HDNes-Graphics-Pack-Editor,git@github.com:mkwong98/HDNes-Graphics-Pack-Editor.git,6
MDEwOlJlcG9zaXRvcnkzNTE5NTQ4MjU=,2021-03-27T01:31:59Z,2026-04-03T23:30:24Z,2026-04-26T22:06:45Z,11743,False,arctic,arcticengine/arctic,git@github.com:arcticengine/arctic.git,7
MDEwOlJlcG9zaXRvcnkzNTE5MDUzNjY=,2021-03-26T20:33:47Z,2026-04-23T23:12:19Z,2026-04-23T23:12:13Z,11468,False,arduino,cristobalgh/arduino,git@github.com:cristobalgh/arduino.git,0
MDEwOlJlcG9zaXRvcnkzNTE4NzgxODI=,2021-03-26T18:32:46Z,2026-04-21T15:16:17Z,2026-04-21T15:01:04Z,4870,False,opencv2_cookbook_codes_and_notes,insaneyilin/opencv2_cookbook_codes_and_notes,git@github.com:insaneyilin/opencv2_cookbook_codes_and_notes.git,0
MDEwOlJlcG9zaXRvcnkzNTE4NDQwNzA=,2021-03-26T16:24:42Z,2026-04-30T15:24:36Z,2026-04-30T15:19:25Z,4478,False,pianocheetah,Stephen-Hazel/pianocheetah,git@github.com:Stephen-Hazel/pianocheetah.git,0
MDEwOlJlcG9zaXRvcnkzNTE4MTY3MDE=,2021-03-26T14:52:46Z,2026-04-26T14:05:10Z,2026-04-29T15:45:16Z,3627,True,jumpstart-docs,scs/jumpstart-docs,git@github.com:scs/jumpstart-docs.git,6
MDEwOlJlcG9zaXRvcnkzNTE3OTE4MDY=,2021-03-26T13:30:31Z,2026-04-24T12:34:34Z,2026-04-24T12:34:29Z,953,False,POSN_BUU,MasterIceZ/POSN_BUU,git@github.com:MasterIceZ/POSN_BUU.git,2
MDEwOlJlcG9zaXRvcnkzNTE3NjY0NzE=,2021-03-26T11:56:56Z,2026-04-04T08:43:37Z,2026-04-04T08:43:33Z,842,False,gr-PacketDeCoderSDR,pavelfpl/gr-PacketDeCoderSDR,git@github.com:pavelfpl/gr-PacketDeCoderSDR.git,0
MDEwOlJlcG9zaXRvcnkzNTE3NDA5NzA=,2021-03-26T10:17:14Z,2026-03-05T10:43:02Z,2026-03-05T10:42:58Z,368,True,node-api,griddb/node-api,git@github.com:griddb/node-api.git,4
MDEwOlJlcG9zaXRvcnkzNTE3Mzc4NDM=,2021-03-26T10:04:38Z,2026-05-01T21:27:17Z,2026-05-01T21:27:14Z,101051,False,animation,Xavierkst/animation,git@github.com:Xavierkst/animation.git,2
MDEwOlJlcG9zaXRvcnkzNTE3MjU1NTU=,2021-03-26T09:19:23Z,2026-04-28T22:24:03Z,2026-03-18T11:00:17Z,2047,False,SmartWebServer,hjd1964/SmartWebServer,git@github.com:hjd1964/SmartWebServer.git,50
MDEwOlJlcG9zaXRvcnkzNTE3MjQ0NjE=,2021-03-26T09:14:50Z,2026-03-15T05:41:04Z,2026-03-15T05:41:00Z,1234,False,YAREN,Anshul7sp1/YAREN,git@github.com:Anshul7sp1/YAREN.git,0
MDEwOlJlcG9zaXRvcnkzNTE3MTM4NzA=,2021-03-26T08:34:17Z,2026-05-05T23:15:23Z,2026-05-05T21:51:11Z,11429,False,PopTracker,black-sliver/PopTracker,git@github.com:black-sliver/PopTracker.git,164
MDEwOlJlcG9zaXRvcnkzNTE2NzQ1NDQ=,2021-03-26T05:40:27Z,2026-04-04T08:25:01Z,2026-04-04T08:39:58Z,210,False,ByteBuffer,CPythoner/ByteBuffer,git@github.com:CPythoner/ByteBuffer.git,13
MDEwOlJlcG9zaXRvcnkzNTE1Njc4NjY=,2021-03-25T20:31:36Z,2026-05-01T19:06:55Z,2026-03-17T06:38:46Z,124002,False,UE4EasyLocalizationTool,zompi2/UE4EasyLocalizationTool,git@github.com:zompi2/UE4EasyLocalizationTool.git,124
MDEwOlJlcG9zaXRvcnkzNTE1NjI3NDA=,2021-03-25T20:10:24Z,2026-03-17T13:25:48Z,2026-03-17T13:25:44Z,24179,True,SentimentAnalysis-CPP,StarlangSoftware/SentimentAnalysis-CPP,git@github.com:StarlangSoftware/SentimentAnalysis-CPP.git,1
MDEwOlJlcG9zaXRvcnkzNTE1NDQ5Nzg=,2021-03-25T18:59:12Z,2026-05-06T19:11:01Z,2026-05-02T02:08:43Z,1063,False,HidHide,nefarius/HidHide,git@github.com:nefarius/HidHide.git,1388
MDEwOlJlcG9zaXRvcnkzNTE1MTIwOTA=,2021-03-25T16:56:53Z,2026-05-03T22:45:29Z,2026-05-04T12:14:10Z,46055,True,DPP,brainboxdotcc/DPP,git@github.com:brainboxdotcc/DPP.git,1349
MDEwOlJlcG9zaXRvcnkzNTE0ODQxNTk=,2021-03-25T15:24:27Z,2026-03-11T18:42:18Z,2026-03-11T18:42:09Z,10673,True,IRBEM-extras,PRBEM/IRBEM-extras,git@github.com:PRBEM/IRBEM-extras.git,5
MDEwOlJlcG9zaXRvcnkzNTE0Mzc2MDI=,2021-03-25T12:59:49Z,2026-03-23T08:42:08Z,2026-03-23T08:42:04Z,1465,True,qmmp-voice,TTK-qmmp/qmmp-voice,git@github.com:TTK-qmmp/qmmp-voice.git,1
MDEwOlJlcG9zaXRvcnkzNTE0MzY3NjU=,2021-03-25T12:57:01Z,2026-03-24T09:13:52Z,2026-03-23T08:42:02Z,1854,True,qmmp-sonique,TTK-qmmp/qmmp-sonique,git@github.com:TTK-qmmp/qmmp-sonique.git,4
MDEwOlJlcG9zaXRvcnkzNTE0MzYwMDE=,2021-03-25T12:54:26Z,2026-03-23T08:42:03Z,2026-03-23T08:41:59Z,138,True,qmmp-mountain,TTK-qmmp/qmmp-mountain,git@github.com:TTK-qmmp/qmmp-mountain.git,0
MDEwOlJlcG9zaXRvcnkzNTE0MzE2Njc=,2021-03-25T12:40:08Z,2026-03-23T09:36:10Z,2026-03-23T09:36:06Z,102,False,linear-algebra,exclowd/linear-algebra,git@github.com:exclowd/linear-algebra.git,0
MDEwOlJlcG9zaXRvcnkzNTE0MjcxMDU=,2021-03-25T12:24:36Z,2026-03-23T08:41:49Z,2026-03-23T08:41:45Z,172,True,qmmp-blurxrays,TTK-qmmp/qmmp-blurxrays,git@github.com:TTK-qmmp/qmmp-blurxrays.git,1
MDEwOlJlcG9zaXRvcnkzNTE0MDAxMDI=,2021-03-25T10:47:00Z,2026-04-03T23:40:03Z,2026-03-23T21:57:39Z,186,False,simcpp20,fschuetz04/simcpp20,git@github.com:fschuetz04/simcpp20.git,66
MDEwOlJlcG9zaXRvcnkzNTEzOTI5NzM=,2021-03-25T10:20:19Z,2026-04-17T06:37:30Z,2026-04-17T06:37:28Z,24119,False,network-driver,jakobod/network-driver,git@github.com:jakobod/network-driver.git,4
MDEwOlJlcG9zaXRvcnkzNTEzODQzMDc=,2021-03-25T09:49:06Z,2026-05-05T10:31:28Z,2026-05-05T10:31:25Z,53604,True,agouti,AgoutiCoin/agouti,git@github.com:AgoutiCoin/agouti.git,0
MDEwOlJlcG9zaXRvcnkzNTEzNzc0MTE=,2021-03-25T09:25:46Z,2026-04-25T19:16:21Z,2026-04-25T21:27:48Z,136717,True,omegacoin,OmegaBlockchain/omegacoin,git@github.com:OmegaBlockchain/omegacoin.git,6
MDEwOlJlcG9zaXRvcnkzNTEzMTY4NDQ=,2021-03-25T05:15:00Z,2026-05-05T18:27:27Z,2026-05-05T18:27:22Z,703904,False,6502-COB,acwright/6502-COB,git@github.com:acwright/6502-COB.git,42
MDEwOlJlcG9zaXRvcnkzNTEzMDExNjI=,2021-03-25T03:48:10Z,2026-05-07T11:25:07Z,2026-05-07T11:21:10Z,352201,False,VRSFML,vittorioromeo/VRSFML,git@github.com:vittorioromeo/VRSFML.git,99
MDEwOlJlcG9zaXRvcnkzNTEyODI5Njk=,2021-03-25T02:17:23Z,2026-03-11T03:57:11Z,2026-03-11T03:57:08Z,866,False,longer_days,ItsLimaBean/longer_days,git@github.com:ItsLimaBean/longer_days.git,2
MDEwOlJlcG9zaXRvcnkzNTEyNjAyNzE=,2021-03-25T00:19:30Z,2026-03-28T15:06:04Z,2026-03-28T21:19:20Z,67953,False,Time-Circuits-Display,CircuitSetup/Time-Circuits-Display,git@github.com:CircuitSetup/Time-Circuits-Display.git,127
MDEwOlJlcG9zaXRvcnkzNTExNTk5MDc=,2021-03-24T17:02:51Z,2026-04-28T16:25:05Z,2026-04-29T13:09:57Z,790,True,hector_ros_controllers,tu-darmstadt-ros-pkg/hector_ros_controllers,git@github.com:tu-darmstadt-ros-pkg/hector_ros_controllers.git,3
MDEwOlJlcG9zaXRvcnkzNTExNTgwMjM=,2021-03-24T16:56:23Z,2026-05-05T13:40:09Z,2026-04-09T20:42:34Z,1233,True,qcoro,qcoro/qcoro,git@github.com:qcoro/qcoro.git,569
MDEwOlJlcG9zaXRvcnkzNTExNDgxMjM=,2021-03-24T16:23:11Z,2026-03-31T00:29:53Z,2026-03-12T19:59:22Z,1602,True,fstalign,revdotcom/fstalign,git@github.com:revdotcom/fstalign.git,170
MDEwOlJlcG9zaXRvcnkzNTExNDQyNzk=,2021-03-24T16:10:35Z,2026-04-28T10:16:17Z,2026-04-28T10:16:14Z,37602,False,IoT_Cooking_Recipes,gabriel-rausch/IoT_Cooking_Recipes,git@github.com:gabriel-rausch/IoT_Cooking_Recipes.git,3
MDEwOlJlcG9zaXRvcnkzNTExNDE1Nzc=,2021-03-24T16:02:20Z,2026-05-07T09:18:05Z,2026-05-03T13:03:11Z,12482,False,Daxa,Ipotrick/Daxa,git@github.com:Ipotrick/Daxa.git,565
MDEwOlJlcG9zaXRvcnkzNTExMzgyODY=,2021-03-24T15:51:39Z,2026-05-06T19:19:03Z,2026-05-04T17:03:06Z,3281,True,FlowGraph,MothCocoon/FlowGraph,git@github.com:MothCocoon/FlowGraph.git,1803
MDEwOlJlcG9zaXRvcnkzNTExMzI3Mzc=,2021-03-24T15:34:42Z,2026-04-29T17:38:04Z,2026-04-29T17:37:59Z,154,False,util,Fluiser/util,git@github.com:Fluiser/util.git,1
MDEwOlJlcG9zaXRvcnkzNTExMjk3MTA=,2021-03-24T15:25:44Z,2026-04-09T06:41:19Z,2026-04-09T06:41:15Z,123,False,nordconnector,ibbaa/nordconnector,git@github.com:ibbaa/nordconnector.git,3
MDEwOlJlcG9zaXRvcnkzNTExMDgwNTQ=,2021-03-24T14:22:52Z,2026-03-28T14:43:00Z,2026-03-28T14:42:58Z,26,False,qubit,narax2002/qubit,git@github.com:narax2002/qubit.git,0
MDEwOlJlcG9zaXRvcnkzNTEwNzA0MzY=,2021-03-24T12:24:22Z,2026-05-04T20:47:02Z,2026-05-04T20:47:27Z,6736,False,CppTest,skynowa/CppTest,git@github.com:skynowa/CppTest.git,0
MDEwOlJlcG9zaXRvcnkzNTA5MjUzNjM=,2021-03-24T02:45:28Z,2026-03-22T14:30:39Z,2026-03-22T14:30:36Z,862,False,MidiRecorder-Firmware,lachlansleight/MidiRecorder-Firmware,git@github.com:lachlansleight/MidiRecorder-Firmware.git,0
MDEwOlJlcG9zaXRvcnkzNTA4NDc4MDE=,2021-03-23T20:26:18Z,2026-05-04T14:23:30Z,2026-05-04T14:32:02Z,3216,True,gcamwrapper,JGCRI/gcamwrapper,git@github.com:JGCRI/gcamwrapper.git,15
MDEwOlJlcG9zaXRvcnkzNTA2NjgzMjg=,2021-03-23T10:23:02Z,2026-03-15T22:26:12Z,2026-03-15T22:26:09Z,97,False,RX_Bayang_Servo,stanekTM/RX_Bayang_Servo,git@github.com:stanekTM/RX_Bayang_Servo.git,8
MDEwOlJlcG9zaXRvcnkzNTA2NTIzODI=,2021-03-23T09:28:34Z,2026-03-17T17:28:08Z,2026-03-17T17:28:04Z,1647,False,fastcgi_json_cpp_api,berndporr/fastcgi_json_cpp_api,git@github.com:berndporr/fastcgi_json_cpp_api.git,4
MDEwOlJlcG9zaXRvcnkzNTA1MjgyMDY=,2021-03-23T00:17:35Z,2026-04-24T22:37:22Z,2026-04-24T22:37:18Z,64,False,my_esphome_setup,acshef/my_esphome_setup,git@github.com:acshef/my_esphome_setup.git,2
MDEwOlJlcG9zaXRvcnkzNTA1MDAwNDQ=,2021-03-22T21:53:01Z,2026-04-17T20:05:08Z,2026-05-02T10:25:19Z,276801,False,Caissa,Witek902/Caissa,git@github.com:Witek902/Caissa.git,95
MDEwOlJlcG9zaXRvcnkzNTA0ODcxNzI=,2021-03-22T20:57:05Z,2026-04-23T15:47:16Z,2026-04-23T15:47:09Z,76564,True,artemis,AMReX-Microelectronics/artemis,git@github.com:AMReX-Microelectronics/artemis.git,43
MDEwOlJlcG9zaXRvcnkzNTA0NjYzOTg=,2021-03-22T19:34:46Z,2026-04-23T07:20:33Z,2026-04-23T07:20:27Z,3722,False,grinder,lundberg/grinder,git@github.com:lundberg/grinder.git,3
MDEwOlJlcG9zaXRvcnkzNTAzNzUwODk=,2021-03-22T14:31:56Z,2026-05-07T05:19:20Z,2026-03-19T02:59:30Z,469475,True,lite.ai.toolkit,xlite-dev/lite.ai.toolkit,git@github.com:xlite-dev/lite.ai.toolkit.git,4405
MDEwOlJlcG9zaXRvcnkzNTAzNTkxNjg=,2021-03-22T13:44:33Z,2026-04-02T19:37:00Z,2026-04-02T19:36:54Z,3460,True,opencmw-cpp,fair-acc/opencmw-cpp,git@github.com:fair-acc/opencmw-cpp.git,13
MDEwOlJlcG9zaXRvcnkzNTAyNTQ1MTI=,2021-03-22T07:53:26Z,2026-03-26T13:13:02Z,2026-04-13T14:46:11Z,1020,True,unreal-server-sdk,lootlocker/unreal-server-sdk,git@github.com:lootlocker/unreal-server-sdk.git,2
MDEwOlJlcG9zaXRvcnkzNTAyNTI1MzA=,2021-03-22T07:46:03Z,2026-05-04T07:04:00Z,2026-05-04T07:03:56Z,110940,False,CS104,dimitarminchev/CS104,git@github.com:dimitarminchev/CS104.git,21
MDEwOlJlcG9zaXRvcnkzNTAyMTIxMDM=,2021-03-22T04:58:09Z,2026-04-15T19:23:17Z,2026-04-15T19:23:13Z,14858,False,dvs,LumosRobotics/dvs,git@github.com:LumosRobotics/dvs.git,0
MDEwOlJlcG9zaXRvcnkzNTAxNTM3NTY=,2021-03-22T00:10:16Z,2026-05-04T21:43:25Z,2026-05-04T21:43:20Z,5023,False,NP-Engine,naphipps/NP-Engine,git@github.com:naphipps/NP-Engine.git,5
MDEwOlJlcG9zaXRvcnkzNTAxMjUyMjA=,2021-03-21T21:35:18Z,2026-04-07T20:09:30Z,2026-03-31T12:24:40Z,89,False,metroid-prime-source-mod,shiiion/metroid-prime-source-mod,git@github.com:shiiion/metroid-prime-source-mod.git,47
MDEwOlJlcG9zaXRvcnkzNTAwOTExMzU=,2021-03-21T18:57:24Z,2026-03-16T05:20:03Z,2026-03-16T05:20:06Z,88,True,Arduino_OplaUI,arduino-libraries/Arduino_OplaUI,git@github.com:arduino-libraries/Arduino_OplaUI.git,4
MDEwOlJlcG9zaXRvcnkzNTAwNzQ0ODc=,2021-03-21T17:47:09Z,2026-05-06T21:01:18Z,2026-05-06T21:01:13Z,1433,False,Algorithm,jianfeipan/Algorithm,git@github.com:jianfeipan/Algorithm.git,0
MDEwOlJlcG9zaXRvcnkzNTAwMDU3Mjk=,2021-03-21T13:24:19Z,2026-05-07T05:51:09Z,2026-05-07T05:51:05Z,44762,True,cloudpilot-emu,cloudpilot-emu/cloudpilot-emu,git@github.com:cloudpilot-emu/cloudpilot-emu.git,303
MDEwOlJlcG9zaXRvcnkzNDk5OTY1NzI=,2021-03-21T12:47:44Z,2026-04-12T01:29:05Z,2026-04-12T01:28:59Z,10114,False,JetAnalysis,yasukitachibana/JetAnalysis,git@github.com:yasukitachibana/JetAnalysis.git,4
MDEwOlJlcG9zaXRvcnkzNDk5ODcxNDc=,2021-03-21T12:07:50Z,2026-03-07T15:07:13Z,2026-03-07T15:07:09Z,2258,False,ProblemSolving,hyeongcheolkim/ProblemSolving,git@github.com:hyeongcheolkim/ProblemSolving.git,1
MDEwOlJlcG9zaXRvcnkzNDk5NzA0NDg=,2021-03-21T10:55:32Z,2026-05-02T10:52:23Z,2026-05-02T10:52:19Z,15,False,AwsIotDemo_Arduino,mattb1969/AwsIotDemo_Arduino,git@github.com:mattb1969/AwsIotDemo_Arduino.git,0
MDEwOlJlcG9zaXRvcnkzNDk5NTQ3MzY=,2021-03-21T09:40:38Z,2026-05-06T11:28:04Z,2026-05-06T11:28:03Z,24263,True,VectorSimilarity,RedisAI/VectorSimilarity,git@github.com:RedisAI/VectorSimilarity.git,52
MDEwOlJlcG9zaXRvcnkzNDk5NDgxMjQ=,2021-03-21T09:08:57Z,2026-04-06T09:14:43Z,2026-04-06T09:14:39Z,1090,False,pge-app,Knoblauchpilze/pge-app,git@github.com:Knoblauchpilze/pge-app.git,0
MDEwOlJlcG9zaXRvcnkzNDk5MzM4OTI=,2021-03-21T07:57:55Z,2026-03-28T13:30:18Z,2026-03-28T13:30:14Z,216,True,BeakJoon-Algorithm-Practice,DaeSun-Practices/BeakJoon-Algorithm-Practice,git@github.com:DaeSun-Practices/BeakJoon-Algorithm-Practice.git,0
MDEwOlJlcG9zaXRvcnkzNDk5MjkzNTM=,2021-03-21T07:33:17Z,2026-03-28T09:35:54Z,2026-03-28T09:35:50Z,2660,False,atcoder,hibit-at/atcoder,git@github.com:hibit-at/atcoder.git,0
MDEwOlJlcG9zaXRvcnkzNDk5Mjc5NzI=,2021-03-21T07:25:54Z,2026-05-04T14:08:22Z,2026-05-07T09:29:25Z,5454,True,skanpage,KDE/skanpage,git@github.com:KDE/skanpage.git,17
MDEwOlJlcG9zaXRvcnkzNDk5MjUwMTE=,2021-03-21T07:09:47Z,2026-04-18T12:09:21Z,2026-04-18T12:09:19Z,992,False,argparse-c,YoshihideShirai/argparse-c,git@github.com:YoshihideShirai/argparse-c.git,0
MDEwOlJlcG9zaXRvcnkzNDk4ODkwMzk=,2021-03-21T03:11:20Z,2026-04-26T20:29:18Z,2026-05-04T17:09:37Z,866,False,gameboy,anthonygedeon/gameboy,git@github.com:anthonygedeon/gameboy.git,4
MDEwOlJlcG9zaXRvcnkzNDk4NjA5Njg=,2021-03-20T23:58:32Z,2026-04-20T22:36:25Z,2026-04-20T22:36:21Z,52435,False,Astrodynamics,AstroAnmol/Astrodynamics,git@github.com:AstroAnmol/Astrodynamics.git,0
MDEwOlJlcG9zaXRvcnkzNDk4NTQ5NTA=,2021-03-20T23:12:42Z,2026-04-27T06:37:43Z,2026-04-27T06:25:56Z,358,True,etc,KART-Software/etc,git@github.com:KART-Software/etc.git,1
MDEwOlJlcG9zaXRvcnkzNDk4MTU5MDA=,2021-03-20T19:20:33Z,2026-04-03T15:11:22Z,2026-05-04T12:31:21Z,3189,False,esphome_components,heinekmadsen/esphome_components,git@github.com:heinekmadsen/esphome_components.git,39
MDEwOlJlcG9zaXRvcnkzNDk3NTgwNjE=,2021-03-20T15:09:29Z,2026-03-29T14:13:38Z,2026-03-25T23:27:15Z,209664,False,PiedPiperS,jorail/PiedPiperS,git@github.com:jorail/PiedPiperS.git,5
MDEwOlJlcG9zaXRvcnkzNDk3NDA3MTQ=,2021-03-20T14:01:50Z,2026-04-19T12:22:24Z,2026-04-19T12:22:20Z,660,False,ssl-socks,windfail/ssl-socks,git@github.com:windfail/ssl-socks.git,2
MDEwOlJlcG9zaXRvcnkzNDk3Mzg3NTQ=,2021-03-20T13:53:28Z,2026-05-07T08:48:57Z,2026-05-04T02:41:12Z,2199,False,FlashMQ,halfgaar/FlashMQ,git@github.com:halfgaar/FlashMQ.git,239
MDEwOlJlcG9zaXRvcnkzNDk2MTQ3MjU=,2021-03-20T03:14:57Z,2026-04-24T10:17:00Z,2026-03-18T01:08:41Z,190062,True,openeew-firmware,openeew/openeew-firmware,git@github.com:openeew/openeew-firmware.git,11
MDEwOlJlcG9zaXRvcnkzNDk1ODk2NzY=,2021-03-20T00:32:29Z,2026-05-05T14:23:44Z,2026-05-05T14:23:18Z,2834,False,kurlyk,NewYaroslav/kurlyk,git@github.com:NewYaroslav/kurlyk.git,3
MDEwOlJlcG9zaXRvcnkzNDk1NzEzODg=,2021-03-19T22:34:30Z,2026-03-24T04:33:39Z,2026-03-24T04:33:35Z,1644,False,sif,atjhc/sif,git@github.com:atjhc/sif.git,5
MDEwOlJlcG9zaXRvcnkzNDk1NDIyMDg=,2021-03-19T20:02:36Z,2026-03-23T11:07:04Z,2026-03-23T11:07:00Z,5200,True,lang-plugin-go,MetaFFI/lang-plugin-go,git@github.com:MetaFFI/lang-plugin-go.git,0
MDEwOlJlcG9zaXRvcnkzNDk1MzgwMjk=,2021-03-19T19:44:21Z,2026-04-27T18:58:40Z,2026-04-27T18:58:35Z,27755,False,mars,dganellari/mars,git@github.com:dganellari/mars.git,2
MDEwOlJlcG9zaXRvcnkzNDk0OTk0MTE=,2021-03-19T17:12:14Z,2026-04-14T15:44:25Z,2026-04-14T15:44:16Z,10559,True,skydel-remote-api,learn-safran-navigation-timing/skydel-remote-api,git@github.com:learn-safran-navigation-timing/skydel-remote-api.git,14
MDEwOlJlcG9zaXRvcnkzNDk0OTQzODk=,2021-03-19T16:53:37Z,2026-05-03T23:06:20Z,2026-05-03T23:06:15Z,8661,False,repl-project1,adrianpoplesanu/repl-project1,git@github.com:adrianpoplesanu/repl-project1.git,0
MDEwOlJlcG9zaXRvcnkzNDk0NzMxODI=,2021-03-19T15:39:41Z,2026-04-22T11:44:57Z,2026-04-22T11:44:53Z,187,True,onednn-feedstock,conda-forge/onednn-feedstock,git@github.com:conda-forge/onednn-feedstock.git,4
MDEwOlJlcG9zaXRvcnkzNDk0Njc5MDU=,2021-03-19T15:22:29Z,2026-05-06T06:40:21Z,2026-05-06T06:48:46Z,80,True,bimi,halon-extras/bimi,git@github.com:halon-extras/bimi.git,2
MDEwOlJlcG9zaXRvcnkzNDk0NDk3NDI=,2021-03-19T14:24:12Z,2026-03-15T20:26:57Z,2026-03-31T19:20:30Z,631,False,hautbois,Leethine/hautbois,git@github.com:Leethine/hautbois.git,2
MDEwOlJlcG9zaXRvcnkzNDk0NDg5MDc=,2021-03-19T14:21:25Z,2026-03-20T01:29:12Z,2026-03-20T01:29:08Z,39,False,STLs-Library,Ahmed-Arafat10/STLs-Library,git@github.com:Ahmed-Arafat10/STLs-Library.git,0
MDEwOlJlcG9zaXRvcnkzNDk0NDI3Njg=,2021-03-19T14:01:45Z,2026-03-16T05:22:40Z,2026-03-16T05:22:43Z,140,True,Arduino_PortentaBreakout,arduino-libraries/Arduino_PortentaBreakout,git@github.com:arduino-libraries/Arduino_PortentaBreakout.git,10
MDEwOlJlcG9zaXRvcnkzNDk0Mzc5MDQ=,2021-03-19T13:45:48Z,2026-04-30T09:43:30Z,2026-04-30T09:43:26Z,69,True,logger,halon-extras/logger,git@github.com:halon-extras/logger.git,0
MDEwOlJlcG9zaXRvcnkzNDk0MzczMDY=,2021-03-19T13:43:45Z,2026-04-30T09:44:24Z,2026-04-30T09:44:19Z,98,True,warmup,halon-extras/warmup,git@github.com:halon-extras/warmup.git,4
MDEwOlJlcG9zaXRvcnkzNDk0MzUyMjc=,2021-03-19T13:37:20Z,2026-04-30T09:41:31Z,2026-04-30T09:41:27Z,43,True,suspend-time,halon-extras/suspend-time,git@github.com:halon-extras/suspend-time.git,0
MDEwOlJlcG9zaXRvcnkzNDk0MzMwODQ=,2021-03-19T13:30:26Z,2026-04-30T09:44:19Z,2026-04-30T09:44:15Z,22,True,suspend-start,halon-extras/suspend-start,git@github.com:halon-extras/suspend-start.git,0
MDEwOlJlcG9zaXRvcnkzNDkzNjgxNzE=,2021-03-19T09:30:10Z,2026-03-20T20:55:51Z,2026-03-20T20:55:48Z,2424,True,plugin-sdk,MetaFFI/plugin-sdk,git@github.com:MetaFFI/plugin-sdk.git,0
MDEwOlJlcG9zaXRvcnkzNDkzMzI4OTc=,2021-03-19T07:11:13Z,2026-05-03T02:08:41Z,2026-05-07T00:33:51Z,5104,False,OmegaZero,noah8368/OmegaZero,git@github.com:noah8368/OmegaZero.git,9
MDEwOlJlcG9zaXRvcnkzNDkyNTgxMzU=,2021-03-19T00:46:49Z,2026-04-25T15:27:12Z,2026-04-25T13:04:20Z,16,False,mestrado,poliana-moraes/mestrado,git@github.com:poliana-moraes/mestrado.git,2
MDEwOlJlcG9zaXRvcnkzNDkyMDUxOTE=,2021-03-18T20:13:55Z,2026-04-21T19:19:50Z,2026-04-21T19:19:46Z,2456,False,flutter,JimSeker/flutter,git@github.com:JimSeker/flutter.git,6
MDEwOlJlcG9zaXRvcnkzNDkxNzgyNTA=,2021-03-18T18:26:57Z,2026-04-30T09:42:25Z,2026-04-30T09:42:21Z,32,True,cyren,halon-extras/cyren,git@github.com:halon-extras/cyren.git,0
MDEwOlJlcG9zaXRvcnkzNDkxNzI5NzE=,2021-03-18T18:07:51Z,2026-04-20T17:45:54Z,2026-04-20T17:45:49Z,186,False,fastDist,vcastellar/fastDist,git@github.com:vcastellar/fastDist.git,0
MDEwOlJlcG9zaXRvcnkzNDkxMDk0MjU=,2021-03-18T14:43:58Z,2026-04-23T17:01:33Z,2026-04-23T17:01:10Z,9061,False,jet_racing,saptded/jet_racing,git@github.com:saptded/jet_racing.git,0
MDEwOlJlcG9zaXRvcnkzNDkwNzUyODg=,2021-03-18T13:00:59Z,2026-04-29T18:40:54Z,2026-05-05T11:58:22Z,21134,True,ChASE,ChASE-library/ChASE,git@github.com:ChASE-library/ChASE.git,19
MDEwOlJlcG9zaXRvcnkzNDkwNjQxMjg=,2021-03-18T12:25:21Z,2026-04-29T16:31:26Z,2026-04-29T16:31:22Z,898,False,Restgoose,martim01/Restgoose,git@github.com:martim01/Restgoose.git,4
MDEwOlJlcG9zaXRvcnkzNDkwNDE5NTg=,2021-03-18T11:07:59Z,2026-03-22T05:51:16Z,2026-03-22T05:51:13Z,26637,True,lang-plugin-python3,MetaFFI/lang-plugin-python3,git@github.com:MetaFFI/lang-plugin-python3.git,0
MDEwOlJlcG9zaXRvcnkzNDkwMjYzMjA=,2021-03-18T10:12:23Z,2026-04-28T13:23:35Z,2026-04-28T13:22:09Z,653,True,swedish-olympiad-2009,Kodsport/swedish-olympiad-2009,git@github.com:Kodsport/swedish-olympiad-2009.git,0
MDEwOlJlcG9zaXRvcnkzNDkwMTYyMTI=,2021-03-18T09:38:40Z,2026-04-08T22:27:40Z,2026-04-08T22:27:35Z,198,True,swedish-olympiad-1999,Kodsport/swedish-olympiad-1999,git@github.com:Kodsport/swedish-olympiad-1999.git,0
MDEwOlJlcG9zaXRvcnkzNDg5NzA5Mzg=,2021-03-18T06:52:32Z,2026-04-06T07:03:13Z,2026-04-06T07:03:10Z,11,False,THE_JAL_PROJECT,Jashan0077/THE_JAL_PROJECT,git@github.com:Jashan0077/THE_JAL_PROJECT.git,0
MDEwOlJlcG9zaXRvcnkzNDg5NTMzNjc=,2021-03-18T05:34:23Z,2026-04-23T16:57:03Z,2026-04-23T16:56:58Z,30877,True,agroTools,ARPA-SIMC/agroTools,git@github.com:ARPA-SIMC/agroTools.git,0
MDEwOlJlcG9zaXRvcnkzNDg4ODYwNjQ=,2021-03-17T23:58:12Z,2026-03-29T11:57:52Z,2026-03-05T02:07:02Z,8674,False,Esp32_RTK_BaseStation,slgrobotics/Esp32_RTK_BaseStation,git@github.com:slgrobotics/Esp32_RTK_BaseStation.git,34
MDEwOlJlcG9zaXRvcnkzNDg4MzUyMjE=,2021-03-17T19:55:38Z,2026-04-10T12:26:29Z,2026-04-28T12:17:29Z,69,True,neo_kinematics_omnidrive2,neobotix/neo_kinematics_omnidrive2,git@github.com:neobotix/neo_kinematics_omnidrive2.git,3
MDEwOlJlcG9zaXRvcnkzNDg3OTA2ODc=,2021-03-17T17:11:38Z,2026-04-08T07:23:41Z,2026-04-08T07:23:32Z,894,False,turbo-csv,gopi487krishna/turbo-csv,git@github.com:gopi487krishna/turbo-csv.git,3
MDEwOlJlcG9zaXRvcnkzNDg3NTEzOTk=,2021-03-17T15:03:23Z,2026-03-28T13:23:57Z,2026-03-04T12:00:07Z,1043,True,GAMMA-RAY,DGU-CBLAB/GAMMA-RAY,git@github.com:DGU-CBLAB/GAMMA-RAY.git,1
MDEwOlJlcG9zaXRvcnkzNDg3NDkxMTU=,2021-03-17T14:56:40Z,2026-03-07T14:01:56Z,2026-03-07T14:01:53Z,227,False,algoritmos2,BRJoaquin/algoritmos2,git@github.com:BRJoaquin/algoritmos2.git,12
MDEwOlJlcG9zaXRvcnkzNDg3Mjc5MDk=,2021-03-17T13:52:46Z,2026-04-27T19:19:21Z,2026-04-27T19:19:18Z,389,True,akushon,ichiro-its/akushon,git@github.com:ichiro-its/akushon.git,5
MDEwOlJlcG9zaXRvcnkzNDg3MTE2NDg=,2021-03-17T13:01:46Z,2026-03-17T06:35:03Z,2026-03-17T06:34:59Z,536,True,INMOST-Graphics,INMOST-DEV/INMOST-Graphics,git@github.com:INMOST-DEV/INMOST-Graphics.git,0
MDEwOlJlcG9zaXRvcnkzNDg2ODE0NTc=,2021-03-17T11:17:40Z,2026-04-22T14:31:42Z,2026-04-22T14:31:38Z,455,False,QtQMLInteraction,naren317/QtQMLInteraction,git@github.com:naren317/QtQMLInteraction.git,0
MDEwOlJlcG9zaXRvcnkzNDg2NjcyNzA=,2021-03-17T10:25:53Z,2026-03-30T13:06:39Z,2026-03-30T13:06:35Z,1157,False,esp32-canairio-loader,hpsaturn/esp32-canairio-loader,git@github.com:hpsaturn/esp32-canairio-loader.git,3
MDEwOlJlcG9zaXRvcnkzNDg2MjU4NDE=,2021-03-17T08:00:21Z,2026-05-04T19:26:55Z,2026-05-04T19:26:50Z,21476,False,ReDIVA,korenkonder/ReDIVA,git@github.com:korenkonder/ReDIVA.git,18
MDEwOlJlcG9zaXRvcnkzNDg1NzM5MjY=,2021-03-17T03:59:06Z,2026-05-05T05:12:34Z,2026-05-05T05:12:30Z,9630,False,RoboticaArduino-Robotic-arm-BR_ARM,TrilloBit3s/RoboticaArduino-Robotic-arm-BR_ARM,git@github.com:TrilloBit3s/RoboticaArduino-Robotic-arm-BR_ARM.git,0
MDEwOlJlcG9zaXRvcnkzNDg1NTU1MTI=,2021-03-17T02:27:56Z,2026-05-07T08:10:51Z,2026-03-16T16:56:22Z,569,False,HashMapDB,RafaelGranza/HashMapDB,git@github.com:RafaelGranza/HashMapDB.git,4
MDEwOlJlcG9zaXRvcnkzNDg0MTQ0MjU=,2021-03-16T16:18:41Z,2026-04-27T16:06:46Z,2026-04-27T16:06:17Z,103427,False,tc2037,Manchas2k4/tc2037,git@github.com:Manchas2k4/tc2037.git,8
MDEwOlJlcG9zaXRvcnkzNDg0MDUzNzI=,2021-03-16T15:49:25Z,2026-05-04T16:19:24Z,2026-05-04T16:11:27Z,28312,False,arcdps-extension,knoxfighter/arcdps-extension,git@github.com:knoxfighter/arcdps-extension.git,2
MDEwOlJlcG9zaXRvcnkzNDgzODAxNDA=,2021-03-16T14:33:10Z,2026-04-09T20:43:11Z,2026-04-09T20:43:08Z,397,False,estudos-iniciais-cpp,Gustavo-Wallace/estudos-iniciais-cpp,git@github.com:Gustavo-Wallace/estudos-iniciais-cpp.git,0
MDEwOlJlcG9zaXRvcnkzNDgzNzY4MTg=,2021-03-16T14:23:45Z,2026-05-05T00:15:04Z,2026-05-06T05:31:57Z,127959,False,CyberEther,luigifcruz/CyberEther,git@github.com:luigifcruz/CyberEther.git,720
MDEwOlJlcG9zaXRvcnkzNDgzNjEwMzk=,2021-03-16T13:37:33Z,2026-03-18T07:13:58Z,2026-03-18T06:55:17Z,27485,False,EscapeRoomSoftware,robertdraganoiu/EscapeRoomSoftware,git@github.com:robertdraganoiu/EscapeRoomSoftware.git,0
MDEwOlJlcG9zaXRvcnkzNDgzNTE0MDA=,2021-03-16T13:08:21Z,2026-03-26T10:17:01Z,2026-03-26T10:16:57Z,111,False,tcp-cpp,swishcloud/tcp-cpp,git@github.com:swishcloud/tcp-cpp.git,0
MDEwOlJlcG9zaXRvcnkzNDgyODMyMzU=,2021-03-16T09:17:52Z,2026-05-02T07:53:00Z,2026-05-02T07:52:56Z,153744,False,telua_esp32_sensor,letrthong/telua_esp32_sensor,git@github.com:letrthong/telua_esp32_sensor.git,0
MDEwOlJlcG9zaXRvcnkzNDgyNzI0NjM=,2021-03-16T08:42:05Z,2026-03-03T09:50:27Z,2026-03-03T09:50:22Z,5,False,lab1Ai,Mihnea-H/lab1Ai,git@github.com:Mihnea-H/lab1Ai.git,0
MDEwOlJlcG9zaXRvcnkzNDgyNjgzNDU=,2021-03-16T08:27:16Z,2026-04-12T10:55:35Z,2026-05-07T11:04:42Z,176239,False,sinen,astomih/sinen,git@github.com:astomih/sinen.git,4
MDEwOlJlcG9zaXRvcnkzNDgyNTE0MjA=,2021-03-16T07:24:25Z,2026-05-06T11:32:53Z,2026-05-06T11:32:49Z,1021,False,aardview,bwachter/aardview,git@github.com:bwachter/aardview.git,1
MDEwOlJlcG9zaXRvcnkzNDgyMzY5MTM=,2021-03-16T06:23:20Z,2026-04-25T05:36:08Z,2026-05-06T13:48:34Z,1246,True,rmf_visualization,open-rmf/rmf_visualization,git@github.com:open-rmf/rmf_visualization.git,28
MDEwOlJlcG9zaXRvcnkzNDgyMjEzNjM=,2021-03-16T05:09:24Z,2026-04-12T15:36:35Z,2026-04-12T15:36:32Z,921,True,smoother.py,m3nin0-labs/smoother.py,git@github.com:m3nin0-labs/smoother.py.git,1
MDEwOlJlcG9zaXRvcnkzNDgxOTk2MzI=,2021-03-16T03:20:08Z,2026-03-28T11:52:02Z,2026-03-28T11:51:57Z,542,True,terminal,cutefishos/terminal,git@github.com:cutefishos/terminal.git,52
MDEwOlJlcG9zaXRvcnkzNDgxOTE2ODk=,2021-03-16T02:43:25Z,2026-03-02T08:07:04Z,2026-03-01T09:31:54Z,813,False,1TD317,aprs25/1TD317,git@github.com:aprs25/1TD317.git,0
MDEwOlJlcG9zaXRvcnkzNDgxNjMzMjE=,2021-03-16T00:31:19Z,2026-04-19T10:05:20Z,2026-05-05T21:02:33Z,5282,False,swr,flubbe/swr,git@github.com:flubbe/swr.git,1
MDEwOlJlcG9zaXRvcnkzNDgxMzQ3NDc=,2021-03-15T22:00:34Z,2026-03-21T07:32:29Z,2026-03-21T07:32:56Z,326,True,koinos-block-producer,koinos/koinos-block-producer,git@github.com:koinos/koinos-block-producer.git,2
MDEwOlJlcG9zaXRvcnkzNDgxMzEwNDA=,2021-03-15T21:43:26Z,2026-04-01T14:43:18Z,2026-04-01T14:42:07Z,2070,False,PhaseOne-IIQ-Tools,Alexey-Danilchenko/PhaseOne-IIQ-Tools,git@github.com:Alexey-Danilchenko/PhaseOne-IIQ-Tools.git,9
MDEwOlJlcG9zaXRvcnkzNDgxMTg5NTM=,2021-03-15T20:51:20Z,2026-05-07T09:03:39Z,2026-05-07T09:03:35Z,33411,True,operating_system-posix,ca2/operating_system-posix,git@github.com:ca2/operating_system-posix.git,1
MDEwOlJlcG9zaXRvcnkzNDgxMTQ1NDc=,2021-03-15T20:33:36Z,2026-05-05T01:29:59Z,2026-05-05T01:29:56Z,9784,False,CPP_Utilities_project,Sephirothbahamut/CPP_Utilities_project,git@github.com:Sephirothbahamut/CPP_Utilities_project.git,20
MDEwOlJlcG9zaXRvcnkzNDgwNDE4NzA=,2021-03-15T16:21:31Z,2026-03-20T15:45:52Z,2026-03-20T16:02:11Z,505,False,sudoku-generator,rfciulei/sudoku-generator,git@github.com:rfciulei/sudoku-generator.git,0
MDEwOlJlcG9zaXRvcnkzNDgwMjU0MDQ=,2021-03-15T15:33:08Z,2026-03-06T10:33:59Z,2026-03-06T10:33:56Z,68,False,parse_args,Nico-Curti/parse_args,git@github.com:Nico-Curti/parse_args.git,0
MDEwOlJlcG9zaXRvcnkzNDc5OTg4MDY=,2021-03-15T14:20:25Z,2026-05-05T18:06:38Z,2026-05-05T18:06:33Z,12233,False,cppproj,ryanzzy1/cppproj,git@github.com:ryanzzy1/cppproj.git,0
MDEwOlJlcG9zaXRvcnkzNDc5MDU4MzI=,2021-03-15T09:20:57Z,2026-05-06T17:20:22Z,2026-05-06T09:12:29Z,113893,False,smplayer,smplayer-dev/smplayer,git@github.com:smplayer-dev/smplayer.git,993
MDEwOlJlcG9zaXRvcnkzNDc4OTEyOTM=,2021-03-15T08:30:50Z,2026-05-04T22:41:56Z,2026-05-07T10:08:28Z,3465,True,rousette,CESNET/rousette,git@github.com:CESNET/rousette.git,8
MDEwOlJlcG9zaXRvcnkzNDc4NDEwNDY=,2021-03-15T04:53:42Z,2026-05-05T02:07:44Z,2026-04-30T14:44:50Z,729,True,nix-eval-jobs,NixOS/nix-eval-jobs,git@github.com:NixOS/nix-eval-jobs.git,245
MDEwOlJlcG9zaXRvcnkzNDc4MzE4OTg=,2021-03-15T04:05:43Z,2026-04-29T12:12:29Z,2026-04-29T12:15:11Z,68504,False,AOG_AutoSteer,SK21/AOG_AutoSteer,git@github.com:SK21/AOG_AutoSteer.git,1
MDEwOlJlcG9zaXRvcnkzNDc4MjcyMTk=,2021-03-15T03:42:03Z,2026-05-07T04:42:38Z,2026-04-12T19:01:50Z,128059,False,Open-Switch-Curve-Meter,bluepylons/Open-Switch-Curve-Meter,git@github.com:bluepylons/Open-Switch-Curve-Meter.git,186
MDEwOlJlcG9zaXRvcnkzNDc3ODA3MDY=,2021-03-14T23:32:47Z,2026-04-29T13:00:29Z,2026-04-25T13:21:37Z,408511,True,AH-64D,AH-64D-Apache-Official-Project/AH-64D,git@github.com:AH-64D-Apache-Official-Project/AH-64D.git,27
MDEwOlJlcG9zaXRvcnkzNDc3NTk4NTM=,2021-03-14T21:34:39Z,2026-03-14T21:41:51Z,2026-03-14T21:41:47Z,803,False,dc,dumheter/dc,git@github.com:dumheter/dc.git,1
MDEwOlJlcG9zaXRvcnkzNDc3MTg2OTc=,2021-03-14T18:24:41Z,2026-05-01T15:39:10Z,2026-05-01T15:39:06Z,26762,False,warlordsredux.altis,Gamer-Dad/warlordsredux.altis,git@github.com:Gamer-Dad/warlordsredux.altis.git,23
MDEwOlJlcG9zaXRvcnkzNDc2OTI5OTU=,2021-03-14T16:41:14Z,2026-04-27T13:18:42Z,2026-04-27T13:18:37Z,51,True,libklv,Auterion/libklv,git@github.com:Auterion/libklv.git,2
MDEwOlJlcG9zaXRvcnkzNDc2OTA5NDk=,2021-03-14T16:33:20Z,2026-05-04T19:48:17Z,2026-05-04T19:48:13Z,69540,False,WiiBrowser-Lite,bastiro03/WiiBrowser-Lite,git@github.com:bastiro03/WiiBrowser-Lite.git,14
MDEwOlJlcG9zaXRvcnkzNDc2Mjc4NTQ=,2021-03-14T12:15:31Z,2026-05-05T13:42:29Z,2026-05-05T13:39:53Z,9365,False,Online-Judge,defUserName-404/Online-Judge,git@github.com:defUserName-404/Online-Judge.git,0
MDEwOlJlcG9zaXRvcnkzNDc2MTk0Mjc=,2021-03-14T11:35:48Z,2026-05-06T07:05:17Z,2026-05-06T07:54:18Z,78572,True,EMS-ESP32,emsesp/EMS-ESP32,git@github.com:emsesp/EMS-ESP32.git,953
MDEwOlJlcG9zaXRvcnkzNDc2MTMzMDc=,2021-03-14T11:05:40Z,2026-03-08T14:44:16Z,2026-03-08T10:33:48Z,534,False,LMTelemetryClient2,indy91/LMTelemetryClient2,git@github.com:indy91/LMTelemetryClient2.git,4
MDEwOlJlcG9zaXRvcnkzNDc2MTAwNzg=,2021-03-14T10:50:23Z,2026-05-02T09:17:17Z,2026-05-02T09:17:12Z,632,False,MyNotes,PikachuHy/MyNotes,git@github.com:PikachuHy/MyNotes.git,4
MDEwOlJlcG9zaXRvcnkzNDc2MTAwNjc=,2021-03-14T10:50:19Z,2026-05-02T13:25:54Z,2026-05-04T07:46:45Z,230700,False,TBRaymarcherPlugin,tommybazar/TBRaymarcherPlugin,git@github.com:tommybazar/TBRaymarcherPlugin.git,130
MDEwOlJlcG9zaXRvcnkzNDc1OTI2OTg=,2021-03-14T09:21:49Z,2026-05-05T06:58:44Z,2026-05-05T06:58:40Z,944,False,QtMarkdown,PikachuHy/QtMarkdown,git@github.com:PikachuHy/QtMarkdown.git,31
MDEwOlJlcG9zaXRvcnkzNDc1NzgzMTI=,2021-03-14T08:05:34Z,2026-03-17T05:43:14Z,2026-03-17T05:43:11Z,24,False,15-Puzzle,s9317741/15-Puzzle,git@github.com:s9317741/15-Puzzle.git,0
MDEwOlJlcG9zaXRvcnkzNDc1Njg3OTU=,2021-03-14T07:10:23Z,2026-05-06T06:17:24Z,2026-05-06T06:17:20Z,6369,False,Dough,DanielOHagan/Dough,git@github.com:DanielOHagan/Dough.git,0
MDEwOlJlcG9zaXRvcnkzNDc1MzkwNDQ=,2021-03-14T03:55:47Z,2026-04-01T22:08:47Z,2026-04-01T22:08:42Z,330,False,xrcu,lmlg/xrcu,git@github.com:lmlg/xrcu.git,1
MDEwOlJlcG9zaXRvcnkzNDc1MzgxNjE=,2021-03-14T03:49:35Z,2026-03-15T10:00:28Z,2026-03-15T10:00:24Z,262,False,algos,andreasterrius/algos,git@github.com:andreasterrius/algos.git,0
MDEwOlJlcG9zaXRvcnkzNDc1MjE2OTA=,2021-03-14T01:54:17Z,2026-03-30T01:13:34Z,2026-03-30T01:13:29Z,2200,False,zrx32_tools,xtrackc1437/zrx32_tools,git@github.com:xtrackc1437/zrx32_tools.git,2
MDEwOlJlcG9zaXRvcnkzNDc0MTcxMTA=,2021-03-13T16:13:01Z,2026-05-06T20:22:59Z,2026-05-06T20:22:51Z,37739,False,Hacking,4nuit/Hacking,git@github.com:4nuit/Hacking.git,27
MDEwOlJlcG9zaXRvcnkzNDczODgwMTY=,2021-03-13T14:09:26Z,2026-04-21T19:09:33Z,2026-04-21T19:09:28Z,196,True,vapoursynth-tivtc,dubhatervapoursynth/vapoursynth-tivtc,git@github.com:dubhatervapoursynth/vapoursynth-tivtc.git,20
MDEwOlJlcG9zaXRvcnkzNDczODE0OTM=,2021-03-13T13:42:46Z,2026-04-17T19:07:34Z,2026-04-17T19:07:29Z,118,False,ml,flubbe/ml,git@github.com:flubbe/ml.git,0
MDEwOlJlcG9zaXRvcnkzNDcyMDIyMjA=,2021-03-12T21:28:00Z,2026-03-04T11:20:21Z,2026-03-04T11:20:17Z,296,True,sailtrack-wind,metisvela/sailtrack-wind,git@github.com:metisvela/sailtrack-wind.git,10
MDEwOlJlcG9zaXRvcnkzNDcxODU1Mzk=,2021-03-12T20:09:52Z,2026-04-15T16:29:52Z,2026-04-15T16:29:47Z,280898,False,FoolsEngine,pawel-kaleta/FoolsEngine,git@github.com:pawel-kaleta/FoolsEngine.git,0
MDEwOlJlcG9zaXRvcnkzNDcxMzEyODI=,2021-03-12T16:37:14Z,2026-04-06T14:49:04Z,2026-04-06T14:49:01Z,10,False,cppfiles,talkshrey/cppfiles,git@github.com:talkshrey/cppfiles.git,0
MDEwOlJlcG9zaXRvcnkzNDcxMDM2MTU=,2021-03-12T15:01:50Z,2026-03-02T09:50:45Z,2026-03-02T09:52:22Z,38,False,rlib-Json,tr-takatsuka/rlib-Json,git@github.com:tr-takatsuka/rlib-Json.git,2
MDEwOlJlcG9zaXRvcnkzNDcxMDMwNDg=,2021-03-12T15:00:07Z,2026-03-04T12:34:48Z,2026-03-04T12:48:34Z,3047,False,LeProHQ,felixhekhorn/LeProHQ,git@github.com:felixhekhorn/LeProHQ.git,0
MDEwOlJlcG9zaXRvcnkzNDcwOTgwMzI=,2021-03-12T14:43:11Z,2026-03-26T13:28:01Z,2026-03-26T13:27:57Z,12157,False,VulkanEngine,mcarlie/VulkanEngine,git@github.com:mcarlie/VulkanEngine.git,1
MDEwOlJlcG9zaXRvcnkzNDcwNDM0NTA=,2021-03-12T11:30:53Z,2026-05-06T03:52:02Z,2026-05-06T03:51:59Z,140154,True,CelestiaUWP,celestiamobile/CelestiaUWP,git@github.com:celestiamobile/CelestiaUWP.git,11
MDEwOlJlcG9zaXRvcnkzNDY5ODk5ODA=,2021-03-12T08:11:29Z,2026-03-11T02:26:40Z,2026-03-11T02:26:04Z,549,False,CSMPM_BOW,Eydcao/CSMPM_BOW,git@github.com:Eydcao/CSMPM_BOW.git,0
MDEwOlJlcG9zaXRvcnkzNDY5NzY3MTc=,2021-03-12T07:18:31Z,2026-05-06T07:50:28Z,2026-05-06T08:31:45Z,210218,True,OpenMLDB,4paradigm/OpenMLDB,git@github.com:4paradigm/OpenMLDB.git,1681
MDEwOlJlcG9zaXRvcnkzNDY5MTcyMjE=,2021-03-12T03:01:51Z,2026-04-25T11:49:46Z,2026-04-25T11:49:41Z,50,False,ForwardMesh,fishman419/ForwardMesh,git@github.com:fishman419/ForwardMesh.git,0
MDEwOlJlcG9zaXRvcnkzNDY5MDk1NjI=,2021-03-12T02:31:06Z,2026-04-25T02:27:09Z,2026-04-25T02:27:06Z,85,False,ShortURL,DRJ31/ShortURL,git@github.com:DRJ31/ShortURL.git,1
MDEwOlJlcG9zaXRvcnkzNDY4ODI5NDk=,2021-03-12T00:36:40Z,2026-04-17T21:25:01Z,2026-03-26T08:19:42Z,2730,False,EasyEi8ht,ozerik/EasyEi8ht,git@github.com:ozerik/EasyEi8ht.git,37
MDEwOlJlcG9zaXRvcnkzNDY4NzE1Mzg=,2021-03-11T23:41:15Z,2026-05-06T22:56:21Z,2026-04-13T17:57:05Z,1999,True,wslg,microsoft/wslg,git@github.com:microsoft/wslg.git,11631
MDEwOlJlcG9zaXRvcnkzNDY4NDM2NDI=,2021-03-11T21:30:42Z,2026-05-04T07:25:48Z,2026-05-04T07:25:44Z,1591,False,lax,madeso/lax,git@github.com:madeso/lax.git,1
MDEwOlJlcG9zaXRvcnkzNDY3MjMzNzc=,2021-03-11T14:08:48Z,2026-04-13T14:27:37Z,2026-04-13T14:27:32Z,20,False,os-scheduling,tmarrinan/os-scheduling,git@github.com:tmarrinan/os-scheduling.git,1
MDEwOlJlcG9zaXRvcnkzNDY2OTIxMjk=,2021-03-11T12:19:26Z,2026-04-26T08:53:06Z,2026-04-27T10:32:19Z,102746,False,ast2ast,Konrad1991/ast2ast,git@github.com:Konrad1991/ast2ast.git,34
MDEwOlJlcG9zaXRvcnkzNDY2MjU2NjY=,2021-03-11T08:10:29Z,2026-03-05T05:39:23Z,2026-03-05T05:39:20Z,730,True,r-kvstore-20150101,alibabacloud-sdk-cpp/r-kvstore-20150101,git@github.com:alibabacloud-sdk-cpp/r-kvstore-20150101.git,0
MDEwOlJlcG9zaXRvcnkzNDY1MjgyNjI=,2021-03-11T00:14:32Z,2026-04-14T05:45:08Z,2026-04-29T05:48:15Z,175,True,RtStreaming,WebRTSP/RtStreaming,git@github.com:WebRTSP/RtStreaming.git,9
MDEwOlJlcG9zaXRvcnkzNDY0NzI3MDI=,2021-03-10T19:44:11Z,2026-04-17T14:11:58Z,2026-04-17T14:11:53Z,337,True,interact,asyncvlsi/interact,git@github.com:asyncvlsi/interact.git,7
MDEwOlJlcG9zaXRvcnkzNDYzNDUxMzY=,2021-03-10T12:15:26Z,2026-03-19T15:26:43Z,2026-03-19T15:25:02Z,87,False,sel-interpreter,moon44432/sel-interpreter,git@github.com:moon44432/sel-interpreter.git,2
MDEwOlJlcG9zaXRvcnkzNDYzNDQ4MTY=,2021-03-10T12:14:14Z,2026-05-03T16:14:50Z,2026-05-03T16:14:46Z,38501,False,Practice,Freedom911/Practice,git@github.com:Freedom911/Practice.git,0
MDEwOlJlcG9zaXRvcnkzNDYzMjkwNDE=,2021-03-10T11:16:12Z,2026-04-11T19:59:02Z,2026-04-11T20:00:43Z,194691,False,SpecSWD,nqdu/SpecSWD,git@github.com:nqdu/SpecSWD.git,8
MDEwOlJlcG9zaXRvcnkzNDYzMjg3Mzc=,2021-03-10T11:15:01Z,2026-03-11T09:14:59Z,2026-03-11T09:14:56Z,259,False,SP_GMod,kosmik641/SP_GMod,git@github.com:kosmik641/SP_GMod.git,1
MDEwOlJlcG9zaXRvcnkzNDYyODE0ODY=,2021-03-10T08:16:08Z,2026-05-07T11:22:42Z,2026-04-15T23:14:51Z,1851,True,overlaybd,containerd/overlaybd,git@github.com:containerd/overlaybd.git,360
MDEwOlJlcG9zaXRvcnkzNDYyMTg5OTI=,2021-03-10T03:26:07Z,2026-05-06T19:52:08Z,2026-05-06T19:52:04Z,70110,True,block2-preview,block-hczhai/block2-preview,git@github.com:block-hczhai/block2-preview.git,109
MDEwOlJlcG9zaXRvcnkzNDYxNzU3MTg=,2021-03-09T23:44:49Z,2026-05-06T22:18:58Z,2026-05-06T22:18:54Z,1386,False,gauzarbeit,vagos/gauzarbeit,git@github.com:vagos/gauzarbeit.git,2
MDEwOlJlcG9zaXRvcnkzNDYxNzQyMzY=,2021-03-09T23:36:18Z,2026-05-04T01:21:54Z,2026-05-04T01:24:16Z,3254,False,h2agent,testillano/h2agent,git@github.com:testillano/h2agent.git,11
MDEwOlJlcG9zaXRvcnkzNDYxNTczMjA=,2021-03-09T22:07:25Z,2026-05-07T08:41:29Z,2026-05-07T02:31:16Z,139702,True,pigweed,pigweed-project/pigweed,git@github.com:pigweed-project/pigweed.git,484
MDEwOlJlcG9zaXRvcnkzNDYwMDAyMDA=,2021-03-09T12:34:34Z,2026-05-03T09:50:32Z,2026-05-03T09:50:28Z,684852,True,QuickImageComment,QuickImageComment/QuickImageComment,git@github.com:QuickImageComment/QuickImageComment.git,7
MDEwOlJlcG9zaXRvcnkzNDU5NDY5ODE=,2021-03-09T09:12:16Z,2026-04-24T23:40:33Z,2026-04-24T23:40:29Z,805,False,Algorithm_Study,hak-fe/Algorithm_Study,git@github.com:hak-fe/Algorithm_Study.git,0
MDEwOlJlcG9zaXRvcnkzNDU5MzU1MTE=,2021-03-09T08:30:46Z,2026-05-07T02:34:22Z,2026-05-07T02:34:19Z,303,False,My_C-_Project,xxxyue-cen/My_C-_Project,git@github.com:xxxyue-cen/My_C-_Project.git,0
MDEwOlJlcG9zaXRvcnkzNDU5MDYyMTU=,2021-03-09T06:30:28Z,2026-03-03T23:34:57Z,2026-03-03T23:34:54Z,51,False,Leetcode,ruchipotamsetti/Leetcode,git@github.com:ruchipotamsetti/Leetcode.git,0
MDEwOlJlcG9zaXRvcnkzNDU4OTUwODM=,2021-03-09T05:36:41Z,2026-04-26T19:55:46Z,2026-04-26T19:55:38Z,10853,False,uinta,Benjman/uinta,git@github.com:Benjman/uinta.git,0
MDEwOlJlcG9zaXRvcnkzNDU4Njg0OTU=,2021-03-09T03:14:38Z,2026-04-23T07:03:55Z,2026-04-23T07:03:51Z,36008,True,RabbitTClust,RabbitBio/RabbitTClust,git@github.com:RabbitBio/RabbitTClust.git,54
MDEwOlJlcG9zaXRvcnkzNDU4NDg0NDQ=,2021-03-09T01:40:17Z,2026-03-12T11:55:58Z,2026-03-12T11:55:54Z,313,True,tflite-vx-delegate,VeriSilicon/tflite-vx-delegate,git@github.com:VeriSilicon/tflite-vx-delegate.git,48
MDEwOlJlcG9zaXRvcnkzNDU3OTAyMTk=,2021-03-08T20:46:35Z,2026-03-16T19:52:39Z,2026-03-16T19:52:35Z,114,True,Tense,Mathific/Tense,git@github.com:Mathific/Tense.git,3
MDEwOlJlcG9zaXRvcnkzNDU3NjU5MjM=,2021-03-08T19:09:09Z,2026-05-06T18:42:29Z,2026-05-06T18:42:25Z,15,False,trigonometry,ianjray/trigonometry,git@github.com:ianjray/trigonometry.git,0
MDEwOlJlcG9zaXRvcnkzNDU2NTcyODU=,2021-03-08T13:00:37Z,2026-04-21T00:56:12Z,2026-04-21T00:56:08Z,3,False,BOJ-study,lack-of-sleep/BOJ-study,git@github.com:lack-of-sleep/BOJ-study.git,0
MDEwOlJlcG9zaXRvcnkzNDU2NTA1MjU=,2021-03-08T12:35:55Z,2026-04-14T13:36:10Z,2026-04-14T13:35:55Z,53471,False,caravan,c2mismo/caravan,git@github.com:c2mismo/caravan.git,0
MDEwOlJlcG9zaXRvcnkzNDU2NDEzMzQ=,2021-03-08T12:01:39Z,2026-05-06T20:29:26Z,2026-05-06T20:29:22Z,24156,False,Projects,grady144KLW/Projects,git@github.com:grady144KLW/Projects.git,0
MDEwOlJlcG9zaXRvcnkzNDU2MjU0Mjc=,2021-03-08T11:00:30Z,2026-05-04T07:26:11Z,2026-05-04T07:26:07Z,45132,False,fresh_attempt,jielyu/fresh_attempt,git@github.com:jielyu/fresh_attempt.git,3
MDEwOlJlcG9zaXRvcnkzNDU2MjE2ODc=,2021-03-08T10:45:46Z,2026-05-02T06:54:23Z,2026-05-02T06:54:19Z,60,False,cs_cheater,smallzhong/cs_cheater,git@github.com:smallzhong/cs_cheater.git,44
MDEwOlJlcG9zaXRvcnkzNDU2MTE2OTQ=,2021-03-08T10:08:40Z,2026-04-10T23:58:50Z,2026-05-04T16:12:59Z,722137,False,godot-opengl-4,LinuxUserGD/godot-opengl-4,git@github.com:LinuxUserGD/godot-opengl-4.git,2
MDEwOlJlcG9zaXRvcnkzNDU2MDU3OTA=,2021-03-08T09:48:07Z,2026-03-05T20:20:31Z,2026-03-05T20:18:56Z,140,False,ev-hmi-cluster-firmware,Rohith-Kalarikkal/ev-hmi-cluster-firmware,git@github.com:Rohith-Kalarikkal/ev-hmi-cluster-firmware.git,0
MDEwOlJlcG9zaXRvcnkzNDU1OTk0MDY=,2021-03-08T09:25:59Z,2026-04-22T14:15:04Z,2026-04-22T14:14:57Z,968,False,simulation,yusksto/simulation,git@github.com:yusksto/simulation.git,0
MDEwOlJlcG9zaXRvcnkzNDU1OTM5NDc=,2021-03-08T09:06:40Z,2026-04-20T13:05:49Z,2026-04-21T04:39:58Z,376438,True,seismic-forward,equinor/seismic-forward,git@github.com:equinor/seismic-forward.git,13
MDEwOlJlcG9zaXRvcnkzNDU1NjM0NDU=,2021-03-08T07:12:52Z,2026-03-08T18:08:55Z,2026-03-08T18:08:52Z,3,False,first_step,PravinKhillare/first_step,git@github.com:PravinKhillare/first_step.git,0
MDEwOlJlcG9zaXRvcnkzNDU1NTU2NDI=,2021-03-08T06:39:23Z,2026-05-05T06:04:50Z,2026-05-05T07:12:04Z,3204,True,Fast-DDS-statistics-backend,eProsima/Fast-DDS-statistics-backend,git@github.com:eProsima/Fast-DDS-statistics-backend.git,23
MDEwOlJlcG9zaXRvcnkzNDU1NTU1MTQ=,2021-03-08T06:38:45Z,2026-05-06T10:20:01Z,2026-05-06T10:28:04Z,30792,True,Fast-DDS-monitor,eProsima/Fast-DDS-monitor,git@github.com:eProsima/Fast-DDS-monitor.git,76
MDEwOlJlcG9zaXRvcnkzNDU1MjgwNTk=,2021-03-08T04:16:17Z,2026-03-12T01:59:46Z,2026-03-12T01:59:39Z,4832,False,Algorithm,InwooLeeme/Algorithm,git@github.com:InwooLeeme/Algorithm.git,0
MDEwOlJlcG9zaXRvcnkzNDU1MDAwODY=,2021-03-08T01:48:27Z,2026-03-03T07:23:54Z,2026-03-03T07:23:50Z,32,False,pl-ref-lights,jwakefieldau/pl-ref-lights,git@github.com:jwakefieldau/pl-ref-lights.git,1
MDEwOlJlcG9zaXRvcnkzNDU0NTE5NTM=,2021-03-07T20:59:55Z,2026-04-28T13:05:24Z,2026-04-28T13:05:14Z,21368,False,arduino,fahsuanlin/arduino,git@github.com:fahsuanlin/arduino.git,0
MDEwOlJlcG9zaXRvcnkzNDU0MzYyOTE=,2021-03-07T19:37:51Z,2026-04-30T02:15:04Z,2026-04-30T02:15:00Z,412,False,drago.dll,DragoniteSpam/drago.dll,git@github.com:DragoniteSpam/drago.dll.git,3
MDEwOlJlcG9zaXRvcnkzNDU0MDY4Mjc=,2021-03-07T17:17:28Z,2026-04-23T19:34:43Z,2026-04-23T19:37:40Z,17953,True,PzGrenBtl402,PzGrenBtl-402/PzGrenBtl402,git@github.com:PzGrenBtl-402/PzGrenBtl402.git,6
MDEwOlJlcG9zaXRvcnkzNDUzNzc0MzA=,2021-03-07T15:10:17Z,2026-03-01T12:22:20Z,2026-03-01T12:22:16Z,1085,False,Slime-Chunk-Finder,TheBjoel2/Slime-Chunk-Finder,git@github.com:TheBjoel2/Slime-Chunk-Finder.git,11
MDEwOlJlcG9zaXRvcnkzNDUzNzczODY=,2021-03-07T15:10:07Z,2026-04-28T09:28:50Z,2026-04-28T09:28:45Z,6543,False,Codes,Sanjoy23/Codes,git@github.com:Sanjoy23/Codes.git,0
MDEwOlJlcG9zaXRvcnkzNDUzNzI3ODY=,2021-03-07T14:50:41Z,2026-04-23T11:55:00Z,2026-03-12T02:23:28Z,10452,False,NeuroStimDuino,neuralaxy/NeuroStimDuino,git@github.com:neuralaxy/NeuroStimDuino.git,50
MDEwOlJlcG9zaXRvcnkzNDUzNDYwMTM=,2021-03-07T12:53:15Z,2026-04-09T17:00:56Z,2026-04-10T16:30:08Z,2599,True,familiar,try-hard-factory/familiar,git@github.com:try-hard-factory/familiar.git,1
MDEwOlJlcG9zaXRvcnkzNDUzMTY2NDM=,2021-03-07T10:26:28Z,2026-04-02T19:53:25Z,2026-04-02T19:53:22Z,4,False,Balancing-Robot,Tanoy004/Balancing-Robot,git@github.com:Tanoy004/Balancing-Robot.git,0
MDEwOlJlcG9zaXRvcnkzNDUzMTU5MDA=,2021-03-07T10:22:43Z,2026-04-02T19:51:15Z,2026-04-02T19:51:12Z,5,False,Tree-Based-Logic-Gate-Simplification,Tanoy004/Tree-Based-Logic-Gate-Simplification,git@github.com:Tanoy004/Tree-Based-Logic-Gate-Simplification.git,0
MDEwOlJlcG9zaXRvcnkzNDUzMTQ3NTk=,2021-03-07T10:16:11Z,2026-04-13T14:41:01Z,2026-04-13T14:41:01Z,512,False,cpputils,davitkalantaryan/cpputils,git@github.com:davitkalantaryan/cpputils.git,0
MDEwOlJlcG9zaXRvcnkzNDUzMTI0ODI=,2021-03-07T10:03:57Z,2026-04-23T16:44:38Z,2026-04-23T16:44:33Z,1311,False,shaman,nestordemeure/shaman,git@github.com:nestordemeure/shaman.git,14
MDEwOlJlcG9zaXRvcnkzNDUyOTI2MzQ=,2021-03-07T08:15:12Z,2026-04-24T07:26:19Z,2026-04-24T07:27:01Z,437,False,ocs-url,Vitexus/ocs-url,git@github.com:Vitexus/ocs-url.git,3
MDEwOlJlcG9zaXRvcnkzNDUyMzY5Mzc=,2021-03-07T01:58:01Z,2026-05-01T14:27:19Z,2026-05-01T14:27:16Z,699,False,microbit-dstemp-2wire,bsiever/microbit-dstemp-2wire,git@github.com:bsiever/microbit-dstemp-2wire.git,1
MDEwOlJlcG9zaXRvcnkzNDUxNjE3ODA=,2021-03-06T18:05:16Z,2026-04-10T18:16:24Z,2026-04-10T18:16:16Z,652,False,Hospital-Info-System,milenkoviccmarija/Hospital-Info-System,git@github.com:milenkoviccmarija/Hospital-Info-System.git,0
MDEwOlJlcG9zaXRvcnkzNDUwODQ3MjE=,2021-03-06T12:09:50Z,2026-05-06T15:23:01Z,2026-04-27T23:04:31Z,29734,False,LGTVCompanion,JPersson77/LGTVCompanion,git@github.com:JPersson77/LGTVCompanion.git,1354
MDEwOlJlcG9zaXRvcnkzNDUwMjA4MzY=,2021-03-06T06:13:56Z,2026-03-27T01:09:40Z,2026-03-27T01:09:36Z,24,False,ghia,stoph/ghia,git@github.com:stoph/ghia.git,0
MDEwOlJlcG9zaXRvcnkzNDUwMjAwMzU=,2021-03-06T06:08:45Z,2026-03-20T19:22:12Z,2026-03-20T19:22:03Z,212413,False,RACES-Training,rrvt/RACES-Training,git@github.com:rrvt/RACES-Training.git,0
MDEwOlJlcG9zaXRvcnkzNDUwMTY4Njg=,2021-03-06T05:49:02Z,2026-03-25T17:05:12Z,2026-03-06T00:22:05Z,13,False,vaidyuthi-cluster-firmware,Rohith-Kalarikkal/vaidyuthi-cluster-firmware,git@github.com:Rohith-Kalarikkal/vaidyuthi-cluster-firmware.git,1
MDEwOlJlcG9zaXRvcnkzNDQ5Nzc1ODM=,2021-03-06T01:27:49Z,2026-03-05T00:06:26Z,2026-03-05T00:06:22Z,555,True,GanitaZero,GanitaOrg/GanitaZero,git@github.com:GanitaOrg/GanitaZero.git,0
MDEwOlJlcG9zaXRvcnkzNDQ5NTkyNjc=,2021-03-05T23:24:38Z,2026-04-20T09:01:32Z,2026-04-20T09:01:29Z,40,False,cheeserVM,oskarkraemer/cheeserVM,git@github.com:oskarkraemer/cheeserVM.git,0
MDEwOlJlcG9zaXRvcnkzNDQ5NDczMDg=,2021-03-05T22:12:51Z,2026-04-10T12:38:22Z,2026-04-10T12:38:16Z,345,False,Kartoffel,henrik-schwarze-p/Kartoffel,git@github.com:henrik-schwarze-p/Kartoffel.git,0
MDEwOlJlcG9zaXRvcnkzNDQ5MzE4MzE=,2021-03-05T20:55:32Z,2026-04-25T20:33:29Z,2026-04-25T20:33:25Z,66,False,alexandrescu_advice,Domest0s/alexandrescu_advice,git@github.com:Domest0s/alexandrescu_advice.git,0
MDEwOlJlcG9zaXRvcnkzNDQ4ODg4NjE=,2021-03-05T17:44:48Z,2026-05-01T10:02:13Z,2026-05-01T10:02:08Z,884,True,ARA_Examples,Celemony/ARA_Examples,git@github.com:Celemony/ARA_Examples.git,15
MDEwOlJlcG9zaXRvcnkzNDQ4NzY2NDU=,2021-03-05T16:57:48Z,2026-05-06T11:29:07Z,2026-05-01T10:03:06Z,4233,True,ARA_API,Celemony/ARA_API,git@github.com:Celemony/ARA_API.git,28
MDEwOlJlcG9zaXRvcnkzNDQ4Njk1MDM=,2021-03-05T16:30:50Z,2026-04-07T15:02:02Z,2026-04-07T15:00:49Z,91,False,neonumeric,i42output/neonumeric,git@github.com:i42output/neonumeric.git,1
MDEwOlJlcG9zaXRvcnkzNDQ4NTg1MTE=,2021-03-05T15:50:57Z,2026-04-19T15:15:51Z,2026-04-28T15:27:52Z,830,False,shard,ikimol/shard,git@github.com:ikimol/shard.git,0
MDEwOlJlcG9zaXRvcnkzNDQ4NDk4ODk=,2021-03-05T15:19:46Z,2026-04-03T15:35:43Z,2026-04-03T15:35:37Z,59,True,ITKShape,slicersalt/ITKShape,git@github.com:slicersalt/ITKShape.git,4
MDEwOlJlcG9zaXRvcnkzNDQ4MDcxNDQ=,2021-03-05T12:40:21Z,2026-04-16T12:57:26Z,2026-04-16T12:57:22Z,4220,False,scone-studio,tgeijten/scone-studio,git@github.com:tgeijten/scone-studio.git,43
MDEwOlJlcG9zaXRvcnkzNDQ3ODM3NDQ=,2021-03-05T11:04:55Z,2026-04-28T12:09:15Z,2026-04-16T22:59:05Z,66566,False,esphome-xiaomi_bslamp2,mmakaay/esphome-xiaomi_bslamp2,git@github.com:mmakaay/esphome-xiaomi_bslamp2.git,295
MDEwOlJlcG9zaXRvcnkzNDQ3NjQ5MjQ=,2021-03-05T09:49:08Z,2026-05-03T03:59:34Z,2026-04-16T12:28:57Z,6169,False,scone-core,tgeijten/scone-core,git@github.com:tgeijten/scone-core.git,59
MDEwOlJlcG9zaXRvcnkzNDQ3MjAxMzM=,2021-03-05T06:45:28Z,2026-05-07T04:35:24Z,2026-05-07T04:34:49Z,353591,True,Arduino-Source,PokemonAutomation/Arduino-Source,git@github.com:PokemonAutomation/Arduino-Source.git,37
MDEwOlJlcG9zaXRvcnkzNDQ2NTY1NzY=,2021-03-05T01:16:40Z,2026-05-05T04:41:51Z,2026-05-06T15:09:22Z,4449,True,rmf_ros2,open-rmf/rmf_ros2,git@github.com:open-rmf/rmf_ros2.git,112
MDEwOlJlcG9zaXRvcnkzNDQ2NTUyOTc=,2021-03-05T01:10:30Z,2026-05-05T04:31:41Z,2026-05-05T04:31:37Z,2908,True,rmf_traffic,open-rmf/rmf_traffic,git@github.com:open-rmf/rmf_traffic.git,36
MDEwOlJlcG9zaXRvcnkzNDQ2NTMzMzQ=,2021-03-05T01:00:21Z,2026-04-08T06:50:36Z,2026-05-06T14:29:16Z,980,True,rmf_task,open-rmf/rmf_task,git@github.com:open-rmf/rmf_task.git,26
MDEwOlJlcG9zaXRvcnkzNDQ2NTI3MjE=,2021-03-05T00:56:50Z,2026-04-27T22:12:59Z,2026-05-04T16:23:20Z,25143,True,PeleLMeX,AMReX-Combustion/PeleLMeX,git@github.com:AMReX-Combustion/PeleLMeX.git,61
MDEwOlJlcG9zaXRvcnkzNDQ2NTA2Nzg=,2021-03-05T00:44:56Z,2026-03-22T03:18:11Z,2026-03-22T03:18:06Z,48599,False,Competitive-Programming,2022tgoel/Competitive-Programming,git@github.com:2022tgoel/Competitive-Programming.git,0
MDEwOlJlcG9zaXRvcnkzNDQ2MjA2NDY=,2021-03-04T21:59:35Z,2026-05-07T09:20:07Z,2026-05-04T09:11:44Z,20135,False,LoctekMotion_IoT,iMicknl/LoctekMotion_IoT,git@github.com:iMicknl/LoctekMotion_IoT.git,927
MDEwOlJlcG9zaXRvcnkzNDQ1Nzk1MzQ=,2021-03-04T19:01:23Z,2026-04-06T17:49:58Z,2026-04-06T17:49:55Z,2331,False,esp8266-bitcoin-tracker,alejandrosnz/esp8266-bitcoin-tracker,git@github.com:alejandrosnz/esp8266-bitcoin-tracker.git,0
MDEwOlJlcG9zaXRvcnkzNDQ1NzEwMjI=,2021-03-04T18:28:12Z,2026-03-18T00:24:24Z,2026-03-18T00:25:48Z,1796203,False,oscillator-based-circadian-clock-analysis,eloch216/oscillator-based-circadian-clock-analysis,git@github.com:eloch216/oscillator-based-circadian-clock-analysis.git,1
MDEwOlJlcG9zaXRvcnkzNDQ1MzM1MTE=,2021-03-04T16:11:24Z,2026-04-30T14:04:34Z,2026-05-06T20:43:11Z,303,True,virtual-people-common,world-federation-of-advertisers/virtual-people-common,git@github.com:world-federation-of-advertisers/virtual-people-common.git,6
MDEwOlJlcG9zaXRvcnkzNDQ0NDU2Mzk=,2021-03-04T11:07:26Z,2026-05-05T13:38:12Z,2026-05-05T13:38:06Z,18344,False,qupled,fedluc/qupled,git@github.com:fedluc/qupled.git,1
MDEwOlJlcG9zaXRvcnkzNDQ0NDMzOTU=,2021-03-04T10:59:22Z,2026-05-05T14:15:14Z,2026-05-06T18:38:02Z,11528,False,books,heimdallr/books,git@github.com:heimdallr/books.git,64
MDEwOlJlcG9zaXRvcnkzNDQzNjYzNDg=,2021-03-04T05:58:17Z,2026-03-31T16:35:04Z,2026-03-31T16:34:43Z,192,False,DisplayJSONFiles,CharlesMengCA/DisplayJSONFiles,git@github.com:CharlesMengCA/DisplayJSONFiles.git,12
MDEwOlJlcG9zaXRvcnkzNDQzMzIzMjU=,2021-03-04T03:01:58Z,2026-04-30T03:00:42Z,2026-04-29T08:47:36Z,40273,True,loli_profiler,Tencent/loli_profiler,git@github.com:Tencent/loli_profiler.git,680
MDEwOlJlcG9zaXRvcnkzNDQzMjczNTU=,2021-03-04T02:37:42Z,2026-03-28T23:18:13Z,2026-03-25T18:38:23Z,53142,False,arduchess,tiberiusbrown/arduchess,git@github.com:tiberiusbrown/arduchess.git,18
MDEwOlJlcG9zaXRvcnkzNDQzMjAyNDc=,2021-03-04T02:02:45Z,2026-05-02T04:19:28Z,2026-05-06T15:16:00Z,541,True,tachimawari,ichiro-its/tachimawari,git@github.com:ichiro-its/tachimawari.git,5
MDEwOlJlcG9zaXRvcnkzNDQyOTc5Njg=,2021-03-04T00:01:51Z,2026-03-15T01:30:13Z,2026-03-15T01:30:09Z,2843,False,uue2019,KopperKnight/uue2019,git@github.com:KopperKnight/uue2019.git,0
MDEwOlJlcG9zaXRvcnkzNDQyMDM2NTU=,2021-03-03T17:12:55Z,2026-05-05T11:07:32Z,2026-04-26T12:49:58Z,1130,False,Valeronoi,ccoors/Valeronoi,git@github.com:ccoors/Valeronoi.git,447
MDEwOlJlcG9zaXRvcnkzNDQxNTEwMTA=,2021-03-03T14:18:11Z,2026-03-20T15:29:51Z,2026-03-20T15:29:47Z,149,False,myostream,peacalm/myostream,git@github.com:peacalm/myostream.git,3
MDEwOlJlcG9zaXRvcnkzNDQxMTE0MDI=,2021-03-03T12:00:11Z,2026-03-16T10:35:26Z,2026-03-16T10:35:21Z,313,True,Programming_Project_1_Starter,KenPowerClassroom/Programming_Project_1_Starter,git@github.com:KenPowerClassroom/Programming_Project_1_Starter.git,0
MDEwOlJlcG9zaXRvcnkzNDQwNDU5MTU=,2021-03-03T07:54:20Z,2026-05-06T14:16:20Z,2026-05-06T14:04:12Z,177563,True,judecoin,Judecoin/judecoin,git@github.com:Judecoin/judecoin.git,90
MDEwOlJlcG9zaXRvcnkzNDQwMTU1Mjc=,2021-03-03T05:43:09Z,2026-04-25T00:09:10Z,2026-04-25T00:09:07Z,471,False,PxpRpc,partic2/PxpRpc,git@github.com:partic2/PxpRpc.git,2
MDEwOlJlcG9zaXRvcnkzNDM5ODYwNjg=,2021-03-03T03:12:12Z,2026-03-19T02:35:11Z,2026-03-19T02:35:07Z,77,False,tire-temperature-system-with-infrared-sensors,yonDest/tire-temperature-system-with-infrared-sensors,git@github.com:yonDest/tire-temperature-system-with-infrared-sensors.git,2
MDEwOlJlcG9zaXRvcnkzNDM5NDQ0OTY=,2021-03-02T23:43:50Z,2026-03-04T18:01:19Z,2026-03-04T18:00:48Z,309,False,icsdll,cgohlke/icsdll,git@github.com:cgohlke/icsdll.git,2
MDEwOlJlcG9zaXRvcnkzNDM5MjE1Mjc=,2021-03-02T21:46:46Z,2026-05-02T14:38:03Z,2026-05-02T14:38:00Z,548,False,intercom-backpack,stapelberg/intercom-backpack,git@github.com:stapelberg/intercom-backpack.git,8
MDEwOlJlcG9zaXRvcnkzNDM5MTk2MTk=,2021-03-02T21:37:19Z,2026-05-06T12:33:53Z,2026-03-22T01:01:36Z,260,False,arduino-engine-simulator,piotrcurious/arduino-engine-simulator,git@github.com:piotrcurious/arduino-engine-simulator.git,11
MDEwOlJlcG9zaXRvcnkzNDM5MTg2MzA=,2021-03-02T21:33:01Z,2026-05-03T11:19:08Z,2026-04-30T10:26:54Z,7004,False,ingame_overlay,Nemirtingas/ingame_overlay,git@github.com:Nemirtingas/ingame_overlay.git,37
MDEwOlJlcG9zaXRvcnkzNDM4Njc0ODc=,2021-03-02T18:07:27Z,2026-04-08T20:58:22Z,2026-04-08T10:19:08Z,2746,False,Checkers_Game_Qt_Cplusplus_QML,adam-choragwicki/Checkers_Game_Qt_Cplusplus_QML,git@github.com:adam-choragwicki/Checkers_Game_Qt_Cplusplus_QML.git,1
MDEwOlJlcG9zaXRvcnkzNDM4NjU4MDU=,2021-03-02T18:01:21Z,2026-04-23T10:22:56Z,2026-04-23T10:51:02Z,11,False,Dynamic-Programming,amritmalla/Dynamic-Programming,git@github.com:amritmalla/Dynamic-Programming.git,0
MDEwOlJlcG9zaXRvcnkzNDM4NjUyMDg=,2021-03-02T17:59:19Z,2026-04-29T12:10:24Z,2026-04-29T11:25:44Z,39460,True,VID-Dataset,ZJU-FAST-Lab/VID-Dataset,git@github.com:ZJU-FAST-Lab/VID-Dataset.git,63
MDEwOlJlcG9zaXRvcnkzNDM4Mzc2Mjc=,2021-03-02T16:23:11Z,2026-04-25T12:50:43Z,2026-04-25T12:50:40Z,1072,False,synthdiy,nschagen/synthdiy,git@github.com:nschagen/synthdiy.git,0
MDEwOlJlcG9zaXRvcnkzNDM4MTAxMjU=,2021-03-02T14:54:07Z,2026-03-08T22:35:33Z,2026-03-08T22:35:29Z,1763,False,TP1,DraculK/TP1,git@github.com:DraculK/TP1.git,0
MDEwOlJlcG9zaXRvcnkzNDM3OTEwNTE=,2021-03-02T13:52:44Z,2026-05-04T07:37:38Z,2026-05-04T07:33:05Z,19027,False,image-processing-course-materials,daibangcam/image-processing-course-materials,git@github.com:daibangcam/image-processing-course-materials.git,0
MDEwOlJlcG9zaXRvcnkzNDM3Nzk5ODA=,2021-03-02T13:14:45Z,2026-05-02T10:03:26Z,2026-05-02T10:03:22Z,151,False,cc,ilmirus/cc,git@github.com:ilmirus/cc.git,1
MDEwOlJlcG9zaXRvcnkzNDM3NTI3OTY=,2021-03-02T11:35:47Z,2026-04-20T19:02:47Z,2026-04-20T19:02:29Z,415112,False,sailor,aantropov/sailor,git@github.com:aantropov/sailor.git,38
MDEwOlJlcG9zaXRvcnkzNDM3MDM1NjM=,2021-03-02T08:44:42Z,2026-03-04T16:39:47Z,2026-03-04T21:16:12Z,4099,True,carta-backend-deb,idia-astro/carta-backend-deb,git@github.com:idia-astro/carta-backend-deb.git,0
MDEwOlJlcG9zaXRvcnkzNDM2OTk5Nzc=,2021-03-02T08:31:41Z,2026-03-18T17:11:23Z,2026-03-18T17:11:13Z,112114,False,Mint_Crispr,Harry-OBrien/Mint_Crispr,git@github.com:Harry-OBrien/Mint_Crispr.git,0
MDEwOlJlcG9zaXRvcnkzNDM2NTE1NjI=,2021-03-02T05:02:35Z,2026-03-28T01:24:11Z,2026-03-28T01:24:08Z,11462,False,winsdr,lcochrane24/winsdr,git@github.com:lcochrane24/winsdr.git,0
MDEwOlJlcG9zaXRvcnkzNDM2NDgzNTE=,2021-03-02T04:45:26Z,2026-04-28T17:42:58Z,2026-05-05T12:51:32Z,7023,True,columnar,manticoresoftware/columnar,git@github.com:manticoresoftware/columnar.git,103
MDEwOlJlcG9zaXRvcnkzNDM1OTMxNjg=,2021-03-02T00:07:11Z,2026-04-28T21:34:51Z,2026-04-28T21:34:47Z,37768,True,amrex-tutorials,AMReX-Codes/amrex-tutorials,git@github.com:AMReX-Codes/amrex-tutorials.git,82
MDEwOlJlcG9zaXRvcnkzNDM1NzI0MjQ=,2021-03-01T22:16:13Z,2026-03-07T00:11:01Z,2026-03-07T00:10:57Z,622,False,ely,frengels/ely,git@github.com:frengels/ely.git,1
MDEwOlJlcG9zaXRvcnkzNDM1NTY0Nzk=,2021-03-01T21:03:19Z,2026-05-03T14:10:14Z,2026-05-03T14:10:16Z,2258792,False,FANTASIA,antori82/FANTASIA,git@github.com:antori82/FANTASIA.git,33
MDEwOlJlcG9zaXRvcnkzNDM1NTQ2MzU=,2021-03-01T20:56:59Z,2026-04-28T07:14:53Z,2026-04-21T21:09:50Z,36977,False,re4_tweaks,nipkownix/re4_tweaks,git@github.com:nipkownix/re4_tweaks.git,497
MDEwOlJlcG9zaXRvcnkzNDM1NDA0MDY=,2021-03-01T19:59:14Z,2026-03-30T14:25:24Z,2026-03-30T14:24:13Z,103,True,libmspdb,IntroVirt/libmspdb,git@github.com:IntroVirt/libmspdb.git,6
MDEwOlJlcG9zaXRvcnkzNDM0NDYxMTY=,2021-03-01T14:31:51Z,2026-04-09T20:16:03Z,2026-03-12T16:31:35Z,11466,False,SUCOFUNKey,sucofunk/SUCOFUNKey,git@github.com:sucofunk/SUCOFUNKey.git,67
MDEwOlJlcG9zaXRvcnkzNDMzNDM1NTc=,2021-03-01T08:34:34Z,2026-04-14T22:27:04Z,2026-04-14T22:27:01Z,347,False,XDemangle,horsicq/XDemangle,git@github.com:horsicq/XDemangle.git,6
MDEwOlJlcG9zaXRvcnkzNDMzMzUzOTY=,2021-03-01T08:02:59Z,2026-05-06T17:28:49Z,2026-05-06T17:28:46Z,2938,True,dms-enterprise-20181101,alibabacloud-sdk-cpp/dms-enterprise-20181101,git@github.com:alibabacloud-sdk-cpp/dms-enterprise-20181101.git,0
MDEwOlJlcG9zaXRvcnkzNDMyNDE1MzM=,2021-02-28T23:51:02Z,2026-05-06T23:44:09Z,2026-05-06T23:44:04Z,95640,True,TrackerOnlyEmu,umd-lhcb/TrackerOnlyEmu,git@github.com:umd-lhcb/TrackerOnlyEmu.git,0
MDEwOlJlcG9zaXRvcnkzNDMyMjY2ODQ=,2021-02-28T22:13:32Z,2026-05-01T00:59:04Z,2026-04-18T11:42:14Z,2421,False,VMPK,pedrolcl/VMPK,git@github.com:pedrolcl/VMPK.git,63
MDEwOlJlcG9zaXRvcnkzNDMyMjM2NTQ=,2021-02-28T21:56:54Z,2026-04-18T11:39:42Z,2026-04-18T11:39:37Z,4489,False,drumstick,pedrolcl/drumstick,git@github.com:pedrolcl/drumstick.git,15
MDEwOlJlcG9zaXRvcnkzNDMyMjIxMTE=,2021-02-28T21:47:00Z,2026-03-15T06:02:31Z,2026-03-15T06:02:27Z,194,False,ThreadedBinarySearchTree,ioerrors/ThreadedBinarySearchTree,git@github.com:ioerrors/ThreadedBinarySearchTree.git,1
MDEwOlJlcG9zaXRvcnkzNDMyMDc1MTI=,2021-02-28T20:28:41Z,2026-03-20T22:22:22Z,2026-03-20T22:22:16Z,32832,False,BuksanSpy,MikhailBersenev/BuksanSpy,git@github.com:MikhailBersenev/BuksanSpy.git,0
MDEwOlJlcG9zaXRvcnkzNDMxNDM1MTM=,2021-02-28T15:47:46Z,2026-05-04T12:27:15Z,2026-04-13T17:24:24Z,2419,False,nifly,ousnius/nifly,git@github.com:ousnius/nifly.git,71
MDEwOlJlcG9zaXRvcnkzNDMxMzI0MTc=,2021-02-28T15:01:45Z,2026-04-30T05:09:17Z,2026-04-30T05:09:12Z,4235,False,Texas,Him392/Texas,git@github.com:Him392/Texas.git,1
MDEwOlJlcG9zaXRvcnkzNDMxMTMwNDg=,2021-02-28T13:32:29Z,2026-04-23T10:00:54Z,2026-04-28T19:30:40Z,1652,True,wonder,tu-studio/wonder,git@github.com:tu-studio/wonder.git,6
MDEwOlJlcG9zaXRvcnkzNDMxMDc4NTk=,2021-02-28T13:07:48Z,2026-05-07T05:14:37Z,2026-05-07T05:14:33Z,627,False,Unreal-Visual-Pinball,ScottKirvan/Unreal-Visual-Pinball,git@github.com:ScottKirvan/Unreal-Visual-Pinball.git,6
MDEwOlJlcG9zaXRvcnkzNDMwOTY5MTM=,2021-02-28T12:12:53Z,2026-04-25T05:27:15Z,2026-04-25T05:27:11Z,52,False,Rigitaeda,jinghaneyo/Rigitaeda,git@github.com:jinghaneyo/Rigitaeda.git,0
MDEwOlJlcG9zaXRvcnkzNDMwMjkwNDA=,2021-02-28T05:32:06Z,2026-03-01T14:13:21Z,2026-03-01T14:13:16Z,49233,False,competitive_programming,negi153/competitive_programming,git@github.com:negi153/competitive_programming.git,0
MDEwOlJlcG9zaXRvcnkzNDI5ODY4MTY=,2021-02-28T00:18:57Z,2026-03-12T12:55:48Z,2026-03-12T12:55:44Z,20772,False,SolidPrep,TarcisioLOliveira/SolidPrep,git@github.com:TarcisioLOliveira/SolidPrep.git,3
MDEwOlJlcG9zaXRvcnkzNDI5NTI5MTc=,2021-02-27T20:34:35Z,2026-05-03T16:18:40Z,2026-05-03T16:18:38Z,39117,True,wxUiEditor,KeyWorksRW/wxUiEditor,git@github.com:KeyWorksRW/wxUiEditor.git,108
MDEwOlJlcG9zaXRvcnkzNDI5MTk1MjI=,2021-02-27T17:44:38Z,2026-05-02T04:55:41Z,2026-03-30T15:16:05Z,48406,True,HASPone,HASwitchPlate/HASPone,git@github.com:HASwitchPlate/HASPone.git,483
MDEwOlJlcG9zaXRvcnkzNDI5MDA0MTY=,2021-02-27T16:16:43Z,2026-03-29T12:02:42Z,2026-03-29T12:02:37Z,395348,False,CSDNResources,DreamLife-Jianwei/CSDNResources,git@github.com:DreamLife-Jianwei/CSDNResources.git,1
MDEwOlJlcG9zaXRvcnkzNDI4MjE0MTE=,2021-02-27T09:46:03Z,2026-03-10T17:39:29Z,2026-03-10T17:35:26Z,72,False,ButylLee_toys,ButylLee/ButylLee_toys,git@github.com:ButylLee/ButylLee_toys.git,5
MDEwOlJlcG9zaXRvcnkzNDI4MDYzNDU=,2021-02-27T08:22:19Z,2026-05-01T08:15:45Z,2026-05-01T08:15:39Z,28005,True,brewken,Brewken/brewken,git@github.com:Brewken/brewken.git,5
MDEwOlJlcG9zaXRvcnkzNDI3ODc3MTk=,2021-02-27T06:28:05Z,2026-04-25T22:35:04Z,2026-04-25T22:35:00Z,1118,False,CryptoCurrencyCandlesticks,konakira/CryptoCurrencyCandlesticks,git@github.com:konakira/CryptoCurrencyCandlesticks.git,1
MDEwOlJlcG9zaXRvcnkzNDI3MjYwNDQ=,2021-02-26T23:24:58Z,2026-03-09T17:13:51Z,2026-03-09T17:13:47Z,68,False,gibby-requires-data,ranon-rat/gibby-requires-data,git@github.com:ranon-rat/gibby-requires-data.git,8
MDEwOlJlcG9zaXRvcnkzNDI3MTUxMzc=,2021-02-26T22:18:00Z,2026-03-29T04:22:04Z,2026-03-29T04:24:42Z,418,False,Raspberry-Pi-Pico-MacroPad,SuperNinja-4965/Raspberry-Pi-Pico-MacroPad,git@github.com:SuperNinja-4965/Raspberry-Pi-Pico-MacroPad.git,16
MDEwOlJlcG9zaXRvcnkzNDI2OTAyNzI=,2021-02-26T20:15:17Z,2026-03-21T06:50:10Z,2026-03-21T06:50:06Z,457,False,ManuvrPlatforms,jspark311/ManuvrPlatforms,git@github.com:jspark311/ManuvrPlatforms.git,0
MDEwOlJlcG9zaXRvcnkzNDI2MzI2NjI=,2021-02-26T16:22:44Z,2026-03-12T09:15:44Z,2026-03-12T09:15:12Z,2721,False,TX-3-STEP-NANO-24L01,aleiei/TX-3-STEP-NANO-24L01,git@github.com:aleiei/TX-3-STEP-NANO-24L01.git,2
MDEwOlJlcG9zaXRvcnkzNDI2MzIzNTg=,2021-02-26T16:21:36Z,2026-03-12T09:17:02Z,2026-03-12T09:14:58Z,2887,False,RX-3-STEP-NANO-24L01,aleiei/RX-3-STEP-NANO-24L01,git@github.com:aleiei/RX-3-STEP-NANO-24L01.git,1
MDEwOlJlcG9zaXRvcnkzNDI1NTI3NTI=,2021-02-26T11:18:29Z,2026-04-08T06:38:54Z,2026-04-07T01:38:52Z,360,True,lib_webview,desktop-app/lib_webview,git@github.com:desktop-app/lib_webview.git,19
MDEwOlJlcG9zaXRvcnkzNDI1MzE2MDM=,2021-02-26T09:50:52Z,2026-04-23T10:31:34Z,2026-04-23T10:31:30Z,4394,False,Solar-Switcher,vskywalker01/Solar-Switcher,git@github.com:vskywalker01/Solar-Switcher.git,1
MDEwOlJlcG9zaXRvcnkzNDI1MDgyNTE=,2021-02-26T08:17:51Z,2026-04-25T04:29:59Z,2026-04-08T10:01:56Z,385,False,WinSU,llccd/WinSU,git@github.com:llccd/WinSU.git,27
MDEwOlJlcG9zaXRvcnkzNDI1MDA1ODE=,2021-02-26T07:44:18Z,2026-03-04T14:20:18Z,2026-03-04T14:20:10Z,2336,False,galax_eleves,bonben/galax_eleves,git@github.com:bonben/galax_eleves.git,19
MDEwOlJlcG9zaXRvcnkzNDI0NjcxMzc=,2021-02-26T04:55:19Z,2026-04-22T07:22:12Z,2026-03-16T16:12:17Z,92,False,aws-kms-pkcs11,JackOfMostTrades/aws-kms-pkcs11,git@github.com:JackOfMostTrades/aws-kms-pkcs11.git,60
MDEwOlJlcG9zaXRvcnkzNDI0NDczODI=,2021-02-26T03:05:58Z,2026-03-07T18:24:28Z,2026-03-07T18:24:24Z,974,False,ColorSensor,frossty/ColorSensor,git@github.com:frossty/ColorSensor.git,2
MDEwOlJlcG9zaXRvcnkzNDIzNjkwMDI=,2021-02-25T20:21:59Z,2026-05-04T07:12:39Z,2026-05-04T07:12:38Z,1679,False,tuned-switcher,xvitaly/tuned-switcher,git@github.com:xvitaly/tuned-switcher.git,30
MDEwOlJlcG9zaXRvcnkzNDIzMzcxMzc=,2021-02-25T18:14:19Z,2026-05-06T00:17:35Z,2026-05-06T00:17:31Z,16432,False,roo_windows,dejwk/roo_windows,git@github.com:dejwk/roo_windows.git,18
MDEwOlJlcG9zaXRvcnkzNDIzMzEyNjY=,2021-02-25T17:52:47Z,2026-04-29T14:52:08Z,2026-04-29T14:51:53Z,1088,False,common,benkietzman/common,git@github.com:benkietzman/common.git,3
MDEwOlJlcG9zaXRvcnkzNDIyOTAzMzg=,2021-02-25T15:31:08Z,2026-05-01T23:01:02Z,2026-04-03T04:14:34Z,153055,False,raptoreum,Raptor3um/raptoreum,git@github.com:Raptor3um/raptoreum.git,327
MDEwOlJlcG9zaXRvcnkzNDIyODc5NTU=,2021-02-25T15:23:29Z,2026-05-07T10:30:11Z,2026-05-07T10:30:05Z,756,False,pdb,sonyps5201314/pdb,git@github.com:sonyps5201314/pdb.git,125
MDEwOlJlcG9zaXRvcnkzNDIyNzkxMjY=,2021-02-25T14:54:32Z,2026-05-04T19:39:04Z,2026-05-04T19:39:01Z,559,True,mochi-thallium,mochi-hpc/mochi-thallium,git@github.com:mochi-hpc/mochi-thallium.git,16
MDEwOlJlcG9zaXRvcnkzNDIyNzI0NDA=,2021-02-25T14:32:50Z,2026-04-14T15:40:33Z,2026-04-14T15:40:29Z,165,False,PumpResp,embedded-sergey/PumpResp,git@github.com:embedded-sergey/PumpResp.git,2
MDEwOlJlcG9zaXRvcnkzNDIyNDAwNjE=,2021-02-25T12:38:47Z,2026-05-01T14:17:25Z,2026-05-01T14:17:05Z,640,True,rmf_simulation,open-rmf/rmf_simulation,git@github.com:open-rmf/rmf_simulation.git,20
MDEwOlJlcG9zaXRvcnkzNDIyMjk0MDU=,2021-02-25T11:57:17Z,2026-04-22T13:17:26Z,2026-03-04T14:52:51Z,85929,False,fantascene-dynamic-wallpaper,dependon/fantascene-dynamic-wallpaper,git@github.com:dependon/fantascene-dynamic-wallpaper.git,274
MDEwOlJlcG9zaXRvcnkzNDIyMjc4Njg=,2021-02-25T11:51:30Z,2026-05-06T10:44:05Z,2026-05-06T10:44:01Z,1164,True,barrel,openSUSE/barrel,git@github.com:openSUSE/barrel.git,7
MDEwOlJlcG9zaXRvcnkzNDIxODgyNDk=,2021-02-25T09:19:44Z,2026-03-04T21:45:55Z,2026-05-06T16:49:33Z,67553,False,Terran,infirit89/Terran,git@github.com:infirit89/Terran.git,4
MDEwOlJlcG9zaXRvcnkzNDIxNDM4NDA=,2021-02-25T06:19:52Z,2026-04-06T22:25:55Z,2026-04-06T22:25:51Z,114,False,libtcod-vcpkg-template,HexDecimal/libtcod-vcpkg-template,git@github.com:HexDecimal/libtcod-vcpkg-template.git,22
MDEwOlJlcG9zaXRvcnkzNDIwOTY5ODk=,2021-02-25T02:21:59Z,2026-03-01T15:09:33Z,2026-03-01T15:09:29Z,30505,False,handmade-hero,kevinmkchin/handmade-hero,git@github.com:kevinmkchin/handmade-hero.git,0
MDEwOlJlcG9zaXRvcnkzNDIwNTMxNjY=,2021-02-24T22:27:56Z,2026-04-26T00:33:37Z,2026-04-26T00:35:41Z,61007,False,pre-ablo,footballhead/pre-ablo,git@github.com:footballhead/pre-ablo.git,0
MDEwOlJlcG9zaXRvcnkzNDIwMTQyNzk=,2021-02-24T19:37:45Z,2026-03-02T21:36:27Z,2026-03-02T21:38:45Z,46,True,THMXParser,LBNL-ETA/THMXParser,git@github.com:LBNL-ETA/THMXParser.git,1
MDEwOlJlcG9zaXRvcnkzNDIwMDE1NjU=,2021-02-24T18:48:34Z,2026-04-08T23:29:56Z,2026-04-08T23:30:17Z,466,True,flutter-sdk,tenjin/flutter-sdk,git@github.com:tenjin/flutter-sdk.git,1
MDEwOlJlcG9zaXRvcnkzNDE5OTI2NjY=,2021-02-24T18:14:50Z,2026-04-02T02:47:17Z,2026-04-02T02:47:13Z,443,False,Leet,rajat-dwivedi/Leet,git@github.com:rajat-dwivedi/Leet.git,0
MDEwOlJlcG9zaXRvcnkzNDE5ODc4Njc=,2021-02-24T17:57:13Z,2026-05-05T16:34:56Z,2026-05-05T16:34:50Z,100,False,Tic-tac-toe-exercise,FelixKimmerle/Tic-tac-toe-exercise,git@github.com:FelixKimmerle/Tic-tac-toe-exercise.git,0
MDEwOlJlcG9zaXRvcnkzNDE5Mjk4NzA=,2021-02-24T14:38:32Z,2026-03-15T15:44:35Z,2026-03-15T15:44:36Z,590110,True,senseglove_ros,Adjuvo/senseglove_ros,git@github.com:Adjuvo/senseglove_ros.git,9
MDEwOlJlcG9zaXRvcnkzNDE4NjE3MjM=,2021-02-24T10:24:14Z,2026-03-27T14:32:39Z,2026-03-27T14:32:35Z,3222,False,algorithm,TJChiang/algorithm,git@github.com:TJChiang/algorithm.git,0
MDEwOlJlcG9zaXRvcnkzNDE4NjAxMDM=,2021-02-24T10:17:55Z,2026-04-20T15:56:22Z,2026-04-20T15:55:40Z,259380,False,CatCruise,Raffiesaurus/CatCruise,git@github.com:Raffiesaurus/CatCruise.git,0
MDEwOlJlcG9zaXRvcnkzNDE4MjI2NTA=,2021-02-24T07:57:56Z,2026-05-01T19:09:20Z,2026-04-30T07:33:08Z,189381,False,esphome-yeelight-ceiling-light,syssi/esphome-yeelight-ceiling-light,git@github.com:syssi/esphome-yeelight-ceiling-light.git,213
MDEwOlJlcG9zaXRvcnkzNDE3NzUwOTU=,2021-02-24T04:08:22Z,2026-03-19T07:32:18Z,2026-03-19T21:46:41Z,1611589,True,NUWebots,NUbots/NUWebots,git@github.com:NUbots/NUWebots.git,8
MDEwOlJlcG9zaXRvcnkzNDE3NjUxOTM=,2021-02-24T03:18:41Z,2026-04-27T11:15:23Z,2026-04-27T11:14:52Z,246341,False,webrtc-src,egege/webrtc-src,git@github.com:egege/webrtc-src.git,13
MDEwOlJlcG9zaXRvcnkzNDE3NTE3NTE=,2021-02-24T02:15:45Z,2026-04-27T19:50:27Z,2026-04-27T19:50:21Z,263,True,domain_bridge,ros2/domain_bridge,git@github.com:ros2/domain_bridge.git,82
MDEwOlJlcG9zaXRvcnkzNDE3MjExMjg=,2021-02-23T23:37:22Z,2026-03-11T19:07:56Z,2026-03-11T19:07:52Z,37,False,reader,eteran/reader,git@github.com:eteran/reader.git,3
MDEwOlJlcG9zaXRvcnkzNDE3MTY5OTk=,2021-02-23T23:15:10Z,2026-03-20T20:07:21Z,2026-03-20T20:07:16Z,55,False,bitmail,benkietzman/bitmail,git@github.com:benkietzman/bitmail.git,1
MDEwOlJlcG9zaXRvcnkzNDE3MDI0ODA=,2021-02-23T22:02:09Z,2026-04-01T08:38:13Z,2026-05-03T19:50:20Z,179,False,dripdrop,mattiasnorell/dripdrop,git@github.com:mattiasnorell/dripdrop.git,0
MDEwOlJlcG9zaXRvcnkzNDE2NzkzNzk=,2021-02-23T20:20:57Z,2026-04-02T18:33:11Z,2026-04-02T18:33:03Z,330,False,servicejunction,benkietzman/servicejunction,git@github.com:benkietzman/servicejunction.git,2
MDEwOlJlcG9zaXRvcnkzNDE2NzkwNDA=,2021-02-23T20:19:28Z,2026-03-20T20:10:07Z,2026-03-20T20:10:03Z,82,False,portconcentrator,benkietzman/portconcentrator,git@github.com:benkietzman/portconcentrator.git,1
MDEwOlJlcG9zaXRvcnkzNDE2Nzg3NDk=,2021-02-23T20:18:05Z,2026-03-20T20:08:45Z,2026-03-20T20:08:41Z,289,False,logger,benkietzman/logger,git@github.com:benkietzman/logger.git,1
MDEwOlJlcG9zaXRvcnkzNDE2Nzc5MzQ=,2021-02-23T20:14:27Z,2026-03-20T20:07:53Z,2026-03-20T20:07:49Z,218,False,centralmon,benkietzman/centralmon,git@github.com:benkietzman/centralmon.git,1
MDEwOlJlcG9zaXRvcnkzNDE2NzczNDQ=,2021-02-23T20:12:03Z,2026-03-20T20:05:49Z,2026-03-20T20:05:44Z,334,False,acorn,benkietzman/acorn,git@github.com:benkietzman/acorn.git,1
MDEwOlJlcG9zaXRvcnkzNDE2NTg5NjM=,2021-02-23T19:00:43Z,2026-05-07T01:07:36Z,2026-05-07T01:07:30Z,206369,True,mmCoreAndDevices,micro-manager/mmCoreAndDevices,git@github.com:micro-manager/mmCoreAndDevices.git,59
MDEwOlJlcG9zaXRvcnkzNDE2NTM0NTY=,2021-02-23T18:38:43Z,2026-04-23T21:58:28Z,2026-04-23T21:58:25Z,73,True,rcif,DUNE-DAQ/rcif,git@github.com:DUNE-DAQ/rcif.git,0
MDEwOlJlcG9zaXRvcnkzNDE2MTQ1OTU=,2021-02-23T16:18:58Z,2026-05-05T01:13:11Z,2026-04-04T15:33:55Z,4688,False,gsmartcontrol,ashaduri/gsmartcontrol,git@github.com:ashaduri/gsmartcontrol.git,677
MDEwOlJlcG9zaXRvcnkzNDE2MDI3NDg=,2021-02-23T15:38:36Z,2026-04-21T23:55:50Z,2026-04-21T23:55:42Z,6047,True,localScore,cran/localScore,git@github.com:cran/localScore.git,0
MDEwOlJlcG9zaXRvcnkzNDE1Nzk1ODA=,2021-02-23T14:22:46Z,2026-04-26T06:12:18Z,2026-04-26T06:12:13Z,636012,False,Easy_Weaponry_Enchanter,Sophriel/Easy_Weaponry_Enchanter,git@github.com:Sophriel/Easy_Weaponry_Enchanter.git,4
MDEwOlJlcG9zaXRvcnkzNDE1Nzc5NDY=,2021-02-23T14:17:10Z,2026-04-04T14:14:49Z,2026-04-04T14:15:05Z,5493,False,darksharpness.github.io,DarkSharpness/darksharpness.github.io,git@github.com:DarkSharpness/darksharpness.github.io.git,3
MDEwOlJlcG9zaXRvcnkzNDE1NDI3MDY=,2021-02-23T12:09:41Z,2026-05-06T03:33:34Z,2026-03-26T11:46:08Z,365745,True,AOS,JKU-ICG/AOS,git@github.com:JKU-ICG/AOS.git,124
MDEwOlJlcG9zaXRvcnkzNDE0OTIxOTM=,2021-02-23T09:05:01Z,2026-05-03T09:52:29Z,2026-05-03T09:52:24Z,4052,False,kHypervisorBasic,TimelifeCzy/kHypervisorBasic,git@github.com:TimelifeCzy/kHypervisorBasic.git,51
MDEwOlJlcG9zaXRvcnkzNDEzOTAzODY=,2021-02-23T01:31:25Z,2026-03-05T07:07:01Z,2026-03-05T07:06:55Z,10626,True,webrcade-app-fceux,webrcade/webrcade-app-fceux,git@github.com:webrcade/webrcade-app-fceux.git,4
MDEwOlJlcG9zaXRvcnkzNDEzNTg1MDc=,2021-02-22T22:42:18Z,2026-03-14T18:13:01Z,2026-03-29T17:18:59Z,2501,False,snowcone,glguy/snowcone,git@github.com:glguy/snowcone.git,1
MDEwOlJlcG9zaXRvcnkzNDEzNDcyMzM=,2021-02-22T21:50:23Z,2026-05-07T02:08:52Z,2026-05-07T02:08:49Z,277,False,http2comm,testillano/http2comm,git@github.com:testillano/http2comm.git,10
MDEwOlJlcG9zaXRvcnkzNDEzMjUzOTY=,2021-02-22T20:16:31Z,2026-05-01T19:21:11Z,2026-05-01T19:21:08Z,3510,False,acclint,IOBYTE/acclint,git@github.com:IOBYTE/acclint.git,3
MDEwOlJlcG9zaXRvcnkzNDEzMTc5NTE=,2021-02-22T19:46:33Z,2026-04-15T06:38:32Z,2026-04-20T15:16:28Z,2350,False,DistributedATS,mkipnis/DistributedATS,git@github.com:mkipnis/DistributedATS.git,105
MDEwOlJlcG9zaXRvcnkzNDEzMDQ3Nzk=,2021-02-22T18:55:52Z,2026-03-19T09:52:58Z,2026-03-19T09:52:55Z,125,False,ESP32-CAM-RTSP,aleiei/ESP32-CAM-RTSP,git@github.com:aleiei/ESP32-CAM-RTSP.git,9
MDEwOlJlcG9zaXRvcnkzNDEyODIyMzI=,2021-02-22T17:32:25Z,2026-03-09T18:41:58Z,2026-03-09T18:41:54Z,121,False,EE142,bakerjm24450/EE142,git@github.com:bakerjm24450/EE142.git,0
MDEwOlJlcG9zaXRvcnkzNDExNjc4OTQ=,2021-02-22T10:52:05Z,2026-05-03T18:45:49Z,2026-05-03T18:48:39Z,335367,False,video-simili-duplicate-cleaner,theophanemayaud/video-simili-duplicate-cleaner,git@github.com:theophanemayaud/video-simili-duplicate-cleaner.git,91
MDEwOlJlcG9zaXRvcnkzNDExNjQ4NzA=,2021-02-22T10:39:57Z,2026-04-25T02:35:40Z,2026-04-15T09:22:14Z,24182,True,HeiStream,KaHIP/HeiStream,git@github.com:KaHIP/HeiStream.git,7
MDEwOlJlcG9zaXRvcnkzNDExNTE5ODg=,2021-02-22T09:52:33Z,2026-04-09T20:16:40Z,2026-04-09T20:16:35Z,76989,False,AdvancedFluidMechanics,rclUPC/AdvancedFluidMechanics,git@github.com:rclUPC/AdvancedFluidMechanics.git,15
MDEwOlJlcG9zaXRvcnkzNDExNDMxMDM=,2021-02-22T09:19:10Z,2026-03-15T03:24:40Z,2026-03-15T03:24:37Z,8432,False,Ashok,zenaa544/Ashok,git@github.com:zenaa544/Ashok.git,0
MDEwOlJlcG9zaXRvcnkzNDEwNTA4Njk=,2021-02-22T01:55:38Z,2026-03-28T06:54:28Z,2026-04-04T16:39:20Z,271742,False,messaging_system,kcenon/messaging_system,git@github.com:kcenon/messaging_system.git,31
MDEwOlJlcG9zaXRvcnkzNDEwNDE2NzQ=,2021-02-22T01:03:45Z,2026-05-02T12:12:14Z,2026-05-04T13:44:43Z,44245,False,alpinefaction,GooberRF/alpinefaction,git@github.com:GooberRF/alpinefaction.git,20
MDEwOlJlcG9zaXRvcnkzNDEwMzY4NTE=,2021-02-22T00:34:18Z,2026-04-28T23:07:21Z,2026-04-23T21:25:04Z,25323,True,codextended-client,xtnded/codextended-client,git@github.com:xtnded/codextended-client.git,32
MDEwOlJlcG9zaXRvcnkzNDEwMDc3MDc=,2021-02-21T21:27:06Z,2026-05-06T16:58:37Z,2026-03-14T23:32:32Z,35980,False,TPFanCtrl2,Shuzhengz/TPFanCtrl2,git@github.com:Shuzhengz/TPFanCtrl2.git,491
MDEwOlJlcG9zaXRvcnkzNDA5ODM0OTk=,2021-02-21T19:18:24Z,2026-03-12T00:23:55Z,2026-03-12T00:23:52Z,6387,False,amrex-devtests,WeiqunZhang/amrex-devtests,git@github.com:WeiqunZhang/amrex-devtests.git,5
MDEwOlJlcG9zaXRvcnkzNDA5Njk2NTg=,2021-02-21T18:10:16Z,2026-05-07T11:16:52Z,2026-04-27T20:10:25Z,7894,False,MaxPayne3.FusionFix,ThirteenAG/MaxPayne3.FusionFix,git@github.com:ThirteenAG/MaxPayne3.FusionFix.git,211
MDEwOlJlcG9zaXRvcnkzNDA5MzA0MjA=,2021-02-21T15:10:56Z,2026-04-26T13:02:15Z,2026-04-23T14:16:18Z,6792,False,Solar2MQTT-ESP8266,softwarecrash/Solar2MQTT-ESP8266,git@github.com:softwarecrash/Solar2MQTT-ESP8266.git,295
MDEwOlJlcG9zaXRvcnkzNDA5MjY3MDg=,2021-02-21T14:54:23Z,2026-05-04T16:05:46Z,2026-05-04T16:05:42Z,2797,False,Leetcode,ravikr126/Leetcode,git@github.com:ravikr126/Leetcode.git,3
MDEwOlJlcG9zaXRvcnkzNDA5MjQ1MTU=,2021-02-21T14:44:26Z,2026-03-04T08:26:52Z,2026-03-04T08:31:18Z,4139,False,aaOcean,amaanakram/aaOcean,git@github.com:amaanakram/aaOcean.git,0
MDEwOlJlcG9zaXRvcnkzNDA5MTY3Mjk=,2021-02-21T14:09:05Z,2026-04-01T17:03:20Z,2026-04-01T17:03:22Z,905,False,npp-papyrus,blu3mania/npp-papyrus,git@github.com:blu3mania/npp-papyrus.git,37
MDEwOlJlcG9zaXRvcnkzNDA4NDA1MzA=,2021-02-21T07:09:52Z,2026-05-02T12:11:23Z,2026-05-02T12:11:19Z,366,False,atc,ht0919/atc,git@github.com:ht0919/atc.git,0
MDEwOlJlcG9zaXRvcnkzNDA4MjY0MzQ=,2021-02-21T05:38:35Z,2026-05-07T09:25:15Z,2026-05-07T09:25:11Z,2803,True,mola_lidar_odometry,MOLAorg/mola_lidar_odometry,git@github.com:MOLAorg/mola_lidar_odometry.git,109
MDEwOlJlcG9zaXRvcnkzNDA4MjE5Mjc=,2021-02-21T05:05:19Z,2026-04-07T14:34:24Z,2026-04-07T14:33:28Z,109,False,MyTemplates,Windowsist/MyTemplates,git@github.com:Windowsist/MyTemplates.git,0
MDEwOlJlcG9zaXRvcnkzNDA4MDIxMDY=,2021-02-21T02:41:55Z,2026-03-27T06:53:20Z,2026-03-18T07:17:10Z,139615,False,yilianvpn,cziosai/yilianvpn,git@github.com:cziosai/yilianvpn.git,18
MDEwOlJlcG9zaXRvcnkzNDA2NTcyODI=,2021-02-20T13:09:02Z,2026-04-29T09:20:55Z,2026-04-29T09:20:51Z,32991,False,OSGeo4W,jef-n/OSGeo4W,git@github.com:jef-n/OSGeo4W.git,34
MDEwOlJlcG9zaXRvcnkzNDA2MTkwOTM=,2021-02-20T09:51:56Z,2026-03-09T02:40:44Z,2026-04-29T19:32:04Z,1102,False,WaveRush,OhhhZenix/WaveRush,git@github.com:OhhhZenix/WaveRush.git,6
MDEwOlJlcG9zaXRvcnkzNDA1NDA2NDg=,2021-02-20T02:19:16Z,2026-04-21T16:34:49Z,2026-04-21T16:34:45Z,14,False,leetcode,linpeisong/leetcode,git@github.com:linpeisong/leetcode.git,0
MDEwOlJlcG9zaXRvcnkzNDA1MzYzNDk=,2021-02-20T01:53:37Z,2026-03-30T00:00:33Z,2026-04-23T23:29:36Z,24399,False,D3PP,umby24/D3PP,git@github.com:umby24/D3PP.git,7
MDEwOlJlcG9zaXRvcnkzNDA1MjMyNzY=,2021-02-20T00:29:30Z,2026-03-28T06:04:23Z,2026-03-28T06:04:20Z,2301,False,project-euler,kevinddchen/project-euler,git@github.com:kevinddchen/project-euler.git,0
MDEwOlJlcG9zaXRvcnkzNDA0ODUzNjM=,2021-02-19T20:44:55Z,2026-04-29T02:36:26Z,2026-03-19T12:21:32Z,79,True,ros2_socketcan,autowarefoundation/ros2_socketcan,git@github.com:autowarefoundation/ros2_socketcan.git,180
MDEwOlJlcG9zaXRvcnkzNDA0NDI0NzU=,2021-02-19T17:31:16Z,2026-04-20T18:25:37Z,2026-04-20T18:25:31Z,1375,False,TASEva,Iuve/TASEva,git@github.com:Iuve/TASEva.git,0
MDEwOlJlcG9zaXRvcnkzNDA0MTc5MDg=,2021-02-19T15:55:47Z,2026-05-07T07:45:09Z,2026-05-07T00:39:09Z,13605,True,Stim,quantumlib/Stim,git@github.com:quantumlib/Stim.git,716
MDEwOlJlcG9zaXRvcnkzNDA0MDg1NzU=,2021-02-19T15:21:22Z,2026-05-07T07:22:53Z,2026-04-30T15:15:10Z,12849,True,image_projection,tu-darmstadt-ros-pkg/image_projection,git@github.com:tu-darmstadt-ros-pkg/image_projection.git,205
MDEwOlJlcG9zaXRvcnkzNDA0MDA5NTY=,2021-02-19T14:53:36Z,2026-04-07T09:52:43Z,2026-04-07T09:51:54Z,474720,True,os-openvino,pexip/os-openvino,git@github.com:pexip/os-openvino.git,0
MDEwOlJlcG9zaXRvcnkzNDAzNzIzMTg=,2021-02-19T13:08:16Z,2026-05-04T21:26:47Z,2026-05-04T21:26:43Z,54262,False,public,dmichaels/public,git@github.com:dmichaels/public.git,0
MDEwOlJlcG9zaXRvcnkzNDAzMjcwMzg=,2021-02-19T09:57:22Z,2026-04-25T16:04:34Z,2026-04-25T16:04:28Z,6680,False,problems,r4pidstart/problems,git@github.com:r4pidstart/problems.git,1
MDEwOlJlcG9zaXRvcnkzNDAzMTkyMDQ=,2021-02-19T09:25:42Z,2026-05-06T18:47:12Z,2026-04-28T11:32:20Z,7312,True,OpenCatEsp32-Quadruped-Robot,PetoiCamp/OpenCatEsp32-Quadruped-Robot,git@github.com:PetoiCamp/OpenCatEsp32-Quadruped-Robot.git,215
MDEwOlJlcG9zaXRvcnkzNDAyNzUyNDY=,2021-02-19T06:10:51Z,2026-03-27T05:45:07Z,2026-03-17T05:44:40Z,20455,True,text-render-test,wamsoft/text-render-test,git@github.com:wamsoft/text-render-test.git,0
MDEwOlJlcG9zaXRvcnkzNDAyMTk0OTQ=,2021-02-19T00:56:12Z,2026-05-07T04:43:01Z,2026-05-07T03:53:59Z,39353,True,libjxl,libjxl/libjxl,git@github.com:libjxl/libjxl.git,3468
MDEwOlJlcG9zaXRvcnkzNDAxOTgwNzc=,2021-02-18T22:50:51Z,2026-03-29T17:35:27Z,2026-03-29T17:35:23Z,1077,False,Monophono-keyboard,Ciosepp/Monophono-keyboard,git@github.com:Ciosepp/Monophono-keyboard.git,0
MDEwOlJlcG9zaXRvcnkzNDAxNjcwODE=,2021-02-18T20:17:27Z,2026-03-11T11:32:21Z,2026-03-11T11:32:16Z,365,True,pasumi,pasumi/pasumi,git@github.com:pasumi/pasumi.git,11
MDEwOlJlcG9zaXRvcnkzNDAxMzE1NDI=,2021-02-18T17:50:39Z,2026-04-02T18:35:28Z,2026-04-02T18:35:38Z,9047,True,spiner,lanl/spiner,git@github.com:lanl/spiner.git,9
MDEwOlJlcG9zaXRvcnkzNDAwODA4NzQ=,2021-02-18T14:47:05Z,2026-05-06T18:55:24Z,2026-05-06T18:55:21Z,12639,False,LeetCode,evialbert/LeetCode,git@github.com:evialbert/LeetCode.git,5
MDEwOlJlcG9zaXRvcnkzNDAwMzkzOTQ=,2021-02-18T12:13:14Z,2026-04-27T13:59:30Z,2026-04-25T11:40:50Z,55080,True,Community-Mod-Compilation-redux,GMC-Modding-Team/Community-Mod-Compilation-redux,git@github.com:GMC-Modding-Team/Community-Mod-Compilation-redux.git,29
MDEwOlJlcG9zaXRvcnkzNDAwMzkyMjM=,2021-02-18T12:12:31Z,2026-03-19T08:28:26Z,2026-03-19T08:28:22Z,454,False,ESP32-BUG-I2S-MIC,aleiei/ESP32-BUG-I2S-MIC,git@github.com:aleiei/ESP32-BUG-I2S-MIC.git,20
MDEwOlJlcG9zaXRvcnkzNDAwMjExNTQ=,2021-02-18T10:57:00Z,2026-04-27T09:33:51Z,2026-04-27T09:33:44Z,5849,True,gpboost,cran/gpboost,git@github.com:cran/gpboost.git,0
MDEwOlJlcG9zaXRvcnkzNDAwMjA4MTY=,2021-02-18T10:55:36Z,2026-03-13T10:59:01Z,2026-03-13T10:58:57Z,3807,False,LabAnalyser,ConverterLabs/LabAnalyser,git@github.com:ConverterLabs/LabAnalyser.git,2
MDEwOlJlcG9zaXRvcnkzNDAwMTkwNTE=,2021-02-18T10:49:09Z,2026-03-29T05:18:22Z,2026-03-29T05:18:18Z,1870,False,study,tlsgkdns/study,git@github.com:tlsgkdns/study.git,0
MDEwOlJlcG9zaXRvcnkzNDAwMTUzNDM=,2021-02-18T10:34:29Z,2026-04-25T11:07:25Z,2026-04-25T11:07:22Z,60,True,blaster,cran/blaster,git@github.com:cran/blaster.git,0
MDEwOlJlcG9zaXRvcnkzNDAwMDEwMTA=,2021-02-18T09:38:27Z,2026-04-08T08:42:32Z,2026-04-08T08:42:28Z,12032,True,ESP32-S2-DevKit-LiPo-USB,OLIMEX/ESP32-S2-DevKit-LiPo-USB,git@github.com:OLIMEX/ESP32-S2-DevKit-LiPo-USB.git,20
MDEwOlJlcG9zaXRvcnkzMzk5NzI3MTY=,2021-02-18T07:43:04Z,2026-04-23T21:30:12Z,2026-04-15T11:25:04Z,110073,True,maps-core,openmobilemaps/maps-core,git@github.com:openmobilemaps/maps-core.git,208
MDEwOlJlcG9zaXRvcnkzMzk5NjA5Mzc=,2021-02-18T06:47:32Z,2026-05-04T10:50:17Z,2026-05-04T10:50:12Z,1184,False,competitive-programming,Alirido/competitive-programming,git@github.com:Alirido/competitive-programming.git,0
MDEwOlJlcG9zaXRvcnkzMzk5MDY5NTQ=,2021-02-18T01:53:27Z,2026-05-04T14:35:29Z,2026-05-04T14:34:06Z,91410,False,Trafodion-NativeLite,weiqxu/Trafodion-NativeLite,git@github.com:weiqxu/Trafodion-NativeLite.git,1
MDEwOlJlcG9zaXRvcnkzMzk4NjA3NTc=,2021-02-17T21:29:02Z,2026-04-26T22:40:09Z,2026-04-26T22:40:06Z,6528,True,Chroma,bsq-ports/Chroma,git@github.com:bsq-ports/Chroma.git,74
MDEwOlJlcG9zaXRvcnkzMzk4NDk2MzA=,2021-02-17T20:37:56Z,2026-04-27T11:24:26Z,2026-04-27T11:24:20Z,6149,False,vitastor,vitalif/vitastor,git@github.com:vitalif/vitastor.git,227
MDEwOlJlcG9zaXRvcnkzMzk4MTQ4MTY=,2021-02-17T18:15:06Z,2026-04-16T13:21:57Z,2026-05-01T21:13:24Z,22310,False,DearWidgets,soufianekhiat/DearWidgets,git@github.com:soufianekhiat/DearWidgets.git,318
MDEwOlJlcG9zaXRvcnkzMzk4MTQ3ODQ=,2021-02-17T18:14:58Z,2026-04-08T04:48:15Z,2026-04-08T04:48:05Z,6045,False,SpikeNET,arnodelorme/SpikeNET,git@github.com:arnodelorme/SpikeNET.git,5
MDEwOlJlcG9zaXRvcnkzMzk4MDg0MjM=,2021-02-17T17:50:37Z,2026-05-05T11:09:16Z,2026-04-16T09:31:14Z,1001,False,HeroesOfJinYong,soarqin/HeroesOfJinYong,git@github.com:soarqin/HeroesOfJinYong.git,24
MDEwOlJlcG9zaXRvcnkzMzk3NzY4OTk=,2021-02-17T15:59:27Z,2026-04-18T15:18:09Z,2026-04-18T15:18:04Z,4803,True,vanilla-land-vehicles,Project-Hatchet/vanilla-land-vehicles,git@github.com:Project-Hatchet/vanilla-land-vehicles.git,0
MDEwOlJlcG9zaXRvcnkzMzk3NDk2ODI=,2021-02-17T14:28:50Z,2026-03-28T08:37:35Z,2026-03-28T08:37:32Z,33680,True,minikin,wamsoft/minikin,git@github.com:wamsoft/minikin.git,0
MDEwOlJlcG9zaXRvcnkzMzk3NDQ2NTE=,2021-02-17T14:11:38Z,2026-03-28T11:45:13Z,2026-03-28T11:45:09Z,1648,False,OpenGTA,mkmkme/OpenGTA,git@github.com:mkmkme/OpenGTA.git,4
MDEwOlJlcG9zaXRvcnkzMzk3MzU4NTA=,2021-02-17T13:40:46Z,2026-04-02T11:45:38Z,2026-04-02T11:45:30Z,2316,True,arduino-i2c-stc3x,Sensirion/arduino-i2c-stc3x,git@github.com:Sensirion/arduino-i2c-stc3x.git,3
MDEwOlJlcG9zaXRvcnkzMzk3Mjc4MzY=,2021-02-17T13:11:02Z,2026-04-22T19:41:07Z,2026-05-06T21:17:58Z,18804,False,cxon,oknenavin/cxon,git@github.com:oknenavin/cxon.git,3
MDEwOlJlcG9zaXRvcnkzMzk3MjI2Mjk=,2021-02-17T12:50:57Z,2026-04-19T21:14:03Z,2026-04-30T01:37:50Z,56,False,competitive-programming,nikita-sakharin/competitive-programming,git@github.com:nikita-sakharin/competitive-programming.git,0
MDEwOlJlcG9zaXRvcnkzMzk3MDQ0ODY=,2021-02-17T11:39:16Z,2026-03-02T12:39:13Z,2026-03-02T12:39:09Z,658,False,xboy,rainx/xboy,git@github.com:rainx/xboy.git,0
MDEwOlJlcG9zaXRvcnkzMzk2NzM5MDg=,2021-02-17T09:39:34Z,2026-04-02T07:35:01Z,2026-04-02T07:34:58Z,82,True,gpu-programming-essentials,PawseySC/gpu-programming-essentials,git@github.com:PawseySC/gpu-programming-essentials.git,2
MDEwOlJlcG9zaXRvcnkzMzk2NTM5ODM=,2021-02-17T08:16:56Z,2026-03-03T00:26:31Z,2026-03-03T00:26:27Z,224,False,xbox360-controller-api,kooscode/xbox360-controller-api,git@github.com:kooscode/xbox360-controller-api.git,6
MDEwOlJlcG9zaXRvcnkzMzk2NDAyNjY=,2021-02-17T07:13:24Z,2026-05-03T15:19:52Z,2026-05-03T15:19:48Z,4154,False,gtl,whpark/gtl,git@github.com:whpark/gtl.git,1
MDEwOlJlcG9zaXRvcnkzMzk2MzQ2MTc=,2021-02-17T06:44:17Z,2026-03-02T18:27:47Z,2026-03-02T18:28:30Z,122,True,XMLParser,LBNL-ETA/XMLParser,git@github.com:LBNL-ETA/XMLParser.git,0
MDEwOlJlcG9zaXRvcnkzMzk0NzQ2NDk=,2021-02-16T17:22:00Z,2026-03-10T17:37:32Z,2026-03-10T17:37:28Z,45,False,ScopeGuard,ButylLee/ScopeGuard,git@github.com:ButylLee/ScopeGuard.git,2
MDEwOlJlcG9zaXRvcnkzMzk0NjUwMDg=,2021-02-16T16:46:49Z,2026-05-07T09:22:47Z,2026-05-07T09:29:25Z,135880,False,bakabakaband,deskull-m/bakabakaband,git@github.com:deskull-m/bakabakaband.git,7
MDEwOlJlcG9zaXRvcnkzMzk0NDUxMDY=,2021-02-16T15:37:13Z,2026-04-21T15:05:22Z,2026-04-02T23:33:24Z,1721,True,IntroVirt,IntroVirt/IntroVirt,git@github.com:IntroVirt/IntroVirt.git,65
MDEwOlJlcG9zaXRvcnkzMzk0MzA0MjI=,2021-02-16T14:46:57Z,2026-03-11T15:52:03Z,2026-03-11T15:51:58Z,60,False,fourblock-descent,Daft-Freak/fourblock-descent,git@github.com:Daft-Freak/fourblock-descent.git,0
MDEwOlJlcG9zaXRvcnkzMzk0MDk2NjQ=,2021-02-16T13:36:51Z,2026-04-28T14:01:20Z,2026-04-29T19:23:55Z,230,True,k4ActsTracking,key4hep/k4ActsTracking,git@github.com:key4hep/k4ActsTracking.git,2
MDEwOlJlcG9zaXRvcnkzMzkzNjQ3MTM=,2021-02-16T10:41:31Z,2026-03-09T10:44:23Z,2026-03-09T10:44:19Z,67746,True,QameleO,CoFab-in-Bondy/QameleO,git@github.com:CoFab-in-Bondy/QameleO.git,0
MDEwOlJlcG9zaXRvcnkzMzkzNTA2Nzk=,2021-02-16T09:45:40Z,2026-03-11T11:49:38Z,2026-03-11T11:49:34Z,57,True,SoftwareEngineeringforGamesI,KenPowerClassroom/SoftwareEngineeringforGamesI,git@github.com:KenPowerClassroom/SoftwareEngineeringforGamesI.git,3
MDEwOlJlcG9zaXRvcnkzMzkzMzY0NDE=,2021-02-16T08:50:22Z,2026-05-06T06:22:09Z,2026-05-06T06:22:06Z,2833,False,direct2d-playground,yottaawesome/direct2d-playground,git@github.com:yottaawesome/direct2d-playground.git,2
MDEwOlJlcG9zaXRvcnkzMzkyODk5Nzc=,2021-02-16T05:00:09Z,2026-05-03T08:59:31Z,2026-05-03T08:59:27Z,2374,False,DSA_FAANG,khizerkamal/DSA_FAANG,git@github.com:khizerkamal/DSA_FAANG.git,0
MDEwOlJlcG9zaXRvcnkzMzkyMzU4NjY=,2021-02-15T23:32:05Z,2026-05-01T23:06:42Z,2026-04-21T02:48:31Z,116683,False,ModelExtras,user-grinch/ModelExtras,git@github.com:user-grinch/ModelExtras.git,43
MDEwOlJlcG9zaXRvcnkzMzkxMjc2NTA=,2021-02-15T15:54:12Z,2026-05-07T09:05:25Z,2026-05-07T09:05:19Z,8143,True,IkomiaStudio,Ikomia-dev/IkomiaStudio,git@github.com:Ikomia-dev/IkomiaStudio.git,61
MDEwOlJlcG9zaXRvcnkzMzkxMTA2NDg=,2021-02-15T14:54:02Z,2026-04-23T15:27:16Z,2026-04-23T15:27:12Z,24201,False,snowkoban,xpjb/snowkoban,git@github.com:xpjb/snowkoban.git,0
MDEwOlJlcG9zaXRvcnkzMzkxMDY1NTY=,2021-02-15T14:39:47Z,2026-04-17T10:48:45Z,2026-04-21T09:35:07Z,1913,False,GDConcMeasure,marc1uk/GDConcMeasure,git@github.com:marc1uk/GDConcMeasure.git,0
MDEwOlJlcG9zaXRvcnkzMzkwNjc5ODQ=,2021-02-15T12:17:49Z,2026-04-30T12:52:44Z,2026-04-24T08:53:17Z,3114,True,TwoPhaseFlow,DLR-RY/TwoPhaseFlow,git@github.com:DLR-RY/TwoPhaseFlow.git,108
MDEwOlJlcG9zaXRvcnkzMzkwNDA0NTY=,2021-02-15T10:26:44Z,2026-04-28T15:18:23Z,2026-05-01T16:48:20Z,7393,False,hsmcpp,igor-krechetov/hsmcpp,git@github.com:igor-krechetov/hsmcpp.git,119
MDEwOlJlcG9zaXRvcnkzMzg5Mjg1OTQ=,2021-02-15T00:03:03Z,2026-03-03T01:09:55Z,2026-03-03T01:09:51Z,12097,False,pihole_nextion_statistic_display,SanwebGit/pihole_nextion_statistic_display,git@github.com:SanwebGit/pihole_nextion_statistic_display.git,3
MDEwOlJlcG9zaXRvcnkzMzg5MTg3NjM=,2021-02-14T22:51:47Z,2026-05-04T06:30:58Z,2026-04-23T10:27:24Z,98545,False,clang-uml,bkryza/clang-uml,git@github.com:bkryza/clang-uml.git,887
MDEwOlJlcG9zaXRvcnkzMzg5MTgyMDU=,2021-02-14T22:47:54Z,2026-03-13T19:28:54Z,2026-03-13T19:28:46Z,189426,False,Address-Book-Merge,rrvt/Address-Book-Merge,git@github.com:rrvt/Address-Book-Merge.git,0
MDEwOlJlcG9zaXRvcnkzMzg4ODY1MzQ=,2021-02-14T19:40:30Z,2026-03-29T20:48:06Z,2026-03-29T20:48:02Z,88,False,engine-cooler-capacity-bargraph,piotrcurious/engine-cooler-capacity-bargraph,git@github.com:piotrcurious/engine-cooler-capacity-bargraph.git,0
MDEwOlJlcG9zaXRvcnkzMzg4NjMzMDI=,2021-02-14T17:41:11Z,2026-04-20T14:08:47Z,2026-04-17T20:05:45Z,190982,True,OpenMBU,MBU-Team/OpenMBU,git@github.com:MBU-Team/OpenMBU.git,237
MDEwOlJlcG9zaXRvcnkzMzg4NTAzOTY=,2021-02-14T16:38:36Z,2026-05-04T09:11:31Z,2026-05-04T09:11:27Z,119,True,sparkle-cdm,Sparkle-CDM/sparkle-cdm,git@github.com:Sparkle-CDM/sparkle-cdm.git,8
MDEwOlJlcG9zaXRvcnkzMzg4NDI1MzM=,2021-02-14T16:00:26Z,2026-04-29T13:58:06Z,2026-04-29T13:58:01Z,384895,False,C4D_MMD_Tool,AiMiDi/C4D_MMD_Tool,git@github.com:AiMiDi/C4D_MMD_Tool.git,142
MDEwOlJlcG9zaXRvcnkzMzg4MTA1MTY=,2021-02-14T13:22:57Z,2026-04-20T13:41:38Z,2026-04-20T13:41:34Z,3235,False,SWR_ESP32_ads1115_ILI9341,PE1PWR/SWR_ESP32_ads1115_ILI9341,git@github.com:PE1PWR/SWR_ESP32_ads1115_ILI9341.git,0
MDEwOlJlcG9zaXRvcnkzMzg3ODU3MzE=,2021-02-14T11:05:13Z,2026-05-07T01:09:25Z,2026-05-06T20:59:41Z,258102,True,SatDump,SatDump/SatDump,git@github.com:SatDump/SatDump.git,1963
MDEwOlJlcG9zaXRvcnkzMzg3ODQwMzc=,2021-02-14T10:55:22Z,2026-05-06T17:57:56Z,2026-05-06T17:57:52Z,161251,False,SwitchBotBLEHub,AdyRock/SwitchBotBLEHub,git@github.com:AdyRock/SwitchBotBLEHub.git,22
MDEwOlJlcG9zaXRvcnkzMzg3NzExMTA=,2021-02-14T09:38:48Z,2026-03-06T08:28:36Z,2026-03-06T08:28:33Z,286,False,gitminer-cuda,hletrd/gitminer-cuda,git@github.com:hletrd/gitminer-cuda.git,3
MDEwOlJlcG9zaXRvcnkzMzg3NjUwOTU=,2021-02-14T08:59:27Z,2026-05-02T07:24:59Z,2026-05-02T07:24:54Z,2430,False,proconlib,anqooqie/proconlib,git@github.com:anqooqie/proconlib.git,2
MDEwOlJlcG9zaXRvcnkzMzg3NjE1NTA=,2021-02-14T08:35:55Z,2026-05-04T06:29:25Z,2026-05-04T06:29:21Z,209,True,coro,Felspar/coro,git@github.com:Felspar/coro.git,39
MDEwOlJlcG9zaXRvcnkzMzg3MzI0NDU=,2021-02-14T04:59:16Z,2026-04-09T15:25:07Z,2026-04-09T15:25:03Z,40578,False,doutorado,cayofontana/doutorado,git@github.com:cayofontana/doutorado.git,0
MDEwOlJlcG9zaXRvcnkzMzg3MjIzNDE=,2021-02-14T03:36:44Z,2026-05-05T10:28:55Z,2026-05-03T16:20:21Z,35678,True,b2,bfgroup/b2,git@github.com:bfgroup/b2.git,115
MDEwOlJlcG9zaXRvcnkzMzg3MTMxMTU=,2021-02-14T02:23:00Z,2026-03-25T07:18:54Z,2026-03-25T07:19:54Z,86687,False,model-viewer-dx12,tonyu0/model-viewer-dx12,git@github.com:tonyu0/model-viewer-dx12.git,0
MDEwOlJlcG9zaXRvcnkzMzg3MTAzNzE=,2021-02-14T02:00:33Z,2026-04-06T05:08:16Z,2026-04-06T05:08:12Z,222,False,taxfloss,linuxrocks123/taxfloss,git@github.com:linuxrocks123/taxfloss.git,1
MDEwOlJlcG9zaXRvcnkzMzg2NjQ1MDc=,2021-02-13T20:34:39Z,2026-04-15T20:44:58Z,2026-04-15T20:45:01Z,118,False,SpeechPlugin,chcg/SpeechPlugin,git@github.com:chcg/SpeechPlugin.git,12
MDEwOlJlcG9zaXRvcnkzMzg2MzQzMjU=,2021-02-13T17:53:36Z,2026-04-01T10:21:59Z,2026-04-01T10:21:47Z,5057015,False,PortFolio,KimChily1117/PortFolio,git@github.com:KimChily1117/PortFolio.git,0
MDEwOlJlcG9zaXRvcnkzMzg1OTY4NTg=,2021-02-13T14:50:30Z,2026-05-07T09:36:49Z,2026-05-07T09:36:44Z,621,False,Interview-Preparation,ItsPiyusha/Interview-Preparation,git@github.com:ItsPiyusha/Interview-Preparation.git,0
MDEwOlJlcG9zaXRvcnkzMzg1NDMwNjk=,2021-02-13T09:52:02Z,2026-05-04T09:27:32Z,2026-04-12T15:21:16Z,472,False,pfs,dtrugman/pfs,git@github.com:dtrugman/pfs.git,124
MDEwOlJlcG9zaXRvcnkzMzg0MzY5ODc=,2021-02-12T21:26:46Z,2026-05-05T03:45:11Z,2026-04-21T16:11:59Z,17659,False,pcrown,eadmaster/pcrown,git@github.com:eadmaster/pcrown.git,235
MDEwOlJlcG9zaXRvcnkzMzg0MjExODE=,2021-02-12T20:05:07Z,2026-05-05T08:44:47Z,2026-05-05T23:50:14Z,36643,True,gromox,grommunio/gromox,git@github.com:grommunio/gromox.git,237
MDEwOlJlcG9zaXRvcnkzMzg0MTY2MDM=,2021-02-12T19:43:27Z,2026-05-07T01:26:22Z,2026-05-07T01:26:18Z,889,True,powermon,temporal-hpc/powermon,git@github.com:temporal-hpc/powermon.git,4
MDEwOlJlcG9zaXRvcnkzMzgzNzkyMzE=,2021-02-12T16:57:57Z,2026-04-15T17:29:22Z,2026-03-31T22:37:01Z,438017,False,Oculus_Touch_Steam_Link,mm0zct/Oculus_Touch_Steam_Link,git@github.com:mm0zct/Oculus_Touch_Steam_Link.git,84
MDEwOlJlcG9zaXRvcnkzMzgzNjA4Mzc=,2021-02-12T15:44:14Z,2026-04-29T08:43:21Z,2026-04-29T08:43:15Z,8302,False,webrtc-interop,sipsorcery/webrtc-interop,git@github.com:sipsorcery/webrtc-interop.git,211
MDEwOlJlcG9zaXRvcnkzMzgzMzUzOTE=,2021-02-12T14:03:31Z,2026-05-06T16:20:31Z,2026-04-23T15:38:46Z,666,False,hoermann_door,stephan192/hoermann_door,git@github.com:stephan192/hoermann_door.git,131
MDEwOlJlcG9zaXRvcnkzMzgzMzQ3NTA=,2021-02-12T14:00:52Z,2026-05-06T20:32:44Z,2026-05-06T20:32:39Z,4740,False,Terminal,ismail-yilmaz/Terminal,git@github.com:ismail-yilmaz/Terminal.git,24
MDEwOlJlcG9zaXRvcnkzMzgzMjUzNjA=,2021-02-12T13:21:44Z,2026-04-17T16:38:01Z,2026-04-17T16:37:57Z,104,False,fractale,murbanga/fractale,git@github.com:murbanga/fractale.git,0
MDEwOlJlcG9zaXRvcnkzMzgyOTU0MjE=,2021-02-12T11:08:47Z,2026-04-29T13:52:37Z,2026-04-29T13:52:32Z,13236,False,cpp_praktiks,RusAl84/cpp_praktiks,git@github.com:RusAl84/cpp_praktiks.git,11
MDEwOlJlcG9zaXRvcnkzMzgyOTIyMjM=,2021-02-12T10:53:45Z,2026-04-28T11:33:32Z,2026-04-28T11:33:27Z,574,True,JayD-Firmware,CircuitMess/JayD-Firmware,git@github.com:CircuitMess/JayD-Firmware.git,3
MDEwOlJlcG9zaXRvcnkzMzgyODgwMjM=,2021-02-12T10:34:44Z,2026-03-19T09:46:15Z,2026-03-19T09:46:12Z,181,False,ESP8266-BUG-I2S-MIC,aleiei/ESP8266-BUG-I2S-MIC,git@github.com:aleiei/ESP8266-BUG-I2S-MIC.git,28
MDEwOlJlcG9zaXRvcnkzMzgyNTQzNzI=,2021-02-12T07:49:25Z,2026-03-11T19:29:44Z,2026-03-11T19:29:40Z,375,False,hermes,jgomezselles/hermes,git@github.com:jgomezselles/hermes.git,11
MDEwOlJlcG9zaXRvcnkzMzgyMzQ1MDY=,2021-02-12T05:44:01Z,2026-04-21T01:18:23Z,2026-04-21T01:18:18Z,147,False,algorithm,yudini/algorithm,git@github.com:yudini/algorithm.git,0
MDEwOlJlcG9zaXRvcnkzMzgyMDM4MzQ=,2021-02-12T02:09:16Z,2026-03-29T20:42:49Z,2026-03-29T20:42:45Z,1471,False,IL2-Dials-Server,itsjustdel/IL2-Dials-Server,git@github.com:itsjustdel/IL2-Dials-Server.git,6
MDEwOlJlcG9zaXRvcnkzMzgxNjQ3NzA=,2021-02-11T22:05:32Z,2026-03-11T17:26:41Z,2026-03-11T17:31:15Z,1011,True,Display-Virtualization-for-Windows-OS,intel/Display-Virtualization-for-Windows-OS,git@github.com:intel/Display-Virtualization-for-Windows-OS.git,88
MDEwOlJlcG9zaXRvcnkzMzgxMjg2NDY=,2021-02-11T19:19:57Z,2026-05-05T20:09:03Z,2026-05-05T20:08:59Z,4153,False,S5BinkHook,mcb5637/S5BinkHook,git@github.com:mcb5637/S5BinkHook.git,2
MDEwOlJlcG9zaXRvcnkzMzgxMjA0MDQ=,2021-02-11T18:46:06Z,2026-05-06T19:24:50Z,2026-05-07T09:50:15Z,58919,False,CypriotKeyboard,atmz/CypriotKeyboard,git@github.com:atmz/CypriotKeyboard.git,3
MDEwOlJlcG9zaXRvcnkzMzgxMTU5MDM=,2021-02-11T18:27:59Z,2026-04-23T22:36:48Z,2026-03-28T08:41:42Z,4306,False,ELIZA,anthay/ELIZA,git@github.com:anthay/ELIZA.git,175
MDEwOlJlcG9zaXRvcnkzMzgxMTE4MjM=,2021-02-11T18:12:03Z,2026-03-08T04:32:24Z,2026-03-08T04:32:21Z,69,False,Greedy-DSA-Series,Himanshu3198/Greedy-DSA-Series,git@github.com:Himanshu3198/Greedy-DSA-Series.git,0
MDEwOlJlcG9zaXRvcnkzMzgwOTcwNzI=,2021-02-11T17:15:46Z,2026-04-27T23:32:04Z,2026-04-27T23:32:00Z,3,False,convex-hull,valentinpi/convex-hull,git@github.com:valentinpi/convex-hull.git,1
MDEwOlJlcG9zaXRvcnkzMzgwNTc0NDI=,2021-02-11T14:47:37Z,2026-05-05T07:45:26Z,2026-03-14T05:38:46Z,49991,True,pipy,flomesh-io/pipy,git@github.com:flomesh-io/pipy.git,829
MDEwOlJlcG9zaXRvcnkzMzgwMjExMzg=,2021-02-11T12:21:16Z,2026-03-30T10:38:23Z,2026-03-30T10:38:19Z,100,False,bin-lab-ca,mrazekv/bin-lab-ca,git@github.com:mrazekv/bin-lab-ca.git,0
MDEwOlJlcG9zaXRvcnkzMzc4OTIwODg=,2021-02-11T00:30:58Z,2026-03-16T06:56:25Z,2026-03-16T07:02:14Z,734,False,SHA256,LazyPanda07/SHA256,git@github.com:LazyPanda07/SHA256.git,0
MDEwOlJlcG9zaXRvcnkzMzc4ODA1OTc=,2021-02-10T23:19:42Z,2026-05-04T14:28:08Z,2026-05-04T14:35:44Z,75182,True,cocoa_desy1xplanck,CosmoLike/cocoa_desy1xplanck,git@github.com:CosmoLike/cocoa_desy1xplanck.git,2
MDEwOlJlcG9zaXRvcnkzMzc4NzI0NTY=,2021-02-10T22:34:10Z,2026-05-05T22:44:23Z,2026-05-05T22:43:28Z,6,False,jvmti_wrapper,jparsert/jvmti_wrapper,git@github.com:jparsert/jvmti_wrapper.git,0
MDEwOlJlcG9zaXRvcnkzMzc4NjMwOTA=,2021-02-10T21:49:14Z,2026-04-20T20:47:22Z,2026-04-17T09:29:49Z,4867,True,CAGEE,hahnlab/CAGEE,git@github.com:hahnlab/CAGEE.git,46
MDEwOlJlcG9zaXRvcnkzMzc4NTUzNzc=,2021-02-10T21:12:38Z,2026-03-11T03:12:51Z,2026-03-11T03:29:20Z,485,False,RL-Snake-Game,daniel-m-campos/RL-Snake-Game,git@github.com:daniel-m-campos/RL-Snake-Game.git,0
MDEwOlJlcG9zaXRvcnkzMzc3Nzc4Mjk=,2021-02-10T16:09:37Z,2026-05-06T17:03:12Z,2026-05-06T17:03:07Z,50,False,jazzutils-beef,jazzbre/jazzutils-beef,git@github.com:jazzbre/jazzutils-beef.git,1
MDEwOlJlcG9zaXRvcnkzMzc3Njk5MTI=,2021-02-10T15:40:54Z,2026-04-25T21:46:55Z,2026-04-25T21:46:51Z,1405,False,codeforces-solutions,umairgillani93/codeforces-solutions,git@github.com:umairgillani93/codeforces-solutions.git,0
MDEwOlJlcG9zaXRvcnkzMzc3NTA0NTA=,2021-02-10T14:32:52Z,2026-05-03T21:25:09Z,2026-05-03T21:25:05Z,5630,True,Interaction-Framework,Project-Hatchet/Interaction-Framework,git@github.com:Project-Hatchet/Interaction-Framework.git,10
MDEwOlJlcG9zaXRvcnkzMzc3MjI3MzQ=,2021-02-10T12:50:33Z,2026-05-06T09:52:20Z,2026-05-06T09:52:16Z,2382,True,5HV-robot-template,emmauscollege/5HV-robot-template,git@github.com:emmauscollege/5HV-robot-template.git,0
MDEwOlJlcG9zaXRvcnkzMzc2Nzk5OTA=,2021-02-10T09:50:39Z,2026-04-30T18:21:46Z,2026-03-07T17:07:07Z,10001,False,diyBMSv4ESP32,stuartpittaway/diyBMSv4ESP32,git@github.com:stuartpittaway/diyBMSv4ESP32.git,230
MDEwOlJlcG9zaXRvcnkzMzc2NzE1NTQ=,2021-02-10T09:14:13Z,2026-04-21T11:59:49Z,2026-04-28T07:01:23Z,492949,False,DuctedFanUAV-Autopilot,mengchaoheng/DuctedFanUAV-Autopilot,git@github.com:mengchaoheng/DuctedFanUAV-Autopilot.git,10
MDEwOlJlcG9zaXRvcnkzMzc2NDM2NTE=,2021-02-10T07:02:48Z,2026-03-16T00:58:58Z,2026-03-16T01:00:58Z,19968,False,monke-engine,grazianobolla/monke-engine,git@github.com:grazianobolla/monke-engine.git,4
MDEwOlJlcG9zaXRvcnkzMzc2MzMwNDU=,2021-02-10T06:05:18Z,2026-05-04T22:09:12Z,2026-05-04T22:32:01Z,1260,True,fcat,nasa-jpl/fcat,git@github.com:nasa-jpl/fcat.git,11
MDEwOlJlcG9zaXRvcnkzMzc2MzI5NzY=,2021-02-10T06:04:55Z,2026-04-24T22:24:58Z,2026-05-04T20:36:44Z,1184,True,fastcat,nasa-jpl/fastcat,git@github.com:nasa-jpl/fastcat.git,67
MDEwOlJlcG9zaXRvcnkzMzc2MTQxMDc=,2021-02-10T04:15:51Z,2026-03-09T19:52:27Z,2026-03-10T20:58:54Z,8929,False,ofxSurfingMixer,moebiussurfing/ofxSurfingMixer,git@github.com:moebiussurfing/ofxSurfingMixer.git,0
MDEwOlJlcG9zaXRvcnkzMzc1OTE5MTY=,2021-02-10T02:08:59Z,2026-05-05T07:26:43Z,2026-05-05T07:26:40Z,243536,False,eOrderSetupV2,poble-pos/eOrderSetupV2,git@github.com:poble-pos/eOrderSetupV2.git,4
MDEwOlJlcG9zaXRvcnkzMzc1Mzc2NTM=,2021-02-09T21:12:02Z,2026-05-01T20:37:26Z,2026-05-01T20:37:22Z,232,False,GBA-demo-framework,HorstBaerbel/GBA-demo-framework,git@github.com:HorstBaerbel/GBA-demo-framework.git,0
MDEwOlJlcG9zaXRvcnkzMzc1MzcyNTA=,2021-02-09T21:10:13Z,2026-03-09T13:08:27Z,2026-03-09T13:08:24Z,429,False,mt2,tpgillam/mt2,git@github.com:tpgillam/mt2.git,4
MDEwOlJlcG9zaXRvcnkzMzczOTk3NDQ=,2021-02-09T12:37:48Z,2026-03-27T07:49:57Z,2026-04-24T15:58:45Z,157964,False,bitcoin-core-with-ci,maflcko/bitcoin-core-with-ci,git@github.com:maflcko/bitcoin-core-with-ci.git,6
MDEwOlJlcG9zaXRvcnkzMzczNjYxMDc=,2021-02-09T10:21:19Z,2026-04-17T23:04:33Z,2026-04-17T22:50:20Z,156,False,Competitive-Programming,kemot2k20/Competitive-Programming,git@github.com:kemot2k20/Competitive-Programming.git,1
MDEwOlJlcG9zaXRvcnkzMzczMjAxMzk=,2021-02-09T07:02:22Z,2026-04-24T01:45:47Z,2026-04-24T01:45:43Z,26,False,cpp_eigen,Izadori/cpp_eigen,git@github.com:Izadori/cpp_eigen.git,6
MDEwOlJlcG9zaXRvcnkzMzcyNjc2Mzc=,2021-02-09T02:17:59Z,2026-05-02T18:23:43Z,2026-05-02T18:23:38Z,86099,False,spork-8,benanderman/spork-8,git@github.com:benanderman/spork-8.git,43
MDEwOlJlcG9zaXRvcnkzMzcyMzU1Nzc=,2021-02-08T23:13:36Z,2026-04-28T07:45:36Z,2026-05-04T14:29:37Z,9824,True,iot-hub-device-update,Azure/iot-hub-device-update,git@github.com:Azure/iot-hub-device-update.git,61
MDEwOlJlcG9zaXRvcnkzMzcyMDk0ODA=,2021-02-08T21:06:07Z,2026-03-18T16:13:08Z,2026-03-18T16:13:03Z,151,True,plotjuggler_asservstream_plugin,EsialRobotik/plotjuggler_asservstream_plugin,git@github.com:EsialRobotik/plotjuggler_asservstream_plugin.git,0
MDEwOlJlcG9zaXRvcnkzMzcxMzEyMTU=,2021-02-08T16:07:29Z,2026-05-07T09:18:02Z,2026-05-07T09:17:34Z,5477,False,XivAlexander,Soreepeong/XivAlexander,git@github.com:Soreepeong/XivAlexander.git,750
MDEwOlJlcG9zaXRvcnkzMzcxMjQ1MDA=,2021-02-08T15:42:44Z,2026-04-30T00:09:19Z,2026-04-30T00:09:14Z,1661057,False,nbody-solver,nathanzimniak/nbody-solver,git@github.com:nathanzimniak/nbody-solver.git,4
MDEwOlJlcG9zaXRvcnkzMzcxMjA5NjM=,2021-02-08T15:30:42Z,2026-05-04T07:26:37Z,2026-05-04T07:26:33Z,25,False,test_repo,zelon/test_repo,git@github.com:zelon/test_repo.git,0
MDEwOlJlcG9zaXRvcnkzMzcxMDcxNjg=,2021-02-08T14:43:44Z,2026-03-12T12:00:10Z,2026-03-11T09:56:24Z,30,False,nysse-game,Notsk1/nysse-game,git@github.com:Notsk1/nysse-game.git,0
MDEwOlJlcG9zaXRvcnkzMzcwODk5NTQ=,2021-02-08T13:45:31Z,2026-05-07T08:35:52Z,2026-05-07T08:35:47Z,3044,False,ToonTanks,antichals/ToonTanks,git@github.com:antichals/ToonTanks.git,0
MDEwOlJlcG9zaXRvcnkzMzcwODM0NTU=,2021-02-08T13:23:06Z,2026-03-18T20:42:16Z,2026-03-18T20:42:12Z,10802,True,Corodro-Mapping-Tools,CORODRO/Corodro-Mapping-Tools,git@github.com:CORODRO/Corodro-Mapping-Tools.git,0
MDEwOlJlcG9zaXRvcnkzMzcwNzU0Njc=,2021-02-08T12:54:18Z,2026-05-01T21:40:13Z,2026-05-06T14:18:07Z,1400326,True,H-60,Project-Hatchet/H-60,git@github.com:Project-Hatchet/H-60.git,31
MDEwOlJlcG9zaXRvcnkzMzcwMjIyMDQ=,2021-02-08T09:26:45Z,2026-05-07T11:29:49Z,2026-05-07T11:29:45Z,15265,False,monad,pikmamoro/monad,git@github.com:pikmamoro/monad.git,1
MDEwOlJlcG9zaXRvcnkzMzcwMjA2MzA=,2021-02-08T09:20:40Z,2026-03-18T15:34:39Z,2026-03-22T16:46:20Z,895359,False,OpenGL_Engine,Prorok1015/OpenGL_Engine,git@github.com:Prorok1015/OpenGL_Engine.git,2
MDEwOlJlcG9zaXRvcnkzMzcwMTg2ODA=,2021-02-08T09:13:16Z,2026-04-14T11:01:40Z,2026-04-14T11:01:37Z,2521,False,Competitive-programming,theankushrai/Competitive-programming,git@github.com:theankushrai/Competitive-programming.git,0
MDEwOlJlcG9zaXRvcnkzMzY5OTkwMTI=,2021-02-08T07:53:34Z,2026-05-07T03:09:41Z,2026-03-18T10:12:00Z,392,False,Magica,vvb2060/Magica,git@github.com:vvb2060/Magica.git,393
MDEwOlJlcG9zaXRvcnkzMzY5ODkzMDA=,2021-02-08T07:08:55Z,2026-04-13T02:13:48Z,2026-03-11T19:46:06Z,465218,True,M2TWEOP-library,EOP-Labs/M2TWEOP-library,git@github.com:EOP-Labs/M2TWEOP-library.git,79
MDEwOlJlcG9zaXRvcnkzMzY4NzgyMDE=,2021-02-07T20:05:16Z,2026-03-22T08:41:19Z,2026-03-20T17:13:05Z,43622,False,Foxotron,Gargaj/Foxotron,git@github.com:Gargaj/Foxotron.git,69
MDEwOlJlcG9zaXRvcnkzMzY4NzUzMjQ=,2021-02-07T19:50:01Z,2026-04-28T19:40:45Z,2026-04-28T19:40:40Z,579,False,rideshare-problem,LongReach/rideshare-problem,git@github.com:LongReach/rideshare-problem.git,0
MDEwOlJlcG9zaXRvcnkzMzY4MTA2ODA=,2021-02-07T14:46:21Z,2026-03-16T23:03:03Z,2026-03-16T23:07:09Z,4751,False,kaltracker,ivoxavier/kaltracker,git@github.com:ivoxavier/kaltracker.git,2
MDEwOlJlcG9zaXRvcnkzMzY4MDgzMjc=,2021-02-07T14:35:37Z,2026-04-14T03:28:57Z,2026-04-14T03:28:56Z,44049,False,game_box,QQxiaoming/game_box,git@github.com:QQxiaoming/game_box.git,18
MDEwOlJlcG9zaXRvcnkzMzY3OTA5NjI=,2021-02-07T13:16:01Z,2026-05-01T16:29:11Z,2026-05-01T16:29:06Z,2209,False,sonos-remote,pebdev/sonos-remote,git@github.com:pebdev/sonos-remote.git,0
MDEwOlJlcG9zaXRvcnkzMzY3NzczMTk=,2021-02-07T12:08:00Z,2026-03-31T04:36:39Z,2026-03-31T04:36:35Z,74,False,utils,sakibchowdhury131/utils,git@github.com:sakibchowdhury131/utils.git,0
MDEwOlJlcG9zaXRvcnkzMzY3NzM0NzA=,2021-02-07T11:48:02Z,2026-03-19T09:26:55Z,2026-03-19T09:26:51Z,22,False,cpp-library,kentakunkentakun/cpp-library,git@github.com:kentakunkentakun/cpp-library.git,0
MDEwOlJlcG9zaXRvcnkzMzY3NTIzNzE=,2021-02-07T09:49:08Z,2026-03-07T15:16:39Z,2026-03-01T09:25:53Z,4,False,distance,flo-16/distance,git@github.com:flo-16/distance.git,0
MDEwOlJlcG9zaXRvcnkzMzY3NDI2MzE=,2021-02-07T08:53:22Z,2026-05-06T01:47:31Z,2026-05-06T01:47:27Z,67603,True,hengband,hengband/hengband,git@github.com:hengband/hengband.git,86
MDEwOlJlcG9zaXRvcnkzMzY3MjIyODI=,2021-02-07T06:53:26Z,2026-03-01T07:51:10Z,2026-03-01T07:51:06Z,147353,True,physX.js,galacean/physX.js,git@github.com:galacean/physX.js.git,28
MDEwOlJlcG9zaXRvcnkzMzY2NTIyMTA=,2021-02-06T22:44:32Z,2026-05-03T03:20:27Z,2026-05-03T03:20:23Z,32,False,USACO,aaryan-rampal/USACO,git@github.com:aaryan-rampal/USACO.git,0
MDEwOlJlcG9zaXRvcnkzMzY2NDU4OTE=,2021-02-06T22:02:37Z,2026-04-11T20:03:58Z,2026-04-29T14:58:01Z,363,False,NCPatcher,TheGameratorT/NCPatcher,git@github.com:TheGameratorT/NCPatcher.git,26
MDEwOlJlcG9zaXRvcnkzMzY2MTg4MTM=,2021-02-06T19:27:25Z,2026-04-22T13:29:25Z,2026-04-12T10:02:56Z,2169,False,Croaster,IiemB/Croaster,git@github.com:IiemB/Croaster.git,20
MDEwOlJlcG9zaXRvcnkzMzY2MDg2NjY=,2021-02-06T18:33:53Z,2026-04-15T02:30:55Z,2026-03-28T18:19:20Z,51977,False,tube_gateways,tube0013/tube_gateways,git@github.com:tube0013/tube_gateways.git,316
MDEwOlJlcG9zaXRvcnkzMzY1NTI3Njk=,2021-02-06T14:11:44Z,2026-03-26T01:06:17Z,2026-03-17T20:38:18Z,6343,True,merklecpp,microsoft/merklecpp,git@github.com:microsoft/merklecpp.git,84
MDEwOlJlcG9zaXRvcnkzMzY0ODI0MDA=,2021-02-06T07:36:34Z,2026-05-02T14:51:27Z,2026-05-02T14:51:23Z,260,False,bitme,GeoffreyAA/bitme,git@github.com:GeoffreyAA/bitme.git,3
MDEwOlJlcG9zaXRvcnkzMzY0NjAwMzE=,2021-02-06T05:03:46Z,2026-03-26T12:07:36Z,2026-03-26T12:07:32Z,5899,False,Data-Structures-And-Algorithm-in-C-,apoorvKautilya21/Data-Structures-And-Algorithm-in-C-,git@github.com:apoorvKautilya21/Data-Structures-And-Algorithm-in-C-.git,0
MDEwOlJlcG9zaXRvcnkzMzY0NDg3OTM=,2021-02-06T03:43:11Z,2026-04-26T05:19:46Z,2026-04-26T05:19:41Z,709,False,baekjoon,minjun9282/baekjoon,git@github.com:minjun9282/baekjoon.git,0
MDEwOlJlcG9zaXRvcnkzMzY0MTU1ODQ=,2021-02-05T23:43:53Z,2026-04-09T22:05:40Z,2026-04-09T22:05:33Z,46709,False,fallout-equestria-reloaded,Plaristote/fallout-equestria-reloaded,git@github.com:Plaristote/fallout-equestria-reloaded.git,12
MDEwOlJlcG9zaXRvcnkzMzYzOTQyODc=,2021-02-05T21:34:23Z,2026-03-12T12:32:23Z,2026-04-10T10:13:39Z,99391,True,MaMiCo,HSU-HPC/MaMiCo,git@github.com:HSU-HPC/MaMiCo.git,19
MDEwOlJlcG9zaXRvcnkzMzYzOTI1MDk=,2021-02-05T21:24:18Z,2026-03-06T19:00:28Z,2026-03-06T19:00:24Z,21,False,DUH,Daft-Freak/DUH,git@github.com:Daft-Freak/DUH.git,0
MDEwOlJlcG9zaXRvcnkzMzYzOTExMjY=,2021-02-05T21:16:57Z,2026-03-18T16:24:44Z,2026-04-15T18:04:44Z,151,True,openvino_backend,triton-inference-server/openvino_backend,git@github.com:triton-inference-server/openvino_backend.git,37
MDEwOlJlcG9zaXRvcnkzMzYzNzkxNzQ=,2021-02-05T20:17:08Z,2026-05-06T11:21:01Z,2026-05-06T11:20:57Z,4642,False,arcdps_healing_stats,Krappa322/arcdps_healing_stats,git@github.com:Krappa322/arcdps_healing_stats.git,84
MDEwOlJlcG9zaXRvcnkzMzYzNzY3MTc=,2021-02-05T20:05:34Z,2026-03-11T08:53:30Z,2026-03-11T08:53:27Z,91549,False,robomaster_sim,jeguzzi/robomaster_sim,git@github.com:jeguzzi/robomaster_sim.git,27
MDEwOlJlcG9zaXRvcnkzMzYzMzMyMDM=,2021-02-05T16:54:11Z,2026-05-07T09:13:45Z,2026-05-07T09:13:42Z,1581,True,vecmem,acts-project/vecmem,git@github.com:acts-project/vecmem.git,20
MDEwOlJlcG9zaXRvcnkzMzYyNDk2OTc=,2021-02-05T11:16:53Z,2026-03-26T06:46:25Z,2026-03-26T06:46:22Z,2772,False,Projects,kdrewes/Projects,git@github.com:kdrewes/Projects.git,0
MDEwOlJlcG9zaXRvcnkzMzYxMjA3MDQ=,2021-02-05T00:33:30Z,2026-05-04T00:49:38Z,2026-05-04T00:49:33Z,1649,True,open-dice,google/open-dice,git@github.com:google/open-dice.git,35
MDEwOlJlcG9zaXRvcnkzMzYwODgzMjI=,2021-02-04T21:33:53Z,2026-05-05T15:03:38Z,2026-05-05T15:03:30Z,750,True,PCT,RTKConsortium/PCT,git@github.com:RTKConsortium/PCT.git,5
MDEwOlJlcG9zaXRvcnkzMzYwODI2OTU=,2021-02-04T21:07:08Z,2026-05-04T22:24:41Z,2026-05-04T22:24:36Z,70,True,external-tests,dyninst/external-tests,git@github.com:dyninst/external-tests.git,0
MDEwOlJlcG9zaXRvcnkzMzYwNTg1NjE=,2021-02-04T19:18:53Z,2026-05-02T14:49:57Z,2026-05-02T14:49:53Z,282,False,weights-measures,GeoffreyAA/weights-measures,git@github.com:GeoffreyAA/weights-measures.git,0
MDEwOlJlcG9zaXRvcnkzMzYwNTQ0Njg=,2021-02-04T19:01:40Z,2026-05-07T02:16:07Z,2026-05-07T02:16:03Z,36343,False,WhatNot,compromise-evident/WhatNot,git@github.com:compromise-evident/WhatNot.git,1
MDEwOlJlcG9zaXRvcnkzMzYwNTE4NDU=,2021-02-04T18:51:16Z,2026-05-01T19:27:52Z,2026-04-08T07:26:04Z,50312,False,ZHMModSDK,OrfeasZ/ZHMModSDK,git@github.com:OrfeasZ/ZHMModSDK.git,247
MDEwOlJlcG9zaXRvcnkzMzYwNDU3OTA=,2021-02-04T18:26:21Z,2026-05-04T08:05:51Z,2026-05-04T08:05:47Z,815693,False,DLXEmu,AMS21/DLXEmu,git@github.com:AMS21/DLXEmu.git,2
MDEwOlJlcG9zaXRvcnkzMzYwMzAzMzE=,2021-02-04T17:26:54Z,2026-04-18T20:49:04Z,2026-04-18T20:48:59Z,1396,False,Asteroids,calcmogul/Asteroids,git@github.com:calcmogul/Asteroids.git,0
MDEwOlJlcG9zaXRvcnkzMzU5OTYwODA=,2021-02-04T15:26:24Z,2026-04-07T15:57:35Z,2026-04-10T14:53:47Z,154,False,MicroWSPR,cstroie/MicroWSPR,git@github.com:cstroie/MicroWSPR.git,1
MDEwOlJlcG9zaXRvcnkzMzU5NTEzMjg=,2021-02-04T12:45:09Z,2026-03-10T06:38:06Z,2026-03-10T06:38:02Z,11174,False,ESP32Robot,rdelpoux/ESP32Robot,git@github.com:rdelpoux/ESP32Robot.git,5
MDEwOlJlcG9zaXRvcnkzMzU5MTM0MTA=,2021-02-04T10:08:40Z,2026-04-22T10:11:45Z,2026-04-30T07:58:35Z,651075,True,peridyno,peridyno/peridyno,git@github.com:peridyno/peridyno.git,289
MDEwOlJlcG9zaXRvcnkzMzU4NjQyNzg=,2021-02-04T06:44:35Z,2026-04-28T18:45:35Z,2026-04-15T23:47:23Z,4228,False,reaimgui,cfillion/reaimgui,git@github.com:cfillion/reaimgui.git,88
MDEwOlJlcG9zaXRvcnkzMzU3OTkyNjU=,2021-02-04T01:01:56Z,2026-05-07T04:54:42Z,2026-05-07T04:54:11Z,11554,True,simdutf,simdutf/simdutf,git@github.com:simdutf/simdutf.git,1816
MDEwOlJlcG9zaXRvcnkzMzU3NjkxNjY=,2021-02-03T22:12:00Z,2026-03-23T04:34:31Z,2026-03-23T04:34:23Z,412184,True,GambitBSM.github.io,GambitBSM/GambitBSM.github.io,git@github.com:GambitBSM/GambitBSM.github.io.git,0
MDEwOlJlcG9zaXRvcnkzMzU3NjQ4MzY=,2021-02-03T21:51:02Z,2026-04-24T01:46:31Z,2026-04-24T01:46:28Z,1693,True,maui-clip,KDE/maui-clip,git@github.com:KDE/maui-clip.git,3
MDEwOlJlcG9zaXRvcnkzMzU3MjQ5MjA=,2021-02-03T18:57:16Z,2026-03-17T17:48:19Z,2026-03-17T17:48:15Z,2734,False,SWR_NANO_ads1115_1.8tft,PE1PWR/SWR_NANO_ads1115_1.8tft,git@github.com:PE1PWR/SWR_NANO_ads1115_1.8tft.git,0
MDEwOlJlcG9zaXRvcnkzMzU2OTQ3MTU=,2021-02-03T16:59:06Z,2026-04-10T09:57:29Z,2026-03-19T15:29:34Z,470,False,osu-kps,UnnamedOrange/osu-kps,git@github.com:UnnamedOrange/osu-kps.git,70
MDEwOlJlcG9zaXRvcnkzMzU2ODY2MzA=,2021-02-03T16:30:30Z,2026-04-02T21:11:01Z,2026-04-02T21:10:52Z,326,True,wibmod,DUNE-DAQ/wibmod,git@github.com:DUNE-DAQ/wibmod.git,2
MDEwOlJlcG9zaXRvcnkzMzU2ODYyODk=,2021-02-03T16:29:16Z,2026-05-05T18:01:16Z,2026-05-05T21:39:17Z,387271,False,PyMieSim,MartinPdeS/PyMieSim,git@github.com:MartinPdeS/PyMieSim.git,36
MDEwOlJlcG9zaXRvcnkzMzU2ODIxNjI=,2021-02-03T16:14:49Z,2026-05-02T01:51:17Z,2026-05-06T07:06:56Z,1865,False,HMake,HassanSajjad-302/HMake,git@github.com:HassanSajjad-302/HMake.git,26
MDEwOlJlcG9zaXRvcnkzMzU2MzAwMDc=,2021-02-03T13:16:39Z,2026-05-02T19:10:20Z,2026-05-02T19:10:16Z,264,False,curlydoc,igagis/curlydoc,git@github.com:igagis/curlydoc.git,0
MDEwOlJlcG9zaXRvcnkzMzU1NDc3NTg=,2021-02-03T07:52:17Z,2026-03-20T05:30:53Z,2026-03-20T05:30:50Z,26,False,jack-send-midi,taylordotfish/jack-send-midi,git@github.com:taylordotfish/jack-send-midi.git,3
MDEwOlJlcG9zaXRvcnkzMzU1Mzg0MDY=,2021-02-03T07:10:34Z,2026-05-05T07:50:50Z,2026-05-05T07:50:46Z,350077,True,Documentation,RedPitaya/Documentation,git@github.com:RedPitaya/Documentation.git,6
MDEwOlJlcG9zaXRvcnkzMzU1MjE5NDQ=,2021-02-03T05:51:54Z,2026-04-23T16:56:54Z,2026-04-23T16:56:57Z,1685,False,cmdr-cxx,hedzr/cmdr-cxx,git@github.com:hedzr/cmdr-cxx.git,18
MDEwOlJlcG9zaXRvcnkzMzU0NjExODg=,2021-02-03T00:24:39Z,2026-04-28T19:48:27Z,2026-03-30T15:36:11Z,8790,False,OWS,Dartanlla/OWS,git@github.com:Dartanlla/OWS.git,413
MDEwOlJlcG9zaXRvcnkzMzU0NTk2NjY=,2021-02-03T00:14:54Z,2026-05-07T06:12:15Z,2026-05-01T04:20:31Z,8501,True,Maude,maude-lang/Maude,git@github.com:maude-lang/Maude.git,172
MDEwOlJlcG9zaXRvcnkzMzU0NTY0MTI=,2021-02-02T23:56:25Z,2026-04-06T17:06:09Z,2026-04-06T17:06:00Z,462,True,pyresidfp,pyresidfp/pyresidfp,git@github.com:pyresidfp/pyresidfp.git,4
MDEwOlJlcG9zaXRvcnkzMzU0MzQ3NzQ=,2021-02-02T22:00:50Z,2026-03-29T23:24:45Z,2026-03-29T23:24:41Z,9633,False,OBS_IRL_CONTROLLER,ATLTVHEAD/OBS_IRL_CONTROLLER,git@github.com:ATLTVHEAD/OBS_IRL_CONTROLLER.git,1
MDEwOlJlcG9zaXRvcnkzMzU0MTE1Mjk=,2021-02-02T20:14:04Z,2026-04-17T10:15:16Z,2026-04-17T10:19:19Z,4258,False,JSON,LazyPanda07/JSON,git@github.com:LazyPanda07/JSON.git,0
MDEwOlJlcG9zaXRvcnkzMzU0MDA3OTY=,2021-02-02T19:29:36Z,2026-04-20T20:34:04Z,2026-04-20T20:33:06Z,330,False,srt,sumydi/srt,git@github.com:sumydi/srt.git,0
MDEwOlJlcG9zaXRvcnkzMzUzOTIwNDc=,2021-02-02T18:54:31Z,2026-05-07T04:25:24Z,2026-03-14T20:44:39Z,11,True,macvdmtool,AsahiLinux/macvdmtool,git@github.com:AsahiLinux/macvdmtool.git,343
MDEwOlJlcG9zaXRvcnkzMzUzNjgzMjM=,2021-02-02T17:23:53Z,2026-04-30T02:11:20Z,2026-04-30T02:11:13Z,285513,False,AGVHybride,KaremBenChikha/AGVHybride,git@github.com:KaremBenChikha/AGVHybride.git,1
MDEwOlJlcG9zaXRvcnkzMzUzNDM5Mjg=,2021-02-02T15:59:48Z,2026-05-03T13:34:27Z,2026-05-03T13:34:24Z,716,False,Leetcode,yangfut/Leetcode,git@github.com:yangfut/Leetcode.git,0
MDEwOlJlcG9zaXRvcnkzMzUzMjc3NTM=,2021-02-02T15:05:35Z,2026-04-24T09:53:21Z,2026-04-24T09:53:10Z,52500,False,VibeRadiant,themuffinator/VibeRadiant,git@github.com:themuffinator/VibeRadiant.git,2
MDEwOlJlcG9zaXRvcnkzMzUzMjI3Mjk=,2021-02-02T14:49:43Z,2026-04-16T07:09:08Z,2026-04-17T07:40:46Z,110,False,3d-cdt,JorenB/3d-cdt,git@github.com:JorenB/3d-cdt.git,5
MDEwOlJlcG9zaXRvcnkzMzUyOTc5NjI=,2021-02-02T13:27:54Z,2026-04-11T13:01:07Z,2026-04-11T13:01:02Z,263,False,ESP32_CO2_Ampel,cmiicbrg/ESP32_CO2_Ampel,git@github.com:cmiicbrg/ESP32_CO2_Ampel.git,0
MDEwOlJlcG9zaXRvcnkzMzUyMTkwOTA=,2021-02-02T08:28:45Z,2026-03-24T23:31:38Z,2026-03-24T23:31:34Z,14789,False,nativeaudio,albaspazio/nativeaudio,git@github.com:albaspazio/nativeaudio.git,0
MDEwOlJlcG9zaXRvcnkzMzUxMTE4MjE=,2021-02-01T23:23:18Z,2026-04-26T08:53:28Z,2026-05-06T19:46:23Z,115511,False,rgl,dmurdoch/rgl,git@github.com:dmurdoch/rgl.git,100
MDEwOlJlcG9zaXRvcnkzMzUxMDU4MjE=,2021-02-01T22:50:06Z,2026-03-04T13:33:12Z,2026-03-04T13:18:55Z,3944,False,lingo,tstih/lingo,git@github.com:tstih/lingo.git,0
MDEwOlJlcG9zaXRvcnkzMzUxMDExMDY=,2021-02-01T22:25:57Z,2026-05-05T21:06:32Z,2026-05-05T21:06:27Z,7824,False,dasImgui,borisbat/dasImgui,git@github.com:borisbat/dasImgui.git,1
MDEwOlJlcG9zaXRvcnkzMzUwNzYyNzE=,2021-02-01T20:31:50Z,2026-05-04T09:06:34Z,2026-05-04T09:06:29Z,5891,False,OnStepX,hjd1964/OnStepX,git@github.com:hjd1964/OnStepX.git,190
MDEwOlJlcG9zaXRvcnkzMzUwNjIxMTM=,2021-02-01T19:34:37Z,2026-04-16T14:13:29Z,2026-04-16T14:13:21Z,1324,False,IoT-Stepper-Motor-Control,ZohaibVehra/IoT-Stepper-Motor-Control,git@github.com:ZohaibVehra/IoT-Stepper-Motor-Control.git,1
MDEwOlJlcG9zaXRvcnkzMzUwNjAxMzQ=,2021-02-01T19:26:30Z,2026-04-16T14:13:59Z,2026-04-16T14:13:33Z,1238,False,Real-Time-Plant-Irrigation-System,ZohaibVehra/Real-Time-Plant-Irrigation-System,git@github.com:ZohaibVehra/Real-Time-Plant-Irrigation-System.git,0
MDEwOlJlcG9zaXRvcnkzMzUwMTE1NjI=,2021-02-01T16:26:10Z,2026-05-05T17:13:16Z,2026-05-05T17:13:12Z,427686,False,RPi-Pico1-Pico2-Applications,TobiasVanDyk/RPi-Pico1-Pico2-Applications,git@github.com:TobiasVanDyk/RPi-Pico1-Pico2-Applications.git,41
MDEwOlJlcG9zaXRvcnkzMzQ5ODUxODY=,2021-02-01T14:59:13Z,2026-05-05T15:47:19Z,2026-05-05T15:47:15Z,28536,False,carpio21,hyperpower/carpio21,git@github.com:hyperpower/carpio21.git,0
MDEwOlJlcG9zaXRvcnkzMzQ5NjI3ODI=,2021-02-01T13:43:16Z,2026-05-04T18:32:36Z,2026-05-04T18:32:34Z,462,False,Codes,akonic/Codes,git@github.com:akonic/Codes.git,0
MDEwOlJlcG9zaXRvcnkzMzQ4ODA5MTM=,2021-02-01T08:30:14Z,2026-04-24T15:50:12Z,2026-04-24T15:50:08Z,104,False,random-dungeon-generator,lisu188/random-dungeon-generator,git@github.com:lisu188/random-dungeon-generator.git,0
MDEwOlJlcG9zaXRvcnkzMzQ4Nzg4NDA=,2021-02-01T08:22:19Z,2026-03-09T12:28:05Z,2026-05-01T09:35:26Z,3021,True,defold-splitmix64,indiesoftby/defold-splitmix64,git@github.com:indiesoftby/defold-splitmix64.git,22
MDEwOlJlcG9zaXRvcnkzMzQ4MTY3NTI=,2021-02-01T03:15:35Z,2026-05-07T11:07:31Z,2026-05-07T11:07:26Z,459628,True,alibabacloud-cpp-sdk,aliyun/alibabacloud-cpp-sdk,git@github.com:aliyun/alibabacloud-cpp-sdk.git,10
MDEwOlJlcG9zaXRvcnkzMzQ3OTQ2Mzg=,2021-02-01T01:10:53Z,2026-05-03T03:01:04Z,2026-05-03T16:32:25Z,2314,True,diamond,diamond-lang/diamond,git@github.com:diamond-lang/diamond.git,11
MDEwOlJlcG9zaXRvcnkzMzQ3ODM0OTE=,2021-01-31T23:57:25Z,2026-04-22T14:53:41Z,2026-04-07T08:18:40Z,1229,True,cosmolattice,cosmolattice/cosmolattice,git@github.com:cosmolattice/cosmolattice.git,47
MDEwOlJlcG9zaXRvcnkzMzQ3MjQ4NDM=,2021-01-31T18:18:21Z,2026-04-28T01:38:11Z,2026-04-24T11:05:37Z,731,True,OpenABF,educelab/OpenABF,git@github.com:educelab/OpenABF.git,57
MDEwOlJlcG9zaXRvcnkzMzQ2Nzk0MTI=,2021-01-31T14:49:19Z,2026-05-05T03:37:40Z,2026-05-05T03:37:35Z,6105,True,modio-sdk,modio/modio-sdk,git@github.com:modio/modio-sdk.git,53
MDEwOlJlcG9zaXRvcnkzMzQ2MzAxMjY=,2021-01-31T10:39:13Z,2026-05-07T08:27:21Z,2026-05-03T19:17:06Z,6593,False,bg3se,Norbyte/bg3se,git@github.com:Norbyte/bg3se.git,1446
MDEwOlJlcG9zaXRvcnkzMzQ1ODYxNzY=,2021-01-31T06:08:21Z,2026-03-07T03:55:40Z,2026-03-07T03:55:36Z,1810,True,taftoolbox,ta-forever/taftoolbox,git@github.com:ta-forever/taftoolbox.git,0
MDEwOlJlcG9zaXRvcnkzMzQ0NzAxMjI=,2021-01-30T17:22:06Z,2026-03-17T17:56:17Z,2026-03-17T17:56:14Z,5027,False,SWR-ESP32,PE1PWR/SWR-ESP32,git@github.com:PE1PWR/SWR-ESP32.git,5
MDEwOlJlcG9zaXRvcnkzMzQ0NDQ2MDc=,2021-01-30T15:25:09Z,2026-05-03T21:55:44Z,2026-05-03T21:55:40Z,1841,False,play3rdper,ComputerElite/play3rdper,git@github.com:ComputerElite/play3rdper.git,9
MDEwOlJlcG9zaXRvcnkzMzQ0NDA3Nzc=,2021-01-30T15:08:31Z,2026-05-07T09:22:31Z,2026-04-26T21:55:20Z,274900,False,ALS-Refactored,Sixze/ALS-Refactored,git@github.com:Sixze/ALS-Refactored.git,1378
MDEwOlJlcG9zaXRvcnkzMzQ0Mjk4ODQ=,2021-01-30T14:18:57Z,2026-04-20T20:44:06Z,2026-04-20T20:34:07Z,5,False,sem3-lab3-cpp,vevdokimovm/sem3-lab3-cpp,git@github.com:vevdokimovm/sem3-lab3-cpp.git,0
MDEwOlJlcG9zaXRvcnkzMzQ0MTQ3NzI=,2021-01-30T13:07:01Z,2026-03-27T12:38:46Z,2026-03-27T12:38:42Z,432,False,volume_controller,kurenai7968/volume_controller,git@github.com:kurenai7968/volume_controller.git,19
MDEwOlJlcG9zaXRvcnkzMzQ0MDM1MjA=,2021-01-30T12:08:00Z,2026-05-04T22:43:33Z,2026-05-04T22:43:54Z,2330,False,icupy,miute/icupy,git@github.com:miute/icupy.git,2
MDEwOlJlcG9zaXRvcnkzMzQzODQ0MTE=,2021-01-30T10:20:51Z,2026-04-25T05:38:24Z,2026-04-25T05:38:20Z,230,False,loan,jinghaneyo/loan,git@github.com:jinghaneyo/loan.git,0
MDEwOlJlcG9zaXRvcnkzMzQzMzgzNDk=,2021-01-30T05:45:20Z,2026-03-29T23:25:16Z,2026-03-29T23:33:42Z,1626,False,alpharng,tectrolabs/alpharng,git@github.com:tectrolabs/alpharng.git,2
MDEwOlJlcG9zaXRvcnkzMzQzMjk2Njg=,2021-01-30T04:44:58Z,2026-05-06T17:42:36Z,2026-03-25T04:26:00Z,1003,False,potpourri3d,nmwsharp/potpourri3d,git@github.com:nmwsharp/potpourri3d.git,582
MDEwOlJlcG9zaXRvcnkzMzQzMjA5Mjk=,2021-01-30T03:41:28Z,2026-05-06T19:33:12Z,2026-05-06T19:33:07Z,1160,False,ParseSNP,BritRobin/ParseSNP,git@github.com:BritRobin/ParseSNP.git,0
MDEwOlJlcG9zaXRvcnkzMzQzMDk4NjM=,2021-01-30T02:21:18Z,2026-03-22T03:33:20Z,2026-03-22T03:33:16Z,12,False,wenzi,zhuyie/wenzi,git@github.com:zhuyie/wenzi.git,0
MDEwOlJlcG9zaXRvcnkzMzQyOTgyOTc=,2021-01-30T00:54:02Z,2026-03-09T18:01:12Z,2026-03-09T17:58:52Z,81,False,airline-reservation-system,erbeeen/airline-reservation-system,git@github.com:erbeeen/airline-reservation-system.git,0
MDEwOlJlcG9zaXRvcnkzMzQyOTE4ODQ=,2021-01-30T00:07:21Z,2026-04-26T18:59:00Z,2026-04-26T18:58:55Z,2713,False,ledstrip,DeKinci/ledstrip,git@github.com:DeKinci/ledstrip.git,2
MDEwOlJlcG9zaXRvcnkzMzQyOTEyNTA=,2021-01-30T00:02:41Z,2026-05-07T09:30:57Z,2026-03-18T17:55:57Z,36904,True,adreno-gpu-vulkan-code-sample-framework,SnapdragonGameStudios/adreno-gpu-vulkan-code-sample-framework,git@github.com:SnapdragonGameStudios/adreno-gpu-vulkan-code-sample-framework.git,152
MDEwOlJlcG9zaXRvcnkzMzQyODE5Nzc=,2021-01-29T22:57:23Z,2026-03-23T20:41:36Z,2026-03-23T20:41:31Z,943,False,FlowIO-Arduino-Libraries,shtarbanov/FlowIO-Arduino-Libraries,git@github.com:shtarbanov/FlowIO-Arduino-Libraries.git,10
MDEwOlJlcG9zaXRvcnkzMzQyNzgxMzM=,2021-01-29T22:32:59Z,2026-04-09T17:33:29Z,2026-04-15T17:45:54Z,207,True,clippy,llnl/clippy,git@github.com:llnl/clippy.git,7
MDEwOlJlcG9zaXRvcnkzMzQyNzMxMjE=,2021-01-29T22:03:35Z,2026-04-10T20:14:55Z,2026-04-10T20:14:51Z,61,False,wordclock_esp,labomat/wordclock_esp,git@github.com:labomat/wordclock_esp.git,0
MDEwOlJlcG9zaXRvcnkzMzQyNTY0NTE=,2021-01-29T20:31:49Z,2026-04-29T12:21:21Z,2026-04-29T12:21:17Z,307612,False,ep1m,maisvendoo/ep1m,git@github.com:maisvendoo/ep1m.git,1
MDEwOlJlcG9zaXRvcnkzMzQyMzc3NzM=,2021-01-29T19:04:01Z,2026-05-07T00:52:18Z,2026-03-28T17:54:40Z,225,False,Solution-to-graphics.h,ullaskunder3/Solution-to-graphics.h,git@github.com:ullaskunder3/Solution-to-graphics.h.git,57
MDEwOlJlcG9zaXRvcnkzMzQyMjc1NjA=,2021-01-29T18:18:44Z,2026-04-14T10:50:36Z,2026-04-14T10:50:31Z,76,False,selfbalancing-ml,kwanty/selfbalancing-ml,git@github.com:kwanty/selfbalancing-ml.git,1
MDEwOlJlcG9zaXRvcnkzMzQxNDQwMTc=,2021-01-29T12:47:51Z,2026-03-25T20:18:48Z,2026-03-20T03:40:21Z,315,False,x64dbg_GolangAnalyzerPlugin,mooncat-greenpy/x64dbg_GolangAnalyzerPlugin,git@github.com:mooncat-greenpy/x64dbg_GolangAnalyzerPlugin.git,28
MDEwOlJlcG9zaXRvcnkzMzQxMzg2MjY=,2021-01-29T12:28:27Z,2026-03-26T13:57:05Z,2026-03-26T13:57:02Z,247,False,DPS50xx,vanBassum/DPS50xx,git@github.com:vanBassum/DPS50xx.git,0
MDEwOlJlcG9zaXRvcnkzMzQxMjQ5NTc=,2021-01-29T11:27:16Z,2026-03-04T11:48:19Z,2026-03-04T11:48:14Z,904,True,httpgd,cran/httpgd,git@github.com:cran/httpgd.git,0
MDEwOlJlcG9zaXRvcnkzMzQwOTY4NzM=,2021-01-29T09:29:17Z,2026-05-07T02:05:57Z,2026-05-01T07:08:36Z,9183,True,lexilla,ScintillaOrg/lexilla,git@github.com:ScintillaOrg/lexilla.git,255
MDEwOlJlcG9zaXRvcnkzMzQwOTEzMjk=,2021-01-29T09:06:21Z,2026-04-28T08:45:58Z,2026-04-28T09:18:45Z,309419,True,pingone-verify-mobile-sdk-ios,pingidentity/pingone-verify-mobile-sdk-ios,git@github.com:pingidentity/pingone-verify-mobile-sdk-ios.git,2
MDEwOlJlcG9zaXRvcnkzMzM5NjEzMTU=,2021-01-28T21:29:21Z,2026-03-30T08:42:55Z,2026-03-30T08:42:50Z,470,False,auto_start_flutter,seena98/auto_start_flutter,git@github.com:seena98/auto_start_flutter.git,10
MDEwOlJlcG9zaXRvcnkzMzM5NDYzMTQ=,2021-01-28T21:04:52Z,2026-05-06T17:16:57Z,2026-03-11T19:57:43Z,3936,True,monster-mash,google/monster-mash,git@github.com:google/monster-mash.git,1328
MDEwOlJlcG9zaXRvcnkzMzM4ODAzNzA=,2021-01-28T19:26:27Z,2026-04-30T00:22:19Z,2026-04-14T20:41:28Z,2276,False,wasm_webgpu,juj/wasm_webgpu,git@github.com:juj/wasm_webgpu.git,423
MDEwOlJlcG9zaXRvcnkzMzM4MjM3MDE=,2021-01-28T16:52:28Z,2026-05-06T16:35:56Z,2026-05-07T08:47:49Z,80003,False,fly,fly-lang/fly,git@github.com:fly-lang/fly.git,6
MDEwOlJlcG9zaXRvcnkzMzM4MTg0MzM=,2021-01-28T16:33:24Z,2026-03-11T17:27:16Z,2026-03-11T17:27:12Z,8,False,HALOW-IOT,davidramsay/HALOW-IOT,git@github.com:davidramsay/HALOW-IOT.git,0
MDEwOlJlcG9zaXRvcnkzMzM4MDE4MzM=,2021-01-28T15:33:42Z,2026-03-23T17:29:56Z,2026-03-23T17:29:51Z,159,False,OneDayOneQuestion,wujichuanshuo/OneDayOneQuestion,git@github.com:wujichuanshuo/OneDayOneQuestion.git,1
MDEwOlJlcG9zaXRvcnkzMzM3MzM5Njk=,2021-01-28T11:12:07Z,2026-05-04T12:03:34Z,2026-05-04T11:59:30Z,80,False,I2C_24LC1025,RobTillaart/I2C_24LC1025,git@github.com:RobTillaart/I2C_24LC1025.git,10
MDEwOlJlcG9zaXRvcnkzMzM3MTA5Mzg=,2021-01-28T09:36:32Z,2026-05-06T15:09:27Z,2026-05-06T14:53:22Z,7050,True,traccc,acts-project/traccc,git@github.com:acts-project/traccc.git,42
MDEwOlJlcG9zaXRvcnkzMzM3MDk1OTE=,2021-01-28T09:31:03Z,2026-05-06T23:25:48Z,2026-05-06T23:25:44Z,4734,False,trkdbg,horsicq/trkdbg,git@github.com:horsicq/trkdbg.git,6
MDEwOlJlcG9zaXRvcnkzMzM3MDU3Nzk=,2021-01-28T09:15:59Z,2026-05-07T07:32:55Z,2026-05-07T07:32:51Z,4604,False,kcpp,arkadiuszbubak/kcpp,git@github.com:arkadiuszbubak/kcpp.git,4
MDEwOlJlcG9zaXRvcnkzMzM2OTU3NjE=,2021-01-28T08:35:34Z,2026-03-04T11:04:07Z,2026-03-04T07:43:35Z,2180,False,zprof,zsummer/zprof,git@github.com:zsummer/zprof.git,2
MDEwOlJlcG9zaXRvcnkzMzM2NzE5ODA=,2021-01-28T06:51:36Z,2026-04-07T01:33:22Z,2026-04-07T01:33:18Z,5773,False,VulkanGraphicsEngine,apecoraro/VulkanGraphicsEngine,git@github.com:apecoraro/VulkanGraphicsEngine.git,3
MDEwOlJlcG9zaXRvcnkzMzM2MzIyMjE=,2021-01-28T03:17:57Z,2026-04-15T01:50:56Z,2026-04-15T01:50:53Z,142,False,tester.sys,grumagargler/tester.sys,git@github.com:grumagargler/tester.sys.git,12
MDEwOlJlcG9zaXRvcnkzMzM1NjIzMDE=,2021-01-27T21:15:30Z,2026-03-07T15:09:35Z,2026-03-01T09:32:03Z,4,False,morse,flo-16/morse,git@github.com:flo-16/morse.git,0
MDEwOlJlcG9zaXRvcnkzMzM1MjA5MTU=,2021-01-27T18:22:50Z,2026-04-06T16:04:34Z,2026-04-06T16:04:02Z,2309,False,Lowcost-Lidar-scanner,Mayur62987/Lowcost-Lidar-scanner,git@github.com:Mayur62987/Lowcost-Lidar-scanner.git,0
MDEwOlJlcG9zaXRvcnkzMzM1MTU2Mjc=,2021-01-27T18:02:12Z,2026-04-19T12:54:28Z,2026-04-19T12:54:02Z,1177440,False,SavvyScan,Pr4Et/SavvyScan,git@github.com:Pr4Et/SavvyScan.git,10
MDEwOlJlcG9zaXRvcnkzMzM0Nzg4MDA=,2021-01-27T15:48:16Z,2026-05-05T15:21:12Z,2026-05-05T15:21:06Z,73406,True,LeviLamina,LiteLDev/LeviLamina,git@github.com:LiteLDev/LeviLamina.git,1552
MDEwOlJlcG9zaXRvcnkzMzM0NTMzMDI=,2021-01-27T14:48:46Z,2026-05-06T18:09:59Z,2026-05-06T18:09:54Z,513,True,rtcmp,BRL-CAD/rtcmp,git@github.com:BRL-CAD/rtcmp.git,0
MDEwOlJlcG9zaXRvcnkzMzM0NDU1MTY=,2021-01-27T14:23:36Z,2026-04-23T19:51:56Z,2026-04-23T19:51:51Z,26,False,smart-traffic-light,joszuijderwijk/smart-traffic-light,git@github.com:joszuijderwijk/smart-traffic-light.git,2
MDEwOlJlcG9zaXRvcnkzMzM0MTg1NDQ=,2021-01-27T12:49:28Z,2026-05-05T13:52:49Z,2026-05-04T21:28:01Z,54931,False,vsts,unplugred/vsts,git@github.com:unplugred/vsts.git,90
MDEwOlJlcG9zaXRvcnkzMzMzODcxNTM=,2021-01-27T10:42:55Z,2026-03-02T02:44:52Z,2026-03-02T02:44:28Z,190167,False,ia-ch,RedShakespeare/ia-ch,git@github.com:RedShakespeare/ia-ch.git,0
MDEwOlJlcG9zaXRvcnkzMzMyNzE5MDA=,2021-01-27T01:51:48Z,2026-05-01T20:24:59Z,2026-05-03T22:49:13Z,11114,True,mpm,geomechanics/mpm,git@github.com:geomechanics/mpm.git,84
MDEwOlJlcG9zaXRvcnkzMzMxNzk3MzU=,2021-01-26T18:34:33Z,2026-03-04T01:21:40Z,2026-03-04T01:21:35Z,229,False,hinder,tonywalker1/hinder,git@github.com:tonywalker1/hinder.git,1
MDEwOlJlcG9zaXRvcnkzMzMxNjU1ODQ=,2021-01-26T17:40:29Z,2026-04-15T18:56:43Z,2026-04-15T18:56:39Z,142,False,CDCTerm,halsampson/CDCTerm,git@github.com:halsampson/CDCTerm.git,1
MDEwOlJlcG9zaXRvcnkzMzMxMDY1MTk=,2021-01-26T14:15:39Z,2026-05-02T16:10:57Z,2026-05-02T16:10:53Z,2292,False,GHRepo1,anishgupta675/GHRepo1,git@github.com:anishgupta675/GHRepo1.git,0
MDEwOlJlcG9zaXRvcnkzMzMwNzgyMTU=,2021-01-26T12:28:59Z,2026-03-09T17:11:48Z,2026-03-09T17:11:43Z,8,False,cppCourse,ranon-rat/cppCourse,git@github.com:ranon-rat/cppCourse.git,2
MDEwOlJlcG9zaXRvcnkzMzMwNjk3MzU=,2021-01-26T11:54:52Z,2026-03-14T16:34:42Z,2026-03-14T16:34:39Z,68310,False,toolbox,liyakai/toolbox,git@github.com:liyakai/toolbox.git,23
MDEwOlJlcG9zaXRvcnkzMzMwNDk4NjU=,2021-01-26T10:32:12Z,2026-04-24T00:35:05Z,2026-03-31T09:07:37Z,34445,False,GenericTarget,RobertDamerius/GenericTarget,git@github.com:RobertDamerius/GenericTarget.git,12
MDEwOlJlcG9zaXRvcnkzMzI5OTk1NzQ=,2021-01-26T07:01:46Z,2026-04-24T06:08:08Z,2026-04-08T05:46:06Z,210,False,cpp-maglev,peacalm/cpp-maglev,git@github.com:peacalm/cpp-maglev.git,13
MDEwOlJlcG9zaXRvcnkzMzI5NTQxOTU=,2021-01-26T03:01:46Z,2026-04-26T22:13:54Z,2026-04-26T22:13:49Z,183,False,CompetitiveProgrammingLog,nvtu/CompetitiveProgrammingLog,git@github.com:nvtu/CompetitiveProgrammingLog.git,0
MDEwOlJlcG9zaXRvcnkzMzI5MTA0NTk=,2021-01-25T23:12:18Z,2026-05-04T18:48:49Z,2026-05-04T20:26:01Z,4891,False,hastur,robinlinden/hastur,git@github.com:robinlinden/hastur.git,35
MDEwOlJlcG9zaXRvcnkzMzI4OTE4MTA=,2021-01-25T21:42:43Z,2026-03-14T17:34:11Z,2026-03-14T17:34:07Z,150,False,wxTimer,FalcoGer/wxTimer,git@github.com:FalcoGer/wxTimer.git,0
MDEwOlJlcG9zaXRvcnkzMzI4NDUxNTQ=,2021-01-25T18:33:22Z,2026-04-20T00:49:56Z,2026-03-29T15:35:00Z,9436,False,ticktock,ytyou/ticktock,git@github.com:ytyou/ticktock.git,89
MDEwOlJlcG9zaXRvcnkzMzI4MTQ1NTY=,2021-01-25T16:43:57Z,2026-03-06T06:35:24Z,2026-03-06T06:35:20Z,964,False,SmartLamp,Zork80/SmartLamp,git@github.com:Zork80/SmartLamp.git,0
MDEwOlJlcG9zaXRvcnkzMzI3OTI0NjM=,2021-01-25T15:29:34Z,2026-05-04T17:09:44Z,2026-04-22T09:43:45Z,25538,False,ZHMTools,OrfeasZ/ZHMTools,git@github.com:OrfeasZ/ZHMTools.git,20
MDEwOlJlcG9zaXRvcnkzMzI3ODIyMTg=,2021-01-25T14:56:30Z,2026-04-05T14:11:12Z,2026-04-05T14:11:08Z,8814,False,SimpleHttpTestServer,TankredBarb/SimpleHttpTestServer,git@github.com:TankredBarb/SimpleHttpTestServer.git,0
MDEwOlJlcG9zaXRvcnkzMzI3NjE0Mjc=,2021-01-25T13:46:55Z,2026-04-23T14:51:41Z,2026-04-23T14:49:34Z,550,True,libhypstar,HYPERNETS/libhypstar,git@github.com:HYPERNETS/libhypstar.git,1
MDEwOlJlcG9zaXRvcnkzMzI2ODQ4MTc=,2021-01-25T08:52:35Z,2026-04-19T15:24:20Z,2026-04-19T15:24:16Z,16857,True,VIAUAV45,bmeaut/VIAUAV45,git@github.com:bmeaut/VIAUAV45.git,81
MDEwOlJlcG9zaXRvcnkzMzI2MDkwMTg=,2021-01-25T02:31:13Z,2026-03-21T19:45:19Z,2026-03-21T19:44:53Z,114579,False,VisualStudio-samples,netkawai/VisualStudio-samples,git@github.com:netkawai/VisualStudio-samples.git,0
MDEwOlJlcG9zaXRvcnkzMzI1NTIyNTc=,2021-01-24T20:47:04Z,2026-04-12T02:06:42Z,2026-04-12T02:06:34Z,292,True,pikasso,KDE/pikasso,git@github.com:KDE/pikasso.git,8
MDEwOlJlcG9zaXRvcnkzMzI1NTA1Njc=,2021-01-24T20:38:29Z,2026-04-20T15:38:56Z,2026-03-13T00:04:34Z,28451,False,entertainment-wave-2021,MaironW/entertainment-wave-2021,git@github.com:MaironW/entertainment-wave-2021.git,30
MDEwOlJlcG9zaXRvcnkzMzI1Mjk2MTY=,2021-01-24T18:52:52Z,2026-03-21T16:31:11Z,2026-03-21T16:31:07Z,59,False,ggwave-spm,ggerganov/ggwave-spm,git@github.com:ggerganov/ggwave-spm.git,15
MDEwOlJlcG9zaXRvcnkzMzI0NzYxMzU=,2021-01-24T14:54:21Z,2026-05-01T01:25:51Z,2026-05-01T01:25:47Z,65,False,alblib.github.io,alblib/alblib.github.io,git@github.com:alblib/alblib.github.io.git,0
MDEwOlJlcG9zaXRvcnkzMzI0MjQzMjI=,2021-01-24T10:49:21Z,2026-05-03T09:19:51Z,2026-05-03T09:19:47Z,64,False,C--,LanceLinHongbo/C--,git@github.com:LanceLinHongbo/C--.git,0
MDEwOlJlcG9zaXRvcnkzMzIzNzM2MjA=,2021-01-24T05:22:36Z,2026-04-17T16:26:36Z,2026-03-21T17:54:20Z,726,False,rtmfp-cpp,zenomt/rtmfp-cpp,git@github.com:zenomt/rtmfp-cpp.git,48
MDEwOlJlcG9zaXRvcnkzMzIzNjU4ODk=,2021-01-24T04:21:35Z,2026-04-26T19:34:45Z,2026-04-26T19:34:41Z,26459,False,spruce,gszypko/spruce,git@github.com:gszypko/spruce.git,1
MDEwOlJlcG9zaXRvcnkzMzIzMjcyMDk=,2021-01-23T23:13:24Z,2026-05-01T19:55:04Z,2026-05-01T19:55:02Z,3256,True,UVKShaderCompiler,MadLadSquad/UVKShaderCompiler,git@github.com:MadLadSquad/UVKShaderCompiler.git,3
MDEwOlJlcG9zaXRvcnkzMzIzMDE0NTg=,2021-01-23T20:26:28Z,2026-03-04T23:38:49Z,2026-03-04T23:20:50Z,272,False,E7FileManager,e7ite/E7FileManager,git@github.com:e7ite/E7FileManager.git,1
MDEwOlJlcG9zaXRvcnkzMzIyNDM0MDk=,2021-01-23T15:32:21Z,2026-05-03T18:44:04Z,2026-04-19T01:33:21Z,1958,False,barkeep,oir/barkeep,git@github.com:oir/barkeep.git,231
MDEwOlJlcG9zaXRvcnkzMzIxOTk5NzA=,2021-01-23T12:02:17Z,2026-04-24T22:26:11Z,2026-03-29T13:33:30Z,727,False,comfoair-esp32,vekexasia/comfoair-esp32,git@github.com:vekexasia/comfoair-esp32.git,150
MDEwOlJlcG9zaXRvcnkzMzIxMjY4MDU=,2021-01-23T04:27:10Z,2026-04-25T02:26:49Z,2026-04-25T02:26:44Z,4796,False,OJCode,ShanireZ/OJCode,git@github.com:ShanireZ/OJCode.git,2
MDEwOlJlcG9zaXRvcnkzMzIxMjU1OTk=,2021-01-23T04:18:11Z,2026-05-06T19:46:47Z,2026-05-06T19:46:42Z,2378,False,qcc,qcc4cp/qcc,git@github.com:qcc4cp/qcc.git,109
MDEwOlJlcG9zaXRvcnkzMzIxMjUwMzI=,2021-01-23T04:13:52Z,2026-03-12T05:36:44Z,2026-03-12T05:36:41Z,170,False,algods,siba-tripathy/algods,git@github.com:siba-tripathy/algods.git,0
MDEwOlJlcG9zaXRvcnkzMzIwOTk3Mjg=,2021-01-23T01:06:50Z,2026-05-07T07:20:38Z,2026-05-07T07:20:33Z,35989,False,afterworld,BradfordMedeiros/afterworld,git@github.com:BradfordMedeiros/afterworld.git,0
MDEwOlJlcG9zaXRvcnkzMzIwNjQ3MDI=,2021-01-22T21:18:07Z,2026-05-07T03:39:13Z,2026-05-07T03:39:08Z,123,False,keyboard_event,Krysl/keyboard_event,git@github.com:Krysl/keyboard_event.git,22
MDEwOlJlcG9zaXRvcnkzMzIwNTAzMjI=,2021-01-22T20:03:56Z,2026-04-03T16:10:17Z,2026-04-03T16:10:11Z,32195,True,pipe,PipeRift/pipe,git@github.com:PipeRift/pipe.git,17
MDEwOlJlcG9zaXRvcnkzMzE5OTUxMzQ=,2021-01-22T16:04:55Z,2026-05-03T21:44:15Z,2026-05-03T21:44:12Z,7947,False,CrashMod,ComputerElite/CrashMod,git@github.com:ComputerElite/CrashMod.git,6
MDEwOlJlcG9zaXRvcnkzMzE5ODQ3NjE=,2021-01-22T15:24:58Z,2026-05-03T16:58:29Z,2026-04-24T14:38:06Z,1316,False,SPUD,sinbad/SPUD,git@github.com:sinbad/SPUD.git,564
MDEwOlJlcG9zaXRvcnkzMzE4NDI2ODk=,2021-01-22T05:08:41Z,2026-05-05T20:18:12Z,2026-05-05T20:18:08Z,556,False,qemu-xtra,kjliew/qemu-xtra,git@github.com:kjliew/qemu-xtra.git,32
MDEwOlJlcG9zaXRvcnkzMzE3ODk2ODE=,2021-01-22T00:11:52Z,2026-04-30T01:58:39Z,2026-04-30T01:58:35Z,471,False,bacaro,bricke/bacaro,git@github.com:bricke/bacaro.git,0
MDEwOlJlcG9zaXRvcnkzMzE2NTYyNzg=,2021-01-21T14:40:05Z,2026-04-27T08:05:35Z,2026-04-27T08:05:51Z,137364,True,ned_ros,NiryoRobotics/ned_ros,git@github.com:NiryoRobotics/ned_ros.git,42
MDEwOlJlcG9zaXRvcnkzMzE2MTQyOTc=,2021-01-21T12:01:04Z,2026-03-02T11:42:07Z,2026-03-02T11:42:02Z,11,False,CamshiftOBJTracking,hanabi-like/CamshiftOBJTracking,git@github.com:hanabi-like/CamshiftOBJTracking.git,1
MDEwOlJlcG9zaXRvcnkzMzE2MDQyOTQ=,2021-01-21T11:18:05Z,2026-04-02T21:04:27Z,2026-04-02T21:04:22Z,626,True,serialization,DUNE-DAQ/serialization,git@github.com:DUNE-DAQ/serialization.git,0
MDEwOlJlcG9zaXRvcnkzMzE2MDA2Nzc=,2021-01-21T11:02:53Z,2026-05-02T09:50:47Z,2026-05-02T10:03:12Z,335258,False,sorcery,leopph/sorcery,git@github.com:leopph/sorcery.git,5
MDEwOlJlcG9zaXRvcnkzMzE1OTQyMDc=,2021-01-21T10:35:22Z,2026-04-21T10:31:09Z,2026-04-21T10:31:07Z,2041,True,ThunderNanoServicesRDK,WebPlatformForEmbedded/ThunderNanoServicesRDK,git@github.com:WebPlatformForEmbedded/ThunderNanoServicesRDK.git,2
MDEwOlJlcG9zaXRvcnkzMzE1Nzg2NzQ=,2021-01-21T09:32:13Z,2026-04-07T03:13:25Z,2026-04-07T03:13:21Z,7,False,test,ccccc-ccccc/test,git@github.com:ccccc-ccccc/test.git,0
MDEwOlJlcG9zaXRvcnkzMzE1NjQ1NDE=,2021-01-21T08:35:05Z,2026-04-08T09:18:49Z,2026-04-08T09:18:43Z,332,False,Quick,sun-xm/Quick,git@github.com:sun-xm/Quick.git,0
MDEwOlJlcG9zaXRvcnkzMzE0OTIwMTc=,2021-01-21T02:29:59Z,2026-03-14T19:59:37Z,2026-04-15T18:04:28Z,16,True,checksum_repository_agent,triton-inference-server/checksum_repository_agent,git@github.com:triton-inference-server/checksum_repository_agent.git,13
MDEwOlJlcG9zaXRvcnkzMzE0NDI2MjM=,2021-01-20T21:54:44Z,2026-04-26T00:59:36Z,2026-04-26T00:59:33Z,55,False,http,daniel-escoto/http,git@github.com:daniel-escoto/http.git,0
MDEwOlJlcG9zaXRvcnkzMzE0MzAzNjI=,2021-01-20T20:57:39Z,2026-05-06T09:30:09Z,2026-04-15T07:41:04Z,387,False,sdkgenny,cursey/sdkgenny,git@github.com:cursey/sdkgenny.git,129
MDEwOlJlcG9zaXRvcnkzMzEzOTQ1MDI=,2021-01-20T18:24:55Z,2026-04-02T09:26:36Z,2026-04-02T09:26:32Z,44224,False,OpenGL-GitHub_tears,SammiFern/OpenGL-GitHub_tears,git@github.com:SammiFern/OpenGL-GitHub_tears.git,0
MDEwOlJlcG9zaXRvcnkzMzEzODc3MzQ=,2021-01-20T17:57:36Z,2026-04-18T20:10:44Z,2026-05-01T13:46:57Z,2026,False,steamcloud,rhsCZ/steamcloud,git@github.com:rhsCZ/steamcloud.git,2
MDEwOlJlcG9zaXRvcnkzMzEzODA4Njc=,2021-01-20T17:30:44Z,2026-05-04T16:55:41Z,2026-05-06T14:07:03Z,1924,True,picotool,raspberrypi/picotool,git@github.com:raspberrypi/picotool.git,916
MDEwOlJlcG9zaXRvcnkzMzEzODA2MjQ=,2021-01-20T17:29:44Z,2026-05-05T15:57:36Z,2026-05-06T19:34:44Z,22682,True,MATAR,lanl/MATAR,git@github.com:lanl/MATAR.git,33
MDEwOlJlcG9zaXRvcnkzMzEzNzgyNjg=,2021-01-20T17:20:40Z,2026-03-14T15:38:47Z,2026-03-14T15:38:43Z,4363,False,concept_engine,Zeimd/concept_engine,git@github.com:Zeimd/concept_engine.git,0
MDEwOlJlcG9zaXRvcnkzMzEzMjIwODk=,2021-01-20T13:55:27Z,2026-04-28T09:56:32Z,2026-04-28T09:56:27Z,118,True,webtest,cloudnative-pg/webtest,git@github.com:cloudnative-pg/webtest.git,5
MDEwOlJlcG9zaXRvcnkzMzEyNzkwMzY=,2021-01-20T11:00:30Z,2026-05-06T23:19:59Z,2026-05-07T02:27:25Z,57261,False,zpaqfranz,fcorbelli/zpaqfranz,git@github.com:fcorbelli/zpaqfranz.git,463
MDEwOlJlcG9zaXRvcnkzMzEyNzMwOTc=,2021-01-20T10:36:01Z,2026-03-25T01:56:41Z,2026-03-25T01:56:38Z,87,False,Baekjoon,roadl/Baekjoon,git@github.com:roadl/Baekjoon.git,0
MDEwOlJlcG9zaXRvcnkzMzEyMDA4MzU=,2021-01-20T05:18:50Z,2026-05-05T14:05:05Z,2026-05-05T14:04:58Z,191062,False,MetaHookSv,hzqst/MetaHookSv,git@github.com:hzqst/MetaHookSv.git,229
MDEwOlJlcG9zaXRvcnkzMzExOTA3MjY=,2021-01-20T04:18:47Z,2026-04-24T06:02:30Z,2026-04-24T06:02:24Z,1295,False,CompetitiveProgramming,vamsitallapudi/CompetitiveProgramming,git@github.com:vamsitallapudi/CompetitiveProgramming.git,1
MDEwOlJlcG9zaXRvcnkzMzExODQ0OTU=,2021-01-20T03:42:43Z,2026-04-27T07:37:31Z,2026-04-27T07:37:24Z,4925,False,PS,Cube219/PS,git@github.com:Cube219/PS.git,0
MDEwOlJlcG9zaXRvcnkzMzExNjk1Njc=,2021-01-20T02:28:36Z,2026-04-07T05:07:47Z,2026-04-07T05:07:41Z,114,False,datasketches-ruby,ankane/datasketches-ruby,git@github.com:ankane/datasketches-ruby.git,14
MDEwOlJlcG9zaXRvcnkzMzExNTMzNDQ=,2021-01-20T01:04:20Z,2026-04-13T07:59:05Z,2026-04-01T01:09:24Z,273704,False,Windows_audio_talkback_demo_program,cyz7758520/Windows_audio_talkback_demo_program,git@github.com:cyz7758520/Windows_audio_talkback_demo_program.git,38
MDEwOlJlcG9zaXRvcnkzMzExNTE2OTY=,2021-01-20T00:54:58Z,2026-04-06T16:29:26Z,2026-04-06T16:29:21Z,23506,True,strokestyles_interactive_demos,autograff-devel/strokestyles_interactive_demos,git@github.com:autograff-devel/strokestyles_interactive_demos.git,0
MDEwOlJlcG9zaXRvcnkzMzExMTQ2ODI=,2021-01-19T21:30:45Z,2026-05-06T19:07:33Z,2026-05-06T19:07:26Z,20385,False,dekaf2,ridgeware/dekaf2,git@github.com:ridgeware/dekaf2.git,1
MDEwOlJlcG9zaXRvcnkzMzExMDM5NDA=,2021-01-19T20:40:39Z,2026-04-12T17:09:19Z,2026-04-12T17:09:13Z,97,True,cssparser,Sigil-Ebook/cssparser,git@github.com:Sigil-Ebook/cssparser.git,18
MDEwOlJlcG9zaXRvcnkzMzEwODcyNjc=,2021-01-19T19:29:57Z,2026-05-07T06:52:10Z,2026-05-07T06:52:06Z,167,False,tll-http,shramov/tll-http,git@github.com:shramov/tll-http.git,0
MDEwOlJlcG9zaXRvcnkzMzEwNTc0OTM=,2021-01-19T17:29:02Z,2026-04-11T17:00:36Z,2026-04-11T17:01:07Z,8367,True,DCT,pollere/DCT,git@github.com:pollere/DCT.git,14
MDEwOlJlcG9zaXRvcnkzMzEwNDk0MTY=,2021-01-19T16:58:20Z,2026-05-06T17:34:55Z,2026-05-07T11:24:53Z,226485,True,MaCh3,mach3-software/MaCh3,git@github.com:mach3-software/MaCh3.git,12
MDEwOlJlcG9zaXRvcnkzMzEwNDcxMzE=,2021-01-19T16:49:07Z,2026-03-11T19:04:06Z,2026-03-11T19:04:03Z,1255,False,SignalK-Orientation,BjarneBitscrambler/SignalK-Orientation,git@github.com:BjarneBitscrambler/SignalK-Orientation.git,10
MDEwOlJlcG9zaXRvcnkzMzEwNDUzMjA=,2021-01-19T16:42:36Z,2026-04-16T10:32:46Z,2026-04-16T10:32:43Z,77,True,TwoPunctures,GRTLCollaboration/TwoPunctures,git@github.com:GRTLCollaboration/TwoPunctures.git,3
MDEwOlJlcG9zaXRvcnkzMzA5ODc3NTk=,2021-01-19T13:23:49Z,2026-04-19T07:38:08Z,2026-04-30T05:19:12Z,104649,False,gfx,gboisse/gfx,git@github.com:gboisse/gfx.git,525
MDEwOlJlcG9zaXRvcnkzMzA5Nzc0NjQ=,2021-01-19T12:47:11Z,2026-04-30T02:21:45Z,2026-04-26T06:37:02Z,252,False,obs-audio-monitor,exeldro/obs-audio-monitor,git@github.com:exeldro/obs-audio-monitor.git,374
MDEwOlJlcG9zaXRvcnkzMzA5NzY2NjU=,2021-01-19T12:44:07Z,2026-05-06T14:43:01Z,2026-05-06T14:29:56Z,23715,True,pdb-redo-session-manager,PDB-REDO/pdb-redo-session-manager,git@github.com:PDB-REDO/pdb-redo-session-manager.git,1
MDEwOlJlcG9zaXRvcnkzMzA4ODE0MzM=,2021-01-19T06:08:09Z,2026-03-18T02:06:55Z,2026-03-18T02:06:52Z,1793,False,LeetCode,raiden-02/LeetCode,git@github.com:raiden-02/LeetCode.git,2
MDEwOlJlcG9zaXRvcnkzMzA4MTQwMDY=,2021-01-18T23:45:56Z,2026-05-05T22:57:39Z,2026-05-05T22:57:35Z,9665,True,OpenJK,clone-army/OpenJK,git@github.com:clone-army/OpenJK.git,0
MDEwOlJlcG9zaXRvcnkzMzA3MjI2ODE=,2021-01-18T16:21:20Z,2026-04-11T08:04:32Z,2026-04-11T08:04:27Z,152,False,lgtbot-mirai,Slontia/lgtbot-mirai,git@github.com:Slontia/lgtbot-mirai.git,7
MDEwOlJlcG9zaXRvcnkzMzA3MjE2MzI=,2021-01-18T16:17:12Z,2026-04-25T01:11:28Z,2026-04-25T01:11:23Z,198,False,glvmlss,ccardehu/glvmlss,git@github.com:ccardehu/glvmlss.git,3
MDEwOlJlcG9zaXRvcnkzMzA3MTE2OTE=,2021-01-18T15:38:56Z,2026-05-06T23:01:03Z,2026-05-06T23:00:59Z,270,False,XShortcuts,horsicq/XShortcuts,git@github.com:horsicq/XShortcuts.git,5
MDEwOlJlcG9zaXRvcnkzMzA2NzYwMzU=,2021-01-18T13:32:44Z,2026-04-23T21:57:19Z,2026-04-23T21:57:16Z,678,True,flxlibs,DUNE-DAQ/flxlibs,git@github.com:DUNE-DAQ/flxlibs.git,3
MDEwOlJlcG9zaXRvcnkzMzA2NTIwNzg=,2021-01-18T11:59:22Z,2026-04-29T19:08:56Z,2026-04-22T08:16:35Z,22413,True,Agile-Model-Based-Systems-Engineering-Cookbook,PacktPublishing/Agile-Model-Based-Systems-Engineering-Cookbook,git@github.com:PacktPublishing/Agile-Model-Based-Systems-Engineering-Cookbook.git,34
MDEwOlJlcG9zaXRvcnkzMzA2NDIzNjE=,2021-01-18T11:17:02Z,2026-03-29T19:57:09Z,2026-03-29T19:57:04Z,2784,False,SUSAN,rsanchezloayza/SUSAN,git@github.com:rsanchezloayza/SUSAN.git,10
MDEwOlJlcG9zaXRvcnkzMzA2MTg4ODQ=,2021-01-18T09:39:42Z,2026-04-01T09:24:17Z,2026-04-01T09:24:04Z,7409,True,gpx_connector,GPXenergy/gpx_connector,git@github.com:GPXenergy/gpx_connector.git,1
MDEwOlJlcG9zaXRvcnkzMzA1ODkwOTE=,2021-01-18T07:35:54Z,2026-04-21T13:29:26Z,2026-04-21T13:29:20Z,231,True,rc_genicam_driver_ros2,roboception/rc_genicam_driver_ros2,git@github.com:roboception/rc_genicam_driver_ros2.git,6
MDEwOlJlcG9zaXRvcnkzMzA1NzY2NDk=,2021-01-18T06:36:04Z,2026-05-07T10:48:47Z,2026-05-07T10:48:41Z,16897,False,media-downloader,mhogomchungu/media-downloader,git@github.com:mhogomchungu/media-downloader.git,4442
MDEwOlJlcG9zaXRvcnkzMzA1MjI4OTE=,2021-01-18T01:22:03Z,2026-04-16T21:52:17Z,2026-04-16T15:08:07Z,5189,True,RetroED,RSDKModding/RetroED,git@github.com:RSDKModding/RetroED.git,44
MDEwOlJlcG9zaXRvcnkzMzA0ODY2MDc=,2021-01-17T21:05:15Z,2026-04-28T15:51:07Z,2026-04-28T15:49:32Z,1693,False,VIABLAB,lastre-viab/VIABLAB,git@github.com:lastre-viab/VIABLAB.git,2
MDEwOlJlcG9zaXRvcnkzMzA0NjY3Njc=,2021-01-17T19:11:42Z,2026-03-16T17:50:42Z,2026-03-16T17:50:38Z,147754,True,nebula-demo,gscept/nebula-demo,git@github.com:gscept/nebula-demo.git,4
MDEwOlJlcG9zaXRvcnkzMzA0NjU0ODI=,2021-01-17T19:04:36Z,2026-04-29T20:51:29Z,2026-04-29T20:51:23Z,3176192,False,RoomEscapeFPS,hoony413/RoomEscapeFPS,git@github.com:hoony413/RoomEscapeFPS.git,0
MDEwOlJlcG9zaXRvcnkzMzA0NjUzMTU=,2021-01-17T19:03:36Z,2026-04-26T14:02:50Z,2026-04-26T14:02:46Z,79,False,rspell,dmdmdm/rspell,git@github.com:dmdmdm/rspell.git,1
MDEwOlJlcG9zaXRvcnkzMzA0Mjc2NDQ=,2021-01-17T15:53:04Z,2026-03-30T12:25:03Z,2026-03-30T12:24:58Z,38407,False,tsd_multivariate,bramkuijper/tsd_multivariate,git@github.com:bramkuijper/tsd_multivariate.git,0
MDEwOlJlcG9zaXRvcnkzMzAzOTc3Mjg=,2021-01-17T13:31:21Z,2026-04-22T12:13:46Z,2026-04-22T12:13:43Z,63,False,Multiplex,RobTillaart/Multiplex,git@github.com:RobTillaart/Multiplex.git,8
MDEwOlJlcG9zaXRvcnkzMzAzNTU0Nzk=,2021-01-17T09:27:58Z,2026-05-07T11:31:15Z,2026-04-25T06:34:29Z,27706,False,wiliwili,xfangfang/wiliwili,git@github.com:xfangfang/wiliwili.git,5121
MDEwOlJlcG9zaXRvcnkzMzAzMzU4NTg=,2021-01-17T07:16:14Z,2026-03-29T21:32:59Z,2026-03-29T21:34:22Z,159,False,mkdebcontrol,dwmcrobb/mkdebcontrol,git@github.com:dwmcrobb/mkdebcontrol.git,0
MDEwOlJlcG9zaXRvcnkzMzAyNTgzNjE=,2021-01-16T21:09:08Z,2026-04-21T22:47:27Z,2026-04-21T22:47:23Z,157,False,BitConverter,YanjieHe/BitConverter,git@github.com:YanjieHe/BitConverter.git,13
MDEwOlJlcG9zaXRvcnkzMzAyNDg1OTM=,2021-01-16T20:17:59Z,2026-05-06T22:07:48Z,2026-05-06T22:07:44Z,21024,False,heisenberg,profitviews/heisenberg,git@github.com:profitviews/heisenberg.git,71
MDEwOlJlcG9zaXRvcnkzMzAyNDQyOTU=,2021-01-16T19:51:55Z,2026-05-03T18:17:42Z,2026-05-02T08:38:01Z,40684,True,libsidplayfp,libsidplayfp/libsidplayfp,git@github.com:libsidplayfp/libsidplayfp.git,91
MDEwOlJlcG9zaXRvcnkzMzAyMjY4Nzc=,2021-01-16T18:15:54Z,2026-04-16T10:40:21Z,2026-04-16T10:40:17Z,896,False,sg-mcu-lts,avepha/sg-mcu-lts,git@github.com:avepha/sg-mcu-lts.git,0
MDEwOlJlcG9zaXRvcnkzMzAyMjY0MTY=,2021-01-16T18:13:27Z,2026-05-02T01:52:37Z,2026-05-02T01:52:33Z,30193,True,chalet,chalet-org/chalet,git@github.com:chalet-org/chalet.git,123
MDEwOlJlcG9zaXRvcnkzMzAxOTc3ODg=,2021-01-16T15:50:33Z,2026-04-20T14:42:29Z,2026-04-20T14:42:25Z,114577,False,GfxCore,tgriebel/GfxCore,git@github.com:tgriebel/GfxCore.git,1
MDEwOlJlcG9zaXRvcnkzMzAxODc3MTk=,2021-01-16T15:02:12Z,2026-05-05T06:09:37Z,2026-05-05T06:09:33Z,1285577,False,The-Cessna-172-Project-V3,CaptainBobSim/The-Cessna-172-Project-V3,git@github.com:CaptainBobSim/The-Cessna-172-Project-V3.git,120
MDEwOlJlcG9zaXRvcnkzMzAxNDYyMDI=,2021-01-16T11:22:19Z,2026-05-04T19:38:44Z,2026-05-04T19:38:40Z,654,False,winlib,mgaeckler1964/winlib,git@github.com:mgaeckler1964/winlib.git,0
MDEwOlJlcG9zaXRvcnkzMzAxNDE5ODE=,2021-01-16T10:58:16Z,2026-03-06T17:29:49Z,2026-03-06T17:29:46Z,197,False,gak_cli,mgaeckler1964/gak_cli,git@github.com:mgaeckler1964/gak_cli.git,0
MDEwOlJlcG9zaXRvcnkzMzAxNDEzMTE=,2021-01-16T10:54:17Z,2026-04-24T18:07:22Z,2026-04-24T18:08:49Z,10349,False,vdr-plugin-live,MarkusEh/vdr-plugin-live,git@github.com:MarkusEh/vdr-plugin-live.git,10
MDEwOlJlcG9zaXRvcnkzMzAxMDY1MTE=,2021-01-16T07:15:34Z,2026-03-24T11:03:44Z,2026-03-24T11:04:13Z,146,False,mkfbsdmnfst,dwmcrobb/mkfbsdmnfst,git@github.com:dwmcrobb/mkfbsdmnfst.git,0
MDEwOlJlcG9zaXRvcnkzMzAwNzU0MzA=,2021-01-16T03:27:11Z,2026-03-02T12:31:28Z,2026-03-02T12:31:24Z,1509,False,HelloVulkan,portersky/HelloVulkan,git@github.com:portersky/HelloVulkan.git,0
MDEwOlJlcG9zaXRvcnkzMzAwMzc5NTE=,2021-01-15T22:40:38Z,2026-03-11T16:25:52Z,2026-03-11T16:25:48Z,187,False,cxx-bootstrap,kevinAlbs/cxx-bootstrap,git@github.com:kevinAlbs/cxx-bootstrap.git,0
MDEwOlJlcG9zaXRvcnkzMzAwMDc5NDI=,2021-01-15T19:51:24Z,2026-03-03T11:59:20Z,2026-03-03T20:52:43Z,16668,False,sypha,caerbannogwhite/sypha,git@github.com:caerbannogwhite/sypha.git,1
MDEwOlJlcG9zaXRvcnkzMzAwMDM4MDc=,2021-01-15T19:29:43Z,2026-03-26T16:42:18Z,2026-04-29T10:22:03Z,8397,False,ReboostTool,TjitteS/ReboostTool,git@github.com:TjitteS/ReboostTool.git,6
MDEwOlJlcG9zaXRvcnkzMjk5NzAxNzI=,2021-01-15T16:50:03Z,2026-05-06T12:31:42Z,2026-05-06T12:31:36Z,49536,False,SClass,sswroom/SClass,git@github.com:sswroom/SClass.git,14
MDEwOlJlcG9zaXRvcnkzMjk5MDI5ODg=,2021-01-15T12:14:24Z,2026-04-09T06:58:25Z,2026-03-31T08:11:32Z,261,True,CefViewCore,CefView/CefViewCore,git@github.com:CefView/CefViewCore.git,132
MDEwOlJlcG9zaXRvcnkzMjk4OTMwMDI=,2021-01-15T11:27:19Z,2026-04-13T17:03:20Z,2026-04-13T17:03:15Z,2348,True,trill-neopixel,BelaPlatform/trill-neopixel,git@github.com:BelaPlatform/trill-neopixel.git,1
MDEwOlJlcG9zaXRvcnkzMjk4OTA1Nzg=,2021-01-15T11:16:01Z,2026-04-08T18:14:53Z,2026-04-08T18:14:49Z,41,True,interruptor,mongodb-js/interruptor,git@github.com:mongodb-js/interruptor.git,4
MDEwOlJlcG9zaXRvcnkzMjk4ODY3MjE=,2021-01-15T10:57:20Z,2026-03-14T13:58:40Z,2026-03-14T13:58:36Z,141,False,tilkal,Sidoine/tilkal,git@github.com:Sidoine/tilkal.git,0
MDEwOlJlcG9zaXRvcnkzMjk4NzM5MDk=,2021-01-15T10:00:21Z,2026-04-12T05:57:54Z,2026-04-12T05:57:49Z,937,False,leetcode-solutions,vector94/leetcode-solutions,git@github.com:vector94/leetcode-solutions.git,0
MDEwOlJlcG9zaXRvcnkzMjk4NzA5Nzg=,2021-01-15T09:47:29Z,2026-03-10T14:58:46Z,2026-03-10T14:58:33Z,197,False,python-native,Mizux/python-native,git@github.com:Mizux/python-native.git,10
MDEwOlJlcG9zaXRvcnkzMjk4MzQ2MDY=,2021-01-15T07:02:19Z,2026-04-20T14:56:41Z,2026-04-20T14:56:37Z,550004,False,docs,blynkkk/docs,git@github.com:blynkkk/docs.git,11
MDEwOlJlcG9zaXRvcnkzMjk4MjE4MzI=,2021-01-15T05:53:19Z,2026-04-30T17:34:54Z,2026-05-07T01:45:27Z,33781,False,Exercism,MenkeTechnologies/Exercism,git@github.com:MenkeTechnologies/Exercism.git,1
MDEwOlJlcG9zaXRvcnkzMjk4MDg1MjY=,2021-01-15T04:29:48Z,2026-04-15T08:58:20Z,2026-04-15T08:58:15Z,1090,False,LibStevi,french-paragon/LibStevi,git@github.com:french-paragon/LibStevi.git,8
MDEwOlJlcG9zaXRvcnkzMjk3NzIyODk=,2021-01-15T00:57:42Z,2026-03-08T22:41:20Z,2026-03-08T22:41:17Z,12,False,OSI-Model,garggaurangi/OSI-Model,git@github.com:garggaurangi/OSI-Model.git,0
MDEwOlJlcG9zaXRvcnkzMjk3NTM5ODQ=,2021-01-14T22:54:46Z,2026-04-17T03:06:51Z,2026-04-02T17:24:52Z,455,False,hype,tomtzook/hype,git@github.com:tomtzook/hype.git,16
MDEwOlJlcG9zaXRvcnkzMjk3NDg5MjI=,2021-01-14T22:24:47Z,2026-05-07T09:30:21Z,2026-05-07T09:30:14Z,3117,False,gaklib,mgaeckler1964/gaklib,git@github.com:mgaeckler1964/gaklib.git,0
MDEwOlJlcG9zaXRvcnkzMjk3NDc3NTQ=,2021-01-14T22:17:54Z,2026-04-12T04:02:47Z,2026-05-07T09:01:31Z,478702,True,GRAB,GeneticAnalysisinBiobanks/GRAB,git@github.com:GeneticAnalysisinBiobanks/GRAB.git,7
MDEwOlJlcG9zaXRvcnkzMjk3NDM3MDM=,2021-01-14T21:54:51Z,2026-04-30T09:39:57Z,2026-03-26T15:16:18Z,2117,True,photino.Native,tryphotino/photino.Native,git@github.com:tryphotino/photino.Native.git,176
MDEwOlJlcG9zaXRvcnkzMjk2NjQyOTM=,2021-01-14T16:00:06Z,2026-04-26T12:35:23Z,2026-04-26T12:35:18Z,3480,True,exit-options,MX-Linux/exit-options,git@github.com:MX-Linux/exit-options.git,1
MDEwOlJlcG9zaXRvcnkzMjk2NTQzMjY=,2021-01-14T15:23:13Z,2026-03-16T15:12:56Z,2026-03-16T15:12:52Z,393,True,Arduino_Portenta_OTA,arduino-libraries/Arduino_Portenta_OTA,git@github.com:arduino-libraries/Arduino_Portenta_OTA.git,20
MDEwOlJlcG9zaXRvcnkzMjk2NDkyNzQ=,2021-01-14T15:04:07Z,2026-04-16T16:54:17Z,2026-05-07T02:03:23Z,1433,True,sbnanaobj,SBNSoftware/sbnanaobj,git@github.com:SBNSoftware/sbnanaobj.git,6
MDEwOlJlcG9zaXRvcnkzMjk2NDI4ODA=,2021-01-14T14:41:00Z,2026-04-17T17:28:21Z,2026-05-06T09:20:32Z,7336,True,jeolib-jiplib,ec-jrc/jeolib-jiplib,git@github.com:ec-jrc/jeolib-jiplib.git,0
MDEwOlJlcG9zaXRvcnkzMjk2MjI5Mzc=,2021-01-14T13:25:45Z,2026-03-29T13:04:16Z,2026-03-29T13:04:12Z,291,False,QUnoNative,rdeetz/QUnoNative,git@github.com:rdeetz/QUnoNative.git,0
MDEwOlJlcG9zaXRvcnkzMjk2MDYzNzg=,2021-01-14T12:17:54Z,2026-04-06T16:40:14Z,2026-04-06T16:40:09Z,118665,False,IntervalGenetic,itsoulos/IntervalGenetic,git@github.com:itsoulos/IntervalGenetic.git,0
MDEwOlJlcG9zaXRvcnkzMjk2MDAyMzQ=,2021-01-14T11:51:56Z,2026-04-25T12:08:13Z,2026-04-25T12:08:08Z,745,False,Algorithm,Limseunghyun99/Algorithm,git@github.com:Limseunghyun99/Algorithm.git,1
MDEwOlJlcG9zaXRvcnkzMjk1ODA1OTI=,2021-01-14T10:26:25Z,2026-04-11T07:13:51Z,2026-04-11T07:13:48Z,30,False,Order-statistic-AVL-tree,gampu/Order-statistic-AVL-tree,git@github.com:gampu/Order-statistic-AVL-tree.git,4
MDEwOlJlcG9zaXRvcnkzMjk1NjA3MDE=,2021-01-14T09:02:38Z,2026-04-01T14:42:47Z,2026-04-01T14:42:21Z,17,True,ci-submodule-helper,poncateam/ci-submodule-helper,git@github.com:poncateam/ci-submodule-helper.git,1
MDEwOlJlcG9zaXRvcnkzMjkzNjk1NDg=,2021-01-13T16:38:25Z,2026-05-04T22:25:51Z,2026-05-04T22:25:51Z,181607,False,Vulkan-Quarantine-Engine,Trifido/Vulkan-Quarantine-Engine,git@github.com:Trifido/Vulkan-Quarantine-Engine.git,1
MDEwOlJlcG9zaXRvcnkzMjkzNDY1NzY=,2021-01-13T15:15:31Z,2026-04-17T20:47:45Z,2026-04-17T20:47:42Z,652,False,sdrx,johanhedin/sdrx,git@github.com:johanhedin/sdrx.git,8
MDEwOlJlcG9zaXRvcnkzMjkzMzg4OTE=,2021-01-13T14:48:50Z,2026-05-07T09:38:18Z,2026-05-07T09:38:14Z,1887,False,config-contract-checker,asadalaziz/config-contract-checker,git@github.com:asadalaziz/config-contract-checker.git,0
MDEwOlJlcG9zaXRvcnkzMjkyOTI4NDI=,2021-01-13T11:55:12Z,2026-05-01T10:04:10Z,2026-05-01T10:04:06Z,3271,False,uise-desktop,evgeniums/uise-desktop,git@github.com:evgeniums/uise-desktop.git,3
MDEwOlJlcG9zaXRvcnkzMjkyNjY3Mjc=,2021-01-13T10:08:10Z,2026-04-26T06:42:03Z,2026-04-23T11:35:13Z,172048,False,turbo,ptal/turbo,git@github.com:ptal/turbo.git,42
MDEwOlJlcG9zaXRvcnkzMjkyMjU1MDc=,2021-01-13T07:19:55Z,2026-05-07T03:05:23Z,2026-05-03T05:05:32Z,20328,True,simpleble,simpleble/simpleble,git@github.com:simpleble/simpleble.git,1068
MDEwOlJlcG9zaXRvcnkzMjkxODQwNzM=,2021-01-13T03:35:29Z,2026-05-07T09:07:35Z,2026-05-07T09:07:34Z,55693,False,fakelua,esrrhs/fakelua,git@github.com:esrrhs/fakelua.git,13
MDEwOlJlcG9zaXRvcnkzMjkxNDg4Nzg=,2021-01-13T00:26:30Z,2026-03-31T19:25:39Z,2026-03-31T20:04:37Z,190882,False,chimes_calculator,rk-lindsey/chimes_calculator,git@github.com:rk-lindsey/chimes_calculator.git,25
MDEwOlJlcG9zaXRvcnkzMjkxMzEzMzA=,2021-01-12T22:41:51Z,2026-04-21T23:49:29Z,2026-04-21T23:49:25Z,40,True,GyroPalm-Studio-Examples,GyroPalm/GyroPalm-Studio-Examples,git@github.com:GyroPalm/GyroPalm-Studio-Examples.git,0
MDEwOlJlcG9zaXRvcnkzMjkxMTc3NDc=,2021-01-12T21:32:15Z,2026-05-04T20:27:58Z,2026-05-04T20:27:53Z,8745,True,FEBioWarp,febiosoftware/FEBioWarp,git@github.com:febiosoftware/FEBioWarp.git,0
MDEwOlJlcG9zaXRvcnkzMjkxMTY3Mzc=,2021-01-12T21:27:33Z,2026-05-04T20:29:41Z,2026-05-04T20:29:30Z,4181,True,FEBioChem,febiosoftware/FEBioChem,git@github.com:febiosoftware/FEBioChem.git,1
MDEwOlJlcG9zaXRvcnkzMjkxMTU2Njc=,2021-01-12T21:22:10Z,2026-05-04T20:29:07Z,2026-05-04T20:28:44Z,2540,True,FEBioHeat,febiosoftware/FEBioHeat,git@github.com:febiosoftware/FEBioHeat.git,2
MDEwOlJlcG9zaXRvcnkzMjkxMTEwOTc=,2021-01-12T21:00:33Z,2026-05-06T00:42:37Z,2026-05-06T00:42:33Z,618226,True,R2DTool,NHERI-SimCenter/R2DTool,git@github.com:NHERI-SimCenter/R2DTool.git,6
MDEwOlJlcG9zaXRvcnkzMjkwNzYzNDc=,2021-01-12T18:27:44Z,2026-04-25T01:06:49Z,2026-04-17T00:26:57Z,20,False,besserwisser,isaccanedo/besserwisser,git@github.com:isaccanedo/besserwisser.git,1
MDEwOlJlcG9zaXRvcnkzMjkwNjM3MjY=,2021-01-12T17:37:23Z,2026-04-29T13:34:44Z,2026-05-04T14:40:12Z,24269,True,grpc-device,ni/grpc-device,git@github.com:ni/grpc-device.git,84
MDEwOlJlcG9zaXRvcnkzMjkwNDk2MTc=,2021-01-12T16:42:38Z,2026-03-13T17:45:31Z,2026-05-06T05:18:17Z,50499,True,Marmot,MAteRialMOdelingToolbox/Marmot,git@github.com:MAteRialMOdelingToolbox/Marmot.git,28
MDEwOlJlcG9zaXRvcnkzMjg5NzUzMzk=,2021-01-12T12:09:59Z,2026-05-06T20:47:41Z,2026-05-06T20:47:49Z,107,True,async_web_server_cpp,fkie/async_web_server_cpp,git@github.com:fkie/async_web_server_cpp.git,12
MDEwOlJlcG9zaXRvcnkzMjg4OTcyNjI=,2021-01-12T06:47:10Z,2026-04-02T11:00:05Z,2026-05-05T18:59:09Z,270,True,Abaqus-MarmotInterface,MAteRialMOdelingToolbox/Abaqus-MarmotInterface,git@github.com:MAteRialMOdelingToolbox/Abaqus-MarmotInterface.git,1
MDEwOlJlcG9zaXRvcnkzMjg4ODExNTI=,2021-01-12T05:24:28Z,2026-04-12T18:03:21Z,2026-04-12T18:03:17Z,157637,False,arduino,Patchoulino/arduino,git@github.com:Patchoulino/arduino.git,0
MDEwOlJlcG9zaXRvcnkzMjg4Mzg4NjM=,2021-01-12T01:32:40Z,2026-03-17T06:03:52Z,2026-03-17T06:03:47Z,13070,False,movie_roulette,timcking/movie_roulette,git@github.com:timcking/movie_roulette.git,0
MDEwOlJlcG9zaXRvcnkzMjg3OTY1Mzc=,2021-01-11T21:32:09Z,2026-05-04T21:53:12Z,2026-05-04T21:53:06Z,15113,False,foo_openlyrics,jacquesh/foo_openlyrics,git@github.com:jacquesh/foo_openlyrics.git,570
MDEwOlJlcG9zaXRvcnkzMjg3ODMxMjU=,2021-01-11T20:27:04Z,2026-04-16T09:30:45Z,2026-03-28T22:13:54Z,10366,False,wordclock,t0mg/wordclock,git@github.com:t0mg/wordclock.git,89
MDEwOlJlcG9zaXRvcnkzMjg3ODA0MDk=,2021-01-11T20:14:32Z,2026-04-24T21:21:39Z,2026-05-04T16:54:46Z,75185,True,quandary,llnl/quandary,git@github.com:llnl/quandary.git,57
MDEwOlJlcG9zaXRvcnkzMjg3NDU4MDY=,2021-01-11T17:47:34Z,2026-03-09T23:12:42Z,2026-03-09T23:12:38Z,275559,False,poulpeEngine,galliume/poulpeEngine,git@github.com:galliume/poulpeEngine.git,5
MDEwOlJlcG9zaXRvcnkzMjg3MTY5OTU=,2021-01-11T16:00:42Z,2026-05-04T07:47:02Z,2026-05-06T12:03:27Z,1347747,True,cheerp-compiler,leaningtech/cheerp-compiler,git@github.com:leaningtech/cheerp-compiler.git,356
MDEwOlJlcG9zaXRvcnkzMjg3MDUwMTk=,2021-01-11T15:18:14Z,2026-03-17T13:34:27Z,2026-03-17T13:34:24Z,15123,True,SemanticRoleLabeling-CPP,StarlangSoftware/SemanticRoleLabeling-CPP,git@github.com:StarlangSoftware/SemanticRoleLabeling-CPP.git,0
MDEwOlJlcG9zaXRvcnkzMjg2ODgwODA=,2021-01-11T14:21:29Z,2026-03-17T12:19:49Z,2026-03-17T12:19:45Z,15116,True,WordSenseDisambiguation-CPP,StarlangSoftware/WordSenseDisambiguation-CPP,git@github.com:StarlangSoftware/WordSenseDisambiguation-CPP.git,0
MDEwOlJlcG9zaXRvcnkzMjg2NzQyMDU=,2021-01-11T13:33:40Z,2026-03-17T13:22:40Z,2026-03-17T13:22:37Z,15108,True,NER-CPP,StarlangSoftware/NER-CPP,git@github.com:StarlangSoftware/NER-CPP.git,2
MDEwOlJlcG9zaXRvcnkzMjg2NDc5MjA=,2021-01-11T11:52:44Z,2026-04-30T03:35:49Z,2026-04-09T08:28:14Z,26882,True,leanstore,leanstore/leanstore,git@github.com:leanstore/leanstore.git,625
MDEwOlJlcG9zaXRvcnkzMjg2MTgwOTQ=,2021-01-11T09:52:40Z,2026-04-30T09:50:07Z,2026-04-30T09:50:03Z,12544,True,Interaction-Lab,ima-nyush/Interaction-Lab,git@github.com:ima-nyush/Interaction-Lab.git,1
MDEwOlJlcG9zaXRvcnkzMjg1NTI0Njk=,2021-01-11T04:54:18Z,2026-04-29T17:27:52Z,2026-04-29T17:27:49Z,193,False,NetLibDirectshowCapture,charlescao460/NetLibDirectshowCapture,git@github.com:charlescao460/NetLibDirectshowCapture.git,12
MDEwOlJlcG9zaXRvcnkzMjg0NzQwMTY=,2021-01-10T20:35:24Z,2026-03-17T17:38:04Z,2026-05-06T23:06:44Z,3447,True,utils-lists-xpack,micro-os-plus/utils-lists-xpack,git@github.com:micro-os-plus/utils-lists-xpack.git,1
MDEwOlJlcG9zaXRvcnkzMjg0NjEyNTg=,2021-01-10T19:22:32Z,2026-05-06T20:25:55Z,2026-05-06T20:25:50Z,1449,False,Personal,qwertyuiop3/Personal,git@github.com:qwertyuiop3/Personal.git,0
MDEwOlJlcG9zaXRvcnkzMjg0NjEwNjQ=,2021-01-10T19:21:29Z,2026-05-01T06:38:23Z,2026-04-25T22:50:59Z,50,False,rawz,sekrit-twc/rawz,git@github.com:sekrit-twc/rawz.git,5
MDEwOlJlcG9zaXRvcnkzMjg0NTEzMjc=,2021-01-10T18:28:01Z,2026-05-07T05:02:06Z,2026-05-07T05:02:01Z,373912,False,suanPan,TLCFEM/suanPan,git@github.com:TLCFEM/suanPan.git,86
MDEwOlJlcG9zaXRvcnkzMjgzOTU0MjI=,2021-01-10T13:57:14Z,2026-04-22T15:33:25Z,2026-04-22T15:34:06Z,1420,False,extension-imgui,britzl/extension-imgui,git@github.com:britzl/extension-imgui.git,77
MDEwOlJlcG9zaXRvcnkzMjgzOTMyOTE=,2021-01-10T13:47:14Z,2026-03-28T23:30:46Z,2026-03-28T23:30:42Z,7992,False,WSAmateur,longagofaraway/WSAmateur,git@github.com:longagofaraway/WSAmateur.git,5
MDEwOlJlcG9zaXRvcnkzMjgyOTQyMTU=,2021-01-10T03:20:27Z,2026-04-29T13:27:30Z,2026-04-29T13:27:00Z,42284,False,LGUI,liufei2008/LGUI,git@github.com:liufei2008/LGUI.git,59
MDEwOlJlcG9zaXRvcnkzMjgyODMxMDM=,2021-01-10T01:51:39Z,2026-04-24T08:27:49Z,2026-04-24T08:19:19Z,8,False,linear-recurrence,tongmd/linear-recurrence,git@github.com:tongmd/linear-recurrence.git,0
MDEwOlJlcG9zaXRvcnkzMjgyNTU0Mzg=,2021-01-09T22:08:55Z,2026-04-24T04:30:43Z,2026-04-24T04:30:38Z,1134,True,BH,Project-Diablo-2/BH,git@github.com:Project-Diablo-2/BH.git,30
MDEwOlJlcG9zaXRvcnkzMjgxNjAzODY=,2021-01-09T13:23:42Z,2026-05-07T03:29:18Z,2026-05-07T03:29:14Z,12872,False,Arduino_related_projects,mzymcm/Arduino_related_projects,git@github.com:mzymcm/Arduino_related_projects.git,0
MDEwOlJlcG9zaXRvcnkzMjgwOTI2NzM=,2021-01-09T06:41:38Z,2026-05-01T23:34:07Z,2026-04-12T08:28:39Z,968,True,SparkFun_u-blox_GNSS_Arduino_Library,sparkfun/SparkFun_u-blox_GNSS_Arduino_Library,git@github.com:sparkfun/SparkFun_u-blox_GNSS_Arduino_Library.git,281
MDEwOlJlcG9zaXRvcnkzMjgwNjc2OTc=,2021-01-09T03:41:24Z,2026-03-21T05:29:09Z,2026-03-21T05:29:05Z,12501,False,Engine2021,yhyu13/Engine2021,git@github.com:yhyu13/Engine2021.git,5
MDEwOlJlcG9zaXRvcnkzMjgwMzQwNDk=,2021-01-08T23:22:44Z,2026-04-23T01:39:12Z,2026-04-06T12:57:05Z,30189,False,RGB-D-SLAM,BaptisteHudyma/RGB-D-SLAM,git@github.com:BaptisteHudyma/RGB-D-SLAM.git,60
MDEwOlJlcG9zaXRvcnkzMjc4ODUxODE=,2021-01-08T11:34:19Z,2026-05-07T06:41:02Z,2026-04-13T08:58:44Z,777,False,opencv-mobile,nihui/opencv-mobile,git@github.com:nihui/opencv-mobile.git,3274
MDEwOlJlcG9zaXRvcnkzMjc4ODQyNzY=,2021-01-08T11:30:01Z,2026-05-07T09:53:44Z,2026-05-07T09:53:50Z,1843,True,sick_safetyscanners2,SICKAG/sick_safetyscanners2,git@github.com:SICKAG/sick_safetyscanners2.git,36
MDEwOlJlcG9zaXRvcnkzMjc4MTg0OTg=,2021-01-08T06:31:28Z,2026-03-17T11:53:01Z,2026-03-17T11:49:25Z,583,False,LogicalExpressionEvaluator,Floyd-Dev-commit/LogicalExpressionEvaluator,git@github.com:Floyd-Dev-commit/LogicalExpressionEvaluator.git,1
MDEwOlJlcG9zaXRvcnkzMjc4MTAxMjE=,2021-01-08T05:44:55Z,2026-03-17T11:42:14Z,2026-03-17T11:41:01Z,569,False,LongIntCalculator,Floyd-Dev-commit/LongIntCalculator,git@github.com:Floyd-Dev-commit/LongIntCalculator.git,0
MDEwOlJlcG9zaXRvcnkzMjc3OTU0NzE=,2021-01-08T04:09:27Z,2026-05-05T03:03:58Z,2026-05-05T03:03:48Z,1087,False,LeetCode,xwxing1229/LeetCode,git@github.com:xwxing1229/LeetCode.git,0
MDEwOlJlcG9zaXRvcnkzMjc3ODAwNjc=,2021-01-08T02:40:23Z,2026-05-05T02:17:33Z,2026-05-05T02:17:32Z,3672205,True,tesseract_planning,tesseract-robotics/tesseract_planning,git@github.com:tesseract-robotics/tesseract_planning.git,73
MDEwOlJlcG9zaXRvcnkzMjc3MzY2NDU=,2021-01-07T22:13:58Z,2026-04-24T23:29:44Z,2026-04-24T23:35:11Z,18826,False,ACE,mcygorek/ACE,git@github.com:mcygorek/ACE.git,16
MDEwOlJlcG9zaXRvcnkzMjc3MDc1MDc=,2021-01-07T19:35:44Z,2026-04-24T12:12:36Z,2026-04-24T12:12:32Z,108,True,blaster,tamminenlab/blaster,git@github.com:tamminenlab/blaster.git,14
MDEwOlJlcG9zaXRvcnkzMjc2OTM1MzE=,2021-01-07T18:27:30Z,2026-04-29T20:02:02Z,2026-04-29T20:01:57Z,59,False,Bpod_HiFi_Firmware,sanworks/Bpod_HiFi_Firmware,git@github.com:sanworks/Bpod_HiFi_Firmware.git,3
MDEwOlJlcG9zaXRvcnkzMjc2NzAxMDA=,2021-01-07T16:43:15Z,2026-04-26T17:34:20Z,2026-04-26T17:34:15Z,208,False,Moccarduino,krulis-martin/Moccarduino,git@github.com:krulis-martin/Moccarduino.git,4
MDEwOlJlcG9zaXRvcnkzMjc2Njg5ODk=,2021-01-07T16:38:26Z,2026-03-04T16:23:31Z,2026-03-04T16:22:37Z,124,True,fuzzer-challenges,AFLplusplus/fuzzer-challenges,git@github.com:AFLplusplus/fuzzer-challenges.git,73
MDEwOlJlcG9zaXRvcnkzMjc2MjgwNTI=,2021-01-07T13:59:52Z,2026-05-06T17:55:56Z,2026-05-06T18:06:29Z,43731,False,klog,ea4k/klog,git@github.com:ea4k/klog.git,97
MDEwOlJlcG9zaXRvcnkzMjc2MjQ0MzI=,2021-01-07T13:45:41Z,2026-04-17T19:45:12Z,2026-05-06T12:44:50Z,9194,True,simbricks,simbricks/simbricks,git@github.com:simbricks/simbricks.git,174
MDEwOlJlcG9zaXRvcnkzMjc1OTYyOTY=,2021-01-07T11:48:46Z,2026-04-29T16:27:26Z,2026-05-06T13:54:06Z,9283,True,restG4,rest-for-physics/restG4,git@github.com:rest-for-physics/restG4.git,3
MDEwOlJlcG9zaXRvcnkzMjc1ODg2NDc=,2021-01-07T11:15:10Z,2026-05-05T16:57:37Z,2026-05-05T16:57:33Z,25,True,multikey_multimap,calculisto/multikey_multimap,git@github.com:calculisto/multikey_multimap.git,0
MDEwOlJlcG9zaXRvcnkzMjc0NTU4Njg=,2021-01-06T23:49:23Z,2026-04-26T20:48:15Z,2026-04-26T20:48:10Z,103585,False,AlgorithmLibrary,ashwaniYDV/AlgorithmLibrary,git@github.com:ashwaniYDV/AlgorithmLibrary.git,4
MDEwOlJlcG9zaXRvcnkzMjc0NDg3MzA=,2021-01-06T23:02:07Z,2026-05-07T00:44:34Z,2026-05-07T00:44:31Z,532,True,kio-s3,KDE/kio-s3,git@github.com:KDE/kio-s3.git,20
MDEwOlJlcG9zaXRvcnkzMjc0MDY5OTQ=,2021-01-06T19:12:50Z,2026-05-07T11:15:47Z,2026-05-07T11:15:43Z,43,False,MUD-Space,DapperBanana/MUD-Space,git@github.com:DapperBanana/MUD-Space.git,0
MDEwOlJlcG9zaXRvcnkzMjczNzQ3ODg=,2021-01-06T16:53:49Z,2026-04-26T11:50:28Z,2026-04-23T08:36:44Z,226003,True,wonkey,wonkey-coders/wonkey,git@github.com:wonkey-coders/wonkey.git,144
MDEwOlJlcG9zaXRvcnkzMjczMDk0MjE=,2021-01-06T12:46:56Z,2026-03-03T11:52:59Z,2026-03-03T11:52:55Z,11083,False,LeetCode,SongHayoung/LeetCode,git@github.com:SongHayoung/LeetCode.git,2
MDEwOlJlcG9zaXRvcnkzMjcyNDQ0MjU=,2021-01-06T08:14:23Z,2026-05-03T03:20:26Z,2026-05-03T03:20:22Z,24,False,Codeforces-solutions,aaryan-rampal/Codeforces-solutions,git@github.com:aaryan-rampal/Codeforces-solutions.git,0
MDEwOlJlcG9zaXRvcnkzMjcxOTc1Njk=,2021-01-06T04:18:04Z,2026-04-07T18:03:37Z,2026-04-10T04:29:52Z,6302,False,Tankz,iVcente/Tankz,git@github.com:iVcente/Tankz.git,0
MDEwOlJlcG9zaXRvcnkzMjcxNzY3MjU=,2021-01-06T02:25:48Z,2026-03-12T05:47:37Z,2026-03-12T05:47:34Z,754,False,RaqMed,brudel/RaqMed,git@github.com:brudel/RaqMed.git,2
MDEwOlJlcG9zaXRvcnkzMjcwNTE4MTI=,2021-01-05T16:13:07Z,2026-05-06T18:12:04Z,2026-05-06T18:11:59Z,2471,False,ipfs-everest-test,SergeyVostokin/ipfs-everest-test,git@github.com:SergeyVostokin/ipfs-everest-test.git,0
MDEwOlJlcG9zaXRvcnkzMjcwNDA3MDM=,2021-01-05T15:30:20Z,2026-04-28T20:07:11Z,2026-04-28T20:07:06Z,252746,True,eq2engine,InspirationByte/eq2engine,git@github.com:InspirationByte/eq2engine.git,13
MDEwOlJlcG9zaXRvcnkzMjcwMzc3OTc=,2021-01-05T15:19:37Z,2026-04-09T12:53:54Z,2026-04-14T12:39:22Z,491321,True,qtbase,reMarkable/qtbase,git@github.com:reMarkable/qtbase.git,2
MDEwOlJlcG9zaXRvcnkzMjY5OTgzNTY=,2021-01-05T12:54:00Z,2026-04-02T13:29:21Z,2026-04-02T13:29:15Z,22256,False,CzechRad,juhele/CzechRad,git@github.com:juhele/CzechRad.git,15
MDEwOlJlcG9zaXRvcnkzMjY5OTMxOTg=,2021-01-05T12:33:34Z,2026-04-21T19:35:00Z,2026-04-14T05:51:03Z,256,True,ReStreamer,WebRTSP/ReStreamer,git@github.com:WebRTSP/ReStreamer.git,39
MDEwOlJlcG9zaXRvcnkzMjY5Mzk3MTM=,2021-01-05T08:49:01Z,2026-05-04T14:10:15Z,2026-05-04T14:07:17Z,8762,False,Jimara,TheDonsky/Jimara,git@github.com:TheDonsky/Jimara.git,18
MDEwOlJlcG9zaXRvcnkzMjY5MTIyNjA=,2021-01-05T06:48:34Z,2026-04-22T09:17:32Z,2026-03-31T01:25:56Z,204,True,GravitGuard,GravitLauncher/GravitGuard,git@github.com:GravitLauncher/GravitGuard.git,8
MDEwOlJlcG9zaXRvcnkzMjY5MDI5MzQ=,2021-01-05T06:04:49Z,2026-03-29T09:10:29Z,2026-03-29T09:10:25Z,140,False,DSA,ariesha-1702/DSA,git@github.com:ariesha-1702/DSA.git,2
MDEwOlJlcG9zaXRvcnkzMjY5MDE4MDc=,2021-01-05T05:59:01Z,2026-05-06T07:58:10Z,2026-05-06T06:24:01Z,66237,True,aui,aui-framework/aui,git@github.com:aui-framework/aui.git,553
MDEwOlJlcG9zaXRvcnkzMjY4NjA1ODc=,2021-01-05T02:10:57Z,2026-05-03T03:51:00Z,2026-05-03T03:50:56Z,961,False,Unrar.swift,mtgto/Unrar.swift,git@github.com:mtgto/Unrar.swift.git,39
MDEwOlJlcG9zaXRvcnkzMjY4MzMzOTU=,2021-01-04T23:32:54Z,2026-05-01T10:23:34Z,2026-05-01T10:23:30Z,1703,True,codegen,OpenSpace/codegen,git@github.com:OpenSpace/codegen.git,2
MDEwOlJlcG9zaXRvcnkzMjY4MjA4MjQ=,2021-01-04T22:16:42Z,2026-04-22T21:37:26Z,2026-04-22T21:40:30Z,62,False,jack_transport_link,x37v/jack_transport_link,git@github.com:x37v/jack_transport_link.git,14
MDEwOlJlcG9zaXRvcnkzMjY3NTYwMDE=,2021-01-04T17:18:21Z,2026-03-03T01:00:28Z,2026-03-03T01:00:24Z,10784,False,theWheel,dg1an3/theWheel,git@github.com:dg1an3/theWheel.git,1
MDEwOlJlcG9zaXRvcnkzMjY3MzczMjY=,2021-01-04T16:07:49Z,2026-05-04T15:02:25Z,2026-05-04T15:02:21Z,2605,False,dsga,davidbrowne/dsga,git@github.com:davidbrowne/dsga.git,8
MDEwOlJlcG9zaXRvcnkzMjY3MTgxODc=,2021-01-04T14:58:41Z,2026-04-04T23:19:13Z,2026-04-04T23:21:08Z,1707,False,fishtank,daniel-ames/fishtank,git@github.com:daniel-ames/fishtank.git,0
MDEwOlJlcG9zaXRvcnkzMjY2Nzk2OTE=,2021-01-04T12:40:07Z,2026-03-05T00:30:18Z,2026-03-05T00:30:14Z,2733,False,LogRider,SymphonyBinary/LogRider,git@github.com:SymphonyBinary/LogRider.git,0
MDEwOlJlcG9zaXRvcnkzMjY2NzUyMzU=,2021-01-04T12:22:29Z,2026-04-26T00:30:30Z,2026-04-26T00:30:26Z,24346,True,openal-soft,sailfishos-mirror/openal-soft,git@github.com:sailfishos-mirror/openal-soft.git,0
MDEwOlJlcG9zaXRvcnkzMjY2NjY2MTg=,2021-01-04T11:47:09Z,2026-05-06T14:42:05Z,2026-05-06T14:22:24Z,69283,True,Synth,eTextile/Synth,git@github.com:eTextile/Synth.git,13
MDEwOlJlcG9zaXRvcnkzMjY2MzQ5MjI=,2021-01-04T09:39:26Z,2026-04-25T10:42:10Z,2026-04-25T10:42:05Z,1510,False,LeetCode,anirudhgupta03/LeetCode,git@github.com:anirudhgupta03/LeetCode.git,1
MDEwOlJlcG9zaXRvcnkzMjY2MzI3NTE=,2021-01-04T09:30:48Z,2026-05-03T16:38:32Z,2026-05-03T16:38:30Z,596,False,small_vector,gharveymn/small_vector,git@github.com:gharveymn/small_vector.git,77
MDEwOlJlcG9zaXRvcnkzMjY1OTkxNzA=,2021-01-04T07:09:32Z,2026-04-26T12:16:35Z,2026-04-26T12:16:31Z,31,False,28c-prog,qiwenmin/28c-prog,git@github.com:qiwenmin/28c-prog.git,2
MDEwOlJlcG9zaXRvcnkzMjY1ODczNzM=,2021-01-04T06:12:13Z,2026-05-03T02:28:47Z,2026-05-03T02:28:44Z,286,False,SkyStar,keptan/SkyStar,git@github.com:keptan/SkyStar.git,0
MDEwOlJlcG9zaXRvcnkzMjY1Njk0NzQ=,2021-01-04T04:31:18Z,2026-04-25T04:06:41Z,2026-04-25T04:06:37Z,957,False,GFG,anirudhgupta03/GFG,git@github.com:anirudhgupta03/GFG.git,1
MDEwOlJlcG9zaXRvcnkzMjY1NTY0MDk=,2021-01-04T03:12:59Z,2026-05-03T23:47:31Z,2026-05-03T23:47:27Z,173647,False,SDE_Interview_Prep,sheilsarda/SDE_Interview_Prep,git@github.com:sheilsarda/SDE_Interview_Prep.git,0
MDEwOlJlcG9zaXRvcnkzMjY1Mjc3OTM=,2021-01-04T00:20:42Z,2026-03-01T19:22:48Z,2026-03-01T19:22:44Z,4,False,SDL-Mixer-Wrapper,WarranPenner/SDL-Mixer-Wrapper,git@github.com:WarranPenner/SDL-Mixer-Wrapper.git,0
MDEwOlJlcG9zaXRvcnkzMjY1MjQyMjk=,2021-01-03T23:52:56Z,2026-05-07T10:37:12Z,2026-05-06T12:03:01Z,20826,True,iaito,radareorg/iaito,git@github.com:radareorg/iaito.git,1611
MDEwOlJlcG9zaXRvcnkzMjY1MDMxMDk=,2021-01-03T21:22:08Z,2026-04-16T15:01:15Z,2026-04-16T15:01:07Z,16,False,vixen_arduino_ws2812,ncsbrandon/vixen_arduino_ws2812,git@github.com:ncsbrandon/vixen_arduino_ws2812.git,0
MDEwOlJlcG9zaXRvcnkzMjY0NDExODg=,2021-01-03T15:42:00Z,2026-05-06T20:49:43Z,2026-04-15T11:05:20Z,67916,True,OpenCat-Quadruped-Robot,PetoiCamp/OpenCat-Quadruped-Robot,git@github.com:PetoiCamp/OpenCat-Quadruped-Robot.git,4791
MDEwOlJlcG9zaXRvcnkzMjY0MTM1NTI=,2021-01-03T13:28:36Z,2026-04-04T03:58:44Z,2026-04-04T03:58:36Z,27103,False,ioccc-ja-spoilers,mame/ioccc-ja-spoilers,git@github.com:mame/ioccc-ja-spoilers.git,11
MDEwOlJlcG9zaXRvcnkzMjYzMzg0MzE=,2021-01-03T05:55:03Z,2026-04-19T15:15:40Z,2026-04-19T15:15:34Z,218354,False,coalsack,yoshou/coalsack,git@github.com:yoshou/coalsack.git,0
MDEwOlJlcG9zaXRvcnkzMjYzMjQ5MzY=,2021-01-03T04:12:40Z,2026-03-10T17:18:35Z,2026-03-10T17:18:30Z,250,False,VESCSmarterBrakes,readysetawesome/VESCSmarterBrakes,git@github.com:readysetawesome/VESCSmarterBrakes.git,2
MDEwOlJlcG9zaXRvcnkzMjYzMjQ4ODI=,2021-01-03T04:12:13Z,2026-05-04T15:58:32Z,2026-05-04T15:58:27Z,1055854,False,UntitledGameEngine,TheNumberYellow/UntitledGameEngine,git@github.com:TheNumberYellow/UntitledGameEngine.git,1
MDEwOlJlcG9zaXRvcnkzMjYyNzAwMzA=,2021-01-02T21:00:05Z,2026-04-11T22:11:09Z,2026-04-11T22:11:05Z,31,True,AlkUemAddit,AlkalineGames/AlkUemAddit,git@github.com:AlkalineGames/AlkUemAddit.git,1
MDEwOlJlcG9zaXRvcnkzMjYxODk5ODc=,2021-01-02T13:35:24Z,2026-04-23T14:38:41Z,2026-04-23T14:38:36Z,2547,False,tocata-pedal,numeroband/tocata-pedal,git@github.com:numeroband/tocata-pedal.git,0
MDEwOlJlcG9zaXRvcnkzMjYxNzcxODk=,2021-01-02T12:23:04Z,2026-05-06T18:03:37Z,2026-04-10T19:21:24Z,692,False,ESP32_AdBlocker,s60sc/ESP32_AdBlocker,git@github.com:s60sc/ESP32_AdBlocker.git,140
MDEwOlJlcG9zaXRvcnkzMjYxNzU0MzM=,2021-01-02T12:12:54Z,2026-03-24T17:01:48Z,2026-03-24T17:01:19Z,29,False,Tree,riad6723/Tree,git@github.com:riad6723/Tree.git,0
MDEwOlJlcG9zaXRvcnkzMjYxNTc2MDQ=,2021-01-02T10:23:13Z,2026-04-15T05:26:17Z,2026-04-20T09:34:13Z,2935,False,algo,kuhaku-space/algo,git@github.com:kuhaku-space/algo.git,0
MDEwOlJlcG9zaXRvcnkzMjYxNTY2NDg=,2021-01-02T10:17:02Z,2026-04-29T19:18:37Z,2026-04-29T19:20:50Z,23022,False,_CVSArduinoProjects,marioelvira/_CVSArduinoProjects,git@github.com:marioelvira/_CVSArduinoProjects.git,0
MDEwOlJlcG9zaXRvcnkzMjYxMDgwMTA=,2021-01-02T04:27:57Z,2026-03-14T09:09:15Z,2026-03-14T09:09:11Z,273,False,RaspberryPiMPU,TSKangetsu/RaspberryPiMPU,git@github.com:TSKangetsu/RaspberryPiMPU.git,0
MDEwOlJlcG9zaXRvcnkzMjYxMDU3MDA=,2021-01-02T04:09:03Z,2026-03-24T01:40:04Z,2026-03-24T01:41:54Z,31266,False,ldccr,paithiov909/ldccr,git@github.com:paithiov909/ldccr.git,1
MDEwOlJlcG9zaXRvcnkzMjU5OTYxNDA=,2021-01-01T14:38:59Z,2026-04-16T14:38:46Z,2026-04-16T14:38:33Z,55087,False,chromebase,WangTingMan/chromebase,git@github.com:WangTingMan/chromebase.git,27
MDEwOlJlcG9zaXRvcnkzMjU5NTkyNDI=,2021-01-01T10:38:41Z,2026-05-06T16:48:52Z,2026-05-06T16:48:48Z,1993,False,algorithm,dokyeonglee/algorithm,git@github.com:dokyeonglee/algorithm.git,0
MDEwOlJlcG9zaXRvcnkzMjU5MzcxNTQ=,2021-01-01T07:38:08Z,2026-04-25T06:39:47Z,2026-04-27T07:08:07Z,280211,False,Smartie-Sorter,pieterberg/Smartie-Sorter,git@github.com:pieterberg/Smartie-Sorter.git,1
MDEwOlJlcG9zaXRvcnkzMjU5MDcyNTM=,2021-01-01T02:52:03Z,2026-05-03T07:42:58Z,2026-05-03T07:42:54Z,341004,True,Mod,SynixeContractors/Mod,git@github.com:SynixeContractors/Mod.git,0
