id,createdAt,updatedAt,pushedAt,diskUsage,isInOrganization,name,nameWithOwner,sshUrl,stargazerCount
MDEwOlJlcG9zaXRvcnkxNjM2OTkyMTk=,2018-12-31T21:50:13Z,2026-05-07T10:06:48Z,2026-04-14T23:53:55Z,1883,True,webm-wasm,GoogleChromeLabs/webm-wasm,git@github.com:GoogleChromeLabs/webm-wasm.git,405
MDEwOlJlcG9zaXRvcnkxNjM2NzE5NTA=,2018-12-31T13:38:44Z,2026-05-07T03:17:02Z,2026-05-06T05:47:11Z,9721,True,video-compare,pixop/video-compare,git@github.com:pixop/video-compare.git,1613
MDEwOlJlcG9zaXRvcnkxNjM2NTEyNTc=,2018-12-31T08:10:19Z,2026-04-26T13:04:06Z,2026-04-26T13:04:01Z,4430,True,cpp-local_datagram,pqrs-org/cpp-local_datagram,git@github.com:pqrs-org/cpp-local_datagram.git,1
MDEwOlJlcG9zaXRvcnkxNjM2NDU3NTU=,2018-12-31T06:38:54Z,2026-03-28T10:01:27Z,2026-03-28T10:01:23Z,8276,True,IrisBuild,mixstudiotech/IrisBuild,git@github.com:mixstudiotech/IrisBuild.git,1
MDEwOlJlcG9zaXRvcnkxNjM2MzQ1NDE=,2018-12-31T03:04:49Z,2026-05-07T08:22:18Z,2026-05-01T07:20:25Z,119460,False,op,WallBreaker2/op,git@github.com:WallBreaker2/op.git,646
MDEwOlJlcG9zaXRvcnkxNjM2MDU5Njk=,2018-12-30T17:41:17Z,2026-03-07T12:21:54Z,2026-03-07T12:21:50Z,1334,False,marble_fx,seife/marble_fx,git@github.com:seife/marble_fx.git,6
MDEwOlJlcG9zaXRvcnkxNjM1OTA4NjU=,2018-12-30T13:51:07Z,2026-05-06T12:01:57Z,2026-05-06T12:01:53Z,5689,False,sonia-prime,apotocki/sonia-prime,git@github.com:apotocki/sonia-prime.git,1
MDEwOlJlcG9zaXRvcnkxNjM1Nzk5ODg=,2018-12-30T10:45:57Z,2026-04-26T13:05:51Z,2026-04-26T13:05:46Z,846,True,cpp-shell,pqrs-org/cpp-shell,git@github.com:pqrs-org/cpp-shell.git,0
MDEwOlJlcG9zaXRvcnkxNjM1NjU5MjQ=,2018-12-30T06:06:59Z,2026-04-26T13:05:34Z,2026-04-26T13:05:30Z,878,True,cpp-osx-session,pqrs-org/cpp-osx-session,git@github.com:pqrs-org/cpp-osx-session.git,1
MDEwOlJlcG9zaXRvcnkxNjM1NTQ4MDI=,2018-12-30T02:08:25Z,2026-04-26T09:31:30Z,2026-04-26T09:31:24Z,11951,True,BeamerPresenter,beamerpresenter/BeamerPresenter,git@github.com:beamerpresenter/BeamerPresenter.git,124
MDEwOlJlcG9zaXRvcnkxNjM1NTQxNjY=,2018-12-30T01:53:10Z,2026-04-23T21:38:24Z,2026-05-07T00:45:24Z,12940,True,uk-controller-plugin,VATSIM-UK/uk-controller-plugin,git@github.com:VATSIM-UK/uk-controller-plugin.git,26
MDEwOlJlcG9zaXRvcnkxNjM1NDkxODU=,2018-12-29T23:54:55Z,2026-04-26T03:26:15Z,2026-04-26T03:34:46Z,39956,False,libmcphase,mducle/libmcphase,git@github.com:mducle/libmcphase.git,0
MDEwOlJlcG9zaXRvcnkxNjM1MjczNTg=,2018-12-29T17:05:15Z,2026-05-04T19:02:31Z,2026-05-04T19:02:07Z,193698,True,corona,coronalabs/corona,git@github.com:coronalabs/corona.git,2817
MDEwOlJlcG9zaXRvcnkxNjM1MTc2NDQ=,2018-12-29T14:33:25Z,2026-04-26T13:04:21Z,2026-04-26T13:04:16Z,960,True,cpp-osx-codesign,pqrs-org/cpp-osx-codesign,git@github.com:pqrs-org/cpp-osx-codesign.git,2
MDEwOlJlcG9zaXRvcnkxNjM0NjI4ODQ=,2018-12-29T01:14:44Z,2026-05-03T15:48:06Z,2026-05-03T15:48:01Z,1618,False,shapefusion,treellama/shapefusion,git@github.com:treellama/shapefusion.git,6
MDEwOlJlcG9zaXRvcnkxNjM0NDQxMTQ=,2018-12-28T19:44:31Z,2026-03-25T20:45:12Z,2026-03-28T23:12:34Z,142194,False,firefly,protoman/firefly,git@github.com:protoman/firefly.git,0
MDEwOlJlcG9zaXRvcnkxNjM0Mjk3MDc=,2018-12-28T16:32:13Z,2026-05-07T11:05:05Z,2026-05-04T21:47:10Z,3518,False,boring32,yottaawesome/boring32,git@github.com:yottaawesome/boring32.git,24
MDEwOlJlcG9zaXRvcnkxNjM0MjcwMzg=,2018-12-28T15:59:44Z,2026-04-27T23:04:22Z,2026-04-22T17:38:13Z,3172,False,glight,aroffringa/glight,git@github.com:aroffringa/glight.git,57
MDEwOlJlcG9zaXRvcnkxNjM0MTk2OTI=,2018-12-28T14:36:55Z,2026-05-07T09:26:55Z,2026-04-13T09:41:24Z,13844,True,TitanEngine,x64dbg/TitanEngine,git@github.com:x64dbg/TitanEngine.git,479
MDEwOlJlcG9zaXRvcnkxNjMzOTI4NjQ=,2018-12-28T09:33:34Z,2026-04-11T13:57:16Z,2026-04-11T13:57:10Z,22823,False,Stib-Iot,kevinrigot/Stib-Iot,git@github.com:kevinrigot/Stib-Iot.git,0
MDEwOlJlcG9zaXRvcnkxNjMzNzUxMjI=,2018-12-28T06:33:16Z,2026-04-10T04:34:42Z,2026-04-10T04:34:13Z,267374,False,Programming_Contest,pulcherriman/Programming_Contest,git@github.com:pulcherriman/Programming_Contest.git,1
MDEwOlJlcG9zaXRvcnkxNjMzNjUxMzk=,2018-12-28T04:18:11Z,2026-03-02T22:22:00Z,2026-05-04T20:03:00Z,94,False,milkzmq,jaredmales/milkzmq,git@github.com:jaredmales/milkzmq.git,1
MDEwOlJlcG9zaXRvcnkxNjMzMTE0NzE=,2018-12-27T15:45:04Z,2026-05-05T03:03:25Z,2026-05-06T15:07:36Z,44683,True,zano,hyle-team/zano,git@github.com:hyle-team/zano.git,160
MDEwOlJlcG9zaXRvcnkxNjMyOTMzNzc=,2018-12-27T12:42:30Z,2026-05-06T19:22:58Z,2026-05-06T19:22:52Z,12552,False,Coevo2_model,borkowsk/Coevo2_model,git@github.com:borkowsk/Coevo2_model.git,3
MDEwOlJlcG9zaXRvcnkxNjMyMzM0MzU=,2018-12-27T01:41:41Z,2026-04-03T03:34:12Z,2026-04-03T03:34:09Z,77,False,ExcelFormat,dongbum/ExcelFormat,git@github.com:dongbum/ExcelFormat.git,1
MDEwOlJlcG9zaXRvcnkxNjMyMTM2ODg=,2018-12-26T20:04:09Z,2026-03-21T23:30:43Z,2026-03-21T23:30:39Z,127,False,oberonc,rvedam/oberonc,git@github.com:rvedam/oberonc.git,6
MDEwOlJlcG9zaXRvcnkxNjMyMDYyMDY=,2018-12-26T18:19:40Z,2026-04-23T18:53:51Z,2026-04-23T18:56:36Z,24242,False,AR488,Twilight-Logic/AR488,git@github.com:Twilight-Logic/AR488.git,281
MDEwOlJlcG9zaXRvcnkxNjMxOTgyOTg=,2018-12-26T16:28:44Z,2026-04-26T13:05:56Z,2026-04-26T13:05:51Z,1804,True,cpp-spdlog,pqrs-org/cpp-spdlog,git@github.com:pqrs-org/cpp-spdlog.git,1
MDEwOlJlcG9zaXRvcnkxNjMxNDk4MTU=,2018-12-26T07:21:58Z,2026-05-07T11:06:51Z,2026-05-07T11:06:47Z,1424,False,leetcode,skyran1278/leetcode,git@github.com:skyran1278/leetcode.git,0
MDEwOlJlcG9zaXRvcnkxNjMwNjkxNDY=,2018-12-25T09:38:58Z,2026-05-05T14:54:26Z,2026-05-05T14:51:37Z,33622,True,UnrealLink,JetBrains/UnrealLink,git@github.com:JetBrains/UnrealLink.git,153
MDEwOlJlcG9zaXRvcnkxNjI5ODExODg=,2018-12-24T10:55:18Z,2026-04-26T13:03:49Z,2026-04-26T13:03:45Z,843,True,cpp-environment_variable,pqrs-org/cpp-environment_variable,git@github.com:pqrs-org/cpp-environment_variable.git,0
MDEwOlJlcG9zaXRvcnkxNjI5NjEwNjY=,2018-12-24T07:04:12Z,2026-04-28T07:35:31Z,2026-03-30T08:25:51Z,6019,False,ti_lpc,BrerDawg/ti_lpc,git@github.com:BrerDawg/ti_lpc.git,28
MDEwOlJlcG9zaXRvcnkxNjI4Nzc5Mzc=,2018-12-23T09:28:44Z,2026-03-17T09:04:05Z,2026-03-17T09:08:36Z,30045,False,gn,cglogic/gn,git@github.com:cglogic/gn.git,3
MDEwOlJlcG9zaXRvcnkxNjI4NjgxOTY=,2018-12-23T06:34:12Z,2026-05-01T07:05:27Z,2026-05-01T07:05:23Z,12355,True,Dictionary-CPP,StarlangSoftware/Dictionary-CPP,git@github.com:StarlangSoftware/Dictionary-CPP.git,2
MDEwOlJlcG9zaXRvcnkxNjI4NDAwNTE=,2018-12-22T20:15:29Z,2026-03-29T17:31:10Z,2026-03-29T17:31:06Z,358,False,nsasm,vslashg/nsasm,git@github.com:vslashg/nsasm.git,5
MDEwOlJlcG9zaXRvcnkxNjI4MjAzNDQ=,2018-12-22T15:05:49Z,2026-03-15T14:42:55Z,2026-03-15T14:42:50Z,17914,False,gridgen,apisarski/gridgen,git@github.com:apisarski/gridgen.git,1
MDEwOlJlcG9zaXRvcnkxNjI3ODA4NzQ=,2018-12-22T04:18:18Z,2026-04-26T13:03:28Z,2026-04-26T13:03:24Z,817,True,cpp-cf-dictionary,pqrs-org/cpp-cf-dictionary,git@github.com:pqrs-org/cpp-cf-dictionary.git,1
MDEwOlJlcG9zaXRvcnkxNjI3Nzc2NDI=,2018-12-22T03:13:57Z,2026-05-01T21:47:53Z,2026-05-01T21:47:55Z,671044,True,EU4ToVic2,ParadoxGameConverters/EU4ToVic2,git@github.com:ParadoxGameConverters/EU4ToVic2.git,47
MDEwOlJlcG9zaXRvcnkxNjI3NzAxNDM=,2018-12-22T00:47:03Z,2026-03-29T08:35:11Z,2026-03-29T08:35:08Z,2895,False,CaptureStream,CSReviser/CaptureStream,git@github.com:CSReviser/CaptureStream.git,13
MDEwOlJlcG9zaXRvcnkxNjI3NjUyNjk=,2018-12-21T23:06:31Z,2026-05-05T04:17:53Z,2026-05-06T04:00:26Z,331036,True,StandardCyborgCocoa,StandardCyborg/StandardCyborgCocoa,git@github.com:StandardCyborg/StandardCyborgCocoa.git,172
MDEwOlJlcG9zaXRvcnkxNjI3NDQ5NDg=,2018-12-21T18:17:16Z,2026-03-25T20:10:03Z,2026-05-05T17:48:09Z,603,True,v2x-ros-driver,usdot-fhwa-stol/v2x-ros-driver,git@github.com:usdot-fhwa-stol/v2x-ros-driver.git,17
MDEwOlJlcG9zaXRvcnkxNjI3MzI5ODA=,2018-12-21T16:03:03Z,2026-03-11T22:16:24Z,2026-04-17T16:55:17Z,25250,True,carma-utils,usdot-fhwa-stol/carma-utils,git@github.com:usdot-fhwa-stol/carma-utils.git,2
MDEwOlJlcG9zaXRvcnkxNjI3MjE2MTU=,2018-12-21T14:11:37Z,2026-04-02T21:35:55Z,2026-04-02T21:36:37Z,1527,True,idg,kernsuite-debian/idg,git@github.com:kernsuite-debian/idg.git,0
MDEwOlJlcG9zaXRvcnkxNjI3MTU2NDY=,2018-12-21T13:11:10Z,2026-03-10T09:43:27Z,2026-03-05T00:13:05Z,624317,False,RIPSoftimage,benmalartre/RIPSoftimage,git@github.com:benmalartre/RIPSoftimage.git,1
MDEwOlJlcG9zaXRvcnkxNjI2OTg4ODk=,2018-12-21T10:08:44Z,2026-04-08T16:28:42Z,2026-04-09T10:07:19Z,400,True,python,dqrobotics/python,git@github.com:dqrobotics/python.git,31
MDEwOlJlcG9zaXRvcnkxNjI2OTc1MjE=,2018-12-21T09:56:39Z,2026-04-08T12:33:06Z,2026-04-08T12:33:02Z,1214,True,cpp,dqrobotics/cpp,git@github.com:dqrobotics/cpp.git,45
MDEwOlJlcG9zaXRvcnkxNjI2OTU1NzQ=,2018-12-21T09:38:58Z,2026-04-26T13:03:17Z,2026-04-26T13:03:14Z,822,True,cpp-cf-array,pqrs-org/cpp-cf-array,git@github.com:pqrs-org/cpp-cf-array.git,1
MDEwOlJlcG9zaXRvcnkxNjI2Njk4OTA=,2018-12-21T05:28:50Z,2026-04-26T13:04:22Z,2026-04-26T13:04:19Z,1286,True,cpp-osx-file_monitor,pqrs-org/cpp-osx-file_monitor,git@github.com:pqrs-org/cpp-osx-file_monitor.git,1
MDEwOlJlcG9zaXRvcnkxNjI2MTY2NTI=,2018-12-20T18:31:06Z,2026-05-06T16:47:31Z,2026-05-04T18:14:37Z,161501,True,MIVisionX,ROCm/MIVisionX,git@github.com:ROCm/MIVisionX.git,212
MDEwOlJlcG9zaXRvcnkxNjI2MTM4NTM=,2018-12-20T17:59:24Z,2026-05-06T19:14:22Z,2026-05-06T19:14:17Z,23666,False,primal,wyonker/primal,git@github.com:wyonker/primal.git,0
MDEwOlJlcG9zaXRvcnkxNjI2MTA3ODM=,2018-12-20T17:27:40Z,2026-05-07T02:34:04Z,2026-05-07T02:34:00Z,72922,False,RISE,aravindkrishnaswamy/RISE,git@github.com:aravindkrishnaswamy/RISE.git,1
MDEwOlJlcG9zaXRvcnkxNjI1ODgwNTA=,2018-12-20T14:09:05Z,2026-04-13T14:43:20Z,2026-04-13T14:45:39Z,1467,True,DataDistribution,AliceO2Group/DataDistribution,git@github.com:AliceO2Group/DataDistribution.git,2
MDEwOlJlcG9zaXRvcnkxNjI1NDk2ODg=,2018-12-20T08:31:04Z,2026-04-26T13:03:52Z,2026-04-26T13:03:47Z,813,True,cpp-filesystem,pqrs-org/cpp-filesystem,git@github.com:pqrs-org/cpp-filesystem.git,1
MDEwOlJlcG9zaXRvcnkxNjI1MjgxOTY=,2018-12-20T04:52:50Z,2026-05-03T02:16:11Z,2026-05-03T16:42:52Z,238,False,Config,jlindgren90/Config,git@github.com:jlindgren90/Config.git,1
MDEwOlJlcG9zaXRvcnkxNjI0NTkxNzE=,2018-12-19T15:51:15Z,2026-05-06T16:18:52Z,2026-05-06T16:18:47Z,2348,False,competitive-programming,kamarulaw/competitive-programming,git@github.com:kamarulaw/competitive-programming.git,0
MDEwOlJlcG9zaXRvcnkxNjI0NTM0NDE=,2018-12-19T15:04:27Z,2026-03-30T17:17:38Z,2026-03-30T17:17:32Z,1713,True,powerwall-tracking,UniStuttgart-VISUS/powerwall-tracking,git@github.com:UniStuttgart-VISUS/powerwall-tracking.git,0
MDEwOlJlcG9zaXRvcnkxNjI0NDYwMjM=,2018-12-19T14:05:33Z,2026-04-25T16:15:17Z,2026-05-06T23:55:25Z,75759,True,sphexa,sphexa-org/sphexa,git@github.com:sphexa-org/sphexa.git,104
MDEwOlJlcG9zaXRvcnkxNjI0NDAxMDA=,2018-12-19T13:18:41Z,2026-05-07T06:19:24Z,2026-05-03T00:20:06Z,89711,False,x-tools,x-tools-author/x-tools,git@github.com:x-tools-author/x-tools.git,973
MDEwOlJlcG9zaXRvcnkxNjI0MjcyMTI=,2018-12-19T11:22:06Z,2026-04-07T12:18:58Z,2026-04-07T12:18:50Z,95158,False,nos,mirmik/nos,git@github.com:mirmik/nos.git,0
MDEwOlJlcG9zaXRvcnkxNjI0MjAxMzQ=,2018-12-19T10:16:30Z,2026-05-05T13:22:08Z,2026-05-05T13:19:29Z,186082,False,M9Lab,M9lab/M9Lab,git@github.com:M9lab/M9Lab.git,2
MDEwOlJlcG9zaXRvcnkxNjIzOTk0MDA=,2018-12-19T07:30:06Z,2026-04-20T15:55:47Z,2026-04-20T16:13:13Z,72225,True,tvm,jrl-umi3218/tvm,git@github.com:jrl-umi3218/tvm.git,28
MDEwOlJlcG9zaXRvcnkxNjIzOTQ2OTI=,2018-12-19T06:47:21Z,2026-04-19T09:42:56Z,2026-04-19T09:42:52Z,50864,False,pyTheiaSfM,urbste/pyTheiaSfM,git@github.com:urbste/pyTheiaSfM.git,78
MDEwOlJlcG9zaXRvcnkxNjIzNzU4Mjg=,2018-12-19T03:07:34Z,2026-03-24T08:58:10Z,2026-03-24T08:58:06Z,1058,False,common_tools,834577225/common_tools,git@github.com:834577225/common_tools.git,0
MDEwOlJlcG9zaXRvcnkxNjIzNTA5MzA=,2018-12-18T22:09:22Z,2026-04-24T20:41:33Z,2026-04-24T20:41:25Z,8334,False,public,captainys/public,git@github.com:captainys/public.git,40
MDEwOlJlcG9zaXRvcnkxNjIzMDU5NjA=,2018-12-18T15:09:56Z,2026-04-26T11:38:06Z,2026-04-26T11:38:02Z,2621,False,DirectComputeRayTracing,YaoTiancheng/DirectComputeRayTracing,git@github.com:YaoTiancheng/DirectComputeRayTracing.git,17
MDEwOlJlcG9zaXRvcnkxNjIxODYzNDc=,2018-12-17T20:30:39Z,2026-05-01T18:58:52Z,2026-05-01T18:58:47Z,66448,False,PHiLiP,dougshidong/PHiLiP,git@github.com:dougshidong/PHiLiP.git,55
MDEwOlJlcG9zaXRvcnkxNjIxODQ3Nzk=,2018-12-17T20:15:33Z,2026-03-17T06:19:28Z,2026-03-14T21:20:30Z,14766,True,PrimeWorldEditor,AxioDL/PrimeWorldEditor,git@github.com:AxioDL/PrimeWorldEditor.git,96
MDEwOlJlcG9zaXRvcnkxNjIxNzgwNjY=,2018-12-17T19:12:58Z,2026-05-06T08:28:16Z,2026-05-06T08:28:12Z,62225,False,ymse,rkarlsba/ymse,git@github.com:rkarlsba/ymse.git,1
MDEwOlJlcG9zaXRvcnkxNjIxNzU2ODI=,2018-12-17T18:50:36Z,2026-03-01T13:25:27Z,2026-03-01T13:25:24Z,585,False,TP-Final-INF492,Guttardo/TP-Final-INF492,git@github.com:Guttardo/TP-Final-INF492.git,0
MDEwOlJlcG9zaXRvcnkxNjIwODY3ODY=,2018-12-17T06:47:36Z,2026-03-27T12:49:00Z,2026-03-27T12:48:56Z,2762,False,Physics2D,JH-BK/Physics2D,git@github.com:JH-BK/Physics2D.git,2
MDEwOlJlcG9zaXRvcnkxNjIwMzU4ODg=,2018-12-16T19:56:59Z,2026-04-30T07:28:44Z,2026-03-24T18:43:18Z,154,False,ArduinoOTA,JAndrassy/ArduinoOTA,git@github.com:JAndrassy/ArduinoOTA.git,525
MDEwOlJlcG9zaXRvcnkxNjIwMDg3NDE=,2018-12-16T14:23:30Z,2026-03-30T17:28:26Z,2026-03-30T17:28:22Z,12,False,sem3lab0-1,Klansik/sem3lab0-1,git@github.com:Klansik/sem3lab0-1.git,0
MDEwOlJlcG9zaXRvcnkxNjE5ODc2MzI=,2018-12-16T09:53:47Z,2026-04-25T00:49:24Z,2026-04-25T00:49:21Z,342,True,kookbook,KDE/kookbook,git@github.com:KDE/kookbook.git,17
MDEwOlJlcG9zaXRvcnkxNjE5NzgwMjA=,2018-12-16T07:26:39Z,2026-03-09T16:14:02Z,2026-03-09T16:13:58Z,21,False,parallel_sort,Omnifarious/parallel_sort,git@github.com:Omnifarious/parallel_sort.git,0
MDEwOlJlcG9zaXRvcnkxNjE5NzQxMjk=,2018-12-16T06:24:34Z,2026-04-26T20:01:51Z,2026-03-15T20:40:47Z,2223,True,Hmm-CPP,StarlangSoftware/Hmm-CPP,git@github.com:StarlangSoftware/Hmm-CPP.git,3
MDEwOlJlcG9zaXRvcnkxNjE5NTA1NzI=,2018-12-15T23:02:37Z,2026-04-30T09:49:34Z,2026-04-09T12:12:57Z,2380,True,dbus-cxx,dbus-cxx/dbus-cxx,git@github.com:dbus-cxx/dbus-cxx.git,103
MDEwOlJlcG9zaXRvcnkxNjE5NDg0MDI=,2018-12-15T22:23:54Z,2026-05-06T21:12:35Z,2026-05-06T21:12:31Z,1236,False,AlgoLib_CPlusPlus,ref-humbold/AlgoLib_CPlusPlus,git@github.com:ref-humbold/AlgoLib_CPlusPlus.git,0
MDEwOlJlcG9zaXRvcnkxNjE5NDQwODI=,2018-12-15T21:11:26Z,2026-03-15T08:46:03Z,2026-03-15T08:46:00Z,44,False,cppgraph,6502/cppgraph,git@github.com:6502/cppgraph.git,22
MDEwOlJlcG9zaXRvcnkxNjE4NDg2ODM=,2018-12-14T22:51:53Z,2026-04-16T22:21:37Z,2026-04-16T22:21:33Z,366926,False,cardiovascular,ktbolt/cardiovascular,git@github.com:ktbolt/cardiovascular.git,17
MDEwOlJlcG9zaXRvcnkxNjE4Mzk4NzU=,2018-12-14T20:59:59Z,2026-05-06T13:59:42Z,2026-05-06T19:23:27Z,1241,False,specs2016,yoavnir/specs2016,git@github.com:yoavnir/specs2016.git,1
MDEwOlJlcG9zaXRvcnkxNjE4Mzk3NzE=,2018-12-14T20:58:45Z,2026-05-06T22:33:45Z,2026-04-28T20:42:20Z,6611,False,QtAndroidTools,FalsinSoft/QtAndroidTools,git@github.com:FalsinSoft/QtAndroidTools.git,293
MDEwOlJlcG9zaXRvcnkxNjE4MzY1NTg=,2018-12-14T20:22:43Z,2026-05-05T14:51:11Z,2026-05-05T14:46:02Z,22216,False,GPU-Playground,artyomd/GPU-Playground,git@github.com:artyomd/GPU-Playground.git,1
MDEwOlJlcG9zaXRvcnkxNjE3OTU5NDQ=,2018-12-14T14:34:29Z,2026-04-19T12:51:18Z,2026-04-21T13:00:17Z,92747,True,taurion_gsp,xaya/taurion_gsp,git@github.com:xaya/taurion_gsp.git,20
MDEwOlJlcG9zaXRvcnkxNjE3ODIzNzM=,2018-12-14T12:34:41Z,2026-03-27T07:52:34Z,2026-03-27T07:52:18Z,8362,False,sock_connect,DGolgovsky/sock_connect,git@github.com:DGolgovsky/sock_connect.git,8
MDEwOlJlcG9zaXRvcnkxNjE3NTM0NzM=,2018-12-14T08:17:22Z,2026-03-10T07:50:22Z,2026-03-10T07:50:19Z,19782,False,nmos,martim01/nmos,git@github.com:martim01/nmos.git,8
MDEwOlJlcG9zaXRvcnkxNjE3NDc5ODA=,2018-12-14T07:29:02Z,2026-04-22T18:10:32Z,2026-05-01T22:27:37Z,54368,False,donner,jwmcglynn/donner,git@github.com:jwmcglynn/donner.git,29
MDEwOlJlcG9zaXRvcnkxNjE2Nzg1NjA=,2018-12-13T18:20:30Z,2026-04-14T18:14:12Z,2026-03-22T16:21:39Z,22151,False,AmeisenNavigation,Jnnshschl/AmeisenNavigation,git@github.com:Jnnshschl/AmeisenNavigation.git,86
MDEwOlJlcG9zaXRvcnkxNjE2Nzc0NTY=,2018-12-13T18:10:29Z,2026-03-20T05:57:14Z,2026-03-20T05:57:10Z,4312,True,android_device_razer_cheryl,LineageOS/android_device_razer_cheryl,git@github.com:LineageOS/android_device_razer_cheryl.git,11
MDEwOlJlcG9zaXRvcnkxNjE2Njg5Njc=,2018-12-13T16:54:54Z,2026-04-30T02:31:50Z,2026-04-14T21:27:09Z,61566,False,xffm,edscott/xffm,git@github.com:edscott/xffm.git,2
MDEwOlJlcG9zaXRvcnkxNjE2MzU2OTY=,2018-12-13T12:25:36Z,2026-04-03T20:51:48Z,2026-04-03T20:55:04Z,39822,False,nixie-clock,microfarad-de/nixie-clock,git@github.com:microfarad-de/nixie-clock.git,2
MDEwOlJlcG9zaXRvcnkxNjE2MjAxMDQ=,2018-12-13T10:06:21Z,2026-05-07T04:30:15Z,2026-05-07T04:04:29Z,22526,True,NovelRT,novelrt/NovelRT,git@github.com:novelrt/NovelRT.git,207
MDEwOlJlcG9zaXRvcnkxNjE1MTY0Mjk=,2018-12-12T16:37:23Z,2026-04-25T09:14:30Z,2026-04-30T08:46:36Z,3970,True,uvmm,kernkonzept/uvmm,git@github.com:kernkonzept/uvmm.git,36
MDEwOlJlcG9zaXRvcnkxNjE1MTYwMTY=,2018-12-12T16:34:24Z,2026-04-24T10:50:54Z,2026-04-24T10:50:49Z,325,True,l4virtio,kernkonzept/l4virtio,git@github.com:kernkonzept/l4virtio.git,3
MDEwOlJlcG9zaXRvcnkxNjE1MTU4Mjg=,2018-12-12T16:32:47Z,2026-04-24T10:50:48Z,2026-04-24T10:50:43Z,2179,True,io,kernkonzept/io,git@github.com:kernkonzept/io.git,4
MDEwOlJlcG9zaXRvcnkxNjE0NDQ3MDU=,2018-12-12T06:46:11Z,2026-05-06T15:23:02Z,2026-04-20T17:30:22Z,42659,True,pcsx-redux,grumpycoders/pcsx-redux,git@github.com:grumpycoders/pcsx-redux.git,926
MDEwOlJlcG9zaXRvcnkxNjE0MDUzNDE=,2018-12-11T23:10:21Z,2026-03-30T22:19:09Z,2026-03-30T22:19:05Z,339,False,AVR,jkunkle/AVR,git@github.com:jkunkle/AVR.git,0
MDEwOlJlcG9zaXRvcnkxNjEzOTkyNTU=,2018-12-11T22:00:39Z,2026-04-26T08:54:07Z,2026-03-31T15:38:12Z,23878,True,vroom,tidyverse/vroom,git@github.com:tidyverse/vroom.git,641
MDEwOlJlcG9zaXRvcnkxNjEzOTg0NzM=,2018-12-11T21:52:49Z,2026-05-07T08:30:47Z,2026-05-07T08:30:42Z,144,False,homestuff,koszoaron/homestuff,git@github.com:koszoaron/homestuff.git,0
MDEwOlJlcG9zaXRvcnkxNjEzNzc5NzI=,2018-12-11T18:41:27Z,2026-04-07T21:49:02Z,2026-04-07T21:48:58Z,8489,True,TT_Samples,tradingtechnologies/TT_Samples,git@github.com:tradingtechnologies/TT_Samples.git,44
MDEwOlJlcG9zaXRvcnkxNjEzMzUzNDk=,2018-12-11T13:07:48Z,2026-05-07T06:41:08Z,2026-04-29T12:36:23Z,37190,False,CPP-3D-Game-Tutorial-Series,PardCode/CPP-3D-Game-Tutorial-Series,git@github.com:PardCode/CPP-3D-Game-Tutorial-Series.git,1098
MDEwOlJlcG9zaXRvcnkxNjEyODk5NjE=,2018-12-11T06:49:45Z,2026-04-23T07:28:43Z,2026-04-23T07:37:03Z,438,True,chmpx_nodejs,yahoojapan/chmpx_nodejs,git@github.com:yahoojapan/chmpx_nodejs.git,6
MDEwOlJlcG9zaXRvcnkxNjEyNzkzNjQ=,2018-12-11T04:57:32Z,2026-05-05T14:59:40Z,2026-04-13T18:15:59Z,1783741,True,taraxa-node,Taraxa-project/taraxa-node,git@github.com:Taraxa-project/taraxa-node.git,49
MDEwOlJlcG9zaXRvcnkxNjEyNzgyNDg=,2018-12-11T04:42:46Z,2026-05-01T01:12:16Z,2026-05-01T01:12:11Z,25995,True,odgi,pangenome/odgi,git@github.com:pangenome/odgi.git,243
MDEwOlJlcG9zaXRvcnkxNjEyMjg2Mzk=,2018-12-10T19:52:30Z,2026-05-06T18:34:16Z,2026-05-06T18:34:12Z,62341,True,eccodes,ecmwf/eccodes,git@github.com:ecmwf/eccodes.git,255
MDEwOlJlcG9zaXRvcnkxNjEyMjcxNjM=,2018-12-10T19:38:41Z,2026-05-04T19:27:34Z,2026-03-03T22:21:18Z,63253,False,OpenLogReplicator,bersler/OpenLogReplicator,git@github.com:bersler/OpenLogReplicator.git,367
MDEwOlJlcG9zaXRvcnkxNjEyMjA2MjQ=,2018-12-10T18:44:44Z,2026-03-16T05:22:00Z,2026-03-16T05:22:05Z,107,True,MKRIMU,arduino-libraries/MKRIMU,git@github.com:arduino-libraries/MKRIMU.git,3
MDEwOlJlcG9zaXRvcnkxNjEyMTg0MzM=,2018-12-10T18:25:40Z,2026-05-06T08:08:55Z,2026-05-06T11:44:29Z,1317242,True,tudatpy,tudat-team/tudatpy,git@github.com:tudat-team/tudatpy.git,78
MDEwOlJlcG9zaXRvcnkxNjEyMTU5Nzk=,2018-12-10T18:03:25Z,2026-04-26T22:18:58Z,2026-03-17T16:03:28Z,5356,True,openSeaChest_LogParser,Seagate/openSeaChest_LogParser,git@github.com:Seagate/openSeaChest_LogParser.git,22
MDEwOlJlcG9zaXRvcnkxNjEyMTMwMzY=,2018-12-10T17:39:20Z,2026-03-27T13:28:43Z,2026-03-23T18:26:31Z,2319,True,opensea-parser,Seagate/opensea-parser,git@github.com:Seagate/opensea-parser.git,6
MDEwOlJlcG9zaXRvcnkxNjEyMTI2MjE=,2018-12-10T17:36:12Z,2026-04-08T05:51:48Z,2026-04-08T05:51:43Z,730,True,libjson,Seagate/libjson,git@github.com:Seagate/libjson.git,1
MDEwOlJlcG9zaXRvcnkxNjEyMDQ2ODc=,2018-12-10T16:34:42Z,2026-03-06T21:40:30Z,2026-03-06T21:40:26Z,686,False,ArduinoAQI,grotter/ArduinoAQI,git@github.com:grotter/ArduinoAQI.git,5
MDEwOlJlcG9zaXRvcnkxNjExOTI1ODc=,2018-12-10T15:06:23Z,2026-04-22T10:00:03Z,2026-04-17T15:53:13Z,61208,True,gsElasticity,gismo/gsElasticity,git@github.com:gismo/gsElasticity.git,16
MDEwOlJlcG9zaXRvcnkxNjExODY3MTk=,2018-12-10T14:23:31Z,2026-05-03T13:23:13Z,2026-03-08T21:44:08Z,11892,True,Fedora-Remix-for-WSL,WhitewaterFoundry/Fedora-Remix-for-WSL,git@github.com:WhitewaterFoundry/Fedora-Remix-for-WSL.git,808
MDEwOlJlcG9zaXRvcnkxNjExNjM0NTA=,2018-12-10T11:20:39Z,2026-05-05T15:11:50Z,2026-05-05T15:10:23Z,5462,True,act,asyncvlsi/act,git@github.com:asyncvlsi/act.git,127
MDEwOlJlcG9zaXRvcnkxNjExNTY1NDQ=,2018-12-10T10:20:51Z,2026-05-05T21:51:35Z,2026-04-24T01:51:38Z,460,True,plasma-pass,KDE/plasma-pass,git@github.com:KDE/plasma-pass.git,33
MDEwOlJlcG9zaXRvcnkxNjExMzM3MTI=,2018-12-10T07:19:45Z,2026-03-03T03:50:53Z,2026-03-03T03:50:43Z,1593517,False,GameDevelopToolkit,BlueCoderLXH/GameDevelopToolkit,git@github.com:BlueCoderLXH/GameDevelopToolkit.git,31
MDEwOlJlcG9zaXRvcnkxNjExMjYzOTI=,2018-12-10T06:15:50Z,2026-04-28T13:38:19Z,2026-04-28T13:38:04Z,371,False,temp,franktea/temp,git@github.com:franktea/temp.git,24
MDEwOlJlcG9zaXRvcnkxNjEwOTIxNzM=,2018-12-09T23:44:13Z,2026-05-03T16:14:38Z,2026-03-31T00:16:12Z,64381,False,DeepC,charlesangus/DeepC,git@github.com:charlesangus/DeepC.git,117
MDEwOlJlcG9zaXRvcnkxNjEwNTMyMzc=,2018-12-09T15:27:35Z,2026-05-03T07:15:02Z,2026-05-05T11:44:26Z,262069,True,OpenHD,OpenHD/OpenHD,git@github.com:OpenHD/OpenHD.git,2344
MDEwOlJlcG9zaXRvcnkxNjEwNDY0Njk=,2018-12-09T14:14:40Z,2026-04-21T11:35:40Z,2026-04-21T11:35:36Z,320,True,parglm,cran/parglm,git@github.com:cran/parglm.git,0
MDEwOlJlcG9zaXRvcnkxNjEwMjQ3MDM=,2018-12-09T09:39:53Z,2026-05-06T19:10:18Z,2026-05-06T19:10:14Z,15956,False,PlotXY_OpenSource,max-privato/PlotXY_OpenSource,git@github.com:max-privato/PlotXY_OpenSource.git,10
MDEwOlJlcG9zaXRvcnkxNjEwMDI5MDM=,2018-12-09T04:08:48Z,2026-03-16T05:53:14Z,2026-03-05T00:15:11Z,441,True,LibCommon,AxioDL/LibCommon,git@github.com:AxioDL/LibCommon.git,5
MDEwOlJlcG9zaXRvcnkxNjA5ODg0Njk=,2018-12-08T23:43:13Z,2026-05-06T21:22:06Z,2026-04-29T16:18:51Z,287151,True,flexflow-train,flexflow/flexflow-train,git@github.com:flexflow/flexflow-train.git,1878
MDEwOlJlcG9zaXRvcnkxNjA5ODgxNTQ=,2018-12-08T23:37:24Z,2026-04-28T13:10:47Z,2026-04-28T13:10:27Z,623411,True,Vic2ToHoI4,ParadoxGameConverters/Vic2ToHoI4,git@github.com:ParadoxGameConverters/Vic2ToHoI4.git,29
MDEwOlJlcG9zaXRvcnkxNjA5ODc1NzM=,2018-12-08T23:27:12Z,2026-05-07T07:28:21Z,2026-05-07T07:28:17Z,18531,False,MSign,mincrmatt12/MSign,git@github.com:mincrmatt12/MSign.git,11
MDEwOlJlcG9zaXRvcnkxNjA5NjIxMzM=,2018-12-08T17:23:52Z,2026-04-10T21:13:41Z,2026-04-10T21:13:36Z,138,False,MyPad,dbarshan/MyPad,git@github.com:dbarshan/MyPad.git,0
MDEwOlJlcG9zaXRvcnkxNjA5NTUzOTA=,2018-12-08T16:05:53Z,2026-03-24T16:58:47Z,2026-03-24T16:58:40Z,6454,False,ice,OWeh55/ice,git@github.com:OWeh55/ice.git,2
MDEwOlJlcG9zaXRvcnkxNjA5NDk4Nzk=,2018-12-08T15:00:59Z,2026-05-04T12:22:43Z,2026-05-04T12:22:38Z,299796,True,nakama-cpp,heroiclabs/nakama-cpp,git@github.com:heroiclabs/nakama-cpp.git,88
MDEwOlJlcG9zaXRvcnkxNjA5NDQyNDg=,2018-12-08T13:56:13Z,2026-04-28T14:39:04Z,2026-03-24T10:16:43Z,45073,True,Higra,higra/Higra,git@github.com:higra/Higra.git,112
MDEwOlJlcG9zaXRvcnkxNjA5MzU2NjY=,2018-12-08T12:11:45Z,2026-04-27T00:13:13Z,2026-04-27T00:13:09Z,1850,False,chessdb,noobpwnftw/chessdb,git@github.com:noobpwnftw/chessdb.git,74
MDEwOlJlcG9zaXRvcnkxNjA5MjM1MTg=,2018-12-08T09:23:06Z,2026-05-05T07:18:57Z,2026-05-05T07:18:53Z,1175,False,NineChess,liuweilhy/NineChess,git@github.com:liuweilhy/NineChess.git,13
MDEwOlJlcG9zaXRvcnkxNjA3NjIyMTU=,2018-12-07T02:52:30Z,2026-04-08T19:30:08Z,2026-03-18T08:29:11Z,122,True,ReButtonApp,SeeedJP/ReButtonApp,git@github.com:SeeedJP/ReButtonApp.git,14
MDEwOlJlcG9zaXRvcnkxNjA3Mzk4Mjc=,2018-12-06T22:22:19Z,2026-04-22T15:40:44Z,2026-05-04T14:26:05Z,4544,False,OpenJDKEclipseProjs,reinrich/OpenJDKEclipseProjs,git@github.com:reinrich/OpenJDKEclipseProjs.git,1
MDEwOlJlcG9zaXRvcnkxNjA3Mjk3OTE=,2018-12-06T20:44:26Z,2026-03-25T13:13:25Z,2026-03-25T13:13:19Z,142,False,Clock,pfory/Clock,git@github.com:pfory/Clock.git,0
MDEwOlJlcG9zaXRvcnkxNjA3MDQxMzY=,2018-12-06T16:47:58Z,2026-04-08T20:02:10Z,2026-03-11T13:06:24Z,2895,True,envoy-gloo,solo-io/envoy-gloo,git@github.com:solo-io/envoy-gloo.git,28
MDEwOlJlcG9zaXRvcnkxNjA3MDM5ODg=,2018-12-06T16:46:42Z,2026-03-27T12:00:17Z,2026-03-27T11:59:53Z,44048,True,ArduinoEinstieg,LiaPlayground/ArduinoEinstieg,git@github.com:LiaPlayground/ArduinoEinstieg.git,0
MDEwOlJlcG9zaXRvcnkxNjA2NTA1Njc=,2018-12-06T09:24:57Z,2026-04-28T11:57:47Z,2026-05-04T21:27:12Z,181,False,CppVideoStreamer,cbachhuber/CppVideoStreamer,git@github.com:cbachhuber/CppVideoStreamer.git,18
MDEwOlJlcG9zaXRvcnkxNjA2NDEzNjA=,2018-12-06T08:11:59Z,2026-03-11T07:11:30Z,2026-03-11T07:11:24Z,1335,False,CppKid,AlohaWorld/CppKid,git@github.com:AlohaWorld/CppKid.git,98
MDEwOlJlcG9zaXRvcnkxNjA2MzkyMjQ=,2018-12-06T07:53:40Z,2026-04-29T06:12:00Z,2026-04-29T06:11:56Z,6194,True,deepin-screensaver,linuxdeepin/deepin-screensaver,git@github.com:linuxdeepin/deepin-screensaver.git,14
MDEwOlJlcG9zaXRvcnkxNjA1NDgxMTE=,2018-12-05T16:37:26Z,2026-05-06T11:38:43Z,2026-05-07T09:34:13Z,10124,True,evmone,ipsilon/evmone,git@github.com:ipsilon/evmone.git,974
MDEwOlJlcG9zaXRvcnkxNjA1NDIwNzE=,2018-12-05T15:52:10Z,2026-04-07T09:59:25Z,2026-04-07T09:59:18Z,75815,True,SED-EEW-SeisComP-contributions,SED-EEW/SED-EEW-SeisComP-contributions,git@github.com:SED-EEW/SED-EEW-SeisComP-contributions.git,11
MDEwOlJlcG9zaXRvcnkxNjA1Mzg3NTM=,2018-12-05T15:28:12Z,2026-04-17T04:15:31Z,2026-04-17T04:15:26Z,163561,False,TestHelperPlugin,diamonds2000/TestHelperPlugin,git@github.com:diamonds2000/TestHelperPlugin.git,0
MDEwOlJlcG9zaXRvcnkxNjA1MjgxMDA=,2018-12-05T14:11:21Z,2026-04-30T15:31:59Z,2026-04-30T15:31:59Z,6956,True,SYCL-CTS,KhronosGroup/SYCL-CTS,git@github.com:KhronosGroup/SYCL-CTS.git,72
MDEwOlJlcG9zaXRvcnkxNjA1MTc2MTg=,2018-12-05T12:50:32Z,2026-03-01T15:49:04Z,2026-03-01T15:49:00Z,1378,False,010-Editor-Templates,tge-was-taken/010-Editor-Templates,git@github.com:tge-was-taken/010-Editor-Templates.git,53
MDEwOlJlcG9zaXRvcnkxNjA0NTM0OTY=,2018-12-05T03:13:32Z,2026-05-06T17:03:41Z,2026-05-06T17:03:38Z,7400,True,rmm,rapidsai/rmm,git@github.com:rapidsai/rmm.git,694
MDEwOlJlcG9zaXRvcnkxNjA0MzA3NDA=,2018-12-04T23:12:16Z,2026-05-03T11:04:59Z,2026-05-02T22:15:36Z,1048,False,clownlzss,Clownacy/clownlzss,git@github.com:Clownacy/clownlzss.git,32
MDEwOlJlcG9zaXRvcnkxNjA0MjcxMTU=,2018-12-04T22:30:50Z,2026-03-04T16:43:56Z,2026-03-04T16:42:39Z,155,True,paraglob,zeek/paraglob,git@github.com:zeek/paraglob.git,35
MDEwOlJlcG9zaXRvcnkxNjA0MTQzOTc=,2018-12-04T20:24:01Z,2026-05-05T14:34:05Z,2026-05-05T14:29:11Z,498509,True,fgp-metadata-proxy,federal-geospatial-platform/fgp-metadata-proxy,git@github.com:federal-geospatial-platform/fgp-metadata-proxy.git,6
MDEwOlJlcG9zaXRvcnkxNjAzOTk3ODM=,2018-12-04T18:14:22Z,2026-04-21T01:48:06Z,2026-04-11T21:14:16Z,4538,False,xenoeye,vmxdev/xenoeye,git@github.com:vmxdev/xenoeye.git,135
MDEwOlJlcG9zaXRvcnkxNjAzNTM4MTA=,2018-12-04T12:26:37Z,2026-04-27T20:19:59Z,2026-04-25T21:23:54Z,87841,True,RoFI,paradise-fi/RoFI,git@github.com:paradise-fi/RoFI.git,42
MDEwOlJlcG9zaXRvcnkxNjAzMTk5Mjc=,2018-12-04T07:56:12Z,2026-04-19T15:14:55Z,2026-04-19T15:14:51Z,4699,True,arduino-rfid-MFRC522,playfultechnology/arduino-rfid-MFRC522,git@github.com:playfultechnology/arduino-rfid-MFRC522.git,7
MDEwOlJlcG9zaXRvcnkxNjAyOTc1MzY=,2018-12-04T04:37:25Z,2026-04-07T05:49:00Z,2026-04-07T05:48:55Z,1020,True,commonItems,ParadoxGameConverters/commonItems,git@github.com:ParadoxGameConverters/commonItems.git,6
MDEwOlJlcG9zaXRvcnkxNjAyOTMyMTE=,2018-12-04T03:48:04Z,2026-05-07T03:09:03Z,2026-05-07T03:09:00Z,2784,False,PractRand-With-Junk,tommyettinger/PractRand-With-Junk,git@github.com:tommyettinger/PractRand-With-Junk.git,2
MDEwOlJlcG9zaXRvcnkxNjAyOTAwNzU=,2018-12-04T03:20:31Z,2026-05-02T09:41:55Z,2026-05-02T09:41:50Z,924,True,sharksfin,project-tsurugi/sharksfin,git@github.com:project-tsurugi/sharksfin.git,2
MDEwOlJlcG9zaXRvcnkxNjAyMzA3MjU=,2018-12-03T17:45:09Z,2026-04-01T16:31:07Z,2026-04-01T16:31:01Z,33968,True,ntEdit,BirolLab/ntEdit,git@github.com:BirolLab/ntEdit.git,73
MDEwOlJlcG9zaXRvcnkxNjAyMjcyNjU=,2018-12-03T17:16:26Z,2026-03-14T03:45:32Z,2026-03-14T03:45:28Z,4772,False,cp,stprvn/cp,git@github.com:stprvn/cp.git,1
MDEwOlJlcG9zaXRvcnkxNjAyMjYzNjQ=,2018-12-03T17:09:10Z,2026-05-06T21:01:32Z,2026-05-06T21:01:29Z,4315,True,message_filters,fkie/message_filters,git@github.com:fkie/message_filters.git,29
MDEwOlJlcG9zaXRvcnkxNjAyMTc2NTI=,2018-12-03T16:04:11Z,2026-04-29T18:11:21Z,2026-04-28T21:01:55Z,5180,True,stempy,OpenChemistry/stempy,git@github.com:OpenChemistry/stempy.git,26
MDEwOlJlcG9zaXRvcnkxNjAyMDY1NjI=,2018-12-03T14:47:26Z,2026-03-15T19:33:54Z,2026-05-03T16:30:05Z,3067,False,ExpertAdvisor,vpredoehl/ExpertAdvisor,git@github.com:vpredoehl/ExpertAdvisor.git,0
MDEwOlJlcG9zaXRvcnkxNjAxMjE3NDA=,2018-12-03T02:35:09Z,2026-04-29T13:34:53Z,2026-03-07T03:45:25Z,522,False,wlx-markdown-viewer,rg-software/wlx-markdown-viewer,git@github.com:rg-software/wlx-markdown-viewer.git,80
MDEwOlJlcG9zaXRvcnkxNjAwODM3OTU=,2018-12-02T19:28:41Z,2026-05-07T10:09:43Z,2026-05-06T08:46:02Z,240892,True,serenity,SerenityOS/serenity,git@github.com:SerenityOS/serenity.git,33136
MDEwOlJlcG9zaXRvcnkxNTk5ODY3MTc=,2018-12-01T20:59:29Z,2026-05-01T23:41:38Z,2026-05-01T23:41:34Z,31239,False,lhs,bertcarnell/lhs,git@github.com:bertcarnell/lhs.git,51
MDEwOlJlcG9zaXRvcnkxNTk5NjgzMjk=,2018-12-01T17:13:27Z,2026-04-11T13:50:06Z,2026-04-11T13:50:01Z,94,False,eeprog,tobier/eeprog,git@github.com:tobier/eeprog.git,0
MDEwOlJlcG9zaXRvcnkxNTk5NDUxMjY=,2018-12-01T13:03:00Z,2026-05-07T09:10:55Z,2026-05-07T10:19:36Z,191691,False,Morserino-32,oe1wkl/Morserino-32,git@github.com:oe1wkl/Morserino-32.git,316
MDEwOlJlcG9zaXRvcnkxNTk5NDIzMzM=,2018-12-01T12:28:25Z,2026-04-14T07:05:10Z,2026-04-14T07:05:12Z,483,False,adventofcode,evroon/adventofcode,git@github.com:evroon/adventofcode.git,2
MDEwOlJlcG9zaXRvcnkxNTk5MzczMzQ=,2018-12-01T11:22:31Z,2026-04-25T09:18:14Z,2026-04-25T09:18:09Z,746,False,canopy2,hildebra/canopy2,git@github.com:hildebra/canopy2.git,0
MDEwOlJlcG9zaXRvcnkxNTk4OTEwMDY=,2018-11-30T23:51:16Z,2026-04-08T12:43:45Z,2026-04-08T12:43:40Z,130730,True,space-ants,ucpu/space-ants,git@github.com:ucpu/space-ants.git,1
MDEwOlJlcG9zaXRvcnkxNTk4NzUxNDQ=,2018-11-30T20:27:45Z,2026-03-31T16:37:37Z,2026-04-14T16:43:07Z,4270,True,Remhos,CEED/Remhos,git@github.com:CEED/Remhos.git,22
MDEwOlJlcG9zaXRvcnkxNTk4NTQzMDE=,2018-11-30T17:06:00Z,2026-03-27T21:40:50Z,2026-03-27T21:40:46Z,723,False,REBUS,xname/REBUS,git@github.com:xname/REBUS.git,0
MDEwOlJlcG9zaXRvcnkxNTk4NDM5ODM=,2018-11-30T15:40:42Z,2026-03-10T10:17:38Z,2026-03-10T10:17:34Z,2173,True,Pathlines,1A-OneAngstrom/Pathlines,git@github.com:1A-OneAngstrom/Pathlines.git,2
MDEwOlJlcG9zaXRvcnkxNTk4MDgyMTQ=,2018-11-30T10:35:55Z,2026-03-23T16:51:36Z,2026-03-23T16:51:45Z,2959,True,SAMSON-Developer-Tutorials,1A-OneAngstrom/SAMSON-Developer-Tutorials,git@github.com:1A-OneAngstrom/SAMSON-Developer-Tutorials.git,6
MDEwOlJlcG9zaXRvcnkxNTk3OTE5MzA=,2018-11-30T08:24:59Z,2026-04-12T04:08:43Z,2026-04-12T04:08:35Z,45110,False,StudyNotes,ForrestSu/StudyNotes,git@github.com:ForrestSu/StudyNotes.git,0
MDEwOlJlcG9zaXRvcnkxNTk3NDA5NzA=,2018-11-29T23:29:25Z,2026-03-28T05:16:12Z,2026-03-28T05:16:08Z,3489,True,VideoStream,SheinbergLab/VideoStream,git@github.com:SheinbergLab/VideoStream.git,0
MDEwOlJlcG9zaXRvcnkxNTk2Nzg3MDY=,2018-11-29T14:28:22Z,2026-05-06T23:05:51Z,2026-05-06T23:05:48Z,11497,False,Nauz-File-Detector,horsicq/Nauz-File-Detector,git@github.com:horsicq/Nauz-File-Detector.git,572
MDEwOlJlcG9zaXRvcnkxNTk2MDQ4MTM=,2018-11-29T03:56:29Z,2026-05-01T12:32:13Z,2026-05-01T12:32:09Z,6545,False,TechBlogs,riversea2015/TechBlogs,git@github.com:riversea2015/TechBlogs.git,2
MDEwOlJlcG9zaXRvcnkxNTk1Nzg5NDc=,2018-11-28T23:29:10Z,2026-04-17T01:53:07Z,2026-04-17T01:53:03Z,65,True,Magnify-tracking,BNLIF/Magnify-tracking,git@github.com:BNLIF/Magnify-tracking.git,0
MDEwOlJlcG9zaXRvcnkxNTk1NDY4ODM=,2018-11-28T18:29:35Z,2026-05-03T07:18:26Z,2026-05-03T07:18:22Z,104987,False,MIRA--BOT,Cimmerian-Iter/MIRA--BOT,git@github.com:Cimmerian-Iter/MIRA--BOT.git,0
MDEwOlJlcG9zaXRvcnkxNTk1NDMzMjc=,2018-11-28T17:59:16Z,2026-04-10T04:22:45Z,2026-04-10T04:22:44Z,5028,True,advent_of_code_2018,kodsnack/advent_of_code_2018,git@github.com:kodsnack/advent_of_code_2018.git,26
MDEwOlJlcG9zaXRvcnkxNTk1MjIwMjQ=,2018-11-28T15:18:54Z,2026-03-17T00:23:15Z,2026-03-17T00:23:19Z,261,True,MKRNB,arduino-libraries/MKRNB,git@github.com:arduino-libraries/MKRNB.git,37
MDEwOlJlcG9zaXRvcnkxNTk1MjA5MTU=,2018-11-28T15:11:38Z,2026-05-07T05:59:56Z,2026-03-30T16:27:37Z,273610,False,Easy3D,LiangliangNan/Easy3D,git@github.com:LiangliangNan/Easy3D.git,1619
MDEwOlJlcG9zaXRvcnkxNTk0MDE1ODU=,2018-11-27T21:27:50Z,2026-04-30T13:48:27Z,2026-05-01T16:54:51Z,34441,True,ts_M1M3Thermal,lsst-ts/ts_M1M3Thermal,git@github.com:lsst-ts/ts_M1M3Thermal.git,0
MDEwOlJlcG9zaXRvcnkxNTkzMjc1NzQ=,2018-11-27T11:51:29Z,2026-04-22T23:18:32Z,2026-03-05T14:55:45Z,1662,False,pclink11,nzeemin/pclink11,git@github.com:nzeemin/pclink11.git,16
MDEwOlJlcG9zaXRvcnkxNTkyOTAzNjA=,2018-11-27T06:59:31Z,2026-04-04T21:54:02Z,2026-04-04T21:53:58Z,17,False,mSecTimer,rebe0909/mSecTimer,git@github.com:rebe0909/mSecTimer.git,1
MDEwOlJlcG9zaXRvcnkxNTkyODc3NzU=,2018-11-27T06:36:25Z,2026-04-21T13:09:35Z,2026-04-09T08:29:27Z,8871,True,android_system_vold,crdroidandroid/android_system_vold,git@github.com:crdroidandroid/android_system_vold.git,3
MDEwOlJlcG9zaXRvcnkxNTkyNTg2OTY=,2018-11-27T01:42:51Z,2026-04-05T18:43:06Z,2026-04-05T18:42:58Z,108,False,PopGenomicsTools,tplinderoth/PopGenomicsTools,git@github.com:tplinderoth/PopGenomicsTools.git,12
MDEwOlJlcG9zaXRvcnkxNTkyMTYwNjE=,2018-11-26T18:41:46Z,2026-04-16T02:02:03Z,2026-04-16T02:01:59Z,2003,False,DOSLib,dalefugier/DOSLib,git@github.com:dalefugier/DOSLib.git,67
MDEwOlJlcG9zaXRvcnkxNTkyMTI5MTA=,2018-11-26T18:15:22Z,2026-04-23T09:56:50Z,2026-05-07T11:28:12Z,22552,True,dbus-sensors,openbmc/dbus-sensors,git@github.com:openbmc/dbus-sensors.git,39
MDEwOlJlcG9zaXRvcnkxNTkxMTE3OTc=,2018-11-26T04:40:29Z,2026-04-24T23:25:15Z,2026-04-24T23:25:11Z,5938,False,reeber,mrzv/reeber,git@github.com:mrzv/reeber.git,8
MDEwOlJlcG9zaXRvcnkxNTkwOTUwMjE=,2018-11-26T01:53:15Z,2026-03-18T22:49:58Z,2026-03-19T15:40:24Z,470,True,SNLS,llnl/SNLS,git@github.com:llnl/SNLS.git,17
MDEwOlJlcG9zaXRvcnkxNTkwNjgxMjY=,2018-11-25T19:46:34Z,2026-03-12T05:52:39Z,2026-03-12T04:16:10Z,503,False,cutlet,digitalcombine/cutlet,git@github.com:digitalcombine/cutlet.git,1
MDEwOlJlcG9zaXRvcnkxNTkwNDU0OTA=,2018-11-25T15:22:06Z,2026-05-07T02:46:02Z,2026-04-05T09:08:17Z,1092,False,cista,felixguendling/cista,git@github.com:felixguendling/cista.git,2212
MDEwOlJlcG9zaXRvcnkxNTg5NjI2NzY=,2018-11-24T18:23:49Z,2026-04-23T14:49:30Z,2026-04-23T14:45:39Z,17,False,proyecto-2-Yupana,markopuch/proyecto-2-Yupana,git@github.com:markopuch/proyecto-2-Yupana.git,0
MDEwOlJlcG9zaXRvcnkxNTg5NTM5NDY=,2018-11-24T16:26:56Z,2026-05-04T20:53:30Z,2026-05-04T20:53:26Z,740,True,canlib,waterloo-rocketry/canlib,git@github.com:waterloo-rocketry/canlib.git,4
MDEwOlJlcG9zaXRvcnkxNTg5MDI4ODA=,2018-11-24T04:40:48Z,2026-04-26T13:05:57Z,2026-04-26T13:05:54Z,843,True,cpp-string,pqrs-org/cpp-string,git@github.com:pqrs-org/cpp-string.git,0
MDEwOlJlcG9zaXRvcnkxNTg4NjI3NDE=,2018-11-23T17:46:04Z,2026-04-28T12:53:48Z,2026-04-28T12:53:44Z,21541,False,ROOT-5.34-Projects,KSkwarczynski/ROOT-5.34-Projects,git@github.com:KSkwarczynski/ROOT-5.34-Projects.git,0
MDEwOlJlcG9zaXRvcnkxNTg4NTM1NjI=,2018-11-23T16:06:00Z,2026-04-09T13:07:47Z,2026-04-09T13:07:43Z,481,False,brsnmp,hilch/brsnmp,git@github.com:hilch/brsnmp.git,6
MDEwOlJlcG9zaXRvcnkxNTg4MzI5NzE=,2018-11-23T12:56:29Z,2026-03-19T10:43:21Z,2026-03-19T10:43:17Z,72,False,jsonVariant,martinmozi/jsonVariant,git@github.com:martinmozi/jsonVariant.git,3
MDEwOlJlcG9zaXRvcnkxNTg4MjQwNTA=,2018-11-23T11:30:29Z,2026-04-12T01:37:01Z,2026-05-07T11:25:06Z,1045,True,AERA_Visualizer,IIIM-IS/AERA_Visualizer,git@github.com:IIIM-IS/AERA_Visualizer.git,4
MDEwOlJlcG9zaXRvcnkxNTg3Mjk5ODY=,2018-11-22T17:05:14Z,2026-04-04T09:01:03Z,2026-04-04T09:00:59Z,109301,False,LeetCode,ubwzwd/LeetCode,git@github.com:ubwzwd/LeetCode.git,0
MDEwOlJlcG9zaXRvcnkxNTg3MDUwNzk=,2018-11-22T13:41:46Z,2026-04-28T14:50:32Z,2026-04-29T12:45:08Z,28192,True,gdk,Blockstream/gdk,git@github.com:Blockstream/gdk.git,195
MDEwOlJlcG9zaXRvcnkxNTg2ODI2NTY=,2018-11-22T10:32:41Z,2026-03-10T13:00:43Z,2026-03-10T13:00:39Z,552,False,yakmo,gligli/yakmo,git@github.com:gligli/yakmo.git,4
MDEwOlJlcG9zaXRvcnkxNTg2Mzc2NTM=,2018-11-22T03:29:00Z,2026-05-02T13:54:25Z,2026-05-02T13:54:21Z,10749,False,semi.so,semiChange/semi.so,git@github.com:semiChange/semi.so.git,1
MDEwOlJlcG9zaXRvcnkxNTg1OTMyMTg=,2018-11-21T18:53:52Z,2026-03-02T17:07:27Z,2026-03-02T17:08:55Z,6433,False,movingRobots,hugoassisj/movingRobots,git@github.com:hugoassisj/movingRobots.git,0
MDEwOlJlcG9zaXRvcnkxNTg1NzY2MTI=,2018-11-21T16:26:18Z,2026-05-05T07:28:54Z,2026-05-05T07:28:51Z,113823,True,sight,IRCAD/sight,git@github.com:IRCAD/sight.git,83
MDEwOlJlcG9zaXRvcnkxNTg1NjA2ODY=,2018-11-21T14:30:34Z,2026-05-01T09:39:17Z,2026-05-01T09:39:14Z,431,False,AnalysisTools,gavinsalam/AnalysisTools,git@github.com:gavinsalam/AnalysisTools.git,1
MDEwOlJlcG9zaXRvcnkxNTg1NDMwODU=,2018-11-21T12:14:54Z,2026-04-23T12:33:26Z,2026-04-23T12:33:22Z,2997,True,Minotaur,ideometre/Minotaur,git@github.com:ideometre/Minotaur.git,0
MDEwOlJlcG9zaXRvcnkxNTg1NDI5MDc=,2018-11-21T12:13:24Z,2026-03-19T09:13:43Z,2026-03-19T09:13:51Z,387,False,CmdLine,gavinsalam/CmdLine,git@github.com:gavinsalam/CmdLine.git,0
MDEwOlJlcG9zaXRvcnkxNTg1MzgyNjA=,2018-11-21T11:32:58Z,2026-05-05T06:01:03Z,2026-05-05T06:16:58Z,67,False,godot-spout,buresu/godot-spout,git@github.com:buresu/godot-spout.git,13
MDEwOlJlcG9zaXRvcnkxNTg1MDkwOTg=,2018-11-21T07:38:39Z,2026-03-22T20:09:43Z,2026-03-21T02:49:37Z,9312,True,cc.ublox.generated,commschamp/cc.ublox.generated,git@github.com:commschamp/cc.ublox.generated.git,21
MDEwOlJlcG9zaXRvcnkxNTg0NTg3NzA=,2018-11-20T22:22:30Z,2026-05-06T21:39:26Z,2026-05-06T21:39:22Z,8305,True,libicsneo,intrepidcs/libicsneo,git@github.com:intrepidcs/libicsneo.git,45
MDEwOlJlcG9zaXRvcnkxNTg0NDkwMjQ=,2018-11-20T20:45:40Z,2026-03-17T15:46:26Z,2026-03-17T15:46:20Z,233776,False,jono-engine,jonathansty/jono-engine,git@github.com:jonathansty/jono-engine.git,0
MDEwOlJlcG9zaXRvcnkxNTg0NDI1MTk=,2018-11-20T19:43:35Z,2026-04-12T19:56:55Z,2026-03-13T19:16:14Z,326086,True,WE-UQ,NHERI-SimCenter/WE-UQ,git@github.com:NHERI-SimCenter/WE-UQ.git,13
MDEwOlJlcG9zaXRvcnkxNTg0MzE5Njg=,2018-11-20T18:09:47Z,2026-05-03T15:18:38Z,2026-05-03T15:18:33Z,136,False,assembler,andreasjarliden/assembler,git@github.com:andreasjarliden/assembler.git,0
MDEwOlJlcG9zaXRvcnkxNTgzODcxNTY=,2018-11-20T12:36:01Z,2026-04-23T18:15:11Z,2026-04-23T18:15:06Z,568,False,amlogic-update,yangfl/amlogic-update,git@github.com:yangfl/amlogic-update.git,11
MDEwOlJlcG9zaXRvcnkxNTgzNDI1OTY=,2018-11-20T06:38:42Z,2026-03-22T03:21:04Z,2026-03-22T03:21:00Z,31576,False,SCTM,raviq/SCTM,git@github.com:raviq/SCTM.git,1
MDEwOlJlcG9zaXRvcnkxNTgzMTI2NzU=,2018-11-20T01:25:57Z,2026-05-07T11:30:59Z,2026-03-14T04:54:40Z,3526,False,cpp-ipc,mutouyun/cpp-ipc,git@github.com:mutouyun/cpp-ipc.git,2189
MDEwOlJlcG9zaXRvcnkxNTgzMDk4OTk=,2018-11-20T00:55:09Z,2026-04-26T13:04:54Z,2026-04-26T13:04:49Z,1358,True,cpp-osx-iokit_hid_queue_value_monitor,pqrs-org/cpp-osx-iokit_hid_queue_value_monitor,git@github.com:pqrs-org/cpp-osx-iokit_hid_queue_value_monitor.git,1
MDEwOlJlcG9zaXRvcnkxNTgyODg1MTY=,2018-11-19T20:52:21Z,2026-04-08T01:14:29Z,2026-04-08T01:14:21Z,5767,True,cadeau,Devolutions/cadeau,git@github.com:Devolutions/cadeau.git,10
MDEwOlJlcG9zaXRvcnkxNTgyODcxOTQ=,2018-11-19T20:40:34Z,2026-03-17T11:36:18Z,2026-03-17T11:36:14Z,70564,False,LineExtraction,waterben/LineExtraction,git@github.com:waterben/LineExtraction.git,2
MDEwOlJlcG9zaXRvcnkxNTgyMjAxODc=,2018-11-19T12:37:17Z,2026-04-13T11:47:01Z,2026-04-13T11:46:56Z,1541,False,pictureviewer,sptrakesh/pictureviewer,git@github.com:sptrakesh/pictureviewer.git,3
MDEwOlJlcG9zaXRvcnkxNTgxOTgxODE=,2018-11-19T09:51:03Z,2026-05-06T04:39:03Z,2026-05-06T04:39:00Z,36037,False,Rock-Paper-Scissors,tn-mai/Rock-Paper-Scissors,git@github.com:tn-mai/Rock-Paper-Scissors.git,0
MDEwOlJlcG9zaXRvcnkxNTgxOTcyOTc=,2018-11-19T09:44:19Z,2026-03-26T07:16:07Z,2026-03-26T07:16:02Z,266,False,C-Development,sanjaydb/C-Development,git@github.com:sanjaydb/C-Development.git,1
MDEwOlJlcG9zaXRvcnkxNTgxMTcwMDk=,2018-11-18T19:02:50Z,2026-03-28T07:57:29Z,2026-03-28T07:57:25Z,342,True,NPBayesImputeCat,cran/NPBayesImputeCat,git@github.com:cran/NPBayesImputeCat.git,0
MDEwOlJlcG9zaXRvcnkxNTgwNjUxOTM=,2018-11-18T08:49:47Z,2026-05-07T01:04:56Z,2026-03-03T11:41:05Z,3493,False,code-library,ShahjalalShohag/code-library,git@github.com:ShahjalalShohag/code-library.git,3567
MDEwOlJlcG9zaXRvcnkxNTgwNTc3NTE=,2018-11-18T06:50:07Z,2026-04-26T13:03:42Z,2026-04-26T13:03:37Z,815,True,cpp-cf-string,pqrs-org/cpp-cf-string,git@github.com:pqrs-org/cpp-cf-string.git,1
MDEwOlJlcG9zaXRvcnkxNTgwNTMzNTY=,2018-11-18T05:34:19Z,2026-04-26T13:04:43Z,2026-04-26T13:04:39Z,1358,True,cpp-osx-iokit_hid_device,pqrs-org/cpp-osx-iokit_hid_device,git@github.com:pqrs-org/cpp-osx-iokit_hid_device.git,1
MDEwOlJlcG9zaXRvcnkxNTgwMzk2MjI=,2018-11-18T01:23:29Z,2026-04-13T21:28:57Z,2026-04-01T16:30:00Z,106,False,BitBang_I2C,bitbank2/BitBang_I2C,git@github.com:bitbank2/BitBang_I2C.git,273
MDEwOlJlcG9zaXRvcnkxNTc5OTc0ODI=,2018-11-17T15:26:00Z,2026-04-28T20:36:05Z,2026-04-28T20:36:01Z,1053,False,sketchbook,980f/sketchbook,git@github.com:980f/sketchbook.git,0
MDEwOlJlcG9zaXRvcnkxNTc5ODk2MjM=,2018-11-17T13:58:09Z,2026-04-28T22:11:00Z,2026-04-28T22:10:56Z,5914,False,STIGQter,squinky86/STIGQter,git@github.com:squinky86/STIGQter.git,26
MDEwOlJlcG9zaXRvcnkxNTc5NzUyMDc=,2018-11-17T10:50:31Z,2026-03-14T13:02:01Z,2026-03-14T13:01:58Z,276,False,CPSolutions,mo-morgan/CPSolutions,git@github.com:mo-morgan/CPSolutions.git,0
MDEwOlJlcG9zaXRvcnkxNTc5NDIwMTQ=,2018-11-17T02:07:06Z,2026-04-03T02:01:44Z,2026-04-03T02:01:40Z,35024,False,Hearts,Rescator7/Hearts,git@github.com:Rescator7/Hearts.git,20
MDEwOlJlcG9zaXRvcnkxNTc5MjkwODY=,2018-11-16T22:38:58Z,2026-04-23T16:04:48Z,2026-04-23T16:04:43Z,4490,False,arduino,980f/arduino,git@github.com:980f/arduino.git,0
MDEwOlJlcG9zaXRvcnkxNTc5MjI0MzA=,2018-11-16T21:19:28Z,2026-04-17T22:57:21Z,2026-04-20T09:53:08Z,155,False,pattern-bench,0x1F9F1/pattern-bench,git@github.com:0x1F9F1/pattern-bench.git,30
MDEwOlJlcG9zaXRvcnkxNTc4NTQzODg=,2018-11-16T10:51:48Z,2026-05-07T10:06:37Z,2026-05-07T10:06:33Z,29316,False,mmo,Kyoril/mmo,git@github.com:Kyoril/mmo.git,50
MDEwOlJlcG9zaXRvcnkxNTc3ODgwOTE=,2018-11-16T00:01:46Z,2026-03-17T03:07:24Z,2026-03-17T03:07:20Z,4562,False,utility-files,toddnguyen47/utility-files,git@github.com:toddnguyen47/utility-files.git,0
MDEwOlJlcG9zaXRvcnkxNTc3NTUxNDc=,2018-11-15T18:30:54Z,2026-04-29T13:02:50Z,2026-04-27T23:35:44Z,563596,True,Helios,PlantSimulationLab/Helios,git@github.com:PlantSimulationLab/Helios.git,92
MDEwOlJlcG9zaXRvcnkxNTc3NTE0NDQ=,2018-11-15T17:58:09Z,2026-04-30T09:08:58Z,2026-04-30T09:09:52Z,146,False,Consensify,jlapaijmans/Consensify,git@github.com:jlapaijmans/Consensify.git,5
MDEwOlJlcG9zaXRvcnkxNTc3Mzk1MzE=,2018-11-15T16:18:10Z,2026-04-24T18:14:23Z,2026-04-23T19:49:37Z,1285,True,DPX_Metadata_Editor,ColorlabMD/DPX_Metadata_Editor,git@github.com:ColorlabMD/DPX_Metadata_Editor.git,16
MDEwOlJlcG9zaXRvcnkxNTc2Mjk4NzM=,2018-11-15T00:37:50Z,2026-04-30T21:38:12Z,2026-05-04T16:54:19Z,6037,True,aws-crt-cpp,awslabs/aws-crt-cpp,git@github.com:awslabs/aws-crt-cpp.git,89
MDEwOlJlcG9zaXRvcnkxNTc1Njc5MTU=,2018-11-14T15:16:34Z,2026-04-27T05:06:56Z,2026-03-10T21:00:36Z,751,False,libmodbuspp,epsilonrt/libmodbuspp,git@github.com:epsilonrt/libmodbuspp.git,112
MDEwOlJlcG9zaXRvcnkxNTc1NTQxNTg=,2018-11-14T13:38:22Z,2026-04-09T15:10:15Z,2026-04-09T15:05:54Z,26090,False,ccv,cggos/ccv,git@github.com:cggos/ccv.git,1
MDEwOlJlcG9zaXRvcnkxNTc1NDQ2MjY=,2018-11-14T12:20:40Z,2026-03-16T18:26:00Z,2026-03-16T18:25:56Z,3041,False,Esp32_Framework,dupuyb/Esp32_Framework,git@github.com:dupuyb/Esp32_Framework.git,0
MDEwOlJlcG9zaXRvcnkxNTc0OTQ4NzM=,2018-11-14T05:17:43Z,2026-03-06T04:31:58Z,2026-03-06T04:31:54Z,136,False,Project-Euler-cpp,agude/Project-Euler-cpp,git@github.com:agude/Project-Euler-cpp.git,0
MDEwOlJlcG9zaXRvcnkxNTc0ODYwNzE=,2018-11-14T03:39:28Z,2026-04-19T00:51:51Z,2026-04-14T21:30:37Z,190,True,COMP3200CodeSamples,POCU/COMP3200CodeSamples,git@github.com:POCU/COMP3200CodeSamples.git,70
MDEwOlJlcG9zaXRvcnkxNTc0ODM0OTA=,2018-11-14T03:15:06Z,2026-05-05T08:36:38Z,2026-05-05T08:36:33Z,3360,True,Fossilize,ValveSoftware/Fossilize,git@github.com:ValveSoftware/Fossilize.git,750
MDEwOlJlcG9zaXRvcnkxNTc0NTI4OTc=,2018-11-13T22:00:36Z,2026-05-04T15:20:26Z,2026-04-29T01:21:35Z,3919,True,amber,google/amber,git@github.com:google/amber.git,227
MDEwOlJlcG9zaXRvcnkxNTc0NTE5NDg=,2018-11-13T21:51:08Z,2026-05-02T09:31:57Z,2026-05-01T16:24:16Z,8546,True,aws-iot-device-sdk-cpp-v2,aws/aws-iot-device-sdk-cpp-v2,git@github.com:aws/aws-iot-device-sdk-cpp-v2.git,206
MDEwOlJlcG9zaXRvcnkxNTc0MjU1Nzc=,2018-11-13T18:18:04Z,2026-04-08T20:58:50Z,2026-04-08T09:54:47Z,11184,False,Snake_Game_Qt_Cplusplus_QML,adam-choragwicki/Snake_Game_Qt_Cplusplus_QML,git@github.com:adam-choragwicki/Snake_Game_Qt_Cplusplus_QML.git,2
MDEwOlJlcG9zaXRvcnkxNTc0MjQxNDg=,2018-11-13T18:06:24Z,2026-05-05T08:51:27Z,2026-05-05T08:51:21Z,481,True,ArduinoBLE,arduino-libraries/ArduinoBLE,git@github.com:arduino-libraries/ArduinoBLE.git,354
MDEwOlJlcG9zaXRvcnkxNTczODM2NDc=,2018-11-13T13:20:02Z,2026-03-20T02:43:44Z,2026-03-20T02:43:39Z,20413,False,GameFrameWork,on1659/GameFrameWork,git@github.com:on1659/GameFrameWork.git,2
MDEwOlJlcG9zaXRvcnkxNTczNTAxNzM=,2018-11-13T09:00:08Z,2026-04-26T21:42:38Z,2026-04-26T21:42:35Z,1412,False,ParallelComputationExamples,akhtyamovpavel/ParallelComputationExamples,git@github.com:akhtyamovpavel/ParallelComputationExamples.git,45
MDEwOlJlcG9zaXRvcnkxNTczNDc2NDk=,2018-11-13T08:41:58Z,2026-04-30T09:59:00Z,2026-04-30T09:51:46Z,245368,False,askeleton,Kevus/askeleton,git@github.com:Kevus/askeleton.git,0
MDEwOlJlcG9zaXRvcnkxNTczMzM3ODA=,2018-11-13T06:49:05Z,2026-05-06T18:37:25Z,2026-05-06T18:37:21Z,415,True,rcl_logging,ros2/rcl_logging,git@github.com:ros2/rcl_logging.git,29
MDEwOlJlcG9zaXRvcnkxNTcyOTk2OTg=,2018-11-13T01:07:58Z,2026-03-02T19:12:10Z,2026-04-14T12:23:13Z,199,True,nymea-mqtt,nymea/nymea-mqtt,git@github.com:nymea/nymea-mqtt.git,8
MDEwOlJlcG9zaXRvcnkxNTcyOTg0MzA=,2018-11-13T00:53:30Z,2026-04-12T16:01:52Z,2026-04-12T16:01:45Z,10295,False,CPP,aditya723/CPP,git@github.com:aditya723/CPP.git,0
MDEwOlJlcG9zaXRvcnkxNTcyOTUxNDY=,2018-11-13T00:13:55Z,2026-03-23T11:59:32Z,2026-03-09T16:35:51Z,8,False,arduino-yun-mqtt,Gazu/arduino-yun-mqtt,git@github.com:Gazu/arduino-yun-mqtt.git,3
MDEwOlJlcG9zaXRvcnkxNTcyOTI1OTU=,2018-11-12T23:41:49Z,2026-04-26T13:04:51Z,2026-04-26T13:04:47Z,1358,True,cpp-osx-iokit_hid_manager,pqrs-org/cpp-osx-iokit_hid_manager,git@github.com:pqrs-org/cpp-osx-iokit_hid_manager.git,2
MDEwOlJlcG9zaXRvcnkxNTcyODk2NDU=,2018-11-12T23:06:33Z,2026-05-01T15:13:49Z,2026-05-01T15:13:45Z,532,False,msp430Drivers,bootchk/msp430Drivers,git@github.com:bootchk/msp430Drivers.git,0
MDEwOlJlcG9zaXRvcnkxNTcyMTQwMTI=,2018-11-12T12:58:34Z,2026-04-03T17:01:47Z,2026-04-03T17:01:38Z,3874,False,rebucket,ZhangShurong/rebucket,git@github.com:ZhangShurong/rebucket.git,34
MDEwOlJlcG9zaXRvcnkxNTcxOTI5MjQ=,2018-11-12T10:02:34Z,2026-04-21T08:28:16Z,2026-04-21T08:28:14Z,2720,False,SOFT2,hoppe93/SOFT2,git@github.com:hoppe93/SOFT2.git,10
MDEwOlJlcG9zaXRvcnkxNTcxOTIyNTk=,2018-11-12T09:57:16Z,2026-04-26T21:05:47Z,2026-04-26T21:05:41Z,76,False,pplx,mghazaryan/pplx,git@github.com:mghazaryan/pplx.git,24
MDEwOlJlcG9zaXRvcnkxNTcxODcwNjc=,2018-11-12T09:20:04Z,2026-04-28T03:32:57Z,2026-04-28T03:32:49Z,38654,True,xarm_ros,xArm-Developer/xarm_ros,git@github.com:xArm-Developer/xarm_ros.git,289
MDEwOlJlcG9zaXRvcnkxNTcxNTkyOTI=,2018-11-12T05:07:26Z,2026-04-30T05:35:34Z,2026-05-06T11:11:45Z,198110,False,jyut-dict,aaronhktan/jyut-dict,git@github.com:aaronhktan/jyut-dict.git,155
MDEwOlJlcG9zaXRvcnkxNTcxNTQ3NzE=,2018-11-12T04:07:05Z,2026-04-03T14:39:22Z,2026-04-03T14:35:07Z,205,False,vw-t5-parking-heater-controller,patrickstigler/vw-t5-parking-heater-controller,git@github.com:patrickstigler/vw-t5-parking-heater-controller.git,0
MDEwOlJlcG9zaXRvcnkxNTcxNTI1NjA=,2018-11-12T03:41:34Z,2026-04-26T13:03:33Z,2026-04-26T13:03:29Z,818,True,cpp-cf-number,pqrs-org/cpp-cf-number,git@github.com:pqrs-org/cpp-cf-number.git,1
MDEwOlJlcG9zaXRvcnkxNTcxMzE4MjQ=,2018-11-11T23:31:15Z,2026-05-05T22:14:28Z,2026-05-05T22:14:24Z,533,False,arduino,jvanderberg/arduino,git@github.com:jvanderberg/arduino.git,0
MDEwOlJlcG9zaXRvcnkxNTcxMjE4MTM=,2018-11-11T21:14:20Z,2026-04-09T19:01:15Z,2026-05-01T21:32:31Z,283,True,jlqml,JuliaGraphics/jlqml,git@github.com:JuliaGraphics/jlqml.git,10
MDEwOlJlcG9zaXRvcnkxNTcwNzEyNzE=,2018-11-11T11:04:58Z,2026-03-20T21:28:43Z,2026-03-20T21:28:40Z,3134104,False,MNote2,marcelomaurin/MNote2,git@github.com:marcelomaurin/MNote2.git,4
MDEwOlJlcG9zaXRvcnkxNTcwNjU1NDI=,2018-11-11T09:38:48Z,2026-04-27T13:52:39Z,2026-05-07T06:42:01Z,310286,True,REEF3D,REEF3D/REEF3D,git@github.com:REEF3D/REEF3D.git,126
MDEwOlJlcG9zaXRvcnkxNTcwNjA4MjE=,2018-11-11T08:25:56Z,2026-05-02T22:34:25Z,2026-05-02T22:34:19Z,27664,False,gn_standalone_GFW,Passw/gn_standalone_GFW,git@github.com:Passw/gn_standalone_GFW.git,0
MDEwOlJlcG9zaXRvcnkxNTcwNTI0Njk=,2018-11-11T06:06:20Z,2026-04-30T18:32:13Z,2026-05-02T09:32:56Z,1105,True,approxmc,meelgroup/approxmc,git@github.com:meelgroup/approxmc.git,87
MDEwOlJlcG9zaXRvcnkxNTcwMjUzMjE=,2018-11-10T22:01:22Z,2026-04-21T08:25:22Z,2026-03-25T12:11:47Z,802,True,vis_classic,WACUP/vis_classic,git@github.com:WACUP/vis_classic.git,11
MDEwOlJlcG9zaXRvcnkxNTcwMjUxNzE=,2018-11-10T21:59:18Z,2026-04-18T21:56:53Z,2026-04-18T21:56:49Z,6943,False,neuro-fuzzy-library,ksiminski/neuro-fuzzy-library,git@github.com:ksiminski/neuro-fuzzy-library.git,11
MDEwOlJlcG9zaXRvcnkxNTcwMjExOTQ=,2018-11-10T21:02:07Z,2026-03-16T10:57:29Z,2026-03-16T10:57:25Z,11,False,led-lampe,simondueckert/led-lampe,git@github.com:simondueckert/led-lampe.git,0
MDEwOlJlcG9zaXRvcnkxNTcwMDczMzA=,2018-11-10T18:02:05Z,2026-04-19T22:18:32Z,2026-04-19T22:18:28Z,3052,False,azulejo-common-lib,miclomba/azulejo-common-lib,git@github.com:miclomba/azulejo-common-lib.git,1
MDEwOlJlcG9zaXRvcnkxNTY5NzgwMzU=,2018-11-10T12:15:50Z,2026-03-02T02:57:20Z,2026-03-02T02:57:17Z,193,False,dlx-constexpr,sraaphorst/dlx-constexpr,git@github.com:sraaphorst/dlx-constexpr.git,1
MDEwOlJlcG9zaXRvcnkxNTY5NzY3NTM=,2018-11-10T11:58:28Z,2026-04-26T13:05:08Z,2026-04-26T13:05:05Z,809,True,cpp-osx-iokit_return,pqrs-org/cpp-osx-iokit_return,git@github.com:pqrs-org/cpp-osx-iokit_return.git,1
MDEwOlJlcG9zaXRvcnkxNTY5Mzk2NzI=,2018-11-10T02:22:53Z,2026-05-07T06:48:49Z,2026-05-07T08:09:02Z,1539939,True,onnxruntime,microsoft/onnxruntime,git@github.com:microsoft/onnxruntime.git,20429
MDEwOlJlcG9zaXRvcnkxNTY5MjYxOTU=,2018-11-09T22:44:05Z,2026-04-29T23:45:01Z,2026-03-11T19:55:25Z,54265,True,io,tensorflow/io,git@github.com:tensorflow/io.git,735
MDEwOlJlcG9zaXRvcnkxNTY4ODQyOTY=,2018-11-09T15:55:12Z,2026-04-26T13:05:14Z,2026-04-26T13:05:10Z,1460,True,cpp-osx-iokit_types,pqrs-org/cpp-osx-iokit_types,git@github.com:pqrs-org/cpp-osx-iokit_types.git,3
MDEwOlJlcG9zaXRvcnkxNTY4NjA0MTg=,2018-11-09T12:40:42Z,2026-05-06T14:56:06Z,2026-05-05T20:08:20Z,1527109,True,tracktion_engine,Tracktion/tracktion_engine,git@github.com:Tracktion/tracktion_engine.git,1384
MDEwOlJlcG9zaXRvcnkxNTY4MTgwOTA=,2018-11-09T06:09:26Z,2026-05-07T00:45:09Z,2026-05-07T00:45:06Z,132233,True,calligraplan,KDE/calligraplan,git@github.com:KDE/calligraplan.git,13
MDEwOlJlcG9zaXRvcnkxNTY3ODczNTc=,2018-11-09T00:33:14Z,2026-05-07T05:37:51Z,2026-05-01T23:29:41Z,5158,True,SEAL,microsoft/SEAL,git@github.com:microsoft/SEAL.git,3971
MDEwOlJlcG9zaXRvcnkxNTY3ODMxNDU=,2018-11-08T23:37:34Z,2026-04-17T18:24:47Z,2026-04-17T18:24:44Z,216,False,lilwil,mfornace/lilwil,git@github.com:mfornace/lilwil.git,0
MDEwOlJlcG9zaXRvcnkxNTY3NTc0Njk=,2018-11-08T19:23:24Z,2026-03-15T07:43:08Z,2026-03-15T07:43:05Z,128,False,communication,chrakts/communication,git@github.com:chrakts/communication.git,0
MDEwOlJlcG9zaXRvcnkxNTY3NTIwNjA=,2018-11-08T18:36:03Z,2026-05-06T22:51:36Z,2026-05-06T22:51:44Z,1504,True,Qtraktor,servmask/Qtraktor,git@github.com:servmask/Qtraktor.git,56
MDEwOlJlcG9zaXRvcnkxNTY3MTkzNDg=,2018-11-08T14:31:33Z,2026-04-17T04:45:09Z,2026-05-03T03:54:36Z,1966,False,CeDImu,Stovent/CeDImu,git@github.com:Stovent/CeDImu.git,95
MDEwOlJlcG9zaXRvcnkxNTY2NzgwMjg=,2018-11-08T08:56:58Z,2026-04-08T10:08:15Z,2026-04-07T16:24:29Z,9119,True,Atmosphere-libs,Atmosphere-NX/Atmosphere-libs,git@github.com:Atmosphere-NX/Atmosphere-libs.git,169
MDEwOlJlcG9zaXRvcnkxNTY2NDk1NTk=,2018-11-08T04:21:03Z,2026-04-26T13:05:12Z,2026-04-26T13:05:07Z,1328,True,cpp-osx-iokit_service_monitor,pqrs-org/cpp-osx-iokit_service_monitor,git@github.com:pqrs-org/cpp-osx-iokit_service_monitor.git,5
MDEwOlJlcG9zaXRvcnkxNTY2MTQ0MDk=,2018-11-07T22:05:06Z,2026-05-03T13:53:27Z,2026-05-01T16:38:20Z,2261,True,wil,microsoft/wil,git@github.com:microsoft/wil.git,2917
MDEwOlJlcG9zaXRvcnkxNTY2MDQ0OTk=,2018-11-07T20:31:35Z,2026-05-05T17:43:05Z,2026-05-05T17:43:02Z,88,False,c64gfxConverter,pararaum/c64gfxConverter,git@github.com:pararaum/c64gfxConverter.git,0
MDEwOlJlcG9zaXRvcnkxNTY1NzAwMzY=,2018-11-07T15:47:25Z,2026-04-27T06:37:16Z,2026-04-27T06:37:13Z,23540,True,Aspose.Words-Cloud-SDK-for-Cpp,aspose-words-cloud/Aspose.Words-Cloud-SDK-for-Cpp,git@github.com:aspose-words-cloud/Aspose.Words-Cloud-SDK-for-Cpp.git,21
MDEwOlJlcG9zaXRvcnkxNTY1MzkwMDQ=,2018-11-07T11:51:47Z,2026-04-26T13:05:01Z,2026-04-26T13:04:57Z,1113,True,cpp-osx-iokit_object_ptr,pqrs-org/cpp-osx-iokit_object_ptr,git@github.com:pqrs-org/cpp-osx-iokit_object_ptr.git,1
MDEwOlJlcG9zaXRvcnkxNTY0NjQwNTE=,2018-11-06T23:49:51Z,2026-05-01T16:02:35Z,2026-05-01T16:02:32Z,321,False,ai-evio-testsuite,CarloWood/ai-evio-testsuite,git@github.com:CarloWood/ai-evio-testsuite.git,1
MDEwOlJlcG9zaXRvcnkxNTY0MTE2NDk=,2018-11-06T16:15:55Z,2026-03-27T19:47:59Z,2026-05-04T18:13:51Z,146139,True,citlali,toltec-astro/citlali,git@github.com:toltec-astro/citlali.git,2
MDEwOlJlcG9zaXRvcnkxNTYzOTE5NTU=,2018-11-06T13:59:11Z,2026-03-26T11:28:28Z,2026-03-26T11:28:20Z,48,False,CPP-Perimer-5th,ZengyuanYu/CPP-Perimer-5th,git@github.com:ZengyuanYu/CPP-Perimer-5th.git,1
MDEwOlJlcG9zaXRvcnkxNTYzNzY5OTQ=,2018-11-06T12:00:20Z,2026-04-04T10:17:26Z,2026-04-04T10:17:21Z,1650,False,idntag,d99kris/idntag,git@github.com:d99kris/idntag.git,19
MDEwOlJlcG9zaXRvcnkxNTYzNjk0NDQ=,2018-11-06T10:54:09Z,2026-03-04T16:13:56Z,2026-03-04T16:09:09Z,102229,True,vcsl_hise,christophhart/vcsl_hise,git@github.com:christophhart/vcsl_hise.git,7
MDEwOlJlcG9zaXRvcnkxNTYzMzQ5NDM=,2018-11-06T06:13:47Z,2026-03-07T19:38:50Z,2026-03-07T19:38:46Z,925,False,bienutil,davidbien/bienutil,git@github.com:davidbien/bienutil.git,0
MDEwOlJlcG9zaXRvcnkxNTYzMjg2NzE=,2018-11-06T05:04:58Z,2026-05-06T03:10:29Z,2026-04-15T07:53:54Z,32262,True,NUC980_NuWriter,OpenNuvoton/NUC980_NuWriter,git@github.com:OpenNuvoton/NUC980_NuWriter.git,16
MDEwOlJlcG9zaXRvcnkxNTYzMjE3ODk=,2018-11-06T03:40:08Z,2026-03-11T03:37:41Z,2026-03-11T03:37:38Z,34,False,PAT-Basic-Level-Practice,hlgzx/PAT-Basic-Level-Practice,git@github.com:hlgzx/PAT-Basic-Level-Practice.git,0
MDEwOlJlcG9zaXRvcnkxNTYyOTMyMDU=,2018-11-05T22:42:04Z,2026-05-03T18:06:02Z,2026-05-05T18:30:54Z,99462,True,xla,pytorch/xla,org-21003710@github.com:pytorch/xla.git,2778
MDEwOlJlcG9zaXRvcnkxNTYyODk0Mjg=,2018-11-05T22:04:03Z,2026-05-07T10:09:21Z,2026-05-07T11:29:31Z,5228,True,mola,MOLAorg/mola,git@github.com:MOLAorg/mola.git,921
MDEwOlJlcG9zaXRvcnkxNTYyNzg2MDg=,2018-11-05T20:28:33Z,2026-05-04T14:20:04Z,2026-04-20T16:45:14Z,549,True,aws-lambda-cpp,awslabs/aws-lambda-cpp,git@github.com:awslabs/aws-lambda-cpp.git,466
MDEwOlJlcG9zaXRvcnkxNTYyMzg4MjA=,2018-11-05T15:22:50Z,2026-04-27T14:13:45Z,2026-04-27T14:12:06Z,40564,False,BOJ,Moon-ChangHyun/BOJ,git@github.com:Moon-ChangHyun/BOJ.git,0
MDEwOlJlcG9zaXRvcnkxNTYyMjgwMTg=,2018-11-05T14:09:10Z,2026-05-07T01:34:49Z,2026-05-06T23:30:36Z,4305635,True,webots,cyberbotics/webots,git@github.com:cyberbotics/webots.git,4335
MDEwOlJlcG9zaXRvcnkxNTYxODgyNzI=,2018-11-05T08:59:34Z,2026-04-28T17:51:28Z,2026-04-28T17:51:33Z,14675,True,Rhisat2,fmicompbio/Rhisat2,git@github.com:fmicompbio/Rhisat2.git,3
MDEwOlJlcG9zaXRvcnkxNTYxODczMjQ=,2018-11-05T08:52:23Z,2026-04-29T14:52:36Z,2026-04-29T14:51:29Z,8100,True,Rbowtie,fmicompbio/Rbowtie,git@github.com:fmicompbio/Rbowtie.git,1
MDEwOlJlcG9zaXRvcnkxNTYxNjY5NDc=,2018-11-05T05:48:13Z,2026-04-16T16:51:16Z,2026-05-04T14:17:10Z,192011,True,carta-backend,CARTAvis/carta-backend,git@github.com:CARTAvis/carta-backend.git,22
MDEwOlJlcG9zaXRvcnkxNTYxMDcwMTg=,2018-11-04T17:27:14Z,2026-03-14T20:03:11Z,2026-03-14T20:03:08Z,1654,False,simple-chess-games,nachogoro/simple-chess-games,git@github.com:nachogoro/simple-chess-games.git,3
MDEwOlJlcG9zaXRvcnkxNTYwODYxODQ=,2018-11-04T13:41:35Z,2026-03-08T09:10:31Z,2026-03-08T09:10:18Z,1950,False,sdl_playground,Knoblauchpilze/sdl_playground,git@github.com:Knoblauchpilze/sdl_playground.git,0
MDEwOlJlcG9zaXRvcnkxNTYwNzc3MjY=,2018-11-04T12:02:59Z,2026-03-08T09:10:23Z,2026-03-08T09:10:08Z,235,False,sdl_app_core,Knoblauchpilze/sdl_app_core,git@github.com:Knoblauchpilze/sdl_app_core.git,0
MDEwOlJlcG9zaXRvcnkxNTYwNjkzNjU=,2018-11-04T10:06:46Z,2026-03-08T09:10:27Z,2026-03-08T09:09:49Z,553,False,sdl_core,Knoblauchpilze/sdl_core,git@github.com:Knoblauchpilze/sdl_core.git,0
MDEwOlJlcG9zaXRvcnkxNTYwNjg1NTk=,2018-11-04T09:54:56Z,2026-04-11T14:19:13Z,2026-04-11T14:19:09Z,190,False,libcli,fjulian79/libcli,git@github.com:fjulian79/libcli.git,7
MDEwOlJlcG9zaXRvcnkxNTYwNjc4MDQ=,2018-11-04T09:43:19Z,2026-04-07T14:17:26Z,2026-04-07T14:16:57Z,2,False,Intersection-point-of-Link-List,sagnik150699/Intersection-point-of-Link-List,git@github.com:sagnik150699/Intersection-point-of-Link-List.git,0
MDEwOlJlcG9zaXRvcnkxNTYwNjc2MTY=,2018-11-04T09:40:34Z,2026-03-08T09:10:39Z,2026-03-08T09:09:59Z,815,False,sdl_graphic,Knoblauchpilze/sdl_graphic,git@github.com:Knoblauchpilze/sdl_graphic.git,0
MDEwOlJlcG9zaXRvcnkxNTYwNTY0NDU=,2018-11-04T06:42:08Z,2026-04-22T05:12:11Z,2026-04-22T05:12:07Z,5074,False,bee.lua,actboy168/bee.lua,git@github.com:actboy168/bee.lua.git,192
MDEwOlJlcG9zaXRvcnkxNTYwNTUxMTk=,2018-11-04T06:18:16Z,2026-04-26T13:03:37Z,2026-04-26T13:03:32Z,827,True,cpp-cf-run_loop_thread,pqrs-org/cpp-cf-run_loop_thread,git@github.com:pqrs-org/cpp-cf-run_loop_thread.git,1
MDEwOlJlcG9zaXRvcnkxNTYwNTAyMTc=,2018-11-04T04:48:39Z,2026-04-26T13:03:26Z,2026-04-26T13:03:22Z,800,True,cpp-cf-cf_ptr,pqrs-org/cpp-cf-cf_ptr,git@github.com:pqrs-org/cpp-cf-cf_ptr.git,2
MDEwOlJlcG9zaXRvcnkxNTYwNDA0NjY=,2018-11-04T01:56:03Z,2026-04-22T06:03:48Z,2026-04-22T06:03:46Z,60245,False,directxtk-tutorials,walbourn/directxtk-tutorials,git@github.com:walbourn/directxtk-tutorials.git,29
MDEwOlJlcG9zaXRvcnkxNTYwMDEwMjE=,2018-11-03T16:20:22Z,2026-04-29T14:57:54Z,2026-04-29T14:57:48Z,3335,False,CplusplusProjects,arafatomer66/CplusplusProjects,git@github.com:arafatomer66/CplusplusProjects.git,0
MDEwOlJlcG9zaXRvcnkxNTU5ODA4OTI=,2018-11-03T12:26:13Z,2026-05-07T10:46:30Z,2026-05-07T10:46:26Z,56989,False,ef04_math,3dapi/ef04_math,git@github.com:3dapi/ef04_math.git,0
MDEwOlJlcG9zaXRvcnkxNTU5Nzc0MjM=,2018-11-03T11:38:44Z,2026-05-06T03:21:03Z,2026-05-06T03:21:00Z,850,False,dv05_netlib,3dapi/dv05_netlib,git@github.com:3dapi/dv05_netlib.git,0
MDEwOlJlcG9zaXRvcnkxNTU5NzQzOTY=,2018-11-03T10:54:29Z,2026-04-28T11:37:11Z,2026-04-14T15:48:37Z,610,False,MultiFuncShield-Library,hpsaturn/MultiFuncShield-Library,git@github.com:hpsaturn/MultiFuncShield-Library.git,29
MDEwOlJlcG9zaXRvcnkxNTU5NjA0OTI=,2018-11-03T07:26:01Z,2026-03-10T08:03:48Z,2026-03-10T08:03:45Z,52010,False,bs23_3d_aux,3dapi/bs23_3d_aux,git@github.com:3dapi/bs23_3d_aux.git,0
MDEwOlJlcG9zaXRvcnkxNTU5MzkyODQ=,2018-11-03T01:37:32Z,2026-03-07T08:12:42Z,2026-03-07T08:12:38Z,74655,False,bs22_3d_basic,3dapi/bs22_3d_basic,git@github.com:3dapi/bs22_3d_basic.git,0
MDEwOlJlcG9zaXRvcnkxNTU5Mzg5Nzc=,2018-11-03T01:32:14Z,2026-03-22T05:31:47Z,2026-03-22T05:31:43Z,39170,False,bs17_2d_lib,3dapi/bs17_2d_lib,git@github.com:3dapi/bs17_2d_lib.git,0
MDEwOlJlcG9zaXRvcnkxNTU5MzcwNDk=,2018-11-03T00:58:27Z,2026-05-06T21:31:24Z,2026-05-06T21:31:19Z,14779,False,bs16_socket,3dapi/bs16_socket,git@github.com:3dapi/bs16_socket.git,0
MDEwOlJlcG9zaXRvcnkxNTU5MzQ2MjE=,2018-11-03T00:16:26Z,2026-03-27T05:25:10Z,2026-03-27T05:25:07Z,699,False,bs03_data,3dapi/bs03_data,git@github.com:3dapi/bs03_data.git,0
MDEwOlJlcG9zaXRvcnkxNTU5MDc4MDQ=,2018-11-02T18:39:35Z,2026-03-23T22:42:31Z,2026-03-23T22:42:31Z,29372,False,cschem,wagenadl/cschem,git@github.com:wagenadl/cschem.git,3
MDEwOlJlcG9zaXRvcnkxNTU3NDIzODg=,2018-11-01T16:17:34Z,2026-04-26T13:06:00Z,2026-04-26T13:05:56Z,880,True,cpp-thread_wait,pqrs-org/cpp-thread_wait,git@github.com:pqrs-org/cpp-thread_wait.git,2
MDEwOlJlcG9zaXRvcnkxNTU3MDk0OTE=,2018-11-01T12:09:20Z,2026-05-05T06:24:11Z,2026-05-05T06:24:08Z,2263,True,OpenDocument.core,opendocument-app/OpenDocument.core,git@github.com:opendocument-app/OpenDocument.core.git,35
MDEwOlJlcG9zaXRvcnkxNTU2NzQzODk=,2018-11-01T06:55:04Z,2026-05-04T21:28:36Z,2026-05-04T17:33:17Z,69970,False,newserv,fuzziqersoftware/newserv,git@github.com:fuzziqersoftware/newserv.git,244
MDEwOlJlcG9zaXRvcnkxNTU2NDk1ODQ=,2018-11-01T02:17:19Z,2026-04-29T07:21:37Z,2026-04-14T00:53:39Z,1963,False,rtm,nfrechette/rtm,git@github.com:nfrechette/rtm.git,784
MDEwOlJlcG9zaXRvcnkxNTU2MzYzOTk=,2018-10-31T23:34:52Z,2026-05-06T18:09:29Z,2026-04-25T08:48:19Z,2987,False,RandomX,tevador/RandomX,git@github.com:tevador/RandomX.git,1606
MDEwOlJlcG9zaXRvcnkxNTU2MjczMTY=,2018-10-31T21:45:13Z,2026-04-01T03:27:24Z,2026-03-03T14:48:41Z,1363,True,Adafruit_NeoTrellisM4,adafruit/Adafruit_NeoTrellisM4,git@github.com:adafruit/Adafruit_NeoTrellisM4.git,57
MDEwOlJlcG9zaXRvcnkxNTU2MDI2MjE=,2018-10-31T18:05:29Z,2026-04-10T19:01:10Z,2026-04-10T19:01:11Z,567,False,mnome,thfr/mnome,git@github.com:thfr/mnome.git,4
MDEwOlJlcG9zaXRvcnkxNTU1ODAzMDY=,2018-10-31T15:27:26Z,2026-03-18T17:29:02Z,2026-04-21T14:30:55Z,32124,True,anatomist-free,brainvisa/anatomist-free,git@github.com:brainvisa/anatomist-free.git,2
MDEwOlJlcG9zaXRvcnkxNTU1NzM0NjE=,2018-10-31T14:43:29Z,2026-04-01T21:03:49Z,2026-05-06T15:02:20Z,21371,True,aims-free,brainvisa/aims-free,git@github.com:brainvisa/aims-free.git,7
MDEwOlJlcG9zaXRvcnkxNTU1NDY2NDQ=,2018-10-31T11:32:05Z,2026-03-25T12:50:22Z,2026-03-25T13:46:58Z,109840,True,wrkzcoin,wrkzcoin/wrkzcoin,git@github.com:wrkzcoin/wrkzcoin.git,23
MDEwOlJlcG9zaXRvcnkxNTU1MjQ0OTE=,2018-10-31T08:37:00Z,2026-03-21T13:41:00Z,2026-03-21T13:40:57Z,20,False,WordClock-BlackWhite-ATMEGA,ednieuw/WordClock-BlackWhite-ATMEGA,git@github.com:ednieuw/WordClock-BlackWhite-ATMEGA.git,0
MDEwOlJlcG9zaXRvcnkxNTU1MjA2Nzc=,2018-10-31T08:06:37Z,2026-04-22T12:00:03Z,2026-03-16T09:23:47Z,151,True,mqtt-rpc-client-qt,victronenergy/mqtt-rpc-client-qt,git@github.com:victronenergy/mqtt-rpc-client-qt.git,2
MDEwOlJlcG9zaXRvcnkxNTU0NDYxMTg=,2018-10-30T19:42:21Z,2026-05-02T12:37:26Z,2026-05-02T12:37:27Z,18,False,ESP-Smart-Meter,wburgers/ESP-Smart-Meter,git@github.com:wburgers/ESP-Smart-Meter.git,0
MDEwOlJlcG9zaXRvcnkxNTU0NDUxNDk=,2018-10-30T19:34:24Z,2026-05-06T19:58:42Z,2026-05-06T19:58:37Z,691438,False,fonline,cvet/fonline,git@github.com:cvet/fonline.git,327
MDEwOlJlcG9zaXRvcnkxNTU0MTQ1OTM=,2018-10-30T15:59:11Z,2026-04-30T04:59:57Z,2026-04-30T04:59:53Z,19527,True,ChargeFW2,sb-ncbr/ChargeFW2,git@github.com:sb-ncbr/ChargeFW2.git,29
MDEwOlJlcG9zaXRvcnkxNTU0MTM5NTI=,2018-10-30T15:55:17Z,2026-03-11T10:50:55Z,2026-04-07T16:05:19Z,2308,True,soma-io,brainvisa/soma-io,git@github.com:brainvisa/soma-io.git,3
MDEwOlJlcG9zaXRvcnkxNTUzOTcwODM=,2018-10-30T14:14:14Z,2026-04-13T10:31:02Z,2026-04-13T10:30:56Z,17488,True,ArduinoCore-megaavr,arduino/ArduinoCore-megaavr,git@github.com:arduino/ArduinoCore-megaavr.git,111
MDEwOlJlcG9zaXRvcnkxNTUzNjE5NTc=,2018-10-30T09:55:27Z,2026-03-24T17:53:04Z,2026-03-24T17:52:59Z,3794,False,Trait_pop_model_sim,xl0418/Trait_pop_model_sim,git@github.com:xl0418/Trait_pop_model_sim.git,0
MDEwOlJlcG9zaXRvcnkxNTUzNTQ0MjQ=,2018-10-30T09:00:48Z,2026-04-20T18:16:16Z,2026-04-09T13:57:33Z,11060,True,Mutationpp,mutationpp/Mutationpp,git@github.com:mutationpp/Mutationpp.git,137
MDEwOlJlcG9zaXRvcnkxNTUzMzc2NTY=,2018-10-30T06:46:32Z,2026-03-20T16:02:28Z,2026-03-20T16:02:25Z,84160,False,Simultra,raviq/Simultra,git@github.com:raviq/Simultra.git,46
MDEwOlJlcG9zaXRvcnkxNTUzMDE1NTk=,2018-10-30T00:48:16Z,2026-04-28T10:20:15Z,2026-04-28T10:20:09Z,937,False,encfsy,mimidesunya/encfsy,git@github.com:mimidesunya/encfsy.git,25
MDEwOlJlcG9zaXRvcnkxNTUyOTY0ODE=,2018-10-29T23:46:45Z,2026-03-29T22:32:33Z,2026-03-29T22:32:29Z,69,False,iot,rlucic/iot,git@github.com:rlucic/iot.git,0
MDEwOlJlcG9zaXRvcnkxNTUyOTQ1NzU=,2018-10-29T23:24:15Z,2026-05-06T23:07:41Z,2026-05-07T11:32:18Z,30414,True,proxy,cilium/proxy,git@github.com:cilium/proxy.git,184
MDEwOlJlcG9zaXRvcnkxNTUyOTA3Njc=,2018-10-29T22:39:59Z,2026-03-23T19:34:48Z,2026-04-09T22:17:37Z,68400,True,immunotools,Immunotools/immunotools,git@github.com:Immunotools/immunotools.git,11
MDEwOlJlcG9zaXRvcnkxNTUyNTYwNjI=,2018-10-29T17:51:02Z,2026-05-05T12:34:54Z,2026-05-06T21:43:16Z,21265,True,fiction,cda-tum/fiction,git@github.com:cda-tum/fiction.git,88
MDEwOlJlcG9zaXRvcnkxNTUyNTQ3MjM=,2018-10-29T17:40:50Z,2026-03-04T20:45:57Z,2026-03-04T20:45:53Z,5337,False,Python-vs-Cpp-vs-Rust,SalahEddineGhamri/Python-vs-Cpp-vs-Rust,git@github.com:SalahEddineGhamri/Python-vs-Cpp-vs-Rust.git,0
MDEwOlJlcG9zaXRvcnkxNTUyNDQ2Mjc=,2018-10-29T16:28:06Z,2026-05-05T21:46:10Z,2026-05-05T21:46:06Z,34157,False,libraries,MicroControllerTeamProject/libraries,git@github.com:MicroControllerTeamProject/libraries.git,0
MDEwOlJlcG9zaXRvcnkxNTUxMjEyNTU=,2018-10-28T22:17:53Z,2026-05-04T19:14:42Z,2026-05-04T19:14:38Z,190157,False,Arduino,dataneodev/Arduino,git@github.com:dataneodev/Arduino.git,1
MDEwOlJlcG9zaXRvcnkxNTUxMTk5OTg=,2018-10-28T22:01:47Z,2026-03-23T10:18:13Z,2026-04-07T22:49:22Z,872,False,speed,killianvalverde/speed,git@github.com:killianvalverde/speed.git,1
MDEwOlJlcG9zaXRvcnkxNTUwNTYxMTQ=,2018-10-28T09:51:53Z,2026-04-18T15:33:55Z,2026-04-18T15:33:51Z,4,False,printing-all-lis,topchoder/printing-all-lis,git@github.com:topchoder/printing-all-lis.git,1
MDEwOlJlcG9zaXRvcnkxNTUwMzEyOTM=,2018-10-28T03:22:36Z,2026-04-20T00:49:28Z,2026-04-20T00:49:20Z,11669,False,atcoder,takaxyz/atcoder,git@github.com:takaxyz/atcoder.git,0
MDEwOlJlcG9zaXRvcnkxNTQ5MzEyMjg=,2018-10-27T05:54:49Z,2026-03-07T18:38:04Z,2026-03-07T18:38:00Z,288,False,indicate_nonredundant_halfplanes,mageecoe/indicate_nonredundant_halfplanes,git@github.com:mageecoe/indicate_nonredundant_halfplanes.git,1
MDEwOlJlcG9zaXRvcnkxNTQ5MDEzMDU=,2018-10-26T22:32:42Z,2026-04-24T22:10:48Z,2026-05-01T20:02:01Z,912257,False,Atlas-Engine,tippesi/Atlas-Engine,git@github.com:tippesi/Atlas-Engine.git,471
MDEwOlJlcG9zaXRvcnkxNTQ4OTUxNDY=,2018-10-26T21:13:48Z,2026-04-14T14:01:59Z,2026-04-14T14:01:28Z,3570,True,aircraft_caledit,NCAR/aircraft_caledit,git@github.com:NCAR/aircraft_caledit.git,0
MDEwOlJlcG9zaXRvcnkxNTQ4ODY2NDM=,2018-10-26T19:49:36Z,2026-05-06T10:08:06Z,2026-04-29T18:44:13Z,94837,False,D3d12info,sawickiap/D3d12info,git@github.com:sawickiap/D3d12info.git,127
MDEwOlJlcG9zaXRvcnkxNTQ4NzgyNjc=,2018-10-26T18:29:35Z,2026-05-01T19:31:45Z,2026-05-01T19:31:41Z,939,False,BinToHex,YurinKonstantin/BinToHex,git@github.com:YurinKonstantin/BinToHex.git,0
MDEwOlJlcG9zaXRvcnkxNTQ4NTUzMjM=,2018-10-26T15:26:30Z,2026-04-25T22:02:13Z,2026-04-25T22:02:09Z,52061,True,WindFlow,ParaGroup/WindFlow,git@github.com:ParaGroup/WindFlow.git,86
MDEwOlJlcG9zaXRvcnkxNTQ4Mjg1ODc=,2018-10-26T12:07:47Z,2026-04-27T15:30:13Z,2026-04-27T15:30:06Z,1308,False,Boilerplates,ajay126z/Boilerplates,git@github.com:ajay126z/Boilerplates.git,0
MDEwOlJlcG9zaXRvcnkxNTQ4MTc1NDk=,2018-10-26T10:26:20Z,2026-04-30T08:41:37Z,2026-04-30T08:47:25Z,46,True,Padcon-Plugin-Mod,WiiDatabase/Padcon-Plugin-Mod,git@github.com:WiiDatabase/Padcon-Plugin-Mod.git,25
MDEwOlJlcG9zaXRvcnkxNTQ3NzM0ODk=,2018-10-26T03:42:22Z,2026-04-29T23:02:09Z,2026-05-06T08:41:04Z,1903,True,indexstore-db,swiftlang/indexstore-db,git@github.com:swiftlang/indexstore-db.git,402
MDEwOlJlcG9zaXRvcnkxNTQ3NTYyMDg=,2018-10-26T00:49:37Z,2026-04-12T02:10:20Z,2026-04-12T02:10:16Z,5274844,True,PGSuper,WSDOT/PGSuper,git@github.com:WSDOT/PGSuper.git,9
MDEwOlJlcG9zaXRvcnkxNTQ3MTExNTY=,2018-10-25T17:26:55Z,2026-04-12T02:10:28Z,2026-04-12T02:10:21Z,70400,True,XBeamRate,WSDOT/XBeamRate,git@github.com:WSDOT/XBeamRate.git,0
MDEwOlJlcG9zaXRvcnkxNTQ3MDk0Mzg=,2018-10-25T17:13:47Z,2026-05-01T21:07:10Z,2026-05-01T21:07:06Z,4108,True,BridgeLink,WSDOT/BridgeLink,git@github.com:WSDOT/BridgeLink.git,13
MDEwOlJlcG9zaXRvcnkxNTQ3MDc0MDg=,2018-10-25T16:59:08Z,2026-04-29T17:39:44Z,2026-04-29T17:49:41Z,223148,True,WBFL,WSDOT/WBFL,git@github.com:WSDOT/WBFL.git,11
MDEwOlJlcG9zaXRvcnkxNTQ3MDQwOTU=,2018-10-25T16:34:06Z,2026-04-14T09:56:12Z,2026-04-14T09:56:08Z,825,False,AIUB-Grading-System-C-,sshihabb007/AIUB-Grading-System-C-,git@github.com:sshihabb007/AIUB-Grading-System-C-.git,0
MDEwOlJlcG9zaXRvcnkxNTQ2OTk4MTI=,2018-10-25T16:03:57Z,2026-04-08T15:11:25Z,2026-03-24T16:14:34Z,257,False,RemoteCaptury,thecaptury/RemoteCaptury,git@github.com:thecaptury/RemoteCaptury.git,14
MDEwOlJlcG9zaXRvcnkxNTQ2ODE4Mzg=,2018-10-25T14:06:08Z,2026-04-23T10:22:45Z,2026-04-25T10:33:51Z,83,False,lib-Tools,knifter/lib-Tools,git@github.com:knifter/lib-Tools.git,0
MDEwOlJlcG9zaXRvcnkxNTQ2ODEwODI=,2018-10-25T14:00:51Z,2026-04-20T09:56:30Z,2026-04-20T09:56:26Z,19,False,lib-SPIDevice,knifter/lib-SPIDevice,git@github.com:knifter/lib-SPIDevice.git,0
MDEwOlJlcG9zaXRvcnkxNTQ2ODA3OTM=,2018-10-25T13:59:00Z,2026-05-03T08:20:48Z,2026-05-03T08:20:44Z,964006,False,BombJack,martinpiper/BombJack,git@github.com:martinpiper/BombJack.git,68
MDEwOlJlcG9zaXRvcnkxNTQ2NzA3OTE=,2018-10-25T12:55:04Z,2026-04-26T15:09:54Z,2026-04-28T10:04:16Z,420,True,UniqLogger,NetResultsIT/UniqLogger,git@github.com:NetResultsIT/UniqLogger.git,2
MDEwOlJlcG9zaXRvcnkxNTQ2MzY5NTE=,2018-10-25T08:33:56Z,2026-03-27T08:09:36Z,2026-03-27T08:09:33Z,2184,False,SmartSensor,m7b/SmartSensor,git@github.com:m7b/SmartSensor.git,0
MDEwOlJlcG9zaXRvcnkxNTQ1ODMzMDU=,2018-10-24T23:42:02Z,2026-04-30T15:58:30Z,2026-03-29T14:14:06Z,67106,False,cartesian,chutsu/cartesian,git@github.com:chutsu/cartesian.git,26
MDEwOlJlcG9zaXRvcnkxNTQ0NjA1MzQ=,2018-10-24T07:51:16Z,2026-03-15T20:40:08Z,2026-03-15T20:40:04Z,217,True,DataStructure-CPP,StarlangSoftware/DataStructure-CPP,git@github.com:StarlangSoftware/DataStructure-CPP.git,2
MDEwOlJlcG9zaXRvcnkxNTQ0NTgxNzU=,2018-10-24T07:32:54Z,2026-04-29T06:27:33Z,2026-04-29T06:27:29Z,7588,False,cl-py-generator,plops/cl-py-generator,git@github.com:plops/cl-py-generator.git,9
MDEwOlJlcG9zaXRvcnkxNTQ0NTY0MDI=,2018-10-24T07:19:43Z,2026-04-21T10:05:05Z,2026-04-21T10:05:01Z,41,False,lib-TwoWireDevice,knifter/lib-TwoWireDevice,git@github.com:knifter/lib-TwoWireDevice.git,0
MDEwOlJlcG9zaXRvcnkxNTQ0MjYwODY=,2018-10-24T02:23:46Z,2026-04-28T09:13:43Z,2026-05-01T00:29:50Z,46571,False,ezARPACK,krivenko/ezARPACK,git@github.com:krivenko/ezARPACK.git,20
MDEwOlJlcG9zaXRvcnkxNTQ0MTE2MTA=,2018-10-23T23:53:22Z,2026-04-09T07:12:57Z,2026-04-09T07:12:53Z,4004,False,lldp_stick,slowbro/lldp_stick,git@github.com:slowbro/lldp_stick.git,1
MDEwOlJlcG9zaXRvcnkxNTQzNTc4NDM=,2018-10-23T16:02:58Z,2026-04-21T18:54:46Z,2026-04-21T18:54:40Z,182003,False,piccolo-dev,pierremolinaro/piccolo-dev,git@github.com:pierremolinaro/piccolo-dev.git,0
MDEwOlJlcG9zaXRvcnkxNTQzNTY0MzU=,2018-10-23T15:53:48Z,2026-04-20T09:27:27Z,2026-04-20T09:27:22Z,37715,True,Lima-camera-dhyana,soleil-ica/Lima-camera-dhyana,git@github.com:soleil-ica/Lima-camera-dhyana.git,0
MDEwOlJlcG9zaXRvcnkxNTQzNTUzOTk=,2018-10-23T15:46:40Z,2026-04-21T18:52:52Z,2026-04-21T18:52:47Z,19313,False,sara-dev,pierremolinaro/sara-dev,git@github.com:pierremolinaro/sara-dev.git,0
MDEwOlJlcG9zaXRvcnkxNTQzMzc2MzY=,2018-10-23T13:58:01Z,2026-04-24T09:10:42Z,2026-04-24T09:16:45Z,371,True,agrirouter-api-cpp,DKE-Data/agrirouter-api-cpp,git@github.com:DKE-Data/agrirouter-api-cpp.git,3
MDEwOlJlcG9zaXRvcnkxNTQzMzU3MjQ=,2018-10-23T13:45:44Z,2026-05-06T09:45:00Z,2026-04-13T17:18:59Z,183305,True,gem5-SALAM,TeCSAR-UNCC/gem5-SALAM,git@github.com:TeCSAR-UNCC/gem5-SALAM.git,112
MDEwOlJlcG9zaXRvcnkxNTQyOTA0MjM=,2018-10-23T08:22:36Z,2026-04-22T21:01:09Z,2026-04-22T21:01:05Z,279,False,CppRobLib,CRLG/CppRobLib,git@github.com:CRLG/CppRobLib.git,0
MDEwOlJlcG9zaXRvcnkxNTQyNzUxODY=,2018-10-23T06:36:46Z,2026-03-31T17:42:02Z,2026-03-31T17:42:03Z,241,False,polylabelr,jolars/polylabelr,git@github.com:jolars/polylabelr.git,19
MDEwOlJlcG9zaXRvcnkxNTQyNTU2MDk=,2018-10-23T03:22:48Z,2026-05-06T16:50:56Z,2026-05-06T16:50:54Z,58179,False,nicegraf,nicebyte/nicegraf,git@github.com:nicebyte/nicegraf.git,219
MDEwOlJlcG9zaXRvcnkxNTQyMzM1Mjc=,2018-10-23T00:03:53Z,2026-05-06T19:39:13Z,2026-04-21T10:23:19Z,7306,False,ESP32-HUB75-MatrixPanel-DMA,mrcodetastic/ESP32-HUB75-MatrixPanel-DMA,git@github.com:mrcodetastic/ESP32-HUB75-MatrixPanel-DMA.git,1496
MDEwOlJlcG9zaXRvcnkxNTQyMTk2NTI=,2018-10-22T21:27:52Z,2026-05-06T03:36:55Z,2026-04-17T13:14:20Z,76302,True,carma-platform,usdot-fhwa-stol/carma-platform,git@github.com:usdot-fhwa-stol/carma-platform.git,432
MDEwOlJlcG9zaXRvcnkxNTQxODE1MTI=,2018-10-22T16:56:21Z,2026-04-25T22:13:03Z,2026-04-25T22:12:58Z,257000,False,BaldLionEngine,Efore/BaldLionEngine,git@github.com:Efore/BaldLionEngine.git,2
MDEwOlJlcG9zaXRvcnkxNTQxODAxMzU=,2018-10-22T16:46:30Z,2026-04-16T18:21:20Z,2026-04-02T18:04:55Z,33135,True,spatter,hpcgarage/spatter,git@github.com:hpcgarage/spatter.git,84
MDEwOlJlcG9zaXRvcnkxNTQxNzYwNDE=,2018-10-22T16:19:40Z,2026-03-31T08:35:24Z,2026-03-31T08:35:14Z,229084,False,3D-View-Tracking,SurplusLife/3D-View-Tracking,git@github.com:SurplusLife/3D-View-Tracking.git,5
MDEwOlJlcG9zaXRvcnkxNTQxMDM4OTc=,2018-10-22T07:37:16Z,2026-05-07T07:13:42Z,2026-05-07T07:13:27Z,522062,False,CplusplusMissions,VelluVu/CplusplusMissions,git@github.com:VelluVu/CplusplusMissions.git,0
MDEwOlJlcG9zaXRvcnkxNTQwNTQ1Nzg=,2018-10-21T21:38:08Z,2026-05-02T21:44:38Z,2026-04-30T07:31:09Z,1598,False,stm32-sine,jsphuebner/stm32-sine,git@github.com:jsphuebner/stm32-sine.git,192
MDEwOlJlcG9zaXRvcnkxNTQwMzkzODM=,2018-10-21T18:27:06Z,2026-03-16T08:00:36Z,2026-03-16T08:00:33Z,1624,False,cracking_the_coding_interview,VirenS13117/cracking_the_coding_interview,git@github.com:VirenS13117/cracking_the_coding_interview.git,0
MDEwOlJlcG9zaXRvcnkxNTQwMTA3MTM=,2018-10-21T13:22:06Z,2026-03-29T15:28:41Z,2026-03-29T15:28:37Z,3372,False,searchengine,taokayan/searchengine,git@github.com:taokayan/searchengine.git,1
MDEwOlJlcG9zaXRvcnkxNTM5OTI3MTM=,2018-10-21T09:37:40Z,2026-03-17T19:31:01Z,2026-03-17T19:30:57Z,32,False,Pidog,Moohn5/Pidog,git@github.com:Moohn5/Pidog.git,0
MDEwOlJlcG9zaXRvcnkxNTM5ODE2ODQ=,2018-10-21T06:56:20Z,2026-03-18T16:29:53Z,2026-03-18T16:29:35Z,3450,False,ATTiny85_MPPT,rasberryrabbit/ATTiny85_MPPT,git@github.com:rasberryrabbit/ATTiny85_MPPT.git,2
MDEwOlJlcG9zaXRvcnkxNTM5MTczNDk=,2018-10-20T15:02:52Z,2026-04-24T03:37:44Z,2026-04-24T11:07:49Z,5804,True,rcppensmallen,coatless-rpkg/rcppensmallen,git@github.com:coatless-rpkg/rcppensmallen.git,32
MDEwOlJlcG9zaXRvcnkxNTM5MDU5NDA=,2018-10-20T13:00:25Z,2026-05-03T08:24:26Z,2026-05-07T07:56:14Z,73908,False,Morpheus,Twon/Morpheus,git@github.com:Twon/Morpheus.git,14
MDEwOlJlcG9zaXRvcnkxNTM4ODQyNTk=,2018-10-20T08:14:16Z,2026-05-05T06:45:12Z,2026-05-05T06:45:07Z,89168,True,PeleAnalysis,AMReX-Combustion/PeleAnalysis,git@github.com:AMReX-Combustion/PeleAnalysis.git,14
MDEwOlJlcG9zaXRvcnkxNTM4NTM1MzQ=,2018-10-19T23:56:22Z,2026-04-15T02:41:48Z,2026-04-15T02:41:44Z,227,False,contest-solutions,sriharivishnu/contest-solutions,git@github.com:sriharivishnu/contest-solutions.git,1
MDEwOlJlcG9zaXRvcnkxNTM4NDM4MzE=,2018-10-19T21:25:39Z,2026-04-28T21:07:29Z,2026-05-06T20:28:47Z,213752,False,LiveTraffic,TwinFan/LiveTraffic,git@github.com:TwinFan/LiveTraffic.git,131
MDEwOlJlcG9zaXRvcnkxNTM4MjU1MzQ=,2018-10-19T18:28:51Z,2026-05-01T18:43:10Z,2026-05-01T18:43:08Z,24581,True,PeleC,AMReX-Combustion/PeleC,git@github.com:AMReX-Combustion/PeleC.git,210
MDEwOlJlcG9zaXRvcnkxNTM3MjI3NjE=,2018-10-19T03:40:56Z,2026-04-19T00:07:10Z,2026-04-19T00:07:08Z,38,False,CLRS3E,ManuelLoaizaV/CLRS3E,git@github.com:ManuelLoaizaV/CLRS3E.git,1
MDEwOlJlcG9zaXRvcnkxNTM2OTc0Nzk=,2018-10-18T22:58:09Z,2026-05-04T16:17:00Z,2026-05-04T16:16:57Z,227593,True,PelePhysics,AMReX-Combustion/PelePhysics,git@github.com:AMReX-Combustion/PelePhysics.git,81
MDEwOlJlcG9zaXRvcnkxNTM2ODcyNTQ=,2018-10-18T21:03:23Z,2026-05-06T22:33:26Z,2026-05-01T07:22:40Z,195854,False,WebDOOM,UstymUkhman/WebDOOM,git@github.com:UstymUkhman/WebDOOM.git,124
MDEwOlJlcG9zaXRvcnkxNTM2ODM4ODc=,2018-10-18T20:32:19Z,2026-04-24T05:03:05Z,2026-05-03T18:41:36Z,569,False,cish,pimms/cish,git@github.com:pimms/cish.git,3
MDEwOlJlcG9zaXRvcnkxNTM1NjYxNTY=,2018-10-18T05:03:53Z,2026-03-15T12:13:00Z,2026-03-15T12:12:54Z,3632,False,OI-Learning,EbolaEmperor/OI-Learning,git@github.com:EbolaEmperor/OI-Learning.git,5
MDEwOlJlcG9zaXRvcnkxNTM1MzA4NTg=,2018-10-17T22:20:39Z,2026-05-06T08:26:26Z,2026-05-06T08:26:21Z,60392,False,delsace,diekev/delsace,git@github.com:diekev/delsace.git,0
MDEwOlJlcG9zaXRvcnkxNTM1Mjg2NzU=,2018-10-17T21:56:09Z,2026-04-27T15:19:57Z,2026-04-28T12:26:05Z,1477,False,triqs-realevol,krivenko/triqs-realevol,git@github.com:krivenko/triqs-realevol.git,1
MDEwOlJlcG9zaXRvcnkxNTM1MTY5OTA=,2018-10-17T20:07:45Z,2026-03-31T19:49:55Z,2026-03-11T18:47:09Z,443,True,hyde,adobe/hyde,git@github.com:adobe/hyde.git,340
MDEwOlJlcG9zaXRvcnkxNTM0OTY1NjA=,2018-10-17T17:25:55Z,2026-03-18T15:52:22Z,2026-03-18T15:52:17Z,433,False,fmdisk,choury/fmdisk,git@github.com:choury/fmdisk.git,1
MDEwOlJlcG9zaXRvcnkxNTM0OTIyMDk=,2018-10-17T16:51:59Z,2026-05-06T16:01:38Z,2026-05-06T16:00:43Z,32286,False,zmey,Tyill/zmey,git@github.com:Tyill/zmey.git,2
MDEwOlJlcG9zaXRvcnkxNTM0NzEwMTE=,2018-10-17T14:28:21Z,2026-03-10T17:19:25Z,2026-03-10T17:19:20Z,2621,True,wfc,mambaru/wfc,git@github.com:mambaru/wfc.git,2
MDEwOlJlcG9zaXRvcnkxNTM0NjMzMDk=,2018-10-17T13:38:32Z,2026-04-11T11:53:07Z,2026-05-01T14:34:55Z,46654,False,necessary-and-unnecessary-tiles,tomohxx/necessary-and-unnecessary-tiles,git@github.com:tomohxx/necessary-and-unnecessary-tiles.git,12
MDEwOlJlcG9zaXRvcnkxNTM0NTQwMjg=,2018-10-17T12:34:59Z,2026-05-05T11:12:03Z,2026-04-08T02:34:24Z,357,False,ldn_mitm,spacemeowx2/ldn_mitm,git@github.com:spacemeowx2/ldn_mitm.git,909
MDEwOlJlcG9zaXRvcnkxNTM0NTA3MjI=,2018-10-17T12:09:50Z,2026-04-29T13:54:31Z,2026-05-05T13:54:50Z,19499,True,ATOS,RI-SE/ATOS,git@github.com:RI-SE/ATOS.git,18
MDEwOlJlcG9zaXRvcnkxNTM0NDg1MDg=,2018-10-17T11:53:18Z,2026-04-01T13:48:23Z,2026-05-01T18:33:58Z,959,False,testrunner,gnilk/testrunner,git@github.com:gnilk/testrunner.git,4
MDEwOlJlcG9zaXRvcnkxNTM0MzE3MTE=,2018-10-17T09:35:05Z,2026-04-30T07:00:28Z,2026-03-25T07:04:04Z,449,True,AutoSizeComments,AutoSizeComments/AutoSizeComments,git@github.com:AutoSizeComments/AutoSizeComments.git,107
MDEwOlJlcG9zaXRvcnkxNTMzNjM5NjY=,2018-10-16T22:45:44Z,2026-03-03T16:06:37Z,2026-03-03T16:06:32Z,346,False,mkl_solvers_application,vryy/mkl_solvers_application,git@github.com:vryy/mkl_solvers_application.git,0
MDEwOlJlcG9zaXRvcnkxNTMzMTY5MTQ=,2018-10-16T16:19:58Z,2026-05-07T10:31:19Z,2026-04-07T19:28:23Z,12226,True,BehaviorTree.CPP,BehaviorTree/BehaviorTree.CPP,git@github.com:BehaviorTree/BehaviorTree.CPP.git,4005
MDEwOlJlcG9zaXRvcnkxNTMzMTU2MDM=,2018-10-16T16:11:12Z,2026-04-25T03:21:14Z,2026-04-25T03:21:10Z,3219,False,CacheSimulator,vgshitol/CacheSimulator,git@github.com:vgshitol/CacheSimulator.git,0
MDEwOlJlcG9zaXRvcnkxNTMxNjc3MzI=,2018-10-15T19:09:35Z,2026-04-19T21:47:37Z,2026-04-19T21:47:33Z,2646,False,tinySensor,arcadien/tinySensor,git@github.com:arcadien/tinySensor.git,2
MDEwOlJlcG9zaXRvcnkxNTMxNjQwMzk=,2018-10-15T18:41:07Z,2026-03-11T22:26:09Z,2026-03-11T22:26:05Z,8360,True,ICANDI,Roorda-Tuten-Labs/ICANDI,git@github.com:Roorda-Tuten-Labs/ICANDI.git,0
MDEwOlJlcG9zaXRvcnkxNTMxNTg0ODk=,2018-10-15T17:59:17Z,2026-04-17T15:22:34Z,2026-04-17T15:22:28Z,1202,True,SlicerIGSIO,IGSIO/SlicerIGSIO,git@github.com:IGSIO/SlicerIGSIO.git,17
MDEwOlJlcG9zaXRvcnkxNTMxNDUyNTA=,2018-10-15T16:19:50Z,2026-05-03T13:31:30Z,2026-04-29T03:05:19Z,402,False,voxelized_geometry_tools,calderpg/voxelized_geometry_tools,git@github.com:calderpg/voxelized_geometry_tools.git,38
MDEwOlJlcG9zaXRvcnkxNTMxNDM5ODI=,2018-10-15T16:10:50Z,2026-05-03T22:51:47Z,2026-04-05T14:52:45Z,10140,False,invader,SnowyMouse/invader,git@github.com:SnowyMouse/invader.git,78
MDEwOlJlcG9zaXRvcnkxNTMwOTc2NDM=,2018-10-15T10:54:40Z,2026-05-07T11:39:55Z,2026-05-07T11:39:50Z,931727,True,openvino,openvinotoolkit/openvino,git@github.com:openvinotoolkit/openvino.git,10203
MDEwOlJlcG9zaXRvcnkxNTMwMjUxNTU=,2018-10-14T22:34:02Z,2026-04-27T16:25:09Z,2026-04-22T00:40:13Z,151384,False,USB_Laptop_Keyboard_Controller,thedalles77/USB_Laptop_Keyboard_Controller,git@github.com:thedalles77/USB_Laptop_Keyboard_Controller.git,532
MDEwOlJlcG9zaXRvcnkxNTMwMjMwMjg=,2018-10-14T22:01:34Z,2026-05-07T02:59:53Z,2026-04-26T21:11:14Z,21276,False,Tempest,Try/Tempest,git@github.com:Try/Tempest.git,212
MDEwOlJlcG9zaXRvcnkxNTMwMTA4ODc=,2018-10-14T19:28:27Z,2026-05-03T09:20:05Z,2026-05-03T09:36:23Z,14485,False,Minic,tryingsomestuff/Minic,git@github.com:tryingsomestuff/Minic.git,127
MDEwOlJlcG9zaXRvcnkxNTMwMTAyMDI=,2018-10-14T19:21:24Z,2026-04-21T05:32:29Z,2026-04-21T05:32:25Z,802,False,sample-projects,alex-vorhies/sample-projects,git@github.com:alex-vorhies/sample-projects.git,0
MDEwOlJlcG9zaXRvcnkxNTI5OTM4OTY=,2018-10-14T16:20:32Z,2026-05-04T20:42:06Z,2026-04-15T07:03:20Z,1570,False,ReactESP,mairas/ReactESP,git@github.com:mairas/ReactESP.git,81
MDEwOlJlcG9zaXRvcnkxNTI5OTIxMDU=,2018-10-14T16:00:42Z,2026-05-07T09:36:54Z,2026-04-12T06:03:50Z,281,False,wf-recorder,ammen99/wf-recorder,git@github.com:ammen99/wf-recorder.git,1254
MDEwOlJlcG9zaXRvcnkxNTI5ODgxNzA=,2018-10-14T15:21:52Z,2026-03-13T07:35:07Z,2026-03-13T07:35:04Z,156,False,tagsystem,grastvei007/tagsystem,git@github.com:grastvei007/tagsystem.git,0
MDEwOlJlcG9zaXRvcnkxNTI5Nzc3MjU=,2018-10-14T13:38:41Z,2026-05-06T08:52:20Z,2026-05-06T09:02:47Z,344160,True,ls1-mardyn,ls1mardyn/ls1-mardyn,git@github.com:ls1mardyn/ls1-mardyn.git,32
MDEwOlJlcG9zaXRvcnkxNTI5NzI1MTc=,2018-10-14T12:41:15Z,2026-03-03T13:40:30Z,2026-03-03T13:40:25Z,435,False,OpenGL_Titanic,MahmudJion/OpenGL_Titanic,git@github.com:MahmudJion/OpenGL_Titanic.git,0
MDEwOlJlcG9zaXRvcnkxNTI5MTkyNjM=,2018-10-13T22:20:45Z,2026-04-30T15:51:11Z,2026-04-30T15:50:28Z,389,False,impgl,libelle17/impgl,git@github.com:libelle17/impgl.git,0
MDEwOlJlcG9zaXRvcnkxNTI5MDUxNDI=,2018-10-13T19:03:19Z,2026-05-05T00:00:34Z,2026-04-29T21:40:59Z,2227,False,wide-integer,ckormanyos/wide-integer,git@github.com:ckormanyos/wide-integer.git,215
MDEwOlJlcG9zaXRvcnkxNTI4ODU4MDI=,2018-10-13T15:28:18Z,2026-03-19T06:57:51Z,2026-03-19T06:57:47Z,61977,True,aapi,orpaltech/aapi,git@github.com:orpaltech/aapi.git,0
MDEwOlJlcG9zaXRvcnkxNTI4MzMyMDQ=,2018-10-13T03:57:58Z,2026-05-06T16:28:04Z,2026-04-14T00:25:07Z,16903,False,archivelib-rs,software-opal/archivelib-rs,git@github.com:software-opal/archivelib-rs.git,3
MDEwOlJlcG9zaXRvcnkxNTI3OTc5Njk=,2018-10-12T19:22:38Z,2026-04-06T21:03:41Z,2026-05-04T23:34:53Z,6760,True,nuflux,icecube/nuflux,git@github.com:icecube/nuflux.git,18
MDEwOlJlcG9zaXRvcnkxNTI3Nzk5MzM=,2018-10-12T16:36:58Z,2026-03-15T20:39:14Z,2026-03-15T20:39:10Z,536,True,XmlParser-CPP,StarlangSoftware/XmlParser-CPP,git@github.com:StarlangSoftware/XmlParser-CPP.git,2
MDEwOlJlcG9zaXRvcnkxNTI3NzE3MzU=,2018-10-12T15:30:26Z,2026-04-02T18:34:12Z,2026-04-23T18:33:51Z,10097,True,ControlGRIS,GRIS-UdeM/ControlGRIS,git@github.com:GRIS-UdeM/ControlGRIS.git,11
MDEwOlJlcG9zaXRvcnkxNTI3NTM3MjI=,2018-10-12T13:20:57Z,2026-03-15T20:33:30Z,2026-03-15T20:33:26Z,1967,True,Math-CPP,StarlangSoftware/Math-CPP,git@github.com:StarlangSoftware/Math-CPP.git,1
MDEwOlJlcG9zaXRvcnkxNTI3NTMzOTQ=,2018-10-12T13:18:30Z,2026-05-01T20:16:39Z,2026-04-16T11:23:41Z,5320,True,xeus-python,jupyter-xeus/xeus-python,git@github.com:jupyter-xeus/xeus-python.git,472
MDEwOlJlcG9zaXRvcnkxNTI3MjUyNTE=,2018-10-12T09:15:44Z,2026-04-24T16:41:43Z,2026-04-24T16:41:44Z,14742,True,qt-installer-framework,sailfishos/qt-installer-framework,git@github.com:sailfishos/qt-installer-framework.git,1
MDEwOlJlcG9zaXRvcnkxNTI3MTQ4NDU=,2018-10-12T07:59:18Z,2026-05-01T09:31:12Z,2026-05-01T09:31:08Z,28601,False,HitagiEngine,L-Sun/HitagiEngine,git@github.com:L-Sun/HitagiEngine.git,64
MDEwOlJlcG9zaXRvcnkxNTI2MzExODI=,2018-10-11T17:38:35Z,2026-05-07T11:19:15Z,2026-05-06T03:47:26Z,27115,False,LeetCode-Solutions,kamyu104/LeetCode-Solutions,git@github.com:kamyu104/LeetCode-Solutions.git,5215
MDEwOlJlcG9zaXRvcnkxNTI2Mjc4NDk=,2018-10-11T17:11:06Z,2026-05-05T21:36:52Z,2026-05-05T21:46:41Z,21583,True,piratecash,piratecash/piratecash,git@github.com:piratecash/piratecash.git,32
MDEwOlJlcG9zaXRvcnkxNTI2MTY4MDI=,2018-10-11T15:45:35Z,2026-05-06T22:03:19Z,2026-05-07T11:22:33Z,76390,True,cuml,rapidsai/cuml,git@github.com:rapidsai/cuml.git,5185
MDEwOlJlcG9zaXRvcnkxNTI2MDY1MzY=,2018-10-11T14:37:07Z,2026-05-03T14:47:09Z,2026-05-02T03:12:15Z,4270246,False,DummyEngine,sergcpp/DummyEngine,git@github.com:sergcpp/DummyEngine.git,387
MDEwOlJlcG9zaXRvcnkxNTI1NjMyNDY=,2018-10-11T09:09:56Z,2026-04-18T08:12:26Z,2026-05-06T10:30:12Z,3821,True,momo,shiguredo/momo,git@github.com:shiguredo/momo.git,845
MDEwOlJlcG9zaXRvcnkxNTI1Mjk2MDg=,2018-10-11T04:09:05Z,2026-05-06T05:05:59Z,2026-05-06T05:05:56Z,3364,False,cpp_v1,PeterGH/cpp_v1,git@github.com:PeterGH/cpp_v1.git,0
MDEwOlJlcG9zaXRvcnkxNTI1MTk3OTM=,2018-10-11T02:36:54Z,2026-04-25T16:06:11Z,2026-03-17T02:07:22Z,7105,True,rocketmq-client-cpp,apache/rocketmq-client-cpp,git@github.com:apache/rocketmq-client-cpp.git,391
MDEwOlJlcG9zaXRvcnkxNTI1MTk0MzE=,2018-10-11T02:33:28Z,2026-05-04T05:45:31Z,2026-05-04T04:00:26Z,125586,True,tesseract,thigiacmaytinh/tesseract,git@github.com:thigiacmaytinh/tesseract.git,1
MDEwOlJlcG9zaXRvcnkxNTI1MTEyNzc=,2018-10-11T01:16:16Z,2026-05-03T12:20:13Z,2026-03-31T06:27:57Z,20115,True,MP-SPDZ,data61/MP-SPDZ,git@github.com:data61/MP-SPDZ.git,1148
MDEwOlJlcG9zaXRvcnkxNTI0ODQzNzE=,2018-10-10T20:17:17Z,2026-04-24T18:49:26Z,2026-04-24T18:49:21Z,14,False,SyntaxPrograms,cfrontin/SyntaxPrograms,git@github.com:cfrontin/SyntaxPrograms.git,0
MDEwOlJlcG9zaXRvcnkxNTI0Njk5NjI=,2018-10-10T18:22:18Z,2026-04-13T06:39:18Z,2026-04-13T06:39:14Z,1100,False,LogATE,el-bart/LogATE,git@github.com:el-bart/LogATE.git,4
MDEwOlJlcG9zaXRvcnkxNTI0NTg0MzI=,2018-10-10T16:54:05Z,2026-04-27T11:46:23Z,2026-04-24T16:51:14Z,311391,False,pgadmin3,levinsv/pgadmin3,git@github.com:levinsv/pgadmin3.git,68
MDEwOlJlcG9zaXRvcnkxNTI0NDU3NzY=,2018-10-10T15:22:42Z,2026-03-05T03:38:49Z,2026-03-05T03:38:46Z,4514,False,cppworkshop,Junch/cppworkshop,git@github.com:Junch/cppworkshop.git,0
MDEwOlJlcG9zaXRvcnkxNTI0NDIxNTU=,2018-10-10T15:00:11Z,2026-05-05T17:32:35Z,2026-05-05T17:32:30Z,580,False,CoroGB,TheThief/CoroGB,git@github.com:TheThief/CoroGB.git,54
MDEwOlJlcG9zaXRvcnkxNTI0MzM2NzY=,2018-10-10T14:05:45Z,2026-05-02T16:01:41Z,2026-05-02T16:01:38Z,617,False,sockpuppet,mporsch/sockpuppet,git@github.com:mporsch/sockpuppet.git,17
MDEwOlJlcG9zaXRvcnkxNTIzOTU3MjM=,2018-10-10T09:14:49Z,2026-04-24T09:04:19Z,2026-04-24T09:04:15Z,351,True,delta,eeduro/delta,git@github.com:eeduro/delta.git,5
MDEwOlJlcG9zaXRvcnkxNTIzMzg1Njk=,2018-10-10T00:20:21Z,2026-04-17T22:51:12Z,2026-04-17T22:51:08Z,333,False,libEDMIDI,Wohlstand/libEDMIDI,git@github.com:Wohlstand/libEDMIDI.git,19
MDEwOlJlcG9zaXRvcnkxNTIzMjQzODU=,2018-10-09T21:33:58Z,2026-03-13T18:37:01Z,2026-03-13T18:36:57Z,1325,True,Code,Programmable-Air/Code,git@github.com:Programmable-Air/Code.git,50
MDEwOlJlcG9zaXRvcnkxNTIzMjAxNTM=,2018-10-09T20:56:26Z,2026-05-05T11:47:31Z,2026-05-05T11:47:32Z,10981,False,ShaderWriter,DragonJoker/ShaderWriter,git@github.com:DragonJoker/ShaderWriter.git,262
MDEwOlJlcG9zaXRvcnkxNTIyNzQ0MzQ=,2018-10-09T15:20:12Z,2026-03-28T00:06:15Z,2026-05-05T23:09:23Z,658,False,common_robotics_utilities,calderpg/common_robotics_utilities,git@github.com:calderpg/common_robotics_utilities.git,26
MDEwOlJlcG9zaXRvcnkxNTIyNDIxMDQ=,2018-10-09T11:49:35Z,2026-03-15T13:33:59Z,2026-03-15T13:33:55Z,150,False,image_viewer,kitkat4/image_viewer,git@github.com:kitkat4/image_viewer.git,1
MDEwOlJlcG9zaXRvcnkxNTIyMjYzOTM=,2018-10-09T09:42:50Z,2026-05-04T18:10:24Z,2026-05-04T18:10:20Z,1550,False,permutalib,MathieuDutSik/permutalib,git@github.com:MathieuDutSik/permutalib.git,4
MDEwOlJlcG9zaXRvcnkxNTIxODE5MDE=,2018-10-09T03:25:17Z,2026-05-07T06:23:33Z,2026-05-07T11:31:49Z,550646,False,Arctic-Fox,rmottola/Arctic-Fox,git@github.com:rmottola/Arctic-Fox.git,479
MDEwOlJlcG9zaXRvcnkxNTIxNzI4OTI=,2018-10-09T02:05:51Z,2026-03-28T19:50:57Z,2026-03-28T19:50:07Z,4661,False,shadow-forest,electronicsleep/shadow-forest,git@github.com:electronicsleep/shadow-forest.git,3
MDEwOlJlcG9zaXRvcnkxNTIwODYwOTQ=,2018-10-08T13:37:43Z,2026-04-14T19:10:57Z,2026-04-14T12:08:26Z,110151,True,IOHexperimenter,IOHprofiler/IOHexperimenter,git@github.com:IOHprofiler/IOHexperimenter.git,71
MDEwOlJlcG9zaXRvcnkxNTIwNjk2MTY=,2018-10-08T11:35:53Z,2026-03-29T15:12:12Z,2026-03-29T15:12:08Z,175040,False,mg-engine,Magnutic/mg-engine,git@github.com:Magnutic/mg-engine.git,0
MDEwOlJlcG9zaXRvcnkxNTE5ODM0OTk=,2018-10-07T20:41:01Z,2026-05-06T04:40:44Z,2026-05-06T04:40:39Z,321,False,calculator-comrade-lib,DmitryDzz/calculator-comrade-lib,git@github.com:DmitryDzz/calculator-comrade-lib.git,2
MDEwOlJlcG9zaXRvcnkxNTE5Mjg5NDM=,2018-10-07T10:14:50Z,2026-05-06T07:53:05Z,2026-05-06T07:53:01Z,600,False,CompetitiveProgramming,micelo/CompetitiveProgramming,git@github.com:micelo/CompetitiveProgramming.git,0
MDEwOlJlcG9zaXRvcnkxNTE5MDgyMTc=,2018-10-07T05:12:11Z,2026-03-17T07:24:44Z,2026-03-17T07:24:41Z,7,False,some-files,WMDantibirth/some-files,git@github.com:WMDantibirth/some-files.git,1
MDEwOlJlcG9zaXRvcnkxNTE4NDM0MDI=,2018-10-06T13:37:37Z,2026-04-24T03:56:26Z,2026-04-24T03:55:02Z,281,False,hello-world,Holosim/hello-world,git@github.com:Holosim/hello-world.git,0
MDEwOlJlcG9zaXRvcnkxNTE4MzI4Mjg=,2018-10-06T11:22:14Z,2026-05-07T11:34:59Z,2026-04-14T20:37:43Z,111665,False,VRM4U,ruyo/VRM4U,git@github.com:ruyo/VRM4U.git,1859
MDEwOlJlcG9zaXRvcnkxNTE4MDE0NDI=,2018-10-06T03:30:27Z,2026-05-05T06:30:01Z,2026-04-16T22:58:07Z,278,False,dinputto8,elishacloud/dinputto8,git@github.com:elishacloud/dinputto8.git,159
MDEwOlJlcG9zaXRvcnkxNTE3NzA3NTE=,2018-10-05T19:51:15Z,2026-04-25T06:30:50Z,2026-04-25T06:30:46Z,2975451,False,BadBoy,GerdGames/BadBoy,git@github.com:GerdGames/BadBoy.git,0
MDEwOlJlcG9zaXRvcnkxNTE3NjczMjI=,2018-10-05T19:17:39Z,2026-05-06T23:26:51Z,2026-05-06T23:26:46Z,4000,True,aws-ofi-nccl,aws/aws-ofi-nccl,git@github.com:aws/aws-ofi-nccl.git,212
MDEwOlJlcG9zaXRvcnkxNTE3NDYyMDU=,2018-10-05T16:05:01Z,2026-05-06T07:58:23Z,2026-03-03T00:32:10Z,881,False,CurrentRanger,LowPowerLab/CurrentRanger,git@github.com:LowPowerLab/CurrentRanger.git,107
MDEwOlJlcG9zaXRvcnkxNTE3MTQ4Mjg=,2018-10-05T12:05:39Z,2026-05-02T09:23:47Z,2026-05-02T09:23:43Z,68008,False,Resort-2,End1-1/Resort-2,git@github.com:End1-1/Resort-2.git,1
MDEwOlJlcG9zaXRvcnkxNTE2NzU0ODE=,2018-10-05T05:39:51Z,2026-05-07T01:50:20Z,2026-05-04T14:11:25Z,6029,True,qulacs,qulacs/qulacs,git@github.com:qulacs/qulacs.git,513
MDEwOlJlcG9zaXRvcnkxNTE2NTYyNzQ=,2018-10-05T01:20:53Z,2026-05-01T04:39:33Z,2026-05-01T04:39:29Z,579,False,DevCore,nickshl/DevCore,git@github.com:nickshl/DevCore.git,1
MDEwOlJlcG9zaXRvcnkxNTE2MzMyNjI=,2018-10-04T20:41:10Z,2026-03-28T12:45:21Z,2026-03-28T12:45:18Z,894,False,stereo_matching,bill2239/stereo_matching,git@github.com:bill2239/stereo_matching.git,4
MDEwOlJlcG9zaXRvcnkxNTE1OTY4NTY=,2018-10-04T15:47:26Z,2026-03-05T14:40:02Z,2026-03-05T14:36:42Z,83,False,JSON,X-Ryl669/JSON,git@github.com:X-Ryl669/JSON.git,5
MDEwOlJlcG9zaXRvcnkxNTE1NDgxNjU=,2018-10-04T09:30:24Z,2026-05-07T05:23:02Z,2026-05-07T05:22:59Z,4349,True,keurocalc,KDE/keurocalc,git@github.com:KDE/keurocalc.git,5
MDEwOlJlcG9zaXRvcnkxNTE1MjQ4MjM=,2018-10-04T05:52:28Z,2026-03-17T09:49:35Z,2026-03-17T09:49:31Z,8067,True,TurkishPropBank-CPP,StarlangSoftware/TurkishPropBank-CPP,git@github.com:StarlangSoftware/TurkishPropBank-CPP.git,2
MDEwOlJlcG9zaXRvcnkxNTE0MzgzODY=,2018-10-03T15:47:11Z,2026-03-17T15:44:43Z,2026-03-18T10:21:17Z,179,True,vt-ndarray,vortechbv/vt-ndarray,git@github.com:vortechbv/vt-ndarray.git,1
MDEwOlJlcG9zaXRvcnkxNTE0MzU1NzY=,2018-10-03T15:29:57Z,2026-04-23T07:49:42Z,2026-04-23T07:49:38Z,52798,False,Resort,End1-1/Resort,git@github.com:End1-1/Resort.git,1
MDEwOlJlcG9zaXRvcnkxNTE0MTk1NjM=,2018-10-03T13:45:35Z,2026-04-29T14:40:21Z,2026-04-29T14:34:01Z,43,False,CTDL-GT,tiennm99/CTDL-GT,git@github.com:tiennm99/CTDL-GT.git,0
MDEwOlJlcG9zaXRvcnkxNTE0MDcyNjU=,2018-10-03T12:14:31Z,2026-05-01T07:47:46Z,2026-05-03T06:36:43Z,2407,False,Arduino,RalfSondershaus/Arduino,git@github.com:RalfSondershaus/Arduino.git,0
MDEwOlJlcG9zaXRvcnkxNTEzODAyNzY=,2018-10-03T08:07:27Z,2026-04-25T14:20:17Z,2026-04-25T14:20:12Z,298784,False,Cafe5,End1-1/Cafe5,git@github.com:End1-1/Cafe5.git,2
MDEwOlJlcG9zaXRvcnkxNTEzNDgxMzU=,2018-10-03T01:53:06Z,2026-05-04T13:35:38Z,2026-05-01T17:32:58Z,5740,True,ensmallen,mlpack/ensmallen,git@github.com:mlpack/ensmallen.git,808
MDEwOlJlcG9zaXRvcnkxNTEzMDkwMTg=,2018-10-02T19:10:57Z,2026-05-07T09:57:06Z,2026-05-01T18:57:13Z,301902,True,DJV,grizzlypeak3d/DJV,git@github.com:grizzlypeak3d/DJV.git,1041
MDEwOlJlcG9zaXRvcnkxNTEyNzE1NTQ=,2018-10-02T14:47:04Z,2026-04-13T02:41:27Z,2026-03-04T22:41:17Z,2682,True,ipfixcol2,CESNET/ipfixcol2,git@github.com:CESNET/ipfixcol2.git,191
MDEwOlJlcG9zaXRvcnkxNTEyNjE2ODc=,2018-10-02T13:46:40Z,2026-04-30T03:42:13Z,2026-04-30T03:42:09Z,918,False,Brainfunk,NeoChen1024/Brainfunk,git@github.com:NeoChen1024/Brainfunk.git,5
MDEwOlJlcG9zaXRvcnkxNTEyNTU1Mzg=,2018-10-02T13:03:39Z,2026-05-01T12:11:27Z,2026-03-30T20:59:40Z,522,False,sysprog,Gerold103/sysprog,git@github.com:Gerold103/sysprog.git,36
MDEwOlJlcG9zaXRvcnkxNTExMzg3ODY=,2018-10-01T18:34:22Z,2026-03-03T19:06:53Z,2026-03-03T19:06:49Z,23777,False,BWidgets,sjaehn/BWidgets,git@github.com:sjaehn/BWidgets.git,19
MDEwOlJlcG9zaXRvcnkxNTExMjI5NzE=,2018-10-01T16:47:13Z,2026-05-05T08:22:21Z,2026-03-13T12:36:43Z,1822,True,thingsboard-client-sdk,thingsboard/thingsboard-client-sdk,git@github.com:thingsboard/thingsboard-client-sdk.git,201
MDEwOlJlcG9zaXRvcnkxNTEwOTUxMzM=,2018-10-01T13:41:22Z,2026-04-28T20:01:35Z,2026-04-28T20:01:29Z,847,False,generalizedLouvain,michaelschaub/generalizedLouvain,git@github.com:michaelschaub/generalizedLouvain.git,23
MDEwOlJlcG9zaXRvcnkxNTEwNTk3MTg=,2018-10-01T08:46:22Z,2026-04-30T13:28:18Z,2026-04-25T10:27:35Z,16128,False,MPCC,alexliniger/MPCC,git@github.com:alexliniger/MPCC.git,1810
MDEwOlJlcG9zaXRvcnkxNTEwMTEzOTQ=,2018-09-30T22:09:01Z,2026-05-04T13:33:58Z,2026-05-03T15:54:00Z,17155,False,Libbulletjme,stephengold/Libbulletjme,git@github.com:stephengold/Libbulletjme.git,103
MDEwOlJlcG9zaXRvcnkxNTA5Nzc2MDA=,2018-09-30T15:06:37Z,2026-05-06T02:20:40Z,2026-04-18T15:47:50Z,104215,False,brakeza3d,rzeronte/brakeza3d,git@github.com:rzeronte/brakeza3d.git,79
MDEwOlJlcG9zaXRvcnkxNTA5NzY1ODI=,2018-09-30T14:54:59Z,2026-04-09T12:44:40Z,2026-04-09T12:44:35Z,15164,False,Cosmic_Loop,kreiff/Cosmic_Loop,git@github.com:kreiff/Cosmic_Loop.git,20
MDEwOlJlcG9zaXRvcnkxNTA5NTE2OTE=,2018-09-30T09:17:23Z,2026-05-05T08:53:02Z,2026-05-01T14:31:15Z,2275,False,shanten-number,tomohxx/shanten-number,git@github.com:tomohxx/shanten-number.git,52
MDEwOlJlcG9zaXRvcnkxNTA5NDEwNTA=,2018-09-30T07:07:50Z,2026-04-18T10:54:11Z,2026-04-18T11:10:04Z,3225,True,tcMenuLib,TcMenu/tcMenuLib,git@github.com:TcMenu/tcMenuLib.git,117
MDEwOlJlcG9zaXRvcnkxNTA5MDA3Nzk=,2018-09-29T20:31:03Z,2026-04-26T23:58:41Z,2026-04-26T23:59:08Z,351,True,thirdparty-opencv,wpilibsuite/thirdparty-opencv,git@github.com:wpilibsuite/thirdparty-opencv.git,8
MDEwOlJlcG9zaXRvcnkxNTA4NjUwOTM=,2018-09-29T13:06:09Z,2026-04-28T22:04:10Z,2026-04-28T22:04:01Z,1591,False,ITADOS-Project,ItaDOS-Project/ITADOS-Project,git@github.com:ItaDOS-Project/ITADOS-Project.git,8
MDEwOlJlcG9zaXRvcnkxNTA4NjEwMzg=,2018-09-29T12:14:34Z,2026-03-15T20:39:50Z,2026-03-15T20:39:46Z,434,True,Util-CPP,StarlangSoftware/Util-CPP,git@github.com:StarlangSoftware/Util-CPP.git,1
MDEwOlJlcG9zaXRvcnkxNTA4NjAzNjE=,2018-09-29T12:05:36Z,2026-03-15T20:39:30Z,2026-03-15T20:39:27Z,235,True,Sampling-CPP,StarlangSoftware/Sampling-CPP,git@github.com:StarlangSoftware/Sampling-CPP.git,2
MDEwOlJlcG9zaXRvcnkxNTA3OTU2NTM=,2018-09-28T21:20:22Z,2026-05-07T08:59:53Z,2026-03-29T15:34:40Z,1702,True,amr,ncbi/amr,git@github.com:ncbi/amr.git,364
MDEwOlJlcG9zaXRvcnkxNTA3OTM1Njg=,2018-09-28T20:54:27Z,2026-04-29T17:55:01Z,2026-04-29T17:54:57Z,1124,False,CMPUT379,Danissss/CMPUT379,git@github.com:Danissss/CMPUT379.git,0
MDEwOlJlcG9zaXRvcnkxNTA3ODIxODE=,2018-09-28T18:48:20Z,2026-05-03T12:59:17Z,2026-05-03T13:13:16Z,60909,False,MyProject,gyakkul/MyProject,git@github.com:gyakkul/MyProject.git,0
MDEwOlJlcG9zaXRvcnkxNTA3NzUxNTc=,2018-09-28T17:43:41Z,2026-03-25T14:15:50Z,2026-04-16T02:19:12Z,163,False,libstdframe_qt,wilsonsouza/libstdframe_qt,git@github.com:wilsonsouza/libstdframe_qt.git,0
MDEwOlJlcG9zaXRvcnkxNTA3NzQyODc=,2018-09-28T17:35:52Z,2026-05-06T21:03:42Z,2026-04-25T17:37:06Z,127288,False,Osiris,danielkrupinski/Osiris,git@github.com:danielkrupinski/Osiris.git,3707
MDEwOlJlcG9zaXRvcnkxNTA3NTcxMzM=,2018-09-28T15:03:36Z,2026-04-20T12:14:18Z,2026-04-20T12:14:14Z,1203,True,Lima-camera-ufxc,soleil-ica/Lima-camera-ufxc,git@github.com:soleil-ica/Lima-camera-ufxc.git,0
MDEwOlJlcG9zaXRvcnkxNTA3MjgxNjk=,2018-09-28T11:08:20Z,2026-03-01T15:35:42Z,2026-03-01T15:35:38Z,33,False,petdetective,dsharonov/petdetective,git@github.com:dsharonov/petdetective.git,0
MDEwOlJlcG9zaXRvcnkxNTA3MDYzMDA=,2018-09-28T08:01:35Z,2026-03-02T18:11:43Z,2026-03-02T18:24:16Z,851,False,winswitch,konstlvov/winswitch,git@github.com:konstlvov/winswitch.git,0
MDEwOlJlcG9zaXRvcnkxNTA2ODc4MzM=,2018-09-28T04:57:16Z,2026-04-26T13:03:47Z,2026-04-26T13:03:42Z,888,True,cpp-dispatcher,pqrs-org/cpp-dispatcher,git@github.com:pqrs-org/cpp-dispatcher.git,2
MDEwOlJlcG9zaXRvcnkxNTA2NDc4Njc=,2018-09-27T21:07:07Z,2026-05-05T23:43:31Z,2026-05-01T19:46:48Z,16127,True,IXWebSocket,machinezone/IXWebSocket,git@github.com:machinezone/IXWebSocket.git,745
MDEwOlJlcG9zaXRvcnkxNTA2Mjk5OTk=,2018-09-27T18:20:53Z,2026-04-22T17:59:45Z,2026-04-22T17:59:41Z,13056,False,ctf01d,sea5kg/ctf01d,git@github.com:sea5kg/ctf01d.git,28
MDEwOlJlcG9zaXRvcnkxNTA2MjY4NDI=,2018-09-27T17:53:35Z,2026-05-06T12:48:56Z,2026-05-06T12:48:52Z,88756,True,warpx,BLAST-WarpX/warpx,git@github.com:BLAST-WarpX/warpx.git,447
MDEwOlJlcG9zaXRvcnkxNTA2MTA5ODk=,2018-09-27T15:45:21Z,2026-04-21T15:59:47Z,2026-04-21T15:59:43Z,38,False,C32-Collaboration,ftheriault/C32-Collaboration,git@github.com:ftheriault/C32-Collaboration.git,0
MDEwOlJlcG9zaXRvcnkxNTA1ODk0MzI=,2018-09-27T13:15:03Z,2026-04-05T23:26:01Z,2026-04-05T17:48:15Z,256,False,d3d10-mmxlc,xzn/d3d10-mmxlc,git@github.com:xzn/d3d10-mmxlc.git,7
MDEwOlJlcG9zaXRvcnkxNTA0ODExMDQ=,2018-09-26T19:42:46Z,2026-03-04T19:47:16Z,2026-03-04T19:46:58Z,276365,True,MBES-lib,CIDCO-dev/MBES-lib,git@github.com:CIDCO-dev/MBES-lib.git,35
MDEwOlJlcG9zaXRvcnkxNTA0NjkwOTQ=,2018-09-26T18:05:02Z,2026-04-03T09:57:45Z,2026-04-03T09:57:42Z,1403,False,Pyro,gregersn/Pyro,git@github.com:gregersn/Pyro.git,2
MDEwOlJlcG9zaXRvcnkxNTA0NTgzMzU=,2018-09-26T16:40:53Z,2026-05-06T16:25:34Z,2026-05-07T11:37:35Z,87537,True,model_server,openvinotoolkit/model_server,git@github.com:openvinotoolkit/model_server.git,874
MDEwOlJlcG9zaXRvcnkxNTA0NDkzNTA=,2018-09-26T15:32:52Z,2026-05-06T21:34:17Z,2026-05-06T21:38:20Z,38080,True,pisa,pisa-engine/pisa,git@github.com:pisa-engine/pisa.git,1049
MDEwOlJlcG9zaXRvcnkxNTA0MzUwMzU=,2018-09-26T13:55:57Z,2026-05-06T08:59:25Z,2026-05-06T08:59:21Z,2056,False,np,simoncblyth/np,git@github.com:simoncblyth/np.git,2
MDEwOlJlcG9zaXRvcnkxNTA0Mjg2MjM=,2018-09-26T13:10:32Z,2026-04-28T03:52:51Z,2026-04-28T03:52:47Z,115,True,nvortexVc,Applied-Scientific-Research/nvortexVc,git@github.com:Applied-Scientific-Research/nvortexVc.git,4
MDEwOlJlcG9zaXRvcnkxNTA0MTc2NTI=,2018-09-26T11:43:46Z,2026-03-01T15:00:24Z,2026-03-01T15:00:20Z,277,False,xerxes,ddlindeque/xerxes,git@github.com:ddlindeque/xerxes.git,0
MDEwOlJlcG9zaXRvcnkxNTAzNzg2Nzc=,2018-09-26T06:28:21Z,2026-05-01T16:44:08Z,2026-04-15T18:27:36Z,2561,False,HFSM2,andrew-gresyk/HFSM2,git@github.com:andrew-gresyk/HFSM2.git,612
MDEwOlJlcG9zaXRvcnkxNTAzMTY3NDk=,2018-09-25T19:13:41Z,2026-04-30T18:13:49Z,2026-04-20T17:27:39Z,5928,True,neocd_libretro,libretro/neocd_libretro,git@github.com:libretro/neocd_libretro.git,74
MDEwOlJlcG9zaXRvcnkxNTAzMTM5ODI=,2018-09-25T18:49:55Z,2026-04-25T23:16:51Z,2026-04-25T23:16:46Z,73708,False,oma2,mblong/oma2,git@github.com:mblong/oma2.git,0
MDEwOlJlcG9zaXRvcnkxNTAzMDUxNjQ=,2018-09-25T17:39:22Z,2026-05-05T05:40:11Z,2026-05-05T05:40:07Z,39,False,birch,benjamin-bader/birch,git@github.com:benjamin-bader/birch.git,0
MDEwOlJlcG9zaXRvcnkxNTAyNzY5MjM=,2018-09-25T14:16:00Z,2026-05-02T06:19:15Z,2026-05-02T06:19:12Z,977,True,automatic-calibration,kmzbrnoI/automatic-calibration,git@github.com:kmzbrnoI/automatic-calibration.git,1
MDEwOlJlcG9zaXRvcnkxNTAyNzY2Mjk=,2018-09-25T14:14:09Z,2026-05-06T12:53:59Z,2026-05-06T12:53:55Z,17,False,Programming,Tajmal-Hussain-Abbasi/Programming,git@github.com:Tajmal-Hussain-Abbasi/Programming.git,0
MDEwOlJlcG9zaXRvcnkxNTAyNzIyNDA=,2018-09-25T13:46:01Z,2026-05-01T17:27:24Z,2026-05-06T07:30:51Z,344651,True,Generator,GENIE-MC/Generator,git@github.com:GENIE-MC/Generator.git,60
MDEwOlJlcG9zaXRvcnkxNTAyNzAwNDM=,2018-09-25T13:30:26Z,2026-05-02T10:59:20Z,2026-05-02T10:59:16Z,3793,True,VieSchedppGUI,TUW-VieVS/VieSchedppGUI,git@github.com:TUW-VieVS/VieSchedppGUI.git,7
MDEwOlJlcG9zaXRvcnkxNTAyNjk5Mjc=,2018-09-25T13:29:34Z,2026-04-24T07:23:19Z,2026-04-24T07:23:15Z,254723,True,VieSchedpp,TUW-VieVS/VieSchedpp,git@github.com:TUW-VieVS/VieSchedpp.git,19
MDEwOlJlcG9zaXRvcnkxNTAyNjc1ODQ=,2018-09-25T13:13:20Z,2026-03-27T07:18:10Z,2026-03-27T07:18:06Z,6413,False,windows-exploitation,ayoubfaouzi/windows-exploitation,git@github.com:ayoubfaouzi/windows-exploitation.git,193
MDEwOlJlcG9zaXRvcnkxNTAyNDg1NjI=,2018-09-25T10:36:37Z,2026-05-07T11:22:48Z,2026-05-07T11:22:44Z,14878,False,island,tgfrerer/island,git@github.com:tgfrerer/island.git,1270
MDEwOlJlcG9zaXRvcnkxNTAxNjEyNDU=,2018-09-24T20:02:29Z,2026-04-09T13:10:18Z,2026-03-29T18:41:20Z,16340,False,InterSquish,SlimShaggy/InterSquish,git@github.com:SlimShaggy/InterSquish.git,6
MDEwOlJlcG9zaXRvcnkxNTAxNTQ2Mjg=,2018-09-24T19:07:42Z,2026-05-07T05:48:35Z,2026-05-07T06:05:37Z,40228,True,FBGEMM,pytorch/FBGEMM,org-21003710@github.com:pytorch/FBGEMM.git,1558
MDEwOlJlcG9zaXRvcnkxNTAxNTA2ODE=,2018-09-24T18:36:45Z,2026-05-05T14:57:03Z,2026-04-06T14:02:09Z,297074,True,Cabana,ECP-copa/Cabana,git@github.com:ECP-copa/Cabana.git,267
MDEwOlJlcG9zaXRvcnkxNTAxMTY2NDY=,2018-09-24T14:34:13Z,2026-04-27T01:22:45Z,2026-05-03T13:02:39Z,16019,False,ThrEd4,dgswilkins/ThrEd4,git@github.com:dgswilkins/ThrEd4.git,1
MDEwOlJlcG9zaXRvcnkxNTAxMDkxMjA=,2018-09-24T13:44:30Z,2026-03-23T02:33:05Z,2026-03-23T02:33:01Z,1562,False,toolchain,chys87/toolchain,git@github.com:chys87/toolchain.git,0
MDEwOlJlcG9zaXRvcnkxNTAwNjkyOTQ=,2018-09-24T07:42:21Z,2026-05-04T14:51:26Z,2026-05-02T11:56:24Z,3156,False,GeneRax,BenoitMorel/GeneRax,git@github.com:BenoitMorel/GeneRax.git,80
MDEwOlJlcG9zaXRvcnkxNTAwNDU0Nzc=,2018-09-24T02:33:01Z,2026-03-31T06:07:54Z,2026-03-31T06:07:50Z,11,False,Senior-High-Basic-Programming,joey11121/Senior-High-Basic-Programming,git@github.com:joey11121/Senior-High-Basic-Programming.git,0
MDEwOlJlcG9zaXRvcnkxNDk5NzQwNjM=,2018-09-23T10:31:35Z,2026-05-03T06:10:56Z,2026-05-03T06:10:52Z,117,True,mpi4cpp,hel-astro-lab/mpi4cpp,git@github.com:hel-astro-lab/mpi4cpp.git,7
MDEwOlJlcG9zaXRvcnkxNDk5MjI4OTg=,2018-09-22T21:38:27Z,2026-04-30T00:52:29Z,2026-03-22T10:57:24Z,32,False,HiveTech,fjoelnr/HiveTech,git@github.com:fjoelnr/HiveTech.git,1
MDEwOlJlcG9zaXRvcnkxNDk5MDI2ODM=,2018-09-22T17:57:01Z,2026-05-01T20:01:14Z,2026-05-01T20:01:10Z,18384,False,chimera,SnowyMouse/chimera,git@github.com:SnowyMouse/chimera.git,232
MDEwOlJlcG9zaXRvcnkxNDk4OTg3NDE=,2018-09-22T17:11:42Z,2026-04-02T20:55:53Z,2026-04-02T20:55:46Z,100,True,MipSDK-Policy-Cpp-Sample,Azure-Samples/MipSDK-Policy-Cpp-Sample,git@github.com:Azure-Samples/MipSDK-Policy-Cpp-Sample.git,4
MDEwOlJlcG9zaXRvcnkxNDk4NDYyNTc=,2018-09-22T04:47:51Z,2026-03-04T16:42:53Z,2026-03-04T16:42:02Z,1168,False,shareAnalyze,gostop9/shareAnalyze,git@github.com:gostop9/shareAnalyze.git,0
MDEwOlJlcG9zaXRvcnkxNDk4MjQ0Mjc=,2018-09-21T22:23:12Z,2026-04-03T13:40:37Z,2026-04-23T18:22:18Z,294,True,shift-python,hanlonlab/shift-python,git@github.com:hanlonlab/shift-python.git,65
MDEwOlJlcG9zaXRvcnkxNDk3NzEwNDA=,2018-09-21T13:58:52Z,2026-05-05T11:46:37Z,2026-05-06T12:18:25Z,117390,True,qualisys_cpp_sdk,qualisys/qualisys_cpp_sdk,git@github.com:qualisys/qualisys_cpp_sdk.git,25
MDEwOlJlcG9zaXRvcnkxNDk3NDI4OTI=,2018-09-21T09:38:48Z,2026-04-16T10:21:41Z,2026-04-16T10:22:00Z,6732,False,mitama-cpp-result,loliGothicK/mitama-cpp-result,git@github.com:loliGothicK/mitama-cpp-result.git,59
MDEwOlJlcG9zaXRvcnkxNDk3MTEyMzQ=,2018-09-21T04:48:01Z,2026-03-04T19:47:22Z,2026-03-04T19:47:17Z,106188,True,SBET-decoder,CIDCO-dev/SBET-decoder,git@github.com:CIDCO-dev/SBET-decoder.git,0
MDEwOlJlcG9zaXRvcnkxNDk1NzM5OTc=,2018-09-20T08:05:59Z,2026-05-07T05:48:23Z,2026-05-07T06:33:23Z,67412,False,playground,liubang/playground,git@github.com:liubang/playground.git,3
MDEwOlJlcG9zaXRvcnkxNDk1Njc3MTA=,2018-09-20T07:14:41Z,2026-05-07T09:54:59Z,2026-05-07T09:54:54Z,449,True,code,aicodix/code,git@github.com:aicodix/code.git,54
MDEwOlJlcG9zaXRvcnkxNDk1NDkxMjY=,2018-09-20T04:01:16Z,2026-04-03T12:39:34Z,2026-04-03T12:39:26Z,237,False,lafrpc,hgoldfish/lafrpc,git@github.com:hgoldfish/lafrpc.git,19
MDEwOlJlcG9zaXRvcnkxNDk0OTg0NTU=,2018-09-19T19:00:16Z,2026-05-06T23:05:40Z,2026-05-06T23:05:35Z,10128,False,atomic_queue,max0x7ba/atomic_queue,git@github.com:max0x7ba/atomic_queue.git,1852
MDEwOlJlcG9zaXRvcnkxNDk0NzQ0OTY=,2018-09-19T15:44:38Z,2026-03-30T17:34:07Z,2026-03-30T17:34:03Z,711,True,finance-enums,PrettyGoodCapital/finance-enums,git@github.com:PrettyGoodCapital/finance-enums.git,11
MDEwOlJlcG9zaXRvcnkxNDk0MTEwMjk=,2018-09-19T07:35:23Z,2026-05-03T21:47:52Z,2026-03-05T18:19:46Z,3392,False,birdtray,gyunaev/birdtray,git@github.com:gyunaev/birdtray.git,910
MDEwOlJlcG9zaXRvcnkxNDkzNTgzMzA=,2018-09-18T22:13:58Z,2026-03-19T14:44:42Z,2026-03-19T14:42:08Z,204,True,phosphor-ipmi-ethstats,openbmc/phosphor-ipmi-ethstats,git@github.com:openbmc/phosphor-ipmi-ethstats.git,1
MDEwOlJlcG9zaXRvcnkxNDkzMjA1ODU=,2018-09-18T16:40:15Z,2026-04-20T04:33:14Z,2026-04-20T04:34:28Z,121,False,wglinfo,gkv311/wglinfo,git@github.com:gkv311/wglinfo.git,23
MDEwOlJlcG9zaXRvcnkxNDkyOTM5ODA=,2018-09-18T13:36:46Z,2026-03-09T12:51:10Z,2026-03-09T12:51:06Z,1168,False,rpf,sp2danny/rpf,git@github.com:sp2danny/rpf.git,1
MDEwOlJlcG9zaXRvcnkxNDkyNjA3ODk=,2018-09-18T09:15:58Z,2026-05-06T15:08:46Z,2026-05-05T07:33:07Z,43698,True,fltk,fltk/fltk,git@github.com:fltk/fltk.git,2181
MDEwOlJlcG9zaXRvcnkxNDkxODQwNTY=,2018-09-17T20:29:25Z,2026-05-06T16:40:00Z,2026-05-06T16:39:57Z,9116,True,PBE,NHERI-SimCenter/PBE,git@github.com:NHERI-SimCenter/PBE.git,18
MDEwOlJlcG9zaXRvcnkxNDkxNzQzNTk=,2018-09-17T19:04:59Z,2026-05-06T04:06:29Z,2026-05-06T04:07:06Z,54689,True,xmsstamper,Aquaveo/xmsstamper,git@github.com:Aquaveo/xmsstamper.git,0
MDEwOlJlcG9zaXRvcnkxNDkxNjUxMTY=,2018-09-17T17:49:39Z,2026-04-26T07:33:51Z,2026-04-26T07:33:47Z,1297,True,google-ipmi-sys,openbmc/google-ipmi-sys,git@github.com:openbmc/google-ipmi-sys.git,3
MDEwOlJlcG9zaXRvcnkxNDkxMTE4MTM=,2018-09-17T10:59:36Z,2026-05-06T18:47:12Z,2026-04-27T11:12:15Z,48337,True,MMKV,Tencent/MMKV,git@github.com:Tencent/MMKV.git,18570
MDEwOlJlcG9zaXRvcnkxNDkwNDI1Nzk=,2018-09-16T22:54:46Z,2026-04-29T11:43:58Z,2026-04-22T14:14:47Z,17900,True,leaf,boostorg/leaf,git@github.com:boostorg/leaf.git,339
MDEwOlJlcG9zaXRvcnkxNDkwMzU1MTE=,2018-09-16T20:59:41Z,2026-04-21T09:40:32Z,2026-04-13T16:55:30Z,80,True,pymodsecurity,pymodsecurity/pymodsecurity,git@github.com:pymodsecurity/pymodsecurity.git,89
MDEwOlJlcG9zaXRvcnkxNDkwMzM1MDI=,2018-09-16T20:34:51Z,2026-05-07T06:37:06Z,2026-05-07T06:37:02Z,1329445,True,Mod,We-the-People-civ4col-mod/Mod,git@github.com:We-the-People-civ4col-mod/Mod.git,112
MDEwOlJlcG9zaXRvcnkxNDkwMDAyNzU=,2018-09-16T13:50:05Z,2026-04-21T15:15:25Z,2026-04-21T15:15:08Z,20474,False,jasminegraph,miyurud/jasminegraph,git@github.com:miyurud/jasminegraph.git,21
MDEwOlJlcG9zaXRvcnkxNDg5ODQ4NjQ=,2018-09-16T10:26:36Z,2026-05-06T19:31:05Z,2026-05-06T19:30:57Z,1909,False,clvk,kpet/clvk,git@github.com:kpet/clvk.git,429
MDEwOlJlcG9zaXRvcnkxNDg5NjkxMTc=,2018-09-16T06:17:11Z,2026-04-29T15:07:52Z,2026-04-29T15:08:52Z,94182,False,Codebook,allem40306/Codebook,git@github.com:allem40306/Codebook.git,2
MDEwOlJlcG9zaXRvcnkxNDg4MzU0MzM=,2018-09-14T19:54:20Z,2026-05-03T02:18:25Z,2026-04-28T19:16:55Z,90587,False,OpenSeesPy,zhuminjie/OpenSeesPy,git@github.com:zhuminjie/OpenSeesPy.git,255
MDEwOlJlcG9zaXRvcnkxNDg4MjEyNTY=,2018-09-14T17:29:29Z,2026-05-07T08:03:16Z,2026-05-04T12:46:24Z,22777,True,luau,luau-lang/luau,git@github.com:luau-lang/luau.git,5512
MDEwOlJlcG9zaXRvcnkxNDg4MTkyNzQ=,2018-09-14T17:11:31Z,2026-05-06T15:01:03Z,2026-04-17T19:11:21Z,462580,False,N64-Tools,jombo23/N64-Tools,git@github.com:jombo23/N64-Tools.git,324
MDEwOlJlcG9zaXRvcnkxNDg3OTkwMDQ=,2018-09-14T14:21:22Z,2026-03-22T11:16:48Z,2026-03-22T11:16:45Z,188,False,libMaze,micromouseonline/libMaze,git@github.com:micromouseonline/libMaze.git,3
MDEwOlJlcG9zaXRvcnkxNDg3NDEyMjU=,2018-09-14T05:45:27Z,2026-05-07T07:12:07Z,2026-05-07T07:12:03Z,267941,True,terra,rspatial/terra,git@github.com:rspatial/terra.git,609
MDEwOlJlcG9zaXRvcnkxNDg2OTMzNjk=,2018-09-13T20:22:03Z,2026-04-25T13:11:06Z,2026-04-25T13:11:02Z,13329,False,Gaugemancy,fred-dev/Gaugemancy,git@github.com:fred-dev/Gaugemancy.git,0
MDEwOlJlcG9zaXRvcnkxNDg2ODMwMTc=,2018-09-13T18:49:34Z,2026-05-06T12:08:19Z,2026-05-06T14:03:58Z,67559,True,robotraconteur,robotraconteur/robotraconteur,git@github.com:robotraconteur/robotraconteur.git,76
MDEwOlJlcG9zaXRvcnkxNDg2NDY2Mjk=,2018-09-13T14:03:39Z,2026-04-06T09:39:19Z,2026-04-06T09:39:12Z,32364,False,klog,jiangkeredgirl/klog,git@github.com:jiangkeredgirl/klog.git,2
MDEwOlJlcG9zaXRvcnkxNDg2NDA4NTM=,2018-09-13T13:21:19Z,2026-04-10T03:56:06Z,2026-04-10T03:56:00Z,5323,True,gtirb-pprinter,GrammaTech/gtirb-pprinter,git@github.com:GrammaTech/gtirb-pprinter.git,50
MDEwOlJlcG9zaXRvcnkxNDg2NDA1ODA=,2018-09-13T13:19:08Z,2026-04-24T03:40:45Z,2026-04-17T20:51:01Z,30956,True,ddisasm,GrammaTech/ddisasm,git@github.com:GrammaTech/ddisasm.git,748
MDEwOlJlcG9zaXRvcnkxNDg2MDkwMDQ=,2018-09-13T08:43:58Z,2026-05-04T08:07:50Z,2026-04-27T12:45:45Z,59724,False,VulkanSceneGraph,vsg-dev/VulkanSceneGraph,git@github.com:vsg-dev/VulkanSceneGraph.git,1759
MDEwOlJlcG9zaXRvcnkxNDg2MDgxNTk=,2018-09-13T08:37:57Z,2026-04-24T08:56:25Z,2026-04-24T08:57:32Z,67,False,irprinter,ahueck/irprinter,git@github.com:ahueck/irprinter.git,3
MDEwOlJlcG9zaXRvcnkxNDg2MDIzOTc=,2018-09-13T07:53:32Z,2026-03-08T08:17:34Z,2026-03-08T08:17:29Z,647,False,Algorithm,dskym/Algorithm,git@github.com:dskym/Algorithm.git,0
MDEwOlJlcG9zaXRvcnkxNDg1NDczNzE=,2018-09-12T22:01:40Z,2026-04-25T02:17:59Z,2026-04-17T21:06:25Z,479,False,mem,0x1F9F1/mem,git@github.com:0x1F9F1/mem.git,157
MDEwOlJlcG9zaXRvcnkxNDg1MTczNDE=,2018-09-12T17:32:50Z,2026-05-05T09:43:56Z,2026-03-17T21:27:47Z,74652,True,ros2_openvino_toolkit,intel/ros2_openvino_toolkit,git@github.com:intel/ros2_openvino_toolkit.git,187
MDEwOlJlcG9zaXRvcnkxNDg1MDY3NTk=,2018-09-12T16:05:34Z,2026-04-27T12:27:20Z,2026-04-27T12:27:16Z,278,False,dailycode,hungrydonkey/dailycode,git@github.com:hungrydonkey/dailycode.git,0
MDEwOlJlcG9zaXRvcnkxNDg0NzA1MTQ=,2018-09-12T11:36:53Z,2026-03-20T09:29:33Z,2026-03-18T08:02:01Z,174938,False,isoOpen,wendao/isoOpen,git@github.com:wendao/isoOpen.git,1
MDEwOlJlcG9zaXRvcnkxNDg0NjgwMjY=,2018-09-12T11:14:52Z,2026-04-27T06:27:33Z,2026-04-27T11:33:46Z,85455,True,modules,inviwo/modules,git@github.com:inviwo/modules.git,10
MDEwOlJlcG9zaXRvcnkxNDg0NjQ0OTk=,2018-09-12T10:42:51Z,2026-05-06T16:04:21Z,2026-05-07T09:53:29Z,29934,True,SPTAG,microsoft/SPTAG,git@github.com:microsoft/SPTAG.git,4990
MDEwOlJlcG9zaXRvcnkxNDg0NTYzNDg=,2018-09-12T09:34:44Z,2026-05-07T07:12:37Z,2026-05-07T07:12:32Z,203265,True,escargot,Samsung/escargot,git@github.com:Samsung/escargot.git,352
MDEwOlJlcG9zaXRvcnkxNDg0MzQzMzE=,2018-09-12T06:43:38Z,2026-04-16T01:54:48Z,2026-04-16T01:54:44Z,382,False,tmctools,basilrabi/tmctools,git@github.com:basilrabi/tmctools.git,0
MDEwOlJlcG9zaXRvcnkxNDgzOTkyMDc=,2018-09-12T00:49:34Z,2026-05-07T04:50:26Z,2026-05-06T18:14:51Z,94730,True,OpenSees,OpenSees/OpenSees,git@github.com:OpenSees/OpenSees.git,759
MDEwOlJlcG9zaXRvcnkxNDgzOTQyMDA=,2018-09-11T23:47:17Z,2026-05-04T15:16:52Z,2026-05-04T01:39:24Z,100300,False,porymap,huderlem/porymap,git@github.com:huderlem/porymap.git,605
MDEwOlJlcG9zaXRvcnkxNDgzODk0NDQ=,2018-09-11T22:45:34Z,2026-05-03T12:19:04Z,2026-04-10T17:15:47Z,1642,True,Azure-DCAP-Client,microsoft/Azure-DCAP-Client,git@github.com:microsoft/Azure-DCAP-Client.git,66
MDEwOlJlcG9zaXRvcnkxNDgzNjM5NDY=,2018-09-11T18:46:26Z,2026-03-02T17:54:13Z,2026-03-02T17:54:08Z,410,False,MatrixOps,zrmacc/MatrixOps,git@github.com:zrmacc/MatrixOps.git,0
MDEwOlJlcG9zaXRvcnkxNDgzMTcwNTM=,2018-09-11T12:54:50Z,2026-03-26T08:53:43Z,2026-03-26T08:53:41Z,15651,False,canvas-cast,owenmcateer/canvas-cast,git@github.com:owenmcateer/canvas-cast.git,54
MDEwOlJlcG9zaXRvcnkxNDgyODg4NzI=,2018-09-11T08:55:31Z,2026-04-24T11:25:08Z,2026-04-06T21:06:26Z,189844,True,libRSF,TUC-ProAut/libRSF,git@github.com:TUC-ProAut/libRSF.git,333
MDEwOlJlcG9zaXRvcnkxNDgyMzkyMTU=,2018-09-11T00:56:45Z,2026-04-09T21:04:43Z,2026-04-09T21:04:37Z,195,False,SCC-VLayeredGridFunNd,apmcollab/SCC-VLayeredGridFunNd,git@github.com:apmcollab/SCC-VLayeredGridFunNd.git,0
MDEwOlJlcG9zaXRvcnkxNDgyMDM5NTY=,2018-09-10T18:54:11Z,2026-05-05T19:01:43Z,2026-05-05T19:01:39Z,4591,False,CatacombGL,ArnoAnsems/CatacombGL,git@github.com:ArnoAnsems/CatacombGL.git,183
MDEwOlJlcG9zaXRvcnkxNDgxODQzMTU=,2018-09-10T16:19:46Z,2026-05-07T01:59:32Z,2026-05-07T04:31:53Z,37622,True,wake,sifiveinc/wake,git@github.com:sifiveinc/wake.git,94
MDEwOlJlcG9zaXRvcnkxNDgxNDUwMTU=,2018-09-10T11:28:56Z,2026-04-07T09:40:07Z,2026-04-07T09:40:18Z,9330,False,SQLCPPBridgeFramework,GVNG/SQLCPPBridgeFramework,git@github.com:GVNG/SQLCPPBridgeFramework.git,2
MDEwOlJlcG9zaXRvcnkxNDgwNzY2NzQ=,2018-09-10T00:07:32Z,2026-03-18T01:43:14Z,2026-03-18T01:43:10Z,5468,False,ardynia,city41/ardynia,git@github.com:city41/ardynia.git,58
MDEwOlJlcG9zaXRvcnkxNDc5NzU3ODQ=,2018-09-08T22:56:20Z,2026-05-02T05:34:54Z,2026-05-04T08:03:49Z,14862,False,YourQuill,spaceape3001/YourQuill,git@github.com:spaceape3001/YourQuill.git,0
MDEwOlJlcG9zaXRvcnkxNDc5Mzg3NTk=,2018-09-08T14:06:58Z,2026-04-25T20:18:14Z,2026-04-25T20:18:09Z,153,False,workshop,landron/workshop,git@github.com:landron/workshop.git,0
MDEwOlJlcG9zaXRvcnkxNDc5MjA0OTQ=,2018-09-08T09:38:36Z,2026-05-06T16:36:10Z,2026-05-06T16:36:06Z,4082,False,lzy-downloader,vincentwetzel/lzy-downloader,git@github.com:vincentwetzel/lzy-downloader.git,3
MDEwOlJlcG9zaXRvcnkxNDc5MTIwMjk=,2018-09-08T07:30:04Z,2026-04-25T12:32:45Z,2026-04-25T12:32:39Z,70802,False,tinyserial,carloscn/tinyserial,git@github.com:carloscn/tinyserial.git,79
MDEwOlJlcG9zaXRvcnkxNDc5MDU1MjY=,2018-09-08T05:50:03Z,2026-05-05T19:57:04Z,2026-05-05T19:57:00Z,13,False,Graphics-Project,MaishaMasnoon/Graphics-Project,git@github.com:MaishaMasnoon/Graphics-Project.git,0
MDEwOlJlcG9zaXRvcnkxNDc4ODQ2NzQ=,2018-09-07T23:44:07Z,2026-04-18T21:06:48Z,2026-04-18T21:06:44Z,317,False,IG_Sorter,vincentwetzel/IG_Sorter,git@github.com:vincentwetzel/IG_Sorter.git,0
MDEwOlJlcG9zaXRvcnkxNDc4ODM1ODA=,2018-09-07T23:22:14Z,2026-05-05T18:39:44Z,2026-05-05T18:39:39Z,236893,True,incflo,AMReX-Fluids/incflo,git@github.com:AMReX-Fluids/incflo.git,52
MDEwOlJlcG9zaXRvcnkxNDc4NzkxNDU=,2018-09-07T22:05:03Z,2026-04-22T20:18:21Z,2026-04-22T20:17:54Z,20448,True,IGSIO,IGSIO/IGSIO,git@github.com:IGSIO/IGSIO.git,20
MDEwOlJlcG9zaXRvcnkxNDc4NDM1ODU=,2018-09-07T15:42:25Z,2026-03-22T18:17:33Z,2026-03-22T18:17:29Z,379,False,board-builder,schdesign/board-builder,git@github.com:schdesign/board-builder.git,0
MDEwOlJlcG9zaXRvcnkxNDc4NDE1NTU=,2018-09-07T15:24:58Z,2026-03-08T08:00:14Z,2026-03-08T08:00:09Z,61,False,xserial,NewYaroslav/xserial,git@github.com:NewYaroslav/xserial.git,18
MDEwOlJlcG9zaXRvcnkxNDc4Mzg4NTg=,2018-09-07T15:03:07Z,2026-04-13T12:17:50Z,2026-04-13T12:17:46Z,27,True,ofxKxsLightFixtures,Kimatica/ofxKxsLightFixtures,git@github.com:Kimatica/ofxKxsLightFixtures.git,0
MDEwOlJlcG9zaXRvcnkxNDc4MzYyMzc=,2018-09-07T14:42:35Z,2026-05-07T07:22:34Z,2026-05-07T07:25:19Z,32623,True,DP3,lofar-astron/DP3,git@github.com:lofar-astron/DP3.git,20
MDEwOlJlcG9zaXRvcnkxNDc4MTg3ODQ=,2018-09-07T12:12:41Z,2026-03-27T16:43:16Z,2026-03-27T16:43:12Z,551,True,cuFFTAdvisor,HiPerCoRe/cuFFTAdvisor,git@github.com:HiPerCoRe/cuFFTAdvisor.git,2
MDEwOlJlcG9zaXRvcnkxNDc4MTcwMDg=,2018-09-07T11:54:09Z,2026-04-06T14:42:17Z,2026-04-06T15:01:57Z,3287,False,pichi,pichi-router/pichi,git@github.com:pichi-router/pichi.git,179
MDEwOlJlcG9zaXRvcnkxNDc4MTEzMjU=,2018-09-07T10:55:05Z,2026-05-06T03:38:49Z,2026-05-06T07:10:24Z,89930,True,Santroller,Santroller/Santroller,git@github.com:Santroller/Santroller.git,323
MDEwOlJlcG9zaXRvcnkxNDc3ODAwOTk=,2018-09-07T06:23:38Z,2026-05-07T00:16:33Z,2026-05-07T00:16:29Z,3177,False,tws-api,heigold1/tws-api,git@github.com:heigold1/tws-api.git,0
MDEwOlJlcG9zaXRvcnkxNDc3MTEyMDk=,2018-09-06T17:45:17Z,2026-03-14T12:26:35Z,2026-04-27T03:54:13Z,32657,True,initial_models,AMReX-Astro/initial_models,git@github.com:AMReX-Astro/initial_models.git,6
MDEwOlJlcG9zaXRvcnkxNDc2ODE3OTE=,2018-09-06T13:57:25Z,2026-04-09T06:16:31Z,2026-04-09T06:16:27Z,187,True,botiq,my-repositories/botiq,git@github.com:my-repositories/botiq.git,0
MDEwOlJlcG9zaXRvcnkxNDc2NzQ2NTk=,2018-09-06T13:03:55Z,2026-04-26T06:52:47Z,2026-03-16T10:20:27Z,3303,True,CAFE5,hahnlab/CAFE5,git@github.com:hahnlab/CAFE5.git,166
MDEwOlJlcG9zaXRvcnkxNDc2NzIyNTg=,2018-09-06T12:44:46Z,2026-04-09T18:15:20Z,2026-04-09T18:15:14Z,816,False,Utils,Alxmhc/Utils,git@github.com:Alxmhc/Utils.git,0
MDEwOlJlcG9zaXRvcnkxNDc2NjM5NTE=,2018-09-06T11:32:21Z,2026-04-27T16:10:40Z,2026-04-27T16:10:23Z,22025,True,fresnel,glotzerlab/fresnel,git@github.com:glotzerlab/fresnel.git,127
MDEwOlJlcG9zaXRvcnkxNDc2NjMwMDc=,2018-09-06T11:23:27Z,2026-05-07T02:14:27Z,2026-05-05T20:46:44Z,77980,True,hoomd-blue,glotzerlab/hoomd-blue,git@github.com:glotzerlab/hoomd-blue.git,433
MDEwOlJlcG9zaXRvcnkxNDc2MzE0NjY=,2018-09-06T07:01:10Z,2026-05-04T09:05:28Z,2026-05-04T09:05:24Z,31907,True,scipp,scipp/scipp,git@github.com:scipp/scipp.git,143
MDEwOlJlcG9zaXRvcnkxNDc2MDk3NzY=,2018-09-06T03:01:15Z,2026-05-06T02:39:41Z,2026-05-07T09:16:44Z,6763,False,meevax,yamacir-kit/meevax,git@github.com:yamacir-kit/meevax.git,23
MDEwOlJlcG9zaXRvcnkxNDc1NzUzMDQ=,2018-09-05T20:24:16Z,2026-05-02T21:01:23Z,2026-04-13T20:25:33Z,6857,True,SaveExtension,PipeRift/SaveExtension,git@github.com:PipeRift/SaveExtension.git,180
MDEwOlJlcG9zaXRvcnkxNDc1NjY4NDA=,2018-09-05T19:07:55Z,2026-03-31T21:48:29Z,2026-03-31T21:48:26Z,4697,False,ann,markdellostritto/ann,git@github.com:markdellostritto/ann.git,5
MDEwOlJlcG9zaXRvcnkxNDc1NjIyMzA=,2018-09-05T18:28:53Z,2026-03-29T18:31:22Z,2026-03-29T18:31:18Z,84247,False,pyi2em,nicksteiner/pyi2em,git@github.com:nicksteiner/pyi2em.git,6
MDEwOlJlcG9zaXRvcnkxNDc1NTE2NTc=,2018-09-05T16:59:15Z,2026-03-02T19:12:15Z,2026-04-14T12:23:18Z,933,True,nymea-remoteproxy,nymea/nymea-remoteproxy,git@github.com:nymea/nymea-remoteproxy.git,3
MDEwOlJlcG9zaXRvcnkxNDc1MTU5MzI=,2018-09-05T12:42:10Z,2026-04-21T20:38:43Z,2026-04-21T20:38:39Z,3151,False,learning-cpp,virginiasatyro/learning-cpp,git@github.com:virginiasatyro/learning-cpp.git,0
MDEwOlJlcG9zaXRvcnkxNDc1MTIxMDY=,2018-09-05T12:11:09Z,2026-04-14T01:06:23Z,2026-04-14T01:06:18Z,399,True,phosphor-post-code-manager,openbmc/phosphor-post-code-manager,git@github.com:openbmc/phosphor-post-code-manager.git,1
MDEwOlJlcG9zaXRvcnkxNDc0OTQxOTM=,2018-09-05T09:33:51Z,2026-05-06T13:51:49Z,2026-05-06T13:48:25Z,6402,True,otterbrix,otterbrix/otterbrix,git@github.com:otterbrix/otterbrix.git,127
MDEwOlJlcG9zaXRvcnkxNDc0ODczNDU=,2018-09-05T08:44:13Z,2026-05-03T11:45:59Z,2026-05-03T11:38:28Z,914,False,SerialModbus,legicore/SerialModbus,git@github.com:legicore/SerialModbus.git,7
MDEwOlJlcG9zaXRvcnkxNDc0NTM2MjE=,2018-09-05T03:20:39Z,2026-05-07T08:23:35Z,2026-05-07T08:23:30Z,22775,True,TarsCpp,TarsCloud/TarsCpp,git@github.com:TarsCloud/TarsCpp.git,554
MDEwOlJlcG9zaXRvcnkxNDczMzI3NTU=,2018-09-04T11:03:01Z,2026-04-13T13:44:02Z,2026-04-28T13:53:51Z,385,True,RRFLibraries,Duet3D/RRFLibraries,git@github.com:Duet3D/RRFLibraries.git,10
MDEwOlJlcG9zaXRvcnkxNDczMjYyMzc=,2018-09-04T10:05:29Z,2026-04-17T20:23:25Z,2026-03-29T20:36:10Z,2448,False,Dungeon-Keeper-Remake,Themperror/Dungeon-Keeper-Remake,git@github.com:Themperror/Dungeon-Keeper-Remake.git,31
MDEwOlJlcG9zaXRvcnkxNDczMjIyOTI=,2018-09-04T09:34:44Z,2026-05-02T09:29:20Z,2026-05-06T12:00:34Z,40847,True,Duet3Expansion,Duet3D/Duet3Expansion,git@github.com:Duet3D/Duet3Expansion.git,22
MDEwOlJlcG9zaXRvcnkxNDcyNjcxNTA=,2018-09-04T00:36:30Z,2026-03-26T22:38:00Z,2026-03-26T22:37:55Z,31099,False,hexagon,MarkOates/hexagon,git@github.com:MarkOates/hexagon.git,1
MDEwOlJlcG9zaXRvcnkxNDcyNTUyMjE=,2018-09-03T21:27:31Z,2026-04-06T22:19:51Z,2026-04-06T22:19:42Z,149,False,CavSim,ggrbill/CavSim,git@github.com:ggrbill/CavSim.git,0
MDEwOlJlcG9zaXRvcnkxNDcyNDMyOTc=,2018-09-03T19:05:36Z,2026-03-28T20:49:07Z,2026-03-28T20:49:03Z,5844,False,digispark,hpsaturn/digispark,git@github.com:hpsaturn/digispark.git,1
MDEwOlJlcG9zaXRvcnkxNDcxNzcxNzc=,2018-09-03T08:48:44Z,2026-04-25T07:11:39Z,2026-04-25T07:11:35Z,2174,False,DFA-Detection,MahdiZee/DFA-Detection,git@github.com:MahdiZee/DFA-Detection.git,5
MDEwOlJlcG9zaXRvcnkxNDcxNjM4MDY=,2018-09-03T06:54:31Z,2026-04-15T16:45:51Z,2026-04-15T16:48:43Z,1742,True,Cinema-4D-Cpp-API-Examples,Maxon-Computer/Cinema-4D-Cpp-API-Examples,git@github.com:Maxon-Computer/Cinema-4D-Cpp-API-Examples.git,34
MDEwOlJlcG9zaXRvcnkxNDcxMjk3MjM=,2018-09-02T23:36:18Z,2026-04-16T07:50:21Z,2026-04-16T07:50:17Z,4512,True,android_hardware_libhardware,StatiXOS/android_hardware_libhardware,git@github.com:StatiXOS/android_hardware_libhardware.git,0
MDEwOlJlcG9zaXRvcnkxNDcxMjI5NDI=,2018-09-02T21:23:36Z,2026-05-05T11:59:23Z,2026-03-08T16:21:32Z,817765,True,arboreus_examples,ArboreusSystems/arboreus_examples,git@github.com:ArboreusSystems/arboreus_examples.git,40
MDEwOlJlcG9zaXRvcnkxNDcxMTQ4NTk=,2018-09-02T19:21:50Z,2026-05-07T05:31:05Z,2026-04-22T07:45:42Z,96,False,sudoku,mayerui/sudoku,git@github.com:mayerui/sudoku.git,1408
MDEwOlJlcG9zaXRvcnkxNDcwOTA4NDc=,2018-09-02T14:09:00Z,2026-04-30T05:27:33Z,2026-05-06T12:13:47Z,2215,False,npp-explorer-plugin,funap/npp-explorer-plugin,git@github.com:funap/npp-explorer-plugin.git,106
MDEwOlJlcG9zaXRvcnkxNDcwMzc1MDc=,2018-09-01T22:38:08Z,2026-04-22T14:14:20Z,2026-04-22T14:14:08Z,82819,False,JARViE_Home_Automation_Modem,DudeYarvie/JARViE_Home_Automation_Modem,git@github.com:DudeYarvie/JARViE_Home_Automation_Modem.git,40
MDEwOlJlcG9zaXRvcnkxNDcwMzcyNTg=,2018-09-01T22:31:53Z,2026-05-03T12:48:25Z,2026-05-03T12:48:18Z,2432508,False,WebRunLocal,wangzuohuai/WebRunLocal,git@github.com:wangzuohuai/WebRunLocal.git,643
MDEwOlJlcG9zaXRvcnkxNDcwMzA2NzA=,2018-09-01T20:29:56Z,2026-05-05T07:43:01Z,2026-04-30T21:03:16Z,762660,False,RRS,maisvendoo/RRS,git@github.com:maisvendoo/RRS.git,179
MDEwOlJlcG9zaXRvcnkxNDcwMjY2MDM=,2018-09-01T19:27:47Z,2026-03-23T14:22:09Z,2026-03-23T14:22:04Z,228636,False,simulator-type2,Simulators/simulator-type2,git@github.com:Simulators/simulator-type2.git,2
MDEwOlJlcG9zaXRvcnkxNDcwMTAxNDQ=,2018-09-01T15:28:58Z,2026-03-14T07:28:51Z,2026-03-14T07:28:47Z,3471,False,cru,crupest/cru,git@github.com:crupest/cru.git,5
MDEwOlJlcG9zaXRvcnkxNDY5Nzk2MDA=,2018-09-01T07:56:17Z,2026-04-30T09:43:33Z,2026-04-30T09:43:29Z,4048,False,openGJK,MattiaMontanari/openGJK,git@github.com:MattiaMontanari/openGJK.git,197
MDEwOlJlcG9zaXRvcnkxNDY5NTQzMjQ=,2018-09-01T00:29:28Z,2026-04-14T19:39:56Z,2026-04-14T19:39:52Z,125,False,Various,ElectroNeutrino/Various,git@github.com:ElectroNeutrino/Various.git,0
MDEwOlJlcG9zaXRvcnkxNDY5MTM2ODY=,2018-08-31T15:58:12Z,2026-05-07T01:13:20Z,2026-05-07T01:13:16Z,497,True,molecube2,nacs-lab/molecube2,git@github.com:nacs-lab/molecube2.git,1
MDEwOlJlcG9zaXRvcnkxNDY4NDIxMDE=,2018-08-31T04:34:44Z,2026-05-07T11:18:16Z,2026-05-06T17:17:03Z,20176,True,bpftrace,bpftrace/bpftrace,git@github.com:bpftrace/bpftrace.git,10088
MDEwOlJlcG9zaXRvcnkxNDY3NzYwNDg=,2018-08-30T16:20:15Z,2026-05-01T20:07:38Z,2026-05-02T17:54:23Z,437347,True,polyfem,polyfem/polyfem,git@github.com:polyfem/polyfem.git,614
MDEwOlJlcG9zaXRvcnkxNDY3Mjc4MzI=,2018-08-30T09:34:18Z,2026-05-06T13:34:06Z,2026-05-02T17:30:39Z,12589,True,wf-shell,WayfireWM/wf-shell,git@github.com:WayfireWM/wf-shell.git,173
MDEwOlJlcG9zaXRvcnkxNDY2OTQ0Njg=,2018-08-30T04:11:55Z,2026-05-06T19:41:14Z,2026-05-04T05:20:10Z,820037,True,DynAdjust,GeoscienceAustralia/DynAdjust,git@github.com:GeoscienceAustralia/DynAdjust.git,85
MDEwOlJlcG9zaXRvcnkxNDY2NzUyNTk=,2018-08-30T00:42:43Z,2026-05-01T06:48:08Z,2026-05-01T06:48:04Z,262156,False,Game,498019199/Game,git@github.com:498019199/Game.git,2
MDEwOlJlcG9zaXRvcnkxNDY2NTcyOTI=,2018-08-29T20:52:25Z,2026-03-14T00:18:30Z,2026-03-14T00:18:27Z,48951,True,s3hark,NHERI-SimCenter/s3hark,git@github.com:NHERI-SimCenter/s3hark.git,11
MDEwOlJlcG9zaXRvcnkxNDY2Mzc4MjM=,2018-08-29T17:52:20Z,2026-04-28T20:43:38Z,2026-05-05T23:24:00Z,132,True,tf2_2d,locusrobotics/tf2_2d,git@github.com:locusrobotics/tf2_2d.git,11
MDEwOlJlcG9zaXRvcnkxNDY2MjUwMDI=,2018-08-29T16:02:13Z,2026-05-07T05:35:58Z,2026-04-28T07:04:50Z,86220,True,bitcoin-sv,bitcoin-sv/bitcoin-sv,git@github.com:bitcoin-sv/bitcoin-sv.git,696
MDEwOlJlcG9zaXRvcnkxNDY1MTkwMDc=,2018-08-28T23:40:38Z,2026-03-11T05:57:54Z,2026-03-31T22:16:22Z,662,True,IIS.Setup,microsoft/IIS.Setup,git@github.com:microsoft/IIS.Setup.git,18
MDEwOlJlcG9zaXRvcnkxNDY1MTU1MDI=,2018-08-28T22:51:39Z,2026-05-07T04:57:07Z,2026-05-05T22:51:25Z,94237,True,core,vmangos/core,git@github.com:vmangos/core.git,855
MDEwOlJlcG9zaXRvcnkxNDY0NDk3MTY=,2018-08-28T13:13:24Z,2026-04-21T21:36:57Z,2026-04-21T21:36:52Z,69,True,Magnify-protodune,BNLIF/Magnify-protodune,git@github.com:BNLIF/Magnify-protodune.git,1
MDEwOlJlcG9zaXRvcnkxNDY0MjU2NTk=,2018-08-28T09:43:54Z,2026-04-08T14:58:28Z,2026-04-08T14:57:58Z,258,True,ILLData,UoG-Nuclear-Physics-Group/ILLData,git@github.com:UoG-Nuclear-Physics-Group/ILLData.git,1
MDEwOlJlcG9zaXRvcnkxNDY0MDA1ODg=,2018-08-28T06:16:45Z,2026-05-02T12:28:12Z,2026-05-02T12:28:09Z,1796,False,qmdilib,diegoiast/qmdilib,git@github.com:diegoiast/qmdilib.git,2
MDEwOlJlcG9zaXRvcnkxNDYzNjg4NTU=,2018-08-28T00:17:25Z,2026-05-05T03:07:54Z,2026-05-05T20:30:45Z,22443,True,connected-components-3d,seung-lab/connected-components-3d,git@github.com:seung-lab/connected-components-3d.git,449
MDEwOlJlcG9zaXRvcnkxNDYzMzE2NTE=,2018-08-27T17:31:27Z,2026-04-16T20:13:37Z,2026-04-16T20:14:15Z,969,True,a-files-updater,streamlabs/a-files-updater,git@github.com:streamlabs/a-files-updater.git,5
MDEwOlJlcG9zaXRvcnkxNDYzMjU3MTE=,2018-08-27T16:39:55Z,2026-05-04T08:52:04Z,2026-05-07T02:08:11Z,555,True,obmc-ikvm,openbmc/obmc-ikvm,git@github.com:openbmc/obmc-ikvm.git,32
MDEwOlJlcG9zaXRvcnkxNDYzMjI1NTk=,2018-08-27T16:12:14Z,2026-04-08T15:01:02Z,2026-04-08T14:59:40Z,167,True,iThembaData,UoG-Nuclear-Physics-Group/iThembaData,git@github.com:UoG-Nuclear-Physics-Group/iThembaData.git,0
MDEwOlJlcG9zaXRvcnkxNDYzMjAyMjk=,2018-08-27T15:52:53Z,2026-04-24T16:03:21Z,2026-04-24T16:03:18Z,1457,False,Powerwall,Zbysekz/Powerwall,git@github.com:Zbysekz/Powerwall.git,0
MDEwOlJlcG9zaXRvcnkxNDYzMDkyMzM=,2018-08-27T14:30:29Z,2026-05-06T17:47:05Z,2026-05-03T15:05:22Z,14328,False,linux-wallpaperengine,Almamu/linux-wallpaperengine,git@github.com:Almamu/linux-wallpaperengine.git,3990
MDEwOlJlcG9zaXRvcnkxNDYyOTkxODQ=,2018-08-27T13:10:50Z,2026-04-16T15:18:19Z,2026-04-16T15:18:15Z,198,True,gpioplus,openbmc/gpioplus,git@github.com:openbmc/gpioplus.git,7
MDEwOlJlcG9zaXRvcnkxNDYyMjkwOTQ=,2018-08-27T00:56:50Z,2026-04-16T21:54:29Z,2026-03-16T21:41:58Z,4159,True,dhewm3-sdk,dhewm/dhewm3-sdk,git@github.com:dhewm/dhewm3-sdk.git,77
MDEwOlJlcG9zaXRvcnkxNDYyMDQ0Nzk=,2018-08-26T18:06:48Z,2026-03-09T18:57:05Z,2026-03-09T18:57:01Z,189,False,Algorithms,theSquaredError/Algorithms,git@github.com:theSquaredError/Algorithms.git,0
MDEwOlJlcG9zaXRvcnkxNDYxOTQxNTY=,2018-08-26T15:48:48Z,2026-04-13T11:55:45Z,2026-04-13T11:55:39Z,2899,False,distribute-lib,andrewwillmott/distribute-lib,git@github.com:andrewwillmott/distribute-lib.git,19
MDEwOlJlcG9zaXRvcnkxNDYxNjY2OTM=,2018-08-26T09:10:26Z,2026-04-03T13:09:39Z,2026-04-03T13:09:35Z,125,False,USACO,kantuni/USACO,git@github.com:kantuni/USACO.git,6
MDEwOlJlcG9zaXRvcnkxNDYxNjIyMzI=,2018-08-26T07:58:04Z,2026-03-07T08:28:20Z,2026-03-07T08:28:17Z,615,False,fatpup,witaly-iwanow/fatpup,git@github.com:witaly-iwanow/fatpup.git,5
MDEwOlJlcG9zaXRvcnkxNDYxNDcwOTA=,2018-08-26T03:04:31Z,2026-05-01T05:52:09Z,2026-05-01T05:52:06Z,447,False,mailrecv,erco77/mailrecv,git@github.com:erco77/mailrecv.git,0
MDEwOlJlcG9zaXRvcnkxNDYxMzc5ODU=,2018-08-25T23:58:13Z,2026-05-06T02:02:27Z,2026-05-06T02:02:23Z,216,False,sirit,ReinUsesLisp/sirit,git@github.com:ReinUsesLisp/sirit.git,47
MDEwOlJlcG9zaXRvcnkxNDYxMDk4NTY=,2018-08-25T16:08:56Z,2026-04-20T21:57:13Z,2026-03-27T15:10:18Z,89,True,SoapyPlutoSDR,pothosware/SoapyPlutoSDR,git@github.com:pothosware/SoapyPlutoSDR.git,79
MDEwOlJlcG9zaXRvcnkxNDYxMDU5MDU=,2018-08-25T15:16:58Z,2026-03-10T11:31:15Z,2026-03-10T11:31:08Z,115245,False,SSM,lfricken/SSM,git@github.com:lfricken/SSM.git,0
MDEwOlJlcG9zaXRvcnkxNDYxMDE3OTI=,2018-08-25T14:24:25Z,2026-04-13T07:34:16Z,2026-04-13T07:34:08Z,3259,False,octopus-reel,4e0n/octopus-reel,git@github.com:4e0n/octopus-reel.git,8
MDEwOlJlcG9zaXRvcnkxNDYwNjUyMDU=,2018-08-25T04:37:02Z,2026-04-24T23:18:01Z,2026-04-24T23:18:03Z,13531,True,couchbase-mobile-tools,couchbaselabs/couchbase-mobile-tools,git@github.com:couchbaselabs/couchbase-mobile-tools.git,43
MDEwOlJlcG9zaXRvcnkxNDYwNDE4MjU=,2018-08-24T21:31:54Z,2026-05-06T03:03:14Z,2026-04-09T13:44:20Z,4005,True,VirtualSMC,acidanthera/VirtualSMC,git@github.com:acidanthera/VirtualSMC.git,1783
MDEwOlJlcG9zaXRvcnkxNDYwMzYzMzI=,2018-08-24T20:22:00Z,2026-04-09T09:55:36Z,2026-04-09T09:55:26Z,157973,True,ts_m1m3support,lsst-ts/ts_m1m3support,git@github.com:lsst-ts/ts_m1m3support.git,0
MDEwOlJlcG9zaXRvcnkxNDU5OTM2MDA=,2018-08-24T13:15:19Z,2026-03-20T18:27:23Z,2026-03-20T18:27:19Z,1465,False,easpanel,ElvishArtisan/easpanel,git@github.com:ElvishArtisan/easpanel.git,0
MDEwOlJlcG9zaXRvcnkxNDU5NDcwNjg=,2018-08-24T05:38:52Z,2026-05-07T08:32:41Z,2026-05-03T12:10:48Z,68633,True,KikoPlay,KikoPlayProject/KikoPlay,git@github.com:KikoPlayProject/KikoPlay.git,2143
MDEwOlJlcG9zaXRvcnkxNDU5MDY3NTg=,2018-08-23T21:00:55Z,2026-03-22T07:53:25Z,2026-03-22T07:53:22Z,272,True,collections,cran/collections,git@github.com:cran/collections.git,0
MDEwOlJlcG9zaXRvcnkxNDU5MDQwODQ=,2018-08-23T20:32:16Z,2026-04-08T23:34:54Z,2026-04-08T23:34:50Z,925,False,alpha,sinbaski/alpha,git@github.com:sinbaski/alpha.git,0
MDEwOlJlcG9zaXRvcnkxNDU5MDIwMzc=,2018-08-23T20:10:32Z,2026-04-26T14:28:42Z,2026-04-26T14:28:38Z,565,False,odfsig,vmiklos/odfsig,git@github.com:vmiklos/odfsig.git,10
MDEwOlJlcG9zaXRvcnkxNDU4NTgzNDU=,2018-08-23T13:35:27Z,2026-04-27T06:58:23Z,2026-04-21T12:34:24Z,3094,False,esp32_CloudSpeech,MhageGH/esp32_CloudSpeech,git@github.com:MhageGH/esp32_CloudSpeech.git,112
MDEwOlJlcG9zaXRvcnkxNDU4MzQwMzM=,2018-08-23T09:49:34Z,2026-05-05T14:40:24Z,2026-05-05T14:34:37Z,1204,True,qtquicktimeline,qt/qtquicktimeline,git@github.com:qt/qtquicktimeline.git,27
MDEwOlJlcG9zaXRvcnkxNDU3ODY5Nzk=,2018-08-23T02:07:31Z,2026-04-17T04:37:17Z,2026-04-30T01:15:03Z,19453,False,plant-in-a-box,PrincessMadMath/plant-in-a-box,git@github.com:PrincessMadMath/plant-in-a-box.git,1
MDEwOlJlcG9zaXRvcnkxNDU3NzA5NDk=,2018-08-22T22:48:48Z,2026-04-14T13:20:30Z,2026-05-02T01:50:59Z,36053,True,ts_vms,lsst-ts/ts_vms,git@github.com:lsst-ts/ts_vms.git,0
MDEwOlJlcG9zaXRvcnkxNDU3NzA2NTI=,2018-08-22T22:44:25Z,2026-03-05T20:22:15Z,2026-03-05T20:22:11Z,68,False,garage,mackojar/garage,git@github.com:mackojar/garage.git,0
MDEwOlJlcG9zaXRvcnkxNDU3NjQ5NjY=,2018-08-22T21:30:41Z,2026-04-08T02:03:36Z,2026-04-08T02:03:29Z,377,False,code,erustonmi/code,git@github.com:erustonmi/code.git,0
MDEwOlJlcG9zaXRvcnkxNDU3NTAyODY=,2018-08-22T18:56:10Z,2026-03-02T20:58:28Z,2026-03-02T20:58:23Z,13488,False,qbot,eamon-collins/qbot,git@github.com:eamon-collins/qbot.git,1
MDEwOlJlcG9zaXRvcnkxNDU3Mzg4ODg=,2018-08-22T17:05:42Z,2026-05-06T15:37:14Z,2026-05-06T15:37:09Z,39847,True,specifications,SoftwareNetwork/specifications,git@github.com:SoftwareNetwork/specifications.git,0
MDEwOlJlcG9zaXRvcnkxNDU3Mjg3ODQ=,2018-08-22T15:32:48Z,2026-05-05T15:27:54Z,2026-05-05T15:26:37Z,2030,False,CAPER,rjbohlender/CAPER,git@github.com:rjbohlender/CAPER.git,0
MDEwOlJlcG9zaXRvcnkxNDU3MjI2NzI=,2018-08-22T14:44:37Z,2026-03-14T11:21:40Z,2026-03-14T11:21:36Z,24,False,Arduino-ST7789-Library,wilmsn/Arduino-ST7789-Library,git@github.com:wilmsn/Arduino-ST7789-Library.git,5
MDEwOlJlcG9zaXRvcnkxNDU3MTY4MzA=,2018-08-22T13:59:16Z,2026-04-08T20:59:01Z,2026-04-08T09:48:35Z,1496,False,Tetris_Game_Qt_Cplusplus_QML,adam-choragwicki/Tetris_Game_Qt_Cplusplus_QML,git@github.com:adam-choragwicki/Tetris_Game_Qt_Cplusplus_QML.git,2
MDEwOlJlcG9zaXRvcnkxNDU3MDIxNzI=,2018-08-22T11:51:48Z,2026-03-07T02:44:26Z,2026-03-07T02:44:22Z,277348,False,dotfiles,brandonc/dotfiles,git@github.com:brandonc/dotfiles.git,0
MDEwOlJlcG9zaXRvcnkxNDU2OTIwNDY=,2018-08-22T10:12:46Z,2026-05-06T20:37:46Z,2026-05-06T20:47:14Z,185334,False,mp-units,mpusz/mp-units,git@github.com:mpusz/mp-units.git,1414
MDEwOlJlcG9zaXRvcnkxNDU2ODYyOTQ=,2018-08-22T09:24:46Z,2026-04-06T14:00:59Z,2026-04-06T14:00:50Z,78143,False,requiem,aesophor/requiem,git@github.com:aesophor/requiem.git,109
MDEwOlJlcG9zaXRvcnkxNDU2NDA2ODU=,2018-08-22T01:44:35Z,2026-03-19T14:42:51Z,2026-03-19T14:41:55Z,423,True,sdeventplus,openbmc/sdeventplus,git@github.com:openbmc/sdeventplus.git,4
MDEwOlJlcG9zaXRvcnkxNDU2MjM0OTg=,2018-08-21T21:54:40Z,2026-05-05T16:11:14Z,2026-05-05T16:11:03Z,789,True,camp,llnl/camp,git@github.com:llnl/camp.git,98
MDEwOlJlcG9zaXRvcnkxNDU2MTYzNzc=,2018-08-21T20:33:50Z,2026-05-06T20:38:07Z,2026-04-09T06:32:43Z,3189,True,luasteam,uspgamedev/luasteam,git@github.com:uspgamedev/luasteam.git,226
MDEwOlJlcG9zaXRvcnkxNDU1MDQyMjU=,2018-08-21T03:58:37Z,2026-05-02T19:59:38Z,2026-04-11T06:03:28Z,314,True,spnavcfg,FreeSpacenav/spnavcfg,git@github.com:FreeSpacenav/spnavcfg.git,89
MDEwOlJlcG9zaXRvcnkxNDU0NzI0MDc=,2018-08-20T21:29:50Z,2026-05-06T20:49:11Z,2026-04-27T00:05:09Z,113329,True,skift,skift-org/skift,git@github.com:skift-org/skift.git,2960
MDEwOlJlcG9zaXRvcnkxNDU0NjM5NjY=,2018-08-20T19:53:58Z,2026-04-22T07:30:32Z,2026-04-22T07:30:28Z,2038,True,uarray,Quansight-Labs/uarray,git@github.com:Quansight-Labs/uarray.git,108
MDEwOlJlcG9zaXRvcnkxNDU0MzU1NDM=,2018-08-20T15:25:14Z,2026-05-07T11:33:57Z,2026-05-07T11:33:53Z,17733,False,arduino_sample_code,JaemoChoi/arduino_sample_code,git@github.com:JaemoChoi/arduino_sample_code.git,0
MDEwOlJlcG9zaXRvcnkxNDUzODY3MzU=,2018-08-20T08:10:50Z,2026-05-04T07:39:20Z,2026-05-04T07:39:17Z,63528,False,E3DC-Control,Eba-M/E3DC-Control,git@github.com:Eba-M/E3DC-Control.git,87
MDEwOlJlcG9zaXRvcnkxNDUzNjMxNDI=,2018-08-20T03:47:41Z,2026-04-06T03:25:24Z,2026-04-06T03:25:20Z,64760,False,ibithub,ibithub/ibithub,git@github.com:ibithub/ibithub.git,9
MDEwOlJlcG9zaXRvcnkxNDUzNTY2NjU=,2018-08-20T02:33:12Z,2026-04-30T07:57:03Z,2026-03-22T05:03:28Z,203262,True,alibabacloud-nls-cpp-sdk,aliyun/alibabacloud-nls-cpp-sdk,git@github.com:aliyun/alibabacloud-nls-cpp-sdk.git,66
MDEwOlJlcG9zaXRvcnkxNDUzMzM2NTQ=,2018-08-19T20:00:50Z,2026-05-02T20:46:47Z,2026-05-02T20:46:44Z,35360,True,ActionsExtension,PipeRift/ActionsExtension,git@github.com:PipeRift/ActionsExtension.git,65
MDEwOlJlcG9zaXRvcnkxNDUzMDc0NjE=,2018-08-19T13:52:02Z,2026-03-08T23:44:55Z,2026-03-08T23:44:51Z,7,False,dice,GavinNelson/dice,git@github.com:GavinNelson/dice.git,0
MDEwOlJlcG9zaXRvcnkxNDUxNDUzMjc=,2018-08-17T16:50:24Z,2026-04-07T21:20:22Z,2026-04-07T21:20:16Z,202,False,pcm_inversion,romanis/pcm_inversion,git@github.com:romanis/pcm_inversion.git,2
MDEwOlJlcG9zaXRvcnkxNDUxMzc3OTY=,2018-08-17T15:34:30Z,2026-04-11T14:28:17Z,2026-04-11T14:28:13Z,139,False,ai,mathwiz/ai,git@github.com:mathwiz/ai.git,0
MDEwOlJlcG9zaXRvcnkxNDUwMjYyMjI=,2018-08-16T18:40:22Z,2026-04-18T12:15:31Z,2026-04-09T16:34:43Z,2267,False,splines-lib,andrewwillmott/splines-lib,git@github.com:andrewwillmott/splines-lib.git,338
MDEwOlJlcG9zaXRvcnkxNDUwMjA1MzM=,2018-08-16T17:39:10Z,2026-04-18T07:36:56Z,2026-03-06T09:39:14Z,547,False,flutter_udid,GigaDroid/flutter_udid,git@github.com:GigaDroid/flutter_udid.git,276
MDEwOlJlcG9zaXRvcnkxNDUwMDc0Mzk=,2018-08-16T15:35:09Z,2026-05-06T20:38:11Z,2026-05-06T21:10:57Z,1477,True,GRSIData,GRIFFINCollaboration/GRSIData,git@github.com:GRIFFINCollaboration/GRSIData.git,3
MDEwOlJlcG9zaXRvcnkxNDUwMDcxNTU=,2018-08-16T15:32:46Z,2026-03-30T17:07:31Z,2026-03-30T17:07:27Z,410,False,lrose-test,leavesntwigs/lrose-test,git@github.com:leavesntwigs/lrose-test.git,0
MDEwOlJlcG9zaXRvcnkxNDQ5Nzk0NTg=,2018-08-16T11:36:48Z,2026-04-12T08:46:28Z,2026-05-07T09:17:19Z,113,True,wsm-speed-reader,kmzbrnoI/wsm-speed-reader,git@github.com:kmzbrnoI/wsm-speed-reader.git,0
MDEwOlJlcG9zaXRvcnkxNDQ5MjQ2OTg=,2018-08-16T02:11:45Z,2026-05-06T14:34:23Z,2026-05-06T14:27:10Z,57,False,DTW,LLevella/DTW,git@github.com:LLevella/DTW.git,0
MDEwOlJlcG9zaXRvcnkxNDQ5MjEzOTE=,2018-08-16T01:35:02Z,2026-04-27T16:32:05Z,2026-04-27T16:32:00Z,557893,False,2143-Object-Oriented-Programming,rugbyprof/2143-Object-Oriented-Programming,git@github.com:rugbyprof/2143-Object-Oriented-Programming.git,40
MDEwOlJlcG9zaXRvcnkxNDQ5MDc4OTI=,2018-08-15T22:04:04Z,2026-05-04T09:26:46Z,2026-05-07T01:55:57Z,27232,True,dxvk,ValveSoftware/dxvk,git@github.com:ValveSoftware/dxvk.git,465
MDEwOlJlcG9zaXRvcnkxNDQ4OTkyOTY=,2018-08-15T20:17:41Z,2026-03-13T13:07:19Z,2026-03-13T13:07:15Z,55,False,WidgetJoy,FedorGurin/WidgetJoy,git@github.com:FedorGurin/WidgetJoy.git,0
MDEwOlJlcG9zaXRvcnkxNDQ3OTU4ODY=,2018-08-15T02:30:52Z,2026-04-20T22:13:50Z,2026-04-09T17:33:00Z,29286,True,Phoenix5-Linux-Example,CrossTheRoadElec/Phoenix5-Linux-Example,git@github.com:CrossTheRoadElec/Phoenix5-Linux-Example.git,26
MDEwOlJlcG9zaXRvcnkxNDQ3NjIzMjg=,2018-08-14T19:14:39Z,2026-04-27T12:46:14Z,2026-04-27T12:46:09Z,1090,True,wcm,WayfireWM/wcm,git@github.com:WayfireWM/wcm.git,50
MDEwOlJlcG9zaXRvcnkxNDQ3MzIzOTY=,2018-08-14T14:35:32Z,2026-03-26T00:08:31Z,2026-03-26T00:08:26Z,103,True,EduIntro,arduino/EduIntro,git@github.com:arduino/EduIntro.git,39
MDEwOlJlcG9zaXRvcnkxNDQ3MjgyNjE=,2018-08-14T14:01:40Z,2026-05-06T07:31:16Z,2026-05-04T16:11:13Z,2326,False,EU4dll,matanki-saito/EU4dll,git@github.com:matanki-saito/EU4dll.git,1152
MDEwOlJlcG9zaXRvcnkxNDQ3MDE2NjE=,2018-08-14T09:54:51Z,2026-04-28T10:51:50Z,2026-04-28T12:59:51Z,9375,False,SorachanCoin-qt,FromHDDtoSSD/SorachanCoin-qt,git@github.com:FromHDDtoSSD/SorachanCoin-qt.git,11
MDEwOlJlcG9zaXRvcnkxNDQ2OTM1MzM=,2018-08-14T08:46:28Z,2026-05-04T08:49:29Z,2026-05-04T08:49:25Z,120124,False,HealthApp,zyq1569/HealthApp,git@github.com:zyq1569/HealthApp.git,8
MDEwOlJlcG9zaXRvcnkxNDQ2MjUwMTc=,2018-08-13T19:33:06Z,2026-04-17T21:20:55Z,2026-04-17T21:20:51Z,351,False,mdp,wdl83/mdp,git@github.com:wdl83/mdp.git,3
MDEwOlJlcG9zaXRvcnkxNDQ2MTA4MDE=,2018-08-13T17:16:27Z,2026-05-06T03:29:32Z,2026-05-06T03:36:45Z,36458,True,xmsextractor,Aquaveo/xmsextractor,git@github.com:Aquaveo/xmsextractor.git,0
MDEwOlJlcG9zaXRvcnkxNDQ1OTk0OTk=,2018-08-13T15:34:58Z,2026-03-27T12:29:12Z,2026-03-27T12:29:01Z,71547,True,cedar,cedar/cedar,git@github.com:cedar/cedar.git,20
MDEwOlJlcG9zaXRvcnkxNDQ1ODQ1NDI=,2018-08-13T13:36:24Z,2026-04-15T05:43:25Z,2026-04-29T09:07:10Z,1709,True,libxayagame,xaya/libxayagame,git@github.com:xaya/libxayagame.git,20
MDEwOlJlcG9zaXRvcnkxNDQ1MDg4MTU=,2018-08-12T23:46:28Z,2026-04-19T04:18:49Z,2026-03-18T03:26:39Z,10200,False,HD-Picture-Viewer,TheLastMillennial/HD-Picture-Viewer,git@github.com:TheLastMillennial/HD-Picture-Viewer.git,56
MDEwOlJlcG9zaXRvcnkxNDQ0OTQwNDE=,2018-08-12T19:13:46Z,2026-04-16T03:46:01Z,2026-04-16T03:47:57Z,853,False,yenxo,nicktrandafil/yenxo,git@github.com:nicktrandafil/yenxo.git,11
MDEwOlJlcG9zaXRvcnkxNDQ0NDc3MTE=,2018-08-12T07:43:37Z,2026-05-03T21:17:02Z,2026-03-28T09:03:39Z,157,False,libsoda-cxx,dilawar/libsoda-cxx,git@github.com:dilawar/libsoda-cxx.git,22
MDEwOlJlcG9zaXRvcnkxNDQ0MjMyMzA=,2018-08-11T22:57:29Z,2026-05-05T01:41:40Z,2026-04-29T16:26:46Z,3034,False,thinker,induktio/thinker,git@github.com:induktio/thinker.git,137
MDEwOlJlcG9zaXRvcnkxNDQ0MDE4Mjc=,2018-08-11T16:39:07Z,2026-05-06T19:39:26Z,2026-05-06T19:39:21Z,1318,False,properties,gammasoft71/properties,git@github.com:gammasoft71/properties.git,16
MDEwOlJlcG9zaXRvcnkxNDQ0MDA1NDE=,2018-08-11T16:21:01Z,2026-05-03T12:14:07Z,2026-04-06T13:11:52Z,5172,False,Examples_wxWidgets,gammasoft71/Examples_wxWidgets,git@github.com:gammasoft71/Examples_wxWidgets.git,193
MDEwOlJlcG9zaXRvcnkxNDQ0MDAwNzE=,2018-08-11T16:15:00Z,2026-05-06T19:33:37Z,2026-05-06T19:33:33Z,2132,False,Examples_FLTK,gammasoft71/Examples_FLTK,git@github.com:gammasoft71/Examples_FLTK.git,64
MDEwOlJlcG9zaXRvcnkxNDQzOTUyMjM=,2018-08-11T15:11:48Z,2026-03-18T18:01:46Z,2026-03-18T18:01:42Z,340,True,QuasarAppLib,QuasarApp/QuasarAppLib,git@github.com:QuasarApp/QuasarAppLib.git,4
MDEwOlJlcG9zaXRvcnkxNDQzOTI0MDg=,2018-08-11T14:35:00Z,2026-05-06T16:09:24Z,2026-05-03T02:27:37Z,1031,False,nativefiledialog-extended,btzy/nativefiledialog-extended,git@github.com:btzy/nativefiledialog-extended.git,992
MDEwOlJlcG9zaXRvcnkxNDQzODM0OTc=,2018-08-11T12:29:27Z,2026-05-06T19:39:01Z,2026-05-06T19:38:56Z,2202,False,Examples_Qt,gammasoft71/Examples_Qt,git@github.com:gammasoft71/Examples_Qt.git,87
MDEwOlJlcG9zaXRvcnkxNDQzNDM3MTk=,2018-08-11T00:35:51Z,2026-05-07T08:12:29Z,2026-05-07T08:12:24Z,104458,True,collector,stackrox/collector,git@github.com:stackrox/collector.git,54
MDEwOlJlcG9zaXRvcnkxNDQzMzkxNjk=,2018-08-10T22:57:36Z,2026-05-04T00:10:29Z,2026-04-18T19:14:54Z,51499,False,biblioteca,brunomaletta/biblioteca,git@github.com:brunomaletta/biblioteca.git,416
MDEwOlJlcG9zaXRvcnkxNDQzMzU5OTI=,2018-08-10T22:02:02Z,2026-04-29T09:47:21Z,2026-04-27T18:33:36Z,320,False,SigmaDSP,MCUdude/SigmaDSP,git@github.com:MCUdude/SigmaDSP.git,226
MDEwOlJlcG9zaXRvcnkxNDQzMzEzNzc=,2018-08-10T20:55:29Z,2026-05-01T00:05:00Z,2026-04-27T22:08:57Z,73313,True,UnrealMarketplacePlugin,PlayFab/UnrealMarketplacePlugin,git@github.com:PlayFab/UnrealMarketplacePlugin.git,142
MDEwOlJlcG9zaXRvcnkxNDQzMjkyMDk=,2018-08-10T20:26:16Z,2026-05-07T11:11:38Z,2026-04-28T19:08:16Z,141450,True,Crow,CrowCpp/Crow,git@github.com:CrowCpp/Crow.git,4824
MDEwOlJlcG9zaXRvcnkxNDQyODU3NDA=,2018-08-10T12:52:39Z,2026-04-26T09:47:53Z,2026-04-26T09:47:49Z,28315,False,SPARSE_MATRICES_BY_ZLATEV,LukaszJastrzab/SPARSE_MATRICES_BY_ZLATEV,git@github.com:LukaszJastrzab/SPARSE_MATRICES_BY_ZLATEV.git,0
MDEwOlJlcG9zaXRvcnkxNDQyODQ1NjQ=,2018-08-10T12:41:07Z,2026-04-27T08:50:57Z,2026-05-05T15:42:30Z,3164,True,phosphor-certificate-manager,openbmc/phosphor-certificate-manager,git@github.com:openbmc/phosphor-certificate-manager.git,6
MDEwOlJlcG9zaXRvcnkxNDQyNzU5NDM=,2018-08-10T11:06:10Z,2026-04-29T16:20:24Z,2026-04-29T16:20:11Z,1000,False,Interview-Preparation,Goutam1511/Interview-Preparation,git@github.com:Goutam1511/Interview-Preparation.git,5
MDEwOlJlcG9zaXRvcnkxNDQyMzY5Nzc=,2018-08-10T04:31:44Z,2026-04-26T09:06:17Z,2026-04-26T09:06:12Z,1449,False,LeetCode,codemonkeyhe/LeetCode,git@github.com:codemonkeyhe/LeetCode.git,0
MDEwOlJlcG9zaXRvcnkxNDQyMTk3OTc=,2018-08-10T01:10:31Z,2026-05-03T22:49:01Z,2026-03-27T20:05:37Z,77275,True,WebCore,ultralight-ux/WebCore,git@github.com:ultralight-ux/WebCore.git,222
MDEwOlJlcG9zaXRvcnkxNDQxNjI3NDc=,2018-08-09T14:19:32Z,2026-03-21T09:42:38Z,2026-03-21T09:42:34Z,16071,False,Algorithm_Problems,SeanCST/Algorithm_Problems,git@github.com:SeanCST/Algorithm_Problems.git,0
MDEwOlJlcG9zaXRvcnkxNDQxMzc3ODU=,2018-08-09T10:30:28Z,2026-04-16T12:30:09Z,2026-04-16T12:30:04Z,345,False,Neumann,turtle-insect/Neumann,git@github.com:turtle-insect/Neumann.git,35
MDEwOlJlcG9zaXRvcnkxNDQwOTI2NDE=,2018-08-09T02:44:59Z,2026-03-28T23:31:45Z,2026-04-21T03:53:25Z,88407,False,Caustic,pat-sweeney/Caustic,git@github.com:pat-sweeney/Caustic.git,5
MDEwOlJlcG9zaXRvcnkxNDQwODYzNzk=,2018-08-09T01:32:35Z,2026-03-31T07:47:04Z,2026-05-06T09:35:36Z,4318,True,intel-ipmi-oem,openbmc/intel-ipmi-oem,git@github.com:openbmc/intel-ipmi-oem.git,21
MDEwOlJlcG9zaXRvcnkxNDQwNzY4OTk=,2018-08-08T23:13:22Z,2026-05-06T06:51:24Z,2026-03-02T10:22:45Z,128988,True,MDL-SDK,NVIDIA/MDL-SDK,git@github.com:NVIDIA/MDL-SDK.git,524
MDEwOlJlcG9zaXRvcnkxNDQwNzE0MjU=,2018-08-08T21:53:36Z,2026-05-07T11:20:58Z,2026-05-04T21:17:39Z,5965,False,Waybar,Alexays/Waybar,git@github.com:Alexays/Waybar.git,11212
MDEwOlJlcG9zaXRvcnkxNDQwNTI2NDQ=,2018-08-08T18:27:09Z,2026-04-08T19:05:17Z,2026-04-08T19:05:08Z,2512,False,bicoqueEVSE,maertems/bicoqueEVSE,git@github.com:maertems/bicoqueEVSE.git,2
MDEwOlJlcG9zaXRvcnkxNDM5OTYwMjQ=,2018-08-08T10:07:54Z,2026-05-05T11:12:54Z,2026-04-29T08:28:54Z,337,False,SupMover,MonoS/SupMover,git@github.com:MonoS/SupMover.git,62
MDEwOlJlcG9zaXRvcnkxNDM5NzY0NTg=,2018-08-08T07:24:14Z,2026-05-05T10:31:45Z,2026-05-05T10:31:41Z,154663,True,trik-studio,trikset/trik-studio,git@github.com:trikset/trik-studio.git,28
MDEwOlJlcG9zaXRvcnkxNDM5NTE5MDk=,2018-08-08T02:42:07Z,2026-04-13T06:29:54Z,2026-04-17T12:34:52Z,1556,False,TransformCoordinate,KangLin/TransformCoordinate,git@github.com:KangLin/TransformCoordinate.git,27
MDEwOlJlcG9zaXRvcnkxNDM5MDM0NTQ=,2018-08-07T17:01:51Z,2026-04-21T18:54:35Z,2026-04-21T18:54:27Z,304713,False,omnibus-dev,pierremolinaro/omnibus-dev,git@github.com:pierremolinaro/omnibus-dev.git,0
MDEwOlJlcG9zaXRvcnkxNDM4OTgzNzg=,2018-08-07T16:13:07Z,2026-05-01T21:22:56Z,2026-05-01T21:22:50Z,51878,True,openperf,Spirent/openperf,git@github.com:Spirent/openperf.git,19
MDEwOlJlcG9zaXRvcnkxNDM4NjEwNzk=,2018-08-07T11:02:02Z,2026-04-14T12:37:02Z,2026-04-12T17:23:14Z,2418,True,AttributesExtension,PipeRift/AttributesExtension,git@github.com:PipeRift/AttributesExtension.git,45
MDEwOlJlcG9zaXRvcnkxNDM4MTg2OTQ=,2018-08-07T04:15:08Z,2026-05-04T15:03:57Z,2026-05-06T19:27:44Z,1063,True,liboculus,apl-ocean-engineering/liboculus,git@github.com:apl-ocean-engineering/liboculus.git,24
MDEwOlJlcG9zaXRvcnkxNDM3ODY3NzE=,2018-08-06T21:45:58Z,2026-04-19T14:35:18Z,2026-04-19T14:35:14Z,124569,True,GLEngine,MySchoolEngine/GLEngine,git@github.com:MySchoolEngine/GLEngine.git,22
MDEwOlJlcG9zaXRvcnkxNDM3NjI4NjA=,2018-08-06T17:45:16Z,2026-04-03T19:06:18Z,2026-03-02T19:15:53Z,8867,False,plasma5-wallpapers-dynamic,zzag/plasma5-wallpapers-dynamic,git@github.com:zzag/plasma5-wallpapers-dynamic.git,379
MDEwOlJlcG9zaXRvcnkxNDM2NTY3Nzg=,2018-08-06T00:07:50Z,2026-05-03T11:01:40Z,2026-05-03T11:01:36Z,60327,False,Mystery-Treasure-Chamber---ACW,arjunc007/Mystery-Treasure-Chamber---ACW,git@github.com:arjunc007/Mystery-Treasure-Chamber---ACW.git,1
MDEwOlJlcG9zaXRvcnkxNDM2NTUyOTI=,2018-08-05T23:35:57Z,2026-05-01T20:50:29Z,2026-05-01T20:50:24Z,41219,False,modular_arithmetic,hurchalla/modular_arithmetic,git@github.com:hurchalla/modular_arithmetic.git,12
MDEwOlJlcG9zaXRvcnkxNDM2MjQwNjg=,2018-08-05T15:19:14Z,2026-03-14T08:03:15Z,2026-03-14T08:03:11Z,143,False,leetcode,CodingdAwn/leetcode,git@github.com:CodingdAwn/leetcode.git,0
MDEwOlJlcG9zaXRvcnkxNDM2MjA0MDI=,2018-08-05T14:36:26Z,2026-03-14T21:26:48Z,2026-03-14T21:26:44Z,2586,False,MyProc2,hbtoo/MyProc2,git@github.com:hbtoo/MyProc2.git,0
MDEwOlJlcG9zaXRvcnkxNDM2MTU4MjI=,2018-08-05T13:37:57Z,2026-04-02T11:46:39Z,2026-04-02T11:46:34Z,12,False,futures,liusw2012/futures,git@github.com:liusw2012/futures.git,0
MDEwOlJlcG9zaXRvcnkxNDM1MzU1MDk=,2018-08-04T14:25:02Z,2026-04-07T02:59:17Z,2026-03-10T01:55:39Z,22480,False,life_of_mine,ahfuzhang/life_of_mine,git@github.com:ahfuzhang/life_of_mine.git,35
MDEwOlJlcG9zaXRvcnkxNDM1MTk5MTI=,2018-08-04T10:33:40Z,2026-05-06T05:44:30Z,2026-05-06T05:44:26Z,39798,False,mud,bylins/mud,git@github.com:bylins/mud.git,41
MDEwOlJlcG9zaXRvcnkxNDM1MTUzNDU=,2018-08-04T09:23:15Z,2026-03-30T11:36:53Z,2026-03-30T11:36:47Z,71,False,culminate,perplexedpigmy/culminate,git@github.com:perplexedpigmy/culminate.git,0
MDEwOlJlcG9zaXRvcnkxNDM1MTI2NjY=,2018-08-04T08:44:50Z,2026-05-02T15:18:28Z,2026-05-02T15:18:25Z,23,False,broadcast_bus,mporsch/broadcast_bus,git@github.com:mporsch/broadcast_bus.git,0
MDEwOlJlcG9zaXRvcnkxNDM0NjExMTc=,2018-08-03T18:34:06Z,2024-11-14T17:50:27Z,2026-03-20T13:33:57Z,6966,True,os-nghttp2,pexip/os-nghttp2,git@github.com:pexip/os-nghttp2.git,0
MDEwOlJlcG9zaXRvcnkxNDM0NTUxMTY=,2018-08-03T17:26:00Z,2026-05-07T10:48:51Z,2026-05-07T08:10:40Z,1122665,True,filament,google/filament,git@github.com:google/filament.git,20023
MDEwOlJlcG9zaXRvcnkxNDM0MjA4MTk=,2018-08-03T11:46:18Z,2026-04-23T07:15:00Z,2026-05-05T23:22:17Z,7660,True,commsdsl,commschamp/commsdsl,git@github.com:commschamp/commsdsl.git,24
MDEwOlJlcG9zaXRvcnkxNDMzNzI4Mjc=,2018-08-03T03:26:13Z,2026-03-22T04:42:43Z,2026-03-22T04:42:40Z,27,False,Cinder-,ghidra/Cinder-,git@github.com:ghidra/Cinder-.git,0
MDEwOlJlcG9zaXRvcnkxNDMzNTIyNzI=,2018-08-02T22:53:55Z,2026-04-27T13:34:54Z,2026-04-27T00:18:30Z,17770,False,TM16xx,maxint-rd/TM16xx,git@github.com:maxint-rd/TM16xx.git,224
MDEwOlJlcG9zaXRvcnkxNDMzMzg4MzU=,2018-08-02T19:52:14Z,2026-04-13T13:26:55Z,2026-04-13T13:26:50Z,911,True,phosphor-buttons,openbmc/phosphor-buttons,git@github.com:openbmc/phosphor-buttons.git,1
MDEwOlJlcG9zaXRvcnkxNDMzMzg3NDc=,2018-08-02T19:51:09Z,2026-05-06T22:34:36Z,2026-05-06T21:27:54Z,1382,True,x86-power-control,openbmc/x86-power-control,git@github.com:openbmc/x86-power-control.git,18
MDEwOlJlcG9zaXRvcnkxNDMzMzY1NDg=,2018-08-02T19:27:06Z,2026-04-21T07:33:01Z,2026-04-21T07:32:56Z,901,False,flagser,luetge/flagser,git@github.com:luetge/flagser.git,40
MDEwOlJlcG9zaXRvcnkxNDMzMjQ3Mzc=,2018-08-02T17:19:01Z,2026-05-06T18:19:32Z,2026-05-04T23:39:19Z,95242,True,DevilutionX,diasurgical/DevilutionX,git@github.com:diasurgical/DevilutionX.git,9468
MDEwOlJlcG9zaXRvcnkxNDMyNjcxNDc=,2018-08-02T08:42:43Z,2026-05-06T12:52:01Z,2026-05-06T12:51:58Z,13687,True,dreamland_code,dreamland-mud/dreamland_code,git@github.com:dreamland-mud/dreamland_code.git,43
MDEwOlJlcG9zaXRvcnkxNDMyMTU2MTA=,2018-08-01T22:42:46Z,2026-05-04T09:30:11Z,2026-04-17T20:01:32Z,8454,True,ros_gz,gazebosim/ros_gz,git@github.com:gazebosim/ros_gz.git,509
MDEwOlJlcG9zaXRvcnkxNDMyMDc1MjA=,2018-08-01T20:52:00Z,2026-04-30T21:15:24Z,2026-04-30T21:15:09Z,13762,True,pyscal,pyscal/pyscal,git@github.com:pyscal/pyscal.git,69
MDEwOlJlcG9zaXRvcnkxNDMyMDM5MjU=,2018-08-01T20:12:38Z,2026-04-29T16:48:44Z,2026-04-29T18:15:58Z,3211324,True,proxy,maistra/proxy,git@github.com:maistra/proxy.git,9
MDEwOlJlcG9zaXRvcnkxNDMxNzg2Njk=,2018-08-01T16:03:11Z,2026-03-23T21:24:04Z,2026-03-23T21:24:00Z,229,False,MSL,martysama0134/MSL,git@github.com:martysama0134/MSL.git,11
MDEwOlJlcG9zaXRvcnkxNDMxNDc5NDI=,2018-08-01T11:39:03Z,2026-05-06T10:32:45Z,2026-05-06T10:32:40Z,14666,True,nextpnr,YosysHQ/nextpnr,git@github.com:YosysHQ/nextpnr.git,1663
MDEwOlJlcG9zaXRvcnkxNDMxMjIwMjM=,2018-08-01T07:46:46Z,2026-04-05T15:11:04Z,2026-04-05T15:11:00Z,57433,False,camera-calibration,ZL-Su/camera-calibration,git@github.com:ZL-Su/camera-calibration.git,6
MDEwOlJlcG9zaXRvcnkxNDMxMDA4MjU=,2018-08-01T03:47:00Z,2026-04-30T15:09:31Z,2026-05-05T16:11:59Z,112786,False,llvm_bmc,ashutosh0gupta/llvm_bmc,git@github.com:ashutosh0gupta/llvm_bmc.git,3
MDEwOlJlcG9zaXRvcnkxNDMwODMyMDg=,2018-08-01T00:22:14Z,2026-03-09T02:56:47Z,2026-03-09T02:56:43Z,947,False,cool_to_warm_image_conversion,dmthuc/cool_to_warm_image_conversion,git@github.com:dmthuc/cool_to_warm_image_conversion.git,0
MDEwOlJlcG9zaXRvcnkxNDI5NTYwMjU=,2018-07-31T03:12:45Z,2026-04-30T04:22:46Z,2026-05-04T00:42:53Z,5929,True,soup,soup-build/soup,git@github.com:soup-build/soup.git,57
MDEwOlJlcG9zaXRvcnkxNDI5MjgyNzA=,2018-07-30T21:06:59Z,2026-05-05T17:13:14Z,2026-05-05T19:07:30Z,222923,True,halld_recon,JeffersonLab/halld_recon,git@github.com:JeffersonLab/halld_recon.git,9
MDEwOlJlcG9zaXRvcnkxNDI5MTc5NjE=,2018-07-30T19:15:27Z,2026-05-03T19:31:46Z,2026-04-29T22:56:21Z,175768,True,codelabs,flutter/codelabs,git@github.com:flutter/codelabs.git,2104
MDEwOlJlcG9zaXRvcnkxNDI4OTMyNTI=,2018-07-30T15:19:22Z,2026-05-07T02:13:08Z,2026-04-28T22:51:34Z,74986,True,sparta,sparta/sparta,git@github.com:sparta/sparta.git,235
MDEwOlJlcG9zaXRvcnkxNDI4ODk0Njg=,2018-07-30T14:47:54Z,2026-05-03T17:06:44Z,2026-05-03T17:14:13Z,9054,True,turboWAVE,USNavalResearchLaboratory/turboWAVE,git@github.com:USNavalResearchLaboratory/turboWAVE.git,22
MDEwOlJlcG9zaXRvcnkxNDI4NzQyNDI=,2018-07-30T12:43:28Z,2026-04-16T21:38:02Z,2026-04-13T22:40:44Z,2440,False,radix-sort,gyatskov/radix-sort,git@github.com:gyatskov/radix-sort.git,7
MDEwOlJlcG9zaXRvcnkxNDI4NjY2NzI=,2018-07-30T11:30:38Z,2026-05-07T06:49:03Z,2026-05-07T06:48:59Z,1470,False,challenges,ns-vasilev/challenges,git@github.com:ns-vasilev/challenges.git,2
MDEwOlJlcG9zaXRvcnkxNDI4NDA5NzU=,2018-07-30T07:31:35Z,2026-04-17T11:30:55Z,2026-04-17T11:30:50Z,1305,True,hpp-gui,humanoid-path-planner/hpp-gui,git@github.com:humanoid-path-planner/hpp-gui.git,1
MDEwOlJlcG9zaXRvcnkxNDI4MzgxMTg=,2018-07-30T07:06:06Z,2026-04-17T11:37:28Z,2026-04-17T11:37:23Z,619,True,hpp-plot,humanoid-path-planner/hpp-plot,git@github.com:humanoid-path-planner/hpp-plot.git,0
MDEwOlJlcG9zaXRvcnkxNDI4MjA3OTI=,2018-07-30T03:36:08Z,2026-05-04T19:35:24Z,2026-04-23T11:41:18Z,157,True,ITKBSplineGradient,InsightSoftwareConsortium/ITKBSplineGradient,git@github.com:InsightSoftwareConsortium/ITKBSplineGradient.git,2
MDEwOlJlcG9zaXRvcnkxNDI3OTM3ODk=,2018-07-29T20:38:49Z,2026-03-05T23:55:03Z,2026-03-05T23:55:00Z,101175,False,crow,mirmik/crow,git@github.com:mirmik/crow.git,0
MDEwOlJlcG9zaXRvcnkxNDI3ODcwMTI=,2018-07-29T18:48:19Z,2026-04-22T12:31:57Z,2026-04-24T20:29:08Z,14692,True,libparanumal,paranumal/libparanumal,git@github.com:paranumal/libparanumal.git,168
MDEwOlJlcG9zaXRvcnkxNDI3ODQ1NjE=,2018-07-29T18:19:22Z,2026-04-18T11:55:25Z,2026-04-18T11:55:20Z,68,False,algo,KiK0S/algo,git@github.com:KiK0S/algo.git,0
MDEwOlJlcG9zaXRvcnkxNDI3MDczOTA=,2018-07-28T20:17:22Z,2026-04-30T22:41:59Z,2026-04-30T22:26:39Z,46,False,DCCpp-Base-Station-Screen,Peyutron/DCCpp-Base-Station-Screen,git@github.com:Peyutron/DCCpp-Base-Station-Screen.git,0
MDEwOlJlcG9zaXRvcnkxNDI2MzQ1NDk=,2018-07-28T00:35:08Z,2026-05-01T18:12:19Z,2026-05-01T18:12:11Z,11482,False,dotfiles,clintjedwards/dotfiles,git@github.com:clintjedwards/dotfiles.git,1
MDEwOlJlcG9zaXRvcnkxNDI2MzExOTE=,2018-07-27T23:18:30Z,2026-05-07T04:31:51Z,2026-05-07T04:54:57Z,3961109,True,uWebSockets.js,uNetworking/uWebSockets.js,git@github.com:uNetworking/uWebSockets.js.git,9076
MDEwOlJlcG9zaXRvcnkxNDI2MjQ4Mzg=,2018-07-27T21:25:06Z,2026-04-24T13:21:53Z,2026-04-14T20:47:29Z,532562,False,ShashChess,amchess/ShashChess,git@github.com:amchess/ShashChess.git,164
MDEwOlJlcG9zaXRvcnkxNDI1NzkyMzg=,2018-07-27T13:15:17Z,2026-04-28T15:12:12Z,2026-04-28T15:04:09Z,16,False,ProofVerifier,LangsethLars/ProofVerifier,git@github.com:LangsethLars/ProofVerifier.git,0
MDEwOlJlcG9zaXRvcnkxNDI1MzkyNzM=,2018-07-27T06:51:30Z,2026-03-13T03:05:48Z,2026-03-13T03:05:44Z,927,False,ModularShaderLanguage,akb825/ModularShaderLanguage,git@github.com:akb825/ModularShaderLanguage.git,9
MDEwOlJlcG9zaXRvcnkxNDI1MzY4MDE=,2018-07-27T06:26:17Z,2026-04-16T06:03:32Z,2026-04-16T06:03:34Z,4630,True,halo,gear-genomics/halo,git@github.com:gear-genomics/halo.git,3
MDEwOlJlcG9zaXRvcnkxNDI0ODY0NTI=,2018-07-26T19:42:43Z,2026-04-22T19:56:05Z,2026-04-22T19:56:01Z,1861,False,ddspp,redorav/ddspp,git@github.com:redorav/ddspp.git,80
MDEwOlJlcG9zaXRvcnkxNDI0ODA5MDM=,2018-07-26T18:45:29Z,2026-05-06T20:50:39Z,2026-05-06T06:55:55Z,385411,True,microsoft-ui-xaml,microsoft/microsoft-ui-xaml,git@github.com:microsoft/microsoft-ui-xaml.git,7483
MDEwOlJlcG9zaXRvcnkxNDI0NzQ3NjY=,2018-07-26T17:47:32Z,2026-04-26T12:29:03Z,2026-04-26T12:28:59Z,8926,False,mx-boot-options,AdrianTM/mx-boot-options,git@github.com:AdrianTM/mx-boot-options.git,3
MDEwOlJlcG9zaXRvcnkxNDI0NjQ5ODI=,2018-07-26T16:13:28Z,2026-05-07T11:17:12Z,2026-05-07T11:17:26Z,1226,False,mlib,ESeNonFossiIo/mlib,git@github.com:ESeNonFossiIo/mlib.git,1
MDEwOlJlcG9zaXRvcnkxNDI0NjM3Mjc=,2018-07-26T16:02:05Z,2026-05-04T05:21:10Z,2026-05-04T05:21:05Z,169322,False,BoostAnalyzer17,ssekmen/BoostAnalyzer17,git@github.com:ssekmen/BoostAnalyzer17.git,2
MDEwOlJlcG9zaXRvcnkxNDI0NDgzMDA=,2018-07-26T13:56:22Z,2026-04-23T15:43:17Z,2026-04-23T15:43:13Z,8416,True,zserio-tutorial-cpp,ndsev/zserio-tutorial-cpp,git@github.com:ndsev/zserio-tutorial-cpp.git,11
MDEwOlJlcG9zaXRvcnkxNDI0NDc1Mzg=,2018-07-26T13:50:26Z,2026-04-16T20:03:24Z,2026-04-16T20:03:18Z,12175,True,ADVimba,areaDetector/ADVimba,git@github.com:areaDetector/ADVimba.git,2
MDEwOlJlcG9zaXRvcnkxNDI0MzQ1ODU=,2018-07-26T11:56:36Z,2026-04-09T14:46:23Z,2026-04-09T16:31:26Z,18807,True,Aspose.Words-for-C,aspose-words/Aspose.Words-for-C,git@github.com:aspose-words/Aspose.Words-for-C.git,54
MDEwOlJlcG9zaXRvcnkxNDI0MzM2OTQ=,2018-07-26T11:47:39Z,2026-03-25T15:51:56Z,2026-03-25T15:51:48Z,399,False,math,anazli/math,git@github.com:anazli/math.git,0
MDEwOlJlcG9zaXRvcnkxNDI0MjM3MjI=,2018-07-26T10:07:47Z,2026-04-17T10:22:38Z,2026-04-17T10:22:35Z,3037,True,cheri-compressed-cap,CTSRD-CHERI/cheri-compressed-cap,git@github.com:CTSRD-CHERI/cheri-compressed-cap.git,9
MDEwOlJlcG9zaXRvcnkxNDIzNzY0ODM=,2018-07-26T02:16:23Z,2026-03-02T09:32:52Z,2026-03-02T09:32:49Z,118652,False,CPP,roykim0823/CPP,git@github.com:roykim0823/CPP.git,0
MDEwOlJlcG9zaXRvcnkxNDIzMjc4Nzk=,2018-07-25T16:43:48Z,2026-04-27T14:10:44Z,2026-04-27T14:10:24Z,553,False,shrinky-intro,xyproto/shrinky-intro,git@github.com:xyproto/shrinky-intro.git,6
MDEwOlJlcG9zaXRvcnkxNDIyNTM4NTU=,2018-07-25T05:55:38Z,2026-05-01T20:08:00Z,2026-04-25T06:35:44Z,73943,False,proton,SethRobinson/proton,git@github.com:SethRobinson/proton.git,106
MDEwOlJlcG9zaXRvcnkxNDIyMzk2ODM=,2018-07-25T02:58:28Z,2026-04-10T08:40:35Z,2026-03-18T19:03:09Z,6638,True,euclidean-distance-transform-3d,seung-lab/euclidean-distance-transform-3d,git@github.com:seung-lab/euclidean-distance-transform-3d.git,264
MDEwOlJlcG9zaXRvcnkxNDIyMzQ5NjU=,2018-07-25T02:10:02Z,2026-04-28T11:04:37Z,2026-04-13T22:21:27Z,586232,False,palemoon27,roytam1/palemoon27,git@github.com:roytam1/palemoon27.git,72
MDEwOlJlcG9zaXRvcnkxNDIyMTYyODA=,2018-07-24T21:49:08Z,2026-05-02T19:46:17Z,2026-05-02T19:46:14Z,2036,False,Kurnik,sindljan/Kurnik,git@github.com:sindljan/Kurnik.git,0
MDEwOlJlcG9zaXRvcnkxNDIyMTA5NTA=,2018-07-24T20:43:19Z,2026-05-04T20:51:37Z,2026-05-06T23:29:13Z,65711,True,spheral,llnl/spheral,git@github.com:llnl/spheral.git,74
MDEwOlJlcG9zaXRvcnkxNDIwOTQyMDg=,2018-07-24T02:33:39Z,2026-04-13T18:26:00Z,2026-04-13T18:25:56Z,194,False,stripper_qmm,thecybermind/stripper_qmm,git@github.com:thecybermind/stripper_qmm.git,1
MDEwOlJlcG9zaXRvcnkxNDIwOTM4MTc=,2018-07-24T02:29:38Z,2026-04-13T18:24:54Z,2026-04-13T18:24:49Z,205,False,qadmin_qmm,thecybermind/qadmin_qmm,git@github.com:thecybermind/qadmin_qmm.git,1
MDEwOlJlcG9zaXRvcnkxNDIwOTI5MDA=,2018-07-24T02:20:18Z,2026-04-13T18:25:34Z,2026-04-13T18:25:29Z,87,False,rocketmod_qmm,thecybermind/rocketmod_qmm,git@github.com:thecybermind/rocketmod_qmm.git,3
MDEwOlJlcG9zaXRvcnkxNDIwNzE5Njg=,2018-07-23T21:35:33Z,2026-04-09T08:38:00Z,2026-04-09T08:42:44Z,49418,False,CppKeyboardColour,DeviceIoControl/CppKeyboardColour,git@github.com:DeviceIoControl/CppKeyboardColour.git,24
MDEwOlJlcG9zaXRvcnkxNDIwNDc3NjU=,2018-07-23T17:37:30Z,2026-03-18T05:43:21Z,2026-03-18T11:59:33Z,147710,True,cpp-xpx-chain,proximax-storage/cpp-xpx-chain,git@github.com:proximax-storage/cpp-xpx-chain.git,1
MDEwOlJlcG9zaXRvcnkxNDIwMjg2MTM=,2018-07-23T14:50:17Z,2026-04-09T05:43:27Z,2026-04-09T05:43:20Z,575,True,galaxy-ue-oss-plugin,gogcom/galaxy-ue-oss-plugin,git@github.com:gogcom/galaxy-ue-oss-plugin.git,48
MDEwOlJlcG9zaXRvcnkxNDIwMDcxNzc=,2018-07-23T11:50:29Z,2026-04-19T17:20:19Z,2026-04-19T17:20:15Z,20636,True,compbio-nomeR,fmi-basel/compbio-nomeR,git@github.com:fmi-basel/compbio-nomeR.git,0
MDEwOlJlcG9zaXRvcnkxNDE5OTkwMjU=,2018-07-23T10:26:26Z,2026-05-02T11:20:40Z,2026-05-02T11:20:37Z,12204,False,polyhedral_common,MathieuDutSik/polyhedral_common,git@github.com:MathieuDutSik/polyhedral_common.git,11
MDEwOlJlcG9zaXRvcnkxNDE5OTU4NTk=,2018-07-23T09:57:47Z,2026-04-23T09:23:03Z,2026-04-23T09:22:58Z,2634,False,basic_common_cpp,MathieuDutSik/basic_common_cpp,git@github.com:MathieuDutSik/basic_common_cpp.git,2
MDEwOlJlcG9zaXRvcnkxNDE5ODgzODg=,2018-07-23T08:57:11Z,2026-04-30T09:50:06Z,2026-04-21T02:58:54Z,95146,True,nnstreamer,nnstreamer/nnstreamer,git@github.com:nnstreamer/nnstreamer.git,786
MDEwOlJlcG9zaXRvcnkxNDE5NjY5MDU=,2018-07-23T05:46:18Z,2026-04-20T14:09:14Z,2026-04-20T14:09:29Z,15682,False,BoyiaEngine,damonyan1985/BoyiaEngine,git@github.com:damonyan1985/BoyiaEngine.git,3
MDEwOlJlcG9zaXRvcnkxNDE4OTQwMDc=,2018-07-22T12:32:07Z,2026-05-06T08:20:41Z,2026-05-07T07:01:27Z,468618,True,TombEngine,TombEngine/TombEngine,git@github.com:TombEngine/TombEngine.git,324
MDEwOlJlcG9zaXRvcnkxNDE4NzE2Njk=,2018-07-22T06:29:45Z,2026-04-08T12:36:53Z,2026-04-08T12:36:48Z,15670,False,Origami_Heart,ElektrischesSchaf/Origami_Heart,git@github.com:ElektrischesSchaf/Origami_Heart.git,2
MDEwOlJlcG9zaXRvcnkxNDE4NjMyMjU=,2018-07-22T03:34:59Z,2026-03-26T01:29:41Z,2026-03-26T01:29:38Z,3619,False,CompetitiveProgramming,racsosabe/CompetitiveProgramming,git@github.com:racsosabe/CompetitiveProgramming.git,4
MDEwOlJlcG9zaXRvcnkxNDE4NDU4OTM=,2018-07-21T21:05:17Z,2026-04-25T17:12:33Z,2026-04-25T17:12:29Z,1547,True,jmpapi,CauldronDevelopmentLLC/jmpapi,git@github.com:CauldronDevelopmentLLC/jmpapi.git,0
MDEwOlJlcG9zaXRvcnkxNDE3NzMwMDU=,2018-07-21T01:55:40Z,2026-04-24T11:51:56Z,2026-04-24T11:51:50Z,58215,False,Projects,spshah/Projects,git@github.com:spshah/Projects.git,0
MDEwOlJlcG9zaXRvcnkxNDE3Njk0NzM=,2018-07-21T00:41:29Z,2026-05-06T07:09:55Z,2026-05-04T19:11:17Z,1476,False,niagara,zeux/niagara,git@github.com:zeux/niagara.git,1718
MDEwOlJlcG9zaXRvcnkxNDE3NDk1NDc=,2018-07-20T19:20:01Z,2026-04-21T15:54:15Z,2026-04-21T15:54:10Z,1776,True,docs-sdk-c,couchbase/docs-sdk-c,git@github.com:couchbase/docs-sdk-c.git,0
MDEwOlJlcG9zaXRvcnkxNDE3MjEzNDQ=,2018-07-20T14:23:00Z,2026-04-30T01:31:25Z,2026-04-30T01:31:21Z,665,False,flowpp,snghojeong/flowpp,git@github.com:snghojeong/flowpp.git,3
MDEwOlJlcG9zaXRvcnkxNDE2OTA4OTY=,2018-07-20T09:15:42Z,2026-04-03T06:45:25Z,2026-04-03T06:45:18Z,411,False,np_alloc,icedac/np_alloc,git@github.com:icedac/np_alloc.git,2
MDEwOlJlcG9zaXRvcnkxNDE2ODY1MDM=,2018-07-20T08:37:51Z,2026-04-15T00:44:04Z,2026-04-15T00:43:59Z,295,True,washipad,KDE/washipad,git@github.com:KDE/washipad.git,4
MDEwOlJlcG9zaXRvcnkxNDE2NzYwNTk=,2018-07-20T07:03:27Z,2026-05-03T09:42:27Z,2026-05-04T05:16:23Z,2797615,False,remc2,turican0/remc2,git@github.com:turican0/remc2.git,132
MDEwOlJlcG9zaXRvcnkxNDE2MzMyMzg=,2018-07-19T21:37:11Z,2026-03-07T10:39:02Z,2026-03-09T21:40:29Z,185086,False,OpenGL_Windows_Projects,millerf1234/OpenGL_Windows_Projects,git@github.com:millerf1234/OpenGL_Windows_Projects.git,0
MDEwOlJlcG9zaXRvcnkxNDE2MTYzNDM=,2018-07-19T18:21:52Z,2026-04-27T13:11:37Z,2026-04-27T13:11:27Z,80244,False,EWOCvj2,paleajed/EWOCvj2,git@github.com:paleajed/EWOCvj2.git,4
MDEwOlJlcG9zaXRvcnkxNDE1OTQ2NDA=,2018-07-19T14:55:55Z,2026-03-24T11:19:42Z,2026-03-24T11:30:51Z,161,True,ArduinoECCX08,arduino-libraries/ArduinoECCX08,git@github.com:arduino-libraries/ArduinoECCX08.git,82
MDEwOlJlcG9zaXRvcnkxNDE1OTE2NTA=,2018-07-19T14:32:08Z,2026-05-06T06:13:06Z,2026-05-06T06:13:02Z,109645,False,ChryslerScanner,laszlodaniel/ChryslerScanner,git@github.com:laszlodaniel/ChryslerScanner.git,84
MDEwOlJlcG9zaXRvcnkxNDE1NDgyNDA=,2018-07-19T08:26:56Z,2026-04-15T05:40:57Z,2026-04-16T19:36:49Z,507608,True,DCA,CompFUSE/DCA,git@github.com:CompFUSE/DCA.git,41
MDEwOlJlcG9zaXRvcnkxNDE0NjQxMjc=,2018-07-18T16:53:47Z,2026-05-06T21:20:34Z,2026-05-06T21:20:30Z,29344,False,Mantis,giorgk/Mantis,git@github.com:giorgk/Mantis.git,1
MDEwOlJlcG9zaXRvcnkxNDE0NjE0NjU=,2018-07-18T16:29:11Z,2026-04-15T01:14:08Z,2026-04-15T01:14:04Z,66,False,SDL3-particles,scarsty/SDL3-particles,git@github.com:scarsty/SDL3-particles.git,37
MDEwOlJlcG9zaXRvcnkxNDE0NjA2MDU=,2018-07-18T16:22:01Z,2026-05-02T01:02:37Z,2026-04-02T19:28:53Z,10805,False,delabella,msokalski/delabella,git@github.com:msokalski/delabella.git,251
MDEwOlJlcG9zaXRvcnkxNDE0MzE3MzE=,2018-07-18T12:27:43Z,2026-04-02T20:45:42Z,2026-04-24T09:28:50Z,767,True,vf-gui-translation,ZeraGmbH/vf-gui-translation,git@github.com:ZeraGmbH/vf-gui-translation.git,0
MDEwOlJlcG9zaXRvcnkxNDE0MTg4OTk=,2018-07-18T10:21:59Z,2026-03-21T11:18:33Z,2026-03-21T11:12:04Z,26989,False,IoT-Noise-Monitoring-System-ESP32,alexops-dev/IoT-Noise-Monitoring-System-ESP32,git@github.com:alexops-dev/IoT-Noise-Monitoring-System-ESP32.git,2
MDEwOlJlcG9zaXRvcnkxNDE0MTAyMzc=,2018-07-18T09:10:23Z,2026-03-05T17:23:03Z,2026-03-05T17:22:59Z,1193,True,openhexviewer,Seek-One/openhexviewer,git@github.com:Seek-One/openhexviewer.git,2
MDEwOlJlcG9zaXRvcnkxNDEyNTExNzU=,2018-07-17T07:44:09Z,2026-05-04T06:02:01Z,2026-05-04T06:01:57Z,18010,True,QtAseman,Aseman-Land/QtAseman,git@github.com:Aseman-Land/QtAseman.git,149
MDEwOlJlcG9zaXRvcnkxNDExNjg5MDU=,2018-07-16T17:07:56Z,2026-05-06T17:33:25Z,2026-04-20T08:06:30Z,135325,True,deepstream_reference_apps,NVIDIA-AI-IOT/deepstream_reference_apps,git@github.com:NVIDIA-AI-IOT/deepstream_reference_apps.git,1327
MDEwOlJlcG9zaXRvcnkxNDExNTk4Njc=,2018-07-16T15:45:17Z,2026-04-13T09:43:07Z,2026-04-13T09:43:06Z,3475,False,Distaff-Shutdown-Timer,Distaff/Distaff-Shutdown-Timer,git@github.com:Distaff/Distaff-Shutdown-Timer.git,0
MDEwOlJlcG9zaXRvcnkxNDEwNTE4NzI=,2018-07-15T19:14:21Z,2026-05-04T16:09:48Z,2026-05-04T16:09:44Z,35720,False,Crinkler,runestubbe/Crinkler,git@github.com:runestubbe/Crinkler.git,1199
MDEwOlJlcG9zaXRvcnkxNDEwNDI5ODU=,2018-07-15T16:50:46Z,2026-05-02T05:21:11Z,2026-05-02T05:21:07Z,889,False,freebsd-ports,shamazmazum/freebsd-ports,git@github.com:shamazmazum/freebsd-ports.git,4
MDEwOlJlcG9zaXRvcnkxNDEwNDA1MTY=,2018-07-15T16:06:15Z,2026-04-29T20:53:27Z,2026-05-02T19:23:15Z,430263,True,Software,UBC-Thunderbots/Software,git@github.com:UBC-Thunderbots/Software.git,64
MDEwOlJlcG9zaXRvcnkxNDEwMzkxMjE=,2018-07-15T15:43:23Z,2026-03-21T20:35:46Z,2026-03-21T20:37:03Z,1712,False,teep,dthaler/teep,git@github.com:dthaler/teep.git,10
MDEwOlJlcG9zaXRvcnkxNDEwMjY0NzU=,2018-07-15T12:42:26Z,2026-05-04T22:28:31Z,2026-04-29T11:12:01Z,169429,True,brainflow,brainflow-dev/brainflow,git@github.com:brainflow-dev/brainflow.git,1678
MDEwOlJlcG9zaXRvcnkxNDEwMTkwNzg=,2018-07-15T10:44:51Z,2026-04-06T03:06:56Z,2026-04-06T03:06:53Z,1088,True,quakewrapper,FWGS/quakewrapper,git@github.com:FWGS/quakewrapper.git,6
MDEwOlJlcG9zaXRvcnkxNDEwMTIyMDA=,2018-07-15T08:52:52Z,2026-05-06T13:11:05Z,2026-04-14T01:41:51Z,718,False,ndisapi,wiresock/ndisapi,git@github.com:wiresock/ndisapi.git,494
MDEwOlJlcG9zaXRvcnkxNDA5ODY0MDA=,2018-07-15T00:12:40Z,2026-05-07T07:17:45Z,2026-05-03T07:34:16Z,17311,True,AdaptiveCpp,AdaptiveCpp/AdaptiveCpp,git@github.com:AdaptiveCpp/AdaptiveCpp.git,1842
MDEwOlJlcG9zaXRvcnkxNDA4OTIwOTY=,2018-07-13T20:54:00Z,2026-05-05T16:03:12Z,2026-05-03T12:27:04Z,2028553,False,kefir,rashevskyv/kefir,git@github.com:rashevskyv/kefir.git,690
MDEwOlJlcG9zaXRvcnkxNDA4NzYzMDU=,2018-07-13T17:40:36Z,2026-04-04T07:49:13Z,2026-04-04T07:49:08Z,8871,False,repositorio-pibit-ifgaccess,mariotlemes/repositorio-pibit-ifgaccess,git@github.com:mariotlemes/repositorio-pibit-ifgaccess.git,0
MDEwOlJlcG9zaXRvcnkxNDA4NjI2MDA=,2018-07-13T15:16:37Z,2026-04-12T11:31:57Z,2026-04-12T11:31:52Z,103,False,Arduino-MySensors,mczerski/Arduino-MySensors,git@github.com:mczerski/Arduino-MySensors.git,0
MDEwOlJlcG9zaXRvcnkxNDA4NjIzNzQ=,2018-07-13T15:14:42Z,2026-04-16T02:23:32Z,2026-04-16T02:23:28Z,16469,False,UglyTypingGame,winterinabluu/UglyTypingGame,git@github.com:winterinabluu/UglyTypingGame.git,0
MDEwOlJlcG9zaXRvcnkxNDA4NTc0MjA=,2018-07-13T14:33:03Z,2026-04-16T02:23:27Z,2026-04-16T02:23:24Z,4309,False,MyLibraryManager,winterinabluu/MyLibraryManager,git@github.com:winterinabluu/MyLibraryManager.git,0
MDEwOlJlcG9zaXRvcnkxNDA4MzM4NDE=,2018-07-13T10:30:31Z,2026-04-01T12:36:09Z,2026-04-01T12:36:05Z,64,True,libbutl.bash,build2/libbutl.bash,git@github.com:build2/libbutl.bash.git,3
MDEwOlJlcG9zaXRvcnkxNDA3NTE4OTM=,2018-07-12T18:42:06Z,2026-03-05T05:25:09Z,2026-03-05T05:25:38Z,7702,True,4ti2,4ti2/4ti2,git@github.com:4ti2/4ti2.git,46
MDEwOlJlcG9zaXRvcnkxNDA3Mzk0MTY=,2018-07-12T16:34:26Z,2026-05-06T01:38:08Z,2026-05-06T01:41:50Z,34596,True,xmsgrid,Aquaveo/xmsgrid,git@github.com:Aquaveo/xmsgrid.git,1
MDEwOlJlcG9zaXRvcnkxNDA3MjMwODM=,2018-07-12T14:18:22Z,2026-04-08T03:14:56Z,2026-03-16T15:21:28Z,180,True,ArduinoModbus,arduino-libraries/ArduinoModbus,git@github.com:arduino-libraries/ArduinoModbus.git,287
MDEwOlJlcG9zaXRvcnkxNDA2NDM4NTk=,2018-07-12T01:15:39Z,2026-03-22T20:40:58Z,2026-03-22T20:40:55Z,36,False,billy-bass,ljmerza/billy-bass,git@github.com:ljmerza/billy-bass.git,0
MDEwOlJlcG9zaXRvcnkxNDA2MzA0Nzc=,2018-07-11T21:44:07Z,2026-04-26T07:33:19Z,2026-04-26T07:33:14Z,2338,True,phosphor-ipmi-flash,openbmc/phosphor-ipmi-flash,git@github.com:openbmc/phosphor-ipmi-flash.git,7
MDEwOlJlcG9zaXRvcnkxNDA2MjU0Mjk=,2018-07-11T20:40:04Z,2026-05-05T23:09:15Z,2026-04-08T14:46:54Z,2833,True,quantum,bloomberg/quantum,git@github.com:bloomberg/quantum.git,628
MDEwOlJlcG9zaXRvcnkxNDA2MjQwNjU=,2018-07-11T20:21:21Z,2026-04-18T14:14:11Z,2026-03-25T00:58:25Z,50095,True,xlang,microsoft/xlang,git@github.com:microsoft/xlang.git,907
MDEwOlJlcG9zaXRvcnkxNDA2MDYzNDg=,2018-07-11T17:10:42Z,2026-05-06T08:52:36Z,2026-05-06T08:55:04Z,6004,False,strutil,tgalaj/strutil,git@github.com:tgalaj/strutil.git,79
MDEwOlJlcG9zaXRvcnkxNDA1ODcyOTc=,2018-07-11T14:30:09Z,2026-03-17T00:27:36Z,2026-04-16T14:10:47Z,4246,True,WiFiNINA,arduino-libraries/WiFiNINA,git@github.com:arduino-libraries/WiFiNINA.git,157
MDEwOlJlcG9zaXRvcnkxNDA1ODU0NTc=,2018-07-11T14:17:13Z,2026-04-29T13:54:59Z,2026-05-06T22:41:11Z,26046,False,computerscare-vcv-modules,freddyz/computerscare-vcv-modules,git@github.com:freddyz/computerscare-vcv-modules.git,50
MDEwOlJlcG9zaXRvcnkxNDA1MzY0MzU=,2018-07-11T07:14:38Z,2026-05-05T03:55:11Z,2026-05-05T03:55:08Z,680,False,fr_math,deftio/fr_math,git@github.com:deftio/fr_math.git,33
MDEwOlJlcG9zaXRvcnkxNDA0OTg1MDg=,2018-07-10T23:43:04Z,2026-04-29T01:18:30Z,2026-04-29T01:18:27Z,7623,False,win,JoshRWinter/win,git@github.com:JoshRWinter/win.git,0
MDEwOlJlcG9zaXRvcnkxNDA0ODgwODM=,2018-07-10T21:16:32Z,2026-05-01T21:45:55Z,2026-05-01T21:45:51Z,220,False,CPP-Examples,etcheve/CPP-Examples,git@github.com:etcheve/CPP-Examples.git,0
MDEwOlJlcG9zaXRvcnkxNDA0NzY4MjA=,2018-07-10T19:10:52Z,2026-04-12T09:41:45Z,2026-04-12T09:41:38Z,257,True,rpc,PHXStudio/rpc,git@github.com:PHXStudio/rpc.git,0
MDEwOlJlcG9zaXRvcnkxNDA0NTE4NzU=,2018-07-10T15:22:27Z,2026-05-03T04:03:07Z,2026-04-22T09:30:09Z,24892,True,deep-license-plate-recognition,parkpow/deep-license-plate-recognition,git@github.com:parkpow/deep-license-plate-recognition.git,657
MDEwOlJlcG9zaXRvcnkxNDA0MjQ1MTE=,2018-07-10T11:52:05Z,2026-04-16T17:57:10Z,2026-04-16T17:57:05Z,18468,False,sfml-game-server,Swintleton/sfml-game-server,git@github.com:Swintleton/sfml-game-server.git,2
MDEwOlJlcG9zaXRvcnkxNDAzNDU1OTk=,2018-07-09T21:46:10Z,2026-05-06T09:17:42Z,2026-05-06T19:50:34Z,822,True,message_filters,ros2/message_filters,git@github.com:ros2/message_filters.git,112
MDEwOlJlcG9zaXRvcnkxNDAzMzkxMjk=,2018-07-09T20:32:36Z,2026-03-23T22:21:02Z,2026-03-23T22:18:43Z,187401,True,tomocam,lbl-camera/tomocam,git@github.com:lbl-camera/tomocam.git,15
MDEwOlJlcG9zaXRvcnkxNDAzMzExMDA=,2018-07-09T19:11:32Z,2026-05-03T12:34:40Z,2026-04-16T17:57:55Z,12186,False,QxOrm,QxOrm/QxOrm,git@github.com:QxOrm/QxOrm.git,562
MDEwOlJlcG9zaXRvcnkxNDAyODE3NzA=,2018-07-09T12:24:36Z,2026-05-02T22:53:19Z,2026-04-17T12:26:30Z,723,False,open_file,crazecoder/open_file,git@github.com:crazecoder/open_file.git,272
MDEwOlJlcG9zaXRvcnkxNDAyNzUxMTA=,2018-07-09T11:19:43Z,2026-05-06T18:32:09Z,2026-05-06T18:32:06Z,1120,True,rmw_cyclonedds,ros2/rmw_cyclonedds,git@github.com:ros2/rmw_cyclonedds.git,170
MDEwOlJlcG9zaXRvcnkxNDAyNTc0NDg=,2018-07-09T08:47:26Z,2026-03-04T13:56:54Z,2026-03-04T13:56:51Z,2775,False,ktelephone,StefanYohansson/ktelephone,git@github.com:StefanYohansson/ktelephone.git,21
MDEwOlJlcG9zaXRvcnkxNDAyMTM0NjU=,2018-07-09T00:44:09Z,2026-04-06T16:29:02Z,2026-04-06T16:28:57Z,3452,True,cautograff,autograff-devel/cautograff,git@github.com:autograff-devel/cautograff.git,0
MDEwOlJlcG9zaXRvcnkxNDAyMDExMzA=,2018-07-08T20:41:33Z,2026-04-15T18:32:19Z,2026-04-15T18:32:14Z,1605,False,VGL-Vulkan-Core,mlfarrell/VGL-Vulkan-Core,git@github.com:mlfarrell/VGL-Vulkan-Core.git,69
MDEwOlJlcG9zaXRvcnkxNDAxNzY0MzQ=,2018-07-08T14:46:23Z,2026-03-30T16:39:13Z,2026-03-30T16:39:08Z,2506,False,cpu-game,skothr/cpu-game,git@github.com:skothr/cpu-game.git,0
MDEwOlJlcG9zaXRvcnkxNDAxMTY3MDg=,2018-07-07T21:05:44Z,2026-04-23T16:17:58Z,2026-04-01T08:18:12Z,4565462,False,zorbash,goblinhack/zorbash,git@github.com:goblinhack/zorbash.git,72
MDEwOlJlcG9zaXRvcnkxNDAwODg3Njc=,2018-07-07T13:56:31Z,2026-05-06T18:00:27Z,2026-04-11T18:54:46Z,4206,False,QUsb2snes,Skarsnik/QUsb2snes,git@github.com:Skarsnik/QUsb2snes.git,66
MDEwOlJlcG9zaXRvcnkxNDAwNjExMzk=,2018-07-07T07:04:58Z,2026-04-22T11:06:10Z,2026-04-17T17:12:14Z,21643,True,WorldBuilder,GeodynamicWorldBuilder/WorldBuilder,git@github.com:GeodynamicWorldBuilder/WorldBuilder.git,37
MDEwOlJlcG9zaXRvcnkxNDAwNDE1MDY=,2018-07-07T00:48:42Z,2026-05-03T06:15:41Z,2026-04-23T12:08:16Z,2375,True,Lyra,bfgroup/Lyra,git@github.com:bfgroup/Lyra.git,586
MDEwOlJlcG9zaXRvcnkxNDAwMjI0NDQ=,2018-07-06T19:23:46Z,2026-04-22T20:21:54Z,2026-04-22T20:21:50Z,64,False,libserialization,saur0n/libserialization,git@github.com:saur0n/libserialization.git,4
MDEwOlJlcG9zaXRvcnkxMzk5NDkxODM=,2018-07-06T07:30:04Z,2026-03-01T04:02:50Z,2026-03-01T04:02:47Z,35,False,STL,fooSynaptic/STL,git@github.com:fooSynaptic/STL.git,0
MDEwOlJlcG9zaXRvcnkxMzk4Njg3MDk=,2018-07-05T15:30:46Z,2026-05-06T18:48:45Z,2026-05-06T18:48:42Z,51,True,console_bridge_vendor,ros2/console_bridge_vendor,git@github.com:ros2/console_bridge_vendor.git,1
MDEwOlJlcG9zaXRvcnkxMzk4NTg5MTk=,2018-07-05T14:11:14Z,2026-03-16T08:05:53Z,2026-03-16T08:05:49Z,50851,False,ComputerVision,JrPhy/ComputerVision,git@github.com:JrPhy/ComputerVision.git,0
MDEwOlJlcG9zaXRvcnkxMzk4NTI1NjE=,2018-07-05T13:20:21Z,2026-04-25T20:02:15Z,2026-04-17T15:32:21Z,126,True,ArduinoDMX,arduino-libraries/ArduinoDMX,git@github.com:arduino-libraries/ArduinoDMX.git,33
MDEwOlJlcG9zaXRvcnkxMzk3NjIyNTg=,2018-07-04T20:07:40Z,2026-05-06T21:06:19Z,2026-05-06T21:06:15Z,12690,True,scopehal-apps,ngscopeclient/scopehal-apps,git@github.com:ngscopeclient/scopehal-apps.git,868
MDEwOlJlcG9zaXRvcnkxMzk3NjIwMTU=,2018-07-04T20:04:35Z,2026-05-06T21:06:07Z,2026-05-06T21:06:02Z,8625,True,scopehal,ngscopeclient/scopehal,git@github.com:ngscopeclient/scopehal.git,273
MDEwOlJlcG9zaXRvcnkxMzk2NjQyNjQ=,2018-07-04T03:32:48Z,2026-05-07T01:26:37Z,2026-05-07T02:38:32Z,377840,False,Radia,ochubar/Radia,git@github.com:ochubar/Radia.git,56
MDEwOlJlcG9zaXRvcnkxMzk2NjI0OTE=,2018-07-04T03:11:03Z,2026-04-29T01:01:50Z,2026-04-16T21:08:44Z,93553,True,dftfe,dftfeDevelopers/dftfe,git@github.com:dftfeDevelopers/dftfe.git,157
MDEwOlJlcG9zaXRvcnkxMzk2NDQyMjM=,2018-07-03T22:51:25Z,2026-05-02T21:13:03Z,2026-05-02T21:13:00Z,159,True,Margay_Library,NorthernWidget/Margay_Library,git@github.com:NorthernWidget/Margay_Library.git,3
MDEwOlJlcG9zaXRvcnkxMzk2Mjg4MTc=,2018-07-03T19:26:40Z,2026-04-21T16:12:15Z,2026-03-31T04:09:49Z,11728,True,cforall,cforall/cforall,git@github.com:cforall/cforall.git,88
MDEwOlJlcG9zaXRvcnkxMzk1OTQ1OTM=,2018-07-03T14:22:41Z,2026-04-08T02:25:19Z,2026-03-09T10:13:59Z,66865,False,cppcore,profrog-jeon/cppcore,git@github.com:profrog-jeon/cppcore.git,53
MDEwOlJlcG9zaXRvcnkxMzk1OTIzOTg=,2018-07-03T14:05:14Z,2026-05-07T07:23:22Z,2026-05-07T11:35:57Z,494227,True,Antares_Simulator,AntaresSimulatorTeam/Antares_Simulator,git@github.com:AntaresSimulatorTeam/Antares_Simulator.git,90
MDEwOlJlcG9zaXRvcnkxMzk1NTA1OTQ=,2018-07-03T08:14:39Z,2026-03-26T15:36:58Z,2026-03-25T10:42:59Z,1380,True,reana-demo-cms-h4l,reanahub/reana-demo-cms-h4l,git@github.com:reanahub/reana-demo-cms-h4l.git,2
MDEwOlJlcG9zaXRvcnkxMzk1NDYwMzA=,2018-07-03T07:36:37Z,2026-04-14T13:51:10Z,2026-04-14T13:54:19Z,2155,True,sctime,scVENUS/sctime,git@github.com:scVENUS/sctime.git,0
MDEwOlJlcG9zaXRvcnkxMzk1Mzg4NzA=,2018-07-03T06:33:37Z,2026-04-22T14:18:02Z,2026-04-22T14:17:56Z,66420,False,qt-projects,MinbinGong/qt-projects,git@github.com:MinbinGong/qt-projects.git,0
MDEwOlJlcG9zaXRvcnkxMzk1Mzg0MTI=,2018-07-03T06:29:18Z,2026-03-22T08:36:48Z,2026-03-22T08:36:44Z,314,False,threadpp,unravel-dev/threadpp,git@github.com:unravel-dev/threadpp.git,1
MDEwOlJlcG9zaXRvcnkxMzk0NzQzMjU=,2018-07-02T17:36:13Z,2026-03-07T15:06:31Z,2026-03-07T15:06:27Z,880,False,MIDIprt,HaraldRieder/MIDIprt,git@github.com:HaraldRieder/MIDIprt.git,0
MDEwOlJlcG9zaXRvcnkxMzk0NzI0MDk=,2018-07-02T17:16:44Z,2026-04-11T22:23:45Z,2026-03-31T14:13:55Z,10989,True,crashpad,backtrace-labs/crashpad,git@github.com:backtrace-labs/crashpad.git,131
MDEwOlJlcG9zaXRvcnkxMzk0NTQyOTM=,2018-07-02T14:26:33Z,2026-04-24T10:50:23Z,2026-04-24T10:50:19Z,1128,True,bootstrap,kernkonzept/bootstrap,git@github.com:kernkonzept/bootstrap.git,10
MDEwOlJlcG9zaXRvcnkxMzk0NTQyMzg=,2018-07-02T14:26:08Z,2026-04-24T10:50:29Z,2026-04-24T10:50:25Z,304,True,drivers-frst,kernkonzept/drivers-frst,git@github.com:kernkonzept/drivers-frst.git,4
MDEwOlJlcG9zaXRvcnkxMzk0NTQwODY=,2018-07-02T14:24:34Z,2026-04-30T08:34:41Z,2026-05-01T10:05:16Z,46686,True,l4re-core,kernkonzept/l4re-core,git@github.com:kernkonzept/l4re-core.git,103
MDEwOlJlcG9zaXRvcnkxMzk0MzI0ODQ=,2018-07-02T11:10:59Z,2026-05-06T17:03:22Z,2026-05-06T17:08:24Z,4233,True,embr,malachi-iot/embr,git@github.com:malachi-iot/embr.git,1
MDEwOlJlcG9zaXRvcnkxMzkzNjgwNjc=,2018-07-01T22:51:26Z,2026-03-27T00:26:26Z,2026-03-27T00:26:24Z,37,True,manchester-analyzer,saleae/manchester-analyzer,git@github.com:saleae/manchester-analyzer.git,4
MDEwOlJlcG9zaXRvcnkxMzkzNTg5NzQ=,2018-07-01T20:14:01Z,2026-05-01T21:46:08Z,2026-05-01T21:46:05Z,124405,False,Projects,gabonator/Projects,git@github.com:gabonator/Projects.git,27
MDEwOlJlcG9zaXRvcnkxMzkzNTU1MzA=,2018-07-01T19:20:11Z,2026-04-22T02:58:48Z,2026-03-27T00:27:28Z,197,True,usb-analyzer,saleae/usb-analyzer,git@github.com:saleae/usb-analyzer.git,34
MDEwOlJlcG9zaXRvcnkxMzkzNTU1MTE=,2018-07-01T19:19:55Z,2026-03-27T00:27:24Z,2026-03-27T00:27:22Z,35,True,swd-analyzer,saleae/swd-analyzer,git@github.com:saleae/swd-analyzer.git,19
MDEwOlJlcG9zaXRvcnkxMzkzNTU0OTY=,2018-07-01T19:19:47Z,2026-03-27T00:27:13Z,2026-03-27T00:27:11Z,64,True,smbus-analyzer,saleae/smbus-analyzer,git@github.com:saleae/smbus-analyzer.git,10
MDEwOlJlcG9zaXRvcnkxMzkzNTU0ODk=,2018-07-01T19:19:39Z,2026-03-27T00:27:07Z,2026-03-27T00:27:06Z,37,True,simple-parallel-analyzer,saleae/simple-parallel-analyzer,git@github.com:saleae/simple-parallel-analyzer.git,8
MDEwOlJlcG9zaXRvcnkxMzkzNTU0NzM=,2018-07-01T19:19:26Z,2026-03-27T00:27:00Z,2026-03-27T00:26:59Z,45,True,ps2-keyboard-analyzer,saleae/ps2-keyboard-analyzer,git@github.com:saleae/ps2-keyboard-analyzer.git,5
MDEwOlJlcG9zaXRvcnkxMzkzNTU0NjU=,2018-07-01T19:19:19Z,2026-03-27T00:26:55Z,2026-03-27T00:26:53Z,51,True,one-wire-analyzer,saleae/one-wire-analyzer,git@github.com:saleae/one-wire-analyzer.git,13
MDEwOlJlcG9zaXRvcnkxMzkzNTU0NTM=,2018-07-01T19:19:11Z,2026-03-27T00:26:49Z,2026-03-27T00:26:47Z,103,True,modbus-analyzer,saleae/modbus-analyzer,git@github.com:saleae/modbus-analyzer.git,11
MDEwOlJlcG9zaXRvcnkxMzkzNTU0NDQ=,2018-07-01T19:19:03Z,2026-03-27T00:26:43Z,2026-03-27T00:26:42Z,37,True,midi-analyzer,saleae/midi-analyzer,git@github.com:saleae/midi-analyzer.git,5
MDEwOlJlcG9zaXRvcnkxMzkzNTU0Mzc=,2018-07-01T19:18:54Z,2026-03-27T00:26:37Z,2026-03-27T00:26:36Z,33,True,mdio-analyzer,saleae/mdio-analyzer,git@github.com:saleae/mdio-analyzer.git,4
MDEwOlJlcG9zaXRvcnkxMzkzNTUyMzk=,2018-07-01T19:15:33Z,2026-03-27T00:26:20Z,2026-03-27T00:26:18Z,37,True,lin-analyzer,saleae/lin-analyzer,git@github.com:saleae/lin-analyzer.git,8
MDEwOlJlcG9zaXRvcnkxMzkzNTUyMzE=,2018-07-01T19:15:26Z,2026-03-27T00:26:14Z,2026-03-27T00:26:12Z,50,True,jtag-analyzer,saleae/jtag-analyzer,git@github.com:saleae/jtag-analyzer.git,18
MDEwOlJlcG9zaXRvcnkxMzkzNTUyMjQ=,2018-07-01T19:15:19Z,2026-03-27T00:26:08Z,2026-03-27T00:26:06Z,41,True,i2s-analyzer,saleae/i2s-analyzer,git@github.com:saleae/i2s-analyzer.git,6
MDEwOlJlcG9zaXRvcnkxMzkzNTUyMTc=,2018-07-01T19:15:13Z,2026-03-27T00:26:02Z,2026-03-27T00:26:01Z,44,True,i2c-analyzer,saleae/i2c-analyzer,git@github.com:saleae/i2c-analyzer.git,21
MDEwOlJlcG9zaXRvcnkxMzkzNTUyMTE=,2018-07-01T19:15:05Z,2026-03-27T00:25:56Z,2026-03-27T00:25:55Z,39,True,hdmi-cec-analyzer,saleae/hdmi-cec-analyzer,git@github.com:saleae/hdmi-cec-analyzer.git,5
MDEwOlJlcG9zaXRvcnkxMzkzNTUyMDE=,2018-07-01T19:14:57Z,2026-03-27T00:25:50Z,2026-03-27T00:25:49Z,29,True,hdlc-analyzer,saleae/hdlc-analyzer,git@github.com:saleae/hdlc-analyzer.git,15
MDEwOlJlcG9zaXRvcnkxMzkzNTUxOTM=,2018-07-01T19:14:49Z,2026-03-27T00:25:45Z,2026-03-27T00:25:44Z,37,True,hd44780-analyzer,saleae/hd44780-analyzer,git@github.com:saleae/hd44780-analyzer.git,3
MDEwOlJlcG9zaXRvcnkxMzkzNTUxODQ=,2018-07-01T19:14:41Z,2026-03-27T00:25:39Z,2026-03-27T00:25:38Z,26,True,dmx-512-analyzer,saleae/dmx-512-analyzer,git@github.com:saleae/dmx-512-analyzer.git,4
MDEwOlJlcG9zaXRvcnkxMzkzNTUxNzM=,2018-07-01T19:14:34Z,2026-04-15T06:08:10Z,2026-03-27T00:25:32Z,36,True,can-analyzer,saleae/can-analyzer,git@github.com:saleae/can-analyzer.git,27
MDEwOlJlcG9zaXRvcnkxMzkzNTUxNjQ=,2018-07-01T19:14:26Z,2026-03-27T00:25:28Z,2026-03-27T00:25:26Z,32,True,biss-analyzer,saleae/biss-analyzer,git@github.com:saleae/biss-analyzer.git,3
MDEwOlJlcG9zaXRvcnkxMzkzNTUxNTY=,2018-07-01T19:14:19Z,2026-03-27T00:25:23Z,2026-03-27T00:25:21Z,52,True,atmel-swi-analyzer,saleae/atmel-swi-analyzer,git@github.com:saleae/atmel-swi-analyzer.git,3
MDEwOlJlcG9zaXRvcnkxMzkzNTQ4OTE=,2018-07-01T19:10:37Z,2026-03-27T00:25:17Z,2026-03-27T00:25:15Z,28,True,async-rgb-led-analyzer,saleae/async-rgb-led-analyzer,git@github.com:saleae/async-rgb-led-analyzer.git,8
MDEwOlJlcG9zaXRvcnkxMzkzNTQ3OTQ=,2018-07-01T19:09:14Z,2026-03-27T00:14:05Z,2026-03-27T00:14:03Z,74,True,serial-analyzer,saleae/serial-analyzer,git@github.com:saleae/serial-analyzer.git,19
MDEwOlJlcG9zaXRvcnkxMzkzNDY4ODg=,2018-07-01T17:08:04Z,2026-05-04T17:58:01Z,2026-05-05T16:45:19Z,352,True,ScreenshotWUPS,wiiu-env/ScreenshotWUPS,git@github.com:wiiu-env/ScreenshotWUPS.git,86
MDEwOlJlcG9zaXRvcnkxMzkzNDQxNTc=,2018-07-01T16:21:44Z,2026-05-05T00:06:38Z,2026-05-06T01:48:35Z,7805,True,fuse,locusrobotics/fuse,git@github.com:locusrobotics/fuse.git,865
MDEwOlJlcG9zaXRvcnkxMzkzMTMzNDg=,2018-07-01T08:45:14Z,2026-05-06T06:36:55Z,2026-03-17T04:22:50Z,19212,True,rplidar_sdk,Slamtec/rplidar_sdk,git@github.com:Slamtec/rplidar_sdk.git,549
MDEwOlJlcG9zaXRvcnkxMzkyOTIxNjM=,2018-07-01T01:34:24Z,2026-03-13T18:04:54Z,2026-03-13T18:04:47Z,18523,False,starshipnite,KhryptorGraphics/starshipnite,git@github.com:KhryptorGraphics/starshipnite.git,0
MDEwOlJlcG9zaXRvcnkxMzkyNDU2ODE=,2018-06-30T11:56:49Z,2026-05-05T09:30:28Z,2026-05-05T09:30:24Z,13763,True,CADR,Rendering-FIT/CADR,git@github.com:Rendering-FIT/CADR.git,23
MDEwOlJlcG9zaXRvcnkxMzkyNDQ4NzQ=,2018-06-30T11:44:01Z,2026-04-15T13:07:36Z,2026-04-15T13:07:31Z,57012,False,gugu-engine,Legulysse/gugu-engine,git@github.com:Legulysse/gugu-engine.git,26
MDEwOlJlcG9zaXRvcnkxMzkyNDM2ODI=,2018-06-30T11:24:26Z,2026-04-19T10:35:38Z,2026-04-19T13:59:21Z,64,True,SwipSwapMe,wiiu-env/SwipSwapMe,git@github.com:wiiu-env/SwipSwapMe.git,50
MDEwOlJlcG9zaXRvcnkxMzkxOTQ3NTU=,2018-06-29T20:50:46Z,2026-05-07T09:50:53Z,2026-05-07T08:02:43Z,39565,True,OvenMediaEngine,OvenMediaLabs/OvenMediaEngine,git@github.com:OvenMediaLabs/OvenMediaEngine.git,3130
MDEwOlJlcG9zaXRvcnkxMzkxNzY5NTc=,2018-06-29T17:22:00Z,2026-05-05T21:52:56Z,2026-04-23T13:31:06Z,17944,True,AERA,IIIM-IS/AERA,git@github.com:IIIM-IS/AERA.git,17
MDEwOlJlcG9zaXRvcnkxMzkwNTkzODk=,2018-06-28T19:19:46Z,2026-05-07T04:09:13Z,2026-05-07T04:09:09Z,1773,True,oomd,facebookincubator/oomd,org-19538647@github.com:facebookincubator/oomd.git,2025
MDEwOlJlcG9zaXRvcnkxMzg5NjY0NzU=,2018-06-28T04:35:50Z,2026-04-12T20:31:40Z,2026-03-04T09:54:32Z,38315,False,Code-examples,code-with-amitk/Code-examples,git@github.com:code-with-amitk/Code-examples.git,47
MDEwOlJlcG9zaXRvcnkxMzg5NDE2Nzg=,2018-06-27T23:05:27Z,2026-03-27T00:27:18Z,2026-03-27T00:27:16Z,35,True,spi-analyzer,saleae/spi-analyzer,git@github.com:saleae/spi-analyzer.git,24
MDEwOlJlcG9zaXRvcnkxMzg4NDgzNzQ=,2018-06-27T07:53:17Z,2026-04-17T11:45:02Z,2026-04-17T11:44:57Z,128,True,ArduinoRS485,arduino-libraries/ArduinoRS485,git@github.com:arduino-libraries/ArduinoRS485.git,100
MDEwOlJlcG9zaXRvcnkxMzg4MjEwMzE=,2018-06-27T02:46:08Z,2026-05-05T19:33:04Z,2026-05-05T19:32:58Z,116,False,units,ajakhotia/units,git@github.com:ajakhotia/units.git,7
MDEwOlJlcG9zaXRvcnkxMzg3ODgwNTQ=,2018-06-26T20:12:40Z,2026-03-25T21:43:43Z,2026-03-25T21:43:39Z,1078,False,ramio,smithcode/ramio,git@github.com:smithcode/ramio.git,4
MDEwOlJlcG9zaXRvcnkxMzg3ODI0MzE=,2018-06-26T19:15:52Z,2026-05-06T20:20:12Z,2026-05-05T12:32:54Z,841,False,kraken2,DerrickWood/kraken2,git@github.com:DerrickWood/kraken2.git,897
MDEwOlJlcG9zaXRvcnkxMzg3ODA1Nzc=,2018-06-26T18:57:25Z,2026-05-01T23:15:05Z,2026-05-05T18:30:18Z,51985,True,IBLGF-AMR,ComputationalFlowPhysics/IBLGF-AMR,git@github.com:ComputationalFlowPhysics/IBLGF-AMR.git,9
MDEwOlJlcG9zaXRvcnkxMzg3NzYwNDk=,2018-06-26T18:13:06Z,2026-05-06T23:56:53Z,2026-05-07T04:43:32Z,212278,True,sorbet,sorbet/sorbet,git@github.com:sorbet/sorbet.git,3765
MDEwOlJlcG9zaXRvcnkxMzg3NTQ3OTA=,2018-06-26T15:04:45Z,2026-05-07T10:15:55Z,2026-05-06T16:30:29Z,439473,True,duckdb,duckdb/duckdb,git@github.com:duckdb/duckdb.git,37979
MDEwOlJlcG9zaXRvcnkxMzg3MTI2NTQ=,2018-06-26T09:05:08Z,2026-04-24T16:09:42Z,2026-04-28T08:59:18Z,360294,False,disbayes,chjackson/disbayes,git@github.com:chjackson/disbayes.git,10
MDEwOlJlcG9zaXRvcnkxMzg2Nzk2MDk=,2018-06-26T03:23:29Z,2026-05-07T09:36:24Z,2026-03-20T03:51:08Z,1996,False,ServerStatus,cppla/ServerStatus,git@github.com:cppla/ServerStatus.git,4651
MDEwOlJlcG9zaXRvcnkxMzg2NTEyNTE=,2018-06-25T21:18:48Z,2026-04-22T21:55:09Z,2026-04-22T21:55:04Z,31852,False,CSn,NormandaleWells/CSn,git@github.com:NormandaleWells/CSn.git,2
MDEwOlJlcG9zaXRvcnkxMzg2Mjg0ODk=,2018-06-25T17:32:09Z,2026-05-06T18:47:59Z,2026-05-06T18:47:54Z,7121,False,BitVend,jharveyb/BitVend,git@github.com:jharveyb/BitVend.git,0
MDEwOlJlcG9zaXRvcnkxMzg1OTAzNzQ=,2018-06-25T12:12:49Z,2026-05-02T03:22:01Z,2026-05-02T03:21:58Z,77349,False,LearningRecord,huangyicong0769/LearningRecord,git@github.com:huangyicong0769/LearningRecord.git,0
MDEwOlJlcG9zaXRvcnkxMzg1NDUwNjk=,2018-06-25T04:53:28Z,2026-03-29T18:44:08Z,2026-03-29T18:44:05Z,345,False,Algorithms,asvkarthick/Algorithms,git@github.com:asvkarthick/Algorithms.git,0
MDEwOlJlcG9zaXRvcnkxMzg1MjQ3MzM=,2018-06-25T00:13:09Z,2026-03-25T12:45:13Z,2026-03-25T12:45:09Z,389,False,tess_svg,alexzk1/tess_svg,git@github.com:alexzk1/tess_svg.git,0
MDEwOlJlcG9zaXRvcnkxMzg1MTkwNjU=,2018-06-24T22:14:16Z,2026-04-27T10:09:37Z,2026-04-27T10:09:33Z,1660,False,Arqiver,tsujan/Arqiver,git@github.com:tsujan/Arqiver.git,70
MDEwOlJlcG9zaXRvcnkxMzg0NzM3MTM=,2018-06-24T10:44:43Z,2026-04-23T12:40:28Z,2026-04-29T22:00:19Z,4673,True,android_device_sony_nile-common,LineageOS/android_device_sony_nile-common,git@github.com:LineageOS/android_device_sony_nile-common.git,9
MDEwOlJlcG9zaXRvcnkxMzg0NTI0MDU=,2018-06-24T04:08:22Z,2026-03-03T13:29:40Z,2026-03-03T13:29:36Z,280,True,cond3,JayTwoLab/cond3,git@github.com:JayTwoLab/cond3.git,0
MDEwOlJlcG9zaXRvcnkxMzg0MzY1Mzc=,2018-06-23T22:03:10Z,2026-04-09T05:27:42Z,2026-05-06T20:02:17Z,1043827,False,Floating-Sandbox,GabrieleGiuseppini/Floating-Sandbox,git@github.com:GabrieleGiuseppini/Floating-Sandbox.git,84
MDEwOlJlcG9zaXRvcnkxMzg0MjQ2Mzc=,2018-06-23T18:26:38Z,2026-03-25T05:08:17Z,2026-03-14T15:06:46Z,19014,False,colibrigui,darksylinc/colibrigui,git@github.com:darksylinc/colibrigui.git,26
MDEwOlJlcG9zaXRvcnkxMzg0MTg1ODU=,2018-06-23T16:54:29Z,2026-04-21T18:48:58Z,2026-04-21T18:48:53Z,116834,False,easy-bindings-dev,pierremolinaro/easy-bindings-dev,git@github.com:pierremolinaro/easy-bindings-dev.git,0
MDEwOlJlcG9zaXRvcnkxMzgzNjgyNTk=,2018-06-23T03:30:41Z,2026-05-07T11:38:39Z,2026-05-07T00:53:23Z,109109,True,neutralinojs,neutralinojs/neutralinojs,git@github.com:neutralinojs/neutralinojs.git,8491
MDEwOlJlcG9zaXRvcnkxMzgzNDE0Mjk=,2018-06-22T19:35:10Z,2026-05-07T04:26:33Z,2026-05-04T08:53:00Z,11944,True,Fairy-Stockfish,fairy-stockfish/Fairy-Stockfish,git@github.com:fairy-stockfish/Fairy-Stockfish.git,835
MDEwOlJlcG9zaXRvcnkxMzgyODI3MzA=,2018-06-22T09:22:08Z,2026-05-05T09:27:52Z,2026-04-28T17:41:19Z,10783,True,sw,SoftwareNetwork/sw,git@github.com:SoftwareNetwork/sw.git,129
MDEwOlJlcG9zaXRvcnkxMzgyMjA1MDA=,2018-06-21T20:51:37Z,2026-04-27T19:51:30Z,2026-04-27T23:53:17Z,13296,True,voiceit3-cpp,voiceittech/voiceit3-cpp,git@github.com:voiceittech/voiceit3-cpp.git,1
MDEwOlJlcG9zaXRvcnkxMzgyMTA4NzQ=,2018-06-21T19:00:57Z,2026-04-26T23:15:28Z,2026-04-26T23:15:23Z,27275,True,E3SM-IO,Parallel-NetCDF/E3SM-IO,git@github.com:Parallel-NetCDF/E3SM-IO.git,16
MDEwOlJlcG9zaXRvcnkxMzgyMDQzMzk=,2018-06-21T17:50:45Z,2026-03-24T07:34:02Z,2026-03-24T07:33:57Z,51,True,RcppMeCab,cran/RcppMeCab,git@github.com:cran/RcppMeCab.git,0
MDEwOlJlcG9zaXRvcnkxMzgxNjY0NjI=,2018-06-21T12:19:50Z,2026-03-30T10:02:04Z,2026-03-30T10:01:57Z,2053,True,artic,AnyDSL/artic,git@github.com:AnyDSL/artic.git,30
MDEwOlJlcG9zaXRvcnkxMzgwMzI1MTE=,2018-06-20T12:52:29Z,2026-03-22T08:46:30Z,2026-04-17T13:38:39Z,9940,True,libcosim,open-simulation-platform/libcosim,git@github.com:open-simulation-platform/libcosim.git,72
MDEwOlJlcG9zaXRvcnkxMzgwMzEyOTk=,2018-06-20T12:41:49Z,2026-03-30T06:10:44Z,2026-03-30T06:10:40Z,19701,False,MFrontGenericInterfaceSupport,thelfer/MFrontGenericInterfaceSupport,git@github.com:thelfer/MFrontGenericInterfaceSupport.git,41
MDEwOlJlcG9zaXRvcnkxMzc4NDkwMDM=,2018-06-19T06:24:05Z,2026-04-17T16:42:36Z,2026-03-27T18:19:54Z,211334,False,FTSE,melindil/FTSE,git@github.com:melindil/FTSE.git,14
MDEwOlJlcG9zaXRvcnkxMzc4MTkyMTU=,2018-06-19T00:02:21Z,2026-04-23T22:42:13Z,2026-04-23T22:42:11Z,128171,True,omaha,brave/omaha,git@github.com:brave/omaha.git,27
MDEwOlJlcG9zaXRvcnkxMzc3OTk1NTA=,2018-06-18T19:53:51Z,2026-03-27T09:42:14Z,2026-03-25T08:54:14Z,352,True,sio2jail,sio2project/sio2jail,git@github.com:sio2project/sio2jail.git,39
MDEwOlJlcG9zaXRvcnkxMzc3NjU1MzE=,2018-06-18T14:51:22Z,2026-04-28T11:37:45Z,2026-04-28T11:37:41Z,63,True,Homegear-Somfy-TaHoma,Homegear/Homegear-Somfy-TaHoma,git@github.com:Homegear/Homegear-Somfy-TaHoma.git,0
MDEwOlJlcG9zaXRvcnkxMzc3MzI4Nzg=,2018-06-18T09:26:24Z,2026-03-20T10:26:51Z,2026-03-20T10:26:46Z,3134,False,PracMakePert_C-Cpp,HuangJingGitHub/PracMakePert_C-Cpp,git@github.com:HuangJingGitHub/PracMakePert_C-Cpp.git,1
MDEwOlJlcG9zaXRvcnkxMzc2NzYxNTg=,2018-06-17T18:14:49Z,2026-04-19T23:52:09Z,2026-04-19T23:52:06Z,448,False,luawrapper,alexames/luawrapper,git@github.com:alexames/luawrapper.git,0
MDEwOlJlcG9zaXRvcnkxMzc2NTk2NjQ=,2018-06-17T14:07:51Z,2026-04-07T17:51:05Z,2026-04-07T17:51:10Z,28807,False,blocxxi,abdes/blocxxi,git@github.com:abdes/blocxxi.git,24
MDEwOlJlcG9zaXRvcnkxMzc2NTE0NTQ=,2018-06-17T11:54:07Z,2026-05-01T11:43:34Z,2026-05-01T11:47:08Z,129,False,JerryServerFoundation,maojinl/JerryServerFoundation,git@github.com:maojinl/JerryServerFoundation.git,0
MDEwOlJlcG9zaXRvcnkxMzc2Mzk2NTQ=,2018-06-17T08:23:57Z,2026-03-08T09:08:33Z,2026-03-08T09:07:56Z,12044,False,oglike,Knoblauchpilze/oglike,git@github.com:Knoblauchpilze/oglike.git,0
MDEwOlJlcG9zaXRvcnkxMzc1OTIwNTE=,2018-06-16T15:51:04Z,2026-04-11T19:10:27Z,2026-04-11T19:10:23Z,410,False,common,dbpotato/common,git@github.com:dbpotato/common.git,0
MDEwOlJlcG9zaXRvcnkxMzc1NzEyODk=,2018-06-16T10:04:57Z,2026-05-07T11:27:53Z,2026-05-04T17:25:14Z,134322,True,tetgen,pyvista/tetgen,git@github.com:pyvista/tetgen.git,299
MDEwOlJlcG9zaXRvcnkxMzc1NDg5OTM=,2018-06-16T03:04:33Z,2026-05-04T12:36:54Z,2026-05-03T00:30:40Z,6953,True,prevail,vbpf/prevail,git@github.com:vbpf/prevail.git,461
MDEwOlJlcG9zaXRvcnkxMzc1Mjk5MDA=,2018-06-15T20:36:53Z,2026-05-07T03:24:39Z,2026-05-01T14:16:06Z,24495,False,RmlUi,mikke89/RmlUi,git@github.com:mikke89/RmlUi.git,4041
MDEwOlJlcG9zaXRvcnkxMzc0ODIzMDE=,2018-06-15T11:57:17Z,2026-05-05T14:07:00Z,2026-05-05T17:15:58Z,12531,True,LBPM,OPM/LBPM,git@github.com:OPM/LBPM.git,88
MDEwOlJlcG9zaXRvcnkxMzc0NTk2MTk=,2018-06-15T08:07:43Z,2026-03-03T16:56:20Z,2026-03-03T16:56:15Z,4228,True,halbe,electronicvisions/halbe,git@github.com:electronicvisions/halbe.git,0
MDEwOlJlcG9zaXRvcnkxMzc0MjAxNjI=,2018-06-14T23:47:22Z,2026-03-01T00:27:44Z,2026-03-01T00:27:41Z,1263,False,Estranged.Core,alanedwardes/Estranged.Core,git@github.com:alanedwardes/Estranged.Core.git,28
MDEwOlJlcG9zaXRvcnkxMzc0MTA5NzI=,2018-06-14T21:24:44Z,2026-04-25T19:39:43Z,2026-04-25T19:39:39Z,62,False,algo,plastictown/algo,git@github.com:plastictown/algo.git,0
MDEwOlJlcG9zaXRvcnkxMzc0MDkyOTE=,2018-06-14T21:05:08Z,2026-04-16T14:17:39Z,2026-03-25T10:44:19Z,171,True,reana-demo-atlas-recast,reanahub/reana-demo-atlas-recast,git@github.com:reanahub/reana-demo-atlas-recast.git,5
MDEwOlJlcG9zaXRvcnkxMzc0MDM0MDA=,2018-06-14T20:01:06Z,2026-03-19T14:50:06Z,2026-03-19T18:45:41Z,324,True,ipmbbridge,openbmc/ipmbbridge,git@github.com:openbmc/ipmbbridge.git,8
MDEwOlJlcG9zaXRvcnkxMzczMzk4Mjg=,2018-06-14T09:54:24Z,2026-04-07T07:08:53Z,2026-04-07T07:08:55Z,2663,True,tracy,gear-genomics/tracy,git@github.com:gear-genomics/tracy.git,122
MDEwOlJlcG9zaXRvcnkxMzczMTk0MjE=,2018-06-14T07:02:26Z,2026-03-29T11:11:31Z,2026-03-14T10:49:26Z,2841,False,bino,marlam/bino,git@github.com:marlam/bino.git,76
MDEwOlJlcG9zaXRvcnkxMzcyMzQ1NjU=,2018-06-13T15:26:01Z,2026-04-01T04:42:07Z,2026-04-14T12:23:31Z,322,True,libnymea-networkmanager,nymea/libnymea-networkmanager,git@github.com:nymea/libnymea-networkmanager.git,6
MDEwOlJlcG9zaXRvcnkxMzcyMjU2NDg=,2018-06-13T14:17:32Z,2026-04-20T14:58:04Z,2026-04-05T17:28:56Z,19878,False,Thermal-FIST,vlvovch/Thermal-FIST,git@github.com:vlvovch/Thermal-FIST.git,19
MDEwOlJlcG9zaXRvcnkxMzcyMjAzMTc=,2018-06-13T13:35:52Z,2026-03-09T15:35:26Z,2026-03-09T15:35:21Z,15951,True,relacs,relacs/relacs,git@github.com:relacs/relacs.git,1
MDEwOlJlcG9zaXRvcnkxMzcxNTAzMjg=,2018-06-13T02:10:54Z,2026-04-08T07:33:48Z,2026-04-08T07:33:43Z,138,False,utility-codes,yanrk/utility-codes,git@github.com:yanrk/utility-codes.git,0
MDEwOlJlcG9zaXRvcnkxMzcxNDAxNjg=,2018-06-12T23:58:49Z,2026-05-07T08:07:31Z,2026-05-05T19:43:34Z,57312,True,harmony,immunogenomics/harmony,git@github.com:immunogenomics/harmony.git,648
MDEwOlJlcG9zaXRvcnkxMzcwNzczMTE=,2018-06-12T13:40:08Z,2026-03-03T16:56:18Z,2026-03-03T16:56:14Z,931,True,sthal,electronicvisions/sthal,git@github.com:electronicvisions/sthal.git,1
MDEwOlJlcG9zaXRvcnkxMzcwNzUyNjQ=,2018-06-12T13:24:08Z,2026-03-25T15:24:54Z,2026-03-25T15:21:47Z,2138,True,hicann-system,electronicvisions/hicann-system,git@github.com:electronicvisions/hicann-system.git,0
MDEwOlJlcG9zaXRvcnkxMzcwNTg1NzU=,2018-06-12T10:53:15Z,2026-05-05T16:03:54Z,2026-03-27T14:51:22Z,7424,True,pfaedle,ad-freiburg/pfaedle,git@github.com:ad-freiburg/pfaedle.git,270
MDEwOlJlcG9zaXRvcnkxMzcwNTQxODI=,2018-06-12T10:12:38Z,2026-03-03T16:56:18Z,2026-03-03T16:56:14Z,456,True,calibtic,electronicvisions/calibtic,git@github.com:electronicvisions/calibtic.git,0
MDEwOlJlcG9zaXRvcnkxMzY5NzcxODI=,2018-06-11T20:25:41Z,2026-04-28T22:07:54Z,2026-04-28T22:07:49Z,21524,True,gtirb,GrammaTech/gtirb,git@github.com:GrammaTech/gtirb.git,357
MDEwOlJlcG9zaXRvcnkxMzY5NjIxNTQ=,2018-06-11T17:58:47Z,2026-05-07T06:05:17Z,2026-05-07T06:05:12Z,263,False,sac,slmdev/sac,git@github.com:slmdev/sac.git,63
MDEwOlJlcG9zaXRvcnkxMzY5NDU5MDc=,2018-06-11T15:31:26Z,2026-04-27T13:26:40Z,2026-04-11T17:26:11Z,455030,True,seqwish,pangenome/seqwish,git@github.com:pangenome/seqwish.git,159
MDEwOlJlcG9zaXRvcnkxMzY5MzA0ODc=,2018-06-11T13:30:44Z,2026-04-06T10:15:33Z,2026-05-07T10:56:03Z,16504,True,xmipp3,I2PC/xmipp3,git@github.com:I2PC/xmipp3.git,43
MDEwOlJlcG9zaXRvcnkxMzY5MjA4NzQ=,2018-06-11T12:07:22Z,2026-05-07T09:18:38Z,2026-05-07T09:18:24Z,21348,True,allpix-squared,allpix-squared/allpix-squared,git@github.com:allpix-squared/allpix-squared.git,16
MDEwOlJlcG9zaXRvcnkxMzY4OTEyMzM=,2018-06-11T07:40:19Z,2026-05-07T09:11:03Z,2026-05-07T09:11:00Z,3320,False,GLFW-for-VSCode,Sahil-rai/GLFW-for-VSCode,git@github.com:Sahil-rai/GLFW-for-VSCode.git,1
MDEwOlJlcG9zaXRvcnkxMzY4ODAyOTE=,2018-06-11T05:49:51Z,2026-04-16T19:28:27Z,2026-04-09T13:19:39Z,24376,False,Roode,Lyr3x/Roode,git@github.com:Lyr3x/Roode.git,165
MDEwOlJlcG9zaXRvcnkxMzY4NzY0OTI=,2018-06-11T04:58:24Z,2026-05-06T17:55:41Z,2026-05-06T17:55:37Z,14480,False,Microcontrollers,AppaBaba/Microcontrollers,git@github.com:AppaBaba/Microcontrollers.git,0
MDEwOlJlcG9zaXRvcnkxMzY4NjE2NzU=,2018-06-11T01:56:07Z,2026-05-06T14:56:46Z,2026-03-20T16:47:24Z,9743,False,JKSV,J-D-K/JKSV,git@github.com:J-D-K/JKSV.git,1837
MDEwOlJlcG9zaXRvcnkxMzY4NTA4Nzg=,2018-06-10T22:53:47Z,2026-05-04T14:48:24Z,2026-05-04T14:48:18Z,2911,False,node-firebird-drivers,asfernandes/node-firebird-drivers,git@github.com:asfernandes/node-firebird-drivers.git,63
MDEwOlJlcG9zaXRvcnkxMzY4MzU3NTE=,2018-06-10T18:47:24Z,2026-04-30T23:09:02Z,2026-04-30T23:30:36Z,482737,True,open-space-toolkit-astrodynamics,open-space-collective/open-space-toolkit-astrodynamics,git@github.com:open-space-collective/open-space-toolkit-astrodynamics.git,81
MDEwOlJlcG9zaXRvcnkxMzY4MzU1ODM=,2018-06-10T18:44:58Z,2026-04-08T23:00:26Z,2026-04-08T23:00:22Z,145443,True,open-space-toolkit-physics,open-space-collective/open-space-toolkit-physics,git@github.com:open-space-collective/open-space-toolkit-physics.git,27
MDEwOlJlcG9zaXRvcnkxMzY4MzUwMDg=,2018-06-10T18:37:02Z,2026-04-08T22:32:13Z,2026-04-08T22:32:10Z,5333,True,open-space-toolkit-io,open-space-collective/open-space-toolkit-io,git@github.com:open-space-collective/open-space-toolkit-io.git,16
MDEwOlJlcG9zaXRvcnkxMzY4MzQ4ODA=,2018-06-10T18:35:03Z,2026-04-10T19:46:40Z,2026-04-10T19:46:37Z,30982,True,open-space-toolkit-mathematics,open-space-collective/open-space-toolkit-mathematics,git@github.com:open-space-collective/open-space-toolkit-mathematics.git,18
MDEwOlJlcG9zaXRvcnkxMzY4MzQ3MDA=,2018-06-10T18:32:32Z,2026-04-08T22:32:05Z,2026-04-08T22:31:56Z,16219,True,open-space-toolkit-core,open-space-collective/open-space-toolkit-core,git@github.com:open-space-collective/open-space-toolkit-core.git,23
MDEwOlJlcG9zaXRvcnkxMzY3NjU2NzA=,2018-06-09T23:42:57Z,2026-03-19T22:49:51Z,2026-03-19T22:49:47Z,89,False,function_utility,sabjohnso/function_utility,git@github.com:sabjohnso/function_utility.git,0
MDEwOlJlcG9zaXRvcnkxMzY3NTkxNzk=,2018-06-09T21:24:24Z,2026-04-05T21:38:22Z,2026-04-05T21:38:18Z,41,True,lang.python3,mkn-mod/lang.python3,git@github.com:mkn-mod/lang.python3.git,0
MDEwOlJlcG9zaXRvcnkxMzY3NTg5MDQ=,2018-06-09T21:18:55Z,2026-05-01T02:03:31Z,2026-05-05T01:14:02Z,232,True,RainbowGrades,Submitty/RainbowGrades,git@github.com:Submitty/RainbowGrades.git,6
MDEwOlJlcG9zaXRvcnkxMzY3NDY0ODQ=,2018-06-09T18:03:14Z,2026-05-05T02:18:42Z,2026-04-27T07:27:23Z,6561,True,alive2,AliveToolkit/alive2,git@github.com:AliveToolkit/alive2.git,1098
MDEwOlJlcG9zaXRvcnkxMzY3MzQ3Mjg=,2018-06-09T15:22:10Z,2026-05-07T00:48:28Z,2026-05-07T00:48:24Z,103230,False,cazamar,mlkazar/cazamar,git@github.com:mlkazar/cazamar.git,0
MDEwOlJlcG9zaXRvcnkxMzY3MjkzODU=,2018-06-09T14:16:21Z,2026-04-15T14:39:36Z,2026-04-15T14:39:32Z,498,False,CWTS,fleschutz/CWTS,git@github.com:fleschutz/CWTS.git,10
MDEwOlJlcG9zaXRvcnkxMzY3MDU5NzE=,2018-06-09T08:40:19Z,2026-05-05T04:22:01Z,2026-04-15T14:16:59Z,22400,True,Vitruvian,VitruvianOS/Vitruvian,git@github.com:VitruvianOS/Vitruvian.git,215
MDEwOlJlcG9zaXRvcnkxMzY2OTQ0OTI=,2018-06-09T05:44:24Z,2026-04-30T00:37:21Z,2026-04-30T00:37:17Z,3409,False,CPlus,kontai/CPlus,git@github.com:kontai/CPlus.git,0
MDEwOlJlcG9zaXRvcnkxMzY2MzM4NzI=,2018-06-08T15:06:12Z,2026-04-24T14:45:36Z,2026-04-24T14:45:32Z,484,True,hwdb,electronicvisions/hwdb,git@github.com:electronicvisions/hwdb.git,0
MDEwOlJlcG9zaXRvcnkxMzY2MzI4OTY=,2018-06-08T14:58:08Z,2026-03-12T15:57:49Z,2026-03-12T15:58:51Z,13140,True,marocco,electronicvisions/marocco,git@github.com:electronicvisions/marocco.git,0
MDEwOlJlcG9zaXRvcnkxMzY2MDUzNDc=,2018-06-08T10:37:13Z,2026-04-07T05:38:25Z,2026-04-01T15:58:34Z,71,False,rightsbox-cli,hx1997/rightsbox-cli,git@github.com:hx1997/rightsbox-cli.git,3
MDEwOlJlcG9zaXRvcnkxMzY2MDE3NTk=,2018-06-08T10:01:28Z,2026-05-05T16:59:00Z,2026-05-05T16:58:56Z,487,True,simCodeEditor,CoppeliaRobotics/simCodeEditor,git@github.com:CoppeliaRobotics/simCodeEditor.git,1
MDEwOlJlcG9zaXRvcnkxMzY1ODk5Njk=,2018-06-08T08:26:24Z,2026-04-09T08:57:50Z,2026-04-09T08:57:40Z,3738,True,haldls,electronicvisions/haldls,git@github.com:electronicvisions/haldls.git,4
MDEwOlJlcG9zaXRvcnkxMzY1ODI5NTE=,2018-06-08T07:26:46Z,2026-03-11T07:09:21Z,2026-03-11T07:09:17Z,107,True,hate,electronicvisions/hate,git@github.com:electronicvisions/hate.git,0
MDEwOlJlcG9zaXRvcnkxMzY0OTM1NDg=,2018-06-07T15:02:42Z,2026-03-03T17:02:50Z,2026-03-03T16:56:13Z,3838,True,lib-rcf,electronicvisions/lib-rcf,git@github.com:electronicvisions/lib-rcf.git,2
MDEwOlJlcG9zaXRvcnkxMzY0NTc5NDk=,2018-06-07T09:58:47Z,2026-05-05T13:31:53Z,2026-05-05T14:31:55Z,274565,True,ALBA,IOR-BIC/ALBA,git@github.com:IOR-BIC/ALBA.git,12
MDEwOlJlcG9zaXRvcnkxMzY0MTMwODc=,2018-06-07T02:50:16Z,2026-05-01T10:32:25Z,2026-05-02T18:47:02Z,25854,True,canairio_firmware,kike-canaries/canairio_firmware,git@github.com:kike-canaries/canairio_firmware.git,126
MDEwOlJlcG9zaXRvcnkxMzYzNzU2MjQ=,2018-06-06T19:16:29Z,2026-03-29T20:33:04Z,2026-03-29T18:47:23Z,73,False,BlueChicken,rizzleroc/BlueChicken,git@github.com:rizzleroc/BlueChicken.git,0
MDEwOlJlcG9zaXRvcnkxMzYzNzAxMzA=,2018-06-06T18:28:07Z,2026-04-05T07:09:32Z,2026-04-05T07:09:28Z,18215,False,dcc,dfijma/dcc,git@github.com:dfijma/dcc.git,0
MDEwOlJlcG9zaXRvcnkxMzYzMzE0MTY=,2018-06-06T13:18:04Z,2026-05-05T17:07:38Z,2026-05-06T20:46:10Z,100158,True,trajopt,tesseract-robotics/trajopt,git@github.com:tesseract-robotics/trajopt.git,498
MDEwOlJlcG9zaXRvcnkxMzYzMzA5NDQ=,2018-06-06T13:14:27Z,2026-05-05T02:16:58Z,2026-05-05T02:17:54Z,89882,True,tesseract,tesseract-robotics/tesseract,git@github.com:tesseract-robotics/tesseract.git,357
MDEwOlJlcG9zaXRvcnkxMzYyMjc5MjE=,2018-06-05T19:55:35Z,2026-05-01T00:39:12Z,2026-05-05T15:34:13Z,21953,False,rpc-frmwrk,zhiming99/rpc-frmwrk,git@github.com:zhiming99/rpc-frmwrk.git,8
MDEwOlJlcG9zaXRvcnkxMzYyMTIzNDc=,2018-06-05T17:30:49Z,2026-04-10T17:39:59Z,2026-04-10T17:39:54Z,153,True,VASSTAlgorithms,VASST/VASSTAlgorithms,git@github.com:VASST/VASSTAlgorithms.git,0
MDEwOlJlcG9zaXRvcnkxMzYxODgwNTc=,2018-06-05T14:15:42Z,2026-05-04T16:13:29Z,2026-04-25T16:16:20Z,50830,True,alive_reversing,AliveTeam/alive_reversing,git@github.com:AliveTeam/alive_reversing.git,419
MDEwOlJlcG9zaXRvcnkxMzYxMjY5MDQ=,2018-06-05T05:51:44Z,2026-04-26T12:33:38Z,2026-04-26T12:33:33Z,8768,True,mx-cleanup,MX-Linux/mx-cleanup,git@github.com:MX-Linux/mx-cleanup.git,11
MDEwOlJlcG9zaXRvcnkxMzYxMjYxMjc=,2018-06-05T05:45:09Z,2026-05-05T16:07:17Z,2026-03-23T13:00:26Z,240,False,DAPNETGateway,g4klx/DAPNETGateway,git@github.com:g4klx/DAPNETGateway.git,36
MDEwOlJlcG9zaXRvcnkxMzYxMTQzMDQ=,2018-06-05T03:24:28Z,2026-03-19T19:49:08Z,2026-03-19T19:49:04Z,14,False,satellite-simulator,Douggsv/satellite-simulator,git@github.com:Douggsv/satellite-simulator.git,2
MDEwOlJlcG9zaXRvcnkxMzYwOTA4MjA=,2018-06-04T22:44:09Z,2026-05-04T00:35:16Z,2026-05-04T00:35:12Z,299,False,VulkanEngine,g4tobauer/VulkanEngine,git@github.com:g4tobauer/VulkanEngine.git,0
MDEwOlJlcG9zaXRvcnkxMzYwNzk0OTE=,2018-06-04T20:33:42Z,2026-03-31T05:36:39Z,2026-05-04T22:34:28Z,5489,True,roctracer,ROCm/roctracer,git@github.com:ROCm/roctracer.git,84
MDEwOlJlcG9zaXRvcnkxMzYwNTkyNTc=,2018-06-04T17:20:44Z,2026-05-05T00:54:17Z,2026-05-05T07:09:32Z,532,False,mRMR,rlichtenwalter/mRMR,git@github.com:rlichtenwalter/mRMR.git,4
MDEwOlJlcG9zaXRvcnkxMzYwNDgyNDQ=,2018-06-04T15:48:47Z,2026-04-21T18:48:40Z,2026-04-21T18:48:30Z,903041,False,cartes-micro-controleurs-centrale-nantes,pierremolinaro/cartes-micro-controleurs-centrale-nantes,git@github.com:pierremolinaro/cartes-micro-controleurs-centrale-nantes.git,2
MDEwOlJlcG9zaXRvcnkxMzYwNDU2MjU=,2018-06-04T15:28:26Z,2026-05-05T21:00:45Z,2026-05-05T21:00:41Z,815770,False,galgas-dev,pierremolinaro/galgas-dev,git@github.com:pierremolinaro/galgas-dev.git,3
MDEwOlJlcG9zaXRvcnkxMzU5OTU2OTM=,2018-06-04T08:39:05Z,2026-03-09T00:13:33Z,2026-03-08T23:59:17Z,24642,False,D2R_codes,chansigit/D2R_codes,git@github.com:chansigit/D2R_codes.git,3
MDEwOlJlcG9zaXRvcnkxMzU5NDU3MTY=,2018-06-03T22:30:48Z,2026-03-21T11:29:00Z,2026-03-21T11:28:57Z,13010,False,RiverCrossing,FlorinTulba/RiverCrossing,git@github.com:FlorinTulba/RiverCrossing.git,4
MDEwOlJlcG9zaXRvcnkxMzU4NjgxMDg=,2018-06-03T02:46:02Z,2026-03-02T17:48:49Z,2026-03-02T17:48:45Z,127239,False,RandomArtifacts,nuertey/RandomArtifacts,git@github.com:nuertey/RandomArtifacts.git,0
MDEwOlJlcG9zaXRvcnkxMzU4MTg5ODA=,2018-06-02T13:15:28Z,2026-05-07T07:47:56Z,2026-05-07T07:47:52Z,44480,False,demos,jerryni/demos,git@github.com:jerryni/demos.git,0
MDEwOlJlcG9zaXRvcnkxMzU3NjgwMzc=,2018-06-01T22:18:01Z,2026-05-06T18:52:36Z,2026-05-06T18:52:31Z,505396,True,DALI,NVIDIA/DALI,git@github.com:NVIDIA/DALI.git,5686
MDEwOlJlcG9zaXRvcnkxMzU3NTcyMjE=,2018-06-01T19:45:26Z,2026-04-23T22:02:38Z,2026-04-23T22:02:08Z,799,False,ComputerMqtt,Necat0r/ComputerMqtt,git@github.com:Necat0r/ComputerMqtt.git,0
MDEwOlJlcG9zaXRvcnkxMzU3NDM2MzY=,2018-06-01T17:04:19Z,2026-03-20T11:25:22Z,2026-03-20T11:25:20Z,379,False,SensorIoT-Node,ChrisBrinton/SensorIoT-Node,git@github.com:ChrisBrinton/SensorIoT-Node.git,1
MDEwOlJlcG9zaXRvcnkxMzU3NDA2MjM=,2018-06-01T16:30:39Z,2026-05-06T15:32:15Z,2026-05-06T15:31:37Z,155777,False,SVisual,Tyill/SVisual,git@github.com:Tyill/SVisual.git,27
MDEwOlJlcG9zaXRvcnkxMzU3MjY5MTI=,2018-06-01T14:20:36Z,2026-05-04T09:26:44Z,2026-03-07T19:25:50Z,416,True,linuxdeploy-plugin-qt,linuxdeploy/linuxdeploy-plugin-qt,git@github.com:linuxdeploy/linuxdeploy-plugin-qt.git,151
MDEwOlJlcG9zaXRvcnkxMzU3MTA3NzI=,2018-06-01T11:42:21Z,2026-05-05T18:59:54Z,2026-05-05T19:01:05Z,5335,False,grape,cvilas/grape,git@github.com:cvilas/grape.git,15
MDEwOlJlcG9zaXRvcnkxMzU3MDg5NDI=,2018-06-01T11:21:10Z,2026-04-21T05:29:50Z,2026-04-21T05:29:46Z,3680,True,dune-functions,dune-project/dune-functions,git@github.com:dune-project/dune-functions.git,4
MDEwOlJlcG9zaXRvcnkxMzU3MDg3MTM=,2018-06-01T11:18:46Z,2026-03-13T10:13:38Z,2026-04-09T10:08:15Z,19652,True,dune-uggrid,dune-project/dune-uggrid,git@github.com:dune-project/dune-uggrid.git,3
MDEwOlJlcG9zaXRvcnkxMzU2MzA0ODY=,2018-05-31T20:10:04Z,2026-04-09T13:15:08Z,2026-04-09T13:15:03Z,1041,False,postgirl,gfickel/postgirl,git@github.com:gfickel/postgirl.git,4
MDEwOlJlcG9zaXRvcnkxMzU2MTcyODI=,2018-05-31T17:48:31Z,2026-05-02T00:21:50Z,2026-05-02T00:21:43Z,39058,False,amazingLabyrinth,cerulean-quasar/amazingLabyrinth,git@github.com:cerulean-quasar/amazingLabyrinth.git,0
MDEwOlJlcG9zaXRvcnkxMzU1ODk2ODY=,2018-05-31T13:47:41Z,2026-04-18T08:14:09Z,2026-04-18T08:14:05Z,15,False,blinkencat,derf/blinkencat,git@github.com:derf/blinkencat.git,2
MDEwOlJlcG9zaXRvcnkxMzU1Nzk2MjY=,2018-05-31T12:18:11Z,2026-03-19T14:50:40Z,2026-03-19T14:51:00Z,575,True,kcsbridge,openbmc/kcsbridge,git@github.com:openbmc/kcsbridge.git,2
MDEwOlJlcG9zaXRvcnkxMzU1NTg5ODU=,2018-05-31T09:00:20Z,2026-04-27T12:19:35Z,2026-05-07T10:23:34Z,29573,True,SHOT,coin-or/SHOT,git@github.com:coin-or/SHOT.git,132
MDEwOlJlcG9zaXRvcnkxMzU1NDc4Mjk=,2018-05-31T07:23:55Z,2026-04-27T04:05:12Z,2026-04-27T04:05:08Z,950,False,small_horse,GuohuaQiu/small_horse,git@github.com:GuohuaQiu/small_horse.git,0
MDEwOlJlcG9zaXRvcnkxMzU1Mzc3NDA=,2018-05-31T05:48:39Z,2026-03-09T02:25:27Z,2026-03-09T02:25:24Z,1738,True,raids,raitechnology/raids,git@github.com:raitechnology/raids.git,5
MDEwOlJlcG9zaXRvcnkxMzU1MDM3MTk=,2018-05-30T22:26:23Z,2026-03-19T22:48:30Z,2026-03-19T22:48:26Z,140,False,type_utility,sabjohnso/type_utility,git@github.com:sabjohnso/type_utility.git,0
MDEwOlJlcG9zaXRvcnkxMzU1MDIwOTQ=,2018-05-30T22:04:22Z,2026-05-06T22:49:22Z,2026-05-07T10:19:39Z,136901,True,XRT,Xilinx/XRT,org-3189299@github.com:Xilinx/XRT.git,661
MDEwOlJlcG9zaXRvcnkxMzU1MDAzNjc=,2018-05-30T21:40:36Z,2026-04-29T14:22:13Z,2026-05-06T20:46:10Z,824778,True,dairlib,DAIRLab/dairlib,git@github.com:DAIRLab/dairlib.git,110
MDEwOlJlcG9zaXRvcnkxMzU0ODk2OTI=,2018-05-30T19:41:42Z,2026-05-07T08:50:11Z,2026-05-05T22:05:03Z,41019,True,lc0,LeelaChessZero/lc0,git@github.com:LeelaChessZero/lc0.git,3070
MDEwOlJlcG9zaXRvcnkxMzU0NzEyMTU=,2018-05-30T16:39:38Z,2026-04-09T20:25:17Z,2026-04-02T03:45:55Z,53045,False,framework2D,STaveras/framework2D,git@github.com:STaveras/framework2D.git,0
MDEwOlJlcG9zaXRvcnkxMzUzNjM0MDA=,2018-05-29T23:35:08Z,2026-05-07T08:24:26Z,2026-05-07T02:51:14Z,118313,True,navigation2,ros-navigation/navigation2,git@github.com:ros-navigation/navigation2.git,4228
MDEwOlJlcG9zaXRvcnkxMzUzNDUzNTY=,2018-05-29T19:46:42Z,2026-03-16T19:32:04Z,2026-03-16T19:31:59Z,129,False,CPP,bmvaysfe/CPP,git@github.com:bmvaysfe/CPP.git,0
MDEwOlJlcG9zaXRvcnkxMzUzMjkwODA=,2018-05-29T17:14:26Z,2026-05-01T14:53:21Z,2026-05-01T14:53:17Z,3235,False,yactfr,eepp/yactfr,git@github.com:eepp/yactfr.git,5
MDEwOlJlcG9zaXRvcnkxMzUzMDE0MTA=,2018-05-29T13:36:29Z,2026-03-28T03:53:02Z,2026-03-24T10:08:21Z,607,True,wasm-c-api,WebAssembly/wasm-c-api,git@github.com:WebAssembly/wasm-c-api.git,600
MDEwOlJlcG9zaXRvcnkxMzUyOTg2MjI=,2018-05-29T13:16:44Z,2026-03-15T08:15:31Z,2026-03-15T08:15:28Z,19981,True,pan,GNOME/pan,git@github.com:GNOME/pan.git,14
MDEwOlJlcG9zaXRvcnkxMzUyMDQwNDA=,2018-05-28T20:01:48Z,2026-03-03T14:00:34Z,2026-03-03T14:00:13Z,1471,False,SLICER,TiagoBsCastro/SLICER,git@github.com:TiagoBsCastro/SLICER.git,1
MDEwOlJlcG9zaXRvcnkxMzUxODIzNDA=,2018-05-28T16:01:22Z,2026-04-24T15:28:10Z,2026-04-24T15:28:05Z,2724,True,brep,build2/brep,git@github.com:build2/brep.git,13
MDEwOlJlcG9zaXRvcnkxMzUxODE4ODI=,2018-05-28T15:56:59Z,2026-04-29T09:37:11Z,2026-04-29T09:37:07Z,1202,True,bdep,build2/bdep,git@github.com:build2/bdep.git,29
MDEwOlJlcG9zaXRvcnkxMzUxODE0NzI=,2018-05-28T15:52:44Z,2026-05-03T21:54:42Z,2026-04-29T09:43:13Z,5608,True,bpkg,build2/bpkg,git@github.com:build2/bpkg.git,20
MDEwOlJlcG9zaXRvcnkxMzUxODA4MTY=,2018-05-28T15:46:36Z,2026-05-07T11:14:18Z,2026-05-04T09:38:08Z,14250,True,build2,build2/build2,git@github.com:build2/build2.git,654
MDEwOlJlcG9zaXRvcnkxMzUxNzgxMDE=,2018-05-28T15:20:53Z,2026-04-29T09:42:15Z,2026-04-29T09:42:11Z,693,True,libbpkg,build2/libbpkg,git@github.com:build2/libbpkg.git,4
MDEwOlJlcG9zaXRvcnkxMzUxNjA4OTk=,2018-05-28T12:54:58Z,2026-05-06T07:57:19Z,2026-05-07T05:48:14Z,2228,True,libbutl,build2/libbutl,git@github.com:build2/libbutl.git,9
MDEwOlJlcG9zaXRvcnkxMzUxMTI5NjQ=,2018-05-28T05:24:04Z,2026-05-03T17:22:08Z,2026-04-12T04:51:09Z,3339,True,sse2neon,DLTcollab/sse2neon,git@github.com:DLTcollab/sse2neon.git,1504
MDEwOlJlcG9zaXRvcnkxMzUwODUxMjM=,2018-05-27T22:09:04Z,2026-04-30T21:12:31Z,2026-04-30T21:12:26Z,54,False,Eigen34,terzakig/Eigen34,git@github.com:terzakig/Eigen34.git,0
MDEwOlJlcG9zaXRvcnkxMzUwMDcxNjQ=,2018-05-27T01:39:46Z,2026-04-10T02:20:57Z,2026-04-10T02:20:53Z,470,True,distro-release-notifier,KDE/distro-release-notifier,git@github.com:KDE/distro-release-notifier.git,4
MDEwOlJlcG9zaXRvcnkxMzQ5Nzc2MDU=,2018-05-26T16:30:10Z,2026-03-04T21:46:27Z,2026-05-03T21:01:05Z,31642,False,blackomega,bonezuk/blackomega,git@github.com:bonezuk/blackomega.git,11
MDEwOlJlcG9zaXRvcnkxMzQ5NzQ5NjQ=,2018-05-26T15:54:50Z,2026-04-17T17:45:56Z,2026-04-17T17:45:52Z,339,False,sp-console-debugger,peace-maker/sp-console-debugger,git@github.com:peace-maker/sp-console-debugger.git,17
MDEwOlJlcG9zaXRvcnkxMzQ5NjY3MzQ=,2018-05-26T14:07:52Z,2026-05-03T19:22:06Z,2026-05-03T19:22:02Z,9584,False,ps,queuedq/ps,git@github.com:queuedq/ps.git,5
MDEwOlJlcG9zaXRvcnkxMzQ5NTM0NzY=,2018-05-26T10:54:09Z,2026-04-19T11:41:15Z,2026-04-19T11:41:11Z,3272,False,V4Earthend,owodzeg/V4Earthend,git@github.com:owodzeg/V4Earthend.git,0
MDEwOlJlcG9zaXRvcnkxMzQ4OTQ1MDE=,2018-05-25T19:03:17Z,2026-05-03T13:39:03Z,2026-05-03T13:38:58Z,9,True,arg-parser,minecraft-linux/arg-parser,git@github.com:minecraft-linux/arg-parser.git,1
MDEwOlJlcG9zaXRvcnkxMzQ4NDI4MzE=,2018-05-25T10:41:24Z,2026-04-17T08:47:48Z,2026-04-17T08:47:44Z,2843,False,structural_application,vryy/structural_application,git@github.com:vryy/structural_application.git,1
MDEwOlJlcG9zaXRvcnkxMzQ4MjYzMDQ=,2018-05-25T08:18:41Z,2026-05-04T17:47:08Z,2026-04-24T12:52:51Z,4883,True,PHARE,PHAREHUB/PHARE,git@github.com:PHAREHUB/PHARE.git,76
MDEwOlJlcG9zaXRvcnkxMzQ3Nzg0MDQ=,2018-05-24T23:21:01Z,2026-04-17T23:58:32Z,2026-04-17T23:58:27Z,1606,True,task-bench,StanfordLegion/task-bench,git@github.com:StanfordLegion/task-bench.git,44
MDEwOlJlcG9zaXRvcnkxMzQ3NzgyNjM=,2018-05-24T23:18:47Z,2026-03-19T20:05:15Z,2026-05-04T13:58:39Z,296048,False,ArenAI,Ipsedo/ArenAI,git@github.com:Ipsedo/ArenAI.git,0
MDEwOlJlcG9zaXRvcnkxMzQ3NDg4Nzk=,2018-05-24T17:34:26Z,2026-05-05T22:57:04Z,2026-05-03T11:04:37Z,570730,True,Augustus,Gaius-Augustus/Augustus,git@github.com:Gaius-Augustus/Augustus.git,329
MDEwOlJlcG9zaXRvcnkxMzQ3MjU1MzI=,2018-05-24T14:17:07Z,2026-04-26T15:13:46Z,2026-04-23T20:32:54Z,797,True,snort3_extra,snort3/snort3_extra,git@github.com:snort3/snort3_extra.git,44
MDEwOlJlcG9zaXRvcnkxMzQ3MTk5ODI=,2018-05-24T13:34:30Z,2026-03-18T14:49:40Z,2026-03-18T14:48:07Z,4240,False,sn.i2cScanner,DaKprofSNir/sn.i2cScanner,git@github.com:DaKprofSNir/sn.i2cScanner.git,0
MDEwOlJlcG9zaXRvcnkxMzQ2OTc4ODM=,2018-05-24T10:12:26Z,2026-05-06T23:32:01Z,2026-05-06T23:31:57Z,106212,False,TRSE,leuat/TRSE,git@github.com:leuat/TRSE.git,283
MDEwOlJlcG9zaXRvcnkxMzQ2NTY0OTM=,2018-05-24T03:31:16Z,2026-04-27T05:35:17Z,2026-04-12T16:14:17Z,110,False,AND,wang-bin/AND,git@github.com:wang-bin/AND.git,26
MDEwOlJlcG9zaXRvcnkxMzQ2Mzk4NDk=,2018-05-24T00:26:05Z,2026-04-24T17:12:35Z,2026-04-24T17:12:29Z,991,True,PowerShell-Native,PowerShell/PowerShell-Native,git@github.com:PowerShell/PowerShell-Native.git,63
MDEwOlJlcG9zaXRvcnkxMzQ2MjU4NjU=,2018-05-23T21:10:25Z,2026-05-04T09:26:44Z,2026-04-27T00:57:48Z,685,True,linuxdeploy,linuxdeploy/linuxdeploy,git@github.com:linuxdeploy/linuxdeploy.git,768
MDEwOlJlcG9zaXRvcnkxMzQ1OTg4NTc=,2018-05-23T16:41:02Z,2026-04-16T12:26:58Z,2026-04-16T12:26:55Z,5274,False,clonk3,timgott/clonk3,git@github.com:timgott/clonk3.git,9
MDEwOlJlcG9zaXRvcnkxMzQ1NjM1Nzk=,2018-05-23T12:05:12Z,2026-05-07T08:26:15Z,2026-05-07T08:26:11Z,4644,False,AntScope2,rigexpert/AntScope2,git@github.com:rigexpert/AntScope2.git,47
MDEwOlJlcG9zaXRvcnkxMzQ1MDMyMjI=,2018-05-23T02:43:04Z,2026-05-07T06:37:16Z,2026-05-07T06:37:12Z,18805,False,LearningArea,liangjin2007/LearningArea,git@github.com:liangjin2007/LearningArea.git,2
MDEwOlJlcG9zaXRvcnkxMzQ0OTY1NTc=,2018-05-23T01:39:59Z,2026-05-06T19:04:50Z,2026-05-06T19:04:46Z,110,False,practice-vault,ridhwaans/practice-vault,git@github.com:ridhwaans/practice-vault.git,0
MDEwOlJlcG9zaXRvcnkxMzQ0ODMyNjg=,2018-05-22T22:37:56Z,2026-04-25T14:52:07Z,2026-05-04T22:33:37Z,11212,True,rocSOLVER,ROCm/rocSOLVER,git@github.com:ROCm/rocSOLVER.git,116
MDEwOlJlcG9zaXRvcnkxMzQ0Njc3MzU=,2018-05-22T19:47:08Z,2026-05-06T07:23:05Z,2026-05-03T01:01:14Z,90048,True,qpcpp,QuantumLeaps/qpcpp,git@github.com:QuantumLeaps/qpcpp.git,462
MDEwOlJlcG9zaXRvcnkxMzQ0NjY0NTk=,2018-05-22T19:34:54Z,2026-05-04T19:15:44Z,2026-05-04T19:15:40Z,437,False,Aline,french-paragon/Aline,git@github.com:french-paragon/Aline.git,0
MDEwOlJlcG9zaXRvcnkxMzQyNTQ3MjI=,2018-05-21T10:34:18Z,2026-04-30T11:57:44Z,2026-04-30T11:57:40Z,3150,False,Arduino,sixmoonriver/Arduino,git@github.com:sixmoonriver/Arduino.git,0
MDEwOlJlcG9zaXRvcnkxMzQyNDQ5NjQ=,2018-05-21T09:05:10Z,2026-04-14T04:53:36Z,2026-04-14T04:53:29Z,2306,False,code,mazonka/code,git@github.com:mazonka/code.git,4
MDEwOlJlcG9zaXRvcnkxMzQyMjI4ODY=,2018-05-21T05:37:00Z,2026-05-06T12:48:37Z,2026-05-06T12:49:20Z,16370,True,WL4Editor,wario-land/WL4Editor,git@github.com:wario-land/WL4Editor.git,48
MDEwOlJlcG9zaXRvcnkxMzQxODcyMzg=,2018-05-20T21:12:48Z,2026-04-27T20:25:29Z,2026-04-27T20:25:24Z,858,False,qolibri,mvf/qolibri,git@github.com:mvf/qolibri.git,192
MDEwOlJlcG9zaXRvcnkxMzQxNjMzMjY=,2018-05-20T15:38:24Z,2026-03-27T08:27:47Z,2026-03-27T08:27:44Z,37,False,qble,piggz/qble,git@github.com:piggz/qble.git,3
MDEwOlJlcG9zaXRvcnkxMzQwOTIzMTQ=,2018-05-19T19:34:06Z,2026-05-03T12:22:33Z,2026-03-02T00:44:07Z,1464,False,qtextpad,zrax/qtextpad,git@github.com:zrax/qtextpad.git,40
MDEwOlJlcG9zaXRvcnkxMzQwODM4NDc=,2018-05-19T17:32:48Z,2026-03-07T17:43:26Z,2026-03-07T17:43:22Z,2150,False,raddi,raddinet/raddi,git@github.com:raddinet/raddi.git,44
MDEwOlJlcG9zaXRvcnkxMzQwNTc5Njk=,2018-05-19T12:02:06Z,2026-05-02T03:37:40Z,2026-05-04T08:18:42Z,115523,True,sakura,sakura-editor/sakura,git@github.com:sakura-editor/sakura.git,1433
MDEwOlJlcG9zaXRvcnkxMzQwNTUzODI=,2018-05-19T11:20:29Z,2026-04-29T15:16:43Z,2026-05-04T12:38:02Z,2455,False,wgms3d,jkrimmer/wgms3d,git@github.com:jkrimmer/wgms3d.git,0
MDEwOlJlcG9zaXRvcnkxMzQwNDcwNzQ=,2018-05-19T09:11:03Z,2026-05-06T18:30:21Z,2026-05-06T18:30:12Z,34050,False,lgtbot,Slontia/lgtbot,git@github.com:Slontia/lgtbot.git,30
MDEwOlJlcG9zaXRvcnkxMzQwMjYyNjY=,2018-05-19T03:30:27Z,2026-05-05T06:55:28Z,2026-04-23T01:51:54Z,858,False,intron-prospector,diekhans/intron-prospector,git@github.com:diekhans/intron-prospector.git,7
MDEwOlJlcG9zaXRvcnkxMzM5ODE3NjE=,2018-05-18T16:58:06Z,2026-04-22T22:36:49Z,2026-04-22T22:36:45Z,9246,False,rPDZ,leedrake5/rPDZ,git@github.com:leedrake5/rPDZ.git,0
MDEwOlJlcG9zaXRvcnkxMzM4ODA0OTI=,2018-05-17T23:59:07Z,2026-03-30T06:55:30Z,2026-03-30T06:57:12Z,110,False,NTP,sstaub/NTP,git@github.com:sstaub/NTP.git,52
MDEwOlJlcG9zaXRvcnkxMzM4Njg5ODU=,2018-05-17T21:13:03Z,2026-03-24T05:39:57Z,2026-03-24T05:39:54Z,3266,False,RcppMeCab,junhewk/RcppMeCab,git@github.com:junhewk/RcppMeCab.git,27
MDEwOlJlcG9zaXRvcnkxMzM4NDk5Njg=,2018-05-17T17:57:33Z,2026-05-06T17:47:02Z,2026-05-06T17:46:59Z,167957,True,gfxreconstruct,LunarG/gfxreconstruct,git@github.com:LunarG/gfxreconstruct.git,555
MDEwOlJlcG9zaXRvcnkxMzM4MzMwMzY=,2018-05-17T15:26:56Z,2026-05-06T17:51:54Z,2026-05-07T04:47:28Z,3837,True,pumi-pic,SCOREC/pumi-pic,git@github.com:SCOREC/pumi-pic.git,43
MDEwOlJlcG9zaXRvcnkxMzM4MjU4NDQ=,2018-05-17T14:32:29Z,2026-03-09T09:43:05Z,2026-03-09T09:43:02Z,21794,False,MixedQuadTree,jaillet/MixedQuadTree,git@github.com:jaillet/MixedQuadTree.git,5
MDEwOlJlcG9zaXRvcnkxMzM4MjIyMTU=,2018-05-17T14:05:39Z,2026-03-23T07:00:56Z,2026-03-23T07:00:52Z,37,False,tinylogger,Tom94/tinylogger,git@github.com:Tom94/tinylogger.git,20
MDEwOlJlcG9zaXRvcnkxMzM3OTYzOTE=,2018-05-17T10:16:21Z,2026-05-06T19:33:29Z,2026-03-25T15:54:04Z,2937,True,pluginval,Tracktion/pluginval,git@github.com:Tracktion/pluginval.git,532
MDEwOlJlcG9zaXRvcnkxMzM3ODcwNjY=,2018-05-17T09:00:05Z,2026-05-07T01:14:37Z,2026-05-07T07:06:09Z,5163,True,YY-Thunks,Chuyu-Team/YY-Thunks,git@github.com:Chuyu-Team/YY-Thunks.git,973
MDEwOlJlcG9zaXRvcnkxMzM3NzM0MDQ=,2018-05-17T07:08:15Z,2026-04-12T19:44:38Z,2026-04-12T19:44:34Z,515967,False,grpc_async_server,vkardon/grpc_async_server,git@github.com:vkardon/grpc_async_server.git,2
MDEwOlJlcG9zaXRvcnkxMzM3NjA4MjE=,2018-05-17T04:57:13Z,2026-03-04T21:21:34Z,2026-03-04T21:21:30Z,144,False,ws28,Matheus28/ws28,git@github.com:Matheus28/ws28.git,79
MDEwOlJlcG9zaXRvcnkxMzM3MzcxNDM=,2018-05-17T00:24:24Z,2026-05-01T18:26:48Z,2026-05-05T13:36:33Z,5305,True,glTF-SDK,microsoft/glTF-SDK,git@github.com:microsoft/glTF-SDK.git,612
MDEwOlJlcG9zaXRvcnkxMzM3MzQ0NTc=,2018-05-16T23:43:33Z,2026-05-04T17:31:21Z,2026-04-12T17:23:55Z,14238,True,gbbs,ParAlg/gbbs,git@github.com:ParAlg/gbbs.git,226
MDEwOlJlcG9zaXRvcnkxMzM2OTg5OTM=,2018-05-16T17:05:34Z,2026-05-04T07:48:21Z,2026-05-04T07:48:16Z,1049,False,oktoplus,kalman5/oktoplus,git@github.com:kalman5/oktoplus.git,5
MDEwOlJlcG9zaXRvcnkxMzM2Mzk3MDg=,2018-05-16T09:09:06Z,2026-04-26T09:58:27Z,2026-05-04T20:08:38Z,1453,True,fastscapelib,fastscape-lem/fastscapelib,git@github.com:fastscape-lem/fastscapelib.git,44
MDEwOlJlcG9zaXRvcnkxMzM1OTYxNTg=,2018-05-16T01:59:15Z,2026-05-05T00:19:55Z,2026-05-06T21:46:16Z,1384439,False,PhasmaEngine,christoskaramou/PhasmaEngine,git@github.com:christoskaramou/PhasmaEngine.git,48
MDEwOlJlcG9zaXRvcnkxMzM1ODI5NDY=,2018-05-15T23:12:06Z,2026-05-07T10:10:08Z,2026-04-29T22:38:14Z,67100,False,slam_toolbox,SteveMacenski/slam_toolbox,git@github.com:SteveMacenski/slam_toolbox.git,2455
MDEwOlJlcG9zaXRvcnkxMzM1ODA3MzI=,2018-05-15T22:39:54Z,2026-04-08T17:40:10Z,2026-04-08T18:00:51Z,276,False,katarakt,inducer/katarakt,git@github.com:inducer/katarakt.git,0
MDEwOlJlcG9zaXRvcnkxMzM1NjYzOTA=,2018-05-15T19:55:45Z,2026-04-28T21:13:05Z,2026-04-28T21:11:45Z,50317,False,vocal-robotics-2015-thesis,Kalmend/vocal-robotics-2015-thesis,git@github.com:Kalmend/vocal-robotics-2015-thesis.git,1
MDEwOlJlcG9zaXRvcnkxMzM1NjIxMTg=,2018-05-15T19:14:10Z,2026-04-13T04:40:02Z,2026-04-13T04:39:56Z,26410,False,fdspro,levilliard/fdspro,git@github.com:levilliard/fdspro.git,1
MDEwOlJlcG9zaXRvcnkxMzM1NTk0Nzg=,2018-05-15T18:49:52Z,2026-04-03T18:45:21Z,2026-04-03T18:44:49Z,544,False,GUI,Enhex/GUI,git@github.com:Enhex/GUI.git,7
MDEwOlJlcG9zaXRvcnkxMzM0ODY5ODE=,2018-05-15T08:43:42Z,2026-04-13T13:11:02Z,2026-04-15T14:51:13Z,3369,False,UEGameBaseFramework,TheEmidee/UEGameBaseFramework,git@github.com:TheEmidee/UEGameBaseFramework.git,35
MDEwOlJlcG9zaXRvcnkxMzM0MzE0NzA=,2018-05-14T23:06:58Z,2026-04-14T06:24:02Z,2026-04-14T06:24:16Z,8157,True,datasketches-cpp,apache/datasketches-cpp,git@github.com:apache/datasketches-cpp.git,257
MDEwOlJlcG9zaXRvcnkxMzM0Mjg3NTU=,2018-05-14T22:32:28Z,2026-05-05T15:13:17Z,2026-05-03T13:47:24Z,180421,False,ObjectTalk,goossens/ObjectTalk,git@github.com:goossens/ObjectTalk.git,37
MDEwOlJlcG9zaXRvcnkxMzM0MjQ0MDU=,2018-05-14T21:37:12Z,2026-05-06T00:37:52Z,2026-05-06T00:37:48Z,86984,True,EE-UQ,NHERI-SimCenter/EE-UQ,git@github.com:NHERI-SimCenter/EE-UQ.git,22
MDEwOlJlcG9zaXRvcnkxMzMzODM3NzU=,2018-05-14T15:34:42Z,2026-05-07T08:52:21Z,2026-05-07T08:52:18Z,674,True,cppext,ChimeraTK/cppext,git@github.com:ChimeraTK/cppext.git,2
MDEwOlJlcG9zaXRvcnkxMzMzNzA4MzM=,2018-05-14T14:10:03Z,2026-03-25T17:18:42Z,2026-03-25T17:18:36Z,3498,True,freetype2-testing,freetype/freetype2-testing,git@github.com:freetype/freetype2-testing.git,14
MDEwOlJlcG9zaXRvcnkxMzMzNDY0Mzc=,2018-05-14T10:49:11Z,2026-04-24T02:28:19Z,2026-04-24T02:28:15Z,145987,False,CPP-note,obentulnote/CPP-note,git@github.com:obentulnote/CPP-note.git,0
MDEwOlJlcG9zaXRvcnkxMzMzMDY1MDM=,2018-05-14T04:52:22Z,2026-05-07T01:58:13Z,2026-05-07T02:39:48Z,250389,True,InterSpec,sandialabs/InterSpec,git@github.com:sandialabs/InterSpec.git,217
MDEwOlJlcG9zaXRvcnkxMzMyNzg3MjE=,2018-05-13T22:20:30Z,2026-05-05T23:28:32Z,2026-05-05T23:43:17Z,3780,False,testplugin_pi,jongough/testplugin_pi,git@github.com:jongough/testplugin_pi.git,4
MDEwOlJlcG9zaXRvcnkxMzMyMjM0ODk=,2018-05-13T09:37:40Z,2026-05-03T01:10:26Z,2026-05-03T01:10:23Z,9921,False,Dots,BillGR17/Dots,git@github.com:BillGR17/Dots.git,0
MDEwOlJlcG9zaXRvcnkxMzMxOTQ3MzM=,2018-05-13T00:54:27Z,2026-04-15T17:04:33Z,2026-04-15T17:04:29Z,66,False,sepcor,koekvall/sepcor,git@github.com:koekvall/sepcor.git,0
MDEwOlJlcG9zaXRvcnkxMzMxODUwMTY=,2018-05-12T21:33:58Z,2026-05-03T18:52:56Z,2026-05-03T18:52:52Z,10110,False,kanzi-cpp,flanglet/kanzi-cpp,git@github.com:flanglet/kanzi-cpp.git,215
MDEwOlJlcG9zaXRvcnkxMzMxNTk4Njk=,2018-05-12T15:44:12Z,2026-05-02T06:51:40Z,2026-03-11T00:55:25Z,8780,True,libdjinterop,xsco/libdjinterop,git@github.com:xsco/libdjinterop.git,75
MDEwOlJlcG9zaXRvcnkxMzMxMzQyNjI=,2018-05-12T10:01:53Z,2026-04-27T21:30:00Z,2026-04-05T17:05:56Z,138794,False,genieclust,gagolews/genieclust,git@github.com:gagolews/genieclust.git,73
MDEwOlJlcG9zaXRvcnkxMzMxMjgyMzE=,2018-05-12T08:32:39Z,2026-04-21T08:40:19Z,2026-04-22T21:24:00Z,169,False,completely-unscientific-benchmarks,frol/completely-unscientific-benchmarks,git@github.com:frol/completely-unscientific-benchmarks.git,556
MDEwOlJlcG9zaXRvcnkxMzMxMjY2MzA=,2018-05-12T08:08:37Z,2026-04-10T17:27:57Z,2026-03-26T07:07:44Z,346709,False,Pointcloud-to-Images,GuYufeng93/Pointcloud-to-Images,git@github.com:GuYufeng93/Pointcloud-to-Images.git,102
MDEwOlJlcG9zaXRvcnkxMzMwNDkxMjU=,2018-05-11T14:19:13Z,2026-05-05T18:13:28Z,2026-05-05T18:13:23Z,65311,False,atoolstest,albar965/atoolstest,git@github.com:albar965/atoolstest.git,1
MDEwOlJlcG9zaXRvcnkxMzMwMzQxNzY=,2018-05-11T11:59:42Z,2026-04-23T14:06:19Z,2026-04-23T14:06:01Z,218,False,process_motion,donniet/process_motion,git@github.com:donniet/process_motion.git,0
MDEwOlJlcG9zaXRvcnkxMzI5NjY0OTk=,2018-05-10T23:55:58Z,2026-05-06T18:42:10Z,2026-05-06T18:42:07Z,80,True,libyaml_vendor,ros2/libyaml_vendor,git@github.com:ros2/libyaml_vendor.git,3
MDEwOlJlcG9zaXRvcnkxMzI5NDQ5NDk=,2018-05-10T19:23:50Z,2026-04-21T20:05:20Z,2026-05-03T17:23:34Z,76637,True,genie,tnt-LUH/genie,git@github.com:tnt-LUH/genie.git,49
MDEwOlJlcG9zaXRvcnkxMzI5Mzk3ODA=,2018-05-10T18:30:53Z,2026-05-04T09:11:31Z,2026-03-19T20:21:53Z,796,False,DStarRepeater,g4klx/DStarRepeater,git@github.com:g4klx/DStarRepeater.git,23
MDEwOlJlcG9zaXRvcnkxMzI4OTU1MTM=,2018-05-10T12:12:36Z,2026-05-02T20:05:07Z,2026-05-06T20:11:21Z,244,False,symfpu,martin-cs/symfpu,git@github.com:martin-cs/symfpu.git,53
MDEwOlJlcG9zaXRvcnkxMzI4ODg4MTk=,2018-05-10T11:05:32Z,2026-05-01T08:10:14Z,2026-03-24T08:00:23Z,8063,True,BakkesModInjectorCpp,bakkesmodorg/BakkesModInjectorCpp,git@github.com:bakkesmodorg/BakkesModInjectorCpp.git,93
MDEwOlJlcG9zaXRvcnkxMzI4ODQxODE=,2018-05-10T10:16:31Z,2026-04-20T10:13:21Z,2026-04-20T10:13:17Z,23212,False,MZButtons,Yury-MonZon/MZButtons,git@github.com:Yury-MonZon/MZButtons.git,5
MDEwOlJlcG9zaXRvcnkxMzI4NjMxNDg=,2018-05-10T07:15:07Z,2026-04-29T16:13:34Z,2026-04-29T16:12:34Z,2337,True,Malterlib_Tool,Malterlib/Malterlib_Tool,git@github.com:Malterlib/Malterlib_Tool.git,0
MDEwOlJlcG9zaXRvcnkxMzI4NDQ2MTY=,2018-05-10T03:38:20Z,2026-04-30T10:28:54Z,2026-04-30T10:28:50Z,6520,True,USER-EPH,llnl/USER-EPH,git@github.com:llnl/USER-EPH.git,18
MDEwOlJlcG9zaXRvcnkxMzI4MTM1ODU=,2018-05-09T21:14:32Z,2026-04-28T01:48:17Z,2026-04-28T01:48:14Z,9570,True,buho,KDE/buho,git@github.com:KDE/buho.git,10
MDEwOlJlcG9zaXRvcnkxMzI4MDE3ODM=,2018-05-09T19:08:34Z,2026-04-28T03:03:11Z,2026-04-13T21:16:08Z,6284,False,simdb,NickNaso/simdb,git@github.com:NickNaso/simdb.git,7
MDEwOlJlcG9zaXRvcnkxMzI3NjA4MTk=,2018-05-09T13:26:47Z,2026-04-18T23:32:57Z,2026-04-18T23:32:53Z,16,False,Win32Tetris,kazmura11/Win32Tetris,git@github.com:kazmura11/Win32Tetris.git,0
MDEwOlJlcG9zaXRvcnkxMzI2MzY3NzM=,2018-05-08T16:34:07Z,2026-04-27T18:19:04Z,2026-04-27T18:19:00Z,1864,False,survival,joebentley/survival,git@github.com:joebentley/survival.git,0
MDEwOlJlcG9zaXRvcnkxMzI1NjU2MTA=,2018-05-08T06:40:51Z,2026-04-14T02:03:51Z,2026-04-04T23:51:29Z,213555,False,V4Hero,owodzeg/V4Hero,git@github.com:owodzeg/V4Hero.git,64
MDEwOlJlcG9zaXRvcnkxMzI1NDk5ODQ=,2018-05-08T03:42:01Z,2026-05-05T18:22:55Z,2026-05-05T23:46:43Z,27015,True,ouster-sdk,ouster-lidar/ouster-sdk,git@github.com:ouster-lidar/ouster-sdk.git,511
MDEwOlJlcG9zaXRvcnkxMzI1MjA4OTA=,2018-05-07T22:00:14Z,2026-04-20T17:36:32Z,2026-04-20T17:36:27Z,694,True,REminiscence,libretro/REminiscence,git@github.com:libretro/REminiscence.git,18
MDEwOlJlcG9zaXRvcnkxMzI1MTAwOTE=,2018-05-07T19:57:08Z,2026-03-08T18:29:43Z,2026-03-08T18:22:51Z,21,False,lantern,mikahas/lantern,git@github.com:mikahas/lantern.git,0
MDEwOlJlcG9zaXRvcnkxMzI0Njc5NDY=,2018-05-07T13:54:47Z,2026-05-07T03:25:11Z,2026-05-07T03:25:07Z,4400,False,TTYD-Practice-Codes,Zephiles/TTYD-Practice-Codes,git@github.com:Zephiles/TTYD-Practice-Codes.git,25
MDEwOlJlcG9zaXRvcnkxMzI0NTA5MDg=,2018-05-07T11:28:39Z,2026-04-07T09:21:30Z,2026-04-08T08:43:42Z,1439,True,GeneralBrokenLines,GeneralBrokenLines/GeneralBrokenLines,git@github.com:GeneralBrokenLines/GeneralBrokenLines.git,0
MDEwOlJlcG9zaXRvcnkxMzI0MzQ5NzU=,2018-05-07T09:03:53Z,2026-05-04T17:01:59Z,2026-05-06T11:44:40Z,106842,False,toulbar2,toulbar2/toulbar2,git@github.com:toulbar2/toulbar2.git,65
MDEwOlJlcG9zaXRvcnkxMzI0MTYzMzg=,2018-05-07T06:23:36Z,2026-04-13T00:48:45Z,2026-03-03T12:31:09Z,6026,False,EngineFixesSkyrim64,aers/EngineFixesSkyrim64,git@github.com:aers/EngineFixesSkyrim64.git,175
MDEwOlJlcG9zaXRvcnkxMzIzMzUxNTg=,2018-05-06T12:12:48Z,2026-04-10T14:11:06Z,2026-04-02T14:05:43Z,1291,False,Arduino-FrequencyDetector,ArminJo/Arduino-FrequencyDetector,git@github.com:ArminJo/Arduino-FrequencyDetector.git,45
MDEwOlJlcG9zaXRvcnkxMzIzMjYwNzk=,2018-05-06T09:54:50Z,2026-03-28T10:24:32Z,2026-03-28T10:26:24Z,2,False,arduino,ogibert/arduino,git@github.com:ogibert/arduino.git,0
MDEwOlJlcG9zaXRvcnkxMzIyOTY1NTg=,2018-05-06T01:13:55Z,2026-04-26T04:41:43Z,2026-04-26T04:41:38Z,82306,False,Grande-Illusion,SylvestreSakti/Grande-Illusion,git@github.com:SylvestreSakti/Grande-Illusion.git,3
MDEwOlJlcG9zaXRvcnkxMzIyNzM4NTE=,2018-05-05T18:23:54Z,2026-05-06T08:59:52Z,2026-04-30T10:11:12Z,2010,False,zytrax,reduz/zytrax,git@github.com:reduz/zytrax.git,247
MDEwOlJlcG9zaXRvcnkxMzIyNjY4OTQ=,2018-05-05T16:49:45Z,2026-03-05T19:44:36Z,2026-03-05T19:44:31Z,186,False,Extractor_XBRL_Test,dpriedel/Extractor_XBRL_Test,git@github.com:dpriedel/Extractor_XBRL_Test.git,0
MDEwOlJlcG9zaXRvcnkxMzIyNDkyNjQ=,2018-05-05T13:13:37Z,2026-04-22T07:24:31Z,2026-04-06T15:46:09Z,323566,False,CubbyFlow,utilForever/CubbyFlow,git@github.com:utilForever/CubbyFlow.git,291
MDEwOlJlcG9zaXRvcnkxMzIyNDU1OTk=,2018-05-05T12:24:18Z,2026-05-01T22:01:32Z,2026-03-27T23:27:52Z,3551,True,swmud,swmud-net/swmud,git@github.com:swmud-net/swmud.git,3
MDEwOlJlcG9zaXRvcnkxMzIxNTk1MTI=,2018-05-04T15:45:00Z,2026-03-19T04:00:07Z,2026-03-19T04:11:40Z,10070,True,roller-thrower-die-soon,AdsGames/roller-thrower-die-soon,git@github.com:AdsGames/roller-thrower-die-soon.git,0
MDEwOlJlcG9zaXRvcnkxMzIxNDk5Nzg=,2018-05-04T14:23:03Z,2026-04-23T01:55:34Z,2026-04-03T22:01:11Z,1147,False,glasgow-subgraph-solver,ciaranm/glasgow-subgraph-solver,git@github.com:ciaranm/glasgow-subgraph-solver.git,101
MDEwOlJlcG9zaXRvcnkxMzIxMjc2OTQ=,2018-05-04T10:47:04Z,2026-03-12T05:59:00Z,2026-04-14T07:15:54Z,912442,True,smartmet-workstation,fmidev/smartmet-workstation,git@github.com:fmidev/smartmet-workstation.git,0
MDEwOlJlcG9zaXRvcnkxMzIxMjQ3Mjg=,2018-05-04T10:16:38Z,2026-05-04T13:23:30Z,2026-05-04T13:23:25Z,102,False,Hello-World,blackdui/Hello-World,git@github.com:blackdui/Hello-World.git,0
MDEwOlJlcG9zaXRvcnkxMzIxMTc5OTg=,2018-05-04T09:18:27Z,2026-04-10T07:42:15Z,2026-04-10T07:42:11Z,26,False,Real-time-stratergy,kieronhg/Real-time-stratergy,git@github.com:kieronhg/Real-time-stratergy.git,0
MDEwOlJlcG9zaXRvcnkxMzIwNDY0ODI=,2018-05-03T20:33:12Z,2026-05-07T07:55:28Z,2026-04-06T21:43:18Z,5054,False,roaring-node,SalvatorePreviti/roaring-node,git@github.com:SalvatorePreviti/roaring-node.git,136
MDEwOlJlcG9zaXRvcnkxMzIwNDM0ODE=,2018-05-03T20:00:01Z,2026-05-05T03:09:59Z,2026-05-04T21:34:20Z,46856,True,Vulkan-Tools,KhronosGroup/Vulkan-Tools,git@github.com:KhronosGroup/Vulkan-Tools.git,464
MDEwOlJlcG9zaXRvcnkxMzIwNDM0NTE=,2018-05-03T19:59:43Z,2026-05-07T10:50:01Z,2026-05-07T10:49:57Z,239746,True,Vulkan-ValidationLayers,KhronosGroup/Vulkan-ValidationLayers,git@github.com:KhronosGroup/Vulkan-ValidationLayers.git,993
MDEwOlJlcG9zaXRvcnkxMzIwNDMzOTM=,2018-05-03T19:59:08Z,2026-05-05T20:15:29Z,2026-05-04T15:33:03Z,83780,True,Vulkan-Headers,KhronosGroup/Vulkan-Headers,git@github.com:KhronosGroup/Vulkan-Headers.git,1036
MDEwOlJlcG9zaXRvcnkxMzIwNDI2ODI=,2018-05-03T19:51:15Z,2026-03-27T19:41:03Z,2026-05-02T22:54:44Z,4809,True,LvArray,GEOS-DEV/LvArray,git@github.com:GEOS-DEV/LvArray.git,49
MDEwOlJlcG9zaXRvcnkxMzIwNDA5MDc=,2018-05-03T19:31:42Z,2026-04-24T08:36:30Z,2026-04-15T23:43:46Z,738,True,SPARTA,facebook/SPARTA,org-69631@github.com:facebook/SPARTA.git,668
MDEwOlJlcG9zaXRvcnkxMzIwNDA0NTM=,2018-05-03T19:27:00Z,2026-05-06T06:56:53Z,2026-04-27T13:49:01Z,797,False,spy,jfalcou/spy,git@github.com:jfalcou/spy.git,161
MDEwOlJlcG9zaXRvcnkxMzIwMzE5MzU=,2018-05-03T18:02:32Z,2026-03-09T15:22:27Z,2026-03-09T15:22:18Z,1487,False,Shoot,smt005/Shoot,git@github.com:smt005/Shoot.git,0
MDEwOlJlcG9zaXRvcnkxMzIwMjMwMTk=,2018-05-03T16:36:58Z,2026-05-05T17:14:38Z,2026-05-05T17:14:33Z,35,False,Problems,ShineShuai/Problems,git@github.com:ShineShuai/Problems.git,0
MDEwOlJlcG9zaXRvcnkxMzIwMTcwNjA=,2018-05-03T15:45:14Z,2026-05-05T08:35:32Z,2026-04-09T19:36:29Z,12585,False,WatchFlower,emericg/WatchFlower,git@github.com:emericg/WatchFlower.git,228
MDEwOlJlcG9zaXRvcnkxMzE5OTQyMDc=,2018-05-03T12:48:57Z,2026-03-08T07:48:05Z,2026-03-08T07:48:02Z,28385,False,posix-bsp-perf,zczjx/posix-bsp-perf,git@github.com:zczjx/posix-bsp-perf.git,20
MDEwOlJlcG9zaXRvcnkxMzE5Njk2Nzc=,2018-05-03T09:05:46Z,2026-03-08T21:21:24Z,2026-03-08T21:21:21Z,79329,True,cwipc_realsense2,cwi-dis/cwipc_realsense2,git@github.com:cwi-dis/cwipc_realsense2.git,1
MDEwOlJlcG9zaXRvcnkxMzE5NTQwNDg=,2018-05-03T06:53:30Z,2026-05-06T16:28:43Z,2026-05-06T16:30:23Z,231061,True,phasar,secure-software-engineering/phasar,git@github.com:secure-software-engineering/phasar.git,1040
MDEwOlJlcG9zaXRvcnkxMzE5NDk2MjQ=,2018-05-03T06:11:03Z,2026-04-10T08:50:13Z,2026-04-10T08:50:09Z,283,False,TinySMMS,fenglimin/TinySMMS,git@github.com:fenglimin/TinySMMS.git,0
MDEwOlJlcG9zaXRvcnkxMzE4NzU1MTc=,2018-05-02T16:08:45Z,2026-03-09T16:13:32Z,2026-03-09T16:13:24Z,1777,False,kmer_id,mmammel8/kmer_id,git@github.com:mmammel8/kmer_id.git,0
MDEwOlJlcG9zaXRvcnkxMzE4Njc1MDM=,2018-05-02T15:05:04Z,2026-04-24T09:25:16Z,2026-04-24T09:25:12Z,4002,True,htd,TU-Wien-DBAI/htd,git@github.com:TU-Wien-DBAI/htd.git,3
MDEwOlJlcG9zaXRvcnkxMzE4NjcyNzg=,2018-05-02T15:03:23Z,2026-04-05T17:55:37Z,2026-04-13T09:45:03Z,40034,False,rcbe_engine,Sckorn/rcbe_engine,git@github.com:Sckorn/rcbe_engine.git,0
MDEwOlJlcG9zaXRvcnkxMzE4NjIyOTI=,2018-05-02T14:26:05Z,2026-03-13T20:58:12Z,2026-03-13T20:58:09Z,330,False,data_structure_sandbox,willydlw/data_structure_sandbox,git@github.com:willydlw/data_structure_sandbox.git,1
MDEwOlJlcG9zaXRvcnkxMzE4MjQxMjk=,2018-05-02T08:52:22Z,2026-03-23T15:49:23Z,2026-04-21T15:46:05Z,13314,True,libqasm,QuTech-Delft/libqasm,git@github.com:QuTech-Delft/libqasm.git,23
MDEwOlJlcG9zaXRvcnkxMzE4MTA1Nzg=,2018-05-02T06:54:50Z,2026-05-07T02:34:18Z,2026-05-07T08:57:27Z,520642,True,GEOS,GEOS-DEV/GEOS,git@github.com:GEOS-DEV/GEOS.git,265
MDEwOlJlcG9zaXRvcnkxMzE3NjI2ODQ=,2018-05-01T21:00:57Z,2026-04-18T16:08:29Z,2026-04-18T16:08:26Z,16268,False,monopp,unravel-dev/monopp,git@github.com:unravel-dev/monopp.git,2
MDEwOlJlcG9zaXRvcnkxMzE3NDE3NDM=,2018-05-01T17:23:36Z,2026-04-01T09:35:04Z,2026-04-01T09:34:59Z,122,False,node-simdb,NickNaso/node-simdb,git@github.com:NickNaso/node-simdb.git,3
MDEwOlJlcG9zaXRvcnkxMzE2OTc5MjI=,2018-05-01T09:49:51Z,2026-04-02T14:04:57Z,2026-04-02T14:08:28Z,10211,False,Arduino-BlueDisplay,ArminJo/Arduino-BlueDisplay,git@github.com:ArminJo/Arduino-BlueDisplay.git,54
MDEwOlJlcG9zaXRvcnkxMzE2ODYyMDU=,2018-05-01T07:10:19Z,2026-05-02T06:15:42Z,2026-05-02T06:15:38Z,34762,False,robat,merlanura/robat,git@github.com:merlanura/robat.git,6
MDEwOlJlcG9zaXRvcnkxMzE2MzYyNjA=,2018-04-30T19:12:26Z,2026-04-12T08:29:45Z,2026-04-12T08:29:40Z,46212,False,Noko_2,NikolaiRadke/Noko_2,git@github.com:NikolaiRadke/Noko_2.git,3
MDEwOlJlcG9zaXRvcnkxMzE2MzAyOTk=,2018-04-30T18:11:09Z,2026-05-05T00:09:23Z,2026-03-25T00:03:45Z,3092,True,onnx-tensorrt,onnx/onnx-tensorrt,git@github.com:onnx/onnx-tensorrt.git,3204
MDEwOlJlcG9zaXRvcnkxMzE2MDM2NjQ=,2018-04-30T14:09:35Z,2026-04-04T15:55:59Z,2026-04-27T19:35:16Z,613,False,cppManagedWinFormsBlackJack,NathanielACollier/cppManagedWinFormsBlackJack,git@github.com:NathanielACollier/cppManagedWinFormsBlackJack.git,0
MDEwOlJlcG9zaXRvcnkxMzE1NTU5NDI=,2018-04-30T04:34:29Z,2026-05-07T09:24:56Z,2026-04-15T19:42:13Z,3440,True,ezc3d,pyomeca/ezc3d,git@github.com:pyomeca/ezc3d.git,174
MDEwOlJlcG9zaXRvcnkxMzE1MzMzODQ=,2018-04-29T21:59:09Z,2026-04-22T12:00:20Z,2026-04-22T12:00:11Z,282126,True,fmesher,inlabru-org/fmesher,git@github.com:inlabru-org/fmesher.git,21
MDEwOlJlcG9zaXRvcnkxMzE1MTE0MTA=,2018-04-29T16:39:40Z,2026-04-29T12:32:30Z,2026-04-29T12:32:26Z,6874,False,Common,sugawara5110/Common,git@github.com:sugawara5110/Common.git,3
MDEwOlJlcG9zaXRvcnkxMzE1MTAwMTU=,2018-04-29T16:21:08Z,2026-05-06T07:06:44Z,2026-03-19T19:01:40Z,2931,False,cppinsights,andreasfertig/cppinsights,git@github.com:andreasfertig/cppinsights.git,4490
MDEwOlJlcG9zaXRvcnkxMzE1MDcwMDE=,2018-04-29T15:38:33Z,2026-04-25T20:18:56Z,2026-04-25T20:18:52Z,8531,False,CutLang,unelg/CutLang,git@github.com:unelg/CutLang.git,12
MDEwOlJlcG9zaXRvcnkxMzE0NzI5NzQ=,2018-04-29T06:57:01Z,2026-03-24T00:31:48Z,2026-03-24T00:31:44Z,78,True,magTCSsim,magao-x/magTCSsim,git@github.com:magao-x/magTCSsim.git,0
MDEwOlJlcG9zaXRvcnkxMzE0NjEwNjU=,2018-04-29T02:51:24Z,2026-05-05T01:32:57Z,2026-05-05T01:32:53Z,4990,False,ProgrameExcerise,nicyhxu/ProgrameExcerise,git@github.com:nicyhxu/ProgrameExcerise.git,0
MDEwOlJlcG9zaXRvcnkxMzE0NTY2Njg=,2018-04-29T01:25:33Z,2026-04-20T02:55:00Z,2026-04-20T02:54:56Z,302,False,bsdsensors,HenryHu/bsdsensors,git@github.com:HenryHu/bsdsensors.git,9
MDEwOlJlcG9zaXRvcnkxMzE0NDkyMjI=,2018-04-28T22:41:42Z,2026-05-07T11:40:47Z,2026-05-04T03:57:59Z,356227,True,moonlight-qt,moonlight-stream/moonlight-qt,git@github.com:moonlight-stream/moonlight-qt.git,17027
MDEwOlJlcG9zaXRvcnkxMzE0MDU5NjI=,2018-04-28T12:03:03Z,2026-04-16T14:50:20Z,2026-04-03T20:37:27Z,401,False,icpc-team-notebook-el-vasito,mhunicken/icpc-team-notebook-el-vasito,git@github.com:mhunicken/icpc-team-notebook-el-vasito.git,208
MDEwOlJlcG9zaXRvcnkxMzEzODEzMjE=,2018-04-28T06:44:22Z,2026-04-13T17:44:46Z,2026-04-13T17:44:40Z,4218,False,CCGL,crazyzlj/CCGL,git@github.com:crazyzlj/CCGL.git,3
MDEwOlJlcG9zaXRvcnkxMzEzNDU4NTU=,2018-04-27T21:18:51Z,2026-05-07T09:08:08Z,2026-05-03T14:36:17Z,14166,True,libremidi,celtera/libremidi,git@github.com:celtera/libremidi.git,680
MDEwOlJlcG9zaXRvcnkxMzEzMzQ3MTc=,2018-04-27T19:01:53Z,2026-05-04T03:04:59Z,2026-05-02T08:04:56Z,65573,True,yacreader,YACReader/yacreader,git@github.com:YACReader/yacreader.git,1259
MDEwOlJlcG9zaXRvcnkxMzEzMjkzODc=,2018-04-27T18:03:14Z,2026-04-28T09:12:02Z,2026-04-28T09:11:58Z,32705,True,trevosim,palaeoware/trevosim,git@github.com:palaeoware/trevosim.git,7
MDEwOlJlcG9zaXRvcnkxMzEzMjYxMzg=,2018-04-27T17:27:52Z,2026-03-09T17:35:13Z,2026-03-09T17:35:09Z,1196,False,HDRTools,jpsdr/HDRTools,git@github.com:jpsdr/HDRTools.git,54
MDEwOlJlcG9zaXRvcnkxMzEzMDE4MTg=,2018-04-27T13:43:37Z,2026-04-11T19:49:47Z,2026-04-11T19:49:43Z,325,False,lensquest,doicbek/lensquest,git@github.com:doicbek/lensquest.git,9
MDEwOlJlcG9zaXRvcnkxMzEyODg0ODE=,2018-04-27T11:36:34Z,2026-04-04T03:02:09Z,2026-04-04T03:02:06Z,145911,False,LIT-Yr4-PlatformGameDevelopment,joeaoregan/LIT-Yr4-PlatformGameDevelopment,git@github.com:joeaoregan/LIT-Yr4-PlatformGameDevelopment.git,2
MDEwOlJlcG9zaXRvcnkxMzEyODY0OTQ=,2018-04-27T11:14:36Z,2026-05-07T02:05:28Z,2026-05-02T08:04:41Z,114132,False,flycast,flyinghead/flycast,git@github.com:flyinghead/flycast.git,2293
MDEwOlJlcG9zaXRvcnkxMzEyODE2MTM=,2018-04-27T10:22:07Z,2026-05-07T00:45:40Z,2026-05-07T10:41:54Z,186098,True,itinerary,KDE/itinerary,git@github.com:KDE/itinerary.git,59
MDEwOlJlcG9zaXRvcnkxMzEyNDc0MTU=,2018-04-27T04:58:02Z,2026-04-12T02:59:41Z,2026-04-12T02:59:32Z,240,False,atcoder,tomon9086/atcoder,git@github.com:tomon9086/atcoder.git,0
MDEwOlJlcG9zaXRvcnkxMzEyMzY5Mzg=,2018-04-27T02:49:26Z,2026-05-07T10:17:46Z,2026-05-07T10:52:43Z,6390,True,drogon,drogonframework/drogon,git@github.com:drogonframework/drogon.git,13849
MDEwOlJlcG9zaXRvcnkxMzEyMDM5MzQ=,2018-04-26T19:54:25Z,2026-04-12T11:48:01Z,2026-04-12T11:47:53Z,4058,False,fisk,Andersbakken/fisk,git@github.com:Andersbakken/fisk.git,6
MDEwOlJlcG9zaXRvcnkxMzExOTIwOTg=,2018-04-26T17:55:17Z,2026-04-29T20:44:42Z,2026-04-30T22:19:31Z,37742,False,aide,mrpilot2/aide,git@github.com:mrpilot2/aide.git,0
MDEwOlJlcG9zaXRvcnkxMzExNzY2Mzg=,2018-04-26T15:35:24Z,2026-04-30T23:05:54Z,2026-04-30T23:06:19Z,65,True,zera-resource-viewer,ZeraGmbH/zera-resource-viewer,git@github.com:ZeraGmbH/zera-resource-viewer.git,0
MDEwOlJlcG9zaXRvcnkxMzExNTgzODI=,2018-04-26T13:17:08Z,2026-05-02T12:29:26Z,2026-05-02T12:29:22Z,4410,True,zera-scpi,ZeraGmbH/zera-scpi,git@github.com:ZeraGmbH/zera-scpi.git,4
MDEwOlJlcG9zaXRvcnkxMzExNTcxMDM=,2018-04-26T13:07:00Z,2026-05-06T19:57:42Z,2026-05-07T08:02:14Z,14875,True,zera-classes,ZeraGmbH/zera-classes,git@github.com:ZeraGmbH/zera-classes.git,2
MDEwOlJlcG9zaXRvcnkxMzExNDk4Mzg=,2018-04-26T12:06:08Z,2026-04-21T23:36:50Z,2026-04-21T23:36:46Z,806,True,vf-logger,ZeraGmbH/vf-logger,git@github.com:ZeraGmbH/vf-logger.git,0
MDEwOlJlcG9zaXRvcnkxMzExMjM5MDg=,2018-04-26T08:24:13Z,2026-05-04T05:25:08Z,2026-05-04T05:25:02Z,17326,False,CPPUAL,insidious-src/CPPUAL,git@github.com:insidious-src/CPPUAL.git,4
MDEwOlJlcG9zaXRvcnkxMzEwNDUyOTc=,2018-04-25T18:05:30Z,2026-03-16T19:40:54Z,2026-03-31T09:26:15Z,345,False,3DFluid,rgoldade/3DFluid,git@github.com:rgoldade/3DFluid.git,5
MDEwOlJlcG9zaXRvcnkxMzEwMzc1NjY=,2018-04-25T16:54:16Z,2026-03-27T22:03:37Z,2026-03-27T22:03:34Z,2709,False,Qt-RBF-function-approximation,jluiscg/Qt-RBF-function-approximation,git@github.com:jluiscg/Qt-RBF-function-approximation.git,1
MDEwOlJlcG9zaXRvcnkxMzEwMzUzMzc=,2018-04-25T16:34:29Z,2026-05-06T19:11:31Z,2026-05-06T19:11:27Z,9845,True,ROCmValidationSuite,ROCm/ROCmValidationSuite,git@github.com:ROCm/ROCmValidationSuite.git,101
MDEwOlJlcG9zaXRvcnkxMzEwMDE0NDg=,2018-04-25T12:15:49Z,2026-05-06T08:45:39Z,2026-05-06T08:45:34Z,26995,True,mockturtle,lsils/mockturtle,git@github.com:lsils/mockturtle.git,290
MDEwOlJlcG9zaXRvcnkxMzA5OTkxNTA=,2018-04-25T11:54:48Z,2026-05-07T08:14:51Z,2026-05-04T22:22:37Z,44979,False,competitive-programming,dmkz/competitive-programming,git@github.com:dmkz/competitive-programming.git,52
MDEwOlJlcG9zaXRvcnkxMzA5NjA3MTc=,2018-04-25T06:28:37Z,2026-04-28T02:29:28Z,2026-04-02T02:25:08Z,944,True,CubismNativeFramework,Live2D/CubismNativeFramework,git@github.com:Live2D/CubismNativeFramework.git,253
MDEwOlJlcG9zaXRvcnkxMzA5MTY4OTI=,2018-04-24T21:41:11Z,2026-04-13T16:31:58Z,2026-04-13T16:24:36Z,13083,False,Real-Time-Vending-System-Simulation,alexops-dev/Real-Time-Vending-System-Simulation,git@github.com:alexops-dev/Real-Time-Vending-System-Simulation.git,3
MDEwOlJlcG9zaXRvcnkxMzA4NzcxNjg=,2018-04-24T15:38:51Z,2026-04-20T20:18:54Z,2026-04-20T20:18:50Z,653,False,misulib,misuco/misulib,git@github.com:misuco/misulib.git,1
MDEwOlJlcG9zaXRvcnkxMzA4MjQ0NjE=,2018-04-24T08:48:41Z,2026-04-17T06:14:33Z,2026-04-17T06:14:29Z,2828,False,finance_cluster,Everett6802/finance_cluster,git@github.com:Everett6802/finance_cluster.git,0
MDEwOlJlcG9zaXRvcnkxMzA4MjM2NDc=,2018-04-24T08:42:24Z,2026-04-15T09:22:22Z,2026-04-15T09:22:18Z,4851,True,VieClus,KaHIP/VieClus,git@github.com:KaHIP/VieClus.git,17
MDEwOlJlcG9zaXRvcnkxMzA4MDc2OTI=,2018-04-24T06:37:05Z,2026-03-19T14:45:41Z,2026-03-19T14:45:17Z,69404,True,WebServer,ToolDAQ/WebServer,git@github.com:ToolDAQ/WebServer.git,2
MDEwOlJlcG9zaXRvcnkxMzA3OTYyMjg=,2018-04-24T04:30:00Z,2026-05-04T03:54:35Z,2026-05-04T03:54:31Z,69,False,DST_RTC,andydoro/DST_RTC,git@github.com:andydoro/DST_RTC.git,15
MDEwOlJlcG9zaXRvcnkxMzA3NTQ5NzY=,2018-04-23T20:49:02Z,2026-04-30T11:15:50Z,2026-04-30T11:15:45Z,22464,True,pdfix_sdk_example_cpp,pdfix/pdfix_sdk_example_cpp,git@github.com:pdfix/pdfix_sdk_example_cpp.git,19
MDEwOlJlcG9zaXRvcnkxMzA3NTQ1Nzk=,2018-04-23T20:44:49Z,2026-05-05T02:30:38Z,2026-05-07T05:14:07Z,121534,True,livehd,masc-ucsc/livehd,git@github.com:masc-ucsc/livehd.git,236
MDEwOlJlcG9zaXRvcnkxMzA3MjkwNzk=,2018-04-23T17:00:04Z,2026-04-23T09:12:57Z,2026-04-21T11:48:29Z,103847,True,Amulet-Core,Amulet-Team/Amulet-Core,git@github.com:Amulet-Team/Amulet-Core.git,242
MDEwOlJlcG9zaXRvcnkxMzA3MTgwMzE=,2018-04-23T15:29:10Z,2026-05-07T07:27:30Z,2026-05-07T07:52:03Z,176623,True,AMDMIGraphX,ROCm/AMDMIGraphX,git@github.com:ROCm/AMDMIGraphX.git,299
MDEwOlJlcG9zaXRvcnkxMzA2NzYwODc=,2018-04-23T09:54:26Z,2026-05-07T11:30:28Z,2026-05-07T11:30:24Z,12674,False,lyrtube-cli,janachure/lyrtube-cli,git@github.com:janachure/lyrtube-cli.git,1
MDEwOlJlcG9zaXRvcnkxMzA2NjYxNTQ=,2018-04-23T08:37:41Z,2026-05-01T18:00:19Z,2026-05-01T18:00:12Z,199915,True,range-fea,Range-Software/range-fea,git@github.com:Range-Software/range-fea.git,45
MDEwOlJlcG9zaXRvcnkxMzA2NjU0NjM=,2018-04-23T08:32:28Z,2026-04-29T05:58:03Z,2026-04-29T05:58:00Z,199,False,ArchBenchSuite,alheinecke/ArchBenchSuite,git@github.com:alheinecke/ArchBenchSuite.git,10
MDEwOlJlcG9zaXRvcnkxMzA1NzY4NTc=,2018-04-22T14:46:15Z,2026-03-15T03:46:43Z,2026-03-15T03:46:34Z,6002,False,consensus-rs,laohanlinux/consensus-rs,git@github.com:laohanlinux/consensus-rs.git,18
MDEwOlJlcG9zaXRvcnkxMzA1MjEyOTY=,2018-04-22T00:07:45Z,2026-03-29T11:51:22Z,2026-03-29T11:51:19Z,863,False,ApacheClose,slidertom/ApacheClose,git@github.com:slidertom/ApacheClose.git,3
MDEwOlJlcG9zaXRvcnkxMzA1MTQ0MDI=,2018-04-21T21:47:48Z,2026-04-01T19:39:07Z,2026-04-01T19:39:01Z,80,False,algorithms-in-haskell,tknawara/algorithms-in-haskell,git@github.com:tknawara/algorithms-in-haskell.git,0
MDEwOlJlcG9zaXRvcnkxMzA1MTQzOTM=,2018-04-21T21:47:38Z,2026-03-31T16:58:53Z,2026-03-31T16:58:49Z,782,True,CouchBot,RIT-MDRC/CouchBot,git@github.com:RIT-MDRC/CouchBot.git,1
MDEwOlJlcG9zaXRvcnkxMzA0NzQzODU=,2018-04-21T13:05:20Z,2026-04-20T10:59:19Z,2026-04-20T10:59:13Z,860940,True,UnderstandingUnity,GP101/UnderstandingUnity,git@github.com:GP101/UnderstandingUnity.git,31
MDEwOlJlcG9zaXRvcnkxMzA0NDc0MDg=,2018-04-21T06:41:03Z,2026-03-21T09:47:21Z,2026-03-21T09:47:18Z,8,False,S-B-Bot,kamal20122012/S-B-Bot,git@github.com:kamal20122012/S-B-Bot.git,0
MDEwOlJlcG9zaXRvcnkxMzA0MjQ2MzA=,2018-04-21T00:07:15Z,2026-04-30T12:11:58Z,2026-05-01T20:30:26Z,230,False,AVO2,snape/AVO2,git@github.com:snape/AVO2.git,73
MDEwOlJlcG9zaXRvcnkxMzAzNjMzMzY=,2018-04-20T13:06:55Z,2026-05-01T18:04:50Z,2026-05-01T18:04:45Z,16653,False,MSG,Gpinchon/MSG,git@github.com:Gpinchon/MSG.git,16
MDEwOlJlcG9zaXRvcnkxMzAzNTM0Njc=,2018-04-20T11:31:33Z,2026-04-23T19:39:58Z,2026-04-23T19:39:53Z,5475,False,aether,alesegdia/aether,git@github.com:alesegdia/aether.git,0
MDEwOlJlcG9zaXRvcnkxMzAzMzkyMzM=,2018-04-20T09:16:39Z,2026-04-23T07:28:55Z,2026-03-10T16:36:35Z,1064,True,Jinja2Cpp,jinja2cpp/Jinja2Cpp,git@github.com:jinja2cpp/Jinja2Cpp.git,583
MDEwOlJlcG9zaXRvcnkxMzAzMjc5ODE=,2018-04-20T07:45:39Z,2026-04-01T17:54:54Z,2026-04-01T17:54:50Z,108,False,CinematicLaserHarp,scentelles/CinematicLaserHarp,git@github.com:scentelles/CinematicLaserHarp.git,0
MDEwOlJlcG9zaXRvcnkxMzAzMDQ1OTE=,2018-04-20T03:36:44Z,2026-03-22T08:13:36Z,2026-03-22T08:13:41Z,57875,False,mint,pletzer/mint,git@github.com:pletzer/mint.git,10
MDEwOlJlcG9zaXRvcnkxMzAyNTQ5ODI=,2018-04-19T18:15:32Z,2026-04-14T01:44:09Z,2026-03-06T08:35:32Z,1653,False,FixPointCS,XMunkki/FixPointCS,git@github.com:XMunkki/FixPointCS.git,351
MDEwOlJlcG9zaXRvcnkxMzAyMzkxNDA=,2018-04-19T15:50:38Z,2026-04-01T12:21:35Z,2026-04-01T12:21:30Z,1086,False,bindash,zhaoxiaofei/bindash,git@github.com:zhaoxiaofei/bindash.git,74
MDEwOlJlcG9zaXRvcnkxMzAyMDAxNDI=,2018-04-19T10:37:17Z,2026-03-31T10:58:05Z,2026-03-31T10:58:01Z,575117,True,cgm-scanner,Welthungerhilfe/cgm-scanner,git@github.com:Welthungerhilfe/cgm-scanner.git,26
MDEwOlJlcG9zaXRvcnkxMzAxMDQ5MTM=,2018-04-18T18:24:51Z,2026-04-12T20:33:44Z,2026-04-12T20:33:36Z,593,False,ArduinoTools,simondlevy/ArduinoTools,git@github.com:simondlevy/ArduinoTools.git,4
MDEwOlJlcG9zaXRvcnkxMzAwNjg5ODI=,2018-04-18T13:45:30Z,2026-05-06T05:47:37Z,2026-05-03T19:06:01Z,162139,True,taskflow,taskflow/taskflow,git@github.com:taskflow/taskflow.git,11946
MDEwOlJlcG9zaXRvcnkxMjk5MTgwNzA=,2018-04-17T14:34:43Z,2026-05-05T12:15:04Z,2026-05-05T12:14:57Z,15,False,Facit4070arduino,RichardShipman/Facit4070arduino,git@github.com:RichardShipman/Facit4070arduino.git,4
MDEwOlJlcG9zaXRvcnkxMjk4ODY4ODk=,2018-04-17T10:22:16Z,2026-05-04T06:52:23Z,2026-05-04T06:52:19Z,285,False,msg_dumper,Everett6802/msg_dumper,git@github.com:Everett6802/msg_dumper.git,0
MDEwOlJlcG9zaXRvcnkxMjk4ODM2NTk=,2018-04-17T09:55:23Z,2026-05-07T06:38:40Z,2026-05-07T06:38:35Z,1142833,True,graaljs,oracle/graaljs,git@github.com:oracle/graaljs.git,2000
MDEwOlJlcG9zaXRvcnkxMjk4NjYzNTU=,2018-04-17T07:44:27Z,2026-04-08T01:42:04Z,2026-04-07T05:00:28Z,5077,False,nwnexplorer,virusman/nwnexplorer,git@github.com:virusman/nwnexplorer.git,31
MDEwOlJlcG9zaXRvcnkxMjk4MjY5MzM=,2018-04-17T01:19:52Z,2026-05-07T01:05:04Z,2026-05-07T01:05:49Z,27173,True,gazelle-installer,gazelle-installer/gazelle-installer,git@github.com:gazelle-installer/gazelle-installer.git,10
MDEwOlJlcG9zaXRvcnkxMjk3OTcyMTI=,2018-04-16T19:49:13Z,2026-03-04T07:36:22Z,2026-03-04T07:51:33Z,3499,True,KLFitter,KLFitter/KLFitter,git@github.com:KLFitter/KLFitter.git,10
MDEwOlJlcG9zaXRvcnkxMjk3OTUyMTQ=,2018-04-16T19:30:48Z,2026-03-01T16:24:47Z,2026-03-01T16:24:43Z,703,False,juce_timeline,benkuper/juce_timeline,git@github.com:benkuper/juce_timeline.git,11
MDEwOlJlcG9zaXRvcnkxMjk3NzIyNzk=,2018-04-16T16:17:11Z,2026-04-25T14:52:13Z,2026-05-06T22:20:48Z,20743,True,rocSPARSE,ROCm/rocSPARSE,git@github.com:ROCm/rocSPARSE.git,135
MDEwOlJlcG9zaXRvcnkxMjk2ODkyNzY=,2018-04-16T05:29:53Z,2026-04-11T05:56:09Z,2026-04-11T05:56:05Z,68,False,study,w990752800/study,git@github.com:w990752800/study.git,0
MDEwOlJlcG9zaXRvcnkxMjk2NzEwMzQ=,2018-04-16T02:03:56Z,2026-04-23T11:04:53Z,2026-03-07T15:44:31Z,23075,True,RALibretro,RetroAchievements/RALibretro,git@github.com:RetroAchievements/RALibretro.git,242
MDEwOlJlcG9zaXRvcnkxMjk2MDM4NDg=,2018-04-15T11:33:17Z,2026-05-04T13:17:03Z,2026-05-04T13:16:56Z,8848,True,RAIntegration,RetroAchievements/RAIntegration,git@github.com:RetroAchievements/RAIntegration.git,116
MDEwOlJlcG9zaXRvcnkxMjk1OTAyNTM=,2018-04-15T08:15:49Z,2026-03-27T05:31:53Z,2026-03-27T05:31:49Z,68,False,hiderun,ambiesoft/hiderun,git@github.com:ambiesoft/hiderun.git,3
MDEwOlJlcG9zaXRvcnkxMjk1NDE4ODE=,2018-04-14T18:04:02Z,2026-04-02T06:53:34Z,2026-04-02T06:53:29Z,2884,True,batmon_reader,rotoye/batmon_reader,git@github.com:rotoye/batmon_reader.git,24
MDEwOlJlcG9zaXRvcnkxMjk1NDEzNjQ=,2018-04-14T17:57:22Z,2026-05-07T07:43:02Z,2026-04-02T20:46:15Z,43673,True,MassEffectModder,MassEffectModder/MassEffectModder,git@github.com:MassEffectModder/MassEffectModder.git,101
MDEwOlJlcG9zaXRvcnkxMjk1MzAyOTk=,2018-04-14T15:36:41Z,2026-05-06T14:12:58Z,2026-04-29T13:16:15Z,43589,False,vision-inference,olibartfast/vision-inference,git@github.com:olibartfast/vision-inference.git,99
MDEwOlJlcG9zaXRvcnkxMjk0NDM0MTM=,2018-04-13T19:10:32Z,2026-04-23T20:01:03Z,2026-05-06T21:35:31Z,1120,True,atlas-system-agent,Netflix-Skunkworks/atlas-system-agent,git@github.com:Netflix-Skunkworks/atlas-system-agent.git,5
MDEwOlJlcG9zaXRvcnkxMjk0MjE0MzA=,2018-04-13T15:32:53Z,2026-03-24T14:02:37Z,2026-03-24T14:02:15Z,13206,True,pebbl,PEBBL/pebbl,git@github.com:PEBBL/pebbl.git,7
MDEwOlJlcG9zaXRvcnkxMjkzNTg4NTE=,2018-04-13T06:31:44Z,2026-05-05T19:50:28Z,2026-05-05T19:50:24Z,100110,False,ClogAmpSwift,lunk22/ClogAmpSwift,git@github.com:lunk22/ClogAmpSwift.git,0
MDEwOlJlcG9zaXRvcnkxMjkzNTQ4MDc=,2018-04-13T05:58:11Z,2026-04-26T09:00:50Z,2026-04-26T09:00:46Z,30708,False,aoi,lolyu/aoi,git@github.com:lolyu/aoi.git,2
MDEwOlJlcG9zaXRvcnkxMjkzMjc3MjI=,2018-04-13T00:53:26Z,2026-05-06T09:01:17Z,2026-05-06T09:01:13Z,20851,False,trading_system,viviwu/trading_system,git@github.com:viviwu/trading_system.git,0
MDEwOlJlcG9zaXRvcnkxMjkzMjAyNTc=,2018-04-12T23:01:38Z,2026-03-03T11:28:37Z,2026-03-03T11:28:34Z,6,False,PushingBoxGoogleSpreadsheet,marloft/PushingBoxGoogleSpreadsheet,git@github.com:marloft/PushingBoxGoogleSpreadsheet.git,0
MDEwOlJlcG9zaXRvcnkxMjkzMTQ5NjQ=,2018-04-12T21:51:22Z,2026-04-06T14:28:42Z,2026-04-11T18:05:36Z,5289,False,YAR,kennyalive/YAR,git@github.com:kennyalive/YAR.git,5
MDEwOlJlcG9zaXRvcnkxMjkyNzg3Njg=,2018-04-12T16:13:08Z,2026-03-24T06:55:24Z,2026-03-24T06:55:19Z,122028,False,Collections,AlphaGoMK/Collections,git@github.com:AlphaGoMK/Collections.git,0
MDEwOlJlcG9zaXRvcnkxMjkyNzE3ODU=,2018-04-12T15:22:18Z,2026-05-05T18:09:31Z,2026-05-05T18:09:27Z,1122,False,Coding-practice,Rawkush/Coding-practice,git@github.com:Rawkush/Coding-practice.git,4
MDEwOlJlcG9zaXRvcnkxMjkxMzIwODc=,2018-04-11T17:44:37Z,2026-05-03T12:51:55Z,2026-04-16T12:40:42Z,3056,True,FactionsExtension,PipeRift/FactionsExtension,git@github.com:PipeRift/FactionsExtension.git,89
MDEwOlJlcG9zaXRvcnkxMjkwOTU0Nzk=,2018-04-11T13:09:35Z,2026-03-13T11:01:18Z,2026-03-13T11:01:13Z,34521,False,r3d,ryanw3bb/r3d,git@github.com:ryanw3bb/r3d.git,3
MDEwOlJlcG9zaXRvcnkxMjkwMzkyMDY=,2018-04-11T05:31:29Z,2026-05-06T06:47:56Z,2026-05-06T06:47:53Z,418,True,phosphor-snmp,openbmc/phosphor-snmp,git@github.com:openbmc/phosphor-snmp.git,2
MDEwOlJlcG9zaXRvcnkxMjkwMDQwMTI=,2018-04-10T22:53:56Z,2026-03-17T11:01:20Z,2026-03-17T11:01:25Z,478,True,FairLogger,FairRootGroup/FairLogger,git@github.com:FairRootGroup/FairLogger.git,17
MDEwOlJlcG9zaXRvcnkxMjg5ODM2MzE=,2018-04-10T19:17:06Z,2026-03-16T17:38:02Z,2026-04-13T05:00:38Z,28673,False,phlawd,jonchang/phlawd,git@github.com:jonchang/phlawd.git,0
MDEwOlJlcG9zaXRvcnkxMjg5NDQ4MTQ=,2018-04-10T14:18:08Z,2026-03-27T09:56:13Z,2026-03-27T09:56:10Z,1782,True,sctrltp,electronicvisions/sctrltp,git@github.com:electronicvisions/sctrltp.git,0
MDEwOlJlcG9zaXRvcnkxMjg4Nzc3Njk=,2018-04-10T05:21:13Z,2026-05-06T02:56:24Z,2026-05-06T02:56:20Z,16799,False,mathmod,parisolab/mathmod,git@github.com:parisolab/mathmod.git,128
MDEwOlJlcG9zaXRvcnkxMjg4NTYzMTU=,2018-04-10T01:40:32Z,2026-04-20T06:59:00Z,2026-04-20T06:58:56Z,7311,False,LeetCode,faterazer/LeetCode,git@github.com:faterazer/LeetCode.git,3
MDEwOlJlcG9zaXRvcnkxMjg4NDI3MTA=,2018-04-09T22:49:15Z,2026-05-06T23:35:40Z,2026-05-06T23:35:36Z,24800,True,mvfst,facebook/mvfst,org-69631@github.com:facebook/mvfst.git,1641
MDEwOlJlcG9zaXRvcnkxMjg4MzEzOTM=,2018-04-09T20:42:53Z,2026-03-10T03:20:27Z,2026-03-10T03:20:22Z,1288,True,commons,viaduck/commons,git@github.com:viaduck/commons.git,3
MDEwOlJlcG9zaXRvcnkxMjg4MjUyMzU=,2018-04-09T19:46:50Z,2026-04-28T06:34:44Z,2026-04-28T01:21:02Z,104244,True,gsdk,PlayFab/gsdk,git@github.com:PlayFab/gsdk.git,169
MDEwOlJlcG9zaXRvcnkxMjg4MjM2MDI=,2018-04-09T19:32:11Z,2026-03-27T00:33:28Z,2026-03-27T00:33:24Z,29827,True,shapemapper2,Weeks-UNC/shapemapper2,git@github.com:Weeks-UNC/shapemapper2.git,42
MDEwOlJlcG9zaXRvcnkxMjg4MTg0NTk=,2018-04-09T18:44:58Z,2026-04-30T08:59:40Z,2026-04-19T19:57:26Z,326,False,stl_reader,sreiter/stl_reader,git@github.com:sreiter/stl_reader.git,138
MDEwOlJlcG9zaXRvcnkxMjg4MTgzNzM=,2018-04-09T18:44:14Z,2026-04-01T08:25:38Z,2026-04-01T08:25:34Z,31618,True,singularity-dockerfiles,unlhcc/singularity-dockerfiles,git@github.com:unlhcc/singularity-dockerfiles.git,8
MDEwOlJlcG9zaXRvcnkxMjg3NzE3MDA=,2018-04-09T12:56:06Z,2026-04-01T12:48:31Z,2026-04-01T12:48:27Z,357,False,MCL,gavin-blakeman/MCL,git@github.com:gavin-blakeman/MCL.git,0
MDEwOlJlcG9zaXRvcnkxMjg3NzE2NzY=,2018-04-09T12:55:53Z,2026-04-01T12:47:38Z,2026-04-01T12:47:33Z,649,False,GCL,gavin-blakeman/GCL,git@github.com:gavin-blakeman/GCL.git,0
MDEwOlJlcG9zaXRvcnkxMjg3MTE5MjY=,2018-04-09T03:54:59Z,2026-05-03T06:40:45Z,2026-05-03T06:40:41Z,129,False,FastPokerHandEval,lshamis/FastPokerHandEval,git@github.com:lshamis/FastPokerHandEval.git,0
MDEwOlJlcG9zaXRvcnkxMjg2ODk3NTM=,2018-04-08T23:16:34Z,2026-05-07T07:25:17Z,2026-05-07T07:25:12Z,736461,False,3DWorld,fegennari/3DWorld,git@github.com:fegennari/3DWorld.git,1379
MDEwOlJlcG9zaXRvcnkxMjg2ODk1ODg=,2018-04-08T23:13:50Z,2026-05-07T10:14:03Z,2026-04-13T16:59:22Z,150657,True,fceux,TASEmulators/fceux,git@github.com:TASEmulators/fceux.git,1482
MDEwOlJlcG9zaXRvcnkxMjg2ODI3Nzg=,2018-04-08T21:19:01Z,2026-04-30T10:10:03Z,2026-04-30T10:09:59Z,22621,False,harbour-amazfish,piggz/harbour-amazfish,git@github.com:piggz/harbour-amazfish.git,131
MDEwOlJlcG9zaXRvcnkxMjg2NDIyNTQ=,2018-04-08T13:07:42Z,2026-05-01T20:23:10Z,2026-05-01T20:23:05Z,7803,False,mapsoft2,slazav/mapsoft2,git@github.com:slazav/mapsoft2.git,7
MDEwOlJlcG9zaXRvcnkxMjg2MjMzNjI=,2018-04-08T09:20:27Z,2026-04-03T02:38:02Z,2026-04-03T02:37:57Z,67,False,word_count_new,DLLSTART/word_count_new,git@github.com:DLLSTART/word_count_new.git,0
MDEwOlJlcG9zaXRvcnkxMjg1NDI0Nzg=,2018-04-07T15:35:53Z,2026-04-29T14:37:52Z,2026-04-29T14:32:33Z,110324,True,mCRL2,mCRL2org/mCRL2,git@github.com:mCRL2org/mCRL2.git,111
MDEwOlJlcG9zaXRvcnkxMjg1NDAzNzI=,2018-04-07T15:13:29Z,2026-05-05T06:19:44Z,2026-05-07T08:53:34Z,4162,False,libyuv-android,crow-misia/libyuv-android,git@github.com:crow-misia/libyuv-android.git,139
MDEwOlJlcG9zaXRvcnkxMjg1MjM2NDk=,2018-04-07T11:51:06Z,2026-03-29T14:24:16Z,2026-03-29T14:29:39Z,3444,False,ESP-Gaszaehler-GZ16,elektron-bbs/ESP-Gaszaehler-GZ16,git@github.com:elektron-bbs/ESP-Gaszaehler-GZ16.git,1
MDEwOlJlcG9zaXRvcnkxMjg0ODE5NDA=,2018-04-07T00:05:38Z,2026-04-28T23:25:18Z,2026-04-02T21:20:11Z,255,True,IIS.Compression,microsoft/IIS.Compression,git@github.com:microsoft/IIS.Compression.git,91
MDEwOlJlcG9zaXRvcnkxMjg0Nzk2NDQ=,2018-04-06T23:23:25Z,2026-05-07T00:55:35Z,2026-05-07T11:24:22Z,82012,True,esphome,esphome/esphome,git@github.com:esphome/esphome.git,11036
MDEwOlJlcG9zaXRvcnkxMjg0MzA2MjE=,2018-04-06T18:06:22Z,2026-05-07T08:56:49Z,2026-05-07T05:41:35Z,699614,True,OpenTTD,OpenTTD/OpenTTD,git@github.com:OpenTTD/OpenTTD.git,7840
MDEwOlJlcG9zaXRvcnkxMjg0MjkxMDU=,2018-04-06T17:56:03Z,2026-04-10T17:58:38Z,2026-05-06T15:34:47Z,4157,True,estdlib,malachi-iot/estdlib,git@github.com:malachi-iot/estdlib.git,84
MDEwOlJlcG9zaXRvcnkxMjgzODk4ODA=,2018-04-06T12:07:32Z,2026-05-05T13:37:35Z,2026-05-05T13:34:30Z,6201,False,test-irrlicht,jbvovau/test-irrlicht,git@github.com:jbvovau/test-irrlicht.git,0
MDEwOlJlcG9zaXRvcnkxMjgzODU5Mzc=,2018-04-06T11:26:11Z,2026-03-09T21:21:58Z,2026-03-09T21:21:53Z,109,False,leetcode,pahanela/leetcode,git@github.com:pahanela/leetcode.git,0
MDEwOlJlcG9zaXRvcnkxMjgzNjE3NTc=,2018-04-06T07:10:48Z,2026-04-09T15:22:44Z,2026-03-02T04:25:22Z,2539,False,Pepper,jovibor/Pepper,git@github.com:jovibor/Pepper.git,178
MDEwOlJlcG9zaXRvcnkxMjgzMTMyNzc=,2018-04-06T03:53:22Z,2026-04-24T02:54:06Z,2026-04-24T02:54:01Z,4603,True,RT_EQcorrscan,eqcorrscan/RT_EQcorrscan,git@github.com:eqcorrscan/RT_EQcorrscan.git,14
MDEwOlJlcG9zaXRvcnkxMjgzMDYxNDg=,2018-04-06T03:34:38Z,2026-04-29T20:39:06Z,2026-04-29T20:38:59Z,43379,False,first-engine,tspader/first-engine,git@github.com:tspader/first-engine.git,2
MDEwOlJlcG9zaXRvcnkxMjgyOTExMTc=,2018-04-06T02:47:20Z,2026-03-26T20:23:37Z,2026-03-26T20:23:32Z,703,False,DataAcq,jbeale1/DataAcq,git@github.com:jbeale1/DataAcq.git,2
MDEwOlJlcG9zaXRvcnkxMjgyODA1Nzk=,2018-04-06T00:43:49Z,2026-05-07T10:04:43Z,2026-05-07T10:12:28Z,253475,True,AutoPas,AutoPas/AutoPas,git@github.com:AutoPas/AutoPas.git,49
MDEwOlJlcG9zaXRvcnkxMjgyNzg1MDU=,2018-04-06T00:13:23Z,2026-04-03T04:45:14Z,2026-04-03T04:45:09Z,59,False,led-smart-mapper,cooperbrislain/led-smart-mapper,git@github.com:cooperbrislain/led-smart-mapper.git,4
MDEwOlJlcG9zaXRvcnkxMjgyNjQ5MDM=,2018-04-05T21:12:56Z,2026-04-15T07:59:31Z,2026-03-16T13:23:12Z,2810,True,dd-opentracing-cpp,DataDog/dd-opentracing-cpp,git@github.com:DataDog/dd-opentracing-cpp.git,41
MDEwOlJlcG9zaXRvcnkxMjgyMzI5NTM=,2018-04-05T16:22:40Z,2026-05-02T00:41:08Z,2026-03-25T11:20:47Z,15278,False,xy-VSFilter,pinterf/xy-VSFilter,git@github.com:pinterf/xy-VSFilter.git,692
MDEwOlJlcG9zaXRvcnkxMjgyMTU4OTU=,2018-04-05T14:12:25Z,2026-03-12T20:22:21Z,2026-03-12T20:22:15Z,1192,False,Extractor_Markup,dpriedel/Extractor_Markup,git@github.com:dpriedel/Extractor_Markup.git,0
MDEwOlJlcG9zaXRvcnkxMjgyMTQ1ODU=,2018-04-05T14:02:41Z,2026-05-07T09:00:39Z,2026-05-07T11:42:16Z,69989,True,dolfinx,FEniCS/dolfinx,git@github.com:FEniCS/dolfinx.git,1123
MDEwOlJlcG9zaXRvcnkxMjgxNjYzMjg=,2018-04-05T06:13:59Z,2026-04-27T22:43:55Z,2026-04-27T22:47:44Z,4495,False,rtimv,jaredmales/rtimv,git@github.com:jaredmales/rtimv.git,3
MDEwOlJlcG9zaXRvcnkxMjgwNzYyODY=,2018-04-04T14:43:10Z,2026-04-21T21:40:52Z,2026-03-20T09:02:50Z,138,False,khoca,LLewark/khoca,git@github.com:LLewark/khoca.git,7
MDEwOlJlcG9zaXRvcnkxMjgwNzI1Njc=,2018-04-04T14:17:20Z,2026-03-13T11:54:39Z,2026-03-13T11:54:35Z,47955,True,half,AnyDSL/half,git@github.com:AnyDSL/half.git,3
MDEwOlJlcG9zaXRvcnkxMjgwNTI2NDY=,2018-04-04T11:29:15Z,2026-05-04T18:21:02Z,2026-05-05T11:03:11Z,72007,True,gdl,gnudatalanguage/gdl,git@github.com:gnudatalanguage/gdl.git,308
MDEwOlJlcG9zaXRvcnkxMjc5NjQwMTA=,2018-04-03T20:19:59Z,2026-03-25T20:14:23Z,2026-03-25T20:14:17Z,6137,False,Ming3D,mlavik1/Ming3D,git@github.com:mlavik1/Ming3D.git,14
MDEwOlJlcG9zaXRvcnkxMjc5MTM0ODc=,2018-04-03T13:35:03Z,2026-05-06T23:40:49Z,2026-05-06T23:40:43Z,177163,True,code_saturne,code-saturne/code_saturne,git@github.com:code-saturne/code_saturne.git,287
MDEwOlJlcG9zaXRvcnkxMjc4ODM5MDI=,2018-04-03T09:26:06Z,2026-05-05T02:51:13Z,2026-04-17T21:34:16Z,8242,False,generalizedassignmentsolver,fontanf/generalizedassignmentsolver,git@github.com:fontanf/generalizedassignmentsolver.git,24
MDEwOlJlcG9zaXRvcnkxMjc4ODI4NjQ=,2018-04-03T09:18:36Z,2026-04-30T13:37:36Z,2026-04-30T13:36:47Z,14275,False,Cullendula,marcelpetrick/Cullendula,git@github.com:marcelpetrick/Cullendula.git,3
MDEwOlJlcG9zaXRvcnkxMjc4NjU4ODQ=,2018-04-03T07:06:24Z,2026-04-25T16:12:27Z,2026-04-25T16:15:29Z,1195,True,injectlib,pywinauto/injectlib,git@github.com:pywinauto/injectlib.git,11
MDEwOlJlcG9zaXRvcnkxMjc4MTIzNjA=,2018-04-02T21:05:11Z,2026-03-01T21:06:19Z,2026-03-01T21:06:15Z,40895,False,tehybug,gumslone/tehybug,git@github.com:gumslone/tehybug.git,28
MDEwOlJlcG9zaXRvcnkxMjc3OTkyNDk=,2018-04-02T18:58:28Z,2026-05-04T04:23:59Z,2026-05-04T15:54:07Z,46722,False,SCAMP,zpzim/SCAMP,git@github.com:zpzim/SCAMP.git,194
MDEwOlJlcG9zaXRvcnkxMjc3NjAxMTk=,2018-04-02T13:30:21Z,2026-04-28T02:18:51Z,2026-04-03T19:03:58Z,5282,False,solved_problems,roy4801/solved_problems,git@github.com:roy4801/solved_problems.git,4
MDEwOlJlcG9zaXRvcnkxMjc3NTI2Mzk=,2018-04-02T12:22:37Z,2026-04-27T23:48:24Z,2026-04-12T12:22:36Z,39710,False,mpc,izzyreal/mpc,git@github.com:izzyreal/mpc.git,94
MDEwOlJlcG9zaXRvcnkxMjc3MjM5MTU=,2018-04-02T07:54:48Z,2026-05-01T03:45:54Z,2026-04-15T08:36:43Z,213296,True,ostis-ann,ostis-apps/ostis-ann,git@github.com:ostis-apps/ostis-ann.git,4
MDEwOlJlcG9zaXRvcnkxMjc2ODQ2NTE=,2018-04-02T01:00:13Z,2026-04-30T15:38:04Z,2026-04-23T23:23:09Z,16855,False,PhaseJumpPro,coinbump/PhaseJumpPro,git@github.com:coinbump/PhaseJumpPro.git,53
MDEwOlJlcG9zaXRvcnkxMjc2Nzc5MjE=,2018-04-01T22:52:51Z,2026-05-04T17:24:04Z,2026-05-07T09:14:05Z,29994,True,kitinerary,KDE/kitinerary,git@github.com:KDE/kitinerary.git,41
MDEwOlJlcG9zaXRvcnkxMjc2NzU2MDg=,2018-04-01T22:14:58Z,2026-04-30T15:51:44Z,2026-04-30T15:51:13Z,1388,False,labimp,libelle17/labimp,git@github.com:libelle17/labimp.git,0
MDEwOlJlcG9zaXRvcnkxMjc2NTA0MTY=,2018-04-01T16:38:30Z,2026-04-11T19:28:21Z,2026-04-11T19:28:14Z,652,False,Thermostat,GregoryNikolaishvili/Thermostat,git@github.com:GregoryNikolaishvili/Thermostat.git,0
MDEwOlJlcG9zaXRvcnkxMjc2MzY3NjE=,2018-04-01T14:29:34Z,2026-04-24T08:00:43Z,2026-04-24T08:00:38Z,256,False,sonoff-knxd,McOrvas/sonoff-knxd,git@github.com:McOrvas/sonoff-knxd.git,5
MDEwOlJlcG9zaXRvcnkxMjc1MjA1NDY=,2018-03-31T09:59:30Z,2026-04-13T23:34:14Z,2026-04-13T23:34:11Z,15655,False,kaffeine,mchehab/kaffeine,git@github.com:mchehab/kaffeine.git,1
MDEwOlJlcG9zaXRvcnkxMjc1MDY4MjQ=,2018-03-31T06:47:05Z,2026-05-06T06:21:33Z,2026-05-05T05:38:21Z,4895,False,ccls,MaskRay/ccls,git@github.com:MaskRay/ccls.git,4055
MDEwOlJlcG9zaXRvcnkxMjc0ODIwNjc=,2018-03-30T23:31:24Z,2026-04-05T18:22:11Z,2026-04-05T18:25:25Z,9893,False,IthVnrSharpLib,Zoltanar/IthVnrSharpLib,git@github.com:Zoltanar/IthVnrSharpLib.git,1
MDEwOlJlcG9zaXRvcnkxMjc0NjE2Njc=,2018-03-30T18:44:05Z,2026-05-05T03:27:45Z,2026-04-19T06:46:50Z,17289,True,OPHD,OutpostUniverse/OPHD,git@github.com:OutpostUniverse/OPHD.git,134
MDEwOlJlcG9zaXRvcnkxMjc0NTAzMzQ=,2018-03-30T16:37:54Z,2026-03-06T13:56:06Z,2026-03-06T13:56:06Z,19997,True,xleaflet,jupyter-xeus/xleaflet,git@github.com:jupyter-xeus/xleaflet.git,93
MDEwOlJlcG9zaXRvcnkxMjc0MTQ4Njk=,2018-03-30T10:21:44Z,2026-04-30T13:17:46Z,2026-04-03T07:26:10Z,40203,False,Hive,christophe-calmejane/Hive,git@github.com:christophe-calmejane/Hive.git,148
MDEwOlJlcG9zaXRvcnkxMjczOTQ0NDY=,2018-03-30T07:08:32Z,2026-04-17T13:19:27Z,2026-04-17T13:19:22Z,269,False,WebDataExtractor,pddthinh/WebDataExtractor,git@github.com:pddthinh/WebDataExtractor.git,0
MDEwOlJlcG9zaXRvcnkxMjczMDY3NTI=,2018-03-29T14:54:57Z,2026-05-04T19:06:32Z,2026-05-06T23:34:18Z,9257,True,rosbag2,ros2/rosbag2,git@github.com:ros2/rosbag2.git,404
MDEwOlJlcG9zaXRvcnkxMjcyODgzMzA=,2018-03-29T12:28:56Z,2026-05-07T09:19:08Z,2026-04-25T06:21:23Z,5444,False,grepWin,stefankueng/grepWin,git@github.com:stefankueng/grepWin.git,2016
MDEwOlJlcG9zaXRvcnkxMjcyODU4MzY=,2018-03-29T12:05:48Z,2026-04-17T03:59:52Z,2026-03-23T16:59:19Z,19859,False,NGSadmix,aalbrechtsen/NGSadmix,git@github.com:aalbrechtsen/NGSadmix.git,9
MDEwOlJlcG9zaXRvcnkxMjcyNDIyODM=,2018-03-29T05:43:40Z,2026-05-07T07:25:57Z,2026-05-03T18:37:33Z,43753,True,Aegisub,TypesettingTools/Aegisub,git@github.com:TypesettingTools/Aegisub.git,1729
MDEwOlJlcG9zaXRvcnkxMjcyMzI2NDQ=,2018-03-29T03:37:00Z,2026-04-10T02:11:18Z,2026-04-10T02:11:10Z,17760,True,vvave,KDE/vvave,git@github.com:KDE/vvave.git,68
MDEwOlJlcG9zaXRvcnkxMjcxNDMzMjk=,2018-03-28T13:19:45Z,2026-05-02T17:56:08Z,2026-05-02T17:56:04Z,184,True,module-msgpack,qoretechnologies/module-msgpack,git@github.com:qoretechnologies/module-msgpack.git,0
MDEwOlJlcG9zaXRvcnkxMjcxMzkzNDQ=,2018-03-28T12:49:18Z,2026-05-06T09:15:20Z,2026-03-07T15:41:43Z,324,False,Echo433,franc205/Echo433,git@github.com:franc205/Echo433.git,40
MDEwOlJlcG9zaXRvcnkxMjcwODgwMjk=,2018-03-28T05:24:34Z,2026-04-30T18:13:38Z,2026-04-30T18:13:34Z,12150,False,leetcode,stdstring/leetcode,git@github.com:stdstring/leetcode.git,1
MDEwOlJlcG9zaXRvcnkxMjcwNTg2NTM=,2018-03-27T23:46:14Z,2026-05-05T14:45:25Z,2026-03-18T09:31:20Z,5857,True,Paddle2ONNX,PaddlePaddle/Paddle2ONNX,git@github.com:PaddlePaddle/Paddle2ONNX.git,918
MDEwOlJlcG9zaXRvcnkxMjcwMjc2MjE=,2018-03-27T18:12:48Z,2026-04-01T09:14:55Z,2026-05-07T11:31:15Z,22428,True,albatross,swift-nav/albatross,git@github.com:swift-nav/albatross.git,25
MDEwOlJlcG9zaXRvcnkxMjcwMDI5MzU=,2018-03-27T14:54:01Z,2026-03-25T09:18:55Z,2026-04-30T12:06:09Z,27295,False,lhf,wilseypa/lhf,git@github.com:wilseypa/lhf.git,10
MDEwOlJlcG9zaXRvcnkxMjY5OTQ3NTg=,2018-03-27T13:57:58Z,2026-05-07T03:11:15Z,2026-05-07T08:04:54Z,156112,True,HiGHS,ERGO-Code/HiGHS,git@github.com:ERGO-Code/HiGHS.git,1608
MDEwOlJlcG9zaXRvcnkxMjY5NzA2NTM=,2018-03-27T10:34:39Z,2026-04-08T20:21:26Z,2026-04-08T20:21:23Z,143,True,ITKTotalVariation,InsightSoftwareConsortium/ITKTotalVariation,git@github.com:InsightSoftwareConsortium/ITKTotalVariation.git,10
MDEwOlJlcG9zaXRvcnkxMjY5NTk4NTA=,2018-03-27T09:10:34Z,2026-05-07T10:40:58Z,2026-05-07T10:41:00Z,929,True,pulseaudio-qt,KDE/pulseaudio-qt,git@github.com:KDE/pulseaudio-qt.git,17
MDEwOlJlcG9zaXRvcnkxMjY5MjgwNjU=,2018-03-27T04:19:09Z,2026-04-20T05:22:52Z,2026-04-18T07:26:08Z,10852,True,roq-cpp-samples,roq-trading/roq-cpp-samples,git@github.com:roq-trading/roq-cpp-samples.git,167
MDEwOlJlcG9zaXRvcnkxMjY5MjgwMzc=,2018-03-27T04:18:50Z,2026-03-26T12:38:28Z,2026-03-03T03:59:13Z,25816,False,QIEC104,MicroKoder/QIEC104,git@github.com:MicroKoder/QIEC104.git,24
MDEwOlJlcG9zaXRvcnkxMjY4NzgyNTY=,2018-03-26T19:17:21Z,2026-04-29T22:29:24Z,2026-05-07T00:49:36Z,8023,True,soca,JCSDA-internal/soca,git@github.com:JCSDA-internal/soca.git,17
MDEwOlJlcG9zaXRvcnkxMjY4NDkyOTE=,2018-03-26T15:24:23Z,2026-04-30T05:40:29Z,2026-05-06T13:55:41Z,21989,True,SeQuant,ValeevGroup/SeQuant,git@github.com:ValeevGroup/SeQuant.git,29
MDEwOlJlcG9zaXRvcnkxMjY4NDE1MDc=,2018-03-26T14:29:26Z,2026-03-05T22:51:44Z,2026-03-05T22:51:40Z,16877,True,halla_molpol_sim,JeffersonLab/halla_molpol_sim,git@github.com:JeffersonLab/halla_molpol_sim.git,4
MDEwOlJlcG9zaXRvcnkxMjY4Mzg4NTc=,2018-03-26T14:10:32Z,2026-05-02T18:32:42Z,2026-05-02T18:32:38Z,1193,False,ESPlib,cmarrin/ESPlib,git@github.com:cmarrin/ESPlib.git,0
MDEwOlJlcG9zaXRvcnkxMjY4MzMwMzQ=,2018-03-26T13:28:02Z,2026-04-25T12:34:44Z,2026-04-25T12:34:39Z,8141,False,basic-graphics-samples,vcoda/basic-graphics-samples,git@github.com:vcoda/basic-graphics-samples.git,50
MDEwOlJlcG9zaXRvcnkxMjY4MDgwNzk=,2018-03-26T09:50:24Z,2026-05-06T09:22:33Z,2026-04-13T09:11:28Z,36381,False,MVStudio,LiangliangNan/MVStudio,git@github.com:LiangliangNan/MVStudio.git,276
MDEwOlJlcG9zaXRvcnkxMjY3OTI0MDM=,2018-03-26T07:45:31Z,2026-04-22T09:33:21Z,2026-04-22T09:33:17Z,6,False,PSO,inscredion/PSO,git@github.com:inscredion/PSO.git,2
MDEwOlJlcG9zaXRvcnkxMjY3NDc5MzY=,2018-03-25T23:03:37Z,2026-05-03T12:58:42Z,2026-05-04T06:06:45Z,34017,False,UINavigation,goncasmage1/UINavigation,git@github.com:goncasmage1/UINavigation.git,261
MDEwOlJlcG9zaXRvcnkxMjY3NDM2MjA=,2018-03-25T21:54:54Z,2026-04-30T20:34:55Z,2026-04-24T13:02:06Z,48,False,esp-find3-client,DatanoiseTV/esp-find3-client,git@github.com:DatanoiseTV/esp-find3-client.git,137
MDEwOlJlcG9zaXRvcnkxMjY3MTA0NTE=,2018-03-25T15:16:41Z,2026-05-05T15:22:13Z,2026-05-04T15:53:23Z,6059,False,OpenXLSX,troldal/OpenXLSX,git@github.com:troldal/OpenXLSX.git,1734
MDEwOlJlcG9zaXRvcnkxMjY3MDIwOTI=,2018-03-25T13:49:18Z,2026-05-01T17:27:26Z,2026-04-22T08:58:38Z,71776,False,lecture-demos,dustsigns/lecture-demos,git@github.com:dustsigns/lecture-demos.git,19
MDEwOlJlcG9zaXRvcnkxMjY3MDAxNjA=,2018-03-25T13:28:24Z,2026-04-14T15:03:17Z,2026-04-14T14:59:38Z,1518917,False,gcc,gbeauchesne/gcc,git@github.com:gbeauchesne/gcc.git,0
MDEwOlJlcG9zaXRvcnkxMjY2NTQyNTY=,2018-03-25T01:19:51Z,2026-04-16T09:17:41Z,2026-04-16T09:17:37Z,104804,False,libacidcam,lostjared/libacidcam,git@github.com:lostjared/libacidcam.git,10
MDEwOlJlcG9zaXRvcnkxMjY2NTA2NDA=,2018-03-25T00:09:26Z,2026-03-07T00:44:33Z,2026-03-07T00:44:29Z,614,False,Playground-Cpp,m1ser4ble/Playground-Cpp,git@github.com:m1ser4ble/Playground-Cpp.git,0
MDEwOlJlcG9zaXRvcnkxMjY2NDY0NTc=,2018-03-24T22:47:30Z,2026-05-01T00:11:03Z,2026-05-01T00:10:58Z,4064,False,Clocks,cmarrin/Clocks,git@github.com:cmarrin/Clocks.git,0
MDEwOlJlcG9zaXRvcnkxMjY2MzQ1ODc=,2018-03-24T19:46:16Z,2026-04-26T19:48:22Z,2026-04-26T19:48:18Z,726,False,MTL,seungjlee/MTL,git@github.com:seungjlee/MTL.git,2
MDEwOlJlcG9zaXRvcnkxMjY1NjQyMTQ=,2018-03-24T04:01:13Z,2026-03-23T06:03:59Z,2026-03-23T06:03:56Z,1629,False,nightlight,struct78/nightlight,git@github.com:struct78/nightlight.git,0
MDEwOlJlcG9zaXRvcnkxMjY1NjEyMTU=,2018-03-24T03:08:51Z,2026-03-25T15:41:45Z,2026-03-25T15:38:25Z,119205,True,lsms,mstsuite/lsms,git@github.com:mstsuite/lsms.git,28
MDEwOlJlcG9zaXRvcnkxMjY1NTg0MDQ=,2018-03-24T02:22:48Z,2026-03-10T03:23:50Z,2026-03-10T03:23:46Z,285,False,VoterData,kwoodle/VoterData,git@github.com:kwoodle/VoterData.git,0
MDEwOlJlcG9zaXRvcnkxMjY1NTc3MTY=,2018-03-24T02:11:00Z,2026-05-06T19:52:05Z,2026-05-06T19:52:01Z,125,False,libKtrade,kwoodle/libKtrade,git@github.com:kwoodle/libKtrade.git,0
MDEwOlJlcG9zaXRvcnkxMjY1NTI5MDI=,2018-03-24T00:48:57Z,2026-04-30T17:46:50Z,2026-04-30T17:48:15Z,6590,True,osrf_testing_tools_cpp,osrf/osrf_testing_tools_cpp,git@github.com:osrf/osrf_testing_tools_cpp.git,38
MDEwOlJlcG9zaXRvcnkxMjY1MzkzNTE=,2018-03-23T21:11:46Z,2026-05-07T11:31:16Z,2026-05-07T11:31:12Z,5277,False,RIDE,tomas-nestorovic/RIDE,git@github.com:tomas-nestorovic/RIDE.git,82
MDEwOlJlcG9zaXRvcnkxMjY1MzA1Mjk=,2018-03-23T19:28:37Z,2026-05-04T16:25:37Z,2026-05-04T16:25:33Z,46512,False,toolkit,mingliangwsu/toolkit,git@github.com:mingliangwsu/toolkit.git,0
MDEwOlJlcG9zaXRvcnkxMjY1MjI3NzU=,2018-03-23T18:10:36Z,2026-05-05T06:40:11Z,2026-05-05T06:40:13Z,2539,False,CorF,SilviuArdelean/CorF,git@github.com:SilviuArdelean/CorF.git,0
MDEwOlJlcG9zaXRvcnkxMjY0NTg5MDM=,2018-03-23T08:57:09Z,2026-05-06T05:58:44Z,2026-05-06T05:58:40Z,16891,False,asteria,lhmouse/asteria,git@github.com:lhmouse/asteria.git,424
MDEwOlJlcG9zaXRvcnkxMjY0MTIzNjM=,2018-03-23T00:49:18Z,2026-05-07T09:59:04Z,2026-05-06T23:56:55Z,94158,True,simdjson,simdjson/simdjson,git@github.com:simdjson/simdjson.git,23723
MDEwOlJlcG9zaXRvcnkxMjY0MDA1NDU=,2018-03-22T22:07:21Z,2026-04-27T23:27:22Z,2026-04-27T23:27:18Z,2044,False,libE57Format,asmaloney/libE57Format,git@github.com:asmaloney/libE57Format.git,182
MDEwOlJlcG9zaXRvcnkxMjYzOTI0ODI=,2018-03-22T20:39:29Z,2026-04-28T18:57:11Z,2026-04-28T18:57:07Z,1060965,True,cage-examples,ucpu/cage-examples,git@github.com:ucpu/cage-examples.git,4
MDEwOlJlcG9zaXRvcnkxMjYzODY3MjU=,2018-03-22T19:42:03Z,2026-04-08T21:26:30Z,2026-03-29T02:29:36Z,549,False,acme-lw,jmccl/acme-lw,git@github.com:jmccl/acme-lw.git,44
MDEwOlJlcG9zaXRvcnkxMjYzNzc1NzU=,2018-03-22T18:18:10Z,2026-04-26T11:57:51Z,2026-04-27T16:25:14Z,181,False,mapbox_earcut_python,skogler/mapbox_earcut_python,git@github.com:skogler/mapbox_earcut_python.git,40
MDEwOlJlcG9zaXRvcnkxMjYzNjM5Mzk=,2018-03-22T16:26:20Z,2026-04-03T22:32:10Z,2026-04-03T22:32:07Z,1405,False,Megavolt-MIDI-CV,neuroticflux/Megavolt-MIDI-CV,git@github.com:neuroticflux/Megavolt-MIDI-CV.git,5
MDEwOlJlcG9zaXRvcnkxMjYzMTg2MzA=,2018-03-22T10:29:17Z,2026-03-18T08:58:48Z,2026-03-18T08:58:40Z,26205,True,Lima-camera-slsjungfrau,soleil-ica/Lima-camera-slsjungfrau,git@github.com:soleil-ica/Lima-camera-slsjungfrau.git,0
MDEwOlJlcG9zaXRvcnkxMjYzMTIyMjI=,2018-03-22T09:36:48Z,2026-04-02T12:39:51Z,2026-04-27T19:50:45Z,56,True,pinocchio-minimal,stack-of-tasks/pinocchio-minimal,git@github.com:stack-of-tasks/pinocchio-minimal.git,28
MDEwOlJlcG9zaXRvcnkxMjYyNjA4NzA=,2018-03-22T01:16:38Z,2026-03-17T03:06:06Z,2026-03-17T03:06:03Z,123,True,crypto_sqlite,viaduck/crypto_sqlite,git@github.com:viaduck/crypto_sqlite.git,19
MDEwOlJlcG9zaXRvcnkxMjYyNTg0NTQ=,2018-03-22T00:46:57Z,2026-03-10T03:18:40Z,2026-03-10T03:18:36Z,171,True,secure_memory,viaduck/secure_memory,git@github.com:viaduck/secure_memory.git,3
MDEwOlJlcG9zaXRvcnkxMjYyNTc5NDI=,2018-03-22T00:39:48Z,2026-05-07T09:12:42Z,2026-05-07T02:15:17Z,109007,True,diagnostics,dotnet/diagnostics,git@github.com:dotnet/diagnostics.git,1315
MDEwOlJlcG9zaXRvcnkxMjYyNTMzMzU=,2018-03-21T23:36:36Z,2026-03-20T06:09:34Z,2026-03-20T06:09:31Z,88284,False,SteamPlugin,DasBander/SteamPlugin,git@github.com:DasBander/SteamPlugin.git,1
MDEwOlJlcG9zaXRvcnkxMjYyMjUxNjA=,2018-03-21T18:43:20Z,2026-05-07T10:29:19Z,2026-05-07T05:46:33Z,16179,True,GameNetworkingSockets,ValveSoftware/GameNetworkingSockets,git@github.com:ValveSoftware/GameNetworkingSockets.git,9571
MDEwOlJlcG9zaXRvcnkxMjYxOTg0MDg=,2018-03-21T15:15:42Z,2026-04-25T13:48:53Z,2026-03-04T19:10:34Z,804,False,alterlib,MaxAkaAltmer/alterlib,git@github.com:MaxAkaAltmer/alterlib.git,24
MDEwOlJlcG9zaXRvcnkxMjYxOTYwMTc=,2018-03-21T14:59:43Z,2026-03-23T17:31:28Z,2026-03-23T17:31:22Z,163,False,precolor_extend,hartkes/precolor_extend,git@github.com:hartkes/precolor_extend.git,0
MDEwOlJlcG9zaXRvcnkxMjYxNzQ4MTQ=,2018-03-21T12:25:13Z,2026-05-06T05:28:48Z,2026-05-04T10:35:04Z,6755,True,slam3d,dfki-ric/slam3d,git@github.com:dfki-ric/slam3d.git,27
MDEwOlJlcG9zaXRvcnkxMjYxNjM1MDI=,2018-03-21T10:41:11Z,2026-05-06T14:44:28Z,2026-05-06T23:25:24Z,2973,False,c4core,biojppm/c4core,git@github.com:biojppm/c4core.git,146
MDEwOlJlcG9zaXRvcnkxMjYwODQ0ODc=,2018-03-20T21:25:52Z,2026-05-01T17:36:56Z,2026-05-01T17:36:52Z,36,False,l-systems,tkuestner/l-systems,git@github.com:tkuestner/l-systems.git,1
MDEwOlJlcG9zaXRvcnkxMjYwNjQzNjA=,2018-03-20T18:27:08Z,2026-04-08T20:58:33Z,2026-04-08T10:38:31Z,6473,False,Pacman_Game_Qt_Cplusplus_QML,adam-choragwicki/Pacman_Game_Qt_Cplusplus_QML,git@github.com:adam-choragwicki/Pacman_Game_Qt_Cplusplus_QML.git,1
MDEwOlJlcG9zaXRvcnkxMjU5OTIzMDU=,2018-03-20T09:24:40Z,2026-05-07T09:44:50Z,2026-05-07T09:44:47Z,708,True,qrelay,CM4all/qrelay,git@github.com:CM4all/qrelay.git,4
MDEwOlJlcG9zaXRvcnkxMjU5OTIyNDE=,2018-03-20T09:24:17Z,2026-05-07T08:46:26Z,2026-05-07T08:46:32Z,407,True,passage,CM4all/passage,git@github.com:CM4all/passage.git,1
MDEwOlJlcG9zaXRvcnkxMjU5OTIxMDk=,2018-03-20T09:23:23Z,2026-05-07T08:49:10Z,2026-05-07T08:49:15Z,997,True,pond,CM4all/pond,git@github.com:CM4all/pond.git,24
MDEwOlJlcG9zaXRvcnkxMjU5OTE5OTE=,2018-03-20T09:22:31Z,2026-05-07T08:49:25Z,2026-05-07T08:49:29Z,416,True,spawn,CM4all/spawn,git@github.com:CM4all/spawn.git,2
MDEwOlJlcG9zaXRvcnkxMjU5ODkwNDU=,2018-03-20T09:00:13Z,2026-03-30T11:28:27Z,2026-03-30T11:28:24Z,2,False,repo,sidmun/repo,git@github.com:sidmun/repo.git,0
MDEwOlJlcG9zaXRvcnkxMjU5MjUxNjI=,2018-03-19T21:53:38Z,2026-04-30T17:22:14Z,2026-04-30T17:22:10Z,271,False,Coevo1_model,borkowsk/Coevo1_model,git@github.com:borkowsk/Coevo1_model.git,1
MDEwOlJlcG9zaXRvcnkxMjU5MjA4Mjg=,2018-03-19T21:10:37Z,2026-03-15T13:43:59Z,2026-03-15T13:59:36Z,42147,False,open-rival,Danjb1/open-rival,git@github.com:Danjb1/open-rival.git,22
MDEwOlJlcG9zaXRvcnkxMjU5MDgxNTI=,2018-03-19T19:14:28Z,2026-03-13T06:17:39Z,2026-03-13T06:17:36Z,26872,False,shape_game_cpp,hasahmed/shape_game_cpp,git@github.com:hasahmed/shape_game_cpp.git,0
MDEwOlJlcG9zaXRvcnkxMjU4OTM2MDY=,2018-03-19T17:12:13Z,2026-04-13T17:17:45Z,2026-04-13T17:17:41Z,287,False,Algorithmic-Templates,lzyrapx/Algorithmic-Templates,git@github.com:lzyrapx/Algorithmic-Templates.git,150
MDEwOlJlcG9zaXRvcnkxMjU3NzA0Mzk=,2018-03-18T21:44:50Z,2026-05-01T13:58:36Z,2026-05-01T13:58:30Z,1080,False,efsw,SpartanJ/efsw,git@github.com:SpartanJ/efsw.git,862
MDEwOlJlcG9zaXRvcnkxMjU3Njc4NTY=,2018-03-18T21:11:21Z,2026-05-07T01:49:04Z,2026-05-07T01:49:16Z,104432,False,eepp,SpartanJ/eepp,git@github.com:SpartanJ/eepp.git,608
MDEwOlJlcG9zaXRvcnkxMjU3NTYyNDc=,2018-03-18T18:40:47Z,2026-05-07T05:26:50Z,2026-05-06T11:02:36Z,41423,False,ESP32-Paxcounter,cyberman54/ESP32-Paxcounter,git@github.com:cyberman54/ESP32-Paxcounter.git,2016
MDEwOlJlcG9zaXRvcnkxMjU3NTYwOTc=,2018-03-18T18:38:59Z,2026-05-01T14:08:20Z,2026-05-01T14:08:16Z,361,False,FunPlot,max-privato/FunPlot,git@github.com:max-privato/FunPlot.git,0
MDEwOlJlcG9zaXRvcnkxMjU3NTUyMjE=,2018-03-18T18:28:00Z,2026-05-05T18:06:16Z,2026-04-27T12:14:36Z,2042,False,quazip,stachenov/quazip,git@github.com:stachenov/quazip.git,689
MDEwOlJlcG9zaXRvcnkxMjU3NDIwNzc=,2018-03-18T15:57:05Z,2026-05-02T04:48:03Z,2026-04-27T14:47:22Z,16244,False,SmartRC-CC1101-Driver-Lib,LSatan/SmartRC-CC1101-Driver-Lib,git@github.com:LSatan/SmartRC-CC1101-Driver-Lib.git,581
MDEwOlJlcG9zaXRvcnkxMjU3Mjk4MTE=,2018-03-18T13:52:03Z,2026-03-18T08:41:22Z,2026-03-18T08:41:18Z,154609,False,wasp,pannous/wasp,git@github.com:pannous/wasp.git,115
MDEwOlJlcG9zaXRvcnkxMjU3MjI5NDU=,2018-03-18T12:32:33Z,2026-05-06T17:40:13Z,2026-03-09T04:21:55Z,1806,False,AppImageLauncher,TheAssassin/AppImageLauncher,git@github.com:TheAssassin/AppImageLauncher.git,7960
MDEwOlJlcG9zaXRvcnkxMjU3MDE5NTQ=,2018-03-18T07:26:25Z,2026-05-02T06:26:17Z,2026-05-07T09:13:28Z,388,True,kpkpass,KDE/kpkpass,git@github.com:KDE/kpkpass.git,12
MDEwOlJlcG9zaXRvcnkxMjU2OTAwNzA=,2018-03-18T03:41:28Z,2026-04-23T17:01:28Z,2026-04-22T15:26:41Z,5688,False,SourceExplorer,LAK132/SourceExplorer,git@github.com:LAK132/SourceExplorer.git,152
MDEwOlJlcG9zaXRvcnkxMjU2NTI5ODA=,2018-03-17T17:25:25Z,2026-05-04T21:10:28Z,2026-05-04T21:10:24Z,4550,False,PadOS,kavionic/PadOS,git@github.com:kavionic/PadOS.git,3
MDEwOlJlcG9zaXRvcnkxMjU2NTE0NDE=,2018-03-17T17:05:55Z,2026-04-13T19:36:52Z,2026-04-05T00:29:44Z,1001,False,modular80,cschol/modular80,git@github.com:cschol/modular80.git,23
MDEwOlJlcG9zaXRvcnkxMjU1OTUxNzA=,2018-03-17T03:59:41Z,2026-05-06T09:31:44Z,2026-05-03T17:45:49Z,706,False,nameof,Neargye/nameof,git@github.com:Neargye/nameof.git,2308
MDEwOlJlcG9zaXRvcnkxMjU1NzMyODM=,2018-03-16T21:49:12Z,2026-03-23T12:24:48Z,2026-03-23T12:24:45Z,125,False,Simulation-ACW,arjunc007/Simulation-ACW,git@github.com:arjunc007/Simulation-ACW.git,0
MDEwOlJlcG9zaXRvcnkxMjU1NjgzNDI=,2018-03-16T20:48:52Z,2026-05-06T03:07:25Z,2026-05-06T03:11:03Z,102679,True,xmsinterp,Aquaveo/xmsinterp,git@github.com:Aquaveo/xmsinterp.git,2
MDEwOlJlcG9zaXRvcnkxMjU1NjMyNDE=,2018-03-16T19:52:00Z,2026-05-06T22:22:19Z,2026-05-06T22:24:20Z,959,False,asl,aslze/asl,git@github.com:aslze/asl.git,81
MDEwOlJlcG9zaXRvcnkxMjU1MTM5MTc=,2018-03-16T12:32:49Z,2026-04-28T17:04:34Z,2026-04-28T17:04:30Z,447,False,LibGetSet,aaichert/LibGetSet,git@github.com:aaichert/LibGetSet.git,0
MDEwOlJlcG9zaXRvcnkxMjU0NjMyMzQ=,2018-03-16T04:23:53Z,2026-05-05T12:31:03Z,2026-04-21T03:01:20Z,1370,True,TSeer,Tencent/TSeer,git@github.com:Tencent/TSeer.git,674
MDEwOlJlcG9zaXRvcnkxMjU0MTkxMTU=,2018-03-15T19:53:27Z,2026-05-01T22:27:49Z,2026-05-01T22:27:45Z,1771334,True,gridappsd-state-estimator,GRIDAPPSD/gridappsd-state-estimator,git@github.com:GRIDAPPSD/gridappsd-state-estimator.git,2
MDEwOlJlcG9zaXRvcnkxMjU0MTI0MDA=,2018-03-15T18:49:06Z,2026-04-19T15:10:06Z,2026-05-02T23:51:57Z,66348,True,beam,BeamMW/beam,git@github.com:BeamMW/beam.git,722
MDEwOlJlcG9zaXRvcnkxMjU0MDAzNTU=,2018-03-15T17:03:57Z,2026-05-05T20:25:13Z,2026-05-05T20:25:09Z,14628,True,cage,ucpu/cage,git@github.com:ucpu/cage.git,41
MDEwOlJlcG9zaXRvcnkxMjUzODY1NDQ=,2018-03-15T15:19:51Z,2026-04-29T15:26:20Z,2026-04-29T15:25:46Z,764,False,snippets,DominicJones/snippets,git@github.com:DominicJones/snippets.git,3
MDEwOlJlcG9zaXRvcnkxMjUzNzA2MDE=,2018-03-15T13:22:30Z,2026-04-26T06:56:55Z,2026-04-21T15:01:04Z,2247,False,HDRImageViewer,shaderjp/HDRImageViewer,git@github.com:shaderjp/HDRImageViewer.git,13
MDEwOlJlcG9zaXRvcnkxMjUzNTY4NzA=,2018-03-15T11:24:36Z,2026-04-20T10:50:45Z,2026-04-19T14:47:30Z,142,False,CppStrangeIoC,AndreySkyFoxSidorov/CppStrangeIoC,git@github.com:AndreySkyFoxSidorov/CppStrangeIoC.git,2
MDEwOlJlcG9zaXRvcnkxMjUzMzEyNTE=,2018-03-15T07:52:12Z,2026-04-05T08:46:26Z,2026-03-09T09:48:20Z,4689,False,pipewalker,artemsen/pipewalker,git@github.com:artemsen/pipewalker.git,18
MDEwOlJlcG9zaXRvcnkxMjUzMjM2NzQ=,2018-03-15T06:39:54Z,2026-03-03T10:47:43Z,2026-03-03T10:47:39Z,413,True,go_client,griddb/go_client,git@github.com:griddb/go_client.git,17
MDEwOlJlcG9zaXRvcnkxMjUyODMyODA=,2018-03-14T22:46:20Z,2026-04-30T08:19:06Z,2026-04-30T08:19:02Z,275975,False,DiaNN,vdemichev/DiaNN,git@github.com:vdemichev/DiaNN.git,444
MDEwOlJlcG9zaXRvcnkxMjUyODI5MzA=,2018-03-14T22:42:44Z,2026-04-04T04:14:49Z,2026-04-04T04:14:45Z,12,False,cpp_exercises,reentrant/cpp_exercises,git@github.com:reentrant/cpp_exercises.git,0
MDEwOlJlcG9zaXRvcnkxMjUyNjY1MDM=,2018-03-14T19:56:22Z,2026-05-07T09:58:04Z,2026-05-07T09:58:00Z,313716,False,bss9395.github.io,bss9395/bss9395.github.io,git@github.com:bss9395/bss9395.github.io.git,0
MDEwOlJlcG9zaXRvcnkxMjUyMzkyMTE=,2018-03-14T16:06:54Z,2026-05-06T12:53:48Z,2026-05-06T18:11:59Z,127434,True,relight,cnr-isti-vclab/relight,git@github.com:cnr-isti-vclab/relight.git,105
MDEwOlJlcG9zaXRvcnkxMjUyMzY3Mzk=,2018-03-14T15:48:22Z,2026-05-06T13:57:06Z,2026-04-27T15:49:18Z,311709,True,OpenVR-AdvancedSettings,OpenVR-Advanced-Settings/OpenVR-AdvancedSettings,git@github.com:OpenVR-Advanced-Settings/OpenVR-AdvancedSettings.git,1666
MDEwOlJlcG9zaXRvcnkxMjUyMjM4NDU=,2018-03-14T14:17:09Z,2026-03-18T11:57:09Z,2026-03-18T11:57:04Z,1140,False,framework,yinghao-liu/framework,git@github.com:yinghao-liu/framework.git,0
MDEwOlJlcG9zaXRvcnkxMjUxOTEyNDk=,2018-03-14T09:54:22Z,2026-04-27T19:24:49Z,2026-04-27T19:24:44Z,2153,True,workshop,CM4all/workshop,git@github.com:CM4all/workshop.git,3
MDEwOlJlcG9zaXRvcnkxMjUxMjg1MzA=,2018-03-13T23:40:17Z,2026-04-03T00:07:53Z,2026-04-03T00:25:30Z,43338,False,hmcnc,redndgreen8/hmcnc,git@github.com:redndgreen8/hmcnc.git,5
MDEwOlJlcG9zaXRvcnkxMjUxMTUxNTY=,2018-03-13T21:10:57Z,2026-04-07T19:41:57Z,2026-04-07T19:42:15Z,2885,True,vrpc-js,heisenware/vrpc-js,git@github.com:heisenware/vrpc-js.git,26
MDEwOlJlcG9zaXRvcnkxMjUxMTE2NzA=,2018-03-13T20:40:01Z,2026-05-03T22:34:20Z,2026-05-03T22:42:11Z,720,False,happly,nmwsharp/happly,git@github.com:nmwsharp/happly.git,398
MDEwOlJlcG9zaXRvcnkxMjUwOTg4ODA=,2018-03-13T18:45:27Z,2026-05-07T11:08:28Z,2026-05-07T01:56:02Z,153090,True,Proton,ValveSoftware/Proton,git@github.com:ValveSoftware/Proton.git,31339
MDEwOlJlcG9zaXRvcnkxMjUwNTk5Mjg=,2018-03-13T13:57:15Z,2026-04-26T21:00:06Z,2026-04-26T21:00:02Z,1066,False,kropla,bartek-d/kropla,git@github.com:bartek-d/kropla.git,2
MDEwOlJlcG9zaXRvcnkxMjUwMjcwNzg=,2018-03-13T09:38:46Z,2026-04-11T10:54:06Z,2026-04-11T10:54:00Z,5788,False,WPalaSensor,Domochip/WPalaSensor,git@github.com:Domochip/WPalaSensor.git,3
MDEwOlJlcG9zaXRvcnkxMjQ5NzU3NzY=,2018-03-13T01:46:24Z,2026-03-19T14:51:19Z,2026-03-19T14:49:56Z,584,True,phosphor-host-postd,openbmc/phosphor-host-postd,git@github.com:openbmc/phosphor-host-postd.git,3
MDEwOlJlcG9zaXRvcnkxMjQ5NjczNDI=,2018-03-13T00:10:41Z,2026-04-09T17:45:09Z,2026-04-09T17:45:03Z,59363,False,AFLOW,ksyang2013/AFLOW,git@github.com:ksyang2013/AFLOW.git,7
MDEwOlJlcG9zaXRvcnkxMjQ5NTk1Nzk=,2018-03-12T22:30:41Z,2026-04-23T19:39:25Z,2026-04-23T19:39:19Z,8230,False,Ghurund,ZieIony/Ghurund,git@github.com:ZieIony/Ghurund.git,95
MDEwOlJlcG9zaXRvcnkxMjQ5NTQyMTg=,2018-03-12T21:32:27Z,2026-05-07T06:47:17Z,2026-05-07T06:47:13Z,39512,False,z802tzx3,rcmolina/z802tzx3,git@github.com:rcmolina/z802tzx3.git,5
MDEwOlJlcG9zaXRvcnkxMjQ5NDkyOTk=,2018-03-12T20:45:23Z,2026-03-07T15:13:00Z,2026-03-16T11:55:08Z,24017,True,metrics-discovery,intel/metrics-discovery,git@github.com:intel/metrics-discovery.git,99
MDEwOlJlcG9zaXRvcnkxMjQ5NDIxMTA=,2018-03-12T19:43:26Z,2026-05-07T01:54:23Z,2026-04-05T15:19:30Z,1286,False,NXDNClients,g4klx/NXDNClients,git@github.com:g4klx/NXDNClients.git,46
MDEwOlJlcG9zaXRvcnkxMjQ5Mzg2NTQ=,2018-03-12T19:13:20Z,2026-05-04T11:02:00Z,2026-05-06T16:43:55Z,17791,True,Umpire,llnl/Umpire,git@github.com:llnl/Umpire.git,401
MDEwOlJlcG9zaXRvcnkxMjQ5MjI2NTM=,2018-03-12T17:00:55Z,2026-04-28T15:42:28Z,2026-04-28T15:42:22Z,5661,False,gardena_ESP8266_9V,biturbo/gardena_ESP8266_9V,git@github.com:biturbo/gardena_ESP8266_9V.git,3
MDEwOlJlcG9zaXRvcnkxMjQ4MTAzOTQ=,2018-03-11T23:47:02Z,2026-03-27T09:28:03Z,2026-03-27T09:27:58Z,26,False,cryptography,Mr7F/cryptography,git@github.com:Mr7F/cryptography.git,0
MDEwOlJlcG9zaXRvcnkxMjQ3OTg4MzE=,2018-03-11T20:57:51Z,2026-04-06T07:25:09Z,2026-03-11T05:49:20Z,276912,False,Rufus,ukinoki/Rufus,git@github.com:ukinoki/Rufus.git,15
MDEwOlJlcG9zaXRvcnkxMjQ3ODY3MTg=,2018-03-11T18:38:44Z,2026-04-19T19:15:56Z,2026-04-19T19:15:52Z,67159,False,ClassicGames,devoil-g/ClassicGames,git@github.com:devoil-g/ClassicGames.git,9
MDEwOlJlcG9zaXRvcnkxMjQ3NzQzODI=,2018-03-11T16:10:38Z,2026-04-28T14:42:08Z,2026-04-28T14:33:45Z,646,False,binary_xml,pksoft72/binary_xml,git@github.com:pksoft72/binary_xml.git,3
MDEwOlJlcG9zaXRvcnkxMjQ3NjM5Njg=,2018-03-11T14:19:37Z,2026-04-07T04:19:18Z,2026-04-07T04:19:02Z,90922,False,Computer-Graphics,jskyzero/Computer-Graphics,git@github.com:jskyzero/Computer-Graphics.git,2
MDEwOlJlcG9zaXRvcnkxMjQ3MTQ2OTY=,2018-03-11T01:58:31Z,2026-04-24T06:05:38Z,2026-04-10T05:02:52Z,3023,True,systemrdl-compiler,SystemRDL/systemrdl-compiler,git@github.com:SystemRDL/systemrdl-compiler.git,277
MDEwOlJlcG9zaXRvcnkxMjQ2OTc0ODM=,2018-03-10T20:51:24Z,2026-03-22T21:30:47Z,2026-03-22T21:30:43Z,150,False,CQQuinto,colinw7/CQQuinto,git@github.com:colinw7/CQQuinto.git,1
MDEwOlJlcG9zaXRvcnkxMjQ2NjM1OTY=,2018-03-10T14:30:12Z,2026-04-25T10:57:52Z,2026-04-05T18:46:04Z,281,False,peakperf,Dr-Noob/peakperf,git@github.com:Dr-Noob/peakperf.git,80
MDEwOlJlcG9zaXRvcnkxMjQ2MjcyMTE=,2018-03-10T05:59:03Z,2026-03-14T16:08:54Z,2026-03-01T08:00:39Z,30065,False,Tether,bemehiser/Tether,git@github.com:bemehiser/Tether.git,14
MDEwOlJlcG9zaXRvcnkxMjQ1OTM1MTU=,2018-03-09T21:09:23Z,2026-05-05T15:16:32Z,2026-03-30T22:08:39Z,4984,False,xcikit,rbrich/xcikit,git@github.com:rbrich/xcikit.git,21
MDEwOlJlcG9zaXRvcnkxMjQ1ODc1MjI=,2018-03-09T20:02:52Z,2026-04-15T07:34:54Z,2026-05-06T23:58:03Z,70,True,modorganizer-bsa_extractor,ModOrganizer2/modorganizer-bsa_extractor,git@github.com:ModOrganizer2/modorganizer-bsa_extractor.git,2
MDEwOlJlcG9zaXRvcnkxMjQ1ODY5NTQ=,2018-03-09T19:56:31Z,2026-04-07T07:01:58Z,2026-04-14T16:36:03Z,47,True,modorganizer-tool_inibakery,ModOrganizer2/modorganizer-tool_inibakery,git@github.com:ModOrganizer2/modorganizer-tool_inibakery.git,1
MDEwOlJlcG9zaXRvcnkxMjQ1ODY5NDI=,2018-03-09T19:56:26Z,2026-04-15T16:21:02Z,2026-04-15T16:20:59Z,270,True,modorganizer-archive,ModOrganizer2/modorganizer-archive,git@github.com:ModOrganizer2/modorganizer-archive.git,2
MDEwOlJlcG9zaXRvcnkxMjQ1ODY4Njg=,2018-03-09T19:55:44Z,2026-04-09T11:12:52Z,2026-04-09T11:12:18Z,673,True,modorganizer-installer_fomod,ModOrganizer2/modorganizer-installer_fomod,git@github.com:ModOrganizer2/modorganizer-installer_fomod.git,1
MDEwOlJlcG9zaXRvcnkxMjQ1ODY4NjI=,2018-03-09T19:55:39Z,2026-05-02T15:40:16Z,2026-05-02T15:40:14Z,1284,True,modorganizer-uibase,ModOrganizer2/modorganizer-uibase,git@github.com:ModOrganizer2/modorganizer-uibase.git,2
MDEwOlJlcG9zaXRvcnkxMjQ1ODY4NTc=,2018-03-09T19:55:36Z,2026-05-06T16:25:37Z,2026-05-06T16:25:37Z,128,True,modorganizer-nxmhandler,ModOrganizer2/modorganizer-nxmhandler,git@github.com:ModOrganizer2/modorganizer-nxmhandler.git,2
MDEwOlJlcG9zaXRvcnkxMjQ1ODY4NTQ=,2018-03-09T19:55:34Z,2026-04-15T07:32:00Z,2026-04-15T07:31:58Z,1158,True,modorganizer-plugin_python,ModOrganizer2/modorganizer-plugin_python,git@github.com:ModOrganizer2/modorganizer-plugin_python.git,3
MDEwOlJlcG9zaXRvcnkxMjQ1ODY4Mzk=,2018-03-09T19:55:27Z,2026-04-07T05:59:10Z,2026-04-14T16:36:07Z,201,True,modorganizer-diagnose_basic,ModOrganizer2/modorganizer-diagnose_basic,git@github.com:ModOrganizer2/modorganizer-diagnose_basic.git,1
MDEwOlJlcG9zaXRvcnkxMjQ1ODY4MzM=,2018-03-09T19:55:25Z,2026-04-07T05:59:33Z,2026-04-07T05:59:30Z,59,True,modorganizer-esptk,ModOrganizer2/modorganizer-esptk,git@github.com:ModOrganizer2/modorganizer-esptk.git,3
MDEwOlJlcG9zaXRvcnkxMjQ1ODY4Mjk=,2018-03-09T19:55:22Z,2026-04-07T06:00:52Z,2026-04-07T06:00:51Z,52,True,modorganizer-helper,ModOrganizer2/modorganizer-helper,git@github.com:ModOrganizer2/modorganizer-helper.git,2
MDEwOlJlcG9zaXRvcnkxMjQ1ODY4MjM=,2018-03-09T19:55:20Z,2026-04-07T06:01:15Z,2026-04-07T06:01:14Z,89,True,modorganizer-installer_bain,ModOrganizer2/modorganizer-installer_bain,git@github.com:ModOrganizer2/modorganizer-installer_bain.git,1
MDEwOlJlcG9zaXRvcnkxMjQ1ODY4MTU=,2018-03-09T19:55:15Z,2026-04-07T05:58:53Z,2026-04-07T05:58:47Z,61,True,modorganizer-check_fnis,ModOrganizer2/modorganizer-check_fnis,git@github.com:ModOrganizer2/modorganizer-check_fnis.git,1
MDEwOlJlcG9zaXRvcnkxMjQ1ODY4MDk=,2018-03-09T19:55:12Z,2026-04-07T05:57:02Z,2026-04-07T05:57:03Z,75,True,modorganizer-installer_quick,ModOrganizer2/modorganizer-installer_quick,git@github.com:ModOrganizer2/modorganizer-installer_quick.git,0
MDEwOlJlcG9zaXRvcnkxMjQ1ODY4MDU=,2018-03-09T19:55:10Z,2026-04-07T07:02:07Z,2026-04-14T16:36:16Z,45,True,modorganizer-preview_base,ModOrganizer2/modorganizer-preview_base,git@github.com:ModOrganizer2/modorganizer-preview_base.git,1
MDEwOlJlcG9zaXRvcnkxMjQ1ODY3OTg=,2018-03-09T19:55:07Z,2026-04-07T07:01:39Z,2026-04-14T16:36:01Z,66,True,modorganizer-tool_inieditor,ModOrganizer2/modorganizer-tool_inieditor,git@github.com:ModOrganizer2/modorganizer-tool_inieditor.git,1
MDEwOlJlcG9zaXRvcnkxMjQ1ODY2NzY=,2018-03-09T19:53:59Z,2026-04-15T07:23:58Z,2026-05-06T20:45:57Z,213,True,modorganizer-bsatk,ModOrganizer2/modorganizer-bsatk,git@github.com:ModOrganizer2/modorganizer-bsatk.git,2
MDEwOlJlcG9zaXRvcnkxMjQ1NzUxODg=,2018-03-09T17:57:01Z,2026-04-24T03:47:54Z,2026-04-24T03:47:50Z,1287,False,afterglow,krre/afterglow,git@github.com:krre/afterglow.git,20
MDEwOlJlcG9zaXRvcnkxMjQ1NzUxMzY=,2018-03-09T17:56:26Z,2026-05-01T10:48:44Z,2026-05-01T10:49:19Z,22246,False,tools,stefankueng/tools,git@github.com:stefankueng/tools.git,235
MDEwOlJlcG9zaXRvcnkxMjQ1NzQzMzY=,2018-03-09T17:48:27Z,2026-04-26T18:21:30Z,2026-04-21T13:51:11Z,781701,True,Torsten,metrumresearchgroup/Torsten,git@github.com:metrumresearchgroup/Torsten.git,63
MDEwOlJlcG9zaXRvcnkxMjQ1NzQyMzg=,2018-03-09T17:47:37Z,2026-05-03T15:06:38Z,2026-05-02T07:38:31Z,35914,False,BowPad,stefankueng/BowPad,git@github.com:stefankueng/BowPad.git,751
MDEwOlJlcG9zaXRvcnkxMjQ1NzMyMDA=,2018-03-09T17:37:38Z,2026-05-05T23:43:56Z,2026-05-06T00:22:21Z,64459,True,xmscore,Aquaveo/xmscore,git@github.com:Aquaveo/xmscore.git,3
MDEwOlJlcG9zaXRvcnkxMjQ1NTczNDc=,2018-03-09T15:22:59Z,2026-04-25T22:05:32Z,2026-05-03T13:10:39Z,29821,True,py-mmcif,rcsb/py-mmcif,git@github.com:rcsb/py-mmcif.git,50
MDEwOlJlcG9zaXRvcnkxMjQ1NDk3NDg=,2018-03-09T14:19:07Z,2026-03-28T10:40:32Z,2026-03-28T10:40:25Z,903,False,docker-sandbox,i05nagai/docker-sandbox,git@github.com:i05nagai/docker-sandbox.git,3
MDEwOlJlcG9zaXRvcnkxMjQ1NDgxMjU=,2018-03-09T14:05:31Z,2026-03-24T16:15:28Z,2026-03-24T16:15:23Z,107,False,scamp5d,jianingchen/scamp5d,git@github.com:jianingchen/scamp5d.git,1
MDEwOlJlcG9zaXRvcnkxMjQ1MzExMDI=,2018-03-09T11:18:58Z,2026-05-07T05:43:20Z,2026-05-07T05:59:20Z,2412,True,urg_stamped,seqsense/urg_stamped,git@github.com:seqsense/urg_stamped.git,18
MDEwOlJlcG9zaXRvcnkxMjQ1MjQ3MzY=,2018-03-09T10:18:23Z,2026-04-15T14:32:28Z,2026-04-07T19:56:08Z,125,False,CPP-Public,VeretennikovAlexander/CPP-Public,git@github.com:VeretennikovAlexander/CPP-Public.git,2
MDEwOlJlcG9zaXRvcnkxMjQ0MjMxNzM=,2018-03-08T17:08:37Z,2026-04-28T09:49:46Z,2026-05-05T23:17:45Z,21533,True,biorbd,pyomeca/biorbd,git@github.com:pyomeca/biorbd.git,81
MDEwOlJlcG9zaXRvcnkxMjQzOTY0OTk=,2018-03-08T13:36:30Z,2026-04-14T16:21:56Z,2026-04-11T14:12:29Z,12313,False,nppexec,d0vgan/nppexec,git@github.com:d0vgan/nppexec.git,161
MDEwOlJlcG9zaXRvcnkxMjQzODY1NDI=,2018-03-08T12:13:23Z,2026-03-19T16:01:14Z,2026-03-19T16:00:50Z,254,True,mantis,yazgit-labs/mantis,git@github.com:yazgit-labs/mantis.git,0
MDEwOlJlcG9zaXRvcnkxMjQzNzMxNjQ=,2018-03-08T10:06:34Z,2026-04-17T11:37:17Z,2026-03-09T14:09:19Z,1637,True,knusperli,google/knusperli,git@github.com:google/knusperli.git,472
MDEwOlJlcG9zaXRvcnkxMjQzNjg2MjY=,2018-03-08T09:28:32Z,2026-03-02T19:12:39Z,2026-05-06T13:14:56Z,24075,True,nymea-plugins,nymea/nymea-plugins,git@github.com:nymea/nymea-plugins.git,25
MDEwOlJlcG9zaXRvcnkxMjQzNjg1NDA=,2018-03-08T09:27:49Z,2026-04-01T08:05:36Z,2026-05-06T12:41:08Z,39692,True,nymea,nymea/nymea,git@github.com:nymea/nymea.git,151
MDEwOlJlcG9zaXRvcnkxMjQzNTYxNDI=,2018-03-08T07:48:55Z,2026-05-07T11:09:32Z,2026-05-07T11:09:27Z,210504,True,dde-file-manager,linuxdeepin/dde-file-manager,git@github.com:linuxdeepin/dde-file-manager.git,411
MDEwOlJlcG9zaXRvcnkxMjQzNTU1NjU=,2018-03-08T07:43:32Z,2026-03-16T15:58:12Z,2026-03-16T15:58:08Z,4,False,Roman,jcoffin01/Roman,git@github.com:jcoffin01/Roman.git,1
MDEwOlJlcG9zaXRvcnkxMjQzMjY3NjI=,2018-03-08T02:46:14Z,2026-03-11T01:18:02Z,2026-05-07T08:22:10Z,84260,False,Seneca_College,nickyoon89/Seneca_College,git@github.com:nickyoon89/Seneca_College.git,10
MDEwOlJlcG9zaXRvcnkxMjQzMTI5NTY=,2018-03-08T00:32:14Z,2026-05-03T18:16:40Z,2026-03-27T20:07:49Z,63672,True,service-fabric,microsoft/service-fabric,git@github.com:microsoft/service-fabric.git,3059
MDEwOlJlcG9zaXRvcnkxMjQyNjIzNDY=,2018-03-07T16:19:21Z,2026-05-05T09:47:48Z,2026-05-05T09:47:44Z,77766,True,BSMPT,BSMPT/BSMPT,git@github.com:BSMPT/BSMPT.git,20
MDEwOlJlcG9zaXRvcnkxMjQyMDEwNjM=,2018-03-07T08:05:34Z,2026-03-09T01:53:09Z,2026-03-09T01:53:05Z,1383,True,raikv,raitechnology/raikv,git@github.com:raitechnology/raikv.git,7
MDEwOlJlcG9zaXRvcnkxMjQxNzQzMTE=,2018-03-07T03:36:04Z,2026-05-07T06:20:22Z,2026-03-20T18:11:15Z,211255,True,SimpleKernel,Simple-XX/SimpleKernel,git@github.com:Simple-XX/SimpleKernel.git,3179
MDEwOlJlcG9zaXRvcnkxMjM5NTE2OTg=,2018-03-05T17:06:55Z,2026-03-28T09:27:02Z,2026-03-23T21:27:28Z,73,True,mod-npc-buffer,azerothcore/mod-npc-buffer,git@github.com:azerothcore/mod-npc-buffer.git,20
MDEwOlJlcG9zaXRvcnkxMjM5NTE2ODc=,2018-03-05T17:06:49Z,2026-05-03T16:33:09Z,2026-03-23T21:27:41Z,54,True,mod-npc-gambler,azerothcore/mod-npc-gambler,git@github.com:azerothcore/mod-npc-gambler.git,14
MDEwOlJlcG9zaXRvcnkxMjM5NTE2NzY=,2018-03-05T17:06:44Z,2026-03-28T03:56:09Z,2026-03-23T21:27:24Z,145,True,mod-npc-beastmaster,azerothcore/mod-npc-beastmaster,git@github.com:azerothcore/mod-npc-beastmaster.git,27
MDEwOlJlcG9zaXRvcnkxMjM5NTE2NTQ=,2018-03-05T17:06:34Z,2026-04-04T14:59:39Z,2026-04-04T14:59:32Z,54,True,mod-starter-guild,azerothcore/mod-starter-guild,git@github.com:azerothcore/mod-starter-guild.git,12
MDEwOlJlcG9zaXRvcnkxMjM5NTE2NDA=,2018-03-05T17:06:30Z,2026-03-23T21:27:40Z,2026-03-23T21:27:35Z,78,True,mod-npc-enchanter,azerothcore/mod-npc-enchanter,git@github.com:azerothcore/mod-npc-enchanter.git,35
MDEwOlJlcG9zaXRvcnkxMjM5NTE2Mjk=,2018-03-05T17:06:25Z,2026-03-23T21:27:25Z,2026-03-23T21:27:21Z,85,True,mod-npc-all-mounts,azerothcore/mod-npc-all-mounts,git@github.com:azerothcore/mod-npc-all-mounts.git,11
MDEwOlJlcG9zaXRvcnkxMjM5NTE2MDk=,2018-03-05T17:06:15Z,2026-03-23T21:27:36Z,2026-03-23T21:27:31Z,75,True,mod-npc-codebox,azerothcore/mod-npc-codebox,git@github.com:azerothcore/mod-npc-codebox.git,6
MDEwOlJlcG9zaXRvcnkxMjM5NTE2MDM=,2018-03-05T17:06:10Z,2026-03-15T10:25:52Z,2026-03-15T10:25:48Z,49,True,mod-money-for-kills,azerothcore/mod-money-for-kills,git@github.com:azerothcore/mod-money-for-kills.git,12
MDEwOlJlcG9zaXRvcnkxMjM5NDY5NTI=,2018-03-05T16:28:02Z,2026-04-04T17:24:09Z,2026-04-04T17:24:05Z,2628,False,AaDS,Sakif/AaDS,git@github.com:Sakif/AaDS.git,0
MDEwOlJlcG9zaXRvcnkxMjM5NDQxMDc=,2018-03-05T16:05:21Z,2026-05-06T13:55:51Z,2026-05-05T17:07:16Z,93251,False,RadioLib,jgromes/RadioLib,git@github.com:jgromes/RadioLib.git,2435
MDEwOlJlcG9zaXRvcnkxMjM5MzM0OTg=,2018-03-05T14:43:18Z,2026-05-06T13:30:51Z,2026-05-06T13:30:48Z,3797,True,update_engine,flatcar/update_engine,git@github.com:flatcar/update_engine.git,6
MDEwOlJlcG9zaXRvcnkxMjM5MTEwMzQ=,2018-03-05T11:39:43Z,2026-05-01T18:09:10Z,2026-04-14T12:23:39Z,252,True,nymea-networkmanager,nymea/nymea-networkmanager,git@github.com:nymea/nymea-networkmanager.git,58
MDEwOlJlcG9zaXRvcnkxMjM5MDU1MjM=,2018-03-05T10:46:38Z,2026-03-31T14:35:29Z,2026-03-24T17:50:59Z,880,True,prmon,HSF/prmon,git@github.com:HSF/prmon.git,60
MDEwOlJlcG9zaXRvcnkxMjM5MDEzMjc=,2018-03-05T10:10:32Z,2026-03-04T09:59:20Z,2026-03-29T12:47:50Z,42253,False,TIL,blas1n/TIL,git@github.com:blas1n/TIL.git,3
MDEwOlJlcG9zaXRvcnkxMjM4ODk2NjQ=,2018-03-05T08:37:57Z,2026-05-04T05:15:30Z,2026-05-04T05:15:25Z,12665,True,roq-api,roq-trading/roq-api,git@github.com:roq-trading/roq-api.git,506
MDEwOlJlcG9zaXRvcnkxMjM4NDY0MjY=,2018-03-05T01:17:45Z,2026-05-06T02:16:34Z,2026-05-06T02:18:26Z,32895,False,mTroll,sean-e/mTroll,git@github.com:sean-e/mTroll.git,4
MDEwOlJlcG9zaXRvcnkxMjM3ODgwMzA=,2018-03-04T12:50:11Z,2026-04-08T11:03:55Z,2026-04-08T11:03:49Z,29,True,libsmarter,managarm/libsmarter,git@github.com:managarm/libsmarter.git,7
MDEwOlJlcG9zaXRvcnkxMjM3ODU1MDQ=,2018-03-04T12:16:39Z,2026-04-28T15:17:40Z,2026-04-28T15:07:07Z,82,False,Parser,LangsethLars/Parser,git@github.com:LangsethLars/Parser.git,0
MDEwOlJlcG9zaXRvcnkxMjM3ODI0MzU=,2018-03-04T11:33:06Z,2026-04-28T11:21:17Z,2026-04-28T13:53:52Z,485824,False,winmerge-v2-jp,sdottaka/winmerge-v2-jp,git@github.com:sdottaka/winmerge-v2-jp.git,38
MDEwOlJlcG9zaXRvcnkxMjM3NzQwMjk=,2018-03-04T09:25:47Z,2026-05-02T18:57:47Z,2026-04-13T17:17:58Z,165,False,Textify,m417z/Textify,git@github.com:m417z/Textify.git,1067
MDEwOlJlcG9zaXRvcnkxMjM2OTU3MzY=,2018-03-03T13:45:56Z,2026-05-06T14:56:55Z,2026-03-04T17:24:29Z,16682,True,hb-appstore,fortheusers/hb-appstore,git@github.com:fortheusers/hb-appstore.git,1386
MDEwOlJlcG9zaXRvcnkxMjM2OTA1Nzc=,2018-03-03T12:38:24Z,2026-05-06T13:14:04Z,2026-05-06T13:14:00Z,10,False,comhelper,tk-xleader/comhelper,git@github.com:tk-xleader/comhelper.git,0
MDEwOlJlcG9zaXRvcnkxMjM2ODYzMTM=,2018-03-03T11:36:05Z,2026-04-09T15:29:53Z,2026-03-28T11:19:14Z,52,False,socks,wuyisheng/socks,git@github.com:wuyisheng/socks.git,19
MDEwOlJlcG9zaXRvcnkxMjM2ODE5NDU=,2018-03-03T10:29:09Z,2026-03-12T22:29:38Z,2026-03-10T11:20:22Z,6058,True,mozangle,servo/mozangle,git@github.com:servo/mozangle.git,49
MDEwOlJlcG9zaXRvcnkxMjM2ODAyMjI=,2018-03-03T10:03:43Z,2026-05-06T18:48:04Z,2026-05-06T18:48:13Z,49315,True,mcu-firmware,cogip/mcu-firmware,git@github.com:cogip/mcu-firmware.git,7
MDEwOlJlcG9zaXRvcnkxMjM2NzcxMzg=,2018-03-03T09:19:04Z,2026-05-03T16:17:06Z,2026-05-06T22:20:16Z,504751,False,basilisk55,roytam1/basilisk55,git@github.com:roytam1/basilisk55.git,26
MDEwOlJlcG9zaXRvcnkxMjM2MzI2ODc=,2018-03-02T21:27:28Z,2026-05-07T04:56:36Z,2026-05-07T04:56:32Z,1331,True,L1T_EcalLaserValidation,EcalLaserValidation/L1T_EcalLaserValidation,git@github.com:EcalLaserValidation/L1T_EcalLaserValidation.git,0
MDEwOlJlcG9zaXRvcnkxMjM2MTA4MTY=,2018-03-02T17:42:11Z,2026-04-29T13:25:09Z,2026-04-29T13:23:56Z,2193,False,KISS-CosmicRayDataBase,carmeloevoli/KISS-CosmicRayDataBase,git@github.com:carmeloevoli/KISS-CosmicRayDataBase.git,1
MDEwOlJlcG9zaXRvcnkxMjM1ODkxMDE=,2018-03-02T14:28:32Z,2026-04-30T17:00:57Z,2026-04-30T17:00:39Z,12461,True,Cinecoder.Samples,Cinegy/Cinecoder.Samples,git@github.com:Cinegy/Cinecoder.Samples.git,20
MDEwOlJlcG9zaXRvcnkxMjM1NjU1MDc=,2018-03-02T10:25:18Z,2026-05-06T15:46:21Z,2026-05-06T15:45:03Z,10627,False,64klang,gopher-atz/64klang,git@github.com:gopher-atz/64klang.git,284
MDEwOlJlcG9zaXRvcnkxMjM1NjE1MzI=,2018-03-02T09:48:03Z,2026-04-16T07:38:53Z,2026-04-16T07:38:48Z,46007,True,Trail-it,med-material/Trail-it,git@github.com:med-material/Trail-it.git,1
MDEwOlJlcG9zaXRvcnkxMjM1NDk0NDM=,2018-03-02T08:04:04Z,2026-03-17T00:53:43Z,2026-03-12T14:04:18Z,975,False,7-segment-clock,leoclee/7-segment-clock,git@github.com:leoclee/7-segment-clock.git,40
MDEwOlJlcG9zaXRvcnkxMjM1MjI3NjQ=,2018-03-02T03:02:21Z,2026-05-07T06:39:10Z,2026-04-04T22:30:35Z,10929,False,qView,jurplel/qView,git@github.com:jurplel/qView.git,3266
MDEwOlJlcG9zaXRvcnkxMjM1MDY4ODE=,2018-03-02T00:00:36Z,2026-05-04T23:40:15Z,2026-05-04T23:40:13Z,11797,True,ac_math,hlslibs/ac_math,git@github.com:hlslibs/ac_math.git,67
MDEwOlJlcG9zaXRvcnkxMjM0OTQ2NzE=,2018-03-01T21:30:19Z,2026-04-23T03:38:40Z,2026-03-02T08:50:21Z,652,False,ulisp-esp,technoblogy/ulisp-esp,git@github.com:technoblogy/ulisp-esp.git,133
MDEwOlJlcG9zaXRvcnkxMjM0Nzk0Nzg=,2018-03-01T19:00:59Z,2026-05-05T12:16:58Z,2026-05-05T12:16:51Z,24080,True,gpr,gopro/gpr,git@github.com:gopro/gpr.git,139
MDEwOlJlcG9zaXRvcnkxMjM0NzkzMjA=,2018-03-01T18:59:27Z,2026-04-10T03:55:48Z,2026-03-25T16:12:59Z,452,False,libpatchfinder,tihmstar/libpatchfinder,git@github.com:tihmstar/libpatchfinder.git,150
MDEwOlJlcG9zaXRvcnkxMjM0NzExODk=,2018-03-01T17:47:18Z,2026-04-14T22:27:16Z,2026-04-14T22:27:12Z,2423,False,au,hellige/au,git@github.com:hellige/au.git,25
MDEwOlJlcG9zaXRvcnkxMjM0Njg5NjE=,2018-03-01T17:30:36Z,2026-05-02T16:35:27Z,2026-05-04T13:44:48Z,296,True,half,ROCm/half,git@github.com:ROCm/half.git,29
MDEwOlJlcG9zaXRvcnkxMjM0NjAyMjk=,2018-03-01T16:19:48Z,2026-04-18T20:47:49Z,2026-04-18T20:56:22Z,8525,True,COSMA,eth-cscs/COSMA,git@github.com:eth-cscs/COSMA.git,213
MDEwOlJlcG9zaXRvcnkxMjM0NTM0NzM=,2018-03-01T15:27:17Z,2026-05-02T14:55:07Z,2026-05-02T14:55:04Z,23653,False,godzilla,andrsd/godzilla,git@github.com:andrsd/godzilla.git,5
MDEwOlJlcG9zaXRvcnkxMjM0Mzg5NzA=,2018-03-01T13:32:31Z,2026-04-30T19:05:38Z,2026-04-30T19:05:34Z,42,False,2018_HackerRank,bunnycodec/2018_HackerRank,git@github.com:bunnycodec/2018_HackerRank.git,0
MDEwOlJlcG9zaXRvcnkxMjMzODkyNDE=,2018-03-01T05:56:52Z,2026-04-18T07:49:14Z,2026-04-18T07:49:10Z,29,False,tabulation,rmzahid/tabulation,git@github.com:rmzahid/tabulation.git,0
MDEwOlJlcG9zaXRvcnkxMjMyODEwMTE=,2018-02-28T12:19:20Z,2026-04-24T16:20:12Z,2026-04-24T16:20:06Z,400,True,XDFBrowser,xdf-modules/XDFBrowser,git@github.com:xdf-modules/XDFBrowser.git,5
MDEwOlJlcG9zaXRvcnkxMjMyODA3NDM=,2018-02-28T12:17:09Z,2026-04-24T04:02:11Z,2026-04-02T15:35:22Z,834,True,App-LabRecorder,labstreaminglayer/App-LabRecorder,git@github.com:labstreaminglayer/App-LabRecorder.git,192
MDEwOlJlcG9zaXRvcnkxMjMyODA2MDA=,2018-02-28T12:15:50Z,2026-04-01T00:54:19Z,2026-04-01T00:54:14Z,450,True,App-EGIAmpServer,labstreaminglayer/App-EGIAmpServer,git@github.com:labstreaminglayer/App-EGIAmpServer.git,2
MDEwOlJlcG9zaXRvcnkxMjMyNzgyNzY=,2018-02-28T11:54:53Z,2026-03-18T10:09:45Z,2026-05-06T14:09:07Z,491,True,testtool,innogames/testtool,git@github.com:innogames/testtool.git,8
MDEwOlJlcG9zaXRvcnkxMjMyNjU4NjU=,2018-02-28T09:59:54Z,2026-04-22T01:07:29Z,2026-04-22T01:07:25Z,17289,True,liblsl,sccn/liblsl,git@github.com:sccn/liblsl.git,166
MDEwOlJlcG9zaXRvcnkxMjMyNTk0NzE=,2018-02-28T09:10:15Z,2026-04-07T15:49:49Z,2026-04-07T15:49:33Z,856,False,sqt,parihaaraka/sqt,git@github.com:parihaaraka/sqt.git,35
MDEwOlJlcG9zaXRvcnkxMjMyMzUzMzU=,2018-02-28T05:42:35Z,2026-04-28T09:54:19Z,2026-04-14T14:06:08Z,2033,False,algorithm,drken1215/algorithm,git@github.com:drken1215/algorithm.git,276
MDEwOlJlcG9zaXRvcnkxMjMyMDIzNzA=,2018-02-27T23:41:55Z,2026-03-01T11:28:49Z,2026-03-01T11:28:44Z,106608,False,SmartHome,TomMajor/SmartHome,git@github.com:TomMajor/SmartHome.git,91
MDEwOlJlcG9zaXRvcnkxMjMxODQwNTI=,2018-02-27T20:25:36Z,2026-04-21T15:17:44Z,2026-04-21T15:17:40Z,341,False,paradigmi,tomamic/paradigmi,git@github.com:tomamic/paradigmi.git,0
MDEwOlJlcG9zaXRvcnkxMjMxODEzNzk=,2018-02-27T20:03:04Z,2026-04-10T17:06:23Z,2026-04-17T11:12:13Z,3610,True,phosphor-pid-control,openbmc/phosphor-pid-control,git@github.com:openbmc/phosphor-pid-control.git,23
MDEwOlJlcG9zaXRvcnkxMjMxNjE3MTg=,2018-02-27T17:09:07Z,2026-03-19T23:45:08Z,2026-03-19T23:44:03Z,714703,True,libmongosql,mongodb/libmongosql,git@github.com:mongodb/libmongosql.git,5
MDEwOlJlcG9zaXRvcnkxMjMwMzU2MzY=,2018-02-26T21:52:23Z,2026-05-02T17:56:37Z,2026-04-04T06:16:06Z,269034,False,XBART,JingyuHe/XBART,git@github.com:JingyuHe/XBART.git,94
MDEwOlJlcG9zaXRvcnkxMjMwMjc2OTY=,2018-02-26T20:40:15Z,2026-04-09T03:45:00Z,2026-04-09T03:44:57Z,61885,False,CppTDDX,mathwiz/CppTDDX,git@github.com:mathwiz/CppTDDX.git,0
MDEwOlJlcG9zaXRvcnkxMjI5NzY0NTA=,2018-02-26T13:49:54Z,2026-03-24T12:10:50Z,2026-03-24T12:10:45Z,1352,False,libbio,tsnorri/libbio,git@github.com:tsnorri/libbio.git,4
MDEwOlJlcG9zaXRvcnkxMjI5NzU3NDU=,2018-02-26T13:44:07Z,2026-05-02T12:42:47Z,2026-05-06T15:22:25Z,19897,True,atlas,ecmwf/atlas,git@github.com:ecmwf/atlas.git,147
MDEwOlJlcG9zaXRvcnkxMjI5NzQ0NTM=,2018-02-26T13:33:38Z,2026-03-28T07:35:28Z,2026-05-07T07:58:46Z,21856,True,eckit,ecmwf/eckit,git@github.com:ecmwf/eckit.git,29
MDEwOlJlcG9zaXRvcnkxMjI5NzA5NzE=,2018-02-26T13:04:39Z,2026-05-05T10:07:44Z,2026-05-07T11:05:36Z,230632,True,hhuOS,hhuOS/hhuOS,git@github.com:hhuOS/hhuOS.git,223
MDEwOlJlcG9zaXRvcnkxMjI5MTQzNjE=,2018-02-26T04:45:16Z,2026-04-27T19:38:46Z,2026-05-02T06:17:20Z,106524,True,UOX3,UOX3DevTeam/UOX3,git@github.com:UOX3DevTeam/UOX3.git,73
MDEwOlJlcG9zaXRvcnkxMjI4NzUxNjc=,2018-02-25T20:45:58Z,2026-05-04T22:29:36Z,2026-05-04T22:29:31Z,891,False,dstr,bdeyal/dstr,git@github.com:bdeyal/dstr.git,1
MDEwOlJlcG9zaXRvcnkxMjI4NjM3MDQ=,2018-02-25T18:29:51Z,2026-05-03T11:13:14Z,2026-04-26T01:24:34Z,1791,False,igel,vshcherbyna/igel,git@github.com:vshcherbyna/igel.git,107
MDEwOlJlcG9zaXRvcnkxMjI4NTQzODY=,2018-02-25T16:37:43Z,2026-03-07T03:49:24Z,2026-03-05T01:20:01Z,386,True,tri_hardware_drivers,ToyotaResearchInstitute/tri_hardware_drivers,git@github.com:ToyotaResearchInstitute/tri_hardware_drivers.git,6
MDEwOlJlcG9zaXRvcnkxMjI4MTg3NjU=,2018-02-25T08:34:28Z,2026-05-07T04:18:58Z,2026-05-07T04:23:39Z,25974,False,ice_halo_sim,LoveDaisy/ice_halo_sim,git@github.com:LoveDaisy/ice_halo_sim.git,107
MDEwOlJlcG9zaXRvcnkxMjI4MTAzMTY=,2018-02-25T06:09:16Z,2026-05-06T22:05:59Z,2026-04-28T05:12:40Z,6155,False,VideoRenderer,Aleksoid1978/VideoRenderer,git@github.com:Aleksoid1978/VideoRenderer.git,1617
MDEwOlJlcG9zaXRvcnkxMjI3NzI2OTA=,2018-02-24T19:31:47Z,2026-04-24T16:03:09Z,2026-04-24T16:03:08Z,329671,False,serow,mrsp/serow,git@github.com:mrsp/serow.git,92
MDEwOlJlcG9zaXRvcnkxMjI3NzE1OTk=,2018-02-24T19:17:48Z,2026-05-01T23:48:14Z,2026-05-01T23:48:10Z,15168,False,Money,cad0p/Money,git@github.com:cad0p/Money.git,1
MDEwOlJlcG9zaXRvcnkxMjI3NTgxOTM=,2018-02-24T16:34:41Z,2026-05-07T11:42:08Z,2026-03-07T15:39:42Z,574222,False,video2x,k4yt3x/video2x,git@github.com:k4yt3x/video2x.git,19810
MDEwOlJlcG9zaXRvcnkxMjI3NTQ1NzQ=,2018-02-24T15:53:13Z,2026-03-07T16:30:26Z,2026-03-07T16:30:23Z,173,True,DriversStations,entech281/DriversStations,git@github.com:entech281/DriversStations.git,0
MDEwOlJlcG9zaXRvcnkxMjI3NTI5MjQ=,2018-02-24T15:33:16Z,2026-03-19T14:39:04Z,2026-03-19T14:34:25Z,28,False,Wireless-Launch-Controller,rsynoski/Wireless-Launch-Controller,git@github.com:rsynoski/Wireless-Launch-Controller.git,0
MDEwOlJlcG9zaXRvcnkxMjI3Mzc2Nzk=,2018-02-24T12:14:56Z,2026-04-18T20:16:52Z,2026-04-18T20:16:49Z,75806,False,EngineRuntime,ManweMSU/EngineRuntime,git@github.com:ManweMSU/EngineRuntime.git,7
MDEwOlJlcG9zaXRvcnkxMjI3MDMyNzQ=,2018-02-24T04:34:23Z,2026-04-20T17:31:55Z,2026-04-20T17:31:35Z,1274,True,ThePowderToy,libretro/ThePowderToy,git@github.com:libretro/ThePowderToy.git,8
MDEwOlJlcG9zaXRvcnkxMjI2NTg0MDU=,2018-02-23T18:32:00Z,2026-04-04T20:07:48Z,2026-04-04T20:07:38Z,3487,False,qdaq,gapost/qdaq,git@github.com:gapost/qdaq.git,7
MDEwOlJlcG9zaXRvcnkxMjI2MTgxMTE=,2018-02-23T12:23:06Z,2026-04-06T09:16:30Z,2026-04-06T09:16:22Z,6724,False,HerkulexServo,cesarvandevelde/HerkulexServo,git@github.com:cesarvandevelde/HerkulexServo.git,8
MDEwOlJlcG9zaXRvcnkxMjI2MTI3NzU=,2018-02-23T11:26:44Z,2026-04-15T09:24:58Z,2026-03-23T11:12:32Z,310,True,NlinTS,cran/NlinTS,git@github.com:cran/NlinTS.git,2
MDEwOlJlcG9zaXRvcnkxMjI1OTA5MDU=,2018-02-23T08:02:21Z,2026-03-01T19:54:27Z,2026-03-01T19:54:23Z,73841,False,SaliCAD,usiksan/SaliCAD,git@github.com:usiksan/SaliCAD.git,5
MDEwOlJlcG9zaXRvcnkxMjI1NjA4NTM=,2018-02-23T02:04:29Z,2026-05-02T04:04:37Z,2026-05-02T04:04:32Z,5794,False,code_test_records,mswdwk/code_test_records,git@github.com:mswdwk/code_test_records.git,0
MDEwOlJlcG9zaXRvcnkxMjI1NDc4NTE=,2018-02-22T23:27:03Z,2026-04-07T15:01:56Z,2026-04-07T15:01:16Z,1086127,False,QwerkE,AaronAppel/QwerkE,git@github.com:AaronAppel/QwerkE.git,0
MDEwOlJlcG9zaXRvcnkxMjI1NDI4NDI=,2018-02-22T22:26:31Z,2026-05-03T08:40:11Z,2026-05-03T08:40:08Z,227,False,arduinolib,shtein/arduinolib,git@github.com:shtein/arduinolib.git,0
MDEwOlJlcG9zaXRvcnkxMjI0NjExMzY=,2018-02-22T10:03:36Z,2026-04-22T02:38:47Z,2026-05-07T08:08:03Z,444,True,client-c,tikv/client-c,git@github.com:tikv/client-c.git,40
MDEwOlJlcG9zaXRvcnkxMjI0MzIzODA=,2018-02-22T04:53:46Z,2026-04-16T09:56:52Z,2026-04-16T09:56:48Z,63083,False,LAMMPS-UEFEX,t-murash/LAMMPS-UEFEX,git@github.com:t-murash/LAMMPS-UEFEX.git,5
MDEwOlJlcG9zaXRvcnkxMjI0MjMxMjg=,2018-02-22T02:54:57Z,2026-05-01T13:44:40Z,2026-05-07T06:14:53Z,120046,True,fluxd,RunOnFlux/fluxd,git@github.com:RunOnFlux/fluxd.git,85
MDEwOlJlcG9zaXRvcnkxMjI0MDc3Mzc=,2018-02-21T23:39:10Z,2026-04-16T14:40:27Z,2026-04-16T14:40:23Z,367,False,molecular-meshfile,cmdrf/molecular-meshfile,git@github.com:cmdrf/molecular-meshfile.git,1
MDEwOlJlcG9zaXRvcnkxMjIzNTk1ODQ=,2018-02-21T16:11:58Z,2026-04-25T16:08:03Z,2026-04-25T16:07:57Z,9405,False,spot-on-lite,textbrowser/spot-on-lite,git@github.com:textbrowser/spot-on-lite.git,7
MDEwOlJlcG9zaXRvcnkxMjIzMzEyMzI=,2018-02-21T12:04:32Z,2026-03-31T07:25:34Z,2026-03-31T07:25:52Z,7497,False,RAILDUINO,PavSedl/RAILDUINO,git@github.com:PavSedl/RAILDUINO.git,7
MDEwOlJlcG9zaXRvcnkxMjIyODYyMzQ=,2018-02-21T03:05:30Z,2026-03-19T05:55:55Z,2026-03-19T05:55:52Z,11827,False,Libraries,Radicalware/Libraries,git@github.com:Radicalware/Libraries.git,7
MDEwOlJlcG9zaXRvcnkxMjIyNjgzMDE=,2018-02-20T23:09:28Z,2026-04-20T21:13:51Z,2026-04-20T21:13:47Z,210,False,astro,LarsFlaeten/astro,git@github.com:LarsFlaeten/astro.git,0
MDEwOlJlcG9zaXRvcnkxMjIyNDYyMzc=,2018-02-20T19:36:28Z,2026-03-31T01:27:02Z,2026-03-31T01:26:57Z,1979,False,Nixie,bagilder/Nixie,git@github.com:bagilder/Nixie.git,0
MDEwOlJlcG9zaXRvcnkxMjIyMTE3NDM=,2018-02-20T14:50:29Z,2026-03-07T02:10:05Z,2026-03-07T02:08:31Z,91,False,littleNetdisk,yoing945/littleNetdisk,git@github.com:yoing945/littleNetdisk.git,7
MDEwOlJlcG9zaXRvcnkxMjIyMDI4MjY=,2018-02-20T13:37:58Z,2026-03-13T09:31:38Z,2026-03-13T09:31:34Z,15062,False,vk-test,samuelig/vk-test,git@github.com:samuelig/vk-test.git,0
MDEwOlJlcG9zaXRvcnkxMjIxOTM4MDg=,2018-02-20T12:13:16Z,2026-05-07T04:44:39Z,2026-05-07T06:04:01Z,218126,True,ml-cpp,elastic/ml-cpp,git@github.com:elastic/ml-cpp.git,158
MDEwOlJlcG9zaXRvcnkxMjIxNzUwNjE=,2018-02-20T08:58:49Z,2026-04-13T10:03:18Z,2026-04-16T05:18:31Z,165,False,uSevenSegmentLib,Naguissa/uSevenSegmentLib,git@github.com:Naguissa/uSevenSegmentLib.git,5
MDEwOlJlcG9zaXRvcnkxMjIxNTUxODU=,2018-02-20T04:29:02Z,2026-03-08T07:50:17Z,2026-03-08T07:50:13Z,4377,False,VirHostMatcher-Net,WeiliWw/VirHostMatcher-Net,git@github.com:WeiliWw/VirHostMatcher-Net.git,19
MDEwOlJlcG9zaXRvcnkxMjIxMDQ0MDQ=,2018-02-19T18:37:25Z,2026-04-09T10:38:52Z,2026-04-09T10:38:47Z,2006,False,usim,raybellis/usim,git@github.com:raybellis/usim.git,29
MDEwOlJlcG9zaXRvcnkxMjIwODkxNDg=,2018-02-19T16:24:44Z,2026-05-03T13:10:50Z,2026-05-03T13:10:47Z,3503,False,peejay,paulhuggett/peejay,git@github.com:paulhuggett/peejay.git,1
MDEwOlJlcG9zaXRvcnkxMjIwMTI4MjQ=,2018-02-19T02:59:59Z,2026-03-05T16:38:18Z,2026-03-05T16:38:14Z,30,False,AdobeACOCreator,hsnamr/AdobeACOCreator,git@github.com:hsnamr/AdobeACOCreator.git,0
MDEwOlJlcG9zaXRvcnkxMjE5OTE3Mzg=,2018-02-18T21:20:24Z,2026-03-30T22:29:51Z,2026-03-30T22:29:47Z,47,False,SNES-decompression-tools,ProtonNoir/SNES-decompression-tools,git@github.com:ProtonNoir/SNES-decompression-tools.git,29
MDEwOlJlcG9zaXRvcnkxMjE5ODQ5NTE=,2018-02-18T19:51:09Z,2026-05-03T19:18:08Z,2026-05-03T19:18:05Z,114,False,attoparsecpp,tfc/attoparsecpp,git@github.com:tfc/attoparsecpp.git,6
MDEwOlJlcG9zaXRvcnkxMjE5MTkxNTQ=,2018-02-18T04:53:07Z,2026-04-26T00:41:11Z,2026-04-26T00:41:07Z,40684,False,spacedinvaders,Nuclearfossil/spacedinvaders,git@github.com:Nuclearfossil/spacedinvaders.git,8
MDEwOlJlcG9zaXRvcnkxMjE4NDM4Nzc=,2018-02-17T09:50:48Z,2026-04-18T07:47:13Z,2026-04-24T15:26:00Z,3867,False,defold-daabbcc,selimanac/defold-daabbcc,git@github.com:selimanac/defold-daabbcc.git,88
MDEwOlJlcG9zaXRvcnkxMjE3Nzc3MTU=,2018-02-16T17:11:41Z,2026-03-24T04:50:26Z,2026-03-24T04:50:22Z,1133,False,ThorsIOUtil,Loki-Astari/ThorsIOUtil,git@github.com:Loki-Astari/ThorsIOUtil.git,2
MDEwOlJlcG9zaXRvcnkxMjE3NTU1NTg=,2018-02-16T13:46:20Z,2026-05-04T16:08:31Z,2026-04-25T08:42:11Z,173836,False,astromenace,viewizard/astromenace,git@github.com:viewizard/astromenace.git,283
MDEwOlJlcG9zaXRvcnkxMjE3MzQxMTk=,2018-02-16T09:34:42Z,2026-04-10T12:33:49Z,2026-04-10T12:34:19Z,1532,False,Cpp-SocketLibrary,Kilemonn/Cpp-SocketLibrary,git@github.com:Kilemonn/Cpp-SocketLibrary.git,8
MDEwOlJlcG9zaXRvcnkxMjE3MzE5OTA=,2018-02-16T09:10:32Z,2026-05-03T20:04:33Z,2026-05-03T20:12:50Z,17112,True,simcoon,3MAH/simcoon,git@github.com:3MAH/simcoon.git,16
MDEwOlJlcG9zaXRvcnkxMjE3MjcwMTA=,2018-02-16T08:03:44Z,2026-04-28T11:04:07Z,2026-04-10T03:18:14Z,27212,False,SPARTA,leomccormack/SPARTA,git@github.com:leomccormack/SPARTA.git,737
MDEwOlJlcG9zaXRvcnkxMjE3MTg3ODY=,2018-02-16T05:42:44Z,2026-04-15T19:39:49Z,2026-04-13T19:29:45Z,7767,True,mlspp,cisco/mlspp,git@github.com:cisco/mlspp.git,140
MDEwOlJlcG9zaXRvcnkxMjE2OTgyMzc=,2018-02-16T00:02:29Z,2026-05-05T03:41:27Z,2026-05-05T03:41:24Z,16370,False,orcus,kohei-us/orcus,git@github.com:kohei-us/orcus.git,5
MDEwOlJlcG9zaXRvcnkxMjE2OTgxMTI=,2018-02-16T00:00:25Z,2026-05-07T01:38:33Z,2026-05-07T01:38:30Z,2955,False,ixion,kohei-us/ixion,git@github.com:kohei-us/ixion.git,10
MDEwOlJlcG9zaXRvcnkxMjE2OTAzNDg=,2018-02-15T22:25:24Z,2026-05-06T21:14:53Z,2026-05-06T20:57:12Z,11500,True,cel-cpp,google/cel-cpp,git@github.com:google/cel-cpp.git,229
MDEwOlJlcG9zaXRvcnkxMjE2ODQ1MjI=,2018-02-15T21:24:21Z,2026-04-16T12:05:00Z,2026-04-16T12:04:55Z,24662,False,vossvolvox,vosslab/vossvolvox,git@github.com:vosslab/vossvolvox.git,15
MDEwOlJlcG9zaXRvcnkxMjE2Njc4MjY=,2018-02-15T18:47:49Z,2026-05-01T09:05:15Z,2026-05-01T09:05:12Z,68,False,StudyPlan,madhukumar123/StudyPlan,git@github.com:madhukumar123/StudyPlan.git,1
MDEwOlJlcG9zaXRvcnkxMjE2MzQ3Njk=,2018-02-15T13:46:52Z,2026-04-13T08:10:47Z,2026-04-13T08:10:46Z,108,True,node-esptk,Nexus-Mods/node-esptk,git@github.com:Nexus-Mods/node-esptk.git,0
MDEwOlJlcG9zaXRvcnkxMjE2MzM5MzM=,2018-02-15T13:38:06Z,2026-04-15T06:27:05Z,2026-04-15T06:27:09Z,294,True,node-gamebryo-savegames,Nexus-Mods/node-gamebryo-savegames,git@github.com:Nexus-Mods/node-gamebryo-savegames.git,5
MDEwOlJlcG9zaXRvcnkxMjE2MzAzOTQ=,2018-02-15T13:01:29Z,2026-05-04T20:08:33Z,2026-05-04T20:08:29Z,40361,False,rstex,nadder/rstex,git@github.com:nadder/rstex.git,20
MDEwOlJlcG9zaXRvcnkxMjE2Mjk4NDM=,2018-02-15T12:55:28Z,2026-04-13T08:12:40Z,2026-05-07T00:43:19Z,209200,True,node-loot,Nexus-Mods/node-loot,git@github.com:Nexus-Mods/node-loot.git,4
MDEwOlJlcG9zaXRvcnkxMjE2MTU4MzQ=,2018-02-15T10:23:00Z,2026-05-03T16:03:34Z,2026-05-03T14:46:41Z,417327,True,FreeFem-sources,FreeFem/FreeFem-sources,git@github.com:FreeFem/FreeFem-sources.git,912
MDEwOlJlcG9zaXRvcnkxMjE1NzE3OTY=,2018-02-14T23:06:38Z,2026-03-04T00:18:35Z,2026-03-04T00:18:31Z,116470,False,Algorithms,tomvolek/Algorithms,git@github.com:tomvolek/Algorithms.git,1
MDEwOlJlcG9zaXRvcnkxMjE1NjgxMzU=,2018-02-14T22:21:55Z,2026-03-24T21:00:42Z,2026-03-24T21:00:38Z,2,False,Foundation-Files-Recoded,travbrown/Foundation-Files-Recoded,git@github.com:travbrown/Foundation-Files-Recoded.git,0
MDEwOlJlcG9zaXRvcnkxMjE1NjczNDQ=,2018-02-14T22:12:20Z,2026-03-24T21:03:35Z,2026-03-24T21:03:32Z,20,False,CS-1,travbrown/CS-1,git@github.com:travbrown/CS-1.git,0
MDEwOlJlcG9zaXRvcnkxMjE1NjI5NjM=,2018-02-14T21:24:56Z,2026-03-24T21:03:38Z,2026-03-24T21:03:34Z,10,False,CS-2,travbrown/CS-2,git@github.com:travbrown/CS-2.git,0
MDEwOlJlcG9zaXRvcnkxMjE1Mzk5MTg=,2018-02-14T17:30:38Z,2026-03-13T11:29:10Z,2026-04-27T13:56:41Z,559,True,blockchain-k-plugin,runtimeverification/blockchain-k-plugin,git@github.com:runtimeverification/blockchain-k-plugin.git,9
MDEwOlJlcG9zaXRvcnkxMjE1MzQ1MjI=,2018-02-14T16:38:55Z,2026-05-07T08:57:13Z,2026-03-29T17:36:49Z,21150,False,FreeFileSync,hkneptune/FreeFileSync,git@github.com:hkneptune/FreeFileSync.git,1449
MDEwOlJlcG9zaXRvcnkxMjE1MzE5NzU=,2018-02-14T16:16:13Z,2026-03-24T21:05:39Z,2026-03-24T21:05:36Z,7,False,String-Splitter-via-comma-delimiter,travbrown/String-Splitter-via-comma-delimiter,git@github.com:travbrown/String-Splitter-via-comma-delimiter.git,0
MDEwOlJlcG9zaXRvcnkxMjE1MzE2ODA=,2018-02-14T16:13:49Z,2026-05-06T01:54:53Z,2026-05-06T03:34:14Z,64197,True,kdiff3,KDE/kdiff3,git@github.com:KDE/kdiff3.git,590
MDEwOlJlcG9zaXRvcnkxMjEzOTg2MTM=,2018-02-13T15:22:31Z,2026-04-03T04:18:16Z,2026-03-27T12:55:09Z,2950,True,ArduinoIoTCloud,arduino-libraries/ArduinoIoTCloud,git@github.com:arduino-libraries/ArduinoIoTCloud.git,139
MDEwOlJlcG9zaXRvcnkxMjEzMjIwODQ=,2018-02-13T00:57:43Z,2026-03-01T23:18:07Z,2026-03-01T23:18:04Z,285,False,xomod,whoozle/xomod,git@github.com:whoozle/xomod.git,6
MDEwOlJlcG9zaXRvcnkxMjEyNjkwOTY=,2018-02-12T16:09:39Z,2026-04-29T13:39:38Z,2026-04-29T13:37:36Z,6146,False,ecn_arpro,oKermorgant/ecn_arpro,git@github.com:oKermorgant/ecn_arpro.git,12
MDEwOlJlcG9zaXRvcnkxMjExODUyNTA=,2018-02-12T01:19:02Z,2026-03-21T15:22:36Z,2026-03-21T15:22:32Z,9,False,ReadEdid,netkawai/ReadEdid,git@github.com:netkawai/ReadEdid.git,0
MDEwOlJlcG9zaXRvcnkxMjExODA1NDQ=,2018-02-12T00:08:24Z,2026-04-14T13:42:32Z,2026-04-14T13:41:44Z,2440,False,nQuantCpp,mcychan/nQuantCpp,git@github.com:mcychan/nQuantCpp.git,118
MDEwOlJlcG9zaXRvcnkxMjExNTQyODk=,2018-02-11T18:35:12Z,2026-05-04T07:59:59Z,2026-04-13T16:09:54Z,1999,True,kImageAnnotator,ksnip/kImageAnnotator,git@github.com:ksnip/kImageAnnotator.git,92
MDEwOlJlcG9zaXRvcnkxMjEwOTgxMTY=,2018-02-11T07:34:59Z,2026-05-07T02:06:20Z,2026-05-07T02:06:14Z,7431,False,Aobus,czrocklee/Aobus,git@github.com:czrocklee/Aobus.git,0
MDEwOlJlcG9zaXRvcnkxMjA5OTgxNzA=,2018-02-10T08:26:20Z,2026-05-03T15:54:00Z,2026-03-02T14:37:30Z,186406,True,Dice,Dice-Developer-Team/Dice,git@github.com:Dice-Developer-Team/Dice.git,507
MDEwOlJlcG9zaXRvcnkxMjA5MTk3NDM=,2018-02-09T15:07:43Z,2026-05-03T14:08:08Z,2026-04-23T03:07:39Z,88817,False,3dtiles,fanvanzh/3dtiles,git@github.com:fanvanzh/3dtiles.git,2247
MDEwOlJlcG9zaXRvcnkxMjA5MTc3MjE=,2018-02-09T14:49:14Z,2026-04-09T20:16:37Z,2026-04-09T20:16:33Z,192279,False,layeranalyzer,trondreitan/layeranalyzer,git@github.com:trondreitan/layeranalyzer.git,7
MDEwOlJlcG9zaXRvcnkxMjA5MTQ5Njk=,2018-02-09T14:24:39Z,2026-05-04T12:41:23Z,2026-04-29T04:34:55Z,296,False,ChanlunX,kldcty/ChanlunX,git@github.com:kldcty/ChanlunX.git,289
MDEwOlJlcG9zaXRvcnkxMjA3NzQ4NTk=,2018-02-08T14:52:19Z,2026-05-01T15:13:41Z,2026-05-01T15:13:28Z,463,False,strformat,soramimi/strformat,git@github.com:soramimi/strformat.git,6
MDEwOlJlcG9zaXRvcnkxMjA3Njk3OTY=,2018-02-08T14:11:48Z,2026-05-07T11:33:08Z,2026-05-07T11:33:01Z,12229,False,machine-config,Baughn/machine-config,git@github.com:Baughn/machine-config.git,29
MDEwOlJlcG9zaXRvcnkxMjA3NjkyNDI=,2018-02-08T14:07:03Z,2026-04-30T19:01:22Z,2026-04-30T19:01:06Z,112116,False,stroman,martinm43/stroman,git@github.com:martinm43/stroman.git,2
MDEwOlJlcG9zaXRvcnkxMjA3MzM0NDQ=,2018-02-08T08:32:28Z,2026-04-03T13:24:48Z,2026-04-03T13:27:17Z,287838,True,checkmate2,CheckMATE2/checkmate2,git@github.com:CheckMATE2/checkmate2.git,13
MDEwOlJlcG9zaXRvcnkxMjA2OTI4MzU=,2018-02-08T01:12:23Z,2026-05-07T09:52:28Z,2026-03-19T10:23:52Z,3991,False,imu_utils,gaowenliang/imu_utils,git@github.com:gaowenliang/imu_utils.git,1697
MDEwOlJlcG9zaXRvcnkxMjA2NjA2MDY=,2018-02-07T19:22:35Z,2026-04-08T01:00:07Z,2026-04-22T00:11:00Z,58310,True,vdms,IntelLabs/vdms,git@github.com:IntelLabs/vdms.git,91
MDEwOlJlcG9zaXRvcnkxMjA2MTUyNDI=,2018-02-07T12:57:32Z,2026-05-05T06:02:50Z,2026-05-05T06:02:47Z,67186,True,topo-gps-manual,topo-gps/topo-gps-manual,git@github.com:topo-gps/topo-gps-manual.git,2
MDEwOlJlcG9zaXRvcnkxMjA1NzE3MDA=,2018-02-07T06:14:23Z,2026-05-07T09:36:23Z,2026-03-17T02:41:59Z,129209,False,NumCpp,dpilger26/NumCpp,git@github.com:dpilger26/NumCpp.git,3960
MDEwOlJlcG9zaXRvcnkxMjA1MjkyNDM=,2018-02-06T22:08:00Z,2026-03-22T14:55:32Z,2026-03-22T14:55:28Z,2269,True,de265,ImageMagick/de265,git@github.com:ImageMagick/de265.git,7
MDEwOlJlcG9zaXRvcnkxMjA0ODE0NzE=,2018-02-06T15:45:41Z,2026-04-30T08:34:35Z,2026-05-01T10:05:17Z,16133,True,fiasco,kernkonzept/fiasco,git@github.com:kernkonzept/fiasco.git,161
MDEwOlJlcG9zaXRvcnkxMjA0NzcwMTg=,2018-02-06T15:15:26Z,2026-04-20T06:02:22Z,2026-04-30T11:45:53Z,80892,True,3DTK,JMUWRobotics/3DTK,git@github.com:JMUWRobotics/3DTK.git,129
MDEwOlJlcG9zaXRvcnkxMjA0NzU1NzU=,2018-02-06T15:05:57Z,2026-05-05T15:53:51Z,2026-05-02T13:27:34Z,43612,True,tacs,smdogroup/tacs,git@github.com:smdogroup/tacs.git,148
MDEwOlJlcG9zaXRvcnkxMjA0NjAyNjY=,2018-02-06T13:23:55Z,2026-04-24T15:28:33Z,2026-04-24T15:28:29Z,406,True,utils,Rhoban/utils,git@github.com:Rhoban/utils.git,2
MDEwOlJlcG9zaXRvcnkxMjA0NDQ0OTQ=,2018-02-06T11:21:46Z,2026-05-06T23:26:10Z,2026-05-06T23:26:06Z,484,False,culebra,yhirose/culebra,git@github.com:yhirose/culebra.git,5
MDEwOlJlcG9zaXRvcnkxMjAzNjI2ODc=,2018-02-05T21:13:51Z,2026-04-15T05:53:52Z,2026-04-15T16:04:57Z,8305,True,CellSim3D,SoftSimu/CellSim3D,git@github.com:SoftSimu/CellSim3D.git,13
MDEwOlJlcG9zaXRvcnkxMjAzNjA3NjU=,2018-02-05T20:55:32Z,2026-05-07T11:43:13Z,2026-05-07T11:43:05Z,63225848,True,chromium,chromium/chromium,git@github.com:chromium/chromium.git,23610
MDEwOlJlcG9zaXRvcnkxMjAzMzI0NDI=,2018-02-05T16:42:33Z,2026-03-15T14:33:19Z,2026-03-15T14:33:15Z,49924,False,Computer-Graphics-Using-BGI,wedusk101/Computer-Graphics-Using-BGI,git@github.com:wedusk101/Computer-Graphics-Using-BGI.git,2
MDEwOlJlcG9zaXRvcnkxMjAzMjA3OTI=,2018-02-05T15:10:06Z,2026-04-24T19:12:58Z,2026-04-22T20:41:48Z,70186,True,xolotl,ORNL-Fusion/xolotl,git@github.com:ORNL-Fusion/xolotl.git,26
MDEwOlJlcG9zaXRvcnkxMjAyOTc0NDI=,2018-02-05T11:43:43Z,2026-04-19T21:09:35Z,2026-05-06T22:31:12Z,57559,True,malt,memtt/malt,git@github.com:memtt/malt.git,128
MDEwOlJlcG9zaXRvcnkxMjAyMTM3OTk=,2018-02-04T19:02:33Z,2026-04-30T18:23:41Z,2026-04-30T18:22:48Z,962,False,NecroEngine,necrolazy/NecroEngine,git@github.com:necrolazy/NecroEngine.git,0
MDEwOlJlcG9zaXRvcnkxMjAyMTI4OTE=,2018-02-04T18:51:22Z,2026-05-06T06:38:41Z,2026-04-27T17:46:02Z,108412,False,mboxviewer,eneam/mboxviewer,git@github.com:eneam/mboxviewer.git,558
MDEwOlJlcG9zaXRvcnkxMjAxOTc3MDk=,2018-02-04T15:36:04Z,2026-04-01T23:14:20Z,2026-05-06T15:54:21Z,82219,False,APC,AmokSolderer/APC,git@github.com:AmokSolderer/APC.git,45
MDEwOlJlcG9zaXRvcnkxMjAxODMxNjY=,2018-02-04T12:31:29Z,2026-03-23T20:30:10Z,2026-03-23T20:30:08Z,17,True,conan.install,mkn-mod/conan.install,git@github.com:mkn-mod/conan.install.git,0
MDEwOlJlcG9zaXRvcnkxMjAxODEyOTU=,2018-02-04T12:04:33Z,2026-05-06T20:40:06Z,2026-04-05T08:10:19Z,81942,False,Vulkan-glTF-PBR,SaschaWillems/Vulkan-glTF-PBR,git@github.com:SaschaWillems/Vulkan-glTF-PBR.git,1169
MDEwOlJlcG9zaXRvcnkxMjAxNzAyMjY=,2018-02-04T09:11:56Z,2026-04-14T17:04:39Z,2026-04-14T17:04:35Z,4018,False,VulkanIsland,Alabuta/VulkanIsland,git@github.com:Alabuta/VulkanIsland.git,0
MDEwOlJlcG9zaXRvcnkxMjAxMTUyODM=,2018-02-03T17:52:37Z,2026-04-27T20:25:15Z,2026-04-20T14:38:09Z,13460,True,cdrdao,cdrdao/cdrdao,git@github.com:cdrdao/cdrdao.git,89
MDEwOlJlcG9zaXRvcnkxMjAwODU4OTk=,2018-02-03T11:43:00Z,2026-04-04T08:24:53Z,2026-04-04T08:24:47Z,11665,False,noiref,ngmhprogramming/noiref,git@github.com:ngmhprogramming/noiref.git,1
MDEwOlJlcG9zaXRvcnkxMjAwODM3MjQ=,2018-02-03T11:07:32Z,2026-05-03T17:46:09Z,2026-05-03T17:46:04Z,817,False,gibs,sierdzio/gibs,git@github.com:sierdzio/gibs.git,1
MDEwOlJlcG9zaXRvcnkxMjAwODA2Mjk=,2018-02-03T10:18:08Z,2026-04-18T15:29:26Z,2026-04-18T15:29:22Z,984,True,libshared,GothenburgBitFactory/libshared,git@github.com:GothenburgBitFactory/libshared.git,7
MDEwOlJlcG9zaXRvcnkxMjAwODA0MzY=,2018-02-03T10:15:22Z,2026-05-07T11:00:53Z,2026-04-18T15:50:23Z,55166,True,timewarrior,GothenburgBitFactory/timewarrior,git@github.com:GothenburgBitFactory/timewarrior.git,1602
MDEwOlJlcG9zaXRvcnkxMjAwODAzNzc=,2018-02-03T10:14:26Z,2026-05-07T08:28:34Z,2026-05-03T15:41:37Z,36584,True,taskwarrior,GothenburgBitFactory/taskwarrior,git@github.com:GothenburgBitFactory/taskwarrior.git,5777
MDEwOlJlcG9zaXRvcnkxMjAwNzMxMjc=,2018-02-03T08:26:55Z,2026-05-03T11:54:26Z,2026-05-03T11:54:22Z,12908,True,WiiUPluginSystem,wiiu-env/WiiUPluginSystem,git@github.com:wiiu-env/WiiUPluginSystem.git,169
MDEwOlJlcG9zaXRvcnkxMjAwMzkwNDM=,2018-02-02T22:39:18Z,2026-05-05T17:33:12Z,2026-05-05T17:33:05Z,1146,True,Amrvis,AMReX-Codes/Amrvis,git@github.com:AMReX-Codes/Amrvis.git,20
MDEwOlJlcG9zaXRvcnkxMTk5ODUzMDc=,2018-02-02T13:31:26Z,2026-05-04T17:25:19Z,2026-05-04T17:46:57Z,797909,False,smashpp,smortezah/smashpp,git@github.com:smortezah/smashpp.git,55
MDEwOlJlcG9zaXRvcnkxMTk5Nzg1ODM=,2018-02-02T12:23:35Z,2026-03-25T13:08:24Z,2026-03-25T18:44:44Z,279,True,Sub0Pub,BareCpper/Sub0Pub,git@github.com:BareCpper/Sub0Pub.git,2
MDEwOlJlcG9zaXRvcnkxMTk5MjQxMDA=,2018-02-02T02:59:14Z,2026-03-21T15:13:26Z,2026-03-21T15:13:22Z,13,False,CheckWebcam,netkawai/CheckWebcam,git@github.com:netkawai/CheckWebcam.git,1
MDEwOlJlcG9zaXRvcnkxMTk5MTkzMTA=,2018-02-02T02:14:09Z,2026-04-13T07:34:45Z,2026-04-13T07:34:40Z,190,False,LeetCode,Dinglet/LeetCode,git@github.com:Dinglet/LeetCode.git,0
MDEwOlJlcG9zaXRvcnkxMTk4MzYzMDc=,2018-02-01T13:00:43Z,2026-04-17T03:12:30Z,2026-04-17T03:12:26Z,1608,False,librush-examples,kayru/librush-examples,git@github.com:kayru/librush-examples.git,5
MDEwOlJlcG9zaXRvcnkxMTk4MzU5MTM=,2018-02-01T12:57:08Z,2026-04-23T23:45:32Z,2026-04-23T23:45:27Z,3602,False,librush,kayru/librush,git@github.com:kayru/librush.git,38
MDEwOlJlcG9zaXRvcnkxMTk2OTY4NjQ=,2018-01-31T14:19:25Z,2026-04-22T07:46:10Z,2026-04-22T07:46:06Z,14275,True,libemoji,emoji-gen/libemoji,git@github.com:emoji-gen/libemoji.git,28
MDEwOlJlcG9zaXRvcnkxMTk2OTI2MzM=,2018-01-31T13:44:50Z,2026-05-05T16:41:00Z,2026-05-04T11:16:24Z,617,True,cpu_features,google/cpu_features,git@github.com:google/cpu_features.git,2598
MDEwOlJlcG9zaXRvcnkxMTk2ODQ3Nzg=,2018-01-31T12:33:17Z,2026-05-06T14:00:36Z,2026-05-02T18:12:55Z,13521,True,cabin,cabinpkg/cabin,git@github.com:cabinpkg/cabin.git,1446
MDEwOlJlcG9zaXRvcnkxMTk2NzAxNjQ=,2018-01-31T10:08:23Z,2026-05-05T22:15:39Z,2026-05-05T22:15:35Z,6299,False,prisma,vryy/prisma,git@github.com:vryy/prisma.git,1
MDEwOlJlcG9zaXRvcnkxMTk2NTI0NDg=,2018-01-31T07:41:58Z,2026-03-16T14:05:15Z,2026-03-16T14:05:10Z,5725,False,CBLYTurboJPEG,ChineseBoyLY/CBLYTurboJPEG,git@github.com:ChineseBoyLY/CBLYTurboJPEG.git,38
MDEwOlJlcG9zaXRvcnkxMTk2MDk5MDM=,2018-01-30T23:57:46Z,2026-04-15T11:53:07Z,2026-04-15T11:57:28Z,1572,True,k2hdkc,yahoojapan/k2hdkc,git@github.com:yahoojapan/k2hdkc.git,14
MDEwOlJlcG9zaXRvcnkxMTk0OTU4OTg=,2018-01-30T06:59:48Z,2026-03-16T02:02:30Z,2026-03-16T02:02:24Z,404316,True,dde-introduction,linuxdeepin/dde-introduction,git@github.com:linuxdeepin/dde-introduction.git,2
MDEwOlJlcG9zaXRvcnkxMTk0ODM3NjU=,2018-01-30T04:46:07Z,2026-05-06T08:20:04Z,2026-05-05T07:52:36Z,7497,True,cp-algorithms-aux,cp-algorithms/cp-algorithms-aux,git@github.com:cp-algorithms/cp-algorithms-aux.git,93
MDEwOlJlcG9zaXRvcnkxMTk0NTY2Mzc=,2018-01-29T23:45:19Z,2026-05-05T02:54:30Z,2026-05-05T02:54:26Z,7551,False,Leetcode,MyCuteGuineaPig/Leetcode,git@github.com:MyCuteGuineaPig/Leetcode.git,115
MDEwOlJlcG9zaXRvcnkxMTk0MzQ4NTA=,2018-01-29T20:06:50Z,2026-03-26T18:54:54Z,2026-03-26T18:54:57Z,1814,False,name-normalizer,jlangr/name-normalizer,git@github.com:jlangr/name-normalizer.git,28
MDEwOlJlcG9zaXRvcnkxMTk0MTc0NDk=,2018-01-29T17:39:21Z,2026-03-27T09:55:22Z,2026-03-27T09:55:10Z,71579,False,neural-network,Mr7F/neural-network,git@github.com:Mr7F/neural-network.git,1
MDEwOlJlcG9zaXRvcnkxMTkzOTAyNjM=,2018-01-29T14:04:30Z,2026-04-20T03:48:11Z,2026-04-20T03:48:04Z,9877,False,harbour-souniaoime,0312birdzhang/harbour-souniaoime,git@github.com:0312birdzhang/harbour-souniaoime.git,5
MDEwOlJlcG9zaXRvcnkxMTkzODgzMzc=,2018-01-29T13:48:42Z,2026-05-05T02:39:17Z,2026-04-26T09:30:26Z,13519,True,rats-search,librats/rats-search,git@github.com:librats/rats-search.git,1853
MDEwOlJlcG9zaXRvcnkxMTkzNjU2MDg=,2018-01-29T10:06:10Z,2026-05-06T04:40:14Z,2026-05-05T15:08:41Z,31411,False,viamd,scanberg/viamd,git@github.com:scanberg/viamd.git,320
MDEwOlJlcG9zaXRvcnkxMTkzMTQ0NjA=,2018-01-29T01:12:46Z,2026-04-30T03:49:50Z,2026-04-30T03:49:46Z,2471,False,json_benchmarks,danielaparker/json_benchmarks,git@github.com:danielaparker/json_benchmarks.git,6
MDEwOlJlcG9zaXRvcnkxMTkzMTM5MTI=,2018-01-29T01:06:27Z,2026-04-03T15:08:59Z,2026-04-03T15:08:55Z,271,False,SCC-RandOpNd,apmcollab/SCC-RandOpNd,git@github.com:apmcollab/SCC-RandOpNd.git,0
MDEwOlJlcG9zaXRvcnkxMTkyNDU4MjQ=,2018-01-28T09:45:14Z,2026-05-01T11:27:42Z,2026-04-29T00:36:02Z,12283,False,cinatra,qicosmos/cinatra,git@github.com:qicosmos/cinatra.git,2149
MDEwOlJlcG9zaXRvcnkxMTkyMzkwODA=,2018-01-28T07:55:24Z,2026-04-24T20:25:48Z,2026-05-06T19:15:22Z,4991,False,util,thekogans/util,git@github.com:thekogans/util.git,6
MDEwOlJlcG9zaXRvcnkxMTkyMzUxOTg=,2018-01-28T06:47:33Z,2026-04-01T08:38:34Z,2026-03-27T02:01:21Z,71917,False,cmp4_box_avi_flv,chensongpoixs/cmp4_box_avi_flv,git@github.com:chensongpoixs/cmp4_box_avi_flv.git,15
MDEwOlJlcG9zaXRvcnkxMTkyMTczNjk=,2018-01-28T01:22:53Z,2026-04-25T10:15:42Z,2026-04-18T00:13:32Z,46,False,libpeconv_tpl,hasherezade/libpeconv_tpl,git@github.com:hasherezade/libpeconv_tpl.git,53
MDEwOlJlcG9zaXRvcnkxMTkxOTcwMDc=,2018-01-27T19:48:44Z,2026-03-25T15:42:40Z,2026-03-25T15:39:40Z,7489,False,chem-bot,ChrisHarrold/chem-bot,git@github.com:ChrisHarrold/chem-bot.git,0
MDEwOlJlcG9zaXRvcnkxMTkxOTQwOTQ=,2018-01-27T19:10:34Z,2026-05-03T01:51:38Z,2026-05-03T01:51:33Z,4144,True,kuickshow,KDE/kuickshow,git@github.com:KDE/kuickshow.git,9
MDEwOlJlcG9zaXRvcnkxMTkxNzg4OTM=,2018-01-27T16:02:33Z,2026-05-07T11:40:44Z,2026-05-05T23:02:26Z,641003,False,naiveproxy,klzgrad/naiveproxy,git@github.com:klzgrad/naiveproxy.git,8706
MDEwOlJlcG9zaXRvcnkxMTkxNTExNzQ=,2018-01-27T09:35:29Z,2026-04-16T19:46:39Z,2026-04-16T19:46:34Z,18555,False,Clock,Leon68-dev/Clock,git@github.com:Leon68-dev/Clock.git,0
MDEwOlJlcG9zaXRvcnkxMTkxNDc5NTY=,2018-01-27T08:44:04Z,2026-03-29T02:22:57Z,2026-03-29T02:22:52Z,49303,False,ratel,scofieldzhu/ratel,git@github.com:scofieldzhu/ratel.git,2
MDEwOlJlcG9zaXRvcnkxMTkxMTY0ODY=,2018-01-27T00:02:52Z,2026-03-21T19:51:13Z,2026-03-21T19:51:07Z,118955,False,conquest,jontrulson/conquest,git@github.com:jontrulson/conquest.git,21
MDEwOlJlcG9zaXRvcnkxMTkxMTEzNjQ=,2018-01-26T22:45:05Z,2026-05-07T11:30:36Z,2026-05-07T06:15:47Z,82503,True,Vita3K,Vita3K/Vita3K,git@github.com:Vita3K/Vita3K.git,5231
MDEwOlJlcG9zaXRvcnkxMTkwOTI2NjA=,2018-01-26T19:14:37Z,2026-04-07T04:19:29Z,2026-04-07T04:19:23Z,122,False,WhySoSerial,jimmystelzer/WhySoSerial,git@github.com:jimmystelzer/WhySoSerial.git,4
MDEwOlJlcG9zaXRvcnkxMTkwODg3NTY=,2018-01-26T18:35:51Z,2026-05-06T19:47:54Z,2026-05-06T19:47:49Z,28384,False,algorithmscoursera,rydcormier/algorithmscoursera,git@github.com:rydcormier/algorithmscoursera.git,0
MDEwOlJlcG9zaXRvcnkxMTkwNzc3NDg=,2018-01-26T16:49:00Z,2026-03-31T01:26:24Z,2026-03-31T01:26:19Z,4327,False,notes,ysan/notes,git@github.com:ysan/notes.git,1
MDEwOlJlcG9zaXRvcnkxMTkwNzUyNzU=,2018-01-26T16:27:58Z,2026-04-13T12:09:20Z,2026-04-13T12:09:21Z,113200,False,csgo-cli,jakoch/csgo-cli,git@github.com:jakoch/csgo-cli.git,36
MDEwOlJlcG9zaXRvcnkxMTkwNjAxMTQ=,2018-01-26T14:21:10Z,2026-05-04T13:59:53Z,2026-05-07T04:41:42Z,41370,True,SoftRobots,SofaDefrost/SoftRobots,git@github.com:SofaDefrost/SoftRobots.git,134
MDEwOlJlcG9zaXRvcnkxMTkwNDM3MzM=,2018-01-26T11:24:09Z,2026-05-07T05:51:09Z,2026-04-14T14:52:11Z,111431,True,opennurbs,mcneel/opennurbs,git@github.com:mcneel/opennurbs.git,531
MDEwOlJlcG9zaXRvcnkxMTg5MzgwMDU=,2018-01-25T16:27:38Z,2026-04-29T04:43:29Z,2026-04-12T16:10:30Z,27527,False,llarp,majestrate/llarp,git@github.com:majestrate/llarp.git,96
MDEwOlJlcG9zaXRvcnkxMTg5MjY1ODc=,2018-01-25T14:54:57Z,2026-05-01T15:51:29Z,2026-05-01T15:51:25Z,2005,False,portable_mdx,yosshin4004/portable_mdx,git@github.com:yosshin4004/portable_mdx.git,46
MDEwOlJlcG9zaXRvcnkxMTg5MDY3MzU=,2018-01-25T11:52:22Z,2026-05-04T21:00:49Z,2026-04-11T17:55:38Z,490,False,AirSane,SimulPiscator/AirSane,git@github.com:SimulPiscator/AirSane.git,346
MDEwOlJlcG9zaXRvcnkxMTg4MzQyMDQ=,2018-01-24T23:14:50Z,2026-04-20T03:11:39Z,2026-04-20T03:11:38Z,19873,True,Crabs,AStarStarship/Crabs,git@github.com:AStarStarship/Crabs.git,13
MDEwOlJlcG9zaXRvcnkxMTg4MDA3MDA=,2018-01-24T17:50:09Z,2026-03-08T14:42:12Z,2026-03-08T14:42:08Z,661,False,finite_cell_application,vryy/finite_cell_application,git@github.com:vryy/finite_cell_application.git,6
MDEwOlJlcG9zaXRvcnkxMTg3OTkzMDI=,2018-01-24T17:37:50Z,2026-03-05T15:50:38Z,2026-03-05T15:44:32Z,22691,False,BNPmix,rcorradin/BNPmix,git@github.com:rcorradin/BNPmix.git,9
MDEwOlJlcG9zaXRvcnkxMTg3ODY2MDI=,2018-01-24T15:51:18Z,2026-05-05T21:14:27Z,2026-04-17T12:39:36Z,16008,True,GRChombo,GRTLCollaboration/GRChombo,git@github.com:GRTLCollaboration/GRChombo.git,118
MDEwOlJlcG9zaXRvcnkxMTg3Njg4NzU=,2018-01-24T13:26:57Z,2026-04-27T17:32:36Z,2026-04-15T12:40:09Z,223828,False,espurna,xoseperez/espurna,git@github.com:xoseperez/espurna.git,3047
MDEwOlJlcG9zaXRvcnkxMTg2OTg5NzI=,2018-01-24T02:19:44Z,2026-04-28T14:22:59Z,2026-04-28T14:13:04Z,62984,False,WinPriv,NoMoreFood/WinPriv,git@github.com:NoMoreFood/WinPriv.git,62
MDEwOlJlcG9zaXRvcnkxMTg2OTAzMDE=,2018-01-24T00:46:57Z,2026-03-26T18:35:09Z,2026-03-13T02:05:50Z,2416,True,svOneDSolver,SimVascular/svOneDSolver,git@github.com:SimVascular/svOneDSolver.git,21
MDEwOlJlcG9zaXRvcnkxMTg2NTU4NzA=,2018-01-23T19:05:43Z,2026-05-06T23:18:20Z,2026-05-07T00:12:06Z,488390,True,ISIS3,DOI-USGS/ISIS3,git@github.com:DOI-USGS/ISIS3.git,233
MDEwOlJlcG9zaXRvcnkxMTg1NDYxMzE=,2018-01-23T02:31:46Z,2026-03-16T11:48:51Z,2026-03-16T11:48:47Z,58,False,rcppclassicexamples,eddelbuettel/rcppclassicexamples,git@github.com:eddelbuettel/rcppclassicexamples.git,0
MDEwOlJlcG9zaXRvcnkxMTg1NDIxMzY=,2018-01-23T01:53:43Z,2026-04-29T10:07:06Z,2026-05-06T19:44:00Z,1532923,True,libsnowflakeclient,snowflakedb/libsnowflakeclient,git@github.com:snowflakedb/libsnowflakeclient.git,38
MDEwOlJlcG9zaXRvcnkxMTg1Mjc1ODY=,2018-01-22T23:08:24Z,2026-03-15T01:33:26Z,2026-03-15T01:33:22Z,116,False,QFlashCards,BlackJar72/QFlashCards,git@github.com:BlackJar72/QFlashCards.git,1
MDEwOlJlcG9zaXRvcnkxMTg1MTA2Mzc=,2018-01-22T20:23:34Z,2026-05-03T17:13:14Z,2026-05-03T17:13:15Z,186,False,JumpList,chcg/JumpList,git@github.com:chcg/JumpList.git,1
MDEwOlJlcG9zaXRvcnkxMTg0NTYyNjk=,2018-01-22T12:47:45Z,2026-04-17T14:07:34Z,2026-04-15T16:41:47Z,323,False,s7nodave,FreddieAkeroyd/s7nodave,git@github.com:FreddieAkeroyd/s7nodave.git,1
MDEwOlJlcG9zaXRvcnkxMTg0NDE3MTk=,2018-01-22T10:24:21Z,2026-05-04T11:07:52Z,2026-05-04T11:07:48Z,5847,True,vcml,machineware-gmbh/vcml,git@github.com:machineware-gmbh/vcml.git,187
MDEwOlJlcG9zaXRvcnkxMTg0MzEwMTQ=,2018-01-22T08:52:47Z,2026-05-06T05:26:42Z,2026-05-06T06:45:49Z,72372,True,deepin-editor,linuxdeepin/deepin-editor,git@github.com:linuxdeepin/deepin-editor.git,108
MDEwOlJlcG9zaXRvcnkxMTg0MDgyOTI=,2018-01-22T04:57:12Z,2026-04-23T04:35:32Z,2026-04-23T05:03:36Z,22268,False,gNine,gaduimovich/gNine,git@github.com:gaduimovich/gNine.git,0
MDEwOlJlcG9zaXRvcnkxMTgzOTM3Mzk=,2018-01-22T02:05:08Z,2026-05-07T06:58:33Z,2026-05-02T23:22:27Z,89307,False,airwindows,airwindows/airwindows,git@github.com:airwindows/airwindows.git,1138
MDEwOlJlcG9zaXRvcnkxMTgzODE0MDE=,2018-01-21T22:59:08Z,2026-03-02T19:13:40Z,2026-04-14T12:25:46Z,173,True,nymea-qtcreator-wizards,nymea/nymea-qtcreator-wizards,git@github.com:nymea/nymea-qtcreator-wizards.git,1
MDEwOlJlcG9zaXRvcnkxMTgzNzc5NTI=,2018-01-21T22:04:01Z,2026-03-10T08:14:25Z,2026-03-10T08:14:21Z,68,False,avilib,arionik/avilib,git@github.com:arionik/avilib.git,14
MDEwOlJlcG9zaXRvcnkxMTgzNjgyMDA=,2018-01-21T19:50:29Z,2026-05-03T09:33:13Z,2026-05-07T03:21:37Z,62623,True,MagAOX,magao-x/MagAOX,git@github.com:magao-x/MagAOX.git,12
MDEwOlJlcG9zaXRvcnkxMTgzNTg2MDg=,2018-01-21T17:47:33Z,2026-05-06T16:07:34Z,2026-05-06T16:07:30Z,2756,False,atcoder,tatt61880/atcoder,git@github.com:tatt61880/atcoder.git,0
MDEwOlJlcG9zaXRvcnkxMTgzNDU3NTk=,2018-01-21T15:13:24Z,2026-04-12T21:45:51Z,2026-04-12T21:45:46Z,8884,False,LazyRolls,ACE1046/LazyRolls,git@github.com:ACE1046/LazyRolls.git,88
MDEwOlJlcG9zaXRvcnkxMTgzMzA3Mzc=,2018-01-21T11:59:37Z,2026-04-13T07:32:23Z,2026-04-30T07:12:39Z,960,False,mdk-examples,wang-bin/mdk-examples,git@github.com:wang-bin/mdk-examples.git,76
MDEwOlJlcG9zaXRvcnkxMTgzMjkxNTI=,2018-01-21T11:36:52Z,2026-03-15T02:16:25Z,2026-03-15T02:16:22Z,28090,False,Distributed_TCAD,mystous/Distributed_TCAD,git@github.com:mystous/Distributed_TCAD.git,0
MDEwOlJlcG9zaXRvcnkxMTgyMjYxNTI=,2018-01-20T08:53:57Z,2026-05-05T11:19:28Z,2026-05-06T09:06:33Z,7746,True,ckb-next,ckb-next/ckb-next,git@github.com:ckb-next/ckb-next.git,3625
MDEwOlJlcG9zaXRvcnkxMTgxOTE5NDI=,2018-01-20T00:00:52Z,2026-04-12T01:55:08Z,2026-04-12T01:55:04Z,27,False,DiceRoller,caldavsta/DiceRoller,git@github.com:caldavsta/DiceRoller.git,2
MDEwOlJlcG9zaXRvcnkxMTgxMzk0NDE=,2018-01-19T15:04:37Z,2026-05-06T02:25:30Z,2026-05-06T02:25:26Z,21929,False,uam-icpc,darkmx/uam-icpc,git@github.com:darkmx/uam-icpc.git,10
MDEwOlJlcG9zaXRvcnkxMTgwODY1NTk=,2018-01-19T06:29:25Z,2026-03-13T05:50:42Z,2026-03-13T05:50:38Z,278,False,ugs,wang-bin/ugs,git@github.com:wang-bin/ugs.git,5
MDEwOlJlcG9zaXRvcnkxMTgwMzg3Mjc=,2018-01-18T21:12:40Z,2026-04-19T12:55:07Z,2026-04-19T16:28:49Z,3683,False,LED_Stripe_Dynamic_web_conf,tobi01001/LED_Stripe_Dynamic_web_conf,git@github.com:tobi01001/LED_Stripe_Dynamic_web_conf.git,8
MDEwOlJlcG9zaXRvcnkxMTc5NDg5NTM=,2018-01-18T07:36:33Z,2026-05-07T10:18:18Z,2026-04-25T18:55:43Z,26515,True,Atmosphere,Atmosphere-NX/Atmosphere,git@github.com:Atmosphere-NX/Atmosphere.git,18987
MDEwOlJlcG9zaXRvcnkxMTc5Mjk5NTc=,2018-01-18T03:58:45Z,2026-04-14T19:40:44Z,2026-04-14T19:40:40Z,21181,False,ResourcesForClasses,loopstick/ResourcesForClasses,git@github.com:loopstick/ResourcesForClasses.git,7
MDEwOlJlcG9zaXRvcnkxMTc5MTQ5MjU=,2018-01-18T01:31:03Z,2026-04-12T17:38:41Z,2026-04-12T17:38:35Z,4885,False,leetcode,fsq/leetcode,git@github.com:fsq/leetcode.git,6
MDEwOlJlcG9zaXRvcnkxMTc4OTk5NjI=,2018-01-17T22:23:08Z,2026-04-15T22:54:35Z,2026-04-15T22:54:38Z,307,False,NppDocShare,chcg/NppDocShare,git@github.com:chcg/NppDocShare.git,2
MDEwOlJlcG9zaXRvcnkxMTc4OTQ4MTA=,2018-01-17T21:28:14Z,2026-04-13T16:17:37Z,2026-04-21T19:37:38Z,7192,False,Fabrik2DArduino,henriksod/Fabrik2DArduino,git@github.com:henriksod/Fabrik2DArduino.git,118
MDEwOlJlcG9zaXRvcnkxMTc4OTMzMzg=,2018-01-17T21:13:30Z,2026-03-15T22:50:18Z,2026-03-15T22:50:15Z,743,False,ShellBrowserControls,TimoKunze/ShellBrowserControls,git@github.com:TimoKunze/ShellBrowserControls.git,11
MDEwOlJlcG9zaXRvcnkxMTc4OTIyODk=,2018-01-17T21:01:45Z,2026-04-23T14:34:17Z,2026-04-23T14:34:13Z,272,False,SCC-XML_ParameterList,apmcollab/SCC-XML_ParameterList,git@github.com:apmcollab/SCC-XML_ParameterList.git,0
MDEwOlJlcG9zaXRvcnkxMTc4NzgyODI=,2018-01-17T18:50:11Z,2026-04-09T22:38:37Z,2026-04-09T22:38:31Z,2801,False,nrf,natersoz/nrf,git@github.com:natersoz/nrf.git,3
MDEwOlJlcG9zaXRvcnkxMTc4NTg0MjU=,2018-01-17T15:56:51Z,2026-03-15T13:04:27Z,2026-03-15T13:04:24Z,253,True,imagewriter2,openSUSE/imagewriter2,git@github.com:openSUSE/imagewriter2.git,8
MDEwOlJlcG9zaXRvcnkxMTc4NDQ3MTM=,2018-01-17T14:06:47Z,2026-05-06T01:25:07Z,2026-05-03T19:24:20Z,213645,False,Gin,FigBug/Gin,git@github.com:FigBug/Gin.git,379
MDEwOlJlcG9zaXRvcnkxMTc3OTk3MDI=,2018-01-17T07:17:46Z,2026-03-11T13:03:49Z,2026-03-11T13:03:44Z,288,False,netprogrammingexamples,sergP80/netprogrammingexamples,git@github.com:sergP80/netprogrammingexamples.git,0
MDEwOlJlcG9zaXRvcnkxMTc3ODY3OTM=,2018-01-17T05:06:27Z,2026-04-15T04:18:56Z,2026-04-15T04:18:52Z,64,False,pl0-jit-compiler,yhirose/pl0-jit-compiler,git@github.com:yhirose/pl0-jit-compiler.git,29
MDEwOlJlcG9zaXRvcnkxMTc3Mzg4OTM=,2018-01-16T20:38:50Z,2026-04-08T16:35:54Z,2026-04-08T16:35:42Z,17619,False,interview_quiz,maximum428/interview_quiz,git@github.com:maximum428/interview_quiz.git,0
MDEwOlJlcG9zaXRvcnkxMTc3MjY2MjM=,2018-01-16T18:51:47Z,2026-03-15T22:34:24Z,2026-03-15T22:34:20Z,414,False,TabStripControl,TimoKunze/TabStripControl,git@github.com:TimoKunze/TabStripControl.git,5
MDEwOlJlcG9zaXRvcnkxMTc3MjQyMzU=,2018-01-16T18:31:26Z,2026-04-30T12:18:56Z,2026-03-07T19:32:28Z,3435,True,multichannel-audio-tools,google/multichannel-audio-tools,git@github.com:google/multichannel-audio-tools.git,103
MDEwOlJlcG9zaXRvcnkxMTc3MTUzMjY=,2018-01-16T17:16:01Z,2026-05-04T18:23:58Z,2026-05-04T18:25:52Z,337170,True,unified,nwnxee/unified,git@github.com:nwnxee/unified.git,141
MDEwOlJlcG9zaXRvcnkxMTc3MDE1MTE=,2018-01-16T15:26:48Z,2026-03-17T18:58:44Z,2026-04-27T17:48:44Z,4842,False,cppe,maxscheurer/cppe,git@github.com:maxscheurer/cppe.git,23
MDEwOlJlcG9zaXRvcnkxMTc2OTU0Njk=,2018-01-16T14:41:03Z,2026-04-28T15:30:52Z,2026-04-28T15:28:12Z,20345,True,JANA2,JeffersonLab/JANA2,git@github.com:JeffersonLab/JANA2.git,9
MDEwOlJlcG9zaXRvcnkxMTc2Njc1MzQ=,2018-01-16T10:10:35Z,2026-03-02T15:34:43Z,2026-03-02T15:32:47Z,9995,False,megatron,akakist/megatron,git@github.com:akakist/megatron.git,1
MDEwOlJlcG9zaXRvcnkxMTc2NTAzMzM=,2018-01-16T07:40:31Z,2026-04-24T02:22:09Z,2026-05-07T02:09:32Z,11758,False,barelymusician,anokta/barelymusician,git@github.com:anokta/barelymusician.git,40
MDEwOlJlcG9zaXRvcnkxMTc2NTAwODA=,2018-01-16T07:38:11Z,2026-04-25T09:03:21Z,2026-04-25T10:22:16Z,10469,True,golded-plus,golded-plus/golded-plus,git@github.com:golded-plus/golded-plus.git,81
MDEwOlJlcG9zaXRvcnkxMTc1OTM2Nzk=,2018-01-15T20:46:22Z,2026-05-06T04:38:56Z,2026-05-06T04:38:53Z,597,False,lcs,DavidMorano/lcs,git@github.com:DavidMorano/lcs.git,1
MDEwOlJlcG9zaXRvcnkxMTc1ODU0ODg=,2018-01-15T19:17:12Z,2026-04-27T11:41:20Z,2026-05-01T23:21:17Z,10606,True,openblack,openblack/openblack,git@github.com:openblack/openblack.git,1489
MDEwOlJlcG9zaXRvcnkxMTc1MDExODE=,2018-01-15T05:30:06Z,2026-04-27T01:51:27Z,2026-04-27T01:51:23Z,8171,False,NairdaArduinoLibrary,semakers/NairdaArduinoLibrary,git@github.com:semakers/NairdaArduinoLibrary.git,4
MDEwOlJlcG9zaXRvcnkxMTc0NDYxMzU=,2018-01-14T16:19:33Z,2026-05-06T23:24:50Z,2026-05-06T23:24:46Z,1020857,True,Teleport,teleportxr/Teleport,git@github.com:teleportxr/Teleport.git,9
MDEwOlJlcG9zaXRvcnkxMTc0NDQ3MzU=,2018-01-14T16:01:19Z,2026-03-29T12:16:16Z,2026-03-29T12:16:13Z,100,False,mruby-c-ext-helpers,Asmod4n/mruby-c-ext-helpers,git@github.com:Asmod4n/mruby-c-ext-helpers.git,2
MDEwOlJlcG9zaXRvcnkxMTc0MjEyMjA=,2018-01-14T10:35:55Z,2026-04-20T20:21:56Z,2026-04-20T20:23:14Z,744,False,misuco2,misuco/misuco2,git@github.com:misuco/misuco2.git,2
MDEwOlJlcG9zaXRvcnkxMTczODk5NzM=,2018-01-14T00:38:10Z,2026-03-24T22:13:25Z,2026-03-24T22:13:19Z,13304,False,NymphRPC,MayaPosch/NymphRPC,git@github.com:MayaPosch/NymphRPC.git,69
MDEwOlJlcG9zaXRvcnkxMTczODc3NTE=,2018-01-13T23:51:04Z,2026-05-05T17:33:19Z,2026-05-05T17:35:10Z,12179,False,waterius,dontsovcmc/waterius,git@github.com:dontsovcmc/waterius.git,666
MDEwOlJlcG9zaXRvcnkxMTczNDgyODI=,2018-01-13T14:04:14Z,2026-05-05T06:04:16Z,2026-04-18T23:01:41Z,13942,False,ImGuiFileDialog,aiekick/ImGuiFileDialog,git@github.com:aiekick/ImGuiFileDialog.git,1480
MDEwOlJlcG9zaXRvcnkxMTczNDEzOTE=,2018-01-13T12:22:16Z,2026-05-06T08:16:29Z,2026-05-06T08:16:24Z,101681,True,thunder,thunder-engine/thunder,git@github.com:thunder-engine/thunder.git,653
MDEwOlJlcG9zaXRvcnkxMTczMjc2MTY=,2018-01-13T08:33:02Z,2026-03-12T20:19:01Z,2026-03-12T20:08:33Z,14,False,des-cipher,n3oxmind/des-cipher,git@github.com:n3oxmind/des-cipher.git,6
MDEwOlJlcG9zaXRvcnkxMTczMDAwMTE=,2018-01-13T00:09:36Z,2026-04-29T15:37:17Z,2026-04-29T15:37:11Z,15142,True,OMSens_Qt,OpenModelica/OMSens_Qt,git@github.com:OpenModelica/OMSens_Qt.git,3
MDEwOlJlcG9zaXRvcnkxMTcyODcxODQ=,2018-01-12T20:56:06Z,2026-05-01T14:57:21Z,2026-03-26T04:45:29Z,2688,False,pytorch_cluster,rusty1s/pytorch_cluster,git@github.com:rusty1s/pytorch_cluster.git,922
MDEwOlJlcG9zaXRvcnkxMTcyMjUyNTc=,2018-01-12T10:02:48Z,2026-03-22T20:27:33Z,2026-03-19T22:04:47Z,32671,False,Photorealistic-Rendering-using-OpenCL,Mourtz/Photorealistic-Rendering-using-OpenCL,git@github.com:Mourtz/Photorealistic-Rendering-using-OpenCL.git,7
MDEwOlJlcG9zaXRvcnkxMTcyMTMwMDI=,2018-01-12T08:10:57Z,2026-05-03T13:14:28Z,2026-05-06T14:27:07Z,59213,False,Halogen,KierenP/Halogen,git@github.com:KierenP/Halogen.git,134
MDEwOlJlcG9zaXRvcnkxMTcxOTY1OTI=,2018-01-12T05:28:12Z,2026-04-27T17:50:17Z,2026-04-28T14:56:34Z,311260,False,Synet,ermig1979/Synet,git@github.com:ermig1979/Synet.git,146
MDEwOlJlcG9zaXRvcnkxMTcxODIwNjg=,2018-01-12T02:35:14Z,2026-04-25T23:18:44Z,2026-04-25T23:19:44Z,104,False,avsproxy,sekrit-twc/avsproxy,git@github.com:sekrit-twc/avsproxy.git,12
MDEwOlJlcG9zaXRvcnkxMTcxNDc4ODE=,2018-01-11T20:08:17Z,2026-05-06T21:43:27Z,2026-05-06T21:43:23Z,63710,False,objectiveframe,jonaslindemann/objectiveframe,git@github.com:jonaslindemann/objectiveframe.git,27
MDEwOlJlcG9zaXRvcnkxMTcxMjI1MTA=,2018-01-11T16:14:21Z,2026-05-07T02:55:48Z,2026-05-07T07:25:48Z,167334,True,ginkgo,ginkgo-project/ginkgo,git@github.com:ginkgo-project/ginkgo.git,594
MDEwOlJlcG9zaXRvcnkxMTcxMTQwNTA=,2018-01-11T14:51:48Z,2026-03-17T20:17:57Z,2026-03-17T20:17:53Z,1126,False,fan-controller,CromFr/fan-controller,git@github.com:CromFr/fan-controller.git,20
MDEwOlJlcG9zaXRvcnkxMTcwMTMyODQ=,2018-01-10T21:31:30Z,2026-05-03T04:38:04Z,2026-05-02T19:56:52Z,9700,False,magma,vcoda/magma,git@github.com:vcoda/magma.git,353
MDEwOlJlcG9zaXRvcnkxMTY5Nzk4NTQ=,2018-01-10T16:07:30Z,2026-03-22T15:56:54Z,2026-03-04T09:15:17Z,1489,False,Autinn,NikolaiVChr/Autinn,git@github.com:NikolaiVChr/Autinn.git,24
MDEwOlJlcG9zaXRvcnkxMTY5MDk5MzY=,2018-01-10T04:54:52Z,2026-05-05T14:25:01Z,2026-04-24T10:48:22Z,95965,True,fhir,google/fhir,git@github.com:google/fhir.git,936
MDEwOlJlcG9zaXRvcnkxMTY5MDM1ODY=,2018-01-10T03:33:51Z,2026-03-12T17:44:19Z,2026-04-26T12:30:28Z,44929,False,mx-live-usb-maker,AdrianTM/mx-live-usb-maker,git@github.com:AdrianTM/mx-live-usb-maker.git,8
MDEwOlJlcG9zaXRvcnkxMTY4NDIxNTc=,2018-01-09T16:37:33Z,2026-05-06T14:35:09Z,2026-04-22T12:48:45Z,2236,False,sqsgenerator,dgehringer/sqsgenerator,git@github.com:dgehringer/sqsgenerator.git,71
MDEwOlJlcG9zaXRvcnkxMTY3NTY2MTc=,2018-01-09T02:44:31Z,2026-05-02T07:46:57Z,2026-05-02T07:46:53Z,356,False,QtDarkStyle,soramimi/QtDarkStyle,git@github.com:soramimi/QtDarkStyle.git,4
MDEwOlJlcG9zaXRvcnkxMTY2OTMwMjI=,2018-01-08T15:20:40Z,2026-03-18T14:15:35Z,2026-03-18T14:15:31Z,1878,False,GCIS,danielsaad/GCIS,git@github.com:danielsaad/GCIS.git,5
MDEwOlJlcG9zaXRvcnkxMTY2ODM1NTY=,2018-01-08T13:58:56Z,2026-04-13T14:39:33Z,2026-04-13T14:39:51Z,4057,False,unify,kit10us/unify,git@github.com:kit10us/unify.git,2
MDEwOlJlcG9zaXRvcnkxMTY2NTM1NTE=,2018-01-08T09:01:29Z,2026-03-30T14:29:37Z,2026-03-30T14:29:42Z,16077,False,ariles,asherikov/ariles,git@github.com:asherikov/ariles.git,18
MDEwOlJlcG9zaXRvcnkxMTY2MDkxOTI=,2018-01-08T00:07:51Z,2026-04-24T18:25:00Z,2026-04-24T18:24:54Z,3469,False,blast,MarkOates/blast,git@github.com:MarkOates/blast.git,0
MDEwOlJlcG9zaXRvcnkxMTY1OTgyMjM=,2018-01-07T20:52:15Z,2026-04-30T18:05:42Z,2026-04-30T18:05:37Z,106927,False,Winter,rosenthj/Winter,git@github.com:rosenthj/Winter.git,95
MDEwOlJlcG9zaXRvcnkxMTY1NzI3NzY=,2018-01-07T14:38:37Z,2026-03-23T22:40:24Z,2026-03-23T22:40:20Z,509,False,ButtonControls,TimoKunze/ButtonControls,git@github.com:TimoKunze/ButtonControls.git,6
MDEwOlJlcG9zaXRvcnkxMTY1MjMyODE=,2018-01-06T23:35:23Z,2026-05-06T04:59:51Z,2026-04-29T21:39:55Z,22181,True,OpenLoco,OpenLoco/OpenLoco,git@github.com:OpenLoco/OpenLoco.git,1673
MDEwOlJlcG9zaXRvcnkxMTY1MDA5MzM=,2018-01-06T17:11:56Z,2026-04-03T10:41:22Z,2026-04-03T10:41:16Z,6943,True,ITKBioCell,InsightSoftwareConsortium/ITKBioCell,git@github.com:InsightSoftwareConsortium/ITKBioCell.git,3
MDEwOlJlcG9zaXRvcnkxMTY0ODk2NTk=,2018-01-06T14:33:47Z,2026-03-31T16:35:51Z,2026-04-22T14:14:46Z,810,True,hash2,boostorg/hash2,git@github.com:boostorg/hash2.git,52
MDEwOlJlcG9zaXRvcnkxMTY0NzgxNzg=,2018-01-06T11:40:03Z,2026-04-19T20:56:19Z,2026-03-02T16:44:42Z,512710,False,Ashes,DragonJoker/Ashes,git@github.com:DragonJoker/Ashes.git,391
MDEwOlJlcG9zaXRvcnkxMTY0NzE4MDE=,2018-01-06T09:51:38Z,2026-04-25T10:13:49Z,2026-04-10T09:50:14Z,75155,True,LLL-TAO,Nexusoft/LLL-TAO,git@github.com:Nexusoft/LLL-TAO.git,67
MDEwOlJlcG9zaXRvcnkxMTY0MjMyMTA=,2018-01-05T20:17:06Z,2026-05-03T19:55:26Z,2026-05-01T23:33:23Z,4452,False,udp_bridge,rolker/udp_bridge,git@github.com:rolker/udp_bridge.git,21
MDEwOlJlcG9zaXRvcnkxMTY0MTIxNjk=,2018-01-05T17:53:59Z,2026-03-12T22:29:49Z,2026-03-12T22:29:45Z,9,True,roboteq_diff_driver,ecostech/roboteq_diff_driver,git@github.com:ecostech/roboteq_diff_driver.git,19
MDEwOlJlcG9zaXRvcnkxMTYzOTMyMDY=,2018-01-05T14:26:32Z,2026-04-28T11:38:16Z,2026-04-28T11:38:11Z,313,True,homegear-management,Homegear/homegear-management,git@github.com:Homegear/homegear-management.git,1
MDEwOlJlcG9zaXRvcnkxMTYzNzI5Mzc=,2018-01-05T10:25:49Z,2026-04-28T08:09:48Z,2026-04-28T11:38:03Z,8798,True,homegear-gateway,Homegear/homegear-gateway,git@github.com:Homegear/homegear-gateway.git,2
MDEwOlJlcG9zaXRvcnkxMTYzMjc4OTQ=,2018-01-05T01:56:49Z,2026-05-06T01:36:17Z,2026-05-07T11:43:26Z,24856,True,entity-manager,openbmc/entity-manager,git@github.com:openbmc/entity-manager.git,41
MDEwOlJlcG9zaXRvcnkxMTYzMjczMzM=,2018-01-05T01:50:42Z,2026-05-06T15:39:47Z,2026-05-07T08:43:21Z,164716,True,bmcweb,openbmc/bmcweb,git@github.com:openbmc/bmcweb.git,218
MDEwOlJlcG9zaXRvcnkxMTYyOTYwNjE=,2018-01-04T18:54:22Z,2026-05-06T15:52:50Z,2026-05-06T23:28:55Z,12707,False,rapidyaml,biojppm/rapidyaml,git@github.com:biojppm/rapidyaml.git,723
MDEwOlJlcG9zaXRvcnkxMTYyODg5MTc=,2018-01-04T17:35:20Z,2026-05-01T08:13:55Z,2026-05-01T08:13:51Z,2893660,False,Catalyst-Engine,satellitnorden/Catalyst-Engine,git@github.com:satellitnorden/Catalyst-Engine.git,20
MDEwOlJlcG9zaXRvcnkxMTYyMTQ5OTA=,2018-01-04T04:35:59Z,2026-03-17T15:33:41Z,2026-03-17T15:40:31Z,170,True,libime-jyutping,fcitx/libime-jyutping,git@github.com:fcitx/libime-jyutping.git,7
MDEwOlJlcG9zaXRvcnkxMTYxNTAwMzU=,2018-01-03T15:05:56Z,2026-05-07T07:20:06Z,2026-05-07T07:20:02Z,11169,True,riegeli,google/riegeli,git@github.com:google/riegeli.git,476
MDEwOlJlcG9zaXRvcnkxMTYxNDg1MjA=,2018-01-03T14:52:19Z,2026-03-28T02:02:04Z,2026-03-19T14:54:14Z,654629,True,HydraAPI,Ray-Tracing-Systems/HydraAPI,git@github.com:Ray-Tracing-Systems/HydraAPI.git,25
MDEwOlJlcG9zaXRvcnkxMTYxMjgzMjY=,2018-01-03T11:16:56Z,2026-04-07T09:05:39Z,2026-04-07T09:05:35Z,4857,False,erltools,lavileric/erltools,git@github.com:lavileric/erltools.git,0
MDEwOlJlcG9zaXRvcnkxMTYxMDcyMzA=,2018-01-03T07:38:52Z,2026-04-24T03:42:02Z,2026-04-24T03:41:54Z,31360,False,vnpy-dev-py3-64bit,YingjieHit/vnpy-dev-py3-64bit,git@github.com:YingjieHit/vnpy-dev-py3-64bit.git,13
MDEwOlJlcG9zaXRvcnkxMTYwNjcwMzE=,2018-01-02T23:13:33Z,2026-03-17T15:34:03Z,2026-03-17T15:41:03Z,132,True,fcitx5-sayura,fcitx/fcitx5-sayura,git@github.com:fcitx/fcitx5-sayura.git,1
MDEwOlJlcG9zaXRvcnkxMTYwNTYzNjQ=,2018-01-02T20:56:02Z,2026-04-20T07:47:40Z,2026-04-20T07:47:39Z,417,False,Cashbook,AskePit/Cashbook,git@github.com:AskePit/Cashbook.git,0
MDEwOlJlcG9zaXRvcnkxMTYwMTY5MzU=,2018-01-02T13:16:26Z,2026-03-09T15:22:00Z,2026-03-09T15:21:28Z,65374,False,Multi,smt005/Multi,git@github.com:smt005/Multi.git,0
MDEwOlJlcG9zaXRvcnkxMTU5NjkyNDE=,2018-01-02T03:09:45Z,2026-03-30T08:07:34Z,2026-03-30T08:07:30Z,113,False,Autocardealer,WilliamShi/Autocardealer,git@github.com:WilliamShi/Autocardealer.git,0
MDEwOlJlcG9zaXRvcnkxMTU5NTU5MjM=,2018-01-01T23:35:49Z,2026-04-30T14:51:22Z,2026-04-30T14:49:13Z,674,False,anrliste,libelle17/anrliste,git@github.com:libelle17/anrliste.git,2
MDEwOlJlcG9zaXRvcnkxMTU5NTIzMTQ=,2018-01-01T22:24:58Z,2026-04-30T19:22:28Z,2026-04-30T19:28:04Z,2106,False,SceneExplorer,ambiesoft/SceneExplorer,git@github.com:ambiesoft/SceneExplorer.git,27
MDEwOlJlcG9zaXRvcnkxMTU5NDkwODk=,2018-01-01T21:26:51Z,2026-03-28T16:11:43Z,2026-05-01T09:55:32Z,5803,False,gameoverlay,momo5502/gameoverlay,git@github.com:momo5502/gameoverlay.git,94
MDEwOlJlcG9zaXRvcnkxMTU5Mzg5OTM=,2018-01-01T18:45:58Z,2026-03-06T13:38:42Z,2026-03-06T13:38:38Z,3714,False,Pericom-USB-keyboard,DarkViolin/Pericom-USB-keyboard,git@github.com:DarkViolin/Pericom-USB-keyboard.git,0
MDEwOlJlcG9zaXRvcnkxMTU5MDYzMDA=,2018-01-01T07:52:11Z,2026-04-06T10:34:50Z,2026-04-06T10:34:45Z,96711,False,PinBox,namkazt/PinBox,git@github.com:namkazt/PinBox.git,190
