id,createdAt,updatedAt,pushedAt,diskUsage,isInOrganization,name,nameWithOwner,sshUrl,stargazerCount
MDEwOlJlcG9zaXRvcnkyMzExNTEyNTY=,2019-12-31T22:09:48Z,2026-05-07T02:29:17Z,2026-05-07T02:29:13Z,44675,True,kid3,KDE/kid3,git@github.com:KDE/kid3.git,168
MDEwOlJlcG9zaXRvcnkyMzExNDQ2MTk=,2019-12-31T20:44:19Z,2026-04-29T22:56:37Z,2026-04-29T22:56:40Z,206,True,brainparty,maemo-leste-extras/brainparty,git@github.com:maemo-leste-extras/brainparty.git,0
MDEwOlJlcG9zaXRvcnkyMzExMTgyMTM=,2019-12-31T16:30:48Z,2026-04-16T06:22:45Z,2026-04-16T06:22:40Z,21100,False,cpp_modern,pelocpp/cpp_modern,git@github.com:pelocpp/cpp_modern.git,16
MDEwOlJlcG9zaXRvcnkyMzExMDI5Mjg=,2019-12-31T14:30:14Z,2026-04-16T08:08:19Z,2026-04-15T07:43:18Z,183113,False,Delta-X-Software,deltaxrobot/Delta-X-Software,git@github.com:deltaxrobot/Delta-X-Software.git,43
MDEwOlJlcG9zaXRvcnkyMzEwNzcyMzE=,2019-12-31T11:21:21Z,2026-05-05T07:31:16Z,2026-05-01T09:26:00Z,97093,True,TFHEpp,virtualsecureplatform/TFHEpp,git@github.com:virtualsecureplatform/TFHEpp.git,106
MDEwOlJlcG9zaXRvcnkyMzEwNjE1NDQ=,2019-12-31T09:12:24Z,2026-03-03T19:12:57Z,2026-03-03T19:12:53Z,79,True,sfz-opcode-checker,sfztools/sfz-opcode-checker,git@github.com:sfztools/sfz-opcode-checker.git,6
MDEwOlJlcG9zaXRvcnkyMzEwNDI5MDU=,2019-12-31T06:57:43Z,2026-05-06T00:29:38Z,2026-04-12T09:10:07Z,684,False,yolo-tensorrt,enazoe/yolo-tensorrt,git@github.com:enazoe/yolo-tensorrt.git,1204
MDEwOlJlcG9zaXRvcnkyMzA5ODA5OTY=,2019-12-30T21:16:28Z,2026-04-17T06:37:46Z,2026-04-17T06:37:39Z,231055,False,video,zmaker/video,git@github.com:zmaker/video.git,10
MDEwOlJlcG9zaXRvcnkyMzA5NzE0NTg=,2019-12-30T19:50:57Z,2026-05-01T08:03:59Z,2026-04-18T17:22:08Z,23739,False,ESPHome-Devices,nuttytree/ESPHome-Devices,git@github.com:nuttytree/ESPHome-Devices.git,122
MDEwOlJlcG9zaXRvcnkyMzA5NTk0ODg=,2019-12-30T18:10:40Z,2026-03-22T15:01:58Z,2026-03-22T15:01:54Z,28,False,astarpuzzle,lakshimi/astarpuzzle,git@github.com:lakshimi/astarpuzzle.git,0
MDEwOlJlcG9zaXRvcnkyMzA5NTY2MDk=,2019-12-30T17:47:17Z,2026-04-13T02:13:14Z,2026-04-13T02:12:30Z,3157,False,Visitor-Game-Engine,spilloid/Visitor-Game-Engine,git@github.com:spilloid/Visitor-Game-Engine.git,0
MDEwOlJlcG9zaXRvcnkyMzA5NTE5NzM=,2019-12-30T17:09:15Z,2026-03-08T08:00:12Z,2026-03-08T08:00:09Z,294,False,Data-Structures,mayur-aggarwal/Data-Structures,git@github.com:mayur-aggarwal/Data-Structures.git,1
MDEwOlJlcG9zaXRvcnkyMzA5MjI3NjE=,2019-12-30T13:41:58Z,2026-03-19T14:14:31Z,2026-03-19T14:14:48Z,201,False,Arduino-Projects,AtiqurRahmanAni/Arduino-Projects,git@github.com:AtiqurRahmanAni/Arduino-Projects.git,0
MDEwOlJlcG9zaXRvcnkyMzA5MDA5NDQ=,2019-12-30T11:07:17Z,2026-05-07T02:57:11Z,2026-05-06T03:22:45Z,1656535,False,titan3d,johnson3d/titan3d,git@github.com:johnson3d/titan3d.git,98
MDEwOlJlcG9zaXRvcnkyMzA5MDA0ODk=,2019-12-30T11:04:12Z,2026-03-22T05:55:35Z,2026-03-22T05:55:32Z,66,False,LEETCODE-Solutions,monu18/LEETCODE-Solutions,git@github.com:monu18/LEETCODE-Solutions.git,0
MDEwOlJlcG9zaXRvcnkyMzA4NjM3Nzg=,2019-12-30T06:49:57Z,2026-05-04T20:52:21Z,2026-05-04T20:52:17Z,1712,False,Vultaik,FaberSanZ/Vultaik,git@github.com:FaberSanZ/Vultaik.git,8
MDEwOlJlcG9zaXRvcnkyMzA4NTg3NTg=,2019-12-30T06:12:48Z,2026-05-03T16:34:20Z,2026-04-12T13:08:12Z,807,True,skyline,skyline-dev/skyline,git@github.com:skyline-dev/skyline.git,292
MDEwOlJlcG9zaXRvcnkyMzA4MjU5NDk=,2019-12-30T01:28:19Z,2026-03-22T20:36:02Z,2026-03-13T19:57:39Z,9576,False,ESPTeamsPresence,toblum/ESPTeamsPresence,git@github.com:toblum/ESPTeamsPresence.git,158
MDEwOlJlcG9zaXRvcnkyMzA4MjA3MjY=,2019-12-30T00:35:00Z,2026-05-07T07:32:40Z,2026-05-07T09:55:48Z,262624,True,dumux,dumux/dumux,git@github.com:dumux/dumux.git,44
MDEwOlJlcG9zaXRvcnkyMzA3OTkyMzE=,2019-12-29T20:21:45Z,2026-04-10T15:20:46Z,2026-04-10T15:20:37Z,154,False,smashcustommusic-client-3ds,ic-scm/smashcustommusic-client-3ds,git@github.com:ic-scm/smashcustommusic-client-3ds.git,1
MDEwOlJlcG9zaXRvcnkyMzA3NjI3OTM=,2019-12-29T14:39:46Z,2026-05-05T01:53:09Z,2026-04-10T00:50:10Z,24978,False,Audcalc,jonbro/Audcalc,git@github.com:jonbro/Audcalc.git,52
MDEwOlJlcG9zaXRvcnkyMzA3MzQ2OTM=,2019-12-29T10:25:58Z,2026-04-17T10:49:54Z,2026-04-17T10:49:49Z,1659,False,tic-tac-toe,jeegar123/tic-tac-toe,git@github.com:jeegar123/tic-tac-toe.git,1
MDEwOlJlcG9zaXRvcnkyMzA2Njg2MTY=,2019-12-28T21:18:33Z,2026-05-07T06:32:45Z,2026-05-07T06:32:41Z,451,False,nlcglib,simonpintarelli/nlcglib,git@github.com:simonpintarelli/nlcglib.git,8
MDEwOlJlcG9zaXRvcnkyMzA2Mjc2Mzc=,2019-12-28T15:27:06Z,2026-03-14T17:52:50Z,2026-03-14T17:52:46Z,20,False,my-first-repo,Saptarshi-28/my-first-repo,git@github.com:Saptarshi-28/my-first-repo.git,0
MDEwOlJlcG9zaXRvcnkyMzA1NDI5Mzc=,2019-12-28T01:38:38Z,2026-04-02T14:43:55Z,2026-04-02T14:43:52Z,332318,False,dangerdeep,ericwomer/dangerdeep,git@github.com:ericwomer/dangerdeep.git,6
MDEwOlJlcG9zaXRvcnkyMzA1NDI4OTQ=,2019-12-28T01:38:05Z,2026-04-20T19:01:37Z,2026-04-20T19:00:37Z,5642,False,shippy,uzbit/shippy,git@github.com:uzbit/shippy.git,2
MDEwOlJlcG9zaXRvcnkyMzA1MjQyNjA=,2019-12-27T22:01:23Z,2026-03-30T01:40:10Z,2026-03-30T01:40:05Z,458159,False,SMPL,Davidah121/SMPL,git@github.com:Davidah121/SMPL.git,1
MDEwOlJlcG9zaXRvcnkyMzA1MjMxMTE=,2019-12-27T21:48:52Z,2026-05-05T23:51:35Z,2026-05-05T23:52:57Z,1442,False,llreplace,landenlabs/llreplace,git@github.com:landenlabs/llreplace.git,1
MDEwOlJlcG9zaXRvcnkyMzA0OTkzODI=,2019-12-27T18:52:05Z,2026-03-17T00:41:28Z,2026-03-17T00:41:25Z,297,False,arduino,philliple0610/arduino,git@github.com:philliple0610/arduino.git,0
MDEwOlJlcG9zaXRvcnkyMzA0OTY3ODI=,2019-12-27T18:36:10Z,2026-04-23T11:52:05Z,2026-04-02T15:01:01Z,1310,False,FAT-MANGO-Preparation,Youngermaster/FAT-MANGO-Preparation,git@github.com:Youngermaster/FAT-MANGO-Preparation.git,0
MDEwOlJlcG9zaXRvcnkyMzA0MjEzNjY=,2019-12-27T10:12:04Z,2026-03-10T14:36:31Z,2026-03-10T14:36:26Z,4392,False,tacklelib,andry81/tacklelib,git@github.com:andry81/tacklelib.git,6
MDEwOlJlcG9zaXRvcnkyMzA0MTMzNzA=,2019-12-27T09:24:22Z,2026-04-28T11:45:47Z,2026-04-28T11:45:48Z,139,False,siesta,robiwano/siesta,git@github.com:robiwano/siesta.git,19
MDEwOlJlcG9zaXRvcnkyMzA0MDA2Mjk=,2019-12-27T08:07:29Z,2026-04-24T02:11:47Z,2026-05-07T06:04:39Z,92115,True,deepin-log-viewer,linuxdeepin/deepin-log-viewer,git@github.com:linuxdeepin/deepin-log-viewer.git,13
MDEwOlJlcG9zaXRvcnkyMzA0MDA1NjQ=,2019-12-27T08:06:51Z,2026-04-29T07:48:00Z,2026-05-07T11:27:40Z,20987,True,deepin-compressor,linuxdeepin/deepin-compressor,git@github.com:linuxdeepin/deepin-compressor.git,16
MDEwOlJlcG9zaXRvcnkyMzA0MDA1MTM=,2019-12-27T08:06:32Z,2026-05-07T09:17:53Z,2026-05-07T09:17:30Z,160152,True,deepin-album,linuxdeepin/deepin-album,git@github.com:linuxdeepin/deepin-album.git,16
MDEwOlJlcG9zaXRvcnkyMzA0MDA0NjQ=,2019-12-27T08:06:12Z,2026-05-07T07:54:07Z,2026-05-07T07:54:03Z,83605,True,deepin-devicemanager,linuxdeepin/deepin-devicemanager,git@github.com:linuxdeepin/deepin-devicemanager.git,19
MDEwOlJlcG9zaXRvcnkyMzA0MDA0MDc=,2019-12-27T08:05:52Z,2026-05-06T01:53:24Z,2026-05-06T01:53:20Z,77452,True,deepin-reader,linuxdeepin/deepin-reader,git@github.com:linuxdeepin/deepin-reader.git,26
MDEwOlJlcG9zaXRvcnkyMzA0MDAzMzI=,2019-12-27T08:05:22Z,2026-04-16T19:37:19Z,2026-04-02T02:57:25Z,42694,True,deepin-font-manager,linuxdeepin/deepin-font-manager,git@github.com:linuxdeepin/deepin-font-manager.git,12
MDEwOlJlcG9zaXRvcnkyMzAzODE1MDE=,2019-12-27T05:52:32Z,2026-04-23T11:52:15Z,2026-03-12T22:49:38Z,29100,False,Competitive-Programming,leonardoAnjos16/Competitive-Programming,git@github.com:leonardoAnjos16/Competitive-Programming.git,3
MDEwOlJlcG9zaXRvcnkyMzAzNTgxNDg=,2019-12-27T02:23:27Z,2026-04-30T18:57:18Z,2026-03-08T05:42:12Z,3228,False,E512W3D,ebicochineal/E512W3D,git@github.com:ebicochineal/E512W3D.git,15
MDEwOlJlcG9zaXRvcnkyMzAzMzQzOTA=,2019-12-26T22:12:34Z,2026-03-31T17:53:51Z,2026-04-16T03:29:14Z,245583,False,voxglitch,clone45/voxglitch,git@github.com:clone45/voxglitch.git,124
MDEwOlJlcG9zaXRvcnkyMzAzMjkxMzg=,2019-12-26T21:16:35Z,2026-05-03T13:49:02Z,2026-04-14T12:33:54Z,84748,False,esp32-flightradar24-ttgo,rzeldent/esp32-flightradar24-ttgo,git@github.com:rzeldent/esp32-flightradar24-ttgo.git,67
MDEwOlJlcG9zaXRvcnkyMzAzMDYyMDU=,2019-12-26T17:57:49Z,2026-04-25T15:33:44Z,2026-05-04T07:10:10Z,2344,False,Project-A,luchongk/Project-A,git@github.com:luchongk/Project-A.git,0
MDEwOlJlcG9zaXRvcnkyMzAyODUzODM=,2019-12-26T15:23:27Z,2026-04-14T08:13:04Z,2026-04-14T08:13:07Z,6335,False,react-native-swift,gaojihao/react-native-swift,git@github.com:gaojihao/react-native-swift.git,0
MDEwOlJlcG9zaXRvcnkyMzAxMjUxOTE=,2019-12-25T16:10:16Z,2026-04-08T07:30:32Z,2026-04-08T07:30:28Z,44824,False,GML,gopi487krishna/GML,git@github.com:gopi487krishna/GML.git,1
MDEwOlJlcG9zaXRvcnkyMzAxMjI1MzM=,2019-12-25T15:45:01Z,2026-04-25T00:48:59Z,2026-04-25T00:48:53Z,37455,False,Homework,Kagurazaka-Chiaki/Homework,git@github.com:Kagurazaka-Chiaki/Homework.git,2
MDEwOlJlcG9zaXRvcnkyMzAxMDc3MDQ=,2019-12-25T13:36:05Z,2026-04-18T09:07:48Z,2026-04-18T09:24:40Z,22903,False,WebServer,importcpp/WebServer,git@github.com:importcpp/WebServer.git,78
MDEwOlJlcG9zaXRvcnkyMzAwODkyMzg=,2019-12-25T10:56:31Z,2026-05-07T10:14:17Z,2026-05-07T10:14:13Z,5245,False,MinecraftConsolas,ojaswa1002/MinecraftConsolas,git@github.com:ojaswa1002/MinecraftConsolas.git,0
MDEwOlJlcG9zaXRvcnkyMjk5ODY1ODI=,2019-12-24T18:17:20Z,2026-03-31T06:50:05Z,2026-03-31T06:50:00Z,437,True,runjam,idthic/runjam,git@github.com:idthic/runjam.git,0
MDEwOlJlcG9zaXRvcnkyMjk5NjM0MzA=,2019-12-24T15:22:39Z,2026-03-10T08:04:08Z,2026-03-10T08:04:05Z,4274,False,SOCCER-ROBOT,ASNProject/SOCCER-ROBOT,git@github.com:ASNProject/SOCCER-ROBOT.git,1
MDEwOlJlcG9zaXRvcnkyMjk5NjA1NTY=,2019-12-24T15:02:07Z,2026-04-04T21:01:24Z,2026-04-04T21:01:21Z,2927,False,codeDump,MPM552/codeDump,git@github.com:MPM552/codeDump.git,0
MDEwOlJlcG9zaXRvcnkyMjk5MzA4MzI=,2019-12-24T11:37:47Z,2026-03-27T08:13:23Z,2026-03-27T08:13:06Z,3055,False,BlueScreenDebugHelper,9CB797FF-9380-45F2-BB88-BB86CA0E32BF/BlueScreenDebugHelper,git@github.com:9CB797FF-9380-45F2-BB88-BB86CA0E32BF/BlueScreenDebugHelper.git,0
MDEwOlJlcG9zaXRvcnkyMjk4NTQ2MDQ=,2019-12-24T02:21:10Z,2026-04-15T03:20:34Z,2026-04-15T03:20:30Z,77,False,algo-studies,zunino/algo-studies,git@github.com:zunino/algo-studies.git,0
MDEwOlJlcG9zaXRvcnkyMjk4NDQyMDU=,2019-12-24T00:49:30Z,2026-03-02T02:20:31Z,2026-03-02T02:20:27Z,1466,False,Wheel-Of-Fortune,anamitradatta/Wheel-Of-Fortune,git@github.com:anamitradatta/Wheel-Of-Fortune.git,0
MDEwOlJlcG9zaXRvcnkyMjk4MjU2MTE=,2019-12-23T21:31:02Z,2026-04-30T20:28:50Z,2026-04-02T21:18:25Z,248337,True,coin,coin3d/coin,git@github.com:coin3d/coin.git,365
MDEwOlJlcG9zaXRvcnkyMjk4MDM2MzU=,2019-12-23T18:28:01Z,2026-04-01T08:57:14Z,2026-04-01T08:57:25Z,3389,True,sensei,elk-audio/sensei,git@github.com:elk-audio/sensei.git,18
MDEwOlJlcG9zaXRvcnkyMjk3OTU0NzU=,2019-12-23T17:24:21Z,2026-03-20T23:13:00Z,2026-03-20T23:12:57Z,708,False,switchres,antonioginer/switchres,git@github.com:antonioginer/switchres.git,63
MDEwOlJlcG9zaXRvcnkyMjk3NzU3MDg=,2019-12-23T15:14:50Z,2026-05-07T04:33:55Z,2026-05-07T05:51:35Z,2347,True,device-detection-node,51Degrees/device-detection-node,git@github.com:51Degrees/device-detection-node.git,2
MDEwOlJlcG9zaXRvcnkyMjk3NjYzNzA=,2019-12-23T14:18:46Z,2026-03-07T09:09:45Z,2026-03-07T09:09:42Z,16,False,speedrun_timer_q3,kugelrund/speedrun_timer_q3,git@github.com:kugelrund/speedrun_timer_q3.git,1
MDEwOlJlcG9zaXRvcnkyMjk3MjkzOTM=,2019-12-23T10:27:00Z,2026-05-02T07:22:32Z,2026-05-06T12:01:52Z,894585,True,enroute,Akaflieg-Freiburg/enroute,git@github.com:Akaflieg-Freiburg/enroute.git,144
MDEwOlJlcG9zaXRvcnkyMjk2ODIxMDk=,2019-12-23T05:22:21Z,2026-04-06T01:38:38Z,2026-04-06T01:38:35Z,20,False,algorithm,osiyeon/algorithm,git@github.com:osiyeon/algorithm.git,0
MDEwOlJlcG9zaXRvcnkyMjk2NDk3NDU=,2019-12-23T00:34:59Z,2026-05-05T15:19:22Z,2026-04-26T21:55:48Z,385,False,D2GI,REDPOWAR/D2GI,git@github.com:REDPOWAR/D2GI.git,54
MDEwOlJlcG9zaXRvcnkyMjk2MjQyNTQ=,2019-12-22T20:11:43Z,2026-03-31T10:17:17Z,2026-03-31T10:17:13Z,254,False,newtype,fmorgner/newtype,git@github.com:fmorgner/newtype.git,1
MDEwOlJlcG9zaXRvcnkyMjk2MTgxOTk=,2019-12-22T19:18:16Z,2026-04-23T11:52:20Z,2026-04-22T11:39:27Z,166896,False,Competitive-Programming-Playground,ssoad/Competitive-Programming-Playground,git@github.com:ssoad/Competitive-Programming-Playground.git,1
MDEwOlJlcG9zaXRvcnkyMjk2MTU5NjY=,2019-12-22T18:59:07Z,2026-05-04T12:29:06Z,2026-03-23T16:26:36Z,4070281,False,GunZ-The-Duel,WhyWolfie/GunZ-The-Duel,git@github.com:WhyWolfie/GunZ-The-Duel.git,97
MDEwOlJlcG9zaXRvcnkyMjk0ODcxNTQ=,2019-12-21T21:49:13Z,2026-05-05T23:47:11Z,2026-05-05T23:47:07Z,10597,False,Rengage,kwsephiroth/Rengage,git@github.com:kwsephiroth/Rengage.git,1
MDEwOlJlcG9zaXRvcnkyMjk0ODAyNDA=,2019-12-21T20:35:04Z,2026-03-29T19:21:56Z,2026-03-26T18:54:46Z,1963,False,HaikuUtils,X547/HaikuUtils,git@github.com:X547/HaikuUtils.git,23
MDEwOlJlcG9zaXRvcnkyMjk0NjM4NjA=,2019-12-21T17:56:50Z,2026-03-24T19:24:44Z,2026-03-24T19:24:39Z,626,False,algebraic_cipher_types,queelius/algebraic_cipher_types,git@github.com:queelius/algebraic_cipher_types.git,2
MDEwOlJlcG9zaXRvcnkyMjk0MDkzNjI=,2019-12-21T10:06:51Z,2026-04-18T09:48:47Z,2026-04-18T09:48:43Z,62,False,pr_curl,Silverlan/pr_curl,git@github.com:Silverlan/pr_curl.git,1
MDEwOlJlcG9zaXRvcnkyMjk0MDkyNTk=,2019-12-21T10:05:44Z,2026-04-26T15:29:05Z,2026-04-26T15:29:01Z,70118,False,MiAM_robotics,matthieuvigne/MiAM_robotics,git@github.com:matthieuvigne/MiAM_robotics.git,5
MDEwOlJlcG9zaXRvcnkyMjkzOTEzNzg=,2019-12-21T07:09:24Z,2026-04-22T14:07:18Z,2026-04-22T14:06:50Z,23691,False,MyCapture,jjlee9/MyCapture,git@github.com:jjlee9/MyCapture.git,2
MDEwOlJlcG9zaXRvcnkyMjkzNTE1OTg=,2019-12-20T23:37:02Z,2026-04-12T01:35:15Z,2026-03-02T11:21:48Z,60,True,ebpfault,trailofbits/ebpfault,git@github.com:trailofbits/ebpfault.git,109
MDEwOlJlcG9zaXRvcnkyMjkzNTAwNTM=,2019-12-20T23:19:46Z,2026-04-12T01:35:09Z,2026-03-22T15:28:27Z,158,True,ebpf-common,trailofbits/ebpf-common,git@github.com:trailofbits/ebpf-common.git,32
MDEwOlJlcG9zaXRvcnkyMjkzMjUzMTE=,2019-12-20T19:36:31Z,2026-04-22T18:50:22Z,2026-04-22T18:51:44Z,245,False,ANSIEsc2HTML,pozemka/ANSIEsc2HTML,git@github.com:pozemka/ANSIEsc2HTML.git,3
MDEwOlJlcG9zaXRvcnkyMjkzMDQyOTk=,2019-12-20T17:00:02Z,2026-05-06T14:42:47Z,2026-05-06T14:29:13Z,5183,True,plugins,Stormancer/plugins,git@github.com:Stormancer/plugins.git,1
MDEwOlJlcG9zaXRvcnkyMjkyODc3Mjk=,2019-12-20T15:18:39Z,2026-03-13T18:16:17Z,2026-03-13T18:16:12Z,108414,False,Ct,bastian-weber/Ct,git@github.com:bastian-weber/Ct.git,1
MDEwOlJlcG9zaXRvcnkyMjkyODA1NjI=,2019-12-20T14:34:24Z,2026-03-18T21:14:52Z,2026-03-18T21:14:47Z,3937,False,b1,marcio-pessoa/b1,git@github.com:marcio-pessoa/b1.git,0
MDEwOlJlcG9zaXRvcnkyMjkyNzE4NzM=,2019-12-20T13:41:11Z,2026-04-24T15:41:53Z,2026-04-24T15:41:49Z,13,False,Audio-Filters,shabtronic/Audio-Filters,git@github.com:shabtronic/Audio-Filters.git,2
MDEwOlJlcG9zaXRvcnkyMjkyNjg1OTU=,2019-12-20T13:19:29Z,2026-05-07T11:41:12Z,2026-05-06T12:59:02Z,2800,True,modmesh,solvcon/modmesh,git@github.com:solvcon/modmesh.git,61
MDEwOlJlcG9zaXRvcnkyMjkyMjEzMDI=,2019-12-20T08:18:03Z,2026-04-22T11:32:14Z,2026-04-22T11:32:11Z,92,False,iot_board_stitch_tension,mhmmdakn/iot_board_stitch_tension,git@github.com:mhmmdakn/iot_board_stitch_tension.git,0
MDEwOlJlcG9zaXRvcnkyMjkxODY5NDE=,2019-12-20T04:00:34Z,2026-04-24T00:03:52Z,2026-04-24T00:03:47Z,1527,True,TIMPI,libMesh/TIMPI,git@github.com:libMesh/TIMPI.git,14
MDEwOlJlcG9zaXRvcnkyMjkxNzg1Njg=,2019-12-20T02:55:04Z,2026-04-13T14:22:03Z,2026-04-13T14:20:08Z,2677,False,HDFGroup-mailinglist,steven-varga/HDFGroup-mailinglist,git@github.com:steven-varga/HDFGroup-mailinglist.git,1
MDEwOlJlcG9zaXRvcnkyMjkxMDY4MzU=,2019-12-19T17:33:26Z,2026-04-21T11:39:16Z,2026-04-21T12:02:03Z,465747,True,LatticePoly,physical-biology-of-chromatin/LatticePoly,git@github.com:physical-biology-of-chromatin/LatticePoly.git,4
MDEwOlJlcG9zaXRvcnkyMjkxMDI4OTM=,2019-12-19T17:10:31Z,2026-03-30T22:43:52Z,2026-03-30T22:43:51Z,77,True,KeffCavity,LBNL-ETA/KeffCavity,git@github.com:LBNL-ETA/KeffCavity.git,0
MDEwOlJlcG9zaXRvcnkyMjkwOTY5NDM=,2019-12-19T16:37:06Z,2026-04-25T13:54:19Z,2026-04-06T12:04:36Z,100791,False,Poly,Ceanze/Poly,git@github.com:Ceanze/Poly.git,3
MDEwOlJlcG9zaXRvcnkyMjkwNzQ2NzU=,2019-12-19T14:44:59Z,2026-05-07T04:45:00Z,2026-05-07T06:02:39Z,1548,True,device-detection-php-onpremise,51Degrees/device-detection-php-onpremise,git@github.com:51Degrees/device-detection-php-onpremise.git,1
MDEwOlJlcG9zaXRvcnkyMjkwNTA4Njc=,2019-12-19T12:33:25Z,2026-04-28T08:31:04Z,2026-04-28T08:30:58Z,6601,True,etiss,tum-ei-eda/etiss,git@github.com:tum-ei-eda/etiss.git,42
MDEwOlJlcG9zaXRvcnkyMjkwNDgxOTk=,2019-12-19T12:17:11Z,2026-04-07T03:32:25Z,2026-04-07T03:32:19Z,3508,False,mycode,chen-liang/mycode,git@github.com:chen-liang/mycode.git,1
MDEwOlJlcG9zaXRvcnkyMjkwMzMyNjE=,2019-12-19T10:43:10Z,2026-04-29T08:04:05Z,2026-05-05T18:51:06Z,3340,False,PG_MSD,gisilves/PG_MSD,git@github.com:gisilves/PG_MSD.git,1
MDEwOlJlcG9zaXRvcnkyMjkwMjYyMTc=,2019-12-19T10:00:46Z,2026-05-04T14:55:20Z,2026-04-21T21:01:16Z,100081,True,summit,AdaCompNUS/summit,git@github.com:AdaCompNUS/summit.git,171
MDEwOlJlcG9zaXRvcnkyMjg5MzQxNTA=,2019-12-18T22:48:25Z,2026-04-29T10:38:42Z,2026-05-04T17:31:41Z,124356,True,ILLIXR,ILLIXR/ILLIXR,git@github.com:ILLIXR/ILLIXR.git,150
MDEwOlJlcG9zaXRvcnkyMjg5Mjg5OTM=,2019-12-18T22:03:14Z,2026-04-21T16:19:41Z,2026-04-21T16:19:23Z,2166,True,cs162Code,ChemeketaCS/cs162Code,git@github.com:ChemeketaCS/cs162Code.git,5
MDEwOlJlcG9zaXRvcnkyMjg4NTQwMzc=,2019-12-18T14:11:38Z,2026-04-25T12:26:56Z,2026-05-04T04:59:21Z,84079,False,raygen-renderer,jingwood/raygen-renderer,git@github.com:jingwood/raygen-renderer.git,5
MDEwOlJlcG9zaXRvcnkyMjg4MzY0NzU=,2019-12-18T12:34:01Z,2026-03-31T12:07:14Z,2026-03-31T12:07:09Z,5666,False,Bus-Stop-3D-Graphics,Tahmid46/Bus-Stop-3D-Graphics,git@github.com:Tahmid46/Bus-Stop-3D-Graphics.git,1
MDEwOlJlcG9zaXRvcnkyMjg4MjQ1Mjk=,2019-12-18T11:20:30Z,2026-04-16T13:20:07Z,2026-03-19T09:45:19Z,9771,False,MEANGS,YanCCscu/MEANGS,git@github.com:YanCCscu/MEANGS.git,23
MDEwOlJlcG9zaXRvcnkyMjg4MDgyODU=,2019-12-18T09:47:13Z,2026-04-29T03:06:23Z,2026-03-24T15:36:50Z,6179,False,SX12XX-LoRa,StuartsProjects/SX12XX-LoRa,git@github.com:StuartsProjects/SX12XX-LoRa.git,423
MDEwOlJlcG9zaXRvcnkyMjg3NjY5NzQ=,2019-12-18T05:44:04Z,2026-04-29T00:25:24Z,2026-04-29T00:25:20Z,4671,False,ZoreEngine,LukasJurisica/ZoreEngine,git@github.com:LukasJurisica/ZoreEngine.git,1
MDEwOlJlcG9zaXRvcnkyMjg3NjI4NjA=,2019-12-18T05:11:24Z,2026-05-05T23:49:58Z,2026-05-05T23:53:35Z,619,False,lljson,landenlabs/lljson,git@github.com:landenlabs/lljson.git,1
MDEwOlJlcG9zaXRvcnkyMjg3MDc1NDI=,2019-12-17T21:48:54Z,2026-04-22T00:04:22Z,2026-04-22T00:04:18Z,1725,True,plugins,nullptrlabs/plugins,git@github.com:nullptrlabs/plugins.git,23
MDEwOlJlcG9zaXRvcnkyMjg3MDYzOTg=,2019-12-17T21:40:44Z,2026-03-26T20:39:40Z,2026-03-26T20:39:35Z,1137,False,GreasySortCodes,e-j-w/GreasySortCodes,git@github.com:e-j-w/GreasySortCodes.git,0
MDEwOlJlcG9zaXRvcnkyMjg2OTIyNjI=,2019-12-17T20:02:11Z,2026-05-06T05:57:02Z,2026-04-26T10:49:09Z,37539,True,OCP,CadQuery/OCP,git@github.com:CadQuery/OCP.git,172
MDEwOlJlcG9zaXRvcnkyMjg2NDc3NTM=,2019-12-17T15:38:14Z,2026-04-11T03:50:41Z,2026-03-20T17:14:21Z,308177,True,nomad,bbopt/nomad,git@github.com:bbopt/nomad.git,153
MDEwOlJlcG9zaXRvcnkyMjg2MTEwODQ=,2019-12-17T12:24:17Z,2026-03-28T03:51:07Z,2026-03-23T21:28:20Z,839,True,mod-top-arena,azerothcore/mod-top-arena,git@github.com:azerothcore/mod-top-arena.git,3
MDEwOlJlcG9zaXRvcnkyMjg1MzYwODc=,2019-12-17T04:59:02Z,2026-03-28T18:17:42Z,2026-03-28T18:17:45Z,70500,False,NCEEHelper,dtcxzyw/NCEEHelper,git@github.com:dtcxzyw/NCEEHelper.git,1
MDEwOlJlcG9zaXRvcnkyMjg1MjY5OTA=,2019-12-17T03:41:47Z,2026-03-14T13:08:39Z,2026-03-14T13:08:34Z,409,False,opengl_qt,46319943/opengl_qt,git@github.com:46319943/opengl_qt.git,16
MDEwOlJlcG9zaXRvcnkyMjg1MjE4MTQ=,2019-12-17T03:05:18Z,2026-03-13T15:47:50Z,2026-03-13T11:49:31Z,30,False,digital-circuit-simulator,kovelj/digital-circuit-simulator,git@github.com:kovelj/digital-circuit-simulator.git,0
MDEwOlJlcG9zaXRvcnkyMjg1MTUxOTE=,2019-12-17T02:23:04Z,2026-05-07T01:07:04Z,2026-04-23T22:38:00Z,35804,True,stpyv8,cloudflare/stpyv8,git@github.com:cloudflare/stpyv8.git,522
MDEwOlJlcG9zaXRvcnkyMjg1MTA4OTM=,2019-12-17T01:54:33Z,2026-03-17T17:27:30Z,2026-03-17T17:27:27Z,8341,False,DBSLMM,biostat0903/DBSLMM,git@github.com:biostat0903/DBSLMM.git,6
MDEwOlJlcG9zaXRvcnkyMjg0NDA4MzY=,2019-12-16T17:36:32Z,2026-03-25T16:49:50Z,2026-03-25T16:49:45Z,5581,False,twitter_eh,Zebfred/twitter_eh,git@github.com:Zebfred/twitter_eh.git,0
MDEwOlJlcG9zaXRvcnkyMjg0MzYyODc=,2019-12-16T17:10:15Z,2026-05-06T23:13:55Z,2026-05-06T23:13:51Z,4455,False,XLEViewer,horsicq/XLEViewer,git@github.com:horsicq/XLEViewer.git,10
MDEwOlJlcG9zaXRvcnkyMjgzNTg1OTY=,2019-12-16T10:13:13Z,2026-03-17T08:33:21Z,2026-04-28T19:52:32Z,205,True,opendatahub-epaper-backend,noi-techpark/opendatahub-epaper-backend,git@github.com:noi-techpark/opendatahub-epaper-backend.git,0
MDEwOlJlcG9zaXRvcnkyMjgyOTQzNzM=,2019-12-16T03:23:35Z,2026-03-23T21:24:19Z,2026-03-28T23:01:12Z,1485,True,abismal,smithlabcode/abismal,git@github.com:smithlabcode/abismal.git,20
MDEwOlJlcG9zaXRvcnkyMjgyNjkxNDc=,2019-12-15T23:45:44Z,2026-05-03T19:26:28Z,2026-05-03T19:26:23Z,1859,False,NixiTubeClock,lemmi25/NixiTubeClock,git@github.com:lemmi25/NixiTubeClock.git,0
MDEwOlJlcG9zaXRvcnkyMjgyMjIzMzc=,2019-12-15T17:20:31Z,2026-03-20T06:38:21Z,2026-03-20T06:38:14Z,351,False,ImageConverter,Daiki-Iijima/ImageConverter,git@github.com:Daiki-Iijima/ImageConverter.git,1
MDEwOlJlcG9zaXRvcnkyMjgxNjQ5OTE=,2019-12-15T10:18:54Z,2026-05-04T16:14:06Z,2026-05-04T16:14:02Z,20,False,cpp-algorithms-practice,vvhappyguy/cpp-algorithms-practice,git@github.com:vvhappyguy/cpp-algorithms-practice.git,0
MDEwOlJlcG9zaXRvcnkyMjgxMzMxNzk=,2019-12-15T05:24:00Z,2026-03-17T03:17:19Z,2026-03-17T03:21:55Z,113721,False,tanks-game,khuiqel/tanks-game,git@github.com:khuiqel/tanks-game.git,1
MDEwOlJlcG9zaXRvcnkyMjgxMzIzMTQ=,2019-12-15T05:14:45Z,2026-04-04T18:45:53Z,2026-04-04T18:45:48Z,266,False,01_othello,sasihara/01_othello,git@github.com:sasihara/01_othello.git,0
MDEwOlJlcG9zaXRvcnkyMjgwMjcxMjU=,2019-12-14T13:26:05Z,2026-05-04T06:14:11Z,2026-05-04T06:14:07Z,498308,False,Demo-project,junfeng142/Demo-project,git@github.com:junfeng142/Demo-project.git,1
MDEwOlJlcG9zaXRvcnkyMjgwMjU5MTk=,2019-12-14T13:17:10Z,2026-04-26T06:55:24Z,2026-04-26T06:55:20Z,20718,False,Mathematics,p-adic/Mathematics,git@github.com:p-adic/Mathematics.git,2
MDEwOlJlcG9zaXRvcnkyMjc5NzY3MTE=,2019-12-14T06:24:07Z,2026-03-11T17:58:10Z,2026-03-11T17:58:06Z,26,False,Basic-CPP-Programs,DaveH1981/Basic-CPP-Programs,git@github.com:DaveH1981/Basic-CPP-Programs.git,0
MDEwOlJlcG9zaXRvcnkyMjc5NDc2MjQ=,2019-12-14T01:09:16Z,2026-04-06T04:17:50Z,2026-04-06T04:17:46Z,16,False,challenges,mulatinho/challenges,git@github.com:mulatinho/challenges.git,0
MDEwOlJlcG9zaXRvcnkyMjc5MzMwODI=,2019-12-13T22:34:58Z,2026-03-27T17:39:48Z,2026-03-27T17:39:44Z,56415,False,NotesTree,dsvi/NotesTree,git@github.com:dsvi/NotesTree.git,0
MDEwOlJlcG9zaXRvcnkyMjc4OTUwMDA=,2019-12-13T17:58:20Z,2026-05-05T08:00:26Z,2026-05-05T08:00:22Z,57020,False,VanessaExt,lintest/VanessaExt,git@github.com:lintest/VanessaExt.git,108
MDEwOlJlcG9zaXRvcnkyMjc4ODQxNDk=,2019-12-13T16:51:34Z,2026-03-31T13:43:47Z,2026-05-07T02:19:35Z,203753,False,fb,boyism80/fb,git@github.com:boyism80/fb.git,7
MDEwOlJlcG9zaXRvcnkyMjc4NTM4Mzk=,2019-12-13T14:09:25Z,2026-04-12T09:44:57Z,2026-04-12T09:44:52Z,2536,False,Leetcode,louisfghbvc/Leetcode,git@github.com:louisfghbvc/Leetcode.git,4
MDEwOlJlcG9zaXRvcnkyMjc4MDM5ODY=,2019-12-13T09:30:40Z,2026-04-29T10:24:30Z,2026-04-29T10:24:26Z,6248,False,coherent-rtlsdr,mlaaks/coherent-rtlsdr,git@github.com:mlaaks/coherent-rtlsdr.git,116
MDEwOlJlcG9zaXRvcnkyMjc4MDE3MjE=,2019-12-13T09:19:17Z,2026-04-22T11:44:58Z,2026-04-22T11:44:55Z,67,False,width_measure_v1,mhmmdakn/width_measure_v1,git@github.com:mhmmdakn/width_measure_v1.git,0
MDEwOlJlcG9zaXRvcnkyMjc3Nzc2NTk=,2019-12-13T07:05:08Z,2026-03-11T14:59:00Z,2026-03-11T14:58:52Z,383,False,qrp2rup,peitl/qrp2rup,git@github.com:peitl/qrp2rup.git,0
MDEwOlJlcG9zaXRvcnkyMjc3MTk2MzM=,2019-12-13T00:08:45Z,2026-04-23T18:32:08Z,2026-04-13T13:43:51Z,62,False,gscam2,clydemcqueen/gscam2,git@github.com:clydemcqueen/gscam2.git,121
MDEwOlJlcG9zaXRvcnkyMjc3MDMyMzY=,2019-12-12T21:52:45Z,2026-04-17T15:10:05Z,2026-04-17T15:10:01Z,17,False,mirai-sensors,taufderl/mirai-sensors,git@github.com:taufderl/mirai-sensors.git,1
MDEwOlJlcG9zaXRvcnkyMjc2NjU2NjE=,2019-12-12T17:55:43Z,2026-04-06T22:23:22Z,2026-04-07T22:16:54Z,2187,False,wkbre2,AdrienTD/wkbre2,git@github.com:AdrienTD/wkbre2.git,21
MDEwOlJlcG9zaXRvcnkyMjc2NjM0NTc=,2019-12-12T17:43:26Z,2026-05-01T18:03:53Z,2026-04-12T23:15:04Z,86278,True,VCC,VCCE/VCC,git@github.com:VCCE/VCC.git,79
MDEwOlJlcG9zaXRvcnkyMjc2Mzk2Mzg=,2019-12-12T15:37:36Z,2026-04-28T18:27:16Z,2026-05-04T22:45:31Z,45577,True,map,sparcians/map,git@github.com:sparcians/map.git,222
MDEwOlJlcG9zaXRvcnkyMjc2MzA0NDE=,2019-12-12T14:51:58Z,2026-03-06T11:53:22Z,2026-03-06T11:53:18Z,2755,False,CPP,abhaysrivastav/CPP,git@github.com:abhaysrivastav/CPP.git,0
MDEwOlJlcG9zaXRvcnkyMjc1OTY1MTQ=,2019-12-12T12:00:38Z,2026-04-15T16:08:26Z,2026-03-30T14:52:40Z,283,True,ebpfpub,trailofbits/ebpfpub,git@github.com:trailofbits/ebpfpub.git,123
MDEwOlJlcG9zaXRvcnkyMjc1OTEwNDQ=,2019-12-12T11:28:35Z,2026-04-19T06:43:05Z,2026-04-19T06:42:57Z,4935,False,DSMRloggerAPI,mrWheel/DSMRloggerAPI,git@github.com:mrWheel/DSMRloggerAPI.git,19
MDEwOlJlcG9zaXRvcnkyMjc1ODMzMTA=,2019-12-12T10:45:45Z,2026-03-23T18:51:28Z,2026-04-06T19:42:23Z,1267,True,mc_rtc_ros,jrl-umi3218/mc_rtc_ros,git@github.com:jrl-umi3218/mc_rtc_ros.git,11
MDEwOlJlcG9zaXRvcnkyMjc1NzczNDY=,2019-12-12T10:13:39Z,2026-04-27T13:10:13Z,2026-04-27T13:10:08Z,163,False,cpp-common-class,jingwood/cpp-common-class,git@github.com:jingwood/cpp-common-class.git,2
MDEwOlJlcG9zaXRvcnkyMjc1NzQwMjE=,2019-12-12T09:56:21Z,2026-04-23T07:38:13Z,2026-04-23T07:38:09Z,12965,True,OXYGEN-SDK,DEWETRON/OXYGEN-SDK,git@github.com:DEWETRON/OXYGEN-SDK.git,15
MDEwOlJlcG9zaXRvcnkyMjc1NDQ2NDg=,2019-12-12T07:18:57Z,2026-05-04T04:11:22Z,2026-05-04T04:11:17Z,2907,False,ToolUILib,archo5/ToolUILib,git@github.com:archo5/ToolUILib.git,3
MDEwOlJlcG9zaXRvcnkyMjc1MDYyNTU=,2019-12-12T02:49:51Z,2026-05-03T20:31:58Z,2026-05-03T20:33:44Z,3275,False,csvquery,dvhar/csvquery,git@github.com:dvhar/csvquery.git,0
MDEwOlJlcG9zaXRvcnkyMjc0Nzg3MDg=,2019-12-11T23:19:52Z,2026-04-30T08:57:32Z,2026-03-15T19:28:52Z,531,False,yokis-hack,nmaupu/yokis-hack,git@github.com:nmaupu/yokis-hack.git,25
MDEwOlJlcG9zaXRvcnkyMjc0Njg3NTk=,2019-12-11T22:02:34Z,2026-04-29T21:15:14Z,2026-04-29T21:15:24Z,3876,True,fill_voids,seung-lab/fill_voids,git@github.com:seung-lab/fill_voids.git,29
MDEwOlJlcG9zaXRvcnkyMjc0NTE2MzE=,2019-12-11T20:13:30Z,2026-04-24T17:19:58Z,2026-04-24T17:19:55Z,142,False,ballotin,dansandu/ballotin,git@github.com:dansandu/ballotin.git,0
MDEwOlJlcG9zaXRvcnkyMjc0NDM1Mjc=,2019-12-11T19:26:07Z,2026-04-24T18:46:29Z,2026-04-24T18:46:27Z,138,False,math,dansandu/math,git@github.com:dansandu/math.git,0
MDEwOlJlcG9zaXRvcnkyMjczODEwMzA=,2019-12-11T14:09:42Z,2026-04-23T07:41:21Z,2026-04-23T07:41:17Z,90,False,DesignLibrary,Chewnonobelix/DesignLibrary,git@github.com:Chewnonobelix/DesignLibrary.git,0
MDEwOlJlcG9zaXRvcnkyMjczNzc3NzQ=,2019-12-11T13:54:37Z,2026-05-04T20:53:50Z,2026-05-04T20:53:46Z,31089,False,edu.schwabe.raytracer,falkosch/edu.schwabe.raytracer,git@github.com:falkosch/edu.schwabe.raytracer.git,0
MDEwOlJlcG9zaXRvcnkyMjczNzQ1OTU=,2019-12-11T13:39:49Z,2026-05-03T14:27:10Z,2026-05-03T14:27:06Z,32,False,ESP32,thihaElec/ESP32,git@github.com:thihaElec/ESP32.git,0
MDEwOlJlcG9zaXRvcnkyMjczNDA1MzU=,2019-12-11T10:38:38Z,2026-04-20T20:43:23Z,2026-04-20T20:43:19Z,18083,False,Fibonacci-Vierkantekokerklok,ednieuw/Fibonacci-Vierkantekokerklok,git@github.com:ednieuw/Fibonacci-Vierkantekokerklok.git,0
MDEwOlJlcG9zaXRvcnkyMjcyMDgyNTU=,2019-12-10T20:20:21Z,2026-04-06T18:39:31Z,2026-04-06T18:39:23Z,3467,True,SPRoute,asyncvlsi/SPRoute,git@github.com:asyncvlsi/SPRoute.git,31
MDEwOlJlcG9zaXRvcnkyMjcyMDMyODI=,2019-12-10T19:52:11Z,2026-05-07T08:12:06Z,2026-03-12T18:13:49Z,1245,True,parlaylib,cmuparlay/parlaylib,git@github.com:cmuparlay/parlaylib.git,435
MDEwOlJlcG9zaXRvcnkyMjcxOTc0MDM=,2019-12-10T19:17:06Z,2026-05-06T19:25:29Z,2026-05-06T19:25:25Z,2818,True,ROCdbgapi,ROCm/ROCdbgapi,git@github.com:ROCm/ROCdbgapi.git,18
MDEwOlJlcG9zaXRvcnkyMjcxNTc2NjU=,2019-12-10T15:45:26Z,2026-05-06T22:16:57Z,2026-04-09T14:28:24Z,95135,True,vulkan-renderer,inexorgame/vulkan-renderer,git@github.com:inexorgame/vulkan-renderer.git,1148
MDEwOlJlcG9zaXRvcnkyMjcwOTE1MDI=,2019-12-10T10:32:44Z,2026-05-07T11:23:05Z,2026-05-07T11:34:52Z,225613,True,perfetto,google/perfetto,git@github.com:google/perfetto.git,5901
MDEwOlJlcG9zaXRvcnkyMjcwNDQxMTQ=,2019-12-10T06:22:13Z,2026-04-21T05:29:03Z,2026-04-21T05:28:59Z,1171,False,advent-of-code,ocitrev/advent-of-code,git@github.com:ocitrev/advent-of-code.git,0
MDEwOlJlcG9zaXRvcnkyMjcwMzc2NDU=,2019-12-10T05:39:23Z,2026-04-24T12:24:28Z,2026-05-05T14:35:40Z,539012,True,mc_rtc,jrl-umi3218/mc_rtc,git@github.com:jrl-umi3218/mc_rtc.git,174
MDEwOlJlcG9zaXRvcnkyMjcwMTQzNjY=,2019-12-10T02:45:35Z,2026-05-05T01:55:20Z,2026-05-05T01:55:16Z,2700,False,ecef-geodetic,planet36/ecef-geodetic,git@github.com:planet36/ecef-geodetic.git,14
MDEwOlJlcG9zaXRvcnkyMjY5MDg2MDU=,2019-12-09T15:49:47Z,2026-04-21T15:41:04Z,2026-04-21T15:59:04Z,42124,True,org.muhkuh.lua-romloader_pt,muhkuh-sys/org.muhkuh.lua-romloader_pt,git@github.com:muhkuh-sys/org.muhkuh.lua-romloader_pt.git,0
MDEwOlJlcG9zaXRvcnkyMjY4OTQxMzM=,2019-12-09T14:43:05Z,2026-04-29T05:39:18Z,2026-04-29T05:39:14Z,567,False,Algorithm,JungSH95/Algorithm,git@github.com:JungSH95/Algorithm.git,0
MDEwOlJlcG9zaXRvcnkyMjY4ODk3MTY=,2019-12-09T14:22:47Z,2026-04-29T12:16:27Z,2026-04-29T12:18:02Z,55287,True,SalesIQ-Mobilisten-ReactNative,zoho/SalesIQ-Mobilisten-ReactNative,git@github.com:zoho/SalesIQ-Mobilisten-ReactNative.git,9
MDEwOlJlcG9zaXRvcnkyMjY4ODkwNzg=,2019-12-09T14:19:42Z,2026-03-01T13:40:35Z,2026-03-01T13:40:32Z,19,False,my-projects,Neutralas/my-projects,git@github.com:Neutralas/my-projects.git,1
MDEwOlJlcG9zaXRvcnkyMjY4ODEwOTg=,2019-12-09T13:42:54Z,2026-03-04T09:02:11Z,2026-04-24T08:33:04Z,2580,True,scancontrol,sam-xl/scancontrol,git@github.com:sam-xl/scancontrol.git,16
MDEwOlJlcG9zaXRvcnkyMjY4MjE3ODc=,2019-12-09T08:28:23Z,2026-04-04T11:51:50Z,2026-03-27T15:11:43Z,2221,True,xbyak_aarch64,fujitsu/xbyak_aarch64,git@github.com:fujitsu/xbyak_aarch64.git,223
MDEwOlJlcG9zaXRvcnkyMjY4MDAxNzU=,2019-12-09T06:25:23Z,2026-04-18T12:43:27Z,2026-03-05T04:50:12Z,19167,True,3D-Graphics-Rendering-Cookbook,PacktPublishing/3D-Graphics-Rendering-Cookbook,git@github.com:PacktPublishing/3D-Graphics-Rendering-Cookbook.git,1104
MDEwOlJlcG9zaXRvcnkyMjY3MzgwNzE=,2019-12-08T22:00:26Z,2026-04-27T18:46:40Z,2026-04-27T18:46:36Z,7391,False,sw63,xx0x/sw63,git@github.com:xx0x/sw63.git,1
MDEwOlJlcG9zaXRvcnkyMjY3MjM0ODQ=,2019-12-08T19:58:49Z,2026-04-29T13:29:54Z,2026-04-29T13:29:44Z,18898,True,pyobs-qhyccd,pyobs/pyobs-qhyccd,git@github.com:pyobs/pyobs-qhyccd.git,0
MDEwOlJlcG9zaXRvcnkyMjY3MTkyOTY=,2019-12-08T19:24:36Z,2026-04-02T05:46:33Z,2026-04-02T05:46:29Z,542,False,Sahara-Studio,nirjacobson/Sahara-Studio,git@github.com:nirjacobson/Sahara-Studio.git,0
MDEwOlJlcG9zaXRvcnkyMjY2MDgyMjk=,2019-12-08T03:21:11Z,2026-04-15T02:24:15Z,2026-04-15T02:24:11Z,41050,False,TURBID,yueliangyi/TURBID,git@github.com:yueliangyi/TURBID.git,4
MDEwOlJlcG9zaXRvcnkyMjY1MjgzMDc=,2019-12-07T14:37:23Z,2026-05-04T19:02:01Z,2026-04-27T15:31:44Z,586242,False,cc4e,csev/cc4e,git@github.com:csev/cc4e.git,371
MDEwOlJlcG9zaXRvcnkyMjY0NTc2MDY=,2019-12-07T04:52:04Z,2026-05-06T03:25:37Z,2026-05-06T03:25:34Z,87143,False,VanguardEngine,adepke/VanguardEngine,git@github.com:adepke/VanguardEngine.git,91
MDEwOlJlcG9zaXRvcnkyMjYzOTIxNTQ=,2019-12-06T19:04:38Z,2026-03-01T10:22:36Z,2026-04-07T01:33:57Z,547,True,form_builder_file_picker,flutter-form-builder-ecosystem/form_builder_file_picker,git@github.com:flutter-form-builder-ecosystem/form_builder_file_picker.git,17
MDEwOlJlcG9zaXRvcnkyMjYzOTA4MDU=,2019-12-06T18:55:16Z,2026-04-22T07:12:16Z,2026-05-07T02:23:34Z,453096,True,map,carla-simulator/map,git@github.com:carla-simulator/map.git,103
MDEwOlJlcG9zaXRvcnkyMjYzNzA2OTI=,2019-12-06T16:41:06Z,2026-05-05T15:29:56Z,2026-04-03T20:36:15Z,484213,False,Midi-boards,Deftaudio/Midi-boards,git@github.com:Deftaudio/Midi-boards.git,139
MDEwOlJlcG9zaXRvcnkyMjYzNjIxODA=,2019-12-06T15:54:31Z,2026-04-16T20:35:05Z,2026-04-16T20:34:59Z,14002,False,beehive_weight,vitzaoral/beehive_weight,git@github.com:vitzaoral/beehive_weight.git,20
MDEwOlJlcG9zaXRvcnkyMjYzNTc3MTQ=,2019-12-06T15:28:42Z,2026-05-05T06:06:25Z,2026-05-07T07:13:24Z,8504,True,sushi,elk-audio/sushi,git@github.com:elk-audio/sushi.git,172
MDEwOlJlcG9zaXRvcnkyMjYzNDk4MzI=,2019-12-06T14:44:53Z,2026-04-01T08:48:23Z,2026-04-01T08:48:35Z,305,True,raspa,elk-audio/raspa,git@github.com:elk-audio/raspa.git,3
MDEwOlJlcG9zaXRvcnkyMjYzNDkxMDU=,2019-12-06T14:41:10Z,2026-03-27T08:21:14Z,2026-03-25T13:53:40Z,238,True,twine,elk-audio/twine,git@github.com:elk-audio/twine.git,7
MDEwOlJlcG9zaXRvcnkyMjYzNDEwNTM=,2019-12-06T13:56:40Z,2026-04-07T00:18:13Z,2026-04-24T02:10:17Z,22313,True,DisCoTec,SGpp/DisCoTec,git@github.com:SGpp/DisCoTec.git,9
MDEwOlJlcG9zaXRvcnkyMjYxMzI1OTY=,2019-12-05T15:28:17Z,2026-05-03T05:18:18Z,2026-03-30T22:50:05Z,11453,False,DFPSR,Dawoodoz/DFPSR,git@github.com:Dawoodoz/DFPSR.git,123
MDEwOlJlcG9zaXRvcnkyMjYwNzc2NTI=,2019-12-05T10:38:29Z,2026-05-03T19:28:55Z,2026-05-05T20:42:37Z,47370,False,retractordb,michalwidera/retractordb,git@github.com:michalwidera/retractordb.git,6
MDEwOlJlcG9zaXRvcnkyMjU5ODM2NjY=,2019-12-05T00:38:43Z,2026-03-25T00:07:42Z,2026-03-25T00:13:33Z,1894,False,etheos,ethanmoffat/etheos,git@github.com:ethanmoffat/etheos.git,14
MDEwOlJlcG9zaXRvcnkyMjU5NzE0NjQ=,2019-12-04T22:50:32Z,2026-04-30T00:28:37Z,2026-04-30T00:39:22Z,22112,True,obot-controller,unhuman-io/obot-controller,git@github.com:unhuman-io/obot-controller.git,15
MDEwOlJlcG9zaXRvcnkyMjU5Mjc2NzI=,2019-12-04T18:05:37Z,2026-04-30T00:13:04Z,2026-04-30T00:13:00Z,73,False,operators,davidstone/operators,git@github.com:davidstone/operators.git,13
MDEwOlJlcG9zaXRvcnkyMjU5MTQ4NjU=,2019-12-04T16:52:58Z,2026-05-06T23:16:07Z,2026-05-06T23:16:03Z,4469,False,XNEViewer,horsicq/XNEViewer,git@github.com:horsicq/XNEViewer.git,11
MDEwOlJlcG9zaXRvcnkyMjU5MDU5NzE=,2019-12-04T16:06:26Z,2026-03-26T13:44:15Z,2026-03-26T13:44:09Z,305,True,elkcpp,elk-audio/elkcpp,git@github.com:elk-audio/elkcpp.git,10
MDEwOlJlcG9zaXRvcnkyMjU4OTc4OTQ=,2019-12-04T15:25:15Z,2026-04-10T20:12:50Z,2026-04-10T20:12:44Z,2956,True,SlicerFreeSurfer,PerkLab/SlicerFreeSurfer,git@github.com:PerkLab/SlicerFreeSurfer.git,18
MDEwOlJlcG9zaXRvcnkyMjU4ODczNzA=,2019-12-04T14:34:25Z,2026-05-02T11:17:53Z,2026-04-28T21:51:27Z,4671,True,verdict,sandialabs/verdict,git@github.com:sandialabs/verdict.git,36
MDEwOlJlcG9zaXRvcnkyMjU4NjYyODk=,2019-12-04T12:50:11Z,2026-03-20T16:33:21Z,2026-03-20T16:33:08Z,42822,False,MDE,Gweno/MDE,git@github.com:Gweno/MDE.git,1
MDEwOlJlcG9zaXRvcnkyMjU4NTc3MDc=,2019-12-04T12:05:01Z,2026-03-09T13:15:19Z,2026-03-09T13:15:14Z,3228,False,esp32_LightningDetector,merlinmb/esp32_LightningDetector,git@github.com:merlinmb/esp32_LightningDetector.git,3
MDEwOlJlcG9zaXRvcnkyMjU4Mjc4Mzk=,2019-12-04T09:24:00Z,2026-03-19T09:18:50Z,2026-04-30T11:16:19Z,81538,True,common-cxx,51Degrees/common-cxx,git@github.com:51Degrees/common-cxx.git,0
MDEwOlJlcG9zaXRvcnkyMjU3OTc5NDA=,2019-12-04T06:42:12Z,2026-04-15T13:18:39Z,2026-04-15T13:18:38Z,1098,True,yugawara,project-tsurugi/yugawara,git@github.com:project-tsurugi/yugawara.git,2
MDEwOlJlcG9zaXRvcnkyMjU3MzU0Mjk=,2019-12-03T23:14:35Z,2026-03-27T17:14:48Z,2026-04-13T23:59:37Z,5343,False,mrzscanner,patrit/mrzscanner,git@github.com:patrit/mrzscanner.git,0
MDEwOlJlcG9zaXRvcnkyMjU2ODkwNDA=,2019-12-03T18:30:12Z,2026-03-21T02:09:40Z,2026-03-21T02:09:36Z,206194,True,Biclique,optimization-pibic-2019-2020/Biclique,git@github.com:optimization-pibic-2019-2020/Biclique.git,0
MDEwOlJlcG9zaXRvcnkyMjU2NzE3ODk=,2019-12-03T16:56:03Z,2026-05-04T23:01:07Z,2026-04-21T19:26:07Z,13125,False,lithium,matt-42/lithium,git@github.com:matt-42/lithium.git,1392
MDEwOlJlcG9zaXRvcnkyMjU2MjExNzA=,2019-12-03T13:01:08Z,2026-05-06T18:09:30Z,2026-05-07T06:48:02Z,18688,True,vk_gltf_renderer,nvpro-samples/vk_gltf_renderer,git@github.com:nvpro-samples/vk_gltf_renderer.git,360
MDEwOlJlcG9zaXRvcnkyMjU2MDk4MjU=,2019-12-03T12:03:36Z,2026-04-17T22:49:58Z,2026-04-17T22:49:54Z,231,False,BW_Midi_Sequencer,Wohlstand/BW_Midi_Sequencer,git@github.com:Wohlstand/BW_Midi_Sequencer.git,20
MDEwOlJlcG9zaXRvcnkyMjU1NDczMDU=,2019-12-03T06:28:07Z,2026-05-07T09:17:50Z,2026-04-03T05:10:39Z,811930,True,Prometheus,amov-lab/Prometheus,git@github.com:amov-lab/Prometheus.git,3144
MDEwOlJlcG9zaXRvcnkyMjU0OTEyMzU=,2019-12-02T23:54:09Z,2026-04-15T04:51:26Z,2026-04-15T17:45:25Z,49109,True,SPERR,NCAR/SPERR,git@github.com:NCAR/SPERR.git,25
MDEwOlJlcG9zaXRvcnkyMjU0NTQ0MTk=,2019-12-02T19:40:26Z,2026-04-29T15:45:15Z,2026-05-06T12:14:40Z,65494,True,revbayes,revbayes/revbayes,git@github.com:revbayes/revbayes.git,82
MDEwOlJlcG9zaXRvcnkyMjU0NDg2MjI=,2019-12-02T19:06:20Z,2026-04-18T23:26:34Z,2026-04-18T23:26:31Z,27,False,anysac,urbeller/anysac,git@github.com:urbeller/anysac.git,0
MDEwOlJlcG9zaXRvcnkyMjU0MzU1NDY=,2019-12-02T17:51:45Z,2026-04-22T01:51:05Z,2026-03-03T13:47:06Z,7875,True,chp2prs,asyncvlsi/chp2prs,git@github.com:asyncvlsi/chp2prs.git,8
MDEwOlJlcG9zaXRvcnkyMjUzNDU1NTE=,2019-12-02T10:17:53Z,2026-05-07T09:21:35Z,2026-05-07T09:21:30Z,62223,True,DRAMHiT,mars-research/DRAMHiT,git@github.com:mars-research/DRAMHiT.git,32
MDEwOlJlcG9zaXRvcnkyMjUzMzM3MjQ=,2019-12-02T09:18:28Z,2026-04-29T09:18:00Z,2026-04-01T21:47:25Z,245,True,vcperf,microsoft/vcperf,git@github.com:microsoft/vcperf.git,327
MDEwOlJlcG9zaXRvcnkyMjUyMzU5MzU=,2019-12-01T21:49:07Z,2026-03-29T14:51:35Z,2026-03-29T14:51:31Z,159,False,advent-of-code-cpp,nikolay-pv/advent-of-code-cpp,git@github.com:nikolay-pv/advent-of-code-cpp.git,0
MDEwOlJlcG9zaXRvcnkyMjUyMzI5OTA=,2019-12-01T21:23:26Z,2026-04-22T10:21:53Z,2026-04-22T10:21:47Z,156,False,vendor-qcom-opensource-vibrator,sonyxperiadev/vendor-qcom-opensource-vibrator,git@github.com:sonyxperiadev/vendor-qcom-opensource-vibrator.git,1
MDEwOlJlcG9zaXRvcnkyMjUyMjAwMzQ=,2019-12-01T19:46:04Z,2026-03-15T00:23:05Z,2026-03-15T00:23:01Z,28,False,wfQueue,nnewson/wfQueue,git@github.com:nnewson/wfQueue.git,0
MDEwOlJlcG9zaXRvcnkyMjUxOTM3NTQ=,2019-12-01T16:38:18Z,2026-04-05T05:37:20Z,2026-04-05T05:37:15Z,4511,False,model_d_controller,maasijam/model_d_controller,git@github.com:maasijam/model_d_controller.git,23
MDEwOlJlcG9zaXRvcnkyMjUxNzg5MDI=,2019-12-01T14:55:33Z,2026-05-03T14:26:42Z,2026-05-03T14:26:37Z,880,False,harbour-seaprint,attah/harbour-seaprint,git@github.com:attah/harbour-seaprint.git,18
MDEwOlJlcG9zaXRvcnkyMjUxNzc5NzI=,2019-12-01T14:49:22Z,2026-03-13T17:41:23Z,2026-03-13T17:41:18Z,3171,False,Nixie-Tube-Driver,marcinsaj/Nixie-Tube-Driver,git@github.com:marcinsaj/Nixie-Tube-Driver.git,11
MDEwOlJlcG9zaXRvcnkyMjUxNzMxOTM=,2019-12-01T14:16:25Z,2026-04-26T17:13:22Z,2026-04-26T17:13:18Z,3794,True,device_oneplus_sm8150-common,AICP/device_oneplus_sm8150-common,git@github.com:AICP/device_oneplus_sm8150-common.git,0
MDEwOlJlcG9zaXRvcnkyMjUxNzI4MzE=,2019-12-01T14:14:17Z,2026-05-01T14:00:37Z,2026-05-06T08:36:18Z,97998,False,dmc4_hook,muhopensores/dmc4_hook,git@github.com:muhopensores/dmc4_hook.git,39
MDEwOlJlcG9zaXRvcnkyMjUxNjEyNzQ=,2019-12-01T12:54:46Z,2026-04-29T00:33:35Z,2026-04-26T21:14:27Z,33309,False,librapidarchive,mxmlnkn/librapidarchive,git@github.com:mxmlnkn/librapidarchive.git,86
MDEwOlJlcG9zaXRvcnkyMjUwODY1MzA=,2019-12-01T00:18:25Z,2026-03-15T00:20:23Z,2026-03-15T00:20:19Z,226,False,trunk,iceboy233/trunk,git@github.com:iceboy233/trunk.git,6
MDEwOlJlcG9zaXRvcnkyMjUwNzMzNjg=,2019-11-30T21:42:56Z,2026-04-05T02:29:26Z,2026-04-05T02:29:21Z,10163,False,FM,captainys/FM,git@github.com:captainys/FM.git,25
MDEwOlJlcG9zaXRvcnkyMjUwNTE5NDU=,2019-11-30T18:13:27Z,2026-04-03T18:22:18Z,2026-04-27T00:48:27Z,90691,False,LinAlgLib,jsandham/LinAlgLib,git@github.com:jsandham/LinAlgLib.git,0
MDEwOlJlcG9zaXRvcnkyMjUwMjMwNTA=,2019-11-30T14:19:04Z,2026-04-26T13:04:56Z,2026-04-26T13:04:52Z,1461,True,cpp-osx-iokit_hid_value,pqrs-org/cpp-osx-iokit_hid_value,git@github.com:pqrs-org/cpp-osx-iokit_hid_value.git,1
MDEwOlJlcG9zaXRvcnkyMjQ5Njg1NzA=,2019-11-30T06:14:16Z,2026-05-01T22:55:11Z,2026-05-01T22:53:59Z,2893457,True,gcc,MIPS/gcc,git@github.com:MIPS/gcc.git,5
MDEwOlJlcG9zaXRvcnkyMjQ5Mzg0NDA=,2019-11-30T00:19:59Z,2026-03-27T13:55:09Z,2026-04-05T06:27:58Z,68,False,bochscpu-build,yrp604/bochscpu-build,git@github.com:yrp604/bochscpu-build.git,15
MDEwOlJlcG9zaXRvcnkyMjQ5MzMzNDQ=,2019-11-29T23:11:28Z,2026-04-24T22:24:22Z,2026-04-24T22:24:18Z,77,False,grlx-rpc,gorilux/grlx-rpc,git@github.com:gorilux/grlx-rpc.git,0
MDEwOlJlcG9zaXRvcnkyMjQ5MjgzMzg=,2019-11-29T22:11:45Z,2026-03-27T06:52:13Z,2026-03-27T07:10:54Z,209,False,math-server,egor-tensin/math-server,git@github.com:egor-tensin/math-server.git,0
MDEwOlJlcG9zaXRvcnkyMjQ5MTk1MDQ=,2019-11-29T20:40:51Z,2026-04-23T14:21:22Z,2026-04-23T14:21:18Z,41810,False,strengthening,akazachk/strengthening,git@github.com:akazachk/strengthening.git,1
MDEwOlJlcG9zaXRvcnkyMjQ5MDg2NDY=,2019-11-29T19:03:58Z,2026-05-05T05:33:36Z,2026-05-05T05:33:32Z,47779,False,sdlwithrollback,alexanderbenfox/sdlwithrollback,git@github.com:alexanderbenfox/sdlwithrollback.git,1
MDEwOlJlcG9zaXRvcnkyMjQ5MDgyNDQ=,2019-11-29T19:00:17Z,2026-05-07T02:09:11Z,2026-05-06T20:47:14Z,27670,True,WasmEdge,WasmEdge/WasmEdge,git@github.com:WasmEdge/WasmEdge.git,10578
MDEwOlJlcG9zaXRvcnkyMjQ4NzAyMzE=,2019-11-29T14:33:23Z,2026-04-17T02:43:39Z,2026-04-15T12:30:46Z,139519,False,ccccc,Jarod42/ccccc,git@github.com:Jarod42/ccccc.git,21
MDEwOlJlcG9zaXRvcnkyMjQ4MjczNzc=,2019-11-29T10:02:10Z,2026-04-08T02:53:45Z,2026-04-08T02:57:25Z,134,True,DFRobot_IICSerial,DFRobot/DFRobot_IICSerial,git@github.com:DFRobot/DFRobot_IICSerial.git,8
MDEwOlJlcG9zaXRvcnkyMjQ3ODI4NDE=,2019-11-29T05:29:46Z,2026-04-28T04:42:29Z,2026-04-28T04:42:24Z,126773,False,PaletteCycling,amroibrahim/PaletteCycling,git@github.com:amroibrahim/PaletteCycling.git,3
MDEwOlJlcG9zaXRvcnkyMjQ3NjA0Mjg=,2019-11-29T02:15:38Z,2026-05-06T00:29:11Z,2026-05-06T00:29:07Z,440,False,CMUtil,hyzboy/CMUtil,git@github.com:hyzboy/CMUtil.git,0
MDEwOlJlcG9zaXRvcnkyMjQ3MjI1NTA=,2019-11-28T20:14:59Z,2026-03-28T15:16:27Z,2026-03-28T15:16:23Z,2,False,Time-Alarms,Noramczyk/Time-Alarms,git@github.com:Noramczyk/Time-Alarms.git,0
MDEwOlJlcG9zaXRvcnkyMjQ3MDY0NDI=,2019-11-28T18:07:34Z,2026-04-30T01:41:25Z,2026-05-05T14:50:48Z,162474,True,bipedal-locomotion-framework,gbionics/bipedal-locomotion-framework,git@github.com:gbionics/bipedal-locomotion-framework.git,212
MDEwOlJlcG9zaXRvcnkyMjQ2ODA1NTQ=,2019-11-28T15:21:41Z,2026-04-09T16:53:51Z,2026-04-13T17:20:56Z,383,False,Lift-Kata,emilybache/Lift-Kata,git@github.com:emilybache/Lift-Kata.git,22
MDEwOlJlcG9zaXRvcnkyMjQ2Nzg3ODc=,2019-11-28T15:11:53Z,2026-05-05T16:19:42Z,2026-03-29T22:53:07Z,3973,False,VietType,dinhngtu/VietType,git@github.com:dinhngtu/VietType.git,52
MDEwOlJlcG9zaXRvcnkyMjQ2NjQwMTU=,2019-11-28T13:53:36Z,2026-05-04T12:36:36Z,2026-03-29T14:21:33Z,83912,True,lbr_fri_ros2_stack,lbr-stack/lbr_fri_ros2_stack,git@github.com:lbr-stack/lbr_fri_ros2_stack.git,246
MDEwOlJlcG9zaXRvcnkyMjQ1NzMzMTg=,2019-11-28T05:00:57Z,2026-04-14T00:00:32Z,2026-04-14T00:00:28Z,64910,False,nerd-lights,berickson/nerd-lights,git@github.com:berickson/nerd-lights.git,0
MDEwOlJlcG9zaXRvcnkyMjQ1MzE1MTE=,2019-11-27T23:04:02Z,2026-03-22T23:30:19Z,2026-03-22T23:30:15Z,11935,False,internet_of_spores,X-Illuminati/internet_of_spores,git@github.com:X-Illuminati/internet_of_spores.git,0
MDEwOlJlcG9zaXRvcnkyMjQ1MDM3MTI=,2019-11-27T19:34:20Z,2026-05-07T02:09:25Z,2026-04-17T08:17:02Z,24320,False,tomlplusplus,marzer/tomlplusplus,git@github.com:marzer/tomlplusplus.git,2045
MDEwOlJlcG9zaXRvcnkyMjQ0NjgyOTg=,2019-11-27T16:06:18Z,2026-05-07T07:04:42Z,2026-04-27T22:50:55Z,7669,True,url,boostorg/url,git@github.com:boostorg/url.git,202
MDEwOlJlcG9zaXRvcnkyMjQ0NjgyNjU=,2019-11-27T16:06:10Z,2026-05-07T08:56:07Z,2026-05-05T01:43:16Z,22016,False,NotepadNext,dail8859/NotepadNext,git@github.com:dail8859/NotepadNext.git,14080
MDEwOlJlcG9zaXRvcnkyMjQzOTI2MjM=,2019-11-27T09:25:17Z,2026-04-09T16:06:50Z,2026-04-09T16:06:43Z,37453,False,CyberBot,Antipat/CyberBot,git@github.com:Antipat/CyberBot.git,0
MDEwOlJlcG9zaXRvcnkyMjQyODkyNDA=,2019-11-26T21:28:01Z,2026-03-04T14:13:41Z,2026-03-04T14:13:37Z,252,True,CPP_Lanjut_OOP,kelasterbuka/CPP_Lanjut_OOP,git@github.com:kelasterbuka/CPP_Lanjut_OOP.git,59
MDEwOlJlcG9zaXRvcnkyMjQyNzIxODM=,2019-11-26T19:42:12Z,2026-04-18T18:34:05Z,2026-04-18T18:34:00Z,10028,True,warrolight,PampaWarro/warrolight,git@github.com:PampaWarro/warrolight.git,9
MDEwOlJlcG9zaXRvcnkyMjQyNTg2Nzg=,2019-11-26T18:22:32Z,2026-04-07T12:27:37Z,2026-04-07T12:27:28Z,7370,False,gramods,karlun/gramods,git@github.com:karlun/gramods.git,11
MDEwOlJlcG9zaXRvcnkyMjQyNTY5OTU=,2019-11-26T18:13:25Z,2026-03-11T22:22:34Z,2026-03-04T09:34:42Z,1242,True,titanlib,metno/titanlib,git@github.com:metno/titanlib.git,40
MDEwOlJlcG9zaXRvcnkyMjQyMDAwMjQ=,2019-11-26T13:34:50Z,2026-04-01T08:47:14Z,2026-04-01T08:51:28Z,127563,True,feat3,tudo-math-ls3/feat3,git@github.com:tudo-math-ls3/feat3.git,16
MDEwOlJlcG9zaXRvcnkyMjQxNTE2Nzc=,2019-11-26T09:24:44Z,2026-04-23T08:15:44Z,2026-04-23T08:15:40Z,732,False,zoe,winsoft666/zoe,git@github.com:winsoft666/zoe.git,55
MDEwOlJlcG9zaXRvcnkyMjQxMjA5ODM=,2019-11-26T06:42:08Z,2026-05-04T00:10:53Z,2026-05-04T00:10:49Z,595,False,util_udm,Silverlan/util_udm,git@github.com:Silverlan/util_udm.git,2
MDEwOlJlcG9zaXRvcnkyMjQxMTI0Mjk=,2019-11-26T05:48:00Z,2026-04-19T00:20:42Z,2026-03-28T20:44:49Z,5613,False,cp-book,ecnerwala/cp-book,git@github.com:ecnerwala/cp-book.git,625
MDEwOlJlcG9zaXRvcnkyMjQwNDY1MTM=,2019-11-25T21:39:08Z,2026-03-08T09:16:48Z,2026-03-08T09:16:35Z,1934,False,fractsim,Knoblauchpilze/fractsim,git@github.com:Knoblauchpilze/fractsim.git,0
MDEwOlJlcG9zaXRvcnkyMjQwMzA5MDU=,2019-11-25T19:59:37Z,2026-04-21T17:34:27Z,2026-04-21T17:34:22Z,2281,False,EDA_game,Zissue/EDA_game,git@github.com:Zissue/EDA_game.git,0
MDEwOlJlcG9zaXRvcnkyMjQwMzAyNDk=,2019-11-25T19:56:04Z,2026-03-02T14:09:09Z,2026-03-02T14:08:20Z,5154,False,vfs,devbrain/vfs,git@github.com:devbrain/vfs.git,0
MDEwOlJlcG9zaXRvcnkyMjM5ODQ1Mjc=,2019-11-25T15:45:16Z,2026-05-04T14:43:03Z,2026-05-04T14:42:59Z,1102,False,BlueFrog,uniconquer/BlueFrog,git@github.com:uniconquer/BlueFrog.git,0
MDEwOlJlcG9zaXRvcnkyMjM5MDQ3MjY=,2019-11-25T09:01:36Z,2026-05-07T08:25:33Z,2026-03-07T10:45:14Z,2594,False,tensorrtx,wang-xinyu/tensorrtx,git@github.com:wang-xinyu/tensorrtx.git,7762
MDEwOlJlcG9zaXRvcnkyMjM4OTM4NjA=,2019-11-25T08:05:18Z,2026-03-25T11:57:19Z,2026-03-25T11:57:07Z,45875,False,xeona,robbiemorrison/xeona,git@github.com:robbiemorrison/xeona.git,5
MDEwOlJlcG9zaXRvcnkyMjM4NDMwMzE=,2019-11-25T02:06:13Z,2026-05-04T09:27:06Z,2026-04-10T03:37:55Z,724,True,xdotool,native-bindings/xdotool,git@github.com:native-bindings/xdotool.git,15
MDEwOlJlcG9zaXRvcnkyMjM4Mzk2MDE=,2019-11-25T01:42:37Z,2026-04-04T10:59:32Z,2026-03-01T04:01:39Z,17,False,C-algorithm,fooSynaptic/C-algorithm,git@github.com:fooSynaptic/C-algorithm.git,0
MDEwOlJlcG9zaXRvcnkyMjM4MDQyNzY=,2019-11-24T20:17:57Z,2026-03-22T14:59:16Z,2026-04-10T11:10:25Z,111,True,mkn.gpu,mkn/mkn.gpu,git@github.com:mkn/mkn.gpu.git,0
MDEwOlJlcG9zaXRvcnkyMjM3NDkxODU=,2019-11-24T13:33:25Z,2026-04-19T10:38:22Z,2026-05-05T00:53:49Z,133,True,wiiload_plugin,wiiu-env/wiiload_plugin,git@github.com:wiiu-env/wiiload_plugin.git,20
MDEwOlJlcG9zaXRvcnkyMjM3NDcwODE=,2019-11-24T13:17:47Z,2026-05-05T18:16:58Z,2026-04-19T13:59:05Z,3584,True,ftpiiu_plugin,wiiu-env/ftpiiu_plugin,git@github.com:wiiu-env/ftpiiu_plugin.git,110
MDEwOlJlcG9zaXRvcnkyMjM3NDY3NzU=,2019-11-24T13:15:39Z,2026-05-01T00:48:53Z,2026-04-19T13:59:09Z,255,True,homebrew_on_menu_plugin,wiiu-env/homebrew_on_menu_plugin,git@github.com:wiiu-env/homebrew_on_menu_plugin.git,36
MDEwOlJlcG9zaXRvcnkyMjM3MTMxMDk=,2019-11-24T08:20:15Z,2026-05-05T09:33:20Z,2026-05-05T09:33:15Z,845370,True,TrinityCore,The-Cataclysm-Preservation-Project/TrinityCore,git@github.com:The-Cataclysm-Preservation-Project/TrinityCore.git,279
MDEwOlJlcG9zaXRvcnkyMjM2MjgwMjA=,2019-11-23T17:33:03Z,2026-05-04T16:39:09Z,2026-05-04T16:39:05Z,2544,False,DIE-sort,horsicq/DIE-sort,git@github.com:horsicq/DIE-sort.git,10
MDEwOlJlcG9zaXRvcnkyMjM2MDk1MDU=,2019-11-23T15:21:57Z,2026-05-05T19:54:58Z,2026-05-05T19:47:56Z,2929,False,TwoGD,inimodo/TwoGD,git@github.com:inimodo/TwoGD.git,0
MDEwOlJlcG9zaXRvcnkyMjM1OTk4Njc=,2019-11-23T14:13:59Z,2026-05-06T05:42:35Z,2026-04-21T13:25:33Z,410,False,BA,woozway/BA,git@github.com:woozway/BA.git,2
MDEwOlJlcG9zaXRvcnkyMjM1OTg5NTM=,2019-11-23T14:08:10Z,2026-05-07T10:32:46Z,2026-05-07T11:24:22Z,130381,True,axmol,axmolengine/axmol,git@github.com:axmolengine/axmol.git,1358
MDEwOlJlcG9zaXRvcnkyMjM1MzA0NDM=,2019-11-23T04:27:38Z,2026-03-20T06:38:43Z,2026-03-20T06:38:39Z,423,False,OpenGL_Breakout,Daiki-Iijima/OpenGL_Breakout,git@github.com:Daiki-Iijima/OpenGL_Breakout.git,0
MDEwOlJlcG9zaXRvcnkyMjM0OTA4NzY=,2019-11-22T21:39:48Z,2026-05-06T23:35:55Z,2026-05-06T23:35:50Z,40453,True,CacheLib,facebook/CacheLib,org-69631@github.com:facebook/CacheLib.git,1515
MDEwOlJlcG9zaXRvcnkyMjM0NjA3NTE=,2019-11-22T18:18:23Z,2026-05-06T03:28:20Z,2026-04-29T15:08:36Z,10741,False,SilentPatch,CookiePLMonster/SilentPatch,git@github.com:CookiePLMonster/SilentPatch.git,926
MDEwOlJlcG9zaXRvcnkyMjM0NTg5NTI=,2019-11-22T18:07:06Z,2026-04-11T18:13:37Z,2026-04-11T18:15:05Z,700,False,gram_grep,BenHanson/gram_grep,git@github.com:BenHanson/gram_grep.git,15
MDEwOlJlcG9zaXRvcnkyMjM0MDAyNDI=,2019-11-22T12:38:48Z,2026-05-01T19:08:00Z,2026-05-01T19:07:56Z,3967,False,arduino-projects,architolk/arduino-projects,git@github.com:architolk/arduino-projects.git,0
MDEwOlJlcG9zaXRvcnkyMjMzNjQxNDc=,2019-11-22T09:01:05Z,2026-03-23T14:41:16Z,2026-03-23T14:41:11Z,3528,False,M5Stack-NMEA-2000-Display-CAN-BUS,AK-Homberger/M5Stack-NMEA-2000-Display-CAN-BUS,git@github.com:AK-Homberger/M5Stack-NMEA-2000-Display-CAN-BUS.git,43
MDEwOlJlcG9zaXRvcnkyMjMyOTY0MDg=,2019-11-22T01:17:42Z,2026-05-06T15:05:38Z,2026-03-27T02:52:42Z,32052,True,procgen,openai/procgen,org-14957082@github.com:openai/procgen.git,1157
MDEwOlJlcG9zaXRvcnkyMjMyODE3MDU=,2019-11-21T23:08:38Z,2026-05-04T23:40:34Z,2026-05-04T23:40:32Z,15624,True,ac_ipl,hlslibs/ac_ipl,git@github.com:hlslibs/ac_ipl.git,4
MDEwOlJlcG9zaXRvcnkyMjMyNzM2MDU=,2019-11-21T22:03:15Z,2026-05-04T23:40:56Z,2026-05-04T23:40:54Z,3499,True,matchlib_connections,hlslibs/matchlib_connections,git@github.com:hlslibs/matchlib_connections.git,43
MDEwOlJlcG9zaXRvcnkyMjMyMTQ4NTU=,2019-11-21T16:17:26Z,2026-04-07T20:09:13Z,2026-04-07T20:08:18Z,53005,False,granular-physics-simulation,MarcPartensky/granular-physics-simulation,git@github.com:MarcPartensky/granular-physics-simulation.git,1
MDEwOlJlcG9zaXRvcnkyMjMxNzAzNDg=,2019-11-21T12:35:35Z,2026-03-25T07:04:09Z,2026-03-25T07:04:05Z,95,False,duplication_checker,quicky2000/duplication_checker,git@github.com:quicky2000/duplication_checker.git,0
MDEwOlJlcG9zaXRvcnkyMjMxNTk3ODU=,2019-11-21T11:34:54Z,2026-03-16T13:19:17Z,2026-03-16T13:19:11Z,506,True,jutils,steinwurf/jutils,git@github.com:steinwurf/jutils.git,0
MDEwOlJlcG9zaXRvcnkyMjMxMjA4MDQ=,2019-11-21T08:06:00Z,2026-04-26T21:20:32Z,2026-04-26T21:20:28Z,32673,False,Multi-level-Inheritance-cpp,Waleed-Rafi/Multi-level-Inheritance-cpp,git@github.com:Waleed-Rafi/Multi-level-Inheritance-cpp.git,2
MDEwOlJlcG9zaXRvcnkyMjMwOTg3OTg=,2019-11-21T05:53:09Z,2026-04-19T14:50:25Z,2026-04-19T14:50:20Z,1478,False,Inheritance-Normal-cpp,Waleed-Rafi/Inheritance-Normal-cpp,git@github.com:Waleed-Rafi/Inheritance-Normal-cpp.git,1
MDEwOlJlcG9zaXRvcnkyMjMwNzIxMzk=,2019-11-21T02:37:50Z,2026-04-24T22:45:54Z,2026-03-16T06:15:03Z,46362,False,CKK0006,Cokoino/CKK0006,git@github.com:Cokoino/CKK0006.git,23
MDEwOlJlcG9zaXRvcnkyMjMwNDYxNzg=,2019-11-20T23:22:49Z,2026-04-30T23:39:48Z,2026-04-30T23:39:44Z,410291,False,Linguistomics,jhuelsenbeck/Linguistomics,git@github.com:jhuelsenbeck/Linguistomics.git,1
MDEwOlJlcG9zaXRvcnkyMjMwMTc0OTg=,2019-11-20T20:03:11Z,2026-03-09T16:05:31Z,2026-03-09T16:05:22Z,10149,False,BitcoinZero,SpecialCoins/BitcoinZero,git@github.com:SpecialCoins/BitcoinZero.git,5
MDEwOlJlcG9zaXRvcnkyMjMwMTIyOTE=,2019-11-20T19:33:10Z,2026-03-12T10:49:43Z,2026-03-12T10:49:38Z,75442,False,Fox-Tracer,fox-1942/Fox-Tracer,git@github.com:fox-1942/Fox-Tracer.git,0
MDEwOlJlcG9zaXRvcnkyMjI5MzkyMjM=,2019-11-20T13:04:31Z,2026-04-24T19:47:01Z,2026-04-24T19:46:57Z,980,False,NMIDI,mink99/NMIDI,git@github.com:mink99/NMIDI.git,1
MDEwOlJlcG9zaXRvcnkyMjI4MjE1MjM=,2019-11-20T01:09:34Z,2026-04-30T03:18:50Z,2026-03-10T06:27:51Z,528,True,aws-iot-securetunneling-localproxy,aws-samples/aws-iot-securetunneling-localproxy,git@github.com:aws-samples/aws-iot-securetunneling-localproxy.git,87
MDEwOlJlcG9zaXRvcnkyMjI3OTU2NTQ=,2019-11-19T21:44:32Z,2026-04-18T17:02:48Z,2026-04-28T10:24:34Z,3272,True,ric-plt-e2,o-ran-sc/ric-plt-e2,git@github.com:o-ran-sc/ric-plt-e2.git,6
MDEwOlJlcG9zaXRvcnkyMjI3OTE2NjQ=,2019-11-19T21:19:02Z,2026-05-07T09:41:00Z,2026-05-07T09:40:55Z,2961,True,redis,boostorg/redis,git@github.com:boostorg/redis.git,275
MDEwOlJlcG9zaXRvcnkyMjI3ODEzODQ=,2019-11-19T20:16:08Z,2026-04-25T19:28:25Z,2026-04-25T19:28:19Z,137,False,ratingcalculator,oleevg/ratingcalculator,git@github.com:oleevg/ratingcalculator.git,0
MDEwOlJlcG9zaXRvcnkyMjI3NjY0OTM=,2019-11-19T18:51:02Z,2026-04-20T14:25:20Z,2026-04-20T14:23:42Z,20,False,jp_alloc,jp-embedded/jp_alloc,git@github.com:jp-embedded/jp_alloc.git,1
MDEwOlJlcG9zaXRvcnkyMjI2NTY1MTc=,2019-11-19T09:20:07Z,2026-04-20T07:40:25Z,2026-03-07T09:53:59Z,336,False,libkev,Jamol/libkev,git@github.com:Jamol/libkev.git,11
MDEwOlJlcG9zaXRvcnkyMjI2MTcxMjQ=,2019-11-19T05:40:24Z,2026-05-05T04:45:03Z,2026-05-05T04:44:59Z,757,False,WAdapter,klausahrenberg/WAdapter,git@github.com:klausahrenberg/WAdapter.git,5
MDEwOlJlcG9zaXRvcnkyMjI2MTM4MTY=,2019-11-19T05:13:35Z,2026-03-15T13:28:48Z,2026-03-15T13:29:35Z,512,False,binary-cxx,afxres/binary-cxx,git@github.com:afxres/binary-cxx.git,2
MDEwOlJlcG9zaXRvcnkyMjI2MDAyMjY=,2019-11-19T03:28:16Z,2026-03-21T00:31:49Z,2026-03-21T00:31:45Z,1367,False,vector,peteware/vector,git@github.com:peteware/vector.git,0
MDEwOlJlcG9zaXRvcnkyMjI1NTA1MTY=,2019-11-18T21:44:04Z,2026-04-23T13:00:53Z,2026-04-23T13:00:47Z,277,False,Tako-library,mendako1015/Tako-library,git@github.com:mendako1015/Tako-library.git,0
MDEwOlJlcG9zaXRvcnkyMjI1MTA2MjU=,2019-11-18T17:57:11Z,2026-04-27T23:17:19Z,2026-05-01T02:25:16Z,11621,False,NaBBODES,dkaramit/NaBBODES,git@github.com:dkaramit/NaBBODES.git,2
MDEwOlJlcG9zaXRvcnkyMjI1MDUwNzA=,2019-11-18T17:26:46Z,2026-03-11T17:24:45Z,2026-03-11T17:24:37Z,4,True,alien_thread,redpanda-data/alien_thread,git@github.com:redpanda-data/alien_thread.git,3
MDEwOlJlcG9zaXRvcnkyMjI0OTY4MTU=,2019-11-18T16:42:57Z,2026-04-28T00:59:22Z,2026-04-28T00:59:24Z,93,False,whole_history_rating,wind23/whole_history_rating,git@github.com:wind23/whole_history_rating.git,18
MDEwOlJlcG9zaXRvcnkyMjI0NzMwMDU=,2019-11-18T14:49:02Z,2026-05-06T22:08:33Z,2026-05-06T22:08:29Z,1021808,False,fan,6413/fan,git@github.com:6413/fan.git,11
MDEwOlJlcG9zaXRvcnkyMjI0Mjk5MTY=,2019-11-18T11:10:12Z,2026-05-03T12:31:59Z,2026-04-16T08:52:12Z,552354,True,ros2_planning_system,PlanSys2/ros2_planning_system,git@github.com:PlanSys2/ros2_planning_system.git,479
MDEwOlJlcG9zaXRvcnkyMjIzNzYwMTI=,2019-11-18T06:12:10Z,2026-04-26T20:45:28Z,2026-04-26T20:45:24Z,176,False,cricket-game,maaz1996/cricket-game,git@github.com:maaz1996/cricket-game.git,1
MDEwOlJlcG9zaXRvcnkyMjIzMjQyNzM=,2019-11-17T23:02:35Z,2026-03-29T01:25:33Z,2026-03-29T01:25:29Z,7748,True,Alpenglow_FUnicorn,AlpenglowIndustries/Alpenglow_FUnicorn,git@github.com:AlpenglowIndustries/Alpenglow_FUnicorn.git,2
MDEwOlJlcG9zaXRvcnkyMjIzMDM1Njk=,2019-11-17T19:54:31Z,2026-04-07T03:49:38Z,2026-04-07T03:49:31Z,8407,False,trapezoidal-map,4nnta/trapezoidal-map,git@github.com:4nnta/trapezoidal-map.git,0
MDEwOlJlcG9zaXRvcnkyMjIyODcxNDk=,2019-11-17T17:40:28Z,2026-04-08T15:38:06Z,2026-04-08T15:35:54Z,310,False,zipsign,falk-werner/zipsign,git@github.com:falk-werner/zipsign.git,43
MDEwOlJlcG9zaXRvcnkyMjIyNzMwOTU=,2019-11-17T15:56:17Z,2026-05-04T21:30:11Z,2026-05-03T19:40:44Z,7109,False,slPlugins,FigBug/slPlugins,git@github.com:FigBug/slPlugins.git,139
MDEwOlJlcG9zaXRvcnkyMjIyNzA0NzQ=,2019-11-17T15:37:04Z,2026-03-20T06:38:52Z,2026-03-20T06:38:47Z,46246,False,OpenGL_Pong,Daiki-Iijima/OpenGL_Pong,git@github.com:Daiki-Iijima/OpenGL_Pong.git,0
MDEwOlJlcG9zaXRvcnkyMjIyNjI4MTY=,2019-11-17T14:43:22Z,2026-05-02T09:08:22Z,2026-04-01T18:52:34Z,1685,False,CaymanGt2-lib,zweistein22/CaymanGt2-lib,git@github.com:zweistein22/CaymanGt2-lib.git,2
MDEwOlJlcG9zaXRvcnkyMjIyNjEyMzA=,2019-11-17T14:31:55Z,2026-05-02T09:05:37Z,2026-03-30T10:14:46Z,103,False,997can-lib,zweistein22/997can-lib,git@github.com:zweistein22/997can-lib.git,12
MDEwOlJlcG9zaXRvcnkyMjIxMjQwNzU=,2019-11-16T16:03:46Z,2026-03-14T10:58:35Z,2026-03-14T10:58:31Z,529,False,CUBd,shocker-0x15/CUBd,git@github.com:shocker-0x15/CUBd.git,5
MDEwOlJlcG9zaXRvcnkyMjIwNjY2Njc=,2019-11-16T08:01:38Z,2026-04-19T16:36:51Z,2026-04-19T16:47:46Z,102625,False,Lichtsteuerung,autoantwort/Lichtsteuerung,git@github.com:autoantwort/Lichtsteuerung.git,0
MDEwOlJlcG9zaXRvcnkyMjIwMjg0MTQ=,2019-11-16T01:12:37Z,2026-03-04T05:32:10Z,2026-03-04T05:32:06Z,20124,False,mpigis-lb,satishphd/mpigis-lb,git@github.com:satishphd/mpigis-lb.git,5
MDEwOlJlcG9zaXRvcnkyMjIwMDAwNjM=,2019-11-15T20:43:04Z,2026-04-23T18:26:57Z,2026-04-08T17:16:58Z,1735,False,lib86cpu,ergo720/lib86cpu,git@github.com:ergo720/lib86cpu.git,59
MDEwOlJlcG9zaXRvcnkyMjE5OTQ0NTU=,2019-11-15T20:02:21Z,2026-03-21T16:14:10Z,2026-03-21T16:14:06Z,1478,False,iq,tvpham/iq,git@github.com:tvpham/iq.git,33
MDEwOlJlcG9zaXRvcnkyMjE4MjI1Nzc=,2019-11-15T01:55:31Z,2026-05-07T07:20:13Z,2026-04-22T08:39:47Z,689686,True,Hippy,Tencent/Hippy,git@github.com:Tencent/Hippy.git,8518
MDEwOlJlcG9zaXRvcnkyMjE4MTQ3NDE=,2019-11-15T00:57:27Z,2026-04-18T09:21:08Z,2026-03-16T20:37:53Z,1958,True,unicode_transform,elixir-unicode/unicode_transform,git@github.com:elixir-unicode/unicode_transform.git,8
MDEwOlJlcG9zaXRvcnkyMjE3MzM1ODg=,2019-11-14T15:51:04Z,2026-04-16T14:39:02Z,2026-04-30T06:43:33Z,86625,False,riot,astamm/riot,git@github.com:astamm/riot.git,4
MDEwOlJlcG9zaXRvcnkyMjE2OTM0NjA=,2019-11-14T12:33:01Z,2026-03-16T02:20:22Z,2026-03-16T02:20:18Z,228,True,dde-device-formatter,linuxdeepin/dde-device-formatter,git@github.com:linuxdeepin/dde-device-formatter.git,4
MDEwOlJlcG9zaXRvcnkyMjE2Nzk3OTc=,2019-11-14T11:18:00Z,2026-04-25T19:46:18Z,2026-04-25T19:46:13Z,211,False,actuator,popescun/actuator,git@github.com:popescun/actuator.git,1
MDEwOlJlcG9zaXRvcnkyMjE2NzAzOTM=,2019-11-14T10:26:45Z,2026-04-29T13:48:27Z,2026-04-29T13:46:39Z,5335,False,PixelGrid,DavidParkerDr/PixelGrid,git@github.com:DavidParkerDr/PixelGrid.git,1
MDEwOlJlcG9zaXRvcnkyMjE1NDg3MjM=,2019-11-13T20:47:45Z,2026-03-27T14:30:21Z,2026-03-20T06:39:32Z,3834,False,lifting_simplices_to_find_injectivity,duxingyi-charles/lifting_simplices_to_find_injectivity,git@github.com:duxingyi-charles/lifting_simplices_to_find_injectivity.git,20
MDEwOlJlcG9zaXRvcnkyMjE1NDY5ODc=,2019-11-13T20:37:19Z,2026-04-25T22:58:16Z,2026-03-31T18:05:36Z,163596,False,SavvyManager,RocketRobz/SavvyManager,git@github.com:RocketRobz/SavvyManager.git,34
MDEwOlJlcG9zaXRvcnkyMjE1MzQ3OTY=,2019-11-13T19:23:40Z,2026-03-19T14:57:42Z,2026-05-06T09:51:31Z,2036,True,telemetry,openbmc/telemetry,git@github.com:openbmc/telemetry.git,8
MDEwOlJlcG9zaXRvcnkyMjE1MTc3MTg=,2019-11-13T17:43:14Z,2026-05-03T02:49:40Z,2026-05-03T02:49:36Z,23511,True,subtitlecomposer,KDE/subtitlecomposer,git@github.com:KDE/subtitlecomposer.git,15
MDEwOlJlcG9zaXRvcnkyMjE0Mzg4OTU=,2019-11-13T11:01:04Z,2026-05-05T17:56:01Z,2026-05-05T17:55:41Z,151,False,geo-utils,gistrec/geo-utils,git@github.com:gistrec/geo-utils.git,41
MDEwOlJlcG9zaXRvcnkyMjE0MDcyMzQ=,2019-11-13T08:17:12Z,2026-05-04T20:56:54Z,2026-03-16T12:00:30Z,437,False,keychain,hrantzsch/keychain,git@github.com:hrantzsch/keychain.git,183
MDEwOlJlcG9zaXRvcnkyMjEzOTM2NDg=,2019-11-13T07:00:14Z,2026-05-01T00:39:44Z,2026-05-01T00:39:40Z,8,False,AsyncSDServer,paidforby/AsyncSDServer,git@github.com:paidforby/AsyncSDServer.git,2
MDEwOlJlcG9zaXRvcnkyMjEzMTA2Mjk=,2019-11-12T20:57:52Z,2026-04-14T22:43:57Z,2026-04-14T22:43:52Z,165,False,juce-utils,christofmuc/juce-utils,git@github.com:christofmuc/juce-utils.git,35
MDEwOlJlcG9zaXRvcnkyMjEyOTU3MjU=,2019-11-12T19:29:43Z,2026-03-05T12:18:32Z,2026-03-05T12:18:28Z,17,False,JAFES,kyussfia/JAFES,git@github.com:kyussfia/JAFES.git,0
MDEwOlJlcG9zaXRvcnkyMjEyNzc5ODQ=,2019-11-12T17:50:48Z,2026-05-06T23:03:03Z,2026-05-06T23:02:59Z,1688,False,nfd_library,horsicq/nfd_library,git@github.com:horsicq/nfd_library.git,8
MDEwOlJlcG9zaXRvcnkyMjEyNjgwOTY=,2019-11-12T16:56:39Z,2026-05-06T08:23:21Z,2026-04-19T06:22:28Z,9073,True,cpeditor,cpeditor/cpeditor,git@github.com:cpeditor/cpeditor.git,2141
MDEwOlJlcG9zaXRvcnkyMjEyMjIwMjM=,2019-11-12T13:17:01Z,2026-03-30T10:20:08Z,2026-03-30T10:20:05Z,3977,True,Eventdisplay,Eventdisplay/Eventdisplay,git@github.com:Eventdisplay/Eventdisplay.git,13
MDEwOlJlcG9zaXRvcnkyMjEyMTEyMTM=,2019-11-12T12:20:12Z,2026-03-12T16:11:07Z,2026-03-09T14:04:02Z,463,True,PretextSnapshot,sanger-tol/PretextSnapshot,git@github.com:sanger-tol/PretextSnapshot.git,2
MDEwOlJlcG9zaXRvcnkyMjEyMDQyNDQ=,2019-11-12T11:41:54Z,2026-05-07T10:02:40Z,2026-05-07T10:02:36Z,1131,False,Twitch-Boost-v1.5-Tools,Shishir-Singh-666/Twitch-Boost-v1.5-Tools,git@github.com:Shishir-Singh-666/Twitch-Boost-v1.5-Tools.git,0
MDEwOlJlcG9zaXRvcnkyMjExMDc1OTA=,2019-11-12T01:57:47Z,2026-05-05T22:25:10Z,2026-04-09T20:01:30Z,237,True,4ccEditor,the4chancup/4ccEditor,git@github.com:the4chancup/4ccEditor.git,13
MDEwOlJlcG9zaXRvcnkyMjEwNjg3OTA=,2019-11-11T20:57:20Z,2026-04-16T03:57:10Z,2026-04-16T03:57:14Z,405,False,beacon,MaxKellermann/beacon,git@github.com:MaxKellermann/beacon.git,3
MDEwOlJlcG9zaXRvcnkyMjEwNDE4NjY=,2019-11-11T18:14:49Z,2026-03-28T18:20:22Z,2026-05-06T07:10:00Z,10991,True,EventDisplay_v4,VERITAS-Observatory/EventDisplay_v4,git@github.com:VERITAS-Observatory/EventDisplay_v4.git,6
MDEwOlJlcG9zaXRvcnkyMjEwMzI5MDM=,2019-11-11T17:21:35Z,2026-04-30T20:01:31Z,2026-05-06T11:27:46Z,553,True,DTrackSDK,ar-tracking/DTrackSDK,git@github.com:ar-tracking/DTrackSDK.git,4
MDEwOlJlcG9zaXRvcnkyMjA5ODg1NDI=,2019-11-11T13:34:56Z,2026-05-06T16:39:55Z,2026-05-04T07:09:05Z,254361,True,skylicht-engine,skylicht-lab/skylicht-engine,git@github.com:skylicht-lab/skylicht-engine.git,751
MDEwOlJlcG9zaXRvcnkyMjA5NDg4MDk=,2019-11-11T09:47:01Z,2026-04-20T07:37:11Z,2026-04-25T14:16:38Z,3067,False,gatling,pablode/gatling,git@github.com:pablode/gatling.git,327
MDEwOlJlcG9zaXRvcnkyMjA5MTY2Nzk=,2019-11-11T06:34:53Z,2026-04-15T13:17:32Z,2026-04-15T13:17:31Z,1405,True,takatori,project-tsurugi/takatori,git@github.com:project-tsurugi/takatori.git,2
MDEwOlJlcG9zaXRvcnkyMjA4NjUwMTM=,2019-11-10T23:24:36Z,2026-05-01T14:47:22Z,2026-04-29T08:44:47Z,1564290,False,shenanigans,zdenyhraz/shenanigans,git@github.com:zdenyhraz/shenanigans.git,25
MDEwOlJlcG9zaXRvcnkyMjA4NTQyNTE=,2019-11-10T21:33:22Z,2026-03-15T14:59:53Z,2026-03-28T12:30:34Z,71,False,mini-lib,mickveldhuis/mini-lib,git@github.com:mickveldhuis/mini-lib.git,0
MDEwOlJlcG9zaXRvcnkyMjA3NTIyMDM=,2019-11-10T06:43:09Z,2026-04-19T14:51:43Z,2026-04-19T14:51:38Z,15271,False,Student-Database-linklist-cpp,Waleed-Rafi/Student-Database-linklist-cpp,git@github.com:Waleed-Rafi/Student-Database-linklist-cpp.git,1
MDEwOlJlcG9zaXRvcnkyMjA3NDg2NzQ=,2019-11-10T06:03:43Z,2026-05-06T16:21:59Z,2026-05-06T16:21:55Z,155871,False,Code-Archive,Ginakira/Code-Archive,git@github.com:Ginakira/Code-Archive.git,0
MDEwOlJlcG9zaXRvcnkyMjA3MjA4ODE=,2019-11-10T00:20:07Z,2026-05-05T13:27:46Z,2026-03-02T08:17:37Z,3133,True,firebuild,firebuild/firebuild,git@github.com:firebuild/firebuild.git,150
MDEwOlJlcG9zaXRvcnkyMjA3MTc1NTc=,2019-11-09T23:37:51Z,2026-04-22T00:20:31Z,2026-03-12T22:43:59Z,124,False,CC1101-ESP-Arduino,wischbgr/CC1101-ESP-Arduino,git@github.com:wischbgr/CC1101-ESP-Arduino.git,112
MDEwOlJlcG9zaXRvcnkyMjA2MzM4NzM=,2019-11-09T11:42:43Z,2026-04-10T02:35:10Z,2026-04-10T02:35:06Z,90,False,ElephantShrew,0xbadcaffe/ElephantShrew,git@github.com:0xbadcaffe/ElephantShrew.git,0
MDEwOlJlcG9zaXRvcnkyMjA2MjgzODU=,2019-11-09T10:51:02Z,2026-05-01T07:56:43Z,2026-05-01T07:56:40Z,9521,False,C2export,rericha19/C2export,git@github.com:rericha19/C2export.git,11
MDEwOlJlcG9zaXRvcnkyMjA2MjU5MjU=,2019-11-09T10:26:39Z,2026-05-06T10:04:06Z,2026-05-06T10:04:08Z,6296,False,SmartHome,ageev/SmartHome,git@github.com:ageev/SmartHome.git,56
MDEwOlJlcG9zaXRvcnkyMjA2MjAxNjA=,2019-11-09T09:31:44Z,2026-04-06T08:31:28Z,2026-04-06T08:37:24Z,59875,True,flutter_my_personal_web,bervProject/flutter_my_personal_web,git@github.com:bervProject/flutter_my_personal_web.git,0
MDEwOlJlcG9zaXRvcnkyMjA1MjE0ODU=,2019-11-08T18:02:22Z,2026-05-06T06:42:28Z,2026-05-06T05:54:36Z,96,False,paint-opengl,miniaxolotl/paint-opengl,git@github.com:miniaxolotl/paint-opengl.git,1
MDEwOlJlcG9zaXRvcnkyMjA1MTgzMjQ=,2019-11-08T17:40:46Z,2026-04-30T12:06:39Z,2026-04-17T09:13:53Z,41387,True,OpenLog_Artemis,sparkfun/OpenLog_Artemis,git@github.com:sparkfun/OpenLog_Artemis.git,101
MDEwOlJlcG9zaXRvcnkyMjA1MDY0OTk=,2019-11-08T16:29:57Z,2026-03-15T05:58:07Z,2026-03-15T05:58:04Z,45192,False,pokeroo,yuzisee/pokeroo,git@github.com:yuzisee/pokeroo.git,0
MDEwOlJlcG9zaXRvcnkyMjAzODQzMjg=,2019-11-08T04:06:44Z,2026-04-25T12:04:12Z,2026-05-02T17:40:45Z,306671,False,ultrascan3,ehb54/ultrascan3,git@github.com:ehb54/ultrascan3.git,8
MDEwOlJlcG9zaXRvcnkyMjAyNjUyNDg=,2019-11-07T15:13:21Z,2026-05-05T11:20:21Z,2026-05-05T11:20:17Z,8919,True,ampls-api,ampl/ampls-api,git@github.com:ampl/ampls-api.git,4
MDEwOlJlcG9zaXRvcnkyMjAyMjIxOTE=,2019-11-07T11:34:38Z,2026-04-27T19:36:56Z,2026-04-14T17:22:20Z,156,False,lsd,AnthonyDavidAdams/lsd,git@github.com:AnthonyDavidAdams/lsd.git,26
MDEwOlJlcG9zaXRvcnkyMjAyMTQ1OTY=,2019-11-07T10:51:16Z,2026-04-20T20:32:54Z,2026-04-20T20:32:49Z,60671,False,Word-Colour-Clock-SK6812-WS2812,ednieuw/Word-Colour-Clock-SK6812-WS2812,git@github.com:ednieuw/Word-Colour-Clock-SK6812-WS2812.git,1
MDEwOlJlcG9zaXRvcnkyMjAyMTIyMDE=,2019-11-07T10:38:10Z,2026-03-07T06:34:56Z,2026-03-07T06:44:57Z,225,False,base,lilucpp/base,git@github.com:lilucpp/base.git,2
MDEwOlJlcG9zaXRvcnkyMjAxMTQwMDA=,2019-11-07T00:04:47Z,2026-05-06T22:24:41Z,2026-03-13T15:26:21Z,12814,True,verible,chipsalliance/verible,git@github.com:chipsalliance/verible.git,1837
MDEwOlJlcG9zaXRvcnkyMjAxMTM4Mzc=,2019-11-07T00:03:21Z,2026-03-27T23:51:56Z,2026-03-27T23:51:52Z,22151,True,go-osg,flywave/go-osg,git@github.com:flywave/go-osg.git,9
MDEwOlJlcG9zaXRvcnkyMjAwODY2OTI=,2019-11-06T20:46:40Z,2026-03-12T19:41:28Z,2026-03-12T19:41:23Z,125447,False,flocking.cpp,vojtatom/flocking.cpp,git@github.com:vojtatom/flocking.cpp.git,22
MDEwOlJlcG9zaXRvcnkyMjAwNzkzMjY=,2019-11-06T20:01:26Z,2026-05-02T22:40:25Z,2026-03-11T21:34:04Z,9154,False,piejam,nooploop/piejam,git@github.com:nooploop/piejam.git,86
MDEwOlJlcG9zaXRvcnkyMjAwMjEzNDU=,2019-11-06T14:53:47Z,2026-04-01T13:39:17Z,2026-04-01T13:39:12Z,1380,False,org-framework,GorrieXIV/org-framework,git@github.com:GorrieXIV/org-framework.git,6
MDEwOlJlcG9zaXRvcnkyMTk5ODU5NTY=,2019-11-06T11:55:59Z,2026-03-11T04:07:05Z,2026-03-11T04:07:01Z,461,False,karly-sixtyfour,kirchoffpt/karly-sixtyfour,git@github.com:kirchoffpt/karly-sixtyfour.git,2
MDEwOlJlcG9zaXRvcnkyMTk5MTg3NDk=,2019-11-06T05:28:26Z,2026-04-11T23:10:07Z,2026-04-11T23:10:01Z,166,False,Miscellaneous,voblivion/Miscellaneous,git@github.com:voblivion/Miscellaneous.git,0
MDEwOlJlcG9zaXRvcnkyMTk4NzI2MzI=,2019-11-05T23:49:25Z,2026-05-07T09:16:58Z,2026-05-07T09:16:38Z,30514,False,nrgljubljana,rokzitko/nrgljubljana,git@github.com:rokzitko/nrgljubljana.git,35
MDEwOlJlcG9zaXRvcnkyMTk2NTE1MTM=,2019-11-05T03:40:37Z,2026-04-20T05:34:47Z,2026-04-20T05:34:43Z,1049,False,jeyson-lib,semenovf/jeyson-lib,git@github.com:semenovf/jeyson-lib.git,0
MDEwOlJlcG9zaXRvcnkyMTk2MTM0MDg=,2019-11-04T23:05:10Z,2026-05-01T00:37:37Z,2026-05-01T00:37:33Z,13553,True,SHUD,SHUD-System/SHUD,git@github.com:SHUD-System/SHUD.git,43
MDEwOlJlcG9zaXRvcnkyMTk2MDM1MDU=,2019-11-04T21:51:32Z,2026-03-13T14:22:25Z,2026-03-12T20:39:48Z,71,False,image-editor,kovelj/image-editor,git@github.com:kovelj/image-editor.git,0
MDEwOlJlcG9zaXRvcnkyMTk2MDE2NjM=,2019-11-04T21:39:01Z,2026-05-06T21:02:55Z,2026-05-06T21:02:51Z,335,False,libopeninv,jsphuebner/libopeninv,git@github.com:jsphuebner/libopeninv.git,30
MDEwOlJlcG9zaXRvcnkyMTk1NzY5Njk=,2019-11-04T19:10:43Z,2026-05-04T16:07:02Z,2026-05-01T17:22:04Z,247598,True,kynema-sgf,kynema/kynema-sgf,git@github.com:kynema/kynema-sgf.git,165
MDEwOlJlcG9zaXRvcnkyMTkzNDcyMTM=,2019-11-03T18:35:12Z,2026-04-20T20:13:23Z,2026-04-20T20:13:19Z,502,True,software-engineering-examples,mjdecker-teaching/software-engineering-examples,git@github.com:mjdecker-teaching/software-engineering-examples.git,0
MDEwOlJlcG9zaXRvcnkyMTkzMjE0Njc=,2019-11-03T15:24:19Z,2026-04-15T06:06:36Z,2026-03-08T19:08:47Z,846,False,k65,Krzysiek-K/k65,git@github.com:Krzysiek-K/k65.git,12
MDEwOlJlcG9zaXRvcnkyMTkyMzUzNDk=,2019-11-03T01:17:30Z,2026-05-07T03:29:48Z,2026-05-07T03:29:43Z,6978,False,AbhiCoding,CanadaAbhi/AbhiCoding,git@github.com:CanadaAbhi/AbhiCoding.git,0
MDEwOlJlcG9zaXRvcnkyMTkyMzMyMTE=,2019-11-03T00:49:04Z,2026-04-17T01:38:32Z,2026-04-17T01:38:28Z,16031,True,android_device_google_coral,LineageOS/android_device_google_coral,git@github.com:LineageOS/android_device_google_coral.git,11
MDEwOlJlcG9zaXRvcnkyMTkyMTk0OTE=,2019-11-02T22:01:15Z,2026-03-18T18:51:50Z,2026-03-18T18:51:29Z,40330,False,apophysis-plugins,xyrus02/apophysis-plugins,git@github.com:xyrus02/apophysis-plugins.git,11
MDEwOlJlcG9zaXRvcnkyMTkyMDI0MjM=,2019-11-02T19:19:16Z,2026-03-06T16:43:08Z,2026-03-06T16:43:04Z,35297,False,freetype_text,euripus/freetype_text,git@github.com:euripus/freetype_text.git,0
MDEwOlJlcG9zaXRvcnkyMTkxOTg0MTA=,2019-11-02T18:45:40Z,2026-04-11T08:51:50Z,2026-04-11T10:40:04Z,30174,False,hackintosh-hasee-k650d-i7-d3,s1973/hackintosh-hasee-k650d-i7-d3,git@github.com:s1973/hackintosh-hasee-k650d-i7-d3.git,26
MDEwOlJlcG9zaXRvcnkyMTkxNjE2NDk=,2019-11-02T13:59:57Z,2026-04-07T15:39:10Z,2026-04-07T15:44:25Z,5583,False,WPalaControl,Domochip/WPalaControl,git@github.com:Domochip/WPalaControl.git,68
MDEwOlJlcG9zaXRvcnkyMTkxMTA1MDM=,2019-11-02T05:54:04Z,2026-05-05T19:46:46Z,2026-05-05T19:46:41Z,124052,False,iridium,vladimir555/iridium,git@github.com:vladimir555/iridium.git,0
MDEwOlJlcG9zaXRvcnkyMTkxMDA1NDM=,2019-11-02T03:55:48Z,2026-03-25T07:14:04Z,2026-03-25T07:14:00Z,155,False,Algorithm,KwonSunwon/Algorithm,git@github.com:KwonSunwon/Algorithm.git,0
MDEwOlJlcG9zaXRvcnkyMTkwODQxNDg=,2019-11-02T00:47:17Z,2026-04-09T01:04:28Z,2026-04-09T01:04:23Z,3577,False,BikeLight,namngo/BikeLight,git@github.com:namngo/BikeLight.git,0
MDEwOlJlcG9zaXRvcnkyMTkwNDg1ODQ=,2019-11-01T19:19:49Z,2026-05-06T11:03:28Z,2026-05-06T11:03:23Z,24207,False,olex2,pcxod/olex2,git@github.com:pcxod/olex2.git,21
MDEwOlJlcG9zaXRvcnkyMTkwMzE3OTg=,2019-11-01T17:26:40Z,2026-05-04T15:17:38Z,2026-05-01T06:37:46Z,12891,True,libcamera,raspberrypi/libcamera,git@github.com:raspberrypi/libcamera.git,448
MDEwOlJlcG9zaXRvcnkyMTkwMzAwMjM=,2019-11-01T17:15:48Z,2026-04-21T20:37:12Z,2026-04-16T15:32:41Z,254,True,Vulnerability-Disclosures,mandiant/Vulnerability-Disclosures,git@github.com:mandiant/Vulnerability-Disclosures.git,220
MDEwOlJlcG9zaXRvcnkyMTg5NzM2MTk=,2019-11-01T11:34:16Z,2026-05-07T11:28:33Z,2026-04-28T00:17:21Z,4970,False,lottie-converter,ed-asriyan/lottie-converter,git@github.com:ed-asriyan/lottie-converter.git,1020
MDEwOlJlcG9zaXRvcnkyMTg5NDA2ODc=,2019-11-01T08:02:02Z,2026-03-11T11:14:12Z,2026-03-11T11:14:05Z,68701,True,qgis_umesh,Deltares-research/qgis_umesh,git@github.com:Deltares-research/qgis_umesh.git,9
MDEwOlJlcG9zaXRvcnkyMTg5NDA0ODQ=,2019-11-01T08:00:39Z,2026-04-10T14:14:44Z,2026-04-10T14:14:19Z,195486,True,PlotCFTS,Deltares/PlotCFTS,git@github.com:Deltares/PlotCFTS.git,3
MDEwOlJlcG9zaXRvcnkyMTg5MzU3OTQ=,2019-11-01T07:31:48Z,2026-05-04T08:18:10Z,2026-05-07T09:18:42Z,4088,True,keysmith,KDE/keysmith,git@github.com:KDE/keysmith.git,41
MDEwOlJlcG9zaXRvcnkyMTg5MzU3MDE=,2019-11-01T07:31:03Z,2026-05-04T14:04:19Z,2026-05-07T09:26:54Z,2064,True,qrca,KDE/qrca,git@github.com:KDE/qrca.git,12
MDEwOlJlcG9zaXRvcnkyMTg5Mjc0ODM=,2019-11-01T06:35:37Z,2026-05-01T00:55:03Z,2026-03-13T14:20:51Z,891,False,edu_cpp_IOCP,jacking75/edu_cpp_IOCP,git@github.com:jacking75/edu_cpp_IOCP.git,165
MDEwOlJlcG9zaXRvcnkyMTg4NjgwMDY=,2019-10-31T21:55:05Z,2026-03-26T03:23:40Z,2026-03-26T03:23:36Z,2836,True,draw_pico,richstu/draw_pico,git@github.com:richstu/draw_pico.git,0
MDEwOlJlcG9zaXRvcnkyMTg4NTMzMzg=,2019-10-31T20:15:24Z,2026-05-03T13:48:17Z,2026-05-03T13:48:13Z,1287,False,ArnoldVinkCode,dumbie/ArnoldVinkCode,git@github.com:dumbie/ArnoldVinkCode.git,2
MDEwOlJlcG9zaXRvcnkyMTg4MDE3MTE=,2019-10-31T15:45:28Z,2026-03-11T07:36:25Z,2026-03-11T07:36:21Z,32655,True,Embedded_Platform,ECC-BFMC/Embedded_Platform,git@github.com:ECC-BFMC/Embedded_Platform.git,7
MDEwOlJlcG9zaXRvcnkyMTg3ODAzMzA=,2019-10-31T14:05:52Z,2026-04-29T07:44:26Z,2026-04-29T07:41:23Z,7957,True,gegelati,gegelati/gegelati,git@github.com:gegelati/gegelati.git,47
MDEwOlJlcG9zaXRvcnkyMTg2OTA1Mjg=,2019-10-31T05:25:01Z,2026-05-06T06:36:47Z,2026-05-06T06:03:29Z,383522,False,css_enhanced,XutaxKamay/css_enhanced,git@github.com:XutaxKamay/css_enhanced.git,54
MDEwOlJlcG9zaXRvcnkyMTg2NzQ4MjA=,2019-10-31T03:13:31Z,2026-04-20T12:53:49Z,2026-04-20T12:53:45Z,273,False,msserialization,leoxiaofei/msserialization,git@github.com:leoxiaofei/msserialization.git,18
MDEwOlJlcG9zaXRvcnkyMTg2NzE1MDk=,2019-10-31T02:51:39Z,2026-05-06T23:06:22Z,2026-03-27T10:01:52Z,406,False,openvbs,yrm006/openvbs,git@github.com:yrm006/openvbs.git,15
MDEwOlJlcG9zaXRvcnkyMTg2NjY2Nzg=,2019-10-31T02:19:37Z,2026-05-04T06:38:38Z,2026-04-15T02:06:04Z,17710,True,Universal-Updater,Universal-Team/Universal-Updater,git@github.com:Universal-Team/Universal-Updater.git,1202
MDEwOlJlcG9zaXRvcnkyMTg2NDI2NDg=,2019-10-30T23:07:10Z,2026-03-28T23:36:56Z,2026-05-06T23:41:15Z,199749,False,pscfpp,dmorse/pscfpp,git@github.com:dmorse/pscfpp.git,41
MDEwOlJlcG9zaXRvcnkyMTg2MDk4MDA=,2019-10-30T19:45:18Z,2026-05-03T22:25:29Z,2026-04-14T20:46:29Z,446,False,openrevolution,ic-scm/openrevolution,git@github.com:ic-scm/openrevolution.git,62
MDEwOlJlcG9zaXRvcnkyMTg2MDUwNDc=,2019-10-30T19:21:09Z,2026-04-30T09:39:07Z,2026-04-30T10:51:58Z,2266,False,xecrets-file-classic,xecrets/xecrets-file-classic,git@github.com:xecrets/xecrets-file-classic.git,12
MDEwOlJlcG9zaXRvcnkyMTg0ODg5MTQ=,2019-10-30T09:21:24Z,2026-03-16T18:17:22Z,2026-03-16T18:17:25Z,197,True,Arduino_PF1550,arduino-libraries/Arduino_PF1550,git@github.com:arduino-libraries/Arduino_PF1550.git,2
MDEwOlJlcG9zaXRvcnkyMTg0NjIxMzI=,2019-10-30T06:54:26Z,2026-03-01T11:39:15Z,2026-03-01T11:39:11Z,12847,False,morse,RayColt/morse,git@github.com:RayColt/morse.git,0
MDEwOlJlcG9zaXRvcnkyMTg0MTcwMzQ=,2019-10-30T01:25:50Z,2026-05-02T21:11:15Z,2026-04-05T04:31:18Z,896675,True,Surelog,chipsalliance/Surelog,git@github.com:chipsalliance/Surelog.git,459
MDEwOlJlcG9zaXRvcnkyMTg0MDUzNTI=,2019-10-29T23:50:53Z,2026-05-06T16:13:25Z,2026-04-21T15:02:47Z,2562,True,libunifex,facebookexperimental/libunifex,org-12853545@github.com:facebookexperimental/libunifex.git,1698
MDEwOlJlcG9zaXRvcnkyMTgzOTA1MTI=,2019-10-29T21:53:08Z,2026-05-04T17:37:10Z,2026-05-04T17:37:05Z,476,False,embed,ThePhD/embed,git@github.com:ThePhD/embed.git,134
MDEwOlJlcG9zaXRvcnkyMTgzMzc4NDM=,2019-10-29T16:52:23Z,2026-05-06T23:22:53Z,2026-05-06T23:22:48Z,3466,False,x64dbg-Plugin-Manager,horsicq/x64dbg-Plugin-Manager,git@github.com:horsicq/x64dbg-Plugin-Manager.git,933
MDEwOlJlcG9zaXRvcnkyMTgzMjk0Nzg=,2019-10-29T16:10:56Z,2026-05-06T21:16:48Z,2026-05-04T15:37:48Z,78279,True,Vulkan-Samples,KhronosGroup/Vulkan-Samples,git@github.com:KhronosGroup/Vulkan-Samples.git,5240
MDEwOlJlcG9zaXRvcnkyMTgzMDkyMzc=,2019-10-29T14:39:15Z,2026-05-05T08:43:19Z,2026-05-07T07:46:27Z,227837,True,linphone-sdk,BelledonneCommunications/linphone-sdk,git@github.com:BelledonneCommunications/linphone-sdk.git,146
MDEwOlJlcG9zaXRvcnkyMTgyOTI2OTE=,2019-10-29T13:23:19Z,2026-04-05T11:29:30Z,2026-04-05T11:29:26Z,263,False,OpenMarketClient,soyware/OpenMarketClient,git@github.com:soyware/OpenMarketClient.git,10
MDEwOlJlcG9zaXRvcnkyMTgyODI3OTg=,2019-10-29T12:33:56Z,2026-04-24T06:51:47Z,2026-04-24T06:51:41Z,175,False,skolaris-wasm,erestor/skolaris-wasm,git@github.com:erestor/skolaris-wasm.git,2
MDEwOlJlcG9zaXRvcnkyMTgyNzIxMDc=,2019-10-29T11:33:57Z,2026-04-17T14:07:30Z,2026-04-17T14:07:27Z,2626,False,wordclock-11x10-4,barn53/wordclock-11x10-4,git@github.com:barn53/wordclock-11x10-4.git,0
MDEwOlJlcG9zaXRvcnkyMTgyNDU1NzQ=,2019-10-29T09:05:06Z,2026-04-11T12:37:48Z,2026-04-11T12:37:41Z,58,False,laptrinh,kieutt/laptrinh,git@github.com:kieutt/laptrinh.git,0
MDEwOlJlcG9zaXRvcnkyMTgyMzY0NTU=,2019-10-29T08:16:32Z,2026-05-07T02:03:22Z,2026-05-06T06:13:33Z,256530,False,GLIMPSE,odelaneau/GLIMPSE,git@github.com:odelaneau/GLIMPSE.git,169
MDEwOlJlcG9zaXRvcnkyMTgyMDkxMTI=,2019-10-29T05:14:02Z,2026-04-20T08:05:12Z,2026-04-20T08:05:08Z,494465,False,sandbox,hopefulp/sandbox,git@github.com:hopefulp/sandbox.git,0
MDEwOlJlcG9zaXRvcnkyMTgxODcwOTE=,2019-10-29T02:26:08Z,2026-04-29T20:25:41Z,2026-03-20T07:20:23Z,299,False,opengametools,jpaver/opengametools,git@github.com:jpaver/opengametools.git,415
MDEwOlJlcG9zaXRvcnkyMTgxNjU0NTI=,2019-10-28T23:39:01Z,2026-04-01T16:35:23Z,2026-04-01T16:35:14Z,578,False,gum,cartoonist/gum,git@github.com:cartoonist/gum.git,6
MDEwOlJlcG9zaXRvcnkyMTgxNTU2NjI=,2019-10-28T22:19:00Z,2026-04-26T19:48:48Z,2026-04-07T08:58:48Z,14201,True,kdabtv,KDABLabs/kdabtv,git@github.com:KDABLabs/kdabtv.git,316
MDEwOlJlcG9zaXRvcnkyMTgwNzI3ODY=,2019-10-28T14:59:38Z,2026-04-28T13:23:39Z,2026-04-20T14:30:01Z,1152,True,robot_remote_control,dfki-ric/robot_remote_control,git@github.com:dfki-ric/robot_remote_control.git,14
MDEwOlJlcG9zaXRvcnkyMTgwNjEyMzU=,2019-10-28T14:07:19Z,2026-04-26T02:57:08Z,2026-04-26T02:57:03Z,3433,True,Stntuple,Mu2e/Stntuple,git@github.com:Mu2e/Stntuple.git,0
MDEwOlJlcG9zaXRvcnkyMTgwNDg0NDA=,2019-10-28T13:05:27Z,2026-05-02T08:45:04Z,2026-05-02T08:45:00Z,2161,False,Leetcode,denis-gubar/Leetcode,git@github.com:denis-gubar/Leetcode.git,4
MDEwOlJlcG9zaXRvcnkyMTgwMjEzMjQ=,2019-10-28T10:27:24Z,2026-04-24T13:27:13Z,2026-04-24T13:27:09Z,1305,True,univiz,vistle/univiz,git@github.com:vistle/univiz.git,0
MDEwOlJlcG9zaXRvcnkyMTc5NzU0NzA=,2019-10-28T05:53:41Z,2026-04-21T01:08:19Z,2026-04-21T01:08:10Z,470429,False,ShootingGame3D,mjun1208/ShootingGame3D,git@github.com:mjun1208/ShootingGame3D.git,0
MDEwOlJlcG9zaXRvcnkyMTc5MDQ4MjA=,2019-10-27T19:24:07Z,2026-03-08T23:51:42Z,2026-03-08T23:51:33Z,253,False,veronica,pobu-arch/veronica,git@github.com:pobu-arch/veronica.git,0
MDEwOlJlcG9zaXRvcnkyMTc4NDgyOTI=,2019-10-27T11:58:33Z,2026-04-16T11:34:45Z,2026-04-16T11:34:41Z,129,True,rich-log,project-arcana/rich-log,git@github.com:project-arcana/rich-log.git,1
MDEwOlJlcG9zaXRvcnkyMTc4NDYyMTU=,2019-10-27T11:39:58Z,2026-05-01T05:52:58Z,2026-05-01T05:52:55Z,3082,False,algorithm,wykim111/algorithm,git@github.com:wykim111/algorithm.git,3
MDEwOlJlcG9zaXRvcnkyMTc4MDg4NTU=,2019-10-27T05:20:57Z,2026-05-01T11:21:35Z,2026-04-27T15:36:54Z,10487,False,SwiftImGui,ctreffs/SwiftImGui,git@github.com:ctreffs/SwiftImGui.git,174
MDEwOlJlcG9zaXRvcnkyMTc3NjYwNzc=,2019-10-26T20:33:12Z,2026-04-20T04:26:45Z,2026-04-20T04:26:41Z,3,False,Arduino-Exercises,leyvamn2/Arduino-Exercises,git@github.com:leyvamn2/Arduino-Exercises.git,0
MDEwOlJlcG9zaXRvcnkyMTc3NjE5MDk=,2019-10-26T19:54:33Z,2026-04-05T00:27:08Z,2026-04-19T21:39:15Z,191,False,leetcode,Bowenn/leetcode,git@github.com:Bowenn/leetcode.git,0
MDEwOlJlcG9zaXRvcnkyMTc3MTAyMjU=,2019-10-26T13:08:12Z,2026-04-16T11:34:33Z,2026-04-16T11:34:29Z,240,True,nexus,project-arcana/nexus,git@github.com:project-arcana/nexus.git,2
MDEwOlJlcG9zaXRvcnkyMTc3MDQzNjM=,2019-10-26T12:18:29Z,2026-05-03T18:01:57Z,2026-05-03T18:01:53Z,12019,False,barcelona-trees,pedrolcl/barcelona-trees,git@github.com:pedrolcl/barcelona-trees.git,3
MDEwOlJlcG9zaXRvcnkyMTc3MDM2NjQ=,2019-10-26T12:12:32Z,2026-04-02T12:28:07Z,2026-04-22T08:08:10Z,146823,True,xprofiler,X-Profiler/xprofiler,git@github.com:X-Profiler/xprofiler.git,454
MDEwOlJlcG9zaXRvcnkyMTc2NTA5OTY=,2019-10-26T03:33:00Z,2026-03-02T03:05:26Z,2026-03-02T03:05:21Z,85,False,CavalierContoursDev,jbuckmccready/CavalierContoursDev,git@github.com:jbuckmccready/CavalierContoursDev.git,14
MDEwOlJlcG9zaXRvcnkyMTc2MjkyMjI=,2019-10-25T23:32:25Z,2026-05-04T18:49:54Z,2026-05-04T18:49:53Z,77,True,MissionScanner,OutpostUniverse/MissionScanner,git@github.com:OutpostUniverse/MissionScanner.git,1
MDEwOlJlcG9zaXRvcnkyMTc2MjM1ODk=,2019-10-25T22:31:17Z,2026-03-02T23:11:43Z,2026-03-23T23:03:17Z,2831,False,rhayader,chlebicz/rhayader,git@github.com:chlebicz/rhayader.git,2
MDEwOlJlcG9zaXRvcnkyMTc2MTk0MDY=,2019-10-25T21:47:32Z,2026-04-10T00:42:22Z,2026-04-10T00:42:18Z,160,False,robmikh.common,robmikh/robmikh.common,git@github.com:robmikh/robmikh.common.git,10
MDEwOlJlcG9zaXRvcnkyMTc2MDcwMjE=,2019-10-25T20:05:26Z,2026-04-26T19:23:00Z,2026-04-26T19:22:55Z,1386,False,PapyrusExtenderSSE,powerof3/PapyrusExtenderSSE,git@github.com:powerof3/PapyrusExtenderSSE.git,78
MDEwOlJlcG9zaXRvcnkyMTc1NzQ1OTI=,2019-10-25T16:33:27Z,2026-03-04T16:31:43Z,2026-03-04T16:25:48Z,4309,False,RodrikGameboyEmulator,NoamRodrik/RodrikGameboyEmulator,git@github.com:NoamRodrik/RodrikGameboyEmulator.git,1
MDEwOlJlcG9zaXRvcnkyMTc1MDI3NTQ=,2019-10-25T09:44:55Z,2026-05-05T08:26:51Z,2026-05-05T10:59:13Z,6696,True,sick_lidar_localization,SICKAG/sick_lidar_localization,git@github.com:SICKAG/sick_lidar_localization.git,28
MDEwOlJlcG9zaXRvcnkyMTc1MDAyMzI=,2019-10-25T09:31:25Z,2026-04-28T05:30:17Z,2026-04-28T05:30:13Z,10,False,new-fail,hasan-soliman/new-fail,git@github.com:hasan-soliman/new-fail.git,1
MDEwOlJlcG9zaXRvcnkyMTc0MzU0MjE=,2019-10-25T02:33:14Z,2026-05-07T09:35:03Z,2026-05-07T09:34:59Z,711,False,QuantNotes,GreyRaphael/QuantNotes,git@github.com:GreyRaphael/QuantNotes.git,3
MDEwOlJlcG9zaXRvcnkyMTc0MzUzNTY=,2019-10-25T02:32:53Z,2026-04-02T07:41:05Z,2026-03-20T15:33:42Z,44241,False,chromap,haowenz/chromap,git@github.com:haowenz/chromap.git,217
MDEwOlJlcG9zaXRvcnkyMTc0MTA5NTU=,2019-10-24T23:12:40Z,2026-04-12T02:22:20Z,2026-04-12T02:26:43Z,29127,True,arcade,qxcodepoo/arcade,git@github.com:qxcodepoo/arcade.git,43
MDEwOlJlcG9zaXRvcnkyMTczMjA3MDU=,2019-10-24T14:34:28Z,2026-04-16T16:07:35Z,2026-04-16T16:07:31Z,805,False,vscpl1drv-can232,grodansparadis/vscpl1drv-can232,git@github.com:grodansparadis/vscpl1drv-can232.git,1
MDEwOlJlcG9zaXRvcnkyMTczMTgwODA=,2019-10-24T14:22:43Z,2026-03-23T20:11:08Z,2026-03-23T20:17:01Z,335320,False,WebFrame,Alex-Tsvetanov/WebFrame,git@github.com:Alex-Tsvetanov/WebFrame.git,3
MDEwOlJlcG9zaXRvcnkyMTcyNzA2NTg=,2019-10-24T10:15:22Z,2026-03-19T11:09:57Z,2026-03-19T11:09:53Z,1945,False,foldersize,streamcap/foldersize,git@github.com:streamcap/foldersize.git,1
MDEwOlJlcG9zaXRvcnkyMTcxNzIwNzE=,2019-10-23T23:34:48Z,2026-03-20T21:24:48Z,2026-03-20T21:24:47Z,77,True,drivers-orogen-nmea2000,tidewise/drivers-orogen-nmea2000,git@github.com:tidewise/drivers-orogen-nmea2000.git,0
MDEwOlJlcG9zaXRvcnkyMTcxNDQ5NDc=,2019-10-23T20:12:59Z,2026-03-22T21:12:40Z,2026-03-22T14:33:04Z,5854,False,RFJJ-Gameboy,lisciu24/RFJJ-Gameboy,git@github.com:lisciu24/RFJJ-Gameboy.git,0
MDEwOlJlcG9zaXRvcnkyMTcxMzMwNTU=,2019-10-23T19:04:02Z,2026-04-08T07:12:02Z,2026-03-04T17:41:48Z,6606,False,isotree,david-cortes/isotree,git@github.com:david-cortes/isotree.git,230
MDEwOlJlcG9zaXRvcnkyMTcxMTEwMDE=,2019-10-23T17:06:42Z,2026-04-16T03:05:57Z,2026-05-01T20:17:06Z,54132,False,Exercism,ViralTaco/Exercism,git@github.com:ViralTaco/Exercism.git,0
MDEwOlJlcG9zaXRvcnkyMTcwOTY3MjY=,2019-10-23T15:54:11Z,2026-05-06T22:24:52Z,2026-05-01T20:27:02Z,910,True,kquickcharts,KDE/kquickcharts,git@github.com:KDE/kquickcharts.git,28
MDEwOlJlcG9zaXRvcnkyMTcwNzk2NjI=,2019-10-23T14:36:01Z,2026-03-26T12:57:15Z,2026-03-26T12:57:11Z,2686,False,ofxWFC3D,action-script/ofxWFC3D,git@github.com:action-script/ofxWFC3D.git,42
MDEwOlJlcG9zaXRvcnkyMTcwNjc3MzU=,2019-10-23T13:43:02Z,2026-04-14T15:04:13Z,2026-04-14T15:03:23Z,32334,False,ETAG_V10,Eli-S-Bridge/ETAG_V10,git@github.com:Eli-S-Bridge/ETAG_V10.git,3
MDEwOlJlcG9zaXRvcnkyMTY5MDkwNDc=,2019-10-22T21:01:22Z,2026-03-10T11:57:14Z,2026-03-10T11:57:10Z,124158,False,tdbase,tengdj/tdbase,git@github.com:tengdj/tdbase.git,2
MDEwOlJlcG9zaXRvcnkyMTY4OTc2Njk=,2019-10-22T19:51:07Z,2026-05-06T13:45:35Z,2026-04-27T02:08:10Z,13384,True,element,kushview/element,git@github.com:kushview/element.git,1575
MDEwOlJlcG9zaXRvcnkyMTY4NTA1NDE=,2019-10-22T15:42:32Z,2026-04-29T22:25:17Z,2026-04-29T22:25:12Z,526,False,die_script,horsicq/die_script,git@github.com:horsicq/die_script.git,12
MDEwOlJlcG9zaXRvcnkyMTY4NDcyNDA=,2019-10-22T15:26:24Z,2026-04-30T07:57:12Z,2026-04-07T15:09:31Z,65409,False,cupoch,neka-nat/cupoch,git@github.com:neka-nat/cupoch.git,1046
MDEwOlJlcG9zaXRvcnkyMTY4MzIxMDg=,2019-10-22T14:18:41Z,2026-03-27T01:34:57Z,2026-03-27T01:36:48Z,147,False,stylized_logger,deempalme/stylized_logger,git@github.com:deempalme/stylized_logger.git,0
MDEwOlJlcG9zaXRvcnkyMTY4MjkxMTE=,2019-10-22T14:05:54Z,2026-04-11T01:58:39Z,2026-04-10T03:30:53Z,4345,False,flutter_open_chinese_convert,zonble/flutter_open_chinese_convert,git@github.com:zonble/flutter_open_chinese_convert.git,25
MDEwOlJlcG9zaXRvcnkyMTY3NzkyODQ=,2019-10-22T09:51:08Z,2026-04-07T07:46:02Z,2026-04-07T07:45:59Z,18,False,experimentPackage,CoSG8/experimentPackage,git@github.com:CoSG8/experimentPackage.git,0
MDEwOlJlcG9zaXRvcnkyMTY3MjYxOTU=,2019-10-22T04:55:26Z,2026-05-06T16:12:22Z,2026-05-06T16:12:17Z,2426,False,netty-lib,semenovf/netty-lib,git@github.com:semenovf/netty-lib.git,1
MDEwOlJlcG9zaXRvcnkyMTY3MTcwMzI=,2019-10-22T03:37:56Z,2026-05-05T17:04:40Z,2026-04-05T20:24:38Z,497,True,fcitx5-unikey,fcitx/fcitx5-unikey,git@github.com:fcitx/fcitx5-unikey.git,103
MDEwOlJlcG9zaXRvcnkyMTY2OTc4OTQ=,2019-10-22T01:30:17Z,2026-03-18T10:37:57Z,2026-03-22T21:32:55Z,293841,False,pcsx2-with-lua,mogaika/pcsx2-with-lua,git@github.com:mogaika/pcsx2-with-lua.git,0
MDEwOlJlcG9zaXRvcnkyMTY2NzUzNzI=,2019-10-21T22:17:59Z,2026-04-09T20:56:58Z,2026-04-09T20:49:03Z,302535,False,Hawk-MPC,hamzahsaleem/Hawk-MPC,git@github.com:hamzahsaleem/Hawk-MPC.git,0
MDEwOlJlcG9zaXRvcnkyMTY1NzE0MTc=,2019-10-21T13:11:27Z,2026-03-14T21:04:57Z,2026-03-14T21:04:54Z,662,False,ParallelKnapsack,mrazgoner/ParallelKnapsack,git@github.com:mrazgoner/ParallelKnapsack.git,0
MDEwOlJlcG9zaXRvcnkyMTY1Njc0NTk=,2019-10-21T12:53:10Z,2026-05-02T15:57:56Z,2026-05-02T15:57:52Z,18438,False,ntlib,pjungeblut/ntlib,git@github.com:pjungeblut/ntlib.git,0
MDEwOlJlcG9zaXRvcnkyMTY1NjYxMjA=,2019-10-21T12:46:42Z,2026-05-04T18:22:41Z,2026-05-02T21:55:06Z,2254,False,GW2-ArcDPS-Boon-Table,knoxfighter/GW2-ArcDPS-Boon-Table,git@github.com:knoxfighter/GW2-ArcDPS-Boon-Table.git,103
MDEwOlJlcG9zaXRvcnkyMTY1NTE2MDA=,2019-10-21T11:30:16Z,2026-04-15T09:22:41Z,2026-04-15T09:22:37Z,33604,True,DynMatch,DynGraphLab/DynMatch,git@github.com:DynGraphLab/DynMatch.git,9
MDEwOlJlcG9zaXRvcnkyMTY0NTY5MjA=,2019-10-21T01:58:11Z,2026-04-29T13:45:50Z,2026-04-29T13:45:24Z,884,True,windows-container-tools,microsoft/windows-container-tools,git@github.com:microsoft/windows-container-tools.git,273
MDEwOlJlcG9zaXRvcnkyMTY0MTk3NzM=,2019-10-20T20:01:04Z,2026-04-14T12:30:34Z,2026-04-14T12:30:37Z,37874,False,courses,adamayd/courses,git@github.com:adamayd/courses.git,0
MDEwOlJlcG9zaXRvcnkyMTY0MTA0MzQ=,2019-10-20T18:47:35Z,2026-05-04T04:15:55Z,2026-05-04T04:15:46Z,437618,False,Xultaik,FaberSanZ/Xultaik,git@github.com:FaberSanZ/Xultaik.git,97
MDEwOlJlcG9zaXRvcnkyMTY0MDU2MjA=,2019-10-20T18:10:29Z,2026-05-07T02:37:40Z,2026-04-14T18:34:22Z,62853,False,SourceCodeSyntaxHighlight,sbarex/SourceCodeSyntaxHighlight,git@github.com:sbarex/SourceCodeSyntaxHighlight.git,4071
MDEwOlJlcG9zaXRvcnkyMTY0MDUxNTg=,2019-10-20T18:07:19Z,2026-05-06T19:25:32Z,2026-05-06T19:25:27Z,19848,True,fut,fusionlanguage/fut,git@github.com:fusionlanguage/fut.git,1862
MDEwOlJlcG9zaXRvcnkyMTYzODcxNzk=,2019-10-20T15:52:47Z,2026-04-11T05:02:03Z,2026-04-11T05:01:54Z,11137,False,comfy_PIGsavenode,AyeChanAungThwin/comfy_PIGsavenode,git@github.com:AyeChanAungThwin/comfy_PIGsavenode.git,1
MDEwOlJlcG9zaXRvcnkyMTYzNjkyMDc=,2019-10-20T13:49:45Z,2026-03-05T02:54:38Z,2026-03-05T02:54:35Z,12,False,Limage2.0,geekmlby/Limage2.0,git@github.com:geekmlby/Limage2.0.git,0
MDEwOlJlcG9zaXRvcnkyMTYzNTY5NDI=,2019-10-20T12:17:56Z,2026-04-20T17:25:16Z,2026-04-20T17:25:11Z,485,True,lib_spellcheck,desktop-app/lib_spellcheck,git@github.com:desktop-app/lib_spellcheck.git,9
MDEwOlJlcG9zaXRvcnkyMTYzNDQ0OTk=,2019-10-20T10:33:51Z,2026-04-09T08:40:40Z,2026-04-09T08:40:36Z,1271,False,Snake-Game,KONY128/Snake-Game,git@github.com:KONY128/Snake-Game.git,11
MDEwOlJlcG9zaXRvcnkyMTYzMDE0MzE=,2019-10-20T03:21:19Z,2026-04-20T11:31:00Z,2026-04-20T11:30:54Z,2457,True,pvxs,epics-base/pvxs,git@github.com:epics-base/pvxs.git,28
MDEwOlJlcG9zaXRvcnkyMTYyOTc5MzQ=,2019-10-20T02:41:25Z,2026-03-13T10:33:54Z,2026-03-13T10:33:49Z,42939,False,IOT-Weather-Station,nathanpaulscott/IOT-Weather-Station,git@github.com:nathanpaulscott/IOT-Weather-Station.git,0
MDEwOlJlcG9zaXRvcnkyMTYwODI1NzA=,2019-10-18T18:14:19Z,2026-03-25T06:35:15Z,2026-03-07T18:06:49Z,109595,False,ShibaView,agruzdev/ShibaView,git@github.com:agruzdev/ShibaView.git,20
MDEwOlJlcG9zaXRvcnkyMTYwNTMyMTU=,2019-10-18T15:21:11Z,2026-04-25T13:07:16Z,2026-04-25T13:07:12Z,11062,False,fu,hdachev/fu,git@github.com:hdachev/fu.git,9
MDEwOlJlcG9zaXRvcnkyMTU5ODQxNTI=,2019-10-18T09:03:56Z,2026-04-23T14:15:00Z,2026-04-23T14:14:09Z,190352,True,hyteg,lssfau/hyteg,git@github.com:lssfau/hyteg.git,19
MDEwOlJlcG9zaXRvcnkyMTU5NTc1NDQ=,2019-10-18T06:39:41Z,2026-03-10T16:51:35Z,2026-03-10T16:46:47Z,2420471,False,Qt5,CipSoft-Tibia/Qt5,git@github.com:CipSoft-Tibia/Qt5.git,41
MDEwOlJlcG9zaXRvcnkyMTU4NzgyODU=,2019-10-17T20:17:28Z,2026-04-10T18:22:47Z,2026-04-10T18:22:42Z,7154,False,inspection,punytroll/inspection,git@github.com:punytroll/inspection.git,0
MDEwOlJlcG9zaXRvcnkyMTU4NDU3NTQ=,2019-10-17T17:12:06Z,2026-03-20T04:02:24Z,2026-03-20T04:02:21Z,213,True,config-reader,ut-amrl/config-reader,git@github.com:ut-amrl/config-reader.git,10
MDEwOlJlcG9zaXRvcnkyMTU4MzE3NzQ=,2019-10-17T15:57:48Z,2026-04-11T15:31:06Z,2026-04-11T15:30:58Z,14517,False,cpp_olimp,Hyppocrat/cpp_olimp,git@github.com:Hyppocrat/cpp_olimp.git,2
MDEwOlJlcG9zaXRvcnkyMTU3OTA1MzQ=,2019-10-17T12:46:17Z,2026-04-24T09:25:02Z,2026-04-24T09:24:58Z,1481,False,liquidsfz,swesterfeld/liquidsfz,git@github.com:swesterfeld/liquidsfz.git,109
MDEwOlJlcG9zaXRvcnkyMTU3ODMwOTA=,2019-10-17T12:08:54Z,2026-05-04T22:56:39Z,2026-05-04T22:56:33Z,822263,False,MLRL-Boomer,mrapp-ke/MLRL-Boomer,git@github.com:mrapp-ke/MLRL-Boomer.git,5
MDEwOlJlcG9zaXRvcnkyMTU3NDA0OTE=,2019-10-17T08:23:16Z,2026-04-11T22:11:16Z,2026-04-11T22:11:11Z,332,False,small-cpp-utils,herrcristi/small-cpp-utils,git@github.com:herrcristi/small-cpp-utils.git,2
MDEwOlJlcG9zaXRvcnkyMTU3MjE5NDM=,2019-10-17T06:44:51Z,2026-04-27T09:04:53Z,2026-03-17T05:38:31Z,2334,False,Qt-Examples,RealChuan/Qt-Examples,git@github.com:RealChuan/Qt-Examples.git,84
MDEwOlJlcG9zaXRvcnkyMTU3MDkxODg=,2019-10-17T05:21:11Z,2026-03-13T17:24:38Z,2026-03-13T17:24:33Z,936,False,ibis,williamslab/ibis,git@github.com:williamslab/ibis.git,23
MDEwOlJlcG9zaXRvcnkyMTU2OTY2ODY=,2019-10-17T03:35:21Z,2026-03-21T15:44:52Z,2026-03-21T15:44:48Z,306,False,kocmoc-rack-modules,janne808/kocmoc-rack-modules,git@github.com:janne808/kocmoc-rack-modules.git,19
MDEwOlJlcG9zaXRvcnkyMTU2NzkyOTQ=,2019-10-17T01:44:37Z,2026-03-17T06:04:34Z,2026-03-17T06:04:30Z,9227,False,game-bits,jpursey/game-bits,git@github.com:jpursey/game-bits.git,1
MDEwOlJlcG9zaXRvcnkyMTU2NjkwMjM=,2019-10-17T00:24:36Z,2026-05-07T05:39:19Z,2026-04-14T17:42:50Z,22623,True,rDock,CBDD/rDock,git@github.com:CBDD/rDock.git,71
MDEwOlJlcG9zaXRvcnkyMTU2MzQ0NzQ=,2019-10-16T20:05:36Z,2026-05-06T16:25:53Z,2026-03-30T07:16:36Z,5467,True,OpenInverterGateway,OpenInverterGateway/OpenInverterGateway,git@github.com:OpenInverterGateway/OpenInverterGateway.git,433
MDEwOlJlcG9zaXRvcnkyMTU2MjIwODY=,2019-10-16T18:55:20Z,2026-04-20T17:11:58Z,2026-04-10T22:29:36Z,157,True,TestWinRT,microsoft/TestWinRT,git@github.com:microsoft/TestWinRT.git,19
MDEwOlJlcG9zaXRvcnkyMTU1OTUzNDU=,2019-10-16T16:33:58Z,2026-05-04T22:06:32Z,2026-04-26T03:29:29Z,13360,True,libriscv,libriscv/libriscv,git@github.com:libriscv/libriscv.git,1060
MDEwOlJlcG9zaXRvcnkyMTU1OTQ3Mzc=,2019-10-16T16:30:40Z,2026-04-15T06:43:47Z,2026-03-16T10:44:54Z,3704,True,KatanaUsdPlugins,TheFoundryVisionmongers/KatanaUsdPlugins,git@github.com:TheFoundryVisionmongers/KatanaUsdPlugins.git,50
MDEwOlJlcG9zaXRvcnkyMTU1NjQ2MTk=,2019-10-16T14:10:20Z,2026-03-24T16:20:29Z,2026-03-22T11:10:47Z,1381,False,makeshift,mbeutel/makeshift,git@github.com:mbeutel/makeshift.git,5
MDEwOlJlcG9zaXRvcnkyMTU1NjMxNjU=,2019-10-16T14:03:54Z,2026-05-04T14:03:14Z,2026-05-04T13:58:41Z,6473,False,dxil-spirv,HansKristian-Work/dxil-spirv,git@github.com:HansKristian-Work/dxil-spirv.git,224
MDEwOlJlcG9zaXRvcnkyMTU0NzY2NjY=,2019-10-16T06:46:18Z,2026-05-06T08:36:37Z,2026-03-14T11:57:25Z,29768,False,LibretroDroid,Swordfish90/LibretroDroid,git@github.com:Swordfish90/LibretroDroid.git,103
MDEwOlJlcG9zaXRvcnkyMTU0NDQ1MzA=,2019-10-16T03:01:19Z,2026-05-06T17:27:09Z,2026-05-06T17:27:05Z,1316,True,mjlib,mjbots/mjlib,git@github.com:mjbots/mjlib.git,10
MDEwOlJlcG9zaXRvcnkyMTUzOTU1NzM=,2019-10-15T20:58:45Z,2026-05-07T09:03:14Z,2026-05-07T09:03:10Z,341976,True,app,ca2/app,git@github.com:ca2/app.git,19
MDEwOlJlcG9zaXRvcnkyMTUzOTE1NDE=,2019-10-15T20:34:15Z,2026-05-03T06:01:05Z,2026-05-02T08:53:16Z,236,True,Kuku,microsoft/Kuku,git@github.com:microsoft/Kuku.git,70
MDEwOlJlcG9zaXRvcnkyMTUzNjg4NDg=,2019-10-15T18:27:22Z,2026-04-06T05:16:24Z,2026-04-06T05:16:21Z,4172,False,CodingPractise,VijayNandakumarkumar/CodingPractise,git@github.com:VijayNandakumarkumar/CodingPractise.git,1
MDEwOlJlcG9zaXRvcnkyMTUzMTAyNjM=,2019-10-15T13:47:57Z,2026-03-11T07:21:47Z,2026-03-11T07:21:44Z,27,False,csvtoics,swaaws/csvtoics,git@github.com:swaaws/csvtoics.git,0
MDEwOlJlcG9zaXRvcnkyMTUzMDEzMzQ=,2019-10-15T13:07:23Z,2026-03-01T05:20:57Z,2026-03-01T05:23:47Z,171,False,ESPHomeLifx,giantorth/ESPHomeLifx,git@github.com:giantorth/ESPHomeLifx.git,38
MDEwOlJlcG9zaXRvcnkyMTUyOTIwODI=,2019-10-15T12:22:32Z,2026-04-08T12:49:38Z,2026-04-08T12:49:33Z,63,False,teme-la-info,smiromania/teme-la-info,git@github.com:smiromania/teme-la-info.git,2
MDEwOlJlcG9zaXRvcnkyMTUyOTIwMjM=,2019-10-15T12:22:13Z,2026-05-05T04:51:05Z,2026-03-24T13:45:33Z,328,False,calico,amy-tabb/calico,git@github.com:amy-tabb/calico.git,98
MDEwOlJlcG9zaXRvcnkyMTUyODMyODk=,2019-10-15T11:37:00Z,2026-03-14T13:16:40Z,2026-03-14T13:16:36Z,67,False,mult-tree,taneroksuz/mult-tree,git@github.com:taneroksuz/mult-tree.git,13
MDEwOlJlcG9zaXRvcnkyMTUxODk3NTg=,2019-10-15T02:39:07Z,2026-03-04T01:09:31Z,2026-03-04T01:09:27Z,22,False,godot_module_w,WindyDarian/godot_module_w,git@github.com:WindyDarian/godot_module_w.git,2
MDEwOlJlcG9zaXRvcnkyMTQ5Mzg4ODE=,2019-10-14T03:21:32Z,2026-04-16T20:36:36Z,2026-05-06T19:50:49Z,195884,True,shards,fragcolor-xyz/shards,git@github.com:fragcolor-xyz/shards.git,83
MDEwOlJlcG9zaXRvcnkyMTQ5MTUyNDE=,2019-10-14T00:32:38Z,2026-04-24T05:05:44Z,2026-04-24T13:41:41Z,741,True,static_string,boostorg/static_string,git@github.com:boostorg/static_string.git,70
MDEwOlJlcG9zaXRvcnkyMTQ5MDAzMTM=,2019-10-13T22:00:11Z,2026-05-06T23:11:46Z,2026-05-06T23:11:43Z,4481,False,XMSDOSViewer,horsicq/XMSDOSViewer,git@github.com:horsicq/XMSDOSViewer.git,12
MDEwOlJlcG9zaXRvcnkyMTQ4OTU3Njc=,2019-10-13T21:21:04Z,2026-04-14T11:24:04Z,2026-04-20T14:11:31Z,2091,False,DecisionDiagrams,MichalMrena/DecisionDiagrams,git@github.com:MichalMrena/DecisionDiagrams.git,15
MDEwOlJlcG9zaXRvcnkyMTQ4ODc1MjI=,2019-10-13T20:16:47Z,2026-04-22T01:51:04Z,2026-03-23T21:23:49Z,206,True,HardFloat,bsg-external/HardFloat,git@github.com:bsg-external/HardFloat.git,12
MDEwOlJlcG9zaXRvcnkyMTQ4ODY1OTk=,2019-10-13T20:10:18Z,2026-05-07T00:39:10Z,2026-05-07T00:39:06Z,31264,False,serp,OleksandrGeronime/serp,git@github.com:OleksandrGeronime/serp.git,1
MDEwOlJlcG9zaXRvcnkyMTQ4NDIwOTg=,2019-10-13T15:13:43Z,2026-05-06T18:56:03Z,2026-04-05T15:17:16Z,26514,False,Expandable-6-Channel-ESP32-Energy-Meter,CircuitSetup/Expandable-6-Channel-ESP32-Energy-Meter,git@github.com:CircuitSetup/Expandable-6-Channel-ESP32-Energy-Meter.git,671
MDEwOlJlcG9zaXRvcnkyMTQ3NTY3NzQ=,2019-10-13T03:50:19Z,2026-05-02T20:44:25Z,2026-05-02T20:44:22Z,2110,False,math,phetdam/math,git@github.com:phetdam/math.git,0
MDEwOlJlcG9zaXRvcnkyMTQ3MDgzMDc=,2019-10-12T20:06:17Z,2026-03-25T14:46:41Z,2026-04-09T08:11:23Z,378440,False,PVRouter-3-phase,FredM67/PVRouter-3-phase,git@github.com:FredM67/PVRouter-3-phase.git,18
MDEwOlJlcG9zaXRvcnkyMTQ2OTUxNzM=,2019-10-12T18:24:55Z,2026-05-04T07:37:13Z,2026-05-06T21:37:23Z,78116,False,8BitAnalysers,TheGoodDoktor/8BitAnalysers,git@github.com:TheGoodDoktor/8BitAnalysers.git,130
MDEwOlJlcG9zaXRvcnkyMTQ2MzUwMzc=,2019-10-12T11:24:41Z,2026-04-19T09:58:20Z,2026-04-19T10:33:31Z,1020,False,CallJvm,XWHQSJ/CallJvm,git@github.com:XWHQSJ/CallJvm.git,15
MDEwOlJlcG9zaXRvcnkyMTQ2MDIwMzY=,2019-10-12T07:40:15Z,2026-04-09T04:00:41Z,2026-04-09T04:00:36Z,111,False,-,wangp6688/-,git@github.com:wangp6688/-.git,0
MDEwOlJlcG9zaXRvcnkyMTQ1ODgzNDg=,2019-10-12T06:06:12Z,2026-03-11T07:21:46Z,2026-03-11T07:21:42Z,8,False,s0deamon,swaaws/s0deamon,git@github.com:swaaws/s0deamon.git,0
MDEwOlJlcG9zaXRvcnkyMTQ1NTM4MjE=,2019-10-12T01:08:43Z,2026-04-19T17:30:37Z,2026-03-26T23:17:39Z,2428,False,Amiigo,CompSciOrBust/Amiigo,git@github.com:CompSciOrBust/Amiigo.git,224
MDEwOlJlcG9zaXRvcnkyMTQ1NTIyMTQ=,2019-10-12T00:53:32Z,2026-03-05T00:22:17Z,2026-03-05T00:22:05Z,399,False,CryptTools,takahiro-itou/CryptTools,git@github.com:takahiro-itou/CryptTools.git,0
MDEwOlJlcG9zaXRvcnkyMTQ1MzU0NDI=,2019-10-11T22:01:02Z,2026-05-06T14:53:44Z,2026-05-06T14:37:58Z,697449,False,MobileRT,TiagoMSSantos/MobileRT,git@github.com:TiagoMSSantos/MobileRT.git,11
MDEwOlJlcG9zaXRvcnkyMTQ1MTI0MDM=,2019-10-11T19:16:30Z,2026-04-16T21:52:28Z,2026-04-28T15:50:19Z,210374,True,pirate,PirateNetwork/pirate,git@github.com:PirateNetwork/pirate.git,127
MDEwOlJlcG9zaXRvcnkyMTQ1MDg0NzE=,2019-10-11T18:51:34Z,2026-05-06T23:10:38Z,2026-05-06T23:10:35Z,9635,False,XELFViewer,horsicq/XELFViewer,git@github.com:horsicq/XELFViewer.git,1569
MDEwOlJlcG9zaXRvcnkyMTQ0NzQ3MjA=,2019-10-11T15:48:38Z,2026-05-02T03:12:12Z,2026-05-04T15:25:13Z,3136,True,ExaConstit,llnl/ExaConstit,git@github.com:llnl/ExaConstit.git,64
MDEwOlJlcG9zaXRvcnkyMTQ0NjI2MDc=,2019-10-11T14:53:50Z,2026-05-02T00:11:27Z,2026-04-13T23:59:04Z,28711,False,ocpp-cs,apostoldevel/ocpp-cs,git@github.com:apostoldevel/ocpp-cs.git,71
MDEwOlJlcG9zaXRvcnkyMTQ0NDI3NDM=,2019-10-11T13:25:33Z,2026-03-19T14:19:33Z,2026-03-19T14:15:43Z,13400,True,KratosLegacyApplications,KratosMultiphysics/KratosLegacyApplications,git@github.com:KratosMultiphysics/KratosLegacyApplications.git,4
MDEwOlJlcG9zaXRvcnkyMTQzOTUxOTg=,2019-10-11T09:20:44Z,2026-05-05T16:36:16Z,2026-05-05T16:36:10Z,19666,True,fdb,ecmwf/fdb,git@github.com:ecmwf/fdb.git,43
MDEwOlJlcG9zaXRvcnkyMTQzOTQ3MDk=,2019-10-11T09:18:30Z,2026-04-29T17:28:54Z,2026-05-07T00:32:02Z,5615,True,metkit,ecmwf/metkit,git@github.com:ecmwf/metkit.git,8
MDEwOlJlcG9zaXRvcnkyMTQzNTU2MDU=,2019-10-11T06:02:19Z,2026-05-07T05:27:29Z,2026-05-07T05:27:01Z,3819,True,cfd-js,p2pderivatives/cfd-js,git@github.com:p2pderivatives/cfd-js.git,6
MDEwOlJlcG9zaXRvcnkyMTQyNzQ4NjE=,2019-10-10T20:02:50Z,2026-04-08T11:07:16Z,2026-04-08T11:07:12Z,6693,False,nebular,schirmermischa/nebular,git@github.com:schirmermischa/nebular.git,0
MDEwOlJlcG9zaXRvcnkyMTQyMjc0Mzg=,2019-10-10T16:04:50Z,2026-04-30T12:17:57Z,2026-04-30T12:17:55Z,5072,True,ViennaLS,ViennaTools/ViennaLS,git@github.com:ViennaTools/ViennaLS.git,22
MDEwOlJlcG9zaXRvcnkyMTQyMTQyMDI=,2019-10-10T15:08:29Z,2026-03-29T13:51:34Z,2026-03-29T13:50:53Z,1828,False,OrangeLine,Stubs42/OrangeLine,git@github.com:Stubs42/OrangeLine.git,17
MDEwOlJlcG9zaXRvcnkyMTQxNzgzMzY=,2019-10-10T12:34:07Z,2026-03-02T12:11:54Z,2026-03-02T12:11:49Z,8946,False,My_Kattis,Much-IqbalFauzi/My_Kattis,git@github.com:Much-IqbalFauzi/My_Kattis.git,0
MDEwOlJlcG9zaXRvcnkyMTQxMjk0NjY=,2019-10-10T08:33:04Z,2026-04-08T06:31:08Z,2026-04-08T06:31:04Z,19,False,Glogger,gopi487krishna/Glogger,git@github.com:gopi487krishna/Glogger.git,1
MDEwOlJlcG9zaXRvcnkyMTQwNDQwMTY=,2019-10-09T23:33:19Z,2026-03-18T05:32:12Z,2026-03-17T17:42:03Z,15299,False,DiscretePID,Hastu004/DiscretePID,git@github.com:Hastu004/DiscretePID.git,2
MDEwOlJlcG9zaXRvcnkyMTM5ODA4Nzk=,2019-10-09T17:26:16Z,2026-04-25T12:53:37Z,2026-04-25T12:53:32Z,910,False,swr-calculator,wichtounet/swr-calculator,git@github.com:wichtounet/swr-calculator.git,72
MDEwOlJlcG9zaXRvcnkyMTM5NzE0OTE=,2019-10-09T16:43:40Z,2026-04-12T00:30:00Z,2026-04-11T10:50:33Z,282,False,HumanGL,GlowingShadow/HumanGL,git@github.com:GlowingShadow/HumanGL.git,0
MDEwOlJlcG9zaXRvcnkyMTM5NTg4OTU=,2019-10-09T15:45:28Z,2026-05-03T19:49:49Z,2026-05-02T19:19:50Z,330,True,pybind11_protobuf,pybind/pybind11_protobuf,git@github.com:pybind/pybind11_protobuf.git,66
MDEwOlJlcG9zaXRvcnkyMTM5NTg2MjE=,2019-10-09T15:44:24Z,2026-04-03T16:16:30Z,2026-04-03T16:16:25Z,266,True,pybind11_abseil,pybind/pybind11_abseil,git@github.com:pybind/pybind11_abseil.git,26
MDEwOlJlcG9zaXRvcnkyMTM5NDcwODA=,2019-10-09T14:55:39Z,2026-04-08T09:28:12Z,2026-04-08T09:28:05Z,360,True,ExamplePlugins,ManiVaultStudio/ExamplePlugins,git@github.com:ManiVaultStudio/ExamplePlugins.git,2
MDEwOlJlcG9zaXRvcnkyMTM5MDIzNDc=,2019-10-09T11:39:45Z,2026-04-23T16:10:25Z,2026-04-23T16:10:21Z,312,False,coding-practise,Jesse-Z/coding-practise,git@github.com:Jesse-Z/coding-practise.git,0
MDEwOlJlcG9zaXRvcnkyMTM4MzA0NDI=,2019-10-09T05:42:24Z,2026-03-15T16:50:55Z,2026-03-15T16:50:51Z,3201,False,licode,alvinnardo/licode,git@github.com:alvinnardo/licode.git,0
MDEwOlJlcG9zaXRvcnkyMTM3OTgxMDc=,2019-10-09T02:05:07Z,2026-04-02T01:51:34Z,2026-04-02T01:51:31Z,1485,True,sora-unity-sdk,shiguredo/sora-unity-sdk,git@github.com:shiguredo/sora-unity-sdk.git,76
MDEwOlJlcG9zaXRvcnkyMTM3MzY5NDA=,2019-10-08T19:39:57Z,2026-05-01T15:10:32Z,2026-05-01T15:10:35Z,314,True,eiquadprog,stack-of-tasks/eiquadprog,git@github.com:stack-of-tasks/eiquadprog.git,56
MDEwOlJlcG9zaXRvcnkyMTM3MzI0Mjk=,2019-10-08T19:18:58Z,2026-05-02T03:27:19Z,2026-05-02T03:19:04Z,15,False,Fraccs-v2,Ducalius/Fraccs-v2,git@github.com:Ducalius/Fraccs-v2.git,1
MDEwOlJlcG9zaXRvcnkyMTM3MzAxNjE=,2019-10-08T19:08:44Z,2026-04-25T10:48:36Z,2026-04-25T10:48:29Z,3103,False,e3dcset,mschlappa/e3dcset,git@github.com:mschlappa/e3dcset.git,0
MDEwOlJlcG9zaXRvcnkyMTM3MjA1NTg=,2019-10-08T18:28:02Z,2026-03-10T09:03:59Z,2026-03-10T09:03:55Z,35527,False,iSMC,gvbarroso/iSMC,git@github.com:gvbarroso/iSMC.git,15
MDEwOlJlcG9zaXRvcnkyMTM2OTA2ODM=,2019-10-08T16:06:38Z,2026-05-04T04:55:37Z,2026-05-04T04:55:32Z,341,False,intrusive_shared_ptr,gershnik/intrusive_shared_ptr,git@github.com:gershnik/intrusive_shared_ptr.git,25
MDEwOlJlcG9zaXRvcnkyMTM2NTU2MDM=,2019-10-08T13:52:22Z,2026-04-19T19:53:26Z,2026-05-02T06:13:46Z,149,False,hello-c-extension,bsolomon1124/hello-c-extension,git@github.com:bsolomon1124/hello-c-extension.git,5
MDEwOlJlcG9zaXRvcnkyMTM1NTQzOTQ=,2019-10-08T05:16:46Z,2026-03-13T03:41:55Z,2026-03-07T13:30:19Z,84,False,Competitive-Programming,Rdpaula/Competitive-Programming,git@github.com:Rdpaula/Competitive-Programming.git,6
MDEwOlJlcG9zaXRvcnkyMTM0OTk3NDg=,2019-10-07T22:38:35Z,2026-04-30T20:16:14Z,2026-04-30T20:16:08Z,617,True,yices2_java_bindings,SRI-CSL/yices2_java_bindings,git@github.com:SRI-CSL/yices2_java_bindings.git,4
MDEwOlJlcG9zaXRvcnkyMTM0NzU2NTE=,2019-10-07T20:03:44Z,2026-04-15T13:34:48Z,2026-04-15T13:36:09Z,12999,False,thatsmood-v8,ginestra/thatsmood-v8,git@github.com:ginestra/thatsmood-v8.git,0
MDEwOlJlcG9zaXRvcnkyMTM0NDYwMTc=,2019-10-07T17:32:08Z,2026-03-15T14:15:10Z,2026-03-15T14:15:07Z,79,False,lab,JAndrassy/lab,git@github.com:JAndrassy/lab.git,9
MDEwOlJlcG9zaXRvcnkyMTM0MjkyOTM=,2019-10-07T16:12:16Z,2026-04-21T07:34:39Z,2026-04-21T07:34:34Z,185,False,GitQlientPlugin,francescmaestre/GitQlientPlugin,git@github.com:francescmaestre/GitQlientPlugin.git,44
MDEwOlJlcG9zaXRvcnkyMTM0MDYyMzQ=,2019-10-07T14:31:19Z,2026-05-05T12:42:36Z,2026-05-07T09:24:00Z,1893,True,sick_safetyscanners_base,SICKAG/sick_safetyscanners_base,git@github.com:SICKAG/sick_safetyscanners_base.git,19
MDEwOlJlcG9zaXRvcnkyMTM0MDI5Njc=,2019-10-07T14:18:21Z,2026-05-06T17:19:44Z,2026-04-28T09:42:42Z,55864,False,Silice,sylefeb/Silice,git@github.com:sylefeb/Silice.git,1412
MDEwOlJlcG9zaXRvcnkyMTMzODkyMDM=,2019-10-07T13:22:14Z,2026-04-16T20:28:15Z,2026-04-16T20:28:11Z,857,False,vscpl1drv-can4vscp,grodansparadis/vscpl1drv-can4vscp,git@github.com:grodansparadis/vscpl1drv-can4vscp.git,2
MDEwOlJlcG9zaXRvcnkyMTMzNzgyMzU=,2019-10-07T12:32:53Z,2026-04-27T10:38:59Z,2026-05-07T09:24:35Z,12445,True,WARDuino,TOPLLab/WARDuino,git@github.com:TOPLLab/WARDuino.git,101
MDEwOlJlcG9zaXRvcnkyMTMzNjg5NjE=,2019-10-07T11:45:58Z,2026-05-07T07:04:59Z,2026-05-07T07:04:57Z,1585,False,RenderGraph,DragonJoker/RenderGraph,git@github.com:DragonJoker/RenderGraph.git,247
MDEwOlJlcG9zaXRvcnkyMTMzMzI0OTA=,2019-10-07T08:34:38Z,2026-04-13T17:25:31Z,2026-04-13T17:25:26Z,42752,False,CoACA,mattapattu/CoACA,git@github.com:mattapattu/CoACA.git,0
MDEwOlJlcG9zaXRvcnkyMTMzMjg0ODM=,2019-10-07T08:14:11Z,2026-04-29T16:15:03Z,2026-05-05T07:08:22Z,11400,False,GitQlient,francescmaestre/GitQlient,git@github.com:francescmaestre/GitQlient.git,881
MDEwOlJlcG9zaXRvcnkyMTMzMDk0MDc=,2019-10-07T06:20:49Z,2026-04-10T12:18:10Z,2026-04-10T10:49:20Z,1844,True,twincat-ads,epics-modules/twincat-ads,git@github.com:epics-modules/twincat-ads.git,5
MDEwOlJlcG9zaXRvcnkyMTMyNzUwNjM=,2019-10-07T01:51:20Z,2026-05-04T22:50:20Z,2026-05-04T22:50:16Z,27501,False,programming-class,yan-ren/programming-class,git@github.com:yan-ren/programming-class.git,0
MDEwOlJlcG9zaXRvcnkyMTMyMjgwMjY=,2019-10-06T19:12:51Z,2026-04-20T19:05:08Z,2026-04-20T19:04:21Z,1282,False,ventilatore,mlesniew/ventilatore,git@github.com:mlesniew/ventilatore.git,5
MDEwOlJlcG9zaXRvcnkyMTMxOTAxODM=,2019-10-06T15:10:27Z,2026-03-31T20:21:48Z,2026-03-31T20:21:45Z,10270,True,kpsr-robotics,klepsydra-technologies/kpsr-robotics,git@github.com:klepsydra-technologies/kpsr-robotics.git,3
MDEwOlJlcG9zaXRvcnkyMTMwNzY5MTA=,2019-10-05T21:59:13Z,2026-05-05T01:27:05Z,2026-05-05T01:27:01Z,128,False,tiller_firmware,mikeitz/tiller_firmware,git@github.com:mikeitz/tiller_firmware.git,2
MDEwOlJlcG9zaXRvcnkyMTMwMjIxNDE=,2019-10-05T15:20:58Z,2026-04-08T06:28:56Z,2026-04-08T06:28:51Z,23,False,Lazy-Cpp,gopi487krishna/Lazy-Cpp,git@github.com:gopi487krishna/Lazy-Cpp.git,1
MDEwOlJlcG9zaXRvcnkyMTMwMDkzMDg=,2019-10-05T14:01:05Z,2026-05-01T11:05:38Z,2026-05-05T23:58:09Z,27749,True,crymp-client,crymp-net/crymp-client,git@github.com:crymp-net/crymp-client.git,29
MDEwOlJlcG9zaXRvcnkyMTI5MTAzNzQ=,2019-10-04T22:11:09Z,2026-05-04T09:27:03Z,2026-04-29T18:49:03Z,367,True,kio-fuse,KDE/kio-fuse,git@github.com:KDE/kio-fuse.git,29
MDEwOlJlcG9zaXRvcnkyMTI4NjEyMzc=,2019-10-04T16:45:16Z,2026-04-28T00:33:07Z,2026-04-28T00:33:02Z,2641,True,rocmProfileData,ROCm/rocmProfileData,git@github.com:ROCm/rocmProfileData.git,30
MDEwOlJlcG9zaXRvcnkyMTI4NTk4MzM=,2019-10-04T16:37:23Z,2026-04-16T00:58:05Z,2026-04-16T00:58:01Z,91896,False,hladinomer-studna-scripty,martinius96/hladinomer-studna-scripty,git@github.com:martinius96/hladinomer-studna-scripty.git,26
MDEwOlJlcG9zaXRvcnkyMTI3ODUwODU=,2019-10-04T09:59:48Z,2026-03-18T13:50:33Z,2026-03-30T00:54:22Z,615,True,Device,SeisSol/Device,git@github.com:SeisSol/Device.git,0
MDEwOlJlcG9zaXRvcnkyMTI1ODY2OTg=,2019-10-03T13:26:23Z,2026-03-12T19:20:18Z,2026-03-12T19:20:13Z,7541,False,robot-2d,larissamagistrali/robot-2d,git@github.com:larissamagistrali/robot-2d.git,1
MDEwOlJlcG9zaXRvcnkyMTI0NDYxODU=,2019-10-02T21:37:33Z,2026-03-24T04:41:24Z,2026-03-24T04:41:18Z,17723,False,mt2,heathergoldsby/mt2,git@github.com:heathergoldsby/mt2.git,1
MDEwOlJlcG9zaXRvcnkyMTI0MTk0OTU=,2019-10-02T19:01:56Z,2026-05-01T12:41:57Z,2026-03-11T20:14:41Z,12517,True,cardboard,googlevr/cardboard,git@github.com:googlevr/cardboard.git,1571
MDEwOlJlcG9zaXRvcnkyMTIzNjkxNDE=,2019-10-02T14:56:51Z,2026-04-14T14:18:46Z,2026-04-14T14:18:41Z,29,False,MyHex,ajsadhotmail/MyHex,git@github.com:ajsadhotmail/MyHex.git,2
MDEwOlJlcG9zaXRvcnkyMTIzMTczNzQ=,2019-10-02T11:06:15Z,2026-05-03T06:54:53Z,2026-05-03T06:54:48Z,863,False,polyscope-py,nmwsharp/polyscope-py,git@github.com:nmwsharp/polyscope-py.git,53
MDEwOlJlcG9zaXRvcnkyMTIzMTE2NTM=,2019-10-02T10:31:35Z,2026-05-07T10:33:25Z,2026-05-07T10:33:19Z,190064,True,dali-test,dalihub/dali-test,git@github.com:dalihub/dali-test.git,0
MDEwOlJlcG9zaXRvcnkyMTIzMDM2NDY=,2019-10-02T09:44:31Z,2026-03-03T07:54:29Z,2026-03-03T07:54:26Z,9962,False,el_sert,Sergeyego/el_sert,git@github.com:Sergeyego/el_sert.git,0
MDEwOlJlcG9zaXRvcnkyMTIzMDI1MzI=,2019-10-02T09:37:55Z,2026-04-08T10:04:52Z,2026-04-08T10:04:27Z,4708,False,wire_pr,Sergeyego/wire_pr,git@github.com:Sergeyego/wire_pr.git,0
MDEwOlJlcG9zaXRvcnkyMTIzMDAxMjk=,2019-10-02T09:23:31Z,2026-04-27T02:14:45Z,2026-05-07T03:59:23Z,43099,False,mallob,domschrei/mallob,git@github.com:domschrei/mallob.git,89
MDEwOlJlcG9zaXRvcnkyMTIyODczNzY=,2019-10-02T08:14:03Z,2026-03-13T06:17:50Z,2026-03-13T06:17:47Z,3669,False,C-Family-Program-Languages-Relevant-Resource-Collection,zenny-chen/C-Family-Program-Languages-Relevant-Resource-Collection,git@github.com:zenny-chen/C-Family-Program-Languages-Relevant-Resource-Collection.git,3
MDEwOlJlcG9zaXRvcnkyMTIyNzE5ODg=,2019-10-02T06:41:23Z,2026-04-05T12:37:07Z,2026-04-05T12:37:03Z,1474,False,CGTea,rostam/CGTea,git@github.com:rostam/CGTea.git,2
MDEwOlJlcG9zaXRvcnkyMTIyNzA1NjI=,2019-10-02T06:32:08Z,2026-05-07T02:17:08Z,2026-05-07T02:17:03Z,4419,False,scpptool,duneroadrunner/scpptool,git@github.com:duneroadrunner/scpptool.git,174
MDEwOlJlcG9zaXRvcnkyMTIyNjc1OTk=,2019-10-02T06:11:11Z,2026-04-28T10:54:42Z,2026-04-30T13:48:36Z,42987,True,QOpenHD,OpenHD/QOpenHD,git@github.com:OpenHD/QOpenHD.git,280
MDEwOlJlcG9zaXRvcnkyMTIyMzI2OTY=,2019-10-02T01:30:03Z,2026-04-29T12:38:53Z,2026-04-29T12:55:08Z,4879,True,CDFCI,CDFCI/CDFCI,git@github.com:CDFCI/CDFCI.git,19
MDEwOlJlcG9zaXRvcnkyMTIxNzE2Mjg=,2019-10-01T18:36:42Z,2026-04-13T08:52:56Z,2026-04-13T08:52:53Z,206,False,PML,debasismpt125/PML,git@github.com:debasismpt125/PML.git,1
MDEwOlJlcG9zaXRvcnkyMTIxNjMwMzI=,2019-10-01T17:55:25Z,2026-04-27T13:59:57Z,2026-04-27T13:59:52Z,20253,False,neuroh5,iraikov/neuroh5,git@github.com:iraikov/neuroh5.git,7
MDEwOlJlcG9zaXRvcnkyMTIxNTk4MjY=,2019-10-01T17:39:27Z,2026-03-23T13:10:32Z,2026-03-23T13:10:28Z,251,True,irods_rule_engine_plugin_logical_quotas,irods/irods_rule_engine_plugin_logical_quotas,git@github.com:irods/irods_rule_engine_plugin_logical_quotas.git,1
MDEwOlJlcG9zaXRvcnkyMTIxMTAyMjg=,2019-10-01T13:57:40Z,2026-03-17T17:32:47Z,2026-03-17T17:32:42Z,135,True,Rquefts,cran/Rquefts,git@github.com:cran/Rquefts.git,0
MDEwOlJlcG9zaXRvcnkyMTIxMDMzNjg=,2019-10-01T13:29:40Z,2026-05-06T23:05:22Z,2026-05-06T23:05:18Z,1833,False,NFD-sort,horsicq/NFD-sort,git@github.com:horsicq/NFD-sort.git,6
MDEwOlJlcG9zaXRvcnkyMTIxMDMyNzA=,2019-10-01T13:29:11Z,2026-05-04T01:26:35Z,2026-05-04T01:26:30Z,4998,False,saga,galushin/saga,git@github.com:galushin/saga.git,0
MDEwOlJlcG9zaXRvcnkyMTIwNTU0Nzc=,2019-10-01T09:14:20Z,2026-05-01T20:10:52Z,2026-03-02T13:24:50Z,22286,True,flups,vortexlab-uclouvain/flups,git@github.com:vortexlab-uclouvain/flups.git,20
MDEwOlJlcG9zaXRvcnkyMTE5OTg4MDg=,2019-10-01T02:33:46Z,2026-05-07T07:16:38Z,2026-05-07T07:16:32Z,86986,True,tapyrus-core,chaintope/tapyrus-core,git@github.com:chaintope/tapyrus-core.git,48
MDEwOlJlcG9zaXRvcnkyMTE5Nzg1NTM=,2019-09-30T23:48:26Z,2026-04-19T08:26:09Z,2026-04-27T18:05:35Z,1660,False,Unesia,miglierinicarlos/Unesia,git@github.com:miglierinicarlos/Unesia.git,0
MDEwOlJlcG9zaXRvcnkyMTE5NTM4NDg=,2019-09-30T20:46:48Z,2026-04-26T17:05:50Z,2026-04-26T17:05:45Z,19055,False,YEAR_src_PLAY,gps67/YEAR_src_PLAY,git@github.com:gps67/YEAR_src_PLAY.git,0
MDEwOlJlcG9zaXRvcnkyMTE4ODg2NTQ=,2019-09-30T15:11:08Z,2026-05-04T05:26:25Z,2026-04-05T09:12:45Z,2121,False,pineapple-pictures,BLumia/pineapple-pictures,git@github.com:BLumia/pineapple-pictures.git,526
MDEwOlJlcG9zaXRvcnkyMTE4ODA3Nzk=,2019-09-30T14:35:03Z,2026-05-06T17:23:12Z,2026-05-06T17:23:07Z,7078,True,DnsLibs,AdguardTeam/DnsLibs,git@github.com:AdguardTeam/DnsLibs.git,111
MDEwOlJlcG9zaXRvcnkyMTE4NTg1NTM=,2019-09-30T12:49:05Z,2026-05-07T01:55:38Z,2026-05-05T13:36:24Z,88737,True,rpi-imager,raspberrypi/rpi-imager,git@github.com:raspberrypi/rpi-imager.git,2461
MDEwOlJlcG9zaXRvcnkyMTE4MzA2OTU=,2019-09-30T10:04:05Z,2026-05-01T13:37:54Z,2026-03-14T08:54:01Z,1401,False,forsitan-modulare,gosub/forsitan-modulare,git@github.com:gosub/forsitan-modulare.git,12
MDEwOlJlcG9zaXRvcnkyMTE3MjMwMjA=,2019-09-29T20:37:15Z,2026-03-02T14:04:13Z,2026-03-02T14:04:09Z,17997,False,DSAL,roykim0823/DSAL,git@github.com:roykim0823/DSAL.git,0
MDEwOlJlcG9zaXRvcnkyMTE2ODQ4MzE=,2019-09-29T15:35:07Z,2026-03-10T22:52:42Z,2026-03-10T22:52:37Z,22146,False,body-nodes-sensor,ManuDev9/body-nodes-sensor,git@github.com:ManuDev9/body-nodes-sensor.git,0
MDEwOlJlcG9zaXRvcnkyMTE2MTUzNzI=,2019-09-29T06:33:50Z,2026-03-09T02:30:04Z,2026-03-09T02:30:00Z,634,False,smart-water-meter-project,thefloatman/smart-water-meter-project,git@github.com:thefloatman/smart-water-meter-project.git,7
MDEwOlJlcG9zaXRvcnkyMTE2MDc2NTE=,2019-09-29T05:21:37Z,2026-04-19T22:19:17Z,2026-04-19T22:19:13Z,10151,False,azulejo-gl-asteroids,miclomba/azulejo-gl-asteroids,git@github.com:miclomba/azulejo-gl-asteroids.git,1
MDEwOlJlcG9zaXRvcnkyMTE1NDE5MDI=,2019-09-28T18:04:52Z,2026-05-05T15:44:43Z,2026-03-04T16:12:17Z,1886,False,voro,chr1shr/voro,git@github.com:chr1shr/voro.git,216
MDEwOlJlcG9zaXRvcnkyMTE1MjQyMDM=,2019-09-28T15:49:47Z,2026-04-20T16:14:05Z,2026-05-07T01:14:47Z,9365,False,rover-esp8266,gallayl/rover-esp8266,git@github.com:gallayl/rover-esp8266.git,0
MDEwOlJlcG9zaXRvcnkyMTE1MTk4NzE=,2019-09-28T15:18:35Z,2026-03-08T09:10:54Z,2026-03-08T09:10:39Z,1234,False,cellular_automaton,Knoblauchpilze/cellular_automaton,git@github.com:Knoblauchpilze/cellular_automaton.git,0
MDEwOlJlcG9zaXRvcnkyMTE0NzgwMDg=,2019-09-28T09:41:11Z,2026-04-08T22:48:52Z,2026-04-08T22:48:46Z,1886,False,sah_kd_tree,tomilov/sah_kd_tree,git@github.com:tomilov/sah_kd_tree.git,9
MDEwOlJlcG9zaXRvcnkyMTE0NTAxNzQ=,2019-09-28T05:39:10Z,2026-03-02T21:02:31Z,2026-03-02T21:02:21Z,1644,False,opengl-globe,jjgallegos22/opengl-globe,git@github.com:jjgallegos22/opengl-globe.git,0
MDEwOlJlcG9zaXRvcnkyMTE0MTA0NjY=,2019-09-27T22:24:49Z,2026-03-11T14:59:49Z,2026-03-11T14:59:44Z,28,True,seastar-starter,redpanda-data/seastar-starter,git@github.com:redpanda-data/seastar-starter.git,34
MDEwOlJlcG9zaXRvcnkyMTEzOTUyODA=,2019-09-27T20:17:19Z,2026-04-24T09:51:08Z,2026-04-17T12:44:24Z,6995,True,openvkl,RenderKit/openvkl,git@github.com:RenderKit/openvkl.git,224
MDEwOlJlcG9zaXRvcnkyMTEzOTA0MDY=,2019-09-27T19:42:22Z,2026-05-05T14:04:43Z,2026-05-06T21:52:43Z,88401,True,phosphor-power,openbmc/phosphor-power,git@github.com:openbmc/phosphor-power.git,10
MDEwOlJlcG9zaXRvcnkyMTEzODIwMzc=,2019-09-27T18:45:54Z,2026-05-03T06:08:20Z,2026-05-03T06:08:16Z,38574,False,RF-EMT,bgin/RF-EMT,git@github.com:bgin/RF-EMT.git,64
MDEwOlJlcG9zaXRvcnkyMTEzNzAxNjk=,2019-09-27T17:29:32Z,2026-04-26T08:04:08Z,2026-04-26T08:04:04Z,335585,False,renderer,art-vozniuk/renderer,git@github.com:art-vozniuk/renderer.git,0
MDEwOlJlcG9zaXRvcnkyMTEzMzc5NzI=,2019-09-27T14:30:49Z,2026-04-03T17:31:49Z,2026-04-22T14:58:40Z,506,True,sbndaq-artdaq-core,SBNSoftware/sbndaq-artdaq-core,git@github.com:SBNSoftware/sbndaq-artdaq-core.git,2
MDEwOlJlcG9zaXRvcnkyMTEzMzY2MDY=,2019-09-27T14:24:00Z,2026-04-27T06:23:53Z,2026-04-27T06:23:48Z,175,True,p4python,perforce/p4python,git@github.com:perforce/p4python.git,71
MDEwOlJlcG9zaXRvcnkyMTEyOTc5OTk=,2019-09-27T10:47:28Z,2026-05-05T09:44:37Z,2026-04-26T02:35:42Z,4735,False,ifs_layeredfs,mon/ifs_layeredfs,git@github.com:mon/ifs_layeredfs.git,83
MDEwOlJlcG9zaXRvcnkyMTEyODI5MTg=,2019-09-27T09:21:56Z,2026-05-07T06:27:21Z,2026-05-07T06:27:18Z,23520,True,coppeliaSimLib,CoppeliaRobotics/coppeliaSimLib,git@github.com:CoppeliaRobotics/coppeliaSimLib.git,146
MDEwOlJlcG9zaXRvcnkyMTExODc3MDQ=,2019-09-26T21:54:50Z,2026-04-22T09:29:01Z,2026-05-04T16:21:58Z,24131,True,icaruscode,SBNSoftware/icaruscode,git@github.com:SBNSoftware/icaruscode.git,13
MDEwOlJlcG9zaXRvcnkyMTExODc0OTI=,2019-09-26T21:53:10Z,2026-04-03T17:33:01Z,2026-04-17T14:44:46Z,223416,True,sbndaq-artdaq,SBNSoftware/sbndaq-artdaq,git@github.com:SBNSoftware/sbndaq-artdaq.git,2
MDEwOlJlcG9zaXRvcnkyMTExODY5Mjk=,2019-09-26T21:48:31Z,2026-04-24T21:13:36Z,2026-05-07T02:04:11Z,37982,True,sbncode,SBNSoftware/sbncode,git@github.com:SBNSoftware/sbncode.git,13
MDEwOlJlcG9zaXRvcnkyMTExMzM5NTM=,2019-09-26T16:27:32Z,2026-05-06T16:12:33Z,2026-05-06T16:18:50Z,25639,False,openFPGALoader,trabucayre/openFPGALoader,git@github.com:trabucayre/openFPGALoader.git,1621
MDEwOlJlcG9zaXRvcnkyMTExMTQ0Nzg=,2019-09-26T14:52:23Z,2026-04-19T18:28:17Z,2026-04-19T18:26:48Z,12296,False,device_lge_bullhead,svlog/device_lge_bullhead,git@github.com:svlog/device_lge_bullhead.git,0
MDEwOlJlcG9zaXRvcnkyMTEwNzkxMTk=,2019-09-26T12:03:52Z,2026-05-05T00:06:46Z,2026-03-23T04:30:36Z,2675,False,ros_openpose,ravijo/ros_openpose,git@github.com:ravijo/ros_openpose.git,151
MDEwOlJlcG9zaXRvcnkyMTA5NDM5MTA=,2019-09-25T21:30:29Z,2026-03-23T11:40:05Z,2026-03-23T11:40:01Z,34931,False,XCapstone,horsicq/XCapstone,git@github.com:horsicq/XCapstone.git,10
MDEwOlJlcG9zaXRvcnkyMTA3OTgwNzI=,2019-09-25T08:47:50Z,2026-04-13T03:01:41Z,2026-04-13T03:06:38Z,68,False,QZQSM,baggio63446333/QZQSM,git@github.com:baggio63446333/QZQSM.git,19
MDEwOlJlcG9zaXRvcnkyMTA3ODE1Mzc=,2019-09-25T07:22:58Z,2026-03-26T15:36:58Z,2026-03-25T10:43:31Z,197,True,reana-demo-cms-dimuon-mass-spectrum,reanahub/reana-demo-cms-dimuon-mass-spectrum,git@github.com:reanahub/reana-demo-cms-dimuon-mass-spectrum.git,1
MDEwOlJlcG9zaXRvcnkyMTA3NjQ1ODE=,2019-09-25T05:44:14Z,2026-05-05T15:24:05Z,2026-05-05T15:23:59Z,4954,False,UERANSIM,aligungr/UERANSIM,git@github.com:aligungr/UERANSIM.git,1003
MDEwOlJlcG9zaXRvcnkyMTA3NjI1NTQ=,2019-09-25T05:28:35Z,2026-04-09T12:39:08Z,2026-04-09T12:38:53Z,79,True,cpp-interface-json11,dqrobotics/cpp-interface-json11,git@github.com:dqrobotics/cpp-interface-json11.git,0
MDEwOlJlcG9zaXRvcnkyMTA3NTYzMDY=,2019-09-25T04:36:55Z,2026-03-20T03:25:14Z,2026-03-20T03:25:10Z,6225,False,CertMan,jykim74/CertMan,git@github.com:jykim74/CertMan.git,7
MDEwOlJlcG9zaXRvcnkyMTA3NTQzODY=,2019-09-25T04:19:46Z,2026-03-20T03:25:34Z,2026-03-20T03:25:30Z,5944,False,CryptokiMan,jykim74/CryptokiMan,git@github.com:jykim74/CryptokiMan.git,3
MDEwOlJlcG9zaXRvcnkyMTA3MzczMDM=,2019-09-25T02:20:36Z,2026-05-06T22:49:19Z,2026-05-06T22:49:15Z,1167,False,yadro,gbresearch/yadro,git@github.com:gbresearch/yadro.git,0
MDEwOlJlcG9zaXRvcnkyMTA3MjcxNjQ=,2019-09-25T01:11:28Z,2026-04-13T13:52:59Z,2026-04-13T13:52:50Z,504,False,osgGLUS,waldenponder/osgGLUS,git@github.com:waldenponder/osgGLUS.git,0
MDEwOlJlcG9zaXRvcnkyMTA3MDk0NTg=,2019-09-24T22:36:57Z,2026-05-06T05:46:15Z,2026-04-28T11:13:24Z,1476,True,cpp-terminal,jupyter-xeus/cpp-terminal,git@github.com:jupyter-xeus/cpp-terminal.git,654
MDEwOlJlcG9zaXRvcnkyMTA2OTg1MjQ=,2019-09-24T21:12:56Z,2026-04-24T20:38:57Z,2026-05-05T20:45:34Z,32577,True,nano2pico,richstu/nano2pico,git@github.com:richstu/nano2pico.git,2
MDEwOlJlcG9zaXRvcnkyMTA2MzE1MTk=,2019-09-24T15:05:32Z,2026-05-01T12:52:42Z,2026-04-13T04:15:39Z,5286,False,CPPLectures,geunkim/CPPLectures,git@github.com:geunkim/CPPLectures.git,38
MDEwOlJlcG9zaXRvcnkyMTA1OTA1ODM=,2019-09-24T11:53:16Z,2026-04-27T23:30:24Z,2026-04-27T23:30:19Z,16,False,color-shootout,valentinpi/color-shootout,git@github.com:valentinpi/color-shootout.git,0
MDEwOlJlcG9zaXRvcnkyMTA1MTU4MjA=,2019-09-24T05:02:20Z,2026-05-02T06:39:58Z,2026-05-02T06:39:54Z,3,False,smart-window,thitipongroo/smart-window,git@github.com:thitipongroo/smart-window.git,0
MDEwOlJlcG9zaXRvcnkyMTA0ODI5NzU=,2019-09-24T01:16:09Z,2026-05-03T14:36:56Z,2026-05-03T14:37:02Z,67846,True,gmenu2x,MiyooCFW/gmenu2x,git@github.com:MiyooCFW/gmenu2x.git,32
MDEwOlJlcG9zaXRvcnkyMTA0MDQwNzI=,2019-09-23T16:36:31Z,2026-03-29T01:46:36Z,2026-03-29T01:46:32Z,49,False,cpp,nuk6/cpp,git@github.com:nuk6/cpp.git,0
MDEwOlJlcG9zaXRvcnkyMTAzNjc4MTE=,2019-09-23T13:52:17Z,2026-04-23T10:48:54Z,2026-04-23T10:48:50Z,79087,False,bsu-programming,merilian/bsu-programming,git@github.com:merilian/bsu-programming.git,8
MDEwOlJlcG9zaXRvcnkyMTAzNTE2MTg=,2019-09-23T12:38:19Z,2026-05-07T10:02:16Z,2026-05-07T11:01:09Z,6234,True,HDILib,biovault/HDILib,git@github.com:biovault/HDILib.git,6
MDEwOlJlcG9zaXRvcnkyMTAzNDQ0MjQ=,2019-09-23T12:01:58Z,2026-03-26T13:58:22Z,2026-03-26T13:56:48Z,82670,False,JProject,VomPom/JProject,git@github.com:VomPom/JProject.git,2
MDEwOlJlcG9zaXRvcnkyMTAzMjkyMzA=,2019-09-23T10:38:17Z,2026-04-07T00:52:41Z,2026-03-28T05:07:00Z,99,True,lib_lottie,desktop-app/lib_lottie,git@github.com:desktop-app/lib_lottie.git,13
MDEwOlJlcG9zaXRvcnkyMTAyMzExNzM=,2019-09-23T00:07:39Z,2026-04-28T05:25:05Z,2026-04-28T05:25:02Z,91,True,gm_random,SpaceAgeMP/gm_random,git@github.com:SpaceAgeMP/gm_random.git,0
MDEwOlJlcG9zaXRvcnkyMTAxODExOTA=,2019-09-22T16:45:44Z,2026-03-05T21:53:21Z,2026-03-05T19:49:14Z,228,False,ConsoleChat,Damian-Zuk/ConsoleChat,git@github.com:Damian-Zuk/ConsoleChat.git,0
MDEwOlJlcG9zaXRvcnkyMTAxNzg3NzE=,2019-09-22T16:28:27Z,2026-04-07T22:49:48Z,2026-04-07T22:49:44Z,78,True,Workshop_CPP,NIAEFEUP/Workshop_CPP,git@github.com:NIAEFEUP/Workshop_CPP.git,0
MDEwOlJlcG9zaXRvcnkyMTAxNTA0MTA=,2019-09-22T13:17:21Z,2026-03-10T02:37:12Z,2026-03-10T02:37:08Z,148,False,.leetcode,Li-Shu14/.leetcode,git@github.com:Li-Shu14/.leetcode.git,0
MDEwOlJlcG9zaXRvcnkyMTAwODY5Nzc=,2019-09-22T03:50:08Z,2026-04-21T08:02:29Z,2026-04-21T08:02:24Z,120,False,express,alexsmn/express,git@github.com:alexsmn/express.git,0
MDEwOlJlcG9zaXRvcnkyMTAwODQyNTY=,2019-09-22T03:20:47Z,2026-03-12T08:20:54Z,2026-03-12T08:20:50Z,460,False,cplusplus_projects,JohnathonDean/cplusplus_projects,git@github.com:JohnathonDean/cplusplus_projects.git,0
MDEwOlJlcG9zaXRvcnkyMTAwNjA2Njk=,2019-09-21T22:26:58Z,2026-03-09T11:33:18Z,2026-03-09T11:33:13Z,150,False,M5Stack,vitroid/M5Stack,git@github.com:vitroid/M5Stack.git,2
MDEwOlJlcG9zaXRvcnkyMTAwMzk5Nzk=,2019-09-21T19:09:24Z,2026-03-23T14:14:13Z,2026-03-23T14:14:11Z,1596,False,Goto-Line-Col-NPP-Plugin,shriprem/Goto-Line-Col-NPP-Plugin,git@github.com:shriprem/Goto-Line-Col-NPP-Plugin.git,15
MDEwOlJlcG9zaXRvcnkyMDk5OTc1OTg=,2019-09-21T14:17:24Z,2026-05-02T15:32:49Z,2026-03-28T23:03:16Z,4601,False,Programmers-Community,shoaibrayeen/Programmers-Community,git@github.com:shoaibrayeen/Programmers-Community.git,244
MDEwOlJlcG9zaXRvcnkyMDk5OTU1NzI=,2019-09-21T14:04:46Z,2026-04-30T11:14:34Z,2026-04-30T11:44:56Z,129845,True,sender,nmradcc/sender,git@github.com:nmradcc/sender.git,1
MDEwOlJlcG9zaXRvcnkyMDk5MzM2Mzc=,2019-09-21T06:01:59Z,2026-03-15T05:23:26Z,2026-03-15T05:23:19Z,486915,False,2dGameTest,ZackFiner/2dGameTest,git@github.com:ZackFiner/2dGameTest.git,0
MDEwOlJlcG9zaXRvcnkyMDk5MTIwODc=,2019-09-21T02:22:09Z,2026-04-14T01:13:23Z,2026-04-14T01:13:14Z,37,False,jvalue,zhlynn/jvalue,git@github.com:zhlynn/jvalue.git,18
MDEwOlJlcG9zaXRvcnkyMDk5MDg2OTE=,2019-09-21T01:46:26Z,2026-04-26T10:05:08Z,2026-04-19T17:11:00Z,3074637,False,RipJKAnimeNX,darkxex/RipJKAnimeNX,git@github.com:darkxex/RipJKAnimeNX.git,46
MDEwOlJlcG9zaXRvcnkyMDk5MDEwNTM=,2019-09-21T00:19:03Z,2026-04-30T19:48:50Z,2026-04-30T19:48:46Z,208,False,LLUtils,TheNicker/LLUtils,git@github.com:TheNicker/LLUtils.git,0
MDEwOlJlcG9zaXRvcnkyMDk4NzA5NjQ=,2019-09-20T19:58:40Z,2026-04-01T11:44:00Z,2026-03-13T09:18:50Z,27,False,libtorch_examples,Maverobot/libtorch_examples,git@github.com:Maverobot/libtorch_examples.git,32
MDEwOlJlcG9zaXRvcnkyMDk4NTUwNjA=,2019-09-20T18:21:10Z,2026-04-29T18:02:57Z,2026-04-26T00:03:53Z,475687,False,LeetCode,huanminwu/LeetCode,git@github.com:huanminwu/LeetCode.git,220
MDEwOlJlcG9zaXRvcnkyMDk3OTcwNzM=,2019-09-20T13:27:52Z,2026-04-09T12:32:47Z,2026-04-23T13:09:24Z,20831,False,powerlifted,abcorrea/powerlifted,git@github.com:abcorrea/powerlifted.git,36
MDEwOlJlcG9zaXRvcnkyMDk3NTQ2NTg=,2019-09-20T09:30:21Z,2026-04-19T05:42:26Z,2026-04-17T10:01:57Z,24637,True,dfir-orc,DFIR-ORC/dfir-orc,git@github.com:DFIR-ORC/dfir-orc.git,435
MDEwOlJlcG9zaXRvcnkyMDk3MDA2NDM=,2019-09-20T03:50:08Z,2026-05-07T03:33:41Z,2026-05-07T04:28:41Z,5162,False,OpenJPH,aous72/OpenJPH,git@github.com:aous72/OpenJPH.git,270
MDEwOlJlcG9zaXRvcnkyMDk2OTg3NjQ=,2019-09-20T03:36:48Z,2026-04-20T00:50:31Z,2026-04-20T00:50:30Z,2719,True,AFOlibyuv,PangDuTechnology/AFOlibyuv,git@github.com:PangDuTechnology/AFOlibyuv.git,2
MDEwOlJlcG9zaXRvcnkyMDk2ODIzMzI=,2019-09-20T01:49:00Z,2026-05-07T11:36:20Z,2026-05-07T11:36:15Z,15761,False,puzitu,kode-head/puzitu,git@github.com:kode-head/puzitu.git,1
MDEwOlJlcG9zaXRvcnkyMDk2Njc3MDM=,2019-09-19T23:50:01Z,2026-05-02T21:22:59Z,2026-05-02T21:22:55Z,28298,False,Simple-LED-Matrix-Library,Electro707/Simple-LED-Matrix-Library,git@github.com:Electro707/Simple-LED-Matrix-Library.git,7
MDEwOlJlcG9zaXRvcnkyMDk2NjU0MTA=,2019-09-19T23:27:33Z,2026-04-30T14:49:07Z,2026-04-30T14:48:32Z,1120,False,dicom,libelle17/dicom,git@github.com:libelle17/dicom.git,1
MDEwOlJlcG9zaXRvcnkyMDk2NTU4OTg=,2019-09-19T22:01:31Z,2026-05-06T21:23:15Z,2026-05-01T16:08:18Z,30120,True,vtm,directvt/vtm,git@github.com:directvt/vtm.git,3275
MDEwOlJlcG9zaXRvcnkyMDk2MjA5MjE=,2019-09-19T18:18:21Z,2026-03-20T14:45:10Z,2026-03-20T14:45:05Z,140075,True,hedgehog,usnistgov/hedgehog,git@github.com:usnistgov/hedgehog.git,34
MDEwOlJlcG9zaXRvcnkyMDk1OTA0NjU=,2019-09-19T15:39:12Z,2026-04-13T09:19:42Z,2026-04-13T09:19:37Z,5504,True,HDF5Loader,ManiVaultStudio/HDF5Loader,git@github.com:ManiVaultStudio/HDF5Loader.git,0
MDEwOlJlcG9zaXRvcnkyMDk0OTM3NjM=,2019-09-19T07:47:30Z,2026-05-06T20:42:27Z,2026-03-20T15:15:00Z,7319,True,BrcmPatchRAM,acidanthera/BrcmPatchRAM,git@github.com:acidanthera/BrcmPatchRAM.git,1162
MDEwOlJlcG9zaXRvcnkyMDk0ODA2NjQ=,2019-09-19T06:39:24Z,2026-05-04T13:42:24Z,2026-04-26T17:21:31Z,954,True,EDM4hep,key4hep/EDM4hep,git@github.com:key4hep/EDM4hep.git,37
MDEwOlJlcG9zaXRvcnkyMDk0NzY4NjI=,2019-09-19T06:17:27Z,2026-05-05T21:39:42Z,2026-04-14T02:12:10Z,23835,False,zsign,zhlynn/zsign,git@github.com:zhlynn/zsign.git,1746
MDEwOlJlcG9zaXRvcnkyMDk0NDgzNTM=,2019-09-19T02:47:11Z,2026-04-20T22:17:41Z,2026-04-20T23:56:48Z,22416,False,kinetik,jgeating/kinetik,git@github.com:jgeating/kinetik.git,1
MDEwOlJlcG9zaXRvcnkyMDk0NDI1Mzk=,2019-09-19T02:11:47Z,2026-03-21T22:23:36Z,2026-03-21T22:23:33Z,5709,False,Air-Traffic-Control,NttTram/Air-Traffic-Control,git@github.com:NttTram/Air-Traffic-Control.git,0
MDEwOlJlcG9zaXRvcnkyMDk0MzM1NzU=,2019-09-19T01:12:38Z,2026-04-28T21:01:11Z,2026-04-28T21:01:06Z,13,False,beecrowd,gustavorizzon/beecrowd,git@github.com:gustavorizzon/beecrowd.git,0
MDEwOlJlcG9zaXRvcnkyMDk0MjA1MDI=,2019-09-18T23:19:21Z,2026-03-09T23:28:46Z,2026-03-09T23:28:42Z,30,False,HANK_EarningsEstimation,ikarib/HANK_EarningsEstimation,git@github.com:ikarib/HANK_EarningsEstimation.git,1
MDEwOlJlcG9zaXRvcnkyMDk0MDczNTM=,2019-09-18T21:29:56Z,2026-04-16T20:34:35Z,2026-04-16T20:34:30Z,5187,False,DKV2,Schachigel/DKV2,git@github.com:Schachigel/DKV2.git,11
MDEwOlJlcG9zaXRvcnkyMDkzOTc0MDE=,2019-09-18T20:23:24Z,2026-04-29T16:45:19Z,2026-04-29T18:41:07Z,3798,False,RareCpp,TheNitesWhoSay/RareCpp,git@github.com:TheNitesWhoSay/RareCpp.git,129
MDEwOlJlcG9zaXRvcnkyMDkzODIwODI=,2019-09-18T18:53:35Z,2026-03-17T19:50:21Z,2026-03-17T19:50:18Z,122,True,drivers-motors_roboteq_canopen,tidewise/drivers-motors_roboteq_canopen,git@github.com:tidewise/drivers-motors_roboteq_canopen.git,0
MDEwOlJlcG9zaXRvcnkyMDkzNDA0NTk=,2019-09-18T15:17:30Z,2026-05-01T20:20:33Z,2026-05-01T20:20:27Z,20252,True,kcalendarcore,KDE/kcalendarcore,git@github.com:KDE/kcalendarcore.git,10
MDEwOlJlcG9zaXRvcnkyMDkyMzU4ODc=,2019-09-18T06:35:57Z,2026-04-29T04:37:07Z,2026-04-29T04:37:03Z,3519,False,evkozi_feladatok,sboda1985/evkozi_feladatok,git@github.com:sboda1985/evkozi_feladatok.git,0
MDEwOlJlcG9zaXRvcnkyMDkxOTUzNjU=,2019-09-18T02:02:55Z,2026-03-10T08:01:50Z,2026-03-10T08:01:46Z,3299,False,VenaSmartEnergy,ASNProject/VenaSmartEnergy,git@github.com:ASNProject/VenaSmartEnergy.git,0
MDEwOlJlcG9zaXRvcnkyMDkxMzgxMzc=,2019-09-17T19:19:13Z,2026-05-06T14:53:50Z,2026-05-06T14:36:02Z,198,True,QDEC,SimpleHacks/QDEC,git@github.com:SimpleHacks/QDEC.git,21
MDEwOlJlcG9zaXRvcnkyMDkwODE5Mzk=,2019-09-17T14:50:19Z,2026-05-05T10:54:12Z,2026-05-07T11:30:27Z,4599,True,lib_ui,desktop-app/lib_ui,git@github.com:desktop-app/lib_ui.git,172
MDEwOlJlcG9zaXRvcnkyMDkwNzk4MjQ=,2019-09-17T14:41:57Z,2026-05-05T09:19:45Z,2026-05-06T09:53:01Z,54335,False,oxDNA,lorenzo-rovigatti/oxDNA,git@github.com:lorenzo-rovigatti/oxDNA.git,67
MDEwOlJlcG9zaXRvcnkyMDkwNzkwMzk=,2019-09-17T14:38:32Z,2026-05-05T19:40:37Z,2026-05-05T19:40:19Z,148,True,codegen,desktop-app/codegen,git@github.com:desktop-app/codegen.git,10
MDEwOlJlcG9zaXRvcnkyMDkwNTQ0OTk=,2019-09-17T12:58:03Z,2026-04-25T16:14:06Z,2026-04-25T07:56:41Z,877,True,lib_base,desktop-app/lib_base,git@github.com:desktop-app/lib_base.git,31
MDEwOlJlcG9zaXRvcnkyMDkwNTA3MDk=,2019-09-17T12:40:53Z,2026-03-06T18:49:05Z,2026-04-21T12:59:54Z,50,True,lib_crl,desktop-app/lib_crl,git@github.com:desktop-app/lib_crl.git,8
MDEwOlJlcG9zaXRvcnkyMDkwNDMzODQ=,2019-09-17T12:07:29Z,2026-05-04T15:17:34Z,2026-03-03T13:17:11Z,2367,True,cpp-libp2p,libp2p/cpp-libp2p,git@github.com:libp2p/cpp-libp2p.git,473
MDEwOlJlcG9zaXRvcnkyMDg5OTIwMzA=,2019-09-17T07:50:56Z,2026-05-06T12:41:25Z,2026-05-06T12:41:20Z,4019,True,taox11,RemedyIT/taox11,git@github.com:RemedyIT/taox11.git,32
MDEwOlJlcG9zaXRvcnkyMDg5Nzg1MTA=,2019-09-17T06:41:55Z,2026-04-08T16:46:49Z,2026-03-02T12:32:47Z,3041,False,twvm,Becavalier/twvm,git@github.com:Becavalier/twvm.git,120
MDEwOlJlcG9zaXRvcnkyMDg5NjQ5NTU=,2019-09-17T05:16:48Z,2026-05-06T06:26:40Z,2026-05-06T06:26:35Z,3089482,True,indi-3rdparty,indilib/indi-3rdparty,git@github.com:indilib/indi-3rdparty.git,150
MDEwOlJlcG9zaXRvcnkyMDg5MDE1MTE=,2019-09-16T21:29:34Z,2026-04-09T01:23:09Z,2026-04-04T01:24:29Z,27198,False,minicurso-arduino,felurye/minicurso-arduino,git@github.com:felurye/minicurso-arduino.git,1
MDEwOlJlcG9zaXRvcnkyMDg4Nzc4Mzk=,2019-09-16T19:10:58Z,2026-05-07T11:34:20Z,2026-05-07T11:34:14Z,39481,False,mpz,olegantonyan/mpz,git@github.com:olegantonyan/mpz.git,103
MDEwOlJlcG9zaXRvcnkyMDg4MzA4OTA=,2019-09-16T15:13:30Z,2026-04-18T07:05:38Z,2026-04-18T07:05:34Z,2617,False,nexus,GK72/nexus,git@github.com:GK72/nexus.git,0
MDEwOlJlcG9zaXRvcnkyMDg3OTEzMDU=,2019-09-16T12:13:54Z,2026-04-27T09:06:37Z,2026-04-29T09:07:02Z,79283,True,arrus,us4useu/arrus,git@github.com:us4useu/arrus.git,30
MDEwOlJlcG9zaXRvcnkyMDg3NDI2OTI=,2019-09-16T07:57:39Z,2026-04-29T09:12:17Z,2026-04-29T09:12:12Z,28401,True,public-demos,ImFusionGmbH/public-demos,git@github.com:ImFusionGmbH/public-demos.git,32
MDEwOlJlcG9zaXRvcnkyMDg3MDkwODI=,2019-09-16T04:23:46Z,2026-04-28T07:59:13Z,2026-04-28T07:59:09Z,75717,False,device_lge_g4-common,aoleary/device_lge_g4-common,git@github.com:aoleary/device_lge_g4-common.git,8
MDEwOlJlcG9zaXRvcnkyMDg2MjU1MzE=,2019-09-15T16:49:53Z,2026-04-18T08:52:25Z,2026-04-18T08:51:56Z,515906,False,oc,awolven/oc,git@github.com:awolven/oc.git,15
MDEwOlJlcG9zaXRvcnkyMDg1OTMwNDA=,2019-09-15T12:46:22Z,2026-03-06T08:38:26Z,2026-03-06T08:38:53Z,18,False,custom_int,AndersHogqvist/custom_int,git@github.com:AndersHogqvist/custom_int.git,0
MDEwOlJlcG9zaXRvcnkyMDg1ODU3ODQ=,2019-09-15T11:46:12Z,2026-03-06T10:11:23Z,2026-03-06T10:11:19Z,3002,False,mo65x,rjaremczak/mo65x,git@github.com:rjaremczak/mo65x.git,5
MDEwOlJlcG9zaXRvcnkyMDg1ODUyNTg=,2019-09-15T11:41:24Z,2026-04-25T06:19:01Z,2026-05-06T10:25:05Z,5361,False,BaKGL,xavieran/BaKGL,git@github.com:xavieran/BaKGL.git,61
MDEwOlJlcG9zaXRvcnkyMDg1MzY0NDk=,2019-09-15T03:28:32Z,2026-04-13T21:48:11Z,2026-04-20T16:07:12Z,143980,True,NoSpherA2,AK-Kleemiss/NoSpherA2,git@github.com:AK-Kleemiss/NoSpherA2.git,13
MDEwOlJlcG9zaXRvcnkyMDg1MDk4ODg=,2019-09-14T22:08:30Z,2026-05-07T02:28:37Z,2026-05-07T10:55:37Z,62969,True,dosbox-staging,dosbox-staging/dosbox-staging,git@github.com:dosbox-staging/dosbox-staging.git,1698
MDEwOlJlcG9zaXRvcnkyMDg0OTgwMzA=,2019-09-14T20:12:48Z,2026-05-03T11:29:14Z,2026-05-03T11:29:11Z,178497,False,sf,santaclose/sf,git@github.com:santaclose/sf.git,8
MDEwOlJlcG9zaXRvcnkyMDg0NDMxMjM=,2019-09-14T13:19:10Z,2026-04-04T13:07:25Z,2026-04-04T13:07:21Z,105,False,benchMark,lionel-git/benchMark,git@github.com:lionel-git/benchMark.git,0
MDEwOlJlcG9zaXRvcnkyMDg0MjE4MDU=,2019-09-14T10:03:36Z,2026-04-20T21:35:13Z,2026-04-20T21:41:06Z,634,False,audmes,swwa/audmes,git@github.com:swwa/audmes.git,14
MDEwOlJlcG9zaXRvcnkyMDg0MTE0NDA=,2019-09-14T08:27:14Z,2026-05-06T08:17:42Z,2026-04-07T23:53:27Z,455,False,ESP32-BLE-Gamepad,lemmingDev/ESP32-BLE-Gamepad,git@github.com:lemmingDev/ESP32-BLE-Gamepad.git,1514
MDEwOlJlcG9zaXRvcnkyMDgzNzYxNDA=,2019-09-14T02:09:23Z,2026-05-04T23:08:18Z,2026-05-04T23:08:15Z,440,False,cp,sammochen/cp,git@github.com:sammochen/cp.git,0
MDEwOlJlcG9zaXRvcnkyMDgzMjUwMjc=,2019-09-13T18:37:40Z,2026-05-07T10:26:14Z,2026-05-05T04:12:34Z,476627,False,ESP32Marauder,justcallmekoko/ESP32Marauder,git@github.com:justcallmekoko/ESP32Marauder.git,10709
MDEwOlJlcG9zaXRvcnkyMDgzMTMwMTA=,2019-09-13T17:24:52Z,2026-05-06T13:01:04Z,2026-03-12T05:34:23Z,59079,True,HugeCTR,NVIDIA-Merlin/HugeCTR,git@github.com:NVIDIA-Merlin/HugeCTR.git,1060
MDEwOlJlcG9zaXRvcnkyMDgyOTQyNjU=,2019-09-13T15:34:44Z,2026-04-23T10:53:59Z,2026-04-23T10:56:47Z,410,True,extension-iac,defold/extension-iac,git@github.com:defold/extension-iac.git,7
MDEwOlJlcG9zaXRvcnkyMDgyODU0MzE=,2019-09-13T14:50:39Z,2026-03-13T12:58:38Z,2026-03-13T12:58:36Z,106,True,drivers-modbus,tidewise/drivers-modbus,git@github.com:tidewise/drivers-modbus.git,0
MDEwOlJlcG9zaXRvcnkyMDgyNjE1ODk=,2019-09-13T12:36:49Z,2026-04-18T18:08:50Z,2026-03-19T10:17:12Z,6015,False,occurity,muldjord/occurity,git@github.com:muldjord/occurity.git,14
MDEwOlJlcG9zaXRvcnkyMDgyMTk1NDQ=,2019-09-13T07:49:14Z,2026-04-15T10:41:23Z,2026-04-15T10:41:16Z,226,False,leonlog,leonleeann/leonlog,git@github.com:leonleeann/leonlog.git,0
MDEwOlJlcG9zaXRvcnkyMDgyMTkxNzA=,2019-09-13T07:47:04Z,2026-04-05T17:24:28Z,2026-05-06T08:31:31Z,164201,False,FireCore,ProkopHapala/FireCore,git@github.com:ProkopHapala/FireCore.git,7
MDEwOlJlcG9zaXRvcnkyMDgyMTM0NTY=,2019-09-13T07:06:23Z,2026-03-09T03:52:07Z,2026-03-09T03:52:04Z,514,False,IPGeolocation,dushyantahuja/IPGeolocation,git@github.com:dushyantahuja/IPGeolocation.git,5
MDEwOlJlcG9zaXRvcnkyMDgxNzMwNTU=,2019-09-13T01:07:17Z,2026-05-06T06:57:11Z,2026-05-06T06:57:12Z,23562,True,green_qt,Blockstream/green_qt,git@github.com:Blockstream/green_qt.git,253
MDEwOlJlcG9zaXRvcnkyMDgxNzI2Mzg=,2019-09-13T01:03:55Z,2026-04-24T14:48:17Z,2026-04-19T02:29:58Z,655453,False,OpenFusionExamples,defisym/OpenFusionExamples,git@github.com:defisym/OpenFusionExamples.git,52
MDEwOlJlcG9zaXRvcnkyMDgxNDUxMjg=,2019-09-12T20:57:39Z,2026-05-07T00:37:56Z,2026-05-07T11:35:08Z,280965,True,iree,iree-org/iree,git@github.com:iree-org/iree.git,3748
MDEwOlJlcG9zaXRvcnkyMDgxMTg3Mjc=,2019-09-12T18:28:30Z,2026-05-07T07:46:53Z,2026-05-07T07:46:49Z,13687,True,json,boostorg/json,git@github.com:boostorg/json.git,476
MDEwOlJlcG9zaXRvcnkyMDgwODU3NzY=,2019-09-12T15:38:46Z,2026-03-02T19:10:45Z,2026-03-02T19:10:41Z,135,False,SysprogsProfilerFramework,sysprogs/SysprogsProfilerFramework,git@github.com:sysprogs/SysprogsProfilerFramework.git,5
MDEwOlJlcG9zaXRvcnkyMDgwODE3NTA=,2019-09-12T15:19:30Z,2026-05-03T03:42:23Z,2026-04-11T00:40:31Z,35995,False,DDCToolbox,timschneeb/DDCToolbox,git@github.com:timschneeb/DDCToolbox.git,184
MDEwOlJlcG9zaXRvcnkyMDgwNzMwODg=,2019-09-12T14:39:02Z,2026-05-07T07:09:09Z,2026-05-04T10:30:58Z,234699,True,qmapshack,Maproom/qmapshack,git@github.com:Maproom/qmapshack.git,390
MDEwOlJlcG9zaXRvcnkyMDgwNDgwOTU=,2019-09-12T12:38:53Z,2026-04-11T08:42:59Z,2026-05-07T10:35:03Z,239789,False,Simbody01,spirilaurentiu/Simbody01,git@github.com:spirilaurentiu/Simbody01.git,1
MDEwOlJlcG9zaXRvcnkyMDgwMDQxNjc=,2019-09-12T08:42:25Z,2026-03-25T03:41:08Z,2026-03-25T03:41:03Z,87671,False,numerical,fujis/numerical,git@github.com:fujis/numerical.git,14
MDEwOlJlcG9zaXRvcnkyMDc5NTE2NjA=,2019-09-12T02:54:16Z,2026-04-21T16:35:09Z,2026-04-07T18:15:09Z,8308,True,GEM,large-scale-gxe-methods/GEM,git@github.com:large-scale-gxe-methods/GEM.git,21
MDEwOlJlcG9zaXRvcnkyMDc5NDE0MTU=,2019-09-12T01:48:33Z,2026-04-29T16:29:27Z,2026-04-29T16:29:23Z,267,False,CppWebServer,dtorban/CppWebServer,git@github.com:dtorban/CppWebServer.git,0
MDEwOlJlcG9zaXRvcnkyMDc5MjI2OTA=,2019-09-11T23:13:26Z,2026-03-29T00:18:00Z,2026-03-26T20:46:59Z,500,True,buildfarm_perf_tests,ros2/buildfarm_perf_tests,git@github.com:ros2/buildfarm_perf_tests.git,25
MDEwOlJlcG9zaXRvcnkyMDc4OTI2NzE=,2019-09-11T19:40:05Z,2026-03-28T17:16:27Z,2026-03-28T17:16:23Z,47,False,magic-square-of-squares,LorenzoM1997/magic-square-of-squares,git@github.com:LorenzoM1997/magic-square-of-squares.git,0
MDEwOlJlcG9zaXRvcnkyMDc4NjE0NDE=,2019-09-11T16:48:52Z,2026-03-04T19:08:27Z,2026-03-04T19:08:22Z,1455,False,ElectraWifi,giladger/ElectraWifi,git@github.com:giladger/ElectraWifi.git,34
MDEwOlJlcG9zaXRvcnkyMDc4NDQ1MjI=,2019-09-11T15:22:29Z,2026-03-11T21:04:03Z,2026-03-11T21:03:58Z,538,False,vlibs2,elapidae/vlibs2,git@github.com:elapidae/vlibs2.git,3
MDEwOlJlcG9zaXRvcnkyMDc4MzMyODM=,2019-09-11T14:31:51Z,2026-03-18T04:33:54Z,2026-03-18T04:33:51Z,498,False,ILI9341_t3_controls,KrisKasprzak/ILI9341_t3_controls,git@github.com:KrisKasprzak/ILI9341_t3_controls.git,34
MDEwOlJlcG9zaXRvcnkyMDc4MzA5NTI=,2019-09-11T14:21:41Z,2026-03-28T12:12:30Z,2026-05-06T13:10:53Z,257545,True,GasSourceLocalization,MAPIRlab/GasSourceLocalization,git@github.com:MAPIRlab/GasSourceLocalization.git,35
MDEwOlJlcG9zaXRvcnkyMDc3NjA5NjE=,2019-09-11T08:22:33Z,2026-05-06T21:23:20Z,2026-04-26T10:48:32Z,13712,False,beezer,Teknomancer/beezer,git@github.com:Teknomancer/beezer.git,4
MDEwOlJlcG9zaXRvcnkyMDc3NTgwNjQ=,2019-09-11T08:07:47Z,2026-04-26T10:25:12Z,2026-04-26T10:25:00Z,6443,False,xank,Teknomancer/xank,git@github.com:Teknomancer/xank.git,1
MDEwOlJlcG9zaXRvcnkyMDc3NTY0OTE=,2019-09-11T07:59:48Z,2026-04-26T10:47:04Z,2026-04-26T10:46:58Z,4490,False,beconverter,Teknomancer/beconverter,git@github.com:Teknomancer/beconverter.git,1
MDEwOlJlcG9zaXRvcnkyMDc3NTU5MDk=,2019-09-11T07:57:02Z,2026-04-26T10:39:08Z,2026-04-26T10:39:03Z,12,False,snake,Teknomancer/snake,git@github.com:Teknomancer/snake.git,1
MDEwOlJlcG9zaXRvcnkyMDc3Mjg4NzE=,2019-09-11T05:16:39Z,2026-05-04T01:43:10Z,2026-05-01T00:53:53Z,36429,False,emhash,ktprime/emhash,git@github.com:ktprime/emhash.git,707
MDEwOlJlcG9zaXRvcnkyMDc3MjUyNDY=,2019-09-11T04:46:43Z,2026-05-06T20:18:27Z,2026-05-06T20:18:13Z,56942,False,fierymud,stridera/fierymud,git@github.com:stridera/fierymud.git,4
MDEwOlJlcG9zaXRvcnkyMDc3MDgxOTM=,2019-09-11T02:45:49Z,2026-03-15T16:44:06Z,2026-03-15T16:44:03Z,3489,False,Competitive-programing,xtail123/Competitive-programing,git@github.com:xtail123/Competitive-programing.git,0
MDEwOlJlcG9zaXRvcnkyMDc3MDE3NjU=,2019-09-11T02:05:16Z,2026-04-08T08:26:54Z,2026-04-08T08:26:46Z,17,False,iot_water,thien1407575/iot_water,git@github.com:thien1407575/iot_water.git,0
MDEwOlJlcG9zaXRvcnkyMDc2NjMyMzU=,2019-09-10T21:06:59Z,2026-05-07T08:47:54Z,2026-04-01T22:46:00Z,10405,True,bustub,cmu-db/bustub,git@github.com:cmu-db/bustub.git,4963
MDEwOlJlcG9zaXRvcnkyMDc2NjIwOTk=,2019-09-10T20:59:44Z,2026-03-02T14:07:16Z,2026-03-02T14:05:50Z,3329,False,transfinite,salvipeter/transfinite,git@github.com:salvipeter/transfinite.git,7
MDEwOlJlcG9zaXRvcnkyMDc2NTUyMTM=,2019-09-10T20:19:07Z,2026-04-22T08:52:16Z,2026-04-06T07:25:50Z,23937,True,operon,heal-research/operon,git@github.com:heal-research/operon.git,205
MDEwOlJlcG9zaXRvcnkyMDc2NTE5NDI=,2019-09-10T20:00:12Z,2026-05-07T09:04:03Z,2026-03-24T17:01:42Z,9166,False,nekrsExamples,yslan/nekrsExamples,git@github.com:yslan/nekrsExamples.git,4
MDEwOlJlcG9zaXRvcnkyMDc2MTk0NzQ=,2019-09-10T17:16:36Z,2026-04-30T14:47:01Z,2026-04-30T14:46:54Z,478,False,audiomove,jfriesne/audiomove,git@github.com:jfriesne/audiomove.git,8
MDEwOlJlcG9zaXRvcnkyMDc1NTI2NDE=,2019-09-10T12:24:52Z,2026-04-14T01:38:23Z,2026-03-12T15:23:09Z,13526,True,norm,USNavalResearchLaboratory/norm,git@github.com:USNavalResearchLaboratory/norm.git,113
MDEwOlJlcG9zaXRvcnkyMDc1MTc3MzQ=,2019-09-10T09:27:36Z,2026-04-23T00:31:36Z,2026-04-21T14:20:02Z,129143,True,open62541pp,open62541pp/open62541pp,git@github.com:open62541pp/open62541pp.git,185
MDEwOlJlcG9zaXRvcnkyMDc0NTk0MTM=,2019-09-10T03:42:54Z,2026-04-16T19:04:41Z,2026-04-16T19:04:36Z,40,False,arduino,adiumx/arduino,git@github.com:adiumx/arduino.git,0
MDEwOlJlcG9zaXRvcnkyMDc0NTUxMDE=,2019-09-10T03:13:59Z,2026-04-16T08:31:57Z,2026-04-16T08:31:53Z,6541,True,shirakami,project-tsurugi/shirakami,git@github.com:project-tsurugi/shirakami.git,6
MDEwOlJlcG9zaXRvcnkyMDc0MTIyODI=,2019-09-09T21:57:46Z,2026-05-04T15:17:32Z,2026-05-04T12:44:20Z,238960,True,oneCCL,uxlfoundation/oneCCL,git@github.com:uxlfoundation/oneCCL.git,264
MDEwOlJlcG9zaXRvcnkyMDczNjM0NjY=,2019-09-09T17:16:49Z,2026-05-06T16:51:42Z,2026-05-04T21:34:02Z,42421,True,llvm-propeller,google/llvm-propeller,git@github.com:google/llvm-propeller.git,517
MDEwOlJlcG9zaXRvcnkyMDczNTE5Mjc=,2019-09-09T16:16:47Z,2026-03-19T00:38:37Z,2026-03-19T00:38:32Z,2182,True,protolib,USNavalResearchLaboratory/protolib,git@github.com:USNavalResearchLaboratory/protolib.git,31
MDEwOlJlcG9zaXRvcnkyMDczNDI4NzQ=,2019-09-09T15:32:50Z,2026-04-08T14:17:24Z,2026-04-28T18:44:53Z,1385,False,IBDMap,rjbohlender/IBDMap,git@github.com:rjbohlender/IBDMap.git,0
MDEwOlJlcG9zaXRvcnkyMDczMTU1Mjg=,2019-09-09T13:28:00Z,2026-04-29T09:42:02Z,2026-04-29T09:41:58Z,622,False,pmp,lucmann/pmp,git@github.com:lucmann/pmp.git,0
MDEwOlJlcG9zaXRvcnkyMDczMTE5NTI=,2019-09-09T13:10:45Z,2026-03-16T13:25:59Z,2026-03-16T13:25:54Z,18,False,lib-yaapt,knifter/lib-yaapt,git@github.com:knifter/lib-yaapt.git,0
MDEwOlJlcG9zaXRvcnkyMDcyNTU5NDg=,2019-09-09T07:59:51Z,2026-05-07T08:46:54Z,2026-05-07T08:46:50Z,2050,True,VlppOS,vczh-libraries/VlppOS,git@github.com:vczh-libraries/VlppOS.git,29
MDEwOlJlcG9zaXRvcnkyMDcyNTU5MzU=,2019-09-09T07:59:48Z,2026-05-07T08:46:56Z,2026-05-07T08:46:51Z,1967,True,VlppRegex,vczh-libraries/VlppRegex,git@github.com:vczh-libraries/VlppRegex.git,12
MDEwOlJlcG9zaXRvcnkyMDcyNTU5MjE=,2019-09-09T07:59:43Z,2026-05-01T09:19:20Z,2026-05-01T09:19:16Z,2165,True,VlppParser,vczh-libraries/VlppParser,git@github.com:vczh-libraries/VlppParser.git,11
MDEwOlJlcG9zaXRvcnkyMDcyNTU5MTA=,2019-09-09T07:59:38Z,2026-05-07T08:46:57Z,2026-05-07T08:46:54Z,2625,True,VlppReflection,vczh-libraries/VlppReflection,git@github.com:vczh-libraries/VlppReflection.git,14
MDEwOlJlcG9zaXRvcnkyMDcyNDUwOTI=,2019-09-09T07:00:39Z,2026-05-07T10:43:52Z,2026-05-06T12:39:57Z,170324,False,duckstation,stenzek/duckstation,git@github.com:stenzek/duckstation.git,10112
MDEwOlJlcG9zaXRvcnkyMDcyMzg4ODk=,2019-09-09T06:24:48Z,2026-05-07T05:36:57Z,2026-05-07T06:18:05Z,3248065,True,widelands,widelands/widelands,git@github.com:widelands/widelands.git,2806
MDEwOlJlcG9zaXRvcnkyMDcxOTAyODQ=,2019-09-09T00:10:56Z,2026-04-30T16:32:01Z,2026-05-06T15:37:46Z,5639,False,madc,derekbsnider/madc,git@github.com:derekbsnider/madc.git,1
MDEwOlJlcG9zaXRvcnkyMDcxMjAyMzI=,2019-09-08T13:55:11Z,2026-04-16T06:08:13Z,2026-03-17T18:32:00Z,1234700,False,ChromaEngine,ChrisTwaitees/ChromaEngine,git@github.com:ChrisTwaitees/ChromaEngine.git,11
MDEwOlJlcG9zaXRvcnkyMDcxMTgxOTg=,2019-09-08T13:39:59Z,2026-04-06T03:07:11Z,2026-04-06T03:07:07Z,29354,False,meshoui,mittpat/meshoui,git@github.com:mittpat/meshoui.git,0
MDEwOlJlcG9zaXRvcnkyMDcwOTQ1NTY=,2019-09-08T10:12:40Z,2026-04-11T05:35:59Z,2026-04-11T05:35:56Z,23,False,Duplex-Communication,rajdeepbaruah/Duplex-Communication,git@github.com:rajdeepbaruah/Duplex-Communication.git,0
MDEwOlJlcG9zaXRvcnkyMDcwNjcxODA=,2019-09-08T05:38:52Z,2026-03-31T11:28:02Z,2026-04-02T02:45:17Z,6055,True,android_device_nokia_sdm660-common,LineageOS/android_device_nokia_sdm660-common,git@github.com:LineageOS/android_device_nokia_sdm660-common.git,11
MDEwOlJlcG9zaXRvcnkyMDcwMTA1MzM=,2019-09-07T18:36:10Z,2026-04-02T10:36:28Z,2026-04-02T10:36:24Z,233,False,clife,lisu188/clife,git@github.com:lisu188/clife.git,0
MDEwOlJlcG9zaXRvcnkyMDY5ODgzMTg=,2019-09-07T15:33:27Z,2026-04-30T18:24:57Z,2026-05-02T15:50:58Z,2937,True,arjun,meelgroup/arjun,git@github.com:meelgroup/arjun.git,27
MDEwOlJlcG9zaXRvcnkyMDY5NzE4NzY=,2019-09-07T13:26:24Z,2026-04-02T17:12:51Z,2026-04-02T17:12:47Z,26,False,kidsmp3player-YX5300,mneuschaefer/kidsmp3player-YX5300,git@github.com:mneuschaefer/kidsmp3player-YX5300.git,0
MDEwOlJlcG9zaXRvcnkyMDY5NjExMTY=,2019-09-07T11:53:45Z,2026-03-27T09:31:47Z,2026-04-27T19:46:43Z,4572,True,ecmc,epics-modules/ecmc,git@github.com:epics-modules/ecmc.git,32
MDEwOlJlcG9zaXRvcnkyMDY5NjA5MDE=,2019-09-07T11:51:48Z,2026-05-02T21:28:52Z,2026-05-05T07:29:28Z,2387,False,MultiThreaded-Socket,DrLk/MultiThreaded-Socket,git@github.com:DrLk/MultiThreaded-Socket.git,0
MDEwOlJlcG9zaXRvcnkyMDY5NTA1MDE=,2019-09-07T10:11:21Z,2026-04-25T09:04:36Z,2026-04-25T09:04:31Z,91,False,education_repo,ivankochin/education_repo,git@github.com:ivankochin/education_repo.git,1
MDEwOlJlcG9zaXRvcnkyMDY5NDYzNzE=,2019-09-07T09:33:40Z,2026-05-06T23:54:18Z,2026-05-07T09:57:39Z,38554,True,ton,ton-blockchain/ton,git@github.com:ton-blockchain/ton.git,3975
MDEwOlJlcG9zaXRvcnkyMDY4Nzk1NzQ=,2019-09-06T21:54:59Z,2026-04-14T18:43:27Z,2026-05-05T23:51:25Z,87030,True,app-bundle-samples,android/app-bundle-samples,git@github.com:android/app-bundle-samples.git,734
MDEwOlJlcG9zaXRvcnkyMDY4MzU4MDY=,2019-09-06T16:41:11Z,2026-05-04T23:44:07Z,2026-05-06T17:47:44Z,5648,True,pono,stanford-centaur/pono,git@github.com:stanford-centaur/pono.git,122
MDEwOlJlcG9zaXRvcnkyMDY4MDQyMzU=,2019-09-06T13:51:58Z,2026-05-03T13:15:20Z,2026-05-03T13:15:16Z,1696,False,StoppingMuonSelection,neutrinos93/StoppingMuonSelection,git@github.com:neutrinos93/StoppingMuonSelection.git,0
MDEwOlJlcG9zaXRvcnkyMDY3OTEzMjg=,2019-09-06T12:41:23Z,2026-05-07T09:29:42Z,2026-05-07T07:14:48Z,32556,True,highway,google/highway,git@github.com:google/highway.git,5494
MDEwOlJlcG9zaXRvcnkyMDY3NjQ5NzQ=,2019-09-06T09:53:54Z,2026-05-06T11:00:03Z,2026-05-06T12:55:09Z,115845,True,qtquick3d,qt/qtquick3d,git@github.com:qt/qtquick3d.git,72
MDEwOlJlcG9zaXRvcnkyMDY3NTIyODA=,2019-09-06T08:45:10Z,2026-05-05T04:30:30Z,2026-05-05T04:30:26Z,994,False,misc,kaz-mac/misc,git@github.com:kaz-mac/misc.git,2
MDEwOlJlcG9zaXRvcnkyMDY3MjQ5NTg=,2019-09-06T06:09:12Z,2026-04-20T14:54:12Z,2026-04-03T06:50:18Z,243,True,rtklib_ros_bridge,MapIV/rtklib_ros_bridge,git@github.com:MapIV/rtklib_ros_bridge.git,119
MDEwOlJlcG9zaXRvcnkyMDY3MTk4NDc=,2019-09-06T05:32:14Z,2026-03-16T08:00:01Z,2026-03-16T07:59:56Z,1256,False,qtorm,dpurgin/qtorm,git@github.com:dpurgin/qtorm.git,42
MDEwOlJlcG9zaXRvcnkyMDY2NzYxNzk=,2019-09-05T23:49:34Z,2026-04-28T03:54:28Z,2026-04-28T03:54:24Z,1114,False,latrunculi,zm-bm/latrunculi,git@github.com:zm-bm/latrunculi.git,1
MDEwOlJlcG9zaXRvcnkyMDY2NzI4MzA=,2019-09-05T23:17:32Z,2026-05-05T06:35:55Z,2026-04-27T22:13:00Z,730,False,rs_asio,mdias/rs_asio,git@github.com:mdias/rs_asio.git,1535
MDEwOlJlcG9zaXRvcnkyMDY2NTgyNTI=,2019-09-05T21:12:27Z,2026-03-30T09:16:30Z,2026-03-30T09:16:21Z,84,False,LRembedded,hillwithsmallfields/LRembedded,git@github.com:hillwithsmallfields/LRembedded.git,0
MDEwOlJlcG9zaXRvcnkyMDY2NDA1NjU=,2019-09-05T19:22:25Z,2026-04-24T14:57:00Z,2026-04-24T15:46:44Z,172,False,vstd,lisu188/vstd,git@github.com:lisu188/vstd.git,0
MDEwOlJlcG9zaXRvcnkyMDY2Mzk2Mzc=,2019-09-05T19:16:37Z,2026-04-30T08:26:26Z,2026-04-30T08:26:21Z,117475,False,fall-of-nouraajd,lisu188/fall-of-nouraajd,git@github.com:lisu188/fall-of-nouraajd.git,0
MDEwOlJlcG9zaXRvcnkyMDY1Njk2MzU=,2019-09-05T13:23:29Z,2026-04-16T08:37:21Z,2026-04-16T08:49:53Z,185,False,harbour-tekstitv,pinniini/harbour-tekstitv,git@github.com:pinniini/harbour-tekstitv.git,2
MDEwOlJlcG9zaXRvcnkyMDY1NDQ4OTg=,2019-09-05T11:13:15Z,2026-04-14T09:42:00Z,2026-04-14T09:41:54Z,33,False,experiments,kogotto/experiments,git@github.com:kogotto/experiments.git,0
MDEwOlJlcG9zaXRvcnkyMDY0NjE4NzU=,2019-09-05T02:56:03Z,2026-03-16T13:21:48Z,2026-03-16T13:21:44Z,271851,False,cplusplus-projects,MinbinGong/cplusplus-projects,git@github.com:MinbinGong/cplusplus-projects.git,0
MDEwOlJlcG9zaXRvcnkyMDY0MjEzOTM=,2019-09-04T21:51:21Z,2026-03-10T11:36:11Z,2026-03-10T11:36:06Z,1977,False,lf-os_amd64,LittleFox94/lf-os_amd64,git@github.com:LittleFox94/lf-os_amd64.git,47
MDEwOlJlcG9zaXRvcnkyMDY0MTg2NTU=,2019-09-04T21:35:44Z,2026-04-15T20:02:05Z,2026-04-15T20:01:59Z,9006,True,device_xiaomi_sm6150-common,DerpFest-Devices/device_xiaomi_sm6150-common,git@github.com:DerpFest-Devices/device_xiaomi_sm6150-common.git,27
MDEwOlJlcG9zaXRvcnkyMDYzNzI2MTQ=,2019-09-04T17:15:47Z,2026-05-06T20:07:18Z,2026-05-06T20:26:16Z,37481,True,TileDB-VCF,TileDB-Inc/TileDB-VCF,git@github.com:TileDB-Inc/TileDB-VCF.git,108
MDEwOlJlcG9zaXRvcnkyMDYzNjA2NDk=,2019-09-04T16:10:15Z,2026-04-23T17:21:37Z,2026-04-03T08:11:53Z,9864,False,blobbyvolley2,danielknobe/blobbyvolley2,git@github.com:danielknobe/blobbyvolley2.git,191
MDEwOlJlcG9zaXRvcnkyMDYzNTM2MTU=,2019-09-04T15:35:46Z,2026-04-25T17:23:44Z,2026-04-25T17:23:41Z,3066,False,CompetitiveProgramming,farmerboy95/CompetitiveProgramming,git@github.com:farmerboy95/CompetitiveProgramming.git,8
MDEwOlJlcG9zaXRvcnkyMDYzMDY2MDA=,2019-09-04T11:47:07Z,2026-04-26T11:59:10Z,2026-04-16T10:53:28Z,734976,True,autenticacao.gov,amagovpt/autenticacao.gov,git@github.com:amagovpt/autenticacao.gov.git,218
MDEwOlJlcG9zaXRvcnkyMDYzMDE2MzQ=,2019-09-04T11:18:09Z,2026-03-30T09:11:59Z,2026-04-23T10:41:21Z,9881,True,needle,seqan/needle,git@github.com:seqan/needle.git,14
MDEwOlJlcG9zaXRvcnkyMDYyODMyNDc=,2019-09-04T09:32:53Z,2026-04-01T04:42:29Z,2026-04-14T12:23:24Z,117,True,nymea-gpio,nymea/nymea-gpio,git@github.com:nymea/nymea-gpio.git,1
MDEwOlJlcG9zaXRvcnkyMDYxNzM3MTY=,2019-09-03T21:15:20Z,2026-04-26T15:33:38Z,2026-04-03T23:04:57Z,61108,False,DGGRID,sahrk/DGGRID,git@github.com:sahrk/DGGRID.git,103
MDEwOlJlcG9zaXRvcnkyMDYxNjU2NDk=,2019-09-03T20:22:50Z,2026-05-06T14:29:35Z,2026-05-06T20:19:11Z,1216454,True,Uintah,Uintah/Uintah,git@github.com:Uintah/Uintah.git,69
MDEwOlJlcG9zaXRvcnkyMDYxNjQ1MTM=,2019-09-03T20:15:49Z,2026-05-06T18:30:21Z,2026-05-06T18:30:16Z,233,True,rmw_dds_common,ros2/rmw_dds_common,git@github.com:ros2/rmw_dds_common.git,14
MDEwOlJlcG9zaXRvcnkyMDYxNTgwMDI=,2019-09-03T19:36:22Z,2026-05-01T16:39:10Z,2026-05-05T16:49:23Z,135954,False,seq66,ahlstromcj/seq66,git@github.com:ahlstromcj/seq66.git,184
MDEwOlJlcG9zaXRvcnkyMDYxMzA5Mjc=,2019-09-03T17:11:52Z,2026-05-04T07:31:33Z,2026-05-04T07:31:29Z,746052,False,niar,miyehn/niar,git@github.com:miyehn/niar.git,12
MDEwOlJlcG9zaXRvcnkyMDYwMjY3ODE=,2019-09-03T08:24:13Z,2026-03-22T15:27:55Z,2026-03-22T15:27:51Z,56640,False,portfolio-robotics,cjakabos/portfolio-robotics,git@github.com:cjakabos/portfolio-robotics.git,0
MDEwOlJlcG9zaXRvcnkyMDYwMTIxMTE=,2019-09-03T07:10:05Z,2026-04-10T03:00:51Z,2026-04-10T03:00:48Z,24738,False,leela,iaswtw/leela,git@github.com:iaswtw/leela.git,0
MDEwOlJlcG9zaXRvcnkyMDU5MjU1NDU=,2019-09-02T19:43:16Z,2026-04-04T00:24:02Z,2026-05-07T09:46:11Z,3157,True,OpenGeode-Geosciences,Geode-solutions/OpenGeode-Geosciences,git@github.com:Geode-solutions/OpenGeode-Geosciences.git,21
MDEwOlJlcG9zaXRvcnkyMDU4ODQ3NzI=,2019-09-02T15:22:18Z,2026-05-04T14:56:18Z,2026-05-04T14:56:13Z,1907,True,pylon-ros-camera,basler/pylon-ros-camera,git@github.com:basler/pylon-ros-camera.git,186
MDEwOlJlcG9zaXRvcnkyMDU4NzkzODA=,2019-09-02T14:54:18Z,2026-04-30T13:31:49Z,2026-05-06T13:21:47Z,40126,True,mt-kahypar,kahypar/mt-kahypar,git@github.com:kahypar/mt-kahypar.git,180
MDEwOlJlcG9zaXRvcnkyMDU4NzkxOTQ=,2019-09-02T14:53:21Z,2026-05-06T15:35:33Z,2026-05-06T15:40:12Z,21768,False,algorithm-training,changicho/algorithm-training,git@github.com:changicho/algorithm-training.git,45
MDEwOlJlcG9zaXRvcnkyMDU4Nzg1NjE=,2019-09-02T14:50:06Z,2026-04-28T01:01:19Z,2026-04-18T23:22:50Z,18400,False,colm-suite,adrian-thurston/colm-suite,git@github.com:adrian-thurston/colm-suite.git,209
MDEwOlJlcG9zaXRvcnkyMDU4NDU2NDE=,2019-09-02T11:49:09Z,2026-05-07T02:00:07Z,2026-05-07T02:00:09Z,1930,True,cg-cfd-js,cryptogarageinc/cg-cfd-js,git@github.com:cryptogarageinc/cg-cfd-js.git,0
MDEwOlJlcG9zaXRvcnkyMDU4MDg0Mjk=,2019-09-02T08:12:49Z,2026-05-01T16:55:10Z,2026-05-01T16:55:04Z,498,False,LIB.Utils,SergeyMSV/LIB.Utils,git@github.com:SergeyMSV/LIB.Utils.git,0
MDEwOlJlcG9zaXRvcnkyMDU4MDUwNTk=,2019-09-02T07:54:21Z,2026-05-06T12:56:41Z,2026-05-06T12:56:37Z,7106,False,trivials,chjfth/trivials,git@github.com:chjfth/trivials.git,2
MDEwOlJlcG9zaXRvcnkyMDU3OTU4NDk=,2019-09-02T07:00:21Z,2026-04-28T10:01:14Z,2026-04-28T10:01:01Z,51959,False,Arduino,Bugrabugra/Arduino,git@github.com:Bugrabugra/Arduino.git,0
MDEwOlJlcG9zaXRvcnkyMDU3NjYxMjQ=,2019-09-02T02:56:40Z,2026-05-06T20:55:33Z,2026-05-06T20:55:28Z,1011,False,gbwtgraph,jltsiren/gbwtgraph,git@github.com:jltsiren/gbwtgraph.git,33
MDEwOlJlcG9zaXRvcnkyMDU3MzUwODQ=,2019-09-01T21:35:44Z,2026-05-05T21:11:22Z,2026-05-05T21:11:18Z,36969,True,ni-neutrino,neutrino-images/ni-neutrino,git@github.com:neutrino-images/ni-neutrino.git,5
MDEwOlJlcG9zaXRvcnkyMDU3MjcxMTM=,2019-09-01T20:11:06Z,2026-05-07T09:17:16Z,2026-05-06T13:15:54Z,822440,True,ogre-next,OGRECave/ogre-next,git@github.com:OGRECave/ogre-next.git,1339
MDEwOlJlcG9zaXRvcnkyMDU3MjM5ODc=,2019-09-01T19:40:42Z,2026-03-21T21:09:51Z,2026-03-21T21:09:47Z,302,False,lionheart,jahan-addison/lionheart,git@github.com:jahan-addison/lionheart.git,1
MDEwOlJlcG9zaXRvcnkyMDU3MTQ2NzE=,2019-09-01T18:12:57Z,2026-05-07T01:36:53Z,2026-05-07T01:37:04Z,2964,True,OpenImageDebugger,OpenImageDebugger/OpenImageDebugger,git@github.com:OpenImageDebugger/OpenImageDebugger.git,247
MDEwOlJlcG9zaXRvcnkyMDU2MTg4ODg=,2019-09-01T02:21:09Z,2026-05-05T09:37:12Z,2026-04-02T14:40:55Z,2577,True,nestopia,libretro/nestopia,git@github.com:libretro/nestopia.git,73
MDEwOlJlcG9zaXRvcnkyMDU0ODUzMDQ=,2019-08-31T02:41:42Z,2026-04-25T00:44:43Z,2026-04-25T00:44:39Z,467,True,robotraconteur_companion,robotraconteur/robotraconteur_companion,git@github.com:robotraconteur/robotraconteur_companion.git,1
MDEwOlJlcG9zaXRvcnkyMDU0NzY2OTA=,2019-08-31T00:59:27Z,2026-04-30T10:28:56Z,2026-04-27T15:52:35Z,20458,False,TinyRenderEngine,marc-fr/TinyRenderEngine,git@github.com:marc-fr/TinyRenderEngine.git,0
MDEwOlJlcG9zaXRvcnkyMDU0NjE5NTM=,2019-08-30T21:58:25Z,2026-04-22T18:04:27Z,2026-04-14T15:23:15Z,347254,True,mercury,cisco/mercury,git@github.com:cisco/mercury.git,506
MDEwOlJlcG9zaXRvcnkyMDU0NTQwNzg=,2019-08-30T20:42:06Z,2026-04-17T18:32:25Z,2026-04-12T11:02:02Z,103,True,libirm,mull-project/libirm,git@github.com:mull-project/libirm.git,44
MDEwOlJlcG9zaXRvcnkyMDU0Mjc2MDA=,2019-08-30T17:25:29Z,2026-05-07T10:04:10Z,2026-05-07T10:04:07Z,14511,True,che-che4z-lsp-for-hlasm,eclipse-che4z/che-che4z-lsp-for-hlasm,git@github.com:eclipse-che4z/che-che4z-lsp-for-hlasm.git,25
MDEwOlJlcG9zaXRvcnkyMDU0MjQ0NTc=,2019-08-30T17:04:07Z,2026-05-05T20:39:53Z,2026-05-05T20:39:50Z,1607,False,libdelphi,ufocomp/libdelphi,git@github.com:ufocomp/libdelphi.git,2
MDEwOlJlcG9zaXRvcnkyMDU0MDQ5Mzg=,2019-08-30T15:05:31Z,2026-05-06T05:35:47Z,2026-05-06T01:07:41Z,172356,False,fheroes2,ihhub/fheroes2,git@github.com:ihhub/fheroes2.git,3310
MDEwOlJlcG9zaXRvcnkyMDUzMTE2MTg=,2019-08-30T05:36:17Z,2026-04-29T15:59:28Z,2026-04-29T15:55:56Z,7618,False,auto_rec_mini,ysan/auto_rec_mini,git@github.com:ysan/auto_rec_mini.git,6
MDEwOlJlcG9zaXRvcnkyMDUyNTQ2NjY=,2019-08-29T21:39:16Z,2026-03-20T12:36:09Z,2026-03-20T12:36:05Z,3512,False,Portfolio,csmall18/Portfolio,git@github.com:csmall18/Portfolio.git,0
MDEwOlJlcG9zaXRvcnkyMDUyNTM4MTU=,2019-08-29T21:32:41Z,2026-04-30T16:58:27Z,2026-04-30T16:58:21Z,1028,True,stdBLAS,kokkos/stdBLAS,git@github.com:kokkos/stdBLAS.git,161
MDEwOlJlcG9zaXRvcnkyMDUyNDMzOTA=,2019-08-29T20:15:06Z,2026-05-05T04:41:49Z,2026-05-05T04:41:45Z,556,False,highlight-std-headers,dsugiyama/highlight-std-headers,git@github.com:dsugiyama/highlight-std-headers.git,0
MDEwOlJlcG9zaXRvcnkyMDUyMjE0Njk=,2019-08-29T17:59:48Z,2026-05-06T13:53:54Z,2026-05-02T22:11:40Z,5543,False,prosperity,Force67/prosperity,git@github.com:Force67/prosperity.git,318
MDEwOlJlcG9zaXRvcnkyMDUxOTQ5MjM=,2019-08-29T15:33:58Z,2026-04-08T16:07:11Z,2026-04-28T18:45:20Z,2547,True,phosphor-logging,ibm-openbmc/phosphor-logging,git@github.com:ibm-openbmc/phosphor-logging.git,5
MDEwOlJlcG9zaXRvcnkyMDUxOTI2ODk=,2019-08-29T15:22:29Z,2026-04-20T09:52:07Z,2026-04-20T09:52:03Z,434,False,molecular-util,cmdrf/molecular-util,git@github.com:cmdrf/molecular-util.git,0
MDEwOlJlcG9zaXRvcnkyMDUxODkxMzY=,2019-08-29T15:02:43Z,2026-04-30T06:07:46Z,2026-04-30T06:07:43Z,5231,True,compute-engine,larq/compute-engine,git@github.com:larq/compute-engine.git,252
MDEwOlJlcG9zaXRvcnkyMDUwNDYyMTM=,2019-08-29T00:17:13Z,2026-04-06T19:08:38Z,2026-05-01T23:28:17Z,3609,False,doxygen2docset,chinmaygarde/doxygen2docset,git@github.com:chinmaygarde/doxygen2docset.git,26
MDEwOlJlcG9zaXRvcnkyMDUwNDQxOTM=,2019-08-28T23:59:34Z,2026-05-02T20:58:01Z,2026-05-07T03:57:53Z,210155,True,rpp,ROCm/rpp,git@github.com:ROCm/rpp.git,74
MDEwOlJlcG9zaXRvcnkyMDQ5NzAzNTk=,2019-08-28T15:57:43Z,2026-04-27T23:15:17Z,2026-04-27T23:15:13Z,1,False,char-count,valentinpi/char-count,git@github.com:valentinpi/char-count.git,0
MDEwOlJlcG9zaXRvcnkyMDQ5NjgwNjU=,2019-08-28T15:46:21Z,2026-03-22T22:14:06Z,2026-05-05T14:46:02Z,9830,False,aether-game-utils,johnhues/aether-game-utils,git@github.com:johnhues/aether-game-utils.git,8
MDEwOlJlcG9zaXRvcnkyMDQ5NDI4MTQ=,2019-08-28T13:49:18Z,2026-04-06T08:13:41Z,2026-04-06T08:13:37Z,56,True,fpp-brightness,FalconChristmas/fpp-brightness,git@github.com:FalconChristmas/fpp-brightness.git,4
MDEwOlJlcG9zaXRvcnkyMDQ4ODgyMTA=,2019-08-28T08:49:49Z,2026-04-30T16:14:16Z,2026-04-30T16:14:08Z,5938,False,lcdgfx,lexus2k/lcdgfx,git@github.com:lexus2k/lcdgfx.git,442
MDEwOlJlcG9zaXRvcnkyMDQ4MDM2MjY=,2019-08-27T22:52:12Z,2026-03-05T04:29:44Z,2026-05-06T22:57:09Z,52946,True,Resurgence,huskyroboticsteam/Resurgence,git@github.com:huskyroboticsteam/Resurgence.git,23
MDEwOlJlcG9zaXRvcnkyMDQ3ODg0ODA=,2019-08-27T20:51:58Z,2026-03-04T23:31:07Z,2026-03-04T23:31:02Z,2803,False,sootlib,BYUignite/sootlib,git@github.com:BYUignite/sootlib.git,10
MDEwOlJlcG9zaXRvcnkyMDQ3NzQzMzM=,2019-08-27T19:21:39Z,2026-03-29T06:44:12Z,2026-03-29T06:44:09Z,1680,False,homeassistant,poudenes/homeassistant,git@github.com:poudenes/homeassistant.git,11
MDEwOlJlcG9zaXRvcnkyMDQ2NjQ5NjA=,2019-08-27T09:12:03Z,2026-03-06T07:43:38Z,2026-03-02T10:47:25Z,1074,True,IFX007T-Motor-Control,Infineon/IFX007T-Motor-Control,git@github.com:Infineon/IFX007T-Motor-Control.git,35
MDEwOlJlcG9zaXRvcnkyMDQ2NjI4ODQ=,2019-08-27T09:01:28Z,2026-03-06T16:38:18Z,2026-03-06T16:38:13Z,255,False,Units,gwlsrm/Units,git@github.com:gwlsrm/Units.git,0
MDEwOlJlcG9zaXRvcnkyMDQ1OTM4MjU=,2019-08-27T01:31:18Z,2026-05-07T05:41:55Z,2026-05-07T07:55:56Z,34486,True,STL,microsoft/STL,git@github.com:microsoft/STL.git,11045
MDEwOlJlcG9zaXRvcnkyMDQ1NzAwMjI=,2019-08-26T22:08:43Z,2026-05-06T06:38:09Z,2026-05-07T09:31:34Z,5507,False,inkcpp,JBenda/inkcpp,git@github.com:JBenda/inkcpp.git,115
MDEwOlJlcG9zaXRvcnkyMDQ1NTEzNTk=,2019-08-26T19:59:15Z,2026-03-06T00:08:23Z,2026-03-06T00:08:23Z,52,True,drivers-orogen-imu_aceinna_openimu,tidewise/drivers-orogen-imu_aceinna_openimu,git@github.com:tidewise/drivers-orogen-imu_aceinna_openimu.git,0
MDEwOlJlcG9zaXRvcnkyMDQ1MjU4ODM=,2019-08-26T17:21:59Z,2026-05-06T02:05:36Z,2026-05-05T16:51:08Z,3946,False,dxvk-nvapi,jp7677/dxvk-nvapi,git@github.com:jp7677/dxvk-nvapi.git,605
MDEwOlJlcG9zaXRvcnkyMDQ0OTc1NDc=,2019-08-26T14:47:23Z,2026-04-28T17:14:42Z,2026-04-28T17:14:38Z,1135,False,1d1cpp,zrma/1d1cpp,git@github.com:zrma/1d1cpp.git,0
MDEwOlJlcG9zaXRvcnkyMDQ0ODE0MDQ=,2019-08-26T13:27:11Z,2026-04-11T09:00:35Z,2026-04-11T09:00:28Z,807,False,qv,marlam/qv,git@github.com:marlam/qv.git,4
MDEwOlJlcG9zaXRvcnkyMDQ0ODEyMTA=,2019-08-26T13:26:09Z,2026-04-17T19:48:08Z,2026-04-17T19:48:03Z,540,False,tgd,marlam/tgd,git@github.com:marlam/tgd.git,5
MDEwOlJlcG9zaXRvcnkyMDQ0NjQzMzE=,2019-08-26T11:49:12Z,2026-03-30T07:19:51Z,2026-03-30T07:19:47Z,48,True,libbuild2-hello,build2/libbuild2-hello,git@github.com:build2/libbuild2-hello.git,1
MDEwOlJlcG9zaXRvcnkyMDQzOTk2Nzk=,2019-08-26T05:05:31Z,2026-03-02T16:47:43Z,2026-05-01T00:57:09Z,914,False,lucenaBAL,bitweeder/lucenaBAL,git@github.com:bitweeder/lucenaBAL.git,4
MDEwOlJlcG9zaXRvcnkyMDQzNDc1MTE=,2019-08-25T20:41:52Z,2026-03-08T15:40:42Z,2026-03-08T15:40:38Z,150627,False,blacklink,zipper9/blacklink,git@github.com:zipper9/blacklink.git,5
MDEwOlJlcG9zaXRvcnkyMDQzMzczNjE=,2019-08-25T18:59:54Z,2026-05-05T06:46:10Z,2026-05-05T06:46:05Z,2556,False,tll,shramov/tll,git@github.com:shramov/tll.git,11
MDEwOlJlcG9zaXRvcnkyMDQyNzIwNTY=,2019-08-25T09:17:27Z,2026-03-19T21:32:45Z,2026-03-19T22:32:14Z,10922,True,naryn,tanaylab/naryn,git@github.com:tanaylab/naryn.git,3
MDEwOlJlcG9zaXRvcnkyMDQyNjgzODk=,2019-08-25T08:41:10Z,2026-05-06T15:51:56Z,2026-04-29T12:32:49Z,81536,False,Gittyup,Murmele/Gittyup,git@github.com:Murmele/Gittyup.git,2170
MDEwOlJlcG9zaXRvcnkyMDQyNjQxODA=,2019-08-25T07:59:22Z,2026-05-01T09:15:15Z,2026-05-01T09:15:00Z,99078,False,MyGitProject,dannyCaiHaoming/MyGitProject,git@github.com:dannyCaiHaoming/MyGitProject.git,2
MDEwOlJlcG9zaXRvcnkyMDQyMzM4MzM=,2019-08-25T01:59:21Z,2026-03-20T19:44:07Z,2026-03-20T19:43:57Z,16123,False,Quesa,jwwalker/Quesa,git@github.com:jwwalker/Quesa.git,41
MDEwOlJlcG9zaXRvcnkyMDQyMjE0MTI=,2019-08-24T22:55:08Z,2026-04-28T00:48:56Z,2026-04-28T00:48:53Z,226560,True,FNF,FridayNightFight/FNF,git@github.com:FridayNightFight/FNF.git,16
MDEwOlJlcG9zaXRvcnkyMDQyMTQxMjA=,2019-08-24T21:21:43Z,2026-03-18T19:49:42Z,2026-03-18T19:49:40Z,73,True,drivers-orogen-gps_ublox,tidewise/drivers-orogen-gps_ublox,git@github.com:tidewise/drivers-orogen-gps_ublox.git,1
MDEwOlJlcG9zaXRvcnkyMDQxODU1MTk=,2019-08-24T16:48:36Z,2026-04-28T19:39:39Z,2026-04-28T19:39:35Z,1291,False,ftb,FelixBrendel/ftb,git@github.com:FelixBrendel/ftb.git,0
MDEwOlJlcG9zaXRvcnkyMDQxMDYxMjM=,2019-08-24T04:02:43Z,2026-04-22T17:04:09Z,2026-04-22T17:08:09Z,77,True,MMC,slac-epics/MMC,git@github.com:slac-epics/MMC.git,0
MDEwOlJlcG9zaXRvcnkyMDQwNzIxMDg=,2019-08-23T21:26:38Z,2026-04-29T16:34:44Z,2026-03-22T00:59:40Z,1677,False,vessel,anarkiwi/vessel,git@github.com:anarkiwi/vessel.git,34
MDEwOlJlcG9zaXRvcnkyMDQwNDEzMjU=,2019-08-23T17:21:43Z,2026-03-18T08:28:46Z,2026-04-15T18:59:14Z,1569,False,study-notes,wl00887404/study-notes,git@github.com:wl00887404/study-notes.git,1
MDEwOlJlcG9zaXRvcnkyMDQwMDk5ODg=,2019-08-23T14:02:59Z,2026-05-07T08:58:03Z,2026-05-06T20:18:04Z,9223,True,tcmalloc,google/tcmalloc,git@github.com:google/tcmalloc.git,5222
MDEwOlJlcG9zaXRvcnkyMDM5ODg5MTY=,2019-08-23T11:52:17Z,2026-03-17T10:08:16Z,2026-03-17T10:08:12Z,2425,True,TurkishSentiNet-CPP,StarlangSoftware/TurkishSentiNet-CPP,git@github.com:StarlangSoftware/TurkishSentiNet-CPP.git,1
MDEwOlJlcG9zaXRvcnkyMDM4NjU1MDU=,2019-08-22T20:09:08Z,2026-05-03T19:16:52Z,2026-05-03T19:16:45Z,96129,False,F-DDrace,fokkonaut/F-DDrace,git@github.com:fokkonaut/F-DDrace.git,20
MDEwOlJlcG9zaXRvcnkyMDM4NjM3OTU=,2019-08-22T19:57:07Z,2026-03-16T21:45:13Z,2026-03-16T21:53:25Z,27,False,ArduinoIOSim,ivanmari/ArduinoIOSim,git@github.com:ivanmari/ArduinoIOSim.git,0
MDEwOlJlcG9zaXRvcnkyMDM4MzY4NDk=,2019-08-22T16:53:30Z,2026-04-30T03:01:01Z,2026-04-30T03:00:57Z,33089,False,Tiff_STL3,JohnXu28/Tiff_STL3,git@github.com:JohnXu28/Tiff_STL3.git,0
MDEwOlJlcG9zaXRvcnkyMDM4MjM3NjY=,2019-08-22T15:33:30Z,2026-03-24T14:15:34Z,2026-03-27T16:56:47Z,18462,True,DLA-Future,eth-cscs/DLA-Future,git@github.com:eth-cscs/DLA-Future.git,85
MDEwOlJlcG9zaXRvcnkyMDM3ODkyOTk=,2019-08-22T12:20:48Z,2026-05-06T06:06:50Z,2026-05-06T06:06:43Z,531587,False,voronota,kliment-olechnovic/voronota,git@github.com:kliment-olechnovic/voronota.git,41
MDEwOlJlcG9zaXRvcnkyMDM3MzkzMzg=,2019-08-22T07:32:17Z,2026-04-15T11:28:49Z,2026-04-15T11:28:44Z,5474,True,_11l_to_cpp,11l-lang/_11l_to_cpp,git@github.com:11l-lang/_11l_to_cpp.git,11
MDEwOlJlcG9zaXRvcnkyMDM3MzY0MTM=,2019-08-22T07:15:13Z,2026-04-19T17:26:22Z,2026-05-01T22:59:17Z,33584,False,Vapecord-ACNL-Plugin,RedShyGuy/Vapecord-ACNL-Plugin,git@github.com:RedShyGuy/Vapecord-ACNL-Plugin.git,164
MDEwOlJlcG9zaXRvcnkyMDM2ODQxMzg=,2019-08-22T00:26:36Z,2026-05-07T00:42:52Z,2026-05-07T00:42:48Z,50187,False,GuoMuoRuoProject,ibicdlcod/GuoMuoRuoProject,git@github.com:ibicdlcod/GuoMuoRuoProject.git,1
MDEwOlJlcG9zaXRvcnkyMDM2Njc3OTQ=,2019-08-21T21:35:11Z,2026-04-21T06:51:09Z,2026-04-21T06:51:06Z,14078,True,dreamstalker,orpaltech/dreamstalker,git@github.com:orpaltech/dreamstalker.git,0
MDEwOlJlcG9zaXRvcnkyMDM2NjM4MjM=,2019-08-21T21:01:00Z,2026-04-30T13:03:17Z,2026-04-30T13:02:56Z,836,False,LCSF_Generator,jean-roland/LCSF_Generator,git@github.com:jean-roland/LCSF_Generator.git,10
MDEwOlJlcG9zaXRvcnkyMDM2NDg0NzY=,2019-08-21T19:09:58Z,2026-05-07T11:16:55Z,2026-05-05T16:20:18Z,406327,False,GTAIV.EFLC.FusionFix,ThirteenAG/GTAIV.EFLC.FusionFix,git@github.com:ThirteenAG/GTAIV.EFLC.FusionFix.git,2682
MDEwOlJlcG9zaXRvcnkyMDM2MDk5ODc=,2019-08-21T15:12:12Z,2026-05-07T07:00:30Z,2026-04-29T17:49:18Z,36995,True,vpic-kokkos,lanl/vpic-kokkos,git@github.com:lanl/vpic-kokkos.git,63
MDEwOlJlcG9zaXRvcnkyMDM1ODEyOTU=,2019-08-21T12:38:50Z,2026-04-26T08:48:28Z,2026-04-27T22:05:52Z,5525,True,android_device_oneplus_sm8150-common,LineageOS/android_device_oneplus_sm8150-common,git@github.com:LineageOS/android_device_oneplus_sm8150-common.git,24
MDEwOlJlcG9zaXRvcnkyMDM1ODEyMjk=,2019-08-21T12:38:28Z,2026-04-01T17:32:42Z,2026-04-27T07:24:40Z,17464,True,virtio-win-guest-tools-installer,virtio-win/virtio-win-guest-tools-installer,git@github.com:virtio-win/virtio-win-guest-tools-installer.git,171
MDEwOlJlcG9zaXRvcnkyMDM1ODAxOTk=,2019-08-21T12:32:44Z,2026-03-11T16:01:01Z,2026-03-11T16:00:45Z,518,True,robot_interfaces,open-dynamic-robot-initiative/robot_interfaces,git@github.com:open-dynamic-robot-initiative/robot_interfaces.git,26
MDEwOlJlcG9zaXRvcnkyMDM1NTQxMjc=,2019-08-21T09:43:46Z,2026-03-29T16:20:51Z,2026-03-29T16:20:47Z,1384,False,fwatch,Faguss/fwatch,git@github.com:Faguss/fwatch.git,6
MDEwOlJlcG9zaXRvcnkyMDM1NTE2NTk=,2019-08-21T09:29:26Z,2026-05-07T01:38:06Z,2026-05-07T01:38:02Z,6829,False,bb_spi_lcd,bitbank2/bb_spi_lcd,git@github.com:bitbank2/bb_spi_lcd.git,222
MDEwOlJlcG9zaXRvcnkyMDM1MzQ3NDA=,2019-08-21T07:53:23Z,2026-03-22T07:48:00Z,2026-03-22T07:50:04Z,88809,True,tgstat,tanaylab/tgstat,git@github.com:tanaylab/tgstat.git,8
MDEwOlJlcG9zaXRvcnkyMDM1MjY4ODc=,2019-08-21T07:05:39Z,2026-04-19T10:04:15Z,2026-04-19T10:04:10Z,460,False,bfc,therooftopprinz/bfc,git@github.com:therooftopprinz/bfc.git,2
MDEwOlJlcG9zaXRvcnkyMDM1MjE3MjQ=,2019-08-21T06:33:03Z,2026-03-23T17:53:56Z,2026-03-23T17:53:50Z,213,False,project5,dustyweasel/project5,git@github.com:dustyweasel/project5.git,0
MDEwOlJlcG9zaXRvcnkyMDM0Nzg3NTk=,2019-08-21T01:02:46Z,2026-04-30T22:08:59Z,2026-04-30T22:08:55Z,1589,False,fastgame,wwmm/fastgame,git@github.com:wwmm/fastgame.git,92
MDEwOlJlcG9zaXRvcnkyMDM0Nzc5NTA=,2019-08-21T00:55:32Z,2026-05-03T01:36:57Z,2026-05-03T01:36:53Z,7256,False,retrofit-public,max-delta/retrofit-public,git@github.com:max-delta/retrofit-public.git,5
MDEwOlJlcG9zaXRvcnkyMDM0NzI3NDI=,2019-08-21T00:01:37Z,2026-04-04T16:40:01Z,2026-04-26T12:47:06Z,49696,False,shadow-of-the-wyrm,prolog/shadow-of-the-wyrm,git@github.com:prolog/shadow-of-the-wyrm.git,101
MDEwOlJlcG9zaXRvcnkyMDM0MjU1Mjg=,2019-08-20T17:44:26Z,2026-04-02T22:08:37Z,2026-04-02T22:08:33Z,3446,False,PONG,JakubKivi/PONG,git@github.com:JakubKivi/PONG.git,0
MDEwOlJlcG9zaXRvcnkyMDM0MTQ4MDI=,2019-08-20T16:34:34Z,2026-03-16T20:05:12Z,2026-03-16T20:05:06Z,261321,False,Zero-s-Adventures,mitko-z/Zero-s-Adventures,git@github.com:mitko-z/Zero-s-Adventures.git,0
MDEwOlJlcG9zaXRvcnkyMDM0MDY0MjU=,2019-08-20T15:43:32Z,2026-05-07T00:00:28Z,2026-04-05T12:05:35Z,55992,True,Beef,beefytech/Beef,git@github.com:beefytech/Beef.git,2804
MDEwOlJlcG9zaXRvcnkyMDMzODQwMzI=,2019-08-20T13:39:17Z,2026-04-06T17:59:45Z,2026-04-06T17:59:37Z,207043,False,RIVETAnalyses,cnattras/RIVETAnalyses,git@github.com:cnattras/RIVETAnalyses.git,8
MDEwOlJlcG9zaXRvcnkyMDMyMDIzNDI=,2019-08-19T15:44:20Z,2026-05-05T18:11:25Z,2026-04-22T19:55:32Z,32039,False,libonvif,sr99622/libonvif,git@github.com:sr99622/libonvif.git,312
MDEwOlJlcG9zaXRvcnkyMDMxNzQ3MjI=,2019-08-19T13:06:29Z,2026-05-06T23:49:00Z,2026-05-06T23:48:56Z,65808,False,SCS_Lanczos,nkphys/SCS_Lanczos,git@github.com:nkphys/SCS_Lanczos.git,1
MDEwOlJlcG9zaXRvcnkyMDMxNDQ1NDA=,2019-08-19T09:46:38Z,2026-05-06T00:28:30Z,2026-05-06T00:28:26Z,2783,False,CMCore,hyzboy/CMCore,git@github.com:hyzboy/CMCore.git,2
MDEwOlJlcG9zaXRvcnkyMDMxMDE4MDU=,2019-08-19T05:05:48Z,2026-05-05T04:33:34Z,2026-05-05T04:33:30Z,156557,False,tectonics.cpp,davidson16807/tectonics.cpp,git@github.com:davidson16807/tectonics.cpp.git,18
MDEwOlJlcG9zaXRvcnkyMDMwOTU1MDY=,2019-08-19T04:00:16Z,2026-04-07T19:06:09Z,2026-04-07T19:06:04Z,4,False,FunCode,jatinkgandhi/FunCode,git@github.com:jatinkgandhi/FunCode.git,0
MDEwOlJlcG9zaXRvcnkyMDMwODMzMjE=,2019-08-19T02:23:12Z,2026-05-04T14:37:13Z,2026-05-04T14:35:27Z,347554,True,site,csci104/site,git@github.com:csci104/site.git,0
MDEwOlJlcG9zaXRvcnkyMDMwNjQzNDc=,2019-08-18T22:50:42Z,2026-04-14T19:17:33Z,2026-04-14T19:17:29Z,39064,False,Epistemotron,ummite/Epistemotron,git@github.com:ummite/Epistemotron.git,0
MDEwOlJlcG9zaXRvcnkyMDMwMjY3MzQ=,2019-08-18T15:59:29Z,2026-03-01T09:28:43Z,2026-03-01T09:28:40Z,1339,False,ray,ha5la/ray,git@github.com:ha5la/ray.git,0
MDEwOlJlcG9zaXRvcnkyMDI5NTMwODk=,2019-08-18T02:57:01Z,2026-05-02T09:23:52Z,2026-05-02T09:44:06Z,2135,False,ksa,cycloawaodorin/ksa,git@github.com:cycloawaodorin/ksa.git,4
MDEwOlJlcG9zaXRvcnkyMDI5NTAxOTY=,2019-08-18T02:16:36Z,2026-04-16T15:43:43Z,2026-03-24T04:36:58Z,537010,True,LuisaRender,LuisaGroup/LuisaRender,git@github.com:LuisaGroup/LuisaRender.git,603
MDEwOlJlcG9zaXRvcnkyMDI5NDQ2NDM=,2019-08-18T00:48:15Z,2026-05-05T12:55:44Z,2026-05-05T12:55:40Z,325,True,OpenThings-Framework-Firmware-Library,OpenThingsIO/OpenThings-Framework-Firmware-Library,git@github.com:OpenThingsIO/OpenThings-Framework-Firmware-Library.git,2
MDEwOlJlcG9zaXRvcnkyMDI4OTQ0MjE=,2019-08-17T14:59:52Z,2026-03-11T07:14:52Z,2026-03-11T07:14:48Z,424,False,my-esphome,wolfg1969/my-esphome,git@github.com:wolfg1969/my-esphome.git,15
MDEwOlJlcG9zaXRvcnkyMDI4NDg4NzE=,2019-08-17T07:15:29Z,2026-03-24T10:34:43Z,2026-03-24T10:34:39Z,3,False,Micha-,frostin34/Micha-,git@github.com:frostin34/Micha-.git,0
MDEwOlJlcG9zaXRvcnkyMDI4MDQ2OTI=,2019-08-16T22:03:57Z,2026-05-06T20:27:13Z,2026-05-06T20:28:04Z,70385,True,Offline,Mu2e/Offline,git@github.com:Mu2e/Offline.git,9
MDEwOlJlcG9zaXRvcnkyMDI3NzQ2ODU=,2019-08-16T17:49:54Z,2026-05-07T06:40:55Z,2026-05-05T14:12:15Z,2546,True,fTetWild,wildmeshing/fTetWild,git@github.com:wildmeshing/fTetWild.git,568
MDEwOlJlcG9zaXRvcnkyMDI3NzE5OTA=,2019-08-16T17:31:48Z,2026-05-07T08:47:08Z,2026-05-07T08:47:04Z,2156,False,NS-EOF-Team-Project,colcami/NS-EOF-Team-Project,git@github.com:colcami/NS-EOF-Team-Project.git,0
MDEwOlJlcG9zaXRvcnkyMDI3MTI5MjM=,2019-08-16T11:04:33Z,2026-05-06T21:16:53Z,2026-04-10T07:44:57Z,5156,False,stdgpu,stotko/stdgpu,git@github.com:stotko/stdgpu.git,1261
MDEwOlJlcG9zaXRvcnkyMDI3MTEwMjY=,2019-08-16T10:49:26Z,2026-05-04T17:20:16Z,2026-05-04T17:36:15Z,192104,True,FTL-Hyperspace,FTL-Hyperspace/FTL-Hyperspace,git@github.com:FTL-Hyperspace/FTL-Hyperspace.git,144
MDEwOlJlcG9zaXRvcnkyMDI2MjI1NDY=,2019-08-15T23:02:16Z,2026-04-25T18:37:14Z,2026-05-04T23:12:00Z,1373,True,acc-bakeryoptix,ac-custom-shaders-patch/acc-bakeryoptix,git@github.com:ac-custom-shaders-patch/acc-bakeryoptix.git,32
MDEwOlJlcG9zaXRvcnkyMDI2MTM3OTQ=,2019-08-15T21:28:39Z,2026-05-04T11:14:35Z,2026-04-27T19:30:41Z,801,True,fbjni,facebookincubator/fbjni,org-19538647@github.com:facebookincubator/fbjni.git,329
MDEwOlJlcG9zaXRvcnkyMDI1NTM1MTM=,2019-08-15T14:14:01Z,2026-03-04T19:47:54Z,2026-03-04T19:47:46Z,303827,True,OpenSidescan,CIDCO-dev/OpenSidescan,git@github.com:CIDCO-dev/OpenSidescan.git,42
MDEwOlJlcG9zaXRvcnkyMDI1MDIzNjM=,2019-08-15T08:19:23Z,2026-05-05T15:11:07Z,2026-05-05T16:45:09Z,1655,True,WiiUPluginLoaderBackend,wiiu-env/WiiUPluginLoaderBackend,git@github.com:wiiu-env/WiiUPluginLoaderBackend.git,68
MDEwOlJlcG9zaXRvcnkyMDI0ODMzNDg=,2019-08-15T06:04:51Z,2026-05-07T07:15:49Z,2026-05-06T16:31:46Z,13545,True,kvrocks,apache/kvrocks,git@github.com:apache/kvrocks.git,4304
MDEwOlJlcG9zaXRvcnkyMDI0NTg1NDI=,2019-08-15T02:20:11Z,2026-05-03T02:53:36Z,2026-05-03T02:53:32Z,105388,False,Melissa,mosynthkey/Melissa,git@github.com:mosynthkey/Melissa.git,212
MDEwOlJlcG9zaXRvcnkyMDIzOTAyNTk=,2019-08-14T16:48:13Z,2026-04-20T16:18:50Z,2026-03-22T15:44:17Z,5697,False,CVEs,itm4n/CVEs,git@github.com:itm4n/CVEs.git,43
MDEwOlJlcG9zaXRvcnkyMDIzNjY3NTg=,2019-08-14T14:26:24Z,2026-04-26T13:05:29Z,2026-04-26T13:05:25Z,730,True,cpp-osx-os_kext_return,pqrs-org/cpp-osx-os_kext_return,git@github.com:pqrs-org/cpp-osx-os_kext_return.git,2
MDEwOlJlcG9zaXRvcnkyMDIzNjYyMzc=,2019-08-14T14:23:40Z,2026-05-05T14:41:18Z,2026-05-05T14:39:00Z,80,False,ORL,joeyskeys/ORL,git@github.com:joeyskeys/ORL.git,1
MDEwOlJlcG9zaXRvcnkyMDIzMjcwNDk=,2019-08-14T10:19:00Z,2026-04-04T00:24:07Z,2026-05-07T09:52:54Z,76683,True,OpenGeode-GeosciencesIO,Geode-solutions/OpenGeode-GeosciencesIO,git@github.com:Geode-solutions/OpenGeode-GeosciencesIO.git,8
MDEwOlJlcG9zaXRvcnkyMDIzMjIzOTU=,2019-08-14T09:49:39Z,2026-04-28T14:42:13Z,2026-04-28T14:34:03Z,9524,False,scribble,awrznc/scribble,git@github.com:awrznc/scribble.git,3
MDEwOlJlcG9zaXRvcnkyMDIzMjA4Nzk=,2019-08-14T09:40:47Z,2026-05-06T12:30:41Z,2026-05-06T12:30:28Z,9625,False,CPP-Notes,wx-chevalier/CPP-Notes,git@github.com:wx-chevalier/CPP-Notes.git,97
MDEwOlJlcG9zaXRvcnkyMDIzMDEwNjQ=,2019-08-14T07:48:03Z,2026-04-06T18:42:17Z,2026-04-06T19:10:20Z,11036,False,bozon,Il-Capitano/bozon,git@github.com:Il-Capitano/bozon.git,0
MDEwOlJlcG9zaXRvcnkyMDIyNzc0MDk=,2019-08-14T04:56:47Z,2026-05-06T18:43:15Z,2026-05-06T18:43:11Z,27137,True,contour,contour-terminal/contour,git@github.com:contour-terminal/contour.git,2918
MDEwOlJlcG9zaXRvcnkyMDIyMTY5MzY=,2019-08-13T20:12:50Z,2026-04-02T14:40:33Z,2026-04-02T14:40:29Z,43411,False,code_example,wxie2013/code_example,git@github.com:wxie2013/code_example.git,0
MDEwOlJlcG9zaXRvcnkyMDIyMTAwODg=,2019-08-13T19:20:52Z,2026-04-27T23:14:59Z,2026-04-27T23:14:55Z,4,False,normal-distribution,valentinpi/normal-distribution,git@github.com:valentinpi/normal-distribution.git,0
MDEwOlJlcG9zaXRvcnkyMDIxODcxMTM=,2019-08-13T16:49:54Z,2026-05-04T06:40:44Z,2026-05-04T06:40:41Z,3619,True,tetengo.cpp,tetengo/tetengo.cpp,git@github.com:tetengo/tetengo.cpp.git,0
MDEwOlJlcG9zaXRvcnkyMDIxODQxOTk=,2019-08-13T16:31:56Z,2026-05-05T17:10:40Z,2026-05-05T06:59:30Z,1375,True,nessi,nessi-cntr/nessi,git@github.com:nessi-cntr/nessi.git,40
MDEwOlJlcG9zaXRvcnkyMDIxNzgzMDI=,2019-08-13T15:57:02Z,2026-05-07T09:31:33Z,2026-05-07T11:02:23Z,24281,True,iceoryx,eclipse-iceoryx/iceoryx,git@github.com:eclipse-iceoryx/iceoryx.git,2063
MDEwOlJlcG9zaXRvcnkyMDIxNDIwNzI=,2019-08-13T12:41:54Z,2026-05-03T19:56:26Z,2026-05-03T19:56:23Z,2052,False,Docker,gbmdevs/Docker,git@github.com:gbmdevs/Docker.git,2
MDEwOlJlcG9zaXRvcnkyMDIwOTkxNTY=,2019-08-13T08:27:30Z,2026-03-25T13:27:02Z,2026-03-25T13:26:57Z,489,True,odr-mmbtools-common,Opendigitalradio/odr-mmbtools-common,git@github.com:Opendigitalradio/odr-mmbtools-common.git,0
MDEwOlJlcG9zaXRvcnkyMDIwNjA3NzE=,2019-08-13T03:56:18Z,2026-05-05T04:48:12Z,2026-04-02T13:55:00Z,90883,True,UnLua,Tencent/UnLua,git@github.com:Tencent/UnLua.git,2704
MDEwOlJlcG9zaXRvcnkyMDIwMjQ4MjE=,2019-08-12T23:32:45Z,2026-04-25T05:35:51Z,2026-04-02T10:47:42Z,21774,False,FSAE,michaelruppe/FSAE,git@github.com:michaelruppe/FSAE.git,53
MDEwOlJlcG9zaXRvcnkyMDE5OTIzMzY=,2019-08-12T19:05:38Z,2026-03-13T18:08:08Z,2026-03-13T18:08:04Z,15,False,ComputationalGeometry,shalevdavid/ComputationalGeometry,git@github.com:shalevdavid/ComputationalGeometry.git,1
MDEwOlJlcG9zaXRvcnkyMDE5Nzk1MTI=,2019-08-12T17:39:28Z,2026-04-29T17:04:15Z,2026-03-02T22:38:24Z,181,True,transport_drivers,ros-drivers/transport_drivers,git@github.com:ros-drivers/transport_drivers.git,122
MDEwOlJlcG9zaXRvcnkyMDE5NTM1MzQ=,2019-08-12T15:05:23Z,2026-05-04T11:31:40Z,2026-04-07T04:58:50Z,1978,True,Polygon2DOMjudge,cn-xcpc-tools/Polygon2DOMjudge,git@github.com:cn-xcpc-tools/Polygon2DOMjudge.git,55
MDEwOlJlcG9zaXRvcnkyMDE5MTk4MjU=,2019-08-12T11:47:30Z,2026-05-07T08:46:09Z,2026-05-07T08:46:05Z,7307,False,s60-maps,artem78/s60-maps,git@github.com:artem78/s60-maps.git,90
MDEwOlJlcG9zaXRvcnkyMDE5MTYxMTk=,2019-08-12T11:21:01Z,2026-04-07T12:13:47Z,2026-04-07T12:13:39Z,22767,False,Nix,moso31/Nix,git@github.com:moso31/Nix.git,7
MDEwOlJlcG9zaXRvcnkyMDE4Njk3MDk=,2019-08-12T06:20:28Z,2026-04-29T05:24:51Z,2026-04-29T05:24:46Z,15680,False,blop,daniel-barna/blop,git@github.com:daniel-barna/blop.git,0
MDEwOlJlcG9zaXRvcnkyMDE4NjQ4MjI=,2019-08-12T05:40:43Z,2026-03-07T18:53:12Z,2026-03-07T18:53:09Z,10939,False,2WIRELESS,studiohsoftware/2WIRELESS,git@github.com:studiohsoftware/2WIRELESS.git,7
MDEwOlJlcG9zaXRvcnkyMDE4NTQ1Mjc=,2019-08-12T03:55:17Z,2026-04-14T16:52:05Z,2026-04-14T16:52:00Z,230,False,sasl-xoauth2,tarickb/sasl-xoauth2,git@github.com:tarickb/sasl-xoauth2.git,115
MDEwOlJlcG9zaXRvcnkyMDE4MjMzNDA=,2019-08-11T22:50:31Z,2026-04-14T18:28:40Z,2026-04-14T18:28:35Z,6,False,LockFreeCircular,ryudo87/LockFreeCircular,git@github.com:ryudo87/LockFreeCircular.git,1
MDEwOlJlcG9zaXRvcnkyMDE4MDcwODg=,2019-08-11T19:32:58Z,2026-05-05T21:37:23Z,2026-05-05T21:37:19Z,7,False,sonos-esp32,cdietze/sonos-esp32,git@github.com:cdietze/sonos-esp32.git,2
MDEwOlJlcG9zaXRvcnkyMDE4MDQ1Nzk=,2019-08-11T19:10:09Z,2026-04-23T03:01:00Z,2026-04-23T03:00:56Z,261,True,abseil-cpp-feedstock,conda-forge/abseil-cpp-feedstock,git@github.com:conda-forge/abseil-cpp-feedstock.git,2
MDEwOlJlcG9zaXRvcnkyMDE3NjM2MjI=,2019-08-11T12:45:13Z,2026-04-01T23:30:58Z,2026-03-08T12:06:31Z,1340,False,tcppump,amartin755/tcppump,git@github.com:amartin755/tcppump.git,8
MDEwOlJlcG9zaXRvcnkyMDE3NTY1ODM=,2019-08-11T11:34:43Z,2026-04-13T08:52:29Z,2026-04-13T08:52:24Z,3677,False,hex-processor,jameshanlon/hex-processor,git@github.com:jameshanlon/hex-processor.git,5
MDEwOlJlcG9zaXRvcnkyMDE3MjcwMDg=,2019-08-11T06:30:53Z,2026-04-26T13:05:24Z,2026-04-26T13:05:20Z,914,True,cpp-osx-launchctl,pqrs-org/cpp-osx-launchctl,git@github.com:pqrs-org/cpp-osx-launchctl.git,5
MDEwOlJlcG9zaXRvcnkyMDE2NjU3ODE=,2019-08-10T18:04:20Z,2026-05-03T20:06:16Z,2026-04-12T14:34:05Z,9755,False,cl-cpp-generator2,plops/cl-cpp-generator2,git@github.com:plops/cl-cpp-generator2.git,39
MDEwOlJlcG9zaXRvcnkyMDE1ODE0Mjk=,2019-08-10T04:52:26Z,2026-04-16T16:03:02Z,2026-04-16T16:02:49Z,2804,False,Chess3DDemo,nephxio/Chess3DDemo,git@github.com:nephxio/Chess3DDemo.git,0
MDEwOlJlcG9zaXRvcnkyMDE1NTc4NjI=,2019-08-10T00:24:58Z,2026-05-06T12:08:53Z,2026-05-06T12:09:35Z,8839,False,cplib-cpp,hitonanode/cplib-cpp,git@github.com:hitonanode/cplib-cpp.git,88
MDEwOlJlcG9zaXRvcnkyMDE0NzI3NjA=,2019-08-09T13:28:43Z,2026-03-06T21:54:34Z,2026-03-06T21:54:30Z,31,False,genpasswd,purarue/genpasswd,git@github.com:purarue/genpasswd.git,0
MDEwOlJlcG9zaXRvcnkyMDEzNTY5MTM=,2019-08-09T00:16:16Z,2026-04-29T14:42:22Z,2026-04-29T14:34:25Z,17223,True,arrow,cran/arrow,git@github.com:cran/arrow.git,3
MDEwOlJlcG9zaXRvcnkyMDEyNzM1OTY=,2019-08-08T14:17:55Z,2026-04-03T20:20:14Z,2026-04-03T20:20:09Z,1168,False,cz,czipperz/cz,git@github.com:czipperz/cz.git,3
MDEwOlJlcG9zaXRvcnkyMDEyNTMwMjg=,2019-08-08T12:24:36Z,2026-05-06T08:11:55Z,2026-04-15T18:59:55Z,856352,True,Documentation,OpenBCI/Documentation,git@github.com:OpenBCI/Documentation.git,139
MDEwOlJlcG9zaXRvcnkyMDEyMzY2NDE=,2019-08-08T10:38:03Z,2026-03-21T00:19:01Z,2026-03-21T00:18:57Z,930,True,Cribbage,Press-Play-On-Tape/Cribbage,git@github.com:Press-Play-On-Tape/Cribbage.git,0
MDEwOlJlcG9zaXRvcnkyMDEyMjkxNjA=,2019-08-08T09:50:56Z,2026-05-03T08:13:36Z,2026-05-03T08:13:31Z,43466,False,Irrlicht,MoNTE48/Irrlicht,git@github.com:MoNTE48/Irrlicht.git,4
MDEwOlJlcG9zaXRvcnkyMDEyMDY3MDA=,2019-08-08T07:47:51Z,2026-04-13T19:17:16Z,2026-04-13T19:17:13Z,8929,True,107-Arduino-Cyphal,107-systems/107-Arduino-Cyphal,git@github.com:107-systems/107-Arduino-Cyphal.git,75
MDEwOlJlcG9zaXRvcnkyMDExODcyNTc=,2019-08-08T05:51:15Z,2026-04-29T06:46:48Z,2026-04-12T02:27:13Z,1601,True,kirogi,KDE/kirogi,git@github.com:KDE/kirogi.git,25
MDEwOlJlcG9zaXRvcnkyMDExODQxNjY=,2019-08-08T05:25:13Z,2026-04-29T06:20:24Z,2026-04-29T06:20:19Z,731,True,android_hardware_statix_interfaces,StatiXOS/android_hardware_statix_interfaces,git@github.com:StatiXOS/android_hardware_statix_interfaces.git,1
MDEwOlJlcG9zaXRvcnkyMDExMDA3MzQ=,2019-08-07T17:50:43Z,2026-04-26T17:57:04Z,2026-04-26T17:57:00Z,7977,False,Competitive-Programming,NelsonGomesNeto/Competitive-Programming,git@github.com:NelsonGomesNeto/Competitive-Programming.git,12
MDEwOlJlcG9zaXRvcnkyMDEwNDgyOTk=,2019-08-07T12:42:03Z,2026-05-07T02:07:07Z,2026-05-07T02:07:00Z,490642,True,dolphin,EIGHTFINITE/dolphin,git@github.com:EIGHTFINITE/dolphin.git,14
MDEwOlJlcG9zaXRvcnkyMDEwNDE3OTc=,2019-08-07T12:01:59Z,2026-03-14T14:04:57Z,2026-03-14T14:04:53Z,156883,False,MyLeetCodeSln,simplewithalex/MyLeetCodeSln,git@github.com:simplewithalex/MyLeetCodeSln.git,1
MDEwOlJlcG9zaXRvcnkyMDEwMzg3Mjc=,2019-08-07T11:41:44Z,2026-04-16T06:33:59Z,2026-04-16T06:38:50Z,31045,False,relxill,thdauser/relxill,git@github.com:thdauser/relxill.git,18
MDEwOlJlcG9zaXRvcnkyMDEwMTY2MDI=,2019-08-07T09:20:59Z,2026-03-17T18:26:31Z,2026-03-17T18:26:25Z,107371,False,Autonomous-Navigation-and-Obstacle-Avoidance-Robot,SumantBagri/Autonomous-Navigation-and-Obstacle-Avoidance-Robot,git@github.com:SumantBagri/Autonomous-Navigation-and-Obstacle-Avoidance-Robot.git,0
MDEwOlJlcG9zaXRvcnkyMDA5NzY2NzM=,2019-08-07T05:12:19Z,2026-05-06T05:32:27Z,2026-05-06T05:32:24Z,48756,False,BerEditor,jykim74/BerEditor,git@github.com:jykim74/BerEditor.git,7
MDEwOlJlcG9zaXRvcnkyMDA5MTEzODQ=,2019-08-06T19:23:42Z,2026-05-04T06:41:07Z,2026-05-04T06:41:02Z,27,False,fsm2hdl,AMBiuki/fsm2hdl,git@github.com:AMBiuki/fsm2hdl.git,1
MDEwOlJlcG9zaXRvcnkyMDA5MDU2NjA=,2019-08-06T18:40:04Z,2026-05-07T08:54:27Z,2026-05-07T08:54:23Z,117815,False,LOKI,mel105/LOKI,git@github.com:mel105/LOKI.git,0
MDEwOlJlcG9zaXRvcnkyMDA4ODQ3MjU=,2019-08-06T16:08:42Z,2026-05-07T07:58:27Z,2026-03-26T10:13:58Z,33876,False,programming-summary,jinbooooom/programming-summary,git@github.com:jinbooooom/programming-summary.git,211
MDEwOlJlcG9zaXRvcnkyMDA4Nzg2ODA=,2019-08-06T15:31:04Z,2026-05-07T02:01:55Z,2026-04-06T17:21:01Z,81794,True,libDaisy,electro-smith/libDaisy,git@github.com:electro-smith/libDaisy.git,447
MDEwOlJlcG9zaXRvcnkyMDA4MjE1NzU=,2019-08-06T09:37:52Z,2026-03-07T21:33:25Z,2026-03-07T21:33:21Z,1206,True,ReDefine,rotators/ReDefine,git@github.com:rotators/ReDefine.git,3
MDEwOlJlcG9zaXRvcnkyMDA4MTg0NzA=,2019-08-06T09:19:12Z,2026-04-17T09:07:27Z,2026-04-17T09:07:29Z,1174,False,pquery,abychko/pquery,git@github.com:abychko/pquery.git,2
MDEwOlJlcG9zaXRvcnkyMDA3OTAwOTc=,2019-08-06T06:28:30Z,2026-03-03T13:48:26Z,2026-05-05T14:28:00Z,1756,True,ImageViewerPlugin,ManiVaultStudio/ImageViewerPlugin,git@github.com:ManiVaultStudio/ImageViewerPlugin.git,1
MDEwOlJlcG9zaXRvcnkyMDA3ODAyMTk=,2019-08-06T05:07:01Z,2026-03-21T14:17:38Z,2026-03-21T14:17:35Z,650,False,pin2,cnyaw/pin2,git@github.com:cnyaw/pin2.git,0
MDEwOlJlcG9zaXRvcnkyMDA3NTIzMjk=,2019-08-06T01:15:22Z,2026-03-09T00:11:20Z,2026-03-09T00:11:16Z,240841,False,AirMiniTransmitter,martan3d/AirMiniTransmitter,git@github.com:martan3d/AirMiniTransmitter.git,3
MDEwOlJlcG9zaXRvcnkyMDA3NDg5MDc=,2019-08-06T00:43:20Z,2026-05-01T05:21:16Z,2026-05-01T05:21:13Z,29846,False,OptiX_Utility,shocker-0x15/OptiX_Utility,git@github.com:shocker-0x15/OptiX_Utility.git,106
MDEwOlJlcG9zaXRvcnkyMDA3NDgyMzU=,2019-08-06T00:35:54Z,2026-03-29T17:31:00Z,2026-03-29T17:30:56Z,844,False,ishlang,jrtabash/ishlang,git@github.com:jrtabash/ishlang.git,3
MDEwOlJlcG9zaXRvcnkyMDA3NDc0MTc=,2019-08-06T00:26:59Z,2026-05-01T00:03:11Z,2026-03-26T17:04:17Z,173177,True,PlayFabParty,PlayFab/PlayFabParty,git@github.com:PlayFab/PlayFabParty.git,25
MDEwOlJlcG9zaXRvcnkyMDA2NzYxMjg=,2019-08-05T14:54:36Z,2026-03-01T08:24:56Z,2026-03-01T08:24:53Z,4977,False,primal,ShenQianli/primal,git@github.com:ShenQianli/primal.git,9
MDEwOlJlcG9zaXRvcnkyMDA2NDc3MzE=,2019-08-05T12:05:08Z,2026-05-07T07:35:13Z,2026-04-20T14:13:49Z,143053,False,cplusplus17,hwdong-net/cplusplus17,git@github.com:hwdong-net/cplusplus17.git,97
MDEwOlJlcG9zaXRvcnkyMDA2MTgyMTU=,2019-08-05T08:48:23Z,2026-04-20T14:55:28Z,2026-03-27T13:20:20Z,37552,True,serenity,qcserenity/serenity,git@github.com:qcserenity/serenity.git,51
MDEwOlJlcG9zaXRvcnkyMDA1NTkzMjE=,2019-08-05T01:08:16Z,2026-03-30T00:06:20Z,2026-03-30T00:23:30Z,42614,False,TaggerTool,otre99/TaggerTool,git@github.com:otre99/TaggerTool.git,1
MDEwOlJlcG9zaXRvcnkyMDA1NDgwNTc=,2019-08-04T22:34:09Z,2026-04-19T15:25:17Z,2026-04-19T15:25:11Z,1997,True,eventdispatcher,m2osw/eventdispatcher,git@github.com:m2osw/eventdispatcher.git,17
MDEwOlJlcG9zaXRvcnkyMDA1NDY4NDc=,2019-08-04T22:15:51Z,2026-05-03T21:19:53Z,2026-05-04T19:52:35Z,8649,False,VulkanProfiler,lstalmir/VulkanProfiler,git@github.com:lstalmir/VulkanProfiler.git,95
MDEwOlJlcG9zaXRvcnkyMDA1MTc1OTY=,2019-08-04T16:42:17Z,2026-03-11T16:50:58Z,2026-03-11T16:50:55Z,74934,False,diyar,OlisaNsonwu/diyar,git@github.com:OlisaNsonwu/diyar.git,7
MDEwOlJlcG9zaXRvcnkyMDA0OTIxMTI=,2019-08-04T12:48:59Z,2026-05-06T17:16:15Z,2026-05-06T17:16:08Z,25615,False,baekjoon,tony9402/baekjoon,git@github.com:tony9402/baekjoon.git,6411
MDEwOlJlcG9zaXRvcnkyMDA0NzQ3MDk=,2019-08-04T09:39:03Z,2026-04-09T09:39:33Z,2026-04-09T09:39:27Z,41587,False,SphereDefender,RyanBerge/SphereDefender,git@github.com:RyanBerge/SphereDefender.git,1
MDEwOlJlcG9zaXRvcnkyMDA0NDQ5OTE=,2019-08-04T03:27:48Z,2026-04-21T10:51:45Z,2026-04-13T00:39:49Z,126337,False,VSTPlugins,ryukau/VSTPlugins,git@github.com:ryukau/VSTPlugins.git,382
MDEwOlJlcG9zaXRvcnkyMDA0MzA4NDk=,2019-08-03T23:45:18Z,2026-04-10T02:13:27Z,2026-04-10T02:13:19Z,1976,False,Renderer,RyanAStevens/Renderer,git@github.com:RyanAStevens/Renderer.git,0
MDEwOlJlcG9zaXRvcnkyMDA0MDk0NTI=,2019-08-03T18:41:26Z,2026-04-30T16:57:41Z,2026-04-30T16:57:37Z,2109,False,arduino_family_calendar,chompy/arduino_family_calendar,git@github.com:chompy/arduino_family_calendar.git,0
MDEwOlJlcG9zaXRvcnkyMDAzNDE2NzQ=,2019-08-03T06:38:47Z,2026-05-03T12:27:49Z,2026-05-03T12:27:46Z,197,False,log,shuai132/log,git@github.com:shuai132/log.git,2
MDEwOlJlcG9zaXRvcnkyMDAzMDY0Nzk=,2019-08-02T22:51:32Z,2026-04-27T04:31:54Z,2026-04-27T04:31:50Z,127,False,ExampleCode,jsimms22/ExampleCode,git@github.com:jsimms22/ExampleCode.git,0
MDEwOlJlcG9zaXRvcnkyMDAzMDMyMTU=,2019-08-02T22:07:13Z,2026-05-06T05:49:09Z,2026-03-27T21:02:02Z,7707,True,WineGUI,winegui/WineGUI,git@github.com:winegui/WineGUI.git,434
MDEwOlJlcG9zaXRvcnkyMDAyOTY4NjQ=,2019-08-02T20:55:46Z,2026-04-09T04:50:11Z,2026-04-09T04:50:03Z,595,True,cppthread,m2osw/cppthread,git@github.com:m2osw/cppthread.git,3
MDEwOlJlcG9zaXRvcnkyMDAyNzEyMDU=,2019-08-02T17:09:40Z,2026-04-10T19:32:51Z,2026-04-10T19:51:10Z,944986,True,cb-mobile-sdk,CambrianTech/cb-mobile-sdk,git@github.com:CambrianTech/cb-mobile-sdk.git,1
MDEwOlJlcG9zaXRvcnkyMDAyNjUzOTA=,2019-08-02T16:22:39Z,2026-04-29T13:42:57Z,2026-05-07T11:09:45Z,215736,True,ai_tools,xmos/ai_tools,git@github.com:xmos/ai_tools.git,30
MDEwOlJlcG9zaXRvcnkyMDAyMDkyNDY=,2019-08-02T09:42:35Z,2026-05-06T10:54:09Z,2026-05-06T10:54:06Z,19372,True,marco,marco-compiler/marco,git@github.com:marco-compiler/marco.git,45
MDEwOlJlcG9zaXRvcnkyMDAyMDIwNjQ=,2019-08-02T08:58:58Z,2026-04-25T17:26:26Z,2026-04-14T10:15:11Z,2551,False,netUtils,schochastics/netUtils,git@github.com:schochastics/netUtils.git,15
MDEwOlJlcG9zaXRvcnkyMDAxNDc5ODE=,2019-08-02T02:08:27Z,2026-05-03T20:51:51Z,2026-05-02T13:20:12Z,6887,False,tilemap-studio,Rangi42/tilemap-studio,git@github.com:Rangi42/tilemap-studio.git,509
MDEwOlJlcG9zaXRvcnkyMDAwNjM3NDM=,2019-08-01T14:16:13Z,2026-04-20T19:46:28Z,2026-04-20T19:46:22Z,1539,False,iscool-core,j-jorge/iscool-core,git@github.com:j-jorge/iscool-core.git,2
MDEwOlJlcG9zaXRvcnkyMDAwNDk0MDY=,2019-08-01T12:47:27Z,2026-04-14T06:17:19Z,2026-04-14T06:17:15Z,153,True,testbench,vectorclass/testbench,git@github.com:vectorclass/testbench.git,8
MDEwOlJlcG9zaXRvcnkyMDAwNDE1Nzg=,2019-08-01T11:54:04Z,2026-04-05T11:48:21Z,2026-04-05T11:46:20Z,314,False,search-engine,DiDi035/search-engine,git@github.com:DiDi035/search-engine.git,0
MDEwOlJlcG9zaXRvcnkyMDAwMjk1MTI=,2019-08-01T10:25:51Z,2026-05-02T20:53:39Z,2026-04-14T06:22:55Z,809,True,version2,vectorclass/version2,git@github.com:vectorclass/version2.git,1448
MDEwOlJlcG9zaXRvcnkyMDAwMTU4NTI=,2019-08-01T09:01:54Z,2026-03-30T09:18:17Z,2026-04-28T12:33:43Z,5183,True,jams,stonerlab/jams,git@github.com:stonerlab/jams.git,6
MDEwOlJlcG9zaXRvcnkyMDAwMTUyODA=,2019-08-01T08:58:36Z,2026-05-06T05:15:31Z,2026-05-07T11:31:01Z,22041,True,OpenGeode,Geode-solutions/OpenGeode,git@github.com:Geode-solutions/OpenGeode.git,177
MDEwOlJlcG9zaXRvcnkyMDAwMTA4MjE=,2019-08-01T08:33:15Z,2026-05-06T05:15:25Z,2026-05-07T11:27:20Z,26120,True,OpenGeode-IO,Geode-solutions/OpenGeode-IO,git@github.com:Geode-solutions/OpenGeode-IO.git,10
MDEwOlJlcG9zaXRvcnkxOTk5NDE3ODE=,2019-07-31T23:19:23Z,2026-04-29T01:34:38Z,2026-04-29T01:34:34Z,19749,False,jazzlights,DavidSchinazi/jazzlights,git@github.com:DavidSchinazi/jazzlights.git,4
MDEwOlJlcG9zaXRvcnkxOTk5MzEwMzk=,2019-07-31T21:24:30Z,2026-04-28T18:56:40Z,2026-04-28T18:56:37Z,1573,True,dicom-interface,topasmc/dicom-interface,git@github.com:topasmc/dicom-interface.git,27
MDEwOlJlcG9zaXRvcnkxOTk5MjE0MzM=,2019-07-31T20:05:08Z,2026-05-06T19:13:52Z,2026-04-01T10:04:28Z,1261,True,NuRaft,eBay/NuRaft,git@github.com:eBay/NuRaft.git,1181
MDEwOlJlcG9zaXRvcnkxOTk5MTQ4ODg=,2019-07-31T19:12:42Z,2026-04-26T19:50:06Z,2026-04-26T19:49:55Z,1295756,False,TweedeEngine,fabsgc/TweedeEngine,git@github.com:fabsgc/TweedeEngine.git,67
MDEwOlJlcG9zaXRvcnkxOTk4ODE5NzY=,2019-07-31T15:23:38Z,2026-05-06T18:10:50Z,2026-05-07T10:24:46Z,9763,True,DroneDB,DroneDB/DroneDB,git@github.com:DroneDB/DroneDB.git,272
MDEwOlJlcG9zaXRvcnkxOTk4NzkyNDA=,2019-07-31T15:07:40Z,2026-04-10T23:16:59Z,2026-03-17T00:29:04Z,97,True,Arduino_LPS22HB,arduino-libraries/Arduino_LPS22HB,git@github.com:arduino-libraries/Arduino_LPS22HB.git,9
MDEwOlJlcG9zaXRvcnkxOTk4Nzg5MDQ=,2019-07-31T15:05:50Z,2026-03-16T15:20:43Z,2026-03-16T15:20:43Z,82,True,Arduino_HTS221,arduino-libraries/Arduino_HTS221,git@github.com:arduino-libraries/Arduino_HTS221.git,15
MDEwOlJlcG9zaXRvcnkxOTk4NzgzMjQ=,2019-07-31T15:02:39Z,2026-03-29T06:20:15Z,2026-03-16T05:23:01Z,85,True,Arduino_LSM9DS1,arduino-libraries/Arduino_LSM9DS1,git@github.com:arduino-libraries/Arduino_LSM9DS1.git,36
MDEwOlJlcG9zaXRvcnkxOTk4NzYzNzE=,2019-07-31T14:51:06Z,2026-03-17T13:41:05Z,2026-03-17T13:41:01Z,224575,False,daily_summary,Jinxin-Zhao/daily_summary,git@github.com:Jinxin-Zhao/daily_summary.git,2
MDEwOlJlcG9zaXRvcnkxOTk3NjMxNzA=,2019-07-31T02:31:39Z,2026-03-07T01:04:59Z,2026-03-07T01:04:54Z,3490,False,CleanedBitCrack,Maroc-OS/CleanedBitCrack,git@github.com:Maroc-OS/CleanedBitCrack.git,23
MDEwOlJlcG9zaXRvcnkxOTk2NTUxMTM=,2019-07-30T13:15:58Z,2026-03-17T00:25:20Z,2026-03-17T00:25:22Z,128,True,Arduino_APDS9960,arduino-libraries/Arduino_APDS9960,git@github.com:arduino-libraries/Arduino_APDS9960.git,33
MDEwOlJlcG9zaXRvcnkxOTk2NDAzNDY=,2019-07-30T11:41:10Z,2026-03-26T15:36:58Z,2026-03-25T10:42:34Z,95,True,reana-demo-cms-reco,reanahub/reana-demo-cms-reco,git@github.com:reanahub/reana-demo-cms-reco.git,0
MDEwOlJlcG9zaXRvcnkxOTk1NDY3Mzg=,2019-07-30T00:45:51Z,2026-04-15T23:54:56Z,2026-04-15T23:56:12Z,76,False,BlurHarmonics,tbttfox/BlurHarmonics,git@github.com:tbttfox/BlurHarmonics.git,10
MDEwOlJlcG9zaXRvcnkxOTk1MjQ0NTQ=,2019-07-29T20:45:35Z,2026-03-29T22:48:10Z,2026-03-29T22:48:05Z,5126,False,editor,smcpeak/editor,git@github.com:smcpeak/editor.git,1
MDEwOlJlcG9zaXRvcnkxOTk1MTExODk=,2019-07-29T19:01:43Z,2026-05-06T00:01:55Z,2026-05-06T00:01:52Z,12593,False,RAPIO,retoomey/RAPIO,git@github.com:retoomey/RAPIO.git,3
MDEwOlJlcG9zaXRvcnkxOTk0NzIxODM=,2019-07-29T14:47:53Z,2026-05-07T07:53:11Z,2026-05-07T07:53:07Z,897731,False,glow_worm_luciferin,sblantipodi/glow_worm_luciferin,git@github.com:sblantipodi/glow_worm_luciferin.git,199
MDEwOlJlcG9zaXRvcnkxOTk0NjgyNzY=,2019-07-29T14:25:07Z,2026-04-14T08:18:59Z,2026-04-14T05:45:37Z,624,True,WebRTSP,WebRTSP/WebRTSP,git@github.com:WebRTSP/WebRTSP.git,37
MDEwOlJlcG9zaXRvcnkxOTk0NDQ3OTM=,2019-07-29T12:03:09Z,2026-03-05T17:48:34Z,2026-03-05T17:48:26Z,142397,False,garden-control,uwejanssen19/garden-control,git@github.com:uwejanssen19/garden-control.git,0
MDEwOlJlcG9zaXRvcnkxOTk0MTU0NDc=,2019-07-29T08:52:36Z,2026-04-23T13:41:00Z,2026-04-23T13:41:22Z,1429,True,dtkgui,linuxdeepin/dtkgui,git@github.com:linuxdeepin/dtkgui.git,68
MDEwOlJlcG9zaXRvcnkxOTk0MTEzMjY=,2019-07-29T08:29:12Z,2026-04-30T07:50:18Z,2026-04-30T07:50:14Z,5569,True,acl19-heuristic-authorship-obfuscation,webis-de/acl19-heuristic-authorship-obfuscation,git@github.com:webis-de/acl19-heuristic-authorship-obfuscation.git,1
MDEwOlJlcG9zaXRvcnkxOTkzODMwNzk=,2019-07-29T05:18:28Z,2026-04-14T04:35:24Z,2026-03-28T08:34:48Z,968,False,cpp,yuchdev/cpp,git@github.com:yuchdev/cpp.git,40
MDEwOlJlcG9zaXRvcnkxOTkzMzk1NjI=,2019-07-28T21:36:39Z,2026-05-04T19:08:24Z,2026-04-19T12:20:57Z,86060,True,dillo,dillo-browser/dillo,git@github.com:dillo-browser/dillo.git,1152
MDEwOlJlcG9zaXRvcnkxOTkyOTgwOTM=,2019-07-28T14:33:25Z,2026-04-28T11:54:46Z,2026-04-28T11:54:41Z,44,False,algorithm-basic,qqwangxiaow/algorithm-basic,git@github.com:qqwangxiaow/algorithm-basic.git,0
MDEwOlJlcG9zaXRvcnkxOTkyNjQ2ODA=,2019-07-28T08:59:49Z,2026-04-28T13:59:24Z,2026-04-09T11:39:34Z,4719,False,ipari-script,Noksek2/ipari-script,git@github.com:Noksek2/ipari-script.git,1
MDEwOlJlcG9zaXRvcnkxOTkyMTkyNTA=,2019-07-27T22:33:37Z,2026-05-02T18:13:47Z,2026-05-03T15:55:45Z,348,False,pbemtools,gulrak/pbemtools,git@github.com:gulrak/pbemtools.git,2
MDEwOlJlcG9zaXRvcnkxOTkxODc0NTQ=,2019-07-27T16:15:01Z,2026-05-05T08:56:50Z,2026-05-05T08:57:10Z,12299,True,cpp-sc2,cpp-sc2/cpp-sc2,git@github.com:cpp-sc2/cpp-sc2.git,62
MDEwOlJlcG9zaXRvcnkxOTkxNzI5Mzk=,2019-07-27T14:10:13Z,2026-05-04T22:38:05Z,2026-05-01T22:58:13Z,572,False,ESP8266-UNAPI-Firmware,ducasp/ESP8266-UNAPI-Firmware,git@github.com:ducasp/ESP8266-UNAPI-Firmware.git,13
MDEwOlJlcG9zaXRvcnkxOTkxNTY2NTU=,2019-07-27T11:33:19Z,2026-04-28T00:21:42Z,2026-04-28T00:21:39Z,4305756,True,MCRIBS,DevelopmentalImagingMCRI/MCRIBS,git@github.com:DevelopmentalImagingMCRI/MCRIBS.git,14
MDEwOlJlcG9zaXRvcnkxOTkxMDkzNTA=,2019-07-27T03:16:38Z,2026-04-27T21:08:02Z,2026-04-27T21:07:59Z,1740,True,netif,GMLC-TDC/netif,git@github.com:GMLC-TDC/netif.git,16
MDEwOlJlcG9zaXRvcnkxOTkwODkyODc=,2019-07-26T22:57:20Z,2026-03-30T14:03:07Z,2026-03-13T14:39:18Z,45576,True,SOWFA-6,NatLabRockies/SOWFA-6,git@github.com:NatLabRockies/SOWFA-6.git,43
MDEwOlJlcG9zaXRvcnkxOTkwNzY2MzI=,2019-07-26T20:32:24Z,2026-05-06T10:32:46Z,2026-05-06T10:32:43Z,55458,False,libdatachannel,paullouisageneau/libdatachannel,git@github.com:paullouisageneau/libdatachannel.git,2581
MDEwOlJlcG9zaXRvcnkxOTg5NzE4Njc=,2019-07-26T07:47:09Z,2026-03-29T17:47:53Z,2026-03-08T01:26:00Z,37315,False,Jactorio,jaihysc/Jactorio,git@github.com:jaihysc/Jactorio.git,98
MDEwOlJlcG9zaXRvcnkxOTg5NzAzNDQ=,2019-07-26T07:37:16Z,2026-05-04T09:27:00Z,2026-05-03T02:50:39Z,10517,True,kup,KDE/kup,git@github.com:KDE/kup.git,29
MDEwOlJlcG9zaXRvcnkxOTg5NjQwNzE=,2019-07-26T06:57:45Z,2026-03-30T07:23:41Z,2026-04-17T08:06:50Z,1132,True,ogawayama,project-tsurugi/ogawayama,git@github.com:project-tsurugi/ogawayama.git,2
MDEwOlJlcG9zaXRvcnkxOTg5NTc5MDQ=,2019-07-26T06:16:40Z,2026-05-07T06:14:35Z,2026-05-07T06:14:32Z,4911,True,uvgRTP,ultravideo/uvgRTP,git@github.com:ultravideo/uvgRTP.git,431
MDEwOlJlcG9zaXRvcnkxOTg5MjI3NzQ=,2019-07-26T01:11:23Z,2026-03-17T20:23:34Z,2026-03-17T20:23:30Z,928,False,MRC_creator,helderlopes/MRC_creator,git@github.com:helderlopes/MRC_creator.git,17
MDEwOlJlcG9zaXRvcnkxOTg4OTk5MjA=,2019-07-25T20:54:42Z,2026-05-06T07:54:29Z,2026-05-06T08:33:54Z,82731,True,systemc,accellera-official/systemc,git@github.com:accellera-official/systemc.git,656
MDEwOlJlcG9zaXRvcnkxOTg4OTgzODY=,2019-07-25T20:39:42Z,2026-03-07T23:11:30Z,2026-03-07T23:11:26Z,123,True,CAENHVAsyn,slac-epics/CAENHVAsyn,git@github.com:slac-epics/CAENHVAsyn.git,3
MDEwOlJlcG9zaXRvcnkxOTg4NjMwNzc=,2019-07-25T16:06:51Z,2026-03-02T14:05:58Z,2026-03-02T14:04:56Z,279,False,numo-liblinear,yoshoku/numo-liblinear,git@github.com:yoshoku/numo-liblinear.git,0
MDEwOlJlcG9zaXRvcnkxOTg4NDI4NjM=,2019-07-25T14:05:08Z,2026-04-28T02:05:00Z,2026-04-16T12:36:22Z,112,False,littleslam_ros2,rsasaki0109/littleslam_ros2,git@github.com:rsasaki0109/littleslam_ros2.git,40
MDEwOlJlcG9zaXRvcnkxOTg4Mzc0MzE=,2019-07-25T13:31:46Z,2026-03-18T03:51:21Z,2026-03-18T03:51:17Z,1060,False,Things,EZForever/Things,git@github.com:EZForever/Things.git,76
MDEwOlJlcG9zaXRvcnkxOTg4MzY5ODM=,2019-07-25T13:28:56Z,2026-04-16T08:10:11Z,2026-04-17T05:12:17Z,70,True,LofarStMan,lofar-astron/LofarStMan,git@github.com:lofar-astron/LofarStMan.git,2
MDEwOlJlcG9zaXRvcnkxOTg4MTc4Nzk=,2019-07-25T11:22:35Z,2026-05-02T18:24:06Z,2026-05-04T22:48:30Z,10606,True,master-board,open-dynamic-robot-initiative/master-board,git@github.com:open-dynamic-robot-initiative/master-board.git,132
MDEwOlJlcG9zaXRvcnkxOTg3OTgxODY=,2019-07-25T09:14:06Z,2026-04-19T11:03:32Z,2026-04-19T11:03:27Z,305,False,Caceres,lasinforosa/Caceres,git@github.com:lasinforosa/Caceres.git,0
MDEwOlJlcG9zaXRvcnkxOTg3ODg1NTc=,2019-07-25T08:16:56Z,2026-05-07T03:29:58Z,2026-05-07T03:30:29Z,13461,False,stool,TNishimoto/stool,git@github.com:TNishimoto/stool.git,1
MDEwOlJlcG9zaXRvcnkxOTg3MTg5NzY=,2019-07-24T22:43:35Z,2026-05-03T17:26:46Z,2026-05-03T17:26:42Z,1563,False,crap,HaxyM/crap,git@github.com:HaxyM/crap.git,5
MDEwOlJlcG9zaXRvcnkxOTg3MTA2NTg=,2019-07-24T21:14:47Z,2026-03-30T00:47:22Z,2026-04-02T08:08:19Z,760,True,mso,microsoft/mso,git@github.com:microsoft/mso.git,73
MDEwOlJlcG9zaXRvcnkxOTg3MTAxNTE=,2019-07-24T21:10:03Z,2026-04-07T07:41:06Z,2026-04-28T15:38:17Z,463,True,MultimodeNonlinearOptics,mcmahon-lab/MultimodeNonlinearOptics,git@github.com:mcmahon-lab/MultimodeNonlinearOptics.git,4
MDEwOlJlcG9zaXRvcnkxOTg3MDUxMzE=,2019-07-24T20:25:39Z,2026-05-04T22:24:19Z,2026-05-04T22:24:19Z,802,True,examples,dyninst/examples,git@github.com:dyninst/examples.git,15
MDEwOlJlcG9zaXRvcnkxOTg2NzkzNzM=,2019-07-24T17:17:16Z,2026-05-07T08:03:42Z,2026-05-07T08:05:46Z,1738026,True,Caveman2Cosmos,caveman2cosmos/Caveman2Cosmos,git@github.com:caveman2cosmos/Caveman2Cosmos.git,70
MDEwOlJlcG9zaXRvcnkxOTg1OTUyNDU=,2019-07-24T08:46:48Z,2026-04-22T15:29:21Z,2026-04-22T15:29:15Z,4044,True,bb_irflash,BioroboticsLab/bb_irflash,git@github.com:BioroboticsLab/bb_irflash.git,0
MDEwOlJlcG9zaXRvcnkxOTg1NzA0MTY=,2019-07-24T06:14:16Z,2026-05-03T09:28:21Z,2026-05-03T09:28:17Z,4379,False,VrsTunnel,pvvovan/VrsTunnel,git@github.com:pvvovan/VrsTunnel.git,6
MDEwOlJlcG9zaXRvcnkxOTg1MDM2MTQ=,2019-07-23T20:28:25Z,2026-05-07T11:20:52Z,2026-05-04T20:29:00Z,79516,False,Botcraft,adepierre/Botcraft,git@github.com:adepierre/Botcraft.git,593
MDEwOlJlcG9zaXRvcnkxOTg0NjM0Nzk=,2019-07-23T15:57:49Z,2026-04-04T21:36:07Z,2026-04-04T21:36:04Z,245362,False,3dRenderer,xzh1179/3dRenderer,git@github.com:xzh1179/3dRenderer.git,0
MDEwOlJlcG9zaXRvcnkxOTg0NTUzOTE=,2019-07-23T15:13:03Z,2026-05-07T03:31:50Z,2026-05-07T03:31:45Z,188623,True,starc,story-apps/starc,git@github.com:story-apps/starc.git,345
MDEwOlJlcG9zaXRvcnkxOTg0NDA2NTU=,2019-07-23T13:51:30Z,2026-04-13T14:59:04Z,2026-04-13T15:02:04Z,234944,True,BaahBox-Arduino,Orange-OpenSource/BaahBox-Arduino,git@github.com:Orange-OpenSource/BaahBox-Arduino.git,8
MDEwOlJlcG9zaXRvcnkxOTg0NDAwMTU=,2019-07-23T13:48:20Z,2026-04-30T08:47:27Z,2026-04-30T08:47:54Z,281,True,ViennaHRLE,ViennaTools/ViennaHRLE,git@github.com:ViennaTools/ViennaHRLE.git,3
MDEwOlJlcG9zaXRvcnkxOTg0MzI1ODY=,2019-07-23T13:07:31Z,2026-03-26T15:36:58Z,2026-03-25T13:37:27Z,2211,True,reana-demo-alice-pt-analysis,reanahub/reana-demo-alice-pt-analysis,git@github.com:reanahub/reana-demo-alice-pt-analysis.git,1
MDEwOlJlcG9zaXRvcnkxOTgzOTYwOTE=,2019-07-23T09:18:08Z,2026-03-06T09:16:39Z,2026-04-20T18:43:58Z,100893,True,openthread,zephyrproject-rtos/openthread,git@github.com:zephyrproject-rtos/openthread.git,31
MDEwOlJlcG9zaXRvcnkxOTgyODg4MjM=,2019-07-22T19:24:43Z,2026-04-19T19:37:17Z,2026-04-19T19:37:14Z,1084,False,Covariate-dependent-network,shanghongxie/Covariate-dependent-network,git@github.com:shanghongxie/Covariate-dependent-network.git,0
MDEwOlJlcG9zaXRvcnkxOTgyNzU0NTc=,2019-07-22T17:54:36Z,2026-03-06T08:08:25Z,2026-03-06T08:17:50Z,8337,False,Ohmer,DomiKamu/Ohmer,git@github.com:DomiKamu/Ohmer.git,9
MDEwOlJlcG9zaXRvcnkxOTgyNjM0NjA=,2019-07-22T16:31:03Z,2026-04-10T16:57:28Z,2026-04-10T16:57:22Z,621,True,phosphor-psu-code-mgmt,openbmc/phosphor-psu-code-mgmt,git@github.com:openbmc/phosphor-psu-code-mgmt.git,2
MDEwOlJlcG9zaXRvcnkxOTgyNTA5NjA=,2019-07-22T15:28:53Z,2026-04-19T02:48:18Z,2026-04-19T02:48:14Z,1047,False,leetcode_pratice,Cuda-Chen/leetcode_pratice,git@github.com:Cuda-Chen/leetcode_pratice.git,1
MDEwOlJlcG9zaXRvcnkxOTgyNDkwMDc=,2019-07-22T15:16:56Z,2026-04-26T13:05:17Z,2026-04-26T13:05:13Z,1496,True,cpp-osx-json_file_monitor,pqrs-org/cpp-osx-json_file_monitor,git@github.com:pqrs-org/cpp-osx-json_file_monitor.git,1
MDEwOlJlcG9zaXRvcnkxOTgyNDUwNzM=,2019-07-22T14:54:34Z,2026-05-03T09:15:22Z,2026-04-02T19:02:53Z,2840,True,s2,radarlabs/s2,git@github.com:radarlabs/s2.git,138
MDEwOlJlcG9zaXRvcnkxOTgyMzM1MDg=,2019-07-22T13:55:02Z,2026-04-28T06:42:53Z,2026-04-28T06:42:50Z,140,True,cosim-cli,open-simulation-platform/cosim-cli,git@github.com:open-simulation-platform/cosim-cli.git,10
MDEwOlJlcG9zaXRvcnkxOTgyMzI2ODU=,2019-07-22T13:50:21Z,2026-05-07T10:25:47Z,2026-05-02T19:42:33Z,34378,True,open_spiel,google-deepmind/open_spiel,git@github.com:google-deepmind/open_spiel.git,5192
MDEwOlJlcG9zaXRvcnkxOTgxMzU3MDc=,2019-07-22T02:55:00Z,2026-04-07T05:30:02Z,2026-04-30T18:05:06Z,15996,True,pawsey-containers,PawseySC/pawsey-containers,git@github.com:PawseySC/pawsey-containers.git,19
MDEwOlJlcG9zaXRvcnkxOTgxMTcyODY=,2019-07-22T00:03:30Z,2026-03-10T11:04:53Z,2026-03-10T11:04:48Z,5745,True,simts,cran/simts,git@github.com:cran/simts.git,0
MDEwOlJlcG9zaXRvcnkxOTgwNjcwNTk=,2019-07-21T14:32:42Z,2026-03-03T16:10:57Z,2026-03-03T16:06:01Z,270,False,QtGL3DBuildingInfoModel,giraphics/QtGL3DBuildingInfoModel,git@github.com:giraphics/QtGL3DBuildingInfoModel.git,1
MDEwOlJlcG9zaXRvcnkxOTgwNTgzODk=,2019-07-21T13:16:32Z,2026-04-09T20:02:07Z,2026-04-09T20:01:59Z,10036,False,Sethex,Tenjix/Sethex,git@github.com:Tenjix/Sethex.git,5
MDEwOlJlcG9zaXRvcnkxOTgwNTgyNDA=,2019-07-21T13:15:27Z,2026-04-09T19:06:22Z,2026-04-09T19:06:04Z,27,False,Ensys,Tenjix/Ensys,git@github.com:Tenjix/Ensys.git,0
MDEwOlJlcG9zaXRvcnkxOTgwNTc3Njg=,2019-07-21T13:11:23Z,2026-04-09T19:04:59Z,2026-04-09T19:04:54Z,37,False,Utilities,Tenjix/Utilities,git@github.com:Tenjix/Utilities.git,0
MDEwOlJlcG9zaXRvcnkxOTgwMzYyNTQ=,2019-07-21T09:14:25Z,2026-04-28T13:59:47Z,2026-04-28T13:56:03Z,4709,False,microcontrollers,chovanjo/microcontrollers,git@github.com:chovanjo/microcontrollers.git,6
MDEwOlJlcG9zaXRvcnkxOTgwMDcwMDY=,2019-07-21T03:21:08Z,2026-03-23T12:34:56Z,2026-03-23T12:34:53Z,1091,False,ProjectEuler,shenlei149/ProjectEuler,git@github.com:shenlei149/ProjectEuler.git,0
MDEwOlJlcG9zaXRvcnkxOTc5ODU3MDc=,2019-07-20T22:11:06Z,2026-04-25T20:25:27Z,2026-04-25T20:25:21Z,294,False,Monomotronic-MA1.7-Scanner,Fabio3rs/Monomotronic-MA1.7-Scanner,git@github.com:Fabio3rs/Monomotronic-MA1.7-Scanner.git,1
MDEwOlJlcG9zaXRvcnkxOTc5ODMyNjc=,2019-07-20T21:36:08Z,2026-05-05T17:13:53Z,2026-05-05T17:13:49Z,2916,True,DlgSystem,NotYetGames/DlgSystem,git@github.com:NotYetGames/DlgSystem.git,610
MDEwOlJlcG9zaXRvcnkxOTc5NzQ2OTg=,2019-07-20T19:47:12Z,2026-04-16T16:41:18Z,2026-04-16T16:41:14Z,18165,False,ion,Korsreven/ion,git@github.com:Korsreven/ion.git,7
MDEwOlJlcG9zaXRvcnkxOTc5NjIxMDk=,2019-07-20T17:30:40Z,2026-03-02T14:04:21Z,2026-03-02T14:02:55Z,402,False,numo-libsvm,yoshoku/numo-libsvm,git@github.com:yoshoku/numo-libsvm.git,4
MDEwOlJlcG9zaXRvcnkxOTc5NDk2NjU=,2019-07-20T15:38:10Z,2026-03-02T11:15:42Z,2026-03-02T11:15:37Z,720,False,c_cpp_scratchpad,twr14152/c_cpp_scratchpad,git@github.com:twr14152/c_cpp_scratchpad.git,0
MDEwOlJlcG9zaXRvcnkxOTc5MDQ2NjI=,2019-07-20T08:51:25Z,2026-04-29T05:36:46Z,2026-04-29T21:24:49Z,70503,False,acacia-bonsai,gaperez64/acacia-bonsai,git@github.com:gaperez64/acacia-bonsai.git,5
MDEwOlJlcG9zaXRvcnkxOTc5MDIwMjY=,2019-07-20T08:27:16Z,2026-04-29T21:53:30Z,2026-05-01T22:03:13Z,5913,False,diesel-scm,AnotherFoxGuy/diesel-scm,git@github.com:AnotherFoxGuy/diesel-scm.git,38
MDEwOlJlcG9zaXRvcnkxOTc4OTk5MTQ=,2019-07-20T08:07:59Z,2026-03-28T15:30:56Z,2026-03-29T15:32:57Z,10675,False,Project-TZK-Since2.12,TZKdeveloperIF/Project-TZK-Since2.12,git@github.com:TZKdeveloperIF/Project-TZK-Since2.12.git,4
MDEwOlJlcG9zaXRvcnkxOTc4OTk3NjQ=,2019-07-20T08:06:42Z,2026-03-14T13:27:21Z,2026-03-14T13:27:18Z,9244,False,boat,wumode/boat,git@github.com:wumode/boat.git,9
MDEwOlJlcG9zaXRvcnkxOTc4MTIwMjk=,2019-07-19T16:55:39Z,2026-05-06T21:08:31Z,2026-05-06T21:08:27Z,15404,False,software_engineering,behnamasadi/software_engineering,git@github.com:behnamasadi/software_engineering.git,21
MDEwOlJlcG9zaXRvcnkxOTc4MTA0MjY=,2019-07-19T16:42:53Z,2026-05-01T13:00:03Z,2026-05-01T12:59:59Z,68,True,Okapi_Library,NorthernWidget-Skunkworks/Okapi_Library,git@github.com:NorthernWidget-Skunkworks/Okapi_Library.git,1
MDEwOlJlcG9zaXRvcnkxOTc4MDg5ODE=,2019-07-19T16:32:20Z,2026-05-07T10:00:51Z,2026-04-14T18:18:39Z,2618,False,library,ei1333/library,git@github.com:ei1333/library.git,250
MDEwOlJlcG9zaXRvcnkxOTc3ODIyNjI=,2019-07-19T14:00:11Z,2026-04-27T01:03:59Z,2026-03-16T15:16:00Z,112,True,Arduino_LSM6DS3,arduino-libraries/Arduino_LSM6DS3,git@github.com:arduino-libraries/Arduino_LSM6DS3.git,35
MDEwOlJlcG9zaXRvcnkxOTc3Njk4MjE=,2019-07-19T12:33:50Z,2026-05-06T16:13:46Z,2026-04-20T11:10:47Z,4478,False,signalbackup-tools,bepaald/signalbackup-tools,git@github.com:bepaald/signalbackup-tools.git,1324
MDEwOlJlcG9zaXRvcnkxOTc3NDgxODc=,2019-07-19T09:52:09Z,2026-04-26T13:48:55Z,2026-04-26T13:48:47Z,29610,True,prism,prismplp/prism,git@github.com:prismplp/prism.git,39
MDEwOlJlcG9zaXRvcnkxOTc2OTM0NzI=,2019-07-19T03:12:53Z,2026-04-28T21:20:47Z,2026-04-28T21:20:44Z,871,True,buildit,BuildIt-lang/buildit,git@github.com:BuildIt-lang/buildit.git,192
MDEwOlJlcG9zaXRvcnkxOTc2NzQxNTY=,2019-07-19T00:26:15Z,2026-05-02T23:15:50Z,2026-05-02T23:15:46Z,6665,False,HIPS-HIDS_CveMod,TimelifeCzy/HIPS-HIDS_CveMod,git@github.com:TimelifeCzy/HIPS-HIDS_CveMod.git,58
MDEwOlJlcG9zaXRvcnkxOTc1OTk4OTk=,2019-07-18T14:12:38Z,2026-04-22T13:38:29Z,2026-04-22T13:38:25Z,117,False,Radium-OS,NoahKa0/Radium-OS,git@github.com:NoahKa0/Radium-OS.git,3
MDEwOlJlcG9zaXRvcnkxOTc1NzUzNjY=,2019-07-18T11:37:42Z,2026-05-06T15:18:16Z,2026-05-06T15:10:27Z,73072,False,factor-by-gnfs,ChrisCGH/factor-by-gnfs,git@github.com:ChrisCGH/factor-by-gnfs.git,0
MDEwOlJlcG9zaXRvcnkxOTc1NzQ0NjQ=,2019-07-18T11:31:25Z,2026-05-06T10:09:46Z,2026-05-06T10:09:42Z,58209,True,t-SNE-Analysis,ManiVaultStudio/t-SNE-Analysis,git@github.com:ManiVaultStudio/t-SNE-Analysis.git,1
MDEwOlJlcG9zaXRvcnkxOTc1NjQ0MzQ=,2019-07-18T10:20:03Z,2026-04-20T02:07:10Z,2026-04-20T02:07:03Z,494,False,SDAccel,Yongbozzz/SDAccel,git@github.com:Yongbozzz/SDAccel.git,1
MDEwOlJlcG9zaXRvcnkxOTc1MTA5MTc=,2019-07-18T04:22:19Z,2026-04-22T00:13:42Z,2026-04-22T00:13:38Z,68,False,ConstraintGuidedGeneticSearch,iam4722202468/ConstraintGuidedGeneticSearch,git@github.com:iam4722202468/ConstraintGuidedGeneticSearch.git,0
MDEwOlJlcG9zaXRvcnkxOTc0OTA0OTg=,2019-07-18T01:44:25Z,2026-04-30T08:08:06Z,2026-04-30T08:08:02Z,1083778,False,Boss2D,BonexGoo/Boss2D,git@github.com:BonexGoo/Boss2D.git,31
MDEwOlJlcG9zaXRvcnkxOTc0NDk0NjQ=,2019-07-17T19:23:49Z,2026-03-29T12:05:24Z,2026-03-29T12:05:21Z,1120,False,DCC-accessories-decoder-D18-with-servos-and-EEPROM,papat400/DCC-accessories-decoder-D18-with-servos-and-EEPROM,git@github.com:papat400/DCC-accessories-decoder-D18-with-servos-and-EEPROM.git,1
MDEwOlJlcG9zaXRvcnkxOTc0MDMzNzU=,2019-07-17T14:16:21Z,2026-05-07T10:50:11Z,2026-05-07T10:50:07Z,2109,True,FeeLLGood,feellgood/FeeLLGood,git@github.com:feellgood/FeeLLGood.git,11
MDEwOlJlcG9zaXRvcnkxOTczNjUxMzk=,2019-07-17T10:09:49Z,2026-03-27T12:25:02Z,2026-03-27T12:24:59Z,121,False,eikonalfm,kevinganster/eikonalfm,git@github.com:kevinganster/eikonalfm.git,37
MDEwOlJlcG9zaXRvcnkxOTczNjEyNDM=,2019-07-17T09:45:14Z,2026-04-23T22:53:55Z,2026-04-23T22:53:49Z,863372,True,Plugins,ProjectBorealis/Plugins,git@github.com:ProjectBorealis/Plugins.git,30
MDEwOlJlcG9zaXRvcnkxOTcyNzUxMzA=,2019-07-16T22:16:49Z,2026-05-07T11:18:48Z,2026-05-07T00:47:44Z,43948,True,winget-cli,microsoft/winget-cli,git@github.com:microsoft/winget-cli.git,25815
MDEwOlJlcG9zaXRvcnkxOTcyNzQ4NzU=,2019-07-16T22:14:05Z,2026-05-06T01:36:35Z,2026-05-05T02:59:23Z,4669,False,KDE-Rounded-Corners,matinlotfali/KDE-Rounded-Corners,git@github.com:matinlotfali/KDE-Rounded-Corners.git,1144
MDEwOlJlcG9zaXRvcnkxOTcyNzI3MDg=,2019-07-16T21:50:46Z,2026-05-05T08:29:01Z,2026-04-27T17:19:36Z,87273,True,tesseract_ros2,tesseract-robotics/tesseract_ros2,git@github.com:tesseract-robotics/tesseract_ros2.git,46
MDEwOlJlcG9zaXRvcnkxOTcyNTE0MjA=,2019-07-16T18:59:12Z,2026-04-20T15:17:55Z,2026-04-25T03:30:32Z,8055,True,ApproxASP,meelgroup/ApproxASP,git@github.com:meelgroup/ApproxASP.git,2
MDEwOlJlcG9zaXRvcnkxOTcyMjY3NjI=,2019-07-16T16:08:16Z,2026-03-25T18:49:24Z,2026-04-14T20:34:34Z,1200,True,openpower-occ-control,ibm-openbmc/openpower-occ-control,git@github.com:ibm-openbmc/openpower-occ-control.git,1
MDEwOlJlcG9zaXRvcnkxOTcxNTAwNjc=,2019-07-16T08:10:59Z,2026-03-28T12:53:52Z,2026-03-28T12:53:48Z,352,False,ACM-axiomofchoice,axiomofchoice-hjt/ACM-axiomofchoice,git@github.com:axiomofchoice-hjt/ACM-axiomofchoice.git,33
MDEwOlJlcG9zaXRvcnkxOTcxNDQxNjQ=,2019-07-16T07:33:55Z,2026-04-19T04:43:42Z,2026-04-09T16:59:32Z,86610,True,FLVIS,HKPolyU-UAV/FLVIS,git@github.com:HKPolyU-UAV/FLVIS.git,215
MDEwOlJlcG9zaXRvcnkxOTcxMzI5NTc=,2019-07-16T06:22:09Z,2026-05-06T01:12:01Z,2026-05-06T01:11:57Z,181,False,cpp,yuvvi/cpp,git@github.com:yuvvi/cpp.git,0
MDEwOlJlcG9zaXRvcnkxOTcxMTQyNTk=,2019-07-16T03:33:06Z,2026-03-31T20:26:31Z,2026-03-31T20:26:26Z,605,False,hope,rextanka/hope,git@github.com:rextanka/hope.git,1
MDEwOlJlcG9zaXRvcnkxOTcwMzAyMTA=,2019-07-15T15:58:08Z,2026-05-06T16:04:38Z,2026-05-06T16:03:58Z,308,False,AtCoder,RioKKH/AtCoder,git@github.com:RioKKH/AtCoder.git,0
MDEwOlJlcG9zaXRvcnkxOTcwMjY1NTg=,2019-07-15T15:35:34Z,2026-04-20T11:19:36Z,2026-05-07T09:45:36Z,44556,True,core,ManiVaultStudio/core,git@github.com:ManiVaultStudio/core.git,11
MDEwOlJlcG9zaXRvcnkxOTcwMjU4NDc=,2019-07-15T15:31:10Z,2026-05-07T09:29:23Z,2026-03-31T08:13:55Z,783,True,webgpu-headers,webgpu-native/webgpu-headers,git@github.com:webgpu-native/webgpu-headers.git,559
MDEwOlJlcG9zaXRvcnkxOTcwMDMxNzE=,2019-07-15T13:22:30Z,2026-03-05T13:59:14Z,2026-03-05T13:59:10Z,149,False,Arduino,arthurk88/Arduino,git@github.com:arthurk88/Arduino.git,0
MDEwOlJlcG9zaXRvcnkxOTY5OTM3NzA=,2019-07-15T12:23:51Z,2026-03-04T14:29:26Z,2026-03-04T14:29:21Z,874,False,AwpsoftGameModule,awp9835/AwpsoftGameModule,git@github.com:awp9835/AwpsoftGameModule.git,1
MDEwOlJlcG9zaXRvcnkxOTY5NjcyNTI=,2019-07-15T09:25:18Z,2026-03-13T12:56:37Z,2026-03-13T12:56:33Z,29,False,basachky,slollo/basachky,git@github.com:slollo/basachky.git,1
MDEwOlJlcG9zaXRvcnkxOTY5NjU4MTY=,2019-07-15T09:16:52Z,2026-04-27T11:59:36Z,2026-03-28T03:07:27Z,8903,False,SEAL-Python,Huelse/SEAL-Python,git@github.com:Huelse/SEAL-Python.git,348
MDEwOlJlcG9zaXRvcnkxOTY5NTM2MDg=,2019-07-15T08:07:36Z,2026-04-19T17:05:35Z,2026-03-26T22:21:38Z,895,False,latheControl,md81544/latheControl,git@github.com:md81544/latheControl.git,5
MDEwOlJlcG9zaXRvcnkxOTY5MjQ3MzI=,2019-07-15T04:38:02Z,2026-03-27T10:27:14Z,2026-03-11T11:44:07Z,1186,True,sauer-cmake-conan,LibreCube/sauer-cmake-conan,git@github.com:LibreCube/sauer-cmake-conan.git,3
MDEwOlJlcG9zaXRvcnkxOTY4ODcxODU=,2019-07-14T21:56:22Z,2026-03-03T20:26:05Z,2026-03-03T20:26:00Z,1991,False,outliertree,david-cortes/outliertree,git@github.com:david-cortes/outliertree.git,64
MDEwOlJlcG9zaXRvcnkxOTY4Njc0NDg=,2019-07-14T17:56:11Z,2026-03-18T17:59:48Z,2026-03-18T17:59:43Z,756,True,exercises-cpp,hexlet-basics/exercises-cpp,git@github.com:hexlet-basics/exercises-cpp.git,4
MDEwOlJlcG9zaXRvcnkxOTY4NjE0MTI=,2019-07-14T16:49:57Z,2026-03-29T09:21:45Z,2026-03-29T09:21:39Z,218,False,BatScript,SlidyBat/BatScript,git@github.com:SlidyBat/BatScript.git,1
MDEwOlJlcG9zaXRvcnkxOTY4Mjc3MDA=,2019-07-14T11:22:09Z,2026-04-26T13:04:38Z,2026-04-26T13:04:34Z,1202,True,cpp-osx-iokit_hid_device_open_checker,pqrs-org/cpp-osx-iokit_hid_device_open_checker,git@github.com:pqrs-org/cpp-osx-iokit_hid_device_open_checker.git,1
MDEwOlJlcG9zaXRvcnkxOTY4MTM3NTA=,2019-07-14T08:45:45Z,2026-05-07T11:35:51Z,2026-03-12T15:48:05Z,1331,False,CPlusPlusThings,Light-City/CPlusPlusThings,git@github.com:Light-City/CPlusPlusThings.git,43104
MDEwOlJlcG9zaXRvcnkxOTY3OTY0NDU=,2019-07-14T05:12:53Z,2026-04-14T09:19:50Z,2026-04-14T09:19:44Z,69,False,Gibbs_Sampling-Markov_Chain_Monte_Carlo,ajitashree/Gibbs_Sampling-Markov_Chain_Monte_Carlo,git@github.com:ajitashree/Gibbs_Sampling-Markov_Chain_Monte_Carlo.git,1
MDEwOlJlcG9zaXRvcnkxOTY3NzIwOTQ=,2019-07-13T22:36:26Z,2026-03-20T18:50:45Z,2026-05-01T16:14:57Z,73721,False,quantraserver,joseprupi/quantraserver,git@github.com:joseprupi/quantraserver.git,27
MDEwOlJlcG9zaXRvcnkxOTY3NTkyNjY=,2019-07-13T19:33:15Z,2026-04-14T09:22:54Z,2026-04-14T09:22:49Z,130,False,OCR_Inference_in_Bayesian_Networks,ajitashree/OCR_Inference_in_Bayesian_Networks,git@github.com:ajitashree/OCR_Inference_in_Bayesian_Networks.git,0
MDEwOlJlcG9zaXRvcnkxOTY3NTc5NzE=,2019-07-13T19:17:35Z,2026-04-14T09:23:54Z,2026-04-14T09:23:50Z,348,False,Bayesian_Network_Implementation,ajitashree/Bayesian_Network_Implementation,git@github.com:ajitashree/Bayesian_Network_Implementation.git,0
MDEwOlJlcG9zaXRvcnkxOTY3MzA0Nzk=,2019-07-13T14:25:08Z,2026-04-21T01:44:28Z,2026-04-21T01:44:23Z,9949,False,ptSolar,custom-ds/ptSolar,git@github.com:custom-ds/ptSolar.git,0
MDEwOlJlcG9zaXRvcnkxOTY3MjQ3MjM=,2019-07-13T13:28:02Z,2026-04-14T09:19:24Z,2026-04-14T09:19:19Z,301,False,Multi-Level-Facility-Location,ajitashree/Multi-Level-Facility-Location,git@github.com:ajitashree/Multi-Level-Facility-Location.git,1
MDEwOlJlcG9zaXRvcnkxOTY3MjM0NjY=,2019-07-13T13:14:41Z,2026-04-15T01:08:21Z,2026-04-15T01:08:16Z,1223,False,dailytools,chjfth/dailytools,git@github.com:chjfth/dailytools.git,8
MDEwOlJlcG9zaXRvcnkxOTY2OTc0NDU=,2019-07-13T08:24:53Z,2026-04-13T08:54:17Z,2026-04-08T21:29:20Z,8353,True,canorus,canorusmusic/canorus,git@github.com:canorusmusic/canorus.git,44
MDEwOlJlcG9zaXRvcnkxOTY2ODI4Nzk=,2019-07-13T05:36:28Z,2026-03-25T09:01:19Z,2026-03-25T09:01:07Z,9,False,CW_Beacon,xN0D/CW_Beacon,git@github.com:xN0D/CW_Beacon.git,2
MDEwOlJlcG9zaXRvcnkxOTY2NzY2Njk=,2019-07-13T04:08:57Z,2026-04-14T09:19:21Z,2026-04-14T09:18:49Z,90559,False,Hierarchical-Facility-Location,ajitashree/Hierarchical-Facility-Location,git@github.com:ajitashree/Hierarchical-Facility-Location.git,1
MDEwOlJlcG9zaXRvcnkxOTY2NDIzNTM=,2019-07-12T20:33:22Z,2026-04-21T04:01:22Z,2026-04-29T07:48:02Z,8727,True,Dendrometer,OPEnSLab-OSU/Dendrometer,git@github.com:OPEnSLab-OSU/Dendrometer.git,5
MDEwOlJlcG9zaXRvcnkxOTY2MzQ4OTE=,2019-07-12T19:30:47Z,2026-05-02T17:49:31Z,2026-04-28T11:10:06Z,4300,True,quirrel,GaijinEntertainment/quirrel,git@github.com:GaijinEntertainment/quirrel.git,220
MDEwOlJlcG9zaXRvcnkxOTY2MzIyNjE=,2019-07-12T19:09:49Z,2026-04-27T09:32:50Z,2026-04-27T09:32:46Z,21803,False,AutoGattOperations,btframework/AutoGattOperations,git@github.com:btframework/AutoGattOperations.git,1
MDEwOlJlcG9zaXRvcnkxOTY2MzAzNzE=,2019-07-12T18:54:10Z,2026-04-12T18:23:53Z,2026-04-12T18:23:47Z,29,False,yolo_annotation_tool,2vin/yolo_annotation_tool,git@github.com:2vin/yolo_annotation_tool.git,54
MDEwOlJlcG9zaXRvcnkxOTY2MDU3NzA=,2019-07-12T15:46:42Z,2026-05-07T09:18:27Z,2026-05-07T09:18:08Z,117553,False,bg2e-native,ferserc1/bg2e-native,git@github.com:ferserc1/bg2e-native.git,0
MDEwOlJlcG9zaXRvcnkxOTY1NzEzMDc=,2019-07-12T11:55:31Z,2026-04-07T15:18:24Z,2026-04-07T15:17:04Z,505,False,PortfolioJobInterview,NeptuneMagicSauce/PortfolioJobInterview,git@github.com:NeptuneMagicSauce/PortfolioJobInterview.git,0
MDEwOlJlcG9zaXRvcnkxOTY1Njg1MzM=,2019-07-12T11:34:01Z,2026-03-18T14:45:55Z,2026-03-18T14:44:43Z,25914,False,practice,elyo9381/practice,git@github.com:elyo9381/practice.git,1
MDEwOlJlcG9zaXRvcnkxOTY1NDc0ODU=,2019-07-12T09:11:13Z,2026-05-07T02:01:02Z,2026-05-06T12:36:29Z,892,True,rz-ghidra,rizinorg/rz-ghidra,git@github.com:rizinorg/rz-ghidra.git,933
MDEwOlJlcG9zaXRvcnkxOTY1MTY3NzA=,2019-07-12T05:52:04Z,2026-04-22T04:58:05Z,2026-04-22T04:57:56Z,175354,False,Revenant,benjcooley/Revenant,git@github.com:benjcooley/Revenant.git,29
MDEwOlJlcG9zaXRvcnkxOTY0NjE3Mzc=,2019-07-11T20:35:12Z,2026-03-03T13:38:13Z,2026-03-03T13:38:09Z,2659,False,Tube-network-headers,CarlWhitfield/Tube-network-headers,git@github.com:CarlWhitfield/Tube-network-headers.git,0
MDEwOlJlcG9zaXRvcnkxOTY0NDYxMjc=,2019-07-11T18:25:56Z,2026-04-14T15:10:17Z,2026-04-27T18:27:29Z,368,True,utilities,GMLC-TDC/utilities,git@github.com:GMLC-TDC/utilities.git,1
MDEwOlJlcG9zaXRvcnkxOTYzNjI1ODg=,2019-07-11T09:24:15Z,2026-05-07T06:33:14Z,2026-05-05T02:52:03Z,223383,True,zrythm,zrythm/zrythm,git@github.com:zrythm/zrythm.git,2944
MDEwOlJlcG9zaXRvcnkxOTYzMzM4NTQ=,2019-07-11T06:33:59Z,2026-03-04T00:54:46Z,2026-03-04T00:54:42Z,699,False,flutter_grid_button,zuvola/flutter_grid_button,git@github.com:zuvola/flutter_grid_button.git,12
MDEwOlJlcG9zaXRvcnkxOTYyNzM4ODE=,2019-07-10T20:55:49Z,2026-05-03T10:14:04Z,2026-05-03T10:14:00Z,291,True,rcs-lib-XpressNET-qt,kmzbrnoI/rcs-lib-XpressNET-qt,git@github.com:kmzbrnoI/rcs-lib-XpressNET-qt.git,1
MDEwOlJlcG9zaXRvcnkxOTYyNTI3MDg=,2019-07-10T18:02:01Z,2026-04-18T04:16:57Z,2026-04-18T04:16:54Z,370,False,LeifESPBase,leifclaesson/LeifESPBase,git@github.com:leifclaesson/LeifESPBase.git,2
MDEwOlJlcG9zaXRvcnkxOTYyNTExNzg=,2019-07-10T17:50:24Z,2026-04-18T04:17:12Z,2026-04-18T04:17:08Z,68,False,LeifHomieLib,leifclaesson/LeifHomieLib,git@github.com:leifclaesson/LeifHomieLib.git,19
MDEwOlJlcG9zaXRvcnkxOTYxNjgyMzU=,2019-07-10T08:46:23Z,2026-05-03T19:30:19Z,2026-05-03T19:30:15Z,149,False,rcmalloc,ceorron/rcmalloc,git@github.com:ceorron/rcmalloc.git,8
MDEwOlJlcG9zaXRvcnkxOTYxNTI4MjE=,2019-07-10T07:17:04Z,2026-04-03T04:40:15Z,2026-04-03T04:40:11Z,42,False,blogrepo,tinkerbeast/blogrepo,git@github.com:tinkerbeast/blogrepo.git,0
MDEwOlJlcG9zaXRvcnkxOTYxMTI3MzQ=,2019-07-10T02:03:58Z,2026-03-04T17:10:16Z,2026-03-04T17:10:11Z,7092,True,chesto,fortheusers/chesto,git@github.com:fortheusers/chesto.git,31
MDEwOlJlcG9zaXRvcnkxOTYwOTQ4NzA=,2019-07-09T22:54:27Z,2026-05-06T10:33:01Z,2026-05-06T23:47:50Z,322252,True,StereoKit,StereoKit/StereoKit,git@github.com:StereoKit/StereoKit.git,1061
MDEwOlJlcG9zaXRvcnkxOTYwNzY4Njc=,2019-07-09T20:13:13Z,2026-04-12T08:01:26Z,2026-04-01T13:38:20Z,1184,False,Volume-Renderer,gallickgunner/Volume-Renderer,git@github.com:gallickgunner/Volume-Renderer.git,82
MDEwOlJlcG9zaXRvcnkxOTYwNDQyNTQ=,2019-07-09T16:20:08Z,2026-04-16T06:29:30Z,2026-04-16T06:59:16Z,402,False,cliquematch,ahgamut/cliquematch,git@github.com:ahgamut/cliquematch.git,10
MDEwOlJlcG9zaXRvcnkxOTYwNDIxMTg=,2019-07-09T16:06:24Z,2026-03-16T12:46:49Z,2026-03-16T12:46:46Z,18087,False,cpp_projects,Chularev/cpp_projects,git@github.com:Chularev/cpp_projects.git,1
MDEwOlJlcG9zaXRvcnkxOTYwMTMyMzg=,2019-07-09T13:21:52Z,2026-03-22T16:07:07Z,2026-03-22T16:07:06Z,31,False,task-queue,lenomirei/task-queue,git@github.com:lenomirei/task-queue.git,0
MDEwOlJlcG9zaXRvcnkxOTU5OTM3ODc=,2019-07-09T11:18:28Z,2026-03-25T14:32:55Z,2026-03-25T14:32:06Z,724,False,algorithm-problem-solving,putdata/algorithm-problem-solving,git@github.com:putdata/algorithm-problem-solving.git,0
MDEwOlJlcG9zaXRvcnkxOTU5NzYwMTI=,2019-07-09T09:21:56Z,2026-04-16T18:28:36Z,2026-04-16T18:28:31Z,4275,False,Dumpling,BleedingChips/Dumpling,git@github.com:BleedingChips/Dumpling.git,2
MDEwOlJlcG9zaXRvcnkxOTU5NjgxMTQ=,2019-07-09T08:38:10Z,2026-05-04T12:41:26Z,2026-03-04T07:46:42Z,279879,True,hackathon,FISCO-BCOS/hackathon,git@github.com:FISCO-BCOS/hackathon.git,94
MDEwOlJlcG9zaXRvcnkxOTU4OTkxMjk=,2019-07-08T23:28:49Z,2026-04-22T17:12:37Z,2026-04-18T20:50:24Z,5091,False,3DProceduralFlowerAnimation,Netanel86/3DProceduralFlowerAnimation,git@github.com:Netanel86/3DProceduralFlowerAnimation.git,1
MDEwOlJlcG9zaXRvcnkxOTU4Njg0MDE=,2019-07-08T18:45:17Z,2026-05-05T21:13:11Z,2026-05-05T21:13:27Z,36195,True,bmcweb,ibm-openbmc/bmcweb,git@github.com:ibm-openbmc/bmcweb.git,14
MDEwOlJlcG9zaXRvcnkxOTU4MjQ4MzM=,2019-07-08T14:07:12Z,2026-05-04T14:42:58Z,2026-05-04T14:42:54Z,139661,False,unsurv-offline,unsurv/unsurv-offline,git@github.com:unsurv/unsurv-offline.git,72
MDEwOlJlcG9zaXRvcnkxOTU4MTIxMDU=,2019-07-08T12:56:28Z,2026-05-02T15:00:26Z,2026-05-02T15:00:23Z,21969,False,Dunjourno,mstrielnikov/Dunjourno,git@github.com:mstrielnikov/Dunjourno.git,0
MDEwOlJlcG9zaXRvcnkxOTU4MDE5Nzk=,2019-07-08T11:52:08Z,2026-04-23T05:52:45Z,2026-04-23T05:52:41Z,402,True,cppyy-cling-feedstock,conda-forge/cppyy-cling-feedstock,git@github.com:conda-forge/cppyy-cling-feedstock.git,1
MDEwOlJlcG9zaXRvcnkxOTU3NzQyNzQ=,2019-07-08T08:55:42Z,2026-05-06T13:02:02Z,2026-05-06T13:01:03Z,491574,True,tamgu,naver/tamgu,git@github.com:naver/tamgu.git,217
MDEwOlJlcG9zaXRvcnkxOTU3NTc2NDc=,2019-07-08T07:20:17Z,2026-03-20T08:44:32Z,2026-03-20T08:44:28Z,231,False,PS-study,WonHyun/PS-study,git@github.com:WonHyun/PS-study.git,0
MDEwOlJlcG9zaXRvcnkxOTU3MTUxOTc=,2019-07-08T01:24:57Z,2026-03-31T11:10:57Z,2026-03-31T11:11:27Z,186,True,libcomm,misa-md/libcomm,git@github.com:misa-md/libcomm.git,1
MDEwOlJlcG9zaXRvcnkxOTU2MDE3NzA=,2019-07-07T02:32:22Z,2026-04-20T01:25:20Z,2026-04-20T01:25:18Z,579,True,mirakc-arib,mirakc/mirakc-arib,git@github.com:mirakc/mirakc-arib.git,24
MDEwOlJlcG9zaXRvcnkxOTU1MjA3NTI=,2019-07-06T09:17:24Z,2026-05-06T14:27:43Z,2026-04-11T08:40:39Z,2413,False,cpp-rotor,basiliscos/cpp-rotor,git@github.com:basiliscos/cpp-rotor.git,380
MDEwOlJlcG9zaXRvcnkxOTU1MTk5NjY=,2019-07-06T09:07:53Z,2026-03-10T17:49:18Z,2026-03-10T17:49:14Z,724,False,algorithms-training,cuongpiger/algorithms-training,git@github.com:cuongpiger/algorithms-training.git,4
MDEwOlJlcG9zaXRvcnkxOTU0NTA1Njc=,2019-07-05T18:11:19Z,2026-03-18T15:19:14Z,2026-03-18T15:19:01Z,57,True,altera-max-tools,programmable-logic-tools/altera-max-tools,git@github.com:programmable-logic-tools/altera-max-tools.git,8
MDEwOlJlcG9zaXRvcnkxOTU0Mzk4NDk=,2019-07-05T16:35:34Z,2026-04-20T11:35:30Z,2026-04-09T08:52:11Z,427,True,lldb-mi,lldb-tools/lldb-mi,git@github.com:lldb-tools/lldb-mi.git,190
MDEwOlJlcG9zaXRvcnkxOTU0Mzc0NDM=,2019-07-05T16:14:50Z,2026-04-05T11:13:07Z,2026-04-05T11:13:01Z,91,False,autoangel,Smertig/autoangel,git@github.com:Smertig/autoangel.git,29
MDEwOlJlcG9zaXRvcnkxOTU0MzYyMDQ=,2019-07-05T16:04:58Z,2026-03-10T08:00:25Z,2026-03-10T08:00:22Z,406,False,Marbot-Musola,ASNProject/Marbot-Musola,git@github.com:ASNProject/Marbot-Musola.git,0
MDEwOlJlcG9zaXRvcnkxOTUzOTYzMzc=,2019-07-05T11:13:29Z,2026-04-23T09:02:30Z,2026-04-23T09:02:25Z,30169,True,MocapNET,FORTH-ModelBasedTracker/MocapNET,git@github.com:FORTH-ModelBasedTracker/MocapNET.git,930
MDEwOlJlcG9zaXRvcnkxOTUzNjcyMjc=,2019-07-05T08:05:34Z,2026-04-17T09:48:48Z,2026-04-08T08:42:59Z,7921,False,MyTestCode,gongjianbo/MyTestCode,git@github.com:gongjianbo/MyTestCode.git,483
MDEwOlJlcG9zaXRvcnkxOTUzNDg5Mzg=,2019-07-05T06:10:17Z,2026-04-27T14:31:13Z,2026-04-27T14:28:45Z,3423,False,Fantasy-Land,Rozwel-dx/Fantasy-Land,git@github.com:Rozwel-dx/Fantasy-Land.git,0
MDEwOlJlcG9zaXRvcnkxOTUzNDA5MzU=,2019-07-05T04:54:08Z,2026-03-25T06:56:38Z,2026-03-25T06:56:34Z,1036,False,QuanLiSinhVien-Khoa,ankhoa18599/QuanLiSinhVien-Khoa,git@github.com:ankhoa18599/QuanLiSinhVien-Khoa.git,0
MDEwOlJlcG9zaXRvcnkxOTUzMTY1NDI=,2019-07-05T00:58:37Z,2026-04-26T20:49:54Z,2026-04-26T20:49:51Z,399,False,KanoopCommonQt,StevePunak/KanoopCommonQt,git@github.com:StevePunak/KanoopCommonQt.git,3
MDEwOlJlcG9zaXRvcnkxOTUyOTMxMjA=,2019-07-04T19:36:01Z,2026-04-26T12:45:44Z,2026-04-26T12:45:22Z,5727,False,Electronic-Lock-Prototype,joao-zanutto/Electronic-Lock-Prototype,git@github.com:joao-zanutto/Electronic-Lock-Prototype.git,0
MDEwOlJlcG9zaXRvcnkxOTUyNjMyODA=,2019-07-04T15:12:02Z,2026-05-05T15:03:18Z,2026-05-04T15:31:08Z,215882,False,ArrowDL,setvisible/ArrowDL,git@github.com:setvisible/ArrowDL.git,842
MDEwOlJlcG9zaXRvcnkxOTUyMzc1NTQ=,2019-07-04T12:28:16Z,2026-04-11T17:49:38Z,2026-04-11T17:49:32Z,322,False,SeasonvarDownloader,DoITCreative/SeasonvarDownloader,git@github.com:DoITCreative/SeasonvarDownloader.git,2
MDEwOlJlcG9zaXRvcnkxOTUyMTM4MzI=,2019-07-04T09:41:45Z,2026-04-30T13:45:06Z,2026-04-30T13:45:32Z,17933,True,ImageLoaderPlugin,ManiVaultStudio/ImageLoaderPlugin,git@github.com:ManiVaultStudio/ImageLoaderPlugin.git,0
MDEwOlJlcG9zaXRvcnkxOTUyMDQwNTM=,2019-07-04T08:46:46Z,2026-03-20T09:00:03Z,2026-03-20T09:00:00Z,37883,False,smhasher-with-junk,tommyettinger/smhasher-with-junk,git@github.com:tommyettinger/smhasher-with-junk.git,2
MDEwOlJlcG9zaXRvcnkxOTUxOTcwMDk=,2019-07-04T08:05:00Z,2026-03-11T12:47:24Z,2026-03-11T12:47:20Z,29,False,Signal-Generator-Arduino,VioletGiraffe/Signal-Generator-Arduino,git@github.com:VioletGiraffe/Signal-Generator-Arduino.git,1
MDEwOlJlcG9zaXRvcnkxOTUxNzkyMjE=,2019-07-04T06:09:33Z,2026-03-31T16:57:46Z,2026-03-31T19:04:19Z,164,False,pr_bullet,Silverlan/pr_bullet,git@github.com:Silverlan/pr_bullet.git,0
MDEwOlJlcG9zaXRvcnkxOTUxNTQ3MjY=,2019-07-04T02:21:05Z,2026-04-30T20:17:55Z,2026-04-30T20:54:44Z,14415,True,btllib,BirolLab/btllib,git@github.com:BirolLab/btllib.git,29
MDEwOlJlcG9zaXRvcnkxOTUxMjU0MzI=,2019-07-03T20:57:48Z,2026-04-12T02:09:33Z,2026-04-12T02:09:27Z,716,False,BEToolboxExtensions,RickBrice/BEToolboxExtensions,git@github.com:RickBrice/BEToolboxExtensions.git,1
MDEwOlJlcG9zaXRvcnkxOTUwMzQxOTg=,2019-07-03T10:43:42Z,2026-04-13T10:47:11Z,2026-04-13T10:47:04Z,926,False,atcoder,tmyksj/atcoder,git@github.com:tmyksj/atcoder.git,0
MDEwOlJlcG9zaXRvcnkxOTUwMDE4MzM=,2019-07-03T07:26:36Z,2026-05-05T03:19:39Z,2026-05-05T22:20:20Z,142187,True,qelectrotech-source-mirror,qelectrotech/qelectrotech-source-mirror,git@github.com:qelectrotech/qelectrotech-source-mirror.git,471
MDEwOlJlcG9zaXRvcnkxOTQ5NzE4NzU=,2019-07-03T03:19:17Z,2026-04-28T01:30:45Z,2026-04-28T01:30:36Z,5151,False,algorithm,1m188/algorithm,git@github.com:1m188/algorithm.git,1
MDEwOlJlcG9zaXRvcnkxOTQ5MDE4MjM=,2019-07-02T16:49:39Z,2026-05-06T11:07:52Z,2026-05-03T14:01:02Z,18415,False,PDF4QT,JakubMelka/PDF4QT,git@github.com:JakubMelka/PDF4QT.git,1353
MDEwOlJlcG9zaXRvcnkxOTQ5MDE1NzM=,2019-07-02T16:47:42Z,2026-03-11T11:04:20Z,2026-03-11T11:04:14Z,10022,False,VISSS,maahn/VISSS,git@github.com:maahn/VISSS.git,1
MDEwOlJlcG9zaXRvcnkxOTQ4ODYwNjY=,2019-07-02T15:04:49Z,2026-04-22T20:09:40Z,2026-04-22T20:09:36Z,1899,False,cs2400,nasseef/cs2400,git@github.com:nasseef/cs2400.git,41
MDEwOlJlcG9zaXRvcnkxOTQ4NTQ0Nzk=,2019-07-02T11:58:27Z,2026-05-06T01:54:32Z,2026-05-07T09:16:12Z,4182,True,calindori,KDE/calindori,git@github.com:KDE/calindori.git,11
MDEwOlJlcG9zaXRvcnkxOTQ4Mjg1Nzk=,2019-07-02T09:07:03Z,2026-03-18T10:39:22Z,2026-03-18T10:39:19Z,40,False,polynomials,guidokanschat/polynomials,git@github.com:guidokanschat/polynomials.git,0
MDEwOlJlcG9zaXRvcnkxOTQ4MDczNDU=,2019-07-02T07:02:43Z,2026-03-07T16:11:41Z,2026-03-07T16:11:40Z,662,False,VoronoiDiagram,jackmedda/VoronoiDiagram,git@github.com:jackmedda/VoronoiDiagram.git,0
MDEwOlJlcG9zaXRvcnkxOTQ3NzE2OTY=,2019-07-02T02:13:29Z,2026-05-03T17:52:14Z,2026-05-03T17:52:10Z,5936,False,dingusppc,dingusdev/dingusppc,git@github.com:dingusdev/dingusppc.git,368
MDEwOlJlcG9zaXRvcnkxOTQ3NTAzNjU=,2019-07-01T22:21:43Z,2026-03-02T22:27:23Z,2026-05-07T01:37:30Z,31418,True,zero-rk,llnl/zero-rk,git@github.com:llnl/zero-rk.git,45
MDEwOlJlcG9zaXRvcnkxOTQ3MTkwODg=,2019-07-01T17:54:16Z,2026-04-05T18:21:11Z,2026-04-05T18:21:46Z,461,False,tasmota2wb,avp-avp/tasmota2wb,git@github.com:avp-avp/tasmota2wb.git,1
MDEwOlJlcG9zaXRvcnkxOTQ3MTAwMzg=,2019-07-01T16:44:05Z,2026-05-07T06:47:12Z,2026-03-30T17:17:15Z,173078,False,KawaiiPhysics,pafuhana1213/KawaiiPhysics,git@github.com:pafuhana1213/KawaiiPhysics.git,3029
MDEwOlJlcG9zaXRvcnkxOTQ3MDgyMDI=,2019-07-01T16:30:31Z,2026-03-04T02:07:03Z,2026-03-04T02:06:59Z,49017,True,org-lsst-ccs-drivers-daq,lsst-camera-ccs/org-lsst-ccs-drivers-daq,git@github.com:lsst-camera-ccs/org-lsst-ccs-drivers-daq.git,0
MDEwOlJlcG9zaXRvcnkxOTQ2NTUxOTM=,2019-07-01T10:54:47Z,2026-03-30T09:41:36Z,2026-03-30T09:41:31Z,108668,False,Slam_Basic,NguyenVanThanhHust/Slam_Basic,git@github.com:NguyenVanThanhHust/Slam_Basic.git,0
MDEwOlJlcG9zaXRvcnkxOTQ2MzY1NDI=,2019-07-01T08:55:13Z,2026-03-22T07:25:11Z,2026-03-22T07:26:03Z,2999,True,Kite,yonseicasl/Kite,git@github.com:yonseicasl/Kite.git,20
MDEwOlJlcG9zaXRvcnkxOTQ1OTYwODY=,2019-07-01T03:51:48Z,2026-05-06T13:05:33Z,2026-05-06T13:04:40Z,4421,False,at_c,ryotaro612/at_c,git@github.com:ryotaro612/at_c.git,0
MDEwOlJlcG9zaXRvcnkxOTQ1NDU2MTc=,2019-06-30T17:58:19Z,2026-04-15T22:16:28Z,2026-04-12T18:51:58Z,55004,True,LegacyClonk,legacyclonk/LegacyClonk,git@github.com:legacyclonk/LegacyClonk.git,107
MDEwOlJlcG9zaXRvcnkxOTQ0NzQwMTE=,2019-06-30T04:17:12Z,2026-05-06T11:44:18Z,2026-05-06T11:44:14Z,1050,False,Potato,BleedingChips/Potato,git@github.com:BleedingChips/Potato.git,2
MDEwOlJlcG9zaXRvcnkxOTQ0MjA4MTM=,2019-06-29T15:32:21Z,2026-04-20T22:09:59Z,2026-04-20T22:09:54Z,1625,False,Fingertip-Photoplethysmography,LeafarCoder/Fingertip-Photoplethysmography,git@github.com:LeafarCoder/Fingertip-Photoplethysmography.git,0
MDEwOlJlcG9zaXRvcnkxOTQ0MTk4NTg=,2019-06-29T15:22:47Z,2026-05-06T03:03:50Z,2026-05-07T08:04:17Z,304833,True,ixray-1.6-stcop,ixray-team/ixray-1.6-stcop,git@github.com:ixray-team/ixray-1.6-stcop.git,379
MDEwOlJlcG9zaXRvcnkxOTQ0MTUwMTk=,2019-06-29T14:33:52Z,2026-03-21T00:26:10Z,2026-03-21T00:26:28Z,3282,False,PracticePrograms,AravindGopala/PracticePrograms,git@github.com:AravindGopala/PracticePrograms.git,0
MDEwOlJlcG9zaXRvcnkxOTQ0MTA5Mzc=,2019-06-29T13:52:49Z,2026-04-13T18:38:22Z,2026-04-27T18:27:11Z,367,True,concurrency,GMLC-TDC/concurrency,git@github.com:GMLC-TDC/concurrency.git,3
MDEwOlJlcG9zaXRvcnkxOTQzOTgyOTU=,2019-06-29T11:30:50Z,2026-04-03T03:35:14Z,2026-04-03T03:35:10Z,4448,False,dyCodeAlg,starwar6160/dyCodeAlg,git@github.com:starwar6160/dyCodeAlg.git,0
MDEwOlJlcG9zaXRvcnkxOTQzOTIwNjY=,2019-06-29T10:15:25Z,2026-05-07T07:27:59Z,2026-05-07T07:27:55Z,253,False,livebtfs,Raizo62/livebtfs,git@github.com:Raizo62/livebtfs.git,13
MDEwOlJlcG9zaXRvcnkxOTQzOTE4NDk=,2019-06-29T10:12:58Z,2026-04-08T08:12:35Z,2026-04-08T08:12:24Z,476,True,Arduino_ConnectionHandler,arduino-libraries/Arduino_ConnectionHandler,git@github.com:arduino-libraries/Arduino_ConnectionHandler.git,108
MDEwOlJlcG9zaXRvcnkxOTQzMzM2MDI=,2019-06-28T21:02:53Z,2026-04-29T17:50:28Z,2026-05-03T21:17:03Z,11437,True,machine-emulator,cartesi/machine-emulator,git@github.com:cartesi/machine-emulator.git,109
MDEwOlJlcG9zaXRvcnkxOTQzMzA0NTg=,2019-06-28T20:28:20Z,2026-05-06T03:29:54Z,2026-04-17T11:44:02Z,115,False,ModUtils,CookiePLMonster/ModUtils,git@github.com:CookiePLMonster/ModUtils.git,70
MDEwOlJlcG9zaXRvcnkxOTQzMDI5OTM=,2019-06-28T16:22:58Z,2026-04-16T15:42:43Z,2026-04-16T15:53:57Z,1150,False,vb_UGens,v7b1/vb_UGens,git@github.com:v7b1/vb_UGens.git,17
MDEwOlJlcG9zaXRvcnkxOTQyOTg2ODk=,2019-06-28T15:49:26Z,2026-04-26T09:10:28Z,2026-04-26T09:10:23Z,7970,False,knight-rider-car-and-city-model-using-opengl,adhishagc/knight-rider-car-and-city-model-using-opengl,git@github.com:adhishagc/knight-rider-car-and-city-model-using-opengl.git,0
MDEwOlJlcG9zaXRvcnkxOTQxODk2NDI=,2019-06-28T02:02:19Z,2026-04-08T09:16:07Z,2026-04-08T09:16:02Z,494,False,iq-neuron,twetto/iq-neuron,git@github.com:twetto/iq-neuron.git,4
MDEwOlJlcG9zaXRvcnkxOTQwNjQ3NTU=,2019-06-27T09:23:49Z,2026-03-11T20:01:27Z,2026-03-02T12:16:47Z,3965,True,openImpala,kramergroup/openImpala,git@github.com:kramergroup/openImpala.git,8
MDEwOlJlcG9zaXRvcnkxOTQwNTY0NTk=,2019-06-27T08:37:37Z,2026-04-25T08:52:35Z,2026-04-25T08:52:31Z,10428,True,pangeo-pyinterp,CNES/pangeo-pyinterp,git@github.com:CNES/pangeo-pyinterp.git,136
MDEwOlJlcG9zaXRvcnkxOTQwNTI1NzI=,2019-06-27T08:14:45Z,2026-03-30T02:10:19Z,2026-03-30T02:10:44Z,35570,True,HepLib,HepLib/HepLib,git@github.com:HepLib/HepLib.git,18
MDEwOlJlcG9zaXRvcnkxOTM5OTU1MjA=,2019-06-27T00:29:19Z,2026-03-14T18:47:24Z,2026-03-14T18:47:51Z,91486,False,TiledPatternMaker,ChortleMortal/TiledPatternMaker,git@github.com:ChortleMortal/TiledPatternMaker.git,22
MDEwOlJlcG9zaXRvcnkxOTM5NzYxNjQ=,2019-06-26T20:53:18Z,2026-04-14T12:31:55Z,2026-04-14T12:31:50Z,628,True,libmultiprocess,bitcoin-core/libmultiprocess,git@github.com:bitcoin-core/libmultiprocess.git,54
MDEwOlJlcG9zaXRvcnkxOTM5NTA0Nzk=,2019-06-26T17:34:34Z,2026-03-05T15:27:35Z,2026-03-05T15:21:56Z,481,False,LPG,EP2598/LPG,git@github.com:EP2598/LPG.git,0
MDEwOlJlcG9zaXRvcnkxOTM4OTk0ODc=,2019-06-26T12:25:12Z,2026-04-02T19:41:52Z,2026-04-02T19:41:47Z,160,False,my-cms-docs,skkwan/my-cms-docs,git@github.com:skkwan/my-cms-docs.git,0
MDEwOlJlcG9zaXRvcnkxOTM4Njk2Njc=,2019-06-26T09:06:53Z,2026-04-27T17:31:59Z,2026-03-16T20:16:31Z,637,True,neo_f3kdb,HomeOfAviSynthPlusEvolution/neo_f3kdb,git@github.com:HomeOfAviSynthPlusEvolution/neo_f3kdb.git,41
MDEwOlJlcG9zaXRvcnkxOTM4NDIyODg=,2019-06-26T06:23:54Z,2026-03-18T21:27:40Z,2026-03-18T21:27:36Z,645,False,c_cpp,wxz6289/c_cpp,git@github.com:wxz6289/c_cpp.git,0
MDEwOlJlcG9zaXRvcnkxOTM4MDYxMDE=,2019-06-26T01:14:40Z,2026-04-12T00:52:57Z,2026-05-07T07:25:56Z,1034,False,libhatchet,whatchamacallem/libhatchet,git@github.com:whatchamacallem/libhatchet.git,7
MDEwOlJlcG9zaXRvcnkxOTM3NjM4NTQ=,2019-06-25T18:38:34Z,2026-05-04T06:50:37Z,2026-04-14T15:24:37Z,30090,False,NonOpt,frankecurtis/NonOpt,git@github.com:frankecurtis/NonOpt.git,28
MDEwOlJlcG9zaXRvcnkxOTM3NjI0NTc=,2019-06-25T18:29:09Z,2026-04-29T11:15:16Z,2026-04-29T11:15:10Z,559,True,rocHPCG,ROCm/rocHPCG,git@github.com:ROCm/rocHPCG.git,41
MDEwOlJlcG9zaXRvcnkxOTM3NTMyMTA=,2019-06-25T17:26:00Z,2026-05-07T06:52:54Z,2026-04-22T14:14:47Z,6711,True,mysql,boostorg/mysql,git@github.com:boostorg/mysql.git,299
MDEwOlJlcG9zaXRvcnkxOTM3MzI1NzI=,2019-06-25T15:14:59Z,2026-04-04T15:14:54Z,2026-04-04T15:14:51Z,35,False,thesis,jpekkala/thesis,git@github.com:jpekkala/thesis.git,2
MDEwOlJlcG9zaXRvcnkxOTM3MjEwMTQ=,2019-06-25T14:12:48Z,2026-04-22T07:08:39Z,2026-04-22T07:07:03Z,36,False,QModbusUniversal,dagrigorev/QModbusUniversal,git@github.com:dagrigorev/QModbusUniversal.git,0
MDEwOlJlcG9zaXRvcnkxOTM3MTQ4NjY=,2019-06-25T13:38:43Z,2026-04-04T01:40:28Z,2026-04-04T01:40:25Z,122,False,jpp,irov/jpp,git@github.com:irov/jpp.git,0
MDEwOlJlcG9zaXRvcnkxOTM3MTEzMTg=,2019-06-25T13:18:02Z,2026-04-28T05:36:21Z,2026-05-07T08:59:30Z,43385,True,here-data-sdk-cpp,heremaps/here-data-sdk-cpp,git@github.com:heremaps/here-data-sdk-cpp.git,53
MDEwOlJlcG9zaXRvcnkxOTM2NjM1MjA=,2019-06-25T08:07:38Z,2026-03-16T15:17:02Z,2026-03-16T15:17:00Z,162,True,Arduino_DebugUtils,arduino-libraries/Arduino_DebugUtils,git@github.com:arduino-libraries/Arduino_DebugUtils.git,64
MDEwOlJlcG9zaXRvcnkxOTM2NTU3MDY=,2019-06-25T07:18:47Z,2026-03-05T17:21:47Z,2026-03-05T17:21:43Z,104,False,PeripheralDevices,wimbeaumont/PeripheralDevices,git@github.com:wimbeaumont/PeripheralDevices.git,1
MDEwOlJlcG9zaXRvcnkxOTM1ODcwNDA=,2019-06-24T22:02:48Z,2026-04-26T17:29:25Z,2026-04-12T15:09:33Z,295,False,XGBoost-FastForest,guitargeek/XGBoost-FastForest,git@github.com:guitargeek/XGBoost-FastForest.git,108
MDEwOlJlcG9zaXRvcnkxOTM1NzMzMTM=,2019-06-24T20:16:11Z,2026-05-07T06:24:24Z,2026-05-07T06:24:20Z,235,False,JetBrainsRunner,alex1701c/JetBrainsRunner,git@github.com:alex1701c/JetBrainsRunner.git,64
MDEwOlJlcG9zaXRvcnkxOTM1NTM1NzE=,2019-06-24T17:55:16Z,2026-05-07T08:08:22Z,2026-03-26T13:59:43Z,100106,True,device_xiaomi_violet,SuperiorOS-Devices/device_xiaomi_violet,git@github.com:SuperiorOS-Devices/device_xiaomi_violet.git,34
MDEwOlJlcG9zaXRvcnkxOTM1Mzg2ODU=,2019-06-24T16:12:27Z,2026-04-14T03:53:45Z,2026-03-13T09:51:32Z,261749,False,CZXing,devilsen/CZXing,git@github.com:devilsen/CZXing.git,1060
MDEwOlJlcG9zaXRvcnkxOTM1MDM5Njk=,2019-06-24T12:46:41Z,2026-04-17T14:11:28Z,2026-04-17T14:11:24Z,492,False,layout,rmanohar/layout,git@github.com:rmanohar/layout.git,6
MDEwOlJlcG9zaXRvcnkxOTM0NzM2OTY=,2019-06-24T09:19:41Z,2026-03-10T19:02:54Z,2026-03-31T17:09:17Z,1503,True,ODC,FairRootGroup/ODC,git@github.com:FairRootGroup/ODC.git,5
MDEwOlJlcG9zaXRvcnkxOTM0NDE5MDk=,2019-06-24T05:48:48Z,2026-05-02T09:53:39Z,2026-05-02T09:53:33Z,717151,False,Corona,kulkal/Corona,git@github.com:kulkal/Corona.git,3
MDEwOlJlcG9zaXRvcnkxOTMzOTUyODI=,2019-06-23T21:03:24Z,2026-04-24T15:34:01Z,2026-04-24T15:33:57Z,184,False,hip_cuda_examples,scxiao/hip_cuda_examples,git@github.com:scxiao/hip_cuda_examples.git,3
MDEwOlJlcG9zaXRvcnkxOTMzNzE3NTE=,2019-06-23T16:35:52Z,2026-04-07T13:10:34Z,2026-05-01T04:52:11Z,8612,False,Oyl3D,Mandelbrottt/Oyl3D,git@github.com:Mandelbrottt/Oyl3D.git,4
MDEwOlJlcG9zaXRvcnkxOTMzNzA0OTA=,2019-06-23T16:23:56Z,2026-05-05T05:34:27Z,2026-03-17T12:41:07Z,329,False,SpicyPass,JFreegman/SpicyPass,git@github.com:JFreegman/SpicyPass.git,371
MDEwOlJlcG9zaXRvcnkxOTMzNDYxNjA=,2019-06-23T12:36:20Z,2026-04-04T16:23:07Z,2026-04-04T16:23:01Z,2113,False,tworld,mjfwalsh/tworld,git@github.com:mjfwalsh/tworld.git,4
MDEwOlJlcG9zaXRvcnkxOTMzMDUxMDQ=,2019-06-23T04:12:17Z,2026-05-07T09:52:36Z,2026-04-03T06:36:21Z,43246,False,QtScrcpy,barry-ran/QtScrcpy,git@github.com:barry-ran/QtScrcpy.git,29412
MDEwOlJlcG9zaXRvcnkxOTMyOTMxMzU=,2019-06-23T01:08:29Z,2026-03-31T02:53:48Z,2026-03-31T02:53:44Z,52916,False,csgo-web-radar,matthewghuang/csgo-web-radar,git@github.com:matthewghuang/csgo-web-radar.git,26
MDEwOlJlcG9zaXRvcnkxOTMyMTk0ODI=,2019-06-22T10:08:57Z,2026-05-07T05:04:50Z,2026-05-07T05:04:46Z,8739,False,tcob,TobiasBohnen/tcob,git@github.com:TobiasBohnen/tcob.git,0
MDEwOlJlcG9zaXRvcnkxOTMxNTYzOTk=,2019-06-21T20:27:18Z,2026-05-07T10:29:59Z,2026-05-07T10:43:43Z,70767,True,opentelemetry-cpp,open-telemetry/opentelemetry-cpp,git@github.com:open-telemetry/opentelemetry-cpp.git,1253
MDEwOlJlcG9zaXRvcnkxOTMxNTQ2OTA=,2019-06-21T20:09:57Z,2026-05-07T01:08:19Z,2026-05-07T01:08:14Z,325168,True,envoy-openssl,envoyproxy/envoy-openssl,git@github.com:envoyproxy/envoy-openssl.git,56
MDEwOlJlcG9zaXRvcnkxOTMwOTI5NDE=,2019-06-21T12:18:51Z,2026-04-28T09:51:34Z,2026-04-28T09:51:29Z,20,False,SPNTransitionProbability,sondrer/SPNTransitionProbability,git@github.com:sondrer/SPNTransitionProbability.git,1
MDEwOlJlcG9zaXRvcnkxOTMwNTgxMTY=,2019-06-21T08:07:47Z,2026-04-18T09:54:18Z,2026-04-18T09:54:15Z,127,False,pr_steam_networking_sockets,Silverlan/pr_steam_networking_sockets,git@github.com:Silverlan/pr_steam_networking_sockets.git,1
MDEwOlJlcG9zaXRvcnkxOTMwNTYxMzc=,2019-06-21T07:54:26Z,2026-05-02T06:09:18Z,2026-05-02T06:09:37Z,38615,True,pythonqt,MeVisLab/pythonqt,git@github.com:MeVisLab/pythonqt.git,295
MDEwOlJlcG9zaXRvcnkxOTMwMDExNjY=,2019-06-20T23:54:32Z,2026-03-25T06:39:14Z,2026-04-27T17:54:26Z,1526,True,index-import,MobileNativeFoundation/index-import,git@github.com:MobileNativeFoundation/index-import.git,334
MDEwOlJlcG9zaXRvcnkxOTI5ODg1NTI=,2019-06-20T21:17:51Z,2026-05-03T12:44:38Z,2026-03-29T01:37:10Z,639,False,nanoprintf,charlesnicholson/nanoprintf,git@github.com:charlesnicholson/nanoprintf.git,812
MDEwOlJlcG9zaXRvcnkxOTI5Mjk3Nzg=,2019-06-20T13:57:57Z,2026-04-11T20:16:44Z,2026-04-11T20:16:38Z,801,True,basics,extcpp/basics,git@github.com:extcpp/basics.git,1
MDEwOlJlcG9zaXRvcnkxOTI5MjA0ODk=,2019-06-20T12:58:55Z,2026-03-18T16:06:20Z,2026-05-06T16:50:22Z,101616,True,libKriging,libKriging/libKriging,git@github.com:libKriging/libKriging.git,46
MDEwOlJlcG9zaXRvcnkxOTI5MTIzMzU=,2019-06-20T12:01:43Z,2026-04-30T15:50:16Z,2026-04-30T15:49:20Z,15820,False,fbfax,libelle17/fbfax,git@github.com:libelle17/fbfax.git,0
MDEwOlJlcG9zaXRvcnkxOTI5MDc1NDA=,2019-06-20T11:27:19Z,2026-05-06T23:03:32Z,2026-05-06T23:03:29Z,10467,False,XOpcodeCalc,horsicq/XOpcodeCalc,git@github.com:horsicq/XOpcodeCalc.git,407
MDEwOlJlcG9zaXRvcnkxOTI4OTM2Njc=,2019-06-20T09:45:38Z,2026-04-22T09:22:47Z,2026-03-22T16:00:42Z,385564,False,KongEngine,ruochenhua/KongEngine,git@github.com:ruochenhua/KongEngine.git,6
MDEwOlJlcG9zaXRvcnkxOTI4MzQ0NjU=,2019-06-20T02:27:42Z,2026-04-14T14:19:33Z,2026-04-14T14:19:25Z,276,False,Cpp23-examples,scivision/Cpp23-examples,git@github.com:scivision/Cpp23-examples.git,119
MDEwOlJlcG9zaXRvcnkxOTI3NzAxODI=,2019-06-19T16:42:01Z,2026-04-10T04:39:22Z,2026-05-06T18:23:38Z,4739,True,rocSHMEM,ROCm/rocSHMEM,git@github.com:ROCm/rocSHMEM.git,145
MDEwOlJlcG9zaXRvcnkxOTI3MTg0NTY=,2019-06-19T11:23:57Z,2026-05-01T11:22:02Z,2026-03-09T19:05:34Z,415,True,private-join-and-compute,google/private-join-and-compute,git@github.com:google/private-join-and-compute.git,852
MDEwOlJlcG9zaXRvcnkxOTI3MDg5NDI=,2019-06-19T10:14:09Z,2026-05-06T17:00:56Z,2026-05-06T17:00:48Z,35840,False,PhotonRenderer,dave316/PhotonRenderer,git@github.com:dave316/PhotonRenderer.git,0
MDEwOlJlcG9zaXRvcnkxOTI2MTE1NjQ=,2019-06-18T20:57:03Z,2026-03-11T20:52:46Z,2026-03-11T20:52:42Z,230,False,Regular-Path-Query,barangayretli/Regular-Path-Query,git@github.com:barangayretli/Regular-Path-Query.git,4
MDEwOlJlcG9zaXRvcnkxOTI1NzU2MTk=,2019-06-18T16:23:09Z,2026-04-26T20:57:45Z,2026-04-26T20:57:40Z,21,False,LL1-grammar-analyzer,ishenmao/LL1-grammar-analyzer,git@github.com:ishenmao/LL1-grammar-analyzer.git,54
MDEwOlJlcG9zaXRvcnkxOTI1NDU4MDM=,2019-06-18T13:29:18Z,2026-03-17T08:11:53Z,2026-03-17T08:11:49Z,229,False,coding_guide_cpp,nsaroj786/coding_guide_cpp,git@github.com:nsaroj786/coding_guide_cpp.git,0
MDEwOlJlcG9zaXRvcnkxOTI1MjY1NjM=,2019-06-18T11:27:27Z,2026-03-17T11:23:01Z,2026-03-17T11:22:57Z,8,False,upsidedown,nitrogl/upsidedown,git@github.com:nitrogl/upsidedown.git,0
MDEwOlJlcG9zaXRvcnkxOTI0NDY1OTM=,2019-06-18T01:56:38Z,2026-04-10T21:54:35Z,2026-05-05T23:01:54Z,451,False,skald,tsraveling/skald,git@github.com:tsraveling/skald.git,2
MDEwOlJlcG9zaXRvcnkxOTI0MDg0MDE=,2019-06-17T19:43:27Z,2026-04-22T22:11:45Z,2026-04-22T22:10:34Z,145,False,Additive,SloeComputers/Additive,git@github.com:SloeComputers/Additive.git,0
MDEwOlJlcG9zaXRvcnkxOTIzNDgxNTU=,2019-06-17T13:02:22Z,2026-03-07T15:41:41Z,2026-03-07T15:41:29Z,41005,False,sudoku,JBamberger/sudoku,git@github.com:JBamberger/sudoku.git,0
MDEwOlJlcG9zaXRvcnkxOTIzMzk4MDc=,2019-06-17T12:09:13Z,2026-05-05T12:22:14Z,2026-05-05T12:22:10Z,1926,False,vsgXchange,vsg-dev/vsgXchange,git@github.com:vsg-dev/vsgXchange.git,101
MDEwOlJlcG9zaXRvcnkxOTIyNzI1MjA=,2019-06-17T04:01:46Z,2026-04-26T20:35:46Z,2026-04-26T20:35:41Z,26120,False,sfml-purple-hell,fabvarisco/sfml-purple-hell,git@github.com:fabvarisco/sfml-purple-hell.git,0
MDEwOlJlcG9zaXRvcnkxOTIyMzczMzY=,2019-06-16T21:12:11Z,2026-03-31T18:07:22Z,2026-03-31T18:07:18Z,9,False,uscheme-zero,rsm-lisper/uscheme-zero,git@github.com:rsm-lisper/uscheme-zero.git,1
MDEwOlJlcG9zaXRvcnkxOTIxNjYzMDQ=,2019-06-16T08:11:58Z,2026-04-05T07:46:10Z,2026-04-09T03:29:48Z,9183,False,Nemaktis,warthan07/Nemaktis,git@github.com:warthan07/Nemaktis.git,17
MDEwOlJlcG9zaXRvcnkxOTIxMDc1MDY=,2019-06-15T17:44:42Z,2026-04-29T04:13:51Z,2026-04-29T04:13:48Z,19861,False,GalacticWar,TadekBiela/GalacticWar,git@github.com:TadekBiela/GalacticWar.git,1
MDEwOlJlcG9zaXRvcnkxOTIwNTUzNDc=,2019-06-15T08:29:15Z,2026-04-26T07:33:15Z,2026-04-26T07:33:11Z,10697,False,sqlitequery,christianhelle/sqlitequery,git@github.com:christianhelle/sqlitequery.git,2
MDEwOlJlcG9zaXRvcnkxOTIwMjY1OTU=,2019-06-15T02:15:05Z,2026-03-24T17:49:38Z,2026-03-24T17:49:34Z,285,False,SSE-NIF-Optimizer,ousnius/SSE-NIF-Optimizer,git@github.com:ousnius/SSE-NIF-Optimizer.git,18
MDEwOlJlcG9zaXRvcnkxOTIwMDQyMzM=,2019-06-14T20:49:58Z,2026-03-07T20:44:02Z,2026-03-07T20:43:58Z,2044,False,nettebook,ec1oud/nettebook,git@github.com:ec1oud/nettebook.git,9
MDEwOlJlcG9zaXRvcnkxOTIwMDMxMTA=,2019-06-14T20:38:40Z,2026-04-09T23:16:01Z,2026-04-12T12:35:01Z,17652,True,EbsdLib,BlueQuartzSoftware/EbsdLib,git@github.com:BlueQuartzSoftware/EbsdLib.git,7
MDEwOlJlcG9zaXRvcnkxOTE5NzA1MjA=,2019-06-14T15:54:59Z,2026-04-27T06:57:22Z,2026-05-05T13:15:41Z,31073,False,Ruken,Renondedju/Ruken,git@github.com:Renondedju/Ruken.git,14
MDEwOlJlcG9zaXRvcnkxOTE5NDU3ODA=,2019-06-14T13:14:21Z,2026-04-18T08:47:07Z,2026-05-06T14:53:33Z,54878,True,Cosserat,SofaDefrost/Cosserat,git@github.com:SofaDefrost/Cosserat.git,59
MDEwOlJlcG9zaXRvcnkxOTE5MzUzMjE=,2019-06-14T11:56:12Z,2026-04-26T11:11:03Z,2026-03-10T20:56:44Z,46601,True,AutoDock-GPU,ccsb-scripps/AutoDock-GPU,git@github.com:ccsb-scripps/AutoDock-GPU.git,579
MDEwOlJlcG9zaXRvcnkxOTE5MzI5MzQ=,2019-06-14T11:36:45Z,2026-05-06T06:28:11Z,2026-04-15T23:15:42Z,3440,True,D3D12MemoryAllocator,GPUOpen-LibrariesAndSDKs/D3D12MemoryAllocator,git@github.com:GPUOpen-LibrariesAndSDKs/D3D12MemoryAllocator.git,990
MDEwOlJlcG9zaXRvcnkxOTE5MTc5MTE=,2019-06-14T09:44:43Z,2026-04-26T13:03:44Z,2026-04-26T13:03:40Z,761,True,cpp-cf-url,pqrs-org/cpp-cf-url,git@github.com:pqrs-org/cpp-cf-url.git,1
MDEwOlJlcG9zaXRvcnkxOTE4ODM0MDM=,2019-06-14T05:52:13Z,2026-03-08T11:27:06Z,2026-03-08T11:27:03Z,20,False,fileunlocker,jetand/fileunlocker,git@github.com:jetand/fileunlocker.git,2
MDEwOlJlcG9zaXRvcnkxOTE4NzI5Mjc=,2019-06-14T03:56:38Z,2026-04-16T16:00:06Z,2026-04-16T16:00:01Z,17623,False,Tokmannin-ESP8266-Wifi-topseli,timonoko/Tokmannin-ESP8266-Wifi-topseli,git@github.com:timonoko/Tokmannin-ESP8266-Wifi-topseli.git,4
MDEwOlJlcG9zaXRvcnkxOTE4MjAxMDA=,2019-06-13T19:16:41Z,2026-05-07T10:55:20Z,2026-05-06T19:59:13Z,607078,True,mediapipe,google-ai-edge/mediapipe,git@github.com:google-ai-edge/mediapipe.git,35088
MDEwOlJlcG9zaXRvcnkxOTE4MTg3MDQ=,2019-06-13T19:05:55Z,2026-05-06T23:47:20Z,2026-05-06T23:27:14Z,1292,True,msgq,commaai/msgq,git@github.com:commaai/msgq.git,244
MDEwOlJlcG9zaXRvcnkxOTE4MTMxMzM=,2019-06-13T18:21:06Z,2026-03-21T18:49:03Z,2026-03-21T18:49:00Z,3286,False,routegen,michjans/routegen,git@github.com:michjans/routegen.git,5
MDEwOlJlcG9zaXRvcnkxOTE3Nzk2NTA=,2019-06-13T14:34:34Z,2026-04-13T16:11:55Z,2026-04-13T16:11:50Z,394,False,bordered-text,tewshi/bordered-text,git@github.com:tewshi/bordered-text.git,22
MDEwOlJlcG9zaXRvcnkxOTE3NzEwODM=,2019-06-13T13:45:15Z,2026-05-07T10:53:31Z,2026-05-04T17:17:41Z,54418,True,Overload,Overload-Technologies/Overload,git@github.com:Overload-Technologies/Overload.git,2429
MDEwOlJlcG9zaXRvcnkxOTE3MjMxMzc=,2019-06-13T08:32:41Z,2026-04-16T10:41:47Z,2026-04-16T10:41:43Z,158,False,RenameInFilesAndFolders,xavierxeon/RenameInFilesAndFolders,git@github.com:xavierxeon/RenameInFilesAndFolders.git,0
MDEwOlJlcG9zaXRvcnkxOTE3MTQ1NTg=,2019-06-13T07:38:31Z,2026-05-05T03:12:52Z,2026-05-03T08:48:15Z,2589,True,cards,NuTyX/cards,git@github.com:NuTyX/cards.git,7
MDEwOlJlcG9zaXRvcnkxOTE3MDExMDU=,2019-06-13T06:07:06Z,2026-04-15T21:48:41Z,2026-04-09T09:17:53Z,526,False,SkyrimSoulsRE,Vermunds/SkyrimSoulsRE,git@github.com:Vermunds/SkyrimSoulsRE.git,25
MDEwOlJlcG9zaXRvcnkxOTE2MzE4MTc=,2019-06-12T19:24:21Z,2026-04-28T20:21:21Z,2026-04-28T20:21:16Z,362,True,desul,desul/desul,git@github.com:desul/desul.git,33
MDEwOlJlcG9zaXRvcnkxOTE2Mjk1NjA=,2019-06-12T19:06:17Z,2026-04-04T16:03:01Z,2026-04-04T16:10:16Z,4095,False,the-ray-tracer-challenge,A-KL/the-ray-tracer-challenge,git@github.com:A-KL/the-ray-tracer-challenge.git,0
MDEwOlJlcG9zaXRvcnkxOTE2MDI4MjM=,2019-06-12T15:58:35Z,2026-05-06T16:14:08Z,2026-05-06T16:14:04Z,1437,True,DeviceAccess-OpcUaBackend,ChimeraTK/DeviceAccess-OpcUaBackend,git@github.com:ChimeraTK/DeviceAccess-OpcUaBackend.git,0
MDEwOlJlcG9zaXRvcnkxOTE1NTQ2Njc=,2019-06-12T11:06:17Z,2026-04-11T13:26:15Z,2026-04-11T13:26:11Z,626,True,vnxvideo,viinex/vnxvideo,git@github.com:viinex/vnxvideo.git,5
MDEwOlJlcG9zaXRvcnkxOTE1MTc2Mzc=,2019-06-12T07:10:58Z,2026-04-13T07:26:04Z,2026-04-13T07:25:40Z,675816,False,school,vm-t-yui/school,git@github.com:vm-t-yui/school.git,6
MDEwOlJlcG9zaXRvcnkxOTE0NzY3NTI=,2019-06-12T01:42:28Z,2026-03-15T14:36:30Z,2026-03-15T14:36:26Z,50,False,J3SPM,buildream/J3SPM,git@github.com:buildream/J3SPM.git,1
MDEwOlJlcG9zaXRvcnkxOTE0NTUzNjU=,2019-06-11T21:51:04Z,2026-03-31T17:35:28Z,2026-03-31T17:35:22Z,144,False,people-alive,JLaurili/people-alive,git@github.com:JLaurili/people-alive.git,0
MDEwOlJlcG9zaXRvcnkxOTE0NDU1OTQ=,2019-06-11T20:36:46Z,2026-04-16T21:03:59Z,2026-04-16T21:03:55Z,1282,False,MatrixFact,statsPumpkin/MatrixFact,git@github.com:statsPumpkin/MatrixFact.git,12
MDEwOlJlcG9zaXRvcnkxOTE0NDIyMDY=,2019-06-11T20:11:19Z,2026-04-29T10:23:30Z,2026-04-29T10:23:24Z,18663,False,swc-db,kashirin-alex/swc-db,git@github.com:kashirin-alex/swc-db.git,16
MDEwOlJlcG9zaXRvcnkxOTE0MjAwMzM=,2019-06-11T17:37:03Z,2026-03-04T19:46:58Z,2026-03-04T19:46:40Z,11667,True,Imagenex852,CIDCO-dev/Imagenex852,git@github.com:CIDCO-dev/Imagenex852.git,1
MDEwOlJlcG9zaXRvcnkxOTE0MTkwNzA=,2019-06-11T17:30:19Z,2026-04-25T15:33:18Z,2026-04-01T12:46:49Z,114,True,robotstxt,google/robotstxt,git@github.com:google/robotstxt.git,3461
MDEwOlJlcG9zaXRvcnkxOTEzNTcyNTk=,2019-06-11T11:24:13Z,2026-05-05T15:12:00Z,2026-05-05T15:11:51Z,2303,True,qtlottie,qt/qtlottie,git@github.com:qt/qtlottie.git,30
MDEwOlJlcG9zaXRvcnkxOTEzNDU3MzY=,2019-06-11T10:08:50Z,2026-04-18T05:25:44Z,2026-04-18T05:25:41Z,2368,False,CustomHitboxes,nelsong6/CustomHitboxes,git@github.com:nelsong6/CustomHitboxes.git,0
MDEwOlJlcG9zaXRvcnkxOTEzNDE3Nzg=,2019-06-11T09:45:45Z,2026-05-06T10:24:09Z,2026-04-30T15:11:56Z,58828,True,downward,aibasel/downward,git@github.com:aibasel/downward.git,384
MDEwOlJlcG9zaXRvcnkxOTEyMjIyMTY=,2019-06-10T18:16:07Z,2026-05-07T03:03:50Z,2026-05-07T03:03:47Z,61590,False,DIYDoom,amroibrahim/DIYDoom,git@github.com:amroibrahim/DIYDoom.git,684
MDEwOlJlcG9zaXRvcnkxOTExOTcwOTc=,2019-06-10T15:43:27Z,2026-04-27T11:23:31Z,2026-04-27T11:23:27Z,525,True,fastotv_cpp,fastogt/fastotv_cpp,git@github.com:fastogt/fastotv_cpp.git,1
MDEwOlJlcG9zaXRvcnkxOTExODE5ODk=,2019-06-10T14:18:26Z,2026-03-10T06:42:23Z,2026-03-10T06:42:20Z,6964,False,Fruit-Fly-Optimization-Algorithm,atulkamble/Fruit-Fly-Optimization-Algorithm,git@github.com:atulkamble/Fruit-Fly-Optimization-Algorithm.git,2
MDEwOlJlcG9zaXRvcnkxOTExNjE2MDM=,2019-06-10T12:13:05Z,2026-03-16T09:54:21Z,2026-03-16T09:54:17Z,96503,False,compCode-II,vismit2000/compCode-II,git@github.com:vismit2000/compCode-II.git,1
MDEwOlJlcG9zaXRvcnkxOTEwNTc2Mjg=,2019-06-09T21:34:52Z,2026-04-08T17:40:54Z,2026-04-08T17:40:50Z,53071,True,asgard,project-asgard/asgard,git@github.com:project-asgard/asgard.git,30
MDEwOlJlcG9zaXRvcnkxOTEwNDkyMTk=,2019-06-09T19:53:38Z,2026-04-20T02:01:08Z,2026-04-21T19:19:42Z,23508,False,mmbot,ondra-novak/mmbot,git@github.com:ondra-novak/mmbot.git,251
MDEwOlJlcG9zaXRvcnkxOTEwNDc5OTQ=,2019-06-09T19:39:23Z,2026-04-26T06:10:01Z,2026-04-26T06:09:57Z,4333,False,mess-list,artbindu/mess-list,git@github.com:artbindu/mess-list.git,0
MDEwOlJlcG9zaXRvcnkxOTEwMzg5OTc=,2019-06-09T18:04:43Z,2026-05-02T20:40:54Z,2026-04-30T21:04:40Z,2810,False,miniscript,JoeStrout/miniscript,git@github.com:JoeStrout/miniscript.git,363
MDEwOlJlcG9zaXRvcnkxOTEwMzQwNzQ=,2019-06-09T17:12:06Z,2026-03-12T16:04:00Z,2026-03-12T16:03:34Z,4731,False,mzd-usb-sensors,TTigges/mzd-usb-sensors,git@github.com:TTigges/mzd-usb-sensors.git,5
MDEwOlJlcG9zaXRvcnkxOTEwMzM2NDg=,2019-06-09T17:07:51Z,2026-05-02T20:47:54Z,2026-05-02T20:54:42Z,29430,False,smart_thermostat,sblantipodi/smart_thermostat,git@github.com:sblantipodi/smart_thermostat.git,22
MDEwOlJlcG9zaXRvcnkxOTEwMzE4MjY=,2019-06-09T16:49:47Z,2026-05-03T20:45:35Z,2026-05-03T20:45:47Z,625058,False,othello-sensei,borassi/othello-sensei,git@github.com:borassi/othello-sensei.git,12
MDEwOlJlcG9zaXRvcnkxOTEwMjM5ODM=,2019-06-09T15:35:02Z,2026-04-30T20:54:35Z,2026-04-30T20:54:42Z,25902,False,notes,johannst/notes,git@github.com:johannst/notes.git,23
MDEwOlJlcG9zaXRvcnkxOTEwMTQ3OTM=,2019-06-09T14:14:02Z,2026-04-27T03:00:53Z,2026-04-27T03:00:48Z,717389,False,protocolpp,jpgreninger/protocolpp,git@github.com:jpgreninger/protocolpp.git,2
MDEwOlJlcG9zaXRvcnkxOTEwMTQ1NTY=,2019-06-09T14:11:59Z,2026-05-01T15:32:56Z,2026-05-01T15:34:56Z,1010,False,vcvrack-packgamma,stoermelder/vcvrack-packgamma,git@github.com:stoermelder/vcvrack-packgamma.git,5
MDEwOlJlcG9zaXRvcnkxOTA5MTIxNDg=,2019-06-08T16:46:03Z,2026-05-05T01:16:16Z,2026-05-04T17:57:43Z,59065,False,bibref,kovzol/bibref,git@github.com:kovzol/bibref.git,23
MDEwOlJlcG9zaXRvcnkxOTA4ODkyOTY=,2019-06-08T13:10:20Z,2026-04-25T20:12:38Z,2026-04-25T20:12:33Z,135,False,openssldir_check,mirchr/openssldir_check,git@github.com:mirchr/openssldir_check.git,8
MDEwOlJlcG9zaXRvcnkxOTA4Nzg4Nzc=,2019-06-08T11:16:15Z,2026-03-20T11:32:06Z,2026-03-08T00:26:04Z,170854,True,engine3,swgemu/engine3,git@github.com:swgemu/engine3.git,64
MDEwOlJlcG9zaXRvcnkxOTA4NzgwODI=,2019-06-08T11:07:41Z,2026-04-06T10:15:02Z,2026-04-06T10:14:55Z,33002,False,rofv,santaclose/rofv,git@github.com:santaclose/rofv.git,0
MDEwOlJlcG9zaXRvcnkxOTA4MzM0ODM=,2019-06-08T01:46:43Z,2026-04-12T13:20:11Z,2026-03-17T18:50:47Z,6307,True,pkmn-chest,Universal-Team/pkmn-chest,git@github.com:Universal-Team/pkmn-chest.git,267
MDEwOlJlcG9zaXRvcnkxOTA4MTkzNDI=,2019-06-07T22:43:35Z,2026-05-03T16:52:51Z,2026-05-03T16:52:48Z,50109,False,nmtools,alifahrri/nmtools,git@github.com:alifahrri/nmtools.git,12
MDEwOlJlcG9zaXRvcnkxOTA4MTc2MDM=,2019-06-07T22:26:57Z,2026-05-05T12:12:14Z,2026-05-05T12:12:09Z,876,False,tasks,olegfafurin/tasks,git@github.com:olegfafurin/tasks.git,0
MDEwOlJlcG9zaXRvcnkxOTA3Mjk4NzY=,2019-06-07T11:03:28Z,2026-04-11T14:37:26Z,2026-04-11T14:37:20Z,929,False,vfpbench,hiroog/vfpbench,git@github.com:hiroog/vfpbench.git,5
MDEwOlJlcG9zaXRvcnkxOTA3MDc5MzU=,2019-06-07T07:57:39Z,2026-05-07T09:32:47Z,2026-05-07T09:32:45Z,3725,True,mp2p_icp,MOLAorg/mp2p_icp,git@github.com:MOLAorg/mp2p_icp.git,188
MDEwOlJlcG9zaXRvcnkxOTA2MTc1OTk=,2019-06-06T16:53:08Z,2026-04-10T06:25:35Z,2026-04-10T09:14:08Z,3065,True,ifm3d-ros2,ifm/ifm3d-ros2,git@github.com:ifm/ifm3d-ros2.git,29
MDEwOlJlcG9zaXRvcnkxOTA1NjA5ODg=,2019-06-06T10:13:25Z,2026-05-07T08:48:19Z,2026-05-07T08:58:36Z,2244748,True,medfate,emf-creaf/medfate,git@github.com:emf-creaf/medfate.git,13
MDEwOlJlcG9zaXRvcnkxOTA1NDQxMTM=,2019-06-06T08:25:09Z,2026-04-28T12:58:10Z,2026-04-28T12:58:05Z,2318,False,Business-Product-Maintenance-Tool-using-Chained-Hashing,SughoshDixit/Business-Product-Maintenance-Tool-using-Chained-Hashing,git@github.com:SughoshDixit/Business-Product-Maintenance-Tool-using-Chained-Hashing.git,0
MDEwOlJlcG9zaXRvcnkxOTA0MzgxNzE=,2019-06-05T17:23:18Z,2026-03-04T15:47:31Z,2026-03-04T15:18:55Z,12184,False,hpc-flood-simulation-mpi,rmanicav/hpc-flood-simulation-mpi,git@github.com:rmanicav/hpc-flood-simulation-mpi.git,1
MDEwOlJlcG9zaXRvcnkxOTAyOTE3MzY=,2019-06-04T23:08:54Z,2026-04-13T01:23:31Z,2026-03-21T21:01:02Z,3861,False,H3Plugins,RoseKavalier/H3Plugins,git@github.com:RoseKavalier/H3Plugins.git,102
MDEwOlJlcG9zaXRvcnkxOTAxOTA1MTc=,2019-06-04T11:46:13Z,2026-05-05T12:25:30Z,2026-05-05T12:25:28Z,24382,True,crocoddyl,loco-3d/crocoddyl,git@github.com:loco-3d/crocoddyl.git,1206
MDEwOlJlcG9zaXRvcnkxOTAxODY1Mjg=,2019-06-04T11:17:05Z,2026-03-02T19:12:52Z,2026-05-06T11:23:09Z,196,True,nymea-plugins-simulation,nymea/nymea-plugins-simulation,git@github.com:nymea/nymea-plugins-simulation.git,2
MDEwOlJlcG9zaXRvcnkxOTAxNjM1NDk=,2019-06-04T08:45:46Z,2026-05-01T11:02:28Z,2026-03-16T09:51:34Z,8305,True,systemfonts,r-lib/systemfonts,git@github.com:r-lib/systemfonts.git,95
MDEwOlJlcG9zaXRvcnkxOTAwMzc1MDc=,2019-06-03T15:57:54Z,2026-04-28T22:46:14Z,2026-05-04T08:39:56Z,48,False,modbus-tcpmaster,rios0rios0/modbus-tcpmaster,git@github.com:rios0rios0/modbus-tcpmaster.git,3
MDEwOlJlcG9zaXRvcnkxOTAwMTk5MTM=,2019-06-03T14:18:12Z,2026-03-24T20:15:06Z,2026-03-24T20:15:03Z,11,False,Goldmine,Samie-mirghani/Goldmine,git@github.com:Samie-mirghani/Goldmine.git,0
MDEwOlJlcG9zaXRvcnkxOTAwMTk1NzM=,2019-06-03T14:16:24Z,2026-03-24T20:20:31Z,2026-03-24T20:20:29Z,64,False,Maze_stackandqueue,Samie-mirghani/Maze_stackandqueue,git@github.com:Samie-mirghani/Maze_stackandqueue.git,0
MDEwOlJlcG9zaXRvcnkxOTAwMTYwMTc=,2019-06-03T13:57:41Z,2026-03-24T20:24:49Z,2026-03-24T20:22:52Z,3220,False,nameSurfer,Samie-mirghani/nameSurfer,git@github.com:Samie-mirghani/nameSurfer.git,0
MDEwOlJlcG9zaXRvcnkxOTAwMDU3OTQ=,2019-06-03T12:58:27Z,2026-04-02T12:15:59Z,2026-04-02T12:15:54Z,89,False,WindowsProject1,liangchaojiang/WindowsProject1,git@github.com:liangchaojiang/WindowsProject1.git,0
MDEwOlJlcG9zaXRvcnkxODk5ODI4MTI=,2019-06-03T10:16:58Z,2026-05-05T09:39:07Z,2026-05-07T09:21:32Z,130779,True,ecal,eclipse-ecal/ecal,git@github.com:eclipse-ecal/ecal.git,989
MDEwOlJlcG9zaXRvcnkxODk5Nzg5OTc=,2019-06-03T09:52:14Z,2026-05-06T17:00:29Z,2026-05-06T17:00:52Z,7256,True,Ark,ArkScript-lang/Ark,git@github.com:ArkScript-lang/Ark.git,716
MDEwOlJlcG9zaXRvcnkxODk5NTM3NzY=,2019-06-03T07:13:14Z,2026-03-17T12:56:30Z,2026-03-17T12:56:26Z,6946,True,EnglishTurkishTranslation-CPP,StarlangSoftware/EnglishTurkishTranslation-CPP,git@github.com:StarlangSoftware/EnglishTurkishTranslation-CPP.git,1
MDEwOlJlcG9zaXRvcnkxODk5NDYyNTM=,2019-06-03T06:19:44Z,2026-05-01T12:27:50Z,2026-04-30T05:07:40Z,576056,False,tasmota,NicolasBernaerts/tasmota,git@github.com:NicolasBernaerts/tasmota.git,76
MDEwOlJlcG9zaXRvcnkxODk4ODkxMDk=,2019-06-02T19:55:50Z,2026-05-06T17:19:20Z,2026-04-17T15:52:17Z,327,False,esp32cam-ready,rzeldent/esp32cam-ready,git@github.com:rzeldent/esp32cam-ready.git,199
MDEwOlJlcG9zaXRvcnkxODk4ODM0NTY=,2019-06-02T18:55:16Z,2026-03-02T22:26:52Z,2026-03-02T21:52:04Z,1766,False,Stash,FateLeete/Stash,git@github.com:FateLeete/Stash.git,1
MDEwOlJlcG9zaXRvcnkxODk4NzIxMzE=,2019-06-02T16:51:36Z,2026-04-07T06:22:18Z,2026-04-07T06:22:15Z,32125,False,Zodiac-Engine-Project,jenniferls/Zodiac-Engine-Project,git@github.com:jenniferls/Zodiac-Engine-Project.git,1
MDEwOlJlcG9zaXRvcnkxODk4NDU0MDU=,2019-06-02T12:45:06Z,2026-04-27T23:29:57Z,2026-04-27T23:29:51Z,3964,False,named-chess,valentinpi/named-chess,git@github.com:valentinpi/named-chess.git,0
MDEwOlJlcG9zaXRvcnkxODk4NDUwMDk=,2019-06-02T12:40:55Z,2026-04-27T23:14:17Z,2026-04-27T23:14:12Z,0,False,n-queens-problem,valentinpi/n-queens-problem,git@github.com:valentinpi/n-queens-problem.git,0
MDEwOlJlcG9zaXRvcnkxODk4NDQzNzY=,2019-06-02T12:35:20Z,2026-04-27T23:02:59Z,2026-04-27T23:02:55Z,2,False,game-of-life,valentinpi/game-of-life,git@github.com:valentinpi/game-of-life.git,0
MDEwOlJlcG9zaXRvcnkxODk4Mjk2MzA=,2019-06-02T09:50:11Z,2026-05-07T07:42:57Z,2026-05-07T07:42:53Z,2034,False,cpp,iszczesniak/cpp,git@github.com:iszczesniak/cpp.git,12
MDEwOlJlcG9zaXRvcnkxODk3OTYyNTk=,2019-06-02T02:23:18Z,2026-04-29T14:51:46Z,2026-04-29T14:51:42Z,16337,True,cpp-sp,unofficial-shibboleth-mirror/cpp-sp,git@github.com:unofficial-shibboleth-mirror/cpp-sp.git,2
MDEwOlJlcG9zaXRvcnkxODk3MjE4NTU=,2019-06-01T10:52:49Z,2026-03-29T18:54:03Z,2026-04-10T09:51:20Z,4471,False,Dynamical,Paul-Hubert/Dynamical,git@github.com:Paul-Hubert/Dynamical.git,1
MDEwOlJlcG9zaXRvcnkxODk3MDg4NTg=,2019-06-01T08:26:57Z,2026-03-03T22:43:01Z,2026-03-03T22:42:57Z,4067,False,basaltcpp,juli27/basaltcpp,git@github.com:juli27/basaltcpp.git,0
MDEwOlJlcG9zaXRvcnkxODk2OTU0MDA=,2019-06-01T05:44:36Z,2026-04-14T09:57:53Z,2026-04-14T09:58:25Z,169718,False,topoana,buaazhouxingyu/topoana,git@github.com:buaazhouxingyu/topoana.git,23
MDEwOlJlcG9zaXRvcnkxODk2MjgyOTc=,2019-05-31T16:48:03Z,2026-03-31T13:39:46Z,2026-03-31T13:39:39Z,54,False,Crypto,defrixx/Crypto,git@github.com:defrixx/Crypto.git,0
MDEwOlJlcG9zaXRvcnkxODk1MTA2Mjc=,2019-05-31T02:04:21Z,2026-04-26T09:58:00Z,2026-04-22T02:53:33Z,2114,False,gcnasm,carlushuang/gcnasm,git@github.com:carlushuang/gcnasm.git,60
MDEwOlJlcG9zaXRvcnkxODk0ODA3Mzg=,2019-05-30T20:49:42Z,2026-05-04T11:18:28Z,2026-04-08T13:49:17Z,4853,False,library-checker-problems,yosupo06/library-checker-problems,git@github.com:yosupo06/library-checker-problems.git,652
MDEwOlJlcG9zaXRvcnkxODk0NTUzNDU=,2019-05-30T17:29:14Z,2026-03-21T11:18:30Z,2026-03-21T11:18:25Z,5146,False,Collision-Detection-by-robot-ARDUINO-C-,kpalubicki/Collision-Detection-by-robot-ARDUINO-C-,git@github.com:kpalubicki/Collision-Detection-by-robot-ARDUINO-C-.git,0
MDEwOlJlcG9zaXRvcnkxODk0NTQyNjI=,2019-05-30T17:21:05Z,2026-05-03T04:50:06Z,2026-05-03T04:50:02Z,65,False,simplex,chrislam8/simplex,git@github.com:chrislam8/simplex.git,0
MDEwOlJlcG9zaXRvcnkxODk0NDY1NDA=,2019-05-30T16:25:03Z,2026-04-27T15:20:03Z,2026-04-27T15:19:29Z,404908,False,Nietsneflow,LeVirus/Nietsneflow,git@github.com:LeVirus/Nietsneflow.git,1
MDEwOlJlcG9zaXRvcnkxODkzNzEzNzk=,2019-05-30T07:58:41Z,2026-05-01T20:13:26Z,2026-04-04T15:01:48Z,111446,False,ProceduralDungeon,BenPyton/ProceduralDungeon,git@github.com:BenPyton/ProceduralDungeon.git,774
MDEwOlJlcG9zaXRvcnkxODkzNjk2MTQ=,2019-05-30T07:46:54Z,2026-03-22T00:17:43Z,2026-03-22T00:17:40Z,3059,False,Elysium-Core,waYneIsOn/Elysium-Core,git@github.com:waYneIsOn/Elysium-Core.git,2
MDEwOlJlcG9zaXRvcnkxODkzMDU5MDM=,2019-05-29T22:10:03Z,2026-05-06T17:07:22Z,2026-05-06T19:29:10Z,33493,True,text,tensorflow/text,git@github.com:tensorflow/text.git,1286
MDEwOlJlcG9zaXRvcnkxODkyODQ3NTQ=,2019-05-29T19:18:13Z,2026-05-06T07:32:43Z,2026-04-30T20:09:25Z,71575,False,Pixelix,BlueAndi/Pixelix,git@github.com:BlueAndi/Pixelix.git,424
MDEwOlJlcG9zaXRvcnkxODkyMDY3MDQ=,2019-05-29T10:48:56Z,2026-05-06T06:42:58Z,2026-05-07T04:00:55Z,1987414,True,Nabla,Devsh-Graphics-Programming/Nabla,git@github.com:Devsh-Graphics-Programming/Nabla.git,688
MDEwOlJlcG9zaXRvcnkxODkyMDQyOTU=,2019-05-29T10:32:02Z,2026-04-19T14:07:41Z,2026-04-19T14:07:37Z,1439,False,Solved_Algorithm,wafla/Solved_Algorithm,git@github.com:wafla/Solved_Algorithm.git,1
MDEwOlJlcG9zaXRvcnkxODkxOTU2MTU=,2019-05-29T09:37:26Z,2026-04-06T15:54:24Z,2026-04-30T18:21:40Z,20320,True,ganak,meelgroup/ganak,git@github.com:meelgroup/ganak.git,60
MDEwOlJlcG9zaXRvcnkxODkxMTMwNjc=,2019-05-28T22:41:36Z,2026-05-05T08:02:33Z,2026-03-31T02:20:14Z,168852,False,BLUESPAWN,ION28/BLUESPAWN,git@github.com:ION28/BLUESPAWN.git,1328
MDEwOlJlcG9zaXRvcnkxODkwODE4ODk=,2019-05-28T18:27:37Z,2026-05-03T21:11:15Z,2026-05-06T11:01:10Z,146194,True,BabylonNative,BabylonJS/BabylonNative,git@github.com:BabylonJS/BabylonNative.git,898
MDEwOlJlcG9zaXRvcnkxODkwNzM4NTE=,2019-05-28T17:31:43Z,2026-05-02T17:01:31Z,2026-05-01T02:45:10Z,4469,True,nCine,nCine/nCine,git@github.com:nCine/nCine.git,1305
MDEwOlJlcG9zaXRvcnkxODkwNzAxNDA=,2019-05-28T17:05:34Z,2026-05-05T07:27:34Z,2026-05-07T10:34:13Z,267481,False,SPHinXsys,Xiangyu-Hu/SPHinXsys,git@github.com:Xiangyu-Hu/SPHinXsys.git,548
MDEwOlJlcG9zaXRvcnkxODkwMzUxNTM=,2019-05-28T13:36:00Z,2026-03-24T16:38:23Z,2026-03-24T16:38:19Z,15,False,rviz_navigation_plugin,Miaowaaaa/rviz_navigation_plugin,git@github.com:Miaowaaaa/rviz_navigation_plugin.git,11
MDEwOlJlcG9zaXRvcnkxODkwMTQxOTc=,2019-05-28T11:21:29Z,2026-04-09T01:23:48Z,2026-04-03T21:23:41Z,47,False,cpbsb2-arduino,felurye/cpbsb2-arduino,git@github.com:felurye/cpbsb2-arduino.git,0
MDEwOlJlcG9zaXRvcnkxODkwMDc4NzM=,2019-05-28T10:36:11Z,2026-05-05T12:01:00Z,2026-05-05T12:00:56Z,33774,False,RS-MET-Research,RobinSchmidt/RS-MET-Research,git@github.com:RobinSchmidt/RS-MET-Research.git,4
MDEwOlJlcG9zaXRvcnkxODg5OTE5NjM=,2019-05-28T08:56:08Z,2026-05-06T20:42:52Z,2026-05-06T20:42:47Z,284937,True,tencentcloud-sdk-cpp,TencentCloud/tencentcloud-sdk-cpp,git@github.com:TencentCloud/tencentcloud-sdk-cpp.git,65
MDEwOlJlcG9zaXRvcnkxODg5MTkyMjc=,2019-05-27T23:06:18Z,2026-04-21T07:01:08Z,2026-04-10T04:36:43Z,302,False,NodeJs-Unreal,getnamo/NodeJs-Unreal,git@github.com:getnamo/NodeJs-Unreal.git,271
MDEwOlJlcG9zaXRvcnkxODg4ODI3Mzc=,2019-05-27T17:16:46Z,2026-04-30T08:29:48Z,2026-04-12T17:56:47Z,163408,True,SensESP,SignalK/SensESP,git@github.com:SignalK/SensESP.git,195
MDEwOlJlcG9zaXRvcnkxODg4ODAyMTM=,2019-05-27T16:55:21Z,2026-05-07T06:25:39Z,2026-05-07T05:37:22Z,61030,False,OpenRGB,CalcProgrammer1/OpenRGB,git@github.com:CalcProgrammer1/OpenRGB.git,4028
MDEwOlJlcG9zaXRvcnkxODg4Njg3MzI=,2019-05-27T15:32:17Z,2026-03-06T18:28:25Z,2026-03-06T18:28:22Z,123,False,Traceroute,ref-humbold/Traceroute,git@github.com:ref-humbold/Traceroute.git,0
MDEwOlJlcG9zaXRvcnkxODg4NTAyMTU=,2019-05-27T13:38:49Z,2026-04-16T11:42:17Z,2026-03-24T07:27:54Z,5956,False,The-control-unit-washing-machine-LG-WD80187-on-arduino-mega,Nihixi/The-control-unit-washing-machine-LG-WD80187-on-arduino-mega,git@github.com:Nihixi/The-control-unit-washing-machine-LG-WD80187-on-arduino-mega.git,6
MDEwOlJlcG9zaXRvcnkxODg4MjY5NDc=,2019-05-27T11:01:27Z,2026-05-01T21:18:18Z,2026-05-01T21:18:13Z,94451,True,DataGenerator-CPP,StarlangSoftware/DataGenerator-CPP,git@github.com:StarlangSoftware/DataGenerator-CPP.git,2
MDEwOlJlcG9zaXRvcnkxODg3MDI2Mzc=,2019-05-26T15:49:38Z,2026-03-05T15:26:04Z,2026-03-05T15:11:41Z,307,False,Baekjoon,MinetaS/Baekjoon,git@github.com:MinetaS/Baekjoon.git,0
MDEwOlJlcG9zaXRvcnkxODg2OTIxOTA=,2019-05-26T14:19:04Z,2026-04-30T16:17:02Z,2026-04-30T16:23:06Z,76,False,PSO-CPP,AminGholizad/PSO-CPP,git@github.com:AminGholizad/PSO-CPP.git,0
MDEwOlJlcG9zaXRvcnkxODg2NTIwNzI=,2019-05-26T07:18:21Z,2026-03-07T22:22:20Z,2026-03-07T22:22:17Z,783,True,snapdev,m2osw/snapdev,git@github.com:m2osw/snapdev.git,2
MDEwOlJlcG9zaXRvcnkxODg2MDEyMjk=,2019-05-25T18:43:48Z,2026-05-07T10:08:14Z,2026-05-04T23:20:36Z,92461,True,love,love2d/love,git@github.com:love2d/love.git,8274
MDEwOlJlcG9zaXRvcnkxODg1OTU0NDQ=,2019-05-25T17:38:40Z,2026-05-04T01:48:24Z,2026-05-04T01:48:18Z,53502,False,gait_training_robot,zchenpds/gait_training_robot,git@github.com:zchenpds/gait_training_robot.git,3
MDEwOlJlcG9zaXRvcnkxODg1NjQ0MDE=,2019-05-25T12:36:48Z,2026-05-04T11:26:22Z,2026-04-23T10:48:02Z,34974,False,intro-to-dx12,yottaawesome/intro-to-dx12,git@github.com:yottaawesome/intro-to-dx12.git,243
MDEwOlJlcG9zaXRvcnkxODgzODUwOTQ=,2019-05-24T08:36:49Z,2026-04-30T12:24:56Z,2026-04-30T12:23:55Z,63537,True,ara,luhsra/ara,git@github.com:luhsra/ara.git,5
MDEwOlJlcG9zaXRvcnkxODgzMTI4MDc=,2019-05-23T22:03:21Z,2026-04-17T14:20:40Z,2026-04-17T14:20:37Z,1132,True,CANBridge,REVrobotics/CANBridge,git@github.com:REVrobotics/CANBridge.git,13
MDEwOlJlcG9zaXRvcnkxODgzMDI3MTg=,2019-05-23T20:35:14Z,2026-04-10T10:50:53Z,2026-04-29T08:56:38Z,860,False,dingo,romanpauk/dingo,git@github.com:romanpauk/dingo.git,48
MDEwOlJlcG9zaXRvcnkxODgyOTQzODE=,2019-05-23T19:29:22Z,2026-03-17T00:25:40Z,2026-03-17T00:25:44Z,100,True,Arduino_OAuth,arduino-libraries/Arduino_OAuth,git@github.com:arduino-libraries/Arduino_OAuth.git,21
MDEwOlJlcG9zaXRvcnkxODgyNjkwOTk=,2019-05-23T16:20:51Z,2026-03-19T14:45:30Z,2026-05-06T09:33:21Z,365,True,phosphor-nvme,openbmc/phosphor-nvme,git@github.com:openbmc/phosphor-nvme.git,0
MDEwOlJlcG9zaXRvcnkxODgxOTg3OTI=,2019-05-23T09:02:22Z,2026-04-20T03:46:18Z,2026-04-21T01:01:28Z,100,True,turret_lib,UTS-AnimalLogicAcademy/turret_lib,git@github.com:UTS-AnimalLogicAcademy/turret_lib.git,5
MDEwOlJlcG9zaXRvcnkxODgxNDIzMTM=,2019-05-23T01:52:24Z,2026-03-02T19:13:20Z,2026-04-14T12:25:16Z,95,True,nymea-zeroconf-plugin-avahi,nymea/nymea-zeroconf-plugin-avahi,git@github.com:nymea/nymea-zeroconf-plugin-avahi.git,1
MDEwOlJlcG9zaXRvcnkxODgwOTEzMTg=,2019-05-22T18:16:35Z,2026-05-03T17:39:56Z,2026-05-03T17:39:52Z,856,False,libvbox,zrax/libvbox,git@github.com:zrax/libvbox.git,30
MDEwOlJlcG9zaXRvcnkxODgwODU2NTQ=,2019-05-22T17:37:20Z,2026-05-04T15:17:21Z,2026-05-07T04:56:10Z,20276599,False,Bomber,JanSeliv/Bomber,git@github.com:JanSeliv/Bomber.git,351
MDEwOlJlcG9zaXRvcnkxODc5OTgyMzk=,2019-05-22T08:40:28Z,2026-05-06T12:47:13Z,2026-04-16T08:28:04Z,3497,True,QtAliceVision,alicevision/QtAliceVision,git@github.com:alicevision/QtAliceVision.git,35
MDEwOlJlcG9zaXRvcnkxODc5NTgwMjA=,2019-05-22T03:41:32Z,2026-04-26T21:57:20Z,2026-04-26T21:57:15Z,27711,False,ofxMicroUI,dimitre/ofxMicroUI,git@github.com:dimitre/ofxMicroUI.git,53
MDEwOlJlcG9zaXRvcnkxODc4OTg1NDQ=,2019-05-21T19:11:00Z,2026-03-11T19:07:14Z,2026-03-11T19:07:09Z,729,True,inipp,ac-custom-shaders-patch/inipp,git@github.com:ac-custom-shaders-patch/inipp.git,4
MDEwOlJlcG9zaXRvcnkxODc4ODU2NTg=,2019-05-21T17:38:47Z,2026-05-07T10:28:42Z,2026-04-07T17:07:10Z,6664,False,DoomRunner,Youda008/DoomRunner,git@github.com:Youda008/DoomRunner.git,363
MDEwOlJlcG9zaXRvcnkxODc4ODMxNjk=,2019-05-21T17:20:46Z,2026-05-05T16:19:22Z,2026-04-28T11:50:21Z,45325,True,Spixi,ixian-platform/Spixi,git@github.com:ixian-platform/Spixi.git,47
MDEwOlJlcG9zaXRvcnkxODc4NTA4MTA=,2019-05-21T14:11:21Z,2026-04-26T10:59:46Z,2026-03-22T16:20:27Z,1554,False,flinn,jkflying/flinn,git@github.com:jkflying/flinn.git,21
MDEwOlJlcG9zaXRvcnkxODc4MTYwNTU=,2019-05-21T10:32:12Z,2026-03-06T15:41:30Z,2026-03-06T15:41:26Z,90845,False,chimerax-clipper,tristanic/chimerax-clipper,git@github.com:tristanic/chimerax-clipper.git,4
MDEwOlJlcG9zaXRvcnkxODc4MDY2Njg=,2019-05-21T09:33:35Z,2026-04-25T04:45:31Z,2026-03-11T12:50:39Z,135039,True,clevercoffee,rancilio-pid/clevercoffee,git@github.com:rancilio-pid/clevercoffee.git,392
MDEwOlJlcG9zaXRvcnkxODc3ODkzMDc=,2019-05-21T07:57:08Z,2026-04-26T10:09:05Z,2026-04-26T10:09:00Z,1816,False,SlxCom,Shilyx/SlxCom,git@github.com:Shilyx/SlxCom.git,16
MDEwOlJlcG9zaXRvcnkxODc3NDY5OTY=,2019-05-21T02:27:06Z,2026-04-30T13:07:13Z,2026-05-07T09:48:00Z,1275,True,mishegos,trailofbits/mishegos,git@github.com:trailofbits/mishegos.git,269
MDEwOlJlcG9zaXRvcnkxODc3MTIwMTk=,2019-05-20T20:54:54Z,2026-05-07T00:05:58Z,2026-03-30T02:32:34Z,4520,True,aat,AsyncAlgoTrading/aat,git@github.com:AsyncAlgoTrading/aat.git,809
MDEwOlJlcG9zaXRvcnkxODc3MTAzNDc=,2019-05-20T20:41:23Z,2026-04-19T15:03:14Z,2026-04-01T10:06:11Z,818,False,finiteflow,peraro/finiteflow,git@github.com:peraro/finiteflow.git,49
MDEwOlJlcG9zaXRvcnkxODc2OTEwMDI=,2019-05-20T18:10:58Z,2026-03-25T14:41:03Z,2026-03-25T14:43:06Z,42,True,CBUSconfig,MERG-DEV/CBUSconfig,git@github.com:MERG-DEV/CBUSconfig.git,0
MDEwOlJlcG9zaXRvcnkxODc2ODk3Nzk=,2019-05-20T18:02:06Z,2026-03-09T18:20:31Z,2026-03-09T18:20:27Z,684,True,Murka,Kiberchaika/Murka,git@github.com:Kiberchaika/Murka.git,6
MDEwOlJlcG9zaXRvcnkxODc2ODczMDk=,2019-05-20T17:44:18Z,2026-03-25T14:24:26Z,2026-03-25T14:25:44Z,343,True,CBUS,MERG-DEV/CBUS,git@github.com:MERG-DEV/CBUS.git,2
MDEwOlJlcG9zaXRvcnkxODc2NDg0MDY=,2019-05-20T13:42:57Z,2026-04-29T19:10:12Z,2026-04-24T09:38:48Z,847,False,mqmgateway,BlackZork/mqmgateway,git@github.com:BlackZork/mqmgateway.git,85
MDEwOlJlcG9zaXRvcnkxODc2NDMxMTc=,2019-05-20T13:12:24Z,2026-04-21T14:36:04Z,2026-04-21T14:35:09Z,2985,True,MG-CFD-app-OP2,warwick-hpsc/MG-CFD-app-OP2,git@github.com:warwick-hpsc/MG-CFD-app-OP2.git,6
MDEwOlJlcG9zaXRvcnkxODc2MjUyNzg=,2019-05-20T11:12:00Z,2026-03-17T18:24:29Z,2026-03-17T18:24:25Z,29712,False,Carduino,Leobarcena/Carduino,git@github.com:Leobarcena/Carduino.git,0
MDEwOlJlcG9zaXRvcnkxODc1NjI2OTg=,2019-05-20T03:37:08Z,2026-04-29T03:08:40Z,2026-05-07T08:23:54Z,5626,True,EmmyLuaDebugger,EmmyLua/EmmyLuaDebugger,git@github.com:EmmyLua/EmmyLuaDebugger.git,241
MDEwOlJlcG9zaXRvcnkxODc1MTAzNjQ=,2019-05-19T17:58:37Z,2026-04-03T14:31:47Z,2026-04-03T14:31:44Z,491,True,breakid,meelgroup/breakid,git@github.com:meelgroup/breakid.git,9
MDEwOlJlcG9zaXRvcnkxODc0MTk1MDg=,2019-05-19T01:01:45Z,2026-05-04T06:42:21Z,2026-05-04T06:42:17Z,2197,True,stacx,accelerando-consulting/stacx,git@github.com:accelerando-consulting/stacx.git,6
MDEwOlJlcG9zaXRvcnkxODczOTI5ODQ=,2019-05-18T18:35:46Z,2026-05-06T01:27:32Z,2026-03-06T20:23:18Z,1616,False,NeuralNetworks,GiorgosXou/NeuralNetworks,git@github.com:GiorgosXou/NeuralNetworks.git,148
MDEwOlJlcG9zaXRvcnkxODczOTE2MDA=,2019-05-18T18:20:37Z,2026-03-06T08:58:32Z,2026-03-06T08:58:28Z,2957,True,BNPmix,cran/BNPmix,git@github.com:cran/BNPmix.git,0
MDEwOlJlcG9zaXRvcnkxODczMjg4MDM=,2019-05-18T07:39:00Z,2026-04-20T05:52:30Z,2026-04-20T05:52:26Z,1266,False,mazemaze,rsxrwscjpzdzwpxaujrr/mazemaze,git@github.com:rsxrwscjpzdzwpxaujrr/mazemaze.git,17
MDEwOlJlcG9zaXRvcnkxODczMDA0Mzk=,2019-05-18T01:26:41Z,2026-03-28T12:18:53Z,2026-03-28T11:17:53Z,32311,False,OpenGLProject,gammag4/OpenGLProject,git@github.com:gammag4/OpenGLProject.git,0
MDEwOlJlcG9zaXRvcnkxODcyOTg4NzE=,2019-05-18T01:02:24Z,2026-04-28T20:16:53Z,2026-05-07T07:59:32Z,9976,True,Vasati,El-Baca-Org/Vasati,git@github.com:El-Baca-Org/Vasati.git,1
MDEwOlJlcG9zaXRvcnkxODcyOTIwMzE=,2019-05-17T23:16:07Z,2026-03-02T19:13:15Z,2026-04-14T12:25:09Z,65,True,nymea-system-plugin-systemd,nymea/nymea-system-plugin-systemd,git@github.com:nymea/nymea-system-plugin-systemd.git,0
MDEwOlJlcG9zaXRvcnkxODcyOTA2OTQ=,2019-05-17T22:57:00Z,2026-03-02T19:13:06Z,2026-04-14T12:24:56Z,83,True,nymea-update-plugin-packagekit,nymea/nymea-update-plugin-packagekit,git@github.com:nymea/nymea-update-plugin-packagekit.git,0
MDEwOlJlcG9zaXRvcnkxODcyODc4MzU=,2019-05-17T22:18:29Z,2026-04-10T12:42:57Z,2026-04-10T12:42:54Z,268,False,AsteroidGraphicsOPENGL,SyNikolai/AsteroidGraphicsOPENGL,git@github.com:SyNikolai/AsteroidGraphicsOPENGL.git,0
MDEwOlJlcG9zaXRvcnkxODcyODAxMTc=,2019-05-17T20:52:20Z,2026-05-03T02:01:32Z,2026-05-03T02:01:29Z,8589,True,ktimetracker,KDE/ktimetracker,git@github.com:KDE/ktimetracker.git,25
MDEwOlJlcG9zaXRvcnkxODcyMzkwOTY=,2019-05-17T15:20:04Z,2026-04-26T07:53:48Z,2026-04-14T22:57:15Z,9099,False,RocketVideoPlayer,RocketRobz/RocketVideoPlayer,git@github.com:RocketRobz/RocketVideoPlayer.git,39
MDEwOlJlcG9zaXRvcnkxODcyMjAwMjM=,2019-05-17T13:20:32Z,2026-03-31T17:57:06Z,2026-03-31T18:01:49Z,433,False,Vid2RVID,RocketRobz/Vid2RVID,git@github.com:RocketRobz/Vid2RVID.git,26
MDEwOlJlcG9zaXRvcnkxODcxOTY2NTM=,2019-05-17T10:26:14Z,2026-04-10T12:50:12Z,2026-04-10T12:50:09Z,37,False,LinearInterpolationSurface,SyNikolai/LinearInterpolationSurface,git@github.com:SyNikolai/LinearInterpolationSurface.git,1
MDEwOlJlcG9zaXRvcnkxODcxNjU1ODM=,2019-05-17T07:11:02Z,2026-05-05T19:04:31Z,2026-05-04T07:57:11Z,19767,True,vxsig,google/vxsig,git@github.com:google/vxsig.git,288
MDEwOlJlcG9zaXRvcnkxODcxMzYwNTk=,2019-05-17T02:52:13Z,2026-04-08T13:45:37Z,2026-03-28T19:06:54Z,245,True,ida-cmake,allthingsida/ida-cmake,git@github.com:allthingsida/ida-cmake.git,142
MDEwOlJlcG9zaXRvcnkxODcwOTYwMDY=,2019-05-16T20:21:02Z,2026-04-15T23:14:28Z,2026-04-15T23:14:31Z,52,True,catcodec,OpenTTD/catcodec,git@github.com:OpenTTD/catcodec.git,2
MDEwOlJlcG9zaXRvcnkxODcwODEyOTY=,2019-05-16T18:30:10Z,2026-05-03T20:27:30Z,2026-04-20T07:33:17Z,700,False,Candle2,Schildkroet/Candle2,git@github.com:Schildkroet/Candle2.git,230
MDEwOlJlcG9zaXRvcnkxODcwNTQ5Njg=,2019-05-16T15:30:25Z,2026-04-17T07:29:43Z,2026-04-17T07:29:39Z,62686,False,xAndroidDemo,AndroidCoderPeng/xAndroidDemo,git@github.com:AndroidCoderPeng/xAndroidDemo.git,6
MDEwOlJlcG9zaXRvcnkxODcwMzc1NTQ=,2019-05-16T13:51:33Z,2026-04-23T16:59:24Z,2026-04-21T07:27:16Z,353521,True,webrtc,webrtc-sdk/webrtc,git@github.com:webrtc-sdk/webrtc.git,415
MDEwOlJlcG9zaXRvcnkxODcwMzEzMDU=,2019-05-16T13:14:57Z,2026-04-19T16:26:11Z,2026-04-19T16:23:20Z,346199,False,AlrigothmLearn,heihuhei2013/AlrigothmLearn,git@github.com:heihuhei2013/AlrigothmLearn.git,1
MDEwOlJlcG9zaXRvcnkxODcwMTQ3OTg=,2019-05-16T11:32:33Z,2026-04-19T20:22:21Z,2026-04-07T09:50:40Z,2636,False,RealDash-extras,janimm/RealDash-extras,git@github.com:janimm/RealDash-extras.git,179
MDEwOlJlcG9zaXRvcnkxODY5ODkxNTk=,2019-05-16T08:48:48Z,2026-03-12T10:00:32Z,2026-03-12T10:00:27Z,494,False,tiny_imageformat,DeanoC/tiny_imageformat,git@github.com:DeanoC/tiny_imageformat.git,63
MDEwOlJlcG9zaXRvcnkxODY5MjkwOTc=,2019-05-16T01:36:50Z,2026-04-30T05:36:16Z,2026-03-26T08:46:31Z,300,False,pollnet,MengRao/pollnet,git@github.com:MengRao/pollnet.git,259
MDEwOlJlcG9zaXRvcnkxODY4OTU2NTU=,2019-05-15T20:08:59Z,2026-04-12T02:24:13Z,2026-04-12T02:24:03Z,3982,False,rv,zwiebert/rv,git@github.com:zwiebert/rv.git,0
MDEwOlJlcG9zaXRvcnkxODY4OTAyMTE=,2019-05-15T19:28:30Z,2026-04-09T08:11:27Z,2026-03-06T19:58:23Z,139,False,Ezo_I2c_lib,Atlas-Scientific/Ezo_I2c_lib,git@github.com:Atlas-Scientific/Ezo_I2c_lib.git,80
MDEwOlJlcG9zaXRvcnkxODY4OTAwMDg=,2019-05-15T19:27:07Z,2026-05-07T11:09:13Z,2026-05-07T10:37:07Z,10280,False,dedekind,vincentk/dedekind,git@github.com:vincentk/dedekind.git,6
MDEwOlJlcG9zaXRvcnkxODY4NzEwMTg=,2019-05-15T17:10:21Z,2026-04-22T02:06:16Z,2026-05-06T15:52:55Z,1023,True,badger_amcl,BadgerTechnologies/badger_amcl,git@github.com:BadgerTechnologies/badger_amcl.git,5
MDEwOlJlcG9zaXRvcnkxODY4MjIzMzU=,2019-05-15T12:31:42Z,2026-04-13T19:42:29Z,2026-04-05T22:40:19Z,53,False,EmpireEarthZoomChanger,j-frei/EmpireEarthZoomChanger,git@github.com:j-frei/EmpireEarthZoomChanger.git,25
MDEwOlJlcG9zaXRvcnkxODY3OTAyMzE=,2019-05-15T09:06:45Z,2026-05-06T12:48:56Z,2026-05-04T08:36:34Z,560808,False,F-s-PluginsProjects,bryful/F-s-PluginsProjects,git@github.com:bryful/F-s-PluginsProjects.git,347
MDEwOlJlcG9zaXRvcnkxODY3NjE3OTU=,2019-05-15T06:20:37Z,2026-03-17T16:21:58Z,2026-03-17T16:21:53Z,185,False,c-11-14-17-20190414,DikranHachikyan/c-11-14-17-20190414,git@github.com:DikranHachikyan/c-11-14-17-20190414.git,0
MDEwOlJlcG9zaXRvcnkxODY3NDc5MTc=,2019-05-15T04:15:39Z,2026-03-16T20:10:13Z,2026-03-16T20:10:09Z,1465,False,RoboCat,lskrzypczak/RoboCat,git@github.com:lskrzypczak/RoboCat.git,0
MDEwOlJlcG9zaXRvcnkxODY3MDgyNTg=,2019-05-14T22:15:40Z,2026-04-10T19:14:51Z,2026-04-10T19:14:45Z,268,True,om-repo-picker,OpenMandrivaSoftware/om-repo-picker,git@github.com:OpenMandrivaSoftware/om-repo-picker.git,0
MDEwOlJlcG9zaXRvcnkxODY3MDIzNjE=,2019-05-14T21:22:40Z,2026-04-17T00:09:10Z,2026-04-09T02:25:44Z,1486,True,plasma-thunderbolt,KDE/plasma-thunderbolt,git@github.com:KDE/plasma-thunderbolt.git,16
MDEwOlJlcG9zaXRvcnkxODY2ODY1MzI=,2019-05-14T19:26:18Z,2026-03-02T19:12:05Z,2026-04-14T12:23:05Z,45866,True,nymea-zigbee,nymea/nymea-zigbee,git@github.com:nymea/nymea-zigbee.git,6
MDEwOlJlcG9zaXRvcnkxODY2NzE4MjA=,2019-05-14T17:44:56Z,2026-04-16T20:57:10Z,2026-04-27T16:54:00Z,16886,True,libbdsg,vgteam/libbdsg,git@github.com:vgteam/libbdsg.git,36
MDEwOlJlcG9zaXRvcnkxODY2NjQxMDI=,2019-05-14T16:53:36Z,2026-04-26T10:14:43Z,2026-04-26T10:14:38Z,54938,False,Atc,berry8192/Atc,git@github.com:berry8192/Atc.git,0
MDEwOlJlcG9zaXRvcnkxODY2NjIzNjM=,2019-05-14T16:41:17Z,2026-05-07T11:40:35Z,2026-05-03T17:50:16Z,101013,True,nodegui,nodegui/nodegui,git@github.com:nodegui/nodegui.git,9206
MDEwOlJlcG9zaXRvcnkxODY2NDk2MDc=,2019-05-14T15:24:18Z,2026-04-24T21:10:14Z,2026-04-06T09:50:19Z,554,False,vwifi,Raizo62/vwifi,git@github.com:Raizo62/vwifi.git,96
MDEwOlJlcG9zaXRvcnkxODY1NjU4NTA=,2019-05-14T07:13:41Z,2026-03-03T14:14:50Z,2026-03-03T14:12:30Z,8,False,rubbish-bin,mayday-wh/rubbish-bin,git@github.com:mayday-wh/rubbish-bin.git,0
MDEwOlJlcG9zaXRvcnkxODY1MDI3NjA=,2019-05-13T22:11:56Z,2026-05-02T18:59:17Z,2026-05-02T18:59:12Z,47827,True,tinker-gpu,TinkerTools/tinker-gpu,git@github.com:TinkerTools/tinker-gpu.git,58
MDEwOlJlcG9zaXRvcnkxODY0OTkyNTU=,2019-05-13T21:38:34Z,2026-04-26T19:28:22Z,2026-04-26T19:28:17Z,1901,False,LaggyDx,WowSoLaggy/LaggyDx,git@github.com:WowSoLaggy/LaggyDx.git,0
MDEwOlJlcG9zaXRvcnkxODY0OTkwOTY=,2019-05-13T21:37:00Z,2026-04-27T18:51:43Z,2026-04-27T18:51:39Z,269,False,LaggySdk,WowSoLaggy/LaggySdk,git@github.com:WowSoLaggy/LaggySdk.git,0
MDEwOlJlcG9zaXRvcnkxODY0NjI5NzQ=,2019-05-13T17:06:44Z,2026-04-02T21:38:37Z,2026-04-02T21:38:28Z,20887,True,PepSIRF,LadnerLab/PepSIRF,git@github.com:LadnerLab/PepSIRF.git,11
MDEwOlJlcG9zaXRvcnkxODY0MzA0MzA=,2019-05-13T13:57:28Z,2026-04-27T14:24:19Z,2026-04-27T14:23:30Z,13178,False,AmbObj_Localizer,felixrosatmetlla/AmbObj_Localizer,git@github.com:felixrosatmetlla/AmbObj_Localizer.git,0
MDEwOlJlcG9zaXRvcnkxODY0MzAxNTM=,2019-05-13T13:56:07Z,2026-05-02T15:56:32Z,2026-05-04T17:26:24Z,1346,True,KDToolBox,KDABLabs/KDToolBox,git@github.com:KDABLabs/KDToolBox.git,377
MDEwOlJlcG9zaXRvcnkxODYzOTM0NzI=,2019-05-13T09:57:57Z,2026-04-12T21:13:10Z,2026-04-12T21:13:07Z,5305,False,graphseg,goepp/graphseg,git@github.com:goepp/graphseg.git,1
MDEwOlJlcG9zaXRvcnkxODYzNjUwMTg=,2019-05-13T07:11:56Z,2026-04-08T03:17:06Z,2026-04-08T03:17:02Z,337,True,parameter_handler,ANYbotics/parameter_handler,git@github.com:ANYbotics/parameter_handler.git,5
MDEwOlJlcG9zaXRvcnkxODYzNjM4MzM=,2019-05-13T07:04:13Z,2026-04-17T03:15:45Z,2026-04-17T03:15:40Z,2746,True,signal_logger,ANYbotics/signal_logger,git@github.com:ANYbotics/signal_logger.git,9
MDEwOlJlcG9zaXRvcnkxODYzNTU1ODc=,2019-05-13T06:06:20Z,2026-05-04T07:44:00Z,2026-05-05T15:10:14Z,12586,False,app-mesh,laoshanxi/app-mesh,git@github.com:laoshanxi/app-mesh.git,215
MDEwOlJlcG9zaXRvcnkxODYzMDE5MDg=,2019-05-12T20:40:27Z,2026-04-28T11:37:54Z,2026-04-28T11:37:49Z,103,True,Homegear-Velux-KLF200,Homegear/Homegear-Velux-KLF200,git@github.com:Homegear/Homegear-Velux-KLF200.git,1
MDEwOlJlcG9zaXRvcnkxODYyODg0NzI=,2019-05-12T18:12:52Z,2026-05-05T16:59:05Z,2026-05-05T16:59:00Z,10742,False,aap-core,atsushieno/aap-core,git@github.com:atsushieno/aap-core.git,116
MDEwOlJlcG9zaXRvcnkxODYyMjYyMTU=,2019-05-12T07:45:10Z,2026-04-26T07:16:07Z,2026-04-26T07:16:06Z,365,False,numkit,genabug/numkit,git@github.com:genabug/numkit.git,0
MDEwOlJlcG9zaXRvcnkxODYyMjI3NTA=,2019-05-12T07:03:03Z,2026-04-07T07:58:18Z,2026-04-07T07:58:08Z,2052,False,f9omstw,fonwin/f9omstw,git@github.com:fonwin/f9omstw.git,4
MDEwOlJlcG9zaXRvcnkxODYxMzA0Nzk=,2019-05-11T12:31:06Z,2026-04-07T18:28:49Z,2026-03-07T15:57:32Z,4513,False,MCP23017_WE,wollewald/MCP23017_WE,git@github.com:wollewald/MCP23017_WE.git,46
MDEwOlJlcG9zaXRvcnkxODYxMTgzODk=,2019-05-11T10:22:58Z,2026-03-15T19:01:41Z,2026-03-15T19:01:37Z,2279,False,SP6302LQ,ziokappa/SP6302LQ,git@github.com:ziokappa/SP6302LQ.git,1
MDEwOlJlcG9zaXRvcnkxODYxMTQ0NDQ=,2019-05-11T09:41:22Z,2026-03-10T14:07:28Z,2026-03-10T14:07:23Z,2919,True,MatchPoint,MIC-DKFZ/MatchPoint,git@github.com:MIC-DKFZ/MatchPoint.git,5
MDEwOlJlcG9zaXRvcnkxODU5OTk2MTY=,2019-05-10T14:11:51Z,2026-05-06T09:23:45Z,2026-04-27T20:50:25Z,25735,True,PretextView,sanger-tol/PretextView,git@github.com:sanger-tol/PretextView.git,61
MDEwOlJlcG9zaXRvcnkxODU5ODMyOTU=,2019-05-10T12:18:50Z,2026-04-15T18:01:49Z,2026-04-15T18:01:46Z,38,True,Binaeruhr,leoninum/Binaeruhr,git@github.com:leoninum/Binaeruhr.git,0
MDEwOlJlcG9zaXRvcnkxODU5NzE2NzA=,2019-05-10T10:48:15Z,2026-03-20T11:09:14Z,2026-03-20T11:09:09Z,25743,True,sofie-quantel-gateway,Sofie-Automation/sofie-quantel-gateway,git@github.com:Sofie-Automation/sofie-quantel-gateway.git,3
MDEwOlJlcG9zaXRvcnkxODU4OTgxMDI=,2019-05-10T01:38:22Z,2026-03-07T11:50:14Z,2026-03-07T11:50:11Z,586,True,NTagLib,luminescence-software/NTagLib,git@github.com:luminescence-software/NTagLib.git,6
MDEwOlJlcG9zaXRvcnkxODU4NjY0OTI=,2019-05-09T20:24:59Z,2026-04-07T18:26:04Z,2026-05-07T11:32:00Z,3266,True,gsql-graph-algorithms,tigergraph/gsql-graph-algorithms,git@github.com:tigergraph/gsql-graph-algorithms.git,215
MDEwOlJlcG9zaXRvcnkxODU4NjAxNzI=,2019-05-09T19:34:58Z,2026-05-06T16:49:05Z,2026-04-15T16:16:11Z,13695,False,hifiasm,chhylp123/hifiasm,git@github.com:chhylp123/hifiasm.git,769
MDEwOlJlcG9zaXRvcnkxODU4Mzg1NzM=,2019-05-09T16:51:25Z,2026-03-14T23:54:41Z,2026-03-14T23:54:37Z,5474,False,flutter_animated_play_button,zonble/flutter_animated_play_button,git@github.com:zonble/flutter_animated_play_button.git,11
MDEwOlJlcG9zaXRvcnkxODU2ODIxNzk=,2019-05-08T21:32:30Z,2026-03-07T09:46:56Z,2026-03-07T09:46:53Z,732,True,Rfast2,cran/Rfast2,git@github.com:cran/Rfast2.git,1
MDEwOlJlcG9zaXRvcnkxODU2NjcxNDM=,2019-05-08T19:26:13Z,2026-04-28T13:24:45Z,2026-05-04T09:35:20Z,5079,True,units,llnl/units,git@github.com:llnl/units.git,169
MDEwOlJlcG9zaXRvcnkxODU2MTYyNzQ=,2019-05-08T13:55:29Z,2026-04-21T01:48:36Z,2026-03-17T20:28:26Z,7621,False,vivid,gurki/vivid,git@github.com:gurki/vivid.git,183
MDEwOlJlcG9zaXRvcnkxODU1NDEwODk=,2019-05-08T06:09:36Z,2026-05-01T21:17:48Z,2026-05-01T21:17:43Z,76250,True,AnnotatedTree-CPP,StarlangSoftware/AnnotatedTree-CPP,git@github.com:StarlangSoftware/AnnotatedTree-CPP.git,3
MDEwOlJlcG9zaXRvcnkxODU1MzM5NDQ=,2019-05-08T05:26:16Z,2026-05-03T02:18:28Z,2026-04-27T15:24:36Z,147860,False,Content,codereport/Content,git@github.com:codereport/Content.git,227
MDEwOlJlcG9zaXRvcnkxODU0OTU2ODc=,2019-05-08T00:06:10Z,2026-04-15T18:46:34Z,2026-04-08T09:24:17Z,141039,True,dvrescue,mipops/dvrescue,git@github.com:mipops/dvrescue.git,125
MDEwOlJlcG9zaXRvcnkxODU0NTQ1NzA=,2019-05-07T18:09:27Z,2026-03-17T16:08:58Z,2026-03-17T16:08:52Z,572,True,smobj,textiles-lab/smobj,git@github.com:textiles-lab/smobj.git,15
MDEwOlJlcG9zaXRvcnkxODU0MzkzMzM=,2019-05-07T16:24:33Z,2026-05-07T01:50:51Z,2026-05-05T12:01:28Z,51677,False,JohnnyGuitarNVSE,carxt/JohnnyGuitarNVSE,git@github.com:carxt/JohnnyGuitarNVSE.git,62
MDEwOlJlcG9zaXRvcnkxODU0MTg4Nzc=,2019-05-07T14:29:46Z,2026-03-16T17:51:46Z,2026-03-16T17:51:42Z,6511,True,hermes,formicidae-tracker/hermes,git@github.com:formicidae-tracker/hermes.git,0
MDEwOlJlcG9zaXRvcnkxODU0MDUwNjM=,2019-05-07T13:13:07Z,2026-04-20T20:19:12Z,2026-04-20T20:35:39Z,455,False,UENamingConventionValidation,TheEmidee/UENamingConventionValidation,git@github.com:TheEmidee/UENamingConventionValidation.git,31
MDEwOlJlcG9zaXRvcnkxODUzOTI0MTI=,2019-05-07T11:58:47Z,2026-03-30T16:35:42Z,2026-03-07T18:39:32Z,1821,False,sfxPackager,keelanstuart/sfxPackager,git@github.com:keelanstuart/sfxPackager.git,15
MDEwOlJlcG9zaXRvcnkxODUzNjgyMzA=,2019-05-07T09:23:48Z,2026-05-03T13:51:31Z,2026-04-19T02:50:08Z,155874,False,RetroPlug,tommitytom/RetroPlug,git@github.com:tommitytom/RetroPlug.git,371
MDEwOlJlcG9zaXRvcnkxODUzMzg3Mjk=,2019-05-07T06:45:50Z,2026-04-16T08:33:43Z,2026-04-16T08:33:39Z,3394,False,DOSVAXJ3,nanshiki/DOSVAXJ3,git@github.com:nanshiki/DOSVAXJ3.git,33
MDEwOlJlcG9zaXRvcnkxODUzMTUwMDM=,2019-05-07T03:34:41Z,2026-03-08T16:10:33Z,2026-03-08T16:10:29Z,18496,False,Compiler,rweyrauch/Compiler,git@github.com:rweyrauch/Compiler.git,0
MDEwOlJlcG9zaXRvcnkxODUyODUxMTM=,2019-05-06T23:18:21Z,2026-04-21T19:38:14Z,2026-04-21T19:38:10Z,7332,True,rstudio-launcher-plugin-sdk,rstudio/rstudio-launcher-plugin-sdk,git@github.com:rstudio/rstudio-launcher-plugin-sdk.git,6
MDEwOlJlcG9zaXRvcnkxODUyNjU1MDA=,2019-05-06T20:17:30Z,2026-04-21T13:04:23Z,2026-04-22T19:36:23Z,772,False,ulog,shawnfeng0/ulog,git@github.com:shawnfeng0/ulog.git,23
MDEwOlJlcG9zaXRvcnkxODUyNDYyMjg=,2019-05-06T17:59:49Z,2026-05-06T04:25:00Z,2026-05-06T04:25:04Z,2045,True,winreglib,tidev/winreglib,git@github.com:tidev/winreglib.git,5
MDEwOlJlcG9zaXRvcnkxODUyNDU2NjQ=,2019-05-06T17:55:40Z,2026-03-03T14:41:58Z,2026-03-03T14:26:50Z,6231,True,psi-act,psiori/psi-act,git@github.com:psiori/psi-act.git,1
MDEwOlJlcG9zaXRvcnkxODUxOTkyMDI=,2019-05-06T13:10:16Z,2026-05-07T10:05:41Z,2026-05-04T14:37:11Z,387442,True,jfx,openjdk/jfx,git@github.com:openjdk/jfx.git,3231
MDEwOlJlcG9zaXRvcnkxODUxOTM4NTI=,2019-05-06T12:38:11Z,2026-05-07T01:46:55Z,2026-05-07T02:40:18Z,95058,True,kaidan,KDE/kaidan,git@github.com:KDE/kaidan.git,31
MDEwOlJlcG9zaXRvcnkxODUxODUyODA=,2019-05-06T11:41:55Z,2026-05-07T08:00:42Z,2026-05-07T08:00:40Z,42268,True,spatial-model-editor,spatial-model-editor/spatial-model-editor,git@github.com:spatial-model-editor/spatial-model-editor.git,19
MDEwOlJlcG9zaXRvcnkxODUxNzc4ODE=,2019-05-06T10:49:48Z,2026-05-07T09:20:46Z,2026-04-15T06:56:28Z,22706,False,OriginDL,jinbooooom/OriginDL,git@github.com:jinbooooom/OriginDL.git,278
MDEwOlJlcG9zaXRvcnkxODQ5NTUzNzE=,2019-05-04T23:53:53Z,2026-04-12T00:28:12Z,2026-04-12T00:28:07Z,214,False,harbour-qrclip,monich/harbour-qrclip,git@github.com:monich/harbour-qrclip.git,1
MDEwOlJlcG9zaXRvcnkxODQ5MzE3Njc=,2019-05-04T18:38:31Z,2026-03-31T07:48:20Z,2026-03-31T07:48:13Z,5595,True,vroom,cran/vroom,git@github.com:cran/vroom.git,0
MDEwOlJlcG9zaXRvcnkxODQ5MTU1MDk=,2019-05-04T15:57:05Z,2026-05-07T08:39:34Z,2026-05-07T08:39:33Z,1033,True,mrpt_path_planning,MRPT/mrpt_path_planning,git@github.com:MRPT/mrpt_path_planning.git,17
MDEwOlJlcG9zaXRvcnkxODQ4OTk5ODM=,2019-05-04T13:42:32Z,2026-04-26T09:54:47Z,2026-04-26T09:54:43Z,2688,False,vgaxua,smaffer/vgaxua,git@github.com:smaffer/vgaxua.git,40
MDEwOlJlcG9zaXRvcnkxODQ4NjY0NzE=,2019-05-04T07:44:58Z,2026-04-17T09:56:38Z,2026-04-17T09:56:32Z,52837,False,ArchiveRepo,SindreYang/ArchiveRepo,git@github.com:SindreYang/ArchiveRepo.git,18
MDEwOlJlcG9zaXRvcnkxODQ4NTU2NTU=,2019-05-04T05:23:29Z,2026-04-26T13:05:45Z,2026-04-26T13:05:41Z,856,True,cpp-process,pqrs-org/cpp-process,git@github.com:pqrs-org/cpp-process.git,2
MDEwOlJlcG9zaXRvcnkxODQ4MjkzMzE=,2019-05-03T22:53:00Z,2026-05-02T09:54:44Z,2026-05-07T02:45:14Z,1288,False,dsoal,kcat/dsoal,git@github.com:kcat/dsoal.git,647
MDEwOlJlcG9zaXRvcnkxODQ4MjI4OTc=,2019-05-03T21:33:28Z,2026-04-27T04:35:00Z,2026-05-04T11:18:04Z,25014,True,WebView2Samples,MicrosoftEdge/WebView2Samples,git@github.com:MicrosoftEdge/WebView2Samples.git,1020
MDEwOlJlcG9zaXRvcnkxODQ4MTIyOTY=,2019-05-03T19:49:28Z,2026-04-22T10:43:21Z,2026-04-22T10:43:16Z,93,False,barn-bits,langenhagen/barn-bits,git@github.com:langenhagen/barn-bits.git,1
MDEwOlJlcG9zaXRvcnkxODQ4MDY0MDk=,2019-05-03T19:00:21Z,2026-04-18T06:26:04Z,2026-04-18T06:26:01Z,94,False,SoulRock,Netstat-abefinoprstxy/SoulRock,git@github.com:Netstat-abefinoprstxy/SoulRock.git,0
MDEwOlJlcG9zaXRvcnkxODQ3OTYzNDE=,2019-05-03T17:39:30Z,2026-03-04T23:55:39Z,2026-03-04T23:55:36Z,2128,False,QNetworkCliQueries,josedeleoncordon/QNetworkCliQueries,git@github.com:josedeleoncordon/QNetworkCliQueries.git,0
MDEwOlJlcG9zaXRvcnkxODQ3NzY4Mjk=,2019-05-03T15:12:43Z,2026-04-30T03:01:34Z,2026-04-30T03:01:29Z,188,False,SpinlockSimulator,PiJoCoder/SpinlockSimulator,git@github.com:PiJoCoder/SpinlockSimulator.git,0
MDEwOlJlcG9zaXRvcnkxODQ3NzA1MDA=,2019-05-03T14:35:19Z,2026-05-01T21:43:48Z,2026-04-04T01:59:48Z,4639,False,nmail,d99kris/nmail,git@github.com:d99kris/nmail.git,247
MDEwOlJlcG9zaXRvcnkxODQ3NDU4MTY=,2019-05-03T11:42:19Z,2026-03-25T17:02:48Z,2026-03-25T17:02:11Z,226,False,Codeforces,shavidze/Codeforces,git@github.com:shavidze/Codeforces.git,1
MDEwOlJlcG9zaXRvcnkxODQ3NDQwMzE=,2019-05-03T11:26:38Z,2026-04-12T17:39:37Z,2026-04-12T17:39:34Z,928,False,EigenLite,TheTechnobear/EigenLite,git@github.com:TheTechnobear/EigenLite.git,4
MDEwOlJlcG9zaXRvcnkxODQ3MTc3ODM=,2019-05-03T07:49:16Z,2026-05-06T20:01:22Z,2026-05-07T11:19:10Z,17412,False,esmini,esmini/esmini,git@github.com:esmini/esmini.git,912
MDEwOlJlcG9zaXRvcnkxODQ3MDQ5MDM=,2019-05-03T05:47:52Z,2026-05-07T07:58:26Z,2026-05-07T02:17:21Z,16354,True,interpret,interpretml/interpret,git@github.com:interpretml/interpret.git,6845
MDEwOlJlcG9zaXRvcnkxODQ2NTczMjg=,2019-05-02T22:02:08Z,2026-05-07T08:04:28Z,2026-04-13T22:59:10Z,143362,True,TensorRT,NVIDIA/TensorRT,git@github.com:NVIDIA/TensorRT.git,12965
MDEwOlJlcG9zaXRvcnkxODQ2MzU3NzI=,2019-05-02T18:59:17Z,2026-04-29T04:14:22Z,2026-04-29T04:14:17Z,808,True,titan,tikv/titan,git@github.com:tikv/titan.git,513
MDEwOlJlcG9zaXRvcnkxODQ2MDU1NDM=,2019-05-02T15:26:40Z,2026-04-27T13:03:45Z,2026-04-23T07:06:07Z,21823,True,LoKI-B-cpp,LoKI-Suite/LoKI-B-cpp,git@github.com:LoKI-Suite/LoKI-B-cpp.git,6
MDEwOlJlcG9zaXRvcnkxODQ1Njc0OTE=,2019-05-02T11:14:27Z,2026-03-25T12:47:10Z,2026-03-25T13:16:41Z,268726,False,beagle-dev-tools,M-Vaittinen/beagle-dev-tools,git@github.com:M-Vaittinen/beagle-dev-tools.git,0
MDEwOlJlcG9zaXRvcnkxODQ1Njc0NDc=,2019-05-02T11:14:08Z,2026-05-06T13:43:24Z,2026-05-06T13:42:13Z,132,False,json2oab,3s1d/json2oab,git@github.com:3s1d/json2oab.git,0
MDEwOlJlcG9zaXRvcnkxODQ1MzM4MDI=,2019-05-02T06:44:52Z,2026-05-07T07:08:34Z,2026-05-07T07:21:44Z,99903,True,ptusa_main,savushkin-r-d/ptusa_main,git@github.com:savushkin-r-d/ptusa_main.git,4
MDEwOlJlcG9zaXRvcnkxODQ0OTM0ODE=,2019-05-01T23:12:55Z,2026-03-02T15:40:40Z,2026-04-10T03:29:42Z,490,True,Flomosys,SIOTLAB/Flomosys,git@github.com:SIOTLAB/Flomosys.git,4
MDEwOlJlcG9zaXRvcnkxODQ0ODAyNjc=,2019-05-01T20:54:00Z,2026-03-12T16:05:11Z,2026-03-12T15:27:36Z,63914,False,gpsbabel_test,tsteven4/gpsbabel_test,git@github.com:tsteven4/gpsbabel_test.git,0
MDEwOlJlcG9zaXRvcnkxODQ0NzM3OTk=,2019-05-01T19:59:43Z,2026-03-05T17:23:35Z,2026-03-05T17:23:31Z,290513,False,vicon_calibration,nickcharron/vicon_calibration,git@github.com:nickcharron/vicon_calibration.git,4
MDEwOlJlcG9zaXRvcnkxODQ0Njc5NjM=,2019-05-01T19:13:17Z,2026-03-09T01:58:17Z,2026-03-09T01:58:13Z,600,True,raimd,raitechnology/raimd,git@github.com:raitechnology/raimd.git,0
MDEwOlJlcG9zaXRvcnkxODQ0NDMxNjU=,2019-05-01T16:06:12Z,2026-05-04T15:39:51Z,2026-05-04T15:46:33Z,330,False,RemoteXY-Arduino-library,RemoteXY/RemoteXY-Arduino-library,git@github.com:RemoteXY/RemoteXY-Arduino-library.git,69
MDEwOlJlcG9zaXRvcnkxODQ0MDY2MjQ=,2019-05-01T11:28:22Z,2026-05-07T04:53:07Z,2026-04-30T15:50:11Z,1379,False,RevilLib,PredatorCZ/RevilLib,git@github.com:PredatorCZ/RevilLib.git,33
MDEwOlJlcG9zaXRvcnkxODQ0MDUxOTQ=,2019-05-01T11:13:32Z,2026-04-22T13:51:16Z,2026-04-22T13:58:59Z,1305,False,taskplanner,schoebey/taskplanner,git@github.com:schoebey/taskplanner.git,0
MDEwOlJlcG9zaXRvcnkxODQzODc3NDg=,2019-05-01T08:18:13Z,2026-03-08T09:07:04Z,2026-04-06T06:27:10Z,68158,False,emon_Suite,sfewings/emon_Suite,git@github.com:sfewings/emon_Suite.git,3
MDEwOlJlcG9zaXRvcnkxODQzNzY5MTI=,2019-05-01T06:18:01Z,2026-05-02T09:25:51Z,2026-05-07T07:58:18Z,106881,True,kadas-albireo2,kadas-albireo/kadas-albireo2,git@github.com:kadas-albireo/kadas-albireo2.git,90
MDEwOlJlcG9zaXRvcnkxODQzNzA5MDE=,2019-05-01T04:58:41Z,2026-04-13T12:36:23Z,2026-04-13T12:36:18Z,7867,False,cProjects,Mabbus44/cProjects,git@github.com:Mabbus44/cProjects.git,0
MDEwOlJlcG9zaXRvcnkxODQzMzgyNTI=,2019-04-30T22:10:24Z,2026-04-29T15:59:26Z,2026-04-29T15:59:16Z,18561,False,openacr,alexeilebedev/openacr,git@github.com:alexeilebedev/openacr.git,46
MDEwOlJlcG9zaXRvcnkxODQzMzY5MDU=,2019-04-30T21:56:39Z,2026-04-29T18:52:33Z,2026-05-06T22:36:01Z,246080,True,MET,dtcenter/MET,git@github.com:dtcenter/MET.git,86
MDEwOlJlcG9zaXRvcnkxODQzMjg4NjU=,2019-04-30T20:42:21Z,2026-05-05T14:48:37Z,2026-05-05T14:42:28Z,5710,True,libAudio,dragonCodecs/libAudio,git@github.com:dragonCodecs/libAudio.git,3
MDEwOlJlcG9zaXRvcnkxODQzMTYyODE=,2019-04-30T19:01:10Z,2026-04-15T20:46:45Z,2026-04-15T20:46:41Z,131,False,penelope-bot,daniele-sartiano/penelope-bot,git@github.com:daniele-sartiano/penelope-bot.git,1
MDEwOlJlcG9zaXRvcnkxODQzMDMwOTU=,2019-04-30T17:21:02Z,2026-05-06T22:50:01Z,2026-04-04T12:09:58Z,8374,False,tvision,magiblot/tvision,git@github.com:magiblot/tvision.git,3025
MDEwOlJlcG9zaXRvcnkxODQyODgxNDk=,2019-04-30T15:34:52Z,2026-05-05T20:12:56Z,2026-05-05T20:12:52Z,68901,False,MaximumTrainer_Redux,MaximumTrainer/MaximumTrainer_Redux,git@github.com:MaximumTrainer/MaximumTrainer_Redux.git,24
MDEwOlJlcG9zaXRvcnkxODQyNTUxNDM=,2019-04-30T12:06:57Z,2026-04-28T13:15:15Z,2026-04-28T13:13:32Z,43,True,mi-programoptions,metno/mi-programoptions,git@github.com:metno/mi-programoptions.git,1
MDEwOlJlcG9zaXRvcnkxODQyNDY1Nzc=,2019-04-30T11:00:57Z,2026-04-11T17:41:07Z,2026-04-11T17:30:06Z,26040,False,Apothesis,nixeimar/Apothesis,git@github.com:nixeimar/Apothesis.git,26
MDEwOlJlcG9zaXRvcnkxODQyMjcyODA=,2019-04-30T08:53:34Z,2026-05-06T21:06:10Z,2026-05-06T21:06:06Z,14975,False,libcamera,kbingham/libcamera,git@github.com:kbingham/libcamera.git,186
MDEwOlJlcG9zaXRvcnkxODQyMTAxODg=,2019-04-30T07:07:19Z,2026-05-04T11:00:09Z,2026-05-04T11:19:21Z,218,True,mgconsole,memgraph/mgconsole,git@github.com:memgraph/mgconsole.git,50
MDEwOlJlcG9zaXRvcnkxODQxODgwOTk=,2019-04-30T03:52:36Z,2026-04-17T12:46:48Z,2026-04-17T12:46:45Z,7005,False,ColorQuantization,Xiaoyuan-Liu/ColorQuantization,git@github.com:Xiaoyuan-Liu/ColorQuantization.git,1
MDEwOlJlcG9zaXRvcnkxODQxODQ4MjA=,2019-04-30T03:26:21Z,2026-05-07T10:02:35Z,2026-05-07T10:02:31Z,28097,False,dbxoodbc,Eden5Wu/dbxoodbc,git@github.com:Eden5Wu/dbxoodbc.git,3
MDEwOlJlcG9zaXRvcnkxODQxNjYzNDA=,2019-04-30T00:59:14Z,2026-05-06T13:22:48Z,2026-04-26T18:52:29Z,358182,True,basis_universal,BinomialLLC/basis_universal,git@github.com:BinomialLLC/basis_universal.git,3021
MDEwOlJlcG9zaXRvcnkxODQxMjM3MTA=,2019-04-29T18:34:40Z,2026-04-28T18:56:57Z,2026-04-28T18:56:59Z,12674,True,CCADB-Tools,mozilla/CCADB-Tools,git@github.com:mozilla/CCADB-Tools.git,18
MDEwOlJlcG9zaXRvcnkxODQwODQ3OTU=,2019-04-29T14:18:20Z,2026-04-29T20:26:45Z,2026-04-29T20:26:40Z,459,False,util,krox/util,git@github.com:krox/util.git,0
MDEwOlJlcG9zaXRvcnkxODQwNjY1MDU=,2019-04-29T12:25:11Z,2026-05-07T08:15:50Z,2026-05-07T08:31:00Z,147308,True,FBNeo,finalburnneo/FBNeo,git@github.com:finalburnneo/FBNeo.git,1346
MDEwOlJlcG9zaXRvcnkxODQwNTgzNjQ=,2019-04-29T11:28:34Z,2026-03-18T17:23:22Z,2026-03-18T17:23:18Z,63561,False,NumPDE,erickschulz/NumPDE,git@github.com:erickschulz/NumPDE.git,41
MDEwOlJlcG9zaXRvcnkxODQwNTc5MDE=,2019-04-29T11:25:14Z,2026-04-06T17:17:07Z,2026-04-06T17:17:00Z,410,False,competitive-cpp,IshanManchanda/competitive-cpp,git@github.com:IshanManchanda/competitive-cpp.git,4
MDEwOlJlcG9zaXRvcnkxODQwNTY4NDE=,2019-04-29T11:17:30Z,2026-05-06T08:47:57Z,2026-05-06T08:47:53Z,205595,False,Little-Ruler,SausageTaste/Little-Ruler,git@github.com:SausageTaste/Little-Ruler.git,22
MDEwOlJlcG9zaXRvcnkxODQwNDc5MjU=,2019-04-29T10:11:58Z,2026-04-26T13:03:22Z,2026-04-26T13:03:16Z,778,True,cpp-cf-boolean,pqrs-org/cpp-cf-boolean,git@github.com:pqrs-org/cpp-cf-boolean.git,1
MDEwOlJlcG9zaXRvcnkxODQwMjU0OTA=,2019-04-29T07:53:05Z,2026-05-07T07:34:06Z,2026-05-07T07:34:01Z,2067,False,Intoduction-to-ML,sinegami301194/Intoduction-to-ML,git@github.com:sinegami301194/Intoduction-to-ML.git,1
MDEwOlJlcG9zaXRvcnkxODQwMTcwMTE=,2019-04-29T06:58:28Z,2026-04-24T17:58:01Z,2026-04-24T18:03:22Z,651653,True,zmesh,seung-lab/zmesh,git@github.com:seung-lab/zmesh.git,72
MDEwOlJlcG9zaXRvcnkxODQwMTI5MDI=,2019-04-29T06:30:10Z,2026-04-15T15:12:44Z,2026-04-15T15:12:39Z,198,True,clang-jni,cqse/clang-jni,git@github.com:cqse/clang-jni.git,0
MDEwOlJlcG9zaXRvcnkxODQwMDU1NDQ=,2019-04-29T05:30:24Z,2026-04-02T20:43:40Z,2026-04-02T20:43:36Z,8,False,NodeMCU-Wifi-Connector,khi48/NodeMCU-Wifi-Connector,git@github.com:khi48/NodeMCU-Wifi-Connector.git,0
MDEwOlJlcG9zaXRvcnkxODM5ODA3OTk=,2019-04-29T01:42:38Z,2026-05-07T11:38:12Z,2026-05-03T13:11:28Z,153200,True,ugrep,Genivia/ugrep,git@github.com:Genivia/ugrep.git,3132
MDEwOlJlcG9zaXRvcnkxODM5NjYwNzg=,2019-04-28T22:39:13Z,2026-05-05T09:33:09Z,2026-04-30T22:51:03Z,70121,True,Petari,SMGCommunity/Petari,git@github.com:SMGCommunity/Petari.git,831
MDEwOlJlcG9zaXRvcnkxODM5NDM4NTM=,2019-04-28T18:22:20Z,2026-04-23T15:47:38Z,2026-04-23T15:47:34Z,477,False,ex603_mcp_001,FlorinChertes/ex603_mcp_001,git@github.com:FlorinChertes/ex603_mcp_001.git,0
MDEwOlJlcG9zaXRvcnkxODM5MjU4MDE=,2019-04-28T15:27:53Z,2026-04-13T03:46:04Z,2026-04-13T03:45:55Z,1638,False,nintendulator-mappers,quietust/nintendulator-mappers,git@github.com:quietust/nintendulator-mappers.git,13
MDEwOlJlcG9zaXRvcnkxODM4OTgwNDU=,2019-04-28T11:15:19Z,2026-05-03T13:55:33Z,2026-05-03T13:55:28Z,2026,False,TTKTinyTools,Greedysky/TTKTinyTools,git@github.com:Greedysky/TTKTinyTools.git,131
MDEwOlJlcG9zaXRvcnkxODM4MjgyNjQ=,2019-04-27T22:44:01Z,2026-04-15T17:54:13Z,2026-04-15T17:54:05Z,165613,True,AraSim,ara-software/AraSim,git@github.com:ara-software/AraSim.git,10
MDEwOlJlcG9zaXRvcnkxODM3MTYyNTQ=,2019-04-27T01:55:06Z,2026-04-23T15:13:47Z,2026-04-23T15:13:27Z,1901,False,YAKL,mrnorman/YAKL,git@github.com:mrnorman/YAKL.git,71
MDEwOlJlcG9zaXRvcnkxODM2OTIzMjY=,2019-04-26T20:48:29Z,2026-04-08T04:34:24Z,2026-03-15T22:19:14Z,206700,False,ReosProject,vcloarec/ReosProject,git@github.com:vcloarec/ReosProject.git,117
MDEwOlJlcG9zaXRvcnkxODM2NjMzNjQ=,2019-04-26T16:43:39Z,2026-05-03T08:13:15Z,2026-05-03T08:13:11Z,95831,False,TubeClock,kbx81/TubeClock,git@github.com:kbx81/TubeClock.git,8
MDEwOlJlcG9zaXRvcnkxODM2NDU3NjA=,2019-04-26T14:45:32Z,2026-04-01T06:00:58Z,2026-04-01T06:00:55Z,2,False,ARDUINIO_ESP8266_TM1637_CLOCK,microsek/ARDUINIO_ESP8266_TM1637_CLOCK,git@github.com:microsek/ARDUINIO_ESP8266_TM1637_CLOCK.git,0
MDEwOlJlcG9zaXRvcnkxODM2NDE5NjM=,2019-04-26T14:21:30Z,2026-03-04T22:47:23Z,2026-03-04T22:47:19Z,610,False,wsbasic,w-A-L-L-e/wsbasic,git@github.com:w-A-L-L-e/wsbasic.git,1
MDEwOlJlcG9zaXRvcnkxODM2MzQzNjQ=,2019-04-26T13:33:54Z,2026-03-05T17:47:42Z,2026-03-05T17:47:25Z,242,True,soapero,Seek-One/soapero,git@github.com:Seek-One/soapero.git,3
MDEwOlJlcG9zaXRvcnkxODM2MjU3MjE=,2019-04-26T12:35:52Z,2026-05-07T08:57:59Z,2026-04-29T18:30:55Z,18992,True,PyGenStability,barahona-research-group/PyGenStability,git@github.com:barahona-research-group/PyGenStability.git,47
MDEwOlJlcG9zaXRvcnkxODM2MTcxMTk=,2019-04-26T11:30:20Z,2026-04-26T09:14:21Z,2026-05-04T16:14:43Z,136,False,type_info_extractor,Bored66/type_info_extractor,git@github.com:Bored66/type_info_extractor.git,0
MDEwOlJlcG9zaXRvcnkxODM2MTI0MDU=,2019-04-26T10:53:38Z,2026-03-03T20:45:09Z,2026-03-03T20:45:05Z,249,False,PowerProps,keelanstuart/PowerProps,git@github.com:keelanstuart/PowerProps.git,2
MDEwOlJlcG9zaXRvcnkxODM2MDk5MzI=,2019-04-26T10:34:09Z,2026-03-17T14:28:44Z,2026-03-17T14:28:50Z,1175,True,Discovery-Server,eProsima/Discovery-Server,git@github.com:eProsima/Discovery-Server.git,27
MDEwOlJlcG9zaXRvcnkxODM2MDA2MDU=,2019-04-26T09:32:16Z,2026-04-17T01:17:49Z,2026-03-28T13:21:21Z,2919,False,Geck-Extender,lStewieAl/Geck-Extender,git@github.com:lStewieAl/Geck-Extender.git,44
MDEwOlJlcG9zaXRvcnkxODM1ODM5MzI=,2019-04-26T07:53:34Z,2026-04-14T16:35:28Z,2026-04-14T16:35:22Z,3449,True,pdraw,Parrot-Developers/pdraw,git@github.com:Parrot-Developers/pdraw.git,27
MDEwOlJlcG9zaXRvcnkxODM1MTY2NzM=,2019-04-25T22:09:53Z,2026-04-03T22:24:40Z,2026-04-03T22:24:35Z,198,False,ParserKit,mseminatore/ParserKit,git@github.com:mseminatore/ParserKit.git,0
MDEwOlJlcG9zaXRvcnkxODM1MDQ0Njc=,2019-04-25T20:22:18Z,2026-04-16T16:51:01Z,2026-04-16T16:50:56Z,181,True,arcana.cpp,microsoft/arcana.cpp,git@github.com:microsoft/arcana.cpp.git,84
MDEwOlJlcG9zaXRvcnkxODM0ODEwNzg=,2019-04-25T17:33:29Z,2026-04-11T16:58:17Z,2026-04-11T16:58:11Z,14770,False,work_test_tasks,Sild/work_test_tasks,git@github.com:Sild/work_test_tasks.git,0
MDEwOlJlcG9zaXRvcnkxODM0MjE3Njg=,2019-04-25T11:36:04Z,2026-05-03T15:03:45Z,2026-05-03T15:19:37Z,97584,True,OpenHantek6022,OpenHantek/OpenHantek6022,git@github.com:OpenHantek/OpenHantek6022.git,1071
MDEwOlJlcG9zaXRvcnkxODMzODA4MjE=,2019-04-25T07:31:39Z,2026-05-04T08:06:08Z,2026-05-06T15:19:27Z,1800,False,SimpleOpenCLSamples,bashbaug/SimpleOpenCLSamples,git@github.com:bashbaug/SimpleOpenCLSamples.git,123
MDEwOlJlcG9zaXRvcnkxODMzNzc5MjE=,2019-04-25T07:13:59Z,2026-03-31T13:02:53Z,2026-03-31T13:02:46Z,75,True,Veritaware.Toolkits.CWEL,veritaware/Veritaware.Toolkits.CWEL,git@github.com:veritaware/Veritaware.Toolkits.CWEL.git,0
MDEwOlJlcG9zaXRvcnkxODMzNzM5NzY=,2019-04-25T06:49:51Z,2026-04-27T02:03:54Z,2026-04-16T22:48:10Z,13970,False,raylib-lua-sol,RobLoach/raylib-lua-sol,git@github.com:RobLoach/raylib-lua-sol.git,119
MDEwOlJlcG9zaXRvcnkxODMzNjc4Nzg=,2019-04-25T06:10:21Z,2026-04-23T07:24:10Z,2026-04-01T05:20:15Z,25195,False,esp32_loraprs,sh123/esp32_loraprs,git@github.com:sh123/esp32_loraprs.git,263
MDEwOlJlcG9zaXRvcnkxODMzNDY4Njc=,2019-04-25T03:09:12Z,2026-03-02T18:35:02Z,2026-03-02T18:34:58Z,5260,False,Projects,bentalcode/Projects,git@github.com:bentalcode/Projects.git,0
MDEwOlJlcG9zaXRvcnkxODMzMzYyMDI=,2019-04-25T01:53:37Z,2026-05-01T18:18:11Z,2026-04-13T17:48:52Z,59594,False,ncnn_example,MirrorYuChen/ncnn_example,git@github.com:MirrorYuChen/ncnn_example.git,479
MDEwOlJlcG9zaXRvcnkxODMzMTUyMTY=,2019-04-24T22:24:37Z,2026-05-06T06:03:01Z,2026-05-07T08:24:31Z,323052,True,Cytnx,Cytnx-dev/Cytnx,git@github.com:Cytnx-dev/Cytnx.git,59
MDEwOlJlcG9zaXRvcnkxODMyOTIzMzM=,2019-04-24T19:17:36Z,2026-05-01T21:17:29Z,2026-05-01T21:17:25Z,49776,True,AnnotatedSentence-CPP,StarlangSoftware/AnnotatedSentence-CPP,git@github.com:StarlangSoftware/AnnotatedSentence-CPP.git,1
MDEwOlJlcG9zaXRvcnkxODMyODAwNzc=,2019-04-24T17:54:33Z,2026-05-03T20:22:05Z,2026-05-03T20:22:01Z,272,True,gdwlroots,SimulaVR/gdwlroots,git@github.com:SimulaVR/gdwlroots.git,10
MDEwOlJlcG9zaXRvcnkxODMyMTY1NzQ=,2019-04-24T11:38:53Z,2026-04-19T20:21:40Z,2026-04-19T20:34:28Z,6397,True,interference,nickware-group/interference,git@github.com:nickware-group/interference.git,13
MDEwOlJlcG9zaXRvcnkxODMxNzc2ODQ=,2019-04-24T07:56:07Z,2026-04-27T11:51:05Z,2026-04-27T11:51:01Z,255868,False,Blogger,StevePro7/Blogger,git@github.com:StevePro7/Blogger.git,1
MDEwOlJlcG9zaXRvcnkxODMxMjAzMTY=,2019-04-24T01:08:49Z,2026-03-20T17:02:40Z,2026-03-20T17:02:36Z,769,False,CassiOS,giovgiac/CassiOS,git@github.com:giovgiac/CassiOS.git,0
MDEwOlJlcG9zaXRvcnkxODMwMDUwMzE=,2019-04-23T11:58:18Z,2026-04-13T15:17:06Z,2026-04-13T15:21:09Z,220073,True,store-ue4-sdk,xsolla/store-ue4-sdk,git@github.com:xsolla/store-ue4-sdk.git,34
MDEwOlJlcG9zaXRvcnkxODI4NjcxNTU=,2019-04-22T21:00:07Z,2026-04-10T17:12:52Z,2026-03-06T14:55:52Z,7574,True,unitig-caller,bacpop/unitig-caller,git@github.com:bacpop/unitig-caller.git,24
MDEwOlJlcG9zaXRvcnkxODI4NjA5NTY=,2019-04-22T20:14:58Z,2026-04-27T06:32:15Z,2026-05-04T20:16:59Z,303620,True,charm,charmplusplus/charm,git@github.com:charmplusplus/charm.git,233
MDEwOlJlcG9zaXRvcnkxODI4MTMxMjQ=,2019-04-22T15:14:18Z,2026-04-21T00:47:39Z,2026-05-04T20:14:10Z,66072,True,KDChart,KDAB/KDChart,git@github.com:KDAB/KDChart.git,172
MDEwOlJlcG9zaXRvcnkxODI4MTI2MjI=,2019-04-22T15:11:27Z,2026-03-11T19:41:27Z,2026-03-11T19:41:23Z,103034,False,mulita,InisUAP/mulita,git@github.com:InisUAP/mulita.git,2
MDEwOlJlcG9zaXRvcnkxODI2NjU0MDE=,2019-04-22T08:36:46Z,2026-04-11T12:32:33Z,2026-04-11T12:32:29Z,2924,False,drive-orin-ros2-tensorrt,lix19937/drive-orin-ros2-tensorrt,git@github.com:lix19937/drive-orin-ros2-tensorrt.git,1
MDEwOlJlcG9zaXRvcnkxODI2MzAyOTU=,2019-04-22T05:44:26Z,2026-05-02T02:41:52Z,2026-05-02T02:41:48Z,9199,False,AnotherEngine,voblivion/AnotherEngine,git@github.com:voblivion/AnotherEngine.git,4
MDEwOlJlcG9zaXRvcnkxODI1ODA1MDc=,2019-04-21T20:43:05Z,2026-04-20T18:42:01Z,2026-04-20T18:41:56Z,28,False,unity-native-logger,andydbc/unity-native-logger,git@github.com:andydbc/unity-native-logger.git,15
MDEwOlJlcG9zaXRvcnkxODI1Nzk5NDk=,2019-04-21T20:36:18Z,2026-05-05T09:36:19Z,2026-05-05T09:36:15Z,4998,False,AlphaGomoku,MaciejKozarzewski/AlphaGomoku,git@github.com:MaciejKozarzewski/AlphaGomoku.git,30
MDEwOlJlcG9zaXRvcnkxODI1NjU3NjQ=,2019-04-21T17:59:27Z,2026-04-26T14:28:40Z,2026-04-26T14:28:37Z,181,False,glyph,dansandu/glyph,git@github.com:dansandu/glyph.git,0
MDEwOlJlcG9zaXRvcnkxODI1MzUxNzM=,2019-04-21T13:12:43Z,2026-03-23T21:27:12Z,2026-03-23T21:27:07Z,1200,True,mod-guild-zone-system,azerothcore/mod-guild-zone-system,git@github.com:azerothcore/mod-guild-zone-system.git,12
MDEwOlJlcG9zaXRvcnkxODI1MzUxNjI=,2019-04-21T13:12:38Z,2026-04-05T10:51:57Z,2026-03-23T21:27:44Z,1695,True,mod-npc-morph,azerothcore/mod-npc-morph,git@github.com:azerothcore/mod-npc-morph.git,2
MDEwOlJlcG9zaXRvcnkxODI1MDE4OTY=,2019-04-21T07:12:58Z,2026-05-07T08:29:42Z,2026-03-12T07:08:21Z,9675,False,JellyCAD,Jelatine/JellyCAD,git@github.com:Jelatine/JellyCAD.git,163
MDEwOlJlcG9zaXRvcnkxODI0NDAzOTg=,2019-04-20T18:20:52Z,2026-03-15T08:30:39Z,2026-03-15T08:30:33Z,56765,False,Z270X-UD3-Hackintosh,SonnyRR/Z270X-UD3-Hackintosh,git@github.com:SonnyRR/Z270X-UD3-Hackintosh.git,2
MDEwOlJlcG9zaXRvcnkxODI0MzQ1NDE=,2019-04-20T17:23:19Z,2026-03-17T12:51:20Z,2026-03-17T12:51:17Z,9558,True,ParseTree-CPP,StarlangSoftware/ParseTree-CPP,git@github.com:StarlangSoftware/ParseTree-CPP.git,2
MDEwOlJlcG9zaXRvcnkxODI0MTcwMTE=,2019-04-20T14:38:36Z,2026-05-05T18:41:51Z,2026-05-05T18:41:47Z,1776,True,CompiledNN,bhuman/CompiledNN,git@github.com:bhuman/CompiledNN.git,34
MDEwOlJlcG9zaXRvcnkxODIzOTQ3ODg=,2019-04-20T10:58:50Z,2026-03-25T19:53:28Z,2026-03-25T19:53:24Z,284,False,smitto,smithcode/smitto,git@github.com:smithcode/smitto.git,0
MDEwOlJlcG9zaXRvcnkxODIzOTA0NzQ=,2019-04-20T10:11:18Z,2026-04-26T12:20:28Z,2026-04-26T12:20:24Z,2027,False,Problem_Solving,chongin12/Problem_Solving,git@github.com:chongin12/Problem_Solving.git,1
MDEwOlJlcG9zaXRvcnkxODIzMzk3Nzk=,2019-04-20T00:09:51Z,2026-04-25T06:21:57Z,2026-04-19T10:35:13Z,1275,False,lethe,kmar/lethe,git@github.com:kmar/lethe.git,9
MDEwOlJlcG9zaXRvcnkxODIzMjk1NzM=,2019-04-19T21:49:36Z,2026-04-19T12:05:48Z,2026-04-19T12:05:38Z,21665,False,roar,abbaswasim/roar,git@github.com:abbaswasim/roar.git,1
MDEwOlJlcG9zaXRvcnkxODIzMjkzMTk=,2019-04-19T21:46:43Z,2026-05-01T15:09:54Z,2026-04-07T16:14:26Z,138683,False,jome,eepp/jome,git@github.com:eepp/jome.git,52
MDEwOlJlcG9zaXRvcnkxODIyNjMyNDI=,2019-04-19T12:43:23Z,2026-05-07T03:15:30Z,2026-04-28T08:13:59Z,1770,True,libwebrtc,webrtc-sdk/libwebrtc,git@github.com:webrtc-sdk/libwebrtc.git,616
MDEwOlJlcG9zaXRvcnkxODIyMjA5Mzc=,2019-04-19T07:21:51Z,2026-05-03T12:36:56Z,2026-05-03T12:36:53Z,49755,False,Shighra-Prakshepa,winash12/Shighra-Prakshepa,git@github.com:winash12/Shighra-Prakshepa.git,0
MDEwOlJlcG9zaXRvcnkxODIxNjAyNDU=,2019-04-18T21:31:38Z,2026-04-06T14:24:54Z,2026-04-06T14:24:49Z,1701,True,rolisteam-diceparser,KDE/rolisteam-diceparser,git@github.com:KDE/rolisteam-diceparser.git,5
MDEwOlJlcG9zaXRvcnkxODIxNTk1NzY=,2019-04-18T21:24:25Z,2026-03-30T04:12:52Z,2026-05-04T01:52:32Z,120439,True,rolisteam,KDE/rolisteam,git@github.com:KDE/rolisteam.git,5
MDEwOlJlcG9zaXRvcnkxODIxMzUyNTM=,2019-04-18T18:07:06Z,2026-04-20T16:57:58Z,2026-04-20T16:57:33Z,270,True,fastmap,r-lib/fastmap,git@github.com:r-lib/fastmap.git,135
MDEwOlJlcG9zaXRvcnkxODIxMjc4ODA=,2019-04-18T17:12:32Z,2026-04-29T17:45:15Z,2026-04-19T07:39:23Z,1408,False,myframe,lkpworkspace/myframe,git@github.com:lkpworkspace/myframe.git,38
MDEwOlJlcG9zaXRvcnkxODIwOTczNDY=,2019-04-18T13:56:01Z,2026-04-10T22:24:47Z,2026-04-10T22:24:42Z,3661,False,SpecAbstract,horsicq/SpecAbstract,git@github.com:horsicq/SpecAbstract.git,12
MDEwOlJlcG9zaXRvcnkxODIwNTI0NTA=,2019-04-18T08:54:22Z,2026-05-06T23:14:52Z,2026-05-06T23:14:49Z,21372,False,XMachOViewer,horsicq/XMachOViewer,git@github.com:horsicq/XMachOViewer.git,936
MDEwOlJlcG9zaXRvcnkxODE5OTI5MTI=,2019-04-18T01:14:20Z,2026-04-05T01:08:35Z,2026-04-05T01:08:31Z,10770,False,courier,spenserw/courier,git@github.com:spenserw/courier.git,0
MDEwOlJlcG9zaXRvcnkxODE5NzgxMzU=,2019-04-17T22:37:31Z,2026-04-25T03:40:30Z,2026-04-25T03:40:26Z,634,False,ListEx,jovibor/ListEx,git@github.com:jovibor/ListEx.git,43
MDEwOlJlcG9zaXRvcnkxODE5Nzc2MTA=,2019-04-17T22:32:23Z,2026-05-01T21:43:38Z,2026-05-01T21:43:35Z,12,False,colorClock,andydoro/colorClock,git@github.com:andydoro/colorClock.git,1
MDEwOlJlcG9zaXRvcnkxODE5NDEwNjc=,2019-04-17T17:45:27Z,2026-03-13T11:33:10Z,2026-03-13T11:33:06Z,21916,False,vips-microbench,kleisauke/vips-microbench,git@github.com:kleisauke/vips-microbench.git,1
MDEwOlJlcG9zaXRvcnkxODE5MzYyMjM=,2019-04-17T17:12:33Z,2026-03-10T13:12:11Z,2026-03-10T13:12:07Z,5851,False,ems,jacoblukewood/ems,git@github.com:jacoblukewood/ems.git,1
MDEwOlJlcG9zaXRvcnkxODE5MjgzNDY=,2019-04-17T16:22:51Z,2026-05-06T08:51:06Z,2026-05-06T08:51:02Z,91,False,Arduino,guilhermelimait/Arduino,git@github.com:guilhermelimait/Arduino.git,0
MDEwOlJlcG9zaXRvcnkxODE5MjEzMTE=,2019-04-17T15:40:21Z,2026-05-05T17:53:13Z,2026-05-05T17:53:09Z,24979,True,sql-server-language-extensions,microsoft/sql-server-language-extensions,git@github.com:microsoft/sql-server-language-extensions.git,114
MDEwOlJlcG9zaXRvcnkxODE4OTExNzM=,2019-04-17T12:53:15Z,2026-04-13T11:49:17Z,2026-04-13T11:49:09Z,24,False,arg-spec,andrewwillmott/arg-spec,git@github.com:andrewwillmott/arg-spec.git,5
MDEwOlJlcG9zaXRvcnkxODE4NzI0OTA=,2019-04-17T10:53:50Z,2026-05-04T16:41:55Z,2026-03-22T09:51:49Z,18667,False,basalt,VladyslavUsenko/basalt,git@github.com:VladyslavUsenko/basalt.git,885
MDEwOlJlcG9zaXRvcnkxODE3NjIxOTg=,2019-04-16T20:28:24Z,2026-04-30T17:28:48Z,2026-04-30T18:08:43Z,122921,False,scripts,sistemicorp/scripts,git@github.com:sistemicorp/scripts.git,3
MDEwOlJlcG9zaXRvcnkxODE3MzkxODc=,2019-04-16T17:49:47Z,2026-05-04T11:42:31Z,2026-05-04T11:42:28Z,4454,False,EvoAI,cristianglezm/EvoAI,git@github.com:cristianglezm/EvoAI.git,2
MDEwOlJlcG9zaXRvcnkxODE3MDg5MjI=,2019-04-16T14:42:25Z,2026-04-24T14:13:57Z,2026-04-24T14:13:52Z,36,False,Kyle,soramimi/Kyle,git@github.com:soramimi/Kyle.git,1
MDEwOlJlcG9zaXRvcnkxODE2OTE4Njg=,2019-04-16T13:11:44Z,2026-04-01T08:29:46Z,2026-04-01T08:29:41Z,327,False,LeetCoding,yashmittal-git/LeetCoding,git@github.com:yashmittal-git/LeetCoding.git,1
MDEwOlJlcG9zaXRvcnkxODE2NTc4MjQ=,2019-04-16T09:27:22Z,2026-04-18T02:12:55Z,2026-04-18T02:12:50Z,464,True,android_hardware_omni_interfaces,omnirom/android_hardware_omni_interfaces,git@github.com:omnirom/android_hardware_omni_interfaces.git,0
MDEwOlJlcG9zaXRvcnkxODE1NTkxNjU=,2019-04-15T20:16:49Z,2026-05-06T03:51:30Z,2026-05-06T03:51:27Z,11132,False,dagbagM,jie108/dagbagM,git@github.com:jie108/dagbagM.git,0
MDEwOlJlcG9zaXRvcnkxODE1NDkzNjQ=,2019-04-15T19:06:15Z,2026-04-18T08:05:10Z,2026-04-18T08:05:06Z,90,False,cplustut02,tryggves/cplustut02,git@github.com:tryggves/cplustut02.git,0
MDEwOlJlcG9zaXRvcnkxODE0OTc1Mzg=,2019-04-15T13:53:37Z,2026-05-06T23:44:20Z,2026-05-06T23:44:15Z,137,False,OpenJ9FootprintAnalysis,mpirvu/OpenJ9FootprintAnalysis,git@github.com:mpirvu/OpenJ9FootprintAnalysis.git,0
MDEwOlJlcG9zaXRvcnkxODE0ODM5NDU=,2019-04-15T12:39:33Z,2026-05-06T19:28:04Z,2026-05-07T10:48:05Z,962864,True,lethe,chaos-polymtl/lethe,git@github.com:chaos-polymtl/lethe.git,390
MDEwOlJlcG9zaXRvcnkxODE0NzE0OTI=,2019-04-15T11:18:39Z,2026-05-06T22:19:19Z,2026-05-06T22:19:15Z,77815,True,Platform,simul/Platform,git@github.com:simul/Platform.git,15
MDEwOlJlcG9zaXRvcnkxODE0MzY3OTk=,2019-04-15T07:40:18Z,2026-05-07T11:29:45Z,2026-05-07T11:16:36Z,326953,True,MNN,alibaba/MNN,git@github.com:alibaba/MNN.git,15116
MDEwOlJlcG9zaXRvcnkxODEzNTkxMTA=,2019-04-14T19:32:47Z,2026-04-06T10:38:03Z,2026-04-06T10:37:59Z,28837,False,MyFirstGame,NullBy7e/MyFirstGame,git@github.com:NullBy7e/MyFirstGame.git,1
MDEwOlJlcG9zaXRvcnkxODEyNDMxMzY=,2019-04-14T00:35:20Z,2026-03-03T23:42:39Z,2026-03-03T23:42:34Z,1377,False,empty-castle,darkoppressor/empty-castle,git@github.com:darkoppressor/empty-castle.git,0
MDEwOlJlcG9zaXRvcnkxODExNDE0MDQ=,2019-04-13T08:15:55Z,2026-05-05T06:24:22Z,2026-05-05T06:31:18Z,857,False,toH265,ambiesoft/toH265,git@github.com:ambiesoft/toH265.git,0
MDEwOlJlcG9zaXRvcnkxODExMjI4ODY=,2019-04-13T04:54:12Z,2026-05-01T07:13:39Z,2026-05-01T07:13:35Z,10517,False,mcomix-lite,thermitegod/mcomix-lite,git@github.com:thermitegod/mcomix-lite.git,2
MDEwOlJlcG9zaXRvcnkxODExMDgwNjQ=,2019-04-13T01:58:51Z,2026-05-06T05:52:33Z,2026-04-30T18:15:52Z,2321,True,timeloop,NVlabs/timeloop,git@github.com:NVlabs/timeloop.git,481
MDEwOlJlcG9zaXRvcnkxODEwODQ4MzE=,2019-04-12T21:19:20Z,2026-04-24T15:28:20Z,2026-04-26T21:02:00Z,431,True,libvgio,vgteam/libvgio,git@github.com:vgteam/libvgio.git,9
MDEwOlJlcG9zaXRvcnkxODEwNzc2NDk=,2019-04-12T20:16:24Z,2026-05-06T21:42:00Z,2026-05-07T00:43:51Z,71587,True,axom,llnl/axom,git@github.com:llnl/axom.git,186
MDEwOlJlcG9zaXRvcnkxODEwMzQzNjI=,2019-04-12T15:23:18Z,2026-04-29T14:31:45Z,2026-05-06T14:44:25Z,116853,True,skaled,skalenetwork/skaled,git@github.com:skalenetwork/skaled.git,101
MDEwOlJlcG9zaXRvcnkxODEwMzIxOTY=,2019-04-12T15:10:44Z,2026-04-22T16:52:07Z,2026-04-22T16:52:02Z,3893,True,webalglib,usnistgov/webalglib,git@github.com:usnistgov/webalglib.git,1
MDEwOlJlcG9zaXRvcnkxODEwMjg2OTY=,2019-04-12T14:52:38Z,2026-04-23T10:16:04Z,2026-05-05T16:47:11Z,34221,True,skale-consensus,skalenetwork/skale-consensus,git@github.com:skalenetwork/skale-consensus.git,84
MDEwOlJlcG9zaXRvcnkxODEwMjM0MDg=,2019-04-12T14:23:46Z,2026-05-06T08:51:06Z,2026-05-06T08:51:12Z,6136,True,zed-ros2-wrapper,stereolabs/zed-ros2-wrapper,git@github.com:stereolabs/zed-ros2-wrapper.git,312
MDEwOlJlcG9zaXRvcnkxODA5ODcxODA=,2019-04-12T10:35:37Z,2026-03-17T13:28:20Z,2026-03-17T13:26:39Z,10653,False,spellchecker,abukhtoyarov/spellchecker,git@github.com:abukhtoyarov/spellchecker.git,0
MDEwOlJlcG9zaXRvcnkxODA5ODY2ODk=,2019-04-12T10:32:16Z,2026-05-04T10:14:03Z,2026-05-04T10:13:59Z,102139,False,Elvex,lionelclement/Elvex,git@github.com:lionelclement/Elvex.git,14
MDEwOlJlcG9zaXRvcnkxODA5NzQzMjQ=,2019-04-12T09:17:45Z,2026-03-24T09:57:04Z,2026-03-24T09:56:59Z,484,False,RHI,tobyc11/RHI,git@github.com:tobyc11/RHI.git,29
MDEwOlJlcG9zaXRvcnkxODA5NTg2MDY=,2019-04-12T07:53:51Z,2026-04-28T21:42:00Z,2026-04-28T21:41:55Z,8931,False,tracker,takty/tracker,git@github.com:takty/tracker.git,0
MDEwOlJlcG9zaXRvcnkxODA4Nzg4NjM=,2019-04-11T21:13:33Z,2026-04-20T17:49:53Z,2026-03-25T23:50:45Z,556,True,ApplicationInsights-node.js-native-metrics,microsoft/ApplicationInsights-node.js-native-metrics,git@github.com:microsoft/ApplicationInsights-node.js-native-metrics.git,10
MDEwOlJlcG9zaXRvcnkxODA4NjE0NDY=,2019-04-11T19:13:54Z,2026-03-04T09:45:35Z,2026-03-04T09:52:57Z,3871,False,fastText,mlampros/fastText,git@github.com:mlampros/fastText.git,45
MDEwOlJlcG9zaXRvcnkxODA3ODgxNDI=,2019-04-11T12:33:23Z,2026-03-28T07:35:59Z,2026-03-26T15:02:09Z,9865,True,blocktest,robotology/blocktest,git@github.com:robotology/blocktest.git,9
MDEwOlJlcG9zaXRvcnkxODA3NTI1MjA=,2019-04-11T08:51:40Z,2026-04-22T21:19:33Z,2026-04-22T21:19:29Z,8060,False,maxliklib,sjhaberman/maxliklib,git@github.com:sjhaberman/maxliklib.git,3
MDEwOlJlcG9zaXRvcnkxODA3MzE4MjU=,2019-04-11T06:48:09Z,2026-03-02T07:58:08Z,2026-03-02T07:57:59Z,202246,False,MyCodeCollection,H-Shen/MyCodeCollection,git@github.com:H-Shen/MyCodeCollection.git,1
MDEwOlJlcG9zaXRvcnkxODA3MTM5NTc=,2019-04-11T04:25:56Z,2026-04-28T08:55:51Z,2026-04-28T08:55:47Z,7056,False,RabbitCommon,KangLin/RabbitCommon,git@github.com:KangLin/RabbitCommon.git,20
MDEwOlJlcG9zaXRvcnkxODA2NjU5ODI=,2019-04-10T21:23:34Z,2026-04-11T16:43:33Z,2026-04-11T16:43:24Z,1983,True,twincat-ads,pcdshub/twincat-ads,git@github.com:pcdshub/twincat-ads.git,1
MDEwOlJlcG9zaXRvcnkxODA2NjIzOTg=,2019-04-10T20:54:11Z,2026-04-29T16:10:10Z,2026-04-16T02:45:33Z,2364,True,smt-switch,stanford-centaur/smt-switch,git@github.com:stanford-centaur/smt-switch.git,141
MDEwOlJlcG9zaXRvcnkxODA2MzcwMjI=,2019-04-10T18:06:19Z,2026-05-06T09:29:54Z,2026-03-25T19:11:59Z,2325,True,qscripts,allthingsida/qscripts,git@github.com:allthingsida/qscripts.git,397
MDEwOlJlcG9zaXRvcnkxODA2MDE5NTY=,2019-04-10T14:42:14Z,2026-04-17T17:30:35Z,2026-04-17T17:30:30Z,620,False,lafdup,hgoldfish/lafdup,git@github.com:hgoldfish/lafdup.git,72
MDEwOlJlcG9zaXRvcnkxODA1NjU3NjY=,2019-04-10T11:17:37Z,2026-04-28T10:56:14Z,2026-04-19T11:25:51Z,744697,False,VeritasD3D,Agrael1/VeritasD3D,git@github.com:Agrael1/VeritasD3D.git,6
MDEwOlJlcG9zaXRvcnkxODA1MzY3MTM=,2019-04-10T08:25:56Z,2026-04-25T11:09:47Z,2026-04-25T11:09:45Z,1532,False,sokol-tools,floooh/sokol-tools,git@github.com:floooh/sokol-tools.git,338
MDEwOlJlcG9zaXRvcnkxODA1MjM2NDE=,2019-04-10T07:10:30Z,2026-03-25T03:20:08Z,2026-03-25T03:27:20Z,77331,False,SA2LevelEditor,TurtleMan64/SA2LevelEditor,git@github.com:TurtleMan64/SA2LevelEditor.git,5
MDEwOlJlcG9zaXRvcnkxODA0OTg4MTk=,2019-04-10T03:59:28Z,2026-05-06T15:17:57Z,2026-05-07T10:53:37Z,43458,True,nighthawk,envoyproxy/nighthawk,git@github.com:envoyproxy/nighthawk.git,409
MDEwOlJlcG9zaXRvcnkxODA0OTQyMTY=,2019-04-10T03:25:02Z,2026-04-29T14:48:45Z,2026-04-29T15:49:58Z,253436,False,LDYOM,GeTechG/LDYOM,git@github.com:GeTechG/LDYOM.git,10
MDEwOlJlcG9zaXRvcnkxODA0NTIxNzc=,2019-04-09T21:28:38Z,2026-04-29T14:48:56Z,2026-04-29T14:44:30Z,94,True,motorNewFocus,epics-motor/motorNewFocus,git@github.com:epics-motor/motorNewFocus.git,4
MDEwOlJlcG9zaXRvcnkxODA0NDY1Njk=,2019-04-09T20:44:44Z,2026-05-04T15:03:43Z,2026-05-04T15:03:27Z,5238,True,ArborX,arborx/ArborX,git@github.com:arborx/ArborX.git,227
MDEwOlJlcG9zaXRvcnkxODAzNjc2NjI=,2019-04-09T13:00:33Z,2026-04-10T12:56:48Z,2026-04-10T12:56:44Z,156,True,hl_communication,Rhoban/hl_communication,git@github.com:Rhoban/hl_communication.git,2
MDEwOlJlcG9zaXRvcnkxODAzNjczODI=,2019-04-09T12:59:20Z,2026-04-22T12:19:28Z,2026-04-22T12:20:38Z,839,True,vmc,vmc-project/vmc,git@github.com:vmc-project/vmc.git,8
MDEwOlJlcG9zaXRvcnkxODAxNTUzMjY=,2019-04-08T13:29:59Z,2026-04-08T02:41:55Z,2026-04-05T21:04:30Z,851,False,Projects,ShobhitDixit98/Projects,git@github.com:ShobhitDixit98/Projects.git,0
MDEwOlJlcG9zaXRvcnkxODAxNTE0MDE=,2019-04-08T13:08:44Z,2026-05-07T08:34:17Z,2026-05-04T20:18:30Z,32171,True,KDDockWidgets,KDAB/KDDockWidgets,git@github.com:KDAB/KDDockWidgets.git,912
MDEwOlJlcG9zaXRvcnkxODAxMTUyOTY=,2019-04-08T09:28:11Z,2026-04-27T12:20:39Z,2026-04-27T12:20:35Z,8378,False,homog2d,skramm/homog2d,git@github.com:skramm/homog2d.git,135
MDEwOlJlcG9zaXRvcnkxODAxMTI1NTg=,2019-04-08T09:13:04Z,2026-05-07T08:26:08Z,2026-05-07T11:01:32Z,56592,True,CCF,microsoft/CCF,git@github.com:microsoft/CCF.git,858
MDEwOlJlcG9zaXRvcnkxODAwMTc5NDg=,2019-04-07T20:10:40Z,2026-05-06T10:26:45Z,2026-05-06T10:26:42Z,4632,False,Solar_WiFi_Weather_Station,3KUdelta/Solar_WiFi_Weather_Station,git@github.com:3KUdelta/Solar_WiFi_Weather_Station.git,116
MDEwOlJlcG9zaXRvcnkxODAwMDYwNDk=,2019-04-07T18:26:11Z,2026-04-08T19:31:24Z,2026-04-08T19:31:20Z,1640,False,dmit,matovitch/dmit,git@github.com:matovitch/dmit.git,2
MDEwOlJlcG9zaXRvcnkxODAwMDI2Njc=,2019-04-07T17:56:57Z,2026-04-19T14:21:46Z,2026-04-19T14:21:43Z,7788,False,GMLAB_MJU,ZioGuido/GMLAB_MJU,git@github.com:ZioGuido/GMLAB_MJU.git,6
MDEwOlJlcG9zaXRvcnkxNzk4ODg3ODQ=,2019-04-06T21:30:42Z,2026-04-12T20:11:17Z,2026-04-12T20:11:08Z,106,False,soup-test,mwasplund/soup-test,git@github.com:mwasplund/soup-test.git,1
MDEwOlJlcG9zaXRvcnkxNzk4NTI5MDg=,2019-04-06T15:45:13Z,2026-05-05T07:33:41Z,2026-04-29T06:08:15Z,23773,False,cadise,xh5a5n6k6/cadise,git@github.com:xh5a5n6k6/cadise.git,35
MDEwOlJlcG9zaXRvcnkxNzk4MzYxOTg=,2019-04-06T13:22:38Z,2026-05-02T00:40:37Z,2026-03-02T21:15:48Z,8029,False,apostol,apostoldevel/apostol,git@github.com:apostoldevel/apostol.git,8
MDEwOlJlcG9zaXRvcnkxNzk3MzY3NTc=,2019-04-05T18:42:44Z,2026-05-03T05:44:05Z,2026-05-03T05:44:02Z,92,False,scottobots_quadruped,bryzhao/scottobots_quadruped,git@github.com:bryzhao/scottobots_quadruped.git,1
MDEwOlJlcG9zaXRvcnkxNzk3MjUwNzQ=,2019-04-05T17:20:09Z,2026-04-06T20:26:33Z,2026-04-06T20:26:25Z,59,False,imgv,MichaelMiller-/imgv,git@github.com:MichaelMiller-/imgv.git,0
MDEwOlJlcG9zaXRvcnkxNzk2ODU2MDU=,2019-04-05T13:22:41Z,2026-03-18T08:58:42Z,2026-03-18T08:58:36Z,25354,True,Lima-camera-slseiger,soleil-ica/Lima-camera-slseiger,git@github.com:soleil-ica/Lima-camera-slseiger.git,0
MDEwOlJlcG9zaXRvcnkxNzk1ODg3Nzg=,2019-04-04T22:55:26Z,2026-04-22T22:46:12Z,2026-04-22T22:45:46Z,303743,False,Envision,boltej/Envision,git@github.com:boltej/Envision.git,5
MDEwOlJlcG9zaXRvcnkxNzk1MzY4MzI=,2019-04-04T16:36:12Z,2026-05-03T12:11:41Z,2026-05-03T12:46:35Z,5908,True,iotempower,iotempire/iotempower,git@github.com:iotempire/iotempower.git,33
MDEwOlJlcG9zaXRvcnkxNzk1MTI3ODc=,2019-04-04T14:21:40Z,2026-05-02T03:24:02Z,2026-03-21T03:28:50Z,23567,False,CompetitiveProgramming,ngthanhtrung23/CompetitiveProgramming,git@github.com:ngthanhtrung23/CompetitiveProgramming.git,90
MDEwOlJlcG9zaXRvcnkxNzk0OTc1MDI=,2019-04-04T12:56:30Z,2026-05-07T09:49:40Z,2026-05-07T09:49:36Z,202965,False,neteventsimulator,bogdanoancea/neteventsimulator,git@github.com:bogdanoancea/neteventsimulator.git,5
MDEwOlJlcG9zaXRvcnkxNzk0OTM5MTA=,2019-04-04T12:33:50Z,2026-04-05T06:49:11Z,2026-04-05T06:49:08Z,641,False,OneWireNg,pstolarz/OneWireNg,git@github.com:pstolarz/OneWireNg.git,103
MDEwOlJlcG9zaXRvcnkxNzk0NDU2MTM=,2019-04-04T07:32:28Z,2026-04-13T10:06:43Z,2026-04-13T10:06:37Z,237686,False,ContaminationFlow,rudolf-schoenmann/ContaminationFlow,git@github.com:rudolf-schoenmann/ContaminationFlow.git,0
MDEwOlJlcG9zaXRvcnkxNzkzNjQyOTc=,2019-04-03T20:21:56Z,2026-04-07T12:49:18Z,2026-04-07T12:49:14Z,1698,True,YiSi,nrc-cnrc/YiSi,git@github.com:nrc-cnrc/YiSi.git,3
MDEwOlJlcG9zaXRvcnkxNzkzMTg0ODQ=,2019-04-03T15:28:23Z,2026-04-26T07:55:30Z,2026-04-26T22:04:16Z,1245,False,battle_tanks,radx64/battle_tanks,git@github.com:radx64/battle_tanks.git,0
MDEwOlJlcG9zaXRvcnkxNzkzMTIzOTk=,2019-04-03T14:54:49Z,2026-04-27T15:21:09Z,2026-04-27T15:20:35Z,1152,True,motorNewport,epics-motor/motorNewport,git@github.com:epics-motor/motorNewport.git,5
MDEwOlJlcG9zaXRvcnkxNzkzMDQ3NTI=,2019-04-03T14:14:34Z,2026-05-06T19:53:31Z,2026-04-13T16:04:51Z,33838,False,waifu2x-ncnn-vulkan,nihui/waifu2x-ncnn-vulkan,git@github.com:nihui/waifu2x-ncnn-vulkan.git,3390
MDEwOlJlcG9zaXRvcnkxNzkyNjE0OTM=,2019-04-03T09:55:18Z,2026-03-31T10:52:19Z,2026-03-31T10:52:14Z,14198,False,Some_Cpp_and_Qt_works_done,charlescookey/Some_Cpp_and_Qt_works_done,git@github.com:charlescookey/Some_Cpp_and_Qt_works_done.git,2
MDEwOlJlcG9zaXRvcnkxNzkyMzU2OTM=,2019-04-03T07:35:33Z,2026-03-20T05:22:01Z,2026-03-20T05:21:58Z,42,False,BallToy,ryansoq/BallToy,git@github.com:ryansoq/BallToy.git,0
MDEwOlJlcG9zaXRvcnkxNzkxOTIxMTg=,2019-04-03T02:09:20Z,2026-05-01T06:30:07Z,2026-05-01T06:30:01Z,131792,False,ghost,xlxlzh/ghost,git@github.com:xlxlzh/ghost.git,1
MDEwOlJlcG9zaXRvcnkxNzkxNDAxMDQ=,2019-04-02T18:55:40Z,2026-04-24T05:15:42Z,2026-04-24T05:15:38Z,19752,True,cs225a,manips-sai-org/cs225a,git@github.com:manips-sai-org/cs225a.git,6
MDEwOlJlcG9zaXRvcnkxNzkxMjE2NjQ=,2019-04-02T16:56:16Z,2026-04-17T13:11:23Z,2026-05-01T05:01:30Z,1019,True,SignalR-Client-Cpp,aspnet/SignalR-Client-Cpp,git@github.com:aspnet/SignalR-Client-Cpp.git,151
MDEwOlJlcG9zaXRvcnkxNzkxMDE0NjM=,2019-04-02T14:58:18Z,2026-05-05T19:49:54Z,2026-05-05T19:49:50Z,1321,False,SCTL,dmalhotra/SCTL,git@github.com:dmalhotra/SCTL.git,31
MDEwOlJlcG9zaXRvcnkxNzkwOTE0MjM=,2019-04-02T14:06:47Z,2026-03-16T16:18:25Z,2026-03-16T16:18:19Z,2496,False,nodeGraph,enginmanap/nodeGraph,git@github.com:enginmanap/nodeGraph.git,5
MDEwOlJlcG9zaXRvcnkxNzkwMTc2NjI=,2019-04-02T06:57:47Z,2026-04-29T14:22:31Z,2026-04-29T14:15:50Z,3277951,False,FitCloudPro-SDK-iOS,htangsmart/FitCloudPro-SDK-iOS,git@github.com:htangsmart/FitCloudPro-SDK-iOS.git,21
MDEwOlJlcG9zaXRvcnkxNzkwMTA5NTc=,2019-04-02T06:13:39Z,2026-04-27T17:12:29Z,2026-04-06T01:00:13Z,187607,False,rdz_ttgo_sonde,dl9rdz/rdz_ttgo_sonde,git@github.com:dl9rdz/rdz_ttgo_sonde.git,339
MDEwOlJlcG9zaXRvcnkxNzkwMDc2NzM=,2019-04-02T05:49:04Z,2026-03-12T18:27:43Z,2026-03-12T18:27:37Z,12,False,WaveFunc,DCode1119/WaveFunc,git@github.com:DCode1119/WaveFunc.git,0
MDEwOlJlcG9zaXRvcnkxNzg5NDkzMjk=,2019-04-01T21:25:14Z,2026-03-08T09:35:34Z,2026-03-02T21:05:43Z,13678,False,mp3diags,mciobanu/mp3diags,git@github.com:mciobanu/mp3diags.git,33
MDEwOlJlcG9zaXRvcnkxNzg5NDQ5MDA=,2019-04-01T20:51:10Z,2026-05-06T15:01:13Z,2026-05-06T14:48:34Z,46906,False,clayground,MisterGC/clayground,git@github.com:MisterGC/clayground.git,11
MDEwOlJlcG9zaXRvcnkxNzg5MzkxNTE=,2019-04-01T20:09:27Z,2026-03-12T21:36:14Z,2026-03-12T21:36:10Z,414,False,BattleShips,MaticSulc/BattleShips,git@github.com:MaticSulc/BattleShips.git,0
MDEwOlJlcG9zaXRvcnkxNzg5Mjg0MTA=,2019-04-01T19:01:08Z,2026-04-20T12:07:02Z,2026-04-20T12:06:58Z,27420,False,OpenXRayMC,medicalphysics/OpenXRayMC,git@github.com:medicalphysics/OpenXRayMC.git,23
MDEwOlJlcG9zaXRvcnkxNzg5MjUxMzg=,2019-04-01T18:42:33Z,2026-05-01T07:09:14Z,2026-05-01T07:09:10Z,68715,True,TurkishMorphologicalDisambiguation-CPP,StarlangSoftware/TurkishMorphologicalDisambiguation-CPP,git@github.com:StarlangSoftware/TurkishMorphologicalDisambiguation-CPP.git,5
MDEwOlJlcG9zaXRvcnkxNzg5MDUyMTE=,2019-04-01T16:38:37Z,2026-04-07T14:18:15Z,2026-04-07T14:16:06Z,251,False,Checksum,sagnik150699/Checksum,git@github.com:sagnik150699/Checksum.git,0
MDEwOlJlcG9zaXRvcnkxNzg4ODMzNjQ=,2019-04-01T14:40:23Z,2026-05-07T06:21:09Z,2026-03-09T20:31:00Z,176706,False,magsac,danini/magsac,git@github.com:danini/magsac.git,489
MDEwOlJlcG9zaXRvcnkxNzg4Mzc1MDU=,2019-04-01T10:12:34Z,2026-05-06T13:29:00Z,2026-04-29T13:45:07Z,623,True,onnxsim,onnxsim/onnxsim,git@github.com:onnxsim/onnxsim.git,4333
MDEwOlJlcG9zaXRvcnkxNzg4MzM2MjU=,2019-04-01T09:50:18Z,2026-04-29T07:40:45Z,2026-04-29T07:40:41Z,48842,True,HeishaMon,heishamon/HeishaMon,git@github.com:heishamon/HeishaMon.git,365
MDEwOlJlcG9zaXRvcnkxNzg3NTI5NjA=,2019-03-31T23:20:01Z,2026-03-27T00:36:31Z,2026-03-27T00:36:27Z,616,False,AtCoderSubmit,dwmkFD/AtCoderSubmit,git@github.com:dwmkFD/AtCoderSubmit.git,0
MDEwOlJlcG9zaXRvcnkxNzg3MjgzNjQ=,2019-03-31T18:46:51Z,2026-05-02T19:53:22Z,2026-05-02T19:53:19Z,20354,False,gu,hilkojj/gu,git@github.com:hilkojj/gu.git,10
MDEwOlJlcG9zaXRvcnkxNzg3MTU4MTI=,2019-03-31T16:51:40Z,2026-03-03T00:44:29Z,2026-03-03T00:44:25Z,1026,False,FaceTracker,kuragehuman/FaceTracker,git@github.com:kuragehuman/FaceTracker.git,0
MDEwOlJlcG9zaXRvcnkxNzg2ODQzNzc=,2019-03-31T12:22:19Z,2026-03-23T14:32:06Z,2026-03-23T14:31:55Z,106,True,arduino,digipurk/arduino,git@github.com:digipurk/arduino.git,0
MDEwOlJlcG9zaXRvcnkxNzg2ODE0MTM=,2019-03-31T11:53:19Z,2026-04-26T13:05:53Z,2026-04-26T13:05:49Z,772,True,cpp-sign,pqrs-org/cpp-sign,git@github.com:pqrs-org/cpp-sign.git,0
MDEwOlJlcG9zaXRvcnkxNzg2MTMwNDA=,2019-03-30T21:25:29Z,2026-05-07T11:33:09Z,2026-05-03T16:53:04Z,907,False,magic_enum,Neargye/magic_enum,git@github.com:Neargye/magic_enum.git,6048
MDEwOlJlcG9zaXRvcnkxNzg2MDI3NjU=,2019-03-30T19:31:39Z,2026-04-13T02:37:55Z,2026-04-13T02:37:51Z,11564,False,BanchouPatcher,Gargadon/BanchouPatcher,git@github.com:Gargadon/BanchouPatcher.git,1
MDEwOlJlcG9zaXRvcnkxNzg1OTE1NzM=,2019-03-30T17:42:02Z,2026-03-27T02:13:40Z,2026-03-27T02:13:36Z,74,True,CAENdrs,sPHENIX-Collaboration/CAENdrs,git@github.com:sPHENIX-Collaboration/CAENdrs.git,0
MDEwOlJlcG9zaXRvcnkxNzg1NzU3NTM=,2019-03-30T15:23:34Z,2026-05-06T21:05:51Z,2026-05-06T21:05:47Z,168,False,kyopro_library,tatyam-prime/kyopro_library,git@github.com:tatyam-prime/kyopro_library.git,15
MDEwOlJlcG9zaXRvcnkxNzg1NzM5NTU=,2019-03-30T15:08:38Z,2026-04-25T17:35:00Z,2026-04-25T17:34:55Z,666,False,icpc,diegoximenes/icpc,git@github.com:diegoximenes/icpc.git,1
MDEwOlJlcG9zaXRvcnkxNzg1NTU4NjY=,2019-03-30T12:29:29Z,2026-05-06T18:14:15Z,2026-04-30T12:02:17Z,4142,True,IRMP,IRMP-org/IRMP,git@github.com:IRMP-org/IRMP.git,317
MDEwOlJlcG9zaXRvcnkxNzg1Mzc0MzA=,2019-03-30T09:18:19Z,2026-04-14T15:44:44Z,2026-04-14T15:44:40Z,1147,True,clean-core,project-arcana/clean-core,git@github.com:project-arcana/clean-core.git,14
MDEwOlJlcG9zaXRvcnkxNzg0OTQzNTM=,2019-03-30T01:00:47Z,2026-05-02T03:05:04Z,2026-04-30T19:47:06Z,998,True,guest-oslogin,GoogleCloudPlatform/guest-oslogin,git@github.com:GoogleCloudPlatform/guest-oslogin.git,108
MDEwOlJlcG9zaXRvcnkxNzg0NjcxMzE=,2019-03-29T19:48:46Z,2026-04-01T20:01:41Z,2026-04-01T20:01:37Z,240,False,pollster,asveikau/pollster,git@github.com:asveikau/pollster.git,0
MDEwOlJlcG9zaXRvcnkxNzg0NjQxNjI=,2019-03-29T19:24:30Z,2026-03-16T18:20:34Z,2026-03-16T18:20:38Z,157,True,Arduino_MKRRGB,arduino-libraries/Arduino_MKRRGB,git@github.com:arduino-libraries/Arduino_MKRRGB.git,0
MDEwOlJlcG9zaXRvcnkxNzg0NjM4MDE=,2019-03-29T19:21:23Z,2026-04-27T06:38:01Z,2026-04-26T18:03:19Z,1593,False,drea,david-antiteum/drea,git@github.com:david-antiteum/drea.git,1
MDEwOlJlcG9zaXRvcnkxNzg0NjM3NTY=,2019-03-29T19:20:58Z,2026-03-17T00:23:55Z,2026-03-17T00:23:59Z,81,True,Arduino_MKRTHERM,arduino-libraries/Arduino_MKRTHERM,git@github.com:arduino-libraries/Arduino_MKRTHERM.git,2
MDEwOlJlcG9zaXRvcnkxNzg0NjMzOTg=,2019-03-29T19:18:18Z,2026-03-16T15:31:28Z,2026-03-16T15:31:31Z,122,True,Arduino_MKRENV,arduino-libraries/Arduino_MKRENV,git@github.com:arduino-libraries/Arduino_MKRENV.git,3
MDEwOlJlcG9zaXRvcnkxNzg0MzA3NjA=,2019-03-29T15:27:00Z,2026-04-28T07:27:44Z,2026-04-28T07:27:40Z,91947,False,NTUSTCourses,clhuang224/NTUSTCourses,git@github.com:clhuang224/NTUSTCourses.git,0
MDEwOlJlcG9zaXRvcnkxNzg0MjkxODI=,2019-03-29T15:17:52Z,2026-03-08T09:11:53Z,2026-03-08T09:11:50Z,82,False,competitive-programming-library,mdstoy/competitive-programming-library,git@github.com:mdstoy/competitive-programming-library.git,0
MDEwOlJlcG9zaXRvcnkxNzg0MjIzMjY=,2019-03-29T14:39:48Z,2026-05-07T00:10:25Z,2026-05-06T19:10:25Z,75018,True,libigl-python-bindings,libigl/libigl-python-bindings,git@github.com:libigl/libigl-python-bindings.git,366
MDEwOlJlcG9zaXRvcnkxNzgyOTMyMzI=,2019-03-28T22:43:05Z,2026-03-09T19:26:23Z,2026-05-05T19:05:07Z,134567,True,rmgdft,RMGDFT/rmgdft,git@github.com:RMGDFT/rmgdft.git,55
MDEwOlJlcG9zaXRvcnkxNzgyNTg5NzY=,2019-03-28T18:15:59Z,2026-04-29T23:15:40Z,2026-04-29T23:15:36Z,53,False,TSQ,AlainTeil/TSQ,git@github.com:AlainTeil/TSQ.git,0
MDEwOlJlcG9zaXRvcnkxNzgxOTE1NTM=,2019-03-28T11:41:17Z,2026-05-07T11:01:54Z,2026-04-27T09:52:29Z,60143,True,fmod-gdextension,utopia-rise/fmod-gdextension,git@github.com:utopia-rise/fmod-gdextension.git,854
MDEwOlJlcG9zaXRvcnkxNzgxNDM0NTk=,2019-03-28T06:48:48Z,2026-04-11T16:53:55Z,2026-04-11T16:53:49Z,7030,True,huobi_Cpp,HuobiRDCenter/huobi_Cpp,git@github.com:HuobiRDCenter/huobi_Cpp.git,61
MDEwOlJlcG9zaXRvcnkxNzc5NzA0MDU=,2019-03-27T10:24:21Z,2026-05-05T13:41:31Z,2026-05-05T13:41:07Z,390,True,example1,scapix-com/example1,git@github.com:scapix-com/example1.git,15
MDEwOlJlcG9zaXRvcnkxNzc5NTk4NTg=,2019-03-27T09:21:38Z,2026-04-29T11:59:05Z,2026-04-29T11:59:02Z,1015,False,PrivateCode,YuThrones/PrivateCode,git@github.com:YuThrones/PrivateCode.git,0
MDEwOlJlcG9zaXRvcnkxNzc5Mzk2ODc=,2019-03-27T07:21:20Z,2026-04-17T20:28:42Z,2026-04-08T20:59:33Z,16,False,-_calculator,JackyWilliam/-_calculator,git@github.com:JackyWilliam/-_calculator.git,0
MDEwOlJlcG9zaXRvcnkxNzc4OTAwMzE=,2019-03-27T00:34:25Z,2026-04-30T16:59:07Z,2026-03-19T01:32:40Z,90,False,amica,drbcomua/amica,git@github.com:drbcomua/amica.git,0
MDEwOlJlcG9zaXRvcnkxNzc4Mjk1NzY=,2019-03-26T16:38:43Z,2026-04-21T15:28:53Z,2026-04-21T15:29:09Z,4254,True,maliput,maliput/maliput,git@github.com:maliput/maliput.git,13
MDEwOlJlcG9zaXRvcnkxNzc4MTMxODk=,2019-03-26T15:09:26Z,2026-05-06T11:08:58Z,2026-05-06T11:09:02Z,48,True,dr_log,fizyr/dr_log,git@github.com:fizyr/dr_log.git,1
MDEwOlJlcG9zaXRvcnkxNzc3NjEyNDQ=,2019-03-26T10:00:25Z,2026-05-06T23:00:18Z,2026-05-06T23:00:14Z,5354,False,XArchive,horsicq/XArchive,git@github.com:horsicq/XArchive.git,7
MDEwOlJlcG9zaXRvcnkxNzc2NjE1NzQ=,2019-03-25T20:44:46Z,2026-05-07T06:22:13Z,2026-03-18T10:00:48Z,549,False,llvm-tutor,banach-space/llvm-tutor,git@github.com:banach-space/llvm-tutor.git,3389
MDEwOlJlcG9zaXRvcnkxNzc2NTIxOTQ=,2019-03-25T19:36:24Z,2026-04-01T13:31:47Z,2026-04-01T13:32:05Z,1743,True,xdelta-async-nodejs-addon,ably/xdelta-async-nodejs-addon,git@github.com:ably/xdelta-async-nodejs-addon.git,2
MDEwOlJlcG9zaXRvcnkxNzc2MzM1NjA=,2019-03-25T17:30:05Z,2026-05-06T18:22:46Z,2026-05-06T18:30:42Z,382310,True,react-native-tvos,react-native-tvos/react-native-tvos,git@github.com:react-native-tvos/react-native-tvos.git,1360
MDEwOlJlcG9zaXRvcnkxNzc2MjczNjA=,2019-03-25T16:49:08Z,2026-05-03T21:16:31Z,2026-05-03T21:16:27Z,64694,False,HodEngine,Glordim/HodEngine,git@github.com:Glordim/HodEngine.git,1
MDEwOlJlcG9zaXRvcnkxNzc1ODYxODc=,2019-03-25T12:54:39Z,2026-05-06T23:05:04Z,2026-05-06T23:04:54Z,193,False,xvdg_plugins,horsicq/xvdg_plugins,git@github.com:horsicq/xvdg_plugins.git,4
MDEwOlJlcG9zaXRvcnkxNzc1NjE2MTQ=,2019-03-25T10:12:02Z,2026-05-06T23:26:56Z,2026-05-06T23:26:53Z,4741,False,XVedogon,horsicq/XVedogon,git@github.com:horsicq/XVedogon.git,7
MDEwOlJlcG9zaXRvcnkxNzc1NTQ3NTI=,2019-03-25T09:27:54Z,2026-03-07T11:50:40Z,2026-03-07T11:50:37Z,4,False,kho_du_lieu,dong1977/kho_du_lieu,git@github.com:dong1977/kho_du_lieu.git,0
MDEwOlJlcG9zaXRvcnkxNzc1NDY4MDQ=,2019-03-25T08:39:46Z,2026-03-23T11:57:18Z,2026-03-23T11:57:14Z,727,False,FXRunner,PGSafarik/FXRunner,git@github.com:PGSafarik/FXRunner.git,0
MDEwOlJlcG9zaXRvcnkxNzc0NzY0NDA=,2019-03-24T22:22:16Z,2026-05-05T09:00:49Z,2026-05-05T07:05:57Z,338781,False,ALIGN-public,ALIGN-analoglayout/ALIGN-public,git@github.com:ALIGN-analoglayout/ALIGN-public.git,358
MDEwOlJlcG9zaXRvcnkxNzc0NjEwNjY=,2019-03-24T19:44:50Z,2026-05-01T16:06:24Z,2026-05-07T11:35:09Z,329295,False,GoknarEngine,emrebarisc/GoknarEngine,git@github.com:emrebarisc/GoknarEngine.git,15
MDEwOlJlcG9zaXRvcnkxNzc0MTc3NTc=,2019-03-24T13:22:20Z,2026-05-06T22:31:43Z,2026-05-06T22:31:36Z,83107,True,lfortran,lfortran/lfortran,git@github.com:lfortran/lfortran.git,1201
MDEwOlJlcG9zaXRvcnkxNzc0MTQzMTg=,2019-03-24T12:51:54Z,2026-03-25T13:00:34Z,2026-03-25T13:00:11Z,35,False,CircularBuffer,KiryuRS/CircularBuffer,git@github.com:KiryuRS/CircularBuffer.git,1
MDEwOlJlcG9zaXRvcnkxNzczOTc2NDA=,2019-03-24T10:04:45Z,2026-05-05T14:56:55Z,2026-05-05T14:59:54Z,623622,False,Commander_Wars,Robosturm/Commander_Wars,git@github.com:Robosturm/Commander_Wars.git,270
MDEwOlJlcG9zaXRvcnkxNzczOTcwMTM=,2019-03-24T09:57:51Z,2026-05-02T17:21:01Z,2026-05-01T20:40:16Z,1662,False,keymapper,houmain/keymapper,git@github.com:houmain/keymapper.git,1089
MDEwOlJlcG9zaXRvcnkxNzczNjM1Nzk=,2019-03-24T02:50:03Z,2026-04-09T01:33:06Z,2026-04-11T03:03:59Z,5214,False,EV3RT,wataniguchi/EV3RT,git@github.com:wataniguchi/EV3RT.git,0
MDEwOlJlcG9zaXRvcnkxNzczMzk5NzI=,2019-03-23T21:04:45Z,2026-05-01T18:21:49Z,2026-05-01T14:35:01Z,2388,True,dtoa-benchmark,fmtlib/dtoa-benchmark,git@github.com:fmtlib/dtoa-benchmark.git,29
MDEwOlJlcG9zaXRvcnkxNzczMjA3ODE=,2019-03-23T17:41:28Z,2026-04-24T11:28:06Z,2026-04-24T11:28:02Z,1335,False,cpp_parsec_free,graninas/cpp_parsec_free,git@github.com:graninas/cpp_parsec_free.git,14
MDEwOlJlcG9zaXRvcnkxNzcyOTIxMjU=,2019-03-23T13:27:07Z,2026-05-04T21:00:50Z,2026-05-04T21:00:45Z,54047,False,ara_sdk,EnvnHash/ara_sdk,git@github.com:EnvnHash/ara_sdk.git,1
MDEwOlJlcG9zaXRvcnkxNzcyNzc0Mzk=,2019-03-23T10:53:29Z,2026-03-04T10:18:40Z,2026-03-04T10:18:37Z,2239,False,TIL,MozziDog/TIL,git@github.com:MozziDog/TIL.git,1
MDEwOlJlcG9zaXRvcnkxNzcyNzYzNjI=,2019-03-23T10:41:19Z,2026-04-02T13:17:46Z,2026-04-02T13:17:44Z,34,False,DasKit-C7BB-Tuning,NorthyIE/DasKit-C7BB-Tuning,git@github.com:NorthyIE/DasKit-C7BB-Tuning.git,18
MDEwOlJlcG9zaXRvcnkxNzcyNTY5MTM=,2019-03-23T07:12:54Z,2026-05-07T09:48:56Z,2026-05-07T09:48:52Z,12598,False,mahjong,Agony5757/mahjong,git@github.com:Agony5757/mahjong.git,126
MDEwOlJlcG9zaXRvcnkxNzcyNDAyNTE=,2019-03-23T03:39:12Z,2026-03-25T00:42:28Z,2026-03-25T00:42:22Z,1256,False,Online-Judges,JoaoDanielRufino/Online-Judges,git@github.com:JoaoDanielRufino/Online-Judges.git,3
MDEwOlJlcG9zaXRvcnkxNzcyMTg3MjA=,2019-03-22T22:50:53Z,2026-04-06T23:05:08Z,2026-05-03T15:08:54Z,1109,True,motor-realtime,unhuman-io/motor-realtime,git@github.com:unhuman-io/motor-realtime.git,7
MDEwOlJlcG9zaXRvcnkxNzcyMTEwNDU=,2019-03-22T21:24:42Z,2026-04-20T20:39:39Z,2026-05-04T19:04:56Z,11127,True,BraveSensor,bravetechnologycoop/BraveSensor,git@github.com:bravetechnologycoop/BraveSensor.git,1
MDEwOlJlcG9zaXRvcnkxNzcxNTQ3Mzc=,2019-03-22T14:27:21Z,2026-05-07T08:32:22Z,2026-05-07T08:33:29Z,34318,True,amp-embedded-infra-lib,philips-software/amp-embedded-infra-lib,git@github.com:philips-software/amp-embedded-infra-lib.git,256
MDEwOlJlcG9zaXRvcnkxNzcxNTE3NDU=,2019-03-22T14:09:45Z,2026-05-05T09:32:19Z,2026-05-05T09:46:20Z,93401,True,FCCAnalyses,HEP-FCC/FCCAnalyses,git@github.com:HEP-FCC/FCCAnalyses.git,34
MDEwOlJlcG9zaXRvcnkxNzcxMjQzODA=,2019-03-22T10:59:01Z,2026-03-02T15:33:44Z,2026-03-02T15:49:04Z,3151,True,artemis,formicidae-tracker/artemis,git@github.com:formicidae-tracker/artemis.git,1
MDEwOlJlcG9zaXRvcnkxNzcwNzMwMjM=,2019-03-22T04:48:26Z,2026-04-27T04:24:16Z,2026-04-27T04:24:12Z,91,False,studiorecorder,joncampbell123/studiorecorder,git@github.com:joncampbell123/studiorecorder.git,0
MDEwOlJlcG9zaXRvcnkxNzcwMzQ2NDM=,2019-03-21T22:43:01Z,2026-05-06T18:17:15Z,2026-05-01T21:27:37Z,1044537,True,SatisfactoryModLoader,satisfactorymodding/SatisfactoryModLoader,git@github.com:satisfactorymodding/SatisfactoryModLoader.git,324
MDEwOlJlcG9zaXRvcnkxNzcwMTk1MjQ=,2019-03-21T20:32:32Z,2026-04-17T16:41:44Z,2026-03-23T21:27:47Z,812,True,mod-npc-services,azerothcore/mod-npc-services,git@github.com:azerothcore/mod-npc-services.git,25
MDEwOlJlcG9zaXRvcnkxNzY5OTU1NjQ=,2019-03-21T17:42:44Z,2026-03-15T15:00:36Z,2026-03-15T19:25:29Z,21848,True,bsg_replicant,bespoke-silicon-group/bsg_replicant,git@github.com:bespoke-silicon-group/bsg_replicant.git,38
MDEwOlJlcG9zaXRvcnkxNzY5ODcyMzU=,2019-03-21T16:47:41Z,2026-05-03T19:15:06Z,2026-05-03T19:15:01Z,23470,False,myconfig,to4ko/myconfig,git@github.com:to4ko/myconfig.git,202
MDEwOlJlcG9zaXRvcnkxNzY5ODY1NjQ=,2019-03-21T16:43:22Z,2026-03-17T13:54:41Z,2026-04-22T15:08:20Z,223,False,mmablib,rgrumbine/mmablib,git@github.com:rgrumbine/mmablib.git,0
MDEwOlJlcG9zaXRvcnkxNzY5NTY1MTk=,2019-03-21T14:01:34Z,2026-05-04T07:30:38Z,2026-05-04T07:30:32Z,162,True,cgal-cpp-feedstock,conda-forge/cgal-cpp-feedstock,git@github.com:conda-forge/cgal-cpp-feedstock.git,6
MDEwOlJlcG9zaXRvcnkxNzY4NzEwMTc=,2019-03-21T04:39:29Z,2026-05-01T03:41:38Z,2026-05-01T03:41:34Z,489,False,libesp,cmdc0de/libesp,git@github.com:cmdc0de/libesp.git,2
MDEwOlJlcG9zaXRvcnkxNzY4MjU3ODE=,2019-03-20T22:19:17Z,2026-05-03T13:48:41Z,2026-05-02T01:41:06Z,18953,True,VisRTX,NVIDIA/VisRTX,git@github.com:NVIDIA/VisRTX.git,272
MDEwOlJlcG9zaXRvcnkxNzY4MTg4Mzg=,2019-03-20T21:20:18Z,2026-03-16T18:13:20Z,2026-03-15T00:20:40Z,40,False,freelist,nnewson/freelist,git@github.com:nnewson/freelist.git,0
MDEwOlJlcG9zaXRvcnkxNzY3OTE3NzI=,2019-03-20T18:13:14Z,2026-04-02T15:14:43Z,2026-04-04T10:09:26Z,848,False,mqtt_esp,cipibad/mqtt_esp,git@github.com:cipibad/mqtt_esp.git,2
MDEwOlJlcG9zaXRvcnkxNzY3MzA4OTk=,2019-03-20T12:40:03Z,2026-04-05T09:38:54Z,2026-05-07T06:17:25Z,16402,True,VARUS,Gaius-Augustus/VARUS,git@github.com:Gaius-Augustus/VARUS.git,9
MDEwOlJlcG9zaXRvcnkxNzY2ODE0NjQ=,2019-03-20T07:47:17Z,2026-05-01T14:10:41Z,2026-05-01T14:10:32Z,50298,False,DigitalFramework,TDCRanila/DigitalFramework,git@github.com:TDCRanila/DigitalFramework.git,1
MDEwOlJlcG9zaXRvcnkxNzY2NTAwODQ=,2019-03-20T04:00:40Z,2026-04-28T19:11:15Z,2026-04-28T19:11:12Z,1822,False,LeetCode-Scripts,michaelpope96/LeetCode-Scripts,git@github.com:michaelpope96/LeetCode-Scripts.git,0
MDEwOlJlcG9zaXRvcnkxNzY2MzYyNjg=,2019-03-20T02:27:19Z,2026-05-06T03:07:26Z,2026-05-06T04:26:02Z,367,True,lfric_reader,niwa/lfric_reader,git@github.com:niwa/lfric_reader.git,4
MDEwOlJlcG9zaXRvcnkxNzY1NDgxMjQ=,2019-03-19T15:52:03Z,2026-04-27T21:55:50Z,2026-04-27T21:55:54Z,2617,True,pomidaq,bothlab/pomidaq,git@github.com:bothlab/pomidaq.git,22
MDEwOlJlcG9zaXRvcnkxNzY1NDIxMjk=,2019-03-19T15:23:55Z,2026-04-21T07:16:17Z,2026-04-27T07:18:35Z,1374888,False,gcc-git,iains/gcc-git,git@github.com:iains/gcc-git.git,4
MDEwOlJlcG9zaXRvcnkxNzY1MjAzOTY=,2019-03-19T13:41:20Z,2026-05-05T22:07:01Z,2026-05-05T22:29:21Z,74507,False,FreeBSD-Electron,tagattie/FreeBSD-Electron,git@github.com:tagattie/FreeBSD-Electron.git,92
MDEwOlJlcG9zaXRvcnkxNzY0ODcxMzM=,2019-03-19T10:33:18Z,2026-04-09T16:07:33Z,2026-04-09T16:14:52Z,268,False,oscarsalt,oscarsalt/oscarsalt,git@github.com:oscarsalt/oscarsalt.git,0
MDEwOlJlcG9zaXRvcnkxNzY0NjI3NDI=,2019-03-19T08:29:38Z,2026-05-01T21:17:07Z,2026-05-01T21:17:02Z,84269,True,TurkishWordNet-CPP,StarlangSoftware/TurkishWordNet-CPP,git@github.com:StarlangSoftware/TurkishWordNet-CPP.git,6
MDEwOlJlcG9zaXRvcnkxNzY0MTcxMzQ=,2019-03-19T03:36:50Z,2026-05-07T06:46:20Z,2026-05-07T06:46:15Z,7241,False,MasterBandit,Andersbakken/MasterBandit,git@github.com:Andersbakken/MasterBandit.git,2
MDEwOlJlcG9zaXRvcnkxNzYzNTk1MzI=,2019-03-18T19:55:25Z,2026-04-25T14:52:08Z,2026-05-04T22:33:46Z,10636,True,rocThrust,ROCm/rocThrust,git@github.com:ROCm/rocThrust.git,125
MDEwOlJlcG9zaXRvcnkxNzYzNTAyMzc=,2019-03-18T18:51:45Z,2026-03-09T10:37:39Z,2026-03-09T10:37:35Z,6701,False,trackml,marcelkunze/trackml,git@github.com:marcelkunze/trackml.git,3
MDEwOlJlcG9zaXRvcnkxNzYzMjQwMTc=,2019-03-18T16:14:19Z,2026-05-03T07:52:13Z,2026-04-09T09:15:29Z,420640,False,Tesla-Model-3-Drive-Unit,damienmaguire/Tesla-Model-3-Drive-Unit,git@github.com:damienmaguire/Tesla-Model-3-Drive-Unit.git,87
MDEwOlJlcG9zaXRvcnkxNzYyNTAyMzc=,2019-03-18T09:45:48Z,2026-04-18T12:33:47Z,2026-04-18T12:33:43Z,541,False,codingpractise,swapnilgt/codingpractise,git@github.com:swapnilgt/codingpractise.git,0
MDEwOlJlcG9zaXRvcnkxNzYwNzU3Njc=,2019-03-17T08:37:37Z,2026-04-16T08:30:48Z,2026-04-16T08:30:44Z,115,False,cpp_snippets,cwyark/cpp_snippets,git@github.com:cwyark/cpp_snippets.git,0
MDEwOlJlcG9zaXRvcnkxNzYwMzU5NzA=,2019-03-16T23:33:52Z,2026-05-03T08:36:36Z,2026-05-03T08:36:33Z,8838,False,HexCtrl,jovibor/HexCtrl,git@github.com:jovibor/HexCtrl.git,213
MDEwOlJlcG9zaXRvcnkxNzYwMTU0Nzc=,2019-03-16T19:26:47Z,2026-05-02T01:12:50Z,2026-05-02T01:12:46Z,9142,True,Alusus,Alusus/Alusus,git@github.com:Alusus/Alusus.git,51
MDEwOlJlcG9zaXRvcnkxNzYwMDIxMzE=,2019-03-16T17:22:14Z,2026-04-18T23:46:56Z,2026-04-18T23:46:51Z,7381,False,kens-code,kentario/kens-code,git@github.com:kentario/kens-code.git,0
MDEwOlJlcG9zaXRvcnkxNzU5OTE1NTU=,2019-03-16T15:46:17Z,2026-03-08T09:10:12Z,2026-03-08T09:09:41Z,552,False,sdl_engine,Knoblauchpilze/sdl_engine,git@github.com:Knoblauchpilze/sdl_engine.git,0
MDEwOlJlcG9zaXRvcnkxNzU5Njg1Njk=,2019-03-16T12:21:57Z,2026-04-26T18:29:47Z,2026-05-07T09:54:10Z,630822,False,ViennaVulkanEngine,hlavacs/ViennaVulkanEngine,git@github.com:hlavacs/ViennaVulkanEngine.git,151
MDEwOlJlcG9zaXRvcnkxNzU5NTM2NDE=,2019-03-16T09:45:57Z,2026-03-26T06:38:52Z,2026-03-26T06:38:47Z,473,False,luogu,jerrykcode/luogu,git@github.com:jerrykcode/luogu.git,18
MDEwOlJlcG9zaXRvcnkxNzU5Mjc0NDI=,2019-03-16T04:47:57Z,2026-05-02T02:56:19Z,2026-05-02T02:56:15Z,780,False,fluxrt,dacunni/fluxrt,git@github.com:dacunni/fluxrt.git,1
MDEwOlJlcG9zaXRvcnkxNzU4ODYxODg=,2019-03-15T20:23:49Z,2026-03-22T12:54:32Z,2026-05-07T01:45:32Z,3632,False,Diplom,Diport96/Diplom,git@github.com:Diport96/Diplom.git,0
MDEwOlJlcG9zaXRvcnkxNzU4NTI0MjA=,2019-03-15T16:08:27Z,2026-03-25T00:18:26Z,2026-03-13T16:50:09Z,527,False,libnpy,matajoh/libnpy,git@github.com:matajoh/libnpy.git,28
MDEwOlJlcG9zaXRvcnkxNzU4NTA1NTU=,2019-03-15T15:57:09Z,2026-04-16T12:20:36Z,2026-04-16T12:20:32Z,123,False,vis,tgeijten/vis,git@github.com:tgeijten/vis.git,1
MDEwOlJlcG9zaXRvcnkxNzU4MTYwNjg=,2019-03-15T12:27:21Z,2026-04-22T10:46:01Z,2026-04-30T15:02:32Z,92357,True,panda_controllers,CentroEPiaggio/panda_controllers,git@github.com:CentroEPiaggio/panda_controllers.git,16
MDEwOlJlcG9zaXRvcnkxNzU4MDE5MTM=,2019-03-15T10:47:09Z,2026-03-07T09:04:35Z,2026-03-07T09:04:31Z,21,False,mondrian,jamespicone/mondrian,git@github.com:jamespicone/mondrian.git,0
MDEwOlJlcG9zaXRvcnkxNzU3OTcwMjU=,2019-03-15T10:14:13Z,2026-04-10T14:10:57Z,2026-04-02T14:16:58Z,168,False,EasyButtonAtInt01,ArminJo/EasyButtonAtInt01,git@github.com:ArminJo/EasyButtonAtInt01.git,11
MDEwOlJlcG9zaXRvcnkxNzU3OTY1MDQ=,2019-03-15T10:11:11Z,2026-04-26T08:53:47Z,2026-04-08T06:33:09Z,196493,True,ragg,r-lib/ragg,git@github.com:r-lib/ragg.git,180
MDEwOlJlcG9zaXRvcnkxNzU3NzIzMjQ=,2019-03-15T07:42:02Z,2026-05-06T08:47:47Z,2026-05-06T08:47:43Z,291,True,Mozza,genostats/Mozza,git@github.com:genostats/Mozza.git,0
MDEwOlJlcG9zaXRvcnkxNzU3NDE0MDM=,2019-03-15T03:22:33Z,2026-04-28T06:33:02Z,2026-04-27T21:54:19Z,1014871,False,RAMJam2019,Rossers/RAMJam2019,git@github.com:Rossers/RAMJam2019.git,0
MDEwOlJlcG9zaXRvcnkxNzU3MjU4NjE=,2019-03-15T01:20:57Z,2026-03-02T01:23:56Z,2026-03-02T01:23:52Z,179,False,LeetCodeSandBox,ZanneZankyo/LeetCodeSandBox,git@github.com:ZanneZankyo/LeetCodeSandBox.git,0
MDEwOlJlcG9zaXRvcnkxNzU2MzM1OTI=,2019-03-14T14:02:03Z,2026-05-06T10:11:01Z,2026-04-26T15:45:23Z,39670,True,Project_LemonLime,Project-LemonLime/Project_LemonLime,git@github.com:Project-LemonLime/Project_LemonLime.git,685
MDEwOlJlcG9zaXRvcnkxNzU2MzI3NzU=,2019-03-14T13:57:04Z,2026-04-16T17:46:50Z,2026-04-16T17:46:46Z,257731,False,SDKExamples,VectorworksDeveloper/SDKExamples,git@github.com:VectorworksDeveloper/SDKExamples.git,17
MDEwOlJlcG9zaXRvcnkxNzU2MDc2NDM=,2019-03-14T11:22:22Z,2026-03-17T13:11:20Z,2026-03-17T13:11:17Z,54967,True,TurkishDependencyParser-CPP,StarlangSoftware/TurkishDependencyParser-CPP,git@github.com:StarlangSoftware/TurkishDependencyParser-CPP.git,2
MDEwOlJlcG9zaXRvcnkxNzU0ODY2NDc=,2019-03-13T19:34:04Z,2026-05-05T16:04:46Z,2026-05-05T16:03:57Z,14470,True,brunsli,google/brunsli,git@github.com:google/brunsli.git,750
MDEwOlJlcG9zaXRvcnkxNzU0Njg5NTU=,2019-03-13T17:32:49Z,2026-04-08T01:36:13Z,2026-03-28T10:45:50Z,758,False,aerofly-wettergeraet,fboes/aerofly-wettergeraet,git@github.com:fboes/aerofly-wettergeraet.git,11
MDEwOlJlcG9zaXRvcnkxNzU0NjA0MTY=,2019-03-13T16:38:30Z,2026-04-28T11:21:55Z,2026-04-28T11:21:52Z,42,True,example2,scapix-com/example2,git@github.com:scapix-com/example2.git,10
MDEwOlJlcG9zaXRvcnkxNzU0MTc3Mjk=,2019-03-13T12:35:56Z,2026-05-07T11:03:59Z,2026-05-07T11:08:23Z,374004,True,dlstreamer,open-edge-platform/dlstreamer,git@github.com:open-edge-platform/dlstreamer.git,603
MDEwOlJlcG9zaXRvcnkxNzU0MDk5NTA=,2019-03-13T11:46:14Z,2026-05-04T15:52:52Z,2026-05-04T15:52:47Z,1391895,True,BEMRosetta,BEMRosetta/BEMRosetta,git@github.com:BEMRosetta/BEMRosetta.git,117
MDEwOlJlcG9zaXRvcnkxNzUzOTExMDI=,2019-03-13T09:44:13Z,2026-05-06T15:01:59Z,2026-05-06T14:49:43Z,165104,True,acts,acts-project/acts,git@github.com:acts-project/acts.git,121
MDEwOlJlcG9zaXRvcnkxNzUyODc2NTA=,2019-03-12T20:01:31Z,2026-04-27T12:49:09Z,2026-04-14T18:46:39Z,33557,False,DIY-Midi-Controller-full,silveirago/DIY-Midi-Controller-full,git@github.com:silveirago/DIY-Midi-Controller-full.git,124
MDEwOlJlcG9zaXRvcnkxNzUyNjMzMTM=,2019-03-12T17:23:01Z,2026-05-06T19:47:05Z,2026-05-06T19:47:03Z,63062,True,firebase-cpp-sdk,firebase/firebase-cpp-sdk,git@github.com:firebase/firebase-cpp-sdk.git,319
MDEwOlJlcG9zaXRvcnkxNzUyNTIyNTE=,2019-03-12T16:18:30Z,2026-04-08T22:22:40Z,2026-04-08T22:22:37Z,173389,False,DX12_FW,farid-rzaev/DX12_FW,git@github.com:farid-rzaev/DX12_FW.git,0
MDEwOlJlcG9zaXRvcnkxNzUyNTA0MzU=,2019-03-12T16:08:44Z,2026-03-31T17:26:51Z,2026-03-31T17:26:47Z,12,False,Algorithm,HanaYukii/Algorithm,git@github.com:HanaYukii/Algorithm.git,0
MDEwOlJlcG9zaXRvcnkxNzUyMDg5NTM=,2019-03-12T12:42:28Z,2026-05-01T07:09:54Z,2026-05-01T07:09:50Z,23897,True,TurkishDeasciifier-CPP,StarlangSoftware/TurkishDeasciifier-CPP,git@github.com:StarlangSoftware/TurkishDeasciifier-CPP.git,4
MDEwOlJlcG9zaXRvcnkxNzUyMDY0ODM=,2019-03-12T12:28:36Z,2026-03-18T06:15:47Z,2026-03-18T06:15:44Z,4,False,test,HWongand/test,git@github.com:HWongand/test.git,0
MDEwOlJlcG9zaXRvcnkxNzUyMDAxMDU=,2019-03-12T11:49:40Z,2026-04-22T03:15:53Z,2026-04-22T03:15:49Z,280,True,lief-feedstock,conda-forge/lief-feedstock,git@github.com:conda-forge/lief-feedstock.git,1
MDEwOlJlcG9zaXRvcnkxNzUxMDU3Njc=,2019-03-12T00:36:09Z,2026-05-04T07:50:59Z,2026-05-04T07:50:54Z,71717,False,CU_GP_CourseExamples,mingry/CU_GP_CourseExamples,git@github.com:mingry/CU_GP_CourseExamples.git,1
MDEwOlJlcG9zaXRvcnkxNzUxMDMxMjA=,2019-03-12T00:08:04Z,2026-05-03T09:40:10Z,2026-04-27T23:43:38Z,328977,True,DirectML,microsoft/DirectML,git@github.com:microsoft/DirectML.git,2551
MDEwOlJlcG9zaXRvcnkxNzUwOTY3Nzc=,2019-03-11T22:59:40Z,2026-04-22T07:56:19Z,2026-04-22T07:56:15Z,190,False,FastKPM,wztzjhn/FastKPM,git@github.com:wztzjhn/FastKPM.git,6
MDEwOlJlcG9zaXRvcnkxNzUwNjUyNzA=,2019-03-11T18:57:19Z,2026-05-06T21:53:55Z,2026-03-16T11:00:14Z,56037,True,MethaneKit,MethanePowered/MethaneKit,git@github.com:MethanePowered/MethaneKit.git,958
MDEwOlJlcG9zaXRvcnkxNzUwNjM5MDY=,2019-03-11T18:48:52Z,2026-03-23T13:11:05Z,2026-03-23T13:11:00Z,310,True,irods_capability_indexing,irods/irods_capability_indexing,git@github.com:irods/irods_capability_indexing.git,1
MDEwOlJlcG9zaXRvcnkxNzUwNDgyNDI=,2019-03-11T17:13:58Z,2026-04-29T14:54:51Z,2026-04-29T14:54:47Z,361,False,espwv32,Joengenduvel/espwv32,git@github.com:Joengenduvel/espwv32.git,23
MDEwOlJlcG9zaXRvcnkxNzUwMjYwNDQ=,2019-03-11T15:10:45Z,2026-05-04T17:26:44Z,2026-05-04T17:26:40Z,52433,False,braccio_control,michbelle/braccio_control,git@github.com:michbelle/braccio_control.git,0
MDEwOlJlcG9zaXRvcnkxNzQ5OTk4MzA=,2019-03-11T12:55:05Z,2026-04-24T18:20:33Z,2026-04-24T18:20:29Z,45,False,algorithms,PaulKovalov/algorithms,git@github.com:PaulKovalov/algorithms.git,0
MDEwOlJlcG9zaXRvcnkxNzQ5OTI1MTc=,2019-03-11T12:09:50Z,2026-03-19T20:31:14Z,2026-03-19T20:31:10Z,65,False,analog-clock-svg-qt,peteristhegreat/analog-clock-svg-qt,git@github.com:peteristhegreat/analog-clock-svg-qt.git,1
MDEwOlJlcG9zaXRvcnkxNzQ5NDU4Nzg=,2019-03-11T07:17:22Z,2026-03-02T10:35:28Z,2026-03-02T10:35:24Z,96,True,Expert-CPP,PacktPublishing/Expert-CPP,git@github.com:PacktPublishing/Expert-CPP.git,90
MDEwOlJlcG9zaXRvcnkxNzQ5MDczMTg=,2019-03-11T01:56:57Z,2026-04-06T20:51:08Z,2026-03-13T14:57:48Z,19342,True,qb,isndev/qb,git@github.com:isndev/qb.git,70
MDEwOlJlcG9zaXRvcnkxNzQ5MDIxNzc=,2019-03-11T01:11:05Z,2026-03-17T02:06:40Z,2026-03-17T02:06:36Z,886906,True,tttrlib,Fluorescence-Tools/tttrlib,git@github.com:Fluorescence-Tools/tttrlib.git,23
MDEwOlJlcG9zaXRvcnkxNzQ4OTYyNDI=,2019-03-11T00:01:47Z,2026-04-26T13:05:40Z,2026-04-26T13:05:36Z,1607,True,cpp-osx-system_preferences,pqrs-org/cpp-osx-system_preferences,git@github.com:pqrs-org/cpp-osx-system_preferences.git,3
MDEwOlJlcG9zaXRvcnkxNzQ4ODQ5NTE=,2019-03-10T21:45:52Z,2026-04-05T10:36:45Z,2026-03-06T13:02:56Z,5511,False,HavokLib,PredatorCZ/HavokLib,git@github.com:PredatorCZ/HavokLib.git,89
MDEwOlJlcG9zaXRvcnkxNzQ4NjQ1Mjc=,2019-03-10T18:34:26Z,2026-05-05T18:35:04Z,2026-04-23T09:26:03Z,5772,True,mrs_lib,ctu-mrs/mrs_lib,git@github.com:ctu-mrs/mrs_lib.git,9
MDEwOlJlcG9zaXRvcnkxNzQ4NTQ5NjQ=,2019-03-10T17:11:25Z,2026-03-09T17:16:23Z,2026-03-09T17:16:19Z,35,False,parallel-computing-samples,nikolaev94/parallel-computing-samples,git@github.com:nikolaev94/parallel-computing-samples.git,0
MDEwOlJlcG9zaXRvcnkxNzQ4MjE5MjI=,2019-03-10T12:41:23Z,2026-03-08T09:09:24Z,2026-03-08T09:09:15Z,60,False,maths_utils,Knoblauchpilze/maths_utils,git@github.com:Knoblauchpilze/maths_utils.git,0
MDEwOlJlcG9zaXRvcnkxNzQ3OTk1NzE=,2019-03-10T08:56:59Z,2026-03-08T09:18:31Z,2026-03-08T09:18:17Z,163,False,core_utils,Knoblauchpilze/core_utils,git@github.com:Knoblauchpilze/core_utils.git,0
MDEwOlJlcG9zaXRvcnkxNzQ3ODU1Njc=,2019-03-10T06:16:15Z,2026-04-26T13:05:38Z,2026-04-26T13:05:33Z,1274,True,cpp-osx-system_preferences_monitor,pqrs-org/cpp-osx-system_preferences_monitor,git@github.com:pqrs-org/cpp-osx-system_preferences_monitor.git,3
MDEwOlJlcG9zaXRvcnkxNzQ3MTMzNDM=,2019-03-09T15:45:48Z,2026-04-26T17:58:10Z,2026-04-26T17:58:05Z,36,False,various_cpp,dsporov/various_cpp,git@github.com:dsporov/various_cpp.git,0
MDEwOlJlcG9zaXRvcnkxNzQ2ODAyODc=,2019-03-09T10:36:30Z,2026-04-14T10:31:10Z,2026-04-14T10:31:05Z,3057,True,cpp-examples,dqrobotics/cpp-examples,git@github.com:dqrobotics/cpp-examples.git,5
MDEwOlJlcG9zaXRvcnkxNzQ2NjI3NzI=,2019-03-09T07:30:31Z,2026-04-05T23:01:45Z,2026-04-05T23:01:40Z,447,False,FileToCArray,ErrorFlynn/FileToCArray,git@github.com:ErrorFlynn/FileToCArray.git,7
MDEwOlJlcG9zaXRvcnkxNzQ2NTYyMTA=,2019-03-09T06:15:52Z,2026-05-01T07:10:26Z,2026-05-01T07:10:20Z,85537,True,TurkishSpellChecker-CPP,StarlangSoftware/TurkishSpellChecker-CPP,git@github.com:StarlangSoftware/TurkishSpellChecker-CPP.git,5
MDEwOlJlcG9zaXRvcnkxNzQ1ODc5MDg=,2019-03-08T18:24:29Z,2026-04-28T04:48:00Z,2026-05-03T02:05:33Z,439942,True,OpenStudioApplication,openstudiocoalition/OpenStudioApplication,git@github.com:openstudiocoalition/OpenStudioApplication.git,167
MDEwOlJlcG9zaXRvcnkxNzQ1ODI3NzA=,2019-03-08T17:45:31Z,2026-04-30T17:46:25Z,2026-05-05T19:47:40Z,5456,True,ecss-services,AcubeSAT/ecss-services,git@github.com:AcubeSAT/ecss-services.git,21
MDEwOlJlcG9zaXRvcnkxNzQ1ODEyMjU=,2019-03-08T17:34:06Z,2026-05-07T06:10:34Z,2026-05-07T06:20:18Z,51473,True,mge,mge-engine/mge,git@github.com:mge-engine/mge.git,0
MDEwOlJlcG9zaXRvcnkxNzQ1ODA1NTA=,2019-03-08T17:29:34Z,2026-04-24T09:30:30Z,2026-04-24T09:30:27Z,938,False,crocore,crocdialer/crocore,git@github.com:crocdialer/crocore.git,0
MDEwOlJlcG9zaXRvcnkxNzQ1NTI1MjM=,2019-03-08T14:32:45Z,2026-04-08T17:40:54Z,2026-04-08T17:40:52Z,132,True,particle_filter,bit-bots/particle_filter,git@github.com:bit-bots/particle_filter.git,6
MDEwOlJlcG9zaXRvcnkxNzQ1MzkzOTA=,2019-03-08T13:07:25Z,2026-04-12T05:30:37Z,2026-04-12T05:55:33Z,3691,False,Procon,K-Yoshizawa/Procon,git@github.com:K-Yoshizawa/Procon.git,1
MDEwOlJlcG9zaXRvcnkxNzQ1MzAwMDY=,2019-03-08T11:58:05Z,2026-05-04T09:24:54Z,2026-05-04T09:30:00Z,197771,True,black,black-sat/black,git@github.com:black-sat/black.git,23
MDEwOlJlcG9zaXRvcnkxNzQ1MjgxNzE=,2019-03-08T11:45:01Z,2026-03-11T21:45:19Z,2026-03-11T21:45:15Z,1254,True,grfcodec,OpenTTD/grfcodec,git@github.com:OpenTTD/grfcodec.git,11
MDEwOlJlcG9zaXRvcnkxNzQ1MjMzMzA=,2019-03-08T11:11:00Z,2026-05-06T12:25:09Z,2026-05-06T12:25:04Z,5949,False,vierkant,crocdialer/vierkant,git@github.com:crocdialer/vierkant.git,22
MDEwOlJlcG9zaXRvcnkxNzQ0NTY4MjA=,2019-03-08T02:43:21Z,2026-05-06T19:46:43Z,2026-05-06T19:47:14Z,21321,True,moteus,mjbots/moteus,git@github.com:mjbots/moteus.git,1161
MDEwOlJlcG9zaXRvcnkxNzQ0Mjg0MjM=,2019-03-07T22:16:47Z,2026-04-19T01:31:15Z,2026-04-10T14:55:31Z,1213310,True,pestpp,usgs/pestpp,git@github.com:usgs/pestpp.git,171
MDEwOlJlcG9zaXRvcnkxNzQ0MjM2OTM=,2019-03-07T21:34:38Z,2026-03-26T20:27:42Z,2026-03-26T20:27:32Z,148,True,iq-module-communication-cpp,iq-motion-control/iq-module-communication-cpp,git@github.com:iq-motion-control/iq-module-communication-cpp.git,13
MDEwOlJlcG9zaXRvcnkxNzQ0MTk0ODM=,2019-03-07T21:01:38Z,2026-03-26T20:29:25Z,2026-03-31T14:54:41Z,170,True,iq-module-communication-arduino,iq-motion-control/iq-module-communication-arduino,git@github.com:iq-motion-control/iq-module-communication-arduino.git,14
MDEwOlJlcG9zaXRvcnkxNzQ0MDk4MDg=,2019-03-07T19:47:47Z,2026-04-21T00:25:08Z,2026-04-21T00:25:08Z,844,False,harbour-foilauth,monich/harbour-foilauth,git@github.com:monich/harbour-foilauth.git,13
MDEwOlJlcG9zaXRvcnkxNzQ0MDI3MDY=,2019-03-07T18:55:57Z,2026-04-29T13:31:32Z,2026-04-29T13:30:17Z,917,True,pyobs-sbig,pyobs/pyobs-sbig,git@github.com:pyobs/pyobs-sbig.git,0
MDEwOlJlcG9zaXRvcnkxNzQzNzE4MDI=,2019-03-07T15:33:37Z,2026-05-01T21:10:55Z,2026-05-01T21:10:51Z,849,False,REG_DATA,meatdeath/REG_DATA,git@github.com:meatdeath/REG_DATA.git,0
MDEwOlJlcG9zaXRvcnkxNzQzNjgwMDU=,2019-03-07T15:12:44Z,2026-05-03T13:24:50Z,2026-05-03T13:24:46Z,4256813,False,unreal4sample,jejeongmin/unreal4sample,git@github.com:jejeongmin/unreal4sample.git,0
MDEwOlJlcG9zaXRvcnkxNzQzNDgwNjU=,2019-03-07T13:22:37Z,2026-04-28T19:20:35Z,2026-04-28T19:20:30Z,2528,True,openpower-hw-diags,openbmc/openpower-hw-diags,git@github.com:openbmc/openpower-hw-diags.git,0
MDEwOlJlcG9zaXRvcnkxNzQzNDU1NzU=,2019-03-07T13:05:52Z,2026-04-27T09:33:51Z,2026-04-27T09:33:45Z,22779,False,FewDevicesPairing,btframework/FewDevicesPairing,git@github.com:btframework/FewDevicesPairing.git,0
MDEwOlJlcG9zaXRvcnkxNzQzMzM3MjM=,2019-03-07T11:44:24Z,2026-04-27T09:33:06Z,2026-04-27T09:33:01Z,23940,False,ContinueDiscovering,btframework/ContinueDiscovering,git@github.com:btframework/ContinueDiscovering.git,1
MDEwOlJlcG9zaXRvcnkxNzQzMzIyNDg=,2019-03-07T11:33:45Z,2026-04-27T09:34:04Z,2026-04-27T09:34:00Z,21609,False,FewPinsPairDemos,btframework/FewPinsPairDemos,git@github.com:btframework/FewPinsPairDemos.git,0
MDEwOlJlcG9zaXRvcnkxNzQzMTM4NTI=,2019-03-07T09:30:45Z,2026-05-06T10:12:53Z,2026-05-06T10:20:46Z,139477,True,sandboxed-api,google/sandboxed-api,git@github.com:google/sandboxed-api.git,1745
MDEwOlJlcG9zaXRvcnkxNzQzMDQxMzc=,2019-03-07T08:34:04Z,2026-05-06T15:02:36Z,2026-05-06T14:47:37Z,52320,True,gudhi-devel,GUDHI/gudhi-devel,git@github.com:GUDHI/gudhi-devel.git,312
MDEwOlJlcG9zaXRvcnkxNzQyNTY3MDE=,2019-03-07T02:28:46Z,2026-03-30T14:25:25Z,2026-03-30T14:24:12Z,76,False,bf_jit,ccapitalK/bf_jit,git@github.com:ccapitalK/bf_jit.git,1
MDEwOlJlcG9zaXRvcnkxNzQxODEzMzc=,2019-03-06T16:32:20Z,2026-04-24T10:05:43Z,2026-03-12T01:19:08Z,1440,True,DracoPy,seung-lab/DracoPy,git@github.com:seung-lab/DracoPy.git,119
MDEwOlJlcG9zaXRvcnkxNzQwMjA3MDM=,2019-03-05T21:06:45Z,2026-04-25T21:23:05Z,2026-04-25T21:23:04Z,181,False,fancontrol,johanbogg/fancontrol,git@github.com:johanbogg/fancontrol.git,0
MDEwOlJlcG9zaXRvcnkxNzQwMDU0MDI=,2019-03-05T19:10:58Z,2026-04-28T11:27:51Z,2026-04-28T11:27:47Z,4641,True,scapix,scapix-com/scapix,git@github.com:scapix-com/scapix.git,352
MDEwOlJlcG9zaXRvcnkxNzM5Nzg2MDU=,2019-03-05T16:08:31Z,2026-05-07T02:32:28Z,2026-05-07T02:32:24Z,1659,False,compiler,jbw3/compiler,git@github.com:jbw3/compiler.git,1
MDEwOlJlcG9zaXRvcnkxNzM5NDc5Mzk=,2019-03-05T13:05:10Z,2026-05-07T09:49:11Z,2026-05-05T14:34:59Z,12965,True,mamba,mamba-org/mamba,git@github.com:mamba-org/mamba.git,8009
MDEwOlJlcG9zaXRvcnkxNzM3ODUxOTM=,2019-03-04T16:55:10Z,2026-05-01T18:19:54Z,2026-05-01T18:19:51Z,3716,False,dpscreenocr,danpla/dpscreenocr,git@github.com:danpla/dpscreenocr.git,293
MDEwOlJlcG9zaXRvcnkxNzM3NzU0MjA=,2019-03-04T15:55:41Z,2026-05-06T08:24:40Z,2026-04-27T13:20:51Z,169445,True,cosmoscout-vr,cosmoscout/cosmoscout-vr,git@github.com:cosmoscout/cosmoscout-vr.git,406
MDEwOlJlcG9zaXRvcnkxNzM3MTQxNjA=,2019-03-04T09:26:51Z,2026-05-05T07:49:30Z,2026-05-05T07:49:26Z,1567,True,pool-controller,smart-swimmingpool/pool-controller,git@github.com:smart-swimmingpool/pool-controller.git,22
MDEwOlJlcG9zaXRvcnkxNzM3MDM4Nzc=,2019-03-04T08:26:02Z,2026-04-16T10:48:07Z,2026-04-16T10:48:03Z,72,False,dconnect-reward,lanmower/dconnect-reward,git@github.com:lanmower/dconnect-reward.git,2
MDEwOlJlcG9zaXRvcnkxNzM2ODE0OTE=,2019-03-04T05:49:09Z,2026-05-07T08:57:00Z,2026-04-29T13:24:41Z,16233,True,Arduino-FOC,simplefoc/Arduino-FOC,git@github.com:simplefoc/Arduino-FOC.git,2789
MDEwOlJlcG9zaXRvcnkxNzM2Mjc2Nzc=,2019-03-03T20:44:22Z,2026-04-09T18:53:05Z,2026-04-09T18:56:30Z,64,True,vapoursynth-sangnom,dubhatervapoursynth/vapoursynth-sangnom,git@github.com:dubhatervapoursynth/vapoursynth-sangnom.git,8
MDEwOlJlcG9zaXRvcnkxNzM2MDA0MjA=,2019-03-03T16:32:34Z,2026-04-21T06:16:47Z,2026-04-21T06:16:43Z,695,False,lis3dh-motion-detection,ldab/lis3dh-motion-detection,git@github.com:ldab/lis3dh-motion-detection.git,8
MDEwOlJlcG9zaXRvcnkxNzM1OTYyOTY=,2019-03-03T15:58:48Z,2026-05-03T02:19:56Z,2026-03-15T06:23:40Z,121790,False,aobazero,kobanium/aobazero,git@github.com:kobanium/aobazero.git,57
MDEwOlJlcG9zaXRvcnkxNzM1ODYwODI=,2019-03-03T14:32:33Z,2026-03-22T04:51:37Z,2026-03-22T04:51:34Z,161058,True,libthe-seed,metaverse-systems/libthe-seed,git@github.com:metaverse-systems/libthe-seed.git,0
MDEwOlJlcG9zaXRvcnkxNzM1Nzg3MDQ=,2019-03-03T13:31:03Z,2026-05-05T23:48:27Z,2026-05-05T23:50:10Z,4807,False,llclasses,landenlabs/llclasses,git@github.com:landenlabs/llclasses.git,2
MDEwOlJlcG9zaXRvcnkxNzM1Mjk3NjI=,2019-03-03T04:16:15Z,2026-05-07T02:00:56Z,2026-05-07T02:00:52Z,713535,False,GitDuck,cfingram0/GitDuck,git@github.com:cfingram0/GitDuck.git,0
MDEwOlJlcG9zaXRvcnkxNzM1MTI5MDM=,2019-03-03T00:11:10Z,2026-04-30T02:37:17Z,2026-04-30T02:37:13Z,1372,True,unrar-nonfree,debian-calibre/unrar-nonfree,git@github.com:debian-calibre/unrar-nonfree.git,418
MDEwOlJlcG9zaXRvcnkxNzM1MDk1NjM=,2019-03-02T23:20:41Z,2026-05-07T01:00:04Z,2026-05-07T01:00:00Z,193352,True,Cbc,coin-or/Cbc,git@github.com:coin-or/Cbc.git,987
MDEwOlJlcG9zaXRvcnkxNzM1MDI5MDI=,2019-03-02T21:53:20Z,2026-05-05T18:10:00Z,2026-05-05T18:09:55Z,22871,True,Cgl,coin-or/Cgl,git@github.com:coin-or/Cgl.git,26
MDEwOlJlcG9zaXRvcnkxNzM1MDE5MDA=,2019-03-02T21:41:19Z,2026-03-17T20:43:29Z,2026-03-17T20:43:24Z,6110,False,abs-speed-dreams-driver,Mrchazaaa/abs-speed-dreams-driver,git@github.com:Mrchazaaa/abs-speed-dreams-driver.git,2
MDEwOlJlcG9zaXRvcnkxNzM0OTYyOTk=,2019-03-02T20:36:34Z,2026-05-06T17:59:01Z,2026-05-06T17:58:56Z,95110,True,Clp,coin-or/Clp,git@github.com:coin-or/Clp.git,484
MDEwOlJlcG9zaXRvcnkxNzM0OTYwOTA=,2019-03-02T20:34:32Z,2026-03-29T07:41:05Z,2026-03-29T07:41:02Z,116,False,Optimizational-Problems-Solutions,indjev99/Optimizational-Problems-Solutions,git@github.com:indjev99/Optimizational-Problems-Solutions.git,0
MDEwOlJlcG9zaXRvcnkxNzM0OTM0NTc=,2019-03-02T20:04:29Z,2026-05-07T04:01:01Z,2026-05-07T04:08:20Z,14211,True,TankController,Open-Acidification/TankController,git@github.com:Open-Acidification/TankController.git,13
MDEwOlJlcG9zaXRvcnkxNzM0NzY0NTU=,2019-03-02T17:15:42Z,2026-05-06T17:31:19Z,2026-05-06T17:31:15Z,23511,True,Osi,coin-or/Osi,git@github.com:coin-or/Osi.git,63
MDEwOlJlcG9zaXRvcnkxNzM0NzU2NTA=,2019-03-02T17:07:56Z,2026-03-26T11:59:03Z,2026-03-17T06:16:55Z,5075261,False,rayrender,tylermorganwall/rayrender,git@github.com:tylermorganwall/rayrender.git,640
MDEwOlJlcG9zaXRvcnkxNzM0NjY3OTI=,2019-03-02T15:46:58Z,2026-05-05T12:33:47Z,2026-05-05T12:33:43Z,72728,True,CoinUtils,coin-or/CoinUtils,git@github.com:coin-or/CoinUtils.git,49
MDEwOlJlcG9zaXRvcnkxNzM0NTQyMDY=,2019-03-02T13:55:44Z,2026-05-06T14:54:20Z,2026-04-08T05:28:28Z,3165,False,parallel-hashmap,greg7mdp/parallel-hashmap,git@github.com:greg7mdp/parallel-hashmap.git,3177
MDEwOlJlcG9zaXRvcnkxNzM0MzQ5NjU=,2019-03-02T10:36:53Z,2026-04-05T19:03:11Z,2026-04-05T19:03:07Z,169,False,SmartPowerPlug,lemlouma/SmartPowerPlug,git@github.com:lemlouma/SmartPowerPlug.git,3
MDEwOlJlcG9zaXRvcnkxNzM0MzAyNzA=,2019-03-02T09:46:08Z,2026-05-05T09:06:12Z,2026-04-22T04:52:36Z,20400,True,mesh_navigation,naturerobots/mesh_navigation,git@github.com:naturerobots/mesh_navigation.git,844
MDEwOlJlcG9zaXRvcnkxNzMzOTMzMzU=,2019-03-02T02:19:41Z,2026-05-06T01:29:20Z,2026-05-05T05:30:47Z,46663,False,airspy-fmradion,jj1bdx/airspy-fmradion,git@github.com:jj1bdx/airspy-fmradion.git,161
MDEwOlJlcG9zaXRvcnkxNzMzODcyMTk=,2019-03-02T00:56:57Z,2026-03-18T02:10:25Z,2026-03-18T02:10:21Z,569,False,Sudoku-solving-dengan-cpp,recchan13/Sudoku-solving-dengan-cpp,git@github.com:recchan13/Sudoku-solving-dengan-cpp.git,0
MDEwOlJlcG9zaXRvcnkxNzMyOTkyNDI=,2019-03-01T12:35:51Z,2026-05-01T15:26:39Z,2026-04-22T13:45:00Z,2586,True,pulsar-client-node,apache/pulsar-client-node,git@github.com:apache/pulsar-client-node.git,166
MDEwOlJlcG9zaXRvcnkxNzMyNjIxMTg=,2019-03-01T08:13:45Z,2026-05-01T21:49:56Z,2026-05-01T21:49:53Z,4569,False,FormatWidgets,horsicq/FormatWidgets,git@github.com:horsicq/FormatWidgets.git,4
MDEwOlJlcG9zaXRvcnkxNzMyNTkyMjE=,2019-03-01T07:54:03Z,2026-03-11T22:36:56Z,2026-03-11T22:36:59Z,304350,False,algorithm,satashun/algorithm,git@github.com:satashun/algorithm.git,1
MDEwOlJlcG9zaXRvcnkxNzMyMTMxNzY=,2019-03-01T01:18:58Z,2026-03-30T19:58:20Z,2026-03-30T19:58:15Z,182553,True,lvr2,uos/lvr2,git@github.com:uos/lvr2.git,153
MDEwOlJlcG9zaXRvcnkxNzMxOTU2MjI=,2019-02-28T22:12:10Z,2026-05-07T04:23:12Z,2026-05-07T04:36:40Z,69610,False,palvalidator,testhound/palvalidator,git@github.com:testhound/palvalidator.git,0
MDEwOlJlcG9zaXRvcnkxNzMxNzU2ODc=,2019-02-28T19:36:44Z,2026-03-11T03:05:17Z,2026-04-10T20:50:35Z,7194,True,note-c,blues/note-c,git@github.com:blues/note-c.git,11
MDEwOlJlcG9zaXRvcnkxNzMxNjMyNTk=,2019-02-28T18:11:53Z,2026-04-17T15:59:22Z,2026-04-17T15:59:17Z,370,False,FormatDialogs,horsicq/FormatDialogs,git@github.com:horsicq/FormatDialogs.git,5
MDEwOlJlcG9zaXRvcnkxNzMxNDYyMDA=,2019-02-28T16:24:01Z,2026-04-29T16:00:46Z,2026-04-29T16:00:32Z,47,False,TPM-FX,Gerfunky/TPM-FX,git@github.com:Gerfunky/TPM-FX.git,3
MDEwOlJlcG9zaXRvcnkxNzMxMzUyODg=,2019-02-28T15:17:55Z,2026-03-03T07:35:38Z,2026-03-03T07:35:34Z,496,False,eepromProgrammer,clydeshaffer/eepromProgrammer,git@github.com:clydeshaffer/eepromProgrammer.git,2
MDEwOlJlcG9zaXRvcnkxNzMxMjIzODc=,2019-02-28T14:02:07Z,2026-03-31T10:50:48Z,2026-04-27T10:17:58Z,60443,True,libBLS,skalenetwork/libBLS,git@github.com:skalenetwork/libBLS.git,155
MDEwOlJlcG9zaXRvcnkxNzMxMTcxNTI=,2019-02-28T13:29:06Z,2026-04-24T16:22:30Z,2026-04-24T16:22:26Z,58,True,gsl-lite-feedstock,conda-forge/gsl-lite-feedstock,git@github.com:conda-forge/gsl-lite-feedstock.git,2
MDEwOlJlcG9zaXRvcnkxNzMxMTEzODI=,2019-02-28T12:50:01Z,2026-05-04T08:07:48Z,2026-05-04T08:07:44Z,945,True,hxcomm,electronicvisions/hxcomm,git@github.com:electronicvisions/hxcomm.git,1
MDEwOlJlcG9zaXRvcnkxNzMxMTEyNTk=,2019-02-28T12:49:12Z,2026-03-23T09:05:05Z,2026-03-23T09:05:01Z,656,True,fisch,electronicvisions/fisch,git@github.com:electronicvisions/fisch.git,1
MDEwOlJlcG9zaXRvcnkxNzMwNzQwNTE=,2019-02-28T08:38:40Z,2026-03-03T12:55:42Z,2026-03-03T12:55:38Z,30322,False,cwHPC,ls2716/cwHPC,git@github.com:ls2716/cwHPC.git,0
MDEwOlJlcG9zaXRvcnkxNzMwNjgyMTI=,2019-02-28T08:01:37Z,2026-04-27T08:08:35Z,2026-04-27T08:08:30Z,2766,False,imediaplayer,ncjiakechong/imediaplayer,git@github.com:ncjiakechong/imediaplayer.git,0
MDEwOlJlcG9zaXRvcnkxNzMwNTE5MTU=,2019-02-28T06:09:05Z,2026-05-07T08:32:50Z,2026-04-24T16:01:23Z,18973,False,DREAMPlace,limbo018/DREAMPlace,git@github.com:limbo018/DREAMPlace.git,987
MDEwOlJlcG9zaXRvcnkxNzMwMjU3MDA=,2019-02-28T02:25:01Z,2026-03-15T09:45:49Z,2026-03-15T09:45:49Z,37,False,xml-beautify,ligang945/xml-beautify,git@github.com:ligang945/xml-beautify.git,2
MDEwOlJlcG9zaXRvcnkxNzI5OTg5MDU=,2019-02-27T22:15:47Z,2026-05-05T16:23:52Z,2026-05-07T04:01:10Z,1532537,True,SideFXLabs,sideeffects/SideFXLabs,git@github.com:sideeffects/SideFXLabs.git,1187
MDEwOlJlcG9zaXRvcnkxNzI5NjYyODM=,2019-02-27T18:16:45Z,2026-03-17T22:49:42Z,2026-03-17T22:49:38Z,71,False,node-cm256,dents/node-cm256,git@github.com:dents/node-cm256.git,0
MDEwOlJlcG9zaXRvcnkxNzI4NzkxNjE=,2019-02-27T08:54:12Z,2026-03-14T11:33:37Z,2026-03-14T11:33:42Z,82760,False,prosper,sndels/prosper,git@github.com:sndels/prosper.git,4
MDEwOlJlcG9zaXRvcnkxNzI4NDY0Nzg=,2019-02-27T05:01:59Z,2026-05-07T10:03:05Z,2026-05-07T10:27:25Z,55808,False,manifold,elalish/manifold,git@github.com:elalish/manifold.git,2026
MDEwOlJlcG9zaXRvcnkxNzI4Mzc4MTA=,2019-02-27T03:41:33Z,2026-03-09T09:01:19Z,2026-03-09T09:01:15Z,23,False,testodbview,edidada/testodbview,git@github.com:edidada/testodbview.git,0
MDEwOlJlcG9zaXRvcnkxNzI4MzcxNjU=,2019-02-27T03:36:38Z,2026-03-09T08:55:28Z,2026-03-09T08:55:24Z,13,False,testodbsection,edidada/testodbsection,git@github.com:edidada/testodbsection.git,0
MDEwOlJlcG9zaXRvcnkxNzI4MzMzODI=,2019-02-27T03:08:37Z,2026-03-09T08:55:36Z,2026-03-09T08:55:33Z,22,False,testodbinverse,edidada/testodbinverse,git@github.com:edidada/testodbinverse.git,0
MDEwOlJlcG9zaXRvcnkxNzI3ODUxNzM=,2019-02-26T20:27:34Z,2026-05-07T00:22:50Z,2026-05-07T00:22:52Z,1447642,True,gcc,D-Programming-GDC/gcc,git@github.com:D-Programming-GDC/gcc.git,80
MDEwOlJlcG9zaXRvcnkxNzI3NzE0MDY=,2019-02-26T18:59:10Z,2026-05-06T15:22:53Z,2026-05-07T09:15:38Z,11810,True,kpublictransport,KDE/kpublictransport,git@github.com:KDE/kpublictransport.git,26
MDEwOlJlcG9zaXRvcnkxNzI3NzAzODg=,2019-02-26T18:52:28Z,2026-05-01T12:40:21Z,2026-05-01T12:43:18Z,3984,False,DFBHD-Wrapper,SuiMachine/DFBHD-Wrapper,git@github.com:SuiMachine/DFBHD-Wrapper.git,7
MDEwOlJlcG9zaXRvcnkxNzI3NTkzNjc=,2019-02-26T17:38:49Z,2026-04-30T17:17:41Z,2026-04-30T17:17:29Z,582,False,Controls,horsicq/Controls,git@github.com:horsicq/Controls.git,5
MDEwOlJlcG9zaXRvcnkxNzI3NTYxMDI=,2019-02-26T17:17:48Z,2026-05-02T04:39:49Z,2026-05-02T04:39:35Z,36611,True,pcms,SCOREC/pcms,git@github.com:SCOREC/pcms.git,4
MDEwOlJlcG9zaXRvcnkxNzI3NDI3NjA=,2019-02-26T15:55:40Z,2026-04-18T09:29:29Z,2026-04-18T09:29:25Z,6,False,theFirst,gayathri-venu/theFirst,git@github.com:gayathri-venu/theFirst.git,1
MDEwOlJlcG9zaXRvcnkxNzI3MzY0NjI=,2019-02-26T15:18:54Z,2026-04-24T19:32:44Z,2026-05-06T19:30:37Z,2059,True,azplugins,mphowardlab/azplugins,git@github.com:mphowardlab/azplugins.git,26
MDEwOlJlcG9zaXRvcnkxNzI3MzI1MTQ=,2019-02-26T14:56:48Z,2026-04-23T01:18:32Z,2026-04-23T01:18:27Z,545,True,wayfire-plugins-extra,WayfireWM/wayfire-plugins-extra,git@github.com:WayfireWM/wayfire-plugins-extra.git,97
MDEwOlJlcG9zaXRvcnkxNzI2ODI1NTU=,2019-02-26T09:43:47Z,2026-04-28T17:30:58Z,2026-04-28T12:14:03Z,45792,False,pocketnet.core,pocketnetteam/pocketnet.core,git@github.com:pocketnetteam/pocketnet.core.git,133
MDEwOlJlcG9zaXRvcnkxNzI2NzQzMjg=,2019-02-26T08:56:08Z,2026-03-26T01:26:32Z,2026-03-26T01:26:27Z,137,True,udisks2-qt5,linuxdeepin/udisks2-qt5,git@github.com:linuxdeepin/udisks2-qt5.git,11
MDEwOlJlcG9zaXRvcnkxNzI2NzM0MDg=,2019-02-26T08:50:40Z,2026-05-06T20:54:34Z,2026-03-14T06:06:29Z,76183,False,gitstatus,romkatv/gitstatus,git@github.com:romkatv/gitstatus.git,1806
MDEwOlJlcG9zaXRvcnkxNzI2NDA3MTE=,2019-02-26T04:57:14Z,2026-05-07T09:36:24Z,2026-04-21T04:53:10Z,67390,False,KataGo,lightvector/KataGo,git@github.com:lightvector/KataGo.git,4582
MDEwOlJlcG9zaXRvcnkxNzI1NTE1Nzc=,2019-02-25T17:24:42Z,2026-05-06T12:48:23Z,2026-05-06T12:48:15Z,32397,True,arcade,qxcodeed/arcade,git@github.com:qxcodeed/arcade.git,9
MDEwOlJlcG9zaXRvcnkxNzI1MzA0MzA=,2019-02-25T15:19:04Z,2026-04-30T22:14:38Z,2026-05-04T17:38:46Z,3251,False,minus,rfabbri/minus,git@github.com:rfabbri/minus.git,51
MDEwOlJlcG9zaXRvcnkxNzI0NzM4MTQ=,2019-02-25T09:20:53Z,2026-03-11T05:00:10Z,2026-03-11T05:00:05Z,17,False,base64,pacyu/base64,git@github.com:pacyu/base64.git,0
MDEwOlJlcG9zaXRvcnkxNzI0NjA1MjU=,2019-02-25T07:59:05Z,2026-05-06T11:09:29Z,2026-05-06T11:09:23Z,18,False,topopt99,sylefeb/topopt99,git@github.com:sylefeb/topopt99.git,6
MDEwOlJlcG9zaXRvcnkxNzI0MzgzMzU=,2019-02-25T05:10:57Z,2026-04-19T23:47:29Z,2026-04-19T23:47:24Z,20,False,parking_kiosk,jyasir/parking_kiosk,git@github.com:jyasir/parking_kiosk.git,0
MDEwOlJlcG9zaXRvcnkxNzIzNjUwNzI=,2019-02-24T17:04:19Z,2026-05-05T09:51:04Z,2026-05-05T09:50:59Z,210,False,libgraphics,rsta2/libgraphics,git@github.com:rsta2/libgraphics.git,25
MDEwOlJlcG9zaXRvcnkxNzIzNjE5MzA=,2019-02-24T16:34:28Z,2026-04-18T00:26:27Z,2026-04-18T00:26:23Z,65,False,c-algorithm,siman-man/c-algorithm,git@github.com:siman-man/c-algorithm.git,0
MDEwOlJlcG9zaXRvcnkxNzIzNjAyNDY=,2019-02-24T16:19:06Z,2026-03-31T21:20:00Z,2026-03-31T21:19:55Z,895,False,neutrino,mcvsama/neutrino,git@github.com:mcvsama/neutrino.git,1
MDEwOlJlcG9zaXRvcnkxNzIzNDcyODQ=,2019-02-24T14:25:22Z,2026-05-01T07:06:02Z,2026-05-01T07:05:58Z,40704,True,TurkishMorphologicalAnalysis-CPP,StarlangSoftware/TurkishMorphologicalAnalysis-CPP,git@github.com:StarlangSoftware/TurkishMorphologicalAnalysis-CPP.git,6
MDEwOlJlcG9zaXRvcnkxNzIzMzA3NDQ=,2019-02-24T11:45:31Z,2026-03-19T06:03:45Z,2026-03-19T06:03:42Z,535,False,NuPogodi-dlm,kb392/NuPogodi-dlm,git@github.com:kb392/NuPogodi-dlm.git,0
MDEwOlJlcG9zaXRvcnkxNzIzMDMwMzI=,2019-02-24T06:11:00Z,2026-03-07T06:35:43Z,2026-03-07T06:35:39Z,61,False,cpp-projects,LeeZahArepus/cpp-projects,git@github.com:LeeZahArepus/cpp-projects.git,0
MDEwOlJlcG9zaXRvcnkxNzIyOTM4MDY=,2019-02-24T04:03:59Z,2026-04-20T12:56:14Z,2026-04-20T12:56:10Z,4388,False,algorithmn,theDreamBear/algorithmn,git@github.com:theDreamBear/algorithmn.git,1
MDEwOlJlcG9zaXRvcnkxNzIyOTE1MDI=,2019-02-24T03:30:01Z,2026-04-23T02:23:45Z,2026-04-23T02:23:41Z,629,True,ITKMeshToPolyData,InsightSoftwareConsortium/ITKMeshToPolyData,git@github.com:InsightSoftwareConsortium/ITKMeshToPolyData.git,7
MDEwOlJlcG9zaXRvcnkxNzIyODM5ODg=,2019-02-24T01:40:54Z,2026-04-26T21:21:13Z,2026-04-26T21:21:08Z,311,True,vite,ECP-ExaGraph/vite,git@github.com:ECP-ExaGraph/vite.git,28
MDEwOlJlcG9zaXRvcnkxNzIyNzA4MTM=,2019-02-23T22:26:48Z,2026-04-17T00:28:43Z,2026-04-17T00:28:39Z,6,False,Exact-Appearance-of-Motif,Coding-Fusion/Exact-Appearance-of-Motif,git@github.com:Coding-Fusion/Exact-Appearance-of-Motif.git,0
MDEwOlJlcG9zaXRvcnkxNzIyNjQzNzI=,2019-02-23T21:10:03Z,2026-04-14T07:08:45Z,2026-04-14T07:08:40Z,3101,False,xCHM,rzvncj/xCHM,git@github.com:rzvncj/xCHM.git,153
MDEwOlJlcG9zaXRvcnkxNzIyNTAwODY=,2019-02-23T18:38:57Z,2026-05-02T04:20:12Z,2026-05-02T04:20:08Z,24453,False,HVAC-for-OpenFOAM,TBE-ThomasTian/HVAC-for-OpenFOAM,git@github.com:TBE-ThomasTian/HVAC-for-OpenFOAM.git,47
MDEwOlJlcG9zaXRvcnkxNzIyMzc5MjU=,2019-02-23T16:42:39Z,2026-05-04T02:17:21Z,2026-04-02T15:30:54Z,34541,True,Plug-In-Interface,RoboDK/Plug-In-Interface,git@github.com:RoboDK/Plug-In-Interface.git,45
MDEwOlJlcG9zaXRvcnkxNzIyMzIzOTM=,2019-02-23T15:50:36Z,2026-03-01T13:36:09Z,2026-03-01T13:36:06Z,5271,False,Arduino-RemoteCar-BLE-4.0,stlevkov/Arduino-RemoteCar-BLE-4.0,git@github.com:stlevkov/Arduino-RemoteCar-BLE-4.0.git,3
MDEwOlJlcG9zaXRvcnkxNzIyMzE5NzQ=,2019-02-23T15:46:23Z,2026-05-04T20:48:32Z,2026-04-05T21:10:29Z,12082,False,LeetCode,walkccc/LeetCode,git@github.com:walkccc/LeetCode.git,1318
MDEwOlJlcG9zaXRvcnkxNzIxNjkxNjg=,2019-02-23T04:03:04Z,2026-05-07T08:57:40Z,2026-05-07T08:57:36Z,108620,False,S22-Understanding-Async-Requests,kptung/S22-Understanding-Async-Requests,git@github.com:kptung/S22-Understanding-Async-Requests.git,1
MDEwOlJlcG9zaXRvcnkxNzIxNDc1MzA=,2019-02-22T23:18:19Z,2026-05-06T18:35:54Z,2026-05-06T18:35:51Z,371,True,rcpputils,ros2/rcpputils,git@github.com:ros2/rcpputils.git,36
MDEwOlJlcG9zaXRvcnkxNzIxNDY0NTQ=,2019-02-22T23:06:41Z,2026-03-30T18:27:25Z,2026-03-30T18:27:27Z,402466,False,Smoldyn,ssandrews/Smoldyn,git@github.com:ssandrews/Smoldyn.git,30
MDEwOlJlcG9zaXRvcnkxNzIwODI4Mzg=,2019-02-22T14:46:48Z,2026-04-09T16:02:51Z,2026-04-09T16:02:34Z,997,True,SampleRuntime,PLCnext/SampleRuntime,git@github.com:PLCnext/SampleRuntime.git,18
MDEwOlJlcG9zaXRvcnkxNzE5OTU1NjA=,2019-02-22T04:41:22Z,2026-05-04T23:53:57Z,2026-05-04T23:59:19Z,29890,False,karasunpo,katahiromz/karasunpo,git@github.com:katahiromz/karasunpo.git,4
MDEwOlJlcG9zaXRvcnkxNzE5MjQ5Nzg=,2019-02-21T18:40:18Z,2026-05-05T20:33:10Z,2026-05-05T20:30:35Z,2722,False,OGFViewer,justtails/OGFViewer,git@github.com:justtails/OGFViewer.git,14
MDEwOlJlcG9zaXRvcnkxNzE5MjE0NjU=,2019-02-21T18:14:39Z,2026-04-15T14:24:37Z,2026-05-06T19:20:46Z,116393,True,AraRoot,ara-software/AraRoot,git@github.com:ara-software/AraRoot.git,2
MDEwOlJlcG9zaXRvcnkxNzE4NjE3Mzc=,2019-02-21T11:46:05Z,2026-05-02T18:38:42Z,2026-05-02T18:38:38Z,12797,False,competitive_programming,fishy15/competitive_programming,git@github.com:fishy15/competitive_programming.git,31
MDEwOlJlcG9zaXRvcnkxNzE4NTk5NDM=,2019-02-21T11:32:21Z,2026-04-16T04:54:20Z,2026-04-16T04:54:16Z,42,False,ofxSimpleOsc,funatsufumiya/ofxSimpleOsc,git@github.com:funatsufumiya/ofxSimpleOsc.git,4
MDEwOlJlcG9zaXRvcnkxNzE4NDY2NzE=,2019-02-21T09:59:52Z,2026-05-06T03:22:01Z,2026-05-06T03:21:57Z,90516,True,wimal,wimal-build/wimal,git@github.com:wimal-build/wimal.git,4
MDEwOlJlcG9zaXRvcnkxNzE4MzgyNTI=,2019-02-21T09:10:41Z,2026-04-21T05:06:11Z,2026-04-20T02:01:10Z,31309,False,also,nbulsi/also,git@github.com:nbulsi/also.git,88
MDEwOlJlcG9zaXRvcnkxNzE4MjIzMDE=,2019-02-21T07:29:07Z,2026-05-01T17:52:27Z,2026-05-05T17:43:05Z,181569,False,WorkFMT,Smitt64/WorkFMT,git@github.com:Smitt64/WorkFMT.git,0
MDEwOlJlcG9zaXRvcnkxNzE4MTM2MTU=,2019-02-21T06:29:40Z,2026-05-06T21:01:19Z,2026-05-03T17:10:13Z,2143,True,asdcplib,cinecert/asdcplib,git@github.com:cinecert/asdcplib.git,95
MDEwOlJlcG9zaXRvcnkxNzE3MDg4OTc=,2019-02-20T16:28:25Z,2026-03-26T15:40:44Z,2026-03-26T15:36:26Z,176,True,vscode-windows-registry,microsoft/vscode-windows-registry,git@github.com:microsoft/vscode-windows-registry.git,39
MDEwOlJlcG9zaXRvcnkxNzE2NzczMTU=,2019-02-20T13:22:50Z,2026-05-06T17:32:09Z,2026-05-06T17:32:04Z,13175,False,TableEngine,takashiK/TableEngine,git@github.com:takashiK/TableEngine.git,0
MDEwOlJlcG9zaXRvcnkxNzE2NTkwNDU=,2019-02-20T11:17:25Z,2026-03-11T03:03:06Z,2026-03-11T03:03:02Z,641,True,K32-lib,KomplexKapharnaum/K32-lib,git@github.com:KomplexKapharnaum/K32-lib.git,0
MDEwOlJlcG9zaXRvcnkxNzE2NDIxNDI=,2019-02-20T09:28:05Z,2026-05-06T09:58:09Z,2026-05-06T09:51:43Z,30307,False,IoTConnectFirmware-PlatformIO-,aviralverma-8877/IoTConnectFirmware-PlatformIO-,git@github.com:aviralverma-8877/IoTConnectFirmware-PlatformIO-.git,0
MDEwOlJlcG9zaXRvcnkxNzE2MzU2MTY=,2019-02-20T08:51:05Z,2026-04-14T02:51:01Z,2026-03-03T16:30:47Z,54150,False,Genesis-1.3-Version4,svenreiche/Genesis-1.3-Version4,git@github.com:svenreiche/Genesis-1.3-Version4.git,72
MDEwOlJlcG9zaXRvcnkxNzE1NzE5Njg=,2019-02-20T00:24:41Z,2026-04-28T21:00:02Z,2026-04-28T20:59:43Z,2740,True,HygroThermFEM,LBNL-ETA/HygroThermFEM,git@github.com:LBNL-ETA/HygroThermFEM.git,0
MDEwOlJlcG9zaXRvcnkxNzE1NjM1NTk=,2019-02-19T22:58:20Z,2026-04-28T20:47:40Z,2026-04-28T20:47:43Z,268416,True,WinCalc,LBNL-ETA/WinCalc,git@github.com:LBNL-ETA/WinCalc.git,5
MDEwOlJlcG9zaXRvcnkxNzE1NjI5ODc=,2019-02-19T22:53:05Z,2026-03-30T22:24:22Z,2026-03-30T22:24:19Z,362,True,OpticalMeasurementParser,LBNL-ETA/OpticalMeasurementParser,git@github.com:LBNL-ETA/OpticalMeasurementParser.git,3
MDEwOlJlcG9zaXRvcnkxNzE0Nzc5NTE=,2019-02-19T13:24:47Z,2026-05-07T05:28:27Z,2026-05-03T12:07:04Z,24577,False,nchat,d99kris/nchat,git@github.com:d99kris/nchat.git,1726
MDEwOlJlcG9zaXRvcnkxNzE0NzcxNjA=,2019-02-19T13:20:28Z,2026-05-02T14:05:09Z,2026-05-02T14:05:05Z,118312,False,asvbm,zhuxiao/asvbm,git@github.com:zhuxiao/asvbm.git,5
MDEwOlJlcG9zaXRvcnkxNzE0NjY4MjA=,2019-02-19T12:06:05Z,2026-03-02T08:36:07Z,2026-03-02T08:36:04Z,1676,False,WebFront,ambroise-leclerc/WebFront,git@github.com:ambroise-leclerc/WebFront.git,19
MDEwOlJlcG9zaXRvcnkxNzE0NTMxNzA=,2019-02-19T10:24:29Z,2026-04-30T07:57:29Z,2026-04-30T08:09:24Z,4628,False,ilike,richardgeveritt/ilike,git@github.com:richardgeveritt/ilike.git,2
MDEwOlJlcG9zaXRvcnkxNzE0NDc5NzI=,2019-02-19T09:48:41Z,2026-05-06T03:00:09Z,2026-05-06T03:00:04Z,27,False,vfinance,vnsunday/vfinance,git@github.com:vnsunday/vfinance.git,0
MDEwOlJlcG9zaXRvcnkxNzE0MzU1ODg=,2019-02-19T08:29:16Z,2026-04-05T16:17:42Z,2026-03-24T20:58:40Z,786,False,Algorithm,Zagoshipda/Algorithm,git@github.com:Zagoshipda/Algorithm.git,3
MDEwOlJlcG9zaXRvcnkxNzEzNzIyNjk=,2019-02-18T23:36:51Z,2026-05-02T12:43:53Z,2026-04-20T06:34:28Z,6567,False,MegaCoreX,MCUdude/MegaCoreX,git@github.com:MCUdude/MegaCoreX.git,271
MDEwOlJlcG9zaXRvcnkxNzEzNjAzNzU=,2019-02-18T21:43:09Z,2026-05-01T10:17:48Z,2026-05-01T10:24:25Z,80513,True,partnerize-mobile-sdk-ios,PerformanceHorizonGroup/partnerize-mobile-sdk-ios,git@github.com:PerformanceHorizonGroup/partnerize-mobile-sdk-ios.git,3
MDEwOlJlcG9zaXRvcnkxNzEzNDc0OTg=,2019-02-18T19:58:06Z,2026-03-30T12:26:56Z,2026-03-30T12:26:53Z,15,False,Mlib,MyK00L/Mlib,git@github.com:MyK00L/Mlib.git,0
MDEwOlJlcG9zaXRvcnkxNzEzMzU2NDU=,2019-02-18T18:33:57Z,2026-03-08T09:18:17Z,2026-03-08T09:18:06Z,4462,False,mandelbulb,Knoblauchpilze/mandelbulb,git@github.com:Knoblauchpilze/mandelbulb.git,0
MDEwOlJlcG9zaXRvcnkxNzEzMjkzNzA=,2019-02-18T17:47:40Z,2026-05-07T08:02:34Z,2026-05-07T08:02:30Z,5818,False,cpp_courses,Szelethus/cpp_courses,git@github.com:Szelethus/cpp_courses.git,13
MDEwOlJlcG9zaXRvcnkxNzEyOTY3NTE=,2019-02-18T14:15:45Z,2026-04-29T20:49:39Z,2026-04-18T09:38:59Z,54,False,util_mmd,Silverlan/util_mmd,git@github.com:Silverlan/util_mmd.git,1
MDEwOlJlcG9zaXRvcnkxNzEyNzgxOTY=,2019-02-18T12:13:07Z,2026-05-03T10:13:54Z,2026-05-03T10:35:07Z,701358,True,TrinityCoreCustomChanges,TrinityCore/TrinityCoreCustomChanges,git@github.com:TrinityCore/TrinityCoreCustomChanges.git,80
MDEwOlJlcG9zaXRvcnkxNzEyNjgwNDM=,2019-02-18T11:01:39Z,2026-04-12T08:17:11Z,2026-04-12T08:17:06Z,800,False,cpp,jiaxianghao/cpp,git@github.com:jiaxianghao/cpp.git,0
MDEwOlJlcG9zaXRvcnkxNzEyNDgzNzg=,2019-02-18T08:55:28Z,2026-03-18T00:02:34Z,2026-03-18T00:02:30Z,34,False,coop_control,jimpark48/coop_control,git@github.com:jimpark48/coop_control.git,0
MDEwOlJlcG9zaXRvcnkxNzExODY1MTM=,2019-02-17T23:56:47Z,2026-04-20T10:13:25Z,2026-04-21T22:11:03Z,1804,False,rtpmidid,davidmoreno/rtpmidid,git@github.com:davidmoreno/rtpmidid.git,238
MDEwOlJlcG9zaXRvcnkxNzExNzU3NjY=,2019-02-17T21:42:09Z,2026-04-18T09:44:02Z,2026-04-18T09:43:58Z,109,False,util_zip,Silverlan/util_zip,git@github.com:Silverlan/util_zip.git,0
MDEwOlJlcG9zaXRvcnkxNzExNzQ4MDk=,2019-02-17T21:31:34Z,2026-04-07T12:04:47Z,2026-04-07T12:04:42Z,52096,False,PCSPK_pcm,nkp123/PCSPK_pcm,git@github.com:nkp123/PCSPK_pcm.git,10
MDEwOlJlcG9zaXRvcnkxNzExNjg4MTU=,2019-02-17T20:30:00Z,2026-04-18T09:37:34Z,2026-04-18T09:37:30Z,92,False,util_dmx,Silverlan/util_dmx,git@github.com:Silverlan/util_dmx.git,0
MDEwOlJlcG9zaXRvcnkxNzExNjg3NTQ=,2019-02-17T20:29:32Z,2026-04-18T09:36:45Z,2026-04-18T09:36:41Z,127,False,util_archive,Silverlan/util_archive,git@github.com:Silverlan/util_archive.git,3
MDEwOlJlcG9zaXRvcnkxNzExNjg3Mzg=,2019-02-17T20:29:23Z,2026-03-08T15:06:17Z,2026-03-08T15:06:12Z,401,True,osm-postgresql-experiments,osmcode/osm-postgresql-experiments,git@github.com:osmcode/osm-postgresql-experiments.git,7
MDEwOlJlcG9zaXRvcnkxNzExNjc0MDY=,2019-02-17T20:15:54Z,2026-04-18T09:31:28Z,2026-04-18T09:31:24Z,112,False,iglfw,Silverlan/iglfw,git@github.com:Silverlan/iglfw.git,2
MDEwOlJlcG9zaXRvcnkxNzExNjY5OTc=,2019-02-17T20:11:58Z,2026-03-17T05:30:16Z,2026-03-16T22:31:48Z,12718,True,cldr_collation,elixir-cldr/cldr_collation,git@github.com:elixir-cldr/cldr_collation.git,6
MDEwOlJlcG9zaXRvcnkxNzExNjY2MDg=,2019-02-17T20:07:54Z,2026-05-06T12:35:45Z,2026-05-06T12:35:41Z,1122,False,wgui,Silverlan/wgui,git@github.com:Silverlan/wgui.git,7
MDEwOlJlcG9zaXRvcnkxNzExNTg0MTM=,2019-02-17T18:45:11Z,2026-05-06T16:03:29Z,2026-05-06T16:02:15Z,13042,True,slidescape,amspath/slidescape,git@github.com:amspath/slidescape.git,31
MDEwOlJlcG9zaXRvcnkxNzExNTgwODc=,2019-02-17T18:42:01Z,2026-04-18T09:33:17Z,2026-04-18T09:33:12Z,724,False,materialsystem,Silverlan/materialsystem,git@github.com:Silverlan/materialsystem.git,4
MDEwOlJlcG9zaXRvcnkxNzExNTc0ODg=,2019-02-17T18:36:23Z,2026-04-12T13:28:54Z,2026-04-12T13:28:46Z,185,False,luasystem,Silverlan/luasystem,git@github.com:Silverlan/luasystem.git,2
MDEwOlJlcG9zaXRvcnkxNzExNTY4Nzg=,2019-02-17T18:30:16Z,2026-04-18T09:30:14Z,2026-04-18T09:30:10Z,82,False,datasystem,Silverlan/datasystem,git@github.com:Silverlan/datasystem.git,2
MDEwOlJlcG9zaXRvcnkxNzExNTQ4NDg=,2019-02-17T18:10:02Z,2026-04-29T10:30:55Z,2026-04-18T17:32:51Z,109405,True,kleiner-brauhelfer-2,kleiner-brauhelfer/kleiner-brauhelfer-2,git@github.com:kleiner-brauhelfer/kleiner-brauhelfer-2.git,96
MDEwOlJlcG9zaXRvcnkxNzExNTMzOTI=,2019-02-17T17:55:28Z,2026-04-18T19:34:53Z,2026-04-18T19:34:50Z,230,False,vfilesystem,Silverlan/vfilesystem,git@github.com:Silverlan/vfilesystem.git,1
MDEwOlJlcG9zaXRvcnkxNzExNDc1MDY=,2019-02-17T16:57:58Z,2026-04-30T18:20:12Z,2026-04-30T18:19:13Z,791,False,sharedutils,Silverlan/sharedutils,git@github.com:Silverlan/sharedutils.git,4
MDEwOlJlcG9zaXRvcnkxNzExNDc0Mjc=,2019-02-17T16:57:12Z,2026-04-29T19:13:02Z,2026-04-29T19:12:59Z,488,False,mathutil,Silverlan/mathutil,git@github.com:Silverlan/mathutil.git,6
MDEwOlJlcG9zaXRvcnkxNzExNDY5Nzc=,2019-02-17T16:53:10Z,2026-05-07T07:35:08Z,2026-05-07T08:04:26Z,1742,False,EvidentaFiscala,cristeab/EvidentaFiscala,git@github.com:cristeab/EvidentaFiscala.git,1
MDEwOlJlcG9zaXRvcnkxNzExNDAzNDE=,2019-02-17T15:49:50Z,2026-04-27T10:07:07Z,2026-05-07T09:03:10Z,173514,True,Multilayout-ESP-Wordclock,ESPWortuhr/Multilayout-ESP-Wordclock,git@github.com:ESPWortuhr/Multilayout-ESP-Wordclock.git,176
MDEwOlJlcG9zaXRvcnkxNzExNDAzMDA=,2019-02-17T15:49:21Z,2026-03-15T20:37:03Z,2026-03-15T20:36:59Z,30568,True,WordToVec-CPP,StarlangSoftware/WordToVec-CPP,git@github.com:StarlangSoftware/WordToVec-CPP.git,2
MDEwOlJlcG9zaXRvcnkxNzExNDAxNzg=,2019-02-17T15:48:18Z,2026-05-06T12:29:12Z,2026-05-06T12:29:07Z,1494,False,prosper,Silverlan/prosper,git@github.com:Silverlan/prosper.git,3
MDEwOlJlcG9zaXRvcnkxNzEwNTgxMDI=,2019-02-16T22:21:28Z,2026-04-30T00:06:04Z,2026-04-30T00:06:00Z,2629735,False,Competitive-Programming-Problems,indjev99/Competitive-Programming-Problems,git@github.com:indjev99/Competitive-Programming-Problems.git,2
MDEwOlJlcG9zaXRvcnkxNzEwMjI5NDY=,2019-02-16T16:09:59Z,2026-04-02T14:25:35Z,2026-04-02T14:27:53Z,639,False,LoggerClient,vitorjna/LoggerClient,git@github.com:vitorjna/LoggerClient.git,0
MDEwOlJlcG9zaXRvcnkxNzEwMTcxMTI=,2019-02-16T15:13:28Z,2026-04-12T05:37:45Z,2026-04-12T05:37:35Z,97562,False,CompetitiveProgrammingCodebook,jakao0907/CompetitiveProgrammingCodebook,git@github.com:jakao0907/CompetitiveProgrammingCodebook.git,18
MDEwOlJlcG9zaXRvcnkxNzA5OTU3MTk=,2019-02-16T11:23:32Z,2026-04-28T02:48:00Z,2026-04-28T02:47:56Z,53923,True,EzPC,mpc-msri/EzPC,git@github.com:mpc-msri/EzPC.git,447
MDEwOlJlcG9zaXRvcnkxNzA5NTc0MjU=,2019-02-16T03:17:03Z,2026-04-23T20:25:50Z,2026-04-23T20:25:45Z,3,False,vendor_mer_service_core_exchange,yagnikmer/vendor_mer_service_core_exchange,git@github.com:yagnikmer/vendor_mer_service_core_exchange.git,0
MDEwOlJlcG9zaXRvcnkxNzA5NDM3NDA=,2019-02-15T23:57:25Z,2026-05-06T15:45:41Z,2026-05-06T15:45:37Z,13064,True,olfsysm,ejhonglab/olfsysm,git@github.com:ejhonglab/olfsysm.git,0
MDEwOlJlcG9zaXRvcnkxNzA4OTMzOTM=,2019-02-15T16:17:11Z,2026-05-07T07:59:11Z,2026-03-23T14:59:58Z,93521,True,moveit2,moveit/moveit2,git@github.com:moveit/moveit2.git,1797
MDEwOlJlcG9zaXRvcnkxNzA4NDA0MjQ=,2019-02-15T09:45:28Z,2026-03-24T13:25:59Z,2026-03-26T19:26:31Z,259,True,libe2ee,telekom-mms/libe2ee,git@github.com:telekom-mms/libe2ee.git,1
MDEwOlJlcG9zaXRvcnkxNzA4MzIyNTU=,2019-02-15T08:50:13Z,2026-04-24T10:50:28Z,2026-04-24T10:50:23Z,99,True,cons,kernkonzept/cons,git@github.com:kernkonzept/cons.git,4
MDEwOlJlcG9zaXRvcnkxNzA4MTM1NDI=,2019-02-15T06:31:10Z,2026-04-24T03:45:13Z,2026-04-24T03:45:09Z,793,False,memo,krre/memo,git@github.com:krre/memo.git,2
MDEwOlJlcG9zaXRvcnkxNzA4MDg2ODQ=,2019-02-15T05:48:05Z,2026-05-07T08:54:11Z,2026-03-07T10:13:24Z,2249,False,rapfi,dhbloo/rapfi,git@github.com:dhbloo/rapfi.git,214
MDEwOlJlcG9zaXRvcnkxNzA4MDMyMzU=,2019-02-15T04:46:24Z,2026-05-04T15:17:10Z,2026-05-05T00:25:57Z,276422,True,magma,magma/magma,git@github.com:magma/magma.git,1832
MDEwOlJlcG9zaXRvcnkxNzA3OTI5MTc=,2019-02-15T02:58:16Z,2026-03-06T07:19:59Z,2026-03-06T07:19:55Z,32815,False,ciam-touch-rfid-btn-v3,EdwinKestler/ciam-touch-rfid-btn-v3,git@github.com:EdwinKestler/ciam-touch-rfid-btn-v3.git,0
MDEwOlJlcG9zaXRvcnkxNzA3NzMyMjU=,2019-02-14T23:37:45Z,2026-04-16T22:43:29Z,2026-04-16T22:43:26Z,996,False,GreenScreenVideotoAlphaPNGs,antoinebou12/GreenScreenVideotoAlphaPNGs,git@github.com:antoinebou12/GreenScreenVideotoAlphaPNGs.git,1
MDEwOlJlcG9zaXRvcnkxNzA3NTE5OTk=,2019-02-14T20:15:08Z,2026-05-05T14:38:09Z,2026-05-05T14:36:36Z,1892,False,mugi-query,mugiseyebrows/mugi-query,git@github.com:mugiseyebrows/mugi-query.git,14
MDEwOlJlcG9zaXRvcnkxNzA3MzgzMTA=,2019-02-14T18:25:54Z,2026-05-07T09:27:03Z,2026-05-07T09:12:43Z,32576,True,wallet-core,trustwallet/wallet-core,git@github.com:trustwallet/wallet-core.git,3508
MDEwOlJlcG9zaXRvcnkxNzA3MzE5NDE=,2019-02-14T17:38:01Z,2026-04-02T08:38:28Z,2026-05-06T23:10:28Z,86451,False,vcvrack-packone,stoermelder/vcvrack-packone,git@github.com:stoermelder/vcvrack-packone.git,196
MDEwOlJlcG9zaXRvcnkxNzA3MTU1NzM=,2019-02-14T15:43:12Z,2026-05-04T17:27:26Z,2026-04-04T00:15:58Z,1294,True,sys-clk,retronx-team/sys-clk,git@github.com:retronx-team/sys-clk.git,1120
MDEwOlJlcG9zaXRvcnkxNzA3MDYyMzc=,2019-02-14T14:42:00Z,2026-05-05T12:03:50Z,2026-04-13T18:42:48Z,345173,True,tmap,reymond-group/tmap,git@github.com:reymond-group/tmap.git,256
MDEwOlJlcG9zaXRvcnkxNzA2OTg2ODI=,2019-02-14T13:50:41Z,2026-04-20T07:06:23Z,2026-04-15T13:43:16Z,150297,True,ofxEmotiBit,EmotiBit/ofxEmotiBit,git@github.com:EmotiBit/ofxEmotiBit.git,42
MDEwOlJlcG9zaXRvcnkxNzA2OTcxODk=,2019-02-14T13:40:16Z,2026-03-05T08:57:35Z,2026-03-05T08:57:31Z,127764,True,rokoko-studio-live-unreal-engine,Rokoko/rokoko-studio-live-unreal-engine,git@github.com:Rokoko/rokoko-studio-live-unreal-engine.git,52
MDEwOlJlcG9zaXRvcnkxNzA2NTgzNjA=,2019-02-14T08:49:37Z,2026-04-17T00:28:44Z,2026-04-17T00:28:40Z,123,False,Pattern-Matching,Coding-Fusion/Pattern-Matching,git@github.com:Coding-Fusion/Pattern-Matching.git,0
MDEwOlJlcG9zaXRvcnkxNzA2NTA2MjQ=,2019-02-14T07:55:22Z,2026-04-21T19:04:32Z,2026-04-21T19:04:28Z,50,False,olcTests,tpseitz/olcTests,git@github.com:tpseitz/olcTests.git,0
MDEwOlJlcG9zaXRvcnkxNzA2MjYwNDc=,2019-02-14T04:17:30Z,2026-05-03T15:42:53Z,2026-05-03T16:08:26Z,540164,False,UXP,roytam1/UXP,git@github.com:roytam1/UXP.git,67
MDEwOlJlcG9zaXRvcnkxNzA2MjQ5ODI=,2019-02-14T04:05:53Z,2026-05-05T05:28:12Z,2026-05-05T05:28:09Z,1085,False,electromagnetic-robot,Andytule/electromagnetic-robot,git@github.com:Andytule/electromagnetic-robot.git,1
MDEwOlJlcG9zaXRvcnkxNzA2MDkwMTY=,2019-02-14T01:51:40Z,2026-04-10T18:57:48Z,2026-04-10T18:57:45Z,1210,False,fdbfs,jkominek/fdbfs,git@github.com:jkominek/fdbfs.git,15
MDEwOlJlcG9zaXRvcnkxNzA1NjY4NTY=,2019-02-13T19:29:23Z,2026-04-21T19:02:46Z,2026-04-21T19:02:42Z,162,False,Advance-Data-Structure,shiningflash/Advance-Data-Structure,git@github.com:shiningflash/Advance-Data-Structure.git,11
MDEwOlJlcG9zaXRvcnkxNzA1NTg1OTg=,2019-02-13T18:33:44Z,2026-03-23T17:23:27Z,2026-03-13T20:10:38Z,2894,False,PopIn,anaceiahasse/PopIn,git@github.com:anaceiahasse/PopIn.git,0
MDEwOlJlcG9zaXRvcnkxNzA1NDQxMzY=,2019-02-13T16:52:28Z,2026-04-22T18:01:54Z,2026-04-22T18:05:57Z,380,False,kaleidoscope,wiryls/kaleidoscope,git@github.com:wiryls/kaleidoscope.git,1
MDEwOlJlcG9zaXRvcnkxNzA1MjU2MDk=,2019-02-13T14:54:22Z,2026-05-06T20:26:39Z,2026-05-06T20:36:25Z,2659270,False,xtd,gammasoft71/xtd,git@github.com:gammasoft71/xtd.git,1149
MDEwOlJlcG9zaXRvcnkxNzA1MjUwMjA=,2019-02-13T14:50:37Z,2026-04-06T21:47:50Z,2026-04-06T21:47:53Z,205,True,gsd-vmd,mphowardlab/gsd-vmd,git@github.com:mphowardlab/gsd-vmd.git,20
MDEwOlJlcG9zaXRvcnkxNzA0OTY2Nzk=,2019-02-13T11:30:09Z,2026-05-06T16:57:08Z,2026-05-06T19:38:16Z,117225,False,pragma,Silverlan/pragma,git@github.com:Silverlan/pragma.git,240
MDEwOlJlcG9zaXRvcnkxNzA0ODQwNjc=,2019-02-13T09:58:41Z,2026-04-08T08:28:42Z,2026-04-30T13:05:33Z,183915,True,tascar,HoerTech-gGmbH/tascar,git@github.com:HoerTech-gGmbH/tascar.git,37
MDEwOlJlcG9zaXRvcnkxNzA0MzQyNDU=,2019-02-13T03:33:40Z,2026-05-04T01:45:14Z,2026-05-04T01:45:09Z,244131,False,GeometryKing,ChrisKing340/GeometryKing,git@github.com:ChrisKing340/GeometryKing.git,8
MDEwOlJlcG9zaXRvcnkxNzAzNzcyNjQ=,2019-02-12T19:22:31Z,2026-04-04T14:13:48Z,2026-05-01T00:32:28Z,619141,False,cmclient,citymania-org/cmclient,git@github.com:citymania-org/cmclient.git,34
MDEwOlJlcG9zaXRvcnkxNzAzNDM2MDU=,2019-02-12T15:39:38Z,2026-04-21T17:37:50Z,2026-04-21T17:37:46Z,2633,False,Spike,PredatorCZ/Spike,git@github.com:PredatorCZ/Spike.git,10
MDEwOlJlcG9zaXRvcnkxNzAzMjcxOTQ=,2019-02-12T13:57:15Z,2026-05-04T18:20:57Z,2026-05-03T02:57:43Z,232455,True,NBlood,NBlood/NBlood,git@github.com:NBlood/NBlood.git,766
MDEwOlJlcG9zaXRvcnkxNzAyOTkzNzQ=,2019-02-12T10:33:13Z,2026-03-05T19:25:52Z,2026-03-05T19:25:48Z,343,False,football_simulator,holoduke/football_simulator,git@github.com:holoduke/football_simulator.git,1
MDEwOlJlcG9zaXRvcnkxNzAyOTMzMzA=,2019-02-12T09:51:24Z,2026-05-06T21:22:16Z,2026-04-19T20:22:05Z,502156,False,D3D12_Research,simco50/D3D12_Research,git@github.com:simco50/D3D12_Research.git,787
MDEwOlJlcG9zaXRvcnkxNzAyNTUxNDM=,2019-02-12T05:02:26Z,2026-05-02T11:29:32Z,2026-04-15T11:11:18Z,66568,True,amsreader-firmware,UtilitechAS/amsreader-firmware,git@github.com:UtilitechAS/amsreader-firmware.git,453
MDEwOlJlcG9zaXRvcnkxNzAxODQzMzU=,2019-02-11T19:01:05Z,2026-04-14T17:02:03Z,2026-04-24T22:52:26Z,1481,True,fb-ipmi-oem,openbmc/fb-ipmi-oem,git@github.com:openbmc/fb-ipmi-oem.git,1
MDEwOlJlcG9zaXRvcnkxNzAxNDE0NDk=,2019-02-11T14:21:22Z,2026-04-22T02:15:33Z,2026-04-08T21:01:41Z,3482,True,genmc,MPI-SWS/genmc,git@github.com:MPI-SWS/genmc.git,198
MDEwOlJlcG9zaXRvcnkxNzAwOTk2Mzk=,2019-02-11T09:12:16Z,2026-05-07T02:26:04Z,2026-04-20T15:18:05Z,13384,True,rlottie,Samsung/rlottie,git@github.com:Samsung/rlottie.git,1395
MDEwOlJlcG9zaXRvcnkxNzAwODUxNDU=,2019-02-11T07:22:06Z,2026-05-01T10:50:49Z,2026-04-06T07:21:54Z,8316,True,eagleye,MapIV/eagleye,git@github.com:MapIV/eagleye.git,749
MDEwOlJlcG9zaXRvcnkxNzAwNjc2NTk=,2019-02-11T04:27:01Z,2026-04-29T18:06:03Z,2026-04-29T18:05:59Z,41275,False,exercism,pdmoore/exercism,git@github.com:pdmoore/exercism.git,0
MDEwOlJlcG9zaXRvcnkxNzAwMzg0MDU=,2019-02-10T23:13:11Z,2026-04-28T12:54:09Z,2026-03-30T01:05:07Z,654,True,hanimandl,hiveeyes/hanimandl,git@github.com:hiveeyes/hanimandl.git,54
MDEwOlJlcG9zaXRvcnkxNzAwMDE5ODA=,2019-02-10T16:58:19Z,2026-04-08T12:40:39Z,2026-04-08T12:40:34Z,15304,False,Basic_OpenCV,ElektrischesSchaf/Basic_OpenCV,git@github.com:ElektrischesSchaf/Basic_OpenCV.git,0
MDEwOlJlcG9zaXRvcnkxNjk5OTMyMjQ=,2019-02-10T15:32:58Z,2026-04-29T11:00:39Z,2026-04-14T00:24:36Z,6443,False,cshogi,TadaoYamaoka/cshogi,git@github.com:TadaoYamaoka/cshogi.git,153
MDEwOlJlcG9zaXRvcnkxNjk5OTE2NzM=,2019-02-10T15:17:58Z,2026-05-05T13:20:30Z,2026-05-05T13:45:07Z,3820,False,Shuttle-FDO-MFD,indy91/Shuttle-FDO-MFD,git@github.com:indy91/Shuttle-FDO-MFD.git,11
MDEwOlJlcG9zaXRvcnkxNjk5NDQ5OTI=,2019-02-10T05:06:31Z,2026-05-02T14:01:58Z,2026-05-01T12:46:15Z,9973,True,DiligentFX,DiligentGraphics/DiligentFX,git@github.com:DiligentGraphics/DiligentFX.git,415
MDEwOlJlcG9zaXRvcnkxNjk5MDc1MzU=,2019-02-09T19:57:30Z,2026-04-25T09:33:03Z,2026-04-25T09:33:00Z,44,False,workplace,macrosoft/workplace,git@github.com:macrosoft/workplace.git,0
MDEwOlJlcG9zaXRvcnkxNjk5MDUxMzg=,2019-02-09T19:31:17Z,2026-05-04T13:16:50Z,2026-05-04T13:16:46Z,1929,False,Cflat,arturocepeda/Cflat,git@github.com:arturocepeda/Cflat.git,73
MDEwOlJlcG9zaXRvcnkxNjk4ODkxOTQ=,2019-02-09T16:52:45Z,2026-04-24T20:58:04Z,2026-04-24T20:58:00Z,376,False,wozzle,JorjBauer/wozzle,git@github.com:JorjBauer/wozzle.git,1
MDEwOlJlcG9zaXRvcnkxNjk4MTg5Mzg=,2019-02-09T01:00:46Z,2026-04-04T04:16:49Z,2026-04-04T04:16:45Z,341,False,LIT-Yr3-DigitalGameProgramming,joeaoregan/LIT-Yr3-DigitalGameProgramming,git@github.com:joeaoregan/LIT-Yr3-DigitalGameProgramming.git,2
MDEwOlJlcG9zaXRvcnkxNjk4MDIxNjA=,2019-02-08T21:35:58Z,2026-04-04T06:02:45Z,2026-04-04T06:02:41Z,27987,False,LIT-Yr3-AdvancedDigitalGameProgramming,joeaoregan/LIT-Yr3-AdvancedDigitalGameProgramming,git@github.com:joeaoregan/LIT-Yr3-AdvancedDigitalGameProgramming.git,2
MDEwOlJlcG9zaXRvcnkxNjk3NjMwMTI=,2019-02-08T16:18:51Z,2026-04-14T21:34:45Z,2026-04-14T21:34:41Z,436,False,networking,20k/networking,git@github.com:20k/networking.git,0
MDEwOlJlcG9zaXRvcnkxNjk3NTA1MTI=,2019-02-08T14:54:33Z,2026-04-17T13:41:18Z,2026-04-11T20:54:59Z,164,False,fastmod,lemire/fastmod,git@github.com:lemire/fastmod.git,345
MDEwOlJlcG9zaXRvcnkxNjk3MTQ0OTM=,2019-02-08T09:56:05Z,2026-03-21T23:11:42Z,2026-03-21T23:11:39Z,98063,False,LIT-Yr3-Project-Antibody,joeaoregan/LIT-Yr3-Project-Antibody,git@github.com:joeaoregan/LIT-Yr3-Project-Antibody.git,2
MDEwOlJlcG9zaXRvcnkxNjk2NzgxMjA=,2019-02-08T03:07:23Z,2026-03-22T14:46:26Z,2026-03-22T14:46:22Z,199689,True,Electronics,KnoxMakers/Electronics,git@github.com:KnoxMakers/Electronics.git,3
MDEwOlJlcG9zaXRvcnkxNjk2NTg0ODI=,2019-02-07T23:22:29Z,2026-04-13T21:05:02Z,2026-04-13T21:04:54Z,66569,False,HLML,dangmoody/HLML,git@github.com:dangmoody/HLML.git,25
MDEwOlJlcG9zaXRvcnkxNjk2NTYyNjY=,2019-02-07T23:00:27Z,2026-04-04T21:31:16Z,2026-04-04T21:31:14Z,16871,False,pdp-archive.github.io,pdp-archive/pdp-archive.github.io,git@github.com:pdp-archive/pdp-archive.github.io.git,23
MDEwOlJlcG9zaXRvcnkxNjk2NDIwNzM=,2019-02-07T21:02:31Z,2026-04-07T15:16:16Z,2026-04-07T15:15:52Z,2251,False,neos,i42output/neos,git@github.com:i42output/neos.git,54
MDEwOlJlcG9zaXRvcnkxNjk2MzczODI=,2019-02-07T20:27:03Z,2026-04-20T15:46:24Z,2026-04-20T15:46:19Z,87603,False,rmdcev,plloydsmith/rmdcev,git@github.com:plloydsmith/rmdcev.git,13
MDEwOlJlcG9zaXRvcnkxNjk1NTU1ODg=,2019-02-07T10:39:32Z,2026-04-17T18:15:07Z,2026-04-17T18:15:01Z,4124,False,hera,anigmetov/hera,git@github.com:anigmetov/hera.git,5
MDEwOlJlcG9zaXRvcnkxNjk0NTc2Mzk=,2019-02-06T18:46:36Z,2026-05-01T06:33:59Z,2026-05-05T16:02:45Z,2146585,True,llvm-project,CTSRD-CHERI/llvm-project,git@github.com:CTSRD-CHERI/llvm-project.git,70
MDEwOlJlcG9zaXRvcnkxNjk0MjI3ODA=,2019-02-06T14:55:19Z,2026-04-22T23:40:05Z,2026-05-05T19:23:42Z,214344,False,xdiag,awietek/xdiag,git@github.com:awietek/xdiag.git,60
MDEwOlJlcG9zaXRvcnkxNjk0MDMwNTg=,2019-02-06T12:32:28Z,2026-05-05T14:55:54Z,2026-05-05T13:48:30Z,652,True,freeswitch-mod-grpc,webitel/freeswitch-mod-grpc,git@github.com:webitel/freeswitch-mod-grpc.git,4
MDEwOlJlcG9zaXRvcnkxNjkzNjk0MTc=,2019-02-06T07:27:37Z,2026-04-11T07:20:58Z,2026-04-11T07:20:46Z,4270,False,quark,Qartar/quark,git@github.com:Qartar/quark.git,0
MDEwOlJlcG9zaXRvcnkxNjkzMzk4NDc=,2019-02-06T01:24:42Z,2026-04-27T14:32:16Z,2026-05-05T02:21:22Z,152,False,deferred,ipapadop/deferred,git@github.com:ipapadop/deferred.git,1
MDEwOlJlcG9zaXRvcnkxNjkzMjcwMzQ=,2019-02-05T23:06:51Z,2026-05-06T17:43:17Z,2026-05-06T17:43:12Z,367660,False,ImageLab,MaratShch/ImageLab,git@github.com:MaratShch/ImageLab.git,2
MDEwOlJlcG9zaXRvcnkxNjkzMjM2NDM=,2019-02-05T22:32:47Z,2026-05-02T18:36:02Z,2026-04-07T07:29:49Z,35579,False,NxNandManager,eliboa/NxNandManager,git@github.com:eliboa/NxNandManager.git,939
MDEwOlJlcG9zaXRvcnkxNjkyNzgyODg=,2019-02-05T17:04:20Z,2026-05-06T15:04:00Z,2026-05-06T14:51:41Z,1527,False,LeetCode,DenisDesimon/LeetCode,git@github.com:DenisDesimon/LeetCode.git,0
MDEwOlJlcG9zaXRvcnkxNjkxNjIwODA=,2019-02-04T22:49:22Z,2026-04-02T22:29:14Z,2026-04-02T22:29:09Z,64951,False,DISSCO-2.0.2,tipei/DISSCO-2.0.2,git@github.com:tipei/DISSCO-2.0.2.git,13
MDEwOlJlcG9zaXRvcnkxNjkxMTY0Mjc=,2019-02-04T17:14:48Z,2026-04-28T15:45:18Z,2026-04-28T15:45:15Z,178,False,midi-footswitch,offa/midi-footswitch,git@github.com:offa/midi-footswitch.git,5
MDEwOlJlcG9zaXRvcnkxNjkwNzYxNzE=,2019-02-04T12:37:20Z,2026-05-06T13:15:23Z,2026-05-07T08:07:50Z,3877818,True,hal,emsec/hal,git@github.com:emsec/hal.git,800
MDEwOlJlcG9zaXRvcnkxNjkwNjQxMTc=,2019-02-04T10:48:18Z,2026-05-06T18:10:07Z,2026-05-06T18:10:27Z,13200,True,mudirac,muon-spectroscopy-computational-project/mudirac,git@github.com:muon-spectroscopy-computational-project/mudirac.git,6
MDEwOlJlcG9zaXRvcnkxNjkwMjQwNTQ=,2019-02-04T03:47:35Z,2026-04-21T03:55:22Z,2026-04-21T03:57:27Z,7244,True,siege-studio,open-siege/siege-studio,git@github.com:open-siege/siege-studio.git,10
MDEwOlJlcG9zaXRvcnkxNjg5OTE0NDU=,2019-02-03T20:44:23Z,2026-04-16T14:45:56Z,2026-04-16T14:45:16Z,1262,False,euler_kokkos,pkestene/euler_kokkos,git@github.com:pkestene/euler_kokkos.git,39
MDEwOlJlcG9zaXRvcnkxNjg5ODM2MzY=,2019-02-03T19:22:13Z,2026-04-04T11:35:44Z,2026-04-04T11:35:41Z,17,False,pcreator,roland-wolf/pcreator,git@github.com:roland-wolf/pcreator.git,0
MDEwOlJlcG9zaXRvcnkxNjg5NjIwMzk=,2019-02-03T15:49:38Z,2026-04-22T05:39:23Z,2026-04-22T03:34:03Z,586,False,icecream-cpp,renatoGarcia/icecream-cpp,git@github.com:renatoGarcia/icecream-cpp.git,739
MDEwOlJlcG9zaXRvcnkxNjg5MzE3NjE=,2019-02-03T10:05:31Z,2026-04-30T14:44:25Z,2026-04-16T12:36:13Z,50,False,lidar_localizer,rsasaki0109/lidar_localizer,git@github.com:rsasaki0109/lidar_localizer.git,189
MDEwOlJlcG9zaXRvcnkxNjg5MDc2MDY=,2019-02-03T04:03:15Z,2026-04-10T18:25:19Z,2026-03-12T22:26:45Z,893,True,qpdf,ropensci/qpdf,git@github.com:ropensci/qpdf.git,62
MDEwOlJlcG9zaXRvcnkxNjg4OTAyOTI=,2019-02-02T23:37:44Z,2026-04-02T16:54:56Z,2026-04-02T16:54:51Z,33444,False,E3Dos,vladaionescu/E3Dos,git@github.com:vladaionescu/E3Dos.git,57
MDEwOlJlcG9zaXRvcnkxNjg4NzgyMzQ=,2019-02-02T21:06:42Z,2026-03-07T20:10:21Z,2026-03-07T20:10:17Z,1383,False,m2lang,redstar/m2lang,git@github.com:redstar/m2lang.git,74
MDEwOlJlcG9zaXRvcnkxNjg4NjkzNjE=,2019-02-02T19:30:23Z,2026-03-09T15:55:50Z,2026-03-09T15:55:47Z,64,False,essentials,jermp/essentials,git@github.com:jermp/essentials.git,14
MDEwOlJlcG9zaXRvcnkxNjg4NDc2ODg=,2019-02-02T15:48:35Z,2026-04-25T20:36:54Z,2026-04-25T09:11:48Z,1359,True,node-sword-interface,ezra-bible-app/node-sword-interface,git@github.com:ezra-bible-app/node-sword-interface.git,29
MDEwOlJlcG9zaXRvcnkxNjg4MzY1NDQ=,2019-02-02T13:51:41Z,2026-04-02T16:01:11Z,2026-04-02T16:00:37Z,3034,False,gmorph,kanait/gmorph,git@github.com:kanait/gmorph.git,11
MDEwOlJlcG9zaXRvcnkxNjg4MzUwMDU=,2019-02-02T13:33:37Z,2026-04-15T19:20:35Z,2026-04-15T19:20:30Z,2751,False,derivatives,andleb/derivatives,git@github.com:andleb/derivatives.git,18
MDEwOlJlcG9zaXRvcnkxNjg3OTEzMTc=,2019-02-02T03:47:35Z,2026-04-08T12:43:12Z,2026-04-08T12:43:03Z,2120,False,OpenCV_Feature_Transform,ElektrischesSchaf/OpenCV_Feature_Transform,git@github.com:ElektrischesSchaf/OpenCV_Feature_Transform.git,0
MDEwOlJlcG9zaXRvcnkxNjg3ODY2MDU=,2019-02-02T02:40:51Z,2026-04-08T12:35:34Z,2026-04-08T12:35:30Z,12755,False,Image_Segmentation_with_SVM,ElektrischesSchaf/Image_Segmentation_with_SVM,git@github.com:ElektrischesSchaf/Image_Segmentation_with_SVM.git,2
MDEwOlJlcG9zaXRvcnkxNjg3NzgwNDE=,2019-02-02T00:37:29Z,2026-03-23T20:46:39Z,2026-03-23T20:46:34Z,38979,True,libecs-cpp,metaverse-systems/libecs-cpp,git@github.com:metaverse-systems/libecs-cpp.git,0
MDEwOlJlcG9zaXRvcnkxNjg3NjU1MTc=,2019-02-01T21:58:25Z,2026-04-28T21:12:14Z,2026-03-13T16:50:42Z,266931,True,ambf,WPI-AIM/ambf,git@github.com:WPI-AIM/ambf.git,211
MDEwOlJlcG9zaXRvcnkxNjg3NjM4MTk=,2019-02-01T21:41:57Z,2026-03-03T17:11:53Z,2026-03-03T17:11:53Z,171,False,manda_coverage,rolker/manda_coverage,git@github.com:rolker/manda_coverage.git,6
MDEwOlJlcG9zaXRvcnkxNjg3NDY5MzQ=,2019-02-01T19:07:04Z,2026-04-07T14:48:13Z,2026-04-07T14:48:24Z,143,True,odbc-cpp-wrapper,SAP/odbc-cpp-wrapper,git@github.com:SAP/odbc-cpp-wrapper.git,52
MDEwOlJlcG9zaXRvcnkxNjg3Mzk5Nzc=,2019-02-01T18:10:28Z,2026-03-05T10:08:09Z,2026-03-05T10:08:05Z,25,False,ClunetMulticast,ar2rus/ClunetMulticast,git@github.com:ar2rus/ClunetMulticast.git,0
MDEwOlJlcG9zaXRvcnkxNjg3MjU4NzM=,2019-02-01T16:23:26Z,2026-04-30T22:59:29Z,2026-04-04T00:58:04Z,195446,False,vulkan,rendoir/vulkan,git@github.com:rendoir/vulkan.git,1
MDEwOlJlcG9zaXRvcnkxNjg2OTUwMDc=,2019-02-01T12:35:11Z,2026-04-26T05:00:23Z,2026-04-26T05:00:18Z,175,False,radix-97-iFFT,rewertynpl/radix-97-iFFT,git@github.com:rewertynpl/radix-97-iFFT.git,0
MDEwOlJlcG9zaXRvcnkxNjg2OTMzNDI=,2019-02-01T12:20:01Z,2026-04-24T17:49:54Z,2026-04-24T17:49:50Z,6708,False,competitive,mapramen/competitive,git@github.com:mapramen/competitive.git,0
MDEwOlJlcG9zaXRvcnkxNjg2NjQyNTA=,2019-02-01T08:12:38Z,2026-04-23T20:02:20Z,2026-04-23T20:02:01Z,648,True,hpp-bezier-com-traj,humanoid-path-planner/hpp-bezier-com-traj,git@github.com:humanoid-path-planner/hpp-bezier-com-traj.git,23
MDEwOlJlcG9zaXRvcnkxNjg2NDYxNDQ=,2019-02-01T05:16:04Z,2026-04-04T08:53:19Z,2026-04-04T08:53:14Z,8477,False,MeshToSS,kanait/MeshToSS,git@github.com:kanait/MeshToSS.git,0
MDEwOlJlcG9zaXRvcnkxNjg2NDU0Mjk=,2019-02-01T05:07:14Z,2026-04-11T01:34:08Z,2026-04-11T01:34:01Z,12664,False,parse.a.out,blurbdust/parse.a.out,git@github.com:blurbdust/parse.a.out.git,1
MDEwOlJlcG9zaXRvcnkxNjg1OTMzMjk=,2019-01-31T20:42:25Z,2026-03-01T18:49:28Z,2026-03-01T18:58:40Z,391,False,lziprecover-os2,Tellie/lziprecover-os2,git@github.com:Tellie/lziprecover-os2.git,3
MDEwOlJlcG9zaXRvcnkxNjg1Njc2NzQ=,2019-01-31T17:37:26Z,2026-03-19T16:37:33Z,2026-03-19T16:48:37Z,315,False,lzip-os2,Tellie/lzip-os2,git@github.com:Tellie/lzip-os2.git,2
MDEwOlJlcG9zaXRvcnkxNjg1NTUzOTI=,2019-01-31T16:17:50Z,2026-05-07T09:39:22Z,2026-04-26T13:42:44Z,53276,False,REFramework,praydog/REFramework,git@github.com:praydog/REFramework.git,5062
MDEwOlJlcG9zaXRvcnkxNjg1MjM0NDY=,2019-01-31T12:43:36Z,2026-05-06T15:12:53Z,2026-05-06T16:04:24Z,42016,False,esp-arduino-ebus,danielkucera/esp-arduino-ebus,git@github.com:danielkucera/esp-arduino-ebus.git,126
MDEwOlJlcG9zaXRvcnkxNjgzMTUyMTI=,2019-01-30T09:25:24Z,2026-05-07T09:50:45Z,2026-05-07T09:50:39Z,3569,True,EgilSCIM,Sambruk/EgilSCIM,git@github.com:Sambruk/EgilSCIM.git,5
MDEwOlJlcG9zaXRvcnkxNjgyNDE3MjM=,2019-01-29T22:46:36Z,2026-03-13T20:50:16Z,2026-03-13T20:50:12Z,1719,False,BusyBeaverFinder,erwinbonsma/BusyBeaverFinder,git@github.com:erwinbonsma/BusyBeaverFinder.git,1
MDEwOlJlcG9zaXRvcnkxNjgyMjgyMTg=,2019-01-29T21:03:08Z,2026-03-18T15:46:52Z,2026-03-18T15:59:06Z,508,True,ed25519cpp,dehancer/ed25519cpp,git@github.com:dehancer/ed25519cpp.git,19
MDEwOlJlcG9zaXRvcnkxNjgxOTgyMDA=,2019-01-29T17:36:13Z,2026-04-24T12:15:10Z,2026-04-27T14:10:34Z,47385,False,skptools,dsavinkin/skptools,git@github.com:dsavinkin/skptools.git,1
MDEwOlJlcG9zaXRvcnkxNjgxODczOTc=,2019-01-29T16:26:34Z,2026-05-03T17:39:36Z,2026-04-12T15:50:34Z,102,True,imgui_markdown,enkisoftware/imgui_markdown,git@github.com:enkisoftware/imgui_markdown.git,1313
MDEwOlJlcG9zaXRvcnkxNjgxNzM0Nzc=,2019-01-29T15:00:35Z,2026-04-07T12:28:50Z,2026-04-07T12:28:45Z,109107,False,igris,mirmik/igris,git@github.com:mirmik/igris.git,2
MDEwOlJlcG9zaXRvcnkxNjgxNDIzMjY=,2019-01-29T11:18:09Z,2026-04-14T04:29:27Z,2026-04-21T07:18:49Z,394610,True,ECOGEN,code-mphi/ECOGEN,git@github.com:code-mphi/ECOGEN.git,136
MDEwOlJlcG9zaXRvcnkxNjgxMjIwOTM=,2019-01-29T08:52:56Z,2026-05-04T13:02:06Z,2026-05-07T08:44:08Z,84379,True,ponca,poncateam/ponca,git@github.com:poncateam/ponca.git,48
MDEwOlJlcG9zaXRvcnkxNjgxMDM1ODI=,2019-01-29T06:39:51Z,2026-05-04T15:14:09Z,2026-05-04T15:17:37Z,12611,False,rnndescent,jlmelville/rnndescent,git@github.com:jlmelville/rnndescent.git,16
MDEwOlJlcG9zaXRvcnkxNjgwNjQ0ODM=,2019-01-29T01:03:32Z,2026-03-07T04:46:38Z,2026-03-07T04:46:34Z,4989,False,osgOcean,westshellX/osgOcean,git@github.com:westshellX/osgOcean.git,0
MDEwOlJlcG9zaXRvcnkxNjgwNTUyMzg=,2019-01-28T23:30:34Z,2026-05-07T07:02:57Z,2026-05-07T07:02:51Z,274066,True,tau2,UO-OACISS/tau2,git@github.com:UO-OACISS/tau2.git,47
MDEwOlJlcG9zaXRvcnkxNjgwMjk5MzI=,2019-01-28T20:15:14Z,2026-05-06T09:29:45Z,2026-05-07T10:40:33Z,31299,True,pldm,openbmc/pldm,git@github.com:openbmc/pldm.git,53
MDEwOlJlcG9zaXRvcnkxNjgwMjU4MzE=,2019-01-28T19:48:52Z,2026-05-07T01:14:39Z,2026-05-01T01:36:29Z,34094,True,oidn,RenderKit/oidn,git@github.com:RenderKit/oidn.git,2030
MDEwOlJlcG9zaXRvcnkxNjgwMjA5Mjk=,2019-01-28T19:16:45Z,2026-05-06T20:19:25Z,2026-05-06T21:38:49Z,104494,True,V2X-Hub,usdot-fhwa-OPS/V2X-Hub,git@github.com:usdot-fhwa-OPS/V2X-Hub.git,143
MDEwOlJlcG9zaXRvcnkxNjgwMDg3OTc=,2019-01-28T17:55:49Z,2026-05-07T11:18:37Z,2026-05-06T19:43:24Z,39966,True,calculator,microsoft/calculator,git@github.com:microsoft/calculator.git,30923
MDEwOlJlcG9zaXRvcnkxNjc5NjcwNTg=,2019-01-28T13:29:41Z,2026-05-07T01:36:26Z,2026-04-07T14:51:34Z,11526,False,KittyMemory,MJx0/KittyMemory,git@github.com:MJx0/KittyMemory.git,523
MDEwOlJlcG9zaXRvcnkxNjc5NjEzNTM=,2019-01-28T12:48:44Z,2026-04-26T13:03:57Z,2026-04-26T13:03:53Z,762,True,cpp-hash,pqrs-org/cpp-hash,git@github.com:pqrs-org/cpp-hash.git,0
MDEwOlJlcG9zaXRvcnkxNjc5NTgyMDY=,2019-01-28T12:24:22Z,2026-05-07T08:43:30Z,2026-03-06T08:54:06Z,103998,True,Ipopt,coin-or/Ipopt,git@github.com:coin-or/Ipopt.git,1743
MDEwOlJlcG9zaXRvcnkxNjc5MzUyMjM=,2019-01-28T09:32:15Z,2026-05-05T08:13:09Z,2026-05-05T08:46:40Z,5124,False,OMC,abra-code/OMC,git@github.com:abra-code/OMC.git,33
MDEwOlJlcG9zaXRvcnkxNjc5MTQyNzc=,2019-01-28T06:59:42Z,2026-03-21T17:29:12Z,2026-03-21T17:29:08Z,6083,False,coin-dev,dmitriy79/coin-dev,git@github.com:dmitriy79/coin-dev.git,0
MDEwOlJlcG9zaXRvcnkxNjc4OTE3OTM=,2019-01-28T03:17:23Z,2026-04-24T02:34:11Z,2026-04-24T02:34:07Z,20,False,text_buffer,ugur-koc/text_buffer,git@github.com:ugur-koc/text_buffer.git,0
MDEwOlJlcG9zaXRvcnkxNjc4Njk0OTM=,2019-01-27T23:11:17Z,2026-03-29T23:33:44Z,2026-03-29T23:36:38Z,2115,False,yae-level-converter,Blu2z/yae-level-converter,git@github.com:Blu2z/yae-level-converter.git,5
MDEwOlJlcG9zaXRvcnkxNjc4NDI5OTI=,2019-01-27T18:27:02Z,2026-03-31T02:06:15Z,2026-03-31T02:06:11Z,6,False,Arduino---StopStepFullTwoDirections,cyplesma/Arduino---StopStepFullTwoDirections,git@github.com:cyplesma/Arduino---StopStepFullTwoDirections.git,0
MDEwOlJlcG9zaXRvcnkxNjc4MzM5MTI=,2019-01-27T16:59:57Z,2026-04-18T14:10:45Z,2026-04-18T14:10:40Z,12629,False,sps30,paulvha/sps30,git@github.com:paulvha/sps30.git,67
MDEwOlJlcG9zaXRvcnkxNjc4MjgxNjU=,2019-01-27T16:06:20Z,2026-05-07T10:12:17Z,2026-05-07T07:54:50Z,103083,False,FTXUI,ArthurSonzogni/FTXUI,git@github.com:ArthurSonzogni/FTXUI.git,10075
MDEwOlJlcG9zaXRvcnkxNjc3ODA2Mzc=,2019-01-27T07:01:30Z,2026-05-05T16:50:52Z,2026-04-24T12:45:34Z,415,False,InfoNES,jay-kumogata/InfoNES,git@github.com:jay-kumogata/InfoNES.git,69
MDEwOlJlcG9zaXRvcnkxNjc3NzQwODc=,2019-01-27T05:35:55Z,2026-04-26T13:04:17Z,2026-04-26T13:04:14Z,1480,True,cpp-osx-chrono,pqrs-org/cpp-osx-chrono,git@github.com:pqrs-org/cpp-osx-chrono.git,1
MDEwOlJlcG9zaXRvcnkxNjc3NTY0NDE=,2019-01-27T01:10:38Z,2026-05-02T05:41:20Z,2026-05-02T05:41:18Z,202,False,webfuse,falk-werner/webfuse,git@github.com:falk-werner/webfuse.git,59
MDEwOlJlcG9zaXRvcnkxNjc3NTEyMDA=,2019-01-26T23:42:59Z,2026-05-05T02:50:00Z,2026-05-05T02:49:56Z,1074,False,elemental-gui,DCubix/elemental-gui,git@github.com:DCubix/elemental-gui.git,4
MDEwOlJlcG9zaXRvcnkxNjc3NDU4MDM=,2019-01-26T22:26:46Z,2026-04-28T09:48:48Z,2026-05-04T17:01:07Z,36641,False,TinyHippieEngine,deurell/TinyHippieEngine,git@github.com:deurell/TinyHippieEngine.git,0
MDEwOlJlcG9zaXRvcnkxNjc2ODMxMzk=,2019-01-26T11:51:27Z,2026-04-10T17:28:29Z,2026-04-10T17:28:24Z,52212,False,LightProjects,tigoe/LightProjects,git@github.com:tigoe/LightProjects.git,39
MDEwOlJlcG9zaXRvcnkxNjc2NjMwNzE=,2019-01-26T07:40:07Z,2026-05-07T03:16:27Z,2026-05-02T09:59:14Z,634,False,librime-lua,hchunhui/librime-lua,git@github.com:hchunhui/librime-lua.git,456
MDEwOlJlcG9zaXRvcnkxNjc2NjAzNzA=,2019-01-26T07:04:18Z,2026-04-12T07:05:00Z,2026-04-12T07:04:53Z,17779,False,CUDA,ankoorb/CUDA,git@github.com:ankoorb/CUDA.git,0
MDEwOlJlcG9zaXRvcnkxNjc2NTAyNDA=,2019-01-26T04:38:23Z,2026-04-27T13:43:47Z,2026-03-18T03:59:31Z,162,False,UnityAndroidIl2cppPatchDemo-libboostrap,noodle1983/UnityAndroidIl2cppPatchDemo-libboostrap,git@github.com:noodle1983/UnityAndroidIl2cppPatchDemo-libboostrap.git,125
MDEwOlJlcG9zaXRvcnkxNjc2MzQ0NDU=,2019-01-26T00:59:59Z,2026-05-06T10:12:41Z,2026-04-22T20:22:22Z,956348,False,raccoon,hugary1995/raccoon,git@github.com:hugary1995/raccoon.git,73
MDEwOlJlcG9zaXRvcnkxNjc2Mjk3ODA=,2019-01-25T23:55:35Z,2026-04-16T22:07:40Z,2026-05-04T20:36:50Z,33017,False,pml,vneiger/pml,git@github.com:vneiger/pml.git,25
MDEwOlJlcG9zaXRvcnkxNjc2MDUwOTQ=,2019-01-25T19:54:01Z,2026-03-15T20:39:01Z,2026-03-15T20:38:56Z,67277,True,Classification-CPP,StarlangSoftware/Classification-CPP,git@github.com:StarlangSoftware/Classification-CPP.git,7
MDEwOlJlcG9zaXRvcnkxNjc1OTE4Nzc=,2019-01-25T18:12:34Z,2026-04-27T17:26:30Z,2026-04-27T17:26:26Z,14045,False,ldpl,Lartu/ldpl,git@github.com:Lartu/ldpl.git,173
MDEwOlJlcG9zaXRvcnkxNjc1Nzk0OTE=,2019-01-25T16:39:36Z,2026-05-07T08:13:15Z,2026-05-07T08:13:11Z,260,False,tags,nicktrandafil/tags,git@github.com:nicktrandafil/tags.git,45
MDEwOlJlcG9zaXRvcnkxNjc1NjEyMzc=,2019-01-25T14:36:46Z,2026-04-06T14:35:33Z,2026-04-27T20:12:06Z,33830,False,SAFOR,DixelU/SAFOR,git@github.com:DixelU/SAFOR.git,7
MDEwOlJlcG9zaXRvcnkxNjc1NDA4ODE=,2019-01-25T12:01:26Z,2026-04-01T21:03:15Z,2026-04-01T21:03:10Z,1185,False,StellwerkQt,LLdaniel/StellwerkQt,git@github.com:LLdaniel/StellwerkQt.git,0
MDEwOlJlcG9zaXRvcnkxNjc1MzI0NzE=,2019-01-25T10:49:51Z,2026-04-23T02:20:57Z,2026-04-23T02:20:53Z,126,True,ITKThickness3D,InsightSoftwareConsortium/ITKThickness3D,git@github.com:InsightSoftwareConsortium/ITKThickness3D.git,42
MDEwOlJlcG9zaXRvcnkxNjc1MjkzNjE=,2019-01-25T10:24:37Z,2026-04-26T13:04:01Z,2026-04-26T13:03:58Z,1392,True,cpp-json,pqrs-org/cpp-json,git@github.com:pqrs-org/cpp-json.git,2
MDEwOlJlcG9zaXRvcnkxNjc0OTkxNTc=,2019-01-25T06:48:07Z,2026-05-07T08:22:28Z,2026-05-07T10:17:15Z,158101,True,tiflash,pingcap/tiflash,git@github.com:pingcap/tiflash.git,1016
MDEwOlJlcG9zaXRvcnkxNjc0OTcwNTQ=,2019-01-25T06:30:42Z,2026-03-16T15:50:56Z,2026-03-16T15:50:25Z,842,False,resource-management-console-game,arminasadeghi/resource-management-console-game,git@github.com:arminasadeghi/resource-management-console-game.git,0
MDEwOlJlcG9zaXRvcnkxNjc0Nzk3OTY=,2019-01-25T03:36:33Z,2026-05-01T14:25:49Z,2026-05-01T14:25:46Z,233,False,microbit-dstemp,bsiever/microbit-dstemp,git@github.com:bsiever/microbit-dstemp.git,5
MDEwOlJlcG9zaXRvcnkxNjczODI1ODA=,2019-01-24T14:39:59Z,2026-04-28T19:55:33Z,2026-04-20T13:59:53Z,121,False,FlexIO_t4,KurtE/FlexIO_t4,git@github.com:KurtE/FlexIO_t4.git,28
MDEwOlJlcG9zaXRvcnkxNjczNzEwNTg=,2019-01-24T13:21:01Z,2026-05-06T17:21:19Z,2026-05-06T17:20:12Z,37485,False,deepblog,EarthWind/deepblog,git@github.com:EarthWind/deepblog.git,2
MDEwOlJlcG9zaXRvcnkxNjczMjc5Nzc=,2019-01-24T08:05:26Z,2026-05-01T02:28:52Z,2026-05-01T02:32:07Z,10770,True,SpecUtils,sandialabs/SpecUtils,git@github.com:sandialabs/SpecUtils.git,40
MDEwOlJlcG9zaXRvcnkxNjczMDkxMDY=,2019-01-24T05:31:47Z,2026-04-13T06:02:31Z,2026-03-11T01:33:32Z,313,False,UOCTE,TSchlosser13/UOCTE,git@github.com:TSchlosser13/UOCTE.git,7
MDEwOlJlcG9zaXRvcnkxNjcyNzQ0NjY=,2019-01-24T00:22:13Z,2026-04-30T20:58:20Z,2026-04-30T20:58:13Z,490,False,termine,libelle17/termine,git@github.com:libelle17/termine.git,0
MDEwOlJlcG9zaXRvcnkxNjcyNjQ2NzM=,2019-01-23T22:35:05Z,2026-04-02T02:44:02Z,2026-04-02T02:43:58Z,309,False,recfast-cplusplus,DonaldAirey/recfast-cplusplus,git@github.com:DonaldAirey/recfast-cplusplus.git,0
MDEwOlJlcG9zaXRvcnkxNjcyMTc5OTE=,2019-01-23T16:47:33Z,2026-04-30T16:26:55Z,2026-04-30T16:26:16Z,87443,True,freud,glotzerlab/freud,git@github.com:glotzerlab/freud.git,319
MDEwOlJlcG9zaXRvcnkxNjcyMDQ5Mjk=,2019-01-23T15:23:27Z,2026-04-21T11:46:48Z,2026-04-27T18:27:19Z,554,True,containers,GMLC-TDC/containers,git@github.com:GMLC-TDC/containers.git,3
MDEwOlJlcG9zaXRvcnkxNjcxNTU4NzU=,2019-01-23T09:30:31Z,2026-03-18T08:37:33Z,2026-05-04T09:22:11Z,215075,False,SAFC,DixelU/SAFC,git@github.com:DixelU/SAFC.git,11
MDEwOlJlcG9zaXRvcnkxNjcxMzIzNjU=,2019-01-23T06:47:30Z,2026-04-30T13:07:35Z,2026-04-30T13:07:30Z,943,False,Intern,RudnetsDmitry/Intern,git@github.com:RudnetsDmitry/Intern.git,0
MDEwOlJlcG9zaXRvcnkxNjcwNjQ1ODM=,2019-01-22T20:45:35Z,2026-04-20T21:59:43Z,2026-04-20T21:59:39Z,28063,False,arduino-door-monitor,hayden-t/arduino-door-monitor,git@github.com:hayden-t/arduino-door-monitor.git,0
MDEwOlJlcG9zaXRvcnkxNjcwNTQwMTA=,2019-01-22T19:28:11Z,2026-03-19T18:55:58Z,2026-03-19T18:55:52Z,181,True,cppdict,LaboratoryOfPlasmaPhysics/cppdict,git@github.com:LaboratoryOfPlasmaPhysics/cppdict.git,6
MDEwOlJlcG9zaXRvcnkxNjcwMDkwMzg=,2019-01-22T14:34:25Z,2026-04-16T07:01:04Z,2026-04-16T09:20:38Z,1647,True,smbios-mdr,openbmc/smbios-mdr,git@github.com:openbmc/smbios-mdr.git,8
MDEwOlJlcG9zaXRvcnkxNjY5OTU1NTk=,2019-01-22T13:05:16Z,2026-04-18T17:46:10Z,2026-04-18T17:46:04Z,47,False,TcpServer,zhangke96/TcpServer,git@github.com:zhangke96/TcpServer.git,4
MDEwOlJlcG9zaXRvcnkxNjY5NzcxMDM=,2019-01-22T10:46:22Z,2026-04-14T10:09:27Z,2026-04-14T10:09:22Z,26299,False,baggianalysis,lorenzo-rovigatti/baggianalysis,git@github.com:lorenzo-rovigatti/baggianalysis.git,7
MDEwOlJlcG9zaXRvcnkxNjY5NjM5OTU=,2019-01-22T09:17:27Z,2026-05-07T07:15:36Z,2026-05-07T07:15:27Z,66855,False,CplusplusAlgorithms,VelluVu/CplusplusAlgorithms,git@github.com:VelluVu/CplusplusAlgorithms.git,0
MDEwOlJlcG9zaXRvcnkxNjY5Mjk5MDM=,2019-01-22T04:57:39Z,2026-04-07T19:55:21Z,2026-04-07T19:55:16Z,358,False,N64_ASM_Videos,fraser125/N64_ASM_Videos,git@github.com:fraser125/N64_ASM_Videos.git,30
MDEwOlJlcG9zaXRvcnkxNjY4Nzg3Nzg=,2019-01-21T20:49:50Z,2026-03-17T12:31:15Z,2026-03-17T12:31:11Z,18176,True,EnglishPosTagger-CPP,StarlangSoftware/EnglishPosTagger-CPP,git@github.com:StarlangSoftware/EnglishPosTagger-CPP.git,3
MDEwOlJlcG9zaXRvcnkxNjY4NjY2MzE=,2019-01-21T19:14:52Z,2026-03-07T04:42:24Z,2026-03-07T04:42:21Z,8682,False,SDL-BASIC,silver-yar/SDL-BASIC,git@github.com:silver-yar/SDL-BASIC.git,0
MDEwOlJlcG9zaXRvcnkxNjY4NTIwMTU=,2019-01-21T17:18:37Z,2026-04-23T10:26:31Z,2026-04-23T10:26:27Z,266,True,ECTElster,Thomas-Mielke-Software/ECTElster,git@github.com:Thomas-Mielke-Software/ECTElster.git,2
MDEwOlJlcG9zaXRvcnkxNjY4MDY0NDg=,2019-01-21T11:56:59Z,2026-05-06T08:41:17Z,2026-05-06T08:41:12Z,80787,False,ChineseChess,XMuli/ChineseChess,git@github.com:XMuli/ChineseChess.git,816
MDEwOlJlcG9zaXRvcnkxNjY3NzQ3MTk=,2019-01-21T08:17:39Z,2026-05-05T15:18:17Z,2026-05-05T15:18:01Z,5628,True,SKIRT9,SKIRT/SKIRT9,git@github.com:SKIRT/SKIRT9.git,54
MDEwOlJlcG9zaXRvcnkxNjY3MDYxMjY=,2019-01-20T20:29:49Z,2026-04-11T14:52:28Z,2026-04-11T15:06:12Z,1737,False,pvr.waipu,flubshi/pvr.waipu,git@github.com:flubshi/pvr.waipu.git,35
MDEwOlJlcG9zaXRvcnkxNjY2NTk4MjY=,2019-01-20T12:40:49Z,2026-03-18T17:11:26Z,2026-03-18T17:11:22Z,69,False,kay,fbrausse/kay,git@github.com:fbrausse/kay.git,0
MDEwOlJlcG9zaXRvcnkxNjY2MTE2NzQ=,2019-01-20T01:31:39Z,2026-05-01T12:22:08Z,2026-05-01T12:22:02Z,150007,False,orbiter-sr71r,BMCDad/orbiter-sr71r,git@github.com:BMCDad/orbiter-sr71r.git,3
MDEwOlJlcG9zaXRvcnkxNjY1OTg1NTc=,2019-01-19T22:08:11Z,2026-05-03T19:18:44Z,2026-05-03T19:18:41Z,1390,True,jpegls-wic-codec,team-charls/jpegls-wic-codec,git@github.com:team-charls/jpegls-wic-codec.git,13
MDEwOlJlcG9zaXRvcnkxNjY1NjA1NTA=,2019-01-19T15:16:54Z,2026-04-14T08:59:57Z,2026-04-14T08:59:53Z,18904,True,unodb,unodb-dev/unodb,git@github.com:unodb-dev/unodb.git,52
MDEwOlJlcG9zaXRvcnkxNjY1MDU4Njg=,2019-01-19T04:27:36Z,2026-05-04T15:06:38Z,2026-03-02T00:07:26Z,1028,False,leetcode,virtyaluk/leetcode,git@github.com:virtyaluk/leetcode.git,6
MDEwOlJlcG9zaXRvcnkxNjY0ODUzODE=,2019-01-18T23:30:05Z,2026-03-22T11:20:00Z,2026-04-13T13:56:28Z,17233,True,desktop,dragondropteam/desktop,git@github.com:dragondropteam/desktop.git,2
MDEwOlJlcG9zaXRvcnkxNjY0ODI1MDM=,2019-01-18T22:52:00Z,2026-03-22T06:39:53Z,2026-03-22T06:39:50Z,743,False,moba-lib-msghandling,papparazzo/moba-lib-msghandling,git@github.com:papparazzo/moba-lib-msghandling.git,0
MDEwOlJlcG9zaXRvcnkxNjY0MjU3MzI=,2019-01-18T15:30:01Z,2026-03-04T15:22:27Z,2026-03-13T10:21:57Z,418,True,performance-test,FEniCS/performance-test,git@github.com:FEniCS/performance-test.git,20
MDEwOlJlcG9zaXRvcnkxNjY0MjQ4Nzc=,2019-01-18T15:23:53Z,2026-04-16T09:02:28Z,2026-04-16T09:02:24Z,1,False,BurgerQuizz,a-elkaim/BurgerQuizz,git@github.com:a-elkaim/BurgerQuizz.git,0
MDEwOlJlcG9zaXRvcnkxNjYzODM2MTA=,2019-01-18T09:56:25Z,2026-05-04T09:09:35Z,2026-05-07T05:39:54Z,14152,False,qdmr,hmatuschek/qdmr,git@github.com:hmatuschek/qdmr.git,326
MDEwOlJlcG9zaXRvcnkxNjYzNTQ1ODE=,2019-01-18T06:20:35Z,2026-03-15T20:36:47Z,2026-03-15T20:36:44Z,13631,True,TurkishNamedEntityRecognition-CPP,StarlangSoftware/TurkishNamedEntityRecognition-CPP,git@github.com:StarlangSoftware/TurkishNamedEntityRecognition-CPP.git,2
MDEwOlJlcG9zaXRvcnkxNjYzMzg4MzQ=,2019-01-18T03:37:45Z,2026-04-27T11:34:52Z,2026-04-27T11:34:48Z,5671,True,out_notsoasio,WACUP/out_notsoasio,git@github.com:WACUP/out_notsoasio.git,5
MDEwOlJlcG9zaXRvcnkxNjYzMTA5Mzc=,2019-01-17T23:16:29Z,2026-04-14T02:44:30Z,2026-04-27T20:18:14Z,2482,True,celerite2,exoplanet-dev/celerite2,git@github.com:exoplanet-dev/celerite2.git,83
MDEwOlJlcG9zaXRvcnkxNjYyOTkxNjI=,2019-01-17T21:25:25Z,2026-03-11T22:00:57Z,2026-03-11T22:11:38Z,106562,True,oxfplayer,onvif/oxfplayer,git@github.com:onvif/oxfplayer.git,58
MDEwOlJlcG9zaXRvcnkxNjYyNTY4OTM=,2019-01-17T16:20:40Z,2026-05-04T12:14:52Z,2026-05-04T12:14:48Z,3293,False,libra,hos-lyric/libra,git@github.com:hos-lyric/libra.git,54
MDEwOlJlcG9zaXRvcnkxNjYyMzIwMjY=,2019-01-17T13:39:59Z,2026-03-27T12:49:07Z,2026-03-27T12:49:02Z,46017,False,VLO-Drifting,ChrisVespa/VLO-Drifting,git@github.com:ChrisVespa/VLO-Drifting.git,0
MDEwOlJlcG9zaXRvcnkxNjYyMDE3ODk=,2019-01-17T09:50:25Z,2026-05-07T07:39:51Z,2026-05-07T07:39:12Z,842755,False,ShakkiPeli,VelluVu/ShakkiPeli,git@github.com:VelluVu/ShakkiPeli.git,0
MDEwOlJlcG9zaXRvcnkxNjYxOTUzMDc=,2019-01-17T09:08:51Z,2026-05-03T10:53:28Z,2026-05-03T10:53:23Z,1708412,False,prografix.github.io,prografix/prografix.github.io,git@github.com:prografix/prografix.github.io.git,4
MDEwOlJlcG9zaXRvcnkxNjYxMTc5MTA=,2019-01-16T21:53:39Z,2026-04-28T22:13:39Z,2026-04-28T22:15:46Z,6247,True,fastremap,seung-lab/fastremap,git@github.com:seung-lab/fastremap.git,65
MDEwOlJlcG9zaXRvcnkxNjYxMTc3Mzg=,2019-01-16T21:52:00Z,2026-04-03T22:49:43Z,2026-04-03T22:49:38Z,23987,False,tac,Kaminate/tac,git@github.com:Kaminate/tac.git,0
MDEwOlJlcG9zaXRvcnkxNjYxMTUxOTQ=,2019-01-16T21:31:13Z,2026-04-30T12:26:32Z,2026-04-30T12:26:28Z,32070,False,contalinhas,carlosleonardo/contalinhas,git@github.com:carlosleonardo/contalinhas.git,0
MDEwOlJlcG9zaXRvcnkxNjYxMTIxNDk=,2019-01-16T21:06:45Z,2026-04-23T07:45:57Z,2026-04-23T07:45:53Z,177,False,jeton,kwadrat/jeton,git@github.com:kwadrat/jeton.git,3
MDEwOlJlcG9zaXRvcnkxNjYxMDM2NTM=,2019-01-16T20:03:29Z,2026-05-07T06:01:23Z,2026-03-29T17:17:14Z,469,False,fpm,MikeLankamp/fpm,git@github.com:MikeLankamp/fpm.git,818
MDEwOlJlcG9zaXRvcnkxNjYwOTM3NjI=,2019-01-16T18:56:59Z,2026-03-19T10:03:57Z,2026-03-19T10:03:52Z,3856,True,Quartet,cran/Quartet,git@github.com:cran/Quartet.git,0
MDEwOlJlcG9zaXRvcnkxNjYwNjkxNzY=,2019-01-16T16:05:37Z,2026-04-28T19:46:57Z,2026-04-28T19:46:54Z,593,True,mir-test-tools,canonical/mir-test-tools,git@github.com:canonical/mir-test-tools.git,2
MDEwOlJlcG9zaXRvcnkxNjYwNjY4NjU=,2019-01-16T15:50:32Z,2026-03-07T18:54:00Z,2026-03-07T18:53:56Z,59,False,Algorep,Angelaben/Algorep,git@github.com:Angelaben/Algorep.git,0
MDEwOlJlcG9zaXRvcnkxNjYwNTk3MzY=,2019-01-16T15:06:08Z,2026-04-02T08:37:18Z,2026-04-02T15:51:32Z,1667,False,exercism,kevgathuku/exercism,git@github.com:kevgathuku/exercism.git,0
MDEwOlJlcG9zaXRvcnkxNjYwMTI4NTU=,2019-01-16T09:33:15Z,2026-04-10T07:12:47Z,2026-04-10T07:12:39Z,38598,False,panels,saullocastro/panels,git@github.com:saullocastro/panels.git,10
MDEwOlJlcG9zaXRvcnkxNjU5OTY0ODg=,2019-01-16T07:41:50Z,2026-05-02T22:02:29Z,2026-04-24T15:21:47Z,19924,False,raylib-cpp,RobLoach/raylib-cpp,git@github.com:RobLoach/raylib-cpp.git,926
MDEwOlJlcG9zaXRvcnkxNjU5OTM0NjQ=,2019-01-16T07:19:05Z,2026-04-28T02:36:32Z,2026-04-28T02:25:43Z,70481,True,getfem,getfem/getfem,git@github.com:getfem/getfem.git,59
MDEwOlJlcG9zaXRvcnkxNjU5OTIyNTU=,2019-01-16T07:09:36Z,2026-04-04T09:21:20Z,2026-04-04T09:21:14Z,2304,False,graph-exact-coloring-heuristic,rostam/graph-exact-coloring-heuristic,git@github.com:rostam/graph-exact-coloring-heuristic.git,1
MDEwOlJlcG9zaXRvcnkxNjU5NjcyMzg=,2019-01-16T03:31:01Z,2026-03-11T11:22:09Z,2026-04-02T13:28:55Z,2061,True,xpc-connect,clobberos/xpc-connect,git@github.com:clobberos/xpc-connect.git,17
MDEwOlJlcG9zaXRvcnkxNjU5NjQwMDk=,2019-01-16T03:04:54Z,2026-03-18T03:44:59Z,2026-03-18T03:46:10Z,1364331,False,yitaozh.github.io,yitaozh/yitaozh.github.io,git@github.com:yitaozh/yitaozh.github.io.git,1
MDEwOlJlcG9zaXRvcnkxNjU5NDgyNjU=,2019-01-16T00:59:53Z,2026-03-24T05:26:12Z,2026-03-02T00:44:05Z,2349,True,mtxclient,Nheko-Reborn/mtxclient,git@github.com:Nheko-Reborn/mtxclient.git,42
MDEwOlJlcG9zaXRvcnkxNjU4OTgxMzc=,2019-01-15T17:57:57Z,2026-03-19T00:59:56Z,2026-03-19T00:59:53Z,135,False,CodingExperiments,TriForceX/CodingExperiments,git@github.com:TriForceX/CodingExperiments.git,8
MDEwOlJlcG9zaXRvcnkxNjU4OTc0MDg=,2019-01-15T17:52:40Z,2026-05-05T21:23:01Z,2026-05-05T21:23:25Z,33558,True,compadre,sandialabs/compadre,git@github.com:sandialabs/compadre.git,24
MDEwOlJlcG9zaXRvcnkxNjU4OTEzODI=,2019-01-15T17:10:10Z,2026-03-24T23:14:25Z,2026-03-24T23:14:22Z,25157,False,CSCI-4966-lab,hertacalvo/CSCI-4966-lab,git@github.com:hertacalvo/CSCI-4966-lab.git,0
MDEwOlJlcG9zaXRvcnkxNjU4NDUwNjY=,2019-01-15T12:12:21Z,2026-04-05T05:24:36Z,2026-04-05T05:24:32Z,179,False,juneserver,grastvei007/juneserver,git@github.com:grastvei007/juneserver.git,0
MDEwOlJlcG9zaXRvcnkxNjU4NDA5NTQ=,2019-01-15T11:42:16Z,2026-04-05T05:25:05Z,2026-04-05T05:25:01Z,221,False,june,grastvei007/june,git@github.com:grastvei007/june.git,0
MDEwOlJlcG9zaXRvcnkxNjU4MjE1NDI=,2019-01-15T09:21:20Z,2026-05-07T09:12:15Z,2026-05-07T09:12:11Z,11785,False,cpp2sqlite,zdavatz/cpp2sqlite,git@github.com:zdavatz/cpp2sqlite.git,3
MDEwOlJlcG9zaXRvcnkxNjU4MDI4MTc=,2019-01-15T07:10:23Z,2026-05-02T17:49:44Z,2026-05-02T17:49:41Z,16479,False,Data-Structures-and-Algorithms,prashantk01/Data-Structures-and-Algorithms,git@github.com:prashantk01/Data-Structures-and-Algorithms.git,0
MDEwOlJlcG9zaXRvcnkxNjU3NDYxNTY=,2019-01-14T22:35:47Z,2026-04-30T15:31:27Z,2026-04-30T15:31:22Z,7286,False,ProPhat,vberthiaume/ProPhat,git@github.com:vberthiaume/ProPhat.git,4
MDEwOlJlcG9zaXRvcnkxNjU3Mjc3MTA=,2019-01-14T20:11:01Z,2026-03-19T14:28:02Z,2026-03-19T14:27:21Z,351,True,phosphor-ipmi-blobs-binarystore,openbmc/phosphor-ipmi-blobs-binarystore,git@github.com:openbmc/phosphor-ipmi-blobs-binarystore.git,0
MDEwOlJlcG9zaXRvcnkxNjU3MDUzOTE=,2019-01-14T17:35:40Z,2026-04-28T17:12:29Z,2026-04-28T17:12:25Z,404802,True,Spawn,NatLabRockies/Spawn,git@github.com:NatLabRockies/Spawn.git,19
MDEwOlJlcG9zaXRvcnkxNjU3MDAxNjE=,2019-01-14T17:01:00Z,2026-03-08T16:42:24Z,2026-03-08T16:42:21Z,4,False,alignment_vis,TorHou/alignment_vis,git@github.com:TorHou/alignment_vis.git,0
MDEwOlJlcG9zaXRvcnkxNjU2ODMzNjM=,2019-01-14T15:18:16Z,2026-04-18T23:36:00Z,2026-04-18T23:35:55Z,1334,False,DxRpg2,kazmura11/DxRpg2,git@github.com:kazmura11/DxRpg2.git,2
MDEwOlJlcG9zaXRvcnkxNjU2NjEwNjA=,2019-01-14T12:52:04Z,2026-04-27T01:37:07Z,2026-04-27T01:37:03Z,13202,False,maph,queelius/maph,git@github.com:queelius/maph.git,0
MDEwOlJlcG9zaXRvcnkxNjU2NDcwMjE=,2019-01-14T11:06:19Z,2026-04-13T12:18:14Z,2026-04-06T22:46:07Z,13034,True,werckmeister,werckme/werckmeister,git@github.com:werckme/werckmeister.git,45
MDEwOlJlcG9zaXRvcnkxNjU2NDUyMTc=,2019-01-14T10:52:36Z,2026-04-07T08:02:54Z,2026-04-07T08:20:46Z,462,True,dicey,gear-genomics/dicey,git@github.com:gear-genomics/dicey.git,54
MDEwOlJlcG9zaXRvcnkxNjU2Mzg0NDU=,2019-01-14T10:03:13Z,2026-05-06T10:27:07Z,2026-05-06T10:27:02Z,8416,True,GHEX,ghex-org/GHEX,git@github.com:ghex-org/GHEX.git,10
MDEwOlJlcG9zaXRvcnkxNjU2MjY3NDA=,2019-01-14T08:47:47Z,2026-04-18T03:06:06Z,2026-04-03T15:03:58Z,63286,False,DistributedHbv,nve-sbe/DistributedHbv,git@github.com:nve-sbe/DistributedHbv.git,9
MDEwOlJlcG9zaXRvcnkxNjU2MDE0MjM=,2019-01-14T05:38:06Z,2026-04-04T18:32:58Z,2026-04-04T18:32:53Z,7066,False,ospp,unravel-dev/ospp,git@github.com:unravel-dev/ospp.git,1
MDEwOlJlcG9zaXRvcnkxNjU1NTU4MDI=,2019-01-13T21:20:29Z,2026-05-04T17:33:20Z,2026-05-04T17:36:22Z,409,False,yatm,plekakis/yatm,git@github.com:plekakis/yatm.git,1
MDEwOlJlcG9zaXRvcnkxNjU1MzY4MDM=,2019-01-13T17:58:21Z,2026-04-16T10:48:09Z,2026-04-16T10:48:04Z,33,False,dconnect-storage,lanmower/dconnect-storage,git@github.com:lanmower/dconnect-storage.git,3
MDEwOlJlcG9zaXRvcnkxNjU1MjcwOTU=,2019-01-13T16:21:05Z,2026-03-19T21:26:59Z,2026-03-19T21:26:55Z,16978,False,simphonie,seeduvax/simphonie,git@github.com:seeduvax/simphonie.git,7
MDEwOlJlcG9zaXRvcnkxNjU0OTg3OTI=,2019-01-13T11:48:01Z,2026-04-14T05:31:15Z,2026-04-14T05:31:11Z,554,False,ArticCircle,Mdashdotdashn/ArticCircle,git@github.com:Mdashdotdashn/ArticCircle.git,1
MDEwOlJlcG9zaXRvcnkxNjU0ODE4NzQ=,2019-01-13T08:18:59Z,2026-05-02T12:48:29Z,2026-05-02T12:48:25Z,1807,False,ConsoleGame,RomantsovS/ConsoleGame,git@github.com:RomantsovS/ConsoleGame.git,0
MDEwOlJlcG9zaXRvcnkxNjU0Mjg4NDA=,2019-01-12T19:45:07Z,2026-04-26T07:59:30Z,2026-04-26T07:59:27Z,8,False,mq-135-gas-sensor-arduino-data-collection-and-prediction-with-SD-card,adhishagc/mq-135-gas-sensor-arduino-data-collection-and-prediction-with-SD-card,git@github.com:adhishagc/mq-135-gas-sensor-arduino-data-collection-and-prediction-with-SD-card.git,0
MDEwOlJlcG9zaXRvcnkxNjU0MjY2Mjc=,2019-01-12T19:20:22Z,2026-04-15T19:44:03Z,2026-04-15T19:44:00Z,3378,False,rolek,mlesniew/rolek,git@github.com:mlesniew/rolek.git,7
MDEwOlJlcG9zaXRvcnkxNjU0MDk2OTc=,2019-01-12T16:28:40Z,2026-03-05T19:42:06Z,2026-03-05T19:42:01Z,254,False,Extractor_HTML_Test,dpriedel/Extractor_HTML_Test,git@github.com:dpriedel/Extractor_HTML_Test.git,0
MDEwOlJlcG9zaXRvcnkxNjUzOTMxMTE=,2019-01-12T13:50:12Z,2026-05-03T13:21:55Z,2026-05-04T06:50:29Z,284337,False,vAmiga,dirkwhoffmann/vAmiga,git@github.com:dirkwhoffmann/vAmiga.git,393
MDEwOlJlcG9zaXRvcnkxNjUzMDMwOTE=,2019-01-11T20:07:31Z,2026-03-06T15:54:16Z,2026-03-06T16:12:23Z,60696,False,Research,MDSYN2019/Research,git@github.com:MDSYN2019/Research.git,1
MDEwOlJlcG9zaXRvcnkxNjUyOTI5Nzg=,2019-01-11T18:46:32Z,2026-04-26T13:03:53Z,2026-04-26T13:03:50Z,809,True,cpp-gcd,pqrs-org/cpp-gcd,git@github.com:pqrs-org/cpp-gcd.git,1
MDEwOlJlcG9zaXRvcnkxNjUyOTEyMDU=,2019-01-11T18:32:20Z,2026-05-05T21:19:40Z,2026-05-05T22:50:21Z,27799,False,OpenGothic,Try/OpenGothic,git@github.com:Try/OpenGothic.git,1506
MDEwOlJlcG9zaXRvcnkxNjUyODExNjQ=,2019-01-11T17:16:33Z,2026-04-09T08:28:55Z,2026-03-07T18:57:29Z,44,False,PaperZDForSpine2D,heavybullets/PaperZDForSpine2D,git@github.com:heavybullets/PaperZDForSpine2D.git,46
MDEwOlJlcG9zaXRvcnkxNjUyNzI5MjY=,2019-01-11T16:17:40Z,2026-04-25T16:11:40Z,2026-04-14T02:42:49Z,2506,True,libGPUCounters,ARM-software/libGPUCounters,git@github.com:ARM-software/libGPUCounters.git,271
MDEwOlJlcG9zaXRvcnkxNjUyNzE4MzE=,2019-01-11T16:10:16Z,2026-04-12T02:09:26Z,2026-04-12T02:09:22Z,2332,True,Barlist,WSDOT/Barlist,git@github.com:WSDOT/Barlist.git,3
MDEwOlJlcG9zaXRvcnkxNjUyMjQ2MTc=,2019-01-11T10:22:15Z,2026-05-07T03:46:12Z,2026-03-06T10:33:53Z,6328,False,UnrealPakViewer,jashking/UnrealPakViewer,git@github.com:jashking/UnrealPakViewer.git,1415
MDEwOlJlcG9zaXRvcnkxNjUyMjI0MTU=,2019-01-11T10:06:05Z,2026-03-17T12:46:53Z,2026-03-17T12:46:49Z,5139,False,boojum,AlexandreBelling/boojum,git@github.com:AlexandreBelling/boojum.git,7
MDEwOlJlcG9zaXRvcnkxNjUxOTA2NTE=,2019-01-11T06:21:34Z,2026-03-25T13:09:46Z,2026-03-25T12:43:42Z,97,False,wol_server,elitah/wol_server,git@github.com:elitah/wol_server.git,1
MDEwOlJlcG9zaXRvcnkxNjUxNzgzODk=,2019-01-11T04:19:43Z,2026-03-15T20:38:28Z,2026-03-15T20:38:25Z,21590,True,Corpus-CPP,StarlangSoftware/Corpus-CPP,git@github.com:StarlangSoftware/Corpus-CPP.git,4
MDEwOlJlcG9zaXRvcnkxNjUxNjA1MTg=,2019-01-11T01:50:06Z,2026-05-06T03:37:59Z,2026-04-26T09:39:36Z,10458,False,FFNx,julianxhokaxhiu/FFNx,git@github.com:julianxhokaxhiu/FFNx.git,484
MDEwOlJlcG9zaXRvcnkxNjUxNDQ4NTA=,2019-01-10T23:09:21Z,2026-05-06T20:16:57Z,2026-04-28T19:55:38Z,29438,True,nheko,Nheko-Reborn/nheko,git@github.com:Nheko-Reborn/nheko.git,2411
MDEwOlJlcG9zaXRvcnkxNjUxMjIyNTQ=,2019-01-10T19:57:08Z,2026-04-08T11:45:04Z,2026-04-08T11:46:06Z,7082,False,tts,jfalcou/tts,git@github.com:jfalcou/tts.git,27
MDEwOlJlcG9zaXRvcnkxNjUxMjE2MjA=,2019-01-10T19:52:33Z,2026-05-07T06:56:21Z,2026-05-03T19:43:57Z,66930,False,eve,jfalcou/eve,git@github.com:jfalcou/eve.git,1323
MDEwOlJlcG9zaXRvcnkxNjUwNzE4MDI=,2019-01-10T14:14:17Z,2026-05-03T17:49:25Z,2026-05-02T01:59:06Z,111,False,Filecast,gistrec/Filecast,git@github.com:gistrec/Filecast.git,58
MDEwOlJlcG9zaXRvcnkxNjUwNjYxMDA=,2019-01-10T13:38:11Z,2026-05-06T16:03:57Z,2026-05-06T16:03:11Z,3740,True,OSPSuite.SimModel.Solver.CVODES,Open-Systems-Pharmacology/OSPSuite.SimModel.Solver.CVODES,git@github.com:Open-Systems-Pharmacology/OSPSuite.SimModel.Solver.CVODES.git,0
MDEwOlJlcG9zaXRvcnkxNjQ5MzMzNTI=,2019-01-09T20:32:10Z,2026-05-07T10:35:58Z,2026-03-30T08:24:34Z,546406,False,Lumos,jmorton06/Lumos,git@github.com:jmorton06/Lumos.git,1583
MDEwOlJlcG9zaXRvcnkxNjQ4ODAyMzQ=,2019-01-09T14:41:30Z,2026-03-24T16:50:47Z,2026-03-24T16:50:42Z,44,False,studies,ian-bruntlett/studies,git@github.com:ian-bruntlett/studies.git,0
MDEwOlJlcG9zaXRvcnkxNjQ4NzQyODU=,2019-01-09T14:05:53Z,2026-05-05T15:50:42Z,2026-05-05T15:50:37Z,6343,True,snmalloc,microsoft/snmalloc,git@github.com:microsoft/snmalloc.git,1836
MDEwOlJlcG9zaXRvcnkxNjQ4NjU1MTg=,2019-01-09T13:12:43Z,2026-05-06T15:19:40Z,2026-05-06T15:12:38Z,1295,False,SocksDirect,bojieli/SocksDirect,git@github.com:bojieli/SocksDirect.git,20
MDEwOlJlcG9zaXRvcnkxNjQ4NTY3ODM=,2019-01-09T12:14:20Z,2026-05-06T14:54:14Z,2026-05-06T14:40:33Z,178555,True,nebula,gscept/nebula,git@github.com:gscept/nebula.git,1069
MDEwOlJlcG9zaXRvcnkxNjQ4NTUzMTk=,2019-01-09T12:04:28Z,2026-03-05T23:55:10Z,2026-03-05T23:55:06Z,130882,False,ralgo,mirmik/ralgo,git@github.com:mirmik/ralgo.git,0
MDEwOlJlcG9zaXRvcnkxNjQ4NDM5MDU=,2019-01-09T10:45:11Z,2026-05-05T19:09:15Z,2026-05-07T11:38:22Z,229914,False,deceptus_engine,varnholt/deceptus_engine,git@github.com:varnholt/deceptus_engine.git,17
MDEwOlJlcG9zaXRvcnkxNjQ3ODYwNTY=,2019-01-09T04:13:44Z,2026-03-31T04:56:00Z,2026-03-31T04:55:55Z,14763,False,cp-history,dbetm/cp-history,git@github.com:dbetm/cp-history.git,5
MDEwOlJlcG9zaXRvcnkxNjQ3NTM3NzU=,2019-01-09T00:06:31Z,2026-04-03T16:35:28Z,2026-03-21T15:18:53Z,10378,False,filter_spirit,Xeverous/filter_spirit,git@github.com:Xeverous/filter_spirit.git,34
MDEwOlJlcG9zaXRvcnkxNjQ3NDg1ODQ=,2019-01-08T23:10:48Z,2026-04-19T20:14:21Z,2026-03-02T19:08:39Z,4675,False,SDFont,ShoYamanishi/SDFont,git@github.com:ShoYamanishi/SDFont.git,90
MDEwOlJlcG9zaXRvcnkxNjQ3NDY0NDQ=,2019-01-08T22:50:43Z,2026-05-02T13:20:30Z,2026-04-07T02:00:07Z,12114,True,seams-core,d-SEAMS/seams-core,git@github.com:d-SEAMS/seams-core.git,41
MDEwOlJlcG9zaXRvcnkxNjQ3MjkyMTM=,2019-01-08T20:41:48Z,2026-03-01T22:05:48Z,2026-03-01T22:05:43Z,9,False,renacuajo,angelsotob/renacuajo,git@github.com:angelsotob/renacuajo.git,0
MDEwOlJlcG9zaXRvcnkxNjQ3MTQ0NDk=,2019-01-08T19:02:55Z,2026-05-07T06:26:31Z,2026-05-01T17:28:58Z,182662,True,vortex-auv,vortexntnu/vortex-auv,git@github.com:vortexntnu/vortex-auv.git,122
MDEwOlJlcG9zaXRvcnkxNjQ2ODk0Mjg=,2019-01-08T16:27:24Z,2026-04-11T06:18:42Z,2026-04-11T06:18:38Z,20678,False,OddsAndEnds,bousborne/OddsAndEnds,git@github.com:bousborne/OddsAndEnds.git,0
MDEwOlJlcG9zaXRvcnkxNjQ2NTI3MDU=,2019-01-08T13:16:25Z,2026-04-07T18:28:12Z,2026-04-07T18:28:06Z,13885,False,Competitive-Programming,HanaYukii/Competitive-Programming,git@github.com:HanaYukii/Competitive-Programming.git,5
MDEwOlJlcG9zaXRvcnkxNjQ2NDI2Mzg=,2019-01-08T12:18:58Z,2026-05-06T11:29:50Z,2026-05-06T11:30:12Z,1053,False,matrix,yscialom/matrix,git@github.com:yscialom/matrix.git,0
MDEwOlJlcG9zaXRvcnkxNjQ2MzE4NTM=,2019-01-08T11:12:52Z,2026-05-07T09:29:45Z,2026-05-07T09:29:41Z,1424494,False,rygel,Koromix/rygel,git@github.com:Koromix/rygel.git,185
MDEwOlJlcG9zaXRvcnkxNjQ2MjYwMDY=,2019-01-08T10:38:12Z,2026-04-30T03:39:31Z,2026-04-26T10:24:07Z,189642,False,AltisLife-Framework,Scarso327/AltisLife-Framework,git@github.com:Scarso327/AltisLife-Framework.git,7
MDEwOlJlcG9zaXRvcnkxNjQ2MjM2MDI=,2019-01-08T10:23:47Z,2026-04-05T21:55:53Z,2026-04-05T21:55:52Z,22,True,python3.module,mkn-mod/python3.module,git@github.com:mkn-mod/python3.module.git,0
MDEwOlJlcG9zaXRvcnkxNjQ1NTg5MDk=,2019-01-08T04:15:34Z,2026-05-06T22:43:37Z,2026-05-06T22:43:32Z,307059,True,TranscendenceDev,kronosaur/TranscendenceDev,git@github.com:kronosaur/TranscendenceDev.git,43
MDEwOlJlcG9zaXRvcnkxNjQ1Mjg4OTY=,2019-01-08T01:32:16Z,2026-04-02T02:46:25Z,2026-04-02T02:46:21Z,41,False,openrave_rawxml,cielavenir/openrave_rawxml,git@github.com:cielavenir/openrave_rawxml.git,0
MDEwOlJlcG9zaXRvcnkxNjQ1MTI4OTg=,2019-01-07T23:19:55Z,2026-03-23T09:13:10Z,2026-03-23T09:13:07Z,8358,False,algorytmy-proste,janbiernat/algorytmy-proste,git@github.com:janbiernat/algorytmy-proste.git,0
MDEwOlJlcG9zaXRvcnkxNjQ0ODIzMDk=,2019-01-07T19:33:37Z,2026-05-06T15:09:18Z,2026-05-06T15:01:26Z,10106,True,LICHEM,CisnerosResearch/LICHEM,git@github.com:CisnerosResearch/LICHEM.git,16
MDEwOlJlcG9zaXRvcnkxNjQ0NzM0MDA=,2019-01-07T18:24:12Z,2026-04-07T21:11:55Z,2026-04-07T21:28:21Z,5871,True,lass,cocamware/lass,git@github.com:cocamware/lass.git,2
MDEwOlJlcG9zaXRvcnkxNjQ0NzE2NDI=,2019-01-07T18:08:16Z,2026-05-06T05:09:51Z,2026-04-22T18:36:09Z,87266,True,armagetronad,ArmagetronAd/armagetronad,git@github.com:ArmagetronAd/armagetronad.git,70
MDEwOlJlcG9zaXRvcnkxNjQ0Njg3NjY=,2019-01-07T17:42:07Z,2026-04-30T21:11:20Z,2026-04-30T21:11:16Z,7053,False,pioSortBed,balwierz/pioSortBed,git@github.com:balwierz/pioSortBed.git,1
MDEwOlJlcG9zaXRvcnkxNjQ0NTc5MzM=,2019-01-07T16:11:54Z,2026-04-19T15:52:30Z,2026-04-19T15:52:27Z,10626,False,scrapyard,pdy/scrapyard,git@github.com:pdy/scrapyard.git,0
MDEwOlJlcG9zaXRvcnkxNjQ0NDI2MjE=,2019-01-07T14:14:43Z,2026-03-30T12:42:29Z,2026-03-30T12:42:25Z,108,False,PhotoManager,untik/PhotoManager,git@github.com:untik/PhotoManager.git,1
MDEwOlJlcG9zaXRvcnkxNjQ0NDA3ODQ=,2019-01-07T14:00:56Z,2026-04-23T12:59:24Z,2026-04-23T12:59:20Z,317,True,ezc3d-feedstock,conda-forge/ezc3d-feedstock,git@github.com:conda-forge/ezc3d-feedstock.git,1
MDEwOlJlcG9zaXRvcnkxNjQ0Mjc0NTc=,2019-01-07T12:10:39Z,2026-02-23T14:40:22Z,2026-05-04T20:51:09Z,4017,False,data,DanielKrawisz/data,git@github.com:DanielKrawisz/data.git,10
MDEwOlJlcG9zaXRvcnkxNjQzNzcwNzY=,2019-01-07T04:12:56Z,2026-04-26T13:04:30Z,2026-04-26T13:04:26Z,1062,True,cpp-osx-input_source_monitor,pqrs-org/cpp-osx-input_source_monitor,git@github.com:pqrs-org/cpp-osx-input_source_monitor.git,1
MDEwOlJlcG9zaXRvcnkxNjQzNzcwNTU=,2019-01-07T04:12:34Z,2026-04-26T13:04:34Z,2026-04-26T13:04:29Z,1480,True,cpp-osx-input_source_selector,pqrs-org/cpp-osx-input_source_selector,git@github.com:pqrs-org/cpp-osx-input_source_selector.git,1
MDEwOlJlcG9zaXRvcnkxNjQzNjY1ODY=,2019-01-07T02:17:54Z,2026-04-28T06:21:45Z,2026-04-28T06:21:42Z,227,False,leetcode_practice,guicaisa/leetcode_practice,git@github.com:guicaisa/leetcode_practice.git,0
MDEwOlJlcG9zaXRvcnkxNjQzMjI2MjE=,2019-01-06T15:59:51Z,2026-04-26T23:09:02Z,2026-04-26T23:08:59Z,106117,False,FactorGraph,appu226/FactorGraph,git@github.com:appu226/FactorGraph.git,0
MDEwOlJlcG9zaXRvcnkxNjQzMTYyMjc=,2019-01-06T14:44:02Z,2026-03-15T20:41:20Z,2026-03-15T20:41:15Z,6267,True,NGram-CPP,StarlangSoftware/NGram-CPP,git@github.com:StarlangSoftware/NGram-CPP.git,7
MDEwOlJlcG9zaXRvcnkxNjQyOTY4OTQ=,2019-01-06T10:29:26Z,2026-04-29T14:00:36Z,2026-04-29T13:58:26Z,8,False,Snake,Raima1864/Snake,git@github.com:Raima1864/Snake.git,0
MDEwOlJlcG9zaXRvcnkxNjQyOTMyODA=,2019-01-06T09:34:15Z,2026-04-26T13:04:35Z,2026-04-26T13:04:31Z,1408,True,cpp-osx-input_source,pqrs-org/cpp-osx-input_source,git@github.com:pqrs-org/cpp-osx-input_source.git,1
MDEwOlJlcG9zaXRvcnkxNjQyNzcyMjI=,2019-01-06T05:06:48Z,2026-03-12T23:35:32Z,2026-03-12T23:35:27Z,165,False,DebugLog,hideakitai/DebugLog,git@github.com:hideakitai/DebugLog.git,61
MDEwOlJlcG9zaXRvcnkxNjQyMjY1OTI=,2019-01-05T15:22:33Z,2026-04-27T10:29:27Z,2026-04-27T10:29:27Z,31,False,jyanken_robo,ogimo-tech/jyanken_robo,git@github.com:ogimo-tech/jyanken_robo.git,0
MDEwOlJlcG9zaXRvcnkxNjQyMjMxMjQ=,2019-01-05T14:41:35Z,2026-05-04T00:21:17Z,2026-05-04T00:21:11Z,5583,False,SwRenderer,closed-bottle/SwRenderer,git@github.com:closed-bottle/SwRenderer.git,0
MDEwOlJlcG9zaXRvcnkxNjQyMTM0ODk=,2019-01-05T12:36:12Z,2026-03-04T10:11:38Z,2026-03-04T10:11:34Z,708,False,Paraphrase,iigura/Paraphrase,git@github.com:iigura/Paraphrase.git,37
MDEwOlJlcG9zaXRvcnkxNjQxNTY0Mjk=,2019-01-04T21:27:42Z,2026-03-22T06:41:59Z,2026-03-22T06:41:55Z,241,False,moba-connector,papparazzo/moba-connector,git@github.com:papparazzo/moba-connector.git,0
MDEwOlJlcG9zaXRvcnkxNjQxMzIzNTA=,2019-01-04T16:50:29Z,2026-05-03T15:27:25Z,2026-05-03T15:27:22Z,85349,False,ruby-imgui,vaiorabbit/ruby-imgui,git@github.com:vaiorabbit/ruby-imgui.git,69
MDEwOlJlcG9zaXRvcnkxNjQxMzE1NzE=,2019-01-04T16:42:42Z,2026-04-08T20:29:20Z,2026-03-17T00:23:38Z,166,True,ArduinoMqttClient,arduino-libraries/ArduinoMqttClient,git@github.com:arduino-libraries/ArduinoMqttClient.git,218
MDEwOlJlcG9zaXRvcnkxNjQxMTc2MzM=,2019-01-04T14:31:51Z,2026-04-05T10:17:04Z,2026-03-17T00:21:35Z,53290,True,OpenJij,Jij-Inc/OpenJij,git@github.com:Jij-Inc/OpenJij.git,125
MDEwOlJlcG9zaXRvcnkxNjQwODkyMjQ=,2019-01-04T09:48:00Z,2026-04-26T13:04:25Z,2026-04-26T13:04:21Z,1327,True,cpp-osx-frontmost_application_monitor,pqrs-org/cpp-osx-frontmost_application_monitor,git@github.com:pqrs-org/cpp-osx-frontmost_application_monitor.git,1
MDEwOlJlcG9zaXRvcnkxNjQwMDE5MjQ=,2019-01-03T17:15:50Z,2026-04-26T11:42:52Z,2026-04-26T11:42:49Z,34761,False,gregory-shalat,alexgavs/gregory-shalat,git@github.com:alexgavs/gregory-shalat.git,1
MDEwOlJlcG9zaXRvcnkxNjM5ODAwNzM=,2019-01-03T13:59:38Z,2026-04-12T22:14:52Z,2026-04-12T22:14:48Z,138,False,SpaceshipGame,clipinski/SpaceshipGame,git@github.com:clipinski/SpaceshipGame.git,0
MDEwOlJlcG9zaXRvcnkxNjM5Nzg3ODc=,2019-01-03T13:47:39Z,2026-04-17T13:05:19Z,2026-03-02T14:35:08Z,1821,False,jet-live,ddovod/jet-live,git@github.com:ddovod/jet-live.git,454
MDEwOlJlcG9zaXRvcnkxNjM5NzE2MTU=,2019-01-03T12:41:59Z,2026-04-11T04:51:59Z,2026-04-11T04:51:53Z,72,False,web-socket-networking,nsumner/web-socket-networking,git@github.com:nsumner/web-socket-networking.git,8
MDEwOlJlcG9zaXRvcnkxNjM5NjU0NjU=,2019-01-03T11:40:21Z,2026-05-07T11:01:32Z,2026-04-17T13:35:35Z,25629,True,gdsdecomp,GDRETools/gdsdecomp,git@github.com:GDRETools/gdsdecomp.git,3575
MDEwOlJlcG9zaXRvcnkxNjM5NTI0MDQ=,2019-01-03T09:35:20Z,2026-05-05T16:32:08Z,2026-05-05T16:32:03Z,4543,True,ndcurves,loco-3d/ndcurves,git@github.com:loco-3d/ndcurves.git,186
MDEwOlJlcG9zaXRvcnkxNjM5MjU5NjI=,2019-01-03T05:10:45Z,2026-03-24T10:38:57Z,2026-03-24T10:38:51Z,8,False,-,yoyouyoou/-,git@github.com:yoyouyoou/-.git,0
MDEwOlJlcG9zaXRvcnkxNjM5MTY5MTc=,2019-01-03T03:08:43Z,2026-04-17T08:10:46Z,2026-04-17T08:10:41Z,225,False,QtAndroidUtils,KangLin/QtAndroidUtils,git@github.com:KangLin/QtAndroidUtils.git,5
MDEwOlJlcG9zaXRvcnkxNjM4OTEyNzI=,2019-01-02T21:26:24Z,2026-05-04T15:17:05Z,2026-05-04T22:47:57Z,5906,True,couchbase-lite-C,couchbase/couchbase-lite-C,git@github.com:couchbase/couchbase-lite-C.git,129
MDEwOlJlcG9zaXRvcnkxNjM4ODEyMzQ=,2019-01-02T19:30:40Z,2026-04-03T14:18:07Z,2026-04-03T14:17:59Z,257,False,PHOTON_ROOMS,FidelDworp/PHOTON_ROOMS,git@github.com:FidelDworp/PHOTON_ROOMS.git,0
MDEwOlJlcG9zaXRvcnkxNjM4NjMxMjM=,2019-01-02T16:15:46Z,2026-04-19T00:23:09Z,2026-04-19T00:23:05Z,614,False,harbour-foilnotes,monich/harbour-foilnotes,git@github.com:monich/harbour-foilnotes.git,5
MDEwOlJlcG9zaXRvcnkxNjM4NjIwMTU=,2019-01-02T16:04:39Z,2026-05-07T02:33:22Z,2026-05-07T02:33:20Z,5454,True,ink,google/ink,git@github.com:google/ink.git,78
MDEwOlJlcG9zaXRvcnkxNjM4NDM1ODc=,2019-01-02T13:19:36Z,2026-05-06T10:31:39Z,2026-05-06T10:31:35Z,45539,False,Legacy,Arefu/Legacy,git@github.com:Arefu/Legacy.git,2
MDEwOlJlcG9zaXRvcnkxNjM4MzQ3NTg=,2019-01-02T11:53:03Z,2026-03-29T12:06:15Z,2026-03-29T12:06:12Z,280,False,spiritless_po,oo13/spiritless_po,git@github.com:oo13/spiritless_po.git,2
MDEwOlJlcG9zaXRvcnkxNjM3OTc4MTk=,2019-01-02T05:29:41Z,2026-05-04T06:16:58Z,2026-05-04T06:16:53Z,262,False,arduino-experiments,brianbirir/arduino-experiments,git@github.com:brianbirir/arduino-experiments.git,0
MDEwOlJlcG9zaXRvcnkxNjM3NzkwNTY=,2019-01-02T01:11:43Z,2026-03-13T21:04:46Z,2026-03-13T21:04:53Z,14398,True,scitokens-cpp,scitokens/scitokens-cpp,git@github.com:scitokens/scitokens-cpp.git,5
