id,createdAt,updatedAt,pushedAt,diskUsage,isInOrganization,name,nameWithOwner,sshUrl,stargazerCount
MDEwOlJlcG9zaXRvcnk3NzcwNTU2OA==,2016-12-30T19:16:26Z,2026-05-01T20:02:20Z,2026-05-01T20:02:16Z,2106,False,NFSIISE-CPP,zaps166/NFSIISE-CPP,git@github.com:zaps166/NFSIISE-CPP.git,11
MDEwOlJlcG9zaXRvcnk3NzcwMjM5MQ==,2016-12-30T18:08:32Z,2026-04-27T10:20:59Z,2026-04-06T20:26:36Z,12444,False,CPP-SMTPClient-library,jeremydumais/CPP-SMTPClient-library,git@github.com:jeremydumais/CPP-SMTPClient-library.git,47
MDEwOlJlcG9zaXRvcnk3NzY0MjY3MQ==,2016-12-29T22:06:08Z,2026-05-07T08:56:32Z,2026-05-07T08:56:34Z,1807,True,kdav,KDE/kdav,git@github.com:KDE/kdav.git,8
MDEwOlJlcG9zaXRvcnk3NzYzNjU4Nw==,2016-12-29T19:57:13Z,2026-05-04T01:52:54Z,2026-05-04T02:32:00Z,27549,True,ktechlab,KDE/ktechlab,git@github.com:KDE/ktechlab.git,14
MDEwOlJlcG9zaXRvcnk3NzYyNDU5Mw==,2016-12-29T16:18:13Z,2026-05-06T07:19:56Z,2026-05-05T13:32:29Z,23499,True,chatterino2,Chatterino/chatterino2,git@github.com:Chatterino/chatterino2.git,2465
MDEwOlJlcG9zaXRvcnk3NzU1NjE4MA==,2016-12-28T19:28:33Z,2026-04-11T00:03:08Z,2026-04-11T00:34:04Z,13087,True,ttg,TESSEorg/ttg,git@github.com:TESSEorg/ttg.git,26
MDEwOlJlcG9zaXRvcnk3NzQ1OTU2NA==,2016-12-27T14:01:35Z,2026-05-06T20:52:47Z,2026-04-24T14:11:06Z,49294,True,modm,modm-io/modm,git@github.com:modm-io/modm.git,950
MDEwOlJlcG9zaXRvcnk3NzQ1NjE3Nw==,2016-12-27T13:07:09Z,2026-03-31T08:16:01Z,2026-03-31T08:15:56Z,246,True,libasync,managarm/libasync,git@github.com:managarm/libasync.git,19
MDEwOlJlcG9zaXRvcnk3NzQwMTkyMg==,2016-12-26T19:05:42Z,2026-04-07T12:02:19Z,2026-04-07T12:02:13Z,8310,True,GUnit,cpp-testing/GUnit,git@github.com:cpp-testing/GUnit.git,276
MDEwOlJlcG9zaXRvcnk3NzMzODEzNA==,2016-12-25T18:34:28Z,2026-05-01T16:57:51Z,2026-05-05T19:08:01Z,83027,True,nelson,nelson-lang/nelson,git@github.com:nelson-lang/nelson.git,124
MDEwOlJlcG9zaXRvcnk3NzMxMTQ2Mg==,2016-12-25T05:12:01Z,2026-05-06T23:58:06Z,2026-04-08T11:37:10Z,4758,False,fem,cpraveen/fem,git@github.com:cpraveen/fem.git,34
MDEwOlJlcG9zaXRvcnk3NzI4MzExMg==,2016-12-24T12:59:49Z,2026-04-24T07:26:37Z,2026-04-24T07:26:33Z,555,False,cccc-lite,scarsty/cccc-lite,git@github.com:scarsty/cccc-lite.git,46
MDEwOlJlcG9zaXRvcnk3NzIyNzA4NQ==,2016-12-23T13:27:05Z,2026-05-04T18:52:39Z,2026-05-07T08:31:48Z,15204,True,rawspeed,darktable-org/rawspeed,git@github.com:darktable-org/rawspeed.git,441
MDEwOlJlcG9zaXRvcnk3NzIwNzYyNA==,2016-12-23T07:38:08Z,2026-05-04T16:23:26Z,2026-04-27T17:31:26Z,57,True,PX4-OpticalFlow,PX4/PX4-OpticalFlow,git@github.com:PX4/PX4-OpticalFlow.git,196
MDEwOlJlcG9zaXRvcnk3NzE2NjYwMA==,2016-12-22T18:21:29Z,2026-05-05T14:59:48Z,2026-05-05T14:57:57Z,1241,True,plymouth-kcm,KDE/plymouth-kcm,git@github.com:KDE/plymouth-kcm.git,14
MDEwOlJlcG9zaXRvcnk3NzA4NTQ3Ng==,2016-12-21T20:56:31Z,2026-04-25T17:46:56Z,2026-04-25T17:46:52Z,21057,False,arnold_problem,ud1/arnold_problem,git@github.com:ud1/arnold_problem.git,1
MDEwOlJlcG9zaXRvcnk3NzAzOTUyMw==,2016-12-21T09:54:04Z,2026-05-06T08:20:01Z,2026-05-06T08:45:41Z,130295,True,adaguc-server,KNMI/adaguc-server,git@github.com:KNMI/adaguc-server.git,31
MDEwOlJlcG9zaXRvcnk3Njk5MDI0MQ==,2016-12-20T20:42:56Z,2026-05-05T13:59:10Z,2026-04-14T14:31:20Z,316503,True,clover,CopterExpress/clover,git@github.com:CopterExpress/clover.git,496
MDEwOlJlcG9zaXRvcnk3Njk5MDIwOQ==,2016-12-20T20:42:27Z,2026-05-07T07:52:41Z,2026-05-07T00:42:57Z,69970,True,WLED,wled/WLED,git@github.com:wled/WLED.git,17967
MDEwOlJlcG9zaXRvcnk3Njk3ODI1NA==,2016-12-20T17:38:04Z,2026-05-06T12:24:14Z,2026-04-15T22:18:34Z,9543,True,hotspot,KDAB/hotspot,git@github.com:KDAB/hotspot.git,5049
MDEwOlJlcG9zaXRvcnk3Njk2NTY5OQ==,2016-12-20T14:58:44Z,2026-05-03T11:34:20Z,2026-05-06T11:56:22Z,25740,True,stormpy,stormchecker/stormpy,git@github.com:stormchecker/stormpy.git,42
MDEwOlJlcG9zaXRvcnk3Njk1NTI1NA==,2016-12-20T12:37:15Z,2026-04-17T07:43:30Z,2026-04-17T07:43:23Z,38014,False,DIAMONDS,EnricoCorsaro/DIAMONDS,git@github.com:EnricoCorsaro/DIAMONDS.git,9
MDEwOlJlcG9zaXRvcnk3Njk1MTMyMw==,2016-12-20T11:35:20Z,2026-05-05T12:37:39Z,2026-05-04T09:24:12Z,10845,False,sqlite_orm,fnc12/sqlite_orm,git@github.com:fnc12/sqlite_orm.git,2650
MDEwOlJlcG9zaXRvcnk3Njk0MTk4NQ==,2016-12-20T09:20:17Z,2026-03-20T11:19:11Z,2026-03-20T11:19:07Z,885,False,log2plot,oKermorgant/log2plot,git@github.com:oKermorgant/log2plot.git,15
MDEwOlJlcG9zaXRvcnk3Njg2NTAwNw==,2016-12-19T13:35:14Z,2026-05-05T19:54:37Z,2026-05-06T20:23:46Z,6458,False,esp-fc,rtlopez/esp-fc,git@github.com:rtlopez/esp-fc.git,683
MDEwOlJlcG9zaXRvcnk3NjgzNzU1NA==,2016-12-19T07:12:08Z,2026-05-02T14:06:53Z,2026-03-27T07:26:36Z,45484,False,doxyrest,vovkos/doxyrest,git@github.com:vovkos/doxyrest.git,310
MDEwOlJlcG9zaXRvcnk3NjgzNzU0MQ==,2016-12-19T07:11:51Z,2026-04-10T07:59:01Z,2026-04-10T07:58:57Z,20671,False,axl,vovkos/axl,git@github.com:vovkos/axl.git,4
MDEwOlJlcG9zaXRvcnk3NjgyODU2NA==,2016-12-19T04:39:02Z,2026-04-22T21:09:03Z,2026-04-22T21:08:59Z,6473,False,maven,eugenemel/maven,git@github.com:eugenemel/maven.git,22
MDEwOlJlcG9zaXRvcnk3Njc5OTczNQ==,2016-12-18T18:34:12Z,2026-04-26T12:41:38Z,2026-04-26T12:41:33Z,1812,True,rlas,r-lidar/rlas,git@github.com:r-lidar/rlas.git,38
MDEwOlJlcG9zaXRvcnk3Njc3MDk4OA==,2016-12-18T08:14:52Z,2026-04-22T21:05:33Z,2026-04-22T21:05:29Z,4673,False,maven_core,eugenemel/maven_core,git@github.com:eugenemel/maven_core.git,4
MDEwOlJlcG9zaXRvcnk3Njc1NDU2MA==,2016-12-18T00:18:35Z,2026-04-14T03:01:20Z,2026-04-14T03:01:15Z,989,False,GameMenu-cpp,ParadoxZero/GameMenu-cpp,git@github.com:ParadoxZero/GameMenu-cpp.git,37
MDEwOlJlcG9zaXRvcnk3Njc0MTcxNg==,2016-12-17T19:05:35Z,2026-05-05T21:51:06Z,2026-05-03T02:08:25Z,2065,True,systemdgenie,KDE/systemdgenie,git@github.com:KDE/systemdgenie.git,76
MDEwOlJlcG9zaXRvcnk3NjY3NDI2NA==,2016-12-16T17:56:09Z,2026-04-30T19:24:51Z,2026-04-30T19:24:45Z,148767,False,tusas,chrisknewman/tusas,git@github.com:chrisknewman/tusas.git,20
MDEwOlJlcG9zaXRvcnk3NjYwNzg5OQ==,2016-12-16T00:44:26Z,2026-03-29T22:18:25Z,2026-03-29T22:18:21Z,72,False,Arduino-L298N-Library,AlonsoLP/Arduino-L298N-Library,git@github.com:AlonsoLP/Arduino-L298N-Library.git,8
MDEwOlJlcG9zaXRvcnk3NjYwMjE5MA==,2016-12-15T22:45:48Z,2026-05-05T03:20:38Z,2026-05-06T11:49:03Z,17886,True,revng,revng/revng,git@github.com:revng/revng.git,1665
MDEwOlJlcG9zaXRvcnk3NjU5NjM5Ng==,2016-12-15T21:11:04Z,2026-04-24T07:29:01Z,2026-03-19T04:55:29Z,7705,False,TinyEXIF,cdcseacave/TinyEXIF,git@github.com:cdcseacave/TinyEXIF.git,142
MDEwOlJlcG9zaXRvcnk3NjU4ODM5Mg==,2016-12-15T19:15:00Z,2026-05-05T20:45:35Z,2026-05-05T20:45:31Z,535,False,oqpi,H-EAL/oqpi,git@github.com:H-EAL/oqpi.git,46
MDEwOlJlcG9zaXRvcnk3NjU4MjM3Mw==,2016-12-15T17:47:50Z,2026-03-19T22:04:28Z,2026-03-19T22:04:23Z,20608,True,validaRA,ipea/validaRA,git@github.com:ipea/validaRA.git,2
MDEwOlJlcG9zaXRvcnk3NjU2NTgzOQ==,2016-12-15T14:17:55Z,2026-05-07T11:04:22Z,2026-05-07T11:04:17Z,152672,False,dust3d,huxingyi/dust3d,git@github.com:huxingyi/dust3d.git,3199
MDEwOlJlcG9zaXRvcnk3NjU0Njg0OQ==,2016-12-15T09:48:22Z,2026-03-11T05:02:46Z,2026-03-11T05:02:42Z,13531,True,motion_planning,ut-dragon-lab/motion_planning,git@github.com:ut-dragon-lab/motion_planning.git,7
MDEwOlJlcG9zaXRvcnk3NjUyNDI0MQ==,2016-12-15T04:36:25Z,2026-03-19T14:47:01Z,2026-03-19T16:14:43Z,421,True,phosphor-watchdog,openbmc/phosphor-watchdog,git@github.com:openbmc/phosphor-watchdog.git,4
MDEwOlJlcG9zaXRvcnk3NjQ4MDkzOA==,2016-12-14T17:15:49Z,2026-04-06T23:50:43Z,2026-04-06T07:31:45Z,30,True,osrm-tag-rewriter,mapbox/osrm-tag-rewriter,git@github.com:mapbox/osrm-tag-rewriter.git,5
MDEwOlJlcG9zaXRvcnk3NjQxODU4Mw==,2016-12-14T02:49:16Z,2026-04-22T16:12:09Z,2026-03-25T00:25:35Z,10142,True,gnuworld,UndernetIRC/gnuworld,git@github.com:UndernetIRC/gnuworld.git,25
MDEwOlJlcG9zaXRvcnk3NjM0MzU2Mg==,2016-12-13T09:27:58Z,2026-04-30T13:14:18Z,2026-05-06T12:48:16Z,153686,True,kactus2dev,kactus2/kactus2dev,git@github.com:kactus2/kactus2dev.git,253
MDEwOlJlcG9zaXRvcnk3NjI5ODMwNA==,2016-12-12T21:46:14Z,2026-04-22T18:55:58Z,2026-04-22T18:57:09Z,8379,True,testing,coderefinery/testing,git@github.com:coderefinery/testing.git,12
MDEwOlJlcG9zaXRvcnk3NjI4NDYwNg==,2016-12-12T18:39:06Z,2026-05-03T17:10:23Z,2026-05-03T17:10:18Z,27495,True,cryfa,cobilab/cryfa,git@github.com:cobilab/cryfa.git,63
MDEwOlJlcG9zaXRvcnk3NjI2MjA4Nw==,2016-12-12T14:08:06Z,2026-04-30T10:22:55Z,2026-04-30T10:22:51Z,323476,True,st,L-E-A-P/st,git@github.com:L-E-A-P/st.git,1
MDEwOlJlcG9zaXRvcnk3NjIzNTI1Ng==,2016-12-12T08:06:02Z,2026-05-05T05:56:45Z,2026-05-05T05:56:41Z,431654,False,double_pendulum,dHutchings/double_pendulum,git@github.com:dHutchings/double_pendulum.git,0
MDEwOlJlcG9zaXRvcnk3NjE2Mzc3OA==,2016-12-11T08:55:27Z,2026-05-07T05:38:12Z,2026-05-07T05:38:07Z,6692363,True,GameTracking-Dota2,SteamTracking/GameTracking-Dota2,git@github.com:SteamTracking/GameTracking-Dota2.git,745
MDEwOlJlcG9zaXRvcnk3NjEyODIwMA==,2016-12-10T17:48:23Z,2026-03-26T13:12:58Z,2026-03-26T13:12:51Z,56584,False,phdlogview,agalasso/phdlogview,git@github.com:agalasso/phdlogview.git,7
MDEwOlJlcG9zaXRvcnk3NjA5MzQxOA==,2016-12-10T05:47:24Z,2026-04-17T01:56:10Z,2026-04-17T01:56:05Z,115,False,znc-modules,RealKindOne/znc-modules,git@github.com:RealKindOne/znc-modules.git,5
MDEwOlJlcG9zaXRvcnk3NjA0OTk1Nw==,2016-12-09T16:05:20Z,2026-04-13T14:42:08Z,2026-04-13T14:42:04Z,39863,True,Codebook,Jinkela-Xiao-Zuan-Feng-Mountaineer/Codebook,git@github.com:Jinkela-Xiao-Zuan-Feng-Mountaineer/Codebook.git,49
MDEwOlJlcG9zaXRvcnk3NjA0NjgzMw==,2016-12-09T15:28:08Z,2026-04-17T17:22:19Z,2026-04-24T14:27:37Z,139050,True,odin-data,odin-detector/odin-data,git@github.com:odin-detector/odin-data.git,10
MDEwOlJlcG9zaXRvcnk3NjAzNDk3Mw==,2016-12-09T12:49:40Z,2026-04-13T16:08:56Z,2026-04-13T16:08:51Z,16185,True,TauDEM_ext,lreis2415/TauDEM_ext,git@github.com:lreis2415/TauDEM_ext.git,2
MDEwOlJlcG9zaXRvcnk3NTk4MTcwOQ==,2016-12-08T22:49:49Z,2026-03-27T20:27:20Z,2026-03-27T20:27:15Z,29723,False,divest,jonclayden/divest,git@github.com:jonclayden/divest.git,15
MDEwOlJlcG9zaXRvcnk3NTk2NTg1NA==,2016-12-08T18:50:01Z,2026-04-27T00:32:59Z,2026-03-11T07:58:20Z,1015,False,vlc-bittorrent,johang/vlc-bittorrent,git@github.com:johang/vlc-bittorrent.git,480
MDEwOlJlcG9zaXRvcnk3NTkzMzMxMQ==,2016-12-08T11:53:40Z,2026-04-09T07:23:02Z,2026-04-08T02:04:53Z,3388,False,egel,egel-lang/egel,git@github.com:egel-lang/egel.git,84
MDEwOlJlcG9zaXRvcnk3NTkyNzM2NA==,2016-12-08T10:22:44Z,2026-03-12T17:42:32Z,2026-04-28T11:34:31Z,1084,False,msspi,deemru/msspi,git@github.com:deemru/msspi.git,32
MDEwOlJlcG9zaXRvcnk3NTkwNTIxNQ==,2016-12-08T05:10:43Z,2026-05-06T01:20:47Z,2026-05-07T09:20:08Z,214928,True,Dora-SSR,IppClub/Dora-SSR,git@github.com:IppClub/Dora-SSR.git,483
MDEwOlJlcG9zaXRvcnk3NTg3MjYwNQ==,2016-12-07T20:22:17Z,2026-04-24T06:40:53Z,2026-04-24T06:40:48Z,37819,False,Rapidly-exploringRandomTrees,ThibaultGigant/Rapidly-exploringRandomTrees,git@github.com:ThibaultGigant/Rapidly-exploringRandomTrees.git,0
MDEwOlJlcG9zaXRvcnk3NTg1MTI1OA==,2016-12-07T15:50:21Z,2026-05-06T12:21:49Z,2026-05-06T12:21:44Z,28966,False,library,sigma425/library,git@github.com:sigma425/library.git,4
MDEwOlJlcG9zaXRvcnk3NTgyNTczNg==,2016-12-07T10:35:53Z,2026-05-06T21:06:17Z,2026-04-16T08:08:08Z,9847,True,xeus,jupyter-xeus/xeus,git@github.com:jupyter-xeus/xeus.git,961
MDEwOlJlcG9zaXRvcnk3NTgwNDk0Ng==,2016-12-07T06:06:10Z,2026-04-15T07:07:18Z,2026-04-15T07:19:13Z,772,True,fullock,yahoojapan/fullock,git@github.com:yahoojapan/fullock.git,27
MDEwOlJlcG9zaXRvcnk3NTgwNDg5MA==,2016-12-07T06:05:16Z,2026-04-15T08:10:44Z,2026-04-15T08:24:04Z,1380,True,k2hash,yahoojapan/k2hash,git@github.com:yahoojapan/k2hash.git,37
MDEwOlJlcG9zaXRvcnk3NTc4Nzk2Ng==,2016-12-07T01:42:19Z,2026-05-07T07:15:40Z,2026-05-06T17:33:32Z,76015,True,DirectXShaderCompiler,microsoft/DirectXShaderCompiler,git@github.com:microsoft/DirectXShaderCompiler.git,3558
MDEwOlJlcG9zaXRvcnk3NTc4NzM0Mg==,2016-12-07T01:31:52Z,2026-05-02T16:58:02Z,2026-05-02T16:57:58Z,58254,True,SEIMS,lreis2415/SEIMS,git@github.com:lreis2415/SEIMS.git,56
MDEwOlJlcG9zaXRvcnk3NTc1MDgzMA==,2016-12-06T16:39:55Z,2026-05-06T13:39:41Z,2026-05-06T13:37:59Z,41639,True,ADIOS2,ornladios/ADIOS2,git@github.com:ornladios/ADIOS2.git,319
MDEwOlJlcG9zaXRvcnk3NTczNTg1OQ==,2016-12-06T13:51:54Z,2026-03-16T05:26:31Z,2026-03-16T05:26:34Z,143,True,ArduinoSound,arduino-libraries/ArduinoSound,git@github.com:arduino-libraries/ArduinoSound.git,70
MDEwOlJlcG9zaXRvcnk3NTczMjAxOA==,2016-12-06T13:07:09Z,2026-05-07T08:03:16Z,2026-05-07T08:52:42Z,7456,True,wb-mqtt-serial,wirenboard/wb-mqtt-serial,git@github.com:wirenboard/wb-mqtt-serial.git,62
MDEwOlJlcG9zaXRvcnk3NTczMTAyOA==,2016-12-06T12:53:53Z,2026-04-29T09:51:42Z,2026-04-29T10:02:01Z,2060,True,wb-mqtt-db,wirenboard/wb-mqtt-db,git@github.com:wirenboard/wb-mqtt-db.git,1
MDEwOlJlcG9zaXRvcnk3NTY2MjcyOA==,2016-12-05T20:19:12Z,2026-04-22T16:18:26Z,2026-04-29T18:13:12Z,29365127,True,frvt,usnistgov/frvt,git@github.com:usnistgov/frvt.git,291
MDEwOlJlcG9zaXRvcnk3NTY2MjM4Nw==,2016-12-05T20:14:02Z,2026-05-07T06:33:29Z,2026-04-08T18:57:47Z,226615,True,draco,google/draco,git@github.com:google/draco.git,7257
MDEwOlJlcG9zaXRvcnk3NTY0MTIwNw==,2016-12-05T15:54:02Z,2026-03-20T17:03:48Z,2026-04-09T09:23:14Z,410,True,wb-mqtt-adc,wirenboard/wb-mqtt-adc,git@github.com:wirenboard/wb-mqtt-adc.git,2
MDEwOlJlcG9zaXRvcnk3NTYzOTkxMw==,2016-12-05T15:41:33Z,2026-03-18T11:32:49Z,2026-05-06T01:04:00Z,171824,True,android_frameworks_native,LineageOS/android_frameworks_native,git@github.com:LineageOS/android_frameworks_native.git,25
MDEwOlJlcG9zaXRvcnk3NTYzOTg5NA==,2016-12-05T15:41:27Z,2026-03-14T16:56:27Z,2026-04-16T10:37:17Z,322607,True,android_frameworks_av,LineageOS/android_frameworks_av,git@github.com:LineageOS/android_frameworks_av.git,23
MDEwOlJlcG9zaXRvcnk3NTYzOTUyMw==,2016-12-05T15:38:40Z,2026-05-04T09:26:23Z,2026-04-23T16:34:46Z,12818,True,android_hardware_samsung,LineageOS/android_hardware_samsung,git@github.com:LineageOS/android_hardware_samsung.git,73
MDEwOlJlcG9zaXRvcnk3NTYzOTQxNg==,2016-12-05T15:37:46Z,2026-03-07T08:51:52Z,2026-04-24T21:46:41Z,39684,True,android_hardware_qcom_display,LineageOS/android_hardware_qcom_display,git@github.com:LineageOS/android_hardware_qcom_display.git,25
MDEwOlJlcG9zaXRvcnk3NTYzODU5NQ==,2016-12-05T15:31:33Z,2026-04-22T03:42:37Z,2026-04-25T23:09:45Z,100294,True,android_bootable_recovery,LineageOS/android_bootable_recovery,git@github.com:LineageOS/android_bootable_recovery.git,93
MDEwOlJlcG9zaXRvcnk3NTYzNTU0Mg==,2016-12-05T14:59:35Z,2026-03-06T08:25:38Z,2026-05-05T22:00:19Z,85332,True,android_system_bt,LineageOS/android_system_bt,git@github.com:LineageOS/android_system_bt.git,17
MDEwOlJlcG9zaXRvcnk3NTYzMDc2OQ==,2016-12-05T14:08:25Z,2026-04-28T11:21:03Z,2026-04-28T11:21:20Z,14964,False,Ingress-Field-Design,Konano/Ingress-Field-Design,git@github.com:Konano/Ingress-Field-Design.git,107
MDEwOlJlcG9zaXRvcnk3NTYyNDIxNg==,2016-12-05T12:49:29Z,2026-05-06T16:04:25Z,2026-05-06T16:03:50Z,1667,True,FirmwareProgrammer,ChimeraTK/FirmwareProgrammer,git@github.com:ChimeraTK/FirmwareProgrammer.git,1
MDEwOlJlcG9zaXRvcnk3NTU3MjMyNA==,2016-12-04T23:48:41Z,2026-05-06T20:29:45Z,2026-05-06T20:29:58Z,190023,True,OpenEnroth,OpenEnroth/OpenEnroth,git@github.com:OpenEnroth/OpenEnroth.git,828
MDEwOlJlcG9zaXRvcnk3NTUxNjY0NQ==,2016-12-04T04:11:11Z,2026-03-20T11:24:06Z,2026-04-23T18:06:33Z,14224,True,libxdf,xdf-modules/libxdf,git@github.com:xdf-modules/libxdf.git,17
MDEwOlJlcG9zaXRvcnk3NTQ4OTgxMw==,2016-12-03T17:40:34Z,2026-05-01T10:45:58Z,2026-05-01T10:45:54Z,1766,False,gxut,sungkil/gxut,git@github.com:sungkil/gxut.git,1
MDEwOlJlcG9zaXRvcnk3NTQxNTM5MA==,2016-12-02T17:11:37Z,2026-04-30T18:09:41Z,2026-05-01T01:03:36Z,14790,True,bookgen,fairy-stockfish/bookgen,git@github.com:fairy-stockfish/bookgen.git,26
MDEwOlJlcG9zaXRvcnk3NTQxMzEzMA==,2016-12-02T16:40:38Z,2026-05-07T11:08:32Z,2026-05-06T05:55:09Z,609698,True,Open3D,isl-org/Open3D,git@github.com:isl-org/Open3D.git,13557
MDEwOlJlcG9zaXRvcnk3NTM4NzY0NA==,2016-12-02T10:54:31Z,2026-05-06T14:32:58Z,2026-05-06T14:09:56Z,267182,False,Namics,leermakers/Namics,git@github.com:leermakers/Namics.git,5
MDEwOlJlcG9zaXRvcnk3NTMzMDMyMA==,2016-12-01T20:32:45Z,2026-05-07T04:34:35Z,2026-04-07T13:59:35Z,551,True,mavlink-router,mavlink-router/mavlink-router,git@github.com:mavlink-router/mavlink-router.git,582
MDEwOlJlcG9zaXRvcnk3NTMyMjQwNQ==,2016-12-01T18:51:04Z,2026-05-07T02:16:52Z,2026-05-07T09:31:50Z,14617,True,proxy,istio/proxy,git@github.com:istio/proxy.git,890
MDEwOlJlcG9zaXRvcnk3NTI1MzUwOA==,2016-12-01T03:58:11Z,2026-03-21T03:25:12Z,2026-03-21T03:25:09Z,7344,False,PureData,8v01d/PureData,git@github.com:8v01d/PureData.git,19
MDEwOlJlcG9zaXRvcnk3NTI1MjQxMw==,2016-12-01T03:42:58Z,2026-05-05T07:16:57Z,2026-05-05T07:16:52Z,205,True,smartmet-plugin-trajectory,fmidev/smartmet-plugin-trajectory,git@github.com:fmidev/smartmet-plugin-trajectory.git,0
MDEwOlJlcG9zaXRvcnk3NTI1MjIyMQ==,2016-12-01T03:40:16Z,2026-05-05T07:16:54Z,2026-05-05T07:16:49Z,13505,True,smartmet-plugin-textgen,fmidev/smartmet-plugin-textgen,git@github.com:fmidev/smartmet-plugin-textgen.git,0
MDEwOlJlcG9zaXRvcnk3NTIzMjIxMw==,2016-11-30T22:18:32Z,2026-05-05T01:08:11Z,2026-05-05T01:08:02Z,2458893,True,ITKTestingData,InsightSoftwareConsortium/ITKTestingData,git@github.com:InsightSoftwareConsortium/ITKTestingData.git,1
MDEwOlJlcG9zaXRvcnk3NTIwMTU3Mw==,2016-11-30T15:45:20Z,2026-04-19T04:14:38Z,2026-04-19T04:14:34Z,281,True,Libraries,EnviroDIY/Libraries,git@github.com:EnviroDIY/Libraries.git,8
MDEwOlJlcG9zaXRvcnk3NTE4ODQxOQ==,2016-11-30T13:16:26Z,2026-05-05T07:16:38Z,2026-05-05T07:16:34Z,1536,True,smartmet-plugin-cross_section,fmidev/smartmet-plugin-cross_section,git@github.com:fmidev/smartmet-plugin-cross_section.git,0
MDEwOlJlcG9zaXRvcnk3NTE4ODA2MA==,2016-11-30T13:11:47Z,2026-05-05T07:16:34Z,2026-05-05T07:16:30Z,516,True,smartmet-plugin-avi,fmidev/smartmet-plugin-avi,git@github.com:fmidev/smartmet-plugin-avi.git,0
MDEwOlJlcG9zaXRvcnk3NTE4NzczOQ==,2016-11-30T13:07:20Z,2026-05-06T06:39:47Z,2026-05-06T06:39:43Z,534,True,smartmet-engine-gis,fmidev/smartmet-engine-gis,git@github.com:fmidev/smartmet-engine-gis.git,0
MDEwOlJlcG9zaXRvcnk3NTE4NzM4NA==,2016-11-30T13:02:23Z,2026-05-05T15:27:11Z,2026-05-05T15:26:58Z,5100,True,smartmet-engine-contour,fmidev/smartmet-engine-contour,git@github.com:fmidev/smartmet-engine-contour.git,0
MDEwOlJlcG9zaXRvcnk3NTE4NzIwMA==,2016-11-30T13:00:02Z,2026-05-06T06:09:31Z,2026-05-06T06:09:26Z,401,True,smartmet-engine-avi,fmidev/smartmet-engine-avi,git@github.com:fmidev/smartmet-engine-avi.git,0
MDEwOlJlcG9zaXRvcnk3NTE4NjgwMQ==,2016-11-30T12:54:48Z,2026-05-05T07:16:12Z,2026-05-05T07:16:07Z,228,True,smartmet-engine-authentication,fmidev/smartmet-engine-authentication,git@github.com:fmidev/smartmet-engine-authentication.git,0
MDEwOlJlcG9zaXRvcnk3NTA1MzMwOQ==,2016-11-29T07:05:26Z,2026-05-05T09:50:29Z,2026-05-05T09:50:25Z,734,True,smartmet-library-imagine,fmidev/smartmet-library-imagine,git@github.com:fmidev/smartmet-library-imagine.git,0
MDEwOlJlcG9zaXRvcnk3NTA1MzI3Mw==,2016-11-29T07:05:00Z,2026-05-05T09:50:18Z,2026-05-05T09:50:14Z,113,True,smartmet-library-regression,fmidev/smartmet-library-regression,git@github.com:fmidev/smartmet-library-regression.git,0
MDEwOlJlcG9zaXRvcnk3NTA1MzE4NA==,2016-11-29T07:03:54Z,2026-05-05T09:50:31Z,2026-05-05T09:50:28Z,249,True,smartmet-library-locus,fmidev/smartmet-library-locus,git@github.com:fmidev/smartmet-library-locus.git,0
MDEwOlJlcG9zaXRvcnk3NTA1MzA5NA==,2016-11-29T07:02:37Z,2026-05-05T09:50:25Z,2026-05-05T09:50:21Z,3947,True,smartmet-library-giza,fmidev/smartmet-library-giza,git@github.com:fmidev/smartmet-library-giza.git,0
MDEwOlJlcG9zaXRvcnk3NTA1MzA0OA==,2016-11-29T07:02:04Z,2026-05-05T09:50:23Z,2026-05-05T09:50:20Z,1002,True,smartmet-library-gis,fmidev/smartmet-library-gis,git@github.com:fmidev/smartmet-library-gis.git,1
MDEwOlJlcG9zaXRvcnk3NTA1Mjk0Ng==,2016-11-29T07:00:42Z,2026-05-05T09:50:33Z,2026-05-05T09:50:29Z,1535,True,smartmet-library-macgyver,fmidev/smartmet-library-macgyver,git@github.com:fmidev/smartmet-library-macgyver.git,0
MDEwOlJlcG9zaXRvcnk3NTA1MjkxOQ==,2016-11-29T07:00:13Z,2026-05-05T09:50:34Z,2026-05-05T09:50:30Z,11356,True,smartmet-library-newbase,fmidev/smartmet-library-newbase,git@github.com:fmidev/smartmet-library-newbase.git,0
MDEwOlJlcG9zaXRvcnk3NTA1Mjg1Nw==,2016-11-29T06:59:20Z,2026-05-05T07:15:53Z,2026-05-06T07:18:05Z,1856,True,smartmet-library-spine,fmidev/smartmet-library-spine,git@github.com:fmidev/smartmet-library-spine.git,1
MDEwOlJlcG9zaXRvcnk3NTAyMjAzMA==,2016-11-28T23:02:45Z,2026-05-01T13:30:28Z,2026-05-07T06:50:20Z,135418,True,votca,votca/votca,git@github.com:votca/votca.git,64
MDEwOlJlcG9zaXRvcnk3NTAxMjE5MQ==,2016-11-28T20:37:51Z,2026-04-19T15:26:43Z,2026-04-19T15:26:39Z,2395,False,HBWired,ThorstenPferdekaemper/HBWired,git@github.com:ThorstenPferdekaemper/HBWired.git,13
MDEwOlJlcG9zaXRvcnk3NDk4NjE5NQ==,2016-11-28T15:25:23Z,2026-04-27T05:35:23Z,2026-04-22T03:41:47Z,229,False,JMI,wang-bin/JMI,git@github.com:wang-bin/JMI.git,87
MDEwOlJlcG9zaXRvcnk3NDg5MzUzMw==,2016-11-27T14:40:16Z,2026-03-28T12:23:42Z,2026-03-26T00:02:17Z,8,False,arduino-json-api,digitalhen/arduino-json-api,git@github.com:digitalhen/arduino-json-api.git,3
MDEwOlJlcG9zaXRvcnk3NDg4MDYwNA==,2016-11-27T10:21:40Z,2026-05-03T12:17:51Z,2026-05-03T17:58:55Z,711,False,RemoteDiskHealthMonitor,Kicer86/RemoteDiskHealthMonitor,git@github.com:Kicer86/RemoteDiskHealthMonitor.git,0
MDEwOlJlcG9zaXRvcnk3NDg3Nzc5OQ==,2016-11-27T09:13:27Z,2026-04-08T10:28:42Z,2026-04-08T10:28:37Z,303,True,TensorRepresentationIndexing,Reification/TensorRepresentationIndexing,git@github.com:Reification/TensorRepresentationIndexing.git,0
MDEwOlJlcG9zaXRvcnk3NDg1NDk3OQ==,2016-11-26T22:52:57Z,2026-05-05T00:06:32Z,2026-04-22T22:46:48Z,100143,False,Clothoids,ebertolazzi/Clothoids,git@github.com:ebertolazzi/Clothoids.git,144
MDEwOlJlcG9zaXRvcnk3NDgzMDAwOQ==,2016-11-26T14:19:12Z,2026-05-05T13:10:18Z,2026-05-06T13:30:39Z,10089,True,SIRF,SyneRBI/SIRF,git@github.com:SyneRBI/SIRF.git,69
MDEwOlJlcG9zaXRvcnk3NDgwNjYxMA==,2016-11-26T05:26:24Z,2026-05-06T04:17:46Z,2026-05-06T04:17:43Z,817,False,epsic,straten/epsic,git@github.com:straten/epsic.git,7
MDEwOlJlcG9zaXRvcnk3NDc4ODM2MA==,2016-11-25T21:12:11Z,2026-04-06T07:51:22Z,2026-05-01T16:02:27Z,207948,True,SpatGRIS,GRIS-UdeM/SpatGRIS,git@github.com:GRIS-UdeM/SpatGRIS.git,83
MDEwOlJlcG9zaXRvcnk3NDc4NzgxNQ==,2016-11-25T20:59:54Z,2026-04-27T14:10:36Z,2026-04-27T14:10:30Z,998,True,phidgets_drivers,ros-drivers/phidgets_drivers,git@github.com:ros-drivers/phidgets_drivers.git,50
MDEwOlJlcG9zaXRvcnk3NDc4NzE1Nw==,2016-11-25T20:45:40Z,2026-03-22T08:21:11Z,2026-05-07T07:27:02Z,956951,False,exact,travisdesell/exact,git@github.com:travisdesell/exact.git,65
MDEwOlJlcG9zaXRvcnk3NDc3NTc4OQ==,2016-11-25T17:07:34Z,2026-05-05T01:25:18Z,2026-04-27T01:46:52Z,2648,False,xdrawchem,bryanherger/xdrawchem,git@github.com:bryanherger/xdrawchem.git,42
MDEwOlJlcG9zaXRvcnk3NDcwNzk5OA==,2016-11-24T22:09:54Z,2026-05-07T06:18:18Z,2026-03-31T07:49:09Z,1233733,True,micmac,micmacIGN/micmac,git@github.com:micmacIGN/micmac.git,884
MDEwOlJlcG9zaXRvcnk3NDY5MjgwOQ==,2016-11-24T17:22:20Z,2026-04-18T07:46:42Z,2026-04-18T07:46:37Z,863,False,lexertl14,BenHanson/lexertl14,git@github.com:BenHanson/lexertl14.git,50
MDEwOlJlcG9zaXRvcnk3NDY2MDY0Mg==,2016-11-24T10:00:05Z,2026-05-07T07:17:27Z,2026-04-06T19:37:14Z,60231,True,taichi,taichi-dev/taichi,git@github.com:taichi-dev/taichi.git,28180
MDEwOlJlcG9zaXRvcnk3NDYzMDUxNQ==,2016-11-24T02:20:36Z,2026-05-07T01:45:47Z,2026-04-26T04:45:55Z,100286,True,desmume,TASEmulators/desmume,git@github.com:TASEmulators/desmume.git,3549
MDEwOlJlcG9zaXRvcnk3NDU4Mjc4Mw==,2016-11-23T14:10:37Z,2026-05-05T11:51:51Z,2026-05-04T19:18:08Z,1232,False,RazerGenie,z3ntu/RazerGenie,git@github.com:z3ntu/RazerGenie.git,460
MDEwOlJlcG9zaXRvcnk3NDU2NTE4Nw==,2016-11-23T10:17:38Z,2026-05-06T19:02:12Z,2026-05-06T19:02:08Z,59500,False,BrotBoxEngine,Brotcrunsher/BrotBoxEngine,git@github.com:Brotcrunsher/BrotBoxEngine.git,59
MDEwOlJlcG9zaXRvcnk3NDQ5NzQ2MA==,2016-11-22T17:32:21Z,2026-05-06T13:15:40Z,2026-04-12T17:51:32Z,1146,False,memory-allocators,mtrebi/memory-allocators,git@github.com:mtrebi/memory-allocators.git,1970
MDEwOlJlcG9zaXRvcnk3NDQ1OTE1OA==,2016-11-22T10:00:30Z,2026-04-24T15:27:51Z,2026-04-24T15:27:47Z,74,True,RobocupReferee,Rhoban/RobocupReferee,git@github.com:Rhoban/RobocupReferee.git,0
MDEwOlJlcG9zaXRvcnk3NDQwOTMzNA==,2016-11-21T21:54:49Z,2026-03-28T22:05:33Z,2026-03-28T22:05:30Z,16778,False,meteo-home,deuteros76/meteo-home,git@github.com:deuteros76/meteo-home.git,4
MDEwOlJlcG9zaXRvcnk3NDMwMDM1Ng==,2016-11-20T20:25:03Z,2026-04-09T01:14:09Z,2026-04-12T23:59:56Z,363,True,goby3-examples,GobySoft/goby3-examples,git@github.com:GobySoft/goby3-examples.git,6
MDEwOlJlcG9zaXRvcnk3NDI3NzgxNA==,2016-11-20T13:59:57Z,2026-05-05T15:00:55Z,2026-05-07T11:30:35Z,24531,True,openpower-vpd-parser,openbmc/openpower-vpd-parser,git@github.com:openbmc/openpower-vpd-parser.git,11
MDEwOlJlcG9zaXRvcnk3NDI1NTA0Mw==,2016-11-20T05:35:16Z,2026-03-16T23:22:09Z,2026-03-27T10:43:56Z,172349,True,swedish-olympiad-2017,Kodsport/swedish-olympiad-2017,git@github.com:Kodsport/swedish-olympiad-2017.git,4
MDEwOlJlcG9zaXRvcnk3NDI0MjY0Ng==,2016-11-19T23:51:04Z,2026-04-20T06:08:29Z,2026-04-20T06:08:24Z,2970,False,competitive_programming,larc/competitive_programming,git@github.com:larc/competitive_programming.git,5
MDEwOlJlcG9zaXRvcnk3NDIyMzE2Mg==,2016-11-19T17:15:18Z,2026-05-07T06:08:56Z,2026-05-03T05:11:01Z,54475,False,EternalTerminal,MisterTea/EternalTerminal,git@github.com:MisterTea/EternalTerminal.git,3625
MDEwOlJlcG9zaXRvcnk3NDE3Mzk5OA==,2016-11-18T23:16:45Z,2026-04-23T18:32:02Z,2026-04-23T18:31:57Z,2411,False,cryptoTools,ladnir/cryptoTools,git@github.com:ladnir/cryptoTools.git,132
MDEwOlJlcG9zaXRvcnk3NDE2NzI1NQ==,2016-11-18T21:21:46Z,2026-05-05T21:50:55Z,2026-05-07T10:10:01Z,3375,True,phosphor-state-manager,openbmc/phosphor-state-manager,git@github.com:openbmc/phosphor-state-manager.git,17
MDEwOlJlcG9zaXRvcnk3NDE2NTQyOQ==,2016-11-18T20:51:39Z,2026-05-06T19:09:25Z,2026-05-06T19:23:51Z,1441,True,node-native-metrics,newrelic/node-native-metrics,git@github.com:newrelic/node-native-metrics.git,62
MDEwOlJlcG9zaXRvcnk3NDEyMzAwMg==,2016-11-18T11:13:00Z,2026-05-03T08:51:42Z,2026-04-14T21:20:18Z,212739,False,Kainote,bjakja/Kainote,git@github.com:bjakja/Kainote.git,112
MDEwOlJlcG9zaXRvcnk3NDAxMTA3OQ==,2016-11-17T09:24:30Z,2026-04-24T15:38:52Z,2026-03-23T01:11:54Z,274,True,mod-transmog,azerothcore/mod-transmog,git@github.com:azerothcore/mod-transmog.git,168
MDEwOlJlcG9zaXRvcnk3Mzk5MjI3Nw==,2016-11-17T05:07:46Z,2026-05-04T14:43:54Z,2026-05-03T22:42:35Z,1209,False,bees,Zygo/bees,git@github.com:Zygo/bees.git,957
MDEwOlJlcG9zaXRvcnk3Mzk1NTQ5Mg==,2016-11-16T19:51:17Z,2026-05-05T17:28:59Z,2026-05-05T17:28:56Z,977,True,rosidl_typesupport,ros2/rosidl_typesupport,git@github.com:ros2/rosidl_typesupport.git,19
MDEwOlJlcG9zaXRvcnk3MzkwMzQ3NQ==,2016-11-16T09:16:29Z,2026-05-05T11:57:14Z,2026-05-05T22:51:32Z,25796,True,app,socnetv/app,git@github.com:socnetv/app.git,250
MDEwOlJlcG9zaXRvcnk3Mzg5NTQwOQ==,2016-11-16T07:33:49Z,2026-05-05T07:16:31Z,2026-05-05T07:16:26Z,1969,True,smartmet-plugin-admin,fmidev/smartmet-plugin-admin,git@github.com:fmidev/smartmet-plugin-admin.git,0
MDEwOlJlcG9zaXRvcnk3Mzg2NDU2Nw==,2016-11-15T23:27:54Z,2026-03-28T08:55:05Z,2026-03-28T08:55:01Z,4873,False,IrisGL,jahshaka/IrisGL,git@github.com:jahshaka/IrisGL.git,5
MDEwOlJlcG9zaXRvcnk3MzgzMDM2NQ==,2016-11-15T16:01:35Z,2026-03-16T15:31:47Z,2026-03-16T15:31:51Z,155,True,Braccio,arduino-libraries/Braccio,git@github.com:arduino-libraries/Braccio.git,25
MDEwOlJlcG9zaXRvcnk3Mzc5MjU0Ng==,2016-11-15T08:27:04Z,2026-05-04T09:57:05Z,2026-05-07T09:23:02Z,4127,True,kimagemapeditor,KDE/kimagemapeditor,git@github.com:KDE/kimagemapeditor.git,10
MDEwOlJlcG9zaXRvcnk3MzcwMDU0MQ==,2016-11-14T12:00:18Z,2026-03-19T15:39:29Z,2026-03-19T15:31:45Z,1383,True,transactional-update,openSUSE/transactional-update,git@github.com:openSUSE/transactional-update.git,140
MDEwOlJlcG9zaXRvcnk3MzY5OTI3OQ==,2016-11-14T11:43:50Z,2026-05-05T16:00:48Z,2026-05-05T16:00:44Z,2616,True,qtdeviceutilities,qt/qtdeviceutilities,git@github.com:qt/qtdeviceutilities.git,16
MDEwOlJlcG9zaXRvcnk3MzYzMjgxOA==,2016-11-13T17:55:24Z,2026-05-03T13:20:09Z,2026-04-27T08:47:52Z,728,False,tmxlite,fallahn/tmxlite,git@github.com:fallahn/tmxlite.git,454
MDEwOlJlcG9zaXRvcnk3MzYyNzg5MA==,2016-11-13T16:24:59Z,2026-05-07T06:27:08Z,2026-05-06T20:32:48Z,38191,True,modorganizer,ModOrganizer2/modorganizer,git@github.com:ModOrganizer2/modorganizer.git,2904
MDEwOlJlcG9zaXRvcnk3MzYwODY0OA==,2016-11-13T10:24:27Z,2026-04-12T13:41:03Z,2026-03-19T23:33:59Z,723,True,winimerge,WinMerge/winimerge,git@github.com:WinMerge/winimerge.git,88
MDEwOlJlcG9zaXRvcnk3MzU3OTgzMw==,2016-11-12T21:36:12Z,2026-05-07T10:22:21Z,2026-05-07T10:22:17Z,337655,True,regina,regina-normal/regina,git@github.com:regina-normal/regina.git,40
MDEwOlJlcG9zaXRvcnk3MzUzMDE5Mw==,2016-11-12T03:53:52Z,2026-04-15T15:18:14Z,2026-04-13T02:42:01Z,46,False,flags,sailormoon/flags,git@github.com:sailormoon/flags.git,235
MDEwOlJlcG9zaXRvcnk3MzQ4MjQ1OA==,2016-11-11T14:05:40Z,2026-05-06T11:32:44Z,2026-05-06T11:32:38Z,228377,True,summerschool,csc-training/summerschool,git@github.com:csc-training/summerschool.git,124
MDEwOlJlcG9zaXRvcnk3MzQzMTg5Mg==,2016-11-11T00:18:30Z,2026-04-09T03:10:32Z,2026-03-18T11:42:42Z,550,True,xtensor-python,xtensor-stack/xtensor-python,git@github.com:xtensor-stack/xtensor-python.git,368
MDEwOlJlcG9zaXRvcnk3MzQyMDk0MA==,2016-11-10T21:07:34Z,2026-03-28T19:00:32Z,2026-03-28T19:00:28Z,369,True,am,nd-nuclear-theory/am,git@github.com:nd-nuclear-theory/am.git,1
MDEwOlJlcG9zaXRvcnk3MzQwMTU0Mw==,2016-11-10T16:44:22Z,2026-03-21T12:09:47Z,2026-03-21T12:09:43Z,5614,True,instrumentation-arduino,NottingHack/instrumentation-arduino,git@github.com:NottingHack/instrumentation-arduino.git,5
MDEwOlJlcG9zaXRvcnk3MzM5ODEwMA==,2016-11-10T16:04:18Z,2026-04-29T15:34:38Z,2026-04-29T15:32:56Z,17430,False,aiwlib,aivn/aiwlib,git@github.com:aivn/aiwlib.git,8
MDEwOlJlcG9zaXRvcnk3MzM0NTk2Mw==,2016-11-10T04:02:26Z,2026-03-19T14:30:21Z,2026-03-19T14:28:10Z,279,True,slpd-lite,openbmc/slpd-lite,git@github.com:openbmc/slpd-lite.git,0
MDEwOlJlcG9zaXRvcnk3MzMwMDE4Mw==,2016-11-09T16:15:17Z,2026-03-19T16:52:48Z,2026-04-14T05:52:02Z,8933,True,rv,cdl-saarland/rv,git@github.com:cdl-saarland/rv.git,113
MDEwOlJlcG9zaXRvcnk3MzE3NzkzOQ==,2016-11-08T11:06:23Z,2026-04-20T14:24:20Z,2026-04-20T14:22:21Z,2328,False,poolcore,eXtremal-ik7/poolcore,git@github.com:eXtremal-ik7/poolcore.git,6
MDEwOlJlcG9zaXRvcnk3MzEzNzY5Ng==,2016-11-08T01:38:58Z,2026-04-11T17:19:14Z,2026-04-11T17:19:10Z,78394,False,Trajectory-similarity,ZhangShurong/Trajectory-similarity,git@github.com:ZhangShurong/Trajectory-similarity.git,8
MDEwOlJlcG9zaXRvcnk3MzEyMjk0OQ==,2016-11-07T21:34:26Z,2026-04-30T00:04:12Z,2026-03-06T22:16:33Z,21384,False,IoTaWatt,boblemaire/IoTaWatt,git@github.com:boblemaire/IoTaWatt.git,720
MDEwOlJlcG9zaXRvcnk3MzEwNTU4MQ==,2016-11-07T17:54:12Z,2026-03-19T18:54:34Z,2026-03-20T19:54:06Z,3018,True,Fenix,sandialabs/Fenix,git@github.com:sandialabs/Fenix.git,15
MDEwOlJlcG9zaXRvcnk3MzEwMTU1OA==,2016-11-07T17:04:01Z,2026-05-07T06:39:42Z,2026-04-24T16:50:48Z,4839,True,bloaty,google/bloaty,git@github.com:google/bloaty.git,5439
MDEwOlJlcG9zaXRvcnk3MzA5MDIzMA==,2016-11-07T15:07:53Z,2026-05-06T13:51:26Z,2026-05-06T13:50:16Z,2251,True,lo2s,tud-zih-energy/lo2s,git@github.com:tud-zih-energy/lo2s.git,57
MDEwOlJlcG9zaXRvcnk3MzA0Nzk1NA==,2016-11-07T06:16:28Z,2026-04-18T13:39:44Z,2026-04-18T13:39:38Z,235,False,tntpub,maekitalo/tntpub,git@github.com:maekitalo/tntpub.git,1
MDEwOlJlcG9zaXRvcnk3MzAyMzc5NA==,2016-11-06T22:42:54Z,2026-04-24T11:54:38Z,2026-03-11T15:57:40Z,51942,False,Sketchup-API-C-Wrapper,TommyKaneko/Sketchup-API-C-Wrapper,git@github.com:TommyKaneko/Sketchup-API-C-Wrapper.git,36
MDEwOlJlcG9zaXRvcnk3MzAyMTU1Mw==,2016-11-06T21:56:50Z,2026-05-04T16:27:06Z,2026-04-20T18:27:47Z,8018,True,inputstream.adaptive,xbmc/inputstream.adaptive,git@github.com:xbmc/inputstream.adaptive.git,525
MDEwOlJlcG9zaXRvcnk3MzAxMzgzOA==,2016-11-06T19:31:08Z,2026-04-29T18:13:13Z,2026-04-29T18:13:11Z,43,False,kmtest,SergiusTheBest/kmtest,git@github.com:SergiusTheBest/kmtest.git,52
MDEwOlJlcG9zaXRvcnk3MzAwNzk1NQ==,2016-11-06T17:45:24Z,2026-05-05T15:10:31Z,2026-04-23T18:32:05Z,5598,True,libOTe,osu-crypto/libOTe,git@github.com:osu-crypto/libOTe.git,494
MDEwOlJlcG9zaXRvcnk3Mjk2NDQ1Ng==,2016-11-06T01:59:21Z,2026-04-13T07:38:32Z,2026-05-06T19:52:18Z,52341,True,goby3,GobySoft/goby3,git@github.com:GobySoft/goby3.git,32
MDEwOlJlcG9zaXRvcnk3MjkzMjcwNw==,2016-11-05T14:53:25Z,2026-05-04T12:55:21Z,2026-05-04T12:55:13Z,100090,False,AutoAnalogAudio,TMRh20/AutoAnalogAudio,git@github.com:TMRh20/AutoAnalogAudio.git,145
MDEwOlJlcG9zaXRvcnk3MjkyNjgzOQ==,2016-11-05T13:09:11Z,2026-05-07T10:16:17Z,2026-04-12T18:02:25Z,396188,True,faust,grame-cncm/faust,git@github.com:grame-cncm/faust.git,3036
MDEwOlJlcG9zaXRvcnk3MjkyNjEyNQ==,2016-11-05T12:57:20Z,2026-05-04T09:59:52Z,2026-05-07T09:24:19Z,229936,True,konqueror,KDE/konqueror,git@github.com:KDE/konqueror.git,105
MDEwOlJlcG9zaXRvcnk3MjkyNTQyMw==,2016-11-05T12:44:17Z,2026-05-05T00:48:14Z,2026-05-07T09:22:37Z,37625,True,kdialog,KDE/kdialog,git@github.com:KDE/kdialog.git,62
MDEwOlJlcG9zaXRvcnk3MjkyNDQzMw==,2016-11-05T12:24:39Z,2026-05-05T01:42:22Z,2026-05-07T09:22:46Z,43093,True,kfind,KDE/kfind,git@github.com:KDE/kfind.git,19
MDEwOlJlcG9zaXRvcnk3MjkyNDE3OA==,2016-11-05T12:18:39Z,2026-05-04T05:58:05Z,2026-05-07T09:33:49Z,43518,True,keditbookmarks,KDE/keditbookmarks,git@github.com:KDE/keditbookmarks.git,11
MDEwOlJlcG9zaXRvcnk3MjgxMjAyMA==,2016-11-04T03:44:20Z,2026-04-04T20:37:46Z,2026-04-04T20:37:39Z,1281,True,Catena-Arduino-Platform,mcci-catena/Catena-Arduino-Platform,git@github.com:mcci-catena/Catena-Arduino-Platform.git,13
MDEwOlJlcG9zaXRvcnk3MjU3ODIxOA==,2016-11-01T21:27:32Z,2026-04-15T10:02:45Z,2026-05-06T15:51:45Z,91091,False,GERBER_X3,XRay3D/GERBER_X3,git@github.com:XRay3D/GERBER_X3.git,244
MDEwOlJlcG9zaXRvcnk3MjU3NDQ1Ng==,2016-11-01T20:37:31Z,2026-04-18T17:30:15Z,2026-03-15T03:32:01Z,3247,False,Cardinal-EMS,rstory1/Cardinal-EMS,git@github.com:rstory1/Cardinal-EMS.git,26
MDEwOlJlcG9zaXRvcnk3MjU0NDg4MA==,2016-11-01T14:38:01Z,2026-05-06T09:31:02Z,2026-05-06T09:30:57Z,326455,False,jokeme,webcrawler/jokeme,git@github.com:webcrawler/jokeme.git,1
MDEwOlJlcG9zaXRvcnk3MjQ2MDI4Nw==,2016-10-31T17:23:42Z,2026-05-07T01:57:06Z,2026-03-02T08:23:51Z,5070,True,kiwix-tools,kiwix/kiwix-tools,git@github.com:kiwix/kiwix-tools.git,853
MDEwOlJlcG9zaXRvcnk3MjQyNTg3NQ==,2016-10-31T10:24:58Z,2026-05-05T09:16:01Z,2026-04-30T19:13:43Z,7928,True,pcm,intel/pcm,git@github.com:intel/pcm.git,3265
MDEwOlJlcG9zaXRvcnk3MjQxMDAzMw==,2016-10-31T06:43:19Z,2026-04-25T08:52:53Z,2026-04-25T08:52:49Z,1274,False,password_codecs,bisqwit/password_codecs,git@github.com:bisqwit/password_codecs.git,87
MDEwOlJlcG9zaXRvcnk3MjM3NTA2OA==,2016-10-30T20:56:39Z,2026-05-05T22:55:28Z,2026-05-04T12:05:12Z,8974,True,libkiwix,kiwix/libkiwix,git@github.com:kiwix/libkiwix.git,185
MDEwOlJlcG9zaXRvcnk3MjM2ODc4OQ==,2016-10-30T18:57:45Z,2026-03-06T12:50:01Z,2026-03-06T12:49:57Z,78949,False,sandbox,annoviko/sandbox,git@github.com:annoviko/sandbox.git,4
MDEwOlJlcG9zaXRvcnk3MjM0MzIyMA==,2016-10-30T10:40:13Z,2026-05-07T09:36:20Z,2026-05-06T13:12:47Z,11982,True,xtensor,xtensor-stack/xtensor,git@github.com:xtensor-stack/xtensor.git,3732
MDEwOlJlcG9zaXRvcnk3MjI3OTYxOQ==,2016-10-29T10:56:49Z,2026-05-04T17:14:23Z,2026-05-06T14:25:03Z,108,False,pprintpp,tfc/pprintpp,git@github.com:tfc/pprintpp.git,240
MDEwOlJlcG9zaXRvcnk3MjIyNTU4OA==,2016-10-28T16:52:21Z,2026-05-05T04:00:30Z,2026-03-29T12:54:16Z,201655,True,rhino-developer-samples,mcneel/rhino-developer-samples,git@github.com:mcneel/rhino-developer-samples.git,749
MDEwOlJlcG9zaXRvcnk3MjIyMTEzNg==,2016-10-28T15:51:18Z,2026-05-05T11:29:01Z,2026-04-15T13:25:32Z,119099,False,Chataigne,benkuper/Chataigne,git@github.com:benkuper/Chataigne.git,1585
MDEwOlJlcG9zaXRvcnk3MjEyODg3Ng==,2016-10-27T16:50:53Z,2026-04-06T06:18:21Z,2026-03-08T12:25:15Z,613,True,ModelExplorer,RengaSoftware/ModelExplorer,git@github.com:RengaSoftware/ModelExplorer.git,23
MDEwOlJlcG9zaXRvcnk3MjEyNDU0Mg==,2016-10-27T15:58:08Z,2026-03-18T02:26:31Z,2026-05-05T19:18:02Z,109062,False,Grindstone,KarimIO/Grindstone,git@github.com:KarimIO/Grindstone.git,8
MDEwOlJlcG9zaXRvcnk3MjEyMTQ0NQ==,2016-10-27T15:22:18Z,2026-05-06T00:38:05Z,2026-05-06T00:38:02Z,9944,False,implisolid,sohale/implisolid,git@github.com:sohale/implisolid.git,30
MDEwOlJlcG9zaXRvcnk3MjA0NTc0Nw==,2016-10-26T21:25:00Z,2026-03-25T14:49:56Z,2026-03-02T00:37:12Z,6827,False,Pythia,overfl0/Pythia,git@github.com:overfl0/Pythia.git,86
MDEwOlJlcG9zaXRvcnk3MjAzODAwNw==,2016-10-26T19:37:31Z,2026-05-07T04:40:12Z,2026-05-07T04:59:47Z,178996,True,Celestia,CelestiaProject/Celestia,git@github.com:CelestiaProject/Celestia.git,2281
MDEwOlJlcG9zaXRvcnk3MjAyNjg3Ng==,2016-10-26T17:22:58Z,2026-04-14T13:03:14Z,2026-04-01T15:36:14Z,6427,True,cpp-samples,GoogleCloudPlatform/cpp-samples,git@github.com:GoogleCloudPlatform/cpp-samples.git,178
MDEwOlJlcG9zaXRvcnk3MjAyMTUyOA==,2016-10-26T16:17:31Z,2026-05-07T00:52:02Z,2026-05-05T18:54:07Z,47558,False,aspia,dchapyshev/aspia,git@github.com:dchapyshev/aspia.git,1881
MDEwOlJlcG9zaXRvcnk3MTk5ODkyMg==,2016-10-26T12:03:15Z,2026-05-05T07:16:28Z,2026-05-05T10:11:49Z,1169,True,smartmet-engine-querydata,fmidev/smartmet-engine-querydata,git@github.com:fmidev/smartmet-engine-querydata.git,0
MDEwOlJlcG9zaXRvcnk3MTk3MjUwNA==,2016-10-26T06:19:47Z,2026-05-05T07:16:36Z,2026-05-05T07:16:32Z,210,True,smartmet-plugin-backend,fmidev/smartmet-plugin-backend,git@github.com:fmidev/smartmet-plugin-backend.git,0
MDEwOlJlcG9zaXRvcnk3MTkxODQ4OQ==,2016-10-25T16:48:04Z,2026-05-01T11:07:44Z,2026-05-01T23:32:27Z,21932,False,camp,rolker/camp,git@github.com:rolker/camp.git,25
MDEwOlJlcG9zaXRvcnk3MTg4MjU3Mg==,2016-10-25T09:45:24Z,2026-04-29T12:31:13Z,2026-04-29T12:31:09Z,15508,True,hecuba,bsc-dd/hecuba,git@github.com:bsc-dd/hecuba.git,5
MDEwOlJlcG9zaXRvcnk3MTg3Mjk1MA==,2016-10-25T07:53:56Z,2026-04-29T18:40:29Z,2026-04-29T18:40:24Z,59766,False,RS-MET,RobinSchmidt/RS-MET,git@github.com:RobinSchmidt/RS-MET.git,65
MDEwOlJlcG9zaXRvcnk3MTgxNDc3MA==,2016-10-24T17:38:49Z,2026-05-04T16:17:40Z,2026-04-14T22:16:36Z,2413,True,krabsetw,microsoft/krabsetw,git@github.com:microsoft/krabsetw.git,763
MDEwOlJlcG9zaXRvcnk3MTc5OTA4NA==,2016-10-24T14:45:53Z,2026-04-09T03:14:47Z,2026-03-10T07:57:54Z,68237,True,rocksplicator,pinterest/rocksplicator,git@github.com:pinterest/rocksplicator.git,685
MDEwOlJlcG9zaXRvcnk3MTc3ODE2MA==,2016-10-24T10:30:10Z,2026-05-04T09:26:20Z,2026-04-23T02:27:01Z,245,True,kdev-verapp,KDE/kdev-verapp,git@github.com:KDE/kdev-verapp.git,5
MDEwOlJlcG9zaXRvcnk3MTc1NDU1Mg==,2016-10-24T05:26:27Z,2026-04-21T21:09:55Z,2026-04-04T20:39:37Z,293,True,arduino-lorawan,mcci-catena/arduino-lorawan,git@github.com:mcci-catena/arduino-lorawan.git,297
MDEwOlJlcG9zaXRvcnk3MTY0MzAwOA==,2016-10-22T14:07:25Z,2026-05-06T10:40:20Z,2026-05-02T17:46:20Z,8339,True,DistroAV,DistroAV/DistroAV,git@github.com:DistroAV/DistroAV.git,4341
MDEwOlJlcG9zaXRvcnk3MTYyNzU2OQ==,2016-10-22T08:47:37Z,2026-05-05T02:49:32Z,2026-05-06T21:13:22Z,173230,True,nrn,neuronsimulator/nrn,git@github.com:neuronsimulator/nrn.git,516
MDEwOlJlcG9zaXRvcnk3MTU0MjExOA==,2016-10-21T07:44:22Z,2026-05-05T07:16:49Z,2026-05-05T07:16:45Z,5453,True,smartmet-plugin-meta,fmidev/smartmet-plugin-meta,git@github.com:fmidev/smartmet-plugin-meta.git,0
MDEwOlJlcG9zaXRvcnk3MTUxNjI2MA==,2016-10-21T00:48:59Z,2026-03-16T10:18:18Z,2026-04-24T21:27:51Z,1188,True,latero-graphics,OpenLatero/latero-graphics,git@github.com:OpenLatero/latero-graphics.git,1
MDEwOlJlcG9zaXRvcnk3MTUwMDYwMQ==,2016-10-20T20:14:11Z,2026-05-03T04:10:53Z,2026-04-23T12:55:53Z,196383,False,polyphone,davy7125/polyphone,git@github.com:davy7125/polyphone.git,456
MDEwOlJlcG9zaXRvcnk3MTQ1ODM1Mw==,2016-10-20T11:56:46Z,2026-05-06T07:20:20Z,2026-05-06T07:20:16Z,849,True,smartmet-plugin-frontend,fmidev/smartmet-plugin-frontend,git@github.com:fmidev/smartmet-plugin-frontend.git,0
MDEwOlJlcG9zaXRvcnk3MTQxNDkyNQ==,2016-10-20T01:45:07Z,2026-04-22T09:11:38Z,2026-03-01T11:13:29Z,105738,False,bin2c,AraHaan/bin2c,git@github.com:AraHaan/bin2c.git,13
MDEwOlJlcG9zaXRvcnk3MTQwNTY5NQ==,2016-10-19T22:48:39Z,2026-05-07T04:47:15Z,2026-05-07T04:47:11Z,978,False,phosg,fuzziqersoftware/phosg,git@github.com:fuzziqersoftware/phosg.git,24
MDEwOlJlcG9zaXRvcnk3MTQwMjg0Mg==,2016-10-19T21:59:40Z,2026-05-06T09:09:53Z,2026-03-18T04:52:29Z,542,True,Detours,microsoft/Detours,git@github.com:microsoft/Detours.git,6246
MDEwOlJlcG9zaXRvcnk3MTQwMTAwNA==,2016-10-19T21:31:45Z,2026-03-17T07:58:30Z,2026-03-17T08:56:25Z,33,True,latero-gui,OpenLatero/latero-gui,git@github.com:OpenLatero/latero-gui.git,1
MDEwOlJlcG9zaXRvcnk3MTQwMDg1NA==,2016-10-19T21:29:29Z,2026-04-03T12:06:43Z,2026-04-15T00:01:49Z,19217,True,binder,RosettaCommons/binder,git@github.com:RosettaCommons/binder.git,364
MDEwOlJlcG9zaXRvcnk3MTM5NTUwNA==,2016-10-19T20:14:18Z,2026-05-06T22:24:11Z,2026-05-06T22:24:06Z,207315,True,storm,stormchecker/storm,git@github.com:stormchecker/storm.git,166
MDEwOlJlcG9zaXRvcnk3MTMwNjcxNw==,2016-10-19T01:28:01Z,2026-05-01T09:55:12Z,2026-05-01T09:55:08Z,7437,False,FeatherNotes,tsujan/FeatherNotes,git@github.com:tsujan/FeatherNotes.git,131
MDEwOlJlcG9zaXRvcnk3MTMwMjE5OA==,2016-10-19T00:10:01Z,2026-03-11T13:19:23Z,2026-03-11T13:19:20Z,42,True,latero,OpenLatero/latero,git@github.com:OpenLatero/latero.git,4
MDEwOlJlcG9zaXRvcnk3MTI3ODcwMg==,2016-10-18T18:27:15Z,2026-05-01T09:02:57Z,2026-05-01T09:02:54Z,40629,True,thepeg,hep-mirrors/thepeg,git@github.com:hep-mirrors/thepeg.git,2
MDEwOlJlcG9zaXRvcnk3MTI2NDY1Mg==,2016-10-18T15:47:43Z,2026-04-16T12:46:50Z,2026-04-16T12:46:46Z,2867,False,tranalisi,sunpho84/tranalisi,git@github.com:sunpho84/tranalisi.git,2
MDEwOlJlcG9zaXRvcnk3MTI0NjIyOQ==,2016-10-18T12:32:25Z,2026-05-06T08:40:27Z,2026-04-23T13:40:38Z,2345,True,qt5integration,linuxdeepin/qt5integration,git@github.com:linuxdeepin/qt5integration.git,41
MDEwOlJlcG9zaXRvcnk3MTEzMjQ3Mw==,2016-10-17T11:46:18Z,2026-04-10T17:07:48Z,2026-05-06T19:38:54Z,1946,True,phosphor-led-manager,openbmc/phosphor-led-manager,git@github.com:openbmc/phosphor-led-manager.git,7
MDEwOlJlcG9zaXRvcnk3MTEzMjQyMA==,2016-10-17T11:45:36Z,2026-04-24T13:14:27Z,2026-04-24T13:14:23Z,973,True,phosphor-inventory-manager,openbmc/phosphor-inventory-manager,git@github.com:openbmc/phosphor-inventory-manager.git,11
MDEwOlJlcG9zaXRvcnk3MTExMTQwMw==,2016-10-17T07:28:23Z,2026-04-27T10:02:52Z,2026-04-27T10:02:48Z,3678,False,isogeometric_application,vryy/isogeometric_application,git@github.com:vryy/isogeometric_application.git,3
MDEwOlJlcG9zaXRvcnk3MTA3NzE1Mg==,2016-10-16T21:05:54Z,2026-05-01T17:49:19Z,2026-05-01T17:52:24Z,721,False,tssh,gbonacini/tssh,git@github.com:gbonacini/tssh.git,29
MDEwOlJlcG9zaXRvcnk3MDk5NzQ1Ng==,2016-10-15T15:50:25Z,2026-05-05T19:17:22Z,2026-03-02T08:58:11Z,1268,False,ulisp,technoblogy/ulisp,git@github.com:technoblogy/ulisp.git,413
MDEwOlJlcG9zaXRvcnk3MDk5NDc0MQ==,2016-10-15T15:04:16Z,2026-04-22T08:40:40Z,2026-05-07T00:34:58Z,1027,False,sockpp,fpagliughi/sockpp,git@github.com:fpagliughi/sockpp.git,898
MDEwOlJlcG9zaXRvcnk3MDk0Nzg1MA==,2016-10-14T21:16:05Z,2026-03-27T15:43:46Z,2026-03-27T15:43:42Z,199204,False,nba_playoff_odds,martinm43/nba_playoff_odds,git@github.com:martinm43/nba_playoff_odds.git,3
MDEwOlJlcG9zaXRvcnk3MDg0MjYyMQ==,2016-10-13T19:52:05Z,2026-05-06T21:01:12Z,2026-05-05T13:27:13Z,41954,True,mfcmapi,microsoft/mfcmapi,git@github.com:microsoft/mfcmapi.git,968
MDEwOlJlcG9zaXRvcnk3MDc5MTkyNg==,2016-10-13T09:41:31Z,2026-05-06T13:57:01Z,2026-03-28T15:44:07Z,457,False,bkcrack,kimci86/bkcrack,git@github.com:kimci86/bkcrack.git,2108
MDEwOlJlcG9zaXRvcnk3MDc4NjQwMg==,2016-10-13T08:40:15Z,2026-05-02T11:49:12Z,2026-05-02T11:49:08Z,39248,True,neutrino,tuxbox-neutrino/neutrino,git@github.com:tuxbox-neutrino/neutrino.git,13
MDEwOlJlcG9zaXRvcnk3MDcyNzM5OA==,2016-10-12T18:07:46Z,2026-05-04T05:16:07Z,2026-05-06T17:56:29Z,80685,False,Photon-v2,TzuChieh/Photon-v2,git@github.com:TzuChieh/Photon-v2.git,95
MDEwOlJlcG9zaXRvcnk3MDY4NTc5Ng==,2016-10-12T09:43:22Z,2026-05-01T22:43:54Z,2026-05-01T22:43:48Z,1121,True,metacarpa,hmgu-itg/metacarpa,git@github.com:hmgu-itg/metacarpa.git,5
MDEwOlJlcG9zaXRvcnk3MDYzNTE1Nw==,2016-10-11T21:02:30Z,2026-05-07T08:22:41Z,2026-05-07T08:22:45Z,2608,True,sems-yeti,yeti-switch/sems-yeti,git@github.com:yeti-switch/sems-yeti.git,18
MDEwOlJlcG9zaXRvcnk3MDYyODYxOA==,2016-10-11T19:36:01Z,2026-05-07T08:00:35Z,2026-05-07T08:08:26Z,23669,True,sems,yeti-switch/sems,git@github.com:yeti-switch/sems.git,13
MDEwOlJlcG9zaXRvcnk3MDYwNDIwOA==,2016-10-11T14:52:47Z,2026-04-28T11:37:09Z,2026-04-28T11:37:04Z,161,True,Homegear-Intertechno,Homegear/Homegear-Intertechno,git@github.com:Homegear/Homegear-Intertechno.git,1
MDEwOlJlcG9zaXRvcnk3MDU4NzM1MA==,2016-10-11T11:39:26Z,2026-05-05T07:16:17Z,2026-05-05T07:16:13Z,443,True,smartmet-engine-geonames,fmidev/smartmet-engine-geonames,git@github.com:fmidev/smartmet-engine-geonames.git,0
MDEwOlJlcG9zaXRvcnk3MDU4NDM0MQ==,2016-10-11T10:56:53Z,2026-05-05T07:16:29Z,2026-05-05T07:16:24Z,319,True,smartmet-engine-sputnik,fmidev/smartmet-engine-sputnik,git@github.com:fmidev/smartmet-engine-sputnik.git,0
MDEwOlJlcG9zaXRvcnk3MDU1OTQwMw==,2016-10-11T05:33:15Z,2026-05-05T07:16:41Z,2026-05-05T10:11:50Z,10608,True,smartmet-plugin-download,fmidev/smartmet-plugin-download,git@github.com:fmidev/smartmet-plugin-download.git,0
MDEwOlJlcG9zaXRvcnk3MDU0Mjc1Ng==,2016-10-11T01:12:20Z,2026-04-30T06:53:16Z,2026-04-17T00:43:07Z,3980,True,jumanpp,ku-nlp/jumanpp,git@github.com:ku-nlp/jumanpp.git,414
MDEwOlJlcG9zaXRvcnk3MDQ5NTgyNQ==,2016-10-10T14:24:39Z,2026-03-13T22:56:17Z,2026-03-13T22:56:14Z,18551,True,Visualization,SeisSol/Visualization,git@github.com:SeisSol/Visualization.git,1
MDEwOlJlcG9zaXRvcnk3MDQ2NTM4Mg==,2016-10-10T08:01:42Z,2026-05-05T07:16:33Z,2026-05-05T07:16:28Z,435,True,smartmet-plugin-autocomplete,fmidev/smartmet-plugin-autocomplete,git@github.com:fmidev/smartmet-plugin-autocomplete.git,0
MDEwOlJlcG9zaXRvcnk3MDQ1NDc0OQ==,2016-10-10T05:27:37Z,2026-04-11T00:38:45Z,2026-04-11T00:38:38Z,1181,False,csci262-csci826ass3,yanboyang713/csci262-csci826ass3,git@github.com:yanboyang713/csci262-csci826ass3.git,1
MDEwOlJlcG9zaXRvcnk3MDQzNDM2NQ==,2016-10-09T22:34:28Z,2026-05-07T09:50:28Z,2026-05-01T15:15:19Z,3843,True,obs-websocket,obsproject/obs-websocket,git@github.com:obsproject/obs-websocket.git,4295
MDEwOlJlcG9zaXRvcnk3MDQxMjI2NA==,2016-10-09T15:29:41Z,2026-04-11T21:03:57Z,2026-04-11T21:03:52Z,12188,False,grouboy,arthurgiroux/grouboy,git@github.com:arthurgiroux/grouboy.git,2
MDEwOlJlcG9zaXRvcnk3MDQxMjE2MQ==,2016-10-09T15:28:15Z,2026-04-07T23:20:57Z,2026-04-07T23:20:52Z,3928,False,TF2Items,asherkin/TF2Items,git@github.com:asherkin/TF2Items.git,37
MDEwOlJlcG9zaXRvcnk3MDM1MzU3Mw==,2016-10-08T19:41:50Z,2026-05-03T14:12:22Z,2026-04-28T08:28:03Z,81073,True,SystemC-Components,Minres/SystemC-Components,git@github.com:Minres/SystemC-Components.git,134
MDEwOlJlcG9zaXRvcnk3MDM0OTY4Ng==,2016-10-08T18:21:15Z,2026-04-14T00:36:09Z,2026-04-14T00:36:05Z,1446,False,dave_gnukem,davidjoffe/dave_gnukem,git@github.com:davidjoffe/dave_gnukem.git,84
MDEwOlJlcG9zaXRvcnk3MDM0MTQ4MQ==,2016-10-08T15:47:24Z,2026-05-03T14:32:37Z,2026-05-03T14:32:32Z,1704,False,arma3-unix-launcher,muttleyxd/arma3-unix-launcher,git@github.com:muttleyxd/arma3-unix-launcher.git,233
MDEwOlJlcG9zaXRvcnk3MDMwMjc3NQ==,2016-10-08T04:03:37Z,2026-04-12T08:50:38Z,2026-04-12T09:03:22Z,5769,False,dimcli,gknowles/dimcli,git@github.com:gknowles/dimcli.git,38
MDEwOlJlcG9zaXRvcnk3MDIzMTk2MA==,2016-10-07T09:15:00Z,2026-05-05T14:59:57Z,2026-05-05T09:45:55Z,191295,True,Engine,OpenSourceRisk/Engine,git@github.com:OpenSourceRisk/Engine.git,713
MDEwOlJlcG9zaXRvcnk3MDEyNzIxOA==,2016-10-06T06:04:20Z,2026-05-07T11:28:31Z,2026-05-07T01:31:58Z,2209192,True,arduino-esp32,espressif/arduino-esp32,git@github.com:espressif/arduino-esp32.git,16728
MDEwOlJlcG9zaXRvcnk3MDExNTU4OA==,2016-10-06T02:12:31Z,2026-05-02T03:06:25Z,2026-05-02T03:06:21Z,5193,False,biginteger,mmurshed/biginteger,git@github.com:mmurshed/biginteger.git,0
MDEwOlJlcG9zaXRvcnk3MDA4NjQ4Mw==,2016-10-05T18:14:14Z,2026-05-02T00:00:17Z,2026-05-02T00:00:13Z,294848,True,dali-demo,dalihub/dali-demo,git@github.com:dalihub/dali-demo.git,7
MDEwOlJlcG9zaXRvcnk3MDA4NjQ1NA==,2016-10-05T18:13:51Z,2026-05-07T00:00:34Z,2026-05-07T00:00:08Z,136128,True,dali-toolkit,dalihub/dali-toolkit,git@github.com:dalihub/dali-toolkit.git,8
MDEwOlJlcG9zaXRvcnk3MDA4NjQwOQ==,2016-10-05T18:13:14Z,2026-05-07T00:00:11Z,2026-05-07T00:00:05Z,43772,True,dali-adaptor,dalihub/dali-adaptor,git@github.com:dalihub/dali-adaptor.git,6
MDEwOlJlcG9zaXRvcnk3MDA4NjMzNw==,2016-10-05T18:12:21Z,2026-05-07T00:00:09Z,2026-05-07T00:00:03Z,26342,True,dali-core,dalihub/dali-core,git@github.com:dalihub/dali-core.git,21
MDEwOlJlcG9zaXRvcnk3MDAzODQzNw==,2016-10-05T07:24:54Z,2026-05-07T09:16:48Z,2026-04-29T08:18:54Z,70532,True,vnote,vnotex/vnote,git@github.com:vnotex/vnote.git,12805
MDEwOlJlcG9zaXRvcnk3MDAxODk3MA==,2016-10-05T00:50:35Z,2026-04-28T13:41:32Z,2026-04-28T13:37:59Z,4448,False,ADLMIDI-Player-Java,Wohlstand/ADLMIDI-Player-Java,git@github.com:Wohlstand/ADLMIDI-Player-Java.git,41
MDEwOlJlcG9zaXRvcnk2OTkzNzcyNw==,2016-10-04T05:35:18Z,2026-05-07T01:54:01Z,2026-03-23T17:04:49Z,3349,False,P25Clients,g4klx/P25Clients,git@github.com:g4klx/P25Clients.git,68
MDEwOlJlcG9zaXRvcnk2OTkxOTc3Ng==,2016-10-03T23:34:48Z,2026-04-23T08:18:08Z,2026-04-14T15:32:44Z,106415,False,HeadOverHeels,dougmencken/HeadOverHeels,git@github.com:dougmencken/HeadOverHeels.git,49
MDEwOlJlcG9zaXRvcnk2OTkwOTc3NA==,2016-10-03T20:49:24Z,2026-04-24T09:26:48Z,2026-04-14T22:41:47Z,6472,True,SampleAnalyzer,saleae/SampleAnalyzer,git@github.com:saleae/SampleAnalyzer.git,171
MDEwOlJlcG9zaXRvcnk2OTg2MzA3NA==,2016-10-03T11:03:22Z,2026-04-30T14:49:22Z,2026-04-23T08:58:34Z,23061,True,arbor,arbor-sim/arbor,git@github.com:arbor-sim/arbor.git,134
MDEwOlJlcG9zaXRvcnk2OTgxNjU1Nw==,2016-10-02T19:14:31Z,2026-03-31T04:34:40Z,2026-05-07T01:43:28Z,153047,False,garnet,randomgraphics/garnet,git@github.com:randomgraphics/garnet.git,1
MDEwOlJlcG9zaXRvcnk2OTc5MDU3Nw==,2016-10-02T10:07:34Z,2026-04-30T13:18:03Z,2026-04-30T13:17:22Z,46230,True,sabctools,sabnzbd/sabctools,git@github.com:sabnzbd/sabctools.git,25
MDEwOlJlcG9zaXRvcnk2OTczNjEzNA==,2016-10-01T11:56:49Z,2026-04-08T00:58:32Z,2026-04-08T00:58:25Z,10259,False,adeptus,orion-project/adeptus,git@github.com:orion-project/adeptus.git,7
MDEwOlJlcG9zaXRvcnk2OTY0NjY4Mg==,2016-09-30T07:59:03Z,2026-04-10T12:06:58Z,2026-04-10T12:06:53Z,3066,False,orion-qt,orion-project/orion-qt,git@github.com:orion-project/orion-qt.git,15
MDEwOlJlcG9zaXRvcnk2OTYwODMzOA==,2016-09-29T21:13:07Z,2026-04-16T17:25:54Z,2026-04-16T17:25:49Z,920265,True,crux-toolkit,crux-toolkit/crux-toolkit,git@github.com:crux-toolkit/crux-toolkit.git,38
MDEwOlJlcG9zaXRvcnk2OTYwNDA5Mw==,2016-09-29T20:13:03Z,2026-04-30T17:25:54Z,2026-04-30T17:25:51Z,190,True,grad-factions,gruppe-adler/grad-factions,git@github.com:gruppe-adler/grad-factions.git,1
MDEwOlJlcG9zaXRvcnk2OTU5MDU3OQ==,2016-09-29T17:22:35Z,2026-04-20T04:50:23Z,2026-04-03T18:14:42Z,421260,True,cbecc,CBECC-software/cbecc,git@github.com:CBECC-software/cbecc.git,21
MDEwOlJlcG9zaXRvcnk2OTUxMTEwNw==,2016-09-28T23:10:49Z,2026-04-22T10:45:17Z,2026-04-22T10:45:13Z,10750,False,SpriteToolSuperDelux,JackTheSpades/SpriteToolSuperDelux,git@github.com:JackTheSpades/SpriteToolSuperDelux.git,19
MDEwOlJlcG9zaXRvcnk2OTQ5MzM3MA==,2016-09-28T18:46:27Z,2026-03-14T08:58:17Z,2026-03-14T08:58:12Z,36300,False,picasso,jasonge27/picasso,git@github.com:jasonge27/picasso.git,76
MDEwOlJlcG9zaXRvcnk2OTQ4NTM4Ng==,2016-09-28T17:04:53Z,2026-04-22T11:11:24Z,2026-04-22T11:11:20Z,11290,True,diskpp,wareHHOuse/diskpp,git@github.com:wareHHOuse/diskpp.git,15
MDEwOlJlcG9zaXRvcnk2OTQzOTY1NA==,2016-09-28T07:54:17Z,2026-03-20T16:20:32Z,2026-03-20T16:20:28Z,2526,True,libconviqt,hpc4cmb/libconviqt,git@github.com:hpc4cmb/libconviqt.git,4
MDEwOlJlcG9zaXRvcnk2OTQwMTkzOA==,2016-09-27T21:54:02Z,2026-04-30T09:19:04Z,2026-04-27T16:30:59Z,118756,True,UnrealPlugin,Noesis/UnrealPlugin,git@github.com:Noesis/UnrealPlugin.git,350
MDEwOlJlcG9zaXRvcnk2OTQwMTc3Mw==,2016-09-27T21:51:32Z,2026-05-02T08:26:21Z,2026-04-20T06:07:30Z,19481,False,WinToast,mohabouje/WinToast,git@github.com:mohabouje/WinToast.git,803
MDEwOlJlcG9zaXRvcnk2OTM5NTM3OQ==,2016-09-27T20:23:09Z,2026-04-22T22:07:31Z,2026-04-22T22:07:27Z,36686,False,QStudioMetrics,gmrandazzo/QStudioMetrics,git@github.com:gmrandazzo/QStudioMetrics.git,17
MDEwOlJlcG9zaXRvcnk2OTMxNjUxMA==,2016-09-27T03:41:10Z,2026-05-05T23:00:32Z,2026-04-17T02:09:26Z,288406,False,miniblink49,weolar/miniblink49,git@github.com:weolar/miniblink49.git,7812
MDEwOlJlcG9zaXRvcnk2OTMwNjI2OA==,2016-09-27T01:06:50Z,2026-04-28T07:44:21Z,2026-03-17T03:34:25Z,1652,True,chuffed,chuffed/chuffed,git@github.com:chuffed/chuffed.git,124
MDEwOlJlcG9zaXRvcnk2OTI4NTk5OA==,2016-09-26T19:37:28Z,2026-04-15T22:19:23Z,2026-04-15T22:19:18Z,7601,True,file-tests,file/file-tests,git@github.com:file/file-tests.git,21
MDEwOlJlcG9zaXRvcnk2OTIzOTYwMw==,2016-09-26T10:33:34Z,2026-04-23T19:19:04Z,2026-04-20T21:49:55Z,40226,True,ApPredict,Chaste/ApPredict,git@github.com:Chaste/ApPredict.git,9
MDEwOlJlcG9zaXRvcnk2OTIzMjAzMw==,2016-09-26T09:00:32Z,2026-05-05T11:43:06Z,2026-05-05T11:43:02Z,359,False,anyode,bjodah/anyode,git@github.com:bjodah/anyode.git,0
MDEwOlJlcG9zaXRvcnk2OTIxNjA2NQ==,2016-09-26T05:32:14Z,2026-05-07T08:12:42Z,2026-05-07T08:12:37Z,609856,True,smartmet-plugin-wms,fmidev/smartmet-plugin-wms,git@github.com:fmidev/smartmet-plugin-wms.git,2
MDEwOlJlcG9zaXRvcnk2OTA3NTQ0OQ==,2016-09-24T02:47:30Z,2026-04-28T14:45:09Z,2026-03-03T14:48:52Z,377,True,Adafruit_VL53L0X,adafruit/Adafruit_VL53L0X,git@github.com:adafruit/Adafruit_VL53L0X.git,175
MDEwOlJlcG9zaXRvcnk2OTA2NjE2MQ==,2016-09-23T22:56:19Z,2026-03-28T08:55:57Z,2026-03-28T08:55:51Z,524428,False,Studio,jahshaka/Studio,git@github.com:jahshaka/Studio.git,119
MDEwOlJlcG9zaXRvcnk2OTAzODQ4Ng==,2016-09-23T15:42:09Z,2026-05-05T18:21:06Z,2026-05-05T19:17:16Z,333,False,plogr,krlmlr/plogr,git@github.com:krlmlr/plogr.git,26
MDEwOlJlcG9zaXRvcnk2OTAzNjk5OQ==,2016-09-23T15:24:19Z,2026-05-03T20:57:11Z,2026-05-03T20:57:07Z,78181,False,CppCommon,chronoxor/CppCommon,git@github.com:chronoxor/CppCommon.git,306
MDEwOlJlcG9zaXRvcnk2OTAwMDIxNA==,2016-09-23T07:23:25Z,2026-04-22T19:36:23Z,2026-03-07T02:36:21Z,139640,True,kahypar,kahypar/kahypar,git@github.com:kahypar/kahypar.git,517
MDEwOlJlcG9zaXRvcnk2ODkzODU4MA==,2016-09-22T16:06:50Z,2026-05-06T09:24:31Z,2026-05-07T09:23:23Z,13179,False,libpqxx,jtv/libpqxx,git@github.com:jtv/libpqxx.git,1315
MDEwOlJlcG9zaXRvcnk2ODkxODM1NQ==,2016-09-22T12:19:54Z,2026-05-01T09:09:44Z,2026-05-01T09:09:40Z,138842,True,herwig,hep-mirrors/herwig,git@github.com:hep-mirrors/herwig.git,4
MDEwOlJlcG9zaXRvcnk2ODg1Mjk5OA==,2016-09-21T20:00:54Z,2026-05-05T11:04:56Z,2026-04-09T20:25:57Z,171957,True,perf_data_converter,google/perf_data_converter,git@github.com:google/perf_data_converter.git,343
MDEwOlJlcG9zaXRvcnk2ODg1MjEzOA==,2016-09-21T19:48:48Z,2026-03-08T15:01:53Z,2026-03-08T15:01:50Z,137,True,clibcdc,iqrfsdk/clibcdc,git@github.com:iqrfsdk/clibcdc.git,0
MDEwOlJlcG9zaXRvcnk2ODc5ODUwMw==,2016-09-21T08:52:52Z,2026-03-30T15:52:34Z,2026-03-30T02:43:01Z,433101,True,desktop-apps,ONLYOFFICE/desktop-apps,git@github.com:ONLYOFFICE/desktop-apps.git,272
MDEwOlJlcG9zaXRvcnk2ODcyODgyNA==,2016-09-20T15:59:08Z,2026-05-01T19:33:53Z,2026-05-01T19:33:50Z,61936,True,pymeshfix,pyvista/pymeshfix,git@github.com:pyvista/pymeshfix.git,386
MDEwOlJlcG9zaXRvcnk2ODcxNDMzOQ==,2016-09-20T13:26:00Z,2026-05-07T03:21:22Z,2026-05-07T03:21:17Z,182330,False,kismet,kismetwireless/kismet,git@github.com:kismetwireless/kismet.git,2102
MDEwOlJlcG9zaXRvcnk2ODcwMzQxNQ==,2016-09-20T11:03:35Z,2026-04-09T10:53:44Z,2026-04-09T10:53:39Z,380,False,jcf_lime_juce,jcredland/jcf_lime_juce,git@github.com:jcredland/jcf_lime_juce.git,13
MDEwOlJlcG9zaXRvcnk2ODUxNzYzMA==,2016-09-18T11:38:01Z,2026-04-30T05:36:43Z,2026-04-02T08:21:26Z,16417,True,Lith,LithApp/Lith,git@github.com:LithApp/Lith.git,109
MDEwOlJlcG9zaXRvcnk2ODQ2MDMyNg==,2016-09-17T15:25:25Z,2026-05-07T05:30:32Z,2026-05-04T09:39:33Z,1833896,False,OpenMQTTGateway,1technophile/OpenMQTTGateway,git@github.com:1technophile/OpenMQTTGateway.git,4010
MDEwOlJlcG9zaXRvcnk2ODQ1MjIzMA==,2016-09-17T12:58:22Z,2026-04-25T09:44:10Z,2026-04-25T09:44:01Z,7157,False,YAIP,ThirtySomething/YAIP,git@github.com:ThirtySomething/YAIP.git,2
MDEwOlJlcG9zaXRvcnk2ODQzMjk2OA==,2016-09-17T05:03:35Z,2026-05-02T13:27:23Z,2026-05-02T13:27:18Z,5692,False,FFJSON,Necktwi/FFJSON,git@github.com:Necktwi/FFJSON.git,0
MDEwOlJlcG9zaXRvcnk2ODQyOTc3MQ==,2016-09-17T03:31:15Z,2026-05-06T09:29:43Z,2026-05-06T04:50:27Z,12625,False,security,mwales/security,git@github.com:mwales/security.git,9
MDEwOlJlcG9zaXRvcnk2ODQwNTYyMA==,2016-09-16T18:36:18Z,2026-05-07T10:12:51Z,2026-04-20T14:58:34Z,22617,True,vsomeip,COVESA/vsomeip,git@github.com:COVESA/vsomeip.git,1392
MDEwOlJlcG9zaXRvcnk2ODQwMzEyNQ==,2016-09-16T18:01:16Z,2026-05-04T14:56:38Z,2026-04-09T20:23:54Z,5662,False,tremotesf2,equeim/tremotesf2,git@github.com:equeim/tremotesf2.git,318
MDEwOlJlcG9zaXRvcnk2ODM4Nzk2Ng==,2016-09-16T14:42:46Z,2026-05-01T06:54:05Z,2026-04-29T10:45:05Z,313,True,i2pd-tools,PurpleI2P/i2pd-tools,git@github.com:PurpleI2P/i2pd-tools.git,150
MDEwOlJlcG9zaXRvcnk2ODM0Mzc0OQ==,2016-09-16T01:12:39Z,2026-05-07T08:55:50Z,2026-05-07T07:51:26Z,11864,True,openvpn3,OpenVPN/openvpn3,git@github.com:OpenVPN/openvpn3.git,1144
MDEwOlJlcG9zaXRvcnk2ODMyOTg3Ng==,2016-09-15T20:43:51Z,2026-05-06T08:42:18Z,2026-04-15T10:29:17Z,19349,True,fpga-network-stack,fpgasystems/fpga-network-stack,git@github.com:fpgasystems/fpga-network-stack.git,916
MDEwOlJlcG9zaXRvcnk2ODMyODIyNw==,2016-09-15T20:19:05Z,2026-04-18T14:19:51Z,2026-03-17T15:33:06Z,1064,True,tableau-log-viewer,tableau/tableau-log-viewer,git@github.com:tableau/tableau-log-viewer.git,177
MDEwOlJlcG9zaXRvcnk2ODMwMTM4Mg==,2016-09-15T14:28:53Z,2026-05-01T15:55:54Z,2026-05-05T18:58:58Z,140749,True,cse,cse-sim/cse,git@github.com:cse-sim/cse.git,21
MDEwOlJlcG9zaXRvcnk2ODI5MDU4NQ==,2016-09-15T12:08:52Z,2026-05-05T07:17:01Z,2026-05-05T07:16:54Z,28394,True,smartmet-plugin-wfs,fmidev/smartmet-plugin-wfs,git@github.com:fmidev/smartmet-plugin-wfs.git,0
MDEwOlJlcG9zaXRvcnk2ODI1ODY0Nw==,2016-09-15T01:52:17Z,2026-05-06T20:20:48Z,2026-05-06T20:20:44Z,119843,False,svaba,walaj/svaba,git@github.com:walaj/svaba.git,255
MDEwOlJlcG9zaXRvcnk2ODI1MzgxOQ==,2016-09-15T00:14:14Z,2026-04-30T06:54:33Z,2026-03-26T20:33:32Z,10128,True,AnalyzerSDK,saleae/AnalyzerSDK,git@github.com:saleae/AnalyzerSDK.git,93
MDEwOlJlcG9zaXRvcnk2ODI0OTI4Mg==,2016-09-14T22:43:54Z,2026-04-24T09:29:03Z,2026-04-24T09:29:27Z,1686,True,LanguageBarrier,CommitteeOfZero/LanguageBarrier,git@github.com:CommitteeOfZero/LanguageBarrier.git,11
MDEwOlJlcG9zaXRvcnk2ODIzNDk2OA==,2016-09-14T19:08:53Z,2026-05-04T06:04:35Z,2026-05-07T06:03:24Z,208827,False,lexgine,alexbibov/lexgine,git@github.com:alexbibov/lexgine.git,0
MDEwOlJlcG9zaXRvcnk2ODIzMjQ0NA==,2016-09-14T18:31:31Z,2026-05-07T03:59:55Z,2026-05-07T04:07:32Z,23892,False,leocad,leozide/leocad,git@github.com:leozide/leocad.git,2803
MDEwOlJlcG9zaXRvcnk2ODIyMzMyNg==,2016-09-14T16:28:57Z,2026-05-07T09:29:57Z,2026-05-06T23:20:31Z,27796,True,cppwinrt,microsoft/cppwinrt,git@github.com:microsoft/cppwinrt.git,1837
MDEwOlJlcG9zaXRvcnk2ODIwODQzMw==,2016-09-14T13:23:56Z,2026-04-19T21:43:46Z,2026-04-27T15:51:35Z,45442,True,codac,codac-team/codac,git@github.com:codac-team/codac.git,49
MDEwOlJlcG9zaXRvcnk2ODE1NDcyMg==,2016-09-13T23:09:21Z,2026-04-21T23:45:01Z,2026-04-26T16:55:43Z,1337,False,vbit2,peterkvt80/vbit2,git@github.com:peterkvt80/vbit2.git,191
MDEwOlJlcG9zaXRvcnk2ODEwMDEzMg==,2016-09-13T10:52:27Z,2026-04-02T16:02:50Z,2026-04-02T16:02:41Z,587706,False,OpenAVRc_Dev,Ingwie/OpenAVRc_Dev,git@github.com:Ingwie/OpenAVRc_Dev.git,70
MDEwOlJlcG9zaXRvcnk2ODA3MDgwNA==,2016-09-13T03:27:26Z,2026-05-07T07:26:57Z,2026-05-07T08:14:12Z,82042,True,scopy,analogdevicesinc/scopy,git@github.com:analogdevicesinc/scopy.git,492
MDEwOlJlcG9zaXRvcnk2ODAzNTUyNg==,2016-09-12T18:21:28Z,2026-05-07T03:15:59Z,2026-05-05T02:41:45Z,22395,True,rawtoaces,AcademySoftwareFoundation/rawtoaces,git@github.com:AcademySoftwareFoundation/rawtoaces.git,174
MDEwOlJlcG9zaXRvcnk2Nzk5Njk0MA==,2016-09-12T09:48:44Z,2026-04-29T02:35:50Z,2026-04-30T08:55:03Z,2351,False,ascs,youngwolf-project/ascs,git@github.com:youngwolf-project/ascs.git,39
MDEwOlJlcG9zaXRvcnk2Nzk5NjM0NA==,2016-09-12T09:40:32Z,2026-05-07T06:01:04Z,2026-05-07T06:00:54Z,57733,True,photoflare,PhotoFlare/photoflare,git@github.com:PhotoFlare/photoflare.git,443
MDEwOlJlcG9zaXRvcnk2Nzg5Mjc0Nw==,2016-09-10T20:25:02Z,2026-04-19T19:26:00Z,2026-04-19T19:25:52Z,11984,False,Espers,CryptoCoderz/Espers,git@github.com:CryptoCoderz/Espers.git,79
MDEwOlJlcG9zaXRvcnk2Nzg3NDQ1MA==,2016-09-10T14:08:00Z,2026-05-03T13:42:36Z,2026-05-03T13:42:33Z,107,False,QLogger,francescmaestre/QLogger,git@github.com:francescmaestre/QLogger.git,61
MDEwOlJlcG9zaXRvcnk2NzgzNzk3NA==,2016-09-09T23:00:30Z,2026-04-28T01:48:02Z,2026-04-28T01:47:58Z,2984,True,atcore,KDE/atcore,git@github.com:KDE/atcore.git,42
MDEwOlJlcG9zaXRvcnk2NzgzNzYwMA==,2016-09-09T22:50:27Z,2026-05-07T05:49:35Z,2026-05-07T09:41:36Z,218922,True,firo,firoorg/firo,git@github.com:firoorg/firo.git,784
MDEwOlJlcG9zaXRvcnk2Nzc3NDM0Ng==,2016-09-09T06:55:36Z,2026-04-28T08:54:10Z,2026-04-28T09:00:52Z,97826,True,ISPTool,OpenNuvoton/ISPTool,git@github.com:OpenNuvoton/ISPTool.git,43
MDEwOlJlcG9zaXRvcnk2Nzc2ODMyNQ==,2016-09-09T05:24:56Z,2026-05-07T07:56:41Z,2026-05-03T15:52:35Z,6872,False,meshoptimizer,zeux/meshoptimizer,git@github.com:zeux/meshoptimizer.git,7640
MDEwOlJlcG9zaXRvcnk2Nzc2MjYzNQ==,2016-09-09T03:30:15Z,2026-04-29T16:38:19Z,2026-04-29T16:38:14Z,2040,True,ITKIsotropicWavelets,InsightSoftwareConsortium/ITKIsotropicWavelets,git@github.com:InsightSoftwareConsortium/ITKIsotropicWavelets.git,14
MDEwOlJlcG9zaXRvcnk2NzczNzUzNw==,2016-09-08T20:23:21Z,2026-05-01T15:37:19Z,2026-05-01T15:37:15Z,5881,True,XRF-Maps,AdvancedPhotonSource/XRF-Maps,git@github.com:AdvancedPhotonSource/XRF-Maps.git,13
MDEwOlJlcG9zaXRvcnk2NzcxODkxOA==,2016-09-08T16:06:30Z,2026-04-28T01:59:27Z,2026-04-28T01:59:23Z,1110,True,atelier,KDE/atelier,git@github.com:KDE/atelier.git,34
MDEwOlJlcG9zaXRvcnk2NzY0MTk5Ng==,2016-09-07T20:42:19Z,2026-05-07T02:26:46Z,2026-05-07T10:36:54Z,59495,True,oneTBB,uxlfoundation/oneTBB,git@github.com:uxlfoundation/oneTBB.git,6637
MDEwOlJlcG9zaXRvcnk2NzU1NjM0Ng==,2016-09-07T00:13:08Z,2026-05-07T00:30:47Z,2026-05-07T00:30:43Z,140230,True,Labrador,espotek-org/Labrador,git@github.com:espotek-org/Labrador.git,1160
MDEwOlJlcG9zaXRvcnk2NzUwNTM4OQ==,2016-09-06T12:18:38Z,2026-05-06T08:00:13Z,2026-05-06T08:00:07Z,11599,True,smartmet-plugin-timeseries,fmidev/smartmet-plugin-timeseries,git@github.com:fmidev/smartmet-plugin-timeseries.git,4
MDEwOlJlcG9zaXRvcnk2NzQ0MDA5Mw==,2016-09-05T17:42:56Z,2026-04-23T11:49:41Z,2026-04-23T11:49:37Z,452379,True,acre2,IDI-Systems/acre2,git@github.com:IDI-Systems/acre2.git,213
MDEwOlJlcG9zaXRvcnk2NzMxNjY0OQ==,2016-09-03T23:43:18Z,2026-05-05T14:28:27Z,2026-05-05T14:26:30Z,444691,True,modpack,uksf/modpack,git@github.com:uksf/modpack.git,9
MDEwOlJlcG9zaXRvcnk2NzI4ODgwNg==,2016-09-03T12:24:59Z,2026-05-01T00:39:05Z,2026-05-07T04:38:40Z,32545,False,QSVEnc,rigaya/QSVEnc,git@github.com:rigaya/QSVEnc.git,415
MDEwOlJlcG9zaXRvcnk2NzI2MDc2OA==,2016-09-02T23:23:03Z,2026-05-07T04:46:42Z,2026-05-07T11:44:25Z,106678,True,GWToolboxpp,gwdevhub/GWToolboxpp,git@github.com:gwdevhub/GWToolboxpp.git,247
MDEwOlJlcG9zaXRvcnk2NzIyNDUyMg==,2016-09-02T13:24:00Z,2026-04-10T08:16:51Z,2026-04-23T01:08:30Z,196964,True,prepost-gui,i-RIC/prepost-gui,git@github.com:i-RIC/prepost-gui.git,10
MDEwOlJlcG9zaXRvcnk2NzE2NjAxMw==,2016-09-01T21:01:38Z,2026-04-27T01:13:53Z,2026-04-27T01:14:18Z,4720,False,admm-elastic,mattoverby/admm-elastic,git@github.com:mattoverby/admm-elastic.git,96
MDEwOlJlcG9zaXRvcnk2NzExODc4NA==,2016-09-01T09:43:11Z,2026-05-05T06:49:39Z,2026-05-05T06:49:35Z,2472,True,qtnetworkauth,qt/qtnetworkauth,git@github.com:qt/qtnetworkauth.git,26
MDEwOlJlcG9zaXRvcnk2NzEwOTIwNQ==,2016-09-01T07:36:57Z,2026-05-07T02:26:42Z,2026-04-20T22:06:19Z,4912,True,NGT,NGT-labs/NGT,git@github.com:NGT-labs/NGT.git,1361
MDEwOlJlcG9zaXRvcnk2NzA3NzAwOQ==,2016-08-31T22:08:17Z,2026-03-25T23:38:07Z,2026-03-07T18:25:29Z,34778,False,rucrdtw,pboesu/rucrdtw,git@github.com:pboesu/rucrdtw.git,17
MDEwOlJlcG9zaXRvcnk2NzA1ODczNQ==,2016-08-31T17:26:42Z,2026-05-07T03:44:30Z,2026-04-08T17:26:30Z,37621,True,LibreSprite,LibreSprite/LibreSprite,git@github.com:LibreSprite/LibreSprite.git,7627
MDEwOlJlcG9zaXRvcnk2NzA1NjEzMw==,2016-08-31T16:47:32Z,2026-05-06T15:03:54Z,2026-05-06T14:51:33Z,766,True,ossim-qt4,ossimlabs/ossim-qt4,git@github.com:ossimlabs/ossim-qt4.git,0
MDEwOlJlcG9zaXRvcnk2NzA0NzQ1OA==,2016-08-31T14:58:16Z,2026-05-06T07:15:54Z,2026-04-14T18:13:57Z,15704,True,dlt-viewer,COVESA/dlt-viewer,git@github.com:COVESA/dlt-viewer.git,529
MDEwOlJlcG9zaXRvcnk2NzAzMzE0MQ==,2016-08-31T11:55:53Z,2026-04-06T07:31:09Z,2026-04-06T07:31:05Z,8979,True,sdk,my-devices/sdk,git@github.com:my-devices/sdk.git,47
MDEwOlJlcG9zaXRvcnk2NzAzMTA0MA==,2016-08-31T11:23:13Z,2026-05-07T08:14:03Z,2026-05-07T11:19:20Z,77675,True,upx,upx/upx,git@github.com:upx/upx.git,17443
MDEwOlJlcG9zaXRvcnk2NzAyODc4NQ==,2016-08-31T10:42:48Z,2026-04-25T06:05:19Z,2026-04-14T18:08:26Z,2824,False,voip_patrol,jchavanton/voip_patrol,git@github.com:jchavanton/voip_patrol.git,125
MDEwOlJlcG9zaXRvcnk2NzAxODMxNw==,2016-08-31T08:23:10Z,2026-05-05T00:06:31Z,2026-04-23T03:13:48Z,2230,False,neonavigation,at-wat/neonavigation,git@github.com:at-wat/neonavigation.git,341
MDEwOlJlcG9zaXRvcnk2NzAwNjk3Mw==,2016-08-31T05:41:36Z,2026-05-07T07:38:48Z,2026-05-07T07:38:46Z,13242,True,ProFit,ICRAR/ProFit,git@github.com:ICRAR/ProFit.git,31
MDEwOlJlcG9zaXRvcnk2Njk3OTM3OA==,2016-08-30T21:31:55Z,2026-04-22T16:56:22Z,2026-05-04T18:36:00Z,93970,True,ldmx-sw,LDMX-Software/ldmx-sw,git@github.com:LDMX-Software/ldmx-sw.git,28
MDEwOlJlcG9zaXRvcnk2Njk3NzA3NQ==,2016-08-30T20:55:05Z,2026-05-06T18:53:23Z,2026-05-07T10:41:28Z,44636,True,elisa,KDE/elisa,git@github.com:KDE/elisa.git,348
MDEwOlJlcG9zaXRvcnk2Njk2NzE1MQ==,2016-08-30T18:32:36Z,2026-05-01T14:28:30Z,2026-05-01T14:28:25Z,1694,True,pavucontrol-qt,lxqt/pavucontrol-qt,git@github.com:lxqt/pavucontrol-qt.git,129
MDEwOlJlcG9zaXRvcnk2NjkzMTc0OA==,2016-08-30T10:41:04Z,2026-04-05T16:36:23Z,2026-04-06T21:36:51Z,101292,True,desktop-sdk,ONLYOFFICE/desktop-sdk,git@github.com:ONLYOFFICE/desktop-sdk.git,67
MDEwOlJlcG9zaXRvcnk2NjkyNTg2NQ==,2016-08-30T09:18:37Z,2026-05-03T13:02:24Z,2026-05-03T13:02:48Z,1284,False,prometheus-cpp,jupp0r/prometheus-cpp,git@github.com:jupp0r/prometheus-cpp.git,1112
MDEwOlJlcG9zaXRvcnk2NjkyMzQxMg==,2016-08-30T08:49:10Z,2026-05-07T01:49:16Z,2026-05-07T10:40:37Z,488857,True,korganizer,KDE/korganizer,git@github.com:KDE/korganizer.git,54
MDEwOlJlcG9zaXRvcnk2NjkyMzMzNg==,2016-08-30T08:48:13Z,2026-05-06T01:51:11Z,2026-05-07T10:39:30Z,131029,True,kalarm,KDE/kalarm,git@github.com:KDE/kalarm.git,29
MDEwOlJlcG9zaXRvcnk2NjkyMzI3Nw==,2016-08-30T08:47:23Z,2026-05-07T05:11:24Z,2026-05-07T10:37:18Z,58191,True,kaddressbook,KDE/kaddressbook,git@github.com:KDE/kaddressbook.git,16
MDEwOlJlcG9zaXRvcnk2NjkyMjk5OQ==,2016-08-30T08:44:05Z,2026-05-04T22:08:07Z,2026-05-07T10:37:27Z,19502,True,kontact,KDE/kontact,git@github.com:KDE/kontact.git,30
MDEwOlJlcG9zaXRvcnk2NjkyMjk0MQ==,2016-08-30T08:43:35Z,2026-05-07T01:49:04Z,2026-05-07T10:41:19Z,443304,True,kmail,KDE/kmail,git@github.com:KDE/kmail.git,84
MDEwOlJlcG9zaXRvcnk2NjkyMjg0Mw==,2016-08-30T08:42:33Z,2026-05-04T22:09:13Z,2026-05-07T10:38:26Z,65707,True,akregator,KDE/akregator,git@github.com:KDE/akregator.git,60
MDEwOlJlcG9zaXRvcnk2NjkyMjQwNg==,2016-08-30T08:37:14Z,2026-05-06T01:50:35Z,2026-05-07T10:40:02Z,8412,True,akonadiconsole,KDE/akonadiconsole,git@github.com:KDE/akonadiconsole.git,8
MDEwOlJlcG9zaXRvcnk2NjkwNzk2NQ==,2016-08-30T04:58:09Z,2026-05-04T22:08:49Z,2026-05-07T10:38:01Z,10328,True,kmail-account-wizard,KDE/kmail-account-wizard,git@github.com:KDE/kmail-account-wizard.git,8
MDEwOlJlcG9zaXRvcnk2NjkwNzg5Ng==,2016-08-30T04:56:43Z,2026-05-06T01:50:28Z,2026-05-07T10:38:50Z,5146,True,akonadi-import-wizard,KDE/akonadi-import-wizard,git@github.com:KDE/akonadi-import-wizard.git,8
MDEwOlJlcG9zaXRvcnk2NjkwNzg4MQ==,2016-08-30T04:56:21Z,2026-05-04T06:33:52Z,2026-05-07T10:39:54Z,3232,True,akonadi-calendar-tools,KDE/akonadi-calendar-tools,git@github.com:KDE/akonadi-calendar-tools.git,9
MDEwOlJlcG9zaXRvcnk2NjkwNzY2OA==,2016-08-30T04:51:36Z,2026-05-03T01:59:43Z,2026-05-07T10:38:34Z,4005,True,grantlee-editor,KDE/grantlee-editor,git@github.com:KDE/grantlee-editor.git,7
MDEwOlJlcG9zaXRvcnk2NjkwNzUxNw==,2016-08-30T04:48:37Z,2026-05-04T22:09:40Z,2026-05-07T10:39:05Z,10901,True,pim-data-exporter,KDE/pim-data-exporter,git@github.com:KDE/pim-data-exporter.git,9
MDEwOlJlcG9zaXRvcnk2NjkwNzQ2NA==,2016-08-30T04:47:45Z,2026-05-03T02:01:41Z,2026-05-07T10:38:57Z,972,True,mbox-importer,KDE/mbox-importer,git@github.com:KDE/mbox-importer.git,5
MDEwOlJlcG9zaXRvcnk2NjkwNzMwMQ==,2016-08-30T04:44:25Z,2026-05-04T22:09:58Z,2026-05-07T10:39:13Z,9276,True,pim-sieve-editor,KDE/pim-sieve-editor,git@github.com:KDE/pim-sieve-editor.git,11
MDEwOlJlcG9zaXRvcnk2NjkwNTg0MA==,2016-08-30T04:16:48Z,2026-04-12T03:16:21Z,2026-03-06T06:00:25Z,7260,True,android_hardware_qcom_gps,AOSPA/android_hardware_qcom_gps,git@github.com:AOSPA/android_hardware_qcom_gps.git,4
MDEwOlJlcG9zaXRvcnk2Njg2NjAxNw==,2016-08-29T17:43:21Z,2026-05-04T20:49:57Z,2026-05-06T19:49:16Z,486158,True,gridlab-d,gridlab-d/gridlab-d,git@github.com:gridlab-d/gridlab-d.git,206
MDEwOlJlcG9zaXRvcnk2NjgyMzExOQ==,2016-08-29T07:50:59Z,2026-03-13T05:11:53Z,2026-03-13T05:11:50Z,7137,False,classdesc,highperformancecoder/classdesc,git@github.com:highperformancecoder/classdesc.git,2
MDEwOlJlcG9zaXRvcnk2Njc4MzE0NQ==,2016-08-28T18:07:47Z,2026-04-29T17:42:23Z,2026-05-02T06:43:03Z,123035,True,couchbase-lite-core,couchbase/couchbase-lite-core,git@github.com:couchbase/couchbase-lite-core.git,265
MDEwOlJlcG9zaXRvcnk2Njc2MjM2Nw==,2016-08-28T10:28:12Z,2026-05-05T11:08:18Z,2026-03-30T13:12:36Z,9826,False,qualpalr,jolars/qualpalr,git@github.com:jolars/qualpalr.git,31
MDEwOlJlcG9zaXRvcnk2Njc1MTQzMw==,2016-08-28T05:32:07Z,2026-05-04T00:25:21Z,2026-04-18T22:45:30Z,11272,False,tinydng,syoyo/tinydng,git@github.com:syoyo/tinydng.git,183
MDEwOlJlcG9zaXRvcnk2NjYzOTQxOQ==,2016-08-26T10:29:33Z,2026-04-14T09:11:00Z,2026-04-08T12:47:07Z,5815,True,Meshing,SeisSol/Meshing,git@github.com:SeisSol/Meshing.git,7
MDEwOlJlcG9zaXRvcnk2NjU1OTU2Nw==,2016-08-25T13:20:39Z,2026-05-06T15:29:20Z,2026-04-29T18:32:55Z,1126718,False,Arcane-Engine,Ershany/Arcane-Engine,git@github.com:Ershany/Arcane-Engine.git,522
MDEwOlJlcG9zaXRvcnk2NjU1Nzc4Mw==,2016-08-25T12:56:22Z,2026-05-01T17:39:41Z,2026-05-01T17:39:35Z,663,False,ezio,tjjh89017/ezio,git@github.com:tjjh89017/ezio.git,205
MDEwOlJlcG9zaXRvcnk2NjU1MzMwMQ==,2016-08-25T11:47:32Z,2026-03-20T02:47:37Z,2026-03-25T11:12:30Z,1592,True,phosphor-time-manager,openbmc/phosphor-time-manager,git@github.com:openbmc/phosphor-time-manager.git,5
MDEwOlJlcG9zaXRvcnk2NjUwNTE1MA==,2016-08-24T22:46:19Z,2026-05-06T09:44:34Z,2026-05-05T20:20:38Z,20900,False,syncthingtray,Martchus/syncthingtray,git@github.com:Martchus/syncthingtray.git,2821
MDEwOlJlcG9zaXRvcnk2NjQ1MzcxMA==,2016-08-24T10:09:16Z,2026-03-03T11:13:23Z,2026-03-03T11:20:43Z,71,True,irods-sudo-microservices,UtrechtUniversity/irods-sudo-microservices,git@github.com:UtrechtUniversity/irods-sudo-microservices.git,0
MDEwOlJlcG9zaXRvcnk2NjQyNTUwMg==,2016-08-24T03:21:25Z,2026-04-23T13:40:18Z,2026-04-23T13:40:30Z,2723,True,qt5platform-plugins,linuxdeepin/qt5platform-plugins,git@github.com:linuxdeepin/qt5platform-plugins.git,28
MDEwOlJlcG9zaXRvcnk2NjQwNDg1Mw==,2016-08-23T21:30:37Z,2026-05-06T00:35:39Z,2026-04-16T11:56:06Z,5559,False,CToy,anael-seghezzi/CToy,git@github.com:anael-seghezzi/CToy.git,1430
MDEwOlJlcG9zaXRvcnk2NjQwMjAxNg==,2016-08-23T20:46:30Z,2026-05-01T08:52:18Z,2026-05-01T08:52:21Z,2833,False,PreyRun,AMS21/PreyRun,git@github.com:AMS21/PreyRun.git,5
MDEwOlJlcG9zaXRvcnk2NjQwMDc0NQ==,2016-08-23T20:27:26Z,2026-04-20T11:44:48Z,2026-04-20T12:09:38Z,9836,True,rtiperftest,rticommunity/rtiperftest,git@github.com:rticommunity/rtiperftest.git,61
MDEwOlJlcG9zaXRvcnk2NjM2NTQ1Mg==,2016-08-23T12:37:23Z,2026-04-16T09:04:57Z,2026-04-16T09:04:54Z,350,False,makebuilder,mooming/makebuilder,git@github.com:mooming/makebuilder.git,1
MDEwOlJlcG9zaXRvcnk2NjM0NTI4Mw==,2016-08-23T07:44:24Z,2026-05-02T17:56:17Z,2026-05-02T17:56:12Z,401,True,module-odbc,qoretechnologies/module-odbc,git@github.com:qoretechnologies/module-odbc.git,0
MDEwOlJlcG9zaXRvcnk2NjMzMDgzOQ==,2016-08-23T03:42:38Z,2026-04-28T06:00:39Z,2026-03-12T09:41:01Z,417950,True,skm,splashkit/skm,git@github.com:splashkit/skm.git,15
MDEwOlJlcG9zaXRvcnk2NjI1NTY1Mw==,2016-08-22T08:51:26Z,2026-05-05T07:31:37Z,2026-05-05T07:33:34Z,12871,True,s9s-tools,severalnines/s9s-tools,git@github.com:severalnines/s9s-tools.git,18
MDEwOlJlcG9zaXRvcnk2NjIxNjgxOQ==,2016-08-21T19:29:39Z,2026-05-06T19:06:55Z,2026-04-26T17:56:35Z,871,False,mailio,karastojko/mailio,git@github.com:karastojko/mailio.git,475
MDEwOlJlcG9zaXRvcnk2NjIxNTgxNg==,2016-08-21T19:07:07Z,2026-05-06T23:14:31Z,2026-05-07T00:08:25Z,10121,False,AlphaEngine,TommyRadan/AlphaEngine,git@github.com:TommyRadan/AlphaEngine.git,1
MDEwOlJlcG9zaXRvcnk2NjE1OTIwNA==,2016-08-20T17:26:03Z,2026-05-05T08:00:31Z,2026-04-22T12:15:50Z,10785,True,erpc,EmbeddedRPC/erpc,git@github.com:EmbeddedRPC/erpc.git,928
MDEwOlJlcG9zaXRvcnk2NjEzMzI0OA==,2016-08-20T06:54:54Z,2026-03-04T20:45:57Z,2026-03-04T20:45:52Z,677,True,vtkbone,Numerics88/vtkbone,git@github.com:Numerics88/vtkbone.git,11
MDEwOlJlcG9zaXRvcnk2NjExODYzMg==,2016-08-19T23:41:24Z,2026-05-04T10:39:00Z,2026-05-04T10:38:54Z,136,False,mbtiles-cpp,TimSC/mbtiles-cpp,git@github.com:TimSC/mbtiles-cpp.git,37
MDEwOlJlcG9zaXRvcnk2NjExNDYyMg==,2016-08-19T21:52:00Z,2026-03-09T20:36:20Z,2026-03-09T20:37:09Z,566669,True,Cocos2d,emscripten-ports/Cocos2d,git@github.com:emscripten-ports/Cocos2d.git,33
MDEwOlJlcG9zaXRvcnk2NjA1MDkwOA==,2016-08-19T03:51:02Z,2026-04-30T16:51:49Z,2026-04-24T03:51:53Z,870047,True,Freenove_Ultimate_Starter_Kit_for_Raspberry_Pi,Freenove/Freenove_Ultimate_Starter_Kit_for_Raspberry_Pi,git@github.com:Freenove/Freenove_Ultimate_Starter_Kit_for_Raspberry_Pi.git,600
MDEwOlJlcG9zaXRvcnk2NTk1MDcxNQ==,2016-08-18T00:03:55Z,2026-03-20T18:33:02Z,2026-04-01T01:45:23Z,618865,True,moltres,arfc/moltres,git@github.com:arfc/moltres.git,79
MDEwOlJlcG9zaXRvcnk2NTkwMjQyMA==,2016-08-17T11:32:42Z,2026-05-03T09:09:55Z,2026-05-07T10:25:49Z,7335,False,cadical,arminbiere/cadical,git@github.com:arminbiere/cadical.git,548
MDEwOlJlcG9zaXRvcnk2NTg2NTI5MA==,2016-08-17T01:17:21Z,2026-05-04T09:26:19Z,2026-05-06T20:53:35Z,406974,True,platform_art,GrapheneOS/platform_art,git@github.com:GrapheneOS/platform_art.git,16
MDEwOlJlcG9zaXRvcnk2NTgzNTU5Ng==,2016-08-16T16:23:25Z,2026-05-07T07:12:38Z,2026-05-07T07:12:34Z,243245,True,HISE,christophhart/HISE,git@github.com:christophhart/HISE.git,1370
MDEwOlJlcG9zaXRvcnk2NTgyNDU0Mg==,2016-08-16T13:54:42Z,2026-05-02T17:18:21Z,2026-03-15T16:30:16Z,616693,False,myScite,Thorsten7701/myScite,git@github.com:Thorsten7701/myScite.git,26
MDEwOlJlcG9zaXRvcnk2NTgwNjI5Mw==,2016-08-16T09:24:05Z,2026-05-06T21:12:19Z,2026-05-06T21:26:10Z,11387,False,ImGuizmo,CedricGuillemet/ImGuizmo,git@github.com:CedricGuillemet/ImGuizmo.git,3878
MDEwOlJlcG9zaXRvcnk2NTczNjA1OA==,2016-08-15T13:54:19Z,2026-05-06T15:53:29Z,2026-05-06T15:53:18Z,1248782,True,AMF,GPUOpen-LibrariesAndSDKs/AMF,git@github.com:GPUOpen-LibrariesAndSDKs/AMF.git,727
MDEwOlJlcG9zaXRvcnk2NTcxMTUyMg==,2016-08-15T06:59:08Z,2026-05-07T10:18:39Z,2026-05-07T10:18:32Z,549981,True,Paddle,PaddlePaddle/Paddle,git@github.com:PaddlePaddle/Paddle.git,23873
MDEwOlJlcG9zaXRvcnk2NTcwODY0MQ==,2016-08-15T06:06:57Z,2026-04-13T14:06:45Z,2026-04-13T14:06:31Z,60275,False,SQLComponents,edwig/SQLComponents,git@github.com:edwig/SQLComponents.git,6
MDEwOlJlcG9zaXRvcnk2NTY5ODg3Ng==,2016-08-15T02:38:04Z,2026-04-28T03:39:53Z,2026-05-06T16:24:14Z,101385,True,deepin-image-viewer,linuxdeepin/deepin-image-viewer,git@github.com:linuxdeepin/deepin-image-viewer.git,67
MDEwOlJlcG9zaXRvcnk2NTY3ODAyOQ==,2016-08-14T17:25:36Z,2026-04-28T06:45:50Z,2026-04-22T07:28:11Z,70793,False,ODBCQueryTool,edwig/ODBCQueryTool,git@github.com:edwig/ODBCQueryTool.git,22
MDEwOlJlcG9zaXRvcnk2NTY3MDYzMQ==,2016-08-14T14:36:36Z,2026-05-07T02:48:39Z,2026-05-07T02:48:35Z,55918,True,BespokeSynth,BespokeSynth/BespokeSynth,git@github.com:BespokeSynth/BespokeSynth.git,4598
MDEwOlJlcG9zaXRvcnk2NTY2NjE3NQ==,2016-08-14T12:53:29Z,2026-04-19T18:42:24Z,2026-03-27T07:54:23Z,83184,False,xmltools,morbac/xmltools,git@github.com:morbac/xmltools.git,307
MDEwOlJlcG9zaXRvcnk2NTY0MzAzNA==,2016-08-14T00:38:46Z,2026-04-06T12:59:02Z,2026-05-01T21:34:08Z,706,False,rules_boost,nelhage/rules_boost,git@github.com:nelhage/rules_boost.git,297
MDEwOlJlcG9zaXRvcnk2NTYxNDIzNg==,2016-08-13T11:29:32Z,2026-05-05T12:11:10Z,2026-05-05T12:11:06Z,90775,False,KAME,northriv/KAME,git@github.com:northriv/KAME.git,4
MDEwOlJlcG9zaXRvcnk2NTYwOTM2Mg==,2016-08-13T09:11:44Z,2026-05-03T03:01:35Z,2026-04-23T11:42:23Z,32531,True,ZLToolKit,ZLMediaKit/ZLToolKit,git@github.com:ZLMediaKit/ZLToolKit.git,2188
MDEwOlJlcG9zaXRvcnk2NTU1NDU0OA==,2016-08-12T13:17:37Z,2026-04-30T18:40:14Z,2026-04-30T18:40:09Z,67027,True,grf,grf-labs/grf,git@github.com:grf-labs/grf.git,1085
MDEwOlJlcG9zaXRvcnk2NTQ5MDQ3NA==,2016-08-11T17:59:35Z,2026-04-12T20:57:46Z,2026-04-12T20:57:41Z,70,True,skeleton-module,azerothcore/skeleton-module,git@github.com:azerothcore/skeleton-module.git,51
MDEwOlJlcG9zaXRvcnk2NTQ4NTk5Ng==,2016-08-11T16:51:52Z,2026-05-04T11:57:55Z,2026-05-04T11:57:58Z,1386,False,ResampleMT,jpsdr/ResampleMT,git@github.com:jpsdr/ResampleMT.git,15
MDEwOlJlcG9zaXRvcnk2NTQ2NDA5NA==,2016-08-11T11:28:22Z,2026-05-07T10:27:13Z,2026-05-07T10:27:09Z,99510,True,amiberry,BlitterStudio/amiberry,git@github.com:BlitterStudio/amiberry.git,869
MDEwOlJlcG9zaXRvcnk2NTQyNTUzOA==,2016-08-11T00:30:24Z,2026-05-07T11:35:34Z,2026-03-26T22:52:52Z,10486,False,sirikali,mhogomchungu/sirikali,git@github.com:mhogomchungu/sirikali.git,966
MDEwOlJlcG9zaXRvcnk2NTQxNTIyNA==,2016-08-10T20:43:58Z,2026-05-06T18:45:21Z,2026-05-04T08:04:36Z,77195,False,far2l,elfmz/far2l,git@github.com:elfmz/far2l.git,2162
MDEwOlJlcG9zaXRvcnk2NTM5Mjg0OQ==,2016-08-10T15:13:50Z,2026-05-06T10:31:23Z,2026-05-06T10:31:20Z,79220,True,metagraph,ratschlab/metagraph,git@github.com:ratschlab/metagraph.git,229
MDEwOlJlcG9zaXRvcnk2NTMwODc2MA==,2016-08-09T16:00:05Z,2026-04-27T20:07:02Z,2026-04-27T20:09:49Z,4640,False,pvr.zattoo,rbuehlma/pvr.zattoo,git@github.com:rbuehlma/pvr.zattoo.git,36
MDEwOlJlcG9zaXRvcnk2NTI3Njk4Mw==,2016-08-09T08:23:10Z,2026-04-12T02:08:06Z,2026-04-12T02:08:03Z,630,True,kairo,KDE/kairo,git@github.com:KDE/kairo.git,6
MDEwOlJlcG9zaXRvcnk2NTIxNjY2OA==,2016-08-08T15:38:37Z,2026-04-27T14:13:07Z,2026-05-05T23:30:01Z,40276,False,zazmol,madscatt/zazmol,git@github.com:madscatt/zazmol.git,0
MDEwOlJlcG9zaXRvcnk2NTIxNDk5OQ==,2016-08-08T15:17:09Z,2026-04-19T22:44:28Z,2026-03-03T23:11:50Z,261,True,ncpamixer,fulhax/ncpamixer,git@github.com:fulhax/ncpamixer.git,443
MDEwOlJlcG9zaXRvcnk2NTIxNDE5MQ==,2016-08-08T15:07:24Z,2026-05-07T11:16:53Z,2026-05-07T06:17:11Z,299918,True,envoy,envoyproxy/envoy,git@github.com:envoyproxy/envoy.git,27922
MDEwOlJlcG9zaXRvcnk2NTA0NjUzMg==,2016-08-05T20:18:48Z,2026-05-06T23:35:48Z,2026-05-06T23:35:45Z,10873,True,fb303,facebook/fb303,org-69631@github.com:facebook/fb303.git,92
MDEwOlJlcG9zaXRvcnk2NTA0NTQzMQ==,2016-08-05T19:59:16Z,2026-04-26T06:50:10Z,2026-04-26T06:50:05Z,12746,False,ev-text-editor,andrey-levichev/ev-text-editor,git@github.com:andrey-levichev/ev-text-editor.git,2
MDEwOlJlcG9zaXRvcnk2NDk5MTg4Nw==,2016-08-05T05:45:50Z,2026-05-07T08:16:21Z,2026-05-06T20:24:41Z,25230,True,LightGBM,lightgbm-org/LightGBM,git@github.com:lightgbm-org/LightGBM.git,18321
MDEwOlJlcG9zaXRvcnk2NDk3NjQ2OQ==,2016-08-05T00:40:07Z,2026-04-20T11:55:26Z,2026-03-22T07:44:24Z,1101,False,LBFGSpp,yixuan/LBFGSpp,git@github.com:yixuan/LBFGSpp.git,645
MDEwOlJlcG9zaXRvcnk2NDk1NjY0NQ==,2016-08-04T18:05:41Z,2026-03-31T12:13:09Z,2026-03-31T12:13:05Z,555,True,CoxIterGAP,gap-packages/CoxIterGAP,git@github.com:gap-packages/CoxIterGAP.git,0
MDEwOlJlcG9zaXRvcnk2NDkxMzkyNg==,2016-08-04T07:43:59Z,2026-04-23T13:55:57Z,2026-04-23T13:56:12Z,433,True,dde-polkit-agent,linuxdeepin/dde-polkit-agent,git@github.com:linuxdeepin/dde-polkit-agent.git,8
MDEwOlJlcG9zaXRvcnk2NDkwNzYxNQ==,2016-08-04T06:13:58Z,2026-04-23T03:36:11Z,2026-03-13T03:00:47Z,396,False,libsai,Wunkolo/libsai,git@github.com:Wunkolo/libsai.git,125
MDEwOlJlcG9zaXRvcnk2NDg5MDIxNA==,2016-08-04T01:04:24Z,2026-03-17T01:45:34Z,2026-03-30T13:14:57Z,591,True,deepin-shortcut-viewer,linuxdeepin/deepin-shortcut-viewer,git@github.com:linuxdeepin/deepin-shortcut-viewer.git,10
MDEwOlJlcG9zaXRvcnk2NDc4NDU5Ng==,2016-08-02T19:03:48Z,2026-05-06T00:22:32Z,2026-05-06T00:22:27Z,65198,True,Nyx,AMReX-Astro/Nyx,git@github.com:AMReX-Astro/Nyx.git,106
MDEwOlJlcG9zaXRvcnk2NDc2MDUyNg==,2016-08-02T13:46:37Z,2026-04-29T06:39:29Z,2026-04-29T06:39:35Z,79268,True,Fast-DDS-docs,eProsima/Fast-DDS-docs,git@github.com:eProsima/Fast-DDS-docs.git,98
MDEwOlJlcG9zaXRvcnk2NDc1MzMyNg==,2016-08-02T12:03:35Z,2026-05-04T08:54:49Z,2026-05-04T09:01:22Z,4632,True,charge-controller-firmware,LibreSolar/charge-controller-firmware,git@github.com:LibreSolar/charge-controller-firmware.git,175
MDEwOlJlcG9zaXRvcnk2NDc1MzI4NQ==,2016-08-02T12:03:01Z,2026-04-24T11:56:17Z,2026-04-24T11:56:16Z,353,False,dysco,aroffringa/dysco,git@github.com:aroffringa/dysco.git,10
MDEwOlJlcG9zaXRvcnk2NDY5MzQwNA==,2016-08-01T18:56:04Z,2026-05-02T09:38:23Z,2026-03-02T04:39:18Z,83673,False,heartbeat,prouast/heartbeat,git@github.com:prouast/heartbeat.git,615
MDEwOlJlcG9zaXRvcnk2NDY3Nzg5MA==,2016-08-01T15:17:18Z,2026-04-23T03:42:12Z,2026-04-23T03:42:08Z,271351,True,snapcpp,m2osw/snapcpp,git@github.com:m2osw/snapcpp.git,12
MDEwOlJlcG9zaXRvcnk2NDY0NTk2NQ==,2016-08-01T07:33:05Z,2026-05-06T12:24:51Z,2026-04-29T10:22:08Z,91891,False,wass,fbergama/wass,git@github.com:fbergama/wass.git,64
MDEwOlJlcG9zaXRvcnk2NDYyMDYxNA==,2016-07-31T23:19:13Z,2026-04-25T17:22:14Z,2026-04-25T17:22:04Z,24284,False,r2sbml,sn248/r2sbml,git@github.com:sn248/r2sbml.git,3
MDEwOlJlcG9zaXRvcnk2NDYwNzM1OQ==,2016-07-31T17:51:28Z,2026-05-06T04:59:52Z,2026-04-29T11:31:09Z,7006,True,ksnip,ksnip/ksnip,git@github.com:ksnip/ksnip.git,3199
MDEwOlJlcG9zaXRvcnk2NDU2MTMyMA==,2016-07-30T19:43:23Z,2026-05-03T13:46:24Z,2026-05-03T13:46:25Z,2845,True,ruisapp,cppfw/ruisapp,git@github.com:cppfw/ruisapp.git,3
MDEwOlJlcG9zaXRvcnk2NDU1OTQ1OA==,2016-07-30T18:52:23Z,2026-05-07T08:54:22Z,2026-05-07T08:54:18Z,83958,False,BenchmarkFcns,mazhar-ansari-ardeh/BenchmarkFcns,git@github.com:mazhar-ansari-ardeh/BenchmarkFcns.git,72
MDEwOlJlcG9zaXRvcnk2NDUzMjkyOQ==,2016-07-30T07:47:58Z,2026-03-01T01:03:40Z,2026-03-01T01:03:44Z,11059,True,Frog-Archiver,berv-uni-project/Frog-Archiver,git@github.com:berv-uni-project/Frog-Archiver.git,3
MDEwOlJlcG9zaXRvcnk2NDUxNjc0MA==,2016-07-29T23:49:42Z,2026-05-06T23:43:36Z,2026-05-06T23:43:32Z,194822,True,doriax,doriaxengine/doriax,git@github.com:doriaxengine/doriax.git,392
MDEwOlJlcG9zaXRvcnk2NDUxNDY0MA==,2016-07-29T22:50:02Z,2026-04-19T02:34:58Z,2026-04-19T02:34:54Z,230,True,samba-mounter,KDE/samba-mounter,git@github.com:KDE/samba-mounter.git,7
MDEwOlJlcG9zaXRvcnk2NDQ3NDU5OA==,2016-07-29T11:07:36Z,2026-05-05T17:36:01Z,2026-05-05T17:35:45Z,27556,True,mayo,fougue/mayo,git@github.com:fougue/mayo.git,2049
MDEwOlJlcG9zaXRvcnk2NDM5NTkyMQ==,2016-07-28T13:01:19Z,2026-04-07T19:43:13Z,2026-04-07T19:43:08Z,55,True,icsscand,intrepidcs/icsscand,git@github.com:intrepidcs/icsscand.git,14
MDEwOlJlcG9zaXRvcnk2NDM4ODQ5Nw==,2016-07-28T11:02:59Z,2026-05-05T18:54:35Z,2026-05-05T18:54:31Z,1697,True,phosphor-net-ipmid,openbmc/phosphor-net-ipmid,git@github.com:openbmc/phosphor-net-ipmid.git,13
MDEwOlJlcG9zaXRvcnk2NDM0MDE4OA==,2016-07-27T20:38:09Z,2026-05-02T01:04:48Z,2026-04-06T12:09:08Z,71058,True,moveit,moveit/moveit,git@github.com:moveit/moveit.git,2036
MDEwOlJlcG9zaXRvcnk2NDMzMzg2MA==,2016-07-27T18:51:54Z,2026-03-17T21:51:45Z,2026-04-15T18:50:45Z,341171,False,PSP,Thales1330/PSP,git@github.com:Thales1330/PSP.git,73
MDEwOlJlcG9zaXRvcnk2NDI4OTU0NQ==,2016-07-27T08:05:00Z,2026-05-07T01:33:58Z,2026-04-09T06:43:43Z,1250600,True,AliSQL,alibaba/AliSQL,git@github.com:alibaba/AliSQL.git,5812
MDEwOlJlcG9zaXRvcnk2NDI0NDY2OQ==,2016-07-26T18:24:50Z,2026-04-27T21:16:53Z,2026-04-27T21:16:50Z,148,True,PETLiverUptakeMeasurement,QIICR/PETLiverUptakeMeasurement,git@github.com:QIICR/PETLiverUptakeMeasurement.git,0
MDEwOlJlcG9zaXRvcnk2NDIyOTc3NQ==,2016-07-26T14:52:05Z,2026-05-07T01:59:01Z,2026-03-02T12:01:31Z,3468,False,McOsu,McKay42/McOsu,git@github.com:McKay42/McOsu.git,464
MDEwOlJlcG9zaXRvcnk2NDE3NjM2NQ==,2016-07-26T00:16:20Z,2026-04-27T05:19:52Z,2026-03-25T12:39:41Z,14683,False,3DSident,joel16/3DSident,git@github.com:joel16/3DSident.git,361
MDEwOlJlcG9zaXRvcnk2NDE3MTYyNQ==,2016-07-25T22:18:28Z,2026-05-02T15:33:53Z,2026-05-07T06:22:27Z,66506,True,ats,amanzi/ats,git@github.com:amanzi/ats.git,58
MDEwOlJlcG9zaXRvcnk2NDA3MTkzMg==,2016-07-24T15:25:30Z,2026-04-29T11:07:19Z,2026-03-05T05:32:50Z,26534,False,trade-frame,rburkholder/trade-frame,git@github.com:rburkholder/trade-frame.git,656
MDEwOlJlcG9zaXRvcnk2NDAzMjkzMw==,2016-07-23T19:43:38Z,2026-04-04T12:34:13Z,2026-04-04T13:47:19Z,138864,False,littleyoda-DCC-Decoder,littleyoda/littleyoda-DCC-Decoder,git@github.com:littleyoda/littleyoda-DCC-Decoder.git,28
MDEwOlJlcG9zaXRvcnk2Mzk3NjE3MA==,2016-07-22T18:50:42Z,2026-04-23T00:49:58Z,2026-05-05T18:17:07Z,340628,True,amanzi,amanzi/amanzi,git@github.com:amanzi/amanzi.git,51
MDEwOlJlcG9zaXRvcnk2Mzk2MTUyNQ==,2016-07-22T14:55:14Z,2026-05-06T02:46:52Z,2026-05-01T01:22:36Z,29768,False,NVEnc,rigaya/NVEnc,git@github.com:rigaya/NVEnc.git,1324
MDEwOlJlcG9zaXRvcnk2Mzg0MjE3MQ==,2016-07-21T06:15:04Z,2026-05-07T03:12:48Z,2026-05-07T03:12:43Z,3607,False,provsql,PierreSenellart/provsql,git@github.com:PierreSenellart/provsql.git,61
MDEwOlJlcG9zaXRvcnk2Mzc5ODE0Mg==,2016-07-20T16:46:38Z,2026-05-06T12:39:19Z,2026-05-06T12:39:15Z,6560,True,sdbusplus,openbmc/sdbusplus,git@github.com:openbmc/sdbusplus.git,138
MDEwOlJlcG9zaXRvcnk2Mzc5ODA2Ng==,2016-07-20T16:45:28Z,2026-04-24T13:30:10Z,2026-05-07T01:23:29Z,9137,True,phosphor-logging,openbmc/phosphor-logging,git@github.com:openbmc/phosphor-logging.git,15
MDEwOlJlcG9zaXRvcnk2MzcwMzIxOA==,2016-07-19T14:55:29Z,2026-05-05T22:57:46Z,2026-03-25T00:33:23Z,21331,True,HTStream,s4hts/HTStream,git@github.com:s4hts/HTStream.git,50
MDEwOlJlcG9zaXRvcnk2MzYwMzAwOQ==,2016-07-18T12:56:34Z,2026-04-20T16:17:40Z,2026-04-20T16:17:24Z,33931,True,EffekseerForUE,effekseer/EffekseerForUE,git@github.com:effekseer/EffekseerForUE.git,21
MDEwOlJlcG9zaXRvcnk2MzYwMTQ4MA==,2016-07-18T12:33:37Z,2026-03-15T15:03:18Z,2026-04-13T01:52:19Z,250211,False,celerite,dfm/celerite,git@github.com:dfm/celerite.git,191
MDEwOlJlcG9zaXRvcnk2MzU3ODg5Nw==,2016-07-18T07:08:59Z,2026-05-04T09:26:18Z,2026-05-01T01:52:31Z,568,True,kio-stash,KDE/kio-stash,git@github.com:KDE/kio-stash.git,20
MDEwOlJlcG9zaXRvcnk2MzU0MTU0NQ==,2016-07-17T16:27:30Z,2026-04-22T20:42:00Z,2026-04-22T20:41:56Z,14851,True,qt-feedstock,conda-forge/qt-feedstock,git@github.com:conda-forge/qt-feedstock.git,12
MDEwOlJlcG9zaXRvcnk2MzUwMzQ3OQ==,2016-07-16T21:46:15Z,2026-04-10T15:11:28Z,2026-04-10T15:17:28Z,1311,True,savvy,statgen/savvy,git@github.com:statgen/savvy.git,31
MDEwOlJlcG9zaXRvcnk2MzQ5NzU1OA==,2016-07-16T18:44:50Z,2026-05-04T17:02:03Z,2026-04-22T06:27:41Z,4098,False,MicroCore,MCUdude/MicroCore,git@github.com:MCUdude/MicroCore.git,607
MDEwOlJlcG9zaXRvcnk2MzQ3NDgwMw==,2016-07-16T09:06:44Z,2026-05-07T05:36:27Z,2026-05-05T01:56:39Z,6002,True,krename,KDE/krename,git@github.com:KDE/krename.git,44
MDEwOlJlcG9zaXRvcnk2MzQ0NjUxOQ==,2016-07-15T19:36:26Z,2026-05-06T15:18:05Z,2026-05-06T15:11:16Z,3699,False,frugally-deep,Dobiasd/frugally-deep,git@github.com:Dobiasd/frugally-deep.git,1123
MDEwOlJlcG9zaXRvcnk2MzQzMzcxMg==,2016-07-15T15:52:16Z,2026-04-29T16:33:43Z,2026-04-29T16:33:38Z,981,True,ITKRLEImage,KitwareMedical/ITKRLEImage,git@github.com:KitwareMedical/ITKRLEImage.git,4
MDEwOlJlcG9zaXRvcnk2MzQyNTE0OQ==,2016-07-15T13:47:05Z,2026-04-19T10:29:22Z,2026-04-06T20:22:12Z,8363,True,pi-BEM,mathLab/pi-BEM,git@github.com:mathLab/pi-BEM.git,69
MDEwOlJlcG9zaXRvcnk2MzQwMjQzNQ==,2016-07-15T07:47:08Z,2026-05-03T13:55:42Z,2026-05-03T13:55:37Z,37261,False,TTKWidgetTools,Greedysky/TTKWidgetTools,git@github.com:Greedysky/TTKWidgetTools.git,747
MDEwOlJlcG9zaXRvcnk2MzQwMjIzNw==,2016-07-15T07:44:22Z,2026-04-10T08:36:34Z,2026-04-10T08:36:39Z,5055,True,ews-cpp,otris/ews-cpp,git@github.com:otris/ews-cpp.git,75
MDEwOlJlcG9zaXRvcnk2MzMwMjg5NA==,2016-07-14T04:42:03Z,2026-04-29T12:57:14Z,2026-04-29T12:57:09Z,45483,False,ldview,tcobbs/ldview,git@github.com:tcobbs/ldview.git,111
MDEwOlJlcG9zaXRvcnk2MzI3Mzk3Mw==,2016-07-13T19:32:07Z,2026-05-05T13:59:10Z,2026-05-05T18:45:47Z,17190,True,odbc,r-dbi/odbc,git@github.com:r-dbi/odbc.git,414
MDEwOlJlcG9zaXRvcnk2MzE5MDg3Mw==,2016-07-12T20:39:19Z,2026-05-01T23:06:28Z,2026-04-12T22:57:07Z,3299,False,xOBSE,llde/xOBSE,git@github.com:llde/xOBSE.git,299
MDEwOlJlcG9zaXRvcnk2MzEyMTc1Ng==,2016-07-12T03:03:10Z,2026-03-28T14:51:17Z,2026-03-28T15:15:00Z,668,False,tibasic,miselin/tibasic,git@github.com:miselin/tibasic.git,23
MDEwOlJlcG9zaXRvcnk2MzA4MjI1OQ==,2016-07-11T16:02:47Z,2026-05-03T20:09:58Z,2026-05-03T20:58:56Z,8907,False,ygopro-core,edo9300/ygopro-core,git@github.com:edo9300/ygopro-core.git,60
MDEwOlJlcG9zaXRvcnk2MzA4MTg2Mg==,2016-07-11T15:57:53Z,2026-05-07T08:04:00Z,2026-05-07T08:03:55Z,14322,True,managarm,managarm/managarm,git@github.com:managarm/managarm.git,1898
MDEwOlJlcG9zaXRvcnk2MzA2MTQxMw==,2016-07-11T11:13:36Z,2026-03-16T09:42:12Z,2026-03-16T09:42:08Z,1218,False,mtc,big-keva/mtc,git@github.com:big-keva/mtc.git,0
MDEwOlJlcG9zaXRvcnk2MzAzNzgwNg==,2016-07-11T04:57:55Z,2026-05-07T08:05:09Z,2026-05-05T01:21:56Z,139065,True,Karabiner-Elements,pqrs-org/Karabiner-Elements,git@github.com:pqrs-org/Karabiner-Elements.git,22065
MDEwOlJlcG9zaXRvcnk2MzAzNzI0OA==,2016-07-11T04:44:19Z,2026-05-07T10:07:27Z,2026-05-01T14:26:31Z,21170,False,kys-cpp,scarsty/kys-cpp,git@github.com:scarsty/kys-cpp.git,2864
MDEwOlJlcG9zaXRvcnk2MzAyMzE5MA==,2016-07-10T23:39:27Z,2026-03-10T05:12:55Z,2026-03-10T05:12:50Z,6409,False,Code-Analyzer,rohit13/Code-Analyzer,git@github.com:rohit13/Code-Analyzer.git,0
MDEwOlJlcG9zaXRvcnk2MzAwOTI1MQ==,2016-07-10T17:00:56Z,2026-04-26T18:27:40Z,2026-04-05T12:36:10Z,53514,False,Gravity-Simulator,larsXYZ/Gravity-Simulator,git@github.com:larsXYZ/Gravity-Simulator.git,110
MDEwOlJlcG9zaXRvcnk2Mjk3MDgxNg==,2016-07-09T22:00:04Z,2026-04-12T05:10:59Z,2026-04-12T05:10:55Z,2940,False,synth-grid,gbryant/synth-grid,git@github.com:gbryant/synth-grid.git,0
MDEwOlJlcG9zaXRvcnk2Mjk2ODAzNQ==,2016-07-09T20:33:51Z,2026-04-28T05:56:35Z,2026-04-28T05:56:29Z,10086,True,tajcoin,Taj-Coin/tajcoin,git@github.com:Taj-Coin/tajcoin.git,5
MDEwOlJlcG9zaXRvcnk2Mjk2NTEwNg==,2016-07-09T19:10:46Z,2026-05-07T00:47:54Z,2026-04-22T20:35:44Z,108913,False,LLGL,LukasBanana/LLGL,git@github.com:LukasBanana/LLGL.git,2581
MDEwOlJlcG9zaXRvcnk2MjkyNzI4Nw==,2016-07-09T01:59:14Z,2026-05-06T14:52:19Z,2026-05-06T14:35:39Z,27765,False,Qlattice,jinluchang/Qlattice,git@github.com:jinluchang/Qlattice.git,16
MDEwOlJlcG9zaXRvcnk2MjkwMDg3NA==,2016-07-08T16:05:10Z,2026-04-29T09:39:36Z,2026-04-26T15:13:50Z,3013,False,dggridR,r-barnes/dggridR,git@github.com:r-barnes/dggridR.git,186
MDEwOlJlcG9zaXRvcnk2Mjg5MTQ4NQ==,2016-07-08T13:41:12Z,2026-03-17T06:06:03Z,2026-03-17T06:05:59Z,3710,False,RPV,jaehyeok/RPV,git@github.com:jaehyeok/RPV.git,2
MDEwOlJlcG9zaXRvcnk2Mjg5MTI3OA==,2016-07-08T13:37:56Z,2026-05-06T20:20:37Z,2026-05-07T11:30:21Z,343762,True,Chaste,Chaste/Chaste,git@github.com:Chaste/Chaste.git,145
MDEwOlJlcG9zaXRvcnk2Mjg4NzYzOQ==,2016-07-08T12:38:31Z,2026-03-25T02:44:29Z,2026-03-25T02:45:49Z,4388341,False,galaxy,reworks-org/galaxy,git@github.com:reworks-org/galaxy.git,84
MDEwOlJlcG9zaXRvcnk2Mjg3Njc5Mg==,2016-07-08T09:24:33Z,2026-05-06T15:51:26Z,2026-05-06T15:51:22Z,382,False,vfspp,nextgeniuspro/vfspp,git@github.com:nextgeniuspro/vfspp.git,437
MDEwOlJlcG9zaXRvcnk2MjgyNTE2Mw==,2016-07-07T17:20:14Z,2026-03-26T12:22:49Z,2026-03-26T12:22:42Z,200,False,Brasilino,OtacilioN/Brasilino,git@github.com:OtacilioN/Brasilino.git,179
MDEwOlJlcG9zaXRvcnk2Mjc0NjE2OQ==,2016-07-06T19:01:10Z,2026-04-26T17:39:52Z,2026-04-13T12:43:27Z,904088,True,BHOI-takmicenja-iz-informatike,BHOI/BHOI-takmicenja-iz-informatike,git@github.com:BHOI/BHOI-takmicenja-iz-informatike.git,3
MDEwOlJlcG9zaXRvcnk2MjczOTY2MA==,2016-07-06T17:16:34Z,2026-03-07T23:01:17Z,2026-03-07T23:01:14Z,22,False,licut,Geremia/licut,git@github.com:Geremia/licut.git,25
MDEwOlJlcG9zaXRvcnk2MjcxODg1Nw==,2016-07-06T12:20:41Z,2026-04-03T05:36:46Z,2026-04-03T05:39:19Z,5309,True,wsclean,kernsuite-debian/wsclean,git@github.com:kernsuite-debian/wsclean.git,0
MDEwOlJlcG9zaXRvcnk2MjcxMTM5NA==,2016-07-06T10:06:18Z,2026-03-15T15:50:15Z,2026-03-15T15:51:18Z,3909,True,meqtrees-timba,kernsuite-debian/meqtrees-timba,git@github.com:kernsuite-debian/meqtrees-timba.git,0
MDEwOlJlcG9zaXRvcnk2MjcwNTY5OQ==,2016-07-06T08:44:26Z,2026-04-30T12:22:14Z,2026-04-30T12:21:57Z,1298,True,hpp-pinocchio,humanoid-path-planner/hpp-pinocchio,git@github.com:humanoid-path-planner/hpp-pinocchio.git,13
MDEwOlJlcG9zaXRvcnk2MjY0NzQzNQ==,2016-07-05T15:19:17Z,2026-04-27T20:10:09Z,2026-03-27T07:19:32Z,816,True,lora-serialization,thesolarnomad/lora-serialization,git@github.com:thesolarnomad/lora-serialization.git,168
MDEwOlJlcG9zaXRvcnk2MjU4ODg1Mw==,2016-07-04T21:27:00Z,2026-05-04T10:49:44Z,2026-05-04T10:49:40Z,17111,False,littlenavconnect,albar965/littlenavconnect,git@github.com:albar965/littlenavconnect.git,32
MDEwOlJlcG9zaXRvcnk2MjU4ODcyNQ==,2016-07-04T21:23:50Z,2026-05-05T18:13:30Z,2026-05-05T18:13:26Z,395873,False,littlenavmap,albar965/littlenavmap,git@github.com:albar965/littlenavmap.git,1534
MDEwOlJlcG9zaXRvcnk2MjUzMjY1MA==,2016-07-04T05:00:15Z,2026-05-02T07:10:59Z,2026-04-28T07:49:58Z,229,False,JQHttpServer,188080501/JQHttpServer,git@github.com:188080501/JQHttpServer.git,577
MDEwOlJlcG9zaXRvcnk2MjUwNzgxNw==,2016-07-03T17:34:42Z,2026-04-10T07:56:12Z,2026-04-10T07:56:04Z,97,False,alac,mikebrady/alac,git@github.com:mikebrady/alac.git,97
MDEwOlJlcG9zaXRvcnk2MjQ2ODYzNw==,2016-07-02T20:28:41Z,2026-04-26T08:59:22Z,2026-04-19T09:33:51Z,58573,False,MiniCore,MCUdude/MiniCore,git@github.com:MCUdude/MiniCore.git,1130
MDEwOlJlcG9zaXRvcnk2MjQ2MTAwMg==,2016-07-02T16:56:05Z,2026-05-05T16:03:36Z,2026-05-05T16:02:09Z,1679697,False,VTX,dwsindorf/VTX,git@github.com:dwsindorf/VTX.git,0
MDEwOlJlcG9zaXRvcnk2MjQxODA1OA==,2016-07-01T20:26:20Z,2026-05-03T07:04:52Z,2026-04-20T02:56:56Z,30414,True,gearmand,gearman/gearmand,git@github.com:gearman/gearmand.git,760
MDEwOlJlcG9zaXRvcnk2MjM0MzE0NA==,2016-06-30T21:23:44Z,2026-05-06T20:28:13Z,2026-05-06T20:28:07Z,20968,True,adamantine,adamantine-sim/adamantine,git@github.com:adamantine-sim/adamantine.git,54
MDEwOlJlcG9zaXRvcnk2MjMyNzMzNA==,2016-06-30T16:46:12Z,2026-03-24T20:18:16Z,2026-03-24T20:18:12Z,57,False,mruby-poll,Asmod4n/mruby-poll,git@github.com:Asmod4n/mruby-poll.git,1
MDEwOlJlcG9zaXRvcnk2MjI1OTkyMA==,2016-06-29T21:44:31Z,2026-04-26T10:41:58Z,2026-05-07T07:24:01Z,973,False,kl,k0zmo/kl,git@github.com:k0zmo/kl.git,1
MDEwOlJlcG9zaXRvcnk2MjI1ODAwNw==,2016-06-29T21:08:43Z,2026-05-05T01:50:28Z,2026-05-07T10:36:54Z,3757,True,akonadi-mime,KDE/akonadi-mime,git@github.com:KDE/akonadi-mime.git,7
MDEwOlJlcG9zaXRvcnk2MjI1Nzk1OA==,2016-06-29T21:07:42Z,2026-05-03T09:57:42Z,2026-05-07T10:36:38Z,21401,True,akonadi-contacts,KDE/akonadi-contacts,git@github.com:KDE/akonadi-contacts.git,10
MDEwOlJlcG9zaXRvcnk2MjI1Mjg1OQ==,2016-06-29T19:38:21Z,2026-04-16T20:01:48Z,2026-04-16T20:01:43Z,11228,False,find_orb,Bill-Gray/find_orb,git@github.com:Bill-Gray/find_orb.git,120
MDEwOlJlcG9zaXRvcnk2MjI0NjAyNA==,2016-06-29T17:48:43Z,2026-05-07T01:07:48Z,2026-04-08T13:22:51Z,15189,True,kfr,kfrlib/kfr,git@github.com:kfrlib/kfr.git,1871
MDEwOlJlcG9zaXRvcnk2MjIwOTQ0NA==,2016-06-29T08:30:28Z,2026-04-16T16:53:15Z,2026-04-16T17:08:20Z,332,True,hpp-affordance,humanoid-path-planner/hpp-affordance,git@github.com:humanoid-path-planner/hpp-affordance.git,0
MDEwOlJlcG9zaXRvcnk2MjE5MTg0OA==,2016-06-29T03:14:21Z,2026-04-10T07:52:07Z,2026-03-19T02:44:05Z,3097000,True,cocos-engine-external,cocos/cocos-engine-external,git@github.com:cocos/cocos-engine-external.git,66
MDEwOlJlcG9zaXRvcnk2MjE0NDYyOA==,2016-06-28T13:49:39Z,2026-03-30T14:43:00Z,2026-03-30T14:45:29Z,2305,True,mlibrary,gemc/mlibrary,git@github.com:gemc/mlibrary.git,0
MDEwOlJlcG9zaXRvcnk2MjEzMzIzNw==,2016-06-28T10:46:28Z,2026-03-13T14:07:27Z,2026-03-13T14:07:30Z,4456,True,aoflagger,kernsuite-debian/aoflagger,git@github.com:kernsuite-debian/aoflagger.git,0
MDEwOlJlcG9zaXRvcnk2MjEyODkyNg==,2016-06-28T09:38:21Z,2026-05-02T19:27:50Z,2026-05-02T19:27:46Z,320911,False,design-engine,bensinghbeno/design-engine,git@github.com:bensinghbeno/design-engine.git,0
MDEwOlJlcG9zaXRvcnk2MjAwNjY5Mw==,2016-06-26T20:19:06Z,2026-04-15T14:03:18Z,2026-03-01T16:45:36Z,508,False,fileshelter,epoupon/fileshelter,git@github.com:epoupon/fileshelter.git,536
MDEwOlJlcG9zaXRvcnk2MTk4NTUyNQ==,2016-06-26T11:09:58Z,2026-04-23T07:47:16Z,2026-04-23T07:47:27Z,2203,False,mptensor,smorita/mptensor,git@github.com:smorita/mptensor.git,32
MDEwOlJlcG9zaXRvcnk2MTk4MDY1OA==,2016-06-26T08:40:05Z,2026-05-07T11:36:52Z,2026-05-07T11:36:47Z,1329535,True,azerothcore-wotlk,azerothcore/azerothcore-wotlk,git@github.com:azerothcore/azerothcore-wotlk.git,8310
MDEwOlJlcG9zaXRvcnk2MTk2NjY1OA==,2016-06-26T00:05:17Z,2026-05-04T20:02:32Z,2026-05-07T05:24:16Z,64023,False,blackchirp,kncrabtree/blackchirp,git@github.com:kncrabtree/blackchirp.git,2
MDEwOlJlcG9zaXRvcnk2MTk2NTM2Mg==,2016-06-25T23:17:18Z,2026-05-07T04:16:25Z,2026-03-29T17:24:00Z,2297,False,compile-time-regular-expressions,hanickadot/compile-time-regular-expressions,git@github.com:hanickadot/compile-time-regular-expressions.git,3800
MDEwOlJlcG9zaXRvcnk2MTk0MzMxOA==,2016-06-25T12:57:32Z,2026-05-05T12:15:42Z,2026-05-07T06:13:59Z,21869,True,infomap,mapequation/infomap,git@github.com:mapequation/infomap.git,484
MDEwOlJlcG9zaXRvcnk2MTg4MTI1Ng==,2016-06-24T11:54:54Z,2026-04-30T17:18:20Z,2026-03-12T04:41:47Z,1271,False,USBHost_t36,PaulStoffregen/USBHost_t36,git@github.com:PaulStoffregen/USBHost_t36.git,212
MDEwOlJlcG9zaXRvcnk2MTgxNzQ2OA==,2016-06-23T15:48:14Z,2026-04-03T16:56:13Z,2026-04-03T16:56:10Z,242,True,blending-simulation,jcbachmann/blending-simulation,git@github.com:jcbachmann/blending-simulation.git,1
MDEwOlJlcG9zaXRvcnk2MTgxMDA0OA==,2016-06-23T14:07:44Z,2026-05-06T04:53:07Z,2026-04-15T14:29:57Z,124924,True,Smilei,SmileiPIC/Smilei,git@github.com:SmileiPIC/Smilei.git,430
MDEwOlJlcG9zaXRvcnk2MTc4NDMxNA==,2016-06-23T07:28:44Z,2026-05-07T05:06:47Z,2026-05-07T05:06:44Z,6359,False,algo-practice,ikr/algo-practice,git@github.com:ikr/algo-practice.git,3
MDEwOlJlcG9zaXRvcnk2MTcxODkwMA==,2016-06-22T12:52:57Z,2026-04-28T14:33:10Z,2026-04-28T14:17:57Z,10844,True,lue,computationalgeography/lue,git@github.com:computationalgeography/lue.git,16
MDEwOlJlcG9zaXRvcnk2MTY2MTM3OA==,2016-06-21T19:31:29Z,2026-05-04T13:14:21Z,2026-05-06T15:15:27Z,1703463,True,AliPhysics,alisw/AliPhysics,git@github.com:alisw/AliPhysics.git,109
MDEwOlJlcG9zaXRvcnk2MTY0NTAyMw==,2016-06-21T15:24:24Z,2026-05-07T06:43:57Z,2026-05-07T06:43:59Z,7146,True,marching_cubes,ilastik/marching_cubes,git@github.com:ilastik/marching_cubes.git,100
MDEwOlJlcG9zaXRvcnk2MTYxNjgyNw==,2016-06-21T08:36:02Z,2026-04-23T21:59:38Z,2026-05-07T00:30:21Z,1678,True,node-libzim,openzim/node-libzim,git@github.com:openzim/node-libzim.git,31
MDEwOlJlcG9zaXRvcnk2MTYxNjE1MA==,2016-06-21T08:25:54Z,2026-05-06T09:27:22Z,2026-04-23T15:38:37Z,375078,True,geant4,Geant4/geant4,git@github.com:Geant4/geant4.git,797
MDEwOlJlcG9zaXRvcnk2MTQ3MjQ4OA==,2016-06-19T09:11:56Z,2026-03-14T18:07:21Z,2026-03-14T18:07:17Z,2115,False,dynamix,iboB/dynamix,git@github.com:iboB/dynamix.git,693
MDEwOlJlcG9zaXRvcnk2MTQ3MTQ2NA==,2016-06-19T08:41:09Z,2026-05-04T01:48:29Z,2026-05-02T19:33:31Z,1990,False,pinot,FabriceColin/pinot,git@github.com:FabriceColin/pinot.git,22
MDEwOlJlcG9zaXRvcnk2MTQxNTA0Nw==,2016-06-18T03:27:49Z,2026-05-07T00:20:00Z,2026-05-05T20:57:21Z,688519,False,SpartanEngine,PanosK92/SpartanEngine,git@github.com:PanosK92/SpartanEngine.git,3025
MDEwOlJlcG9zaXRvcnk2MTM5MDYxNQ==,2016-06-17T17:27:26Z,2026-03-07T15:45:09Z,2026-03-07T15:46:31Z,1369,True,scim-anthy,scim-im/scim-anthy,git@github.com:scim-im/scim-anthy.git,0
MDEwOlJlcG9zaXRvcnk2MTM2MzY5NA==,2016-06-17T09:49:06Z,2026-03-24T09:24:00Z,2026-03-12T20:34:59Z,183811,True,Brayns,BlueBrain/Brayns,git@github.com:BlueBrain/Brayns.git,305
MDEwOlJlcG9zaXRvcnk2MTMzOTQzMA==,2016-06-17T02:20:13Z,2026-04-27T19:29:29Z,2026-04-27T19:29:25Z,272700,False,directxtk12test,walbourn/directxtk12test,git@github.com:walbourn/directxtk12test.git,8
MDEwOlJlcG9zaXRvcnk2MTMzNTU2Mw==,2016-06-17T00:54:50Z,2026-05-06T20:12:10Z,2026-05-06T20:12:08Z,7789,True,DirectXTK12,microsoft/DirectXTK12,git@github.com:microsoft/DirectXTK12.git,1723
MDEwOlJlcG9zaXRvcnk2MTI5MjY4Mg==,2016-06-16T12:51:55Z,2026-05-07T09:06:03Z,2026-05-07T09:05:58Z,91087,True,Vulkan-Hpp,KhronosGroup/Vulkan-Hpp,git@github.com:KhronosGroup/Vulkan-Hpp.git,3693
MDEwOlJlcG9zaXRvcnk2MTI0NjU5Ng==,2016-06-15T23:02:16Z,2026-05-06T12:35:44Z,2026-05-01T13:49:02Z,27480,False,reshade,crosire/reshade,git@github.com:crosire/reshade.git,5169
MDEwOlJlcG9zaXRvcnk2MTIxNjMzOA==,2016-06-15T14:53:05Z,2026-05-05T21:24:48Z,2026-05-05T21:25:30Z,44573,True,IDF,nasa/IDF,git@github.com:nasa/IDF.git,88
MDEwOlJlcG9zaXRvcnk2MTIwMjY2NA==,2016-06-15T11:24:38Z,2026-05-03T20:57:59Z,2026-05-04T18:55:14Z,39691,True,hyperion.ng,hyperion-project/hyperion.ng,git@github.com:hyperion-project/hyperion.ng.git,3760
MDEwOlJlcG9zaXRvcnk2MTE3MzYyNA==,2016-06-15T03:09:53Z,2026-05-05T12:18:25Z,2026-05-04T19:15:11Z,376964,False,nimble-commander,mikekazakov/nimble-commander,git@github.com:mikekazakov/nimble-commander.git,654
MDEwOlJlcG9zaXRvcnk2MTExNTU5NA==,2016-06-14T10:58:15Z,2026-05-03T16:08:19Z,2026-04-17T12:28:05Z,53654,True,vcglib,cnr-isti-vclab/vcglib,git@github.com:cnr-isti-vclab/vcglib.git,1273
MDEwOlJlcG9zaXRvcnk2MTAzNTkxMg==,2016-06-13T12:50:20Z,2026-05-06T18:57:41Z,2026-03-05T17:37:13Z,3213,True,opendbviewer,Seek-One/opendbviewer,git@github.com:Seek-One/opendbviewer.git,68
MDEwOlJlcG9zaXRvcnk2MTAzMTA5MA==,2016-06-13T11:31:25Z,2026-03-26T03:21:53Z,2026-03-12T12:41:10Z,30893,True,Eqonomize,Eqonomize/Eqonomize,git@github.com:Eqonomize/Eqonomize.git,138
MDEwOlJlcG9zaXRvcnk2MDk3NjMxNw==,2016-06-12T16:08:50Z,2026-04-25T19:02:04Z,2026-04-25T19:02:00Z,21400,False,flexemu,aladur/flexemu,git@github.com:aladur/flexemu.git,19
MDEwOlJlcG9zaXRvcnk2MDkwMzk5Mg==,2016-06-11T11:26:22Z,2026-03-14T16:10:36Z,2026-03-14T17:13:08Z,122,True,marker_rviz_plugins,tuw-robotics/marker_rviz_plugins,git@github.com:tuw-robotics/marker_rviz_plugins.git,1
MDEwOlJlcG9zaXRvcnk2MDg2MTA4Nw==,2016-06-10T16:14:18Z,2026-05-06T13:07:03Z,2026-05-06T13:05:48Z,102,True,emp-sh2pc,emp-toolkit/emp-sh2pc,git@github.com:emp-toolkit/emp-sh2pc.git,81
MDEwOlJlcG9zaXRvcnk2MDg0NzkwNg==,2016-06-10T13:01:04Z,2026-05-05T19:02:38Z,2026-03-31T10:36:44Z,27912,True,InviZzzible,CheckPointSW/InviZzzible,git@github.com:CheckPointSW/InviZzzible.git,592
MDEwOlJlcG9zaXRvcnk2MDg0NTI5NQ==,2016-06-10T12:13:33Z,2026-04-23T14:31:29Z,2026-04-23T14:31:24Z,357,True,KalDet,iLCSoft/KalDet,git@github.com:iLCSoft/KalDet.git,2
MDEwOlJlcG9zaXRvcnk2MDg0NTI3Mw==,2016-06-10T12:13:12Z,2026-03-19T15:33:06Z,2026-03-19T15:30:58Z,148,True,DDKalTest,iLCSoft/DDKalTest,git@github.com:iLCSoft/DDKalTest.git,1
MDEwOlJlcG9zaXRvcnk2MDg0MjcyMQ==,2016-06-10T11:20:42Z,2026-04-28T11:37:12Z,2026-04-28T11:37:08Z,83,True,Homegear-IPCam,Homegear/Homegear-IPCam,git@github.com:Homegear/Homegear-IPCam.git,3
MDEwOlJlcG9zaXRvcnk2MDg0MjYwOA==,2016-06-10T11:19:04Z,2026-03-27T18:50:06Z,2026-03-27T18:50:00Z,917,False,PeakSegOptimal,tdhock/PeakSegOptimal,git@github.com:tdhock/PeakSegOptimal.git,6
MDEwOlJlcG9zaXRvcnk2MDgwMTkzNQ==,2016-06-09T19:39:03Z,2026-05-07T02:34:38Z,2026-05-07T02:34:35Z,30482,True,emp-ot,emp-toolkit/emp-ot,git@github.com:emp-toolkit/emp-ot.git,184
MDEwOlJlcG9zaXRvcnk2MDgwMTI0OQ==,2016-06-09T19:28:37Z,2026-04-23T20:15:33Z,2026-04-23T20:18:21Z,11060,True,ros_qtc_plugin,ros-industrial/ros_qtc_plugin,git@github.com:ros-industrial/ros_qtc_plugin.git,429
MDEwOlJlcG9zaXRvcnk2MDgwMTA2NQ==,2016-06-09T19:25:56Z,2026-05-06T17:59:03Z,2026-05-06T17:58:59Z,11478,True,emp-tool,emp-toolkit/emp-tool,git@github.com:emp-toolkit/emp-tool.git,241
MDEwOlJlcG9zaXRvcnk2MDc5OTczMw==,2016-06-09T19:04:13Z,2026-04-23T18:21:31Z,2026-04-23T18:21:24Z,5475,True,SBS-offline,JeffersonLab/SBS-offline,git@github.com:JeffersonLab/SBS-offline.git,1
MDEwOlJlcG9zaXRvcnk2MDc3MjE2MA==,2016-06-09T12:13:49Z,2026-05-07T08:33:25Z,2026-05-07T08:33:20Z,45388,True,k4geo,key4hep/k4geo,git@github.com:key4hep/k4geo.git,17
MDEwOlJlcG9zaXRvcnk2MDcwNTIwOA==,2016-06-08T14:42:16Z,2026-05-02T13:11:37Z,2026-04-26T00:14:26Z,6633,False,cppcryptfs,bailey27/cppcryptfs,git@github.com:bailey27/cppcryptfs.git,923
MDEwOlJlcG9zaXRvcnk2MDY5OTQ0NA==,2016-06-08T13:21:30Z,2026-04-24T01:04:31Z,2026-04-21T20:01:01Z,26549,False,CPPCoverage,atlaste/CPPCoverage,git@github.com:atlaste/CPPCoverage.git,92
MDEwOlJlcG9zaXRvcnk2MDY4MjI1OA==,2016-06-08T08:36:38Z,2026-04-28T12:41:36Z,2026-04-28T12:41:34Z,919,True,aidaTT,AIDASoft/aidaTT,git@github.com:AIDASoft/aidaTT.git,6
MDEwOlJlcG9zaXRvcnk2MDY4MjE5MA==,2016-06-08T08:35:45Z,2026-05-05T08:39:36Z,2026-05-05T08:39:32Z,147011,True,DD4hep,AIDASoft/DD4hep,git@github.com:AIDASoft/DD4hep.git,62
MDEwOlJlcG9zaXRvcnk2MDY4MDg1OA==,2016-06-08T08:16:14Z,2026-04-08T15:23:43Z,2026-04-08T15:22:19Z,251,True,envire-envire_visualizer,envire/envire-envire_visualizer,git@github.com:envire/envire-envire_visualizer.git,0
MDEwOlJlcG9zaXRvcnk2MDY1MDkyNg==,2016-06-07T22:30:50Z,2026-05-05T18:31:38Z,2026-05-04T09:05:30Z,17421,False,OPL3BankEditor,Wohlstand/OPL3BankEditor,git@github.com:Wohlstand/OPL3BankEditor.git,166
MDEwOlJlcG9zaXRvcnk2MDY0NDQ1Nw==,2016-06-07T20:32:55Z,2026-04-29T16:19:55Z,2026-05-06T14:59:13Z,525,True,pyamtrack,libamtrack/pyamtrack,git@github.com:libamtrack/pyamtrack.git,5
MDEwOlJlcG9zaXRvcnk2MDY0MTc4Ng==,2016-06-07T19:49:05Z,2026-04-10T08:23:26Z,2026-04-10T08:23:19Z,143,True,MarlinFastJet,iLCSoft/MarlinFastJet,git@github.com:iLCSoft/MarlinFastJet.git,2
MDEwOlJlcG9zaXRvcnk2MDY0MTczOA==,2016-06-07T19:48:23Z,2026-04-13T15:14:34Z,2026-04-17T09:11:05Z,802,True,MarlinUtil,iLCSoft/MarlinUtil,git@github.com:iLCSoft/MarlinUtil.git,4
MDEwOlJlcG9zaXRvcnk2MDY0MTY4NQ==,2016-06-07T19:47:41Z,2026-04-30T08:17:00Z,2026-04-30T08:16:55Z,137,True,LCTuple,iLCSoft/LCTuple,git@github.com:iLCSoft/LCTuple.git,2
MDEwOlJlcG9zaXRvcnk2MDY0MTUyOQ==,2016-06-07T19:44:39Z,2026-03-27T09:38:25Z,2026-03-27T09:38:20Z,1415,True,MarlinTrkProcessors,iLCSoft/MarlinTrkProcessors,git@github.com:iLCSoft/MarlinTrkProcessors.git,1
MDEwOlJlcG9zaXRvcnk2MDY0MTMxMw==,2016-06-07T19:41:15Z,2026-03-27T09:39:07Z,2026-03-27T09:39:01Z,47036,True,MarlinReco,iLCSoft/MarlinReco,git@github.com:iLCSoft/MarlinReco.git,8
MDEwOlJlcG9zaXRvcnk2MDY0MTE3Nw==,2016-06-07T19:39:19Z,2026-04-17T08:34:45Z,2026-04-17T08:40:37Z,11775,True,CLICPerformance,iLCSoft/CLICPerformance,git@github.com:iLCSoft/CLICPerformance.git,5
MDEwOlJlcG9zaXRvcnk2MDY0MTEzNA==,2016-06-07T19:38:37Z,2026-03-25T16:13:44Z,2026-03-25T16:13:38Z,1158,True,ILDPerformance,iLCSoft/ILDPerformance,git@github.com:iLCSoft/ILDPerformance.git,2
MDEwOlJlcG9zaXRvcnk2MDY0MDc5NA==,2016-06-07T19:32:46Z,2026-04-09T06:48:26Z,2026-04-09T06:48:18Z,396,True,RAIDA,iLCSoft/RAIDA,git@github.com:iLCSoft/RAIDA.git,2
MDEwOlJlcG9zaXRvcnk2MDY0MDI4Mw==,2016-06-07T19:24:38Z,2026-04-09T07:05:41Z,2026-04-09T07:05:33Z,8572,True,Marlin,iLCSoft/Marlin,git@github.com:iLCSoft/Marlin.git,13
MDEwOlJlcG9zaXRvcnk2MDYzOTgzMQ==,2016-06-07T19:17:59Z,2026-03-19T13:22:01Z,2026-03-19T13:21:38Z,333,True,LCCD,iLCSoft/LCCD,git@github.com:iLCSoft/LCCD.git,3
MDEwOlJlcG9zaXRvcnk2MDYzOTU2MQ==,2016-06-07T19:14:01Z,2026-04-07T08:51:13Z,2026-04-07T08:51:06Z,10840,True,CED,iLCSoft/CED,git@github.com:iLCSoft/CED.git,2
MDEwOlJlcG9zaXRvcnk2MDYzOTM3NA==,2016-06-07T19:11:02Z,2026-05-04T13:37:07Z,2026-04-28T18:28:09Z,13947,True,LCIO,iLCSoft/LCIO,git@github.com:iLCSoft/LCIO.git,20
MDEwOlJlcG9zaXRvcnk2MDYyNTg2NA==,2016-06-07T15:42:44Z,2026-05-05T12:40:45Z,2026-04-21T13:57:57Z,6410,True,privacyidea-credential-provider,privacyidea/privacyidea-credential-provider,git@github.com:privacyidea/privacyidea-credential-provider.git,86
MDEwOlJlcG9zaXRvcnk2MDYxNTkxMw==,2016-06-07T13:37:47Z,2026-04-26T04:52:19Z,2026-04-20T12:15:16Z,67195,True,aff3ct,aff3ct/aff3ct,git@github.com:aff3ct/aff3ct.git,574
MDEwOlJlcG9zaXRvcnk2MDU5NTc1MQ==,2016-06-07T08:24:49Z,2026-04-22T10:22:37Z,2026-04-22T10:22:31Z,7667,False,vendor-qcom-opensource-location,sonyxperiadev/vendor-qcom-opensource-location,git@github.com:sonyxperiadev/vendor-qcom-opensource-location.git,2
MDEwOlJlcG9zaXRvcnk2MDU1Mzg2MQ==,2016-06-06T19:10:09Z,2026-04-01T17:56:50Z,2026-04-01T17:56:45Z,111265,True,arcs,BirolLab/arcs,git@github.com:BirolLab/arcs.git,95
MDEwOlJlcG9zaXRvcnk2MDU0Nzk5MQ==,2016-06-06T17:40:59Z,2026-04-23T03:15:18Z,2026-04-23T03:15:13Z,176,False,vsxx,sekrit-twc/vsxx,git@github.com:sekrit-twc/vsxx.git,5
MDEwOlJlcG9zaXRvcnk2MDUzNzc0NQ==,2016-06-06T15:11:42Z,2026-04-17T20:45:18Z,2026-04-17T20:48:27Z,5523,False,sdm,hildebra/sdm,git@github.com:hildebra/sdm.git,5
MDEwOlJlcG9zaXRvcnk2MDUyMDA5MQ==,2016-06-06T10:36:57Z,2026-03-13T20:59:32Z,2026-03-22T22:32:31Z,202,True,asteroid-btsyncd,AsteroidOS/asteroid-btsyncd,git@github.com:AsteroidOS/asteroid-btsyncd.git,12
MDEwOlJlcG9zaXRvcnk2MDQxMDEyOA==,2016-06-04T12:49:32Z,2026-05-05T17:29:17Z,2026-05-05T17:29:10Z,670,True,stacktrace,boostorg/stacktrace,git@github.com:boostorg/stacktrace.git,488
MDEwOlJlcG9zaXRvcnk2MDM2ODIwMw==,2016-06-03T18:11:45Z,2026-04-27T23:26:56Z,2026-03-10T20:40:36Z,859,False,FQFeeder,rob-p/FQFeeder,git@github.com:rob-p/FQFeeder.git,50
MDEwOlJlcG9zaXRvcnk2MDMzNTM0OQ==,2016-06-03T09:21:16Z,2026-04-14T02:25:10Z,2026-03-31T21:57:03Z,43338,True,open_iA,3dct/open_iA,git@github.com:3dct/open_iA.git,46
MDEwOlJlcG9zaXRvcnk2MDI0NjQwNA==,2016-06-02T08:29:01Z,2026-04-29T08:27:28Z,2026-04-29T08:27:24Z,21898,True,seadrive-gui,haiwen/seadrive-gui,git@github.com:haiwen/seadrive-gui.git,69
MDEwOlJlcG9zaXRvcnk2MDI0NjM1OQ==,2016-06-02T08:28:18Z,2026-05-07T11:30:20Z,2026-05-07T11:35:12Z,6164831,True,ClickHouse,ClickHouse/ClickHouse,git@github.com:ClickHouse/ClickHouse.git,47263
MDEwOlJlcG9zaXRvcnk2MDI0NDg5Mg==,2016-06-02T08:08:29Z,2026-05-06T17:25:25Z,2026-04-09T05:02:32Z,25769,True,qalculate-gtk,Qalculate/qalculate-gtk,git@github.com:Qalculate/qalculate-gtk.git,1190
MDEwOlJlcG9zaXRvcnk2MDI0MzI4OA==,2016-06-02T07:45:31Z,2026-05-07T09:09:31Z,2026-05-07T09:09:26Z,35150,True,libqalculate,Qalculate/libqalculate,git@github.com:Qalculate/libqalculate.git,2486
MDEwOlJlcG9zaXRvcnk2MDIzMzI4Nw==,2016-06-02T04:45:04Z,2026-03-25T08:31:36Z,2026-03-25T08:31:30Z,7456,True,cube.native.sevenzip,cube-soft/cube.native.sevenzip,git@github.com:cube-soft/cube.native.sevenzip.git,9
MDEwOlJlcG9zaXRvcnk2MDE4ODQwOQ==,2016-06-01T15:21:06Z,2026-05-06T14:27:31Z,2026-05-06T14:14:21Z,46077,False,photoqt,luspi/photoqt,git@github.com:luspi/photoqt.git,91
MDEwOlJlcG9zaXRvcnk2MDE4NzE4Ng==,2016-06-01T15:06:09Z,2026-05-05T22:58:10Z,2026-05-06T18:15:12Z,100826,True,spades,ablab/spades,git@github.com:ablab/spades.git,931
MDEwOlJlcG9zaXRvcnk2MDE0ODM0Mw==,2016-06-01T05:37:12Z,2026-05-01T19:41:55Z,2026-05-01T19:41:52Z,1180,False,NRFLite,dparson55/NRFLite,git@github.com:dparson55/NRFLite.git,164
MDEwOlJlcG9zaXRvcnk2MDE0Njc0NQ==,2016-06-01T05:01:46Z,2026-04-23T21:01:33Z,2026-04-14T12:23:13Z,10187,True,minotaur,coin-or/minotaur,git@github.com:coin-or/minotaur.git,83
MDEwOlJlcG9zaXRvcnk2MDA4OTQ3OA==,2016-05-31T12:57:59Z,2026-05-07T10:16:49Z,2026-05-07T10:16:45Z,386539,True,sofa,sofa-framework/sofa,git@github.com:sofa-framework/sofa.git,1193
MDEwOlJlcG9zaXRvcnk2MDA4NDMwMg==,2016-05-31T11:37:17Z,2026-03-08T10:24:54Z,2026-03-08T10:24:53Z,73517,False,ark_inhouse,Cyruz143/ark_inhouse,git@github.com:Cyruz143/ark_inhouse.git,8
MDEwOlJlcG9zaXRvcnk2MDA0NDA0Nw==,2016-05-30T23:15:42Z,2026-03-24T12:32:22Z,2026-03-13T02:47:00Z,1301,True,ntCard,BirolLab/ntCard,git@github.com:BirolLab/ntCard.git,78
MDEwOlJlcG9zaXRvcnk1OTkwODEyOA==,2016-05-28T18:06:05Z,2026-03-07T07:19:45Z,2026-03-07T07:19:42Z,22477,False,wxAutoExcel,PBfordev/wxAutoExcel,git@github.com:PBfordev/wxAutoExcel.git,43
MDEwOlJlcG9zaXRvcnk1OTg4ODk1Mw==,2016-05-28T10:18:40Z,2026-04-21T04:12:01Z,2026-04-08T03:14:04Z,56396,False,QuickVtk,qCring/QuickVtk,git@github.com:qCring/QuickVtk.git,379
MDEwOlJlcG9zaXRvcnk1OTgxNzg5Mw==,2016-05-27T08:18:34Z,2026-04-20T09:49:20Z,2026-04-09T06:31:56Z,1063,False,cvc,d-m-bailey/cvc,git@github.com:d-m-bailey/cvc.git,36
MDEwOlJlcG9zaXRvcnk1OTc5MTM5NA==,2016-05-27T00:16:50Z,2026-04-19T03:10:58Z,2026-03-20T19:39:09Z,46815,False,SourceDemoRender,crashfort/SourceDemoRender,git@github.com:crashfort/SourceDemoRender.git,329
MDEwOlJlcG9zaXRvcnk1OTc0NDczMQ==,2016-05-26T11:23:39Z,2026-05-06T16:03:55Z,2026-05-06T16:03:11Z,1338,True,ControlSystemAdapter-DoocsAdapter,ChimeraTK/ControlSystemAdapter-DoocsAdapter,git@github.com:ChimeraTK/ControlSystemAdapter-DoocsAdapter.git,0
MDEwOlJlcG9zaXRvcnk1OTcyOTk5OA==,2016-05-26T07:36:39Z,2026-05-06T15:45:11Z,2026-05-06T15:43:10Z,209,True,pcieuni-driver,ChimeraTK/pcieuni-driver,git@github.com:ChimeraTK/pcieuni-driver.git,6
MDEwOlJlcG9zaXRvcnk1OTY1NzgxMQ==,2016-05-25T11:33:00Z,2026-05-06T11:36:59Z,2026-05-06T19:23:36Z,142486,False,tfel,thelfer/tfel,git@github.com:thelfer/tfel.git,105
MDEwOlJlcG9zaXRvcnk1OTY1Njk2MA==,2016-05-25T11:19:03Z,2026-05-07T08:07:26Z,2026-05-07T08:07:22Z,1032,True,DeviceAccess-PythonBindings,ChimeraTK/DeviceAccess-PythonBindings,git@github.com:ChimeraTK/DeviceAccess-PythonBindings.git,5
MDEwOlJlcG9zaXRvcnk1OTY0OTk2OA==,2016-05-25T09:28:30Z,2026-05-06T16:15:05Z,2026-05-06T16:14:24Z,3027,True,MotorDriverCard,ChimeraTK/MotorDriverCard,git@github.com:ChimeraTK/MotorDriverCard.git,1
MDEwOlJlcG9zaXRvcnk1OTY0OTcwOQ==,2016-05-25T09:25:10Z,2026-05-06T16:04:39Z,2026-05-06T16:04:31Z,3852,True,ApplicationCore,ChimeraTK/ApplicationCore,git@github.com:ChimeraTK/ApplicationCore.git,1
MDEwOlJlcG9zaXRvcnk1OTY0Nzg5MQ==,2016-05-25T09:01:10Z,2026-05-06T16:04:14Z,2026-05-06T16:03:31Z,660,True,VirtualLab,ChimeraTK/VirtualLab,git@github.com:ChimeraTK/VirtualLab.git,2
MDEwOlJlcG9zaXRvcnk1OTY0NjM2NA==,2016-05-25T08:42:48Z,2026-05-07T08:07:07Z,2026-05-07T08:07:04Z,1455,True,ControlSystemAdapter,ChimeraTK/ControlSystemAdapter,git@github.com:ChimeraTK/ControlSystemAdapter.git,3
MDEwOlJlcG9zaXRvcnk1OTY0MTc1NA==,2016-05-25T07:43:09Z,2026-05-06T16:07:27Z,2026-05-06T16:06:26Z,5817,True,QtHardMon,ChimeraTK/QtHardMon,git@github.com:ChimeraTK/QtHardMon.git,5
MDEwOlJlcG9zaXRvcnk1OTYzNDg4Nw==,2016-05-25T05:54:57Z,2026-04-23T15:51:09Z,2026-04-23T15:51:05Z,18,False,shardsim,avikivity/shardsim,git@github.com:avikivity/shardsim.git,22
MDEwOlJlcG9zaXRvcnk1OTYyMjY3OA==,2016-05-25T01:58:34Z,2026-04-01T16:05:57Z,2026-05-04T10:26:35Z,477,False,x,m8w/x,git@github.com:m8w/x.git,1
MDEwOlJlcG9zaXRvcnk1OTYxNTM0OQ==,2016-05-24T23:23:34Z,2026-04-27T17:16:09Z,2026-04-27T17:16:07Z,12284,False,directxmathtest,walbourn/directxmathtest,git@github.com:walbourn/directxmathtest.git,16
MDEwOlJlcG9zaXRvcnk1OTYxMjU1Mg==,2016-05-24T22:20:22Z,2026-05-05T05:52:28Z,2026-05-02T22:04:23Z,30788,False,poppler_mirror,tsdgeos/poppler_mirror,git@github.com:tsdgeos/poppler_mirror.git,53
MDEwOlJlcG9zaXRvcnk1OTYwODI0OA==,2016-05-24T20:58:41Z,2026-04-20T04:36:30Z,2026-04-20T04:36:31Z,5492,False,DeCE,toshihikokawano/DeCE,git@github.com:toshihikokawano/DeCE.git,18
MDEwOlJlcG9zaXRvcnk1OTU5ODk3OQ==,2016-05-24T18:38:39Z,2026-04-23T02:22:48Z,2026-04-23T02:22:43Z,186,True,ITKMultipleImageIterator,KitwareMedical/ITKMultipleImageIterator,git@github.com:KitwareMedical/ITKMultipleImageIterator.git,1
MDEwOlJlcG9zaXRvcnk1OTU2MDQ2OQ==,2016-05-24T09:41:44Z,2026-03-29T14:45:40Z,2026-03-29T14:47:04Z,7621,True,readdy,readdy/readdy,git@github.com:readdy/readdy.git,61
MDEwOlJlcG9zaXRvcnk1OTUyMTg2Mg==,2016-05-23T22:11:47Z,2026-05-05T11:21:54Z,2026-05-06T08:24:56Z,189265,True,mariadb-columnstore-engine,mariadb-corporation/mariadb-columnstore-engine,git@github.com:mariadb-corporation/mariadb-columnstore-engine.git,128
MDEwOlJlcG9zaXRvcnk1OTUxMjMzMA==,2016-05-23T19:28:58Z,2026-05-07T06:18:43Z,2026-05-06T23:07:50Z,2405,True,DirectXMath,microsoft/DirectXMath,git@github.com:microsoft/DirectXMath.git,1768
MDEwOlJlcG9zaXRvcnk1OTUwMzUyMw==,2016-05-23T17:21:18Z,2026-04-23T12:37:03Z,2026-03-02T16:51:09Z,70098,True,forte,evangelistalab/forte,git@github.com:evangelistalab/forte.git,60
MDEwOlJlcG9zaXRvcnk1OTQzMDg4Mg==,2016-05-22T19:43:40Z,2026-05-05T21:50:35Z,2026-05-05T21:50:31Z,44,False,clignotte,fmeurou/clignotte,git@github.com:fmeurou/clignotte.git,0
MDEwOlJlcG9zaXRvcnk1OTQyNDIwNg==,2016-05-22T17:08:48Z,2026-05-04T11:36:57Z,2026-05-04T11:36:53Z,447,False,kerneltest,ned14/kerneltest,git@github.com:ned14/kerneltest.git,12
MDEwOlJlcG9zaXRvcnk1OTQwODc0Mw==,2016-05-22T11:27:21Z,2026-05-07T09:48:58Z,2026-04-28T01:45:17Z,1567,False,WS2812FX,kitesurfer1404/WS2812FX,git@github.com:kitesurfer1404/WS2812FX.git,1715
MDEwOlJlcG9zaXRvcnk1OTIzMzM2NQ==,2016-05-19T18:52:24Z,2026-04-28T18:43:41Z,2026-04-28T18:43:33Z,4206,True,ZENO,usnistgov/ZENO,git@github.com:usnistgov/ZENO.git,21
MDEwOlJlcG9zaXRvcnk1OTIxMTIyMg==,2016-05-19T13:56:36Z,2026-05-06T08:28:26Z,2026-05-06T18:40:31Z,18781,False,SceneSwitcher,WarmUpTill/SceneSwitcher,git@github.com:WarmUpTill/SceneSwitcher.git,1457
MDEwOlJlcG9zaXRvcnk1OTE4OTIzNQ==,2016-05-19T08:42:03Z,2026-05-07T01:53:49Z,2026-04-10T16:45:11Z,1535,False,YSFClients,g4klx/YSFClients,git@github.com:g4klx/YSFClients.git,95
MDEwOlJlcG9zaXRvcnk1OTE0MzM0MA==,2016-05-18T19:02:05Z,2026-03-24T21:08:24Z,2026-03-24T21:08:20Z,4698,False,seq32,Stazed/seq32,git@github.com:Stazed/seq32.git,11
MDEwOlJlcG9zaXRvcnk1OTA1OTc3OQ==,2016-05-17T21:17:58Z,2026-04-21T20:55:51Z,2026-04-20T16:55:24Z,521,False,ValveFileVDF,TinyTinni/ValveFileVDF,git@github.com:TinyTinni/ValveFileVDF.git,128
MDEwOlJlcG9zaXRvcnk1OTA0NzAyNg==,2016-05-17T18:08:47Z,2026-03-30T07:56:22Z,2026-03-30T07:57:23Z,2656,True,fparma-mods,fparma/fparma-mods,git@github.com:fparma/fparma-mods.git,9
MDEwOlJlcG9zaXRvcnk1OTAwMTYzNA==,2016-05-17T07:49:53Z,2026-03-18T16:10:15Z,2026-03-18T16:10:09Z,6862,False,DCC_Zubehoerdecoder,MicroBahner/DCC_Zubehoerdecoder,git@github.com:MicroBahner/DCC_Zubehoerdecoder.git,34
MDEwOlJlcG9zaXRvcnk1ODkxODY0Nw==,2016-05-16T09:05:32Z,2026-04-27T14:41:45Z,2026-04-27T14:40:14Z,1144,True,otmorris,openturns/otmorris,git@github.com:openturns/otmorris.git,0
MDEwOlJlcG9zaXRvcnk1ODg5NDU4Mg==,2016-05-16T01:34:13Z,2026-05-07T00:05:54Z,2026-05-06T17:24:11Z,14849,True,melonDS,melonDS-emu/melonDS,git@github.com:melonDS-emu/melonDS.git,4699
MDEwOlJlcG9zaXRvcnk1ODg4MTQ0Mg==,2016-05-15T19:56:13Z,2026-05-07T05:38:22Z,2026-05-07T05:38:17Z,422585,True,indi,indilib/indi,git@github.com:indilib/indi.git,434
MDEwOlJlcG9zaXRvcnk1ODg3OTE2Ng==,2016-05-15T19:08:23Z,2026-05-05T01:12:30Z,2026-04-23T06:47:17Z,7893,True,mull,mull-project/mull,git@github.com:mull-project/mull.git,811
MDEwOlJlcG9zaXRvcnk1ODg3NTY1Mw==,2016-05-15T17:48:40Z,2026-03-31T18:32:38Z,2026-03-31T18:32:34Z,14003,False,stg,madf/stg,git@github.com:madf/stg.git,3
MDEwOlJlcG9zaXRvcnk1ODg0NDg2OQ==,2016-05-15T04:58:10Z,2026-04-17T11:37:55Z,2026-04-15T14:15:36Z,11281,False,smartelectronix,bdejong/smartelectronix,git@github.com:bdejong/smartelectronix.git,293
MDEwOlJlcG9zaXRvcnk1ODg0MzQ5MA==,2016-05-15T04:09:51Z,2026-05-07T09:55:46Z,2026-04-28T07:50:09Z,81310,False,JQTools,188080501/JQTools,git@github.com:188080501/JQTools.git,1834
MDEwOlJlcG9zaXRvcnk1ODgxMDM5MQ==,2016-05-14T13:52:41Z,2026-05-05T12:29:09Z,2026-05-05T12:31:54Z,2598,False,DiscImageCreator,saramibreak/DiscImageCreator,git@github.com:saramibreak/DiscImageCreator.git,653
MDEwOlJlcG9zaXRvcnk1ODcyMzM3Mw==,2016-05-13T09:26:16Z,2026-05-07T10:15:15Z,2026-04-30T09:59:47Z,19878,True,MediaWriter,FedoraQt/MediaWriter,git@github.com:FedoraQt/MediaWriter.git,1252
MDEwOlJlcG9zaXRvcnk1ODY5NTgzMw==,2016-05-13T03:21:29Z,2026-03-22T23:07:53Z,2026-03-22T23:07:50Z,701,False,exercise,JiadingGai/exercise,git@github.com:JiadingGai/exercise.git,0
MDEwOlJlcG9zaXRvcnk1ODY3NDM3NA==,2016-05-12T20:26:20Z,2026-03-25T17:52:22Z,2026-03-25T17:52:17Z,29384,False,wup,diegofps/wup,git@github.com:diegofps/wup.git,3
MDEwOlJlcG9zaXRvcnk1ODY1NDY0NQ==,2016-05-12T15:39:25Z,2026-04-30T03:44:42Z,2026-03-29T20:58:09Z,26524,False,SocketIOClient-Unreal,getnamo/SocketIOClient-Unreal,git@github.com:getnamo/SocketIOClient-Unreal.git,974
MDEwOlJlcG9zaXRvcnk1ODYzNTM0NQ==,2016-05-12T11:23:05Z,2026-05-06T16:15:06Z,2026-05-06T16:15:03Z,967,True,DeviceAccess-DoocsBackend,ChimeraTK/DeviceAccess-DoocsBackend,git@github.com:ChimeraTK/DeviceAccess-DoocsBackend.git,0
MDEwOlJlcG9zaXRvcnk1ODYzNTIxMg==,2016-05-12T11:20:54Z,2026-05-07T08:07:45Z,2026-05-07T08:07:41Z,8453,True,DeviceAccess,ChimeraTK/DeviceAccess,git@github.com:ChimeraTK/DeviceAccess.git,12
MDEwOlJlcG9zaXRvcnk1ODU3Njg3NA==,2016-05-11T20:04:20Z,2026-05-06T09:38:33Z,2026-04-08T15:20:39Z,32742,True,lbann,LBANN/lbann,git@github.com:LBANN/lbann.git,230
MDEwOlJlcG9zaXRvcnk1ODQ5MTAzOQ==,2016-05-10T20:20:59Z,2026-05-06T05:30:13Z,2026-04-17T06:02:56Z,88748,True,mfgtools,nxp-imx/mfgtools,git@github.com:nxp-imx/mfgtools.git,644
MDEwOlJlcG9zaXRvcnk1ODQ2MDU0OQ==,2016-05-10T12:44:35Z,2026-05-02T07:07:20Z,2026-05-05T08:14:37Z,4081,True,clasp,potassco/clasp,git@github.com:potassco/clasp.git,143
MDEwOlJlcG9zaXRvcnk1ODQ1OTg3OA==,2016-05-10T12:35:00Z,2026-04-24T10:10:11Z,2026-05-07T10:04:48Z,24502,True,clingo,potassco/clingo,git@github.com:potassco/clingo.git,779
MDEwOlJlcG9zaXRvcnk1ODQxODAxOQ==,2016-05-10T00:47:44Z,2026-03-13T03:11:21Z,2026-03-13T03:17:24Z,468,False,mockpp-debs,yadickson/mockpp-debs,git@github.com:yadickson/mockpp-debs.git,1
MDEwOlJlcG9zaXRvcnk1ODQxNDU4OQ==,2016-05-09T23:26:42Z,2026-05-07T11:27:21Z,2026-05-07T05:43:24Z,227444,True,oneDNN,uxlfoundation/oneDNN,git@github.com:uxlfoundation/oneDNN.git,3988
MDEwOlJlcG9zaXRvcnk1ODMzNjA3OA==,2016-05-08T23:31:46Z,2026-04-21T18:09:15Z,2026-04-21T18:09:12Z,1928,False,iga-ads,marcinlos/iga-ads,git@github.com:marcinlos/iga-ads.git,19
MDEwOlJlcG9zaXRvcnk1ODI4NjU0Nw==,2016-05-07T22:15:27Z,2026-05-04T17:12:41Z,2026-05-04T17:12:36Z,31959,True,zeldovich-PLT,abacusorg/zeldovich-PLT,git@github.com:abacusorg/zeldovich-PLT.git,14
MDEwOlJlcG9zaXRvcnk1ODE2ODE0Mw==,2016-05-06T00:02:56Z,2026-05-06T04:08:18Z,2026-05-01T21:37:57Z,275109,True,OpenUSD,PixarAnimationStudios/OpenUSD,git@github.com:PixarAnimationStudios/OpenUSD.git,7234
MDEwOlJlcG9zaXRvcnk1ODA4NDg2NA==,2016-05-04T21:21:59Z,2026-04-01T17:31:08Z,2026-04-01T18:13:01Z,183759,True,cvr-sdk-unreal,CognitiveVR/cvr-sdk-unreal,git@github.com:CognitiveVR/cvr-sdk-unreal.git,43
MDEwOlJlcG9zaXRvcnk1ODA0NjUwNw==,2016-05-04T11:20:24Z,2026-04-30T07:33:54Z,2026-05-07T11:22:10Z,20787,True,cycles,mcneel/cycles,git@github.com:mcneel/cycles.git,35
MDEwOlJlcG9zaXRvcnk1ODAyMDc0NA==,2016-05-04T03:42:20Z,2026-04-18T01:04:46Z,2026-04-18T01:04:42Z,3978,False,JacksMod,meep366/JacksMod,git@github.com:meep366/JacksMod.git,0
MDEwOlJlcG9zaXRvcnk1Nzk3MzQyOA==,2016-05-03T13:59:02Z,2026-05-06T16:18:24Z,2026-05-06T17:23:30Z,14778,True,qtapplicationmanager,qt/qtapplicationmanager,git@github.com:qt/qtapplicationmanager.git,29
MDEwOlJlcG9zaXRvcnk1Nzk1NjY4NA==,2016-05-03T09:16:43Z,2026-03-31T07:46:04Z,2026-03-31T07:46:00Z,14734,False,demos,lexfn/demos,git@github.com:lexfn/demos.git,48
MDEwOlJlcG9zaXRvcnk1Nzg1MTQ5Mg==,2016-05-01T21:44:28Z,2026-05-07T07:58:27Z,2026-04-25T20:54:52Z,83578,False,godot_voxel,Zylann/godot_voxel,git@github.com:Zylann/godot_voxel.git,3638
MDEwOlJlcG9zaXRvcnk1NzYzNDU0MA==,2016-05-01T16:01:17Z,2026-05-07T02:54:19Z,2026-03-25T19:09:22Z,1327,False,libchardet,Joungkyun/libchardet,git@github.com:Joungkyun/libchardet.git,120
MDEwOlJlcG9zaXRvcnk1NzU1OTY5MQ==,2016-05-01T06:35:07Z,2026-04-24T05:15:09Z,2026-04-24T05:16:12Z,9341,False,geotagging,jmlich/geotagging,git@github.com:jmlich/geotagging.git,45
MDEwOlJlcG9zaXRvcnk1NzU1MzY1MA==,2016-05-01T06:24:31Z,2026-04-29T00:49:11Z,2026-04-08T08:48:43Z,775,False,CRCpp,d-bahr/CRCpp,git@github.com:d-bahr/CRCpp.git,408
MDEwOlJlcG9zaXRvcnk1NzQ0MDEzNA==,2016-04-30T12:04:46Z,2026-04-27T16:58:42Z,2026-04-27T16:58:37Z,20021,False,U-00DC-Sprache,Panzerschrek/U-00DC-Sprache,git@github.com:Panzerschrek/U-00DC-Sprache.git,70
MDEwOlJlcG9zaXRvcnk1NzQyNjMxOQ==,2016-04-30T04:01:59Z,2026-05-06T15:31:47Z,2026-03-16T10:59:09Z,267,False,Bracken,jenniferlu717/Bracken,git@github.com:jenniferlu717/Bracken.git,347
MDEwOlJlcG9zaXRvcnk1NzM0MDk2MA==,2016-04-28T23:46:22Z,2026-05-06T08:14:10Z,2026-05-07T01:18:29Z,42846,True,RAJA,llnl/RAJA,git@github.com:llnl/RAJA.git,580
MDEwOlJlcG9zaXRvcnk1NzI1NzExMQ==,2016-04-28T00:10:18Z,2026-05-06T16:39:56Z,2026-05-06T16:39:50Z,2835,False,args,Taywee/args,git@github.com:Taywee/args.git,1616
MDEwOlJlcG9zaXRvcnk1NzIxMzg2NQ==,2016-04-27T13:03:36Z,2026-05-03T09:58:01Z,2026-04-13T19:35:59Z,323,True,RoutingKit,RoutingKit/RoutingKit,git@github.com:RoutingKit/RoutingKit.git,417
MDEwOlJlcG9zaXRvcnk1NzIwMTUzNg==,2016-04-27T09:33:02Z,2026-04-13T12:07:25Z,2026-04-22T09:14:29Z,17173,True,CanModule,quasar-team/CanModule,git@github.com:quasar-team/CanModule.git,5
MDEwOlJlcG9zaXRvcnk1Njk3MTgxOQ==,2016-04-24T13:03:47Z,2026-05-07T03:12:59Z,2026-04-28T08:57:53Z,2463,False,msdfgen,Chlumsky/msdfgen,git@github.com:Chlumsky/msdfgen.git,4782
MDEwOlJlcG9zaXRvcnk1Njg5NDIxMg==,2016-04-23T01:27:15Z,2026-05-07T10:52:25Z,2026-05-01T16:54:07Z,8733,True,async-profiler,async-profiler/async-profiler,git@github.com:async-profiler/async-profiler.git,9013
MDEwOlJlcG9zaXRvcnk1Njg5MDU3Ng==,2016-04-22T23:24:14Z,2026-04-14T13:56:43Z,2026-04-09T22:30:29Z,238484,True,MBX,paesanilab/MBX,git@github.com:paesanilab/MBX.git,48
MDEwOlJlcG9zaXRvcnk1Njg3NDEzNw==,2016-04-22T17:39:44Z,2026-03-17T19:38:52Z,2026-03-17T19:38:46Z,329,True,oocsi-esp,iddi/oocsi-esp,git@github.com:iddi/oocsi-esp.git,3
MDEwOlJlcG9zaXRvcnk1Njg1NDAyNg==,2016-04-22T12:32:40Z,2026-03-10T11:36:00Z,2026-03-10T11:35:56Z,142,False,protolite,jeroen/protolite,git@github.com:jeroen/protolite.git,49
MDEwOlJlcG9zaXRvcnk1NjgxMjQzNQ==,2016-04-21T23:48:54Z,2026-04-26T12:37:38Z,2026-04-26T12:37:33Z,10665,True,mx-usb-unmounter,MX-Linux/mx-usb-unmounter,git@github.com:MX-Linux/mx-usb-unmounter.git,5
MDEwOlJlcG9zaXRvcnk1Njc3MDU1Mg==,2016-04-21T12:09:41Z,2026-03-24T18:21:58Z,2026-03-24T18:21:53Z,1560,True,min-api,Cycling74/min-api,git@github.com:Cycling74/min-api.git,67
MDEwOlJlcG9zaXRvcnk1Njc1MDE2MQ==,2016-04-21T07:00:06Z,2026-05-07T05:34:44Z,2026-05-07T11:27:00Z,50405,True,nifi-minifi-cpp,apache/nifi-minifi-cpp,git@github.com:apache/nifi-minifi-cpp.git,172
MDEwOlJlcG9zaXRvcnk1NjYzOTg3Mg==,2016-04-19T23:38:22Z,2026-04-28T11:37:23Z,2026-04-28T11:37:19Z,117,True,Homegear-Kodi,Homegear/Homegear-Kodi,git@github.com:Homegear/Homegear-Kodi.git,2
MDEwOlJlcG9zaXRvcnk1NjYwOTM4OQ==,2016-04-19T15:34:25Z,2026-03-20T11:25:54Z,2026-03-20T11:25:53Z,35,False,EnvironmentSensor,ChrisBrinton/EnvironmentSensor,git@github.com:ChrisBrinton/EnvironmentSensor.git,0
MDEwOlJlcG9zaXRvcnk1NjU4MTQ2NA==,2016-04-19T08:59:54Z,2026-04-23T20:05:00Z,2026-04-23T20:04:53Z,398,True,PX4-GPSDrivers,PX4/PX4-GPSDrivers,git@github.com:PX4/PX4-GPSDrivers.git,103
MDEwOlJlcG9zaXRvcnk1NjU0NzU4MA==,2016-04-18T22:49:31Z,2026-03-23T14:00:54Z,2026-03-23T14:00:38Z,148,True,irods_rule_engine_plugin_audit_amqp,irods/irods_rule_engine_plugin_audit_amqp,git@github.com:irods/irods_rule_engine_plugin_audit_amqp.git,2
MDEwOlJlcG9zaXRvcnk1NjUzNjQ3Ng==,2016-04-18T19:37:48Z,2026-03-05T00:32:39Z,2026-04-29T19:41:22Z,2804627,True,minex,usnistgov/minex,git@github.com:usnistgov/minex.git,13
MDEwOlJlcG9zaXRvcnk1NjUzMjU1Nw==,2016-04-18T18:40:08Z,2026-04-27T12:32:49Z,2026-04-20T14:23:28Z,524,True,pipo-sdk,ircam-ismm/pipo-sdk,git@github.com:ircam-ismm/pipo-sdk.git,26
MDEwOlJlcG9zaXRvcnk1NjQ5OTU0Mw==,2016-04-18T10:41:31Z,2026-05-07T11:04:59Z,2026-05-07T11:04:55Z,71790,True,pyside-pyside-setup,qtproject/pyside-pyside-setup,git@github.com:qtproject/pyside-pyside-setup.git,109
MDEwOlJlcG9zaXRvcnk1NjQ5MTQxNw==,2016-04-18T08:42:11Z,2026-03-25T13:02:20Z,2026-03-25T20:26:12Z,34879,False,SFML-DOOM,JonnyPtn/SFML-DOOM,git@github.com:JonnyPtn/SFML-DOOM.git,55
MDEwOlJlcG9zaXRvcnk1NjQ2MTA0NQ==,2016-04-17T22:05:19Z,2026-05-06T12:38:15Z,2026-05-06T12:38:10Z,766,False,harbour-Spectre,ilpianista/harbour-Spectre,git@github.com:ilpianista/harbour-Spectre.git,1
MDEwOlJlcG9zaXRvcnk1NjQwNjg3Mg==,2016-04-16T21:41:53Z,2026-03-17T22:20:56Z,2026-03-17T22:20:53Z,324,False,ForEx,smily77/ForEx,git@github.com:smily77/ForEx.git,10
MDEwOlJlcG9zaXRvcnk1NjM5Mjk5MA==,2016-04-16T16:10:29Z,2026-04-02T01:51:02Z,2026-04-17T18:00:20Z,30143,False,StormEngine2,motorsep/StormEngine2,git@github.com:motorsep/StormEngine2.git,84
MDEwOlJlcG9zaXRvcnk1NjM5MTEzMw==,2016-04-16T15:32:42Z,2026-05-07T11:10:29Z,2026-03-11T11:06:00Z,11893,False,CrystalDiskInfo,hiyohiyo/CrystalDiskInfo,git@github.com:hiyohiyo/CrystalDiskInfo.git,2993
MDEwOlJlcG9zaXRvcnk1NjM3NTg5NA==,2016-04-16T09:31:35Z,2026-04-20T22:14:09Z,2026-04-02T19:41:30Z,21330,False,recmap,cpanse/recmap,git@github.com:cpanse/recmap.git,23
MDEwOlJlcG9zaXRvcnk1NjM0NTA5Mg==,2016-04-15T19:35:33Z,2026-04-28T12:03:51Z,2026-05-02T07:00:14Z,2931,True,Malterlib_Cloud,Malterlib/Malterlib_Cloud,git@github.com:Malterlib/Malterlib_Cloud.git,0
MDEwOlJlcG9zaXRvcnk1NjMyMzA3OA==,2016-04-15T13:42:13Z,2026-05-07T06:47:14Z,2026-05-07T06:47:27Z,134834,True,courses,ccfd/courses,git@github.com:ccfd/courses.git,8
MDEwOlJlcG9zaXRvcnk1NjI1NDAxNQ==,2016-04-14T16:44:07Z,2026-05-05T16:30:06Z,2026-05-05T16:31:29Z,4571,True,SPIRV-Headers,KhronosGroup/SPIRV-Headers,git@github.com:KhronosGroup/SPIRV-Headers.git,337
MDEwOlJlcG9zaXRvcnk1NjI0MDM2MQ==,2016-04-14T13:38:11Z,2026-05-07T11:41:47Z,2026-05-07T11:41:43Z,191873,True,eos,cern-eos/eos,git@github.com:cern-eos/eos.git,243
MDEwOlJlcG9zaXRvcnk1NjE4NDYxNA==,2016-04-13T20:41:25Z,2026-05-04T09:26:14Z,2026-03-30T14:48:39Z,200945,True,chromeos_smart_card_connector,GoogleChromeLabs/chromeos_smart_card_connector,git@github.com:GoogleChromeLabs/chromeos_smart_card_connector.git,141
MDEwOlJlcG9zaXRvcnk1NjE4MjYxMw==,2016-04-13T20:10:49Z,2026-05-06T19:35:44Z,2026-04-19T07:40:53Z,355021,False,RaZ,Razakhel/RaZ,git@github.com:Razakhel/RaZ.git,739
MDEwOlJlcG9zaXRvcnk1NjEyODczMw==,2016-04-13T07:00:08Z,2026-05-06T20:00:41Z,2026-05-06T20:00:29Z,242936,True,impala,apache/impala,git@github.com:apache/impala.git,1271
MDEwOlJlcG9zaXRvcnk1NjEwMjUwNg==,2016-04-12T22:33:06Z,2026-05-07T10:32:25Z,2026-05-02T18:53:07Z,253084,True,zxing-cpp,zxing-cpp/zxing-cpp,git@github.com:zxing-cpp/zxing-cpp.git,1853
MDEwOlJlcG9zaXRvcnk1NjA4MTY5NA==,2016-04-12T16:55:28Z,2026-04-14T17:10:55Z,2026-04-14T17:18:43Z,496,True,ncplot,NCAR/ncplot,git@github.com:NCAR/ncplot.git,7
MDEwOlJlcG9zaXRvcnk1NjA0ODYyMw==,2016-04-12T09:16:31Z,2026-05-05T15:23:18Z,2026-04-27T04:25:01Z,360,True,imgui-sfml,SFML/imgui-sfml,git@github.com:SFML/imgui-sfml.git,1346
MDEwOlJlcG9zaXRvcnk1NjAzNjkzNw==,2016-04-12T06:24:37Z,2026-05-06T12:42:53Z,2026-04-21T17:19:34Z,89871,True,mysql-shell,mysql/mysql-shell,git@github.com:mysql/mysql-shell.git,219
MDEwOlJlcG9zaXRvcnk1NTk3ODEzNA==,2016-04-11T14:13:51Z,2026-03-25T12:33:38Z,2026-03-25T12:33:34Z,1712,True,bourne,steinwurf/bourne,git@github.com:steinwurf/bourne.git,10
MDEwOlJlcG9zaXRvcnk1NTg5NDQ0MQ==,2016-04-10T11:09:56Z,2026-05-06T08:47:55Z,2026-05-06T08:47:51Z,2079,False,bitfire,bboxy/bitfire,git@github.com:bboxy/bitfire.git,45
MDEwOlJlcG9zaXRvcnk1NTg3MDY1OQ==,2016-04-09T22:55:48Z,2026-05-06T21:49:41Z,2026-05-06T21:49:37Z,331,True,Embedded_System,UFABCRocketDesign/Embedded_System,git@github.com:UFABCRocketDesign/Embedded_System.git,7
MDEwOlJlcG9zaXRvcnk1NTgzNTg0Ng==,2016-04-09T09:19:51Z,2026-05-02T04:25:30Z,2026-03-25T16:35:45Z,4620,False,nodeeditor,paceholder/nodeeditor,git@github.com:paceholder/nodeeditor.git,3638
MDEwOlJlcG9zaXRvcnk1NTgxNzEzNw==,2016-04-09T00:12:50Z,2026-05-05T20:47:03Z,2026-05-06T22:17:46Z,8441,True,libQuotient,quotient-im/libQuotient,git@github.com:quotient-im/libQuotient.git,150
MDEwOlJlcG9zaXRvcnk1NTgxMzgzNw==,2016-04-08T22:37:22Z,2026-05-04T13:00:27Z,2026-05-03T01:23:23Z,4978,False,TerminalImageViewer,stefanhaustein/TerminalImageViewer,git@github.com:stefanhaustein/TerminalImageViewer.git,1678
MDEwOlJlcG9zaXRvcnk1NTgwODc4Nw==,2016-04-08T20:47:41Z,2026-05-07T05:33:34Z,2026-05-07T05:32:57Z,126052,True,openthread,openthread/openthread,git@github.com:openthread/openthread.git,3933
MDEwOlJlcG9zaXRvcnk1NTc3MjM4OA==,2016-04-08T10:56:52Z,2026-05-04T04:46:14Z,2026-05-07T10:03:37Z,79048,True,Cxbx-Reloaded-legacy,Cxbx-Reloaded/Cxbx-Reloaded-legacy,git@github.com:Cxbx-Reloaded/Cxbx-Reloaded-legacy.git,2357
MDEwOlJlcG9zaXRvcnk1NTcxODYwMQ==,2016-04-07T18:34:03Z,2026-04-30T16:12:05Z,2026-04-27T18:38:49Z,97312,True,principia,Bithack/principia,git@github.com:Bithack/principia.git,362
MDEwOlJlcG9zaXRvcnk1NTcwMDQxNg==,2016-04-07T14:17:15Z,2026-05-07T02:55:42Z,2026-03-17T20:44:46Z,2747,True,libraries,trustcrypto/libraries,git@github.com:trustcrypto/libraries.git,32
MDEwOlJlcG9zaXRvcnk1NTY5MTM4NQ==,2016-04-07T12:05:57Z,2026-04-24T13:59:23Z,2026-04-24T13:59:16Z,9705,True,PGE-File-Library-STL,WohlSoft/PGE-File-Library-STL,git@github.com:WohlSoft/PGE-File-Library-STL.git,5
MDEwOlJlcG9zaXRvcnk1NTYyNjkzNQ==,2016-04-06T17:32:56Z,2026-05-07T11:18:56Z,2026-05-07T09:51:21Z,48238,True,WSL,microsoft/WSL,git@github.com:microsoft/WSL.git,32174
MDEwOlJlcG9zaXRvcnk1NTYwODk5Mw==,2016-04-06T13:37:53Z,2026-05-06T18:18:15Z,2026-04-13T03:33:27Z,27326,False,yasea,begeekmyfriend/yasea,git@github.com:begeekmyfriend/yasea.git,4936
MDEwOlJlcG9zaXRvcnk1NTU5MTEwMg==,2016-04-06T09:01:06Z,2026-03-19T16:22:31Z,2026-03-19T16:22:25Z,1808,False,moonycode,big-keva/moonycode,git@github.com:big-keva/moonycode.git,1
MDEwOlJlcG9zaXRvcnk1NTU3MTkyOQ==,2016-04-06T03:05:03Z,2026-04-12T07:28:25Z,2026-04-22T14:14:46Z,6888,True,histogram,boostorg/histogram,git@github.com:boostorg/histogram.git,332
MDEwOlJlcG9zaXRvcnk1NTUyODUyMQ==,2016-04-05T17:35:44Z,2026-04-25T21:15:27Z,2026-04-25T21:30:19Z,19860,False,qtester104,riclolsen/qtester104,git@github.com:riclolsen/qtester104.git,105
MDEwOlJlcG9zaXRvcnk1NTUwMTkwMg==,2016-04-05T11:21:43Z,2026-05-07T01:59:42Z,2026-04-04T15:32:14Z,95122,True,volesti,GeomScale/volesti,git@github.com:GeomScale/volesti.git,184
MDEwOlJlcG9zaXRvcnk1NTQzNTI5Mw==,2016-04-04T18:34:51Z,2026-05-07T09:34:12Z,2026-05-07T06:43:37Z,33772,True,windirstat,windirstat/windirstat,git@github.com:windirstat/windirstat.git,3189
MDEwOlJlcG9zaXRvcnk1NTQzMzg1OQ==,2016-04-04T18:12:32Z,2026-05-07T08:25:17Z,2026-05-07T08:25:50Z,300947,True,p4c,p4lang/p4c,git@github.com:p4lang/p4c.git,820
MDEwOlJlcG9zaXRvcnk1NTQxNDY4Mg==,2016-04-04T13:46:10Z,2026-03-23T07:34:48Z,2026-03-23T07:34:43Z,7875,False,tartini,quicky2000/tartini,git@github.com:quicky2000/tartini.git,8
MDEwOlJlcG9zaXRvcnk1NTQxMDA3OA==,2016-04-04T12:39:15Z,2026-04-27T12:44:59Z,2026-04-27T12:44:54Z,24273,True,seqan3,seqan/seqan3,git@github.com:seqan/seqan3.git,450
MDEwOlJlcG9zaXRvcnk1NTMwMjAyMw==,2016-04-02T15:35:30Z,2026-05-03T12:27:44Z,2026-05-02T10:25:56Z,19019,True,lensfun,lensfun/lensfun,git@github.com:lensfun/lensfun.git,802
MDEwOlJlcG9zaXRvcnk1NTI5Mzg2Ng==,2016-04-02T12:42:16Z,2026-05-04T23:39:19Z,2026-05-04T23:39:15Z,762,False,roll,jasonjfoster/roll,git@github.com:jasonjfoster/roll.git,118
MDEwOlJlcG9zaXRvcnk1NTIyMjk5Nw==,2016-04-01T10:08:35Z,2026-03-25T14:17:29Z,2026-03-25T14:17:25Z,31555,False,fastNGSadmix,aalbrechtsen/fastNGSadmix,git@github.com:aalbrechtsen/fastNGSadmix.git,0
MDEwOlJlcG9zaXRvcnk1NTIxNjg2NA==,2016-04-01T08:40:02Z,2026-04-18T10:52:43Z,2026-04-18T10:52:39Z,1655,False,AlgorithmCode,opaser/AlgorithmCode,git@github.com:opaser/AlgorithmCode.git,0
MDEwOlJlcG9zaXRvcnk1NTEzNjU0Mw==,2016-03-31T09:11:58Z,2026-04-27T20:46:21Z,2026-04-22T12:00:38Z,19082,True,mysql-connector-odbc,mysql/mysql-connector-odbc,git@github.com:mysql/mysql-connector-odbc.git,95
MDEwOlJlcG9zaXRvcnk1NTEzNTY3NA==,2016-03-31T08:58:42Z,2026-04-24T19:20:51Z,2026-04-24T19:24:41Z,6488,False,mvtools,pinterf/mvtools,git@github.com:pinterf/mvtools.git,180
MDEwOlJlcG9zaXRvcnk1NTEzNDQ5MQ==,2016-03-31T08:41:54Z,2026-04-27T14:16:42Z,2026-04-27T14:40:40Z,1144,True,otrobopt,openturns/otrobopt,git@github.com:openturns/otrobopt.git,13
MDEwOlJlcG9zaXRvcnk1NTA1NjcxMg==,2016-03-30T11:12:54Z,2026-05-06T21:10:02Z,2026-05-06T21:09:58Z,3113,True,ReAPI,rehlds/ReAPI,git@github.com:rehlds/ReAPI.git,192
MDEwOlJlcG9zaXRvcnk1NTA1MzIzOQ==,2016-03-30T10:12:10Z,2026-05-05T06:50:03Z,2026-05-05T06:50:06Z,85289,True,CodeCompass,Ericsson/CodeCompass,git@github.com:Ericsson/CodeCompass.git,599
MDEwOlJlcG9zaXRvcnk1NDkyODU4Nw==,2016-03-28T22:39:32Z,2026-05-06T04:28:32Z,2026-05-06T17:57:45Z,93940,True,oneDAL,uxlfoundation/oneDAL,git@github.com:uxlfoundation/oneDAL.git,646
MDEwOlJlcG9zaXRvcnk1NDg5Mjg0MQ==,2016-03-28T13:07:57Z,2026-05-06T16:51:11Z,2026-05-04T17:42:01Z,9840,True,mod-plugin-builder,mod-audio/mod-plugin-builder,git@github.com:mod-audio/mod-plugin-builder.git,96
MDEwOlJlcG9zaXRvcnk1NDgzNTQ5Mw==,2016-03-27T15:40:57Z,2026-04-24T21:40:10Z,2026-04-24T21:40:06Z,1570,True,taopq,taocpp/taopq,git@github.com:taocpp/taopq.git,284
MDEwOlJlcG9zaXRvcnk1NDgyMzk4NA==,2016-03-27T10:49:56Z,2026-05-02T02:43:07Z,2026-05-02T02:43:04Z,2643,False,system3-sdl2,kichikuou/system3-sdl2,git@github.com:kichikuou/system3-sdl2.git,27
MDEwOlJlcG9zaXRvcnk1NDgxMjc1MA==,2016-03-27T04:33:38Z,2026-04-15T08:38:44Z,2026-04-15T08:38:41Z,863,False,secs,alesegdia/secs,git@github.com:alesegdia/secs.git,1
MDEwOlJlcG9zaXRvcnk1NDc1NDE2Ng==,2016-03-26T00:00:53Z,2026-05-07T06:16:19Z,2026-05-07T06:16:15Z,447201,False,GameApi,terop2/GameApi,git@github.com:terop2/GameApi.git,8
MDEwOlJlcG9zaXRvcnk1NDcxOTY3Mg==,2016-03-25T13:17:48Z,2026-05-01T11:55:53Z,2026-03-30T02:43:02Z,779320,True,core,ONLYOFFICE/core,git@github.com:ONLYOFFICE/core.git,404
MDEwOlJlcG9zaXRvcnk1NDY2NDc3MA==,2016-03-24T18:26:35Z,2026-05-06T18:12:44Z,2026-05-07T11:13:36Z,66742,True,redex,facebook/redex,org-69631@github.com:facebook/redex.git,6283
MDEwOlJlcG9zaXRvcnk1NDY1Njk1MA==,2016-03-24T16:27:20Z,2026-03-27T07:38:34Z,2026-03-27T07:38:30Z,1305,False,adaflo,kronbichler/adaflo,git@github.com:kronbichler/adaflo.git,24
MDEwOlJlcG9zaXRvcnk1NDY0NjcwMg==,2016-03-24T14:08:51Z,2026-04-19T10:53:28Z,2026-04-19T11:11:04Z,4007,False,memerna,Edgeworth/memerna,git@github.com:Edgeworth/memerna.git,7
MDEwOlJlcG9zaXRvcnk1NDY0MzI5NA==,2016-03-24T13:18:25Z,2026-04-29T05:52:39Z,2026-03-24T20:37:44Z,112138,True,ttcr,groupeLIAMG/ttcr,git@github.com:groupeLIAMG/ttcr.git,107
MDEwOlJlcG9zaXRvcnk1NDYyMzc0MA==,2016-03-24T07:42:25Z,2026-04-02T13:55:21Z,2026-04-02T13:57:04Z,119940,True,geoclue-providers-mlsdb,mer-hybris/geoclue-providers-mlsdb,git@github.com:mer-hybris/geoclue-providers-mlsdb.git,5
MDEwOlJlcG9zaXRvcnk1NDYwNzQ4Ng==,2016-03-24T02:10:02Z,2026-05-05T08:15:23Z,2026-05-04T22:03:38Z,4479,True,zfp,llnl/zfp,git@github.com:llnl/zfp.git,861
MDEwOlJlcG9zaXRvcnk1NDU5Nzg3NQ==,2016-03-23T22:39:26Z,2026-04-29T21:03:55Z,2026-04-30T11:28:40Z,2350,True,sonic-swss-common,sonic-net/sonic-swss-common,git@github.com:sonic-net/sonic-swss-common.git,58
MDEwOlJlcG9zaXRvcnk1NDU5NzQzMQ==,2016-03-23T22:31:42Z,2026-03-31T17:11:37Z,2026-04-06T23:48:55Z,7498,True,Windows-CalcEngine,LBNL-ETA/Windows-CalcEngine,git@github.com:LBNL-ETA/Windows-CalcEngine.git,5
MDEwOlJlcG9zaXRvcnk1NDUxNzk0Nw==,2016-03-23T00:17:55Z,2026-05-05T15:11:08Z,2026-04-26T14:31:12Z,30077,True,steem,steemit/steem,git@github.com:steemit/steem.git,1953
MDEwOlJlcG9zaXRvcnk1NDUwMjkwNw==,2016-03-22T19:26:49Z,2026-05-07T07:04:43Z,2026-04-24T15:01:05Z,1318,True,pfr,boostorg/pfr,git@github.com:boostorg/pfr.git,1473
MDEwOlJlcG9zaXRvcnk1NDQ5NTk2MA==,2016-03-22T17:39:34Z,2026-05-06T02:17:57Z,2026-04-15T08:51:20Z,17920,True,FAMSA,refresh-bio/FAMSA,git@github.com:refresh-bio/FAMSA.git,248
MDEwOlJlcG9zaXRvcnk1NDQwNjc0OQ==,2016-03-21T16:50:25Z,2026-04-26T12:31:48Z,2026-04-26T12:31:43Z,10723,True,mx-system-sounds,MX-Linux/mx-system-sounds,git@github.com:MX-Linux/mx-system-sounds.git,6
MDEwOlJlcG9zaXRvcnk1NDM5NDM5OA==,2016-03-21T14:12:35Z,2026-05-07T08:00:21Z,2026-04-16T12:26:23Z,71070,True,MoleNet,ComNets-Bremen/MoleNet,git@github.com:ComNets-Bremen/MoleNet.git,6
MDEwOlJlcG9zaXRvcnk1NDM2MDMwNw==,2016-03-21T04:39:40Z,2026-05-07T03:34:34Z,2026-04-22T23:14:12Z,5750,True,uWebSockets,uNetworking/uWebSockets,git@github.com:uNetworking/uWebSockets.git,18836
MDEwOlJlcG9zaXRvcnk1NDM0MTc2OQ==,2016-03-20T21:34:04Z,2026-04-23T23:29:11Z,2026-04-07T12:30:46Z,59658,False,fdasrsf_python,jdtuck/fdasrsf_python,git@github.com:jdtuck/fdasrsf_python.git,55
MDEwOlJlcG9zaXRvcnk1NDMzMjY0Nw==,2016-03-20T18:10:25Z,2026-04-07T17:26:20Z,2026-04-07T17:26:18Z,362,False,libssllabs,matusso/libssllabs,git@github.com:matusso/libssllabs.git,11
MDEwOlJlcG9zaXRvcnk1NDMyNTcxMw==,2016-03-20T15:41:18Z,2026-05-04T15:15:13Z,2026-05-04T10:25:35Z,358895,True,rbfx,rbfx/rbfx,git@github.com:rbfx/rbfx.git,999
MDEwOlJlcG9zaXRvcnk1NDMxNDk3NQ==,2016-03-20T11:54:51Z,2026-04-25T21:08:44Z,2026-04-25T21:08:38Z,5513,True,subtitleeditor,subtitleeditor/subtitleeditor,git@github.com:subtitleeditor/subtitleeditor.git,118
MDEwOlJlcG9zaXRvcnk1NDI2NDM3Nw==,2016-03-19T12:17:33Z,2026-04-28T04:41:04Z,2026-03-27T08:03:32Z,984,False,cpp-subprocess,arun11299/cpp-subprocess,git@github.com:arun11299/cpp-subprocess.git,560
MDEwOlJlcG9zaXRvcnk1NDI1NTk3NQ==,2016-03-19T08:37:10Z,2026-05-07T11:23:50Z,2026-05-07T11:24:04Z,3770,False,atframe_utils,owent/atframe_utils,git@github.com:owent/atframe_utils.git,85
MDEwOlJlcG9zaXRvcnk1NDIzNzAxMQ==,2016-03-18T23:20:39Z,2026-05-06T18:44:00Z,2026-05-06T18:43:53Z,64917,False,fauxdacious-plugins,wildstar84/fauxdacious-plugins,git@github.com:wildstar84/fauxdacious-plugins.git,3
MDEwOlJlcG9zaXRvcnk1NDIyMTIzMg==,2016-03-18T17:55:48Z,2026-05-07T02:13:01Z,2026-04-13T19:49:52Z,124722,True,opentoonz,opentoonz/opentoonz,git@github.com:opentoonz/opentoonz.git,5477
MDEwOlJlcG9zaXRvcnk1NDE5ODk0Ng==,2016-03-18T12:18:16Z,2026-03-29T17:02:23Z,2026-03-18T06:44:11Z,46498,True,Gurux.DLMS.cpp,Gurux/Gurux.DLMS.cpp,git@github.com:Gurux/Gurux.DLMS.cpp.git,57
MDEwOlJlcG9zaXRvcnk1NDE5MjQ3Mg==,2016-03-18T10:14:34Z,2026-05-03T20:50:26Z,2026-05-06T19:38:03Z,486889,True,sipi,dasch-swiss/sipi,git@github.com:dasch-swiss/sipi.git,37
MDEwOlJlcG9zaXRvcnk1NDE5MTk3MQ==,2016-03-18T10:05:42Z,2026-05-05T15:12:39Z,2026-05-05T15:11:08Z,6009,True,qtscxml,qt/qtscxml,git@github.com:qt/qtscxml.git,31
MDEwOlJlcG9zaXRvcnk1NDE4OTgxNQ==,2016-03-18T09:30:27Z,2026-05-05T07:00:34Z,2026-05-05T07:00:29Z,4490,True,turbodbc,blue-yonder/turbodbc,git@github.com:blue-yonder/turbodbc.git,658
MDEwOlJlcG9zaXRvcnk1NDE3NDgxNQ==,2016-03-18T04:57:53Z,2026-04-30T09:21:47Z,2026-04-30T09:21:42Z,13927,True,dde-calendar,linuxdeepin/dde-calendar,git@github.com:linuxdeepin/dde-calendar.git,32
MDEwOlJlcG9zaXRvcnk1NDE2MzA4NQ==,2016-03-18T01:25:56Z,2026-05-01T15:02:00Z,2026-05-01T15:01:56Z,1688938,False,orbiter,abetten/orbiter,git@github.com:abetten/orbiter.git,19
MDEwOlJlcG9zaXRvcnk1NDExNjk4MA==,2016-03-17T12:43:31Z,2026-04-30T16:48:26Z,2026-04-23T10:34:51Z,204,True,kaitai_struct_cpp_stl_runtime,kaitai-io/kaitai_struct_cpp_stl_runtime,git@github.com:kaitai-io/kaitai_struct_cpp_stl_runtime.git,91
MDEwOlJlcG9zaXRvcnk1NDEwNzczMQ==,2016-03-17T10:03:06Z,2026-03-10T14:27:55Z,2026-03-10T14:27:50Z,69,True,daedal,etascale/daedal,git@github.com:etascale/daedal.git,8
MDEwOlJlcG9zaXRvcnk1NDA1OTU2OQ==,2016-03-16T19:12:40Z,2026-04-29T09:05:27Z,2026-04-18T20:39:15Z,20235,False,FeatherPad,tsujan/FeatherPad,git@github.com:tsujan/FeatherPad.git,495
MDEwOlJlcG9zaXRvcnk1NDAwNTUzOA==,2016-03-16T06:10:37Z,2026-05-06T21:09:37Z,2026-05-07T10:47:21Z,311233,True,firebird,FirebirdSQL/firebird,git@github.com:FirebirdSQL/firebird.git,1425
MDEwOlJlcG9zaXRvcnk1Mzk4ODM3Ng==,2016-03-16T00:30:31Z,2026-04-23T19:08:52Z,2026-03-21T05:07:16Z,645,False,sf2cute,gocha/sf2cute,git@github.com:gocha/sf2cute.git,42
MDEwOlJlcG9zaXRvcnk1MzgyMzI2NA==,2016-03-14T03:13:10Z,2026-04-24T02:30:03Z,2026-04-29T01:53:50Z,4114,False,libatbus,owent/libatbus,git@github.com:owent/libatbus.git,233
MDEwOlJlcG9zaXRvcnk1MzgyMzIwNA==,2016-03-14T03:12:08Z,2026-04-30T18:08:12Z,2026-05-07T04:15:31Z,5715,True,atsf4g-co,atframework/atsf4g-co,git@github.com:atframework/atsf4g-co.git,80
MDEwOlJlcG9zaXRvcnk1MzgyMzAxNw==,2016-03-14T03:08:37Z,2026-04-24T02:38:36Z,2026-04-29T01:55:10Z,1902,False,libatapp,owent/libatapp,git@github.com:owent/libatapp.git,22
MDEwOlJlcG9zaXRvcnk1Mzc2OTE2Mw==,2016-03-13T05:28:16Z,2026-05-06T11:15:50Z,2026-04-04T18:51:29Z,5919,False,tinyproto,lexus2k/tinyproto,git@github.com:lexus2k/tinyproto.git,276
MDEwOlJlcG9zaXRvcnk1Mzc1NTYyMg==,2016-03-12T22:07:28Z,2026-04-06T17:37:33Z,2026-04-04T12:31:33Z,360,False,Minitel1B_Hard,eserandour/Minitel1B_Hard,git@github.com:eserandour/Minitel1B_Hard.git,43
MDEwOlJlcG9zaXRvcnk1Mzc0MzM4Nw==,2016-03-12T17:11:01Z,2026-03-10T08:55:45Z,2026-03-10T08:55:42Z,5924,True,ca-gateway,epics-extensions/ca-gateway,git@github.com:epics-extensions/ca-gateway.git,20
MDEwOlJlcG9zaXRvcnk1Mzc0MTg4Ng==,2016-03-12T16:38:09Z,2026-05-04T17:21:13Z,2026-04-30T05:33:43Z,70213,True,exult,exult/exult,git@github.com:exult/exult.git,656
MDEwOlJlcG9zaXRvcnk1MzcxMTczNA==,2016-03-12T03:39:22Z,2026-05-06T22:03:24Z,2026-05-04T08:56:57Z,541550,True,souffle,souffle-lang/souffle,git@github.com:souffle-lang/souffle.git,1087
MDEwOlJlcG9zaXRvcnk1MzY3MjcwNw==,2016-03-11T14:30:15Z,2026-05-02T14:18:17Z,2026-05-02T14:18:01Z,3371492,False,Divide-Framework,IonutCava/Divide-Framework,git@github.com:IonutCava/Divide-Framework.git,21
MDEwOlJlcG9zaXRvcnk1MzY2NzU5Mg==,2016-03-11T13:06:48Z,2026-05-02T14:35:17Z,2026-04-01T19:17:32Z,212289,True,ugene,ugeneunipro/ugene,git@github.com:ugeneunipro/ugene.git,270
MDEwOlJlcG9zaXRvcnk1MzYyOTMyMg==,2016-03-11T01:10:33Z,2026-05-03T00:55:30Z,2026-03-18T06:38:48Z,12,False,Button,madleech/Button,git@github.com:madleech/Button.git,103
MDEwOlJlcG9zaXRvcnk1MzYwMTkwNg==,2016-03-10T16:59:09Z,2026-03-16T14:58:19Z,2026-03-16T14:58:13Z,885,True,qRPCRuntimeParser,Crystal-Photonics/qRPCRuntimeParser,git@github.com:Crystal-Photonics/qRPCRuntimeParser.git,0
MDEwOlJlcG9zaXRvcnk1MzU5NTgyMw==,2016-03-10T15:35:26Z,2026-04-06T20:33:37Z,2026-04-06T20:33:39Z,566,True,argodsm,etascale/argodsm,git@github.com:etascale/argodsm.git,45
MDEwOlJlcG9zaXRvcnk1MzU5MTQ3Nw==,2016-03-10T14:37:17Z,2026-04-07T16:07:42Z,2026-04-07T16:07:16Z,22,True,baxter_tower,assistive-autonomy/baxter_tower,git@github.com:assistive-autonomy/baxter_tower.git,0
MDEwOlJlcG9zaXRvcnk1MzU4MzUzNQ==,2016-03-10T12:41:59Z,2026-04-17T10:06:07Z,2026-04-17T10:06:03Z,56,True,tools-plugin_manager,dfki-ric/tools-plugin_manager,git@github.com:dfki-ric/tools-plugin_manager.git,0
MDEwOlJlcG9zaXRvcnk1MzU4MzE5NQ==,2016-03-10T12:36:10Z,2026-05-05T12:51:11Z,2026-05-05T10:19:45Z,77463,True,geeqie,BestImageViewer/geeqie,git@github.com:BestImageViewer/geeqie.git,582
MDEwOlJlcG9zaXRvcnk1MzU1NDQyMQ==,2016-03-10T04:16:12Z,2026-04-29T08:56:51Z,2026-03-21T07:31:51Z,2805,False,pose_ekf,libing64/pose_ekf,git@github.com:libing64/pose_ekf.git,411
MDEwOlJlcG9zaXRvcnk1MzUyMjQ2OA==,2016-03-09T18:44:16Z,2026-05-06T02:25:12Z,2026-05-07T03:39:55Z,54849,True,PresentMon,GameTechDev/PresentMon,git@github.com:GameTechDev/PresentMon.git,2425
MDEwOlJlcG9zaXRvcnk1MzUxNTQ3NQ==,2016-03-09T17:01:09Z,2026-05-07T00:26:00Z,2026-05-07T04:12:50Z,17832,True,sonic-swss,sonic-net/sonic-swss,git@github.com:sonic-net/sonic-swss.git,227
MDEwOlJlcG9zaXRvcnk1MzUwNzg1NA==,2016-03-09T15:17:21Z,2026-03-06T13:20:14Z,2026-03-06T13:20:10Z,72,True,envire-envire_urdf,envire/envire-envire_urdf,git@github.com:envire/envire-envire_urdf.git,1
MDEwOlJlcG9zaXRvcnk1MzQ5NjA0MA==,2016-03-09T12:30:22Z,2026-04-20T20:41:14Z,2026-04-20T20:41:10Z,1776,True,laf,aseprite/laf,git@github.com:aseprite/laf.git,338
MDEwOlJlcG9zaXRvcnk1MzQ1MTMzNQ==,2016-03-08T22:58:27Z,2026-05-06T16:26:01Z,2026-05-06T16:25:54Z,10774,True,sonic-sairedis,sonic-net/sonic-sairedis,git@github.com:sonic-net/sonic-sairedis.git,79
MDEwOlJlcG9zaXRvcnk1MzQ0NTAxMA==,2016-03-08T21:04:40Z,2026-04-27T00:31:48Z,2026-04-13T14:36:01Z,4499,False,paq8px,hxim/paq8px,git@github.com:hxim/paq8px.git,255
MDEwOlJlcG9zaXRvcnk1MzQyMjEwOQ==,2016-03-08T15:16:06Z,2026-04-14T00:48:50Z,2026-04-07T23:39:13Z,9293,False,swirc,uhlin/swirc,git@github.com:uhlin/swirc.git,27
MDEwOlJlcG9zaXRvcnk1MzQwNTMwMQ==,2016-03-08T10:57:49Z,2026-05-06T23:30:38Z,2026-05-06T02:15:53Z,28999,True,DynamixelSDK,ROBOTIS-GIT/DynamixelSDK,git@github.com:ROBOTIS-GIT/DynamixelSDK.git,587
MDEwOlJlcG9zaXRvcnk1MzM2MTk1Mg==,2016-03-07T21:53:55Z,2026-03-24T15:42:07Z,2026-03-24T16:44:39Z,5313,False,MultiBD,msuchard/MultiBD,git@github.com:msuchard/MultiBD.git,6
MDEwOlJlcG9zaXRvcnk1MzM1Nzc4Mg==,2016-03-07T20:45:58Z,2026-05-06T17:20:05Z,2026-03-20T15:05:27Z,23227,True,AppleALC,acidanthera/AppleALC,git@github.com:acidanthera/AppleALC.git,3559
MDEwOlJlcG9zaXRvcnk1MzM1MDU2Mg==,2016-03-07T18:57:18Z,2026-04-29T14:59:29Z,2026-03-02T12:41:31Z,831,False,med,cppden/med,git@github.com:cppden/med.git,12
MDEwOlJlcG9zaXRvcnk1MzMzODkwNw==,2016-03-07T16:07:31Z,2026-03-18T14:52:01Z,2026-03-18T14:50:19Z,217993,False,babak_lib,ardekb01/babak_lib,git@github.com:ardekb01/babak_lib.git,1
MDEwOlJlcG9zaXRvcnk1MzMxMjcxMg==,2016-03-07T09:27:39Z,2026-05-05T01:51:16Z,2026-05-07T10:37:53Z,1080259,True,kleopatra,KDE/kleopatra,git@github.com:KDE/kleopatra.git,180
MDEwOlJlcG9zaXRvcnk1MzMxMjE2OQ==,2016-03-07T09:20:12Z,2026-03-05T10:39:27Z,2026-03-05T10:38:26Z,554429,True,AliRoot,alisw/AliRoot,git@github.com:alisw/AliRoot.git,58
MDEwOlJlcG9zaXRvcnk1MzI2MDMyOQ==,2016-03-06T14:59:45Z,2026-04-22T06:55:56Z,2026-05-06T05:07:15Z,558,False,reaveros,griwes/reaveros,git@github.com:griwes/reaveros.git,15
MDEwOlJlcG9zaXRvcnk1MzI1MzAwOQ==,2016-03-06T12:10:01Z,2026-05-02T07:52:13Z,2026-05-05T16:42:44Z,6089,False,cppcheatsheet,crazyguitar/cppcheatsheet,git@github.com:crazyguitar/cppcheatsheet.git,266
MDEwOlJlcG9zaXRvcnk1MzE3NDkzMw==,2016-03-05T00:45:11Z,2026-05-07T08:40:32Z,2026-05-07T08:40:25Z,385963,True,boringssl,google/boringssl,git@github.com:google/boringssl.git,2176
MDEwOlJlcG9zaXRvcnk1MzE0Mjk3MQ==,2016-03-04T15:00:44Z,2026-05-04T08:21:07Z,2026-04-18T08:55:21Z,7978,True,wayfire,WayfireWM/wayfire,git@github.com:WayfireWM/wayfire.git,2972
MDEwOlJlcG9zaXRvcnk1MzEzNjY0Mg==,2016-03-04T13:17:17Z,2026-03-24T01:01:12Z,2026-05-04T03:34:29Z,18893,True,Makhluk-In-Action,berv-uni-project/Makhluk-In-Action,git@github.com:berv-uni-project/Makhluk-In-Action.git,1
MDEwOlJlcG9zaXRvcnk1MzA5NDIzMg==,2016-03-04T00:20:11Z,2026-04-07T09:47:47Z,2026-05-03T14:55:48Z,6541,False,gta3sc,thelink2012/gta3sc,git@github.com:thelink2012/gta3sc.git,82
MDEwOlJlcG9zaXRvcnk1MzA5MjA2OA==,2016-03-03T23:31:40Z,2026-05-02T06:01:20Z,2026-05-06T17:52:39Z,9766,True,rocFFT,ROCm/rocFFT,git@github.com:ROCm/rocFFT.git,202
MDEwOlJlcG9zaXRvcnk1MzA4OTAxNQ==,2016-03-03T22:30:18Z,2026-04-07T21:06:03Z,2026-04-07T21:05:58Z,653250,False,ylikuutio,nrz/ylikuutio,git@github.com:nrz/ylikuutio.git,24
MDEwOlJlcG9zaXRvcnk1MzA4NzUwNQ==,2016-03-03T22:02:59Z,2026-05-05T21:33:08Z,2026-05-05T21:33:06Z,75385,True,SAMRAI,llnl/SAMRAI,git@github.com:llnl/SAMRAI.git,244
MDEwOlJlcG9zaXRvcnk1MzA3NzQ3OA==,2016-03-03T19:34:17Z,2026-05-06T14:03:08Z,2026-05-06T13:57:59Z,98397,True,omr,eclipse-omr/omr,git@github.com:eclipse-omr/omr.git,1000
MDEwOlJlcG9zaXRvcnk1MzA0OTM5MQ==,2016-03-03T12:41:47Z,2026-05-06T20:02:38Z,2026-04-30T12:02:02Z,37299,True,hfst,hfst/hfst,git@github.com:hfst/hfst.git,141
MDEwOlJlcG9zaXRvcnk1MzA0MzE1MQ==,2016-03-03T10:51:11Z,2026-05-04T11:33:26Z,2026-05-04T11:33:19Z,94366,True,mrchem,MRChemSoft/mrchem,git@github.com:MRChemSoft/mrchem.git,43
MDEwOlJlcG9zaXRvcnk1Mjk4NDUwMg==,2016-03-02T18:00:52Z,2026-03-18T12:14:43Z,2026-04-13T08:24:10Z,2420,True,open62541-compat,quasar-team/open62541-compat,git@github.com:quasar-team/open62541-compat.git,17
MDEwOlJlcG9zaXRvcnk1MjkzMzgxMg==,2016-03-02T04:27:32Z,2026-05-06T17:42:49Z,2026-05-06T17:58:57Z,6736,False,biglasso,pbreheny/biglasso,git@github.com:pbreheny/biglasso.git,115
MDEwOlJlcG9zaXRvcnk1MjkwOTk3NQ==,2016-03-01T21:05:42Z,2026-05-07T11:07:15Z,2026-05-06T14:12:22Z,54659,True,PlotJuggler,PlotJuggler/PlotJuggler,git@github.com:PlotJuggler/PlotJuggler.git,5876
MDEwOlJlcG9zaXRvcnk1Mjg4MjcwMQ==,2016-03-01T14:26:57Z,2026-05-07T08:14:48Z,2026-04-23T04:21:15Z,402390,True,PrusaSlicer,prusa3d/PrusaSlicer,git@github.com:prusa3d/PrusaSlicer.git,8993
MDEwOlJlcG9zaXRvcnk1MjcyOTI0Mg==,2016-02-28T15:52:40Z,2026-05-07T11:31:34Z,2026-05-05T04:22:42Z,80179,True,keepassxc,keepassxreboot/keepassxc,git@github.com:keepassxreboot/keepassxc.git,27009
MDEwOlJlcG9zaXRvcnk1MjY4NTM5Mg==,2016-02-27T19:44:39Z,2026-04-20T11:05:25Z,2026-03-15T10:04:30Z,182,False,krunner-translator,naraesk/krunner-translator,git@github.com:naraesk/krunner-translator.git,104
MDEwOlJlcG9zaXRvcnk1MjY2NjUyOQ==,2016-02-27T12:48:56Z,2026-04-15T00:47:22Z,2026-04-15T00:47:43Z,373,False,QUBIC,zy26/QUBIC,git@github.com:zy26/QUBIC.git,4
MDEwOlJlcG9zaXRvcnk1MjU2Mzg3Ng==,2016-02-25T23:19:01Z,2026-04-27T15:49:53Z,2026-04-27T15:49:48Z,64,False,Arduino_ZModem,ecm-bitflipper/Arduino_ZModem,git@github.com:ecm-bitflipper/Arduino_ZModem.git,4
MDEwOlJlcG9zaXRvcnk1MjUwOTEzMw==,2016-02-25T08:32:15Z,2026-04-16T06:03:44Z,2026-04-16T06:03:47Z,22839,False,alfred,tobiasrausch/alfred,git@github.com:tobiasrausch/alfred.git,154
MDEwOlJlcG9zaXRvcnk1MjQ3MDA5MQ==,2016-02-24T19:52:36Z,2026-05-06T21:52:18Z,2026-05-07T02:38:08Z,141713,True,G4CMP,G4CMP/G4CMP,git@github.com:G4CMP/G4CMP.git,38
MDEwOlJlcG9zaXRvcnk1MjQ2ODk1MQ==,2016-02-24T19:34:05Z,2026-05-05T09:05:43Z,2026-05-02T06:37:28Z,25252,True,hlsdk-portable,FWGS/hlsdk-portable,git@github.com:FWGS/hlsdk-portable.git,367
MDEwOlJlcG9zaXRvcnk1MjQzODkyNA==,2016-02-24T11:59:40Z,2026-03-31T13:13:15Z,2026-03-31T13:13:07Z,17591,True,GenFit,GenFit/GenFit,git@github.com:GenFit/GenFit.git,48
MDEwOlJlcG9zaXRvcnk1MjQzMTcxNA==,2016-02-24T09:50:20Z,2026-05-06T15:56:55Z,2026-05-06T15:56:20Z,1087,False,__sandbox__,akrzemi1/__sandbox__,git@github.com:akrzemi1/__sandbox__.git,0
MDEwOlJlcG9zaXRvcnk1MjQyMDAwNQ==,2016-02-24T06:31:40Z,2026-05-06T08:29:40Z,2026-03-19T08:57:07Z,27417,True,griddb,griddb/griddb,git@github.com:griddb/griddb.git,2475
MDEwOlJlcG9zaXRvcnk1MjM5OTk1OQ==,2016-02-23T23:41:25Z,2026-05-05T17:08:08Z,2026-04-30T10:57:42Z,26799,True,confidential-computing.sgx,intel/confidential-computing.sgx,git@github.com:intel/confidential-computing.sgx.git,1427
MDEwOlJlcG9zaXRvcnk1MjM4MjgxMw==,2016-02-23T18:43:46Z,2026-04-27T12:48:23Z,2026-04-11T12:26:33Z,1116,True,pdftools,ropensci/pdftools,git@github.com:ropensci/pdftools.git,547
MDEwOlJlcG9zaXRvcnk1MjIzMTE5MQ==,2016-02-21T22:21:32Z,2026-04-30T13:20:52Z,2026-04-30T13:20:31Z,2652,False,appstream-generator,ximion/appstream-generator,git@github.com:ximion/appstream-generator.git,50
MDEwOlJlcG9zaXRvcnk1MjE1OTg1MA==,2016-02-20T15:24:29Z,2026-04-20T16:19:07Z,2026-04-04T09:52:19Z,75,False,ArtnetWifi,rstephan/ArtnetWifi,git@github.com:rstephan/ArtnetWifi.git,435
MDEwOlJlcG9zaXRvcnk1MjEyMTU4NQ==,2016-02-19T22:48:17Z,2026-05-07T01:34:14Z,2026-05-07T01:34:10Z,105095,False,gdx-teavm,xpenatan/gdx-teavm,git@github.com:xpenatan/gdx-teavm.git,166
MDEwOlJlcG9zaXRvcnk1MjEyMTMyOQ==,2016-02-19T22:41:39Z,2026-05-07T09:30:08Z,2026-05-06T13:15:03Z,5036,True,xsimd,xtensor-stack/xsimd,git@github.com:xtensor-stack/xsimd.git,2675
MDEwOlJlcG9zaXRvcnk1MjExNjEzOQ==,2016-02-19T21:01:02Z,2026-05-06T19:54:34Z,2026-05-06T19:54:30Z,10143,True,therion,therion/therion,git@github.com:therion/therion.git,118
MDEwOlJlcG9zaXRvcnk1MjAzNDYzMg==,2016-02-18T19:58:23Z,2026-05-03T03:44:37Z,2026-05-03T03:44:33Z,21320,True,modelblocks-release,modelblocks/modelblocks-release,git@github.com:modelblocks/modelblocks-release.git,31
MDEwOlJlcG9zaXRvcnk1MjAyNzg4MQ==,2016-02-18T18:12:27Z,2026-04-05T22:52:27Z,2026-03-02T17:01:05Z,58930,False,elrejunte,matramos/elrejunte,git@github.com:matramos/elrejunte.git,30
MDEwOlJlcG9zaXRvcnk1MTk0MTkxNA==,2016-02-17T17:39:35Z,2026-04-22T12:27:20Z,2026-03-23T19:39:57Z,1130,False,dvgrab,ddennedy/dvgrab,git@github.com:ddennedy/dvgrab.git,67
MDEwOlJlcG9zaXRvcnk1MTkxNjgzNg==,2016-02-17T11:12:19Z,2026-05-05T07:16:10Z,2026-05-05T07:16:05Z,47815,True,smartmet-server,fmidev/smartmet-server,git@github.com:fmidev/smartmet-server.git,45
MDEwOlJlcG9zaXRvcnk1MTkwNTM1Mw==,2016-02-17T08:00:23Z,2026-05-07T09:33:08Z,2026-05-07T09:11:03Z,228844,True,arrow,apache/arrow,git@github.com:apache/arrow.git,16719
MDEwOlJlcG9zaXRvcnk1MTg3NzA1Ng==,2016-02-16T23:03:52Z,2026-05-07T08:17:39Z,2026-05-07T00:42:18Z,1551831,True,cbmc,diffblue/cbmc,git@github.com:diffblue/cbmc.git,1050
MDEwOlJlcG9zaXRvcnk1MTg3MDI4MA==,2016-02-16T21:07:15Z,2026-05-06T09:00:24Z,2026-05-06T12:47:42Z,3378,True,PI,p4lang/PI,git@github.com:p4lang/PI.git,176
MDEwOlJlcG9zaXRvcnk1MTc4NTEyOQ==,2016-02-15T20:57:46Z,2026-03-29T01:16:19Z,2026-03-02T17:50:31Z,1781,False,lunar,Bill-Gray/lunar,git@github.com:Bill-Gray/lunar.git,108
MDEwOlJlcG9zaXRvcnk1MTc2MTAwMQ==,2016-02-15T14:29:27Z,2026-05-04T13:05:19Z,2026-05-04T13:05:15Z,96730,True,fimex,metno/fimex,git@github.com:metno/fimex.git,27
MDEwOlJlcG9zaXRvcnk1MTc0MDI3NQ==,2016-02-15T08:13:24Z,2026-04-02T13:46:05Z,2026-04-02T13:46:41Z,261,True,geoclue-providers-hybris,mer-hybris/geoclue-providers-hybris,git@github.com:mer-hybris/geoclue-providers-hybris.git,3
MDEwOlJlcG9zaXRvcnk1MTcxMTg2Ng==,2016-02-14T20:26:01Z,2026-05-01T13:05:44Z,2026-05-02T04:55:40Z,97483,True,ja2-stracciatella,ja2-stracciatella/ja2-stracciatella,git@github.com:ja2-stracciatella/ja2-stracciatella.git,508
MDEwOlJlcG9zaXRvcnk1MTcxMTEwOA==,2016-02-14T20:05:53Z,2026-03-13T12:55:37Z,2026-04-02T18:33:18Z,60177,False,MazeBuilder,zmertens/MazeBuilder,git@github.com:zmertens/MazeBuilder.git,7
MDEwOlJlcG9zaXRvcnk1MTY2NzQ4MA==,2016-02-13T21:52:18Z,2026-05-06T11:48:02Z,2026-05-05T21:26:20Z,978,False,HeadsetControl,Sapd/HeadsetControl,git@github.com:Sapd/HeadsetControl.git,1813
MDEwOlJlcG9zaXRvcnk1MTUzMjk4OQ==,2016-02-11T17:38:13Z,2026-04-01T19:13:45Z,2026-04-13T14:02:05Z,1593,True,braincloud-objc,getbraincloud/braincloud-objc,git@github.com:getbraincloud/braincloud-objc.git,0
MDEwOlJlcG9zaXRvcnk1MTUyMTg1MQ==,2016-02-11T14:58:48Z,2026-04-29T07:44:23Z,2026-05-06T13:56:56Z,393178,True,biodynamo,BioDynaMo/biodynamo,git@github.com:BioDynaMo/biodynamo.git,131
MDEwOlJlcG9zaXRvcnk1MTQ5MTg2NQ==,2016-02-11T03:32:31Z,2026-05-07T04:27:44Z,2026-05-07T04:27:06Z,6996,True,libbitcoin-database,libbitcoin/libbitcoin-database,git@github.com:libbitcoin/libbitcoin-database.git,83
MDEwOlJlcG9zaXRvcnk1MTQ4NTA5Mg==,2016-02-11T00:49:46Z,2026-04-17T02:34:28Z,2026-03-28T06:40:54Z,18057,True,kokkos-tools,kokkos/kokkos-tools,git@github.com:kokkos/kokkos-tools.git,145
MDEwOlJlcG9zaXRvcnk1MTQ3MjYwNg==,2016-02-10T21:13:01Z,2026-05-03T08:21:03Z,2026-04-27T21:01:50Z,147648,False,limonEngine,enginmanap/limonEngine,git@github.com:enginmanap/limonEngine.git,685
MDEwOlJlcG9zaXRvcnk1MTQ2NjM2MA==,2016-02-10T19:33:02Z,2026-04-01T18:52:39Z,2026-05-07T00:07:46Z,112817,True,braincloud-cpp,getbraincloud/braincloud-cpp,git@github.com:getbraincloud/braincloud-cpp.git,3
MDEwOlJlcG9zaXRvcnk1MTQ2MTgyOQ==,2016-02-10T18:28:05Z,2026-05-06T15:08:47Z,2026-05-05T08:44:55Z,184886,True,MEGAsync,meganz/MEGAsync,git@github.com:meganz/MEGAsync.git,1843
MDEwOlJlcG9zaXRvcnk1MTQzNjMwOQ==,2016-02-10T11:09:10Z,2026-04-29T22:01:59Z,2026-04-29T22:01:55Z,26,False,Morse-Code-Project,MorseDecoder/Morse-Code-Project,git@github.com:MorseDecoder/Morse-Code-Project.git,0
MDEwOlJlcG9zaXRvcnk1MTQwODk4OA==,2016-02-09T23:36:25Z,2026-05-07T00:08:14Z,2026-05-07T00:08:09Z,157798,True,lrose-core,NCAR/lrose-core,git@github.com:NCAR/lrose-core.git,110
MDEwOlJlcG9zaXRvcnk1MTM2MzkyNA==,2016-02-09T11:54:40Z,2026-05-04T14:10:00Z,2026-05-07T09:30:17Z,1351,True,kio-gdrive,KDE/kio-gdrive,git@github.com:KDE/kio-gdrive.git,106
MDEwOlJlcG9zaXRvcnk1MTI4MDE2Ng==,2016-02-08T05:03:40Z,2026-05-03T00:30:00Z,2026-05-03T00:29:57Z,899,False,penguin-electronics-inventory,friklo/penguin-electronics-inventory,git@github.com:friklo/penguin-electronics-inventory.git,0
MDEwOlJlcG9zaXRvcnk1MTI3MTQwNg==,2016-02-07T23:25:14Z,2026-04-26T12:31:18Z,2026-04-26T12:31:13Z,37928,False,mx-repo-manager,AdrianTM/mx-repo-manager,git@github.com:AdrianTM/mx-repo-manager.git,0
MDEwOlJlcG9zaXRvcnk1MTI0NTYzNA==,2016-02-07T11:44:48Z,2026-05-06T22:57:09Z,2026-05-06T22:57:04Z,650475,True,WeatherBasedSimulationFramework,RNCan/WeatherBasedSimulationFramework,git@github.com:RNCan/WeatherBasedSimulationFramework.git,5
MDEwOlJlcG9zaXRvcnk1MTIxMjI0Ng==,2016-02-06T17:13:06Z,2026-04-28T14:06:15Z,2026-04-28T14:04:57Z,2597,False,librwgta,aap/librwgta,git@github.com:aap/librwgta.git,81
MDEwOlJlcG9zaXRvcnk1MTE1NjU3Mg==,2016-02-05T15:56:51Z,2026-05-04T19:44:58Z,2026-04-04T14:34:07Z,559983,True,FPS-Creator-Classic,Dark-Basic-Software-Limited/FPS-Creator-Classic,git@github.com:Dark-Basic-Software-Limited/FPS-Creator-Classic.git,369
MDEwOlJlcG9zaXRvcnk1MTE0MTIwNw==,2016-02-05T10:49:43Z,2026-04-27T04:23:39Z,2026-04-27T04:23:35Z,238432,False,SpehsEngine,Yuuso/SpehsEngine,git@github.com:Yuuso/SpehsEngine.git,0
MDEwOlJlcG9zaXRvcnk1MTE0MDU4OQ==,2016-02-05T10:36:22Z,2026-03-27T17:07:46Z,2026-03-27T17:07:41Z,17338,False,Pdp,rtisne/Pdp,git@github.com:rtisne/Pdp.git,0
MDEwOlJlcG9zaXRvcnk1MTEwMjUwNw==,2016-02-04T20:15:51Z,2026-04-03T12:04:25Z,2026-03-24T17:34:42Z,1021,True,rTRNG,miraisolutions/rTRNG,git@github.com:miraisolutions/rTRNG.git,20
MDEwOlJlcG9zaXRvcnk1MTA5OTkzOA==,2016-02-04T19:31:22Z,2026-04-01T16:50:10Z,2026-04-01T16:50:03Z,2293,True,rda-gatherxml,NCAR/rda-gatherxml,git@github.com:NCAR/rda-gatherxml.git,0
MDEwOlJlcG9zaXRvcnk1MTAyMzAxNg==,2016-02-03T19:03:11Z,2026-05-05T17:27:42Z,2026-03-30T22:46:09Z,1724,True,paho.mqtt.cpp,eclipse-paho/paho.mqtt.cpp,git@github.com:eclipse-paho/paho.mqtt.cpp.git,1295
MDEwOlJlcG9zaXRvcnk1MTAxODk1Mw==,2016-02-03T17:56:34Z,2026-03-12T19:23:26Z,2026-03-12T19:23:26Z,5616,True,ihmc-optimizer-wrappers,ihmcrobotics/ihmc-optimizer-wrappers,git@github.com:ihmcrobotics/ihmc-optimizer-wrappers.git,0
MDEwOlJlcG9zaXRvcnk1MTAxMjQ4MQ==,2016-02-03T16:19:24Z,2026-05-06T15:26:37Z,2026-05-04T09:52:26Z,2719,True,link,Ableton/link,git@github.com:Ableton/link.git,1291
MDEwOlJlcG9zaXRvcnk1MTAwNzA4Mw==,2016-02-03T15:00:28Z,2026-05-04T13:22:34Z,2026-05-05T14:30:21Z,2163,False,Graphic,Ndolam/Graphic,git@github.com:Ndolam/Graphic.git,0
MDEwOlJlcG9zaXRvcnk1MDk1NzU4Mw==,2016-02-02T22:48:43Z,2026-04-10T00:55:14Z,2026-04-19T02:13:21Z,4113,True,spacebar,KDE/spacebar,git@github.com:KDE/spacebar.git,10
MDEwOlJlcG9zaXRvcnk1MDk0NjMyNg==,2016-02-02T19:34:30Z,2026-04-28T22:16:30Z,2026-04-24T05:21:32Z,76182,False,oop,alexey-malov/oop,git@github.com:alexey-malov/oop.git,48
MDEwOlJlcG9zaXRvcnk1MDkxODc5OA==,2016-02-02T12:23:10Z,2026-04-07T01:49:59Z,2026-04-07T14:46:29Z,3580,True,kactivitymanagerd,KDE/kactivitymanagerd,git@github.com:KDE/kactivitymanagerd.git,16
MDEwOlJlcG9zaXRvcnk1MDkxNDA3MQ==,2016-02-02T10:50:36Z,2026-03-03T10:03:12Z,2026-03-03T10:03:08Z,21,True,DDRTree,cran/DDRTree,git@github.com:cran/DDRTree.git,0
MDEwOlJlcG9zaXRvcnk1MDkwOTc4MQ==,2016-02-02T09:35:52Z,2026-05-03T02:50:02Z,2026-05-03T02:49:59Z,6265,True,kube,KDE/kube,git@github.com:KDE/kube.git,152
MDEwOlJlcG9zaXRvcnk1MDg5MjExOQ==,2016-02-02T03:45:45Z,2026-04-27T12:05:53Z,2026-04-25T17:11:16Z,35720,False,AlphaPlot,narunlifescience/AlphaPlot,git@github.com:narunlifescience/AlphaPlot.git,273
MDEwOlJlcG9zaXRvcnk1MDgxMTMyNg==,2016-02-01T03:29:30Z,2026-05-02T12:43:03Z,2026-05-02T12:43:00Z,18171,True,qtide,jsoftware/qtide,git@github.com:jsoftware/qtide.git,45
MDEwOlJlcG9zaXRvcnk1MDc5MzAzMw==,2016-01-31T20:15:51Z,2026-04-03T00:07:37Z,2026-04-26T18:01:21Z,312080,True,roottest,root-project/roottest,git@github.com:root-project/roottest.git,42
MDEwOlJlcG9zaXRvcnk1MDY5MTcxMw==,2016-01-29T21:13:46Z,2026-05-06T12:15:13Z,2026-05-06T12:16:42Z,100597,True,VulkanTools,LunarG/VulkanTools,git@github.com:LunarG/VulkanTools.git,759
MDEwOlJlcG9zaXRvcnk1MDY3NzkwOQ==,2016-01-29T17:13:54Z,2026-04-30T08:31:55Z,2026-03-14T20:15:23Z,1540,False,OBSInfoWriter,partouf/OBSInfoWriter,git@github.com:partouf/OBSInfoWriter.git,176
MDEwOlJlcG9zaXRvcnk1MDY3NTcxOA==,2016-01-29T16:38:09Z,2026-04-23T13:10:37Z,2026-04-20T16:38:37Z,18654,True,dcmqi,QIICR/dcmqi,git@github.com:QIICR/dcmqi.git,282
MDEwOlJlcG9zaXRvcnk1MDY0NzgzOA==,2016-01-29T08:00:06Z,2026-05-07T08:39:14Z,2026-05-07T08:39:09Z,92931,True,kudu,apache/kudu,git@github.com:apache/kudu.git,1901
MDEwOlJlcG9zaXRvcnk1MDYyOTk0NQ==,2016-01-29T02:07:08Z,2026-05-04T16:07:11Z,2026-05-06T18:37:17Z,21627,False,OpenTESArena,afritz1/OpenTESArena,git@github.com:afritz1/OpenTESArena.git,1318
MDEwOlJlcG9zaXRvcnk1MDYwOTQ5MA==,2016-01-28T19:57:32Z,2026-04-23T09:30:47Z,2026-04-23T09:33:42Z,308,False,QMediathekView,adamreichold/QMediathekView,git@github.com:adamreichold/QMediathekView.git,18
MDEwOlJlcG9zaXRvcnk1MDU4OTY1OA==,2016-01-28T14:48:39Z,2026-05-03T05:57:41Z,2026-03-17T21:30:44Z,618,False,marisa-trie,s-yata/marisa-trie,git@github.com:s-yata/marisa-trie.git,611
MDEwOlJlcG9zaXRvcnk1MDUxNDg4Mg==,2016-01-27T14:58:27Z,2026-04-02T19:19:46Z,2026-04-02T19:19:41Z,146,False,resolution-simulator,simonspa/resolution-simulator,git@github.com:simonspa/resolution-simulator.git,4
MDEwOlJlcG9zaXRvcnk1MDUxMjE1OA==,2016-01-27T14:17:03Z,2026-05-02T23:24:15Z,2026-05-02T23:24:09Z,18307272,True,chromium.src,nwjs/chromium.src,git@github.com:nwjs/chromium.src.git,161
MDEwOlJlcG9zaXRvcnk1MDQ2NjgzMA==,2016-01-26T23:29:28Z,2026-05-06T10:27:35Z,2026-05-06T10:27:26Z,2025997,True,VK-GL-CTS,KhronosGroup/VK-GL-CTS,git@github.com:KhronosGroup/VK-GL-CTS.git,619
MDEwOlJlcG9zaXRvcnk1MDQ2MTcwMQ==,2016-01-26T21:48:20Z,2026-05-06T23:23:45Z,2026-05-06T23:23:38Z,20185,True,serving,tensorflow/serving,git@github.com:tensorflow/serving.git,6350
MDEwOlJlcG9zaXRvcnk1MDQ1NjM3OQ==,2016-01-26T20:16:46Z,2026-04-06T16:38:39Z,2026-03-06T19:30:26Z,3652,True,behave,firelab/behave,git@github.com:firelab/behave.git,19
MDEwOlJlcG9zaXRvcnk1MDQ0NDc4NA==,2016-01-26T17:08:33Z,2026-05-01T14:13:05Z,2026-05-06T14:26:00Z,101230,True,sst-macro,sstsimulator/sst-macro,git@github.com:sstsimulator/sst-macro.git,36
MDEwOlJlcG9zaXRvcnk1MDQzNjg1Mw==,2016-01-26T15:12:37Z,2026-05-04T15:18:31Z,2026-05-06T16:34:27Z,86221,True,ROCR-Runtime,ROCm/ROCR-Runtime,git@github.com:ROCm/ROCR-Runtime.git,272
MDEwOlJlcG9zaXRvcnk1MDI2Njk2Ng==,2016-01-24T01:22:54Z,2026-05-03T05:52:34Z,2026-03-14T19:12:59Z,27668,False,bcflight,dridri/bcflight,git@github.com:dridri/bcflight.git,163
MDEwOlJlcG9zaXRvcnk1MDIyMzEyOA==,2016-01-23T04:20:14Z,2026-05-06T15:45:08Z,2026-05-04T01:39:38Z,92854,True,verge,vergecurrency/verge,git@github.com:vergecurrency/verge.git,1573
MDEwOlJlcG9zaXRvcnk1MDIxMjc0NQ==,2016-01-22T22:59:06Z,2026-04-23T11:33:11Z,2026-04-23T11:35:03Z,67146,False,noson-app,janbar/noson-app,git@github.com:janbar/noson-app.git,413
MDEwOlJlcG9zaXRvcnk1MDE3MzA3MQ==,2016-01-22T09:59:10Z,2026-05-04T15:15:05Z,2026-04-22T10:33:40Z,21344,True,mysql-connector-cpp,mysql/mysql-connector-cpp,git@github.com:mysql/mysql-connector-cpp.git,703
MDEwOlJlcG9zaXRvcnk1MDE0Mjc1Ng==,2016-01-21T23:03:04Z,2026-05-07T06:15:44Z,2026-04-13T12:41:55Z,8478,True,Quaternion,quotient-im/Quaternion,git@github.com:quotient-im/Quaternion.git,696
MDEwOlJlcG9zaXRvcnk1MDA5NjE4MQ==,2016-01-21T09:19:30Z,2026-05-07T01:45:44Z,2026-05-07T01:45:41Z,3718,True,peruse,KDE/peruse,git@github.com:KDE/peruse.git,33
MDEwOlJlcG9zaXRvcnk1MDA5NTMwMQ==,2016-01-21T09:05:02Z,2026-05-04T18:12:14Z,2026-04-17T14:39:17Z,49789,False,comparePlus,pnedev/comparePlus,git@github.com:pnedev/comparePlus.git,1212
MDEwOlJlcG9zaXRvcnk1MDA3NDA3NQ==,2016-01-21T01:49:19Z,2026-03-24T21:06:26Z,2026-03-24T21:06:21Z,4204,False,seq42,Stazed/seq42,git@github.com:Stazed/seq42.git,26
MDEwOlJlcG9zaXRvcnk0OTk4NjA0Ng==,2016-01-19T21:58:12Z,2026-05-07T10:03:09Z,2026-05-05T10:35:16Z,22055,True,falco,falcosecurity/falco,git@github.com:falcosecurity/falco.git,8923
MDEwOlJlcG9zaXRvcnk0OTk3ODE5Mw==,2016-01-19T19:42:29Z,2026-05-07T08:36:50Z,2026-05-07T11:23:09Z,127405,True,valhalla,valhalla/valhalla,git@github.com:valhalla/valhalla.git,5685
MDEwOlJlcG9zaXRvcnk0OTk3NDc4Mw==,2016-01-19T18:47:10Z,2026-04-30T16:32:33Z,2026-04-30T16:32:28Z,4335,True,beam,spiretrading/beam,git@github.com:spiretrading/beam.git,3
MDEwOlJlcG9zaXRvcnk0OTk2ODk4MA==,2016-01-19T17:13:08Z,2026-05-02T10:32:50Z,2026-05-02T10:32:46Z,102,False,setop,phisigma/setop,git@github.com:phisigma/setop.git,8
MDEwOlJlcG9zaXRvcnk0OTkxMDAwNQ==,2016-01-18T22:35:45Z,2026-04-21T15:11:59Z,2026-04-21T15:11:55Z,155393,False,KrienGraphiX,krienie/KrienGraphiX,git@github.com:krienie/KrienGraphiX.git,0
MDEwOlJlcG9zaXRvcnk0OTkwMTQ3Mw==,2016-01-18T19:57:36Z,2026-05-04T14:29:56Z,2026-05-04T14:28:00Z,125514,True,loos,GrossfieldLab/loos,git@github.com:GrossfieldLab/loos.git,130
MDEwOlJlcG9zaXRvcnk0OTg2NTAwNQ==,2016-01-18T09:09:14Z,2026-04-28T01:01:47Z,2026-04-28T01:01:44Z,18,False,SoftTimer,yehnan/SoftTimer,git@github.com:yehnan/SoftTimer.git,6
MDEwOlJlcG9zaXRvcnk0OTgzNzQ1Nw==,2016-01-17T21:55:45Z,2026-04-17T17:22:26Z,2026-04-17T17:22:22Z,2656,False,neolib,i42output/neolib,git@github.com:i42output/neolib.git,56
MDEwOlJlcG9zaXRvcnk0OTc5Nzg5Mg==,2016-01-17T01:12:42Z,2026-05-07T06:59:01Z,2026-05-07T06:58:56Z,84076,False,YaneuraOu,yaneurao/YaneuraOu,git@github.com:yaneurao/YaneuraOu.git,654
MDEwOlJlcG9zaXRvcnk0OTc3NDAzNQ==,2016-01-16T13:17:13Z,2026-04-30T02:31:43Z,2026-05-04T07:18:22Z,6370,False,cscout,dspinellis/cscout,git@github.com:dspinellis/cscout.git,229
MDEwOlJlcG9zaXRvcnk0OTc0NzIzNA==,2016-01-15T21:57:07Z,2026-03-11T17:10:12Z,2026-03-11T17:10:07Z,381,False,cpp-template-utils,VioletGiraffe/cpp-template-utils,git@github.com:VioletGiraffe/cpp-template-utils.git,13
MDEwOlJlcG9zaXRvcnk0OTc0MzAxMw==,2016-01-15T20:24:16Z,2026-05-06T19:33:56Z,2026-05-06T22:10:38Z,54813,True,nexus,spiretrading/nexus,git@github.com:spiretrading/nexus.git,6
MDEwOlJlcG9zaXRvcnk0OTY2NTE5OA==,2016-01-14T18:04:53Z,2026-03-23T16:24:55Z,2026-03-11T17:36:53Z,209,False,MMDVMCal,g4klx/MMDVMCal,git@github.com:g4klx/MMDVMCal.git,61
MDEwOlJlcG9zaXRvcnk0OTY0MTkyOA==,2016-01-14T10:59:24Z,2026-05-07T01:53:33Z,2026-05-06T15:17:55Z,22417,False,MMDVMHost,g4klx/MMDVMHost,git@github.com:g4klx/MMDVMHost.git,436
MDEwOlJlcG9zaXRvcnk0OTY0MTg2Mw==,2016-01-14T10:57:49Z,2026-05-07T01:53:41Z,2026-04-24T15:54:46Z,6621,False,MMDVM,g4klx/MMDVM,git@github.com:g4klx/MMDVM.git,556
MDEwOlJlcG9zaXRvcnk0OTU3NTYzMw==,2016-01-13T13:32:00Z,2026-05-06T04:26:56Z,2026-05-06T06:39:02Z,23200,True,qtcharts,qt/qtcharts,git@github.com:qt/qtcharts.git,313
MDEwOlJlcG9zaXRvcnk0OTU3NTQ5Nw==,2016-01-13T13:29:25Z,2026-05-05T19:13:08Z,2026-05-05T19:13:03Z,45586,True,qtdatavis3d,qt/qtdatavis3d,git@github.com:qt/qtdatavis3d.git,59
MDEwOlJlcG9zaXRvcnk0OTU2OTE3Ng==,2016-01-13T11:17:44Z,2026-03-28T10:10:04Z,2026-03-28T10:10:00Z,2693,False,doublecontact,DarkHobbit/doublecontact,git@github.com:DarkHobbit/doublecontact.git,58
MDEwOlJlcG9zaXRvcnk0OTQ4OTUxNQ==,2016-01-12T09:32:48Z,2026-03-10T14:28:06Z,2026-03-10T14:28:02Z,2531,True,libdivvun,divvun/libdivvun,git@github.com:divvun/libdivvun.git,9
MDEwOlJlcG9zaXRvcnk0OTQzOTE4Ng==,2016-01-11T16:33:45Z,2026-05-07T08:21:49Z,2026-05-01T11:03:58Z,1916,False,qmarkdowntextedit,pbek/qmarkdowntextedit,git@github.com:pbek/qmarkdowntextedit.git,488
MDEwOlJlcG9zaXRvcnk0OTQzNzkyMw==,2016-01-11T16:13:14Z,2026-04-15T02:01:07Z,2026-04-15T02:01:02Z,6473,True,pennant-legion,StanfordLegion/pennant-legion,git@github.com:StanfordLegion/pennant-legion.git,2
MDEwOlJlcG9zaXRvcnk0OTI5MjgyMw==,2016-01-08T19:48:18Z,2026-03-06T01:24:49Z,2026-03-06T01:24:45Z,79539,True,SpiderByte,Crypto-Currency/SpiderByte,git@github.com:Crypto-Currency/SpiderByte.git,1
MDEwOlJlcG9zaXRvcnk0OTI2OTc0MQ==,2016-01-08T12:00:34Z,2026-04-12T10:41:46Z,2026-03-05T19:44:27Z,12108,True,verlihub,Verlihub/verlihub,git@github.com:Verlihub/verlihub.git,68
MDEwOlJlcG9zaXRvcnk0OTI2NzYzMQ==,2016-01-08T11:07:36Z,2026-05-01T19:02:28Z,2026-05-01T19:02:24Z,3177,True,rhybrid,fmihpc/rhybrid,git@github.com:fmihpc/rhybrid.git,12
MDEwOlJlcG9zaXRvcnk0OTI0NDc2Ng==,2016-01-08T02:42:32Z,2026-05-07T08:56:35Z,2026-05-07T09:46:58Z,5330939,True,icu,unicode-org/icu,git@github.com:unicode-org/icu.git,3483
MDEwOlJlcG9zaXRvcnk0OTI0Mzk3Mg==,2016-01-08T02:25:34Z,2026-04-30T16:56:08Z,2026-04-30T18:02:51Z,19398,False,strata,arkottke/strata,git@github.com:arkottke/strata.git,54
MDEwOlJlcG9zaXRvcnk0OTIyMTk3NQ==,2016-01-07T18:18:21Z,2026-05-05T14:35:44Z,2026-04-08T03:49:11Z,334546,True,KnightOnline,Open-KO/KnightOnline,git@github.com:Open-KO/KnightOnline.git,337
MDEwOlJlcG9zaXRvcnk0OTIyMDE1Nw==,2016-01-07T17:41:56Z,2026-05-07T04:43:26Z,2026-05-06T21:22:42Z,28540,True,hip,ROCm/hip,git@github.com:ROCm/hip.git,4322
MDEwOlJlcG9zaXRvcnk0OTIxMDIwMw==,2016-01-07T14:45:35Z,2026-05-07T09:46:04Z,2026-04-19T13:49:42Z,20569,True,cling,root-project/cling,git@github.com:root-project/cling.git,4135
MDEwOlJlcG9zaXRvcnk0OTIwMTcxOA==,2016-01-07T11:50:23Z,2026-04-27T13:49:40Z,2026-04-16T20:16:27Z,12491,False,greedy,pyushkevich/greedy,git@github.com:pyushkevich/greedy.git,86
MDEwOlJlcG9zaXRvcnk0OTE4OTc2MQ==,2016-01-07T07:47:38Z,2026-04-15T22:28:56Z,2026-04-17T07:59:17Z,52103,False,MQ2Nav,brainiac/MQ2Nav,git@github.com:brainiac/MQ2Nav.git,24
MDEwOlJlcG9zaXRvcnk0OTEzNzU1OA==,2016-01-06T13:42:28Z,2026-03-30T06:16:16Z,2026-03-30T06:16:43Z,478,True,yazproxy,indexdata/yazproxy,git@github.com:indexdata/yazproxy.git,9
MDEwOlJlcG9zaXRvcnk0OTEzNTU4MA==,2016-01-06T13:03:39Z,2026-03-30T06:09:36Z,2026-03-30T06:10:24Z,1030,True,yazpp,indexdata/yazpp,git@github.com:indexdata/yazpp.git,5
MDEwOlJlcG9zaXRvcnk0OTA1MzM4Mw==,2016-01-05T08:44:08Z,2026-05-04T09:26:12Z,2026-05-06T12:19:45Z,4425,True,plasma-integration,KDE/plasma-integration,git@github.com:KDE/plasma-integration.git,36
MDEwOlJlcG9zaXRvcnk0ODk5NjA5Ng==,2016-01-04T12:36:09Z,2026-05-06T18:56:16Z,2026-05-06T18:56:11Z,59,False,mruby-uri-parser,Asmod4n/mruby-uri-parser,git@github.com:Asmod4n/mruby-uri-parser.git,3
MDEwOlJlcG9zaXRvcnk0ODk4NjY4MA==,2016-01-04T09:19:27Z,2026-05-07T08:26:09Z,2026-04-07T08:12:55Z,2837,False,caesium-image-compressor,Lymphatus/caesium-image-compressor,git@github.com:Lymphatus/caesium-image-compressor.git,5896
MDEwOlJlcG9zaXRvcnk0ODk2MTIyNA==,2016-01-03T21:22:17Z,2026-05-01T21:32:46Z,2026-05-01T21:33:45Z,439,False,Xyz,jebreimo/Xyz,git@github.com:jebreimo/Xyz.git,0
MDEwOlJlcG9zaXRvcnk0ODk1MDE2Ng==,2016-01-03T15:15:14Z,2026-04-27T04:11:04Z,2026-04-27T04:10:59Z,24545,False,SaferCPlusPlus,duneroadrunner/SaferCPlusPlus,git@github.com:duneroadrunner/SaferCPlusPlus.git,421
MDEwOlJlcG9zaXRvcnk0ODkyNDU1NA==,2016-01-02T21:32:13Z,2026-05-05T13:11:12Z,2026-04-11T16:33:14Z,13377,False,MobaTools,MicroBahner/MobaTools,git@github.com:MicroBahner/MobaTools.git,137
MDEwOlJlcG9zaXRvcnk0ODkyMzczOA==,2016-01-02T21:01:41Z,2026-04-08T05:30:14Z,2026-03-20T21:49:16Z,21438,False,imppg,GreatAttractor/imppg,git@github.com:GreatAttractor/imppg.git,102
MDEwOlJlcG9zaXRvcnk0ODkyMDQ2MQ==,2016-01-02T19:02:58Z,2026-05-02T15:45:31Z,2026-04-27T22:22:20Z,131876,True,PX4-SITL_gazebo-classic,PX4/PX4-SITL_gazebo-classic,git@github.com:PX4/PX4-SITL_gazebo-classic.git,448
MDEwOlJlcG9zaXRvcnk0ODkxMTUxMw==,2016-01-02T14:01:04Z,2026-04-25T21:35:38Z,2026-04-25T19:49:13Z,671,True,Malterlib_Network,Malterlib/Malterlib_Network,git@github.com:Malterlib/Malterlib_Network.git,0
MDEwOlJlcG9zaXRvcnk0ODkxMTQ3MA==,2016-01-02T13:59:40Z,2026-04-25T21:35:41Z,2026-04-25T19:49:08Z,61,True,Malterlib_Desktop,Malterlib/Malterlib_Desktop,git@github.com:Malterlib/Malterlib_Desktop.git,0
MDEwOlJlcG9zaXRvcnk0ODkxMTQ0Mg==,2016-01-02T13:59:01Z,2026-04-30T08:19:16Z,2026-05-07T09:21:51Z,3772,True,Malterlib_Core,Malterlib/Malterlib_Core,git@github.com:Malterlib/Malterlib_Core.git,0
MDEwOlJlcG9zaXRvcnk0ODkxMTQzMQ==,2016-01-02T13:58:44Z,2026-04-28T12:03:51Z,2026-04-28T12:03:46Z,4038,True,Malterlib_Concurrency,Malterlib/Malterlib_Concurrency,git@github.com:Malterlib/Malterlib_Concurrency.git,0
