id,createdAt,updatedAt,pushedAt,diskUsage,isInOrganization,name,nameWithOwner,sshUrl,stargazerCount
MDEwOlJlcG9zaXRvcnkzMjU4Njk0NjA=,2020-12-31T20:33:11Z,2026-04-27T16:01:35Z,2026-04-27T16:01:31Z,135025,False,SerialWombatArdLib,BroadwellConsultingInc/SerialWombatArdLib,git@github.com:BroadwellConsultingInc/SerialWombatArdLib.git,7
MDEwOlJlcG9zaXRvcnkzMjU4MjA3MjY=,2020-12-31T14:55:10Z,2026-05-01T05:58:57Z,2026-04-29T09:32:36Z,9152,False,Stm32-vcu,damienmaguire/Stm32-vcu,git@github.com:damienmaguire/Stm32-vcu.git,229
MDEwOlJlcG9zaXRvcnkzMjU1NzQ5MjE=,2020-12-30T14:45:30Z,2026-05-07T03:51:25Z,2026-04-16T21:22:23Z,2947,True,SlimeVR-Tracker-ESP,SlimeVR/SlimeVR-Tracker-ESP,git@github.com:SlimeVR/SlimeVR-Tracker-ESP.git,1050
MDEwOlJlcG9zaXRvcnkzMjU1NjI5Nzg=,2020-12-30T13:52:16Z,2026-03-06T06:59:09Z,2026-03-06T06:59:05Z,24,False,devops-trial,vvineetv/devops-trial,git@github.com:vvineetv/devops-trial.git,0
MDEwOlJlcG9zaXRvcnkzMjU1NDkwNzA=,2020-12-30T12:47:03Z,2026-03-30T07:04:52Z,2026-04-02T15:19:59Z,459,True,wb-mqtt-opcua,wirenboard/wb-mqtt-opcua,git@github.com:wirenboard/wb-mqtt-opcua.git,0
MDEwOlJlcG9zaXRvcnkzMjU1MzM4MTQ=,2020-12-30T11:32:15Z,2026-04-13T07:19:15Z,2026-04-13T07:19:06Z,578,True,viper,107-systems/viper,git@github.com:107-systems/viper.git,3
MDEwOlJlcG9zaXRvcnkzMjU0MzE2ODg=,2020-12-30T02:10:32Z,2026-04-04T04:51:59Z,2026-03-06T02:23:21Z,30012,False,Software-Analysis-Studio,SVF-tools/Software-Analysis-Studio,git@github.com:SVF-tools/Software-Analysis-Studio.git,213
MDEwOlJlcG9zaXRvcnkzMjUzNzE1OTg=,2020-12-29T19:35:41Z,2026-05-06T17:00:48Z,2026-05-06T17:00:42Z,4213,True,ecclesia-machine-management,google/ecclesia-machine-management,git@github.com:google/ecclesia-machine-management.git,20
MDEwOlJlcG9zaXRvcnkzMjUzNTAzOTc=,2020-12-29T17:43:25Z,2026-04-08T13:36:23Z,2026-04-08T13:37:25Z,128,False,EMUcan,designer2k2/EMUcan,git@github.com:designer2k2/EMUcan.git,39
MDEwOlJlcG9zaXRvcnkzMjUzMzI0ODk=,2020-12-29T16:17:47Z,2026-03-31T19:16:26Z,2026-03-31T19:16:21Z,23339,False,Barcode,Noremos/Barcode,git@github.com:Noremos/Barcode.git,0
MDEwOlJlcG9zaXRvcnkzMjUxNTA1MjA=,2020-12-29T00:52:24Z,2026-03-30T13:11:18Z,2026-03-30T13:11:14Z,668,False,blink,colugomusic/blink,git@github.com:colugomusic/blink.git,20
MDEwOlJlcG9zaXRvcnkzMjUxMzM0MDQ=,2020-12-28T22:50:12Z,2026-04-20T14:49:36Z,2026-04-20T14:49:54Z,3433,False,syntheticseis,feliperails/syntheticseis,git@github.com:feliperails/syntheticseis.git,6
MDEwOlJlcG9zaXRvcnkzMjUwNDEzMTg=,2020-12-28T15:00:46Z,2026-04-04T17:08:18Z,2026-04-30T20:18:14Z,278869,False,webrtc,ali-fareed/webrtc,git@github.com:ali-fareed/webrtc.git,17
MDEwOlJlcG9zaXRvcnkzMjQ4NTg3MDQ=,2020-12-27T22:16:01Z,2026-04-06T14:34:35Z,2026-04-20T08:57:17Z,316102,False,tm-bt-led,mplutka/tm-bt-led,git@github.com:mplutka/tm-bt-led.git,18
MDEwOlJlcG9zaXRvcnkzMjQ4MjkzNzk=,2020-12-27T19:02:26Z,2026-05-07T09:35:14Z,2026-05-07T07:10:47Z,9239671,True,organicmaps,organicmaps/organicmaps,git@github.com:organicmaps/organicmaps.git,13903
MDEwOlJlcG9zaXRvcnkzMjQ3MTI0Mzg=,2020-12-27T07:47:23Z,2026-03-29T15:16:42Z,2026-04-20T08:15:20Z,18332,False,Ipponboard,fmuecke/Ipponboard,git@github.com:fmuecke/Ipponboard.git,17
MDEwOlJlcG9zaXRvcnkzMjQ2NTUyNzg=,2020-12-26T23:54:59Z,2026-05-04T14:26:39Z,2026-05-04T14:23:23Z,68057,False,ISS-arduino-tracker,svnty/ISS-arduino-tracker,git@github.com:svnty/ISS-arduino-tracker.git,1
MDEwOlJlcG9zaXRvcnkzMjQ2MDE0MzY=,2020-12-26T17:17:07Z,2026-05-07T11:02:17Z,2026-05-04T16:07:23Z,43563,False,QLMarkdown,sbarex/QLMarkdown,git@github.com:sbarex/QLMarkdown.git,2753
MDEwOlJlcG9zaXRvcnkzMjQ1ODI4MjE=,2020-12-26T15:28:57Z,2026-03-08T19:43:07Z,2026-03-30T20:29:30Z,6592,False,visilib,dhaumont/visilib,git@github.com:dhaumont/visilib.git,19
MDEwOlJlcG9zaXRvcnkzMjQ0MjUwOTU=,2020-12-25T19:59:39Z,2026-03-24T21:19:58Z,2026-03-04T14:32:04Z,426,False,spem,fox20io/spem,git@github.com:fox20io/spem.git,2
MDEwOlJlcG9zaXRvcnkzMjQ0MDMwNjA=,2020-12-25T17:17:01Z,2026-05-05T01:00:58Z,2026-04-26T06:41:14Z,10469,True,D2MOO,ThePhrozenKeep/D2MOO,git@github.com:ThePhrozenKeep/D2MOO.git,145
MDEwOlJlcG9zaXRvcnkzMjQzMjg2NDE=,2020-12-25T09:11:43Z,2026-05-07T08:24:52Z,2026-05-07T08:24:46Z,29396,True,huaweicloud-sdk-cpp-v3,huaweicloud/huaweicloud-sdk-cpp-v3,git@github.com:huaweicloud/huaweicloud-sdk-cpp-v3.git,63
MDEwOlJlcG9zaXRvcnkzMjQzMTQwMjg=,2020-12-25T07:40:21Z,2026-04-29T03:45:57Z,2026-03-30T09:38:54Z,35002,True,airship_simulation,robot-perception-group/airship_simulation,git@github.com:robot-perception-group/airship_simulation.git,26
MDEwOlJlcG9zaXRvcnkzMjQyOTE3MTA=,2020-12-25T05:07:05Z,2026-05-05T07:26:38Z,2026-05-05T07:26:33Z,113424,True,framework,rest-for-physics/framework,git@github.com:rest-for-physics/framework.git,19
MDEwOlJlcG9zaXRvcnkzMjQyNDMwMTI=,2020-12-24T22:02:04Z,2026-04-26T15:29:26Z,2026-04-26T15:29:20Z,2712,True,Slots-Plugin,VATSIMCanada/Slots-Plugin,git@github.com:VATSIMCanada/Slots-Plugin.git,6
MDEwOlJlcG9zaXRvcnkzMjQxOTM5ODY=,2020-12-24T16:17:20Z,2026-05-04T07:46:58Z,2026-05-04T07:46:53Z,11492,False,RED4ext.SDK,wopss/RED4ext.SDK,git@github.com:wopss/RED4ext.SDK.git,130
MDEwOlJlcG9zaXRvcnkzMjQxMDY1MzM=,2020-12-24T08:29:49Z,2026-04-21T00:53:56Z,2026-04-21T00:53:53Z,595992,False,Rayawa,Rayawa/Rayawa,git@github.com:Rayawa/Rayawa.git,2
MDEwOlJlcG9zaXRvcnkzMjQwMTAxMzg=,2020-12-23T22:02:19Z,2026-05-01T21:02:52Z,2026-05-01T21:02:48Z,976,True,geant4lib,rest-for-physics/geant4lib,git@github.com:rest-for-physics/geant4lib.git,2
MDEwOlJlcG9zaXRvcnkzMjQwMDc1NjY=,2020-12-23T21:45:04Z,2026-05-06T09:46:24Z,2026-05-06T09:46:06Z,5054,True,rawlib,rest-for-physics/rawlib,git@github.com:rest-for-physics/rawlib.git,2
MDEwOlJlcG9zaXRvcnkzMjM5OTAxNTg=,2020-12-23T19:55:08Z,2026-03-21T22:43:58Z,2026-03-23T21:09:54Z,253,False,MKLogging,MarnixKoerselman/MKLogging,git@github.com:MarnixKoerselman/MKLogging.git,2
MDEwOlJlcG9zaXRvcnkzMjM5NzQ3OTI=,2020-12-23T18:28:51Z,2026-03-01T02:35:56Z,2026-03-01T02:35:53Z,14125,True,ultranotei-core,xun-project/ultranotei-core,git@github.com:xun-project/ultranotei-core.git,2
MDEwOlJlcG9zaXRvcnkzMjM2NzM2OTc=,2020-12-22T16:10:48Z,2026-03-19T21:58:33Z,2026-03-19T21:58:29Z,154899,False,robotlearningblock,peterso/robotlearningblock,git@github.com:peterso/robotlearningblock.git,23
MDEwOlJlcG9zaXRvcnkzMjM2MjYwMzY=,2020-12-22T12:55:38Z,2026-05-07T10:28:10Z,2026-05-07T10:28:05Z,387797,False,Perfect_Works_Build,NoharOSP/Perfect_Works_Build,git@github.com:NoharOSP/Perfect_Works_Build.git,368
MDEwOlJlcG9zaXRvcnkzMjM1Nzk4ODY=,2020-12-22T09:28:54Z,2026-04-27T01:44:51Z,2026-05-07T09:13:36Z,998,True,kweathercore,KDE/kweathercore,git@github.com:KDE/kweathercore.git,3
MDEwOlJlcG9zaXRvcnkzMjM1MjA2ODI=,2020-12-22T04:31:12Z,2026-03-05T03:51:43Z,2026-04-02T23:04:56Z,954,True,uchronia-time-series,csiro-hydroinformatics/uchronia-time-series,git@github.com:csiro-hydroinformatics/uchronia-time-series.git,1
MDEwOlJlcG9zaXRvcnkzMjM0MzE4NjU=,2020-12-21T19:41:04Z,2026-04-09T19:21:09Z,2026-04-09T19:21:05Z,18535,False,edi,eduardolfalcao/edi,git@github.com:eduardolfalcao/edi.git,42
MDEwOlJlcG9zaXRvcnkzMjMzODk5NDU=,2020-12-21T16:25:57Z,2026-04-29T09:02:53Z,2026-04-29T09:10:55Z,1893496,True,rondb,logicalclocks/rondb,git@github.com:logicalclocks/rondb.git,708
MDEwOlJlcG9zaXRvcnkzMjMzNzgyODY=,2020-12-21T15:39:09Z,2026-05-06T15:50:11Z,2026-05-06T15:50:07Z,9256,False,dosbox-pure,schellingb/dosbox-pure,git@github.com:schellingb/dosbox-pure.git,1131
MDEwOlJlcG9zaXRvcnkzMjMyNzg3MDU=,2020-12-21T08:44:28Z,2026-04-19T13:01:31Z,2026-05-05T20:42:49Z,143432,False,openlisem,vjetten/openlisem,git@github.com:vjetten/openlisem.git,24
MDEwOlJlcG9zaXRvcnkzMjMyNjc5MzY=,2020-12-21T07:55:44Z,2026-04-03T07:20:17Z,2026-04-03T07:20:13Z,1003437,False,node-pstcore,picam360/node-pstcore,git@github.com:picam360/node-pstcore.git,0
MDEwOlJlcG9zaXRvcnkzMjMyNDI5MjE=,2020-12-21T05:48:25Z,2026-03-19T08:42:02Z,2026-03-19T08:41:58Z,680,False,GifEncoder,xiaozhuai/GifEncoder,git@github.com:xiaozhuai/GifEncoder.git,20
MDEwOlJlcG9zaXRvcnkzMjMxODM3MjE=,2020-12-20T23:16:16Z,2026-04-24T21:37:25Z,2026-04-24T21:37:18Z,258293,True,BrainGenix-NES,carboncopies/BrainGenix-NES,git@github.com:carboncopies/BrainGenix-NES.git,21
MDEwOlJlcG9zaXRvcnkzMjMxNjYzMDA=,2020-12-20T21:15:36Z,2026-05-07T04:45:47Z,2026-05-06T17:47:46Z,1309,True,r2ghidra,radareorg/r2ghidra,git@github.com:radareorg/r2ghidra.git,500
MDEwOlJlcG9zaXRvcnkzMjMxMTExNTg=,2020-12-20T16:07:04Z,2026-05-05T17:05:14Z,2026-04-04T17:56:50Z,518,True,scanner,strayrobots/scanner,git@github.com:strayrobots/scanner.git,127
MDEwOlJlcG9zaXRvcnkzMjMwODIwMjY=,2020-12-20T13:47:31Z,2026-05-06T03:08:14Z,2026-03-15T18:04:56Z,220193,True,abess,abess-team/abess,git@github.com:abess-team/abess.git,483
MDEwOlJlcG9zaXRvcnkzMjMwODA1MjI=,2020-12-20T13:40:08Z,2026-05-02T19:53:33Z,2026-04-01T19:04:06Z,82730,False,SimSiPM,EdoPro98/SimSiPM,git@github.com:EdoPro98/SimSiPM.git,38
MDEwOlJlcG9zaXRvcnkzMjMwNjU5NzM=,2020-12-20T12:24:59Z,2026-03-29T12:25:32Z,2026-03-29T12:25:27Z,18615,True,external_sqlite,DerpFest-AOSP/external_sqlite,git@github.com:DerpFest-AOSP/external_sqlite.git,0
MDEwOlJlcG9zaXRvcnkzMjMwNTc5MTE=,2020-12-20T11:39:42Z,2026-05-07T00:45:15Z,2026-04-14T14:53:09Z,3594,False,ruckig,pantor/ruckig,git@github.com:pantor/ruckig.git,1215
MDEwOlJlcG9zaXRvcnkzMjI5Mzg0MzE=,2020-12-19T21:09:47Z,2026-05-05T12:36:05Z,2026-04-26T14:42:56Z,304964,False,UE4EnhancedCodeFlow,zompi2/UE4EnhancedCodeFlow,git@github.com:zompi2/UE4EnhancedCodeFlow.git,136
MDEwOlJlcG9zaXRvcnkzMjI5MjQyOTg=,2020-12-19T19:37:48Z,2026-03-14T05:23:31Z,2026-03-14T05:23:27Z,38,False,libasmTester,Tripouille/libasmTester,git@github.com:Tripouille/libasmTester.git,12
MDEwOlJlcG9zaXRvcnkzMjI5MjIyNjc=,2020-12-19T19:25:46Z,2026-04-19T19:16:01Z,2026-03-18T10:59:32Z,10667,False,gecko,JanSimek/gecko,git@github.com:JanSimek/gecko.git,40
MDEwOlJlcG9zaXRvcnkzMjI5MDIxMDc=,2020-12-19T17:32:35Z,2026-04-03T11:43:46Z,2026-04-14T08:54:30Z,148,True,BinIO,ManiVaultStudio/BinIO,git@github.com:ManiVaultStudio/BinIO.git,0
MDEwOlJlcG9zaXRvcnkzMjI4OTU3NzE=,2020-12-19T16:58:46Z,2026-04-17T14:18:09Z,2026-05-05T09:53:30Z,525,True,Scatterplot,ManiVaultStudio/Scatterplot,git@github.com:ManiVaultStudio/Scatterplot.git,0
MDEwOlJlcG9zaXRvcnkzMjI3ODcxNDQ=,2020-12-19T06:56:50Z,2026-05-06T09:30:09Z,2026-04-30T02:13:55Z,677,False,Poseidon,sondernextdoor/Poseidon,git@github.com:sondernextdoor/Poseidon.git,386
MDEwOlJlcG9zaXRvcnkzMjI3MzY3MjQ=,2020-12-19T00:43:55Z,2026-05-05T16:01:25Z,2026-05-05T16:01:00Z,12399,True,clio,XRPLF/clio,git@github.com:XRPLF/clio.git,103
MDEwOlJlcG9zaXRvcnkzMjI2NjQxNDc=,2020-12-18T17:39:25Z,2026-05-06T22:58:17Z,2026-05-06T22:58:06Z,4083,False,shumi-chess,aduerig/shumi-chess,git@github.com:aduerig/shumi-chess.git,3
MDEwOlJlcG9zaXRvcnkzMjI2NDQwMjI=,2020-12-18T16:14:47Z,2026-04-16T08:52:35Z,2026-04-30T14:55:33Z,1333,True,kokkos-resilience,kokkos/kokkos-resilience,git@github.com:kokkos/kokkos-resilience.git,7
MDEwOlJlcG9zaXRvcnkzMjI2MzA2MzE=,2020-12-18T15:20:17Z,2026-03-29T15:20:22Z,2026-03-29T15:20:18Z,13,False,inotify-asio,fuzy112/inotify-asio,git@github.com:fuzy112/inotify-asio.git,5
MDEwOlJlcG9zaXRvcnkzMjI1ODEzMjc=,2020-12-18T11:53:36Z,2026-03-05T15:43:30Z,2026-04-14T09:47:28Z,970,True,ts_cRIOcpp,lsst-ts/ts_cRIOcpp,git@github.com:lsst-ts/ts_cRIOcpp.git,0
MDEwOlJlcG9zaXRvcnkzMjIzOTUzNTI=,2020-12-17T19:40:31Z,2026-04-06T18:48:46Z,2026-05-07T01:37:09Z,3570,False,node-libgpiod,sombriks/node-libgpiod,git@github.com:sombriks/node-libgpiod.git,42
MDEwOlJlcG9zaXRvcnkzMjIzNDA4OTk=,2020-12-17T15:47:50Z,2026-03-19T16:09:06Z,2026-05-04T07:42:48Z,4287,True,web-eid-app,web-eid/web-eid-app,git@github.com:web-eid/web-eid-app.git,31
MDEwOlJlcG9zaXRvcnkzMjIxNzI4Nzk=,2020-12-17T03:47:50Z,2026-03-15T03:49:38Z,2026-03-15T03:49:36Z,997,False,yai-hw,ranmadxs/yai-hw,git@github.com:ranmadxs/yai-hw.git,0
MDEwOlJlcG9zaXRvcnkzMjIxNTYwMjQ=,2020-12-17T02:21:47Z,2026-03-12T04:55:26Z,2026-03-12T04:55:19Z,19669,False,esphome-configs,kbx81/esphome-configs,git@github.com:kbx81/esphome-configs.git,30
MDEwOlJlcG9zaXRvcnkzMjIxMTQ1NTE=,2020-12-16T22:12:52Z,2026-04-07T05:47:39Z,2026-04-12T03:45:08Z,427,False,bmai,pappde/bmai,git@github.com:pappde/bmai.git,2
MDEwOlJlcG9zaXRvcnkzMjIwOTg3NTc=,2020-12-16T20:50:56Z,2026-04-28T19:56:00Z,2026-04-28T19:55:57Z,360,True,detdataformats,DUNE-DAQ/detdataformats,git@github.com:DUNE-DAQ/detdataformats.git,2
MDEwOlJlcG9zaXRvcnkzMjIwMjU4NzQ=,2020-12-16T15:36:56Z,2026-04-24T15:20:59Z,2026-04-24T16:05:05Z,298484,True,eOn,TheochemUI/eOn,git@github.com:TheochemUI/eOn.git,14
MDEwOlJlcG9zaXRvcnkzMjE5NzkwOTU=,2020-12-16T12:42:53Z,2026-03-13T11:14:38Z,2026-03-11T22:49:31Z,254108,False,Syndra,ErfanMo77/Syndra,git@github.com:ErfanMo77/Syndra.git,62
MDEwOlJlcG9zaXRvcnkzMjE5MDQxMjY=,2020-12-16T07:32:18Z,2026-05-05T12:00:48Z,2026-05-05T12:00:41Z,12,False,ofxImGuizmo,nariakiiwatani/ofxImGuizmo,git@github.com:nariakiiwatani/ofxImGuizmo.git,10
MDEwOlJlcG9zaXRvcnkzMjE4NTM5ODY=,2020-12-16T03:12:23Z,2026-05-07T10:39:45Z,2026-03-26T06:42:48Z,87835,True,Tendis,Tencent/Tendis,git@github.com:Tencent/Tendis.git,3142
MDEwOlJlcG9zaXRvcnkzMjE4MjE5ODk=,2020-12-16T00:16:55Z,2026-03-31T03:02:11Z,2026-03-31T03:01:57Z,565866,False,replication,fg123/replication,git@github.com:fg123/replication.git,2
MDEwOlJlcG9zaXRvcnkzMjE4MTE4ODA=,2020-12-15T23:12:04Z,2026-05-06T21:01:05Z,2026-04-21T22:53:00Z,19397,True,DCGM,NVIDIA/DCGM,git@github.com:NVIDIA/DCGM.git,718
MDEwOlJlcG9zaXRvcnkzMjE3NjQ3ODA=,2020-12-15T19:10:59Z,2026-05-06T04:57:22Z,2026-05-06T04:57:19Z,5762,False,AGV,GustavoBorges13/AGV,git@github.com:GustavoBorges13/AGV.git,1
MDEwOlJlcG9zaXRvcnkzMjE3NTM1OTM=,2020-12-15T18:24:53Z,2026-05-04T21:13:03Z,2026-05-04T21:13:00Z,2833,False,arcdps-killproof.me-plugin,knoxfighter/arcdps-killproof.me-plugin,git@github.com:knoxfighter/arcdps-killproof.me-plugin.git,57
MDEwOlJlcG9zaXRvcnkzMjE3MjU4ODY=,2020-12-15T16:32:24Z,2026-04-29T10:33:20Z,2026-04-29T10:33:20Z,3747,True,lib_nn,xmos/lib_nn,git@github.com:xmos/lib_nn.git,5
MDEwOlJlcG9zaXRvcnkzMjE3MDQwNDY=,2020-12-15T15:09:59Z,2026-05-07T11:01:53Z,2026-03-02T18:31:11Z,167,True,Jackalope,googleprojectzero/Jackalope,git@github.com:googleprojectzero/Jackalope.git,1339
MDEwOlJlcG9zaXRvcnkzMjE3MDA5MDM=,2020-12-15T14:58:41Z,2026-04-29T08:01:36Z,2026-04-29T08:01:55Z,30,False,PID_RT,RobTillaart/PID_RT,git@github.com:RobTillaart/PID_RT.git,15
MDEwOlJlcG9zaXRvcnkzMjE2NzcyNTc=,2020-12-15T13:32:25Z,2026-04-04T13:00:39Z,2026-04-24T02:02:35Z,96948,False,LibRPA,Srlive1201/LibRPA,git@github.com:Srlive1201/LibRPA.git,16
MDEwOlJlcG9zaXRvcnkzMjE1MDM0NDY=,2020-12-14T23:54:49Z,2026-05-07T11:33:19Z,2026-05-07T11:33:13Z,3425,True,oculus_reader,rail-berkeley/oculus_reader,git@github.com:rail-berkeley/oculus_reader.git,158
MDEwOlJlcG9zaXRvcnkzMjE0MzA3NzM=,2020-12-14T17:59:48Z,2026-05-06T19:48:39Z,2026-05-06T19:48:34Z,148,True,larsimdnn,LArSoft/larsimdnn,git@github.com:LArSoft/larsimdnn.git,0
MDEwOlJlcG9zaXRvcnkzMjEzOTAyNDM=,2020-12-14T15:26:48Z,2026-04-10T14:33:57Z,2026-04-10T14:33:54Z,32251,True,WayWise,das-rise/WayWise,git@github.com:das-rise/WayWise.git,14
MDEwOlJlcG9zaXRvcnkzMjEzMjU5NTY=,2020-12-14T11:24:22Z,2026-04-22T17:48:01Z,2026-03-09T18:49:57Z,1433,False,RED4ext,wopss/RED4ext,git@github.com:wopss/RED4ext.git,418
MDEwOlJlcG9zaXRvcnkzMjEyMzQ1NjU=,2020-12-14T04:37:49Z,2026-05-05T12:28:41Z,2026-05-05T12:28:37Z,69,False,algorithms,JackyYin/algorithms,git@github.com:JackyYin/algorithms.git,0
MDEwOlJlcG9zaXRvcnkzMjExODU1MjQ=,2020-12-13T23:53:25Z,2026-04-08T00:49:21Z,2026-04-08T00:49:18Z,238,False,scarecrow_base,NovaSurfer/scarecrow_base,git@github.com:NovaSurfer/scarecrow_base.git,0
MDEwOlJlcG9zaXRvcnkzMjExNTcxOTE=,2020-12-13T20:48:39Z,2026-04-23T07:21:49Z,2026-04-23T07:24:23Z,2564,True,extension-poki-sdk,defold/extension-poki-sdk,git@github.com:defold/extension-poki-sdk.git,36
MDEwOlJlcG9zaXRvcnkzMjExNTI3NjU=,2020-12-13T20:22:23Z,2026-03-29T12:14:45Z,2026-03-29T12:14:41Z,84,False,Chip8-sfml,fatihgulakar/Chip8-sfml,git@github.com:fatihgulakar/Chip8-sfml.git,1
MDEwOlJlcG9zaXRvcnkzMjEwMjQ0ODQ=,2020-12-13T09:07:08Z,2026-04-06T19:18:03Z,2026-04-06T19:51:37Z,1175,False,arctic,jkeger/arctic,git@github.com:jkeger/arctic.git,7
MDEwOlJlcG9zaXRvcnkzMjA5MjE0NTM=,2020-12-12T20:50:17Z,2026-05-06T06:08:50Z,2026-04-22T22:04:40Z,100737,False,CyberEngineTweaks,maximegmd/CyberEngineTweaks,git@github.com:maximegmd/CyberEngineTweaks.git,4779
MDEwOlJlcG9zaXRvcnkzMjA4NTExMDg=,2020-12-12T14:37:33Z,2026-03-30T19:51:28Z,2026-03-30T19:51:24Z,137,False,WFW_MQTT_IRreceive_4,physiker-wfw/WFW_MQTT_IRreceive_4,git@github.com:physiker-wfw/WFW_MQTT_IRreceive_4.git,0
MDEwOlJlcG9zaXRvcnkzMjA4NDk5MDU=,2020-12-12T14:31:28Z,2026-05-03T22:04:36Z,2026-05-03T22:04:31Z,2543,False,RedBar,ComputerElite/RedBar,git@github.com:ComputerElite/RedBar.git,13
MDEwOlJlcG9zaXRvcnkzMjA4MTIyMzk=,2020-12-12T11:15:57Z,2026-04-21T06:59:28Z,2026-04-21T06:59:23Z,40144,True,Meteo_Mini,LaskaKit/Meteo_Mini,git@github.com:LaskaKit/Meteo_Mini.git,20
MDEwOlJlcG9zaXRvcnkzMjA3Mjg4OTc=,2020-12-12T02:15:00Z,2026-05-06T08:52:27Z,2026-03-19T15:52:42Z,68,True,RestrictEvents,acidanthera/RestrictEvents,git@github.com:acidanthera/RestrictEvents.git,324
MDEwOlJlcG9zaXRvcnkzMjA3MjE2MDQ=,2020-12-12T01:18:43Z,2026-05-05T15:05:13Z,2026-05-05T15:04:37Z,353822,False,m2c,kevinwgy/m2c,git@github.com:kevinwgy/m2c.git,19
MDEwOlJlcG9zaXRvcnkzMjA2NDQ1NzI=,2020-12-11T17:49:06Z,2026-04-27T17:12:02Z,2026-04-27T17:11:55Z,392199,True,flecsi,flecsi/flecsi,git@github.com:flecsi/flecsi.git,26
MDEwOlJlcG9zaXRvcnkzMjA1NTg1MjM=,2020-12-11T11:45:25Z,2026-03-09T09:57:37Z,2026-03-11T21:17:07Z,687,True,msp-firmware,A-A-Milano-Smart-Park/msp-firmware,git@github.com:A-A-Milano-Smart-Park/msp-firmware.git,1
MDEwOlJlcG9zaXRvcnkzMjA1MzI0ODc=,2020-12-11T09:52:28Z,2026-05-06T11:18:12Z,2026-05-06T11:19:50Z,599608,True,SREngine,SpaRcle-Studio/SREngine,git@github.com:SpaRcle-Studio/SREngine.git,101
MDEwOlJlcG9zaXRvcnkzMjA1MjE4MjA=,2020-12-11T09:07:44Z,2026-05-06T12:15:42Z,2026-05-06T12:15:38Z,155,True,libpax,dbinfrago/libpax,git@github.com:dbinfrago/libpax.git,33
MDEwOlJlcG9zaXRvcnkzMjA1MTM3NTA=,2020-12-11T08:32:33Z,2026-04-16T19:59:03Z,2026-04-16T19:59:00Z,73132,False,teiniker-lectures-arduino,teiniker/teiniker-lectures-arduino,git@github.com:teiniker/teiniker-lectures-arduino.git,19
MDEwOlJlcG9zaXRvcnkzMjA1MDM0MDY=,2020-12-11T07:45:50Z,2026-04-19T08:51:17Z,2026-04-19T08:51:12Z,6100,False,Arduino-Emulator,pschatzmann/Arduino-Emulator,git@github.com:pschatzmann/Arduino-Emulator.git,60
MDEwOlJlcG9zaXRvcnkzMjAzNTkyMDM=,2020-12-10T18:39:13Z,2026-04-20T07:09:40Z,2026-04-20T07:09:31Z,35760,True,nd013-c5-planning-starter,udacity/nd013-c5-planning-starter,git@github.com:udacity/nd013-c5-planning-starter.git,7
MDEwOlJlcG9zaXRvcnkzMjAzNTgzMzY=,2020-12-10T18:35:07Z,2026-05-03T00:32:33Z,2026-05-03T00:32:30Z,252256,True,zxing-cpp,sailfishos-mirror/zxing-cpp,git@github.com:sailfishos-mirror/zxing-cpp.git,2
MDEwOlJlcG9zaXRvcnkzMjAzNDY0MDM=,2020-12-10T17:43:13Z,2026-04-28T01:30:35Z,2026-05-01T20:15:26Z,2809,True,dfmodules,DUNE-DAQ/dfmodules,git@github.com:DUNE-DAQ/dfmodules.git,3
MDEwOlJlcG9zaXRvcnkzMjAyODY2ODY=,2020-12-10T13:50:38Z,2026-04-21T15:43:54Z,2026-04-21T15:43:52Z,1036,True,dfmessages,DUNE-DAQ/dfmessages,git@github.com:DUNE-DAQ/dfmessages.git,0
MDEwOlJlcG9zaXRvcnkzMjAyNzczNzI=,2020-12-10T13:14:40Z,2026-04-30T10:10:40Z,2026-04-30T10:15:51Z,18167,True,oasis,IHCantabria/oasis,git@github.com:IHCantabria/oasis.git,0
MDEwOlJlcG9zaXRvcnkzMjAxOTk2MDM=,2020-12-10T07:54:44Z,2026-04-28T08:46:59Z,2026-05-06T07:51:37Z,36574,True,unreal-sdk,lootlocker/unreal-sdk,git@github.com:lootlocker/unreal-sdk.git,11
MDEwOlJlcG9zaXRvcnkzMjAxMzU4ODY=,2020-12-10T02:24:51Z,2026-04-24T18:39:48Z,2026-04-24T18:39:37Z,1166,False,Dot-Engine,SylvaGX/Dot-Engine,git@github.com:SylvaGX/Dot-Engine.git,0
MDEwOlJlcG9zaXRvcnkzMjAxMDQzMDg=,2020-12-09T23:21:34Z,2026-05-03T18:04:15Z,2026-03-11T12:28:56Z,282847,True,KeyAuth-CPP-Example,KeyAuth/KeyAuth-CPP-Example,git@github.com:KeyAuth/KeyAuth-CPP-Example.git,142
MDEwOlJlcG9zaXRvcnkzMjAwNjc3Nzk=,2020-12-09T20:10:39Z,2026-05-06T12:53:21Z,2026-05-06T12:53:15Z,356077,True,GlistEngine,GlistEngine/GlistEngine,git@github.com:GlistEngine/GlistEngine.git,365
MDEwOlJlcG9zaXRvcnkzMjAwNTk4MzU=,2020-12-09T19:33:50Z,2026-04-15T02:00:18Z,2026-05-01T05:21:37Z,115,False,HyperSerialEsp8266,awawa-dev/HyperSerialEsp8266,git@github.com:awawa-dev/HyperSerialEsp8266.git,44
MDEwOlJlcG9zaXRvcnkzMjAwNDkzMDc=,2020-12-09T18:47:57Z,2026-04-09T01:39:08Z,2026-05-04T13:44:07Z,10620,True,OpenAstroTracker-Firmware,OpenAstroTech/OpenAstroTracker-Firmware,git@github.com:OpenAstroTech/OpenAstroTracker-Firmware.git,110
MDEwOlJlcG9zaXRvcnkzMTk5OTE0NDE=,2020-12-09T15:02:33Z,2026-05-07T10:30:25Z,2026-05-06T11:09:30Z,87367,True,FlaxEngine,FlaxEngine/FlaxEngine,git@github.com:FlaxEngine/FlaxEngine.git,6720
MDEwOlJlcG9zaXRvcnkzMTk4Njc4NjY=,2020-12-09T06:47:53Z,2026-05-07T00:59:52Z,2026-05-07T00:59:48Z,2561,False,job-scheduler,AdrianTM/job-scheduler,git@github.com:AdrianTM/job-scheduler.git,2
MDEwOlJlcG9zaXRvcnkzMTk3ODE1NTY=,2020-12-08T22:55:55Z,2026-05-05T22:18:29Z,2026-05-07T05:11:04Z,73939,True,vcpkg-tool,microsoft/vcpkg-tool,git@github.com:microsoft/vcpkg-tool.git,579
MDEwOlJlcG9zaXRvcnkzMTk3NDg3OTE=,2020-12-08T20:07:57Z,2026-05-02T07:45:53Z,2026-03-02T17:49:43Z,1367,False,disco-cart,DiscoStarslayer/disco-cart,git@github.com:DiscoStarslayer/disco-cart.git,30
MDEwOlJlcG9zaXRvcnkzMTk2MDkwNTk=,2020-12-08T10:50:54Z,2026-04-30T09:59:24Z,2026-05-05T15:59:56Z,269522,True,sdk-connectedhomeip,nrfconnect/sdk-connectedhomeip,git@github.com:nrfconnect/sdk-connectedhomeip.git,55
MDEwOlJlcG9zaXRvcnkzMTk0ODExODI=,2020-12-08T00:32:44Z,2026-04-24T19:19:34Z,2026-04-28T21:06:41Z,859,True,gz-utils,gazebosim/gz-utils,git@github.com:gazebosim/gz-utils.git,9
MDEwOlJlcG9zaXRvcnkzMTkzNzQ2Njc=,2020-12-07T16:14:39Z,2026-03-06T07:07:21Z,2026-03-06T07:07:16Z,101279,True,lagrange-test-data,adobe/lagrange-test-data,git@github.com:adobe/lagrange-test-data.git,6
MDEwOlJlcG9zaXRvcnkzMTkzNzQ1NDI=,2020-12-07T16:14:06Z,2026-04-29T13:13:23Z,2026-05-07T02:10:51Z,4073,True,lagrange,adobe/lagrange,git@github.com:adobe/lagrange.git,291
MDEwOlJlcG9zaXRvcnkzMTkzNDc4OTA=,2020-12-07T14:38:05Z,2026-04-10T22:25:20Z,2026-04-10T22:25:15Z,432,False,XDisasmView,horsicq/XDisasmView,git@github.com:horsicq/XDisasmView.git,6
MDEwOlJlcG9zaXRvcnkzMTkyMDk3NDQ=,2020-12-07T05:05:43Z,2026-05-01T00:05:19Z,2026-04-12T22:05:09Z,28656,False,OMX-27,okyeron/OMX-27,git@github.com:okyeron/OMX-27.git,210
MDEwOlJlcG9zaXRvcnkzMTkyMDYyMDg=,2020-12-07T04:44:04Z,2026-04-28T12:40:13Z,2026-04-05T22:10:24Z,525,False,Terathon-Math-Library,EricLengyel/Terathon-Math-Library,git@github.com:EricLengyel/Terathon-Math-Library.git,1018
MDEwOlJlcG9zaXRvcnkzMTkxMTE2MDQ=,2020-12-06T19:15:47Z,2026-05-01T15:52:38Z,2026-05-01T15:52:34Z,7673,False,linuxviewer,CarloWood/linuxviewer,git@github.com:CarloWood/linuxviewer.git,97
MDEwOlJlcG9zaXRvcnkzMTkwODIyNTE=,2020-12-06T16:46:48Z,2026-05-02T16:11:58Z,2026-05-02T16:11:56Z,714,True,UVKBuildTool,MadLadSquad/UVKBuildTool,git@github.com:MadLadSquad/UVKBuildTool.git,2
MDEwOlJlcG9zaXRvcnkzMTkwNTU5Nzc=,2020-12-06T14:44:02Z,2026-03-24T15:54:54Z,2026-03-24T15:54:50Z,66,True,archicad-maze-generator,GRAPHISOFT/archicad-maze-generator,git@github.com:GRAPHISOFT/archicad-maze-generator.git,16
MDEwOlJlcG9zaXRvcnkzMTg5Njk1OTA=,2020-12-06T06:42:58Z,2026-05-04T09:27:28Z,2026-05-03T02:50:32Z,318,True,drkonqi-pk-debug-installer,KDE/drkonqi-pk-debug-installer,git@github.com:KDE/drkonqi-pk-debug-installer.git,5
MDEwOlJlcG9zaXRvcnkzMTg5MzczODE=,2020-12-06T02:53:16Z,2026-03-12T00:00:39Z,2026-03-12T00:00:34Z,31,True,snowbot_operating_system,PickNikRobotics/snowbot_operating_system,git@github.com:PickNikRobotics/snowbot_operating_system.git,19
MDEwOlJlcG9zaXRvcnkzMTg4Njc3MDY=,2020-12-05T19:05:47Z,2026-05-06T11:54:25Z,2026-03-14T05:34:51Z,128,False,printfTester,Tripouille/printfTester,git@github.com:Tripouille/printfTester.git,173
MDEwOlJlcG9zaXRvcnkzMTg2MzUzOTA=,2020-12-04T21:07:41Z,2026-04-27T02:31:35Z,2026-03-23T19:19:30Z,186481,True,MagnumIO,NVIDIA/MagnumIO,git@github.com:NVIDIA/MagnumIO.git,115
MDEwOlJlcG9zaXRvcnkzMTg1NjMyMDM=,2020-12-04T15:51:43Z,2026-04-30T16:27:46Z,2026-04-25T22:14:34Z,5702,True,qtrvsim,cvut/qtrvsim,git@github.com:cvut/qtrvsim.git,617
MDEwOlJlcG9zaXRvcnkzMTg0NzQ0MDQ=,2020-12-04T09:59:52Z,2026-05-05T22:29:53Z,2026-05-05T22:29:49Z,357,True,VPV-Peripherals,VP-Vibes/VPV-Peripherals,git@github.com:VP-Vibes/VPV-Peripherals.git,15
MDEwOlJlcG9zaXRvcnkzMTgzMDU5OTY=,2020-12-03T20:03:27Z,2026-05-03T22:32:02Z,2026-05-03T22:31:56Z,19709,True,data_IO,preraulab/data_IO,git@github.com:preraulab/data_IO.git,0
MDEwOlJlcG9zaXRvcnkzMTc5MzEwMTQ=,2020-12-02T16:58:18Z,2026-05-03T12:02:19Z,2026-05-03T12:13:02Z,28406,False,SurrealEngine,dpjudas/SurrealEngine,git@github.com:dpjudas/SurrealEngine.git,1042
MDEwOlJlcG9zaXRvcnkzMTc3MTA1NTQ=,2020-12-02T01:04:23Z,2026-04-24T23:19:28Z,2026-04-24T23:21:26Z,27370,True,mariana-trench,facebook/mariana-trench,org-69631@github.com:facebook/mariana-trench.git,1232
MDEwOlJlcG9zaXRvcnkzMTc2OTc4Njk=,2020-12-01T23:46:00Z,2026-04-23T15:29:37Z,2026-03-13T18:45:53Z,1733,True,CustomOperatorSamples,TouchDesigner/CustomOperatorSamples,git@github.com:TouchDesigner/CustomOperatorSamples.git,117
MDEwOlJlcG9zaXRvcnkzMTc2NzU2NTM=,2020-12-01T21:44:25Z,2026-04-16T11:44:50Z,2026-03-16T14:56:21Z,4829,True,xeus-sql,jupyter-xeus/xeus-sql,git@github.com:jupyter-xeus/xeus-sql.git,177
MDEwOlJlcG9zaXRvcnkzMTc2NjQxODU=,2020-12-01T20:49:29Z,2026-04-03T01:58:55Z,2026-04-03T01:58:51Z,1337,True,CustomJSONData,bsq-ports/CustomJSONData,git@github.com:bsq-ports/CustomJSONData.git,14
MDEwOlJlcG9zaXRvcnkzMTc2MzMzOTE=,2020-12-01T18:34:23Z,2026-04-21T18:21:36Z,2026-04-21T18:22:28Z,7005,True,maliput_malidrive,maliput/maliput_malidrive,git@github.com:maliput/maliput_malidrive.git,3
MDEwOlJlcG9zaXRvcnkzMTc1OTQzMjM=,2020-12-01T16:03:31Z,2026-04-30T17:18:19Z,2026-04-30T17:18:12Z,272,False,XHexView,horsicq/XHexView,git@github.com:horsicq/XHexView.git,4
MDEwOlJlcG9zaXRvcnkzMTc1NTYwNjY=,2020-12-01T13:50:13Z,2026-04-23T21:58:49Z,2026-04-23T21:58:46Z,10731,True,timing,DUNE-DAQ/timing,git@github.com:DUNE-DAQ/timing.git,0
MDEwOlJlcG9zaXRvcnkzMTc1NDgxNjI=,2020-12-01T13:22:03Z,2026-03-24T22:59:04Z,2026-03-24T22:58:59Z,31699,False,AssemblerSimulator,GouravSingal-code/AssemblerSimulator,git@github.com:GouravSingal-code/AssemblerSimulator.git,0
MDEwOlJlcG9zaXRvcnkzMTcyNjM5MTc=,2020-11-30T15:21:29Z,2026-04-29T07:37:14Z,2026-04-29T07:37:10Z,14669,False,PCAone,Zilong-Li/PCAone,git@github.com:Zilong-Li/PCAone.git,52
MDEwOlJlcG9zaXRvcnkzMTcyNTU0Mzg=,2020-11-30T14:51:50Z,2026-05-07T08:04:52Z,2026-05-07T08:04:48Z,1016644,True,nx_open,networkoptix/nx_open,git@github.com:networkoptix/nx_open.git,77
MDEwOlJlcG9zaXRvcnkzMTcyMjU0MTk=,2020-11-30T13:02:15Z,2026-05-03T17:29:13Z,2026-04-21T12:53:25Z,6318,True,android_device_xiaomi_surya,crdroidandroid/android_device_xiaomi_surya,git@github.com:crdroidandroid/android_device_xiaomi_surya.git,40
MDEwOlJlcG9zaXRvcnkzMTcxODA5Nzg=,2020-11-30T10:00:10Z,2026-03-06T01:20:22Z,2026-03-06T01:20:18Z,24973,False,matrixdist_1.0,martinbladt/matrixdist_1.0,git@github.com:martinbladt/matrixdist_1.0.git,1
MDEwOlJlcG9zaXRvcnkzMTcxMjAyMzE=,2020-11-30T05:29:36Z,2026-05-04T14:59:56Z,2026-03-14T05:35:29Z,63,False,gnlTester,Tripouille/gnlTester,git@github.com:Tripouille/gnlTester.git,175
MDEwOlJlcG9zaXRvcnkzMTcwMDM0NDg=,2020-11-29T17:18:33Z,2026-03-17T01:00:13Z,2026-03-27T11:07:50Z,170850,True,swedish-olympiad-2021,Kodsport/swedish-olympiad-2021,git@github.com:Kodsport/swedish-olympiad-2021.git,0
MDEwOlJlcG9zaXRvcnkzMTY5MTI1MDk=,2020-11-29T09:02:43Z,2026-05-07T11:20:51Z,2026-04-16T08:00:59Z,20190,False,ggwave,ggerganov/ggwave,git@github.com:ggerganov/ggwave.git,7635
MDEwOlJlcG9zaXRvcnkzMTY4NTE4NDE=,2020-11-29T01:08:34Z,2026-05-06T11:28:41Z,2026-04-26T18:36:17Z,9994,True,SZ3,szcompressor/SZ3,git@github.com:szcompressor/SZ3.git,117
MDEwOlJlcG9zaXRvcnkzMTY4MzA0NTE=,2020-11-28T22:08:21Z,2026-04-10T02:52:36Z,2026-04-10T02:52:31Z,7768,False,patchage,drobilla/patchage,git@github.com:drobilla/patchage.git,20
MDEwOlJlcG9zaXRvcnkzMTY4MDUzMzA=,2020-11-28T19:17:35Z,2026-05-02T03:08:48Z,2026-04-02T19:26:03Z,3507,False,qt-jpegxl-image-plugin,novomesk/qt-jpegxl-image-plugin,git@github.com:novomesk/qt-jpegxl-image-plugin.git,108
MDEwOlJlcG9zaXRvcnkzMTY3MzcwMDc=,2020-11-28T13:12:28Z,2026-05-07T08:46:20Z,2026-05-07T08:46:15Z,2190,True,vtextedit,vnotex/vtextedit,git@github.com:vnotex/vtextedit.git,42
MDEwOlJlcG9zaXRvcnkzMTY2MDc5ODI=,2020-11-27T22:00:11Z,2026-05-05T13:05:57Z,2026-04-28T07:21:02Z,681,False,libftTester,Tripouille/libftTester,git@github.com:Tripouille/libftTester.git,418
MDEwOlJlcG9zaXRvcnkzMTY1MzcxOTc=,2020-11-27T15:28:31Z,2026-05-03T07:49:57Z,2026-05-03T07:49:49Z,8102,False,quickviz,rxdu/quickviz,git@github.com:rxdu/quickviz.git,4
MDEwOlJlcG9zaXRvcnkzMTY0OTI2NDY=,2020-11-27T12:14:19Z,2026-05-02T00:36:42Z,2026-05-02T00:36:40Z,20112,True,kcalendarcore,sailfishos-mirror/kcalendarcore,git@github.com:sailfishos-mirror/kcalendarcore.git,0
MDEwOlJlcG9zaXRvcnkzMTY0ODc3MzQ=,2020-11-27T11:50:52Z,2026-04-23T09:22:54Z,2026-04-23T09:22:50Z,160,False,Threads,gusc/Threads,git@github.com:gusc/Threads.git,7
MDEwOlJlcG9zaXRvcnkzMTY0Njk5NzY=,2020-11-27T10:27:17Z,2026-05-02T11:14:46Z,2026-03-24T21:26:59Z,96650,False,nanoels,kachurovskiy/nanoels,git@github.com:kachurovskiy/nanoels.git,351
MDEwOlJlcG9zaXRvcnkzMTYzMzgyNTQ=,2020-11-26T21:16:04Z,2026-04-19T10:55:36Z,2026-04-17T23:57:42Z,140,True,nanothread,mitsuba-renderer/nanothread,git@github.com:mitsuba-renderer/nanothread.git,91
MDEwOlJlcG9zaXRvcnkzMTYyNDgwOTA=,2020-11-26T14:03:07Z,2026-04-23T09:06:15Z,2026-04-23T09:06:04Z,1544,True,FCCDetectors,HEP-FCC/FCCDetectors,git@github.com:HEP-FCC/FCCDetectors.git,4
MDEwOlJlcG9zaXRvcnkzMTYyNDE5NjU=,2020-11-26T13:38:47Z,2026-05-05T14:03:17Z,2026-05-05T14:00:16Z,281,True,nettracer-bpf,dynatrace-oss/nettracer-bpf,git@github.com:dynatrace-oss/nettracer-bpf.git,31
MDEwOlJlcG9zaXRvcnkzMTYyMzQ4MzU=,2020-11-26T13:10:36Z,2026-05-04T09:51:03Z,2026-05-04T09:51:26Z,27029,True,samurai,hpc-maths/samurai,git@github.com:hpc-maths/samurai.git,55
MDEwOlJlcG9zaXRvcnkzMTYwNjY5NDc=,2020-11-25T22:26:43Z,2026-05-06T21:25:41Z,2026-05-06T21:25:36Z,66211,True,traintastic,traintastic/traintastic,git@github.com:traintastic/traintastic.git,84
MDEwOlJlcG9zaXRvcnkzMTU5NjMzOTQ=,2020-11-25T14:27:23Z,2026-04-23T11:47:40Z,2026-04-23T11:48:31Z,80069,True,detray,acts-project/detray,git@github.com:acts-project/detray.git,12
MDEwOlJlcG9zaXRvcnkzMTU5MzM3MDY=,2020-11-25T12:32:44Z,2026-05-04T08:33:48Z,2026-05-04T08:52:28Z,1041,True,shvspy,silicon-heaven/shvspy,git@github.com:silicon-heaven/shvspy.git,2
MDEwOlJlcG9zaXRvcnkzMTU4NzY4NjA=,2020-11-25T08:35:57Z,2026-04-13T23:45:11Z,2026-04-13T23:45:13Z,86,True,107-Arduino-Debug,107-systems/107-Arduino-Debug,git@github.com:107-systems/107-Arduino-Debug.git,5
MDEwOlJlcG9zaXRvcnkzMTU1NjI3OTM=,2020-11-24T08:14:43Z,2026-05-06T03:11:39Z,2026-05-06T03:11:34Z,361497,True,plugins,flutter-tizen/plugins,git@github.com:flutter-tizen/plugins.git,78
MDEwOlJlcG9zaXRvcnkzMTU0ODkwMTA=,2020-11-24T01:48:47Z,2026-05-06T14:57:15Z,2026-05-06T20:17:21Z,139,True,log_view,hatchbed/log_view,git@github.com:hatchbed/log_view.git,76
MDEwOlJlcG9zaXRvcnkzMTU0NTM5NzM=,2020-11-23T22:16:06Z,2026-04-23T21:59:13Z,2026-04-23T21:59:08Z,1375,True,timinglibs,DUNE-DAQ/timinglibs,git@github.com:DUNE-DAQ/timinglibs.git,0
MDEwOlJlcG9zaXRvcnkzMTU0MjA2NTU=,2020-11-23T19:34:12Z,2026-03-31T20:44:43Z,2026-05-07T07:09:28Z,5792,True,lsp-plugin-fw,lsp-plugins/lsp-plugin-fw,git@github.com:lsp-plugins/lsp-plugin-fw.git,1
MDEwOlJlcG9zaXRvcnkzMTUzNjc4ODM=,2020-11-23T16:03:30Z,2026-05-07T10:41:13Z,2026-03-23T20:30:25Z,900,False,gameport-adapter,necroware/gameport-adapter,git@github.com:necroware/gameport-adapter.git,373
MDEwOlJlcG9zaXRvcnkzMTUzMjQxMjQ=,2020-11-23T13:28:38Z,2026-04-22T13:37:40Z,2026-05-01T01:56:43Z,21991,False,grazer,eike-fokken/grazer,git@github.com:eike-fokken/grazer.git,6
MDEwOlJlcG9zaXRvcnkzMTUyMzA5NDg=,2020-11-23T07:16:48Z,2026-05-04T10:53:03Z,2026-05-04T10:53:20Z,29297,False,C5P,mkraposhin/C5P,git@github.com:mkraposhin/C5P.git,0
MDEwOlJlcG9zaXRvcnkzMTUxNjA0MTM=,2020-11-23T00:22:42Z,2026-04-12T06:03:23Z,2026-05-02T09:18:41Z,455980,False,Super-Mario-Eclipse,JoshuaMKW/Super-Mario-Eclipse,git@github.com:JoshuaMKW/Super-Mario-Eclipse.git,35
MDEwOlJlcG9zaXRvcnkzMTUxNTYwNTI=,2020-11-22T23:49:30Z,2026-04-28T15:34:20Z,2026-04-14T19:55:33Z,366818,True,HeadTracker,headtracker/HeadTracker,git@github.com:headtracker/HeadTracker.git,453
MDEwOlJlcG9zaXRvcnkzMTUwODcwMjM=,2020-11-22T16:55:32Z,2026-05-01T11:17:32Z,2026-05-01T11:17:28Z,575,True,GL,Scaly-Sphere-Studio/GL,git@github.com:Scaly-Sphere-Studio/GL.git,0
MDEwOlJlcG9zaXRvcnkzMTUwNjY3MDY=,2020-11-22T15:17:28Z,2026-05-03T20:05:19Z,2026-05-03T20:05:14Z,10977,False,anklang,tim-janik/anklang,git@github.com:tim-janik/anklang.git,78
MDEwOlJlcG9zaXRvcnkzMTUwMzUzNzE=,2020-11-22T12:44:43Z,2026-05-07T11:08:35Z,2026-05-06T15:37:16Z,396172,True,amnezia-client,amnezia-vpn/amnezia-client,git@github.com:amnezia-vpn/amnezia-client.git,11753
MDEwOlJlcG9zaXRvcnkzMTUwMjQ3ODc=,2020-11-22T11:48:37Z,2026-03-22T19:51:55Z,2026-03-22T19:51:50Z,9814,False,poe-bundle,ex-nihil/poe-bundle,git@github.com:ex-nihil/poe-bundle.git,0
MDEwOlJlcG9zaXRvcnkzMTQ5Nzc1NjQ=,2020-11-22T06:50:49Z,2026-04-15T08:25:47Z,2026-04-15T08:25:42Z,9685,True,anbox-platform-sdk,canonical/anbox-platform-sdk,git@github.com:canonical/anbox-platform-sdk.git,6
MDEwOlJlcG9zaXRvcnkzMTQ5MTczNTI=,2020-11-21T22:46:47Z,2026-04-16T22:25:06Z,2026-05-06T22:55:18Z,564024,False,attractplus,oomek/attractplus,git@github.com:oomek/attractplus.git,90
MDEwOlJlcG9zaXRvcnkzMTQ4NjgxNjM=,2020-11-21T17:39:41Z,2026-05-04T09:27:27Z,2026-05-02T12:50:34Z,19176,False,dwarfs,mhx/dwarfs,git@github.com:mhx/dwarfs.git,2550
MDEwOlJlcG9zaXRvcnkzMTQ4MDcxMDU=,2020-11-21T12:28:34Z,2026-05-01T09:01:37Z,2026-05-01T09:01:33Z,254,False,vkfw,Cvelth/vkfw,git@github.com:Cvelth/vkfw.git,75
MDEwOlJlcG9zaXRvcnkzMTQ3MjkxMjg=,2020-11-21T04:04:53Z,2026-04-21T16:19:23Z,2026-04-24T21:58:56Z,255600,True,urc-software,RoboJackets/urc-software,git@github.com:RoboJackets/urc-software.git,20
MDEwOlJlcG9zaXRvcnkzMTQ2NDQ5ODU=,2020-11-20T19:02:17Z,2026-05-04T23:30:45Z,2026-05-07T05:54:26Z,5154,False,AddMusicKFF,KungFuFurby/AddMusicKFF,git@github.com:KungFuFurby/AddMusicKFF.git,25
MDEwOlJlcG9zaXRvcnkzMTQ2MzQ4NDE=,2020-11-20T18:16:01Z,2026-05-06T12:46:23Z,2026-05-06T12:46:19Z,312362,True,LuisaCompute,LuisaGroup/LuisaCompute,git@github.com:LuisaGroup/LuisaCompute.git,1002
MDEwOlJlcG9zaXRvcnkzMTQ1OTcyODM=,2020-11-20T15:43:05Z,2026-05-05T01:47:34Z,2026-05-07T09:13:09Z,652,True,kopeninghours,KDE/kopeninghours,git@github.com:KDE/kopeninghours.git,4
MDEwOlJlcG9zaXRvcnkzMTQ1ODk0NjY=,2020-11-20T15:13:05Z,2026-05-05T12:31:42Z,2026-05-05T12:31:37Z,259556,True,rpicam-apps,raspberrypi/rpicam-apps,git@github.com:raspberrypi/rpicam-apps.git,558
MDEwOlJlcG9zaXRvcnkzMTQ1ODkxNDA=,2020-11-20T15:11:45Z,2026-03-17T21:16:26Z,2026-03-17T21:16:21Z,1616,False,newInsanitybot,JNestman/newInsanitybot,git@github.com:JNestman/newInsanitybot.git,1
MDEwOlJlcG9zaXRvcnkzMTQ1ODQ4NzY=,2020-11-20T14:55:37Z,2026-04-15T20:57:02Z,2026-04-15T20:56:58Z,1479,False,trans_trends_pkg,lucasnell/trans_trends_pkg,git@github.com:lucasnell/trans_trends_pkg.git,0
MDEwOlJlcG9zaXRvcnkzMTQ1NjAxOTI=,2020-11-20T13:20:33Z,2026-04-15T15:09:47Z,2026-04-15T15:09:43Z,10277,True,xlsxio-writer,Walcu-Engineering/xlsxio-writer,git@github.com:Walcu-Engineering/xlsxio-writer.git,0
MDEwOlJlcG9zaXRvcnkzMTQ1NTM0MjY=,2020-11-20T12:53:50Z,2026-05-07T07:14:20Z,2026-05-06T18:46:58Z,3977258,True,maplibre-native,maplibre/maplibre-native,git@github.com:maplibre/maplibre-native.git,1940
MDEwOlJlcG9zaXRvcnkzMTQ0MzQwNzA=,2020-11-20T03:15:48Z,2026-04-29T07:16:20Z,2026-04-18T07:02:46Z,9133,True,raycloudtools,csiro-robotics/raycloudtools,git@github.com:csiro-robotics/raycloudtools.git,108
MDEwOlJlcG9zaXRvcnkzMTQzMTM0NjI=,2020-11-19T16:57:59Z,2026-04-25T20:32:34Z,2026-03-23T14:07:08Z,60245,True,dll,robotics-upo/dll,git@github.com:robotics-upo/dll.git,228
MDEwOlJlcG9zaXRvcnkzMTQxMzA5NDU=,2020-11-19T03:56:54Z,2026-05-04T12:28:42Z,2026-04-11T10:18:24Z,268,False,YCSB-cpp,ls4154/YCSB-cpp,git@github.com:ls4154/YCSB-cpp.git,124
MDEwOlJlcG9zaXRvcnkzMTQwODk5NTM=,2020-11-19T00:08:02Z,2026-04-26T02:33:34Z,2026-04-12T16:22:44Z,27,False,setup-mingw,egor-tensin/setup-mingw,git@github.com:egor-tensin/setup-mingw.git,90
MDEwOlJlcG9zaXRvcnkzMTQwNjMyMjE=,2020-11-18T21:32:44Z,2026-04-15T17:06:27Z,2026-05-04T18:40:24Z,8883,True,lsp-dsp-units,lsp-plugins/lsp-dsp-units,git@github.com:lsp-plugins/lsp-dsp-units.git,33
MDEwOlJlcG9zaXRvcnkzMTM5Mzc0MTY=,2020-11-18T13:06:55Z,2026-04-27T10:09:34Z,2026-04-27T10:09:28Z,355574,True,sdk_conversation_kit_ios,zendesk/sdk_conversation_kit_ios,git@github.com:zendesk/sdk_conversation_kit_ios.git,5
MDEwOlJlcG9zaXRvcnkzMTM5Mjc2MTM=,2020-11-18T12:28:06Z,2026-04-27T10:05:50Z,2026-04-27T10:05:46Z,34878,True,sdk_http_client_ios,zendesk/sdk_http_client_ios,git@github.com:zendesk/sdk_http_client_ios.git,0
MDEwOlJlcG9zaXRvcnkzMTM4MjY4MDE=,2020-11-18T04:54:08Z,2026-05-06T19:54:27Z,2026-05-06T19:54:23Z,17057,False,SevenKewp,wootguy/SevenKewp,git@github.com:wootguy/SevenKewp.git,44
MDEwOlJlcG9zaXRvcnkzMTM3NTI3NDU=,2020-11-17T21:55:34Z,2026-04-24T12:48:13Z,2026-04-24T12:48:09Z,1496,True,k4SimGeant4,key4hep/k4SimGeant4,git@github.com:key4hep/k4SimGeant4.git,5
MDEwOlJlcG9zaXRvcnkzMTM3NTEwNDU=,2020-11-17T21:47:09Z,2026-04-28T12:33:20Z,2026-04-28T12:33:17Z,2323,True,k4RecCalorimeter,HEP-FCC/k4RecCalorimeter,git@github.com:HEP-FCC/k4RecCalorimeter.git,3
MDEwOlJlcG9zaXRvcnkzMTM3Mjg1MDc=,2020-11-17T19:58:48Z,2026-04-24T12:48:17Z,2026-04-24T12:48:13Z,1804,True,k4Gen,key4hep/k4Gen,git@github.com:key4hep/k4Gen.git,1
MDEwOlJlcG9zaXRvcnkzMTM3MjA0Njk=,2020-11-17T19:23:50Z,2026-05-02T18:32:42Z,2026-05-06T19:56:49Z,453327,False,Noteahead,juzzlin/Noteahead,git@github.com:juzzlin/Noteahead.git,54
MDEwOlJlcG9zaXRvcnkzMTM2ODQyMjQ=,2020-11-17T16:52:31Z,2026-05-03T21:45:41Z,2026-04-18T16:07:08Z,15405,True,kr_autonomous_flight,KumarRobotics/kr_autonomous_flight,git@github.com:KumarRobotics/kr_autonomous_flight.git,768
MDEwOlJlcG9zaXRvcnkzMTM2Nzc2MTk=,2020-11-17T16:27:14Z,2026-05-07T01:04:05Z,2026-05-07T01:04:01Z,431284,False,hl-mods,solidi/hl-mods,git@github.com:solidi/hl-mods.git,17
MDEwOlJlcG9zaXRvcnkzMTM1OTcyMzU=,2020-11-17T11:24:21Z,2026-05-05T18:14:09Z,2026-05-05T18:48:01Z,499670,True,remage,legend-exp/remage,git@github.com:legend-exp/remage.git,7
MDEwOlJlcG9zaXRvcnkzMTM0OTIwMDk=,2020-11-17T03:04:38Z,2026-05-01T20:08:41Z,2026-05-06T05:09:10Z,1454922,True,virocore,ReactVision/virocore,git@github.com:ReactVision/virocore.git,70
MDEwOlJlcG9zaXRvcnkzMTM0MjYyMjU=,2020-11-16T21:02:32Z,2026-05-04T08:03:50Z,2026-03-16T18:02:37Z,3553,True,rticonnextdds-gateway,rticommunity/rticonnextdds-gateway,git@github.com:rticommunity/rticonnextdds-gateway.git,19
MDEwOlJlcG9zaXRvcnkzMTM0MDgxNDE=,2020-11-16T19:38:09Z,2026-05-04T17:45:40Z,2026-04-20T14:40:24Z,131,False,ReBrewie,ronaldombre/ReBrewie,git@github.com:ronaldombre/ReBrewie.git,12
MDEwOlJlcG9zaXRvcnkzMTMzMjQ1OTY=,2020-11-16T14:16:43Z,2026-04-16T08:21:49Z,2026-04-16T08:21:45Z,491,True,arrowkdb,KxSystems/arrowkdb,git@github.com:KxSystems/arrowkdb.git,34
MDEwOlJlcG9zaXRvcnkzMTMyOTg1NTc=,2020-11-16T12:42:12Z,2026-05-04T15:14:33Z,2026-05-04T15:14:26Z,1408914,True,llvm-project,revng/llvm-project,git@github.com:revng/llvm-project.git,3
MDEwOlJlcG9zaXRvcnkzMTI4NjkwMjQ=,2020-11-14T17:42:11Z,2026-04-03T00:22:59Z,2026-04-03T00:22:55Z,1236,True,cuteeOWL,owl-project/cuteeOWL,git@github.com:owl-project/cuteeOWL.git,7
MDEwOlJlcG9zaXRvcnkzMTI4MTkxMDM=,2020-11-14T13:07:53Z,2026-03-12T09:08:49Z,2026-03-12T09:08:46Z,41110,True,mt-KaHIP,KaHIP/mt-KaHIP,git@github.com:KaHIP/mt-KaHIP.git,8
MDEwOlJlcG9zaXRvcnkzMTI3OTM5Nzg=,2020-11-14T10:29:00Z,2026-04-27T05:08:15Z,2026-05-03T15:07:55Z,355,True,RetroChess,RetroShare/RetroChess,git@github.com:RetroShare/RetroChess.git,6
MDEwOlJlcG9zaXRvcnkzMTI2NzkyMDA=,2020-11-13T20:43:29Z,2026-03-04T01:55:57Z,2026-03-02T23:07:31Z,7261,False,Cory,TheHugeManatee/Cory,git@github.com:TheHugeManatee/Cory.git,2
MDEwOlJlcG9zaXRvcnkzMTI0Nzk0MTk=,2020-11-13T05:12:21Z,2026-05-04T19:53:38Z,2026-05-04T19:53:32Z,8432,False,OoT3D_Randomizer,gamestabled/OoT3D_Randomizer,git@github.com:gamestabled/OoT3D_Randomizer.git,225
MDEwOlJlcG9zaXRvcnkzMTIzNTY3Nzc=,2020-11-12T18:02:55Z,2026-03-24T21:04:28Z,2026-05-04T23:55:25Z,7202,False,oineus,anigmetov/oineus,git@github.com:anigmetov/oineus.git,12
MDEwOlJlcG9zaXRvcnkzMTIyNTg5Nzg=,2020-11-12T11:39:57Z,2026-04-23T13:46:09Z,2026-04-29T15:34:02Z,223,True,plugin-telemetry,qt-creator/plugin-telemetry,git@github.com:qt-creator/plugin-telemetry.git,4
MDEwOlJlcG9zaXRvcnkzMTIyNDY2NTc=,2020-11-12T10:46:57Z,2026-04-30T10:13:29Z,2026-04-30T21:13:25Z,248004,True,qtquick3d-assimp,qt/qtquick3d-assimp,git@github.com:qt/qtquick3d-assimp.git,9
MDEwOlJlcG9zaXRvcnkzMTIyMTE0NDY=,2020-11-12T08:20:08Z,2026-04-27T13:48:17Z,2026-03-15T01:21:45Z,148449,False,SpaceMonkey,PHARTGAMES/SpaceMonkey,git@github.com:PHARTGAMES/SpaceMonkey.git,64
MDEwOlJlcG9zaXRvcnkzMTIwMTc0MjA=,2020-11-11T15:52:32Z,2026-05-06T11:18:58Z,2026-05-06T11:23:15Z,5649,True,robometry,robotology/robometry,git@github.com:robotology/robometry.git,19
MDEwOlJlcG9zaXRvcnkzMTE5MjY1MDc=,2020-11-11T09:45:56Z,2026-04-07T15:56:41Z,2026-04-07T15:56:37Z,1845,False,Covid-19-Assist-and-Alert-System-CAAS-19-,kavyaas110/Covid-19-Assist-and-Alert-System-CAAS-19-,git@github.com:kavyaas110/Covid-19-Assist-and-Alert-System-CAAS-19-.git,2
MDEwOlJlcG9zaXRvcnkzMTE3MTc3NTc=,2020-11-10T16:23:21Z,2026-04-20T16:06:38Z,2026-04-20T16:05:59Z,639359,False,Tank-Battle-Royale,Raffiesaurus/Tank-Battle-Royale,git@github.com:Raffiesaurus/Tank-Battle-Royale.git,2
MDEwOlJlcG9zaXRvcnkzMTE3MDc1NzY=,2020-11-10T15:49:25Z,2026-04-11T20:15:55Z,2026-04-11T20:32:10Z,15346,False,o-charts_pi,bdbcat/o-charts_pi,git@github.com:bdbcat/o-charts_pi.git,8
MDEwOlJlcG9zaXRvcnkzMTE2OTA0ODg=,2020-11-10T14:51:28Z,2026-03-01T11:27:07Z,2026-03-01T11:27:03Z,493,False,TinyFTPClient,pschatzmann/TinyFTPClient,git@github.com:pschatzmann/TinyFTPClient.git,15
MDEwOlJlcG9zaXRvcnkzMTE2ODMzOTA=,2020-11-10T14:27:00Z,2026-05-07T10:59:10Z,2026-05-01T01:06:37Z,52019,False,ImHex,WerWolv/ImHex,git@github.com:WerWolv/ImHex.git,53460
MDEwOlJlcG9zaXRvcnkzMTE1ODYxODk=,2020-11-10T08:00:36Z,2026-04-22T20:39:25Z,2026-05-03T21:31:03Z,1114,False,cfltk,MoAlyousef/cfltk,git@github.com:MoAlyousef/cfltk.git,109
MDEwOlJlcG9zaXRvcnkzMTE1NzgwNTI=,2020-11-10T07:23:42Z,2026-04-25T14:59:28Z,2026-04-12T03:18:51Z,584,False,Fluida.lv2,brummer10/Fluida.lv2,git@github.com:brummer10/Fluida.lv2.git,65
MDEwOlJlcG9zaXRvcnkzMTE1NzEwMTI=,2020-11-10T06:50:11Z,2026-04-03T11:55:17Z,2026-04-02T21:38:00Z,495,True,wb-mqtt-iec104,wirenboard/wb-mqtt-iec104,git@github.com:wirenboard/wb-mqtt-iec104.git,10
MDEwOlJlcG9zaXRvcnkzMTE0ODcwMDc=,2020-11-09T23:02:49Z,2026-04-10T17:45:32Z,2026-04-26T20:53:23Z,402177,False,dawn,jhanssen/dawn,git@github.com:jhanssen/dawn.git,0
MDEwOlJlcG9zaXRvcnkzMTE0NjA2MzI=,2020-11-09T20:45:21Z,2026-03-11T17:30:06Z,2026-03-11T17:57:10Z,312,True,Adafruit_TMP117,adafruit/Adafruit_TMP117,git@github.com:adafruit/Adafruit_TMP117.git,7
MDEwOlJlcG9zaXRvcnkzMTE0MzcyNTQ=,2020-11-09T19:01:11Z,2026-05-07T09:22:09Z,2026-05-07T11:26:08Z,45744,True,kphp,VKCOM/kphp,git@github.com:VKCOM/kphp.git,1510
MDEwOlJlcG9zaXRvcnkzMTE0MDA4NTc=,2020-11-09T16:37:07Z,2026-04-30T20:21:00Z,2026-05-01T00:29:02Z,1610,False,cpp_restapi,Kicer86/cpp_restapi,git@github.com:Kicer86/cpp_restapi.git,52
MDEwOlJlcG9zaXRvcnkzMTEzMDI1MDk=,2020-11-09T10:29:06Z,2026-04-26T18:18:50Z,2026-04-28T20:09:46Z,628064,True,ApraPipes,Apra-Labs/ApraPipes,git@github.com:Apra-Labs/ApraPipes.git,35
MDEwOlJlcG9zaXRvcnkzMTEzMDE1NzE=,2020-11-09T10:25:34Z,2026-03-18T09:02:51Z,2026-03-18T09:02:45Z,1266,True,DSA-A-Z-Practice,Leet-Us-Code/DSA-A-Z-Practice,git@github.com:Leet-Us-Code/DSA-A-Z-Practice.git,25
MDEwOlJlcG9zaXRvcnkzMTEyOTI1ODU=,2020-11-09T09:51:18Z,2026-04-17T09:16:30Z,2026-04-17T09:16:24Z,349,True,mc_state_observation,jrl-umi3218/mc_state_observation,git@github.com:jrl-umi3218/mc_state_observation.git,1
MDEwOlJlcG9zaXRvcnkzMTEyNDY0ODg=,2020-11-09T06:39:52Z,2026-03-25T22:23:24Z,2026-03-25T22:23:18Z,8152,True,SmartRedis,CrayLabs/SmartRedis,git@github.com:CrayLabs/SmartRedis.git,58
MDEwOlJlcG9zaXRvcnkzMTEyMDM4NTE=,2020-11-09T02:35:54Z,2026-04-30T18:28:01Z,2026-04-08T16:28:12Z,15674,True,overlunky,spelunky-fyi/overlunky,git@github.com:spelunky-fyi/overlunky.git,97
MDEwOlJlcG9zaXRvcnkzMTExNjQxNzM=,2020-11-08T22:06:19Z,2026-04-05T02:58:28Z,2026-04-05T02:58:23Z,3790,False,meshed,mkln/meshed,git@github.com:mkln/meshed.git,15
MDEwOlJlcG9zaXRvcnkzMTExMzI4NDE=,2020-11-08T18:57:15Z,2026-04-25T02:24:20Z,2026-04-25T02:24:18Z,38922,True,pyRF24,nRF24/pyRF24,git@github.com:nRF24/pyRF24.git,34
MDEwOlJlcG9zaXRvcnkzMTEwODE0NTU=,2020-11-08T14:32:32Z,2026-04-23T15:22:14Z,2026-04-23T15:22:00Z,62837,False,machines4ceps,cepsdev/machines4ceps,git@github.com:cepsdev/machines4ceps.git,11
MDEwOlJlcG9zaXRvcnkzMTEwNjMxOTM=,2020-11-08T12:58:00Z,2026-04-24T12:47:41Z,2026-04-24T12:47:37Z,756,True,k4SimDelphes,key4hep/k4SimDelphes,git@github.com:key4hep/k4SimDelphes.git,6
MDEwOlJlcG9zaXRvcnkzMTA5ODk0OTU=,2020-11-08T05:02:48Z,2026-05-02T06:50:13Z,2026-05-03T00:37:07Z,573,True,gpgnet4ta,ta-forever/gpgnet4ta,git@github.com:ta-forever/gpgnet4ta.git,1
MDEwOlJlcG9zaXRvcnkzMTA5Nzc1MTg=,2020-11-08T03:26:46Z,2026-04-22T10:55:08Z,2026-03-12T18:10:29Z,70020,False,CSE2,gameblabla/CSE2,git@github.com:gameblabla/CSE2.git,179
MDEwOlJlcG9zaXRvcnkzMTA5NDYzNjA=,2020-11-07T22:53:55Z,2026-03-24T21:16:25Z,2026-03-24T21:16:19Z,5561,True,teleinfokit,342apps/teleinfokit,git@github.com:342apps/teleinfokit.git,37
MDEwOlJlcG9zaXRvcnkzMTA5MTU2NDQ=,2020-11-07T19:19:43Z,2026-04-28T12:18:50Z,2026-04-11T17:39:30Z,2058,False,I2SClocklessLedDriver,hpwit/I2SClocklessLedDriver,git@github.com:hpwit/I2SClocklessLedDriver.git,72
MDEwOlJlcG9zaXRvcnkzMTA5MDE0NjY=,2020-11-07T17:53:56Z,2026-04-27T01:56:23Z,2026-04-27T01:56:18Z,17608,True,AAK,Torque3DResources/AAK,git@github.com:Torque3DResources/AAK.git,1
MDEwOlJlcG9zaXRvcnkzMTA4NDE4NzY=,2020-11-07T12:39:47Z,2026-04-09T19:32:28Z,2026-04-05T15:10:32Z,1150,False,rehid,hax0kartik/rehid,git@github.com:hax0kartik/rehid.git,141
MDEwOlJlcG9zaXRvcnkzMTA3MjU3MTM=,2020-11-06T23:15:18Z,2026-05-05T06:33:29Z,2026-03-24T05:32:40Z,1144,False,skse64,ianpatt/skse64,git@github.com:ianpatt/skse64.git,336
MDEwOlJlcG9zaXRvcnkzMTA3MTc0OTk=,2020-11-06T22:17:54Z,2026-05-05T18:54:10Z,2026-05-05T18:54:05Z,854,False,goal_strategy,VictorDubois/goal_strategy,git@github.com:VictorDubois/goal_strategy.git,0
MDEwOlJlcG9zaXRvcnkzMTA2NjgwMzA=,2020-11-06T17:51:57Z,2026-04-28T10:12:03Z,2026-04-28T10:11:59Z,3706,False,NGSTrefftz,PaulSt/NGSTrefftz,git@github.com:PaulSt/NGSTrefftz.git,16
MDEwOlJlcG9zaXRvcnkzMTA1NTI3MDQ=,2020-11-06T09:35:22Z,2026-05-02T08:14:59Z,2026-05-02T08:14:53Z,216842,True,groops,groops-devs/groops,git@github.com:groops-devs/groops.git,232
MDEwOlJlcG9zaXRvcnkzMTA0Mjc2NjY=,2020-11-05T22:02:31Z,2026-03-19T14:35:19Z,2026-05-04T07:41:47Z,390,True,libelectronic-id,web-eid/libelectronic-id,git@github.com:web-eid/libelectronic-id.git,11
MDEwOlJlcG9zaXRvcnkzMTA0MTM2NTU=,2020-11-05T20:48:02Z,2026-05-06T16:05:58Z,2026-04-22T17:10:05Z,117,False,RemotePlayWhatever,m4dEngi/RemotePlayWhatever,git@github.com:m4dEngi/RemotePlayWhatever.git,1859
MDEwOlJlcG9zaXRvcnkzMTAzMDE0NDQ=,2020-11-05T13:05:30Z,2026-04-24T06:23:03Z,2026-04-16T16:11:33Z,16249,False,Glitter,crash5band/Glitter,git@github.com:crash5band/Glitter.git,24
MDEwOlJlcG9zaXRvcnkzMTAwMTk5MTc=,2020-11-04T14:03:23Z,2026-05-07T08:02:28Z,2026-04-03T15:39:26Z,833,True,telegram-bot-api,tdlib/telegram-bot-api,git@github.com:tdlib/telegram-bot-api.git,4198
MDEwOlJlcG9zaXRvcnkzMTAwMDgxNjY=,2020-11-04T13:18:03Z,2026-03-23T14:17:33Z,2026-03-23T14:17:27Z,6501,True,verifydtapn,TAPAAL/verifydtapn,git@github.com:TAPAAL/verifydtapn.git,3
MDEwOlJlcG9zaXRvcnkzMDk5OTIyMzU=,2020-11-04T12:11:58Z,2026-04-22T19:04:48Z,2026-04-22T19:04:43Z,1628,False,msvcr14x,sonyps5201314/msvcr14x,git@github.com:sonyps5201314/msvcr14x.git,71
MDEwOlJlcG9zaXRvcnkzMDk5NjU4ODU=,2020-11-04T10:13:04Z,2026-04-23T00:12:17Z,2026-04-23T00:13:02Z,104,True,string2map,SiddiqSoft/string2map,git@github.com:SiddiqSoft/string2map.git,0
MDEwOlJlcG9zaXRvcnkzMDk5NDE3MDA=,2020-11-04T08:33:59Z,2026-04-02T21:04:17Z,2026-04-02T21:04:12Z,779,True,opmonlib,DUNE-DAQ/opmonlib,git@github.com:DUNE-DAQ/opmonlib.git,0
MDEwOlJlcG9zaXRvcnkzMDk4MjMxODg=,2020-11-03T22:34:34Z,2026-05-04T16:25:21Z,2026-05-04T16:25:17Z,1872702,True,neup-ies,uw-esolab/neup-ies,git@github.com:uw-esolab/neup-ies.git,0
MDEwOlJlcG9zaXRvcnkzMDk3ODg0NDc=,2020-11-03T19:35:19Z,2026-05-06T02:13:30Z,2026-03-05T20:30:56Z,13412,True,react-native-winrt,microsoft/react-native-winrt,git@github.com:microsoft/react-native-winrt.git,98
MDEwOlJlcG9zaXRvcnkzMDk3NDgyMjQ=,2020-11-03T16:42:41Z,2026-03-03T15:29:43Z,2026-03-03T15:25:19Z,2689,True,gsKLShell,gismo/gsKLShell,git@github.com:gismo/gsKLShell.git,10
MDEwOlJlcG9zaXRvcnkzMDk2Mjc4MzY=,2020-11-03T08:56:31Z,2026-03-03T15:29:39Z,2026-03-03T15:25:24Z,2323,True,gsStructuralAnalysis,gismo/gsStructuralAnalysis,git@github.com:gismo/gsStructuralAnalysis.git,9
MDEwOlJlcG9zaXRvcnkzMDk1NzA4NTA=,2020-11-03T04:16:58Z,2026-04-03T18:06:10Z,2026-04-03T18:06:06Z,2021,True,project-4-starter,CSCI-442-Mines/project-4-starter,git@github.com:CSCI-442-Mines/project-4-starter.git,2
MDEwOlJlcG9zaXRvcnkzMDk1NTUzNjk=,2020-11-03T02:56:56Z,2026-05-04T20:27:30Z,2026-05-04T20:27:25Z,1838,False,RadioBot,DriftSolutions/RadioBot,git@github.com:DriftSolutions/RadioBot.git,3
MDEwOlJlcG9zaXRvcnkzMDk1MTg5MTU=,2020-11-02T23:20:10Z,2026-04-23T02:18:21Z,2026-04-21T17:52:13Z,17,False,0xegg,dariomory/0xegg,git@github.com:dariomory/0xegg.git,2
MDEwOlJlcG9zaXRvcnkzMDk1MTI5ODI=,2020-11-02T22:43:36Z,2026-05-07T11:24:17Z,2026-05-07T10:43:02Z,155689,True,redpanda,redpanda-data/redpanda,git@github.com:redpanda-data/redpanda.git,12051
MDEwOlJlcG9zaXRvcnkzMDk0MDcyNzI=,2020-11-02T15:10:40Z,2026-05-06T20:20:35Z,2026-05-02T10:22:22Z,4290,True,basix,FEniCS/basix,git@github.com:FEniCS/basix.git,140
MDEwOlJlcG9zaXRvcnkzMDkzOTM3OTY=,2020-11-02T14:24:26Z,2026-03-08T09:42:06Z,2026-03-26T10:47:01Z,8991,True,Neun,GNB-UAM/Neun,git@github.com:GNB-UAM/Neun.git,2
MDEwOlJlcG9zaXRvcnkzMDkzODExODg=,2020-11-02T13:39:12Z,2026-05-04T12:58:04Z,2026-05-04T12:57:59Z,77182,True,openvino_contrib,openvinotoolkit/openvino_contrib,git@github.com:openvinotoolkit/openvino_contrib.git,177
MDEwOlJlcG9zaXRvcnkzMDkzMzAzNzk=,2020-11-02T10:07:40Z,2026-03-19T09:54:15Z,2026-03-19T09:54:12Z,5994,False,nSkinz,HighDelay/nSkinz,git@github.com:HighDelay/nSkinz.git,1
MDEwOlJlcG9zaXRvcnkzMDkxMTQyMDM=,2020-11-01T14:30:48Z,2026-03-15T19:59:15Z,2026-03-15T19:59:13Z,1937,False,wide-decimal,ckormanyos/wide-decimal,git@github.com:ckormanyos/wide-decimal.git,54
MDEwOlJlcG9zaXRvcnkzMDkwNjkyMjM=,2020-11-01T10:16:35Z,2026-05-03T01:50:52Z,2026-05-03T01:50:48Z,9616,True,kgeotag,KDE/kgeotag,git@github.com:KDE/kgeotag.git,14
MDEwOlJlcG9zaXRvcnkzMDg5Mzk3ODE=,2020-10-31T17:47:43Z,2026-03-06T19:36:10Z,2026-03-06T19:36:06Z,2450,False,ERM19264_UC1609,gavinlyonsrepo/ERM19264_UC1609,git@github.com:gavinlyonsrepo/ERM19264_UC1609.git,19
MDEwOlJlcG9zaXRvcnkzMDg4NTI0NTM=,2020-10-31T10:02:12Z,2026-04-27T18:28:35Z,2026-04-27T18:28:30Z,218,False,OpenRGB-cppSDK,Youda008/OpenRGB-cppSDK,git@github.com:Youda008/OpenRGB-cppSDK.git,10
MDEwOlJlcG9zaXRvcnkzMDg3ODc0MTM=,2020-10-31T02:23:11Z,2026-04-27T18:28:37Z,2026-04-27T14:47:46Z,12343,True,NoodleExtensions,bsq-ports/NoodleExtensions,git@github.com:bsq-ports/NoodleExtensions.git,111
MDEwOlJlcG9zaXRvcnkzMDg3NDM1OTg=,2020-10-30T21:03:31Z,2026-04-19T16:22:27Z,2026-04-19T16:22:22Z,3393,False,multitextor,vikonix/multitextor,git@github.com:vikonix/multitextor.git,35
MDEwOlJlcG9zaXRvcnkzMDg3MDU3NDg=,2020-10-30T17:55:41Z,2026-04-02T21:15:04Z,2026-04-02T21:15:00Z,529234,True,CpcdosOS2.1,SPinti-Software/CpcdosOS2.1,git@github.com:SPinti-Software/CpcdosOS2.1.git,33
MDEwOlJlcG9zaXRvcnkzMDg2OTMwMzM=,2020-10-30T16:59:39Z,2026-03-12T12:42:43Z,2026-03-12T12:42:38Z,13686,False,wsp-solar2020,solarbits/wsp-solar2020,git@github.com:solarbits/wsp-solar2020.git,0
MDEwOlJlcG9zaXRvcnkzMDg2NzYzNTg=,2020-10-30T15:51:08Z,2026-04-13T15:17:25Z,2026-04-13T15:17:07Z,415,True,hammingdist,ssciwr/hammingdist,git@github.com:ssciwr/hammingdist.git,12
MDEwOlJlcG9zaXRvcnkzMDg2NTE4NzQ=,2020-10-30T14:19:08Z,2026-04-27T12:05:01Z,2026-05-04T12:03:55Z,2358224,True,nap,napframework/nap,git@github.com:napframework/nap.git,465
MDEwOlJlcG9zaXRvcnkzMDg2MTg4MjA=,2020-10-30T12:05:09Z,2026-05-04T15:33:36Z,2026-05-04T16:34:14Z,2819,True,Sample-Server,umati/Sample-Server,git@github.com:umati/Sample-Server.git,60
MDEwOlJlcG9zaXRvcnkzMDg1NjY5MTU=,2020-10-30T08:19:18Z,2026-03-25T11:16:56Z,2026-04-03T11:38:25Z,5963,True,muondetector,MuonPi/muondetector,git@github.com:MuonPi/muondetector.git,27
MDEwOlJlcG9zaXRvcnkzMDg1MjMwMTU=,2020-10-30T04:16:11Z,2026-05-05T21:38:48Z,2026-05-05T21:38:46Z,11058,True,mozolm,google-research/mozolm,git@github.com:google-research/mozolm.git,51
MDEwOlJlcG9zaXRvcnkzMDg0ODgyNTU=,2020-10-30T00:59:53Z,2026-04-22T18:01:40Z,2026-04-13T02:55:08Z,67924,True,lost,UWCubeSat/lost,git@github.com:UWCubeSat/lost.git,80
MDEwOlJlcG9zaXRvcnkzMDg0NzczODQ=,2020-10-29T23:49:24Z,2026-04-21T05:38:18Z,2026-04-21T05:38:05Z,414642,True,phreeqci,phreeqc-dev/phreeqci,git@github.com:phreeqc-dev/phreeqci.git,4
MDEwOlJlcG9zaXRvcnkzMDg0MjIzMjQ=,2020-10-29T18:56:15Z,2026-05-07T06:36:08Z,2026-05-07T10:35:21Z,46932,True,Universal_Robots_ROS2_Driver,UniversalRobots/Universal_Robots_ROS2_Driver,git@github.com:UniversalRobots/Universal_Robots_ROS2_Driver.git,765
MDEwOlJlcG9zaXRvcnkzMDgzODcxMjc=,2020-10-29T16:29:38Z,2026-04-22T00:06:54Z,2026-04-22T00:06:50Z,22898,False,ld64,keith/ld64,git@github.com:keith/ld64.git,26
MDEwOlJlcG9zaXRvcnkzMDgzNTU3ODQ=,2020-10-29T14:36:41Z,2026-05-06T09:14:19Z,2026-05-07T08:13:05Z,65667,True,antares-xpansion,AntaresSimulatorTeam/antares-xpansion,git@github.com:AntaresSimulatorTeam/antares-xpansion.git,15
MDEwOlJlcG9zaXRvcnkzMDgzMTc4Mjc=,2020-10-29T12:14:45Z,2026-05-07T05:31:56Z,2026-03-29T13:34:38Z,186165,False,ShaderGlass,mausimus/ShaderGlass,git@github.com:mausimus/ShaderGlass.git,3928
MDEwOlJlcG9zaXRvcnkzMDgxOTE0MjA=,2020-10-29T02:04:13Z,2026-04-15T06:00:38Z,2026-04-15T06:00:32Z,1621,True,libprimis-headers,project-imprimis/libprimis-headers,git@github.com:project-imprimis/libprimis-headers.git,1
MDEwOlJlcG9zaXRvcnkzMDgxMjk2OTI=,2020-10-28T20:11:41Z,2026-04-18T20:35:06Z,2026-04-18T20:35:22Z,1331,True,COSTA,eth-cscs/COSTA,git@github.com:eth-cscs/COSTA.git,14
MDEwOlJlcG9zaXRvcnkzMDgxMjczNDg=,2020-10-28T20:00:40Z,2026-03-10T09:25:46Z,2026-03-10T09:22:56Z,145,False,Blinky,IMBeniamin/Blinky,git@github.com:IMBeniamin/Blinky.git,0
MDEwOlJlcG9zaXRvcnkzMDgwODAwNDE=,2020-10-28T16:40:39Z,2026-03-17T16:36:42Z,2026-03-17T16:36:59Z,44,False,runningAngle,RobTillaart/runningAngle,git@github.com:RobTillaart/runningAngle.git,9
MDEwOlJlcG9zaXRvcnkzMDgwMTExNzQ=,2020-10-28T12:36:24Z,2026-04-21T00:36:37Z,2026-04-21T00:36:31Z,6271,True,yaml-cpp,sailfishos-mirror/yaml-cpp,git@github.com:sailfishos-mirror/yaml-cpp.git,0
MDEwOlJlcG9zaXRvcnkzMDc5NTUyMDU=,2020-10-28T08:43:20Z,2026-03-04T16:04:47Z,2026-03-04T16:37:31Z,165,False,Timezone,mikee47/Timezone,git@github.com:mikee47/Timezone.git,0
MDEwOlJlcG9zaXRvcnkzMDc5MTU0OTI=,2020-10-28T05:26:53Z,2026-05-05T05:30:43Z,2026-05-05T05:41:45Z,4892,True,imprimis,project-imprimis/imprimis,git@github.com:project-imprimis/imprimis.git,19
MDEwOlJlcG9zaXRvcnkzMDc4OTQ4NjU=,2020-10-28T03:19:33Z,2026-05-04T04:20:00Z,2026-04-21T12:43:38Z,813574,True,GraphScope,alibaba/GraphScope,git@github.com:alibaba/GraphScope.git,3551
MDEwOlJlcG9zaXRvcnkzMDc4ODM3NTc=,2020-10-28T02:19:58Z,2026-03-21T13:23:13Z,2026-03-20T04:17:21Z,5132,True,android_device_fairphone_FP3,LineageOS/android_device_fairphone_FP3,git@github.com:LineageOS/android_device_fairphone_FP3.git,24
MDEwOlJlcG9zaXRvcnkzMDc3NjY5MzM=,2020-10-27T16:47:24Z,2026-05-04T18:18:54Z,2026-05-04T18:18:26Z,3420,True,mito,mitadel/mito,git@github.com:mitadel/mito.git,8
MDEwOlJlcG9zaXRvcnkzMDc2ODk4MzE=,2020-10-27T12:18:17Z,2026-05-06T09:31:55Z,2026-05-06T09:31:51Z,107,True,warehouse_ros_sqlite,moveit/warehouse_ros_sqlite,git@github.com:moveit/warehouse_ros_sqlite.git,17
MDEwOlJlcG9zaXRvcnkzMDc2MDk0MzQ=,2020-10-27T06:41:23Z,2026-04-09T12:38:03Z,2026-04-09T12:37:59Z,6615,True,ESP32-S2-DevKit-LiPo,OLIMEX/ESP32-S2-DevKit-LiPo,git@github.com:OLIMEX/ESP32-S2-DevKit-LiPo.git,19
MDEwOlJlcG9zaXRvcnkzMDc0NDgyODk=,2020-10-26T17:13:34Z,2026-05-04T04:39:09Z,2026-05-04T04:39:06Z,996,False,node-statvfs,sjinks/node-statvfs,git@github.com:sjinks/node-statvfs.git,0
MDEwOlJlcG9zaXRvcnkzMDc0Mjg5NjM=,2020-10-26T16:05:21Z,2026-04-02T04:23:56Z,2026-03-11T21:43:45Z,548,False,GRiDISKCOM,Bs0Dd/GRiDISKCOM,git@github.com:Bs0Dd/GRiDISKCOM.git,9
MDEwOlJlcG9zaXRvcnkzMDcxOTU5ODk=,2020-10-25T21:27:28Z,2026-05-05T13:01:50Z,2026-05-05T13:02:46Z,2588,False,obs-ptz,glikely/obs-ptz,git@github.com:glikely/obs-ptz.git,242
MDEwOlJlcG9zaXRvcnkzMDcxNzY5NTY=,2020-10-25T19:34:17Z,2026-05-07T11:32:00Z,2026-05-07T11:32:08Z,34406,False,OTGW-firmware,rvdbreemen/OTGW-firmware,git@github.com:rvdbreemen/OTGW-firmware.git,185
MDEwOlJlcG9zaXRvcnkzMDY5MzMzMTQ=,2020-10-24T17:14:19Z,2026-03-15T14:59:52Z,2026-03-15T14:59:48Z,82244,True,android_bootable_recovery,crdroidandroid/android_bootable_recovery,git@github.com:crdroidandroid/android_bootable_recovery.git,10
MDEwOlJlcG9zaXRvcnkzMDY4MDA5OTk=,2020-10-24T03:55:10Z,2026-05-01T20:13:40Z,2026-05-01T20:13:36Z,91,False,oak_reflect,cenomla/oak_reflect,git@github.com:cenomla/oak_reflect.git,2
MDEwOlJlcG9zaXRvcnkzMDY4MDAwNzU=,2020-10-24T03:48:59Z,2026-04-22T20:24:59Z,2026-04-22T20:24:53Z,281,False,oak_util,cenomla/oak_util,git@github.com:cenomla/oak_util.git,0
MDEwOlJlcG9zaXRvcnkzMDY2Njg2MDc=,2020-10-23T14:58:26Z,2026-04-15T14:28:43Z,2026-04-15T14:28:38Z,94,True,micro-benchmarks,actor-framework/micro-benchmarks,git@github.com:actor-framework/micro-benchmarks.git,0
MDEwOlJlcG9zaXRvcnkzMDY2MzA1MjY=,2020-10-23T12:31:20Z,2026-03-27T15:30:06Z,2026-03-27T15:30:00Z,509,False,columba,biointec/columba,git@github.com:biointec/columba.git,16
MDEwOlJlcG9zaXRvcnkzMDY1NjM1NzA=,2020-10-23T07:40:30Z,2026-05-07T01:47:20Z,2026-05-07T10:41:46Z,514274,True,neochat,KDE/neochat,git@github.com:KDE/neochat.git,220
MDEwOlJlcG9zaXRvcnkzMDYzMDE2NTI=,2020-10-22T10:28:52Z,2026-05-06T15:47:51Z,2026-05-06T15:47:50Z,82,True,Technica.Traces.Blf.Converter,Technica-Engineering/Technica.Traces.Blf.Converter,git@github.com:Technica-Engineering/Technica.Traces.Blf.Converter.git,28
MDEwOlJlcG9zaXRvcnkzMDYyODg5NTY=,2020-10-22T09:34:49Z,2026-05-03T13:45:18Z,2026-05-03T13:55:44Z,194508,False,Samovar,LKosoj/Samovar,git@github.com:LKosoj/Samovar.git,23
MDEwOlJlcG9zaXRvcnkzMDYyNzU1Mjc=,2020-10-22T08:42:31Z,2026-04-30T11:09:26Z,2026-04-30T11:09:22Z,60374,False,bitty,paladin-t/bitty,git@github.com:paladin-t/bitty.git,334
MDEwOlJlcG9zaXRvcnkzMDYxNDc2ODI=,2020-10-21T21:05:22Z,2026-05-06T03:11:51Z,2026-05-06T03:11:46Z,262375,True,ERF,erf-model/ERF,git@github.com:erf-model/ERF.git,68
MDEwOlJlcG9zaXRvcnkzMDYwNjg4MDk=,2020-10-21T15:28:35Z,2026-04-27T15:07:10Z,2026-04-27T15:12:07Z,309277,True,brush,cavalab/brush,git@github.com:cavalab/brush.git,8
MDEwOlJlcG9zaXRvcnkzMDYwMTgwNDc=,2020-10-21T12:31:08Z,2026-04-28T13:25:14Z,2026-04-28T10:35:13Z,3148,False,cpp-boj,emost22/cpp-boj,git@github.com:emost22/cpp-boj.git,0
MDEwOlJlcG9zaXRvcnkzMDU2NDc4ODQ=,2020-10-20T08:55:20Z,2026-04-01T15:23:05Z,2026-04-01T15:22:58Z,84680,True,clean-air,MaibornWolff/clean-air,git@github.com:MaibornWolff/clean-air.git,33
MDEwOlJlcG9zaXRvcnkzMDU1NjIyNTQ=,2020-10-20T01:58:41Z,2026-03-05T05:47:49Z,2026-03-05T02:43:37Z,13097,False,cherrypi-crossplatform,dgant/cherrypi-crossplatform,git@github.com:dgant/cherrypi-crossplatform.git,1
MDEwOlJlcG9zaXRvcnkzMDU1MjM4MzA=,2020-10-19T22:04:09Z,2026-04-27T06:58:26Z,2026-04-12T21:00:54Z,2593,False,Approximate,davidchatting/Approximate,git@github.com:davidchatting/Approximate.git,126
MDEwOlJlcG9zaXRvcnkzMDU1MTc0Mjk=,2020-10-19T21:28:35Z,2026-05-04T14:11:15Z,2026-05-05T01:04:48Z,1710,True,rmw_connextdds,ros2/rmw_connextdds,git@github.com:ros2/rmw_connextdds.git,63
MDEwOlJlcG9zaXRvcnkzMDU0Mzg3NjM=,2020-10-19T16:00:53Z,2026-05-03T16:26:59Z,2026-04-27T00:10:24Z,1111,True,fast_float,fastfloat/fast_float,git@github.com:fastfloat/fast_float.git,2047
MDEwOlJlcG9zaXRvcnkzMDU0MzgyMzU=,2020-10-19T15:59:01Z,2026-05-07T07:29:51Z,2026-05-07T11:34:21Z,489274,False,alien,chrxh/alien,git@github.com:chrxh/alien.git,5399
MDEwOlJlcG9zaXRvcnkzMDU0MjQyOTA=,2020-10-19T15:09:37Z,2026-04-09T07:59:46Z,2026-04-09T07:59:40Z,37,False,tsunami_lab,breuera/tsunami_lab,git@github.com:breuera/tsunami_lab.git,8
MDEwOlJlcG9zaXRvcnkzMDUzNzEwMDI=,2020-10-19T12:07:41Z,2026-04-24T01:43:29Z,2026-04-24T01:43:26Z,19091,True,Neurodevices,isd-iin-els/Neurodevices,git@github.com:isd-iin-els/Neurodevices.git,3
MDEwOlJlcG9zaXRvcnkzMDUzMjE3OTE=,2020-10-19T08:54:20Z,2026-05-02T18:37:33Z,2026-05-06T16:06:55Z,6710,True,vaccel,nubificus/vaccel,git@github.com:nubificus/vaccel.git,51
MDEwOlJlcG9zaXRvcnkzMDUyMzgwOTA=,2020-10-19T02:04:55Z,2026-05-01T23:32:55Z,2026-05-01T23:32:48Z,263465,False,Fallout-4-VR-Body,rollingrock/Fallout-4-VR-Body,git@github.com:rollingrock/Fallout-4-VR-Body.git,62
MDEwOlJlcG9zaXRvcnkzMDUxODkzNzI=,2020-10-18T20:22:21Z,2026-05-05T02:29:19Z,2026-05-05T02:30:34Z,15064810,False,palette,vizicist/palette,git@github.com:vizicist/palette.git,16
MDEwOlJlcG9zaXRvcnkzMDUxNjg4MTI=,2020-10-18T18:25:43Z,2026-05-06T16:32:44Z,2026-05-07T09:30:59Z,8922,True,kosmindoormap,KDE/kosmindoormap,git@github.com:KDE/kosmindoormap.git,13
MDEwOlJlcG9zaXRvcnkzMDUwODk2Mjg=,2020-10-18T11:49:02Z,2026-05-07T11:18:00Z,2026-05-07T11:29:20Z,288621,True,Serial-Studio,Serial-Studio/Serial-Studio,git@github.com:Serial-Studio/Serial-Studio.git,6880
MDEwOlJlcG9zaXRvcnkzMDQ5OTE2Nzk=,2020-10-18T00:10:44Z,2026-04-29T23:37:15Z,2026-04-29T23:37:11Z,1957,True,mdrivlib,4ms/mdrivlib,git@github.com:4ms/mdrivlib.git,29
MDEwOlJlcG9zaXRvcnkzMDQ5NDAzMDY=,2020-10-17T18:11:14Z,2026-04-17T09:48:57Z,2026-03-24T18:00:47Z,140855,False,Yottagram,Michal-Szczepaniak/Yottagram,git@github.com:Michal-Szczepaniak/Yottagram.git,17
MDEwOlJlcG9zaXRvcnkzMDQ4ODg4NTE=,2020-10-17T13:53:41Z,2026-04-24T01:45:47Z,2026-04-24T01:45:43Z,19554,True,kseexpr,KDE/kseexpr,git@github.com:KDE/kseexpr.git,7
MDEwOlJlcG9zaXRvcnkzMDQ4MjE4OTA=,2020-10-17T07:25:25Z,2026-03-11T08:27:36Z,2026-03-11T12:12:57Z,2004,False,Adder,mbatc/Adder,git@github.com:mbatc/Adder.git,0
MDEwOlJlcG9zaXRvcnkzMDQ3NTAzODk=,2020-10-16T22:23:09Z,2026-04-06T19:24:31Z,2026-04-06T19:24:26Z,25267,True,systemc-compiler,intel/systemc-compiler,git@github.com:intel/systemc-compiler.git,302
MDEwOlJlcG9zaXRvcnkzMDQ3MDU4Njg=,2020-10-16T18:16:56Z,2026-04-24T15:30:52Z,2026-04-24T15:30:47Z,2307,False,Saintcon2020,compukidmike/Saintcon2020,git@github.com:compukidmike/Saintcon2020.git,9
MDEwOlJlcG9zaXRvcnkzMDQ2OTk4NDg=,2020-10-16T17:50:09Z,2026-05-01T12:19:47Z,2026-05-04T15:16:16Z,16826,True,ufo,JCSDA/ufo,git@github.com:JCSDA/ufo.git,10
MDEwOlJlcG9zaXRvcnkzMDQ2ODE1OTc=,2020-10-16T16:28:20Z,2026-03-25T02:06:16Z,2026-05-05T16:18:34Z,8640,True,ioda,JCSDA/ioda,git@github.com:JCSDA/ioda.git,7
MDEwOlJlcG9zaXRvcnkzMDQ2NjA2Mjc=,2020-10-16T15:04:52Z,2026-05-06T02:16:36Z,2026-04-21T18:16:27Z,553,True,plotjuggler-ros-plugins,PlotJuggler/plotjuggler-ros-plugins,git@github.com:PlotJuggler/plotjuggler-ros-plugins.git,139
MDEwOlJlcG9zaXRvcnkzMDQ2NDgxNDQ=,2020-10-16T14:18:01Z,2026-04-28T10:04:15Z,2026-04-28T10:04:11Z,4253,False,jaulib,sgothel/jaulib,git@github.com:sgothel/jaulib.git,4
MDEwOlJlcG9zaXRvcnkzMDQ1MjcyMTI=,2020-10-16T05:22:03Z,2026-04-23T14:52:14Z,2026-04-23T14:49:36Z,5090,True,wcp-uboone-bdt,BNLIF/wcp-uboone-bdt,git@github.com:BNLIF/wcp-uboone-bdt.git,1
MDEwOlJlcG9zaXRvcnkzMDQ1MDYxMjg=,2020-10-16T03:10:09Z,2026-03-20T22:57:43Z,2026-03-20T22:57:38Z,11507,True,InkFiltration,nesl/InkFiltration,git@github.com:nesl/InkFiltration.git,0
MDEwOlJlcG9zaXRvcnkzMDQ0ODUxODY=,2020-10-16T01:11:11Z,2026-04-17T08:51:52Z,2026-04-17T08:51:48Z,72751,False,btls,ccaprani/btls,git@github.com:ccaprani/btls.git,8
MDEwOlJlcG9zaXRvcnkzMDQ0NDE0ODE=,2020-10-15T20:32:27Z,2026-04-30T20:56:43Z,2026-04-30T20:56:38Z,18936,True,rtravelcost,GIP-ITC-UniversityTwente/rtravelcost,git@github.com:GIP-ITC-UniversityTwente/rtravelcost.git,0
MDEwOlJlcG9zaXRvcnkzMDQ0MDg2MDQ=,2020-10-15T18:01:12Z,2026-05-04T16:37:09Z,2026-05-04T19:34:47Z,6928,True,couchbase-cxx-client,couchbase/couchbase-cxx-client,git@github.com:couchbase/couchbase-cxx-client.git,22
MDEwOlJlcG9zaXRvcnkzMDQzODkwNDM=,2020-10-15T16:41:13Z,2026-05-06T21:25:03Z,2026-05-06T21:24:59Z,46517,True,apx-gcs,uavos/apx-gcs,git@github.com:uavos/apx-gcs.git,25
MDEwOlJlcG9zaXRvcnkzMDQzODgxNTg=,2020-10-15T16:37:15Z,2026-03-02T19:13:53Z,2026-04-14T12:26:04Z,49,True,nymea-apikeysprovider-plugin-community,nymea/nymea-apikeysprovider-plugin-community,git@github.com:nymea/nymea-apikeysprovider-plugin-community.git,0
MDEwOlJlcG9zaXRvcnkzMDQzMjg5ODA=,2020-10-15T13:06:40Z,2026-04-24T07:10:17Z,2026-05-03T15:51:10Z,2127,True,apx-lib,uavos/apx-lib,git@github.com:uavos/apx-lib.git,3
MDEwOlJlcG9zaXRvcnkzMDQyODc5MTE=,2020-10-15T10:18:31Z,2026-03-16T15:33:25Z,2026-03-16T15:33:28Z,1214,True,MKRWAN_v2,arduino-libraries/MKRWAN_v2,git@github.com:arduino-libraries/MKRWAN_v2.git,7
MDEwOlJlcG9zaXRvcnkzMDQyNDc0Nzg=,2020-10-15T07:39:49Z,2026-04-21T07:21:52Z,2026-05-06T13:00:30Z,1272,True,er4CommLib,Elements-SRL/er4CommLib,git@github.com:Elements-SRL/er4CommLib.git,0
MDEwOlJlcG9zaXRvcnkzMDQwMTU5OTY=,2020-10-14T12:59:51Z,2026-05-06T13:34:05Z,2026-04-09T06:13:36Z,847,False,itlib,iboB/itlib,git@github.com:iboB/itlib.git,207
MDEwOlJlcG9zaXRvcnkzMDQwMDc4MjM=,2020-10-14T12:27:00Z,2026-04-27T14:25:49Z,2026-04-25T05:56:30Z,7248,False,NukiBleEsp32,I-Connect/NukiBleEsp32,git@github.com:I-Connect/NukiBleEsp32.git,46
MDEwOlJlcG9zaXRvcnkzMDM4Mzg1NTU=,2020-10-13T22:00:58Z,2026-04-13T21:09:57Z,2026-05-04T22:53:52Z,28302,True,ss3-source-code,nmfs-ost/ss3-source-code,git@github.com:nmfs-ost/ss3-source-code.git,44
MDEwOlJlcG9zaXRvcnkzMDM4MjM4OTE=,2020-10-13T20:41:25Z,2026-03-03T06:39:11Z,2026-03-19T20:08:20Z,428508,True,OpenSense,ihp-lab/OpenSense,git@github.com:ihp-lab/OpenSense.git,40
MDEwOlJlcG9zaXRvcnkzMDM4MTE0MjM=,2020-10-13T19:41:48Z,2026-04-18T11:55:14Z,2026-04-18T11:58:03Z,4910,False,PetriSpot,yanntm/PetriSpot,git@github.com:yanntm/PetriSpot.git,3
MDEwOlJlcG9zaXRvcnkzMDM2NDc0MDY=,2020-10-13T09:07:27Z,2026-04-24T07:33:02Z,2026-04-13T16:57:02Z,2248,True,codal-microbit-v2,lancaster-university/codal-microbit-v2,git@github.com:lancaster-university/codal-microbit-v2.git,60
MDEwOlJlcG9zaXRvcnkzMDM0ODc5Mzk=,2020-10-12T19:06:24Z,2026-05-06T10:28:57Z,2026-05-05T18:01:07Z,1088475,True,Xbox-GDK-Samples,microsoft/Xbox-GDK-Samples,git@github.com:microsoft/Xbox-GDK-Samples.git,329
MDEwOlJlcG9zaXRvcnkzMDM0NTQ5MzU=,2020-10-12T16:47:32Z,2026-04-04T16:37:54Z,2026-03-08T21:39:57Z,505,False,mvoice,n7tae/mvoice,git@github.com:n7tae/mvoice.git,63
MDEwOlJlcG9zaXRvcnkzMDM0MjUwNTE=,2020-10-12T14:54:59Z,2026-04-09T06:07:55Z,2026-04-27T18:14:43Z,346588,True,Vitis_Model_Composer,Xilinx/Vitis_Model_Composer,org-3189299@github.com:Xilinx/Vitis_Model_Composer.git,123
MDEwOlJlcG9zaXRvcnkzMDM0MDI0Njc=,2020-10-12T13:34:39Z,2026-05-06T07:08:08Z,2026-04-29T15:24:04Z,2362,False,pamplejuce,sudara/pamplejuce,git@github.com:sudara/pamplejuce.git,709
MDEwOlJlcG9zaXRvcnkzMDMzNjYwMDA=,2020-10-12T11:11:08Z,2026-05-06T12:46:20Z,2026-05-06T12:46:17Z,118,False,IsEven,adnandelta/IsEven,git@github.com:adnandelta/IsEven.git,0
MDEwOlJlcG9zaXRvcnkzMDMzNjU1MDI=,2020-10-12T11:09:07Z,2026-03-11T15:47:53Z,2026-03-11T15:47:49Z,172726,True,FEDDLib,FEDDLib/FEDDLib,git@github.com:FEDDLib/FEDDLib.git,4
MDEwOlJlcG9zaXRvcnkzMDMwNDA0MTE=,2020-10-11T04:17:22Z,2026-04-19T01:07:14Z,2026-04-19T01:07:14Z,426,True,fprime-arduino,fprime-community/fprime-arduino,git@github.com:fprime-community/fprime-arduino.git,30
MDEwOlJlcG9zaXRvcnkzMDI5MTIwMzc=,2020-10-10T13:49:30Z,2026-05-03T13:32:26Z,2026-05-03T13:32:22Z,56779,False,Qt,xpress-embedo/Qt,git@github.com:xpress-embedo/Qt.git,8
MDEwOlJlcG9zaXRvcnkzMDI4NDU5ODM=,2020-10-10T07:48:00Z,2026-04-09T12:43:42Z,2026-04-29T10:51:10Z,2205,True,libgwmodel,GWmodel-Lab/libgwmodel,git@github.com:GWmodel-Lab/libgwmodel.git,16
MDEwOlJlcG9zaXRvcnkzMDI4MDc3MTU=,2020-10-10T03:36:40Z,2026-04-13T09:37:01Z,2026-04-13T09:36:54Z,169625,False,test-module-arm,tomwei666/test-module-arm,git@github.com:tomwei666/test-module-arm.git,0
MDEwOlJlcG9zaXRvcnkzMDI3Nzg1ODk=,2020-10-10T00:07:09Z,2026-05-07T06:34:30Z,2026-05-04T06:08:15Z,12992,True,qmap,munich-quantum-toolkit/qmap,git@github.com:munich-quantum-toolkit/qmap.git,138
MDEwOlJlcG9zaXRvcnkzMDI3NjE4MzM=,2020-10-09T22:00:01Z,2026-04-09T06:53:05Z,2026-04-09T06:53:02Z,177,False,tomoto-ruby,ankane/tomoto-ruby,git@github.com:ankane/tomoto-ruby.git,67
MDEwOlJlcG9zaXRvcnkzMDI3NTEwODg=,2020-10-09T20:52:48Z,2026-05-02T15:12:19Z,2026-05-02T15:12:18Z,12429,False,Rinvid,Seviel/Rinvid,git@github.com:Seviel/Rinvid.git,3
MDEwOlJlcG9zaXRvcnkzMDI2MjE4MDQ=,2020-10-09T11:30:49Z,2026-05-04T13:12:05Z,2026-05-04T13:12:01Z,63636,False,ExDUIR,williamlzw/ExDUIR,git@github.com:williamlzw/ExDUIR.git,172
MDEwOlJlcG9zaXRvcnkzMDI1MDc3NjA=,2020-10-09T02:01:25Z,2026-05-05T21:06:51Z,2026-04-05T01:30:27Z,20551,True,provinceMapper,ParadoxGameConverters/provinceMapper,git@github.com:ParadoxGameConverters/provinceMapper.git,7
MDEwOlJlcG9zaXRvcnkzMDI0NjA4ODc=,2020-10-08T21:00:56Z,2026-04-05T14:37:59Z,2026-04-05T14:37:56Z,2419,False,libexpatpp,gittiver/libexpatpp,git@github.com:gittiver/libexpatpp.git,6
MDEwOlJlcG9zaXRvcnkzMDIzODYzNzA=,2020-10-08T15:35:32Z,2026-04-10T21:27:40Z,2026-04-10T21:27:35Z,239,True,PeterDB-template,UCI-Chenli-teaching/PeterDB-template,git@github.com:UCI-Chenli-teaching/PeterDB-template.git,2
MDEwOlJlcG9zaXRvcnkzMDIzMTU2MDk=,2020-10-08T11:16:40Z,2026-05-06T15:20:52Z,2026-05-06T13:51:34Z,210310,True,RecoilEngine,beyond-all-reason/RecoilEngine,git@github.com:beyond-all-reason/RecoilEngine.git,575
MDEwOlJlcG9zaXRvcnkzMDIyNTcwMTc=,2020-10-08T06:57:41Z,2026-04-18T11:06:04Z,2026-04-18T11:06:00Z,650,False,aeh,asielorz/aeh,git@github.com:asielorz/aeh.git,0
MDEwOlJlcG9zaXRvcnkzMDIxNDA3ODY=,2020-10-07T19:32:04Z,2026-04-02T22:46:52Z,2026-04-26T22:43:53Z,10947,True,platform_system_netd,CalyxOS/platform_system_netd,git@github.com:CalyxOS/platform_system_netd.git,0
MDEwOlJlcG9zaXRvcnkzMDIxNDA3MjM=,2020-10-07T19:31:49Z,2026-03-21T18:29:04Z,2026-04-26T22:42:40Z,145503,True,platform_frameworks_native,CalyxOS/platform_frameworks_native,git@github.com:CalyxOS/platform_frameworks_native.git,0
MDEwOlJlcG9zaXRvcnkzMDIxNDA2NDE=,2020-10-07T19:31:32Z,2026-03-21T18:29:02Z,2026-04-26T22:42:38Z,274927,True,platform_frameworks_av,CalyxOS/platform_frameworks_av,git@github.com:CalyxOS/platform_frameworks_av.git,0
MDEwOlJlcG9zaXRvcnkzMDIxNDA0MTg=,2020-10-07T19:30:36Z,2026-04-17T17:07:02Z,2026-04-26T22:42:47Z,110765,True,platform_hardware_interfaces,CalyxOS/platform_hardware_interfaces,git@github.com:CalyxOS/platform_hardware_interfaces.git,0
MDEwOlJlcG9zaXRvcnkzMDIxNDAyMTk=,2020-10-07T19:29:48Z,2026-04-17T17:05:46Z,2026-04-26T22:42:30Z,1622,True,platform_hardware_calyx_interfaces,CalyxOS/platform_hardware_calyx_interfaces,git@github.com:CalyxOS/platform_hardware_calyx_interfaces.git,0
MDEwOlJlcG9zaXRvcnkzMDIxMDE0NTc=,2020-10-07T16:49:28Z,2026-04-29T15:04:34Z,2026-04-29T08:20:11Z,86913,False,finalmq,bexoft/finalmq,git@github.com:bexoft/finalmq.git,21
MDEwOlJlcG9zaXRvcnkzMDE5NTIwMTY=,2020-10-07T06:55:52Z,2026-04-16T14:51:30Z,2026-04-27T18:12:28Z,13580,True,hydrobricks,hydrobricks/hydrobricks,git@github.com:hydrobricks/hydrobricks.git,5
MDEwOlJlcG9zaXRvcnkzMDE4MTc1NDI=,2020-10-06T18:20:40Z,2026-04-01T22:22:52Z,2026-04-01T22:22:47Z,345,True,louvain-community,meelgroup/louvain-community,git@github.com:meelgroup/louvain-community.git,2
MDEwOlJlcG9zaXRvcnkzMDE4MDY5NDM=,2020-10-06T17:39:06Z,2026-03-25T11:00:39Z,2026-03-25T11:00:32Z,369,False,wavey,gustafullberg/wavey,git@github.com:gustafullberg/wavey.git,5
MDEwOlJlcG9zaXRvcnkzMDE1OTg1Mjg=,2020-10-06T02:58:51Z,2026-03-31T02:02:38Z,2026-03-31T02:02:34Z,138425,True,ModdingKit,AstroTechies/ModdingKit,git@github.com:AstroTechies/ModdingKit.git,19
MDEwOlJlcG9zaXRvcnkzMDE1NjEyMjc=,2020-10-05T23:09:33Z,2026-04-07T17:39:20Z,2026-04-07T17:39:05Z,145957,False,CPP_Basic_Programs,jrajan14/CPP_Basic_Programs,git@github.com:jrajan14/CPP_Basic_Programs.git,5
MDEwOlJlcG9zaXRvcnkzMDE1NDYxMzc=,2020-10-05T21:38:07Z,2026-03-13T20:25:37Z,2026-03-13T20:36:01Z,3527,True,icarusalg,SBNSoftware/icarusalg,git@github.com:SBNSoftware/icarusalg.git,1
MDEwOlJlcG9zaXRvcnkzMDE1MzAyMzg=,2020-10-05T20:21:44Z,2026-04-09T10:37:39Z,2026-04-09T10:37:33Z,11029,True,LibraryLinkUtilities,WolframResearch/LibraryLinkUtilities,git@github.com:WolframResearch/LibraryLinkUtilities.git,41
MDEwOlJlcG9zaXRvcnkzMDE1MTg3ODE=,2020-10-05T19:31:04Z,2026-05-06T17:31:59Z,2026-05-06T17:31:53Z,104102,True,onnxruntime-extensions,microsoft/onnxruntime-extensions,git@github.com:microsoft/onnxruntime-extensions.git,463
MDEwOlJlcG9zaXRvcnkzMDE0NjE3MzA=,2020-10-05T15:52:04Z,2026-04-19T03:43:33Z,2026-04-06T22:26:16Z,21922,True,GraphZeppelin,GraphStreamingProject/GraphZeppelin,git@github.com:GraphStreamingProject/GraphZeppelin.git,11
MDEwOlJlcG9zaXRvcnkzMDE0MjA4Mjc=,2020-10-05T13:37:58Z,2026-05-07T11:36:23Z,2026-05-07T11:36:19Z,231,True,Modular-MoPSS-Hive-Gate,RefinementReferenceCenter/Modular-MoPSS-Hive-Gate,git@github.com:RefinementReferenceCenter/Modular-MoPSS-Hive-Gate.git,0
MDEwOlJlcG9zaXRvcnkzMDE0MTM0NDk=,2020-10-05T13:12:49Z,2026-04-28T20:38:31Z,2026-04-28T20:38:27Z,991,False,Spell-Perk-Item-Distributor,powerof3/Spell-Perk-Item-Distributor,git@github.com:powerof3/Spell-Perk-Item-Distributor.git,35
MDEwOlJlcG9zaXRvcnkzMDEzNzY3MzA=,2020-10-05T10:53:50Z,2026-04-25T16:08:24Z,2026-04-09T17:48:57Z,271,True,uVkCompute,google/uVkCompute,git@github.com:google/uVkCompute.git,264
MDEwOlJlcG9zaXRvcnkzMDEyMzMyMTk=,2020-10-04T21:41:58Z,2026-05-02T09:56:55Z,2026-04-10T18:11:25Z,407417,False,immersive-analytics-in-space-weather,disha13sardana/immersive-analytics-in-space-weather,git@github.com:disha13sardana/immersive-analytics-in-space-weather.git,2
MDEwOlJlcG9zaXRvcnkzMDA5MTM4NTE=,2020-10-03T15:33:40Z,2026-03-30T22:33:38Z,2026-03-30T22:33:34Z,571,False,dak,pierrebai/dak,git@github.com:pierrebai/dak.git,2
MDEwOlJlcG9zaXRvcnkzMDA4NjEwMzU=,2020-10-03T11:10:28Z,2026-04-02T21:10:14Z,2026-04-30T09:47:32Z,1616,True,triggeralgs,DUNE-DAQ/triggeralgs,git@github.com:DUNE-DAQ/triggeralgs.git,0
MDEwOlJlcG9zaXRvcnkzMDA3NTQ2MzA=,2020-10-02T23:06:00Z,2026-03-24T01:40:41Z,2026-03-06T16:59:37Z,294,False,sls-b3ck-edit,b3ck/sls-b3ck-edit,git@github.com:b3ck/sls-b3ck-edit.git,22
MDEwOlJlcG9zaXRvcnkzMDA3NDM2Nzk=,2020-10-02T21:50:14Z,2026-05-07T00:04:05Z,2026-05-07T00:04:04Z,378,True,pytorch_backend,triton-inference-server/pytorch_backend,git@github.com:triton-inference-server/pytorch_backend.git,177
MDEwOlJlcG9zaXRvcnkzMDA3MzIzNDA=,2020-10-02T20:45:47Z,2026-05-06T13:06:46Z,2026-05-06T13:05:48Z,31025,True,cwipc_kinect,cwi-dis/cwipc_kinect,git@github.com:cwi-dis/cwipc_kinect.git,0
MDEwOlJlcG9zaXRvcnkzMDA1ODY5NDE=,2020-10-02T11:00:58Z,2026-04-23T21:56:32Z,2026-04-23T21:56:29Z,153,True,cmdlib,DUNE-DAQ/cmdlib,git@github.com:DUNE-DAQ/cmdlib.git,0
MDEwOlJlcG9zaXRvcnkzMDAzMjIxNjc=,2020-10-01T15:09:29Z,2026-04-21T17:01:55Z,2026-04-21T17:01:51Z,9436,False,clboss,ksedgwic/clboss,git@github.com:ksedgwic/clboss.git,223
MDEwOlJlcG9zaXRvcnkzMDAxODM3MDI=,2020-10-01T07:15:14Z,2026-04-27T09:28:24Z,2026-04-23T12:06:16Z,694,False,mimismart,oldstone88/mimismart,git@github.com:oldstone88/mimismart.git,10
MDEwOlJlcG9zaXRvcnkzMDAxNTUyMTc=,2020-10-01T05:23:57Z,2026-05-06T20:45:52Z,2026-05-07T08:42:30Z,454782,True,online,CollaboraOnline/online,git@github.com:CollaboraOnline/online.git,3202
MDEwOlJlcG9zaXRvcnkzMDAxNDU5MzU=,2020-10-01T04:44:15Z,2026-04-20T04:05:03Z,2026-04-20T04:04:58Z,125,True,fminc,fmidev/fminc,git@github.com:fmidev/fminc.git,0
MDEwOlJlcG9zaXRvcnkzMDAwMTMyMzE=,2020-09-30T18:19:36Z,2026-05-04T19:56:19Z,2026-03-27T16:50:58Z,45924,True,SMACC2,robosoft-ai/SMACC2,git@github.com:robosoft-ai/SMACC2.git,359
MDEwOlJlcG9zaXRvcnkzMDAwMDU5OTI=,2020-09-30T17:53:32Z,2026-04-18T16:13:46Z,2026-04-18T16:13:43Z,144,True,Commons,Scaly-Sphere-Studio/Commons,git@github.com:Scaly-Sphere-Studio/Commons.git,0
MDEwOlJlcG9zaXRvcnkyOTk5Nzk1OTA=,2020-09-30T16:19:05Z,2026-03-04T07:25:43Z,2026-03-04T07:25:51Z,29,True,utfconv,mbits-libs/utfconv,git@github.com:mbits-libs/utfconv.git,6
MDEwOlJlcG9zaXRvcnkyOTk4OTgzMDU=,2020-09-30T11:33:33Z,2026-05-01T09:59:46Z,2026-05-05T13:32:36Z,10893,True,libsemigroups_pybind11,libsemigroups/libsemigroups_pybind11,git@github.com:libsemigroups/libsemigroups_pybind11.git,11
MDEwOlJlcG9zaXRvcnkyOTk4OTMzMzA=,2020-09-30T11:10:47Z,2026-03-24T17:54:18Z,2026-03-26T08:50:54Z,5611,False,gbs,ssg-aero/gbs,git@github.com:ssg-aero/gbs.git,45
MDEwOlJlcG9zaXRvcnkyOTk2OTU3NDc=,2020-09-29T17:53:08Z,2026-04-21T13:56:33Z,2026-04-16T12:21:36Z,34025,False,dcm_qa_ge,neurolabusc/dcm_qa_ge,git@github.com:neurolabusc/dcm_qa_ge.git,3
MDEwOlJlcG9zaXRvcnkyOTk2NDg5MzA=,2020-09-29T14:50:39Z,2026-05-05T21:07:01Z,2026-04-05T01:32:52Z,74,True,MapDegrader,ParadoxGameConverters/MapDegrader,git@github.com:ParadoxGameConverters/MapDegrader.git,4
MDEwOlJlcG9zaXRvcnkyOTk1MTg4Mzg=,2020-09-29T05:59:52Z,2026-05-01T00:45:29Z,2026-05-01T00:45:25Z,9327,True,keytool-cli,BlockchainCommons/keytool-cli,git@github.com:BlockchainCommons/keytool-cli.git,6
MDEwOlJlcG9zaXRvcnkyOTk1MTA3ODM=,2020-09-29T05:12:48Z,2026-05-07T09:28:40Z,2026-05-07T03:21:05Z,26722,False,mold,rui314/mold,git@github.com:rui314/mold.git,16467
MDEwOlJlcG9zaXRvcnkyOTkzODc1ODU=,2020-09-28T17:47:16Z,2026-04-10T15:58:12Z,2026-04-10T15:58:08Z,631,True,simZMQ,CoppeliaRobotics/simZMQ,git@github.com:CoppeliaRobotics/simZMQ.git,3
MDEwOlJlcG9zaXRvcnkyOTkzNzI2MDI=,2020-09-28T16:47:10Z,2026-05-04T03:18:53Z,2026-05-04T03:18:48Z,12826,True,minecraft-pi-reborn,MCPI-Revival/minecraft-pi-reborn,git@github.com:MCPI-Revival/minecraft-pi-reborn.git,284
MDEwOlJlcG9zaXRvcnkyOTkzNjQwODc=,2020-09-28T16:13:51Z,2026-03-25T20:11:26Z,2026-03-26T21:33:16Z,474,True,spectatord,Netflix-Skunkworks/spectatord,git@github.com:Netflix-Skunkworks/spectatord.git,28
MDEwOlJlcG9zaXRvcnkyOTkzMTM1MDQ=,2020-09-28T13:12:58Z,2026-05-03T14:31:58Z,2026-05-03T14:42:44Z,16950,True,StencilStream,pc2/StencilStream,git@github.com:pc2/StencilStream.git,17
MDEwOlJlcG9zaXRvcnkyOTkzMDI4MDQ=,2020-09-28T12:33:02Z,2026-04-02T21:04:14Z,2026-04-02T21:04:11Z,165,True,restcmd,DUNE-DAQ/restcmd,git@github.com:DUNE-DAQ/restcmd.git,0
MDEwOlJlcG9zaXRvcnkyOTkyNDUxNzI=,2020-09-28T08:43:02Z,2026-03-11T11:06:46Z,2026-03-11T11:06:42Z,31601,False,bistablehistory,alexander-pastukhov/bistablehistory,git@github.com:alexander-pastukhov/bistablehistory.git,0
MDEwOlJlcG9zaXRvcnkyOTkyMzAwOTU=,2020-09-28T07:47:18Z,2026-04-29T16:14:48Z,2026-04-29T16:14:44Z,8442,True,zed-ros2-examples,stereolabs/zed-ros2-examples,git@github.com:stereolabs/zed-ros2-examples.git,66
MDEwOlJlcG9zaXRvcnkyOTkxMTczOTY=,2020-09-27T20:54:17Z,2026-03-02T10:00:36Z,2026-03-02T10:00:23Z,297,False,kicker-elo,wheeland/kicker-elo,git@github.com:wheeland/kicker-elo.git,1
MDEwOlJlcG9zaXRvcnkyOTkxMDQwNjY=,2020-09-27T19:28:26Z,2026-04-02T18:03:01Z,2026-03-28T18:33:51Z,313,False,SlackLogViewer,thayakawa-gh/SlackLogViewer,git@github.com:thayakawa-gh/SlackLogViewer.git,236
MDEwOlJlcG9zaXRvcnkyOTkxMDAyMDI=,2020-09-27T19:04:48Z,2026-05-06T14:42:31Z,2026-03-14T20:43:15Z,1636,False,esphome-vistaECP,Dilbert66/esphome-vistaECP,git@github.com:Dilbert66/esphome-vistaECP.git,177
MDEwOlJlcG9zaXRvcnkyOTg5NjQ5NDc=,2020-09-27T06:06:57Z,2026-03-05T06:44:40Z,2026-03-05T06:44:35Z,11,True,20200924-homework-basic,nanshan-high-school/20200924-homework-basic,git@github.com:nanshan-high-school/20200924-homework-basic.git,0
MDEwOlJlcG9zaXRvcnkyOTg4OTU1Nzg=,2020-09-26T20:36:17Z,2026-05-05T19:21:55Z,2026-03-06T00:02:25Z,271011,False,pybullet,TonyIvchenko/pybullet,git@github.com:TonyIvchenko/pybullet.git,1
MDEwOlJlcG9zaXRvcnkyOTg4NjU3Mjg=,2020-09-26T17:30:16Z,2026-04-03T02:40:38Z,2026-04-03T02:42:40Z,814,False,ITKAdaptiveDenoising,ntustison/ITKAdaptiveDenoising,git@github.com:ntustison/ITKAdaptiveDenoising.git,1
MDEwOlJlcG9zaXRvcnkyOTg3NzI3Mzc=,2020-09-26T08:41:01Z,2026-04-04T11:29:51Z,2026-04-20T22:23:33Z,27874,False,EmulationStation-fcamod,christianhaitian/EmulationStation-fcamod,git@github.com:christianhaitian/EmulationStation-fcamod.git,35
MDEwOlJlcG9zaXRvcnkyOTg3MDk1NDI=,2020-09-26T00:54:18Z,2026-05-06T10:49:00Z,2026-05-06T10:48:56Z,5777,True,harbour-sailfin,heartfin/harbour-sailfin,git@github.com:heartfin/harbour-sailfin.git,23
MDEwOlJlcG9zaXRvcnkyOTg2NDI4ODg=,2020-09-25T17:50:48Z,2026-04-28T15:32:27Z,2026-05-06T08:55:30Z,160,True,yarp-device-realsense2,robotology/yarp-device-realsense2,git@github.com:robotology/yarp-device-realsense2.git,8
MDEwOlJlcG9zaXRvcnkyOTg2MTk4ODE=,2020-09-25T16:05:36Z,2026-03-10T16:18:52Z,2026-03-10T16:18:48Z,284453,False,reconbench-CMake,raphaelsulzer/reconbench-CMake,git@github.com:raphaelsulzer/reconbench-CMake.git,0
MDEwOlJlcG9zaXRvcnkyOTg2MDE0MTg=,2020-09-25T14:49:13Z,2026-04-28T10:36:02Z,2026-04-29T08:56:48Z,13127,True,protocentral-pulse-express,Protocentral/protocentral-pulse-express,git@github.com:Protocentral/protocentral-pulse-express.git,19
MDEwOlJlcG9zaXRvcnkyOTgzMjQwNTU=,2020-09-24T15:45:15Z,2026-04-18T03:52:11Z,2026-03-23T14:38:05Z,2545,False,buildexes,sei-eschwartz/buildexes,git@github.com:sei-eschwartz/buildexes.git,2
MDEwOlJlcG9zaXRvcnkyOTgzMDIyNDk=,2020-09-24T14:22:12Z,2026-03-10T12:58:26Z,2026-03-10T12:58:25Z,41099,True,quickstart-desktop-cpp,Banuba/quickstart-desktop-cpp,git@github.com:Banuba/quickstart-desktop-cpp.git,4
MDEwOlJlcG9zaXRvcnkyOTgyNzg2MzU=,2020-09-24T12:54:36Z,2026-03-16T06:33:24Z,2026-03-16T06:33:21Z,324,False,RaspberryPiRC,TSKangetsu/RaspberryPiRC,git@github.com:TSKangetsu/RaspberryPiRC.git,4
MDEwOlJlcG9zaXRvcnkyOTgyNTU3MDY=,2020-09-24T11:18:20Z,2026-05-07T09:13:56Z,2026-04-07T20:11:32Z,12428,False,dgVoodoo2,dege-diosg/dgVoodoo2,git@github.com:dege-diosg/dgVoodoo2.git,1499
MDEwOlJlcG9zaXRvcnkyOTgyMjkxOTg=,2020-09-24T09:20:55Z,2026-03-13T07:43:54Z,2026-03-13T13:10:30Z,1197,True,plugin_Limex,UG4/plugin_Limex,git@github.com:UG4/plugin_Limex.git,0
MDEwOlJlcG9zaXRvcnkyOTgxNzM1MDU=,2020-09-24T05:00:11Z,2026-03-26T06:17:37Z,2026-03-26T06:17:32Z,491,False,nn-engine,streed/nn-engine,git@github.com:streed/nn-engine.git,0
MDEwOlJlcG9zaXRvcnkyOTc5NTI0MjE=,2020-09-23T11:47:17Z,2026-03-20T13:17:17Z,2026-03-20T13:17:38Z,13775,True,ISSSort,ISOLDESolenoidalSpectrometer/ISSSort,git@github.com:ISOLDESolenoidalSpectrometer/ISSSort.git,4
MDEwOlJlcG9zaXRvcnkyOTc5MjU4NjI=,2020-09-23T09:53:22Z,2026-05-04T08:53:22Z,2026-05-05T00:45:51Z,11143,True,dynaflow-launcher,dynawo/dynaflow-launcher,git@github.com:dynawo/dynaflow-launcher.git,9
MDEwOlJlcG9zaXRvcnkyOTc4ODMxMjI=,2020-09-23T07:05:04Z,2026-05-06T16:41:39Z,2026-05-07T08:55:28Z,320086,True,WindowsAppSDK-Samples,microsoft/WindowsAppSDK-Samples,git@github.com:microsoft/WindowsAppSDK-Samples.git,963
MDEwOlJlcG9zaXRvcnkyOTc4NjYzNTk=,2020-09-23T05:49:26Z,2026-03-24T13:04:26Z,2026-05-06T22:55:39Z,89090,True,tRIBS,tRIBS-Model/tRIBS,git@github.com:tRIBS-Model/tRIBS.git,19
MDEwOlJlcG9zaXRvcnkyOTc4MjIzNDE=,2020-09-23T01:51:03Z,2026-05-02T18:06:09Z,2026-03-08T20:45:25Z,8554,True,tapa,UCLA-VAST/tapa,git@github.com:UCLA-VAST/tapa.git,189
MDEwOlJlcG9zaXRvcnkyOTc3NTExOTE=,2020-09-22T19:27:22Z,2026-03-28T22:41:36Z,2026-03-28T22:41:31Z,295,False,PSA-RE,prototux/PSA-RE,git@github.com:prototux/PSA-RE.git,95
MDEwOlJlcG9zaXRvcnkyOTc2OTM0MDc=,2020-09-22T15:34:17Z,2026-04-22T08:31:26Z,2026-04-20T04:47:18Z,171,True,archicad-addon-cmake,GRAPHISOFT/archicad-addon-cmake,git@github.com:GRAPHISOFT/archicad-addon-cmake.git,88
MDEwOlJlcG9zaXRvcnkyOTc2NzIwMDI=,2020-09-22T14:18:35Z,2026-04-29T11:09:21Z,2026-04-21T10:25:35Z,1860,True,dssp,PDB-REDO/dssp,git@github.com:PDB-REDO/dssp.git,262
MDEwOlJlcG9zaXRvcnkyOTc2NjM4MDA=,2020-09-22T13:50:41Z,2026-04-14T10:22:13Z,2026-04-22T09:36:57Z,16463,True,libcifpp,PDB-REDO/libcifpp,git@github.com:PDB-REDO/libcifpp.git,42
MDEwOlJlcG9zaXRvcnkyOTc1MzU2Nzc=,2020-09-22T04:32:20Z,2026-05-07T11:34:51Z,2026-05-07T11:12:41Z,208814,True,libpag,Tencent/libpag,git@github.com:Tencent/libpag.git,5666
MDEwOlJlcG9zaXRvcnkyOTc0MzI1MTc=,2020-09-21T18:53:00Z,2026-05-03T14:57:22Z,2026-05-03T16:36:42Z,1182,False,Everyday_programming,skgautam1010/Everyday_programming,git@github.com:skgautam1010/Everyday_programming.git,0
MDEwOlJlcG9zaXRvcnkyOTc0MDA5NTM=,2020-09-21T16:41:14Z,2026-03-18T10:46:42Z,2026-03-18T10:46:15Z,843,True,hardware_lineage_interfaces,yaap/hardware_lineage_interfaces,git@github.com:yaap/hardware_lineage_interfaces.git,0
MDEwOlJlcG9zaXRvcnkyOTczNjIzNTI=,2020-09-21T14:19:26Z,2026-04-10T17:12:29Z,2026-04-10T17:12:25Z,37,True,simSubprocess,CoppeliaRobotics/simSubprocess,git@github.com:CoppeliaRobotics/simSubprocess.git,0
MDEwOlJlcG9zaXRvcnkyOTczNDA5NDQ=,2020-09-21T13:01:56Z,2026-05-07T10:44:05Z,2026-05-06T07:27:13Z,866,False,axpbox,lenticularis39/axpbox,git@github.com:lenticularis39/axpbox.git,190
MDEwOlJlcG9zaXRvcnkyOTczMDIwNjM=,2020-09-21T10:14:04Z,2026-05-07T11:23:15Z,2026-05-07T11:16:34Z,97000,True,memgraph,memgraph/memgraph,git@github.com:memgraph/memgraph.git,3982
MDEwOlJlcG9zaXRvcnkyOTcxODk2NDg=,2020-09-21T00:31:39Z,2026-05-03T20:33:15Z,2026-05-05T14:12:07Z,1587,False,mrefd,n7tae/mrefd,git@github.com:n7tae/mrefd.git,33
MDEwOlJlcG9zaXRvcnkyOTcxMzcxMTI=,2020-09-20T18:21:21Z,2026-05-01T10:48:58Z,2026-05-01T10:49:07Z,29346,False,cTab,jetelain/cTab,git@github.com:jetelain/cTab.git,12
MDEwOlJlcG9zaXRvcnkyOTcwODQ5MzM=,2020-09-20T13:42:33Z,2026-04-25T11:08:21Z,2026-04-24T15:26:16Z,793,True,android_vendor_qcom_opensource_usb,LineageOS/android_vendor_qcom_opensource_usb,git@github.com:LineageOS/android_vendor_qcom_opensource_usb.git,5
MDEwOlJlcG9zaXRvcnkyOTcwNjU5ODE=,2020-09-20T11:57:01Z,2026-05-05T11:12:52Z,2026-05-03T18:49:15Z,23345,True,UltraVNC,ultravnc/UltraVNC,git@github.com:ultravnc/UltraVNC.git,1320
MDEwOlJlcG9zaXRvcnkyOTcwNDU4ODM=,2020-09-20T09:50:13Z,2026-03-06T04:42:48Z,2026-03-03T22:00:22Z,495484,True,secondo,secondo-database/secondo,git@github.com:secondo-database/secondo.git,15
MDEwOlJlcG9zaXRvcnkyOTcwMDQwMDQ=,2020-09-20T04:49:20Z,2026-05-03T18:48:00Z,2026-04-17T01:38:45Z,15519,True,android_device_google_sunfish,LineageOS/android_device_google_sunfish,git@github.com:LineageOS/android_device_google_sunfish.git,31
MDEwOlJlcG9zaXRvcnkyOTY5MzgwNDY=,2020-09-19T19:30:20Z,2026-04-28T09:05:22Z,2026-04-28T09:05:28Z,340878,True,pag-ios,libpag/pag-ios,git@github.com:libpag/pag-ios.git,112
MDEwOlJlcG9zaXRvcnkyOTY3NTY4NTA=,2020-09-19T00:33:42Z,2026-04-18T16:58:45Z,2026-05-02T03:42:49Z,3858,False,mswpr,asdor/mswpr,git@github.com:asdor/mswpr.git,0
MDEwOlJlcG9zaXRvcnkyOTY2NzI0NDc=,2020-09-18T16:21:28Z,2026-03-05T06:44:50Z,2026-03-05T06:44:46Z,24,True,20200917-homework-basic,nanshan-high-school/20200917-homework-basic,git@github.com:nanshan-high-school/20200917-homework-basic.git,1
MDEwOlJlcG9zaXRvcnkyOTY1MzY2Njg=,2020-09-18T06:44:56Z,2026-04-08T08:07:09Z,2026-04-08T08:07:04Z,482,True,tea-cpp,aliyun/tea-cpp,git@github.com:aliyun/tea-cpp.git,5
MDEwOlJlcG9zaXRvcnkyOTY0OTE1OTM=,2020-09-18T02:21:43Z,2026-05-04T16:02:33Z,2026-05-04T16:02:05Z,299,False,competitive_programming_course,Code-N-Code/competitive_programming_course,git@github.com:Code-N-Code/competitive_programming_course.git,428
MDEwOlJlcG9zaXRvcnkyOTY0MzExMTY=,2020-09-17T20:07:31Z,2026-05-06T13:34:08Z,2026-05-06T13:34:03Z,125698,True,kernel_slicer,Ray-Tracing-Systems/kernel_slicer,git@github.com:Ray-Tracing-Systems/kernel_slicer.git,21
MDEwOlJlcG9zaXRvcnkyOTY0Mjk3OTE=,2020-09-17T20:00:58Z,2026-04-15T17:00:27Z,2026-04-15T17:02:17Z,928,False,FFSM2,andrew-gresyk/FFSM2,git@github.com:andrew-gresyk/FFSM2.git,58
MDEwOlJlcG9zaXRvcnkyOTY0MjM4MDQ=,2020-09-17T19:31:35Z,2026-05-02T14:33:07Z,2026-04-14T21:42:02Z,1114,False,qpxtool,speed47/qpxtool,git@github.com:speed47/qpxtool.git,55
MDEwOlJlcG9zaXRvcnkyOTY0MTY3NjE=,2020-09-17T18:58:41Z,2026-05-07T10:30:46Z,2026-05-07T11:13:39Z,127047,True,cccl,NVIDIA/cccl,git@github.com:NVIDIA/cccl.git,2312
MDEwOlJlcG9zaXRvcnkyOTYzNTgxMzE=,2020-09-17T14:54:11Z,2026-04-25T19:42:44Z,2026-04-25T19:42:41Z,1447,False,lemca,lemairec/lemca,git@github.com:lemairec/lemca.git,0
MDEwOlJlcG9zaXRvcnkyOTYzNDk4MTk=,2020-09-17T14:23:19Z,2026-03-03T08:48:53Z,2026-03-03T08:48:46Z,6035,False,fast-colorthief,bedapisl/fast-colorthief,git@github.com:bedapisl/fast-colorthief.git,57
MDEwOlJlcG9zaXRvcnkyOTYzMjA1NTM=,2020-09-17T12:32:23Z,2026-04-30T17:29:29Z,2026-04-30T17:23:31Z,16932,False,tutoriais,williampilger/tutoriais,git@github.com:williampilger/tutoriais.git,0
MDEwOlJlcG9zaXRvcnkyOTYyMzE4NTI=,2020-09-17T05:50:46Z,2026-04-21T05:40:53Z,2026-04-21T05:40:46Z,37421,True,iphreeqc,phreeqc-dev/iphreeqc,git@github.com:phreeqc-dev/iphreeqc.git,12
MDEwOlJlcG9zaXRvcnkyOTYxNDQwNTM=,2020-09-16T20:44:57Z,2026-04-29T19:14:28Z,2026-04-29T19:14:16Z,72166,False,usher,yatisht/usher,git@github.com:yatisht/usher.git,140
MDEwOlJlcG9zaXRvcnkyOTYwNzk1MzY=,2020-09-16T15:51:59Z,2026-04-30T20:10:22Z,2026-04-30T20:10:11Z,14714,True,skydel-plug-ins,learn-safran-navigation-timing/skydel-plug-ins,git@github.com:learn-safran-navigation-timing/skydel-plug-ins.git,11
MDEwOlJlcG9zaXRvcnkyOTU5OTY5Njg=,2020-09-16T10:14:55Z,2026-04-16T09:40:00Z,2026-04-16T09:40:50Z,404,True,warc2text,bitextor/warc2text,git@github.com:bitextor/warc2text.git,23
MDEwOlJlcG9zaXRvcnkyOTU5ODEzNDI=,2020-09-16T09:09:06Z,2026-04-23T07:58:21Z,2026-04-23T07:58:16Z,516,False,qtmultiprocesssystem,task-jp/qtmultiprocesssystem,git@github.com:task-jp/qtmultiprocesssystem.git,1
MDEwOlJlcG9zaXRvcnkyOTU5MzcwOTI=,2020-09-16T05:56:38Z,2026-05-05T20:24:10Z,2026-05-04T20:20:12Z,152157,True,octave,gnu-octave/octave,git@github.com:gnu-octave/octave.git,604
MDEwOlJlcG9zaXRvcnkyOTU4ODIyOTU=,2020-09-16T00:35:43Z,2026-05-07T10:39:30Z,2026-05-07T10:39:26Z,3881,False,LineVis,chrismile/LineVis,git@github.com:chrismile/LineVis.git,98
MDEwOlJlcG9zaXRvcnkyOTU4MzEwNDk=,2020-09-15T19:36:45Z,2026-05-07T03:28:29Z,2026-05-07T03:42:50Z,3336,True,device-detection-python,51Degrees/device-detection-python,git@github.com:51Degrees/device-detection-python.git,0
MDEwOlJlcG9zaXRvcnkyOTU4MTk2ODQ=,2020-09-15T18:45:23Z,2026-04-28T08:27:15Z,2026-03-14T18:14:19Z,56844,False,GeometricTools,davideberly/GeometricTools,git@github.com:davideberly/GeometricTools.git,1360
MDEwOlJlcG9zaXRvcnkyOTU3MDgwNTI=,2020-09-15T11:39:43Z,2026-03-26T11:07:14Z,2026-04-21T05:05:44Z,1280,True,ThunderInterfaces,rdkcentral/ThunderInterfaces,git@github.com:rdkcentral/ThunderInterfaces.git,4
MDEwOlJlcG9zaXRvcnkyOTU3MDczMjQ=,2020-09-15T11:36:33Z,2026-03-26T11:58:37Z,2026-04-15T10:18:35Z,1472,True,ThunderClientLibraries,rdkcentral/ThunderClientLibraries,git@github.com:rdkcentral/ThunderClientLibraries.git,4
MDEwOlJlcG9zaXRvcnkyOTU2NDUzNzM=,2020-09-15T07:13:44Z,2026-05-07T07:59:54Z,2026-05-07T07:59:50Z,1702,False,steviapp,french-paragon/steviapp,git@github.com:french-paragon/steviapp.git,2
MDEwOlJlcG9zaXRvcnkyOTU1NTk3Mjg=,2020-09-14T23:11:41Z,2026-05-05T01:45:45Z,2026-05-05T01:45:41Z,2327,True,core,triton-inference-server/core,git@github.com:triton-inference-server/core.git,170
MDEwOlJlcG9zaXRvcnkyOTU1NTAzNDc=,2020-09-14T22:12:30Z,2026-05-06T14:00:06Z,2026-04-27T20:28:53Z,41658,True,pti-gpu,intel/pti-gpu,git@github.com:intel/pti-gpu.git,267
MDEwOlJlcG9zaXRvcnkyOTU1MzE3Mzk=,2020-09-14T20:30:30Z,2026-04-02T17:30:17Z,2026-04-02T17:33:56Z,98,True,fprime-vxworks,fprime-community/fprime-vxworks,git@github.com:fprime-community/fprime-vxworks.git,8
MDEwOlJlcG9zaXRvcnkyOTU0Njc3Nzc=,2020-09-14T16:02:05Z,2026-05-01T08:36:30Z,2026-04-28T11:39:50Z,39584,False,StevesUEHelpers,sinbad/StevesUEHelpers,git@github.com:sinbad/StevesUEHelpers.git,283
MDEwOlJlcG9zaXRvcnkyOTUzNjkyOTc=,2020-09-14T09:35:14Z,2026-05-05T07:57:21Z,2026-03-24T07:25:39Z,1564,True,srpc,sogou/srpc,git@github.com:sogou/srpc.git,2137
MDEwOlJlcG9zaXRvcnkyOTUzMzU5NjE=,2020-09-14T07:18:51Z,2026-04-20T12:14:08Z,2026-04-20T12:14:04Z,452,True,Lima-camera-spectralinstrument,soleil-ica/Lima-camera-spectralinstrument,git@github.com:soleil-ica/Lima-camera-spectralinstrument.git,0
MDEwOlJlcG9zaXRvcnkyOTUyNDkyMDI=,2020-09-13T22:31:37Z,2026-03-22T22:05:59Z,2026-03-22T22:06:40Z,137,False,vigilant-waddle,Usagi-Mimi/vigilant-waddle,git@github.com:Usagi-Mimi/vigilant-waddle.git,0
MDEwOlJlcG9zaXRvcnkyOTUyMjUwNTg=,2020-09-13T19:44:23Z,2026-04-27T22:58:31Z,2026-03-15T12:22:05Z,4149,True,react-native-animateable-text,axelra-ag/react-native-animateable-text,git@github.com:axelra-ag/react-native-animateable-text.git,478
MDEwOlJlcG9zaXRvcnkyOTUyMTc1ODI=,2020-09-13T18:59:07Z,2026-04-28T16:24:15Z,2026-04-28T16:24:09Z,15793,False,destroyfx,sophiapoirier/destroyfx,git@github.com:sophiapoirier/destroyfx.git,257
MDEwOlJlcG9zaXRvcnkyOTUxOTU1NTA=,2020-09-13T16:50:40Z,2026-05-07T06:16:12Z,2026-04-26T10:37:27Z,5370,True,KasmVNC,kasmtech/KasmVNC,git@github.com:kasmtech/KasmVNC.git,4918
MDEwOlJlcG9zaXRvcnkyOTUxMzc5NjI=,2020-09-13T11:34:41Z,2026-04-15T20:19:45Z,2026-04-15T20:19:41Z,5136,True,Text-Rendering,Scaly-Sphere-Studio/Text-Rendering,git@github.com:Scaly-Sphere-Studio/Text-Rendering.git,1
MDEwOlJlcG9zaXRvcnkyOTUwNDM5NDE=,2020-09-12T23:34:10Z,2026-05-03T02:22:40Z,2026-05-03T02:22:24Z,55537,True,aruw-mcb,uw-advanced-robotics/aruw-mcb,git@github.com:uw-advanced-robotics/aruw-mcb.git,14
MDEwOlJlcG9zaXRvcnkyOTQ5Nzc0Njk=,2020-09-12T16:02:11Z,2026-05-07T07:56:11Z,2026-05-07T03:05:32Z,85417,False,clink,chrisant996/clink,git@github.com:chrisant996/clink.git,5189
MDEwOlJlcG9zaXRvcnkyOTQ5NjExOTI=,2020-09-12T14:35:37Z,2026-03-21T14:26:28Z,2026-03-21T14:26:23Z,3743,False,bdd-benchmark,ssoelvsten/bdd-benchmark,git@github.com:ssoelvsten/bdd-benchmark.git,24
MDEwOlJlcG9zaXRvcnkyOTQ5MTAzMjY=,2020-09-12T09:17:59Z,2026-04-13T16:49:22Z,2026-03-20T01:25:18Z,109511,True,wfmash,waveygang/wfmash,git@github.com:waveygang/wfmash.git,215
MDEwOlJlcG9zaXRvcnkyOTQ4Mzc5MDA=,2020-09-12T00:19:56Z,2026-03-07T21:36:58Z,2026-03-07T21:36:54Z,6699,False,arduino,wtwarner/arduino,git@github.com:wtwarner/arduino.git,1
MDEwOlJlcG9zaXRvcnkyOTQ4MjE2NDU=,2020-09-11T22:11:01Z,2026-04-10T16:06:17Z,2026-04-10T16:10:09Z,22247,False,scorpion,jendrikseipp/scorpion,git@github.com:jendrikseipp/scorpion.git,20
MDEwOlJlcG9zaXRvcnkyOTQ2NjU5OTE=,2020-09-11T10:34:33Z,2026-04-27T12:04:15Z,2026-05-02T13:04:41Z,4647,True,raptor,seqan/raptor,git@github.com:seqan/raptor.git,53
MDEwOlJlcG9zaXRvcnkyOTQ1NzczNDQ=,2020-09-11T02:48:47Z,2026-04-30T03:53:08Z,2026-04-10T03:16:58Z,2495,True,tensornet,Qihoo360/tensornet,git@github.com:Qihoo360/tensornet.git,334
MDEwOlJlcG9zaXRvcnkyOTQ1NzM3NDk=,2020-09-11T02:29:39Z,2026-05-02T04:05:27Z,2026-04-29T04:31:31Z,68558,False,RabbitRemoteControl,KangLin/RabbitRemoteControl,git@github.com:KangLin/RabbitRemoteControl.git,301
MDEwOlJlcG9zaXRvcnkyOTQ1MzU0OTE=,2020-09-10T22:24:03Z,2026-04-28T08:52:13Z,2026-04-13T22:13:41Z,12315,False,h265nal,chemag/h265nal,git@github.com:chemag/h265nal.git,73
MDEwOlJlcG9zaXRvcnkyOTQ0OTI3Nzg=,2020-09-10T18:37:15Z,2026-05-05T14:12:05Z,2026-05-05T14:07:42Z,48202,True,micm,NCAR/micm,git@github.com:NCAR/micm.git,9
MDEwOlJlcG9zaXRvcnkyOTQ0NjE2MTY=,2020-09-10T16:20:31Z,2026-03-16T14:35:50Z,2026-03-16T14:34:59Z,128081,True,hardware_interfaces,yaap/hardware_interfaces,git@github.com:yaap/hardware_interfaces.git,1
MDEwOlJlcG9zaXRvcnkyOTQ0Mzk2Nzg=,2020-09-10T14:51:59Z,2026-03-16T15:33:44Z,2026-03-16T15:35:28Z,127,True,Arduino_ScienceJournal,arduino-libraries/Arduino_ScienceJournal,git@github.com:arduino-libraries/Arduino_ScienceJournal.git,10
MDEwOlJlcG9zaXRvcnkyOTQzMzYzMzk=,2020-09-10T07:30:13Z,2026-03-06T06:43:38Z,2026-03-06T06:43:35Z,1456,False,cpplib,hotman78/cpplib,git@github.com:hotman78/cpplib.git,4
MDEwOlJlcG9zaXRvcnkyOTQzMTcxMzU=,2020-09-10T05:58:31Z,2026-04-05T12:55:32Z,2026-04-05T12:55:28Z,15894,False,RTControlDualArm,hyujun/RTControlDualArm,git@github.com:hyujun/RTControlDualArm.git,4
MDEwOlJlcG9zaXRvcnkyOTQyMTkyNTI=,2020-09-09T20:14:13Z,2026-04-22T22:12:58Z,2026-04-08T17:11:13Z,25210,True,dali_backend,triton-inference-server/dali_backend,git@github.com:triton-inference-server/dali_backend.git,140
MDEwOlJlcG9zaXRvcnkyOTQxNTc0Nzc=,2020-09-09T15:42:41Z,2026-05-07T08:59:11Z,2026-05-07T06:35:32Z,437904,False,qdomyos-zwift,cagnulein/qdomyos-zwift,git@github.com:cagnulein/qdomyos-zwift.git,792
MDEwOlJlcG9zaXRvcnkyOTQwMzUyNjc=,2020-09-09T07:23:57Z,2026-04-25T17:20:29Z,2026-04-25T17:20:25Z,39,False,XMIME,horsicq/XMIME,git@github.com:horsicq/XMIME.git,3
MDEwOlJlcG9zaXRvcnkyOTQwMjg1ODQ=,2020-09-09T06:53:31Z,2026-03-24T15:12:51Z,2026-03-16T11:31:10Z,159343,True,frameworks_native,yaap/frameworks_native,git@github.com:yaap/frameworks_native.git,2
MDEwOlJlcG9zaXRvcnkyOTQwMjc4ODY=,2020-09-09T06:50:14Z,2026-04-20T15:54:48Z,2026-04-20T15:54:29Z,288150,True,frameworks_av,yaap/frameworks_av,git@github.com:yaap/frameworks_av.git,3
MDEwOlJlcG9zaXRvcnkyOTQwMDgxNDQ=,2020-09-09T05:04:49Z,2026-05-04T07:11:31Z,2026-04-06T14:36:23Z,97538,True,Metabuli,steineggerlab/Metabuli,git@github.com:steineggerlab/Metabuli.git,175
MDEwOlJlcG9zaXRvcnkyOTQwMDc3MzY=,2020-09-09T05:02:12Z,2026-05-06T09:30:06Z,2026-04-14T18:09:19Z,924,True,cmkr,build-cpp/cmkr,git@github.com:build-cpp/cmkr.git,616
MDEwOlJlcG9zaXRvcnkyOTM5NjM0MzQ=,2020-09-09T00:52:37Z,2026-05-06T23:02:22Z,2026-05-05T22:15:42Z,28163,True,phreeqcrm,phreeqc-dev/phreeqcrm,git@github.com:phreeqc-dev/phreeqcrm.git,17
MDEwOlJlcG9zaXRvcnkyOTM4OTc3ODc=,2020-09-08T18:42:11Z,2026-04-15T06:22:04Z,2026-04-15T06:30:23Z,13968,True,lipstick,nemomobile-ux/lipstick,git@github.com:nemomobile-ux/lipstick.git,5
MDEwOlJlcG9zaXRvcnkyOTM4ODIzNjg=,2020-09-08T17:35:05Z,2026-04-07T14:46:25Z,2026-04-07T14:45:15Z,730885,True,ceph,proxmox/ceph,git@github.com:proxmox/ceph.git,14
MDEwOlJlcG9zaXRvcnkyOTM4Njg2MjI=,2020-09-08T16:36:21Z,2026-04-19T15:35:07Z,2026-04-22T14:14:46Z,264,True,describe,boostorg/describe,git@github.com:boostorg/describe.git,78
MDEwOlJlcG9zaXRvcnkyOTM4NTM0MzA=,2020-09-08T15:35:35Z,2026-05-05T19:36:49Z,2026-05-07T03:47:04Z,63608,True,SIREN,Harvard-Neutrino/SIREN,git@github.com:Harvard-Neutrino/SIREN.git,12
MDEwOlJlcG9zaXRvcnkyOTM4NTE2Mjg=,2020-09-08T15:28:54Z,2026-05-06T12:00:27Z,2026-05-05T18:41:43Z,644,False,influxdb-cxx,offa/influxdb-cxx,git@github.com:offa/influxdb-cxx.git,142
MDEwOlJlcG9zaXRvcnkyOTM3OTYxMjM=,2020-09-08T11:57:33Z,2026-05-05T15:57:42Z,2026-05-05T15:57:37Z,15900,True,RealSenseID,realsenseai/RealSenseID,git@github.com:realsenseai/RealSenseID.git,113
MDEwOlJlcG9zaXRvcnkyOTM3OTQwMjA=,2020-09-08T11:48:08Z,2026-05-07T07:32:53Z,2026-05-07T07:32:47Z,28426,True,AdePT,apt-sim/AdePT,git@github.com:apt-sim/AdePT.git,28
MDEwOlJlcG9zaXRvcnkyOTM3NTE2MjY=,2020-09-08T08:40:54Z,2026-05-05T13:43:21Z,2026-04-29T12:04:17Z,20896,False,vym,insilmaril/vym,git@github.com:insilmaril/vym.git,182
MDEwOlJlcG9zaXRvcnkyOTM2NDI0MDg=,2020-09-07T22:10:42Z,2026-03-22T13:13:11Z,2026-03-22T13:13:04Z,45965,False,bluetree,iocafe/bluetree,git@github.com:iocafe/bluetree.git,0
MDEwOlJlcG9zaXRvcnkyOTM2Mzk3OTg=,2020-09-07T21:53:35Z,2026-05-06T16:20:01Z,2026-05-06T16:20:22Z,8488147,True,canvas,NativeScript/canvas,git@github.com:NativeScript/canvas.git,94
MDEwOlJlcG9zaXRvcnkyOTM2MzUzMTk=,2020-09-07T21:24:32Z,2026-04-18T07:45:04Z,2026-03-30T04:10:26Z,40893,False,Q-Zandronum,IgeNiaI/Q-Zandronum,git@github.com:IgeNiaI/Q-Zandronum.git,96
MDEwOlJlcG9zaXRvcnkyOTM2MDg5MTI=,2020-09-07T18:56:55Z,2026-05-04T16:02:19Z,2026-05-02T18:56:47Z,1499,False,libcoro,jbaldwin/libcoro,git@github.com:jbaldwin/libcoro.git,948
MDEwOlJlcG9zaXRvcnkyOTM1ODM1NTY=,2020-09-07T16:52:50Z,2026-05-07T10:05:41Z,2026-05-07T08:43:23Z,1391056,False,ActionRoguelike,tomlooman/ActionRoguelike,git@github.com:tomlooman/ActionRoguelike.git,4433
MDEwOlJlcG9zaXRvcnkyOTM1Nzc2NTI=,2020-09-07T16:25:14Z,2026-05-04T09:04:57Z,2026-05-04T09:04:51Z,5990,True,vvdec,fraunhoferhhi/vvdec,git@github.com:fraunhoferhhi/vvdec.git,552
MDEwOlJlcG9zaXRvcnkyOTM1NzYwMTA=,2020-09-07T16:17:12Z,2026-05-06T11:06:28Z,2026-05-05T07:57:21Z,9131,True,vvenc,fraunhoferhhi/vvenc,git@github.com:fraunhoferhhi/vvenc.git,1182
MDEwOlJlcG9zaXRvcnkyOTM1NTQwNjE=,2020-09-07T14:41:16Z,2026-05-06T10:12:01Z,2026-05-06T14:06:59Z,1000121,False,Exasim,exapde/Exasim,git@github.com:exapde/Exasim.git,83
MDEwOlJlcG9zaXRvcnkyOTM1Mzk1MjE=,2020-09-07T13:43:29Z,2026-05-06T07:20:08Z,2026-05-06T07:20:02Z,65322,False,QtAVPlayer,valbok/QtAVPlayer,git@github.com:valbok/QtAVPlayer.git,430
MDEwOlJlcG9zaXRvcnkyOTM0NzE4ODI=,2020-09-07T08:46:55Z,2026-04-21T08:40:54Z,2026-04-21T08:41:16Z,100,False,FastTrig,RobTillaart/FastTrig,git@github.com:RobTillaart/FastTrig.git,28
MDEwOlJlcG9zaXRvcnkyOTM0NjY3NjE=,2020-09-07T08:25:08Z,2026-04-08T08:51:07Z,2026-04-08T08:51:01Z,265,True,credentials-cpp,aliyun/credentials-cpp,git@github.com:aliyun/credentials-cpp.git,1
MDEwOlJlcG9zaXRvcnkyOTM0NTYyMjU=,2020-09-07T07:38:11Z,2026-05-05T21:07:20Z,2026-05-05T20:58:31Z,6782,False,usdtweak,cpichard/usdtweak,git@github.com:cpichard/usdtweak.git,338
MDEwOlJlcG9zaXRvcnkyOTM0MTA5MTI=,2020-09-07T03:16:44Z,2026-04-02T02:53:24Z,2026-04-02T02:53:21Z,3047,True,zakuro,shiguredo/zakuro,git@github.com:shiguredo/zakuro.git,46
MDEwOlJlcG9zaXRvcnkyOTMzNjUxNDk=,2020-09-06T21:33:57Z,2026-05-05T18:27:57Z,2026-05-05T18:27:53Z,20565,False,flix,okalachev/flix,git@github.com:okalachev/flix.git,891
MDEwOlJlcG9zaXRvcnkyOTMzMjk4NDU=,2020-09-06T17:40:29Z,2026-04-24T13:31:16Z,2026-04-24T13:31:24Z,80,True,lambda2,boostorg/lambda2,git@github.com:boostorg/lambda2.git,25
MDEwOlJlcG9zaXRvcnkyOTI5MTY2NDc=,2020-09-04T18:13:20Z,2026-03-17T15:22:55Z,2026-03-17T15:29:20Z,117532,True,gpispace,cc-hpc-itwm/gpispace,git@github.com:cc-hpc-itwm/gpispace.git,10
MDEwOlJlcG9zaXRvcnkyOTI4ODMxOTM=,2020-09-04T15:29:11Z,2026-05-06T17:07:01Z,2026-05-07T11:06:34Z,1220603,True,dpnp,IntelPython/dpnp,git@github.com:IntelPython/dpnp.git,127
MDEwOlJlcG9zaXRvcnkyOTI4NDEzMzU=,2020-09-04T12:23:19Z,2026-03-20T09:52:22Z,2026-03-20T09:52:19Z,138,False,FlakedTuna,flagarde/FlakedTuna,git@github.com:flagarde/FlakedTuna.git,8
MDEwOlJlcG9zaXRvcnkyOTI4MDU5MjY=,2020-09-04T09:23:45Z,2026-05-05T09:55:22Z,2026-05-05T10:02:13Z,8842,True,nexus,next-exp/nexus,git@github.com:next-exp/nexus.git,8
MDEwOlJlcG9zaXRvcnkyOTI2MjEwNTM=,2020-09-03T16:19:43Z,2026-03-14T21:14:58Z,2026-03-04T16:54:34Z,142007,True,EndpointAI,ARM-software/EndpointAI,git@github.com:ARM-software/EndpointAI.git,224
MDEwOlJlcG9zaXRvcnkyOTI1NzI2ODA=,2020-09-03T13:06:10Z,2026-05-07T07:28:30Z,2026-04-18T15:09:32Z,844985,False,PixelFreeEffects,uu-code007/PixelFreeEffects,git@github.com:uu-code007/PixelFreeEffects.git,606
MDEwOlJlcG9zaXRvcnkyOTI1MDIyNjM=,2020-09-03T07:46:19Z,2026-04-29T09:25:07Z,2026-04-29T09:25:03Z,8214,False,GRFF,kuznetsov-radio/GRFF,git@github.com:kuznetsov-radio/GRFF.git,5
MDEwOlJlcG9zaXRvcnkyOTI0OTczMzI=,2020-09-03T07:24:09Z,2026-04-26T09:30:30Z,2026-03-19T13:39:24Z,1586,True,tasking-framework,DLR-SC/tasking-framework,git@github.com:DLR-SC/tasking-framework.git,17
MDEwOlJlcG9zaXRvcnkyOTI0NDYzNjU=,2020-09-03T02:33:00Z,2026-03-26T05:21:17Z,2026-03-24T01:31:10Z,26820,True,AlarmDecoder-IoT,nutechsoftware/AlarmDecoder-IoT,git@github.com:nutechsoftware/AlarmDecoder-IoT.git,20
MDEwOlJlcG9zaXRvcnkyOTIzOTMzNTc=,2020-09-02T20:59:11Z,2026-05-06T20:55:21Z,2026-05-06T20:55:17Z,14163,False,74HCPU,TheJustMoose/74HCPU,git@github.com:TheJustMoose/74HCPU.git,2
MDEwOlJlcG9zaXRvcnkyOTIzMDcwMTA=,2020-09-02T14:31:09Z,2026-04-02T21:04:26Z,2026-04-06T14:58:24Z,606,True,ipm,DUNE-DAQ/ipm,git@github.com:DUNE-DAQ/ipm.git,0
MDEwOlJlcG9zaXRvcnkyOTIyNzYxMzk=,2020-09-02T12:26:03Z,2026-04-30T03:45:23Z,2026-04-30T07:00:48Z,58946,False,occ,peterspackman/occ,git@github.com:peterspackman/occ.git,28
MDEwOlJlcG9zaXRvcnkyOTIxNTAwOTk=,2020-09-02T01:43:21Z,2026-04-23T03:46:36Z,2026-04-30T05:42:18Z,52956,True,deepin-camera,linuxdeepin/deepin-camera,git@github.com:linuxdeepin/deepin-camera.git,17
MDEwOlJlcG9zaXRvcnkyOTE5MjE5ODg=,2020-09-01T07:00:31Z,2026-05-06T10:50:11Z,2026-04-30T08:11:10Z,8588,False,wasm-vips,kleisauke/wasm-vips,git@github.com:kleisauke/wasm-vips.git,863
MDEwOlJlcG9zaXRvcnkyOTE4NTc0NjI=,2020-09-01T00:43:25Z,2026-05-03T12:15:43Z,2026-04-15T18:04:48Z,1340,True,python_backend,triton-inference-server/python_backend,git@github.com:triton-inference-server/python_backend.git,674
MDEwOlJlcG9zaXRvcnkyOTE4MDk2MTk=,2020-08-31T19:46:23Z,2026-05-04T13:14:45Z,2026-04-17T19:24:01Z,329227,True,FMT,Bureau-du-Forestier-en-chef/FMT,git@github.com:Bureau-du-Forestier-en-chef/FMT.git,16
MDEwOlJlcG9zaXRvcnkyOTE3OTI4OTA=,2020-08-31T18:24:20Z,2026-05-04T19:06:08Z,2026-05-06T15:26:47Z,3400,False,Lightpad,djeada/Lightpad,git@github.com:djeada/Lightpad.git,18
MDEwOlJlcG9zaXRvcnkyOTE3MzA0NTk=,2020-08-31T14:00:17Z,2026-03-21T19:37:51Z,2026-03-21T19:37:48Z,422,True,mosalloc,technion-csl/mosalloc,git@github.com:technion-csl/mosalloc.git,1
MDEwOlJlcG9zaXRvcnkyOTE3MTc4Nzc=,2020-08-31T13:07:20Z,2026-04-17T18:17:31Z,2026-03-17T00:28:53Z,266,True,Arduino_EdgeControl,arduino-libraries/Arduino_EdgeControl,git@github.com:arduino-libraries/Arduino_EdgeControl.git,11
MDEwOlJlcG9zaXRvcnkyOTE2NTY5Mjg=,2020-08-31T08:21:41Z,2026-04-29T19:16:59Z,2026-04-29T19:16:53Z,41,False,megalinker,MartinezTorres/megalinker,git@github.com:MartinezTorres/megalinker.git,8
MDEwOlJlcG9zaXRvcnkyOTE2MjkwOTU=,2020-08-31T06:05:01Z,2026-04-07T01:55:12Z,2026-04-07T01:55:04Z,1186,False,whatevering,jendralhxr/whatevering,git@github.com:jendralhxr/whatevering.git,0
MDEwOlJlcG9zaXRvcnkyOTE1OTE3OTI=,2020-08-31T02:11:47Z,2026-03-18T12:36:53Z,2026-03-18T12:36:48Z,2874,False,gpcl,fuzy112/gpcl,git@github.com:fuzy112/gpcl.git,1
MDEwOlJlcG9zaXRvcnkyOTE1NTYzNjQ=,2020-08-30T21:41:02Z,2026-04-27T05:40:57Z,2026-04-16T22:46:30Z,19043,True,oxide,Eeems-Org/oxide,git@github.com:Eeems-Org/oxide.git,271
MDEwOlJlcG9zaXRvcnkyOTE1MzYzNzk=,2020-08-30T19:19:34Z,2026-05-05T14:44:17Z,2026-05-07T03:51:28Z,639550,True,quad-sdk,robomechanics/quad-sdk,git@github.com:robomechanics/quad-sdk.git,929
MDEwOlJlcG9zaXRvcnkyOTEzNzc0Nzg=,2020-08-30T01:25:16Z,2026-05-07T04:49:06Z,2026-03-26T01:16:40Z,38961,True,bfbb,bfbbdecomp/bfbb,git@github.com:bfbbdecomp/bfbb.git,175
MDEwOlJlcG9zaXRvcnkyOTEzNTEyMjU=,2020-08-29T21:22:26Z,2026-05-04T00:40:54Z,2026-05-04T00:40:49Z,7426,False,dwm,dk949/dwm,git@github.com:dk949/dwm.git,0
MDEwOlJlcG9zaXRvcnkyOTEyODUxNTM=,2020-08-29T14:18:25Z,2026-05-06T05:59:16Z,2026-04-26T10:03:37Z,2078,True,eModbus,eModbus/eModbus,git@github.com:eModbus/eModbus.git,494
MDEwOlJlcG9zaXRvcnkyOTEyNzk0NTg=,2020-08-29T13:46:19Z,2026-05-05T20:01:21Z,2026-05-06T10:14:12Z,644,False,SCFD-all,oryabkov/SCFD-all,git@github.com:oryabkov/SCFD-all.git,1
MDEwOlJlcG9zaXRvcnkyOTEyNjM3NDA=,2020-08-29T12:06:39Z,2026-03-18T02:03:57Z,2026-03-18T14:01:57Z,58978,True,SimpleGameEngine,Simple-XX/SimpleGameEngine,git@github.com:Simple-XX/SimpleGameEngine.git,22
MDEwOlJlcG9zaXRvcnkyOTEyNjAxMjM=,2020-08-29T11:41:26Z,2026-05-06T23:55:08Z,2026-04-19T21:23:20Z,289443,True,tp,zeldaret/tp,git@github.com:zeldaret/tp.git,1794
MDEwOlJlcG9zaXRvcnkyOTExOTY3NjM=,2020-08-29T03:58:33Z,2026-03-23T18:54:07Z,2026-03-23T18:54:09Z,12817,False,FWDataViz,shriprem/FWDataViz,git@github.com:shriprem/FWDataViz.git,47
MDEwOlJlcG9zaXRvcnkyOTExNzM1NDA=,2020-08-29T00:45:11Z,2026-05-07T07:44:08Z,2026-04-02T14:07:46Z,40108,False,matplotplusplus,alandefreitas/matplotplusplus,git@github.com:alandefreitas/matplotplusplus.git,4871
MDEwOlJlcG9zaXRvcnkyOTExNjk0NTY=,2020-08-29T00:08:02Z,2026-05-07T06:57:36Z,2026-04-22T14:14:46Z,12540,True,parser,boostorg/parser,git@github.com:boostorg/parser.git,179
MDEwOlJlcG9zaXRvcnkyOTExNTQwNTA=,2020-08-28T22:01:17Z,2026-03-24T14:50:17Z,2026-03-24T14:50:01Z,48,True,elrepo-scripts,elrepo/elrepo-scripts,git@github.com:elrepo/elrepo-scripts.git,3
MDEwOlJlcG9zaXRvcnkyOTEwNzA2MzA=,2020-08-28T14:43:26Z,2026-05-07T09:49:17Z,2026-05-07T09:49:13Z,1602,False,Android_UE_Dumper_CN,Alivali94/Android_UE_Dumper_CN,git@github.com:Alivali94/Android_UE_Dumper_CN.git,1
MDEwOlJlcG9zaXRvcnkyOTEwMzYzOTc=,2020-08-28T12:05:30Z,2026-04-14T16:19:30Z,2026-04-14T16:19:25Z,68,False,CanAirIO_fixed_station,hpsaturn/CanAirIO_fixed_station,git@github.com:hpsaturn/CanAirIO_fixed_station.git,1
MDEwOlJlcG9zaXRvcnkyOTEwMjQ2MDg=,2020-08-28T11:02:01Z,2026-04-24T06:57:15Z,2026-05-07T08:52:21Z,2664,False,draco,dincarnato/draco,git@github.com:dincarnato/draco.git,15
MDEwOlJlcG9zaXRvcnkyOTA5OTMyNjg=,2020-08-28T08:28:54Z,2026-04-21T12:48:23Z,2026-05-02T18:39:26Z,361,True,win-split-tunnel,mullvad/win-split-tunnel,git@github.com:mullvad/win-split-tunnel.git,61
MDEwOlJlcG9zaXRvcnkyOTA5NjcwNjY=,2020-08-28T06:18:18Z,2026-05-07T08:02:04Z,2026-05-07T09:03:08Z,189835,True,scenario_simulator_v2,tier4/scenario_simulator_v2,git@github.com:tier4/scenario_simulator_v2.git,151
MDEwOlJlcG9zaXRvcnkyOTA5MzE4NjI=,2020-08-28T02:31:35Z,2026-05-06T14:57:20Z,2026-05-06T14:42:18Z,1265264,False,SmartSpin2k,doudar/SmartSpin2k,git@github.com:doudar/SmartSpin2k.git,268
MDEwOlJlcG9zaXRvcnkyOTA3NzczMDI=,2020-08-27T13:05:10Z,2026-04-27T05:27:00Z,2026-04-27T05:26:53Z,3487,True,TenniS,TenniS-Open/TenniS,git@github.com:TenniS-Open/TenniS.git,15
MDEwOlJlcG9zaXRvcnkyOTA3MTA4MTM=,2020-08-27T07:44:44Z,2026-03-16T13:41:56Z,2026-03-16T13:41:51Z,484,True,openj9-utils,eclipse-openj9/openj9-utils,git@github.com:eclipse-openj9/openj9-utils.git,17
MDEwOlJlcG9zaXRvcnkyOTA3MTAzNTE=,2020-08-27T07:42:19Z,2026-04-14T07:43:20Z,2026-03-10T20:45:02Z,366,True,pkg-example,gnu-octave/pkg-example,git@github.com:gnu-octave/pkg-example.git,14
MDEwOlJlcG9zaXRvcnkyOTA3MDAxMjI=,2020-08-27T06:54:15Z,2026-04-16T06:48:03Z,2026-04-16T07:42:51Z,231,True,PLCnext_CLI_Templates,PLCnext/PLCnext_CLI_Templates,git@github.com:PLCnext/PLCnext_CLI_Templates.git,2
MDEwOlJlcG9zaXRvcnkyOTA2NzU5NzU=,2020-08-27T04:33:51Z,2026-04-25T14:24:39Z,2026-04-25T22:50:25Z,8957,False,removert,gisbi-kim/removert,git@github.com:gisbi-kim/removert.git,634
MDEwOlJlcG9zaXRvcnkyOTA1NzM3Nzk=,2020-08-26T18:25:17Z,2026-05-06T16:04:11Z,2026-04-02T05:02:58Z,2419,False,KasperskyHook,iPower/KasperskyHook,git@github.com:iPower/KasperskyHook.git,1294
MDEwOlJlcG9zaXRvcnkyOTAzNzIwMTE=,2020-08-26T02:14:08Z,2026-05-06T16:17:02Z,2026-05-06T21:42:38Z,322,True,onnxruntime_backend,triton-inference-server/onnxruntime_backend,git@github.com:triton-inference-server/onnxruntime_backend.git,175
MDEwOlJlcG9zaXRvcnkyOTAzMzA2MzU=,2020-08-25T21:47:14Z,2026-05-06T23:07:00Z,2026-05-05T18:19:12Z,315917,True,isce3,isce-framework/isce3,git@github.com:isce-framework/isce3.git,208
MDEwOlJlcG9zaXRvcnkyOTAzMjE3Nzk=,2020-08-25T20:55:35Z,2026-03-06T09:42:29Z,2026-03-06T09:42:25Z,6455,True,PCSX2-Core,OpenEmu/PCSX2-Core,git@github.com:OpenEmu/PCSX2-Core.git,16
MDEwOlJlcG9zaXRvcnkyOTAzMTc2MDc=,2020-08-25T20:33:38Z,2026-05-06T20:26:07Z,2026-03-11T16:31:22Z,152799,True,NG-Scope,PrincetonUniversity/NG-Scope,git@github.com:PrincetonUniversity/NG-Scope.git,49
MDEwOlJlcG9zaXRvcnkyOTAzMDE2ODk=,2020-08-25T19:12:08Z,2026-04-06T14:43:05Z,2026-04-06T14:43:01Z,12,False,die-class,lr626019/die-class,git@github.com:lr626019/die-class.git,0
MDEwOlJlcG9zaXRvcnkyOTAyMzMzNTQ=,2020-08-25T14:12:07Z,2026-04-19T05:51:17Z,2026-04-19T05:51:13Z,65,True,cameratransformation,spearuav/cameratransformation,git@github.com:spearuav/cameratransformation.git,0
MDEwOlJlcG9zaXRvcnkyOTAxNTc5Mjg=,2020-08-25T08:24:42Z,2026-05-05T17:12:58Z,2026-04-18T11:41:43Z,16107,False,PrimeXT,SNMetamorph/PrimeXT,git@github.com:SNMetamorph/PrimeXT.git,154
MDEwOlJlcG9zaXRvcnkyOTAxMzgzMTk=,2020-08-25T06:55:38Z,2026-05-07T08:38:21Z,2026-05-06T21:07:44Z,33711,True,antimicrox,AntiMicroX/antimicrox,git@github.com:AntiMicroX/antimicrox.git,3643
MDEwOlJlcG9zaXRvcnkyOTAxMzIzOTI=,2020-08-25T06:26:48Z,2026-03-25T16:34:14Z,2026-03-25T16:34:09Z,3413,True,grampc-d,grampc/grampc-d,git@github.com:grampc/grampc-d.git,13
MDEwOlJlcG9zaXRvcnkyODk5MTE2MzQ=,2020-08-24T11:41:30Z,2026-04-23T08:23:29Z,2026-04-23T08:23:24Z,1175,True,2captcha-cpp,2captcha/2captcha-cpp,git@github.com:2captcha/2captcha-cpp.git,22
MDEwOlJlcG9zaXRvcnkyODk4Mjk0MjM=,2020-08-24T04:40:42Z,2026-05-06T21:17:02Z,2026-05-07T11:13:36Z,417959,True,thorvg,thorvg/thorvg,git@github.com:thorvg/thorvg.git,1547
MDEwOlJlcG9zaXRvcnkyODk4MjYxNjU=,2020-08-24T04:17:16Z,2026-05-06T08:35:07Z,2026-03-02T10:45:17Z,557,True,Extending-and-Modifying-LAMMPS-Writing-Your-Own-Source-Code,PacktPublishing/Extending-and-Modifying-LAMMPS-Writing-Your-Own-Source-Code,git@github.com:PacktPublishing/Extending-and-Modifying-LAMMPS-Writing-Your-Own-Source-Code.git,117
MDEwOlJlcG9zaXRvcnkyODk4MTk5OTQ=,2020-08-24T03:38:02Z,2026-04-02T14:31:28Z,2026-05-06T18:47:57Z,5102,True,loimos,loimos/loimos,git@github.com:loimos/loimos.git,3
MDEwOlJlcG9zaXRvcnkyODk1NzExMjQ=,2020-08-22T21:38:34Z,2026-05-05T00:19:27Z,2026-05-05T00:19:24Z,569,False,vlr-util,nick42/vlr-util,git@github.com:nick42/vlr-util.git,1
MDEwOlJlcG9zaXRvcnkyODk0NjQ1NTg=,2020-08-22T10:11:23Z,2026-05-02T05:50:48Z,2026-05-02T05:50:45Z,71,False,GLSLCompiler,hyzboy/GLSLCompiler,git@github.com:hyzboy/GLSLCompiler.git,2
MDEwOlJlcG9zaXRvcnkyODk0NDQ2NDM=,2020-08-22T07:50:15Z,2026-05-03T12:56:05Z,2026-05-03T12:56:01Z,605,False,libov,gisogrimm/libov,git@github.com:gisogrimm/libov.git,2
MDEwOlJlcG9zaXRvcnkyODk0NDAyMjc=,2020-08-22T07:19:20Z,2026-04-26T09:06:16Z,2026-04-26T09:06:12Z,3948,True,akashi,AttorneyOnline/akashi,git@github.com:AttorneyOnline/akashi.git,8
MDEwOlJlcG9zaXRvcnkyODkzMzQzNTA=,2020-08-21T18:05:51Z,2026-04-12T11:22:32Z,2026-04-13T20:15:56Z,3619,False,mexce,imakris/mexce,git@github.com:imakris/mexce.git,4
MDEwOlJlcG9zaXRvcnkyODkzMjI3NzY=,2020-08-21T17:05:18Z,2026-05-04T18:36:13Z,2026-05-04T18:37:54Z,2989,True,asql,cutelyst/asql,git@github.com:cutelyst/asql.git,70
MDEwOlJlcG9zaXRvcnkyODkyOTUwNjI=,2020-08-21T14:54:19Z,2026-03-02T13:18:50Z,2026-03-02T13:18:46Z,107,False,advection_miniapp,kronbichler/advection_miniapp,git@github.com:kronbichler/advection_miniapp.git,7
MDEwOlJlcG9zaXRvcnkyODkyNDgxNzA=,2020-08-21T11:01:27Z,2026-03-12T12:59:00Z,2026-03-12T12:58:56Z,132,False,quantlearn,sankalpgambhir/quantlearn,git@github.com:sankalpgambhir/quantlearn.git,0
MDEwOlJlcG9zaXRvcnkyODg4NTQwNTM=,2020-08-19T22:52:23Z,2026-05-04T23:07:55Z,2026-05-06T20:13:29Z,12744,False,monero-lws,vtnerd/monero-lws,git@github.com:vtnerd/monero-lws.git,107
MDEwOlJlcG9zaXRvcnkyODg4NDkzNDg=,2020-08-19T22:19:24Z,2026-04-28T12:56:43Z,2026-05-05T19:30:33Z,75427,True,Adafruit_Wippersnapper_Arduino,adafruit/Adafruit_Wippersnapper_Arduino,git@github.com:adafruit/Adafruit_Wippersnapper_Arduino.git,52
MDEwOlJlcG9zaXRvcnkyODg4MTM0MDk=,2020-08-19T18:56:52Z,2026-04-17T09:56:38Z,2026-04-15T12:07:03Z,165,True,gputreeshap,rapidsai/gputreeshap,git@github.com:rapidsai/gputreeshap.git,110
MDEwOlJlcG9zaXRvcnkyODg4MDg1OTI=,2020-08-19T18:33:25Z,2026-05-05T04:37:23Z,2026-05-05T04:37:20Z,1220,False,Redux,garvit-joshi/Redux,git@github.com:garvit-joshi/Redux.git,10
MDEwOlJlcG9zaXRvcnkyODg4MDIyNzg=,2020-08-19T18:04:50Z,2026-04-09T20:35:22Z,2026-04-09T20:36:54Z,183,False,CMS,marshallrdavey/CMS,git@github.com:marshallrdavey/CMS.git,0
MDEwOlJlcG9zaXRvcnkyODg3ODQ0MjI=,2020-08-19T16:37:53Z,2026-04-25T10:04:12Z,2026-04-09T07:25:51Z,30037,True,tg_owt,desktop-app/tg_owt,git@github.com:desktop-app/tg_owt.git,52
MDEwOlJlcG9zaXRvcnkyODg3Mzk4MTk=,2020-08-19T13:30:23Z,2026-03-27T06:43:34Z,2026-03-27T06:47:44Z,550,False,HAL_Extension,sya-ri/HAL_Extension,git@github.com:sya-ri/HAL_Extension.git,6
MDEwOlJlcG9zaXRvcnkyODg3MzY1OTk=,2020-08-19T13:16:30Z,2026-05-07T09:11:27Z,2026-04-24T18:40:59Z,117275,True,botw,zeldaret/botw,git@github.com:zeldaret/botw.git,1936
MDEwOlJlcG9zaXRvcnkyODg3MzMzMjU=,2020-08-19T13:01:58Z,2026-04-29T21:38:12Z,2026-04-29T21:38:07Z,3318,False,rcppspdlog,eddelbuettel/rcppspdlog,git@github.com:eddelbuettel/rcppspdlog.git,18
MDEwOlJlcG9zaXRvcnkyODg1Njk0MTc=,2020-08-18T21:35:19Z,2026-05-03T16:11:51Z,2026-04-04T07:17:13Z,68044,True,antimony,sys-bio/antimony,git@github.com:sys-bio/antimony.git,21
MDEwOlJlcG9zaXRvcnkyODg1NjAyNDQ=,2020-08-18T20:42:07Z,2026-05-07T07:00:11Z,2026-04-28T00:51:27Z,10796,True,OpenFusion,OpenFusionProject/OpenFusion,git@github.com:OpenFusionProject/OpenFusion.git,404
MDEwOlJlcG9zaXRvcnkyODg0Mjg3ODI=,2020-08-18T10:47:55Z,2026-05-07T09:00:44Z,2026-05-07T09:00:39Z,6152,True,Universal_Robots_Client_Library,UniversalRobots/Universal_Robots_Client_Library,git@github.com:UniversalRobots/Universal_Robots_Client_Library.git,195
MDEwOlJlcG9zaXRvcnkyODgzOTI1MDM=,2020-08-18T07:58:54Z,2026-05-04T15:50:17Z,2026-05-04T15:50:11Z,3182,False,helio,romange/helio,git@github.com:romange/helio.git,540
MDEwOlJlcG9zaXRvcnkyODgyMzY5NTE=,2020-08-17T16:57:59Z,2026-05-06T23:57:24Z,2026-04-18T08:08:09Z,67923,True,exadg,exadg/exadg,git@github.com:exadg/exadg.git,185
MDEwOlJlcG9zaXRvcnkyODgxNTEzMzE=,2020-08-17T10:32:46Z,2026-05-07T07:15:13Z,2026-05-07T07:15:08Z,704,False,replay,abra-code/replay,git@github.com:abra-code/replay.git,7
MDEwOlJlcG9zaXRvcnkyODgxMTQ4MzQ=,2020-08-17T07:39:57Z,2026-04-20T12:35:58Z,2026-04-20T12:35:54Z,10771,True,SCodes,somcosoftware/SCodes,git@github.com:somcosoftware/SCodes.git,138
MDEwOlJlcG9zaXRvcnkyODgwNzQxNzA=,2020-08-17T03:25:06Z,2026-04-08T11:38:49Z,2026-04-08T11:38:44Z,479,True,mc_naoqi,jrl-umi3218/mc_naoqi,git@github.com:jrl-umi3218/mc_naoqi.git,4
MDEwOlJlcG9zaXRvcnkyODgwNzM4MzM=,2020-08-17T03:22:43Z,2026-04-08T11:39:14Z,2026-04-08T11:39:02Z,120,True,mc_naoqi_dcm,jrl-umi3218/mc_naoqi_dcm,git@github.com:jrl-umi3218/mc_naoqi_dcm.git,1
MDEwOlJlcG9zaXRvcnkyODgwNzIyMzE=,2020-08-17T03:12:09Z,2026-04-25T21:15:03Z,2026-04-22T08:40:50Z,358647,False,puerts_unreal_demo,chexiongsheng/puerts_unreal_demo,git@github.com:chexiongsheng/puerts_unreal_demo.git,234
MDEwOlJlcG9zaXRvcnkyODgwNDI2NTY=,2020-08-16T23:39:45Z,2026-05-06T10:40:41Z,2026-04-06T15:26:11Z,35439,True,abaddon,uowuo/abaddon,git@github.com:uowuo/abaddon.git,2145
MDEwOlJlcG9zaXRvcnkyODgwMzQzNzc=,2020-08-16T22:25:47Z,2026-05-05T01:00:51Z,2026-04-07T18:29:59Z,7770,False,AsyncLoadingScreen,truong-bui/AsyncLoadingScreen,git@github.com:truong-bui/AsyncLoadingScreen.git,1069
MDEwOlJlcG9zaXRvcnkyODgwMjYwOTA=,2020-08-16T21:20:27Z,2026-03-30T01:11:37Z,2026-03-30T01:11:31Z,542266,False,Progression,LiamTyler/Progression,git@github.com:LiamTyler/Progression.git,6
MDEwOlJlcG9zaXRvcnkyODc5OTk0MzY=,2020-08-16T18:14:25Z,2026-05-03T09:55:27Z,2026-05-03T09:55:20Z,1331171,False,gcc-darwin-arm64,iains/gcc-darwin-arm64,git@github.com:iains/gcc-darwin-arm64.git,309
MDEwOlJlcG9zaXRvcnkyODc5NDI4NTc=,2020-08-16T12:50:13Z,2026-05-07T09:18:19Z,2026-05-07T09:17:56Z,118838,True,Phobos,Phobos-developers/Phobos,git@github.com:Phobos-developers/Phobos.git,416
MDEwOlJlcG9zaXRvcnkyODc4NjkyMzk=,2020-08-16T03:54:40Z,2026-05-03T02:04:29Z,2026-05-07T05:33:34Z,5192,True,plasma-firewall,KDE/plasma-firewall,git@github.com:KDE/plasma-firewall.git,13
MDEwOlJlcG9zaXRvcnkyODc4NTExOTY=,2020-08-16T01:12:44Z,2026-05-05T04:44:58Z,2026-05-05T04:44:54Z,7683,False,bmesbuildteamucla.github.io,bmesbuildteamucla/bmesbuildteamucla.github.io,git@github.com:bmesbuildteamucla/bmesbuildteamucla.github.io.git,1
MDEwOlJlcG9zaXRvcnkyODc3NjMyNjQ=,2020-08-15T14:33:03Z,2026-03-11T15:22:56Z,2026-04-18T12:24:09Z,449,True,dehancer-external,dehancer/dehancer-external,git@github.com:dehancer/dehancer-external.git,3
MDEwOlJlcG9zaXRvcnkyODc3NjMxNTM=,2020-08-15T14:32:27Z,2026-05-04T14:03:05Z,2026-05-07T09:26:23Z,464,True,markdownpart,KDE/markdownpart,git@github.com:KDE/markdownpart.git,9
MDEwOlJlcG9zaXRvcnkyODc3NjEzNTE=,2020-08-15T14:23:02Z,2026-05-06T14:07:14Z,2026-04-29T10:17:32Z,2658,True,tinykvm,varnish/tinykvm,git@github.com:varnish/tinykvm.git,812
MDEwOlJlcG9zaXRvcnkyODc3MzM0ODE=,2020-08-15T11:28:03Z,2026-04-10T12:07:00Z,2026-03-15T05:37:09Z,82136,True,ReflectionTemplateLibrary-CPP,ReflectCxx/ReflectionTemplateLibrary-CPP,git@github.com:ReflectCxx/ReflectionTemplateLibrary-CPP.git,28
MDEwOlJlcG9zaXRvcnkyODc3MDY4OTY=,2020-08-15T08:20:44Z,2026-05-07T11:36:11Z,2026-04-27T09:13:56Z,324748,True,puerts,Tencent/puerts,git@github.com:Tencent/puerts.git,6040
MDEwOlJlcG9zaXRvcnkyODc2OTU2MzQ=,2020-08-15T07:01:30Z,2026-05-07T07:17:50Z,2026-05-07T11:35:04Z,91053,True,mozilla-vpn-client,mozilla-mobile/mozilla-vpn-client,git@github.com:mozilla-mobile/mozilla-vpn-client.git,599
MDEwOlJlcG9zaXRvcnkyODc2NDU2NjY=,2020-08-14T23:54:06Z,2026-03-20T04:35:01Z,2026-03-20T04:34:57Z,52,False,FooDB,originals-tz/FooDB,git@github.com:originals-tz/FooDB.git,0
MDEwOlJlcG9zaXRvcnkyODc2MDk1NDE=,2020-08-14T19:30:10Z,2026-04-09T20:16:55Z,2026-04-27T16:44:35Z,416,True,sframe,cisco/sframe,git@github.com:cisco/sframe.git,9
MDEwOlJlcG9zaXRvcnkyODc2MDU1Mzk=,2020-08-14T19:06:21Z,2026-04-24T10:06:13Z,2026-04-30T15:10:59Z,178,True,agl,open-ead/agl,git@github.com:open-ead/agl.git,42
MDEwOlJlcG9zaXRvcnkyODc1OTM4MTk=,2020-08-14T17:59:37Z,2026-04-08T16:24:36Z,2026-04-08T16:24:14Z,7125,False,mqtt-marquee-scroller,tg44/mqtt-marquee-scroller,git@github.com:tg44/mqtt-marquee-scroller.git,1
MDEwOlJlcG9zaXRvcnkyODc1NzY1NjE=,2020-08-14T16:24:07Z,2026-05-06T02:16:39Z,2026-05-01T13:06:56Z,38584,False,iridescence,koide3/iridescence,git@github.com:koide3/iridescence.git,480
MDEwOlJlcG9zaXRvcnkyODc1NDkzMjE=,2020-08-14T14:16:26Z,2026-03-17T17:55:24Z,2026-03-17T17:55:18Z,203,False,qmlav,iEvgeny/qmlav,git@github.com:iEvgeny/qmlav.git,17
MDEwOlJlcG9zaXRvcnkyODc0NzY0MjE=,2020-08-14T07:52:56Z,2026-04-27T16:11:03Z,2026-04-27T16:07:17Z,78503,True,GameServer,MXM-Engineers/GameServer,git@github.com:MXM-Engineers/GameServer.git,2
MDEwOlJlcG9zaXRvcnkyODc0NTQ4MjU=,2020-08-14T05:51:54Z,2026-04-03T21:20:59Z,2026-04-03T21:20:54Z,489,False,Algrothims,Alzayady/Algrothims,git@github.com:Alzayady/Algrothims.git,0
MDEwOlJlcG9zaXRvcnkyODc0Mzk5MzU=,2020-08-14T04:04:33Z,2026-05-06T23:02:08Z,2026-04-30T14:45:08Z,256323,True,unitree_ros,unitreerobotics/unitree_ros,git@github.com:unitreerobotics/unitree_ros.git,1362
MDEwOlJlcG9zaXRvcnkyODczODk5ODU=,2020-08-13T22:15:00Z,2026-05-06T19:15:47Z,2026-05-07T00:43:33Z,59249,True,cesium-native,CesiumGS/cesium-native,git@github.com:CesiumGS/cesium-native.git,586
MDEwOlJlcG9zaXRvcnkyODcyNTUxMDM=,2020-08-13T10:59:03Z,2026-04-07T04:32:31Z,2026-04-07T04:32:22Z,2257,True,distopia,MDAnalysis/distopia,git@github.com:MDAnalysis/distopia.git,25
MDEwOlJlcG9zaXRvcnkyODcxMjM3Njc=,2020-08-12T22:01:04Z,2026-04-30T09:36:05Z,2026-03-13T18:46:27Z,8379,False,gdstk,heitzmann/gdstk,git@github.com:heitzmann/gdstk.git,470
MDEwOlJlcG9zaXRvcnkyODcxMjM0ODc=,2020-08-12T21:59:21Z,2026-04-28T08:57:09Z,2026-04-28T08:57:06Z,134479,True,MeshKernel,Deltares/MeshKernel,git@github.com:Deltares/MeshKernel.git,30
MDEwOlJlcG9zaXRvcnkyODcxMTg0NTg=,2020-08-12T21:25:08Z,2026-04-24T18:01:29Z,2026-04-24T18:01:22Z,16904,True,JHUGenMELA,JHUGen/JHUGenMELA,git@github.com:JHUGen/JHUGenMELA.git,1
MDEwOlJlcG9zaXRvcnkyODcwMzcxMzg=,2020-08-12T14:35:24Z,2026-04-21T12:08:13Z,2026-04-21T12:24:49Z,871,True,CAFAnaCore,cafana/CAFAnaCore,git@github.com:cafana/CAFAnaCore.git,1
MDEwOlJlcG9zaXRvcnkyODY4MjMyMTU=,2020-08-11T18:48:22Z,2026-03-24T19:50:41Z,2026-03-20T09:49:22Z,2753,False,boost-wintls,laudrup/boost-wintls,git@github.com:laudrup/boost-wintls.git,66
MDEwOlJlcG9zaXRvcnkyODY4MjEwMDY=,2020-08-11T18:37:09Z,2026-04-10T20:10:55Z,2026-03-06T10:40:10Z,2054,False,ProjectCleaner,ashe23/ProjectCleaner,git@github.com:ashe23/ProjectCleaner.git,210
MDEwOlJlcG9zaXRvcnkyODY4MDYyMzA=,2020-08-11T17:25:23Z,2026-04-17T19:41:53Z,2026-04-17T19:41:49Z,8898,True,GLEE2023,GLEE2023/GLEE2023,git@github.com:GLEE2023/GLEE2023.git,16
MDEwOlJlcG9zaXRvcnkyODY3MDI2ODA=,2020-08-11T09:30:44Z,2026-04-21T10:10:00Z,2026-04-21T10:09:56Z,208,True,lib_webrtc,desktop-app/lib_webrtc,git@github.com:desktop-app/lib_webrtc.git,20
MDEwOlJlcG9zaXRvcnkyODY1ODg2NDA=,2020-08-10T22:11:30Z,2026-04-10T22:33:05Z,2026-03-18T11:58:55Z,375,False,tidycpp,eddelbuettel/tidycpp,git@github.com:eddelbuettel/tidycpp.git,43
MDEwOlJlcG9zaXRvcnkyODY1ODAwMzA=,2020-08-10T21:13:14Z,2026-04-20T21:55:23Z,2026-04-20T21:55:19Z,7647,False,xtr,choll/xtr,git@github.com:choll/xtr.git,62
MDEwOlJlcG9zaXRvcnkyODY1MTYyMjk=,2020-08-10T15:46:41Z,2026-03-07T19:09:58Z,2026-03-07T19:09:55Z,3187,False,ofxSurfingHelpers,moebiussurfing/ofxSurfingHelpers,git@github.com:moebiussurfing/ofxSurfingHelpers.git,3
MDEwOlJlcG9zaXRvcnkyODY0NzQ3NzM=,2020-08-10T12:54:07Z,2026-04-13T16:51:20Z,2026-04-13T16:51:15Z,6072,True,WeatherGenerator,ARPA-SIMC/WeatherGenerator,git@github.com:ARPA-SIMC/WeatherGenerator.git,2
MDEwOlJlcG9zaXRvcnkyODY0NTg3MzU=,2020-08-10T11:40:45Z,2026-05-05T17:36:58Z,2026-05-05T17:36:54Z,98608,True,CRITERIA1D,ARPA-SIMC/CRITERIA1D,git@github.com:ARPA-SIMC/CRITERIA1D.git,16
MDEwOlJlcG9zaXRvcnkyODY0NDk3ODY=,2020-08-10T10:54:37Z,2026-03-12T14:55:22Z,2026-03-12T14:55:04Z,11881,True,mc_panda,jrl-umi3218/mc_panda,git@github.com:jrl-umi3218/mc_panda.git,11
MDEwOlJlcG9zaXRvcnkyODY0MjA0NzY=,2020-08-10T08:34:36Z,2026-05-07T08:26:00Z,2026-05-07T08:31:45Z,15952,True,rasr,rwth-i6/rasr,git@github.com:rwth-i6/rasr.git,58
MDEwOlJlcG9zaXRvcnkyODYzODY2NDI=,2020-08-10T05:43:50Z,2026-05-05T11:38:51Z,2026-04-29T12:46:16Z,10964,True,MetaCG,tudasc/MetaCG,git@github.com:tudasc/MetaCG.git,53
MDEwOlJlcG9zaXRvcnkyODYzNzYyNDM=,2020-08-10T04:32:46Z,2026-04-30T10:06:16Z,2026-04-30T10:05:47Z,92922,False,Yakka,embedded-awesome/Yakka,git@github.com:embedded-awesome/Yakka.git,2
MDEwOlJlcG9zaXRvcnkyODYzNTc1NzM=,2020-08-10T02:31:18Z,2026-04-22T13:13:39Z,2026-04-22T13:13:34Z,840551,False,esys-escript.github.io,LutzGross/esys-escript.github.io,git@github.com:LutzGross/esys-escript.github.io.git,35
MDEwOlJlcG9zaXRvcnkyODYzMDg5MjY=,2020-08-09T20:06:26Z,2026-04-18T21:20:35Z,2026-04-18T21:20:30Z,570,True,audiodecoder.sacd,xbmc/audiodecoder.sacd,git@github.com:xbmc/audiodecoder.sacd.git,16
MDEwOlJlcG9zaXRvcnkyODYyODQ2NzY=,2020-08-09T17:29:09Z,2026-04-10T20:05:53Z,2026-04-10T20:05:49Z,5720,False,Cloudundancy,NeilJustice/Cloudundancy,git@github.com:NeilJustice/Cloudundancy.git,3
MDEwOlJlcG9zaXRvcnkyODYyNTI2MTk=,2020-08-09T14:25:22Z,2026-04-01T20:24:56Z,2026-04-01T20:24:52Z,204,True,fcitx5-zhuyin,fcitx/fcitx5-zhuyin,git@github.com:fcitx/fcitx5-zhuyin.git,2
MDEwOlJlcG9zaXRvcnkyODYyMDY0NjI=,2020-08-09T09:31:11Z,2026-04-24T04:04:43Z,2026-04-18T08:02:47Z,264,True,TaskManagerIO,TcMenu/TaskManagerIO,git@github.com:TcMenu/TaskManagerIO.git,136
MDEwOlJlcG9zaXRvcnkyODYyMDAxNDY=,2020-08-09T08:47:43Z,2026-05-07T07:05:33Z,2026-04-06T07:49:37Z,247189,False,winrar-keygen,bitcookies/winrar-keygen,git@github.com:bitcookies/winrar-keygen.git,2066
MDEwOlJlcG9zaXRvcnkyODYxNzI1OTk=,2020-08-09T05:23:31Z,2026-05-01T14:33:33Z,2026-05-03T14:57:27Z,2644,False,Troll,BillyHJHamilton/Troll,git@github.com:BillyHJHamilton/Troll.git,0
MDEwOlJlcG9zaXRvcnkyODYxMzY1NTA=,2020-08-08T23:47:50Z,2026-05-01T07:37:51Z,2026-05-01T07:37:55Z,484245,True,CK3ToEU4,ParadoxGameConverters/CK3ToEU4,git@github.com:ParadoxGameConverters/CK3ToEU4.git,65
MDEwOlJlcG9zaXRvcnkyODYwMjQ1NzI=,2020-08-08T10:48:23Z,2026-05-06T19:43:44Z,2026-05-06T19:43:40Z,604567,True,Rayne,uberpixel/Rayne,git@github.com:uberpixel/Rayne.git,55
MDEwOlJlcG9zaXRvcnkyODU5NTg1MTc=,2020-08-08T02:31:55Z,2026-04-25T10:15:58Z,2026-03-15T19:05:47Z,1498,False,uCsim_picsimlab,lcgamboa/uCsim_picsimlab,git@github.com:lcgamboa/uCsim_picsimlab.git,6
MDEwOlJlcG9zaXRvcnkyODU5NTgyNTA=,2020-08-08T02:29:45Z,2026-03-29T07:56:29Z,2026-05-06T13:14:42Z,1371,False,V.Rainbomizer,Parik27/V.Rainbomizer,git@github.com:Parik27/V.Rainbomizer.git,74
MDEwOlJlcG9zaXRvcnkyODU4NDk2NTU=,2020-08-07T14:33:02Z,2026-05-03T15:31:43Z,2026-05-03T15:31:39Z,249,False,acmicpc-algorithm,us4c0d3/acmicpc-algorithm,git@github.com:us4c0d3/acmicpc-algorithm.git,0
MDEwOlJlcG9zaXRvcnkyODU4MjY2NTU=,2020-08-07T12:43:01Z,2026-04-29T19:25:44Z,2026-04-29T19:25:40Z,126795,False,BICI,theITEAM/BICI,git@github.com:theITEAM/BICI.git,3
MDEwOlJlcG9zaXRvcnkyODU2MzQyMTk=,2020-08-06T17:44:38Z,2026-05-06T21:32:26Z,2026-05-06T21:32:20Z,207173,True,HeCBench,ORNL/HeCBench,git@github.com:ORNL/HeCBench.git,286
MDEwOlJlcG9zaXRvcnkyODU2MzE2Njc=,2020-08-06T17:31:01Z,2026-05-05T14:48:05Z,2026-05-06T16:07:23Z,2080,True,EKAT,E3SM-Project/EKAT,git@github.com:E3SM-Project/EKAT.git,21
MDEwOlJlcG9zaXRvcnkyODU1MTc5ODU=,2020-08-06T08:35:37Z,2026-05-05T15:26:06Z,2026-05-05T15:26:00Z,94114,True,libMVRgdtf,mvrdevelopment/libMVRgdtf,git@github.com:mvrdevelopment/libMVRgdtf.git,21
MDEwOlJlcG9zaXRvcnkyODU1MTUwMjc=,2020-08-06T08:21:49Z,2026-05-06T09:45:46Z,2026-05-06T10:37:22Z,50127,True,ecflow,ecmwf/ecflow,git@github.com:ecmwf/ecflow.git,61
MDEwOlJlcG9zaXRvcnkyODU0Njg2NDQ=,2020-08-06T03:58:49Z,2026-04-05T14:01:12Z,2026-04-05T14:01:00Z,292628,True,frameworks_av,ProjectSakura/frameworks_av,git@github.com:ProjectSakura/frameworks_av.git,0
MDEwOlJlcG9zaXRvcnkyODUzODAyOTM=,2020-08-05T19:04:54Z,2026-03-18T10:34:57Z,2026-03-18T10:38:36Z,791,True,textshaping,r-lib/textshaping,git@github.com:r-lib/textshaping.git,20
MDEwOlJlcG9zaXRvcnkyODUyNTA4ODc=,2020-08-05T10:06:48Z,2026-05-05T15:02:47Z,2026-05-05T14:57:33Z,1496,True,plasma-disks,KDE/plasma-disks,git@github.com:KDE/plasma-disks.git,10
MDEwOlJlcG9zaXRvcnkyODUwNjU5ODM=,2020-08-04T18:32:16Z,2026-05-02T17:01:11Z,2026-04-13T18:34:46Z,336,True,backend,triton-inference-server/backend,git@github.com:triton-inference-server/backend.git,370
MDEwOlJlcG9zaXRvcnkyODUwNTM0MDg=,2020-08-04T17:36:00Z,2026-05-05T18:03:43Z,2026-05-05T18:04:09Z,312,True,common,triton-inference-server/common,git@github.com:triton-inference-server/common.git,79
MDEwOlJlcG9zaXRvcnkyODQ5ODIwMjk=,2020-08-04T13:04:19Z,2026-04-10T17:06:12Z,2026-04-30T03:36:31Z,924,True,phosphor-virtual-sensor,openbmc/phosphor-virtual-sensor,git@github.com:openbmc/phosphor-virtual-sensor.git,5
MDEwOlJlcG9zaXRvcnkyODQ5MTgxNDc=,2020-08-04T08:11:18Z,2026-04-09T05:54:39Z,2026-04-09T05:54:36Z,9029,False,Phi,AMS21/Phi,git@github.com:AMS21/Phi.git,5
MDEwOlJlcG9zaXRvcnkyODQ4Mjc5ODE=,2020-08-03T23:22:45Z,2026-05-04T18:31:35Z,2026-05-04T18:31:31Z,53,False,XGithub,horsicq/XGithub,git@github.com:horsicq/XGithub.git,3
MDEwOlJlcG9zaXRvcnkyODQ3Mjg0MTY=,2020-08-03T14:54:20Z,2026-04-14T21:25:13Z,2026-03-13T18:35:58Z,27336,True,esp32-can-iot,NewTec-GmbH/esp32-can-iot,git@github.com:NewTec-GmbH/esp32-can-iot.git,48
MDEwOlJlcG9zaXRvcnkyODQ3MjA0MzI=,2020-08-03T14:21:48Z,2026-05-07T07:26:52Z,2026-05-04T07:23:38Z,4238,False,swayimg,artemsen/swayimg,git@github.com:artemsen/swayimg.git,651
MDEwOlJlcG9zaXRvcnkyODQ0OTkxNjE=,2020-08-02T16:29:00Z,2026-04-24T17:32:39Z,2026-03-05T00:24:35Z,3918,False,VATCANSitu,ronyan/VATCANSitu,git@github.com:ronyan/VATCANSitu.git,14
MDEwOlJlcG9zaXRvcnkyODQ0MjE4OTE=,2020-08-02T08:28:36Z,2026-05-06T17:34:30Z,2026-04-04T19:41:08Z,39719,False,VkFFT,DTolm/VkFFT,git@github.com:DTolm/VkFFT.git,1743
MDEwOlJlcG9zaXRvcnkyODQzNDc2ODk=,2020-08-01T22:15:57Z,2026-04-15T20:37:49Z,2026-04-15T20:37:46Z,1756,False,sip-lab,MayamaTakeshi/sip-lab,git@github.com:MayamaTakeshi/sip-lab.git,3
MDEwOlJlcG9zaXRvcnkyODQzMzU2MTA=,2020-08-01T20:41:57Z,2026-05-05T15:51:10Z,2026-05-01T13:20:29Z,63865,False,HyperHDR,awawa-dev/HyperHDR,git@github.com:awawa-dev/HyperHDR.git,1938
MDEwOlJlcG9zaXRvcnkyODQyMzEzNDY=,2020-08-01T09:43:09Z,2026-03-12T04:33:27Z,2026-03-12T04:33:24Z,150,False,GounRenderer,BBUNDIGI-DEV/GounRenderer,git@github.com:BBUNDIGI-DEV/GounRenderer.git,0
MDEwOlJlcG9zaXRvcnkyODQxODI3OTQ=,2020-08-01T04:03:01Z,2026-03-10T22:44:22Z,2026-03-10T22:44:15Z,1605,False,takin2,t-weber/takin2,git@github.com:t-weber/takin2.git,1
MDEwOlJlcG9zaXRvcnkyODQxMTY0Njk=,2020-07-31T19:43:07Z,2026-04-27T15:10:53Z,2026-04-27T15:10:05Z,497,False,PublicSamples,AngelBob/PublicSamples,git@github.com:AngelBob/PublicSamples.git,2
MDEwOlJlcG9zaXRvcnkyODQwOTY5MTg=,2020-07-31T17:49:10Z,2026-04-20T11:46:41Z,2026-04-20T11:18:22Z,15948,False,FML,HAWinther/FML,git@github.com:HAWinther/FML.git,22
MDEwOlJlcG9zaXRvcnkyODQwODA0Mzc=,2020-07-31T16:25:20Z,2026-05-03T09:21:02Z,2026-05-05T06:08:01Z,170933,False,RendererEngine,JeanPhilippeKernel/RendererEngine,git@github.com:JeanPhilippeKernel/RendererEngine.git,421
MDEwOlJlcG9zaXRvcnkyODM5NTg4MDc=,2020-07-31T06:19:51Z,2026-04-29T03:59:50Z,2026-04-29T04:42:16Z,39323,False,banco_examenes,aecci/banco_examenes,git@github.com:aecci/banco_examenes.git,14
MDEwOlJlcG9zaXRvcnkyODM4NzE3NjE=,2020-07-30T20:35:59Z,2026-05-07T11:25:40Z,2026-05-06T18:29:00Z,26679,True,torch-mlir,llvm/torch-mlir,git@github.com:llvm/torch-mlir.git,1804
MDEwOlJlcG9zaXRvcnkyODM4NTg4NDg=,2020-07-30T19:19:52Z,2026-05-07T09:08:02Z,2026-05-07T09:07:58Z,128173,True,depthai-ros,luxonis/depthai-ros,git@github.com:luxonis/depthai-ros.git,344
MDEwOlJlcG9zaXRvcnkyODM4NTcxMTM=,2020-07-30T19:10:48Z,2026-05-05T10:32:36Z,2026-05-05T10:32:32Z,214970,False,synthesis,randriu/synthesis,git@github.com:randriu/synthesis.git,23
MDEwOlJlcG9zaXRvcnkyODM4NDA5MDk=,2020-07-30T17:49:28Z,2026-05-03T10:05:48Z,2026-04-20T08:37:08Z,158,False,ADS1X15,RobTillaart/ADS1X15,git@github.com:RobTillaart/ADS1X15.git,214
MDEwOlJlcG9zaXRvcnkyODM4MjE1MTY=,2020-07-30T16:14:44Z,2026-03-27T15:28:39Z,2026-03-27T15:28:35Z,156,True,pinpoint,osmhpi/pinpoint,git@github.com:osmhpi/pinpoint.git,30
MDEwOlJlcG9zaXRvcnkyODM3OTAzNjE=,2020-07-30T13:58:48Z,2026-05-07T07:57:59Z,2026-03-30T08:24:36Z,70818,False,linux,jinbooooom/linux,git@github.com:jinbooooom/linux.git,398
MDEwOlJlcG9zaXRvcnkyODM3NjU2ODg=,2020-07-30T12:19:17Z,2026-05-07T09:19:22Z,2026-05-07T09:19:13Z,383666,False,SimpleEngine,J-CITY/SimpleEngine,git@github.com:J-CITY/SimpleEngine.git,9
MDEwOlJlcG9zaXRvcnkyODM2NzE5OTY=,2020-07-30T04:47:13Z,2026-03-21T14:27:44Z,2026-03-21T14:27:39Z,12534,True,QS3hark,NHERI-SimCenter/QS3hark,git@github.com:NHERI-SimCenter/QS3hark.git,4
MDEwOlJlcG9zaXRvcnkyODM2Njc2MjE=,2020-07-30T04:17:14Z,2026-05-06T18:04:24Z,2026-05-07T06:19:43Z,75204,True,sonobus,sonosaurus/sonobus,git@github.com:sonosaurus/sonobus.git,2064
MDEwOlJlcG9zaXRvcnkyODM1OTMyOTQ=,2020-07-29T20:12:31Z,2026-04-12T01:49:36Z,2026-04-12T01:49:47Z,8690,True,NetSimulyzer-ns3-module,usnistgov/NetSimulyzer-ns3-module,git@github.com:usnistgov/NetSimulyzer-ns3-module.git,42
MDEwOlJlcG9zaXRvcnkyODM1NjY0ODI=,2020-07-29T17:53:33Z,2026-05-04T07:25:24Z,2026-05-07T09:15:29Z,1667,True,kontrast,KDE/kontrast,git@github.com:KDE/kontrast.git,11
MDEwOlJlcG9zaXRvcnkyODM1MzA2NDY=,2020-07-29T15:07:09Z,2026-04-08T16:07:30Z,2026-05-04T17:28:10Z,6467,True,CLIc,clEsperanto/CLIc,git@github.com:clEsperanto/CLIc.git,16
MDEwOlJlcG9zaXRvcnkyODM1MDMzNDI=,2020-07-29T13:14:24Z,2026-05-07T09:48:14Z,2026-05-07T09:46:47Z,43942,True,OSS-DocumentScanner,ossappcollective/OSS-DocumentScanner,git@github.com:ossappcollective/OSS-DocumentScanner.git,2067
MDEwOlJlcG9zaXRvcnkyODM0NzU3NjI=,2020-07-29T11:03:43Z,2026-05-06T03:35:17Z,2026-05-01T08:02:40Z,86401,False,WiFi-remote-for-Bestway-Lay-Z-SPA,visualapproach/WiFi-remote-for-Bestway-Lay-Z-SPA,git@github.com:visualapproach/WiFi-remote-for-Bestway-Lay-Z-SPA.git,392
MDEwOlJlcG9zaXRvcnkyODM0NTI2NTc=,2020-07-29T09:13:41Z,2026-04-26T14:52:09Z,2026-05-07T07:14:29Z,1350066,False,ACloudViewer,Asher-1/ACloudViewer,git@github.com:Asher-1/ACloudViewer.git,9
MDEwOlJlcG9zaXRvcnkyODM0MTAxMDI=,2020-07-29T05:47:01Z,2026-05-06T15:07:44Z,2026-04-15T09:10:03Z,5079,True,workflow,sogou/workflow,git@github.com:sogou/workflow.git,14343
MDEwOlJlcG9zaXRvcnkyODM0MDYxNzM=,2020-07-29T05:23:33Z,2026-05-06T13:03:56Z,2026-05-02T08:05:57Z,26271,True,kompute,KomputeProject/kompute,git@github.com:KomputeProject/kompute.git,2500
MDEwOlJlcG9zaXRvcnkyODMzOTc1ODc=,2020-07-29T04:26:46Z,2026-05-06T00:31:49Z,2026-05-06T00:31:44Z,13125,True,ailia-models-cpp,ailia-ai/ailia-models-cpp,git@github.com:ailia-ai/ailia-models-cpp.git,25
MDEwOlJlcG9zaXRvcnkyODMzMjAyMTM=,2020-07-28T20:28:37Z,2026-04-08T12:14:06Z,2026-03-09T00:05:10Z,12794,False,N64-UNFLoader,buu342/N64-UNFLoader,git@github.com:buu342/N64-UNFLoader.git,124
MDEwOlJlcG9zaXRvcnkyODMzMTc0NTU=,2020-07-28T20:14:24Z,2026-04-30T17:11:32Z,2026-04-30T19:16:14Z,65270,True,ccapi,crypto-chassis/ccapi,git@github.com:crypto-chassis/ccapi.git,721
MDEwOlJlcG9zaXRvcnkyODMyODAxNTQ=,2020-07-28T17:20:33Z,2026-05-06T16:13:25Z,2026-04-11T18:57:05Z,164764,False,AI-on-the-edge-device,jomjol/AI-on-the-edge-device,git@github.com:jomjol/AI-on-the-edge-device.git,8341
MDEwOlJlcG9zaXRvcnkyODMwODQ3NzM=,2020-07-28T03:14:11Z,2026-03-22T21:41:22Z,2026-03-19T16:04:05Z,21443,False,wrappem,oAGoulart/wrappem,git@github.com:oAGoulart/wrappem.git,18
MDEwOlJlcG9zaXRvcnkyODMwMTQ3OTA=,2020-07-27T20:57:16Z,2026-03-18T21:36:06Z,2026-03-18T21:36:01Z,28720,False,Phys439-alpha-lab,eegan/Phys439-alpha-lab,git@github.com:eegan/Phys439-alpha-lab.git,0
MDEwOlJlcG9zaXRvcnkyODMwMDg5NTA=,2020-07-27T20:29:07Z,2026-04-29T16:02:55Z,2026-04-29T16:02:52Z,622,True,stf_tools,sparcians/stf_tools,git@github.com:sparcians/stf_tools.git,7
MDEwOlJlcG9zaXRvcnkyODI5MTI1MTc=,2020-07-27T13:52:15Z,2026-03-27T16:17:56Z,2026-03-27T20:16:44Z,22994,True,libstored,DEMCON/libstored,git@github.com:DEMCON/libstored.git,10
MDEwOlJlcG9zaXRvcnkyODI4MDQ2NTk=,2020-07-27T05:42:43Z,2026-05-03T12:03:04Z,2026-05-03T12:03:01Z,106326,True,RumiCar,RumiCar-group/RumiCar,git@github.com:RumiCar-group/RumiCar.git,35
MDEwOlJlcG9zaXRvcnkyODI3MDkxNjA=,2020-07-26T18:26:18Z,2026-04-29T09:49:20Z,2026-04-29T09:49:15Z,996,False,actsim,rmanohar/actsim,git@github.com:rmanohar/actsim.git,11
MDEwOlJlcG9zaXRvcnkyODI2NTg4NzQ=,2020-07-26T13:46:40Z,2026-05-03T10:55:02Z,2026-05-03T10:54:57Z,13886,False,fibration,lukasnee/fibration,git@github.com:lukasnee/fibration.git,2
MDEwOlJlcG9zaXRvcnkyODI2MzU5MzI=,2020-07-26T11:30:09Z,2026-05-06T19:53:40Z,2026-05-06T19:53:35Z,951905,False,Saturn-Engine,0xsmft/Saturn-Engine,git@github.com:0xsmft/Saturn-Engine.git,74
MDEwOlJlcG9zaXRvcnkyODI2MjU2NTg=,2020-07-26T10:23:25Z,2026-05-05T07:48:23Z,2026-04-30T20:12:40Z,2121,True,tgcalls,TelegramMessenger/tgcalls,git@github.com:TelegramMessenger/tgcalls.git,226
MDEwOlJlcG9zaXRvcnkyODI2MTEzNDc=,2020-07-26T08:49:37Z,2026-04-21T17:05:31Z,2026-04-21T17:05:27Z,124,False,STM32F301RE-HAL,JeppaG/STM32F301RE-HAL,git@github.com:JeppaG/STM32F301RE-HAL.git,0
MDEwOlJlcG9zaXRvcnkyODI1MTE1NDY=,2020-07-25T19:29:16Z,2026-04-10T14:51:44Z,2026-04-01T03:04:25Z,2455,True,Arduino_MFRC522v2,OSSLibraries/Arduino_MFRC522v2,git@github.com:OSSLibraries/Arduino_MFRC522v2.git,142
MDEwOlJlcG9zaXRvcnkyODI0NzIxNjg=,2020-07-25T15:33:04Z,2026-05-06T01:39:33Z,2026-04-08T18:03:37Z,318916,False,LibreVNA,jankae/LibreVNA,git@github.com:jankae/LibreVNA.git,1521
MDEwOlJlcG9zaXRvcnkyODIyODQyNjc=,2020-07-24T17:56:01Z,2026-04-21T20:21:50Z,2026-04-30T19:46:29Z,221169,True,genalyzer,analogdevicesinc/genalyzer,git@github.com:analogdevicesinc/genalyzer.git,19
MDEwOlJlcG9zaXRvcnkyODIyODI1Mzg=,2020-07-24T17:46:34Z,2026-04-23T18:00:41Z,2026-04-23T18:18:18Z,32136,True,OpenUxAS,afrl-rq/OpenUxAS,git@github.com:afrl-rq/OpenUxAS.git,64
MDEwOlJlcG9zaXRvcnkyODIyNTc1OTU=,2020-07-24T15:40:05Z,2026-05-06T07:53:47Z,2026-05-06T07:53:43Z,4744,True,hpsint,hpsint/hpsint,git@github.com:hpsint/hpsint.git,14
MDEwOlJlcG9zaXRvcnkyODIyMjk4NjU=,2020-07-24T13:40:37Z,2026-05-03T06:45:59Z,2026-05-07T01:14:46Z,8121,False,node-datachannel,murat-dogan/node-datachannel,git@github.com:murat-dogan/node-datachannel.git,404
MDEwOlJlcG9zaXRvcnkyODIwMzc4NTM=,2020-07-23T19:26:53Z,2026-05-01T18:30:15Z,2026-05-01T18:30:08Z,2572,False,AECforWebAssembly,FlatAssembler/AECforWebAssembly,git@github.com:FlatAssembler/AECforWebAssembly.git,40
MDEwOlJlcG9zaXRvcnkyODIwMzQ4NDY=,2020-07-23T19:10:41Z,2026-04-30T12:14:44Z,2026-04-30T10:14:50Z,17203,False,GauXC,wavefunction91/GauXC,git@github.com:wavefunction91/GauXC.git,49
MDEwOlJlcG9zaXRvcnkyODIwMDEyMDI=,2020-07-23T16:22:52Z,2026-03-09T14:13:31Z,2026-03-09T14:13:26Z,4138,False,obtools,sandtreader/obtools,git@github.com:sandtreader/obtools.git,1
MDEwOlJlcG9zaXRvcnkyODE5OTI1OTg=,2020-07-23T15:44:35Z,2026-05-06T16:47:47Z,2026-05-06T16:47:43Z,3143,True,tutorials,DAFoam/tutorials,git@github.com:DAFoam/tutorials.git,18
MDEwOlJlcG9zaXRvcnkyODE4OTUyMDQ=,2020-07-23T08:26:56Z,2026-04-05T12:26:59Z,2026-04-14T19:10:51Z,56268,True,musen,msolids/musen,git@github.com:msolids/musen.git,57
MDEwOlJlcG9zaXRvcnkyODE3MDY4MzY=,2020-07-22T14:56:14Z,2026-05-06T04:46:58Z,2026-05-06T12:36:47Z,6026474,False,ModelViewer-Qt,sharjith/ModelViewer-Qt,git@github.com:sharjith/ModelViewer-Qt.git,38
MDEwOlJlcG9zaXRvcnkyODE2NDkwMTc=,2020-07-22T10:38:09Z,2026-04-21T01:16:53Z,2026-03-23T11:50:47Z,2471,True,cyclonedds-cxx,eclipse-cyclonedds/cyclonedds-cxx,git@github.com:eclipse-cyclonedds/cyclonedds-cxx.git,138
MDEwOlJlcG9zaXRvcnkyODE1NzA4NzA=,2020-07-22T04:05:40Z,2026-04-10T02:09:46Z,2026-04-10T02:09:38Z,960,True,maui-communicator,KDE/maui-communicator,git@github.com:KDE/maui-communicator.git,4
MDEwOlJlcG9zaXRvcnkyODE0NDY1MTQ=,2020-07-21T16:16:31Z,2026-05-06T19:48:37Z,2026-05-06T19:48:32Z,237,True,larsimrad,LArSoft/larsimrad,git@github.com:LArSoft/larsimrad.git,0
MDEwOlJlcG9zaXRvcnkyODEzNzkyODc=,2020-07-21T11:30:19Z,2026-05-02T04:39:41Z,2026-05-02T04:39:37Z,1419,True,jaspBase,jasp-stats/jaspBase,git@github.com:jasp-stats/jaspBase.git,2
MDEwOlJlcG9zaXRvcnkyODEyNjQzNDM=,2020-07-21T01:27:00Z,2026-03-26T22:19:23Z,2026-03-26T22:19:18Z,2431,False,libMantids,unmanarc/libMantids,git@github.com:unmanarc/libMantids.git,0
MDEwOlJlcG9zaXRvcnkyODEyMjUzMTc=,2020-07-20T21:03:52Z,2026-05-04T15:26:56Z,2026-05-03T04:29:16Z,9424,True,optimizer,onnx/optimizer,git@github.com:onnx/optimizer.git,809
MDEwOlJlcG9zaXRvcnkyODExNTQ1Mjc=,2020-07-20T15:27:05Z,2026-04-06T15:30:16Z,2026-04-06T15:30:09Z,8425,False,prospr,okkevaneck/prospr,git@github.com:okkevaneck/prospr.git,17
MDEwOlJlcG9zaXRvcnkyODExNDQyNDA=,2020-07-20T14:48:12Z,2026-03-25T00:06:50Z,2026-03-22T21:50:51Z,357,False,wertweak,tdebaets/wertweak,git@github.com:tdebaets/wertweak.git,45
MDEwOlJlcG9zaXRvcnkyODExMDMzNDc=,2020-07-20T11:55:41Z,2026-05-06T11:39:44Z,2026-04-24T08:56:52Z,45768,True,ctrlx-automation-sdk,boschrexroth/ctrlx-automation-sdk,git@github.com:boschrexroth/ctrlx-automation-sdk.git,96
MDEwOlJlcG9zaXRvcnkyODEwNDI0NjU=,2020-07-20T07:13:19Z,2026-04-26T07:26:25Z,2026-03-17T07:38:05Z,429,True,veda,SX-Aurora/veda,git@github.com:SX-Aurora/veda.git,19
MDEwOlJlcG9zaXRvcnkyODA4NjQzODg=,2020-07-19T12:48:10Z,2026-05-03T13:30:47Z,2026-04-28T01:44:47Z,6632,False,HomeSpan,HomeSpan/HomeSpan,git@github.com:HomeSpan/HomeSpan.git,2089
MDEwOlJlcG9zaXRvcnkyODA2ODcxMDM=,2020-07-18T15:44:11Z,2026-04-24T14:42:30Z,2026-04-24T14:42:27Z,41737,True,Stars2020-21,RetroPinUpgrade/Stars2020-21,git@github.com:RetroPinUpgrade/Stars2020-21.git,2
MDEwOlJlcG9zaXRvcnkyODA2ODcwNTA=,2020-07-18T15:43:47Z,2026-04-04T16:51:25Z,2026-04-04T16:51:19Z,113331,False,JavaScript_pi,antipole2/JavaScript_pi,git@github.com:antipole2/JavaScript_pi.git,4
MDEwOlJlcG9zaXRvcnkyODA2ODMyMTI=,2020-07-18T15:22:41Z,2026-03-14T22:11:58Z,2026-05-07T02:29:16Z,3649,False,striboh,fantastic-recoder/striboh,git@github.com:fantastic-recoder/striboh.git,0
MDEwOlJlcG9zaXRvcnkyODA1NTMxNjU=,2020-07-18T00:47:18Z,2026-04-10T21:03:56Z,2026-03-11T04:27:06Z,478,False,nonlinear_controls,vkotaru/nonlinear_controls,git@github.com:vkotaru/nonlinear_controls.git,17
MDEwOlJlcG9zaXRvcnkyODA1NDcxMTc=,2020-07-17T23:54:07Z,2026-05-07T07:30:37Z,2026-03-30T17:58:47Z,864,False,blindscan,deeptho/blindscan,git@github.com:deeptho/blindscan.git,16
MDEwOlJlcG9zaXRvcnkyODA0NjEwMTQ=,2020-07-17T15:31:47Z,2026-05-06T15:03:28Z,2026-05-06T14:53:12Z,30789,True,infraGA,LANL-Seismoacoustics/infraGA,git@github.com:LANL-Seismoacoustics/infraGA.git,27
MDEwOlJlcG9zaXRvcnkyODAyNzY0NDY=,2020-07-16T23:03:00Z,2026-05-06T02:10:54Z,2026-05-05T18:56:00Z,46582,True,kineto,pytorch/kineto,org-21003710@github.com:pytorch/kineto.git,949
MDEwOlJlcG9zaXRvcnkyODAyNTUyMzU=,2020-07-16T20:48:51Z,2026-05-06T18:39:20Z,2026-05-06T18:39:17Z,73,True,performance_test_fixture,ros2/performance_test_fixture,git@github.com:ros2/performance_test_fixture.git,10
MDEwOlJlcG9zaXRvcnkyODAxODA5MzE=,2020-07-16T14:50:50Z,2026-04-13T18:17:36Z,2026-04-27T17:43:40Z,970,True,streamout,SDHCAL/streamout,git@github.com:SDHCAL/streamout.git,1
MDEwOlJlcG9zaXRvcnkyNzk5Njc5MzQ=,2020-07-15T20:12:50Z,2026-04-06T06:41:05Z,2026-04-03T17:15:02Z,11678,True,koviz,nasa/koviz,git@github.com:nasa/koviz.git,30
MDEwOlJlcG9zaXRvcnkyNzk5NTE3OTY=,2020-07-15T18:52:02Z,2026-03-04T15:05:44Z,2026-03-04T15:02:21Z,1200,False,ADT7470,RobTillaart/ADT7470,git@github.com:RobTillaart/ADT7470.git,8
MDEwOlJlcG9zaXRvcnkyNzk4OTczMTQ=,2020-07-15T14:54:32Z,2026-05-07T06:52:09Z,2026-05-06T11:32:16Z,365,False,Nosub,patui/Nosub,git@github.com:patui/Nosub.git,577
MDEwOlJlcG9zaXRvcnkyNzk4NDIzMjg=,2020-07-15T10:50:36Z,2026-05-06T23:50:33Z,2026-05-07T01:12:23Z,244390,True,dpctl,IntelPython/dpctl,git@github.com:IntelPython/dpctl.git,124
MDEwOlJlcG9zaXRvcnkyNzk3MjU3NDg=,2020-07-15T00:50:29Z,2026-05-07T10:29:10Z,2026-05-07T10:30:05Z,73166,True,opentelemetry-dotnet-instrumentation,open-telemetry/opentelemetry-dotnet-instrumentation,git@github.com:open-telemetry/opentelemetry-dotnet-instrumentation.git,454
MDEwOlJlcG9zaXRvcnkyNzk3MjI3Mzc=,2020-07-15T00:30:24Z,2026-03-06T02:20:19Z,2026-03-06T02:20:15Z,168,False,warshmellow-cses,warshmellow/warshmellow-cses,git@github.com:warshmellow/warshmellow-cses.git,0
MDEwOlJlcG9zaXRvcnkyNzk3MTEwNzQ=,2020-07-14T23:04:19Z,2026-03-20T07:16:56Z,2026-03-20T07:16:52Z,370,True,tgstat,cran/tgstat,git@github.com:cran/tgstat.git,0
MDEwOlJlcG9zaXRvcnkyNzk3MDc4OTA=,2020-07-14T22:41:19Z,2026-05-04T13:03:17Z,2026-05-04T13:03:11Z,34912,True,PyCI,theochem/PyCI,git@github.com:theochem/PyCI.git,26
MDEwOlJlcG9zaXRvcnkyNzk2OTQ2Mjk=,2020-07-14T21:16:07Z,2026-04-28T17:58:08Z,2026-04-28T18:01:56Z,21509,False,Magrathea,Huang-CL/Magrathea,git@github.com:Huang-CL/Magrathea.git,27
MDEwOlJlcG9zaXRvcnkyNzk2NDA3NzU=,2020-07-14T16:42:41Z,2026-05-05T09:04:24Z,2026-04-11T17:28:39Z,990574,False,limitless-engine,hotstreams/limitless-engine,git@github.com:hotstreams/limitless-engine.git,610
MDEwOlJlcG9zaXRvcnkyNzk0MjIyNTQ=,2020-07-13T22:11:32Z,2026-03-30T13:57:46Z,2026-04-23T00:25:07Z,17022,True,zcash_script,ZcashFoundation/zcash_script,git@github.com:ZcashFoundation/zcash_script.git,6
MDEwOlJlcG9zaXRvcnkyNzkzNzY0MjE=,2020-07-13T18:04:19Z,2026-05-01T11:32:32Z,2026-05-01T11:32:28Z,476,False,dazzle,irov/dazzle,git@github.com:irov/dazzle.git,3
MDEwOlJlcG9zaXRvcnkyNzkzNjgxMjk=,2020-07-13T17:25:07Z,2026-04-21T21:19:21Z,2026-04-21T16:27:25Z,237,False,sqpnp,terzakig/sqpnp,git@github.com:terzakig/sqpnp.git,179
MDEwOlJlcG9zaXRvcnkyNzkzNDUwODU=,2020-07-13T15:44:31Z,2026-05-03T13:40:33Z,2026-05-03T13:40:29Z,281,False,Basilator,vektorious/Basilator,git@github.com:vektorious/Basilator.git,1
MDEwOlJlcG9zaXRvcnkyNzkzNDA2Mzg=,2020-07-13T15:26:21Z,2026-03-11T11:47:46Z,2026-03-11T11:47:43Z,9935,True,Aspose.Slides-Cloud-SDK-for-Cpp,aspose-slides-cloud/Aspose.Slides-Cloud-SDK-for-Cpp,git@github.com:aspose-slides-cloud/Aspose.Slides-Cloud-SDK-for-Cpp.git,1
MDEwOlJlcG9zaXRvcnkyNzkyNDg0NDQ=,2020-07-13T08:52:20Z,2026-03-05T09:41:36Z,2026-03-05T09:41:32Z,438,False,Transfuse,TinoDidriksen/Transfuse,git@github.com:TinoDidriksen/Transfuse.git,7
MDEwOlJlcG9zaXRvcnkyNzkyMzg5MzE=,2020-07-13T08:16:16Z,2026-05-06T16:27:51Z,2026-05-06T16:27:46Z,1866,True,cpp11,cran/cpp11,git@github.com:cran/cpp11.git,0
MDEwOlJlcG9zaXRvcnkyNzkwNjk5MDU=,2020-07-12T13:27:09Z,2026-04-27T06:50:26Z,2026-04-27T06:50:21Z,5636,True,PathOfBuilding-SimpleGraphic,PathOfBuildingCommunity/PathOfBuilding-SimpleGraphic,git@github.com:PathOfBuildingCommunity/PathOfBuilding-SimpleGraphic.git,20
MDEwOlJlcG9zaXRvcnkyNzkwNjc1OTg=,2020-07-12T13:13:36Z,2026-05-07T06:22:43Z,2026-05-05T09:56:01Z,659609,False,Interview_DS_Algo,MAZHARMIK/Interview_DS_Algo,git@github.com:MAZHARMIK/Interview_DS_Algo.git,4016
MDEwOlJlcG9zaXRvcnkyNzg5ODc0ODA=,2020-07-12T03:59:16Z,2026-05-06T16:01:53Z,2026-04-19T12:55:04Z,18023,False,Z80Explorer,gdevic/Z80Explorer,git@github.com:gdevic/Z80Explorer.git,175
MDEwOlJlcG9zaXRvcnkyNzg4NjY3MzA=,2020-07-11T13:26:42Z,2026-03-20T05:53:42Z,2026-03-20T05:53:38Z,7704,True,android_device_fxtec_pro1,LineageOS/android_device_fxtec_pro1,git@github.com:LineageOS/android_device_fxtec_pro1.git,7
MDEwOlJlcG9zaXRvcnkyNzg3NDA0NTA=,2020-07-10T21:54:57Z,2026-05-06T06:19:28Z,2026-05-06T06:19:23Z,397,False,FiL,FreeYourSoul/FiL,git@github.com:FreeYourSoul/FiL.git,0
MDEwOlJlcG9zaXRvcnkyNzg3MDg3MDQ=,2020-07-10T18:42:48Z,2026-05-03T07:01:00Z,2026-05-03T07:00:56Z,23902,True,Sunray,Ardumower/Sunray,git@github.com:Ardumower/Sunray.git,92
MDEwOlJlcG9zaXRvcnkyNzg2ODQ3NDI=,2020-07-10T16:41:16Z,2026-05-05T16:52:51Z,2026-05-05T16:52:44Z,804240,False,GlareEngine,LihbGame/GlareEngine,git@github.com:LihbGame/GlareEngine.git,11
MDEwOlJlcG9zaXRvcnkyNzg1ODAyMzM=,2020-07-10T08:26:21Z,2026-05-06T13:06:19Z,2026-05-06T13:05:12Z,93471,True,MultiCraft,MultiCraft/MultiCraft,git@github.com:MultiCraft/MultiCraft.git,143
MDEwOlJlcG9zaXRvcnkyNzg1Njc0MjY=,2020-07-10T07:23:39Z,2026-05-03T12:56:55Z,2026-05-03T12:56:52Z,4014,False,ov-client,gisogrimm/ov-client,git@github.com:gisogrimm/ov-client.git,26
MDEwOlJlcG9zaXRvcnkyNzg1NTgwNzc=,2020-07-10T06:36:33Z,2026-05-05T14:02:20Z,2026-04-25T13:58:22Z,12806,True,astra-sim,astra-sim/astra-sim,git@github.com:astra-sim/astra-sim.git,576
MDEwOlJlcG9zaXRvcnkyNzg1NDE5ODM=,2020-07-10T04:57:07Z,2026-03-08T06:48:12Z,2026-03-08T06:48:08Z,232,False,vulkan_testbed,funkysidd/vulkan_testbed,git@github.com:funkysidd/vulkan_testbed.git,0
MDEwOlJlcG9zaXRvcnkyNzg1MTAzMTE=,2020-07-10T01:35:25Z,2026-04-28T12:49:50Z,2026-05-06T16:46:32Z,35452,True,deepin-voice-note,linuxdeepin/deepin-voice-note,git@github.com:linuxdeepin/deepin-voice-note.git,11
MDEwOlJlcG9zaXRvcnkyNzg1MDQzMTM=,2020-07-10T00:57:21Z,2026-03-13T19:10:36Z,2026-04-10T16:15:16Z,5039,False,hilbert,edeprince3/hilbert,git@github.com:edeprince3/hilbert.git,17
MDEwOlJlcG9zaXRvcnkyNzg0Njg3ODk=,2020-07-09T20:54:09Z,2026-05-03T01:17:12Z,2026-05-03T01:17:08Z,32599,True,Autocage,NuoLiLabBCM/Autocage,git@github.com:NuoLiLabBCM/Autocage.git,5
MDEwOlJlcG9zaXRvcnkyNzg0NjQwODk=,2020-07-09T20:27:39Z,2026-05-03T17:23:14Z,2026-05-03T18:24:49Z,4827,False,GoveeBTTempLogger,wcbonner/GoveeBTTempLogger,git@github.com:wcbonner/GoveeBTTempLogger.git,229
MDEwOlJlcG9zaXRvcnkyNzg0NjA1MDM=,2020-07-09T20:08:19Z,2026-04-27T09:19:12Z,2026-04-27T09:19:05Z,102,False,GY521,RobTillaart/GY521,git@github.com:RobTillaart/GY521.git,46
MDEwOlJlcG9zaXRvcnkyNzg0MTUyNzI=,2020-07-09T16:24:48Z,2026-05-04T07:53:58Z,2026-05-01T14:13:06Z,213371,True,AxiSEM3D,AxiSEMunity/AxiSEM3D,git@github.com:AxiSEMunity/AxiSEM3D.git,53
MDEwOlJlcG9zaXRvcnkyNzgzODk3NTM=,2020-07-09T14:39:00Z,2026-04-23T11:02:09Z,2026-04-23T11:02:12Z,3355,True,fast_tSNE_operator,tercen/fast_tSNE_operator,git@github.com:tercen/fast_tSNE_operator.git,0
MDEwOlJlcG9zaXRvcnkyNzgzNDIyMTk=,2020-07-09T11:09:47Z,2026-04-02T14:55:19Z,2026-03-01T09:17:18Z,3862,False,KPP-VST3,olegkapitonov/KPP-VST3,git@github.com:olegkapitonov/KPP-VST3.git,32
MDEwOlJlcG9zaXRvcnkyNzgzMDExOTY=,2020-07-09T07:59:31Z,2026-03-31T02:44:05Z,2026-03-31T02:44:01Z,116,True,iot-safe-middleware,ThalesGroup/iot-safe-middleware,git@github.com:ThalesGroup/iot-safe-middleware.git,14
MDEwOlJlcG9zaXRvcnkyNzgyNzI0ODI=,2020-07-09T05:35:11Z,2026-03-25T23:39:11Z,2026-03-25T23:39:07Z,120,False,fastkmedoids,lixun910/fastkmedoids,git@github.com:lixun910/fastkmedoids.git,3
MDEwOlJlcG9zaXRvcnkyNzgyMjMxMTI=,2020-07-09T00:27:50Z,2026-05-05T12:57:57Z,2026-04-16T12:34:33Z,3843,False,li_slam_ros2,rsasaki0109/li_slam_ros2,git@github.com:rsasaki0109/li_slam_ros2.git,420
MDEwOlJlcG9zaXRvcnkyNzgwODc1MDI=,2020-07-08T12:47:49Z,2026-04-10T03:03:19Z,2026-03-24T08:27:27Z,18597,False,kmtricks,tlemane/kmtricks,git@github.com:tlemane/kmtricks.git,87
MDEwOlJlcG9zaXRvcnkyNzgwODAzODk=,2020-07-08T12:15:11Z,2026-04-28T20:48:26Z,2026-05-06T02:02:53Z,46333,False,TCodeESP32,jcfain/TCodeESP32,git@github.com:jcfain/TCodeESP32.git,89
MDEwOlJlcG9zaXRvcnkyNzgwNTc4Mzg=,2020-07-08T10:19:39Z,2026-04-16T18:29:13Z,2026-03-08T13:44:24Z,35098,False,OpenModMan,iquercorb/OpenModMan,git@github.com:iquercorb/OpenModMan.git,128
MDEwOlJlcG9zaXRvcnkyNzc5Njg4OTM=,2020-07-08T02:22:10Z,2026-03-16T13:50:27Z,2026-03-16T13:50:23Z,94,True,Bioptic-Color-Camera-SDK-for-Windows,ZebraDevs/Bioptic-Color-Camera-SDK-for-Windows,git@github.com:ZebraDevs/Bioptic-Color-Camera-SDK-for-Windows.git,1
MDEwOlJlcG9zaXRvcnkyNzc4OTM5NjE=,2020-07-07T18:32:26Z,2026-04-08T03:04:54Z,2026-04-24T20:30:28Z,2570,True,android_external_dng_sdk,LineageOS/android_external_dng_sdk,git@github.com:LineageOS/android_external_dng_sdk.git,1
MDEwOlJlcG9zaXRvcnkyNzc4NTUzMjI=,2020-07-07T15:33:16Z,2026-04-09T18:54:18Z,2026-04-09T18:54:14Z,12240,True,racecar,SherbyRobotics/racecar,git@github.com:SherbyRobotics/racecar.git,8
MDEwOlJlcG9zaXRvcnkyNzc4MzA5OTU=,2020-07-07T13:55:48Z,2026-04-20T06:10:45Z,2026-03-25T04:00:01Z,711,False,robust-laplacians-py,nmwsharp/robust-laplacians-py,git@github.com:nmwsharp/robust-laplacians-py.git,261
MDEwOlJlcG9zaXRvcnkyNzc3Njk0MDc=,2020-07-07T09:08:14Z,2026-05-06T21:01:54Z,2026-05-06T21:01:48Z,76123,True,tencentcloud-sdk-cpp-intl-en,TencentCloud/tencentcloud-sdk-cpp-intl-en,git@github.com:TencentCloud/tencentcloud-sdk-cpp-intl-en.git,2
MDEwOlJlcG9zaXRvcnkyNzc3NjI4MDM=,2020-07-07T08:38:35Z,2026-04-22T12:57:39Z,2026-04-22T12:57:35Z,36518,False,DualPID,knifter/DualPID,git@github.com:knifter/DualPID.git,53
MDEwOlJlcG9zaXRvcnkyNzc2ODQ3NDA=,2020-07-07T01:17:53Z,2026-03-24T06:47:09Z,2026-03-26T07:52:35Z,54776,False,Autonomous-Mobile-Robotics,sManohar201/Autonomous-Mobile-Robotics,git@github.com:sManohar201/Autonomous-Mobile-Robotics.git,15
MDEwOlJlcG9zaXRvcnkyNzc2ODMwOTI=,2020-07-07T01:06:49Z,2026-04-27T13:58:56Z,2026-04-27T13:58:50Z,300549,True,moonrat,PubInv/moonrat,git@github.com:PubInv/moonrat.git,5
MDEwOlJlcG9zaXRvcnkyNzc1NTYxNjk=,2020-07-06T13:55:59Z,2026-05-07T01:49:47Z,2026-05-07T01:49:44Z,13734,True,pennylane-lightning,PennyLaneAI/pennylane-lightning,git@github.com:PennyLaneAI/pennylane-lightning.git,136
MDEwOlJlcG9zaXRvcnkyNzc1MzU4Mzg=,2020-07-06T12:28:47Z,2026-05-06T18:52:28Z,2026-05-06T18:52:24Z,5822,True,kquickimageeditor,KDE/kquickimageeditor,git@github.com:KDE/kquickimageeditor.git,5
MDEwOlJlcG9zaXRvcnkyNzc1MTc2OTU=,2020-07-06T10:58:22Z,2026-03-09T15:41:44Z,2026-03-10T00:19:12Z,127991,True,hops,modsim/hops,git@github.com:modsim/hops.git,13
MDEwOlJlcG9zaXRvcnkyNzc1MDQ4MDE=,2020-07-06T09:54:44Z,2026-03-06T01:50:15Z,2026-03-06T01:50:03Z,222242,False,CompetitiveProgramming,SMiles02/CompetitiveProgramming,git@github.com:SMiles02/CompetitiveProgramming.git,22
MDEwOlJlcG9zaXRvcnkyNzc0NjUwMTM=,2020-07-06T06:51:19Z,2026-04-23T13:22:54Z,2026-04-07T07:31:32Z,2252,True,OGL,hpsim/OGL,git@github.com:hpsim/OGL.git,42
MDEwOlJlcG9zaXRvcnkyNzczNjk4Mjk=,2020-07-05T19:29:53Z,2026-04-20T12:24:34Z,2026-04-20T12:24:30Z,110721,False,equilibrium,Force67/equilibrium,git@github.com:Force67/equilibrium.git,2
MDEwOlJlcG9zaXRvcnkyNzcxNDU2MTU=,2020-07-04T16:22:52Z,2026-04-25T18:13:39Z,2026-04-25T18:13:34Z,303242,True,android_frameworks_av,crdroidandroid/android_frameworks_av,git@github.com:crdroidandroid/android_frameworks_av.git,14
MDEwOlJlcG9zaXRvcnkyNzcxNDM4MjE=,2020-07-04T16:11:59Z,2026-04-28T00:33:06Z,2026-04-28T00:33:01Z,151660,True,android_frameworks_native,crdroidandroid/android_frameworks_native,git@github.com:crdroidandroid/android_frameworks_native.git,10
MDEwOlJlcG9zaXRvcnkyNzcxMjcxMDE=,2020-07-04T14:36:31Z,2026-05-04T15:41:27Z,2026-05-04T15:41:27Z,48898,True,piscsi,PiSCSI/piscsi,git@github.com:PiSCSI/piscsi.git,598
MDEwOlJlcG9zaXRvcnkyNzcwNTU5Nzc=,2020-07-04T06:51:06Z,2026-05-06T23:08:34Z,2026-05-06T23:08:31Z,9862,False,XAPKDetector,horsicq/XAPKDetector,git@github.com:horsicq/XAPKDetector.git,683
MDEwOlJlcG9zaXRvcnkyNzcwNTMxMDg=,2020-07-04T06:30:22Z,2026-05-06T09:13:43Z,2026-04-30T06:46:36Z,1992,True,rmw_zenoh,ros2/rmw_zenoh,git@github.com:ros2/rmw_zenoh.git,462
MDEwOlJlcG9zaXRvcnkyNzcwNDgzMDY=,2020-07-04T05:54:30Z,2026-04-15T09:38:15Z,2026-04-13T01:04:41Z,301,False,ride-where-you-look,ampersand38/ride-where-you-look,git@github.com:ampersand38/ride-where-you-look.git,4
MDEwOlJlcG9zaXRvcnkyNzY5NjA1ODA=,2020-07-03T18:07:26Z,2026-05-07T06:10:24Z,2026-05-07T06:10:16Z,108704,False,opticks,simoncblyth/opticks,git@github.com:simoncblyth/opticks.git,46
MDEwOlJlcG9zaXRvcnkyNzY5MzQzNzg=,2020-07-03T15:41:59Z,2026-03-27T08:17:37Z,2026-05-06T17:12:24Z,14453,False,AZURE2,rdeboer1/AZURE2,git@github.com:rdeboer1/AZURE2.git,7
MDEwOlJlcG9zaXRvcnkyNzY4Mzk5MTc=,2020-07-03T07:45:31Z,2026-05-07T00:58:00Z,2026-05-05T06:55:38Z,69203,False,alienfx-tools,T-Troll/alienfx-tools,git@github.com:T-Troll/alienfx-tools.git,786
MDEwOlJlcG9zaXRvcnkyNzY4MDQzNzI=,2020-07-03T04:08:01Z,2026-05-01T03:22:45Z,2026-04-26T16:14:58Z,20460,False,aoo,essej/aoo,git@github.com:essej/aoo.git,128
MDEwOlJlcG9zaXRvcnkyNzY3NTY0NTE=,2020-07-02T22:26:33Z,2026-04-30T10:19:21Z,2026-04-30T10:19:16Z,56,True,titan.TestPorts.USB,osmocom/titan.TestPorts.USB,git@github.com:osmocom/titan.TestPorts.USB.git,0
MDEwOlJlcG9zaXRvcnkyNzY3MjQ2Mjc=,2020-07-02T18:59:46Z,2026-03-23T21:28:21Z,2026-03-23T21:28:17Z,272,True,mod-tic-tac-toe,azerothcore/mod-tic-tac-toe,git@github.com:azerothcore/mod-tic-tac-toe.git,7
MDEwOlJlcG9zaXRvcnkyNzY2NTA5MzU=,2020-07-02T13:16:39Z,2026-04-16T23:04:41Z,2026-04-16T23:04:18Z,553615,True,OpenCascadeLink,WolframResearch/OpenCascadeLink,git@github.com:WolframResearch/OpenCascadeLink.git,35
MDEwOlJlcG9zaXRvcnkyNzY2NDQxNDM=,2020-07-02T12:46:34Z,2026-05-03T19:54:59Z,2026-03-04T13:51:59Z,10022,True,sbg_ros2_driver,SBG-Systems/sbg_ros2_driver,git@github.com:SBG-Systems/sbg_ros2_driver.git,52
MDEwOlJlcG9zaXRvcnkyNzY0NTM4MzE=,2020-07-01T18:29:56Z,2026-05-04T07:01:17Z,2026-05-04T07:01:12Z,973,False,wolf4sdl,fabiangreffrath/wolf4sdl,git@github.com:fabiangreffrath/wolf4sdl.git,40
MDEwOlJlcG9zaXRvcnkyNzYzNzcyMDU=,2020-07-01T12:53:13Z,2026-05-05T15:09:51Z,2026-05-05T07:35:53Z,1701274,False,Razix,Pikachuxxxx/Razix,git@github.com:Pikachuxxxx/Razix.git,488
MDEwOlJlcG9zaXRvcnkyNzYzMjAwMzg=,2020-07-01T08:22:45Z,2026-04-28T08:15:32Z,2026-04-27T10:47:56Z,738460,False,heyoka,bluescarni/heyoka,git@github.com:bluescarni/heyoka.git,241
MDEwOlJlcG9zaXRvcnkyNzYzMDk5MDA=,2020-07-01T07:37:31Z,2026-03-11T02:26:02Z,2026-03-11T03:06:10Z,123,True,tahoma2d_plugins,tahoma2d/tahoma2d_plugins,git@github.com:tahoma2d/tahoma2d_plugins.git,3
MDEwOlJlcG9zaXRvcnkyNzYzMDYzOTg=,2020-07-01T07:21:41Z,2026-05-04T22:45:21Z,2026-05-04T22:45:17Z,309,False,XDEX,horsicq/XDEX,git@github.com:horsicq/XDEX.git,9
MDEwOlJlcG9zaXRvcnkyNzYyMzIxNzA=,2020-06-30T23:40:45Z,2026-05-01T18:45:20Z,2026-05-01T18:45:18Z,253,True,DxCapsViewer,microsoft/DxCapsViewer,git@github.com:microsoft/DxCapsViewer.git,160
MDEwOlJlcG9zaXRvcnkyNzYxNTAzMjY=,2020-06-30T16:15:39Z,2026-04-12T08:48:56Z,2026-04-03T21:57:05Z,4742,True,ryujin,conservation-laws/ryujin,git@github.com:conservation-laws/ryujin.git,225
MDEwOlJlcG9zaXRvcnkyNzYwODQzNDc=,2020-06-30T11:51:00Z,2026-04-24T23:55:45Z,2026-04-24T23:55:40Z,59097,False,JOIPEngine,RemotelyChaotic/JOIPEngine,git@github.com:RemotelyChaotic/JOIPEngine.git,5
MDEwOlJlcG9zaXRvcnkyNzYwNzg3ODE=,2020-06-30T11:23:10Z,2026-04-10T13:31:15Z,2026-04-10T13:31:09Z,393,True,libpolymake-julia,oscar-system/libpolymake-julia,git@github.com:oscar-system/libpolymake-julia.git,4
MDEwOlJlcG9zaXRvcnkyNzYwNzA5OTc=,2020-06-30T10:42:51Z,2026-03-25T03:01:11Z,2026-03-25T03:01:07Z,4127,False,evb_pc,young723/evb_pc,git@github.com:young723/evb_pc.git,1
MDEwOlJlcG9zaXRvcnkyNzYwNjgyMDE=,2020-06-30T10:29:03Z,2026-04-18T07:13:39Z,2026-05-07T01:01:52Z,6005,False,Awesome-Automations,Arsenic-ATG/Awesome-Automations,git@github.com:Arsenic-ATG/Awesome-Automations.git,61
MDEwOlJlcG9zaXRvcnkyNzYwMjM0MDM=,2020-06-30T07:02:30Z,2026-05-06T09:30:03Z,2026-05-06T02:07:58Z,57765,True,efiXplorer,REhints/efiXplorer,git@github.com:REhints/efiXplorer.git,1097
MDEwOlJlcG9zaXRvcnkyNzU5OTAwNDc=,2020-06-30T03:43:22Z,2026-03-31T14:03:21Z,2026-03-31T14:03:17Z,17690,True,N2R,kharchenkolab/N2R,git@github.com:kharchenkolab/N2R.git,10
MDEwOlJlcG9zaXRvcnkyNzU5MjgzNDM=,2020-06-29T21:18:25Z,2026-05-06T18:20:18Z,2026-05-06T18:20:12Z,1738,False,elbencho,breuner/elbencho,git@github.com:breuner/elbencho.git,267
MDEwOlJlcG9zaXRvcnkyNzU5MTQ4MTI=,2020-06-29T20:05:24Z,2026-04-29T00:39:32Z,2026-04-29T00:39:28Z,5459,True,ninja,sailfishos-mirror/ninja,git@github.com:sailfishos-mirror/ninja.git,0
MDEwOlJlcG9zaXRvcnkyNzU4OTczNTU=,2020-06-29T18:38:42Z,2026-03-29T03:41:15Z,2026-03-29T03:41:10Z,310,False,lean-vtk,mmorse1217/lean-vtk,git@github.com:mmorse1217/lean-vtk.git,51
MDEwOlJlcG9zaXRvcnkyNzU4OTE5OTA=,2020-06-29T18:12:13Z,2026-05-06T16:11:36Z,2026-05-06T16:11:20Z,78732,False,ProMaIDes_src,dabachma/ProMaIDes_src,git@github.com:dabachma/ProMaIDes_src.git,3
MDEwOlJlcG9zaXRvcnkyNzU2OTk5MDY=,2020-06-29T01:18:31Z,2026-04-05T14:28:35Z,2026-04-05T14:28:27Z,63,True,VTIL-Python,vtil-project/VTIL-Python,git@github.com:vtil-project/VTIL-Python.git,29
MDEwOlJlcG9zaXRvcnkyNzU1NTMyMTg=,2020-06-28T09:40:28Z,2026-05-01T18:25:17Z,2026-05-01T18:25:13Z,80485,False,corsair-engine,redorav/corsair-engine,git@github.com:redorav/corsair-engine.git,11
MDEwOlJlcG9zaXRvcnkyNzU1NTA2Nzc=,2020-06-28T09:25:30Z,2026-04-21T12:01:10Z,2026-04-21T12:01:05Z,106,False,libwatchfish,piggz/libwatchfish,git@github.com:piggz/libwatchfish.git,1
MDEwOlJlcG9zaXRvcnkyNzU0ODU1NjU=,2020-06-28T01:47:08Z,2026-05-06T06:25:08Z,2026-03-06T13:00:27Z,32072,True,gbplanner_ros,ntnu-arl/gbplanner_ros,git@github.com:ntnu-arl/gbplanner_ros.git,811
MDEwOlJlcG9zaXRvcnkyNzU0MTk4MzA=,2020-06-27T17:20:47Z,2026-05-01T07:16:56Z,2026-05-01T07:16:52Z,81,False,python-cpp-extension,mathbunnyru/python-cpp-extension,git@github.com:mathbunnyru/python-cpp-extension.git,5
MDEwOlJlcG9zaXRvcnkyNzUzNTMwOTM=,2020-06-27T10:56:18Z,2026-05-05T09:42:46Z,2026-03-27T15:08:44Z,1118,False,ADS1115_WE,wollewald/ADS1115_WE,git@github.com:wollewald/ADS1115_WE.git,159
MDEwOlJlcG9zaXRvcnkyNzUzNDg5NjI=,2020-06-27T10:29:49Z,2026-03-24T14:11:34Z,2026-03-24T14:12:31Z,202,False,libinsn,tihmstar/libinsn,git@github.com:tihmstar/libinsn.git,14
MDEwOlJlcG9zaXRvcnkyNzUyNTgzNTc=,2020-06-26T22:24:53Z,2026-05-06T16:43:37Z,2026-03-29T12:39:50Z,2672,False,KDiskMark,JonMagon/KDiskMark,git@github.com:JonMagon/KDiskMark.git,1608
MDEwOlJlcG9zaXRvcnkyNzUyMzk4NzE=,2020-06-26T20:16:45Z,2026-04-20T23:31:57Z,2026-03-02T18:07:43Z,766010,True,TouchEngine-UE-Samples,TouchDesigner/TouchEngine-UE-Samples,git@github.com:TouchDesigner/TouchEngine-UE-Samples.git,68
MDEwOlJlcG9zaXRvcnkyNzUyMTkxMzI=,2020-06-26T18:10:55Z,2026-05-06T21:21:49Z,2026-05-06T21:16:38Z,699490,False,OPNpool,cvonk/OPNpool,git@github.com:cvonk/OPNpool.git,96
MDEwOlJlcG9zaXRvcnkyNzUyMTY5MDk=,2020-06-26T17:57:58Z,2026-05-07T01:51:12Z,2026-05-07T05:41:46Z,2169,True,LibMultiSense,carnegierobotics/LibMultiSense,git@github.com:carnegierobotics/LibMultiSense.git,12
MDEwOlJlcG9zaXRvcnkyNzUxNjgzNzg=,2020-06-26T13:56:18Z,2026-05-07T10:59:46Z,2026-05-07T11:02:15Z,13659,False,flagser-count,JasonPSmith/flagser-count,git@github.com:JasonPSmith/flagser-count.git,5
MDEwOlJlcG9zaXRvcnkyNzUxNTEzMTY=,2020-06-26T12:31:04Z,2026-03-16T06:33:40Z,2026-03-16T06:33:43Z,1523,True,Arduino_Threads,arduino-libraries/Arduino_Threads,git@github.com:arduino-libraries/Arduino_Threads.git,49
MDEwOlJlcG9zaXRvcnkyNzUxNDQxMDA=,2020-06-26T11:51:59Z,2026-03-20T19:15:46Z,2026-03-20T19:15:42Z,113948,True,triviabot,brainboxdotcc/triviabot,git@github.com:brainboxdotcc/triviabot.git,39
MDEwOlJlcG9zaXRvcnkyNzUxMjQwODI=,2020-06-26T09:54:57Z,2026-04-15T02:25:35Z,2026-04-15T02:25:30Z,129,False,GB-Mahjong,zheng-fan/GB-Mahjong,git@github.com:zheng-fan/GB-Mahjong.git,29
MDEwOlJlcG9zaXRvcnkyNzUwOTEzMjQ=,2020-06-26T06:44:53Z,2026-04-02T06:08:52Z,2026-04-02T06:08:48Z,31,True,TR_IMU_LIB,technoroad/TR_IMU_LIB,git@github.com:technoroad/TR_IMU_LIB.git,0
MDEwOlJlcG9zaXRvcnkyNzUwMzA3MDU=,2020-06-25T22:54:42Z,2026-03-30T22:44:14Z,2026-03-30T22:44:10Z,1650,False,ill_mirror-takin2-mnsi,tweber-ill/ill_mirror-takin2-mnsi,git@github.com:tweber-ill/ill_mirror-takin2-mnsi.git,0
MDEwOlJlcG9zaXRvcnkyNzQ5ODE1Nzk=,2020-06-25T17:56:09Z,2026-04-18T07:52:37Z,2026-04-18T07:52:31Z,207,True,choreonoid_ros,choreonoid/choreonoid_ros,git@github.com:choreonoid/choreonoid_ros.git,16
MDEwOlJlcG9zaXRvcnkyNzQ5Nzc3ODY=,2020-06-25T17:36:56Z,2026-05-04T15:18:02Z,2026-05-01T19:33:28Z,62848,True,choreonoid,choreonoid/choreonoid,git@github.com:choreonoid/choreonoid.git,181
MDEwOlJlcG9zaXRvcnkyNzQ5NDE4NjM=,2020-06-25T14:46:51Z,2026-03-31T22:14:24Z,2026-03-31T22:15:07Z,1098,True,Wasatch.VCPP,WasatchPhotonics/Wasatch.VCPP,git@github.com:WasatchPhotonics/Wasatch.VCPP.git,2
MDEwOlJlcG9zaXRvcnkyNzQ5MzUxNzQ=,2020-06-25T14:18:32Z,2026-04-28T01:32:00Z,2026-04-28T01:31:57Z,409,True,listrev,DUNE-DAQ/listrev,git@github.com:DUNE-DAQ/listrev.git,1
MDEwOlJlcG9zaXRvcnkyNzQ4NDY0MzA=,2020-06-25T06:39:53Z,2026-05-04T13:59:43Z,2026-04-05T04:52:31Z,198345,True,OpenScan,ethereal-developers/OpenScan,git@github.com:ethereal-developers/OpenScan.git,1755
MDEwOlJlcG9zaXRvcnkyNzQ4MDkwNTc=,2020-06-25T01:59:13Z,2026-05-02T17:08:40Z,2026-03-19T13:39:22Z,1090,False,midisport-macos,leighsmith/midisport-macos,git@github.com:leighsmith/midisport-macos.git,166
MDEwOlJlcG9zaXRvcnkyNzQ4MDIwMjk=,2020-06-25T01:09:06Z,2026-03-28T08:26:47Z,2026-03-28T08:26:42Z,1381,False,FastJM,shanpengli/FastJM,git@github.com:shanpengli/FastJM.git,7
MDEwOlJlcG9zaXRvcnkyNzQ3Nzg5MDY=,2020-06-24T22:09:29Z,2026-05-06T22:18:18Z,2026-05-06T22:25:48Z,531,True,tracker-edge,particle-iot/tracker-edge,git@github.com:particle-iot/tracker-edge.git,24
MDEwOlJlcG9zaXRvcnkyNzQ3Mzk5ODk=,2020-06-24T18:21:39Z,2026-04-23T04:52:29Z,2026-04-13T19:37:25Z,30513,True,noggit3,wowdev/noggit3,git@github.com:wowdev/noggit3.git,177
MDEwOlJlcG9zaXRvcnkyNzQ3MzU3MjU=,2020-06-24T18:00:14Z,2026-03-29T17:52:28Z,2026-03-29T17:52:22Z,528,True,productivity-tools,OpenCilk/productivity-tools,git@github.com:OpenCilk/productivity-tools.git,9
MDEwOlJlcG9zaXRvcnkyNzQ2OTc4NDE=,2020-06-24T15:02:25Z,2026-04-23T08:14:40Z,2026-04-23T08:15:10Z,26,False,ParallelPrinter,RobTillaart/ParallelPrinter,git@github.com:RobTillaart/ParallelPrinter.git,15
MDEwOlJlcG9zaXRvcnkyNzQ2NDc3MTE=,2020-06-24T11:05:05Z,2026-05-02T00:31:45Z,2026-05-02T00:31:43Z,5938,True,karchive,sailfishos-mirror/karchive,git@github.com:sailfishos-mirror/karchive.git,0
MDEwOlJlcG9zaXRvcnkyNzQ2MzQ2NDk=,2020-06-24T09:56:42Z,2026-03-17T14:52:52Z,2026-03-13T17:25:27Z,113069,True,rift,PipeRift/rift,git@github.com:PipeRift/rift.git,50
MDEwOlJlcG9zaXRvcnkyNzQ2MTE3NTk=,2020-06-24T08:06:01Z,2026-05-06T15:13:30Z,2026-05-06T15:06:07Z,136405,True,toplingdb,topling/toplingdb,git@github.com:topling/toplingdb.git,1016
MDEwOlJlcG9zaXRvcnkyNzQ1ODk2Njk=,2020-06-24T06:11:52Z,2026-05-07T08:52:50Z,2026-03-03T20:02:18Z,266628,False,POLARIS,polaris-MCRT/POLARIS,git@github.com:polaris-MCRT/POLARIS.git,47
MDEwOlJlcG9zaXRvcnkyNzQ1MjkwNDk=,2020-06-23T23:25:39Z,2026-04-18T01:55:20Z,2026-04-18T01:55:18Z,33028,True,quo-vadis,hpc/quo-vadis,git@github.com:hpc/quo-vadis.git,8
MDEwOlJlcG9zaXRvcnkyNzQ0NzUwNzc=,2020-06-23T18:03:45Z,2026-04-22T14:46:38Z,2026-04-19T04:00:30Z,21925,False,Open3DStream,mocap-ca/Open3DStream,git@github.com:mocap-ca/Open3DStream.git,23
MDEwOlJlcG9zaXRvcnkyNzQ0Njc5OTI=,2020-06-23T17:27:44Z,2026-04-20T08:12:37Z,2026-03-17T16:24:12Z,1101,False,EigenRand,bab2min/EigenRand,git@github.com:bab2min/EigenRand.git,105
MDEwOlJlcG9zaXRvcnkyNzQ0MTY5MDM=,2020-06-23T13:45:11Z,2026-03-26T04:57:38Z,2026-03-26T04:57:34Z,101,True,DapNetworkMonitor,demlabs-cellframe/DapNetworkMonitor,git@github.com:demlabs-cellframe/DapNetworkMonitor.git,0
MDEwOlJlcG9zaXRvcnkyNzQxNTM4ODM=,2020-06-22T14:04:45Z,2026-04-17T03:17:10Z,2026-04-17T03:17:06Z,349,True,peci-pcie,openbmc/peci-pcie,git@github.com:openbmc/peci-pcie.git,11
MDEwOlJlcG9zaXRvcnkyNzQxNDgzNTA=,2020-06-22T13:43:22Z,2026-04-26T05:00:35Z,2026-04-26T05:00:31Z,3635,False,x2camf,Warlocat/x2camf,git@github.com:Warlocat/x2camf.git,10
MDEwOlJlcG9zaXRvcnkyNzQxMjgxMTY=,2020-06-22T12:15:45Z,2026-04-15T09:18:22Z,2026-04-15T09:18:16Z,697,True,babel-serializer,project-arcana/babel-serializer,git@github.com:project-arcana/babel-serializer.git,1
MDEwOlJlcG9zaXRvcnkyNzQxMTY2NTM=,2020-06-22T11:17:42Z,2026-03-09T04:34:34Z,2026-03-09T04:41:58Z,226,True,p4php,perforce/p4php,git@github.com:perforce/p4php.git,1
MDEwOlJlcG9zaXRvcnkyNzQwODQzOTY=,2020-06-22T08:40:08Z,2026-03-10T08:53:36Z,2026-03-10T08:53:33Z,100,True,weightDriver_rumba,MercenariesEngineering/weightDriver_rumba,git@github.com:MercenariesEngineering/weightDriver_rumba.git,1
MDEwOlJlcG9zaXRvcnkyNzQwODM2MzA=,2020-06-22T08:36:36Z,2026-03-10T08:55:36Z,2026-03-10T08:55:32Z,108,True,mgear_solvers_rumba,MercenariesEngineering/mgear_solvers_rumba,git@github.com:MercenariesEngineering/mgear_solvers_rumba.git,3
MDEwOlJlcG9zaXRvcnkyNzM5OTE4Njk=,2020-06-21T22:16:02Z,2026-03-06T08:22:55Z,2026-03-06T08:22:51Z,22771,False,portafoglioVoti_public,romeorizzi/portafoglioVoti_public,git@github.com:romeorizzi/portafoglioVoti_public.git,3
MDEwOlJlcG9zaXRvcnkyNzM5NzAxNTg=,2020-06-21T19:26:33Z,2026-03-26T12:04:48Z,2026-03-26T12:04:45Z,15,True,gplusplus-googlemock,cyber-dojo-start-points/gplusplus-googlemock,git@github.com:cyber-dojo-start-points/gplusplus-googlemock.git,0
MDEwOlJlcG9zaXRvcnkyNzM5Njk3NTk=,2020-06-21T19:23:58Z,2026-03-26T12:04:15Z,2026-03-26T12:04:11Z,21,True,clangplusplus-googlemock,cyber-dojo-start-points/clangplusplus-googlemock,git@github.com:cyber-dojo-start-points/clangplusplus-googlemock.git,0
MDEwOlJlcG9zaXRvcnkyNzM5MDQ3Mzk=,2020-06-21T12:59:24Z,2026-04-17T14:20:32Z,2026-04-17T14:20:21Z,23520,False,Boymue,damonyan1985/Boymue,git@github.com:damonyan1985/Boymue.git,7
MDEwOlJlcG9zaXRvcnkyNzM5MDM2MTc=,2020-06-21T12:52:37Z,2026-04-18T09:57:48Z,2026-04-18T09:57:44Z,83,False,render_raytracing,Silverlan/render_raytracing,git@github.com:Silverlan/render_raytracing.git,0
MDEwOlJlcG9zaXRvcnkyNzM5MDI4NTg=,2020-06-21T12:47:57Z,2026-04-18T09:39:54Z,2026-04-18T09:39:50Z,768,False,UniRender,Silverlan/UniRender,git@github.com:Silverlan/UniRender.git,0
MDEwOlJlcG9zaXRvcnkyNzM4NjkxNzU=,2020-06-21T09:01:51Z,2026-05-06T07:05:58Z,2026-03-07T13:43:50Z,78965,True,TJCS-Course,TJ-CSCCG/TJCS-Course,git@github.com:TJ-CSCCG/TJCS-Course.git,415
MDEwOlJlcG9zaXRvcnkyNzM3NzI3NDQ=,2020-06-20T19:36:15Z,2026-03-06T01:55:17Z,2026-04-23T16:52:07Z,146343,True,robowrestling-software,RoboJackets/robowrestling-software,git@github.com:RoboJackets/robowrestling-software.git,11
MDEwOlJlcG9zaXRvcnkyNzM1OTgyNjk=,2020-06-19T22:35:07Z,2026-05-04T01:30:28Z,2026-05-04T01:30:23Z,100084,False,libCacheSim,1a1a11a/libCacheSim,git@github.com:1a1a11a/libCacheSim.git,300
MDEwOlJlcG9zaXRvcnkyNzM1ODcwODM=,2020-06-19T21:10:29Z,2026-05-06T11:33:40Z,2026-04-06T12:10:26Z,29364,False,brickstore,rgriebl/brickstore,git@github.com:rgriebl/brickstore.git,162
MDEwOlJlcG9zaXRvcnkyNzM1NTM3Nzc=,2020-06-19T17:44:53Z,2026-04-18T13:47:13Z,2026-04-18T13:47:45Z,85,False,MCP23017_RT,RobTillaart/MCP23017_RT,git@github.com:RobTillaart/MCP23017_RT.git,31
MDEwOlJlcG9zaXRvcnkyNzM1NDc3ODM=,2020-06-19T17:11:45Z,2026-05-06T20:14:42Z,2026-03-30T07:43:43Z,76162,False,CXXGraph,ZigRazor/CXXGraph,git@github.com:ZigRazor/CXXGraph.git,698
MDEwOlJlcG9zaXRvcnkyNzM1MTc1Mjk=,2020-06-19T14:46:18Z,2026-04-27T09:58:17Z,2026-05-06T19:51:58Z,19202,True,ViennaPS,ViennaTools/ViennaPS,git@github.com:ViennaTools/ViennaPS.git,74
MDEwOlJlcG9zaXRvcnkyNzM1MDQ3NDY=,2020-06-19T13:48:14Z,2026-05-05T18:01:47Z,2026-05-05T10:22:17Z,213,False,CP-Templates,Priyansh19077/CP-Templates,git@github.com:Priyansh19077/CP-Templates.git,1063
MDEwOlJlcG9zaXRvcnkyNzM1MDE2NTM=,2020-06-19T13:33:30Z,2026-03-31T15:50:30Z,2026-03-31T15:50:21Z,3070,True,cbwindows,CyberBoardPBEM/cbwindows,git@github.com:CyberBoardPBEM/cbwindows.git,11
MDEwOlJlcG9zaXRvcnkyNzM0NDk2MDE=,2020-06-19T09:05:10Z,2026-05-06T06:00:42Z,2026-05-06T06:00:36Z,6897,False,My-Marvin,jonpad01/My-Marvin,git@github.com:jonpad01/My-Marvin.git,4
MDEwOlJlcG9zaXRvcnkyNzMzOTYzMjM=,2020-06-19T03:35:05Z,2026-03-10T20:49:39Z,2026-05-04T21:10:19Z,583,True,nuhal,omnid/nuhal,git@github.com:omnid/nuhal.git,0
MDEwOlJlcG9zaXRvcnkyNzMzNDg5NTY=,2020-06-18T22:05:39Z,2026-05-06T23:03:22Z,2026-05-06T23:03:18Z,16440,False,die_library,horsicq/die_library,git@github.com:horsicq/die_library.git,60
MDEwOlJlcG9zaXRvcnkyNzMyNTQxMDY=,2020-06-18T14:03:31Z,2026-04-07T16:08:08Z,2026-04-07T16:10:27Z,318,True,OscLib,cafana/OscLib,git@github.com:cafana/OscLib.git,2
MDEwOlJlcG9zaXRvcnkyNzMyNDYyNjg=,2020-06-18T13:29:36Z,2026-04-10T06:57:00Z,2026-04-10T06:56:51Z,135,True,ofxOceanodeCollection,PlaymodesStudio/ofxOceanodeCollection,git@github.com:PlaymodesStudio/ofxOceanodeCollection.git,1
MDEwOlJlcG9zaXRvcnkyNzMyNDQ2NzA=,2020-06-18T13:22:42Z,2026-03-05T17:10:14Z,2026-03-05T17:10:09Z,71,True,ofxOceanodeLights,PlaymodesStudio/ofxOceanodeLights,git@github.com:PlaymodesStudio/ofxOceanodeLights.git,0
MDEwOlJlcG9zaXRvcnkyNzMxMTU2NjM=,2020-06-18T01:41:41Z,2026-03-13T20:53:23Z,2026-05-01T17:05:49Z,239256,True,Graphitti,UWB-Biocomputing/Graphitti,git@github.com:UWB-Biocomputing/Graphitti.git,10
MDEwOlJlcG9zaXRvcnkyNzI5ODc4OTI=,2020-06-17T13:55:35Z,2026-04-07T16:37:31Z,2026-05-07T02:03:06Z,11023,True,sbnobj,SBNSoftware/sbnobj,git@github.com:SBNSoftware/sbnobj.git,4
MDEwOlJlcG9zaXRvcnkyNzI5NzUzNTc=,2020-06-17T13:02:19Z,2026-04-29T16:02:32Z,2026-04-29T16:02:53Z,28,False,weight,RobTillaart/weight,git@github.com:RobTillaart/weight.git,6
MDEwOlJlcG9zaXRvcnkyNzI5NjQ0MTA=,2020-06-17T12:09:12Z,2026-03-13T13:59:52Z,2026-03-13T13:59:47Z,348,True,nest-extension-module,nest/nest-extension-module,git@github.com:nest/nest-extension-module.git,1
MDEwOlJlcG9zaXRvcnkyNzI5NDkzMzM=,2020-06-17T10:51:50Z,2026-04-21T03:32:11Z,2026-03-16T09:08:20Z,518,True,symcc,eurecom-s3/symcc,git@github.com:eurecom-s3/symcc.git,863
MDEwOlJlcG9zaXRvcnkyNzI4ODc1Njc=,2020-06-17T05:39:49Z,2026-03-03T06:49:00Z,2026-03-03T02:13:11Z,146,True,DFRobot_ID809,DFRobot/DFRobot_ID809,git@github.com:DFRobot/DFRobot_ID809.git,29
MDEwOlJlcG9zaXRvcnkyNzI4NjQ2MjI=,2020-06-17T03:01:04Z,2026-04-17T09:05:50Z,2026-03-12T03:16:20Z,72553,True,iqtree2,iqtree/iqtree2,git@github.com:iqtree/iqtree2.git,330
MDEwOlJlcG9zaXRvcnkyNzI4NTM1NTk=,2020-06-17T01:52:23Z,2026-05-02T12:38:12Z,2026-05-02T12:38:08Z,30699,False,DROMPAplus,rnakato/DROMPAplus,git@github.com:rnakato/DROMPAplus.git,25
MDEwOlJlcG9zaXRvcnkyNzI3ODkxMDI=,2020-06-16T18:58:19Z,2026-05-06T02:48:12Z,2026-05-06T17:37:32Z,538667,True,ipc-toolkit,ipc-sim/ipc-toolkit,git@github.com:ipc-sim/ipc-toolkit.git,304
MDEwOlJlcG9zaXRvcnkyNzI3NDQzMTA=,2020-06-16T15:26:23Z,2026-04-18T16:44:21Z,2026-03-13T11:04:58Z,1227,True,osm2rdf,ad-freiburg/osm2rdf,git@github.com:ad-freiburg/osm2rdf.git,41
MDEwOlJlcG9zaXRvcnkyNzI3MzEwNjg=,2020-06-16T14:32:42Z,2026-04-12T11:35:51Z,2026-04-12T11:35:43Z,8596,True,ggCaller,bacpop/ggCaller,git@github.com:bacpop/ggCaller.git,98
MDEwOlJlcG9zaXRvcnkyNzI3MTM4NjM=,2020-06-16T13:21:35Z,2026-03-25T13:20:28Z,2026-03-25T13:20:24Z,188,True,protobufkdb,KxSystems/protobufkdb,git@github.com:KxSystems/protobufkdb.git,14
MDEwOlJlcG9zaXRvcnkyNzI3MDA0MDU=,2020-06-16T12:20:07Z,2026-05-07T09:25:40Z,2026-05-07T09:25:35Z,190787,True,gui,bitcoin-core/gui,git@github.com:bitcoin-core/gui.git,721
MDEwOlJlcG9zaXRvcnkyNzI2NDc0NjU=,2020-06-16T08:05:11Z,2026-05-07T00:30:02Z,2026-05-07T00:29:57Z,40369,True,nghttp2,sailfishos-mirror/nghttp2,git@github.com:sailfishos-mirror/nghttp2.git,0
MDEwOlJlcG9zaXRvcnkyNzI1Njc2Mzc=,2020-06-15T23:52:36Z,2026-05-06T19:20:42Z,2026-05-06T19:20:38Z,873942,True,FEBio,febiosoftware/FEBio,git@github.com:febiosoftware/FEBio.git,255
MDEwOlJlcG9zaXRvcnkyNzI0Nzk0NjY=,2020-06-15T15:44:49Z,2026-04-10T07:33:05Z,2026-05-05T10:35:37Z,13742,True,Dobby,rdkcentral/Dobby,git@github.com:rdkcentral/Dobby.git,17
MDEwOlJlcG9zaXRvcnkyNzI0NTUyODk=,2020-06-15T14:06:51Z,2026-05-06T00:30:08Z,2026-05-06T00:30:04Z,212212,True,kxmlgui,sailfishos-mirror/kxmlgui,git@github.com:sailfishos-mirror/kxmlgui.git,0
MDEwOlJlcG9zaXRvcnkyNzI0NTUyNjY=,2020-06-15T14:06:44Z,2026-05-02T00:30:49Z,2026-05-02T00:30:45Z,284647,True,kwidgetsaddons,sailfishos-mirror/kwidgetsaddons,git@github.com:sailfishos-mirror/kwidgetsaddons.git,0
MDEwOlJlcG9zaXRvcnkyNzI0NTUyMjI=,2020-06-15T14:06:35Z,2026-05-04T00:33:50Z,2026-05-04T00:33:45Z,60485,True,kservice,sailfishos-mirror/kservice,git@github.com:sailfishos-mirror/kservice.git,0
MDEwOlJlcG9zaXRvcnkyNzI0NTUxOTQ=,2020-06-15T14:06:29Z,2026-05-02T00:30:29Z,2026-05-02T00:30:26Z,28618,True,kitemviews,sailfishos-mirror/kitemviews,git@github.com:sailfishos-mirror/kitemviews.git,0
MDEwOlJlcG9zaXRvcnkyNzI0NTUxNjk=,2020-06-15T14:06:23Z,2026-05-07T00:29:31Z,2026-05-07T00:29:26Z,750531,True,kio,sailfishos-mirror/kio,git@github.com:sailfishos-mirror/kio.git,1
MDEwOlJlcG9zaXRvcnkyNzI0NTUwOTA=,2020-06-15T14:06:02Z,2026-05-03T00:27:01Z,2026-05-03T00:26:58Z,19757,True,kiconthemes,sailfishos-mirror/kiconthemes,git@github.com:sailfishos-mirror/kiconthemes.git,0
MDEwOlJlcG9zaXRvcnkyNzI0NTUwNjM=,2020-06-15T14:05:57Z,2026-05-02T00:29:59Z,2026-05-02T00:29:55Z,32540,True,ki18n,sailfishos-mirror/ki18n,git@github.com:sailfishos-mirror/ki18n.git,0
MDEwOlJlcG9zaXRvcnkyNzI0NTUwMzk=,2020-06-15T14:05:52Z,2026-05-07T00:29:11Z,2026-05-07T00:29:09Z,823,True,kguiaddons,sailfishos-mirror/kguiaddons,git@github.com:sailfishos-mirror/kguiaddons.git,0
MDEwOlJlcG9zaXRvcnkyNzI0NTQ5OTM=,2020-06-15T14:05:45Z,2026-05-02T00:29:35Z,2026-05-02T00:29:33Z,717,True,kdbusaddons,sailfishos-mirror/kdbusaddons,git@github.com:sailfishos-mirror/kdbusaddons.git,0
MDEwOlJlcG9zaXRvcnkyNzI0NTQ5NzU=,2020-06-15T14:05:41Z,2026-05-07T00:28:54Z,2026-05-07T00:28:51Z,170161,True,kcoreaddons,sailfishos-mirror/kcoreaddons,git@github.com:sailfishos-mirror/kcoreaddons.git,0
MDEwOlJlcG9zaXRvcnkyNzI0NTQ5NDg=,2020-06-15T14:05:34Z,2026-05-04T00:32:56Z,2026-05-04T00:32:52Z,135643,True,kconfigwidgets,sailfishos-mirror/kconfigwidgets,git@github.com:sailfishos-mirror/kconfigwidgets.git,1
MDEwOlJlcG9zaXRvcnkyNzI0NTQ5MTc=,2020-06-15T14:05:29Z,2026-05-07T00:28:40Z,2026-05-07T00:28:38Z,19980,True,kconfig,sailfishos-mirror/kconfig,git@github.com:sailfishos-mirror/kconfig.git,0
MDEwOlJlcG9zaXRvcnkyNzI0NTQ5MDA=,2020-06-15T14:05:25Z,2026-05-03T00:26:17Z,2026-05-03T00:26:14Z,24232,True,kcompletion,sailfishos-mirror/kcompletion,git@github.com:sailfishos-mirror/kcompletion.git,0
MDEwOlJlcG9zaXRvcnkyNzI0NTQ4Nzg=,2020-06-15T14:05:19Z,2026-05-02T00:28:48Z,2026-05-02T00:28:46Z,57837,True,kcodecs,sailfishos-mirror/kcodecs,git@github.com:sailfishos-mirror/kcodecs.git,0
MDEwOlJlcG9zaXRvcnkyNzI0NDEzNzM=,2020-06-15T13:06:25Z,2026-05-07T00:28:25Z,2026-05-07T00:28:19Z,1329516,True,calligra,sailfishos-mirror/calligra,git@github.com:sailfishos-mirror/calligra.git,1
MDEwOlJlcG9zaXRvcnkyNzI0MTM2NzM=,2020-06-15T10:52:37Z,2026-04-29T23:05:55Z,2026-04-29T23:05:51Z,56,True,sigstoped,maemo-leste-extras/sigstoped,git@github.com:maemo-leste-extras/sigstoped.git,0
MDEwOlJlcG9zaXRvcnkyNzIzNzc4NDQ=,2020-06-15T08:03:01Z,2026-04-03T15:27:14Z,2026-05-06T08:41:00Z,799,True,Pandora_libSGM,CNES/Pandora_libSGM,git@github.com:CNES/Pandora_libSGM.git,20
MDEwOlJlcG9zaXRvcnkyNzIzNTA5NzA=,2020-06-15T05:36:06Z,2026-03-13T11:04:39Z,2026-03-16T08:45:15Z,18033,True,aocl-sparse,amd/aocl-sparse,git@github.com:amd/aocl-sparse.git,35
MDEwOlJlcG9zaXRvcnkyNzIzNDcyMDA=,2020-06-15T05:08:24Z,2026-03-16T08:03:44Z,2026-03-16T08:03:39Z,293,False,BadBoy,daid/BadBoy,git@github.com:daid/BadBoy.git,9
MDEwOlJlcG9zaXRvcnkyNzIyNDUxOTI=,2020-06-14T16:54:33Z,2026-05-05T18:28:41Z,2026-05-05T18:34:08Z,382,True,csound-vst3-opcodes,gogins-dev/csound-vst3-opcodes,git@github.com:gogins-dev/csound-vst3-opcodes.git,11
MDEwOlJlcG9zaXRvcnkyNzIyMTEwNjk=,2020-06-14T13:47:53Z,2026-05-03T13:41:53Z,2026-05-03T13:41:49Z,8780,False,QPinnableTabWidget,francescmaestre/QPinnableTabWidget,git@github.com:francescmaestre/QPinnableTabWidget.git,12
MDEwOlJlcG9zaXRvcnkyNzIyMDQ1NDc=,2020-06-14T13:09:20Z,2026-05-05T09:50:38Z,2026-05-05T09:50:35Z,21000,True,smartmet-qdcontour2,fmidev/smartmet-qdcontour2,git@github.com:fmidev/smartmet-qdcontour2.git,0
MDEwOlJlcG9zaXRvcnkyNzIyMDM1NTg=,2020-06-14T13:03:07Z,2026-05-05T09:50:31Z,2026-05-05T09:50:26Z,534,True,smartmet-library-imagine2,fmidev/smartmet-library-imagine2,git@github.com:fmidev/smartmet-library-imagine2.git,0
MDEwOlJlcG9zaXRvcnkyNzIxMDUwNzY=,2020-06-14T00:05:19Z,2026-05-05T13:41:33Z,2026-05-05T13:41:01Z,40441,True,skymp,skyrim-multiplayer/skymp,git@github.com:skyrim-multiplayer/skymp.git,279
MDEwOlJlcG9zaXRvcnkyNzIwODA5MzU=,2020-06-13T20:27:53Z,2026-05-05T15:26:33Z,2026-03-08T18:22:06Z,73,False,ubench.h,sheredom/ubench.h,git@github.com:sheredom/ubench.h.git,256
MDEwOlJlcG9zaXRvcnkyNzIwNzEyNDY=,2020-06-13T19:16:29Z,2026-05-06T14:35:28Z,2026-05-05T20:03:14Z,818936,True,OSSM-hardware,KinkyMakers/OSSM-hardware,git@github.com:KinkyMakers/OSSM-hardware.git,492
MDEwOlJlcG9zaXRvcnkyNzIwMTE1NjU=,2020-06-13T13:13:02Z,2026-05-04T12:00:39Z,2026-05-04T12:00:31Z,10671,True,crane,ibis-ssl/crane,git@github.com:ibis-ssl/crane.git,10
MDEwOlJlcG9zaXRvcnkyNzE5MDEwMzc=,2020-06-12T22:30:13Z,2026-05-05T06:07:23Z,2026-04-28T17:43:30Z,241,True,droidcam-obs-plugin,dev47apps/droidcam-obs-plugin,git@github.com:dev47apps/droidcam-obs-plugin.git,685
MDEwOlJlcG9zaXRvcnkyNzE4OTMzMTk=,2020-06-12T21:29:17Z,2026-03-31T14:43:04Z,2026-03-02T17:37:17Z,42248,True,AlmanaqueBrute,BRUTEUdesc/AlmanaqueBrute,git@github.com:BRUTEUdesc/AlmanaqueBrute.git,55
MDEwOlJlcG9zaXRvcnkyNzE4OTAyNzg=,2020-06-12T21:07:09Z,2026-05-07T10:54:35Z,2026-04-29T00:15:14Z,11475,False,quadrilateralcowboy,blendogames/quadrilateralcowboy,git@github.com:blendogames/quadrilateralcowboy.git,323
MDEwOlJlcG9zaXRvcnkyNzE4NDEyNDM=,2020-06-12T16:18:26Z,2026-05-06T08:25:28Z,2026-05-04T14:33:07Z,3110,True,Imath,AcademySoftwareFoundation/Imath,git@github.com:AcademySoftwareFoundation/Imath.git,469
MDEwOlJlcG9zaXRvcnkyNzE4MTExNzI=,2020-06-12T13:58:45Z,2026-04-02T21:04:13Z,2026-04-02T21:04:09Z,242,True,logging,DUNE-DAQ/logging,git@github.com:DUNE-DAQ/logging.git,0
MDEwOlJlcG9zaXRvcnkyNzE3NzgxNjA=,2020-06-12T11:06:37Z,2026-04-01T09:58:41Z,2026-05-02T09:59:57Z,2722,False,Reflection,StefanoLanza/Reflection,git@github.com:StefanoLanza/Reflection.git,1
MDEwOlJlcG9zaXRvcnkyNzE2NDMzNTE=,2020-06-11T20:44:57Z,2026-05-04T20:45:25Z,2026-05-04T20:45:21Z,136887,True,FEBioStudio,febiosoftware/FEBioStudio,git@github.com:febiosoftware/FEBioStudio.git,97
MDEwOlJlcG9zaXRvcnkyNzE1NzU5NDA=,2020-06-11T15:02:49Z,2026-04-14T04:29:25Z,2026-04-14T04:29:17Z,473,True,Arduino_MKRIoTCarrier,arduino-libraries/Arduino_MKRIoTCarrier,git@github.com:arduino-libraries/Arduino_MKRIoTCarrier.git,19
MDEwOlJlcG9zaXRvcnkyNzE0MTM2OTE=,2020-06-11T00:24:35Z,2026-04-28T13:38:30Z,2026-04-28T13:38:21Z,173196,False,kuribrawl,TwilCynder/kuribrawl,git@github.com:TwilCynder/kuribrawl.git,0
MDEwOlJlcG9zaXRvcnkyNzEzOTEwNjY=,2020-06-10T21:38:56Z,2026-05-03T17:06:30Z,2026-05-06T02:58:39Z,1611,True,sead,open-ead/sead,git@github.com:open-ead/sead.git,228
MDEwOlJlcG9zaXRvcnkyNzEzNTcwNTI=,2020-06-10T18:40:48Z,2026-05-06T15:23:57Z,2026-05-06T15:24:14Z,9218,True,cpp11,r-lib/cpp11,git@github.com:r-lib/cpp11.git,225
MDEwOlJlcG9zaXRvcnkyNzEyOTkwMDk=,2020-06-10T14:28:01Z,2026-03-19T17:14:53Z,2026-03-19T17:14:34Z,527,False,detox,biointec/detox,git@github.com:biointec/detox.git,4
MDEwOlJlcG9zaXRvcnkyNzEyOTI5MTE=,2020-06-10T14:03:49Z,2026-04-20T05:33:57Z,2026-03-02T15:58:28Z,3169,True,siapp-sdk,siemens/siapp-sdk,git@github.com:siemens/siapp-sdk.git,28
MDEwOlJlcG9zaXRvcnkyNzEyODI2ODA=,2020-06-10T13:20:35Z,2026-05-06T09:26:29Z,2026-05-06T09:26:24Z,1983981,False,SVF-npm,SVF-tools/SVF-npm,git@github.com:SVF-tools/SVF-npm.git,2
MDEwOlJlcG9zaXRvcnkyNzEyMDI5NTY=,2020-06-10T06:59:53Z,2026-05-04T18:50:59Z,2026-05-04T18:56:47Z,168,True,cuems-dmxplayer,stagesoft/cuems-dmxplayer,git@github.com:stagesoft/cuems-dmxplayer.git,0
MDEwOlJlcG9zaXRvcnkyNzExOTM2OTE=,2020-06-10T06:10:22Z,2026-05-07T08:20:20Z,2026-04-14T11:02:28Z,2447,True,rslidar_sdk,RoboSense-LiDAR/rslidar_sdk,git@github.com:RoboSense-LiDAR/rslidar_sdk.git,679
MDEwOlJlcG9zaXRvcnkyNzExOTA1NzA=,2020-06-10T05:51:22Z,2026-04-13T12:35:29Z,2026-05-06T07:51:29Z,17601,True,rs_driver,RoboSense-LiDAR/rs_driver,git@github.com:RoboSense-LiDAR/rs_driver.git,244
MDEwOlJlcG9zaXRvcnkyNzExNTQ1ODY=,2020-06-10T02:12:59Z,2026-05-07T11:35:09Z,2026-05-05T04:18:55Z,23778,False,SDRPlusPlus,AlexandreRouma/SDRPlusPlus,git@github.com:AlexandreRouma/SDRPlusPlus.git,5907
MDEwOlJlcG9zaXRvcnkyNzExMjIzMjg=,2020-06-09T22:25:45Z,2026-04-21T17:58:33Z,2026-04-21T18:18:44Z,7984,True,multisense_ros2,carnegierobotics/multisense_ros2,git@github.com:carnegierobotics/multisense_ros2.git,6
MDEwOlJlcG9zaXRvcnkyNzEwNTMzMjU=,2020-06-09T16:27:12Z,2026-03-12T18:29:33Z,2026-03-12T18:29:29Z,684,True,aircraft_config_edit,NCAR/aircraft_config_edit,git@github.com:NCAR/aircraft_config_edit.git,0
MDEwOlJlcG9zaXRvcnkyNzEwNDk2NTg=,2020-06-09T16:10:06Z,2026-03-30T18:51:56Z,2026-03-30T18:51:53Z,363,True,aircraft_auto_cal,NCAR/aircraft_auto_cal,git@github.com:NCAR/aircraft_auto_cal.git,0
MDEwOlJlcG9zaXRvcnkyNzEwMTkzNTQ=,2020-06-09T14:05:49Z,2026-04-21T00:30:30Z,2026-04-21T00:30:30Z,526442,True,zypper,sailfishos-mirror/zypper,git@github.com:sailfishos-mirror/zypper.git,0
MDEwOlJlcG9zaXRvcnkyNzEwMDMxOTk=,2020-06-09T12:58:43Z,2026-04-02T05:33:18Z,2026-04-09T10:53:50Z,1562,True,zed-gstreamer,stereolabs/zed-gstreamer,git@github.com:stereolabs/zed-gstreamer.git,80
MDEwOlJlcG9zaXRvcnkyNzEwMDI4Mzc=,2020-06-09T12:57:19Z,2026-03-17T00:08:53Z,2026-03-17T00:27:24Z,179,False,dvrlib,ezander/dvrlib,git@github.com:ezander/dvrlib.git,0
MDEwOlJlcG9zaXRvcnkyNzA5NjQ3OTQ=,2020-06-09T09:51:57Z,2026-04-24T01:04:53Z,2026-03-31T10:41:44Z,3743,True,showstopper,CheckPointSW/showstopper,git@github.com:CheckPointSW/showstopper.git,222
MDEwOlJlcG9zaXRvcnkyNzA5NTc1ODU=,2020-06-09T09:21:36Z,2026-04-08T19:43:45Z,2026-05-04T18:14:10Z,882,False,telecarla,hofbi/telecarla,git@github.com:hofbi/telecarla.git,57
MDEwOlJlcG9zaXRvcnkyNzA5Mjc3NzI=,2020-06-09T07:01:38Z,2026-03-05T15:50:37Z,2026-03-10T13:23:49Z,114,True,mc_franka,jrl-umi3218/mc_franka,git@github.com:jrl-umi3218/mc_franka.git,12
MDEwOlJlcG9zaXRvcnkyNzA4Mzg0MDQ=,2020-06-08T21:52:10Z,2026-05-04T13:55:07Z,2026-05-05T20:06:43Z,800365,True,win32metadata,microsoft/win32metadata,git@github.com:microsoft/win32metadata.git,1472
MDEwOlJlcG9zaXRvcnkyNzA2OTEzMjA=,2020-06-08T14:05:07Z,2026-04-28T00:29:41Z,2026-04-28T00:29:36Z,2323,True,quazip,sailfishos-mirror/quazip,git@github.com:sailfishos-mirror/quazip.git,0
MDEwOlJlcG9zaXRvcnkyNzA2MDMzNjk=,2020-06-08T09:13:22Z,2026-04-09T07:36:41Z,2026-05-05T10:48:47Z,306720,False,mfem-mgis,thelfer/mfem-mgis,git@github.com:thelfer/mfem-mgis.git,16
MDEwOlJlcG9zaXRvcnkyNzAzNDY0MTg=,2020-06-07T15:21:42Z,2026-04-24T19:10:13Z,2026-04-24T19:20:14Z,20499,False,CloudCompare-PythonRuntime,tmontaigu/CloudCompare-PythonRuntime,git@github.com:tmontaigu/CloudCompare-PythonRuntime.git,70
MDEwOlJlcG9zaXRvcnkyNzAzMjgyMzY=,2020-06-07T14:17:33Z,2026-04-01T19:51:50Z,2026-04-01T19:51:44Z,90029,False,ChickenDoor,Tsjakka/ChickenDoor,git@github.com:Tsjakka/ChickenDoor.git,1
MDEwOlJlcG9zaXRvcnkyNzAzMDM0ODI=,2020-06-07T12:45:08Z,2026-04-04T12:58:32Z,2026-04-04T13:00:53Z,781,False,clask,mattn/clask,git@github.com:mattn/clask.git,125
MDEwOlJlcG9zaXRvcnkyNzAyODcwODU=,2020-06-07T11:37:53Z,2026-04-03T13:40:03Z,2026-04-03T13:39:49Z,139,False,Snippets,anshugarg15/Snippets,git@github.com:anshugarg15/Snippets.git,0
MDEwOlJlcG9zaXRvcnkyNzAyMzMwNjY=,2020-06-07T07:48:52Z,2026-05-01T08:27:18Z,2026-05-01T08:27:14Z,4277,False,SpacerNET_Union,postm1/SpacerNET_Union,git@github.com:postm1/SpacerNET_Union.git,13
MDEwOlJlcG9zaXRvcnkyNzAxNzU2MjA=,2020-06-07T03:07:47Z,2026-05-05T01:54:45Z,2026-05-07T09:15:55Z,2297,True,qmlkonsole,KDE/qmlkonsole,git@github.com:KDE/qmlkonsole.git,9
MDEwOlJlcG9zaXRvcnkyNzAxNTU1NTM=,2020-06-07T01:24:52Z,2026-05-05T22:20:12Z,2026-04-29T11:51:56Z,43620,False,hello_imgui,pthom/hello_imgui,git@github.com:pthom/hello_imgui.git,875
MDEwOlJlcG9zaXRvcnkyNzAwOTMxNDI=,2020-06-06T20:15:23Z,2026-05-05T15:35:41Z,2026-05-05T16:45:00Z,95,True,FunctionPatcherModule,wiiu-env/FunctionPatcherModule,git@github.com:wiiu-env/FunctionPatcherModule.git,13
MDEwOlJlcG9zaXRvcnkyNzAwNzc5MTQ=,2020-06-06T19:09:38Z,2026-03-29T16:34:28Z,2026-05-06T08:30:44Z,1948,False,eiows,mmdevries/eiows,git@github.com:mmdevries/eiows.git,90
MDEwOlJlcG9zaXRvcnkyNjk3NjkwODc=,2020-06-05T20:32:01Z,2026-04-22T15:46:51Z,2026-05-05T10:38:10Z,76791,True,pilotclient,swift-project/pilotclient,git@github.com:swift-project/pilotclient.git,117
MDEwOlJlcG9zaXRvcnkyNjk3NDcwMjA=,2020-06-05T19:06:24Z,2026-05-06T13:01:44Z,2026-05-06T13:01:23Z,350633,False,Dodo,quesswho/Dodo,git@github.com:quesswho/Dodo.git,2
MDEwOlJlcG9zaXRvcnkyNjk3NDEzOTE=,2020-06-05T18:46:22Z,2026-04-01T17:31:55Z,2026-04-01T17:32:14Z,2153500,False,VRExpPluginExample,mordentral/VRExpPluginExample,git@github.com:mordentral/VRExpPluginExample.git,288
MDEwOlJlcG9zaXRvcnkyNjk3MzA5MDU=,2020-06-05T18:06:54Z,2026-03-28T19:10:38Z,2026-03-28T15:41:08Z,90599,True,e4mma,np3m/e4mma,git@github.com:np3m/e4mma.git,5
MDEwOlJlcG9zaXRvcnkyNjk2MjA3MTQ=,2020-06-05T11:55:23Z,2026-05-07T11:34:09Z,2026-05-07T11:34:04Z,3453,False,dHRUM,petrmaca/dHRUM,git@github.com:petrmaca/dHRUM.git,3
MDEwOlJlcG9zaXRvcnkyNjk1NTY5NTY=,2020-06-05T07:12:53Z,2026-05-04T09:27:18Z,2026-05-06T20:53:34Z,12831,True,device_generic_goldfish,GrapheneOS/device_generic_goldfish,git@github.com:GrapheneOS/device_generic_goldfish.git,11
MDEwOlJlcG9zaXRvcnkyNjk1NDY3ODA=,2020-06-05T06:20:15Z,2026-04-23T01:51:48Z,2026-04-12T09:25:41Z,39731,True,3d-forest,VUKOZ-OEL/3d-forest,git@github.com:VUKOZ-OEL/3d-forest.git,85
MDEwOlJlcG9zaXRvcnkyNjk0OTk4NTM=,2020-06-05T01:11:56Z,2026-05-07T07:29:57Z,2026-04-01T17:32:46Z,1248407,False,VRExpansionPlugin,mordentral/VRExpansionPlugin,git@github.com:mordentral/VRExpansionPlugin.git,727
MDEwOlJlcG9zaXRvcnkyNjk0MzE5ODI=,2020-06-04T18:13:57Z,2026-05-04T10:06:35Z,2026-05-04T10:06:31Z,1987,False,BoDealer,KotBasilio/BoDealer,git@github.com:KotBasilio/BoDealer.git,1
MDEwOlJlcG9zaXRvcnkyNjk0MTg1ODQ=,2020-06-04T17:09:06Z,2026-04-13T05:46:15Z,2026-03-19T11:10:30Z,286,True,pythoncapi-compat,python/pythoncapi-compat,git@github.com:python/pythoncapi-compat.git,106
MDEwOlJlcG9zaXRvcnkyNjk0MDU3MzM=,2020-06-04T16:09:26Z,2026-05-06T06:41:55Z,2026-03-13T11:27:56Z,492,True,TinyInst,googleprojectzero/TinyInst,git@github.com:googleprojectzero/TinyInst.git,1338
MDEwOlJlcG9zaXRvcnkyNjkzOTgzMTI=,2020-06-04T15:37:17Z,2026-04-19T19:22:07Z,2026-04-19T19:22:03Z,371,False,OctaveCoder,shsajjadi/OctaveCoder,git@github.com:shsajjadi/OctaveCoder.git,36
MDEwOlJlcG9zaXRvcnkyNjkzNDgzNDc=,2020-06-04T12:02:47Z,2026-05-07T11:05:28Z,2026-05-07T11:05:23Z,3027,True,grenade,electronicvisions/grenade,git@github.com:electronicvisions/grenade.git,3
MDEwOlJlcG9zaXRvcnkyNjkyMDg2OTI=,2020-06-03T22:35:32Z,2026-05-07T06:33:00Z,2026-05-07T06:32:56Z,85923,True,diffractor,diffractor/diffractor,git@github.com:diffractor/diffractor.git,98
MDEwOlJlcG9zaXRvcnkyNjkxODkxMDc=,2020-06-03T20:35:39Z,2026-03-31T14:40:11Z,2026-03-31T01:45:12Z,1401,True,smoothxg,pangenome/smoothxg,git@github.com:pangenome/smoothxg.git,62
MDEwOlJlcG9zaXRvcnkyNjkxMTU4ODg=,2020-06-03T14:51:46Z,2026-04-30T09:40:36Z,2026-04-30T09:40:34Z,603,True,easyframes,microchip-ung/easyframes,git@github.com:microchip-ung/easyframes.git,9
MDEwOlJlcG9zaXRvcnkyNjkwMzg5Nzc=,2020-06-03T08:58:27Z,2026-05-03T08:39:13Z,2026-04-04T06:33:58Z,9359,True,gSDK,Gremsy/gSDK,git@github.com:Gremsy/gSDK.git,30
MDEwOlJlcG9zaXRvcnkyNjg4NjA1NTM=,2020-06-02T17:05:06Z,2026-04-14T18:45:41Z,2026-04-03T17:27:13Z,812,True,OpenCLOn12,microsoft/OpenCLOn12,git@github.com:microsoft/OpenCLOn12.git,127
MDEwOlJlcG9zaXRvcnkyNjg3NTcxMjU=,2020-06-02T09:25:17Z,2026-05-01T08:16:24Z,2026-05-07T11:22:42Z,155432,True,depthai-core,luxonis/depthai-core,git@github.com:luxonis/depthai-core.git,337
MDEwOlJlcG9zaXRvcnkyNjg3NTQ0Mzk=,2020-06-02T09:13:08Z,2026-05-03T00:58:44Z,2026-05-03T00:58:29Z,120616,True,eigen,hexagon-geo-surv/eigen,git@github.com:hexagon-geo-surv/eigen.git,0
MDEwOlJlcG9zaXRvcnkyNjg2NTI2MTA=,2020-06-01T23:13:08Z,2026-05-03T08:16:33Z,2026-03-13T09:27:51Z,496,False,qspeakers,be1/qspeakers,git@github.com:be1/qspeakers.git,52
MDEwOlJlcG9zaXRvcnkyNjg1ODg2NjE=,2020-06-01T17:32:24Z,2026-04-07T09:45:24Z,2026-03-13T18:57:30Z,73,False,pyxsi,gsmecher/pyxsi,git@github.com:gsmecher/pyxsi.git,77
MDEwOlJlcG9zaXRvcnkyNjg1NzMxNzM=,2020-06-01T16:23:55Z,2026-05-05T00:30:21Z,2026-03-04T13:14:46Z,4989,True,rmats-turbo,Xinglab/rmats-turbo,git@github.com:Xinglab/rmats-turbo.git,295
MDEwOlJlcG9zaXRvcnkyNjg1MzY5MTA=,2020-06-01T13:55:59Z,2026-04-20T08:25:12Z,2026-04-20T09:13:03Z,102597,True,rsiena,stocnet/rsiena,git@github.com:stocnet/rsiena.git,116
MDEwOlJlcG9zaXRvcnkyNjg1MDk5NzY=,2020-06-01T12:01:01Z,2026-04-28T11:09:18Z,2026-04-28T11:09:17Z,230,True,whole_body_state_rviz_plugin,loco-3d/whole_body_state_rviz_plugin,git@github.com:loco-3d/whole_body_state_rviz_plugin.git,72
MDEwOlJlcG9zaXRvcnkyNjg0OTM2NDE=,2020-06-01T10:40:27Z,2026-05-04T17:51:06Z,2026-05-04T09:49:35Z,5473,True,velia,CESNET/velia,git@github.com:CESNET/velia.git,13
MDEwOlJlcG9zaXRvcnkyNjg0MTQwODA=,2020-06-01T03:15:31Z,2026-04-21T03:24:40Z,2026-03-19T23:04:27Z,150381,True,tflite-support,tensorflow/tflite-support,git@github.com:tensorflow/tflite-support.git,436
MDEwOlJlcG9zaXRvcnkyNjgzODEzNDU=,2020-05-31T23:23:34Z,2026-04-12T00:14:30Z,2026-04-04T00:25:18Z,2257,False,mzretools,neuviemeporte/mzretools,git@github.com:neuviemeporte/mzretools.git,60
MDEwOlJlcG9zaXRvcnkyNjgzNDgyOTA=,2020-05-31T19:22:46Z,2026-05-06T22:21:25Z,2026-04-10T14:49:40Z,3143,False,FastAccelStepper,gin66/FastAccelStepper,git@github.com:gin66/FastAccelStepper.git,485
MDEwOlJlcG9zaXRvcnkyNjgyNTQyMDU=,2020-05-31T10:10:20Z,2026-04-20T03:53:29Z,2026-03-30T13:32:45Z,85,False,APRSGateway,g4klx/APRSGateway,git@github.com:g4klx/APRSGateway.git,19
MDEwOlJlcG9zaXRvcnkyNjgxMzIyNzU=,2020-05-30T17:54:14Z,2026-04-29T07:59:29Z,2026-04-26T09:25:27Z,22516,False,kristall,ikskuh/kristall,git@github.com:ikskuh/kristall.git,789
MDEwOlJlcG9zaXRvcnkyNjgxMjE2Mjg=,2020-05-30T16:50:26Z,2026-04-23T03:07:14Z,2026-04-23T14:58:44Z,911,True,polysolve,polyfem/polysolve,git@github.com:polyfem/polysolve.git,58
MDEwOlJlcG9zaXRvcnkyNjgwODQzMjY=,2020-05-30T13:23:48Z,2026-05-07T10:16:27Z,2026-03-21T08:24:21Z,1471,False,kdmapper,TheCruZ/kdmapper,git@github.com:TheCruZ/kdmapper.git,2881
MDEwOlJlcG9zaXRvcnkyNjgwNTM0ODI=,2020-05-30T10:01:50Z,2026-04-13T13:12:57Z,2026-04-13T11:39:11Z,4083,False,quadpod,hpsaturn/quadpod,git@github.com:hpsaturn/quadpod.git,23
MDEwOlJlcG9zaXRvcnkyNjgwMDYwMTA=,2020-05-30T04:02:22Z,2026-03-11T01:14:24Z,2026-03-11T01:14:21Z,1743,False,cpp-snippets,Octarine-J/cpp-snippets,git@github.com:Octarine-J/cpp-snippets.git,0
MDEwOlJlcG9zaXRvcnkyNjc5Njg4MTY=,2020-05-29T22:41:25Z,2026-04-11T22:55:20Z,2026-04-11T22:55:15Z,253,False,ZACwire-Library,TheTrueAI/ZACwire-Library,git@github.com:TheTrueAI/ZACwire-Library.git,11
MDEwOlJlcG9zaXRvcnkyNjc5NTEwNjA=,2020-05-29T20:41:43Z,2026-04-24T14:01:41Z,2026-04-24T14:01:37Z,310,True,programmiersprachen-aufgabenblatt-5,vrsys/programmiersprachen-aufgabenblatt-5,git@github.com:vrsys/programmiersprachen-aufgabenblatt-5.git,0
MDEwOlJlcG9zaXRvcnkyNjc5NTEwNTY=,2020-05-29T20:41:42Z,2026-05-06T18:35:26Z,2026-04-25T08:45:33Z,13853,False,LcdMenu,forntoh/LcdMenu,git@github.com:forntoh/LcdMenu.git,233
MDEwOlJlcG9zaXRvcnkyNjc4Mjg3MDA=,2020-05-29T10:18:10Z,2026-04-24T17:19:12Z,2026-04-02T12:26:15Z,226044,True,face-sdk,3DiVi/face-sdk,git@github.com:3DiVi/face-sdk.git,77
MDEwOlJlcG9zaXRvcnkyNjc4MjI0NTM=,2020-05-29T09:47:17Z,2026-05-03T10:34:20Z,2026-05-03T10:34:16Z,83,False,Algorithms,RafeedMohammad/Algorithms,git@github.com:RafeedMohammad/Algorithms.git,0
MDEwOlJlcG9zaXRvcnkyNjc3ODg5MDY=,2020-05-29T07:01:27Z,2026-03-02T17:31:17Z,2026-03-02T17:31:13Z,10898,True,xbyak_translator_aarch64,fujitsu/xbyak_translator_aarch64,git@github.com:fujitsu/xbyak_translator_aarch64.git,45
MDEwOlJlcG9zaXRvcnkyNjc3NTE4MjY=,2020-05-29T03:00:13Z,2026-05-07T01:00:52Z,2026-05-07T01:00:48Z,4656,True,NVSE,xNVSE/NVSE,git@github.com:xNVSE/NVSE.git,816
MDEwOlJlcG9zaXRvcnkyNjc3MjAzNjg=,2020-05-28T23:40:02Z,2026-04-15T09:55:38Z,2026-03-17T23:38:10Z,97098,True,HFSimulator,ARSFI/HFSimulator,git@github.com:ARSFI/HFSimulator.git,20
MDEwOlJlcG9zaXRvcnkyNjc2NDk5MTg=,2020-05-28T17:12:57Z,2026-05-07T09:28:58Z,2026-05-05T10:01:29Z,146704,False,DearPyGui,hoffstadt/DearPyGui,git@github.com:hoffstadt/DearPyGui.git,15406
MDEwOlJlcG9zaXRvcnkyNjc2Mzg1Nzc=,2020-05-28T16:21:43Z,2026-05-03T15:45:35Z,2026-05-03T15:45:30Z,4800,False,zk_libcod,ibuddieat/zk_libcod,git@github.com:ibuddieat/zk_libcod.git,30
MDEwOlJlcG9zaXRvcnkyNjc2MDkzODA=,2020-05-28T14:17:49Z,2026-05-07T06:22:21Z,2026-05-07T06:22:19Z,22620,True,mupen64-rr-lua,mupen64/mupen64-rr-lua,git@github.com:mupen64/mupen64-rr-lua.git,56
MDEwOlJlcG9zaXRvcnkyNjc1OTc4MTU=,2020-05-28T13:29:44Z,2026-04-22T01:51:06Z,2026-03-29T10:39:16Z,510212,False,Portal-Base,SonicEraZoR/Portal-Base,git@github.com:SonicEraZoR/Portal-Base.git,153
MDEwOlJlcG9zaXRvcnkyNjc0NDAxMDg=,2020-05-27T22:35:54Z,2026-05-06T14:05:25Z,2026-04-21T19:27:09Z,781892,True,Torque3D,TorqueGameEngines/Torque3D,git@github.com:TorqueGameEngines/Torque3D.git,1979
MDEwOlJlcG9zaXRvcnkyNjc0MjUyMjY=,2020-05-27T20:59:52Z,2026-03-25T23:16:28Z,2026-03-25T23:46:42Z,1063,False,pvr.plutotv,flubshi/pvr.plutotv,git@github.com:flubshi/pvr.plutotv.git,11
MDEwOlJlcG9zaXRvcnkyNjczOTA2NjQ=,2020-05-27T18:01:23Z,2026-04-02T11:33:25Z,2026-04-02T11:35:25Z,104,True,mule,quasar-team/mule,git@github.com:quasar-team/mule.git,0
MDEwOlJlcG9zaXRvcnkyNjczMzkwMDE=,2020-05-27T14:18:42Z,2026-04-03T05:54:09Z,2026-03-12T17:13:39Z,609504,True,libsbml,sbmlteam/libsbml,git@github.com:sbmlteam/libsbml.git,56
MDEwOlJlcG9zaXRvcnkyNjczMjgzNDI=,2020-05-27T13:35:17Z,2026-04-03T17:30:23Z,2026-04-03T17:30:14Z,910,True,wibtools,SBNSoftware/wibtools,git@github.com:SBNSoftware/wibtools.git,0
MDEwOlJlcG9zaXRvcnkyNjcyOTQ5MTY=,2020-05-27T10:56:41Z,2026-04-24T03:06:45Z,2026-04-24T03:07:03Z,108716,True,deepin-diskmanager,linuxdeepin/deepin-diskmanager,git@github.com:linuxdeepin/deepin-diskmanager.git,10
MDEwOlJlcG9zaXRvcnkyNjcyODQzODY=,2020-05-27T10:03:23Z,2026-05-06T18:51:30Z,2026-05-06T18:50:09Z,65,False,PCA9635,RobTillaart/PCA9635,git@github.com:RobTillaart/PCA9635.git,19
MDEwOlJlcG9zaXRvcnkyNjcyMjM3NDU=,2020-05-27T04:52:05Z,2026-05-04T21:23:48Z,2026-05-07T11:07:10Z,434918,True,oneAPI-samples,oneapi-src/oneAPI-samples,git@github.com:oneapi-src/oneAPI-samples.git,1139
MDEwOlJlcG9zaXRvcnkyNjcxNzkwNjI=,2020-05-27T00:10:59Z,2026-05-01T19:10:45Z,2026-04-09T10:19:09Z,161514,True,maui-shell,Nitrux/maui-shell,git@github.com:Nitrux/maui-shell.git,1541
MDEwOlJlcG9zaXRvcnkyNjcxNjcxMjI=,2020-05-26T22:42:03Z,2026-05-03T19:49:44Z,2026-04-09T14:06:10Z,178,True,sdformat_urdf,ros/sdformat_urdf,git@github.com:ros/sdformat_urdf.git,53
MDEwOlJlcG9zaXRvcnkyNjcwNDU3NTA=,2020-05-26T13:09:17Z,2026-03-27T19:29:45Z,2026-03-13T12:56:53Z,99150,True,edgelessrt,edgelesssys/edgelessrt,git@github.com:edgelesssys/edgelessrt.git,143
MDEwOlJlcG9zaXRvcnkyNjY5OTMwNjI=,2020-05-26T08:55:26Z,2026-05-05T21:25:46Z,2026-04-22T13:14:39Z,22083,False,glTFRuntime,rdeioris/glTFRuntime,git@github.com:rdeioris/glTFRuntime.git,531
MDEwOlJlcG9zaXRvcnkyNjY5NzYwMDI=,2020-05-26T07:37:02Z,2026-04-17T07:42:09Z,2026-04-17T07:42:04Z,14,True,PCF85063A-Arduino-Library,SolderedElectronics/PCF85063A-Arduino-Library,git@github.com:SolderedElectronics/PCF85063A-Arduino-Library.git,8
MDEwOlJlcG9zaXRvcnkyNjY3OTY1OTg=,2020-05-25T14:13:06Z,2026-03-12T09:09:02Z,2026-03-12T09:08:58Z,419,True,mpicartreorderlib,KaHIP/mpicartreorderlib,git@github.com:KaHIP/mpicartreorderlib.git,3
MDEwOlJlcG9zaXRvcnkyNjY3NzMxMzM=,2020-05-25T12:27:05Z,2026-04-17T04:47:22Z,2026-04-17T04:47:18Z,222103,True,ecclesias.drive,ecclesias-de/ecclesias.drive,git@github.com:ecclesias-de/ecclesias.drive.git,1
MDEwOlJlcG9zaXRvcnkyNjY3NzI1MTc=,2020-05-25T12:23:58Z,2026-04-03T08:01:15Z,2026-04-03T08:01:12Z,1416,False,cyber-serpent,zEuS0390/cyber-serpent,git@github.com:zEuS0390/cyber-serpent.git,3
MDEwOlJlcG9zaXRvcnkyNjY3NDAyODg=,2020-05-25T09:36:38Z,2026-05-07T05:07:34Z,2026-05-07T05:07:30Z,92171,False,Correlation,Isurwars/Correlation,git@github.com:Isurwars/Correlation.git,21
MDEwOlJlcG9zaXRvcnkyNjY3MTYxNzk=,2020-05-25T07:44:54Z,2026-05-03T13:12:21Z,2026-05-06T10:27:39Z,11584,True,CommandStation-EX,DCC-EX/CommandStation-EX,git@github.com:DCC-EX/CommandStation-EX.git,203
MDEwOlJlcG9zaXRvcnkyNjY3MDE4NDE=,2020-05-25T06:31:50Z,2026-05-05T12:53:02Z,2026-05-05T12:52:58Z,184,False,desktop_window,mix1009/desktop_window,git@github.com:mix1009/desktop_window.git,88
MDEwOlJlcG9zaXRvcnkyNjY2NzU3NDQ=,2020-05-25T03:37:14Z,2026-04-09T01:57:38Z,2026-04-29T21:30:05Z,414328,True,sendbird-webrtc-ios-dev,sendbird/sendbird-webrtc-ios-dev,git@github.com:sendbird/sendbird-webrtc-ios-dev.git,3
MDEwOlJlcG9zaXRvcnkyNjY2NTM3MzM=,2020-05-25T01:10:31Z,2026-05-01T02:50:01Z,2026-05-01T02:50:55Z,3631,False,libasyik,okyfirmansyah/libasyik,git@github.com:okyfirmansyah/libasyik.git,37
MDEwOlJlcG9zaXRvcnkyNjY2NTI1ODM=,2020-05-25T01:01:39Z,2026-05-06T23:57:04Z,2026-05-06T23:56:59Z,4022,False,blog,herumi/blog,git@github.com:herumi/blog.git,41
MDEwOlJlcG9zaXRvcnkyNjY2MjI5ODI=,2020-05-24T20:52:56Z,2026-04-27T18:05:28Z,2026-04-27T18:05:22Z,475,True,Wheelson-Firmware,CircuitMess/Wheelson-Firmware,git@github.com:CircuitMess/Wheelson-Firmware.git,4
MDEwOlJlcG9zaXRvcnkyNjY1NzAxNjI=,2020-05-24T15:32:07Z,2026-03-26T22:37:12Z,2026-03-26T22:37:10Z,483,False,project-euler,cdalvaro/project-euler,git@github.com:cdalvaro/project-euler.git,1
MDEwOlJlcG9zaXRvcnkyNjY1NDk4Mjc=,2020-05-24T13:45:47Z,2026-03-25T15:03:21Z,2026-03-25T15:01:49Z,74552,False,exodus,tompickering/exodus,git@github.com:tompickering/exodus.git,7
MDEwOlJlcG9zaXRvcnkyNjY1NDgxNjU=,2020-05-24T13:36:48Z,2026-03-02T21:53:53Z,2026-04-19T05:05:42Z,22391,True,android_vendor_qcom_opensource_system_bt,LineageOS/android_vendor_qcom_opensource_system_bt,git@github.com:LineageOS/android_vendor_qcom_opensource_system_bt.git,1
MDEwOlJlcG9zaXRvcnkyNjY0NjgwMjU=,2020-05-24T04:17:04Z,2026-04-28T11:43:21Z,2026-04-28T11:43:16Z,62406,True,Explosion,ExplosionEngine/Explosion,git@github.com:ExplosionEngine/Explosion.git,194
MDEwOlJlcG9zaXRvcnkyNjYzODg5MTM=,2020-05-23T17:45:24Z,2026-05-07T04:30:21Z,2026-05-07T03:55:12Z,221486,False,Boxedwine,danoon2/Boxedwine,git@github.com:danoon2/Boxedwine.git,1021
MDEwOlJlcG9zaXRvcnkyNjYzODMzNDA=,2020-05-23T17:12:10Z,2026-04-22T10:27:32Z,2026-04-22T10:27:26Z,6027,False,hardware-qcom-gps,sonyxperiadev/hardware-qcom-gps,git@github.com:sonyxperiadev/hardware-qcom-gps.git,1
MDEwOlJlcG9zaXRvcnkyNjYzMDcwMzg=,2020-05-23T09:47:47Z,2026-04-25T10:02:57Z,2026-04-01T13:09:22Z,5573,True,choc,Tracktion/choc,git@github.com:Tracktion/choc.git,832
MDEwOlJlcG9zaXRvcnkyNjYyOTE3MTI=,2020-05-23T08:08:00Z,2026-04-14T15:21:32Z,2026-04-14T15:21:28Z,8056,False,dsa-in-cpp,y2k-shubham/dsa-in-cpp,git@github.com:y2k-shubham/dsa-in-cpp.git,0
MDEwOlJlcG9zaXRvcnkyNjYyMDIxMjU=,2020-05-22T20:33:38Z,2026-04-30T15:06:34Z,2026-04-30T15:02:00Z,122,False,Algorithms,MGijon/Algorithms,git@github.com:MGijon/Algorithms.git,0
MDEwOlJlcG9zaXRvcnkyNjYxNzk5Nzc=,2020-05-22T18:24:43Z,2026-03-25T19:54:18Z,2026-03-17T15:40:44Z,321,True,fcitx5-skk,fcitx/fcitx5-skk,git@github.com:fcitx/fcitx5-skk.git,56
MDEwOlJlcG9zaXRvcnkyNjYxNjA5MTM=,2020-05-22T16:45:21Z,2026-04-09T20:08:56Z,2026-04-09T20:08:50Z,1681,True,CARE,llnl/CARE,git@github.com:llnl/CARE.git,31
MDEwOlJlcG9zaXRvcnkyNjYxMDk5MDE=,2020-05-22T12:52:37Z,2026-04-25T16:38:28Z,2026-04-25T11:40:47Z,29119,False,blz3,stmork/blz3,git@github.com:stmork/blz3.git,1
MDEwOlJlcG9zaXRvcnkyNjYwMjA3MjY=,2020-05-22T04:49:16Z,2026-03-22T17:08:20Z,2026-03-22T17:08:17Z,6980,False,Dump,Soumalya1857/Dump,git@github.com:Soumalya1857/Dump.git,0
MDEwOlJlcG9zaXRvcnkyNjYwMTUwODI=,2020-05-22T04:08:02Z,2026-03-24T05:47:47Z,2026-03-14T05:35:14Z,14220,False,xxdiff,blais/xxdiff,git@github.com:blais/xxdiff.git,79
MDEwOlJlcG9zaXRvcnkyNjU5NjIyMjk=,2020-05-21T22:13:04Z,2026-04-16T23:31:35Z,2026-04-16T23:31:32Z,93713,True,traaitt,TRRXITTE/traaitt,git@github.com:TRRXITTE/traaitt.git,2
MDEwOlJlcG9zaXRvcnkyNjU5MTg2ODc=,2020-05-21T18:07:30Z,2026-05-06T21:09:15Z,2026-05-06T21:09:10Z,18002,True,OpenXR-CTS,KhronosGroup/OpenXR-CTS,git@github.com:KhronosGroup/OpenXR-CTS.git,79
MDEwOlJlcG9zaXRvcnkyNjU4MzE1MzI=,2020-05-21T11:30:11Z,2026-05-07T10:07:43Z,2026-04-07T13:42:48Z,35877,False,gsc-tool,xensik/gsc-tool,git@github.com:xensik/gsc-tool.git,308
MDEwOlJlcG9zaXRvcnkyNjU3Nzg3NzE=,2020-05-21T07:03:14Z,2026-04-29T15:09:44Z,2026-04-27T10:42:40Z,282,False,cifa,scarsty/cifa,git@github.com:scarsty/cifa.git,18
MDEwOlJlcG9zaXRvcnkyNjU3MjA2MTU=,2020-05-21T01:01:06Z,2026-05-07T05:06:34Z,2026-04-04T22:12:02Z,241,True,VTIL-NativeLifters,vtil-project/VTIL-NativeLifters,git@github.com:vtil-project/VTIL-NativeLifters.git,80
MDEwOlJlcG9zaXRvcnkyNjU2OTY5NzQ=,2020-05-20T22:13:17Z,2026-03-23T20:24:08Z,2026-03-23T20:23:31Z,2571,True,yubox-now,yubox-node-org/yubox-now,git@github.com:yubox-node-org/yubox-now.git,2
MDEwOlJlcG9zaXRvcnkyNjU2OTQ4MjI=,2020-05-20T21:59:08Z,2026-04-21T17:18:15Z,2026-04-23T14:40:26Z,50542,True,LevelEdit-Plus,TheSardonicals/LevelEdit-Plus,git@github.com:TheSardonicals/LevelEdit-Plus.git,1
MDEwOlJlcG9zaXRvcnkyNjU0NzMzMDk=,2020-05-20T06:35:36Z,2026-05-04T18:08:40Z,2026-05-04T18:08:35Z,2053,False,DKUtil,gottyduke/DKUtil,git@github.com:gottyduke/DKUtil.git,37
MDEwOlJlcG9zaXRvcnkyNjUzNTA3Mzc=,2020-05-19T19:55:22Z,2026-05-06T21:06:13Z,2026-05-06T21:06:08Z,11557,True,libcamera,libcamera-org/libcamera,git@github.com:libcamera-org/libcamera.git,96
MDEwOlJlcG9zaXRvcnkyNjUxNTA5ODA=,2020-05-19T05:09:10Z,2026-03-23T07:09:35Z,2026-03-23T07:09:30Z,12403,True,plnx-aie-examples,Xilinx/plnx-aie-examples,org-3189299@github.com:Xilinx/plnx-aie-examples.git,11
MDEwOlJlcG9zaXRvcnkyNjUwOTM0NjM=,2020-05-19T00:00:50Z,2026-05-07T02:35:12Z,2026-05-01T23:44:53Z,4626,False,OpenUnrealUtilities,JonasReich/OpenUnrealUtilities,git@github.com:JonasReich/OpenUnrealUtilities.git,288
MDEwOlJlcG9zaXRvcnkyNjUwNjM4MDk=,2020-05-18T21:14:48Z,2026-05-06T08:40:52Z,2026-05-06T19:44:18Z,113250,True,vtr3,utiasASRL/vtr3,git@github.com:utiasASRL/vtr3.git,148
MDEwOlJlcG9zaXRvcnkyNjUwMTgyNzA=,2020-05-18T17:54:42Z,2026-04-17T16:36:16Z,2026-04-30T08:29:25Z,8051,False,httpgd,nx10/httpgd,git@github.com:nx10/httpgd.git,499
MDEwOlJlcG9zaXRvcnkyNjQ5NTczMjY=,2020-05-18T14:03:03Z,2026-03-23T11:07:58Z,2026-03-23T11:07:48Z,159125,False,presage,bartekplus/presage,git@github.com:bartekplus/presage.git,2
MDEwOlJlcG9zaXRvcnkyNjQ4NzU0ODU=,2020-05-18T08:24:36Z,2026-04-28T21:36:16Z,2026-05-07T05:25:17Z,19527,True,hermes-3,boutproject/hermes-3,git@github.com:boutproject/hermes-3.git,57
MDEwOlJlcG9zaXRvcnkyNjQ4NTI2NTQ=,2020-05-18T06:50:23Z,2026-05-06T02:23:02Z,2026-04-30T06:17:01Z,129974,False,ASTER,chaoszhang/ASTER,git@github.com:chaoszhang/ASTER.git,242
MDEwOlJlcG9zaXRvcnkyNjQ3NDM5MTI=,2020-05-17T19:45:07Z,2026-05-02T01:27:07Z,2026-05-02T01:30:13Z,41210,True,compas_cgal,compas-dev/compas_cgal,git@github.com:compas-dev/compas_cgal.git,31
MDEwOlJlcG9zaXRvcnkyNjQ1NjMyNjM=,2020-05-17T01:48:56Z,2026-05-06T16:03:58Z,2026-05-06T16:27:30Z,156004,True,tahoma2d,tahoma2d/tahoma2d,git@github.com:tahoma2d/tahoma2d.git,554
MDEwOlJlcG9zaXRvcnkyNjQ1MzUyOTQ=,2020-05-16T22:00:20Z,2026-03-18T07:12:57Z,2026-03-18T07:05:26Z,52,False,xboardChessBot,robertdraganoiu/xboardChessBot,git@github.com:robertdraganoiu/xboardChessBot.git,0
MDEwOlJlcG9zaXRvcnkyNjQ1MTc0MjA=,2020-05-16T20:04:29Z,2026-05-06T01:55:13Z,2026-05-05T21:47:50Z,405066,True,freeciv21,longturn/freeciv21,git@github.com:longturn/freeciv21.git,262
MDEwOlJlcG9zaXRvcnkyNjQ1MTY4NTk=,2020-05-16T20:01:08Z,2026-05-05T02:34:57Z,2026-05-05T02:34:53Z,39925,False,fva,dimanikulin/fva,git@github.com:dimanikulin/fva.git,14
MDEwOlJlcG9zaXRvcnkyNjQ0ODEzMDY=,2020-05-16T16:42:34Z,2026-05-07T08:52:37Z,2026-05-03T15:23:26Z,65754,True,vail-adapter,Vail-CW/vail-adapter,git@github.com:Vail-CW/vail-adapter.git,62
MDEwOlJlcG9zaXRvcnkyNjQ0NzQ0NDE=,2020-05-16T16:06:10Z,2026-04-29T07:43:25Z,2026-04-28T17:57:30Z,54343,False,dmc3-inputs-thing,muhopensores/dmc3-inputs-thing,git@github.com:muhopensores/dmc3-inputs-thing.git,22
MDEwOlJlcG9zaXRvcnkyNjQ0NjQwNzE=,2020-05-16T15:13:30Z,2026-04-26T23:50:31Z,2026-04-09T00:00:03Z,1433,True,libunicode,contour-terminal/libunicode,git@github.com:contour-terminal/libunicode.git,160
MDEwOlJlcG9zaXRvcnkyNjQ0NjA2NzE=,2020-05-16T14:56:43Z,2026-05-07T07:29:36Z,2026-05-07T07:29:23Z,753400,True,xbmc,CoreELEC/xbmc,git@github.com:CoreELEC/xbmc.git,24
MDEwOlJlcG9zaXRvcnkyNjQ0MjY1MDI=,2020-05-16T11:56:20Z,2026-05-02T07:26:14Z,2026-05-07T01:18:52Z,2488,True,trojan-plus,Trojan-Plus-Group/trojan-plus,git@github.com:Trojan-Plus-Group/trojan-plus.git,88
MDEwOlJlcG9zaXRvcnkyNjQyNjUyNzM=,2020-05-15T18:08:57Z,2026-05-04T00:11:49Z,2026-05-04T00:55:05Z,45,False,pr_dmx,Silverlan/pr_dmx,git@github.com:Silverlan/pr_dmx.git,0
MDEwOlJlcG9zaXRvcnkyNjQyNDA4OTE=,2020-05-15T16:15:27Z,2026-04-02T21:04:12Z,2026-04-02T21:04:08Z,3125,True,ers,DUNE-DAQ/ers,git@github.com:DUNE-DAQ/ers.git,1
MDEwOlJlcG9zaXRvcnkyNjQwOTc5MDc=,2020-05-15T04:45:01Z,2026-04-13T02:36:05Z,2026-04-13T02:36:08Z,572,True,107-Arduino-NMEA-Parser,107-systems/107-Arduino-NMEA-Parser,git@github.com:107-systems/107-Arduino-NMEA-Parser.git,24
MDEwOlJlcG9zaXRvcnkyNjQwMjc4ODE=,2020-05-14T21:21:22Z,2026-05-06T00:43:26Z,2026-05-06T00:43:23Z,481575,True,HydroUQ,NHERI-SimCenter/HydroUQ,git@github.com:NHERI-SimCenter/HydroUQ.git,17
MDEwOlJlcG9zaXRvcnkyNjQwMTc4NTg=,2020-05-14T20:26:48Z,2026-04-30T11:21:35Z,2026-05-05T16:35:04Z,76725,True,icu,microsoft/icu,git@github.com:microsoft/icu.git,66
MDEwOlJlcG9zaXRvcnkyNjQwMTQ1OTg=,2020-05-14T20:09:26Z,2026-04-15T06:27:13Z,2026-05-06T21:02:14Z,80131,False,chessx,Isarhamster/chessx,git@github.com:Isarhamster/chessx.git,190
MDEwOlJlcG9zaXRvcnkyNjM5NjYxMDA=,2020-05-14T16:21:21Z,2026-04-06T17:22:40Z,2026-04-30T21:03:20Z,59448,True,tandem,TEAR-ERC/tandem,git@github.com:TEAR-ERC/tandem.git,31
MDEwOlJlcG9zaXRvcnkyNjM5NTg1NTI=,2020-05-14T15:51:20Z,2026-05-06T12:32:46Z,2026-05-06T12:32:42Z,637,False,prosper_vulkan,Silverlan/prosper_vulkan,git@github.com:Silverlan/prosper_vulkan.git,3
MDEwOlJlcG9zaXRvcnkyNjM5NDIxNzc=,2020-05-14T14:45:14Z,2026-04-16T18:04:37Z,2026-05-07T04:53:16Z,521682,True,sbndcode,SBNSoftware/sbndcode,git@github.com:SBNSoftware/sbndcode.git,12
MDEwOlJlcG9zaXRvcnkyNjM3NzYzOTk=,2020-05-14T00:36:35Z,2026-03-13T22:15:01Z,2026-03-13T22:14:57Z,31,False,ESPAL,jeremypoulter/ESPAL,git@github.com:jeremypoulter/ESPAL.git,2
MDEwOlJlcG9zaXRvcnkyNjM3NTc5MDc=,2020-05-13T22:33:37Z,2026-03-18T02:12:57Z,2026-03-18T02:44:17Z,39,True,hipper,mphowardlab/hipper,git@github.com:mphowardlab/hipper.git,3
MDEwOlJlcG9zaXRvcnkyNjM3Mzg2NjQ=,2020-05-13T20:41:52Z,2026-03-06T14:27:14Z,2026-03-06T14:27:10Z,4980,True,MIFin,ROCm/MIFin,git@github.com:ROCm/MIFin.git,4
MDEwOlJlcG9zaXRvcnkyNjM3MTkzMjI=,2020-05-13T19:03:15Z,2026-05-05T23:02:23Z,2026-05-05T23:02:18Z,783,True,cheetah,OpenCilk/cheetah,git@github.com:OpenCilk/cheetah.git,23
MDEwOlJlcG9zaXRvcnkyNjM2OTg3NzE=,2020-05-13T17:29:17Z,2026-04-04T23:13:20Z,2026-04-04T23:13:14Z,3307,False,syndic,cscarney/syndic,git@github.com:cscarney/syndic.git,12
MDEwOlJlcG9zaXRvcnkyNjM2OTI5NzU=,2020-05-13T17:03:58Z,2026-05-04T14:57:28Z,2026-05-04T14:57:23Z,3765,True,hipace,Hi-PACE/hipace,git@github.com:Hi-PACE/hipace.git,70
MDEwOlJlcG9zaXRvcnkyNjM2MzczMjI=,2020-05-13T13:26:20Z,2026-03-27T13:31:36Z,2026-03-27T13:31:31Z,9512,True,sliding-window-aggregators,IBM/sliding-window-aggregators,git@github.com:IBM/sliding-window-aggregators.git,46
MDEwOlJlcG9zaXRvcnkyNjM1OTg3Njc=,2020-05-13T10:32:56Z,2026-05-04T09:21:47Z,2026-05-04T09:22:11Z,54,False,Statistic,RobTillaart/Statistic,git@github.com:RobTillaart/Statistic.git,31
MDEwOlJlcG9zaXRvcnkyNjM1OTI5MTA=,2020-05-13T10:05:26Z,2026-04-23T18:44:45Z,2026-04-23T18:51:53Z,30,False,SerialWireOutput,koendv/SerialWireOutput,git@github.com:koendv/SerialWireOutput.git,21
MDEwOlJlcG9zaXRvcnkyNjM1OTEwOTU=,2020-05-13T09:57:20Z,2026-05-04T14:17:40Z,2026-05-04T14:15:45Z,65405,True,GEMS3K,gemshub/GEMS3K,git@github.com:gemshub/GEMS3K.git,13
MDEwOlJlcG9zaXRvcnkyNjM1ODE1NTQ=,2020-05-13T09:15:41Z,2026-04-24T10:17:52Z,2026-05-07T11:36:54Z,6215,True,atlantis,astra-uu-se/atlantis,git@github.com:astra-uu-se/atlantis.git,6
MDEwOlJlcG9zaXRvcnkyNjM1NjMyNTg=,2020-05-13T07:57:33Z,2026-03-18T12:11:57Z,2026-03-18T12:11:52Z,4466,True,BSO-toolbox,TUe-excellent-buildings/BSO-toolbox,git@github.com:TUe-excellent-buildings/BSO-toolbox.git,6
MDEwOlJlcG9zaXRvcnkyNjM0NDI0MTE=,2020-05-12T20:15:11Z,2026-04-27T22:10:07Z,2026-04-27T22:10:02Z,3601,True,py-dolphin-memory-engine,randovania/py-dolphin-memory-engine,git@github.com:randovania/py-dolphin-memory-engine.git,35
MDEwOlJlcG9zaXRvcnkyNjI5NjUzMDE=,2020-05-11T07:05:41Z,2026-04-24T01:18:30Z,2026-04-24T01:18:26Z,16459,True,CANOpenRobotController,UniMelbHumanRoboticsLab/CANOpenRobotController,git@github.com:UniMelbHumanRoboticsLab/CANOpenRobotController.git,43
MDEwOlJlcG9zaXRvcnkyNjI4Nzk0MjE=,2020-05-10T21:33:43Z,2026-04-23T23:42:09Z,2026-04-23T23:42:05Z,1036,False,game-lab,nolasconapoleao/game-lab,git@github.com:nolasconapoleao/game-lab.git,1
MDEwOlJlcG9zaXRvcnkyNjI4NjgwOTQ=,2020-05-10T20:17:41Z,2026-04-08T22:32:58Z,2026-04-08T22:32:52Z,15290,True,open-space-toolkit-simulation,open-space-collective/open-space-toolkit-simulation,git@github.com:open-space-collective/open-space-toolkit-simulation.git,13
MDEwOlJlcG9zaXRvcnkyNjI4NTE1ODQ=,2020-05-10T18:36:52Z,2026-03-18T10:16:24Z,2026-03-21T14:40:51Z,242817,True,IDSimF,IPAMS/IDSimF,git@github.com:IPAMS/IDSimF.git,8
MDEwOlJlcG9zaXRvcnkyNjI2ODEyNzI=,2020-05-10T00:05:47Z,2026-05-07T11:01:32Z,2026-05-03T15:50:37Z,783,False,w64devkit,skeeto/w64devkit,git@github.com:skeeto/w64devkit.git,4465
MDEwOlJlcG9zaXRvcnkyNjI2NjQwNzA=,2020-05-09T21:42:48Z,2026-04-09T12:23:24Z,2026-04-02T02:16:52Z,29262,False,zcmd,hazardland/zcmd,git@github.com:hazardland/zcmd.git,29
MDEwOlJlcG9zaXRvcnkyNjI2NDUwNjI=,2020-05-09T19:35:40Z,2026-04-23T18:08:55Z,2026-04-23T18:08:50Z,1508,False,Ludo-BGI,maham-amir/Ludo-BGI,git@github.com:maham-amir/Ludo-BGI.git,0
MDEwOlJlcG9zaXRvcnkyNjI1Nzk0MzE=,2020-05-09T13:41:18Z,2026-04-10T13:42:48Z,2026-04-10T15:38:41Z,401,False,wifi-gbp-emulator,HerrZatacke/wifi-gbp-emulator,git@github.com:HerrZatacke/wifi-gbp-emulator.git,78
MDEwOlJlcG9zaXRvcnkyNjI1NzY3MzY=,2020-05-09T13:27:08Z,2026-05-01T13:43:22Z,2026-04-26T14:06:17Z,139630,True,Karabiner-DriverKit-VirtualHIDDevice,pqrs-org/Karabiner-DriverKit-VirtualHIDDevice,git@github.com:pqrs-org/Karabiner-DriverKit-VirtualHIDDevice.git,353
MDEwOlJlcG9zaXRvcnkyNjI0Nzk0MjY=,2020-05-09T03:19:35Z,2026-05-02T03:13:02Z,2026-05-02T03:13:00Z,890,False,camada,mikhailramalho/camada,git@github.com:mikhailramalho/camada.git,4
MDEwOlJlcG9zaXRvcnkyNjI0NzI5NzY=,2020-05-09T02:35:40Z,2026-05-07T03:21:37Z,2026-03-28T13:38:50Z,1274,False,ros-gst-bridge,BrettRD/ros-gst-bridge,git@github.com:BrettRD/ros-gst-bridge.git,179
MDEwOlJlcG9zaXRvcnkyNjI0NDUwMjY=,2020-05-08T22:55:53Z,2026-03-05T16:01:51Z,2026-03-05T16:01:22Z,1320,False,Modello_SIR,dimitricorradini/Modello_SIR,git@github.com:dimitricorradini/Modello_SIR.git,0
MDEwOlJlcG9zaXRvcnkyNjI0MTI3MDc=,2020-05-08T19:36:31Z,2026-04-21T11:38:26Z,2026-04-21T11:38:22Z,378,True,libsniper,rtbtech/libsniper,git@github.com:rtbtech/libsniper.git,32
MDEwOlJlcG9zaXRvcnkyNjIzNjYzNjY=,2020-05-08T15:58:11Z,2026-05-03T13:53:12Z,2026-05-03T13:53:07Z,32169,True,stretch_firmware,hello-robot/stretch_firmware,git@github.com:hello-robot/stretch_firmware.git,13
MDEwOlJlcG9zaXRvcnkyNjIyODYzMzc=,2020-05-08T09:50:57Z,2026-04-25T11:08:48Z,2026-04-25T11:08:44Z,132,False,vss,albertony/vss,git@github.com:albertony/vss.git,84
MDEwOlJlcG9zaXRvcnkyNjIyMjA2MTU=,2020-05-08T03:45:35Z,2026-05-05T16:51:48Z,2026-03-13T14:16:35Z,212,False,Hack-Casio-Calculator,laksh9950/Hack-Casio-Calculator,git@github.com:laksh9950/Hack-Casio-Calculator.git,67
MDEwOlJlcG9zaXRvcnkyNjIxNjM5OTM=,2020-05-07T21:38:30Z,2026-05-06T22:27:13Z,2026-05-07T08:44:13Z,81466,True,xls,google/xls,git@github.com:google/xls.git,1482
MDEwOlJlcG9zaXRvcnkyNjIxNTcyNzM=,2020-05-07T20:58:37Z,2026-04-24T00:39:35Z,2026-04-05T16:44:59Z,2138,False,anymeal,wedesoft/anymeal,git@github.com:wedesoft/anymeal.git,67
MDEwOlJlcG9zaXRvcnkyNjIwOTY3MzI=,2020-05-07T16:04:22Z,2026-04-15T02:19:01Z,2026-04-15T02:18:57Z,533,True,BACnetVirtualDevicesServerExampleCPP,chipkin/BACnetVirtualDevicesServerExampleCPP,git@github.com:chipkin/BACnetVirtualDevicesServerExampleCPP.git,2
MDEwOlJlcG9zaXRvcnkyNjIwNzg1MjY=,2020-05-07T14:49:32Z,2026-05-04T23:07:59Z,2026-04-21T13:16:41Z,56570,False,RSMods,Lovrom8/RSMods,git@github.com:Lovrom8/RSMods.git,554
MDEwOlJlcG9zaXRvcnkyNjIwNjcwNzg=,2020-05-07T14:04:33Z,2026-04-27T13:03:13Z,2026-04-27T13:03:08Z,31964,True,molemap,kehrlab/molemap,git@github.com:kehrlab/molemap.git,4
MDEwOlJlcG9zaXRvcnkyNjIwNjU2MTE=,2020-05-07T13:59:14Z,2026-05-06T16:27:53Z,2026-05-06T16:27:49Z,622,False,XOptions,horsicq/XOptions,git@github.com:horsicq/XOptions.git,4
MDEwOlJlcG9zaXRvcnkyNjIwNDk1MzU=,2020-05-07T12:53:13Z,2026-04-28T13:00:30Z,2026-03-02T10:25:34Z,1100,True,Hands-On-Machine-Learning-with-CPP,PacktPublishing/Hands-On-Machine-Learning-with-CPP,git@github.com:PacktPublishing/Hands-On-Machine-Learning-with-CPP.git,539
MDEwOlJlcG9zaXRvcnkyNjE5NDc3MzE=,2020-05-07T04:16:37Z,2026-04-10T02:34:33Z,2026-04-10T02:36:34Z,4353,False,qmpanel,jlindgren90/qmpanel,git@github.com:jlindgren90/qmpanel.git,18
MDEwOlJlcG9zaXRvcnkyNjE4NjcyMDA=,2020-05-06T20:07:50Z,2026-05-07T10:59:58Z,2026-05-07T10:59:54Z,9311,True,drjit,mitsuba-renderer/drjit,git@github.com:mitsuba-renderer/drjit.git,767
MDEwOlJlcG9zaXRvcnkyNjE3ODE3MDY=,2020-05-06T14:19:13Z,2026-04-28T20:31:31Z,2026-05-05T20:24:30Z,389342,True,PASCAL,fenning-research-group/PASCAL,git@github.com:fenning-research-group/PASCAL.git,22
MDEwOlJlcG9zaXRvcnkyNjE3NjUxMTk=,2020-05-06T13:21:39Z,2026-04-29T11:10:57Z,2026-04-29T11:10:53Z,43169,True,vnoi_wiki,VNOI-Admin/vnoi_wiki,git@github.com:VNOI-Admin/vnoi_wiki.git,28
MDEwOlJlcG9zaXRvcnkyNjE2OTE2MjA=,2020-05-06T08:04:11Z,2026-03-14T19:10:02Z,2026-03-14T19:11:59Z,603,True,minisat,meelgroup/minisat,git@github.com:meelgroup/minisat.git,3
MDEwOlJlcG9zaXRvcnkyNjE1MTM2MjM=,2020-05-05T15:41:54Z,2026-03-31T17:19:38Z,2026-04-23T19:59:55Z,6065,True,lsp-tk-lib,lsp-plugins/lsp-tk-lib,git@github.com:lsp-plugins/lsp-tk-lib.git,12
MDEwOlJlcG9zaXRvcnkyNjE1MTEyMzc=,2020-05-05T15:32:08Z,2026-03-26T14:41:47Z,2026-03-26T14:39:46Z,244992,True,solar,bbopt/solar,git@github.com:bbopt/solar.git,16
MDEwOlJlcG9zaXRvcnkyNjE1MDgxNTY=,2020-05-05T15:19:39Z,2026-04-10T15:18:22Z,2026-05-05T10:58:10Z,106,True,atlas4py,GridTools/atlas4py,git@github.com:GridTools/atlas4py.git,1
MDEwOlJlcG9zaXRvcnkyNjE1MDIzODI=,2020-05-05T14:57:38Z,2026-04-24T00:13:03Z,2026-04-24T00:13:01Z,14590,True,website-src,libcellml/website-src,git@github.com:libcellml/website-src.git,0
MDEwOlJlcG9zaXRvcnkyNjE0OTg5Mjk=,2020-05-05T14:44:13Z,2026-03-06T15:03:12Z,2026-03-06T15:03:08Z,5052,False,AudioRender,tikonen/AudioRender,git@github.com:tikonen/AudioRender.git,3
MDEwOlJlcG9zaXRvcnkyNjE0NzU5OTY=,2020-05-05T13:21:10Z,2026-05-06T12:46:42Z,2026-05-07T08:34:09Z,130145,True,centreon-collect,centreon/centreon-collect,git@github.com:centreon/centreon-collect.git,16
MDEwOlJlcG9zaXRvcnkyNjE0MDc2Mjc=,2020-05-05T09:02:42Z,2026-04-28T14:14:34Z,2026-04-30T10:44:41Z,573,True,dynamixel_ros_control,tu-darmstadt-ros-pkg/dynamixel_ros_control,git@github.com:tu-darmstadt-ros-pkg/dynamixel_ros_control.git,3
MDEwOlJlcG9zaXRvcnkyNjEzMTg3NDY=,2020-05-04T23:34:29Z,2026-04-28T15:27:55Z,2026-05-06T17:09:09Z,56894,True,sliderule,SlideRuleEarth/sliderule,git@github.com:SlideRuleEarth/sliderule.git,58
MDEwOlJlcG9zaXRvcnkyNjEyNzM1MDM=,2020-05-04T19:12:40Z,2026-04-17T02:18:25Z,2026-03-04T12:52:32Z,4991,True,uvdar_core,ctu-mrs/uvdar_core,git@github.com:ctu-mrs/uvdar_core.git,22
MDEwOlJlcG9zaXRvcnkyNjEyMzc0OTE=,2020-05-04T16:26:56Z,2026-04-11T19:40:44Z,2026-04-11T19:40:34Z,1222,False,tm_transport,cd606/tm_transport,git@github.com:cd606/tm_transport.git,2
MDEwOlJlcG9zaXRvcnkyNjEyMzcwNTU=,2020-05-04T16:25:10Z,2026-04-22T01:37:11Z,2026-04-22T01:37:07Z,1083,False,tm_basic,cd606/tm_basic,git@github.com:cd606/tm_basic.git,1
MDEwOlJlcG9zaXRvcnkyNjEyMjE0MDQ=,2020-05-04T15:20:54Z,2026-04-13T17:09:58Z,2026-04-13T17:18:55Z,60,False,MCP9808_RT,RobTillaart/MCP9808_RT,git@github.com:RobTillaart/MCP9808_RT.git,6
MDEwOlJlcG9zaXRvcnkyNjEyMDgxNDE=,2020-05-04T14:40:18Z,2026-04-22T01:36:54Z,2026-05-04T08:42:23Z,1797,False,tm_infra,cd606/tm_infra,git@github.com:cd606/tm_infra.git,1
MDEwOlJlcG9zaXRvcnkyNjEwNzAyNDk=,2020-05-04T03:15:46Z,2026-04-14T20:11:11Z,2026-04-14T20:11:06Z,487,True,VTIL-Sandbox,vtil-project/VTIL-Sandbox,git@github.com:vtil-project/VTIL-Sandbox.git,15
MDEwOlJlcG9zaXRvcnkyNjEwMTcwMjY=,2020-05-03T20:41:21Z,2026-05-04T11:00:44Z,2026-05-03T09:15:53Z,396,False,DualShock4-emulator,r57zone/DualShock4-emulator,git@github.com:r57zone/DualShock4-emulator.git,229
MDEwOlJlcG9zaXRvcnkyNjA5Mjk4ODI=,2020-05-03T13:43:12Z,2026-03-31T08:10:32Z,2026-03-02T19:47:24Z,266,True,mrs_core_examples,ctu-mrs/mrs_core_examples,git@github.com:ctu-mrs/mrs_core_examples.git,17
MDEwOlJlcG9zaXRvcnkyNjA4OTUyOTE=,2020-05-03T11:25:15Z,2026-04-23T18:08:52Z,2026-04-23T18:08:48Z,1251,False,LUDO,maham-amir/LUDO,git@github.com:maham-amir/LUDO.git,0
MDEwOlJlcG9zaXRvcnkyNjA4NzAxMzc=,2020-05-03T09:37:10Z,2026-05-06T15:58:56Z,2026-05-06T16:06:23Z,19045,False,Sniffy,jirik09/Sniffy,git@github.com:jirik09/Sniffy.git,1
MDEwOlJlcG9zaXRvcnkyNjA4NjIwNDA=,2020-05-03T08:45:52Z,2026-04-24T18:13:17Z,2026-04-24T14:31:47Z,3534,True,mrs_uav_managers,ctu-mrs/mrs_uav_managers,git@github.com:ctu-mrs/mrs_uav_managers.git,30
MDEwOlJlcG9zaXRvcnkyNjA4NTc3NzI=,2020-05-03T08:17:14Z,2026-04-23T14:20:07Z,2026-05-06T11:41:24Z,802,True,mrs_uav_status,ctu-mrs/mrs_uav_status,git@github.com:ctu-mrs/mrs_uav_status.git,7
MDEwOlJlcG9zaXRvcnkyNjA4NTE1ODg=,2020-05-03T07:35:26Z,2026-04-10T06:14:40Z,2026-04-21T12:11:54Z,4593,True,mrs_uav_controllers,ctu-mrs/mrs_uav_controllers,git@github.com:ctu-mrs/mrs_uav_controllers.git,90
MDEwOlJlcG9zaXRvcnkyNjA4MTUyMDQ=,2020-05-03T02:39:01Z,2026-05-06T11:24:54Z,2026-05-06T13:18:26Z,46934,True,cuSZ,szcompressor/cuSZ,git@github.com:szcompressor/cuSZ.git,97
MDEwOlJlcG9zaXRvcnkyNjA3ODc5MjQ=,2020-05-02T22:40:11Z,2026-05-05T11:32:26Z,2026-05-05T11:32:22Z,771,True,venus-platform,victronenergy/venus-platform,git@github.com:victronenergy/venus-platform.git,2
MDEwOlJlcG9zaXRvcnkyNjA3NjU3ODc=,2020-05-02T20:04:55Z,2026-05-05T21:53:11Z,2026-04-27T00:40:40Z,2386,True,lsp-ws-lib,lsp-plugins/lsp-ws-lib,git@github.com:lsp-plugins/lsp-ws-lib.git,1
MDEwOlJlcG9zaXRvcnkyNjA2NzYyNzI=,2020-05-02T11:51:42Z,2026-05-07T00:00:27Z,2026-05-07T10:00:22Z,417448,True,eigen,live-clones/eigen,git@github.com:live-clones/eigen.git,12
MDEwOlJlcG9zaXRvcnkyNjA2MjUyMTc=,2020-05-02T06:06:46Z,2026-04-08T06:02:03Z,2026-04-08T06:01:55Z,183,False,ScreenRes,lzukw/ScreenRes,git@github.com:lzukw/ScreenRes.git,12
MDEwOlJlcG9zaXRvcnkyNjA1NzE0NDc=,2020-05-01T22:35:20Z,2026-03-17T02:27:17Z,2026-03-17T02:27:14Z,86,False,kl-TPE,kobbled/kl-TPE,git@github.com:kobbled/kl-TPE.git,3
MDEwOlJlcG9zaXRvcnkyNjA1NzEyMzI=,2020-05-01T22:33:45Z,2026-03-12T01:08:49Z,2026-03-12T01:08:45Z,45,False,kl-registers,kobbled/kl-registers,git@github.com:kobbled/kl-registers.git,2
MDEwOlJlcG9zaXRvcnkyNjA1MjEzOTA=,2020-05-01T17:44:58Z,2026-04-14T08:05:59Z,2026-03-24T20:56:52Z,17382,False,rakarrack-plus,Stazed/rakarrack-plus,git@github.com:Stazed/rakarrack-plus.git,54
MDEwOlJlcG9zaXRvcnkyNjA0MTk5ODQ=,2020-05-01T09:17:02Z,2026-04-28T17:51:03Z,2026-04-16T00:09:40Z,2713,True,reverb,google-deepmind/reverb,git@github.com:google-deepmind/reverb.git,776
MDEwOlJlcG9zaXRvcnkyNjAzODE2MDc=,2020-05-01T04:47:49Z,2026-03-12T19:36:08Z,2026-03-12T19:36:01Z,20586,False,space-invaders,larissamagistrali/space-invaders,git@github.com:larissamagistrali/space-invaders.git,0
MDEwOlJlcG9zaXRvcnkyNjAyNTM2NzY=,2020-04-30T15:49:18Z,2026-04-10T17:13:39Z,2026-04-10T17:13:34Z,47,True,simURLDrop,CoppeliaRobotics/simURLDrop,git@github.com:CoppeliaRobotics/simURLDrop.git,0
MDEwOlJlcG9zaXRvcnkyNjAyMzQ1ODY=,2020-04-30T14:30:10Z,2026-04-12T17:29:30Z,2026-04-12T17:29:50Z,31,False,PrintSize,RobTillaart/PrintSize,git@github.com:RobTillaart/PrintSize.git,2
MDEwOlJlcG9zaXRvcnkyNjAyMTIxODY=,2020-04-30T12:58:48Z,2026-03-31T18:59:39Z,2026-03-09T06:16:24Z,2467,True,OpenBikeSensorFirmware,openbikesensor/OpenBikeSensorFirmware,git@github.com:openbikesensor/OpenBikeSensorFirmware.git,122
MDEwOlJlcG9zaXRvcnkyNjAyMTE5Nzc=,2020-04-30T12:57:53Z,2026-03-18T14:59:53Z,2026-03-18T14:59:44Z,85276,True,Simulation_Studies,muraves/Simulation_Studies,git@github.com:muraves/Simulation_Studies.git,0
MDEwOlJlcG9zaXRvcnkyNjAxOTYzMTc=,2020-04-30T11:44:07Z,2026-05-07T10:50:53Z,2026-05-07T11:03:54Z,273,False,cpplinq,erueat/cpplinq,git@github.com:erueat/cpplinq.git,2
MDEwOlJlcG9zaXRvcnkyNjAxNTkxNDc=,2020-04-30T08:46:15Z,2026-04-23T07:53:16Z,2026-05-05T06:42:04Z,30617,True,SofaPython3,sofa-framework/SofaPython3,git@github.com:sofa-framework/SofaPython3.git,64
MDEwOlJlcG9zaXRvcnkyNTk5ODUwNjA=,2020-04-29T16:48:28Z,2026-05-06T17:20:11Z,2026-03-18T07:32:12Z,97344,True,deepstream_tao_apps,NVIDIA-AI-IOT/deepstream_tao_apps,git@github.com:NVIDIA-AI-IOT/deepstream_tao_apps.git,449
MDEwOlJlcG9zaXRvcnkyNTk4OTU0ODg=,2020-04-29T10:32:21Z,2026-03-13T09:07:50Z,2026-03-13T09:07:46Z,64,False,sapserver,martim01/sapserver,git@github.com:martim01/sapserver.git,0
MDEwOlJlcG9zaXRvcnkyNTk4ODUxODc=,2020-04-29T09:43:35Z,2026-03-18T19:16:39Z,2026-03-18T19:16:28Z,632,False,basalt-headers,VladyslavUsenko/basalt-headers,git@github.com:VladyslavUsenko/basalt-headers.git,30
MDEwOlJlcG9zaXRvcnkyNTk4MTc4ODU=,2020-04-29T03:48:01Z,2026-04-25T13:23:07Z,2026-03-12T18:09:21Z,4452,False,BlueVGA,RoCorbera/BlueVGA,git@github.com:RoCorbera/BlueVGA.git,71
MDEwOlJlcG9zaXRvcnkyNTk3NjU2MTc=,2020-04-28T22:26:46Z,2026-05-07T09:46:33Z,2026-05-07T09:46:28Z,20760,True,ND_CAFMaker,DUNE/ND_CAFMaker,git@github.com:DUNE/ND_CAFMaker.git,1
MDEwOlJlcG9zaXRvcnkyNTk3Mzg0NjE=,2020-04-28T19:58:55Z,2026-03-21T07:19:11Z,2026-03-21T07:19:57Z,20789,True,koinos-chain,koinos/koinos-chain,git@github.com:koinos/koinos-chain.git,14
MDEwOlJlcG9zaXRvcnkyNTk2MTkzMjA=,2020-04-28T11:36:46Z,2026-05-05T16:14:38Z,2026-05-05T16:14:33Z,9868,True,admc,altlinux/admc,git@github.com:altlinux/admc.git,44
MDEwOlJlcG9zaXRvcnkyNTk2MDgwMjM=,2020-04-28T10:43:37Z,2026-05-04T18:51:00Z,2026-05-04T18:56:49Z,387,True,cuems-audioplayer,stagesoft/cuems-audioplayer,git@github.com:stagesoft/cuems-audioplayer.git,2
MDEwOlJlcG9zaXRvcnkyNTk2MDQ3Nzg=,2020-04-28T10:28:26Z,2026-05-07T06:37:44Z,2026-05-06T19:26:23Z,4797,False,slideio,Booritas/slideio,git@github.com:Booritas/slideio.git,74
MDEwOlJlcG9zaXRvcnkyNTk1OTU3MDk=,2020-04-28T09:48:10Z,2026-04-30T05:42:04Z,2026-05-06T03:58:50Z,104319,True,deepin-terminal,linuxdeepin/deepin-terminal,git@github.com:linuxdeepin/deepin-terminal.git,171
MDEwOlJlcG9zaXRvcnkyNTk1NDI0MzY=,2020-04-28T05:41:20Z,2026-04-09T02:35:07Z,2026-05-05T02:28:31Z,1305,True,LineairDB,LineairDB/LineairDB,git@github.com:LineairDB/LineairDB.git,185
MDEwOlJlcG9zaXRvcnkyNTk0OTMxOTM=,2020-04-28T00:54:08Z,2026-04-15T13:18:22Z,2026-05-01T13:38:53Z,1449,True,yakushima,project-tsurugi/yakushima,git@github.com:project-tsurugi/yakushima.git,9
MDEwOlJlcG9zaXRvcnkyNTk0Nzk2Njg=,2020-04-27T23:22:35Z,2026-05-07T03:35:24Z,2026-05-07T03:35:19Z,3185249,False,com.n0n3m4.diii4a,glKarin/com.n0n3m4.diii4a,git@github.com:glKarin/com.n0n3m4.diii4a.git,549
MDEwOlJlcG9zaXRvcnkyNTk0NzA0Njk=,2020-04-27T22:24:04Z,2026-05-03T17:30:19Z,2026-04-13T19:22:58Z,5139,True,android_hardware_xiaomi,crdroidandroid/android_hardware_xiaomi,git@github.com:crdroidandroid/android_hardware_xiaomi.git,32
MDEwOlJlcG9zaXRvcnkyNTk0NjM2ODU=,2020-04-27T21:45:16Z,2026-05-07T10:03:59Z,2026-05-07T03:30:18Z,103384,True,carbon-lang,carbon-language/carbon-lang,git@github.com:carbon-language/carbon-lang.git,33677
MDEwOlJlcG9zaXRvcnkyNTk0NTE4ODM=,2020-04-27T20:55:30Z,2026-04-11T12:02:33Z,2026-04-11T12:02:25Z,76256,True,flucoma-core,flucoma/flucoma-core,git@github.com:flucoma/flucoma-core.git,95
MDEwOlJlcG9zaXRvcnkyNTk0NDExOTA=,2020-04-27T20:14:12Z,2026-04-09T17:17:16Z,2026-05-05T20:01:14Z,829,True,machine-guest-tools,cartesi/machine-guest-tools,git@github.com:cartesi/machine-guest-tools.git,13
MDEwOlJlcG9zaXRvcnkyNTkzMzAzNTA=,2020-04-27T13:29:29Z,2026-05-06T13:41:37Z,2026-05-02T17:44:37Z,6710,True,kharma,parthenon-hpc-lab/kharma,git@github.com:parthenon-hpc-lab/kharma.git,61
MDEwOlJlcG9zaXRvcnkyNTkyMTMxNTM=,2020-04-27T05:20:34Z,2026-04-09T12:34:01Z,2026-04-22T18:59:28Z,6824,True,dde-clipboard,linuxdeepin/dde-clipboard,git@github.com:linuxdeepin/dde-clipboard.git,12
MDEwOlJlcG9zaXRvcnkyNTkyMDY1MDE=,2020-04-27T04:38:14Z,2026-04-14T04:38:35Z,2026-04-14T04:38:30Z,1009,False,rrgen,josh0xA/rrgen,git@github.com:josh0xA/rrgen.git,561
MDEwOlJlcG9zaXRvcnkyNTkxNjM5NjQ=,2020-04-27T00:30:27Z,2026-03-30T18:55:58Z,2026-03-30T18:55:54Z,75,False,BlitzSteamworks,Saalvage/BlitzSteamworks,git@github.com:Saalvage/BlitzSteamworks.git,3
MDEwOlJlcG9zaXRvcnkyNTkwOTQ3MDE=,2020-04-26T17:43:14Z,2026-04-21T07:23:18Z,2026-04-21T07:23:15Z,32493,True,mob,ModOrganizer2/mob,git@github.com:ModOrganizer2/mob.git,20
MDEwOlJlcG9zaXRvcnkyNTkwNDY2NjA=,2020-04-26T14:09:33Z,2026-05-02T17:56:29Z,2026-05-02T17:56:25Z,971,True,module-python,qoretechnologies/module-python,git@github.com:qoretechnologies/module-python.git,0
MDEwOlJlcG9zaXRvcnkyNTg5NTYzNTU=,2020-04-26T06:25:01Z,2026-04-18T16:25:47Z,2026-04-18T16:26:57Z,5309,False,library,firiexp/library,git@github.com:firiexp/library.git,1
MDEwOlJlcG9zaXRvcnkyNTg5MzM2NDE=,2020-04-26T03:50:49Z,2026-04-23T13:52:46Z,2026-05-07T09:53:21Z,19245,True,dde-session-shell-snipe,linuxdeepin/dde-session-shell-snipe,git@github.com:linuxdeepin/dde-session-shell-snipe.git,19
MDEwOlJlcG9zaXRvcnkyNTg4MjkxNjc=,2020-04-25T17:03:21Z,2026-03-05T09:58:05Z,2026-03-05T10:00:00Z,48,False,wm8978-esp32,CelliesProjects/wm8978-esp32,git@github.com:CelliesProjects/wm8978-esp32.git,24
MDEwOlJlcG9zaXRvcnkyNTg3MDE1NTQ=,2020-04-25T06:15:26Z,2026-04-27T05:01:30Z,2026-04-27T05:01:24Z,26948,True,anope,Techtronix/anope,git@github.com:Techtronix/anope.git,0
MDEwOlJlcG9zaXRvcnkyNTg3MDE0NDE=,2020-04-25T06:14:46Z,2026-04-27T05:02:27Z,2026-04-27T05:02:13Z,27605,True,inspircd,Techtronix/inspircd,git@github.com:Techtronix/inspircd.git,1
MDEwOlJlcG9zaXRvcnkyNTg2NTc2NTE=,2020-04-25T00:56:45Z,2026-05-06T01:33:37Z,2026-05-06T01:33:33Z,4129,False,printemps,snowberryfield/printemps,git@github.com:snowberryfield/printemps.git,53
MDEwOlJlcG9zaXRvcnkyNTg2MjIyMDU=,2020-04-24T20:54:27Z,2026-04-22T00:52:38Z,2026-04-22T00:52:34Z,68,True,libcxx-testing-feedstock,conda-forge/libcxx-testing-feedstock,git@github.com:conda-forge/libcxx-testing-feedstock.git,1
MDEwOlJlcG9zaXRvcnkyNTg1MDA3MTg=,2020-04-24T12:03:03Z,2026-03-02T13:45:44Z,2026-03-02T13:45:40Z,131,True,llvm-toolchain-integration-test-suite,opencollab/llvm-toolchain-integration-test-suite,git@github.com:opencollab/llvm-toolchain-integration-test-suite.git,14
MDEwOlJlcG9zaXRvcnkyNTg0OTIxNzg=,2020-04-24T11:22:20Z,2026-04-04T12:16:01Z,2026-04-04T12:16:42Z,14963,False,pydegensac,ducha-aiki/pydegensac,git@github.com:ducha-aiki/pydegensac.git,298
MDEwOlJlcG9zaXRvcnkyNTg0Mjc3MDY=,2020-04-24T06:36:44Z,2026-04-29T10:39:48Z,2026-03-16T02:14:42Z,18565,False,FireLamp_JeeUI,vortigont/FireLamp_JeeUI,git@github.com:vortigont/FireLamp_JeeUI.git,45
MDEwOlJlcG9zaXRvcnkyNTg0MTQzMDM=,2020-04-24T05:25:40Z,2026-05-01T07:23:39Z,2026-05-01T07:23:41Z,132565,True,Fronter,ParadoxGameConverters/Fronter,git@github.com:ParadoxGameConverters/Fronter.git,6
MDEwOlJlcG9zaXRvcnkyNTgzNDgyNTE=,2020-04-23T22:44:47Z,2026-05-06T10:44:10Z,2026-04-25T05:03:44Z,9328,False,cfc,sz3/cfc,git@github.com:sz3/cfc.git,867
MDEwOlJlcG9zaXRvcnkyNTgzMjU0MDE=,2020-04-23T20:41:37Z,2026-05-06T20:54:32Z,2026-05-07T01:37:26Z,43764,True,nearby,google/nearby,git@github.com:google/nearby.git,942
MDEwOlJlcG9zaXRvcnkyNTgzMDY0ODE=,2020-04-23T19:15:08Z,2026-05-04T10:02:46Z,2026-05-07T09:26:08Z,13371,True,kclock,KDE/kclock,git@github.com:KDE/kclock.git,36
MDEwOlJlcG9zaXRvcnkyNTgyODQ0OTk=,2020-04-23T17:43:58Z,2026-03-25T14:02:40Z,2026-03-25T14:03:44Z,27,True,oscreceiver,stagesoft/oscreceiver,git@github.com:stagesoft/oscreceiver.git,0
MDEwOlJlcG9zaXRvcnkyNTgyNzEzMTc=,2020-04-23T16:53:25Z,2026-05-04T18:42:51Z,2026-05-04T18:42:49Z,64,True,mtcreceiver,stagesoft/mtcreceiver,git@github.com:stagesoft/mtcreceiver.git,1
MDEwOlJlcG9zaXRvcnkyNTgxMTcxMzE=,2020-04-23T06:40:01Z,2026-05-07T07:26:06Z,2026-05-07T09:32:54Z,32005,True,DREAM,chalmersplasmatheory/DREAM,git@github.com:chalmersplasmatheory/DREAM.git,38
MDEwOlJlcG9zaXRvcnkyNTgwNzE0MDE=,2020-04-23T02:16:54Z,2026-03-26T00:12:52Z,2026-03-26T00:12:48Z,11410,False,open_ros,alphaville/open_ros,git@github.com:alphaville/open_ros.git,3
MDEwOlJlcG9zaXRvcnkyNTc5OTEzNDY=,2020-04-22T18:50:05Z,2026-05-05T09:35:25Z,2026-04-24T17:14:25Z,738511,True,LCM,sandialabs/LCM,git@github.com:sandialabs/LCM.git,19
MDEwOlJlcG9zaXRvcnkyNTc5NTU4NDA=,2020-04-22T16:20:34Z,2026-05-04T16:01:55Z,2026-05-04T16:01:32Z,9654,True,HPCC_FPGA,pc2/HPCC_FPGA,git@github.com:pc2/HPCC_FPGA.git,37
MDEwOlJlcG9zaXRvcnkyNTc2MjQ3NDU=,2020-04-21T14:38:20Z,2026-04-24T04:08:49Z,2026-04-29T18:10:20Z,1642,True,PSI,OpenMined/PSI,git@github.com:OpenMined/PSI.git,152
MDEwOlJlcG9zaXRvcnkyNTc1OTY0NDk=,2020-04-21T12:59:38Z,2026-05-06T21:15:20Z,2026-04-05T07:36:07Z,1828,False,implot,epezent/implot,git@github.com:epezent/implot.git,6077
MDEwOlJlcG9zaXRvcnkyNTc1NjUwMzQ=,2020-04-21T10:52:08Z,2026-05-04T14:12:15Z,2026-05-07T09:31:16Z,4370,True,alligator,KDE/alligator,git@github.com:KDE/alligator.git,24
MDEwOlJlcG9zaXRvcnkyNTc1MzkzMTU=,2020-04-21T09:05:19Z,2026-03-10T14:24:19Z,2026-03-10T14:24:13Z,15518,False,DynNet,anarouanet/DynNet,git@github.com:anarouanet/DynNet.git,1
MDEwOlJlcG9zaXRvcnkyNTc1MTg4Nzc=,2020-04-21T07:46:07Z,2026-04-24T10:37:02Z,2026-05-07T08:04:41Z,127034,True,API-Examples,AgoraIO/API-Examples,git@github.com:AgoraIO/API-Examples.git,342
MDEwOlJlcG9zaXRvcnkyNTc1MTA3NTE=,2020-04-21T07:16:45Z,2026-04-30T01:04:01Z,2026-04-30T01:03:57Z,32929,False,Shell-Collection,MichaelLedger/Shell-Collection,git@github.com:MichaelLedger/Shell-Collection.git,0
MDEwOlJlcG9zaXRvcnkyNTc0MDM3NTE=,2020-04-20T21:06:05Z,2026-04-30T21:05:03Z,2026-04-30T21:04:28Z,6601,False,Turnips,averne/Turnips,git@github.com:averne/Turnips.git,160
MDEwOlJlcG9zaXRvcnkyNTczOTczMTU=,2020-04-20T20:34:34Z,2026-04-13T18:57:19Z,2026-04-13T18:57:15Z,5850,False,patex,littlemole/patex,git@github.com:littlemole/patex.git,0
MDEwOlJlcG9zaXRvcnkyNTczMDQ0NjA=,2020-04-20T14:21:17Z,2026-04-27T21:37:35Z,2026-05-02T18:01:01Z,997,False,arduino_bootstrapper,sblantipodi/arduino_bootstrapper,git@github.com:sblantipodi/arduino_bootstrapper.git,80
MDEwOlJlcG9zaXRvcnkyNTcyODMyNzM=,2020-04-20T13:05:03Z,2026-03-03T15:25:24Z,2026-04-02T09:08:13Z,39947,False,mesytec-mvlc,flueke/mesytec-mvlc,git@github.com:flueke/mesytec-mvlc.git,3
MDEwOlJlcG9zaXRvcnkyNTcyMjM5MTc=,2020-04-20T08:53:01Z,2026-04-27T11:32:16Z,2026-04-27T13:08:28Z,1527,True,cloisim_ros,lge-ros2/cloisim_ros,git@github.com:lge-ros2/cloisim_ros.git,20
MDEwOlJlcG9zaXRvcnkyNTcwOTAxNzA=,2020-04-19T19:58:02Z,2026-03-03T09:49:08Z,2026-03-03T09:49:04Z,12753,False,step2gltf,s1mb1o/step2gltf,git@github.com:s1mb1o/step2gltf.git,11
MDEwOlJlcG9zaXRvcnkyNTcwNTQ5Njk=,2020-04-19T17:01:32Z,2026-05-07T01:17:53Z,2026-05-07T06:38:06Z,158069,False,dragengine,LordOfDragons/dragengine,git@github.com:LordOfDragons/dragengine.git,85
MDEwOlJlcG9zaXRvcnkyNTY5ODc4NDY=,2020-04-19T11:59:10Z,2026-04-25T07:23:15Z,2026-04-25T07:23:10Z,9076,True,slang,slang-lang/slang,git@github.com:slang-lang/slang.git,28
MDEwOlJlcG9zaXRvcnkyNTY4NjUyNzI=,2020-04-18T22:27:29Z,2026-03-25T23:13:51Z,2026-03-25T16:24:21Z,6118,False,protobuf-matchers,inazarenko/protobuf-matchers,git@github.com:inazarenko/protobuf-matchers.git,9
MDEwOlJlcG9zaXRvcnkyNTY3NjM3OTQ=,2020-04-18T13:43:26Z,2026-05-05T13:25:24Z,2026-05-05T13:28:02Z,12379,False,caffa,lindkvis/caffa,git@github.com:lindkvis/caffa.git,7
MDEwOlJlcG9zaXRvcnkyNTY3MjM4MDc=,2020-04-18T10:21:02Z,2026-04-24T14:17:52Z,2026-04-24T14:17:46Z,8649,False,CADynTurb,jgeisler0303/CADynTurb,git@github.com:jgeisler0303/CADynTurb.git,3
MDEwOlJlcG9zaXRvcnkyNTY2MTI2OTA=,2020-04-17T21:23:04Z,2026-04-12T20:24:36Z,2026-04-12T20:24:32Z,39,True,UnitTestPractice,ChicoState/UnitTestPractice,git@github.com:ChicoState/UnitTestPractice.git,1
MDEwOlJlcG9zaXRvcnkyNTY1OTMxNTQ=,2020-04-17T19:35:58Z,2026-04-23T14:52:34Z,2026-04-23T14:52:01Z,421,False,PProtoCpp,hkarel/PProtoCpp,git@github.com:hkarel/PProtoCpp.git,1
MDEwOlJlcG9zaXRvcnkyNTY1NzM1NzI=,2020-04-17T17:55:26Z,2026-05-06T13:24:40Z,2026-04-27T20:17:50Z,18894,True,openc2e,openc2e/openc2e,git@github.com:openc2e/openc2e.git,145
MDEwOlJlcG9zaXRvcnkyNTY1Njg4ODI=,2020-04-17T17:33:11Z,2026-05-06T11:50:56Z,2026-05-06T17:15:36Z,4921,False,pdaggerq,edeprince3/pdaggerq,git@github.com:edeprince3/pdaggerq.git,58
MDEwOlJlcG9zaXRvcnkyNTY1NTEyMTY=,2020-04-17T16:12:43Z,2026-05-06T07:25:57Z,2026-04-22T16:17:41Z,22274,True,dvmhost,DVMProject/dvmhost,git@github.com:DVMProject/dvmhost.git,101
MDEwOlJlcG9zaXRvcnkyNTY1MTcyODI=,2020-04-17T13:55:25Z,2026-04-27T10:30:35Z,2026-04-27T10:30:32Z,956,False,spacefortress,mahaupt/spacefortress,git@github.com:mahaupt/spacefortress.git,1
MDEwOlJlcG9zaXRvcnkyNTY0OTMxNjg=,2020-04-17T12:12:06Z,2026-04-17T20:20:51Z,2026-05-01T06:13:19Z,9576,True,cppgoslin,lifs-tools/cppgoslin,git@github.com:lifs-tools/cppgoslin.git,0
MDEwOlJlcG9zaXRvcnkyNTY0NzcxNzM=,2020-04-17T10:51:59Z,2026-05-02T10:32:16Z,2026-05-01T15:23:30Z,108270,True,KoggerApp,koggertech/KoggerApp,git@github.com:koggertech/KoggerApp.git,29
MDEwOlJlcG9zaXRvcnkyNTY0NTkxNjU=,2020-04-17T09:26:05Z,2026-04-21T15:37:21Z,2026-04-21T15:36:43Z,39033,False,FlumenBattle,codingNonGuru/FlumenBattle,git@github.com:codingNonGuru/FlumenBattle.git,0
MDEwOlJlcG9zaXRvcnkyNTY0MzExNjQ=,2020-04-17T07:19:26Z,2026-03-08T21:00:22Z,2026-03-08T21:00:19Z,31,False,SongGenerator,CarlBergfeldt/SongGenerator,git@github.com:CarlBergfeldt/SongGenerator.git,0
MDEwOlJlcG9zaXRvcnkyNTY0MTMwODA=,2020-04-17T05:48:51Z,2026-03-15T22:14:42Z,2026-03-15T22:14:35Z,24160,False,the-island,Kanavb2/the-island,git@github.com:Kanavb2/the-island.git,0
MDEwOlJlcG9zaXRvcnkyNTYzOTE3NTk=,2020-04-17T03:29:54Z,2026-05-04T22:28:14Z,2026-05-04T22:28:10Z,290,False,libaeron-sys,bspeice/libaeron-sys,git@github.com:bspeice/libaeron-sys.git,16
MDEwOlJlcG9zaXRvcnkyNTYzMDU3NDI=,2020-04-16T19:07:13Z,2026-03-25T16:02:03Z,2026-03-25T16:02:05Z,60,False,Fraction,RobTillaart/Fraction,git@github.com:RobTillaart/Fraction.git,2
MDEwOlJlcG9zaXRvcnkyNTYyODEzMTM=,2020-04-16T17:17:25Z,2026-04-28T17:57:30Z,2026-04-28T17:57:25Z,254,True,MOOSE,BRL-CAD/MOOSE,git@github.com:BRL-CAD/MOOSE.git,8
MDEwOlJlcG9zaXRvcnkyNTYyNTI0MjE=,2020-04-16T15:17:50Z,2026-04-27T19:57:27Z,2026-03-19T15:03:41Z,82,False,RunningMedian,RobTillaart/RunningMedian,git@github.com:RobTillaart/RunningMedian.git,53
MDEwOlJlcG9zaXRvcnkyNTYyMTgzMjg=,2020-04-16T13:09:49Z,2026-04-14T12:46:58Z,2026-05-05T14:34:31Z,2038,True,TypeART,tudasc/TypeART,git@github.com:tudasc/TypeART.git,57
MDEwOlJlcG9zaXRvcnkyNTYyMTYwMjM=,2020-04-16T13:00:19Z,2026-04-18T13:50:53Z,2026-04-17T17:43:19Z,142617,True,vtkToolbox,KIT-IBT/vtkToolbox,git@github.com:KIT-IBT/vtkToolbox.git,28
MDEwOlJlcG9zaXRvcnkyNTYxNzAwODE=,2020-04-16T09:33:50Z,2026-05-07T06:15:52Z,2026-04-26T19:49:48Z,1230094,True,ONE,Samsung/ONE,git@github.com:Samsung/ONE.git,565
MDEwOlJlcG9zaXRvcnkyNTYwOTc4NDc=,2020-04-16T03:18:19Z,2026-03-19T16:30:25Z,2026-03-19T16:32:46Z,568,True,neo_DFTTest,HomeOfAviSynthPlusEvolution/neo_DFTTest,git@github.com:HomeOfAviSynthPlusEvolution/neo_DFTTest.git,12
MDEwOlJlcG9zaXRvcnkyNTYwNjU5NDE=,2020-04-16T00:08:51Z,2026-04-27T14:14:47Z,2026-03-28T12:50:19Z,3788,False,GameTankEmulator,clydeshaffer/GameTankEmulator,git@github.com:clydeshaffer/GameTankEmulator.git,53
MDEwOlJlcG9zaXRvcnkyNTYwNDkyMzM=,2020-04-15T22:16:56Z,2026-05-07T04:41:52Z,2026-05-07T08:51:52Z,240035,True,WindowsAppSDK,microsoft/WindowsAppSDK,git@github.com:microsoft/WindowsAppSDK.git,4530
MDEwOlJlcG9zaXRvcnkyNTYwMjYxNjc=,2020-04-15T20:14:54Z,2026-04-28T20:22:51Z,2026-04-28T20:22:47Z,16634,True,volume-cartographer,educelab/volume-cartographer,git@github.com:educelab/volume-cartographer.git,72
MDEwOlJlcG9zaXRvcnkyNTU5ODQ0MTY=,2020-04-15T17:06:33Z,2026-05-07T08:28:15Z,2026-05-01T13:25:06Z,1715,True,CCCoreLib,CloudCompare/CCCoreLib,git@github.com:CloudCompare/CCCoreLib.git,194
MDEwOlJlcG9zaXRvcnkyNTU5MDczMjg=,2020-04-15T12:18:08Z,2026-03-31T07:05:23Z,2026-03-21T12:30:13Z,15499,True,WiPiCap,sarulab-ou/WiPiCap,git@github.com:sarulab-ou/WiPiCap.git,52
MDEwOlJlcG9zaXRvcnkyNTU4OTkxNjI=,2020-04-15T11:44:13Z,2026-04-26T13:04:00Z,2026-04-26T13:03:55Z,1425,True,cpp-hid,pqrs-org/cpp-hid,git@github.com:pqrs-org/cpp-hid.git,1
MDEwOlJlcG9zaXRvcnkyNTU4NjUzNzc=,2020-04-15T09:18:17Z,2026-04-24T20:24:56Z,2026-05-06T16:47:00Z,21130,True,gz-transport,gazebosim/gz-transport,git@github.com:gazebosim/gz-transport.git,51
MDEwOlJlcG9zaXRvcnkyNTU4NjUzNzE=,2020-04-15T09:18:15Z,2026-05-06T15:53:40Z,2026-05-06T15:53:38Z,926,True,gz-tools,gazebosim/gz-tools,git@github.com:gazebosim/gz-tools.git,16
MDEwOlJlcG9zaXRvcnkyNTU4NjUzNjA=,2020-04-15T09:18:13Z,2026-04-27T02:21:03Z,2026-04-17T23:03:11Z,9373,True,gz-sensors,gazebosim/gz-sensors,git@github.com:gazebosim/gz-sensors.git,158
MDEwOlJlcG9zaXRvcnkyNTU4NjUzNDI=,2020-04-15T09:18:08Z,2026-05-04T14:50:03Z,2026-05-06T21:25:30Z,132828,True,gz-rendering,gazebosim/gz-rendering,git@github.com:gazebosim/gz-rendering.git,77
MDEwOlJlcG9zaXRvcnkyNTU4NjUzMzM=,2020-04-15T09:18:05Z,2026-05-06T15:53:18Z,2026-05-06T15:53:14Z,2794,True,gz-plugin,gazebosim/gz-plugin,git@github.com:gazebosim/gz-plugin.git,47
MDEwOlJlcG9zaXRvcnkyNTU4NjUzMjY=,2020-04-15T09:18:03Z,2026-05-06T16:34:22Z,2026-05-07T04:27:22Z,27574,True,gz-physics,gazebosim/gz-physics,git@github.com:gazebosim/gz-physics.git,88
MDEwOlJlcG9zaXRvcnkyNTU4NjUzMTM=,2020-04-15T09:18:01Z,2026-04-24T20:31:06Z,2026-05-05T05:03:37Z,3835,True,gz-msgs,gazebosim/gz-msgs,git@github.com:gazebosim/gz-msgs.git,34
MDEwOlJlcG9zaXRvcnkyNTU4NjUzMDA=,2020-04-15T09:17:58Z,2026-04-24T20:17:03Z,2026-04-24T20:17:00Z,12114,True,gz-math,gazebosim/gz-math,git@github.com:gazebosim/gz-math.git,73
MDEwOlJlcG9zaXRvcnkyNTU4NjUyODQ=,2020-04-15T09:17:54Z,2026-05-03T19:49:56Z,2026-05-05T21:02:43Z,11951,True,gz-gui,gazebosim/gz-gui,git@github.com:gazebosim/gz-gui.git,100
MDEwOlJlcG9zaXRvcnkyNTU4NjUyNjU=,2020-04-15T09:17:50Z,2026-05-07T10:11:33Z,2026-05-07T06:37:40Z,246281,True,gz-sim,gazebosim/gz-sim,git@github.com:gazebosim/gz-sim.git,1328
MDEwOlJlcG9zaXRvcnkyNTU4NjUyNTU=,2020-04-15T09:17:47Z,2026-04-23T05:29:43Z,2026-05-05T05:03:33Z,4547,True,gz-fuel-tools,gazebosim/gz-fuel-tools,git@github.com:gazebosim/gz-fuel-tools.git,16
MDEwOlJlcG9zaXRvcnkyNTU4NjUyNDM=,2020-04-15T09:17:45Z,2026-05-05T05:25:22Z,2026-05-05T05:25:19Z,20538,True,gz-common,gazebosim/gz-common,git@github.com:gazebosim/gz-common.git,27
MDEwOlJlcG9zaXRvcnkyNTU4MzI0NTU=,2020-04-15T07:00:45Z,2026-04-18T17:21:55Z,2026-04-30T02:01:05Z,561463,True,qgroundcontrol-herelink,CubePilot/qgroundcontrol-herelink,git@github.com:CubePilot/qgroundcontrol-herelink.git,45
MDEwOlJlcG9zaXRvcnkyNTU4MDU5NjQ=,2020-04-15T04:36:42Z,2026-04-28T07:09:17Z,2026-05-05T04:21:07Z,273670,True,strayphotons,frustra/strayphotons,git@github.com:frustra/strayphotons.git,62
MDEwOlJlcG9zaXRvcnkyNTU3NjcwNTI=,2020-04-15T01:04:10Z,2026-04-16T18:49:21Z,2026-04-16T18:49:24Z,1906,False,ESP-WiFiSettings,Juerd/ESP-WiFiSettings,git@github.com:Juerd/ESP-WiFiSettings.git,201
MDEwOlJlcG9zaXRvcnkyNTU3MTc0NzI=,2020-04-14T20:23:21Z,2026-04-29T23:05:17Z,2026-04-29T23:05:13Z,243,True,mihphoto,maemo-leste-extras/mihphoto,git@github.com:maemo-leste-extras/mihphoto.git,2
MDEwOlJlcG9zaXRvcnkyNTU2NzU2MTI=,2020-04-14T17:19:25Z,2026-04-15T07:42:42Z,2026-04-21T12:14:44Z,631178,True,DESERT_Underwater,signetlabdei/DESERT_Underwater,git@github.com:signetlabdei/DESERT_Underwater.git,43
MDEwOlJlcG9zaXRvcnkyNTU2NTcyMjQ=,2020-04-14T16:05:37Z,2026-05-06T17:28:29Z,2026-05-06T17:28:27Z,28472,True,motis,motis-project/motis,git@github.com:motis-project/motis.git,505
MDEwOlJlcG9zaXRvcnkyNTU2NDk4OTA=,2020-04-14T15:36:33Z,2026-05-03T01:50:33Z,2026-05-07T00:09:09Z,70099,True,tinyusdz,lighttransport/tinyusdz,git@github.com:lighttransport/tinyusdz.git,701
MDEwOlJlcG9zaXRvcnkyNTU1NDcwOTc=,2020-04-14T08:02:05Z,2026-04-20T16:03:42Z,2026-04-20T00:34:46Z,127123,True,windows-networking-tools,microsoft/windows-networking-tools,git@github.com:microsoft/windows-networking-tools.git,49
MDEwOlJlcG9zaXRvcnkyNTU1MTI5ODI=,2020-04-14T04:50:58Z,2026-03-22T20:06:18Z,2026-03-22T20:06:24Z,6469,True,com.coronalabs-plugin.steamworks,coronalabs/com.coronalabs-plugin.steamworks,git@github.com:coronalabs/com.coronalabs-plugin.steamworks.git,0
MDEwOlJlcG9zaXRvcnkyNTU1MDMwNzQ=,2020-04-14T03:41:46Z,2026-04-21T06:34:06Z,2026-04-21T06:34:03Z,7,False,ProgramacionCompetitiva,norman-ipn/ProgramacionCompetitiva,git@github.com:norman-ipn/ProgramacionCompetitiva.git,1
MDEwOlJlcG9zaXRvcnkyNTU0NTY2NTE=,2020-04-13T22:39:33Z,2026-04-30T17:37:24Z,2026-04-30T17:37:52Z,305,True,libstatistics_collector,ros-tooling/libstatistics_collector,git@github.com:ros-tooling/libstatistics_collector.git,39
MDEwOlJlcG9zaXRvcnkyNTUzOTUyNDE=,2020-04-13T17:23:57Z,2026-04-01T07:54:57Z,2026-05-05T18:41:12Z,10907,True,ncbi-logging,ncbi/ncbi-logging,git@github.com:ncbi/ncbi-logging.git,15
MDEwOlJlcG9zaXRvcnkyNTUzMzY4MjI=,2020-04-13T13:34:48Z,2026-03-05T16:53:37Z,2026-03-05T16:53:33Z,1256,True,gtensor,wdmapp/gtensor,git@github.com:wdmapp/gtensor.git,37
MDEwOlJlcG9zaXRvcnkyNTUyNjk5NDU=,2020-04-13T08:21:17Z,2026-04-22T08:26:25Z,2026-04-22T21:49:08Z,20006,True,snode.c,SNodeC/snode.c,git@github.com:SNodeC/snode.c.git,10
MDEwOlJlcG9zaXRvcnkyNTUyMjgwMjU=,2020-04-13T04:06:44Z,2026-04-04T11:06:41Z,2026-04-04T11:06:35Z,8,False,NeuralNetwork,shadab127/NeuralNetwork,git@github.com:shadab127/NeuralNetwork.git,7
MDEwOlJlcG9zaXRvcnkyNTUxODc4Njk=,2020-04-12T23:20:09Z,2026-05-02T13:43:58Z,2026-04-15T00:12:21Z,13899,False,DesktopPlus,elvissteinjr/DesktopPlus,git@github.com:elvissteinjr/DesktopPlus.git,564
MDEwOlJlcG9zaXRvcnkyNTUxNDkwOTM=,2020-04-12T18:51:56Z,2026-05-02T06:16:39Z,2026-05-02T06:16:35Z,7615,False,AmalgamEngine,Net5F/AmalgamEngine,git@github.com:Net5F/AmalgamEngine.git,130
MDEwOlJlcG9zaXRvcnkyNTUxMzY0Mzg=,2020-04-12T17:38:25Z,2026-03-01T15:01:10Z,2026-03-05T20:17:52Z,642,False,adaptive-multiresolution-DG,JuntaoHuang/adaptive-multiresolution-DG,git@github.com:JuntaoHuang/adaptive-multiresolution-DG.git,44
MDEwOlJlcG9zaXRvcnkyNTUwODgxNDE=,2020-04-12T13:27:20Z,2026-04-10T15:43:17Z,2026-04-10T20:21:36Z,7132,False,mi-UGens,v7b1/mi-UGens,git@github.com:v7b1/mi-UGens.git,232
MDEwOlJlcG9zaXRvcnkyNTQ5MDc5OTA=,2020-04-11T16:24:56Z,2026-04-14T12:45:06Z,2026-04-11T21:55:01Z,6357,False,LibreMines,Bollos00/LibreMines,git@github.com:Bollos00/LibreMines.git,96
MDEwOlJlcG9zaXRvcnkyNTQ4MjMwODQ=,2020-04-11T08:19:07Z,2026-04-19T03:57:18Z,2026-05-05T05:03:35Z,19966,True,sdformat,gazebosim/sdformat,git@github.com:gazebosim/sdformat.git,214
MDEwOlJlcG9zaXRvcnkyNTQ2Nzg1MTA=,2020-04-10T16:08:50Z,2026-04-28T03:39:33Z,2026-04-28T03:39:14Z,239211,False,Q1View,chammoru/Q1View,git@github.com:chammoru/Q1View.git,3
MDEwOlJlcG9zaXRvcnkyNTQ0NTYwMjE=,2020-04-09T19:05:01Z,2026-05-07T07:35:12Z,2026-05-04T23:56:07Z,12175,False,libcimbar,sz3/libcimbar,git@github.com:sz3/libcimbar.git,6005
MDEwOlJlcG9zaXRvcnkyNTQ0NDcxMTE=,2020-04-09T18:20:38Z,2026-03-19T18:12:45Z,2026-03-18T09:29:16Z,148305,False,elpida,klapeto/elpida,git@github.com:klapeto/elpida.git,2
MDEwOlJlcG9zaXRvcnkyNTQ0MTA2NDc=,2020-04-09T15:34:12Z,2026-04-15T12:10:19Z,2026-04-15T12:10:16Z,351,False,avp64,aut0/avp64,git@github.com:aut0/avp64.git,49
MDEwOlJlcG9zaXRvcnkyNTQzOTgxMTA=,2020-04-09T14:44:05Z,2026-05-06T23:17:52Z,2026-05-06T23:17:46Z,163537,True,desbordante-core,Desbordante/desbordante-core,git@github.com:Desbordante/desbordante-core.git,477
MDEwOlJlcG9zaXRvcnkyNTQzNTQ1NzY=,2020-04-09T11:37:56Z,2026-03-24T17:01:01Z,2026-03-24T17:00:56Z,228,True,maffer,pangenome/maffer,git@github.com:pangenome/maffer.git,34
MDEwOlJlcG9zaXRvcnkyNTQyMjAyOTM=,2020-04-08T23:05:32Z,2026-05-07T00:55:51Z,2026-03-29T20:45:25Z,101474,False,prusa-mmu-12x,cjbaar/prusa-mmu-12x,git@github.com:cjbaar/prusa-mmu-12x.git,291
MDEwOlJlcG9zaXRvcnkyNTQxODI2MDM=,2020-04-08T19:34:22Z,2026-03-21T20:01:01Z,2026-03-19T09:49:39Z,5203,False,metronomek,SeeLook/metronomek,git@github.com:SeeLook/metronomek.git,3
MDEwOlJlcG9zaXRvcnkyNTQxNzYzOTQ=,2020-04-08T19:04:09Z,2026-05-07T08:17:02Z,2026-05-07T09:56:53Z,206912,True,ACT,AlexandriaChemistry/ACT,git@github.com:AlexandriaChemistry/ACT.git,16
MDEwOlJlcG9zaXRvcnkyNTQxNjAxNDQ=,2020-04-08T17:48:03Z,2026-05-01T20:03:17Z,2026-05-01T20:03:12Z,502573,True,crhmcode,srlabUsask/crhmcode,git@github.com:srlabUsask/crhmcode.git,10
MDEwOlJlcG9zaXRvcnkyNTQwNTIzNTI=,2020-04-08T10:09:17Z,2026-04-06T22:58:46Z,2026-04-23T14:40:10Z,1627,False,Zhele,azhel12/Zhele,git@github.com:azhel12/Zhele.git,57
MDEwOlJlcG9zaXRvcnkyNTM5MTUxODY=,2020-04-07T21:23:09Z,2026-04-29T05:55:23Z,2026-05-06T03:11:29Z,16689,True,agave,allen-cell-animated/agave,git@github.com:allen-cell-animated/agave.git,60
MDEwOlJlcG9zaXRvcnkyNTM4ODQyNjY=,2020-04-07T18:51:22Z,2026-05-02T07:27:37Z,2026-05-05T12:31:29Z,7238,True,android_hardware_xiaomi,LineageOS/android_hardware_xiaomi,git@github.com:LineageOS/android_hardware_xiaomi.git,73
MDEwOlJlcG9zaXRvcnkyNTM4ODA2Mzc=,2020-04-07T18:35:24Z,2026-05-01T15:13:51Z,2026-05-01T15:15:22Z,1379,False,vcvrack-packtau,stoermelder/vcvrack-packtau,git@github.com:stoermelder/vcvrack-packtau.git,28
MDEwOlJlcG9zaXRvcnkyNTM3ODU1OTA=,2020-04-07T12:24:58Z,2026-05-06T05:50:26Z,2026-05-06T05:50:22Z,222,True,qmmp-v2m,TTK-qmmp/qmmp-v2m,git@github.com:TTK-qmmp/qmmp-v2m.git,4
MDEwOlJlcG9zaXRvcnkyNTM2MzEyMzY=,2020-04-06T22:35:30Z,2026-03-27T21:53:43Z,2026-03-27T21:53:40Z,2092,False,fretboarder,meeloo/fretboarder,git@github.com:meeloo/fretboarder.git,2
MDEwOlJlcG9zaXRvcnkyNTM2MTkyNTA=,2020-04-06T21:26:23Z,2026-05-06T21:11:17Z,2026-03-04T14:29:27Z,23461,False,UE4Dumper,kp7742/UE4Dumper,git@github.com:kp7742/UE4Dumper.git,899
MDEwOlJlcG9zaXRvcnkyNTM2MTM3MTE=,2020-04-06T20:56:58Z,2026-04-24T16:53:59Z,2026-04-24T16:53:53Z,56,True,indicators-feedstock,conda-forge/indicators-feedstock,git@github.com:conda-forge/indicators-feedstock.git,0
MDEwOlJlcG9zaXRvcnkyNTM2MDc3ODY=,2020-04-06T20:26:18Z,2026-03-18T06:46:53Z,2026-03-13T19:38:33Z,7595,True,Coronan,bbvch/Coronan,git@github.com:bbvch/Coronan.git,20
MDEwOlJlcG9zaXRvcnkyNTM2MDMzMTM=,2020-04-06T20:03:22Z,2026-05-04T20:50:00Z,2026-04-27T12:32:22Z,279412,True,rsgislib,remotesensinginfo/rsgislib,git@github.com:remotesensinginfo/rsgislib.git,171
MDEwOlJlcG9zaXRvcnkyNTM1NDM1MzY=,2020-04-06T15:45:11Z,2026-05-03T14:42:18Z,2026-04-06T07:02:35Z,7916,False,Proxmark3GUI,wh201906/Proxmark3GUI,git@github.com:wh201906/Proxmark3GUI.git,1024
MDEwOlJlcG9zaXRvcnkyNTM1MzA4Mzk=,2020-04-06T14:59:28Z,2026-03-31T17:18:19Z,2026-05-04T20:19:56Z,4023,True,lsp-runtime-lib,lsp-plugins/lsp-runtime-lib,git@github.com:lsp-plugins/lsp-runtime-lib.git,0
MDEwOlJlcG9zaXRvcnkyNTM0NzI2ODI=,2020-04-06T11:07:06Z,2026-05-06T15:48:23Z,2026-05-06T15:49:44Z,957,True,zswag,ndsev/zswag,git@github.com:ndsev/zswag.git,15
MDEwOlJlcG9zaXRvcnkyNTM0MTk0MTc=,2020-04-06T06:59:01Z,2026-05-05T13:08:53Z,2026-05-07T07:04:23Z,15939,True,spicy,zeek/spicy,git@github.com:zeek/spicy.git,292
MDEwOlJlcG9zaXRvcnkyNTM0MTM1NDQ=,2020-04-06T06:28:17Z,2026-03-25T13:23:56Z,2026-03-25T13:23:55Z,365,False,MemorySentinel,Sidelobe/MemorySentinel,git@github.com:Sidelobe/MemorySentinel.git,9
MDEwOlJlcG9zaXRvcnkyNTMzNzY3ODI=,2020-04-06T02:29:58Z,2026-05-07T00:01:03Z,2026-05-07T00:00:56Z,315104,False,webrtc,maitrungduc1410/webrtc,git@github.com:maitrungduc1410/webrtc.git,60
MDEwOlJlcG9zaXRvcnkyNTMyNDc4MDM=,2020-04-05T13:58:57Z,2026-05-02T15:34:50Z,2026-05-02T15:29:39Z,5928,False,vdr-plugin-markad,kfb77/vdr-plugin-markad,git@github.com:kfb77/vdr-plugin-markad.git,10
MDEwOlJlcG9zaXRvcnkyNTMyMTQwNTM=,2020-04-05T11:00:24Z,2026-03-26T06:48:36Z,2026-03-26T17:23:37Z,45,False,agclib,netaneld122/agclib,git@github.com:netaneld122/agclib.git,0
MDEwOlJlcG9zaXRvcnkyNTMxODEzNzU=,2020-04-05T07:43:34Z,2026-05-04T09:27:12Z,2026-04-28T05:51:40Z,61745,False,Ros_Qt5_Gui_App,chengyangkj/Ros_Qt5_Gui_App,git@github.com:chengyangkj/Ros_Qt5_Gui_App.git,1203
MDEwOlJlcG9zaXRvcnkyNTMxNTczODQ=,2020-04-05T04:45:53Z,2026-04-25T08:30:05Z,2026-04-25T08:30:00Z,28,False,Linked-List,fyaz6194/Linked-List,git@github.com:fyaz6194/Linked-List.git,0
MDEwOlJlcG9zaXRvcnkyNTMwMzkzMTE=,2020-04-04T16:00:04Z,2026-04-23T20:36:15Z,2026-04-23T20:36:09Z,9560,False,gparted,ProvLeon/gparted,git@github.com:ProvLeon/gparted.git,0
MDEwOlJlcG9zaXRvcnkyNTMwMDkzMjA=,2020-04-04T13:51:56Z,2026-04-13T17:55:34Z,2026-04-13T17:54:17Z,72,False,CocoIP,MacroMelon/CocoIP,git@github.com:MacroMelon/CocoIP.git,0
MDEwOlJlcG9zaXRvcnkyNTI5MTA2MTU=,2020-04-04T04:45:44Z,2026-04-10T06:14:30Z,2026-04-27T17:15:07Z,2663,True,libyt,yt-project/libyt,git@github.com:yt-project/libyt.git,22
MDEwOlJlcG9zaXRvcnkyNTI4ODA3MzQ=,2020-04-04T01:22:36Z,2026-04-16T19:19:22Z,2026-04-28T06:02:06Z,668,False,kk92,kishenkumar92/kk92,git@github.com:kishenkumar92/kk92.git,0
MDEwOlJlcG9zaXRvcnkyNTI3Njc4MTA=,2020-04-03T15:15:15Z,2026-05-06T00:47:05Z,2026-04-29T05:59:18Z,187533,False,GPBoost,fabsig/GPBoost,git@github.com:fabsig/GPBoost.git,679
MDEwOlJlcG9zaXRvcnkyNTI3MTM5ODU=,2020-04-03T11:34:18Z,2026-05-04T07:25:36Z,2026-05-04T07:25:33Z,741,False,zswap-cli,xvitaly/zswap-cli,git@github.com:xvitaly/zswap-cli.git,40
MDEwOlJlcG9zaXRvcnkyNTI2ODA0MDQ=,2020-04-03T08:53:46Z,2026-05-02T21:20:22Z,2026-05-02T21:24:31Z,32377,False,solar_station,sblantipodi/solar_station,git@github.com:sblantipodi/solar_station.git,28
MDEwOlJlcG9zaXRvcnkyNTI1OTY5NjI=,2020-04-03T00:42:25Z,2026-04-08T20:43:57Z,2026-05-05T21:42:41Z,8625,False,Aperture4,fizban007/Aperture4,git@github.com:fizban007/Aperture4.git,8
MDEwOlJlcG9zaXRvcnkyNTI0OTc1OTU=,2020-04-02T15:42:51Z,2026-04-27T16:28:51Z,2026-04-25T22:26:22Z,1283,True,android_hardware_mediatek,LineageOS/android_hardware_mediatek,git@github.com:LineageOS/android_hardware_mediatek.git,22
MDEwOlJlcG9zaXRvcnkyNTI0Mzc0Njc=,2020-04-02T11:34:14Z,2026-04-30T22:44:20Z,2026-05-01T17:40:14Z,356868,True,icu,sailfishos-mirror/icu,git@github.com:sailfishos-mirror/icu.git,1
MDEwOlJlcG9zaXRvcnkyNTI0MTUzNDk=,2020-04-02T09:47:16Z,2026-04-15T13:16:37Z,2026-04-15T13:16:36Z,1288,True,mizugaki,project-tsurugi/mizugaki,git@github.com:project-tsurugi/mizugaki.git,4
MDEwOlJlcG9zaXRvcnkyNTIxNzEzODI=,2020-04-01T12:40:01Z,2026-05-07T00:24:08Z,2026-05-07T00:24:07Z,54549,True,qtmultimedia,sailfishos-mirror/qtmultimedia,git@github.com:sailfishos-mirror/qtmultimedia.git,1
MDEwOlJlcG9zaXRvcnkyNTIxNjgyMDA=,2020-04-01T12:26:16Z,2026-05-07T00:24:05Z,2026-05-07T00:23:57Z,400877,True,qtbase,sailfishos-mirror/qtbase,git@github.com:sailfishos-mirror/qtbase.git,0
MDEwOlJlcG9zaXRvcnkyNTIxNjY3MDE=,2020-04-01T12:19:49Z,2026-05-07T00:23:49Z,2026-05-07T00:23:45Z,195585,True,qtdeclarative,sailfishos-mirror/qtdeclarative,git@github.com:sailfishos-mirror/qtdeclarative.git,0
MDEwOlJlcG9zaXRvcnkyNTIxNTY4MDQ=,2020-04-01T11:34:51Z,2026-05-06T00:23:42Z,2026-05-06T00:23:39Z,6689,True,qtsensors,sailfishos-mirror/qtsensors,git@github.com:sailfishos-mirror/qtsensors.git,0
MDEwOlJlcG9zaXRvcnkyNTIxNTY3MDI=,2020-04-01T11:34:22Z,2026-05-07T00:23:12Z,2026-05-07T00:23:11Z,7105,True,qtsvg,sailfishos-mirror/qtsvg,git@github.com:sailfishos-mirror/qtsvg.git,0
MDEwOlJlcG9zaXRvcnkyNTIxNTYzNDU=,2020-04-01T11:32:32Z,2026-05-06T00:23:13Z,2026-05-06T00:23:10Z,12148,True,qtwayland,sailfishos-mirror/qtwayland,git@github.com:sailfishos-mirror/qtwayland.git,0
MDEwOlJlcG9zaXRvcnkyNTIxMjAzNTU=,2020-04-01T08:46:05Z,2026-04-13T10:49:53Z,2026-04-13T10:49:48Z,74,False,wayfire-plugins,ammen99/wayfire-plugins,git@github.com:ammen99/wayfire-plugins.git,23
MDEwOlJlcG9zaXRvcnkyNTIxMTY5ODc=,2020-04-01T08:31:46Z,2026-05-02T00:22:15Z,2026-05-02T00:22:14Z,1162,True,bluez-qt,sailfishos-mirror/bluez-qt,git@github.com:sailfishos-mirror/bluez-qt.git,0
MDEwOlJlcG9zaXRvcnkyNTIxMDMwNjk=,2020-04-01T07:27:48Z,2026-05-07T00:21:14Z,2026-05-07T00:21:09Z,100754,True,harfbuzz,sailfishos-mirror/harfbuzz,git@github.com:sailfishos-mirror/harfbuzz.git,0
MDEwOlJlcG9zaXRvcnkyNTIwNzk3NTg=,2020-04-01T05:22:37Z,2026-04-15T21:04:51Z,2026-04-15T21:04:47Z,190566,False,anesthetic,rozap/anesthetic,git@github.com:rozap/anesthetic.git,1
MDEwOlJlcG9zaXRvcnkyNTIwNTI1NTc=,2020-04-01T02:36:54Z,2026-05-06T09:30:00Z,2026-04-05T20:51:36Z,4080,True,VTIL-Core,vtil-project/VTIL-Core,git@github.com:vtil-project/VTIL-Core.git,1508
MDEwOlJlcG9zaXRvcnkyNTIwNDUyNDA=,2020-04-01T01:55:13Z,2026-05-05T21:23:35Z,2026-05-05T21:23:48Z,113,False,simple_uart,AndreRenaud/simple_uart,git@github.com:AndreRenaud/simple_uart.git,24
MDEwOlJlcG9zaXRvcnkyNTIwMjk4MjQ=,2020-04-01T00:20:13Z,2026-05-02T10:02:52Z,2026-05-04T10:01:15Z,16805,True,BabylonReactNative,BabylonJS/BabylonReactNative,git@github.com:BabylonJS/BabylonReactNative.git,427
MDEwOlJlcG9zaXRvcnkyNTE3MTU0NjU=,2020-03-31T19:52:36Z,2026-03-17T15:34:12Z,2026-04-30T02:08:57Z,170,True,fcitx5-lua,fcitx/fcitx5-lua,git@github.com:fcitx/fcitx5-lua.git,28
MDEwOlJlcG9zaXRvcnkyNTE2NzIwMTU=,2020-03-31T16:59:09Z,2026-05-03T13:38:55Z,2026-04-07T08:10:54Z,11904,True,PixelIt,pixelit-project/PixelIt,git@github.com:pixelit-project/PixelIt.git,440
MDEwOlJlcG9zaXRvcnkyNTE2NjY5OTY=,2020-03-31T16:40:44Z,2026-05-04T15:04:42Z,2026-05-04T15:04:28Z,331,True,cs260Code,ChemeketaCS/cs260Code,git@github.com:ChemeketaCS/cs260Code.git,10
MDEwOlJlcG9zaXRvcnkyNTE2NDc1NTA=,2020-03-31T15:32:39Z,2026-05-06T10:07:56Z,2026-05-06T10:07:52Z,30507,True,vk_raytracing_tutorial_KHR,nvpro-samples/vk_raytracing_tutorial_KHR,git@github.com:nvpro-samples/vk_raytracing_tutorial_KHR.git,1708
MDEwOlJlcG9zaXRvcnkyNTE1OTYyMzE=,2020-03-31T12:28:47Z,2026-04-28T12:46:40Z,2026-04-28T12:46:36Z,480,True,service-config-manager,openbmc/service-config-manager,git@github.com:openbmc/service-config-manager.git,2
MDEwOlJlcG9zaXRvcnkyNTE1ODY0MTc=,2020-03-31T11:44:18Z,2026-05-06T00:19:34Z,2026-05-06T00:19:30Z,3099,True,qtwebsockets,sailfishos-mirror/qtwebsockets,git@github.com:sailfishos-mirror/qtwebsockets.git,0
MDEwOlJlcG9zaXRvcnkyNTE1ODU2MzQ=,2020-03-31T11:40:29Z,2026-05-05T00:19:20Z,2026-05-05T00:19:16Z,1454,True,packages-cpp,sailfishos-mirror/packages-cpp,git@github.com:sailfishos-mirror/packages-cpp.git,0
MDEwOlJlcG9zaXRvcnkyNTE1Njc2MjE=,2020-03-31T10:15:00Z,2026-04-29T02:02:31Z,2026-03-26T07:55:12Z,60409,False,Syntherrupter,MMMZZZZ/Syntherrupter,git@github.com:MMMZZZZ/Syntherrupter.git,33
MDEwOlJlcG9zaXRvcnkyNTE1NjAzNjY=,2020-03-31T09:41:38Z,2026-05-03T00:42:13Z,2026-05-03T00:42:10Z,395,True,pvfviewer,KDE/pvfviewer,git@github.com:KDE/pvfviewer.git,6
MDEwOlJlcG9zaXRvcnkyNTE1NTc2MDU=,2020-03-31T09:29:30Z,2026-04-22T18:54:46Z,2026-04-23T19:59:20Z,4179,True,lsp-dsp-lib,lsp-plugins/lsp-dsp-lib,git@github.com:lsp-plugins/lsp-dsp-lib.git,89
MDEwOlJlcG9zaXRvcnkyNTE0MjA4ODY=,2020-03-30T20:28:25Z,2026-05-03T00:25:01Z,2026-04-09T14:26:05Z,48624,True,cloud-spanner-emulator,GoogleCloudPlatform/cloud-spanner-emulator,git@github.com:GoogleCloudPlatform/cloud-spanner-emulator.git,324
MDEwOlJlcG9zaXRvcnkyNTEzOTg5OTM=,2020-03-30T18:50:40Z,2026-04-29T23:04:22Z,2026-04-29T23:04:17Z,54,True,countdowntimer,maemo-leste-extras/countdowntimer,git@github.com:maemo-leste-extras/countdowntimer.git,0
MDEwOlJlcG9zaXRvcnkyNTEzOTY3MzI=,2020-03-30T18:40:55Z,2026-05-07T11:03:35Z,2026-05-05T16:18:44Z,45970,False,RTranslator,niedev/RTranslator,git@github.com:niedev/RTranslator.git,9846
MDEwOlJlcG9zaXRvcnkyNTEzNzc4MjQ=,2020-03-30T17:23:20Z,2026-04-14T02:48:15Z,2026-05-07T11:24:02Z,7527,False,CLPoly,lihaokun/CLPoly,git@github.com:lihaokun/CLPoly.git,8
MDEwOlJlcG9zaXRvcnkyNTEzNTk5OTM=,2020-03-30T16:14:55Z,2026-05-07T00:06:29Z,2026-05-07T00:07:00Z,146189,True,protobuf,sailfishos-mirror/protobuf,git@github.com:sailfishos-mirror/protobuf.git,1
MDEwOlJlcG9zaXRvcnkyNTEzNTQwNzE=,2020-03-30T15:52:40Z,2026-05-07T00:05:51Z,2026-05-07T00:05:55Z,259474,True,libphonenumber,sailfishos-mirror/libphonenumber,git@github.com:sailfishos-mirror/libphonenumber.git,1
MDEwOlJlcG9zaXRvcnkyNTEzMzg5Mjk=,2020-03-30T14:58:57Z,2026-05-01T08:03:36Z,2026-05-01T08:03:39Z,160072,True,CK2ToEU4,ParadoxGameConverters/CK2ToEU4,git@github.com:ParadoxGameConverters/CK2ToEU4.git,33
MDEwOlJlcG9zaXRvcnkyNTEzMzQ0ODQ=,2020-03-30T14:43:18Z,2026-05-07T00:04:49Z,2026-05-07T00:04:45Z,274807,True,libzypp,sailfishos-mirror/libzypp,git@github.com:sailfishos-mirror/libzypp.git,0
MDEwOlJlcG9zaXRvcnkyNTEzMTIyMDI=,2020-03-30T13:24:59Z,2026-05-05T21:09:05Z,2026-05-06T15:40:24Z,98344,True,tensorstore,google/tensorstore,git@github.com:google/tensorstore.git,1514
MDEwOlJlcG9zaXRvcnkyNTExNTY1Njg=,2020-03-29T23:33:34Z,2026-05-05T14:07:32Z,2026-04-24T23:08:13Z,5252,False,esp-nimble-cpp,h2zero/esp-nimble-cpp,git@github.com:h2zero/esp-nimble-cpp.git,277
MDEwOlJlcG9zaXRvcnkyNTEwODg1MDE=,2020-03-29T17:17:14Z,2026-05-07T07:08:26Z,2026-05-02T06:47:04Z,168264,False,scrite,teriflix/scrite,git@github.com:teriflix/scrite.git,354
MDEwOlJlcG9zaXRvcnkyNTA5NTU4Nzk=,2020-03-29T04:49:42Z,2026-05-01T19:26:35Z,2026-03-07T06:47:36Z,70,False,tiboyse,calc84maniac/tiboyse,git@github.com:calc84maniac/tiboyse.git,41
MDEwOlJlcG9zaXRvcnkyNTA5MjIzMDI=,2020-03-29T00:29:33Z,2026-04-26T22:43:29Z,2026-04-26T22:43:24Z,3779,True,cutelee,cutelyst/cutelee,git@github.com:cutelyst/cutelee.git,24
MDEwOlJlcG9zaXRvcnkyNTA4ODY2NTg=,2020-03-28T20:25:00Z,2026-05-06T10:40:51Z,2026-05-03T18:17:33Z,71420,False,efibooteditor,Neverous/efibooteditor,git@github.com:Neverous/efibooteditor.git,452
MDEwOlJlcG9zaXRvcnkyNTA4NDY4NTY=,2020-03-28T16:51:39Z,2026-05-05T16:11:16Z,2026-05-05T16:14:34Z,2427,False,QB3,lucianpls/QB3,git@github.com:lucianpls/QB3.git,11
MDEwOlJlcG9zaXRvcnkyNTA3OTcyNzM=,2020-03-28T13:06:33Z,2026-05-01T03:07:54Z,2026-05-01T03:07:50Z,78852,False,AsmVsZombies,vector-wlc/AsmVsZombies,git@github.com:vector-wlc/AsmVsZombies.git,116
MDEwOlJlcG9zaXRvcnkyNTA2ODA5MzU=,2020-03-28T00:31:37Z,2026-03-25T22:53:57Z,2026-03-25T22:53:53Z,576,False,Arduino-STM32-8bitTFT,nopnop2002/Arduino-STM32-8bitTFT,git@github.com:nopnop2002/Arduino-STM32-8bitTFT.git,27
MDEwOlJlcG9zaXRvcnkyNTA2MjI4MjA=,2020-03-27T19:06:46Z,2026-05-06T21:50:45Z,2026-05-06T21:50:39Z,28943,True,celeritas,celeritas-project/celeritas,git@github.com:celeritas-project/celeritas.git,98
MDEwOlJlcG9zaXRvcnkyNTA2MDAyNDc=,2020-03-27T17:30:08Z,2026-05-06T23:53:49Z,2026-05-02T10:45:23Z,6801,False,ESP32-A2DP,pschatzmann/ESP32-A2DP,git@github.com:pschatzmann/ESP32-A2DP.git,2553
MDEwOlJlcG9zaXRvcnkyNTA0MDAwMTI=,2020-03-27T00:03:02Z,2026-05-01T01:11:02Z,2026-05-01T01:10:58Z,429723,True,webrtc,signalapp/webrtc,git@github.com:signalapp/webrtc.git,171
MDEwOlJlcG9zaXRvcnkyNTAzNDgxOTY=,2020-03-26T19:06:54Z,2026-04-15T12:07:35Z,2026-04-15T12:07:27Z,3785,False,Hadrons,aportelli/Hadrons,git@github.com:aportelli/Hadrons.git,24
MDEwOlJlcG9zaXRvcnkyNTAzNDI5Mjk=,2020-03-26T18:41:55Z,2026-04-16T00:57:23Z,2026-04-16T00:57:19Z,37,True,fpp-HomeAssistant,FalconChristmas/fpp-HomeAssistant,git@github.com:FalconChristmas/fpp-HomeAssistant.git,9
MDEwOlJlcG9zaXRvcnkyNTAzMTc5Nzc=,2020-03-26T16:53:20Z,2026-03-23T15:07:21Z,2026-03-23T15:07:10Z,1715,True,std_e,onera/std_e,git@github.com:onera/std_e.git,4
MDEwOlJlcG9zaXRvcnkyNTAyMzAxMjI=,2020-03-26T10:41:29Z,2026-04-11T17:35:16Z,2026-04-11T17:35:11Z,1994,True,tiles,motis-project/tiles,git@github.com:motis-project/tiles.git,13
MDEwOlJlcG9zaXRvcnkyNTAyMjczODc=,2020-03-26T10:27:56Z,2026-05-04T08:52:24Z,2026-05-04T08:52:21Z,19452,True,seiscomp,SeisComP/seiscomp,git@github.com:SeisComP/seiscomp.git,85
MDEwOlJlcG9zaXRvcnkyNTAyMjMzNTg=,2020-03-26T10:09:14Z,2026-05-04T08:48:35Z,2026-05-04T08:48:31Z,83359,True,main,SeisComP/main,git@github.com:SeisComP/main.git,12
MDEwOlJlcG9zaXRvcnkyNTAyMjMzMDU=,2020-03-26T10:09:00Z,2026-05-07T06:47:56Z,2026-05-07T06:48:05Z,58977,True,common,SeisComP/common,git@github.com:SeisComP/common.git,7
MDEwOlJlcG9zaXRvcnkyNTAyMDc4MTA=,2020-03-26T08:58:30Z,2026-05-06T13:46:47Z,2026-03-31T23:39:34Z,1242,False,obs-multi-rtmp,sorayuki/obs-multi-rtmp,git@github.com:sorayuki/obs-multi-rtmp.git,4832
MDEwOlJlcG9zaXRvcnkyNTAyMDEwNjE=,2020-03-26T08:26:21Z,2026-05-02T11:33:21Z,2026-05-02T11:33:21Z,103953,False,LiteFX,crud89/LiteFX,git@github.com:crud89/LiteFX.git,116
MDEwOlJlcG9zaXRvcnkyNTAwODIwODE=,2020-03-25T20:17:17Z,2026-04-22T17:56:35Z,2026-04-04T11:16:09Z,195,False,competitive-programming,lucasbrenner/competitive-programming,git@github.com:lucasbrenner/competitive-programming.git,10
MDEwOlJlcG9zaXRvcnkyNTAwNTAyMTE=,2020-03-25T17:48:55Z,2026-05-06T15:07:36Z,2026-05-06T14:48:34Z,537994,False,OpenHydroQual,ArashMassoudieh/OpenHydroQual,git@github.com:ArashMassoudieh/OpenHydroQual.git,4
MDEwOlJlcG9zaXRvcnkyNTAwMzcwNDc=,2020-03-25T16:51:24Z,2026-05-07T09:54:26Z,2026-05-07T06:47:05Z,20155,False,Anime4KCPP,TianZerL/Anime4KCPP,git@github.com:TianZerL/Anime4KCPP.git,1992
MDEwOlJlcG9zaXRvcnkyNTAwMDk1ODk=,2020-03-25T15:00:58Z,2026-04-19T15:48:37Z,2026-04-19T15:48:56Z,76,False,AM232X,RobTillaart/AM232X,git@github.com:RobTillaart/AM232X.git,14
MDEwOlJlcG9zaXRvcnkyNDk5OTgyMzI=,2020-03-25T14:18:03Z,2026-04-14T09:13:49Z,2026-03-26T15:10:17Z,222,True,fineftp-server,eclipse-ecal/fineftp-server,git@github.com:eclipse-ecal/fineftp-server.git,354
MDEwOlJlcG9zaXRvcnkyNDk5OTU2NTI=,2020-03-25T14:08:02Z,2026-03-17T10:38:34Z,2026-03-17T10:38:30Z,13946,False,cleaving,demonico85/cleaving,git@github.com:demonico85/cleaving.git,7
MDEwOlJlcG9zaXRvcnkyNDk5NTU3MzA=,2020-03-25T11:05:00Z,2026-03-19T14:23:05Z,2026-03-19T15:03:46Z,188,True,geo,motis-project/geo,git@github.com:motis-project/geo.git,0
MDEwOlJlcG9zaXRvcnkyNDk5MzcwNzA=,2020-03-25T09:30:53Z,2026-03-11T00:46:39Z,2026-03-11T00:46:36Z,553,True,atwork-commander,robocup-at-work/atwork-commander,git@github.com:robocup-at-work/atwork-commander.git,11
MDEwOlJlcG9zaXRvcnkyNDk5MzMzMTM=,2020-03-25T09:12:48Z,2026-04-30T12:04:54Z,2026-04-30T12:04:50Z,45289,False,Library,hashiryo/Library,git@github.com:hashiryo/Library.git,0
MDEwOlJlcG9zaXRvcnkyNDk4NzY0MTQ=,2020-03-25T03:18:07Z,2026-04-16T05:47:28Z,2026-04-16T05:47:23Z,916,True,mmtk-openjdk,mmtk/mmtk-openjdk,git@github.com:mmtk/mmtk-openjdk.git,37
MDEwOlJlcG9zaXRvcnkyNDk4MjEwNDk=,2020-03-24T21:23:05Z,2026-04-12T08:52:50Z,2026-04-12T08:52:41Z,278,True,net,motis-project/net,git@github.com:motis-project/net.git,1
MDEwOlJlcG9zaXRvcnkyNDk3NjcwMjM=,2020-03-24T17:00:13Z,2026-04-20T12:55:57Z,2026-04-20T12:55:42Z,200,True,vtkAddon,Slicer/vtkAddon,git@github.com:Slicer/vtkAddon.git,13
MDEwOlJlcG9zaXRvcnkyNDk3NjY3NDI=,2020-03-24T16:58:58Z,2026-03-31T17:14:10Z,2026-05-03T14:30:57Z,490,True,lsp-common-lib,lsp-plugins/lsp-common-lib,git@github.com:lsp-plugins/lsp-common-lib.git,1
MDEwOlJlcG9zaXRvcnkyNDk3NTUzMzc=,2020-03-24T16:10:16Z,2026-05-07T09:05:15Z,2026-05-07T09:05:09Z,8950,True,UWLCM_plotting,igfuw/UWLCM_plotting,git@github.com:igfuw/UWLCM_plotting.git,1
MDEwOlJlcG9zaXRvcnkyNDk2NDY1ODU=,2020-03-24T07:59:17Z,2026-03-12T06:39:32Z,2026-03-12T06:39:28Z,15126,True,cimod,Jij-Inc/cimod,git@github.com:Jij-Inc/cimod.git,14
MDEwOlJlcG9zaXRvcnkyNDk2MjY2NDY=,2020-03-24T06:06:11Z,2026-03-19T23:49:24Z,2026-03-21T22:13:12Z,2217,True,vf-qmllibs,ZeraGmbH/vf-qmllibs,git@github.com:ZeraGmbH/vf-qmllibs.git,1
MDEwOlJlcG9zaXRvcnkyNDk2MTUzMTU=,2020-03-24T04:47:36Z,2026-05-04T07:19:44Z,2026-05-07T09:16:00Z,391664,True,nntrainer,nntrainer/nntrainer,git@github.com:nntrainer/nntrainer.git,207
MDEwOlJlcG9zaXRvcnkyNDk1MTgyMTc=,2020-03-23T18:56:59Z,2026-05-06T10:10:30Z,2026-04-27T13:03:08Z,6312,True,NVTX,NVIDIA/NVTX,git@github.com:NVIDIA/NVTX.git,531
MDEwOlJlcG9zaXRvcnkyNDk0NjY4MDg=,2020-03-23T15:19:17Z,2026-05-07T06:30:41Z,2026-05-07T06:30:35Z,192171,False,evDash,nickn17/evDash,git@github.com:nickn17/evDash.git,169
MDEwOlJlcG9zaXRvcnkyNDkzMTgwNTI=,2020-03-23T02:34:05Z,2026-03-17T20:36:36Z,2026-03-17T20:36:32Z,695870,True,orbitpy,EarthObservationSimulator/orbitpy,git@github.com:EarthObservationSimulator/orbitpy.git,21
MDEwOlJlcG9zaXRvcnkyNDkzMTI4OTc=,2020-03-23T02:02:02Z,2026-04-05T17:45:23Z,2026-03-03T14:48:37Z,419,True,Adafruit_LvGL_Glue,adafruit/Adafruit_LvGL_Glue,git@github.com:adafruit/Adafruit_LvGL_Glue.git,38
MDEwOlJlcG9zaXRvcnkyNDkyMzQyNjA=,2020-03-22T17:20:02Z,2026-05-06T03:33:31Z,2026-05-06T03:39:17Z,9796965,True,JangoArmory,Jango-s-Finest/JangoArmory,git@github.com:Jango-s-Finest/JangoArmory.git,0
MDEwOlJlcG9zaXRvcnkyNDg5MDU2NTA=,2020-03-21T04:21:08Z,2026-04-08T06:36:10Z,2026-04-08T06:36:01Z,49,False,Playing-With-Cpp,gopi487krishna/Playing-With-Cpp,git@github.com:gopi487krishna/Playing-With-Cpp.git,1
MDEwOlJlcG9zaXRvcnkyNDg4NzY2Mzc=,2020-03-21T00:12:04Z,2026-03-05T22:02:13Z,2026-04-28T21:14:08Z,929,True,chiabip158,Chia-Network/chiabip158,git@github.com:Chia-Network/chiabip158.git,2
MDEwOlJlcG9zaXRvcnkyNDg4NTA3Njg=,2020-03-20T20:57:56Z,2026-03-30T08:38:43Z,2026-03-30T08:42:36Z,39039,False,SLOPE,jolars/SLOPE,git@github.com:jolars/SLOPE.git,19
MDEwOlJlcG9zaXRvcnkyNDg4NDI2Njk=,2020-03-20T20:08:13Z,2026-05-06T18:31:52Z,2026-05-06T18:31:46Z,26283,False,wowibotti_suite,elipp/wowibotti_suite,git@github.com:elipp/wowibotti_suite.git,1
MDEwOlJlcG9zaXRvcnkyNDg4MTA1NzU=,2020-03-20T17:08:53Z,2026-05-06T23:33:50Z,2026-05-06T23:33:46Z,15094,False,webpp,the-moisrex/webpp,git@github.com:the-moisrex/webpp.git,141
MDEwOlJlcG9zaXRvcnkyNDg3NTc1MzU=,2020-03-20T13:06:29Z,2026-05-05T14:40:35Z,2026-03-19T07:51:35Z,70304,True,bsnes,bsnes-emu/bsnes,git@github.com:bsnes-emu/bsnes.git,1941
MDEwOlJlcG9zaXRvcnkyNDg3MTQyMDU=,2020-03-20T09:18:08Z,2026-05-06T07:15:03Z,2026-05-06T07:15:04Z,106400,False,Frame,anirul/Frame,git@github.com:anirul/Frame.git,7
MDEwOlJlcG9zaXRvcnkyNDg2Mzk5NzI=,2020-03-20T01:18:32Z,2026-05-06T19:38:32Z,2026-05-05T13:34:48Z,405579,True,hive,openhive-network/hive,git@github.com:openhive-network/hive.git,378
MDEwOlJlcG9zaXRvcnkyNDg1NzU1NjU=,2020-03-19T18:24:09Z,2026-04-15T20:17:30Z,2026-04-15T20:16:52Z,11951,False,VELA-Tracking,gniax/VELA-Tracking,git@github.com:gniax/VELA-Tracking.git,0
MDEwOlJlcG9zaXRvcnkyNDg0NDIwODY=,2020-03-19T07:51:58Z,2026-05-05T19:00:34Z,2026-05-05T19:00:21Z,15494,False,adiar,ssoelvsten/adiar,git@github.com:ssoelvsten/adiar.git,33
MDEwOlJlcG9zaXRvcnkyNDgyOTA1MzE=,2020-03-18T16:54:21Z,2026-05-07T06:38:35Z,2026-04-26T05:57:49Z,261734,True,tdesktop,TDesktop-x64/tdesktop,git@github.com:TDesktop-x64/tdesktop.git,2726
MDEwOlJlcG9zaXRvcnkyNDgyNTgxMjA=,2020-03-18T14:43:43Z,2026-04-11T13:22:13Z,2026-04-11T13:22:09Z,1424,False,nojam,Orb-H/nojam,git@github.com:Orb-H/nojam.git,4
MDEwOlJlcG9zaXRvcnkyNDgyMDU4Mjg=,2020-03-18T10:52:40Z,2026-04-16T16:33:31Z,2026-04-16T16:33:26Z,14242,False,cpp_design_patterns,pelocpp/cpp_design_patterns,git@github.com:pelocpp/cpp_design_patterns.git,17
MDEwOlJlcG9zaXRvcnkyNDgxMzI4Njk=,2020-03-18T03:49:13Z,2026-05-07T08:44:03Z,2026-05-07T08:43:59Z,10161,True,jogasaki,project-tsurugi/jogasaki,git@github.com:project-tsurugi/jogasaki.git,4
MDEwOlJlcG9zaXRvcnkyNDgwNTg4MTg=,2020-03-17T19:43:04Z,2026-05-07T11:28:48Z,2026-05-05T17:50:10Z,37439,False,tracy,wolfpld/tracy,git@github.com:wolfpld/tracy.git,15870
MDEwOlJlcG9zaXRvcnkyNDgwMDE0NjQ=,2020-03-17T15:11:48Z,2026-05-07T09:25:38Z,2026-05-07T09:25:35Z,8167,True,RefPerSys,RefPerSys/RefPerSys,git@github.com:RefPerSys/RefPerSys.git,108
MDEwOlJlcG9zaXRvcnkyNDc5NjA1MDY=,2020-03-17T12:09:57Z,2026-05-04T08:42:52Z,2026-05-04T13:00:15Z,2777,True,mariadb-connector-cpp,mariadb-corporation/mariadb-connector-cpp,git@github.com:mariadb-corporation/mariadb-connector-cpp.git,100
MDEwOlJlcG9zaXRvcnkyNDc5MjIzMTA=,2020-03-17T08:56:32Z,2026-04-15T11:55:54Z,2026-05-06T19:23:23Z,6966,True,irritator,vle-forge/irritator,git@github.com:vle-forge/irritator.git,6
MDEwOlJlcG9zaXRvcnkyNDc4NTcwNjQ=,2020-03-17T02:01:55Z,2026-04-16T07:07:07Z,2026-04-16T07:07:02Z,8889,True,Gringofts,eBay/Gringofts,git@github.com:eBay/Gringofts.git,109
MDEwOlJlcG9zaXRvcnkyNDc4MjM2NTQ=,2020-03-16T21:53:22Z,2026-05-04T01:57:56Z,2026-05-01T15:13:24Z,8187,False,TOWNSEMU,captainys/TOWNSEMU,git@github.com:captainys/TOWNSEMU.git,304
MDEwOlJlcG9zaXRvcnkyNDc4MDg4NTc=,2020-03-16T20:19:54Z,2026-05-07T01:38:07Z,2026-05-06T09:21:43Z,95825,False,ctag-tbd,ctag-fh-kiel/ctag-tbd,git@github.com:ctag-fh-kiel/ctag-tbd.git,228
MDEwOlJlcG9zaXRvcnkyNDc4MDY0Njc=,2020-03-16T20:05:59Z,2026-03-19T16:50:28Z,2026-03-19T16:50:23Z,13363,False,Arduino-WS2812B-screen,szneqz/Arduino-WS2812B-screen,git@github.com:szneqz/Arduino-WS2812B-screen.git,2
MDEwOlJlcG9zaXRvcnkyNDc3ODk5MTg=,2020-03-16T18:34:02Z,2026-03-24T09:34:42Z,2026-03-24T09:34:53Z,452,True,QUnitConversion,race-engineering-center/QUnitConversion,git@github.com:race-engineering-center/QUnitConversion.git,3
MDEwOlJlcG9zaXRvcnkyNDc3ODc5Mzg=,2020-03-16T18:23:30Z,2026-03-05T16:31:11Z,2026-03-05T16:31:06Z,176,True,brainclouds2s-unreal,getbraincloud/brainclouds2s-unreal,git@github.com:getbraincloud/brainclouds2s-unreal.git,2
MDEwOlJlcG9zaXRvcnkyNDc3Mzk3Nzg=,2020-03-16T15:09:26Z,2026-03-10T16:59:34Z,2026-03-10T16:59:27Z,2741,False,RankViewer,BeardedOranges/RankViewer,git@github.com:BeardedOranges/RankViewer.git,18
MDEwOlJlcG9zaXRvcnkyNDc3Mzc2MTM=,2020-03-16T15:04:06Z,2026-05-07T07:28:32Z,2026-05-07T08:54:44Z,217034,True,OCCT,Open-Cascade-SAS/OCCT,git@github.com:Open-Cascade-SAS/OCCT.git,2425
MDEwOlJlcG9zaXRvcnkyNDc2MzU2MzI=,2020-03-16T07:17:52Z,2026-05-07T01:42:21Z,2026-05-07T03:22:08Z,4878,True,plasma-dialer,KDE/plasma-dialer,git@github.com:KDE/plasma-dialer.git,10
MDEwOlJlcG9zaXRvcnkyNDc2MjQwMjU=,2020-03-16T06:06:42Z,2026-05-05T14:37:57Z,2026-05-05T14:35:18Z,17426,True,qt5compat,qt/qt5compat,git@github.com:qt/qt5compat.git,13
MDEwOlJlcG9zaXRvcnkyNDc1ODEyMzk=,2020-03-16T01:11:40Z,2026-04-29T01:43:07Z,2026-03-10T08:37:06Z,347673,True,SAPIEN,haosulab/SAPIEN,git@github.com:haosulab/SAPIEN.git,761
MDEwOlJlcG9zaXRvcnkyNDc1NzY0NTk=,2020-03-16T00:30:47Z,2026-05-06T10:17:36Z,2026-05-06T10:17:32Z,26917,False,OGL,thewoz/OGL,git@github.com:thewoz/OGL.git,2
MDEwOlJlcG9zaXRvcnkyNDc1MjM0MDM=,2020-03-15T18:10:11Z,2026-04-10T23:10:49Z,2026-03-03T14:48:16Z,1103,True,Adafruit_AHTX0,adafruit/Adafruit_AHTX0,git@github.com:adafruit/Adafruit_AHTX0.git,71
MDEwOlJlcG9zaXRvcnkyNDc0NjA2ODg=,2020-03-15T12:19:37Z,2026-05-07T07:03:43Z,2026-05-07T07:03:41Z,3734,False,CE4303-OS-Linux-Service,ErickOF/CE4303-OS-Linux-Service,git@github.com:ErickOF/CE4303-OS-Linux-Service.git,1
MDEwOlJlcG9zaXRvcnkyNDc0MjA0OTc=,2020-03-15T07:25:35Z,2026-05-02T22:25:35Z,2026-05-02T22:24:38Z,136149,False,3d-box,tomasantunes/3d-box,git@github.com:tomasantunes/3d-box.git,0
MDEwOlJlcG9zaXRvcnkyNDczOTg0MzU=,2020-03-15T04:02:57Z,2026-04-24T23:17:33Z,2026-05-05T15:31:31Z,1536972,False,zhoenus,jaylauffer/zhoenus,git@github.com:jaylauffer/zhoenus.git,1
MDEwOlJlcG9zaXRvcnkyNDczMzE0MDA=,2020-03-14T18:27:35Z,2026-04-07T17:44:39Z,2026-04-07T17:44:33Z,121,False,PdevProj,wimbeaumont/PdevProj,git@github.com:wimbeaumont/PdevProj.git,0
MDEwOlJlcG9zaXRvcnkyNDcyOTkwMjA=,2020-03-14T15:10:47Z,2026-04-28T09:25:23Z,2026-04-28T09:25:19Z,43334,True,neutrino-ddt,Duckbox-Developers/neutrino-ddt,git@github.com:Duckbox-Developers/neutrino-ddt.git,5
MDEwOlJlcG9zaXRvcnkyNDcyNjkyMTg=,2020-03-14T12:07:43Z,2026-04-25T00:45:14Z,2026-04-25T00:45:10Z,735429,False,Multi-GPU-Render-DX12,Mikhanil/Multi-GPU-Render-DX12,git@github.com:Mikhanil/Multi-GPU-Render-DX12.git,19
MDEwOlJlcG9zaXRvcnkyNDcyNjM5NzE=,2020-03-14T11:30:18Z,2026-04-10T21:48:57Z,2026-04-10T21:48:54Z,226,True,deconz-ota-plugin,dresden-elektronik/deconz-ota-plugin,git@github.com:dresden-elektronik/deconz-ota-plugin.git,53
MDEwOlJlcG9zaXRvcnkyNDcyMTM4OTU=,2020-03-14T04:51:37Z,2026-05-07T00:00:18Z,2026-05-07T00:00:14Z,1817,True,dali-extension,dalihub/dali-extension,git@github.com:dalihub/dali-extension.git,0
MDEwOlJlcG9zaXRvcnkyNDcxOTQ2MzI=,2020-03-14T01:59:48Z,2026-05-06T11:21:39Z,2026-05-06T08:58:23Z,11868,True,YDLidar-SDK,YDLIDAR/YDLidar-SDK,git@github.com:YDLIDAR/YDLidar-SDK.git,231
MDEwOlJlcG9zaXRvcnkyNDcxNjg1NTY=,2020-03-13T22:01:25Z,2026-04-14T01:32:06Z,2026-05-06T21:05:13Z,49937,True,amazon-kinesis-video-streams-demos,aws-samples/amazon-kinesis-video-streams-demos,git@github.com:aws-samples/amazon-kinesis-video-streams-demos.git,80
MDEwOlJlcG9zaXRvcnkyNDcwMzQyOTY=,2020-03-13T09:30:41Z,2026-03-23T10:18:25Z,2026-03-23T10:18:23Z,19659,True,solace,KxSystems/solace,git@github.com:KxSystems/solace.git,12
MDEwOlJlcG9zaXRvcnkyNDY5OTc0MTM=,2020-03-13T05:48:04Z,2026-03-31T08:57:40Z,2026-05-07T02:10:05Z,2114189,True,quisp,sfc-aqua/quisp,git@github.com:sfc-aqua/quisp.git,107
MDEwOlJlcG9zaXRvcnkyNDY5Mzk5MDg=,2020-03-12T22:13:53Z,2026-05-07T07:11:26Z,2026-05-06T06:28:19Z,136998,True,Slicer,Slicer/Slicer,git@github.com:Slicer/Slicer.git,2439
MDEwOlJlcG9zaXRvcnkyNDY5MzY3MTE=,2020-03-12T21:48:41Z,2026-03-06T15:20:37Z,2026-03-16T12:04:38Z,1073,True,metrics-library,intel/metrics-library,git@github.com:intel/metrics-library.git,19
MDEwOlJlcG9zaXRvcnkyNDY4MjAwMTE=,2020-03-12T11:44:12Z,2026-03-14T07:16:39Z,2026-03-14T07:16:34Z,136,False,cascade_lifecycle,fmrico/cascade_lifecycle,git@github.com:fmrico/cascade_lifecycle.git,81
MDEwOlJlcG9zaXRvcnkyNDY3MDg5OTc=,2020-03-12T00:34:02Z,2026-04-07T13:23:46Z,2026-04-07T13:23:42Z,97,True,fcitx5-libthai,fcitx/fcitx5-libthai,git@github.com:fcitx/fcitx5-libthai.git,2
MDEwOlJlcG9zaXRvcnkyNDY2MDk1Nzg=,2020-03-11T15:32:53Z,2026-04-30T17:33:58Z,2026-04-30T17:33:54Z,447,False,eMQTT5,X-Ryl669/eMQTT5,git@github.com:X-Ryl669/eMQTT5.git,78
MDEwOlJlcG9zaXRvcnkyNDY2MDI3OTY=,2020-03-11T15:05:36Z,2026-05-01T18:31:08Z,2026-05-01T18:33:06Z,37120,True,rdkservices,rdkcentral/rdkservices,git@github.com:rdkcentral/rdkservices.git,42
MDEwOlJlcG9zaXRvcnkyNDY1OTk3NTI=,2020-03-11T14:53:39Z,2026-03-31T15:35:28Z,2026-04-13T17:08:52Z,75186,False,spanner,bi0m3trics/spanner,git@github.com:bi0m3trics/spanner.git,35
MDEwOlJlcG9zaXRvcnkyNDY1NzAwNzU=,2020-03-11T12:51:41Z,2026-04-22T07:56:04Z,2026-04-22T07:56:00Z,521561,False,CPP.REF,Aumoa/CPP.REF,git@github.com:Aumoa/CPP.REF.git,19
MDEwOlJlcG9zaXRvcnkyNDY1NTU2OTY=,2020-03-11T11:41:58Z,2026-04-01T00:52:41Z,2026-03-19T02:25:31Z,116,True,SoapySDRPlay3,pothosware/SoapySDRPlay3,git@github.com:pothosware/SoapySDRPlay3.git,115
MDEwOlJlcG9zaXRvcnkyNDY1NTIzNzU=,2020-03-11T11:24:36Z,2026-05-06T21:00:04Z,2026-03-16T14:54:09Z,1455,True,xeus-sqlite,jupyter-xeus/xeus-sqlite,git@github.com:jupyter-xeus/xeus-sqlite.git,173
MDEwOlJlcG9zaXRvcnkyNDY1NTA4NTg=,2020-03-11T11:16:14Z,2026-05-07T04:31:25Z,2026-05-07T04:36:00Z,789937,False,Genesys-Simulator,rlcancian/Genesys-Simulator,git@github.com:rlcancian/Genesys-Simulator.git,3
MDEwOlJlcG9zaXRvcnkyNDYzOTA2MzA=,2020-03-10T19:34:31Z,2026-04-30T16:28:51Z,2026-04-28T17:46:20Z,4487,True,chiavdf,Chia-Network/chiavdf,git@github.com:Chia-Network/chiavdf.git,67
MDEwOlJlcG9zaXRvcnkyNDYzNzIwMzA=,2020-03-10T18:01:41Z,2026-03-06T18:37:06Z,2026-03-06T05:48:05Z,18854,False,AWS-JPL-OSR-Challenge,TonyIvchenko/AWS-JPL-OSR-Challenge,git@github.com:TonyIvchenko/AWS-JPL-OSR-Challenge.git,0
MDEwOlJlcG9zaXRvcnkyNDYzNzA4MjI=,2020-03-10T17:55:53Z,2026-04-20T20:05:30Z,2026-04-20T20:05:25Z,22507,False,SVDSS,Parsoa/SVDSS,git@github.com:Parsoa/SVDSS.git,49
MDEwOlJlcG9zaXRvcnkyNDYzNjIyODY=,2020-03-10T17:15:18Z,2026-04-15T23:03:51Z,2026-04-15T23:03:47Z,49,True,fpp-arcade,FalconChristmas/fpp-arcade,git@github.com:FalconChristmas/fpp-arcade.git,0
MDEwOlJlcG9zaXRvcnkyNDYzNDUyMzI=,2020-03-10T15:58:33Z,2026-05-06T21:59:14Z,2026-05-07T07:39:23Z,115205,True,xprof,openxla/xprof,git@github.com:openxla/xprof.git,509
MDEwOlJlcG9zaXRvcnkyNDYzNDE5MzY=,2020-03-10T15:44:22Z,2026-04-17T21:04:37Z,2026-04-13T20:23:29Z,7556,True,virtualc64web,vc64web/virtualc64web,git@github.com:vc64web/virtualc64web.git,59
MDEwOlJlcG9zaXRvcnkyNDYzNDA3OTA=,2020-03-10T15:39:38Z,2026-03-05T16:18:07Z,2026-03-05T16:15:23Z,386,True,stardeps,Seek-One/stardeps,git@github.com:Seek-One/stardeps.git,2
MDEwOlJlcG9zaXRvcnkyNDYxNDU0Mzc=,2020-03-09T21:26:32Z,2026-04-16T22:17:50Z,2026-05-04T22:32:36Z,1654,True,hipFFT,ROCm/hipFFT,git@github.com:ROCm/hipFFT.git,65
MDEwOlJlcG9zaXRvcnkyNDYxMjg4Nzc=,2020-03-09T19:54:19Z,2026-05-07T10:39:26Z,2026-04-24T05:14:33Z,1198,False,avisynth_filter,CrendKing/avisynth_filter,git@github.com:CrendKing/avisynth_filter.git,131
MDEwOlJlcG9zaXRvcnkyNDYwNDkwNzQ=,2020-03-09T13:53:30Z,2026-04-22T12:43:06Z,2026-04-22T12:43:01Z,22469,True,devstone-comparative,SimulationEverywhere/devstone-comparative,git@github.com:SimulationEverywhere/devstone-comparative.git,0
MDEwOlJlcG9zaXRvcnkyNDYwMDExNTc=,2020-03-09T10:04:31Z,2026-04-30T15:15:41Z,2026-04-30T15:15:33Z,41309,True,scrtdd,swiss-seismological-service/scrtdd,git@github.com:swiss-seismological-service/scrtdd.git,39
MDEwOlJlcG9zaXRvcnkyNDU5OTgyMzU=,2020-03-09T09:50:40Z,2026-04-26T13:50:03Z,2026-04-01T11:49:02Z,174353,True,OneLife,twohoursonelife/OneLife,git@github.com:twohoursonelife/OneLife.git,75
MDEwOlJlcG9zaXRvcnkyNDU4OTczNzg=,2020-03-08T22:21:54Z,2026-05-07T08:34:18Z,2026-05-07T08:34:14Z,6318,True,drjit-core,mitsuba-renderer/drjit-core,git@github.com:mitsuba-renderer/drjit-core.git,121
MDEwOlJlcG9zaXRvcnkyNDU4OTM0OTE=,2020-03-08T21:51:19Z,2026-05-06T16:44:26Z,2026-04-09T00:30:53Z,188,False,faiss-ruby,ankane/faiss-ruby,git@github.com:ankane/faiss-ruby.git,149
MDEwOlJlcG9zaXRvcnkyNDU3ODQwODU=,2020-03-08T09:14:07Z,2026-05-05T03:13:11Z,2026-03-31T20:36:12Z,3283,False,ssd1306xled,tejashwikalptaru/ssd1306xled,git@github.com:tejashwikalptaru/ssd1306xled.git,91
MDEwOlJlcG9zaXRvcnkyNDU2Nzc5MjY=,2020-03-07T17:42:06Z,2026-05-07T01:51:59Z,2026-05-07T01:51:55Z,31540,True,basket,KDE/basket,git@github.com:KDE/basket.git,19
MDEwOlJlcG9zaXRvcnkyNDU2Mzc2Nzk=,2020-03-07T13:27:52Z,2026-05-04T19:06:38Z,2026-05-06T19:40:37Z,75528,False,geneva,gemfony/geneva,git@github.com:gemfony/geneva.git,10
MDEwOlJlcG9zaXRvcnkyNDU2MjI3NjQ=,2020-03-07T11:46:49Z,2026-03-12T13:45:52Z,2026-03-09T20:22:05Z,28080,False,bikecounter,guidosch/bikecounter,git@github.com:guidosch/bikecounter.git,7
MDEwOlJlcG9zaXRvcnkyNDU1NDExNzk=,2020-03-07T00:23:29Z,2026-05-06T08:04:19Z,2026-05-04T20:27:53Z,473,False,SniffCraft,adepierre/SniffCraft,git@github.com:adepierre/SniffCraft.git,574
MDEwOlJlcG9zaXRvcnkyNDU1MzgzNzg=,2020-03-06T23:58:49Z,2026-04-21T00:57:37Z,2026-04-21T00:58:39Z,2560145,False,DiscVisionDeluxe,bpinkney/DiscVisionDeluxe,git@github.com:bpinkney/DiscVisionDeluxe.git,2
MDEwOlJlcG9zaXRvcnkyNDU0ODk4NDc=,2020-03-06T18:23:46Z,2026-04-29T11:44:59Z,2026-04-17T08:57:16Z,67291,True,depthai-python,luxonis/depthai-python,git@github.com:luxonis/depthai-python.git,427
MDEwOlJlcG9zaXRvcnkyNDU0ODUwMjg=,2020-03-06T17:55:56Z,2026-05-05T19:21:27Z,2026-05-05T19:21:23Z,52407,False,irrlicht1-8-4,edo9300/irrlicht1-8-4,git@github.com:edo9300/irrlicht1-8-4.git,2
MDEwOlJlcG9zaXRvcnkyNDU0NjY5MDU=,2020-03-06T16:25:10Z,2026-04-24T17:21:46Z,2026-04-24T17:21:40Z,6897,True,radeon_memory_visualizer,GPUOpen-Tools/radeon_memory_visualizer,git@github.com:GPUOpen-Tools/radeon_memory_visualizer.git,138
MDEwOlJlcG9zaXRvcnkyNDU0NTA0NTY=,2020-03-06T15:12:07Z,2026-03-09T02:03:42Z,2026-03-04T15:20:36Z,86780,True,tesseract_ros,tesseract-robotics/tesseract_ros,git@github.com:tesseract-robotics/tesseract_ros.git,77
MDEwOlJlcG9zaXRvcnkyNDUzNTIzODY=,2020-03-06T07:07:03Z,2026-05-07T08:17:19Z,2026-05-07T01:06:51Z,36896,True,FEX,FEX-Emu/FEX,git@github.com:FEX-Emu/FEX.git,7378
MDEwOlJlcG9zaXRvcnkyNDUyOTIwODQ=,2020-03-05T23:55:03Z,2026-05-01T22:55:29Z,2026-05-01T22:55:22Z,12317,True,oneMath,uxlfoundation/oneMath,git@github.com:uxlfoundation/oneMath.git,759
MDEwOlJlcG9zaXRvcnkyNDUyNzg0ODE=,2020-03-05T22:15:57Z,2026-05-06T12:51:44Z,2026-05-07T00:50:50Z,97654,True,cesium-unreal,CesiumGS/cesium-unreal,git@github.com:CesiumGS/cesium-unreal.git,1170
MDEwOlJlcG9zaXRvcnkyNDUyNjgxNDA=,2020-03-05T21:08:22Z,2026-05-07T07:06:05Z,2026-04-16T21:49:13Z,5015,False,MissionControl,ndeadly/MissionControl,git@github.com:ndeadly/MissionControl.git,3341
MDEwOlJlcG9zaXRvcnkyNDUyNDcyMjU=,2020-03-05T19:13:02Z,2026-05-06T20:59:03Z,2026-05-06T20:59:00Z,16686,True,level-zero-tests,oneapi-src/level-zero-tests,git@github.com:oneapi-src/level-zero-tests.git,61
MDEwOlJlcG9zaXRvcnkyNDUyNDY2NjM=,2020-03-05T19:10:14Z,2026-05-06T21:14:05Z,2026-05-07T05:33:54Z,7823,True,level-zero,oneapi-src/level-zero,git@github.com:oneapi-src/level-zero.git,315
MDEwOlJlcG9zaXRvcnkyNDUyMDQ1NzQ=,2020-03-05T15:49:34Z,2026-05-02T23:36:34Z,2026-05-02T23:36:31Z,2312230,False,Documentation,Leadwerks/Documentation,git@github.com:Leadwerks/Documentation.git,10
MDEwOlJlcG9zaXRvcnkyNDUwOTg0MjY=,2020-03-05T07:38:39Z,2026-04-16T07:49:47Z,2026-04-16T07:49:42Z,4506,True,android_hardware_libhardware,stx-staging/android_hardware_libhardware,git@github.com:stx-staging/android_hardware_libhardware.git,0
MDEwOlJlcG9zaXRvcnkyNDUwNzI1MTQ=,2020-03-05T04:57:42Z,2026-05-07T10:17:28Z,2026-05-07T07:43:30Z,61271,True,circt,llvm/circt,git@github.com:llvm/circt.git,2112
MDEwOlJlcG9zaXRvcnkyNDUwMjM4OTM=,2020-03-04T23:15:45Z,2026-04-23T17:33:23Z,2026-04-15T14:37:53Z,1814,True,proxy-wasm-cpp-host,proxy-wasm/proxy-wasm-cpp-host,git@github.com:proxy-wasm/proxy-wasm-cpp-host.git,92
MDEwOlJlcG9zaXRvcnkyNDQ5Njc2OTY=,2020-03-04T17:54:49Z,2026-05-06T22:31:04Z,2026-04-21T21:52:55Z,24684,True,libvpl,intel/libvpl,git@github.com:intel/libvpl.git,354
MDEwOlJlcG9zaXRvcnkyNDQ5NjY0MTk=,2020-03-04T17:48:31Z,2026-04-27T15:06:24Z,2026-05-05T12:51:57Z,2279,True,capio,High-Performance-IO/capio,git@github.com:High-Performance-IO/capio.git,16
MDEwOlJlcG9zaXRvcnkyNDQ3OTYzNjc=,2020-03-04T03:13:52Z,2026-04-20T02:20:43Z,2026-04-20T02:20:39Z,137814,True,PhaseTracer,PhaseTracer/PhaseTracer,git@github.com:PhaseTracer/PhaseTracer.git,21
MDEwOlJlcG9zaXRvcnkyNDQ3MzA0NDc=,2020-03-03T20:03:50Z,2026-05-07T11:15:14Z,2026-04-28T19:19:59Z,44012,True,ClusterDuck-Protocol,ClusterDuck-Protocol/ClusterDuck-Protocol,git@github.com:ClusterDuck-Protocol/ClusterDuck-Protocol.git,438
MDEwOlJlcG9zaXRvcnkyNDQ3MjM4MTY=,2020-03-03T19:30:14Z,2026-05-06T19:48:42Z,2026-05-06T19:48:38Z,6799,True,larrecodnn,LArSoft/larrecodnn,git@github.com:LArSoft/larrecodnn.git,0
MDEwOlJlcG9zaXRvcnkyNDQ2OTQxNzQ=,2020-03-03T17:05:10Z,2026-05-07T08:11:40Z,2026-05-07T09:03:44Z,947262,True,connectedhomeip,project-chip/connectedhomeip,git@github.com:project-chip/connectedhomeip.git,8729
MDEwOlJlcG9zaXRvcnkyNDQ2NzUyMTc=,2020-03-03T15:40:56Z,2026-04-27T15:26:42Z,2026-04-27T15:25:52Z,8065,False,HCDisk,0sAND1s/HCDisk,git@github.com:0sAND1s/HCDisk.git,10
MDEwOlJlcG9zaXRvcnkyNDQ2NDM1NTU=,2020-03-03T13:30:05Z,2026-04-02T07:29:15Z,2026-04-02T07:29:11Z,968,False,progpow-exploit,kik/progpow-exploit,git@github.com:kik/progpow-exploit.git,28
MDEwOlJlcG9zaXRvcnkyNDQ1ODY1ODc=,2020-03-03T08:54:06Z,2026-04-14T12:54:41Z,2026-04-21T08:55:11Z,1188,False,IRbaby-firmware,Caffreyfans/IRbaby-firmware,git@github.com:Caffreyfans/IRbaby-firmware.git,66
MDEwOlJlcG9zaXRvcnkyNDQ1MjkxODg=,2020-03-03T03:07:10Z,2026-04-25T18:04:35Z,2026-04-25T18:04:33Z,5065,False,recombo_public,garden-of-delete/recombo_public,git@github.com:garden-of-delete/recombo_public.git,3
MDEwOlJlcG9zaXRvcnkyNDQ1MjY5MjM=,2020-03-03T02:53:06Z,2026-05-01T09:33:28Z,2026-05-05T15:14:52Z,31482,True,TrickHLA,nasa/TrickHLA,git@github.com:nasa/TrickHLA.git,71
MDEwOlJlcG9zaXRvcnkyNDQ1MTQyNDA=,2020-03-03T01:32:49Z,2026-05-02T14:03:16Z,2026-04-06T22:20:17Z,38458,True,fsst,cwida/fsst,git@github.com:cwida/fsst.git,511
MDEwOlJlcG9zaXRvcnkyNDQ0ODYzNDk=,2020-03-02T22:10:40Z,2026-05-06T15:23:16Z,2026-05-07T11:07:00Z,20469,True,HIPIFY,ROCm/HIPIFY,git@github.com:ROCm/HIPIFY.git,694
MDEwOlJlcG9zaXRvcnkyNDQ0ODYxMjg=,2020-03-02T22:09:25Z,2026-04-22T05:05:55Z,2026-04-22T05:05:51Z,76,True,mbsolve-feedstock,conda-forge/mbsolve-feedstock,git@github.com:conda-forge/mbsolve-feedstock.git,0
MDEwOlJlcG9zaXRvcnkyNDQ0NzI2MTk=,2020-03-02T20:51:13Z,2026-04-01T19:47:37Z,2026-04-07T21:55:21Z,1426,True,torsten_math,metrumresearchgroup/torsten_math,git@github.com:metrumresearchgroup/torsten_math.git,1
MDEwOlJlcG9zaXRvcnkyNDQ0NjA4MzU=,2020-03-02T19:49:06Z,2026-05-07T06:34:39Z,2026-03-25T06:58:52Z,208549,False,Riskfolio-Lib,dcajasn/Riskfolio-Lib,git@github.com:dcajasn/Riskfolio-Lib.git,4138
MDEwOlJlcG9zaXRvcnkyNDQzMzIwNTY=,2020-03-02T09:34:50Z,2026-03-30T13:00:57Z,2026-04-28T12:59:21Z,14016,True,ThunderNanoServices,rdkcentral/ThunderNanoServices,git@github.com:rdkcentral/ThunderNanoServices.git,16
MDEwOlJlcG9zaXRvcnkyNDQzMzExMTM=,2020-03-02T09:30:29Z,2026-05-05T16:43:56Z,2026-05-07T07:00:47Z,81754,True,Thunder,rdkcentral/Thunder,git@github.com:rdkcentral/Thunder.git,57
MDEwOlJlcG9zaXRvcnkyNDQzMjQ3OTQ=,2020-03-02T09:01:53Z,2026-04-27T10:31:51Z,2026-04-27T10:29:56Z,70294,False,bomberman,timnicolas/bomberman,git@github.com:timnicolas/bomberman.git,7
MDEwOlJlcG9zaXRvcnkyNDQyMjk2NzQ=,2020-03-01T21:54:28Z,2026-05-06T14:21:33Z,2026-05-06T14:09:21Z,20664,True,DRAMSys,tukl-msd/DRAMSys,git@github.com:tukl-msd/DRAMSys.git,359
MDEwOlJlcG9zaXRvcnkyNDQxODE3NTI=,2020-03-01T16:17:25Z,2026-04-29T19:26:17Z,2026-03-21T05:09:48Z,570,False,ps3netsrv,jhonathanc/ps3netsrv,git@github.com:jhonathanc/ps3netsrv.git,33
MDEwOlJlcG9zaXRvcnkyNDQxNzk3OTI=,2020-03-01T16:05:27Z,2026-05-05T16:53:15Z,2026-05-05T16:53:11Z,18447,True,AlizaMS,AlizaMedicalImaging/AlizaMS,git@github.com:AlizaMedicalImaging/AlizaMS.git,300
MDEwOlJlcG9zaXRvcnkyNDQxNDQ4NDI=,2020-03-01T12:26:50Z,2026-03-12T12:31:42Z,2026-03-12T12:31:39Z,195,True,lsp-cpp,cpeditor/lsp-cpp,git@github.com:cpeditor/lsp-cpp.git,21
MDEwOlJlcG9zaXRvcnkyNDQwNTMwNTI=,2020-02-29T22:50:42Z,2026-03-23T13:43:04Z,2026-03-21T23:54:32Z,2950,False,mosrun,MatthiasWM/mosrun,git@github.com:MatthiasWM/mosrun.git,20
MDEwOlJlcG9zaXRvcnkyNDM5ODYyOTQ=,2020-02-29T14:47:08Z,2026-04-10T21:30:05Z,2026-04-10T21:30:06Z,7362,False,biolccc,levitsky/biolccc,git@github.com:levitsky/biolccc.git,1
MDEwOlJlcG9zaXRvcnkyNDM4ODc5NDE=,2020-02-29T01:58:55Z,2026-04-03T03:26:13Z,2026-03-25T05:08:24Z,6487,False,LBPM-slim,yingDaWang-UNSW/LBPM-slim,git@github.com:yingDaWang-UNSW/LBPM-slim.git,12
MDEwOlJlcG9zaXRvcnkyNDM4NTI5OTg=,2020-02-28T20:56:44Z,2026-03-10T01:58:28Z,2026-03-10T01:58:24Z,353,True,irods_working_group_authentication,irods-contrib/irods_working_group_authentication,git@github.com:irods-contrib/irods_working_group_authentication.git,5
MDEwOlJlcG9zaXRvcnkyNDM3NzU4NjM=,2020-02-28T14:03:52Z,2026-04-23T21:56:16Z,2026-04-24T15:54:27Z,2494,True,appfwk,DUNE-DAQ/appfwk,git@github.com:DUNE-DAQ/appfwk.git,5
MDEwOlJlcG9zaXRvcnkyNDM3NjYxMDM=,2020-02-28T13:15:26Z,2026-05-05T19:23:28Z,2026-05-05T19:23:24Z,2700,False,Leetcode-Submissions,xscchoux/Leetcode-Submissions,git@github.com:xscchoux/Leetcode-Submissions.git,1
MDEwOlJlcG9zaXRvcnkyNDM3Mzc4MjU=,2020-02-28T10:36:54Z,2026-05-01T07:23:28Z,2026-04-13T18:02:03Z,647155,False,ithowifi,arjenhiemstra/ithowifi,git@github.com:arjenhiemstra/ithowifi.git,257
MDEwOlJlcG9zaXRvcnkyNDM3MzY5Mzk=,2020-02-28T10:32:04Z,2026-03-23T18:05:40Z,2026-03-18T19:27:53Z,15091,False,freeds,pablozg/freeds,git@github.com:pablozg/freeds.git,108
MDEwOlJlcG9zaXRvcnkyNDM3MDc2Njk=,2020-02-28T07:53:08Z,2026-05-07T06:40:32Z,2026-04-03T07:39:09Z,115,True,raspimouse_ros2_examples,rt-net/raspimouse_ros2_examples,git@github.com:rt-net/raspimouse_ros2_examples.git,88
MDEwOlJlcG9zaXRvcnkyNDM1NzA4MTc=,2020-02-27T17:04:15Z,2026-04-25T23:01:39Z,2026-04-25T23:01:37Z,2769,True,coherence-cpp-extend-client,oracle/coherence-cpp-extend-client,git@github.com:oracle/coherence-cpp-extend-client.git,13
MDEwOlJlcG9zaXRvcnkyNDM0Njg3NDE=,2020-02-27T08:27:38Z,2026-03-25T16:18:16Z,2026-03-25T16:15:30Z,9871,True,robot_fingers,open-dynamic-robot-initiative/robot_fingers,git@github.com:open-dynamic-robot-initiative/robot_fingers.git,45
MDEwOlJlcG9zaXRvcnkyNDM0MzAxNjg=,2020-02-27T04:26:21Z,2026-04-23T07:43:39Z,2026-04-23T07:43:35Z,75136,False,test,baofei1974/test,git@github.com:baofei1974/test.git,0
MDEwOlJlcG9zaXRvcnkyNDMzOTQ1NzY=,2020-02-27T00:22:45Z,2026-05-07T06:15:07Z,2026-05-05T00:34:35Z,123059,True,pixie,pixie-io/pixie,git@github.com:pixie-io/pixie.git,6435
MDEwOlJlcG9zaXRvcnkyNDMzNTE0MjU=,2020-02-26T19:48:02Z,2026-05-04T06:32:41Z,2026-05-04T06:32:35Z,8155,False,psd_sdk,MolecularMatters/psd_sdk,git@github.com:MolecularMatters/psd_sdk.git,658
MDEwOlJlcG9zaXRvcnkyNDMzMzczNjA=,2020-02-26T18:37:18Z,2026-04-29T14:23:50Z,2026-04-21T07:34:32Z,3262,True,tlm2-interfaces,Arteris-IP/tlm2-interfaces,git@github.com:Arteris-IP/tlm2-interfaces.git,65
MDEwOlJlcG9zaXRvcnkyNDMzMjM3MTA=,2020-02-26T17:29:20Z,2026-04-15T22:46:57Z,2026-04-15T22:46:54Z,85,True,fpp-midi,FalconChristmas/fpp-midi,git@github.com:FalconChristmas/fpp-midi.git,1
MDEwOlJlcG9zaXRvcnkyNDMzMTcwOTU=,2020-02-26T16:59:12Z,2026-04-28T18:43:05Z,2026-05-06T00:06:39Z,2548,True,aktualizr-lite,foundriesio/aktualizr-lite,git@github.com:foundriesio/aktualizr-lite.git,18
MDEwOlJlcG9zaXRvcnkyNDMyOTk3ODQ=,2020-02-26T15:42:35Z,2026-04-10T15:51:10Z,2026-04-10T15:51:00Z,18889,False,lfi_project,LorneWhiteway/lfi_project,git@github.com:LorneWhiteway/lfi_project.git,1
MDEwOlJlcG9zaXRvcnkyNDMyMTk0NTc=,2020-02-26T09:11:20Z,2026-04-27T16:53:21Z,2026-04-16T11:25:59Z,288954,True,geodot-plugin,boku-ilen/geodot-plugin,git@github.com:boku-ilen/geodot-plugin.git,173
MDEwOlJlcG9zaXRvcnkyNDMxMjA5NDQ=,2020-02-25T22:59:07Z,2026-04-27T23:06:54Z,2026-04-27T23:06:52Z,5843,True,pypcode,angr/pypcode,git@github.com:angr/pypcode.git,212
MDEwOlJlcG9zaXRvcnkyNDMxMDU1MjA=,2020-02-25T21:23:42Z,2026-04-26T21:51:33Z,2026-04-26T21:51:29Z,2652,False,kemai,AlexandrePTJ/kemai,git@github.com:AlexandrePTJ/kemai.git,109
MDEwOlJlcG9zaXRvcnkyNDMwODUzODY=,2020-02-25T19:34:16Z,2026-04-15T23:03:22Z,2026-04-15T23:03:19Z,75,True,fpp-osc,FalconChristmas/fpp-osc,git@github.com:FalconChristmas/fpp-osc.git,1
MDEwOlJlcG9zaXRvcnkyNDMwMzQ1MTg=,2020-02-25T15:30:45Z,2026-05-04T12:57:24Z,2026-05-06T19:58:29Z,66853,True,phoebe,phoebe-team/phoebe,git@github.com:phoebe-team/phoebe.git,122
MDEwOlJlcG9zaXRvcnkyNDI5ODk0ODI=,2020-02-25T12:02:05Z,2026-04-08T06:32:53Z,2026-04-08T06:32:45Z,875,False,FITS_primary_header,gopi487krishna/FITS_primary_header,git@github.com:gopi487krishna/FITS_primary_header.git,1
MDEwOlJlcG9zaXRvcnkyNDI4MzUyMDg=,2020-02-24T20:23:08Z,2026-05-06T20:19:29Z,2026-05-06T22:53:59Z,103688,True,smith,llnl/smith,git@github.com:llnl/smith.git,229
MDEwOlJlcG9zaXRvcnkyNDI4MjE3NjU=,2020-02-24T19:18:36Z,2026-04-12T01:50:17Z,2026-04-12T01:50:17Z,23094,True,NetSimulyzer,usnistgov/NetSimulyzer,git@github.com:usnistgov/NetSimulyzer.git,45
MDEwOlJlcG9zaXRvcnkyNDI1Nzg3MDk=,2020-02-23T19:36:17Z,2026-04-20T17:35:04Z,2026-04-20T17:34:59Z,15292,True,ecwolf,libretro/ecwolf,git@github.com:libretro/ecwolf.git,23
MDEwOlJlcG9zaXRvcnkyNDI0NTM0OTY=,2020-02-23T04:02:16Z,2026-05-04T17:11:45Z,2026-05-04T17:11:39Z,130,True,fast-cksum,abacusorg/fast-cksum,git@github.com:abacusorg/fast-cksum.git,7
MDEwOlJlcG9zaXRvcnkyNDIzOTg4NDk=,2020-02-22T19:24:27Z,2026-03-20T14:15:54Z,2026-04-15T18:58:49Z,142932,True,PenRed,PenRed/PenRed,git@github.com:PenRed/PenRed.git,30
MDEwOlJlcG9zaXRvcnkyNDIzODAzMjA=,2020-02-22T17:14:14Z,2026-03-18T11:42:38Z,2026-03-18T11:42:56Z,30,True,entt,build2-packaging/entt,git@github.com:build2-packaging/entt.git,0
MDEwOlJlcG9zaXRvcnkyNDIxODAzMzI=,2020-02-21T16:14:28Z,2026-04-29T08:26:17Z,2026-04-29T08:57:07Z,48617,False,EGTTools,Socrats/EGTTools,git@github.com:Socrats/EGTTools.git,108
MDEwOlJlcG9zaXRvcnkyNDIxMDE2NDc=,2020-02-21T09:26:42Z,2026-03-16T10:22:47Z,2026-03-16T10:22:42Z,301,True,gr-m2k,analogdevicesinc/gr-m2k,git@github.com:analogdevicesinc/gr-m2k.git,5
MDEwOlJlcG9zaXRvcnkyNDIwODc1MjE=,2020-02-21T08:13:33Z,2026-04-17T18:40:04Z,2026-04-17T18:39:59Z,389067,False,Preparation-Guide,SAMAYV/Preparation-Guide,git@github.com:SAMAYV/Preparation-Guide.git,5
MDEwOlJlcG9zaXRvcnkyNDIwODA3NzA=,2020-02-21T07:34:45Z,2026-05-04T21:12:04Z,2026-05-04T21:11:59Z,18158,True,intel-qs,intel/intel-qs,git@github.com:intel/intel-qs.git,260
MDEwOlJlcG9zaXRvcnkyNDE5OTY2MjU=,2020-02-20T21:44:45Z,2026-04-12T09:20:50Z,2026-04-12T09:21:55Z,350,False,moose,sreiter/moose,git@github.com:sreiter/moose.git,6
MDEwOlJlcG9zaXRvcnkyNDE5MDkzNDU=,2020-02-20T14:46:28Z,2026-04-07T10:57:49Z,2026-04-07T10:57:44Z,28159,True,cpp-infra,VITObelgium/cpp-infra,git@github.com:VITObelgium/cpp-infra.git,12
MDEwOlJlcG9zaXRvcnkyNDE4OTkwMjI=,2020-02-20T14:03:08Z,2026-05-06T15:33:44Z,2026-04-13T22:14:06Z,16897,True,pktvisor,netboxlabs/pktvisor,git@github.com:netboxlabs/pktvisor.git,517
MDEwOlJlcG9zaXRvcnkyNDE4ODQ1NzI=,2020-02-20T12:59:16Z,2026-04-07T10:00:28Z,2026-04-07T10:00:17Z,7,True,tiles-with-data,fmi-alg/tiles-with-data,git@github.com:fmi-alg/tiles-with-data.git,0
MDEwOlJlcG9zaXRvcnkyNDE4MTg5NjA=,2020-02-20T07:19:33Z,2026-04-29T11:47:24Z,2026-04-29T11:47:19Z,213,False,cndl,nerdmaennchen/cndl,git@github.com:nerdmaennchen/cndl.git,6
MDEwOlJlcG9zaXRvcnkyNDE3NTMxODI=,2020-02-19T23:56:37Z,2026-04-21T08:59:11Z,2026-04-23T20:31:30Z,33045,False,OCTproZ,spectralcode/OCTproZ,git@github.com:spectralcode/OCTproZ.git,140
MDEwOlJlcG9zaXRvcnkyNDE3MzI1Njc=,2020-02-19T21:42:18Z,2026-05-04T17:27:20Z,2026-05-05T02:56:44Z,1523,False,Status-Monitor-Overlay,masagrator/Status-Monitor-Overlay,git@github.com:masagrator/Status-Monitor-Overlay.git,650
MDEwOlJlcG9zaXRvcnkyNDE3MTE0MjI=,2020-02-19T19:52:57Z,2026-05-04T15:54:36Z,2026-05-04T15:55:06Z,284599,True,ngen,NOAA-OWP/ngen,git@github.com:NOAA-OWP/ngen.git,97
MDEwOlJlcG9zaXRvcnkyNDE1MzA0NDg=,2020-02-19T04:13:16Z,2026-05-07T11:39:30Z,2026-03-11T07:02:31Z,25381,True,qpOASES,coin-or/qpOASES,git@github.com:coin-or/qpOASES.git,537
MDEwOlJlcG9zaXRvcnkyNDE0NzgxMzY=,2020-02-18T22:08:25Z,2026-05-04T13:48:52Z,2026-05-06T21:18:25Z,9871,False,vuk,martty/vuk,git@github.com:martty/vuk.git,565
MDEwOlJlcG9zaXRvcnkyNDE0NzI2NDk=,2020-02-18T21:36:48Z,2026-04-30T12:09:08Z,2026-04-30T12:09:08Z,68977,True,ADOL-C,coin-or/ADOL-C,git@github.com:coin-or/ADOL-C.git,177
MDEwOlJlcG9zaXRvcnkyNDE0MTUzNzk=,2020-02-18T16:49:36Z,2026-05-02T17:34:07Z,2026-05-02T20:00:27Z,7647,False,Biomesh,tripplab/Biomesh,git@github.com:tripplab/Biomesh.git,0
MDEwOlJlcG9zaXRvcnkyNDE0MTE1NDc=,2020-02-18T16:32:29Z,2026-05-03T09:41:45Z,2026-05-03T09:41:41Z,414,False,LAST_QHYccd,EastEriq/LAST_QHYccd,git@github.com:EastEriq/LAST_QHYccd.git,1
MDEwOlJlcG9zaXRvcnkyNDE0MDAyNzY=,2020-02-18T15:43:43Z,2026-05-05T16:04:20Z,2026-05-05T16:03:27Z,18794,True,onnx-mlir,onnx/onnx-mlir,git@github.com:onnx/onnx-mlir.git,1012
MDEwOlJlcG9zaXRvcnkyNDEzNzc2OTQ=,2020-02-18T14:08:56Z,2026-05-01T11:31:58Z,2026-03-05T13:31:14Z,4574,False,BingWall,keshavbhatt/BingWall,git@github.com:keshavbhatt/BingWall.git,145
MDEwOlJlcG9zaXRvcnkyNDEzNjAxMTk=,2020-02-18T12:51:42Z,2026-03-31T13:30:01Z,2026-03-31T13:29:55Z,8816,True,vroomgis,terranum-ch/vroomgis,git@github.com:terranum-ch/vroomgis.git,2
MDEwOlJlcG9zaXRvcnkyNDEyNTc4NzE=,2020-02-18T02:50:47Z,2026-05-07T10:21:22Z,2026-05-07T10:21:17Z,583,False,auralock-a1-firmware,chixboyzer23/auralock-a1-firmware,git@github.com:chixboyzer23/auralock-a1-firmware.git,0
MDEwOlJlcG9zaXRvcnkyNDEyMzA0MDA=,2020-02-17T23:34:29Z,2026-05-05T15:08:08Z,2026-05-03T18:21:28Z,259339,False,tenforty,mmacpherson/tenforty,git@github.com:mmacpherson/tenforty.git,78
MDEwOlJlcG9zaXRvcnkyNDExNzg2NzM=,2020-02-17T18:26:59Z,2026-05-07T11:06:44Z,2026-05-07T10:53:56Z,11616,True,f3d,f3d-app/f3d,git@github.com:f3d-app/f3d.git,4339
MDEwOlJlcG9zaXRvcnkyNDA5OTE3Mzg=,2020-02-17T00:52:04Z,2026-03-23T23:55:28Z,2026-03-10T03:04:10Z,2468,False,SkyrimSE-SmoothCam,mwilsnd/SkyrimSE-SmoothCam,git@github.com:mwilsnd/SkyrimSE-SmoothCam.git,86
MDEwOlJlcG9zaXRvcnkyNDA4NjYwNTM=,2020-02-16T09:43:02Z,2026-05-02T15:31:42Z,2026-05-02T15:31:39Z,5485,False,cpp_concurrency,pelocpp/cpp_concurrency,git@github.com:pelocpp/cpp_concurrency.git,2
MDEwOlJlcG9zaXRvcnkyNDA4MTU1MDk=,2020-02-16T01:50:56Z,2026-05-03T14:26:45Z,2026-04-25T18:13:22Z,7830,True,BeamMP-Launcher,BeamMP/BeamMP-Launcher,git@github.com:BeamMP/BeamMP-Launcher.git,61
MDEwOlJlcG9zaXRvcnkyNDA4MTUzMDE=,2020-02-16T01:48:50Z,2026-05-06T21:48:42Z,2026-05-07T02:15:09Z,358910,True,server,mangosthree/server,git@github.com:mangosthree/server.git,121
MDEwOlJlcG9zaXRvcnkyNDA3ODQxMTk=,2020-02-15T20:35:12Z,2026-05-05T00:55:16Z,2026-05-05T00:55:11Z,2287532,False,str1ker,01binary/str1ker,git@github.com:01binary/str1ker.git,4
MDEwOlJlcG9zaXRvcnkyNDA3MzYwODQ=,2020-02-15T15:22:19Z,2026-05-02T03:12:17Z,2026-05-03T16:32:34Z,14302,True,android_device_xiaomi_sm6150-common,crdroidandroid/android_device_xiaomi_sm6150-common,git@github.com:crdroidandroid/android_device_xiaomi_sm6150-common.git,24
MDEwOlJlcG9zaXRvcnkyNDA2NzI5NTc=,2020-02-15T08:53:45Z,2026-05-06T09:29:59Z,2026-04-18T09:40:39Z,409,False,util_source2,Silverlan/util_source2,git@github.com:Silverlan/util_source2.git,10
MDEwOlJlcG9zaXRvcnkyNDA2NjUwMzk=,2020-02-15T07:43:33Z,2026-04-02T14:01:41Z,2026-03-11T06:49:13Z,82113,True,sema-windows,ADLINK/sema-windows,git@github.com:ADLINK/sema-windows.git,3
MDEwOlJlcG9zaXRvcnkyNDA1NjA2OTE=,2020-02-14T17:13:39Z,2026-05-07T00:42:37Z,2026-04-15T10:44:22Z,21474,False,eurorack,maasijam/eurorack,git@github.com:maasijam/eurorack.git,61
MDEwOlJlcG9zaXRvcnkyNDA0ODgyNzg=,2020-02-14T10:57:24Z,2026-05-05T10:00:21Z,2026-05-05T10:00:16Z,79,False,ParaViewGadgetPlugin,jfavre/ParaViewGadgetPlugin,git@github.com:jfavre/ParaViewGadgetPlugin.git,1
MDEwOlJlcG9zaXRvcnkyNDAzNDQyMTk=,2020-02-13T19:31:56Z,2026-03-27T17:56:51Z,2026-03-27T17:56:48Z,207,True,maliput_integration_tests,maliput/maliput_integration_tests,git@github.com:maliput/maliput_integration_tests.git,0
MDEwOlJlcG9zaXRvcnkyNDAzNDQxMjA=,2020-02-13T19:31:25Z,2026-03-27T16:36:21Z,2026-03-27T16:36:18Z,499,True,maliput_integration,maliput/maliput_integration,git@github.com:maliput/maliput_integration.git,0
MDEwOlJlcG9zaXRvcnkyNDAzNDQwMzE=,2020-02-13T19:30:59Z,2026-03-25T19:06:14Z,2026-03-25T19:06:11Z,864,True,maliput_multilane,maliput/maliput_multilane,git@github.com:maliput/maliput_multilane.git,0
MDEwOlJlcG9zaXRvcnkyNDAzNDM1OTA=,2020-02-13T19:28:40Z,2026-03-25T19:07:22Z,2026-03-25T19:07:18Z,279,True,maliput_dragway,maliput/maliput_dragway,git@github.com:maliput/maliput_dragway.git,0
MDEwOlJlcG9zaXRvcnkyNDAxNDc1NzA=,2020-02-13T00:55:33Z,2026-05-06T02:42:18Z,2026-05-06T02:37:42Z,93,False,TP_EAS,tur-ner/TP_EAS,git@github.com:tur-ner/TP_EAS.git,2
MDEwOlJlcG9zaXRvcnkyNDAxMDM1NDU=,2020-02-12T20:02:49Z,2026-05-04T20:04:38Z,2026-05-03T21:34:52Z,29584,True,TheXTech,TheXTech/TheXTech,git@github.com:TheXTech/TheXTech.git,392
MDEwOlJlcG9zaXRvcnkyNDAwODc2NjA=,2020-02-12T18:41:26Z,2026-05-02T13:18:13Z,2026-03-08T17:42:36Z,3750,True,Ichor,volt-software/Ichor,git@github.com:volt-software/Ichor.git,233
MDEwOlJlcG9zaXRvcnkyNDAwNTk1MzI=,2020-02-12T16:25:15Z,2026-04-08T08:44:07Z,2026-04-08T08:44:02Z,3882,True,vertica-hll-druid,criteo/vertica-hll-druid,git@github.com:criteo/vertica-hll-druid.git,3
MDEwOlJlcG9zaXRvcnkyNDAwMDE0ODM=,2020-02-12T11:56:18Z,2026-04-20T11:41:14Z,2026-04-13T08:08:58Z,46851,False,YUVviewer,QQxiaoming/YUVviewer,git@github.com:QQxiaoming/YUVviewer.git,34
MDEwOlJlcG9zaXRvcnkyMzk4OTM1Nzk=,2020-02-12T00:27:44Z,2026-05-01T15:32:51Z,2026-05-01T14:59:33Z,10322,True,android_device_xiaomi_sm6150-common,LineageOS/android_device_xiaomi_sm6150-common,git@github.com:LineageOS/android_device_xiaomi_sm6150-common.git,37
MDEwOlJlcG9zaXRvcnkyMzk4ODEwMjE=,2020-02-11T22:50:32Z,2026-04-28T19:29:01Z,2026-03-31T10:27:34Z,57548,True,oead,zeldamods/oead,git@github.com:zeldamods/oead.git,43
MDEwOlJlcG9zaXRvcnkyMzk3MzExOTU=,2020-02-11T10:08:51Z,2026-05-04T02:34:20Z,2026-05-04T06:09:43Z,6033,True,ddsim,munich-quantum-toolkit/ddsim,git@github.com:munich-quantum-toolkit/ddsim.git,159
MDEwOlJlcG9zaXRvcnkyMzk3MjY2MTQ=,2020-02-11T09:45:14Z,2026-05-06T14:29:53Z,2026-05-06T14:16:17Z,5556,False,breadboard_computer,henrikgrubbe/breadboard_computer,git@github.com:henrikgrubbe/breadboard_computer.git,1
MDEwOlJlcG9zaXRvcnkyMzk2OTA3NzQ=,2020-02-11T06:17:08Z,2026-04-04T20:12:43Z,2026-03-03T03:46:33Z,3188,False,Competitive-Programming-Notebook,scanof/Competitive-Programming-Notebook,git@github.com:scanof/Competitive-Programming-Notebook.git,40
MDEwOlJlcG9zaXRvcnkyMzk2NDE5MjY=,2020-02-11T00:22:28Z,2026-04-07T22:02:42Z,2026-04-07T22:02:35Z,138,True,node-zcrypto,ibmruntimes/node-zcrypto,git@github.com:ibmruntimes/node-zcrypto.git,1
MDEwOlJlcG9zaXRvcnkyMzk2MDEzNDE=,2020-02-10T20:01:20Z,2026-04-01T14:22:17Z,2026-04-01T14:22:02Z,22,False,MarkersTask_learningGit,AhmedAbouali/MarkersTask_learningGit,git@github.com:AhmedAbouali/MarkersTask_learningGit.git,0
MDEwOlJlcG9zaXRvcnkyMzk1MzEzOTM=,2020-02-10T14:28:25Z,2026-05-06T13:20:12Z,2026-05-07T01:22:52Z,307603,True,EcuBus-Pro,ecubus/EcuBus-Pro,git@github.com:ecubus/EcuBus-Pro.git,770
MDEwOlJlcG9zaXRvcnkyMzk1MjczNzQ=,2020-02-10T14:10:25Z,2026-05-04T22:08:27Z,2026-04-20T22:05:13Z,29599,False,fcpw,rohan-sawhney/fcpw,git@github.com:rohan-sawhney/fcpw.git,472
MDEwOlJlcG9zaXRvcnkyMzk0Mjg5NDQ=,2020-02-10T04:42:11Z,2026-05-05T18:47:53Z,2026-05-01T05:01:04Z,3531,True,krkrsdl2,krkrsdl2/krkrsdl2,git@github.com:krkrsdl2/krkrsdl2.git,401
MDEwOlJlcG9zaXRvcnkyMzk0MDA3ODE=,2020-02-10T01:05:30Z,2026-05-07T02:37:49Z,2026-05-07T02:37:45Z,35406,False,PalMod,Preppy/PalMod,git@github.com:Preppy/PalMod.git,38
MDEwOlJlcG9zaXRvcnkyMzkzODM5OTE=,2020-02-09T22:28:01Z,2026-04-15T10:16:59Z,2026-04-15T10:16:54Z,9072,True,vvflow,vvflow/vvflow,git@github.com:vvflow/vvflow.git,124
MDEwOlJlcG9zaXRvcnkyMzkzMTAzNDY=,2020-02-09T13:36:15Z,2026-05-02T17:49:02Z,2026-04-24T12:22:42Z,117403,False,osmin,janbar/osmin,git@github.com:janbar/osmin.git,148
MDEwOlJlcG9zaXRvcnkyMzkyNzcyMDk=,2020-02-09T09:24:09Z,2026-05-07T11:38:02Z,2026-05-07T11:37:57Z,6811,True,anilibria-winmaclinux,anilibria/anilibria-winmaclinux,git@github.com:anilibria/anilibria-winmaclinux.git,151
MDEwOlJlcG9zaXRvcnkyMzkxODgyOTQ=,2020-02-08T18:59:13Z,2026-04-24T12:39:12Z,2026-04-15T03:16:46Z,129718,True,streamdeck-dcs-interface,enertial/streamdeck-dcs-interface,git@github.com:enertial/streamdeck-dcs-interface.git,219
MDEwOlJlcG9zaXRvcnkyMzkxMjA1Nzk=,2020-02-08T11:31:52Z,2026-05-07T04:44:21Z,2026-05-05T12:51:31Z,14538,False,spotify-qt,kraxarn/spotify-qt,git@github.com:kraxarn/spotify-qt.git,1442
MDEwOlJlcG9zaXRvcnkyMzkwNzkwMjY=,2020-02-08T06:10:18Z,2026-04-28T07:54:00Z,2026-04-21T19:42:55Z,1017,True,work-stealing-queue,taskflow/work-stealing-queue,git@github.com:taskflow/work-stealing-queue.git,339
MDEwOlJlcG9zaXRvcnkyMzkwMDA4NTQ=,2020-02-07T18:51:52Z,2026-03-27T16:42:07Z,2026-03-13T01:56:51Z,68464,True,heterorefactor,heterorefactor/heterorefactor,git@github.com:heterorefactor/heterorefactor.git,11
MDEwOlJlcG9zaXRvcnkyMzg5NTE4Mzc=,2020-02-07T15:01:54Z,2026-04-03T15:17:39Z,2026-03-21T06:08:55Z,26022,False,trojan,kenzok8/trojan,git@github.com:kenzok8/trojan.git,144
MDEwOlJlcG9zaXRvcnkyMzg4MzU1NjI=,2020-02-07T03:26:54Z,2026-05-05T05:03:26Z,2026-05-07T11:34:58Z,270861,True,quokka,quokka-astro/quokka,git@github.com:quokka-astro/quokka.git,76
MDEwOlJlcG9zaXRvcnkyMzg4MDQxNTI=,2020-02-06T23:15:42Z,2026-04-02T03:53:57Z,2026-04-10T14:22:20Z,126295,False,XPMP2,TwinFan/XPMP2,git@github.com:TwinFan/XPMP2.git,34
MDEwOlJlcG9zaXRvcnkyMzg3ODk1MzQ=,2020-02-06T21:35:39Z,2026-05-06T14:36:22Z,2026-05-06T14:18:04Z,2309,True,FLHookSDK,TheStarport/FLHookSDK,git@github.com:TheStarport/FLHookSDK.git,8
MDEwOlJlcG9zaXRvcnkyMzg3ODQ0NzI=,2020-02-06T21:04:57Z,2026-05-06T23:46:38Z,2026-04-20T11:05:40Z,14617,False,ESP32-CAM_MJPEG2SD,s60sc/ESP32-CAM_MJPEG2SD,git@github.com:s60sc/ESP32-CAM_MJPEG2SD.git,1604
MDEwOlJlcG9zaXRvcnkyMzg3MzYwMjA=,2020-02-06T16:42:46Z,2026-04-28T14:50:23Z,2026-04-28T14:38:23Z,5598,True,metal,starlingx/metal,git@github.com:starlingx/metal.git,8
MDEwOlJlcG9zaXRvcnkyMzg2MTQ4OTM=,2020-02-06T05:27:30Z,2026-03-08T02:22:39Z,2026-03-08T02:22:35Z,37,True,bpfki,chaos-mesh/bpfki,git@github.com:chaos-mesh/bpfki.git,31
MDEwOlJlcG9zaXRvcnkyMzg2MDUzMTQ=,2020-02-06T04:12:08Z,2026-05-07T01:33:00Z,2026-05-07T01:36:46Z,5182,True,comma,mission-systems-pty-ltd/comma,git@github.com:mission-systems-pty-ltd/comma.git,0
MDEwOlJlcG9zaXRvcnkyMzg1NjAyNzc=,2020-02-05T22:21:31Z,2026-03-22T16:09:25Z,2026-03-22T14:38:36Z,8580,False,libsgfcplusplus,herzbube/libsgfcplusplus,git@github.com:herzbube/libsgfcplusplus.git,13
MDEwOlJlcG9zaXRvcnkyMzg0NjYzOTc=,2020-02-05T14:14:01Z,2026-05-05T03:34:11Z,2026-04-25T03:59:53Z,7056,True,Randomizer,zsrtp/Randomizer,git@github.com:zsrtp/Randomizer.git,57
MDEwOlJlcG9zaXRvcnkyMzgzNjE0Mzg=,2020-02-05T03:40:26Z,2026-04-18T11:10:08Z,2026-03-30T18:18:20Z,61009,True,FLHook,TheStarport/FLHook,git@github.com:TheStarport/FLHook.git,38
MDEwOlJlcG9zaXRvcnkyMzgyNjI3NTg=,2020-02-04T17:20:49Z,2026-05-03T13:22:09Z,2026-03-23T19:17:27Z,3565,True,shelly-homekit,mongoose-os-apps/shelly-homekit,git@github.com:mongoose-os-apps/shelly-homekit.git,2040
MDEwOlJlcG9zaXRvcnkyMzgyMDU0NzE=,2020-02-04T12:52:53Z,2026-04-28T19:00:19Z,2026-04-28T19:00:16Z,1007,True,k4FWCore,key4hep/k4FWCore,git@github.com:key4hep/k4FWCore.git,12
MDEwOlJlcG9zaXRvcnkyMzgxNzk1Njc=,2020-02-04T10:28:12Z,2026-04-24T06:37:18Z,2026-04-23T21:19:35Z,14875,True,PprzGCS,paparazzi/PprzGCS,git@github.com:paparazzi/PprzGCS.git,18
MDEwOlJlcG9zaXRvcnkyMzgxNzE2OTU=,2020-02-04T09:46:10Z,2026-03-05T15:29:29Z,2026-03-05T15:17:15Z,4531,True,robotont_driver,robotont/robotont_driver,git@github.com:robotont/robotont_driver.git,2
MDEwOlJlcG9zaXRvcnkyMzgxNDUwNzI=,2020-02-04T07:09:45Z,2026-05-07T05:22:23Z,2026-05-07T05:21:52Z,397435,False,packingsolver,fontanf/packingsolver,git@github.com:fontanf/packingsolver.git,211
MDEwOlJlcG9zaXRvcnkyMzc5NzkxODU=,2020-02-03T14:04:13Z,2026-05-05T19:19:57Z,2026-05-06T12:09:58Z,3070,True,kuka_drivers,kroshu/kuka_drivers,git@github.com:kroshu/kuka_drivers.git,164
MDEwOlJlcG9zaXRvcnkyMzc5NTAzNDc=,2020-02-03T11:32:21Z,2026-05-06T23:41:28Z,2026-04-28T17:29:54Z,9179,False,yabridge,robbert-vdh/yabridge,git@github.com:robbert-vdh/yabridge.git,3782
MDEwOlJlcG9zaXRvcnkyMzc4NDg1Mzg=,2020-02-02T22:47:41Z,2026-05-05T06:41:09Z,2026-04-27T07:38:18Z,10910,False,KnobKraft-orm,christofmuc/KnobKraft-orm,git@github.com:christofmuc/KnobKraft-orm.git,269
MDEwOlJlcG9zaXRvcnkyMzc4MDk0ODc=,2020-02-02T17:37:50Z,2026-04-18T05:58:41Z,2026-04-24T05:45:06Z,3357,False,amethyst,beaubell/amethyst,git@github.com:beaubell/amethyst.git,1
MDEwOlJlcG9zaXRvcnkyMzc3ODc1NTc=,2020-02-02T14:58:40Z,2026-05-05T12:04:44Z,2026-03-23T07:38:50Z,1023,False,obs-kinect,SirLynix/obs-kinect,git@github.com:SirLynix/obs-kinect.git,480
MDEwOlJlcG9zaXRvcnkyMzc2ODc4MjM=,2020-02-01T22:39:53Z,2026-04-07T07:01:55Z,2026-05-06T20:30:27Z,72,True,modorganizer-preview_bsa,ModOrganizer2/modorganizer-preview_bsa,git@github.com:ModOrganizer2/modorganizer-preview_bsa.git,2
MDEwOlJlcG9zaXRvcnkyMzc2NDcyNTg=,2020-02-01T17:00:35Z,2026-05-07T11:21:58Z,2026-05-07T10:57:35Z,68449,True,firmware,meshtastic/firmware,git@github.com:meshtastic/firmware.git,7439
MDEwOlJlcG9zaXRvcnkyMzc2MTE3OTg=,2020-02-01T12:30:02Z,2026-04-30T21:39:37Z,2026-05-07T02:32:06Z,32830,False,c2pool,frstrtr/c2pool,git@github.com:frstrtr/c2pool.git,35
MDEwOlJlcG9zaXRvcnkyMzc1MjYyMjA=,2020-01-31T22:21:25Z,2026-03-10T20:10:37Z,2026-03-10T20:10:30Z,318,False,FishFeeder,captFuture/FishFeeder,git@github.com:captFuture/FishFeeder.git,0
MDEwOlJlcG9zaXRvcnkyMzc1MjQzOTU=,2020-01-31T22:07:12Z,2026-05-07T11:36:11Z,2026-05-05T21:05:01Z,32053,False,ESPuino,biologist79/ESPuino,git@github.com:biologist79/ESPuino.git,383
MDEwOlJlcG9zaXRvcnkyMzc1MjAyMDM=,2020-01-31T21:36:05Z,2026-04-26T12:20:46Z,2026-05-05T23:31:54Z,128914,True,EasyCash,Thomas-Mielke-Software/EasyCash,git@github.com:Thomas-Mielke-Software/EasyCash.git,18
MDEwOlJlcG9zaXRvcnkyMzc0NDQ2MTg=,2020-01-31T14:18:57Z,2026-05-02T18:05:57Z,2026-05-02T18:05:53Z,346468,False,valentina,dismine/valentina,git@github.com:dismine/valentina.git,52
MDEwOlJlcG9zaXRvcnkyMzcxOTQ5NDI=,2020-01-30T11:02:29Z,2026-04-04T20:17:08Z,2026-04-04T20:17:04Z,2374,False,SEAL-FYP-Logistic-Regression,MarwanNour/SEAL-FYP-Logistic-Regression,git@github.com:MarwanNour/SEAL-FYP-Logistic-Regression.git,33
MDEwOlJlcG9zaXRvcnkyMzcxMzkzMjk=,2020-01-30T04:34:10Z,2026-05-05T14:56:59Z,2026-05-05T14:55:54Z,1742,False,vk-bootstrap,charles-lunarg/vk-bootstrap,git@github.com:charles-lunarg/vk-bootstrap.git,1213
MDEwOlJlcG9zaXRvcnkyMzcxMzMxOTc=,2020-01-30T03:42:04Z,2026-04-23T04:56:16Z,2026-04-23T07:42:28Z,451,True,py-native,k-nuth/py-native,git@github.com:k-nuth/py-native.git,0
MDEwOlJlcG9zaXRvcnkyMzcxMzI5NTc=,2020-01-30T03:39:58Z,2026-03-26T12:29:42Z,2026-03-26T12:29:41Z,1178,True,js-native,k-nuth/js-native,git@github.com:k-nuth/js-native.git,0
MDEwOlJlcG9zaXRvcnkyMzcxMjc2MzE=,2020-01-30T02:54:49Z,2026-04-24T14:30:39Z,2026-04-24T14:30:34Z,1014,True,p4-constraints,p4lang/p4-constraints,git@github.com:p4lang/p4-constraints.git,17
MDEwOlJlcG9zaXRvcnkyMzcxMTIyOTE=,2020-01-30T00:47:46Z,2026-05-04T04:21:46Z,2026-03-02T18:12:36Z,119627,True,TouchEngine-UE,TouchDesigner/TouchEngine-UE,git@github.com:TouchDesigner/TouchEngine-UE.git,211
MDEwOlJlcG9zaXRvcnkyMzcwNzkxMzA=,2020-01-29T20:47:57Z,2026-04-27T02:33:43Z,2026-04-27T02:33:38Z,40145,False,opencap,gayverjr/opencap,git@github.com:gayverjr/opencap.git,24
MDEwOlJlcG9zaXRvcnkyMzcwNzU4ODc=,2020-01-29T20:29:38Z,2026-05-06T06:47:40Z,2026-05-06T21:35:07Z,107743,True,parthenon,parthenon-hpc-lab/parthenon,git@github.com:parthenon-hpc-lab/parthenon.git,159
MDEwOlJlcG9zaXRvcnkyMzcwNTA3MzQ=,2020-01-29T18:13:05Z,2026-05-06T23:28:18Z,2026-05-06T23:28:14Z,1897,False,PDBRipper,horsicq/PDBRipper,git@github.com:horsicq/PDBRipper.git,890
MDEwOlJlcG9zaXRvcnkyMzcwMjA4NzM=,2020-01-29T15:50:16Z,2026-05-06T11:56:47Z,2026-03-31T11:25:52Z,32264,False,TexasSolver,bupticybee/TexasSolver,git@github.com:bupticybee/TexasSolver.git,2396
MDEwOlJlcG9zaXRvcnkyMzcwMTgwOTU=,2020-01-29T15:38:24Z,2026-05-07T10:05:44Z,2026-05-07T02:16:24Z,1626,False,CppUtils,MorganCaron/CppUtils,git@github.com:MorganCaron/CppUtils.git,11
MDEwOlJlcG9zaXRvcnkyMzcwMDc3NDc=,2020-01-29T14:54:00Z,2026-05-05T15:33:47Z,2026-05-05T15:33:35Z,86,True,drivers-power_whisperpower,tidewise/drivers-power_whisperpower,git@github.com:tidewise/drivers-power_whisperpower.git,0
MDEwOlJlcG9zaXRvcnkyMzY5NTEwMTc=,2020-01-29T09:59:00Z,2026-05-07T07:57:50Z,2026-05-02T19:50:01Z,1746,True,PoseLib,PoseLib/PoseLib,git@github.com:PoseLib/PoseLib.git,1177
MDEwOlJlcG9zaXRvcnkyMzY5MzkyMDM=,2020-01-29T08:49:59Z,2026-05-07T05:34:28Z,2026-05-06T18:16:26Z,81206,True,dpsim,sogno-platform/dpsim,git@github.com:sogno-platform/dpsim.git,127
MDEwOlJlcG9zaXRvcnkyMzY4ODMzMjA=,2020-01-29T01:49:17Z,2026-03-22T07:53:20Z,2026-03-22T07:53:15Z,612,True,RMixtCompIO,cran/RMixtCompIO,git@github.com:cran/RMixtCompIO.git,0
MDEwOlJlcG9zaXRvcnkyMzY4NjQ3MTQ=,2020-01-28T23:25:14Z,2026-05-06T17:23:45Z,2026-05-06T17:23:41Z,52045,False,roo_display,dejwk/roo_display,git@github.com:dejwk/roo_display.git,162
MDEwOlJlcG9zaXRvcnkyMzY4MzUwMTE=,2020-01-28T20:31:37Z,2026-03-10T14:38:24Z,2026-03-10T14:38:07Z,56,True,drivers-orogen-nmea0183,tidewise/drivers-orogen-nmea0183,git@github.com:tidewise/drivers-orogen-nmea0183.git,0
MDEwOlJlcG9zaXRvcnkyMzY3NzE3Mjc=,2020-01-28T15:43:25Z,2026-04-21T13:40:30Z,2026-04-21T13:49:16Z,34154,True,icu,build2-packaging/icu,git@github.com:build2-packaging/icu.git,0
MDEwOlJlcG9zaXRvcnkyMzY3NTUyNjQ=,2020-01-28T14:33:12Z,2026-03-26T01:42:57Z,2026-03-01T20:18:18Z,99,True,agni_serial_protocol,ubi-agni/agni_serial_protocol,git@github.com:ubi-agni/agni_serial_protocol.git,1
MDEwOlJlcG9zaXRvcnkyMzY3NDczODY=,2020-01-28T13:57:54Z,2026-05-04T15:17:46Z,2026-05-06T21:41:39Z,227872,False,vimix,brunoherbelin/vimix,git@github.com:brunoherbelin/vimix.git,345
MDEwOlJlcG9zaXRvcnkyMzY2NDQ1OTI=,2020-01-28T02:48:18Z,2026-03-06T15:00:38Z,2026-03-06T15:00:33Z,739,True,PoissonBinomial,cran/PoissonBinomial,git@github.com:cran/PoissonBinomial.git,0
MDEwOlJlcG9zaXRvcnkyMzY2MjMzMjU=,2020-01-28T00:04:06Z,2026-04-06T02:26:20Z,2026-03-23T04:46:34Z,420071,True,vanttec_usv,vanttec/vanttec_usv,git@github.com:vanttec/vanttec_usv.git,48
MDEwOlJlcG9zaXRvcnkyMzY1OTcyODI=,2020-01-27T21:18:44Z,2026-05-06T07:24:49Z,2026-05-06T20:16:46Z,1035,True,v8-jsi,microsoft/v8-jsi,git@github.com:microsoft/v8-jsi.git,188
MDEwOlJlcG9zaXRvcnkyMzY1ODYzNDk=,2020-01-27T20:22:58Z,2026-03-16T14:44:40Z,2026-03-16T14:43:41Z,9137,True,bamsifter,trinityrnaseq/bamsifter,git@github.com:trinityrnaseq/bamsifter.git,2
MDEwOlJlcG9zaXRvcnkyMzY1NzU3NjA=,2020-01-27T19:33:33Z,2026-05-04T19:53:07Z,2026-04-05T12:35:32Z,10493,True,BeamMP-Server,BeamMP/BeamMP-Server,git@github.com:BeamMP/BeamMP-Server.git,183
MDEwOlJlcG9zaXRvcnkyMzY1NTA5OTI=,2020-01-27T17:35:35Z,2026-04-19T17:09:51Z,2026-04-19T17:09:46Z,333,False,die_widget,horsicq/die_widget,git@github.com:horsicq/die_widget.git,6
MDEwOlJlcG9zaXRvcnkyMzY1NDc0NDg=,2020-01-27T17:19:36Z,2026-05-04T17:10:52Z,2026-05-04T17:10:49Z,7159,True,qsim,quantumlib/qsim,git@github.com:quantumlib/qsim.git,658
MDEwOlJlcG9zaXRvcnkyMzY0NTQ0MzQ=,2020-01-27T09:17:23Z,2026-05-05T01:56:23Z,2026-05-07T09:34:09Z,4222,True,kongress,KDE/kongress,git@github.com:KDE/kongress.git,7
MDEwOlJlcG9zaXRvcnkyMzYzNDg0NTA=,2020-01-26T17:29:17Z,2026-05-06T19:44:41Z,2026-05-06T19:58:17Z,110125,True,impacto,CommitteeOfZero/impacto,git@github.com:CommitteeOfZero/impacto.git,174
MDEwOlJlcG9zaXRvcnkyMzYyNjk4NDk=,2020-01-26T05:10:33Z,2026-05-04T16:56:55Z,2026-04-04T07:29:54Z,128441,False,guitarix,brummer10/guitarix,git@github.com:brummer10/guitarix.git,563
MDEwOlJlcG9zaXRvcnkyMzYyNjUyMzY=,2020-01-26T04:09:40Z,2026-04-30T15:48:20Z,2026-03-03T14:27:13Z,803,False,sead,aboood40091/sead,git@github.com:aboood40091/sead.git,49
MDEwOlJlcG9zaXRvcnkyMzYxNTk5NTA=,2020-01-25T11:15:50Z,2026-03-17T06:18:54Z,2026-03-17T06:18:51Z,467,True,ros2_planning_system_examples,PlanSys2/ros2_planning_system_examples,git@github.com:PlanSys2/ros2_planning_system_examples.git,72
MDEwOlJlcG9zaXRvcnkyMzYxMDI5NTg=,2020-01-24T23:49:56Z,2026-04-02T16:01:25Z,2026-04-08T22:56:58Z,2066,True,proxy-verifier,yahoo/proxy-verifier,git@github.com:yahoo/proxy-verifier.git,47
MDEwOlJlcG9zaXRvcnkyMzYwODQ0NDc=,2020-01-24T21:12:19Z,2026-04-15T20:26:35Z,2026-04-15T20:26:30Z,320,False,gpsp-menu,MagneFire/gpsp-menu,git@github.com:MagneFire/gpsp-menu.git,0
MDEwOlJlcG9zaXRvcnkyMzYwMzkyNDU=,2020-01-24T16:27:52Z,2026-03-16T15:32:10Z,2026-03-16T15:32:12Z,102,True,Arduino_BQ24195,arduino-libraries/Arduino_BQ24195,git@github.com:arduino-libraries/Arduino_BQ24195.git,17
MDEwOlJlcG9zaXRvcnkyMzU5NDMyMTM=,2020-01-24T05:08:49Z,2026-05-03T16:56:08Z,2026-05-02T23:27:03Z,388,False,esphome_components,ssieb/esphome_components,git@github.com:ssieb/esphome_components.git,243
MDEwOlJlcG9zaXRvcnkyMzU4Njc5OTM=,2020-01-23T19:17:19Z,2026-04-09T06:20:08Z,2026-04-09T06:19:56Z,2044,False,carma,RUrlus/carma,git@github.com:RUrlus/carma.git,104
MDEwOlJlcG9zaXRvcnkyMzU4MDg4MDE=,2020-01-23T14:13:51Z,2026-05-06T08:42:36Z,2026-05-06T08:42:32Z,1060,True,qtlanguageserver,qt/qtlanguageserver,git@github.com:qt/qtlanguageserver.git,39
MDEwOlJlcG9zaXRvcnkyMzU2MzAwMDA=,2020-01-22T17:45:32Z,2026-05-06T19:14:48Z,2026-05-06T19:14:44Z,24534,False,Competitive_Coding,gauravk268/Competitive_Coding,git@github.com:gauravk268/Competitive_Coding.git,20
MDEwOlJlcG9zaXRvcnkyMzU2MTM5NTU=,2020-01-22T16:23:40Z,2026-03-09T09:26:38Z,2026-03-31T08:10:53Z,743,False,EFT2Obs,ajgilbert/EFT2Obs,git@github.com:ajgilbert/EFT2Obs.git,10
MDEwOlJlcG9zaXRvcnkyMzU1NzI1MDc=,2020-01-22T12:50:12Z,2026-05-06T19:49:01Z,2026-05-06T19:48:56Z,1259,True,lardataobj,LArSoft/lardataobj,git@github.com:LArSoft/lardataobj.git,1
MDEwOlJlcG9zaXRvcnkyMzU1NzIzOTY=,2020-01-22T12:49:28Z,2026-05-06T19:49:03Z,2026-05-06T19:48:58Z,101274,True,lardataalg,LArSoft/lardataalg,git@github.com:LArSoft/lardataalg.git,1
MDEwOlJlcG9zaXRvcnkyMzU1NTg2MjU=,2020-01-22T11:24:19Z,2026-03-02T19:13:00Z,2026-05-06T08:47:06Z,58347,True,nymea-plugins-modbus,nymea/nymea-plugins-modbus,git@github.com:nymea/nymea-plugins-modbus.git,6
MDEwOlJlcG9zaXRvcnkyMzU0NjMxNDc=,2020-01-21T23:41:18Z,2026-04-23T03:59:03Z,2026-03-09T12:01:43Z,13644,False,6DOF-Rotary-Stewart-Motion-Simulator,knaufinator/6DOF-Rotary-Stewart-Motion-Simulator,git@github.com:knaufinator/6DOF-Rotary-Stewart-Motion-Simulator.git,353
MDEwOlJlcG9zaXRvcnkyMzU0MzkxMjI=,2020-01-21T20:51:54Z,2026-03-25T02:05:36Z,2026-03-25T02:05:30Z,13477,False,LANWeather,rbebb/LANWeather,git@github.com:rbebb/LANWeather.git,3
MDEwOlJlcG9zaXRvcnkyMzU0MjI5NzY=,2020-01-21T19:21:16Z,2026-05-04T23:21:37Z,2026-05-06T21:43:35Z,8924,True,gunns,nasa/gunns,git@github.com:nasa/gunns.git,62
MDEwOlJlcG9zaXRvcnkyMzU0MDg0NjU=,2020-01-21T18:07:05Z,2026-05-06T09:19:39Z,2026-05-05T22:19:56Z,109444,False,osci-render,jameshball/osci-render,git@github.com:jameshball/osci-render.git,693
MDEwOlJlcG9zaXRvcnkyMzUzODIwMTg=,2020-01-21T15:59:09Z,2026-05-06T19:48:49Z,2026-05-06T19:48:44Z,3189,True,larpandora,LArSoft/larpandora,git@github.com:LArSoft/larpandora.git,0
MDEwOlJlcG9zaXRvcnkyMzUzODE1NTk=,2020-01-21T15:57:07Z,2026-05-06T19:49:06Z,2026-05-06T19:49:02Z,324,True,larcoreobj,LArSoft/larcoreobj,git@github.com:LArSoft/larcoreobj.git,2
MDEwOlJlcG9zaXRvcnkyMzUzODE0MzM=,2020-01-21T15:56:33Z,2026-05-06T19:49:09Z,2026-05-06T19:49:04Z,4468,True,larcorealg,LArSoft/larcorealg,git@github.com:LArSoft/larcorealg.git,1
MDEwOlJlcG9zaXRvcnkyMzUzODA5ODA=,2020-01-21T15:54:33Z,2026-05-06T19:49:14Z,2026-05-06T19:49:09Z,2013,True,larana,LArSoft/larana,git@github.com:LArSoft/larana.git,1
MDEwOlJlcG9zaXRvcnkyMzUzODA3NTk=,2020-01-21T15:53:36Z,2026-05-06T19:49:05Z,2026-05-06T19:49:00Z,3073,True,lardata,LArSoft/lardata,git@github.com:LArSoft/lardata.git,1
MDEwOlJlcG9zaXRvcnkyMzUzODA1NTY=,2020-01-21T15:52:41Z,2026-05-06T19:48:58Z,2026-05-06T19:48:52Z,1034,True,larevt,LArSoft/larevt,git@github.com:LArSoft/larevt.git,1
MDEwOlJlcG9zaXRvcnkyMzUzODAzODk=,2020-01-21T15:51:55Z,2026-05-06T19:48:58Z,2026-05-06T19:48:54Z,1656,True,lareventdisplay,LArSoft/lareventdisplay,git@github.com:LArSoft/lareventdisplay.git,0
MDEwOlJlcG9zaXRvcnkyMzUzODAxODc=,2020-01-21T15:51:02Z,2026-05-06T19:48:55Z,2026-05-06T19:48:50Z,934,True,larexamples,LArSoft/larexamples,git@github.com:LArSoft/larexamples.git,1
MDEwOlJlcG9zaXRvcnkyMzUzNzk3MDA=,2020-01-21T15:48:59Z,2026-05-06T19:48:27Z,2026-05-06T19:48:23Z,848,True,larwirecell,LArSoft/larwirecell,git@github.com:LArSoft/larwirecell.git,1
MDEwOlJlcG9zaXRvcnkyMzUzNzk2NDE=,2020-01-21T15:48:45Z,2026-05-06T19:48:44Z,2026-05-06T19:48:40Z,16664,True,larreco,LArSoft/larreco,git@github.com:LArSoft/larreco.git,3
MDEwOlJlcG9zaXRvcnkyMzUzNzkzNzI=,2020-01-21T15:47:29Z,2026-05-06T19:48:43Z,2026-05-06T19:48:36Z,73298,True,larsim,LArSoft/larsim,git@github.com:LArSoft/larsim.git,6
MDEwOlJlcG9zaXRvcnkyMzUzNzkyNDY=,2020-01-21T15:46:56Z,2026-05-06T19:48:52Z,2026-05-06T19:48:46Z,704,True,larg4,LArSoft/larg4,git@github.com:LArSoft/larg4.git,3
MDEwOlJlcG9zaXRvcnkyMzUxMzc0NTg=,2020-01-20T15:47:03Z,2026-04-06T10:04:56Z,2026-04-24T09:23:33Z,54219,False,fenicsR13,lamBOOO/fenicsR13,git@github.com:lamBOOO/fenicsR13.git,3
MDEwOlJlcG9zaXRvcnkyMzUxMTUxMTU=,2020-01-20T14:04:45Z,2026-03-13T16:28:00Z,2026-03-13T16:27:55Z,110982,False,rCausalMGM,tyler-lovelace1/rCausalMGM,git@github.com:tyler-lovelace1/rCausalMGM.git,7
MDEwOlJlcG9zaXRvcnkyMzUwNzA0MTU=,2020-01-20T10:01:28Z,2026-05-07T10:44:02Z,2026-05-02T01:59:34Z,311492,False,Waifu2x-Extension-GUI,AaronFeng753/Waifu2x-Extension-GUI,git@github.com:AaronFeng753/Waifu2x-Extension-GUI.git,16522
MDEwOlJlcG9zaXRvcnkyMzUwNjE5OTY=,2020-01-20T09:17:54Z,2026-04-30T22:05:03Z,2026-05-06T19:22:47Z,116482,False,pbrlib,ASIF1998/pbrlib,git@github.com:ASIF1998/pbrlib.git,1
MDEwOlJlcG9zaXRvcnkyMzUwNTc1NTk=,2020-01-20T08:54:14Z,2026-04-24T21:32:30Z,2026-04-24T21:32:26Z,361,False,wxdap,eranif/wxdap,git@github.com:eranif/wxdap.git,18
MDEwOlJlcG9zaXRvcnkyMzUwMjk3NTQ=,2020-01-20T06:01:11Z,2026-04-16T16:18:03Z,2026-04-16T16:17:59Z,589,False,icpc-team-notebook,ManuelLoaizaV/icpc-team-notebook,git@github.com:ManuelLoaizaV/icpc-team-notebook.git,1
MDEwOlJlcG9zaXRvcnkyMzQ4OTk3MDU=,2020-01-19T12:50:34Z,2026-04-18T13:51:33Z,2026-04-18T13:51:30Z,815,False,Multirole,DyXel/Multirole,git@github.com:DyXel/Multirole.git,31
MDEwOlJlcG9zaXRvcnkyMzQ4OTYzMTY=,2020-01-19T12:25:55Z,2026-03-17T01:32:47Z,2026-03-27T11:26:43Z,607179,True,swedish-olympiad-2020,Kodsport/swedish-olympiad-2020,git@github.com:Kodsport/swedish-olympiad-2020.git,0
MDEwOlJlcG9zaXRvcnkyMzQ4MDkxNjA=,2020-01-18T22:57:39Z,2026-05-02T02:59:23Z,2026-05-03T21:36:49Z,763,False,witness-trainer,jbzdarkid/witness-trainer,git@github.com:jbzdarkid/witness-trainer.git,30
MDEwOlJlcG9zaXRvcnkyMzQ3OTA1NzQ=,2020-01-18T20:03:44Z,2026-05-06T19:24:20Z,2026-05-01T17:31:13Z,52392,True,openHASP,HASwitchPlate/openHASP,git@github.com:HASwitchPlate/openHASP.git,979
MDEwOlJlcG9zaXRvcnkyMzQ3OTAxMDc=,2020-01-18T19:59:26Z,2026-05-06T03:47:41Z,2026-04-07T04:50:59Z,5481,False,aes67-linux-daemon,bondagit/aes67-linux-daemon,git@github.com:bondagit/aes67-linux-daemon.git,525
MDEwOlJlcG9zaXRvcnkyMzQ3NzIzMTk=,2020-01-18T17:40:38Z,2026-04-28T04:44:24Z,2026-03-05T05:45:42Z,18467,False,WapMap,Zax37/WapMap,git@github.com:Zax37/WapMap.git,13
MDEwOlJlcG9zaXRvcnkyMzQ3NTU1MDI=,2020-01-18T15:31:21Z,2026-05-05T10:43:16Z,2026-05-05T10:43:12Z,8724,False,rcppsimdjson,eddelbuettel/rcppsimdjson,git@github.com:eddelbuettel/rcppsimdjson.git,125
MDEwOlJlcG9zaXRvcnkyMzQ1NzQ0MzU=,2020-01-17T15:15:43Z,2026-05-06T12:29:01Z,2026-05-06T12:28:56Z,68,False,testtest,jens-schoenherr/testtest,git@github.com:jens-schoenherr/testtest.git,0
MDEwOlJlcG9zaXRvcnkyMzQ1MzI5MDU=,2020-01-17T11:13:39Z,2026-05-06T10:52:07Z,2026-04-04T15:35:02Z,93627,False,competitive-programming,omonimus1/competitive-programming,git@github.com:omonimus1/competitive-programming.git,979
MDEwOlJlcG9zaXRvcnkyMzQ0MDY1MDg=,2020-01-16T20:33:40Z,2026-04-28T22:31:20Z,2026-04-28T23:28:40Z,2948,True,amazon-kinesis-video-streams-pic,awslabs/amazon-kinesis-video-streams-pic,git@github.com:awslabs/amazon-kinesis-video-streams-pic.git,55
MDEwOlJlcG9zaXRvcnkyMzQzMDc2MDE=,2020-01-16T11:42:35Z,2026-04-27T05:39:24Z,2026-04-27T05:39:21Z,45931,False,nmk-sysprog,solidol/nmk-sysprog,git@github.com:solidol/nmk-sysprog.git,0
MDEwOlJlcG9zaXRvcnkyMzQxOTQxMTg=,2020-01-15T23:31:56Z,2026-04-15T00:00:33Z,2026-04-15T00:00:19Z,6090,True,iob-versat,IObundle/iob-versat,git@github.com:IObundle/iob-versat.git,20
MDEwOlJlcG9zaXRvcnkyMzQxOTI5OTg=,2020-01-15T23:22:33Z,2026-05-07T02:17:07Z,2026-04-24T10:34:20Z,8971,False,quill,odygrd/quill,git@github.com:odygrd/quill.git,2892
MDEwOlJlcG9zaXRvcnkyMzQxNzg1MjQ=,2020-01-15T21:37:57Z,2026-05-04T09:09:22Z,2026-04-29T15:18:57Z,9259,True,dispenso,facebookincubator/dispenso,org-19538647@github.com:facebookincubator/dispenso.git,279
MDEwOlJlcG9zaXRvcnkyMzQwNDEzNDU=,2020-01-15T09:06:51Z,2026-04-23T22:40:08Z,2026-05-07T01:39:00Z,748,True,opus,discordjs/opus,git@github.com:discordjs/opus.git,243
MDEwOlJlcG9zaXRvcnkyMzQwMzgxNTE=,2020-01-15T08:49:34Z,2026-05-07T06:47:05Z,2026-05-07T06:47:00Z,150914,False,CodeInspector,missdeer/CodeInspector,git@github.com:missdeer/CodeInspector.git,0
MDEwOlJlcG9zaXRvcnkyMzM4ODQ0MDg=,2020-01-14T16:25:40Z,2026-04-09T08:30:24Z,2026-04-10T03:15:34Z,2749,True,LEAF,hyperk/LEAF,git@github.com:hyperk/LEAF.git,5
MDEwOlJlcG9zaXRvcnkyMzM4MzU0ODU=,2020-01-14T12:22:14Z,2026-04-27T03:27:35Z,2026-04-12T08:17:18Z,222136,False,fast-cma-es,dietmarwo/fast-cma-es,git@github.com:dietmarwo/fast-cma-es.git,158
MDEwOlJlcG9zaXRvcnkyMzM3MDY5OTg=,2020-01-13T22:29:47Z,2026-05-03T19:16:37Z,2026-04-22T22:02:26Z,160,True,D3D11On12,microsoft/D3D11On12,git@github.com:microsoft/D3D11On12.git,313
MDEwOlJlcG9zaXRvcnkyMzM3MDY3OTU=,2020-01-13T22:28:14Z,2026-04-22T21:41:38Z,2026-04-22T21:41:33Z,774,True,D3D12TranslationLayer,microsoft/D3D12TranslationLayer,git@github.com:microsoft/D3D12TranslationLayer.git,352
MDEwOlJlcG9zaXRvcnkyMzM2MDUxMjk=,2020-01-13T13:44:26Z,2026-04-14T05:17:29Z,2026-04-27T21:39:52Z,414,True,cpp-d4,dftd4/cpp-d4,git@github.com:dftd4/cpp-d4.git,7
MDEwOlJlcG9zaXRvcnkyMzMzOTc1NjQ=,2020-01-12T13:33:50Z,2026-03-18T20:14:12Z,2026-03-18T20:14:42Z,89,False,roo_time,dejwk/roo_time,git@github.com:dejwk/roo_time.git,0
MDEwOlJlcG9zaXRvcnkyMzMyODA4NzQ=,2020-01-11T18:49:33Z,2026-05-01T05:14:27Z,2026-05-05T05:22:56Z,32069,True,libprimis,project-imprimis/libprimis,git@github.com:project-imprimis/libprimis.git,32
MDEwOlJlcG9zaXRvcnkyMzMyNzA2NzM=,2020-01-11T17:34:13Z,2026-04-03T15:22:17Z,2026-04-03T15:22:13Z,110,False,Deterministic-Finite-State-Machine,neliuzunova/Deterministic-Finite-State-Machine,git@github.com:neliuzunova/Deterministic-Finite-State-Machine.git,0
MDEwOlJlcG9zaXRvcnkyMzMxNDcyNzE=,2020-01-10T23:29:08Z,2026-05-06T23:56:04Z,2026-05-07T01:12:05Z,26558,True,azure-sdk-for-cpp,Azure/azure-sdk-for-cpp,git@github.com:Azure/azure-sdk-for-cpp.git,201
MDEwOlJlcG9zaXRvcnkyMzMxMTk0NjE=,2020-01-10T19:48:55Z,2026-04-19T12:12:51Z,2026-04-29T09:08:06Z,6860,False,nonlocal,VIXER13/nonlocal,git@github.com:VIXER13/nonlocal.git,2
MDEwOlJlcG9zaXRvcnkyMzMxMDI2MTM=,2020-01-10T17:59:28Z,2026-04-18T17:36:35Z,2026-04-18T20:28:41Z,77091,False,android_device_lenovo_a6010,acroreiser/android_device_lenovo_a6010,git@github.com:acroreiser/android_device_lenovo_a6010.git,26
MDEwOlJlcG9zaXRvcnkyMzMwMjI3NDk=,2020-01-10T10:23:19Z,2026-05-05T07:03:59Z,2026-05-05T07:03:54Z,7445,True,qtshadertools,qt/qtshadertools,git@github.com:qt/qtshadertools.git,23
MDEwOlJlcG9zaXRvcnkyMzI5NTg3OTA=,2020-01-10T03:35:06Z,2026-05-01T12:32:25Z,2026-04-08T10:16:19Z,6521,True,M5Atom,m5stack/M5Atom,git@github.com:m5stack/M5Atom.git,259
MDEwOlJlcG9zaXRvcnkyMzI4OTY4MTg=,2020-01-09T20:18:16Z,2026-04-16T15:48:40Z,2026-04-16T15:48:35Z,323,False,imatchext,shqke/imatchext,git@github.com:shqke/imatchext.git,14
MDEwOlJlcG9zaXRvcnkyMzI4OTA2MDA=,2020-01-09T19:41:36Z,2026-04-21T23:02:21Z,2026-04-13T13:42:49Z,1209,True,inputstream.ffmpegdirect,xbmc/inputstream.ffmpegdirect,git@github.com:xbmc/inputstream.ffmpegdirect.git,97
MDEwOlJlcG9zaXRvcnkyMzI4NjcxMjM=,2020-01-09T17:35:08Z,2026-04-28T18:31:46Z,2026-04-28T18:31:42Z,133,True,cpp-upnp,equalitie/cpp-upnp,git@github.com:equalitie/cpp-upnp.git,15
MDEwOlJlcG9zaXRvcnkyMzI4Mjg3MzY=,2020-01-09T14:32:47Z,2026-04-14T11:57:05Z,2026-04-14T11:57:00Z,168,True,simGLTF,CoppeliaRobotics/simGLTF,git@github.com:CoppeliaRobotics/simGLTF.git,0
MDEwOlJlcG9zaXRvcnkyMzI2MDQyNjA=,2020-01-08T16:15:51Z,2026-04-28T12:03:50Z,2026-04-28T12:03:46Z,537,True,Malterlib_WebApp,Malterlib/Malterlib_WebApp,git@github.com:Malterlib/Malterlib_WebApp.git,0
MDEwOlJlcG9zaXRvcnkyMzI1OTk3MzE=,2020-01-08T15:53:50Z,2026-05-03T09:16:24Z,2026-04-30T11:31:57Z,5973,True,netconf-cli,CESNET/netconf-cli,git@github.com:CESNET/netconf-cli.git,19
MDEwOlJlcG9zaXRvcnkyMzI1OTI5NDA=,2020-01-08T15:20:52Z,2026-05-05T17:07:10Z,2026-05-05T17:07:06Z,93288,True,PRAGA,ARPA-SIMC/PRAGA,git@github.com:ARPA-SIMC/PRAGA.git,2
MDEwOlJlcG9zaXRvcnkyMzI1OTAxNjE=,2020-01-08T15:07:45Z,2026-03-27T07:04:50Z,2026-05-01T05:58:17Z,5638,False,w3m,momo5502/w3m,git@github.com:momo5502/w3m.git,111
MDEwOlJlcG9zaXRvcnkyMzI1MTM0NjI=,2020-01-08T08:17:37Z,2026-03-13T09:07:38Z,2026-03-13T09:07:34Z,264,False,ptpmonkey,martim01/ptpmonkey,git@github.com:martim01/ptpmonkey.git,9
MDEwOlJlcG9zaXRvcnkyMzI0OTA4MjE=,2020-01-08T06:06:32Z,2026-05-07T05:29:52Z,2026-05-07T05:29:16Z,1354,True,ot-commissioner,openthread/ot-commissioner,git@github.com:openthread/ot-commissioner.git,65
MDEwOlJlcG9zaXRvcnkyMzI0MjEzNzc=,2020-01-07T21:32:41Z,2026-05-04T21:56:52Z,2026-05-03T17:57:50Z,13027,True,s2e,S2E/s2e,git@github.com:S2E/s2e.git,516
MDEwOlJlcG9zaXRvcnkyMzIzNDc4Nzg=,2020-01-07T14:56:32Z,2026-04-28T19:12:25Z,2026-04-28T19:23:00Z,158828,True,torch,mlverse/torch,git@github.com:mlverse/torch.git,565
MDEwOlJlcG9zaXRvcnkyMzIzMzkyNTY=,2020-01-07T14:14:30Z,2026-05-05T16:57:26Z,2026-05-05T16:57:22Z,9793,True,agrolib,ARPA-SIMC/agrolib,git@github.com:ARPA-SIMC/agrolib.git,12
MDEwOlJlcG9zaXRvcnkyMzIzMDgxOTc=,2020-01-07T11:14:33Z,2026-04-27T14:36:31Z,2026-04-27T14:39:44Z,199,True,robotnik_pad,RobotnikAutomation/robotnik_pad,git@github.com:RobotnikAutomation/robotnik_pad.git,2
MDEwOlJlcG9zaXRvcnkyMzIyOTc3NzU=,2020-01-07T10:11:57Z,2026-04-03T20:36:25Z,2026-05-04T09:15:18Z,42462,False,kiwaku,jfalcou/kiwaku,git@github.com:jfalcou/kiwaku.git,56
MDEwOlJlcG9zaXRvcnkyMzIyODg4MjE=,2020-01-07T09:22:45Z,2026-05-02T12:48:34Z,2026-04-17T09:41:08Z,14984,True,pygmo2,esa/pygmo2,git@github.com:esa/pygmo2.git,529
MDEwOlJlcG9zaXRvcnkyMzIyMDc0NjY=,2020-01-07T00:02:44Z,2026-04-17T14:38:23Z,2026-05-06T05:07:20Z,5197,True,WPILibInstaller-Avalonia,wpilibsuite/WPILibInstaller-Avalonia,git@github.com:wpilibsuite/WPILibInstaller-Avalonia.git,10
MDEwOlJlcG9zaXRvcnkyMzIxODkyNTM=,2020-01-06T21:32:17Z,2026-03-23T21:27:21Z,2026-03-23T21:27:17Z,1517,True,mod-morphsummon,azerothcore/mod-morphsummon,git@github.com:azerothcore/mod-morphsummon.git,11
MDEwOlJlcG9zaXRvcnkyMzIxMjMxNjg=,2020-01-06T14:54:48Z,2026-05-03T15:58:15Z,2026-03-14T14:08:54Z,16665,False,BChoppr,sjaehn/BChoppr,git@github.com:sjaehn/BChoppr.git,45
MDEwOlJlcG9zaXRvcnkyMzE5NDQzNjY=,2020-01-05T16:23:32Z,2026-04-05T13:18:41Z,2026-05-07T08:30:01Z,1413,True,libxmlplusplus,libxmlplusplus/libxmlplusplus,git@github.com:libxmlplusplus/libxmlplusplus.git,77
MDEwOlJlcG9zaXRvcnkyMzE4MzczNzk=,2020-01-04T22:27:55Z,2026-05-04T00:16:22Z,2026-05-03T09:07:00Z,97861,False,nfc-laboratory,josevcm/nfc-laboratory,git@github.com:josevcm/nfc-laboratory.git,543
MDEwOlJlcG9zaXRvcnkyMzE4MzY1ODM=,2020-01-04T22:20:24Z,2026-05-05T13:46:56Z,2026-05-05T13:44:25Z,101522,False,mecab,shogo82148/mecab,git@github.com:shogo82148/mecab.git,55
MDEwOlJlcG9zaXRvcnkyMzE3OTgwNzU=,2020-01-04T16:59:26Z,2026-04-07T16:09:57Z,2026-04-07T16:09:53Z,1171,False,escribapetrus.github.io,escribapetrus/escribapetrus.github.io,git@github.com:escribapetrus/escribapetrus.github.io.git,0
MDEwOlJlcG9zaXRvcnkyMzE2Nzk0NjQ=,2020-01-03T23:03:25Z,2026-05-06T00:31:21Z,2026-04-27T12:42:28Z,4397,False,systray-x,Ximi1970/systray-x,git@github.com:Ximi1970/systray-x.git,274
MDEwOlJlcG9zaXRvcnkyMzE2MTM1ODk=,2020-01-03T15:20:39Z,2026-05-07T02:30:38Z,2026-05-07T02:39:46Z,6742,True,device-detection-cxx,51Degrees/device-detection-cxx,git@github.com:51Degrees/device-detection-cxx.git,7
MDEwOlJlcG9zaXRvcnkyMzE1NTYzMjc=,2020-01-03T09:35:05Z,2026-05-07T10:04:15Z,2026-05-01T09:07:38Z,187221,False,butano,GValiente/butano,git@github.com:GValiente/butano.git,1641
MDEwOlJlcG9zaXRvcnkyMzE1NDM5NTk=,2020-01-03T08:20:37Z,2026-05-06T14:51:41Z,2026-05-06T14:36:33Z,228405,True,PetStory,o2-engine/PetStory,git@github.com:o2-engine/PetStory.git,8
MDEwOlJlcG9zaXRvcnkyMzE1Mzg3MTY=,2020-01-03T07:45:54Z,2026-05-04T15:37:07Z,2026-04-27T08:20:11Z,254381,True,sunfounder_vincent_kit_for_arduino,sunfounder/sunfounder_vincent_kit_for_arduino,git@github.com:sunfounder/sunfounder_vincent_kit_for_arduino.git,17
MDEwOlJlcG9zaXRvcnkyMzE1MjM2NjE=,2020-01-03T06:10:31Z,2026-04-13T03:16:51Z,2026-04-13T03:16:51Z,360,True,107-Arduino-MCP2515,107-systems/107-Arduino-MCP2515,git@github.com:107-systems/107-Arduino-MCP2515.git,100
MDEwOlJlcG9zaXRvcnkyMzE0ODMzOTk=,2020-01-03T00:42:36Z,2026-04-21T23:34:19Z,2026-04-20T16:03:02Z,8329,False,Competitive_Programming,jonh14lk/Competitive_Programming,git@github.com:jonh14lk/Competitive_Programming.git,104
MDEwOlJlcG9zaXRvcnkyMzEzNzg5OTI=,2020-01-02T12:36:59Z,2026-04-29T15:03:13Z,2026-05-06T22:10:06Z,8979,False,curcuma,conradhuebler/curcuma,git@github.com:conradhuebler/curcuma.git,13
MDEwOlJlcG9zaXRvcnkyMzEzNzY4MDQ=,2020-01-02T12:23:35Z,2026-05-04T01:56:38Z,2026-05-04T04:56:28Z,7255,True,qcec,munich-quantum-toolkit/qcec,git@github.com:munich-quantum-toolkit/qcec.git,111
MDEwOlJlcG9zaXRvcnkyMzEzNDc2ODc=,2020-01-02T09:20:00Z,2026-04-30T04:40:57Z,2026-04-30T04:40:55Z,5982,False,kalman_filter_localization_ros2,rsasaki0109/kalman_filter_localization_ros2,git@github.com:rsasaki0109/kalman_filter_localization_ros2.git,350
MDEwOlJlcG9zaXRvcnkyMzEzNDMxMjA=,2020-01-02T08:54:03Z,2026-05-06T06:19:23Z,2026-05-07T09:09:42Z,58494,True,core,munich-quantum-toolkit/core,git@github.com:munich-quantum-toolkit/core.git,121
MDEwOlJlcG9zaXRvcnkyMzEyNjE3NzI=,2020-01-01T20:41:17Z,2026-05-06T03:28:31Z,2026-05-06T03:28:28Z,87983,False,Fulcrum,cculianu/Fulcrum,git@github.com:cculianu/Fulcrum.git,479
MDEwOlJlcG9zaXRvcnkyMzEyMzcyNDM=,2020-01-01T16:15:29Z,2026-04-25T08:44:58Z,2026-04-25T08:44:54Z,430,False,Qlockwork,ch570512/Qlockwork,git@github.com:ch570512/Qlockwork.git,43
MDEwOlJlcG9zaXRvcnkyMzExOTUxMjE=,2020-01-01T09:05:13Z,2026-04-29T22:59:04Z,2026-04-29T22:58:25Z,634196,True,scummvm,maemo-leste-extras/scummvm,git@github.com:maemo-leste-extras/scummvm.git,1