id,createdAt,updatedAt,pushedAt,diskUsage,isInOrganization,name,nameWithOwner,sshUrl,stargazerCount
MDEwOlJlcG9zaXRvcnkyODY1NDU5MA==,2014-12-31T03:30:26Z,2026-05-05T09:17:37Z,2026-05-05T09:17:33Z,3800,False,osara,jcsteh/osara,git@github.com:jcsteh/osara.git,151
MDEwOlJlcG9zaXRvcnkyODYzNTg5NA==,2014-12-30T15:39:27Z,2026-05-07T06:38:38Z,2026-05-06T09:48:02Z,58192,True,AliceVision,alicevision/AliceVision,git@github.com:alicevision/AliceVision.git,3421
MDEwOlJlcG9zaXRvcnkyODYyNzU1OA==,2014-12-30T10:55:46Z,2026-05-07T09:50:15Z,2026-05-07T05:56:09Z,34138,False,fort,tnodir/fort,git@github.com:tnodir/fort.git,3065
MDEwOlJlcG9zaXRvcnkyODYxOTkzNg==,2014-12-30T06:14:34Z,2026-04-19T06:00:13Z,2026-03-27T08:49:57Z,94,True,murmurhash,explosion/murmurhash,git@github.com:explosion/murmurhash.git,47
MDEwOlJlcG9zaXRvcnkyODYxODMzNA==,2014-12-30T05:04:31Z,2026-04-15T22:59:18Z,2026-04-15T22:59:20Z,6442,False,NppFTP,ashkulz/NppFTP,git@github.com:ashkulz/NppFTP.git,338
MDEwOlJlcG9zaXRvcnkyODYwOTI0Mw==,2014-12-29T22:49:19Z,2026-05-06T19:33:15Z,2026-05-04T18:27:07Z,62635,True,strawberry,strawberrymusicplayer/strawberry,git@github.com:strawberrymusicplayer/strawberry.git,3708
MDEwOlJlcG9zaXRvcnkyODUwMDgwNw==,2014-12-26T05:31:32Z,2026-04-24T10:59:48Z,2026-04-24T10:59:43Z,2646,True,xfce4-cpugraph-plugin,xfce-mirror/xfce4-cpugraph-plugin,git@github.com:xfce-mirror/xfce4-cpugraph-plugin.git,7
MDEwOlJlcG9zaXRvcnkyODQ5MTE3OA==,2014-12-25T20:59:16Z,2026-04-19T08:50:03Z,2026-04-19T08:50:00Z,7300,True,ror-server,RigsOfRods/ror-server,git@github.com:RigsOfRods/ror-server.git,23
MDEwOlJlcG9zaXRvcnkyODQ2NDY0MA==,2014-12-24T23:29:18Z,2026-05-01T15:47:55Z,2026-05-01T15:47:51Z,737,False,ai-utils,CarloWood/ai-utils,git@github.com:CarloWood/ai-utils.git,10
MDEwOlJlcG9zaXRvcnkyODQ1NzYyMQ==,2014-12-24T17:41:49Z,2026-03-31T02:22:07Z,2026-03-31T02:22:04Z,1494,True,mine-sweeper,AdsGames/mine-sweeper,git@github.com:AdsGames/mine-sweeper.git,0
MDEwOlJlcG9zaXRvcnkyODQ0OTQzMQ==,2014-12-24T13:16:33Z,2026-05-07T11:29:50Z,2026-05-07T10:58:04Z,261807,True,scylladb,scylladb/scylladb,git@github.com:scylladb/scylladb.git,15525
MDEwOlJlcG9zaXRvcnkyODQwNTA5MA==,2014-12-23T15:29:50Z,2026-05-03T02:13:31Z,2026-04-28T19:03:33Z,7280,True,PEGTL,taocpp/PEGTL,git@github.com:taocpp/PEGTL.git,2121
MDEwOlJlcG9zaXRvcnkyODM5MTg1NQ==,2014-12-23T10:21:33Z,2026-04-25T08:33:30Z,2026-03-29T20:29:04Z,575,False,wcdx,Bekenn/wcdx,git@github.com:Bekenn/wcdx.git,45
MDEwOlJlcG9zaXRvcnkyODM1Nzc2Mw==,2014-12-22T20:28:56Z,2026-04-16T17:55:14Z,2026-04-16T17:55:09Z,4796,True,xdrpp,xdrpp/xdrpp,git@github.com:xdrpp/xdrpp.git,20
MDEwOlJlcG9zaXRvcnkyODM1MDkyNw==,2014-12-22T17:51:23Z,2026-04-24T10:59:13Z,2026-04-24T10:59:08Z,2071,True,xfce4-cpufreq-plugin,xfce-mirror/xfce4-cpufreq-plugin,git@github.com:xfce-mirror/xfce4-cpufreq-plugin.git,6
MDEwOlJlcG9zaXRvcnkyODMzMzkzMg==,2014-12-22T10:12:59Z,2026-04-24T01:21:29Z,2026-04-27T13:13:31Z,195317,True,tigl,DLR-SC/tigl,git@github.com:DLR-SC/tigl.git,285
MDEwOlJlcG9zaXRvcnkyODMwNzgwMA==,2014-12-21T17:58:30Z,2026-05-07T00:22:18Z,2026-03-06T11:45:46Z,360,True,nds-hb-menu,devkitPro/nds-hb-menu,git@github.com:devkitPro/nds-hb-menu.git,148
MDEwOlJlcG9zaXRvcnkyODMwMjY0OQ==,2014-12-21T14:47:30Z,2026-04-28T13:51:57Z,2026-05-01T16:14:38Z,1442,False,trains,jeanluct/trains,git@github.com:jeanluct/trains.git,2
MDEwOlJlcG9zaXRvcnkyODI0OTcyMw==,2014-12-19T23:01:54Z,2026-05-04T13:42:18Z,2026-05-04T13:42:02Z,11804,True,Ghoul,OpenSpace/Ghoul,git@github.com:OpenSpace/Ghoul.git,16
MDEwOlJlcG9zaXRvcnkyODIwNTUyMw==,2014-12-18T23:06:39Z,2026-04-08T03:10:16Z,2026-04-08T03:10:13Z,437233,True,FaBo,FaBoPlatform/FaBo,git@github.com:FaBoPlatform/FaBo.git,30
MDEwOlJlcG9zaXRvcnkyODE5MTM0OQ==,2014-12-18T16:25:07Z,2026-05-07T01:14:52Z,2026-04-27T22:29:54Z,5363,False,librw,aap/librw,git@github.com:aap/librw.git,765
MDEwOlJlcG9zaXRvcnkyODE4ODM4OQ==,2014-12-18T15:11:21Z,2026-04-27T22:10:49Z,2026-04-27T22:10:44Z,1941,True,gepetto-viewer-corba,Gepetto/gepetto-viewer-corba,git@github.com:Gepetto/gepetto-viewer-corba.git,17
MDEwOlJlcG9zaXRvcnkyODE3Mzc3MA==,2014-12-18T07:50:32Z,2026-05-02T18:08:27Z,2026-05-02T18:08:22Z,2923,True,gepetto-viewer,Gepetto/gepetto-viewer,git@github.com:Gepetto/gepetto-viewer.git,61
MDEwOlJlcG9zaXRvcnkyODE1MTEwOA==,2014-12-17T19:05:22Z,2026-05-03T00:40:41Z,2026-05-04T10:00:10Z,7084,True,opendht,savoirfairelinux/opendht,git@github.com:savoirfairelinux/opendht.git,1130
MDEwOlJlcG9zaXRvcnkyODE0OTQwOQ==,2014-12-17T18:16:59Z,2026-05-07T01:54:00Z,2026-05-06T20:13:39Z,278230,True,mlpack,mlpack/mlpack,git@github.com:mlpack/mlpack.git,5638
MDEwOlJlcG9zaXRvcnkyODEyMzg4Mw==,2014-12-17T06:09:33Z,2026-05-06T23:09:17Z,2026-05-06T22:27:41Z,231889,True,rigs-of-rods,RigsOfRods/rigs-of-rods,git@github.com:RigsOfRods/rigs-of-rods.git,1187
MDEwOlJlcG9zaXRvcnkyODA0NzU0NA==,2014-12-15T17:21:37Z,2026-05-05T15:23:24Z,2026-04-29T08:46:02Z,4291,False,cjieba,yanyiwu/cjieba,git@github.com:yanyiwu/cjieba.git,60
MDEwOlJlcG9zaXRvcnkyODAwNjc0OQ==,2014-12-14T20:22:24Z,2026-04-11T10:53:51Z,2026-04-11T10:53:48Z,6302,False,otcurrent_pi,Rasbats/otcurrent_pi,git@github.com:Rasbats/otcurrent_pi.git,3
MDEwOlJlcG9zaXRvcnkyODAwMjA2OQ==,2014-12-14T17:36:56Z,2026-05-05T06:27:58Z,2026-05-06T17:57:17Z,6876,False,bit7z,rikyoz/bit7z,git@github.com:rikyoz/bit7z.git,835
MDEwOlJlcG9zaXRvcnkyNzk0MTEzMA==,2014-12-12T22:42:34Z,2026-04-29T11:34:11Z,2026-04-22T11:37:49Z,47215,True,SLiM,MesserLab/SLiM,git@github.com:MesserLab/SLiM.git,218
MDEwOlJlcG9zaXRvcnkyNzkxODY5Nw==,2014-12-12T12:00:36Z,2026-05-06T05:22:17Z,2026-05-07T10:11:32Z,173719,True,mediasoup,versatica/mediasoup,git@github.com:versatica/mediasoup.git,7237
MDEwOlJlcG9zaXRvcnkyNzkxNzI2NQ==,2014-12-12T11:12:10Z,2026-05-03T12:58:21Z,2026-04-30T09:25:09Z,5104,True,astra-toolbox,astra-toolbox/astra-toolbox,git@github.com:astra-toolbox/astra-toolbox.git,597
MDEwOlJlcG9zaXRvcnkyNzkwODE4NA==,2014-12-12T06:22:49Z,2026-05-06T02:22:48Z,2026-05-06T02:22:43Z,542620,False,Sample,bg1bgst333/Sample,git@github.com:bg1bgst333/Sample.git,13
MDEwOlJlcG9zaXRvcnkyNzg4OTY5NA==,2014-12-11T20:12:30Z,2026-05-06T23:35:40Z,2026-05-06T23:35:36Z,10375,True,wangle,facebook/wangle,org-69631@github.com:facebook/wangle.git,3094
MDEwOlJlcG9zaXRvcnkyNzg3OTIwMQ==,2014-12-11T15:59:47Z,2026-04-10T14:59:46Z,2026-04-10T14:59:42Z,95,True,MeshToLabelMap,NIRALUser/MeshToLabelMap,git@github.com:NIRALUser/MeshToLabelMap.git,7
MDEwOlJlcG9zaXRvcnkyNzg3NTIyMw==,2014-12-11T14:28:09Z,2026-05-07T05:21:33Z,2026-04-23T20:33:58Z,93489,True,snort3,snort3/snort3,git@github.com:snort3/snort3.git,3318
MDEwOlJlcG9zaXRvcnkyNzgyOTQyNQ==,2014-12-10T16:49:11Z,2026-05-02T04:39:09Z,2026-03-10T10:26:23Z,3374,True,KMC,refresh-bio/KMC,git@github.com:refresh-bio/KMC.git,332
MDEwOlJlcG9zaXRvcnkyNzgyODA5Nw==,2014-12-10T16:17:52Z,2026-05-05T20:16:56Z,2026-05-05T20:16:51Z,154529,True,cpptraj,Amber-MD/cpptraj,git@github.com:Amber-MD/cpptraj.git,164
MDEwOlJlcG9zaXRvcnkyNzc4MDY2OA==,2014-12-09T18:32:40Z,2026-03-12T11:12:15Z,2026-03-28T14:17:43Z,228631,True,Normaliz,Normaliz/Normaliz,git@github.com:Normaliz/Normaliz.git,51
MDEwOlJlcG9zaXRvcnkyNzc3MTU5Mw==,2014-12-09T14:57:19Z,2026-04-27T08:55:43Z,2026-03-30T15:16:28Z,173798,True,XbimGeometry,xBimTeam/XbimGeometry,git@github.com:xBimTeam/XbimGeometry.git,290
MDEwOlJlcG9zaXRvcnkyNzczNDIxOQ==,2014-12-08T20:46:42Z,2026-05-05T07:26:02Z,2026-03-12T16:30:20Z,833,True,gdrcopy,NVIDIA/gdrcopy,git@github.com:NVIDIA/gdrcopy.git,1374
MDEwOlJlcG9zaXRvcnkyNzcyOTg4MA==,2014-12-08T18:58:53Z,2026-05-07T07:17:38Z,2026-05-07T10:05:59Z,605457,True,grpc,grpc/grpc,git@github.com:grpc/grpc.git,44715
MDEwOlJlcG9zaXRvcnkyNzcxOTI3Mw==,2014-12-08T14:43:51Z,2026-03-24T19:15:17Z,2026-03-24T19:15:13Z,91,False,cbraid,jeanluct/cbraid,git@github.com:jeanluct/cbraid.git,11
MDEwOlJlcG9zaXRvcnkyNzY3NTcxNg==,2014-12-07T16:08:34Z,2026-05-06T08:37:17Z,2026-05-07T04:22:46Z,173117,False,Einstein,pguyot/Einstein,git@github.com:pguyot/Einstein.git,524
MDEwOlJlcG9zaXRvcnkyNzU5NjYwMg==,2014-12-05T15:10:40Z,2026-05-05T14:51:58Z,2026-05-05T14:51:08Z,22097,True,coal,coal-library/coal,git@github.com:coal-library/coal.git,584
MDEwOlJlcG9zaXRvcnkyNzU5NDE4Nw==,2014-12-05T14:09:19Z,2026-05-06T18:48:09Z,2026-05-06T18:48:04Z,208750,True,qlever,ad-freiburg/qlever,git@github.com:ad-freiburg/qlever.git,828
MDEwOlJlcG9zaXRvcnkyNzU2NTc1NA==,2014-12-04T23:52:56Z,2026-05-07T08:46:32Z,2026-04-24T17:46:19Z,8136,False,webrtc-streamer,mpromonet/webrtc-streamer,git@github.com:mpromonet/webrtc-streamer.git,3558
MDEwOlJlcG9zaXRvcnkyNzU1NTc3Ng==,2014-12-04T19:15:34Z,2026-05-07T07:02:27Z,2026-05-07T07:02:21Z,868591,True,ACE_TAO,DOCGroup/ACE_TAO,git@github.com:DOCGroup/ACE_TAO.git,758
MDEwOlJlcG9zaXRvcnkyNzU1MTY3Mw==,2014-12-04T17:29:22Z,2026-04-27T21:38:05Z,2026-04-27T21:38:02Z,13326,True,mapviz,swri-robotics/mapviz,git@github.com:swri-robotics/mapviz.git,478
MDEwOlJlcG9zaXRvcnkyNzU0NjcwMg==,2014-12-04T15:29:24Z,2026-05-06T22:44:44Z,2026-05-06T22:51:01Z,2910,True,marti_common,swri-robotics/marti_common,git@github.com:swri-robotics/marti_common.git,52
MDEwOlJlcG9zaXRvcnkyNzUzMjkxNA==,2014-12-04T09:22:50Z,2026-04-03T21:48:23Z,2026-04-03T21:48:18Z,3072,True,ITKMinimalPathExtraction,InsightSoftwareConsortium/ITKMinimalPathExtraction,git@github.com:InsightSoftwareConsortium/ITKMinimalPathExtraction.git,34
MDEwOlJlcG9zaXRvcnkyNzUyODE4MA==,2014-12-04T07:13:14Z,2026-05-06T18:41:20Z,2026-04-26T14:49:48Z,2976,False,rprotobuf,eddelbuettel/rprotobuf,git@github.com:eddelbuettel/rprotobuf.git,81
MDEwOlJlcG9zaXRvcnkyNzUwNDU4MQ==,2014-12-03T19:48:18Z,2026-04-25T23:22:54Z,2026-04-25T23:22:56Z,2612,True,SIGNALDuino,RFD-FHEM/SIGNALDuino,git@github.com:RFD-FHEM/SIGNALDuino.git,92
MDEwOlJlcG9zaXRvcnkyNzUwMDI0Mw==,2014-12-03T18:02:17Z,2026-05-07T09:17:35Z,2026-05-07T05:57:05Z,321337,True,libphonenumber,google/libphonenumber,git@github.com:google/libphonenumber.git,17995
MDEwOlJlcG9zaXRvcnkyNzQ5NzAyMg==,2014-12-03T16:44:53Z,2026-04-27T09:09:30Z,2026-04-27T09:09:25Z,825,True,QtTesting,Kitware/QtTesting,git@github.com:Kitware/QtTesting.git,19
MDEwOlJlcG9zaXRvcnkyNzQ4Mzk4Ng==,2014-12-03T11:31:47Z,2026-04-24T11:06:49Z,2026-04-24T11:06:45Z,1811,True,xfce4-systemload-plugin,xfce-mirror/xfce4-systemload-plugin,git@github.com:xfce-mirror/xfce4-systemload-plugin.git,6
MDEwOlJlcG9zaXRvcnkyNzQ3MTEwOQ==,2014-12-03T05:31:35Z,2026-04-24T11:05:50Z,2026-04-24T11:05:46Z,4906,True,xfce4-sensors-plugin,xfce-mirror/xfce4-sensors-plugin,git@github.com:xfce-mirror/xfce4-sensors-plugin.git,4
MDEwOlJlcG9zaXRvcnkyNzQ1NjA0Mw==,2014-12-02T22:08:53Z,2026-05-01T02:38:33Z,2026-03-11T18:53:37Z,414,False,mvs-texturing,nmoehrle/mvs-texturing,git@github.com:nmoehrle/mvs-texturing.git,1074
MDEwOlJlcG9zaXRvcnkyNzQ1MDA5NA==,2014-12-02T19:43:20Z,2026-04-22T08:17:40Z,2026-04-26T06:43:22Z,15671,True,MoorDyn,FloatingArrayDesign/MoorDyn,git@github.com:FloatingArrayDesign/MoorDyn.git,99
MDEwOlJlcG9zaXRvcnkyNzQzNjQ5MQ==,2014-12-02T14:38:05Z,2026-05-07T11:17:11Z,2026-05-07T11:01:16Z,760636,False,QOwnNotes,pbek/QOwnNotes,git@github.com:pbek/QOwnNotes.git,5734
MDEwOlJlcG9zaXRvcnkyNzQzMDYxMg==,2014-12-02T12:02:15Z,2026-05-01T11:08:21Z,2026-05-01T11:08:18Z,92,False,buffer-cplusplus,ftena/buffer-cplusplus,git@github.com:ftena/buffer-cplusplus.git,0
MDEwOlJlcG9zaXRvcnkyNzQzMDI5Ng==,2014-12-02T11:52:41Z,2026-03-30T07:37:30Z,2026-03-30T07:44:28Z,115209,True,iGac,vczh-libraries/iGac,git@github.com:vczh-libraries/iGac.git,122
MDEwOlJlcG9zaXRvcnkyNzQyNTYzOA==,2014-12-02T09:46:00Z,2026-05-07T09:25:15Z,2026-05-07T01:46:22Z,229510,True,gem5,gem5/gem5,git@github.com:gem5/gem5.git,2598
MDEwOlJlcG9zaXRvcnkyNzM1ODA4NA==,2014-12-01T01:58:26Z,2026-05-07T05:38:26Z,2026-05-07T08:26:41Z,629309,True,proxysql,sysown/proxysql,git@github.com:sysown/proxysql.git,6725
MDEwOlJlcG9zaXRvcnkyNzM0Njg0Mw==,2014-11-30T19:15:13Z,2026-03-22T05:01:03Z,2026-03-07T13:07:21Z,105974,False,onut,Daivuk/onut,git@github.com:Daivuk/onut.git,51
MDEwOlJlcG9zaXRvcnkyNzMyOTIzMQ==,2014-11-30T08:19:29Z,2026-04-26T00:03:12Z,2026-04-26T03:09:08Z,38256,False,universalmol,BlueDragon747/universalmol,git@github.com:BlueDragon747/universalmol.git,3
MDEwOlJlcG9zaXRvcnkyNzI2ODgwOA==,2014-11-28T13:47:44Z,2026-05-06T16:36:18Z,2026-04-13T14:51:36Z,19325,False,mrustc,thepowersgang/mrustc,git@github.com:thepowersgang/mrustc.git,2458
MDEwOlJlcG9zaXRvcnkyNzE4NTI4NA==,2014-11-26T16:20:45Z,2026-05-07T04:25:37Z,2026-05-07T06:43:54Z,150318,True,QField,opengisch/QField,git@github.com:opengisch/QField.git,1243
MDEwOlJlcG9zaXRvcnkyNzE1NDAxNA==,2014-11-26T01:20:06Z,2026-05-02T11:28:41Z,2026-05-02T11:28:38Z,150324,False,V8,jeroen/V8,git@github.com:jeroen/V8.git,207
MDEwOlJlcG9zaXRvcnkyNzEzNjYyNg==,2014-11-25T17:06:28Z,2026-05-03T19:57:56Z,2026-04-29T05:25:09Z,3892,True,knxd,knxd/knxd,git@github.com:knxd/knxd.git,599
MDEwOlJlcG9zaXRvcnkyNzA5MTUzMw==,2014-11-24T19:34:40Z,2026-05-03T23:15:03Z,2026-05-03T23:44:06Z,204385,False,iterated-dynamics,LegalizeAdulthood/iterated-dynamics,git@github.com:LegalizeAdulthood/iterated-dynamics.git,46
MDEwOlJlcG9zaXRvcnkyNzA4NTgyMQ==,2014-11-24T17:11:12Z,2026-05-07T05:41:15Z,2026-05-07T01:14:39Z,67406,True,stellar-core,stellar/stellar-core,git@github.com:stellar/stellar-core.git,3281
MDEwOlJlcG9zaXRvcnkyNzA2OTk4MA==,2014-11-24T09:54:25Z,2026-05-05T15:26:32Z,2026-05-05T15:26:28Z,539151,False,CubeMiniGame,tangziwen/CubeMiniGame,git@github.com:tangziwen/CubeMiniGame.git,357
MDEwOlJlcG9zaXRvcnkyNzAyODEwOA==,2014-11-23T09:48:56Z,2026-03-26T14:19:16Z,2026-03-26T15:40:58Z,9232,True,hpddm,hpddm/hpddm,git@github.com:hpddm/hpddm.git,155
MDEwOlJlcG9zaXRvcnkyNjk4NzA0OQ==,2014-11-22T03:13:10Z,2026-05-06T21:12:50Z,2026-05-07T08:31:20Z,116795,True,zcash,zcash/zcash,git@github.com:zcash/zcash.git,5407
MDEwOlJlcG9zaXRvcnkyNjk4NTU5OQ==,2014-11-22T02:02:43Z,2026-05-07T07:04:50Z,2026-05-07T07:08:16Z,215712,True,libsbp,swift-nav/libsbp,git@github.com:swift-nav/libsbp.git,76
MDEwOlJlcG9zaXRvcnkyNjk2OTMwNg==,2014-11-21T17:08:22Z,2026-04-03T13:16:45Z,2026-05-06T20:49:25Z,540,True,droidmedia,sailfishos/droidmedia,git@github.com:sailfishos/droidmedia.git,17
MDEwOlJlcG9zaXRvcnkyNjk2MDA0OQ==,2014-11-21T12:55:37Z,2026-04-22T10:50:28Z,2026-04-17T13:13:32Z,1555,False,hmat-oss,jeromerobert/hmat-oss,git@github.com:jeromerobert/hmat-oss.git,26
MDEwOlJlcG9zaXRvcnkyNjk0MTA4OA==,2014-11-21T01:59:14Z,2026-05-05T21:59:54Z,2026-05-02T13:15:56Z,78395,False,project64,project64/project64,git@github.com:project64/project64.git,2941
MDEwOlJlcG9zaXRvcnkyNjkzMDA4Mg==,2014-11-20T20:17:58Z,2026-05-02T19:44:48Z,2026-05-02T19:44:44Z,18275,False,BodySlide-and-Outfit-Studio,ousnius/BodySlide-and-Outfit-Studio,git@github.com:ousnius/BodySlide-and-Outfit-Studio.git,343
MDEwOlJlcG9zaXRvcnkyNjkxOTA0OQ==,2014-11-20T15:41:23Z,2026-04-29T11:41:42Z,2026-04-29T11:41:38Z,6621,False,LABOTBOX,CRLG/LABOTBOX,git@github.com:CRLG/LABOTBOX.git,2
MDEwOlJlcG9zaXRvcnkyNjkxNzI1MA==,2014-11-20T14:59:01Z,2026-04-29T14:05:10Z,2026-04-09T01:29:49Z,175804,True,gStore,pkumod/gStore,git@github.com:pkumod/gStore.git,838
MDEwOlJlcG9zaXRvcnkyNjg3Nzg0NA==,2014-11-19T19:31:07Z,2026-03-31T12:21:16Z,2026-03-31T12:21:11Z,214,True,json,gap-packages/json,git@github.com:gap-packages/json.git,3
MDEwOlJlcG9zaXRvcnkyNjg1OTU4OQ==,2014-11-19T12:05:18Z,2026-05-05T00:47:01Z,2026-04-23T13:45:01Z,2455,True,torrent-file-editor,torrent-file-editor/torrent-file-editor,git@github.com:torrent-file-editor/torrent-file-editor.git,1075
MDEwOlJlcG9zaXRvcnkyNjgwOTE1Ng==,2014-11-18T12:55:20Z,2026-04-07T09:45:20Z,2026-04-07T09:45:35Z,913,True,aqt-stylesheets,Ableton/aqt-stylesheets,git@github.com:Ableton/aqt-stylesheets.git,227
MDEwOlJlcG9zaXRvcnkyNjc1MjU5NA==,2014-11-17T10:55:26Z,2026-04-29T03:04:44Z,2026-04-13T18:44:56Z,5854,True,gator,ARM-software/gator,git@github.com:ARM-software/gator.git,148
MDEwOlJlcG9zaXRvcnkyNjc0ODU3NQ==,2014-11-17T08:59:26Z,2026-05-04T05:44:49Z,2026-05-04T05:47:31Z,350,False,EGL,McNopper/EGL,git@github.com:McNopper/EGL.git,65
MDEwOlJlcG9zaXRvcnkyNjcwNjU0Mw==,2014-11-16T06:53:11Z,2026-05-03T01:41:13Z,2026-05-03T01:41:08Z,5949,False,kate-wakatime,Tatsh/kate-wakatime,git@github.com:Tatsh/kate-wakatime.git,15
MDEwOlJlcG9zaXRvcnkyNjY1MjM0MA==,2014-11-14T18:44:25Z,2026-05-04T16:01:44Z,2026-04-11T17:53:18Z,39568,True,gadgetron,gadgetron/gadgetron,git@github.com:gadgetron/gadgetron.git,258
MDEwOlJlcG9zaXRvcnkyNjUzOTgyNQ==,2014-11-12T14:30:50Z,2026-05-05T17:41:30Z,2026-05-05T17:41:25Z,1702,True,ismrmrd,ismrmrd/ismrmrd,git@github.com:ismrmrd/ismrmrd.git,123
MDEwOlJlcG9zaXRvcnkyNjUwMTcyNQ==,2014-11-11T19:56:24Z,2026-03-26T13:37:03Z,2026-03-30T15:56:04Z,10555,True,csdiff,csutils/csdiff,git@github.com:csutils/csdiff.git,24
MDEwOlJlcG9zaXRvcnkyNjQ5NjQxMg==,2014-11-11T17:40:58Z,2026-04-21T09:10:11Z,2026-04-21T09:10:05Z,107628,False,bertini_real,ofloveandhate/bertini_real,git@github.com:ofloveandhate/bertini_real.git,10
MDEwOlJlcG9zaXRvcnkyNjQ5NDAxOA==,2014-11-11T16:38:42Z,2026-05-07T09:29:20Z,2026-05-07T09:29:13Z,533809,True,winmerge,WinMerge/winmerge,git@github.com:WinMerge/winmerge.git,8771
MDEwOlJlcG9zaXRvcnkyNjQ3MzUyNg==,2014-11-11T07:01:49Z,2026-03-09T13:19:30Z,2026-03-09T13:19:26Z,849,True,corsair,fmihpc/corsair,git@github.com:fmihpc/corsair.git,1
MDEwOlJlcG9zaXRvcnkyNjQ0Nzc4Nw==,2014-11-10T17:45:02Z,2026-04-28T08:16:44Z,2026-03-04T12:23:56Z,71,True,twist_mux,ros-teleop/twist_mux,git@github.com:ros-teleop/twist_mux.git,80
MDEwOlJlcG9zaXRvcnkyNjMzODM2Ng==,2014-11-07T21:18:39Z,2026-05-06T19:49:38Z,2026-05-07T05:13:28Z,897516,True,bes,OPENDAP/bes,git@github.com:OPENDAP/bes.git,16
MDEwOlJlcG9zaXRvcnkyNjMwOTc5OQ==,2014-11-07T08:00:07Z,2026-05-07T03:56:09Z,2026-05-05T01:36:13Z,16684,True,qpid-proton,apache/qpid-proton,git@github.com:apache/qpid-proton.git,247
MDEwOlJlcG9zaXRvcnkyNjI2MjQ3Mg==,2014-11-06T09:16:43Z,2026-05-07T08:03:53Z,2026-05-07T08:03:48Z,6113,True,libbitcoin-node,libbitcoin/libbitcoin-node,git@github.com:libbitcoin/libbitcoin-node.git,119
MDEwOlJlcG9zaXRvcnkyNjI1NTMzNw==,2014-11-06T05:29:05Z,2026-05-07T07:12:13Z,2026-04-28T13:16:53Z,5001,False,concurrentqueue,cameron314/concurrentqueue,git@github.com:cameron314/concurrentqueue.git,12250
MDEwOlJlcG9zaXRvcnkyNjIzMTMzNw==,2014-11-05T17:35:47Z,2026-03-25T09:27:00Z,2026-03-25T09:28:21Z,432,False,xwa_ddraw_d3d11,JeremyAnsel/xwa_ddraw_d3d11,git@github.com:JeremyAnsel/xwa_ddraw_d3d11.git,49
MDEwOlJlcG9zaXRvcnkyNjIxNzUzNQ==,2014-11-05T11:58:12Z,2026-05-01T16:19:22Z,2026-04-29T13:25:49Z,20316,True,alpaka,alpaka-group/alpaka,git@github.com:alpaka-group/alpaka.git,413
MDEwOlJlcG9zaXRvcnkyNjE5NzY1NA==,2014-11-05T01:44:42Z,2026-03-02T15:04:34Z,2026-03-02T15:04:29Z,146,True,dfmta,cran/dfmta,git@github.com:cran/dfmta.git,1
MDEwOlJlcG9zaXRvcnkyNjE3MDUyNA==,2014-11-04T13:45:59Z,2026-05-04T20:38:29Z,2026-05-04T20:38:25Z,77948,False,beta-robotica-class,pbustos/beta-robotica-class,git@github.com:pbustos/beta-robotica-class.git,3
MDEwOlJlcG9zaXRvcnkyNjE1NzQ3Mg==,2014-11-04T07:18:10Z,2026-04-30T16:50:42Z,2026-04-12T23:07:24Z,8805,False,gofileseq,justinfx/gofileseq,git@github.com:justinfx/gofileseq.git,57
MDEwOlJlcG9zaXRvcnkyNjEyNzk2OA==,2014-11-03T16:36:53Z,2026-05-07T05:29:47Z,2026-05-06T01:55:05Z,110866,True,pikiwidb,OpenAtomFoundation/pikiwidb,git@github.com:OpenAtomFoundation/pikiwidb.git,6120
MDEwOlJlcG9zaXRvcnkyNjExMjA3NA==,2014-11-03T09:33:45Z,2026-03-04T13:44:35Z,2026-03-24T15:18:17Z,3492,True,basebox,bisdn/basebox,git@github.com:bisdn/basebox.git,49
MDEwOlJlcG9zaXRvcnkyNjA5NzI5NA==,2014-11-03T00:06:14Z,2026-05-07T02:29:22Z,2026-04-24T09:33:08Z,1699,False,QSimpleUpdater,alex-spataru/QSimpleUpdater,git@github.com:alex-spataru/QSimpleUpdater.git,1094
MDEwOlJlcG9zaXRvcnkyNjA2OTA5OQ==,2014-11-02T02:09:34Z,2026-04-30T21:18:25Z,2026-04-26T06:00:55Z,31986,True,viewtouch,ViewTouch/viewtouch,git@github.com:ViewTouch/viewtouch.git,214
MDEwOlJlcG9zaXRvcnkyNjA0MTc0NQ==,2014-11-01T04:30:45Z,2026-05-06T23:00:18Z,2026-05-06T23:00:15Z,8380,True,sourcepawn,alliedmodders/sourcepawn,git@github.com:alliedmodders/sourcepawn.git,415
MDEwOlJlcG9zaXRvcnkyNjAzODY0OA==,2014-11-01T01:28:53Z,2026-05-07T08:09:02Z,2026-04-18T18:58:37Z,42724,False,spdlog,gabime/spdlog,git@github.com:gabime/spdlog.git,28724
MDEwOlJlcG9zaXRvcnkyNTkyNzE2NA==,2014-10-29T15:24:26Z,2026-04-21T14:39:14Z,2026-04-21T14:39:09Z,134000,False,MyAutomatic,tsymiar/MyAutomatic,git@github.com:tsymiar/MyAutomatic.git,2
MDEwOlJlcG9zaXRvcnkyNTkxMzcyMA==,2014-10-29T09:33:09Z,2026-04-15T06:04:44Z,2026-05-07T09:12:53Z,30461,True,libdigidocpp,open-eid/libdigidocpp,git@github.com:open-eid/libdigidocpp.git,106
MDEwOlJlcG9zaXRvcnkyNTg4OTgwMg==,2014-10-28T20:58:33Z,2026-05-06T21:16:19Z,2026-03-07T03:06:52Z,19623,True,arrayfire,arrayfire/arrayfire,git@github.com:arrayfire/arrayfire.git,4881
MDEwOlJlcG9zaXRvcnkyNTY5OTE4MA==,2014-10-24T17:15:37Z,2026-04-29T14:51:57Z,2026-04-24T20:13:24Z,18372,False,genesis,lczech/genesis,git@github.com:lczech/genesis.git,67
MDEwOlJlcG9zaXRvcnkyNTY4MjEzMQ==,2014-10-24T09:53:24Z,2026-04-10T10:16:10Z,2026-04-10T10:16:03Z,26899,True,diana,metno/diana,git@github.com:metno/diana.git,32
MDEwOlJlcG9zaXRvcnkyNTY2MTg4NQ==,2014-10-23T23:09:17Z,2026-05-06T20:44:47Z,2026-05-06T20:44:43Z,27914,True,flux-sched,flux-framework/flux-sched,git@github.com:flux-framework/flux-sched.git,114
MDEwOlJlcG9zaXRvcnkyNTYzNjIxOA==,2014-10-23T12:38:32Z,2026-04-10T03:37:54Z,2026-04-16T09:51:43Z,757,True,updater,open-eid/updater,git@github.com:open-eid/updater.git,5
MDEwOlJlcG9zaXRvcnkyNTYxNzE2Mg==,2014-10-23T03:21:05Z,2026-04-25T15:36:08Z,2026-05-07T02:02:10Z,1191,False,node-re2,uhop/node-re2,git@github.com:uhop/node-re2.git,551
MDEwOlJlcG9zaXRvcnkyNTYwODM5Mg==,2014-10-22T22:55:08Z,2026-05-01T13:01:38Z,2026-04-22T02:03:12Z,590583,True,sw4,geodynamics/sw4,git@github.com:geodynamics/sw4.git,160
MDEwOlJlcG9zaXRvcnkyNTU4NjgyNA==,2014-10-22T14:46:51Z,2026-04-21T10:57:41Z,2026-04-21T11:00:14Z,19509,True,libstorage-ng,openSUSE/libstorage-ng,git@github.com:openSUSE/libstorage-ng.git,29
MDEwOlJlcG9zaXRvcnkyNTQ4MDA3Nw==,2014-10-20T18:20:51Z,2026-05-02T11:06:39Z,2026-03-27T15:31:07Z,304,True,web_video_server,RobotWebTools/web_video_server,git@github.com:RobotWebTools/web_video_server.git,378
MDEwOlJlcG9zaXRvcnkyNTQ3NTc0Mg==,2014-10-20T16:36:37Z,2026-04-01T21:26:55Z,2026-04-01T21:26:49Z,22722,True,xoreos-tools,xoreos/xoreos-tools,git@github.com:xoreos/xoreos-tools.git,75
MDEwOlJlcG9zaXRvcnkyNTQ3NTQyMw==,2014-10-20T16:29:04Z,2026-03-31T12:13:46Z,2026-03-31T12:13:41Z,1468,True,ferret,gap-packages/ferret,git@github.com:gap-packages/ferret.git,8
MDEwOlJlcG9zaXRvcnkyNTQ0Nzc0Nw==,2014-10-20T02:37:10Z,2026-03-21T15:29:42Z,2026-03-21T15:29:37Z,656,False,QScores-Archiver,rwanwork/QScores-Archiver,git@github.com:rwanwork/QScores-Archiver.git,1
MDEwOlJlcG9zaXRvcnkyNTQzNDAxMg==,2014-10-19T17:20:13Z,2026-05-01T03:59:09Z,2026-04-17T17:34:56Z,27809,True,dcm2niix,rordenlab/dcm2niix,git@github.com:rordenlab/dcm2niix.git,1151
MDEwOlJlcG9zaXRvcnkyNTQxOTg1OA==,2014-10-19T06:38:53Z,2026-05-05T17:32:39Z,2026-05-05T20:07:28Z,21967,True,LAStools,LAStools/LAStools,git@github.com:LAStools/LAStools.git,1050
MDEwOlJlcG9zaXRvcnkyNTQwMjU1NA==,2014-10-18T16:15:57Z,2026-05-07T10:44:33Z,2026-05-07T10:44:27Z,12798,False,edge,alefore/edge,git@github.com:alefore/edge.git,88
MDEwOlJlcG9zaXRvcnkyNTM5NzExNA==,2014-10-18T12:48:15Z,2026-05-05T21:53:21Z,2026-05-02T12:44:00Z,7179,True,double-conversion,google/double-conversion,git@github.com:google/double-conversion.git,1181
MDEwOlJlcG9zaXRvcnkyNTM4MDM4MQ==,2014-10-17T22:57:15Z,2026-05-07T10:50:43Z,2026-05-07T10:51:21Z,1966944,True,blinkid-ios,microblink/blinkid-ios,git@github.com:microblink/blinkid-ios.git,401
MDEwOlJlcG9zaXRvcnkyNTM2MDQzNw==,2014-10-17T13:54:09Z,2026-05-06T20:32:52Z,2026-05-06T20:32:47Z,120944,False,polyvr,Victor-Haefner/polyvr,git@github.com:Victor-Haefner/polyvr.git,42
MDEwOlJlcG9zaXRvcnkyNTMyNzI2OA==,2014-10-16T23:30:21Z,2026-04-27T02:24:06Z,2026-04-27T18:09:56Z,9082,False,python-seabreeze,ap--/python-seabreeze,git@github.com:ap--/python-seabreeze.git,247
MDEwOlJlcG9zaXRvcnkyNTMyMjk1Mg==,2014-10-16T21:37:40Z,2026-05-03T13:28:31Z,2026-05-03T13:33:24Z,106915,True,apt,michal-maruska/apt,git@github.com:michal-maruska/apt.git,0
MDEwOlJlcG9zaXRvcnkyNTI5ODYzMA==,2014-10-16T11:12:24Z,2026-05-06T09:29:36Z,2026-05-07T10:11:18Z,34058,True,etl,ETLCPP/etl,git@github.com:ETLCPP/etl.git,2989
MDEwOlJlcG9zaXRvcnkyNTI5MzMyOA==,2014-10-16T08:31:55Z,2026-04-21T12:51:58Z,2026-04-21T12:51:57Z,9552,True,event-driven,robotology/event-driven,git@github.com:robotology/event-driven.git,89
MDEwOlJlcG9zaXRvcnkyNTI3OTM4Ng==,2014-10-16T00:25:41Z,2026-04-17T02:35:28Z,2026-04-17T02:35:24Z,517,False,pscdrv,mdavidsaver/pscdrv,git@github.com:mdavidsaver/pscdrv.git,0
MDEwOlJlcG9zaXRvcnkyNTI3Njg0NQ==,2014-10-15T22:46:50Z,2026-05-01T21:44:12Z,2026-05-01T21:44:09Z,279,False,NeoPixel-60-Ring-Clock,andydoro/NeoPixel-60-Ring-Clock,git@github.com:andydoro/NeoPixel-60-Ring-Clock.git,17
MDEwOlJlcG9zaXRvcnkyNTIzNTE5MQ==,2014-10-15T02:16:15Z,2026-04-06T15:41:55Z,2026-04-06T15:41:53Z,11490,True,liquidfiles_unix,liquidfiles/liquidfiles_unix,git@github.com:liquidfiles/liquidfiles_unix.git,9
MDEwOlJlcG9zaXRvcnkyNTE2NDE3Ng==,2014-10-13T15:20:21Z,2026-05-07T10:27:23Z,2026-05-07T09:23:40Z,66202,False,DIE-engine,horsicq/DIE-engine,git@github.com:horsicq/DIE-engine.git,3066
MDEwOlJlcG9zaXRvcnkyNTE1NTUwMg==,2014-10-13T11:16:48Z,2026-04-01T19:46:55Z,2026-04-01T19:46:51Z,1054,False,Epsilon-Intersection,Jojendersie/Epsilon-Intersection,git@github.com:Jojendersie/Epsilon-Intersection.git,19
MDEwOlJlcG9zaXRvcnkyNTEzNTAzNw==,2014-10-12T23:18:57Z,2026-05-07T10:56:37Z,2026-05-06T23:49:32Z,1510544,True,deskflow,deskflow/deskflow,git@github.com:deskflow/deskflow.git,25618
MDEwOlJlcG9zaXRvcnkyNTA3OTQxNQ==,2014-10-11T13:37:23Z,2026-04-16T18:32:06Z,2026-04-16T18:31:59Z,219341,False,moving-rainbow,dmccreary/moving-rainbow,git@github.com:dmccreary/moving-rainbow.git,14
MDEwOlJlcG9zaXRvcnkyNTA2MDU1OQ==,2014-10-11T02:34:32Z,2026-05-07T03:19:34Z,2026-05-07T03:19:28Z,12552,True,cuemol2,CueMol/cuemol2,git@github.com:CueMol/cuemol2.git,18
MDEwOlJlcG9zaXRvcnkyNTA0MTU4OQ==,2014-10-10T15:30:40Z,2026-05-06T08:31:50Z,2026-03-30T23:50:25Z,3625,True,linnstrument-firmware,rogerlinndesign/linnstrument-firmware,git@github.com:rogerlinndesign/linnstrument-firmware.git,260
MDEwOlJlcG9zaXRvcnkyNTAyMTE1MQ==,2014-10-10T05:06:00Z,2026-04-19T20:48:05Z,2026-03-19T22:55:22Z,5463,False,g3log,KjellKod/g3log,git@github.com:KjellKod/g3log.git,958
MDEwOlJlcG9zaXRvcnkyNDk5MzEwMw==,2014-10-09T14:34:43Z,2026-05-05T16:10:42Z,2026-04-16T01:13:55Z,3537,True,woff2,google/woff2,git@github.com:google/woff2.git,1778
MDEwOlJlcG9zaXRvcnkyNDk1NDM3Ng==,2014-10-08T18:24:28Z,2026-05-06T16:57:13Z,2026-05-06T16:57:07Z,130477,True,ModbusScope,ModbusScope/ModbusScope,git@github.com:ModbusScope/ModbusScope.git,96
MDEwOlJlcG9zaXRvcnkyNDkzOTgwNA==,2014-10-08T12:35:46Z,2026-04-23T02:21:21Z,2026-04-23T02:21:17Z,269,True,ITKSubdivisionQuadEdgeMeshFilter,InsightSoftwareConsortium/ITKSubdivisionQuadEdgeMeshFilter,git@github.com:InsightSoftwareConsortium/ITKSubdivisionQuadEdgeMeshFilter.git,4
MDEwOlJlcG9zaXRvcnkyNDkxMTUxOQ==,2014-10-07T21:04:05Z,2026-05-06T18:42:04Z,2026-05-06T09:10:23Z,94485,False,PcapPlusPlus,seladb/PcapPlusPlus,git@github.com:seladb/PcapPlusPlus.git,3079
MDEwOlJlcG9zaXRvcnkyNDg5ODY0OA==,2014-10-07T16:00:34Z,2026-05-07T11:30:50Z,2026-05-07T11:31:31Z,189242,True,AliceO2,AliceO2Group/AliceO2,git@github.com:AliceO2Group/AliceO2.git,118
MDEwOlJlcG9zaXRvcnkyNDg5NzY0NQ==,2014-10-07T15:42:51Z,2026-05-07T03:21:56Z,2026-05-05T01:35:20Z,41259,True,pinocchio,stack-of-tasks/pinocchio,git@github.com:stack-of-tasks/pinocchio.git,3337
MDEwOlJlcG9zaXRvcnkyNDg4OTc1OQ==,2014-10-07T12:44:28Z,2026-03-07T21:55:34Z,2026-03-07T21:55:31Z,73941,True,espressopp,espressopp/espressopp,git@github.com:espressopp/espressopp.git,45
MDEwOlJlcG9zaXRvcnkyNDg4NDE3OA==,2014-10-07T09:27:20Z,2026-04-16T09:02:38Z,2026-04-08T15:26:17Z,5533,True,herbstluftwm,herbstluftwm/herbstluftwm,git@github.com:herbstluftwm/herbstluftwm.git,1154
MDEwOlJlcG9zaXRvcnkyNDg4MzA5OA==,2014-10-07T08:48:42Z,2026-04-09T20:03:42Z,2026-04-09T20:03:36Z,4053,True,qomp,qomp/qomp,git@github.com:qomp/qomp.git,23
MDEwOlJlcG9zaXRvcnkyNDg0MzY4Ng==,2014-10-06T11:48:27Z,2026-04-30T10:57:02Z,2026-04-30T10:57:33Z,495,True,phonesim,mer-qa/phonesim,git@github.com:mer-qa/phonesim.git,1
MDEwOlJlcG9zaXRvcnkyNDgyNDU2Mw==,2014-10-05T19:50:00Z,2026-04-06T21:47:37Z,2026-04-06T21:47:35Z,77056,True,Empirical,devosoft/Empirical,git@github.com:devosoft/Empirical.git,91
MDEwOlJlcG9zaXRvcnkyNDc3NjcyOA==,2014-10-03T23:18:42Z,2026-05-07T02:24:48Z,2026-05-07T02:24:42Z,27922,True,proxygen,facebook/proxygen,org-69631@github.com:facebook/proxygen.git,8345
MDEwOlJlcG9zaXRvcnkyNDc0NzcyMw==,2014-10-03T05:21:29Z,2026-05-07T07:32:51Z,2026-04-29T21:37:01Z,869,False,cxxopts,jarro2783/cxxopts,git@github.com:jarro2783/cxxopts.git,4760
MDEwOlJlcG9zaXRvcnkyNDcyNzgwMA==,2014-10-02T16:54:27Z,2026-05-05T15:11:34Z,2026-05-07T00:23:04Z,177297,True,vg,vgteam/vg,git@github.com:vgteam/vg.git,1307
MDEwOlJlcG9zaXRvcnkyNDcxMzc2OA==,2014-10-02T09:36:41Z,2026-04-23T23:15:22Z,2026-04-17T13:22:26Z,15775,True,hydrairc,HydraIRC/hydrairc,git@github.com:HydraIRC/hydrairc.git,38
MDEwOlJlcG9zaXRvcnkyNDY3NzM5Mg==,2014-10-01T12:22:47Z,2026-05-06T13:56:02Z,2026-04-28T19:17:50Z,728262,True,cgal,CGAL/cgal,git@github.com:CGAL/cgal.git,5881
MDEwOlJlcG9zaXRvcnkyNDY3NDQyNA==,2014-10-01T10:32:05Z,2026-05-06T19:00:55Z,2026-05-06T19:00:42Z,713340,True,cgal-dev,CGAL/cgal-dev,git@github.com:CGAL/cgal-dev.git,9
MDEwOlJlcG9zaXRvcnkyNDY1NTE0Mw==,2014-09-30T20:51:33Z,2026-05-07T00:30:55Z,2026-05-07T00:30:51Z,187771,True,allwpilib,wpilibsuite/allwpilib,git@github.com:wpilibsuite/allwpilib.git,1276
MDEwOlJlcG9zaXRvcnkyNDYzMzkzNA==,2014-09-30T10:22:50Z,2026-05-05T10:04:11Z,2026-03-27T08:00:50Z,259932,True,genn,genn-team/genn,git@github.com:genn-team/genn.git,274
MDEwOlJlcG9zaXRvcnkyNDYxNDYwNw==,2014-09-29T21:55:15Z,2026-04-10T02:47:58Z,2026-04-10T02:47:56Z,36,True,bell-ringer-web,WWU-TSS/bell-ringer-web,git@github.com:WWU-TSS/bell-ringer-web.git,0
MDEwOlJlcG9zaXRvcnkyNDYxMTk1MA==,2014-09-29T20:34:53Z,2026-05-06T19:33:35Z,2026-03-15T08:54:15Z,10935,False,lms,epoupon/lms,git@github.com:epoupon/lms.git,1587
MDEwOlJlcG9zaXRvcnkyNDYwNDgxOA==,2014-09-29T17:18:29Z,2026-04-06T22:42:29Z,2026-04-06T22:42:25Z,2114,True,HypoModBase,HypoModel/HypoModBase,git@github.com:HypoModel/HypoModBase.git,0
MDEwOlJlcG9zaXRvcnkyNDU5Nzg4Ng==,2014-09-29T14:10:40Z,2026-03-19T16:03:31Z,2026-03-09T11:18:03Z,48196,False,COMMIT,daducci/COMMIT,git@github.com:daducci/COMMIT.git,50
MDEwOlJlcG9zaXRvcnkyNDU3OTU5OQ==,2014-09-29T04:09:50Z,2026-04-23T11:40:38Z,2026-04-23T11:40:32Z,9024,True,ITKHigherOrderAccurateGradient,InsightSoftwareConsortium/ITKHigherOrderAccurateGradient,git@github.com:InsightSoftwareConsortium/ITKHigherOrderAccurateGradient.git,1
MDEwOlJlcG9zaXRvcnkyNDU3NTMwNQ==,2014-09-29T01:23:09Z,2026-05-04T14:26:09Z,2026-05-04T14:23:15Z,274649,False,HarmonyEngine,GameOverture/HarmonyEngine,git@github.com:GameOverture/HarmonyEngine.git,21
MDEwOlJlcG9zaXRvcnkyNDUyNzYzNQ==,2014-09-27T08:56:03Z,2026-04-20T17:31:47Z,2026-04-20T17:31:07Z,8996,True,bsnes2014,libretro/bsnes2014,git@github.com:libretro/bsnes2014.git,9
MDEwOlJlcG9zaXRvcnkyNDUxOTk4Nw==,2014-09-27T00:59:40Z,2026-05-06T12:58:41Z,2026-04-30T17:26:22Z,181869,True,squid,squid-cache/squid,git@github.com:squid-cache/squid.git,2952
MDEwOlJlcG9zaXRvcnkyNDUxNjczMg==,2014-09-26T21:59:19Z,2026-03-23T23:45:00Z,2026-03-23T23:44:55Z,19445,True,MAFOT,ORNL-Fusion/MAFOT,git@github.com:ORNL-Fusion/MAFOT.git,5
MDEwOlJlcG9zaXRvcnkyNDQ5NDAzMg==,2014-09-26T09:31:03Z,2026-05-06T15:23:41Z,2026-04-23T12:48:10Z,4796100,True,mysql-server,mysql/mysql-server,git@github.com:mysql/mysql-server.git,12257
MDEwOlJlcG9zaXRvcnkyNDQ3MDkzNA==,2014-09-25T18:52:20Z,2026-04-09T16:13:13Z,2026-04-09T16:13:07Z,126505,True,cosi2,broadinstitute/cosi2,git@github.com:broadinstitute/cosi2.git,5
MDEwOlJlcG9zaXRvcnkyNDQ2NTUzNQ==,2014-09-25T16:13:35Z,2026-05-05T07:06:35Z,2026-05-05T07:06:30Z,765,False,ppconsul,oliora/ppconsul,git@github.com:oliora/ppconsul.git,160
MDEwOlJlcG9zaXRvcnkyNDQ1NTI0MQ==,2014-09-25T11:22:18Z,2026-04-30T09:36:54Z,2026-04-30T09:36:49Z,9562,False,plugnscript,bluecataudio/plugnscript,git@github.com:bluecataudio/plugnscript.git,86
MDEwOlJlcG9zaXRvcnkyNDQ0MDg4MA==,2014-09-25T02:37:55Z,2026-04-27T17:40:00Z,2026-04-27T17:40:05Z,12502,True,contract,boostorg/contract,git@github.com:boostorg/contract.git,41
MDEwOlJlcG9zaXRvcnkyNDQxNTAwMg==,2014-09-24T12:59:25Z,2026-04-16T11:16:50Z,2026-04-16T11:16:46Z,939041,False,aleph_null.gen,skvadrik/aleph_null.gen,git@github.com:skvadrik/aleph_null.gen.git,1
MDEwOlJlcG9zaXRvcnkyNDQxMzEwMw==,2014-09-24T11:56:50Z,2026-05-07T02:29:31Z,2026-05-01T16:30:26Z,19545,False,QMPlay2,zaps166/QMPlay2,git@github.com:zaps166/QMPlay2.git,1137
MDEwOlJlcG9zaXRvcnkyNDQwMDY2OQ==,2014-09-24T04:25:09Z,2026-05-03T16:49:29Z,2026-05-03T16:49:26Z,9165,False,Incidence-System-Enumeration,andrei5055/Incidence-System-Enumeration,git@github.com:andrei5055/Incidence-System-Enumeration.git,1
MDEwOlJlcG9zaXRvcnkyNDM3OTk0MQ==,2014-09-23T16:37:29Z,2026-03-31T20:36:26Z,2026-03-18T19:23:39Z,287,True,Chrono,SofaPirate/Chrono,git@github.com:SofaPirate/Chrono.git,113
MDEwOlJlcG9zaXRvcnkyNDM0ODU5OA==,2014-09-22T22:56:03Z,2026-03-14T20:18:49Z,2026-03-14T20:18:45Z,1619,False,pyc,jplevyak/pyc,git@github.com:jplevyak/pyc.git,4
MDEwOlJlcG9zaXRvcnkyNDM0ODQ4OA==,2014-09-22T22:51:41Z,2026-03-11T23:29:19Z,2026-03-11T23:29:15Z,1225,False,ifa,jplevyak/ifa,git@github.com:jplevyak/ifa.git,13
MDEwOlJlcG9zaXRvcnkyNDMyNzczNw==,2014-09-22T12:31:06Z,2026-03-12T03:13:30Z,2026-04-07T16:05:25Z,571,True,highres-cortex,neurospin/highres-cortex,git@github.com:neurospin/highres-cortex.git,15
MDEwOlJlcG9zaXRvcnkyNDI5NzY1MA==,2014-09-21T17:21:59Z,2026-04-24T08:25:36Z,2026-03-27T00:08:34Z,46791,True,dmtcp,dmtcp/dmtcp,git@github.com:dmtcp/dmtcp.git,462
MDEwOlJlcG9zaXRvcnkyNDI3OTAzMw==,2014-09-21T01:35:01Z,2026-05-05T20:27:23Z,2026-04-24T20:07:39Z,18916,False,gbe-plus,shonumi/gbe-plus,git@github.com:shonumi/gbe-plus.git,589
MDEwOlJlcG9zaXRvcnkyNDI1OTk4Mw==,2014-09-20T10:22:40Z,2026-05-06T21:20:30Z,2026-05-06T21:20:26Z,877,False,cruft-ng,a-detiste/cruft-ng,git@github.com:a-detiste/cruft-ng.git,27
MDEwOlJlcG9zaXRvcnkyNDI1NDY1Ng==,2014-09-20T05:26:27Z,2026-05-06T15:16:14Z,2026-05-04T16:48:12Z,44838,True,MMapper,MUME/MMapper,git@github.com:MUME/MMapper.git,45
MDEwOlJlcG9zaXRvcnkyNDE0NTY5Ng==,2014-09-17T13:25:12Z,2026-04-23T01:42:08Z,2026-04-23T22:17:41Z,197659,False,nuSQuIDS,arguelles/nuSQuIDS,git@github.com:arguelles/nuSQuIDS.git,28
MDEwOlJlcG9zaXRvcnkyNDEzNjM0Ng==,2014-09-17T08:28:33Z,2026-03-18T08:56:41Z,2026-03-18T08:56:37Z,2320,True,Lima-camera-eiger,soleil-ica/Lima-camera-eiger,git@github.com:soleil-ica/Lima-camera-eiger.git,2
MDEwOlJlcG9zaXRvcnkyNDEzNDkzNw==,2014-09-17T07:42:20Z,2026-03-01T02:24:23Z,2026-03-14T10:47:37Z,417,False,myMusicPlayer,angeiv/myMusicPlayer,git@github.com:angeiv/myMusicPlayer.git,5
MDEwOlJlcG9zaXRvcnkyNDEzMjAyMw==,2014-09-17T06:00:59Z,2026-05-01T08:38:11Z,2026-04-23T22:38:49Z,1646,True,RF24Mesh,nRF24/RF24Mesh,git@github.com:nRF24/RF24Mesh.git,451
MDEwOlJlcG9zaXRvcnkyNDA5MzQ5Mw==,2014-09-16T09:31:25Z,2026-04-04T16:55:16Z,2026-05-04T19:46:04Z,186073,False,OpenMoBu,Neill3d/OpenMoBu,git@github.com:Neill3d/OpenMoBu.git,122
MDEwOlJlcG9zaXRvcnkyNDA1ODE2Mw==,2014-09-15T13:49:26Z,2026-04-17T14:06:24Z,2026-04-17T14:06:19Z,28324,True,podio,AIDASoft/podio,git@github.com:AIDASoft/podio.git,33
MDEwOlJlcG9zaXRvcnkyMzk1NjQyOA==,2014-09-12T10:27:46Z,2026-04-29T06:48:24Z,2026-04-17T17:17:38Z,13335,True,diskspd,microsoft/diskspd,git@github.com:microsoft/diskspd.git,1372
MDEwOlJlcG9zaXRvcnkyMzk1NTA5MQ==,2014-09-12T09:41:20Z,2026-05-05T12:58:48Z,2026-05-05T20:28:17Z,1535652,False,anki-3d-engine,godlikepanos/anki-3d-engine,git@github.com:godlikepanos/anki-3d-engine.git,1580
MDEwOlJlcG9zaXRvcnkyMzk0MzYyNA==,2014-09-12T02:18:25Z,2026-05-05T16:21:09Z,2026-04-04T13:56:21Z,21,True,dolphin-insync-plugin,insynchq/dolphin-insync-plugin,git@github.com:insynchq/dolphin-insync-plugin.git,5
MDEwOlJlcG9zaXRvcnkyMzkzNzgwNA==,2014-09-11T22:17:22Z,2026-05-04T22:23:46Z,2026-05-02T12:26:49Z,11335,True,OpenSprinkler-Firmware,OpenSprinkler/OpenSprinkler-Firmware,git@github.com:OpenSprinkler/OpenSprinkler-Firmware.git,537
MDEwOlJlcG9zaXRvcnkyMzkzMTY0Mg==,2014-09-11T19:01:03Z,2026-05-02T04:25:20Z,2026-05-06T17:26:00Z,10056,False,SeqArray,zhengxwen/SeqArray,git@github.com:zhengxwen/SeqArray.git,46
MDEwOlJlcG9zaXRvcnkyMzkyNjY0Mw==,2014-09-11T16:40:16Z,2026-05-04T06:53:07Z,2026-05-04T06:52:59Z,203575,False,namecoin-core,domob1812/namecoin-core,git@github.com:domob1812/namecoin-core.git,39
MDEwOlJlcG9zaXRvcnkyMzkxNzEyNg==,2014-09-11T12:23:38Z,2026-04-23T11:49:15Z,2026-03-16T17:25:52Z,3059,False,ht,sebastianbiallas/ht,git@github.com:sebastianbiallas/ht.git,426
MDEwOlJlcG9zaXRvcnkyMzkwNjA3OA==,2014-09-11T05:54:40Z,2026-05-07T09:06:39Z,2026-05-07T09:36:32Z,418049,False,rssguard,martinrotter/rssguard,git@github.com:martinrotter/rssguard.git,2555
MDEwOlJlcG9zaXRvcnkyMzg4ODAyMg==,2014-09-10T19:02:41Z,2026-05-02T16:07:41Z,2026-05-02T16:07:43Z,31289,True,rts2,RTS2/rts2,git@github.com:RTS2/rts2.git,44
MDEwOlJlcG9zaXRvcnkyMzgyMTQyMg==,2014-09-09T06:04:59Z,2026-04-07T13:54:44Z,2026-05-04T15:08:56Z,3015,True,fatal,facebook/fatal,org-69631@github.com:facebook/fatal.git,1018
MDEwOlJlcG9zaXRvcnkyMzgwOTE4MA==,2014-09-08T21:30:48Z,2026-04-13T22:48:33Z,2026-05-07T04:01:54Z,1405360,True,NUbots,NUbots/NUbots,git@github.com:NUbots/NUbots.git,40
MDEwOlJlcG9zaXRvcnkyMzc5MzIwOA==,2014-09-08T14:09:15Z,2026-03-19T04:24:25Z,2026-04-29T23:53:47Z,124687,True,redist,alarm-redist/redist,git@github.com:alarm-redist/redist.git,74
MDEwOlJlcG9zaXRvcnkyMzc0NDE2Mg==,2014-09-06T20:08:24Z,2026-05-07T10:07:50Z,2026-05-07T10:07:45Z,9114,True,libbitcoin-server,libbitcoin/libbitcoin-server,git@github.com:libbitcoin/libbitcoin-server.git,165
MDEwOlJlcG9zaXRvcnkyMzcyNzAxNg==,2014-09-06T04:49:22Z,2026-04-25T14:48:00Z,2026-04-25T14:47:55Z,14470,True,CHiPPS-BLIS,coin-or/CHiPPS-BLIS,git@github.com:coin-or/CHiPPS-BLIS.git,8
MDEwOlJlcG9zaXRvcnkyMzcyNjg5Mw==,2014-09-06T04:42:41Z,2026-04-25T14:27:31Z,2026-04-25T14:27:26Z,47539,True,CHiPPS-ALPS,coin-or/CHiPPS-ALPS,git@github.com:coin-or/CHiPPS-ALPS.git,11
MDEwOlJlcG9zaXRvcnkyMzcyMzA0Mw==,2014-09-06T00:53:50Z,2026-05-06T10:55:41Z,2026-04-25T22:55:44Z,3270,False,zimg,sekrit-twc/zimg,git@github.com:sekrit-twc/zimg.git,465
MDEwOlJlcG9zaXRvcnkyMzY5MDIyNg==,2014-09-05T04:28:23Z,2026-05-07T10:54:41Z,2026-04-13T14:23:22Z,482753,True,xray-16,OpenXRay/xray-16,git@github.com:OpenXRay/xray-16.git,3474
MDEwOlJlcG9zaXRvcnkyMzY0OTkwNA==,2014-09-04T05:39:34Z,2026-05-07T09:23:36Z,2026-05-07T09:23:30Z,7217694,True,Cataclysm-BN,cataclysmbn/Cataclysm-BN,git@github.com:cataclysmbn/Cataclysm-BN.git,1044
MDEwOlJlcG9zaXRvcnkyMzYzNjU4OA==,2014-09-03T20:36:55Z,2026-05-04T17:29:54Z,2026-05-04T17:30:41Z,209886,False,photobroom,Kicer86/photobroom,git@github.com:Kicer86/photobroom.git,10
MDEwOlJlcG9zaXRvcnkyMzYyOTkxMw==,2014-09-03T17:20:12Z,2026-04-21T16:06:17Z,2026-05-06T19:01:37Z,57810,True,arcgis-maps-sdk-toolkit-qt,Esri/arcgis-maps-sdk-toolkit-qt,git@github.com:Esri/arcgis-maps-sdk-toolkit-qt.git,145
MDEwOlJlcG9zaXRvcnkyMzU5MzE1Mw==,2014-09-02T19:47:43Z,2026-04-01T21:26:59Z,2026-04-01T21:26:52Z,3384,True,phaethon,xoreos/phaethon,git@github.com:xoreos/phaethon.git,24
MDEwOlJlcG9zaXRvcnkyMzU4NzY1Nw==,2014-09-02T17:09:33Z,2026-04-17T01:25:50Z,2026-04-17T01:25:45Z,710,True,fe_diaggui,JeffersonLab/fe_diaggui,git@github.com:JeffersonLab/fe_diaggui.git,1
MDEwOlJlcG9zaXRvcnkyMzU1MjI1OA==,2014-09-01T18:44:17Z,2026-03-18T07:34:18Z,2026-03-18T07:34:14Z,6493,True,xgboost,cran/xgboost,git@github.com:cran/xgboost.git,6
MDEwOlJlcG9zaXRvcnkyMzU0NTU1NQ==,2014-09-01T14:40:28Z,2026-05-01T16:35:10Z,2026-05-04T20:14:12Z,6127,True,KDReports,KDAB/KDReports,git@github.com:KDAB/KDReports.git,149
MDEwOlJlcG9zaXRvcnkyMzQ3Mzk5OA==,2014-08-29T18:41:32Z,2026-04-25T16:08:24Z,2026-04-22T07:46:53Z,6201,True,libaddressinput,google/libaddressinput,git@github.com:google/libaddressinput.git,617
MDEwOlJlcG9zaXRvcnkyMzQxODUzNA==,2014-08-28T07:00:59Z,2026-04-28T21:54:29Z,2026-04-29T00:32:24Z,33269,False,RabbitIm,KangLin/RabbitIm,git@github.com:KangLin/RabbitIm.git,546
MDEwOlJlcG9zaXRvcnkyMzQwNTc1OA==,2014-08-27T21:17:52Z,2026-05-07T10:50:56Z,2026-03-11T04:06:29Z,1848,True,leveldb,google/leveldb,git@github.com:google/leveldb.git,39013
MDEwOlJlcG9zaXRvcnkyMzQwMDExMA==,2014-08-27T18:09:27Z,2026-04-30T03:15:35Z,2026-04-07T23:29:39Z,43609,False,tinyexr,syoyo/tinyexr,git@github.com:syoyo/tinyexr.git,810
MDEwOlJlcG9zaXRvcnkyMzM4MDAwMg==,2014-08-27T06:55:05Z,2026-04-18T01:27:32Z,2026-04-18T01:36:59Z,2867,True,bwmf,BourbonWarfare/bwmf,git@github.com:BourbonWarfare/bwmf.git,18
MDEwOlJlcG9zaXRvcnkyMzM3NjM2MQ==,2014-08-27T04:08:08Z,2026-04-29T12:33:05Z,2026-04-29T12:33:01Z,287,True,ITKStrain,KitwareMedical/ITKStrain,git@github.com:KitwareMedical/ITKStrain.git,10
MDEwOlJlcG9zaXRvcnkyMzM2NzgxNQ==,2014-08-26T21:42:58Z,2026-05-05T17:09:25Z,2026-05-01T15:15:13Z,1005,True,obs-browser,obsproject/obs-browser,git@github.com:obsproject/obs-browser.git,888
MDEwOlJlcG9zaXRvcnkyMzM1NzU4OA==,2014-08-26T15:52:15Z,2026-05-07T08:14:36Z,2026-05-07T11:40:06Z,222317,True,protobuf,protocolbuffers/protobuf,git@github.com:protocolbuffers/protobuf.git,71188
MDEwOlJlcG9zaXRvcnkyMzMyMjY2Mw==,2014-08-25T17:39:05Z,2026-05-05T05:29:39Z,2026-04-20T18:22:13Z,166230,True,fritzing-app,fritzing/fritzing-app,git@github.com:fritzing/fritzing-app.git,4675
MDEwOlJlcG9zaXRvcnkyMzI5NDQ4MQ==,2014-08-24T22:17:10Z,2026-05-05T03:11:52Z,2026-03-24T21:22:14Z,35230,True,litehtml,litehtml/litehtml,git@github.com:litehtml/litehtml.git,2329
MDEwOlJlcG9zaXRvcnkyMzI3NzMzNw==,2014-08-24T09:13:17Z,2026-05-05T21:14:34Z,2026-04-25T02:30:14Z,27703,False,openal-soft,kcat/openal-soft,git@github.com:kcat/openal-soft.git,2669
MDEwOlJlcG9zaXRvcnkyMzI1MzA0NQ==,2014-08-23T10:00:28Z,2026-05-06T01:27:43Z,2026-03-05T11:32:16Z,46265,False,drakvuf,tklengyel/drakvuf,git@github.com:tklengyel/drakvuf.git,1233
MDEwOlJlcG9zaXRvcnkyMzIyOTkwOQ==,2014-08-22T15:22:20Z,2026-04-01T01:54:52Z,2026-05-05T08:20:12Z,70356,True,kwiver,Kitware/kwiver,git@github.com:Kitware/kwiver.git,199
MDEwOlJlcG9zaXRvcnkyMzIyODc3Nw==,2014-08-22T14:48:49Z,2026-04-18T13:42:05Z,2026-04-18T13:42:00Z,1552,False,MachinTruc,hftom/MachinTruc,git@github.com:hftom/MachinTruc.git,25
MDEwOlJlcG9zaXRvcnkyMzIwMjc5OQ==,2014-08-21T20:57:45Z,2026-05-02T13:03:32Z,2026-04-21T22:49:32Z,11085,True,cpprestsdk,microsoft/cpprestsdk,git@github.com:microsoft/cpprestsdk.git,8264
MDEwOlJlcG9zaXRvcnkyMzIwMjE2Ng==,2014-08-21T20:36:33Z,2026-05-06T17:11:26Z,2026-05-06T22:08:05Z,330341,True,windninja,firelab/windninja,git@github.com:firelab/windninja.git,159
MDEwOlJlcG9zaXRvcnkyMzE5MzAwOA==,2014-08-21T15:42:26Z,2026-03-11T21:56:00Z,2026-03-11T21:55:56Z,197,False,littl,minexew/littl,git@github.com:minexew/littl.git,0
MDEwOlJlcG9zaXRvcnkyMzE3OTAxOQ==,2014-08-21T08:00:56Z,2026-05-07T09:51:13Z,2026-05-07T09:51:08Z,7214,False,stu,kunegis/stu,git@github.com:kunegis/stu.git,40
MDEwOlJlcG9zaXRvcnkyMzE2MjQ5OA==,2014-08-20T20:08:13Z,2026-03-13T19:27:36Z,2026-03-13T19:27:30Z,586,True,Slicer-PETDICOMExtension,QIICR/Slicer-PETDICOMExtension,git@github.com:QIICR/Slicer-PETDICOMExtension.git,20
MDEwOlJlcG9zaXRvcnkyMzE0Mjc5Mw==,2014-08-20T09:15:13Z,2026-05-07T09:51:48Z,2026-05-07T11:17:40Z,2037,True,qtwebview,qt/qtwebview,git@github.com:qt/qtwebview.git,38
MDEwOlJlcG9zaXRvcnkyMzEyOTQ1OA==,2014-08-19T23:44:50Z,2026-05-07T11:03:07Z,2026-05-06T22:15:30Z,47254,True,aseprite,aseprite/aseprite,git@github.com:aseprite/aseprite.git,36869
MDEwOlJlcG9zaXRvcnkyMzEwMDQ5NA==,2014-08-19T07:09:41Z,2026-05-07T07:22:50Z,2026-05-07T07:22:46Z,5238,True,qtremoteobjects,qt/qtremoteobjects,git@github.com:qt/qtremoteobjects.git,43
MDEwOlJlcG9zaXRvcnkyMzA2OTQ1MQ==,2014-08-18T11:55:36Z,2026-04-30T00:29:29Z,2026-04-30T00:29:20Z,777005,False,touhoukill,lwtmusou/touhoukill,git@github.com:lwtmusou/touhoukill.git,46
MDEwOlJlcG9zaXRvcnkyMzA2MTc5OA==,2014-08-18T07:01:07Z,2026-05-07T08:31:09Z,2026-05-07T08:31:04Z,20601,True,seastar,scylladb/seastar,git@github.com:scylladb/seastar.git,9213
MDEwOlJlcG9zaXRvcnkyMzA0MTM3MQ==,2014-08-17T13:43:22Z,2026-04-22T02:01:16Z,2026-05-03T14:08:50Z,97520,True,AscEmu,AscEmu/AscEmu,git@github.com:AscEmu/AscEmu.git,103
MDEwOlJlcG9zaXRvcnkyMzAzODMzNA==,2014-08-17T10:39:37Z,2026-05-07T06:43:11Z,2026-05-05T18:11:55Z,331238,True,crawl,crawl/crawl,git@github.com:crawl/crawl.git,2858
MDEwOlJlcG9zaXRvcnkyMzAxMzQ4NQ==,2014-08-16T07:51:27Z,2026-03-04T05:23:38Z,2026-05-07T07:55:29Z,3190,True,shapelet,lsst/shapelet,git@github.com:lsst/shapelet.git,4
MDEwOlJlcG9zaXRvcnkyMzAxMzQ2MA==,2014-08-16T07:50:36Z,2026-04-30T04:12:19Z,2026-05-06T23:22:44Z,142133,True,qserv,lsst/qserv,git@github.com:lsst/qserv.git,35
MDEwOlJlcG9zaXRvcnkyMzAxMzE3NQ==,2014-08-16T07:37:40Z,2026-05-06T19:14:43Z,2026-05-07T07:50:36Z,50426,True,afw,lsst/afw,git@github.com:lsst/afw.git,24
MDEwOlJlcG9zaXRvcnkyMzAwNzQxNw==,2014-08-16T00:55:31Z,2026-05-07T07:57:52Z,2026-05-06T20:51:14Z,79239,True,colmap,colmap/colmap,git@github.com:colmap/colmap.git,11619
MDEwOlJlcG9zaXRvcnkyMjk4OTI4Mw==,2014-08-15T12:45:04Z,2026-03-05T13:39:29Z,2026-03-05T13:39:22Z,3840,True,RcppParallel,cran/RcppParallel,git@github.com:cran/RcppParallel.git,0
MDEwOlJlcG9zaXRvcnkyMjk4NzEyOA==,2014-08-15T11:05:42Z,2026-04-28T14:16:17Z,2026-05-07T05:48:55Z,127353,False,alamode,ttadano/alamode,git@github.com:ttadano/alamode.git,191
MDEwOlJlcG9zaXRvcnkyMjk3OTMxNg==,2014-08-15T05:16:04Z,2026-04-23T02:24:12Z,2026-04-23T02:24:06Z,127,True,ITKIOTransformDCMTK,InsightSoftwareConsortium/ITKIOTransformDCMTK,git@github.com:InsightSoftwareConsortium/ITKIOTransformDCMTK.git,3
MDEwOlJlcG9zaXRvcnkyMjk3NDQ5OA==,2014-08-15T01:38:02Z,2026-04-29T02:07:10Z,2026-05-05T17:49:35Z,5076,True,kr_mav_control,KumarRobotics/kr_mav_control,git@github.com:KumarRobotics/kr_mav_control.git,149
MDEwOlJlcG9zaXRvcnkyMjk1MjU1Nw==,2014-08-14T12:18:59Z,2026-04-15T03:33:44Z,2026-03-18T09:13:04Z,451,False,nihstro,neobrain/nihstro,git@github.com:neobrain/nihstro.git,101
MDEwOlJlcG9zaXRvcnkyMjkyMjI4Ng==,2014-08-13T16:16:15Z,2026-04-14T06:37:33Z,2026-03-12T12:07:00Z,21948,False,jlib,captainwong/jlib,git@github.com:captainwong/jlib.git,6
MDEwOlJlcG9zaXRvcnkyMjkxMjI0Mw==,2014-08-13T10:45:10Z,2026-03-13T13:40:21Z,2026-03-13T13:40:17Z,5716,True,picasso,cran/picasso,git@github.com:cran/picasso.git,1
MDEwOlJlcG9zaXRvcnkyMjkwMjMwMA==,2014-08-13T04:14:41Z,2026-04-30T14:32:42Z,2026-04-30T14:31:31Z,25075,True,ITKUltrasound,KitwareMedical/ITKUltrasound,git@github.com:KitwareMedical/ITKUltrasound.git,55
MDEwOlJlcG9zaXRvcnkyMjkwMjAwOA==,2014-08-13T04:00:21Z,2026-04-29T16:39:08Z,2026-04-29T16:39:03Z,3505,True,ITKPerformanceBenchmarking,InsightSoftwareConsortium/ITKPerformanceBenchmarking,git@github.com:InsightSoftwareConsortium/ITKPerformanceBenchmarking.git,2
MDEwOlJlcG9zaXRvcnkyMjg5MjkzNQ==,2014-08-12T21:20:53Z,2026-04-02T02:25:40Z,2026-03-17T17:26:57Z,81033,True,hector,JGCRI/hector,git@github.com:JGCRI/hector.git,124
MDEwOlJlcG9zaXRvcnkyMjg4OTE0Nw==,2014-08-12T19:11:25Z,2026-05-03T05:08:13Z,2026-03-06T22:31:28Z,76599,False,rivendell,ElvishArtisan/rivendell,git@github.com:ElvishArtisan/rivendell.git,237
MDEwOlJlcG9zaXRvcnkyMjg4NzA5NA==,2014-08-12T18:04:59Z,2026-05-07T11:14:39Z,2026-04-27T05:53:42Z,53813,True,tesseract,tesseract-ocr/tesseract,git@github.com:tesseract-ocr/tesseract.git,73946
MDEwOlJlcG9zaXRvcnkyMjg1MjQ3NA==,2014-08-11T19:48:56Z,2026-05-07T10:57:32Z,2026-05-07T05:56:45Z,56561,True,rtabmap_ros,introlab/rtabmap_ros,git@github.com:introlab/rtabmap_ros.git,1419
MDEwOlJlcG9zaXRvcnkyMjg1MDExMA==,2014-08-11T18:38:14Z,2026-05-07T02:32:30Z,2026-05-05T18:15:37Z,67180,True,rtabmap,introlab/rtabmap,git@github.com:introlab/rtabmap.git,3757
MDEwOlJlcG9zaXRvcnkyMjgzMzgwMQ==,2014-08-11T09:28:41Z,2026-04-27T11:27:18Z,2026-04-22T18:56:02Z,406018,True,polserver,polserver/polserver,git@github.com:polserver/polserver.git,146
MDEwOlJlcG9zaXRvcnkyMjgyMTY3NA==,2014-08-11T00:03:57Z,2026-05-07T08:42:57Z,2026-05-07T08:42:52Z,380133,True,ddnet,ddnet/ddnet,git@github.com:ddnet/ddnet.git,774
MDEwOlJlcG9zaXRvcnkyMjgxNTQ5MA==,2014-08-10T18:19:41Z,2026-04-30T12:24:51Z,2026-03-06T15:09:58Z,1304,False,ttyhlauncher,dngulin/ttyhlauncher,git@github.com:dngulin/ttyhlauncher.git,15
MDEwOlJlcG9zaXRvcnkyMjc5ODA5Mw==,2014-08-10T00:24:05Z,2026-05-07T09:16:43Z,2026-05-07T09:16:24Z,11092,True,mvsim,MRPT/mvsim,git@github.com:MRPT/mvsim.git,402
MDEwOlJlcG9zaXRvcnkyMjc5NzQxNQ==,2014-08-09T23:32:11Z,2026-05-03T18:27:54Z,2026-04-28T05:13:47Z,508,True,pytest-cpp,pytest-dev/pytest-cpp,git@github.com:pytest-dev/pytest-cpp.git,144
MDEwOlJlcG9zaXRvcnkyMjc4NjUyNA==,2014-08-09T13:17:53Z,2026-05-07T10:40:02Z,2026-05-07T10:39:59Z,102743,True,gerbera,gerbera/gerbera,git@github.com:gerbera/gerbera.git,1360
MDEwOlJlcG9zaXRvcnkyMjc3NjYwNg==,2014-08-09T02:02:32Z,2026-05-06T20:41:04Z,2026-05-06T21:09:36Z,719252,True,GRSISort,GRIFFINCollaboration/GRSISort,git@github.com:GRIFFINCollaboration/GRSISort.git,22
MDEwOlJlcG9zaXRvcnkyMjc2MTkyMw==,2014-08-08T15:15:52Z,2026-05-06T16:14:03Z,2026-05-06T16:13:58Z,48270,False,Kvantum,tsujan/Kvantum,git@github.com:tsujan/Kvantum.git,1957
MDEwOlJlcG9zaXRvcnkyMjc1ODQzNQ==,2014-08-08T13:22:46Z,2026-05-05T02:13:12Z,2026-03-03T18:35:43Z,83166,True,mygui,MyGUI/mygui,git@github.com:MyGUI/mygui.git,821
MDEwOlJlcG9zaXRvcnkyMjczNzMzMw==,2014-08-07T21:36:38Z,2026-05-05T23:42:10Z,2026-05-05T08:12:22Z,10072,True,rclcpp,ros2/rclcpp,git@github.com:ros2/rclcpp.git,748
MDEwOlJlcG9zaXRvcnkyMjY2MDUxNQ==,2014-08-05T21:43:51Z,2026-05-07T00:52:03Z,2026-04-22T08:31:15Z,7298,True,doctest,doctest/doctest,git@github.com:doctest/doctest.git,6701
MDEwOlJlcG9zaXRvcnkyMjY0OTI0NQ==,2014-08-05T15:46:00Z,2026-04-21T08:51:22Z,2026-04-21T08:53:14Z,378808,True,WCSim,WCSim/WCSim,git@github.com:WCSim/WCSim.git,50
MDEwOlJlcG9zaXRvcnkyMjY0MDc5MQ==,2014-08-05T11:16:04Z,2026-05-01T03:44:20Z,2026-05-01T03:57:45Z,27698,False,Galil,motorapp/Galil,git@github.com:motorapp/Galil.git,12
MDEwOlJlcG9zaXRvcnkyMjYwMjMyNw==,2014-08-04T11:53:24Z,2026-05-06T19:11:54Z,2026-05-04T23:34:23Z,77917,True,phaseField,prisms-center/phaseField,git@github.com:prisms-center/phaseField.git,322
MDEwOlJlcG9zaXRvcnkyMjYwMjE2Mg==,2014-08-04T11:46:31Z,2026-04-09T18:01:24Z,2026-04-06T16:24:42Z,25657,True,calaos_mobile,calaos/calaos_mobile,git@github.com:calaos/calaos_mobile.git,16
MDEwOlJlcG9zaXRvcnkyMjUyNDk5OQ==,2014-08-01T19:31:05Z,2026-04-25T19:06:33Z,2026-04-25T19:12:17Z,6313,False,lace,trolando/lace,git@github.com:trolando/lace.git,59
MDEwOlJlcG9zaXRvcnkyMjQ4NTA2OA==,2014-07-31T21:07:58Z,2026-05-07T08:11:04Z,2026-05-02T18:42:22Z,86216,True,QtPass,IJHack/QtPass,git@github.com:IJHack/QtPass.git,1127
MDEwOlJlcG9zaXRvcnkyMjQ3MTI0Mw==,2014-07-31T14:00:25Z,2026-03-18T08:59:00Z,2026-03-18T08:58:56Z,254,True,Lima-camera-uview,soleil-ica/Lima-camera-uview,git@github.com:soleil-ica/Lima-camera-uview.git,0
MDEwOlJlcG9zaXRvcnkyMjQzODIwOA==,2014-07-30T17:40:01Z,2026-05-04T22:52:44Z,2026-05-04T22:52:40Z,377,True,realmd,mangos/realmd,git@github.com:mangos/realmd.git,23
MDEwOlJlcG9zaXRvcnkyMjQyMjQzMw==,2014-07-30T10:24:17Z,2026-04-07T09:34:51Z,2026-04-07T09:34:48Z,356,False,SD,PaulStoffregen/SD,git@github.com:PaulStoffregen/SD.git,77
MDEwOlJlcG9zaXRvcnkyMjQyMjIzNw==,2014-07-30T10:19:32Z,2026-05-06T07:50:21Z,2026-03-01T11:05:10Z,6667,True,yapb,yapb/yapb,git@github.com:yapb/yapb.git,382
MDEwOlJlcG9zaXRvcnkyMjM5NzY1NQ==,2014-07-29T22:22:06Z,2026-05-07T02:47:04Z,2026-05-01T15:12:51Z,2670,False,openjazz,AlisterT/openjazz,git@github.com:AlisterT/openjazz.git,391
MDEwOlJlcG9zaXRvcnkyMjM5NDM1Nw==,2014-07-29T20:27:33Z,2026-05-07T10:10:34Z,2026-05-05T22:29:51Z,27680,True,osquery,osquery/osquery,git@github.com:osquery/osquery.git,23248
MDEwOlJlcG9zaXRvcnkyMjM3Mzk2Nw==,2014-07-29T09:06:12Z,2026-05-03T07:12:52Z,2026-04-28T16:33:38Z,39475,True,mangosDeps,mangos/mangosDeps,git@github.com:mangos/mangosDeps.git,46
MDEwOlJlcG9zaXRvcnkyMjM1ODM1OA==,2014-07-28T21:21:08Z,2026-03-06T05:58:52Z,2026-03-06T06:00:40Z,21346,True,kim-api,openkim/kim-api,git@github.com:openkim/kim-api.git,37
MDEwOlJlcG9zaXRvcnkyMjM1ODIzNA==,2014-07-28T21:16:33Z,2026-04-05T15:43:17Z,2026-04-05T15:43:12Z,553,True,clamp-protocol,RTXI/clamp-protocol,git@github.com:RTXI/clamp-protocol.git,0
MDEwOlJlcG9zaXRvcnkyMjM1NzkyMg==,2014-07-28T21:05:06Z,2026-03-10T01:37:28Z,2026-03-10T01:57:31Z,77482,False,ff7tk,sithlord48/ff7tk,git@github.com:sithlord48/ff7tk.git,32
MDEwOlJlcG9zaXRvcnkyMjMzNDIyMw==,2014-07-28T07:14:20Z,2026-04-24T09:59:53Z,2026-04-24T09:59:47Z,3922,False,mago,rainers/mago,git@github.com:rainers/mago.git,47
MDEwOlJlcG9zaXRvcnkyMjMxMzEwOA==,2014-07-27T14:46:23Z,2026-04-28T13:06:26Z,2026-04-28T13:05:47Z,317876,True,FenneX,FenneX/FenneX,git@github.com:FenneX/FenneX.git,52
MDEwOlJlcG9zaXRvcnkyMjI3OTM0NA==,2014-07-26T05:39:49Z,2026-05-04T00:06:41Z,2026-04-25T15:30:43Z,5401,False,xocfe,stevenknown/xocfe,git@github.com:stevenknown/xocfe.git,56
MDEwOlJlcG9zaXRvcnkyMjI1OTA0NA==,2014-07-25T14:08:30Z,2026-05-06T18:37:31Z,2026-04-02T07:05:27Z,27548,True,albert,albertlauncher/albert,git@github.com:albertlauncher/albert.git,7919
MDEwOlJlcG9zaXRvcnkyMjIxNTA0MQ==,2014-07-24T14:02:31Z,2026-05-04T21:36:44Z,2026-05-04T08:24:35Z,13237,True,rmagick,rmagick/rmagick,git@github.com:rmagick/rmagick.git,730
MDEwOlJlcG9zaXRvcnkyMjE5NzM4OQ==,2014-07-24T03:31:47Z,2026-05-07T10:37:50Z,2026-05-06T04:28:23Z,63359,True,cp-algorithms,cp-algorithms/cp-algorithms,git@github.com:cp-algorithms/cp-algorithms.git,10522
MDEwOlJlcG9zaXRvcnkyMjE4NzUxNQ==,2014-07-24T00:03:39Z,2026-03-28T02:19:26Z,2026-03-28T02:19:21Z,14816,False,iocoin,IOCoin/iocoin,git@github.com:IOCoin/iocoin.git,14
MDEwOlJlcG9zaXRvcnkyMjEyMDU3NQ==,2014-07-22T21:01:57Z,2026-04-28T15:50:29Z,2026-04-28T15:45:53Z,117379,True,GridPACK,GridOPTICS/GridPACK,git@github.com:GridOPTICS/GridPACK.git,61
MDEwOlJlcG9zaXRvcnkyMjExNjMwOA==,2014-07-22T18:44:12Z,2026-05-07T07:06:11Z,2026-05-07T11:22:18Z,159154,True,kea,isc-projects/kea,git@github.com:isc-projects/kea.git,711
MDEwOlJlcG9zaXRvcnkyMjExMDE0OQ==,2014-07-22T15:50:26Z,2026-05-06T06:46:49Z,2026-05-06T06:01:20Z,26076,True,MediaInfoLib,MediaArea/MediaInfoLib,git@github.com:MediaArea/MediaInfoLib.git,762
MDEwOlJlcG9zaXRvcnkyMjA2NzUyMQ==,2014-07-21T14:29:47Z,2026-05-07T11:34:46Z,2026-05-06T14:19:46Z,126623,False,imgui,ocornut/imgui,git@github.com:ocornut/imgui.git,73035
MDEwOlJlcG9zaXRvcnkyMjA2MjI0Nw==,2014-07-21T11:45:56Z,2026-04-18T06:41:52Z,2026-04-18T06:41:48Z,50,False,libfileio,Kvalme/libfileio,git@github.com:Kvalme/libfileio.git,1
MDEwOlJlcG9zaXRvcnkyMjA2MTI3Ng==,2014-07-21T11:02:52Z,2026-05-05T15:19:35Z,2026-05-05T15:19:29Z,2572,True,qtwebchannel,qt/qtwebchannel,git@github.com:qt/qtwebchannel.git,72
MDEwOlJlcG9zaXRvcnkyMjA0ODQ5Ng==,2014-07-21T01:57:27Z,2026-05-04T03:16:55Z,2026-04-20T23:14:07Z,7316,True,powertabeditor,powertab/powertabeditor,git@github.com:powertab/powertabeditor.git,616
MDEwOlJlcG9zaXRvcnkyMjAzODA5MQ==,2014-07-20T16:57:50Z,2026-04-28T06:01:47Z,2026-04-28T06:01:43Z,6137,False,galactic-bloodshed,kaladron/galactic-bloodshed,git@github.com:kaladron/galactic-bloodshed.git,14
MDEwOlJlcG9zaXRvcnkyMjAxODIxNQ==,2014-07-19T19:59:22Z,2026-05-03T20:33:53Z,2026-05-03T20:55:39Z,2882,False,deling,myst6re/deling,git@github.com:myst6re/deling.git,48
MDEwOlJlcG9zaXRvcnkyMTk3MjQ3MQ==,2014-07-18T07:54:58Z,2026-05-06T10:07:45Z,2026-03-16T20:47:31Z,51309,True,Win2D,microsoft/Win2D,git@github.com:microsoft/Win2D.git,1891
MDEwOlJlcG9zaXRvcnkyMTk0Mzk4MA==,2014-07-17T14:00:26Z,2026-05-07T11:19:06Z,2026-05-07T10:01:46Z,393863,True,dealii,dealii/dealii,git@github.com:dealii/dealii.git,1668
MDEwOlJlcG9zaXRvcnkyMTkxOTcxNw==,2014-07-16T21:58:44Z,2026-04-01T20:04:51Z,2026-03-03T14:48:46Z,166,True,Adafruit_Si5351_Library,adafruit/Adafruit_Si5351_Library,git@github.com:adafruit/Adafruit_Si5351_Library.git,47
MDEwOlJlcG9zaXRvcnkyMTkwOTc0OQ==,2014-07-16T17:11:20Z,2026-05-07T10:13:06Z,2026-05-03T23:54:58Z,1766,True,examples,ros2/examples,git@github.com:ros2/examples.git,930
MDEwOlJlcG9zaXRvcnkyMTkwMjg5Ng==,2014-07-16T13:59:49Z,2026-03-02T22:55:12Z,2026-03-01T12:03:34Z,4437,False,delaycut,darealshinji/delaycut,git@github.com:darealshinji/delaycut.git,35
MDEwOlJlcG9zaXRvcnkyMTg2Nzk5NA==,2014-07-15T16:55:01Z,2026-05-05T10:42:09Z,2026-05-05T10:42:04Z,3254,True,eigenpy,stack-of-tasks/eigenpy,git@github.com:stack-of-tasks/eigenpy.git,206
MDEwOlJlcG9zaXRvcnkyMTg0NjExNw==,2014-07-15T04:23:47Z,2026-05-02T06:38:25Z,2026-05-02T06:43:25Z,607295,False,Spout2,leadedge/Spout2,git@github.com:leadedge/Spout2.git,965
MDEwOlJlcG9zaXRvcnkyMTc2OTU2Mw==,2014-07-12T15:03:05Z,2026-05-05T16:28:40Z,2026-04-20T05:10:27Z,95315,False,CascLib,ladislav-zezula/CascLib,git@github.com:ladislav-zezula/CascLib.git,473
MDEwOlJlcG9zaXRvcnkyMTc0ODM0NA==,2014-07-11T19:19:18Z,2026-05-06T18:14:09Z,2026-05-06T18:14:06Z,3277,True,rosidl,ros2/rosidl,git@github.com:ros2/rosidl.git,105
MDEwOlJlcG9zaXRvcnkyMTcyOTI3Ng==,2014-07-11T08:54:34Z,2026-04-12T08:44:36Z,2026-04-12T08:44:30Z,751,True,libqi-python,aldebaran/libqi-python,git@github.com:aldebaran/libqi-python.git,21
MDEwOlJlcG9zaXRvcnkyMTcxMDMyMw==,2014-07-10T21:05:50Z,2026-03-03T16:47:22Z,2026-03-03T14:48:31Z,248,True,Adafruit_FT6206_Library,adafruit/Adafruit_FT6206_Library,git@github.com:adafruit/Adafruit_FT6206_Library.git,51
MDEwOlJlcG9zaXRvcnkyMTcwNjQ1Mw==,2014-07-10T18:59:52Z,2026-05-06T22:54:36Z,2026-05-07T00:10:57Z,233769,True,TeamTalk5,BearWare/TeamTalk5,git@github.com:BearWare/TeamTalk5.git,373
MDEwOlJlcG9zaXRvcnkyMTY5NDU0NA==,2014-07-10T13:09:21Z,2026-05-07T08:17:05Z,2026-03-08T08:58:44Z,3506,False,WinMute,lx-s/WinMute,git@github.com:lx-s/WinMute.git,222
MDEwOlJlcG9zaXRvcnkyMTY5MTc2OQ==,2014-07-10T11:29:07Z,2026-03-24T15:40:30Z,2026-03-24T15:40:25Z,694,True,libArcus,Ultimaker/libArcus,git@github.com:Ultimaker/libArcus.git,79
MDEwOlJlcG9zaXRvcnkyMTY1NzA4NQ==,2014-07-09T15:12:39Z,2026-05-06T23:19:33Z,2026-04-08T23:20:00Z,12413,True,broker,zeek/broker,git@github.com:zeek/broker.git,70
MDEwOlJlcG9zaXRvcnkyMTYxNDMyNg==,2014-07-08T13:48:01Z,2026-05-06T09:59:41Z,2026-04-12T00:13:29Z,22543,True,sws,reaper-oss/sws,git@github.com:reaper-oss/sws.git,554
MDEwOlJlcG9zaXRvcnkyMTU3Njk4OQ==,2014-07-07T16:03:21Z,2026-05-04T20:28:40Z,2026-04-27T17:11:06Z,42417,True,RcppParallel,RcppCore/RcppParallel,git@github.com:RcppCore/RcppParallel.git,173
MDEwOlJlcG9zaXRvcnkyMTU0ODg1MA==,2014-07-06T21:20:35Z,2026-05-02T09:54:34Z,2026-03-31T18:40:25Z,32965,False,Chkdraft,TheNitesWhoSay/Chkdraft,git@github.com:TheNitesWhoSay/Chkdraft.git,57
MDEwOlJlcG9zaXRvcnkyMTU0MTMyNg==,2014-07-06T14:16:54Z,2026-05-05T18:51:51Z,2026-04-25T23:44:14Z,122847,True,OpenApoc,OpenApoc/OpenApoc,git@github.com:OpenApoc/OpenApoc.git,576
MDEwOlJlcG9zaXRvcnkyMTUzNDE0NQ==,2014-07-06T05:23:56Z,2026-04-25T13:08:38Z,2026-04-25T13:08:35Z,87336,False,CppKAI,cschladetsch/CppKAI,git@github.com:cschladetsch/CppKAI.git,22
MDEwOlJlcG9zaXRvcnkyMTUzMDg2MQ==,2014-07-06T00:46:15Z,2026-05-07T07:32:02Z,2026-05-05T21:25:15Z,3162,True,jsoncpp,open-source-parsers/jsoncpp,git@github.com:open-source-parsers/jsoncpp.git,8835
MDEwOlJlcG9zaXRvcnkyMTUyNTc2Mg==,2014-07-05T18:33:25Z,2026-05-05T20:05:11Z,2026-04-19T21:57:48Z,11395,True,zynaddsubfx,zynaddsubfx/zynaddsubfx,git@github.com:zynaddsubfx/zynaddsubfx.git,1140
MDEwOlJlcG9zaXRvcnkyMTQ5NjQ4MQ==,2014-07-04T12:22:52Z,2026-03-28T23:39:44Z,2026-03-13T09:37:19Z,12383,True,thorin,AnyDSL/thorin,git@github.com:AnyDSL/thorin.git,163
MDEwOlJlcG9zaXRvcnkyMTQ2OTc2OA==,2014-07-03T16:39:37Z,2026-04-19T12:24:36Z,2026-04-19T12:24:31Z,5467,False,COFFI,serge1/COFFI,git@github.com:serge1/COFFI.git,214
MDEwOlJlcG9zaXRvcnkyMTQ1OTg4Mw==,2014-07-03T11:17:47Z,2026-05-06T10:17:22Z,2026-05-06T23:41:36Z,407663,True,SeisSol,SeisSol/SeisSol,git@github.com:SeisSol/SeisSol.git,337
MDEwOlJlcG9zaXRvcnkyMTQ0NTM0OQ==,2014-07-03T01:00:17Z,2026-04-28T15:45:08Z,2026-04-29T20:38:32Z,210320,True,hostboot,open-power/hostboot,git@github.com:open-power/hostboot.git,78
MDEwOlJlcG9zaXRvcnkyMTQzMTk1NQ==,2014-07-02T16:47:11Z,2026-05-06T17:30:56Z,2026-05-06T17:30:50Z,70291,True,bibletime,bibletime/bibletime,git@github.com:bibletime/bibletime.git,397
MDEwOlJlcG9zaXRvcnkyMTQyODA3MA==,2014-07-02T14:48:41Z,2026-05-05T14:59:15Z,2026-05-06T20:49:08Z,17310,True,jank,jank-lang/jank,git@github.com:jank-lang/jank.git,3198
MDEwOlJlcG9zaXRvcnkyMTQwNzAyMA==,2014-07-02T01:04:05Z,2026-05-01T15:05:45Z,2026-05-01T15:05:40Z,1335,True,libime,fcitx/libime,git@github.com:fcitx/libime.git,51
MDEwOlJlcG9zaXRvcnkyMTQwNTI1Nw==,2014-07-01T23:25:09Z,2026-05-06T08:58:18Z,2026-03-20T23:54:10Z,15966,True,alembic,alembic/alembic,git@github.com:alembic/alembic.git,1155
MDEwOlJlcG9zaXRvcnkyMTQwMjExMA==,2014-07-01T20:51:22Z,2026-05-01T22:24:43Z,2026-05-01T22:26:06Z,95433,False,CHM,Chrismarsh/CHM,git@github.com:Chrismarsh/CHM.git,43
MDEwOlJlcG9zaXRvcnkyMTM5MDE0OA==,2014-07-01T14:13:15Z,2026-03-15T22:40:32Z,2026-03-02T00:23:53Z,13051,True,sweb,isec-tugraz/sweb,git@github.com:isec-tugraz/sweb.git,131
MDEwOlJlcG9zaXRvcnkyMTM3Njg4OA==,2014-07-01T06:02:14Z,2026-05-07T06:52:46Z,2026-04-22T14:14:47Z,2376,True,hof,boostorg/hof,git@github.com:boostorg/hof.git,511
MDEwOlJlcG9zaXRvcnkyMTMyOTQyMw==,2014-06-29T18:31:17Z,2026-05-03T14:24:01Z,2026-05-03T14:23:56Z,12114,False,svxlink,sm0svx/svxlink,git@github.com:sm0svx/svxlink.git,517
MDEwOlJlcG9zaXRvcnkyMTMyNTYxNQ==,2014-06-29T15:06:06Z,2026-03-03T17:30:26Z,2026-03-03T17:30:27Z,3517,True,maxgui.mod,bmx-ng/maxgui.mod,git@github.com:bmx-ng/maxgui.mod.git,7
MDEwOlJlcG9zaXRvcnkyMTMxMzI1Mg==,2014-06-28T23:55:19Z,2026-03-19T01:22:50Z,2026-03-19T01:22:47Z,16614,False,cppspec,toroidal-code/cppspec,git@github.com:toroidal-code/cppspec.git,14
MDEwOlJlcG9zaXRvcnkyMTI4ODQ5MA==,2014-06-27T20:33:50Z,2026-05-06T18:28:23Z,2026-05-06T18:28:19Z,12527,False,muscle,jfriesne/muscle,git@github.com:jfriesne/muscle.git,28
MDEwOlJlcG9zaXRvcnkyMTI3NDY2Ng==,2014-06-27T12:19:58Z,2026-05-07T07:37:39Z,2026-04-24T09:30:09Z,141672,True,haseongpu,ComputationalRadiationPhysics/haseongpu,git@github.com:ComputationalRadiationPhysics/haseongpu.git,12
MDEwOlJlcG9zaXRvcnkyMTI1OTg2NA==,2014-06-27T01:07:32Z,2026-05-03T19:36:08Z,2026-05-03T19:36:03Z,17396,True,RTcmix,RTcmix/RTcmix,git@github.com:RTcmix/RTcmix.git,58
MDEwOlJlcG9zaXRvcnkyMTI1Njg2NQ==,2014-06-26T22:21:38Z,2026-05-05T14:34:36Z,2026-04-11T12:19:03Z,16415,False,ADVobfuscator,andrivet/ADVobfuscator,git@github.com:andrivet/ADVobfuscator.git,1738
MDEwOlJlcG9zaXRvcnkyMTIwNjkxNA==,2014-06-25T14:50:12Z,2026-05-06T20:22:56Z,2026-05-06T20:22:34Z,247249,True,Soar,SoarGroup/Soar,git@github.com:SoarGroup/Soar.git,420
MDEwOlJlcG9zaXRvcnkyMTIwMjkwMg==,2014-06-25T12:48:26Z,2026-05-07T08:05:57Z,2026-05-06T12:16:20Z,26261,True,tigervnc,TigerVNC/tigervnc,git@github.com:TigerVNC/tigervnc.git,7094
MDEwOlJlcG9zaXRvcnkyMTIwMDg3Ng==,2014-06-25T11:33:58Z,2026-03-20T17:22:49Z,2026-03-20T20:05:10Z,6654,True,network-tests2,clustbench/network-tests2,git@github.com:clustbench/network-tests2.git,5
MDEwOlJlcG9zaXRvcnkyMTE4NDAyMA==,2014-06-24T23:24:55Z,2026-04-20T01:19:18Z,2026-03-03T14:48:14Z,515,True,Adafruit-Si4713-Library,adafruit/Adafruit-Si4713-Library,git@github.com:adafruit/Adafruit-Si4713-Library.git,31
MDEwOlJlcG9zaXRvcnkyMTE4MzczNQ==,2014-06-24T23:09:59Z,2026-04-26T19:00:16Z,2026-05-04T20:14:18Z,2768,True,KDStateMachineEditor,KDAB/KDStateMachineEditor,git@github.com:KDAB/KDStateMachineEditor.git,188
MDEwOlJlcG9zaXRvcnkyMTE3ODAxNw==,2014-06-24T19:30:49Z,2026-04-29T20:18:50Z,2026-04-04T12:07:23Z,2451,True,turbinesFoam,turbinesFoam/turbinesFoam,git@github.com:turbinesFoam/turbinesFoam.git,151
MDEwOlJlcG9zaXRvcnkyMTE2MTE1MA==,2014-06-24T10:44:38Z,2026-04-13T09:15:09Z,2026-04-13T09:15:04Z,1068,True,readODS,cran/readODS,git@github.com:cran/readODS.git,0
MDEwOlJlcG9zaXRvcnkyMTEzNzMyOA==,2014-06-23T18:24:33Z,2026-04-29T23:55:51Z,2026-05-01T03:34:50Z,219284,False,outcome,ned14/outcome,git@github.com:ned14/outcome.git,783
MDEwOlJlcG9zaXRvcnkyMTEzMjg0Mg==,2014-06-23T16:07:28Z,2026-04-13T10:22:33Z,2026-04-13T10:22:29Z,2857,False,py-judy,arnimarj/py-judy,git@github.com:arnimarj/py-judy.git,14
MDEwOlJlcG9zaXRvcnkyMTEyNTA1NQ==,2014-06-23T12:15:53Z,2026-04-27T19:43:32Z,2026-04-13T07:17:05Z,16461,False,porousMultiphaseFoam,phorgue/porousMultiphaseFoam,git@github.com:phorgue/porousMultiphaseFoam.git,152
MDEwOlJlcG9zaXRvcnkyMTEwODc2NQ==,2014-06-22T23:39:27Z,2026-04-20T17:33:24Z,2026-04-20T17:33:08Z,23780,True,beetle-bsnes-libretro,libretro/beetle-bsnes-libretro,git@github.com:libretro/beetle-bsnes-libretro.git,7
MDEwOlJlcG9zaXRvcnkyMTEwNTIwNw==,2014-06-22T20:53:51Z,2026-04-20T17:34:37Z,2026-04-20T17:34:31Z,24004,True,beetle-gba-libretro,libretro/beetle-gba-libretro,git@github.com:libretro/beetle-gba-libretro.git,11
MDEwOlJlcG9zaXRvcnkyMTEwNDgzNQ==,2014-06-22T20:39:41Z,2026-03-16T15:47:16Z,2026-03-16T15:59:37Z,924,False,SpellChecker-Plugin,CJCombrink/SpellChecker-Plugin,git@github.com:CJCombrink/SpellChecker-Plugin.git,146
MDEwOlJlcG9zaXRvcnkyMTA5NjU0OA==,2014-06-22T15:03:31Z,2026-04-09T11:40:16Z,2026-04-19T14:11:46Z,11182,False,tnnlib,alekstheod/tnnlib,git@github.com:alekstheod/tnnlib.git,5
MDEwOlJlcG9zaXRvcnkyMDk3NjEzOA==,2014-06-18T19:59:53Z,2026-05-07T09:44:31Z,2026-05-04T06:48:38Z,19656,True,Stockfish,official-stockfish/Stockfish,git@github.com:official-stockfish/Stockfish.git,15453
MDEwOlJlcG9zaXRvcnkyMDk2NjM2MQ==,2014-06-18T15:01:50Z,2026-04-02T02:12:29Z,2026-04-02T02:12:24Z,3980,False,FullereneViewer,DrScKAWAMOTO/FullereneViewer,git@github.com:DrScKAWAMOTO/FullereneViewer.git,5
MDEwOlJlcG9zaXRvcnkyMDkwMDA0Mw==,2014-06-16T20:43:26Z,2026-04-28T03:24:36Z,2026-04-12T00:10:50Z,3157,True,fruit,google/fruit,git@github.com:google/fruit.git,1883
MDEwOlJlcG9zaXRvcnkyMDg4NDE3NQ==,2014-06-16T12:35:07Z,2026-05-03T09:52:19Z,2026-05-06T08:46:01Z,18860,True,quickevent,Quick-Box/quickevent,git@github.com:Quick-Box/quickevent.git,65
MDEwOlJlcG9zaXRvcnkyMDgyMjYyMA==,2014-06-14T01:40:55Z,2026-05-06T14:50:34Z,2026-04-14T23:27:45Z,11289,True,motion,Motion-Project/motion,git@github.com:Motion-Project/motion.git,3984
MDEwOlJlcG9zaXRvcnkyMDgxMzI5Mg==,2014-06-13T18:11:51Z,2026-05-07T05:58:18Z,2026-05-07T05:58:14Z,21472,False,countpauper,countpauper/countpauper,git@github.com:countpauper/countpauper.git,6
MDEwOlJlcG9zaXRvcnkyMDc3NTYwMA==,2014-06-12T16:57:56Z,2026-05-07T01:00:09Z,2026-05-06T21:28:58Z,255004,True,opensim-core,opensim-org/opensim-core,git@github.com:opensim-org/opensim-core.git,1025
MDEwOlJlcG9zaXRvcnkyMDc3MTc3MA==,2014-06-12T15:05:22Z,2026-04-11T12:55:18Z,2026-04-11T12:55:13Z,187,False,code,style7en/code,git@github.com:style7en/code.git,0
MDEwOlJlcG9zaXRvcnkyMDc3MTUyNw==,2014-06-12T14:58:42Z,2026-04-24T01:06:18Z,2026-04-01T22:40:09Z,81074,True,nimble,nimble-dev/nimble,git@github.com:nimble-dev/nimble.git,195
MDEwOlJlcG9zaXRvcnkyMDc3MDA1Ng==,2014-06-12T14:19:26Z,2026-04-12T19:04:43Z,2026-04-15T12:28:41Z,1321,True,readODS,ropensci/readODS,git@github.com:ropensci/readODS.git,59
MDEwOlJlcG9zaXRvcnkyMDcxMzM1MQ==,2014-06-11T05:25:25Z,2026-05-05T20:25:41Z,2026-04-02T16:23:46Z,378887,False,stockfish.js,nmrugg/stockfish.js,git@github.com:nmrugg/stockfish.js.git,1160
MDEwOlJlcG9zaXRvcnkyMDY5NTQ0Ng==,2014-06-10T17:51:23Z,2026-05-06T17:34:24Z,2026-05-06T17:34:18Z,4621480,False,Community-Patch-DLL,LoneGazebo/Community-Patch-DLL,git@github.com:LoneGazebo/Community-Patch-DLL.git,409
MDEwOlJlcG9zaXRvcnkyMDY3NzE2Mw==,2014-06-10T07:59:01Z,2026-05-06T23:01:57Z,2026-05-05T21:05:22Z,40302,True,MediaInfo,MediaArea/MediaInfo,git@github.com:MediaArea/MediaInfo.git,1884
MDEwOlJlcG9zaXRvcnkyMDY3NzExNw==,2014-06-10T07:57:23Z,2026-04-14T11:51:05Z,2026-04-14T11:50:59Z,1072,True,ZenLib,MediaArea/ZenLib,git@github.com:MediaArea/ZenLib.git,32
MDEwOlJlcG9zaXRvcnkyMDY1NzAwNg==,2014-06-09T18:16:14Z,2026-03-24T08:56:45Z,2026-04-27T19:35:45Z,13298,True,sch-core,jrl-umi3218/sch-core,git@github.com:jrl-umi3218/sch-core.git,16
MDEwOlJlcG9zaXRvcnkyMDY0OTk2MA==,2014-06-09T14:43:58Z,2026-04-21T22:07:53Z,2026-05-07T01:36:10Z,14156,True,core,SCOREC/core,git@github.com:SCOREC/core.git,195
MDEwOlJlcG9zaXRvcnkyMDYyODM2Ng==,2014-06-08T22:49:19Z,2026-04-07T13:53:47Z,2026-04-02T07:09:26Z,131,True,cppy,nucleic/cppy,git@github.com:nucleic/cppy.git,89
MDEwOlJlcG9zaXRvcnkyMDYyNTY3Nw==,2014-06-08T20:26:18Z,2026-04-24T15:03:54Z,2026-04-24T15:03:48Z,1072,True,lexical_cast,boostorg/lexical_cast,git@github.com:boostorg/lexical_cast.git,37
MDEwOlJlcG9zaXRvcnkyMDYxOTAwNw==,2014-06-08T15:01:07Z,2026-04-25T15:40:09Z,2026-04-25T17:35:18Z,174,True,boostdep,boostorg/boostdep,git@github.com:boostorg/boostdep.git,15
MDEwOlJlcG9zaXRvcnkyMDYwOTcyNQ==,2014-06-08T05:00:50Z,2026-04-17T06:26:07Z,2026-05-05T05:24:39Z,18719,False,SNPRelate,zhengxwen/SNPRelate,git@github.com:zhengxwen/SNPRelate.git,112
MDEwOlJlcG9zaXRvcnkyMDYwODM4MQ==,2014-06-08T03:25:12Z,2026-05-07T03:56:24Z,2026-05-07T03:56:20Z,3282110,False,objeck-lang,objeck/objeck-lang,git@github.com:objeck/objeck-lang.git,165
MDEwOlJlcG9zaXRvcnkyMDUyNjQzNQ==,2014-06-05T13:39:28Z,2026-05-07T10:29:51Z,2026-04-20T15:29:17Z,73902,True,frog,LanguageMachines/frog,git@github.com:LanguageMachines/frog.git,81
MDEwOlJlcG9zaXRvcnkyMDUyNjIzNw==,2014-06-05T13:34:19Z,2026-04-28T16:06:28Z,2026-03-12T12:01:09Z,10931,True,timbl,LanguageMachines/timbl,git@github.com:LanguageMachines/timbl.git,55
MDEwOlJlcG9zaXRvcnkyMDQ1MTM3MA==,2014-06-03T16:57:21Z,2026-04-21T12:05:16Z,2026-04-30T12:27:42Z,5591,True,DRAMPower,tukl-msd/DRAMPower,git@github.com:tukl-msd/DRAMPower.git,201
MDEwOlJlcG9zaXRvcnkyMDQwMjc2Ng==,2014-06-02T12:16:20Z,2026-04-19T15:42:54Z,2026-04-19T15:42:48Z,2799,False,BerconMaps,Bercon/BerconMaps,git@github.com:Bercon/BerconMaps.git,103
MDEwOlJlcG9zaXRvcnkyMDM3ODM1Mw==,2014-06-01T13:56:57Z,2026-05-04T13:25:42Z,2026-05-04T13:25:37Z,307,True,frida-qml,frida/frida-qml,git@github.com:frida/frida-qml.git,44
MDEwOlJlcG9zaXRvcnkyMDM2NTgwMg==,2014-05-31T21:44:06Z,2026-05-07T06:57:39Z,2026-04-22T14:14:46Z,1316,True,core,boostorg/core,git@github.com:boostorg/core.git,155
MDEwOlJlcG9zaXRvcnkyMDMyNTA3OA==,2014-05-30T09:54:07Z,2026-04-24T10:54:52Z,2026-04-07T21:40:13Z,275,True,libdshowcapture,obsproject/libdshowcapture,git@github.com:obsproject/libdshowcapture.git,384
MDEwOlJlcG9zaXRvcnkyMDI5ODk1OQ==,2014-05-29T15:45:13Z,2026-05-06T01:28:30Z,2026-05-03T18:13:59Z,881,False,CppNumericalSolvers,PatWie/CppNumericalSolvers,git@github.com:PatWie/CppNumericalSolvers.git,963
MDEwOlJlcG9zaXRvcnkyMDI5NjcwMw==,2014-05-29T14:36:15Z,2026-05-06T06:27:57Z,2026-05-06T10:36:26Z,149715,True,Fast-DDS,eProsima/Fast-DDS,git@github.com:eProsima/Fast-DDS.git,2797
MDEwOlJlcG9zaXRvcnkyMDI5NDc1OA==,2014-05-29T13:36:06Z,2026-05-01T14:35:52Z,2026-05-02T19:29:41Z,3432,True,screengrab,lxqt/screengrab,git@github.com:lxqt/screengrab.git,94
MDEwOlJlcG9zaXRvcnkyMDI4OTI3NQ==,2014-05-29T09:43:51Z,2026-04-29T01:21:22Z,2026-04-24T03:07:21Z,166014,True,deepin-boot-maker,linuxdeepin/deepin-boot-maker,git@github.com:linuxdeepin/deepin-boot-maker.git,782
MDEwOlJlcG9zaXRvcnkyMDI2MDI4MQ==,2014-05-28T14:22:01Z,2026-03-02T20:39:24Z,2026-03-02T20:39:22Z,227,True,drivers-aggregator,rock-core/drivers-aggregator,git@github.com:rock-core/drivers-aggregator.git,0
MDEwOlJlcG9zaXRvcnkyMDI1ODY0Ng==,2014-05-28T13:36:12Z,2026-04-08T20:21:48Z,2026-04-08T20:21:44Z,351,True,ITKIOFDF,InsightSoftwareConsortium/ITKIOFDF,git@github.com:InsightSoftwareConsortium/ITKIOFDF.git,2
MDEwOlJlcG9zaXRvcnkyMDIzMDUyNw==,2014-05-27T18:25:43Z,2026-04-24T17:57:38Z,2026-05-07T10:42:20Z,35212,False,ham,psathyrella/ham,git@github.com:psathyrella/ham.git,11
MDEwOlJlcG9zaXRvcnkyMDIwNTQ4Mw==,2014-05-27T03:14:26Z,2026-03-11T16:18:41Z,2026-03-11T16:18:32Z,22263,False,FullC0ntact,rmuenste/FullC0ntact,git@github.com:rmuenste/FullC0ntact.git,0
MDEwOlJlcG9zaXRvcnkyMDE5MDYzNA==,2014-05-26T15:31:34Z,2026-05-07T08:17:05Z,2026-04-18T09:13:52Z,23488,False,neovim-qt,equalsraf/neovim-qt,git@github.com:equalsraf/neovim-qt.git,1992
MDEwOlJlcG9zaXRvcnkyMDE2ODI1NQ==,2014-05-25T22:58:30Z,2026-04-13T03:33:00Z,2026-04-13T03:32:54Z,141068,False,wakuseibokan,faturita/wakuseibokan,git@github.com:faturita/wakuseibokan.git,9
MDEwOlJlcG9zaXRvcnkyMDE0ODc1Ng==,2014-05-25T07:03:22Z,2026-04-29T19:27:03Z,2026-04-30T11:41:29Z,717345,True,hl2sdk,alliedmodders/hl2sdk,git@github.com:alliedmodders/hl2sdk.git,444
MDEwOlJlcG9zaXRvcnkyMDE0NjU2NQ==,2014-05-25T04:30:31Z,2026-05-04T19:16:16Z,2026-05-04T08:12:36Z,14937,True,metamod-source,alliedmodders/metamod-source,git@github.com:alliedmodders/metamod-source.git,510
MDEwOlJlcG9zaXRvcnkyMDE0NTI3NA==,2014-05-25T02:58:39Z,2026-05-06T21:13:09Z,2026-05-06T21:17:08Z,48130,True,sourcemod,alliedmodders/sourcemod,git@github.com:alliedmodders/sourcemod.git,1112
MDEwOlJlcG9zaXRvcnkyMDEzMTM3OQ==,2014-05-24T14:29:48Z,2026-04-19T15:11:50Z,2026-04-20T00:39:48Z,19185,False,olam,tachyons/olam,git@github.com:tachyons/olam.git,10
MDEwOlJlcG9zaXRvcnkyMDEwNzk1OQ==,2014-05-23T17:25:10Z,2026-05-06T23:47:26Z,2026-05-07T02:11:13Z,278905,True,moneymanagerex,moneymanagerex/moneymanagerex,git@github.com:moneymanagerex/moneymanagerex.git,2195
MDEwOlJlcG9zaXRvcnkyMDEwMDY0Mw==,2014-05-23T13:34:34Z,2026-05-06T07:13:08Z,2026-05-06T13:05:18Z,502988,True,madness,m-a-d-n-e-s-s/madness,git@github.com:m-a-d-n-e-s-s/madness.git,218
MDEwOlJlcG9zaXRvcnkyMDA1OTMyNw==,2014-05-22T11:58:46Z,2026-04-07T09:52:44Z,2026-04-07T09:52:40Z,12,False,generics,inphos42/generics,git@github.com:inphos42/generics.git,2
MDEwOlJlcG9zaXRvcnkyMDA1OTI3OQ==,2014-05-22T11:57:15Z,2026-04-07T09:55:48Z,2026-04-07T09:55:44Z,388,False,osmpbf,inphos42/osmpbf,git@github.com:inphos42/osmpbf.git,12
MDEwOlJlcG9zaXRvcnkyMDA0NDI4MA==,2014-05-22T02:00:37Z,2026-04-16T11:45:18Z,2026-04-16T11:45:14Z,164,False,libpsafe3,marcbutler/libpsafe3,git@github.com:marcbutler/libpsafe3.git,5
MDEwOlJlcG9zaXRvcnkyMDA0Mzc1Nw==,2014-05-22T01:38:24Z,2026-05-03T21:29:29Z,2026-05-03T21:33:57Z,1097017,True,Moondust-Project,WohlSoft/Moondust-Project,git@github.com:WohlSoft/Moondust-Project.git,275
MDEwOlJlcG9zaXRvcnkyMDAwNjM0MQ==,2014-05-21T03:15:04Z,2026-03-10T17:21:48Z,2026-03-03T00:46:58Z,18,False,graphicbay,hariharanragothaman/graphicbay,git@github.com:hariharanragothaman/graphicbay.git,8
MDEwOlJlcG9zaXRvcnkyMDAwNDQ3Mg==,2014-05-21T01:57:49Z,2026-05-01T14:36:35Z,2026-05-05T18:25:52Z,1112,True,lxqt-admin,lxqt/lxqt-admin,git@github.com:lxqt/lxqt-admin.git,27
MDEwOlJlcG9zaXRvcnkxOTk4Mzg4Ng==,2014-05-20T14:22:59Z,2026-05-07T07:51:08Z,2026-05-03T15:12:18Z,279724,True,ompl,ompl/ompl,git@github.com:ompl/ompl.git,2041
MDEwOlJlcG9zaXRvcnkxOTk3ODIzNQ==,2014-05-20T11:23:13Z,2026-04-01T15:51:59Z,2026-04-01T15:51:57Z,594,True,toolbox,lab-cosmo/toolbox,git@github.com:lab-cosmo/toolbox.git,8
MDEwOlJlcG9zaXRvcnkxOTk1MzA0NA==,2014-05-19T18:33:01Z,2026-05-07T11:15:37Z,2026-05-06T02:41:04Z,22251,True,flatbuffers,google/flatbuffers,git@github.com:google/flatbuffers.git,25872
MDEwOlJlcG9zaXRvcnkxOTkzNDgxNg==,2014-05-19T08:45:51Z,2026-03-30T12:43:52Z,2026-03-30T12:43:50Z,35729,True,gle4md,lab-cosmo/gle4md,git@github.com:lab-cosmo/gle4md.git,8
MDEwOlJlcG9zaXRvcnkxOTkzMTk1OA==,2014-05-19T06:57:09Z,2026-03-06T09:13:40Z,2026-03-06T09:13:34Z,144,False,python-farmhash,veelion/python-farmhash,git@github.com:veelion/python-farmhash.git,39
MDEwOlJlcG9zaXRvcnkxOTg4Nzk5OA==,2014-05-17T14:06:06Z,2026-05-07T06:45:30Z,2026-04-22T14:14:46Z,43567,True,hana,boostorg/hana,git@github.com:boostorg/hana.git,1839
MDEwOlJlcG9zaXRvcnkxOTg4NTI2Nw==,2014-05-17T11:41:48Z,2026-03-13T08:43:48Z,2026-03-13T08:43:43Z,14085,False,ofxRulr,elliotwoods/ofxRulr,git@github.com:elliotwoods/ofxRulr.git,136
MDEwOlJlcG9zaXRvcnkxOTg2NDYxOQ==,2014-05-16T17:18:32Z,2026-04-08T14:42:32Z,2026-04-08T14:42:26Z,12316,False,harbour-sailseries,joonne/harbour-sailseries,git@github.com:joonne/harbour-sailseries.git,6
MDEwOlJlcG9zaXRvcnkxOTg0ODM1Mw==,2014-05-16T07:36:59Z,2026-05-04T10:52:34Z,2026-05-04T10:52:30Z,16538,False,vsearch,torognes/vsearch,git@github.com:torognes/vsearch.git,745
MDEwOlJlcG9zaXRvcnkxOTgzNTg2Mw==,2014-05-15T21:26:42Z,2026-05-06T07:14:25Z,2026-05-06T07:14:23Z,7174,False,adapterremoval,MikkelSchubert/adapterremoval,git@github.com:MikkelSchubert/adapterremoval.git,116
MDEwOlJlcG9zaXRvcnkxOTgzMjQxNQ==,2014-05-15T19:30:17Z,2026-04-28T02:13:02Z,2026-05-06T04:56:21Z,27931,True,ycmd,ycm-core/ycmd,git@github.com:ycm-core/ycmd.git,1737
MDEwOlJlcG9zaXRvcnkxOTgxNjA3MA==,2014-05-15T10:58:50Z,2026-05-07T11:08:27Z,2026-05-07T11:27:21Z,1650159,True,server,MariaDB/server,git@github.com:MariaDB/server.git,7548
MDEwOlJlcG9zaXRvcnkxOTgwNzY2OQ==,2014-05-15T05:38:32Z,2026-05-05T20:11:50Z,2026-04-18T23:30:35Z,37460,True,chuck,ccrma/chuck,git@github.com:ccrma/chuck.git,1013
MDEwOlJlcG9zaXRvcnkxOTc3NTgyNA==,2014-05-14T10:43:50Z,2026-05-07T02:51:41Z,2026-05-07T02:51:36Z,45326,True,CoolProp,CoolProp/CoolProp,git@github.com:CoolProp/CoolProp.git,1000
MDEwOlJlcG9zaXRvcnkxOTc1NzAzNw==,2014-05-13T21:45:51Z,2026-05-04T09:25:53Z,2026-04-13T07:50:18Z,114,False,qarma,luebking/qarma,git@github.com:luebking/qarma.git,122
MDEwOlJlcG9zaXRvcnkxOTc0NDQ1MA==,2014-05-13T15:24:18Z,2026-05-06T13:28:12Z,2026-03-12T12:10:35Z,3385,True,gr-radar,kit-cel/gr-radar,git@github.com:kit-cel/gr-radar.git,289
MDEwOlJlcG9zaXRvcnkxOTczNDQ1Mw==,2014-05-13T10:11:58Z,2026-03-24T17:36:15Z,2026-03-24T17:36:10Z,995,False,G1fitting,ebertolazzi/G1fitting,git@github.com:ebertolazzi/G1fitting.git,65
MDEwOlJlcG9zaXRvcnkxOTczMDk1OQ==,2014-05-13T08:09:18Z,2026-04-10T06:35:30Z,2026-04-10T06:35:24Z,9320,False,sigviewer,cbrnr/sigviewer,git@github.com:cbrnr/sigviewer.git,156
MDEwOlJlcG9zaXRvcnkxOTcxMjk1MA==,2014-05-12T19:52:00Z,2026-05-05T14:25:53Z,2026-04-24T16:45:36Z,28395,True,DPF,DISTRHO/DPF,git@github.com:DISTRHO/DPF.git,818
MDEwOlJlcG9zaXRvcnkxOTcwNTI3Nw==,2014-05-12T15:58:18Z,2026-05-04T20:01:43Z,2026-04-05T16:28:48Z,9925,False,rendera,JoeDavisson/rendera,git@github.com:JoeDavisson/rendera.git,32
MDEwOlJlcG9zaXRvcnkxOTcwMjA5NA==,2014-05-12T14:34:09Z,2026-05-06T01:24:49Z,2026-03-26T16:42:27Z,1481133,True,Low-Latency-Android-iOS-Linux-Windows-tvOS-macOS-Interactive-Audio-Platform,superpoweredSDK/Low-Latency-Android-iOS-Linux-Windows-tvOS-macOS-Interactive-Audio-Platform,git@github.com:superpoweredSDK/Low-Latency-Android-iOS-Linux-Windows-tvOS-macOS-Interactive-Audio-Platform.git,1430
MDEwOlJlcG9zaXRvcnkxOTY5NjE0Nw==,2014-05-12T11:29:24Z,2026-04-25T23:56:30Z,2026-04-26T03:04:30Z,7514,False,BlakeBitcoin,BlakeBitcoin/BlakeBitcoin,git@github.com:BlakeBitcoin/BlakeBitcoin.git,4
MDEwOlJlcG9zaXRvcnkxOTY1MTY0OA==,2014-05-10T20:45:17Z,2026-05-07T06:30:17Z,2026-05-07T06:30:13Z,54031,False,CurecoinSource,cygnusxi/CurecoinSource,git@github.com:cygnusxi/CurecoinSource.git,149
MDEwOlJlcG9zaXRvcnkxOTU4NzUyNw==,2014-05-08T20:19:43Z,2026-05-07T04:15:21Z,2026-04-25T19:40:57Z,1731,False,rapidcheck,emil-e/rapidcheck,git@github.com:emil-e/rapidcheck.git,1091
MDEwOlJlcG9zaXRvcnkxOTU0MDcwNg==,2014-05-07T15:52:46Z,2026-05-07T10:25:06Z,2026-05-07T10:25:01Z,152614,True,fibjs,fibjs/fibjs,git@github.com:fibjs/fibjs.git,3098
MDEwOlJlcG9zaXRvcnkxOTUwMjQ1Mg==,2014-05-06T16:47:18Z,2026-05-06T00:45:11Z,2026-05-04T12:52:10Z,407612,True,aspect,geodynamics/aspect,git@github.com:geodynamics/aspect.git,290
MDEwOlJlcG9zaXRvcnkxOTQzMDM3MQ==,2014-05-04T16:19:27Z,2026-05-01T14:35:26Z,2026-05-06T23:22:39Z,11017,True,qps,lxqt/qps,git@github.com:lxqt/qps.git,95
MDEwOlJlcG9zaXRvcnkxOTQxNjU1MQ==,2014-05-04T01:54:44Z,2026-05-07T10:10:41Z,2026-04-29T10:11:27Z,35250,True,sqlitebrowser,sqlitebrowser/sqlitebrowser,git@github.com:sqlitebrowser/sqlitebrowser.git,23998
MDEwOlJlcG9zaXRvcnkxOTQwNzI1Mg==,2014-05-03T16:32:32Z,2026-05-06T09:14:45Z,2026-05-06T14:20:42Z,98063,True,OpenDeck,shanteacontrols/OpenDeck,git@github.com:shanteacontrols/OpenDeck.git,905
MDEwOlJlcG9zaXRvcnkxOTM4MDYxNw==,2014-05-02T16:11:56Z,2026-05-02T22:39:36Z,2026-04-27T23:28:56Z,32256,True,athena,PrincetonUniversity/athena,git@github.com:PrincetonUniversity/athena.git,334
MDEwOlJlcG9zaXRvcnkxOTM3NTk4MQ==,2014-05-02T13:23:58Z,2026-04-15T13:17:35Z,2026-04-15T13:20:26Z,26,True,qt5-feedback-haptics-droid-vibrator,mer-hybris/qt5-feedback-haptics-droid-vibrator,git@github.com:mer-hybris/qt5-feedback-haptics-droid-vibrator.git,0
MDEwOlJlcG9zaXRvcnkxOTM3NDgxMg==,2014-05-02T12:36:31Z,2026-05-07T10:50:55Z,2026-05-07T10:38:05Z,274268,True,tdesktop,telegramdesktop/tdesktop,git@github.com:telegramdesktop/tdesktop.git,31685
MDEwOlJlcG9zaXRvcnkxOTM0NzM0MA==,2014-05-01T14:49:25Z,2026-05-07T10:49:00Z,2026-05-07T10:48:55Z,42058,True,nano-node,nanocurrency/nano-node,git@github.com:nanocurrency/nano-node.git,3524
MDEwOlJlcG9zaXRvcnkxOTM0NzI2Nw==,2014-05-01T14:47:02Z,2026-05-04T04:10:23Z,2026-05-07T11:12:27Z,53331,True,mrtrix3,MRtrix3/mrtrix3,git@github.com:MRtrix3/mrtrix3.git,350
MDEwOlJlcG9zaXRvcnkxOTMzNjg4Mw==,2014-05-01T05:29:00Z,2026-04-30T09:10:57Z,2026-03-07T21:04:47Z,6927,False,Whorld,victimofleisure/Whorld,git@github.com:victimofleisure/Whorld.git,43
MDEwOlJlcG9zaXRvcnkxOTMxNjYxOQ==,2014-04-30T14:38:28Z,2026-05-07T07:10:47Z,2026-05-06T19:49:03Z,203062,True,monero,monero-project/monero,git@github.com:monero-project/monero.git,10521
MDEwOlJlcG9zaXRvcnkxOTI5Mjk1MA==,2014-04-29T22:03:44Z,2026-05-06T15:30:13Z,2026-05-06T15:28:38Z,3153,False,drmingw,jrfonseca/drmingw,git@github.com:jrfonseca/drmingw.git,308
MDEwOlJlcG9zaXRvcnkxOTI3MjE4MQ==,2014-04-29T10:07:15Z,2026-05-05T15:42:50Z,2026-05-05T15:39:09Z,13125,True,cg3,GrammarSoft/cg3,git@github.com:GrammarSoft/cg3.git,26
MDEwOlJlcG9zaXRvcnkxOTE5MTA0OQ==,2014-04-26T23:27:09Z,2026-04-20T17:28:59Z,2026-04-20T17:28:04Z,65884,True,desmume2015,libretro/desmume2015,git@github.com:libretro/desmume2015.git,31
MDEwOlJlcG9zaXRvcnkxOTE2MDQ2OQ==,2014-04-25T20:54:37Z,2026-03-18T06:11:33Z,2026-03-18T06:11:29Z,30720,True,bundy,bundy-dns/bundy,git@github.com:bundy-dns/bundy.git,138
MDEwOlJlcG9zaXRvcnkxOTE0MzQwOA==,2014-04-25T11:11:04Z,2026-05-04T08:18:43Z,2026-05-04T08:18:38Z,1440,True,packages-cpp,SWI-Prolog/packages-cpp,git@github.com:SWI-Prolog/packages-cpp.git,39
MDEwOlJlcG9zaXRvcnkxOTExNTA4NA==,2014-04-24T16:10:39Z,2026-04-30T16:11:25Z,2026-04-30T16:11:20Z,184,False,libopencl-stub,krrishnarraj/libopencl-stub,git@github.com:krrishnarraj/libopencl-stub.git,74
MDEwOlJlcG9zaXRvcnkxOTA5NzU2Nw==,2014-04-24T06:02:20Z,2026-03-26T21:21:01Z,2026-03-26T21:20:56Z,7744,True,NLSR,named-data/NLSR,git@github.com:named-data/NLSR.git,51
MDEwOlJlcG9zaXRvcnkxOTA1OTg2Mg==,2014-04-23T06:46:21Z,2026-05-07T09:05:55Z,2026-05-07T09:05:51Z,18569,False,itksnap,pyushkevich/itksnap,git@github.com:pyushkevich/itksnap.git,429
MDEwOlJlcG9zaXRvcnkxOTA1NDIzNA==,2014-04-23T02:31:49Z,2026-04-15T23:22:48Z,2026-04-15T23:22:43Z,24478,True,adara,ADARA-Neutrons/adara,git@github.com:ADARA-Neutrons/adara.git,3
MDEwOlJlcG9zaXRvcnkxOTA0MjU2Nw==,2014-04-22T19:11:27Z,2026-04-26T08:28:35Z,2026-04-26T08:28:30Z,9942,False,file-commander,VioletGiraffe/file-commander,git@github.com:VioletGiraffe/file-commander.git,441
MDEwOlJlcG9zaXRvcnkxOTA0MDQyMQ==,2014-04-22T18:10:31Z,2026-03-12T17:52:11Z,2026-03-12T17:52:06Z,190,False,qtutils,VioletGiraffe/qtutils,git@github.com:VioletGiraffe/qtutils.git,22
MDEwOlJlcG9zaXRvcnkxOTAwMDYwMw==,2014-04-21T17:34:50Z,2026-05-07T05:24:31Z,2026-05-07T05:25:04Z,587696,True,shaka-packager,shaka-project/shaka-packager,git@github.com:shaka-project/shaka-packager.git,2492
MDEwOlJlcG9zaXRvcnkxODk5NDkyNA==,2014-04-21T14:31:23Z,2026-04-29T15:12:54Z,2026-04-29T15:10:48Z,2206,False,FileTest,ladislav-zezula/FileTest,git@github.com:ladislav-zezula/FileTest.git,310
MDEwOlJlcG9zaXRvcnkxODk3OTU2NA==,2014-04-21T02:24:50Z,2026-05-04T15:33:54Z,2026-05-04T15:33:48Z,174490,False,mx-packageinstaller,AdrianTM/mx-packageinstaller,git@github.com:AdrianTM/mx-packageinstaller.git,6
MDEwOlJlcG9zaXRvcnkxODk1MTM5Mw==,2014-04-19T21:29:08Z,2026-04-30T17:29:57Z,2026-03-16T13:04:07Z,19896,True,galera,mariadb-corporation/galera,git@github.com:mariadb-corporation/galera.git,492
MDEwOlJlcG9zaXRvcnkxODk0MTA4Mg==,2014-04-19T12:53:29Z,2026-04-30T12:23:37Z,2026-04-14T12:07:13Z,28469,True,Gate,OpenGATE/Gate,git@github.com:OpenGATE/Gate.git,275
MDEwOlJlcG9zaXRvcnkxODkxNjg5Mw==,2014-04-18T15:27:49Z,2026-05-06T15:37:34Z,2026-05-06T15:37:28Z,28482,True,babeltrace,efficios/babeltrace,git@github.com:efficios/babeltrace.git,118
MDEwOlJlcG9zaXRvcnkxODkxNTc0Mw==,2014-04-18T14:45:45Z,2026-05-06T21:12:30Z,2026-05-06T21:12:26Z,33804,True,lttng-tools,lttng/lttng-tools,git@github.com:lttng/lttng-tools.git,345
MDEwOlJlcG9zaXRvcnkxODkwMTkwOQ==,2014-04-18T03:50:44Z,2026-05-01T20:55:32Z,2026-05-07T02:41:48Z,130505,True,IBAMR,IBAMR/IBAMR,git@github.com:IBAMR/IBAMR.git,431
MDEwOlJlcG9zaXRvcnkxODg0MjA3NQ==,2014-04-16T14:13:13Z,2026-05-05T11:48:48Z,2026-04-10T13:32:21Z,1731,True,CastXML,CastXML/CastXML,git@github.com:CastXML/CastXML.git,512
MDEwOlJlcG9zaXRvcnkxODgwNDIwNA==,2014-04-15T15:02:24Z,2026-04-13T14:21:10Z,2026-04-13T14:21:02Z,8661,True,telepathy-qt,TelepathyIM/telepathy-qt,git@github.com:TelepathyIM/telepathy-qt.git,26
MDEwOlJlcG9zaXRvcnkxODc4NjQ5NQ==,2014-04-15T03:42:03Z,2026-04-28T09:09:21Z,2026-03-25T23:34:56Z,6882,True,laz-perf,hobuinc/laz-perf,git@github.com:hobuinc/laz-perf.git,101
MDEwOlJlcG9zaXRvcnkxODc0MDA5NA==,2014-04-13T21:11:47Z,2026-05-07T03:46:56Z,2026-05-04T10:22:41Z,93588,True,gnss-sdr,gnss-sdr/gnss-sdr,git@github.com:gnss-sdr/gnss-sdr.git,2077
MDEwOlJlcG9zaXRvcnkxODcxOTg1Ng==,2014-04-13T02:41:56Z,2026-05-07T09:00:17Z,2026-05-07T00:24:34Z,5750892,True,stellarium,Stellarium/stellarium,git@github.com:Stellarium/stellarium.git,9592
MDEwOlJlcG9zaXRvcnkxODcxNTM2Ng==,2014-04-12T21:39:56Z,2026-04-15T08:10:59Z,2026-04-13T23:21:06Z,2609,True,protozero,mapbox/protozero,git@github.com:mapbox/protozero.git,374
MDEwOlJlcG9zaXRvcnkxODY5ODQ5MA==,2014-04-12T07:09:34Z,2026-05-04T10:22:11Z,2026-05-07T10:54:29Z,89709,False,gnss-sdr,carlesfernandez/gnss-sdr,git@github.com:carlesfernandez/gnss-sdr.git,56
MDEwOlJlcG9zaXRvcnkxODY0MzU1Mw==,2014-04-10T16:31:40Z,2026-04-20T23:30:41Z,2026-04-05T02:19:22Z,28991,False,zam-plugins,zamaudio/zam-plugins,git@github.com:zamaudio/zam-plugins.git,306
MDEwOlJlcG9zaXRvcnkxODYwNTgyNg==,2014-04-09T17:12:10Z,2026-04-29T09:24:58Z,2026-04-30T21:04:16Z,33329,True,HoudiniEngineForUnreal,sideeffects/HoudiniEngineForUnreal,git@github.com:sideeffects/HoudiniEngineForUnreal.git,1554
MDEwOlJlcG9zaXRvcnkxODYwMzM0OA==,2014-04-09T15:54:36Z,2026-05-05T16:01:20Z,2026-05-05T16:01:11Z,81076,False,zapata,naazgull/zapata,git@github.com:naazgull/zapata.git,14
MDEwOlJlcG9zaXRvcnkxODU5ODYzNg==,2014-04-09T13:42:46Z,2026-03-18T12:00:12Z,2026-03-18T12:00:05Z,15442,True,slim,lmntal/slim,git@github.com:lmntal/slim.git,21
MDEwOlJlcG9zaXRvcnkxODU4NDY5NQ==,2014-04-09T04:04:34Z,2026-05-05T19:35:57Z,2026-05-05T19:36:03Z,128042,False,ambix,kronihias/ambix,git@github.com:kronihias/ambix.git,265
MDEwOlJlcG9zaXRvcnkxODU3MjkwMg==,2014-04-08T19:57:15Z,2026-05-07T02:44:25Z,2026-04-30T11:44:37Z,145925,True,hmailserver,hmailserver/hmailserver,git@github.com:hmailserver/hmailserver.git,990
MDEwOlJlcG9zaXRvcnkxODUxODA2OA==,2014-04-07T13:33:50Z,2026-03-31T18:32:20Z,2026-03-31T18:32:01Z,108916,False,mzR,sneumann/mzR,git@github.com:sneumann/mzR.git,46
MDEwOlJlcG9zaXRvcnkxODUwMzcyMQ==,2014-04-07T01:37:37Z,2026-05-07T05:51:34Z,2026-04-21T09:53:18Z,27134,True,yoga,facebook/yoga,org-69631@github.com:facebook/yoga.git,18722
MDEwOlJlcG9zaXRvcnkxODQ5MDQyMQ==,2014-04-06T13:42:23Z,2026-05-07T08:55:31Z,2026-05-06T20:31:10Z,103236,True,vcmi,vcmi/vcmi,git@github.com:vcmi/vcmi.git,5627
MDEwOlJlcG9zaXRvcnkxODQ0Mjc2Ng==,2014-04-04T15:07:40Z,2026-04-26T12:26:35Z,2026-04-26T12:26:31Z,6195,False,mx-bootrepair,AdrianTM/mx-bootrepair,git@github.com:AdrianTM/mx-bootrepair.git,2
MDEwOlJlcG9zaXRvcnkxODQzNjk0NQ==,2014-04-04T11:34:21Z,2026-04-27T03:19:02Z,2026-04-14T09:40:22Z,4813,True,libcmaes,CMA-ES/libcmaes,git@github.com:CMA-ES/libcmaes.git,365
MDEwOlJlcG9zaXRvcnkxODQzMTI0MQ==,2014-04-04T07:40:13Z,2026-05-06T21:15:18Z,2026-05-04T14:32:47Z,14375,True,sems,sems-server/sems,git@github.com:sems-server/sems.git,185
MDEwOlJlcG9zaXRvcnkxODM5NjUxMA==,2014-04-03T08:41:14Z,2026-04-27T18:27:21Z,2026-05-07T11:02:30Z,30195,True,safir-sdk-core,SafirSDK/safir-sdk-core,git@github.com:SafirSDK/safir-sdk-core.git,11
MDEwOlJlcG9zaXRvcnkxODM5MTk3OA==,2014-04-03T05:10:21Z,2026-03-21T11:25:16Z,2026-03-21T11:25:13Z,8303,False,trans,rieske/trans,git@github.com:rieske/trans.git,2
MDEwOlJlcG9zaXRvcnkxODM1NTgwNQ==,2014-04-02T05:37:27Z,2026-04-19T13:20:25Z,2026-04-08T23:11:54Z,4831,True,RF24Network,nRF24/RF24Network,git@github.com:nRF24/RF24Network.git,382
MDEwOlJlcG9zaXRvcnkxODM0ODY1MQ==,2014-04-01T23:32:25Z,2026-05-07T05:32:39Z,2026-05-06T22:14:30Z,273425,True,OpenRCT2,OpenRCT2/OpenRCT2,git@github.com:OpenRCT2/OpenRCT2.git,15582
MDEwOlJlcG9zaXRvcnkxODM0NzM5OA==,2014-04-01T22:37:47Z,2026-05-06T19:01:09Z,2026-03-11T05:48:21Z,99412,True,autofdo,google/autofdo,git@github.com:google/autofdo.git,612
MDEwOlJlcG9zaXRvcnkxODMzNTc5MA==,2014-04-01T16:10:06Z,2026-03-18T19:35:33Z,2026-03-18T19:35:29Z,2538,False,Doom,jeffdoggett/Doom,git@github.com:jeffdoggett/Doom.git,18
MDEwOlJlcG9zaXRvcnkxODMyNzYyMQ==,2014-04-01T11:48:08Z,2026-04-27T14:52:37Z,2026-05-07T09:58:46Z,15126,True,Vangers,KranX/Vangers,git@github.com:KranX/Vangers.git,719
MDEwOlJlcG9zaXRvcnkxODI5ODg3Mw==,2014-03-31T15:54:51Z,2026-05-07T09:36:29Z,2026-04-30T09:58:22Z,16362,True,robot_localization,cra-ros-pkg/robot_localization,git@github.com:cra-ros-pkg/robot_localization.git,1875
MDEwOlJlcG9zaXRvcnkxODIyMzEzMQ==,2014-03-28T18:59:52Z,2026-05-06T01:04:39Z,2026-05-01T20:11:58Z,112530,True,meep,NanoComp/meep,git@github.com:NanoComp/meep.git,1634
MDEwOlJlcG9zaXRvcnkxODIwNjM3Mg==,2014-03-28T09:00:31Z,2026-04-27T21:50:11Z,2026-04-24T07:02:24Z,15775,True,libdnf,rpm-software-management/libdnf,git@github.com:rpm-software-management/libdnf.git,204
MDEwOlJlcG9zaXRvcnkxODE3OTg0OA==,2014-03-27T15:02:16Z,2026-05-07T08:04:17Z,2026-05-07T08:04:14Z,465340,True,ezEngine,ezEngine/ezEngine,git@github.com:ezEngine/ezEngine.git,1941
MDEwOlJlcG9zaXRvcnkxODE1NTU5MA==,2014-03-26T22:05:36Z,2026-04-08T17:20:39Z,2026-04-08T17:20:35Z,1070,True,sawSensablePhantom,jhu-saw/sawSensablePhantom,git@github.com:jhu-saw/sawSensablePhantom.git,15
MDEwOlJlcG9zaXRvcnkxODE1NTQzNg==,2014-03-26T21:59:35Z,2026-04-19T00:18:18Z,2026-04-19T00:18:15Z,844,True,sawRobotIO1394,jhu-saw/sawRobotIO1394,git@github.com:jhu-saw/sawRobotIO1394.git,2
MDEwOlJlcG9zaXRvcnkxODE1NDcyNQ==,2014-03-26T21:34:05Z,2026-04-26T20:53:38Z,2026-04-18T02:39:58Z,8493,True,sawIntuitiveResearchKit,jhu-dvrk/sawIntuitiveResearchKit,git@github.com:jhu-dvrk/sawIntuitiveResearchKit.git,155
MDEwOlJlcG9zaXRvcnkxODE1NDI4Mg==,2014-03-26T21:19:48Z,2026-04-18T02:42:22Z,2026-04-18T02:42:18Z,381,True,sawControllers,jhu-saw/sawControllers,git@github.com:jhu-saw/sawControllers.git,9
MDEwOlJlcG9zaXRvcnkxODE0NjQ0NQ==,2014-03-26T17:13:09Z,2026-05-04T05:57:11Z,2026-05-04T05:57:06Z,530,True,hpp-util,humanoid-path-planner/hpp-util,git@github.com:humanoid-path-planner/hpp-util.git,1
MDEwOlJlcG9zaXRvcnkxODE0NjMwMQ==,2014-03-26T17:08:16Z,2026-04-17T11:30:22Z,2026-05-06T12:20:53Z,3313,True,hpp-corbaserver,humanoid-path-planner/hpp-corbaserver,git@github.com:humanoid-path-planner/hpp-corbaserver.git,5
MDEwOlJlcG9zaXRvcnkxODEzODAxMw==,2014-03-26T13:00:12Z,2026-05-03T10:57:22Z,2026-05-03T10:57:17Z,2542,True,hpp-constraints,humanoid-path-planner/hpp-constraints,git@github.com:humanoid-path-planner/hpp-constraints.git,4
MDEwOlJlcG9zaXRvcnkxODEzNzk5Mw==,2014-03-26T12:59:17Z,2026-04-29T17:56:26Z,2026-04-29T17:56:20Z,6304,True,hpp-core,humanoid-path-planner/hpp-core,git@github.com:humanoid-path-planner/hpp-core.git,44
MDEwOlJlcG9zaXRvcnkxODExMjM4NQ==,2014-03-25T18:48:47Z,2026-04-16T07:31:38Z,2026-04-16T07:31:34Z,3589,True,patchmanager,sailfishos-patches/patchmanager,git@github.com:sailfishos-patches/patchmanager.git,24
MDEwOlJlcG9zaXRvcnkxODA3NzM5MQ==,2014-03-24T20:19:54Z,2026-03-23T15:59:10Z,2026-03-20T22:40:14Z,116,False,wjelement-cpp,petehug/wjelement-cpp,git@github.com:petehug/wjelement-cpp.git,10
MDEwOlJlcG9zaXRvcnkxODA2NzkxMA==,2014-03-24T15:46:00Z,2026-05-06T20:19:06Z,2026-05-07T11:28:21Z,42461,True,vampire,vprover/vampire,git@github.com:vprover/vampire.git,413
MDEwOlJlcG9zaXRvcnkxODA2NzgyOQ==,2014-03-24T15:43:21Z,2026-05-07T06:01:13Z,2026-05-07T00:49:54Z,41206,False,mergerfs,trapexit/mergerfs,git@github.com:trapexit/mergerfs.git,5612
MDEwOlJlcG9zaXRvcnkxODA2MzgzMA==,2014-03-24T13:42:42Z,2026-04-28T10:15:12Z,2026-04-25T04:05:23Z,129556,True,cavewhere,Cavewhere/cavewhere,git@github.com:Cavewhere/cavewhere.git,45
MDEwOlJlcG9zaXRvcnkxODA1NjY4MA==,2014-03-24T08:57:35Z,2026-05-07T10:52:23Z,2026-05-07T10:52:16Z,36410,False,sniffer,voipmonitor/sniffer,git@github.com:voipmonitor/sniffer.git,284
MDEwOlJlcG9zaXRvcnkxODAzOTUzOQ==,2014-03-23T17:56:19Z,2026-05-01T22:33:37Z,2026-05-01T22:31:58Z,142520,False,QtBlackjack,Jimbomonkey/QtBlackjack,git@github.com:Jimbomonkey/QtBlackjack.git,1
MDEwOlJlcG9zaXRvcnkxNzk5MjYxNQ==,2014-03-21T20:00:40Z,2026-05-07T03:09:03Z,2026-05-05T19:41:36Z,287947,True,qpp,softwareQinc/qpp,git@github.com:softwareQinc/qpp.git,656
MDEwOlJlcG9zaXRvcnkxNzk3MDIxOQ==,2014-03-21T06:15:11Z,2026-04-03T02:22:27Z,2026-04-03T02:26:41Z,11448,False,krig-game-engine,srobbibaro/krig-game-engine,git@github.com:srobbibaro/krig-game-engine.git,4
MDEwOlJlcG9zaXRvcnkxNzk0OTAwNw==,2014-03-20T16:05:36Z,2026-05-07T11:25:51Z,2026-05-07T11:27:42Z,348991,True,sailfish-qtcreator,sailfishos/sailfish-qtcreator,git@github.com:sailfishos/sailfish-qtcreator.git,52
MDEwOlJlcG9zaXRvcnkxNzk0MTk0Mg==,2014-03-20T12:37:13Z,2026-05-04T15:11:58Z,2026-05-04T15:11:53Z,11469,True,Bindy,EPC-MSU/Bindy,git@github.com:EPC-MSU/Bindy.git,5
MDEwOlJlcG9zaXRvcnkxNzkyODIwNw==,2014-03-20T02:32:15Z,2026-05-06T16:49:03Z,2026-05-06T16:48:59Z,992728,True,Albany,sandialabs/Albany,git@github.com:sandialabs/Albany.git,325
MDEwOlJlcG9zaXRvcnkxNzkwNTMyOQ==,2014-03-19T13:35:20Z,2026-04-22T16:49:20Z,2026-04-17T13:41:49Z,24902,True,tomviz,OpenChemistry/tomviz,git@github.com:OpenChemistry/tomviz.git,357
MDEwOlJlcG9zaXRvcnkxNzg4NTI3MA==,2014-03-18T23:13:00Z,2026-04-25T00:51:56Z,2026-04-04T15:40:46Z,78332,False,php-gtk3,scorninpc/php-gtk3,git@github.com:scorninpc/php-gtk3.git,131
MDEwOlJlcG9zaXRvcnkxNzg4NDUxMg==,2014-03-18T22:38:20Z,2026-04-02T15:02:54Z,2026-04-02T15:02:00Z,11816,False,tommyds,amadvance/tommyds,git@github.com:amadvance/tommyds.git,246
MDEwOlJlcG9zaXRvcnkxNzg4MjU4OA==,2014-03-18T21:26:28Z,2026-04-09T10:01:49Z,2026-04-09T10:01:43Z,21545,True,FAST,FAST-Imaging/FAST,git@github.com:FAST-Imaging/FAST.git,508
MDEwOlJlcG9zaXRvcnkxNzg1NjUwNQ==,2014-03-18T06:53:26Z,2026-05-04T16:10:40Z,2026-04-08T23:08:42Z,14282,True,RF24,nRF24/RF24,git@github.com:nRF24/RF24.git,2439
MDEwOlJlcG9zaXRvcnkxNzgyNDUzNg==,2014-03-17T10:35:53Z,2026-03-27T16:34:03Z,2026-03-27T16:33:58Z,119642,True,idyntree,gbionics/idyntree,git@github.com:gbionics/idyntree.git,230
MDEwOlJlcG9zaXRvcnkxNzgxNDYwNQ==,2014-03-17T02:12:04Z,2026-04-24T15:36:00Z,2026-04-04T00:43:25Z,2577,True,cpp,exercism/cpp,git@github.com:exercism/cpp.git,284
MDEwOlJlcG9zaXRvcnkxNzc1NjY0MA==,2014-03-14T18:53:40Z,2026-03-20T20:26:31Z,2026-03-20T20:26:26Z,85,True,irods_microservice_plugins_curl,irods/irods_microservice_plugins_curl,git@github.com:irods/irods_microservice_plugins_curl.git,2
MDEwOlJlcG9zaXRvcnkxNzc1MTE0NA==,2014-03-14T15:42:40Z,2026-05-05T22:57:48Z,2026-04-30T19:08:50Z,93335,True,sortmerna,sortmerna/sortmerna,git@github.com:sortmerna/sortmerna.git,292
MDEwOlJlcG9zaXRvcnkxNzcwMDk1MA==,2014-03-13T06:48:16Z,2026-04-19T15:57:24Z,2026-04-19T15:57:18Z,4736,True,yaImpute,cran/yaImpute,git@github.com:cran/yaImpute.git,1
MDEwOlJlcG9zaXRvcnkxNzcwMDE3Ng==,2014-03-13T06:33:15Z,2026-05-04T13:01:02Z,2026-05-04T13:00:51Z,2829,True,subselect,cran/subselect,git@github.com:cran/subselect.git,2
MDEwOlJlcG9zaXRvcnkxNzY5OTcxMA==,2014-03-13T06:20:27Z,2026-03-07T08:50:41Z,2026-03-07T08:50:37Z,785,True,smam,cran/smam,git@github.com:cran/smam.git,0
MDEwOlJlcG9zaXRvcnkxNzY5OTQzMw==,2014-03-13T06:12:49Z,2026-03-21T21:43:16Z,2026-03-21T21:43:12Z,82,True,rzmq,cran/rzmq,git@github.com:cran/rzmq.git,0
MDEwOlJlcG9zaXRvcnkxNzY5ODc3MQ==,2014-03-13T05:53:29Z,2026-03-01T05:34:08Z,2026-03-01T05:34:04Z,1398,True,psgp,cran/psgp,git@github.com:cran/psgp.git,0
MDEwOlJlcG9zaXRvcnkxNzY5MzQ3Mw==,2014-03-13T03:33:44Z,2026-03-13T13:37:48Z,2026-03-13T13:37:43Z,343,True,SAM,cran/SAM,git@github.com:cran/SAM.git,0
MDEwOlJlcG9zaXRvcnkxNzY5Mjk4Mg==,2014-03-13T03:18:49Z,2026-04-20T12:15:59Z,2026-04-20T12:15:55Z,12956,True,RSiena,cran/RSiena,git@github.com:cran/RSiena.git,5
MDEwOlJlcG9zaXRvcnkxNzY4NTIzMg==,2014-03-12T21:45:28Z,2026-04-18T02:40:41Z,2026-04-18T02:40:32Z,28191,True,cisst,jhu-cisst/cisst,git@github.com:jhu-cisst/cisst.git,73
MDEwOlJlcG9zaXRvcnkxNzYyMTM5Ng==,2014-03-11T07:03:40Z,2026-04-10T12:23:55Z,2026-04-10T12:23:49Z,4131,False,_MyLib,somma/_MyLib,git@github.com:somma/_MyLib.git,88
MDEwOlJlcG9zaXRvcnkxNzYxMjQxNw==,2014-03-10T23:42:06Z,2026-04-20T17:32:03Z,2026-04-20T17:31:49Z,4708,True,bsnes-mercury,libretro/bsnes-mercury,git@github.com:libretro/bsnes-mercury.git,49
MDEwOlJlcG9zaXRvcnkxNzU1OTcxNg==,2014-03-09T07:11:12Z,2026-04-30T16:54:34Z,2026-03-17T16:14:26Z,298373,False,spc1000,meesokim/spc1000,git@github.com:meesokim/spc1000.git,10
MDEwOlJlcG9zaXRvcnkxNzU1OTY3Nw==,2014-03-09T07:08:14Z,2026-04-30T04:19:32Z,2026-03-23T11:42:01Z,45830,True,CAMotics,CauldronDevelopmentLLC/CAMotics,git@github.com:CauldronDevelopmentLLC/CAMotics.git,716
MDEwOlJlcG9zaXRvcnkxNzUzMTU1OA==,2014-03-08T00:24:00Z,2026-04-29T06:36:16Z,2026-04-25T17:26:45Z,27734,True,cbang,CauldronDevelopmentLLC/cbang,git@github.com:CauldronDevelopmentLLC/cbang.git,66
MDEwOlJlcG9zaXRvcnkxNzUxMzQwMw==,2014-03-07T12:33:37Z,2026-04-21T02:23:39Z,2026-05-07T03:36:06Z,15596,False,ninja-scan-light,fenrir-naru/ninja-scan-light,git@github.com:fenrir-naru/ninja-scan-light.git,34
MDEwOlJlcG9zaXRvcnkxNzQ2NTEyNg==,2014-03-06T03:42:32Z,2026-05-04T06:21:37Z,2026-03-24T03:49:45Z,1567,False,mupen64plus-qt,dh4/mupen64plus-qt,git@github.com:dh4/mupen64plus-qt.git,105
MDEwOlJlcG9zaXRvcnkxNzM4MzQ3Ng==,2014-03-03T23:11:20Z,2026-04-15T19:09:16Z,2026-04-02T09:00:24Z,17348,True,EosSdk,aristanetworks/EosSdk,git@github.com:aristanetworks/EosSdk.git,165
MDEwOlJlcG9zaXRvcnkxNzM4MTYwNQ==,2014-03-03T21:58:09Z,2026-05-06T17:24:57Z,2026-03-06T22:30:42Z,2833,True,snappy,google/snappy,git@github.com:google/snappy.git,6566
MDEwOlJlcG9zaXRvcnkxNzMzNTM3Mg==,2014-03-02T10:19:18Z,2026-05-07T11:39:03Z,2026-05-07T11:38:59Z,258489,False,WidescreenFixesPack,ThirteenAG/WidescreenFixesPack,git@github.com:ThirteenAG/WidescreenFixesPack.git,2977
MDEwOlJlcG9zaXRvcnkxNzI5OTQ5MA==,2014-02-28T20:54:57Z,2026-04-10T23:17:32Z,2026-03-03T14:48:10Z,147,True,Adafruit-MLX90614-Library,adafruit/Adafruit-MLX90614-Library,git@github.com:adafruit/Adafruit-MLX90614-Library.git,135
MDEwOlJlcG9zaXRvcnkxNzI4OTY2NA==,2014-02-28T15:09:06Z,2026-05-05T12:23:02Z,2026-04-08T14:57:57Z,8323,True,Editor,EasyRPG/Editor,git@github.com:EasyRPG/Editor.git,405
MDEwOlJlcG9zaXRvcnkxNzI4NDk0NA==,2014-02-28T12:01:31Z,2026-05-04T12:15:53Z,2026-03-14T09:31:19Z,2176,False,MWEngine,igorski/MWEngine,git@github.com:igorski/MWEngine.git,277
MDEwOlJlcG9zaXRvcnkxNzI1MzEzMQ==,2014-02-27T15:16:30Z,2026-05-07T10:31:07Z,2026-05-06T18:09:50Z,149994,False,renderdoc,baldurk/renderdoc,git@github.com:baldurk/renderdoc.git,10675
MDEwOlJlcG9zaXRvcnkxNzI0NzYzNw==,2014-02-27T12:11:16Z,2026-04-22T08:23:04Z,2026-04-22T08:23:00Z,2865,True,eeros-framework,eeros-project/eeros-framework,git@github.com:eeros-project/eeros-framework.git,17
MDEwOlJlcG9zaXRvcnkxNzI0NjQwNQ==,2014-02-27T11:22:22Z,2026-04-22T11:58:54Z,2026-04-21T09:23:50Z,8971,True,dbus_modbustcp,victronenergy/dbus_modbustcp,git@github.com:victronenergy/dbus_modbustcp.git,46
MDEwOlJlcG9zaXRvcnkxNzIyMDY4OQ==,2014-02-26T18:33:10Z,2026-05-07T07:43:29Z,2026-05-07T07:44:30Z,34860,False,mcfx,kronihias/mcfx,git@github.com:kronihias/mcfx.git,94
MDEwOlJlcG9zaXRvcnkxNzIxOTc2OQ==,2014-02-26T18:00:19Z,2026-03-26T22:57:40Z,2026-05-05T20:32:11Z,842706,True,fluorender,SCIInstitute/fluorender,git@github.com:SCIInstitute/fluorender.git,47
MDEwOlJlcG9zaXRvcnkxNzIxNjc2NA==,2014-02-26T16:20:33Z,2026-03-26T17:04:21Z,2026-03-26T17:04:17Z,7956,False,TrianglePP,mrkkrj/TrianglePP,git@github.com:mrkkrj/TrianglePP.git,41
MDEwOlJlcG9zaXRvcnkxNzE4MTA2Mg==,2014-02-25T17:11:29Z,2026-04-21T16:56:04Z,2026-04-21T16:56:00Z,901,True,libpsinc,emergent-design/libpsinc,git@github.com:emergent-design/libpsinc.git,3
MDEwOlJlcG9zaXRvcnkxNzE4MDgyMg==,2014-02-25T17:03:20Z,2026-04-10T08:47:15Z,2026-04-10T08:47:07Z,787,True,libemergent,emergent-design/libemergent,git@github.com:emergent-design/libemergent.git,0
MDEwOlJlcG9zaXRvcnkxNzE2NzMyOA==,2014-02-25T09:07:38Z,2026-05-03T17:56:55Z,2026-04-02T20:55:00Z,11750,True,Vc,VcDevel/Vc,git@github.com:VcDevel/Vc.git,1524
MDEwOlJlcG9zaXRvcnkxNzEzMzMwMA==,2014-02-24T10:58:40Z,2026-04-09T15:03:43Z,2026-04-09T15:00:04Z,10220,False,AMG4Standalone,amagnan/AMG4Standalone,git@github.com:amagnan/AMG4Standalone.git,0
MDEwOlJlcG9zaXRvcnkxNzExMDEyMg==,2014-02-23T15:10:01Z,2026-05-03T12:23:28Z,2026-05-03T12:23:24Z,5827,False,naken_asm,mikeakohn/naken_asm,git@github.com:mikeakohn/naken_asm.git,335
MDEwOlJlcG9zaXRvcnkxNzEwNDczOQ==,2014-02-23T08:45:33Z,2026-05-07T01:28:21Z,2026-05-06T21:21:29Z,23109,False,Play-,jpd002/Play-,git@github.com:jpd002/Play-.git,2593
MDEwOlJlcG9zaXRvcnkxNzEwMTM2MA==,2014-02-23T04:12:47Z,2026-03-30T21:25:11Z,2026-03-30T21:29:53Z,2606,False,Play--CodeGen,jpd002/Play--CodeGen,git@github.com:jpd002/Play--CodeGen.git,60
MDEwOlJlcG9zaXRvcnkxNzA5OTkwMA==,2014-02-23T02:27:07Z,2026-04-30T02:03:27Z,2026-04-30T02:03:52Z,1107,False,Play--Framework,jpd002/Play--Framework,git@github.com:jpd002/Play--Framework.git,46
MDEwOlJlcG9zaXRvcnkxNzA2MDExMg==,2014-02-21T15:19:04Z,2026-03-17T08:46:19Z,2026-03-04T10:38:03Z,11866,True,visp_ros,lagadic/visp_ros,git@github.com:lagadic/visp_ros.git,64
MDEwOlJlcG9zaXRvcnkxNzA1ODk4Mw==,2014-02-21T14:41:35Z,2026-04-24T15:40:37Z,2026-05-06T18:19:23Z,108486,True,FabMo-G2-Core,FabMo/FabMo-G2-Core,git@github.com:FabMo/FabMo-G2-Core.git,14
MDEwOlJlcG9zaXRvcnkxNzA1NTI2NA==,2014-02-21T12:10:30Z,2026-05-07T02:58:18Z,2026-05-07T02:58:13Z,13185,True,libigl,libigl/libigl,git@github.com:libigl/libigl.git,5015
MDEwOlJlcG9zaXRvcnkxNzA1MDM1OA==,2014-02-21T08:45:02Z,2026-05-06T18:25:49Z,2026-05-06T18:25:44Z,6900,False,clad,vgvassilev/clad,git@github.com:vgvassilev/clad.git,398
MDEwOlJlcG9zaXRvcnkxNzAyODA0NA==,2014-02-20T16:58:23Z,2026-05-04T14:58:00Z,2026-05-04T14:57:57Z,5891,True,flir_ptu,ros-drivers/flir_ptu,git@github.com:ros-drivers/flir_ptu.git,15
MDEwOlJlcG9zaXRvcnkxNjk4MzM5Mw==,2014-02-19T12:24:20Z,2026-03-02T21:34:20Z,2026-05-06T20:06:02Z,17831,True,srcDiff,srcDiff/srcDiff,git@github.com:srcDiff/srcDiff.git,4
MDEwOlJlcG9zaXRvcnkxNjk2NzMzOA==,2014-02-18T23:12:16Z,2026-05-06T20:51:23Z,2026-05-06T21:05:30Z,219801,True,cmdstan,stan-dev/cmdstan,git@github.com:stan-dev/cmdstan.git,238
MDEwOlJlcG9zaXRvcnkxNjkxMjUwNw==,2014-02-17T12:44:34Z,2026-04-15T13:36:35Z,2026-05-06T08:20:26Z,48180,True,OPS,OP-DSL/OPS,git@github.com:OP-DSL/OPS.git,75
MDEwOlJlcG9zaXRvcnkxNjg4NzQyNA==,2014-02-16T15:30:04Z,2026-05-04T09:25:51Z,2026-04-18T18:16:04Z,4381,True,kyua,freebsd/kyua,git@github.com:freebsd/kyua.git,176
MDEwOlJlcG9zaXRvcnkxNjg1MTIyMw==,2014-02-14T22:26:15Z,2026-05-07T01:46:59Z,2026-05-07T08:57:07Z,760976,True,moose,idaholab/moose,git@github.com:idaholab/moose.git,2230
MDEwOlJlcG9zaXRvcnkxNjc1NjM5NQ==,2014-02-12T04:55:01Z,2026-04-19T23:00:08Z,2026-04-19T23:00:03Z,2424,True,regression,boostorg/regression,git@github.com:boostorg/regression.git,11
MDEwOlJlcG9zaXRvcnkxNjc0NTg2OA==,2014-02-11T21:18:32Z,2026-03-02T20:37:20Z,2026-03-02T20:37:17Z,1300,True,base-types,rock-core/base-types,git@github.com:rock-core/base-types.git,6
MDEwOlJlcG9zaXRvcnkxNjczNzMxNQ==,2014-02-11T16:36:18Z,2026-05-02T05:54:40Z,2026-05-02T05:54:36Z,13684,True,corgicoin,corgicoin/corgicoin,git@github.com:corgicoin/corgicoin.git,3
MDEwOlJlcG9zaXRvcnkxNjcyMzgwMA==,2014-02-11T08:11:37Z,2026-04-03T14:23:21Z,2026-04-30T21:07:38Z,6406,True,sailfish-browser,sailfishos/sailfish-browser,git@github.com:sailfishos/sailfish-browser.git,321
MDEwOlJlcG9zaXRvcnkxNjY5OTA4MQ==,2014-02-10T15:15:50Z,2026-04-06T04:03:36Z,2026-04-27T13:47:51Z,2817,True,emane,adjacentlink/emane,git@github.com:adjacentlink/emane.git,152
MDEwOlJlcG9zaXRvcnkxNjY0MTQ1OA==,2014-02-08T11:11:36Z,2026-04-28T20:30:03Z,2026-04-28T20:29:58Z,12972,True,SourcePauseTool,OutOfBoundsOffice/SourcePauseTool,git@github.com:OutOfBoundsOffice/SourcePauseTool.git,106
MDEwOlJlcG9zaXRvcnkxNjYzNDM3MA==,2014-02-08T02:55:32Z,2026-05-07T00:55:58Z,2026-05-06T20:22:26Z,183864,True,Principia,mockingbirdnest/Principia,git@github.com:mockingbirdnest/Principia.git,893
MDEwOlJlcG9zaXRvcnkxNjYxNDQwMQ==,2014-02-07T12:47:11Z,2026-05-05T07:33:43Z,2026-05-05T07:33:38Z,28872,True,crengine,koreader/crengine,git@github.com:koreader/crengine.git,89
MDEwOlJlcG9zaXRvcnkxNjU4NzI4Mw==,2014-02-06T17:28:03Z,2026-05-07T09:10:07Z,2026-05-05T09:52:03Z,36673,True,xgboost,dmlc/xgboost,git@github.com:dmlc/xgboost.git,28352
MDEwOlJlcG9zaXRvcnkxNjU4NjkyMg==,2014-02-06T17:17:19Z,2026-03-18T11:01:00Z,2026-03-18T11:22:49Z,4373,True,DDS,FairRootGroup/DDS,git@github.com:FairRootGroup/DDS.git,17
MDEwOlJlcG9zaXRvcnkxNjU3MzkxMw==,2014-02-06T09:10:03Z,2026-03-21T20:33:20Z,2026-03-21T20:33:17Z,39578,False,MyStuff,CloakMe/MyStuff,git@github.com:CloakMe/MyStuff.git,0
MDEwOlJlcG9zaXRvcnkxNjU2OTUzOA==,2014-02-06T05:31:39Z,2026-04-18T04:09:58Z,2026-04-18T04:09:53Z,583,True,amtl,alliedmodders/amtl,git@github.com:alliedmodders/amtl.git,30
MDEwOlJlcG9zaXRvcnkxNjUxOTQwMA==,2014-02-04T17:27:26Z,2026-04-25T18:17:30Z,2026-04-21T08:17:25Z,36903,True,libossia,ossia/libossia,git@github.com:ossia/libossia.git,231
MDEwOlJlcG9zaXRvcnkxNjQ5OTcxNg==,2014-02-04T02:04:24Z,2026-05-05T21:39:01Z,2026-05-05T19:20:09Z,50358,True,eternity,team-eternity/eternity,git@github.com:team-eternity/eternity.git,261
MDEwOlJlcG9zaXRvcnkxNjQ5NTAyMQ==,2014-02-03T22:21:00Z,2026-04-23T23:55:50Z,2026-04-23T23:55:46Z,2479,False,vm,psiha/vm,git@github.com:psiha/vm.git,3
MDEwOlJlcG9zaXRvcnkxNjQ4MzM0NQ==,2014-02-03T15:29:09Z,2026-05-05T08:35:49Z,2026-05-05T08:35:59Z,31698,True,FLasher,flr/FLasher,git@github.com:flr/FLasher.git,2
MDEwOlJlcG9zaXRvcnkxNjQ4MDY5Ng==,2014-02-03T13:50:33Z,2026-04-07T18:46:11Z,2026-04-07T18:54:50Z,10385,True,Cyclops,OHDSI/Cyclops,git@github.com:OHDSI/Cyclops.git,43
MDEwOlJlcG9zaXRvcnkxNjQ1ODU1OQ==,2014-02-02T17:02:17Z,2026-04-29T06:55:03Z,2026-04-27T04:40:46Z,580,False,dsf2flac,hank/dsf2flac,git@github.com:hank/dsf2flac.git,96
MDEwOlJlcG9zaXRvcnkxNjM5NTc1Nw==,2014-01-31T00:32:40Z,2026-04-14T03:21:55Z,2026-04-01T21:29:50Z,2650,False,pvfmm,dmalhotra/pvfmm,git@github.com:dmalhotra/pvfmm.git,61
MDEwOlJlcG9zaXRvcnkxNjM0NDU3MQ==,2014-01-29T12:49:16Z,2026-03-31T20:40:40Z,2026-05-03T14:53:57Z,331238,True,vlasiator,fmihpc/vlasiator,git@github.com:fmihpc/vlasiator.git,65
MDEwOlJlcG9zaXRvcnkxNjM0NDQ4OA==,2014-01-29T12:46:02Z,2026-05-06T13:34:46Z,2026-05-05T15:50:03Z,42975,True,CADET-Core,cadet/CADET-Core,git@github.com:cadet/CADET-Core.git,93
MDEwOlJlcG9zaXRvcnkxNjMzOTc4Ng==,2014-01-29T08:57:01Z,2026-04-14T04:26:07Z,2026-04-14T04:26:04Z,3450,True,edbee-lib,edbee/edbee-lib,git@github.com:edbee/edbee-lib.git,84
MDEwOlJlcG9zaXRvcnkxNjMzMTI5MQ==,2014-01-29T00:45:33Z,2026-05-07T00:12:55Z,2026-05-07T00:12:44Z,49944,False,dlib,davisking/dlib,git@github.com:davisking/dlib.git,14377
MDEwOlJlcG9zaXRvcnkxNjMyNzA5OQ==,2014-01-28T21:47:50Z,2026-05-06T09:29:35Z,2026-03-26T08:20:00Z,10224,True,asmjit,asmjit/asmjit,git@github.com:asmjit/asmjit.git,4502
MDEwOlJlcG9zaXRvcnkxNjMxNDcwOA==,2014-01-28T14:53:28Z,2026-03-26T10:57:19Z,2026-03-26T10:08:01Z,10429,True,tiscamera,TheImagingSource/tiscamera,git@github.com:TheImagingSource/tiscamera.git,318
MDEwOlJlcG9zaXRvcnkxNjMwOTY3MA==,2014-01-28T11:15:07Z,2026-05-07T09:25:51Z,2026-03-08T17:06:07Z,7837,True,gperftools,gperftools/gperftools,git@github.com:gperftools/gperftools.git,8945
MDEwOlJlcG9zaXRvcnkxNjI4NzY2MQ==,2014-01-27T18:10:41Z,2026-04-08T19:26:53Z,2026-04-08T19:26:49Z,22647,False,photonEmission_hydroInterface,chunshen1987/photonEmission_hydroInterface,git@github.com:chunshen1987/photonEmission_hydroInterface.git,3
MDEwOlJlcG9zaXRvcnkxNjI3MjQ0Mw==,2014-01-27T07:43:57Z,2026-04-18T18:20:55Z,2026-04-18T18:20:49Z,10102,True,NFD,named-data/NFD,git@github.com:named-data/NFD.git,188
MDEwOlJlcG9zaXRvcnkxNjI2NjUwOA==,2014-01-27T01:46:59Z,2026-04-08T12:06:07Z,2026-04-08T12:06:01Z,2352,False,rquantlib,eddelbuettel/rquantlib,git@github.com:eddelbuettel/rquantlib.git,131
MDEwOlJlcG9zaXRvcnkxNjI1NjE0NA==,2014-01-26T16:11:05Z,2026-05-07T06:26:01Z,2026-05-07T09:37:10Z,422239,True,drake,RobotLocomotion/drake,git@github.com:RobotLocomotion/drake.git,4023
MDEwOlJlcG9zaXRvcnkxNjIzNjA2NA==,2014-01-25T17:41:18Z,2026-03-15T18:14:20Z,2026-03-15T18:14:17Z,776,False,rcppclassic,eddelbuettel/rcppclassic,git@github.com:eddelbuettel/rcppclassic.git,1
MDEwOlJlcG9zaXRvcnkxNjIxNjM4Nw==,2014-01-24T20:45:54Z,2026-05-03T13:00:52Z,2026-05-03T13:00:49Z,52055,False,preann,jtimon/preann,git@github.com:jtimon/preann.git,3
MDEwOlJlcG9zaXRvcnkxNjIxMzQ0MQ==,2014-01-24T18:48:36Z,2026-05-07T08:37:12Z,2026-03-25T09:10:21Z,77425,True,qucs,Qucs/qucs,git@github.com:Qucs/qucs.git,1292
MDEwOlJlcG9zaXRvcnkxNjIxMTgxOA==,2014-01-24T17:42:42Z,2026-05-07T10:21:20Z,2026-05-07T06:14:22Z,31899,True,mcrouter,facebook/mcrouter,org-69631@github.com:facebook/mcrouter.git,3334
MDEwOlJlcG9zaXRvcnkxNjE4NDI5Ng==,2014-01-23T20:15:31Z,2026-04-30T15:35:22Z,2026-03-10T18:47:45Z,5765,True,libcec,Pulse-Eight/libcec,git@github.com:Pulse-Eight/libcec.git,789
MDEwOlJlcG9zaXRvcnkxNjE1NDA5Mw==,2014-01-22T22:06:31Z,2026-04-26T11:30:48Z,2026-04-18T10:08:30Z,29632,True,MySensors,mysensors/MySensors,git@github.com:mysensors/MySensors.git,1351
MDEwOlJlcG9zaXRvcnkxNjE0NDg4Mw==,2014-01-22T16:30:43Z,2026-04-01T21:54:51Z,2026-03-17T17:39:59Z,6345,False,MiniVideo,emericg/MiniVideo,git@github.com:emericg/MiniVideo.git,89
MDEwOlJlcG9zaXRvcnkxNjEzNjA1OA==,2014-01-22T10:25:50Z,2026-05-05T14:50:12Z,2026-05-05T14:50:07Z,4483,True,qtwebsockets,qt/qtwebsockets,git@github.com:qt/qtwebsockets.git,83
MDEwOlJlcG9zaXRvcnkxNjEzNTY4MQ==,2014-01-22T10:12:35Z,2026-05-05T18:56:11Z,2026-05-05T18:56:07Z,2053,True,qtspeech,qt/qtspeech,git@github.com:qt/qtspeech.git,39
MDEwOlJlcG9zaXRvcnkxNjA5ODMwOA==,2014-01-21T09:39:22Z,2026-05-06T20:55:13Z,2026-03-10T10:43:37Z,8687,True,openvpn-client,Securepoint/openvpn-client,git@github.com:Securepoint/openvpn-client.git,142
MDEwOlJlcG9zaXRvcnkxNjA4Njg0MQ==,2014-01-20T23:28:49Z,2026-04-28T14:17:10Z,2026-04-28T14:07:42Z,21384,False,dobbscoin-source,dobbscoin/dobbscoin-source,git@github.com:dobbscoin/dobbscoin-source.git,11
MDEwOlJlcG9zaXRvcnkxNjA4Mjk3OQ==,2014-01-20T20:48:36Z,2026-05-04T15:13:51Z,2026-05-07T00:15:42Z,8870,False,cplusplus,robertoraggi/cplusplus,git@github.com:robertoraggi/cplusplus.git,152
MDEwOlJlcG9zaXRvcnkxNjA3Mzc1Mw==,2014-01-20T14:59:28Z,2026-03-25T07:07:12Z,2026-03-25T07:07:06Z,196398,True,cmstkmodlab,DESY-FH-ELab/cmstkmodlab,git@github.com:DESY-FH-ELab/cmstkmodlab.git,2
MDEwOlJlcG9zaXRvcnkxNjA2NjYxNQ==,2014-01-20T09:42:52Z,2026-05-06T21:28:27Z,2026-05-06T21:28:23Z,633607,False,codelite,eranif/codelite,git@github.com:eranif/codelite.git,2379
MDEwOlJlcG9zaXRvcnkxNjA0ODk0Mw==,2014-01-19T15:58:08Z,2026-05-06T19:59:11Z,2026-04-18T02:31:00Z,81580,False,filmulator-gui,CarVac/filmulator-gui,git@github.com:CarVac/filmulator-gui.git,745
MDEwOlJlcG9zaXRvcnkxNjAzNDk3Mw==,2014-01-18T22:05:13Z,2026-05-05T20:28:55Z,2026-05-05T20:28:52Z,93223,False,yse-soundengine,yvanvds/yse-soundengine,git@github.com:yvanvds/yse-soundengine.git,235
MDEwOlJlcG9zaXRvcnkxNjAzMTY0OA==,2014-01-18T18:50:22Z,2026-03-07T17:48:31Z,2026-03-07T17:48:28Z,65126,False,Die_Chroniken_eines_namenlosen_Spiels,dixx/Die_Chroniken_eines_namenlosen_Spiels,git@github.com:dixx/Die_Chroniken_eines_namenlosen_Spiels.git,1
MDEwOlJlcG9zaXRvcnkxNjAyMTY3OA==,2014-01-18T08:16:36Z,2026-04-18T23:37:58Z,2026-04-18T04:12:07Z,106198,False,DarkRadiant,codereader/DarkRadiant,git@github.com:codereader/DarkRadiant.git,170
MDEwOlJlcG9zaXRvcnkxNjAwMTY4Mg==,2014-01-17T14:26:52Z,2026-05-05T20:25:51Z,2026-04-10T03:25:16Z,42008,True,qminer,qminer/qminer,git@github.com:qminer/qminer.git,214
MDEwOlJlcG9zaXRvcnkxNTk2MzA5Ng==,2014-01-16T09:10:00Z,2026-05-07T11:34:43Z,2026-05-07T11:39:07Z,16799,True,sdk-harbour-rpmvalidator,sailfishos/sdk-harbour-rpmvalidator,git@github.com:sailfishos/sdk-harbour-rpmvalidator.git,17
MDEwOlJlcG9zaXRvcnkxNTk0NzU1Nw==,2014-01-15T20:36:53Z,2026-04-29T16:54:11Z,2026-04-29T16:54:07Z,42668,False,ots,khaledhosny/ots,git@github.com:khaledhosny/ots.git,296
MDEwOlJlcG9zaXRvcnkxNTkzNjEyOQ==,2014-01-15T13:38:57Z,2026-05-07T08:06:04Z,2026-05-04T06:14:30Z,217478,True,FairRoot,FairRootGroup/FairRoot,git@github.com:FairRootGroup/FairRoot.git,66
MDEwOlJlcG9zaXRvcnkxNTkzMjE1OQ==,2014-01-15T10:34:57Z,2026-04-23T08:36:50Z,2026-04-23T08:37:55Z,29912,False,stimfit,neurodroid/stimfit,git@github.com:neurodroid/stimfit.git,59
MDEwOlJlcG9zaXRvcnkxNTkyNjE4MA==,2014-01-15T05:45:17Z,2026-05-07T10:35:25Z,2026-04-13T12:32:03Z,188247,True,sysdig,draios/sysdig,git@github.com:draios/sysdig.git,8243
MDEwOlJlcG9zaXRvcnkxNTkyMDI3Mw==,2014-01-15T00:28:54Z,2026-05-07T11:19:18Z,2026-05-06T15:02:27Z,385851,True,stk-code,supertuxkart/stk-code,git@github.com:supertuxkart/stk-code.git,5188
MDEwOlJlcG9zaXRvcnkxNTkwOTcwNg==,2014-01-14T17:28:12Z,2026-05-07T10:46:15Z,2026-05-07T10:46:11Z,660841,True,miranda-ng,miranda-ng/miranda-ng,git@github.com:miranda-ng/miranda-ng.git,557
MDEwOlJlcG9zaXRvcnkxNTg5NjQ1Nw==,2014-01-14T08:35:52Z,2026-05-07T09:02:16Z,2026-05-07T09:26:14Z,4749,True,Fast-CDR,eProsima/Fast-CDR,git@github.com:eProsima/Fast-CDR.git,184
MDEwOlJlcG9zaXRvcnkxNTg4MTg2OA==,2014-01-13T21:08:36Z,2026-05-06T17:26:48Z,2026-05-06T21:37:27Z,115690,True,mongo-cxx-driver,mongodb/mongo-cxx-driver,git@github.com:mongodb/mongo-cxx-driver.git,1100
MDEwOlJlcG9zaXRvcnkxNTg3ODQyMQ==,2014-01-13T19:07:31Z,2026-05-06T21:52:51Z,2026-05-06T23:52:44Z,38746,False,llfio,ned14/llfio,git@github.com:ned14/llfio.git,1024
MDEwOlJlcG9zaXRvcnkxNTgzNjAzNw==,2014-01-12T03:56:53Z,2026-03-11T13:15:21Z,2026-03-11T13:15:15Z,920,True,bfp,r-forge/bfp,git@github.com:r-forge/bfp.git,0
MDEwOlJlcG9zaXRvcnkxNTgzMDIxOQ==,2014-01-11T20:37:02Z,2026-05-03T21:41:33Z,2026-05-03T18:35:04Z,27226,True,log4cplus,log4cplus/log4cplus,git@github.com:log4cplus/log4cplus.git,1725
MDEwOlJlcG9zaXRvcnkxNTgxNzY1OQ==,2014-01-11T05:57:14Z,2026-04-06T20:13:28Z,2026-04-06T20:13:23Z,2739,False,guisan,kallisti5/guisan,git@github.com:kallisti5/guisan.git,93
MDEwOlJlcG9zaXRvcnkxNTgwMjI2Mw==,2014-01-10T15:54:52Z,2026-05-05T08:28:21Z,2026-03-03T17:03:44Z,6773,False,ArduinoJson,bblanchon/ArduinoJson,git@github.com:bblanchon/ArduinoJson.git,7152
MDEwOlJlcG9zaXRvcnkxNTc4MzM0NQ==,2014-01-09T23:54:08Z,2026-04-23T07:28:38Z,2026-04-23T07:28:47Z,27829,False,cppmyth,janbar/cppmyth,git@github.com:janbar/cppmyth.git,8
MDEwOlJlcG9zaXRvcnkxNTc3ODg5Ng==,2014-01-09T20:43:43Z,2026-05-07T04:41:55Z,2026-05-04T23:56:14Z,99921,True,lmms,LMMS/lmms,git@github.com:LMMS/lmms.git,9862
MDEwOlJlcG9zaXRvcnkxNTc2OTY2MQ==,2014-01-09T14:59:04Z,2026-03-26T15:33:27Z,2026-03-26T15:29:54Z,44942,True,cclyzer,plast-lab/cclyzer,git@github.com:plast-lab/cclyzer.git,100
MDEwOlJlcG9zaXRvcnkxNTc2MzQwMw==,2014-01-09T10:15:13Z,2026-05-07T09:02:10Z,2026-05-07T09:02:05Z,901194,True,OpenMS,OpenMS/OpenMS,git@github.com:OpenMS/OpenMS.git,591
MDEwOlJlcG9zaXRvcnkxNTc2MjY5Mw==,2014-01-09T09:44:10Z,2026-05-07T01:59:56Z,2026-05-07T06:20:31Z,96485,True,verovio,rism-digital/verovio,git@github.com:rism-digital/verovio.git,854
MDEwOlJlcG9zaXRvcnkxNTcxNzk3NQ==,2014-01-07T22:00:21Z,2026-05-06T21:54:43Z,2026-05-06T21:54:39Z,1282,False,vstring,cade-vs/vstring,git@github.com:cade-vs/vstring.git,6
MDEwOlJlcG9zaXRvcnkxNTcxNDg4OQ==,2014-01-07T19:53:24Z,2026-04-12T21:39:56Z,2026-04-02T03:43:08Z,9145,False,nodehun,Wulf/nodehun,git@github.com:Wulf/nodehun.git,298
MDEwOlJlcG9zaXRvcnkxNTY4MDIzNw==,2014-01-06T17:28:11Z,2026-04-23T14:29:11Z,2026-03-17T06:48:44Z,1388,False,curlcpp,JosephP91/curlcpp,git@github.com:JosephP91/curlcpp.git,673
MDEwOlJlcG9zaXRvcnkxNTY3MTE3OQ==,2014-01-06T10:21:36Z,2026-03-20T06:59:06Z,2026-03-20T06:59:01Z,5795,True,mallocMC,alpaka-group/mallocMC,git@github.com:alpaka-group/mallocMC.git,58
MDEwOlJlcG9zaXRvcnkxNTY2NzI1MA==,2014-01-06T06:44:59Z,2026-05-06T10:37:33Z,2026-05-01T22:16:05Z,33592,True,ceres-solver,ceres-solver/ceres-solver,git@github.com:ceres-solver/ceres-solver.git,4466
MDEwOlJlcG9zaXRvcnkxNTY2MjEwNQ==,2014-01-06T01:09:14Z,2026-04-21T23:20:23Z,2026-05-02T09:56:42Z,479572,True,robocup-software,RoboJackets/robocup-software,git@github.com:RoboJackets/robocup-software.git,190
MDEwOlJlcG9zaXRvcnkxNTY1NjE0Nw==,2014-01-05T18:20:37Z,2026-04-18T17:57:28Z,2026-04-18T17:57:23Z,13538,False,cuckoo,tromp/cuckoo,git@github.com:tromp/cuckoo.git,852
MDEwOlJlcG9zaXRvcnkxNTY0NzgwOA==,2014-01-05T08:16:16Z,2026-05-01T14:44:17Z,2026-05-01T14:44:13Z,3223,True,lxqt-session,lxqt/lxqt-session,git@github.com:lxqt/lxqt-session.git,64
MDEwOlJlcG9zaXRvcnkxNTY0NDI2NQ==,2014-01-05T02:45:30Z,2026-03-06T06:17:31Z,2026-03-06T06:17:27Z,36,False,arduino-sketchbook,trainman419/arduino-sketchbook,git@github.com:trainman419/arduino-sketchbook.git,0
MDEwOlJlcG9zaXRvcnkxNTY0NDA5Ng==,2014-01-05T02:31:09Z,2026-05-05T15:23:49Z,2026-05-05T15:20:36Z,17393,False,Audio,PaulStoffregen/Audio,git@github.com:PaulStoffregen/Audio.git,1235
MDEwOlJlcG9zaXRvcnkxNTYzNzU2MQ==,2014-01-04T18:49:44Z,2026-03-15T14:45:54Z,2026-03-15T14:45:48Z,498217,False,harbour-sidudict,d0b3rm4n/harbour-sidudict,git@github.com:d0b3rm4n/harbour-sidudict.git,10
MDEwOlJlcG9zaXRvcnkxNTYzNDk4MQ==,2014-01-04T16:05:36Z,2026-05-07T11:40:30Z,2026-05-06T19:59:57Z,1801325,True,godot,godotengine/godot,git@github.com:godotengine/godot.git,110397
MDEwOlJlcG9zaXRvcnkxNTYzMTU0Ng==,2014-01-04T12:19:02Z,2026-03-17T02:11:07Z,2026-03-27T10:39:31Z,501010,True,swedish-olympiad-2014,Kodsport/swedish-olympiad-2014,git@github.com:Kodsport/swedish-olympiad-2014.git,0
MDEwOlJlcG9zaXRvcnkxNTU4ODYzNw==,2014-01-02T16:50:19Z,2026-05-01T21:46:45Z,2026-04-25T20:51:21Z,5221,True,libcuckoo,efficient/libcuckoo,git@github.com:efficient/libcuckoo.git,1739
MDEwOlJlcG9zaXRvcnkxNTU3NTI2MQ==,2014-01-02T03:49:28Z,2026-04-28T03:09:29Z,2026-04-28T03:09:23Z,664,True,Seeed_Arduino_CAN,Seeed-Studio/Seeed_Arduino_CAN,git@github.com:Seeed-Studio/Seeed_Arduino_CAN.git,910
MDEwOlJlcG9zaXRvcnkxNTU2NzgyNQ==,2014-01-01T18:06:12Z,2026-04-24T02:17:43Z,2026-04-24T02:17:14Z,43888,False,bh,eddelbuettel/bh,git@github.com:eddelbuettel/bh.git,90
MDEwOlJlcG9zaXRvcnkxNTUwOTQzMw==,2013-12-29T14:17:16Z,2026-04-27T09:40:26Z,2026-04-27T09:40:23Z,976,False,QHexView,Dax89/QHexView,git@github.com:Dax89/QHexView.git,395
MDEwOlJlcG9zaXRvcnkxNTUwMTg1Nw==,2013-12-29T01:42:11Z,2026-05-05T08:00:27Z,2026-05-06T20:10:23Z,75166,False,o2scl,awsteiner/o2scl,git@github.com:awsteiner/o2scl.git,35
MDEwOlJlcG9zaXRvcnkxNTUwMTUxOQ==,2013-12-29T01:00:29Z,2026-05-03T14:00:53Z,2026-04-05T02:17:33Z,1444,True,DiceParser,Rolisteam/DiceParser,git@github.com:Rolisteam/DiceParser.git,132
MDEwOlJlcG9zaXRvcnkxNTQ5Njk2Mg==,2013-12-28T18:27:20Z,2026-05-07T11:42:37Z,2026-05-04T17:26:30Z,120657,False,rpidmx512,vanvught/rpidmx512,git@github.com:vanvught/rpidmx512.git,440
MDEwOlJlcG9zaXRvcnkxNTQ2Mzk1Mw==,2013-12-27T01:36:27Z,2026-05-06T18:20:38Z,2026-03-04T02:51:38Z,18008,True,duilib,duilib/duilib,git@github.com:duilib/duilib.git,5928
MDEwOlJlcG9zaXRvcnkxNTQ1MzAwMg==,2013-12-26T13:12:13Z,2026-04-12T17:48:09Z,2026-04-12T17:49:55Z,552,False,arduino-heatpumpir,ToniA/arduino-heatpumpir,git@github.com:ToniA/arduino-heatpumpir.git,429
MDEwOlJlcG9zaXRvcnkxNTQ0MjM0OQ==,2013-12-26T00:20:24Z,2026-05-05T14:04:17Z,2026-05-05T14:05:30Z,135209,True,calchart,calband/calchart,git@github.com:calband/calchart.git,13
MDEwOlJlcG9zaXRvcnkxNTQxOTY4Mg==,2013-12-24T14:14:56Z,2026-05-01T09:42:06Z,2026-04-30T18:04:53Z,133793,False,selscan,szpiech/selscan,git@github.com:szpiech/selscan.git,146
MDEwOlJlcG9zaXRvcnkxNTM3OTYyMA==,2013-12-22T17:56:48Z,2026-05-07T10:35:48Z,2026-05-07T08:17:48Z,317848,True,pcsx2,PCSX2/pcsx2,git@github.com:PCSX2/pcsx2.git,14806
MDEwOlJlcG9zaXRvcnkxNTM0NjM3MA==,2013-12-20T19:21:59Z,2026-05-02T02:59:41Z,2026-05-02T02:59:35Z,229925,True,ElunaTrinityWotlk,ElunaLuaEngine/ElunaTrinityWotlk,git@github.com:ElunaLuaEngine/ElunaTrinityWotlk.git,177
MDEwOlJlcG9zaXRvcnkxNTMyMDc0OQ==,2013-12-19T19:32:03Z,2026-03-27T21:28:56Z,2026-03-27T21:28:51Z,1126,True,irods_resource_plugin_s3,irods/irods_resource_plugin_s3,git@github.com:irods/irods_resource_plugin_s3.git,12
MDEwOlJlcG9zaXRvcnkxNTMxMTU3Ng==,2013-12-19T12:50:12Z,2026-03-30T05:14:09Z,2026-03-30T05:19:11Z,536,True,mupen64plus-video-glide64,mupen64plus/mupen64plus-video-glide64,git@github.com:mupen64plus/mupen64plus-video-glide64.git,27
MDEwOlJlcG9zaXRvcnkxNTMxMTU3NQ==,2013-12-19T12:50:08Z,2026-03-30T05:14:21Z,2026-03-30T05:21:36Z,1113,True,mupen64plus-video-arachnoid,mupen64plus/mupen64plus-video-arachnoid,git@github.com:mupen64plus/mupen64plus-video-arachnoid.git,19
MDEwOlJlcG9zaXRvcnkxNTI2MjkxNQ==,2013-12-17T18:47:47Z,2026-03-30T05:14:46Z,2026-04-21T15:52:30Z,4746,True,mupen64plus-video-glide64mk2,mupen64plus/mupen64plus-video-glide64mk2,git@github.com:mupen64plus/mupen64plus-video-glide64mk2.git,32
MDEwOlJlcG9zaXRvcnkxNTI2MjkwOA==,2013-12-17T18:47:32Z,2026-03-30T05:13:59Z,2026-03-30T05:18:50Z,573,True,mupen64plus-video-z64,mupen64plus/mupen64plus-video-z64,git@github.com:mupen64plus/mupen64plus-video-z64.git,24
MDEwOlJlcG9zaXRvcnkxNTI2MjkwMA==,2013-12-17T18:47:12Z,2026-03-30T05:13:25Z,2026-03-30T05:18:32Z,343,True,mupen64plus-rsp-z64,mupen64plus/mupen64plus-rsp-z64,git@github.com:mupen64plus/mupen64plus-rsp-z64.git,19
MDEwOlJlcG9zaXRvcnkxNTI2Mjg3MA==,2013-12-17T18:46:07Z,2026-03-30T05:14:34Z,2026-03-30T05:24:52Z,4368,True,mupen64plus-video-rice,mupen64plus/mupen64plus-video-rice,git@github.com:mupen64plus/mupen64plus-video-rice.git,38
MDEwOlJlcG9zaXRvcnkxNTIzODgwNA==,2013-12-16T22:19:47Z,2026-03-01T04:26:57Z,2026-03-01T04:26:53Z,2562,False,Interview,ravikumarj/Interview,git@github.com:ravikumarj/Interview.git,0
MDEwOlJlcG9zaXRvcnkxNTIzMzE2OA==,2013-12-16T18:06:52Z,2026-05-05T07:51:47Z,2026-05-03T19:56:25Z,25388,True,ola,OpenLightingProject/ola,git@github.com:OpenLightingProject/ola.git,731
MDEwOlJlcG9zaXRvcnkxNTIyMjQwOQ==,2013-12-16T09:55:50Z,2026-04-29T07:50:14Z,2026-04-28T07:42:49Z,4700,False,simhash,yanyiwu/simhash,git@github.com:yanyiwu/simhash.git,1168
MDEwOlJlcG9zaXRvcnkxNTIxNDQxMw==,2013-12-16T01:24:42Z,2026-03-12T10:54:12Z,2026-03-12T10:54:08Z,318,False,rcppbdt,eddelbuettel/rcppbdt,git@github.com:eddelbuettel/rcppbdt.git,18
MDEwOlJlcG9zaXRvcnkxNTE5MjI2Nw==,2013-12-14T20:20:28Z,2026-04-03T15:22:47Z,2026-04-03T15:22:39Z,25602,True,g4sbs,JeffersonLab/g4sbs,git@github.com:JeffersonLab/g4sbs.git,4
MDEwOlJlcG9zaXRvcnkxNTE5MTU5Ng==,2013-12-14T19:32:25Z,2026-04-30T00:59:20Z,2026-04-30T00:59:16Z,47362,False,chromedriver,bayandin/chromedriver,git@github.com:bayandin/chromedriver.git,204
MDEwOlJlcG9zaXRvcnkxNTE5MTUxMw==,2013-12-14T19:26:14Z,2026-04-10T07:46:19Z,2026-04-10T07:47:47Z,48,True,vapoursynth-fillborders,dubhatervapoursynth/vapoursynth-fillborders,git@github.com:dubhatervapoursynth/vapoursynth-fillborders.git,25
MDEwOlJlcG9zaXRvcnkxNTE4OTA3Mw==,2013-12-14T16:58:11Z,2026-05-06T13:48:23Z,2026-04-21T22:59:42Z,7821,True,mavros,mavlink/mavros,git@github.com:mavlink/mavros.git,1163
MDEwOlJlcG9zaXRvcnkxNTE3OTcwOQ==,2013-12-14T04:00:10Z,2026-04-27T22:25:34Z,2026-04-27T22:25:30Z,3666,False,launcher_pi,nohal/launcher_pi,git@github.com:nohal/launcher_pi.git,2
MDEwOlJlcG9zaXRvcnkxNTE2NjcyOA==,2013-12-13T15:18:02Z,2026-03-16T18:33:14Z,2026-03-16T18:33:11Z,12017,True,laxkit,Laidout/laxkit,git@github.com:Laidout/laxkit.git,5
MDEwOlJlcG9zaXRvcnkxNTE1MzMzMQ==,2013-12-13T02:48:12Z,2026-05-04T11:19:55Z,2026-04-26T17:03:43Z,3846,False,java_grinder,mikeakohn/java_grinder,git@github.com:mikeakohn/java_grinder.git,522
MDEwOlJlcG9zaXRvcnkxNTEyNTgwNg==,2013-12-12T03:12:14Z,2026-03-11T12:04:48Z,2026-03-11T12:04:45Z,1040,False,rcppde,eddelbuettel/rcppde,git@github.com:eddelbuettel/rcppde.git,15
MDEwOlJlcG9zaXRvcnkxNTEyMjgwNg==,2013-12-12T00:10:48Z,2026-05-07T10:12:19Z,2026-05-07T10:12:10Z,3437,True,benchmark,google/benchmark,git@github.com:google/benchmark.git,10183
MDEwOlJlcG9zaXRvcnkxNTExNDM1NQ==,2013-12-11T17:42:07Z,2026-05-02T06:36:02Z,2026-04-08T07:15:45Z,34746,True,uvm-systemc,accellera-official/uvm-systemc,git@github.com:accellera-official/uvm-systemc.git,18
MDEwOlJlcG9zaXRvcnkxNTEwODgxMg==,2013-12-11T14:04:21Z,2026-05-07T07:33:51Z,2026-05-07T07:33:47Z,207536,True,Mudlet,Mudlet/Mudlet,git@github.com:Mudlet/Mudlet.git,877
MDEwOlJlcG9zaXRvcnkxNTA0MzIwNg==,2013-12-09T09:33:02Z,2026-04-27T14:51:52Z,2026-04-27T14:49:45Z,329146,True,drachtio-server,drachtio/drachtio-server,git@github.com:drachtio/drachtio-server.git,319
MDEwOlJlcG9zaXRvcnkxNTAzNTI0Ng==,2013-12-09T01:31:58Z,2026-04-11T00:27:42Z,2026-04-24T21:30:07Z,42408,True,specex,desihub/specex,git@github.com:desihub/specex.git,0
MDEwOlJlcG9zaXRvcnkxNTAzMjAxMg==,2013-12-08T21:47:02Z,2026-04-24T21:41:27Z,2026-04-24T21:41:22Z,3460,False,SauronRings-SHA,sauronrings/SauronRings-SHA,git@github.com:sauronrings/SauronRings-SHA.git,0
MDEwOlJlcG9zaXRvcnkxNDk5OTY3OQ==,2013-12-07T04:13:16Z,2026-04-13T12:28:48Z,2026-04-08T17:17:33Z,13570,True,sa2-mod-loader,X-Hax/sa2-mod-loader,git@github.com:X-Hax/sa2-mod-loader.git,61
MDEwOlJlcG9zaXRvcnkxNDk4MTM3Ng==,2013-12-06T11:38:05Z,2026-05-06T23:33:16Z,2026-05-03T15:46:03Z,195800,True,dogecoin,dogecoin/dogecoin,git@github.com:dogecoin/dogecoin.git,15117
MDEwOlJlcG9zaXRvcnkxNDk3OTMxMg==,2013-12-06T09:55:15Z,2026-05-07T03:07:59Z,2026-04-25T03:50:35Z,210624,True,Clementine,clementine-player/Clementine,git@github.com:clementine-player/Clementine.git,4206
MDEwOlJlcG9zaXRvcnkxNDk3Mzc4Mw==,2013-12-06T04:18:54Z,2026-05-06T22:02:06Z,2026-03-19T12:14:01Z,97446,False,dexed,asb2m10/dexed,git@github.com:asb2m10/dexed.git,3360
MDEwOlJlcG9zaXRvcnkxNDk2NzEwMQ==,2013-12-05T22:05:11Z,2026-03-19T15:27:46Z,2026-03-19T15:26:05Z,1022,True,naemon-livestatus,naemon/naemon-livestatus,git@github.com:naemon/naemon-livestatus.git,28
MDEwOlJlcG9zaXRvcnkxNDk2NjE2Mg==,2013-12-05T21:23:19Z,2026-04-30T10:39:21Z,2026-04-20T22:45:40Z,88577,True,ADCore,areaDetector/ADCore,git@github.com:areaDetector/ADCore.git,21
MDEwOlJlcG9zaXRvcnkxNDk1NzkyNg==,2013-12-05T15:48:26Z,2026-05-05T21:02:34Z,2026-05-04T05:48:19Z,613,True,metamod-p,Bots-United/metamod-p,git@github.com:Bots-United/metamod-p.git,115
MDEwOlJlcG9zaXRvcnkxNDkwOTcyOQ==,2013-12-04T00:21:26Z,2026-04-20T02:13:39Z,2026-04-01T06:50:38Z,737,True,kiwi,nucleic/kiwi,git@github.com:nucleic/kiwi.git,765
MDEwOlJlcG9zaXRvcnkxNDkwNTExNQ==,2013-12-03T20:35:37Z,2026-04-08T08:05:43Z,2026-04-08T08:05:34Z,2901,False,toys,WojciechMula/toys,git@github.com:WojciechMula/toys.git,375
MDEwOlJlcG9zaXRvcnkxNDg0OTk5Mg==,2013-12-02T01:35:37Z,2026-05-07T08:16:16Z,2026-05-07T10:17:28Z,3997348,True,kicad-source-mirror,KiCad/kicad-source-mirror,git@github.com:KiCad/kicad-source-mirror.git,2692
MDEwOlJlcG9zaXRvcnkxNDgzOTcwOQ==,2013-12-01T14:04:45Z,2026-04-27T21:55:38Z,2026-04-27T22:43:41Z,20584,True,software-arm-incubation,selfbus/software-arm-incubation,git@github.com:selfbus/software-arm-incubation.git,11
MDEwOlJlcG9zaXRvcnkxNDc4NTg3MA==,2013-11-28T20:27:58Z,2026-05-01T03:35:04Z,2026-05-01T03:34:59Z,67576,False,RX,hirakuni45/RX,git@github.com:hirakuni45/RX.git,82
MDEwOlJlcG9zaXRvcnkxNDc4MTcwNw==,2013-11-28T16:28:26Z,2026-03-13T13:03:33Z,2026-03-13T13:03:29Z,3412,False,rcppcnpy,eddelbuettel/rcppcnpy,git@github.com:eddelbuettel/rcppcnpy.git,30
MDEwOlJlcG9zaXRvcnkxNDc0NzQ5NA==,2013-11-27T13:16:35Z,2026-05-06T09:03:57Z,2026-04-07T09:01:24Z,2737,True,osmium-tool,osmcode/osmium-tool,git@github.com:osmcode/osmium-tool.git,665
MDEwOlJlcG9zaXRvcnkxNDczMDU2Mw==,2013-11-26T22:06:31Z,2026-04-07T02:14:07Z,2026-04-07T02:14:04Z,139735,True,freeminer,freeminer/freeminer,git@github.com:freeminer/freeminer.git,460
MDEwOlJlcG9zaXRvcnkxNDcyNDk3NQ==,2013-11-26T18:10:18Z,2026-05-06T18:38:51Z,2026-05-06T18:38:45Z,55562,True,irods,irods/irods,git@github.com:irods/irods.git,477
MDEwOlJlcG9zaXRvcnkxNDcyNDI1Ng==,2013-11-26T17:40:02Z,2026-04-18T08:07:12Z,2026-04-19T14:55:04Z,6304,False,audaspace,neXyon/audaspace,git@github.com:neXyon/audaspace.git,74
MDEwOlJlcG9zaXRvcnkxNDcyMjI5NQ==,2013-11-26T16:27:53Z,2026-04-29T06:33:52Z,2026-04-01T15:27:20Z,229,True,cheerp-libs,leaningtech/cheerp-libs,git@github.com:leaningtech/cheerp-libs.git,28
MDEwOlJlcG9zaXRvcnkxNDY5ODU1OA==,2013-11-25T21:10:13Z,2026-05-05T21:39:24Z,2026-05-01T21:38:58Z,52949,True,megaglest-source,MegaGlest/megaglest-source,git@github.com:MegaGlest/megaglest-source.git,401
MDEwOlJlcG9zaXRvcnkxNDY2MzY0Nw==,2013-11-24T15:31:27Z,2026-05-06T17:12:56Z,2026-05-02T06:23:36Z,38354,True,hxcpp,HaxeFoundation/hxcpp,git@github.com:HaxeFoundation/hxcpp.git,325
MDEwOlJlcG9zaXRvcnkxNDY1MDkxNw==,2013-11-23T21:40:12Z,2026-05-06T00:11:49Z,2026-05-03T23:41:47Z,842145,True,supertux,SuperTux/supertux,git@github.com:SuperTux/supertux.git,3020
MDEwOlJlcG9zaXRvcnkxNDYzMDgzNg==,2013-11-22T22:16:18Z,2026-05-07T10:05:57Z,2026-04-26T00:14:51Z,338708,True,industrial_training,ros-industrial/industrial_training,git@github.com:ros-industrial/industrial_training.git,469
MDEwOlJlcG9zaXRvcnkxNDYyNzQ0NQ==,2013-11-22T19:31:12Z,2026-05-07T08:13:41Z,2026-05-07T06:09:19Z,6983,True,s3fs-fuse,s3fs-fuse/s3fs-fuse,git@github.com:s3fs-fuse/s3fs-fuse.git,9837
MDEwOlJlcG9zaXRvcnkxNDYyMDE4NQ==,2013-11-22T14:47:34Z,2026-05-07T03:57:47Z,2026-05-07T03:57:42Z,1190694,True,EnergyPlus,NatLabRockies/EnergyPlus,git@github.com:NatLabRockies/EnergyPlus.git,1465
MDEwOlJlcG9zaXRvcnkxNDU5MDEyNQ==,2013-11-21T14:43:55Z,2026-05-04T13:50:53Z,2026-05-03T20:20:36Z,240972,False,LumixEngine,nem0/LumixEngine,git@github.com:nem0/LumixEngine.git,3810
MDEwOlJlcG9zaXRvcnkxNDU1NjAyOQ==,2013-11-20T12:33:53Z,2026-05-06T09:50:18Z,2026-05-06T09:49:58Z,116090,True,sdk,meganz/sdk,git@github.com:meganz/sdk.git,1445
MDEwOlJlcG9zaXRvcnkxNDUwNzU2NA==,2013-11-18T22:43:00Z,2026-05-03T15:20:49Z,2026-05-07T10:55:19Z,59012,False,CombLayer,SAnsell/CombLayer,git@github.com:SAnsell/CombLayer.git,18
MDEwOlJlcG9zaXRvcnkxNDQ2MjE5Nw==,2013-11-17T06:12:06Z,2026-05-01T04:32:48Z,2026-04-26T19:41:51Z,8016,False,modloader,thelink2012/modloader,git@github.com:thelink2012/modloader.git,349
MDEwOlJlcG9zaXRvcnkxNDQ0NTk2NQ==,2013-11-16T11:25:31Z,2026-04-20T07:41:59Z,2026-04-20T07:42:31Z,239,True,lxqt-qtplugin,lxqt/lxqt-qtplugin,git@github.com:lxqt/lxqt-qtplugin.git,24
MDEwOlJlcG9zaXRvcnkxNDQxOTQ0MA==,2013-11-15T08:51:49Z,2026-05-06T14:37:51Z,2026-05-06T14:14:48Z,39585,True,delly,dellytools/delly,git@github.com:dellytools/delly.git,514
MDEwOlJlcG9zaXRvcnkxNDM3NjQzMA==,2013-11-13T21:06:53Z,2026-05-06T14:20:55Z,2026-04-25T21:51:33Z,24921,True,DebugViewPP,CobaltFusion/DebugViewPP,git@github.com:CobaltFusion/DebugViewPP.git,1242
MDEwOlJlcG9zaXRvcnkxNDM2MTY3OQ==,2013-11-13T11:02:37Z,2026-03-27T02:26:40Z,2026-03-26T13:56:33Z,344,True,qt5-qpa-hwcomposer-plugin,mer-hybris/qt5-qpa-hwcomposer-plugin,git@github.com:mer-hybris/qt5-qpa-hwcomposer-plugin.git,23
MDEwOlJlcG9zaXRvcnkxNDM1NzY2OQ==,2013-11-13T08:00:13Z,2026-05-05T01:32:14Z,2026-04-30T03:22:37Z,2430079,True,openoffice,apache/openoffice,git@github.com:apache/openoffice.git,1191
MDEwOlJlcG9zaXRvcnkxNDM0OTk5MQ==,2013-11-13T01:02:13Z,2026-04-22T16:35:54Z,2026-04-22T16:35:33Z,1071,True,gexiv2,GNOME/gexiv2,git@github.com:GNOME/gexiv2.git,20
MDEwOlJlcG9zaXRvcnkxNDM0MTI5MQ==,2013-11-12T18:31:35Z,2026-04-21T18:22:07Z,2026-04-30T08:24:50Z,12511,True,ODR-DabMod,Opendigitalradio/ODR-DabMod,git@github.com:Opendigitalradio/ODR-DabMod.git,59
MDEwOlJlcG9zaXRvcnkxNDMxNTgwNQ==,2013-11-11T22:45:46Z,2026-05-06T14:51:21Z,2026-05-01T15:43:03Z,4343,True,mapmap,mapmapteam/mapmap,git@github.com:mapmapteam/mapmap.git,603
MDEwOlJlcG9zaXRvcnkxNDMwNTcyNw==,2013-11-11T16:05:48Z,2026-05-06T09:29:34Z,2026-04-12T21:47:31Z,34288,False,range-v3,ericniebler/range-v3,git@github.com:ericniebler/range-v3.git,4362
MDEwOlJlcG9zaXRvcnkxNDMwMzA0OA==,2013-11-11T14:32:13Z,2026-05-07T10:27:18Z,2026-05-07T10:27:08Z,1820144,True,mame,mamedev/mame,git@github.com:mamedev/mame.git,10128
MDEwOlJlcG9zaXRvcnkxNDI2ODgwOQ==,2013-11-10T01:41:14Z,2026-05-07T07:01:15Z,2026-05-06T22:22:48Z,297109,True,FastLED,FastLED/FastLED,git@github.com:FastLED/FastLED.git,7379
MDEwOlJlcG9zaXRvcnkxNDI2NjkzMA==,2013-11-09T23:08:44Z,2026-05-04T15:13:45Z,2026-04-28T19:00:11Z,966,False,v4l2rtspserver,mpromonet/v4l2rtspserver,git@github.com:mpromonet/v4l2rtspserver.git,2030
MDEwOlJlcG9zaXRvcnkxNDI1NTUwOQ==,2013-11-09T10:39:26Z,2026-05-04T15:17:03Z,2026-03-26T09:43:26Z,804258,True,airdcpp-windows,airdcpp/airdcpp-windows,git@github.com:airdcpp/airdcpp-windows.git,102
MDEwOlJlcG9zaXRvcnkxNDIzNzgzNQ==,2013-11-08T16:19:29Z,2026-03-25T17:14:09Z,2026-03-25T17:14:06Z,58,False,FSM_base,quicky2000/FSM_base,git@github.com:quicky2000/FSM_base.git,0
MDEwOlJlcG9zaXRvcnkxNDIwMDA3NA==,2013-11-07T09:57:15Z,2026-05-02T18:01:55Z,2026-05-02T18:01:52Z,82482,False,dcxdll,twig/dcxdll,git@github.com:twig/dcxdll.git,24
MDEwOlJlcG9zaXRvcnkxNDE5MzEzNw==,2013-11-07T03:26:43Z,2026-03-27T10:36:53Z,2026-03-27T10:39:14Z,6659,True,diffpy.pdffit2,diffpy/diffpy.pdffit2,git@github.com:diffpy/diffpy.pdffit2.git,5
MDEwOlJlcG9zaXRvcnkxNDE4ODkyOA==,2013-11-06T23:34:42Z,2026-05-07T06:56:45Z,2026-05-07T06:56:41Z,2410,True,Puri,HaikuArchives/Puri,git@github.com:HaikuArchives/Puri.git,1
MDEwOlJlcG9zaXRvcnkxNDE3NjI5Mw==,2013-11-06T15:23:05Z,2026-05-07T11:16:49Z,2026-04-03T11:03:09Z,9334,False,Ultimate-ASI-Loader,ThirteenAG/Ultimate-ASI-Loader,git@github.com:ThirteenAG/Ultimate-ASI-Loader.git,1882
MDEwOlJlcG9zaXRvcnkxNDE2NTc0NQ==,2013-11-06T07:23:41Z,2026-05-07T08:25:12Z,2026-05-07T08:25:07Z,429774,True,dde-control-center,linuxdeepin/dde-control-center,git@github.com:linuxdeepin/dde-control-center.git,188
MDEwOlJlcG9zaXRvcnkxNDE1NTk0Nw==,2013-11-05T22:23:57Z,2026-04-22T10:53:25Z,2026-05-01T07:10:51Z,17503,True,pyEQL,KingsburyLab/pyEQL,git@github.com:KingsburyLab/pyEQL.git,75
MDEwOlJlcG9zaXRvcnkxNDE0NDk1OQ==,2013-11-05T15:19:46Z,2026-05-06T10:01:52Z,2026-05-06T10:01:47Z,31017,True,eudaq,eudaq/eudaq,git@github.com:eudaq/eudaq.git,34
MDEwOlJlcG9zaXRvcnkxNDEyNjIwMA==,2013-11-04T22:58:36Z,2026-05-07T06:46:42Z,2026-05-07T06:46:38Z,2255,True,CapitalBe,HaikuArchives/CapitalBe,git@github.com:HaikuArchives/CapitalBe.git,7
MDEwOlJlcG9zaXRvcnkxNDA4Njk5OQ==,2013-11-03T14:48:36Z,2026-05-06T19:03:30Z,2026-05-06T19:03:24Z,18806,False,pomdog,mogemimi/pomdog,git@github.com:mogemimi/pomdog.git,174
MDEwOlJlcG9zaXRvcnkxNDA3MjU1Mw==,2013-11-02T18:53:50Z,2026-05-04T13:40:37Z,2026-05-04T13:39:41Z,20724,True,XaoS,xaos-project/XaoS,git@github.com:xaos-project/XaoS.git,598
MDEwOlJlcG9zaXRvcnkxNDA3MjIzOA==,2013-11-02T18:33:00Z,2026-04-21T20:45:13Z,2026-04-21T20:45:10Z,12181,True,RcppArmadillo,RcppCore/RcppArmadillo,git@github.com:RcppCore/RcppArmadillo.git,208
MDEwOlJlcG9zaXRvcnkxNDA0MjQyOA==,2013-11-01T12:23:55Z,2026-05-02T13:04:44Z,2026-04-13T01:08:17Z,117913,False,avcpp,h4tr3d/avcpp,git@github.com:h4tr3d/avcpp.git,531
MDEwOlJlcG9zaXRvcnkxNDAyOTY0NQ==,2013-10-31T22:12:33Z,2026-05-07T11:02:05Z,2026-05-07T11:02:00Z,23126,True,vistle,vistle/vistle,git@github.com:vistle/vistle.git,52
MDEwOlJlcG9zaXRvcnkxNDAyMjIxMg==,2013-10-31T16:26:17Z,2026-05-03T14:42:27Z,2026-05-03T14:42:20Z,9233,True,RcppEigen,RcppCore/RcppEigen,git@github.com:RcppCore/RcppEigen.git,116
MDEwOlJlcG9zaXRvcnkxNDAyMTI4MA==,2013-10-31T15:46:52Z,2026-05-07T08:51:08Z,2026-05-07T08:50:52Z,6188613,True,core,LibreOffice/core,git@github.com:LibreOffice/core.git,3908
MDEwOlJlcG9zaXRvcnkxNDAwNTU5MQ==,2013-10-31T02:30:38Z,2026-05-05T13:35:38Z,2026-05-05T13:34:18Z,34102,True,Rcpp,RcppCore/Rcpp,git@github.com:RcppCore/Rcpp.git,792
MDEwOlJlcG9zaXRvcnkxMzk4NjMxOQ==,2013-10-30T12:51:01Z,2026-05-03T10:44:45Z,2026-05-07T10:46:13Z,179664,False,zxtune,vitamin-caig/zxtune,git@github.com:vitamin-caig/zxtune.git,206
MDEwOlJlcG9zaXRvcnkxMzk2NDI4Mw==,2013-10-29T18:11:06Z,2026-04-21T15:31:00Z,2026-04-21T15:30:56Z,2240,True,cheerp-utils,leaningtech/cheerp-utils,git@github.com:leaningtech/cheerp-utils.git,36
MDEwOlJlcG9zaXRvcnkxMzkzNTE1Mg==,2013-10-28T18:48:30Z,2026-04-25T13:13:12Z,2026-04-15T09:06:38Z,48449,True,CRPropa3,CRPropa/CRPropa3,git@github.com:CRPropa/CRPropa3.git,79
MDEwOlJlcG9zaXRvcnkxMzkwODQ1Mw==,2013-10-27T19:10:06Z,2026-03-27T01:08:35Z,2026-03-27T01:08:32Z,195035,False,heplots,friendly/heplots,git@github.com:friendly/heplots.git,10
MDEwOlJlcG9zaXRvcnkxMzg4NzEzOA==,2013-10-26T16:52:25Z,2026-04-12T17:16:18Z,2026-04-12T17:18:14Z,120522,True,Feathercoin,FeatherCoin/Feathercoin,git@github.com:FeatherCoin/Feathercoin.git,129
MDEwOlJlcG9zaXRvcnkxMzg3OTIwMw==,2013-10-26T06:53:25Z,2026-03-17T12:38:20Z,2026-03-17T12:38:16Z,4060,True,osmo-trx,osmocom/osmo-trx,git@github.com:osmocom/osmo-trx.git,46
MDEwOlJlcG9zaXRvcnkxMzg1Mjg5MA==,2013-10-25T06:10:10Z,2026-05-06T04:24:53Z,2026-05-06T04:24:55Z,3687,True,node-ios-device,tidev/node-ios-device,git@github.com:tidev/node-ios-device.git,123
MDEwOlJlcG9zaXRvcnkxMzgwNjU4OQ==,2013-10-23T15:27:03Z,2026-04-25T01:40:57Z,2026-04-25T01:40:53Z,1728,False,k2,serg-meus/k2,git@github.com:serg-meus/k2.git,4
MDEwOlJlcG9zaXRvcnkxMzc4NTI4NQ==,2013-10-22T20:41:13Z,2026-04-14T17:10:54Z,2026-04-14T17:10:48Z,266,False,rapidxml,dwd/rapidxml,git@github.com:dwd/rapidxml.git,165
MDEwOlJlcG9zaXRvcnkxMzcxNzAwNA==,2013-10-20T10:16:11Z,2026-05-04T15:13:43Z,2026-05-01T12:23:44Z,10740,True,MilkyTracker,milkytracker/MilkyTracker,git@github.com:milkytracker/MilkyTracker.git,2037
MDEwOlJlcG9zaXRvcnkxMzcxNjM5MQ==,2013-10-20T09:22:32Z,2026-05-07T07:19:59Z,2026-04-15T15:26:33Z,227217,False,FlyWithLua,X-Friese/FlyWithLua,git@github.com:X-Friese/FlyWithLua.git,190
MDEwOlJlcG9zaXRvcnkxMzcwODgyNg==,2013-10-19T21:09:23Z,2026-05-06T23:42:35Z,2026-05-07T10:37:04Z,312115,True,mrpt,MRPT/mrpt,git@github.com:MRPT/mrpt.git,2133
MDEwOlJlcG9zaXRvcnkxMzY4MDc3Nw==,2013-10-18T14:51:48Z,2026-05-03T03:50:40Z,2026-03-09T18:15:49Z,373,False,infinity-plugin,dprotti/infinity-plugin,git@github.com:dprotti/infinity-plugin.git,13
MDEwOlJlcG9zaXRvcnkxMzY3NDk3Mg==,2013-10-18T10:09:53Z,2026-05-07T11:06:30Z,2026-04-25T11:14:10Z,33620,False,fastnetmon,pavel-odintsov/fastnetmon,git@github.com:pavel-odintsov/fastnetmon.git,3664
MDEwOlJlcG9zaXRvcnkxMzY1NDUyOQ==,2013-10-17T16:26:01Z,2026-04-30T01:42:09Z,2026-05-05T04:57:47Z,1126912,False,86Duino,roboard/86Duino,git@github.com:roboard/86Duino.git,55
MDEwOlJlcG9zaXRvcnkxMzY1MzEwMA==,2013-10-17T15:30:28Z,2026-05-06T16:34:58Z,2026-05-06T16:34:53Z,1574907,True,gccrs,Rust-GCC/gccrs,git@github.com:Rust-GCC/gccrs.git,2879
MDEwOlJlcG9zaXRvcnkxMzYzMzg5Mw==,2013-10-16T23:22:01Z,2026-04-12T05:59:36Z,2026-04-06T20:09:06Z,23474,True,pyobjcryst,diffpy/pyobjcryst,git@github.com:diffpy/pyobjcryst.git,18
MDEwOlJlcG9zaXRvcnkxMzYzMDAxMw==,2013-10-16T20:10:49Z,2026-05-07T06:32:37Z,2026-05-07T06:32:35Z,1747,True,orocos_kinematics_dynamics,orocos/orocos_kinematics_dynamics,git@github.com:orocos/orocos_kinematics_dynamics.git,878
MDEwOlJlcG9zaXRvcnkxMzYyODE3MA==,2013-10-16T18:56:28Z,2026-04-28T10:38:49Z,2026-05-07T11:06:52Z,379039,True,flow123d,flow123d/flow123d,git@github.com:flow123d/flow123d.git,20
MDEwOlJlcG9zaXRvcnkxMzYyMjk2OQ==,2013-10-16T15:25:48Z,2026-05-06T07:29:29Z,2026-04-15T09:22:13Z,13766,True,KaHIP,KaHIP/KaHIP,git@github.com:KaHIP/KaHIP.git,478
MDEwOlJlcG9zaXRvcnkxMzU4NjU0MQ==,2013-10-15T10:04:21Z,2026-05-06T13:52:32Z,2026-05-06T21:38:57Z,87212,True,score,ossia/score,git@github.com:ossia/score.git,2011
MDEwOlJlcG9zaXRvcnkxMzU4NjUwOA==,2013-10-15T10:02:54Z,2026-04-17T14:04:33Z,2026-05-07T11:30:11Z,49670,True,elena-lang,ELENA-LANG/elena-lang,git@github.com:ELENA-LANG/elena-lang.git,241
MDEwOlJlcG9zaXRvcnkxMzU3ODQ5NQ==,2013-10-15T02:16:23Z,2026-05-06T19:27:26Z,2026-03-27T19:47:47Z,15517,False,glabels-qt,j-evins/glabels-qt,git@github.com:j-evins/glabels-qt.git,452
MDEwOlJlcG9zaXRvcnkxMzUyNzAxMg==,2013-10-12T18:50:27Z,2026-05-06T21:22:35Z,2026-05-06T21:22:31Z,298352,False,Pikifen,Espyo/Pikifen,git@github.com:Espyo/Pikifen.git,77
MDEwOlJlcG9zaXRvcnkxMzUyMzY4Nw==,2013-10-12T15:14:37Z,2026-05-04T15:13:42Z,2026-04-16T15:04:27Z,1480,False,seasocks,mattgodbolt/seasocks,git@github.com:mattgodbolt/seasocks.git,777
MDEwOlJlcG9zaXRvcnkxMzQ2MjAxNg==,2013-10-10T04:30:56Z,2026-05-06T18:57:42Z,2026-05-07T11:32:36Z,2243,True,vyatta-cfg,vyos/vyatta-cfg,git@github.com:vyos/vyatta-cfg.git,31
MDEwOlJlcG9zaXRvcnkxMzM5Njc4NA==,2013-10-07T21:48:47Z,2026-04-21T09:10:43Z,2026-04-21T08:42:11Z,12811,True,b2,bertiniteam/b2,git@github.com:bertiniteam/b2.git,112
MDEwOlJlcG9zaXRvcnkxMzM2NTU1OA==,2013-10-06T17:02:20Z,2026-04-25T23:57:43Z,2026-04-26T03:03:31Z,9669,False,Blakecoin,BlueDragon747/Blakecoin,git@github.com:BlueDragon747/Blakecoin.git,17
MDEwOlJlcG9zaXRvcnkxMzIxMjE2NQ==,2013-09-30T10:20:25Z,2026-05-06T08:15:46Z,2026-04-21T10:58:48Z,168404,True,panda3d,panda3d/panda3d,git@github.com:panda3d/panda3d.git,5118
MDEwOlJlcG9zaXRvcnkxMzE2MzkyMA==,2013-09-27T23:59:50Z,2026-05-02T14:05:41Z,2026-03-16T04:38:05Z,882,False,simpleini,brofield/simpleini,git@github.com:brofield/simpleini.git,1304
MDEwOlJlcG9zaXRvcnkxMzE2MTY1Nw==,2013-09-27T21:28:32Z,2026-05-05T05:24:00Z,2026-04-27T18:17:09Z,5808,True,sipp,SIPp/sipp,git@github.com:SIPp/sipp.git,1104
MDEwOlJlcG9zaXRvcnkxMzE0OTExMA==,2013-09-27T11:47:41Z,2026-04-20T09:07:05Z,2026-04-20T09:07:01Z,1466,False,vpl-jail-system,jcrodriguez-dis/vpl-jail-system,git@github.com:jcrodriguez-dis/vpl-jail-system.git,27
MDEwOlJlcG9zaXRvcnkxMzEzMzIzNw==,2013-09-26T20:14:27Z,2026-05-05T04:54:32Z,2026-05-05T18:56:24Z,8982,True,analyzer,JeffersonLab/analyzer,git@github.com:JeffersonLab/analyzer.git,9
MDEwOlJlcG9zaXRvcnkxMzEwMTQzNg==,2013-09-25T18:10:17Z,2026-04-28T22:03:28Z,2026-05-07T04:10:23Z,9063,True,jetmon,Automattic/jetmon,git@github.com:Automattic/jetmon.git,17
MDEwOlJlcG9zaXRvcnkxMzEwMDEyNQ==,2013-09-25T17:14:52Z,2026-05-04T06:33:04Z,2026-05-04T06:33:01Z,9051,True,mrpt_slam,mrpt-ros-pkg/mrpt_slam,git@github.com:mrpt-ros-pkg/mrpt_slam.git,124
MDEwOlJlcG9zaXRvcnkxMzA5NzUzMg==,2013-09-25T15:24:19Z,2026-05-07T09:22:09Z,2026-05-07T09:22:07Z,35578,True,mrpt_navigation,mrpt-ros-pkg/mrpt_navigation,git@github.com:mrpt-ros-pkg/mrpt_navigation.git,213
MDEwOlJlcG9zaXRvcnkxMzA3NzA5OA==,2013-09-24T21:30:38Z,2026-04-30T23:29:46Z,2026-04-30T23:29:41Z,12300,False,evencoin,evencoin/evencoin,git@github.com:evencoin/evencoin.git,0
MDEwOlJlcG9zaXRvcnkxMzA3MjMyOQ==,2013-09-24T17:58:41Z,2026-05-06T16:33:01Z,2026-05-02T08:36:07Z,20000,False,primesieve,kimwalisch/primesieve,git@github.com:kimwalisch/primesieve.git,1090
MDEwOlJlcG9zaXRvcnkxMzA2OTYzOA==,2013-09-24T15:59:47Z,2026-05-06T16:47:22Z,2026-03-15T14:16:26Z,41480,False,icewm,bbidulock/icewm,git@github.com:bbidulock/icewm.git,670
MDEwOlJlcG9zaXRvcnkxMzA2NjYwNA==,2013-09-24T14:21:38Z,2026-04-11T18:10:56Z,2026-03-24T02:04:40Z,3030,False,Oclgrind,jrprice/Oclgrind,git@github.com:jrprice/Oclgrind.git,370
MDEwOlJlcG9zaXRvcnkxMzAwOTg5Mg==,2013-09-22T07:57:26Z,2026-05-06T04:53:36Z,2026-05-04T19:38:34Z,497630,True,wagic,WagicProject/wagic,git@github.com:WagicProject/wagic.git,398
MDEwOlJlcG9zaXRvcnkxMjk5Nzc3Mw==,2013-09-21T15:54:20Z,2026-04-11T16:48:24Z,2026-04-10T02:55:24Z,33879,True,vbam-libretro,libretro/vbam-libretro,git@github.com:libretro/vbam-libretro.git,32
MDEwOlJlcG9zaXRvcnkxMjk3NzI0Mw==,2013-09-20T15:38:28Z,2026-04-24T00:43:38Z,2026-04-24T00:43:32Z,4172,True,LesionSizingToolkit,InsightSoftwareConsortium/LesionSizingToolkit,git@github.com:InsightSoftwareConsortium/LesionSizingToolkit.git,10
MDEwOlJlcG9zaXRvcnkxMjkxNzM5MA==,2013-09-18T07:58:57Z,2026-05-04T12:04:23Z,2026-05-04T12:04:19Z,45616,True,huggle3-qt-lx,huggle/huggle3-qt-lx,git@github.com:huggle/huggle3-qt-lx.git,193
MDEwOlJlcG9zaXRvcnkxMjg1MjQyNw==,2013-09-15T20:52:10Z,2026-05-07T04:10:53Z,2026-05-07T04:10:49Z,169376,True,lilypond,lilypond/lilypond,git@github.com:lilypond/lilypond.git,641
MDEwOlJlcG9zaXRvcnkxMjg0NzgxOA==,2013-09-15T15:41:20Z,2026-05-07T10:24:41Z,2026-05-03T16:52:13Z,233959,True,Sigil,Sigil-Ebook/Sigil,git@github.com:Sigil-Ebook/Sigil.git,6773
MDEwOlJlcG9zaXRvcnkxMjgwODQyMA==,2013-09-13T11:55:25Z,2026-04-14T11:01:12Z,2026-04-24T13:12:46Z,54807,True,fiware-orion,telefonicaid/fiware-orion,git@github.com:telefonicaid/fiware-orion.git,220
MDEwOlJlcG9zaXRvcnkxMjgwNzY2Mw==,2013-09-13T11:06:10Z,2026-05-03T17:48:10Z,2026-05-03T17:48:05Z,1540,False,antpm,ralovich/antpm,git@github.com:ralovich/antpm.git,36
MDEwOlJlcG9zaXRvcnkxMjc4MzYzNA==,2013-09-12T12:57:55Z,2026-05-06T09:31:41Z,2026-05-07T06:27:28Z,71152,True,BOUT-dev,boutproject/BOUT-dev,git@github.com:boutproject/BOUT-dev.git,230
MDEwOlJlcG9zaXRvcnkxMjc3NjMyNA==,2013-09-12T06:06:53Z,2026-05-07T10:24:40Z,2026-05-07T10:24:36Z,159479,True,frepple,frePPLe/frepple,git@github.com:frePPLe/frepple.git,673
MDEwOlJlcG9zaXRvcnkxMjc1Njk5Mg==,2013-09-11T13:28:04Z,2026-05-07T09:03:25Z,2026-05-07T08:55:03Z,154136,True,opencv_contrib,opencv/opencv_contrib,git@github.com:opencv/opencv_contrib.git,10064
MDEwOlJlcG9zaXRvcnkxMjczMjI3MQ==,2013-09-10T14:47:35Z,2026-05-04T18:51:29Z,2026-03-15T21:52:15Z,77992,True,muse,muse-sequencer/muse,git@github.com:muse-sequencer/muse.git,781
MDEwOlJlcG9zaXRvcnkxMjcyOTEwMg==,2013-09-10T12:37:19Z,2026-04-30T06:30:40Z,2026-04-08T08:10:42Z,36994,False,adcomp,kaskr/adcomp,git@github.com:kaskr/adcomp.git,192
MDEwOlJlcG9zaXRvcnkxMjcxMDc0MA==,2013-09-09T19:37:05Z,2026-05-05T21:17:47Z,2026-03-02T15:21:38Z,790,True,Adafruit_RA8875,adafruit/Adafruit_RA8875,git@github.com:adafruit/Adafruit_RA8875.git,75
MDEwOlJlcG9zaXRvcnkxMjY4MjIxMg==,2013-09-08T14:51:29Z,2026-05-06T23:36:45Z,2026-05-06T14:40:13Z,15724,True,Launcher,MultiMC/Launcher,git@github.com:MultiMC/Launcher.git,4622
MDEwOlJlcG9zaXRvcnkxMjY2MzcxMw==,2013-09-07T11:13:08Z,2026-05-01T10:46:29Z,2026-04-18T07:47:32Z,250,False,PhysUnits-CT-Cpp11,martinmoene/PhysUnits-CT-Cpp11,git@github.com:martinmoene/PhysUnits-CT-Cpp11.git,86
MDEwOlJlcG9zaXRvcnkxMjY1MDE0Mg==,2013-09-06T17:29:47Z,2026-04-29T15:30:50Z,2026-04-29T15:30:45Z,158795,True,pylith,geodynamics/pylith,git@github.com:geodynamics/pylith.git,184
MDEwOlJlcG9zaXRvcnkxMjY0ODc0NA==,2013-09-06T16:22:49Z,2026-05-05T14:19:57Z,2026-03-30T09:56:26Z,12294,False,Horde3D,horde3d/Horde3D,git@github.com:horde3d/Horde3D.git,1585
MDEwOlJlcG9zaXRvcnkxMjU5OTQ0Mw==,2013-09-04T18:58:12Z,2026-05-01T23:33:30Z,2026-05-06T18:20:08Z,36578,True,srcML,srcML/srcML,git@github.com:srcML/srcML.git,154
MDEwOlJlcG9zaXRvcnkxMjU4ODEzMQ==,2013-09-04T10:26:27Z,2026-05-02T23:31:49Z,2026-05-02T23:18:30Z,12296,True,trikRuntime,trikset/trikRuntime,git@github.com:trikset/trikRuntime.git,19
MDEwOlJlcG9zaXRvcnkxMjU4NTYyNQ==,2013-09-04T08:18:41Z,2026-05-07T07:04:20Z,2026-05-02T19:53:24Z,131825,True,nomacs,nomacs/nomacs,git@github.com:nomacs/nomacs.git,2930
MDEwOlJlcG9zaXRvcnkxMjU3NDM3MA==,2013-09-03T20:41:36Z,2026-04-29T18:06:04Z,2026-04-29T18:05:59Z,363,False,fparser,thliebig/fparser,git@github.com:thliebig/fparser.git,7
MDEwOlJlcG9zaXRvcnkxMjU3MDY2Nw==,2013-09-03T17:47:57Z,2026-04-28T13:25:15Z,2026-04-28T13:31:14Z,3597,False,crunch,dragonmux/crunch,git@github.com:dragonmux/crunch.git,8
MDEwOlJlcG9zaXRvcnkxMjU2NzcxNw==,2013-09-03T15:34:23Z,2026-05-07T10:29:29Z,2026-05-07T09:53:14Z,1011160,True,chrono,projectchrono/chrono,git@github.com:projectchrono/chrono.git,2830
MDEwOlJlcG9zaXRvcnkxMjUyMjIzOQ==,2013-09-01T15:09:28Z,2026-05-07T07:31:25Z,2026-05-04T19:55:12Z,15504,True,i2pd,PurpleI2P/i2pd,git@github.com:PurpleI2P/i2pd.git,4045
MDEwOlJlcG9zaXRvcnkxMjQ4MDQyMg==,2013-08-30T07:13:13Z,2026-04-15T17:55:01Z,2026-04-15T17:54:56Z,21,False,jamk-exampl,Iletee/jamk-exampl,git@github.com:Iletee/jamk-exampl.git,0
MDEwOlJlcG9zaXRvcnkxMjQ0MDg1NQ==,2013-08-28T18:02:06Z,2026-05-06T21:14:55Z,2026-05-07T04:24:21Z,61858,True,icinga2,Icinga/icinga2,git@github.com:Icinga/icinga2.git,2200
MDEwOlJlcG9zaXRvcnkxMjQzMzIwNw==,2013-08-28T12:40:37Z,2026-03-19T19:36:43Z,2026-03-19T19:36:39Z,133987,False,cpp-tricks,zaqwes8811/cpp-tricks,git@github.com:zaqwes8811/cpp-tricks.git,0
MDEwOlJlcG9zaXRvcnkxMjQwMjQ3OQ==,2013-08-27T09:45:55Z,2026-04-15T12:43:37Z,2026-04-15T12:43:32Z,986,True,dune-typetree,dune-project/dune-typetree,git@github.com:dune-project/dune-typetree.git,8
MDEwOlJlcG9zaXRvcnkxMjM4NDE2NQ==,2013-08-26T16:36:42Z,2026-05-07T02:52:44Z,2026-04-20T12:36:41Z,7444,True,libde265,strukturag/libde265,git@github.com:strukturag/libde265.git,1891
MDEwOlJlcG9zaXRvcnkxMjM2MDMyMA==,2013-08-25T14:38:18Z,2026-05-07T11:06:22Z,2026-05-07T11:46:12Z,1573,False,clpeak,krrishnarraj/clpeak,git@github.com:krrishnarraj/clpeak.git,488
MDEwOlJlcG9zaXRvcnkxMjM0ODU5Nw==,2013-08-24T19:22:41Z,2026-04-14T08:43:45Z,2026-04-13T10:06:15Z,138,True,node-lru-native,adzerk/node-lru-native,git@github.com:adzerk/node-lru-native.git,96
MDEwOlJlcG9zaXRvcnkxMjMzOTUxOQ==,2013-08-24T06:55:45Z,2026-05-03T16:26:30Z,2026-05-03T12:34:32Z,2101,True,PHP-CPP,CopernicaMarketingSoftware/PHP-CPP,git@github.com:CopernicaMarketingSoftware/PHP-CPP.git,1447
MDEwOlJlcG9zaXRvcnkxMjMzMDc3Mg==,2013-08-23T19:19:50Z,2026-05-07T10:59:50Z,2026-05-06T20:57:17Z,52025,False,explorerplusplus,derceg/explorerplusplus,git@github.com:derceg/explorerplusplus.git,3173
MDEwOlJlcG9zaXRvcnkxMjMyNTQzOQ==,2013-08-23T14:48:03Z,2026-04-08T14:30:34Z,2026-04-08T14:29:01Z,3703,True,hcana,JeffersonLab/hcana,git@github.com:JeffersonLab/hcana.git,10
MDEwOlJlcG9zaXRvcnkxMjI1Mzk0NQ==,2013-08-20T20:53:07Z,2026-04-21T05:11:41Z,2026-05-07T03:32:28Z,147493,False,CompuCell3D,CompuCell3D/CompuCell3D,git@github.com:CompuCell3D/CompuCell3D.git,80
MDEwOlJlcG9zaXRvcnkxMjIzMDY5OQ==,2013-08-20T00:17:58Z,2026-04-24T07:11:42Z,2026-04-24T07:11:38Z,230,False,vp2,Andersbakken/vp2,git@github.com:Andersbakken/vp2.git,1
MDEwOlJlcG9zaXRvcnkxMjIwNDc2NQ==,2013-08-19T01:30:21Z,2026-04-30T02:37:10Z,2026-04-21T02:37:24Z,1225,True,ukf,sfwa/ukf,git@github.com:sfwa/ukf.git,518
MDEwOlJlcG9zaXRvcnkxMjIwNDM4Mg==,2013-08-19T00:58:45Z,2026-05-03T17:34:38Z,2026-04-27T14:26:19Z,4365,True,ffms2,FFMS/ffms2,git@github.com:FFMS/ffms2.git,647
MDEwOlJlcG9zaXRvcnkxMjE5NzUxMg==,2013-08-18T15:50:59Z,2026-05-06T18:12:44Z,2026-05-03T18:46:50Z,10123,False,multivnc,bk138/multivnc,git@github.com:bk138/multivnc.git,633
MDEwOlJlcG9zaXRvcnkxMjE4OTIxNw==,2013-08-18T02:33:49Z,2026-03-19T04:35:56Z,2026-03-19T04:35:53Z,6993,False,capnproto-debian,thomaslee/capnproto-debian,git@github.com:thomaslee/capnproto-debian.git,0
MDEwOlJlcG9zaXRvcnkxMjE4MjY5MQ==,2013-08-17T17:35:00Z,2026-04-28T12:13:29Z,2026-04-08T23:17:05Z,310,True,pysubnettree,zeek/pysubnettree,git@github.com:zeek/pysubnettree.git,49
MDEwOlJlcG9zaXRvcnkxMjE3MzMzOA==,2013-08-17T04:26:00Z,2026-05-05T18:07:56Z,2026-05-05T18:07:52Z,54901,True,allegro_flare,allegroflare/allegro_flare,git@github.com:allegroflare/allegro_flare.git,39
MDEwOlJlcG9zaXRvcnkxMjE0ODc1MA==,2013-08-16T02:19:36Z,2026-04-08T22:53:49Z,2026-04-08T22:53:56Z,111157,True,unity-plugin,amplitude/unity-plugin,git@github.com:amplitude/unity-plugin.git,45
MDEwOlJlcG9zaXRvcnkxMjE0Njk2OQ==,2013-08-16T00:21:53Z,2026-05-07T10:48:17Z,2026-03-19T16:10:54Z,271010,True,simbody,simbody/simbody,git@github.com:simbody/simbody.git,2517
MDEwOlJlcG9zaXRvcnkxMjEzNjUxNg==,2013-08-15T14:39:43Z,2026-05-07T00:31:33Z,2026-05-07T00:31:41Z,290566,True,KTX-Software,KhronosGroup/KTX-Software,git@github.com:KhronosGroup/KTX-Software.git,1246
MDEwOlJlcG9zaXRvcnkxMjExNzg1NQ==,2013-08-14T19:44:57Z,2026-05-02T22:12:20Z,2026-04-29T19:12:39Z,229250,True,tiledarray,ValeevGroup/tiledarray,git@github.com:ValeevGroup/tiledarray.git,316
MDEwOlJlcG9zaXRvcnkxMjA5MzIwMg==,2013-08-13T21:17:06Z,2026-04-22T16:39:02Z,2026-04-30T18:55:28Z,64378,False,libint,evaleev/libint,git@github.com:evaleev/libint.git,260
MDEwOlJlcG9zaXRvcnkxMjA5MTExMg==,2013-08-13T19:49:34Z,2026-05-07T06:29:17Z,2026-04-24T08:09:32Z,6133,False,sqlpp11,rbock/sqlpp11,git@github.com:rbock/sqlpp11.git,2615
MDEwOlJlcG9zaXRvcnkxMjA4OTA2MA==,2013-08-13T18:20:39Z,2026-04-29T02:03:13Z,2026-04-29T14:25:25Z,49859,True,chroma,JeffersonLab/chroma,git@github.com:JeffersonLab/chroma.git,70
MDEwOlJlcG9zaXRvcnkxMjA4NDQzMw==,2013-08-13T14:52:22Z,2026-04-29T09:40:37Z,2026-04-29T09:40:32Z,15018,True,ECALpro,ECALELFS/ECALpro,git@github.com:ECALELFS/ECALpro.git,1
MDEwOlJlcG9zaXRvcnkxMjA2NzQ0OQ==,2013-08-12T22:08:35Z,2026-04-20T21:44:36Z,2026-04-30T19:08:48Z,135,True,urdfdom_headers,ros/urdfdom_headers,git@github.com:ros/urdfdom_headers.git,38
MDEwOlJlcG9zaXRvcnkxMjA2NzQwNg==,2013-08-12T22:06:33Z,2026-04-26T06:04:48Z,2026-04-30T19:09:08Z,3708,True,urdfdom,ros/urdfdom,git@github.com:ros/urdfdom.git,126
MDEwOlJlcG9zaXRvcnkxMjA1NzMyOA==,2013-08-12T14:06:47Z,2026-05-07T07:59:04Z,2026-05-06T13:38:37Z,133432,True,bareos,bareos/bareos,git@github.com:bareos/bareos.git,1204
MDEwOlJlcG9zaXRvcnkxMjA0NjYwNA==,2013-08-12T02:54:23Z,2026-05-07T11:24:29Z,2026-04-24T09:42:29Z,221751,True,projectm,projectM-visualizer/projectm,git@github.com:projectM-visualizer/projectm.git,4210
MDEwOlJlcG9zaXRvcnkxMjA0Mjk2MQ==,2013-08-11T21:37:25Z,2026-04-27T05:07:51Z,2026-03-23T03:37:23Z,1122,False,qcma,codestation/qcma,git@github.com:codestation/qcma.git,642
MDEwOlJlcG9zaXRvcnkxMjAzNjc1MQ==,2013-08-11T14:00:40Z,2026-04-24T20:21:04Z,2026-04-24T20:21:00Z,12373,False,zer0coin,zer0coin/zer0coin,git@github.com:zer0coin/zer0coin.git,0
MDEwOlJlcG9zaXRvcnkxMjAyNDQzOA==,2013-08-10T17:48:33Z,2026-05-03T14:03:36Z,2026-05-03T14:03:31Z,2177,True,lxqt-powermanagement,lxqt/lxqt-powermanagement,git@github.com:lxqt/lxqt-powermanagement.git,33
MDEwOlJlcG9zaXRvcnkxMjAwNzAzMA==,2013-08-09T17:45:11Z,2026-05-07T06:18:42Z,2026-05-07T03:48:12Z,857023,True,lammps,lammps/lammps,git@github.com:lammps/lammps.git,2884
MDEwOlJlcG9zaXRvcnkxMTk4NjQ0Nw==,2013-08-08T20:58:27Z,2026-05-07T08:59:59Z,2026-05-05T08:11:42Z,69262,True,xournalpp,xournalpp/xournalpp,git@github.com:xournalpp/xournalpp.git,14702
MDEwOlJlcG9zaXRvcnkxMTk3MzA1Ng==,2013-08-08T09:43:23Z,2026-03-23T20:42:11Z,2026-05-07T11:43:45Z,6310713,True,qtwebengine-chromium,qt/qtwebengine-chromium,git@github.com:qt/qtwebengine-chromium.git,40
MDEwOlJlcG9zaXRvcnkxMTk1ODQzMQ==,2013-08-07T19:23:50Z,2026-05-04T17:54:38Z,2026-05-07T07:54:34Z,201350,True,sipXtapi,sipXtapi/sipXtapi,git@github.com:sipXtapi/sipXtapi.git,34
MDEwOlJlcG9zaXRvcnkxMTk1MTA2Mw==,2013-08-07T13:52:14Z,2026-04-29T01:09:53Z,2026-05-05T05:55:05Z,156223,True,DREAM3D,BlueQuartzSoftware/DREAM3D,git@github.com:BlueQuartzSoftware/DREAM3D.git,187
MDEwOlJlcG9zaXRvcnkxMTkyNDkzNw==,2013-08-06T13:39:51Z,2026-05-01T08:19:55Z,2026-05-01T08:19:51Z,1856,True,liblxqt,lxqt/liblxqt,git@github.com:lxqt/liblxqt.git,69
MDEwOlJlcG9zaXRvcnkxMTkyNDg3Mw==,2013-08-06T13:36:21Z,2026-04-30T19:52:52Z,2026-04-30T19:52:30Z,1007,True,libqtxdg,lxqt/libqtxdg,git@github.com:lxqt/libqtxdg.git,79
MDEwOlJlcG9zaXRvcnkxMTkyNDgxNw==,2013-08-06T13:34:04Z,2026-05-01T22:55:00Z,2026-04-23T15:42:23Z,167,True,libsysstat,lxqt/libsysstat,git@github.com:lxqt/libsysstat.git,19
MDEwOlJlcG9zaXRvcnkxMTkyMTc5MQ==,2013-08-06T10:48:38Z,2026-05-05T12:16:37Z,2026-05-01T14:42:48Z,15037,True,lxqt-panel,lxqt/lxqt-panel,git@github.com:lxqt/lxqt-panel.git,214
MDEwOlJlcG9zaXRvcnkxMTkyMTc4OQ==,2013-08-06T10:48:24Z,2026-05-01T14:37:45Z,2026-05-02T17:51:06Z,1246,True,lxqt-runner,lxqt/lxqt-runner,git@github.com:lxqt/lxqt-runner.git,49
MDEwOlJlcG9zaXRvcnkxMTkyMTc3Ng==,2013-08-06T10:47:36Z,2026-05-01T14:39:46Z,2026-05-01T14:39:42Z,305,True,lxqt-policykit,lxqt/lxqt-policykit,git@github.com:lxqt/lxqt-policykit.git,41
MDEwOlJlcG9zaXRvcnkxMTkyMTc2OQ==,2013-08-06T10:47:13Z,2026-05-01T14:36:58Z,2026-05-01T14:36:54Z,180,True,lxqt-openssh-askpass,lxqt/lxqt-openssh-askpass,git@github.com:lxqt/lxqt-openssh-askpass.git,21
MDEwOlJlcG9zaXRvcnkxMTkyMTc2Ng==,2013-08-06T10:46:57Z,2026-05-01T14:31:20Z,2026-05-01T14:31:15Z,1080,True,lxqt-notificationd,lxqt/lxqt-notificationd,git@github.com:lxqt/lxqt-notificationd.git,64
MDEwOlJlcG9zaXRvcnkxMTkyMTc1Nw==,2013-08-06T10:46:27Z,2026-05-01T17:01:57Z,2026-05-01T17:01:53Z,1050,True,lxqt-globalkeys,lxqt/lxqt-globalkeys,git@github.com:lxqt/lxqt-globalkeys.git,34
MDEwOlJlcG9zaXRvcnkxMTkyMTc1Mg==,2013-08-06T10:46:10Z,2026-05-05T21:50:23Z,2026-05-01T14:41:25Z,5720,True,lxqt-config,lxqt/lxqt-config,git@github.com:lxqt/lxqt-config.git,96
MDEwOlJlcG9zaXRvcnkxMTkyMTcyNw==,2013-08-06T10:45:04Z,2026-05-01T14:36:13Z,2026-05-01T14:36:09Z,661,True,lxqt-about,lxqt/lxqt-about,git@github.com:lxqt/lxqt-about.git,25
MDEwOlJlcG9zaXRvcnkxMTkwOTM5MQ==,2013-08-05T21:34:30Z,2026-04-24T18:09:44Z,2026-03-04T20:22:02Z,8905,True,Arduino-SDI-12,EnviroDIY/Arduino-SDI-12,git@github.com:EnviroDIY/Arduino-SDI-12.git,185
MDEwOlJlcG9zaXRvcnkxMTg5NDMwOA==,2013-08-05T09:08:07Z,2026-05-06T21:33:37Z,2026-04-30T10:10:32Z,31847,True,seafile-client,haiwen/seafile-client,git@github.com:haiwen/seafile-client.git,521
MDEwOlJlcG9zaXRvcnkxMTg3OTE4Mg==,2013-08-04T13:43:28Z,2026-05-05T12:07:12Z,2026-04-11T14:57:52Z,42568,False,TablacusExplorer,tablacus/TablacusExplorer,git@github.com:tablacus/TablacusExplorer.git,1197
MDEwOlJlcG9zaXRvcnkxMTgwODQ5OQ==,2013-08-01T05:09:47Z,2026-05-07T08:55:25Z,2026-04-30T19:28:07Z,185084,False,Multitarget-tracker,Smorodov/Multitarget-tracker,git@github.com:Smorodov/Multitarget-tracker.git,2395
MDEwOlJlcG9zaXRvcnkxMTc4NTUzNA==,2013-07-31T07:47:20Z,2026-04-30T13:10:41Z,2026-04-30T13:12:58Z,1456,True,crash-reporter,sailfishos/crash-reporter,git@github.com:sailfishos/crash-reporter.git,8
MDEwOlJlcG9zaXRvcnkxMTc2NDQ2MQ==,2013-07-30T12:28:20Z,2026-05-07T11:33:52Z,2026-05-07T11:33:46Z,63304,True,picongpu,ComputationalRadiationPhysics/picongpu,git@github.com:ComputationalRadiationPhysics/picongpu.git,779
MDEwOlJlcG9zaXRvcnkxMTc1NDg4Ng==,2013-07-30T02:42:45Z,2026-04-30T18:15:43Z,2026-05-04T12:26:30Z,62849,False,Virtual-Jaguar-Rx,djipi/Virtual-Jaguar-Rx,git@github.com:djipi/Virtual-Jaguar-Rx.git,49
MDEwOlJlcG9zaXRvcnkxMTczMzA3MA==,2013-07-29T06:47:29Z,2026-05-05T04:50:52Z,2026-04-01T14:53:05Z,9146,True,libosmium,osmcode/libosmium,git@github.com:osmcode/libosmium.git,541
MDEwOlJlcG9zaXRvcnkxMTcyMzgzNA==,2013-07-28T18:30:47Z,2026-05-07T02:17:18Z,2026-05-07T11:47:46Z,40625,True,nsis,NSIS-Dev/nsis,git@github.com:NSIS-Dev/nsis.git,819
MDEwOlJlcG9zaXRvcnkxMTcyMjI5NQ==,2013-07-28T16:24:59Z,2026-05-05T12:20:14Z,2026-05-05T12:20:09Z,2160,True,platform,couchbase/platform,git@github.com:couchbase/platform.git,14
MDEwOlJlcG9zaXRvcnkxMTcwNDQ5NA==,2013-07-27T12:17:16Z,2026-04-28T18:07:15Z,2026-04-28T18:07:09Z,4661,False,openmrn_cue,balazsracz/openmrn_cue,git@github.com:balazsracz/openmrn_cue.git,7
MDEwOlJlcG9zaXRvcnkxMTcwMTYwNw==,2013-07-27T07:26:09Z,2026-04-12T17:09:49Z,2026-04-24T01:23:25Z,21641,False,ashuffle,joshkunz/ashuffle,git@github.com:joshkunz/ashuffle.git,87
MDEwOlJlcG9zaXRvcnkxMTcwMTUxMg==,2013-07-27T07:16:50Z,2026-05-02T15:59:54Z,2026-04-09T16:44:59Z,571,True,thekla_atlas,Thekla/thekla_atlas,git@github.com:Thekla/thekla_atlas.git,494
MDEwOlJlcG9zaXRvcnkxMTY5NTA0NQ==,2013-07-26T21:18:41Z,2026-03-24T18:28:43Z,2026-03-24T18:28:39Z,21683,True,ArtPaint,HaikuArchives/ArtPaint,git@github.com:HaikuArchives/ArtPaint.git,30
MDEwOlJlcG9zaXRvcnkxMTY5MzcwOQ==,2013-07-26T19:56:59Z,2026-05-06T22:24:35Z,2026-04-25T22:04:14Z,105754,True,cuberite,cuberite/cuberite,git@github.com:cuberite/cuberite.git,5383
MDEwOlJlcG9zaXRvcnkxMTY2NzU1Mw==,2013-07-25T18:11:40Z,2026-05-06T01:02:59Z,2026-05-06T01:02:54Z,4639,False,adevs,smiz/adevs,git@github.com:smiz/adevs.git,14
MDEwOlJlcG9zaXRvcnkxMTYzNjY3Mw==,2013-07-24T14:25:42Z,2026-05-06T23:35:07Z,2026-04-13T02:13:55Z,50705,False,quickfix,quickfix/quickfix,git@github.com:quickfix/quickfix.git,1920
MDEwOlJlcG9zaXRvcnkxMTYzMTM5Mg==,2013-07-24T09:43:47Z,2026-03-30T08:22:00Z,2026-03-30T08:21:56Z,1129,True,libentity,emergent-design/libentity,git@github.com:emergent-design/libentity.git,2
MDEwOlJlcG9zaXRvcnkxMTYxNzUwNA==,2013-07-23T19:45:43Z,2026-05-01T14:32:31Z,2026-05-01T14:32:26Z,13579,True,pcmanfm-qt,lxqt/pcmanfm-qt,git@github.com:lxqt/pcmanfm-qt.git,530
MDEwOlJlcG9zaXRvcnkxMTU3NzMwNA==,2013-07-22T09:07:57Z,2026-05-07T10:35:33Z,2026-05-07T09:07:42Z,548778,True,dolphin,dolphin-emu/dolphin,git@github.com:dolphin-emu/dolphin.git,14994
MDEwOlJlcG9zaXRvcnkxMTU2ODQxNw==,2013-07-21T22:03:03Z,2026-05-07T08:12:26Z,2026-05-05T10:52:07Z,9576,True,klee,klee/klee,git@github.com:klee/klee.git,2931
MDEwOlJlcG9zaXRvcnkxMTU2Mzc1NA==,2013-07-21T15:41:42Z,2026-04-26T08:31:00Z,2026-04-13T07:19:51Z,7022,True,cjs,linuxmint/cjs,git@github.com:linuxmint/cjs.git,83
MDEwOlJlcG9zaXRvcnkxMTU2MjUyNg==,2013-07-21T14:07:22Z,2026-04-15T13:11:41Z,2026-04-15T13:11:38Z,7686,False,asynchronous,henry-ch/asynchronous,git@github.com:henry-ch/asynchronous.git,42
MDEwOlJlcG9zaXRvcnkxMTU1MDI4Mw==,2013-07-20T17:12:11Z,2026-05-02T21:19:08Z,2026-03-10T14:05:44Z,483,False,libzippp,ctabin/libzippp,git@github.com:ctabin/libzippp.git,451
MDEwOlJlcG9zaXRvcnkxMTU0NTkyOA==,2013-07-20T11:12:03Z,2026-05-04T15:13:35Z,2026-03-18T14:27:56Z,2330,True,nan,nodejs/nan,git@github.com:nodejs/nan.git,3354
MDEwOlJlcG9zaXRvcnkxMTUyNjcxNQ==,2013-07-19T11:41:54Z,2026-04-24T19:44:14Z,2026-04-22T19:52:56Z,25834,True,deconz-rest-plugin,dresden-elektronik/deconz-rest-plugin,git@github.com:dresden-elektronik/deconz-rest-plugin.git,1914
MDEwOlJlcG9zaXRvcnkxMTUxMTM2OQ==,2013-07-18T19:11:19Z,2026-04-30T08:33:06Z,2026-05-07T11:27:05Z,1277,True,obconf-qt,lxqt/obconf-qt,git@github.com:lxqt/obconf-qt.git,30
MDEwOlJlcG9zaXRvcnkxMTUxMTM1OA==,2013-07-18T19:10:40Z,2026-05-01T14:33:18Z,2026-05-01T14:33:13Z,3983,True,lximage-qt,lxqt/lximage-qt,git@github.com:lxqt/lximage-qt.git,120
MDEwOlJlcG9zaXRvcnkxMTQ5ODI5MQ==,2013-07-18T08:45:41Z,2026-04-27T02:27:41Z,2026-04-23T13:20:32Z,17690,True,sems,sipwise/sems,git@github.com:sipwise/sems.git,76
MDEwOlJlcG9zaXRvcnkxMTQ4OTAzNw==,2013-07-17T22:19:43Z,2026-05-07T06:33:41Z,2026-05-02T09:08:15Z,372367,True,rathena,rathena/rathena,git@github.com:rathena/rathena.git,3394
MDEwOlJlcG9zaXRvcnkxMTQ4MDcwNQ==,2013-07-17T16:06:50Z,2026-04-29T03:20:50Z,2026-05-05T14:41:20Z,19708,True,triqs,TRIQS/triqs,git@github.com:TRIQS/triqs.git,174
MDEwOlJlcG9zaXRvcnkxMTQ3NDIxMA==,2013-07-17T11:16:27Z,2026-04-20T13:10:40Z,2026-04-20T13:10:35Z,30515,True,monica,zalf-rpm/monica,git@github.com:zalf-rpm/monica.git,29
MDEwOlJlcG9zaXRvcnkxMTQ1MjY3Ng==,2013-07-16T15:12:33Z,2026-05-06T17:36:36Z,2026-05-06T13:34:25Z,40380,True,nghttp2,nghttp2/nghttp2,git@github.com:nghttp2/nghttp2.git,4993
MDEwOlJlcG9zaXRvcnkxMTQzNjk4Ng==,2013-07-16T00:32:39Z,2026-05-07T06:24:03Z,2026-05-07T06:23:58Z,70517,True,fpp,FalconChristmas/fpp,git@github.com:FalconChristmas/fpp.git,708
MDEwOlJlcG9zaXRvcnkxMTQxNTE5OQ==,2013-07-15T05:07:36Z,2026-05-06T22:25:27Z,2026-05-07T03:46:20Z,30313,True,vgmtrans,vgmtrans/vgmtrans,git@github.com:vgmtrans/vgmtrans.git,1203
MDEwOlJlcG9zaXRvcnkxMTM0NzQ5Mg==,2013-07-11T16:48:49Z,2026-03-16T19:33:59Z,2026-03-16T19:33:55Z,13098,False,EvGen,dhorns/EvGen,git@github.com:dhorns/EvGen.git,3
MDEwOlJlcG9zaXRvcnkxMTM0NDIwOQ==,2013-07-11T14:35:25Z,2026-05-07T10:19:14Z,2026-04-25T18:22:49Z,37053,False,openlitespeed,litespeedtech/openlitespeed,git@github.com:litespeedtech/openlitespeed.git,1433
MDEwOlJlcG9zaXRvcnkxMTM0NDE3NQ==,2013-07-11T14:34:08Z,2026-04-30T17:06:55Z,2026-04-30T17:06:51Z,7262,False,wdk,ensisoft/wdk,git@github.com:ensisoft/wdk.git,10
MDEwOlJlcG9zaXRvcnkxMTM0MzkxMA==,2013-07-11T14:23:52Z,2026-04-23T07:24:18Z,2026-04-23T07:24:14Z,2742,False,inventory-agent,jackburton79/inventory-agent,git@github.com:jackburton79/inventory-agent.git,14
MDEwOlJlcG9zaXRvcnkxMTM0MzAwOQ==,2013-07-11T13:46:49Z,2026-05-07T08:24:28Z,2026-05-03T16:55:53Z,175196,True,Hypersomnia,TeamHypersomnia/Hypersomnia,git@github.com:TeamHypersomnia/Hypersomnia.git,1532
MDEwOlJlcG9zaXRvcnkxMTMwOTc5NQ==,2013-07-10T11:06:06Z,2026-05-06T08:16:54Z,2026-04-13T22:42:50Z,99173,True,nmslib,nmslib/nmslib,git@github.com:nmslib/nmslib.git,3582
MDEwOlJlcG9zaXRvcnkxMTI4MTk5OA==,2013-07-09T12:38:24Z,2026-04-27T14:25:51Z,2026-04-27T14:23:06Z,34903,True,quassel-i18n,quassel/quassel-i18n,git@github.com:quassel/quassel-i18n.git,0
MDEwOlJlcG9zaXRvcnkxMTI3OTU5MQ==,2013-07-09T10:25:23Z,2026-05-06T17:35:43Z,2026-05-06T17:35:41Z,51703,True,artis,artis-mcrt/artis,git@github.com:artis-mcrt/artis.git,21
MDEwOlJlcG9zaXRvcnkxMTIzMTM4Mw==,2013-07-07T09:38:11Z,2026-04-25T15:45:55Z,2026-04-25T15:45:50Z,192,True,s25update,Return-To-The-Roots/s25update,git@github.com:Return-To-The-Roots/s25update.git,2
MDEwOlJlcG9zaXRvcnkxMTIzMTM4MQ==,2013-07-07T09:38:04Z,2026-05-06T04:56:39Z,2026-05-06T04:56:36Z,211831,True,s25client,Return-To-The-Roots/s25client,git@github.com:Return-To-The-Roots/s25client.git,567
MDEwOlJlcG9zaXRvcnkxMTIzMTM3OA==,2013-07-07T09:37:50Z,2026-05-03T17:37:16Z,2026-05-03T17:37:12Z,956,True,libutil,Return-To-The-Roots/libutil,git@github.com:Return-To-The-Roots/libutil.git,6
MDEwOlJlcG9zaXRvcnkxMTIyMTcxMg==,2013-07-06T17:29:28Z,2026-05-06T22:17:21Z,2026-05-03T21:35:11Z,21845,True,thcrap,thpatch/thcrap,git@github.com:thpatch/thcrap.git,720
MDEwOlJlcG9zaXRvcnkxMTE3MTU0OA==,2013-07-04T08:47:49Z,2026-05-07T11:28:22Z,2026-05-04T20:07:26Z,242710,False,json,nlohmann/json,git@github.com:nlohmann/json.git,49594
MDEwOlJlcG9zaXRvcnkxMTE1OTU1Mg==,2013-07-03T19:34:37Z,2026-05-07T02:29:07Z,2026-05-07T04:11:35Z,572672,True,OpenStudio,NatLabRockies/OpenStudio,git@github.com:NatLabRockies/OpenStudio.git,607
MDEwOlJlcG9zaXRvcnkxMTE1MDM5NQ==,2013-07-03T12:29:50Z,2026-04-16T03:08:51Z,2026-03-02T20:37:28Z,612,True,apf,AudioProcessingFramework/apf,git@github.com:AudioProcessingFramework/apf.git,36
MDEwOlJlcG9zaXRvcnkxMTEzNjAzMQ==,2013-07-02T21:47:11Z,2026-05-07T07:25:00Z,2026-05-07T07:24:56Z,10799,True,vapoursynth,vapoursynth/vapoursynth,git@github.com:vapoursynth/vapoursynth.git,2019
MDEwOlJlcG9zaXRvcnkxMTEzMTc1Mw==,2013-07-02T18:21:45Z,2026-04-25T23:24:58Z,2026-03-26T15:00:54Z,16206,True,node-webrtc,node-webrtc/node-webrtc,git@github.com:node-webrtc/node-webrtc.git,2797
MDEwOlJlcG9zaXRvcnkxMTEzMTYzMQ==,2013-07-02T18:15:51Z,2026-05-07T05:10:18Z,2026-05-07T05:10:14Z,284379,True,fbthrift,facebook/fbthrift,org-69631@github.com:facebook/fbthrift.git,2693
MDEwOlJlcG9zaXRvcnkxMTEyODk0Mg==,2013-07-02T16:06:44Z,2026-04-01T20:02:08Z,2026-04-17T19:15:52Z,310343,True,kiva,bigladder/kiva,git@github.com:bigladder/kiva.git,27
MDEwOlJlcG9zaXRvcnkxMTExNjIyMg==,2013-07-02T04:54:20Z,2026-05-03T05:16:34Z,2026-05-03T05:16:31Z,17705,False,attract,mickelson/attract,git@github.com:mickelson/attract.git,434
MDEwOlJlcG9zaXRvcnkxMTExMDM4NQ==,2013-07-01T23:48:58Z,2026-05-06T17:17:40Z,2026-05-05T04:00:48Z,224144,True,cvxpy,cvxpy/cvxpy,git@github.com:cvxpy/cvxpy.git,6204
MDEwOlJlcG9zaXRvcnkxMTA4MTI1OQ==,2013-07-01T01:19:13Z,2026-05-06T09:40:44Z,2026-05-06T09:40:40Z,2261153,False,CASAL2,Casal2/CASAL2,git@github.com:Casal2/CASAL2.git,28
MDEwOlJlcG9zaXRvcnkxMTAzNjMxNg==,2013-06-28T19:52:40Z,2026-05-06T18:17:16Z,2026-05-07T09:46:25Z,955861,True,SU2,su2code/SU2,git@github.com:su2code/SU2.git,1690
MDEwOlJlcG9zaXRvcnkxMTAwNjA1Mw==,2013-06-27T19:41:08Z,2026-05-06T12:23:25Z,2026-05-06T16:39:30Z,1481,True,memtier_benchmark,redis/memtier_benchmark,git@github.com:redis/memtier_benchmark.git,1039
MDEwOlJlcG9zaXRvcnkxMTAwMjQ4Mw==,2013-06-27T16:47:34Z,2026-05-02T05:34:46Z,2026-05-02T05:34:42Z,1470,False,QTblEditor,kambala-decapitator/QTblEditor,git@github.com:kambala-decapitator/QTblEditor.git,30
MDEwOlJlcG9zaXRvcnkxMDk5NDM0NQ==,2013-06-27T10:46:59Z,2026-05-07T05:09:48Z,2026-05-07T11:31:56Z,1539451,True,root,root-project/root,git@github.com:root-project/root.git,3199
MDEwOlJlcG9zaXRvcnkxMDk4MDcyOQ==,2013-06-26T22:21:13Z,2026-05-07T06:33:33Z,2026-03-30T19:16:51Z,691268,True,source-sdk-2013,ValveSoftware/source-sdk-2013,git@github.com:ValveSoftware/source-sdk-2013.git,9763
MDEwOlJlcG9zaXRvcnkxMDk3ODU3Nw==,2013-06-26T20:40:59Z,2026-05-05T03:27:14Z,2026-05-04T15:29:01Z,89079,True,pencil,pencil2d/pencil,git@github.com:pencil2d/pencil.git,1693
MDEwOlJlcG9zaXRvcnkxMDk2OTU1MQ==,2013-06-26T14:09:07Z,2026-05-07T07:17:27Z,2026-05-07T09:17:00Z,1526570,True,cmssw,cms-sw/cmssw,git@github.com:cms-sw/cmssw.git,1276
MDEwOlJlcG9zaXRvcnkxMDk2Njg5OQ==,2013-06-26T12:07:41Z,2026-05-06T22:48:58Z,2026-05-07T00:55:28Z,40292,True,qtwebengine,qt/qtwebengine,git@github.com:qt/qtwebengine.git,422
MDEwOlJlcG9zaXRvcnkxMDk1NTY3NA==,2013-06-26T01:58:36Z,2026-05-06T19:14:11Z,2026-05-06T19:17:14Z,962,True,realtime_tools,ros-controls/realtime_tools,git@github.com:ros-controls/realtime_tools.git,182
MDEwOlJlcG9zaXRvcnkxMDk1NTY2Mw==,2013-06-26T01:58:03Z,2026-05-06T20:36:52Z,2026-05-06T20:45:40Z,1197,True,control_toolbox,ros-controls/control_toolbox,git@github.com:ros-controls/control_toolbox.git,174
MDEwOlJlcG9zaXRvcnkxMDk1MzUyOA==,2013-06-25T23:49:48Z,2026-04-17T04:20:52Z,2026-04-17T04:20:48Z,764,True,buildsyspp,alliedtelesis/buildsyspp,git@github.com:alliedtelesis/buildsyspp.git,1
MDEwOlJlcG9zaXRvcnkxMDk1Mjk5Nw==,2013-06-25T23:18:45Z,2026-05-07T11:35:56Z,2026-03-11T06:41:29Z,18476,True,cereal,USCiLab/cereal,git@github.com:USCiLab/cereal.git,4656
MDEwOlJlcG9zaXRvcnkxMDkyNzc5OQ==,2013-06-25T04:04:08Z,2026-03-31T17:41:45Z,2026-03-31T17:41:41Z,1146,True,domino3,salilab/domino3,git@github.com:salilab/domino3.git,1
MDEwOlJlcG9zaXRvcnkxMDkyNjg3Mg==,2013-06-25T03:11:32Z,2026-05-02T01:09:00Z,2026-05-04T22:23:16Z,366,False,RVO2,snape/RVO2,git@github.com:snape/RVO2.git,942
MDEwOlJlcG9zaXRvcnkxMDg4NTQ2OQ==,2013-06-23T14:04:03Z,2026-05-07T03:00:17Z,2026-04-29T03:18:09Z,13427,False,cppjieba,yanyiwu/cppjieba,git@github.com:yanyiwu/cppjieba.git,2845
MDEwOlJlcG9zaXRvcnkxMDg3MjcwMA==,2013-06-22T21:21:00Z,2026-05-03T15:59:58Z,2026-05-07T04:01:36Z,3916,False,screencloud,olav-st/screencloud,git@github.com:olav-st/screencloud.git,651
MDEwOlJlcG9zaXRvcnkxMDg0NTY1Mw==,2013-06-21T15:34:08Z,2026-04-30T12:31:27Z,2026-04-30T12:31:24Z,199514,True,HiggsAnalysis-CombinedLimit,cms-analysis/HiggsAnalysis-CombinedLimit,git@github.com:cms-analysis/HiggsAnalysis-CombinedLimit.git,87
MDEwOlJlcG9zaXRvcnkxMDg0MDQ4MQ==,2013-06-21T10:28:18Z,2026-05-06T21:32:05Z,2026-05-05T20:02:47Z,161233,False,Notepad2e,ProgerXP/Notepad2e,git@github.com:ProgerXP/Notepad2e.git,426
MDEwOlJlcG9zaXRvcnkxMDgyNzUxOA==,2013-06-20T19:16:51Z,2026-04-28T13:33:28Z,2026-03-27T14:59:06Z,32135,True,ospray,RenderKit/ospray,git@github.com:RenderKit/ospray.git,1083
MDEwOlJlcG9zaXRvcnkxMDgxODIyMQ==,2013-06-20T11:16:56Z,2026-04-10T14:41:34Z,2026-04-07T10:25:05Z,6063,False,xfce4-whiskermenu-plugin,gottcode/xfce4-whiskermenu-plugin,git@github.com:gottcode/xfce4-whiskermenu-plugin.git,181
MDEwOlJlcG9zaXRvcnkxMDc3NDkzMQ==,2013-06-18T22:29:48Z,2026-03-21T21:50:20Z,2026-03-21T21:50:14Z,2364,True,libdiffpy,diffpy/libdiffpy,git@github.com:diffpy/libdiffpy.git,7
MDEwOlJlcG9zaXRvcnkxMDc2NTA0MA==,2013-06-18T14:19:19Z,2026-04-13T16:41:31Z,2026-04-13T16:41:26Z,2974,False,budgetwarrior,wichtounet/budgetwarrior,git@github.com:wichtounet/budgetwarrior.git,119
MDEwOlJlcG9zaXRvcnkxMDcyNjUxMA==,2013-06-16T22:26:09Z,2026-05-07T06:45:29Z,2026-04-22T14:14:46Z,14764,True,beast,boostorg/beast,git@github.com:boostorg/beast.git,4787
MDEwOlJlcG9zaXRvcnkxMDY5MTYxOA==,2013-06-14T15:10:07Z,2026-05-01T22:08:12Z,2026-05-01T22:08:02Z,159610,True,lilypond,emacsmirror/lilypond,git@github.com:emacsmirror/lilypond.git,11
MDEwOlJlcG9zaXRvcnkxMDY4NzM2OA==,2013-06-14T11:13:11Z,2026-05-03T04:20:24Z,2026-04-28T20:43:11Z,294042,True,openclonk,openclonk/openclonk,git@github.com:openclonk/openclonk.git,389
MDEwOlJlcG9zaXRvcnkxMDY3MTYyMw==,2013-06-13T17:30:30Z,2026-05-07T07:17:28Z,2026-05-02T19:19:45Z,9961,False,treesheets,aardappel/treesheets,git@github.com:aardappel/treesheets.git,3015
MDEwOlJlcG9zaXRvcnkxMDY1NDQ2NQ==,2013-06-12T23:12:28Z,2026-04-10T17:15:00Z,2026-04-10T17:27:36Z,112889,True,cortex,ImageEngine/cortex,git@github.com:ImageEngine/cortex.git,558
MDEwOlJlcG9zaXRvcnkxMDYwNjQ4NA==,2013-06-10T18:18:38Z,2026-05-06T01:47:20Z,2026-05-05T18:59:18Z,127858,False,lobster,aardappel/lobster,git@github.com:aardappel/lobster.git,2715
MDEwOlJlcG9zaXRvcnkxMDU4OTE3Nw==,2013-06-09T21:03:30Z,2026-05-06T06:21:17Z,2026-05-06T16:22:46Z,11171,False,primecount,kimwalisch/primecount,git@github.com:kimwalisch/primecount.git,352
MDEwOlJlcG9zaXRvcnkxMDU0MTMyNg==,2013-06-07T02:57:54Z,2026-04-28T03:19:41Z,2026-04-28T03:19:37Z,55,True,Grove_Temperature_And_Humidity_Sensor,Seeed-Studio/Grove_Temperature_And_Humidity_Sensor,git@github.com:Seeed-Studio/Grove_Temperature_And_Humidity_Sensor.git,73
MDEwOlJlcG9zaXRvcnkxMDQ4NzM2Mw==,2013-06-04T19:50:01Z,2026-05-06T20:08:32Z,2026-05-06T20:08:27Z,70884,True,otter-browser,OtterBrowser/otter-browser,git@github.com:OtterBrowser/otter-browser.git,1972
MDEwOlJlcG9zaXRvcnkxMDQ1Njk0Mg==,2013-06-03T14:53:47Z,2026-05-07T06:16:21Z,2026-05-06T16:13:06Z,313926,True,essentia,MTG/essentia,git@github.com:MTG/essentia.git,3545
MDEwOlJlcG9zaXRvcnkxMDQ0NzE1NA==,2013-06-03T04:38:34Z,2026-05-05T02:51:12Z,2026-05-05T02:51:08Z,86570,False,webgl,desaic/webgl,git@github.com:desaic/webgl.git,0
MDEwOlJlcG9zaXRvcnkxMDQ0NDcyNQ==,2013-06-03T01:11:25Z,2026-05-01T00:27:41Z,2026-04-20T17:26:05Z,43483,True,parallel-n64,libretro/parallel-n64,git@github.com:libretro/parallel-n64.git,384
MDEwOlJlcG9zaXRvcnkxMDQyNjk4Mg==,2013-06-01T19:05:12Z,2026-05-06T21:48:22Z,2026-05-06T21:58:13Z,5401557,True,jasp-desktop,jasp-stats/jasp-desktop,git@github.com:jasp-stats/jasp-desktop.git,956
MDEwOlJlcG9zaXRvcnkxMDM5MzY2OQ==,2013-05-30T22:48:07Z,2026-05-06T21:40:34Z,2026-05-07T01:36:50Z,351747,True,server,mangostwo/server,git@github.com:mangostwo/server.git,254
MDEwOlJlcG9zaXRvcnkxMDM3OTA2Mg==,2013-05-30T08:52:36Z,2026-04-27T19:59:34Z,2026-04-09T11:58:28Z,89139,False,ClanLib,sphair/ClanLib,git@github.com:sphair/ClanLib.git,363
MDEwOlJlcG9zaXRvcnkxMDMzODAxNA==,2013-05-28T14:53:08Z,2026-04-09T18:15:54Z,2026-04-09T18:15:46Z,4120,True,pftool,pftool/pftool,git@github.com:pftool/pftool.git,64
MDEwOlJlcG9zaXRvcnkxMDMyMTYzMA==,2013-05-27T19:58:04Z,2026-04-29T15:36:39Z,2026-04-21T19:53:17Z,886,True,systemd-cron,systemd-cron/systemd-cron,git@github.com:systemd-cron/systemd-cron.git,166
MDEwOlJlcG9zaXRvcnkxMDMxNDc4Nw==,2013-05-27T12:54:47Z,2026-05-06T14:17:26Z,2026-05-03T11:20:47Z,4052,True,SoftHSMv2,softhsm/SoftHSMv2,git@github.com:softhsm/SoftHSMv2.git,1019
MDEwOlJlcG9zaXRvcnkxMDMwODAyMQ==,2013-05-27T04:46:39Z,2026-04-16T07:46:56Z,2026-04-21T17:58:27Z,6353,False,ComptonSoft,odakahirokazu/ComptonSoft,git@github.com:odakahirokazu/ComptonSoft.git,24
MDEwOlJlcG9zaXRvcnkxMDI4OTc1OA==,2013-05-25T20:59:11Z,2026-05-07T09:01:55Z,2026-03-30T07:03:07Z,61928,False,LAVFilters,Nevcairiel/LAVFilters,git@github.com:Nevcairiel/LAVFilters.git,8859
MDEwOlJlcG9zaXRvcnkxMDI4NjY0MQ==,2013-05-25T16:24:56Z,2026-04-06T18:57:21Z,2026-03-06T10:30:48Z,2365,False,mazegenerator,razimantv/mazegenerator,git@github.com:razimantv/mazegenerator.git,1081
MDEwOlJlcG9zaXRvcnkxMDI1NzM0MA==,2013-05-24T01:53:56Z,2026-05-04T00:06:26Z,2026-05-04T00:06:22Z,169950,False,OrangeC,LADSoft/OrangeC,git@github.com:LADSoft/OrangeC.git,332
MDEwOlJlcG9zaXRvcnkxMDI1MzM0MQ==,2013-05-23T20:59:54Z,2026-03-30T12:01:02Z,2026-03-24T17:54:05Z,89544,True,mcell,mcellteam/mcell,git@github.com:mcellteam/mcell.git,37
MDEwOlJlcG9zaXRvcnkxMDI1Mjk5Mg==,2013-05-23T20:41:46Z,2026-05-02T17:28:59Z,2026-04-29T15:29:26Z,54582,True,colvars,Colvars/colvars,git@github.com:Colvars/colvars.git,237
MDEwOlJlcG9zaXRvcnkxMDIyMDk3Nw==,2013-05-22T13:52:32Z,2026-04-28T14:06:12Z,2026-04-18T18:56:40Z,445438,False,arasan-chess,jdart1/arasan-chess,git@github.com:jdart1/arasan-chess.git,166
MDEwOlJlcG9zaXRvcnkxMDIwMjczMA==,2013-05-21T18:43:08Z,2026-04-25T06:18:59Z,2026-05-06T08:53:38Z,1510707,True,ShapeWorks,SCIInstitute/ShapeWorks,git@github.com:SCIInstitute/ShapeWorks.git,129
MDEwOlJlcG9zaXRvcnkxMDIwMDQzOQ==,2013-05-21T16:40:57Z,2026-03-30T15:29:40Z,2026-04-06T16:41:01Z,1033,True,re2,janestreet/re2,git@github.com:janestreet/re2.git,47
MDEwOlJlcG9zaXRvcnkxMDE4ODU5OA==,2013-05-21T05:31:18Z,2026-05-04T09:52:19Z,2026-05-04T09:52:40Z,35979,True,qbs,qbs/qbs,git@github.com:qbs/qbs.git,178
MDEwOlJlcG9zaXRvcnkxMDE4ODU4NA==,2013-05-21T05:30:29Z,2026-04-17T12:08:10Z,2026-04-17T12:08:06Z,19471,True,messagingframework,qt-labs/messagingframework,git@github.com:qt-labs/messagingframework.git,13
MDEwOlJlcG9zaXRvcnkxMDE4ODU3OQ==,2013-05-21T05:30:16Z,2026-03-10T22:13:03Z,2026-03-31T13:58:06Z,1033,True,jom,qt-labs/jom,git@github.com:qt-labs/jom.git,67
MDEwOlJlcG9zaXRvcnkxMDE4ODMyNw==,2013-05-21T05:09:09Z,2026-03-30T01:32:42Z,2026-04-22T15:41:14Z,29942,True,installer-framework,qtproject/installer-framework,git@github.com:qtproject/installer-framework.git,205
MDEwOlJlcG9zaXRvcnkxMDE4Mzc0NA==,2013-05-20T23:04:43Z,2026-04-09T04:27:22Z,2026-05-07T03:41:21Z,16300,True,openglad,openglad/openglad,git@github.com:openglad/openglad.git,60
MDEwOlJlcG9zaXRvcnkxMDE3ODE4OA==,2013-05-20T17:42:52Z,2026-05-07T08:06:14Z,2026-05-05T19:18:11Z,128827,True,openmm,openmm/openmm,git@github.com:openmm/openmm.git,1875
MDEwOlJlcG9zaXRvcnkxMDE2MDE0MQ==,2013-05-19T19:16:07Z,2026-05-07T07:24:20Z,2026-05-06T18:07:07Z,85254,False,doxygen,doxygen/doxygen,git@github.com:doxygen/doxygen.git,6448
MDEwOlJlcG9zaXRvcnkxMDE1NjM0Mg==,2013-05-19T14:11:54Z,2026-03-28T13:24:15Z,2026-03-28T13:24:10Z,684,True,openAV-Sorcer,openAVproductions/openAV-Sorcer,git@github.com:openAVproductions/openAV-Sorcer.git,78
MDEwOlJlcG9zaXRvcnkxMDE0OTc1NA==,2013-05-19T02:06:00Z,2026-05-05T23:26:20Z,2026-05-05T23:26:14Z,3154,False,tagd,musetronstar/tagd,git@github.com:musetronstar/tagd.git,8
MDEwOlJlcG9zaXRvcnkxMDE0MTUzMw==,2013-05-18T13:16:56Z,2026-03-15T15:11:35Z,2026-03-15T15:11:31Z,2083,False,g4sim,wuchen1106/g4sim,git@github.com:wuchen1106/g4sim.git,4
MDEwOlJlcG9zaXRvcnkxMDEyNjAzMQ==,2013-05-17T15:14:38Z,2026-05-06T16:58:13Z,2026-05-06T21:31:25Z,606620,True,mixxx,mixxxdj/mixxx,git@github.com:mixxxdj/mixxx.git,6659
MDEwOlJlcG9zaXRvcnkxMDEyNDA1OA==,2013-05-17T13:34:50Z,2026-04-29T08:36:17Z,2026-05-06T11:22:47Z,19549,True,Homegear,Homegear/Homegear,git@github.com:Homegear/Homegear.git,127
MDEwOlJlcG9zaXRvcnkxMDEyMTMyNA==,2013-05-17T10:44:30Z,2026-04-28T07:10:46Z,2026-04-28T07:11:15Z,415,True,sp-rich-core,sailfishos/sp-rich-core,git@github.com:sailfishos/sp-rich-core.git,1
MDEwOlJlcG9zaXRvcnkxMDA5NzU0Mw==,2013-05-16T08:59:22Z,2026-05-07T08:59:25Z,2026-05-07T08:59:20Z,58792,True,opm-simulators,OPM/opm-simulators,git@github.com:OPM/opm-simulators.git,149
MDEwOlJlcG9zaXRvcnkxMDA4NjAxOA==,2013-05-15T19:12:37Z,2026-05-06T18:57:45Z,2026-04-14T12:10:42Z,404,False,qlipper,pvanek/qlipper,git@github.com:pvanek/qlipper.git,109
MDEwOlJlcG9zaXRvcnkxMDA3MTY1OQ==,2013-05-15T05:35:30Z,2026-05-07T03:40:29Z,2026-05-07T03:40:24Z,26251,True,libbitcoin-system,libbitcoin/libbitcoin-system,git@github.com:libbitcoin/libbitcoin-system.git,1387
MDEwOlJlcG9zaXRvcnkxMDA2NTk0Ng==,2013-05-14T22:06:12Z,2026-05-02T14:56:32Z,2026-05-02T14:56:26Z,3612,True,gobby,gobby/gobby,git@github.com:gobby/gobby.git,583
MDEwOlJlcG9zaXRvcnkxMDA0ODMyNw==,2013-05-14T06:02:17Z,2026-04-28T07:42:46Z,2026-04-28T07:42:41Z,728,False,limonp,yanyiwu/limonp,git@github.com:yanyiwu/limonp.git,138
MDEwOlJlcG9zaXRvcnkxMDAwNjY2OA==,2013-05-11T23:23:40Z,2026-05-02T05:32:41Z,2026-03-22T14:12:28Z,124,False,hans,friedrich/hans,git@github.com:friedrich/hans.git,472
MDEwOlJlcG9zaXRvcnk5OTgwNjM2,2013-05-10T12:05:39Z,2026-05-05T22:17:27Z,2026-05-05T22:17:22Z,7575,False,bgemu,jackburton79/bgemu,git@github.com:jackburton79/bgemu.git,5
MDEwOlJlcG9zaXRvcnk5OTc3OTk5,2013-05-10T09:03:18Z,2026-04-15T22:13:36Z,2026-04-15T22:13:29Z,14218,True,dune-pdelab,dune-project/dune-pdelab,git@github.com:dune-project/dune-pdelab.git,12
MDEwOlJlcG9zaXRvcnk5OTQ4MzQ3,2013-05-08T23:48:08Z,2026-05-07T01:02:51Z,2026-05-07T01:02:46Z,54105,False,jsoncons,danielaparker/jsoncons,git@github.com:danielaparker/jsoncons.git,838
MDEwOlJlcG9zaXRvcnk5OTQyNTY1,2013-05-08T17:59:40Z,2026-05-07T04:42:59Z,2026-05-07T04:44:29Z,190131,True,plumed2,plumed/plumed2,git@github.com:plumed/plumed2.git,495
MDEwOlJlcG9zaXRvcnk5OTE5MDQx,2013-05-07T18:44:55Z,2026-04-28T16:16:16Z,2026-05-06T17:43:49Z,121208,False,megalib,zoglauer/megalib,git@github.com:zoglauer/megalib.git,49
MDEwOlJlcG9zaXRvcnk5ODgxNjcx,2013-05-06T07:34:55Z,2026-05-06T05:53:16Z,2026-05-07T11:47:53Z,670121,True,qt-creator,qt-creator/qt-creator,git@github.com:qt-creator/qt-creator.git,3005
MDEwOlJlcG9zaXRvcnk5ODgxNjM1,2013-05-06T07:32:55Z,2026-05-05T14:33:49Z,2026-05-05T14:31:56Z,18504,True,qtwayland,qt/qtwayland,git@github.com:qt/qtwayland.git,150
MDEwOlJlcG9zaXRvcnk5ODgxNjE5,2013-05-06T07:32:08Z,2026-05-07T09:56:31Z,2026-05-07T09:56:24Z,60499,True,qttools,qt/qttools,git@github.com:qt/qttools.git,226
MDEwOlJlcG9zaXRvcnk5ODgxNjA4,2013-05-06T07:31:44Z,2026-05-06T13:37:43Z,2026-05-06T13:51:10Z,8784,True,qtsvg,qt/qtsvg,git@github.com:qt/qtsvg.git,62
MDEwOlJlcG9zaXRvcnk5ODgxNTky,2013-05-06T07:31:00Z,2026-05-05T06:59:08Z,2026-05-05T06:59:04Z,4342,True,qtserialport,qt/qtserialport,git@github.com:qt/qtserialport.git,121
MDEwOlJlcG9zaXRvcnk5ODgxNTg2,2013-05-06T07:30:44Z,2026-05-05T14:38:17Z,2026-05-05T14:36:48Z,7949,True,qtsensors,qt/qtsensors,git@github.com:qt/qtsensors.git,23
MDEwOlJlcG9zaXRvcnk5ODgxNTUy,2013-05-06T07:28:49Z,2026-05-07T11:29:42Z,2026-05-07T11:29:38Z,66580,True,qtmultimedia,qt/qtmultimedia,git@github.com:qt/qtmultimedia.git,119
MDEwOlJlcG9zaXRvcnk5ODgxNTMw,2013-05-06T07:27:12Z,2026-05-06T14:02:34Z,2026-05-06T13:57:09Z,9812,True,qtimageformats,qt/qtimageformats,git@github.com:qt/qtimageformats.git,28
MDEwOlJlcG9zaXRvcnk5ODgwMzQ3,2013-05-06T06:02:01Z,2026-05-07T09:38:15Z,2026-05-07T11:14:55Z,102425,True,qtdoc,qt/qtdoc,git@github.com:qt/qtdoc.git,96
MDEwOlJlcG9zaXRvcnk5ODgwMzQ1,2013-05-06T06:01:53Z,2026-05-07T08:44:42Z,2026-05-07T08:44:37Z,302077,True,qtdeclarative,qt/qtdeclarative,git@github.com:qt/qtdeclarative.git,288
MDEwOlJlcG9zaXRvcnk5ODgwMzQy,2013-05-06T06:01:42Z,2026-05-07T11:15:34Z,2026-05-07T11:15:30Z,20624,True,qtconnectivity,qt/qtconnectivity,git@github.com:qt/qtconnectivity.git,46
MDEwOlJlcG9zaXRvcnk5ODgwMzM1,2013-05-06T06:01:22Z,2026-05-07T11:36:48Z,2026-05-07T11:36:43Z,857609,True,qtbase,qt/qtbase,git@github.com:qt/qtbase.git,3014
MDEwOlJlcG9zaXRvcnk5ODgwMzMy,2013-05-06T06:01:06Z,2026-05-05T06:42:11Z,2026-05-05T06:42:07Z,4537,True,qtactiveqt,qt/qtactiveqt,git@github.com:qt/qtactiveqt.git,20
MDEwOlJlcG9zaXRvcnk5ODgwMzI5,2013-05-06T06:00:40Z,2026-05-05T20:15:22Z,2026-05-05T20:15:17Z,179400,True,qt3d,qt/qt3d,git@github.com:qt/qt3d.git,229
MDEwOlJlcG9zaXRvcnk5ODUzMzU0,2013-05-04T11:54:20Z,2026-05-07T08:10:52Z,2026-05-07T08:10:36Z,7843,True,dune-istl,dune-project/dune-istl,git@github.com:dune-project/dune-istl.git,11
MDEwOlJlcG9zaXRvcnk5ODUzMzQx,2013-05-04T11:52:16Z,2026-05-05T12:01:50Z,2026-05-05T12:01:46Z,3317,True,dune-localfunctions,dune-project/dune-localfunctions,git@github.com:dune-project/dune-localfunctions.git,6
MDEwOlJlcG9zaXRvcnk5ODUzMjUw,2013-05-04T11:43:00Z,2026-04-30T21:02:19Z,2026-04-30T21:02:06Z,37442,True,dune-grid,dune-project/dune-grid,git@github.com:dune-project/dune-grid.git,16
MDEwOlJlcG9zaXRvcnk5ODUyOTYx,2013-05-04T11:12:46Z,2026-05-05T13:14:51Z,2026-05-05T13:12:57Z,21880,True,dune-common,dune-project/dune-common,git@github.com:dune-project/dune-common.git,32
MDEwOlJlcG9zaXRvcnk5ODQ2NjI1,2013-05-03T23:29:11Z,2026-04-30T16:58:18Z,2026-04-30T18:30:44Z,356804,True,anura,anura-engine/anura,git@github.com:anura-engine/anura.git,406
MDEwOlJlcG9zaXRvcnk5ODE5Nzk5,2013-05-02T18:32:27Z,2026-05-04T13:09:34Z,2026-05-04T13:09:29Z,135928,True,vxl,vxl/vxl,git@github.com:vxl/vxl.git,255
MDEwOlJlcG9zaXRvcnk5ODAxMjM0,2013-05-01T22:18:54Z,2026-04-18T13:38:25Z,2026-04-18T13:38:21Z,13830,False,tntnet,maekitalo/tntnet,git@github.com:maekitalo/tntnet.git,75
MDEwOlJlcG9zaXRvcnk5NzkwMDAw,2013-05-01T11:01:06Z,2026-04-30T16:12:54Z,2026-04-30T16:12:49Z,2557,False,tntdb,maekitalo/tntdb,git@github.com:maekitalo/tntdb.git,33
MDEwOlJlcG9zaXRvcnk5Nzg5OTc3,2013-05-01T10:58:44Z,2026-04-18T13:37:48Z,2026-04-18T13:37:42Z,5232,False,cxxtools,maekitalo/cxxtools,git@github.com:maekitalo/cxxtools.git,65
MDEwOlJlcG9zaXRvcnk5Nzc1NDY2,2013-04-30T16:52:03Z,2026-03-16T16:29:52Z,2026-04-24T12:53:38Z,9548,True,liblogicalaccess,liblogicalaccess/liblogicalaccess,git@github.com:liblogicalaccess/liblogicalaccess.git,268
MDEwOlJlcG9zaXRvcnk5NzUzMjgz,2013-04-29T17:03:00Z,2026-05-06T20:36:33Z,2026-03-25T18:41:30Z,314700,True,opentrack,opentrack/opentrack,git@github.com:opentrack/opentrack.git,4777
MDEwOlJlcG9zaXRvcnk5NzQ2NDc3,2013-04-29T11:17:54Z,2026-05-06T03:10:31Z,2026-04-30T19:07:42Z,411227,True,sonic-pi,sonic-pi-net/sonic-pi,git@github.com:sonic-pi-net/sonic-pi.git,11794
MDEwOlJlcG9zaXRvcnk5NzM3OTQ4,2013-04-28T23:35:33Z,2026-05-07T04:24:39Z,2026-05-07T04:24:35Z,631048,False,MirandaNG,PKRoma/MirandaNG,git@github.com:PKRoma/MirandaNG.git,11
MDEwOlJlcG9zaXRvcnk5NzA3NjUy,2013-04-27T01:59:17Z,2026-05-05T18:54:07Z,2026-05-05T18:54:03Z,61255,False,nomlib,i8degrees/nomlib,git@github.com:i8degrees/nomlib.git,5
MDEwOlJlcG9zaXRvcnk5NjkzNTM0,2013-04-26T11:16:49Z,2026-05-07T09:33:36Z,2026-05-07T09:33:30Z,108737,True,pdns,PowerDNS/pdns,git@github.com:PowerDNS/pdns.git,4355
MDEwOlJlcG9zaXRvcnk5NjkyMTY4,2013-04-26T09:45:15Z,2026-05-04T17:04:14Z,2026-05-04T17:04:10Z,208576,True,ns-3-dev-git,nsnam/ns-3-dev-git,git@github.com:nsnam/ns-3-dev-git.git,540
MDEwOlJlcG9zaXRvcnk5NjQ3ODU2,2013-04-24T13:21:10Z,2026-05-07T08:57:13Z,2026-05-04T23:27:53Z,164213,True,ZeroTierOne,zerotier/ZeroTierOne,git@github.com:zerotier/ZeroTierOne.git,16710
MDEwOlJlcG9zaXRvcnk5NjAzODg4,2013-04-22T16:49:38Z,2026-03-30T16:25:20Z,2026-03-30T16:38:33Z,6473,False,specialdlp,chengr28/specialdlp,git@github.com:chengr28/specialdlp.git,174
MDEwOlJlcG9zaXRvcnk5NTk4OTEz,2013-04-22T12:55:31Z,2026-05-06T09:16:12Z,2026-04-27T10:51:48Z,41545,True,libcloudphxx,igfuw/libcloudphxx,git@github.com:igfuw/libcloudphxx.git,21
MDEwOlJlcG9zaXRvcnk5NTgyNzA3,2013-04-21T17:09:05Z,2026-05-04T13:25:34Z,2026-05-04T13:25:30Z,222,True,frida-clr,frida/frida-clr,git@github.com:frida/frida-clr.git,102
MDEwOlJlcG9zaXRvcnk5NTQ5OTg2,2013-04-19T16:48:27Z,2026-04-01T15:59:16Z,2026-04-01T15:59:12Z,31913,True,npctransport,salilab/npctransport,git@github.com:salilab/npctransport.git,3
MDEwOlJlcG9zaXRvcnk5NTQxMjI1,2013-04-19T08:34:18Z,2026-04-09T22:10:13Z,2026-04-09T22:10:09Z,604,False,QMentat,RealGrep/QMentat,git@github.com:RealGrep/QMentat.git,6
MDEwOlJlcG9zaXRvcnk5NTE3NzIw,2013-04-18T09:13:24Z,2026-05-02T17:55:24Z,2026-04-25T20:19:57Z,98688,True,yarp,robotology/yarp,git@github.com:robotology/yarp.git,590
MDEwOlJlcG9zaXRvcnk5NDkzNjU3,2013-04-17T09:10:39Z,2026-05-06T09:46:57Z,2026-05-06T06:43:08Z,858413,True,nvdajp,nvdajp/nvdajp,git@github.com:nvdajp/nvdajp.git,37
MDEwOlJlcG9zaXRvcnk5NDYxMDcy,2013-04-16T00:30:53Z,2026-03-05T22:31:59Z,2026-04-20T02:09:55Z,26374,True,plant,traitecoevo/plant,git@github.com:traitecoevo/plant.git,54
MDEwOlJlcG9zaXRvcnk5NDU3NjIw,2013-04-15T20:32:02Z,2026-04-08T21:31:18Z,2026-04-08T21:31:08Z,213,False,LRGV,jrkasprzyk/LRGV,git@github.com:jrkasprzyk/LRGV.git,2
MDEwOlJlcG9zaXRvcnk5NDU2MzQ2,2013-04-15T19:21:27Z,2026-04-15T23:47:27Z,2026-04-15T23:47:23Z,221,True,tomid,losnoco/tomid,git@github.com:losnoco/tomid.git,6
MDEwOlJlcG9zaXRvcnk5NDMyMjIw,2013-04-14T17:13:06Z,2026-05-07T11:47:36Z,2026-05-05T22:33:42Z,4926950,True,wesnoth,wesnoth/wesnoth,git@github.com:wesnoth/wesnoth.git,6622
MDEwOlJlcG9zaXRvcnk5NDE4NDk2,2013-04-13T18:57:25Z,2026-04-16T07:01:29Z,2026-04-22T14:14:47Z,2852,True,log,boostorg/log,git@github.com:boostorg/log.git,205
MDEwOlJlcG9zaXRvcnk5NDAzOTMz,2013-04-12T21:16:46Z,2026-04-23T18:15:08Z,2026-04-13T23:07:34Z,6046,True,mapnik-vector-tile,mapbox/mapnik-vector-tile,git@github.com:mapbox/mapnik-vector-tile.git,555
MDEwOlJlcG9zaXRvcnk5NDAxMTYx,2013-04-12T18:39:57Z,2026-05-06T22:46:52Z,2026-05-07T03:52:11Z,124753,True,openvdb,AcademySoftwareFoundation/openvdb,git@github.com:AcademySoftwareFoundation/openvdb.git,3273
MDEwOlJlcG9zaXRvcnk5MzkyNTM0,2013-04-12T11:08:12Z,2026-05-07T09:25:33Z,2026-05-06T14:19:52Z,4759,False,Converseen,Faster3ck/Converseen,git@github.com:Faster3ck/Converseen.git,992
MDEwOlJlcG9zaXRvcnk5Mzg0MjY3,2013-04-12T01:47:36Z,2026-05-07T11:08:16Z,2026-05-07T00:14:57Z,200624,True,electron,electron/electron,git@github.com:electron/electron.git,121158
MDEwOlJlcG9zaXRvcnk5Mzc5ODU2,2013-04-11T20:39:04Z,2026-04-25T20:20:44Z,2026-04-21T08:41:03Z,13007,True,ogdf,ogdf/ogdf,git@github.com:ogdf/ogdf.git,387
MDEwOlJlcG9zaXRvcnk5MzU1OTg1,2013-04-10T21:05:05Z,2026-04-11T03:45:20Z,2026-04-11T03:45:11Z,37430,True,oolite-linux-dependencies,OoliteProject/oolite-linux-dependencies,git@github.com:OoliteProject/oolite-linux-dependencies.git,1
MDEwOlJlcG9zaXRvcnk5MzIzOTQ5,2013-04-09T15:01:35Z,2026-05-05T11:51:22Z,2026-04-30T12:47:05Z,1399,False,TvtPlay,xtne6f/TvtPlay,git@github.com:xtne6f/TvtPlay.git,83
MDEwOlJlcG9zaXRvcnk5MzIyMzM4,2013-04-09T13:52:12Z,2026-05-05T02:40:09Z,2026-04-30T08:38:34Z,27302,False,dvisvgm,mgieseki/dvisvgm,git@github.com:mgieseki/dvisvgm.git,361
MDEwOlJlcG9zaXRvcnk5MzA3NzU3,2013-04-08T21:56:57Z,2026-05-04T15:13:24Z,2026-04-18T14:52:38Z,269805,True,apm_planner,ArduPilot/apm_planner,git@github.com:ArduPilot/apm_planner.git,546
MDEwOlJlcG9zaXRvcnk5Mjk4MTk5,2013-04-08T14:15:59Z,2026-04-15T19:19:53Z,2026-04-15T14:17:03Z,9267,True,hexer,hobuinc/hexer,git@github.com:hobuinc/hexer.git,64
MDEwOlJlcG9zaXRvcnk5MjQ4MTc1,2013-04-05T18:50:20Z,2026-05-04T23:58:23Z,2026-05-05T00:02:31Z,3843,False,X-Wing-Revival,Raptor007/X-Wing-Revival,git@github.com:Raptor007/X-Wing-Revival.git,22
MDEwOlJlcG9zaXRvcnk5MjQ4MTU4,2013-04-05T18:49:15Z,2026-05-04T23:58:19Z,2026-05-04T23:58:15Z,1235,False,RaptorEngine,Raptor007/RaptorEngine,git@github.com:Raptor007/RaptorEngine.git,10
MDEwOlJlcG9zaXRvcnk5MTc0NDY5,2013-04-02T16:21:04Z,2026-05-04T19:11:28Z,2026-05-02T02:31:30Z,144024,True,psi4,psi4/psi4,git@github.com:psi4/psi4.git,1171
MDEwOlJlcG9zaXRvcnk5MTU3MzY1,2013-04-01T22:19:28Z,2026-04-10T10:38:45Z,2026-04-10T10:38:39Z,25,False,ofxThreadedLogger,produceconsumerobot/ofxThreadedLogger,git@github.com:produceconsumerobot/ofxThreadedLogger.git,2
MDEwOlJlcG9zaXRvcnk5MDkwOTMz,2013-03-29T02:38:48Z,2026-05-07T08:44:02Z,2026-05-06T17:27:23Z,26551,True,capnproto,capnproto/capnproto,git@github.com:capnproto/capnproto.git,13012
MDEwOlJlcG9zaXRvcnk5MDgwNjY0,2013-03-28T16:00:00Z,2026-03-11T21:31:33Z,2026-03-11T21:31:29Z,5037,False,libSEDML,fbergmann/libSEDML,git@github.com:fbergmann/libSEDML.git,9
MDEwOlJlcG9zaXRvcnk5MDQyOTIz,2013-03-26T23:48:53Z,2026-05-07T09:49:07Z,2026-05-07T09:49:04Z,1128,False,sfx-rs,tanglongwei/sfx-rs,git@github.com:tanglongwei/sfx-rs.git,0
MDEwOlJlcG9zaXRvcnk5MDM2ODUz,2013-03-26T18:08:07Z,2026-03-13T04:12:49Z,2026-03-13T04:12:45Z,8333,True,Javascript.Net,JavascriptNet/Javascript.Net,git@github.com:JavascriptNet/Javascript.Net.git,833
MDEwOlJlcG9zaXRvcnk5MDI0NDUw,2013-03-26T06:32:20Z,2026-05-05T18:55:31Z,2026-04-23T11:11:13Z,260683,True,server,CasparCG/server,git@github.com:CasparCG/server.git,1048
MDEwOlJlcG9zaXRvcnk5MDIxNDk3,2013-03-26T02:53:39Z,2026-04-12T08:38:30Z,2026-03-23T03:55:02Z,745164,True,client,CasparCG/client,git@github.com:CasparCG/client.git,315
MDEwOlJlcG9zaXRvcnk4OTg5NTMx,2013-03-24T16:57:44Z,2026-03-06T18:37:51Z,2026-03-06T18:37:49Z,35,False,jute,amir-s/jute,git@github.com:amir-s/jute.git,73
MDEwOlJlcG9zaXRvcnk4OTMwMzgz,2013-03-21T14:17:47Z,2026-05-02T18:49:41Z,2026-04-06T13:21:39Z,184,False,perfgrind,ostash/perfgrind,git@github.com:ostash/perfgrind.git,15
MDEwOlJlcG9zaXRvcnk4OTI0MzE0,2013-03-21T08:25:19Z,2026-05-05T15:44:11Z,2026-05-06T13:02:31Z,53727,True,xrootd,xrootd/xrootd,git@github.com:xrootd/xrootd.git,179
MDEwOlJlcG9zaXRvcnk4ODYzNTEz,2013-03-18T20:30:00Z,2026-03-09T12:29:38Z,2026-03-09T12:29:34Z,2244,False,SSVUtils,vittorioromeo/SSVUtils,git@github.com:vittorioromeo/SSVUtils.git,62
MDEwOlJlcG9zaXRvcnk4ODUwNTU2,2013-03-18T09:12:41Z,2026-05-02T13:38:15Z,2026-03-01T15:05:18Z,1888,True,kerberos,mongodb-js/kerberos,git@github.com:mongodb-js/kerberos.git,178
MDEwOlJlcG9zaXRvcnk4ODM2MjY2,2013-03-17T15:18:27Z,2026-05-07T08:29:31Z,2026-05-07T08:29:27Z,1149,False,j4-dmenu-desktop,enkore/j4-dmenu-desktop,git@github.com:enkore/j4-dmenu-desktop.git,743
MDEwOlJlcG9zaXRvcnk4ODM0MzE5,2013-03-17T12:51:51Z,2026-04-23T17:59:46Z,2026-04-23T17:59:42Z,20,False,robo-arm-pi,pddring/robo-arm-pi,git@github.com:pddring/robo-arm-pi.git,0
MDEwOlJlcG9zaXRvcnk4ODI4Nzk4,2013-03-17T02:38:38Z,2026-05-05T02:40:14Z,2026-05-05T02:40:10Z,2139,False,problem_solving,roba269/problem_solving,git@github.com:roba269/problem_solving.git,0
MDEwOlJlcG9zaXRvcnk4ODIyODQy,2013-03-16T17:45:39Z,2026-04-19T18:48:06Z,2026-03-01T05:26:57Z,6906,False,DSpellCheck,Predelnik/DSpellCheck,git@github.com:Predelnik/DSpellCheck.git,229
MDEwOlJlcG9zaXRvcnk4ODA0MDEx,2013-03-15T16:41:13Z,2026-05-01T19:06:38Z,2026-03-18T06:47:57Z,1793,True,fastrpc,seznam/fastrpc,git@github.com:seznam/fastrpc.git,48
MDEwOlJlcG9zaXRvcnk4NzU3NTUy,2013-03-13T17:23:57Z,2026-05-07T02:21:19Z,2026-05-06T22:38:51Z,305003,True,ardour,Ardour/ardour,git@github.com:Ardour/ardour.git,4965
MDEwOlJlcG9zaXRvcnk4NzU2MzQy,2013-03-13T16:19:16Z,2026-05-04T14:10:57Z,2026-05-06T23:31:03Z,134528,True,fifengine,fifengine/fifengine,git@github.com:fifengine/fifengine.git,576
MDEwOlJlcG9zaXRvcnk4NzM3Mjg3,2013-03-12T20:11:29Z,2026-04-30T01:39:18Z,2026-04-19T12:41:05Z,107824,True,pykep,esa/pykep,git@github.com:esa/pykep.git,408
MDEwOlJlcG9zaXRvcnk4NzM1NjE0,2013-03-12T18:47:28Z,2026-04-29T15:50:08Z,2026-03-31T18:11:44Z,2268,False,TauDEM,dtarb/TauDEM,git@github.com:dtarb/TauDEM.git,268
MDEwOlJlcG9zaXRvcnk4NzIwMTMw,2013-03-12T04:42:33Z,2026-05-04T17:52:05Z,2026-05-04T17:58:37Z,137269,True,device-os,particle-iot/device-os,git@github.com:particle-iot/device-os.git,1073
MDEwOlJlcG9zaXRvcnk4Njk3MTU0,2013-03-11T05:30:11Z,2026-04-08T16:31:20Z,2026-04-08T16:31:12Z,1943,False,le,lavv17/le,git@github.com:lavv17/le.git,57
MDEwOlJlcG9zaXRvcnk4Njg0MzI3,2013-03-10T11:35:16Z,2026-04-16T08:23:56Z,2026-04-22T14:14:48Z,893,True,type_erasure,boostorg/type_erasure,git@github.com:boostorg/type_erasure.git,18
MDEwOlJlcG9zaXRvcnk4NjQwNzIw,2013-03-08T01:40:53Z,2026-03-08T17:06:07Z,2026-03-08T17:06:04Z,10781,False,gperftools,alk/gperftools,git@github.com:alk/gperftools.git,4
MDEwOlJlcG9zaXRvcnk4NjM2Njk3,2013-03-07T21:15:52Z,2026-05-06T00:40:50Z,2026-05-04T20:19:58Z,16650,True,thermal_daemon,intel/thermal_daemon,git@github.com:intel/thermal_daemon.git,630
MDEwOlJlcG9zaXRvcnk4NjMxMDM3,2013-03-07T16:03:42Z,2026-04-16T14:52:59Z,2026-04-16T14:52:54Z,4,False,CANduino,k2OS/CANduino,git@github.com:k2OS/CANduino.git,0
MDEwOlJlcG9zaXRvcnk4NjA4MjU0,2013-03-06T16:51:39Z,2026-05-07T01:48:16Z,2026-05-07T01:47:36Z,123054,False,botan,randombit/botan,git@github.com:randombit/botan.git,3261
MDEwOlJlcG9zaXRvcnk4NTY0MDkz,2013-03-04T20:26:25Z,2026-05-07T10:21:06Z,2026-05-07T10:20:59Z,87314,True,Kassiopeia,KATRIN-Experiment/Kassiopeia,git@github.com:KATRIN-Experiment/Kassiopeia.git,56
MDEwOlJlcG9zaXRvcnk4NTU2ODY0,2013-03-04T14:12:08Z,2026-05-06T08:00:49Z,2026-05-06T11:35:59Z,75639,True,CuraEngine,Ultimaker/CuraEngine,git@github.com:Ultimaker/CuraEngine.git,1829
MDEwOlJlcG9zaXRvcnk4NTUzNDg4,2013-03-04T10:40:24Z,2026-03-12T13:07:49Z,2026-03-12T13:07:45Z,96753,True,copasi-dependencies,copasi/copasi-dependencies,git@github.com:copasi/copasi-dependencies.git,7
MDEwOlJlcG9zaXRvcnk4NTM4NTYz,2013-03-03T16:11:08Z,2026-05-04T22:01:55Z,2026-05-01T00:50:53Z,4478,True,Eluna,ElunaLuaEngine/Eluna,git@github.com:ElunaLuaEngine/Eluna.git,435
MDEwOlJlcG9zaXRvcnk4NTMyMzk3,2013-03-03T05:49:51Z,2026-05-03T22:03:35Z,2026-03-29T11:53:41Z,1716,True,qmqtt,emqx/qmqtt,git@github.com:emqx/qmqtt.git,750
MDEwOlJlcG9zaXRvcnk4NTI2MzQ3,2013-03-02T20:15:58Z,2026-05-07T06:45:35Z,2026-04-22T14:14:47Z,8737,True,compute,boostorg/compute,git@github.com:boostorg/compute.git,1652
MDEwOlJlcG9zaXRvcnk4NDg5NDU1,2013-02-28T22:21:45Z,2026-04-06T16:00:18Z,2026-04-06T16:00:08Z,1436,False,createres,Moerbius/createres,git@github.com:Moerbius/createres.git,0
MDEwOlJlcG9zaXRvcnk4NDU0OTIz,2013-02-27T11:52:34Z,2026-05-04T18:37:29Z,2026-05-04T18:37:25Z,61437,False,Gearsystem,drhelius/Gearsystem,git@github.com:drhelius/Gearsystem.git,364
MDEwOlJlcG9zaXRvcnk4NDU0MTU0,2013-02-27T10:55:38Z,2026-04-20T05:02:09Z,2026-04-19T13:02:22Z,343855,False,proxy,Jackarain/proxy,git@github.com:Jackarain/proxy.git,287
MDEwOlJlcG9zaXRvcnk4NDE2OTcw,2013-02-25T19:59:00Z,2026-04-30T02:31:33Z,2026-04-15T11:09:07Z,14913,True,calaos_base,calaos/calaos_base,git@github.com:calaos/calaos_base.git,161
MDEwOlJlcG9zaXRvcnk4NDE2NTc4,2013-02-25T19:39:24Z,2026-03-23T04:56:00Z,2026-03-23T01:58:11Z,183,True,ViSi-Genie-Arduino-Library,4dsystems/ViSi-Genie-Arduino-Library,git@github.com:4dsystems/ViSi-Genie-Arduino-Library.git,57
MDEwOlJlcG9zaXRvcnk4MzgxMDQx,2013-02-23T20:02:02Z,2026-05-07T01:42:24Z,2026-05-07T10:24:59Z,96493,True,dune,LSTS/dune,git@github.com:LSTS/dune.git,132
MDEwOlJlcG9zaXRvcnk4Mzc5NTYw,2013-02-23T18:19:04Z,2026-05-05T18:57:15Z,2026-05-05T18:57:09Z,1103,False,serial-native,calimero-project/serial-native,git@github.com:calimero-project/serial-native.git,5
MDEwOlJlcG9zaXRvcnk4MzQ0NDc2,2013-02-21T21:34:10Z,2026-05-04T09:25:43Z,2026-04-23T23:01:39Z,22603,False,octopi,aarnt/octopi,git@github.com:aarnt/octopi.git,843
MDEwOlJlcG9zaXRvcnk4MzAyMTgx,2013-02-19T23:49:37Z,2026-05-07T11:20:07Z,2026-05-07T10:21:34Z,634969,True,spine-runtimes,EsotericSoftware/spine-runtimes,git@github.com:EsotericSoftware/spine-runtimes.git,5090
MDEwOlJlcG9zaXRvcnk4MjkwMzQy,2013-02-19T13:06:31Z,2026-04-27T23:33:42Z,2026-04-27T23:33:39Z,30930,True,BRAINSTools,BRAINSia/BRAINSTools,git@github.com:BRAINSia/BRAINSTools.git,128
MDEwOlJlcG9zaXRvcnk4MjQzMDc0,2013-02-16T23:19:25Z,2026-05-06T17:57:48Z,2026-04-30T16:08:07Z,114648,False,rpi-rgb-led-matrix,hzeller/rpi-rgb-led-matrix,git@github.com:hzeller/rpi-rgb-led-matrix.git,4280
MDEwOlJlcG9zaXRvcnk4MjEwMTM4,2013-02-14T23:48:15Z,2026-04-04T19:23:17Z,2026-04-04T19:23:13Z,99157,False,ofxOMXPlayer,jvcleave/ofxOMXPlayer,git@github.com:jvcleave/ofxOMXPlayer.git,183
MDEwOlJlcG9zaXRvcnk4MjA1MjAw,2013-02-14T18:40:47Z,2026-03-26T01:44:15Z,2026-03-15T00:14:18Z,372,False,node-i2c,kelly/node-i2c,git@github.com:kelly/node-i2c.git,219
MDEwOlJlcG9zaXRvcnk4MTk0MDgx,2013-02-14T05:08:18Z,2026-04-18T16:12:52Z,2026-04-18T16:12:49Z,60684,True,phyx,FePhyFoFum/phyx,git@github.com:FePhyFoFum/phyx.git,123
MDEwOlJlcG9zaXRvcnk4MTY5OTkx,2013-02-12T23:50:45Z,2026-04-29T19:53:07Z,2026-04-29T19:53:09Z,324,True,arf,melizalab/arf,git@github.com:melizalab/arf.git,3
MDEwOlJlcG9zaXRvcnk4MTYyNjE1,2013-02-12T16:40:25Z,2026-05-07T08:38:42Z,2026-05-05T14:22:28Z,240019,True,pcl,PointCloudLibrary/pcl,git@github.com:PointCloudLibrary/pcl.git,10977
MDEwOlJlcG9zaXRvcnk4MTI2NTM2,2013-02-10T18:59:26Z,2026-05-06T17:09:34Z,2026-05-07T04:46:42Z,314519,False,orkid,tweakoz/orkid,git@github.com:tweakoz/orkid.git,34
MDEwOlJlcG9zaXRvcnk4MDgwNjQ1,2013-02-07T20:06:10Z,2026-04-27T19:08:48Z,2026-04-22T14:14:46Z,985,True,interval,boostorg/interval,git@github.com:boostorg/interval.git,31
MDEwOlJlcG9zaXRvcnk4MDgwNjQz,2013-02-07T20:05:54Z,2026-04-21T19:46:55Z,2026-04-22T14:14:47Z,445,True,lockfree,boostorg/lockfree,git@github.com:boostorg/lockfree.git,152
MDEwOlJlcG9zaXRvcnk4MDgwNjA5,2013-02-07T20:04:10Z,2026-05-05T22:58:04Z,2026-05-05T23:01:28Z,49134,True,ublas,boostorg/ublas,git@github.com:boostorg/ublas.git,120
MDEwOlJlcG9zaXRvcnk4MDgwNTg2,2013-02-07T20:03:23Z,2026-04-06T09:48:19Z,2026-04-22T14:14:46Z,4196,True,odeint,boostorg/odeint,git@github.com:boostorg/odeint.git,53
MDEwOlJlcG9zaXRvcnk4MDgwNTcy,2013-02-07T20:02:49Z,2026-05-06T13:40:58Z,2026-05-06T13:40:48Z,26771,True,multiprecision,boostorg/multiprecision,git@github.com:boostorg/multiprecision.git,254
MDEwOlJlcG9zaXRvcnk4MDgwNTM1,2013-02-07T20:01:12Z,2026-04-12T09:03:28Z,2026-04-22T14:14:47Z,345,True,heap,boostorg/heap,git@github.com:boostorg/heap.git,20
MDEwOlJlcG9zaXRvcnk4MDgwNTE0,2013-02-07T20:00:15Z,2026-04-03T12:02:21Z,2026-04-22T14:14:46Z,1974,True,atomic,boostorg/atomic,git@github.com:boostorg/atomic.git,66
MDEwOlJlcG9zaXRvcnk4MDY3NTI0,2013-02-07T06:03:59Z,2026-05-06T16:59:06Z,2026-03-28T17:16:27Z,181,False,readerwriterqueue,cameron314/readerwriterqueue,git@github.com:cameron314/readerwriterqueue.git,4550
MDEwOlJlcG9zaXRvcnk4MDQzNzU2,2013-02-06T03:25:04Z,2026-05-07T09:09:53Z,2026-05-06T18:30:57Z,284572,True,stan,stan-dev/stan,git@github.com:stan-dev/stan.git,2747
MDEwOlJlcG9zaXRvcnk4MDAyMzY4,2013-02-04T06:41:24Z,2026-05-06T19:56:53Z,2026-05-04T23:49:47Z,199055,True,speeduino,speeduino/speeduino,git@github.com:speeduino/speeduino.git,1716
MDEwOlJlcG9zaXRvcnk3OTc2NzY4,2013-02-02T14:24:42Z,2026-04-30T07:51:12Z,2026-04-30T07:51:08Z,3576457,False,questlab,prefetchnta/questlab,git@github.com:prefetchnta/questlab.git,47
MDEwOlJlcG9zaXRvcnk3OTc1ODM1,2013-02-02T12:58:54Z,2026-04-25T05:24:41Z,2026-04-23T13:48:03Z,2830,True,jk_botti,Bots-United/jk_botti,git@github.com:Bots-United/jk_botti.git,56
MDEwOlJlcG9zaXRvcnk3OTQ5MTI3,2013-02-01T00:55:06Z,2026-05-06T20:43:32Z,2026-05-06T20:43:28Z,23950,True,madronalib,madrona-labs/madronalib,git@github.com:madrona-labs/madronalib.git,323
MDEwOlJlcG9zaXRvcnk3OTQyNjYz,2013-01-31T18:27:52Z,2026-04-29T02:56:09Z,2026-04-29T02:56:05Z,2422,False,rct,Andersbakken/rct,git@github.com:Andersbakken/rct.git,22
MDEwOlJlcG9zaXRvcnk3OTM2NjA3,2013-01-31T12:45:01Z,2026-03-06T16:04:56Z,2026-04-30T07:45:29Z,26,True,consumer-onewaydelay,DPMI/consumer-onewaydelay,git@github.com:DPMI/consumer-onewaydelay.git,0
MDEwOlJlcG9zaXRvcnk3OTMxMTk2,2013-01-31T05:53:49Z,2026-05-02T07:21:15Z,2026-03-15T04:58:32Z,19986,False,hyperscan-emulator,LiraNuna/hyperscan-emulator,git@github.com:LiraNuna/hyperscan-emulator.git,33
MDEwOlJlcG9zaXRvcnk3OTIxMTc3,2013-01-30T18:45:41Z,2026-04-20T09:41:59Z,2026-04-20T09:41:54Z,164,True,midi_processing,losnoco/midi_processing,git@github.com:losnoco/midi_processing.git,16
MDEwOlJlcG9zaXRvcnk3ODg1OTM0,2013-01-29T05:23:55Z,2026-05-06T20:18:42Z,2026-05-07T06:37:02Z,954441,True,xLights,xLightsSequencer/xLights,git@github.com:xLightsSequencer/xLights.git,721
MDEwOlJlcG9zaXRvcnk3Nzk4MTkz,2013-01-24T13:12:02Z,2026-04-04T09:21:20Z,2026-04-04T09:21:17Z,5554,False,GPetersonMIS,rostam/GPetersonMIS,git@github.com:rostam/GPetersonMIS.git,1
MDEwOlJlcG9zaXRvcnk3NzkyNTky,2013-01-24T06:57:20Z,2026-05-06T18:55:02Z,2026-05-06T18:54:59Z,1131,True,robot_state_publisher,ros/robot_state_publisher,git@github.com:ros/robot_state_publisher.git,118
MDEwOlJlcG9zaXRvcnk3Nzc3NjUw,2013-01-23T15:43:41Z,2026-05-05T12:58:13Z,2026-05-06T23:50:39Z,227596,True,ANTs,ANTsX/ANTs,git@github.com:ANTsX/ANTs.git,1460
MDEwOlJlcG9zaXRvcnk3NzcyNjg0,2013-01-23T10:38:00Z,2026-05-03T05:01:12Z,2026-04-02T15:04:54Z,78,True,gmad,Facepunch/gmad,git@github.com:Facepunch/gmad.git,154
MDEwOlJlcG9zaXRvcnk3NzY4MDkz,2013-01-23T05:05:51Z,2026-04-16T02:46:23Z,2026-04-27T04:07:58Z,5177,True,node-addon-examples,nodejs/node-addon-examples,git@github.com:nodejs/node-addon-examples.git,2589
MDEwOlJlcG9zaXRvcnk3NzU2MDA4,2013-01-22T16:19:09Z,2026-04-23T02:22:25Z,2026-04-23T02:22:20Z,304,True,scifio-imageio,scifio/scifio-imageio,git@github.com:scifio/scifio-imageio.git,16
MDEwOlJlcG9zaXRvcnk3NzE2MTM1,2013-01-20T12:32:46Z,2026-04-26T16:30:20Z,2026-04-26T16:30:17Z,35819,False,AstroPhotography,AndreasFMueller/AstroPhotography,git@github.com:AndreasFMueller/AstroPhotography.git,11
MDEwOlJlcG9zaXRvcnk3NzExNDcy,2013-01-20T01:50:30Z,2026-05-07T11:45:41Z,2026-05-07T11:45:35Z,6438,True,zeal,zealdocs/zeal,git@github.com:zealdocs/zeal.git,12620
MDEwOlJlcG9zaXRvcnk3NzAwMDgx,2013-01-19T06:10:53Z,2026-05-07T05:41:14Z,2026-05-07T08:08:04Z,242512,True,fs2open.github.com,scp-fs2open/fs2open.github.com,git@github.com:scp-fs2open/fs2open.github.com.git,467
MDEwOlJlcG9zaXRvcnk3Njc3ODQ1,2013-01-18T01:13:34Z,2026-05-01T19:30:52Z,2026-05-06T04:23:43Z,145883,True,EQEmu,EQEmu/EQEmu,git@github.com:EQEmu/EQEmu.git,613
MDEwOlJlcG9zaXRvcnk3Njc1OTI5,2013-01-17T22:43:22Z,2026-05-05T20:04:56Z,2026-04-05T10:27:02Z,9675,True,sddm,sddm/sddm,git@github.com:sddm/sddm.git,2268
MDEwOlJlcG9zaXRvcnk3NjMyOTMy,2013-01-15T20:44:17Z,2026-03-10T12:52:40Z,2026-03-10T12:52:38Z,41422,False,faunus,mlund/faunus,git@github.com:mlund/faunus.git,72
MDEwOlJlcG9zaXRvcnk3NTkwMDMz,2013-01-13T15:59:34Z,2026-05-05T22:08:19Z,2026-05-05T22:08:14Z,12273,True,container,boostorg/container,git@github.com:boostorg/container.git,121
MDEwOlJlcG9zaXRvcnk3NTkwMDMx,2013-01-13T15:59:33Z,2026-03-03T15:27:24Z,2026-04-22T14:14:47Z,5250,True,locale,boostorg/locale,git@github.com:boostorg/locale.git,40
MDEwOlJlcG9zaXRvcnk3NTkwMDI3,2013-01-13T15:59:31Z,2026-05-01T14:59:57Z,2026-05-01T15:00:23Z,993,True,system,boostorg/system,git@github.com:boostorg/system.git,44
MDEwOlJlcG9zaXRvcnk3NTkwMDI2,2013-01-13T15:59:30Z,2026-05-06T00:52:14Z,2026-05-06T00:52:08Z,4551,True,phoenix,boostorg/phoenix,git@github.com:boostorg/phoenix.git,33
MDEwOlJlcG9zaXRvcnk3NTkwMDI1,2013-01-13T15:59:30Z,2026-04-19T22:48:53Z,2026-04-22T14:14:46Z,1223,True,move,boostorg/move,git@github.com:boostorg/move.git,25
MDEwOlJlcG9zaXRvcnk3NTkwMDIx,2013-01-13T15:59:29Z,2026-05-07T06:45:36Z,2026-05-06T19:08:46Z,50987,True,geometry,boostorg/geometry,git@github.com:boostorg/geometry.git,510
MDEwOlJlcG9zaXRvcnk3NTkwMDIz,2013-01-13T15:59:29Z,2026-04-27T12:12:03Z,2026-04-23T23:39:52Z,4752,True,config,boostorg/config,git@github.com:boostorg/config.git,76
MDEwOlJlcG9zaXRvcnk3NTkwMDE0,2013-01-13T15:59:26Z,2026-04-23T13:20:35Z,2026-04-23T15:36:29Z,8724,True,statechart,boostorg/statechart,git@github.com:boostorg/statechart.git,32
MDEwOlJlcG9zaXRvcnk3NTkwMDE1,2013-01-13T15:59:26Z,2026-04-23T23:15:28Z,2026-04-23T23:15:46Z,1998,True,proto,boostorg/proto,git@github.com:boostorg/proto.git,23
MDEwOlJlcG9zaXRvcnk3NTkwMDEy,2013-01-13T15:59:25Z,2026-04-28T18:33:26Z,2026-04-28T18:33:34Z,321,True,inspect,boostorg/inspect,git@github.com:boostorg/inspect.git,9
MDEwOlJlcG9zaXRvcnk3NTkwMDA5,2013-01-13T15:59:24Z,2026-05-02T14:16:56Z,2026-04-25T18:31:13Z,16808,True,serialization,boostorg/serialization,git@github.com:boostorg/serialization.git,133
MDEwOlJlcG9zaXRvcnk3NTkwMDA4,2013-01-13T15:59:23Z,2026-05-07T06:53:03Z,2026-04-22T14:14:47Z,8813,True,thread,boostorg/thread,git@github.com:boostorg/thread.git,216
MDEwOlJlcG9zaXRvcnk3NTkwMDA2,2013-01-13T15:59:22Z,2026-05-07T06:57:28Z,2026-04-22T14:14:47Z,80193,True,gil,boostorg/gil,git@github.com:boostorg/gil.git,198
MDEwOlJlcG9zaXRvcnk3NTkwMDA1,2013-01-13T15:59:22Z,2026-04-25T17:51:40Z,2026-04-25T17:52:30Z,1380,True,variant,boostorg/variant,git@github.com:boostorg/variant.git,47
MDEwOlJlcG9zaXRvcnk3NTkwMDA0,2013-01-13T15:59:21Z,2026-05-07T06:53:09Z,2026-04-22T14:14:47Z,11581,True,test,boostorg/test,git@github.com:boostorg/test.git,212
MDEwOlJlcG9zaXRvcnk3NTkwMDAw,2013-01-13T15:59:20Z,2026-05-05T11:26:27Z,2026-05-05T11:28:02Z,13339,True,filesystem,boostorg/filesystem,git@github.com:boostorg/filesystem.git,177
MDEwOlJlcG9zaXRvcnk3NTkwMDAx,2013-01-13T15:59:20Z,2026-05-02T13:32:02Z,2026-04-26T19:21:23Z,1922,True,program_options,boostorg/program_options,git@github.com:boostorg/program_options.git,130
MDEwOlJlcG9zaXRvcnk3NTkwMDAy,2013-01-13T15:59:20Z,2026-05-07T06:58:12Z,2026-04-22T14:14:47Z,977,True,uuid,boostorg/uuid,git@github.com:boostorg/uuid.git,116
MDEwOlJlcG9zaXRvcnk3NTg5OTk4,2013-01-13T15:59:19Z,2026-05-07T06:58:16Z,2026-05-05T00:32:42Z,21155,True,regex,boostorg/regex,git@github.com:boostorg/regex.git,112
MDEwOlJlcG9zaXRvcnk3NTg5OTk0,2013-01-13T15:59:18Z,2026-05-06T12:06:39Z,2026-04-22T14:14:46Z,8051,True,interprocess,boostorg/interprocess,git@github.com:boostorg/interprocess.git,177
MDEwOlJlcG9zaXRvcnk3NTg5OTk1,2013-01-13T15:59:18Z,2026-04-24T14:00:04Z,2026-04-28T14:44:33Z,1621,True,dynamic_bitset,boostorg/dynamic_bitset,git@github.com:boostorg/dynamic_bitset.git,44
MDEwOlJlcG9zaXRvcnk3NTg5OTkx,2013-01-13T15:59:17Z,2026-05-05T14:29:49Z,2026-05-06T19:28:40Z,23697,True,wave,boostorg/wave,git@github.com:boostorg/wave.git,29
MDEwOlJlcG9zaXRvcnk3NTg5OTg5,2013-01-13T15:59:16Z,2026-03-13T15:32:53Z,2026-04-22T14:14:47Z,531,True,bcp,boostorg/bcp,git@github.com:boostorg/bcp.git,23
MDEwOlJlcG9zaXRvcnk3NTg5OTg1,2013-01-13T15:59:14Z,2026-05-07T06:45:41Z,2026-05-06T01:56:37Z,29449,True,graph,boostorg/graph,git@github.com:boostorg/graph.git,379
MDEwOlJlcG9zaXRvcnk3NTg5OTgy,2013-01-13T15:59:12Z,2026-04-03T12:02:20Z,2026-04-22T14:14:46Z,1126,True,format,boostorg/format,git@github.com:boostorg/format.git,30
MDEwOlJlcG9zaXRvcnk3NTg5OTc3,2013-01-13T15:59:10Z,2026-05-06T21:08:25Z,2026-05-06T21:08:20Z,4937,True,exception,boostorg/exception,git@github.com:boostorg/exception.git,17
MDEwOlJlcG9zaXRvcnk3NTg5OTc1,2013-01-13T15:59:09Z,2026-04-19T23:07:11Z,2026-04-22T14:14:46Z,5679,True,intrusive,boostorg/intrusive,git@github.com:boostorg/intrusive.git,64
MDEwOlJlcG9zaXRvcnk3NTg5OTc2,2013-01-13T15:59:09Z,2026-04-25T17:36:08Z,2026-04-25T18:02:31Z,6965,True,quickbook,boostorg/quickbook,git@github.com:boostorg/quickbook.git,15
MDEwOlJlcG9zaXRvcnk3NTg5OTc0,2013-01-13T15:59:08Z,2026-04-27T14:11:26Z,2026-04-22T14:14:48Z,27670,True,unordered,boostorg/unordered,git@github.com:boostorg/unordered.git,91
MDEwOlJlcG9zaXRvcnk3NTg5OTY4,2013-01-13T15:59:06Z,2026-05-05T23:44:15Z,2026-04-26T21:39:24Z,21039,True,python,boostorg/python,git@github.com:boostorg/python.git,527
MDEwOlJlcG9zaXRvcnk3NTg5OTY3,2013-01-13T15:59:06Z,2026-04-24T09:45:27Z,2026-04-24T09:45:22Z,2673,True,multi_index,boostorg/multi_index,git@github.com:boostorg/multi_index.git,57
MDEwOlJlcG9zaXRvcnk3NTg5OTY2,2013-01-13T15:59:05Z,2026-05-05T12:54:30Z,2026-05-05T15:24:12Z,1278,True,integer,boostorg/integer,git@github.com:boostorg/integer.git,20
MDEwOlJlcG9zaXRvcnk3NTg5OTY0,2013-01-13T15:59:04Z,2026-03-04T17:07:59Z,2026-04-22T14:14:48Z,4641,True,random,boostorg/random,git@github.com:boostorg/random.git,40
MDEwOlJlcG9zaXRvcnk3NTg5OTU3,2013-01-13T15:59:02Z,2026-04-30T09:40:49Z,2026-04-22T14:14:46Z,1831,True,function,boostorg/function,git@github.com:boostorg/function.git,26
MDEwOlJlcG9zaXRvcnk3NTg5OTU0,2013-01-13T15:59:00Z,2026-04-23T13:21:31Z,2026-04-23T15:38:26Z,184,True,tokenizer,boostorg/tokenizer,git@github.com:boostorg/tokenizer.git,30
MDEwOlJlcG9zaXRvcnk3NTg5OTUx,2013-01-13T15:58:59Z,2026-04-09T14:56:24Z,2026-04-22T14:14:47Z,1233,True,multi_array,boostorg/multi_array,git@github.com:boostorg/multi_array.git,33
MDEwOlJlcG9zaXRvcnk3NTg5OTQ1,2013-01-13T15:58:57Z,2026-05-07T06:45:16Z,2026-04-22T14:14:45Z,21323,True,asio,boostorg/asio,git@github.com:boostorg/asio.git,1568
MDEwOlJlcG9zaXRvcnk3NTg5OTQ3,2013-01-13T15:58:57Z,2026-05-06T00:51:51Z,2026-05-06T00:51:42Z,111565,True,spirit,boostorg/spirit,git@github.com:boostorg/spirit.git,431
MDEwOlJlcG9zaXRvcnk3NTg5OTQ0,2013-01-13T15:58:56Z,2026-05-06T20:38:08Z,2026-05-06T20:39:18Z,22576,True,msm,boostorg/msm,git@github.com:boostorg/msm.git,39
MDEwOlJlcG9zaXRvcnk3NTg5OTQy,2013-01-13T15:58:55Z,2026-05-07T06:45:37Z,2026-05-06T17:09:39Z,213714,True,math,boostorg/math,git@github.com:boostorg/math.git,365
MDEwOlJlcG9zaXRvcnk3NTg5OTM3,2013-01-13T15:58:53Z,2026-04-07T13:49:02Z,2026-04-22T14:14:47Z,33577,True,build,boostorg/build,git@github.com:boostorg/build.git,247
MDEwOlJlcG9zaXRvcnk3NTg5OTM2,2013-01-13T15:58:52Z,2026-05-02T13:01:24Z,2026-04-22T14:14:47Z,1328,True,property_tree,boostorg/property_tree,git@github.com:boostorg/property_tree.git,62
MDEwOlJlcG9zaXRvcnk3NTg5OTE3,2013-01-13T15:58:08Z,2026-04-10T17:14:26Z,2026-04-22T14:14:47Z,977,True,signals2,boostorg/signals2,git@github.com:boostorg/signals2.git,87
MDEwOlJlcG9zaXRvcnk3NTg5OTE1,2013-01-13T15:58:06Z,2026-03-14T17:31:33Z,2026-04-22T14:14:46Z,6197,True,mpl,boostorg/mpl,git@github.com:boostorg/mpl.git,65
MDEwOlJlcG9zaXRvcnk3NTg5OTEz,2013-01-13T15:58:03Z,2026-04-25T19:37:52Z,2026-04-25T19:46:12Z,1283,True,mpi,boostorg/mpi,git@github.com:boostorg/mpi.git,64
MDEwOlJlcG9zaXRvcnk3NTg5OTEw,2013-01-13T15:58:01Z,2026-04-29T16:55:09Z,2026-04-22T14:14:46Z,4282,True,bimap,boostorg/bimap,git@github.com:boostorg/bimap.git,25
MDEwOlJlcG9zaXRvcnk3NTg5OTA4,2013-01-13T15:57:57Z,2026-04-23T13:21:32Z,2026-04-23T13:20:54Z,8538,True,pool,boostorg/pool,git@github.com:boostorg/pool.git,56
MDEwOlJlcG9zaXRvcnk3NTg5OTA3,2013-01-13T15:57:56Z,2026-05-06T08:26:04Z,2026-04-22T14:14:46Z,3903,True,algorithm,boostorg/algorithm,git@github.com:boostorg/algorithm.git,128
MDEwOlJlcG9zaXRvcnk3NTU5NzYw,2013-01-11T12:53:20Z,2026-05-04T05:16:35Z,2026-03-16T14:16:03Z,2042,False,Celero,DigitalInBlue/Celero,git@github.com:DigitalInBlue/Celero.git,861
MDEwOlJlcG9zaXRvcnk3NTMzMzU0,2013-01-10T02:52:47Z,2026-05-05T15:52:16Z,2026-05-07T08:21:18Z,1532772,True,SAM,NatLabRockies/SAM,git@github.com:NatLabRockies/SAM.git,448
MDEwOlJlcG9zaXRvcnk3NTE3MTY2,2013-01-09T08:06:15Z,2026-05-06T22:47:09Z,2026-03-19T18:04:22Z,98401,False,Carla,falkTX/Carla,git@github.com:falkTX/Carla.git,2072
MDEwOlJlcG9zaXRvcnk3NTEyNDg0,2013-01-09T00:58:52Z,2026-05-07T07:59:25Z,2026-05-07T03:30:03Z,599356,True,ardupilot,ArduPilot/ardupilot,git@github.com:ArduPilot/ardupilot.git,15026
MDEwOlJlcG9zaXRvcnk3NDkwNzYz,2013-01-07T22:03:59Z,2026-04-10T10:38:37Z,2026-04-10T10:38:31Z,784,False,ofxOscilloscope,produceconsumerobot/ofxOscilloscope,git@github.com:produceconsumerobot/ofxOscilloscope.git,8
MDEwOlJlcG9zaXRvcnk3NDgyMzIy,2013-01-07T12:55:39Z,2026-04-17T10:06:20Z,2026-05-06T13:13:45Z,185991,False,tascar,gisogrimm/tascar,git@github.com:gisogrimm/tascar.git,42
MDEwOlJlcG9zaXRvcnk3NDU0MTk3,2013-01-05T10:10:48Z,2026-05-06T23:45:03Z,2026-05-07T10:55:32Z,35563,True,yosys,YosysHQ/yosys,git@github.com:YosysHQ/yosys.git,4430
MDEwOlJlcG9zaXRvcnk3NDExNDIx,2013-01-02T18:40:47Z,2026-04-29T15:21:11Z,2026-04-29T15:33:57Z,4343,True,CereLink,CerebusOSS/CereLink,git@github.com:CerebusOSS/CereLink.git,61
MDEwOlJlcG9zaXRvcnk3NDExMjAx,2013-01-02T18:22:19Z,2026-05-06T09:03:10Z,2026-05-06T09:03:06Z,4012,False,eclib,JohnCremona/eclib,git@github.com:JohnCremona/eclib.git,29
MDEwOlJlcG9zaXRvcnk3NDA2Njg1,2013-01-02T12:56:15Z,2026-05-02T08:46:35Z,2026-05-02T10:02:11Z,1223,True,libmatroska,Matroska-Org/libmatroska,git@github.com:Matroska-Org/libmatroska.git,366
MDEwOlJlcG9zaXRvcnk3NDA2Njc4,2013-01-02T12:55:31Z,2026-05-02T08:42:01Z,2026-05-02T08:41:57Z,1351,True,libebml,Matroska-Org/libebml,git@github.com:Matroska-Org/libebml.git,161
MDEwOlJlcG9zaXRvcnk3Mzk4NjI1,2013-01-01T20:14:24Z,2026-04-30T20:41:07Z,2026-04-12T20:06:00Z,122900,True,dxx-rebirth,dxx-rebirth/dxx-rebirth,git@github.com:dxx-rebirth/dxx-rebirth.git,612
MDEwOlJlcG9zaXRvcnk3MzMxMjI3,2012-12-26T19:50:17Z,2026-05-07T01:57:36Z,2026-05-06T23:46:45Z,24069,False,conky,brndnmtthws/conky,git@github.com:brndnmtthws/conky.git,8329
MDEwOlJlcG9zaXRvcnk3MzA3MzYz,2012-12-24T13:11:11Z,2026-05-07T09:36:16Z,2026-03-19T08:36:42Z,3051,False,HDiffPatch,sisong/HDiffPatch,git@github.com:sisong/HDiffPatch.git,2010
MDEwOlJlcG9zaXRvcnk3MjgwMTAw,2012-12-21T22:38:25Z,2026-04-07T13:48:54Z,2026-03-26T12:29:22Z,195,False,xxhash,nashby/xxhash,git@github.com:nashby/xxhash.git,141
MDEwOlJlcG9zaXRvcnk3MjYzMDEw,2012-12-20T19:25:11Z,2026-05-05T22:57:02Z,2026-03-07T13:31:32Z,154439,False,bowtie2,BenLangmead/bowtie2,git@github.com:BenLangmead/bowtie2.git,789
MDEwOlJlcG9zaXRvcnk3MjU1Mjc2,2012-12-20T09:36:19Z,2026-04-17T20:04:15Z,2026-04-17T20:04:11Z,6662,False,bootil,garrynewman/bootil,git@github.com:garrynewman/bootil.git,78
MDEwOlJlcG9zaXRvcnk3MDc5MTQ5,2012-12-09T13:44:44Z,2026-05-01T19:06:37Z,2026-04-21T07:49:41Z,9869,False,live555,rgaufman/live555,git@github.com:rgaufman/live555.git,859
MDEwOlJlcG9zaXRvcnk3MDY3NTMy,2012-12-08T13:17:01Z,2026-04-29T13:39:40Z,2026-04-29T13:35:14Z,40686,False,treefrog-framework,treefrogframework/treefrog-framework,git@github.com:treefrogframework/treefrog-framework.git,1369
MDEwOlJlcG9zaXRvcnk3MDU2MjAy,2012-12-07T16:26:46Z,2026-05-07T03:07:54Z,2026-05-03T14:37:47Z,17744,True,fmt,fmtlib/fmt,git@github.com:fmtlib/fmt.git,23473
MDEwOlJlcG9zaXRvcnk3MDIwNDQ4,2012-12-05T16:17:03Z,2026-04-30T03:09:20Z,2026-04-22T14:14:46Z,13350,True,fiber,boostorg/fiber,git@github.com:boostorg/fiber.git,500
MDEwOlJlcG9zaXRvcnk2OTk0OTA2,2012-12-04T05:29:25Z,2026-04-29T02:48:53Z,2026-05-06T12:20:23Z,1067545,True,T3000_Building_Automation_System,temcocontrols/T3000_Building_Automation_System,git@github.com:temcocontrols/T3000_Building_Automation_System.git,80
MDEwOlJlcG9zaXRvcnk2OTg3MzUz,2012-12-03T18:36:36Z,2026-05-05T05:20:21Z,2026-05-01T15:23:35Z,8315,False,amgcl,ddemidov/amgcl,git@github.com:ddemidov/amgcl.git,849
MDEwOlJlcG9zaXRvcnk2OTg2MTI1,2012-12-03T17:07:02Z,2026-04-13T06:51:53Z,2026-04-05T16:50:15Z,16882,False,sview,gkv311/sview,git@github.com:gkv311/sview.git,130
MDEwOlJlcG9zaXRvcnk2OTgxMjU4,2012-12-03T11:36:20Z,2026-05-07T06:14:05Z,2026-05-06T20:55:57Z,80881,False,qlcplus,mcallegari/qlcplus,git@github.com:mcallegari/qlcplus.git,1416
MDEwOlJlcG9zaXRvcnk2OTU3OTU3,2012-12-01T18:53:11Z,2026-04-26T02:23:21Z,2026-04-08T18:43:27Z,18047,True,sc3-plugins,supercollider/sc3-plugins,git@github.com:supercollider/sc3-plugins.git,534
MDEwOlJlcG9zaXRvcnk2OTQ2MDc5,2012-11-30T21:33:29Z,2026-05-07T01:29:57Z,2026-05-07T11:39:12Z,267491,True,embree,RenderKit/embree,git@github.com:RenderKit/embree.git,2691
MDEwOlJlcG9zaXRvcnk2OTM1OTc0,2012-11-30T08:48:10Z,2026-03-24T14:18:31Z,2026-03-24T14:18:20Z,5489,True,Open3DMotion,Open3DMotionGroup/Open3DMotion,git@github.com:Open3DMotionGroup/Open3DMotion.git,5
MDEwOlJlcG9zaXRvcnk2OTM0Mzk1,2012-11-30T06:16:18Z,2026-05-07T11:19:00Z,2026-05-07T11:26:44Z,239730,True,rocksdb,facebook/rocksdb,org-69631@github.com:facebook/rocksdb.git,31650
MDEwOlJlcG9zaXRvcnk2OTMwNDg5,2012-11-29T23:35:52Z,2026-05-07T01:46:58Z,2026-05-06T23:36:22Z,34285,True,watchman,facebook/watchman,org-69631@github.com:facebook/watchman.git,13574
MDEwOlJlcG9zaXRvcnk2OTA4MjI0,2012-11-28T19:26:41Z,2026-04-16T14:56:22Z,2026-05-06T20:27:36Z,46603,True,EGSnrc,nrc-cnrc/EGSnrc,git@github.com:nrc-cnrc/EGSnrc.git,299
MDEwOlJlcG9zaXRvcnk2OTAyNjA1,2012-11-28T13:44:11Z,2026-05-05T12:56:59Z,2026-05-05T12:58:22Z,27836,True,licode,lynckia/licode,git@github.com:lynckia/licode.git,3141
MDEwOlJlcG9zaXRvcnk2OTAxOTk2,2012-11-28T13:00:10Z,2026-05-07T08:35:36Z,2026-05-07T08:35:31Z,3171,False,misc,herumi/misc,git@github.com:herumi/misc.git,62
MDEwOlJlcG9zaXRvcnk2ODY5NDQ2,2012-11-26T17:30:45Z,2026-04-24T14:36:46Z,2026-04-08T21:16:44Z,30799,True,SlicerIGT,SlicerIGT/SlicerIGT,git@github.com:SlicerIGT/SlicerIGT.git,110
MDEwOlJlcG9zaXRvcnk2ODI5MjA0,2012-11-23T15:18:26Z,2026-05-06T09:40:00Z,2026-05-07T08:52:01Z,178015,True,mangos-tbc,cmangos/mangos-tbc,git@github.com:cmangos/mangos-tbc.git,503
MDEwOlJlcG9zaXRvcnk2NzkxNDgx,2012-11-21T07:07:59Z,2026-04-20T07:34:23Z,2026-04-20T14:37:58Z,906,True,image_transport_plugins,ros-perception/image_transport_plugins,git@github.com:ros-perception/image_transport_plugins.git,76
MDEwOlJlcG9zaXRvcnk2Nzg3MTgy,2012-11-20T23:39:05Z,2026-05-07T05:43:54Z,2026-05-07T06:21:31Z,23824,True,OsmAnd-core,osmandapp/OsmAnd-core,git@github.com:osmandapp/OsmAnd-core.git,132
MDEwOlJlcG9zaXRvcnk2Nzc3MDU1,2012-11-20T11:50:22Z,2026-05-03T11:42:22Z,2026-05-03T11:43:14Z,1892,False,cDCL,ekoeppen/cDCL,git@github.com:ekoeppen/cDCL.git,6
MDEwOlJlcG9zaXRvcnk2NzYzODE3,2012-11-19T16:56:50Z,2026-04-16T03:09:51Z,2026-03-25T22:19:10Z,10202,True,ssr,SoundScapeRenderer/ssr,git@github.com:SoundScapeRenderer/ssr.git,154
MDEwOlJlcG9zaXRvcnk2NzQ3MjEy,2012-11-18T13:59:59Z,2026-04-28T13:49:21Z,2026-04-23T18:50:10Z,96242,True,resiprocate,resiprocate/resiprocate,git@github.com:resiprocate/resiprocate.git,781
MDEwOlJlcG9zaXRvcnk2NzMwNDUy,2012-11-17T00:43:58Z,2026-04-17T22:45:24Z,2026-03-28T15:51:21Z,396006,True,legion,StanfordLegion/legion,git@github.com:StanfordLegion/legion.git,757
MDEwOlJlcG9zaXRvcnk2NzE2MjUy,2012-11-16T04:12:22Z,2026-04-14T11:05:44Z,2026-04-14T11:05:39Z,20722,False,urnest,urnest/urnest,git@github.com:urnest/urnest.git,3
MDEwOlJlcG9zaXRvcnk2Njg4NjE3,2012-11-14T14:04:58Z,2026-05-05T06:01:58Z,2026-05-05T06:02:19Z,25028,True,enchant,winlibs/enchant,git@github.com:winlibs/enchant.git,6
MDEwOlJlcG9zaXRvcnk2NjYwNTEw,2012-11-12T20:57:05Z,2026-04-12T15:38:11Z,2026-04-15T00:03:16Z,43602,True,HoverRace,HoverRace/HoverRace,git@github.com:HoverRace/HoverRace.git,33
MDEwOlJlcG9zaXRvcnk2NjI3MTk1,2012-11-10T12:13:18Z,2026-05-01T03:31:36Z,2026-05-06T15:51:41Z,5887,False,swarm,torognes/swarm,git@github.com:torognes/swarm.git,147
MDEwOlJlcG9zaXRvcnk2NjI0ODQ4,2012-11-10T05:57:00Z,2026-04-25T04:26:20Z,2026-04-25T05:02:40Z,2884,False,jfbview,jichu4n/jfbview,git@github.com:jichu4n/jfbview.git,117
MDEwOlJlcG9zaXRvcnk2NjE5MTc4,2012-11-09T20:00:30Z,2026-05-05T16:15:10Z,2026-05-05T16:15:03Z,251432,True,bde,bloomberg/bde,git@github.com:bloomberg/bde.git,1809
MDEwOlJlcG9zaXRvcnk2NjA4ODgw,2012-11-09T05:09:11Z,2026-03-08T19:16:05Z,2026-03-11T00:14:17Z,40759,True,adobe_source_libraries,stlab/adobe_source_libraries,git@github.com:stlab/adobe_source_libraries.git,295
MDEwOlJlcG9zaXRvcnk2NjA0NzE5,2012-11-08T22:19:44Z,2026-04-23T02:20:46Z,2026-04-23T02:20:42Z,84503,True,ITKTubeTK,InsightSoftwareConsortium/ITKTubeTK,git@github.com:InsightSoftwareConsortium/ITKTubeTK.git,55
MDEwOlJlcG9zaXRvcnk2NjAzMjU0,2012-11-08T20:59:22Z,2026-05-06T19:52:47Z,2026-05-06T19:52:43Z,15231,True,giada,monocasual/giada,git@github.com:monocasual/giada.git,1999
MDEwOlJlcG9zaXRvcnk2NTY4Njk3,2012-11-06T20:15:51Z,2026-05-07T11:38:33Z,2026-05-04T12:52:42Z,90230,True,CloudCompare,CloudCompare/CloudCompare,git@github.com:CloudCompare/CloudCompare.git,4499
MDEwOlJlcG9zaXRvcnk2NTY3MjE2,2012-11-06T18:42:04Z,2026-05-07T09:40:47Z,2026-05-06T21:38:50Z,31271,True,loot,loot/loot,git@github.com:loot/loot.git,1743
MDEwOlJlcG9zaXRvcnk2NTM4NjUy,2012-11-05T03:10:03Z,2026-04-27T20:37:06Z,2026-04-09T10:49:19Z,174,False,d2vsource,dwbuiten/d2vsource,git@github.com:dwbuiten/d2vsource.git,36
MDEwOlJlcG9zaXRvcnk2NTMyMDUx,2012-11-04T15:34:20Z,2026-05-06T11:31:00Z,2026-05-06T11:45:35Z,39670,True,etjump,etjump/etjump,git@github.com:etjump/etjump.git,25
MDEwOlJlcG9zaXRvcnk2NTIwNzg0,2012-11-03T15:16:18Z,2026-05-07T10:35:21Z,2026-05-07T03:38:58Z,154404,True,rpcs3,RPCS3/rpcs3,git@github.com:RPCS3/rpcs3.git,18715
MDEwOlJlcG9zaXRvcnk2NTAwMjU2,2012-11-02T02:20:12Z,2026-04-26T18:54:30Z,2026-04-26T18:54:28Z,17640,False,openmrn,bakerstu/openmrn,git@github.com:bakerstu/openmrn.git,63
MDEwOlJlcG9zaXRvcnk2NDk3NjEz,2012-11-01T21:47:58Z,2026-04-03T13:10:22Z,2026-04-03T13:10:15Z,1433,False,SSVStart,vittorioromeo/SSVStart,git@github.com:vittorioromeo/SSVStart.git,17
MDEwOlJlcG9zaXRvcnk2NDg2ODI2,2012-11-01T08:41:48Z,2026-05-07T11:10:03Z,2026-05-06T10:45:28Z,351642,False,ppsspp,hrydgard/ppsspp,git@github.com:hrydgard/ppsspp.git,13767
MDEwOlJlcG9zaXRvcnk2NDc3MjUw,2012-10-31T16:41:30Z,2026-04-15T08:53:33Z,2026-04-15T08:53:28Z,70956,True,libmpdataxx,igfuw/libmpdataxx,git@github.com:igfuw/libmpdataxx.git,12
MDEwOlJlcG9zaXRvcnk2NDc0NjQ3,2012-10-31T13:50:50Z,2026-05-06T18:58:49Z,2026-05-06T18:58:44Z,151003,True,casadi,casadi/casadi,git@github.com:casadi/casadi.git,2206
MDEwOlJlcG9zaXRvcnk2NDY2MzI0,2012-10-30T23:47:56Z,2026-04-17T09:37:43Z,2026-03-16T21:25:31Z,776,True,joystick_drivers,ros-drivers/joystick_drivers,git@github.com:ros-drivers/joystick_drivers.git,269
MDEwOlJlcG9zaXRvcnk2NDUyNTI5,2012-10-30T05:37:47Z,2026-05-05T12:23:40Z,2026-03-28T06:10:59Z,283668,True,rethinkdb,rethinkdb/rethinkdb,git@github.com:rethinkdb/rethinkdb.git,26996
MDEwOlJlcG9zaXRvcnk2NDUxMjMw,2012-10-30T02:59:29Z,2026-05-07T11:30:01Z,2026-05-07T11:30:21Z,913680,True,gambit,GambitBSM/gambit,git@github.com:GambitBSM/gambit.git,15
MDEwOlJlcG9zaXRvcnk2NDUwNjQ0,2012-10-30T01:54:09Z,2026-05-06T14:34:07Z,2026-05-06T14:37:13Z,9593,True,diagnostics,ros/diagnostics,git@github.com:ros/diagnostics.git,151
MDEwOlJlcG9zaXRvcnk2NDQwNDM4,2012-10-29T12:51:17Z,2026-05-05T12:38:09Z,2026-05-05T12:38:03Z,278543,True,arts,atmtools/arts,git@github.com:atmtools/arts.git,94
MDEwOlJlcG9zaXRvcnk2NDExODk4,2012-10-26T23:35:36Z,2026-05-03T14:35:27Z,2026-05-03T14:35:28Z,1427,False,tapkee,lisitsyn/tapkee,git@github.com:lisitsyn/tapkee.git,234
MDEwOlJlcG9zaXRvcnk2MzgzODY5,2012-10-25T08:02:15Z,2026-04-30T11:14:13Z,2026-04-30T11:13:53Z,170358,True,seqan,seqan/seqan,git@github.com:seqan/seqan.git,502
MDEwOlJlcG9zaXRvcnk2Mzc3ODg4,2012-10-24T21:30:24Z,2026-04-20T17:27:18Z,2026-04-20T17:27:11Z,2178,True,dosbox-libretro,libretro/dosbox-libretro,git@github.com:libretro/dosbox-libretro.git,64
MDEwOlJlcG9zaXRvcnk2Mzc2MzM3,2012-10-24T19:39:16Z,2026-05-06T16:22:49Z,2026-05-06T10:26:48Z,166379,True,poco,pocoproject/poco,git@github.com:pocoproject/poco.git,9416
MDEwOlJlcG9zaXRvcnk2MzY5NTYz,2012-10-24T12:30:25Z,2026-03-24T11:45:13Z,2026-03-24T11:45:09Z,2362,True,SOLAS-Match-Backend,TheRosettaFoundation/SOLAS-Match-Backend,git@github.com:TheRosettaFoundation/SOLAS-Match-Backend.git,4
MDEwOlJlcG9zaXRvcnk2MzQ5MzA1,2012-10-23T08:44:18Z,2026-03-05T13:57:58Z,2026-04-28T05:47:51Z,1034,True,icemon,icecc/icemon,git@github.com:icecc/icemon.git,96
MDEwOlJlcG9zaXRvcnk2MzQ5MTg2,2012-10-23T08:33:43Z,2026-05-06T22:47:15Z,2026-03-04T22:13:20Z,5126,True,icecream,icecc/icecream,git@github.com:icecc/icecream.git,1795
MDEwOlJlcG9zaXRvcnk2MzQ4MzAz,2012-10-23T07:15:46Z,2026-04-02T12:50:03Z,2026-04-02T12:49:54Z,51670,True,ecell4_base,ecell/ecell4_base,git@github.com:ecell/ecell4_base.git,62
MDEwOlJlcG9zaXRvcnk2MzQ1MjU2,2012-10-23T01:44:32Z,2026-04-26T07:14:03Z,2026-04-08T22:08:25Z,104617,True,openvanilla,openvanilla/openvanilla,git@github.com:openvanilla/openvanilla.git,520
MDEwOlJlcG9zaXRvcnk2MzMzNzUx,2012-10-22T11:19:03Z,2026-05-06T10:54:20Z,2026-04-06T10:33:55Z,1088,True,codebrowser,KDAB/codebrowser,git@github.com:KDAB/codebrowser.git,1170
MDEwOlJlcG9zaXRvcnk2MzA3MjY2,2012-10-20T09:30:52Z,2026-05-03T07:09:37Z,2026-04-08T13:04:21Z,214,True,srdfdom,moveit/srdfdom,git@github.com:moveit/srdfdom.git,22
MDEwOlJlcG9zaXRvcnk2MzAxNDI3,2012-10-19T20:48:36Z,2026-03-28T12:10:34Z,2026-05-04T15:54:52Z,17315,True,tmwa,themanaworld/tmwa,git@github.com:themanaworld/tmwa.git,68
MDEwOlJlcG9zaXRvcnk2MjQwMzA1,2012-10-16T07:08:39Z,2026-04-26T13:45:29Z,2026-04-26T13:45:25Z,1338,False,SchiffbruchEngine,Lirrec/SchiffbruchEngine,git@github.com:Lirrec/SchiffbruchEngine.git,4
MDEwOlJlcG9zaXRvcnk2MjEyNDcx,2012-10-14T10:11:41Z,2026-04-27T14:29:10Z,2026-04-27T14:28:12Z,9767,True,amsynth,amsynth/amsynth,git@github.com:amsynth/amsynth.git,492
MDEwOlJlcG9zaXRvcnk2MTQ4MzE3,2012-10-09T21:39:58Z,2026-05-07T09:30:44Z,2026-05-07T09:31:30Z,478873,True,gdal,OSGeo/gdal,git@github.com:OSGeo/gdal.git,5895
MDEwOlJlcG9zaXRvcnk2MTQ1OTgw,2012-10-09T19:00:58Z,2026-05-02T09:32:09Z,2026-04-03T20:10:24Z,569,True,laser_filters,ros-perception/laser_filters,git@github.com:ros-perception/laser_filters.git,228
MDEwOlJlcG9zaXRvcnk2MTQ1ODM0,2012-10-09T18:49:39Z,2026-05-06T19:49:37Z,2026-05-06T19:49:34Z,240,True,laser_geometry,ros-perception/laser_geometry,git@github.com:ros-perception/laser_geometry.git,162
MDEwOlJlcG9zaXRvcnk2MTE0MjI4,2012-10-07T17:00:29Z,2026-03-28T22:09:05Z,2026-03-28T22:09:02Z,19,False,vstminihost,ekenberg/vstminihost,git@github.com:ekenberg/vstminihost.git,10
MDEwOlJlcG9zaXRvcnk2MDgzMDk1,2012-10-04T22:38:06Z,2026-04-15T22:32:15Z,2026-05-06T06:41:26Z,22330,False,vampire,richard-evans/vampire,git@github.com:richard-evans/vampire.git,151
MDEwOlJlcG9zaXRvcnk2MDc2OTA0,2012-10-04T14:49:49Z,2026-04-29T23:13:34Z,2026-04-29T23:13:55Z,1230,True,perception_pcl,ros-perception/perception_pcl,git@github.com:ros-perception/perception_pcl.git,469
MDEwOlJlcG9zaXRvcnk2MDcxOTY5,2012-10-04T07:20:57Z,2026-05-01T22:41:16Z,2026-05-06T14:20:11Z,42480,False,SLADE,sirjuddington/SLADE,git@github.com:sirjuddington/SLADE.git,837
MDEwOlJlcG9zaXRvcnk2MDYxMzMz,2012-10-03T14:34:36Z,2026-05-07T00:17:39Z,2026-05-07T11:16:02Z,2568,False,raytracer,tkadauke/raytracer,git@github.com:tkadauke/raytracer.git,3
MDEwOlJlcG9zaXRvcnk2MDQ1NTAw,2012-10-02T13:48:32Z,2026-05-01T16:22:27Z,2026-05-01T16:22:20Z,23008,False,xl,c3d/xl,git@github.com:c3d/xl.git,284
MDEwOlJlcG9zaXRvcnk2MDQzMTU4,2012-10-02T10:17:54Z,2026-03-17T08:55:31Z,2026-03-17T08:55:27Z,613,False,h5xx,fhoefling/h5xx,git@github.com:fhoefling/h5xx.git,25
MDEwOlJlcG9zaXRvcnk2MDI3Mzgw,2012-10-01T08:56:02Z,2026-04-13T17:08:46Z,2026-03-17T11:21:51Z,2839,True,bond_core,ros/bond_core,git@github.com:ros/bond_core.git,42
MDEwOlJlcG9zaXRvcnk2MDAzNDg5,2012-09-28T21:43:26Z,2026-04-25T00:35:45Z,2026-04-24T13:16:34Z,1151,False,erlexec,saleyn/erlexec,git@github.com:saleyn/erlexec.git,593
MDEwOlJlcG9zaXRvcnk1OTk2MTMx,2012-09-28T11:13:48Z,2026-04-26T02:09:07Z,2026-04-06T20:44:35Z,107,False,sparsebundlefs,torarnv/sparsebundlefs,git@github.com:torarnv/sparsebundlefs.git,364
MDEwOlJlcG9zaXRvcnk1OTgzMTgy,2012-09-27T14:07:59Z,2026-04-11T09:58:53Z,2026-04-13T02:19:27Z,38183,False,george,dfm/george,git@github.com:dfm/george.git,462
MDEwOlJlcG9zaXRvcnk1OTczODU1,2012-09-26T22:57:43Z,2026-05-07T11:30:02Z,2026-05-07T09:30:02Z,12535657,True,Cataclysm-DDA,CleverRaven/Cataclysm-DDA,git@github.com:CleverRaven/Cataclysm-DDA.git,12307
MDEwOlJlcG9zaXRvcnk1OTIyMzEw,2012-09-23T13:31:08Z,2026-05-06T07:09:00Z,2026-04-21T20:42:06Z,290324,False,real-time-cpp,ckormanyos/real-time-cpp,git@github.com:ckormanyos/real-time-cpp.git,785
MDEwOlJlcG9zaXRvcnk1OTA5NzA2,2012-09-22T02:38:32Z,2026-05-07T11:39:33Z,2026-05-06T12:36:40Z,5568,False,cpp-httplib,yhirose/cpp-httplib,git@github.com:yhirose/cpp-httplib.git,16442
MDEwOlJlcG9zaXRvcnk1OTA3MjMy,2012-09-21T20:49:30Z,2026-03-18T15:00:34Z,2026-03-18T15:05:18Z,781,True,Lima-camera-basler,esrf-bliss/Lima-camera-basler,git@github.com:esrf-bliss/Lima-camera-basler.git,4
MDEwOlJlcG9zaXRvcnk1OTA3MTc0,2012-09-21T20:44:43Z,2026-03-25T07:48:01Z,2026-03-25T07:50:21Z,1499,True,Lima-camera-prosilica,esrf-bliss/Lima-camera-prosilica,git@github.com:esrf-bliss/Lima-camera-prosilica.git,0
MDEwOlJlcG9zaXRvcnk1OTA3MTM2,2012-09-21T20:41:28Z,2026-03-13T21:57:35Z,2026-03-13T21:57:32Z,12464,True,Lima,esrf-bliss/Lima,git@github.com:esrf-bliss/Lima.git,39
MDEwOlJlcG9zaXRvcnk1OTAwMjc3,2012-09-21T11:06:30Z,2026-05-05T15:39:14Z,2026-04-22T21:13:01Z,5355,True,epanet-rtx,OpenWaterAnalytics/epanet-rtx,git@github.com:OpenWaterAnalytics/epanet-rtx.git,64
MDEwOlJlcG9zaXRvcnk1ODc1MDMw,2012-09-19T16:50:51Z,2026-05-05T11:13:14Z,2026-05-01T07:08:48Z,12101,True,fcl,flexible-collision-library/fcl,git@github.com:flexible-collision-library/fcl.git,1693
MDEwOlJlcG9zaXRvcnk1ODY2NTU5,2012-09-19T03:32:32Z,2026-04-02T23:15:22Z,2026-04-02T23:15:23Z,140,True,hpxc,STEllAR-GROUP/hpxc,git@github.com:STEllAR-GROUP/hpxc.git,7
MDEwOlJlcG9zaXRvcnk1ODY0Mzkw,2012-09-18T23:22:14Z,2026-04-17T16:19:40Z,2026-04-30T15:54:06Z,7273,True,interactive_markers,ros-visualization/interactive_markers,git@github.com:ros-visualization/interactive_markers.git,41
MDEwOlJlcG9zaXRvcnk1ODYwNzM2,2012-09-18T18:15:03Z,2026-05-05T10:39:16Z,2026-05-05T10:39:08Z,13106,True,rviz,ros-visualization/rviz,git@github.com:ros-visualization/rviz.git,954
MDEwOlJlcG9zaXRvcnk1ODQ2OTA0,2012-09-17T20:30:02Z,2026-05-05T15:07:52Z,2026-05-05T15:06:47Z,31718,True,flare-engine,flareteam/flare-engine,git@github.com:flareteam/flare-engine.git,1237
MDEwOlJlcG9zaXRvcnk1ODQwOTgw,2012-09-17T12:56:51Z,2026-05-03T23:03:34Z,2026-05-03T23:03:30Z,42095,False,ikaros,ikaros-project/ikaros,git@github.com:ikaros-project/ikaros.git,24
MDEwOlJlcG9zaXRvcnk1ODE2NjU0,2012-09-15T01:42:13Z,2026-05-05T22:44:43Z,2026-05-03T11:09:19Z,19856,True,Arcade-Learning-Environment,Farama-Foundation/Arcade-Learning-Environment,git@github.com:Farama-Foundation/Arcade-Learning-Environment.git,2418
MDEwOlJlcG9zaXRvcnk1ODA4NTE1,2012-09-14T11:35:15Z,2026-05-06T21:14:14Z,2026-05-06T23:33:42Z,287174,True,htcondor,htcondor/htcondor,git@github.com:htcondor/htcondor.git,314
MDEwOlJlcG9zaXRvcnk1ODA1MTUx,2012-09-14T05:40:51Z,2026-05-04T15:13:13Z,2026-05-01T12:34:38Z,541410,False,openrave,rdiankov/openrave,git@github.com:rdiankov/openrave.git,801
MDEwOlJlcG9zaXRvcnk1Nzg4OTA5,2012-09-13T02:20:43Z,2026-05-06T15:32:44Z,2026-05-06T15:26:09Z,683,True,pluginlib,ros/pluginlib,git@github.com:ros/pluginlib.git,65
MDEwOlJlcG9zaXRvcnk1NzM2MDgw,2012-09-09T08:25:02Z,2026-05-07T11:30:01Z,2026-05-06T22:43:55Z,2504330,True,FreeCAD,FreeCAD/FreeCAD,git@github.com:FreeCAD/FreeCAD.git,30783
MDEwOlJlcG9zaXRvcnk1NzAwMzE3,2012-09-06T09:51:01Z,2026-05-06T19:33:28Z,2026-05-06T19:45:46Z,1288,True,image_common,ros-perception/image_common,git@github.com:ros-perception/image_common.git,146
MDEwOlJlcG9zaXRvcnk1NjY0NTM2,2012-09-03T21:58:11Z,2026-05-01T16:16:15Z,2026-04-26T23:31:07Z,6828,True,nestopia,0ldsk00l/nestopia,git@github.com:0ldsk00l/nestopia.git,897
MDEwOlJlcG9zaXRvcnk1NjYxNDAy,2012-09-03T16:37:00Z,2026-04-19T12:21:51Z,2026-04-27T19:35:36Z,24091,True,Tasks,jrl-umi3218/Tasks,git@github.com:jrl-umi3218/Tasks.git,105
MDEwOlJlcG9zaXRvcnk1NjU5NDUy,2012-09-03T13:46:36Z,2026-04-21T08:12:02Z,2026-04-16T14:47:42Z,805130,False,vscp,grodansparadis/vscp,git@github.com:grodansparadis/vscp.git,55
MDEwOlJlcG9zaXRvcnk1NjUyNDI5,2012-09-02T22:33:24Z,2026-05-06T19:26:55Z,2026-05-06T19:26:50Z,88612,False,Meridian59,Meridian59/Meridian59,git@github.com:Meridian59/Meridian59.git,492
MDEwOlJlcG9zaXRvcnk1NjMzODA3,2012-08-31T20:42:47Z,2026-05-06T15:27:59Z,2026-05-06T15:24:49Z,737,True,class_loader,ros/class_loader,git@github.com:ros/class_loader.git,44
MDEwOlJlcG9zaXRvcnk1NjI2NDc0,2012-08-31T08:49:16Z,2026-04-29T12:56:20Z,2026-03-07T14:43:13Z,3139,True,OIS,wgois/OIS,git@github.com:wgois/OIS.git,279
MDEwOlJlcG9zaXRvcnk1NjAwOTMy,2012-08-29T13:33:22Z,2026-05-07T05:41:48Z,2026-05-07T05:42:47Z,105436,True,mne-cpp,mne-tools/mne-cpp,git@github.com:mne-tools/mne-cpp.git,170
MDEwOlJlcG9zaXRvcnk1NTkyOTMx,2012-08-28T22:15:05Z,2026-05-07T11:04:26Z,2026-04-28T09:29:39Z,27400,True,image_pipeline,ros-perception/image_pipeline,git@github.com:ros-perception/image_pipeline.git,944
MDEwOlJlcG9zaXRvcnk1NTkxMDE5,2012-08-28T19:37:19Z,2026-04-26T20:34:40Z,2026-04-26T20:34:34Z,2076,False,pajeng,schnorr/pajeng,git@github.com:schnorr/pajeng.git,17
MDEwOlJlcG9zaXRvcnk1NTgyMDU1,2012-08-28T06:57:33Z,2026-04-29T22:26:47Z,2026-04-29T23:14:01Z,38182,True,rmf,salilab/rmf,git@github.com:salilab/rmf.git,9
MDEwOlJlcG9zaXRvcnk1NTYxNTg1,2012-08-26T16:23:58Z,2026-05-07T05:00:55Z,2026-04-26T16:14:47Z,117657,True,mangos-classic,cmangos/mangos-classic,git@github.com:cmangos/mangos-classic.git,1019
MDEwOlJlcG9zaXRvcnk1NTU5Mjc3,2012-08-26T10:43:29Z,2026-05-03T21:11:41Z,2026-05-03T08:16:38Z,189831,True,mangos-wotlk,cmangos/mangos-wotlk,git@github.com:cmangos/mangos-wotlk.git,541
MDEwOlJlcG9zaXRvcnk1NTUwNjIz,2012-08-25T10:44:53Z,2026-05-07T09:37:26Z,2026-05-07T09:37:21Z,233561,True,client,owncloud/client,git@github.com:owncloud/client.git,1475
MDEwOlJlcG9zaXRvcnk1NTM0NTE0,2012-08-24T01:13:26Z,2026-04-17T03:10:45Z,2026-04-18T02:33:33Z,5189,True,cusplibrary,cusplibrary/cusplibrary,git@github.com:cusplibrary/cusplibrary.git,422
MDEwOlJlcG9zaXRvcnk1NTMzOTM2,2012-08-23T23:44:54Z,2026-05-03T19:18:50Z,2026-05-06T00:41:24Z,55650,True,pgmodeler,nullptrlabs/pgmodeler,git@github.com:nullptrlabs/pgmodeler.git,3539
MDEwOlJlcG9zaXRvcnk1NTAzNDMy,2012-08-22T01:38:27Z,2026-05-05T22:13:59Z,2026-05-05T22:13:55Z,10857,False,TIPL,frankyeh/TIPL,git@github.com:frankyeh/TIPL.git,23
MDEwOlJlcG9zaXRvcnk1NDk5MTc4,2012-08-21T18:34:17Z,2026-05-05T02:36:46Z,2026-05-05T02:36:42Z,412324,False,DSI-Studio,frankyeh/DSI-Studio,git@github.com:frankyeh/DSI-Studio.git,154
MDEwOlJlcG9zaXRvcnk1NDgxOTM4,2012-08-20T14:03:58Z,2026-05-05T09:21:51Z,2026-05-05T09:30:56Z,3369455,False,HEPfit,silvest/HEPfit,git@github.com:silvest/HEPfit.git,20
MDEwOlJlcG9zaXRvcnk1NDc0ODIy,2012-08-19T22:25:02Z,2026-05-06T18:53:21Z,2026-05-06T18:53:17Z,765,True,ros_tutorials,ros/ros_tutorials,git@github.com:ros/ros_tutorials.git,917
MDEwOlJlcG9zaXRvcnk1NDU1MzQ2,2012-08-17T17:37:14Z,2026-05-04T15:13:11Z,2026-04-19T11:55:04Z,18299,False,ELFIO,serge1/ELFIO,git@github.com:serge1/ELFIO.git,865
MDEwOlJlcG9zaXRvcnk1NDUzODkx,2012-08-17T15:21:14Z,2026-04-19T12:20:03Z,2026-04-19T12:19:59Z,1310,False,AnyELF,serge1/AnyELF,git@github.com:serge1/AnyELF.git,10
MDEwOlJlcG9zaXRvcnk1NDQ5NTcz,2012-08-17T08:07:43Z,2026-03-30T19:36:46Z,2026-03-30T19:36:43Z,20,False,charges,beliaevs/charges,git@github.com:beliaevs/charges.git,0
MDEwOlJlcG9zaXRvcnk1NDQ3ODE0,2012-08-17T03:59:37Z,2026-04-23T11:52:48Z,2026-03-29T09:15:01Z,28827,True,qfs,quantcast/qfs,git@github.com:quantcast/qfs.git,648
MDEwOlJlcG9zaXRvcnk1NDIxMjk2,2012-08-15T02:44:30Z,2026-05-07T11:46:22Z,2026-03-27T19:49:36Z,5928,True,tinyobjloader,tinyobjloader/tinyobjloader,git@github.com:tinyobjloader/tinyobjloader.git,3789
MDEwOlJlcG9zaXRvcnk1Mzg0NjMy,2012-08-12T00:09:33Z,2026-05-07T07:32:31Z,2026-05-07T07:32:37Z,1050,False,libtorrent-webui,arvidn/libtorrent-webui,git@github.com:arvidn/libtorrent-webui.git,54
MDEwOlJlcG9zaXRvcnk1MzQ5NDI4,2012-08-09T00:44:58Z,2026-05-04T09:44:56Z,2026-04-15T16:19:12Z,2550,False,pstack,peadar/pstack,git@github.com:peadar/pstack.git,211
MDEwOlJlcG9zaXRvcnk1MzQ2MDIx,2012-08-08T19:00:34Z,2026-04-18T07:46:26Z,2026-04-18T07:46:12Z,1305,False,lexertl,BenHanson/lexertl,git@github.com:BenHanson/lexertl.git,63
MDEwOlJlcG9zaXRvcnk1MzM4NTg3,2012-08-08T07:38:08Z,2026-04-03T20:47:11Z,2026-04-03T20:47:07Z,10303,False,Thea,sidch/Thea,git@github.com:sidch/Thea.git,105
MDEwOlJlcG9zaXRvcnk1MzIxMzE1,2012-08-07T00:07:40Z,2026-05-06T23:57:54Z,2026-05-06T23:58:58Z,223799,True,crown,crownengine/crown,git@github.com:crownengine/crown.git,2384
MDEwOlJlcG9zaXRvcnk1Mjk4Nzkw,2012-08-04T21:19:36Z,2026-05-07T11:09:06Z,2026-05-07T11:31:06Z,546194,True,PX4-Autopilot,PX4/PX4-Autopilot,git@github.com:PX4/PX4-Autopilot.git,11662
MDEwOlJlcG9zaXRvcnk1MjQxMzEy,2012-07-31T04:05:25Z,2026-05-06T21:16:27Z,2026-05-07T03:03:17Z,181899,True,Halide,halide/Halide,git@github.com:halide/Halide.git,6517
MDEwOlJlcG9zaXRvcnk1MTcwMDM0,2012-07-24T19:17:49Z,2026-04-09T20:20:39Z,2026-04-09T20:20:35Z,51465,False,cpp-drash,edvorg/cpp-drash,git@github.com:edvorg/cpp-drash.git,5
MDEwOlJlcG9zaXRvcnk1MTU0NTY1,2012-07-23T16:51:12Z,2026-04-06T08:42:49Z,2026-04-06T08:42:48Z,1834,False,Sioux,TorstenRobitzki/Sioux,git@github.com:TorstenRobitzki/Sioux.git,20
MDEwOlJlcG9zaXRvcnk1MTMzOTQ5,2012-07-21T13:49:59Z,2026-05-07T08:50:39Z,2026-04-29T02:07:23Z,55221,True,swoole-src,swoole/swoole-src,git@github.com:swoole/swoole-src.git,18863
MDEwOlJlcG9zaXRvcnk1MTE2MDU0,2012-07-19T21:45:46Z,2026-05-05T13:07:50Z,2026-05-04T18:37:10Z,75876,False,Gearboy,drhelius/Gearboy,git@github.com:drhelius/Gearboy.git,1126
MDEwOlJlcG9zaXRvcnk1MTA4MDUx,2012-07-19T09:40:17Z,2026-05-07T10:33:01Z,2026-05-07T05:15:02Z,556680,True,opencv,opencv/opencv,git@github.com:opencv/opencv.git,87366
MDEwOlJlcG9zaXRvcnk1MTAzMTQx,2012-07-18T23:21:42Z,2026-05-07T10:57:28Z,2026-05-07T07:28:59Z,218066,False,hikyuu,fasiondog/hikyuu,git@github.com:fasiondog/hikyuu.git,3118
MDEwOlJlcG9zaXRvcnk1MDc4NTYx,2012-07-17T07:23:49Z,2026-04-12T04:13:46Z,2026-04-12T04:13:35Z,4512,True,stella2014-libretro,libretro/stella2014-libretro,git@github.com:libretro/stella2014-libretro.git,27
MDEwOlJlcG9zaXRvcnk1MDY5NDU5,2012-07-16T15:40:16Z,2026-03-18T17:01:20Z,2026-03-18T17:01:05Z,6466,True,plfs-core,plfs/plfs-core,git@github.com:plfs/plfs-core.git,42
MDEwOlJlcG9zaXRvcnk1MDY3MTcx,2012-07-16T12:35:43Z,2026-03-19T12:17:13Z,2026-05-04T20:14:24Z,16125,True,KDSoap,KDAB/KDSoap,git@github.com:KDAB/KDSoap.git,153
MDEwOlJlcG9zaXRvcnk1MDUwNTI1,2012-07-14T19:50:26Z,2026-05-07T06:44:35Z,2026-05-06T23:27:10Z,115191,True,harfbuzz,harfbuzz/harfbuzz,git@github.com:harfbuzz/harfbuzz.git,5616
MDEwOlJlcG9zaXRvcnk1MDUwNTEz,2012-07-14T19:49:03Z,2026-05-01T15:21:40Z,2026-03-30T15:57:05Z,2193,False,glyphy,behdad/glyphy,git@github.com:behdad/glyphy.git,838
MDEwOlJlcG9zaXRvcnk1MDQ5NTQx,2012-07-14T17:38:36Z,2026-04-30T08:53:54Z,2026-03-02T09:23:48Z,28066,False,mytetra_dev,xintrea/mytetra_dev,git@github.com:xintrea/mytetra_dev.git,257
MDEwOlJlcG9zaXRvcnk1MDIxNzUy,2012-07-13T16:14:14Z,2026-03-12T10:27:51Z,2026-04-22T14:14:47Z,8617,True,safe_numerics,boostorg/safe_numerics,git@github.com:boostorg/safe_numerics.git,221
MDEwOlJlcG9zaXRvcnk1MDA3NTE4,2012-07-12T17:44:00Z,2026-04-27T09:53:25Z,2026-04-27T09:53:21Z,1715,False,fractgen,dreibh/fractgen,git@github.com:dreibh/fractgen.git,3
MDEwOlJlcG9zaXRvcnk1MDAwODA1,2012-07-12T08:23:14Z,2026-03-23T04:19:44Z,2026-03-23T04:19:38Z,772,True,xapian-evaluation,xapian/xapian-evaluation,git@github.com:xapian/xapian-evaluation.git,7
MDEwOlJlcG9zaXRvcnk0OTczMjA0,2012-07-10T11:53:40Z,2026-05-07T00:14:26Z,2026-05-07T00:14:22Z,143008,False,playground,deniscostadsc/playground,git@github.com:deniscostadsc/playground.git,21
MDEwOlJlcG9zaXRvcnk0OTMyMzQ4,2012-07-06T23:22:19Z,2026-04-08T23:17:08Z,2026-04-08T23:17:02Z,105,True,capstats,zeek/capstats,git@github.com:zeek/capstats.git,12
MDEwOlJlcG9zaXRvcnk0OTMwNzE2,2012-07-06T20:30:16Z,2026-05-07T10:34:48Z,2026-05-07T02:10:42Z,259797,True,zeek,zeek/zeek,git@github.com:zeek/zeek.git,7633
MDEwOlJlcG9zaXRvcnk0OTIzMzAx,2012-07-06T10:51:03Z,2026-05-06T21:16:37Z,2026-04-25T21:59:01Z,6470,False,pugixml,zeux/pugixml,git@github.com:zeux/pugixml.git,4563
MDEwOlJlcG9zaXRvcnk0ODM4NDQ5,2012-06-30T00:02:34Z,2026-05-01T21:38:09Z,2026-03-24T08:10:59Z,32454,False,dgd,dworkin/dgd,git@github.com:dworkin/dgd.git,110
MDEwOlJlcG9zaXRvcnk0ODI3NTI3,2012-06-29T01:10:44Z,2026-04-04T17:30:17Z,2026-04-04T17:30:14Z,1095727,False,cookiedough,visualizersdotnl/cookiedough,git@github.com:visualizersdotnl/cookiedough.git,19
MDEwOlJlcG9zaXRvcnk0ODI2NzM3,2012-06-28T23:05:32Z,2026-05-02T17:31:32Z,2026-04-02T19:11:45Z,9393,False,Gamma,LancePutnam/Gamma,git@github.com:LancePutnam/Gamma.git,492
MDEwOlJlcG9zaXRvcnk0ODI1NjYw,2012-06-28T21:08:20Z,2026-05-03T16:14:51Z,2026-05-03T16:14:47Z,10826,True,GLV,AlloSphere-Research-Group/GLV,git@github.com:AlloSphere-Research-Group/GLV.git,61
MDEwOlJlcG9zaXRvcnk0ODIzNTg0,2012-06-28T17:42:07Z,2026-04-20T11:27:46Z,2026-04-20T11:27:41Z,21097,True,corevoikko,voikko/corevoikko,git@github.com:voikko/corevoikko.git,104
MDEwOlJlcG9zaXRvcnk0ODEwODgx,2012-06-27T16:35:48Z,2026-05-06T20:21:51Z,2026-03-13T14:19:12Z,114598,True,COPASI,copasi/COPASI,git@github.com:copasi/COPASI.git,126
MDEwOlJlcG9zaXRvcnk0Nzk3MTQ3,2012-06-26T15:50:06Z,2026-05-01T20:20:14Z,2026-05-01T20:20:09Z,5878,True,FastPFOR,fast-pack/FastPFOR,git@github.com:fast-pack/FastPFOR.git,965
MDEwOlJlcG9zaXRvcnk0Nzg3NTY3,2012-06-25T21:18:38Z,2026-04-10T16:18:56Z,2026-04-30T11:50:09Z,12962,True,opm-upscaling,OPM/opm-upscaling,git@github.com:OPM/opm-upscaling.git,14
MDEwOlJlcG9zaXRvcnk0Nzg3NTM1,2012-06-25T21:16:36Z,2026-05-06T13:13:41Z,2026-05-06T13:13:34Z,8389,True,opm-grid,OPM/opm-grid,git@github.com:OPM/opm-grid.git,27
MDEwOlJlcG9zaXRvcnk0NzQyNDQz,2012-06-21T17:58:37Z,2026-05-07T00:22:59Z,2026-05-07T00:22:54Z,235778,True,imp,salilab/imp,git@github.com:salilab/imp.git,81
MDEwOlJlcG9zaXRvcnk0NzA4Nzgz,2012-06-19T02:51:22Z,2026-05-04T15:20:27Z,2026-05-04T15:21:38Z,3562,True,imu_tools,CCNYRoboticsLab/imu_tools,git@github.com:CCNYRoboticsLab/imu_tools.git,1099
MDEwOlJlcG9zaXRvcnk0NzAzNTQx,2012-06-18T16:55:17Z,2026-04-10T19:09:53Z,2026-03-03T23:44:09Z,1445,False,Heap-Layers,emeryberger/Heap-Layers,git@github.com:emeryberger/Heap-Layers.git,411
MDEwOlJlcG9zaXRvcnk0NzAxMTgx,2012-06-18T13:27:16Z,2026-04-26T13:03:47Z,2026-04-26T13:03:41Z,39612,False,DieHard,emeryberger/DieHard,git@github.com:emeryberger/DieHard.git,420
MDEwOlJlcG9zaXRvcnk0NjUzMTA1,2012-06-13T16:09:47Z,2026-05-01T05:19:33Z,2026-05-01T05:19:30Z,787,False,gzcom-dll,nsgomez/gzcom-dll,git@github.com:nsgomez/gzcom-dll.git,39
MDEwOlJlcG9zaXRvcnk0NjA3MDQz,2012-06-09T12:21:04Z,2026-05-06T19:08:33Z,2026-05-06T19:08:28Z,138116,True,ags,adventuregamestudio/ags,git@github.com:adventuregamestudio/ags.git,819
MDEwOlJlcG9zaXRvcnk0NjAwODgz,2012-06-08T18:40:39Z,2026-05-02T17:59:13Z,2026-05-02T17:59:10Z,17169,True,gjs,GNOME/gjs,git@github.com:GNOME/gjs.git,179
MDEwOlJlcG9zaXRvcnk0NTk4NzY5,2012-06-08T15:14:49Z,2026-05-06T20:03:16Z,2026-05-06T07:20:54Z,29233,True,gparted,GNOME/gparted,git@github.com:GNOME/gparted.git,356
MDEwOlJlcG9zaXRvcnk0NTgwMTI5,2012-06-07T01:48:41Z,2026-05-03T20:21:46Z,2026-05-03T20:21:42Z,34793,True,gnote,GNOME/gnote,git@github.com:GNOME/gnote.git,57
MDEwOlJlcG9zaXRvcnk0NTY4Mzk1,2012-06-06T03:30:36Z,2026-04-09T05:03:23Z,2026-04-09T05:03:14Z,421637,False,chaotic-rage,TheJosh/chaotic-rage,git@github.com:TheJosh/chaotic-rage.git,37
MDEwOlJlcG9zaXRvcnk0NTQ3NDY3,2012-06-04T13:35:21Z,2026-04-29T22:38:50Z,2026-04-28T15:31:51Z,156004,False,MMF2Exts,SortaCore/MMF2Exts,git@github.com:SortaCore/MMF2Exts.git,46
MDEwOlJlcG9zaXRvcnk0NTM5MTY3,2012-06-03T17:40:19Z,2026-05-07T11:49:02Z,2026-05-07T11:48:56Z,43429,True,qpdf,qpdf/qpdf,git@github.com:qpdf/qpdf.git,5018
MDEwOlJlcG9zaXRvcnk0NTM0MzUz,2012-06-03T03:01:16Z,2026-05-03T23:58:05Z,2026-05-03T23:58:01Z,29991,True,gnome-system-monitor,GNOME/gnome-system-monitor,git@github.com:GNOME/gnome-system-monitor.git,89
MDEwOlJlcG9zaXRvcnk0NTM0MzMy,2012-06-03T02:57:48Z,2026-05-05T16:18:20Z,2026-04-17T08:14:34Z,32607,True,vte,GNOME/vte,git@github.com:GNOME/vte.git,199
MDEwOlJlcG9zaXRvcnk0NTMyMjM3,2012-06-02T20:30:45Z,2026-04-28T05:51:22Z,2026-05-03T04:49:57Z,14507,True,avogadroapp,OpenChemistry/avogadroapp,git@github.com:OpenChemistry/avogadroapp.git,250
MDEwOlJlcG9zaXRvcnk0NTMwNDg0,2012-06-02T16:03:15Z,2026-05-05T18:25:20Z,2026-04-06T08:14:47Z,39686,True,gnome-terminal,GNOME/gnome-terminal,git@github.com:GNOME/gnome-terminal.git,311
MDEwOlJlcG9zaXRvcnk0NTI0MTgx,2012-06-01T20:49:04Z,2026-05-07T10:31:05Z,2026-05-07T04:42:52Z,56041,True,folly,facebook/folly,org-69631@github.com:facebook/folly.git,30362
MDEwOlJlcG9zaXRvcnk0NTA5MjQ5,2012-05-31T15:16:08Z,2026-05-03T23:06:29Z,2026-04-09T16:26:02Z,1563,False,LibXtract,jamiebullock/LibXtract,git@github.com:jamiebullock/LibXtract.git,231
MDEwOlJlcG9zaXRvcnk0NDc5OTQz,2012-05-29T08:58:50Z,2026-03-30T06:04:46Z,2026-03-30T06:04:42Z,5630,False,ibus-libpinyin,epico/ibus-libpinyin,git@github.com:epico/ibus-libpinyin.git,55
MDEwOlJlcG9zaXRvcnk0NDc5NDk0,2012-05-29T08:02:14Z,2026-05-05T13:44:21Z,2026-04-29T21:12:28Z,37504,False,pythran,serge-sans-paille/pythran,git@github.com:serge-sans-paille/pythran.git,2124
MDEwOlJlcG9zaXRvcnk0NDc1Mzgx,2012-05-28T22:37:38Z,2026-04-16T00:16:56Z,2026-04-28T06:26:42Z,7078,False,zambesii,latentPrion/zambesii,git@github.com:latentPrion/zambesii.git,20
MDEwOlJlcG9zaXRvcnk0NDU1NjI4,2012-05-26T15:02:39Z,2026-05-06T22:28:48Z,2026-05-07T02:29:46Z,419499,True,hpx,TheHPXProject/hpx,git@github.com:TheHPXProject/hpx.git,2838
MDEwOlJlcG9zaXRvcnk0NDU0Nzkz,2012-05-26T12:46:33Z,2026-05-07T11:19:50Z,2026-05-07T10:10:49Z,1221539,True,MuseScore,musescore/MuseScore,git@github.com:musescore/MuseScore.git,14536
MDEwOlJlcG9zaXRvcnk0MzkyNTkx,2012-05-21T11:07:59Z,2026-05-02T16:57:51Z,2026-05-06T11:21:24Z,373889,True,feelpp,feelpp/feelpp,git@github.com:feelpp/feelpp.git,328
MDEwOlJlcG9zaXRvcnk0Mzg2MTUx,2012-05-20T17:26:06Z,2026-05-01T04:22:07Z,2026-05-01T04:22:03Z,175,False,gw2_reverse,ahom/gw2_reverse,git@github.com:ahom/gw2_reverse.git,26
MDEwOlJlcG9zaXRvcnk0MzY4MjMx,2012-05-18T10:26:59Z,2026-03-25T17:39:08Z,2026-03-25T17:39:04Z,224,True,yast-transfer,yast/yast-transfer,git@github.com:yast/yast-transfer.git,1
MDEwOlJlcG9zaXRvcnk0MzY4MDg5,2012-05-18T10:22:59Z,2026-03-25T17:31:15Z,2026-03-25T17:30:58Z,1484,True,yast-control-center,yast/yast-control-center,git@github.com:yast/yast-control-center.git,3
MDEwOlJlcG9zaXRvcnk0MzQ4MzI2,2012-05-16T15:12:37Z,2026-04-26T19:31:34Z,2026-04-26T19:31:28Z,1130,False,peg-e,gottcode/peg-e,git@github.com:gottcode/peg-e.git,12
MDEwOlJlcG9zaXRvcnk0MzQxMzY4,2012-05-15T22:30:35Z,2026-04-26T19:30:02Z,2026-04-26T19:29:59Z,38485,False,connectagram,gottcode/connectagram,git@github.com:gottcode/connectagram.git,14
MDEwOlJlcG9zaXRvcnk0MzM1ODMy,2012-05-15T13:08:52Z,2026-05-07T10:57:10Z,2026-05-07T11:27:48Z,268999,True,ResInsight,OPM/ResInsight,git@github.com:OPM/ResInsight.git,208
MDEwOlJlcG9zaXRvcnk0MzE4NDU4,2012-05-13T23:45:51Z,2026-04-08T13:35:06Z,2026-04-07T23:52:11Z,416,False,httpserver,RamseyK/httpserver,git@github.com:RamseyK/httpserver.git,81
MDEwOlJlcG9zaXRvcnk0MzE1NTM4,2012-05-13T16:03:44Z,2026-05-07T09:06:12Z,2026-05-07T11:21:31Z,2742402,True,defold,defold/defold,git@github.com:defold/defold.git,5974
MDEwOlJlcG9zaXRvcnk0MzA5NTE5,2012-05-12T20:31:38Z,2026-05-04T08:51:30Z,2026-05-04T08:51:26Z,5002,True,libretro-prboom,libretro/libretro-prboom,git@github.com:libretro/libretro-prboom.git,75
MDEwOlJlcG9zaXRvcnk0MjkxOTI1,2012-05-11T01:27:13Z,2026-05-06T05:00:05Z,2026-05-06T05:00:01Z,18511,True,mp,ampl/mp,git@github.com:ampl/mp.git,249
MDEwOlJlcG9zaXRvcnk0Mjg4NDUz,2012-05-10T18:53:03Z,2026-05-06T00:55:26Z,2026-05-06T23:01:19Z,66640,True,pokerth,pokerth/pokerth,git@github.com:pokerth/pokerth.git,608
MDEwOlJlcG9zaXRvcnk0MjYyODI0,2012-05-08T16:32:48Z,2026-05-06T12:45:22Z,2026-05-07T08:50:42Z,1724075,True,gcc,foss-for-synopsys-dwc-arc-processors/gcc,git@github.com:foss-for-synopsys-dwc-arc-processors/gcc.git,18
MDEwOlJlcG9zaXRvcnk0MjQ3Njk1,2012-05-07T08:33:44Z,2026-04-23T03:44:07Z,2026-04-23T03:44:02Z,154682,True,deepin-music,linuxdeepin/deepin-music,git@github.com:linuxdeepin/deepin-music.git,201
MDEwOlJlcG9zaXRvcnk0MjQxNzYw,2012-05-06T15:25:53Z,2026-05-06T08:08:45Z,2026-05-06T08:08:41Z,793932,False,project-euler,evilmucedin/project-euler,git@github.com:evilmucedin/project-euler.git,5
MDEwOlJlcG9zaXRvcnk0MjM5NDA4,2012-05-06T08:37:42Z,2026-04-08T09:06:53Z,2026-03-04T08:18:24Z,72747,True,Elemental,elemental/Elemental,git@github.com:elemental/Elemental.git,516
MDEwOlJlcG9zaXRvcnk0MjM3MjAw,2012-05-05T23:01:27Z,2026-04-22T03:49:49Z,2026-03-04T12:51:36Z,2457,False,nobleNote,hakaishi/nobleNote,git@github.com:hakaishi/nobleNote.git,35
MDEwOlJlcG9zaXRvcnk0MjM0NzIz,2012-05-05T15:38:22Z,2026-05-04T15:01:18Z,2026-05-04T15:00:55Z,51301,False,TGUI,texus/TGUI,git@github.com:texus/TGUI.git,1038
MDEwOlJlcG9zaXRvcnk0MjM0NDUx,2012-05-05T14:50:32Z,2026-03-23T01:28:01Z,2026-03-09T17:49:56Z,5808,False,paperman,sjg20/paperman,git@github.com:sjg20/paperman.git,33
MDEwOlJlcG9zaXRvcnk0MjI4MzE0,2012-05-04T19:24:51Z,2026-05-07T03:56:41Z,2026-05-02T01:40:09Z,169583,True,supercollider,supercollider/supercollider,git@github.com:supercollider/supercollider.git,6556
MDEwOlJlcG9zaXRvcnk0MjE3NTc2,2012-05-03T19:04:36Z,2026-04-27T00:14:54Z,2026-04-12T15:32:54Z,356,False,Arduino-Temperature-Control-Library,milesburton/Arduino-Temperature-Control-Library,git@github.com:milesburton/Arduino-Temperature-Control-Library.git,1029
MDEwOlJlcG9zaXRvcnk0MjE3MDU4,2012-05-03T18:11:13Z,2026-05-07T08:16:16Z,2026-05-07T08:16:11Z,22974,False,Gem,umlaeute/Gem,git@github.com:umlaeute/Gem.git,128
MDEwOlJlcG9zaXRvcnk0MjA1MDE2,2012-05-02T16:23:54Z,2026-05-05T16:33:41Z,2026-03-03T14:48:12Z,251,True,Adafruit-PWM-Servo-Driver-Library,adafruit/Adafruit-PWM-Servo-Driver-Library,git@github.com:adafruit/Adafruit-PWM-Servo-Driver-Library.git,536
MDEwOlJlcG9zaXRvcnk0MTkyODAx,2012-05-01T14:08:17Z,2026-05-05T15:06:26Z,2026-04-30T16:18:43Z,30250,True,NazaraEngine,NazaraEngine/NazaraEngine,git@github.com:NazaraEngine/NazaraEngine.git,823
MDEwOlJlcG9zaXRvcnk0MTY5NTMx,2012-04-28T18:56:52Z,2026-05-04T15:50:56Z,2026-05-04T15:50:50Z,106327,True,avogadrolibs,OpenChemistry/avogadrolibs,git@github.com:OpenChemistry/avogadrolibs.git,628
MDEwOlJlcG9zaXRvcnk0MTY1NDAx,2012-04-28T06:05:33Z,2026-05-07T03:11:59Z,2026-05-07T03:11:53Z,37503,False,nscp,mickem/nscp,git@github.com:mickem/nscp.git,282
MDEwOlJlcG9zaXRvcnk0MTYwMDM5,2012-04-27T16:09:49Z,2026-05-07T10:15:10Z,2026-04-19T08:37:01Z,1865,True,v8js,phpv8/v8js,git@github.com:phpv8/v8js.git,1857
MDEwOlJlcG9zaXRvcnk0MTU3OTI0,2012-04-27T12:07:28Z,2026-05-06T15:24:22Z,2026-05-06T14:27:13Z,275686,False,qcad,qcad/qcad,git@github.com:qcad/qcad.git,1794
MDEwOlJlcG9zaXRvcnk0MTMwNDA4,2012-04-24T22:17:25Z,2026-04-21T03:16:04Z,2026-04-21T03:16:00Z,24917,True,cryptagram,prglab/cryptagram,git@github.com:prglab/cryptagram.git,23
MDEwOlJlcG9zaXRvcnk0MTIzMzYz,2012-04-24T10:10:30Z,2026-04-17T18:20:57Z,2026-04-17T18:20:52Z,5459,False,ThorsAnvil,Loki-Astari/ThorsAnvil,git@github.com:Loki-Astari/ThorsAnvil.git,319
MDEwOlJlcG9zaXRvcnk0MTE4Nzc2,2012-04-23T22:37:04Z,2026-05-07T09:14:01Z,2026-05-06T03:39:58Z,126457,True,shotcut,mltframework/shotcut,git@github.com:mltframework/shotcut.git,13881
MDEwOlJlcG9zaXRvcnk0MTEzNjk3,2012-04-23T14:01:59Z,2026-05-05T10:53:38Z,2026-05-05T10:53:34Z,15,False,TallerSO_08,jfcmacro/TallerSO_08,git@github.com:jfcmacro/TallerSO_08.git,1
MDEwOlJlcG9zaXRvcnk0MTAzMzg4,2012-04-22T11:12:33Z,2026-05-05T19:03:58Z,2026-05-05T19:03:54Z,491861,True,step,STEPBible/step,git@github.com:STEPBible/step.git,70
MDEwOlJlcG9zaXRvcnk0MDkyMDc2,2012-04-20T22:54:42Z,2026-04-19T20:47:22Z,2026-03-06T00:42:35Z,1300,False,Epple-II,cmosher01/Epple-II,git@github.com:cmosher01/Epple-II.git,72
MDEwOlJlcG9zaXRvcnk0MDg2MzYw,2012-04-20T12:40:55Z,2026-05-06T20:10:23Z,2026-04-27T07:56:55Z,9956,True,snapper,openSUSE/snapper,git@github.com:openSUSE/snapper.git,1115
MDEwOlJlcG9zaXRvcnk0MDgyMTM1,2012-04-20T01:52:00Z,2026-04-30T12:54:57Z,2026-04-30T12:54:52Z,519953,True,v8,nwjs/v8,git@github.com:nwjs/v8.git,46
MDEwOlJlcG9zaXRvcnk0MDgxODc5,2012-04-20T01:07:24Z,2026-04-30T15:13:42Z,2026-04-30T15:13:31Z,2331,False,sapporo2,treecode/sapporo2,git@github.com:treecode/sapporo2.git,9
MDEwOlJlcG9zaXRvcnk0MDc2NTA5,2012-04-19T15:06:22Z,2026-05-05T03:25:33Z,2026-05-05T03:25:27Z,170651,False,CatchChallenger,alphaonex86/CatchChallenger,git@github.com:alphaonex86/CatchChallenger.git,56
MDEwOlJlcG9zaXRvcnk0MDAzMjMy,2012-04-12T09:39:51Z,2026-05-07T05:05:58Z,2026-05-07T06:23:09Z,169964,True,TrenchBroom,TrenchBroom/TrenchBroom,git@github.com:TrenchBroom/TrenchBroom.git,2598
MDEwOlJlcG9zaXRvcnkzOTk3OTI1,2012-04-11T20:29:00Z,2026-04-29T18:32:08Z,2026-04-29T18:32:04Z,59,False,AppCSXCAD,thliebig/AppCSXCAD,git@github.com:thliebig/AppCSXCAD.git,11
MDEwOlJlcG9zaXRvcnkzOTk3ODYy,2012-04-11T20:24:01Z,2026-04-29T18:06:20Z,2026-04-29T18:06:16Z,839,False,QCSXCAD,thliebig/QCSXCAD,git@github.com:thliebig/QCSXCAD.git,6
MDEwOlJlcG9zaXRvcnkzOTk3Nzc3,2012-04-11T20:17:44Z,2026-05-03T18:06:37Z,2026-05-03T18:06:32Z,1090,False,CSXCAD,thliebig/CSXCAD,git@github.com:thliebig/CSXCAD.git,46
MDEwOlJlcG9zaXRvcnkzOTk3Njcw,2012-04-11T20:06:05Z,2026-05-07T08:07:57Z,2026-05-05T16:32:29Z,4119,False,openEMS,thliebig/openEMS,git@github.com:thliebig/openEMS.git,656
MDEwOlJlcG9zaXRvcnkzOTY3MTI5,2012-04-08T21:47:34Z,2026-05-07T03:57:59Z,2026-05-06T17:13:19Z,61628,True,hydrogen,hydrogen-music/hydrogen,git@github.com:hydrogen-music/hydrogen.git,1283
MDEwOlJlcG9zaXRvcnkzOTU4OTcx,2012-04-07T16:28:49Z,2026-04-04T13:00:41Z,2026-04-04T13:00:36Z,98668,True,DGtalTools,DGtal-team/DGtalTools,git@github.com:DGtal-team/DGtalTools.git,49
MDEwOlJlcG9zaXRvcnkzOTUxOTA5,2012-04-06T17:33:44Z,2026-03-29T11:48:38Z,2026-03-29T11:48:34Z,59157,False,Mono1,Niblitlvl50/Mono1,git@github.com:Niblitlvl50/Mono1.git,4
MDEwOlJlcG9zaXRvcnkzOTQ5Nzk0,2012-04-06T13:27:47Z,2026-05-05T05:49:41Z,2026-03-29T12:15:11Z,8710,True,cutechess,cutechess/cutechess,git@github.com:cutechess/cutechess.git,763
MDEwOlJlcG9zaXRvcnkzOTM3MTYy,2012-04-05T07:11:11Z,2026-05-04T23:13:29Z,2026-03-24T06:50:55Z,7062,True,vmime,kisli/vmime,git@github.com:kisli/vmime.git,298
MDEwOlJlcG9zaXRvcnkzOTMxMzgw,2012-04-04T17:47:15Z,2026-05-04T15:13:04Z,2026-03-05T22:49:26Z,1055,False,Hoard,emeryberger/Hoard,git@github.com:emeryberger/Hoard.git,1228
MDEwOlJlcG9zaXRvcnkzOTI1MjMz,2012-04-04T03:37:34Z,2026-05-04T14:54:10Z,2026-05-04T14:54:07Z,207,False,bnet,bkaradzic/bnet,git@github.com:bkaradzic/bnet.git,156
MDEwOlJlcG9zaXRvcnkzOTI1MTU3,2012-04-04T03:22:13Z,2026-05-07T11:03:46Z,2026-05-07T06:15:28Z,35111,False,bx,bkaradzic/bx,git@github.com:bkaradzic/bx.git,651
MDEwOlJlcG9zaXRvcnkzODg2NjY1,2012-03-31T16:19:40Z,2026-05-07T03:35:25Z,2026-05-07T03:35:21Z,40596,False,demos-os-linux,veltzer/demos-os-linux,git@github.com:veltzer/demos-os-linux.git,96
MDEwOlJlcG9zaXRvcnkzODg0OTgx,2012-03-31T11:19:43Z,2026-05-07T02:03:24Z,2026-05-06T16:57:12Z,277108,True,JUCE,juce-framework/JUCE,git@github.com:juce-framework/JUCE.git,8381
MDEwOlJlcG9zaXRvcnkzODA2ODY4,2012-03-23T09:17:16Z,2026-03-06T17:34:44Z,2026-05-01T16:47:06Z,27605,False,GLC_lib,laumaya/GLC_lib,git@github.com:laumaya/GLC_lib.git,63
MDEwOlJlcG9zaXRvcnkzNzg2MzIx,2012-03-21T12:38:31Z,2026-05-03T09:16:48Z,2026-05-03T09:16:44Z,1244,True,inspircd-contrib,inspircd/inspircd-contrib,git@github.com:inspircd/inspircd-contrib.git,67
MDEwOlJlcG9zaXRvcnkzNzg2MjE4,2012-03-21T12:22:32Z,2026-05-07T09:53:29Z,2026-05-07T09:53:24Z,44162,True,inspircd,inspircd/inspircd,git@github.com:inspircd/inspircd.git,1316
MDEwOlJlcG9zaXRvcnkzNzg0OTA4,2012-03-21T09:10:41Z,2026-05-06T05:58:37Z,2026-04-29T11:06:38Z,274902,True,cvmfs,cvmfs/cvmfs,git@github.com:cvmfs/cvmfs.git,341
MDEwOlJlcG9zaXRvcnkzNzc4MjQ0,2012-03-20T17:58:31Z,2026-04-30T21:32:52Z,2026-04-30T21:34:03Z,8815,True,hal,ComparativeGenomicsToolkit/hal,git@github.com:ComparativeGenomicsToolkit/hal.git,183
MDEwOlJlcG9zaXRvcnkzNzc3MjM3,2012-03-20T16:18:15Z,2026-05-07T11:47:29Z,2026-03-06T09:50:19Z,18656,True,weasel,rime/weasel,git@github.com:rime/weasel.git,7191
MDEwOlJlcG9zaXRvcnkzNzc2ODc4,2012-03-20T15:45:06Z,2026-05-07T08:56:46Z,2026-05-06T08:36:29Z,17269,True,librime,rime/librime,git@github.com:rime/librime.git,4356
MDEwOlJlcG9zaXRvcnkzNzY5NzUz,2012-03-19T23:13:39Z,2026-04-30T18:25:16Z,2026-04-30T18:25:11Z,63887,True,abyss,BirolLab/abyss,git@github.com:BirolLab/abyss.git,328
MDEwOlJlcG9zaXRvcnkzNzY2Nzc2,2012-03-19T17:54:28Z,2026-04-24T20:01:12Z,2026-03-03T14:48:06Z,3417,True,Adafruit-Fingerprint-Sensor-Library,adafruit/Adafruit-Fingerprint-Sensor-Library,git@github.com:adafruit/Adafruit-Fingerprint-Sensor-Library.git,473
MDEwOlJlcG9zaXRvcnkzNzQwMDk2,2012-03-16T15:22:12Z,2026-05-04T08:07:37Z,2026-05-04T08:07:33Z,4926,True,RBDyn,jrl-umi3218/RBDyn,git@github.com:jrl-umi3218/RBDyn.git,217
MDEwOlJlcG9zaXRvcnkzNzM5OTEw,2012-03-16T15:01:10Z,2026-04-29T12:39:56Z,2026-04-29T12:40:07Z,666,True,pprepair,tudelft3d/pprepair,git@github.com:tudelft3d/pprepair.git,62
MDEwOlJlcG9zaXRvcnkzNzA5NTAy,2012-03-13T17:56:05Z,2026-05-02T02:43:23Z,2026-04-30T18:20:55Z,61849,False,cryptominisat,msoos/cryptominisat,git@github.com:msoos/cryptominisat.git,929
MDEwOlJlcG9zaXRvcnkzNjg4Mzk2,2012-03-11T17:46:53Z,2026-05-06T11:04:29Z,2026-04-29T14:34:23Z,163999,False,Mineways,erich666/Mineways,git@github.com:erich666/Mineways.git,504
MDEwOlJlcG9zaXRvcnkzNjcwMDIw,2012-03-09T11:22:58Z,2026-03-21T20:52:47Z,2026-03-21T20:52:43Z,663,False,parallelGBC,svrnm/parallelGBC,git@github.com:svrnm/parallelGBC.git,26
MDEwOlJlcG9zaXRvcnkzNjYyNzAz,2012-03-08T18:06:46Z,2026-05-05T22:16:49Z,2026-03-04T21:17:33Z,57370,True,colobot,colobot/colobot,git@github.com:colobot/colobot.git,1228
MDEwOlJlcG9zaXRvcnkzNjYxNjE3,2012-03-08T16:06:57Z,2026-05-06T21:00:50Z,2026-05-06T21:00:45Z,85184,False,AaEngine,RazielXT/AaEngine,git@github.com:RazielXT/AaEngine.git,12
MDEwOlJlcG9zaXRvcnkzNjUzNzAx,2012-03-07T21:18:00Z,2026-05-06T17:30:02Z,2026-05-06T17:29:58Z,80499,True,workbench,Washington-University/workbench,git@github.com:Washington-University/workbench.git,222
MDEwOlJlcG9zaXRvcnkzNjQ5ODk1,2012-03-07T14:36:59Z,2026-04-12T17:04:09Z,2026-04-07T19:31:49Z,1057,True,osmcoastline,osmcode/osmcoastline,git@github.com:osmcode/osmcoastline.git,119
MDEwOlJlcG9zaXRvcnkzNjQ2OTUx,2012-03-07T07:44:01Z,2026-04-05T14:42:46Z,2026-04-05T14:42:43Z,175,False,ByteBufferCpp,RamseyK/ByteBufferCpp,git@github.com:RamseyK/ByteBufferCpp.git,88
MDEwOlJlcG9zaXRvcnkzNjQwOTM3,2012-03-06T18:09:25Z,2026-04-08T09:57:43Z,2026-04-08T09:57:38Z,2287,False,TerraFirma,mrkite/TerraFirma,git@github.com:mrkite/TerraFirma.git,302
MDEwOlJlcG9zaXRvcnkzNjI4NDE1,2012-03-05T15:35:08Z,2026-05-07T09:52:41Z,2026-03-13T13:39:48Z,11150,False,parserlib,axilmar/parserlib,git@github.com:axilmar/parserlib.git,101
MDEwOlJlcG9zaXRvcnkzNjI3ODgx,2012-03-05T14:41:02Z,2026-03-22T13:34:58Z,2026-03-22T13:34:55Z,216,False,CppTools,zhanglpg/CppTools,git@github.com:zhanglpg/CppTools.git,1
MDEwOlJlcG9zaXRvcnkzNjE5MDY3,2012-03-04T15:44:48Z,2026-05-07T04:00:58Z,2026-04-30T08:00:11Z,5093,False,ztracker,cmicali/ztracker,git@github.com:cmicali/ztracker.git,27
MDEwOlJlcG9zaXRvcnkzNjE4ODI1,2012-03-04T15:02:33Z,2026-05-06T13:43:09Z,2026-04-26T15:47:48Z,52435,False,MediaElch,Komet/MediaElch,git@github.com:Komet/MediaElch.git,1039
MDEwOlJlcG9zaXRvcnkzNjAxMjYw,2012-03-02T10:37:57Z,2026-05-05T14:52:28Z,2026-05-05T14:52:23Z,51067,True,cgru,CGRU/cgru,git@github.com:CGRU/cgru.git,301
MDEwOlJlcG9zaXRvcnkzNTY5NzI2,2012-02-28T09:32:28Z,2026-05-07T05:26:54Z,2026-05-07T05:51:02Z,30528,True,CppMicroServices,CppMicroServices/CppMicroServices,git@github.com:CppMicroServices/CppMicroServices.git,868
MDEwOlJlcG9zaXRvcnkzNTQ1MjI3,2012-02-25T15:15:22Z,2026-05-06T00:43:43Z,2026-05-05T16:31:44Z,64683,True,webcamoid,webcamoid/webcamoid,git@github.com:webcamoid/webcamoid.git,2483
MDEwOlJlcG9zaXRvcnkzNTQyNjA3,2012-02-25T05:15:50Z,2026-05-02T15:56:06Z,2026-03-10T01:18:18Z,3570,False,tinyxml2,leethomason/tinyxml2,git@github.com:leethomason/tinyxml2.git,5751
MDEwOlJlcG9zaXRvcnkzNTI0OTE3,2012-02-23T11:55:51Z,2026-05-06T02:03:56Z,2026-05-06T02:03:52Z,39655,True,icey,nilstate/icey,git@github.com:nilstate/icey.git,1358
MDEwOlJlcG9zaXRvcnkzNTA0NTA1,2012-02-21T14:24:17Z,2026-05-06T10:36:15Z,2026-05-06T10:36:09Z,1974,True,qtermwidget,lxqt/qtermwidget,git@github.com:lxqt/qtermwidget.git,587
MDEwOlJlcG9zaXRvcnkzNTA0NDY0,2012-02-21T14:19:12Z,2026-05-01T14:34:02Z,2026-05-01T14:33:57Z,5281,True,qterminal,lxqt/qterminal,git@github.com:lxqt/qterminal.git,695
MDEwOlJlcG9zaXRvcnkzNDg3NDEz,2012-02-19T18:55:43Z,2026-04-07T13:46:43Z,2026-03-01T00:42:36Z,4080,True,ndarray,ndarray/ndarray,git@github.com:ndarray/ndarray.git,164
MDEwOlJlcG9zaXRvcnkzNDY3OTI1,2012-02-17T07:24:58Z,2026-03-19T06:37:02Z,2026-03-19T06:36:58Z,3685,False,cybozulib,herumi/cybozulib,git@github.com:herumi/cybozulib.git,65
MDEwOlJlcG9zaXRvcnkzNDY3ODI1,2012-02-17T07:04:42Z,2026-04-01T16:16:08Z,2026-04-01T16:15:43Z,195,False,CPP_projects,s4p3r-c1n0s/CPP_projects,git@github.com:s4p3r-c1n0s/CPP_projects.git,1
MDEwOlJlcG9zaXRvcnkzNDYyNzcy,2012-02-16T18:51:26Z,2026-05-01T17:15:31Z,2026-05-06T21:57:31Z,181466,True,SCIRun,SCIInstitute/SCIRun,git@github.com:SCIInstitute/SCIRun.git,138
MDEwOlJlcG9zaXRvcnkzNDU5Njcz,2012-02-16T12:28:31Z,2026-05-07T00:24:33Z,2026-05-06T20:02:59Z,51113,True,MPD,MusicPlayerDaemon/MPD,git@github.com:MusicPlayerDaemon/MPD.git,2675
MDEwOlJlcG9zaXRvcnkzNDIyMTgw,2012-02-12T14:08:59Z,2026-04-23T13:35:54Z,2026-04-23T13:35:44Z,36661,True,psi-plus-snapshots,psi-plus/psi-plus-snapshots,git@github.com:psi-plus/psi-plus-snapshots.git,54
MDEwOlJlcG9zaXRvcnkzNDE2ODkx,2012-02-11T18:25:39Z,2026-05-02T20:40:33Z,2026-05-07T07:30:26Z,3897,False,libhttpserver,etr/libhttpserver,git@github.com:etr/libhttpserver.git,941
MDEwOlJlcG9zaXRvcnkzNDAyNzUx,2012-02-10T00:07:52Z,2026-03-29T08:36:14Z,2026-03-29T08:36:09Z,961,True,chat,devaspot/chat,git@github.com:devaspot/chat.git,3
MDEwOlJlcG9zaXRvcnkzMzg5NzAx,2012-02-08T17:59:38Z,2026-05-04T09:38:53Z,2026-05-04T09:38:49Z,134758,True,simgrid,simgrid/simgrid,git@github.com:simgrid/simgrid.git,190
MDEwOlJlcG9zaXRvcnkzMzg2MDg4,2012-02-08T10:17:59Z,2026-05-07T11:28:01Z,2026-05-06T23:13:01Z,134620,True,nix,NixOS/nix,git@github.com:NixOS/nix.git,16802
MDEwOlJlcG9zaXRvcnkzMzUxODcx,2012-02-04T09:37:46Z,2026-05-07T11:39:26Z,2026-05-06T10:07:08Z,306597,True,qBittorrent,qbittorrent/qBittorrent,git@github.com:qbittorrent/qBittorrent.git,37245
MDEwOlJlcG9zaXRvcnkzMzE5NzIz,2012-01-31T22:51:53Z,2026-04-29T23:53:45Z,2026-03-27T04:28:08Z,45733,True,enigma-dev,enigma-dev/enigma-dev,git@github.com:enigma-dev/enigma-dev.git,368
MDEwOlJlcG9zaXRvcnkzMzA4OTU4,2012-01-30T21:16:54Z,2026-05-02T17:51:03Z,2026-03-03T20:40:19Z,59115,True,cyclus,cyclus/cyclus,git@github.com:cyclus/cyclus.git,90
MDEwOlJlcG9zaXRvcnkzMjk3ODMw,2012-01-29T15:26:50Z,2026-05-06T17:34:06Z,2026-05-06T17:34:01Z,91362,True,gemrb,gemrb/gemrb,git@github.com:gemrb/gemrb.git,1198
MDEwOlJlcG9zaXRvcnkzMjk3NTE5,2012-01-29T14:35:47Z,2026-05-06T17:55:55Z,2026-05-06T17:55:48Z,43313,True,Player,EasyRPG/Player,git@github.com:EasyRPG/Player.git,1174
MDEwOlJlcG9zaXRvcnkzMjkwNTc0,2012-01-28T13:16:01Z,2026-05-06T02:18:58Z,2026-05-06T02:18:54Z,37209,True,openmeeg,openmeeg/openmeeg,git@github.com:openmeeg/openmeeg.git,85
MDEwOlJlcG9zaXRvcnkzMjgzMjQ0,2012-01-27T14:46:09Z,2026-04-17T09:38:48Z,2026-04-27T19:35:36Z,3125,True,SpaceVecAlg,jrl-umi3218/SpaceVecAlg,git@github.com:jrl-umi3218/SpaceVecAlg.git,81
MDEwOlJlcG9zaXRvcnkzMjY3NDY0,2012-01-25T18:55:25Z,2026-04-22T02:40:44Z,2026-04-17T14:36:18Z,139318,False,Programming-contest,pin3da/Programming-contest,git@github.com:pin3da/Programming-contest.git,181
MDEwOlJlcG9zaXRvcnkzMjY0NjI3,2012-01-25T12:34:11Z,2026-05-01T17:00:01Z,2026-05-01T16:59:56Z,4310,True,liblcf,EasyRPG/liblcf,git@github.com:EasyRPG/liblcf.git,136
MDEwOlJlcG9zaXRvcnkzMjUwNzI4,2012-01-23T21:42:55Z,2026-05-07T09:19:43Z,2026-04-04T00:13:22Z,75030,True,di,boost-ext/di,git@github.com:boost-ext/di.git,1258
MDEwOlJlcG9zaXRvcnkzMjQ4ODQx,2012-01-23T17:53:48Z,2026-05-06T08:59:03Z,2026-05-06T08:58:59Z,12923,False,Codaphela.Library,andrewpaterson/Codaphela.Library,git@github.com:andrewpaterson/Codaphela.Library.git,2
MDEwOlJlcG9zaXRvcnkzMTg1MzY2,2012-01-15T19:27:28Z,2026-05-06T20:35:17Z,2026-05-06T20:59:33Z,2226933,False,Dune-II---The-Maker,stefanhendriks/Dune-II---The-Maker,git@github.com:stefanhendriks/Dune-II---The-Maker.git,353
MDEwOlJlcG9zaXRvcnkzMTgwNTc1,2012-01-14T21:50:07Z,2026-05-03T07:10:37Z,2026-04-30T10:57:38Z,40359,False,Ultracopier,alphaonex86/Ultracopier,git@github.com:alphaonex86/Ultracopier.git,470
MDEwOlJlcG9zaXRvcnkzMTc5MDk1,2012-01-14T17:25:06Z,2026-05-06T21:22:08Z,2026-04-28T21:54:41Z,14877,True,dhewm3,dhewm/dhewm3,git@github.com:dhewm/dhewm3.git,2084
MDEwOlJlcG9zaXRvcnkzMTY1OTc4,2012-01-12T21:27:37Z,2026-04-14T13:44:21Z,2026-04-14T13:50:56Z,4558,True,Mt77,pasosdeJesus/Mt77,git@github.com:pasosdeJesus/Mt77.git,3
MDEwOlJlcG9zaXRvcnkzMTYxMzM2,2012-01-12T10:18:45Z,2026-05-04T17:18:42Z,2026-05-01T16:17:02Z,11116,False,g2o,RainerKuemmerle/g2o,git@github.com:RainerKuemmerle/g2o.git,3429
MDEwOlJlcG9zaXRvcnkzMTI0MDIx,2012-01-07T10:55:14Z,2026-05-07T09:18:30Z,2026-05-07T09:18:07Z,140983,False,ciyam,ciyam/ciyam,git@github.com:ciyam/ciyam.git,24
MDEwOlJlcG9zaXRvcnkzMTE3MzEw,2012-01-06T10:42:29Z,2026-05-03T19:42:11Z,2026-05-03T19:42:05Z,24373,False,mu,djcb/mu,git@github.com:djcb/mu.git,1697
MDEwOlJlcG9zaXRvcnkzMDk4Nzcx,2012-01-04T01:21:59Z,2026-04-18T19:55:16Z,2026-04-30T21:52:18Z,1393,False,shutdown-qapps,hakaishi/shutdown-qapps,git@github.com:hakaishi/shutdown-qapps.git,8
MDEwOlJlcG9zaXRvcnkzMDk2NzAx,2012-01-03T19:39:38Z,2026-05-07T08:16:29Z,2026-05-06T21:42:36Z,4233,False,powertop,fenrus75/powertop,git@github.com:fenrus75/powertop.git,1303
MDEwOlJlcG9zaXRvcnkzMDk1NzA3,2012-01-03T17:06:30Z,2026-05-06T18:08:09Z,2026-05-05T12:03:59Z,1159963,False,modizer,yoyofr/modizer,git@github.com:yoyofr/modizer.git,155
MDEwOlJlcG9zaXRvcnkzMDUyODAz,2011-12-26T18:38:48Z,2026-03-04T20:52:48Z,2026-03-03T13:54:11Z,3748,False,Warriors-of-Wor,vranki/Warriors-of-Wor,git@github.com:vranki/Warriors-of-Wor.git,9
MDEwOlJlcG9zaXRvcnkzMDQwODg4,2011-12-23T15:43:49Z,2026-05-06T17:12:16Z,2026-05-06T17:12:11Z,3874,True,molequeue,OpenChemistry/molequeue,git@github.com:OpenChemistry/molequeue.git,31
MDEwOlJlcG9zaXRvcnkzMDMwMDY1,2011-12-21T22:05:37Z,2026-05-07T11:29:49Z,2026-04-24T18:15:49Z,71642,True,gnuradio,gnuradio/gnuradio,git@github.com:gnuradio/gnuradio.git,6074
MDEwOlJlcG9zaXRvcnkzMDE4MjEy,2011-12-20T08:27:40Z,2026-05-05T12:40:33Z,2026-05-06T06:03:41Z,79638,True,genode,genodelabs/genode,git@github.com:genodelabs/genode.git,1247
MDEwOlJlcG9zaXRvcnkzMDE0ODAz,2011-12-19T20:31:39Z,2026-05-06T19:00:02Z,2026-05-06T18:59:58Z,170825,True,raceintospace,raceintospace/raceintospace,git@github.com:raceintospace/raceintospace.git,207
MDEwOlJlcG9zaXRvcnkzMDA5NzU3,2011-12-19T04:01:20Z,2026-05-05T09:07:10Z,2026-04-15T04:18:36Z,2922,False,AMBiT,drjuls/AMBiT,git@github.com:drjuls/AMBiT.git,41
MDEwOlJlcG9zaXRvcnkzMDA2ODcy,2011-12-18T17:00:04Z,2026-04-20T17:35:15Z,2026-04-20T17:35:10Z,492,True,meteor-libretro,libretro/meteor-libretro,git@github.com:libretro/meteor-libretro.git,8
MDEwOlJlcG9zaXRvcnkzMDAzMTM3,2011-12-17T21:12:01Z,2026-05-04T19:37:55Z,2026-05-04T11:55:05Z,2149,True,greenlet,python-greenlet/greenlet,git@github.com:python-greenlet/greenlet.git,1826
MDEwOlJlcG9zaXRvcnkyOTk2Njcy,2011-12-16T18:14:34Z,2026-05-06T22:00:14Z,2026-05-06T22:00:06Z,14036,False,libyuv,lemenkov/libyuv,git@github.com:lemenkov/libyuv.git,915
MDEwOlJlcG9zaXRvcnkyOTgyODg2,2011-12-14T20:43:25Z,2026-05-01T07:22:44Z,2026-04-20T15:21:23Z,16642,False,magnum-plugins,mosra/magnum-plugins,git@github.com:mosra/magnum-plugins.git,103
MDEwOlJlcG9zaXRvcnkyOTYzMzEw,2011-12-12T10:05:16Z,2026-04-15T10:43:53Z,2026-05-06T20:56:12Z,301716,False,simulant-engine,Kazade/simulant-engine,git@github.com:Kazade/simulant-engine.git,86
MDEwOlJlcG9zaXRvcnkyOTYzMDcy,2011-12-12T09:20:36Z,2026-05-03T02:42:44Z,2026-04-01T07:15:52Z,4092,True,JSON-Viewer,NPP-JSONViewer/JSON-Viewer,git@github.com:NPP-JSONViewer/JSON-Viewer.git,855
MDEwOlJlcG9zaXRvcnkyOTQ1NTQz,2011-12-09T06:23:34Z,2026-05-05T03:00:48Z,2026-04-13T06:47:37Z,196,True,editorconfig-notepad-plus-plus,editorconfig/editorconfig-notepad-plus-plus,git@github.com:editorconfig/editorconfig-notepad-plus-plus.git,212
MDEwOlJlcG9zaXRvcnkyOTI2MTU5,2011-12-06T16:44:08Z,2026-05-06T21:48:41Z,2026-05-04T19:10:09Z,45360,True,audacious-plugins,audacious-media-player/audacious-plugins,git@github.com:audacious-media-player/audacious-plugins.git,220
MDEwOlJlcG9zaXRvcnkyOTI1MzM4,2011-12-06T14:45:02Z,2026-05-06T21:48:39Z,2026-05-03T16:13:55Z,33655,True,audacious,audacious-media-player/audacious,git@github.com:audacious-media-player/audacious.git,1187
MDEwOlJlcG9zaXRvcnkyOTA3MDMx,2011-12-03T20:58:09Z,2026-05-06T20:52:26Z,2026-05-05T23:00:14Z,82535,True,Cockatrice,Cockatrice/Cockatrice,git@github.com:Cockatrice/Cockatrice.git,1778
MDEwOlJlcG9zaXRvcnkyODk1NTY5,2011-12-02T01:52:08Z,2026-05-05T07:17:01Z,2026-04-24T13:24:25Z,18948,True,openfx,AcademySoftwareFoundation/openfx,git@github.com:AcademySoftwareFoundation/openfx.git,527
MDEwOlJlcG9zaXRvcnkyODkxNzY3,2011-12-01T14:57:04Z,2026-04-22T10:21:23Z,2026-04-10T03:11:54Z,17040,False,medusa,wisk/medusa,git@github.com:wisk/medusa.git,1085
MDEwOlJlcG9zaXRvcnkyODgyNDkw,2011-11-30T11:16:04Z,2026-05-06T05:52:56Z,2026-05-06T05:52:51Z,9054,True,par2cmdline,Parchive/par2cmdline,git@github.com:Parchive/par2cmdline.git,899
MDEwOlJlcG9zaXRvcnkyODgxMTEx,2011-11-30T06:27:15Z,2026-05-07T00:09:46Z,2026-05-07T00:09:41Z,33611,False,ygopro,Fluorohydride/ygopro,git@github.com:Fluorohydride/ygopro.git,2024
MDEwOlJlcG9zaXRvcnkyODY4MzI3,2011-11-28T16:19:23Z,2026-05-01T22:37:17Z,2026-05-06T04:14:17Z,307624,False,Doomsday-Engine,skyjake/Doomsday-Engine,git@github.com:skyjake/Doomsday-Engine.git,295
MDEwOlJlcG9zaXRvcnkyODYzOTA5,2011-11-28T00:51:12Z,2026-05-03T10:08:53Z,2026-05-07T11:40:46Z,18888,False,corrade,mosra/corrade,git@github.com:mosra/corrade.git,520
MDEwOlJlcG9zaXRvcnkyODU3Mjg3,2011-11-26T19:25:21Z,2026-04-25T09:51:11Z,2026-03-15T10:04:24Z,1310,False,eiciel,rofirrim/eiciel,git@github.com:rofirrim/eiciel.git,40
MDEwOlJlcG9zaXRvcnkyODQyMjE5,2011-11-24T09:26:40Z,2026-04-26T14:47:21Z,2026-04-26T14:47:17Z,245,False,memtrail,jrfonseca/memtrail,git@github.com:jrfonseca/memtrail.git,87
MDEwOlJlcG9zaXRvcnkyODE0Nzg5,2011-11-20T17:43:48Z,2026-04-26T14:02:45Z,2026-03-31T10:33:51Z,437,False,node-activex,durs/node-activex,git@github.com:durs/node-activex.git,353
MDEwOlJlcG9zaXRvcnkyNzk4NDcx,2011-11-17T20:44:53Z,2026-03-28T13:49:23Z,2026-04-22T01:14:00Z,902,True,QtTesting,commontk/QtTesting,git@github.com:commontk/QtTesting.git,4
MDEwOlJlcG9zaXRvcnkyNzkxMTc5,2011-11-16T21:28:15Z,2026-05-05T10:15:30Z,2026-05-05T16:34:27Z,15288,False,magnum-examples,mosra/magnum-examples,git@github.com:mosra/magnum-examples.git,314
MDEwOlJlcG9zaXRvcnkyNzcwNDk0,2011-11-14T06:33:34Z,2026-03-23T05:02:37Z,2026-03-23T05:02:35Z,621,True,nroonga,nroonga/nroonga,git@github.com:nroonga/nroonga.git,38
MDEwOlJlcG9zaXRvcnkyNzY3NzM0,2011-11-13T18:52:06Z,2026-05-06T06:44:22Z,2026-04-30T09:30:38Z,383,False,qtkeychain,frankosterfeld/qtkeychain,git@github.com:frankosterfeld/qtkeychain.git,488
MDEwOlJlcG9zaXRvcnkyNzU3MjUz,2011-11-11T17:11:40Z,2026-04-27T12:10:15Z,2026-04-13T13:44:12Z,1313,False,meshpy,inducer/meshpy,git@github.com:inducer/meshpy.git,579
MDEwOlJlcG9zaXRvcnkyNzU0MjU3,2011-11-11T06:34:02Z,2026-03-15T08:40:45Z,2026-03-15T08:40:35Z,1381832,False,Grume,Paul-Wortmann/Grume,git@github.com:Paul-Wortmann/Grume.git,14
MDEwOlJlcG9zaXRvcnkyNzM4NzMx,2011-11-09T01:49:49Z,2026-05-01T10:35:12Z,2026-03-19T16:52:10Z,62065,True,soci,SOCI/soci,git@github.com:SOCI/soci.git,1592
MDEwOlJlcG9zaXRvcnkyNzM1OTY4,2011-11-08T18:41:19Z,2026-05-05T17:01:02Z,2026-05-05T17:00:44Z,11048,True,mate-system-monitor,mate-desktop/mate-system-monitor,git@github.com:mate-desktop/mate-system-monitor.git,45
MDEwOlJlcG9zaXRvcnkyNzI0MTY3,2011-11-07T04:40:15Z,2026-05-07T11:18:50Z,2026-05-07T11:18:46Z,158349,True,rippled,XRPLF/rippled,git@github.com:XRPLF/rippled.git,5147
MDEwOlJlcG9zaXRvcnkyNzExNTQ4,2011-11-04T19:03:37Z,2026-04-27T13:20:59Z,2026-05-06T23:43:53Z,123483,True,pism,pism/pism,git@github.com:pism/pism.git,120
MDEwOlJlcG9zaXRvcnkyNzAxODg4,2011-11-03T12:43:55Z,2026-05-07T08:35:54Z,2026-05-07T08:35:48Z,43621,False,kakoune,mawww/kakoune,git@github.com:mawww/kakoune.git,10871
MDEwOlJlcG9zaXRvcnkyNjc3MTc0,2011-10-30T21:37:49Z,2026-05-05T20:03:31Z,2026-03-26T15:30:02Z,7532,False,lshw,lyonel/lshw,git@github.com:lyonel/lshw.git,326
MDEwOlJlcG9zaXRvcnkyNjcwODgy,2011-10-29T13:52:21Z,2026-03-23T21:33:18Z,2026-03-23T21:33:14Z,18828,False,trng4,rabauke/trng4,git@github.com:rabauke/trng4.git,120
MDEwOlJlcG9zaXRvcnkyNjYxNDU3,2011-10-27T21:43:30Z,2026-04-13T03:28:48Z,2026-04-13T03:29:58Z,218,False,frequent-cron,homer6/frequent-cron,git@github.com:homer6/frequent-cron.git,49
MDEwOlJlcG9zaXRvcnkyNjUxNDMy,2011-10-26T14:36:13Z,2026-05-04T21:32:04Z,2026-05-04T21:32:39Z,99078,True,geos,libgeos/geos,git@github.com:libgeos/geos.git,1461
MDEwOlJlcG9zaXRvcnkyNjQ5MjE0,2011-10-26T06:42:00Z,2026-05-07T10:28:55Z,2026-05-07T10:58:27Z,2927915,True,arangodb,arangodb/arangodb,git@github.com:arangodb/arangodb.git,14157
MDEwOlJlcG9zaXRvcnkyNjM5Mzc5,2011-10-24T21:28:16Z,2026-04-10T13:34:38Z,2026-04-10T13:34:31Z,1448,False,xosview,hills/xosview,git@github.com:hills/xosview.git,43
MDEwOlJlcG9zaXRvcnkyNjM2NzU5,2011-10-24T14:44:51Z,2026-05-04T17:39:25Z,2026-05-06T17:58:34Z,1353980,False,radium,kmatheussen/radium,git@github.com:kmatheussen/radium.git,1049
MDEwOlJlcG9zaXRvcnkyNjMxNTEz,2011-10-23T17:05:10Z,2026-05-05T11:44:19Z,2026-04-01T08:56:18Z,16193,False,MathGeoLib,juj/MathGeoLib,git@github.com:juj/MathGeoLib.git,728
MDEwOlJlcG9zaXRvcnkyNjE2Mjg1,2011-10-20T21:13:05Z,2026-04-24T10:30:44Z,2026-04-24T10:30:41Z,6218,True,deskvox,deskvox/deskvox,git@github.com:deskvox/deskvox.git,21
MDEwOlJlcG9zaXRvcnkyNjE1NDUx,2011-10-20T19:00:06Z,2026-05-01T16:31:50Z,2026-05-04T20:14:13Z,34716,True,GammaRay,KDAB/GammaRay,git@github.com:KDAB/GammaRay.git,1858
MDEwOlJlcG9zaXRvcnkyNTk0MTE2,2011-10-17T19:07:38Z,2026-05-07T10:42:04Z,2026-05-07T10:42:00Z,951972,True,mantid,mantidproject/mantid,git@github.com:mantidproject/mantid.git,235
MDEwOlJlcG9zaXRvcnkyNTkzNzg0,2011-10-17T18:18:36Z,2026-03-29T13:48:33Z,2026-03-29T13:56:06Z,14,False,thingspeak-arduino-examples,nothans/thingspeak-arduino-examples,git@github.com:nothans/thingspeak-arduino-examples.git,115
MDEwOlJlcG9zaXRvcnkyNTgxMzk4,2011-10-15T11:28:21Z,2026-03-24T22:35:31Z,2026-03-24T22:35:28Z,2759,False,rsbackup,ewxrjk/rsbackup,git@github.com:ewxrjk/rsbackup.git,21
MDEwOlJlcG9zaXRvcnkyNTc1MTMz,2011-10-14T08:50:12Z,2026-04-27T16:44:50Z,2026-04-27T16:44:47Z,921,True,aggdraw,pytroll/aggdraw,git@github.com:pytroll/aggdraw.git,106
MDEwOlJlcG9zaXRvcnkyNTY3ODQ0,2011-10-13T07:31:07Z,2026-05-07T07:54:48Z,2026-05-07T08:47:55Z,533688,True,qgroundcontrol,mavlink/qgroundcontrol,git@github.com:mavlink/qgroundcontrol.git,4571
MDEwOlJlcG9zaXRvcnkyNTU2MzI3,2011-10-11T15:49:31Z,2026-04-28T20:41:11Z,2026-04-14T10:41:05Z,176772,True,mapnik,mapnik/mapnik,git@github.com:mapnik/mapnik.git,3929
MDEwOlJlcG9zaXRvcnkyNTQ1MzY0,2011-10-10T01:18:11Z,2026-04-22T04:08:21Z,2026-04-22T04:08:16Z,43,True,arduino-tcl,CoolNeon/arduino-tcl,git@github.com:CoolNeon/arduino-tcl.git,17
MDEwOlJlcG9zaXRvcnkyNTQ0MTc5,2011-10-09T19:53:59Z,2026-05-06T11:27:44Z,2026-05-04T17:44:55Z,76566,False,Arduino,RobTillaart/Arduino,git@github.com:RobTillaart/Arduino.git,1586
MDEwOlJlcG9zaXRvcnkyNTAyNjQ3,2011-10-03T04:09:03Z,2026-05-06T14:09:31Z,2026-05-07T11:36:37Z,9670,False,libtorrent,rakshasa/libtorrent,git@github.com:rakshasa/libtorrent.git,975
MDEwOlJlcG9zaXRvcnkyNTAyNjM4,2011-10-03T04:07:26Z,2026-05-05T07:17:29Z,2026-05-05T07:17:27Z,5126,False,rtorrent,rakshasa/rtorrent,git@github.com:rakshasa/rtorrent.git,4764
MDEwOlJlcG9zaXRvcnkyNDk4NjAw,2011-10-02T08:35:02Z,2026-05-07T10:13:26Z,2026-03-04T10:22:44Z,1931,True,vision_visp,lagadic/vision_visp,git@github.com:lagadic/vision_visp.git,219
MDEwOlJlcG9zaXRvcnkyNDkwNDY4,2011-09-30T16:44:44Z,2026-05-06T22:14:05Z,2026-05-06T22:17:11Z,209435,True,Unvanquished,Unvanquished/Unvanquished,git@github.com:Unvanquished/Unvanquished.git,1099
MDEwOlJlcG9zaXRvcnkyNDcyMjMy,2011-09-28T02:11:59Z,2026-03-21T15:01:50Z,2026-03-21T15:01:46Z,224,True,rzmq,ropensci/rzmq,git@github.com:ropensci/rzmq.git,87
MDEwOlJlcG9zaXRvcnkyNDU5NjEz,2011-09-26T10:39:13Z,2026-04-20T17:36:25Z,2026-04-20T17:36:20Z,61428,True,fbalpha2012,libretro/fbalpha2012,git@github.com:libretro/fbalpha2012.git,30
MDEwOlJlcG9zaXRvcnkyNDQxNjMx,2011-09-23T02:54:10Z,2026-04-23T07:14:39Z,2026-04-21T03:34:10Z,23785,False,picasso,onecoolx/picasso,git@github.com:onecoolx/picasso.git,380
MDEwOlJlcG9zaXRvcnkyNDM2MjU1,2011-09-22T10:05:08Z,2026-05-07T09:09:58Z,2026-05-07T09:09:51Z,52022,True,osrm-backend,Project-OSRM/osrm-backend,git@github.com:Project-OSRM/osrm-backend.git,7690
MDEwOlJlcG9zaXRvcnkyNDIwOTY5,2011-09-20T07:35:55Z,2026-04-30T19:39:45Z,2026-04-28T15:06:26Z,16653,False,RSXGL,gzorin/RSXGL,git@github.com:gzorin/RSXGL.git,84
MDEwOlJlcG9zaXRvcnkyNDE4NzQ0,2011-09-19T22:21:05Z,2026-04-26T15:26:49Z,2026-04-17T17:30:54Z,54813,True,Smoothieware,Smoothieware/Smoothieware,git@github.com:Smoothieware/Smoothieware.git,1394
MDEwOlJlcG9zaXRvcnkyNDE4NTky,2011-09-19T21:53:51Z,2026-05-07T09:34:58Z,2026-05-07T09:36:02Z,843127,True,dart,dartsim/dart,git@github.com:dartsim/dart.git,1077
MDEwOlJlcG9zaXRvcnkyNDA4MDQ1,2011-09-18T04:16:33Z,2026-05-07T07:03:36Z,2026-04-07T05:58:13Z,975,False,pycdc,zrax/pycdc,git@github.com:zrax/pycdc.git,4433
MDEwOlJlcG9zaXRvcnkyNDA1Mjgx,2011-09-17T14:51:13Z,2026-05-04T21:14:01Z,2026-05-04T21:13:43Z,10419,False,actiona,Jmgr/actiona,git@github.com:Jmgr/actiona.git,680
MDEwOlJlcG9zaXRvcnkyMzgxMzk3,2011-09-13T21:07:40Z,2026-03-31T20:05:50Z,2026-05-05T13:48:57Z,118723,True,katydid,project8/katydid,git@github.com:project8/katydid.git,7
MDEwOlJlcG9zaXRvcnkyMzU2MDEz,2011-09-09T14:55:57Z,2026-05-01T07:38:01Z,2026-03-25T17:51:31Z,138229,True,mworks,mworks/mworks,git@github.com:mworks/mworks.git,19
MDEwOlJlcG9zaXRvcnkyMzU0NDY1,2011-09-09T09:07:15Z,2026-03-09T17:24:55Z,2026-03-09T17:24:50Z,1580,False,coquillo,sjuvonen/coquillo,git@github.com:sjuvonen/coquillo.git,4
MDEwOlJlcG9zaXRvcnkyMzQ3MzA2,2011-09-08T08:51:33Z,2026-04-04T07:16:58Z,2026-04-04T07:16:53Z,98,True,DGtalScripts,DGtal-team/DGtalScripts,git@github.com:DGtal-team/DGtalScripts.git,5
MDEwOlJlcG9zaXRvcnkyMzQ1NjI5,2011-09-08T01:17:03Z,2026-05-04T15:12:56Z,2026-05-04T14:27:26Z,8199,False,websocketpp,zaphoyd/websocketpp,git@github.com:zaphoyd/websocketpp.git,7678
MDEwOlJlcG9zaXRvcnkyMzE5NDk4,2011-09-03T15:27:51Z,2026-05-06T09:37:49Z,2026-05-05T17:36:59Z,169524,True,subsurface,subsurface/subsurface,git@github.com:subsurface/subsurface.git,3095
MDEwOlJlcG9zaXRvcnkyMzEwNDk1,2011-09-01T21:41:26Z,2026-05-07T11:42:18Z,2026-05-07T11:42:09Z,906283,True,ceph,ceph/ceph,git@github.com:ceph/ceph.git,16554
MDEwOlJlcG9zaXRvcnkyMjk4MjY5,2011-08-30T22:41:50Z,2026-04-27T22:39:55Z,2026-04-27T22:39:50Z,7060,True,vzlogger,volkszaehler/vzlogger,git@github.com:volkszaehler/vzlogger.git,162
MDEwOlJlcG9zaXRvcnkyMjk3MjY5,2011-08-30T19:52:47Z,2026-05-06T22:34:37Z,2026-03-05T06:48:25Z,2019,False,libdivide,ridiculousfish/libdivide,git@github.com:ridiculousfish/libdivide.git,1319
MDEwOlJlcG9zaXRvcnkyMjg0NTEy,2011-08-28T18:49:52Z,2026-04-09T03:05:59Z,2026-05-04T19:45:43Z,53064,True,stonesense,DFHack/stonesense,git@github.com:DFHack/stonesense.git,379
MDEwOlJlcG9zaXRvcnkyMjcyOTM5,2011-08-26T07:54:48Z,2026-05-07T11:49:34Z,2026-05-07T11:49:30Z,139995,False,openbsd-wip,jasperla/openbsd-wip,git@github.com:jasperla/openbsd-wip.git,285
MDEwOlJlcG9zaXRvcnkyMjY5ODY4,2011-08-25T18:59:32Z,2026-05-07T07:11:58Z,2026-05-02T16:13:24Z,26669,True,rr,rr-debugger/rr,git@github.com:rr-debugger/rr.git,10486
MDEwOlJlcG9zaXRvcnkyMjYzOTUw,2011-08-24T19:59:38Z,2026-04-22T19:11:30Z,2026-04-03T19:42:37Z,1456,False,pkgfile,falconindy/pkgfile,git@github.com:falconindy/pkgfile.git,112
MDEwOlJlcG9zaXRvcnkyMjQxMDU1,2011-08-20T23:06:10Z,2026-04-23T12:47:25Z,2026-04-23T12:47:20Z,143,True,ITKIOOpenSlide,InsightSoftwareConsortium/ITKIOOpenSlide,git@github.com:InsightSoftwareConsortium/ITKIOOpenSlide.git,12
MDEwOlJlcG9zaXRvcnkyMjM2MTE2,2011-08-19T20:16:19Z,2026-05-05T17:29:51Z,2026-05-05T17:29:46Z,1864,True,LASzip,LASzip/LASzip,git@github.com:LASzip/LASzip.git,227
MDEwOlJlcG9zaXRvcnkyMjM1OTEx,2011-08-19T19:42:48Z,2026-04-13T07:57:47Z,2026-04-13T07:57:37Z,47331,True,libLAS,libLAS/libLAS,git@github.com:libLAS/libLAS.git,330
MDEwOlJlcG9zaXRvcnkyMjM0ODYz,2011-08-19T15:57:50Z,2026-05-04T18:20:08Z,2026-05-06T20:13:56Z,212777,True,PDAL,PDAL/PDAL,git@github.com:PDAL/PDAL.git,1366
MDEwOlJlcG9zaXRvcnkyMjE1NDE5,2011-08-16T11:50:04Z,2026-04-14T00:31:46Z,2026-03-31T18:17:48Z,31442,True,grSim,RoboCup-SSL/grSim,git@github.com:RoboCup-SSL/grSim.git,153
MDEwOlJlcG9zaXRvcnkyMjAwODU2,2011-08-13T08:07:20Z,2026-05-06T20:03:06Z,2026-05-06T12:48:33Z,257671,True,Marlin,MarlinFirmware/Marlin,git@github.com:MarlinFirmware/Marlin.git,17387
MDEwOlJlcG9zaXRvcnkyMTg5OTg2,2011-08-11T08:33:27Z,2026-04-10T12:06:26Z,2026-05-06T12:50:48Z,83329,True,eclide,hpcc-systems/eclide,git@github.com:hpcc-systems/eclide.git,19
MDEwOlJlcG9zaXRvcnkyMTc4NTU1,2011-08-09T10:00:40Z,2026-05-02T23:44:59Z,2026-04-05T16:23:23Z,6780,False,fxruby,larskanis/fxruby,git@github.com:larskanis/fxruby.git,269
MDEwOlJlcG9zaXRvcnkyMTcxNTUx,2011-08-08T04:29:19Z,2026-04-28T14:19:53Z,2026-03-23T20:04:04Z,20209,False,lftp,lavv17/lftp,git@github.com:lavv17/lftp.git,1277
MDEwOlJlcG9zaXRvcnkyMTY4Nzgw,2011-08-07T13:48:36Z,2026-05-07T09:47:16Z,2026-05-06T17:48:03Z,136696,True,luanti,luanti-org/luanti,git@github.com:luanti-org/luanti.git,12845
MDEwOlJlcG9zaXRvcnkyMTYzMTg4,2011-08-06T00:05:36Z,2026-04-22T15:20:02Z,2026-04-22T15:19:57Z,54634,True,zotero-word-for-windows-integration,zotero/zotero-word-for-windows-integration,git@github.com:zotero/zotero-word-for-windows-integration.git,58
MDEwOlJlcG9zaXRvcnkyMTQ1MDQ3,2011-08-02T20:56:06Z,2026-05-04T07:47:00Z,2026-05-02T20:16:37Z,1453,False,RapidCRC-Unicode,OV2/RapidCRC-Unicode,git@github.com:OV2/RapidCRC-Unicode.git,358
MDEwOlJlcG9zaXRvcnkyMTIzMzQw,2011-07-29T10:21:40Z,2026-05-04T16:26:40Z,2026-04-20T13:55:36Z,527159,True,zypper,openSUSE/zypper,git@github.com:openSUSE/zypper.git,475
MDEwOlJlcG9zaXRvcnkyMTIzMzM2,2011-07-29T10:20:34Z,2026-05-06T08:58:02Z,2026-05-06T12:37:59Z,294485,True,libzypp,openSUSE/libzypp,git@github.com:openSUSE/libzypp.git,126
MDEwOlJlcG9zaXRvcnkyMTA5Nzg2,2011-07-26T22:43:15Z,2026-04-11T14:13:23Z,2026-05-06T21:28:03Z,333979,True,Stroika,SophistSolutions/Stroika,git@github.com:SophistSolutions/Stroika.git,142
MDEwOlJlcG9zaXRvcnkyMDg3MzEz,2011-07-22T05:40:03Z,2026-05-01T20:56:21Z,2026-05-01T20:56:17Z,11268,False,mimosa,abique/mimosa,git@github.com:abique/mimosa.git,44
MDEwOlJlcG9zaXRvcnkyMDcwNDgy,2011-07-19T05:15:16Z,2026-05-07T01:28:27Z,2026-05-07T01:28:22Z,25811,False,rtags,Andersbakken/rtags,git@github.com:Andersbakken/rtags.git,1843
MDEwOlJlcG9zaXRvcnkyMDUyMTIx,2011-07-15T08:34:12Z,2026-03-30T01:50:28Z,2026-03-30T01:51:12Z,285,False,Mykytea-python,chezou/Mykytea-python,git@github.com:chezou/Mykytea-python.git,36
MDEwOlJlcG9zaXRvcnkyMDMwNjgx,2011-07-11T14:29:51Z,2026-05-05T14:23:34Z,2026-05-07T09:51:08Z,341194,True,HPCC-Platform,hpcc-systems/HPCC-Platform,git@github.com:hpcc-systems/HPCC-Platform.git,612
MDEwOlJlcG9zaXRvcnkyMDI5OTcx,2011-07-11T11:52:53Z,2026-03-13T18:29:16Z,2026-03-13T18:29:12Z,4190,False,xmlwrapp,vslavik/xmlwrapp,git@github.com:vslavik/xmlwrapp.git,41
MDEwOlJlcG9zaXRvcnkyMDE3MjMy,2011-07-08T10:05:12Z,2026-04-21T08:40:57Z,2026-03-04T05:21:10Z,1568,False,redsea,windytan/redsea,git@github.com:windytan/redsea.git,434
MDEwOlJlcG9zaXRvcnkyMDE2MDk0,2011-07-08T04:20:48Z,2026-05-06T12:27:45Z,2026-05-06T12:57:44Z,3999,True,cubeb,mozilla/cubeb,git@github.com:mozilla/cubeb.git,483
MDEwOlJlcG9zaXRvcnkyMDA1NDM5,2011-07-06T08:34:57Z,2026-04-25T23:24:16Z,2026-04-25T23:24:36Z,115449,False,vigra,ukoethe/vigra,git@github.com:ukoethe/vigra.git,438
MDEwOlJlcG9zaXRvcnkxOTkwNjIz,2011-07-03T09:56:25Z,2026-03-23T02:53:14Z,2026-03-23T02:53:10Z,391813,False,DoubleAction,BSVino/DoubleAction,git@github.com:BSVino/DoubleAction.git,178
MDEwOlJlcG9zaXRvcnkxOTY4MjMy,2011-06-28T19:06:45Z,2026-05-06T11:54:50Z,2026-05-06T11:54:37Z,188513,True,Singular,Singular/Singular,git@github.com:Singular/Singular.git,308
MDEwOlJlcG9zaXRvcnkxOTU2Nzk4,2011-06-26T18:45:48Z,2026-03-22T21:04:45Z,2026-03-22T21:04:42Z,4180,True,plugins,psi-im/plugins,git@github.com:psi-im/plugins.git,60
MDEwOlJlcG9zaXRvcnkxOTUyNTc4,2011-06-25T15:57:50Z,2026-04-14T14:28:50Z,2026-03-21T13:09:45Z,887,True,SlicerExecutionModel,Slicer/SlicerExecutionModel,git@github.com:Slicer/SlicerExecutionModel.git,40
MDEwOlJlcG9zaXRvcnkxOTQxODUz,2011-06-23T14:11:06Z,2026-04-29T20:18:11Z,2026-04-29T20:18:06Z,8219,False,R-Package-crs,JeffreyRacine/R-Package-crs,git@github.com:JeffreyRacine/R-Package-crs.git,17
MDEwOlJlcG9zaXRvcnkxOTQwOTA1,2011-06-23T10:34:46Z,2026-04-19T08:26:07Z,2026-04-24T07:49:40Z,63986,True,subtivals,Subtivals/subtivals,git@github.com:Subtivals/subtivals.git,19
MDEwOlJlcG9zaXRvcnkxOTMxMzU2,2011-06-21T20:21:45Z,2026-05-06T02:22:02Z,2026-05-06T19:21:53Z,50822,True,ispc,ispc/ispc,git@github.com:ispc/ispc.git,2872
MDEwOlJlcG9zaXRvcnkxOTI2NTI1,2011-06-20T23:45:46Z,2026-05-05T13:01:46Z,2026-03-03T14:49:02Z,267,True,DHT-sensor-library,adafruit/DHT-sensor-library,git@github.com:adafruit/DHT-sensor-library.git,2141
MDEwOlJlcG9zaXRvcnkxOTE5NDIz,2011-06-19T14:06:02Z,2026-04-27T14:20:29Z,2026-04-15T14:16:59Z,4955,True,libspatialindex,libspatialindex/libspatialindex,git@github.com:libspatialindex/libspatialindex.git,787
MDEwOlJlcG9zaXRvcnkxOTA0MTU2,2011-06-16T05:35:19Z,2026-05-07T11:00:13Z,2026-05-07T11:00:06Z,473471,True,haiku,haiku/haiku,git@github.com:haiku/haiku.git,2221
MDEwOlJlcG9zaXRvcnkxODc4MTgy,2011-06-10T21:57:25Z,2026-04-24T02:01:27Z,2026-04-24T02:01:24Z,32116,False,Liturgia-hodin-online,breviar-sk/Liturgia-hodin-online,git@github.com:breviar-sk/Liturgia-hodin-online.git,31
MDEwOlJlcG9zaXRvcnkxODYwNjEy,2011-06-07T15:48:38Z,2026-05-04T13:59:02Z,2026-05-05T15:06:19Z,17271,True,fifechan,fifengine/fifechan,git@github.com:fifengine/fifechan.git,55
MDEwOlJlcG9zaXRvcnkxODU4OTg1,2011-06-07T08:55:09Z,2026-04-13T08:15:08Z,2026-04-13T08:16:25Z,10788,False,apvlv,naihe2010/apvlv,git@github.com:naihe2010/apvlv.git,255
MDEwOlJlcG9zaXRvcnkxODQzMDQz,2011-06-03T15:36:25Z,2026-03-04T01:26:54Z,2026-04-24T19:00:56Z,165797,True,OP2-Common,OP-DSL/OP2-Common,git@github.com:OP-DSL/OP2-Common.git,108
MDEwOlJlcG9zaXRvcnkxODIxMTEx,2011-05-30T11:10:10Z,2026-04-01T05:31:55Z,2026-04-01T05:31:52Z,149158,False,game,macBdog/game,git@github.com:macBdog/game.git,6
MDEwOlJlcG9zaXRvcnkxODE3Mzc2,2011-05-29T12:35:44Z,2026-05-06T06:56:14Z,2026-03-09T12:18:06Z,578,True,node-hid,node-hid/node-hid,git@github.com:node-hid/node-hid.git,1583
MDEwOlJlcG9zaXRvcnkxNzk5ODk1,2011-05-25T16:40:52Z,2026-05-07T07:10:09Z,2026-03-23T08:54:08Z,731,True,cppzmq,zeromq/cppzmq,git@github.com:zeromq/cppzmq.git,2296
MDEwOlJlcG9zaXRvcnkxNzg0MTYy,2011-05-22T15:26:06Z,2026-04-26T10:09:04Z,2026-04-28T20:21:41Z,2649,True,nulloy,nulloy/nulloy,git@github.com:nulloy/nulloy.git,183
MDEwOlJlcG9zaXRvcnkxNzY3MTMz,2011-05-18T17:11:07Z,2026-04-25T09:43:05Z,2026-04-20T19:26:27Z,24009,True,ktechlab,ktechlab/ktechlab,git@github.com:ktechlab/ktechlab.git,447
MDEwOlJlcG9zaXRvcnkxNzY0NjQ2,2011-05-18T05:54:03Z,2026-05-07T06:58:13Z,2026-05-02T21:23:19Z,443144,True,wxWidgets,wxWidgets/wxWidgets,git@github.com:wxWidgets/wxWidgets.git,7118
MDEwOlJlcG9zaXRvcnkxNzYwNzky,2011-05-17T13:21:51Z,2026-04-29T14:56:36Z,2026-05-07T09:06:02Z,265316,True,MITK,MITK/MITK,git@github.com:MITK/MITK.git,811
MDEwOlJlcG9zaXRvcnkxNzM3ODA0,2011-05-12T10:27:08Z,2026-05-04T18:26:33Z,2026-05-06T16:24:39Z,420435,True,openlierox,openlierox/openlierox,git@github.com:openlierox/openlierox.git,288
MDEwOlJlcG9zaXRvcnkxNzEwMzUx,2011-05-06T08:49:15Z,2026-05-07T06:53:05Z,2026-04-30T12:51:20Z,32081,True,gambit,gambitproject/gambit,git@github.com:gambitproject/gambit.git,545
MDEwOlJlcG9zaXRvcnkxNzA5MDk1,2011-05-06T00:20:52Z,2026-04-30T17:40:56Z,2026-04-29T08:28:37Z,218769,True,DGtal,DGtal-team/DGtal,git@github.com:DGtal-team/DGtal.git,397
MDEwOlJlcG9zaXRvcnkxNzAxMzg0,2011-05-04T14:09:57Z,2026-05-05T21:56:11Z,2026-05-05T21:56:07Z,1107351,True,ogs,ufz/ogs,git@github.com:ufz/ogs.git,120
MDEwOlJlcG9zaXRvcnkxNjk4OTU1,2011-05-04T00:14:23Z,2026-05-04T00:27:03Z,2026-03-02T00:58:43Z,10873,True,csmith,csmith-project/csmith,git@github.com:csmith-project/csmith.git,1187
MDEwOlJlcG9zaXRvcnkxNjkxOTY3,2011-05-02T16:04:01Z,2026-05-07T02:44:21Z,2026-04-27T06:49:34Z,67645,True,synfig,synfig/synfig,git@github.com:synfig/synfig.git,2217
MDEwOlJlcG9zaXRvcnkxNjkwNDgw,2011-05-02T08:06:26Z,2026-05-07T11:05:27Z,2026-05-07T10:12:35Z,5321297,True,QGIS,qgis/QGIS,git@github.com:qgis/QGIS.git,13709
MDEwOlJlcG9zaXRvcnkxNjc1MTcx,2011-04-28T10:21:42Z,2026-05-03T16:11:56Z,2026-05-05T18:36:20Z,33208,False,wex,antonvw/wex,git@github.com:antonvw/wex.git,15
MDEwOlJlcG9zaXRvcnkxNjY0NjYx,2011-04-26T12:04:03Z,2026-03-22T05:34:41Z,2026-03-22T05:34:36Z,35,False,timezone,mikelward/timezone,git@github.com:mikelward/timezone.git,2
MDEwOlJlcG9zaXRvcnkxNjQ2NTQx,2011-04-21T18:05:57Z,2026-04-21T11:25:53Z,2026-04-11T23:08:09Z,74,True,pystring,imageworks/pystring,git@github.com:imageworks/pystring.git,1086
MDEwOlJlcG9zaXRvcnkxNjE5NDU3,2011-04-15T15:09:21Z,2026-04-27T07:07:53Z,2026-04-21T07:35:43Z,273493,True,redemption,wallix/redemption,git@github.com:wallix/redemption.git,242
MDEwOlJlcG9zaXRvcnkxNjExNTMw,2011-04-13T21:37:46Z,2026-05-06T23:06:26Z,2026-05-06T15:22:45Z,21605,True,apitrace,apitrace/apitrace,git@github.com:apitrace/apitrace.git,2823
MDEwOlJlcG9zaXRvcnkxNTk2NTgw,2011-04-10T22:41:47Z,2026-05-07T11:30:58Z,2026-05-03T14:39:24Z,170790,True,LibreCAD,LibreCAD/LibreCAD,git@github.com:LibreCAD/LibreCAD.git,5828
MDEwOlJlcG9zaXRvcnkxNTkzMDUz,2011-04-09T22:17:05Z,2026-05-07T03:06:51Z,2026-05-07T03:06:46Z,1294305,True,pioneer,pioneerspacesim/pioneer,git@github.com:pioneerspacesim/pioneer.git,1856
MDEwOlJlcG9zaXRvcnkxNTkwMjU3,2011-04-09T03:07:38Z,2026-03-16T16:02:37Z,2026-03-03T00:28:20Z,1738,True,dirtsand,H-uru/dirtsand,git@github.com:H-uru/dirtsand.git,40
MDEwOlJlcG9zaXRvcnkxNTc5ODU2,2011-04-06T23:41:12Z,2026-05-06T02:17:52Z,2026-05-05T19:33:35Z,61106,True,Plasma,H-uru/Plasma,git@github.com:H-uru/Plasma.git,231
MDEwOlJlcG9zaXRvcnkxNTYwNjcx,2011-04-02T20:06:41Z,2026-03-04T20:06:26Z,2026-03-04T20:06:15Z,5736,False,Homeworlds,Quuxplusone/Homeworlds,git@github.com:Quuxplusone/Homeworlds.git,22
MDEwOlJlcG9zaXRvcnkxNTI0Njg0,2011-03-25T08:05:25Z,2026-05-07T11:31:49Z,2026-05-06T07:44:43Z,115166,True,SFML,SFML/SFML,git@github.com:SFML/SFML.git,11839
MDEwOlJlcG9zaXRvcnkxNTI0NjQ0,2011-03-25T07:43:15Z,2026-05-06T09:19:39Z,2026-05-06T09:19:34Z,165394,True,espresso,espressomd/espresso,git@github.com:espressomd/espresso.git,267
MDEwOlJlcG9zaXRvcnkxNTExODE0,2011-03-22T15:20:09Z,2026-05-01T11:32:32Z,2026-05-01T11:32:24Z,64228,False,sanguis,cpreh/sanguis,git@github.com:cpreh/sanguis.git,1
MDEwOlJlcG9zaXRvcnkxNDk2Mzk1,2011-03-18T14:50:55Z,2026-04-14T16:03:48Z,2026-04-14T16:03:43Z,11294,False,test,phuang/test,git@github.com:phuang/test.git,6
MDEwOlJlcG9zaXRvcnkxNDkwMzE2,2011-03-17T04:12:09Z,2026-04-09T01:35:47Z,2026-04-09T01:36:53Z,24001,False,springlobby,SpliFF/springlobby,git@github.com:SpliFF/springlobby.git,1
MDEwOlJlcG9zaXRvcnkxNDgwNjYz,2011-03-14T23:44:32Z,2026-03-22T19:44:42Z,2026-03-22T19:44:39Z,36994,True,mana,mana/mana,git@github.com:mana/mana.git,73
MDEwOlJlcG9zaXRvcnkxNDcwMTQy,2011-03-11T23:31:06Z,2026-05-03T17:08:57Z,2026-05-03T17:08:53Z,8372,True,munt,munt/munt,git@github.com:munt/munt.git,785
MDEwOlJlcG9zaXRvcnkxNDY1MDMz,2011-03-10T19:36:24Z,2026-05-04T11:06:10Z,2026-05-04T11:06:05Z,7960,True,taglib,taglib/taglib,git@github.com:taglib/taglib.git,1401
MDEwOlJlcG9zaXRvcnkxNDY0MjQ1,2011-03-10T16:30:38Z,2026-04-09T20:02:30Z,2026-04-09T20:02:25Z,2504,False,clocks,humbhenri/clocks,git@github.com:humbhenri/clocks.git,8
MDEwOlJlcG9zaXRvcnkxNDYxOTU0,2011-03-10T02:44:05Z,2026-05-05T21:47:58Z,2026-05-06T05:25:19Z,231986,True,OpenShadingLanguage,AcademySoftwareFoundation/OpenShadingLanguage,git@github.com:AcademySoftwareFoundation/OpenShadingLanguage.git,2288
MDEwOlJlcG9zaXRvcnkxNDU0MzUw,2011-03-08T11:51:24Z,2026-03-06T13:47:00Z,2026-03-06T13:46:56Z,971,False,mytget,lytsing/mytget,git@github.com:lytsing/mytget.git,29
MDEwOlJlcG9zaXRvcnkxNDM5NzM4,2011-03-04T14:59:50Z,2026-05-07T02:28:59Z,2026-05-06T08:58:18Z,45533,True,actor-framework,actor-framework/actor-framework,git@github.com:actor-framework/actor-framework.git,3415
MDEwOlJlcG9zaXRvcnkxNDIzMDk5,2011-02-28T20:25:57Z,2026-05-07T06:25:21Z,2026-05-07T06:26:15Z,527845,True,wxmaxima,wxMaxima-developers/wxmaxima,git@github.com:wxMaxima-developers/wxmaxima.git,543
MDEwOlJlcG9zaXRvcnkxNDE4OTQx,2011-02-27T20:00:51Z,2026-05-05T12:59:54Z,2026-05-05T21:48:23Z,8718,True,ultrajson,ultrajson/ultrajson,git@github.com:ultrajson/ultrajson.git,4483
MDEwOlJlcG9zaXRvcnkxNDE4MTUw,2011-02-27T15:18:22Z,2026-05-07T05:46:02Z,2026-05-07T07:01:30Z,104272,True,tiled,mapeditor/tiled,git@github.com:mapeditor/tiled.git,12515
MDEwOlJlcG9zaXRvcnkxNDEzMzE5,2011-02-26T01:30:08Z,2026-05-06T15:44:22Z,2026-04-30T12:02:23Z,140654,True,mumble,mumble-voip/mumble,git@github.com:mumble-voip/mumble.git,7982
MDEwOlJlcG9zaXRvcnkxMzY4MTk1,2011-02-15T05:18:45Z,2026-05-07T07:01:45Z,2026-03-03T12:41:03Z,27921,False,asio,chriskohlhoff/asio,git@github.com:chriskohlhoff/asio.git,5843
MDEwOlJlcG9zaXRvcnkxMzU4OTQ5,2011-02-12T15:52:02Z,2026-05-03T15:06:05Z,2026-04-03T11:56:48Z,6100,True,scummvm-tools,scummvm/scummvm-tools,git@github.com:scummvm/scummvm-tools.git,77
MDEwOlJlcG9zaXRvcnkxMzU4OTQw,2011-02-12T15:50:57Z,2026-05-07T02:50:44Z,2026-05-07T02:31:49Z,2345976,True,scummvm,scummvm/scummvm,git@github.com:scummvm/scummvm.git,2691
MDEwOlJlcG9zaXRvcnkxMzU3Nzk2,2011-02-12T05:23:30Z,2026-05-07T07:20:02Z,2026-05-07T07:12:42Z,265877,True,emscripten,emscripten-core/emscripten,git@github.com:emscripten-core/emscripten.git,27347
MDEwOlJlcG9zaXRvcnkxMzQ5Nzkz,2011-02-10T07:49:27Z,2026-05-02T13:00:40Z,2026-04-06T21:27:53Z,15176,True,spectrum2,SpectrumIM/spectrum2,git@github.com:SpectrumIM/spectrum2.git,417
MDEwOlJlcG9zaXRvcnkxMzQ1MTYz,2011-02-09T05:30:43Z,2026-05-06T10:35:28Z,2026-04-21T06:36:39Z,54700,True,RSEM,deweylab/RSEM,git@github.com:deweylab/RSEM.git,471
MDEwOlJlcG9zaXRvcnkxMzM1MTMy,2011-02-06T19:07:12Z,2026-05-07T05:52:00Z,2026-04-28T05:51:10Z,5279,True,ninja,ninja-build/ninja,git@github.com:ninja-build/ninja.git,12924
MDEwOlJlcG9zaXRvcnkxMzM0OTI0,2011-02-06T17:54:56Z,2026-05-04T03:32:36Z,2026-03-19T05:09:54Z,34739,True,OpenXcom,OpenXcom/OpenXcom,git@github.com:OpenXcom/OpenXcom.git,2170
MDEwOlJlcG9zaXRvcnkxMzMwMjE5,2011-02-05T01:07:35Z,2026-03-11T20:31:54Z,2026-03-11T20:31:49Z,10688,True,libhtp,OISF/libhtp,git@github.com:OISF/libhtp.git,310
MDEwOlJlcG9zaXRvcnkxMzI4MDky,2011-02-04T13:45:24Z,2026-03-27T09:13:30Z,2026-03-27T09:13:24Z,186294,False,secu3man,ashabelnikov/secu3man,git@github.com:ashabelnikov/secu3man.git,11
MDEwOlJlcG9zaXRvcnkxMzI0OTY0,2011-02-03T17:36:18Z,2026-03-26T18:23:12Z,2026-03-26T18:23:05Z,25,False,Space2Ctrl,r0adrunner/Space2Ctrl,git@github.com:r0adrunner/Space2Ctrl.git,136
MDEwOlJlcG9zaXRvcnkxMzIyMjg0,2011-02-02T23:03:28Z,2026-05-07T04:35:36Z,2026-05-07T04:34:58Z,195440,True,OpenImageIO,AcademySoftwareFoundation/OpenImageIO,git@github.com:AcademySoftwareFoundation/OpenImageIO.git,2285
MDEwOlJlcG9zaXRvcnkxMzIwNTk0,2011-02-02T14:57:01Z,2026-05-07T08:12:54Z,2026-04-28T18:01:49Z,78052,True,ModSecurity,owasp-modsecurity/ModSecurity,git@github.com:owasp-modsecurity/ModSecurity.git,9631
MDEwOlJlcG9zaXRvcnkxMzEzNTE3,2011-01-31T20:07:16Z,2026-05-06T16:18:26Z,2026-05-06T16:36:47Z,41781,False,jngl,jhasse/jngl,git@github.com:jhasse/jngl.git,317
MDEwOlJlcG9zaXRvcnkxMzA5MTE4,2011-01-30T15:01:32Z,2026-04-20T07:08:52Z,2026-03-21T15:35:44Z,2901,False,ofxMightyUI,kritzikratzi/ofxMightyUI,git@github.com:kritzikratzi/ofxMightyUI.git,67
MDEwOlJlcG9zaXRvcnkxMzAwNTY0,2011-01-27T21:11:16Z,2026-04-29T02:03:19Z,2026-05-05T21:27:32Z,107965,True,quda,lattice/quda,git@github.com:lattice/quda.git,349
MDEwOlJlcG9zaXRvcnkxMjg5MDY5,2011-01-24T20:30:08Z,2026-04-27T17:18:37Z,2026-04-27T17:18:32Z,337,True,hpp-template-corba,humanoid-path-planner/hpp-template-corba,git@github.com:humanoid-path-planner/hpp-template-corba.git,1
MDEwOlJlcG9zaXRvcnkxMjU3NTc4,2011-01-15T12:57:58Z,2026-04-24T08:52:22Z,2026-03-12T10:21:59Z,3591,True,lanes,LuaLanes/lanes,git@github.com:LuaLanes/lanes.git,532
MDEwOlJlcG9zaXRvcnkxMjQ0OTE4,2011-01-12T10:15:15Z,2026-04-02T23:55:04Z,2026-04-03T00:06:03Z,2469,False,php-rar,cataphract/php-rar,git@github.com:cataphract/php-rar.git,42
MDEwOlJlcG9zaXRvcnkxMjM1NDg1,2011-01-09T16:55:30Z,2026-04-22T21:03:39Z,2026-04-27T20:38:51Z,82478,True,LK8000,LK8000/LK8000,git@github.com:LK8000/LK8000.git,119
MDEwOlJlcG9zaXRvcnkxMjM0Nzgz,2011-01-09T09:41:02Z,2026-05-07T11:06:17Z,2026-03-22T20:20:13Z,2756,True,mosh,mobile-shell/mosh,git@github.com:mobile-shell/mosh.git,13881
MDEwOlJlcG9zaXRvcnkxMjI2ODIz,2011-01-06T16:34:49Z,2026-05-03T11:35:08Z,2026-05-02T20:53:44Z,7095,True,ChaiScript,ChaiScript/ChaiScript,git@github.com:ChaiScript/ChaiScript.git,3116
MDEwOlJlcG9zaXRvcnkxMjI2NzY4,2011-01-06T16:12:34Z,2026-05-06T19:21:39Z,2026-05-06T19:21:34Z,74572,False,spacegameengine,cpreh/spacegameengine,git@github.com:cpreh/spacegameengine.git,7
MDEwOlJlcG9zaXRvcnkxMjI2NzU1,2011-01-06T16:08:30Z,2026-05-04T07:51:06Z,2026-05-04T07:51:01Z,20188,False,fcppt,cpreh/fcppt,git@github.com:cpreh/fcppt.git,33
MDEwOlJlcG9zaXRvcnkxMjE3NjE0,2011-01-03T21:18:51Z,2026-05-07T09:33:05Z,2026-05-06T17:05:05Z,1646219,True,xbmc,xbmc/xbmc,git@github.com:xbmc/xbmc.git,20728
MDEwOlJlcG9zaXRvcnkxMjE0OTYw,2011-01-02T21:33:24Z,2026-03-09T15:45:42Z,2026-03-09T15:45:36Z,692,False,blang,benpayne/blang,git@github.com:benpayne/blang.git,1
MDEwOlJlcG9zaXRvcnkxMjA0NDEy,2010-12-28T23:40:07Z,2026-05-07T09:11:00Z,2026-05-07T09:10:50Z,1409775,True,TrinityCore,TrinityCore/TrinityCore,git@github.com:TrinityCore/TrinityCore.git,10544
MDEwOlJlcG9zaXRvcnkxMTk3MjA2,2010-12-25T14:10:21Z,2026-05-04T17:30:03Z,2026-04-22T22:00:06Z,175167,True,TortoiseGit,TortoiseGit/TortoiseGit,git@github.com:TortoiseGit/TortoiseGit.git,1642
MDEwOlJlcG9zaXRvcnkxMTkwOTU3,2010-12-22T19:06:07Z,2026-04-26T19:31:08Z,2026-04-26T19:31:04Z,1385,False,hexalate,gottcode/hexalate,git@github.com:gottcode/hexalate.git,11
MDEwOlJlcG9zaXRvcnkxMTgyNzU2,2010-12-19T22:19:59Z,2026-05-06T19:34:30Z,2026-05-05T10:30:21Z,62153,False,magnum,mosra/magnum,git@github.com:mosra/magnum.git,5153
MDEwOlJlcG9zaXRvcnkxMTgxOTI3,2010-12-19T15:16:43Z,2026-05-07T11:19:18Z,2026-05-07T09:41:43Z,312486,True,bitcoin,bitcoin/bitcoin,git@github.com:bitcoin/bitcoin.git,89028
MDEwOlJlcG9zaXRvcnkxMTc3NDY2,2010-12-17T15:29:21Z,2026-05-01T13:15:19Z,2026-04-07T06:34:01Z,21731,True,vdrift,VDrift/vdrift,git@github.com:VDrift/vdrift.git,402
MDEwOlJlcG9zaXRvcnkxMTM5Njgz,2010-12-05T03:53:54Z,2026-04-19T23:40:53Z,2026-04-19T23:40:47Z,73748,False,Lumiera,Ichthyostega/Lumiera,git@github.com:Ichthyostega/Lumiera.git,15
MDEwOlJlcG9zaXRvcnkxMTMzNzgz,2010-12-03T00:29:35Z,2026-05-01T21:27:49Z,2026-05-07T02:37:55Z,559829,True,mythtv,MythTV/mythtv,git@github.com:MythTV/mythtv.git,768
MDEwOlJlcG9zaXRvcnkxMTE2NTQy,2010-11-27T09:41:48Z,2026-05-07T10:08:24Z,2026-03-10T10:01:53Z,31491,True,aria2,aria2/aria2,git@github.com:aria2/aria2.git,40836
MDEwOlJlcG9zaXRvcnkxMTAyNDMy,2010-11-22T14:02:17Z,2026-04-27T09:57:18Z,2026-03-02T20:33:10Z,15815,False,fityk,wojdyr/fityk,git@github.com:wojdyr/fityk.git,297
MDEwOlJlcG9zaXRvcnkxMDk2ODk1,2010-11-20T07:56:19Z,2026-05-07T05:37:56Z,2026-04-29T12:32:10Z,5015,False,qaac,nu774/qaac,git@github.com:nu774/qaac.git,956
MDEwOlJlcG9zaXRvcnkxMDk2NDgw,2010-11-20T01:50:32Z,2026-05-06T07:28:13Z,2026-04-10T23:31:55Z,50513,False,Pangolin,stevenlovegrove/Pangolin,git@github.com:stevenlovegrove/Pangolin.git,2716
MDEwOlJlcG9zaXRvcnkxMDg0MTgx,2010-11-16T04:36:26Z,2026-05-07T07:00:42Z,2026-05-06T03:11:45Z,712775,True,warzone2100,Warzone2100/warzone2100,git@github.com:Warzone2100/warzone2100.git,3798
MDEwOlJlcG9zaXRvcnkxMDg0MTE0,2010-11-16T04:00:45Z,2026-04-28T08:01:00Z,2026-04-28T08:01:45Z,22087,True,node-mapnik,mapnik/node-mapnik,git@github.com:mapnik/node-mapnik.git,544
MDEwOlJlcG9zaXRvcnkxMDgxNjY3,2010-11-15T11:34:55Z,2026-05-06T09:40:11Z,2026-05-06T09:40:06Z,38931,False,GDCM,malaterre/GDCM,git@github.com:malaterre/GDCM.git,390
MDEwOlJlcG9zaXRvcnkxMDY5MTc3,2010-11-10T18:56:04Z,2026-05-07T09:37:34Z,2026-05-07T08:46:34Z,26360,True,SimpleITK,SimpleITK/SimpleITK,git@github.com:SimpleITK/SimpleITK.git,1058
MDEwOlJlcG9zaXRvcnkxMDY5MDY4,2010-11-10T18:16:29Z,2026-04-26T19:31:17Z,2026-04-26T19:31:12Z,2431,False,kapow,gottcode/kapow,git@github.com:gottcode/kapow.git,97
MDEwOlJlcG9zaXRvcnkxMDYyNTcy,2010-11-08T18:22:56Z,2026-05-07T08:12:51Z,2026-05-07T11:42:16Z,32991,True,Catch2,catchorg/Catch2,git@github.com:catchorg/Catch2.git,20363
MDEwOlJlcG9zaXRvcnkxMDUwMjQ1,2010-11-04T05:31:16Z,2026-05-07T07:39:07Z,2026-05-05T03:45:07Z,764579,True,pgrouting,pgRouting/pgrouting,git@github.com:pgRouting/pgrouting.git,1393
MDEwOlJlcG9zaXRvcnkxMDQ5MDg4,2010-11-03T20:25:33Z,2026-05-07T10:50:23Z,2026-04-26T17:45:51Z,82381,True,openscad,openscad/openscad,git@github.com:openscad/openscad.git,9347
MDEwOlJlcG9zaXRvcnkxMDM3NDk5,2010-10-30T14:18:08Z,2026-04-18T00:09:25Z,2026-05-06T23:20:55Z,19282,False,xtracer,4rknova/xtracer,git@github.com:4rknova/xtracer.git,31
MDEwOlJlcG9zaXRvcnkxMDMzMjcx,2010-10-28T21:41:07Z,2026-05-06T19:20:09Z,2026-03-13T23:57:02Z,9406,True,gqrx,gqrx-sdr/gqrx,git@github.com:gqrx-sdr/gqrx.git,3589
MDEwOlJlcG9zaXRvcnkxMDEyNTM3,2010-10-21T15:48:44Z,2026-04-01T04:39:31Z,2026-04-01T04:39:27Z,1368,False,AIRS,dgobbi/AIRS,git@github.com:dgobbi/AIRS.git,21
MDEwOlJlcG9zaXRvcnkxMDExMzU3,2010-10-21T06:05:59Z,2026-04-18T16:38:18Z,2026-04-18T16:38:14Z,12335,False,Windows-Inform7,DavidKinder/Windows-Inform7,git@github.com:DavidKinder/Windows-Inform7.git,78
MDEwOlJlcG9zaXRvcnk5OTY0NDc=,2010-10-18T06:09:50Z,2026-04-26T11:57:38Z,2026-04-24T06:28:36Z,2901,True,libpinyin,libpinyin/libpinyin,git@github.com:libpinyin/libpinyin.git,483
MDEwOlJlcG9zaXRvcnk5ODUyNjA=,2010-10-13T21:34:33Z,2026-04-20T19:20:07Z,2026-04-20T19:20:01Z,8455,True,freebayes,freebayes/freebayes,git@github.com:freebayes/freebayes.git,865
MDEwOlJlcG9zaXRvcnk5NzkxOTI=,2010-10-11T18:01:13Z,2026-05-04T17:19:54Z,2026-05-03T16:49:12Z,15310,False,LibRaw,LibRaw/LibRaw,git@github.com:LibRaw/LibRaw.git,1476
MDEwOlJlcG9zaXRvcnk5Mzg5MDg=,2010-09-25T18:14:02Z,2026-05-05T23:15:43Z,2026-04-13T23:27:16Z,19664,True,snes9x,snes9xgit/snes9x,git@github.com:snes9xgit/snes9x.git,3184
MDEwOlJlcG9zaXRvcnk5MzIzMTQ=,2010-09-23T01:19:19Z,2026-05-07T11:02:40Z,2026-05-07T11:28:02Z,2300742,True,tenzir,tenzir/tenzir,git@github.com:tenzir/tenzir.git,737
MDEwOlJlcG9zaXRvcnk5MzIxMTE=,2010-09-22T23:25:59Z,2026-05-07T03:26:33Z,2026-03-20T10:33:33Z,35548,True,vcflib,vcflib/vcflib,git@github.com:vcflib/vcflib.git,677
MDEwOlJlcG9zaXRvcnk5MjgxNjI=,2010-09-21T16:36:08Z,2026-04-28T15:30:32Z,2026-04-28T15:18:49Z,461,False,Duplo,dlidstrom/Duplo,git@github.com:dlidstrom/Duplo.git,121
MDEwOlJlcG9zaXRvcnk5MTI4OTY=,2010-09-15T15:59:47Z,2026-05-07T02:49:10Z,2026-05-07T02:49:05Z,424021,False,ccv,liuliu/ccv,git@github.com:liuliu/ccv.git,7215
MDEwOlJlcG9zaXRvcnk5MDkyMTc=,2010-09-14T06:25:30Z,2026-05-06T11:02:19Z,2026-05-06T11:02:15Z,40368,True,anope,anope/anope,git@github.com:anope/anope.git,355
MDEwOlJlcG9zaXRvcnk4ODU4MDI=,2010-09-03T14:29:25Z,2026-04-27T19:37:53Z,2026-03-25T16:07:02Z,696,False,ACVD,valette/ACVD,git@github.com:valette/ACVD.git,392
MDEwOlJlcG9zaXRvcnk4NTY0NjE=,2010-08-23T12:03:31Z,2026-05-07T03:52:25Z,2026-04-02T05:18:41Z,8626,False,kcov,SimonKagstrom/kcov,git@github.com:SimonKagstrom/kcov.git,813
MDEwOlJlcG9zaXRvcnk4NDY2MzA=,2010-08-18T16:52:19Z,2026-05-06T17:33:43Z,2026-05-06T17:34:06Z,128947,True,lightspark,lightspark/lightspark,git@github.com:lightspark/lightspark.git,1879
MDEwOlJlcG9zaXRvcnk4NDIxNjM=,2010-08-16T21:39:39Z,2026-04-24T20:02:38Z,2026-04-15T20:45:05Z,27529,True,vmtk,vmtk/vmtk,git@github.com:vmtk/vmtk.git,415
MDEwOlJlcG9zaXRvcnk4MzIwODE=,2010-08-11T21:26:12Z,2026-05-05T16:33:55Z,2026-04-27T13:16:31Z,7414,False,LucenePlusPlus,luceneplusplus/LucenePlusPlus,git@github.com:luceneplusplus/LucenePlusPlus.git,793
MDEwOlJlcG9zaXRvcnk4Mjc3MjI=,2010-08-10T00:39:01Z,2026-05-04T03:28:32Z,2026-04-01T21:26:16Z,30117,True,xoreos,xoreos/xoreos,git@github.com:xoreos/xoreos.git,1151
MDEwOlJlcG9zaXRvcnk4MDY4MTY=,2010-07-30T05:03:08Z,2026-03-24T23:29:50Z,2026-03-24T23:29:45Z,151,False,dtpstree,douglaswth/dtpstree,git@github.com:douglaswth/dtpstree.git,10
MDEwOlJlcG9zaXRvcnk4MDI2OTk=,2010-07-28T11:35:44Z,2026-05-07T10:35:23Z,2026-04-14T10:13:07Z,15243,True,RHVoice,RHVoice/RHVoice,git@github.com:RHVoice/RHVoice.git,1793
MDEwOlJlcG9zaXRvcnk4MDI1MjI=,2010-07-28T09:13:08Z,2026-04-18T14:25:28Z,2026-04-18T14:29:30Z,475022,False,scroom,kees-jan/scroom,git@github.com:kees-jan/scroom.git,10
MDEwOlJlcG9zaXRvcnk4MDA5Mjg=,2010-07-27T15:48:04Z,2026-05-07T11:02:23Z,2026-05-07T11:44:10Z,247051,True,ITK,InsightSoftwareConsortium/ITK,git@github.com:InsightSoftwareConsortium/ITK.git,1600
MDEwOlJlcG9zaXRvcnk4MDAxNTg=,2010-07-27T08:38:49Z,2026-04-24T06:27:58Z,2026-04-24T06:27:53Z,3566,False,libpinyin,epico/libpinyin,git@github.com:epico/libpinyin.git,60
MDEwOlJlcG9zaXRvcnk3OTY1MzI=,2010-07-25T13:47:06Z,2026-05-06T13:04:18Z,2026-05-03T04:18:01Z,40569,True,The-Powder-Toy,The-Powder-Toy/The-Powder-Toy,git@github.com:The-Powder-Toy/The-Powder-Toy.git,5110
MDEwOlJlcG9zaXRvcnk3OTU3Nzg=,2010-07-24T23:26:13Z,2026-04-30T07:36:18Z,2026-04-21T20:29:08Z,193673,False,PythonScript,bruderstein/PythonScript,git@github.com:bruderstein/PythonScript.git,409
MDEwOlJlcG9zaXRvcnk3NzY2MjE=,2010-07-15T13:02:03Z,2026-05-07T05:56:49Z,2026-05-07T03:23:29Z,21527,False,OpenCC,BYVoid/OpenCC,git@github.com:BYVoid/OpenCC.git,9665
MDEwOlJlcG9zaXRvcnk3NzUxMzE=,2010-07-14T18:22:06Z,2026-05-06T21:59:52Z,2026-05-06T21:59:47Z,68907,True,OpenColorIO,AcademySoftwareFoundation/OpenColorIO,git@github.com:AcademySoftwareFoundation/OpenColorIO.git,2044
MDEwOlJlcG9zaXRvcnk3Njc3ODE=,2010-07-10T15:59:22Z,2026-05-04T12:49:45Z,2026-03-09T21:02:58Z,260512,False,BrainBay,ChrisVeigl/BrainBay,git@github.com:ChrisVeigl/BrainBay.git,195
MDEwOlJlcG9zaXRvcnk3NjYxNDA=,2010-07-09T15:21:42Z,2026-05-05T21:11:47Z,2026-05-05T21:11:42Z,17094,True,RTK,RTKConsortium/RTK,git@github.com:RTKConsortium/RTK.git,288
MDEwOlJlcG9zaXRvcnk3NTM3ODQ=,2010-07-02T16:33:51Z,2026-05-05T08:07:59Z,2026-05-03T18:24:30Z,1795069,True,appleseed,appleseedhq/appleseed,git@github.com:appleseedhq/appleseed.git,2290
MDEwOlJlcG9zaXRvcnk3NTI4MzA=,2010-07-02T05:31:55Z,2026-04-15T02:32:20Z,2026-04-15T02:32:15Z,178258,True,BaseElements-Plugin,GoyaPtyLtd/BaseElements-Plugin,git@github.com:GoyaPtyLtd/BaseElements-Plugin.git,170
MDEwOlJlcG9zaXRvcnk3MzU5ODE=,2010-06-23T15:51:03Z,2026-05-07T05:00:20Z,2026-05-07T05:00:11Z,113760,True,xapian,xapian/xapian,git@github.com:xapian/xapian.git,867
MDEwOlJlcG9zaXRvcnk3MjA3Nzc=,2010-06-14T19:43:30Z,2026-05-04T22:48:28Z,2026-05-04T22:48:24Z,1353,True,AppLauncher,commontk/AppLauncher,git@github.com:commontk/AppLauncher.git,37
MDEwOlJlcG9zaXRvcnk3MjAyOTQ=,2010-06-14T15:23:41Z,2026-05-05T10:15:53Z,2026-04-25T21:10:20Z,18843,True,CTK,commontk/CTK,git@github.com:commontk/CTK.git,950
MDEwOlJlcG9zaXRvcnk3MTQ4OTE=,2010-06-11T02:11:55Z,2026-05-07T00:52:22Z,2026-05-07T07:43:16Z,242941,True,StereoPipeline,NeoGeographyToolkit/StereoPipeline,git@github.com:NeoGeographyToolkit/StereoPipeline.git,591
MDEwOlJlcG9zaXRvcnk2OTk1MDg=,2010-06-02T17:01:16Z,2026-05-06T20:06:01Z,2026-05-06T21:48:39Z,19822,True,dmrgpp,dmrgpp-project/dmrgpp,git@github.com:dmrgpp-project/dmrgpp.git,42
MDEwOlJlcG9zaXRvcnk2ODU4OTM=,2010-05-25T19:31:56Z,2026-03-01T16:12:38Z,2026-03-01T16:12:35Z,516,False,ToolCursor,dgobbi/ToolCursor,git@github.com:dgobbi/ToolCursor.git,8
MDEwOlJlcG9zaXRvcnk2NjU3NjQ=,2010-05-14T02:48:33Z,2026-05-05T16:39:09Z,2026-05-05T16:39:04Z,33567,True,visionworkbench,visionworkbench/visionworkbench,git@github.com:visionworkbench/visionworkbench.git,502
MDEwOlJlcG9zaXRvcnk2NDgzMzI=,2010-05-05T12:53:45Z,2026-05-07T11:32:52Z,2026-04-30T20:25:10Z,274244,True,assimp,assimp/assimp,git@github.com:assimp/assimp.git,12919
MDEwOlJlcG9zaXRvcnk2NDI0NjI=,2010-05-02T12:22:44Z,2026-05-05T03:43:55Z,2026-03-21T03:30:05Z,3611,True,mod_tile,openstreetmap/mod_tile,git@github.com:openstreetmap/mod_tile.git,317
MDEwOlJlcG9zaXRvcnk2NDE3Mjk=,2010-05-01T20:08:40Z,2026-05-06T10:37:49Z,2026-04-15T15:44:26Z,52504,True,osm2pgsql,osm2pgsql-dev/osm2pgsql,git@github.com:osm2pgsql-dev/osm2pgsql.git,1653
MDEwOlJlcG9zaXRvcnk2Mzk5MjE=,2010-04-30T14:15:24Z,2026-05-07T10:33:30Z,2026-05-07T10:33:25Z,261195,True,ParaView,Kitware/ParaView,git@github.com:Kitware/ParaView.git,1616
MDEwOlJlcG9zaXRvcnk2Mzk0NDc=,2010-04-30T06:22:30Z,2026-04-13T22:15:40Z,2026-04-08T13:26:41Z,803,True,cucumber-cpp,cucumber/cucumber-cpp,git@github.com:cucumber/cucumber-cpp.git,328
MDEwOlJlcG9zaXRvcnk2MzE2MTU=,2010-04-27T15:12:58Z,2026-05-07T11:25:24Z,2026-05-07T10:33:19Z,372582,True,VTK,Kitware/VTK,git@github.com:Kitware/VTK.git,3142
MDEwOlJlcG9zaXRvcnk2MjUxNjg=,2010-04-23T10:55:10Z,2026-03-03T07:27:55Z,2026-03-03T09:04:33Z,6842,False,Simulations,vbeffara/Simulations,git@github.com:vbeffara/Simulations.git,14
MDEwOlJlcG9zaXRvcnk2MjIxMjc=,2010-04-21T19:03:10Z,2026-05-07T11:19:01Z,2026-03-20T22:35:41Z,436314,True,Cinder,cinder/Cinder,git@github.com:cinder/Cinder.git,5523
MDEwOlJlcG9zaXRvcnk2MTEzMzM=,2010-04-15T05:17:17Z,2026-05-06T10:26:32Z,2026-04-14T10:58:59Z,768,True,node.bcrypt.js,kelektiv/node.bcrypt.js,git@github.com:kelektiv/node.bcrypt.js.git,7797
MDEwOlJlcG9zaXRvcnk2MDU0MDk=,2010-04-11T19:15:47Z,2026-04-17T09:49:47Z,2026-04-28T14:56:16Z,75243,False,Belenus,tbikfalvi/Belenus,git@github.com:tbikfalvi/Belenus.git,2
MDEwOlJlcG9zaXRvcnk1OTI5NTg=,2010-04-03T11:16:54Z,2026-05-04T16:13:05Z,2026-04-29T17:53:23Z,19413,True,aox,aox/aox,git@github.com:aox/aox.git,118
MDEwOlJlcG9zaXRvcnk1MzU5NTk=,2010-02-25T17:16:22Z,2026-05-06T07:42:55Z,2026-04-30T04:36:37Z,324,False,tmux-mem-cpu-load,thewtex/tmux-mem-cpu-load,git@github.com:thewtex/tmux-mem-cpu-load.git,1105
MDEwOlJlcG9zaXRvcnk1MzA4MDk=,2010-02-22T20:23:54Z,2026-05-07T01:06:53Z,2026-05-02T14:20:45Z,91446,False,WinUAE,tonioni/WinUAE,git@github.com:tonioni/WinUAE.git,656
MDEwOlJlcG9zaXRvcnk1MTc5OTA=,2010-02-14T21:09:49Z,2026-05-07T02:47:21Z,2026-05-04T19:45:33Z,48578,True,dfhack,DFHack/dfhack,git@github.com:DFHack/dfhack.git,2008
MDEwOlJlcG9zaXRvcnk0ODQ3ODg=,2010-01-23T04:37:22Z,2026-05-07T06:45:32Z,2026-04-08T21:22:07Z,24699,True,Arduino-IRremote,Arduino-IRremote/Arduino-IRremote,git@github.com:Arduino-IRremote/Arduino-IRremote.git,4951
MDEwOlJlcG9zaXRvcnk0NzcxNTY=,2010-01-18T08:23:13Z,2026-05-06T07:00:12Z,2026-04-29T15:10:54Z,451117,False,poedit,vslavik/poedit,git@github.com:vslavik/poedit.git,1998
MDEwOlJlcG9zaXRvcnk0NzAyNjA=,2010-01-13T12:37:26Z,2026-04-26T19:31:48Z,2026-04-26T19:31:43Z,44534,False,tanglet,gottcode/tanglet,git@github.com:gottcode/tanglet.git,27
MDEwOlJlcG9zaXRvcnk0Njc1ODI=,2010-01-11T16:13:10Z,2026-05-03T12:50:57Z,2026-03-09T17:49:52Z,28318,False,winsparkle,vslavik/winsparkle,git@github.com:vslavik/winsparkle.git,1448
MDEwOlJlcG9zaXRvcnk0NjU2ODE=,2010-01-09T23:44:05Z,2026-05-05T03:43:02Z,2026-05-04T23:26:58Z,23893,True,znc,znc/znc,git@github.com:znc/znc.git,2109
MDEwOlJlcG9zaXRvcnk0NjExMDI=,2010-01-06T19:13:34Z,2026-05-07T11:08:32Z,2026-05-04T17:07:32Z,13732,True,ccache,ccache/ccache,git@github.com:ccache/ccache.git,2846
MDEwOlJlcG9zaXRvcnk0NTU5MjA=,2010-01-02T11:10:43Z,2026-05-04T08:48:51Z,2026-05-04T08:48:48Z,44431,False,WonderGUI,tordbarnfors/WonderGUI,git@github.com:tordbarnfors/WonderGUI.git,13
MDEwOlJlcG9zaXRvcnk0NTU2MDA=,2010-01-02T01:17:06Z,2026-05-04T02:52:52Z,2026-04-22T18:55:39Z,877896,True,hhvm,facebook/hhvm,org-69631@github.com:facebook/hhvm.git,18620
MDEwOlJlcG9zaXRvcnk0NDY2Nzk=,2009-12-23T04:40:51Z,2026-04-03T09:54:49Z,2026-03-04T02:38:05Z,4156,False,Logstalgia,acaudwell/Logstalgia,git@github.com:acaudwell/Logstalgia.git,1801
MDEwOlJlcG9zaXRvcnkzODUwNjU=,2009-11-25T11:08:21Z,2026-05-07T10:25:57Z,2026-05-04T02:09:37Z,26198,True,AutoHotkey,AutoHotkey/AutoHotkey,git@github.com:AutoHotkey/AutoHotkey.git,12324
MDEwOlJlcG9zaXRvcnkzODQ1Mjc=,2009-11-24T23:25:22Z,2026-05-04T15:34:07Z,2026-05-07T08:55:10Z,43233,False,sevenzipjbinding,borisbrodski/sevenzipjbinding,git@github.com:borisbrodski/sevenzipjbinding.git,216
MDEwOlJlcG9zaXRvcnkzNjIzODU=,2009-11-05T19:14:26Z,2026-05-05T20:11:43Z,2026-05-05T20:11:38Z,74660,False,BAli-Phy,bredelings/BAli-Phy,git@github.com:bredelings/BAli-Phy.git,50
MDEwOlJlcG9zaXRvcnkzNjEwMzY=,2009-11-04T17:51:39Z,2026-04-13T01:42:29Z,2026-04-03T20:41:36Z,215,False,git-wip,bartman/git-wip,git@github.com:bartman/git-wip.git,337
MDEwOlJlcG9zaXRvcnkzNTYwNjY=,2009-10-31T08:00:10Z,2026-05-07T02:13:26Z,2026-05-06T15:10:36Z,181668,True,trafficserver,apache/trafficserver,git@github.com:apache/trafficserver.git,1944
MDEwOlJlcG9zaXRvcnkzNTMzNjA=,2009-10-28T21:13:20Z,2026-05-07T09:31:17Z,2026-03-28T12:40:57Z,423,False,diff-pdf,vslavik/diff-pdf,git@github.com:vslavik/diff-pdf.git,4219
MDEwOlJlcG9zaXRvcnkzNDUzMzc=,2009-10-21T21:55:54Z,2026-05-06T19:49:20Z,2026-04-28T19:42:52Z,2214211,True,openFrameworks,openframeworks/openFrameworks,git@github.com:openframeworks/openFrameworks.git,10362
MDEwOlJlcG9zaXRvcnkzNDQ4MDk=,2009-10-21T13:35:38Z,2026-05-07T08:22:56Z,2026-05-06T11:00:57Z,43464,False,CopyQ,hluk/CopyQ,git@github.com:hluk/CopyQ.git,11670
MDEwOlJlcG9zaXRvcnkzNDEyNzA=,2009-10-18T14:15:39Z,2026-05-06T16:40:52Z,2026-05-06T16:42:05Z,167684,True,XCSoar,XCSoar/XCSoar,git@github.com:XCSoar/XCSoar.git,413
MDEwOlJlcG9zaXRvcnkzNDA2Mzc=,2009-10-17T18:39:53Z,2026-05-06T17:38:14Z,2026-05-06T14:05:27Z,31554,True,uncrustify,uncrustify/uncrustify,git@github.com:uncrustify/uncrustify.git,3037
MDEwOlJlcG9zaXRvcnkzMjc0MDk=,2009-10-05T16:41:05Z,2026-03-22T23:24:55Z,2026-03-22T23:24:49Z,2664,True,unstrung,AnimaGUS-minerva/unstrung,git@github.com:AnimaGUS-minerva/unstrung.git,30
MDEwOlJlcG9zaXRvcnkzMjUwMTE=,2009-10-02T21:15:17Z,2026-05-07T04:49:18Z,2026-05-07T04:49:28Z,32141,False,metamage_1,jjuran/metamage_1,git@github.com:jjuran/metamage_1.git,357
MDEwOlJlcG9zaXRvcnkzMTIzMzU=,2009-09-20T10:44:08Z,2026-04-27T22:41:26Z,2026-05-07T09:06:21Z,66192,True,trimal,inab/trimal,git@github.com:inab/trimal.git,259
MDEwOlJlcG9zaXRvcnkzMTEyMzA=,2009-09-18T20:44:57Z,2026-04-30T12:55:31Z,2026-05-06T19:35:12Z,85107,True,cppagent,mtconnect/cppagent,git@github.com:mtconnect/cppagent.git,175
MDEwOlJlcG9zaXRvcnkzMTA2MTE=,2009-09-18T08:00:17Z,2026-05-07T07:11:56Z,2026-05-05T23:22:59Z,36973,True,thrift,apache/thrift,git@github.com:apache/thrift.git,10918
MDEwOlJlcG9zaXRvcnkzMDYxNDc=,2009-09-14T01:02:02Z,2026-05-07T11:38:29Z,2026-05-06T19:32:34Z,66450,False,lnav,tstack/lnav,git@github.com:tstack/lnav.git,10249
MDEwOlJlcG9zaXRvcnkzMDQ3NDM=,2009-09-12T03:33:35Z,2026-05-06T16:49:29Z,2026-05-06T16:49:24Z,15501,True,rgbds,gbdev/rgbds,git@github.com:gbdev/rgbds.git,1604
MDEwOlJlcG9zaXRvcnkzMDM3NjI=,2009-09-11T04:24:26Z,2026-05-06T14:14:11Z,2026-03-06T05:51:40Z,4070,False,Gource,acaudwell/Gource,git@github.com:acaudwell/Gource.git,12955
MDEwOlJlcG9zaXRvcnkyODU3MjI=,2009-08-23T14:46:21Z,2026-05-06T23:10:27Z,2026-05-06T01:42:51Z,107603,True,openmw,OpenMW/openmw,git@github.com:OpenMW/openmw.git,6303
MDEwOlJlcG9zaXRvcnkyNjU5OTU=,2009-07-31T19:36:58Z,2026-05-05T19:38:00Z,2026-05-05T02:15:57Z,169597,True,vowpal_wabbit,VowpalWabbit/vowpal_wabbit,git@github.com:VowpalWabbit/vowpal_wabbit.git,8680
MDEwOlJlcG9zaXRvcnkyNjMzNzk=,2009-07-29T09:56:41Z,2026-05-07T09:07:47Z,2026-04-07T18:05:29Z,24122,True,libzmq,zeromq/libzmq,git@github.com:zeromq/libzmq.git,10867
MDEwOlJlcG9zaXRvcnkyNTYyNjY=,2009-07-21T00:38:21Z,2026-04-28T06:43:18Z,2026-05-05T05:10:13Z,7713,True,rice,ruby-rice/rice,git@github.com:ruby-rice/rice.git,413
MDEwOlJlcG9zaXRvcnkyNDMzMjE=,2009-07-04T21:19:16Z,2026-04-20T03:07:56Z,2026-04-20T03:07:50Z,21,False,libintelhex,bfoz/libintelhex,git@github.com:bfoz/libintelhex.git,12
MDEwOlJlcG9zaXRvcnkyNDIwNzA=,2009-07-03T00:33:19Z,2026-05-06T21:02:22Z,2026-04-02T18:23:47Z,12796,False,nppPluginManager,bruderstein/nppPluginManager,git@github.com:bruderstein/nppPluginManager.git,1685
MDEwOlJlcG9zaXRvcnkyMzY1Mzc=,2009-06-25T21:31:52Z,2026-05-05T23:52:22Z,2026-05-02T15:52:22Z,16012,False,fswatch,emcrisostomo/fswatch,git@github.com:emcrisostomo/fswatch.git,5526
MDEwOlJlcG9zaXRvcnkyMjg3MzU=,2009-06-16T16:42:16Z,2026-04-27T14:32:40Z,2026-04-27T14:31:26Z,59682,False,percolator,percolator/percolator,git@github.com:percolator/percolator.git,144
MDEwOlJlcG9zaXRvcnkyMjAxNjQ=,2009-06-06T10:38:00Z,2026-05-07T11:19:48Z,2026-05-07T11:19:43Z,430061,True,gromacs,gromacs/gromacs,git@github.com:gromacs/gromacs.git,909
MDEwOlJlcG9zaXRvcnkxOTIzNDk=,2009-05-04T18:51:24Z,2026-05-04T18:12:05Z,2026-05-04T18:11:59Z,121335,False,workrave,rcaelers/workrave,git@github.com:rcaelers/workrave.git,1752
MDEwOlJlcG9zaXRvcnkxODgxNDI=,2009-04-29T04:03:49Z,2026-05-07T07:03:06Z,2026-04-21T08:45:09Z,1598,False,jbig2enc,agl/jbig2enc,git@github.com:agl/jbig2enc.git,65
MDEwOlJlcG9zaXRvcnkxNzY3MTE=,2009-04-15T15:15:27Z,2026-03-31T04:01:50Z,2026-03-31T04:01:46Z,32627,False,jx_application_framework,jafl/jx_application_framework,git@github.com:jafl/jx_application_framework.git,32
MDEwOlJlcG9zaXRvcnkxNDMxMzE=,2009-03-04T20:16:45Z,2026-05-07T06:23:56Z,2026-05-07T06:23:51Z,180710,True,cppcheck,cppcheck-opensource/cppcheck,git@github.com:cppcheck-opensource/cppcheck.git,6602
MDEwOlJlcG9zaXRvcnkxNDI2MDk=,2009-03-04T05:09:15Z,2026-05-07T07:54:50Z,2026-05-07T07:54:45Z,19278,True,mroonga,mroonga/mroonga,git@github.com:mroonga/mroonga.git,187
MDEwOlJlcG9zaXRvcnkxNDE0OTM=,2009-03-02T22:50:50Z,2026-04-07T07:52:44Z,2026-04-07T07:52:34Z,10824,True,fotowall,fotowall/fotowall,git@github.com:fotowall/fotowall.git,113
MDEwOlJlcG9zaXRvcnkxMTk4NTQ=,2009-02-02T13:52:45Z,2026-05-07T03:52:11Z,2026-05-07T03:52:07Z,86227,False,leechcraft,0xd34df00d/leechcraft,git@github.com:0xd34df00d/leechcraft.git,199
MDEwOlJlcG9zaXRvcnkxMTI3MjQ=,2009-01-22T18:45:16Z,2026-05-06T04:36:10Z,2026-05-06T04:36:28Z,46144,False,simutrans,aburch/simutrans,git@github.com:aburch/simutrans.git,450
MDEwOlJlcG9zaXRvcnkxMTI2MzM=,2009-01-22T15:47:14Z,2026-05-07T09:06:54Z,2026-05-06T13:53:18Z,255495,True,inet,inet-framework/inet,git@github.com:inet-framework/inet.git,519
MDEwOlJlcG9zaXRvcnkxMDgxMTA=,2009-01-15T16:15:18Z,2026-05-07T11:12:46Z,2026-05-07T11:12:41Z,1333692,True,mongo,mongodb/mongo,git@github.com:mongodb/mongo.git,28292
MDEwOlJlcG9zaXRvcnk3Mzc1NQ==,2008-11-10T04:12:56Z,2026-05-05T10:35:45Z,2026-05-05T10:52:45Z,8925,False,newtonia,cradle/newtonia,git@github.com:cradle/newtonia.git,1
MDEwOlJlcG9zaXRvcnk2NzA5Mw==,2008-10-24T02:10:02Z,2026-05-07T10:28:00Z,2026-05-07T10:27:56Z,50070,False,focuswriter,gottcode/focuswriter,git@github.com:gottcode/focuswriter.git,707
MDEwOlJlcG9zaXRvcnk2MTYwMw==,2008-10-10T17:06:30Z,2026-04-12T08:36:52Z,2026-04-28T03:35:20Z,46640,True,flare,gree/flare,git@github.com:gree/flare.git,171
MDEwOlJlcG9zaXRvcnk0Mjg2Ng==,2008-08-15T08:03:46Z,2026-04-17T09:58:56Z,2026-04-17T09:58:53Z,4868,True,iris,psi-im/iris,git@github.com:psi-im/iris.git,52
MDEwOlJlcG9zaXRvcnk0Mjg2NA==,2008-08-15T08:01:24Z,2026-05-07T11:24:57Z,2026-04-19T11:27:13Z,26713,True,psi,psi-im/psi,git@github.com:psi-im/psi.git,435
MDEwOlJlcG9zaXRvcnk0MjM3Ng==,2008-08-13T18:40:14Z,2026-05-06T17:57:43Z,2026-04-27T09:10:21Z,498786,True,symengine,symengine/symengine,git@github.com:symengine/symengine.git,1358
MDEwOlJlcG9zaXRvcnkyNzUxOA==,2008-06-22T19:17:04Z,2026-03-29T16:32:56Z,2026-03-29T16:32:52Z,10015,False,junkcode,legnaleurc/junkcode,git@github.com:legnaleurc/junkcode.git,6
MDEwOlJlcG9zaXRvcnkyNTc4NA==,2008-06-16T18:30:14Z,2026-04-26T19:31:55Z,2026-04-26T19:31:51Z,4143,False,tetzle,gottcode/tetzle,git@github.com:gottcode/tetzle.git,22
MDEwOlJlcG9zaXRvcnkyNTc3Ng==,2008-06-16T18:17:33Z,2026-04-26T19:30:18Z,2026-04-26T19:30:14Z,1445,False,cutemaze,gottcode/cutemaze,git@github.com:gottcode/cutemaze.git,12
MDEwOlJlcG9zaXRvcnkyNTc3NQ==,2008-06-16T18:14:29Z,2026-04-26T19:31:24Z,2026-04-26T19:31:21Z,1061,False,novprog,gottcode/novprog,git@github.com:gottcode/novprog.git,12
MDEwOlJlcG9zaXRvcnkxNjMwOQ==,2008-05-12T19:39:49Z,2026-05-06T16:54:17Z,2026-05-07T06:43:07Z,80752,True,ledger,ledger/ledger,git@github.com:ledger/ledger.git,5928
MDEwOlJlcG9zaXRvcnkxNjI2Nw==,2008-05-12T16:57:52Z,2026-05-07T04:25:34Z,2026-05-07T04:26:06Z,31420,False,iverilog,steveicarus/iverilog,git@github.com:steveicarus/iverilog.git,3435
MDEwOlJlcG9zaXRvcnk1NjI1,2008-03-27T23:40:48Z,2026-05-07T11:46:01Z,2026-05-07T11:45:55Z,57148,True,passenger,phusion/passenger,git@github.com:phusion/passenger.git,5076
