id,createdAt,updatedAt,pushedAt,diskUsage,isInOrganization,name,nameWithOwner,sshUrl,stargazerCount
R_kgDOIs8unw,2022-12-31T21:29:21Z,2026-03-29T23:34:03Z,2026-03-29T23:34:00Z,366,False,pybind11_log,tanghaibao/pybind11_log,git@github.com:tanghaibao/pybind11_log.git,13
R_kgDOIs4QbA,2022-12-31T14:06:23Z,2026-05-07T04:19:47Z,2026-05-07T04:19:10Z,4491,True,godot-sandbox,libriscv/godot-sandbox,git@github.com:libriscv/godot-sandbox.git,441
R_kgDOIs12fw,2022-12-31T10:35:35Z,2026-05-07T03:34:46Z,2026-05-07T03:34:42Z,27,False,EspUsbHost,tanakamasayuki/EspUsbHost,git@github.com:tanakamasayuki/EspUsbHost.git,131
R_kgDOIsqfrg,2022-12-30T16:25:04Z,2026-05-02T19:04:09Z,2026-05-02T19:04:04Z,10348,True,rtbot,rtbot-dev/rtbot,git@github.com:rtbot-dev/rtbot.git,3
R_kgDOIspzPw,2022-12-30T15:41:36Z,2026-05-06T20:11:01Z,2026-05-06T20:10:54Z,167,False,HomeAssistant,bzumik1/HomeAssistant,git@github.com:bzumik1/HomeAssistant.git,0
R_kgDOIshvFg,2022-12-30T06:34:40Z,2026-05-04T02:12:43Z,2026-03-22T06:35:28Z,51042,False,Cloud_Map_Evaluation,JokerJohn/Cloud_Map_Evaluation,git@github.com:JokerJohn/Cloud_Map_Evaluation.git,458
R_kgDOIseCaA,2022-12-30T00:52:35Z,2026-05-04T14:54:10Z,2026-05-04T14:54:06Z,19106,False,neo-OS,2900xt/neo-OS,git@github.com:2900xt/neo-OS.git,2
R_kgDOIsaJYA,2022-12-29T19:22:42Z,2026-04-25T08:14:02Z,2026-05-02T09:28:38Z,217437,False,SDK,DimaKuzmin/SDK,git@github.com:DimaKuzmin/SDK.git,7
R_kgDOIsZG0g,2022-12-29T18:13:26Z,2026-05-03T10:13:53Z,2026-04-07T20:53:05Z,209457,True,SupercellSWF-Animate,sc-workshop/SupercellSWF-Animate,git@github.com:sc-workshop/SupercellSWF-Animate.git,46
R_kgDOIsX7GA,2022-12-29T17:02:27Z,2026-04-27T18:29:43Z,2026-04-27T20:30:51Z,3112,True,charconv,boostorg/charconv,git@github.com:boostorg/charconv.git,31
R_kgDOIsXSsQ,2022-12-29T16:27:20Z,2026-05-06T14:36:43Z,2026-05-06T14:32:20Z,52587,False,CppProjects,AndreyTokmakov/CppProjects,git@github.com:AndreyTokmakov/CppProjects.git,0
R_kgDOIsUTPQ,2022-12-29T13:41:42Z,2026-05-04T20:57:19Z,2026-05-04T20:57:15Z,85819,False,Hail,Victor3DWB/Hail,git@github.com:Victor3DWB/Hail.git,1
R_kgDOIsUONA,2022-12-29T13:37:12Z,2026-04-29T23:15:57Z,2026-04-29T23:15:53Z,341,True,maemo-translate,maemo-leste-extras/maemo-translate,git@github.com:maemo-leste-extras/maemo-translate.git,0
R_kgDOIsGT2Q,2022-12-28T19:57:12Z,2026-03-01T18:38:16Z,2026-03-01T18:38:12Z,44943,False,Vixen,WinteryFox/Vixen,git@github.com:WinteryFox/Vixen.git,6
R_kgDOIsDIuA,2022-12-28T16:35:42Z,2026-03-14T19:11:09Z,2026-03-14T19:11:04Z,10230,True,aleph2_robot,Continuum-UWr/aleph2_robot,git@github.com:Continuum-UWr/aleph2_robot.git,1
R_kgDOIsB7GA,2022-12-28T15:29:23Z,2026-05-03T19:14:25Z,2026-05-05T16:41:07Z,101,False,FAE_Linux,UnlegitSenpaii/FAE_Linux,git@github.com:UnlegitSenpaii/FAE_Linux.git,118
R_kgDOIr7HJQ,2022-12-28T09:03:13Z,2026-05-04T11:56:26Z,2026-04-04T19:51:01Z,414880,False,avif-coder,awxkee/avif-coder,git@github.com:awxkee/avif-coder.git,96
R_kgDOIr2i5Q,2022-12-28T03:38:22Z,2026-05-06T10:39:43Z,2026-05-07T07:33:30Z,4340,False,all,xord/all,git@github.com:xord/all.git,3
R_kgDOIr2PVQ,2022-12-28T03:12:10Z,2026-05-05T08:15:34Z,2026-05-05T08:17:07Z,449679,True,matter_sdk,RafaelMicro/matter_sdk,git@github.com:RafaelMicro/matter_sdk.git,5
R_kgDOIr0BHA,2022-12-27T23:51:31Z,2026-04-29T23:15:43Z,2026-04-29T23:15:39Z,24992,True,sentencepiece-browsermt,maemo-leste-extras/sentencepiece-browsermt,git@github.com:maemo-leste-extras/sentencepiece-browsermt.git,0
R_kgDOIrxhtQ,2022-12-27T20:29:23Z,2026-05-04T14:58:48Z,2026-03-29T16:33:17Z,167879,False,ntvcm,davidly/ntvcm,git@github.com:davidly/ntvcm.git,74
R_kgDOIrxVsQ,2022-12-27T20:16:10Z,2026-04-29T23:15:29Z,2026-04-29T23:15:28Z,1070,True,kotki,maemo-leste-extras/kotki,git@github.com:maemo-leste-extras/kotki.git,0
R_kgDOIrxPtw,2022-12-27T20:09:46Z,2026-04-29T23:15:18Z,2026-04-29T23:15:13Z,15715,True,marian-lite,maemo-leste-extras/marian-lite,git@github.com:maemo-leste-extras/marian-lite.git,0
R_kgDOIrxPGg,2022-12-27T20:09:15Z,2026-04-29T23:15:02Z,2026-04-29T23:14:57Z,1056,True,intgemm,maemo-leste-extras/intgemm,git@github.com:maemo-leste-extras/intgemm.git,0
R_kgDOIrv_qA,2022-12-27T18:50:18Z,2026-05-04T00:30:27Z,2026-05-04T00:30:50Z,2183,True,rythe-standard-library,Rythe-Interactive/rythe-standard-library,git@github.com:Rythe-Interactive/rythe-standard-library.git,2
R_kgDOIrnQWA,2022-12-27T10:36:05Z,2026-03-03T15:13:44Z,2026-03-03T15:12:07Z,1977,True,sil-kit-adapters-tap,vectorgrp/sil-kit-adapters-tap,git@github.com:vectorgrp/sil-kit-adapters-tap.git,11
R_kgDOIrmy7g,2022-12-27T10:07:33Z,2026-05-05T15:11:07Z,2026-05-05T15:09:42Z,3600,True,device_xiaomi_sunny,yaap/device_xiaomi_sunny,git@github.com:yaap/device_xiaomi_sunny.git,7
R_kgDOIrcm-g,2022-12-26T20:00:32Z,2026-04-23T11:01:07Z,2026-03-12T00:51:00Z,313706,True,CHARM,arc-research-lab/CHARM,git@github.com:arc-research-lab/CHARM.git,169
R_kgDOIrbnrg,2022-12-26T18:45:29Z,2026-04-27T13:24:18Z,2026-04-16T18:47:18Z,48508,False,cubinterpp,swvanbuuren/cubinterpp,git@github.com:swvanbuuren/cubinterpp.git,6
R_kgDOIrZ43Q,2022-12-26T16:50:12Z,2026-04-22T10:49:09Z,2026-04-29T16:16:12Z,37356,False,Clinostat,wahabk/Clinostat,git@github.com:wahabk/Clinostat.git,20
R_kgDOIrZFIA,2022-12-26T16:00:30Z,2026-05-01T19:51:09Z,2026-05-05T09:47:58Z,786,True,Fedora-WSL,VSWSL/Fedora-WSL,git@github.com:VSWSL/Fedora-WSL.git,111
R_kgDOIrVHow,2022-12-26T12:00:43Z,2026-04-27T16:07:05Z,2026-05-06T19:46:42Z,24322,True,AZNFS-mount,Azure/AZNFS-mount,git@github.com:Azure/AZNFS-mount.git,25
R_kgDOIrSECw,2022-12-26T08:34:00Z,2026-02-18T07:58:50Z,2026-03-05T14:47:46Z,135357,True,OpenHRC,OpenHRC-aist/OpenHRC,git@github.com:OpenHRC-aist/OpenHRC.git,12
R_kgDOIrQ6VQ,2022-12-26T07:12:05Z,2026-04-29T15:19:26Z,2026-04-29T15:07:03Z,907187,True,swift-sdk,Netmera/swift-sdk,git@github.com:Netmera/swift-sdk.git,1
R_kgDOIrP1Og,2022-12-26T05:51:31Z,2026-05-04T12:37:46Z,2026-04-03T01:32:12Z,8506,True,PayloadSdk,Gremsy/PayloadSdk,git@github.com:Gremsy/PayloadSdk.git,14
R_kgDOIrMaCQ,2022-12-25T23:46:24Z,2026-04-29T23:14:49Z,2026-04-29T23:14:45Z,221,True,pathie-cpp,maemo-leste-extras/pathie-cpp,git@github.com:maemo-leste-extras/pathie-cpp.git,0
R_kgDOIrBYCQ,2022-12-25T06:40:37Z,2026-03-01T18:55:01Z,2026-03-01T18:52:53Z,44730,False,aide,davidudo/aide,git@github.com:davidudo/aide.git,0
R_kgDOIq-ceA,2022-12-24T23:38:59Z,2026-05-07T09:54:01Z,2026-04-23T12:22:55Z,11983,False,NetStream,GrapheneCt/NetStream,git@github.com:GrapheneCt/NetStream.git,215
R_kgDOIq6_yA,2022-12-24T17:33:27Z,2026-05-06T04:23:16Z,2026-04-22T01:39:18Z,197,True,is_utf8,simdutf/is_utf8,git@github.com:simdutf/is_utf8.git,70
R_kgDOIq3q1w,2022-12-24T13:23:44Z,2026-03-19T07:56:14Z,2026-03-19T07:56:11Z,21,False,Function-Calculator,Romanirk/Function-Calculator,git@github.com:Romanirk/Function-Calculator.git,0
R_kgDOIqzSVg,2022-12-24T07:25:19Z,2026-04-27T06:10:25Z,2026-03-12T03:55:25Z,8046,False,guitarix.vst,brummer10/guitarix.vst,git@github.com:brummer10/guitarix.vst.git,96
R_kgDOIqqHLg,2022-12-23T17:19:37Z,2026-04-26T12:08:26Z,2026-04-26T12:08:23Z,634,False,deb-installer,AdrianTM/deb-installer,git@github.com:AdrianTM/deb-installer.git,0
R_kgDOIqoqcA,2022-12-23T15:50:58Z,2026-05-06T07:55:19Z,2026-05-04T06:18:51Z,7525,False,OpenModScan,sanny32/OpenModScan,git@github.com:sanny32/OpenModScan.git,606
R_kgDOIqiURQ,2022-12-23T09:39:00Z,2026-04-29T23:14:33Z,2026-04-29T23:14:28Z,76,True,easylist,maemo-leste-extras/easylist,git@github.com:maemo-leste-extras/easylist.git,0
R_kgDOIqgJHQ,2022-12-23T07:24:08Z,2026-04-30T08:52:59Z,2026-04-30T09:20:44Z,11258,True,DDS-Record-Replay,eProsima/DDS-Record-Replay,git@github.com:eProsima/DDS-Record-Replay.git,29
R_kgDOIqXfOQ,2022-12-22T19:46:21Z,2026-04-09T22:16:42Z,2026-04-09T22:16:38Z,519,True,WISE_Weather_Module,WISE-Developers/WISE_Weather_Module,git@github.com:WISE-Developers/WISE_Weather_Module.git,0
R_kgDOIqW7XQ,2022-12-22T19:11:50Z,2026-04-17T13:36:06Z,2026-04-17T13:36:03Z,527,True,WISE_Scenario_Growth_Module,WISE-Developers/WISE_Scenario_Growth_Module,git@github.com:WISE-Developers/WISE_Scenario_Growth_Module.git,0
R_kgDOIqWcbg,2022-12-22T18:43:48Z,2026-03-23T10:26:42Z,2026-03-23T10:26:38Z,7126,False,MK7-Revolution,Anto726/MK7-Revolution,git@github.com:Anto726/MK7-Revolution.git,10
R_kgDOIqWDRQ,2022-12-22T18:21:43Z,2026-05-06T22:41:27Z,2026-05-06T22:41:22Z,444,True,MK7-Memory,mk7re/MK7-Memory,git@github.com:mk7re/MK7-Memory.git,16
R_kgDOIqQkgg,2022-12-22T13:46:46Z,2026-05-06T10:35:50Z,2026-05-06T10:35:46Z,8869,True,tau-lang,IDNI/tau-lang,git@github.com:IDNI/tau-lang.git,88
R_kgDOIqKHGg,2022-12-22T08:00:59Z,2026-05-07T08:38:23Z,2026-04-22T11:57:39Z,65,False,nix-monitored,ners/nix-monitored,git@github.com:ners/nix-monitored.git,47
R_kgDOIqJyUA,2022-12-22T07:42:31Z,2026-05-05T03:23:05Z,2026-05-05T03:23:01Z,2148,False,DSA,Sahilll15/DSA,git@github.com:Sahilll15/DSA.git,7
R_kgDOIqDYQg,2022-12-21T23:04:36Z,2026-05-07T03:35:58Z,2026-05-01T21:28:40Z,33193,False,vsgCs,timoore/vsgCs,git@github.com:timoore/vsgCs.git,94
R_kgDOIp84Cg,2022-12-21T16:24:58Z,2026-04-23T13:01:59Z,2026-04-22T21:06:52Z,96971,True,FastLanes,cwida/FastLanes,git@github.com:cwida/FastLanes.git,672
R_kgDOIp26Mg,2022-12-21T11:37:48Z,2026-03-10T11:49:17Z,2026-03-10T11:50:28Z,151785,True,tv-translation-memory,keeleinstituut/tv-translation-memory,git@github.com:keeleinstituut/tv-translation-memory.git,0
R_kgDOIp0nnw,2022-12-21T09:37:11Z,2026-05-06T15:31:32Z,2026-05-06T15:21:46Z,5300,False,EmergeNS,deniskup/EmergeNS,git@github.com:deniskup/EmergeNS.git,3
R_kgDOIpvHCQ,2022-12-21T03:38:25Z,2026-03-04T15:07:48Z,2026-03-04T15:02:04Z,98,False,snips,maisunmonowar/snips,git@github.com:maisunmonowar/snips.git,0
R_kgDOIpjTKg,2022-12-20T15:11:11Z,2026-04-10T19:15:04Z,2026-05-04T15:05:38Z,14814,True,openfhe-python,openfheorg/openfhe-python,git@github.com:openfheorg/openfhe-python.git,147
R_kgDOIpgP6A,2022-12-20T12:53:39Z,2026-05-06T09:22:13Z,2026-05-06T09:22:08Z,164,True,COLA,Spectator-matter-group-INR-RAS/COLA,git@github.com:Spectator-matter-group-INR-RAS/COLA.git,1
R_kgDOIpfSIQ,2022-12-20T12:05:33Z,2026-05-06T17:12:15Z,2026-05-06T17:12:10Z,14807133,False,AroundMeProject,Tnarinototoro/AroundMeProject,git@github.com:Tnarinototoro/AroundMeProject.git,0
R_kgDOIpdg8g,2022-12-20T10:34:52Z,2026-05-07T09:50:53Z,2026-05-07T09:50:49Z,36254,False,MateBot,Drjsingh/MateBot,git@github.com:Drjsingh/MateBot.git,0
R_kgDOIpdIqw,2022-12-20T10:15:25Z,2026-04-08T21:44:28Z,2026-04-08T21:44:24Z,135,True,covconfig,vistle/covconfig,git@github.com:vistle/covconfig.git,1
R_kgDOIpcsAA,2022-12-20T09:53:55Z,2026-04-08T14:03:36Z,2026-04-08T14:59:53Z,19,True,EPICS-TwincatMotor,ISISComputingGroup/EPICS-TwincatMotor,git@github.com:ISISComputingGroup/EPICS-TwincatMotor.git,0
R_kgDOIpZw8Q,2022-12-20T07:16:01Z,2026-03-13T12:31:25Z,2026-03-13T12:31:56Z,460,True,tkutil,LIHPC-Computational-Geometry/tkutil,git@github.com:LIHPC-Computational-Geometry/tkutil.git,0
R_kgDOIpVweA,2022-12-20T02:23:09Z,2026-04-28T02:22:50Z,2026-04-05T17:05:46Z,41758,False,Kinoko,vabold/Kinoko,git@github.com:vabold/Kinoko.git,211
R_kgDOIpVUVw,2022-12-20T01:48:52Z,2026-05-06T03:49:51Z,2026-04-13T17:09:43Z,771,False,geiss,geissomatik/geiss,git@github.com:geissomatik/geiss.git,251
R_kgDOIpQXaw,2022-12-19T19:50:20Z,2026-03-26T22:58:33Z,2026-03-26T22:58:32Z,3704,True,Fenestra,Windower/Fenestra,git@github.com:Windower/Fenestra.git,26
R_kgDOIpQP4Q,2022-12-19T19:43:44Z,2026-05-04T18:59:22Z,2026-04-29T18:41:57Z,786,False,strfry,hoytech/strfry,git@github.com:hoytech/strfry.git,667
R_kgDOIpI6mg,2022-12-19T13:47:39Z,2026-05-04T11:46:56Z,2026-05-04T11:46:51Z,27524,True,android_device_xiaomi_msm8998-common,xiaomi-msm8998-devs/android_device_xiaomi_msm8998-common,git@github.com:xiaomi-msm8998-devs/android_device_xiaomi_msm8998-common.git,8
R_kgDOIpGx-g,2022-12-19T12:06:12Z,2026-04-17T12:38:45Z,2026-04-17T12:42:41Z,951,True,CAS-Unreal,cleveradssolutions/CAS-Unreal,git@github.com:cleveradssolutions/CAS-Unreal.git,8
R_kgDOIpD0jQ,2022-12-19T09:31:53Z,2026-05-06T16:48:52Z,2026-05-06T16:49:19Z,152,True,lliurex-gva-gate,lliurex/lliurex-gva-gate,git@github.com:lliurex/lliurex-gva-gate.git,0
R_kgDOIo7vIQ,2022-12-18T23:29:44Z,2026-04-27T13:00:41Z,2026-03-12T11:24:26Z,168138,False,LearnWebGPU,eliemichel/LearnWebGPU,git@github.com:eliemichel/LearnWebGPU.git,601
R_kgDOIo5kPg,2022-12-18T20:18:03Z,2026-04-04T05:37:17Z,2026-04-04T05:37:12Z,119,False,Hasher,ScottHaiden/Hasher,git@github.com:ScottHaiden/Hasher.git,0
R_kgDOIo4X4g,2022-12-18T18:44:53Z,2026-04-01T04:47:51Z,2026-04-21T03:40:47Z,15573,False,TankTroubleRecreation,OliverBryan/TankTroubleRecreation,git@github.com:OliverBryan/TankTroubleRecreation.git,1
R_kgDOIo0Mhw,2022-12-18T13:33:47Z,2026-05-07T07:43:11Z,2026-05-07T10:53:52Z,1577,False,mylibrary,ProfessorNavigator/mylibrary,git@github.com:ProfessorNavigator/mylibrary.git,99
R_kgDOIozmgg,2022-12-18T12:56:03Z,2026-04-27T04:30:59Z,2026-03-07T09:04:11Z,15547,False,muda,MuGdxy/muda,git@github.com:MuGdxy/muda.git,206
R_kgDOIoymzA,2022-12-18T11:48:55Z,2026-04-04T21:04:59Z,2026-03-19T22:20:46Z,92,False,OpenXR-Layer-OBSMirror,Jabbah/OpenXR-Layer-OBSMirror,git@github.com:Jabbah/OpenXR-Layer-OBSMirror.git,101
R_kgDOIopAZg,2022-12-17T21:13:37Z,2026-05-06T07:32:26Z,2026-05-06T00:23:24Z,29251,True,ada,ada-url/ada,git@github.com:ada-url/ada.git,1726
R_kgDOIooiNA,2022-12-17T20:36:06Z,2026-04-06T02:49:48Z,2026-04-14T14:43:09Z,72981,True,stimjim,open-ephys/stimjim,git@github.com:open-ephys/stimjim.git,2
R_kgDOIolclQ,2022-12-17T16:59:45Z,2026-04-03T12:41:25Z,2026-04-03T12:41:21Z,5031,False,SisOp2,izaias-saturnino/SisOp2,git@github.com:izaias-saturnino/SisOp2.git,0
R_kgDOIohdgQ,2022-12-17T12:48:56Z,2026-05-02T01:27:29Z,2026-05-02T01:27:25Z,1820,False,crypto,egorpugin/crypto,git@github.com:egorpugin/crypto.git,1
R_kgDOIody3Q,2022-12-17T08:27:51Z,2026-05-07T09:46:15Z,2026-05-07T09:46:11Z,4676,False,TInjector_Symbi,Radskuyy78/TInjector_Symbi,git@github.com:Radskuyy78/TInjector_Symbi.git,0
R_kgDOIodbmg,2022-12-17T08:00:50Z,2026-04-20T17:07:34Z,2026-04-20T17:07:00Z,83,True,serialPro,nuaa-rm/serialPro,git@github.com:nuaa-rm/serialPro.git,11
R_kgDOIoV81g,2022-12-16T21:10:40Z,2026-04-22T13:48:26Z,2026-04-22T13:48:22Z,1835,True,JsRuntimeHost,BabylonJS/JsRuntimeHost,git@github.com:BabylonJS/JsRuntimeHost.git,21
R_kgDOIoSEYA,2022-12-16T17:26:14Z,2026-04-26T06:48:35Z,2026-04-26T06:48:34Z,12865,True,open-volume-renderer,VIDILabs/open-volume-renderer,git@github.com:VIDILabs/open-volume-renderer.git,10
R_kgDOIoI2-g,2022-12-16T09:56:20Z,2026-05-06T11:34:46Z,2026-05-06T11:34:41Z,13839,False,banan-os,Bananymous/banan-os,git@github.com:Bananymous/banan-os.git,685
R_kgDOIoC00Q,2022-12-16T03:43:13Z,2026-03-09T14:19:57Z,2026-03-09T14:19:52Z,290,False,code_misc,jiaoshijie/code_misc,git@github.com:jiaoshijie/code_misc.git,1
R_kgDOIn-_0A,2022-12-15T22:49:09Z,2026-04-13T19:20:06Z,2026-04-27T22:43:39Z,44816,True,riptide_gui,osu-uwrt/riptide_gui,git@github.com:osu-uwrt/riptide_gui.git,4
R_kgDOIn8vww,2022-12-15T20:24:02Z,2026-04-27T10:29:11Z,2026-04-27T10:35:10Z,217,False,TBTracker-RX,RoelKroes/TBTracker-RX,git@github.com:RoelKroes/TBTracker-RX.git,32
R_kgDOIn7KZg,2022-12-15T18:57:39Z,2026-05-05T04:19:49Z,2026-05-05T04:20:07Z,15011,True,svMultiPhysics,SimVascular/svMultiPhysics,git@github.com:SimVascular/svMultiPhysics.git,33
R_kgDOIn6VOQ,2022-12-15T18:15:32Z,2026-03-20T13:10:36Z,2026-03-20T13:10:32Z,282,False,Restaurant-app,DaRobij/Restaurant-app,git@github.com:DaRobij/Restaurant-app.git,0
R_kgDOIn554g,2022-12-15T17:53:04Z,2026-03-26T02:36:52Z,2026-03-26T02:36:48Z,690,True,OMM-Samples,NVIDIA-RTX/OMM-Samples,git@github.com:NVIDIA-RTX/OMM-Samples.git,21
R_kgDOInx3cA,2022-12-15T11:57:09Z,2026-03-25T02:58:05Z,2026-03-20T14:53:49Z,10662,False,KineWheelSystem,WinterLab-Berlin/KineWheelSystem,git@github.com:WinterLab-Berlin/KineWheelSystem.git,2
R_kgDOInut6A,2022-12-15T09:24:13Z,2026-04-30T02:23:23Z,2026-04-30T02:23:19Z,1460,False,MUSS-package,syguo-proj/MUSS-package,git@github.com:syguo-proj/MUSS-package.git,0
R_kgDOIntxzw,2022-12-15T08:39:10Z,2026-05-05T18:44:11Z,2026-04-14T16:26:18Z,1417,False,esphome-components,SzczepanLeon/esphome-components,git@github.com:SzczepanLeon/esphome-components.git,304
R_kgDOInnZdg,2022-12-15T01:43:11Z,2026-04-22T22:38:23Z,2026-04-22T22:38:18Z,63,False,chess-cpp,hivle/chess-cpp,git@github.com:hivle/chess-cpp.git,0
R_kgDOInjOPw,2022-12-14T20:42:33Z,2026-05-06T22:20:23Z,2026-03-19T11:20:55Z,1238,False,esphome_toshiba_suzumi,pedobry/esphome_toshiba_suzumi,git@github.com:pedobry/esphome_toshiba_suzumi.git,78
R_kgDOIne0Jg,2022-12-14T16:52:34Z,2026-05-05T16:25:13Z,2026-05-05T16:25:09Z,9892,True,gnuradio4,fair-acc/gnuradio4,git@github.com:fair-acc/gnuradio4.git,100
R_kgDOIndX5w,2022-12-14T15:48:16Z,2026-05-07T09:00:42Z,2026-05-07T09:55:28Z,36574,True,monad,category-labs/monad,git@github.com:category-labs/monad.git,1197
R_kgDOInNZjQ,2022-12-14T01:26:25Z,2026-04-16T23:12:26Z,2026-04-16T23:12:22Z,49,True,UrlLib,BabylonJS/UrlLib,git@github.com:BabylonJS/UrlLib.git,10
R_kgDOInNYbA,2022-12-14T01:25:07Z,2026-04-21T07:34:03Z,2026-04-21T07:33:59Z,38,True,AndroidExtensions,BabylonJS/AndroidExtensions,git@github.com:BabylonJS/AndroidExtensions.git,1
R_kgDOInMyNQ,2022-12-14T00:38:14Z,2026-04-17T11:59:11Z,2026-04-11T20:36:47Z,661849,False,Alpha_Engine,Quark-Hell/Alpha_Engine,git@github.com:Quark-Hell/Alpha_Engine.git,12
R_kgDOInL5cg,2022-12-13T23:28:33Z,2026-04-14T04:29:26Z,2026-04-23T02:32:32Z,54913,True,Start-Kit,MAPF-Competition/Start-Kit,git@github.com:MAPF-Competition/Start-Kit.git,36
R_kgDOInGDCw,2022-12-13T17:44:56Z,2026-04-14T06:55:19Z,2026-04-14T06:55:15Z,44644,True,PLaSK,PhotonicsTUL/PLaSK,git@github.com:PhotonicsTUL/PLaSK.git,22
R_kgDOInE1zw,2022-12-13T16:51:01Z,2026-03-05T22:25:56Z,2026-05-05T05:10:38Z,147799,True,X-SCAPE,JETSCAPE/X-SCAPE,git@github.com:JETSCAPE/X-SCAPE.git,2
R_kgDOInDBEQ,2022-12-13T15:33:17Z,2026-04-02T11:10:22Z,2026-05-01T19:48:38Z,300886,False,qBittorrent-Enhanced-Edition,orionmeetartemis/qBittorrent-Enhanced-Edition,git@github.com:orionmeetartemis/qBittorrent-Enhanced-Edition.git,3
R_kgDOInBL1g,2022-12-13T14:16:36Z,2026-04-18T06:03:33Z,2026-03-17T00:30:11Z,508,True,Arduino_ESP32_OTA,arduino-libraries/Arduino_ESP32_OTA,git@github.com:arduino-libraries/Arduino_ESP32_OTA.git,83
R_kgDOIm-szg,2022-12-13T12:31:09Z,2026-05-03T15:37:35Z,2026-04-13T08:39:19Z,1787,True,CtrlppCheck,siemens/CtrlppCheck,git@github.com:siemens/CtrlppCheck.git,14
R_kgDOIm0x1Q,2022-12-13T03:45:48Z,2026-05-05T21:04:24Z,2026-05-04T23:27:47Z,11114,False,NeuralAmpModelerPlugin,sdatkinson/NeuralAmpModelerPlugin,git@github.com:sdatkinson/NeuralAmpModelerPlugin.git,2642
R_kgDOImzyHg,2022-12-13T02:36:22Z,2026-04-24T04:23:20Z,2026-04-20T10:04:27Z,3969,True,android_device_xiaomi_sm8350-common,LineageOS/android_device_xiaomi_sm8350-common,git@github.com:LineageOS/android_device_xiaomi_sm8350-common.git,14
R_kgDOImy3ug,2022-12-13T01:35:19Z,2026-05-07T09:26:30Z,2026-05-07T09:26:26Z,2289,False,BOF_ExecuteAssembly,Milan-Tmg/BOF_ExecuteAssembly,git@github.com:Milan-Tmg/BOF_ExecuteAssembly.git,2
R_kgDOImnvZg,2022-12-12T15:26:52Z,2026-05-04T16:19:41Z,2026-05-04T16:22:53Z,4174,False,GAdmin,Vadim-Kamalov/GAdmin,git@github.com:Vadim-Kamalov/GAdmin.git,8
R_kgDOImni0w,2022-12-12T15:19:19Z,2026-04-21T09:01:01Z,2026-04-21T09:00:57Z,2670,False,LinearCapR,hoget157/LinearCapR,git@github.com:hoget157/LinearCapR.git,1
R_kgDOImlYQA,2022-12-12T13:54:42Z,2026-05-07T00:55:24Z,2026-04-27T11:00:13Z,79321,True,xstudio,AcademySoftwareFoundation/xstudio,git@github.com:AcademySoftwareFoundation/xstudio.git,741
R_kgDOImlGZw,2022-12-12T13:42:51Z,2026-05-06T07:29:49Z,2026-05-07T08:19:30Z,132677,True,xahaud,Xahau/xahaud,git@github.com:Xahau/xahaud.git,39
R_kgDOImhu_A,2022-12-12T11:12:55Z,2026-05-07T08:50:25Z,2026-05-07T08:50:21Z,3010,False,words,chigemezu123/words,git@github.com:chigemezu123/words.git,2
R_kgDOImffbg,2022-12-12T09:27:36Z,2026-05-07T02:11:30Z,2026-03-19T01:10:24Z,49329,True,LilyGo-T-SIM7080G,Xinyuan-LilyGO/LilyGo-T-SIM7080G,git@github.com:Xinyuan-LilyGO/LilyGo-T-SIM7080G.git,116
R_kgDOImYSOQ,2022-12-12T01:47:38Z,2026-04-27T22:24:41Z,2026-04-27T22:24:36Z,7368,False,nsk_pi,nohal/nsk_pi,git@github.com:nohal/nsk_pi.git,4
R_kgDOImWoQw,2022-12-11T23:18:21Z,2026-05-04T10:08:38Z,2026-04-01T19:09:19Z,23564,False,Itemzflow,LightningMods/Itemzflow,git@github.com:LightningMods/Itemzflow.git,281
R_kgDOImWKOg,2022-12-11T22:35:59Z,2026-03-14T06:37:11Z,2026-03-14T06:37:07Z,4041,False,VovkPLCRuntime,Jozo132/VovkPLCRuntime,git@github.com:Jozo132/VovkPLCRuntime.git,1
R_kgDOImK9WQ,2022-12-11T10:49:28Z,2026-05-06T03:07:39Z,2026-04-30T07:48:59Z,39633,True,OG-star-tracker-,OG-star-tech/OG-star-tracker-,git@github.com:OG-star-tech/OG-star-tracker-.git,251
R_kgDOImE6gg,2022-12-11T02:13:51Z,2026-04-12T22:04:27Z,2026-04-12T22:04:23Z,2370,False,Dashcam,adepke/Dashcam,git@github.com:adepke/Dashcam.git,0
R_kgDOImCzuw,2022-12-10T22:30:44Z,2026-04-20T08:58:43Z,2026-04-23T06:04:40Z,7143,True,endo,contour-terminal/endo,git@github.com:contour-terminal/endo.git,21
R_kgDOImCjtg,2022-12-10T22:08:02Z,2026-04-07T08:12:25Z,2026-03-14T15:08:43Z,2262,True,stage_ros2,tuw-robotics/stage_ros2,git@github.com:tuw-robotics/stage_ros2.git,44
R_kgDOIlxGaA,2022-12-10T00:32:44Z,2026-05-06T23:18:13Z,2026-05-06T23:18:08Z,3207,False,XHexViewer,horsicq/XHexViewer,git@github.com:horsicq/XHexViewer.git,9
R_kgDOIliESA,2022-12-09T10:04:25Z,2026-05-06T16:30:38Z,2026-05-07T10:41:38Z,66763,True,aerostack2,aerostack2/aerostack2,git@github.com:aerostack2/aerostack2.git,336
R_kgDOIlfFtg,2022-12-09T07:28:21Z,2026-04-09T04:01:39Z,2026-04-09T04:01:32Z,57825,False,Odyssean-Engine,AlexMollard/Odyssean-Engine,git@github.com:AlexMollard/Odyssean-Engine.git,0
R_kgDOIlR9zw,2022-12-08T17:34:15Z,2026-04-21T16:11:31Z,2026-04-21T16:11:27Z,1913,True,RAPP_DataPipeline,ripeproject/RAPP_DataPipeline,git@github.com:ripeproject/RAPP_DataPipeline.git,0
R_kgDOIlP6Zg,2022-12-08T16:06:01Z,2026-05-07T08:06:55Z,2026-05-07T08:06:51Z,3583,True,lavatube,ARM-software/lavatube,git@github.com:ARM-software/lavatube.git,8
R_kgDOIlMiMw,2022-12-08T13:48:04Z,2026-04-16T14:28:20Z,2026-03-01T05:09:11Z,213710,True,Alchemy,AlchemyViewer/Alchemy,git@github.com:AlchemyViewer/Alchemy.git,49
R_kgDOIk-s5A,2022-12-08T01:33:31Z,2026-04-10T02:34:55Z,2026-04-10T02:34:51Z,47,True,LoRaWAN-Nodes,meshrg/LoRaWAN-Nodes,git@github.com:meshrg/LoRaWAN-Nodes.git,0
R_kgDOIk9vnw,2022-12-08T00:21:56Z,2026-05-06T20:30:33Z,2026-05-06T20:55:30Z,2020115,True,core,sourcemeta/core,git@github.com:sourcemeta/core.git,48
R_kgDOIk7j1Q,2022-12-07T21:42:13Z,2026-04-09T12:26:59Z,2026-04-09T12:26:41Z,6330,True,ntf-core,bloomberg/ntf-core,git@github.com:bloomberg/ntf-core.git,98
R_kgDOIk7PXw,2022-12-07T21:22:25Z,2026-04-30T20:52:45Z,2026-05-05T16:59:34Z,31279,True,EXP,EXP-code/EXP,git@github.com:EXP-code/EXP.git,28
R_kgDOIk6JFQ,2022-12-07T20:18:42Z,2026-03-31T21:50:02Z,2026-03-31T21:49:58Z,273,False,cp-training,OnjoujiToki/cp-training,git@github.com:OnjoujiToki/cp-training.git,0
R_kgDOIk4AHw,2022-12-07T18:26:31Z,2026-04-28T21:02:58Z,2026-04-28T21:02:53Z,542494,True,Volt,Volt-Dev-Org/Volt,git@github.com:Volt-Dev-Org/Volt.git,9
R_kgDOIk1nAQ,2022-12-07T16:40:57Z,2026-04-09T17:55:47Z,2026-04-24T18:18:43Z,82316,True,pegasus,PegasusResearch/pegasus,git@github.com:PegasusResearch/pegasus.git,24
R_kgDOIkM7vg,2022-12-06T06:59:29Z,2026-04-20T01:31:56Z,2026-04-19T21:20:13Z,1176,True,ArizonaFramework,FlaxEngine/ArizonaFramework,git@github.com:FlaxEngine/ArizonaFramework.git,65
R_kgDOIkI1Cw,2022-12-06T02:44:52Z,2026-05-07T08:49:56Z,2026-05-07T08:49:50Z,207588,False,slorado,BonsonW/slorado,git@github.com:BonsonW/slorado.git,37
R_kgDOIkDLkA,2022-12-05T20:35:10Z,2026-04-25T05:32:50Z,2026-04-10T08:14:31Z,1352,True,rig_reconfigure,teamspatzenhirn/rig_reconfigure,git@github.com:teamspatzenhirn/rig_reconfigure.git,101
R_kgDOIkB_gQ,2022-12-05T19:29:56Z,2026-04-30T01:54:34Z,2026-04-30T01:54:30Z,48,False,CPP_Projects,diegosol127/CPP_Projects,git@github.com:diegosol127/CPP_Projects.git,0
R_kgDOIkAraQ,2022-12-05T18:25:59Z,2026-05-07T07:51:42Z,2026-05-06T18:30:45Z,468455,True,holohub,nvidia-holoscan/holohub,git@github.com:nvidia-holoscan/holohub.git,208
R_kgDOIj-g5A,2022-12-05T16:49:33Z,2026-05-07T07:21:30Z,2026-05-06T03:39:09Z,293571,True,GP2040-CE,OpenStickCommunity/GP2040-CE,git@github.com:OpenStickCommunity/GP2040-CE.git,2349
R_kgDOIj-GFw,2022-12-05T16:32:05Z,2026-05-07T11:23:31Z,2026-05-07T11:23:25Z,1135095,True,ytsaurus,ytsaurus/ytsaurus,git@github.com:ytsaurus/ytsaurus.git,2159
R_kgDOIjzuuQ,2022-12-05T09:14:31Z,2026-05-07T09:40:14Z,2026-05-07T09:40:10Z,4591,False,neon-ai-chat-ui-kit-demo,habsanprad/neon-ai-chat-ui-kit-demo,git@github.com:habsanprad/neon-ai-chat-ui-kit-demo.git,2
R_kgDOIjhd5g,2022-12-04T13:44:25Z,2026-05-05T19:03:37Z,2026-05-05T20:00:27Z,257912,True,vanillapdf,vanillapdf/vanillapdf,git@github.com:vanillapdf/vanillapdf.git,13
R_kgDOIjf85Q,2022-12-04T12:15:18Z,2026-05-02T11:47:07Z,2026-05-02T11:47:02Z,31854,False,capypdf,jpakkane/capypdf,git@github.com:jpakkane/capypdf.git,132
R_kgDOIjdAaQ,2022-12-04T08:54:55Z,2026-04-10T07:00:22Z,2026-04-10T07:00:18Z,280268,True,SexLabpp,SLP-Community/SexLabpp,git@github.com:SLP-Community/SexLabpp.git,19
R_kgDOIjU-9Q,2022-12-03T20:44:32Z,2026-05-05T15:39:40Z,2026-04-30T21:49:44Z,589,True,xdg-desktop-portal-hyprland,hyprwm/xdg-desktop-portal-hyprland,git@github.com:hyprwm/xdg-desktop-portal-hyprland.git,449
R_kgDOIjU9UQ,2022-12-03T20:42:28Z,2026-04-04T00:12:23Z,2026-05-04T12:05:02Z,70947,True,CutFEM-Library,CutFEM/CutFEM-Library,git@github.com:CutFEM/CutFEM-Library.git,18
R_kgDOIjOWUw,2022-12-03T13:47:40Z,2026-04-17T14:48:07Z,2026-05-06T19:28:41Z,11011,True,VoodooHDA,CloverHackyColor/VoodooHDA,git@github.com:CloverHackyColor/VoodooHDA.git,40
R_kgDOIjDG5w,2022-12-02T23:13:46Z,2026-05-03T11:06:20Z,2026-05-03T11:07:12Z,1254,False,foo_sid,stuerp/foo_sid,git@github.com:stuerp/foo_sid.git,13
R_kgDOIjCrFw,2022-12-02T22:39:45Z,2026-04-11T02:49:28Z,2026-04-11T02:49:21Z,13736,True,needinfodashboard,mozilla/needinfodashboard,git@github.com:mozilla/needinfodashboard.git,4
R_kgDOIi-uMg,2022-12-02T18:28:05Z,2026-05-07T10:25:35Z,2026-04-29T08:09:24Z,47216,True,VulkanSC-Tools,KhronosGroup/VulkanSC-Tools,git@github.com:KhronosGroup/VulkanSC-Tools.git,8
R_kgDOIi9Crw,2022-12-02T17:02:51Z,2026-05-03T18:51:38Z,2026-05-03T18:51:33Z,1759,True,gvsoc-pulp,gvsoc/gvsoc-pulp,git@github.com:gvsoc/gvsoc-pulp.git,7
R_kgDOIi8vGQ,2022-12-02T16:47:37Z,2026-04-15T12:27:23Z,2026-04-21T02:58:19Z,403,True,veutil,victronenergy/veutil,git@github.com:victronenergy/veutil.git,2
R_kgDOIi8ktQ,2022-12-02T16:39:52Z,2026-05-07T07:24:30Z,2026-05-07T07:24:26Z,9176,True,gvsoc-core,gvsoc/gvsoc-core,git@github.com:gvsoc/gvsoc-core.git,3
R_kgDOIi6C2w,2022-12-02T14:46:48Z,2026-05-02T18:53:31Z,2026-05-02T18:53:27Z,283,False,countdown_timer_app,dieudonne96/countdown_timer_app,git@github.com:dieudonne96/countdown_timer_app.git,0
R_kgDOIi3GNQ,2022-12-02T12:40:32Z,2026-03-19T15:16:54Z,2026-03-19T15:14:38Z,95,True,grabthecam,antmicro/grabthecam,git@github.com:antmicro/grabthecam.git,19
R_kgDOIi0asw,2022-12-02T10:28:03Z,2026-03-25T11:27:42Z,2026-03-25T11:27:38Z,35354,True,SharpSSAT,NTU-ALComLab/SharpSSAT,git@github.com:NTU-ALComLab/SharpSSAT.git,1
R_kgDOIiyzSA,2022-12-02T09:11:02Z,2026-04-24T15:05:00Z,2026-04-29T09:14:38Z,38332,True,node,VILLASframework/node,git@github.com:VILLASframework/node.git,20
R_kgDOIixKcA,2022-12-02T07:46:07Z,2026-05-07T00:51:56Z,2026-05-07T00:51:53Z,81641,True,doxygen,sailfishos-mirror/doxygen,git@github.com:sailfishos-mirror/doxygen.git,0
R_kgDOIiw1Kg,2022-12-02T07:28:19Z,2026-05-05T11:22:10Z,2026-05-05T11:22:04Z,6227,True,arcanefem,arcaneframework/arcanefem,git@github.com:arcaneframework/arcanefem.git,11
R_kgDOIioocg,2022-12-01T22:19:19Z,2026-03-05T04:21:49Z,2026-05-01T00:47:46Z,60698,False,questionablemodules,isivisi/questionablemodules,git@github.com:isivisi/questionablemodules.git,7
R_kgDOIinisQ,2022-12-01T21:15:22Z,2026-05-05T04:31:23Z,2026-05-05T04:31:19Z,26563,False,FastIMU,LiquidCGS/FastIMU,git@github.com:LiquidCGS/FastIMU.git,206
R_kgDOIims2g,2022-12-01T20:27:08Z,2026-05-06T16:35:13Z,2026-05-06T22:06:11Z,215491,True,jami-client-qt,savoirfairelinux/jami-client-qt,git@github.com:savoirfairelinux/jami-client-qt.git,39
R_kgDOIimczg,2022-12-01T20:13:43Z,2026-05-03T08:24:28Z,2026-04-15T12:53:28Z,7819,False,franky,TimSchneider42/franky,git@github.com:TimSchneider42/franky.git,323
R_kgDOIiicPA,2022-12-01T17:07:14Z,2026-04-12T08:00:12Z,2026-04-12T08:00:04Z,331,False,frictionlesser,jdreo/frictionlesser,git@github.com:jdreo/frictionlesser.git,0
R_kgDOIihyKg,2022-12-01T16:39:31Z,2026-04-24T16:54:19Z,2026-04-24T16:54:07Z,8455,False,Generator-v3_00_04_ub3,jminock/Generator-v3_00_04_ub3,git@github.com:jminock/Generator-v3_00_04_ub3.git,0
R_kgDOIiaQHQ,2022-12-01T11:39:35Z,2026-05-07T02:53:11Z,2026-04-23T19:56:27Z,10481,True,mujoco_mpc,google-deepmind/mujoco_mpc,git@github.com:google-deepmind/mujoco_mpc.git,1620
R_kgDOIiLDTQ,2022-11-30T21:13:26Z,2026-05-06T19:13:32Z,2026-04-29T18:23:13Z,13188,True,HomeStore,eBay/HomeStore,git@github.com:eBay/HomeStore.git,28
R_kgDOIiK2qg,2022-11-30T21:01:37Z,2026-05-04T11:18:54Z,2026-05-04T11:18:50Z,3064,False,ElectricLeyland255,SomersetEV/ElectricLeyland255,git@github.com:SomersetEV/ElectricLeyland255.git,1
R_kgDOIiKq7g,2022-11-30T20:50:26Z,2026-04-02T21:10:29Z,2026-04-02T21:10:22Z,108,True,oksdalgen,DUNE-DAQ/oksdalgen,git@github.com:DUNE-DAQ/oksdalgen.git,0
R_kgDOIiF2yQ,2022-11-30T16:56:50Z,2026-04-17T01:30:50Z,2026-04-17T01:30:36Z,116906,False,grpc-grpc,WangTingMan/grpc-grpc,git@github.com:WangTingMan/grpc-grpc.git,0
R_kgDOIh_GPA,2022-11-30T12:29:51Z,2026-03-31T00:48:15Z,2026-03-31T00:56:07Z,1213011,True,RZV2L_AiLibrary,Ignitarium-Renesas/RZV2L_AiLibrary,git@github.com:Ignitarium-Renesas/RZV2L_AiLibrary.git,26
R_kgDOIh27fw,2022-11-30T06:04:45Z,2026-04-25T15:08:57Z,2026-03-16T14:03:27Z,6760,True,ChowMultiTool,Chowdhury-DSP/ChowMultiTool,git@github.com:Chowdhury-DSP/ChowMultiTool.git,132
R_kgDOIhz7RA,2022-11-30T02:48:23Z,2026-04-03T06:16:41Z,2026-04-03T06:17:23Z,37,True,egor-tensin_setup-mingw,actions-marketplace-validations/egor-tensin_setup-mingw,git@github.com:actions-marketplace-validations/egor-tensin_setup-mingw.git,0
R_kgDOIhz3bA,2022-11-30T02:44:29Z,2026-05-06T18:17:21Z,2026-05-06T18:17:15Z,1677,False,DeGenPrime,raw-lab/DeGenPrime,git@github.com:raw-lab/DeGenPrime.git,16
R_kgDOIhyrcQ,2022-11-30T01:25:10Z,2026-04-28T04:50:21Z,2026-04-28T06:38:44Z,2160421,True,llvm-project,THU-DSP-LAB/llvm-project,git@github.com:THU-DSP-LAB/llvm-project.git,63
R_kgDOIhry-Q,2022-11-29T18:41:39Z,2026-04-02T21:10:22Z,2026-04-02T21:10:19Z,110,True,oksconflibs,DUNE-DAQ/oksconflibs,git@github.com:DUNE-DAQ/oksconflibs.git,0
R_kgDOIhrveA,2022-11-29T18:39:04Z,2026-04-02T21:10:29Z,2026-04-02T21:10:20Z,404,True,conffwk,DUNE-DAQ/conffwk,git@github.com:DUNE-DAQ/conffwk.git,0
R_kgDOIhrrJA,2022-11-29T18:36:06Z,2026-04-02T21:10:22Z,2026-04-02T21:10:17Z,1459,True,oksutils,DUNE-DAQ/oksutils,git@github.com:DUNE-DAQ/oksutils.git,0
R_kgDOIhrlxQ,2022-11-29T18:32:25Z,2026-04-02T21:10:19Z,2026-04-02T21:10:14Z,332,True,oks,DUNE-DAQ/oks,git@github.com:DUNE-DAQ/oks.git,0
R_kgDOIhrYeQ,2022-11-29T18:23:21Z,2026-04-02T21:10:20Z,2026-04-02T21:10:15Z,83,True,okssystem,DUNE-DAQ/okssystem,git@github.com:DUNE-DAQ/okssystem.git,0
R_kgDOIheLrw,2022-11-29T09:25:41Z,2026-04-20T07:38:04Z,2026-04-20T07:39:32Z,1004,True,libdbusmenu-lxqt,lxqt/libdbusmenu-lxqt,git@github.com:lxqt/libdbusmenu-lxqt.git,6
R_kgDOIhYnNg,2022-11-29T04:23:59Z,2026-04-15T21:41:08Z,2026-05-01T19:45:03Z,51270,True,pfRICH,eic/pfRICH,git@github.com:eic/pfRICH.git,1
R_kgDOIhVwuQ,2022-11-29T01:10:42Z,2026-05-05T23:07:12Z,2026-04-21T04:44:58Z,772,True,safe-arithmetic,intel/safe-arithmetic,git@github.com:intel/safe-arithmetic.git,100
R_kgDOIhU4DA,2022-11-29T00:07:43Z,2026-05-05T21:15:51Z,2026-05-05T21:16:35Z,49886,True,Minino,ElectronicCats/Minino,git@github.com:ElectronicCats/Minino.git,155
R_kgDOIhUCug,2022-11-28T23:07:08Z,2026-05-06T03:28:36Z,2026-05-06T21:13:48Z,366495,True,palace,awslabs/palace,git@github.com:awslabs/palace.git,500
R_kgDOIhSxdA,2022-11-28T21:46:43Z,2026-04-14T15:04:12Z,2026-04-14T17:07:40Z,1376,True,AprilTagSLAM_ROS,SafeRoboticsLab/AprilTagSLAM_ROS,git@github.com:SafeRoboticsLab/AprilTagSLAM_ROS.git,21
R_kgDOIhSP2Q,2022-11-28T21:16:48Z,2026-04-20T12:40:08Z,2026-04-20T12:40:04Z,2823,False,libleidenalg,vtraag/libleidenalg,git@github.com:vtraag/libleidenalg.git,32
R_kgDOIhNkqg,2022-11-28T17:32:04Z,2026-03-19T15:00:49Z,2026-03-19T14:57:32Z,171,True,ZTL,ZIMO-Elektronik/ZTL,git@github.com:ZIMO-Elektronik/ZTL.git,0
R_kgDOIhIMiA,2022-11-28T13:55:39Z,2026-05-07T09:31:51Z,2026-05-07T09:31:47Z,1970,False,Contiguous,AjayAjishaa/Contiguous,git@github.com:AjayAjishaa/Contiguous.git,0
R_kgDOIg_E2w,2022-11-28T07:14:06Z,2026-04-19T05:21:34Z,2026-04-19T05:21:29Z,13345,False,CS330,Leejunhee17/CS330,git@github.com:Leejunhee17/CS330.git,0
R_kgDOIg0wKg,2022-11-27T18:56:22Z,2026-04-23T10:47:30Z,2026-04-23T10:48:44Z,2824,False,nrf_to_nrf,TMRh20/nrf_to_nrf,git@github.com:TMRh20/nrf_to_nrf.git,47
R_kgDOIgzjNQ,2022-11-27T17:44:37Z,2026-03-04T22:29:30Z,2026-03-04T22:31:38Z,480,False,AviSynthPlus-EEDI3CL,Asd-g/AviSynthPlus-EEDI3CL,git@github.com:Asd-g/AviSynthPlus-EEDI3CL.git,6
R_kgDOIgys-g,2022-11-27T16:55:06Z,2026-05-06T22:08:20Z,2026-05-06T22:08:19Z,10,False,Servo,vovagorodok/Servo,git@github.com:vovagorodok/Servo.git,1
R_kgDOIgrxEg,2022-11-27T10:01:14Z,2026-04-25T07:14:39Z,2026-04-07T22:02:25Z,6451,False,areg-sdk-tools,aregtech/areg-sdk-tools,git@github.com:aregtech/areg-sdk-tools.git,21
R_kgDOIgjuNw,2022-11-26T21:29:40Z,2026-04-12T01:53:58Z,2026-04-12T01:53:50Z,30923,False,ferrite-core,koh-gt/ferrite-core,git@github.com:koh-gt/ferrite-core.git,13
R_kgDOIgjSLA,2022-11-26T20:53:11Z,2026-05-07T11:10:44Z,2026-05-01T22:16:36Z,303442,True,tenacity,tenacityteam/tenacity,git@github.com:tenacityteam/tenacity.git,758
R_kgDOIgZdqw,2022-11-26T10:03:06Z,2026-04-04T20:38:51Z,2026-04-04T20:38:47Z,2602,False,GFPGAN-ncnn-vulkan,onuralpszr/GFPGAN-ncnn-vulkan,git@github.com:onuralpszr/GFPGAN-ncnn-vulkan.git,53
R_kgDOIgYE1A,2022-11-26T08:24:15Z,2026-03-11T02:24:20Z,2026-03-11T02:24:16Z,37,False,kl-iterator,kobbled/kl-iterator,git@github.com:kobbled/kl-iterator.git,3
R_kgDOIf_3pQ,2022-11-25T06:39:04Z,2026-04-23T06:10:52Z,2026-04-23T06:16:00Z,49971,True,CS-IS-PBVR,CCSEPBVR/CS-IS-PBVR,git@github.com:CCSEPBVR/CS-IS-PBVR.git,1
R_kgDOIf5OJQ,2022-11-24T21:52:06Z,2026-04-28T17:09:06Z,2026-04-28T17:09:00Z,1028,True,DevTools,geode-sdk/DevTools,git@github.com:geode-sdk/DevTools.git,21
R_kgDOIfy34Q,2022-11-24T15:36:55Z,2026-04-28T11:52:04Z,2026-05-05T19:11:41Z,5472,True,SOLAr-sim,SoLAr-Neutrinos/SOLAr-sim,git@github.com:SoLAr-Neutrinos/SOLAr-sim.git,0
R_kgDOIfx5NA,2022-11-24T14:54:27Z,2026-04-03T08:26:45Z,2026-03-26T09:42:21Z,510857,False,DimensionEngine,DYYYYYYYF/DimensionEngine,git@github.com:DYYYYYYYF/DimensionEngine.git,14
R_kgDOIft6zw,2022-11-24T12:04:09Z,2026-04-14T10:37:38Z,2026-05-01T22:27:05Z,511,False,spherely,benbovy/spherely,git@github.com:benbovy/spherely.git,154
R_kgDOIft6XA,2022-11-24T12:03:51Z,2026-04-30T14:53:36Z,2026-04-30T14:48:27Z,68323,True,docs,openenergymonitor/docs,git@github.com:openenergymonitor/docs.git,6
R_kgDOIfqD_w,2022-11-24T09:03:22Z,2026-05-07T06:32:19Z,2026-05-04T21:06:23Z,45472,True,linyaps,OpenAtom-Linyaps/linyaps,git@github.com:OpenAtom-Linyaps/linyaps.git,192
R_kgDOIfobEQ,2022-11-24T07:43:15Z,2026-03-18T08:53:06Z,2026-03-18T08:54:45Z,411,False,Magellan,AIS-DeviceInnovation/Magellan,git@github.com:AIS-DeviceInnovation/Magellan.git,5
R_kgDOIfoRmw,2022-11-24T07:35:41Z,2026-04-28T22:28:18Z,2026-04-28T22:28:14Z,419036,True,fibjs_vender,fibjs/fibjs_vender,git@github.com:fibjs/fibjs_vender.git,2
R_kgDOIfftdw,2022-11-23T21:39:32Z,2026-04-27T14:04:13Z,2026-05-03T01:12:34Z,197140,True,VulkanSC-ValidationLayers,KhronosGroup/VulkanSC-ValidationLayers,git@github.com:KhronosGroup/VulkanSC-ValidationLayers.git,6
R_kgDOIfdWhg,2022-11-23T19:19:42Z,2026-04-26T16:51:42Z,2026-04-06T13:36:16Z,18248,True,minimalloc,google/minimalloc,git@github.com:google/minimalloc.git,184
R_kgDOIfc-jg,2022-11-23T19:00:31Z,2026-04-02T08:21:55Z,2026-04-02T08:21:54Z,400,False,ATC_MiThermometer,matthias-bs/ATC_MiThermometer,git@github.com:matthias-bs/ATC_MiThermometer.git,14
R_kgDOIfaSjw,2022-11-23T16:53:28Z,2026-04-30T16:44:33Z,2026-04-30T16:44:29Z,71093,True,spear,sse-labs/spear,git@github.com:sse-labs/spear.git,1
R_kgDOIfYTmA,2022-11-23T15:30:24Z,2026-05-07T03:33:22Z,2026-05-07T04:33:52Z,3123,False,PZChessBot,kevlu8/PZChessBot,git@github.com:kevlu8/PZChessBot.git,19
R_kgDOIfWUQQ,2022-11-23T14:10:07Z,2026-03-30T14:11:17Z,2026-03-30T14:10:57Z,5765,True,PhenoLink,Ksilink/PhenoLink,git@github.com:Ksilink/PhenoLink.git,0
R_kgDOIfO1RA,2022-11-23T08:40:23Z,2026-04-30T07:37:59Z,2026-03-13T04:34:45Z,65113,False,UKBioCoin,Ttttt47/UKBioCoin,git@github.com:Ttttt47/UKBioCoin.git,14
R_kgDOIfNEng,2022-11-23T07:10:50Z,2026-03-04T05:07:51Z,2026-03-04T05:07:43Z,24376,False,cacao,tekknolagi/cacao,git@github.com:tekknolagi/cacao.git,0
R_kgDOIfE-TQ,2022-11-22T21:50:28Z,2026-03-26T18:37:28Z,2026-03-26T18:37:33Z,131216,True,DP-HLS,TurakhiaLab/DP-HLS,git@github.com:TurakhiaLab/DP-HLS.git,13
R_kgDOIe_WGQ,2022-11-22T17:00:16Z,2026-03-07T06:25:11Z,2026-03-07T06:25:08Z,215627,False,Personal-Game-Engine,bradgeley/Personal-Game-Engine,git@github.com:bradgeley/Personal-Game-Engine.git,0
R_kgDOIe7GRA,2022-11-22T14:08:32Z,2026-05-06T22:21:17Z,2026-05-06T22:21:11Z,186898,True,ZHH,ILDAnaSoft/ZHH,git@github.com:ILDAnaSoft/ZHH.git,0
R_kgDOIeppog,2022-11-21T22:16:20Z,2026-05-07T11:27:14Z,2026-04-30T14:45:45Z,172951,True,U3D,u3d-community/U3D,git@github.com:u3d-community/U3D.git,391
R_kgDOIen32g,2022-11-21T20:34:48Z,2026-04-22T08:17:30Z,2026-04-22T08:17:25Z,26114,True,Practical-Arduino-Robotics,PacktPublishing/Practical-Arduino-Robotics,git@github.com:PacktPublishing/Practical-Arduino-Robotics.git,31
R_kgDOIecF6w,2022-11-21T12:13:24Z,2026-05-05T21:32:40Z,2026-04-13T20:38:43Z,842,False,ginlong-solis,hn/ginlong-solis,git@github.com:hn/ginlong-solis.git,151
R_kgDOIeSJPA,2022-11-21T03:48:30Z,2026-03-06T00:41:11Z,2026-03-04T00:54:11Z,6492,True,Handbook-USM,ProgramacionCompetitivaUTFSM/Handbook-USM,git@github.com:ProgramacionCompetitivaUTFSM/Handbook-USM.git,48
R_kgDOIeQvTA,2022-11-21T02:08:54Z,2026-05-05T16:36:47Z,2026-05-05T16:37:16Z,3840,False,OpenHornet-Software,jrsteensen/OpenHornet-Software,git@github.com:jrsteensen/OpenHornet-Software.git,34
R_kgDOIeQXbw,2022-11-21T01:40:52Z,2026-04-28T15:56:42Z,2026-04-28T15:56:38Z,1379,False,libobjs,tjringrose01/libobjs,git@github.com:tjringrose01/libobjs.git,1
R_kgDOIeLmAA,2022-11-20T19:24:13Z,2026-03-07T18:46:42Z,2026-04-25T18:37:20Z,276301,True,android_packages_modules_Bluetooth,LineageOS/android_packages_modules_Bluetooth,git@github.com:LineageOS/android_packages_modules_Bluetooth.git,7
R_kgDOIeHthA,2022-11-20T15:31:48Z,2026-03-10T09:34:02Z,2026-03-10T09:33:59Z,56,True,android_vendor_qcom_opensource_core-utils-vendor,LineageOS/android_vendor_qcom_opensource_core-utils-vendor,git@github.com:LineageOS/android_vendor_qcom_opensource_core-utils-vendor.git,3
R_kgDOIeFACw,2022-11-20T13:00:32Z,2026-05-04T00:28:35Z,2026-05-04T00:28:30Z,2138,False,BayoHook,SSSiyan/BayoHook,git@github.com:SSSiyan/BayoHook.git,37
R_kgDOIeEJQA,2022-11-20T12:07:35Z,2026-03-30T09:13:34Z,2026-03-30T09:13:30Z,627,False,FantacyUI,menmories/FantacyUI,git@github.com:menmories/FantacyUI.git,1
R_kgDOIeA87Q,2022-11-20T08:20:01Z,2026-05-07T01:40:31Z,2026-05-07T01:40:27Z,94795,True,gobot,RobSimulatorGroup/gobot,git@github.com:RobSimulatorGroup/gobot.git,15
R_kgDOId9Wng,2022-11-20T02:53:47Z,2026-03-15T19:32:34Z,2026-03-15T19:31:55Z,369,False,weather-station-esp32,MatheusReichert/weather-station-esp32,git@github.com:MatheusReichert/weather-station-esp32.git,0
R_kgDOId8Xmg,2022-11-20T01:06:54Z,2026-05-07T08:34:19Z,2026-05-06T17:53:52Z,71533,False,Clipboard,Slackadays/Clipboard,git@github.com:Slackadays/Clipboard.git,5767
R_kgDOId25nQ,2022-11-19T17:41:23Z,2026-04-09T06:37:08Z,2026-05-04T07:23:07Z,1589,False,HTCC,fredemmott/HTCC,git@github.com:fredemmott/HTCC.git,72
R_kgDOIdrCBg,2022-11-19T04:32:59Z,2026-04-26T22:48:29Z,2026-04-17T20:29:40Z,66686,True,IRIS-Project,IRIS-Digital-Dosimeter/IRIS-Project,git@github.com:IRIS-Digital-Dosimeter/IRIS-Project.git,3
R_kgDOIdnXNg,2022-11-18T23:04:06Z,2026-05-07T07:39:54Z,2026-05-07T07:39:50Z,25750,False,codewars,vremyavnikuda/codewars,git@github.com:vremyavnikuda/codewars.git,0
R_kgDOIdmc0A,2022-11-18T21:56:12Z,2026-04-26T21:32:39Z,2026-05-07T04:35:59Z,28191,False,Vibrosonics,udellc/Vibrosonics,git@github.com:udellc/Vibrosonics.git,6
R_kgDOIdjicA,2022-11-18T18:59:00Z,2026-03-13T13:42:50Z,2026-03-13T13:42:47Z,3119,False,cpp-practice,sakibul-shovon/cpp-practice,git@github.com:sakibul-shovon/cpp-practice.git,0
R_kgDOIdffzw,2022-11-18T15:43:07Z,2026-03-25T20:01:12Z,2026-03-25T20:00:45Z,76309,True,edgegap-unreal-plugin,edgegap/edgegap-unreal-plugin,git@github.com:edgegap/edgegap-unreal-plugin.git,20
R_kgDOIdeT0g,2022-11-18T14:52:04Z,2026-04-05T08:28:08Z,2026-04-05T08:28:04Z,8841,False,FIAT128-Emulator-Header,AbduEhab/FIAT128-Emulator-Header,git@github.com:AbduEhab/FIAT128-Emulator-Header.git,0
R_kgDOIdcAQg,2022-11-18T13:12:45Z,2026-05-06T06:42:30Z,2026-05-06T06:42:25Z,1524,True,fixposition-sdk,fixposition/fixposition-sdk,git@github.com:fixposition/fixposition-sdk.git,6
R_kgDOIdYS8w,2022-11-18T10:15:34Z,2026-04-29T00:15:48Z,2026-04-29T00:15:44Z,16188,False,learncpp,engiox/learncpp,git@github.com:engiox/learncpp.git,0
R_kgDOIdYS5g,2022-11-18T10:15:32Z,2026-05-06T06:32:13Z,2026-05-06T06:33:29Z,2117,False,icubaby,paulhuggett/icubaby,git@github.com:paulhuggett/icubaby.git,0
R_kgDOIdEg4g,2022-11-17T15:59:19Z,2026-04-23T17:42:15Z,2026-04-23T17:42:10Z,586302,True,multi-eGO,multi-ego/multi-eGO,git@github.com:multi-ego/multi-eGO.git,16
R_kgDOIdD4ww,2022-11-17T15:34:40Z,2026-04-10T02:21:04Z,2026-03-26T02:12:20Z,17,False,ESP32-OTA-Pull,mikalhart/ESP32-OTA-Pull,git@github.com:mikalhart/ESP32-OTA-Pull.git,99
R_kgDOIdBiYQ,2022-11-17T14:07:36Z,2026-03-23T19:58:01Z,2026-03-23T19:57:56Z,3017,False,ReflectionAndSlate,InoriEden/ReflectionAndSlate,git@github.com:InoriEden/ReflectionAndSlate.git,0
R_kgDOIc3naw,2022-11-17T06:46:31Z,2026-05-04T14:37:24Z,2026-05-04T14:36:35Z,66891,True,Maelstrom,libsdl-org/Maelstrom,git@github.com:libsdl-org/Maelstrom.git,36
R_kgDOIcqtBQ,2022-11-16T18:01:59Z,2026-04-23T07:08:50Z,2026-05-07T06:06:43Z,105410,False,chess_engine,ThomasGhione/chess_engine,git@github.com:ThomasGhione/chess_engine.git,17
R_kgDOIcoxvA,2022-11-16T16:43:58Z,2026-04-09T02:08:50Z,2026-04-09T02:08:45Z,1275,True,mauikit-calendar,KDE/mauikit-calendar,git@github.com:KDE/mauikit-calendar.git,4
R_kgDOIcoeMA,2022-11-16T16:32:00Z,2026-04-29T01:48:49Z,2026-04-29T01:48:46Z,6343,True,mauikit-documents,KDE/mauikit-documents,git@github.com:KDE/mauikit-documents.git,3
R_kgDOIcksjg,2022-11-16T14:13:58Z,2026-03-12T16:25:39Z,2026-03-12T16:25:34Z,58762,False,UDP-Examples,CopleyControlsOfficial/UDP-Examples,git@github.com:CopleyControlsOfficial/UDP-Examples.git,0
R_kgDOIcbF6Q,2022-11-16T07:10:17Z,2026-05-07T09:24:09Z,2026-05-07T09:24:05Z,2391,True,platform_device_xiaomi_sm8350-common,AOSP-for-venus/platform_device_xiaomi_sm8350-common,git@github.com:AOSP-for-venus/platform_device_xiaomi_sm8350-common.git,5
R_kgDOIcaAOA,2022-11-16T06:09:25Z,2026-03-13T10:11:08Z,2026-03-13T10:11:04Z,31,False,OOPM,bhumika-04/OOPM,git@github.com:bhumika-04/OOPM.git,0
R_kgDOIcY9oQ,2022-11-16T05:05:05Z,2026-04-10T20:59:58Z,2026-04-10T20:59:53Z,438,False,competitive-programming,WahtuAstrawan/competitive-programming,git@github.com:WahtuAstrawan/competitive-programming.git,0
R_kgDOIcVT0g,2022-11-16T01:06:02Z,2026-04-10T14:30:37Z,2026-04-10T14:30:23Z,42,True,377-lab-pagewalk,umass-cs-377/377-lab-pagewalk,git@github.com:umass-cs-377/377-lab-pagewalk.git,0
R_kgDOIcUOLg,2022-11-15T23:47:46Z,2026-05-01T04:29:56Z,2026-04-05T03:15:43Z,2420,True,brickworks,Orastron/brickworks,git@github.com:Orastron/brickworks.git,105
R_kgDOIcThzA,2022-11-15T22:57:23Z,2026-05-06T22:13:00Z,2026-05-06T22:12:56Z,40,False,ArduinoPin,vovagorodok/ArduinoPin,git@github.com:vovagorodok/ArduinoPin.git,2
R_kgDOIcSblQ,2022-11-15T21:49:54Z,2026-05-07T04:04:11Z,2026-03-16T08:52:54Z,4101,True,godot-jolt,godot-jolt/godot-jolt,git@github.com:godot-jolt/godot-jolt.git,2517
R_kgDOIcRSqg,2022-11-15T20:46:26Z,2026-04-23T09:25:53Z,2026-04-23T19:27:29Z,145,False,IMU_Sensor_Fusion,malloch/IMU_Sensor_Fusion,git@github.com:malloch/IMU_Sensor_Fusion.git,5
R_kgDOIcPt-w,2022-11-15T19:28:11Z,2026-03-06T07:24:56Z,2026-03-06T07:24:52Z,2161,True,LanguageBarrier64,CommitteeOfZero/LanguageBarrier64,git@github.com:CommitteeOfZero/LanguageBarrier64.git,3
R_kgDOIcEECQ,2022-11-15T11:32:05Z,2026-04-10T11:20:01Z,2026-04-10T11:19:57Z,156,False,laser_segmentation,ajtudela/laser_segmentation,git@github.com:ajtudela/laser_segmentation.git,38
R_kgDOIb9Rbw,2022-11-15T06:19:37Z,2026-04-10T03:56:37Z,2026-04-10T03:56:32Z,21,False,LED-Cassette-Tape,gyarudenkyoko/LED-Cassette-Tape,git@github.com:gyarudenkyoko/LED-Cassette-Tape.git,1
R_kgDOIb7I7g,2022-11-15T04:09:24Z,2026-03-03T03:58:41Z,2026-03-03T03:58:32Z,5716,True,balabit-os-9-protobuf,balabit-deps/balabit-os-9-protobuf,git@github.com:balabit-deps/balabit-os-9-protobuf.git,0
R_kgDOIb31lA,2022-11-15T00:40:36Z,2026-04-29T03:34:22Z,2026-04-29T03:34:18Z,7684,True,nunchuk-android-nativesdk,nunchuk-io/nunchuk-android-nativesdk,git@github.com:nunchuk-io/nunchuk-android-nativesdk.git,5
R_kgDOIb0SrA,2022-11-14T21:03:44Z,2026-03-25T22:30:10Z,2026-03-25T22:30:05Z,156409,True,vanttec_sdv,vanttec/vanttec_sdv,git@github.com:vanttec/vanttec_sdv.git,3
R_kgDOIbvwOQ,2022-11-14T17:37:51Z,2026-03-30T14:52:59Z,2026-03-30T14:52:51Z,37,False,SoloCpp,cjsdiniz/SoloCpp,git@github.com:cjsdiniz/SoloCpp.git,0
R_kgDOIbsufg,2022-11-14T15:38:40Z,2026-05-04T00:13:32Z,2026-05-04T00:13:27Z,6194234,True,Aux-Mod,Outer-Rim-Armory/Aux-Mod,git@github.com:Outer-Rim-Armory/Aux-Mod.git,5
R_kgDOIbkb_g,2022-11-14T10:05:00Z,2026-05-02T01:02:06Z,2026-05-06T21:00:24Z,114302,True,apt,live-clones/apt,git@github.com:live-clones/apt.git,2
R_kgDOIbcaJw,2022-11-14T02:31:57Z,2026-04-11T13:27:28Z,2026-04-07T00:13:21Z,54970,True,JavaForQuest,digitalworlds/JavaForQuest,git@github.com:digitalworlds/JavaForQuest.git,29
R_kgDOIbYTyA,2022-11-13T21:03:09Z,2026-03-01T18:14:52Z,2026-03-01T09:26:35Z,1376,False,melodeon,CDrummond/melodeon,git@github.com:CDrummond/melodeon.git,17
R_kgDOIbV5YQ,2022-11-13T18:23:21Z,2026-05-06T18:13:47Z,2026-05-06T18:13:42Z,2143,False,LeetCode-challenge,Chayandas07/LeetCode-challenge,git@github.com:Chayandas07/LeetCode-challenge.git,8
R_kgDOIbVZ6Q,2022-11-13T17:53:18Z,2026-05-06T20:05:39Z,2026-05-06T20:42:10Z,361,True,npsim,eic/npsim,git@github.com:eic/npsim.git,0
R_kgDOIbUMfg,2022-11-13T16:40:58Z,2026-04-01T18:47:12Z,2026-04-01T18:47:05Z,19159,False,nhl_playoff_odds,martinm43/nhl_playoff_odds,git@github.com:martinm43/nhl_playoff_odds.git,0
R_kgDOIbQyoA,2022-11-13T13:30:22Z,2026-05-07T06:33:11Z,2026-04-07T15:06:25Z,542,False,AndUEDumper,MJx0/AndUEDumper,git@github.com:MJx0/AndUEDumper.git,413
R_kgDOIbBx4w,2022-11-12T17:24:21Z,2026-04-29T09:02:02Z,2026-04-29T09:01:58Z,104,True,lib-communication,eagletrt/lib-communication,git@github.com:eagletrt/lib-communication.git,0
R_kgDOIbBZdQ,2022-11-12T17:03:24Z,2026-04-18T07:25:43Z,2026-05-07T07:31:43Z,135008,True,obsw,skyward-er/obsw,git@github.com:skyward-er/obsw.git,4
R_kgDOIbBLtw,2022-11-12T16:50:45Z,2026-04-18T07:20:04Z,2026-05-07T07:29:09Z,21012,True,boardcore,skyward-er/boardcore,git@github.com:skyward-er/boardcore.git,5
R_kgDOIa9TxA,2022-11-12T13:11:51Z,2026-03-19T15:23:08Z,2026-03-19T15:21:22Z,133,False,pt100-temperature-control-heating-stage,mehrpad/pt100-temperature-control-heating-stage,git@github.com:mehrpad/pt100-temperature-control-heating-stage.git,1
R_kgDOIa8sQA,2022-11-12T12:33:42Z,2026-04-27T01:40:13Z,2026-03-24T19:49:11Z,113,False,esphome-igrill,bendikwa/esphome-igrill,git@github.com:bendikwa/esphome-igrill.git,69
R_kgDOIa4KEg,2022-11-12T07:28:35Z,2026-05-07T01:01:20Z,2026-04-25T10:52:58Z,574,False,Raylib-CPP-Starter-Template-for-VSCODE,educ8s/Raylib-CPP-Starter-Template-for-VSCODE,git@github.com:educ8s/Raylib-CPP-Starter-Template-for-VSCODE.git,740
R_kgDOIa1fYA,2022-11-12T03:53:15Z,2026-04-22T14:09:10Z,2026-04-22T14:37:10Z,2330,True,bedwars-overlay,voids-top/bedwars-overlay,git@github.com:voids-top/bedwars-overlay.git,0
R_kgDOIazMEg,2022-11-12T00:21:56Z,2026-04-26T08:33:20Z,2026-04-26T08:33:16Z,16911,False,mini_sxp,JarkkoPFC/mini_sxp,git@github.com:JarkkoPFC/mini_sxp.git,53
R_kgDOIawdyw,2022-11-11T20:53:14Z,2026-04-28T01:38:05Z,2026-04-15T19:23:19Z,483,True,ml_dtypes,jax-ml/ml_dtypes,git@github.com:jax-ml/ml_dtypes.git,342
R_kgDOIalDwA,2022-11-11T11:43:13Z,2026-03-05T17:08:27Z,2026-03-05T17:08:23Z,65097,True,micro_benchmarks,exasim-project/micro_benchmarks,git@github.com:exasim-project/micro_benchmarks.git,6
R_kgDOIaj21w,2022-11-11T10:43:56Z,2026-05-02T07:28:41Z,2026-05-04T10:48:01Z,70217,True,dgtd,OpenSEMBA/dgtd,git@github.com:OpenSEMBA/dgtd.git,31
R_kgDOIaju3w,2022-11-11T10:38:06Z,2026-04-02T10:15:37Z,2026-04-02T10:15:30Z,8823,True,core,OpenSEMBA/core,git@github.com:OpenSEMBA/core.git,0
R_kgDOIah5Ww,2022-11-11T09:09:46Z,2026-05-07T09:53:31Z,2026-05-07T11:23:43Z,232828,True,ArcticDB,man-group/ArcticDB,git@github.com:man-group/ArcticDB.git,2267
R_kgDOIagcCQ,2022-11-11T07:58:37Z,2026-04-26T15:17:57Z,2026-03-30T13:11:20Z,385,False,flutter_localization,channdara/flutter_localization,git@github.com:channdara/flutter_localization.git,24
R_kgDOIafkQg,2022-11-11T07:11:42Z,2026-04-23T12:24:24Z,2026-04-23T12:24:02Z,20665,True,sonic-cpp,bytedance/sonic-cpp,git@github.com:bytedance/sonic-cpp.git,971
R_kgDOIaVOKw,2022-11-10T20:14:49Z,2026-05-02T14:26:06Z,2026-05-05T01:26:11Z,164361,True,andino,Ekumen-OS/andino,git@github.com:Ekumen-OS/andino.git,320
R_kgDOIaSn5Q,2022-11-10T18:09:53Z,2026-05-06T21:08:11Z,2026-05-06T21:08:07Z,18637,True,rocky,pelicanmapping/rocky,git@github.com:pelicanmapping/rocky.git,242
R_kgDOIaRwrg,2022-11-10T17:31:42Z,2026-04-17T19:21:09Z,2026-04-17T19:21:01Z,16770,True,PICOS,ORNL-Fusion/PICOS,git@github.com:ORNL-Fusion/PICOS.git,4
R_kgDOIaP6jA,2022-11-10T16:14:29Z,2026-04-24T00:41:04Z,2026-04-24T00:40:59Z,1982,True,cobalt,boostorg/cobalt,git@github.com:boostorg/cobalt.git,337
R_kgDOIaOwlw,2022-11-10T15:28:23Z,2026-03-13T05:02:40Z,2026-03-13T05:02:36Z,30820,False,Cpp,Dark-Momo/Cpp,git@github.com:Dark-Momo/Cpp.git,0
R_kgDOIaM_3A,2022-11-10T14:21:19Z,2026-03-18T13:02:02Z,2026-03-18T13:01:57Z,174360,True,public-ultrasound-demos,ImFusionGmbH/public-ultrasound-demos,git@github.com:ImFusionGmbH/public-ultrasound-demos.git,6
R_kgDOIaKhiA,2022-11-10T12:41:30Z,2026-04-03T13:02:37Z,2026-04-03T13:02:28Z,117425,True,REX-8in1-V2,Robotistan/REX-8in1-V2,git@github.com:Robotistan/REX-8in1-V2.git,6
R_kgDOIaHNKA,2022-11-10T10:17:51Z,2026-03-19T12:41:42Z,2026-03-30T13:47:27Z,1122,False,cosoco,xcsp3team/cosoco,git@github.com:xcsp3team/cosoco.git,14
R_kgDOIZ9caQ,2022-11-10T01:08:37Z,2026-04-14T21:16:44Z,2026-04-13T19:59:56Z,15849,False,Solitarie,JuanDluna/Solitarie,git@github.com:JuanDluna/Solitarie.git,0
R_kgDOIZuLZw,2022-11-09T13:03:24Z,2026-03-11T19:36:33Z,2026-03-11T19:36:27Z,192,False,ham-dht-tools,n7tae/ham-dht-tools,git@github.com:n7tae/ham-dht-tools.git,7
R_kgDOIZlVhg,2022-11-09T06:17:13Z,2026-04-25T19:45:46Z,2026-04-30T02:38:22Z,42282,False,ashura,lamarrr/ashura,git@github.com:lamarrr/ashura.git,50
R_kgDOIZjx0w,2022-11-09T04:40:29Z,2026-05-06T09:22:39Z,2026-05-06T09:37:01Z,110834,True,pyroscope-dotnet,grafana/pyroscope-dotnet,git@github.com:grafana/pyroscope-dotnet.git,36
R_kgDOIZY5jQ,2022-11-08T18:20:39Z,2026-04-22T09:27:54Z,2026-05-07T10:52:51Z,1178,False,flatflow,9rum/flatflow,git@github.com:9rum/flatflow.git,12
R_kgDOIZXqGQ,2022-11-08T17:27:17Z,2026-03-16T11:14:46Z,2026-03-16T11:14:43Z,53739,False,LDSP,victorzappi/LDSP,git@github.com:victorzappi/LDSP.git,45
R_kgDOIZXI5A,2022-11-08T17:06:07Z,2026-04-13T12:17:44Z,2026-04-29T13:43:23Z,8014,True,iit-dagana-ros-pkg,ADVRHumanoids/iit-dagana-ros-pkg,git@github.com:ADVRHumanoids/iit-dagana-ros-pkg.git,3
R_kgDOIZUiRQ,2022-11-08T15:22:52Z,2026-04-29T16:01:11Z,2026-04-29T16:01:10Z,36808,False,lahuta,bisejdiu/lahuta,git@github.com:bisejdiu/lahuta.git,8
R_kgDOIZRAvw,2022-11-08T13:12:42Z,2026-05-01T14:13:10Z,2026-05-01T14:13:06Z,128816,False,openGL-final,hdwou/openGL-final,git@github.com:hdwou/openGL-final.git,0
R_kgDOIY9qAw,2022-11-07T19:52:33Z,2026-03-13T15:03:38Z,2026-04-15T18:04:52Z,83,True,redis_cache,triton-inference-server/redis_cache,git@github.com:triton-inference-server/redis_cache.git,17
R_kgDOIY85dQ,2022-11-07T19:16:44Z,2026-04-23T06:25:12Z,2026-04-23T06:25:08Z,31295,True,otawa,statinf-otawa/otawa,git@github.com:statinf-otawa/otawa.git,9
R_kgDOIY52yQ,2022-11-07T17:04:41Z,2026-05-03T22:51:50Z,2026-05-03T23:01:13Z,7714,False,CG-rubiks-cube-solver,RayverAimar/CG-rubiks-cube-solver,git@github.com:RayverAimar/CG-rubiks-cube-solver.git,0
R_kgDOIYyBoQ,2022-11-07T12:03:08Z,2026-03-25T08:51:35Z,2026-03-25T08:51:32Z,530,True,remotivelabs-android-vhal,remotivelabs/remotivelabs-android-vhal,git@github.com:remotivelabs/remotivelabs-android-vhal.git,10
R_kgDOIYqcng,2022-11-07T06:15:22Z,2026-04-10T09:37:54Z,2026-04-10T09:37:49Z,3723,True,lebai-sdk,lebai-robotics/lebai-sdk,git@github.com:lebai-robotics/lebai-sdk.git,11
R_kgDOIYj_5A,2022-11-06T22:37:58Z,2026-05-03T15:47:57Z,2026-05-03T15:47:52Z,747,False,thermal_camera,fedetft/thermal_camera,git@github.com:fedetft/thermal_camera.git,2
R_kgDOIYglEQ,2022-11-06T18:51:05Z,2026-03-15T03:53:28Z,2026-03-15T03:53:23Z,14705,False,cor64-glide64,bryanperris/cor64-glide64,git@github.com:bryanperris/cor64-glide64.git,0
R_kgDOIYgg9w,2022-11-06T18:47:12Z,2026-05-02T12:33:11Z,2026-05-02T12:33:07Z,3091,False,Correrender,chrismile/Correrender,git@github.com:chrismile/Correrender.git,4
R_kgDOIYfJzw,2022-11-06T17:30:48Z,2026-04-11T20:42:45Z,2026-05-05T06:12:16Z,633,False,esp8266-mqtt-client,TheRealArthurDent/esp8266-mqtt-client,git@github.com:TheRealArthurDent/esp8266-mqtt-client.git,0
R_kgDOIYaBPQ,2022-11-06T12:50:53Z,2026-04-17T00:57:34Z,2026-04-17T00:57:29Z,2686,False,jsoncpp,WangTingMan/jsoncpp,git@github.com:WangTingMan/jsoncpp.git,0
R_kgDOIYZOHQ,2022-11-06T12:01:32Z,2026-04-24T14:56:49Z,2026-04-24T14:56:46Z,21180,False,Config-Files,BMRG-Holgat/Config-Files,git@github.com:BMRG-Holgat/Config-Files.git,0
R_kgDOIYY3PQ,2022-11-06T11:37:41Z,2026-04-11T19:51:29Z,2026-04-14T05:56:41Z,450,False,esp8266-wifi-participant,TheRealArthurDent/esp8266-wifi-participant,git@github.com:TheRealArthurDent/esp8266-wifi-participant.git,0
R_kgDOIYVxvw,2022-11-06T07:55:54Z,2026-03-09T14:39:09Z,2026-03-09T14:39:04Z,86,False,CLibUtil,powerof3/CLibUtil,git@github.com:powerof3/CLibUtil.git,20
R_kgDOIYTL_w,2022-11-06T04:00:14Z,2026-04-26T00:34:00Z,2026-04-26T02:29:34Z,181521,True,mateablecoin-24.x,mateable/mateablecoin-24.x,git@github.com:mateable/mateablecoin-24.x.git,4
R_kgDOIYRXpQ,2022-11-06T00:53:52Z,2026-05-06T00:35:03Z,2026-05-06T00:34:59Z,1226218,False,95th-Legion-Aux,Turner605/95th-Legion-Aux,git@github.com:Turner605/95th-Legion-Aux.git,1
R_kgDOIYOQOQ,2022-11-05T20:20:56Z,2026-04-30T21:09:56Z,2026-04-24T21:09:22Z,2136,False,displaylib_16bit_PICO,gavinlyonsrepo/displaylib_16bit_PICO,git@github.com:gavinlyonsrepo/displaylib_16bit_PICO.git,53
R_kgDOIYJGHA,2022-11-05T15:14:06Z,2026-05-01T06:02:53Z,2026-05-06T17:33:45Z,117976,True,cachyos-calamares,CachyOS/cachyos-calamares,git@github.com:CachyOS/cachyos-calamares.git,53
R_kgDOIX5cJw,2022-11-04T20:26:54Z,2026-04-24T19:25:28Z,2026-04-24T19:26:29Z,923,True,laps,Quicr/laps,git@github.com:Quicr/laps.git,4
R_kgDOIX4j2w,2022-11-04T19:35:43Z,2026-03-25T14:40:10Z,2026-05-06T00:43:19Z,2245,True,yardl,microsoft/yardl,git@github.com:microsoft/yardl.git,34
R_kgDOIX4HHA,2022-11-04T19:10:37Z,2026-04-26T11:51:31Z,2026-04-14T21:54:57Z,2377,False,ikea-led-obegraensad,ph1p/ikea-led-obegraensad,git@github.com:ph1p/ikea-led-obegraensad.git,818
R_kgDOIXvVkQ,2022-11-04T12:45:44Z,2026-05-07T10:16:06Z,2026-05-07T10:16:02Z,836,False,llm-log,elijahmuimi/llm-log,git@github.com:elijahmuimi/llm-log.git,0
R_kgDOIXpIlw,2022-11-04T07:44:11Z,2026-04-03T03:41:39Z,2026-03-29T20:18:20Z,295,True,QuickActions,outoftheboxplugins/QuickActions,git@github.com:outoftheboxplugins/QuickActions.git,121
R_kgDOIXizzQ,2022-11-04T00:33:13Z,2026-05-04T12:41:32Z,2026-04-28T04:47:51Z,93902,True,sophon-demo,sophgo/sophon-demo,git@github.com:sophgo/sophon-demo.git,486
R_kgDOIXeggg,2022-11-03T19:57:34Z,2026-04-27T18:00:19Z,2026-04-27T18:00:06Z,45756,True,CI-EDM-MQTTClientDemo,Crystal-Instruments/CI-EDM-MQTTClientDemo,git@github.com:Crystal-Instruments/CI-EDM-MQTTClientDemo.git,2
R_kgDOIXd_6g,2022-11-03T19:31:52Z,2026-05-05T10:10:14Z,2026-05-05T10:12:40Z,181383,False,Renegade,pkrisz99/Renegade,git@github.com:pkrisz99/Renegade.git,43
R_kgDOIXbtlw,2022-11-03T17:42:45Z,2026-05-07T04:35:32Z,2026-04-07T08:44:58Z,14060,True,RE-UE4SS,UE4SS-RE/RE-UE4SS,git@github.com:UE4SS-RE/RE-UE4SS.git,2464
R_kgDOIXa3hA,2022-11-03T17:05:20Z,2026-05-06T19:40:23Z,2026-05-05T01:16:40Z,1785,True,GRTresna,GRTLCollaboration/GRTresna,git@github.com:GRTLCollaboration/GRTresna.git,6
R_kgDOIXa3LQ,2022-11-03T17:05:02Z,2026-05-04T13:35:37Z,2026-05-04T13:35:19Z,197,False,gem,mtminnick/gem,git@github.com:mtminnick/gem.git,0
R_kgDOIXY97w,2022-11-03T15:48:29Z,2026-04-12T20:36:47Z,2026-04-12T20:36:38Z,277,False,learnCpp,rikardgn/learnCpp,git@github.com:rikardgn/learnCpp.git,7
R_kgDOIXOarg,2022-11-03T08:20:16Z,2026-04-24T15:15:04Z,2026-04-24T15:15:02Z,338,True,plume,ecmwf/plume,git@github.com:ecmwf/plume.git,1
R_kgDOIXOMTw,2022-11-03T08:08:36Z,2026-04-29T15:03:55Z,2026-05-01T18:10:59Z,103874,False,transmission,templarundead/transmission,git@github.com:templarundead/transmission.git,0
R_kgDOIXNEOQ,2022-11-03T07:10:50Z,2026-05-07T10:26:23Z,2026-05-06T15:36:36Z,41390,True,Launcher,ElyPrismLauncher/Launcher,git@github.com:ElyPrismLauncher/Launcher.git,635
R_kgDOIXKgaQ,2022-11-03T04:36:42Z,2026-04-07T05:32:29Z,2026-04-08T09:21:40Z,286076,False,Personal-Workspace02,DeathSurvivor02/Personal-Workspace02,git@github.com:DeathSurvivor02/Personal-Workspace02.git,1
R_kgDOIXKGjA,2022-11-03T04:07:36Z,2026-05-06T18:50:43Z,2026-05-06T18:50:34Z,50223,False,libultraship,Kenix3/libultraship,git@github.com:Kenix3/libultraship.git,297
R_kgDOIXGAOQ,2022-11-02T23:12:23Z,2026-04-28T15:45:21Z,2026-04-28T15:38:16Z,215,False,dsp-research,tim-janik/dsp-research,git@github.com:tim-janik/dsp-research.git,0
R_kgDOIXFd8A,2022-11-02T22:33:25Z,2026-05-03T19:30:41Z,2026-05-03T19:30:36Z,438,True,mod-zone-difficulty,azerothcore/mod-zone-difficulty,git@github.com:azerothcore/mod-zone-difficulty.git,31
R_kgDOIXE7tw,2022-11-02T21:56:28Z,2026-03-10T20:28:30Z,2026-05-06T18:13:14Z,207051,False,codesign,tathagatasrimani/codesign,git@github.com:tathagatasrimani/codesign.git,11
R_kgDOIXDhfw,2022-11-02T20:31:43Z,2026-04-01T21:30:26Z,2026-04-01T21:30:21Z,65823,False,lab-control-fime,miplatas/lab-control-fime,git@github.com:miplatas/lab-control-fime.git,3
R_kgDOIXBVTQ,2022-11-02T18:41:04Z,2026-05-06T07:51:27Z,2026-05-07T08:00:20Z,887,True,rialto-gstreamer,rdkcentral/rialto-gstreamer,git@github.com:rdkcentral/rialto-gstreamer.git,0
R_kgDOIXBHSQ,2022-11-02T18:29:55Z,2026-04-27T11:11:17Z,2026-05-01T01:34:06Z,332,True,rialto-ocdm,rdkcentral/rialto-ocdm,git@github.com:rdkcentral/rialto-ocdm.git,0
R_kgDOIXAqGg,2022-11-02T18:08:35Z,2026-05-06T07:51:23Z,2026-05-07T10:55:16Z,8230,True,rialto,rdkcentral/rialto,git@github.com:rdkcentral/rialto.git,5
R_kgDOIW5y6A,2022-11-02T13:42:09Z,2026-05-06T14:54:59Z,2026-05-07T10:16:06Z,399212,True,imodel-native,iTwin/imodel-native,git@github.com:iTwin/imodel-native.git,25
R_kgDOIW4Xkw,2022-11-02T12:43:38Z,2026-05-07T08:23:13Z,2026-05-07T08:23:09Z,2338,False,falcon,cuihairu/falcon,git@github.com:cuihairu/falcon.git,4
R_kgDOIWxhiA,2022-11-02T07:20:02Z,2026-04-22T05:23:23Z,2026-05-06T17:11:26Z,369,True,example-auth-flutter,zitadel/example-auth-flutter,git@github.com:zitadel/example-auth-flutter.git,14
R_kgDOIWvhrw,2022-11-02T05:24:35Z,2026-05-06T22:48:40Z,2026-05-06T22:48:33Z,1476964,False,abcdefg,Robbbert/abcdefg,git@github.com:Robbbert/abcdefg.git,21
R_kgDOIWpeEQ,2022-11-01T22:22:46Z,2026-05-07T01:00:54Z,2026-05-04T15:02:06Z,148261,False,robotic_notes,behnamasadi/robotic_notes,git@github.com:behnamasadi/robotic_notes.git,125
R_kgDOIWo7rg,2022-11-01T21:47:30Z,2026-04-21T20:21:27Z,2026-04-21T20:21:20Z,1397,False,BioEvo,zer0-K/BioEvo,git@github.com:zer0-K/BioEvo.git,0
R_kgDOIWlGQA,2022-11-01T18:32:02Z,2026-05-02T20:30:32Z,2026-04-14T06:26:41Z,1197,True,obs-vertical-canvas,Aitum/obs-vertical-canvas,git@github.com:Aitum/obs-vertical-canvas.git,268
R_kgDOIWfXsQ,2022-11-01T14:35:41Z,2026-04-13T23:48:49Z,2026-04-13T23:48:42Z,153,False,util,MG-5/util,git@github.com:MG-5/util.git,0
R_kgDOIWd5qw,2022-11-01T13:39:39Z,2026-05-06T17:34:26Z,2026-04-23T11:17:41Z,15888,False,bt,aloneguid/bt,git@github.com:aloneguid/bt.git,423
R_kgDOIWdAfA,2022-11-01T13:02:40Z,2026-04-21T22:59:34Z,2026-04-21T23:00:52Z,20620,False,libjupitermag,mattkjames7/libjupitermag,git@github.com:mattkjames7/libjupitermag.git,4
R_kgDOIWRkAQ,2022-11-01T02:17:17Z,2026-05-06T03:47:09Z,2026-05-04T18:41:15Z,8609,True,Sleipnir,SleipnirGroup/Sleipnir,git@github.com:SleipnirGroup/Sleipnir.git,77
R_kgDOIWQyEA,2022-11-01T01:25:39Z,2026-04-30T20:08:21Z,2026-04-27T18:38:15Z,16423,True,tfevents,mlverse/tfevents,git@github.com:mlverse/tfevents.git,13
R_kgDOIWKRoA,2022-10-31T18:51:10Z,2026-04-08T21:15:17Z,2026-05-04T18:42:29Z,271255,True,ExaEpi,AMReX-ABM/ExaEpi,git@github.com:AMReX-ABM/ExaEpi.git,3
R_kgDOIWGVcg,2022-10-31T16:10:20Z,2026-05-07T10:00:28Z,2026-05-07T10:00:21Z,1326,False,AlgorithmCPP,LSapee/AlgorithmCPP,git@github.com:LSapee/AlgorithmCPP.git,1
R_kgDOIWFNEw,2022-10-31T15:29:08Z,2026-04-21T17:55:58Z,2026-04-21T17:55:54Z,4339,False,DNX-Note-Width-Changer,AXIS5hacker/DNX-Note-Width-Changer,git@github.com:AXIS5hacker/DNX-Note-Width-Changer.git,9
R_kgDOIWBaUA,2022-10-31T13:15:32Z,2026-05-06T00:47:09Z,2026-04-27T23:52:46Z,2154,False,treereduce,langston-barrett/treereduce,git@github.com:langston-barrett/treereduce.git,113
R_kgDOIV2X6Q,2022-10-31T04:31:08Z,2026-04-12T13:14:43Z,2026-04-12T13:37:20Z,13023,False,sharpsat-td,mahi045/sharpsat-td,git@github.com:mahi045/sharpsat-td.git,0
R_kgDOIV1Bew,2022-10-31T03:03:15Z,2026-04-02T03:03:24Z,2026-04-02T03:03:20Z,133907,False,Botletics-SIM7000,botletics/Botletics-SIM7000,git@github.com:botletics/Botletics-SIM7000.git,24
R_kgDOIV0UeQ,2022-10-31T02:19:25Z,2026-05-07T10:59:24Z,2026-05-06T19:46:08Z,29069,True,OpenRV,AcademySoftwareFoundation/OpenRV,git@github.com:AcademySoftwareFoundation/OpenRV.git,726
R_kgDOIVxhmw,2022-10-30T22:40:26Z,2026-05-07T08:39:00Z,2026-05-07T08:38:58Z,5157,False,AD-HOC,juanlucasrey/AD-HOC,git@github.com:juanlucasrey/AD-HOC.git,5
R_kgDOIVsoUA,2022-10-30T17:24:57Z,2026-04-16T00:58:47Z,2026-04-21T19:17:28Z,6586,True,desesc,masc-ucsc/desesc,git@github.com:masc-ucsc/desesc.git,3
R_kgDOIVqKjg,2022-10-30T15:06:26Z,2026-04-05T03:30:54Z,2026-04-05T03:30:35Z,283820,True,packages_modules_Bluetooth,VoltageOS/packages_modules_Bluetooth,git@github.com:VoltageOS/packages_modules_Bluetooth.git,1
R_kgDOIVmRng,2022-10-30T11:20:41Z,2026-03-31T12:19:20Z,2026-03-31T12:19:16Z,2353,False,Liquid-Mixing-Robot-Project,ali-karatas/Liquid-Mixing-Robot-Project,git@github.com:ali-karatas/Liquid-Mixing-Robot-Project.git,0
R_kgDOIVmRXg,2022-10-30T11:20:26Z,2026-04-20T15:13:40Z,2026-04-20T15:13:35Z,5655,False,DCIS,LazyanArtyom/DCIS,git@github.com:LazyanArtyom/DCIS.git,7
R_kgDOIVmQig,2022-10-30T11:19:33Z,2026-04-23T02:25:35Z,2026-04-23T02:25:32Z,4618,False,slict,brytsknguyen/slict,git@github.com:brytsknguyen/slict.git,311
R_kgDOIVhZzg,2022-10-30T05:27:36Z,2026-04-06T05:52:37Z,2026-04-06T05:52:34Z,487744,False,the-cherenkov-effect,struct78/the-cherenkov-effect,git@github.com:struct78/the-cherenkov-effect.git,3
R_kgDOIVTYQQ,2022-10-29T11:59:03Z,2026-05-05T21:59:31Z,2026-05-05T21:59:27Z,3414,False,RaftCore,robdobsn/RaftCore,git@github.com:robdobsn/RaftCore.git,6
R_kgDOIVFdsg,2022-10-28T18:32:57Z,2026-04-25T09:21:29Z,2026-04-25T09:23:54Z,12559,False,pybFoam,HenningScheufler/pybFoam,git@github.com:HenningScheufler/pybFoam.git,21
R_kgDOIVDS_Q,2022-10-28T16:48:30Z,2026-03-28T22:34:44Z,2026-03-28T22:34:40Z,286,True,nui-homepage,NuiCpp/nui-homepage,git@github.com:NuiCpp/nui-homepage.git,0
R_kgDOIU-_sQ,2022-10-28T13:51:34Z,2026-03-29T04:01:30Z,2026-03-29T04:01:25Z,916,False,CP-Journey,Superbestron/CP-Journey,git@github.com:Superbestron/CP-Journey.git,3
R_kgDOIU-B5g,2022-10-28T13:10:01Z,2026-04-28T12:50:31Z,2026-04-28T12:54:20Z,3790,False,CoSim,wyvernSemi/CoSim,git@github.com:wyvernSemi/CoSim.git,2
R_kgDOIUokIg,2022-10-27T17:27:01Z,2026-04-29T23:01:27Z,2026-04-25T17:23:37Z,466,True,swift-index-store,MobileNativeFoundation/swift-index-store,git@github.com:MobileNativeFoundation/swift-index-store.git,159
R_kgDOIUh6kA,2022-10-27T13:22:56Z,2026-03-20T07:01:18Z,2026-04-28T08:23:41Z,2732,True,sedExnerFoam,SedFoam/sedExnerFoam,git@github.com:SedFoam/sedExnerFoam.git,15
R_kgDOIUafZQ,2022-10-27T08:22:07Z,2026-04-07T10:51:20Z,2026-04-07T10:59:15Z,1329,True,embedder,flutter-tizen/embedder,git@github.com:flutter-tizen/embedder.git,13
R_kgDOIUabjw,2022-10-27T08:19:45Z,2026-05-07T05:57:57Z,2026-03-22T11:53:57Z,499,False,sms_forwarding,chenxuuu/sms_forwarding,git@github.com:chenxuuu/sms_forwarding.git,983
R_kgDOIUV70w,2022-10-27T04:41:50Z,2026-04-17T10:03:48Z,2026-05-06T03:51:02Z,1016,True,scip-clang,sourcegraph/scip-clang,git@github.com:sourcegraph/scip-clang.git,83
R_kgDOIUMZ5g,2022-10-26T19:47:28Z,2026-03-22T01:08:56Z,2026-03-22T01:05:21Z,442261,False,SonhoGame,adryancf/SonhoGame,git@github.com:adryancf/SonhoGame.git,1
R_kgDOIUHJUw,2022-10-26T16:15:51Z,2026-05-06T04:22:57Z,2026-05-04T09:58:58Z,100577,True,openappsec,openappsec/openappsec,git@github.com:openappsec/openappsec.git,1611
R_kgDOIUHAsQ,2022-10-26T16:10:55Z,2026-04-26T20:01:29Z,2026-04-13T01:19:44Z,1194,True,textureldr,geode-sdk/textureldr,git@github.com:geode-sdk/textureldr.git,33
R_kgDOIUGhSA,2022-10-26T15:53:45Z,2026-05-04T21:44:44Z,2026-05-04T21:44:39Z,97423,True,Biphasic-data-acquisition-system,ARTS-Laboratory/Biphasic-data-acquisition-system,git@github.com:ARTS-Laboratory/Biphasic-data-acquisition-system.git,0
R_kgDOIT-E1g,2022-10-26T10:52:51Z,2026-05-01T16:02:36Z,2026-04-19T21:00:35Z,1220,True,ImGui,FlaxEngine/ImGui,git@github.com:FlaxEngine/ImGui.git,18
R_kgDOIT7T4w,2022-10-26T09:04:32Z,2026-03-19T13:55:54Z,2026-04-22T14:06:20Z,11352,True,mt4g,caps-tum/mt4g,git@github.com:caps-tum/mt4g.git,19
R_kgDOITzeIw,2022-10-26T02:50:23Z,2026-05-05T07:39:15Z,2026-04-30T02:23:52Z,1042,True,linyaps-box,OpenAtom-Linyaps/linyaps-box,git@github.com:OpenAtom-Linyaps/linyaps-box.git,11
R_kgDOITwqmA,2022-10-26T00:30:03Z,2026-04-11T22:54:17Z,2026-04-11T22:54:12Z,155,False,gd-imgui-cocos,matcool/gd-imgui-cocos,git@github.com:matcool/gd-imgui-cocos.git,16
R_kgDOITi3GQ,2022-10-25T14:56:10Z,2026-03-13T14:01:04Z,2026-03-13T13:20:39Z,382663,False,Werewolf-VR,guyleaf/Werewolf-VR,git@github.com:guyleaf/Werewolf-VR.git,1
R_kgDOITfP9g,2022-10-25T12:58:51Z,2026-05-07T01:31:25Z,2026-05-07T00:57:57Z,1764,True,zenoh-cpp,eclipse-zenoh/zenoh-cpp,git@github.com:eclipse-zenoh/zenoh-cpp.git,123
R_kgDOITdrsA,2022-10-25T12:02:12Z,2026-04-12T08:34:40Z,2026-04-06T05:54:17Z,9607,False,Vulnerability_PoC,numencyber/Vulnerability_PoC,git@github.com:numencyber/Vulnerability_PoC.git,336
R_kgDOITQCxA,2022-10-25T02:07:53Z,2026-05-06T03:47:02Z,2026-05-06T03:46:57Z,3447,True,Compass_NPU_Driver,Arm-China/Compass_NPU_Driver,git@github.com:Arm-China/Compass_NPU_Driver.git,59
R_kgDOITK8-g,2022-10-24T21:33:00Z,2026-04-26T10:09:06Z,2026-04-18T21:51:46Z,1465718,True,stuntrally3,stuntrally/stuntrally3,git@github.com:stuntrally/stuntrally3.git,199
R_kgDOITJQ6Q,2022-10-24T20:15:10Z,2026-04-26T18:57:04Z,2026-04-26T18:57:00Z,8950,False,Loiacono,juliancoy/Loiacono,git@github.com:juliancoy/Loiacono.git,1
R_kgDOITBppw,2022-10-24T15:19:30Z,2026-04-20T14:30:14Z,2026-04-20T14:29:24Z,2539,True,G4DarkBreM,LDMX-Software/G4DarkBreM,git@github.com:LDMX-Software/G4DarkBreM.git,2
R_kgDOIS7ayQ,2022-10-24T11:39:01Z,2026-04-23T08:42:31Z,2026-04-23T08:42:26Z,3562,True,tfocpp,Tinkerforge/tfocpp,git@github.com:Tinkerforge/tfocpp.git,3
R_kgDOIS6Hvg,2022-10-24T10:44:43Z,2026-04-10T15:58:19Z,2026-03-02T19:37:11Z,411,True,Meowth,PretendoNetwork/Meowth,git@github.com:PretendoNetwork/Meowth.git,5
R_kgDOIS4yWA,2022-10-24T09:48:37Z,2026-05-07T10:27:51Z,2026-05-06T22:50:46Z,71093,True,shadPS4,shadps4-emu/shadPS4,git@github.com:shadps4-emu/shadPS4.git,31034
R_kgDOISymbw,2022-10-24T05:25:38Z,2026-03-12T20:05:28Z,2026-03-12T20:05:27Z,489,False,DNMD,AaronRobinsonMSFT/DNMD,git@github.com:AaronRobinsonMSFT/DNMD.git,21
R_kgDOISp-yw,2022-10-23T20:51:22Z,2026-05-01T20:28:12Z,2026-05-01T20:28:08Z,4197,True,ktexttemplate,KDE/ktexttemplate,git@github.com:KDE/ktexttemplate.git,7
R_kgDOISk88w,2022-10-23T16:52:03Z,2026-04-09T17:47:51Z,2026-04-09T17:48:52Z,7692,True,geoarrow-c,geoarrow/geoarrow-c,git@github.com:geoarrow/geoarrow-c.git,34
R_kgDOISVmgw,2022-10-23T03:40:25Z,2026-04-27T19:18:29Z,2026-04-27T19:18:24Z,398258,False,MKVToolNix,bolucat/MKVToolNix,git@github.com:bolucat/MKVToolNix.git,1
R_kgDOISKMHA,2022-10-22T16:19:57Z,2026-04-22T10:58:49Z,2026-04-28T14:47:15Z,3189,False,cp2077-red-hot-tools,psiberx/cp2077-red-hot-tools,git@github.com:psiberx/cp2077-red-hot-tools.git,63
R_kgDOISE2ew,2022-10-22T12:21:08Z,2026-04-27T14:05:52Z,2026-04-27T14:13:48Z,955,False,geode-mods,matcool/geode-mods,git@github.com:matcool/geode-mods.git,14
R_kgDOISEm2g,2022-10-22T12:09:26Z,2026-03-24T17:38:32Z,2026-03-10T11:18:22Z,5431,False,Alice-00,zhtsu/Alice-00,git@github.com:zhtsu/Alice-00.git,3
R_kgDOISENxw,2022-10-22T11:50:17Z,2026-04-13T07:52:16Z,2026-04-21T16:45:05Z,19321,False,PassiveCooker,matteobaccan/PassiveCooker,git@github.com:matteobaccan/PassiveCooker.git,6
R_kgDOIR59lA,2022-10-22T02:07:03Z,2026-05-07T02:21:54Z,2026-04-29T06:33:04Z,15845,True,yalantinglibs,alibaba/yalantinglibs,git@github.com:alibaba/yalantinglibs.git,2121
R_kgDOIR5G3A,2022-10-22T01:08:58Z,2026-03-16T21:03:21Z,2026-04-20T20:25:04Z,83153,False,Staff,gcorazza/Staff,git@github.com:gcorazza/Staff.git,0
R_kgDOIR0i2w,2022-10-21T20:30:35Z,2026-05-07T06:48:28Z,2026-04-29T21:40:33Z,225312,True,beluga,Ekumen-OS/beluga,git@github.com:Ekumen-OS/beluga.git,317
R_kgDOIRxYDQ,2022-10-21T18:06:37Z,2026-05-06T02:13:51Z,2026-04-29T16:49:42Z,538891,True,bigwheels,google/bigwheels,git@github.com:google/bigwheels.git,106
R_kgDOIRrjyA,2022-10-21T14:21:02Z,2026-04-26T07:33:40Z,2026-04-26T07:33:36Z,346,False,rswipl,mgondan/rswipl,git@github.com:mgondan/rswipl.git,0
R_kgDOIRrO2Q,2022-10-21T14:09:56Z,2026-04-08T19:56:09Z,2026-04-08T19:56:02Z,2089,True,llfs,mathworks/llfs,git@github.com:mathworks/llfs.git,16
R_kgDOIRpoeA,2022-10-21T13:14:14Z,2026-05-01T15:02:37Z,2026-05-01T13:30:54Z,133964,True,X-Platform,Nocturning-studio/X-Platform,git@github.com:Nocturning-studio/X-Platform.git,10
R_kgDOIRpDTg,2022-10-21T12:51:53Z,2026-03-03T15:27:10Z,2026-03-28T10:20:22Z,54,True,gsModule,gismo/gsModule,git@github.com:gismo/gsModule.git,0
R_kgDOIRnm-w,2022-10-21T11:57:35Z,2026-04-15T09:22:25Z,2026-04-15T09:22:21Z,34518,True,HeidelbergMotifClustering,KaHIP/HeidelbergMotifClustering,git@github.com:KaHIP/HeidelbergMotifClustering.git,4
R_kgDOIRkTjw,2022-10-21T09:44:23Z,2026-04-28T08:03:40Z,2026-04-28T08:03:36Z,545,False,VeriPB_Prooflogger,DietVds/VeriPB_Prooflogger,git@github.com:DietVds/VeriPB_Prooflogger.git,0
R_kgDOIRb5jw,2022-10-21T03:23:30Z,2026-05-04T04:33:47Z,2026-04-27T07:26:26Z,4119,True,ax-pipeline,AXERA-TECH/ax-pipeline,git@github.com:AXERA-TECH/ax-pipeline.git,16
R_kgDOIRLrPg,2022-10-20T15:12:59Z,2026-05-01T16:00:28Z,2026-05-01T16:00:21Z,26235,True,Corrections,cms-flaf/Corrections,git@github.com:cms-flaf/Corrections.git,0
R_kgDOIRFqYA,2022-10-20T11:57:08Z,2026-03-28T04:39:11Z,2026-03-26T16:40:30Z,7509,True,GMEXT-WebView,YoYoGames/GMEXT-WebView,git@github.com:YoYoGames/GMEXT-WebView.git,6
R_kgDOIRDZcg,2022-10-20T10:34:33Z,2026-05-07T09:11:52Z,2026-05-07T09:12:04Z,396,False,XIA2tree,vetlewi/XIA2tree,git@github.com:vetlewi/XIA2tree.git,1
R_kgDOIRBo2Q,2022-10-20T09:30:10Z,2026-03-03T15:25:42Z,2026-03-03T15:18:13Z,90339,False,Tempete-sur-lechiquier,vad3l/Tempete-sur-lechiquier,git@github.com:vad3l/Tempete-sur-lechiquier.git,0
R_kgDOIQ_pOg,2022-10-20T08:19:51Z,2026-05-02T20:50:23Z,2026-04-08T21:02:23Z,11042,True,justbuild,just-buildsystem/justbuild,git@github.com:just-buildsystem/justbuild.git,105
R_kgDOIQ7vag,2022-10-20T05:45:59Z,2026-05-07T04:25:39Z,2026-05-07T04:25:14Z,17818,True,mptoolkit,mptoolkit/mptoolkit,git@github.com:mptoolkit/mptoolkit.git,4
R_kgDOIQ6-Ww,2022-10-20T05:08:47Z,2026-03-05T06:48:43Z,2026-03-05T06:48:40Z,3302,False,icpc-teamnote,danquan/icpc-teamnote,git@github.com:danquan/icpc-teamnote.git,0
R_kgDOIQzAUA,2022-10-19T22:22:34Z,2026-04-07T21:21:39Z,2026-03-26T02:23:14Z,61278,True,VOSS,purduesigbots/VOSS,git@github.com:purduesigbots/VOSS.git,26
R_kgDOIQul6A,2022-10-19T19:14:04Z,2026-05-02T14:16:41Z,2026-03-14T15:57:20Z,1240,True,x86-simd-sort,numpy/x86-simd-sort,git@github.com:numpy/x86-simd-sort.git,1011
R_kgDOIQpj0A,2022-10-19T16:20:55Z,2026-05-06T19:00:44Z,2026-05-06T19:00:56Z,66392,True,ST-LIB,Hyperloop-UPV/ST-LIB,git@github.com:Hyperloop-UPV/ST-LIB.git,10
R_kgDOIQnd-A,2022-10-19T15:13:34Z,2026-05-07T10:50:05Z,2026-05-07T10:50:02Z,29,False,Super-Smash-Bros-PC,asif9097/Super-Smash-Bros-PC,git@github.com:asif9097/Super-Smash-Bros-PC.git,0
R_kgDOIQkSNg,2022-10-19T13:40:03Z,2026-04-29T09:02:36Z,2026-04-29T11:27:41Z,23198,False,3Rats,C0d3Crush/3Rats,git@github.com:C0d3Crush/3Rats.git,0
R_kgDOIQazZA,2022-10-19T08:23:30Z,2026-04-06T16:29:34Z,2026-04-06T16:05:02Z,633,True,libpotassco,meelgroup/libpotassco,git@github.com:meelgroup/libpotassco.git,0
R_kgDOIQL_rA,2022-10-18T21:33:57Z,2026-05-06T22:10:53Z,2026-05-06T22:10:57Z,145,False,ArrayUtils,vovagorodok/ArrayUtils,git@github.com:vovagorodok/ArrayUtils.git,4
R_kgDOIQEINg,2022-10-18T16:46:19Z,2026-03-13T16:16:58Z,2026-03-13T16:16:53Z,47518,False,3D_Sparse_Skeleton,xchencq/3D_Sparse_Skeleton,git@github.com:xchencq/3D_Sparse_Skeleton.git,66
R_kgDOIQDduw,2022-10-18T16:24:46Z,2026-04-19T06:15:56Z,2026-04-08T08:53:14Z,22154,False,SUDS,sinbad/SUDS,git@github.com:sinbad/SUDS.git,172
R_kgDOIP8qog,2022-10-18T13:04:38Z,2026-04-22T11:08:56Z,2026-04-22T11:08:52Z,3243,True,verona-rt,microsoft/verona-rt,git@github.com:microsoft/verona-rt.git,39
R_kgDOIP3rUQ,2022-10-18T10:28:01Z,2026-04-26T16:37:42Z,2026-03-05T10:32:54Z,50596,True,4cc,4coder-community/4cc,git@github.com:4coder-community/4cc.git,107
R_kgDOIP14Bg,2022-10-18T09:30:50Z,2026-05-06T08:24:06Z,2026-03-30T00:22:07Z,12970,True,rmcl,uos/rmcl,git@github.com:uos/rmcl.git,248
R_kgDOIPyZew,2022-10-18T07:39:12Z,2026-05-06T14:47:27Z,2026-05-07T09:15:03Z,12682,True,athenapk,parthenon-hpc-lab/athenapk,git@github.com:parthenon-hpc-lab/athenapk.git,71
R_kgDOIPi0MA,2022-10-17T20:35:31Z,2026-03-21T22:22:25Z,2026-03-21T22:22:21Z,23518,False,IsaBoltz,rwileydeal-ou/IsaBoltz,git@github.com:rwileydeal-ou/IsaBoltz.git,0
R_kgDOIPiNlw,2022-10-17T20:12:47Z,2026-04-21T12:53:46Z,2026-05-07T01:58:50Z,2206,False,pymport,mmomtchev/pymport,git@github.com:mmomtchev/pymport.git,131
R_kgDOIPgvGA,2022-10-17T19:18:14Z,2026-05-07T11:09:52Z,2026-05-07T11:27:43Z,43030,True,PrismLauncher,PrismLauncher/PrismLauncher,git@github.com:PrismLauncher/PrismLauncher.git,9274
R_kgDOIPfENg,2022-10-17T18:20:25Z,2026-05-01T02:58:27Z,2026-05-01T03:46:30Z,225,True,isaac_ros_cloud_control,NVIDIA-ISAAC-ROS/isaac_ros_cloud_control,git@github.com:NVIDIA-ISAAC-ROS/isaac_ros_cloud_control.git,69
R_kgDOIPdQbA,2022-10-17T17:21:42Z,2026-05-05T17:11:09Z,2026-05-05T18:06:06Z,30428,True,viam-cpp-sdk,viamrobotics/viam-cpp-sdk,git@github.com:viamrobotics/viam-cpp-sdk.git,12
R_kgDOIPVC4A,2022-10-17T13:22:14Z,2026-04-23T09:43:14Z,2026-04-23T09:43:09Z,355,False,ONBexplorer,vovaok/ONBexplorer,git@github.com:vovaok/ONBexplorer.git,0
R_kgDOIPNDKA,2022-10-17T09:11:20Z,2026-04-01T16:38:58Z,2026-04-29T15:04:14Z,10708,False,kmindex,tlemane/kmindex,git@github.com:tlemane/kmindex.git,48
R_kgDOIPGcJg,2022-10-17T05:15:50Z,2026-03-16T09:35:16Z,2026-03-16T09:35:11Z,631,True,pugixml,deepin-community/pugixml,git@github.com:deepin-community/pugixml.git,0
R_kgDOIPEvKw,2022-10-17T03:49:01Z,2026-03-13T18:47:15Z,2026-03-13T18:47:06Z,286009,True,TOOL_cloth_dynamics,V-Sekai/TOOL_cloth_dynamics,git@github.com:V-Sekai/TOOL_cloth_dynamics.git,8
R_kgDOIPErMA,2022-10-17T03:46:01Z,2026-05-07T04:50:35Z,2026-04-09T02:46:59Z,107739,True,havenask,alibaba/havenask,git@github.com:alibaba/havenask.git,1824
R_kgDOIO8yPQ,2022-10-16T20:40:58Z,2026-03-28T01:25:21Z,2026-03-28T01:25:17Z,3236,True,mvp_mission,uri-ocean-robotics/mvp_mission,git@github.com:uri-ocean-robotics/mvp_mission.git,7
R_kgDOIOr_uw,2022-10-16T07:46:11Z,2026-05-05T23:23:35Z,2026-05-05T23:23:31Z,3469,False,zmk-config,mike1808/zmk-config,git@github.com:mike1808/zmk-config.git,7
R_kgDOIOjCYg,2022-10-15T21:56:51Z,2026-04-21T11:27:16Z,2026-04-21T11:27:08Z,24797,False,iCode,moti9/iCode,git@github.com:moti9/iCode.git,0
R_kgDOIOcOGw,2022-10-15T16:07:47Z,2026-05-03T14:38:44Z,2026-05-03T14:38:56Z,39116,True,neutrino-fs,fs-basis/neutrino-fs,git@github.com:fs-basis/neutrino-fs.git,0
R_kgDOIObNpw,2022-10-15T15:22:12Z,2026-04-24T08:08:01Z,2026-04-12T21:18:55Z,65239,True,android_device_google_gs201,LineageOS/android_device_google_gs201,git@github.com:LineageOS/android_device_google_gs201.git,7
R_kgDOIOZqNQ,2022-10-15T14:13:03Z,2026-05-06T08:16:53Z,2026-05-06T08:16:48Z,43166,False,AtomHIC,JeanFurstoss/AtomHIC,git@github.com:JeanFurstoss/AtomHIC.git,2
R_kgDOIOXdDA,2022-10-15T12:35:52Z,2026-05-05T22:00:34Z,2026-05-05T22:26:42Z,798,True,TulipHook,geode-sdk/TulipHook,git@github.com:geode-sdk/TulipHook.git,30
R_kgDOIOKaow,2022-10-15T00:49:48Z,2026-05-04T09:57:22Z,2026-05-07T09:23:10Z,438,True,kio-admin,KDE/kio-admin,git@github.com:KDE/kio-admin.git,20
R_kgDOIOIvOg,2022-10-14T22:47:41Z,2026-04-07T21:57:36Z,2026-04-07T21:57:10Z,146170,False,MCSquare-ISCA24,AKKamath/MCSquare-ISCA24,git@github.com:AKKamath/MCSquare-ISCA24.git,9
R_kgDOIOGpUg,2022-10-14T20:50:00Z,2026-05-03T19:58:54Z,2026-05-03T17:34:27Z,1237,False,moondeck-buddy,FrogTheFrog/moondeck-buddy,git@github.com:FrogTheFrog/moondeck-buddy.git,324
R_kgDOIOCSlw,2022-10-14T17:35:33Z,2026-04-27T16:35:52Z,2026-05-07T08:11:39Z,33571,True,gromosXX,biomos/gromosXX,git@github.com:biomos/gromosXX.git,14
R_kgDOIN_NIg,2022-10-14T15:36:24Z,2026-04-24T18:46:31Z,2026-05-04T19:40:31Z,65093,True,device_google_gs201,CalyxOS/device_google_gs201,git@github.com:CalyxOS/device_google_gs201.git,0
R_kgDOIN7_-g,2022-10-14T13:43:59Z,2026-05-06T12:05:25Z,2026-05-06T12:05:20Z,13868,True,solid-benchmarks,solids4foam/solid-benchmarks,git@github.com:solids4foam/solid-benchmarks.git,2
R_kgDOIN5QwA,2022-10-14T12:05:26Z,2026-04-25T22:42:53Z,2026-04-25T22:42:49Z,314,False,libwolv,WerWolv/libwolv,git@github.com:WerWolv/libwolv.git,28
R_kgDOIN3WBQ,2022-10-14T10:49:29Z,2026-04-20T07:38:34Z,2026-05-04T06:40:21Z,504,False,vrt-iq-tools,tftelkamp/vrt-iq-tools,git@github.com:tftelkamp/vrt-iq-tools.git,20
R_kgDOINpRiw,2022-10-14T00:46:40Z,2026-04-07T01:15:53Z,2026-05-05T23:39:38Z,653,True,audio_dev_kit_bsp,gooey-synths/audio_dev_kit_bsp,git@github.com:gooey-synths/audio_dev_kit_bsp.git,0
R_kgDOINkmkg,2022-10-13T21:01:20Z,2026-04-29T20:53:55Z,2026-05-06T11:17:41Z,17993,True,TonUINO-TNG,tonuino/TonUINO-TNG,git@github.com:tonuino/TonUINO-TNG.git,189
R_kgDOINj07A,2022-10-13T20:29:16Z,2026-04-09T00:02:31Z,2026-04-09T05:32:31Z,13537,False,SHARPlib,keltonhalbert/SHARPlib,git@github.com:keltonhalbert/SHARPlib.git,29
R_kgDOINdETA,2022-10-13T16:29:05Z,2026-04-20T15:18:03Z,2026-03-13T18:14:02Z,101,True,vr-firmware-update,AMDESE/vr-firmware-update,git@github.com:AMDESE/vr-firmware-update.git,4
R_kgDOINWjDw,2022-10-13T13:15:20Z,2026-04-07T12:07:57Z,2026-04-07T12:07:53Z,21,True,SDM_Plugin_HelloWorld,KIT-IAI/SDM_Plugin_HelloWorld,git@github.com:KIT-IAI/SDM_Plugin_HelloWorld.git,1
R_kgDOINSgNw,2022-10-13T11:03:00Z,2026-04-24T12:34:10Z,2026-04-24T12:34:18Z,841,True,mwr,machineware-gmbh/mwr,git@github.com:machineware-gmbh/mwr.git,9
R_kgDOINNfqA,2022-10-13T08:15:02Z,2026-04-28T06:55:29Z,2026-04-28T06:56:32Z,28372,True,QDD,Fujitsu-UTokyo-QDD/QDD,git@github.com:Fujitsu-UTokyo-QDD/QDD.git,13
R_kgDOIM6UVg,2022-10-12T18:06:59Z,2026-04-29T21:37:39Z,2026-05-05T09:52:43Z,197568,True,coralmicro,google-coral/coralmicro,git@github.com:google-coral/coralmicro.git,133
R_kgDOIM36aQ,2022-10-12T16:41:08Z,2026-04-22T16:18:45Z,2026-04-22T16:18:39Z,740,True,Trieste,microsoft/Trieste,git@github.com:microsoft/Trieste.git,51
R_kgDOIMx5Cg,2022-10-12T13:30:55Z,2026-04-26T12:10:28Z,2026-04-26T12:10:54Z,132048,False,Polydeal,fdrmrc/Polydeal,git@github.com:fdrmrc/Polydeal.git,1
R_kgDOIMxGLg,2022-10-12T13:06:45Z,2026-04-29T14:36:43Z,2026-03-17T17:16:35Z,6337,True,gsIncompressibleFlow,gismo/gsIncompressibleFlow,git@github.com:gismo/gsIncompressibleFlow.git,3
R_kgDOIMmnNw,2022-10-12T07:24:19Z,2026-04-18T17:49:25Z,2026-04-18T17:49:20Z,4443,True,FBE,clapdb/FBE,git@github.com:clapdb/FBE.git,4
R_kgDOIMfLYg,2022-10-12T02:12:56Z,2026-04-11T14:18:00Z,2026-04-11T14:15:54Z,4130893,True,mytopling,topling/mytopling,git@github.com:topling/mytopling.git,24
R_kgDOIMfGEQ,2022-10-12T02:08:55Z,2026-04-03T06:16:34Z,2026-04-03T06:16:31Z,31,True,generic_type_utility,tier4/generic_type_utility,git@github.com:tier4/generic_type_utility.git,1
R_kgDOIMZm5g,2022-10-11T21:49:59Z,2026-04-09T13:34:46Z,2026-04-29T00:38:36Z,192,True,sonic-dhcpmon,sonic-net/sonic-dhcpmon,git@github.com:sonic-net/sonic-dhcpmon.git,2
R_kgDOIMQOVQ,2022-10-11T16:17:17Z,2026-03-05T09:19:28Z,2026-03-05T09:19:29Z,581,True,opendds-monitor,OpenDDS/opendds-monitor,git@github.com:OpenDDS/opendds-monitor.git,14
R_kgDOIMPxSQ,2022-10-11T16:03:22Z,2026-04-10T16:13:14Z,2026-04-10T16:13:09Z,49341,False,Hyperion2,yorenschriever/Hyperion2,git@github.com:yorenschriever/Hyperion2.git,2
R_kgDOIMKwjA,2022-10-11T13:41:33Z,2026-05-06T18:34:51Z,2026-05-06T18:39:06Z,260,False,ld2410,ncmreynolds/ld2410,git@github.com:ncmreynolds/ld2410.git,213
R_kgDOIL4nzQ,2022-10-11T02:57:37Z,2026-03-23T03:03:09Z,2026-03-23T03:03:01Z,558,True,libkomparediff2,deepin-community/libkomparediff2,git@github.com:deepin-community/libkomparediff2.git,0
R_kgDOIL1tSw,2022-10-11T00:40:52Z,2026-04-12T10:14:16Z,2026-04-12T10:14:12Z,809,False,Programs,zeitgeistxx/Programs,git@github.com:zeitgeistxx/Programs.git,0
R_kgDOILu14A,2022-10-10T19:38:40Z,2026-05-01T14:51:56Z,2026-05-01T14:51:53Z,8710,True,bess,omec-project/bess,git@github.com:omec-project/bess.git,12
R_kgDOILlIMA,2022-10-10T14:37:32Z,2026-03-24T13:33:49Z,2026-03-19T13:20:55Z,25,False,esphome-stream-server-v2,tube0013/esphome-stream-server-v2,git@github.com:tube0013/esphome-stream-server-v2.git,62
R_kgDOILehbQ,2022-10-10T11:19:44Z,2026-04-15T22:40:36Z,2026-03-16T09:16:17Z,249132,False,SolaxModbusGateway,tobiasfaust/SolaxModbusGateway,git@github.com:tobiasfaust/SolaxModbusGateway.git,100
R_kgDOILFe1A,2022-10-09T17:31:27Z,2026-03-14T21:36:20Z,2026-03-14T21:36:17Z,3688,False,RTC_RX8025T,marcinsaj/RTC_RX8025T,git@github.com:marcinsaj/RTC_RX8025T.git,14
R_kgDOILBHtQ,2022-10-09T14:40:00Z,2026-05-04T16:39:21Z,2026-05-03T08:42:45Z,3082,False,wlx-edge-viewer,rg-software/wlx-edge-viewer,git@github.com:rg-software/wlx-edge-viewer.git,56
R_kgDOIK55YQ,2022-10-09T09:46:14Z,2026-05-06T05:30:18Z,2026-05-06T05:30:12Z,2722,True,krfb,deepin-community/krfb,git@github.com:deepin-community/krfb.git,0
R_kgDOIK5zrw,2022-10-09T09:42:31Z,2026-03-19T01:31:47Z,2026-03-19T01:31:38Z,4345,True,konsole,deepin-community/konsole,git@github.com:deepin-community/konsole.git,0
R_kgDOIK5x3A,2022-10-09T09:41:13Z,2026-05-06T06:07:13Z,2026-05-06T06:07:11Z,1847,True,kompare,deepin-community/kompare,git@github.com:deepin-community/kompare.git,0
R_kgDOIK5xWQ,2022-10-09T09:40:51Z,2026-05-06T06:06:29Z,2026-05-06T06:06:27Z,11086,True,kolourpaint,deepin-community/kolourpaint,git@github.com:deepin-community/kolourpaint.git,0
R_kgDOIK3rLQ,2022-10-09T08:13:53Z,2026-03-03T03:12:40Z,2026-03-03T03:12:37Z,832,True,kcharselect,deepin-community/kcharselect,git@github.com:deepin-community/kcharselect.git,0
R_kgDOIK3qNQ,2022-10-09T08:13:12Z,2026-03-03T03:12:11Z,2026-03-03T03:12:07Z,1219,True,kcalc,deepin-community/kcalc,git@github.com:deepin-community/kcalc.git,0
R_kgDOIK3mNw,2022-10-09T08:10:24Z,2026-05-06T05:28:02Z,2026-05-06T05:27:47Z,16653,True,kate,deepin-community/kate,git@github.com:deepin-community/kate.git,0
R_kgDOIKuOfw,2022-10-09T00:16:41Z,2026-03-07T17:10:25Z,2026-03-07T17:10:21Z,557974,False,pharmasea,gabeochoa/pharmasea,git@github.com:gabeochoa/pharmasea.git,1
R_kgDOIKqrfg,2022-10-08T21:01:48Z,2026-05-06T22:08:43Z,2026-05-06T22:08:39Z,754422,False,pandaria_5.4.8,allankrdec/pandaria_5.4.8,git@github.com:allankrdec/pandaria_5.4.8.git,3
R_kgDOIKqotg,2022-10-08T20:59:43Z,2026-05-04T21:25:33Z,2026-05-05T09:22:14Z,25412,False,clojure-rt,mll/clojure-rt,git@github.com:mll/clojure-rt.git,3
R_kgDOIKmGWg,2022-10-08T17:37:27Z,2026-04-29T13:22:57Z,2026-04-24T00:28:49Z,13997,False,maskromtool,travisgoodspeed/maskromtool,git@github.com:travisgoodspeed/maskromtool.git,372
R_kgDOIKf25Q,2022-10-08T13:29:47Z,2026-05-06T04:31:21Z,2026-04-14T18:51:11Z,20216,True,NATTEN,SHI-Labs/NATTEN,git@github.com:SHI-Labs/NATTEN.git,743
R_kgDOIKcI2A,2022-10-08T10:55:52Z,2026-03-14T22:34:59Z,2026-03-14T22:34:56Z,1147,False,cpp-concepts,Interrupt101/cpp-concepts,git@github.com:Interrupt101/cpp-concepts.git,16
R_kgDOIKXQFQ,2022-10-08T07:34:54Z,2026-03-16T15:59:01Z,2026-03-16T15:58:45Z,104728,False,notepp,khle08/notepp,git@github.com:khle08/notepp.git,3
R_kgDOIKT-zQ,2022-10-08T05:04:10Z,2026-04-18T17:21:31Z,2026-04-18T17:21:28Z,52,False,BOJ-solutions,yongsu-rah/BOJ-solutions,git@github.com:yongsu-rah/BOJ-solutions.git,0
R_kgDOIKQUjQ,2022-10-08T01:58:31Z,2026-04-22T02:32:17Z,2026-04-22T02:32:10Z,9453,True,gparted,deepin-community/gparted,git@github.com:deepin-community/gparted.git,0
R_kgDOIKE5vA,2022-10-07T17:26:10Z,2026-03-17T15:20:20Z,2026-03-17T15:18:32Z,106,True,amtc_utils,amtc-robotics-lab/amtc_utils,git@github.com:amtc-robotics-lab/amtc_utils.git,2
R_kgDOIJ0XNw,2022-10-07T08:35:03Z,2026-03-24T11:55:33Z,2026-03-24T11:55:29Z,311,False,Gtu_Chatbot_App,patelsahil2k03/Gtu_Chatbot_App,git@github.com:patelsahil2k03/Gtu_Chatbot_App.git,0
R_kgDOIJwV6g,2022-10-07T06:12:06Z,2026-04-20T12:29:49Z,2026-04-20T12:29:10Z,1,False,test,rotti123/test,git@github.com:rotti123/test.git,0
R_kgDOIJv4FQ,2022-10-07T05:52:55Z,2026-03-20T11:44:59Z,2026-03-12T13:35:59Z,679,False,TinyTorch,darglein/TinyTorch,git@github.com:darglein/TinyTorch.git,27
R_kgDOIJsZOg,2022-10-07T03:22:06Z,2026-04-13T15:17:42Z,2026-04-13T15:17:22Z,76197,False,CyberEngine,Manipu1a/CyberEngine,git@github.com:Manipu1a/CyberEngine.git,0
R_kgDOIJj2-Q,2022-10-06T20:35:15Z,2026-03-31T18:28:58Z,2026-04-25T20:32:18Z,800,False,bpf_conformance,Alan-Jowett/bpf_conformance,git@github.com:Alan-Jowett/bpf_conformance.git,37
R_kgDOIJgZlA,2022-10-06T18:24:23Z,2026-05-06T20:23:17Z,2026-05-06T20:49:54Z,50845,True,source,1dot13/source,git@github.com:1dot13/source.git,156
R_kgDOIJepdg,2022-10-06T17:26:04Z,2026-05-04T18:30:57Z,2026-05-04T18:30:57Z,43760,True,rocAL,ROCm/rocAL,git@github.com:ROCm/rocAL.git,24
R_kgDOIJcN_g,2022-10-06T16:05:03Z,2026-05-06T22:23:03Z,2026-05-06T22:23:00Z,1229,True,rnbo.oscquery.runner,Cycling74/rnbo.oscquery.runner,git@github.com:Cycling74/rnbo.oscquery.runner.git,25
R_kgDOIJabjQ,2022-10-06T15:10:13Z,2026-05-07T10:12:13Z,2026-04-24T00:43:54Z,4334,True,LegacyUpdate,LegacyUpdate/LegacyUpdate,git@github.com:LegacyUpdate/LegacyUpdate.git,1261
R_kgDOIJWSUQ,2022-10-06T13:10:20Z,2026-04-22T14:19:27Z,2026-04-28T10:59:43Z,15881,True,wf-panel-pi,raspberrypi-ui/wf-panel-pi,git@github.com:raspberrypi-ui/wf-panel-pi.git,16
R_kgDOIJTXaw,2022-10-06T11:35:31Z,2026-04-24T11:53:28Z,2026-04-24T11:53:24Z,21310,True,ESP32-C3-DevKit-Lipo,OLIMEX/ESP32-C3-DevKit-Lipo,git@github.com:OLIMEX/ESP32-C3-DevKit-Lipo.git,35
R_kgDOIJO1Zg,2022-10-06T08:58:30Z,2026-03-28T15:20:56Z,2026-03-28T15:20:52Z,804396,False,Waldem,JoymanGD/Waldem,git@github.com:JoymanGD/Waldem.git,0
R_kgDOIJNyOg,2022-10-06T08:24:28Z,2026-04-24T05:17:07Z,2026-05-07T08:00:45Z,308,False,fixed_solvers,victorsouth/fixed_solvers,git@github.com:victorsouth/fixed_solvers.git,0
R_kgDOIJBIHA,2022-10-05T22:57:13Z,2026-04-26T21:23:54Z,2026-04-26T21:23:49Z,6144,False,Que-Perdio-Teambook-final,pacha2880/Que-Perdio-Teambook-final,git@github.com:pacha2880/Que-Perdio-Teambook-final.git,1
R_kgDOII_tVg,2022-10-05T21:48:50Z,2026-03-26T17:49:21Z,2026-05-06T19:02:38Z,22758,False,Frasy,smartel99/Frasy,git@github.com:smartel99/Frasy.git,7
R_kgDOII99Pg,2022-10-05T20:33:28Z,2026-03-02T17:10:29Z,2026-03-02T17:10:25Z,39574,False,SPETS,ArgoreOfficial/SPETS,git@github.com:ArgoreOfficial/SPETS.git,16
R_kgDOII8pyw,2022-10-05T19:41:22Z,2026-04-25T17:18:31Z,2026-04-25T17:18:27Z,28,False,XUpdate,horsicq/XUpdate,git@github.com:horsicq/XUpdate.git,2
R_kgDOII30tg,2022-10-05T16:50:39Z,2026-05-04T22:10:44Z,2026-05-04T22:10:38Z,25743,True,REMORA,seahorce-scidac/REMORA,git@github.com:seahorce-scidac/REMORA.git,30
R_kgDOII2Y4g,2022-10-05T16:00:33Z,2026-05-06T14:12:51Z,2026-05-07T10:55:24Z,282287,False,UnrealCSharp,crazytuzi/UnrealCSharp,git@github.com:crazytuzi/UnrealCSharp.git,756
R_kgDOIIyWbw,2022-10-05T13:51:45Z,2026-05-05T15:13:01Z,2026-05-01T14:21:10Z,30815,True,espp,esp-cpp/espp,git@github.com:esp-cpp/espp.git,99
R_kgDOIIpw5Q,2022-10-05T08:45:47Z,2026-04-21T10:53:35Z,2026-04-21T10:53:30Z,144,True,nestdaq,spadi-alliance/nestdaq,git@github.com:spadi-alliance/nestdaq.git,3
R_kgDOIInkTQ,2022-10-05T07:23:41Z,2026-04-16T13:12:20Z,2026-04-16T13:12:00Z,9913,False,stv_v2,blackbat13/stv_v2,git@github.com:blackbat13/stv_v2.git,0
R_kgDOIIgurw,2022-10-05T01:47:21Z,2026-04-13T16:52:54Z,2026-04-13T16:52:50Z,21972,False,PhysicsEngine,luaiabuelsamen/PhysicsEngine,git@github.com:luaiabuelsamen/PhysicsEngine.git,0
R_kgDOIIQxQQ,2022-10-04T14:38:03Z,2026-04-26T22:04:31Z,2026-05-03T09:02:20Z,16485,True,MacroLibX,seekrs/MacroLibX,git@github.com:seekrs/MacroLibX.git,49
R_kgDOIIPCEQ,2022-10-04T13:44:45Z,2026-04-29T15:35:15Z,2026-05-05T01:07:20Z,85396,True,GRTeclyn,GRTLCollaboration/GRTeclyn,git@github.com:GRTLCollaboration/GRTeclyn.git,12
R_kgDOIIO7cg,2022-10-04T13:41:41Z,2026-03-20T09:15:34Z,2026-04-14T14:17:28Z,8469,False,kmercamel,OndrejSladky/kmercamel,git@github.com:OndrejSladky/kmercamel.git,20
R_kgDOIIHbFw,2022-10-04T09:07:32Z,2026-05-07T07:17:18Z,2026-04-13T10:02:10Z,150004,True,PhysX,NVIDIA-Omniverse/PhysX,git@github.com:NVIDIA-Omniverse/PhysX.git,4533
R_kgDOIIFxMg,2022-10-04T08:05:45Z,2026-04-13T05:34:26Z,2026-04-17T06:46:26Z,4723,False,mc_kortex,mathieu-celerier/mc_kortex,git@github.com:mathieu-celerier/mc_kortex.git,0
R_kgDOIH5YiA,2022-10-03T21:48:25Z,2026-03-22T15:52:14Z,2026-03-22T15:52:10Z,10260,False,gup,HansWessels/gup,git@github.com:HansWessels/gup.git,9
R_kgDOIH1FCA,2022-10-03T18:47:04Z,2026-04-17T17:13:52Z,2026-04-09T15:29:14Z,1327,True,mod-ptr-template,azerothcore/mod-ptr-template,git@github.com:azerothcore/mod-ptr-template.git,24
R_kgDOIHwcpg,2022-10-03T16:06:25Z,2026-05-07T00:22:31Z,2026-03-09T11:08:59Z,152666,False,FastECU,miikasyvanen/FastECU,git@github.com:miikasyvanen/FastECU.git,82
R_kgDOIHqH0w,2022-10-03T12:38:14Z,2026-05-06T16:55:34Z,2026-04-07T13:00:00Z,1576,False,dc-machine-protection-system,anand-ps/dc-machine-protection-system,git@github.com:anand-ps/dc-machine-protection-system.git,33
R_kgDOIHphDA,2022-10-03T12:16:27Z,2026-05-06T21:55:08Z,2026-05-06T06:12:59Z,40571,True,cado-nfs,cado-nfs/cado-nfs,git@github.com:cado-nfs/cado-nfs.git,45
R_kgDOIHoZGA,2022-10-03T11:35:53Z,2026-05-06T17:12:12Z,2026-05-06T17:12:08Z,196,False,XmlRopidImportStream,frutabruta/XmlRopidImportStream,git@github.com:frutabruta/XmlRopidImportStream.git,1
R_kgDOIHnwbQ,2022-10-03T11:12:41Z,2026-05-07T09:19:24Z,2026-05-07T09:19:15Z,1881,False,CLR-Unhook,david3c2004/CLR-Unhook,git@github.com:david3c2004/CLR-Unhook.git,0
R_kgDOIHYUzg,2022-10-02T22:24:56Z,2026-03-30T03:10:42Z,2026-03-24T23:50:46Z,884,False,AaDS,VTroyanGolovyan/AaDS,git@github.com:VTroyanGolovyan/AaDS.git,10
R_kgDOIHHgzQ,2022-10-02T07:57:40Z,2026-05-07T07:57:36Z,2026-05-06T09:54:26Z,1850,True,o-mvll,open-obfuscator/o-mvll,git@github.com:open-obfuscator/o-mvll.git,995
R_kgDOIGmLhg,2022-09-30T20:57:57Z,2026-04-30T09:13:31Z,2026-04-10T20:57:30Z,3328,True,Data-Structures-and-Algorithms,codemistic/Data-Structures-and-Algorithms,git@github.com:codemistic/Data-Structures-and-Algorithms.git,554
R_kgDOIGiM7w,2022-09-30T17:50:48Z,2026-04-17T14:54:16Z,2026-04-17T14:54:11Z,743,False,tslang,kmaragon/tslang,git@github.com:kmaragon/tslang.git,0
R_kgDOIGgLUw,2022-09-30T16:26:16Z,2026-04-11T15:11:45Z,2026-04-11T15:11:39Z,232989,False,SnackerEngine,SnackerB/SnackerEngine,git@github.com:SnackerB/SnackerEngine.git,1
R_kgDOIGbGHQ,2022-09-30T13:10:15Z,2026-03-05T10:43:23Z,2026-03-05T10:43:25Z,59,True,xeus-lite,jupyter-xeus/xeus-lite,git@github.com:jupyter-xeus/xeus-lite.git,11
R_kgDOIGam3g,2022-09-30T12:49:55Z,2026-03-04T22:03:28Z,2026-03-04T22:03:29Z,316,True,xeus-zmq,jupyter-xeus/xeus-zmq,git@github.com:jupyter-xeus/xeus-zmq.git,11
R_kgDOIGVfEA,2022-09-30T09:01:50Z,2026-04-23T03:35:16Z,2026-04-07T17:02:49Z,24520,False,ImGui_WS,Eragon-Brisingr/ImGui_WS,git@github.com:Eragon-Brisingr/ImGui_WS.git,117
R_kgDOIGTzvA,2022-09-30T07:46:43Z,2026-03-05T08:48:20Z,2026-03-05T09:54:44Z,33327,True,test-actions,YosysHQ/test-actions,git@github.com:YosysHQ/test-actions.git,0
R_kgDOIF5nPA,2022-09-29T10:24:58Z,2026-05-01T20:43:53Z,2026-05-06T23:44:09Z,4017,True,proteus,Olympus-HPC/proteus,git@github.com:Olympus-HPC/proteus.git,46
R_kgDOIF4sPw,2022-09-29T09:49:27Z,2026-04-06T16:04:39Z,2026-04-06T16:04:33Z,2146,True,clasp,meelgroup/clasp,git@github.com:meelgroup/clasp.git,1
R_kgDOIF3AxQ,2022-09-29T08:50:01Z,2026-04-30T07:34:13Z,2026-04-30T08:00:31Z,561,True,dev-utils,eProsima/dev-utils,git@github.com:eProsima/dev-utils.git,16
R_kgDOIF2QwA,2022-09-29T08:22:44Z,2026-04-07T10:15:54Z,2026-04-09T13:59:17Z,727,True,clean-code-workshop-cpp,Zuehlke/clean-code-workshop-cpp,git@github.com:Zuehlke/clean-code-workshop-cpp.git,0
R_kgDOIFwc8g,2022-09-29T03:57:11Z,2026-04-21T11:34:14Z,2026-05-07T05:40:20Z,22634,True,NotDec,NotDec/NotDec,git@github.com:NotDec/NotDec.git,92
R_kgDOIFuzkg,2022-09-29T02:26:22Z,2026-05-03T00:16:28Z,2026-05-03T00:16:24Z,5355,False,problems-solved,Nikhil-Singla/problems-solved,git@github.com:Nikhil-Singla/problems-solved.git,0
R_kgDOIFtw_Q,2022-09-29T01:26:07Z,2026-05-07T00:59:28Z,2026-05-07T00:59:22Z,1555926,False,mameui,Robbbert/mameui,git@github.com:Robbbert/mameui.git,84
R_kgDOIFteXg,2022-09-29T01:10:49Z,2026-05-06T01:50:15Z,2026-05-06T01:50:11Z,7285,True,pulsar-client-cpp,apache/pulsar-client-cpp,git@github.com:apache/pulsar-client-cpp.git,69
R_kgDOIFqwfw,2022-09-28T22:18:42Z,2026-05-04T19:47:01Z,2026-05-05T01:43:08Z,529,True,SPAECIES,pnnl/SPAECIES,git@github.com:pnnl/SPAECIES.git,2
R_kgDOIFpXXw,2022-09-28T21:01:39Z,2026-05-06T21:45:01Z,2026-05-06T21:44:56Z,74059,True,hiero-sdk-cpp,hiero-ledger/hiero-sdk-cpp,git@github.com:hiero-ledger/hiero-sdk-cpp.git,41
R_kgDOIFix-g,2022-09-28T16:22:21Z,2026-04-03T19:45:21Z,2026-03-01T20:44:23Z,77,True,PMC,ds-pokemon-hacking/PMC,git@github.com:ds-pokemon-hacking/PMC.git,4
R_kgDOIFiXTw,2022-09-28T16:06:38Z,2026-03-09T23:27:10Z,2026-03-09T23:27:06Z,37132,False,physics-code,wcosyn/physics-code,git@github.com:wcosyn/physics-code.git,0
R_kgDOIFgZ1A,2022-09-28T14:53:36Z,2026-04-28T17:09:19Z,2026-04-28T17:09:15Z,10261,True,mc_reconstruction,camera-mc-dev/mc_reconstruction,git@github.com:camera-mc-dev/mc_reconstruction.git,0
R_kgDOIFeEmA,2022-09-28T13:32:21Z,2026-05-05T14:14:49Z,2026-03-17T02:55:55Z,109102,True,AdvancedLiterateMachinery,AlibabaResearch/AdvancedLiterateMachinery,git@github.com:AlibabaResearch/AdvancedLiterateMachinery.git,1828
R_kgDOIFXx4g,2022-09-28T09:13:22Z,2026-05-06T05:28:19Z,2026-05-06T05:28:14Z,125,True,fcitx5-rime,deepin-community/fcitx5-rime,git@github.com:deepin-community/fcitx5-rime.git,0
R_kgDOIFXxrg,2022-09-28T09:13:15Z,2026-03-12T09:33:12Z,2026-03-12T09:33:07Z,239,True,fcitx5-qt,deepin-community/fcitx5-qt,git@github.com:deepin-community/fcitx5-qt.git,0
R_kgDOIFXqQA,2022-09-28T09:08:27Z,2026-03-12T09:33:26Z,2026-03-12T09:33:22Z,159,True,fcitx5-gtk,deepin-community/fcitx5-gtk,git@github.com:deepin-community/fcitx5-gtk.git,0
R_kgDOIFXonw,2022-09-28T09:07:33Z,2026-04-28T01:25:53Z,2026-04-28T01:25:50Z,10750,True,fcitx5,deepin-community/fcitx5,git@github.com:deepin-community/fcitx5.git,1
R_kgDOIFRLSQ,2022-09-28T03:45:07Z,2026-03-18T06:18:57Z,2026-03-18T06:18:53Z,1288,True,cairomm,deepin-community/cairomm,git@github.com:deepin-community/cairomm.git,0
R_kgDOIFRFDA,2022-09-28T03:38:44Z,2026-03-03T02:40:33Z,2026-03-03T02:40:25Z,189926,True,breeze,deepin-community/breeze,git@github.com:deepin-community/breeze.git,0
R_kgDOIFQnug,2022-09-28T03:10:53Z,2026-05-07T10:43:53Z,2026-05-06T17:12:32Z,24291,False,LunaTranslator,HIllya51/LunaTranslator,git@github.com:HIllya51/LunaTranslator.git,11418
R_kgDOIFP25A,2022-09-28T02:26:16Z,2026-03-05T03:01:54Z,2026-03-05T03:01:48Z,4310,True,ark,deepin-community/ark,git@github.com:deepin-community/ark.git,0
R_kgDOIFLRHg,2022-09-27T21:37:59Z,2026-05-02T15:19:53Z,2026-04-17T07:51:57Z,2031044,False,NSPanel_HA_Blueprint,Blackymas/NSPanel_HA_Blueprint,git@github.com:Blackymas/NSPanel_HA_Blueprint.git,1931
R_kgDOIFFHbw,2022-09-27T17:01:57Z,2026-05-05T06:51:33Z,2026-05-05T06:51:29Z,43731,True,SUPL-3GPP-LPP-client,Ericsson/SUPL-3GPP-LPP-client,git@github.com:Ericsson/SUPL-3GPP-LPP-client.git,34
R_kgDOIFBViQ,2022-09-27T14:42:38Z,2026-04-28T13:58:37Z,2026-04-28T13:54:34Z,617,False,Bank-Test,ewmcleod/Bank-Test,git@github.com:ewmcleod/Bank-Test.git,0
R_kgDOIFAzSA,2022-09-27T14:25:04Z,2026-04-19T08:18:02Z,2026-03-07T10:28:16Z,113187,True,chaser-server,u16procon/chaser-server,git@github.com:u16procon/chaser-server.git,6
R_kgDOIE4RIw,2022-09-27T08:46:05Z,2026-05-07T10:39:45Z,2026-05-07T10:39:41Z,844,False,DHT11,akroutabdelrrezak/DHT11,git@github.com:akroutabdelrrezak/DHT11.git,0
R_kgDOIE1CLw,2022-09-27T06:22:46Z,2026-04-22T07:43:36Z,2026-04-22T07:43:31Z,6891,True,sp-plugin-flutter,shurjopay-plugins/sp-plugin-flutter,git@github.com:shurjopay-plugins/sp-plugin-flutter.git,28
R_kgDOIEXgNg,2022-09-26T07:00:00Z,2026-05-07T08:57:09Z,2026-05-07T08:57:03Z,10815,True,IkomiaCore,Ikomia-dev/IkomiaCore,git@github.com:Ikomia-dev/IkomiaCore.git,7
R_kgDOIENkiA,2022-09-25T19:33:04Z,2026-03-18T22:29:58Z,2026-03-01T21:43:20Z,28,False,EMFButton,St3p40/EMFButton,git@github.com:St3p40/EMFButton.git,8
R_kgDOIEMdig,2022-09-25T18:26:37Z,2026-05-07T11:25:12Z,2026-05-07T04:28:18Z,36485,True,whisper.cpp,ggml-org/whisper.cpp,git@github.com:ggml-org/whisper.cpp.git,49449
R_kgDOIEHzUw,2022-09-25T14:11:11Z,2026-04-27T11:45:18Z,2026-05-07T08:27:43Z,5643,True,mqttsuite,SNodeC/mqttsuite,git@github.com:SNodeC/mqttsuite.git,2
R_kgDOIEHDMg,2022-09-25T13:29:08Z,2026-04-04T15:21:49Z,2026-04-27T14:01:26Z,351394,False,SeriousTank,MaxUAforever/SeriousTank,git@github.com:MaxUAforever/SeriousTank.git,1
R_kgDOIECjwQ,2022-09-25T08:40:45Z,2026-04-06T06:48:54Z,2026-04-06T06:48:48Z,20,True,esp32,reef-pi/esp32,git@github.com:reef-pi/esp32.git,2
R_kgDOIDymGw,2022-09-24T13:53:31Z,2026-04-14T19:52:33Z,2026-04-14T19:52:28Z,248,False,asteroid-weatherfetch,beroset/asteroid-weatherfetch,git@github.com:beroset/asteroid-weatherfetch.git,2
R_kgDOIDwATw,2022-09-24T11:14:44Z,2026-04-28T06:01:31Z,2026-05-05T07:06:18Z,8830,True,uc2-esp32,youseetoo/uc2-esp32,git@github.com:youseetoo/uc2-esp32.git,7
R_kgDOIDtKqg,2022-09-24T08:11:54Z,2026-03-27T19:55:34Z,2026-03-27T19:55:30Z,898,False,Jerk_control,meteorTriangle/Jerk_control,git@github.com:meteorTriangle/Jerk_control.git,1
R_kgDOIDnmOw,2022-09-24T00:55:30Z,2026-04-03T01:02:30Z,2026-04-03T01:25:27Z,1273,True,rxode2ll,nlmixr2/rxode2ll,git@github.com:nlmixr2/rxode2ll.git,3
R_kgDOIDjWdQ,2022-09-23T19:50:55Z,2026-05-05T20:45:38Z,2026-05-05T20:45:33Z,610709,True,MOSAICS,MOSAICS-NIH/MOSAICS,git@github.com:MOSAICS-NIH/MOSAICS.git,9
R_kgDOIDjAgA,2022-09-23T19:33:02Z,2026-04-25T16:02:45Z,2026-04-26T22:43:30Z,270851,True,platform_packages_modules_Bluetooth,CalyxOS/platform_packages_modules_Bluetooth,git@github.com:CalyxOS/platform_packages_modules_Bluetooth.git,0
R_kgDOIDjAdg,2022-09-23T19:33:00Z,2026-04-17T17:05:54Z,2026-04-26T22:42:28Z,7717,True,platform_hardware_calyx_compat,CalyxOS/platform_hardware_calyx_compat,git@github.com:CalyxOS/platform_hardware_calyx_compat.git,0
R_kgDOIDcSKA,2022-09-23T14:30:07Z,2026-05-02T19:53:57Z,2026-04-30T15:15:21Z,18384,True,incubator-graphar,apache/incubator-graphar,git@github.com:apache/incubator-graphar.git,355
R_kgDOIDYhUA,2022-09-23T11:58:33Z,2026-03-06T09:47:14Z,2026-03-06T09:47:09Z,14970,False,vgan,grenaud/vgan,git@github.com:grenaud/vgan.git,25
R_kgDOIDSpkQ,2022-09-23T07:12:00Z,2026-05-05T17:54:06Z,2026-05-05T17:54:01Z,5221,True,qtquickeffectmaker,qt/qtquickeffectmaker,git@github.com:qt/qtquickeffectmaker.git,14
R_kgDOIDP_cQ,2022-09-23T04:31:26Z,2026-05-01T19:08:16Z,2026-04-19T01:39:27Z,248224,False,skyscraper,eventhorizon5/skyscraper,git@github.com:eventhorizon5/skyscraper.git,54
R_kgDOIDMFFg,2022-09-23T00:08:15Z,2026-04-28T01:23:41Z,2026-04-28T02:43:54Z,191,False,ECSE458_Minimalist_Blockchain,IngTian/ECSE458_Minimalist_Blockchain,git@github.com:IngTian/ECSE458_Minimalist_Blockchain.git,2
R_kgDOIDKe8g,2022-09-22T22:16:18Z,2026-05-05T01:50:43Z,2026-05-05T01:50:39Z,1673,False,BrawlHeaders,Sammi-Husky/BrawlHeaders,git@github.com:Sammi-Husky/BrawlHeaders.git,10
R_kgDOIDJ7hA,2022-09-22T21:40:48Z,2026-04-21T16:52:24Z,2026-04-21T16:52:20Z,167,False,mavs-ros2,CGoodin/mavs-ros2,git@github.com:CGoodin/mavs-ros2.git,3
R_kgDOIDHpkQ,2022-09-22T19:37:38Z,2026-05-03T06:45:35Z,2026-05-06T21:01:45Z,17583,True,au,aurora-opensource/au,git@github.com:aurora-opensource/au.git,423
R_kgDOIC-HQw,2022-09-22T13:05:04Z,2026-03-23T11:31:57Z,2026-03-19T15:25:38Z,225,False,oxcart-transfer-arm,mehrpad/oxcart-transfer-arm,git@github.com:mehrpad/oxcart-transfer-arm.git,0
R_kgDOIC58vg,2022-09-22T10:09:53Z,2026-04-19T21:17:01Z,2026-04-19T21:16:56Z,129113,False,3D_printer,lpender3672/3D_printer,git@github.com:lpender3672/3D_printer.git,1
R_kgDOIC4bpA,2022-09-22T09:08:13Z,2026-04-17T13:23:42Z,2026-04-17T13:23:53Z,894,True,adsDriver,Cosylab/adsDriver,git@github.com:Cosylab/adsDriver.git,9
R_kgDOIC4YrA,2022-09-22T09:06:12Z,2026-04-17T13:06:36Z,2026-04-17T13:06:50Z,329,True,autoparamDriver,Cosylab/autoparamDriver,git@github.com:Cosylab/autoparamDriver.git,6
R_kgDOICs40w,2022-09-21T22:15:03Z,2026-04-15T00:06:33Z,2026-04-15T00:06:26Z,36567,True,3p-colladadom,secondlife/3p-colladadom,git@github.com:secondlife/3p-colladadom.git,1
R_kgDOICs0MA,2022-09-21T22:10:41Z,2026-04-23T05:04:00Z,2026-05-06T19:53:23Z,16078,True,tsl,google/tsl,git@github.com:google/tsl.git,104
R_kgDOICpVXA,2022-09-21T19:06:18Z,2026-03-20T15:36:38Z,2026-03-20T15:36:29Z,7836,False,OpenSMOKEppInterface,edocipriano/OpenSMOKEppInterface,git@github.com:edocipriano/OpenSMOKEppInterface.git,2
R_kgDOICnwfg,2022-09-21T17:57:25Z,2026-04-22T17:33:52Z,2026-04-22T17:33:28Z,660,False,coproto,ladnir/coproto,git@github.com:ladnir/coproto.git,0
R_kgDOICnWkQ,2022-09-21T17:41:05Z,2026-04-28T11:51:25Z,2026-05-05T03:02:08Z,1417,True,IOManager,eBay/IOManager,git@github.com:eBay/IOManager.git,12
R_kgDOICnO8A,2022-09-21T17:36:16Z,2026-05-07T09:10:32Z,2026-05-07T09:09:48Z,35416,True,WiVRn,WiVRn/WiVRn,git@github.com:WiVRn/WiVRn.git,1359
R_kgDOICnOBA,2022-09-21T17:35:39Z,2026-04-21T16:04:57Z,2026-04-21T16:04:53Z,5,True,ilp_issue_repro,questdb/ilp_issue_repro,git@github.com:questdb/ilp_issue_repro.git,0
R_kgDOICi5Rw,2022-09-21T14:46:59Z,2026-03-05T11:21:34Z,2026-03-05T11:21:29Z,1105,True,libdpcp,Mellanox/libdpcp,git@github.com:Mellanox/libdpcp.git,10
R_kgDOICi3ew,2022-09-21T14:46:00Z,2026-04-29T08:25:51Z,2026-05-06T09:13:22Z,7062,True,libxlio,Mellanox/libxlio,git@github.com:Mellanox/libxlio.git,69
R_kgDOICiD3w,2022-09-21T14:18:21Z,2026-05-05T14:20:47Z,2026-05-05T14:18:32Z,868,True,linear-feedback-controller,loco-3d/linear-feedback-controller,git@github.com:loco-3d/linear-feedback-controller.git,9
R_kgDOICbX3Q,2022-09-21T09:53:36Z,2026-05-07T07:12:48Z,2026-05-07T11:28:34Z,51210,True,Alif,alifcommunity/Alif,git@github.com:alifcommunity/Alif.git,64
R_kgDOICatBA,2022-09-21T09:25:05Z,2026-04-21T02:54:05Z,2026-04-21T02:54:01Z,24461,False,spiderweb,paopaol/spiderweb,git@github.com:paopaol/spiderweb.git,0
R_kgDOICZHtw,2022-09-21T08:19:34Z,2026-03-21T16:41:15Z,2026-03-17T16:12:52Z,25,True,xsimd-algorithm,xtensor-stack/xsimd-algorithm,git@github.com:xtensor-stack/xsimd-algorithm.git,4
R_kgDOICUx_w,2022-09-21T04:46:17Z,2026-03-12T00:53:32Z,2026-04-07T11:13:53Z,16033,False,mc_kinova,mathieu-celerier/mc_kinova,git@github.com:mathieu-celerier/mc_kinova.git,0
R_kgDOICTb9Q,2022-09-21T03:23:00Z,2026-05-05T20:38:21Z,2026-05-05T20:52:46Z,1166,True,databento-cpp,databento/databento-cpp,git@github.com:databento/databento-cpp.git,76
R_kgDOICNj1w,2022-09-20T21:00:00Z,2026-05-03T20:55:55Z,2026-05-03T20:55:51Z,3659,False,VHAL,VeyDlin/VHAL,git@github.com:VeyDlin/VHAL.git,10
R_kgDOICHL8g,2022-09-20T16:26:07Z,2026-04-05T15:42:13Z,2026-04-05T15:42:10Z,345,False,ff-game-map,mikh-abc/ff-game-map,git@github.com:mikh-abc/ff-game-map.git,7
R_kgDOICC5VQ,2022-09-20T13:53:53Z,2026-04-27T15:36:26Z,2026-04-27T15:35:19Z,10669,False,ProbSMT,Ailuras/ProbSMT,git@github.com:Ailuras/ProbSMT.git,6
R_kgDOICBn5g,2022-09-20T13:09:02Z,2026-05-06T08:44:47Z,2026-05-05T18:30:39Z,20437,True,ouster-ros,ouster-lidar/ouster-ros,git@github.com:ouster-lidar/ouster-ros.git,199
R_kgDOICAs_g,2022-09-20T12:33:37Z,2026-05-07T03:10:12Z,2026-03-28T09:02:58Z,23182,False,WeChatFerry,lich0821/WeChatFerry,git@github.com:lich0821/WeChatFerry.git,6540
R_kgDOICAK1w,2022-09-20T12:12:33Z,2026-04-25T02:31:35Z,2026-04-25T02:31:32Z,69718,False,arithmetic,patnashev/arithmetic,git@github.com:patnashev/arithmetic.git,2
R_kgDOIB_I8Q,2022-09-20T11:29:37Z,2026-05-01T04:30:41Z,2026-05-01T04:30:36Z,961,False,prst,patnashev/prst,git@github.com:patnashev/prst.git,15
R_kgDOIB3_cA,2022-09-20T06:14:49Z,2026-05-06T09:22:57Z,2026-05-06T09:22:52Z,11789,True,hip-tests,ROCm/hip-tests,git@github.com:ROCm/hip-tests.git,40
R_kgDOIB1AtQ,2022-09-20T03:05:27Z,2026-04-23T10:03:30Z,2026-04-21T05:15:59Z,35616,False,AltairChessEngine,Alex2262/AltairChessEngine,git@github.com:Alex2262/AltairChessEngine.git,58
R_kgDOIB0ESw,2022-09-20T02:08:33Z,2026-04-20T01:06:27Z,2026-04-20T01:43:04Z,106726,False,fastcpd,doccstat/fastcpd,git@github.com:doccstat/fastcpd.git,24
R_kgDOIBxzfQ,2022-09-19T23:39:26Z,2026-05-05T06:03:47Z,2026-05-05T06:03:42Z,8324841,False,mousen,riverdigger/mousen,git@github.com:riverdigger/mousen.git,0
R_kgDOIBvzTA,2022-09-19T21:26:00Z,2026-05-06T20:32:42Z,2026-05-06T20:33:05Z,56,True,cpp_polyfills,PickNikRobotics/cpp_polyfills,git@github.com:PickNikRobotics/cpp_polyfills.git,8
R_kgDOIBq6yg,2022-09-19T17:38:29Z,2026-04-15T13:33:09Z,2026-05-06T16:03:53Z,9968,True,RhinoUSD,mcneel/RhinoUSD,git@github.com:mcneel/RhinoUSD.git,24
R_kgDOIBnwSA,2022-09-19T15:32:19Z,2026-05-02T19:53:11Z,2026-04-21T21:42:50Z,8423,True,PythonMonkey,Distributive-Network/PythonMonkey,git@github.com:Distributive-Network/PythonMonkey.git,967
R_kgDOIBkPnA,2022-09-19T13:21:54Z,2026-05-07T01:15:41Z,2026-05-07T01:15:36Z,184804,True,godot_openxr_vendors,GodotVR/godot_openxr_vendors,git@github.com:GodotVR/godot_openxr_vendors.git,179
R_kgDOIBh0yw,2022-09-19T11:42:18Z,2026-04-16T19:29:00Z,2026-05-07T11:25:55Z,297916,True,UnrealSDK,beamable/UnrealSDK,git@github.com:beamable/UnrealSDK.git,12
R_kgDOIBhbyg,2022-09-19T11:24:03Z,2026-04-06T01:12:52Z,2026-05-06T16:44:50Z,32840,True,GeoDMS,ObjectVision/GeoDMS,git@github.com:ObjectVision/GeoDMS.git,14
R_kgDOIBeOeA,2022-09-19T08:56:45Z,2026-05-03T13:44:36Z,2026-03-23T04:30:22Z,6298,False,ml-kem,itzmeanjan/ml-kem,git@github.com:itzmeanjan/ml-kem.git,133
R_kgDOIBdcrg,2022-09-19T08:22:40Z,2026-05-07T02:59:58Z,2026-03-23T12:06:55Z,1418,True,rucbase-lab,ruc-deke/rucbase-lab,git@github.com:ruc-deke/rucbase-lab.git,240
R_kgDOIBZW9Q,2022-09-19T04:37:01Z,2026-05-07T09:43:44Z,2026-04-18T16:31:43Z,1447,False,wic_heic,prsyahmi/wic_heic,git@github.com:prsyahmi/wic_heic.git,321
R_kgDOIBVTsw,2022-09-18T23:31:07Z,2026-03-31T13:04:47Z,2026-03-31T13:04:39Z,4856,False,NFPAlgoEngine,TakashiAkio/NFPAlgoEngine,git@github.com:TakashiAkio/NFPAlgoEngine.git,0
R_kgDOIBP7rQ,2022-09-18T17:07:19Z,2026-05-07T06:38:49Z,2026-05-05T10:14:50Z,30373,True,ggml,ggml-org/ggml,git@github.com:ggml-org/ggml.git,14594
R_kgDOIBMMcw,2022-09-18T13:32:53Z,2026-05-05T11:06:46Z,2026-03-31T21:02:36Z,238924,False,EternalCrusadeResurrection,JediKnightChan/EternalCrusadeResurrection,git@github.com:JediKnightChan/EternalCrusadeResurrection.git,426
R_kgDOIBJKCw,2022-09-18T10:11:18Z,2026-05-03T04:49:27Z,2026-04-28T07:06:00Z,80942,True,UdonLibrary,udonrobo/UdonLibrary,git@github.com:udonrobo/UdonLibrary.git,48
R_kgDOIA2qsg,2022-09-17T09:58:43Z,2026-04-19T08:09:28Z,2026-04-19T08:09:16Z,125565,False,TU-exploration-in-uncertain-environment,yangzhongii/TU-exploration-in-uncertain-environment,git@github.com:yangzhongii/TU-exploration-in-uncertain-environment.git,0
R_kgDOIAvl2w,2022-09-16T23:47:50Z,2026-05-02T23:28:59Z,2026-05-02T23:29:50Z,82600,True,ShaderHelper,ShaderHelper/ShaderHelper,git@github.com:ShaderHelper/ShaderHelper.git,66
R_kgDOIAu5lg,2022-09-16T22:40:20Z,2026-04-21T22:46:12Z,2026-04-21T22:46:07Z,214,True,fusionauth-example-cross-platform-game,FusionAuth/fusionauth-example-cross-platform-game,git@github.com:FusionAuth/fusionauth-example-cross-platform-game.git,1
R_kgDOIAuZWw,2022-09-16T21:58:23Z,2026-04-09T14:22:56Z,2026-04-09T14:19:45Z,11028,True,ocolos-public,upenn-acg/ocolos-public,git@github.com:upenn-acg/ocolos-public.git,53
R_kgDOIAr2sg,2022-09-16T19:13:09Z,2026-05-06T04:57:25Z,2026-05-06T04:57:20Z,772503,True,HDMapping,MapsHD/HDMapping,git@github.com:MapsHD/HDMapping.git,382
R_kgDOIAppdA,2022-09-16T17:17:15Z,2026-03-10T18:37:54Z,2026-03-10T18:44:34Z,3985,False,ddo_launcher,Najelith/ddo_launcher,git@github.com:Najelith/ddo_launcher.git,1
R_kgDOIAl2xg,2022-09-16T14:23:40Z,2026-05-06T22:26:55Z,2026-05-06T22:26:55Z,211,False,ArduinoBleOTA,vovagorodok/ArduinoBleOTA,git@github.com:vovagorodok/ArduinoBleOTA.git,49
R_kgDOIAlUTA,2022-09-16T14:01:04Z,2026-05-06T14:02:56Z,2026-05-06T13:57:49Z,336,True,qr_code_bootstrap_channel,Venice-D2D/qr_code_bootstrap_channel,git@github.com:Venice-D2D/qr_code_bootstrap_channel.git,0
R_kgDOIAhuYA,2022-09-16T11:12:10Z,2026-05-06T01:19:18Z,2026-05-06T01:19:14Z,6721,False,bsc_fw,shining-man/bsc_fw,git@github.com:shining-man/bsc_fw.git,147
R_kgDOIAg-PQ,2022-09-16T10:31:52Z,2026-04-26T12:51:29Z,2026-05-06T21:02:00Z,14904,True,husarion_ugv_ros,husarion/husarion_ugv_ros,git@github.com:husarion/husarion_ugv_ros.git,76
R_kgDOIAX5-g,2022-09-16T01:24:19Z,2026-04-28T11:35:57Z,2026-03-25T07:28:36Z,18263,False,lvt2calib,Clothooo/lvt2calib,git@github.com:Clothooo/lvt2calib.git,185
R_kgDOIAXxeg,2022-09-16T01:14:58Z,2026-04-15T06:00:50Z,2026-04-15T06:01:07Z,7761,True,fastEDM-python,EDM-Developers/fastEDM-python,git@github.com:EDM-Developers/fastEDM-python.git,4
R_kgDOIAWDUw,2022-09-15T22:58:59Z,2026-04-09T18:48:22Z,2026-05-04T20:33:56Z,13280,True,flux-sdk,sparkfun/flux-sdk,git@github.com:sparkfun/flux-sdk.git,3
R_kgDOIAUaPQ,2022-09-15T21:01:58Z,2026-04-14T03:47:21Z,2026-03-29T20:18:10Z,337,True,CleanProject,outoftheboxplugins/CleanProject,git@github.com:outoftheboxplugins/CleanProject.git,4
R_kgDOIAUYyg,2022-09-15T21:00:23Z,2026-03-31T06:35:03Z,2026-03-29T20:18:15Z,44282,True,EventsSystem,outoftheboxplugins/EventsSystem,git@github.com:outoftheboxplugins/EventsSystem.git,3
R_kgDOIASJtg,2022-09-15T18:58:53Z,2026-04-10T02:00:35Z,2026-04-10T02:00:29Z,1411,True,raven,KDE/raven,git@github.com:KDE/raven.git,5
R_kgDOIANjwQ,2022-09-15T15:35:10Z,2026-05-03T15:11:41Z,2026-05-03T15:27:58Z,37062,True,game-server-dontstarvetogether,pale-shadow/game-server-dontstarvetogether,git@github.com:pale-shadow/game-server-dontstarvetogether.git,0
R_kgDOIANE6Q,2022-09-15T15:15:16Z,2026-05-07T06:51:03Z,2026-05-07T10:03:45Z,45399,True,workerd,cloudflare/workerd,git@github.com:cloudflare/workerd.git,8203
R_kgDOIABHvA,2022-09-15T06:16:27Z,2026-03-23T15:05:21Z,2026-03-23T15:05:32Z,3451,True,learn-cpp,coding-armadillo/learn-cpp,git@github.com:coding-armadillo/learn-cpp.git,0
R_kgDOH_6o1w,2022-09-14T22:44:54Z,2026-03-06T13:19:30Z,2026-05-05T13:09:22Z,2290,False,macposts,maccmu/macposts,git@github.com:maccmu/macposts.git,11
R_kgDOH_5oPA,2022-09-14T21:33:39Z,2026-05-06T16:45:06Z,2026-05-06T16:45:03Z,1376,True,maliput_osm,maliput/maliput_osm,git@github.com:maliput/maliput_osm.git,2
R_kgDOH_3RPQ,2022-09-14T19:20:11Z,2026-04-28T17:18:01Z,2026-04-28T17:22:10Z,1512,True,fit-objective-c-sdk,garmin/fit-objective-c-sdk,git@github.com:garmin/fit-objective-c-sdk.git,34
R_kgDOH_0cEw,2022-09-14T17:04:51Z,2026-04-30T17:47:58Z,2026-04-30T17:47:53Z,35033,True,ELEQTRONeX,AMReX-Microelectronics/ELEQTRONeX,git@github.com:AMReX-Microelectronics/ELEQTRONeX.git,8
R_kgDOH_znUw,2022-09-14T16:29:52Z,2026-04-30T18:26:32Z,2026-04-14T04:09:16Z,44752,True,wdkmetadata,microsoft/wdkmetadata,git@github.com:microsoft/wdkmetadata.git,107
R_kgDOH_qruw,2022-09-14T10:13:39Z,2025-04-04T03:10:50Z,2026-04-29T23:41:17Z,132,True,kdsoap-ws-discovery-client,KDE/kdsoap-ws-discovery-client,git@github.com:KDE/kdsoap-ws-discovery-client.git,5
R_kgDOH_pexg,2022-09-14T09:20:20Z,2026-04-04T18:16:50Z,2026-04-04T18:16:45Z,16,False,hello_world_cpp,javiersorianoruiz/hello_world_cpp,git@github.com:javiersorianoruiz/hello_world_cpp.git,0
R_kgDOH_o3_w,2022-09-14T08:52:59Z,2026-03-17T11:24:44Z,2026-03-17T11:24:41Z,374,True,daqlite,ess-dmsc/daqlite,git@github.com:ess-dmsc/daqlite.git,2
R_kgDOH_fCVQ,2022-09-13T22:36:23Z,2026-04-02T20:18:41Z,2026-04-02T20:54:23Z,1490,True,alephzero-private,thirdwave-ai/alephzero-private,git@github.com:thirdwave-ai/alephzero-private.git,0
R_kgDOH_X20g,2022-09-13T16:25:03Z,2026-05-07T08:50:26Z,2026-05-07T08:50:21Z,61027,True,Vital.sandbox,ov-studio/Vital.sandbox,git@github.com:ov-studio/Vital.sandbox.git,7
R_kgDOH_TDRA,2022-09-13T13:15:47Z,2026-05-07T10:47:55Z,2026-05-04T10:33:54Z,750,True,kiss-icp,PRBonn/kiss-icp,git@github.com:PRBonn/kiss-icp.git,2168
R_kgDOH_PPOQ,2022-09-13T10:26:14Z,2026-05-01T08:55:40Z,2026-03-04T16:57:24Z,1269,False,NEP_CPU,brucefan1983/NEP_CPU,git@github.com:brucefan1983/NEP_CPU.git,95
R_kgDOH_Ks8Q,2022-09-13T06:56:17Z,2026-04-20T11:08:34Z,2026-05-07T08:58:42Z,5858,True,edu_robot,EduArt-Robotik/edu_robot,git@github.com:EduArt-Robotik/edu_robot.git,2
R_kgDOH_KGhw,2022-09-13T06:25:37Z,2026-03-05T05:05:45Z,2026-03-22T18:39:39Z,6204,False,sha3,itzmeanjan/sha3,git@github.com:itzmeanjan/sha3.git,16
R_kgDOH_FV2A,2022-09-13T01:17:27Z,2026-05-03T22:50:20Z,2026-05-03T22:50:16Z,697,False,TSP-genetic-algorithm,RayverAimar/TSP-genetic-algorithm,git@github.com:RayverAimar/TSP-genetic-algorithm.git,0
R_kgDOH_EqZA,2022-09-13T00:30:15Z,2026-04-18T15:38:31Z,2026-04-18T15:38:26Z,9021,True,android_hardware_lineage_compat,LineageOS/android_hardware_lineage_compat,git@github.com:LineageOS/android_hardware_lineage_compat.git,17
R_kgDOH-_EhA,2022-09-12T18:50:32Z,2026-03-26T21:16:47Z,2026-03-26T21:16:42Z,4520,True,fhe-deck-core,FHE-Deck/fhe-deck-core,git@github.com:FHE-Deck/fhe-deck-core.git,16
R_kgDOH--gFg,2022-09-12T18:23:59Z,2026-03-23T09:57:28Z,2026-05-06T12:58:50Z,6014,True,robotarium-hub,UCM-237/robotarium-hub,git@github.com:UCM-237/robotarium-hub.git,2
R_kgDOH-5rTQ,2022-09-12T14:57:20Z,2026-04-11T14:32:19Z,2026-03-30T07:30:07Z,712,True,android_device_brcm_rpi4,raspberry-vanilla/android_device_brcm_rpi4,git@github.com:raspberry-vanilla/android_device_brcm_rpi4.git,25
R_kgDOH-5o4g,2022-09-12T14:55:51Z,2026-05-07T08:19:18Z,2026-05-07T08:19:13Z,3619,True,android_external_drm_hwcomposer,raspberry-vanilla/android_external_drm_hwcomposer,git@github.com:raspberry-vanilla/android_external_drm_hwcomposer.git,1
R_kgDOH-5gdg,2022-09-12T14:50:44Z,2026-05-04T09:14:00Z,2026-05-04T09:13:35Z,12343,True,android_external_libcamera,raspberry-vanilla/android_external_libcamera,git@github.com:raspberry-vanilla/android_external_libcamera.git,4
R_kgDOH-1f8A,2022-09-12T12:13:21Z,2026-05-03T02:02:52Z,2026-05-03T02:02:48Z,5715,True,flatpak-kcm,KDE/flatpak-kcm,git@github.com:KDE/flatpak-kcm.git,20
R_kgDOH-uMSw,2022-09-12T05:57:30Z,2026-04-26T10:24:22Z,2026-04-26T10:24:17Z,1210,False,satan_mario_cpp_game,pravin-pk/satan_mario_cpp_game,git@github.com:pravin-pk/satan_mario_cpp_game.git,0
R_kgDOH-rY8g,2022-09-12T02:24:49Z,2026-05-04T10:03:18Z,2026-05-04T10:03:14Z,2338,False,EInkAssistant,DawningW/EInkAssistant,git@github.com:DawningW/EInkAssistant.git,105
R_kgDOH-q23Q,2022-09-12T01:42:43Z,2026-05-03T14:00:57Z,2026-05-02T22:49:11Z,567,False,TritonTranslator,Colton1skees/TritonTranslator,git@github.com:Colton1skees/TritonTranslator.git,33
R_kgDOH-oa0g,2022-09-11T21:56:32Z,2026-04-26T16:30:02Z,2026-04-26T16:29:57Z,4083,False,A2-presentaciones-06-Graph,BRJoaquin/A2-presentaciones-06-Graph,git@github.com:BRJoaquin/A2-presentaciones-06-Graph.git,0
R_kgDOH-bPEA,2022-09-11T07:16:23Z,2026-05-02T16:55:16Z,2026-05-02T16:54:56Z,590663,False,NakamaTurnBase,Mehrdadgame/NakamaTurnBase,git@github.com:Mehrdadgame/NakamaTurnBase.git,2
R_kgDOH-XnbQ,2022-09-11T01:24:34Z,2026-05-04T20:28:44Z,2026-04-20T09:16:51Z,2484,False,fastgltf,spnda/fastgltf,git@github.com:spnda/fastgltf.git,518
R_kgDOH-UwPA,2022-09-10T20:38:18Z,2026-05-04T17:05:04Z,2026-05-06T08:14:49Z,196876,False,ns-3-dev,Gabrielcarvfer/ns-3-dev,git@github.com:Gabrielcarvfer/ns-3-dev.git,0
R_kgDOH-RyXA,2022-09-10T17:09:25Z,2026-05-03T07:43:35Z,2026-05-03T07:43:31Z,13760,False,FreeImageRe,agruzdev/FreeImageRe,git@github.com:agruzdev/FreeImageRe.git,28
R_kgDOH-LKOg,2022-09-10T09:55:03Z,2026-05-07T09:18:45Z,2026-04-08T18:24:08Z,618,False,MControlCenter,dmitry-s93/MControlCenter,git@github.com:dmitry-s93/MControlCenter.git,610
R_kgDOH974Ow,2022-09-09T15:47:31Z,2026-04-03T12:55:40Z,2026-04-12T12:06:04Z,1091,True,android_device_samsung_universal7420-common,samsungexynos7420/android_device_samsung_universal7420-common,git@github.com:samsungexynos7420/android_device_samsung_universal7420-common.git,2
R_kgDOH95FEQ,2022-09-09T13:45:30Z,2026-04-27T14:12:15Z,2026-04-27T14:11:53Z,18118,False,core,HUD-Software/core,git@github.com:HUD-Software/core.git,0
R_kgDOH9zLBA,2022-09-09T08:35:11Z,2026-04-09T17:40:51Z,2026-04-03T09:10:01Z,650849,True,zed-UE5,stereolabs/zed-UE5,git@github.com:stereolabs/zed-UE5.git,96
R_kgDOH9wLLg,2022-09-09T05:45:46Z,2026-03-16T05:59:15Z,2026-03-16T05:59:10Z,551,True,dtkdevice,linuxdeepin/dtkdevice,git@github.com:linuxdeepin/dtkdevice.git,4
R_kgDOH9qzPQ,2022-09-08T23:19:52Z,2026-03-09T14:16:29Z,2026-03-09T14:17:08Z,5440,True,nxp-nnstreamer-examples,nxp-imx/nxp-nnstreamer-examples,git@github.com:nxp-imx/nxp-nnstreamer-examples.git,20
R_kgDOH9nl1Q,2022-09-08T19:59:31Z,2026-03-19T18:02:49Z,2026-03-19T18:02:43Z,78,False,esp32-pylontech,zivillian/esp32-pylontech,git@github.com:zivillian/esp32-pylontech.git,3
R_kgDOH9lJwA,2022-09-08T18:01:58Z,2026-05-05T16:58:53Z,2026-05-05T16:58:47Z,549,True,otsdaq-mu2e-dqm,Mu2e/otsdaq-mu2e-dqm,git@github.com:Mu2e/otsdaq-mu2e-dqm.git,0
R_kgDOH9eIxQ,2022-09-08T13:14:02Z,2026-05-06T20:50:07Z,2026-05-06T20:50:02Z,1449,True,vein-framework,ZeraGmbH/vein-framework,git@github.com:ZeraGmbH/vein-framework.git,0
R_kgDOH9d_7g,2022-09-08T13:08:36Z,2026-04-21T01:44:09Z,2026-04-22T04:35:14Z,210,False,FUGU-ARDUINO-MPPT-FIRMWARE,cyberangel22k/FUGU-ARDUINO-MPPT-FIRMWARE,git@github.com:cyberangel22k/FUGU-ARDUINO-MPPT-FIRMWARE.git,15
R_kgDOH9WdDw,2022-09-08T07:09:19Z,2026-05-04T20:28:47Z,2026-03-14T01:05:43Z,378,False,kananlib,cursey/kananlib,git@github.com:cursey/kananlib.git,33
R_kgDOH9Tkcg,2022-09-08T04:13:07Z,2026-04-18T19:41:15Z,2026-04-18T19:40:59Z,160378,True,android_frameworks_native,LOSModified/android_frameworks_native,git@github.com:LOSModified/android_frameworks_native.git,0
R_kgDOH9TkRA,2022-09-08T04:12:52Z,2026-04-18T19:20:42Z,2026-04-18T19:20:25Z,276304,True,android_frameworks_av,LOSModified/android_frameworks_av,git@github.com:LOSModified/android_frameworks_av.git,1
R_kgDOH9Te2g,2022-09-08T04:06:48Z,2026-04-18T19:28:07Z,2026-04-18T19:27:49Z,243155,True,android_art,LOSModified/android_art,git@github.com:LOSModified/android_art.git,0
R_kgDOH9TWyw,2022-09-08T03:57:56Z,2026-04-19T10:34:23Z,2026-04-19T10:34:18Z,25772,True,android_external_sqlite,LOSModified/android_external_sqlite,git@github.com:LOSModified/android_external_sqlite.git,0
R_kgDOH9QSow,2022-09-08T00:40:24Z,2026-04-22T03:56:54Z,2026-04-22T03:56:45Z,542889,False,nebula-ios,jmacre/nebula-ios,git@github.com:jmacre/nebula-ios.git,0
R_kgDOH9MP3Q,2022-09-07T20:12:30Z,2026-04-30T18:40:17Z,2026-04-23T20:18:57Z,888,True,Ponk,madmappersoftware/Ponk,git@github.com:madmappersoftware/Ponk.git,42
R_kgDOH9KOtg,2022-09-07T18:34:15Z,2026-04-08T15:25:07Z,2026-04-08T15:22:48Z,6024,True,recruiting-sw,eagletrt/recruiting-sw,git@github.com:eagletrt/recruiting-sw.git,13
R_kgDOH9IHGA,2022-09-07T16:53:58Z,2026-04-29T23:02:13Z,2026-04-29T23:02:08Z,281,False,VulkanRendering,RichDavisonNCL/VulkanRendering,git@github.com:RichDavisonNCL/VulkanRendering.git,0
R_kgDOH9IASg,2022-09-07T16:48:56Z,2026-03-29T22:09:07Z,2026-03-29T22:09:04Z,241,False,NCLCoreClasses,RichDavisonNCL/NCLCoreClasses,git@github.com:RichDavisonNCL/NCLCoreClasses.git,1
R_kgDOH8_nog,2022-09-07T10:37:19Z,2026-04-04T13:01:08Z,2026-03-30T11:52:34Z,283,True,LibRI,abacusmodeling/LibRI,git@github.com:abacusmodeling/LibRI.git,18
R_kgDOH8-jZw,2022-09-07T09:44:39Z,2026-03-28T06:09:21Z,2026-05-06T07:23:23Z,66,True,LibComm,abacusmodeling/LibComm,git@github.com:abacusmodeling/LibComm.git,0
R_kgDOH88H5Q,2022-09-07T07:47:45Z,2026-03-24T11:18:49Z,2026-04-25T02:47:27Z,484681,True,sobits_follower,TeamSOBITS/sobits_follower,git@github.com:TeamSOBITS/sobits_follower.git,7
R_kgDOH83jqg,2022-09-07T03:15:58Z,2026-05-06T15:31:47Z,2026-05-06T23:49:53Z,62097,True,neml2,applied-material-modeling/neml2,git@github.com:applied-material-modeling/neml2.git,36
R_kgDOH82Jqg,2022-09-07T01:47:36Z,2026-04-26T12:43:47Z,2026-03-10T15:41:03Z,37444,True,sobit_pro,TeamSOBITS/sobit_pro,git@github.com:TeamSOBITS/sobit_pro.git,9
R_kgDOH82BjQ,2022-09-07T01:39:32Z,2026-04-29T09:32:56Z,2026-04-29T09:32:52Z,42882,True,sobit_edu,TeamSOBITS/sobit_edu,git@github.com:TeamSOBITS/sobit_edu.git,2
R_kgDOH8wzrQ,2022-09-06T19:37:04Z,2026-04-12T20:05:55Z,2026-04-01T12:08:46Z,5260,False,esphome-nibe,elupus/esphome-nibe,git@github.com:elupus/esphome-nibe.git,111
R_kgDOH8rQ6Q,2022-09-06T15:23:47Z,2026-05-06T09:38:39Z,2026-05-06T09:38:44Z,4026,True,sw_algorithms_lib,larus-breeze/sw_algorithms_lib,git@github.com:larus-breeze/sw_algorithms_lib.git,13
R_kgDOH8rQJg,2022-09-06T15:23:19Z,2026-04-15T09:30:37Z,2026-03-04T13:53:48Z,177099,True,cesium-omniverse,CesiumGS/cesium-omniverse,git@github.com:CesiumGS/cesium-omniverse.git,85
R_kgDOH8o8zQ,2022-09-06T13:53:26Z,2026-04-28T18:59:54Z,2026-04-28T18:59:51Z,36494,True,InfinyToolkit,InfinyTech3D/InfinyToolkit,git@github.com:InfinyTech3D/InfinyToolkit.git,5
R_kgDOH8hWSQ,2022-09-06T08:06:34Z,2026-04-28T16:41:16Z,2026-04-28T16:41:12Z,378,True,IOTMP-Linux,thinger-io/IOTMP-Linux,git@github.com:thinger-io/IOTMP-Linux.git,3
R_kgDOH8fhLg,2022-09-06T06:36:46Z,2026-04-08T05:40:54Z,2026-04-08T05:40:45Z,1346,True,MPro-Tools,ChinaClever/MPro-Tools,git@github.com:ChinaClever/MPro-Tools.git,0
R_kgDOH8TwEA,2022-09-05T17:38:03Z,2026-03-25T22:33:30Z,2026-03-25T22:33:26Z,46,True,space-automation,hackmanhattan/space-automation,git@github.com:hackmanhattan/space-automation.git,0
R_kgDOH8Pehg,2022-09-05T14:12:55Z,2026-05-02T09:08:09Z,2026-05-07T00:41:15Z,2964,False,watcher,e-dant/watcher,git@github.com:e-dant/watcher.git,795
R_kgDOH8PK0Q,2022-09-05T13:59:32Z,2026-04-15T14:16:12Z,2026-04-25T10:16:48Z,352871,True,A3dp-Slicer,Advanced3dPrinting/A3dp-Slicer,git@github.com:Advanced3dPrinting/A3dp-Slicer.git,9
R_kgDOH8NZzQ,2022-09-05T12:42:59Z,2026-05-07T11:14:04Z,2026-05-07T11:14:02Z,724,True,raph_robot,RaphRover/raph_robot,git@github.com:RaphRover/raph_robot.git,1
R_kgDOH8CEEA,2022-09-05T02:00:13Z,2026-05-05T01:40:09Z,2026-05-07T09:51:43Z,264379,False,mrv2,ggarra13/mrv2,git@github.com:ggarra13/mrv2.git,385
R_kgDOH7_zrw,2022-09-04T22:28:42Z,2026-04-26T12:48:43Z,2026-04-26T12:48:39Z,7420,False,ESP_Framework,IchOK/ESP_Framework,git@github.com:IchOK/ESP_Framework.git,0
R_kgDOH7_qOA,2022-09-04T22:14:40Z,2026-03-23T06:49:17Z,2026-04-26T05:57:41Z,13370,False,adanet-co2-monitor,danwahl/adanet-co2-monitor,git@github.com:danwahl/adanet-co2-monitor.git,5
R_kgDOH7-AGw,2022-09-04T19:56:47Z,2026-05-04T08:56:58Z,2026-04-01T13:46:36Z,20,False,UsbdSecPatch,InvoxiPlayGames/UsbdSecPatch,git@github.com:InvoxiPlayGames/UsbdSecPatch.git,186
R_kgDOH77hCA,2022-09-04T17:02:59Z,2026-04-03T07:00:17Z,2026-04-03T07:00:13Z,1975,False,TrafficFlow,ninja7v/TrafficFlow,git@github.com:ninja7v/TrafficFlow.git,2
R_kgDOH70Aow,2022-09-04T08:24:41Z,2026-05-06T22:22:13Z,2026-05-06T22:22:09Z,22646,False,tails-adventure,mechakotik/tails-adventure,git@github.com:mechakotik/tails-adventure.git,127
R_kgDOH7yttw,2022-09-04T06:36:32Z,2026-05-05T23:03:14Z,2026-05-05T23:03:10Z,39847,False,UmaUmaChecker,Cilda/UmaUmaChecker,git@github.com:Cilda/UmaUmaChecker.git,48
R_kgDOH7l2ew,2022-09-03T12:04:51Z,2026-05-02T12:08:38Z,2026-05-07T02:54:34Z,131645,True,RebelEngine,RebelToolbox/RebelEngine,git@github.com:RebelToolbox/RebelEngine.git,10
R_kgDOH7iVqA,2022-09-03T07:37:15Z,2026-04-15T12:05:39Z,2026-04-15T12:07:52Z,182515,True,INSTINCT,UniStuttgart-INS/INSTINCT,git@github.com:UniStuttgart-INS/INSTINCT.git,56
R_kgDOH7hbNA,2022-09-03T06:22:48Z,2026-04-15T09:27:38Z,2026-04-15T09:27:32Z,573,True,polymesh,project-arcana/polymesh,git@github.com:project-arcana/polymesh.git,8
R_kgDOH7WRDw,2022-09-02T16:04:11Z,2026-05-05T23:02:08Z,2026-05-05T23:02:03Z,158,True,hyprpicker,hyprwm/hyprpicker,git@github.com:hyprwm/hyprpicker.git,1080
R_kgDOH7Su5g,2022-09-02T13:23:25Z,2026-05-03T20:17:29Z,2026-04-26T10:08:39Z,13261,False,JoltPhysics.js,jrouwe/JoltPhysics.js,git@github.com:jrouwe/JoltPhysics.js.git,523
R_kgDOH7QZiw,2022-09-02T11:23:40Z,2026-04-18T19:57:27Z,2026-03-29T15:46:13Z,1360,False,imoguizmo,fknfilewalker/imoguizmo,git@github.com:fknfilewalker/imoguizmo.git,132
R_kgDOH7PAcQ,2022-09-02T10:05:08Z,2026-03-17T10:22:59Z,2026-03-17T10:23:02Z,162,True,KDAlgorithms,KDAB/KDAlgorithms,git@github.com:KDAB/KDAlgorithms.git,97
R_kgDOH7O3og,2022-09-02T09:57:58Z,2026-04-10T06:31:51Z,2026-04-10T06:31:46Z,1923,True,SofaCUDALinearSolver,SofaDefrost/SofaCUDALinearSolver,git@github.com:SofaDefrost/SofaCUDALinearSolver.git,4
R_kgDOH7HhjQ,2022-09-02T02:13:10Z,2026-03-04T23:44:27Z,2026-03-04T23:44:22Z,2763,True,dcsam-examples,MarineRoboticsGroup/dcsam-examples,git@github.com:MarineRoboticsGroup/dcsam-examples.git,20
R_kgDOH65d8g,2022-09-01T13:00:40Z,2026-05-04T11:05:11Z,2026-05-04T11:05:34Z,24777,True,bns_nurates,RelNucAs/bns_nurates,git@github.com:RelNucAs/bns_nurates.git,5
R_kgDOH64VYA,2022-09-01T12:09:25Z,2026-03-31T08:16:50Z,2026-03-31T08:16:44Z,1605,True,fast-feedback-indexer,paulscherrerinstitute/fast-feedback-indexer,git@github.com:paulscherrerinstitute/fast-feedback-indexer.git,4
R_kgDOH64SeA,2022-09-01T12:07:26Z,2026-04-05T03:25:38Z,2026-04-05T03:25:20Z,283725,True,packages_modules_Bluetooth,VoltageOS-staging/packages_modules_Bluetooth,git@github.com:VoltageOS-staging/packages_modules_Bluetooth.git,0
R_kgDOH6w6Yw,2022-09-01T05:47:33Z,2026-05-07T11:04:25Z,2026-05-06T09:03:02Z,15228,True,sherpa-onnx,k2-fsa/sherpa-onnx,git@github.com:k2-fsa/sherpa-onnx.git,12068
R_kgDOH6u8Tw,2022-09-01T03:27:35Z,2026-04-23T07:46:59Z,2026-03-15T06:25:34Z,1934,False,tok3n,k3DW/tok3n,git@github.com:k3DW/tok3n.git,27
R_kgDOH6sfSg,2022-09-01T00:40:28Z,2026-05-06T12:08:05Z,2026-05-06T12:08:01Z,22415,False,iNet-API-Demo,AIProCo/iNet-API-Demo,git@github.com:AIProCo/iNet-API-Demo.git,8
R_kgDOH6m3PQ,2022-08-31T18:47:47Z,2026-05-04T17:05:06Z,2026-05-04T17:09:56Z,49097,True,kynema-fmb,kynema/kynema-fmb,git@github.com:kynema/kynema-fmb.git,36
R_kgDOH6kVLA,2022-08-31T16:48:17Z,2026-04-16T21:44:56Z,2026-04-16T21:44:53Z,46,True,EPICS-InstronArby,ISISComputingGroup/EPICS-InstronArby,git@github.com:ISISComputingGroup/EPICS-InstronArby.git,1
R_kgDOH6hFdQ,2022-08-31T14:30:01Z,2026-04-26T15:21:13Z,2026-04-26T20:15:33Z,217314,False,Zero,tantq-dev/Zero,git@github.com:tantq-dev/Zero.git,0
R_kgDOH6gVPg,2022-08-31T13:59:39Z,2026-03-26T04:06:13Z,2026-03-26T04:05:59Z,25956,True,Towson_Terminators_Codebase,Towson-High-Robotics/Towson_Terminators_Codebase,git@github.com:Towson-High-Robotics/Towson_Terminators_Codebase.git,5
R_kgDOH6a6mQ,2022-08-31T09:42:36Z,2026-04-29T01:53:52Z,2026-03-11T08:19:48Z,756,True,mazerunner-core,ukmars/mazerunner-core,git@github.com:ukmars/mazerunner-core.git,40
R_kgDOH6ZqLg,2022-08-31T08:38:04Z,2026-04-27T08:21:33Z,2026-04-27T08:25:19Z,222658,False,vernier,vernierlib/vernier,git@github.com:vernierlib/vernier.git,4
R_kgDOH6YqWA,2022-08-31T07:45:19Z,2026-03-31T03:06:53Z,2026-03-31T03:06:14Z,63983,True,qt6-declarative,deepin-community/qt6-declarative,git@github.com:deepin-community/qt6-declarative.git,1
R_kgDOH6YCWw,2022-08-31T07:12:27Z,2026-03-10T05:53:20Z,2026-03-10T05:53:15Z,1222562,True,qt6-webengine,deepin-community/qt6-webengine,git@github.com:deepin-community/qt6-webengine.git,1
R_kgDOH6X3lQ,2022-08-31T07:02:48Z,2026-03-05T09:24:43Z,2026-03-05T09:24:37Z,2634,True,qt6-wayland,deepin-community/qt6-wayland,git@github.com:deepin-community/qt6-wayland.git,0
R_kgDOH6X11Q,2022-08-31T07:01:10Z,2026-05-06T09:58:00Z,2026-05-06T09:57:56Z,2604,True,qt6-svg,deepin-community/qt6-svg,git@github.com:deepin-community/qt6-svg.git,0
R_kgDOH6XrzQ,2022-08-31T06:52:17Z,2026-03-20T06:29:24Z,2026-03-20T06:29:20Z,81517,True,qt6-base,deepin-community/qt6-base,git@github.com:deepin-community/qt6-base.git,2
R_kgDOH6Uqtw,2022-08-31T03:11:10Z,2026-05-07T03:52:43Z,2026-05-07T02:04:35Z,30503,True,CraneSched,PKUHPC/CraneSched,git@github.com:PKUHPC/CraneSched.git,138
R_kgDOH6PGSQ,2022-08-30T20:51:12Z,2026-03-22T23:38:15Z,2026-03-16T13:34:07Z,13909,False,balltze,MangoFizz/balltze,git@github.com:MangoFizz/balltze.git,15
R_kgDOH6AzgQ,2022-08-30T09:48:27Z,2026-03-24T00:51:59Z,2026-03-24T00:51:55Z,5275,True,m1-player,Mach1Studios/m1-player,git@github.com:Mach1Studios/m1-player.git,0
R_kgDOH5_2tA,2022-08-30T09:02:58Z,2026-05-05T07:01:35Z,2026-05-05T07:01:52Z,14544,True,LAPIS-SILO,GenSpectrum/LAPIS-SILO,git@github.com:GenSpectrum/LAPIS-SILO.git,19
R_kgDOH55Ilw,2022-08-30T02:21:17Z,2026-04-08T18:02:31Z,2026-04-08T18:08:23Z,169,False,ShipworksExtended,logdot/ShipworksExtended,git@github.com:logdot/ShipworksExtended.git,3
R_kgDOH5shog,2022-08-29T14:38:34Z,2026-04-22T03:40:03Z,2026-04-22T03:39:59Z,52031,False,Populous-The-Beginning-Public,TylerTheFox/Populous-The-Beginning-Public,git@github.com:TylerTheFox/Populous-The-Beginning-Public.git,4
R_kgDOH5sEAA,2022-08-29T14:19:33Z,2026-03-05T06:13:45Z,2026-03-05T06:15:04Z,31639,False,std_abs,abc864197532/std_abs,git@github.com:abc864197532/std_abs.git,11
R_kgDOH5oWhw,2022-08-29T11:37:12Z,2026-03-17T05:02:55Z,2026-03-17T05:03:30Z,354,False,Algorithms,HyunjaeLee/Algorithms,git@github.com:HyunjaeLee/Algorithms.git,0
R_kgDOH5gwCw,2022-08-29T04:40:06Z,2026-04-01T03:27:16Z,2026-04-01T03:27:13Z,263071,False,psdr-jit,andyyankai/psdr-jit,git@github.com:andyyankai/psdr-jit.git,56
R_kgDOH5dLZA,2022-08-28T23:51:53Z,2026-05-05T00:12:43Z,2026-05-02T09:38:02Z,2027,True,beginning-cpp23,Apress/beginning-cpp23,git@github.com:Apress/beginning-cpp23.git,95
R_kgDOH5Uc2A,2022-08-28T13:10:24Z,2026-04-23T14:42:09Z,2026-04-23T14:40:19Z,70,False,stackchan-bluetooth-simple,mongonta0716/stackchan-bluetooth-simple,git@github.com:mongonta0716/stackchan-bluetooth-simple.git,20
R_kgDOH5PL8g,2022-08-28T06:18:01Z,2026-05-03T04:30:15Z,2026-03-11T08:36:10Z,240204,True,iEDA,OSCC-Project/iEDA,git@github.com:OSCC-Project/iEDA.git,504
R_kgDOH5JBug,2022-08-27T19:29:42Z,2026-03-17T04:55:15Z,2026-03-17T04:55:12Z,308,False,MastersProgram,pachecoisaia/MastersProgram,git@github.com:pachecoisaia/MastersProgram.git,0
R_kgDOH5GQAA,2022-08-27T16:07:17Z,2026-05-06T22:16:53Z,2026-05-06T22:16:55Z,100,False,ArduinoStreamLogger,vovagorodok/ArduinoStreamLogger,git@github.com:vovagorodok/ArduinoStreamLogger.git,3
R_kgDOH468zg,2022-08-27T01:17:10Z,2026-03-22T13:50:06Z,2026-03-22T13:49:04Z,190813,False,RayTracer,Dylan-Harden3/RayTracer,git@github.com:Dylan-Harden3/RayTracer.git,0
R_kgDOH43f3g,2022-08-26T20:08:20Z,2026-04-08T20:11:41Z,2026-04-08T20:15:17Z,294,True,afc-epics-ioc,lnls-dig/afc-epics-ioc,git@github.com:lnls-dig/afc-epics-ioc.git,1
R_kgDOH4yVjg,2022-08-26T15:17:15Z,2026-03-28T08:38:14Z,2026-03-28T08:38:08Z,8933,True,tww-gz,zsrtww/tww-gz,git@github.com:zsrtww/tww-gz.git,13
R_kgDOH4x7dg,2022-08-26T14:57:45Z,2026-04-30T16:37:49Z,2026-05-01T03:01:53Z,1495,True,parser,IDNI/parser,git@github.com:IDNI/parser.git,8
R_kgDOH4xQ1Q,2022-08-26T14:27:06Z,2026-04-09T18:41:54Z,2026-04-09T18:41:48Z,66663,True,Tearing,InfinyTech3D/Tearing,git@github.com:InfinyTech3D/Tearing.git,12
R_kgDOH4qcGw,2022-08-26T08:30:13Z,2026-03-10T22:21:35Z,2026-04-12T01:31:29Z,4468,True,ros-utils,ctu-vras/ros-utils,git@github.com:ctu-vras/ros-utils.git,19
R_kgDOH4qJJA,2022-08-26T08:13:58Z,2026-05-04T16:42:55Z,2026-04-17T09:44:16Z,830560,True,rzv_drp-ai_tvm,renesas-rz/rzv_drp-ai_tvm,git@github.com:renesas-rz/rzv_drp-ai_tvm.git,58
R_kgDOH4oj6Q,2022-08-26T06:46:29Z,2026-05-04T17:24:52Z,2026-04-30T22:00:21Z,20967,True,OpenPFC,VTT-ProperTune/OpenPFC,git@github.com:VTT-ProperTune/OpenPFC.git,23
R_kgDOH4mf5A,2022-08-26T04:25:39Z,2026-04-23T17:58:22Z,2026-04-27T21:04:01Z,369,True,EDM4eic,eic/EDM4eic,git@github.com:eic/EDM4eic.git,4
R_kgDOH4hkCg,2022-08-25T22:06:01Z,2026-04-29T00:11:15Z,2026-04-08T21:58:02Z,94600,True,nix-super,privatevoid-net/nix-super,git@github.com:privatevoid-net/nix-super.git,93
R_kgDOH4f5-g,2022-08-25T20:16:31Z,2026-03-04T22:35:26Z,2026-03-04T22:35:21Z,1738,False,Bookworm,ngirmes/Bookworm,git@github.com:ngirmes/Bookworm.git,0
R_kgDOH4fc5Q,2022-08-25T19:50:40Z,2026-04-30T02:08:27Z,2026-04-30T02:08:22Z,275,False,esp-audio-player,chmorgan/esp-audio-player,git@github.com:chmorgan/esp-audio-player.git,28
R_kgDOH4fESg,2022-08-25T19:28:31Z,2026-05-07T07:26:17Z,2026-05-03T08:24:46Z,48074,True,Bochs,bochs-emu/Bochs,git@github.com:bochs-emu/Bochs.git,1302
R_kgDOH4ZJ3w,2022-08-25T14:46:31Z,2026-05-03T07:01:32Z,2026-05-03T07:01:29Z,15,True,xerces-c,mayhemheroes/xerces-c,git@github.com:mayhemheroes/xerces-c.git,0
R_kgDOH4ZCMw,2022-08-25T14:41:44Z,2026-05-04T21:16:28Z,2026-05-04T21:16:24Z,6340,True,pigweed,mayhemheroes/pigweed,git@github.com:mayhemheroes/pigweed.git,0
R_kgDOH4Y52g,2022-08-25T14:36:23Z,2026-05-04T21:31:16Z,2026-05-04T21:31:11Z,6568,True,kimageformats,mayhemheroes/kimageformats,git@github.com:mayhemheroes/kimageformats.git,0
R_kgDOH4Y5Wg,2022-08-25T14:36:02Z,2026-05-06T19:27:47Z,2026-05-06T19:27:42Z,260,True,kcodecs,mayhemheroes/kcodecs,git@github.com:mayhemheroes/kcodecs.git,0
R_kgDOH4Y43Q,2022-08-25T14:35:42Z,2026-05-06T19:48:24Z,2026-05-06T19:48:20Z,1018,True,karchive,mayhemheroes/karchive,git@github.com:mayhemheroes/karchive.git,0
R_kgDOH4YliQ,2022-08-25T14:23:18Z,2026-05-06T18:27:33Z,2026-05-06T18:27:28Z,16,True,giflib,mayhemheroes/giflib,git@github.com:mayhemheroes/giflib.git,0
R_kgDOH4YXuQ,2022-08-25T14:14:25Z,2026-05-01T19:55:48Z,2026-05-01T19:55:44Z,486,True,dng_sdk,mayhemheroes/dng_sdk,git@github.com:mayhemheroes/dng_sdk.git,0
R_kgDOH4YRGg,2022-08-25T14:10:09Z,2026-05-06T23:02:40Z,2026-05-06T23:02:36Z,9752,True,skcms,mayhemheroes/skcms,git@github.com:mayhemheroes/skcms.git,0
R_kgDOH4YQfA,2022-08-25T14:09:43Z,2026-05-02T18:51:34Z,2026-05-02T18:51:30Z,361,True,re2,mayhemheroes/re2,git@github.com:mayhemheroes/re2.git,0
R_kgDOH4YP-g,2022-08-25T14:09:22Z,2026-05-06T22:53:34Z,2026-05-06T22:53:30Z,8,True,pffft,mayhemheroes/pffft,git@github.com:mayhemheroes/pffft.git,0
R_kgDOH4YDhQ,2022-08-25T14:01:00Z,2026-05-01T20:00:06Z,2026-05-01T20:00:02Z,2763,True,libfdk-aac,mayhemheroes/libfdk-aac,git@github.com:mayhemheroes/libfdk-aac.git,0
R_kgDOH4WqGw,2022-08-25T13:02:33Z,2026-04-23T20:06:03Z,2026-04-23T20:05:58Z,49,True,simdle-native,holepunchto/simdle-native,git@github.com:holepunchto/simdle-native.git,2
R_kgDOH4RWHw,2022-08-25T08:46:43Z,2026-05-06T08:21:03Z,2026-03-31T03:18:27Z,222862,True,tugraph-db,TuGraph-family/tugraph-db,git@github.com:TuGraph-family/tugraph-db.git,1730
R_kgDOH4M7eg,2022-08-25T04:31:50Z,2026-04-12T11:33:41Z,2026-04-12T11:33:33Z,17271,False,ganak-asp,mahi045/ganak-asp,git@github.com:mahi045/ganak-asp.git,0
R_kgDOH4DNdw,2022-08-24T17:52:39Z,2026-05-06T18:03:30Z,2026-05-06T18:03:25Z,22044,True,HILA,CFT-HY/HILA,git@github.com:CFT-HY/HILA.git,11
R_kgDOH35hUA,2022-08-24T10:37:45Z,2026-04-09T23:19:20Z,2026-04-09T23:19:16Z,32757,False,SatisfactoryArchipelagoMod,Jarno458/SatisfactoryArchipelagoMod,git@github.com:Jarno458/SatisfactoryArchipelagoMod.git,11
R_kgDOH35CtA,2022-08-24T10:14:01Z,2026-05-07T03:06:41Z,2026-04-21T12:46:08Z,31433,False,UndertaleNDS,C3RV1/UndertaleNDS,git@github.com:C3RV1/UndertaleNDS.git,239
R_kgDOH31X5g,2022-08-24T07:14:08Z,2026-04-21T01:02:30Z,2026-04-21T01:02:26Z,223283,False,Led_SnowBoards,Red-Singularity/Led_SnowBoards,git@github.com:Red-Singularity/Led_SnowBoards.git,1
R_kgDOH31FXQ,2022-08-24T06:58:39Z,2026-03-24T11:56:23Z,2026-03-24T11:56:18Z,132,True,ctracer,project-arcana/ctracer,git@github.com:project-arcana/ctracer.git,0
R_kgDOH3u7fQ,2022-08-24T00:03:01Z,2026-04-10T10:38:46Z,2026-04-10T10:38:41Z,507,True,substrait-cpp,substrait-io/substrait-cpp,git@github.com:substrait-io/substrait-cpp.git,17
R_kgDOH3sZlQ,2022-08-23T20:59:48Z,2026-03-23T18:14:47Z,2026-03-23T18:14:41Z,1865,False,competitive-programming,Andr0human/competitive-programming,git@github.com:Andr0human/competitive-programming.git,0
R_kgDOH3pdQA,2022-08-23T18:17:17Z,2026-05-06T21:31:33Z,2026-05-06T21:32:25Z,17835,True,mam4xx,eagles-project/mam4xx,git@github.com:eagles-project/mam4xx.git,9
R_kgDOH3nUBg,2022-08-23T16:37:44Z,2026-05-06T18:25:22Z,2026-05-06T18:25:18Z,3701,False,dsa-and-stuff,Vishvam10/dsa-and-stuff,git@github.com:Vishvam10/dsa-and-stuff.git,2
R_kgDOH3lZ9A,2022-08-23T15:13:06Z,2026-05-06T10:19:42Z,2026-05-06T10:19:40Z,177,True,RSL,PickNikRobotics/RSL,git@github.com:PickNikRobotics/RSL.git,85
R_kgDOH3kZ1Q,2022-08-23T14:33:52Z,2026-04-16T10:33:59Z,2026-04-16T10:33:53Z,8891,True,SPLed,avengineers/SPLed,git@github.com:avengineers/SPLed.git,7
R_kgDOH3gyEw,2022-08-23T12:01:27Z,2026-05-07T06:18:31Z,2026-03-29T10:54:53Z,1749,False,hwinfo,lfreist/hwinfo,git@github.com:lfreist/hwinfo.git,697
R_kgDOH3a9NQ,2022-08-23T07:14:02Z,2026-04-22T05:52:56Z,2026-04-22T05:53:33Z,2996,False,noya2_Library,noya2ruler/noya2_Library,git@github.com:noya2ruler/noya2_Library.git,1
R_kgDOH3Xh8w,2022-08-23T03:30:37Z,2026-05-06T01:51:44Z,2026-03-31T23:06:00Z,31482,True,CV-CUDA,CVCUDA/CV-CUDA,git@github.com:CVCUDA/CV-CUDA.git,2680
R_kgDOH3RdSQ,2022-08-22T20:19:02Z,2026-05-07T08:11:05Z,2026-05-07T08:10:47Z,28672,True,Cemu,cemu-project/Cemu,git@github.com:cemu-project/Cemu.git,9313
R_kgDOH3PnpQ,2022-08-22T18:39:08Z,2026-03-30T22:14:07Z,2026-03-08T04:33:51Z,307,True,ethos-u-driver-stack-imx,nxp-imx/ethos-u-driver-stack-imx,git@github.com:nxp-imx/ethos-u-driver-stack-imx.git,10
R_kgDOH3PlcA,2022-08-22T18:37:13Z,2026-04-03T18:06:03Z,2026-04-03T18:05:58Z,985,True,ppc,icecube/ppc,git@github.com:icecube/ppc.git,3
R_kgDOH3ME-A,2022-08-22T15:50:01Z,2026-04-07T10:09:31Z,2026-04-16T14:01:47Z,930,False,cassandra-dali-plugin,fversaci/cassandra-dali-plugin,git@github.com:fversaci/cassandra-dali-plugin.git,1
R_kgDOH3LJhA,2022-08-22T15:09:47Z,2026-03-03T15:56:40Z,2026-03-03T15:56:36Z,351,False,qt_qa_engine,CODeRUS/qt_qa_engine,git@github.com:CODeRUS/qt_qa_engine.git,1
R_kgDOH3LBDQ,2022-08-22T15:04:09Z,2026-04-06T22:17:48Z,2026-04-08T14:44:43Z,518,True,biped-stabilizer,Gepetto/biped-stabilizer,git@github.com:Gepetto/biped-stabilizer.git,11
R_kgDOH3K7kA,2022-08-22T15:00:34Z,2026-04-12T10:52:05Z,2026-04-15T08:55:10Z,9518,True,d4,meelgroup/d4,git@github.com:meelgroup/d4.git,0
R_kgDOH3KM-g,2022-08-22T14:30:09Z,2026-05-01T13:17:08Z,2026-05-01T13:17:03Z,1310,False,LArRecoND,PandoraPFA/LArRecoND,git@github.com:PandoraPFA/LArRecoND.git,0
R_kgDOH3HY1A,2022-08-22T12:28:42Z,2026-03-25T04:12:38Z,2026-03-25T04:12:35Z,935,True,BaselineFootstepPlanner,isri-aist/BaselineFootstepPlanner,git@github.com:isri-aist/BaselineFootstepPlanner.git,24
R_kgDOH3DtNw,2022-08-22T09:24:58Z,2026-05-06T08:54:08Z,2026-03-18T12:48:20Z,633929,True,Cosys-AirSim,Cosys-Lab/Cosys-AirSim,git@github.com:Cosys-Lab/Cosys-AirSim.git,353
R_kgDOH3DRYQ,2022-08-22T09:04:05Z,2026-04-21T13:29:23Z,2026-04-21T13:29:15Z,876,False,autowater,sanjayraojjn/autowater,git@github.com:sanjayraojjn/autowater.git,0
R_kgDOH3CLOw,2022-08-22T08:08:40Z,2026-05-05T19:55:21Z,2026-05-05T19:55:16Z,2686,False,homed-service-zigbee,u236/homed-service-zigbee,git@github.com:u236/homed-service-zigbee.git,66
R_kgDOH3BrSQ,2022-08-22T07:41:46Z,2026-04-25T15:49:16Z,2026-04-25T15:49:11Z,193,False,homed-service-common,u236/homed-service-common,git@github.com:u236/homed-service-common.git,10
R_kgDOH3AEBw,2022-08-22T06:13:08Z,2026-04-22T02:11:17Z,2026-03-30T12:13:06Z,212461,False,CG-projects,syby119/CG-projects,git@github.com:syby119/CG-projects.git,57
R_kgDOH2xi8g,2022-08-21T12:14:59Z,2026-05-07T10:46:30Z,2026-05-07T10:46:26Z,1092,False,ChampSim-Ramulator,yousei-github/ChampSim-Ramulator,git@github.com:yousei-github/ChampSim-Ramulator.git,20
R_kgDOH2uyqQ,2022-08-21T08:48:46Z,2026-04-13T11:19:33Z,2026-04-13T11:19:50Z,3271,False,rcpl,ruthen71/rcpl,git@github.com:ruthen71/rcpl.git,0
R_kgDOH2tb5w,2022-08-21T06:54:45Z,2026-04-12T00:09:15Z,2026-04-12T00:09:11Z,19041,False,BOJ_CPP,sianke1991/BOJ_CPP,git@github.com:sianke1991/BOJ_CPP.git,1
R_kgDOH2iUfg,2022-08-20T14:19:24Z,2026-04-01T13:03:24Z,2026-04-01T13:16:38Z,39,False,esphome-telnet-server,RoboMagus/esphome-telnet-server,git@github.com:RoboMagus/esphome-telnet-server.git,3
R_kgDOH2erKg,2022-08-20T09:57:51Z,2026-05-07T09:19:55Z,2026-05-07T09:19:40Z,78661,False,Common,scpark98/Common,git@github.com:scpark98/Common.git,0
R_kgDOH2QXtQ,2022-08-19T15:11:00Z,2026-04-15T15:02:19Z,2026-04-15T15:02:15Z,1620,False,vkoverhead,zmike/vkoverhead,git@github.com:zmike/vkoverhead.git,105
R_kgDOH2O_bw,2022-08-19T14:03:28Z,2026-05-06T11:37:12Z,2026-05-06T11:37:08Z,1300,True,android_hardware_sony,LineageOS/android_hardware_sony,git@github.com:LineageOS/android_hardware_sony.git,7
R_kgDOH2M0Qw,2022-08-19T12:17:10Z,2026-04-20T11:22:17Z,2026-04-30T15:57:54Z,340,True,lpp,ethz-asl/lpp,git@github.com:ethz-asl/lpp.git,40
R_kgDOH2MWbg,2022-08-19T11:51:41Z,2026-05-01T05:51:56Z,2026-05-01T05:51:52Z,2506,True,yezzey,open-gpdb/yezzey,git@github.com:open-gpdb/yezzey.git,40
R_kgDOH2LgwA,2022-08-19T11:06:28Z,2026-05-07T07:22:38Z,2026-05-07T07:24:15Z,885,True,simfil,Klebert-Engineering/simfil,git@github.com:Klebert-Engineering/simfil.git,9
R_kgDOH2FNBA,2022-08-19T05:07:47Z,2026-03-27T09:24:16Z,2026-05-04T04:31:49Z,7872,True,ios_tracker_sdk_release,solutionarchitectstech/ios_tracker_sdk_release,git@github.com:solutionarchitectstech/ios_tracker_sdk_release.git,0
R_kgDOH1-5BQ,2022-08-18T20:41:59Z,2026-03-11T22:45:42Z,2026-03-11T22:45:57Z,3106,False,wooting-analog-java-wrapper,botn365/wooting-analog-java-wrapper,git@github.com:botn365/wooting-analog-java-wrapper.git,0
R_kgDOH19l1A,2022-08-18T19:21:18Z,2026-04-29T05:02:41Z,2026-04-29T05:02:37Z,113,False,labs,armeanco/labs,git@github.com:armeanco/labs.git,0
R_kgDOH1zgXA,2022-08-18T11:22:13Z,2026-05-06T04:04:47Z,2026-05-06T23:47:53Z,2749,False,VDRSternELEC,Zabrimus/VDRSternELEC,git@github.com:Zabrimus/VDRSternELEC.git,5
R_kgDOH1OrfA,2022-08-16T23:47:13Z,2026-05-02T22:18:05Z,2026-05-02T22:18:01Z,222,True,MainECU,starfactorypixel/MainECU,git@github.com:starfactorypixel/MainECU.git,7
R_kgDOH1JkWQ,2022-08-16T18:12:27Z,2026-04-29T00:43:27Z,2026-03-31T01:02:18Z,38536,False,smhasher3,fwojcik/smhasher3,git@github.com:fwojcik/smhasher3.git,15
R_kgDOH1IEyg,2022-08-16T16:55:55Z,2026-05-06T01:26:29Z,2026-03-16T09:44:27Z,45,False,Shadow-Regions-Research,cMiraka/Shadow-Regions-Research,git@github.com:cMiraka/Shadow-Regions-Research.git,306
R_kgDOH0-SPg,2022-08-16T09:16:43Z,2026-03-05T14:45:37Z,2026-03-11T09:14:36Z,24092,True,UE-DeepSpace-Starter,ArsElectronicaFuturelab/UE-DeepSpace-Starter,git@github.com:ArsElectronicaFuturelab/UE-DeepSpace-Starter.git,7
R_kgDOH0-NBw,2022-08-16T09:12:32Z,2026-05-04T17:04:56Z,2026-05-04T17:04:51Z,3605,False,glmmrBase,samuel-watson/glmmrBase,git@github.com:samuel-watson/glmmrBase.git,5
R_kgDOH02-0w,2022-08-16T01:12:34Z,2026-04-30T12:02:38Z,2026-04-27T16:45:20Z,2209,False,sklhdaudbus,coolstar/sklhdaudbus,git@github.com:coolstar/sklhdaudbus.git,37
R_kgDOH01MRA,2022-08-15T22:41:51Z,2026-05-06T21:21:09Z,2026-04-02T23:58:29Z,113260,True,tippecanoe,felt/tippecanoe,git@github.com:felt/tippecanoe.git,1496
R_kgDOH00OOg,2022-08-15T21:25:56Z,2026-03-26T00:22:00Z,2026-05-06T20:54:09Z,262523,True,platform_packages_modules_Bluetooth,GrapheneOS/platform_packages_modules_Bluetooth,git@github.com:GrapheneOS/platform_packages_modules_Bluetooth.git,10
R_kgDOH0yWFg,2022-08-15T19:27:44Z,2026-04-01T17:04:58Z,2026-04-01T17:04:49Z,240,False,godot-embed-external-editor,RedMser/godot-embed-external-editor,git@github.com:RedMser/godot-embed-external-editor.git,78
R_kgDOH0vOtg,2022-08-15T16:37:08Z,2026-04-22T00:15:06Z,2026-05-01T02:47:51Z,7517,True,riscv-perf-model,riscv-software-src/riscv-perf-model,git@github.com:riscv-software-src/riscv-perf-model.git,216
R_kgDOH0vBZw,2022-08-15T16:26:06Z,2026-03-18T14:08:57Z,2026-03-18T14:08:52Z,355,True,zimg,deepin-community/zimg,git@github.com:deepin-community/zimg.git,0
R_kgDOH0u87Q,2022-08-15T16:22:12Z,2026-04-12T07:56:25Z,2026-04-19T08:49:57Z,46,False,octo-keygen-cpp,ofiriluz/octo-keygen-cpp,git@github.com:ofiriluz/octo-keygen-cpp.git,9
R_kgDOH0t6hg,2022-08-15T15:30:13Z,2026-03-18T13:43:06Z,2026-03-18T13:42:58Z,415,True,uchardet,deepin-community/uchardet,git@github.com:deepin-community/uchardet.git,0
R_kgDOH0t1vw,2022-08-15T15:26:47Z,2026-03-24T01:56:33Z,2026-03-24T01:56:28Z,233,True,tinyxml,deepin-community/tinyxml,git@github.com:deepin-community/tinyxml.git,0
R_kgDOH0ttTQ,2022-08-15T15:20:32Z,2026-05-07T01:45:52Z,2026-05-07T01:45:47Z,273,True,sunpinyin,deepin-community/sunpinyin,git@github.com:deepin-community/sunpinyin.git,0
R_kgDOH0tgsg,2022-08-15T15:11:18Z,2026-03-18T06:29:50Z,2026-03-18T06:29:44Z,1601,True,smartmontools,deepin-community/smartmontools,git@github.com:deepin-community/smartmontools.git,0
R_kgDOH0r_Uw,2022-08-15T14:00:14Z,2026-03-28T10:42:55Z,2026-03-28T10:42:52Z,80,False,DSA-and-CP,MrJemmy/DSA-and-CP,git@github.com:MrJemmy/DSA-and-CP.git,0
R_kgDOH0r4gg,2022-08-15T13:55:11Z,2026-04-21T07:29:12Z,2026-04-22T10:30:35Z,7527,True,safeheron-crypto-suites-cpp,Safeheron/safeheron-crypto-suites-cpp,git@github.com:Safeheron/safeheron-crypto-suites-cpp.git,37
R_kgDOH0rmLw,2022-08-15T13:41:37Z,2026-03-16T09:34:14Z,2026-03-16T09:34:06Z,2022,True,openal-soft,deepin-community/openal-soft,git@github.com:deepin-community/openal-soft.git,0
R_kgDOH0qaIA,2022-08-15T12:43:13Z,2026-04-16T12:34:49Z,2026-04-16T12:34:43Z,7520,True,nghttp2,deepin-community/nghttp2,git@github.com:deepin-community/nghttp2.git,0
R_kgDOH0na1A,2022-08-15T09:52:32Z,2026-03-16T09:29:37Z,2026-03-16T09:29:31Z,806,True,libglu,deepin-community/libglu,git@github.com:deepin-community/libglu.git,0
R_kgDOH0nHiw,2022-08-15T09:35:42Z,2026-05-05T11:47:51Z,2026-05-05T22:03:11Z,262419,False,SSV,GLS-SSV/SSV,git@github.com:GLS-SSV/SSV.git,28
R_kgDOH0m7rA,2022-08-15T09:25:24Z,2026-05-01T17:16:33Z,2026-05-01T17:18:24Z,291442,False,OpenBarnyard,InfiniteC0re/OpenBarnyard,git@github.com:InfiniteC0re/OpenBarnyard.git,74
R_kgDOH0m4jw,2022-08-15T09:22:37Z,2026-04-29T15:55:47Z,2026-04-17T00:26:26Z,1325,False,USB_ELRS_Receiver,pfeerick/USB_ELRS_Receiver,git@github.com:pfeerick/USB_ELRS_Receiver.git,75
R_kgDOH0moYw,2022-08-15T09:08:05Z,2026-04-22T02:33:10Z,2026-04-22T02:32:39Z,129182,True,inkscape,deepin-community/inkscape,git@github.com:deepin-community/inkscape.git,0
R_kgDOH0mlGQ,2022-08-15T09:05:13Z,2026-03-16T09:27:25Z,2026-03-16T09:27:17Z,1713,True,hunspell,deepin-community/hunspell,git@github.com:deepin-community/hunspell.git,0
R_kgDOH0mdEw,2022-08-15T08:58:10Z,2026-03-16T09:27:21Z,2026-05-06T17:04:39Z,38454,True,harfbuzz,deepin-community/harfbuzz,git@github.com:deepin-community/harfbuzz.git,0
R_kgDOH0ku5A,2022-08-15T07:13:50Z,2026-05-06T18:26:27Z,2026-05-06T18:26:22Z,556,True,llvm-dialects,GPUOpen-Drivers/llvm-dialects,git@github.com:GPUOpen-Drivers/llvm-dialects.git,23
R_kgDOH0koQw,2022-08-15T07:07:08Z,2026-03-18T07:19:17Z,2026-03-18T07:19:08Z,1077,True,ffmpegthumbnailer,deepin-community/ffmpegthumbnailer,git@github.com:deepin-community/ffmpegthumbnailer.git,1
R_kgDOH0j5Xg,2022-08-15T06:18:42Z,2026-04-22T03:04:43Z,2026-04-22T03:04:33Z,3263,True,aria2,deepin-community/aria2,git@github.com:deepin-community/aria2.git,0
R_kgDOH0gLuA,2022-08-15T00:53:43Z,2026-04-07T03:10:09Z,2026-04-07T03:10:06Z,2858,False,TFT_CompBuilder,NRM87/TFT_CompBuilder,git@github.com:NRM87/TFT_CompBuilder.git,0
R_kgDOH0cdHA,2022-08-14T18:51:25Z,2026-04-30T13:01:37Z,2026-03-15T21:07:59Z,367,True,rviz_2d_overlay_plugins,teamspatzenhirn/rviz_2d_overlay_plugins,git@github.com:teamspatzenhirn/rviz_2d_overlay_plugins.git,79
R_kgDOH0VGbw,2022-08-14T10:06:04Z,2026-05-03T07:40:28Z,2026-05-03T07:40:25Z,11706,False,dsa,svdey/dsa,git@github.com:svdey/dsa.git,1
R_kgDOH0S2FQ,2022-08-14T06:57:09Z,2026-04-11T07:18:45Z,2026-04-20T22:06:41Z,459,True,ecsact_runtime,ecsact-dev/ecsact_runtime,git@github.com:ecsact-dev/ecsact_runtime.git,4
R_kgDOHzyqIQ,2022-08-12T11:53:39Z,2026-03-11T15:36:43Z,2026-03-11T15:36:38Z,10783,True,match_hardware_utilities,match-ROS/match_hardware_utilities,git@github.com:match-ROS/match_hardware_utilities.git,0
R_kgDOHzxs4g,2022-08-12T10:58:01Z,2026-05-07T11:16:02Z,2026-05-07T11:15:58Z,297511,True,phoenix-firestorm,FirestormViewer/phoenix-firestorm,git@github.com:FirestormViewer/phoenix-firestorm.git,104
R_kgDOHztktA,2022-08-12T06:54:56Z,2026-04-28T15:00:58Z,2026-05-02T04:30:27Z,163051,False,bess,shivang51/bess,git@github.com:shivang51/bess.git,71
R_kgDOHzppqQ,2022-08-12T01:43:30Z,2026-03-22T07:29:14Z,2026-04-03T16:25:36Z,144616,True,teeworlds-infclassCR,TeeMidnight/teeworlds-infclassCR,git@github.com:TeeMidnight/teeworlds-infclassCR.git,3
R_kgDOHzoohg,2022-08-12T00:15:41Z,2026-05-04T14:07:18Z,2026-05-04T14:03:57Z,5144,False,wrench,jingoro2112/wrench,git@github.com:jingoro2112/wrench.git,150
R_kgDOHzl1nQ,2022-08-11T20:26:58Z,2026-04-10T14:58:46Z,2026-05-04T14:27:31Z,76569,True,aosp_platform_bootable_recovery,nxp-imx-android/aosp_platform_bootable_recovery,git@github.com:nxp-imx-android/aosp_platform_bootable_recovery.git,1
R_kgDOHzjBiw,2022-08-11T17:33:32Z,2026-04-15T22:05:58Z,2026-04-15T22:06:51Z,2614,True,sjef,molpro/sjef,git@github.com:molpro/sjef.git,3
R_kgDOHzgniQ,2022-08-11T15:25:04Z,2026-04-30T17:51:11Z,2026-04-30T17:51:04Z,1071,False,stochastic_competition_git,yifan0/stochastic_competition_git,git@github.com:yifan0/stochastic_competition_git.git,2
R_kgDOHzbZhQ,2022-08-11T10:57:59Z,2026-04-19T08:09:29Z,2026-04-19T08:09:24Z,183,False,octo-logger-cpp,ofiriluz/octo-logger-cpp,git@github.com:ofiriluz/octo-logger-cpp.git,8
R_kgDOHzPilQ,2022-08-10T20:54:25Z,2026-05-06T21:14:43Z,2026-05-06T15:05:07Z,5746,True,fuzztest,google/fuzztest,git@github.com:google/fuzztest.git,998
R_kgDOHzNuCg,2022-08-10T19:00:35Z,2026-04-27T13:41:04Z,2026-05-06T21:00:18Z,221180,True,app-accelerators,blues/app-accelerators,git@github.com:blues/app-accelerators.git,22
R_kgDOHzL2kA,2022-08-10T17:18:30Z,2026-04-28T09:53:09Z,2026-04-28T16:50:27Z,362076,False,MKVToolnix-Windows-7,jpsdr/MKVToolnix-Windows-7,git@github.com:jpsdr/MKVToolnix-Windows-7.git,35
R_kgDOHzImew,2022-08-10T14:39:45Z,2026-03-20T06:06:27Z,2026-03-19T14:03:14Z,485798,False,EasyGoPlugin,magicdmer/EasyGoPlugin,git@github.com:magicdmer/EasyGoPlugin.git,35
R_kgDOHzHqPw,2022-08-10T13:57:36Z,2026-04-16T07:45:55Z,2026-05-06T18:00:46Z,23657,True,STrace,mandiant/STrace,git@github.com:mandiant/STrace.git,373
R_kgDOHzEa-A,2022-08-10T11:13:18Z,2026-04-23T14:16:10Z,2026-04-23T14:15:59Z,1455,False,EPEver2MQTT,softwarecrash/EPEver2MQTT,git@github.com:softwarecrash/EPEver2MQTT.git,64
R_kgDOHy_cWA,2022-08-10T06:39:18Z,2026-05-05T14:51:36Z,2026-05-05T14:51:32Z,7661,True,bcm3,NKI-CCB/bcm3,git@github.com:NKI-CCB/bcm3.git,0
R_kgDOHy848w,2022-08-10T03:35:46Z,2026-05-03T09:07:22Z,2026-04-29T15:22:20Z,92,False,ESP32MQTTClient,cyijun/ESP32MQTTClient,git@github.com:cyijun/ESP32MQTTClient.git,51
R_kgDOHy7JpQ,2022-08-10T01:24:57Z,2026-05-02T06:49:08Z,2026-04-29T19:13:14Z,13144,True,android_device_motorola_sm8250-common,LineageOS/android_device_motorola_sm8250-common,git@github.com:LineageOS/android_device_motorola_sm8250-common.git,12
R_kgDOHy6aHw,2022-08-10T00:23:55Z,2026-04-07T19:08:06Z,2026-04-22T16:24:05Z,1937,True,algorithms,eic/algorithms,git@github.com:eic/algorithms.git,3
R_kgDOHy5QKQ,2022-08-09T22:41:27Z,2026-04-11T19:38:15Z,2026-04-11T19:38:12Z,569,False,maniascript-reference,BigBang1112/maniascript-reference,git@github.com:BigBang1112/maniascript-reference.git,7
R_kgDOHy3rOQ,2022-08-09T20:43:47Z,2026-04-01T15:27:35Z,2026-04-01T15:54:50Z,23348,False,beaver,ajacquey/beaver,git@github.com:ajacquey/beaver.git,4
R_kgDOHy2vDw,2022-08-09T19:45:15Z,2026-03-23T17:30:49Z,2026-03-23T17:30:43Z,443,True,android_device_motorola_berlin,LineageOS/android_device_motorola_berlin,git@github.com:LineageOS/android_device_motorola_berlin.git,7
R_kgDOHy2uxQ,2022-08-09T19:44:59Z,2026-05-02T12:34:54Z,2026-05-03T20:36:58Z,3080,True,android_device_motorola_sm7325-common,LineageOS/android_device_motorola_sm7325-common,git@github.com:LineageOS/android_device_motorola_sm7325-common.git,24
R_kgDOHyx1PA,2022-08-09T15:30:01Z,2026-05-07T11:28:06Z,2026-05-07T11:28:03Z,347877,True,xla,openxla/xla,git@github.com:openxla/xla.git,4249
R_kgDOHywHJw,2022-08-09T14:15:24Z,2026-04-28T01:31:34Z,2026-04-28T01:31:32Z,244,True,hsilibs,DUNE-DAQ/hsilibs,git@github.com:DUNE-DAQ/hsilibs.git,1
R_kgDOHys69g,2022-08-09T11:48:01Z,2026-05-05T09:50:40Z,2026-05-05T09:50:36Z,8676,True,smartmet-qdtools,fmidev/smartmet-qdtools,git@github.com:fmidev/smartmet-qdtools.git,2
R_kgDOHyqChQ,2022-08-09T09:14:08Z,2026-05-04T12:12:26Z,2026-05-04T12:12:22Z,81011,False,Antiquated-Engine,OldAntelopes/Antiquated-Engine,git@github.com:OldAntelopes/Antiquated-Engine.git,6
R_kgDOHypohA,2022-08-09T08:53:24Z,2026-04-30T12:39:24Z,2026-05-01T03:56:38Z,349730,True,LoAT,LoAT-developers/LoAT,git@github.com:LoAT-developers/LoAT.git,9
R_kgDOHylDww,2022-08-09T04:12:12Z,2026-04-28T20:12:41Z,2026-05-07T01:55:15Z,190227,False,cimgui-go,AllenDang/cimgui-go,git@github.com:AllenDang/cimgui-go.git,512
R_kgDOHyZ6Aw,2022-08-08T15:55:00Z,2026-03-25T14:45:01Z,2026-04-26T14:10:09Z,813,True,dd-native-iast-taint-tracking-js,DataDog/dd-native-iast-taint-tracking-js,git@github.com:DataDog/dd-native-iast-taint-tracking-js.git,6
R_kgDOHyXYYQ,2022-08-08T14:04:44Z,2026-05-06T11:08:54Z,2026-04-22T18:09:10Z,5043,False,master_me,trummerschlunk/master_me,git@github.com:trummerschlunk/master_me.git,713
R_kgDOHyVDqQ,2022-08-08T12:14:57Z,2026-03-12T15:19:00Z,2026-04-21T12:55:58Z,134,True,mrs_uav_px4_api,ctu-mrs/mrs_uav_px4_api,git@github.com:ctu-mrs/mrs_uav_px4_api.git,0
R_kgDOHyRVtQ,2022-08-08T08:58:28Z,2026-05-07T08:23:36Z,2026-05-07T08:23:31Z,124,True,android_device_oneplus_billie2,danascape-projects/android_device_oneplus_billie2,git@github.com:danascape-projects/android_device_oneplus_billie2.git,2
R_kgDOHyRNhw,2022-08-08T08:51:33Z,2026-03-27T12:39:01Z,2026-03-27T12:39:00Z,33732,False,heiFIP,stefanDeveloper/heiFIP,git@github.com:stefanDeveloper/heiFIP.git,29
R_kgDOHyHUlw,2022-08-07T19:55:04Z,2026-04-20T16:09:04Z,2026-04-20T16:08:54Z,6232,False,ros2_net_ft_driver,gbartyzel/ros2_net_ft_driver,git@github.com:gbartyzel/ros2_net_ft_driver.git,30
R_kgDOHyFfWQ,2022-08-07T17:34:56Z,2026-04-26T12:38:19Z,2026-04-26T12:38:14Z,5134,True,quick-system-info-gui,MX-Linux/quick-system-info-gui,git@github.com:MX-Linux/quick-system-info-gui.git,7
R_kgDOHx1VzA,2022-08-06T17:50:49Z,2026-05-06T22:47:58Z,2026-04-24T23:46:25Z,3942,False,RocketSim,ZealanL/RocketSim,git@github.com:ZealanL/RocketSim.git,116
R_kgDOHx1OHg,2022-08-06T17:42:16Z,2026-04-28T19:45:29Z,2026-05-05T09:08:04Z,13084,False,VenomModules,DaveBenham/VenomModules,git@github.com:DaveBenham/VenomModules.git,32
R_kgDOHxwrdg,2022-08-06T12:24:46Z,2026-04-30T07:55:19Z,2026-04-30T07:55:16Z,221,False,cpp-vcd-tracer,nakane1chome/cpp-vcd-tracer,git@github.com:nakane1chome/cpp-vcd-tracer.git,15
R_kgDOHxwI0Q,2022-08-06T11:42:45Z,2026-04-21T11:32:03Z,2026-04-06T16:09:17Z,513,False,rosx_introspection,facontidavide/rosx_introspection,git@github.com:facontidavide/rosx_introspection.git,96
R_kgDOHxm2IQ,2022-08-05T21:19:49Z,2026-05-06T12:08:33Z,2026-05-07T03:32:28Z,208304,True,viewer,secondlife/viewer,git@github.com:secondlife/viewer.git,287
R_kgDOHxmulQ,2022-08-05T21:09:53Z,2026-04-17T19:31:28Z,2026-04-17T19:31:24Z,2600,False,kyopro_library,dyktr06/kyopro_library,git@github.com:dyktr06/kyopro_library.git,1
R_kgDOHxdtIg,2022-08-05T12:25:39Z,2026-04-09T15:22:35Z,2026-04-09T15:48:46Z,42788,False,Wordclock,N1cls/Wordclock,git@github.com:N1cls/Wordclock.git,32
R_kgDOHxcdjQ,2022-08-05T11:14:31Z,2026-03-14T14:39:31Z,2026-03-14T14:39:26Z,41,True,mechanicd,Halium/mechanicd,git@github.com:Halium/mechanicd.git,0
R_kgDOHxbsQA,2022-08-05T10:27:50Z,2026-04-22T02:46:10Z,2026-04-28T06:21:34Z,12451,True,zx200_ros2,pwri-opera/zx200_ros2,git@github.com:pwri-opera/zx200_ros2.git,0
R_kgDOHxbZlg,2022-08-05T10:11:05Z,2026-05-07T10:12:38Z,2026-05-07T10:12:34Z,20175,False,rpgmtranslate-qt,rayanwatfee/rpgmtranslate-qt,git@github.com:rayanwatfee/rpgmtranslate-qt.git,0
R_kgDOHxbQjA,2022-08-05T10:03:12Z,2026-04-29T11:57:40Z,2026-04-27T14:14:44Z,55101,True,CLUEstering,cms-patatrack/CLUEstering,git@github.com:cms-patatrack/CLUEstering.git,31
R_kgDOHxZV-w,2022-08-05T08:12:43Z,2026-04-21T16:04:53Z,2026-04-21T16:04:48Z,77,False,NerdStudy,GrownDombo/NerdStudy,git@github.com:GrownDombo/NerdStudy.git,1
R_kgDOHxTtgQ,2022-08-05T01:28:17Z,2026-04-17T01:19:26Z,2026-04-30T18:39:41Z,3232,True,android_device_fairphone_FP4,LineageOS/android_device_fairphone_FP4,git@github.com:LineageOS/android_device_fairphone_FP4.git,32
R_kgDOHxMh6g,2022-08-04T16:57:50Z,2026-03-11T19:38:58Z,2026-04-20T11:26:24Z,934,True,irt,eic/irt,git@github.com:eic/irt.git,0
R_kgDOHxLb7w,2022-08-04T16:00:01Z,2026-05-06T18:52:54Z,2026-05-06T18:52:48Z,81868,True,LGAR-C,NOAA-OWP/LGAR-C,git@github.com:NOAA-OWP/LGAR-C.git,5
R_kgDOHxLQsw,2022-08-04T15:51:14Z,2026-05-01T14:39:42Z,2026-05-01T15:00:59Z,6555,True,butterfly,whad-team/butterfly,git@github.com:whad-team/butterfly.git,49
R_kgDOHxJtHQ,2022-08-04T14:35:45Z,2026-05-05T19:03:55Z,2026-05-01T00:31:54Z,17637,False,lsa-whisperer,EvanMcBroom/lsa-whisperer,git@github.com:EvanMcBroom/lsa-whisperer.git,436
R_kgDOHxHawQ,2022-08-04T12:47:22Z,2026-05-05T15:19:44Z,2026-05-05T15:19:40Z,1523,True,qthttpserver,qt/qthttpserver,git@github.com:qt/qthttpserver.git,26
R_kgDOHw-szw,2022-08-04T04:21:53Z,2026-03-10T10:13:45Z,2026-03-08T04:37:06Z,540216,True,tensorflow-imx,nxp-imx/tensorflow-imx,git@github.com:nxp-imx/tensorflow-imx.git,20
R_kgDOHw-stA,2022-08-04T04:21:48Z,2026-03-27T16:37:50Z,2026-03-11T11:34:09Z,645890,True,onnxruntime-imx,nxp-imx/onnxruntime-imx,git@github.com:nxp-imx/onnxruntime-imx.git,9
R_kgDOHw9oKA,2022-08-04T02:58:20Z,2026-03-24T00:51:58Z,2026-03-24T00:51:54Z,889,True,m1-monitor,Mach1Studios/m1-monitor,git@github.com:Mach1Studios/m1-monitor.git,0
R_kgDOHw8RKw,2022-08-04T01:15:21Z,2026-05-05T17:43:02Z,2026-05-05T17:42:59Z,103,False,Jutge,WandonLiu/Jutge,git@github.com:WandonLiu/Jutge.git,0
R_kgDOHw44Mw,2022-08-03T20:40:33Z,2026-05-04T11:13:10Z,2026-05-04T11:13:07Z,69300,True,networking-recipe,ipdk-io/networking-recipe,git@github.com:ipdk-io/networking-recipe.git,41
R_kgDOHwu1cA,2022-08-03T11:55:22Z,2026-05-01T02:52:57Z,2026-05-01T02:52:53Z,214672,False,fire,FireFather/fire,git@github.com:FireFather/fire.git,150
R_kgDOHwrnVA,2022-08-03T09:01:43Z,2026-03-10T15:51:14Z,2026-03-14T16:53:56Z,16342,True,adaptive_test,bamlab/adaptive_test,git@github.com:bamlab/adaptive_test.git,21
R_kgDOHwpj1A,2022-08-03T07:09:13Z,2026-03-23T19:46:15Z,2026-03-23T19:46:04Z,1062190,False,movesense-ble-ecg-firmware,JonasPrimbs/movesense-ble-ecg-firmware,git@github.com:JonasPrimbs/movesense-ble-ecg-firmware.git,13
R_kgDOHwmMFw,2022-08-03T03:02:41Z,2026-03-04T22:34:07Z,2026-03-04T22:34:01Z,2266,True,android_device_motorola_sm7325-common,moto-sm7325/android_device_motorola_sm7325-common,git@github.com:moto-sm7325/android_device_motorola_sm7325-common.git,1
R_kgDOHwZEtA,2022-08-02T13:13:49Z,2026-05-06T16:54:20Z,2026-05-06T16:54:17Z,292,True,maliput_sparse,maliput/maliput_sparse,git@github.com:maliput/maliput_sparse.git,0
R_kgDOHwYjaA,2022-08-02T12:48:55Z,2026-04-21T07:34:57Z,2026-04-21T07:34:52Z,3998,True,IntelligentUAVChampionshipBase,RoboMaster/IntelligentUAVChampionshipBase,git@github.com:RoboMaster/IntelligentUAVChampionshipBase.git,131
R_kgDOHwVZcg,2022-08-02T10:04:17Z,2026-04-01T16:48:23Z,2026-04-01T16:48:19Z,1614,True,dumux-adapter,precice/dumux-adapter,git@github.com:precice/dumux-adapter.git,7
R_kgDOHwTZDQ,2022-08-02T08:19:04Z,2026-03-17T00:31:35Z,2026-03-17T00:31:38Z,238,True,Arduino_AdvancedAnalog,arduino-libraries/Arduino_AdvancedAnalog,git@github.com:arduino-libraries/Arduino_AdvancedAnalog.git,18
R_kgDOHwQgNg,2022-08-02T05:29:42Z,2026-05-05T00:34:54Z,2026-04-17T01:51:54Z,47071,True,UnityPerformanceTuningBible,CyberAgentGameEntertainment/UnityPerformanceTuningBible,git@github.com:CyberAgentGameEntertainment/UnityPerformanceTuningBible.git,1667
R_kgDOHwL9nA,2022-08-01T23:26:33Z,2026-04-06T18:23:00Z,2026-04-06T18:22:53Z,1133,False,qfuncMM,cbtran/qfuncMM,git@github.com:cbtran/qfuncMM.git,0
R_kgDOHwKUaA,2022-08-01T21:09:06Z,2026-04-19T15:34:08Z,2026-03-24T21:03:32Z,63665,False,DahlDesignDDC,andreasdahl1987/DahlDesignDDC,git@github.com:andreasdahl1987/DahlDesignDDC.git,38
R_kgDOHwGVxA,2022-08-01T17:12:27Z,2026-05-04T15:19:06Z,2026-04-30T19:28:36Z,66764,False,LensorCompilerCollection,LensPlaysGames/LensorCompilerCollection,git@github.com:LensPlaysGames/LensorCompilerCollection.git,202
R_kgDOHwFjSA,2022-08-01T16:30:27Z,2026-05-03T07:30:47Z,2026-05-03T07:30:43Z,2586,True,STS1_COBC_SW,SpaceTeam/STS1_COBC_SW,git@github.com:SpaceTeam/STS1_COBC_SW.git,12
R_kgDOHwAwnQ,2022-08-01T12:43:06Z,2026-05-07T10:05:20Z,2026-04-14T03:33:34Z,2379,False,livox_ros_driver2,Livox-SDK/livox_ros_driver2,git@github.com:Livox-SDK/livox_ros_driver2.git,731
R_kgDOHv1_Cg,2022-08-01T01:40:37Z,2026-05-01T15:51:15Z,2026-05-01T15:51:11Z,172,True,hatchbed_common,hatchbed/hatchbed_common,git@github.com:hatchbed/hatchbed_common.git,4
R_kgDOHv0HMQ,2022-07-31T22:18:42Z,2026-04-08T16:25:18Z,2026-04-08T16:24:31Z,736,False,harbour-yubikey,monich/harbour-yubikey,git@github.com:monich/harbour-yubikey.git,6
R_kgDOHvx_BA,2022-07-31T19:04:46Z,2026-05-06T03:38:27Z,2026-05-06T03:38:24Z,96660,False,homeThing,landonr/homeThing,git@github.com:landonr/homeThing.git,539
R_kgDOHvxHTw,2022-07-31T17:58:49Z,2026-05-06T19:10:34Z,2026-05-06T19:10:30Z,1413,True,rbk,dublinbranch/rbk,git@github.com:dublinbranch/rbk.git,1
R_kgDOHvpHkw,2022-07-31T08:25:09Z,2026-04-30T07:48:08Z,2026-04-04T18:52:59Z,137167,False,om,leanid/om,git@github.com:leanid/om.git,14
R_kgDOHvlWQA,2022-07-31T01:47:10Z,2026-04-13T01:00:14Z,2026-04-13T01:00:09Z,1529,False,wxUI,rmpowell77/wxUI,git@github.com:rmpowell77/wxUI.git,67
R_kgDOHvkNcw,2022-07-30T23:12:55Z,2026-05-07T11:26:59Z,2026-05-03T21:00:37Z,51394,True,MKF,OpenMagnetics/MKF,git@github.com:OpenMagnetics/MKF.git,30
R_kgDOHvfh1g,2022-07-30T16:06:56Z,2026-04-29T08:20:06Z,2026-04-29T08:22:54Z,1037223,True,augmented-carpentry,ibois-epfl/augmented-carpentry,git@github.com:ibois-epfl/augmented-carpentry.git,15
R_kgDOHvX02Q,2022-07-30T06:14:10Z,2026-05-06T06:10:24Z,2026-03-25T02:50:36Z,10948,True,BaselineWalkingController,isri-aist/BaselineWalkingController,git@github.com:isri-aist/BaselineWalkingController.git,163
R_kgDOHvXiVQ,2022-07-30T05:48:10Z,2026-04-11T18:13:54Z,2026-04-11T18:13:49Z,10390,False,rakarrack,Kwizatz/rakarrack,git@github.com:Kwizatz/rakarrack.git,3
R_kgDOHvV_AA,2022-07-30T03:10:11Z,2026-05-06T20:03:09Z,2026-04-09T08:35:37Z,9744,False,VPKEdit,craftablescience/VPKEdit,git@github.com:craftablescience/VPKEdit.git,667
R_kgDOHvQXiw,2022-07-29T18:27:25Z,2026-03-24T00:51:57Z,2026-03-24T00:51:54Z,2252,True,m1-panner,Mach1Studios/m1-panner,git@github.com:Mach1Studios/m1-panner.git,0
R_kgDOHvL4xg,2022-07-29T14:14:28Z,2026-05-03T17:40:23Z,2026-05-03T09:26:39Z,182572,False,tram-sdk,racenis/tram-sdk,git@github.com:racenis/tram-sdk.git,396
R_kgDOHu9F5w,2022-07-28T21:21:29Z,2026-03-02T19:13:24Z,2026-04-14T12:25:22Z,47,True,nymea-zwave-plugin-openzwave,nymea/nymea-zwave-plugin-openzwave,git@github.com:nymea/nymea-zwave-plugin-openzwave.git,0
R_kgDOHu5-Qw,2022-07-28T18:00:13Z,2026-03-02T19:12:47Z,2026-04-14T12:24:21Z,144,True,nymea-plugins-zwave,nymea/nymea-plugins-zwave,git@github.com:nymea/nymea-plugins-zwave.git,0
R_kgDOHu3pDQ,2022-07-28T15:53:51Z,2026-04-26T19:10:53Z,2026-04-26T19:15:14Z,166,True,event_camera_tools,ros-event-camera/event_camera_tools,git@github.com:ros-event-camera/event_camera_tools.git,9
R_kgDOHuyA4g,2022-07-28T11:19:31Z,2026-04-15T20:30:18Z,2026-04-15T20:33:33Z,404,False,mirmi_utils,SchneiderROS/mirmi_utils,git@github.com:SchneiderROS/mirmi_utils.git,0
R_kgDOHunNaQ,2022-07-27T23:27:47Z,2026-05-04T17:37:15Z,2026-05-04T17:37:25Z,201722,True,car-code,gobabygocarswithjoysticks/car-code,git@github.com:gobabygocarswithjoysticks/car-code.git,5
R_kgDOHujblw,2022-07-27T18:50:13Z,2026-05-04T22:17:01Z,2026-03-24T00:51:56Z,1816,True,m1-orientationmanager,Mach1Studios/m1-orientationmanager,git@github.com:Mach1Studios/m1-orientationmanager.git,5
R_kgDOHujYnQ,2022-07-27T18:47:38Z,2026-04-27T11:33:20Z,2026-04-27T11:33:16Z,2914,True,BME280-temp-hum-press-Sensor,LaskaKit/BME280-temp-hum-press-Sensor,git@github.com:LaskaKit/BME280-temp-hum-press-Sensor.git,5
R_kgDOHug8VQ,2022-07-27T16:36:12Z,2026-03-16T02:44:26Z,2026-03-16T02:44:23Z,201,False,Combust,Milhagem/Combust,git@github.com:Milhagem/Combust.git,3
R_kgDOHufgUA,2022-07-27T15:25:30Z,2026-05-07T03:18:49Z,2026-05-07T03:18:45Z,1921,False,aurora,encounter/aurora,git@github.com:encounter/aurora.git,151
R_kgDOHue3ng,2022-07-27T14:57:11Z,2026-05-07T07:54:54Z,2026-05-05T03:55:20Z,16798,True,Pikafish,official-pikafish/Pikafish,git@github.com:official-pikafish/Pikafish.git,1748
R_kgDOHuefSQ,2022-07-27T14:40:23Z,2026-05-07T07:52:42Z,2026-05-07T09:27:47Z,26230,True,InfiniTensor,InfiniTensor/InfiniTensor,git@github.com:InfiniTensor/InfiniTensor.git,309
R_kgDOHudJ8Q,2022-07-27T13:40:56Z,2026-05-06T12:16:51Z,2026-05-06T12:16:46Z,110080,True,UAV-Understructure-Sensor-Deployment-and-Recovery-System,ARTS-Laboratory/UAV-Understructure-Sensor-Deployment-and-Recovery-System,git@github.com:ARTS-Laboratory/UAV-Understructure-Sensor-Deployment-and-Recovery-System.git,1
R_kgDOHubhhw,2022-07-27T12:22:48Z,2026-05-06T06:51:46Z,2026-05-06T06:51:38Z,16163,False,vendor-qcom-opensource-arpal-lx,sonyxperiadev/vendor-qcom-opensource-arpal-lx,git@github.com:sonyxperiadev/vendor-qcom-opensource-arpal-lx.git,1
R_kgDOHuaX6Q,2022-07-27T11:24:00Z,2026-04-30T09:12:40Z,2026-04-30T09:12:27Z,33374,True,FYSETC-SPIDER-KING,FYSETC/FYSETC-SPIDER-KING,git@github.com:FYSETC/FYSETC-SPIDER-KING.git,9
R_kgDOHuYOig,2022-07-27T09:30:41Z,2026-05-06T22:25:03Z,2026-05-06T22:25:00Z,16382,True,dnf5,rpm-software-management/dnf5,git@github.com:rpm-software-management/dnf5.git,431
R_kgDOHuHzSA,2022-07-26T15:49:26Z,2026-04-13T20:06:55Z,2026-03-18T15:28:23Z,6332,True,rdeval,vgl-hub/rdeval,git@github.com:vgl-hub/rdeval.git,25
R_kgDOHuGCLA,2022-07-26T14:29:39Z,2026-04-09T07:27:18Z,2026-03-09T15:06:11Z,11046,False,Movi,mohsenzakeri/Movi,git@github.com:mohsenzakeri/Movi.git,41
R_kgDOHuAAtA,2022-07-26T09:30:22Z,2026-03-25T10:07:35Z,2026-05-05T08:30:13Z,133,True,pyArcus,Ultimaker/pyArcus,git@github.com:Ultimaker/pyArcus.git,0
R_kgDOHt_2Ug,2022-07-26T09:22:04Z,2026-05-01T11:27:12Z,2026-05-01T11:27:08Z,202,False,RenderQueue,WilliamKitson/RenderQueue,git@github.com:WilliamKitson/RenderQueue.git,0
R_kgDOHt_gxA,2022-07-26T09:05:36Z,2026-03-11T17:39:12Z,2026-03-11T17:39:06Z,6529,False,Projects,mqasimfarooqi/Projects,git@github.com:mqasimfarooqi/Projects.git,0
R_kgDOHt-nrA,2022-07-26T08:20:37Z,2026-04-17T07:49:56Z,2026-04-13T13:33:21Z,169421,True,MolSpin,MolSpin-Group/MolSpin,git@github.com:MolSpin-Group/MolSpin.git,14
R_kgDOHt6JXA,2022-07-26T03:33:49Z,2026-05-04T20:39:22Z,2026-05-04T20:39:18Z,6319,True,dynolog,facebookincubator/dynolog,org-19538647@github.com:facebookincubator/dynolog.git,371
R_kgDOHtyXsA,2022-07-25T18:12:01Z,2026-03-13T18:44:29Z,2026-03-13T18:44:23Z,17835,True,hb_hammerbench,bespoke-silicon-group/hb_hammerbench,git@github.com:bespoke-silicon-group/hb_hammerbench.git,0
R_kgDOHtw7dQ,2022-07-25T16:57:06Z,2026-05-07T01:27:41Z,2026-05-07T10:45:03Z,17529,True,libpldm,openbmc/libpldm,git@github.com:openbmc/libpldm.git,14
R_kgDOHtmQcg,2022-07-25T08:10:27Z,2026-05-01T11:20:06Z,2026-05-01T11:20:02Z,8825,False,Ability,WilliamKitson/Ability,git@github.com:WilliamKitson/Ability.git,0
R_kgDOHtjvRw,2022-07-25T05:45:59Z,2026-05-05T14:03:01Z,2026-05-05T14:02:45Z,1566,True,ppidd,molpro/ppidd,git@github.com:molpro/ppidd.git,0
R_kgDOHtjEmQ,2022-07-25T04:56:11Z,2026-04-30T07:48:26Z,2026-04-09T05:54:47Z,18300,True,iterative-solver,molpro/iterative-solver,git@github.com:molpro/iterative-solver.git,1
R_kgDOHtiDHQ,2022-07-25T03:35:46Z,2026-04-07T16:24:29Z,2026-04-07T16:24:24Z,282,True,slog,woven-by-toyota/slog,git@github.com:woven-by-toyota/slog.git,2
R_kgDOHtYcIQ,2022-07-24T14:36:31Z,2026-04-20T16:45:26Z,2026-04-20T16:45:10Z,60,True,qt-webengine-feedstock,AnacondaRecipes/qt-webengine-feedstock,git@github.com:AnacondaRecipes/qt-webengine-feedstock.git,0
R_kgDOHs2lEQ,2022-07-22T15:07:33Z,2026-04-13T01:41:40Z,2026-03-04T16:11:24Z,367,True,wazuh-http-request,wazuh/wazuh-http-request,git@github.com:wazuh/wazuh-http-request.git,10
R_kgDOHs1IRQ,2022-07-22T13:56:14Z,2026-03-23T12:16:22Z,2026-03-24T20:03:50Z,279,True,molpro-plugin,molpro/molpro-plugin,git@github.com:molpro/molpro-plugin.git,0
R_kgDOHs1EVQ,2022-07-22T13:53:16Z,2026-04-10T16:23:41Z,2026-04-10T16:23:33Z,178,True,SysInfo,anboto/SysInfo,git@github.com:anboto/SysInfo.git,1
R_kgDOHszbIA,2022-07-22T12:27:37Z,2026-04-27T14:03:47Z,2026-04-27T14:03:23Z,7122,True,opendigitizer,fair-acc/opendigitizer,git@github.com:fair-acc/opendigitizer.git,13
R_kgDOHsyE-g,2022-07-22T11:09:49Z,2026-05-02T06:24:11Z,2026-03-11T21:07:14Z,286359,False,Uiana-MapImporter,djhaled/Uiana-MapImporter,git@github.com:djhaled/Uiana-MapImporter.git,221
R_kgDOHsxadg,2022-07-22T10:31:52Z,2026-05-06T02:22:42Z,2026-04-15T03:02:57Z,338,False,Livox-SDK2,Livox-SDK/Livox-SDK2,git@github.com:Livox-SDK/Livox-SDK2.git,440
R_kgDOHsvj3g,2022-07-22T08:52:39Z,2026-03-13T13:17:36Z,2026-03-13T13:17:31Z,446,True,rinto,rintolang/rinto,git@github.com:rintolang/rinto.git,3
R_kgDOHstdAQ,2022-07-22T06:55:39Z,2026-04-21T07:16:41Z,2026-04-21T07:16:36Z,14694,True,Scatter,anboto/Scatter,git@github.com:anboto/Scatter.git,1
R_kgDOHskVoQ,2022-07-21T19:16:35Z,2026-03-28T17:53:15Z,2026-04-30T17:29:56Z,96996,True,certifier-framework-for-confidential-computing,ccc-certifier-framework/certifier-framework-for-confidential-computing,git@github.com:ccc-certifier-framework/certifier-framework-for-confidential-computing.git,75
R_kgDOHsc2wg,2022-07-21T12:58:01Z,2026-04-28T14:52:50Z,2026-04-28T14:43:54Z,19,False,AM_PicoWiFi,ArduinoManager/AM_PicoWiFi,git@github.com:ArduinoManager/AM_PicoWiFi.git,1
R_kgDOHsZLGA,2022-07-21T09:44:46Z,2026-04-02T21:10:35Z,2026-04-02T21:10:31Z,212,True,ctbmodules,DUNE-DAQ/ctbmodules,git@github.com:DUNE-DAQ/ctbmodules.git,1
R_kgDOHsWXvg,2022-07-21T07:16:39Z,2026-04-23T13:33:46Z,2026-04-23T13:33:42Z,1273,True,Functions4U,anboto/Functions4U,git@github.com:anboto/Functions4U.git,3
R_kgDOHsVv8Q,2022-07-21T06:42:29Z,2026-05-01T15:54:57Z,2026-05-01T15:54:53Z,99603,False,Teeworlds-MRPG-0.6,kurosio/Teeworlds-MRPG-0.6,git@github.com:kurosio/Teeworlds-MRPG-0.6.git,13
R_kgDOHsNfZg,2022-07-20T20:08:31Z,2026-05-05T22:28:57Z,2026-05-05T22:28:53Z,5819,True,zenux-services,ZeraGmbH/zenux-services,git@github.com:ZeraGmbH/zenux-services.git,1
R_kgDOHsLTXQ,2022-07-20T17:58:42Z,2026-04-24T07:25:13Z,2026-04-24T07:25:09Z,52,True,visit_struct-feedstock,conda-forge/visit_struct-feedstock,git@github.com:conda-forge/visit_struct-feedstock.git,0
R_kgDOHr40vQ,2022-07-20T00:28:49Z,2026-04-24T22:14:05Z,2026-04-24T22:14:00Z,15893,True,CppSDK,DeGirum/CppSDK,git@github.com:DeGirum/CppSDK.git,4
R_kgDOHr3tPQ,2022-07-19T22:51:28Z,2026-03-06T21:57:38Z,2026-03-06T21:57:34Z,134568,True,SRAD-Flight-Computer,MSTRocketDesignTeam/SRAD-Flight-Computer,git@github.com:MSTRocketDesignTeam/SRAD-Flight-Computer.git,4
R_kgDOHr2GDQ,2022-07-19T20:48:12Z,2026-04-07T09:41:25Z,2026-04-07T09:41:19Z,94,True,ros2_hardware_interface_odri,stack-of-tasks/ros2_hardware_interface_odri,git@github.com:stack-of-tasks/ros2_hardware_interface_odri.git,7
R_kgDOHrzPZQ,2022-07-19T17:58:35Z,2026-03-18T20:19:25Z,2026-05-05T20:02:20Z,3296,True,puara-gestures,Puara/puara-gestures,git@github.com:Puara/puara-gestures.git,1
R_kgDOHrozfA,2022-07-19T09:29:56Z,2026-05-02T15:07:55Z,2026-05-07T08:20:39Z,302116,True,webf,openwebf/webf,git@github.com:openwebf/webf.git,2455
R_kgDOHrfI-w,2022-07-18T22:34:07Z,2026-05-06T12:51:22Z,2026-04-04T12:50:43Z,536494,False,godot_debug_draw_3d,DmitriySalnikov/godot_debug_draw_3d,git@github.com:DmitriySalnikov/godot_debug_draw_3d.git,997
R_kgDOHreYrw,2022-07-18T21:37:36Z,2026-05-06T18:50:50Z,2026-05-06T18:50:45Z,3822,False,DryWellScriptGenerator,ArashMassoudieh/DryWellScriptGenerator,git@github.com:ArashMassoudieh/DryWellScriptGenerator.git,0
R_kgDOHrb9gg,2022-07-18T19:05:56Z,2026-05-07T00:50:42Z,2026-04-14T19:09:13Z,16198,False,qlementine,oclero/qlementine,git@github.com:oclero/qlementine.git,319
R_kgDOHrbPDw,2022-07-18T18:25:29Z,2026-05-06T17:09:25Z,2026-05-06T17:14:26Z,40027,True,qt-multiplier,trailofbits/qt-multiplier,git@github.com:trailofbits/qt-multiplier.git,4
R_kgDOHrbFYg,2022-07-18T18:17:01Z,2026-05-06T12:02:14Z,2026-04-22T13:23:25Z,11076,True,linux-npu-driver,intel/linux-npu-driver,git@github.com:intel/linux-npu-driver.git,416
R_kgDOHrVm_A,2022-07-18T13:52:38Z,2026-05-07T11:11:08Z,2026-05-06T15:02:36Z,80665,True,infinity,infiniflow/infinity,git@github.com:infiniflow/infinity.git,4503
R_kgDOHrTXkg,2022-07-18T12:08:34Z,2026-04-30T11:02:53Z,2026-04-05T13:39:26Z,77576,False,godot_rviz2,yukkysaito/godot_rviz2,git@github.com:yukkysaito/godot_rviz2.git,78
R_kgDOHrTJ6g,2022-07-18T11:57:36Z,2026-03-13T08:25:22Z,2026-05-02T08:45:33Z,255422,False,cerisse,salvadornm/cerisse,git@github.com:salvadornm/cerisse.git,22
R_kgDOHrOZPA,2022-07-18T07:55:32Z,2026-04-07T13:58:10Z,2026-04-07T13:57:47Z,10824,False,rfdaemon,mirmik/rfdaemon,git@github.com:mirmik/rfdaemon.git,0
R_kgDOHrGdqg,2022-07-17T21:12:26Z,2026-05-06T20:28:58Z,2026-05-06T20:28:53Z,13720,True,exectos,xt-sys/exectos,git@github.com:xt-sys/exectos.git,132
R_kgDOHrFdvw,2022-07-17T19:46:37Z,2026-04-20T16:50:48Z,2026-04-20T16:50:41Z,6709,True,thirdparty-assimp,ezEngine/thirdparty-assimp,git@github.com:ezEngine/thirdparty-assimp.git,1
R_kgDOHrFAZQ,2022-07-17T19:09:18Z,2026-04-07T19:17:22Z,2026-04-06T03:09:03Z,37775,True,neoFORM,mitmedialab/neoFORM,git@github.com:mitmedialab/neoFORM.git,6
R_kgDOHrDzRA,2022-07-17T17:38:37Z,2026-05-04T02:46:05Z,2026-05-02T19:35:09Z,1356,True,Nui,NuiCpp/Nui,git@github.com:NuiCpp/Nui.git,215
R_kgDOHrBj-Q,2022-07-17T15:07:45Z,2026-04-29T09:47:36Z,2026-04-29T11:29:10Z,916,False,tiny_ui,kimkulling/tiny_ui,git@github.com:kimkulling/tiny_ui.git,22
R_kgDOHq8pOg,2022-07-17T09:09:12Z,2026-03-09T03:16:39Z,2026-03-09T03:16:35Z,96,False,mdk-braw,wang-bin/mdk-braw,git@github.com:wang-bin/mdk-braw.git,1
R_kgDOHqvBSw,2022-07-16T12:29:44Z,2026-04-07T18:05:57Z,2026-04-07T18:05:32Z,585,False,fixed_point128,ericgur/fixed_point128,git@github.com:ericgur/fixed_point128.git,2
R_kgDOHqt2AQ,2022-07-16T11:01:21Z,2026-05-07T11:12:06Z,2026-05-07T11:08:35Z,1074437,True,OrcaSlicer,OrcaSlicer/OrcaSlicer,git@github.com:OrcaSlicer/OrcaSlicer.git,13709
R_kgDOHqo9cA,2022-07-16T04:08:59Z,2026-04-22T00:04:51Z,2026-04-22T00:04:47Z,9720,False,BoredGameEngine,duc0905/BoredGameEngine,git@github.com:duc0905/BoredGameEngine.git,8
R_kgDOHqjRDA,2022-07-15T19:15:45Z,2026-05-01T03:10:47Z,2026-05-01T03:10:43Z,2156,True,SunshineHeaderInterface,DotKuribo/SunshineHeaderInterface,git@github.com:DotKuribo/SunshineHeaderInterface.git,1
R_kgDOHqjM7g,2022-07-15T19:11:24Z,2026-05-02T07:46:27Z,2026-04-19T07:26:37Z,221620,True,BetterSunshineEngine,DotKuribo/BetterSunshineEngine,git@github.com:DotKuribo/BetterSunshineEngine.git,59
R_kgDOHqe3wg,2022-07-15T14:55:53Z,2026-03-09T13:56:49Z,2026-03-09T13:56:45Z,295354,False,ECCV2022-MPF-net,HenryLee0314/ECCV2022-MPF-net,git@github.com:HenryLee0314/ECCV2022-MPF-net.git,9
R_kgDOHqb1gg,2022-07-15T12:16:42Z,2026-05-04T09:28:07Z,2026-05-07T09:22:10Z,1807,True,kdesdk-kio,KDE/kdesdk-kio,git@github.com:KDE/kdesdk-kio.git,4
R_kgDOHqbvMw,2022-07-15T12:11:02Z,2026-05-06T20:06:42Z,2026-05-06T20:06:37Z,18589,False,jazz2-native,deathkiller/jazz2-native,git@github.com:deathkiller/jazz2-native.git,676
R_kgDOHqbo1A,2022-07-15T12:05:18Z,2026-04-14T13:08:28Z,2026-04-16T13:20:03Z,1584,True,GPRat,SC-SGS/GPRat,git@github.com:SC-SGS/GPRat.git,8
R_kgDOHqbawQ,2022-07-15T11:52:30Z,2026-05-07T11:29:39Z,2026-05-07T09:39:56Z,12361,False,glaze,stephenberry/glaze,git@github.com:stephenberry/glaze.git,2749
R_kgDOHqWkVw,2022-07-15T07:13:34Z,2026-04-20T09:42:00Z,2026-04-20T09:41:54Z,1234603,True,TheoryCorrections,WMass/TheoryCorrections,git@github.com:WMass/TheoryCorrections.git,1
R_kgDOHqWXXQ,2022-07-15T07:01:38Z,2026-03-31T18:24:45Z,2026-03-31T18:24:19Z,218,True,libfirmware,rusefi/libfirmware,git@github.com:rusefi/libfirmware.git,4
R_kgDOHqWPQw,2022-07-15T06:54:24Z,2026-05-03T11:03:06Z,2026-05-03T11:03:02Z,16224,False,EvoIsland,ract93/EvoIsland,git@github.com:ract93/EvoIsland.git,1
R_kgDOHqRWMw,2022-07-15T00:35:31Z,2026-04-29T21:55:10Z,2026-04-29T21:54:26Z,488598,False,milliQanSim,rtschmitz/milliQanSim,git@github.com:rtschmitz/milliQanSim.git,0
R_kgDOHqMb9w,2022-07-14T18:21:17Z,2026-05-06T06:50:23Z,2026-05-06T06:50:19Z,62784,True,confidential-computing-cvm-guest-attestation,Azure/confidential-computing-cvm-guest-attestation,git@github.com:Azure/confidential-computing-cvm-guest-attestation.git,83
R_kgDOHqEKHw,2022-07-14T11:15:36Z,2026-04-20T10:51:23Z,2026-04-20T10:51:12Z,191831,True,PROLEAD,ChairImpSec/PROLEAD,git@github.com:ChairImpSec/PROLEAD.git,43
R_kgDOHp3OTg,2022-07-13T20:13:45Z,2026-04-15T20:18:53Z,2026-04-15T20:18:49Z,30,True,Math,Scaly-Sphere-Studio/Math,git@github.com:Scaly-Sphere-Studio/Math.git,0
R_kgDOHpphWQ,2022-07-13T08:07:14Z,2026-05-07T07:15:14Z,2026-05-04T06:01:39Z,234832,True,disable-flutter-tls-verification,NVISOsecurity/disable-flutter-tls-verification,git@github.com:NVISOsecurity/disable-flutter-tls-verification.git,615
R_kgDOHpnoxg,2022-07-13T06:16:14Z,2026-04-26T11:36:20Z,2026-05-06T01:31:31Z,688,True,briefcase-windows-VisualStudio-template,beeware/briefcase-windows-VisualStudio-template,git@github.com:beeware/briefcase-windows-VisualStudio-template.git,4
R_kgDOHpmoKQ,2022-07-13T05:02:39Z,2026-05-04T14:18:09Z,2026-05-07T11:17:07Z,107444,True,siv8,Siv3D/siv8,git@github.com:Siv3D/siv8.git,22
R_kgDOHpj22w,2022-07-13T01:24:16Z,2026-05-06T09:12:39Z,2026-05-06T09:12:35Z,2459,True,GNSSPeriph-release,CubePilot/GNSSPeriph-release,git@github.com:CubePilot/GNSSPeriph-release.git,6
R_kgDOHpgE-Q,2022-07-12T20:11:17Z,2026-03-10T21:54:42Z,2026-03-10T21:54:38Z,126,True,mediasoup-connector,streamlabs/mediasoup-connector,git@github.com:streamlabs/mediasoup-connector.git,10
R_kgDOHpO6sQ,2022-07-12T04:28:21Z,2026-03-16T09:59:09Z,2026-03-16T09:59:05Z,113,True,OPOS-Scanner-and-Scale-Sample-App,ZebraDevs/OPOS-Scanner-and-Scale-Sample-App,git@github.com:ZebraDevs/OPOS-Scanner-and-Scale-Sample-App.git,3
R_kgDOHpGE6g,2022-07-11T17:39:04Z,2026-04-27T16:45:55Z,2026-04-27T16:45:51Z,7500,False,TORTOISEV4,QMICodeBase/TORTOISEV4,git@github.com:QMICodeBase/TORTOISEV4.git,34
R_kgDOHpFEZw,2022-07-11T16:46:02Z,2026-04-30T08:54:56Z,2026-03-16T12:51:32Z,212275,True,RGLGazeboPlugin,RobotecAI/RGLGazeboPlugin,git@github.com:RobotecAI/RGLGazeboPlugin.git,119
R_kgDOHpEi1w,2022-07-11T16:17:43Z,2026-05-06T15:50:47Z,2026-05-06T15:50:45Z,10124,True,dd-trace-cpp,DataDog/dd-trace-cpp,git@github.com:DataDog/dd-trace-cpp.git,19
R_kgDOHpAStw,2022-07-11T13:02:07Z,2026-04-10T07:37:28Z,2026-05-03T00:47:18Z,366084,False,conquer_chess,richelbilderbeek/conquer_chess,git@github.com:richelbilderbeek/conquer_chess.git,3
R_kgDOHo3Svg,2022-07-11T04:05:06Z,2026-04-23T11:41:05Z,2026-04-23T11:41:00Z,194,True,ITKFPFH,InsightSoftwareConsortium/ITKFPFH,git@github.com:InsightSoftwareConsortium/ITKFPFH.git,5
R_kgDOHoidYA,2022-07-09T19:31:00Z,2026-05-03T12:55:16Z,2026-05-03T12:55:11Z,37635,False,SparkleCPP,spartaomg/SparkleCPP,git@github.com:spartaomg/SparkleCPP.git,21
R_kgDOHoiS9A,2022-07-09T19:16:21Z,2026-03-14T12:26:55Z,2026-03-14T12:27:47Z,457,False,ESP32Console,jbtronics/ESP32Console,git@github.com:jbtronics/ESP32Console.git,181
R_kgDOHogMrA,2022-07-09T16:25:26Z,2026-04-25T14:07:12Z,2026-04-25T14:14:35Z,42012,True,Game,novusengine/Game,git@github.com:novusengine/Game.git,20
R_kgDOHofx_A,2022-07-09T15:54:07Z,2026-03-25T10:49:45Z,2026-03-25T10:52:55Z,6248,False,LeakSanitizer,mhahnFr/LeakSanitizer,git@github.com:mhahnFr/LeakSanitizer.git,46
R_kgDOHodccA,2022-07-09T13:03:40Z,2026-05-06T16:36:23Z,2026-05-06T16:36:20Z,32657,True,EICrecon,eic/EICrecon,git@github.com:eic/EICrecon.git,12
R_kgDOHobj_Q,2022-07-09T10:26:40Z,2026-05-01T20:54:03Z,2026-05-01T20:53:58Z,52,False,Bit-Torrent-Peer-to-Peer-Group-Based-File-Sharing-System,marmiksp/Bit-Torrent-Peer-to-Peer-Group-Based-File-Sharing-System,git@github.com:marmiksp/Bit-Torrent-Peer-to-Peer-Group-Based-File-Sharing-System.git,0
R_kgDOHoa-0g,2022-07-09T09:37:30Z,2026-05-01T10:16:17Z,2026-05-01T10:16:16Z,1126,True,easy_device_info,fighttechvn/easy_device_info,git@github.com:fighttechvn/easy_device_info.git,0
R_kgDOHoUPXA,2022-07-08T22:03:37Z,2026-04-01T04:57:13Z,2026-04-01T04:57:10Z,30436,True,grpc_cronet,dart-lang/grpc_cronet,git@github.com:dart-lang/grpc_cronet.git,18
R_kgDOHoQefQ,2022-07-08T17:27:53Z,2026-05-04T09:28:06Z,2026-05-07T09:23:18Z,891,True,kio-zeroconf,KDE/kio-zeroconf,git@github.com:KDE/kio-zeroconf.git,4
R_kgDOHoKXbA,2022-07-08T11:44:03Z,2026-05-03T16:36:23Z,2026-05-03T16:05:51Z,9552,False,Sven-Co-op,Mikk155/Sven-Co-op,git@github.com:Mikk155/Sven-Co-op.git,10
R_kgDOHoGvjw,2022-07-08T08:10:17Z,2026-05-06T14:43:18Z,2026-05-06T14:28:02Z,55204,True,SuperProject,SamClassicPatch/SuperProject,git@github.com:SamClassicPatch/SuperProject.git,54
R_kgDOHoFoGg,2022-07-08T07:05:17Z,2026-05-07T07:47:52Z,2026-05-07T07:23:51Z,941660,True,BambuStudio,bambulab/BambuStudio,git@github.com:bambulab/BambuStudio.git,4417
R_kgDOHoDtJg,2022-07-08T04:50:45Z,2026-03-03T08:17:11Z,2026-03-03T08:17:07Z,3580,False,DllMods,thesupersonic16/DllMods,git@github.com:thesupersonic16/DllMods.git,0
R_kgDOHoBlRw,2022-07-08T02:02:09Z,2026-04-14T03:55:29Z,2026-04-14T03:59:53Z,5233,True,controlledburn,hypertidy/controlledburn,git@github.com:hypertidy/controlledburn.git,17
R_kgDOHoAMxA,2022-07-08T00:04:55Z,2026-05-04T09:09:34Z,2026-05-04T09:09:27Z,435,False,OnStepX-Plugins,hjd1964/OnStepX-Plugins,git@github.com:hjd1964/OnStepX-Plugins.git,13
R_kgDOHn7vcw,2022-07-07T18:30:42Z,2026-05-07T02:54:37Z,2026-05-05T13:12:09Z,33415,False,gw,kcleal/gw,git@github.com:kcleal/gw.git,393
R_kgDOHn7P9w,2022-07-07T18:01:30Z,2026-05-01T18:30:39Z,2026-05-02T19:34:23Z,61133,True,DsQt,Unispace365/DsQt,git@github.com:Unispace365/DsQt.git,5
R_kgDOHn61Ig,2022-07-07T17:37:41Z,2026-04-30T14:35:54Z,2026-04-21T02:08:36Z,338,True,rocHPL,ROCm/rocHPL,git@github.com:ROCm/rocHPL.git,71
R_kgDOHn6MRA,2022-07-07T17:00:59Z,2026-04-09T07:00:22Z,2026-04-02T20:51:19Z,543,True,QuantLibAAD,auto-differentiation/QuantLibAAD,git@github.com:auto-differentiation/QuantLibAAD.git,39
R_kgDOHn5sNA,2022-07-07T16:33:06Z,2026-04-25T14:01:09Z,2026-04-25T14:01:04Z,70267,True,Engine,novusengine/Engine,git@github.com:novusengine/Engine.git,23
R_kgDOHn34ow,2022-07-07T15:02:42Z,2026-04-16T15:50:29Z,2026-04-16T15:49:52Z,294713,False,Exponential_Networks_cpp,rsenghaas/Exponential_Networks_cpp,git@github.com:rsenghaas/Exponential_Networks_cpp.git,0
R_kgDOHn2hsA,2022-07-07T14:00:21Z,2026-05-06T04:54:36Z,2026-04-13T07:52:42Z,1801,True,xad,auto-differentiation/xad,git@github.com:auto-differentiation/xad.git,415
R_kgDOHn1iNg,2022-07-07T13:13:28Z,2026-03-10T16:18:50Z,2026-03-10T16:18:43Z,55,False,i2c-sd-card-module,technoblogy/i2c-sd-card-module,git@github.com:technoblogy/i2c-sd-card-module.git,9
R_kgDOHn0BRA,2022-07-07T11:57:11Z,2026-04-28T04:36:01Z,2026-04-14T10:39:00Z,1597720,True,ALSXT,Voidware-Prohibited/ALSXT,git@github.com:Voidware-Prohibited/ALSXT.git,329
R_kgDOHnxIBg,2022-07-07T09:19:46Z,2026-04-19T14:54:24Z,2026-04-19T14:54:19Z,11165,False,vera,patriciogonzalezvivo/vera,git@github.com:patriciogonzalezvivo/vera.git,117
R_kgDOHnnMQA,2022-07-06T21:34:41Z,2026-05-01T08:43:05Z,2026-05-01T08:43:01Z,68237,False,SokuFramedataEditor,PinkySmile/SokuFramedataEditor,git@github.com:PinkySmile/SokuFramedataEditor.git,5
R_kgDOHnmIIA,2022-07-06T20:22:11Z,2026-04-26T11:31:26Z,2026-04-26T11:31:43Z,1652,True,hardware_oplus,AICP/hardware_oplus,git@github.com:AICP/hardware_oplus.git,0
R_kgDOHnjyQw,2022-07-06T18:02:49Z,2026-03-13T14:23:35Z,2026-04-16T19:45:59Z,15734,True,braincloud-unreal-plugin,getbraincloud/braincloud-unreal-plugin,git@github.com:getbraincloud/braincloud-unreal-plugin.git,1
R_kgDOHniJ4A,2022-07-06T16:38:14Z,2026-03-25T09:25:21Z,2026-03-27T11:14:47Z,1172,False,Dsa,shishir474/Dsa,git@github.com:shishir474/Dsa.git,0
R_kgDOHncoeA,2022-07-06T12:20:31Z,2026-04-27T14:09:14Z,2026-04-27T14:27:41Z,212,True,ros_aruco_opencv,fictionlab/ros_aruco_opencv,git@github.com:fictionlab/ros_aruco_opencv.git,30
R_kgDOHnYDzw,2022-07-06T08:21:25Z,2026-04-16T06:54:46Z,2026-04-27T07:21:24Z,12063,True,GWmodelS,GWmodel-Lab/GWmodelS,git@github.com:GWmodel-Lab/GWmodelS.git,14
R_kgDOHnVPkA,2022-07-06T05:45:31Z,2026-04-28T19:00:26Z,2026-05-03T20:46:42Z,186532,True,VEXU-GHOST,VEXU-GHOST/VEXU-GHOST,git@github.com:VEXU-GHOST/VEXU-GHOST.git,17
R_kgDOHnR1AA,2022-07-06T01:35:34Z,2026-04-20T05:33:30Z,2026-04-06T17:23:38Z,54466,True,CalibrationTools,tier4/CalibrationTools,git@github.com:tier4/CalibrationTools.git,247
R_kgDOHnRFEA,2022-07-06T00:35:26Z,2026-05-06T18:07:46Z,2026-03-04T07:57:06Z,8334,False,esp32cam-rtsp,rzeldent/esp32cam-rtsp,git@github.com:rzeldent/esp32cam-rtsp.git,1095
R_kgDOHnHDiA,2022-07-05T14:30:52Z,2026-04-20T14:45:35Z,2026-04-20T14:45:34Z,4824,True,QTNMSim,QTNM/QTNMSim,git@github.com:QTNM/QTNMSim.git,0
R_kgDOHnGZdA,2022-07-05T14:03:02Z,2026-05-07T07:09:17Z,2026-05-05T16:17:57Z,37119,True,tapir-archicad-automation,ENZYME-APD/tapir-archicad-automation,git@github.com:ENZYME-APD/tapir-archicad-automation.git,110
R_kgDOHnEg0Q,2022-07-05T12:38:52Z,2026-04-17T05:47:29Z,2026-03-16T12:24:23Z,14655,True,RobotecGPULidar,RobotecAI/RobotecGPULidar,git@github.com:RobotecAI/RobotecGPULidar.git,282
R_kgDOHnBbkw,2022-07-05T10:00:25Z,2026-03-11T20:09:03Z,2026-03-11T20:09:38Z,418,False,libparams,PonomarevDA/libparams,git@github.com:PonomarevDA/libparams.git,6
R_kgDOHnAZ8Q,2022-07-05T09:08:46Z,2026-04-14T12:17:41Z,2026-04-14T12:17:36Z,121,True,adore_if_carla,eclipse-adore/adore_if_carla,git@github.com:eclipse-adore/adore_if_carla.git,4
R_kgDOHm2utA,2022-07-04T21:13:56Z,2026-04-15T00:45:31Z,2026-05-06T23:11:57Z,244864,False,RhythmGame,Bobini1/RhythmGame,git@github.com:Bobini1/RhythmGame.git,46
R_kgDOHm1r0A,2022-07-04T19:56:45Z,2026-04-27T08:47:30Z,2026-05-06T22:21:04Z,2902,True,Miriway,Miriway/Miriway,git@github.com:Miriway/Miriway.git,99
R_kgDOHmvrdw,2022-07-04T14:22:01Z,2026-04-15T19:12:19Z,2026-04-15T19:12:12Z,12368,True,KMeansPhyloTreesClustering,tahiri-lab/KMeansPhyloTreesClustering,git@github.com:tahiri-lab/KMeansPhyloTreesClustering.git,1
R_kgDOHmsvZQ,2022-07-04T11:58:48Z,2026-04-16T12:02:26Z,2026-04-16T12:21:36Z,1605,True,oneseismic-api,equinor/oneseismic-api,git@github.com:equinor/oneseismic-api.git,5
R_kgDOHmrFAQ,2022-07-04T10:29:45Z,2026-05-07T02:41:17Z,2026-03-02T04:57:51Z,11465,True,hybridclr,focus-creative-games/hybridclr,git@github.com:focus-creative-games/hybridclr.git,7811
R_kgDOHmjJ3Q,2022-07-04T02:14:03Z,2026-05-02T15:34:50Z,2026-04-26T20:48:50Z,329,False,h3-duckdb,isaacbrodsky/h3-duckdb,git@github.com:isaacbrodsky/h3-duckdb.git,247
R_kgDOHmfeIA,2022-07-03T20:01:25Z,2026-04-24T15:45:33Z,2026-04-24T15:45:29Z,1115,False,77AVEMU,captainys/77AVEMU,git@github.com:captainys/77AVEMU.git,29
R_kgDOHmZrXw,2022-07-03T13:18:27Z,2026-04-13T15:05:47Z,2026-03-21T16:48:24Z,12787,False,freesynd,bni/freesynd,git@github.com:bni/freesynd.git,9
R_kgDOHmVBHg,2022-07-03T07:23:26Z,2026-04-05T12:25:14Z,2026-04-05T12:54:45Z,354,False,patch,shannonbooth/patch,git@github.com:shannonbooth/patch.git,7
R_kgDOHmMJjw,2022-07-02T16:33:45Z,2026-05-07T03:38:08Z,2026-05-07T03:38:04Z,169774,False,The-SDE-Prep,ayon-ssp/The-SDE-Prep,git@github.com:ayon-ssp/The-SDE-Prep.git,195
R_kgDOHmGH3g,2022-07-02T09:05:04Z,2026-04-22T07:35:59Z,2026-05-05T20:55:08Z,20136,True,spu,secretflow/spu,git@github.com:secretflow/spu.git,323
R_kgDOHmEAUw,2022-07-02T06:06:14Z,2026-04-14T03:20:11Z,2026-04-14T03:20:13Z,48460,False,TTFviewer,QQxiaoming/TTFviewer,git@github.com:QQxiaoming/TTFviewer.git,19
R_kgDOHmDn2A,2022-07-02T05:28:25Z,2026-04-20T08:01:08Z,2026-04-20T08:01:10Z,30,False,bag2_to_image,wep21/bag2_to_image,git@github.com:wep21/bag2_to_image.git,1
R_kgDOHmB4rA,2022-07-02T02:35:14Z,2026-04-14T08:19:36Z,2026-05-03T10:03:13Z,6789,True,yacl,secretflow/yacl,git@github.com:secretflow/yacl.git,123
R_kgDOHl-Bpw,2022-07-01T20:01:58Z,2026-03-08T13:45:45Z,2026-03-23T00:41:30Z,1009,True,libkson,kshootmania/libkson,git@github.com:kshootmania/libkson.git,6
R_kgDOHl8fyw,2022-07-01T18:16:44Z,2026-05-07T05:02:56Z,2026-04-29T20:22:12Z,276,True,hyprpaper,hyprwm/hyprpaper,git@github.com:hyprwm/hyprpaper.git,1290
R_kgDOHl6loA,2022-07-01T16:19:32Z,2026-03-29T19:01:49Z,2026-03-29T19:01:44Z,2277,False,Spore-AdvancedCE,VanillaCold/Spore-AdvancedCE,git@github.com:VanillaCold/Spore-AdvancedCE.git,7
R_kgDOHl2y8g,2022-07-01T13:02:00Z,2026-03-23T21:53:32Z,2026-03-23T21:53:25Z,40839,True,WorldView,dueca/WorldView,git@github.com:dueca/WorldView.git,2
R_kgDOHl2nPQ,2022-07-01T12:53:03Z,2026-04-15T14:51:04Z,2026-04-15T14:51:59Z,158,True,FlexiStick,dueca/FlexiStick,git@github.com:dueca/FlexiStick.git,0
R_kgDOHl09SA,2022-07-01T11:18:45Z,2026-04-20T19:57:03Z,2026-04-20T19:56:58Z,56565,True,daily-vcs,daily-co/daily-vcs,git@github.com:daily-co/daily-vcs.git,31
R_kgDOHlzn4g,2022-07-01T09:59:22Z,2026-05-06T08:59:09Z,2026-05-06T08:59:05Z,798111,True,robocomp-shadow,robocomp/robocomp-shadow,git@github.com:robocomp/robocomp-shadow.git,1
R_kgDOHlzHrQ,2022-07-01T09:31:15Z,2026-05-06T08:51:34Z,2026-05-07T11:29:22Z,60889,True,lingo-db,lingo-db/lingo-db,git@github.com:lingo-db/lingo-db.git,307
R_kgDOHlyFfQ,2022-07-01T08:35:03Z,2026-05-04T15:24:14Z,2026-05-04T15:26:05Z,4778,True,ansys-tools-filetransfer-server,ansys/ansys-tools-filetransfer-server,git@github.com:ansys/ansys-tools-filetransfer-server.git,1
R_kgDOHlxl5g,2022-07-01T08:06:50Z,2026-05-06T09:29:47Z,2026-05-06T09:29:41Z,158189,True,RTC_Meeting_Demo,volcengine/RTC_Meeting_Demo,git@github.com:volcengine/RTC_Meeting_Demo.git,4
R_kgDOHlsyXw,2022-07-01T02:16:35Z,2026-04-30T08:32:57Z,2026-05-07T10:08:03Z,177638,True,GEM5,OpenXiangShan/GEM5,git@github.com:OpenXiangShan/GEM5.git,141
R_kgDOHlsrzQ,2022-07-01T02:08:31Z,2026-05-04T17:17:16Z,2026-05-01T03:46:44Z,2109,True,isaac_ros_nitros,NVIDIA-ISAAC-ROS/isaac_ros_nitros,git@github.com:NVIDIA-ISAAC-ROS/isaac_ros_nitros.git,208
R_kgDOHlseXQ,2022-07-01T01:51:50Z,2026-05-03T20:04:13Z,2026-05-01T03:46:36Z,451,True,isaac_ros_dnn_stereo_depth,NVIDIA-ISAAC-ROS/isaac_ros_dnn_stereo_depth,git@github.com:NVIDIA-ISAAC-ROS/isaac_ros_dnn_stereo_depth.git,145
R_kgDOHlfvfA,2022-06-30T12:52:58Z,2026-04-10T21:28:58Z,2026-04-14T16:03:27Z,73965,True,sharc,arcaneframework/sharc,git@github.com:arcaneframework/sharc.git,5
R_kgDOHlW0pA,2022-06-30T04:31:42Z,2026-04-26T09:10:20Z,2026-05-06T22:13:42Z,289085,False,CrystalEngine,neilmewada/CrystalEngine,git@github.com:neilmewada/CrystalEngine.git,295
R_kgDOHlVsnA,2022-06-30T03:03:39Z,2026-05-03T14:22:58Z,2026-05-07T08:43:14Z,41969,True,woolang,cinogama/woolang,git@github.com:cinogama/woolang.git,88
R_kgDOHlRatQ,2022-06-29T21:01:31Z,2026-03-04T03:40:44Z,2026-03-24T18:33:59Z,45556,False,Spectral_Display_GUI,1killerbehindyou1/Spectral_Display_GUI,git@github.com:1killerbehindyou1/Spectral_Display_GUI.git,0
R_kgDOHlMPaw,2022-06-29T16:05:02Z,2026-03-21T07:58:08Z,2026-03-08T01:18:04Z,2544,False,UI_Blooman,seiko-dev/UI_Blooman,git@github.com:seiko-dev/UI_Blooman.git,68
R_kgDOHlE26w,2022-06-29T10:07:46Z,2026-04-27T13:28:47Z,2026-04-27T13:28:32Z,167132,True,boringssl,aegis-aead/boringssl,git@github.com:aegis-aead/boringssl.git,9
R_kgDOHlA6Rg,2022-06-29T06:33:53Z,2026-04-14T10:38:16Z,2026-04-14T10:38:12Z,11385,False,ArduinoWorkshop,technikzentrum/ArduinoWorkshop,git@github.com:technikzentrum/ArduinoWorkshop.git,0
R_kgDOHk8TdA,2022-06-29T00:50:19Z,2026-05-04T15:30:47Z,2026-05-04T15:30:41Z,53424,True,ProGraML,mayhemheroes/ProGraML,git@github.com:mayhemheroes/ProGraML.git,0
R_kgDOHk8QiQ,2022-06-29T00:46:15Z,2026-05-01T07:44:16Z,2026-05-01T07:44:09Z,144727,True,CImg,mayhemheroes/CImg,git@github.com:mayhemheroes/CImg.git,0
R_kgDOHk0P1Q,2022-06-28T16:02:07Z,2026-04-30T21:27:06Z,2026-04-30T21:27:01Z,27031,False,NikoLight,TheRealKasumi/NikoLight,git@github.com:TheRealKasumi/NikoLight.git,24
R_kgDOHkntVg,2022-06-28T05:04:54Z,2026-04-17T01:43:54Z,2026-04-17T01:43:51Z,8536,False,code,1chooo/code,git@github.com:1chooo/code.git,10
R_kgDOHklZ2Q,2022-06-28T02:08:47Z,2026-04-09T12:49:42Z,2026-04-09T12:46:21Z,60,True,cpp-interface-qpoases,dqrobotics/cpp-interface-qpoases,git@github.com:dqrobotics/cpp-interface-qpoases.git,0
R_kgDOHkhp6g,2022-06-27T21:07:05Z,2026-05-07T01:12:34Z,2026-05-07T01:12:30Z,137766,True,unified-runtime,oneapi-src/unified-runtime,git@github.com:oneapi-src/unified-runtime.git,54
R_kgDOHkf5XQ,2022-06-27T19:14:43Z,2026-03-17T04:18:53Z,2026-03-17T04:18:48Z,131577,False,rtphone,sevana-ou/rtphone,git@github.com:sevana-ou/rtphone.git,1
R_kgDOHkbexA,2022-06-27T15:20:27Z,2026-04-17T14:35:41Z,2026-04-17T14:35:37Z,68688,False,EXCDS-Bridge,kolbyd/EXCDS-Bridge,git@github.com:kolbyd/EXCDS-Bridge.git,4
R_kgDOHkUVOg,2022-06-27T09:26:47Z,2026-05-07T09:49:46Z,2026-05-07T10:27:52Z,16119,True,sil-kit,vectorgrp/sil-kit,git@github.com:vectorgrp/sil-kit.git,203
R_kgDOHkT4OQ,2022-06-27T09:03:33Z,2026-03-05T13:20:12Z,2026-03-05T13:20:02Z,223212,True,DepthVista,econsystems/DepthVista,git@github.com:econsystems/DepthVista.git,0
R_kgDOHkNZvw,2022-06-27T01:51:17Z,2026-04-11T07:13:12Z,2026-03-21T13:28:30Z,613,True,scrutiny-embedded,scrutinydebugger/scrutiny-embedded,git@github.com:scrutinydebugger/scrutiny-embedded.git,50
R_kgDOHkMueQ,2022-06-27T00:49:24Z,2026-04-27T01:08:16Z,2026-04-27T01:08:11Z,9752,False,Inferno,nbayazes/Inferno,git@github.com:nbayazes/Inferno.git,61
R_kgDOHkMMUg,2022-06-26T23:52:15Z,2026-03-28T22:42:39Z,2026-03-28T22:42:35Z,183,True,COMUNDA,STEELISI/COMUNDA,git@github.com:STEELISI/COMUNDA.git,1
R_kgDOHkK7EQ,2022-06-26T21:37:03Z,2026-04-28T17:22:15Z,2026-05-07T10:18:27Z,7277,True,Loom-V4,OPEnSLab-OSU/Loom-V4,git@github.com:OPEnSLab-OSU/Loom-V4.git,18
R_kgDOHkKfKQ,2022-06-26T20:55:20Z,2026-05-04T14:51:37Z,2026-05-04T14:51:32Z,330,False,etna,AlexandrShcherbakov/etna,git@github.com:AlexandrShcherbakov/etna.git,8
R_kgDOHjxyQg,2022-06-25T10:16:30Z,2026-04-25T19:46:00Z,2026-04-25T19:45:56Z,3759,False,Coding-Practice,hacch141/Coding-Practice,git@github.com:hacch141/Coding-Practice.git,0
R_kgDOHjvczg,2022-06-25T07:03:48Z,2026-05-06T04:08:33Z,2026-05-06T04:08:54Z,29878,True,simutrans,simutrans/simutrans,git@github.com:simutrans/simutrans.git,81
R_kgDOHjvPVw,2022-06-25T06:45:48Z,2026-05-06T10:49:10Z,2026-05-06T10:55:31Z,6032,True,dueca,dueca/dueca,git@github.com:dueca/dueca.git,18
R_kgDOHjs2_Q,2022-06-25T02:45:46Z,2026-04-25T06:56:40Z,2026-04-10T08:30:17Z,445898,True,TargetVector,Voidware-Prohibited/TargetVector,git@github.com:Voidware-Prohibited/TargetVector.git,107
R_kgDOHjl-iA,2022-06-24T16:57:59Z,2026-05-07T06:06:34Z,2026-04-30T22:40:24Z,23788,False,NuanceResurrection,andkrau/NuanceResurrection,git@github.com:andkrau/NuanceResurrection.git,82
R_kgDOHjjsMg,2022-06-24T14:49:39Z,2026-03-14T07:52:16Z,2026-03-14T07:52:11Z,418,True,youbot_dynamixel_gripper_controller,b-it-bots/youbot_dynamixel_gripper_controller,git@github.com:b-it-bots/youbot_dynamixel_gripper_controller.git,0
R_kgDOHjf5fg,2022-06-24T11:26:42Z,2026-05-05T22:06:10Z,2026-05-04T17:09:31Z,67168,False,OpenDTU,tbnobody/OpenDTU,git@github.com:tbnobody/OpenDTU.git,2129
R_kgDOHjfpMQ,2022-06-24T11:10:37Z,2026-04-24T06:17:44Z,2026-04-24T06:17:38Z,79117,True,RangeShifter_batch,RangeShifter/RangeShifter_batch,git@github.com:RangeShifter/RangeShifter_batch.git,0
R_kgDOHjYEhA,2022-06-24T02:45:36Z,2026-03-17T19:48:46Z,2026-05-06T17:12:01Z,11945,True,Kimera-PGMO,MIT-SPARK/Kimera-PGMO,git@github.com:MIT-SPARK/Kimera-PGMO.git,57
R_kgDOHjXMgQ,2022-06-24T01:34:54Z,2026-05-05T03:02:18Z,2026-04-24T15:45:14Z,907,True,SIEdit,isledecomp/SIEdit,git@github.com:isledecomp/SIEdit.git,171
R_kgDOHjUzRw,2022-06-23T21:57:56Z,2026-05-01T10:35:00Z,2026-05-06T17:14:46Z,2141,True,Spark-DSG,MIT-SPARK/Spark-DSG,git@github.com:MIT-SPARK/Spark-DSG.git,82
R_kgDOHjEzPA,2022-06-23T07:32:59Z,2026-04-27T11:03:20Z,2026-04-27T11:03:16Z,30928,True,RangeShiftR-pkg,RangeShifter/RangeShiftR-pkg,git@github.com:RangeShifter/RangeShiftR-pkg.git,9
R_kgDOHjEicw,2022-06-23T07:18:03Z,2026-04-24T06:16:36Z,2026-04-24T06:16:32Z,30371,True,RScore,RangeShifter/RScore,git@github.com:RangeShifter/RScore.git,0
R_kgDOHjCNmw,2022-06-23T04:41:04Z,2026-04-30T22:21:43Z,2026-04-30T22:21:38Z,5634,True,AIEdit,BirolLab/AIEdit,git@github.com:BirolLab/AIEdit.git,0
R_kgDOHi8XGw,2022-06-22T20:52:42Z,2026-03-03T19:12:27Z,2026-03-03T19:12:23Z,139,False,ustream,ThomasAUB/ustream,git@github.com:ThomasAUB/ustream.git,2
R_kgDOHi8M4Q,2022-06-22T20:42:47Z,2026-04-13T14:16:27Z,2026-04-15T06:51:02Z,4769,False,open-ocpp-simu,c-jimenez/open-ocpp-simu,git@github.com:c-jimenez/open-ocpp-simu.git,16
R_kgDOHi7pKA,2022-06-22T20:08:25Z,2026-05-05T05:25:42Z,2026-05-05T13:10:25Z,3249,True,ros2_robotiq_gripper,PickNikRobotics/ros2_robotiq_gripper,git@github.com:PickNikRobotics/ros2_robotiq_gripper.git,165
R_kgDOHi7o5Q,2022-06-22T20:08:09Z,2026-04-22T02:10:16Z,2026-03-10T01:10:17Z,3247,True,kit-extension-template-cpp,NVIDIA-Omniverse/kit-extension-template-cpp,git@github.com:NVIDIA-Omniverse/kit-extension-template-cpp.git,86
R_kgDOHi7btg,2022-06-22T19:55:28Z,2026-05-07T10:39:41Z,2026-05-07T10:40:23Z,93,False,a64dbg,gast04/a64dbg,git@github.com:gast04/a64dbg.git,9
R_kgDOHi7EBw,2022-06-22T19:32:43Z,2026-03-20T00:27:35Z,2026-04-13T17:11:50Z,707,True,bsas-sc,slaclab/bsas-sc,git@github.com:slaclab/bsas-sc.git,2
R_kgDOHiu3gw,2022-06-22T09:30:22Z,2026-04-28T13:18:01Z,2026-05-01T07:29:59Z,6316,True,aligator,Simple-Robotics/aligator,git@github.com:Simple-Robotics/aligator.git,296
R_kgDOHisPag,2022-06-22T07:15:28Z,2026-03-03T09:59:56Z,2026-03-09T09:21:17Z,137,True,movici-geo-query,nginfra/movici-geo-query,git@github.com:nginfra/movici-geo-query.git,0
R_kgDOHisKLg,2022-06-22T07:11:00Z,2026-04-30T16:41:40Z,2026-05-01T18:12:35Z,8276,True,libquicr,Quicr/libquicr,git@github.com:Quicr/libquicr.git,16
R_kgDOHiqUhg,2022-06-22T05:18:14Z,2026-04-26T11:33:08Z,2026-04-07T16:45:22Z,103707,True,asset_asrl,AlabamaASRL/asset_asrl,git@github.com:AlabamaASRL/asset_asrl.git,42
R_kgDOHioZWA,2022-06-22T02:47:57Z,2026-03-27T13:11:14Z,2026-03-24T05:34:50Z,520482,False,tinyml,Efinix-Inc/tinyml,git@github.com:Efinix-Inc/tinyml.git,75
R_kgDOHinOqg,2022-06-22T01:22:57Z,2026-05-07T11:14:33Z,2026-05-07T11:14:29Z,1914459,False,GameDevMind,gonglei007/GameDevMind,git@github.com:gonglei007/GameDevMind.git,6292
R_kgDOHilDHw,2022-06-21T22:19:31Z,2026-04-28T03:32:52Z,2026-05-07T03:12:21Z,292237,True,SPECFEMPP,PrincetonUniversity/SPECFEMPP,git@github.com:PrincetonUniversity/SPECFEMPP.git,54
R_kgDOHikJqw,2022-06-21T21:15:31Z,2026-04-17T15:27:20Z,2026-04-18T15:54:01Z,52838,True,TumbleFeeder,KravitzLabDevices/TumbleFeeder,git@github.com:KravitzLabDevices/TumbleFeeder.git,1
R_kgDOHiecWg,2022-06-21T16:00:48Z,2026-04-28T10:57:31Z,2026-04-28T11:49:44Z,84087,True,o3de-extras,o3de/o3de-extras,git@github.com:o3de/o3de-extras.git,81
R_kgDOHieRBw,2022-06-21T15:52:42Z,2026-05-06T23:11:47Z,2026-05-07T00:21:31Z,1137,True,cuDecomp,NVIDIA/cuDecomp,git@github.com:NVIDIA/cuDecomp.git,84
R_kgDOHiduog,2022-06-21T15:28:33Z,2026-05-05T15:16:12Z,2026-05-06T15:23:04Z,24773,True,Oxylus,oxylusengine/Oxylus,git@github.com:oxylusengine/Oxylus.git,257
R_kgDOHiXfkg,2022-06-21T10:39:44Z,2026-04-26T19:26:30Z,2026-04-26T19:26:26Z,3087,False,Interface-Library,AnasMansha/Interface-Library,git@github.com:AnasMansha/Interface-Library.git,0
R_kgDOHiRE3g,2022-06-21T04:49:22Z,2026-04-21T06:33:13Z,2026-04-21T06:33:09Z,2163,False,minilogue-xd_sdk_bootstrap,BradlyLanducci/minilogue-xd_sdk_bootstrap,git@github.com:BradlyLanducci/minilogue-xd_sdk_bootstrap.git,1
R_kgDOHiQqSQ,2022-06-21T04:17:05Z,2026-04-29T18:49:18Z,2026-05-05T19:38:08Z,23993,True,rocm-examples,ROCm/rocm-examples,git@github.com:ROCm/rocm-examples.git,289
R_kgDOHiQmlA,2022-06-21T04:12:50Z,2026-05-07T02:06:54Z,2026-05-06T23:54:42Z,81955,False,Supermodel,trzy/Supermodel,git@github.com:trzy/Supermodel.git,591
R_kgDOHiNGDg,2022-06-20T23:33:41Z,2026-03-25T09:35:51Z,2026-03-06T06:22:39Z,722,False,snfm,zig-for/snfm,git@github.com:zig-for/snfm.git,3
R_kgDOHiMh3A,2022-06-20T22:43:05Z,2026-05-07T00:50:28Z,2026-05-07T00:50:22Z,5025,True,powertop,sailfishos-mirror/powertop,git@github.com:sailfishos-mirror/powertop.git,0
R_kgDOHiIgCw,2022-06-20T18:22:07Z,2026-03-27T13:19:49Z,2026-03-07T22:38:57Z,152617,True,azcoin-deprecated,satoshiware/azcoin-deprecated,git@github.com:satoshiware/azcoin-deprecated.git,0
R_kgDOHiFtnA,2022-06-20T15:57:35Z,2026-05-05T20:13:53Z,2026-04-29T15:04:31Z,4920,False,plank,a-burigana/plank,git@github.com:a-burigana/plank.git,8
R_kgDOHiFhGA,2022-06-20T15:48:15Z,2026-05-03T16:29:41Z,2026-03-04T00:16:29Z,279,False,SyncThingy,zocker-160/SyncThingy,git@github.com:zocker-160/SyncThingy.git,235
R_kgDOHh_Raw,2022-06-20T10:52:24Z,2026-05-07T06:11:10Z,2026-05-06T21:09:00Z,33159,True,fooyin,fooyin/fooyin,git@github.com:fooyin/fooyin.git,1860
R_kgDOHh002g,2022-06-19T22:15:32Z,2026-04-29T18:33:16Z,2026-04-29T18:33:10Z,941,False,streamer_clock,Jhonsebas77/streamer_clock,git@github.com:Jhonsebas77/streamer_clock.git,3
R_kgDOHh0ofQ,2022-06-19T21:54:48Z,2026-04-27T00:02:36Z,2026-03-05T21:49:22Z,239,False,nefcon,nefarius/nefcon,git@github.com:nefarius/nefcon.git,86
R_kgDOHhltFg,2022-06-19T00:59:47Z,2026-04-21T03:38:23Z,2026-04-30T22:25:28Z,884911,False,Agate,wba6/Agate,git@github.com:wba6/Agate.git,1
R_kgDOHhkmeA,2022-06-18T22:40:21Z,2026-04-14T15:34:58Z,2026-04-14T15:34:49Z,91,True,boost_plugin_loader,tesseract-robotics/boost_plugin_loader,git@github.com:tesseract-robotics/boost_plugin_loader.git,4
R_kgDOHhisVw,2022-06-18T19:30:28Z,2026-04-08T23:47:49Z,2026-04-08T23:47:46Z,11640,False,Noita-Dear-ImGui,dextercd/Noita-Dear-ImGui,git@github.com:dextercd/Noita-Dear-ImGui.git,16
R_kgDOHhdVrw,2022-06-18T13:03:46Z,2026-04-27T20:17:47Z,2026-04-27T20:17:43Z,3329,False,Mandelbrot,ericgur/Mandelbrot,git@github.com:ericgur/Mandelbrot.git,0
R_kgDOHhV6Aw,2022-06-18T02:28:15Z,2026-04-01T20:33:49Z,2026-04-14T22:51:34Z,95,False,simple-serial-terminal,bradgrantham/simple-serial-terminal,git@github.com:bradgrantham/simple-serial-terminal.git,1
R_kgDOHhRxwg,2022-06-17T19:55:06Z,2026-05-01T15:05:31Z,2026-05-05T19:37:36Z,9580,True,mu2e-pcie-utils,Mu2e/mu2e-pcie-utils,git@github.com:Mu2e/mu2e-pcie-utils.git,1
R_kgDOHhRkDQ,2022-06-17T19:39:51Z,2026-05-01T15:05:47Z,2026-05-02T23:03:27Z,4393,True,otsdaq-mu2e-tracker,Mu2e/otsdaq-mu2e-tracker,git@github.com:Mu2e/otsdaq-mu2e-tracker.git,0
R_kgDOHhRfHg,2022-06-17T19:34:01Z,2026-05-01T15:05:40Z,2026-05-04T08:40:51Z,4295,True,otsdaq-mu2e-calorimeter,Mu2e/otsdaq-mu2e-calorimeter,git@github.com:Mu2e/otsdaq-mu2e-calorimeter.git,0
R_kgDOHhRcXg,2022-06-17T19:30:50Z,2026-05-01T18:20:24Z,2026-05-05T20:43:40Z,13718,True,otsdaq-mu2e,Mu2e/otsdaq-mu2e,git@github.com:Mu2e/otsdaq-mu2e.git,2
R_kgDOHhRabg,2022-06-17T19:28:37Z,2026-05-01T15:05:19Z,2026-05-01T15:05:15Z,805,True,artdaq-core-mu2e,Mu2e/artdaq-core-mu2e,git@github.com:Mu2e/artdaq-core-mu2e.git,2
R_kgDOHhRY6w,2022-06-17T19:26:49Z,2026-05-06T13:36:13Z,2026-05-06T13:34:26Z,766,True,artdaq-mu2e,Mu2e/artdaq-mu2e,git@github.com:Mu2e/artdaq-mu2e.git,0
R_kgDOHhPaBA,2022-06-17T17:19:28Z,2026-05-06T11:05:04Z,2026-04-13T13:43:27Z,6870,False,orca4,clydemcqueen/orca4,git@github.com:clydemcqueen/orca4.git,180
R_kgDOHhNfcg,2022-06-17T15:31:54Z,2026-03-30T00:43:50Z,2026-03-30T00:43:44Z,31200,True,shared-mime-info,sailfishos-mirror/shared-mime-info,git@github.com:sailfishos-mirror/shared-mime-info.git,0
R_kgDOHhNdxg,2022-06-17T15:30:24Z,2026-05-05T00:49:44Z,2026-05-05T00:49:41Z,7059,True,taglib,sailfishos-mirror/taglib,git@github.com:sailfishos-mirror/taglib.git,0
R_kgDOHhNQyA,2022-06-17T15:20:27Z,2026-05-07T00:46:23Z,2026-05-07T00:46:19Z,9293,True,hunspell,sailfishos-mirror/hunspell,git@github.com:sailfishos-mirror/hunspell.git,0
R_kgDOHhNPOg,2022-06-17T15:19:19Z,2026-04-01T00:49:22Z,2026-04-01T00:49:19Z,11935,True,googletest,sailfishos-mirror/googletest,git@github.com:sailfishos-mirror/googletest.git,0
R_kgDOHhLYYQ,2022-06-17T13:48:45Z,2026-03-29T21:02:37Z,2026-05-05T22:00:52Z,563,True,Visualizer,Scaly-Sphere-Studio/Visualizer,git@github.com:Scaly-Sphere-Studio/Visualizer.git,0
R_kgDOHhIzqw,2022-06-17T11:29:18Z,2026-04-07T01:18:31Z,2026-04-07T01:18:26Z,310,True,libaccounts-qt,sailfishos-mirror/libaccounts-qt,git@github.com:sailfishos-mirror/libaccounts-qt.git,0
R_kgDOHhIqeA,2022-06-17T11:20:59Z,2026-05-07T00:44:41Z,2026-05-07T00:44:37Z,85141,True,rpm,sailfishos-mirror/rpm,git@github.com:sailfishos-mirror/rpm.git,0
R_kgDOHhIlSw,2022-06-17T11:16:24Z,2026-04-18T00:44:10Z,2026-04-18T00:44:06Z,18113,True,messagingframework,sailfishos-mirror/messagingframework,git@github.com:sailfishos-mirror/messagingframework.git,2
R_kgDOHhGQrw,2022-06-17T09:13:01Z,2026-05-01T11:33:03Z,2026-05-01T11:32:59Z,251,False,Collision3D,WilliamKitson/Collision3D,git@github.com:WilliamKitson/Collision3D.git,0
R_kgDOHhF12A,2022-06-17T08:51:45Z,2026-04-25T10:10:16Z,2026-04-25T10:22:09Z,24160,False,gerbonara,jaseg/gerbonara,git@github.com:jaseg/gerbonara.git,17
R_kgDOHhEd8w,2022-06-17T07:37:15Z,2026-05-07T00:43:23Z,2026-05-07T00:43:19Z,8886,True,qtimageformats,sailfishos-mirror/qtimageformats,git@github.com:sailfishos-mirror/qtimageformats.git,0
R_kgDOHhEFeA,2022-06-17T07:14:50Z,2026-04-07T00:53:47Z,2026-04-07T00:53:42Z,2079,True,signond,sailfishos-mirror/signond,git@github.com:sailfishos-mirror/signond.git,0
R_kgDOHhDodA,2022-06-17T06:48:36Z,2026-04-14T00:43:27Z,2026-04-14T00:43:21Z,8636,True,telepathy-qt,sailfishos-mirror/telepathy-qt,git@github.com:sailfishos-mirror/telepathy-qt.git,0
R_kgDOHhDbNQ,2022-06-17T06:35:56Z,2026-04-23T19:00:34Z,2026-04-07T06:44:22Z,309,False,Witty-Pi-4,uugear/Witty-Pi-4,git@github.com:uugear/Witty-Pi-4.git,38
R_kgDOHg6vYw,2022-06-16T19:19:13Z,2026-03-04T06:02:15Z,2026-03-04T06:02:11Z,238,False,WorkStealing-Spatial-Join,satishphd/WorkStealing-Spatial-Join,git@github.com:satishphd/WorkStealing-Spatial-Join.git,4
R_kgDOHg5gxA,2022-06-16T18:09:37Z,2026-05-05T05:57:26Z,2026-05-05T05:57:22Z,1071,True,datafilter,DUNE-DAQ/datafilter,git@github.com:DUNE-DAQ/datafilter.git,0
R_kgDOHg5ftQ,2022-06-16T18:08:34Z,2026-03-25T18:23:18Z,2026-03-25T18:23:13Z,170,False,relliptical,katherineloor/relliptical,git@github.com:katherineloor/relliptical.git,0
R_kgDOHg4sVQ,2022-06-16T17:24:02Z,2026-05-02T10:50:24Z,2026-04-27T12:01:57Z,5640,False,porousMicroTransport,gerlero/porousMicroTransport,git@github.com:gerlero/porousMicroTransport.git,32
R_kgDOHg3PCg,2022-06-16T16:05:56Z,2026-04-28T14:11:54Z,2026-04-28T14:05:26Z,592,True,metalldata,MetallData/metalldata,git@github.com:MetallData/metalldata.git,1
R_kgDOHg2S7Q,2022-06-16T15:19:46Z,2026-03-27T23:06:56Z,2026-03-27T23:44:33Z,194,True,rtsp-media-filters,SalientSys/rtsp-media-filters,git@github.com:SalientSys/rtsp-media-filters.git,0
R_kgDOHg2GUg,2022-06-16T15:10:45Z,2026-03-27T23:10:43Z,2026-03-27T23:44:15Z,14,True,rtsp-logger,SalientSys/rtsp-logger,git@github.com:SalientSys/rtsp-logger.git,0
R_kgDOHgyYOg,2022-06-16T12:11:48Z,2026-05-06T12:58:20Z,2026-05-06T12:58:16Z,31832,True,Gaudi,key4hep/Gaudi,git@github.com:key4hep/Gaudi.git,2
R_kgDOHgxG9g,2022-06-16T11:02:07Z,2026-05-02T01:56:55Z,2026-05-05T23:40:23Z,15201,False,Complex,theuser27/Complex,git@github.com:theuser27/Complex.git,33
R_kgDOHgv4iQ,2022-06-16T09:54:42Z,2026-04-09T09:46:59Z,2026-04-09T09:46:55Z,57305,False,IQmol3,nutjunkie/IQmol3,git@github.com:nutjunkie/IQmol3.git,36
R_kgDOHgvGQg,2022-06-16T09:12:53Z,2026-04-27T16:55:51Z,2026-04-27T16:56:43Z,1699,False,ut-plants,patrickjane/ut-plants,git@github.com:patrickjane/ut-plants.git,11
R_kgDOHgjbsA,2022-06-15T19:28:59Z,2026-05-01T17:55:03Z,2026-05-01T17:55:00Z,1129,True,artdaq-mfextensions,art-daq/artdaq-mfextensions,git@github.com:art-daq/artdaq-mfextensions.git,0
R_kgDOHgjbMA,2022-06-15T19:28:30Z,2026-05-01T17:55:01Z,2026-05-01T17:54:58Z,191,True,artdaq-epics-plugin,art-daq/artdaq-epics-plugin,git@github.com:art-daq/artdaq-epics-plugin.git,0
R_kgDOHgjbEQ,2022-06-15T19:28:22Z,2026-05-01T17:54:56Z,2026-05-01T17:54:53Z,5963,True,artdaq-database,art-daq/artdaq-database,git@github.com:art-daq/artdaq-database.git,0
R_kgDOHgjawg,2022-06-15T19:28:07Z,2026-05-06T20:14:06Z,2026-05-06T20:14:01Z,3103,True,artdaq-utilities,art-daq/artdaq-utilities,git@github.com:art-daq/artdaq-utilities.git,0
R_kgDOHgjafw,2022-06-15T19:27:52Z,2026-05-01T17:54:58Z,2026-05-01T17:54:55Z,6099,True,artdaq-demo,art-daq/artdaq-demo,git@github.com:art-daq/artdaq-demo.git,0
R_kgDOHgjaTw,2022-06-15T19:27:42Z,2026-05-01T17:54:49Z,2026-05-01T17:54:47Z,377,True,artdaq-core-demo,art-daq/artdaq-core-demo,git@github.com:art-daq/artdaq-core-demo.git,0
R_kgDOHgjaNA,2022-06-15T19:27:36Z,2026-05-01T17:54:47Z,2026-05-06T20:30:51Z,1102,True,artdaq-core,art-daq/artdaq-core,git@github.com:art-daq/artdaq-core.git,0
R_kgDOHgjaFg,2022-06-15T19:27:30Z,2026-05-01T17:54:43Z,2026-05-05T19:16:47Z,6750,True,artdaq,art-daq/artdaq,git@github.com:art-daq/artdaq.git,0
R_kgDOHgjZkA,2022-06-15T19:26:57Z,2026-05-01T18:09:36Z,2026-05-01T18:09:32Z,3020,True,otsdaq-demo,art-daq/otsdaq-demo,git@github.com:art-daq/otsdaq-demo.git,0
R_kgDOHgjZWg,2022-06-15T19:26:47Z,2026-03-26T16:53:01Z,2026-03-26T16:52:58Z,154,True,otsdaq-epics,art-daq/otsdaq-epics,git@github.com:art-daq/otsdaq-epics.git,0
R_kgDOHgjZDw,2022-06-15T19:26:29Z,2026-03-26T16:51:18Z,2026-03-26T16:51:15Z,504,True,otsdaq-components,art-daq/otsdaq-components,git@github.com:art-daq/otsdaq-components.git,0
R_kgDOHgjWfg,2022-06-15T19:24:07Z,2026-05-01T20:53:46Z,2026-05-07T00:11:26Z,11390,True,otsdaq,art-daq/otsdaq,git@github.com:art-daq/otsdaq.git,3
R_kgDOHgh1Gg,2022-06-15T17:57:09Z,2026-05-02T02:07:05Z,2026-05-02T20:17:16Z,378,True,kinematics_interface,ros-controls/kinematics_interface,git@github.com:ros-controls/kinematics_interface.git,46
R_kgDOHghc-Q,2022-06-15T17:37:41Z,2026-04-29T11:38:09Z,2026-05-05T14:41:18Z,94905,True,obs-streamelements-core,StreamElements/obs-streamelements-core,git@github.com:StreamElements/obs-streamelements-core.git,15
R_kgDOHggF_A,2022-06-15T16:26:22Z,2026-05-06T15:08:39Z,2026-05-06T14:51:59Z,4207,False,Muli,Sopiro/Muli,git@github.com:Sopiro/Muli.git,37
R_kgDOHgeA4g,2022-06-15T14:48:24Z,2026-04-06T21:57:50Z,2026-04-06T21:57:42Z,1724,False,tritet,cpmech/tritet,git@github.com:cpmech/tritet.git,22
R_kgDOHgWqSg,2022-06-15T08:53:28Z,2026-03-23T13:11:43Z,2026-03-23T13:11:36Z,80,True,irods_auth_plugin_pam_interactive,irods/irods_auth_plugin_pam_interactive,git@github.com:irods/irods_auth_plugin_pam_interactive.git,2
R_kgDOHgSshw,2022-06-15T05:08:17Z,2026-04-19T02:00:42Z,2026-04-19T02:04:08Z,508,False,PARAMETEREDITOR,Fantaselion/PARAMETEREDITOR,git@github.com:Fantaselion/PARAMETEREDITOR.git,0
R_kgDOHgRV6g,2022-06-15T03:25:25Z,2026-04-29T06:18:02Z,2026-04-29T06:17:57Z,1192,False,InSAR,zengguobing/InSAR,git@github.com:zengguobing/InSAR.git,69
R_kgDOHgQ21A,2022-06-15T02:50:15Z,2026-05-07T10:38:47Z,2026-04-13T05:22:34Z,23837,False,notepad--,cxasm/notepad--,git@github.com:cxasm/notepad--.git,9408
R_kgDOHgLgpA,2022-06-14T20:07:10Z,2026-05-03T09:38:43Z,2026-04-15T06:21:39Z,26215,False,PicoADK-Firmware-Template,DatanoiseTV/PicoADK-Firmware-Template,git@github.com:DatanoiseTV/PicoADK-Firmware-Template.git,175
R_kgDOHgJXAA,2022-06-14T18:07:29Z,2026-04-03T20:14:11Z,2026-04-03T20:14:22Z,429,True,Firmware_-_FlightControl,RTGS-Lab/Firmware_-_FlightControl,git@github.com:RTGS-Lab/Firmware_-_FlightControl.git,0
R_kgDOHgEKMA,2022-06-14T14:02:54Z,2026-05-05T06:05:13Z,2026-05-05T06:05:07Z,2475891,False,3deditor,peterrdf/3deditor,git@github.com:peterrdf/3deditor.git,3
R_kgDOHf-Arg,2022-06-14T09:03:06Z,2026-03-23T14:28:33Z,2026-03-23T14:28:28Z,4141,True,asyeos,R3BRootGroup/asyeos,git@github.com:R3BRootGroup/asyeos.git,2
R_kgDOHfxaeA,2022-06-13T18:50:47Z,2026-05-05T20:54:58Z,2026-04-29T15:09:55Z,976,True,clap-wrapper,free-audio/clap-wrapper,git@github.com:free-audio/clap-wrapper.git,249
R_kgDOHfvqRg,2022-06-13T17:17:03Z,2026-04-30T04:12:28Z,2026-04-24T19:18:07Z,4814,True,radeon_raytracing_analyzer,GPUOpen-Tools/radeon_raytracing_analyzer,git@github.com:GPUOpen-Tools/radeon_raytracing_analyzer.git,255
R_kgDOHfr2Pg,2022-06-13T14:16:58Z,2026-03-23T12:19:08Z,2026-05-07T10:20:08Z,3210,True,NESO-Particles,ExCALIBUR-NEPTUNE/NESO-Particles,git@github.com:ExCALIBUR-NEPTUNE/NESO-Particles.git,7
R_kgDOHfpr2A,2022-06-13T12:39:58Z,2026-03-20T08:38:31Z,2026-04-21T21:28:23Z,23034,True,threads,PalamaraLab/threads,git@github.com:PalamaraLab/threads.git,2
R_kgDOHfkw_g,2022-06-13T08:28:08Z,2026-04-18T11:35:40Z,2026-04-26T14:30:52Z,121217,True,MounteaInventoryEquipment,Mountea-Framework/MounteaInventoryEquipment,git@github.com:Mountea-Framework/MounteaInventoryEquipment.git,40
R_kgDOHfkovg,2022-06-13T08:21:32Z,2026-04-19T19:05:58Z,2026-04-19T19:12:45Z,10089,True,MounteaInteractionSystem,Mountea-Framework/MounteaInteractionSystem,git@github.com:Mountea-Framework/MounteaInteractionSystem.git,116
R_kgDOHfj1Ew,2022-06-13T07:40:48Z,2026-05-04T21:48:23Z,2026-04-28T08:17:43Z,1326,False,qpwgraph,rncbc/qpwgraph,git@github.com:rncbc/qpwgraph.git,595
R_kgDOHfghPw,2022-06-13T04:07:04Z,2026-03-21T03:04:20Z,2026-05-04T19:17:54Z,2692,True,BSplineLib,tataratat/BSplineLib,git@github.com:tataratat/BSplineLib.git,5
R_kgDOHfd7Lg,2022-06-13T00:20:58Z,2026-05-04T01:29:23Z,2026-03-04T19:37:29Z,1126,True,wibo,decompals/wibo,git@github.com:decompals/wibo.git,135
R_kgDOHfVuIA,2022-06-12T13:29:04Z,2026-03-19T14:08:11Z,2026-03-19T14:07:25Z,61,False,LogToQueue,hardmax/LogToQueue,git@github.com:hardmax/LogToQueue.git,1
R_kgDOHfSV9A,2022-06-12T09:11:55Z,2026-05-02T14:25:32Z,2026-03-21T07:49:07Z,332,True,tioj-judge,TIOJ-INFOR-Online-Judge/tioj-judge,git@github.com:TIOJ-INFOR-Online-Judge/tioj-judge.git,16
R_kgDOHfOQ9g,2022-06-12T02:34:37Z,2026-04-16T17:52:31Z,2026-03-05T18:54:25Z,324,False,obs-airplay,mika314/obs-airplay,git@github.com:mika314/obs-airplay.git,74
R_kgDOHfNcWw,2022-06-12T00:53:46Z,2026-05-01T14:23:42Z,2026-04-28T04:48:45Z,40,True,vgui_support,FWGS/vgui_support,git@github.com:FWGS/vgui_support.git,10
R_kgDOHfJ-IA,2022-06-11T18:51:44Z,2026-03-07T00:34:20Z,2026-05-04T14:09:46Z,50513,False,Phobos-Minimal,Otamaa/Phobos-Minimal,git@github.com:Otamaa/Phobos-Minimal.git,9
R_kgDOHfIlSg,2022-06-11T17:04:21Z,2026-04-17T01:31:05Z,2026-04-17T01:31:00Z,1046608,False,Galaxia-ananke,athob/Galaxia-ananke,git@github.com:athob/Galaxia-ananke.git,1
R_kgDOHfIZjA,2022-06-11T16:51:26Z,2026-04-21T08:08:54Z,2026-04-13T21:51:15Z,9964,False,MOS,moodyhunter/MOS,git@github.com:moodyhunter/MOS.git,31
R_kgDOHfF_hw,2022-06-11T14:10:08Z,2026-05-01T09:05:31Z,2026-05-01T03:43:16Z,48517,False,Meridian_LITE,Ninagawa123/Meridian_LITE,git@github.com:Ninagawa123/Meridian_LITE.git,11
R_kgDOHe-jFQ,2022-06-11T03:56:02Z,2026-05-07T03:31:26Z,2026-05-07T05:12:54Z,45569,True,libraries,Fuzzyline-HAS/libraries,git@github.com:Fuzzyline-HAS/libraries.git,0
R_kgDOHe5AUA,2022-06-10T19:07:20Z,2026-05-01T13:41:10Z,2026-05-01T13:41:06Z,25152,False,neutrino2,mohousch/neutrino2,git@github.com:mohousch/neutrino2.git,8
R_kgDOHe3Z6A,2022-06-10T17:27:49Z,2026-04-26T23:09:55Z,2026-04-29T09:12:14Z,2959,False,haier-esphome,paveldn/haier-esphome,git@github.com:paveldn/haier-esphome.git,150
R_kgDOHezUQA,2022-06-10T13:48:16Z,2026-03-10T08:42:14Z,2026-03-10T08:42:17Z,398,True,camera_aravis2,FraunhoferIOSB/camera_aravis2,git@github.com:FraunhoferIOSB/camera_aravis2.git,41
R_kgDOHeyeTA,2022-06-10T13:04:22Z,2026-05-01T11:18:26Z,2026-04-28T08:18:49Z,2780,True,nigiri,motis-project/nigiri,git@github.com:motis-project/nigiri.git,36
R_kgDOHexYgg,2022-06-10T12:06:12Z,2026-05-06T14:53:22Z,2026-05-06T14:35:13Z,6753,False,gpcc,DanielJerolm/gpcc,git@github.com:DanielJerolm/gpcc.git,1
R_kgDOHexK7Q,2022-06-10T11:54:27Z,2026-04-29T05:59:54Z,2026-04-29T05:59:51Z,37428,True,PrivacyAndSocialEngineering,ouspg/PrivacyAndSocialEngineering,git@github.com:ouspg/PrivacyAndSocialEngineering.git,12
R_kgDOHeuxTg,2022-06-10T09:40:57Z,2025-06-23T23:37:38Z,2026-04-29T23:29:20Z,78011,True,iot-hub-device-update-delta,Azure/iot-hub-device-update-delta,git@github.com:Azure/iot-hub-device-update-delta.git,5
R_kgDOHeoalQ,2022-06-10T03:02:15Z,2026-04-15T20:18:20Z,2026-04-15T20:18:16Z,243,True,Audio,Scaly-Sphere-Studio/Audio,git@github.com:Scaly-Sphere-Studio/Audio.git,0
R_kgDOHekHMw,2022-06-09T21:17:26Z,2026-03-14T13:10:03Z,2026-03-03T23:20:45Z,36,False,esphome-components,jesserockz/esphome-components,git@github.com:jesserockz/esphome-components.git,13
R_kgDOHefqxg,2022-06-09T16:56:42Z,2026-03-31T10:57:04Z,2026-03-31T10:57:06Z,74,True,libmocha,wiiu-env/libmocha,git@github.com:wiiu-env/libmocha.git,7
R_kgDOHeUuJA,2022-06-09T07:59:08Z,2026-04-21T08:24:14Z,2026-04-21T08:24:10Z,25981,True,cellift-yosys,comsec-group/cellift-yosys,git@github.com:comsec-group/cellift-yosys.git,13
R_kgDOHeS7GA,2022-06-09T06:22:14Z,2026-04-30T07:07:21Z,2026-04-30T07:07:17Z,1006,False,esphome-dps,syssi/esphome-dps,git@github.com:syssi/esphome-dps.git,35
R_kgDOHeSBcg,2022-06-09T05:19:38Z,2026-04-29T17:35:12Z,2026-04-29T17:35:06Z,70957,False,AvZScript,qrmd0/AvZScript,git@github.com:qrmd0/AvZScript.git,16
R_kgDOHeOu5A,2022-06-09T01:10:28Z,2026-04-29T12:06:35Z,2026-04-24T23:45:16Z,412746,True,stonedb,stoneatom/stonedb,git@github.com:stoneatom/stonedb.git,883
R_kgDOHeLxjg,2022-06-08T21:11:51Z,2026-05-07T07:15:51Z,2026-05-01T11:34:49Z,2183,False,zmk-config,urob/zmk-config,git@github.com:urob/zmk-config.git,1293
R_kgDOHeB01g,2022-06-08T12:51:30Z,2026-04-10T16:41:30Z,2026-04-03T06:44:54Z,91048,False,QtScrcpyCore,barry-ran/QtScrcpyCore,git@github.com:barry-ran/QtScrcpyCore.git,96
R_kgDOHeA68Q,2022-06-08T12:08:20Z,2026-03-12T15:37:10Z,2026-03-12T15:36:52Z,8034,True,premise,uds-lsv/premise,git@github.com:uds-lsv/premise.git,4
R_kgDOHd-PYQ,2022-06-08T09:50:30Z,2026-04-27T13:15:29Z,2026-05-07T10:45:46Z,181925,True,leapfrog,hivtools/leapfrog,git@github.com:hivtools/leapfrog.git,0
R_kgDOHd57hw,2022-06-08T06:00:25Z,2026-04-26T14:40:57Z,2026-04-27T14:09:14Z,221028,True,ros2_tms_for_construction,irvs/ros2_tms_for_construction,git@github.com:irvs/ros2_tms_for_construction.git,15
R_kgDOHd3gMw,2022-06-08T03:01:32Z,2026-04-30T07:17:31Z,2026-03-02T09:43:41Z,3648,True,Fields2Cover,Fields2Cover/Fields2Cover,git@github.com:Fields2Cover/Fields2Cover.git,795
R_kgDOHd26XA,2022-06-08T02:21:02Z,2026-03-04T07:32:47Z,2026-03-04T07:32:42Z,35902,False,SeeWeDev,pbunnun/SeeWeDev,git@github.com:pbunnun/SeeWeDev.git,6
R_kgDOHd1bzA,2022-06-08T00:28:50Z,2026-05-04T20:15:29Z,2026-04-22T23:57:36Z,9491,True,AgIsoStack-plus-plus,Open-Agriculture/AgIsoStack-plus-plus,git@github.com:Open-Agriculture/AgIsoStack-plus-plus.git,350
R_kgDOHdyUwg,2022-06-07T20:32:08Z,2026-05-07T07:12:44Z,2026-04-01T18:09:53Z,44433,True,holoscan-sdk,nvidia-holoscan/holoscan-sdk,git@github.com:nvidia-holoscan/holoscan-sdk.git,206
R_kgDOHdth1w,2022-06-07T16:19:54Z,2026-05-05T01:40:12Z,2026-05-07T09:24:59Z,1070,True,kunifiedpush,KDE/kunifiedpush,git@github.com:KDE/kunifiedpush.git,15
R_kgDOHdrCPg,2022-06-07T14:29:43Z,2026-05-06T07:55:45Z,2026-05-06T07:55:41Z,110433,False,osus-revented,ohasanov-hbrw/osus-revented,git@github.com:ohasanov-hbrw/osus-revented.git,54
R_kgDOHdqKzA,2022-06-07T13:53:40Z,2026-05-06T08:56:33Z,2026-05-06T08:56:29Z,10,False,lognorm,jeremysanders/lognorm,git@github.com:jeremysanders/lognorm.git,3
R_kgDOHdkeGA,2022-06-07T09:11:51Z,2026-04-03T07:30:43Z,2026-04-03T07:30:45Z,224,False,kvh,MathsCell/kvh,git@github.com:MathsCell/kvh.git,0
R_kgDOHdbo5w,2022-06-06T23:27:58Z,2026-04-29T20:45:18Z,2026-04-29T20:45:14Z,11449,True,NFDRS4,firelab/NFDRS4,git@github.com:firelab/NFDRS4.git,21
R_kgDOHdbiDA,2022-06-06T23:18:46Z,2026-04-27T11:51:24Z,2026-04-07T14:52:12Z,1419,False,iOS_UEDumper,MJx0/iOS_UEDumper,git@github.com:MJx0/iOS_UEDumper.git,255
R_kgDOHda1YQ,2022-06-06T22:21:31Z,2026-04-04T02:42:36Z,2026-04-13T03:06:58Z,94467,False,corintho-ai,maxjiang216/corintho-ai,git@github.com:maxjiang216/corintho-ai.git,3
R_kgDOHdY85A,2022-06-06T20:12:22Z,2026-03-24T01:37:50Z,2026-03-24T01:37:46Z,4817,True,mauiman,KDE/mauiman,git@github.com:KDE/mauiman.git,4
R_kgDOHdXqrA,2022-06-06T18:59:37Z,2026-05-04T17:34:55Z,2026-05-04T17:34:51Z,651,False,parameters,doctea/parameters,git@github.com:doctea/parameters.git,3
R_kgDOHdRB0w,2022-06-06T13:43:28Z,2026-05-05T17:24:29Z,2026-05-06T05:05:08Z,5757,True,RSDKv5-Decompilation,RSDKModding/RSDKv5-Decompilation,git@github.com:RSDKModding/RSDKv5-Decompilation.git,511
R_kgDOHdMqsQ,2022-06-06T09:56:12Z,2026-05-01T17:30:27Z,2026-04-27T20:17:43Z,1411,True,maplibre-native-qt,maplibre/maplibre-native-qt,git@github.com:maplibre/maplibre-native-qt.git,120
R_kgDOHdKvVg,2022-06-06T08:12:47Z,2026-04-25T11:44:13Z,2026-04-25T11:44:09Z,41,False,vector-instruction-experiments,ZacWalk/vector-instruction-experiments,git@github.com:ZacWalk/vector-instruction-experiments.git,0
R_kgDOHdKNWQ,2022-06-06T07:43:07Z,2026-05-07T11:25:34Z,2026-05-07T09:57:50Z,5151,True,PhotonLibOS,alibaba/PhotonLibOS,git@github.com:alibaba/PhotonLibOS.git,1188
R_kgDOHdHZQQ,2022-06-06T04:35:16Z,2026-04-21T06:32:04Z,2026-04-21T06:32:00Z,202,True,mos-tools,fmidev/mos-tools,git@github.com:fmidev/mos-tools.git,0
R_kgDOHdEltQ,2022-06-06T00:34:26Z,2026-03-01T00:27:54Z,2026-03-01T00:27:50Z,472,True,SpecsHD,spelunky-fyi/SpecsHD,git@github.com:spelunky-fyi/SpecsHD.git,3
R_kgDOHc_lgw,2022-06-05T17:23:02Z,2026-05-06T15:51:35Z,2026-03-07T10:26:54Z,6475,True,Pluto,PlutoLang/Pluto,git@github.com:PlutoLang/Pluto.git,672
R_kgDOHc7a_w,2022-06-05T12:47:18Z,2026-03-22T17:18:19Z,2026-03-22T17:18:15Z,1293,False,DSA,Kirancse47/DSA,git@github.com:Kirancse47/DSA.git,0
R_kgDOHc0Siw,2022-06-05T02:08:26Z,2026-04-30T20:50:56Z,2026-03-06T01:59:19Z,183948,False,Game-Boy-DMG-Color,MouseBiteLabs/Game-Boy-DMG-Color,git@github.com:MouseBiteLabs/Game-Boy-DMG-Color.git,303
R_kgDOHcz-AA,2022-06-05T01:29:49Z,2026-03-22T16:46:51Z,2026-04-22T23:14:13Z,353,False,core,M-Fatah/core,git@github.com:M-Fatah/core.git,11
R_kgDOHcwhMg,2022-06-04T19:20:30Z,2026-04-27T13:09:03Z,2026-04-27T13:08:59Z,44465,False,college-programming,soobinrho/college-programming,git@github.com:soobinrho/college-programming.git,1
R_kgDOHcoLkw,2022-06-04T09:27:01Z,2026-05-07T09:58:06Z,2026-05-07T10:04:09Z,1030,False,orbitfight,Ilya246/orbitfight,git@github.com:Ilya246/orbitfight.git,29
R_kgDOHcmNhA,2022-06-04T06:46:52Z,2026-05-01T03:25:08Z,2026-05-01T03:25:03Z,51156,False,AvZLib,qrmd0/AvZLib,git@github.com:qrmd0/AvZLib.git,22
R_kgDOHclfAQ,2022-06-04T05:41:06Z,2026-05-04T17:01:40Z,2026-03-17T15:41:01Z,114,True,fcitx5-bamboo,fcitx/fcitx5-bamboo,git@github.com:fcitx/fcitx5-bamboo.git,67
R_kgDOHcjJKA,2022-06-04T01:49:05Z,2026-05-05T17:14:35Z,2026-05-04T15:29:46Z,602,True,maui-core-src,Nitrux/maui-core-src,git@github.com:Nitrux/maui-core-src.git,2
R_kgDOHcZqcA,2022-06-03T14:30:31Z,2026-04-28T14:52:59Z,2026-04-28T14:34:53Z,4669,True,valijson,mayhemheroes/valijson,git@github.com:mayhemheroes/valijson.git,0
R_kgDOHcZkjg,2022-06-03T14:25:55Z,2026-05-07T01:32:27Z,2026-05-07T01:32:23Z,1643,True,protobuf-c,mayhemheroes/protobuf-c,git@github.com:mayhemheroes/protobuf-c.git,0
R_kgDOHcZiHw,2022-06-03T14:24:10Z,2026-04-24T19:55:08Z,2026-04-24T20:00:51Z,99901,False,Colossus,ericgiunta/Colossus,git@github.com:ericgiunta/Colossus.git,2
R_kgDOHcWo9g,2022-06-03T11:54:08Z,2026-05-04T07:29:55Z,2026-04-29T10:15:34Z,5836261,True,tpu-mlir,sophgo/tpu-mlir,git@github.com:sophgo/tpu-mlir.git,913
R_kgDOHcMXbQ,2022-06-02T23:50:28Z,2026-03-04T02:13:18Z,2026-03-04T02:13:15Z,8486,False,OS-sim,maferVV/OS-sim,git@github.com:maferVV/OS-sim.git,0
R_kgDOHcLAdA,2022-06-02T21:58:10Z,2026-04-10T18:37:23Z,2026-04-10T18:37:18Z,6006,True,rviz_polygon_selection_tool,swri-robotics/rviz_polygon_selection_tool,git@github.com:swri-robotics/rviz_polygon_selection_tool.git,26
R_kgDOHcJQQw,2022-06-02T20:04:02Z,2026-05-05T00:03:59Z,2026-05-05T00:03:54Z,1530323,False,GraphicsCortex,furkanunsal42/GraphicsCortex,git@github.com:furkanunsal42/GraphicsCortex.git,12
R_kgDOHcCh7A,2022-06-02T14:15:08Z,2026-04-20T13:58:56Z,2026-04-20T13:58:51Z,20434,True,wm-project,ZeraGmbH/wm-project,git@github.com:ZeraGmbH/wm-project.git,0
R_kgDOHb_H3w,2022-06-02T11:28:46Z,2026-04-17T11:31:51Z,2026-04-17T18:30:41Z,36496,False,HepMC3,andriish/HepMC3,git@github.com:andriish/HepMC3.git,0
R_kgDOHb56Lw,2022-06-02T06:43:43Z,2026-05-05T04:10:48Z,2026-05-05T04:10:46Z,43582,False,glim_ext,koide3/glim_ext,git@github.com:koide3/glim_ext.git,57
R_kgDOHb55DA,2022-06-02T06:42:52Z,2026-04-28T22:44:04Z,2026-03-05T23:03:56Z,148,False,glim_ros2,koide3/glim_ros2,git@github.com:koide3/glim_ros2.git,83
R_kgDOHb0NHA,2022-06-01T23:33:46Z,2026-04-25T03:20:50Z,2026-03-14T18:18:08Z,7033,False,QSSTV,ON4QZ/QSSTV,git@github.com:ON4QZ/QSSTV.git,171
R_kgDOHbynXA,2022-06-01T21:25:51Z,2026-03-04T15:44:43Z,2026-03-04T15:40:58Z,123131,True,ejemplos_state_management,MisionTIC4b/ejemplos_state_management,git@github.com:MisionTIC4b/ejemplos_state_management.git,0
R_kgDOHbv51Q,2022-06-01T18:41:42Z,2026-05-05T01:24:39Z,2026-05-05T01:24:36Z,114874,True,epic,eic/epic,git@github.com:eic/epic.git,29
R_kgDOHbrt1A,2022-06-01T15:20:33Z,2026-05-03T20:58:34Z,2026-05-03T20:58:30Z,256,True,ArduinoCore-zephyr,zephyrproject-rtos/ArduinoCore-zephyr,git@github.com:zephyrproject-rtos/ArduinoCore-zephyr.git,59
R_kgDOHbqxmA,2022-06-01T14:38:58Z,2026-04-09T13:32:30Z,2026-05-06T22:21:53Z,12163,True,template-unreal,apigear-io/template-unreal,git@github.com:apigear-io/template-unreal.git,7
R_kgDOHbl4XA,2022-06-01T10:40:53Z,2026-05-07T11:16:37Z,2026-05-07T11:16:32Z,26669,True,ci-test-automation,tiiuae/ci-test-automation,git@github.com:tiiuae/ci-test-automation.git,2
R_kgDOHbjGRw,2022-06-01T08:16:11Z,2026-03-18T21:54:20Z,2026-03-18T21:54:16Z,4891,False,xivres,Soreepeong/xivres,git@github.com:Soreepeong/xivres.git,8
R_kgDOHbe8ZA,2022-06-01T03:42:27Z,2026-04-16T00:58:48Z,2026-04-16T00:58:45Z,17,True,fpp-PixelRadio,FalconChristmas/fpp-PixelRadio,git@github.com:FalconChristmas/fpp-PixelRadio.git,2
R_kgDOHbdMYA,2022-06-01T01:31:19Z,2026-05-06T22:23:06Z,2026-05-06T22:23:02Z,160,False,Plugalyzer,CrushedPixel/Plugalyzer,git@github.com:CrushedPixel/Plugalyzer.git,170
R_kgDOHbcoYA,2022-06-01T00:45:40Z,2026-03-19T21:19:57Z,2026-03-19T21:19:51Z,2347,True,Stash,BirolLab/Stash,git@github.com:BirolLab/Stash.git,4
R_kgDOHbU-Tg,2022-05-31T16:38:59Z,2026-04-30T05:41:20Z,2026-04-30T05:41:17Z,1203,False,quadgrid,carlodefalco/quadgrid,git@github.com:carlodefalco/quadgrid.git,3
R_kgDOHbR49Q,2022-05-31T14:17:53Z,2026-04-24T14:34:17Z,2026-05-04T13:55:24Z,26044,True,tour-guide-robot,hsp-iit/tour-guide-robot,git@github.com:hsp-iit/tour-guide-robot.git,11
R_kgDOHbQt4A,2022-05-31T13:26:58Z,2026-03-04T15:46:26Z,2026-03-04T15:40:31Z,4987,True,SCHOOL_FESTIVAL,MUNAKATA-EPC/SCHOOL_FESTIVAL,git@github.com:MUNAKATA-EPC/SCHOOL_FESTIVAL.git,0
R_kgDOHbE7Hw,2022-05-31T02:01:48Z,2026-05-05T08:04:44Z,2026-05-05T07:15:15Z,8918,False,ATMega328P-Disassembler,AchcarLucas/ATMega328P-Disassembler,git@github.com:AchcarLucas/ATMega328P-Disassembler.git,1
R_kgDOHbEWxw,2022-05-31T01:19:11Z,2026-04-28T14:55:28Z,2026-04-28T14:53:56Z,130,False,snake-game,Saad220905/snake-game,git@github.com:Saad220905/snake-game.git,0
R_kgDOHbEB8w,2022-05-31T00:52:39Z,2026-04-28T08:24:20Z,2026-04-28T08:23:06Z,41272,True,Engine3D,PerceptionRobotique/Engine3D,git@github.com:PerceptionRobotique/Engine3D.git,1
R_kgDOHbCsEQ,2022-05-30T22:51:08Z,2026-03-23T23:56:09Z,2026-03-23T23:56:06Z,125,False,Starlight-Common,JSchpp12/Starlight-Common,git@github.com:JSchpp12/Starlight-Common.git,1
R_kgDOHbBf_g,2022-05-30T21:14:09Z,2026-05-03T19:00:21Z,2026-05-03T19:00:16Z,87,False,luci-app-qbittorrent,sbwml/luci-app-qbittorrent,git@github.com:sbwml/luci-app-qbittorrent.git,22
R_kgDOHa83Hw,2022-05-30T16:38:08Z,2026-05-07T02:15:16Z,2026-04-16T16:52:47Z,4327,False,Pimax-OpenXR,mbucchia/Pimax-OpenXR,git@github.com:mbucchia/Pimax-OpenXR.git,123
R_kgDOHa523A,2022-05-30T14:16:25Z,2026-03-27T15:14:01Z,2026-03-27T15:13:56Z,13594,False,RaiderSTREAM,michael-beebe/RaiderSTREAM,git@github.com:michael-beebe/RaiderSTREAM.git,8
R_kgDOHa4KCw,2022-05-30T13:00:51Z,2026-03-02T15:56:29Z,2026-03-02T15:56:24Z,142,True,tr-plugin-mqtt,TrunkRecorder/tr-plugin-mqtt,git@github.com:TrunkRecorder/tr-plugin-mqtt.git,7
R_kgDOHa2Nrg,2022-05-30T11:28:04Z,2026-04-17T11:46:43Z,2026-04-17T11:46:39Z,1888,True,tink-cc-gcpkms,tink-crypto/tink-cc-gcpkms,git@github.com:tink-crypto/tink-cc-gcpkms.git,7
R_kgDOHaybag,2022-05-30T08:19:00Z,2026-03-25T09:30:37Z,2026-03-25T09:30:48Z,326,True,dde-app-services,linuxdeepin/dde-app-services,git@github.com:linuxdeepin/dde-app-services.git,2
R_kgDOHarBUw,2022-05-29T23:12:07Z,2026-05-06T14:57:39Z,2026-04-15T20:10:50Z,628,False,Bottango,EvanBottango/Bottango,git@github.com:EvanBottango/Bottango.git,57
R_kgDOHapeDw,2022-05-29T20:38:53Z,2026-03-30T13:09:33Z,2026-03-15T00:24:41Z,62,False,AclUnity,Dreaming381/AclUnity,git@github.com:Dreaming381/AclUnity.git,69
R_kgDOHan3Eg,2022-05-29T18:38:35Z,2026-03-24T19:39:50Z,2026-03-24T19:39:46Z,3781,True,PATO,UDC-GAC/PATO,git@github.com:UDC-GAC/PATO.git,9
R_kgDOHakzJA,2022-05-29T15:19:53Z,2026-04-16T18:22:23Z,2026-04-16T18:22:19Z,2343,True,esp32-c3,Hackuarium/esp32-c3,git@github.com:Hackuarium/esp32-c3.git,0
R_kgDOHakJBg,2022-05-29T14:38:08Z,2026-04-28T13:20:08Z,2026-03-11T14:11:23Z,132,False,AS5600,RobTillaart/AS5600,git@github.com:RobTillaart/AS5600.git,186
R_kgDOHaesIA,2022-05-29T08:07:24Z,2026-03-11T22:33:02Z,2026-03-18T10:57:15Z,309289,True,VortexEngine,StoneOrbits/VortexEngine,git@github.com:StoneOrbits/VortexEngine.git,9
R_kgDOHaasTg,2022-05-29T01:18:02Z,2026-04-28T00:57:16Z,2026-04-28T00:57:12Z,94146,False,WiRSa,nullvalue0/WiRSa,git@github.com:nullvalue0/WiRSa.git,41
R_kgDOHaXUTA,2022-05-28T19:07:44Z,2026-05-06T18:15:12Z,2026-05-04T21:08:39Z,116281,False,Alexandria,PGG106/Alexandria,git@github.com:PGG106/Alexandria.git,136
R_kgDOHaWSpw,2022-05-28T17:48:58Z,2026-03-29T13:28:33Z,2026-03-29T13:28:30Z,23882,False,minigin,avadae/minigin,git@github.com:avadae/minigin.git,5
R_kgDOHaSzBg,2022-05-28T13:57:14Z,2026-04-15T14:49:30Z,2026-04-15T14:49:26Z,319,False,rplsTOOL,tana3n/rplsTOOL,git@github.com:tana3n/rplsTOOL.git,1
R_kgDOHaQQbg,2022-05-28T10:57:08Z,2026-03-16T23:18:41Z,2026-04-28T13:01:54Z,92557,False,kraft_engine,theunwisewolf/kraft_engine,git@github.com:theunwisewolf/kraft_engine.git,1
R_kgDOHaIcHQ,2022-05-27T23:24:45Z,2026-04-12T09:23:45Z,2026-04-20T02:33:29Z,14250,False,VisualNodeSystem,Azzinoth/VisualNodeSystem,git@github.com:Azzinoth/VisualNodeSystem.git,39
R_kgDOHaDW8w,2022-05-27T17:19:49Z,2026-04-23T19:59:44Z,2026-04-23T20:09:11Z,41241,False,VkFFT,xelliott/VkFFT,git@github.com:xelliott/VkFFT.git,0
R_kgDOHaBPQg,2022-05-27T15:21:50Z,2026-03-05T12:21:30Z,2026-03-05T12:21:26Z,1471,False,rSpectral,cmclean5/rSpectral,git@github.com:cmclean5/rSpectral.git,2
R_kgDOHZ8aiw,2022-05-27T11:11:12Z,2026-05-04T18:14:52Z,2026-05-04T18:14:47Z,38961,False,Dokumentation_SW8249,cpizer/Dokumentation_SW8249,git@github.com:cpizer/Dokumentation_SW8249.git,0
R_kgDOHZ564Q,2022-05-27T08:50:32Z,2026-03-27T11:20:35Z,2026-03-27T11:20:27Z,19388,True,vendor_qcom_opensource_system_bt,keepQASSA/vendor_qcom_opensource_system_bt,git@github.com:keepQASSA/vendor_qcom_opensource_system_bt.git,0
R_kgDOHZ43dw,2022-05-27T07:52:49Z,2026-03-12T16:46:38Z,2026-03-12T16:46:34Z,60,True,sas_common,SmartArmStack/sas_common,git@github.com:SmartArmStack/sas_common.git,0
R_kgDOHZybLA,2022-05-26T23:35:32Z,2026-03-31T14:46:44Z,2026-03-31T14:46:44Z,25,False,libpressio-sperr,robertu94/libpressio-sperr,git@github.com:robertu94/libpressio-sperr.git,1
R_kgDOHZv3Ng,2022-05-26T20:19:17Z,2026-04-02T22:14:18Z,2026-05-05T06:30:24Z,14183,True,exohood-envoy-cloud,exohood/exohood-envoy-cloud,git@github.com:exohood/exohood-envoy-cloud.git,3
R_kgDOHZYfrQ,2022-05-25T20:18:19Z,2026-05-04T18:04:16Z,2026-05-06T15:50:43Z,31345,True,hAUptic-paddle,WeBRLab/hAUptic-paddle,git@github.com:WeBRLab/hAUptic-paddle.git,0
R_kgDOHZVuRg,2022-05-25T17:40:32Z,2026-05-03T14:15:55Z,2026-05-03T14:15:51Z,805,True,sst-jucegui,surge-synthesizer/sst-jucegui,git@github.com:surge-synthesizer/sst-jucegui.git,2
R_kgDOHZVIow,2022-05-25T17:09:45Z,2026-03-18T21:54:38Z,2026-03-18T21:54:34Z,5142,False,FFXIV-FontChanger,Soreepeong/FFXIV-FontChanger,git@github.com:Soreepeong/FFXIV-FontChanger.git,56
R_kgDOHZSZVw,2022-05-25T14:58:51Z,2026-04-07T19:43:19Z,2026-04-07T19:43:15Z,43479,True,DroneLabCourse-Starter,UniBw-ETTI-2-IoT/DroneLabCourse-Starter,git@github.com:UniBw-ETTI-2-IoT/DroneLabCourse-Starter.git,2
R_kgDOHZSLnA,2022-05-25T14:49:37Z,2026-03-03T14:27:10Z,2026-03-03T14:27:05Z,13737,False,Flutter,ljw-LAB/Flutter,git@github.com:ljw-LAB/Flutter.git,0
R_kgDOHZPikQ,2022-05-25T12:56:16Z,2026-04-29T23:53:30Z,2026-04-16T09:54:25Z,47624,False,ocijail,dfr/ocijail,git@github.com:dfr/ocijail.git,98
R_kgDOHZL4qg,2022-05-25T09:47:21Z,2026-04-28T12:04:32Z,2026-05-05T20:17:58Z,44569,True,FlexFringe,tudelft-cda-lab/FlexFringe,git@github.com:tudelft-cda-lab/FlexFringe.git,26
R_kgDOHZKvgQ,2022-05-25T08:49:54Z,2026-05-01T11:14:33Z,2026-05-01T11:14:29Z,564,False,D3D11Renderer,WilliamKitson/D3D11Renderer,git@github.com:WilliamKitson/D3D11Renderer.git,0
R_kgDOHZFPSQ,2022-05-25T02:57:27Z,2026-03-24T23:02:23Z,2026-03-24T23:02:48Z,14404,False,oILAB,oiLAB-project/oILAB,git@github.com:oiLAB-project/oILAB.git,1
R_kgDOHZEYNQ,2022-05-25T01:56:28Z,2026-04-30T21:46:43Z,2026-03-28T15:13:44Z,10463,True,PhobGCC-SW,PhobGCC/PhobGCC-SW,git@github.com:PhobGCC/PhobGCC-SW.git,203
R_kgDOHZDZ7A,2022-05-25T00:41:38Z,2026-04-13T09:26:08Z,2026-03-22T22:50:06Z,2496,True,ODB2VTK,Arris-Composites/ODB2VTK,git@github.com:Arris-Composites/ODB2VTK.git,108
R_kgDOHZBmfA,2022-05-24T22:10:42Z,2026-04-16T14:32:32Z,2026-04-23T17:21:57Z,105430,False,AIEplace,searsm8/AIEplace,git@github.com:searsm8/AIEplace.git,11
R_kgDOHZBAEQ,2022-05-24T21:26:39Z,2026-05-01T15:05:00Z,2026-05-01T15:04:57Z,3113,True,ADTimePix3,areaDetector/ADTimePix3,git@github.com:areaDetector/ADTimePix3.git,5
R_kgDOHY-9rw,2022-05-24T19:22:56Z,2026-05-06T02:48:45Z,2026-05-06T18:04:00Z,602846,True,MIDI,microsoft/MIDI,git@github.com:microsoft/MIDI.git,633
R_kgDOHY9yGw,2022-05-24T18:19:23Z,2026-04-04T19:11:39Z,2026-04-04T19:11:34Z,34690,False,Daily-Problems-LeetCode,frostbyte012/Daily-Problems-LeetCode,git@github.com:frostbyte012/Daily-Problems-LeetCode.git,1
R_kgDOHY6YPg,2022-05-24T15:33:42Z,2026-05-02T04:02:48Z,2026-05-02T04:02:51Z,1138,False,pugixml-python,miute/pugixml-python,git@github.com:miute/pugixml-python.git,8
R_kgDOHY6BRQ,2022-05-24T15:17:27Z,2026-05-07T09:26:06Z,2026-05-07T09:26:02Z,168,False,ArduinoBleChess,vovagorodok/ArduinoBleChess,git@github.com:vovagorodok/ArduinoBleChess.git,8
R_kgDOHY2j8Q,2022-05-24T12:52:31Z,2026-03-20T14:09:12Z,2026-03-20T14:09:07Z,7077,False,libr,carlzhang4/libr,git@github.com:carlzhang4/libr.git,6
R_kgDOHYoQXQ,2022-05-23T22:05:24Z,2026-03-11T17:05:16Z,2026-03-12T20:29:19Z,11450,False,wilkins,orcunyildiz/wilkins,git@github.com:orcunyildiz/wilkins.git,1
R_kgDOHYYtsw,2022-05-23T09:02:08Z,2026-05-04T09:34:36Z,2026-05-01T19:21:26Z,6374,False,BresserWeatherSensorReceiver,matthias-bs/BresserWeatherSensorReceiver,git@github.com:matthias-bs/BresserWeatherSensorReceiver.git,175
R_kgDOHYUS_g,2022-05-23T04:42:20Z,2026-04-05T16:25:55Z,2026-03-22T14:38:14Z,22596,False,device_xiaomi_mido,NRanjan-17/device_xiaomi_mido,git@github.com:NRanjan-17/device_xiaomi_mido.git,12
R_kgDOHYM43A,2022-05-22T18:08:47Z,2026-03-28T13:58:18Z,2026-03-28T13:58:14Z,12,False,CPP-AES-OpenSSL-Encrypt,mohabouz/CPP-AES-OpenSSL-Encrypt,git@github.com:mohabouz/CPP-AES-OpenSSL-Encrypt.git,7
R_kgDOHYEnEg,2022-05-22T08:36:52Z,2026-05-01T07:40:52Z,2026-05-01T07:40:48Z,166,True,msys2-tests,msys2/msys2-tests,git@github.com:msys2/msys2-tests.git,4
R_kgDOHX-lpQ,2022-05-21T22:06:14Z,2026-04-16T07:19:36Z,2026-04-16T07:19:32Z,5568,True,hakoniwa-core-cpp,toppers/hakoniwa-core-cpp,git@github.com:toppers/hakoniwa-core-cpp.git,4
R_kgDOHX99Zw,2022-05-21T21:03:05Z,2026-03-28T18:40:59Z,2026-03-28T18:47:31Z,1521,False,IVTC-DN,Mikewando/IVTC-DN,git@github.com:Mikewando/IVTC-DN.git,12
R_kgDOHX54Gw,2022-05-21T15:51:39Z,2026-03-26T03:39:05Z,2026-03-26T03:39:00Z,1393,False,hardware_oplus,itsxrp/hardware_oplus,git@github.com:itsxrp/hardware_oplus.git,1
R_kgDOHX5P_Q,2022-05-21T15:11:11Z,2026-05-05T23:58:11Z,2026-05-05T23:58:08Z,470,False,mymenu,doctea/mymenu,git@github.com:doctea/mymenu.git,0
R_kgDOHX0jgA,2022-05-21T09:39:53Z,2026-05-06T21:54:01Z,2026-05-06T22:19:29Z,420,True,NazaraUtils,NazaraEngine/NazaraUtils,git@github.com:NazaraEngine/NazaraUtils.git,7
R_kgDOHXzz-Q,2022-05-21T08:45:12Z,2026-05-05T06:29:34Z,2026-05-05T06:29:30Z,1705,True,ShaderLang,NazaraEngine/ShaderLang,git@github.com:NazaraEngine/ShaderLang.git,91
R_kgDOHXvE5g,2022-05-21T01:32:20Z,2026-04-24T08:20:47Z,2026-04-24T08:20:31Z,182568,False,cdn,tongmd/cdn,git@github.com:tongmd/cdn.git,2
R_kgDOHXtpUQ,2022-05-20T22:58:40Z,2026-05-06T22:42:48Z,2026-05-06T22:42:43Z,4482,False,crystal-tracker,dannye/crystal-tracker,git@github.com:dannye/crystal-tracker.git,62
R_kgDOHXq4bA,2022-05-20T19:17:11Z,2026-05-03T04:15:29Z,2026-05-03T04:15:25Z,1507,False,gputest,olvaffe/gputest,git@github.com:olvaffe/gputest.git,0
R_kgDOHXj_qQ,2022-05-20T13:11:14Z,2026-05-06T14:47:26Z,2026-05-06T14:45:44Z,14200,True,tink-cc,tink-crypto/tink-cc,git@github.com:tink-crypto/tink-cc.git,96
R_kgDOHXefDQ,2022-05-20T08:14:33Z,2026-04-17T11:30:34Z,2026-04-27T17:04:33Z,3620,True,sobec,MeMory-of-MOtion/sobec,git@github.com:MeMory-of-MOtion/sobec.git,14
R_kgDOHXccVw,2022-05-20T06:20:11Z,2026-04-24T03:07:02Z,2026-04-24T03:07:11Z,2257,True,limestone,project-tsurugi/limestone,git@github.com:project-tsurugi/limestone.git,1
R_kgDOHXa58Q,2022-05-20T04:30:44Z,2026-05-07T04:04:27Z,2026-05-07T01:22:10Z,319011,True,sherpa,k2-fsa/sherpa,git@github.com:k2-fsa/sherpa.git,918
R_kgDOHXVUhQ,2022-05-19T21:03:10Z,2026-05-02T01:14:30Z,2026-05-02T01:14:29Z,64424,False,AlphaZeroArcade,shindavid/AlphaZeroArcade,git@github.com:shindavid/AlphaZeroArcade.git,9
R_kgDOHXUYLA,2022-05-19T20:02:16Z,2026-04-07T06:52:22Z,2026-04-07T06:52:17Z,2967,False,espMqttClient,bertmelis/espMqttClient,git@github.com:bertmelis/espMqttClient.git,119
R_kgDOHXP7kA,2022-05-19T16:03:40Z,2026-04-20T12:22:00Z,2026-04-20T12:21:56Z,119,False,score-avnd-granola,bltzr/score-avnd-granola,git@github.com:bltzr/score-avnd-granola.git,2
R_kgDOHXNrMg,2022-05-19T14:21:02Z,2026-05-04T19:03:53Z,2026-05-04T19:03:44Z,998,True,kpipewire,KDE/kpipewire,git@github.com:KDE/kpipewire.git,10
R_kgDOHXMEmg,2022-05-19T13:11:50Z,2026-04-16T23:10:02Z,2026-04-16T23:09:57Z,88744,True,PCC_Processing_Design,PRISBteam/PCC_Processing_Design,git@github.com:PRISBteam/PCC_Processing_Design.git,1
R_kgDOHXGy2g,2022-05-19T08:45:42Z,2026-04-23T17:38:10Z,2026-04-29T13:53:15Z,171,True,extrachain-console-client,ExtraChain-Foundation/extrachain-console-client,git@github.com:ExtraChain-Foundation/extrachain-console-client.git,0
R_kgDOHXGSKw,2022-05-19T08:19:38Z,2026-04-23T13:07:45Z,2026-05-04T11:35:48Z,5690,True,extrachain-core,ExtraChain-Foundation/extrachain-core,git@github.com:ExtraChain-Foundation/extrachain-core.git,0
R_kgDOHXFZYg,2022-05-19T07:34:00Z,2026-04-02T10:42:28Z,2026-04-02T10:45:40Z,1504,True,rexs-api-cpp,fva-net/rexs-api-cpp,git@github.com:fva-net/rexs-api-cpp.git,4
R_kgDOHXBhNA,2022-05-19T03:16:12Z,2026-05-07T09:15:09Z,2026-05-07T09:15:04Z,2013,False,uredis,Tageldien/uredis,git@github.com:Tageldien/uredis.git,0
R_kgDOHW-gXA,2022-05-18T23:24:10Z,2026-03-31T12:27:58Z,2026-03-31T12:29:41Z,224,True,go-rocm-smi,ClusterCockpit/go-rocm-smi,git@github.com:ClusterCockpit/go-rocm-smi.git,3
R_kgDOHW5yug,2022-05-18T18:16:45Z,2026-03-31T21:22:07Z,2026-04-23T21:04:37Z,16414,True,lsp-plugins-mb-dyna-processor,lsp-plugins/lsp-plugins-mb-dyna-processor,git@github.com:lsp-plugins/lsp-plugins-mb-dyna-processor.git,0
R_kgDOHWzmbw,2022-05-18T13:31:40Z,2026-04-17T09:33:56Z,2026-03-16T10:25:09Z,2127,True,Flutter-vs-React-Native-vs-Qt,somcosoftware/Flutter-vs-React-Native-vs-Qt,git@github.com:somcosoftware/Flutter-vs-React-Native-vs-Qt.git,15
R_kgDOHWy5Mg,2022-05-18T12:59:54Z,2026-05-05T22:06:41Z,2026-04-29T20:17:37Z,171539,True,iw7-mod,auroramod/iw7-mod,git@github.com:auroramod/iw7-mod.git,273
R_kgDOHWwpSQ,2022-05-18T11:08:58Z,2026-04-08T12:39:26Z,2026-04-08T12:41:59Z,22,True,dmetrics,vapoursynth/dmetrics,git@github.com:vapoursynth/dmetrics.git,3
R_kgDOHWvZjA,2022-05-18T10:02:59Z,2026-05-07T01:44:29Z,2026-05-07T01:44:21Z,13299,True,esp-matter,espressif/esp-matter,git@github.com:espressif/esp-matter.git,1008
R_kgDOHWu3tQ,2022-05-18T09:37:06Z,2026-03-16T04:37:53Z,2026-03-16T04:37:49Z,75698,True,Smorphi,WefaaRobotics/Smorphi,git@github.com:WefaaRobotics/Smorphi.git,8
R_kgDOHWsFHA,2022-05-18T07:21:16Z,2026-04-27T18:46:14Z,2026-04-27T18:46:09Z,97,False,Battleships,Cactus-John/Battleships,git@github.com:Cactus-John/Battleships.git,3
R_kgDOHWiiFA,2022-05-17T20:00:53Z,2026-05-03T14:31:34Z,2026-05-03T14:31:29Z,499,False,icpc-header,mzuenni/icpc-header,git@github.com:mzuenni/icpc-header.git,6
R_kgDOHWe3yg,2022-05-17T16:46:59Z,2026-04-13T23:44:51Z,2026-04-13T23:44:54Z,199,True,CyphalPicoBase-CAN-firmware,107-systems/CyphalPicoBase-CAN-firmware,git@github.com:107-systems/CyphalPicoBase-CAN-firmware.git,2
R_kgDOHWRL1Q,2022-05-17T05:49:18Z,2026-05-05T10:29:55Z,2026-05-05T11:06:01Z,42636,True,RoiPainter,InteractiveGraphicsLab/RoiPainter,git@github.com:InteractiveGraphicsLab/RoiPainter.git,3
R_kgDOHWQ2Zw,2022-05-17T05:25:23Z,2026-04-28T02:31:30Z,2026-04-28T02:31:26Z,33032,False,paozhu,hggq/paozhu,git@github.com:hggq/paozhu.git,646
R_kgDOHWPuPg,2022-05-17T04:01:15Z,2026-04-20T07:52:11Z,2026-04-20T07:52:05Z,3409,True,tap-protocol,nunchuk-io/tap-protocol,git@github.com:nunchuk-io/tap-protocol.git,18
R_kgDOHWPIjg,2022-05-17T03:17:08Z,2026-05-06T05:53:22Z,2026-05-06T05:53:18Z,248,True,qmmp-tfmx,TTK-qmmp/qmmp-tfmx,git@github.com:TTK-qmmp/qmmp-tfmx.git,2
R_kgDOHWOHjg,2022-05-17T02:05:38Z,2026-04-23T11:40:13Z,2026-04-23T11:40:08Z,67,True,ITKIOMeshSWC,InsightSoftwareConsortium/ITKIOMeshSWC,git@github.com:InsightSoftwareConsortium/ITKIOMeshSWC.git,2
R_kgDOHWNdAg,2022-05-17T01:16:43Z,2026-03-18T13:01:13Z,2026-03-09T13:10:36Z,11004,True,tesseract_qt,tesseract-robotics/tesseract_qt,git@github.com:tesseract-robotics/tesseract_qt.git,23
R_kgDOHWLybg,2022-05-16T22:58:23Z,2026-03-25T13:02:47Z,2026-03-25T13:02:13Z,267055,True,chunity,ccrma/chunity,git@github.com:ccrma/chunity.git,15
R_kgDOHWIfpQ,2022-05-16T19:19:22Z,2026-04-21T09:42:51Z,2026-03-04T23:51:59Z,53545,True,meta-terragraph,terragraph/meta-terragraph,org-80707067@github.com:terragraph/meta-terragraph.git,60
R_kgDOHWEHOw,2022-05-16T15:38:26Z,2026-03-25T19:21:02Z,2026-03-25T19:20:58Z,43,False,edge_coupled_cpwg,tomek-szczesny/edge_coupled_cpwg,git@github.com:tomek-szczesny/edge_coupled_cpwg.git,7
R_kgDOHV0O3A,2022-05-16T00:35:03Z,2026-05-03T19:06:39Z,2026-04-21T13:56:16Z,9372,True,NanaRun,M2Team/NanaRun,git@github.com:M2Team/NanaRun.git,644
R_kgDOHVuxGQ,2022-05-15T16:55:06Z,2026-04-20T13:14:18Z,2026-03-13T21:47:55Z,557,False,MRTP,stefanocarpin/MRTP,git@github.com:stefanocarpin/MRTP.git,30
R_kgDOHVuQFQ,2022-05-15T16:21:23Z,2026-04-16T23:40:08Z,2026-04-16T23:40:04Z,1535,False,vix,theverygaming/vix,git@github.com:theverygaming/vix.git,28
R_kgDOHVsiqQ,2022-05-15T14:33:34Z,2026-05-02T01:14:27Z,2026-05-02T01:14:23Z,415,False,lazy-orm-cpp,mmjvox/lazy-orm-cpp,git@github.com:mmjvox/lazy-orm-cpp.git,2
R_kgDOHVr4sQ,2022-05-15T13:51:39Z,2026-05-04T19:34:12Z,2026-04-27T14:14:08Z,15256,False,umamusume-localify,Kimjio/umamusume-localify,git@github.com:Kimjio/umamusume-localify.git,99
R_kgDOHVrQYg,2022-05-15T13:11:49Z,2026-04-06T08:25:57Z,2026-04-06T08:25:51Z,64759,False,study,cding-nv/study,git@github.com:cding-nv/study.git,0
R_kgDOHVXiXg,2022-05-14T09:20:49Z,2026-04-23T15:30:59Z,2026-04-23T15:30:54Z,2946,False,SlicerExtraMarkups,chir-set/SlicerExtraMarkups,git@github.com:chir-set/SlicerExtraMarkups.git,7
R_kgDOHVTHTw,2022-05-14T02:45:55Z,2026-05-06T12:16:57Z,2026-05-06T12:18:56Z,2374212,False,LeetCode,LetMeFly666/LeetCode,git@github.com:LetMeFly666/LeetCode.git,12
R_kgDOHVQrpQ,2022-05-13T22:26:17Z,2026-03-17T03:16:19Z,2026-04-30T01:09:57Z,227,True,stardos_datalink,AggieAir/stardos_datalink,git@github.com:AggieAir/stardos_datalink.git,0
R_kgDOHVJ4Fw,2022-05-13T15:10:23Z,2026-04-02T12:56:53Z,2026-03-26T09:48:37Z,107266,True,Neon,Autodesk/Neon,git@github.com:Autodesk/Neon.git,66
R_kgDOHVJCDg,2022-05-13T14:30:53Z,2026-05-06T18:51:05Z,2026-03-06T15:33:11Z,4157,True,ethercat_driver_ros2,ICube-Robotics/ethercat_driver_ros2,git@github.com:ICube-Robotics/ethercat_driver_ros2.git,300
R_kgDOHVGBug,2022-05-13T12:03:19Z,2026-04-09T18:02:08Z,2026-04-09T18:01:58Z,16744,False,Millicom,salibek/Millicom,git@github.com:salibek/Millicom.git,0
R_kgDOHVEUcw,2022-05-13T10:22:39Z,2026-04-28T10:29:06Z,2026-04-28T10:29:01Z,113,False,video-qr-timestamp-parser,LucianBuzzo/video-qr-timestamp-parser,git@github.com:LucianBuzzo/video-qr-timestamp-parser.git,0
R_kgDOHVEATg,2022-05-13T10:04:59Z,2026-05-06T01:48:15Z,2026-05-06T01:48:11Z,880,True,b-tree,dbgroup-nagoya-u/b-tree,git@github.com:dbgroup-nagoya-u/b-tree.git,4
R_kgDOHVDqtg,2022-05-13T09:46:04Z,2026-05-04T05:24:52Z,2026-04-29T15:15:30Z,2114,True,ci-gwas,medical-genomics-group/ci-gwas,git@github.com:medical-genomics-group/ci-gwas.git,4
R_kgDOHU8EYg,2022-05-13T01:22:05Z,2026-05-01T04:43:40Z,2026-03-07T00:51:28Z,198,True,bellande_humanoid_robot_intelligence_control_system_utility,Robotics-Sensors/bellande_humanoid_robot_intelligence_control_system_utility,git@github.com:Robotics-Sensors/bellande_humanoid_robot_intelligence_control_system_utility.git,1
R_kgDOHU7Nog,2022-05-13T00:09:16Z,2026-04-23T19:43:49Z,2026-04-23T19:43:44Z,761017,True,audit-plugin-for-mysql,aws/audit-plugin-for-mysql,git@github.com:aws/audit-plugin-for-mysql.git,67
R_kgDOHU4uWA,2022-05-12T20:45:48Z,2026-05-06T23:51:57Z,2026-05-06T23:51:54Z,606,True,aubstream,intel/aubstream,git@github.com:intel/aubstream.git,1
R_kgDOHUwcuA,2022-05-12T13:33:54Z,2026-05-03T11:21:30Z,2026-05-03T11:21:26Z,5613,False,prepare-algorithm-contest,changicho/prepare-algorithm-contest,git@github.com:changicho/prepare-algorithm-contest.git,0
R_kgDOHUr99Q,2022-05-12T09:47:08Z,2026-05-06T06:41:50Z,2026-05-06T06:41:46Z,1664,True,smartmet-plugin-edr,fmidev/smartmet-plugin-edr,git@github.com:fmidev/smartmet-plugin-edr.git,0
R_kgDOHUptIg,2022-05-12T07:55:45Z,2026-04-19T15:56:34Z,2026-05-07T03:58:10Z,651734,False,PigeonEngine,MaGaNeTIsT/PigeonEngine,git@github.com:MaGaNeTIsT/PigeonEngine.git,3
R_kgDOHUj1zw,2022-05-12T01:11:34Z,2026-05-07T06:48:36Z,2026-05-07T06:48:31Z,464193,True,nam-sdk-ios,naver/nam-sdk-ios,git@github.com:naver/nam-sdk-ios.git,6
R_kgDOHUjoRQ,2022-05-12T00:54:51Z,2026-05-06T14:16:13Z,2026-04-06T12:33:33Z,19411,False,crystal-dock,dangvd/crystal-dock,git@github.com:dangvd/crystal-dock.git,342
R_kgDOHUhLgg,2022-05-11T21:27:23Z,2026-03-02T21:20:04Z,2026-03-05T21:43:04Z,3643,True,foxsi-4matter,foxsi/foxsi-4matter,git@github.com:foxsi/foxsi-4matter.git,1
R_kgDOHUeXMA,2022-05-11T18:34:53Z,2026-04-29T07:10:19Z,2026-03-27T14:35:34Z,2384,False,flux,tcbrindle/flux,git@github.com:tcbrindle/flux.git,735
R_kgDOHUc_aw,2022-05-11T17:23:51Z,2026-03-27T16:19:32Z,2026-03-27T16:22:39Z,22004,True,CB-Vorlesung-Bachelor,Compiler-CampusMinden/CB-Vorlesung-Bachelor,git@github.com:Compiler-CampusMinden/CB-Vorlesung-Bachelor.git,4
R_kgDOHUcAaQ,2022-05-11T16:34:08Z,2026-03-31T13:04:29Z,2026-03-31T13:04:25Z,264963,False,DX2D_MapleStory,yuniiya/DX2D_MapleStory,git@github.com:yuniiya/DX2D_MapleStory.git,1
R_kgDOHUbvvQ,2022-05-11T16:21:38Z,2026-05-05T11:19:13Z,2026-05-07T11:17:24Z,96499,True,ogre-2.3-release,gazebo-forks/ogre-2.3-release,git@github.com:gazebo-forks/ogre-2.3-release.git,1
R_kgDOHUYm3g,2022-05-11T14:03:50Z,2026-04-14T13:01:34Z,2026-04-14T14:16:36Z,18576,True,mevislabthirdparty,MeVisLab/mevislabthirdparty,git@github.com:MeVisLab/mevislabthirdparty.git,15
R_kgDOHUWQJw,2022-05-11T12:19:41Z,2026-04-28T11:45:08Z,2026-05-05T21:03:40Z,2718,False,ticket-decoder,user4223/ticket-decoder,git@github.com:user4223/ticket-decoder.git,31
R_kgDOHUVofw,2022-05-11T11:49:33Z,2026-05-04T13:29:29Z,2026-04-30T10:12:10Z,9529,False,mdflib,ihedvall/mdflib,git@github.com:ihedvall/mdflib.git,124
R_kgDOHUN9Gg,2022-05-11T04:56:55Z,2026-04-29T20:16:09Z,2026-04-29T20:16:04Z,15101,True,defGameEngine,defGameEngine/defGameEngine,git@github.com:defGameEngine/defGameEngine.git,3
R_kgDOHULWPw,2022-05-11T01:43:37Z,2026-03-04T23:55:06Z,2026-04-22T23:24:56Z,2399,True,urc-firmware,RoboJackets/urc-firmware,git@github.com:RoboJackets/urc-firmware.git,10
R_kgDOHUHDXQ,2022-05-10T20:21:55Z,2026-05-06T22:21:58Z,2026-05-07T01:48:40Z,967,True,salt,ParaToolsInc/salt,git@github.com:ParaToolsInc/salt.git,5
R_kgDOHUGQBQ,2022-05-10T19:34:48Z,2026-03-15T11:12:42Z,2026-03-15T11:12:38Z,774,False,RGcompiler,WoojtekP/RGcompiler,git@github.com:WoojtekP/RGcompiler.git,1
R_kgDOHUDo0w,2022-05-10T17:15:52Z,2025-04-04T03:12:32Z,2026-05-07T10:41:36Z,2223,True,telly-skout,KDE/telly-skout,git@github.com:KDE/telly-skout.git,4
R_kgDOHUDeCg,2022-05-10T17:07:15Z,2026-03-27T06:11:24Z,2026-03-10T11:01:28Z,109758,True,API-DRFL,DoosanRobotics/API-DRFL,git@github.com:DoosanRobotics/API-DRFL.git,24
R_kgDOHUCMcQ,2022-05-10T16:04:38Z,2026-05-01T10:22:14Z,2026-05-01T10:22:07Z,147839,False,vulkan_engine,armanpapikyan/vulkan_engine,git@github.com:armanpapikyan/vulkan_engine.git,1
R_kgDOHUBwxg,2022-05-10T15:44:15Z,2026-03-21T17:00:40Z,2026-03-21T17:00:36Z,68632,False,Led_cube,ladyM9/Led_cube,git@github.com:ladyM9/Led_cube.git,2
R_kgDOHUBmTg,2022-05-10T15:36:35Z,2026-05-01T19:08:10Z,2026-03-12T22:26:21Z,23265,False,Teardown-Converter,TTFH/Teardown-Converter,git@github.com:TTFH/Teardown-Converter.git,33
R_kgDOHT9z9A,2022-05-10T12:58:50Z,2026-05-01T09:20:18Z,2026-04-30T14:57:43Z,1596,True,mujoco_ros_pkgs,ubi-agni/mujoco_ros_pkgs,git@github.com:ubi-agni/mujoco_ros_pkgs.git,135
R_kgDOHTx8_Q,2022-05-10T01:41:38Z,2026-05-03T09:26:29Z,2026-05-02T20:13:06Z,2336,False,redumper,superg/redumper,git@github.com:superg/redumper.git,407
R_kgDOHTx25g,2022-05-10T01:34:59Z,2026-04-07T03:53:31Z,2026-04-07T03:53:22Z,130,False,SPVM-MIME-Base64,yuki-kimoto/SPVM-MIME-Base64,git@github.com:yuki-kimoto/SPVM-MIME-Base64.git,0
R_kgDOHTuH0w,2022-05-09T20:50:12Z,2026-05-06T01:55:15Z,2026-05-07T09:14:13Z,740,True,kde-inotify-survey,KDE/kde-inotify-survey,git@github.com:KDE/kde-inotify-survey.git,10
R_kgDOHTrGdA,2022-05-09T17:59:40Z,2026-05-06T17:43:55Z,2026-05-06T17:43:33Z,14083,False,AbracaDABra,KejPi/AbracaDABra,git@github.com:KejPi/AbracaDABra.git,144
R_kgDOHTlSJQ,2022-05-09T13:30:10Z,2026-04-26T18:59:08Z,2026-05-04T18:17:10Z,155545,False,msxbas2rom,amaurycarvalho/msxbas2rom,git@github.com:amaurycarvalho/msxbas2rom.git,57
R_kgDOHTiAjw,2022-05-09T10:49:00Z,2026-04-24T00:29:54Z,2026-04-14T01:59:19Z,9525,True,dtw-cpp,Battery-Intelligence-Lab/dtw-cpp,git@github.com:Battery-Intelligence-Lab/dtw-cpp.git,16
R_kgDOHTgE2g,2022-05-09T09:09:48Z,2026-05-07T06:03:29Z,2026-04-01T15:59:37Z,112,True,obfuscator-llvm,eshard/obfuscator-llvm,git@github.com:eshard/obfuscator-llvm.git,373
R_kgDOHTctjQ,2022-05-09T06:06:35Z,2026-05-05T23:08:42Z,2026-05-03T15:33:05Z,43295,False,RaspberryPi-WebRTC,TzuHuanTai/RaspberryPi-WebRTC,git@github.com:TzuHuanTai/RaspberryPi-WebRTC.git,975
R_kgDOHTb-6Q,2022-05-09T05:13:25Z,2026-03-16T02:13:19Z,2026-04-02T02:47:56Z,174704,True,deepin-ocr,linuxdeepin/deepin-ocr,git@github.com:linuxdeepin/deepin-ocr.git,32
R_kgDOHTWXXw,2022-05-08T20:47:01Z,2026-03-04T10:12:02Z,2026-03-04T10:11:57Z,10,True,mch2022-arduino-bme680,badgeteam/mch2022-arduino-bme680,git@github.com:badgeteam/mch2022-arduino-bme680.git,1
R_kgDOHTJHHA,2022-05-08T03:17:39Z,2026-05-04T08:42:03Z,2026-03-05T02:36:52Z,334,True,Dual-GPS,AOG-silrep/Dual-GPS,git@github.com:AOG-silrep/Dual-GPS.git,3
R_kgDOHTH9wg,2022-05-08T01:05:22Z,2026-03-11T01:02:18Z,2026-03-11T01:02:14Z,96,False,RmlSolLua,LoneBoco/RmlSolLua,git@github.com:LoneBoco/RmlSolLua.git,20
R_kgDOHTHn3Q,2022-05-08T00:22:56Z,2026-05-01T04:37:54Z,2026-03-07T00:51:11Z,13591,True,bellande_humanoid_robot_intelligence_control_system_tools,Robotics-Sensors/bellande_humanoid_robot_intelligence_control_system_tools,git@github.com:Robotics-Sensors/bellande_humanoid_robot_intelligence_control_system_tools.git,1
R_kgDOHTGfYA,2022-05-07T22:07:39Z,2026-04-10T15:24:22Z,2026-04-10T15:24:25Z,3565,True,maliit-framework,droidian/maliit-framework,git@github.com:droidian/maliit-framework.git,0
R_kgDOHTBzMg,2022-05-07T15:41:43Z,2026-05-04T16:28:53Z,2026-05-04T16:28:49Z,2287,False,luepp,mlutken/luepp,git@github.com:mlutken/luepp.git,11
R_kgDOHS1BgA,2022-05-06T22:06:15Z,2026-05-04T09:28:03Z,2026-03-09T18:42:02Z,7112,True,subspace,chromium/subspace,git@github.com:chromium/subspace.git,134
R_kgDOHSv71A,2022-05-06T16:24:12Z,2026-03-24T21:30:50Z,2026-03-24T21:30:46Z,975,True,trx-cpp,tee-ar-ex/trx-cpp,git@github.com:tee-ar-ex/trx-cpp.git,4
R_kgDOHSmr_w,2022-05-06T08:09:04Z,2026-05-02T16:13:32Z,2026-05-02T16:13:29Z,50,False,tiny-tft-graphics-library,technoblogy/tiny-tft-graphics-library,git@github.com:technoblogy/tiny-tft-graphics-library.git,36
R_kgDOHSeUgw,2022-05-05T21:39:28Z,2026-05-06T04:21:53Z,2026-05-06T17:10:50Z,34531,True,Hydra,MIT-SPARK/Hydra,git@github.com:MIT-SPARK/Hydra.git,1007
R_kgDOHSaWjQ,2022-05-05T17:32:52Z,2026-05-07T08:58:29Z,2026-05-07T08:58:25Z,61780,False,Soft-UE,Jeffbeco/Soft-UE,git@github.com:Jeffbeco/Soft-UE.git,0
R_kgDOHSY5Dg,2022-05-05T16:16:54Z,2026-05-05T06:50:57Z,2026-05-05T06:51:12Z,73219,False,OpenSourceSimWheelESP32,afpineda/OpenSourceSimWheelESP32,git@github.com:afpineda/OpenSourceSimWheelESP32.git,140
R_kgDOHSYlJA,2022-05-05T16:01:55Z,2026-05-06T11:29:45Z,2026-05-03T20:32:01Z,155898,True,proxsuite,Simple-Robotics/proxsuite,git@github.com:Simple-Robotics/proxsuite.git,560
R_kgDOHSTONw,2022-05-05T11:49:54Z,2026-05-03T18:23:10Z,2026-05-03T18:23:05Z,31918,False,DTP2022_PhotonQuark,satfra/DTP2022_PhotonQuark,git@github.com:satfra/DTP2022_PhotonQuark.git,2
R_kgDOHSRT5Q,2022-05-05T10:03:27Z,2026-03-09T13:09:05Z,2026-03-09T13:09:01Z,107109,False,cppong,wegfawefgawefg/cppong,git@github.com:wegfawefgawefg/cppong.git,0
R_kgDOHSQdgw,2022-05-05T09:20:45Z,2026-05-05T13:28:43Z,2026-05-05T20:14:11Z,93832,True,rayx,hz-b/rayx,git@github.com:hz-b/rayx.git,28
R_kgDOHSOipQ,2022-05-05T07:35:16Z,2026-05-04T10:42:35Z,2026-05-02T12:51:59Z,14258,True,jakt,SerenityOS/jakt,git@github.com:SerenityOS/jakt.git,2985
R_kgDOHSKmow,2022-05-05T02:46:20Z,2026-04-11T04:35:21Z,2026-04-11T04:35:16Z,7416,False,homeassistant,gbuktenica/homeassistant,git@github.com:gbuktenica/homeassistant.git,0
R_kgDOHSGzMA,2022-05-04T21:26:32Z,2026-05-01T21:32:27Z,2026-04-09T17:50:54Z,193941,True,panman,TurakhiaLab/panman,git@github.com:TurakhiaLab/panman.git,42
R_kgDOHSEmWg,2022-05-04T19:03:26Z,2026-04-21T15:10:29Z,2026-04-21T15:10:25Z,200,False,libHappy,folkertvanheusden/libHappy,git@github.com:folkertvanheusden/libHappy.git,8
R_kgDOHSCDxQ,2022-05-04T16:49:18Z,2026-05-01T04:47:14Z,2026-03-07T00:49:59Z,698,True,bellande_humanoid_robot_intelligence_control_system_framework,Robotics-Sensors/bellande_humanoid_robot_intelligence_control_system_framework,git@github.com:Robotics-Sensors/bellande_humanoid_robot_intelligence_control_system_framework.git,2
R_kgDOHR_r-w,2022-05-04T14:54:03Z,2026-04-08T14:31:14Z,2026-03-31T14:22:20Z,30917,True,pod5-file-format,nanoporetech/pod5-file-format,git@github.com:nanoporetech/pod5-file-format.git,174
R_kgDOHR_foA,2022-05-04T14:45:15Z,2026-05-04T23:26:43Z,2026-05-04T23:26:40Z,3154,True,projetGenieInfo_public,Estia-1a/projetGenieInfo_public,git@github.com:Estia-1a/projetGenieInfo_public.git,1
R_kgDOHR0v-Q,2022-05-04T04:31:06Z,2026-04-02T14:28:05Z,2026-03-14T23:09:40Z,34861,True,csb,meelgroup/csb,git@github.com:meelgroup/csb.git,10
R_kgDOHRxqZw,2022-05-04T00:16:36Z,2026-05-01T17:50:58Z,2026-05-01T17:50:53Z,16298,True,packageinstaller,CachyOS/packageinstaller,git@github.com:CachyOS/packageinstaller.git,18
R_kgDOHRw_Tw,2022-05-03T23:18:29Z,2026-04-02T18:33:37Z,2026-04-02T18:33:31Z,533,True,unf,wdas/unf,git@github.com:wdas/unf.git,69
R_kgDOHRsiGw,2022-05-03T18:17:17Z,2026-05-05T15:16:23Z,2026-05-06T19:47:20Z,12440,True,cypress,CLSA/cypress,git@github.com:CLSA/cypress.git,0
R_kgDOHRsSQA,2022-05-03T18:03:25Z,2026-05-06T08:42:20Z,2026-05-04T19:21:51Z,20183,False,CoACD,SarahWeiii/CoACD,git@github.com:SarahWeiii/CoACD.git,1013
R_kgDOHRrPYw,2022-05-03T17:07:57Z,2026-05-07T07:33:20Z,2026-03-24T02:48:22Z,1148413,False,MassAIExample,Ji-Rath/MassAIExample,git@github.com:Ji-Rath/MassAIExample.git,355
R_kgDOHRpzlw,2022-05-03T15:54:15Z,2026-03-07T00:50:37Z,2026-03-07T00:50:34Z,32916,True,bellande_humanoid_robot_intelligence_control_system_module,Robotics-Sensors/bellande_humanoid_robot_intelligence_control_system_module,git@github.com:Robotics-Sensors/bellande_humanoid_robot_intelligence_control_system_module.git,1
R_kgDOHRlmYg,2022-05-03T12:36:34Z,2026-05-04T04:40:33Z,2026-05-04T04:40:29Z,101,True,linux-cmake-compdb-gh-actions-sq,sonarsource-cfamily-examples/linux-cmake-compdb-gh-actions-sq,git@github.com:sonarsource-cfamily-examples/linux-cmake-compdb-gh-actions-sq.git,0
R_kgDOHRkpPQ,2022-05-03T11:46:26Z,2026-05-04T04:40:35Z,2026-05-04T04:40:30Z,94,True,macos-cmake-compdb-gh-actions-sq,sonarsource-cfamily-examples/macos-cmake-compdb-gh-actions-sq,git@github.com:sonarsource-cfamily-examples/macos-cmake-compdb-gh-actions-sq.git,4
R_kgDOHRfL7g,2022-05-03T06:20:57Z,2026-05-04T21:29:58Z,2026-03-30T04:45:10Z,4016,True,flexiplex,DavidsonGroup/flexiplex,git@github.com:DavidsonGroup/flexiplex.git,42
R_kgDOHRW_RQ,2022-05-02T19:22:39Z,2026-05-06T19:19:09Z,2026-05-01T12:06:55Z,12706063,False,Budget-Backrooms,dabardibid/Budget-Backrooms,git@github.com:dabardibid/Budget-Backrooms.git,26
R_kgDOHRJnSg,2022-05-02T06:52:04Z,2026-03-25T01:53:20Z,2026-03-25T01:53:16Z,171,False,Leetcode-solutions,Tointech/Leetcode-solutions,git@github.com:Tointech/Leetcode-solutions.git,0
R_kgDOHRBvwA,2022-05-01T18:49:02Z,2026-03-06T19:51:42Z,2026-03-05T21:36:36Z,963,False,secure-computation-library,anderspkd/secure-computation-library,git@github.com:anderspkd/secure-computation-library.git,17
R_kgDOHQ7l3w,2022-05-01T11:10:30Z,2026-05-05T19:32:58Z,2026-05-04T14:27:57Z,31184,False,Scrooge-McDuck,pdet/Scrooge-McDuck,git@github.com:pdet/Scrooge-McDuck.git,160
R_kgDOHQ7ZNA,2022-05-01T10:54:28Z,2026-04-21T01:35:07Z,2026-04-21T01:34:53Z,113382,False,Pytorch1.1.0-cc2.x,sjiang95/Pytorch1.1.0-cc2.x,git@github.com:sjiang95/Pytorch1.1.0-cc2.x.git,1
R_kgDOHQ5rVA,2022-05-01T08:29:09Z,2026-03-12T12:18:05Z,2026-05-05T08:35:21Z,705804,False,StreamFind,odea-project/StreamFind,git@github.com:odea-project/StreamFind.git,4
R_kgDOHQ5N9w,2022-05-01T07:47:45Z,2026-05-06T16:58:55Z,2026-05-06T16:59:06Z,55,False,voice2vocalsynth,Kadino/voice2vocalsynth,git@github.com:Kadino/voice2vocalsynth.git,0
R_kgDOHQ1Tkg,2022-05-01T00:41:57Z,2026-04-26T21:35:15Z,2026-04-26T21:35:27Z,70,False,vsfpng,Mikewando/vsfpng,git@github.com:Mikewando/vsfpng.git,16
R_kgDOHQzg9A,2022-04-30T21:17:23Z,2026-04-25T12:39:07Z,2026-04-25T12:39:01Z,15969,False,Smallbrain,Disservin/Smallbrain,git@github.com:Disservin/Smallbrain.git,66
R_kgDOHQxlHA,2022-04-30T18:23:16Z,2026-05-05T20:26:18Z,2026-05-05T20:26:13Z,1043,False,esphome-jbd-bms,syssi/esphome-jbd-bms,git@github.com:syssi/esphome-jbd-bms.git,233
R_kgDOHQvWbg,2022-04-30T15:38:05Z,2026-05-05T12:10:17Z,2026-05-05T12:10:33Z,34862,False,soul-mod,slaakko/soul-mod,git@github.com:slaakko/soul-mod.git,0
R_kgDOHQpl3A,2022-04-30T08:15:24Z,2026-04-09T13:06:33Z,2026-04-09T13:06:26Z,10962,False,scaled_app,LastMonopoly/scaled_app,git@github.com:LastMonopoly/scaled_app.git,21
R_kgDOHQmUGg,2022-04-30T02:56:04Z,2026-03-03T07:09:18Z,2026-03-03T10:13:21Z,11509,False,ColourBot,tshrwbl/ColourBot,git@github.com:tshrwbl/ColourBot.git,0
R_kgDOHQjD1g,2022-04-29T21:22:56Z,2026-03-11T19:41:49Z,2026-03-11T19:41:45Z,1133,True,goldpolish,BirolLab/goldpolish,git@github.com:BirolLab/goldpolish.git,8
R_kgDOHQhMSA,2022-04-29T19:06:35Z,2026-03-10T17:11:32Z,2026-03-10T17:11:28Z,8382,False,Spinnaker-Examples,Teledyne-MV/Spinnaker-Examples,git@github.com:Teledyne-MV/Spinnaker-Examples.git,79
R_kgDOHQdaNQ,2022-04-29T15:26:00Z,2026-04-28T07:38:43Z,2026-04-28T07:38:39Z,201415,False,Lens24,vlasentiy/Lens24,git@github.com:vlasentiy/Lens24.git,15
R_kgDOHQdQXg,2022-04-29T15:18:28Z,2026-05-03T08:10:05Z,2026-05-06T08:50:12Z,216,False,disks,AngeloAvv/disks,git@github.com:AngeloAvv/disks.git,12
R_kgDOHQWhKQ,2022-04-29T09:11:10Z,2026-03-18T12:57:48Z,2026-03-18T12:56:47Z,19570,False,3d-reconstruction-api,huyvquoc/3d-reconstruction-api,git@github.com:huyvquoc/3d-reconstruction-api.git,0
R_kgDOHQSxFg,2022-04-29T05:19:33Z,2026-05-06T07:05:26Z,2026-05-01T00:28:04Z,3095,True,riscv-none-elf-gcc-xpack,xpack-dev-tools/riscv-none-elf-gcc-xpack,git@github.com:xpack-dev-tools/riscv-none-elf-gcc-xpack.git,225
R_kgDOHQN-PQ,2022-04-28T22:39:42Z,2026-03-27T19:03:22Z,2026-03-27T19:03:18Z,85184,False,LabRem-Fisica,RenzoVigiani/LabRem-Fisica,git@github.com:RenzoVigiani/LabRem-Fisica.git,3
R_kgDOHQM5zA,2022-04-28T21:16:26Z,2026-04-30T09:43:49Z,2026-04-30T09:43:46Z,31,True,queue-relinquish,halon-extras/queue-relinquish,git@github.com:halon-extras/queue-relinquish.git,0
R_kgDOHQLv7w,2022-04-28T19:58:57Z,2026-05-05T08:42:02Z,2026-05-07T03:59:33Z,1799205,True,Nabla-Examples-and-Tests,Devsh-Graphics-Programming/Nabla-Examples-and-Tests,git@github.com:Devsh-Graphics-Programming/Nabla-Examples-and-Tests.git,72
R_kgDOHQJ-jA,2022-04-28T18:16:27Z,2026-05-07T07:26:59Z,2026-05-07T10:50:35Z,5467,True,bang-server,bangsalvoserver/bang-server,git@github.com:bangsalvoserver/bang-server.git,7
R_kgDOHP1w0Q,2022-04-27T22:39:00Z,2026-05-04T15:34:52Z,2026-05-04T15:34:48Z,24998,True,proxygen,mayhemheroes/proxygen,git@github.com:mayhemheroes/proxygen.git,0
R_kgDOHPpjbg,2022-04-27T11:52:38Z,2026-04-22T11:32:22Z,2026-04-22T11:32:18Z,7497,True,PFSimple,HeavyIonAnalysis/PFSimple,git@github.com:HeavyIonAnalysis/PFSimple.git,1
R_kgDOHPpDYg,2022-04-27T11:25:19Z,2026-05-06T08:43:04Z,2026-05-07T06:58:59Z,13435,True,fmi-ls-bus,modelica/fmi-ls-bus,git@github.com:modelica/fmi-ls-bus.git,27
R_kgDOHPoKGA,2022-04-27T10:34:36Z,2026-04-04T10:44:28Z,2026-04-04T10:44:23Z,939884,False,HumanityLastResort,khaled71612000/HumanityLastResort,git@github.com:khaled71612000/HumanityLastResort.git,3
R_kgDOHPnLGA,2022-04-27T09:41:39Z,2026-04-20T21:00:52Z,2026-04-13T11:59:57Z,454,False,OpenSprite,jowin202/OpenSprite,git@github.com:jowin202/OpenSprite.git,21
R_kgDOHPhgHg,2022-04-27T04:04:32Z,2026-04-23T13:53:49Z,2026-04-28T19:12:20Z,6131,True,dde-network-core,linuxdeepin/dde-network-core,git@github.com:linuxdeepin/dde-network-core.git,5
R_kgDOHPbEoA,2022-04-26T20:14:42Z,2026-04-29T09:32:13Z,2026-05-02T00:53:11Z,13344,True,variant-nnue-tools,fairy-stockfish/variant-nnue-tools,git@github.com:fairy-stockfish/variant-nnue-tools.git,18
R_kgDOHPWVrQ,2022-04-26T16:03:27Z,2026-05-06T14:24:19Z,2026-05-06T14:11:17Z,16585,True,sonic-dhcp-relay,sonic-net/sonic-dhcp-relay,git@github.com:sonic-net/sonic-dhcp-relay.git,1
R_kgDOHPVz4w,2022-04-26T15:38:09Z,2026-05-06T11:25:52Z,2026-05-06T12:02:24Z,587,False,gpu-kernel-runner,eyalroz/gpu-kernel-runner,git@github.com:eyalroz/gpu-kernel-runner.git,26
R_kgDOHPTygQ,2022-04-26T14:11:23Z,2026-04-30T08:34:30Z,2026-04-30T08:34:24Z,410,True,ahci-driver,kernkonzept/ahci-driver,git@github.com:kernkonzept/ahci-driver.git,0
R_kgDOHPNlOw,2022-04-26T09:12:43Z,2026-05-07T09:53:06Z,2026-04-11T21:19:30Z,2014,False,guc,pablode/guc,git@github.com:pablode/guc.git,149
R_kgDOHPIpdg,2022-04-26T04:25:17Z,2026-05-06T21:37:30Z,2026-05-06T21:37:25Z,4701,False,media-server,jobscale/media-server,git@github.com:jobscale/media-server.git,0
R_kgDOHO3xpA,2022-04-25T12:09:11Z,2026-03-03T07:14:28Z,2026-03-03T07:14:17Z,107917,False,tjh_test,kearcer/tjh_test,git@github.com:kearcer/tjh_test.git,0
R_kgDOHO2Zew,2022-04-25T10:57:20Z,2026-03-24T08:33:31Z,2026-03-24T08:33:27Z,15521,False,turbulence_generator,chfeder/turbulence_generator,git@github.com:chfeder/turbulence_generator.git,18
R_kgDOHO0qxw,2022-04-25T09:28:00Z,2026-05-04T04:40:30Z,2026-05-04T04:40:24Z,110,True,linux-cmake-compdb-gh-actions-sc,sonarsource-cfamily-examples/linux-cmake-compdb-gh-actions-sc,git@github.com:sonarsource-cfamily-examples/linux-cmake-compdb-gh-actions-sc.git,2
R_kgDOHO0Jyg,2022-04-25T09:02:49Z,2026-05-04T04:40:31Z,2026-05-04T04:40:27Z,92,True,macos-cmake-compdb-gh-actions-sc,sonarsource-cfamily-examples/macos-cmake-compdb-gh-actions-sc,git@github.com:sonarsource-cfamily-examples/macos-cmake-compdb-gh-actions-sc.git,1
R_kgDOHOtSAw,2022-04-25T01:23:23Z,2026-04-27T03:33:52Z,2026-04-10T23:25:54Z,10230,False,WiTcontroller,flash62au/WiTcontroller,git@github.com:flash62au/WiTcontroller.git,40
R_kgDOHOoejw,2022-04-24T18:18:02Z,2026-05-06T20:59:47Z,2026-05-06T20:59:44Z,456273,True,reactivedrop_public_src,ReactiveDrop/reactivedrop_public_src,git@github.com:ReactiveDrop/reactivedrop_public_src.git,183
R_kgDOHOnWYw,2022-04-24T16:57:44Z,2026-05-03T14:35:22Z,2026-03-14T05:10:40Z,17269,True,NanaGet,M2Team/NanaGet,git@github.com:M2Team/NanaGet.git,172
R_kgDOHOmeMQ,2022-04-24T15:58:09Z,2026-04-14T07:19:20Z,2026-04-11T17:27:25Z,375,False,EmbeddedMqttBroker,alexCajas/EmbeddedMqttBroker,git@github.com:alexCajas/EmbeddedMqttBroker.git,105
R_kgDOHOkOoA,2022-04-24T13:30:59Z,2026-05-02T22:23:22Z,2026-05-03T20:35:56Z,92626,False,cuTAGI,lhnguyen102/cuTAGI,git@github.com:lhnguyen102/cuTAGI.git,47
R_kgDOHOfH-g,2022-04-24T07:05:15Z,2026-04-29T11:43:31Z,2026-04-29T11:44:58Z,1002,True,mdt-dialout-collector,network-analytics/mdt-dialout-collector,git@github.com:network-analytics/mdt-dialout-collector.git,31
R_kgDOHOVe3A,2022-04-23T16:06:36Z,2026-04-28T12:33:01Z,2026-04-28T12:33:04Z,310446,True,iCTFX,teeworlds-instagib-elo/iCTFX,git@github.com:teeworlds-instagib-elo/iCTFX.git,2
R_kgDOHOPHDg,2022-04-23T08:26:18Z,2026-04-30T12:51:30Z,2026-04-30T12:51:43Z,18918,False,3D-Printer-Project,xuqi1987/3D-Printer-Project,git@github.com:xuqi1987/3D-Printer-Project.git,0
R_kgDOHOKJpQ,2022-04-23T00:33:52Z,2026-05-04T11:57:56Z,2026-05-04T11:57:52Z,1657,True,godot-4d,godot-dimensions/godot-4d,git@github.com:godot-dimensions/godot-4d.git,80
R_kgDOHN_zjw,2022-04-22T13:13:00Z,2026-04-17T15:36:30Z,2026-04-17T15:36:25Z,7427,False,android_device_samsung_gta2xlwifi,UDPSendToFailed/android_device_samsung_gta2xlwifi,git@github.com:UDPSendToFailed/android_device_samsung_gta2xlwifi.git,4
R_kgDOHN7CpA,2022-04-22T08:46:03Z,2026-05-01T02:32:35Z,2026-04-23T13:19:55Z,1123,False,IgcsConnector,FransBouma/IgcsConnector,git@github.com:FransBouma/IgcsConnector.git,70
R_kgDOHN37-g,2022-04-22T05:42:35Z,2026-04-02T19:06:02Z,2026-04-02T19:05:58Z,41,False,C_plus_plus_tasks,Rogov-KS/C_plus_plus_tasks,git@github.com:Rogov-KS/C_plus_plus_tasks.git,0
R_kgDOHN3WEw,2022-04-22T04:55:48Z,2026-05-07T07:17:07Z,2026-04-15T02:23:09Z,82658,False,VINS-Fusion-ROS2,zinuok/VINS-Fusion-ROS2,git@github.com:zinuok/VINS-Fusion-ROS2.git,321
R_kgDOHN0Yew,2022-04-22T01:04:48Z,2026-05-06T19:06:17Z,2026-05-06T19:06:12Z,877,False,s2geography,paleolimbot/s2geography,git@github.com:paleolimbot/s2geography.git,47
R_kgDOHNvZVw,2022-04-21T18:54:23Z,2026-05-05T19:35:45Z,2026-05-06T18:17:57Z,12337,True,MRVN-Radiant,MRVN-Radiant/MRVN-Radiant,git@github.com:MRVN-Radiant/MRVN-Radiant.git,72
R_kgDOHNvXaA,2022-04-21T18:52:39Z,2026-04-06T21:55:52Z,2026-04-23T15:59:55Z,29965,True,dcapp,nasa/dcapp,git@github.com:nasa/dcapp.git,11
R_kgDOHNmYyA,2022-04-21T11:23:17Z,2026-04-30T08:07:55Z,2026-04-30T08:49:02Z,300,True,whip-mpegts,Eyevinn/whip-mpegts,git@github.com:Eyevinn/whip-mpegts.git,14
R_kgDOHNiWIA,2022-04-21T07:50:10Z,2026-05-06T19:42:52Z,2026-05-06T19:42:48Z,62,False,password_generator,yfiumefreddo/password_generator,git@github.com:yfiumefreddo/password_generator.git,0
R_kgDOHNdxCQ,2022-04-21T02:35:15Z,2026-04-20T14:27:30Z,2026-04-20T14:26:00Z,18889,False,dhmeasures,stephbuon/dhmeasures,git@github.com:stephbuon/dhmeasures.git,0
R_kgDOHNZhzA,2022-04-20T21:00:33Z,2026-05-01T19:26:17Z,2026-05-06T15:28:28Z,21574,True,nuclearizer,cositools/nuclearizer,git@github.com:cositools/nuclearizer.git,5
R_kgDOHNY_bw,2022-04-20T20:26:07Z,2026-04-30T13:14:52Z,2026-05-05T13:49:50Z,598967,True,BMDS,USEPA/BMDS,git@github.com:USEPA/BMDS.git,9
R_kgDOHNUgXQ,2022-04-20T16:24:03Z,2026-04-30T19:07:47Z,2026-04-30T19:11:19Z,3754,False,libptpmgmt,erezgeva/libptpmgmt,git@github.com:erezgeva/libptpmgmt.git,25
R_kgDOHNPSYQ,2022-04-20T12:24:25Z,2026-04-17T16:06:52Z,2026-04-02T17:19:45Z,70,False,esphome-nspanel-lovelace-ui,sairon/esphome-nspanel-lovelace-ui,git@github.com:sairon/esphome-nspanel-lovelace-ui.git,148
R_kgDOHNGzTQ,2022-04-20T04:23:18Z,2026-05-07T10:09:03Z,2026-03-26T01:02:09Z,3170,False,dota2-rpc-client,andsfonseca/dota2-rpc-client,git@github.com:andsfonseca/dota2-rpc-client.git,61
R_kgDOHNEwsw,2022-04-20T01:53:23Z,2026-05-06T15:43:09Z,2026-04-27T08:12:32Z,12790,False,GenericMessagePlugin,wangjieest/GenericMessagePlugin,git@github.com:wangjieest/GenericMessagePlugin.git,153
R_kgDOHM6KCg,2022-04-19T15:12:21Z,2026-05-06T08:48:13Z,2026-05-04T15:45:15Z,44683,True,spot_ros2,rai-opensource/spot_ros2,git@github.com:rai-opensource/spot_ros2.git,280
R_kgDOHM4obQ,2022-04-19T14:06:58Z,2026-04-29T22:19:17Z,2026-04-29T22:19:13Z,24867,False,database,CoboJ/database,git@github.com:CoboJ/database.git,0
R_kgDOHM3-vw,2022-04-19T13:39:18Z,2026-04-27T10:06:13Z,2026-04-27T10:06:08Z,184656,False,Gxsm3,pyzahl/Gxsm3,git@github.com:pyzahl/Gxsm3.git,2
R_kgDOHMvLXQ,2022-04-19T06:08:21Z,2026-03-15T13:10:46Z,2026-03-15T13:10:42Z,10860,True,ZenKit,GothicKit/ZenKit,git@github.com:GothicKit/ZenKit.git,59
R_kgDOHMsykw,2022-04-19T03:17:00Z,2026-04-14T11:09:08Z,2026-04-14T11:09:09Z,372,True,PeEditor,LiteLDev/PeEditor,git@github.com:LiteLDev/PeEditor.git,6
R_kgDOHMsX5g,2022-04-19T02:48:09Z,2026-04-24T21:03:11Z,2026-05-01T18:43:07Z,4699,True,psi,secretflow/psi,git@github.com:secretflow/psi.git,53
R_kgDOHMmReQ,2022-04-18T19:31:03Z,2026-03-12T20:40:57Z,2026-03-12T20:40:53Z,767,True,ConwayGoL,AltUUE/ConwayGoL,git@github.com:AltUUE/ConwayGoL.git,1
R_kgDOHMiL3A,2022-04-18T15:51:39Z,2026-04-16T18:40:20Z,2026-05-06T00:57:11Z,195,True,Injector,devlooped/Injector,git@github.com:devlooped/Injector.git,19
R_kgDOHMahCQ,2022-04-18T08:55:06Z,2026-04-30T16:17:15Z,2026-04-30T16:19:53Z,3781975,False,realwujing.github.io,realwujing/realwujing.github.io,git@github.com:realwujing/realwujing.github.io.git,8
R_kgDOHMWH9A,2022-04-18T03:54:45Z,2026-03-22T15:42:12Z,2026-03-22T15:42:07Z,135,True,android_vendor_qcom_opensource_display-commonsys,StatiXOS/android_vendor_qcom_opensource_display-commonsys,git@github.com:StatiXOS/android_vendor_qcom_opensource_display-commonsys.git,0
R_kgDOHMSn5w,2022-04-17T22:47:18Z,2026-04-03T15:31:38Z,2026-03-15T16:51:05Z,75958,False,arco,rbdannenberg/arco,git@github.com:rbdannenberg/arco.git,26
R_kgDOHMSLsQ,2022-04-17T22:01:46Z,2026-04-29T15:21:18Z,2026-04-29T15:09:43Z,600,False,nboxkrnl,ergo720/nboxkrnl,git@github.com:ergo720/nboxkrnl.git,45
R_kgDOHMPvoQ,2022-04-17T18:31:17Z,2026-03-08T22:23:24Z,2026-03-08T22:23:20Z,16889,False,303WIFILC01,maarten-pennings/303WIFILC01,git@github.com:maarten-pennings/303WIFILC01.git,36
R_kgDOHMNzag,2022-04-17T16:10:22Z,2026-04-21T23:51:09Z,2026-04-21T23:51:07Z,180450,True,nebuia_native_android,dist-bit/nebuia_native_android,git@github.com:dist-bit/nebuia_native_android.git,1
R_kgDOHMNQwQ,2022-04-17T15:34:21Z,2026-03-13T13:51:01Z,2026-03-13T13:50:54Z,2522,True,pbinfo,codulluiandrei/pbinfo,git@github.com:codulluiandrei/pbinfo.git,13
R_kgDOHMKaaw,2022-04-17T12:21:25Z,2026-04-29T10:52:02Z,2026-04-29T10:51:58Z,17876,False,qbreak,qbreak-app/qbreak,git@github.com:qbreak-app/qbreak.git,1
R_kgDOHMCyRQ,2022-04-17T00:24:11Z,2026-03-27T00:34:02Z,2026-03-27T00:32:30Z,255412,True,ert-build-support,inxware/ert-build-support,git@github.com:inxware/ert-build-support.git,0
R_kgDOHMBGbg,2022-04-16T21:16:13Z,2026-04-14T01:45:59Z,2026-04-14T01:45:52Z,10608,False,Neo-Robotics-Vex-Software,Arraf-Hoque/Neo-Robotics-Vex-Software,git@github.com:Arraf-Hoque/Neo-Robotics-Vex-Software.git,0
R_kgDOHMA9VQ,2022-04-16T21:02:49Z,2026-05-07T01:09:40Z,2026-04-30T23:19:03Z,94967,True,DreamPicoPort,OrangeFox86/DreamPicoPort,git@github.com:OrangeFox86/DreamPicoPort.git,94
R_kgDOHL-h4A,2022-04-16T17:39:23Z,2026-04-17T23:01:02Z,2026-04-17T23:00:55Z,27,False,find_command,SciencyBagel/find_command,git@github.com:SciencyBagel/find_command.git,0
R_kgDOHL6USw,2022-04-16T12:45:36Z,2026-05-01T19:27:35Z,2026-05-02T20:10:09Z,8732,True,UntitledImGuiFramework,MadLadSquad/UntitledImGuiFramework,git@github.com:MadLadSquad/UntitledImGuiFramework.git,48
R_kgDOHL6Qbw,2022-04-16T12:41:11Z,2026-05-03T19:01:52Z,2026-04-30T20:58:03Z,2491,False,PatternLanguage,WerWolv/PatternLanguage,git@github.com:WerWolv/PatternLanguage.git,263
R_kgDOHLxDhg,2022-04-15T22:31:20Z,2026-04-26T17:33:26Z,2026-03-24T00:29:16Z,8652,False,GTProxy,ZTzTopia/GTProxy,git@github.com:ZTzTopia/GTProxy.git,73
R_kgDOHLwaeA,2022-04-15T21:32:32Z,2026-04-29T06:52:30Z,2026-04-29T06:52:26Z,3539,False,chess-library,Disservin/chess-library,git@github.com:Disservin/chess-library.git,173
R_kgDOHLvPyw,2022-04-15T19:58:34Z,2026-03-12T06:58:49Z,2026-04-25T07:29:45Z,1870454,False,ConstraintPhysics,NathanMacLeod/ConstraintPhysics,git@github.com:NathanMacLeod/ConstraintPhysics.git,10
R_kgDOHLuYuw,2022-04-15T18:55:53Z,2026-05-07T11:20:05Z,2026-05-07T11:20:01Z,802495,False,library,maspypy/library,git@github.com:maspypy/library.git,113
R_kgDOHLuPlQ,2022-04-15T18:46:02Z,2026-04-29T08:16:59Z,2026-05-06T13:25:47Z,16527,True,qlever-petrimaps,ad-freiburg/qlever-petrimaps,git@github.com:ad-freiburg/qlever-petrimaps.git,21
R_kgDOHLuNeg,2022-04-15T18:43:52Z,2026-05-01T21:36:48Z,2026-04-27T21:38:10Z,149687,True,macroquest,macroquest/macroquest,git@github.com:macroquest/macroquest.git,85
R_kgDOHLq4IA,2022-04-15T15:18:11Z,2026-04-28T13:47:22Z,2026-04-28T13:45:22Z,12547,True,gruepr,gruepr/gruepr,git@github.com:gruepr/gruepr.git,8
R_kgDOHLpMIw,2022-04-15T13:42:27Z,2026-04-27T13:27:48Z,2026-04-27T13:27:39Z,9127,True,vector,riscv-admin/vector,git@github.com:riscv-admin/vector.git,10
R_kgDOHLk2mA,2022-04-15T09:02:08Z,2026-05-07T05:31:46Z,2026-05-07T05:31:09Z,5674,True,dde-grand-search,linuxdeepin/dde-grand-search,git@github.com:linuxdeepin/dde-grand-search.git,39
R_kgDOHLjPzg,2022-04-15T07:21:14Z,2026-03-18T06:24:45Z,2026-03-18T06:25:01Z,128,True,deepin-face,linuxdeepin/deepin-face,git@github.com:linuxdeepin/deepin-face.git,3
R_kgDOHLf2tg,2022-04-15T02:57:26Z,2026-04-23T03:55:49Z,2026-04-23T17:07:58Z,7612,True,eqlib,macroquest/eqlib,git@github.com:macroquest/eqlib.git,13
R_kgDOHLbV5w,2022-04-14T20:44:20Z,2026-03-02T15:35:29Z,2026-03-02T15:35:23Z,26,False,existenz,ThomasAUB/existenz,git@github.com:ThomasAUB/existenz.git,1
R_kgDOHLbKLg,2022-04-14T20:31:31Z,2026-04-19T10:06:55Z,2026-04-19T13:57:36Z,118,True,ContentRedirectionModule,wiiu-env/ContentRedirectionModule,git@github.com:wiiu-env/ContentRedirectionModule.git,17
R_kgDOHLZG4A,2022-04-14T18:21:58Z,2026-04-13T03:37:41Z,2026-04-13T03:37:33Z,18,False,trackberry-client-code,ananta111/trackberry-client-code,git@github.com:ananta111/trackberry-client-code.git,0
R_kgDOHLUTgA,2022-04-14T14:09:30Z,2026-04-17T04:57:40Z,2026-04-17T04:57:36Z,1349,True,typed-geometry,project-arcana/typed-geometry,git@github.com:project-arcana/typed-geometry.git,17
R_kgDOHLUKiw,2022-04-14T14:02:47Z,2026-05-04T04:40:23Z,2026-05-04T04:40:19Z,125,True,windows-msbuild-vscoverage-gh-actions-sc,sonarsource-cfamily-examples/windows-msbuild-vscoverage-gh-actions-sc,git@github.com:sonarsource-cfamily-examples/windows-msbuild-vscoverage-gh-actions-sc.git,5
R_kgDOHLTChw,2022-04-14T13:07:58Z,2026-05-04T04:40:16Z,2026-05-04T04:40:12Z,117,True,linux-cmake-llvm-cov-gh-actions-sc,sonarsource-cfamily-examples/linux-cmake-llvm-cov-gh-actions-sc,git@github.com:sonarsource-cfamily-examples/linux-cmake-llvm-cov-gh-actions-sc.git,4
R_kgDOHLSa8g,2022-04-14T12:36:05Z,2026-05-03T16:33:05Z,2026-05-03T16:33:01Z,6939,False,iigs_simulation,pcornier/iigs_simulation,git@github.com:pcornier/iigs_simulation.git,8
R_kgDOHLQKAg,2022-04-14T10:24:42Z,2026-05-04T04:40:18Z,2026-05-04T04:40:14Z,115,True,linux-cmake-gcovr-gh-actions-sc,sonarsource-cfamily-examples/linux-cmake-gcovr-gh-actions-sc,git@github.com:sonarsource-cfamily-examples/linux-cmake-gcovr-gh-actions-sc.git,9
R_kgDOHLPovQ,2022-04-14T09:55:25Z,2026-04-28T22:32:57Z,2026-05-06T13:19:15Z,62337,True,svZeroDSolver,SimVascular/svZeroDSolver,git@github.com:SimVascular/svZeroDSolver.git,21
R_kgDOHLGPbw,2022-04-13T23:01:21Z,2026-05-05T12:24:58Z,2026-04-14T13:24:30Z,44309,False,caps-log,NikolaDucak/caps-log,git@github.com:NikolaDucak/caps-log.git,372
R_kgDOHLGJIA,2022-04-13T22:53:01Z,2026-05-05T19:51:09Z,2026-05-05T19:59:04Z,8046,True,ZuluSCSI-firmware,ZuluSCSI/ZuluSCSI-firmware,git@github.com:ZuluSCSI/ZuluSCSI-firmware.git,261
R_kgDOHLEFPQ,2022-04-13T20:21:46Z,2026-05-06T18:48:53Z,2026-05-06T18:48:49Z,119,False,RapidjsonMacros,Metalit/RapidjsonMacros,git@github.com:Metalit/RapidjsonMacros.git,3
R_kgDOHLCu4A,2022-04-13T19:02:42Z,2026-04-27T22:24:19Z,2026-04-27T22:24:15Z,2502,False,dashboardsk_pi,nohal/dashboardsk_pi,git@github.com:nohal/dashboardsk_pi.git,8
R_kgDOHLAY5w,2022-04-13T17:00:48Z,2026-04-30T18:06:04Z,2026-04-30T18:05:50Z,11665,True,ratpac-two,rat-pac/ratpac-two,git@github.com:rat-pac/ratpac-two.git,20
R_kgDOHK8OVw,2022-04-13T13:47:26Z,2026-04-30T16:05:34Z,2026-04-28T09:23:47Z,34721,True,Mesh2HRTF,Any2HRTF/Mesh2HRTF,git@github.com:Any2HRTF/Mesh2HRTF.git,167
R_kgDOHK3-ow,2022-04-13T10:07:58Z,2026-04-08T09:00:36Z,2026-05-01T15:12:49Z,32968,True,FaceFX-UE5,FaceFX/FaceFX-UE5,git@github.com:FaceFX/FaceFX-UE5.git,11
R_kgDOHK33rw,2022-04-13T10:01:51Z,2026-04-06T15:26:11Z,2026-04-06T15:26:03Z,308,False,Uni_projects,WilliamCrealton/Uni_projects,git@github.com:WilliamCrealton/Uni_projects.git,2
R_kgDOHK2Xow,2022-04-13T08:44:06Z,2026-03-20T13:50:41Z,2026-03-20T13:50:37Z,32426,False,djcdata,jkiesele/djcdata,git@github.com:jkiesele/djcdata.git,2
R_kgDOHK1woA,2022-04-13T08:11:18Z,2026-05-03T20:31:40Z,2026-04-27T12:28:42Z,3588,True,arduino-i2c-scd30,Sensirion/arduino-i2c-scd30,git@github.com:Sensirion/arduino-i2c-scd30.git,12
R_kgDOHK1MSA,2022-04-13T07:40:21Z,2026-05-07T02:39:23Z,2026-05-03T22:23:22Z,14999,True,podofo,podofo/podofo,git@github.com:podofo/podofo.git,571
R_kgDOHKy-ig,2022-04-13T05:26:00Z,2026-03-18T14:43:23Z,2026-03-18T14:43:17Z,95242,False,DirectX_MyEngine,NittaShinji/DirectX_MyEngine,git@github.com:NittaShinji/DirectX_MyEngine.git,1
R_kgDOHKy0jg,2022-04-13T05:14:20Z,2026-04-29T15:58:40Z,2026-04-29T15:58:37Z,75,True,lagrange-example-project,adobe/lagrange-example-project,git@github.com:adobe/lagrange-example-project.git,7
R_kgDOHKtdyg,2022-04-12T22:31:34Z,2026-03-22T15:24:26Z,2026-03-22T16:33:32Z,129,False,daniellesasi,daniellesasi/daniellesasi,git@github.com:daniellesasi/daniellesasi.git,0
R_kgDOHKqj_A,2022-04-12T19:25:40Z,2026-04-29T16:58:59Z,2026-05-03T18:31:59Z,507775,False,UXP,RealityRipple/UXP,git@github.com:RealityRipple/UXP.git,5
R_kgDOHKpXiQ,2022-04-12T18:19:29Z,2026-04-28T01:50:43Z,2026-04-28T01:50:40Z,9801,False,Competitive-Programming-Algorithms,SamuellH12/Competitive-Programming-Algorithms,git@github.com:SamuellH12/Competitive-Programming-Algorithms.git,14
R_kgDOHKjR7Q,2022-04-12T13:37:50Z,2026-04-22T02:38:33Z,2026-04-22T02:38:28Z,61,False,VapourSynth-WNNM,WolframRhodium/VapourSynth-WNNM,git@github.com:WolframRhodium/VapourSynth-WNNM.git,14
R_kgDOHKipIA,2022-04-12T13:09:00Z,2026-05-04T04:40:26Z,2026-05-04T04:40:21Z,113,True,windows-msbuild-vscoverage-azure-sc,sonarsource-cfamily-examples/windows-msbuild-vscoverage-azure-sc,git@github.com:sonarsource-cfamily-examples/windows-msbuild-vscoverage-azure-sc.git,2
R_kgDOHKVUMQ,2022-04-12T00:26:48Z,2026-04-26T19:00:52Z,2026-04-08T20:57:48Z,417307,True,bugsplat-unreal,BugSplat-Git/bugsplat-unreal,git@github.com:BugSplat-Git/bugsplat-unreal.git,43
R_kgDOHKTkjA,2022-04-11T22:14:11Z,2026-03-16T21:33:02Z,2026-03-16T21:32:58Z,6650,False,aml,ichabodphage/aml,git@github.com:ichabodphage/aml.git,2
R_kgDOHKR6ug,2022-04-11T20:28:41Z,2026-04-22T14:23:27Z,2026-04-24T13:48:05Z,18966,True,aws-mysql-odbc,aws/aws-mysql-odbc,git@github.com:aws/aws-mysql-odbc.git,44
R_kgDOHKQVZA,2022-04-11T19:05:24Z,2026-05-05T06:01:41Z,2026-05-05T06:01:37Z,431,False,rename_app,Syed-Waleed-Shah/rename_app,git@github.com:Syed-Waleed-Shah/rename_app.git,37
R_kgDOHKM0nA,2022-04-11T16:16:35Z,2026-04-24T17:44:41Z,2026-04-24T17:44:37Z,503,False,AuxiliarCustomWidgets,francescmaestre/AuxiliarCustomWidgets,git@github.com:francescmaestre/AuxiliarCustomWidgets.git,0
R_kgDOHKMIbA,2022-04-11T15:46:51Z,2026-04-30T18:54:32Z,2026-04-30T18:54:28Z,243826,False,QuantumEigenSolver,makskliczkowski/QuantumEigenSolver,git@github.com:makskliczkowski/QuantumEigenSolver.git,1
R_kgDOHKJXbw,2022-04-11T13:51:21Z,2026-05-07T00:18:15Z,2026-05-07T01:29:01Z,6638,True,lazyfs,dsrhaslab/lazyfs,git@github.com:dsrhaslab/lazyfs.git,217
R_kgDOHKIT4w,2022-04-11T13:06:27Z,2026-04-26T11:16:06Z,2026-05-06T10:49:50Z,4612,True,android_hardware_oplus,LineageOS/android_hardware_oplus,git@github.com:LineageOS/android_hardware_oplus.git,33
R_kgDOHJ_C-Q,2022-04-11T04:58:16Z,2026-03-18T04:54:53Z,2026-03-18T04:54:50Z,54,False,cpp-utils,krystalCoconut/cpp-utils,git@github.com:krystalCoconut/cpp-utils.git,0
R_kgDOHJ4avw,2022-04-10T19:49:06Z,2026-05-01T05:48:38Z,2026-05-01T05:48:35Z,40225,False,Repo-Init,egecetin/Repo-Init,git@github.com:egecetin/Repo-Init.git,8
R_kgDOHJrQlA,2022-04-10T04:00:47Z,2026-04-23T23:54:55Z,2026-04-23T23:54:51Z,194805,False,ByteFrost,gilkeidar/ByteFrost,git@github.com:gilkeidar/ByteFrost.git,5
R_kgDOHJmNzg,2022-04-09T19:32:52Z,2026-05-06T00:49:37Z,2026-04-03T23:57:10Z,253,False,PT6312_VFD_Arduino_Library,ysard/PT6312_VFD_Arduino_Library,git@github.com:ysard/PT6312_VFD_Arduino_Library.git,18
R_kgDOHJjQBA,2022-04-09T16:06:54Z,2026-04-24T05:41:06Z,2026-04-24T06:32:54Z,10364,False,ComputerSoftware,vircon32/ComputerSoftware,git@github.com:vircon32/ComputerSoftware.git,45
R_kgDOHJhhTg,2022-04-09T14:21:24Z,2026-03-30T16:04:05Z,2026-04-14T09:49:24Z,3347,True,SANA-FE,SLAM-Lab/SANA-FE,git@github.com:SLAM-Lab/SANA-FE.git,26
R_kgDOHJYBdQ,2022-04-09T02:10:04Z,2026-05-05T19:42:27Z,2026-05-05T20:24:57Z,146515,False,WhiskerToolbox,paulmthompson/WhiskerToolbox,git@github.com:paulmthompson/WhiskerToolbox.git,2
R_kgDOHJVSNg,2022-04-08T21:51:01Z,2026-04-19T00:20:04Z,2026-05-06T20:16:22Z,243,True,array_record,google/array_record,git@github.com:google/array_record.git,138
R_kgDOHJUgtQ,2022-04-08T20:52:35Z,2026-04-25T19:25:24Z,2026-04-12T08:57:21Z,98863,True,lammps-ani,roitberg-group/lammps-ani,git@github.com:roitberg-group/lammps-ani.git,6
R_kgDOHJMt4Q,2022-04-08T13:46:42Z,2026-03-15T19:26:47Z,2026-04-30T19:38:27Z,1136,False,NanoOcp,ChristianAhrens/NanoOcp,git@github.com:ChristianAhrens/NanoOcp.git,3
R_kgDOHJB5XA,2022-04-08T03:26:09Z,2026-04-28T23:06:17Z,2026-04-28T23:06:13Z,185,False,Senior-Training,MagedElNajaar/Senior-Training,git@github.com:MagedElNajaar/Senior-Training.git,24
R_kgDOHI-6uQ,2022-04-07T23:39:52Z,2026-04-27T11:19:06Z,2026-04-27T11:19:01Z,10,True,Smart-Home-Arduino,CONZIUM/Smart-Home-Arduino,git@github.com:CONZIUM/Smart-Home-Arduino.git,0
R_kgDOHI3KGg,2022-04-07T15:58:29Z,2026-05-07T07:39:07Z,2026-03-06T11:34:42Z,8594,False,epic-online-services-godot,3ddelano/epic-online-services-godot,git@github.com:3ddelano/epic-online-services-godot.git,292
R_kgDOHI0uKw,2022-04-07T14:12:37Z,2026-03-24T02:08:59Z,2026-03-24T14:02:44Z,48018,False,pedbp,dewittpe/pedbp,git@github.com:dewittpe/pedbp.git,9
R_kgDOHIwAaA,2022-04-07T10:35:19Z,2026-04-18T10:39:47Z,2026-04-18T10:39:43Z,20,False,TechnionHW,zivdamir/TechnionHW,git@github.com:zivdamir/TechnionHW.git,1
R_kgDOHIvkPw,2022-04-07T10:12:23Z,2026-04-19T16:56:46Z,2026-04-19T16:56:41Z,569,False,XInfoDB,horsicq/XInfoDB,git@github.com:horsicq/XInfoDB.git,12
R_kgDOHIt0jw,2022-04-07T08:49:40Z,2026-03-30T10:40:21Z,2026-04-09T14:20:21Z,1027,True,arcane-benchs,arcaneframework/arcane-benchs,git@github.com:arcaneframework/arcane-benchs.git,0
R_kgDOHIpJcQ,2022-04-07T04:21:39Z,2026-05-05T12:26:23Z,2026-03-07T21:28:44Z,662949,False,Mypal68,Feodor2/Mypal68,git@github.com:Feodor2/Mypal68.git,858
R_kgDOHIlPSQ,2022-04-06T23:37:58Z,2026-05-05T11:38:10Z,2026-05-05T11:37:35Z,37653,True,ton-indexer,toncenter/ton-indexer,git@github.com:toncenter/ton-indexer.git,102
R_kgDOHIlOCg,2022-04-06T23:36:26Z,2026-05-06T11:55:57Z,2026-04-08T18:11:02Z,225,True,nvbandwidth,NVIDIA/nvbandwidth,git@github.com:NVIDIA/nvbandwidth.git,693
R_kgDOHIb3mA,2022-04-06T14:57:40Z,2026-04-23T16:02:38Z,2026-04-23T16:17:04Z,1251,True,socure-docv-demo-app-react-native,socure-inc/socure-docv-demo-app-react-native,git@github.com:socure-inc/socure-docv-demo-app-react-native.git,2
R_kgDOHIa6qg,2022-04-06T14:18:07Z,2026-05-06T03:45:20Z,2026-05-04T20:20:12Z,19897,True,thprac,touhouworldcup/thprac,git@github.com:touhouworldcup/thprac.git,382
R_kgDOHIa0fg,2022-04-06T14:14:08Z,2026-05-04T18:24:01Z,2026-05-04T18:23:56Z,1251,True,esnet-smartnic-fw,esnet/esnet-smartnic-fw,git@github.com:esnet/esnet-smartnic-fw.git,14
R_kgDOHIZiLw,2022-04-06T13:19:44Z,2026-04-14T05:59:37Z,2026-04-14T05:59:32Z,2474,True,aig,Gepetto/aig,git@github.com:Gepetto/aig.git,3
R_kgDOHIYqRg,2022-04-06T12:41:17Z,2026-04-24T12:47:24Z,2026-04-24T12:47:20Z,365,True,k4EDM4hep2LcioConv,key4hep/k4EDM4hep2LcioConv,git@github.com:key4hep/k4EDM4hep2LcioConv.git,2
R_kgDOHIUUPA,2022-04-06T09:07:14Z,2026-03-03T18:10:00Z,2026-03-03T18:09:56Z,724,False,Competitive-Programming,paddycore/Competitive-Programming,git@github.com:paddycore/Competitive-Programming.git,0
R_kgDOHIFzdA,2022-04-05T18:06:14Z,2026-04-27T06:44:10Z,2026-05-04T23:25:16Z,3145,True,sisl,eBay/sisl,git@github.com:eBay/sisl.git,16
R_kgDOHIClwA,2022-04-05T15:36:05Z,2026-05-05T15:23:08Z,2026-05-05T15:21:56Z,17694,True,Shamrock,Shamrock-code/Shamrock,git@github.com:Shamrock-code/Shamrock.git,62
R_kgDOHH_TaA,2022-04-05T13:23:38Z,2026-04-27T02:08:25Z,2026-04-23T14:16:35Z,5284,False,Daly2MQTT,softwarecrash/Daly2MQTT,git@github.com:softwarecrash/Daly2MQTT.git,175
R_kgDOHH1MbQ,2022-04-05T04:25:40Z,2026-04-28T14:07:54Z,2026-04-28T14:06:53Z,217,False,whi_imu,xinjuezou-whi/whi_imu,git@github.com:xinjuezou-whi/whi_imu.git,2
R_kgDOHH04BA,2022-04-05T04:01:49Z,2026-05-07T08:09:48Z,2026-05-07T08:09:44Z,991,True,tateyama-bootstrap,project-tsurugi/tateyama-bootstrap,git@github.com:project-tsurugi/tateyama-bootstrap.git,1
R_kgDOHHx14g,2022-04-05T00:19:50Z,2026-05-03T10:56:15Z,2026-05-03T10:56:11Z,20838,False,Wisteria-Dataviz,Blake-Madden/Wisteria-Dataviz,git@github.com:Blake-Madden/Wisteria-Dataviz.git,25
R_kgDOHHv4bA,2022-04-04T21:55:11Z,2026-05-03T19:49:47Z,2026-03-12T07:13:07Z,52080,True,mbari_wec_gz,osrf/mbari_wec_gz,git@github.com:osrf/mbari_wec_gz.git,27
R_kgDOHHuYkQ,2022-04-04T20:26:50Z,2026-04-01T18:36:00Z,2026-04-01T18:35:54Z,476,False,miniScene,ingowald/miniScene,git@github.com:ingowald/miniScene.git,25
R_kgDOHHtSMA,2022-04-04T19:27:06Z,2026-03-01T03:27:58Z,2026-03-01T03:32:33Z,238,True,EX-Turntable,DCC-EX/EX-Turntable,git@github.com:DCC-EX/EX-Turntable.git,8
R_kgDOHHoHFA,2022-04-04T15:23:10Z,2026-05-02T18:34:36Z,2026-05-02T18:40:01Z,1468,False,ordered-goals-planner,carloacu/ordered-goals-planner,git@github.com:carloacu/ordered-goals-planner.git,1
R_kgDOHHbw2A,2022-04-04T05:07:40Z,2026-05-07T01:03:22Z,2026-05-06T12:45:23Z,26363,False,chrome_plus,Bush2021/chrome_plus,git@github.com:Bush2021/chrome_plus.git,1889
R_kgDOHHTSvA,2022-04-03T17:41:27Z,2026-03-26T21:15:31Z,2026-03-26T21:15:25Z,820,True,Xenia-1-Blackberry-JAM,UVicRocketry/Xenia-1-Blackberry-JAM,git@github.com:UVicRocketry/Xenia-1-Blackberry-JAM.git,0
R_kgDOHHQQhQ,2022-04-03T14:36:43Z,2026-05-07T05:07:38Z,2026-05-07T09:04:02Z,4006,True,quicreach,microsoft/quicreach,git@github.com:microsoft/quicreach.git,148
R_kgDOHHPB3A,2022-04-03T13:23:09Z,2026-03-05T17:41:18Z,2026-03-05T17:41:14Z,153,False,AmigurumiDesigner,JaroslavHavrda/AmigurumiDesigner,git@github.com:JaroslavHavrda/AmigurumiDesigner.git,0
R_kgDOHHK-7A,2022-04-03T08:34:20Z,2026-04-01T08:49:56Z,2026-05-07T09:08:10Z,22837,True,casual,casualcore/casual,git@github.com:casualcore/casual.git,16
R_kgDOHHKNOQ,2022-04-03T07:31:02Z,2026-05-07T04:17:44Z,2026-03-28T12:47:55Z,14709,False,SmokeAPI,acidicoala/SmokeAPI,git@github.com:acidicoala/SmokeAPI.git,2027
R_kgDOHHGEUA,2022-04-03T00:21:17Z,2026-05-07T10:56:35Z,2026-05-07T10:56:29Z,293,False,HDRTray,res2k/HDRTray,git@github.com:res2k/HDRTray.git,427
R_kgDOHGyPCQ,2022-04-01T21:44:24Z,2026-05-06T21:48:23Z,2026-04-29T20:31:54Z,3301,True,compile-time-init-build,intel/compile-time-init-build,git@github.com:intel/compile-time-init-build.git,636
R_kgDOHGtmbQ,2022-04-01T16:50:55Z,2026-05-06T15:00:04Z,2026-05-06T14:47:31Z,930,False,Leetcode-Daily,shvmsh20/Leetcode-Daily,git@github.com:shvmsh20/Leetcode-Daily.git,1
R_kgDOHGsiRQ,2022-04-01T15:54:36Z,2026-03-28T10:05:36Z,2026-03-28T10:05:52Z,2219,False,mini_cuboid,altb71/mini_cuboid,git@github.com:altb71/mini_cuboid.git,0
R_kgDOHGqRtQ,2022-04-01T14:08:48Z,2026-04-20T07:09:20Z,2026-04-20T07:10:13Z,77,True,qtxdg-tools,lxqt/qtxdg-tools,git@github.com:lxqt/qtxdg-tools.git,3
R_kgDOHGpGhQ,2022-04-01T13:14:23Z,2026-05-03T14:40:29Z,2026-04-25T14:58:14Z,12172,True,NanaBox,M2Team/NanaBox,git@github.com:M2Team/NanaBox.git,950
R_kgDOHGg1Qw,2022-04-01T05:55:35Z,2026-04-27T19:38:56Z,2026-04-27T19:38:47Z,17244,False,drone_docs,harrylerman/drone_docs,git@github.com:harrylerman/drone_docs.git,0
R_kgDOHGYFGQ,2022-03-31T19:24:00Z,2026-03-08T21:28:16Z,2026-03-06T15:06:11Z,196,False,GetComPortList,nkinar/GetComPortList,git@github.com:nkinar/GetComPortList.git,4
R_kgDOHGX3BQ,2022-03-31T19:12:14Z,2026-04-27T20:40:14Z,2026-04-27T20:40:11Z,1819,True,dune_plot_style,DUNE/dune_plot_style,git@github.com:DUNE/dune_plot_style.git,11
R_kgDOHGXctQ,2022-03-31T18:50:57Z,2026-04-27T09:19:03Z,2026-03-05T21:44:46Z,33372,True,daphne,daphne-project/daphne,git@github.com:daphne-project/daphne.git,80
R_kgDOHGDUWw,2022-03-31T01:27:22Z,2026-04-29T04:02:18Z,2026-04-29T04:03:11Z,5546,True,ve-tos-cpp-sdk,volcengine/ve-tos-cpp-sdk,git@github.com:volcengine/ve-tos-cpp-sdk.git,11
R_kgDOHGApwg,2022-03-30T21:58:29Z,2026-04-28T16:18:04Z,2026-04-05T08:41:28Z,1422,True,android_device_xiaomi_sm6375-common,xiaomi-sm6375-devs/android_device_xiaomi_sm6375-common,git@github.com:xiaomi-sm6375-devs/android_device_xiaomi_sm6375-common.git,19
R_kgDOHF3gnA,2022-03-30T14:24:05Z,2026-04-30T07:28:57Z,2026-04-30T07:28:53Z,15674,False,immvision,pthom/immvision,git@github.com:pthom/immvision.git,62
R_kgDOHFyyCg,2022-03-30T10:55:30Z,2026-03-01T10:05:30Z,2026-03-05T14:16:32Z,45,True,imagebroker,mr-technologies/imagebroker,git@github.com:mr-technologies/imagebroker.git,6
R_kgDOHFoadQ,2022-03-30T00:45:23Z,2026-04-01T23:17:37Z,2026-05-05T22:46:18Z,53333,True,plexil,plexil-group/plexil,git@github.com:plexil-group/plexil.git,25
R_kgDOHFl0Kg,2022-03-29T21:25:27Z,2026-04-16T06:50:47Z,2026-04-07T00:21:10Z,131902,True,COMET,pnnl/COMET,git@github.com:pnnl/COMET.git,42
R_kgDOHFlyQQ,2022-03-29T21:23:27Z,2026-04-29T23:27:57Z,2026-04-29T23:27:53Z,822,True,cpputil,4ms/cpputil,git@github.com:4ms/cpputil.git,6
R_kgDOHFjlyA,2022-03-29T19:20:07Z,2026-05-07T03:12:14Z,2026-05-02T03:02:25Z,591042,True,itgmania,itgmania/itgmania,git@github.com:itgmania/itgmania.git,264
R_kgDOHFi67Q,2022-03-29T18:48:41Z,2026-04-02T23:09:03Z,2026-04-02T23:20:13Z,170,True,timeStampFifo,slac-epics/timeStampFifo,git@github.com:slac-epics/timeStampFifo.git,0
R_kgDOHFYuWw,2022-03-29T11:25:07Z,2026-05-07T10:01:08Z,2026-05-07T10:01:03Z,560,False,ARkalpyOS,karna-sam/ARkalpyOS,git@github.com:karna-sam/ARkalpyOS.git,0
R_kgDOHFYV-w,2022-03-29T11:06:11Z,2026-04-17T12:59:26Z,2026-04-17T12:59:22Z,934,False,genefer22,galloty/genefer22,git@github.com:galloty/genefer22.git,9
R_kgDOHFYIpA,2022-03-29T10:56:02Z,2026-05-04T19:27:30Z,2026-05-04T19:27:26Z,130409,True,metaDMG-cpp,metaDMG-dev/metaDMG-cpp,git@github.com:metaDMG-dev/metaDMG-cpp.git,15
R_kgDOHFMoig,2022-03-28T23:29:04Z,2026-04-24T13:06:56Z,2026-03-11T10:04:27Z,45194,True,fairgbm,feedzai/fairgbm,git@github.com:feedzai/fairgbm.git,108
R_kgDOHFK0yw,2022-03-28T21:19:13Z,2026-05-06T23:51:37Z,2026-05-06T23:51:33Z,11511,True,compute-benchmarks,intel/compute-benchmarks,git@github.com:intel/compute-benchmarks.git,42
R_kgDOHFJnFA,2022-03-28T20:08:25Z,2026-03-24T22:42:35Z,2026-04-15T12:25:08Z,106,True,water_level_sensor,Tech-A-P/water_level_sensor,git@github.com:Tech-A-P/water_level_sensor.git,3
R_kgDOHFBVsQ,2022-03-28T13:58:50Z,2026-03-26T09:50:58Z,2026-03-26T09:50:52Z,3005,False,ft_containers,LeoBourret/ft_containers,git@github.com:LeoBourret/ft_containers.git,0
R_kgDOHE6XLA,2022-03-28T08:30:05Z,2026-04-30T07:17:24Z,2026-04-30T07:17:19Z,54117,True,ros2_canopen,ros-industrial/ros2_canopen,git@github.com:ros-industrial/ros2_canopen.git,264
R_kgDOHE3C_w,2022-03-28T05:30:28Z,2026-04-17T17:45:57Z,2026-04-17T17:56:45Z,313,True,ninshiki_cpp,ichiro-its/ninshiki_cpp,git@github.com:ichiro-its/ninshiki_cpp.git,1
R_kgDOHE1sjw,2022-03-28T03:48:21Z,2026-05-04T12:15:08Z,2026-05-06T06:45:16Z,1323,True,anylink-client,tlslink/anylink-client,git@github.com:tlslink/anylink-client.git,118
R_kgDOHEzV6g,2022-03-28T00:46:12Z,2026-05-06T21:57:08Z,2026-04-25T15:14:31Z,25565,False,octave,mholtkamp/octave,git@github.com:mholtkamp/octave.git,495
R_kgDOHEvipw,2022-03-27T19:14:57Z,2026-04-28T15:41:41Z,2026-05-07T01:43:35Z,425,False,openfortivpn-webview,gm-vm/openfortivpn-webview,git@github.com:gm-vm/openfortivpn-webview.git,135
R_kgDOHEuwuw,2022-03-27T18:20:50Z,2026-03-25T23:31:40Z,2026-03-25T23:31:36Z,25761,True,RFID_System,makernexus/RFID_System,git@github.com:makernexus/RFID_System.git,1
R_kgDOHErsBw,2022-03-27T15:05:18Z,2026-05-05T03:08:02Z,2026-05-05T03:07:58Z,1495,True,ublksrv,ublk-org/ublksrv,git@github.com:ublk-org/ublksrv.git,202
R_kgDOHEq6zw,2022-03-27T14:20:07Z,2026-04-30T10:32:15Z,2026-04-30T10:32:05Z,818585,False,TestUE5,lovebirdsx/TestUE5,git@github.com:lovebirdsx/TestUE5.git,0
R_kgDOHEg5YA,2022-03-27T00:05:33Z,2026-05-05T22:44:48Z,2026-05-05T22:44:40Z,13390,False,TBAGame,dr-fisk/TBAGame,git@github.com:dr-fisk/TBAGame.git,2
R_kgDOHEfNDg,2022-03-26T21:13:08Z,2026-05-03T21:49:41Z,2026-05-04T03:53:40Z,1197,True,pyg-lib,pyg-team/pyg-lib,git@github.com:pyg-team/pyg-lib.git,228
R_kgDOHERRzw,2022-03-26T04:18:50Z,2026-04-25T01:16:12Z,2026-04-25T01:16:08Z,331,False,proxy_setting,ueki-tomohiro/proxy_setting,git@github.com:ueki-tomohiro/proxy_setting.git,4
R_kgDOHEGL1g,2022-03-25T15:10:05Z,2026-05-02T16:11:56Z,2026-05-03T18:00:01Z,56415,True,Scala,scala-network/Scala,git@github.com:scala-network/Scala.git,14
R_kgDOHECYtg,2022-03-25T12:11:41Z,2026-04-02T10:56:15Z,2026-04-02T10:55:53Z,50147,True,os-grpc,pexip/os-grpc,git@github.com:pexip/os-grpc.git,0
R_kgDOHD8YYQ,2022-03-25T06:39:17Z,2026-03-27T11:18:54Z,2026-03-27T11:18:51Z,51554,True,system_bt,keepQASSA/system_bt,git@github.com:keepQASSA/system_bt.git,0
R_kgDOHD2L8A,2022-03-24T22:42:28Z,2026-03-31T14:32:32Z,2026-05-07T05:40:50Z,7119,False,Luthier,matinraayai/Luthier,git@github.com:matinraayai/Luthier.git,28
R_kgDOHD14fg,2022-03-24T22:19:20Z,2026-03-16T02:30:05Z,2026-03-16T02:30:01Z,1894,True,happy,code4fukui/happy,git@github.com:code4fukui/happy.git,0
R_kgDOHDy0iw,2022-03-24T19:10:17Z,2026-03-27T11:17:35Z,2026-03-27T11:17:25Z,66540,True,frameworks_native,keepQASSA/frameworks_native,git@github.com:keepQASSA/frameworks_native.git,0
R_kgDOHDywVQ,2022-03-24T19:06:32Z,2026-03-27T11:04:52Z,2026-03-27T11:04:32Z,77510,True,frameworks_av,keepQASSA/frameworks_av,git@github.com:keepQASSA/frameworks_av.git,0
R_kgDOHDtktQ,2022-03-24T15:02:09Z,2026-03-06T16:53:41Z,2026-03-06T16:53:37Z,17351,False,microtone,DanielToby/microtone,git@github.com:DanielToby/microtone.git,40
R_kgDOHDrVFw,2022-03-24T13:27:28Z,2026-04-10T14:10:31Z,2026-04-10T14:10:25Z,38126,True,nest-gpu,nest/nest-gpu,git@github.com:nest/nest-gpu.git,26
R_kgDOHDpSXA,2022-03-24T11:51:51Z,2026-03-27T10:57:35Z,2026-03-27T10:57:31Z,93608,True,system_core,keepQASSA/system_core,git@github.com:keepQASSA/system_core.git,0
R_kgDOHDc4rA,2022-03-23T22:41:24Z,2026-03-02T08:58:53Z,2026-03-02T08:58:49Z,3132,False,usaco-guide,ripon1995/usaco-guide,git@github.com:ripon1995/usaco-guide.git,0
R_kgDOHDbvxQ,2022-03-23T21:22:23Z,2026-05-07T00:55:03Z,2026-03-27T22:09:58Z,66109,True,prime,PrimeDecomp/prime,git@github.com:PrimeDecomp/prime.git,256
R_kgDOHDZXzA,2022-03-23T19:05:21Z,2026-03-27T18:03:49Z,2026-03-27T18:02:01Z,5731,False,frontier_nav_proj,DAGABO98/frontier_nav_proj,git@github.com:DAGABO98/frontier_nav_proj.git,1
R_kgDOHDW7AA,2022-03-23T17:05:53Z,2026-03-11T16:08:29Z,2026-03-11T16:08:24Z,611,True,Lightstreamer-example-StockList-client-flutter,Lightstreamer/Lightstreamer-example-StockList-client-flutter,git@github.com:Lightstreamer/Lightstreamer-example-StockList-client-flutter.git,2
R_kgDOHDTElw,2022-03-23T14:18:11Z,2026-04-02T21:04:27Z,2026-04-06T14:58:23Z,2614,True,iomanager,DUNE-DAQ/iomanager,git@github.com:DUNE-DAQ/iomanager.git,0
R_kgDOHDPZxA,2022-03-23T11:35:32Z,2026-04-17T09:19:19Z,2026-04-17T09:19:12Z,3854,True,core,wheelos/core,git@github.com:wheelos/core.git,46
R_kgDOHDHxrg,2022-03-23T04:23:10Z,2026-04-15T22:31:15Z,2026-04-15T22:31:10Z,128,True,ImGuiH,Scaly-Sphere-Studio/ImGuiH,git@github.com:Scaly-Sphere-Studio/ImGuiH.git,0
R_kgDOHDGaUw,2022-03-23T02:42:24Z,2026-04-25T14:21:26Z,2026-04-25T14:21:23Z,292,True,prebuilder,fcitx5-android/prebuilder,git@github.com:fcitx5-android/prebuilder.git,3
R_kgDOHDFoLw,2022-03-23T01:45:43Z,2026-05-05T19:08:18Z,2026-05-05T19:08:06Z,3326,True,fine-mapping-inf,FinucaneLab/fine-mapping-inf,git@github.com:FinucaneLab/fine-mapping-inf.git,20
R_kgDOHDCG4A,2022-03-22T21:24:43Z,2026-04-28T23:10:26Z,2026-04-28T23:10:21Z,2010,True,spatula,seqscope/spatula,git@github.com:seqscope/spatula.git,4
R_kgDOHDBboA,2022-03-22T20:42:35Z,2026-05-01T03:10:14Z,2026-05-01T03:46:46Z,248,True,isaac_ros_object_detection,NVIDIA-ISAAC-ROS/isaac_ros_object_detection,git@github.com:NVIDIA-ISAAC-ROS/isaac_ros_object_detection.git,188
R_kgDOHDBXhg,2022-03-22T20:38:44Z,2026-05-04T19:18:20Z,2026-05-01T03:46:45Z,687,True,isaac_ros_nvblox,NVIDIA-ISAAC-ROS/isaac_ros_nvblox,git@github.com:NVIDIA-ISAAC-ROS/isaac_ros_nvblox.git,696
R_kgDOHDAv1A,2022-03-22T20:03:35Z,2026-05-04T16:54:24Z,2026-05-05T04:11:28Z,278106,False,nuki_hub,technyon/nuki_hub,git@github.com:technyon/nuki_hub.git,707
R_kgDOHC-UdA,2022-03-22T18:03:07Z,2026-05-03T14:37:27Z,2026-05-03T14:37:22Z,713466,False,Trinex-Engine,Programier/Trinex-Engine,git@github.com:Programier/Trinex-Engine.git,5
R_kgDOHC0Jig,2022-03-22T10:21:06Z,2026-04-11T20:38:20Z,2026-04-11T20:38:10Z,53682,False,disser,srMemphis/disser,git@github.com:srMemphis/disser.git,0
R_kgDOHCngug,2022-03-21T20:46:07Z,2026-04-23T14:11:12Z,2026-04-23T14:10:21Z,26805,True,APCEMM,MIT-LAE/APCEMM,git@github.com:MIT-LAE/APCEMM.git,17
R_kgDOHCZAog,2022-03-21T09:32:48Z,2026-05-05T11:54:21Z,2026-05-05T11:54:12Z,8324,False,sidplay5,Alexco500/sidplay5,git@github.com:Alexco500/sidplay5.git,73
R_kgDOHCW4eQ,2022-03-21T07:45:37Z,2026-04-20T01:20:58Z,2026-03-22T07:50:57Z,4382,False,CP-templates,Misuki743/CP-templates,git@github.com:Misuki743/CP-templates.git,2
R_kgDOHCRsgg,2022-03-21T01:32:55Z,2026-03-19T08:31:32Z,2026-03-19T08:31:27Z,222381,False,sos-monorepo,SilentEchoGM/sos-monorepo,git@github.com:SilentEchoGM/sos-monorepo.git,12
R_kgDOHCMKiA,2022-03-20T17:51:31Z,2026-05-05T14:10:19Z,2026-05-05T14:09:43Z,286106,False,Inventor,edmundchong/Inventor,git@github.com:edmundchong/Inventor.git,0
R_kgDOHCHz3w,2022-03-20T13:24:29Z,2026-03-18T10:21:46Z,2026-03-18T10:21:38Z,17099,True,mobilerack-interface,srl-ethz/mobilerack-interface,git@github.com:srl-ethz/mobilerack-interface.git,2
R_kgDOHB6LOQ,2022-03-19T17:19:19Z,2026-03-09T19:12:56Z,2026-03-09T19:13:24Z,67941,False,coppeliasim-aseba,jeguzzi/coppeliasim-aseba,git@github.com:jeguzzi/coppeliasim-aseba.git,3
R_kgDOHB24Rg,2022-03-19T13:52:10Z,2026-05-06T19:10:42Z,2026-05-06T19:10:38Z,12085,False,kek,folkertvanheusden/kek,git@github.com:folkertvanheusden/kek.git,13
R_kgDOHButgQ,2022-03-19T02:51:45Z,2026-05-06T17:07:11Z,2026-05-06T17:07:06Z,23048,True,monorepo,BoleynSu-Org/monorepo,git@github.com:BoleynSu-Org/monorepo.git,2
R_kgDOHBoyYQ,2022-03-18T18:38:31Z,2026-04-07T02:51:57Z,2026-04-07T02:51:54Z,125,True,can-throttleator,supermileage/can-throttleator,git@github.com:supermileage/can-throttleator.git,0
R_kgDOHBoWRQ,2022-03-18T18:12:57Z,2026-05-06T22:31:32Z,2026-05-06T22:31:13Z,16341,True,zerospades,zerospades/zerospades,git@github.com:zerospades/zerospades.git,37
R_kgDOHBf6ZQ,2022-03-18T10:59:15Z,2026-04-12T15:56:27Z,2026-04-12T15:59:28Z,314,False,EEPROM_SPI_WE,wollewald/EEPROM_SPI_WE,git@github.com:wollewald/EEPROM_SPI_WE.git,13
R_kgDOHBde2Q,2022-03-18T08:42:34Z,2026-04-11T06:17:06Z,2026-04-11T06:16:59Z,828,False,VphonegagaInject,mr-souravsharma/VphonegagaInject,git@github.com:mr-souravsharma/VphonegagaInject.git,25
R_kgDOHBYh-g,2022-03-18T02:37:14Z,2026-04-09T01:19:49Z,2026-03-24T13:10:17Z,3232,True,NMPC,isri-aist/NMPC,git@github.com:isri-aist/NMPC.git,67
R_kgDOHBWtww,2022-03-18T00:15:01Z,2026-05-01T09:23:42Z,2026-05-01T09:23:38Z,483,False,qpcpp_esp32,vChavezB/qpcpp_esp32,git@github.com:vChavezB/qpcpp_esp32.git,3
R_kgDOHBVoEA,2022-03-17T22:43:16Z,2026-05-07T11:17:00Z,2026-05-01T18:38:42Z,846,False,PCSX2PluginInjector,ThirteenAG/PCSX2PluginInjector,git@github.com:ThirteenAG/PCSX2PluginInjector.git,21
R_kgDOHBT-gg,2022-03-17T20:48:32Z,2026-03-31T16:49:53Z,2026-03-31T16:49:46Z,8225,True,text,flashlight/text,org-67613832@github.com:flashlight/text.git,79
R_kgDOHBRZQQ,2022-03-17T18:19:46Z,2026-05-06T17:54:31Z,2026-05-06T17:54:27Z,26237,True,fleetbench,google/fleetbench,git@github.com:google/fleetbench.git,142
R_kgDOHBKj6Q,2022-03-17T12:24:33Z,2026-05-01T16:33:51Z,2026-04-27T20:47:49Z,785,True,KDUtils,KDAB/KDUtils,git@github.com:KDAB/KDUtils.git,61
R_kgDOHBJlvw,2022-03-17T11:34:52Z,2026-04-30T14:13:17Z,2026-05-06T13:11:00Z,800,True,dice-template-library,dice-group/dice-template-library,git@github.com:dice-group/dice-template-library.git,3
R_kgDOHBIGaA,2022-03-17T10:18:25Z,2026-04-09T17:55:14Z,2026-04-09T17:55:08Z,765,True,wstsound,WindstilleTeam/wstsound,git@github.com:WindstilleTeam/wstsound.git,0
R_kgDOHBG1bw,2022-03-17T09:14:49Z,2026-03-05T16:04:05Z,2026-04-22T15:44:42Z,7939,False,ns-3-adaptive-vr-app,djvergad/ns-3-adaptive-vr-app,git@github.com:djvergad/ns-3-adaptive-vr-app.git,3
R_kgDOHA7HmA,2022-03-16T19:49:13Z,2026-05-07T11:22:45Z,2026-05-07T11:05:50Z,75644,True,Hyprland,hyprwm/Hyprland,git@github.com:hyprwm/Hyprland.git,35545
R_kgDOHA2RSw,2022-03-16T15:53:02Z,2026-04-22T22:46:29Z,2026-04-21T17:07:03Z,14231,True,iiwa_ros2,ICube-Robotics/iiwa_ros2,git@github.com:ICube-Robotics/iiwa_ros2.git,127
R_kgDOHAoY7g,2022-03-16T03:52:32Z,2026-05-04T12:55:32Z,2026-05-04T12:57:01Z,134,False,gameShieldDll,LeeFoulger/gameShieldDll,git@github.com:LeeFoulger/gameShieldDll.git,2
R_kgDOHAlSuw,2022-03-16T00:14:04Z,2026-05-04T14:07:06Z,2026-05-04T14:03:30Z,19652,True,app,theengs/app,git@github.com:theengs/app.git,48
R_kgDOHAiOlQ,2022-03-15T20:32:59Z,2026-05-06T17:59:04Z,2026-04-06T15:58:21Z,216414,False,SAIGE,saigegit/SAIGE,git@github.com:saigegit/SAIGE.git,95
R_kgDOHAfkJQ,2022-03-15T18:10:56Z,2026-04-09T12:02:07Z,2026-04-07T11:39:51Z,16947,True,microscale,mulmopro/microscale,git@github.com:mulmopro/microscale.git,1
R_kgDOHAXaDg,2022-03-15T12:16:44Z,2026-04-28T01:53:43Z,2026-04-21T16:16:47Z,84663,False,pandemonium_engine,Relintai/pandemonium_engine,git@github.com:Relintai/pandemonium_engine.git,49
R_kgDOHAVDLg,2022-03-15T10:21:29Z,2026-04-29T20:47:48Z,2026-04-14T21:11:34Z,16919,False,RTMSDF,rtm223/RTMSDF,git@github.com:rtm223/RTMSDF.git,49
R_kgDOHAFO3Q,2022-03-14T17:58:04Z,2026-04-21T12:46:33Z,2026-04-21T12:46:29Z,419,True,marsupial_mission_interface,robotics-upo/marsupial_mission_interface,git@github.com:robotics-upo/marsupial_mission_interface.git,2
R_kgDOHADJeA,2022-03-14T16:21:57Z,2026-03-11T18:13:43Z,2026-04-21T20:54:16Z,135844,True,SMaLLFramework,CMU-SPEED/SMaLLFramework,git@github.com:CMU-SPEED/SMaLLFramework.git,12
R_kgDOHADFog,2022-03-14T16:19:18Z,2026-04-01T07:15:59Z,2026-04-01T07:15:54Z,661,True,marsupial_launchers,robotics-upo/marsupial_launchers,git@github.com:robotics-upo/marsupial_launchers.git,0
R_kgDOG_-OdA,2022-03-14T12:55:00Z,2026-04-30T16:52:33Z,2026-04-30T16:52:28Z,5743,True,HidraSim,DRCalo/HidraSim,git@github.com:DRCalo/HidraSim.git,0
R_kgDOG_9jig,2022-03-14T12:24:22Z,2026-05-04T18:21:22Z,2026-05-07T08:43:34Z,23507,True,PicoLowLevel,Team-Isaac-Polito/PicoLowLevel,git@github.com:Team-Isaac-Polito/PicoLowLevel.git,0
R_kgDOG_8gRw,2022-03-14T11:32:32Z,2026-04-19T04:32:11Z,2026-03-16T16:39:41Z,2708,True,blksnap,veeam/blksnap,git@github.com:veeam/blksnap.git,97
R_kgDOG_6qOA,2022-03-14T10:00:09Z,2026-05-01T11:23:31Z,2026-05-01T11:23:28Z,366,False,WindowsPlatform,WilliamKitson/WindowsPlatform,git@github.com:WilliamKitson/WindowsPlatform.git,0
R_kgDOG_5ukg,2022-03-14T09:16:12Z,2026-05-05T00:17:13Z,2026-04-28T13:23:09Z,5486,False,imgui_test_engine,ocornut/imgui_test_engine,git@github.com:ocornut/imgui_test_engine.git,579
R_kgDOG_pLkQ,2022-03-13T14:01:07Z,2026-03-16T10:23:54Z,2026-03-16T10:30:06Z,70,False,Korean-cmd,scsmsu/Korean-cmd,git@github.com:scsmsu/Korean-cmd.git,0
R_kgDOG_mcxQ,2022-03-13T10:54:46Z,2026-04-23T13:14:43Z,2026-04-23T13:14:27Z,14593,False,EPortier,louis-chevallier/EPortier,git@github.com:louis-chevallier/EPortier.git,0
R_kgDOG_c5Yg,2022-03-12T19:58:54Z,2026-05-06T21:10:48Z,2026-05-06T19:56:25Z,1272,False,Dna,Colton1skees/Dna,git@github.com:Colton1skees/Dna.git,319
R_kgDOG_SNvw,2022-03-12T07:25:07Z,2026-04-22T17:24:01Z,2026-04-22T17:23:57Z,150935,True,FACTOR,ProjectFactor/FACTOR,git@github.com:ProjectFactor/FACTOR.git,46
R_kgDOG_OIng,2022-03-12T01:06:59Z,2026-04-23T08:34:43Z,2026-04-23T08:34:39Z,2634,True,satellite,bluesatunsw/satellite,git@github.com:bluesatunsw/satellite.git,1
R_kgDOG_LxHg,2022-03-11T21:35:47Z,2026-04-23T15:01:04Z,2026-04-23T15:00:24Z,13,False,mod-reagent-bank,ZhengPeiRu21/mod-reagent-bank,git@github.com:ZhengPeiRu21/mod-reagent-bank.git,31
R_kgDOG_I3FA,2022-03-11T18:25:22Z,2026-05-07T07:09:27Z,2026-05-07T07:09:22Z,1414,True,media-triage,mozilla/media-triage,git@github.com:mozilla/media-triage.git,3
R_kgDOG_AAow,2022-03-11T10:54:03Z,2026-05-07T08:12:33Z,2026-05-07T07:41:43Z,115052,True,nvblox,nvidia-isaac/nvblox,git@github.com:nvidia-isaac/nvblox.git,1176
R_kgDOG-7OIg,2022-03-11T06:27:23Z,2026-03-11T01:09:20Z,2026-03-11T01:09:17Z,20200,False,Tesis-Maestria,fapa03/Tesis-Maestria,git@github.com:fapa03/Tesis-Maestria.git,0
R_kgDOG-z4TQ,2022-03-10T21:23:47Z,2026-05-05T15:41:57Z,2026-05-03T19:29:03Z,24996,False,my-windhawk-mods,m417z/my-windhawk-mods,git@github.com:m417z/my-windhawk-mods.git,136
R_kgDOG-oW2A,2022-03-10T12:06:00Z,2026-04-19T05:55:00Z,2026-04-19T05:54:54Z,14839,True,breaknes,emu-russia/breaknes,git@github.com:emu-russia/breaknes.git,63
R_kgDOG-f1bg,2022-03-10T03:58:07Z,2026-04-26T02:28:05Z,2026-04-26T02:28:01Z,1957,True,esp32-autosteer,AOG-silrep/esp32-autosteer,git@github.com:AOG-silrep/esp32-autosteer.git,4
R_kgDOG-cLnQ,2022-03-09T23:36:16Z,2026-04-21T12:59:19Z,2026-04-21T12:59:13Z,64682,True,Streamline_Sample,NVIDIA-RTX/Streamline_Sample,git@github.com:NVIDIA-RTX/Streamline_Sample.git,34
R_kgDOG-YQ8A,2022-03-09T19:17:11Z,2026-03-20T01:45:39Z,2026-03-20T01:45:35Z,7852,False,comet,Jararered/comet,git@github.com:Jararered/comet.git,0
R_kgDOG-ALgQ,2022-03-08T20:36:56Z,2026-04-01T15:22:22Z,2026-04-01T15:21:10Z,2964,False,weensy,jncraton/weensy,git@github.com:jncraton/weensy.git,1
R_kgDOG932Og,2022-03-08T13:50:29Z,2026-04-28T10:36:27Z,2026-05-06T03:21:28Z,189980,False,Gxsm4,pyzahl/Gxsm4,git@github.com:pyzahl/Gxsm4.git,10
R_kgDOG93zRQ,2022-03-08T13:48:32Z,2026-05-04T01:14:13Z,2026-05-04T01:14:08Z,464829,False,Chairloader,thelivingdiamond/Chairloader,git@github.com:thelivingdiamond/Chairloader.git,70
R_kgDOG92blQ,2022-03-08T12:44:45Z,2026-03-30T14:10:48Z,2026-03-30T14:10:40Z,9554,True,a2d,smdogroup/a2d,git@github.com:smdogroup/a2d.git,6
R_kgDOG9yyrA,2022-03-08T09:38:54Z,2026-05-07T03:45:24Z,2026-05-06T23:40:48Z,2268192,True,overgrowth,WolfireGames/overgrowth,git@github.com:WolfireGames/overgrowth.git,2855
R_kgDOG9xVAw,2022-03-08T08:25:52Z,2026-04-12T15:14:59Z,2026-04-12T15:14:52Z,11426,False,Esp32Robots,williamsokol/Esp32Robots,git@github.com:williamsokol/Esp32Robots.git,6
R_kgDOG9ukBw,2022-03-08T05:41:41Z,2026-03-11T07:48:20Z,2026-03-11T07:48:18Z,3140,False,sakura,tnakazato/sakura,git@github.com:tnakazato/sakura.git,0
R_kgDOG9uLyQ,2022-03-08T05:14:16Z,2026-03-03T04:50:03Z,2026-05-07T08:50:41Z,5813,False,simple_CAR,youyusama/simple_CAR,git@github.com:youyusama/simple_CAR.git,9
R_kgDOG9pIZA,2022-03-07T23:15:29Z,2026-05-06T22:57:00Z,2026-05-06T22:56:55Z,731977,False,mod-individual-progression,ZhengPeiRu21/mod-individual-progression,git@github.com:ZhengPeiRu21/mod-individual-progression.git,215
R_kgDOG9m3IA,2022-03-07T20:43:02Z,2026-04-25T03:38:19Z,2026-03-11T05:47:32Z,36034,False,LightwaveExplorer,NickKarpowicz/LightwaveExplorer,git@github.com:NickKarpowicz/LightwaveExplorer.git,105
R_kgDOG9jsow,2022-03-07T17:52:27Z,2026-05-06T17:51:12Z,2026-05-06T17:51:56Z,6318,True,DEMPgen,JeffersonLab/DEMPgen,git@github.com:JeffersonLab/DEMPgen.git,2
R_kgDOG9hDvw,2022-03-07T15:47:16Z,2026-05-07T06:21:52Z,2026-05-06T03:26:52Z,662325,False,FileCentipede,filecxx/FileCentipede,git@github.com:filecxx/FileCentipede.git,10862
R_kgDOG9g7fQ,2022-03-07T15:41:24Z,2026-03-12T22:14:14Z,2026-03-12T22:14:11Z,22,True,Romi-32u4-utilities,WPIRoboticsEngineering/Romi-32u4-utilities,git@github.com:WPIRoboticsEngineering/Romi-32u4-utilities.git,0
R_kgDOG9g42A,2022-03-07T15:39:25Z,2026-04-28T14:54:42Z,2026-03-29T22:19:13Z,3746,True,rmagine,uos/rmagine,git@github.com:uos/rmagine.git,70
R_kgDOG9ZV3g,2022-03-07T09:43:36Z,2026-04-30T09:42:33Z,2026-04-30T09:42:29Z,33,True,env,halon-extras/env,git@github.com:halon-extras/env.git,0
R_kgDOG9YY3w,2022-03-07T08:57:20Z,2026-04-27T05:58:50Z,2026-03-31T00:08:21Z,5059,False,Future-Cop-MIT,Ghoster738/Future-Cop-MIT,git@github.com:Ghoster738/Future-Cop-MIT.git,24
R_kgDOG9V4Cg,2022-03-07T06:44:53Z,2026-05-05T17:10:11Z,2026-05-05T17:10:07Z,1526,True,smartmet-library-timeseries,fmidev/smartmet-library-timeseries,git@github.com:fmidev/smartmet-library-timeseries.git,0
R_kgDOG9N-Qw,2022-03-06T20:13:44Z,2026-04-09T12:53:15Z,2026-04-09T12:52:40Z,274,True,hri_person_manager,ros4hri/hri_person_manager,git@github.com:ros4hri/hri_person_manager.git,6
R_kgDOG9JRVA,2022-03-06T14:55:35Z,2026-04-12T12:01:18Z,2026-03-22T15:28:11Z,81,False,OreonBSSD1351,InfiniteCoder01/OreonBSSD1351,git@github.com:InfiniteCoder01/OreonBSSD1351.git,1
R_kgDOG9FoWw,2022-03-06T10:50:10Z,2026-05-01T15:28:08Z,2026-03-05T14:12:30Z,138,False,GTASA_GPS,AndroidModLoader/GTASA_GPS,git@github.com:AndroidModLoader/GTASA_GPS.git,43
R_kgDOG9BN7w,2022-03-06T04:33:37Z,2026-05-06T11:22:02Z,2026-04-05T18:22:13Z,22187,False,gta_base,X-rays5/gta_base,git@github.com:X-rays5/gta_base.git,3
R_kgDOG8_VSw,2022-03-06T01:11:35Z,2026-05-03T10:28:31Z,2026-05-03T10:28:29Z,1447,False,libmediasoup-android,crow-misia/libmediasoup-android,git@github.com:crow-misia/libmediasoup-android.git,18
R_kgDOG86IBg,2022-03-05T17:20:25Z,2026-04-30T05:46:10Z,2026-04-30T05:46:07Z,3445,False,cflib,fishbach/cflib,git@github.com:fishbach/cflib.git,4
R_kgDOG83Yhg,2022-03-05T14:24:31Z,2026-04-29T00:15:24Z,2026-05-06T08:08:37Z,27243,False,syncspirit,basiliscos/syncspirit,git@github.com:basiliscos/syncspirit.git,144
R_kgDOG8289A,2022-03-05T13:56:13Z,2026-04-10T04:31:57Z,2026-04-10T04:31:53Z,812561,False,codes,W-X-Dai/codes,git@github.com:W-X-Dai/codes.git,0
R_kgDOG8rDbA,2022-03-04T21:18:20Z,2026-05-06T10:15:45Z,2026-05-04T09:19:03Z,12207,True,openfhe-development,openfheorg/openfhe-development,git@github.com:openfheorg/openfhe-development.git,1119
R_kgDOG8oDqw,2022-03-04T18:06:05Z,2026-04-24T18:43:17Z,2026-04-26T22:41:27Z,3418,True,device_fairphone_FP4,CalyxOS/device_fairphone_FP4,git@github.com:CalyxOS/device_fairphone_FP4.git,2
R_kgDOG8Ts5g,2022-03-03T21:29:58Z,2026-04-22T02:33:20Z,2026-03-06T20:08:06Z,5963,True,DISPluginForUnreal,AF-GRILL/DISPluginForUnreal,git@github.com:AF-GRILL/DISPluginForUnreal.git,51
R_kgDOG8RNlQ,2022-03-03T19:01:57Z,2026-05-01T17:40:49Z,2026-05-07T05:36:29Z,3672,True,trace,art-daq/trace,git@github.com:art-daq/trace.git,1
R_kgDOG8O5MA,2022-03-03T17:06:17Z,2026-03-23T14:08:46Z,2026-03-23T14:08:41Z,81649,False,android_bootable_recovery,Tomoms/android_bootable_recovery,git@github.com:Tomoms/android_bootable_recovery.git,0
R_kgDOG8LEJw,2022-03-03T14:18:21Z,2026-05-04T08:38:20Z,2026-05-04T08:38:16Z,70475,True,loom,ad-freiburg/loom,git@github.com:ad-freiburg/loom.git,262
R_kgDOG8KN6A,2022-03-03T13:41:56Z,2026-05-06T15:25:39Z,2026-05-07T10:31:03Z,85894,True,sentry-unreal,getsentry/sentry-unreal,git@github.com:getsentry/sentry-unreal.git,162
R_kgDOG8Iz1g,2022-03-03T12:35:55Z,2026-04-29T13:23:43Z,2026-04-29T10:14:53Z,56936,False,re3-bak,attorney-at-law/re3-bak,git@github.com:attorney-at-law/re3-bak.git,1
R_kgDOG77RBg,2022-03-02T22:33:57Z,2026-04-26T00:18:34Z,2026-04-26T00:18:30Z,3750,True,graph-v2,stdgraph/graph-v2,git@github.com:stdgraph/graph-v2.git,238
R_kgDOG7305w,2022-03-02T18:59:44Z,2026-05-04T15:41:15Z,2026-05-06T21:45:06Z,4879,True,RandLAPACK,BallisticLA/RandLAPACK,git@github.com:BallisticLA/RandLAPACK.git,81
R_kgDOG72h2w,2022-03-02T17:52:15Z,2026-04-20T11:23:40Z,2026-04-27T18:44:35Z,55,True,cudawrappers-usage-example-cmake-pull,nlesc-recruit/cudawrappers-usage-example-cmake-pull,git@github.com:nlesc-recruit/cudawrappers-usage-example-cmake-pull.git,0
R_kgDOG7x5JQ,2022-03-02T14:20:21Z,2026-04-22T03:24:58Z,2026-03-02T09:04:16Z,26997,True,wbc,ARC-OPT/wbc,git@github.com:ARC-OPT/wbc.git,82
R_kgDOG7tLgg,2022-03-02T10:31:23Z,2026-03-28T23:03:48Z,2026-04-20T16:43:10Z,2507,False,unigd,nx10/unigd,git@github.com:nx10/unigd.git,28
R_kgDOG7tKlw,2022-03-02T10:30:39Z,2026-03-30T17:04:02Z,2026-03-30T17:03:58Z,243,True,grommunio-index,grommunio/grommunio-index,git@github.com:grommunio/grommunio-index.git,0
R_kgDOG7ruEw,2022-03-02T09:18:25Z,2026-04-28T00:12:02Z,2026-04-28T00:11:58Z,1473,True,domino-library,nokia/domino-library,git@github.com:nokia/domino-library.git,5
R_kgDOG7rm2A,2022-03-02T09:13:13Z,2026-05-07T08:58:40Z,2026-05-07T08:58:38Z,22315,True,crubit,google/crubit,git@github.com:google/crubit.git,1006
R_kgDOG7rQjg,2022-03-02T08:55:51Z,2026-04-22T01:14:34Z,2026-04-10T01:00:34Z,38277,True,mondrian,snuhcs/mondrian,git@github.com:snuhcs/mondrian.git,8
R_kgDOG7q0hA,2022-03-02T08:34:06Z,2026-03-24T16:22:31Z,2026-03-30T13:45:33Z,4602,True,server,rok4/server,git@github.com:rok4/server.git,6
R_kgDOG7q0VQ,2022-03-02T08:33:55Z,2026-03-30T13:48:47Z,2026-04-10T14:50:10Z,60259,True,core-cpp,rok4/core-cpp,git@github.com:rok4/core-cpp.git,0
R_kgDOG7q0LA,2022-03-02T08:33:45Z,2026-03-16T09:05:35Z,2026-03-16T09:10:58Z,3238,True,generation,rok4/generation,git@github.com:rok4/generation.git,0
R_kgDOG7n9cA,2022-03-02T05:47:48Z,2026-05-07T10:01:59Z,2026-05-07T10:01:55Z,514,False,Distributed-Room-Ecosystem,MoeNekoChan/Distributed-Room-Ecosystem,git@github.com:MoeNekoChan/Distributed-Room-Ecosystem.git,0
R_kgDOG7lMtg,2022-03-02T02:27:41Z,2026-04-17T21:09:28Z,2026-04-17T21:09:24Z,554,False,vs-noise,wwww-wwww/vs-noise,git@github.com:wwww-wwww/vs-noise.git,19
R_kgDOG7kvDw,2022-03-02T01:55:18Z,2026-03-05T03:13:22Z,2026-03-05T03:13:18Z,5,False,110-2-oop_hw1,aiotlab-teaching/110-2-oop_hw1,git@github.com:aiotlab-teaching/110-2-oop_hw1.git,0
R_kgDOG7js2Q,2022-03-02T00:40:12Z,2026-05-01T18:24:43Z,2026-03-10T13:43:12Z,236462,False,tyracraft,Wellinator/tyracraft,git@github.com:Wellinator/tyracraft.git,156
R_kgDOG7iK3w,2022-03-01T22:37:39Z,2026-04-05T22:40:39Z,2026-04-05T22:40:33Z,926,False,MitoGeneExtractor,cmayer/MitoGeneExtractor,git@github.com:cmayer/MitoGeneExtractor.git,10
R_kgDOG7fFmg,2022-03-01T19:26:18Z,2026-05-05T12:08:35Z,2026-04-16T20:30:04Z,28582,False,hibp,oschonrock/hibp,git@github.com:oschonrock/hibp.git,61
R_kgDOG7dhpA,2022-03-01T18:03:13Z,2026-04-30T17:23:22Z,2026-05-07T05:04:40Z,19561,True,chronolog,grc-iit/chronolog,git@github.com:grc-iit/chronolog.git,9
R_kgDOG7cvJQ,2022-03-01T17:22:36Z,2026-03-05T16:06:46Z,2026-03-05T16:05:07Z,75,False,TensileLabUpgrade,SaskPowerLabGroup/TensileLabUpgrade,git@github.com:SaskPowerLabGroup/TensileLabUpgrade.git,0
R_kgDOG7T3ZA,2022-03-01T10:22:07Z,2026-03-10T14:16:26Z,2026-04-28T14:09:15Z,8084,True,CaPI,tudasc/CaPI,git@github.com:tudasc/CaPI.git,18
R_kgDOG7LbuA,2022-03-01T01:46:59Z,2026-04-15T05:45:48Z,2026-04-15T05:45:44Z,21,False,bunker_ros2,agilexrobotics/bunker_ros2,git@github.com:agilexrobotics/bunker_ros2.git,16
R_kgDOG7IVNA,2022-02-28T21:51:11Z,2026-04-19T15:42:08Z,2026-05-07T05:27:05Z,55676,True,upside2-md,sosnicklab/upside2-md,git@github.com:sosnicklab/upside2-md.git,29
R_kgDOG7EB-A,2022-02-28T17:46:29Z,2026-05-04T12:06:56Z,2026-05-04T12:07:00Z,709,False,6502_test_executor,AsaiYusuke/6502_test_executor,git@github.com:AsaiYusuke/6502_test_executor.git,11
R_kgDOG673jQ,2022-02-28T11:16:30Z,2026-03-02T13:45:21Z,2026-05-02T20:17:16Z,5431,True,OGM-Common,OpenKNX/OGM-Common,git@github.com:OpenKNX/OGM-Common.git,8
R_kgDOG67PxQ,2022-02-28T10:43:30Z,2026-05-06T07:35:45Z,2026-05-06T07:35:41Z,250,True,ros_msgs,LexxPluss/ros_msgs,git@github.com:LexxPluss/ros_msgs.git,0
R_kgDOG62ONA,2022-02-28T06:05:38Z,2026-04-30T07:30:32Z,2026-04-30T07:30:27Z,633,True,nbsdecoder.js,Fastcode/nbsdecoder.js,git@github.com:Fastcode/nbsdecoder.js.git,0
R_kgDOG6vesQ,2022-02-27T20:42:28Z,2026-04-24T01:04:28Z,2026-03-11T12:28:20Z,7182,True,keyauth-cpp-library-1.3API,KeyAuth/keyauth-cpp-library-1.3API,git@github.com:KeyAuth/keyauth-cpp-library-1.3API.git,46
R_kgDOG6rLAg,2022-02-27T15:39:13Z,2026-04-22T13:04:26Z,2026-04-22T13:04:22Z,1575,False,cp2077-tweak-xl,psiberx/cp2077-tweak-xl,git@github.com:psiberx/cp2077-tweak-xl.git,119
R_kgDOG6o1rA,2022-02-27T13:08:58Z,2026-04-04T19:04:00Z,2026-04-04T19:03:52Z,119860,True,hardware_interfaces,ProjectSakura/hardware_interfaces,git@github.com:ProjectSakura/hardware_interfaces.git,0
R_kgDOG6Tr-w,2022-02-26T08:06:56Z,2026-05-01T14:21:21Z,2026-04-28T10:04:40Z,1809,False,hnswlib-node,yoshoku/hnswlib-node,git@github.com:yoshoku/hnswlib-node.git,138
R_kgDOG6RNiQ,2022-02-26T04:28:20Z,2026-05-05T14:07:52Z,2026-05-05T14:07:46Z,54847,True,LuaSTG-Sub,Legacy-LuaSTG-Engine/LuaSTG-Sub,git@github.com:Legacy-LuaSTG-Engine/LuaSTG-Sub.git,57
R_kgDOG6Jf4A,2022-02-25T17:50:30Z,2026-05-05T20:14:34Z,2026-05-05T20:14:29Z,898,False,GFG_POTD,shvmsh20/GFG_POTD,git@github.com:shvmsh20/GFG_POTD.git,3
R_kgDOG6GcuA,2022-02-25T15:08:38Z,2026-03-17T08:34:54Z,2026-04-30T11:25:04Z,31136,True,III-Drone-Core,DIII-SDU-Group/III-Drone-Core,git@github.com:DIII-SDU-Group/III-Drone-Core.git,0
R_kgDOG6DwEA,2022-02-25T12:55:11Z,2026-05-04T01:03:13Z,2026-05-04T04:54:03Z,14797,True,qusat,munich-quantum-toolkit/qusat,git@github.com:munich-quantum-toolkit/qusat.git,28
R_kgDOG6DErA,2022-02-25T12:17:35Z,2026-03-12T09:46:21Z,2026-03-21T10:55:41Z,386558,False,robobu,kobayashi-makoto2021/robobu,git@github.com:kobayashi-makoto2021/robobu.git,3
R_kgDOG6C42Q,2022-02-25T12:06:31Z,2026-05-07T11:29:36Z,2026-05-07T11:30:33Z,72794,True,gyselalibxx,gyselax/gyselalibxx,git@github.com:gyselax/gyselalibxx.git,51
R_kgDOG5-1Rw,2022-02-25T08:15:29Z,2026-04-06T16:03:51Z,2026-04-10T14:47:24Z,489299,True,xara,peer-open-source/xara,git@github.com:peer-open-source/xara.git,60
R_kgDOG53rhA,2022-02-24T23:34:28Z,2026-03-04T20:30:19Z,2026-03-26T02:34:04Z,30221,True,asherah-node,godaddy/asherah-node,git@github.com:godaddy/asherah-node.git,2
R_kgDOG5mFxQ,2022-02-24T07:13:15Z,2026-05-02T14:43:31Z,2026-05-02T14:43:31Z,7036,False,moth_ui,instinkt900/moth_ui,git@github.com:instinkt900/moth_ui.git,0
R_kgDOG5g8mQ,2022-02-24T01:09:42Z,2026-03-06T09:49:44Z,2026-04-08T08:29:18Z,128022,True,ai-camera-firmware,sunfounder/ai-camera-firmware,git@github.com:sunfounder/ai-camera-firmware.git,9
R_kgDOG5fhRg,2022-02-23T23:19:12Z,2026-05-07T10:01:53Z,2026-04-20T01:18:06Z,12368,False,Clipper2,AngusJohnson/Clipper2,git@github.com:AngusJohnson/Clipper2.git,2309
R_kgDOG5d6Lg,2022-02-23T21:29:41Z,2026-05-04T18:59:29Z,2026-05-04T18:59:25Z,1772,True,VulkanSC-pcutil,KhronosGroup/VulkanSC-pcutil,git@github.com:KhronosGroup/VulkanSC-pcutil.git,6
R_kgDOG5cNvw,2022-02-23T19:50:15Z,2026-04-02T22:47:11Z,2026-04-26T22:44:34Z,866,True,vendor_qcom_opensource_usb,CalyxOS/vendor_qcom_opensource_usb,git@github.com:CalyxOS/vendor_qcom_opensource_usb.git,0
R_kgDOG5ZPXQ,2022-02-23T17:20:14Z,2026-04-27T08:34:19Z,2026-05-07T10:21:38Z,9328,True,mc_core,camera-mc-dev/mc_core,git@github.com:camera-mc-dev/mc_core.git,0
R_kgDOG5WBRg,2022-02-23T15:01:13Z,2026-05-07T11:09:50Z,2026-05-07T11:09:46Z,48629,False,GraphiteThree,BrunoLevy/GraphiteThree,git@github.com:BrunoLevy/GraphiteThree.git,303
R_kgDOG5WAbQ,2022-02-23T15:00:45Z,2026-04-21T08:44:22Z,2026-03-16T10:32:48Z,7939,True,MG400_ROS2,HarvestX/MG400_ROS2,git@github.com:HarvestX/MG400_ROS2.git,35
R_kgDOG5V80A,2022-02-23T14:58:15Z,2026-05-05T17:41:54Z,2026-05-05T13:18:46Z,44873,False,geogram,BrunoLevy/geogram,git@github.com:BrunoLevy/geogram.git,2417
R_kgDOG5US0A,2022-02-23T13:50:18Z,2026-05-05T01:55:08Z,2026-04-29T12:35:38Z,18915,True,fcitx5-mcbopomofo,openvanilla/fcitx5-mcbopomofo,git@github.com:openvanilla/fcitx5-mcbopomofo.git,211
R_kgDOG5ShSw,2022-02-23T12:28:44Z,2026-04-10T12:32:48Z,2026-04-10T12:42:38Z,528,False,kelcoro,kelbon/kelcoro,git@github.com:kelbon/kelcoro.git,141
R_kgDOG5R1HQ,2022-02-23T11:53:59Z,2026-05-01T19:51:06Z,2026-05-01T19:51:00Z,1763,True,luau-src-rs,mlua-rs/luau-src-rs,git@github.com:mlua-rs/luau-src-rs.git,11
R_kgDOG5JmZQ,2022-02-23T04:22:32Z,2026-05-07T10:59:26Z,2026-04-30T06:50:33Z,48668,True,LiDAR_IMU_Init,hku-mars/LiDAR_IMU_Init,git@github.com:hku-mars/LiDAR_IMU_Init.git,1366
R_kgDOG5Fqew,2022-02-22T23:49:11Z,2026-05-06T09:27:17Z,2026-05-06T09:27:13Z,10008,False,SVF-Python,SVF-tools/SVF-Python,git@github.com:SVF-tools/SVF-Python.git,19
R_kgDOG5D1HA,2022-02-22T21:43:51Z,2026-04-11T21:20:59Z,2026-04-22T11:36:06Z,20816,False,Lesma,alinalihassan/Lesma,git@github.com:alinalihassan/Lesma.git,21
R_kgDOG442Lg,2022-02-22T13:14:49Z,2026-05-02T14:40:49Z,2026-04-23T20:41:09Z,188,False,ros2_laser_scan_merger,mich1342/ros2_laser_scan_merger,git@github.com:mich1342/ros2_laser_scan_merger.git,105
R_kgDOG41vZw,2022-02-22T10:49:09Z,2026-04-01T15:54:52Z,2026-04-22T10:12:34Z,681262,False,TrilRACE,christiealappatt/TrilRACE,git@github.com:christiealappatt/TrilRACE.git,1
R_kgDOG403KA,2022-02-22T10:08:33Z,2026-04-10T04:01:19Z,2026-04-10T04:01:15Z,10166,False,ranger_ros2,agilexrobotics/ranger_ros2,git@github.com:agilexrobotics/ranger_ros2.git,58
R_kgDOG40PWA,2022-02-22T09:39:42Z,2026-03-12T11:56:49Z,2026-03-12T11:56:45Z,20885,False,matrix-pipeline,alex-lt-kong/matrix-pipeline,git@github.com:alex-lt-kong/matrix-pipeline.git,2
R_kgDOG4sD3A,2022-02-22T01:40:41Z,2026-03-25T00:34:04Z,2026-03-25T00:33:57Z,1354,False,Ultimate-Fighting-Statistics,AvelarJ/Ultimate-Fighting-Statistics,git@github.com:AvelarJ/Ultimate-Fighting-Statistics.git,0
R_kgDOG4sBkg,2022-02-22T01:38:01Z,2026-05-06T11:27:15Z,2026-05-01T15:07:14Z,475,False,rsgain,complexlogic/rsgain,git@github.com:complexlogic/rsgain.git,591
R_kgDOG4mY3A,2022-02-21T19:26:19Z,2026-05-01T07:56:58Z,2026-05-01T07:57:22Z,134801,False,gargantua,mkd/gargantua,git@github.com:mkd/gargantua.git,4
R_kgDOG4jveA,2022-02-21T17:12:02Z,2026-05-07T09:35:34Z,2026-05-07T09:35:30Z,1909,False,cli-todo-app,sura0267/cli-todo-app,git@github.com:sura0267/cli-todo-app.git,0
R_kgDOG4d9IQ,2022-02-21T13:02:25Z,2026-03-24T16:47:23Z,2026-03-24T16:47:19Z,32,False,POO2022,balangheorghe/POO2022,git@github.com:balangheorghe/POO2022.git,6
R_kgDOG4cb4Q,2022-02-21T11:54:21Z,2026-05-04T03:39:28Z,2026-04-22T23:12:00Z,72,False,smctemp,narugit/smctemp,git@github.com:narugit/smctemp.git,99
R_kgDOG4VDZQ,2022-02-21T05:32:08Z,2026-03-10T05:43:13Z,2026-03-10T05:43:09Z,606,False,Teaching-Data-Structures,rhiosutoyo/Teaching-Data-Structures,git@github.com:rhiosutoyo/Teaching-Data-Structures.git,2
R_kgDOG4SMXA,2022-02-21T01:56:23Z,2026-04-24T07:10:17Z,2026-04-28T07:56:04Z,797,True,docparser,linuxdeepin/docparser,git@github.com:linuxdeepin/docparser.git,6
R_kgDOG4PKYQ,2022-02-20T21:31:06Z,2026-04-19T14:51:02Z,2026-04-19T14:51:11Z,13863,True,beatleader-qmod,BeatLeader/beatleader-qmod,git@github.com:BeatLeader/beatleader-qmod.git,89
R_kgDOG4PDgw,2022-02-20T21:22:28Z,2026-05-01T02:52:14Z,2026-05-01T03:21:23Z,157,True,AnalysisToolsTS,Submitty/AnalysisToolsTS,git@github.com:Submitty/AnalysisToolsTS.git,2
R_kgDOG4J2MA,2022-02-20T15:47:10Z,2026-05-06T14:03:45Z,2026-05-06T15:23:22Z,109461,True,ksm-v2,kshootmania/ksm-v2,git@github.com:kshootmania/ksm-v2.git,35
R_kgDOG4Jr-A,2022-02-20T15:37:40Z,2026-04-19T15:42:15Z,2026-04-19T15:42:14Z,86,False,qoixx,wx257osn2/qoixx,git@github.com:wx257osn2/qoixx.git,40
R_kgDOG4JOEg,2022-02-20T15:10:10Z,2026-03-25T13:43:27Z,2026-03-25T13:43:20Z,14240,False,webserv,birdper/webserv,git@github.com:birdper/webserv.git,0
R_kgDOG4EVRw,2022-02-20T09:49:32Z,2026-05-01T18:27:12Z,2026-05-01T18:27:07Z,27,True,mod-low-level-rbg,azerothcore/mod-low-level-rbg,git@github.com:azerothcore/mod-low-level-rbg.git,6
R_kgDOG39ZrQ,2022-02-19T22:42:39Z,2026-05-04T08:45:20Z,2026-04-14T16:33:11Z,339764,True,risc0,risc0/risc0,git@github.com:risc0/risc0.git,2128
R_kgDOG38Sgw,2022-02-19T21:03:26Z,2026-05-04T21:12:27Z,2026-05-04T21:12:25Z,1642,False,yasimavr,clesav/yasimavr,git@github.com:clesav/yasimavr.git,1
R_kgDOG37enA,2022-02-19T19:59:18Z,2026-05-01T18:49:39Z,2026-05-01T18:49:34Z,2784,True,OpenVolumeMesh,OpenVolumeMesh/OpenVolumeMesh,git@github.com:OpenVolumeMesh/OpenVolumeMesh.git,12
R_kgDOG36Glw,2022-02-19T18:21:18Z,2026-04-18T08:48:03Z,2026-04-28T17:20:19Z,10262,True,fast_io,cppfastio/fast_io,git@github.com:cppfastio/fast_io.git,843
R_kgDOG343SA,2022-02-19T17:02:09Z,2026-03-01T17:16:02Z,2026-04-19T13:10:02Z,19549,False,SkyEngine,bluesky013/SkyEngine,git@github.com:bluesky013/SkyEngine.git,13
R_kgDOG3xwTQ,2022-02-19T09:09:34Z,2026-03-27T14:11:09Z,2026-04-01T04:04:51Z,12780,True,classic-level,Level/classic-level,git@github.com:Level/classic-level.git,98
R_kgDOG3tshA,2022-02-19T03:15:53Z,2026-05-02T12:59:56Z,2026-05-02T12:59:52Z,572,False,eVCU,marlinarnz/eVCU,git@github.com:marlinarnz/eVCU.git,11
R_kgDOG3p8mg,2022-02-18T21:34:34Z,2026-05-06T23:15:52Z,2026-05-06T23:15:48Z,2896,False,usb_midi_clocker,doctea/usb_midi_clocker,git@github.com:doctea/usb_midi_clocker.git,14
R_kgDOG3kjWw,2022-02-18T16:24:12Z,2026-03-27T19:08:56Z,2026-03-27T19:08:54Z,72076,False,wkaisertexas.github.io,wkaisertexas/wkaisertexas.github.io,git@github.com:wkaisertexas/wkaisertexas.github.io.git,3
R_kgDOG3CD0w,2022-02-17T09:07:27Z,2026-04-14T09:38:32Z,2026-04-14T09:42:09Z,5003,False,mm2hook,Dummiesman/mm2hook,git@github.com:Dummiesman/mm2hook.git,14
R_kgDOG2_7eQ,2022-02-17T07:18:27Z,2026-05-06T03:59:26Z,2026-04-11T09:33:56Z,101,False,usb-proxy,AristoChen/usb-proxy,git@github.com:AristoChen/usb-proxy.git,254
R_kgDOG28JGw,2022-02-17T03:03:25Z,2026-03-29T03:32:15Z,2026-03-29T03:32:10Z,2403,False,Program,ibsson/Program,git@github.com:ibsson/Program.git,0
R_kgDOG28DBg,2022-02-17T02:57:14Z,2026-05-05T02:49:50Z,2026-04-13T08:26:28Z,8482,True,async_simple,alibaba/async_simple,git@github.com:alibaba/async_simple.git,2168
R_kgDOG22HRA,2022-02-16T20:14:59Z,2026-04-28T06:37:14Z,2026-03-27T19:41:47Z,1309,True,InfiniSim,InfiniTimeOrg/InfiniSim,git@github.com:InfiniTimeOrg/InfiniSim.git,189
R_kgDOG2zRDw,2022-02-16T17:53:21Z,2026-03-12T09:32:33Z,2026-03-12T09:32:29Z,3680,False,HobbyGameEngine,Harsh-patel00/HobbyGameEngine,git@github.com:Harsh-patel00/HobbyGameEngine.git,4
R_kgDOG2zMgg,2022-02-16T17:49:58Z,2026-04-15T15:38:17Z,2026-04-15T15:38:21Z,4088,False,common,KaufHA/common,git@github.com:KaufHA/common.git,32
R_kgDOG2uVlg,2022-02-16T14:20:09Z,2026-04-02T09:27:28Z,2026-04-02T09:27:25Z,1265,True,sysrepo-ietf-alarms,CESNET/sysrepo-ietf-alarms,git@github.com:CESNET/sysrepo-ietf-alarms.git,3
R_kgDOG2tFtQ,2022-02-16T13:26:13Z,2026-05-07T09:58:55Z,2026-05-07T09:58:25Z,2055262,False,CUTeR-ARM-Simulator,EdogawaKazuki/CUTeR-ARM-Simulator,git@github.com:EdogawaKazuki/CUTeR-ARM-Simulator.git,1
R_kgDOG2hkfg,2022-02-16T02:37:57Z,2026-05-05T08:05:02Z,2026-05-04T17:17:25Z,153,True,pacmod_interface,tier4/pacmod_interface,git@github.com:tier4/pacmod_interface.git,12
R_kgDOG2foXA,2022-02-16T00:17:30Z,2026-03-31T19:08:16Z,2026-03-11T02:44:49Z,6993,True,dbt5,osdldbt/dbt5,git@github.com:osdldbt/dbt5.git,14
R_kgDOG2ezSQ,2022-02-15T23:13:10Z,2026-04-24T12:31:20Z,2026-04-24T12:31:13Z,626,False,cvrp-decomposition,alberto-santini/cvrp-decomposition,git@github.com:alberto-santini/cvrp-decomposition.git,33
R_kgDOG2aVjA,2022-02-15T18:48:00Z,2026-05-03T14:30:20Z,2026-04-02T13:35:58Z,2544,False,gtl,greg7mdp/gtl,git@github.com:greg7mdp/gtl.git,299
R_kgDOG2Zdsg,2022-02-15T18:04:44Z,2026-05-06T08:25:40Z,2026-05-01T22:14:05Z,28963,False,open_mower_ros,ClemensElflein/open_mower_ros,git@github.com:ClemensElflein/open_mower_ros.git,690
R_kgDOG2Oh8A,2022-02-15T09:39:15Z,2026-05-03T22:19:28Z,2026-05-04T01:03:21Z,66265,True,responsive_notebook_background,cosee/responsive_notebook_background,git@github.com:cosee/responsive_notebook_background.git,1
R_kgDOG2GnQQ,2022-02-15T01:26:14Z,2026-05-05T13:43:07Z,2026-05-07T02:31:04Z,8192,False,Fun-Game,AlemSnyder/Fun-Game,git@github.com:AlemSnyder/Fun-Game.git,1
R_kgDOG2F3cw,2022-02-15T00:28:24Z,2026-05-02T21:35:14Z,2026-05-02T21:35:10Z,1776,False,emusc,skjelten/emusc,git@github.com:skjelten/emusc.git,268
R_kgDOG2Bpgg,2022-02-14T19:47:09Z,2026-03-19T09:59:22Z,2026-03-04T13:28:44Z,22,False,electriq_ac,dslatford/electriq_ac,git@github.com:dslatford/electriq_ac.git,22
R_kgDOG16_KQ,2022-02-14T14:25:48Z,2026-05-01T14:05:38Z,2026-04-22T22:55:29Z,147,True,pyceres,cvg/pyceres,git@github.com:cvg/pyceres.git,359
R_kgDOG161Tw,2022-02-14T14:18:56Z,2026-04-30T20:33:53Z,2026-04-30T22:10:33Z,5412,True,ciclo_firmware,ZimaUSP/ciclo_firmware,git@github.com:ZimaUSP/ciclo_firmware.git,0
R_kgDOG1sZrg,2022-02-13T23:08:05Z,2026-04-06T03:20:16Z,2026-04-06T03:20:11Z,19,False,UdpTrafficGen,mathurt2/UdpTrafficGen,git@github.com:mathurt2/UdpTrafficGen.git,0
R_kgDOG1sGCA,2022-02-13T22:39:41Z,2026-04-30T10:20:18Z,2026-04-27T15:49:53Z,2574,True,liblsqecc,latticesurgery-com/liblsqecc,git@github.com:latticesurgery-com/liblsqecc.git,32
R_kgDOG1raqw,2022-02-13T21:40:56Z,2026-03-16T02:26:54Z,2026-03-16T02:26:51Z,195,True,flutter-makeqr,code4fukui/flutter-makeqr,git@github.com:code4fukui/flutter-makeqr.git,0
R_kgDOG1qk0Q,2022-02-13T20:36:54Z,2026-05-04T15:13:35Z,2026-05-04T09:33:12Z,720,True,frontend-sdl-cpp,projectM-visualizer/frontend-sdl-cpp,git@github.com:projectM-visualizer/frontend-sdl-cpp.git,99
R_kgDOG1pOFQ,2022-02-13T18:59:55Z,2026-05-02T05:09:53Z,2026-05-02T05:09:56Z,54019,True,Vic3ToHoI4,ParadoxGameConverters/Vic3ToHoI4,git@github.com:ParadoxGameConverters/Vic3ToHoI4.git,57
R_kgDOG1o0Zg,2022-02-13T18:31:49Z,2026-05-02T02:12:59Z,2026-04-26T22:53:38Z,879,True,frontend-qt,projectM-visualizer/frontend-qt,git@github.com:projectM-visualizer/frontend-qt.git,18
R_kgDOG1kllw,2022-02-13T14:05:53Z,2026-03-23T09:33:52Z,2026-03-23T09:33:48Z,1571,False,Competition,AshDr/Competition,git@github.com:AshDr/Competition.git,0
R_kgDOG1icEQ,2022-02-13T11:41:22Z,2026-04-27T08:36:29Z,2026-04-13T12:18:08Z,4143,False,kdis,karljj1/kdis,git@github.com:karljj1/kdis.git,39
R_kgDOG1ZJ4w,2022-02-12T21:08:10Z,2026-05-01T18:49:41Z,2026-05-06T10:50:01Z,54902,True,psibase,gofractally/psibase,git@github.com:gofractally/psibase.git,32
R_kgDOG1XBQQ,2022-02-12T18:23:29Z,2026-03-25T19:41:47Z,2026-03-25T19:41:49Z,329,False,npp-XBracketsLite,d0vgan/npp-XBracketsLite,git@github.com:d0vgan/npp-XBracketsLite.git,11
R_kgDOG1PSZA,2022-02-12T09:38:23Z,2026-05-02T10:13:17Z,2026-05-02T10:13:11Z,1178,True,MultiplayerCore.Quest,EnderdracheLP/MultiplayerCore.Quest,git@github.com:EnderdracheLP/MultiplayerCore.Quest.git,31
R_kgDOG1MIrw,2022-02-12T05:08:54Z,2026-03-06T20:57:39Z,2026-03-06T21:00:35Z,197,True,tama,YAYA-shiori/tama,git@github.com:YAYA-shiori/tama.git,10
R_kgDOG1DibA,2022-02-11T17:47:39Z,2026-05-03T17:39:01Z,2026-05-03T17:38:57Z,5223,True,android_device_xiaomi_sm8350-common,xiaomi-lisa-devs/android_device_xiaomi_sm8350-common,git@github.com:xiaomi-lisa-devs/android_device_xiaomi_sm8350-common.git,11
R_kgDOG079Jw,2022-02-11T11:36:33Z,2026-05-06T01:07:05Z,2026-05-06T01:07:01Z,203764,True,soui,soui4/soui,git@github.com:soui4/soui.git,205
R_kgDOG01XOw,2022-02-11T05:08:57Z,2026-04-05T17:52:23Z,2026-04-05T17:52:04Z,521,False,ECS,laperex/ECS,git@github.com:laperex/ECS.git,0
R_kgDOG0xYmg,2022-02-11T00:04:34Z,2026-03-12T17:45:38Z,2026-03-08T02:27:32Z,146,False,tools,lefticus/tools,git@github.com:lefticus/tools.git,101
R_kgDOG0vICg,2022-02-10T21:20:52Z,2026-05-01T17:14:25Z,2026-05-01T17:14:21Z,74,False,roo_dashboard,dejwk/roo_dashboard,git@github.com:dejwk/roo_dashboard.git,0
R_kgDOG0tVTw,2022-02-10T19:38:34Z,2026-05-04T01:46:58Z,2026-03-16T17:09:54Z,2827,False,sfl-library,slavenf/sfl-library,git@github.com:slavenf/sfl-library.git,154
R_kgDOG0oHOQ,2022-02-10T15:28:04Z,2026-03-24T16:22:33Z,2026-03-24T15:16:46Z,169,False,TrulySeamless3D,HendrikBrueckler/TrulySeamless3D,git@github.com:HendrikBrueckler/TrulySeamless3D.git,9
R_kgDOG0n1hQ,2022-02-10T15:16:30Z,2026-03-17T03:58:17Z,2026-03-17T04:04:15Z,86,True,edep2supera,DeepLearnPhysics/edep2supera,git@github.com:DeepLearnPhysics/edep2supera.git,0
R_kgDOG0mPyA,2022-02-10T14:07:47Z,2026-04-13T23:00:14Z,2026-04-13T23:00:09Z,80565,False,opti_chess,poirouxmartin/opti_chess,git@github.com:poirouxmartin/opti_chess.git,3
R_kgDOG0hbBw,2022-02-10T10:10:17Z,2026-04-26T11:06:02Z,2026-04-26T11:05:57Z,151160,True,moneyhash-ios,MoneyHash/moneyhash-ios,git@github.com:MoneyHash/moneyhash-ios.git,0
R_kgDOG0gw0A,2022-02-10T09:38:35Z,2026-05-05T07:16:05Z,2026-05-05T07:15:59Z,12993,True,smartmet-library-trax,fmidev/smartmet-library-trax,git@github.com:fmidev/smartmet-library-trax.git,0
R_kgDOG0gjXQ,2022-02-10T09:28:20Z,2026-04-30T13:57:36Z,2026-04-30T13:57:39Z,250,True,cpp-verbio-speech-center,verbio-technologies/cpp-verbio-speech-center,git@github.com:verbio-technologies/cpp-verbio-speech-center.git,0
R_kgDOG0fd8g,2022-02-10T08:34:07Z,2026-03-12T09:34:49Z,2026-03-05T19:36:29Z,66,False,DuinoCoinEthernetMiner,pumitahou/DuinoCoinEthernetMiner,git@github.com:pumitahou/DuinoCoinEthernetMiner.git,9
R_kgDOG0cwMg,2022-02-10T05:58:29Z,2026-05-04T16:33:40Z,2026-05-04T07:45:11Z,4417,False,TDOM-EncryptOrDecryptFile-Reborn,Twilight-Dream-Of-Magic/TDOM-EncryptOrDecryptFile-Reborn,git@github.com:Twilight-Dream-Of-Magic/TDOM-EncryptOrDecryptFile-Reborn.git,36
R_kgDOG0XdbA,2022-02-09T23:32:08Z,2026-04-27T15:03:31Z,2026-03-22T10:16:27Z,63644,False,VulkanTutorials,RichDavisonNCL/VulkanTutorials,git@github.com:RichDavisonNCL/VulkanTutorials.git,7
R_kgDOG0WEFQ,2022-02-09T21:52:23Z,2026-05-07T02:33:47Z,2026-05-07T02:33:44Z,58087,False,VidInjector9000,FoofooTheGuy/VidInjector9000,git@github.com:FoofooTheGuy/VidInjector9000.git,25
R_kgDOG0UqcA,2022-02-09T20:28:12Z,2026-04-05T11:05:07Z,2026-04-05T11:04:51Z,11957,True,maplibre-gl-native-boost,maplibre/maplibre-gl-native-boost,git@github.com:maplibre/maplibre-gl-native-boost.git,0
R_kgDOG0P63w,2022-02-09T16:31:40Z,2026-04-19T10:59:59Z,2026-04-09T19:54:31Z,33303,True,optix-toolkit,NVIDIA/optix-toolkit,git@github.com:NVIDIA/optix-toolkit.git,133
R_kgDOG0BpgA,2022-02-09T04:20:56Z,2026-03-08T13:55:51Z,2026-04-27T17:24:24Z,94,True,sensor_trigger,tier4/sensor_trigger,git@github.com:tier4/sensor_trigger.git,13
R_kgDOGz9TRA,2022-02-08T23:11:10Z,2026-04-27T20:45:16Z,2026-04-27T20:45:12Z,3036447,True,misid-unfold,umd-lhcb/misid-unfold,git@github.com:umd-lhcb/misid-unfold.git,1
R_kgDOGz9JIQ,2022-02-08T22:59:56Z,2026-05-06T01:31:37Z,2026-03-10T14:52:21Z,239948,False,volume_knob,cskilbeck/volume_knob,git@github.com:cskilbeck/volume_knob.git,10
R_kgDOGz8wsg,2022-02-08T22:33:21Z,2026-05-04T14:46:23Z,2026-05-06T15:20:54Z,18025,True,pflib,LDMX-Software/pflib,git@github.com:LDMX-Software/pflib.git,6
R_kgDOGz8D5w,2022-02-08T21:46:31Z,2026-05-04T18:03:13Z,2026-05-04T18:03:08Z,485386,False,cg-course,alexey-malov/cg-course,git@github.com:alexey-malov/cg-course.git,19
R_kgDOGz7Iug,2022-02-08T20:51:52Z,2026-04-19T14:27:15Z,2026-04-19T14:27:18Z,863,False,pegof,dolik-rce/pegof,git@github.com:dolik-rce/pegof.git,17
R_kgDOGz5-7Q,2022-02-08T19:47:24Z,2026-04-25T14:52:16Z,2026-05-04T22:33:51Z,8574,True,rocWMMA,ROCm/rocWMMA,git@github.com:ROCm/rocWMMA.git,140
R_kgDOGz1k_g,2022-02-08T16:15:17Z,2026-04-02T21:10:55Z,2026-04-02T21:10:51Z,119,True,uhallibs,DUNE-DAQ/uhallibs,git@github.com:DUNE-DAQ/uhallibs.git,0
R_kgDOGzt3ww,2022-02-08T10:19:38Z,2026-04-28T07:06:25Z,2026-04-02T20:28:19Z,237,True,mqtt_client,ika-rwth-aachen/mqtt_client,git@github.com:ika-rwth-aachen/mqtt_client.git,280
R_kgDOGztn6Q,2022-02-08T10:07:15Z,2026-05-07T06:09:12Z,2026-04-14T20:35:35Z,3518,False,nanobind,wjakob/nanobind,git@github.com:wjakob/nanobind.git,3493
R_kgDOGzpxWA,2022-02-08T06:43:43Z,2026-03-19T15:40:50Z,2026-03-19T15:38:55Z,127,False,DataStructuresTUSUR,CephalonGL/DataStructuresTUSUR,git@github.com:CephalonGL/DataStructuresTUSUR.git,0
R_kgDOGzoMYw,2022-02-08T04:59:56Z,2026-04-05T13:29:33Z,2026-04-05T13:29:30Z,16591,False,xComp,gugenstudio/xComp,git@github.com:gugenstudio/xComp.git,39
R_kgDOGzilYw,2022-02-07T22:20:15Z,2026-04-09T22:24:15Z,2026-04-09T22:24:10Z,84961,True,LUPA,PMEC-OSU/LUPA,git@github.com:PMEC-OSU/LUPA.git,8
R_kgDOGzfbpQ,2022-02-07T19:23:02Z,2026-05-04T01:45:02Z,2026-04-22T12:15:19Z,49029,True,mcuxsdk-middleware-tensorflow,nxp-mcuxpresso/mcuxsdk-middleware-tensorflow,git@github.com:nxp-mcuxpresso/mcuxsdk-middleware-tensorflow.git,2
R_kgDOGzfYxA,2022-02-07T19:20:51Z,2026-03-27T09:26:27Z,2026-03-27T09:26:16Z,12203,True,mcuxsdk-middleware-eiq,nxp-mcuxpresso/mcuxsdk-middleware-eiq,git@github.com:nxp-mcuxpresso/mcuxsdk-middleware-eiq.git,3
R_kgDOGzd2bQ,2022-02-07T18:03:15Z,2026-03-05T13:44:58Z,2026-03-05T20:48:31Z,4061,False,MoleKing,Mateus-RB/MoleKing,git@github.com:Mateus-RB/MoleKing.git,1
R_kgDOGzdqzQ,2022-02-07T17:54:40Z,2026-05-01T17:44:25Z,2026-05-01T17:44:20Z,159,True,qt-webengine-feedstock,conda-forge/qt-webengine-feedstock,git@github.com:conda-forge/qt-webengine-feedstock.git,1
R_kgDOGzax6g,2022-02-07T15:43:38Z,2026-05-05T18:52:06Z,2026-03-24T09:54:06Z,46538,False,esphome-tion,dentra/esphome-tion,git@github.com:dentra/esphome-tion.git,160
R_kgDOGzav0w,2022-02-07T15:42:10Z,2026-03-18T17:46:26Z,2026-03-18T17:46:22Z,2610,False,sql2cypher,temikfart/sql2cypher,git@github.com:temikfart/sql2cypher.git,13
R_kgDOGzZjoA,2022-02-07T14:52:36Z,2026-05-07T10:20:25Z,2026-05-07T11:20:59Z,2333368,True,ydb,ydb-platform/ydb,git@github.com:ydb-platform/ydb.git,4720
R_kgDOGzZMFA,2022-02-07T14:37:28Z,2026-03-03T04:42:05Z,2026-04-08T22:24:21Z,1017,True,CASMcode_mapping,prisms-center/CASMcode_mapping,git@github.com:prisms-center/CASMcode_mapping.git,1
R_kgDOGzECug,2022-02-06T15:54:31Z,2026-05-04T01:09:20Z,2026-05-04T01:09:16Z,539,False,triangulator,vvmarko/triangulator,git@github.com:vvmarko/triangulator.git,2
R_kgDOGy-96Q,2022-02-06T10:04:37Z,2026-05-05T00:08:06Z,2026-05-05T00:08:09Z,390,False,reallm,ak5k/reallm,git@github.com:ak5k/reallm.git,22
R_kgDOGyzUeA,2022-02-05T16:29:07Z,2026-05-05T17:45:23Z,2026-04-18T09:39:51Z,1716,False,MiniDexed,probonopd/MiniDexed,git@github.com:probonopd/MiniDexed.git,1575
R_kgDOGyvYNQ,2022-02-05T12:02:56Z,2026-05-06T19:43:10Z,2026-05-06T19:43:05Z,572257,False,BlinderKitten,norbertrostaing/BlinderKitten,git@github.com:norbertrostaing/BlinderKitten.git,191
R_kgDOGyvORw,2022-02-05T11:51:18Z,2026-04-01T14:11:43Z,2026-05-01T08:33:10Z,29648,False,proxy,sayboras/proxy,git@github.com:sayboras/proxy.git,0
R_kgDOGyg5JQ,2022-02-04T16:37:09Z,2026-04-29T14:48:56Z,2026-04-27T07:18:04Z,152931,True,Orochi,GPUOpen-LibrariesAndSDKs/Orochi,git@github.com:GPUOpen-LibrariesAndSDKs/Orochi.git,256
R_kgDOGySqiA,2022-02-04T01:32:48Z,2026-05-06T22:02:05Z,2026-04-10T03:12:17Z,55632,True,swanstation,libretro/swanstation,git@github.com:libretro/swanstation.git,291
R_kgDOGyMF6Q,2022-02-03T18:23:43Z,2026-05-06T01:20:54Z,2026-04-25T13:47:41Z,30417,True,h1-mod,auroramod/h1-mod,git@github.com:auroramod/h1-mod.git,364
R_kgDOGyItwg,2022-02-03T15:44:49Z,2026-05-05T14:43:00Z,2026-05-05T14:38:51Z,3115,True,cortex,robocomp/cortex,git@github.com:robocomp/cortex.git,6
R_kgDOGyHIJA,2022-02-03T14:33:21Z,2026-04-16T21:38:55Z,2026-04-07T12:55:54Z,20431,False,MC3D,HendrikBrueckler/MC3D,git@github.com:HendrikBrueckler/MC3D.git,41
R_kgDOGx8_iQ,2022-02-03T04:46:21Z,2026-04-13T04:45:32Z,2026-04-13T04:45:28Z,388,False,UML-Wars,samadmd786/UML-Wars,git@github.com:samadmd786/UML-Wars.git,0
R_kgDOGx8mcA,2022-02-03T04:14:33Z,2026-04-05T17:23:59Z,2026-04-27T08:26:34Z,25607,False,notepadpp_rpc,Zukaritasu/notepadpp_rpc,git@github.com:Zukaritasu/notepadpp_rpc.git,42
R_kgDOGx8bHw,2022-02-03T03:59:46Z,2026-05-04T00:53:58Z,2026-03-05T01:41:33Z,16547,False,sanjuuni,MCJack123/sanjuuni,git@github.com:MCJack123/sanjuuni.git,61
R_kgDOGx4M2Q,2022-02-02T22:19:15Z,2026-05-01T03:49:23Z,2026-05-01T07:06:27Z,110351,False,dokit,pcolby/dokit,git@github.com:pcolby/dokit.git,64
R_kgDOGx2IMw,2022-02-02T20:12:03Z,2026-03-27T16:39:09Z,2026-03-27T16:56:24Z,127125,True,synergia2,fnalacceleratormodeling/synergia2,git@github.com:fnalacceleratormodeling/synergia2.git,11
R_kgDOGxxQSQ,2022-02-02T15:59:29Z,2026-05-06T17:36:52Z,2026-05-06T17:36:48Z,2835,True,tracetooltests,ARM-software/tracetooltests,git@github.com:ARM-software/tracetooltests.git,9
R_kgDOGxvjww,2022-02-02T14:43:19Z,2026-05-06T14:29:44Z,2026-04-26T16:57:19Z,29907,True,Librum,Librum-Reader/Librum,git@github.com:Librum-Reader/Librum.git,5282
R_kgDOGxhyCw,2022-02-01T23:37:16Z,2026-03-24T13:50:09Z,2026-04-15T14:44:31Z,3188,False,commons,mooch443/commons,git@github.com:mooch443/commons.git,0
R_kgDOGxfmGg,2022-02-01T21:05:55Z,2026-04-26T15:34:09Z,2026-04-26T15:33:55Z,134824,False,clicolcom,marijnheule/clicolcom,git@github.com:marijnheule/clicolcom.git,4
R_kgDOGxdbUw,2022-02-01T19:05:00Z,2026-04-12T21:25:07Z,2026-04-12T21:25:03Z,25613,False,OSLAroused,ozooma10/OSLAroused,git@github.com:ozooma10/OSLAroused.git,6
R_kgDOGxcIAw,2022-02-01T17:59:52Z,2026-05-04T21:07:00Z,2026-04-27T13:31:20Z,543952,True,DirectStorage,microsoft/DirectStorage,git@github.com:microsoft/DirectStorage.git,853
R_kgDOGxY9MQ,2022-02-01T15:31:19Z,2026-04-16T14:08:00Z,2026-04-16T14:07:55Z,45703,True,android_device_lge_g4-common,LGgFour/android_device_lge_g4-common,git@github.com:LGgFour/android_device_lge_g4-common.git,1
R_kgDOGxXxjw,2022-02-01T14:38:25Z,2026-04-29T05:43:00Z,2026-04-22T13:27:08Z,35844,False,dsp56300,dsp56300/dsp56300,git@github.com:dsp56300/dsp56300.git,103
R_kgDOGxXoUw,2022-02-01T14:32:34Z,2026-04-10T10:20:28Z,2026-04-10T10:20:25Z,3522,True,farn-demo,dnv-opensource/farn-demo,git@github.com:dnv-opensource/farn-demo.git,1
R_kgDOGxVq-Q,2022-02-01T12:59:01Z,2026-04-18T15:56:01Z,2026-04-18T15:55:58Z,17949,False,embarquai,Sorann753/embarquai,git@github.com:Sorann753/embarquai.git,0
R_kgDOGxUH4w,2022-02-01T11:34:31Z,2026-05-02T13:38:27Z,2026-05-02T13:38:21Z,11324,False,Teaching-Software-Verification,SVF-tools/Teaching-Software-Verification,git@github.com:SVF-tools/Teaching-Software-Verification.git,36
R_kgDOGxGtRQ,2022-01-31T19:34:32Z,2026-03-07T16:37:13Z,2026-04-29T13:28:10Z,69690,False,softgym,halid1020/softgym,git@github.com:halid1020/softgym.git,3
R_kgDOGxEWIA,2022-01-31T17:32:57Z,2026-04-11T16:33:36Z,2026-04-11T06:32:44Z,432,True,ebpf-for-windows-demo,microsoft/ebpf-for-windows-demo,git@github.com:microsoft/ebpf-for-windows-demo.git,51
R_kgDOGxCLQw,2022-01-31T15:51:50Z,2026-04-23T16:30:49Z,2026-05-06T10:25:49Z,391,False,llvm-dimeta,ahueck/llvm-dimeta,git@github.com:ahueck/llvm-dimeta.git,14
R_kgDOGxBTYg,2022-01-31T15:13:48Z,2026-04-28T16:13:20Z,2026-04-28T16:13:06Z,685970,False,bowling,NateWichman/bowling,git@github.com:NateWichman/bowling.git,0
R_kgDOGw80Iw,2022-01-31T11:34:04Z,2026-04-24T15:53:21Z,2026-04-24T15:53:17Z,172076,False,device_rova,iusmac/device_rova,git@github.com:iusmac/device_rova.git,13
R_kgDOGw54mw,2022-01-31T08:43:35Z,2026-05-05T20:18:48Z,2026-05-05T20:26:14Z,52839,True,RASPA3,iRASPA/RASPA3,git@github.com:iRASPA/RASPA3.git,98
R_kgDOGw2geg,2022-01-31T04:25:28Z,2026-03-12T11:29:33Z,2026-03-12T11:29:27Z,64613,False,RealsenseRecord,ehourdakis/RealsenseRecord,git@github.com:ehourdakis/RealsenseRecord.git,1
R_kgDOGwtJKw,2022-01-30T15:51:31Z,2026-05-07T08:21:44Z,2026-05-07T08:21:41Z,419,True,reduct-cpp,reductstore/reduct-cpp,git@github.com:reductstore/reduct-cpp.git,12
R_kgDOGwfDeg,2022-01-29T19:08:45Z,2026-04-29T13:29:39Z,2026-04-29T13:33:29Z,136,False,HUMID,jfjlaros/HUMID,git@github.com:jfjlaros/HUMID.git,5
R_kgDOGwSYuA,2022-01-29T03:30:11Z,2026-05-05T11:37:23Z,2026-05-05T11:37:15Z,3712,True,KH-ReFined,KH-ReFined/KH-ReFined,git@github.com:KH-ReFined/KH-ReFined.git,410
R_kgDOGwLxIQ,2022-01-28T18:36:18Z,2026-05-03T14:34:00Z,2026-05-03T14:33:55Z,93209,False,Eis,Vlad-07/Eis,git@github.com:Vlad-07/Eis.git,1
R_kgDOGwJ77Q,2022-01-28T16:57:08Z,2026-05-06T20:31:54Z,2026-05-07T03:28:43Z,2691,True,kvikio,rapidsai/kvikio,git@github.com:rapidsai/kvikio.git,262
R_kgDOGwD7bg,2022-01-28T11:53:20Z,2026-03-02T19:12:55Z,2026-04-14T12:24:38Z,503,True,nymea-plugins-genericthings,nymea/nymea-plugins-genericthings,git@github.com:nymea/nymea-plugins-genericthings.git,1
R_kgDOGvzUOg,2022-01-27T17:23:12Z,2026-05-02T05:38:36Z,2026-05-05T10:41:39Z,329040,True,LaserbeamFoam,laserbeamfoam/LaserbeamFoam,git@github.com:laserbeamfoam/LaserbeamFoam.git,91
R_kgDOGvtqPw,2022-01-27T13:01:07Z,2026-04-03T17:23:59Z,2026-04-03T17:23:51Z,231059,True,Futag,ispras/Futag,git@github.com:ispras/Futag.git,57
R_kgDOGvizKA,2022-01-27T02:01:36Z,2026-04-30T16:33:17Z,2026-04-23T15:58:51Z,8707,True,arches,Utah-Graphics-Lab/arches,git@github.com:Utah-Graphics-Lab/arches.git,22
R_kgDOGvbQ5A,2022-01-26T17:58:12Z,2026-04-18T11:07:55Z,2026-04-18T05:06:46Z,60748,True,SKIF,SpecialKO/SKIF,git@github.com:SpecialKO/SKIF.git,98
R_kgDOGvZFsw,2022-01-26T16:16:01Z,2026-04-26T20:01:29Z,2026-04-13T19:50:09Z,120,True,example-mod,geode-sdk/example-mod,git@github.com:geode-sdk/example-mod.git,31
R_kgDOGvR8Kg,2022-01-26T10:21:38Z,2026-03-19T05:15:26Z,2026-03-19T05:15:22Z,251,False,leetcode,kongjun18/leetcode,git@github.com:kongjun18/leetcode.git,4
R_kgDOGvP8bg,2022-01-26T08:32:31Z,2026-05-06T04:00:25Z,2026-05-06T04:00:20Z,16395,False,Fwog,JuanDiegoMontoya/Fwog,git@github.com:JuanDiegoMontoya/Fwog.git,157
R_kgDOGvEsbQ,2022-01-25T19:25:54Z,2026-05-07T04:36:29Z,2026-03-31T19:45:26Z,335044,True,FPGA_ECE8893,sharc-lab/FPGA_ECE8893,git@github.com:sharc-lab/FPGA_ECE8893.git,48
R_kgDOGvEqRg,2022-01-25T19:23:56Z,2026-05-07T11:18:21Z,2026-04-20T12:42:58Z,9710,True,feather,feather-wallet/feather,git@github.com:feather-wallet/feather.git,542
R_kgDOGvEn5A,2022-01-25T19:21:58Z,2026-04-29T20:52:38Z,2026-05-06T17:09:55Z,200509,True,FIMS,NOAA-FIMS/FIMS,git@github.com:NOAA-FIMS/FIMS.git,34
R_kgDOGu_9-Q,2022-01-25T15:36:58Z,2026-04-20T14:25:58Z,2026-04-25T23:12:32Z,5476,True,android_device_xiaomi_gauguin,LineageOS/android_device_xiaomi_gauguin,git@github.com:LineageOS/android_device_xiaomi_gauguin.git,24
R_kgDOGu9iuw,2022-01-25T13:51:04Z,2026-04-09T11:59:18Z,2026-04-09T11:59:10Z,4091,False,CoCo-trie,aboffa/CoCo-trie,git@github.com:aboffa/CoCo-trie.git,36
R_kgDOGu8Efw,2022-01-25T12:39:39Z,2026-04-13T12:14:00Z,2026-05-05T22:58:15Z,34,True,mapplauncherd-booster-browser,sailfishos/mapplauncherd-booster-browser,git@github.com:sailfishos/mapplauncherd-booster-browser.git,0
R_kgDOGu8A-g,2022-01-25T12:36:49Z,2026-05-07T05:07:40Z,2026-05-07T05:14:24Z,5408,False,wkRealTime,nizikawa-worms/wkRealTime,git@github.com:nizikawa-worms/wkRealTime.git,31
R_kgDOGu3OJw,2022-01-25T08:19:58Z,2026-03-21T13:56:50Z,2026-03-21T13:58:11Z,424,False,frisquet-esphome,philippemezzadri/frisquet-esphome,git@github.com:philippemezzadri/frisquet-esphome.git,22
R_kgDOGumr5Q,2022-01-24T15:32:56Z,2026-05-06T23:38:29Z,2026-05-06T23:58:39Z,461238,True,mimir,mimir/mimir,git@github.com:mimir/mimir.git,117
R_kgDOGukCyQ,2022-01-24T13:36:58Z,2026-03-31T15:01:27Z,2026-04-21T10:34:58Z,2978,False,ruby-umappp,kojix2/ruby-umappp,git@github.com:kojix2/ruby-umappp.git,9
R_kgDOGuiCuQ,2022-01-24T11:56:41Z,2026-03-07T15:55:28Z,2026-03-07T15:55:24Z,182,False,reactive-cpp,jm4R/reactive-cpp,git@github.com:jm4R/reactive-cpp.git,3
R_kgDOGufC1g,2022-01-24T09:22:17Z,2026-04-10T11:08:47Z,2026-04-10T11:08:42Z,4329,False,orb-slam3-learn,Heyrenqiang/orb-slam3-learn,git@github.com:Heyrenqiang/orb-slam3-learn.git,0
R_kgDOGuU6Cg,2022-01-23T21:03:35Z,2026-04-07T17:24:58Z,2026-04-07T17:25:03Z,887,False,harbour-wordle,monich/harbour-wordle,git@github.com:monich/harbour-wordle.git,8
R_kgDOGuPocA,2022-01-23T15:19:54Z,2026-03-31T01:45:01Z,2026-03-31T01:44:57Z,120,False,TraversalMaykr-Cpp-GUI,elizabethany/TraversalMaykr-Cpp-GUI,git@github.com:elizabethany/TraversalMaykr-Cpp-GUI.git,2
R_kgDOGuPhDw,2022-01-23T15:13:07Z,2026-05-06T03:09:14Z,2026-05-07T03:42:45Z,519454,True,HyperionEngine,HyperionGameTech/HyperionEngine,git@github.com:HyperionGameTech/HyperionEngine.git,477
R_kgDOGuPLrg,2022-01-23T14:54:00Z,2026-04-28T12:53:42Z,2026-04-26T11:03:24Z,2943,False,QMineSweeper,Mavrikant/QMineSweeper,git@github.com:Mavrikant/QMineSweeper.git,2
R_kgDOGuK5BQ,2022-01-23T10:09:36Z,2026-04-26T22:26:22Z,2026-04-26T22:26:21Z,4097,False,nst,gerstner-hub/nst,git@github.com:gerstner-hub/nst.git,2
R_kgDOGuGp1w,2022-01-23T03:42:47Z,2026-05-06T19:11:01Z,2026-05-03T21:51:04Z,293986,True,SpecialK,SpecialKO/SpecialK,git@github.com:SpecialKO/SpecialK.git,1868
R_kgDOGtzVsA,2022-01-22T00:38:26Z,2026-03-25T01:19:10Z,2026-03-25T01:19:05Z,6763,True,ada,microsoft/ada,git@github.com:microsoft/ada.git,14
R_kgDOGtq9SA,2022-01-21T15:28:22Z,2026-04-28T14:07:43Z,2026-04-28T14:19:11Z,194715,False,flexBART,skdeshpande91/flexBART,git@github.com:skdeshpande91/flexBART.git,24
R_kgDOGtpuIQ,2022-01-21T14:29:15Z,2026-04-15T00:20:02Z,2026-04-15T00:19:59Z,7138,True,uid2-client-cpp11,IABTechLab/uid2-client-cpp11,git@github.com:IABTechLab/uid2-client-cpp11.git,0
R_kgDOGtldww,2022-01-21T10:45:19Z,2026-04-03T03:51:20Z,2026-03-30T13:36:59Z,51545,False,Clouds_AI,jmcuadra2/Clouds_AI,git@github.com:jmcuadra2/Clouds_AI.git,1
R_kgDOGtkslw,2022-01-21T10:03:58Z,2026-04-22T10:28:08Z,2026-04-22T10:28:03Z,63,False,vendor-qcom-opensource-bootctrl,sonyxperiadev/vendor-qcom-opensource-bootctrl,git@github.com:sonyxperiadev/vendor-qcom-opensource-bootctrl.git,4
R_kgDOGtjTaA,2022-01-21T08:49:05Z,2026-05-06T20:36:10Z,2026-05-06T20:55:19Z,238,False,bazel-compile-commands,kiron1/bazel-compile-commands,git@github.com:kiron1/bazel-compile-commands.git,119
R_kgDOGtgJgg,2022-01-21T05:32:29Z,2026-05-07T09:27:56Z,2026-05-07T09:27:51Z,2150,False,freedom-wall-flutter,akash70776/freedom-wall-flutter,git@github.com:akash70776/freedom-wall-flutter.git,0
R_kgDOGtbb7g,2022-01-20T23:19:32Z,2026-04-24T15:14:39Z,2026-04-24T15:14:35Z,170,False,LFT,pbialas7/LFT,git@github.com:pbialas7/LFT.git,0
R_kgDOGtZFyg,2022-01-20T20:36:46Z,2026-05-07T05:59:11Z,2026-05-06T21:23:19Z,9137,True,Vulkan-Profiles,KhronosGroup/Vulkan-Profiles,git@github.com:KhronosGroup/Vulkan-Profiles.git,166
R_kgDOGtPRJg,2022-01-20T12:31:31Z,2026-05-06T10:25:46Z,2026-05-06T10:55:12Z,18517,True,power-grid-model,PowerGridModel/power-grid-model,git@github.com:PowerGridModel/power-grid-model.git,221
R_kgDOGtM-Yw,2022-01-20T10:30:14Z,2026-03-06T13:29:10Z,2026-05-06T15:28:59Z,25476,False,rope,helenginn/rope,git@github.com:helenginn/rope.git,9
R_kgDOGtMdgA,2022-01-20T10:03:33Z,2026-05-05T20:34:31Z,2026-05-05T20:34:27Z,321,True,lala-pc,lattice-land/lala-pc,git@github.com:lattice-land/lala-pc.git,3
R_kgDOGtKEOw,2022-01-20T07:54:16Z,2026-04-12T08:24:57Z,2026-04-12T08:24:52Z,35847,False,work,ofirmor1/work,git@github.com:ofirmor1/work.git,0
R_kgDOGtFIfg,2022-01-20T02:10:52Z,2026-03-04T05:07:38Z,2026-03-04T05:07:34Z,308,False,Polynet,BlueCannonBall/Polynet,git@github.com:BlueCannonBall/Polynet.git,3
R_kgDOGtDpmA,2022-01-20T00:20:52Z,2026-05-04T23:41:07Z,2026-05-04T23:41:05Z,88612,True,matchlib_toolkit,hlslibs/matchlib_toolkit,git@github.com:hlslibs/matchlib_toolkit.git,16
R_kgDOGtCWVA,2022-01-19T22:37:18Z,2026-05-05T01:46:02Z,2026-05-05T01:45:58Z,583,True,kodaskanna,KDE/kodaskanna,git@github.com:KDE/kodaskanna.git,3
R_kgDOGs-tRA,2022-01-19T18:55:53Z,2026-05-04T23:55:19Z,2026-05-06T22:32:05Z,5805,True,aws-iot-fleetwise-edge,aws/aws-iot-fleetwise-edge,git@github.com:aws/aws-iot-fleetwise-edge.git,74
R_kgDOGs9YAA,2022-01-19T17:46:28Z,2026-05-02T18:31:32Z,2026-03-17T12:07:26Z,12820,True,matiec,beremiz/matiec,git@github.com:beremiz/matiec.git,92
R_kgDOGs9TAg,2022-01-19T17:42:25Z,2026-05-07T06:24:51Z,2026-05-05T11:38:08Z,4503,True,open3d_slam,leggedrobotics/open3d_slam,git@github.com:leggedrobotics/open3d_slam.git,612
R_kgDOGs57qw,2022-01-19T15:07:33Z,2026-05-01T11:46:19Z,2026-05-01T11:46:15Z,9096,True,sst-plugininfra,surge-synthesizer/sst-plugininfra,git@github.com:surge-synthesizer/sst-plugininfra.git,4
R_kgDOGs54aw,2022-01-19T15:05:21Z,2026-05-06T16:36:34Z,2026-05-06T02:33:07Z,310724,True,geode,geode-sdk/geode,git@github.com:geode-sdk/geode.git,2362
R_kgDOGs4PKg,2022-01-19T13:53:41Z,2026-04-12T12:49:00Z,2026-04-12T12:48:52Z,71,False,atcoder,ozkoharu/atcoder,git@github.com:ozkoharu/atcoder.git,0
R_kgDOGsyVJA,2022-01-19T08:51:48Z,2026-04-03T20:05:57Z,2026-04-03T20:05:52Z,19414,True,MIRCO,imcs-compsim/MIRCO,git@github.com:imcs-compsim/MIRCO.git,7
R_kgDOGsxMVQ,2022-01-19T07:50:25Z,2026-05-05T13:01:58Z,2026-04-26T05:12:28Z,26757,False,ESP32APRS_Audio,nakhonthai/ESP32APRS_Audio,git@github.com:nakhonthai/ESP32APRS_Audio.git,253
R_kgDOGsmVaQ,2022-01-18T19:25:48Z,2026-04-01T20:51:51Z,2026-04-01T20:51:48Z,1883,False,Project1,Djspraragen/Project1,git@github.com:Djspraragen/Project1.git,1
R_kgDOGskmjQ,2022-01-18T17:54:09Z,2026-05-06T18:13:22Z,2026-05-06T18:14:49Z,38500,True,TensorWrapper,NWChemEx/TensorWrapper,git@github.com:NWChemEx/TensorWrapper.git,0
R_kgDOGskfgA,2022-01-18T17:48:53Z,2026-05-02T17:29:00Z,2026-05-06T20:35:04Z,1150051,True,overte,overte-org/overte,git@github.com:overte-org/overte.git,248
R_kgDOGsfj3w,2022-01-18T14:02:54Z,2026-05-06T09:49:20Z,2026-05-07T11:24:54Z,53907,True,ddprof,DataDog/ddprof,git@github.com:DataDog/ddprof.git,61
R_kgDOGsNBSA,2022-01-17T18:23:05Z,2026-05-04T23:33:38Z,2026-05-04T23:33:33Z,523,True,sst-filters,surge-synthesizer/sst-filters,git@github.com:surge-synthesizer/sst-filters.git,31
R_kgDOGsMyTA,2022-01-17T18:10:11Z,2026-03-30T16:13:08Z,2026-03-30T16:13:03Z,19575,False,APCpp,N00byKing/APCpp,git@github.com:N00byKing/APCpp.git,10
R_kgDOGsHwng,2022-01-17T14:04:28Z,2026-04-07T11:41:30Z,2026-04-07T11:41:24Z,38733,False,strawberry,Ga0aG/strawberry,git@github.com:Ga0aG/strawberry.git,0
R_kgDOGsHMGQ,2022-01-17T13:38:12Z,2026-05-04T08:51:35Z,2026-05-07T10:52:19Z,539,True,plugin-sdk-cpp,falcosecurity/plugin-sdk-cpp,git@github.com:falcosecurity/plugin-sdk-cpp.git,3
R_kgDOGsFFiQ,2022-01-17T11:54:01Z,2026-05-04T20:01:22Z,2026-05-05T09:49:53Z,25080,True,pika,pika-org/pika,git@github.com:pika-org/pika.git,86
R_kgDOGsEgNg,2022-01-17T11:22:44Z,2026-03-01T17:21:05Z,2026-05-01T04:34:50Z,92110,True,TDMS,UCL/TDMS,git@github.com:UCL/TDMS.git,13
R_kgDOGr4UTA,2022-01-16T20:25:16Z,2026-05-02T19:05:18Z,2026-05-02T19:05:15Z,16143,False,Rave,Ttimofeyka/Rave,git@github.com:Ttimofeyka/Rave.git,92
R_kgDOGr3UBA,2022-01-16T19:09:31Z,2026-05-07T10:00:13Z,2026-04-08T19:48:08Z,26304,False,ESPRowingMonitor,Abasz/ESPRowingMonitor,git@github.com:Abasz/ESPRowingMonitor.git,34
R_kgDOGrziUg,2022-01-16T15:00:47Z,2026-05-05T14:28:14Z,2026-05-05T14:21:16Z,844,False,MyCPSolutions,SaiKrishna1908/MyCPSolutions,git@github.com:SaiKrishna1908/MyCPSolutions.git,0
R_kgDOGrxVaA,2022-01-16T12:40:09Z,2026-05-02T02:31:47Z,2026-05-02T02:31:44Z,28506,True,PERIGEE,APSIS-ANALYSIS/PERIGEE,git@github.com:APSIS-ANALYSIS/PERIGEE.git,28
R_kgDOGrwbcQ,2022-01-16T11:34:54Z,2026-04-05T08:21:30Z,2026-04-05T08:21:43Z,1441,True,soundtouch,RPCS3/soundtouch,git@github.com:RPCS3/soundtouch.git,4
R_kgDOGrumQg,2022-01-16T09:08:36Z,2026-03-03T15:28:45Z,2026-03-03T15:25:21Z,192231,True,gsUnstructuredSplines,gismo/gsUnstructuredSplines,git@github.com:gismo/gsUnstructuredSplines.git,4
R_kgDOGrublg,2022-01-16T08:54:42Z,2026-04-29T14:07:51Z,2026-04-29T14:04:22Z,97372,False,Algorithm,inseonyun/Algorithm,git@github.com:inseonyun/Algorithm.git,0
R_kgDOGrrW2w,2022-01-16T03:58:44Z,2026-05-01T23:42:58Z,2026-05-01T23:42:54Z,35966,False,ppk_bluetooth,pymo/ppk_bluetooth,git@github.com:pymo/ppk_bluetooth.git,139
R_kgDOGrmK5Q,2022-01-15T19:06:56Z,2026-04-10T00:32:33Z,2026-05-04T08:50:33Z,136103,False,etx-tracer,serhii-rieznik/etx-tracer,git@github.com:serhii-rieznik/etx-tracer.git,375
R_kgDOGrfzfg,2022-01-15T11:51:52Z,2026-05-07T08:44:15Z,2026-05-07T08:45:42Z,311310,True,windhawk-mods,ramensoftware/windhawk-mods,git@github.com:ramensoftware/windhawk-mods.git,802
R_kgDOGrfiAw,2022-01-15T11:29:58Z,2026-04-25T13:06:14Z,2026-03-13T12:14:08Z,363,True,rz-retdec,rizinorg/rz-retdec,git@github.com:rizinorg/rz-retdec.git,34
R_kgDOGra4OQ,2022-01-15T04:41:58Z,2026-04-27T01:30:43Z,2026-04-25T13:59:04Z,1607,False,cassava-editor,asukaze55/cassava-editor,git@github.com:asukaze55/cassava-editor.git,42
R_kgDOGrXVug,2022-01-14T22:29:49Z,2026-04-16T23:30:06Z,2026-03-19T19:40:02Z,958,True,kernel-manager,CachyOS/kernel-manager,git@github.com:CachyOS/kernel-manager.git,35
R_kgDOGrXQUg,2022-01-14T22:22:20Z,2026-04-01T21:40:09Z,2026-04-01T21:39:58Z,461306,False,Mosaic-plus-plus,adriancalavie/Mosaic-plus-plus,git@github.com:adriancalavie/Mosaic-plus-plus.git,2
R_kgDOGrUZOg,2022-01-14T18:55:34Z,2026-05-05T06:25:37Z,2026-04-10T16:05:18Z,712443,True,arcgis-maps-sdk-unreal-engine-samples,Esri/arcgis-maps-sdk-unreal-engine-samples,git@github.com:Esri/arcgis-maps-sdk-unreal-engine-samples.git,86
R_kgDOGrTEgw,2022-01-14T17:36:55Z,2026-04-30T23:07:23Z,2026-04-30T23:07:18Z,783,True,ecckd,ecmwf-ifs/ecckd,git@github.com:ecmwf-ifs/ecckd.git,5
R_kgDOGrNgKA,2022-01-14T12:39:51Z,2026-03-27T13:43:39Z,2026-03-28T18:32:04Z,185,True,etiss-sc,tum-ei-eda/etiss-sc,git@github.com:tum-ei-eda/etiss-sc.git,6
R_kgDOGrKozQ,2022-01-14T09:45:21Z,2026-04-23T12:22:02Z,2026-05-07T06:17:47Z,1994,True,UnrealEnginePopcornFXPlugin,PopcornFX/UnrealEnginePopcornFXPlugin,git@github.com:PopcornFX/UnrealEnginePopcornFXPlugin.git,19
R_kgDOGrB3Tw,2022-01-13T22:34:31Z,2026-04-07T18:06:52Z,2026-04-07T18:06:50Z,5996,True,ports-of-call,lanl/ports-of-call,git@github.com:lanl/ports-of-call.git,7
R_kgDOGqzyXw,2022-01-13T09:38:46Z,2026-05-06T18:26:54Z,2026-05-06T18:26:40Z,29110,False,sshash,jermp/sshash,git@github.com:jermp/sshash.git,98
R_kgDOGqzdpw,2022-01-13T09:21:06Z,2026-05-06T21:03:43Z,2026-05-06T21:03:39Z,83303,False,uc,ultranetorg/uc,git@github.com:ultranetorg/uc.git,0
R_kgDOGqy57A,2022-01-13T08:50:16Z,2026-03-26T10:37:30Z,2026-03-26T10:37:25Z,272,True,dvstar,Schlieplab/dvstar,git@github.com:Schlieplab/dvstar.git,5
R_kgDOGqrCQA,2022-01-12T23:13:43Z,2026-04-07T09:34:39Z,2026-04-07T09:34:34Z,71,True,f1tenth_lab8_template,f1tenth/f1tenth_lab8_template,git@github.com:f1tenth/f1tenth_lab8_template.git,9
R_kgDOGqproQ,2022-01-12T21:29:48Z,2026-03-13T19:34:44Z,2026-03-13T19:34:36Z,6850,True,chre,zephyrproject-rtos/chre,git@github.com:zephyrproject-rtos/chre.git,10
R_kgDOGqot3A,2022-01-12T20:25:01Z,2026-05-06T17:27:53Z,2026-05-06T17:27:49Z,818,False,kri,ikozyris/kri,git@github.com:ikozyris/kri.git,13
R_kgDOGqnjgg,2022-01-12T19:14:51Z,2026-05-05T03:05:15Z,2026-03-02T11:03:29Z,464327,True,HydroChrono,Project-SEA-Stack/HydroChrono,git@github.com:Project-SEA-Stack/HydroChrono.git,31
R_kgDOGqlnDw,2022-01-12T17:27:02Z,2026-04-16T14:55:37Z,2026-04-16T14:56:11Z,11222,True,MiniballSort,Miniball/MiniballSort,git@github.com:Miniball/MiniballSort.git,3
R_kgDOGqjnEA,2022-01-12T15:47:35Z,2026-03-18T16:42:30Z,2026-05-01T15:42:42Z,48355,True,Einsums,Einsums/Einsums,git@github.com:Einsums/Einsums.git,70
R_kgDOGqghwA,2022-01-12T13:21:25Z,2026-04-21T05:28:51Z,2026-03-24T01:27:02Z,1206,True,nvboard,NJU-ProjectN/nvboard,git@github.com:NJU-ProjectN/nvboard.git,311
R_kgDOGqZagw,2022-01-12T06:57:10Z,2026-04-03T02:37:23Z,2026-04-03T02:37:18Z,252,True,multi_data_monitor,tier4/multi_data_monitor,git@github.com:tier4/multi_data_monitor.git,18
R_kgDOGqTwkg,2022-01-11T23:50:55Z,2026-03-27T14:52:43Z,2026-03-17T14:39:24Z,10888,False,grlBWT,ddiazdom/grlBWT,git@github.com:ddiazdom/grlBWT.git,22
R_kgDOGqLRiw,2022-01-11T15:33:15Z,2026-03-19T19:46:11Z,2026-03-19T19:46:14Z,73,False,krokonf,jakubfi/krokonf,git@github.com:jakubfi/krokonf.git,3
R_kgDOGqKL6Q,2022-01-11T14:44:47Z,2026-04-30T14:23:36Z,2026-04-30T18:37:02Z,4185,False,fibonacci,yegor256/fibonacci,git@github.com:yegor256/fibonacci.git,18
R_kgDOGqEp0g,2022-01-11T10:10:55Z,2026-04-29T05:46:29Z,2026-04-29T05:46:25Z,19137,True,amax.meta.chain,armoniax/amax.meta.chain,git@github.com:armoniax/amax.meta.chain.git,4
R_kgDOGp64Kw,2022-01-10T23:05:02Z,2026-05-07T01:20:54Z,2026-04-13T12:58:59Z,22350,False,open-ocpp,c-jimenez/open-ocpp,git@github.com:c-jimenez/open-ocpp.git,167
R_kgDOGp6YGA,2022-01-10T22:26:51Z,2026-04-17T16:47:49Z,2026-04-26T22:42:32Z,7710,True,platform_hardware_google_pixel,CalyxOS/platform_hardware_google_pixel,git@github.com:CalyxOS/platform_hardware_google_pixel.git,0
R_kgDOGp4Qsw,2022-01-10T20:08:33Z,2026-05-04T14:59:28Z,2026-05-07T00:53:58Z,116878,True,symbol,symbol/symbol,git@github.com:symbol/symbol.git,53
R_kgDOGp3xAQ,2022-01-10T19:38:17Z,2026-04-20T20:04:55Z,2026-04-20T20:04:50Z,26848,True,libretroshare,RetroShare/libretroshare,git@github.com:RetroShare/libretroshare.git,18
R_kgDOGp3Naw,2022-01-10T19:06:29Z,2026-04-15T11:09:28Z,2026-04-15T11:18:25Z,300,True,torchvisionlib,mlverse/torchvisionlib,git@github.com:mlverse/torchvisionlib.git,9
R_kgDOGp2k1Q,2022-01-10T18:31:50Z,2026-05-06T23:18:15Z,2026-05-07T00:02:49Z,7895833,False,AvidaGeneDupe,chaynes2019/AvidaGeneDupe,git@github.com:chaynes2019/AvidaGeneDupe.git,0
R_kgDOGpvdDg,2022-01-10T12:51:57Z,2026-04-28T13:03:02Z,2026-04-28T13:02:49Z,120706,True,EcoEnsemble,CefasRepRes/EcoEnsemble,git@github.com:CefasRepRes/EcoEnsemble.git,2
R_kgDOGpk62g,2022-01-10T01:52:35Z,2026-03-24T02:13:26Z,2026-03-26T08:56:55Z,278,True,pathkit,libpag/pathkit,git@github.com:libpag/pathkit.git,35
R_kgDOGpTJHw,2022-01-09T00:21:54Z,2026-05-02T11:40:27Z,2026-05-02T11:40:23Z,38530,False,PRooFPS-dd,proof88/PRooFPS-dd,git@github.com:proof88/PRooFPS-dd.git,5
R_kgDOGpRApA,2022-01-08T20:40:40Z,2026-04-25T10:38:17Z,2026-04-25T10:38:12Z,38,False,WDBtoPKT,Shauren/WDBtoPKT,git@github.com:Shauren/WDBtoPKT.git,2
R_kgDOGpNxsA,2022-01-08T16:28:30Z,2026-04-20T00:23:12Z,2026-04-20T00:23:07Z,238,True,sst-cpputils,surge-synthesizer/sst-cpputils,git@github.com:surge-synthesizer/sst-cpputils.git,10
R_kgDOGpMfwA,2022-01-08T15:01:09Z,2026-04-09T06:09:32Z,2026-04-06T12:16:01Z,884,False,rscp2mqtt,pvtom/rscp2mqtt,git@github.com:pvtom/rscp2mqtt.git,37
R_kgDOGpIR3A,2022-01-08T09:48:19Z,2026-04-18T09:46:44Z,2026-04-18T09:46:40Z,92,False,pr_chromium_wrapper,Silverlan/pr_chromium_wrapper,git@github.com:Silverlan/pr_chromium_wrapper.git,0
R_kgDOGpCP5Q,2022-01-07T23:49:05Z,2026-03-02T19:12:42Z,2026-04-14T12:24:16Z,881,True,nymea-plugins-zigbee,nymea/nymea-plugins-zigbee,git@github.com:nymea/nymea-plugins-zigbee.git,0
R_kgDOGo__BQ,2022-01-07T20:29:23Z,2026-05-06T03:59:13Z,2026-05-06T03:59:10Z,10567,False,LRnetST,jie108/LRnetST,git@github.com:jie108/LRnetST.git,0
R_kgDOGo-piA,2022-01-07T18:53:13Z,2026-04-22T14:19:42Z,2026-04-22T14:19:38Z,27164,True,madanalysis5,MadAnalysis/madanalysis5,git@github.com:MadAnalysis/madanalysis5.git,26
R_kgDOGo9L_Q,2022-01-07T17:20:25Z,2026-03-26T13:56:24Z,2026-03-26T13:54:40Z,15366,False,hauken,skojor/hauken,git@github.com:skojor/hauken.git,0
R_kgDOGo8eXA,2022-01-07T16:39:34Z,2026-05-06T12:25:17Z,2026-05-06T12:25:12Z,280,True,cpp-clients,nvidia-riva/cpp-clients,git@github.com:nvidia-riva/cpp-clients.git,40
R_kgDOGo5N4Q,2022-01-07T13:39:57Z,2026-04-16T18:00:57Z,2026-04-16T14:52:15Z,1884,False,MCP23S17,RobTillaart/MCP23S17,git@github.com:RobTillaart/MCP23S17.git,45
R_kgDOGopbNQ,2022-01-06T18:41:44Z,2026-03-26T09:43:55Z,2026-03-26T09:43:51Z,114795,True,LittObs_CTD,astrolabe-expeditions/LittObs_CTD,git@github.com:astrolabe-expeditions/LittObs_CTD.git,3
R_kgDOGohpSA,2022-01-06T11:35:17Z,2026-05-03T16:31:49Z,2026-05-03T16:31:47Z,218,True,rz-tracetest,rizinorg/rz-tracetest,git@github.com:rizinorg/rz-tracetest.git,8
R_kgDOGogDlw,2022-01-06T09:59:38Z,2026-03-31T11:26:02Z,2026-03-31T11:25:58Z,2185,True,WiFiSocketServerRTOS,Duet3D/WiFiSocketServerRTOS,git@github.com:Duet3D/WiFiSocketServerRTOS.git,0
R_kgDOGod_cA,2022-01-06T07:57:09Z,2026-03-21T20:43:26Z,2026-03-21T20:43:17Z,2673,True,Code-Dynamics,Next-Gen-UI/Code-Dynamics,git@github.com:Next-Gen-UI/Code-Dynamics.git,43
R_kgDOGoZWhA,2022-01-06T02:12:35Z,2026-04-25T14:33:58Z,2026-05-06T22:19:57Z,121,True,DQM,Mu2e/DQM,git@github.com:Mu2e/DQM.git,0
R_kgDOGoVuzA,2022-01-05T21:15:23Z,2026-05-05T03:37:02Z,2026-05-05T03:36:59Z,3520,True,silifuzz,google/silifuzz,git@github.com:google/silifuzz.git,414
R_kgDOGoU5Wg,2022-01-05T20:17:50Z,2026-05-07T06:04:20Z,2026-05-07T07:37:45Z,274,True,phys333,WSU-Physics/phys333,git@github.com:WSU-Physics/phys333.git,1
R_kgDOGoU2UQ,2022-01-05T20:14:43Z,2026-04-29T18:26:18Z,2026-04-21T05:36:13Z,6544,False,d2modgen,mapron/d2modgen,git@github.com:mapron/d2modgen.git,87
R_kgDOGoSjkw,2022-01-05T17:55:31Z,2026-05-06T17:20:29Z,2026-05-05T19:12:08Z,14602,True,symforce,symforce-org/symforce,git@github.com:symforce-org/symforce.git,1600
R_kgDOGoRfQg,2022-01-05T16:58:07Z,2026-05-04T00:46:11Z,2026-05-04T05:43:07Z,4545,True,syrec,munich-quantum-toolkit/syrec,git@github.com:munich-quantum-toolkit/syrec.git,37
R_kgDOGoNfow,2022-01-05T13:39:14Z,2026-04-13T11:58:44Z,2026-04-13T11:59:19Z,65,True,mapplauncherd-booster-silica,sailfishos/mapplauncherd-booster-silica,git@github.com:sailfishos/mapplauncherd-booster-silica.git,0
R_kgDOGoI9Ow,2022-01-05T09:30:31Z,2026-03-29T11:38:20Z,2026-03-29T11:38:16Z,759,False,qdia,sunderme/qdia,git@github.com:sunderme/qdia.git,43
R_kgDOGoI7Lw,2022-01-05T09:28:58Z,2026-05-05T01:54:31Z,2026-05-05T01:54:27Z,1620,True,plasma-remotecontrollers,KDE/plasma-remotecontrollers,git@github.com:KDE/plasma-remotecontrollers.git,10
R_kgDOGoGmTA,2022-01-05T07:23:04Z,2026-04-30T10:04:11Z,2026-04-21T09:05:09Z,1858,False,ncnn-editor,scarsty/ncnn-editor,git@github.com:scarsty/ncnn-editor.git,147
R_kgDOGoBohQ,2022-01-05T01:41:16Z,2026-04-28T07:05:43Z,2026-04-28T07:05:38Z,15235,True,dtkdeclarative,linuxdeepin/dtkdeclarative,git@github.com:linuxdeepin/dtkdeclarative.git,22
R_kgDOGn_4-w,2022-01-04T23:32:31Z,2026-05-05T01:00:07Z,2026-03-01T19:45:05Z,114,False,wfs-tools,koolkdev/wfs-tools,git@github.com:koolkdev/wfs-tools.git,87
R_kgDOGn_aUg,2022-01-04T22:52:42Z,2026-05-06T17:26:52Z,2026-05-06T17:26:47Z,30147384,True,Toaster-Arena-Remake,GamesWithlove/Toaster-Arena-Remake,git@github.com:GamesWithlove/Toaster-Arena-Remake.git,37
R_kgDOGn7SXQ,2022-01-04T18:09:57Z,2026-04-30T22:37:12Z,2026-04-30T22:37:08Z,1965,False,RePak,r-ex/RePak,git@github.com:r-ex/RePak.git,36
R_kgDOGntGZQ,2022-01-04T04:37:08Z,2026-03-14T07:52:09Z,2026-03-14T07:52:06Z,24082,False,IMSO,MasterIceZ/IMSO,git@github.com:MasterIceZ/IMSO.git,3
R_kgDOGnsX4g,2022-01-04T03:33:31Z,2026-05-05T03:17:03Z,2026-05-03T13:11:32Z,201255,False,skyland-beta,evanbowman/skyland-beta,git@github.com:evanbowman/skyland-beta.git,61
R_kgDOGnpJuQ,2022-01-03T22:55:19Z,2026-04-15T21:55:26Z,2026-04-15T21:55:21Z,125,False,apclientpp,black-sliver/apclientpp,git@github.com:black-sliver/apclientpp.git,1
R_kgDOGnljHQ,2022-01-03T18:33:54Z,2026-05-05T21:34:52Z,2026-05-06T20:26:47Z,7962,True,unifrac-binaries,biocore/unifrac-binaries,git@github.com:biocore/unifrac-binaries.git,2
R_kgDOGneJAw,2022-01-03T11:47:04Z,2026-03-06T17:57:19Z,2026-03-27T12:31:56Z,217782,True,system_core,yaap/system_core,git@github.com:yaap/system_core.git,1
R_kgDOGnbmlg,2022-01-03T09:07:29Z,2026-03-04T21:08:42Z,2026-03-04T21:08:22Z,7805,True,uunet,uuinfolab/uunet,git@github.com:uuinfolab/uunet.git,2
R_kgDOGnZWBQ,2022-01-03T06:30:12Z,2026-04-17T16:10:40Z,2026-04-17T16:10:36Z,32,True,ImGradientHDR,effekseer/ImGradientHDR,git@github.com:effekseer/ImGradientHDR.git,58
R_kgDOGnYcuA,2022-01-03T05:15:25Z,2026-05-07T09:50:38Z,2026-05-07T09:50:34Z,1151,False,arduino-stress-monitor,gerelchimeg1123/arduino-stress-monitor,git@github.com:gerelchimeg1123/arduino-stress-monitor.git,0
R_kgDOGnQmIA,2022-01-02T16:51:21Z,2026-04-23T17:33:20Z,2026-03-29T19:45:34Z,12498,False,open-hybrid-piano,gzweigle/open-hybrid-piano,git@github.com:gzweigle/open-hybrid-piano.git,57
R_kgDOGnJrJQ,2022-01-02T07:20:34Z,2026-04-06T22:55:59Z,2026-04-06T22:55:50Z,2237,True,eez-framework,eez-open/eez-framework,git@github.com:eez-open/eez-framework.git,42
R_kgDOGm8OQQ,2022-01-01T06:39:13Z,2026-05-04T18:39:41Z,2026-05-04T18:39:37Z,6959,True,gm82dx9,GM82Project/gm82dx9,git@github.com:GM82Project/gm82dx9.git,5