id,createdAt,updatedAt,pushedAt,diskUsage,isInOrganization,name,nameWithOwner,sshUrl,stargazerCount
R_kgDOGmwMww,2021-12-31T07:49:57Z,2026-05-07T06:43:30Z,2026-05-07T06:43:26Z,49789,False,OpenS100,S-100ExpertTeam/OpenS100,git@github.com:S-100ExpertTeam/OpenS100.git,64
R_kgDOGmpA4g,2021-12-30T19:50:09Z,2026-05-06T11:58:33Z,2026-05-07T09:12:25Z,1609,True,ksanecore,KDE/ksanecore,git@github.com:KDE/ksanecore.git,4
R_kgDOGmiopw,2021-12-30T12:20:15Z,2026-05-07T11:29:32Z,2026-05-07T11:29:29Z,69232,True,MeshLib,MeshInspector/MeshLib,git@github.com:MeshInspector/MeshLib.git,779
R_kgDOGmU2gg,2021-12-29T17:16:09Z,2026-03-21T17:05:42Z,2026-03-21T17:05:38Z,13,False,IndoorWeatherStationDuin,DrewBallins/IndoorWeatherStationDuin,git@github.com:DrewBallins/IndoorWeatherStationDuin.git,0
R_kgDOGmUC5g,2021-12-29T16:22:45Z,2026-04-19T10:05:36Z,2026-04-19T13:57:26Z,139,True,AutobootModule,wiiu-env/AutobootModule,git@github.com:wiiu-env/AutobootModule.git,34
R_kgDOGmRXoA,2021-12-29T13:36:50Z,2026-04-22T21:30:35Z,2026-03-16T22:12:10Z,3581,False,device_xiaomi_odin,Inkypen79/device_xiaomi_odin,git@github.com:Inkypen79/device_xiaomi_odin.git,24
R_kgDOGmMeLg,2021-12-29T08:06:09Z,2026-05-03T19:57:03Z,2026-03-28T13:42:40Z,26523,False,dbRackModules,docb/dbRackModules,git@github.com:docb/dbRackModules.git,25
R_kgDOGmKuRA,2021-12-29T05:56:11Z,2026-03-30T10:32:11Z,2026-03-30T10:48:02Z,28462,True,expofp-sdk-ios,expofp/expofp-sdk-ios,git@github.com:expofp/expofp-sdk-ios.git,1
R_kgDOGmIbaw,2021-12-29T02:22:02Z,2026-04-24T02:02:47Z,2026-04-24T02:03:02Z,518,True,dde-session,linuxdeepin/dde-session,git@github.com:linuxdeepin/dde-session.git,8
R_kgDOGmGz7w,2021-12-28T23:40:48Z,2026-04-25T18:33:11Z,2026-04-25T18:33:06Z,5854,True,mcmini,mcminickpt/mcmini,git@github.com:mcminickpt/mcmini.git,7
R_kgDOGmFnwA,2021-12-28T21:44:58Z,2026-04-18T19:00:26Z,2026-04-18T19:00:22Z,88880,False,puzzles,steedly/puzzles,git@github.com:steedly/puzzles.git,0
R_kgDOGmB0_g,2021-12-28T17:00:38Z,2026-05-05T01:19:33Z,2026-04-27T14:30:29Z,25243,True,formula,soundspear/formula,git@github.com:soundspear/formula.git,235
R_kgDOGmBn3g,2021-12-28T16:48:19Z,2026-04-29T18:15:58Z,2026-03-24T22:10:11Z,115,False,ProxyScraper,chainski/ProxyScraper,git@github.com:chainski/ProxyScraper.git,23
R_kgDOGl-nXg,2021-12-28T13:44:35Z,2026-03-19T11:14:34Z,2026-03-13T22:34:20Z,6048,False,melon,fhamonic/melon,git@github.com:fhamonic/melon.git,62
R_kgDOGl8mXQ,2021-12-28T11:33:34Z,2026-04-30T14:55:45Z,2026-05-04T20:28:43Z,120185,False,ReactivePlusPlus,victimsnino/ReactivePlusPlus,git@github.com:victimsnino/ReactivePlusPlus.git,310
R_kgDOGl6hwQ,2021-12-28T09:10:07Z,2026-05-05T09:58:18Z,2026-05-05T09:58:00Z,484282,False,pandaria_5.4.8,alexkulya/pandaria_5.4.8,git@github.com:alexkulya/pandaria_5.4.8.git,70
R_kgDOGl4woA,2021-12-28T07:08:49Z,2026-05-02T01:22:18Z,2026-05-02T01:22:15Z,71,False,MoarPtr,SubstituteR/MoarPtr,git@github.com:SubstituteR/MoarPtr.git,22
R_kgDOGllZ8A,2021-12-27T05:49:49Z,2026-04-25T14:59:46Z,2026-04-25T14:59:42Z,3252,False,spannedCC,ForwardStar/spannedCC,git@github.com:ForwardStar/spannedCC.git,4
R_kgDOGljM6Q,2021-12-27T02:16:44Z,2026-04-20T13:59:46Z,2026-04-20T13:59:42Z,519,False,cppapiframework,Fabio3rs/cppapiframework,git@github.com:Fabio3rs/cppapiframework.git,2
R_kgDOGlSpiw,2021-12-25T20:48:23Z,2026-05-06T03:34:21Z,2026-05-06T15:58:23Z,31629,True,wolf,games-on-whales/wolf,git@github.com:games-on-whales/wolf.git,1871
R_kgDOGlNKTA,2021-12-25T11:34:13Z,2026-03-28T08:31:33Z,2026-05-06T11:37:25Z,79343,False,LohFunctionPlugin,loh0123/LohFunctionPlugin,git@github.com:loh0123/LohFunctionPlugin.git,2
R_kgDOGk_26w,2021-12-24T11:27:13Z,2026-03-11T12:52:16Z,2026-03-03T23:16:00Z,41,False,wizmote-esphome,jesserockz/wizmote-esphome,git@github.com:jesserockz/wizmote-esphome.git,96
R_kgDOGk3ylw,2021-12-23T23:12:52Z,2026-05-02T02:17:47Z,2026-05-02T02:17:44Z,145780,True,orange,moments-behavior/orange,git@github.com:moments-behavior/orange.git,4
R_kgDOGk3Y0g,2021-12-23T22:29:00Z,2026-05-07T10:55:23Z,2026-05-07T10:56:12Z,153537,True,supla-device,SUPLA/supla-device,git@github.com:SUPLA/supla-device.git,55
R_kgDOGk0DRw,2021-12-23T17:42:37Z,2026-04-27T14:28:46Z,2026-05-04T14:57:35Z,31995,True,OpenKneeboard,OpenKneeboard/OpenKneeboard,git@github.com:OpenKneeboard/OpenKneeboard.git,340
R_kgDOGkuxiw,2021-12-23T12:06:27Z,2026-05-03T15:27:10Z,2026-05-03T15:27:06Z,59568,True,SCV,DCUSnSLab/SCV,git@github.com:DCUSnSLab/SCV.git,2
R_kgDOGksp5Q,2021-12-23T09:47:20Z,2026-03-01T11:06:27Z,2026-03-01T11:06:24Z,38,False,ros2-mpu6050-driver,1222-takeshi/ros2-mpu6050-driver,git@github.com:1222-takeshi/ros2-mpu6050-driver.git,9
R_kgDOGkkpSw,2021-12-22T22:46:28Z,2026-04-21T17:21:26Z,2026-04-21T17:21:21Z,5440,False,YAGA,Nuno69/YAGA,git@github.com:Nuno69/YAGA.git,20
R_kgDOGkhiNg,2021-12-22T18:34:41Z,2026-05-04T23:20:52Z,2026-05-04T23:21:10Z,6450,True,duneprototypes,DUNE/duneprototypes,git@github.com:DUNE/duneprototypes.git,0
R_kgDOGkeiLg,2021-12-22T15:27:28Z,2026-05-05T14:14:05Z,2026-05-05T14:13:51Z,748,False,dynamic_trajectory_generator,miferco97/dynamic_trajectory_generator,git@github.com:miferco97/dynamic_trajectory_generator.git,8
R_kgDOGkarqQ,2021-12-22T11:43:54Z,2026-04-21T13:19:08Z,2026-04-21T13:19:03Z,2032,True,armada_resources,uml-robotics/armada_resources,git@github.com:uml-robotics/armada_resources.git,1
R_kgDOGkZyQg,2021-12-22T10:47:20Z,2026-05-06T08:23:18Z,2026-05-06T08:25:35Z,14495,True,agc,refresh-bio/agc,git@github.com:refresh-bio/agc.git,180
R_kgDOGkKdWw,2021-12-21T16:00:29Z,2026-05-07T10:44:05Z,2026-05-07T10:44:01Z,5154,False,ChrysaLib,vygr/ChrysaLib,git@github.com:vygr/ChrysaLib.git,10
R_kgDOGkIulQ,2021-12-21T14:29:03Z,2026-05-05T16:16:27Z,2026-04-24T14:56:43Z,275,True,clap-juce-extensions,free-audio/clap-juce-extensions,git@github.com:free-audio/clap-juce-extensions.git,201
R_kgDOGj4Zxw,2021-12-20T19:00:30Z,2026-04-29T13:44:26Z,2026-04-28T19:31:00Z,3567,True,gfastats,vgl-hub/gfastats,git@github.com:vgl-hub/gfastats.git,122
R_kgDOGj3GGA,2021-12-20T17:37:37Z,2026-05-04T23:22:59Z,2026-05-04T23:23:04Z,4258,True,protoduneana,DUNE/protoduneana,git@github.com:DUNE/protoduneana.git,1
R_kgDOGj2l9w,2021-12-20T17:07:45Z,2026-04-10T15:13:28Z,2026-04-10T15:13:23Z,5144,True,Registration,sofa-framework/Registration,git@github.com:sofa-framework/Registration.git,4
R_kgDOGjzobA,2021-12-20T14:29:09Z,2026-05-04T23:21:28Z,2026-05-05T23:32:21Z,123601,True,dunereco,DUNE/dunereco,git@github.com:DUNE/dunereco.git,3
R_kgDOGjzoNA,2021-12-20T14:28:59Z,2026-05-04T23:20:41Z,2026-05-04T23:20:44Z,2474,True,duneopdet,DUNE/duneopdet,git@github.com:DUNE/duneopdet.git,2
R_kgDOGjzn5g,2021-12-20T14:28:45Z,2026-05-04T23:19:51Z,2026-05-04T23:19:56Z,982,True,dunecalib,DUNE/dunecalib,git@github.com:DUNE/dunecalib.git,0
R_kgDOGjznqQ,2021-12-20T14:28:35Z,2026-05-04T23:21:36Z,2026-05-04T23:21:38Z,6751,True,dunesim,DUNE/dunesim,git@github.com:DUNE/dunesim.git,4
R_kgDOGjznRA,2021-12-20T14:28:19Z,2026-05-04T23:19:40Z,2026-05-04T23:19:44Z,4285,True,duneana,DUNE/duneana,git@github.com:DUNE/duneana.git,2
R_kgDOGjzmhg,2021-12-20T14:27:47Z,2026-05-04T23:20:25Z,2026-05-04T23:20:21Z,2632,True,dunedataprep,DUNE/dunedataprep,git@github.com:DUNE/dunedataprep.git,0
R_kgDOGjyj_w,2021-12-20T13:34:40Z,2026-03-11T17:34:39Z,2026-03-11T17:34:35Z,18930,True,tiffany,Penguin-Lab/tiffany,git@github.com:Penguin-Lab/tiffany.git,4
R_kgDOGjwcyQ,2021-12-20T11:33:29Z,2026-05-07T08:26:06Z,2026-05-07T11:27:24Z,46764,True,EVerest,EVerest/EVerest,git@github.com:EVerest/EVerest.git,186
R_kgDOGjvXGA,2021-12-20T10:29:06Z,2026-05-03T15:59:47Z,2026-05-03T15:59:44Z,9550,False,gpx2video,progweb/gpx2video,git@github.com:progweb/gpx2video.git,300
R_kgDOGjjs5Q,2021-12-19T18:28:08Z,2026-05-06T14:35:12Z,2026-04-12T21:18:56Z,505685,True,android_device_google_gs101,LineageOS/android_device_google_gs101,git@github.com:LineageOS/android_device_google_gs101.git,10
R_kgDOGjceIA,2021-12-19T09:10:09Z,2026-04-09T13:25:01Z,2026-04-09T13:25:32Z,3686,True,kaldifst,k2-fsa/kaldifst,git@github.com:k2-fsa/kaldifst.git,57
R_kgDOGjaPDw,2021-12-19T05:28:19Z,2026-04-23T11:30:38Z,2026-04-30T06:03:58Z,17857,True,s2e-core,ut-issl/s2e-core,git@github.com:ut-issl/s2e-core.git,63
R_kgDOGjWc8g,2021-12-18T21:47:01Z,2026-05-04T20:26:02Z,2026-05-04T20:31:31Z,104223,False,Kalman,FrancoisCarouge/Kalman,git@github.com:FrancoisCarouge/Kalman.git,69
R_kgDOGjVM2A,2021-12-18T19:42:18Z,2026-05-05T10:50:33Z,2026-05-05T10:51:26Z,16916,False,matchmaking_proxy,werto87/matchmaking_proxy,git@github.com:werto87/matchmaking_proxy.git,0
R_kgDOGjUN-g,2021-12-18T18:14:58Z,2026-05-04T22:24:36Z,2026-05-04T22:26:45Z,414,True,HeadsetControl-GUI,HeadsetControl-GUI/HeadsetControl-GUI,git@github.com:HeadsetControl-GUI/HeadsetControl-GUI.git,31
R_kgDOGjSBdg,2021-12-18T15:24:30Z,2026-03-01T00:19:33Z,2026-03-01T00:19:30Z,48,False,Angelscript-Documenter,SpehleonLP/Angelscript-Documenter,git@github.com:SpehleonLP/Angelscript-Documenter.git,0
R_kgDOGjNJRg,2021-12-18T08:50:35Z,2026-04-30T21:26:50Z,2026-04-11T00:38:56Z,5566,False,mangareader,g-fb/mangareader,git@github.com:g-fb/mangareader.git,54
R_kgDOGjH58g,2021-12-17T23:15:37Z,2026-03-09T13:32:10Z,2026-03-09T13:32:06Z,1564,False,brSkinBrush,guibab/brSkinBrush,git@github.com:guibab/brSkinBrush.git,4
R_kgDOGjFyFw,2021-12-17T20:08:34Z,2026-05-06T17:43:02Z,2026-05-06T18:28:22Z,24077,True,PolyMC,PolyMC/PolyMC,git@github.com:PolyMC/PolyMC.git,2026
R_kgDOGjFo2w,2021-12-17T19:58:12Z,2026-03-23T09:14:01Z,2026-04-08T05:32:41Z,4640,False,exprtk.js,mmomtchev/exprtk.js,git@github.com:mmomtchev/exprtk.js.git,15
R_kgDOGjDpwg,2021-12-17T17:36:34Z,2026-05-06T19:45:02Z,2026-04-11T13:06:00Z,269064,False,dw-link,felias-fogg/dw-link,git@github.com:felias-fogg/dw-link.git,84
R_kgDOGi-ynQ,2021-12-17T13:00:12Z,2026-04-15T15:32:32Z,2026-04-15T15:32:29Z,594,True,zeekjs,corelight/zeekjs,git@github.com:corelight/zeekjs.git,8
R_kgDOGi30aA,2021-12-17T05:21:17Z,2026-05-03T18:37:31Z,2026-05-07T00:19:13Z,51867,True,nebula,tier4/nebula,git@github.com:tier4/nebula.git,111
R_kgDOGi3x_w,2021-12-17T05:18:01Z,2026-03-28T19:23:57Z,2026-03-28T19:23:54Z,489,False,DSA-Learning,Piyusha1210/DSA-Learning,git@github.com:Piyusha1210/DSA-Learning.git,0
R_kgDOGizwuw,2021-12-16T23:20:48Z,2026-04-01T17:57:13Z,2026-03-28T02:16:04Z,13492,False,ps4-payload-guest,Al-Azif/ps4-payload-guest,git@github.com:Al-Azif/ps4-payload-guest.git,107
R_kgDOGiyo5w,2021-12-16T21:41:36Z,2026-05-06T04:36:46Z,2026-05-06T04:38:11Z,20808,False,x-IMU3-Software,xioTechnologies/x-IMU3-Software,git@github.com:xioTechnologies/x-IMU3-Software.git,54
R_kgDOGiyjdw,2021-12-16T21:35:00Z,2026-05-06T09:30:26Z,2026-03-27T15:18:20Z,532,False,zpp_bits,eyalz800/zpp_bits,git@github.com:eyalz800/zpp_bits.git,965
R_kgDOGiw8QA,2021-12-16T19:36:34Z,2026-04-18T22:40:15Z,2026-04-29T08:38:58Z,22865,False,library,data-depth/library,git@github.com:data-depth/library.git,9
R_kgDOGisQHw,2021-12-16T15:01:46Z,2026-05-06T07:05:53Z,2026-05-06T07:05:58Z,279381,True,vulcanexus,eProsima/vulcanexus,git@github.com:eProsima/vulcanexus.git,30
R_kgDOGirINw,2021-12-16T14:06:27Z,2026-05-07T09:47:03Z,2026-05-07T09:46:57Z,38001,True,userver,userver-framework/userver,git@github.com:userver-framework/userver.git,2891
R_kgDOGiqlzw,2021-12-16T13:39:28Z,2026-04-21T17:20:25Z,2026-04-27T19:35:45Z,77876,False,GDH,TobyAdd/GDH,git@github.com:TobyAdd/GDH.git,250
R_kgDOGijI0g,2021-12-16T06:14:36Z,2026-05-07T08:42:30Z,2026-05-07T08:42:26Z,1115,False,leetcode-daily-october-hacktoberfest-2025,Elxeo/leetcode-daily-october-hacktoberfest-2025,git@github.com:Elxeo/leetcode-daily-october-hacktoberfest-2025.git,0
R_kgDOGiedsg,2021-12-15T23:38:57Z,2026-05-07T10:08:16Z,2026-05-07T06:34:49Z,62488,True,Sunshine,LizardByte/Sunshine,git@github.com:LizardByte/Sunshine.git,36737
R_kgDOGiY4yg,2021-12-15T17:16:21Z,2026-04-25T11:41:45Z,2026-04-25T11:41:41Z,19493,True,solon-examples,opensolon/solon-examples,git@github.com:opensolon/solon-examples.git,21
R_kgDOGiIWjw,2021-12-15T00:19:29Z,2026-03-24T04:49:13Z,2026-03-24T04:49:08Z,80978,False,toost,TheGreatRambler/toost,git@github.com:TheGreatRambler/toost.git,71
R_kgDOGiEd1A,2021-12-14T19:38:01Z,2026-05-03T17:18:51Z,2026-04-22T18:57:14Z,208,False,nontype_functional,zhihaoy/nontype_functional,git@github.com:zhihaoy/nontype_functional.git,71
R_kgDOGh88XQ,2021-12-14T13:01:53Z,2026-05-06T22:22:07Z,2026-05-06T22:22:03Z,76294,False,multipers,DavidLapous/multipers,git@github.com:DavidLapous/multipers.git,40
R_kgDOGhxBzA,2021-12-13T23:50:06Z,2026-03-05T04:00:16Z,2026-03-05T04:00:12Z,49,False,asDictionaryJSON,SpehleonLP/asDictionaryJSON,git@github.com:SpehleonLP/asDictionaryJSON.git,0
R_kgDOGhs4gQ,2021-12-13T19:01:29Z,2026-05-06T19:48:28Z,2026-05-06T19:48:24Z,50,True,larvecutils,LArSoft/larvecutils,git@github.com:LArSoft/larvecutils.git,0
R_kgDOGhl-1A,2021-12-13T13:12:26Z,2026-03-30T17:59:05Z,2026-03-30T17:59:01Z,174,False,LC,Shr3yash/LC,git@github.com:Shr3yash/LC.git,4
R_kgDOGhl3Kw,2021-12-13T13:06:18Z,2026-05-07T05:56:49Z,2026-05-06T16:52:37Z,11591,True,franka_ros2,frankarobotics/franka_ros2,git@github.com:frankarobotics/franka_ros2.git,332
R_kgDOGhkLSw,2021-12-13T11:36:10Z,2026-03-09T05:49:56Z,2026-03-09T05:49:52Z,11,False,arduino_trial,deltaboukensha/arduino_trial,git@github.com:deltaboukensha/arduino_trial.git,0
R_kgDOGhg6OQ,2021-12-13T08:38:08Z,2026-05-06T12:22:56Z,2026-03-02T03:48:33Z,243,True,xiloader,LandSandBoat/xiloader,git@github.com:LandSandBoat/xiloader.git,22
R_kgDOGhNzzw,2021-12-12T07:37:42Z,2026-04-19T05:33:43Z,2026-04-19T05:33:39Z,110,False,sx12xx-lib,olliw42/sx12xx-lib,git@github.com:olliw42/sx12xx-lib.git,5
R_kgDOGhMePw,2021-12-12T05:25:23Z,2026-04-11T12:56:28Z,2026-03-16T07:16:23Z,17565,True,RTduino,RTduino/RTduino,git@github.com:RTduino/RTduino.git,106
R_kgDOGhF07Q,2021-12-11T17:53:08Z,2026-04-05T05:38:02Z,2026-04-05T05:37:58Z,737,False,MyLeetcodeSolution,BLBT1/MyLeetcodeSolution,git@github.com:BLBT1/MyLeetcodeSolution.git,0
R_kgDOGg_XLQ,2021-12-11T10:00:42Z,2026-05-07T08:54:59Z,2026-05-07T09:11:06Z,25248,True,dragonfly,dragonflydb/dragonfly,git@github.com:dragonflydb/dragonfly.git,30444
R_kgDOGg5_aQ,2021-12-11T01:21:36Z,2026-03-21T06:24:38Z,2026-03-21T06:24:35Z,52,False,WinRTToolbox,StevoGTA/WinRTToolbox,git@github.com:StevoGTA/WinRTToolbox.git,0
R_kgDOGgm4JA,2021-12-10T04:01:20Z,2026-05-02T06:16:39Z,2026-05-02T06:16:37Z,427,False,CrashLoggerSSE,alandtse/CrashLoggerSSE,git@github.com:alandtse/CrashLoggerSSE.git,22
R_kgDOGgdsVQ,2021-12-09T16:56:52Z,2026-04-27T07:42:54Z,2026-04-27T07:46:17Z,3254,False,SpNS,adalbal/SpNS,git@github.com:adalbal/SpNS.git,4
R_kgDOGgaiuw,2021-12-09T14:15:35Z,2026-04-07T07:50:03Z,2026-04-07T07:49:58Z,121,False,mc_xsens_plugin,arntanguy/mc_xsens_plugin,git@github.com:arntanguy/mc_xsens_plugin.git,0
R_kgDOGgagUQ,2021-12-09T14:13:45Z,2026-04-29T23:12:27Z,2026-04-29T23:12:22Z,90,True,hamsterfiler,maemo-leste-extras/hamsterfiler,git@github.com:maemo-leste-extras/hamsterfiler.git,0
R_kgDOGgU49w,2021-12-09T09:08:24Z,2026-05-05T09:30:47Z,2026-03-27T06:50:14Z,40110,False,ShowJCR,hitfyd/ShowJCR,git@github.com:hitfyd/ShowJCR.git,393
R_kgDOGgDx5g,2021-12-08T14:06:13Z,2026-05-07T00:11:57Z,2026-04-27T09:36:51Z,96816,False,pangenie,eblerjana/pangenie,git@github.com:eblerjana/pangenie.git,168
R_kgDOGgByGg,2021-12-08T12:18:58Z,2026-05-05T12:35:50Z,2026-05-05T12:35:30Z,1355,True,duckdb-postgres,duckdb/duckdb-postgres,git@github.com:duckdb/duckdb-postgres.git,353
R_kgDOGf8bMQ,2021-12-08T07:03:31Z,2026-05-03T22:59:17Z,2026-03-26T18:49:25Z,290,False,book_ros2,fmrico/book_ros2,git@github.com:fmrico/book_ros2.git,749
R_kgDOGfz86Q,2021-12-07T19:59:17Z,2026-04-14T15:48:48Z,2026-04-14T15:48:44Z,1123,True,ANARI-USD,NVIDIA-Omniverse/ANARI-USD,git@github.com:NVIDIA-Omniverse/ANARI-USD.git,19
R_kgDOGfzxog,2021-12-07T19:47:32Z,2026-04-12T15:48:17Z,2026-04-12T15:48:13Z,5500,True,RandBLAS,BallisticLA/RandBLAS,git@github.com:BallisticLA/RandBLAS.git,97
R_kgDOGfzKIg,2021-12-07T19:08:21Z,2026-04-22T20:42:42Z,2026-04-22T20:42:38Z,14785,True,qt-main-feedstock,conda-forge/qt-main-feedstock,git@github.com:conda-forge/qt-main-feedstock.git,5
R_kgDOGfylDA,2021-12-07T18:32:52Z,2026-05-07T10:23:51Z,2026-03-25T19:11:48Z,9946,True,TMC2209,janelia-arduino/TMC2209,git@github.com:janelia-arduino/TMC2209.git,309
R_kgDOGfyHmQ,2021-12-07T18:05:03Z,2026-05-04T09:27:51Z,2026-04-18T10:51:54Z,825379,False,AndroidDrive,GustavLindberg99/AndroidDrive,git@github.com:GustavLindberg99/AndroidDrive.git,160
R_kgDOGftSrA,2021-12-07T13:57:54Z,2026-05-01T21:54:46Z,2026-05-01T21:54:42Z,1477,True,pimc,DelMaestroGroup/pimc,git@github.com:DelMaestroGroup/pimc.git,24
R_kgDOGfshAg,2021-12-07T13:20:16Z,2026-04-01T13:23:10Z,2026-04-06T17:33:18Z,3682,True,cpp-benchmarking,ssciwr/cpp-benchmarking,git@github.com:ssciwr/cpp-benchmarking.git,10
R_kgDOGfoUjA,2021-12-07T09:33:52Z,2026-03-03T11:13:51Z,2026-03-03T11:12:41Z,307836,True,BloomLib,Flashlight-Games/BloomLib,git@github.com:Flashlight-Games/BloomLib.git,0
R_kgDOGfcRcg,2021-12-06T19:30:47Z,2026-04-26T17:46:27Z,2026-04-26T17:46:22Z,3416,False,wordclock_esp8266,techniccontroller/wordclock_esp8266,git@github.com:techniccontroller/wordclock_esp8266.git,46
R_kgDOGfb7Gg,2021-12-06T19:10:18Z,2026-04-23T15:40:38Z,2026-04-23T16:00:00Z,149,False,lpqtree,StongeEtienne/lpqtree,git@github.com:StongeEtienne/lpqtree.git,4
R_kgDOGfTbzQ,2021-12-06T11:52:22Z,2026-04-30T12:27:05Z,2026-04-30T12:28:38Z,8643,True,zeek-agent-v2,zeek/zeek-agent-v2,git@github.com:zeek/zeek-agent-v2.git,90
R_kgDOGfKgFQ,2021-12-06T02:05:45Z,2026-04-29T17:53:30Z,2026-04-29T17:53:23Z,322469,False,LPP,juanpallotta/LPP,git@github.com:juanpallotta/LPP.git,4
R_kgDOGfI5yA,2021-12-05T23:34:42Z,2026-03-03T21:09:29Z,2026-04-17T15:02:59Z,76936,False,NWengine,Wildric-Auric/NWengine,git@github.com:Wildric-Auric/NWengine.git,31
R_kgDOGfF_PA,2021-12-05T19:18:38Z,2026-04-26T12:31:24Z,2026-04-26T12:31:20Z,1426,True,mx-samba-config,MX-Linux/mx-samba-config,git@github.com:MX-Linux/mx-samba-config.git,2
R_kgDOGfF-wQ,2021-12-05T19:18:08Z,2026-04-29T07:54:17Z,2026-05-06T23:17:16Z,23222,True,epiworld,UofUEpiBio/epiworld,git@github.com:UofUEpiBio/epiworld.git,7
R_kgDOGfFmRA,2021-12-05T18:47:57Z,2026-04-26T09:26:44Z,2026-04-26T09:26:37Z,1079905,False,180th-AC-Armoury,AdamLambert001/180th-AC-Armoury,git@github.com:AdamLambert001/180th-AC-Armoury.git,0
R_kgDOGe4ZPA,2021-12-04T23:53:22Z,2026-05-01T20:13:16Z,2026-04-10T15:19:35Z,1165,False,SubsystemBrowserPlugin,aquanox/SubsystemBrowserPlugin,git@github.com:aquanox/SubsystemBrowserPlugin.git,447
R_kgDOGe1hMw,2021-12-04T19:09:48Z,2026-05-04T18:10:50Z,2026-04-22T16:01:45Z,99808,True,DarkflameServer,DarkflameUniverse/DarkflameServer,git@github.com:DarkflameUniverse/DarkflameServer.git,734
R_kgDOGe0U0Q,2021-12-04T17:37:33Z,2026-03-02T18:55:25Z,2026-04-17T15:27:52Z,67247,True,GuitarAMI,Puara/GuitarAMI,git@github.com:Puara/GuitarAMI.git,3
R_kgDOGevHlA,2021-12-04T11:26:50Z,2026-04-11T12:09:46Z,2026-04-11T12:09:42Z,75,True,SimpleCollections,TcMenu/SimpleCollections,git@github.com:TcMenu/SimpleCollections.git,2
R_kgDOGeu4-g,2021-12-04T11:09:10Z,2026-04-12T18:41:58Z,2026-03-31T17:38:27Z,1030,True,pyoperon,heal-research/pyoperon,git@github.com:heal-research/pyoperon.git,75
R_kgDOGesuQw,2021-12-04T08:07:31Z,2026-04-24T01:28:55Z,2026-03-17T10:19:39Z,802,False,iDebugTool,hazmi-e205/iDebugTool,git@github.com:hazmi-e205/iDebugTool.git,18
R_kgDOGejR-g,2021-12-03T18:01:19Z,2026-03-10T23:11:17Z,2026-03-10T23:11:13Z,56,False,SCD30,ico2k2developer/SCD30,git@github.com:ico2k2developer/SCD30.git,0
R_kgDOGeitIg,2021-12-03T17:26:15Z,2026-04-24T23:26:18Z,2026-04-15T15:42:24Z,1997,False,kauf-rgbww-bulbs,KaufHA/kauf-rgbww-bulbs,git@github.com:KaufHA/kauf-rgbww-bulbs.git,53
R_kgDOGeecXw,2021-12-03T13:38:39Z,2026-04-08T13:00:34Z,2026-04-08T13:00:25Z,14170,True,RF62X-SDK,RIFTEK-LLC/RF62X-SDK,git@github.com:RIFTEK-LLC/RF62X-SDK.git,5
R_kgDOGeeHvA,2021-12-03T13:21:30Z,2026-04-21T14:51:25Z,2026-04-21T14:51:21Z,258,True,gr-rwt,redwiretechnologies/gr-rwt,git@github.com:redwiretechnologies/gr-rwt.git,0
R_kgDOGeeAtA,2021-12-03T13:15:18Z,2026-03-06T15:56:01Z,2026-03-06T16:12:09Z,2064,False,YAGE,michaelxmroz/YAGE,git@github.com:michaelxmroz/YAGE.git,2
R_kgDOGecmyQ,2021-12-03T11:55:22Z,2026-05-05T19:04:14Z,2026-04-04T12:00:04Z,5382,False,Shoggoth,frkngksl/Shoggoth,git@github.com:frkngksl/Shoggoth.git,789
R_kgDOGeavIQ,2021-12-03T10:03:25Z,2026-03-21T09:57:04Z,2026-03-21T09:57:01Z,44,False,chubby-catterpillar,rojuvi/chubby-catterpillar,git@github.com:rojuvi/chubby-catterpillar.git,0
R_kgDOGeXt5Q,2021-12-03T07:06:17Z,2026-05-04T19:48:31Z,2026-05-04T19:48:53Z,6795,False,cp2077-archive-xl,psiberx/cp2077-archive-xl,git@github.com:psiberx/cp2077-archive-xl.git,112
R_kgDOGeNB3A,2021-12-02T18:02:04Z,2026-02-27T06:00:01Z,2026-04-03T22:33:03Z,78533,True,clara-viz,NVIDIA/clara-viz,git@github.com:NVIDIA/clara-viz.git,79
R_kgDOGeLA5A,2021-12-02T16:15:11Z,2026-05-06T05:32:32Z,2026-05-04T19:18:28Z,45263,True,fast-simplification,pyvista/fast-simplification,git@github.com:pyvista/fast-simplification.git,197
R_kgDOGeJDcg,2021-12-02T14:44:30Z,2026-05-01T00:26:51Z,2026-05-01T00:32:10Z,597,True,networking,GMLC-TDC/networking,git@github.com:GMLC-TDC/networking.git,0
R_kgDOGeFeYQ,2021-12-02T11:50:02Z,2026-05-06T00:58:06Z,2026-05-06T00:58:03Z,5612,False,MoodyAPI,moodyhunter/MoodyAPI,git@github.com:moodyhunter/MoodyAPI.git,12
R_kgDOGeDfIQ,2021-12-02T10:00:29Z,2026-04-22T16:01:17Z,2026-04-26T04:35:04Z,1987840,False,Egaroucid,Nyanyan/Egaroucid,git@github.com:Nyanyan/Egaroucid.git,167
R_kgDOGeAC-g,2021-12-02T06:43:30Z,2026-04-30T14:53:47Z,2026-04-30T14:46:29Z,571,False,BAC,rotti123/BAC,git@github.com:rotti123/BAC.git,5
R_kgDOGeAChw,2021-12-02T06:43:06Z,2026-04-29T18:33:46Z,2026-04-21T07:32:31Z,31,True,M5-DLight,m5stack/M5-DLight,git@github.com:m5stack/M5-DLight.git,7
R_kgDOGd_P3A,2021-12-02T05:48:44Z,2026-04-30T18:21:12Z,2026-03-26T01:48:30Z,655,True,vs-mlrt,AmusementClub/vs-mlrt,git@github.com:AmusementClub/vs-mlrt.git,441
R_kgDOGdhyJA,2021-11-30T23:09:58Z,2026-04-21T00:01:40Z,2026-04-21T00:01:42Z,892,False,lidar-projekti,Diapolo10/lidar-projekti,git@github.com:Diapolo10/lidar-projekti.git,0
R_kgDOGdg-Bg,2021-11-30T22:11:20Z,2026-04-01T16:59:22Z,2026-04-01T16:59:20Z,1247,True,libMobility,stochasticHydroTools/libMobility,git@github.com:stochasticHydroTools/libMobility.git,13
R_kgDOGdfUfw,2021-11-30T20:23:43Z,2026-04-14T01:59:39Z,2026-03-10T17:42:25Z,358,True,ink-stroke-modeler,google/ink-stroke-modeler,git@github.com:google/ink-stroke-modeler.git,124
R_kgDOGdHKJw,2021-11-29T19:57:54Z,2026-05-06T01:19:07Z,2026-04-26T05:52:08Z,292,True,sddm-conf,qtilities/sddm-conf,git@github.com:qtilities/sddm-conf.git,32
R_kgDOGdBGPg,2021-11-29T14:43:06Z,2026-03-03T12:18:12Z,2026-03-03T12:18:08Z,695416,False,scoomatic-hoverboard,ll7/scoomatic-hoverboard,git@github.com:ll7/scoomatic-hoverboard.git,2
R_kgDOGc_5iA,2021-11-29T13:48:03Z,2026-04-08T03:46:33Z,2026-04-08T03:46:26Z,41,True,openbmc-proliant-support,HewlettPackard/openbmc-proliant-support,git@github.com:HewlettPackard/openbmc-proliant-support.git,1
R_kgDOGc_nJw,2021-11-29T13:33:49Z,2026-03-06T13:31:22Z,2026-03-06T13:31:35Z,2532,True,ENVILoader,ManiVaultStudio/ENVILoader,git@github.com:ManiVaultStudio/ENVILoader.git,0
R_kgDOGc_Cbw,2021-11-29T13:06:08Z,2026-04-20T11:13:56Z,2026-04-20T11:13:52Z,150,True,garuda-system-maintenance,garuda-linux/garuda-system-maintenance,git@github.com:garuda-linux/garuda-system-maintenance.git,4
R_kgDOGc1D4Q,2021-11-29T02:37:51Z,2026-05-07T08:01:40Z,2026-05-07T08:01:36Z,4477,False,libCat,Cons-Cat/libCat,git@github.com:Cons-Cat/libCat.git,121
R_kgDOGczcRA,2021-11-29T00:10:12Z,2026-05-04T23:34:23Z,2026-04-25T17:07:25Z,142,False,EdiZon-Overlay,proferabg/EdiZon-Overlay,git@github.com:proferabg/EdiZon-Overlay.git,387
R_kgDOGcwH5w,2021-11-28T19:11:16Z,2026-04-18T17:39:57Z,2026-04-18T17:39:53Z,134,False,cxx-lox,DuncanMcBain/cxx-lox,git@github.com:DuncanMcBain/cxx-lox.git,3
R_kgDOGco5lw,2021-11-28T10:40:08Z,2026-04-28T21:08:25Z,2026-03-14T22:59:21Z,19995,False,ledit,liz3/ledit,git@github.com:liz3/ledit.git,283
R_kgDOGcadHQ,2021-11-27T11:50:14Z,2026-05-07T07:22:35Z,2026-05-07T09:17:48Z,41576,True,ddc,CExA-project/ddc,git@github.com:CExA-project/ddc.git,46
R_kgDOGcaCmA,2021-11-27T11:17:02Z,2026-03-22T20:56:57Z,2026-03-22T13:36:06Z,46813,False,bethutil,Guekka/bethutil,git@github.com:Guekka/bethutil.git,6
R_kgDOGcNERw,2021-11-26T15:42:24Z,2026-04-22T20:21:03Z,2026-04-22T20:20:59Z,931,False,Competitive-Programming,AdarshGaur/Competitive-Programming,git@github.com:AdarshGaur/Competitive-Programming.git,5
R_kgDOGcF5ag,2021-11-26T08:44:39Z,2026-03-26T22:12:09Z,2026-03-26T22:11:58Z,21005,True,tads-runner,tads-intfic/tads-runner,git@github.com:tads-intfic/tads-runner.git,6
R_kgDOGcFzsQ,2021-11-26T08:38:56Z,2026-03-12T08:48:00Z,2026-03-12T08:47:54Z,970,True,PluginExample,sofa-framework/PluginExample,git@github.com:sofa-framework/PluginExample.git,0
R_kgDOGb-f_g,2021-11-25T22:09:54Z,2026-05-06T12:30:40Z,2026-05-07T04:45:22Z,1222,True,TransferBench,ROCm/TransferBench,git@github.com:ROCm/TransferBench.git,67
R_kgDOGb-Teg,2021-11-25T21:52:16Z,2026-05-01T10:00:06Z,2026-05-01T10:56:18Z,189069,False,dwarf-engine,CtrlAltNino/dwarf-engine,git@github.com:CtrlAltNino/dwarf-engine.git,7
R_kgDOGb3FHg,2021-11-25T14:05:34Z,2026-05-03T15:04:37Z,2026-04-08T19:25:48Z,8506,True,New-Cli-Installer,CachyOS/New-Cli-Installer,git@github.com:CachyOS/New-Cli-Installer.git,124
R_kgDOGb0ztQ,2021-11-25T12:02:35Z,2026-05-05T15:00:07Z,2026-03-24T12:34:48Z,20112,False,mmx-node,madMAx43v3r/mmx-node,git@github.com:madMAx43v3r/mmx-node.git,188
R_kgDOGb0mTw,2021-11-25T11:50:51Z,2026-05-02T17:34:24Z,2026-05-02T17:34:20Z,11496,False,projectA,cuberhaus/projectA,git@github.com:cuberhaus/projectA.git,1
R_kgDOGbxU2w,2021-11-25T08:44:15Z,2026-04-29T20:09:56Z,2026-03-12T04:04:09Z,88135,False,flutter_window_close,zonble/flutter_window_close,git@github.com:zonble/flutter_window_close.git,49
R_kgDOGbwC6A,2021-11-25T07:26:55Z,2026-03-30T09:50:36Z,2026-03-30T09:50:31Z,34368,False,CS-Resources,avipars/CS-Resources,git@github.com:avipars/CS-Resources.git,5
R_kgDOGbuj8w,2021-11-25T05:42:42Z,2026-05-06T05:45:38Z,2026-05-06T05:45:37Z,98836,True,confidential-computing-zoo,intel/confidential-computing-zoo,git@github.com:intel/confidential-computing-zoo.git,354
R_kgDOGbjDJQ,2021-11-24T15:37:59Z,2026-04-24T18:46:38Z,2026-05-04T19:40:27Z,507863,True,device_google_gs101,CalyxOS/device_google_gs101,git@github.com:CalyxOS/device_google_gs101.git,0
R_kgDOGbjDHA,2021-11-24T15:37:57Z,2026-03-20T14:58:21Z,2026-04-27T09:33:35Z,333257,True,device_google_gs-common,CalyxOS/device_google_gs-common,git@github.com:CalyxOS/device_google_gs-common.git,0
R_kgDOGbhn2w,2021-11-24T14:29:34Z,2026-03-10T01:49:01Z,2026-03-10T01:48:54Z,214162,False,toppic-suite,toppic-suite/toppic-suite,git@github.com:toppic-suite/toppic-suite.git,14
R_kgDOGbdkdw,2021-11-24T10:57:46Z,2026-04-27T10:08:16Z,2026-04-21T21:44:31Z,4006,True,alphafill,PDB-REDO/alphafill,git@github.com:PDB-REDO/alphafill.git,117
R_kgDOGbXelQ,2021-11-24T04:44:31Z,2026-05-06T12:07:01Z,2026-05-06T12:06:57Z,4895,True,sentinel,shift-left-test/sentinel,git@github.com:shift-left-test/sentinel.git,6
R_kgDOGbUkvg,2021-11-24T00:53:28Z,2026-05-07T10:37:39Z,2026-05-07T10:17:53Z,9135,True,communication_netstack,openharmony/communication_netstack,git@github.com:openharmony/communication_netstack.git,0
R_kgDOGbUkKw,2021-11-24T00:52:40Z,2026-05-07T06:06:31Z,2026-05-04T01:57:54Z,38536,True,third_party_nghttp2,openharmony/third_party_nghttp2,git@github.com:openharmony/third_party_nghttp2.git,0
R_kgDOGbKcwg,2021-11-23T14:39:14Z,2026-04-07T06:16:16Z,2026-04-07T06:16:07Z,64,True,ksnip-plugin-ocr,ksnip/ksnip-plugin-ocr,git@github.com:ksnip/ksnip-plugin-ocr.git,15
R_kgDOGbKE2w,2021-11-23T14:22:05Z,2026-05-06T09:30:25Z,2026-03-08T17:49:48Z,1282,True,zasm,zyantific/zasm,git@github.com:zyantific/zasm.git,428
R_kgDOGa_dAQ,2021-11-23T04:16:04Z,2026-04-07T18:36:49Z,2026-04-23T22:41:02Z,16779,True,HCE.DRP,HaloSPV3/HCE.DRP,git@github.com:HaloSPV3/HCE.DRP.git,7
R_kgDOGa4-0g,2021-11-22T20:07:33Z,2026-03-16T21:54:44Z,2026-03-16T21:54:40Z,4,False,simple_arduino_timer,shaddyx/simple_arduino_timer,git@github.com:shaddyx/simple_arduino_timer.git,0
R_kgDOGa3qMg,2021-11-22T18:49:57Z,2026-04-24T21:07:29Z,2026-04-24T21:07:24Z,3095,True,android_device_nubia_TP1803,LineageOS/android_device_nubia_TP1803,git@github.com:LineageOS/android_device_nubia_TP1803.git,1
R_kgDOGaqu9w,2021-11-22T08:07:55Z,2026-03-19T17:21:44Z,2026-03-19T17:21:38Z,306770,False,enve,StoccoDavide/enve,git@github.com:StoccoDavide/enve.git,2
R_kgDOGaouDQ,2021-11-22T06:06:45Z,2026-05-07T10:06:57Z,2026-05-07T10:06:53Z,3059,False,northport,DeanoBurrito/northport,git@github.com:DeanoBurrito/northport.git,98
R_kgDOGanH5A,2021-11-22T04:03:17Z,2026-04-30T08:12:28Z,2026-03-16T12:37:22Z,1830,False,dwrite-hlsl,lhecker/dwrite-hlsl,git@github.com:lhecker/dwrite-hlsl.git,48
R_kgDOGacxZw,2021-11-21T14:21:37Z,2026-04-20T12:08:43Z,2026-04-20T12:08:46Z,200,False,editdistpy,mammothb/editdistpy,git@github.com:mammothb/editdistpy.git,25
R_kgDOGacifg,2021-11-21T14:06:30Z,2026-03-03T14:47:00Z,2026-04-23T16:24:54Z,1790,True,CASMcode_configuration,prisms-center/CASMcode_configuration,git@github.com:prisms-center/CASMcode_configuration.git,0
R_kgDOGaWEtQ,2021-11-21T05:03:17Z,2026-04-22T03:47:53Z,2026-04-14T08:48:14Z,35212,True,Plasma,Dimethoxy/Plasma,git@github.com:Dimethoxy/Plasma.git,99
R_kgDOGaWEkA,2021-11-21T05:03:01Z,2026-04-17T11:26:35Z,2026-04-17T18:17:12Z,66929,False,Civ5-Patch,catscatsforever/Civ5-Patch,git@github.com:catscatsforever/Civ5-Patch.git,5
R_kgDOGaMqHQ,2021-11-20T14:23:46Z,2026-04-28T20:41:56Z,2026-04-28T20:43:15Z,6628,False,kumi,jfalcou/kumi,git@github.com:jfalcou/kumi.git,57
R_kgDOGaKUag,2021-11-20T11:33:13Z,2026-03-11T05:42:59Z,2026-03-11T05:43:15Z,116377,False,Displaced-Decay-Counter,wzeren/Displaced-Decay-Counter,git@github.com:wzeren/Displaced-Decay-Counter.git,5
R_kgDOGaGbfg,2021-11-20T05:55:19Z,2026-05-01T14:38:45Z,2026-05-01T14:38:42Z,38225,False,espcomponents,eigger/espcomponents,git@github.com:eigger/espcomponents.git,54
R_kgDOGaD_Tg,2021-11-20T01:38:06Z,2026-03-20T20:05:48Z,2026-03-20T20:05:44Z,283,False,edict,alexraymond/edict,git@github.com:alexraymond/edict.git,0
R_kgDOGaBjlw,2021-11-19T21:42:22Z,2026-03-12T03:49:40Z,2026-03-12T03:49:35Z,67776,False,flutter_platform_alert,zonble/flutter_platform_alert,git@github.com:zonble/flutter_platform_alert.git,78
R_kgDOGZ-Uaw,2021-11-19T17:54:49Z,2026-04-23T07:55:10Z,2026-04-23T07:55:30Z,48551,True,BeamAdapter,sofa-framework/BeamAdapter,git@github.com:sofa-framework/BeamAdapter.git,30
R_kgDOGZ9iZw,2021-11-19T17:06:47Z,2026-04-01T08:01:31Z,2026-03-15T16:53:53Z,81812,True,brawlback-asm,Brawlback-Team/brawlback-asm,git@github.com:Brawlback-Team/brawlback-asm.git,29
R_kgDOGZ6iJQ,2021-11-19T14:28:53Z,2026-03-05T12:42:20Z,2026-03-05T12:42:15Z,18423,False,LR-BCD,ValDurante/LR-BCD,git@github.com:ValDurante/LR-BCD.git,3
R_kgDOGZ5tHA,2021-11-19T13:46:52Z,2026-05-07T02:41:30Z,2026-05-07T07:41:04Z,3071,False,glim,koide3/glim,git@github.com:koide3/glim.git,1573
R_kgDOGZ0Brw,2021-11-19T08:18:21Z,2026-03-06T12:41:25Z,2026-03-06T12:41:20Z,15888,True,Display-38mm-TLC59116-I2C,LaskaKit/Display-38mm-TLC59116-I2C,git@github.com:LaskaKit/Display-38mm-TLC59116-I2C.git,1
R_kgDOGZz0Ug,2021-11-19T08:05:43Z,2026-05-05T08:31:08Z,2026-04-29T03:51:37Z,2930,True,mount-zip,google/mount-zip,git@github.com:google/mount-zip.git,236
R_kgDOGZv54A,2021-11-19T03:03:08Z,2026-05-07T10:50:21Z,2026-05-07T10:50:16Z,70297,True,autoware_core,autowarefoundation/autoware_core,git@github.com:autowarefoundation/autoware_core.git,167
R_kgDOGZv2oA,2021-11-19T02:59:37Z,2026-05-07T10:44:40Z,2026-05-07T10:44:35Z,424907,True,autoware_universe,autowarefoundation/autoware_universe,git@github.com:autowarefoundation/autoware_universe.git,1617
R_kgDOGZtSOg,2021-11-18T23:27:38Z,2026-05-02T19:04:28Z,2026-05-04T03:28:33Z,152829,True,aimbots-dev,TAMU-Robomasters/aimbots-dev,git@github.com:TAMU-Robomasters/aimbots-dev.git,37
R_kgDOGZtKBg,2021-11-18T23:16:22Z,2026-04-28T22:22:36Z,2026-04-28T22:22:34Z,208,False,ukkonen,asottile/ukkonen,git@github.com:asottile/ukkonen.git,18
R_kgDOGZtDww,2021-11-18T23:07:46Z,2026-05-06T10:24:31Z,2026-05-03T21:14:10Z,256,False,camera_ros,christianrauch/camera_ros,git@github.com:christianrauch/camera_ros.git,160
R_kgDOGZmORQ,2021-11-18T16:05:03Z,2026-03-04T18:30:57Z,2026-03-04T18:30:43Z,1502,False,webserver,CurlyMoo/webserver,git@github.com:CurlyMoo/webserver.git,3
R_kgDOGZg_Vw,2021-11-18T11:45:20Z,2026-03-31T17:19:28Z,2026-03-31T17:19:31Z,1823,True,sharg-parser,seqan/sharg-parser,git@github.com:seqan/sharg-parser.git,11
R_kgDOGZWs8A,2021-11-18T00:07:42Z,2026-04-13T23:43:41Z,2026-04-13T23:43:36Z,21457,True,proto,applied-numerical-algorithms-group-lbnl/proto,git@github.com:applied-numerical-algorithms-group-lbnl/proto.git,9
R_kgDOGY_7gw,2021-11-17T01:13:08Z,2026-04-03T17:33:32Z,2026-04-21T15:48:57Z,7881,False,narf,bendavid/narf,git@github.com:bendavid/narf.git,5
R_kgDOGY-Qlg,2021-11-16T22:55:32Z,2026-04-16T07:55:15Z,2026-04-16T11:34:43Z,79466,True,erlang-rocksdb,emqx/erlang-rocksdb,git@github.com:emqx/erlang-rocksdb.git,23
R_kgDOGY0uwQ,2021-11-16T14:14:50Z,2026-05-03T10:20:47Z,2026-05-03T10:20:43Z,1999,False,E220Lib,ConnorKirkpatrick/E220Lib,git@github.com:ConnorKirkpatrick/E220Lib.git,14
R_kgDOGY0Xwg,2021-11-16T13:58:36Z,2026-04-24T11:22:22Z,2026-04-24T11:22:18Z,81,True,mod_mapnik_wms,geofabrik/mod_mapnik_wms,git@github.com:geofabrik/mod_mapnik_wms.git,1
R_kgDOGYytmw,2021-11-16T12:39:43Z,2026-05-04T20:52:34Z,2026-03-03T11:01:55Z,1985,True,smartmicro_ros2_radars,smartmicro/smartmicro_ros2_radars,git@github.com:smartmicro/smartmicro_ros2_radars.git,53
R_kgDOGYxWAg,2021-11-16T11:25:22Z,2026-04-23T11:53:56Z,2026-04-16T14:21:54Z,152,True,snapshotter,cellumation/snapshotter,git@github.com:cellumation/snapshotter.git,10
R_kgDOGYu3Vg,2021-11-16T09:08:40Z,2026-04-30T16:56:24Z,2026-04-30T16:57:31Z,19573,True,power-overwhelming,UniStuttgart-VISUS/power-overwhelming,git@github.com:UniStuttgart-VISUS/power-overwhelming.git,4
R_kgDOGYujEg,2021-11-16T08:51:12Z,2026-03-12T09:19:25Z,2026-03-12T09:19:19Z,436,True,ThunderLibraries,WebPlatformForEmbedded/ThunderLibraries,git@github.com:WebPlatformForEmbedded/ThunderLibraries.git,0
R_kgDOGYoFDQ,2021-11-16T01:22:08Z,2026-03-20T18:59:56Z,2026-03-20T18:59:52Z,166,False,FindAll,ThornyFFXI/FindAll,git@github.com:ThornyFFXI/FindAll.git,9
R_kgDOGYjrmA,2021-11-15T19:57:44Z,2026-05-07T08:00:38Z,2026-04-28T13:14:42Z,47751,False,ProtogenHelmet-ESP32,NCPlyn/ProtogenHelmet-ESP32,git@github.com:NCPlyn/ProtogenHelmet-ESP32.git,82
R_kgDOGYdg8Q,2021-11-15T14:45:01Z,2026-05-05T08:42:11Z,2026-05-05T08:42:07Z,69,False,QuDrip,LiJ21/QuDrip,git@github.com:LiJ21/QuDrip.git,0
R_kgDOGYb-OA,2021-11-15T13:34:54Z,2026-03-12T15:33:34Z,2026-03-12T15:33:28Z,14434,True,CIL,XploreX/CIL,git@github.com:XploreX/CIL.git,0
R_kgDOGYbNEw,2021-11-15T12:58:50Z,2026-03-19T17:48:25Z,2026-03-19T17:48:22Z,5759,True,Lickport,ShulzLab/Lickport,git@github.com:ShulzLab/Lickport.git,0
R_kgDOGYaUrw,2021-11-15T12:15:23Z,2026-04-30T23:57:32Z,2026-04-29T07:10:01Z,118650,True,xpumanager,intel/xpumanager,git@github.com:intel/xpumanager.git,165
R_kgDOGYSNdg,2021-11-15T04:02:27Z,2026-04-25T00:28:20Z,2026-04-25T00:28:14Z,803,False,ggpo_steamapi,metal-crow/ggpo_steamapi,git@github.com:metal-crow/ggpo_steamapi.git,1
R_kgDOGYMyIw,2021-11-14T20:02:04Z,2026-04-29T07:07:29Z,2026-04-08T01:06:32Z,4191,True,MsRdpEx,Devolutions/MsRdpEx,git@github.com:Devolutions/MsRdpEx.git,279
R_kgDOGYJwQw,2021-11-14T16:21:26Z,2026-04-21T22:19:20Z,2026-04-21T22:19:17Z,358,False,restream,Mr-Dave/restream,git@github.com:Mr-Dave/restream.git,1
R_kgDOGYAJFQ,2021-11-14T02:43:05Z,2026-04-14T07:55:12Z,2026-03-30T17:06:45Z,5822,False,pynear,pablocael/pynear,git@github.com:pablocael/pynear.git,28
R_kgDOGX_vhQ,2021-11-14T01:55:33Z,2026-05-04T04:01:59Z,2026-05-04T20:56:20Z,830012,False,eCAV,tlandle/eCAV,git@github.com:tlandle/eCAV.git,9
R_kgDOGX65Og,2021-11-13T17:54:02Z,2026-03-22T17:33:34Z,2026-03-22T17:33:28Z,65822,True,cpp_codes,oasis63/cpp_codes,git@github.com:oasis63/cpp_codes.git,1
R_kgDOGX5x_A,2021-11-13T16:32:59Z,2026-05-04T14:20:58Z,2026-05-04T14:19:29Z,439,True,hardware_xiaomi,VoltageOS/hardware_xiaomi,git@github.com:VoltageOS/hardware_xiaomi.git,0
R_kgDOGXylCg,2021-11-13T07:34:41Z,2026-04-23T21:25:18Z,2026-03-12T10:31:19Z,89129,False,OpenDRIVE,brifsttar/OpenDRIVE,git@github.com:brifsttar/OpenDRIVE.git,213
R_kgDOGXpM8Q,2021-11-12T17:35:45Z,2026-04-22T17:25:46Z,2026-04-22T17:25:42Z,11353,True,Soup,calamity-inc/Soup,git@github.com:calamity-inc/Soup.git,43
R_kgDOGXn_rA,2021-11-12T16:27:41Z,2026-03-20T04:46:39Z,2026-03-20T04:46:35Z,428,False,qml-video-rs,AdrianEddy/qml-video-rs,git@github.com:AdrianEddy/qml-video-rs.git,18
R_kgDOGXnGqw,2021-11-12T15:39:07Z,2026-04-13T19:23:53Z,2026-04-13T19:23:47Z,3997,False,growatt2mqtt,nygma2004/growatt2mqtt,git@github.com:nygma2004/growatt2mqtt.git,180
R_kgDOGXmWGQ,2021-11-12T15:00:44Z,2026-05-01T11:29:54Z,2026-05-01T11:29:50Z,18266,False,cam-ts3,CamNMRService/cam-ts3,git@github.com:CamNMRService/cam-ts3.git,0
R_kgDOGXmQaA,2021-11-12T14:56:33Z,2026-04-28T18:43:27Z,2026-05-01T14:20:35Z,349971,True,mirte-ros-packages,mirte-robot/mirte-ros-packages,git@github.com:mirte-robot/mirte-ros-packages.git,6
R_kgDOGXUPcw,2021-11-11T18:24:15Z,2026-05-07T10:24:25Z,2026-04-22T10:07:12Z,4820,True,react-native-worklets-core,margelo/react-native-worklets-core,git@github.com:margelo/react-native-worklets-core.git,782
R_kgDOGXQrWQ,2021-11-11T15:08:02Z,2026-05-07T09:03:38Z,2026-05-07T09:04:26Z,50763,False,TeeGrid,janscience/TeeGrid,git@github.com:janscience/TeeGrid.git,0
R_kgDOGXOklw,2021-11-11T13:22:01Z,2026-04-21T21:27:16Z,2026-05-06T18:27:26Z,8480,True,IoD_Sim,telematics-lab/IoD_Sim,git@github.com:telematics-lab/IoD_Sim.git,41
R_kgDOGXIOPA,2021-11-11T07:12:51Z,2026-05-07T02:48:07Z,2026-05-07T02:52:56Z,4449,True,milvus-sdk-cpp,milvus-io/milvus-sdk-cpp,git@github.com:milvus-io/milvus-sdk-cpp.git,54
R_kgDOGXHtPQ,2021-11-11T06:36:18Z,2026-04-13T01:39:44Z,2026-04-13T01:39:41Z,1320,True,Chronos,ThinBridge/Chronos,git@github.com:ThinBridge/Chronos.git,5
R_kgDOGXEwoQ,2021-11-11T02:41:46Z,2026-05-05T02:24:59Z,2026-05-05T02:45:58Z,1993686,False,Conquest-Enhanced-Mod,jerryweb/Conquest-Enhanced-Mod,git@github.com:jerryweb/Conquest-Enhanced-Mod.git,2
R_kgDOGXCxuQ,2021-11-11T00:03:16Z,2026-04-28T12:01:45Z,2026-04-28T12:01:39Z,1983,True,flightsql-odbc,dremio/flightsql-odbc,git@github.com:dremio/flightsql-odbc.git,15
R_kgDOGXCsKw,2021-11-10T23:55:35Z,2026-04-30T19:18:27Z,2026-04-30T19:18:22Z,10089,False,HemmTree,NextGenTechBar/HemmTree,git@github.com:NextGenTechBar/HemmTree.git,2
R_kgDOGXBJAA,2021-11-10T21:54:56Z,2026-04-18T15:18:25Z,2026-03-04T00:52:31Z,929,False,plugincollider,asb2m10/plugincollider,git@github.com:asb2m10/plugincollider.git,131
R_kgDOGXAWTQ,2021-11-10T21:04:33Z,2026-03-16T13:04:37Z,2026-03-16T13:04:32Z,436,True,rviz_birdeye_display,teamspatzenhirn/rviz_birdeye_display,git@github.com:teamspatzenhirn/rviz_birdeye_display.git,23
R_kgDOGW-FsA,2021-11-10T18:49:03Z,2026-03-19T08:54:27Z,2026-03-19T08:56:36Z,455,True,tool_description_lib,deNBI-cibi/tool_description_lib,git@github.com:deNBI-cibi/tool_description_lib.git,2
R_kgDOGW9gIw,2021-11-10T18:15:51Z,2026-04-19T02:16:57Z,2026-04-16T17:41:06Z,863,True,CabanaPD,ORNL/CabanaPD,git@github.com:ORNL/CabanaPD.git,34
R_kgDOGW6zYw,2021-11-10T15:57:27Z,2026-05-02T16:01:07Z,2026-04-30T16:54:16Z,385136,True,SWaP-Constrained-UAV-deployable-Water-Level-Sensor,ARTS-Laboratory/SWaP-Constrained-UAV-deployable-Water-Level-Sensor,git@github.com:ARTS-Laboratory/SWaP-Constrained-UAV-deployable-Water-Level-Sensor.git,3
R_kgDOGW03hQ,2021-11-10T11:01:14Z,2026-05-05T10:23:06Z,2026-05-05T10:23:02Z,1471,True,xfce4-docklike-plugin,xfce-mirror/xfce4-docklike-plugin,git@github.com:xfce-mirror/xfce4-docklike-plugin.git,9
R_kgDOGWxwaA,2021-11-10T08:11:36Z,2026-04-18T19:42:31Z,2026-04-18T19:42:26Z,29275,False,tiny-cuda-nn,wilsonCernWq/tiny-cuda-nn,git@github.com:wilsonCernWq/tiny-cuda-nn.git,0
R_kgDOGWc8Cg,2021-11-09T11:05:47Z,2026-03-04T18:51:19Z,2026-03-04T18:49:20Z,18227,True,SCRaytrace,USNavalResearchLaboratory/SCRaytrace,git@github.com:USNavalResearchLaboratory/SCRaytrace.git,3
R_kgDOGWcgxA,2021-11-09T10:41:55Z,2026-05-02T22:31:40Z,2026-05-02T11:16:30Z,248,False,untrunc,LiuGuanwei77/untrunc,git@github.com:LiuGuanwei77/untrunc.git,10
R_kgDOGWTsPQ,2021-11-09T00:59:07Z,2026-05-04T23:48:06Z,2026-03-07T22:21:11Z,50342,False,sly1,TheOnlyZac/sly1,git@github.com:TheOnlyZac/sly1.git,204
R_kgDOGWMj6w,2021-11-08T17:15:01Z,2026-03-02T19:13:28Z,2026-04-14T12:25:27Z,141,True,nymea-experience-plugin-energy,nymea/nymea-experience-plugin-energy,git@github.com:nymea/nymea-experience-plugin-energy.git,0
R_kgDOGWKfqw,2021-11-08T15:34:13Z,2026-04-30T01:35:18Z,2026-04-02T17:12:21Z,84,True,aws-gateway-load-balancer-tunnel-handler,aws-samples/aws-gateway-load-balancer-tunnel-handler,git@github.com:aws-samples/aws-gateway-load-balancer-tunnel-handler.git,50
R_kgDOGWJPsw,2021-11-08T14:37:42Z,2026-03-12T14:12:52Z,2026-05-04T06:27:45Z,67049,True,xs,BredaUniversityGames/xs,git@github.com:BredaUniversityGames/xs.git,9
R_kgDOGWD29Q,2021-11-08T10:03:26Z,2026-05-07T06:19:27Z,2026-04-27T03:30:53Z,41993,True,loongcollector,alibaba/loongcollector,git@github.com:alibaba/loongcollector.git,2133
R_kgDOGV7zJw,2021-11-08T00:42:21Z,2026-04-20T14:56:13Z,2026-04-20T14:55:32Z,976,False,MachineDemoLib,charles-owen/MachineDemoLib,git@github.com:charles-owen/MachineDemoLib.git,0
R_kgDOGV6stg,2021-11-07T22:52:11Z,2026-03-27T00:47:41Z,2026-03-23T12:36:16Z,1650,False,susquash,Mrugalla/susquash,git@github.com:Mrugalla/susquash.git,13
R_kgDOGV44bQ,2021-11-07T20:10:53Z,2026-04-18T10:54:07Z,2026-04-18T10:54:03Z,313088,False,virtual-rock-galactic,NicolasAubinet/virtual-rock-galactic,git@github.com:NicolasAubinet/virtual-rock-galactic.git,28
R_kgDOGVr2Kw,2021-11-07T02:02:44Z,2026-05-06T22:41:10Z,2026-05-06T22:41:06Z,1176,False,esphome_components,hencou/esphome_components,git@github.com:hencou/esphome_components.git,38
R_kgDOGVmeaw,2021-11-06T17:18:03Z,2026-04-25T06:02:31Z,2026-04-25T06:02:39Z,136,True,hif,masc-ucsc/hif,git@github.com:masc-ucsc/hif.git,10
R_kgDOGVlH7g,2021-11-06T15:40:23Z,2026-04-21T14:05:47Z,2026-04-17T19:04:20Z,116393,True,alpaqa,kul-optec/alpaqa,git@github.com:kul-optec/alpaqa.git,89
R_kgDOGViFJA,2021-11-06T11:54:35Z,2026-04-30T08:14:58Z,2026-04-30T08:14:53Z,1356,True,covfie,acts-project/covfie,git@github.com:acts-project/covfie.git,17
R_kgDOGVX4Dw,2021-11-05T19:36:15Z,2026-04-23T15:42:31Z,2026-04-23T15:42:26Z,39667,True,FerroX,AMReX-Microelectronics/FerroX,git@github.com:AMReX-Microelectronics/FerroX.git,33
R_kgDOGVQ92w,2021-11-05T13:06:31Z,2026-04-04T21:23:34Z,2026-04-04T21:23:29Z,235,False,Cpl,ermig1979/Cpl,git@github.com:ermig1979/Cpl.git,2
R_kgDOGVQkAw,2021-11-05T12:42:42Z,2026-04-29T14:09:43Z,2026-04-29T15:43:34Z,494,True,cudawrappers,nlesc-recruit/cudawrappers,git@github.com:nlesc-recruit/cudawrappers.git,10
R_kgDOGVERdw,2021-11-04T21:20:41Z,2026-05-01T03:05:29Z,2026-05-01T03:46:39Z,35595,True,isaac_ros_image_segmentation,NVIDIA-ISAAC-ROS/isaac_ros_image_segmentation,git@github.com:NVIDIA-ISAAC-ROS/isaac_ros_image_segmentation.git,118
R_kgDOGVD9-A,2021-11-04T20:58:24Z,2026-05-07T07:36:25Z,2026-05-01T03:46:48Z,951,True,isaac_ros_pose_estimation,NVIDIA-ISAAC-ROS/isaac_ros_pose_estimation,git@github.com:NVIDIA-ISAAC-ROS/isaac_ros_pose_estimation.git,441
R_kgDOGU_tcg,2021-11-04T16:42:15Z,2026-04-05T17:14:59Z,2026-04-05T17:14:52Z,831,True,SnakeEye,X-dea/SnakeEye,git@github.com:X-dea/SnakeEye.git,1
R_kgDOGU7Ibg,2021-11-04T12:49:20Z,2026-04-10T00:25:43Z,2026-05-07T09:59:51Z,8758,True,OpenGeode-Inspector,Geode-solutions/OpenGeode-Inspector,git@github.com:Geode-solutions/OpenGeode-Inspector.git,10
R_kgDOGU659w,2021-11-04T12:36:55Z,2026-04-03T06:28:13Z,2026-04-03T06:28:04Z,55574,False,osh,ninjachris81/osh,git@github.com:ninjachris81/osh.git,2
R_kgDOGUy5ag,2021-11-04T03:20:11Z,2026-04-15T12:37:55Z,2026-04-15T12:37:50Z,692,True,qlcal-r,qlcal/qlcal-r,git@github.com:qlcal/qlcal-r.git,9
R_kgDOGUxrSA,2021-11-04T01:46:39Z,2026-05-02T17:36:01Z,2026-04-18T08:54:56Z,18568,False,Competitive-Programming,om-ashish-soni/Competitive-Programming,git@github.com:om-ashish-soni/Competitive-Programming.git,110
R_kgDOGUvMQw,2021-11-03T22:23:35Z,2026-05-05T23:25:30Z,2026-05-05T23:30:28Z,44159,True,aktualizr,toradex/aktualizr,git@github.com:toradex/aktualizr.git,7
R_kgDOGUtjsA,2021-11-03T20:30:04Z,2026-05-05T02:51:31Z,2026-05-05T02:51:27Z,124682,False,opentoonz-eva,GabrielCambe/opentoonz-eva,git@github.com:GabrielCambe/opentoonz-eva.git,0
R_kgDOGUa0GA,2021-11-03T02:17:50Z,2026-05-07T08:27:24Z,2026-05-07T08:27:20Z,19385,False,Maduino-Zero-4G-LTE,Makerfabs/Maduino-Zero-4G-LTE,git@github.com:Makerfabs/Maduino-Zero-4G-LTE.git,32
R_kgDOGUVCzQ,2021-11-02T19:14:34Z,2026-04-29T22:30:14Z,2026-04-29T22:30:10Z,7449,True,soca,JCSDA/soca,git@github.com:JCSDA/soca.git,7
R_kgDOGURQQw,2021-11-02T15:54:21Z,2026-04-02T21:10:44Z,2026-04-30T03:15:54Z,1279,True,fdreadoutlibs,DUNE-DAQ/fdreadoutlibs,git@github.com:DUNE-DAQ/fdreadoutlibs.git,0
R_kgDOGT_ysQ,2021-11-01T21:28:13Z,2026-05-03T06:27:50Z,2026-04-10T20:47:25Z,60872,False,satisfactory-3d-map,moritz-h/satisfactory-3d-map,git@github.com:moritz-h/satisfactory-3d-map.git,48
R_kgDOGT95Iw,2021-11-01T19:26:01Z,2026-05-06T12:40:42Z,2026-05-05T01:02:56Z,301,True,jax-finufft,flatironinstitute/jax-finufft,git@github.com:flatironinstitute/jax-finufft.git,130
R_kgDOGT3Zag,2021-11-01T13:53:38Z,2026-05-05T14:51:40Z,2026-05-05T14:50:46Z,3850,True,movie-player,wamsoft/movie-player,git@github.com:wamsoft/movie-player.git,0
R_kgDOGT1Qvw,2021-11-01T12:00:10Z,2026-05-06T18:35:45Z,2026-05-06T18:36:56Z,66470,True,AUSAXS,AUSAXS/AUSAXS,git@github.com:AUSAXS/AUSAXS.git,7
R_kgDOGTtvvQ,2021-11-01T03:29:12Z,2026-04-23T03:22:01Z,2026-04-23T03:25:49Z,801,False,xbdm_gdb_bridge,abaire/xbdm_gdb_bridge,git@github.com:abaire/xbdm_gdb_bridge.git,16
R_kgDOGTcWCg,2021-10-31T03:08:18Z,2026-05-03T11:09:29Z,2026-04-20T15:26:35Z,42879,True,SVIn,AutonomousFieldRoboticsLab/SVIn,git@github.com:AutonomousFieldRoboticsLab/SVIn.git,167
R_kgDOGTa9YA,2021-10-31T00:17:17Z,2026-04-17T08:14:12Z,2026-04-08T05:31:49Z,44189,False,ESPySpa,wayne-love/ESPySpa,git@github.com:wayne-love/ESPySpa.git,16
R_kgDOGTa0LA,2021-10-30T23:59:38Z,2026-03-19T15:15:19Z,2026-03-19T15:12:43Z,51,False,esphome-standing-desk,tjhorner/esphome-standing-desk,git@github.com:tjhorner/esphome-standing-desk.git,84
R_kgDOGTaKhQ,2021-10-30T22:37:31Z,2026-04-16T03:35:27Z,2026-04-25T03:25:15Z,3786,True,wrenfold,wrenfold/wrenfold,git@github.com:wrenfold/wrenfold.git,75
R_kgDOGTVU6w,2021-10-30T15:56:21Z,2026-05-01T15:28:55Z,2026-05-01T15:28:51Z,11,False,arduino,andreaak/arduino,git@github.com:andreaak/arduino.git,0
R_kgDOGTUj7w,2021-10-30T15:04:19Z,2026-05-03T16:38:11Z,2026-04-30T18:22:28Z,41470,True,MillenniumDB,MillenniumDB/MillenniumDB,git@github.com:MillenniumDB/MillenniumDB.git,258
R_kgDOGTTmVA,2021-10-30T14:02:37Z,2026-03-23T13:42:53Z,2026-04-08T12:44:14Z,31030,True,ADP8,MockaSort-Studio/ADP8,git@github.com:MockaSort-Studio/ADP8.git,3
R_kgDOGTBz1A,2021-10-29T14:28:32Z,2026-04-30T00:55:26Z,2026-04-30T00:55:22Z,6151,True,ANARI-SDK,KhronosGroup/ANARI-SDK,git@github.com:KhronosGroup/ANARI-SDK.git,287
R_kgDOGSw9uQ,2021-10-28T19:23:38Z,2026-05-06T22:54:24Z,2026-05-06T22:57:22Z,594202,False,NP3_MS_Workflow,danielatrivella/NP3_MS_Workflow,git@github.com:danielatrivella/NP3_MS_Workflow.git,15
R_kgDOGStnDQ,2021-10-28T16:20:26Z,2026-05-06T17:23:30Z,2026-05-06T17:23:25Z,4315,True,Swirl,SwirlLang/Swirl,git@github.com:SwirlLang/Swirl.git,17
R_kgDOGSrI2A,2021-10-28T14:22:55Z,2026-05-05T16:12:20Z,2026-05-07T11:33:38Z,276168,False,rodin,cbritopacheco/rodin,git@github.com:cbritopacheco/rodin.git,53
R_kgDOGSq1xw,2021-10-28T14:09:25Z,2026-04-16T04:36:22Z,2026-04-16T04:36:17Z,40,False,rosbag2_composable_recorder,berndpfrommer/rosbag2_composable_recorder,git@github.com:berndpfrommer/rosbag2_composable_recorder.git,17
R_kgDOGSqrWQ,2021-10-28T14:01:53Z,2026-04-21T21:35:42Z,2026-04-21T21:35:38Z,78,False,minilog,corporateshark/minilog,git@github.com:corporateshark/minilog.git,34
R_kgDOGSqNyg,2021-10-28T13:40:07Z,2026-04-30T17:46:06Z,2026-05-06T09:33:49Z,1313,True,estoraged,openbmc/estoraged,git@github.com:openbmc/estoraged.git,2
R_kgDOGSkfBA,2021-10-28T08:30:34Z,2026-05-07T07:18:29Z,2026-05-07T07:18:25Z,363,False,leetcode,lpapp/leetcode,git@github.com:lpapp/leetcode.git,0
R_kgDOGSj9qg,2021-10-28T08:02:38Z,2026-05-06T08:40:10Z,2026-05-06T09:08:05Z,23776,True,qtpositioning,qt/qtpositioning,git@github.com:qt/qtpositioning.git,10
R_kgDOGShRSQ,2021-10-28T05:11:49Z,2026-03-03T17:22:05Z,2026-04-08T20:36:29Z,1771,True,CASMcode_clexmonte,prisms-center/CASMcode_clexmonte,git@github.com:prisms-center/CASMcode_clexmonte.git,0
R_kgDOGSgt5Q,2021-10-28T04:26:27Z,2026-04-26T11:06:42Z,2026-04-22T08:24:01Z,75,True,CPP-20-STL-Cookbook,PacktPublishing/CPP-20-STL-Cookbook,git@github.com:PacktPublishing/CPP-20-STL-Cookbook.git,157
R_kgDOGSdvuw,2021-10-28T00:32:10Z,2026-04-15T06:00:43Z,2026-04-15T06:05:06Z,4480,True,fastEDM-r,EDM-Developers/fastEDM-r,git@github.com:EDM-Developers/fastEDM-r.git,5
R_kgDOGSbzlw,2021-10-27T21:48:12Z,2026-04-02T12:02:46Z,2026-04-02T12:02:42Z,71,False,aglio,dominicpoeschko/aglio,git@github.com:dominicpoeschko/aglio.git,32
R_kgDOGSbIlA,2021-10-27T20:59:37Z,2026-05-07T09:14:52Z,2026-05-07T09:14:48Z,1878,False,Ebyte-amsi-patchless-vehhwbp,ZukoChris/Ebyte-amsi-patchless-vehhwbp,git@github.com:ZukoChris/Ebyte-amsi-patchless-vehhwbp.git,2
R_kgDOGSSxhg,2021-10-27T13:43:37Z,2026-04-07T15:09:48Z,2026-04-13T17:36:03Z,726223,True,CombinedAndroid,PaperAnalyticalDeviceND/CombinedAndroid,git@github.com:PaperAnalyticalDeviceND/CombinedAndroid.git,0
R_kgDOGSSs0Q,2021-10-27T13:40:22Z,2026-05-02T13:03:40Z,2026-04-28T08:54:50Z,2727,True,wfrest,wfrest/wfrest,git@github.com:wfrest/wfrest.git,997
R_kgDOGSPeJA,2021-10-27T10:56:31Z,2026-05-05T17:56:55Z,2026-05-05T17:56:50Z,321,True,ofxSceneManagerGui,fusefactory/ofxSceneManagerGui,git@github.com:fusefactory/ofxSceneManagerGui.git,1
R_kgDOGSHl0g,2021-10-27T02:33:13Z,2026-04-29T08:43:38Z,2026-04-29T08:43:33Z,315929,True,mlu-ops,Cambricon/mlu-ops,git@github.com:Cambricon/mlu-ops.git,163
R_kgDOGSD6hQ,2021-10-26T21:38:33Z,2026-03-22T19:28:28Z,2026-03-22T19:28:24Z,48528,False,Schedule,caiquereiss/Schedule,git@github.com:caiquereiss/Schedule.git,0
R_kgDOGR-wBg,2021-10-26T16:44:30Z,2026-05-05T10:54:23Z,2026-05-05T11:41:45Z,4648,True,PyPartMC,open-atmos/PyPartMC,git@github.com:open-atmos/PyPartMC.git,31
R_kgDOGR4P7g,2021-10-26T11:42:00Z,2026-04-09T06:26:17Z,2026-05-04T08:44:59Z,57634,False,ShadedPathV,ClemensX/ShadedPathV,git@github.com:ClemensX/ShadedPathV.git,3
R_kgDOGR2wDA,2021-10-26T10:17:03Z,2026-03-22T13:45:55Z,2026-03-22T13:45:48Z,13946,False,BinDiffSynchronizer,netkeep80/BinDiffSynchronizer,git@github.com:netkeep80/BinDiffSynchronizer.git,0
R_kgDOGR0gfg,2021-10-26T08:17:27Z,2026-03-31T11:39:58Z,2026-03-31T11:39:53Z,27,False,autograd,apereiroc/autograd,git@github.com:apereiroc/autograd.git,0
R_kgDOGRxeiQ,2021-10-26T05:16:28Z,2026-05-03T18:34:30Z,2026-05-03T18:34:27Z,1726,False,wordclock_esp32,stickperson/wordclock_esp32,git@github.com:stickperson/wordclock_esp32.git,2
R_kgDOGRvkCA,2021-10-26T02:52:33Z,2026-05-04T05:29:37Z,2026-05-04T05:29:33Z,748,False,strpp,cjheath/strpp,git@github.com:cjheath/strpp.git,13
R_kgDOGRnqzg,2021-10-25T17:52:30Z,2026-04-24T16:26:03Z,2026-04-24T16:07:59Z,17035,True,labios,grc-iit/labios,git@github.com:grc-iit/labios.git,1
R_kgDOGRjHkw,2021-10-25T14:18:04Z,2026-05-06T18:06:19Z,2026-05-07T11:29:33Z,9328,True,lba2-classic-community,LBALab/lba2-classic-community,git@github.com:LBALab/lba2-classic-community.git,91
R_kgDOGRhdwA,2021-10-25T13:05:53Z,2026-03-18T13:38:23Z,2026-03-18T13:44:28Z,3992,False,yUI-NVSE,yvileapsis/yUI-NVSE,git@github.com:yvileapsis/yUI-NVSE.git,7
R_kgDOGRgJSA,2021-10-25T12:01:03Z,2026-05-06T08:36:53Z,2026-05-06T16:25:41Z,34384,True,hip-programming,csc-training/hip-programming,git@github.com:csc-training/hip-programming.git,13
R_kgDOGRddVA,2021-10-25T09:36:22Z,2026-05-06T06:23:02Z,2026-04-16T10:06:11Z,3043,True,esp-tflite-micro,espressif/esp-tflite-micro,git@github.com:espressif/esp-tflite-micro.git,634
R_kgDOGRbpNw,2021-10-25T08:04:36Z,2026-04-24T06:13:19Z,2026-04-24T06:13:14Z,597252,True,barcode-reader-c-cpp-samples,Dynamsoft/barcode-reader-c-cpp-samples,git@github.com:Dynamsoft/barcode-reader-c-cpp-samples.git,6
R_kgDOGRWshg,2021-10-25T02:18:08Z,2026-03-26T07:40:38Z,2026-03-21T05:08:30Z,16739,False,vnpy_tora,vnpy/vnpy_tora,git@github.com:vnpy/vnpy_tora.git,25
R_kgDOGRQMog,2021-10-24T17:03:58Z,2026-04-27T07:59:52Z,2026-04-27T07:59:47Z,28715,False,esp32go,masutokw/esp32go,git@github.com:masutokw/esp32go.git,4
R_kgDOGROVGw,2021-10-24T14:54:44Z,2026-05-02T09:58:17Z,2026-04-18T16:02:36Z,3601,False,esphome-somfy,Viproz/esphome-somfy,git@github.com:Viproz/esphome-somfy.git,9
R_kgDOGRB9Jw,2021-10-23T20:01:38Z,2026-05-02T23:38:05Z,2026-05-03T23:36:09Z,8390,True,avendish,celtera/avendish,git@github.com:celtera/avendish.git,475
R_kgDOGRAdxw,2021-10-23T18:03:49Z,2026-04-30T09:42:31Z,2026-04-30T09:42:27Z,35,True,dlp,halon-extras/dlp,git@github.com:halon-extras/dlp.git,0
R_kgDOGQ--EQ,2021-10-23T16:17:12Z,2026-04-21T20:13:44Z,2026-04-21T20:13:39Z,120439,False,Spirit,MStachowicz/Spirit,git@github.com:MStachowicz/Spirit.git,5
R_kgDOGQ8O8Q,2021-10-23T13:15:38Z,2026-04-26T18:46:22Z,2026-04-26T18:46:19Z,164851,True,nerva,nerva-project/nerva,git@github.com:nerva-project/nerva.git,9
R_kgDOGQ4ozA,2021-10-23T08:37:55Z,2026-03-18T23:16:04Z,2026-03-27T10:34:03Z,12775,True,swedish-olympiad-2012,Kodsport/swedish-olympiad-2012,git@github.com:Kodsport/swedish-olympiad-2012.git,0
R_kgDOGQyt0w,2021-10-22T22:51:22Z,2026-05-05T04:02:41Z,2026-04-23T01:08:27Z,5008,False,JIVE,ImJimmi/JIVE,git@github.com:ImJimmi/JIVE.git,188
R_kgDOGQuALg,2021-10-22T17:18:51Z,2026-05-02T20:24:19Z,2026-05-02T20:24:15Z,21131,False,hips,BYUignite/hips,git@github.com:BYUignite/hips.git,2
R_kgDOGQpFTQ,2021-10-22T13:11:17Z,2026-04-24T09:17:03Z,2026-04-24T09:16:59Z,366,True,Vernier,MetOffice/Vernier,git@github.com:MetOffice/Vernier.git,7
R_kgDOGQmjXA,2021-10-22T10:47:20Z,2026-05-01T14:31:44Z,2026-05-01T14:31:39Z,83,True,xdg-desktop-portal-lxqt,lxqt/xdg-desktop-portal-lxqt,git@github.com:lxqt/xdg-desktop-portal-lxqt.git,30
R_kgDOGQX8OA,2021-10-21T17:46:17Z,2026-04-30T03:51:46Z,2026-03-06T16:56:08Z,437,False,WTLHelper,zodiacon/WTLHelper,git@github.com:zodiacon/WTLHelper.git,59
R_kgDOGQX0zw,2021-10-21T17:40:07Z,2026-05-04T05:29:21Z,2026-05-01T09:51:18Z,208785,False,sonic3air,Eukaryot/sonic3air,git@github.com:Eukaryot/sonic3air.git,582
R_kgDOGQTsLA,2021-10-21T14:18:41Z,2026-03-12T10:50:58Z,2026-03-23T10:53:45Z,31652,True,radiatedPowerPackages,QTNM/radiatedPowerPackages,git@github.com:QTNM/radiatedPowerPackages.git,0
R_kgDOGQRH0A,2021-10-21T12:19:47Z,2026-04-28T03:36:38Z,2026-04-27T15:37:48Z,40350,True,kamping,kamping-site/kamping,git@github.com:kamping-site/kamping.git,69
R_kgDOGQDrvg,2021-10-20T21:11:03Z,2026-05-07T00:24:07Z,2026-05-07T04:39:59Z,15925,True,envpool,sail-sg/envpool,git@github.com:sail-sg/envpool.git,1336
R_kgDOGP8ytA,2021-10-20T15:02:50Z,2026-03-10T14:38:33Z,2026-03-10T14:38:21Z,78360,False,jim-lite,remudesu/jim-lite,git@github.com:remudesu/jim-lite.git,12
R_kgDOGP7OGg,2021-10-20T13:56:00Z,2026-05-05T06:53:59Z,2026-03-16T22:14:06Z,9466,False,VischeckTinyeyes,wadelab/VischeckTinyeyes,git@github.com:wadelab/VischeckTinyeyes.git,1
R_kgDOGP2H8g,2021-10-20T09:38:10Z,2026-03-04T06:25:04Z,2026-03-04T06:25:00Z,44315,True,bcos-sdk-jni,FISCO-BCOS/bcos-sdk-jni,git@github.com:FISCO-BCOS/bcos-sdk-jni.git,2
R_kgDOGPyZPw,2021-10-20T06:14:43Z,2026-04-24T22:31:38Z,2026-04-23T17:26:35Z,28501,False,dbat_old,volundmush/dbat_old,git@github.com:volundmush/dbat_old.git,2
R_kgDOGPv9Yg,2021-10-20T03:06:05Z,2026-04-17T15:07:17Z,2026-04-17T15:06:40Z,130363,True,hardware_interfaces,VoltageOS/hardware_interfaces,git@github.com:VoltageOS/hardware_interfaces.git,0
R_kgDOGPv9Gw,2021-10-20T03:05:46Z,2026-03-05T01:20:29Z,2026-03-05T01:20:24Z,9655,True,system_vold,VoltageOS/system_vold,git@github.com:VoltageOS/system_vold.git,0
R_kgDOGPt61g,2021-10-20T00:34:20Z,2026-05-03T06:23:35Z,2026-03-03T15:52:53Z,324,True,dinit-chimera,chimera-linux/dinit-chimera,git@github.com:chimera-linux/dinit-chimera.git,28
R_kgDOGPk2gw,2021-10-19T15:34:00Z,2026-05-03T19:37:25Z,2026-05-03T19:37:20Z,3427,False,benchmark,ac-frg/benchmark,git@github.com:ac-frg/benchmark.git,0
R_kgDOGPkwrA,2021-10-19T15:29:55Z,2026-04-07T14:14:35Z,2026-04-07T14:19:07Z,8487,False,buck,BuckCoin/buck,git@github.com:BuckCoin/buck.git,3
R_kgDOGPhm-w,2021-10-19T13:18:16Z,2026-05-04T19:12:41Z,2026-05-04T19:35:14Z,14168,True,android_packages_modules_adb,LineageOS/android_packages_modules_adb,git@github.com:LineageOS/android_packages_modules_adb.git,7
R_kgDOGPfUUw,2021-10-19T11:30:00Z,2026-05-01T23:00:59Z,2026-03-24T14:21:22Z,1174,False,windows_taskbar,alexmercerind/windows_taskbar,git@github.com:alexmercerind/windows_taskbar.git,169
R_kgDOGPbmOw,2021-10-19T08:21:20Z,2026-05-06T08:14:05Z,2026-04-23T13:25:02Z,801,True,minio-cpp,minio/minio-cpp,git@github.com:minio/minio-cpp.git,206
R_kgDOGPatDg,2021-10-19T07:37:19Z,2026-04-30T09:43:58Z,2026-04-30T09:43:54Z,62,True,rate,halon-extras/rate,git@github.com:halon-extras/rate.git,1
R_kgDOGPUFVQ,2021-10-19T00:14:25Z,2026-05-01T03:04:50Z,2026-05-01T03:46:38Z,3913,True,isaac_ros_image_pipeline,NVIDIA-ISAAC-ROS/isaac_ros_image_pipeline,git@github.com:NVIDIA-ISAAC-ROS/isaac_ros_image_pipeline.git,181
R_kgDOGPTdPQ,2021-10-18T23:24:29Z,2026-04-06T11:15:44Z,2026-03-14T21:58:20Z,36,False,dds_image,spnda/dds_image,git@github.com:spnda/dds_image.git,34
R_kgDOGPSd6A,2021-10-18T22:10:35Z,2026-05-01T02:54:52Z,2026-05-01T03:46:28Z,1272,True,isaac_ros_apriltag,NVIDIA-ISAAC-ROS/isaac_ros_apriltag,git@github.com:NVIDIA-ISAAC-ROS/isaac_ros_apriltag.git,180
R_kgDOGPRRCw,2021-10-18T20:54:07Z,2026-05-02T13:03:10Z,2026-05-02T13:03:07Z,1429,False,CloudRendering,chrismile/CloudRendering,git@github.com:chrismile/CloudRendering.git,15
R_kgDOGPRIbg,2021-10-18T20:45:45Z,2026-05-05T02:15:03Z,2026-05-05T02:15:15Z,90962,False,dctransistor-project,LArkema/dctransistor-project,git@github.com:LArkema/dctransistor-project.git,29
R_kgDOGPQQOw,2021-10-18T19:53:47Z,2026-04-03T05:00:57Z,2026-03-27T17:11:56Z,37153,True,scan_n_plan_workshop,ros-industrial-consortium/scan_n_plan_workshop,git@github.com:ros-industrial-consortium/scan_n_plan_workshop.git,83
R_kgDOGO_vFA,2021-10-18T06:46:34Z,2026-05-07T09:36:33Z,2026-03-14T04:02:03Z,332778,False,thorium,Alex313031/thorium,git@github.com:Alex313031/thorium.git,7103
R_kgDOGO8IgA,2021-10-18T02:36:40Z,2026-04-29T04:26:06Z,2026-04-07T03:18:42Z,706,True,bcos-c-sdk,FISCO-BCOS/bcos-c-sdk,git@github.com:FISCO-BCOS/bcos-c-sdk.git,3
R_kgDOGO7laQ,2021-10-18T01:59:08Z,2026-04-21T06:24:59Z,2026-04-21T06:24:55Z,33967,True,vs2drt,phreeqc-dev/vs2drt,git@github.com:phreeqc-dev/vs2drt.git,1
R_kgDOGO7g8A,2021-10-18T01:54:09Z,2026-04-21T06:24:37Z,2026-04-21T06:24:33Z,30136,True,vs2di,phreeqc-dev/vs2di,git@github.com:phreeqc-dev/vs2di.git,1
R_kgDOGO63xg,2021-10-18T01:04:16Z,2026-04-21T05:02:08Z,2026-04-21T05:02:04Z,56,True,phreeqc3-src-common,usgs-coupled-subtrees/phreeqc3-src-common,git@github.com:usgs-coupled-subtrees/phreeqc3-src-common.git,0
R_kgDOGO6JLA,2021-10-17T23:59:48Z,2026-04-21T05:02:58Z,2026-04-21T05:02:54Z,5252,True,phreeqc3-src,usgs-coupled-subtrees/phreeqc3-src,git@github.com:usgs-coupled-subtrees/phreeqc3-src.git,0
R_kgDOGO6HcQ,2021-10-17T23:56:53Z,2026-04-21T05:03:16Z,2026-04-21T05:03:12Z,6862,True,iphreeqc-src,usgs-coupled-subtrees/iphreeqc-src,git@github.com:usgs-coupled-subtrees/iphreeqc-src.git,0
R_kgDOGO6Flg,2021-10-17T23:53:58Z,2026-04-21T05:04:05Z,2026-04-21T05:04:01Z,7875,True,phreeqcrm-src,usgs-coupled-subtrees/phreeqcrm-src,git@github.com:usgs-coupled-subtrees/phreeqcrm-src.git,0
R_kgDOGO6CJQ,2021-10-17T23:48:11Z,2026-04-21T06:19:41Z,2026-04-21T06:19:38Z,18328,True,vs2drt-src,usgs-coupled-subtrees/vs2drt-src,git@github.com:usgs-coupled-subtrees/vs2drt-src.git,1
R_kgDOGO1LGg,2021-10-17T17:23:33Z,2026-04-07T15:28:16Z,2026-03-05T15:52:23Z,2609,False,defold-xmath,thejustinwalsh/defold-xmath,git@github.com:thejustinwalsh/defold-xmath.git,33
R_kgDOGOyYmA,2021-10-17T14:32:39Z,2026-04-21T20:53:57Z,2026-04-21T20:53:54Z,5013,True,daqdataformats,DUNE-DAQ/daqdataformats,git@github.com:DUNE-DAQ/daqdataformats.git,1
R_kgDOGOyS2A,2021-10-17T14:27:45Z,2026-04-02T21:04:36Z,2026-04-02T21:04:28Z,1927,True,detchannelmaps,DUNE-DAQ/detchannelmaps,git@github.com:DUNE-DAQ/detchannelmaps.git,1
R_kgDOGOwuMQ,2021-10-17T12:56:54Z,2026-05-02T17:05:58Z,2026-05-02T17:05:54Z,1828,False,lima-gui,afbjorklund/lima-gui,git@github.com:afbjorklund/lima-gui.git,240
R_kgDOGOuKIg,2021-10-17T10:13:27Z,2026-05-07T09:15:59Z,2026-05-07T09:15:55Z,3064,False,CoinBase-Wallet-Python-API-Wallet-Storage-Web-Browser-Multi-Crypto-Secure-Gui,Bestspa/CoinBase-Wallet-Python-API-Wallet-Storage-Web-Browser-Multi-Crypto-Secure-Gui,git@github.com:Bestspa/CoinBase-Wallet-Python-API-Wallet-Storage-Web-Browser-Multi-Crypto-Secure-Gui.git,0
R_kgDOGOqNdg,2021-10-17T05:01:19Z,2026-03-27T03:48:33Z,2026-03-27T03:48:30Z,10693,False,acmicpc,rmagur1203/acmicpc,git@github.com:rmagur1203/acmicpc.git,0
R_kgDOGOfCgg,2021-10-16T13:50:45Z,2026-03-25T08:18:06Z,2026-03-25T08:18:02Z,293,False,ota_string,aldychris/ota_string,git@github.com:aldychris/ota_string.git,0
R_kgDOGOekww,2021-10-16T13:18:57Z,2026-05-07T10:22:14Z,2026-05-07T10:22:06Z,69760,True,infinitytier,vyos/infinitytier,git@github.com:vyos/infinitytier.git,1
R_kgDOGOeZ7w,2021-10-16T13:08:29Z,2026-04-02T02:28:11Z,2026-04-02T02:28:07Z,152548,True,reddcoin,reddcoin-project/reddcoin,git@github.com:reddcoin-project/reddcoin.git,24
R_kgDOGOd4-Q,2021-10-16T12:34:23Z,2026-04-24T12:45:38Z,2026-04-24T12:45:33Z,1702,False,DungeonCrawler,kkruszelnicki2/DungeonCrawler,git@github.com:kkruszelnicki2/DungeonCrawler.git,2
R_kgDOGOcZJA,2021-10-16T10:50:26Z,2026-05-07T07:34:33Z,2026-05-07T07:34:30Z,266769,True,vclib,cnr-isti-vclab/vclib,git@github.com:cnr-isti-vclab/vclib.git,21
R_kgDOGObdrg,2021-10-16T09:43:51Z,2026-04-23T15:08:52Z,2026-04-23T15:07:56Z,342,True,mrs_octomap_planner,ctu-mrs/mrs_octomap_planner,git@github.com:ctu-mrs/mrs_octomap_planner.git,24
R_kgDOGOZn6w,2021-10-16T07:26:50Z,2026-05-02T10:34:09Z,2026-05-06T00:45:13Z,645,True,android_hardware_xiaomi,BlissRoms-Devices/android_hardware_xiaomi,git@github.com:BlissRoms-Devices/android_hardware_xiaomi.git,0
R_kgDOGOYBnA,2021-10-16T05:26:48Z,2026-04-24T17:59:09Z,2026-03-24T01:46:36Z,2413818,True,polardbx-engine,polardb/polardbx-engine,git@github.com:polardb/polardbx-engine.git,562
R_kgDOGOUtwA,2021-10-16T00:24:13Z,2026-04-21T05:40:31Z,2026-04-21T05:40:25Z,30930,True,iphreeqccom,phreeqc-dev/iphreeqccom,git@github.com:phreeqc-dev/iphreeqccom.git,1
R_kgDOGOSJ0A,2021-10-15T20:45:48Z,2026-04-05T20:36:03Z,2026-04-05T20:35:57Z,85,False,stl-cpp,ankane/stl-cpp,git@github.com:ankane/stl-cpp.git,13
R_kgDOGOQ0xg,2021-10-15T19:10:38Z,2026-05-04T12:51:13Z,2026-05-04T12:51:08Z,27482,False,esp32-nmea2000,wellenvogel/esp32-nmea2000,git@github.com:wellenvogel/esp32-nmea2000.git,90
R_kgDOGOOODg,2021-10-15T16:26:39Z,2026-04-16T19:59:38Z,2026-04-25T22:09:36Z,328090,True,raygene3d-demo,raygene3d-team/raygene3d-demo,git@github.com:raygene3d-team/raygene3d-demo.git,0
R_kgDOGOOJeg,2021-10-15T16:22:20Z,2026-04-16T19:57:50Z,2026-04-25T22:07:34Z,435,True,raygene3d-core,raygene3d-team/raygene3d-core,git@github.com:raygene3d-team/raygene3d-core.git,0
R_kgDOGOHGkg,2021-10-15T09:53:23Z,2026-03-15T11:26:24Z,2026-03-15T11:26:21Z,2747,False,ztlib,garou-g/ztlib,git@github.com:garou-g/ztlib.git,0
R_kgDOGOG8DQ,2021-10-15T09:43:37Z,2026-04-24T10:03:08Z,2026-04-24T10:03:03Z,133,True,zera-json-helpers,ZeraGmbH/zera-json-helpers,git@github.com:ZeraGmbH/zera-json-helpers.git,0
R_kgDOGOGSZw,2021-10-15T09:06:13Z,2026-05-07T09:04:00Z,2026-04-24T14:09:42Z,36098,False,RejsaCAN-ESP32,MagnusThome/RejsaCAN-ESP32,git@github.com:MagnusThome/RejsaCAN-ESP32.git,745
R_kgDOGODlfA,2021-10-15T06:32:34Z,2026-03-03T14:59:50Z,2026-04-09T00:45:13Z,1328,True,CASMcode_monte,prisms-center/CASMcode_monte,git@github.com:prisms-center/CASMcode_monte.git,1
R_kgDOGOBS9g,2021-10-15T03:14:26Z,2026-05-06T23:26:17Z,2026-05-06T23:26:12Z,112993,True,eigen,eigen-mirror/eigen,git@github.com:eigen-mirror/eigen.git,29
R_kgDOGN6UeQ,2021-10-14T18:24:52Z,2026-04-29T18:47:34Z,2026-05-07T09:00:36Z,15723,True,azure-osconfig,Azure/azure-osconfig,git@github.com:Azure/azure-osconfig.git,35
R_kgDOGNuZCQ,2021-10-14T08:12:31Z,2026-04-24T16:36:04Z,2026-04-24T11:45:12Z,430,False,cpp-timeseries-anomaly-detector,EliranEiluz/cpp-timeseries-anomaly-detector,git@github.com:EliranEiluz/cpp-timeseries-anomaly-detector.git,0
R_kgDOGNm96Q,2021-10-13T23:07:35Z,2026-03-14T21:06:45Z,2026-05-01T02:30:24Z,1450,True,isaac_ros_argus_camera,NVIDIA-ISAAC-ROS/isaac_ros_argus_camera,git@github.com:NVIDIA-ISAAC-ROS/isaac_ros_argus_camera.git,99
R_kgDOGNm9ow,2021-10-13T23:07:14Z,2026-05-07T00:47:50Z,2026-05-01T03:46:50Z,322,True,isaac_ros_visual_slam,NVIDIA-ISAAC-ROS/isaac_ros_visual_slam,git@github.com:NVIDIA-ISAAC-ROS/isaac_ros_visual_slam.git,1347
R_kgDOGNm9Sw,2021-10-13T23:06:48Z,2026-05-01T03:02:45Z,2026-05-01T03:46:35Z,387,True,isaac_ros_dnn_inference,NVIDIA-ISAAC-ROS/isaac_ros_dnn_inference,git@github.com:NVIDIA-ISAAC-ROS/isaac_ros_dnn_inference.git,131
R_kgDOGNmzfA,2021-10-13T22:54:08Z,2026-05-01T02:58:51Z,2026-05-01T03:46:31Z,807,True,isaac_ros_common,NVIDIA-ISAAC-ROS/isaac_ros_common,git@github.com:NVIDIA-ISAAC-ROS/isaac_ros_common.git,304
R_kgDOGNkzUA,2021-10-13T20:24:10Z,2026-05-07T08:59:21Z,2026-05-07T09:54:14Z,2342,True,opendcdiag,opendcdiag/opendcdiag,git@github.com:opendcdiag/opendcdiag.git,75
R_kgDOGNkgmw,2021-10-13T20:05:26Z,2026-04-16T13:23:30Z,2026-04-16T13:23:26Z,835,True,swedish-olympiad-2004,Kodsport/swedish-olympiad-2004,git@github.com:Kodsport/swedish-olympiad-2004.git,0
R_kgDOGNkVgA,2021-10-13T19:55:31Z,2026-04-26T20:24:26Z,2026-04-26T20:24:22Z,21960,True,unify-batch,pluginguru/unify-batch,git@github.com:pluginguru/unify-batch.git,5
R_kgDOGNinVQ,2021-10-13T18:15:52Z,2026-05-07T09:01:27Z,2026-05-07T08:22:51Z,24126,False,CO2-Gadget,melkati/CO2-Gadget,git@github.com:melkati/CO2-Gadget.git,104
R_kgDOGNf7og,2021-10-13T15:55:24Z,2026-04-13T09:21:36Z,2026-03-23T21:28:07Z,653,True,mod-racial-trait-swap,azerothcore/mod-racial-trait-swap,git@github.com:azerothcore/mod-racial-trait-swap.git,12
R_kgDOGNeJbw,2021-10-13T14:32:39Z,2026-04-18T19:23:38Z,2026-04-18T19:23:34Z,164,False,receptive-field,murbanga/receptive-field,git@github.com:murbanga/receptive-field.git,0
R_kgDOGNd4lQ,2021-10-13T14:21:05Z,2026-03-06T05:23:35Z,2026-05-03T15:57:37Z,2672,True,juggler,eic/juggler,git@github.com:eic/juggler.git,3
R_kgDOGNdivA,2021-10-13T14:05:38Z,2026-04-09T18:28:11Z,2026-04-05T05:48:35Z,92304,True,sick_scan_xd,SICKAG/sick_scan_xd,git@github.com:SICKAG/sick_scan_xd.git,170
R_kgDOGNcTlw,2021-10-13T13:11:30Z,2026-03-23T13:33:22Z,2026-03-23T13:33:17Z,417,False,ready_made_calculator,mustafatahirhussein/ready_made_calculator,git@github.com:mustafatahirhussein/ready_made_calculator.git,1
R_kgDOGNa-Cw,2021-10-13T12:08:29Z,2026-04-30T19:15:37Z,2026-04-26T21:29:45Z,264300,True,GPU-Reshape,GPUOpen-Tools/GPU-Reshape,git@github.com:GPUOpen-Tools/GPU-Reshape.git,482
R_kgDOGNWuYA,2021-10-13T08:44:11Z,2026-05-02T08:08:43Z,2026-03-17T11:28:33Z,48789,True,ext-openswoole,openswoole/ext-openswoole,git@github.com:openswoole/ext-openswoole.git,852
R_kgDOGNWVkw,2021-10-13T08:25:15Z,2026-03-22T10:33:32Z,2026-03-22T10:33:27Z,369,False,occt-samples-qt,gkv311/occt-samples-qt,git@github.com:gkv311/occt-samples-qt.git,93
R_kgDOGNTxww,2021-10-13T06:01:48Z,2026-04-07T01:02:31Z,2026-03-05T11:18:45Z,676844,False,android_device_xiaomi_umi_TWRP,sekaiacg/android_device_xiaomi_umi_TWRP,git@github.com:sekaiacg/android_device_xiaomi_umi_TWRP.git,70
R_kgDOGNSxDA,2021-10-13T04:46:03Z,2026-05-07T10:17:51Z,2026-05-07T10:17:28Z,609,False,llm-stream,Usuts/llm-stream,git@github.com:Usuts/llm-stream.git,2
R_kgDOGNRvOA,2021-10-13T03:25:16Z,2026-05-05T09:15:21Z,2026-04-27T11:35:39Z,360439,False,ugv_gazebo_sim,agilexrobotics/ugv_gazebo_sim,git@github.com:agilexrobotics/ugv_gazebo_sim.git,302
R_kgDOGNRM3A,2021-10-13T02:44:57Z,2026-03-30T12:01:49Z,2026-03-30T12:01:30Z,147995,True,frameworks_native,VoltageOS/frameworks_native,git@github.com:VoltageOS/frameworks_native.git,0
R_kgDOGNPPQg,2021-10-13T00:06:18Z,2026-04-29T19:50:46Z,2026-04-29T19:50:41Z,10675,True,bellhopcuda,A-New-BellHope/bellhopcuda,git@github.com:A-New-BellHope/bellhopcuda.git,121
R_kgDOGNJ7_g,2021-10-12T18:11:01Z,2026-04-10T08:11:26Z,2026-03-18T13:06:29Z,37340,True,mod-aoe-loot,azerothcore/mod-aoe-loot,git@github.com:azerothcore/mod-aoe-loot.git,55
R_kgDOGNC-Fw,2021-10-12T12:43:36Z,2026-05-06T22:57:34Z,2026-03-11T14:22:02Z,13890,False,Bonxai,facontidavide/Bonxai,git@github.com:facontidavide/Bonxai.git,844
R_kgDOGNByJA,2021-10-12T11:45:18Z,2026-04-29T16:06:50Z,2026-04-29T16:06:46Z,68990,True,AFANGI,VESM1VS/AFANGI,git@github.com:VESM1VS/AFANGI.git,4
R_kgDOGMzm8Q,2021-10-11T20:47:34Z,2026-04-28T15:50:25Z,2026-04-28T15:50:16Z,48548,True,kml_tools,NCAR/kml_tools,git@github.com:NCAR/kml_tools.git,2
R_kgDOGMxwew,2021-10-11T18:58:19Z,2026-05-06T23:35:54Z,2026-05-06T23:35:50Z,2862,True,edencommon,facebookexperimental/edencommon,org-12853545@github.com:facebookexperimental/edencommon.git,13
R_kgDOGMrQVw,2021-10-11T13:44:57Z,2026-04-30T09:43:26Z,2026-04-30T09:43:23Z,69,True,ldap,halon-extras/ldap,git@github.com:halon-extras/ldap.git,0
R_kgDOGMpJ9w,2021-10-11T12:09:51Z,2026-04-08T11:50:50Z,2026-04-08T11:50:46Z,192,False,PProtoDemo,hkarel/PProtoDemo,git@github.com:hkarel/PProtoDemo.git,1
R_kgDOGMnN7Q,2021-10-11T10:30:15Z,2026-04-04T01:59:38Z,2026-03-08T18:28:44Z,1511,True,p4-dpdk-target,p4lang/p4-dpdk-target,git@github.com:p4lang/p4-dpdk-target.git,66
R_kgDOGMet_g,2021-10-11T01:11:04Z,2026-04-15T00:31:44Z,2026-05-06T04:53:54Z,56025,True,MasterSwordRebirth,MSRevive/MasterSwordRebirth,git@github.com:MSRevive/MasterSwordRebirth.git,22
R_kgDOGMZFdQ,2021-10-10T16:59:15Z,2026-04-18T01:25:47Z,2026-05-07T08:32:05Z,128598,True,clips_executive,carologistics/clips_executive,git@github.com:carologistics/clips_executive.git,8
R_kgDOGMWFJQ,2021-10-10T13:45:19Z,2026-05-06T20:17:12Z,2026-05-06T20:17:37Z,207544,False,Havtorn,wejdell/Havtorn,git@github.com:wejdell/Havtorn.git,2
R_kgDOGMTaUA,2021-10-10T10:33:49Z,2026-04-23T18:01:12Z,2026-04-23T18:01:07Z,60703,False,Xe,NuoRanDev/Xe,git@github.com:NuoRanDev/Xe.git,2
R_kgDOGMRfNg,2021-10-10T08:03:05Z,2026-05-04T15:06:48Z,2026-05-05T05:03:19Z,19895,False,KiraWavTar,shine5402/KiraWavTar,git@github.com:shine5402/KiraWavTar.git,23
R_kgDOGMOyHw,2021-10-10T03:42:18Z,2026-04-19T04:15:14Z,2026-04-19T04:15:10Z,182,False,Reactive_RGB,djtroyal/Reactive_RGB,git@github.com:djtroyal/Reactive_RGB.git,0
R_kgDOGMK3Nw,2021-10-09T20:22:39Z,2026-04-21T21:25:32Z,2026-04-12T17:57:50Z,190,False,ESPHome-config,aiolos/ESPHome-config,git@github.com:aiolos/ESPHome-config.git,24
R_kgDOGME5WA,2021-10-09T13:25:53Z,2026-05-06T15:41:25Z,2026-03-12T00:25:25Z,521,False,libsharedmemory,kyr0/libsharedmemory,git@github.com:kyr0/libsharedmemory.git,48
R_kgDOGMBZgQ,2021-10-09T09:11:03Z,2026-05-04T14:04:54Z,2026-05-04T14:03:17Z,1310,True,hardware_voltage_interfaces,VoltageOS/hardware_voltage_interfaces,git@github.com:VoltageOS/hardware_voltage_interfaces.git,0
R_kgDOGL-zqw,2021-10-09T05:55:51Z,2026-04-29T15:39:21Z,2026-04-29T15:39:16Z,1344,False,SimpleJNI,gershnik/SimpleJNI,git@github.com:gershnik/SimpleJNI.git,19
R_kgDOGL8F7w,2021-10-09T01:41:17Z,2026-05-06T13:24:17Z,2026-05-07T01:25:11Z,2955,True,M5Unified,m5stack/M5Unified,git@github.com:m5stack/M5Unified.git,604
R_kgDOGL6MMA,2021-10-08T22:19:49Z,2026-04-17T18:01:28Z,2026-04-17T18:01:22Z,26249,True,balloon,Alpha-CubeSat/balloon,git@github.com:Alpha-CubeSat/balloon.git,0
R_kgDOGL0VEg,2021-10-08T15:50:54Z,2026-05-06T20:00:31Z,2026-05-06T20:00:18Z,622265,True,wildmeshing-toolkit,wildmeshing/wildmeshing-toolkit,git@github.com:wildmeshing/wildmeshing-toolkit.git,185
R_kgDOGLyxSg,2021-10-08T14:31:57Z,2026-04-04T12:01:07Z,2026-04-04T12:01:00Z,81239,True,android_bootable_recovery,random-aosp-stuff/android_bootable_recovery,git@github.com:random-aosp-stuff/android_bootable_recovery.git,0
R_kgDOGLyAiQ,2021-10-08T13:56:21Z,2026-05-06T09:55:06Z,2026-05-06T09:57:50Z,379,True,Bucky,TEAM-BUCKY/Bucky,git@github.com:TEAM-BUCKY/Bucky.git,2
R_kgDOGLwlaQ,2021-10-08T12:46:25Z,2026-05-06T13:40:32Z,2026-05-06T13:42:30Z,448,False,GflessClient,hatz2/GflessClient,git@github.com:hatz2/GflessClient.git,36
R_kgDOGLucTg,2021-10-08T10:47:46Z,2026-04-21T13:19:23Z,2026-04-21T13:57:14Z,4750,True,SymphonyMediaBridge,finos/SymphonyMediaBridge,git@github.com:finos/SymphonyMediaBridge.git,70
R_kgDOGLtFsQ,2021-10-08T09:33:11Z,2026-04-28T14:48:41Z,2026-04-30T15:04:00Z,13811,True,cpp-rs-driver,scylladb/cpp-rs-driver,git@github.com:scylladb/cpp-rs-driver.git,22
R_kgDOGLebpQ,2021-10-07T16:54:26Z,2026-05-06T07:11:21Z,2026-04-24T17:02:33Z,78451,False,dsnote,mkiol/dsnote,git@github.com:mkiol/dsnote.git,1456
R_kgDOGLai8Q,2021-10-07T13:55:49Z,2026-04-22T14:40:21Z,2026-04-22T14:40:15Z,578,False,samples,tstalker/samples,git@github.com:tstalker/samples.git,1
R_kgDOGLWAkw,2021-10-07T10:01:22Z,2026-05-06T22:21:38Z,2026-03-07T00:16:31Z,13822,True,Cardinal,DISTRHO/Cardinal,git@github.com:DISTRHO/Cardinal.git,3024
R_kgDOGLAKAg,2021-10-06T11:48:27Z,2026-05-03T16:34:35Z,2026-04-28T14:22:58Z,80,False,tsreadex,xtne6f/tsreadex,git@github.com:xtne6f/tsreadex.git,39
R_kgDOGK833w,2021-10-06T08:48:42Z,2026-03-20T16:01:59Z,2026-03-20T16:01:37Z,67,False,oox,anton-malakhov/oox,git@github.com:anton-malakhov/oox.git,4
R_kgDOGK3TLg,2021-10-06T02:34:39Z,2026-03-10T04:41:28Z,2026-03-10T04:41:25Z,99563,True,RT_Jog_Controller,Expatria-Technologies/RT_Jog_Controller,git@github.com:Expatria-Technologies/RT_Jog_Controller.git,19
R_kgDOGKzOZA,2021-10-05T21:02:42Z,2026-04-21T05:34:14Z,2026-04-21T05:34:02Z,137198,True,wphast,phreeqc-dev/wphast,git@github.com:phreeqc-dev/wphast.git,1
R_kgDOGKvZaw,2021-10-05T17:26:20Z,2026-04-01T15:10:12Z,2026-05-05T18:30:10Z,32136,False,Devre,OmerFarukTutkun/Devre,git@github.com:OmerFarukTutkun/Devre.git,14
R_kgDOGKuzSg,2021-10-05T16:57:23Z,2026-05-01T14:36:40Z,2026-05-01T14:48:57Z,24849,True,OMBSON,loupeteam/OMBSON,git@github.com:loupeteam/OMBSON.git,0
R_kgDOGKusTg,2021-10-05T16:52:06Z,2026-04-14T07:56:27Z,2026-04-14T07:56:23Z,9642,True,hdf5libs,DUNE-DAQ/hdf5libs,git@github.com:DUNE-DAQ/hdf5libs.git,1
R_kgDOGKumcA,2021-10-05T16:47:40Z,2026-03-30T16:56:57Z,2026-03-30T16:56:52Z,282755,False,coursework,Juicestus/coursework,git@github.com:Juicestus/coursework.git,3
R_kgDOGKrziA,2021-10-05T14:39:44Z,2026-05-01T19:55:32Z,2026-05-06T13:52:02Z,55282,True,gundam,gundam-organization/gundam,git@github.com:gundam-organization/gundam.git,23
R_kgDOGKqOAg,2021-10-05T13:31:33Z,2026-04-27T05:52:17Z,2026-05-06T19:33:17Z,26372,True,SIMULATeQCD,LatticeQCD/SIMULATeQCD,git@github.com:LatticeQCD/SIMULATeQCD.git,39
R_kgDOGKoQyA,2021-10-05T11:58:11Z,2026-05-05T15:05:01Z,2026-05-05T14:59:39Z,47925,False,P1-Dongel-ESP32,mhendriks/P1-Dongel-ESP32,git@github.com:mhendriks/P1-Dongel-ESP32.git,48
R_kgDOGKlkYw,2021-10-05T09:33:34Z,2026-05-02T16:58:46Z,2026-05-02T17:00:34Z,336768,False,pylimer-tools,GenieTim/pylimer-tools,git@github.com:GenieTim/pylimer-tools.git,12
R_kgDOGKgrhA,2021-10-05T04:35:21Z,2026-04-04T03:04:26Z,2026-04-04T02:57:50Z,85,False,bump.hpp,Polynominal/bump.hpp,git@github.com:Polynominal/bump.hpp.git,1
R_kgDOGKdSVQ,2021-10-05T00:02:04Z,2026-04-21T06:27:25Z,2026-04-21T06:27:21Z,393803,True,phast3,phreeqc-dev/phast3,git@github.com:phreeqc-dev/phast3.git,2
R_kgDOGKZC4A,2021-10-04T19:01:04Z,2026-04-11T06:12:39Z,2026-04-11T06:12:35Z,221767,False,XenonCode,batcholi/XenonCode,git@github.com:batcholi/XenonCode.git,11
R_kgDOGKVakw,2021-10-04T15:55:40Z,2026-03-16T15:47:13Z,2026-05-05T14:34:55Z,135847,True,ML4KP-devel,PRX-Kinodynamic/ML4KP-devel,git@github.com:PRX-Kinodynamic/ML4KP-devel.git,4
R_kgDOGKRLbQ,2021-10-04T12:53:12Z,2026-04-23T17:00:29Z,2026-04-23T17:00:24Z,771,True,SysmonCommon,microsoft/SysmonCommon,git@github.com:microsoft/SysmonCommon.git,64
R_kgDOGKQk0A,2021-10-04T12:24:18Z,2026-03-19T21:04:45Z,2026-03-19T21:04:40Z,325,False,lgx2userspace,ChrisAJS/lgx2userspace,git@github.com:ChrisAJS/lgx2userspace.git,34
R_kgDOGKJb7A,2021-10-04T06:04:15Z,2026-04-29T03:47:51Z,2026-04-22T08:20:03Z,122891,True,In-Memory-Analytics-with-Apache-Arrow-,PacktPublishing/In-Memory-Analytics-with-Apache-Arrow-,git@github.com:PacktPublishing/In-Memory-Analytics-with-Apache-Arrow-.git,108
R_kgDOGJ9ECw,2021-10-03T13:49:16Z,2026-05-07T11:29:43Z,2026-04-05T15:39:19Z,40938,True,ardupilot_gazebo,ArduPilot/ardupilot_gazebo,git@github.com:ArduPilot/ardupilot_gazebo.git,206
R_kgDOGJ6jRA,2021-10-03T10:49:52Z,2026-05-01T09:09:07Z,2026-05-01T09:09:04Z,5858,True,sora-cpp-sdk,shiguredo/sora-cpp-sdk,git@github.com:shiguredo/sora-cpp-sdk.git,46
R_kgDOGJvgkg,2021-10-02T17:39:58Z,2026-05-07T09:53:33Z,2026-05-07T09:53:28Z,576,False,OOPs,abhisek200/OOPs,git@github.com:abhisek200/OOPs.git,0
R_kgDOGJqtCA,2021-10-02T12:29:11Z,2026-05-06T23:45:53Z,2026-05-06T23:45:50Z,1318,False,UE_CPP_Bridge,gribuser/UE_CPP_Bridge,git@github.com:gribuser/UE_CPP_Bridge.git,1
R_kgDOGJdfYw,2021-10-01T18:13:18Z,2026-04-24T14:38:38Z,2026-04-24T14:39:26Z,1122,True,matrix-permanent,theochem/matrix-permanent,git@github.com:theochem/matrix-permanent.git,7
R_kgDOGJdBAw,2021-10-01T17:48:16Z,2026-03-11T21:50:57Z,2026-03-11T21:50:49Z,396635,True,swedish-olympiad-2022,Kodsport/swedish-olympiad-2022,git@github.com:Kodsport/swedish-olympiad-2022.git,0
R_kgDOGJbHOw,2021-10-01T16:09:54Z,2026-03-14T20:44:01Z,2026-03-14T20:43:59Z,1570,False,DSA-All-In-All,biparnakroy/DSA-All-In-All,git@github.com:biparnakroy/DSA-All-In-All.git,0
R_kgDOGJUgZQ,2021-10-01T10:41:31Z,2026-04-10T02:39:08Z,2026-05-04T05:16:31Z,229,False,func-adl-types-atlas,gordonwatts/func-adl-types-atlas,git@github.com:gordonwatts/func-adl-types-atlas.git,0
R_kgDOGJT14w,2021-10-01T10:03:06Z,2026-04-19T11:56:34Z,2026-04-19T12:34:30Z,18034,True,moyasar-ios-pod,moyasar/moyasar-ios-pod,git@github.com:moyasar/moyasar-ios-pod.git,2
R_kgDOGJBS5g,2021-09-30T15:06:17Z,2026-04-10T16:31:08Z,2026-04-10T16:31:04Z,1352,True,simWS,CoppeliaRobotics/simWS,git@github.com:CoppeliaRobotics/simWS.git,0
R_kgDOGI_Oew,2021-09-30T13:32:46Z,2026-03-17T09:30:35Z,2026-03-16T01:42:45Z,2079,False,irFFB,thogue95/irFFB,git@github.com:thogue95/irFFB.git,63
R_kgDOGI4PCw,2021-09-30T07:19:38Z,2026-03-31T07:13:35Z,2026-03-13T22:32:54Z,23085,False,SKSNSim,SKSNSim/SKSNSim,git@github.com:SKSNSim/SKSNSim.git,3
R_kgDOGItj_Q,2021-09-29T18:31:35Z,2026-03-16T18:57:10Z,2026-04-24T02:16:30Z,12,False,memleak-test,compscidr/memleak-test,git@github.com:compscidr/memleak-test.git,0
R_kgDOGIsuQw,2021-09-29T17:46:08Z,2026-05-06T21:41:30Z,2026-05-06T23:15:29Z,57761,False,Uno,cvanaret/Uno,git@github.com:cvanaret/Uno.git,480
R_kgDOGIifuQ,2021-09-29T09:18:23Z,2026-04-23T05:54:32Z,2026-04-23T05:56:17Z,3757,False,tinytmx,KaseyJenkins/tinytmx,git@github.com:KaseyJenkins/tinytmx.git,35
R_kgDOGIdWUw,2021-09-29T03:54:23Z,2026-05-06T22:36:51Z,2026-05-06T22:36:47Z,897,True,trellis,agtonomy/trellis,git@github.com:agtonomy/trellis.git,28
R_kgDOGIZ5nw,2021-09-28T23:22:28Z,2026-03-19T14:46:31Z,2026-03-19T14:43:12Z,4481,True,goldrush,BirolLab/goldrush,git@github.com:BirolLab/goldrush.git,41
R_kgDOGIZG4Q,2021-09-28T22:15:01Z,2026-03-12T14:15:22Z,2026-03-12T14:15:02Z,12931,False,rheoMultiFluidInterFoam,gkarapetsas/rheoMultiFluidInterFoam,git@github.com:gkarapetsas/rheoMultiFluidInterFoam.git,8
R_kgDOGIPrPg,2021-09-28T13:43:16Z,2026-04-19T19:46:32Z,2026-03-29T10:43:49Z,808,False,USalign,pylelab/USalign,git@github.com:pylelab/USalign.git,179
R_kgDOGIPiqQ,2021-09-28T13:37:26Z,2026-03-31T06:33:53Z,2026-04-15T06:33:54Z,1631,True,lliurex-onedrive-plasmoid,lliurex/lliurex-onedrive-plasmoid,git@github.com:lliurex/lliurex-onedrive-plasmoid.git,0
R_kgDOGIL5jA,2021-09-28T10:31:53Z,2026-05-04T15:59:54Z,2026-05-04T15:59:50Z,380,True,bestsource,vapoursynth/bestsource,git@github.com:vapoursynth/bestsource.git,132
R_kgDOGH8TjA,2021-09-27T17:31:20Z,2026-03-30T19:36:31Z,2026-03-30T19:36:28Z,22,False,CruisingGeekCommon,CruisingGeek/CruisingGeekCommon,git@github.com:CruisingGeek/CruisingGeekCommon.git,0
R_kgDOGH7eRg,2021-09-27T16:49:59Z,2026-05-02T02:41:52Z,2026-05-07T09:33:33Z,1250,True,NRD-Sample,NVIDIA-RTX/NRD-Sample,git@github.com:NVIDIA-RTX/NRD-Sample.git,188
R_kgDOGH7dag,2021-09-27T16:49:17Z,2026-05-07T07:52:32Z,2026-05-07T07:52:28Z,736,True,NRISamples,NVIDIA-RTX/NRISamples,git@github.com:NVIDIA-RTX/NRISamples.git,59
R_kgDOGH7cxQ,2021-09-27T16:48:49Z,2026-05-07T07:52:22Z,2026-05-07T07:52:18Z,539,True,NRIFramework,NVIDIA-RTX/NRIFramework,git@github.com:NVIDIA-RTX/NRIFramework.git,34
R_kgDOGH7b_A,2021-09-27T16:48:13Z,2026-05-07T07:52:07Z,2026-05-07T07:52:03Z,4053,True,NRI,NVIDIA-RTX/NRI,git@github.com:NVIDIA-RTX/NRI.git,429
R_kgDOGH7WqQ,2021-09-27T16:44:08Z,2026-05-05T06:58:50Z,2026-05-05T07:01:25Z,318,True,MathLib,NVIDIA-RTX/MathLib,git@github.com:NVIDIA-RTX/MathLib.git,105
R_kgDOGH62Ew,2021-09-27T16:17:57Z,2026-04-15T17:28:25Z,2026-04-15T17:28:54Z,2221,False,HeadUnitVolumeKnob,CruisingGeek/HeadUnitVolumeKnob,git@github.com:CruisingGeek/HeadUnitVolumeKnob.git,20
R_kgDOGH2N5A,2021-09-27T12:47:53Z,2026-04-28T15:22:30Z,2026-03-21T22:06:19Z,158580,True,MafiaMP,MafiaHub/MafiaMP,git@github.com:MafiaHub/MafiaMP.git,56
R_kgDOGHwUQA,2021-09-27T07:30:56Z,2026-03-16T02:11:49Z,2026-03-16T02:11:44Z,1573,True,deepin-fcitxconfigtool-plugin,linuxdeepin/deepin-fcitxconfigtool-plugin,git@github.com:linuxdeepin/deepin-fcitxconfigtool-plugin.git,2
R_kgDOGHl4MQ,2021-09-26T17:12:48Z,2026-04-16T18:06:42Z,2026-04-16T18:06:38Z,3347,True,Soluciones,olimpiada-informatica/Soluciones,git@github.com:olimpiada-informatica/Soluciones.git,8
R_kgDOGHfz9Q,2021-09-26T10:00:16Z,2026-05-06T20:17:36Z,2026-04-30T06:08:15Z,146,False,libwsk,MiroKaku/libwsk,git@github.com:MiroKaku/libwsk.git,289
R_kgDOGHYMEg,2021-09-25T21:53:05Z,2026-05-01T02:16:58Z,2026-05-01T16:39:21Z,158553,True,Imaging-Art-beyond-RGB,BeyondRGB/Imaging-Art-beyond-RGB,git@github.com:BeyondRGB/Imaging-Art-beyond-RGB.git,44
R_kgDOGG6KTQ,2021-09-24T08:55:51Z,2026-05-03T00:17:46Z,2026-05-03T00:39:21Z,507923,True,Hades-Windows,theSecHunter/Hades-Windows,git@github.com:theSecHunter/Hades-Windows.git,307
R_kgDOGGv62A,2021-09-23T20:07:10Z,2026-05-04T11:08:56Z,2026-05-04T10:27:52Z,23135,False,CDM,rpuig2001/CDM,git@github.com:rpuig2001/CDM.git,41
R_kgDOGGubbQ,2021-09-23T18:37:55Z,2026-04-30T05:33:59Z,2026-03-07T09:08:12Z,2909,True,DMarked,DMarked/DMarked,git@github.com:DMarked/DMarked.git,27
R_kgDOGGrt6A,2021-09-23T16:12:21Z,2026-03-03T05:29:27Z,2026-04-02T14:10:40Z,1407,True,CASMcode_clexulator,prisms-center/CASMcode_clexulator,git@github.com:prisms-center/CASMcode_clexulator.git,0
R_kgDOGGfWKA,2021-09-23T05:20:22Z,2026-04-22T18:23:43Z,2026-04-22T18:23:35Z,5958,True,push1st,navek-soft/push1st,git@github.com:navek-soft/push1st.git,21
R_kgDOGGYbiA,2021-09-22T20:20:34Z,2026-04-02T21:04:21Z,2026-04-06T14:58:29Z,274,True,utilities,DUNE-DAQ/utilities,git@github.com:DUNE-DAQ/utilities.git,0
R_kgDOGGV74w,2021-09-22T17:54:48Z,2026-04-28T00:02:54Z,2026-04-28T00:02:50Z,1674,True,hl2sdk-mock,alliedmodders/hl2sdk-mock,git@github.com:alliedmodders/hl2sdk-mock.git,9
R_kgDOGGSfBA,2021-09-22T14:58:53Z,2026-03-24T16:17:50Z,2026-03-24T16:17:43Z,13180,False,Data_structures_and_algorithms_FMI,MariaGrozdeva/Data_structures_and_algorithms_FMI,git@github.com:MariaGrozdeva/Data_structures_and_algorithms_FMI.git,18
R_kgDOGGQv6g,2021-09-22T13:38:18Z,2026-04-05T11:12:00Z,2026-04-05T11:11:53Z,168,False,dremini,marty1885/dremini,git@github.com:marty1885/dremini.git,11
R_kgDOGGP56g,2021-09-22T12:58:36Z,2026-04-28T09:04:27Z,2026-04-28T09:04:23Z,192860,False,UnrealExtendedFramework,ElderDeveloper/UnrealExtendedFramework,git@github.com:ElderDeveloper/UnrealExtendedFramework.git,8
R_kgDOGGPJNQ,2021-09-22T12:18:48Z,2026-04-27T18:51:22Z,2026-04-27T18:57:57Z,8599,False,SAPPOROBDD,Shin-ichi-Minato/SAPPOROBDD,git@github.com:Shin-ichi-Minato/SAPPOROBDD.git,21
R_kgDOGF-8fQ,2021-09-21T18:14:17Z,2026-04-28T20:41:56Z,2026-05-06T18:41:58Z,2893,False,maki,fgoujeon/maki,git@github.com:fgoujeon/maki.git,45
R_kgDOGF1T9g,2021-09-21T10:02:10Z,2026-04-15T02:37:44Z,2026-04-15T02:37:39Z,83529,False,cpp_media_server,runner365/cpp_media_server,git@github.com:runner365/cpp_media_server.git,99
R_kgDOGFtb2A,2021-09-21T00:23:24Z,2026-04-14T06:26:25Z,2026-04-05T23:45:38Z,112564,False,DosPlatformGame,TerrySoba/DosPlatformGame,git@github.com:TerrySoba/DosPlatformGame.git,3
R_kgDOGFtW-A,2021-09-21T00:16:48Z,2026-04-03T00:01:09Z,2026-04-03T00:01:07Z,85,True,project-template,RIT-EVT/project-template,git@github.com:RIT-EVT/project-template.git,0
MDEwOlJlcG9zaXRvcnk0MDg1Nzk1ODc=,2021-09-20T19:46:28Z,2026-03-24T20:51:47Z,2026-03-24T20:51:38Z,69400,False,VanaheimEngine,SteveVerhoeven/VanaheimEngine,git@github.com:SteveVerhoeven/VanaheimEngine.git,0
MDEwOlJlcG9zaXRvcnk0MDg0OTY2NTQ=,2021-09-20T15:24:42Z,2026-05-03T13:11:43Z,2026-05-03T13:11:40Z,811,True,android_hardware_oneplus,LineageOS/android_hardware_oneplus,git@github.com:LineageOS/android_hardware_oneplus.git,17
MDEwOlJlcG9zaXRvcnk0MDg0MDE4ODg=,2021-09-20T10:38:21Z,2026-03-23T17:21:27Z,2026-03-23T17:21:22Z,252,False,leetcode,drowning-in-codes/leetcode,git@github.com:drowning-in-codes/leetcode.git,0
MDEwOlJlcG9zaXRvcnk0MDgzNTc2NTI=,2021-09-20T08:02:34Z,2026-05-07T11:05:00Z,2026-05-07T11:04:55Z,59369,True,pyside-setup,pyside/pyside-setup,git@github.com:pyside/pyside-setup.git,117
MDEwOlJlcG9zaXRvcnk0MDgzMzc1MDQ=,2021-09-20T06:45:38Z,2026-03-05T15:48:50Z,2026-03-05T15:42:43Z,107299,False,UtilityLib,brokenwing/UtilityLib,git@github.com:brokenwing/UtilityLib.git,0
MDEwOlJlcG9zaXRvcnk0MDgzMjA3MjA=,2021-09-20T05:26:19Z,2026-04-29T23:11:30Z,2026-04-29T23:11:26Z,11964,False,mpd_gem_view_ssp,xbai0624/mpd_gem_view_ssp,git@github.com:xbai0624/mpd_gem_view_ssp.git,2
MDEwOlJlcG9zaXRvcnk0MDgwNTY3ODg=,2021-09-19T07:02:24Z,2026-03-25T08:42:57Z,2026-04-15T05:45:12Z,443769,False,cwebrtc,chensongpoixs/cwebrtc,git@github.com:chensongpoixs/cwebrtc.git,28
MDEwOlJlcG9zaXRvcnk0MDc5NDY4MDk=,2021-09-18T19:12:19Z,2026-04-29T19:38:30Z,2026-04-29T19:38:26Z,458,False,Wifi-Hovercraft-Browser,FedericoBusero/Wifi-Hovercraft-Browser,git@github.com:FedericoBusero/Wifi-Hovercraft-Browser.git,11
MDEwOlJlcG9zaXRvcnk0MDc4NDgxMDQ=,2021-09-18T12:00:26Z,2026-05-07T08:00:27Z,2026-04-21T14:34:13Z,1115,False,IbEverythingExt,Chaoses-Ib/IbEverythingExt,git@github.com:Chaoses-Ib/IbEverythingExt.git,1735
MDEwOlJlcG9zaXRvcnk0MDc4MzI2NzM=,2021-09-18T10:46:03Z,2026-03-24T11:19:07Z,2026-03-24T11:19:01Z,106,False,cpp,yingquelou/cpp,git@github.com:yingquelou/cpp.git,0
MDEwOlJlcG9zaXRvcnk0MDc3OTUxNjY=,2021-09-18T07:55:06Z,2026-04-29T06:15:58Z,2026-04-29T06:16:11Z,60420,True,deepin-downloader,linuxdeepin/deepin-downloader,git@github.com:linuxdeepin/deepin-downloader.git,3
MDEwOlJlcG9zaXRvcnk0MDc3MDIzMTY=,2021-09-17T23:15:32Z,2026-04-27T16:39:02Z,2026-04-27T16:38:57Z,8893,True,sonic-pins,sonic-net/sonic-pins,git@github.com:sonic-net/sonic-pins.git,47
MDEwOlJlcG9zaXRvcnk0MDc1OTg0Mjk=,2021-09-17T15:52:14Z,2026-05-01T11:59:22Z,2026-04-30T18:38:43Z,2086,False,std,pg83/std,git@github.com:pg83/std.git,13
MDEwOlJlcG9zaXRvcnk0MDc1MTQyODg=,2021-09-17T11:24:25Z,2026-03-07T14:35:56Z,2026-03-07T14:35:52Z,119,False,AlgorithmAndDataStructure,MutsuGhost1/AlgorithmAndDataStructure,git@github.com:MutsuGhost1/AlgorithmAndDataStructure.git,0
MDEwOlJlcG9zaXRvcnk0MDc1MDYyMzc=,2021-09-17T10:54:51Z,2026-05-06T15:47:15Z,2026-05-06T15:47:11Z,914,True,NativeLibsCommon,AdguardTeam/NativeLibsCommon,git@github.com:AdguardTeam/NativeLibsCommon.git,9
MDEwOlJlcG9zaXRvcnk0MDc0ODY5OTc=,2021-09-17T09:44:46Z,2026-03-01T06:52:25Z,2026-03-01T06:52:21Z,28,False,Lazy-Importer,vt-d/Lazy-Importer,git@github.com:vt-d/Lazy-Importer.git,0
MDEwOlJlcG9zaXRvcnk0MDc0ODY1NTQ=,2021-09-17T09:43:11Z,2026-05-06T15:45:04Z,2026-05-06T15:42:47Z,805,True,LignumForest,lignumsystem/LignumForest,git@github.com:lignumsystem/LignumForest.git,0
MDEwOlJlcG9zaXRvcnk0MDc0NzMyNjc=,2021-09-17T08:58:21Z,2026-03-29T11:51:44Z,2026-03-29T11:51:40Z,1494,False,beakjoon,winrinseo/beakjoon,git@github.com:winrinseo/beakjoon.git,0
MDEwOlJlcG9zaXRvcnk0MDc0Njc1OTI=,2021-09-17T08:38:45Z,2026-04-23T15:26:28Z,2026-05-07T05:51:42Z,238014,False,reduced_lagrange_multipliers,luca-heltai/reduced_lagrange_multipliers,git@github.com:luca-heltai/reduced_lagrange_multipliers.git,3
MDEwOlJlcG9zaXRvcnk0MDczNjEwMDE=,2021-09-17T01:08:09Z,2026-04-08T03:10:18Z,2026-04-13T17:14:45Z,1055,True,caret_analyze_cpp_impl,tier4/caret_analyze_cpp_impl,git@github.com:tier4/caret_analyze_cpp_impl.git,1
MDEwOlJlcG9zaXRvcnk0MDczMTQyNTI=,2021-09-16T21:03:52Z,2026-05-06T22:54:46Z,2026-05-06T22:58:39Z,39594,True,mlir-air,Xilinx/mlir-air,org-3189299@github.com:Xilinx/mlir-air.git,136
MDEwOlJlcG9zaXRvcnk0MDczMDE5NDc=,2021-09-16T20:14:02Z,2026-04-28T04:49:29Z,2026-04-28T04:54:00Z,202,True,asynchrony,SiddiqSoft/asynchrony,git@github.com:SiddiqSoft/asynchrony.git,0
MDEwOlJlcG9zaXRvcnk0MDcyOTIwNjk=,2021-09-16T19:35:11Z,2026-03-23T18:07:48Z,2026-05-06T12:13:23Z,5086,True,software-learning-period,vortexntnu/software-learning-period,git@github.com:vortexntnu/software-learning-period.git,1
MDEwOlJlcG9zaXRvcnk0MDcyNjQyNTM=,2021-09-16T17:56:36Z,2026-03-03T01:37:08Z,2026-04-08T03:55:16Z,1293,True,CASMcode_crystallography,prisms-center/CASMcode_crystallography,git@github.com:prisms-center/CASMcode_crystallography.git,2
MDEwOlJlcG9zaXRvcnk0MDcyMjcxNzk=,2021-09-16T15:57:05Z,2026-05-01T23:25:00Z,2026-05-02T00:13:37Z,114918,False,supplice-exe,madame-rachelle/supplice-exe,git@github.com:madame-rachelle/supplice-exe.git,1
MDEwOlJlcG9zaXRvcnk0MDcyMTg5NjQ=,2021-09-16T15:32:07Z,2026-03-03T10:12:13Z,2026-03-03T10:11:34Z,4198,True,p4-fusion,salesforce/p4-fusion,git@github.com:salesforce/p4-fusion.git,109
MDEwOlJlcG9zaXRvcnk0MDcyMDQ0MjA=,2021-09-16T14:50:22Z,2026-04-09T10:33:55Z,2026-04-07T16:21:59Z,5329,True,libddwaf,DataDog/libddwaf,git@github.com:DataDog/libddwaf.git,40
MDEwOlJlcG9zaXRvcnk0MDcxMTk4MDE=,2021-09-16T10:24:54Z,2026-04-28T22:58:54Z,2026-04-02T18:42:15Z,21692,False,GView,gdt050579/GView,git@github.com:gdt050579/GView.git,53
MDEwOlJlcG9zaXRvcnk0MDcwOTAxNzY=,2021-09-16T08:46:10Z,2026-05-02T11:00:30Z,2026-05-02T11:40:24Z,270651,True,lipidspace,lifs-tools/lipidspace,git@github.com:lifs-tools/lipidspace.git,2
MDEwOlJlcG9zaXRvcnk0MDY5NjA1ODM=,2021-09-16T00:13:01Z,2026-05-01T16:04:47Z,2026-03-22T13:55:16Z,22356,False,metamod-fallguys,hzqst/metamod-fallguys,git@github.com:hzqst/metamod-fallguys.git,17
MDEwOlJlcG9zaXRvcnk0MDY4MDA0ODE=,2021-09-15T14:28:01Z,2026-05-05T14:59:04Z,2026-05-05T14:58:23Z,27317,True,nyxus,PolusAI/nyxus,git@github.com:PolusAI/nyxus.git,28
MDEwOlJlcG9zaXRvcnk0MDY3NTQxMjY=,2021-09-15T12:26:26Z,2026-05-06T22:50:58Z,2026-05-06T22:50:54Z,11053,True,Lancet2,nygenome/Lancet2,git@github.com:nygenome/Lancet2.git,27
MDEwOlJlcG9zaXRvcnk0MDY3NTM3MDA=,2021-09-15T12:25:10Z,2026-04-02T11:13:58Z,2026-04-02T11:13:54Z,93,False,EnterprizeCalc,varkmort/EnterprizeCalc,git@github.com:varkmort/EnterprizeCalc.git,0
MDEwOlJlcG9zaXRvcnk0MDY3MDA3NzU=,2021-09-15T09:40:15Z,2026-05-01T07:13:24Z,2026-05-07T05:51:54Z,739,True,O3DEPopcornFXPlugin,PopcornFX/O3DEPopcornFXPlugin,git@github.com:PopcornFX/O3DEPopcornFXPlugin.git,19
MDEwOlJlcG9zaXRvcnk0MDY2OTU0Mzk=,2021-09-15T09:24:51Z,2026-04-16T10:44:48Z,2026-04-16T10:44:45Z,15440,True,gr-digitizers,fair-acc/gr-digitizers,git@github.com:fair-acc/gr-digitizers.git,4
MDEwOlJlcG9zaXRvcnk0MDY2Nzg0MTY=,2021-09-15T08:37:57Z,2026-04-16T20:09:36Z,2026-04-16T20:09:33Z,1150,False,IPP,tobiaszehnder/IPP,git@github.com:tobiaszehnder/IPP.git,26
MDEwOlJlcG9zaXRvcnk0MDY1NTk4NDU=,2021-09-15T00:19:47Z,2026-04-25T22:33:08Z,2026-03-10T12:56:30Z,241,False,inotify-info,mikesart/inotify-info,git@github.com:mikesart/inotify-info.git,425
MDEwOlJlcG9zaXRvcnk0MDY1NDI3ODg=,2021-09-14T22:49:10Z,2026-05-06T21:16:14Z,2026-05-06T22:42:29Z,24215,True,MatX,NVIDIA/MatX,git@github.com:NVIDIA/MatX.git,1416
MDEwOlJlcG9zaXRvcnk0MDY0ODU1MDE=,2021-09-14T18:50:24Z,2026-04-28T05:26:44Z,2026-04-28T05:26:40Z,1237534,True,mobile_open,mlcommons/mobile_open,git@github.com:mlcommons/mobile_open.git,15
MDEwOlJlcG9zaXRvcnk0MDY0NjU3MDA=,2021-09-14T17:39:44Z,2026-03-02T18:20:28Z,2026-04-14T21:18:05Z,12930,True,mps_history,slaclab/mps_history,git@github.com:slaclab/mps_history.git,1
MDEwOlJlcG9zaXRvcnk0MDY0NTQwMDQ=,2021-09-14T17:01:04Z,2026-05-03T16:54:33Z,2026-05-03T16:54:29Z,296608,True,SBS-replay,JeffersonLab/SBS-replay,git@github.com:JeffersonLab/SBS-replay.git,0
MDEwOlJlcG9zaXRvcnk0MDY0MTQ0Mzk=,2021-09-14T15:04:39Z,2026-05-06T22:51:52Z,2026-05-06T22:51:48Z,5463,True,federated-compute,google-parfait/federated-compute,git@github.com:google-parfait/federated-compute.git,104
MDEwOlJlcG9zaXRvcnk0MDY0MDI3NDc=,2021-09-14T14:33:50Z,2026-05-07T06:20:09Z,2026-03-08T02:31:53Z,34796,False,far_planner,MichaelFYang/far_planner,git@github.com:MichaelFYang/far_planner.git,963
MDEwOlJlcG9zaXRvcnk0MDYzNzIzNzY=,2021-09-14T13:12:03Z,2026-05-01T15:37:48Z,2026-05-01T15:37:43Z,358,True,nemo-feedback,MetOffice/nemo-feedback,git@github.com:MetOffice/nemo-feedback.git,1
MDEwOlJlcG9zaXRvcnk0MDYyNjUxNjg=,2021-09-14T07:18:34Z,2026-05-06T10:32:18Z,2026-05-06T10:32:14Z,10271,True,lignum-core,lignumsystem/lignum-core,git@github.com:lignumsystem/lignum-core.git,0
MDEwOlJlcG9zaXRvcnk0MDYyNDk5NDI=,2021-09-14T06:24:32Z,2026-05-06T12:44:14Z,2026-05-06T12:44:11Z,5662,True,gedim,AURION-Polito/gedim,git@github.com:AURION-Polito/gedim.git,5
MDEwOlJlcG9zaXRvcnk0MDYxNTE4MTk=,2021-09-13T22:49:38Z,2026-04-28T07:14:14Z,2026-04-17T20:25:07Z,2029,True,android_device_xiaomi_sm6250-common,LineageOS/android_device_xiaomi_sm6250-common,git@github.com:LineageOS/android_device_xiaomi_sm6250-common.git,11
MDEwOlJlcG9zaXRvcnk0MDU5NzAxMTQ=,2021-09-13T12:46:23Z,2026-05-07T10:48:28Z,2026-05-07T10:56:03Z,378036,True,tket,Quantinuum/tket,git@github.com:Quantinuum/tket.git,306
MDEwOlJlcG9zaXRvcnk0MDU4NTMwOTI=,2021-09-13T06:08:06Z,2026-05-06T23:11:46Z,2026-05-06T23:11:43Z,4717,False,mc_mujoco,rohanpsingh/mc_mujoco,git@github.com:rohanpsingh/mc_mujoco.git,124
MDEwOlJlcG9zaXRvcnk0MDU3NTQ5Nzk=,2021-09-12T21:14:40Z,2026-05-04T08:38:04Z,2026-05-04T19:42:41Z,125290,False,pico-zxspectrum,fruit-bat/pico-zxspectrum,git@github.com:fruit-bat/pico-zxspectrum.git,597
MDEwOlJlcG9zaXRvcnk0MDU3MjQzOTU=,2021-09-12T18:40:45Z,2026-03-22T06:52:41Z,2026-03-22T06:52:38Z,42,False,LED-senior-design,nonsix/LED-senior-design,git@github.com:nonsix/LED-senior-design.git,0
MDEwOlJlcG9zaXRvcnk0MDU3MTczMjE=,2021-09-12T18:07:56Z,2026-04-03T09:51:27Z,2026-05-07T06:15:42Z,1043,True,tier4_ad_api_adaptor,tier4/tier4_ad_api_adaptor,git@github.com:tier4/tier4_ad_api_adaptor.git,6
MDEwOlJlcG9zaXRvcnk0MDUzNTQyMjg=,2021-09-11T10:54:52Z,2026-04-22T16:32:00Z,2026-04-22T16:29:45Z,2672036,False,CBasic,sampidevkit/CBasic,git@github.com:sampidevkit/CBasic.git,2
MDEwOlJlcG9zaXRvcnk0MDUyMjU4MzU=,2021-09-10T22:18:23Z,2026-04-06T22:31:59Z,2026-04-06T22:31:56Z,217,True,pgvector-cpp,pgvector/pgvector-cpp,git@github.com:pgvector/pgvector-cpp.git,25
MDEwOlJlcG9zaXRvcnk0MDUyMDU4Mjc=,2021-09-10T20:32:20Z,2026-03-15T17:14:53Z,2026-03-15T17:14:49Z,10392,True,Garage-Control,makerspace-wi/Garage-Control,git@github.com:makerspace-wi/Garage-Control.git,0
MDEwOlJlcG9zaXRvcnk0MDUwNTI2Nzk=,2021-09-10T11:10:21Z,2026-04-30T09:42:27Z,2026-04-30T09:42:23Z,36,True,des,halon-extras/des,git@github.com:halon-extras/des.git,0
MDEwOlJlcG9zaXRvcnk0MDQ5MDY4Njk=,2021-09-10T00:20:06Z,2026-04-23T15:11:07Z,2026-04-23T15:10:51Z,308,True,mrs_octomap_server,ctu-mrs/mrs_octomap_server,git@github.com:ctu-mrs/mrs_octomap_server.git,0
MDEwOlJlcG9zaXRvcnk0MDQ4OTI3NDY=,2021-09-09T23:01:29Z,2026-04-23T19:56:50Z,2026-04-23T19:56:46Z,358765,True,jfx17u,openjdk/jfx17u,git@github.com:openjdk/jfx17u.git,6
MDEwOlJlcG9zaXRvcnk0MDQ4OTA1Njg=,2021-09-09T22:49:55Z,2026-05-04T14:40:38Z,2026-05-06T14:40:33Z,382649,True,jfx-sandbox,openjdk/jfx-sandbox,git@github.com:openjdk/jfx-sandbox.git,24
MDEwOlJlcG9zaXRvcnk0MDQ4NTI3Njg=,2021-09-09T19:55:11Z,2026-04-30T09:43:34Z,2026-04-30T09:43:30Z,50,True,mariadb,halon-extras/mariadb,git@github.com:halon-extras/mariadb.git,1
MDEwOlJlcG9zaXRvcnk0MDQ3ODE0NjE=,2021-09-09T15:48:29Z,2026-04-07T20:26:55Z,2026-03-26T11:45:24Z,1012634,True,spla,SparseLinearAlgebra/spla,git@github.com:SparseLinearAlgebra/spla.git,33
MDEwOlJlcG9zaXRvcnk0MDQ3MjM5MTA=,2021-09-09T13:02:28Z,2026-05-03T00:48:27Z,2026-04-30T13:19:27Z,110525,False,stable-retro-scripts,MatPoliquin/stable-retro-scripts,git@github.com:MatPoliquin/stable-retro-scripts.git,40
MDEwOlJlcG9zaXRvcnk0MDQ2ODkyNzI=,2021-09-09T11:06:40Z,2026-03-20T19:34:22Z,2026-03-20T19:34:17Z,14932,True,MPM_QSM,fil-physics/MPM_QSM,git@github.com:fil-physics/MPM_QSM.git,6
MDEwOlJlcG9zaXRvcnk0MDQ1NzcxMjA=,2021-09-09T03:48:37Z,2026-05-07T09:44:13Z,2026-05-07T09:44:10Z,4556,False,Canopy,Dev-Feyisayo/Canopy,git@github.com:Dev-Feyisayo/Canopy.git,0
MDEwOlJlcG9zaXRvcnk0MDQ1MjM0OTc=,2021-09-08T23:24:28Z,2026-05-02T04:00:17Z,2026-05-02T04:00:11Z,522,True,nusimdata,NuSoftHEP/nusimdata,git@github.com:NuSoftHEP/nusimdata.git,0
MDEwOlJlcG9zaXRvcnk0MDQ1MjMyNzU=,2021-09-08T23:23:12Z,2026-05-02T04:00:17Z,2026-05-02T04:00:13Z,664,True,nurandom,NuSoftHEP/nurandom,git@github.com:NuSoftHEP/nurandom.git,1
MDEwOlJlcG9zaXRvcnk0MDQ1MjI4NDI=,2021-09-08T23:20:53Z,2026-05-02T04:00:20Z,2026-05-07T03:46:43Z,837,True,nugen,NuSoftHEP/nugen,git@github.com:NuSoftHEP/nugen.git,1
MDEwOlJlcG9zaXRvcnk0MDQ1MjI1Nzc=,2021-09-08T23:19:25Z,2026-05-02T04:00:22Z,2026-05-07T03:47:27Z,941,True,nug4,NuSoftHEP/nug4,git@github.com:NuSoftHEP/nug4.git,0
MDEwOlJlcG9zaXRvcnk0MDQ1MjE1NTI=,2021-09-08T23:13:44Z,2026-05-02T04:00:27Z,2026-05-02T04:00:23Z,865,True,nuevdb,NuSoftHEP/nuevdb,git@github.com:NuSoftHEP/nuevdb.git,1
MDEwOlJlcG9zaXRvcnk0MDQ0NDIwNjI=,2021-09-08T17:45:30Z,2026-05-04T18:22:37Z,2026-03-18T22:24:14Z,93,False,arcdps_unofficial_extras_releases,Krappa322/arcdps_unofficial_extras_releases,git@github.com:Krappa322/arcdps_unofficial_extras_releases.git,67
MDEwOlJlcG9zaXRvcnk0MDQ0MjgxMDM=,2021-09-08T16:58:43Z,2026-05-05T00:07:02Z,2026-03-06T16:20:28Z,804,True,fkie-nbv-planner,fkie/fkie-nbv-planner,git@github.com:fkie/fkie-nbv-planner.git,59
MDEwOlJlcG9zaXRvcnk0MDQ0MjQyNTk=,2021-09-08T16:46:14Z,2026-05-06T09:18:56Z,2026-05-06T09:18:51Z,18539,True,jule,julelang/jule,git@github.com:julelang/jule.git,412
MDEwOlJlcG9zaXRvcnk0MDQyOTMwOTc=,2021-09-08T09:47:13Z,2026-05-06T03:41:20Z,2026-04-07T02:32:11Z,990,True,lexls,jrl-umi3218/lexls,git@github.com:jrl-umi3218/lexls.git,14
MDEwOlJlcG9zaXRvcnk0MDQyNjA0MDg=,2021-09-08T07:56:33Z,2026-04-21T20:52:01Z,2026-05-05T17:34:21Z,7100,False,ultimate-nag52-fw,rnd-ash/ultimate-nag52-fw,git@github.com:rnd-ash/ultimate-nag52-fw.git,109
MDEwOlJlcG9zaXRvcnk0MDQyNTI0MDY=,2021-09-08T07:28:06Z,2026-04-27T16:16:58Z,2026-04-24T14:00:32Z,1906,True,rt-libflute,5G-MAG/rt-libflute,git@github.com:5G-MAG/rt-libflute.git,23
MDEwOlJlcG9zaXRvcnk0MDQxOTQ0NTY=,2021-09-08T03:09:54Z,2026-05-06T17:32:39Z,2026-05-06T17:34:49Z,95642,True,vrs,facebookresearch/vrs,org-16943930@github.com:facebookresearch/vrs.git,421
MDEwOlJlcG9zaXRvcnk0MDM5NzkxMjc=,2021-09-07T12:58:46Z,2026-04-10T18:33:32Z,2026-04-25T10:39:59Z,10931,False,fmindex-collection,SGSSGene/fmindex-collection,git@github.com:SGSSGene/fmindex-collection.git,9
MDEwOlJlcG9zaXRvcnk0MDM4ODA2NjY=,2021-09-07T07:17:47Z,2026-03-16T02:10:13Z,2026-04-02T02:58:47Z,8660,True,deepin-gomoku,linuxdeepin/deepin-gomoku,git@github.com:linuxdeepin/deepin-gomoku.git,3
MDEwOlJlcG9zaXRvcnk0MDM2OTQ5ODU=,2021-09-06T16:45:16Z,2026-05-03T10:44:34Z,2026-05-03T10:44:30Z,12648,False,oscar64,drmortalwombat/oscar64,git@github.com:drmortalwombat/oscar64.git,481
MDEwOlJlcG9zaXRvcnk0MDM2ODExODM=,2021-09-06T15:56:20Z,2026-05-03T00:15:11Z,2026-03-09T05:12:16Z,2344,False,libassert,jeremy-rifkin/libassert,git@github.com:jeremy-rifkin/libassert.git,710
MDEwOlJlcG9zaXRvcnk0MDM2ODAxOTY=,2021-09-06T15:53:02Z,2026-04-29T14:20:20Z,2026-05-01T03:49:38Z,927,False,GDMP,j20001970/GDMP,git@github.com:j20001970/GDMP.git,120
MDEwOlJlcG9zaXRvcnk0MDM2NDg4OTA=,2021-09-06T14:16:44Z,2026-05-05T16:23:49Z,2026-05-05T16:23:44Z,8194,False,wxMathPlot,GitHubLionel/wxMathPlot,git@github.com:GitHubLionel/wxMathPlot.git,29
MDEwOlJlcG9zaXRvcnk0MDM1Njc2MDU=,2021-09-06T09:47:16Z,2026-04-08T03:11:20Z,2026-04-27T17:22:13Z,427,True,caret_trace,tier4/caret_trace,git@github.com:tier4/caret_trace.git,8
MDEwOlJlcG9zaXRvcnk0MDM1MzA1NjY=,2021-09-06T07:43:17Z,2026-05-04T10:47:13Z,2026-05-04T10:47:24Z,7178,True,Fast-DDS-python,eProsima/Fast-DDS-python,git@github.com:eProsima/Fast-DDS-python.git,94
MDEwOlJlcG9zaXRvcnk0MDM0OTE2MDI=,2021-09-06T05:04:28Z,2026-05-07T08:11:42Z,2026-05-07T08:11:20Z,3261,True,tateyama,project-tsurugi/tateyama,git@github.com:project-tsurugi/tateyama.git,2
MDEwOlJlcG9zaXRvcnk0MDM0NDYzMjc=,2021-09-06T01:01:33Z,2026-04-23T19:57:35Z,2026-04-23T19:57:30Z,652,False,avaruusseikkailu,biocommando/avaruusseikkailu,git@github.com:biocommando/avaruusseikkailu.git,0
MDEwOlJlcG9zaXRvcnk0MDM0MTA0NjM=,2021-09-05T20:52:04Z,2026-05-06T14:05:59Z,2026-05-06T00:55:18Z,175457,False,cursostec,vsurak/cursostec,git@github.com:vsurak/cursostec.git,30
MDEwOlJlcG9zaXRvcnk0MDMzNTIxOTE=,2021-09-05T16:02:15Z,2026-05-01T06:56:19Z,2026-04-20T11:00:31Z,2573,False,NoobBoy,Mika412/NoobBoy,git@github.com:Mika412/NoobBoy.git,309
MDEwOlJlcG9zaXRvcnk0MDMxNzExOTE=,2021-09-04T22:58:53Z,2026-04-12T13:46:47Z,2026-05-03T20:47:43Z,15491,True,WelSim-Apps,WelSimLLC/WelSim-Apps,git@github.com:WelSimLLC/WelSim-Apps.git,43
MDEwOlJlcG9zaXRvcnk0MDMwMjczNTY=,2021-09-04T10:28:00Z,2026-05-07T02:27:34Z,2026-04-04T03:37:51Z,12103,False,TrafficMonitorPlugins,zhongyang219/TrafficMonitorPlugins,git@github.com:zhongyang219/TrafficMonitorPlugins.git,916
MDEwOlJlcG9zaXRvcnk0MDI5MTU3NTA=,2021-09-03T22:58:02Z,2026-04-20T03:35:13Z,2026-04-20T03:35:09Z,1372,True,newbie_software,UFABCRocketDesign/newbie_software,git@github.com:UFABCRocketDesign/newbie_software.git,3
MDEwOlJlcG9zaXRvcnk0MDI4NTA4NDY=,2021-09-03T17:34:44Z,2026-05-06T23:27:47Z,2026-05-06T23:27:42Z,245,False,HVNC,Meltedd/HVNC,git@github.com:Meltedd/HVNC.git,497
MDEwOlJlcG9zaXRvcnk0MDI3ODEwNTQ=,2021-09-03T13:33:27Z,2026-04-02T14:22:28Z,2026-05-04T08:26:29Z,286,True,networkInterfaceHelper,L-Acoustics/networkInterfaceHelper,git@github.com:L-Acoustics/networkInterfaceHelper.git,2
MDEwOlJlcG9zaXRvcnk0MDI3NjI4NzM=,2021-09-03T12:29:06Z,2026-05-07T10:38:34Z,2026-05-01T11:07:53Z,184677,False,SKRoot-linuxKernelRoot,abcz316/SKRoot-linuxKernelRoot,git@github.com:abcz316/SKRoot-linuxKernelRoot.git,3755
MDEwOlJlcG9zaXRvcnk0MDI3Mzk0Mzc=,2021-09-03T11:00:02Z,2026-04-02T12:42:38Z,2026-03-29T23:23:43Z,22987,False,OpenCO2_Sensor,davidkreidler/OpenCO2_Sensor,git@github.com:davidkreidler/OpenCO2_Sensor.git,163
MDEwOlJlcG9zaXRvcnk0MDI3MDc2MzA=,2021-09-03T08:57:50Z,2026-05-05T17:47:09Z,2026-04-12T15:17:26Z,185912,True,City4CFD,tudelft3d/City4CFD,git@github.com:tudelft3d/City4CFD.git,169
MDEwOlJlcG9zaXRvcnk0MDI3MDIyNTc=,2021-09-03T08:37:48Z,2026-03-16T02:09:25Z,2026-04-02T02:59:01Z,28537,True,deepin-lianliankan,linuxdeepin/deepin-lianliankan,git@github.com:linuxdeepin/deepin-lianliankan.git,3
MDEwOlJlcG9zaXRvcnk0MDI2NjEyNDU=,2021-09-03T05:50:05Z,2026-04-25T07:03:57Z,2026-05-07T05:05:34Z,25475,False,vnoid,ytazz/vnoid,git@github.com:ytazz/vnoid.git,36
MDEwOlJlcG9zaXRvcnk0MDI2NDM1MDY=,2021-09-03T04:12:55Z,2026-04-28T02:11:17Z,2026-04-28T02:11:13Z,37286,False,NumericalProg-student,ykkimhgu/NumericalProg-student,git@github.com:ykkimhgu/NumericalProg-student.git,1
MDEwOlJlcG9zaXRvcnk0MDI0NjI4NDg=,2021-09-02T15:02:20Z,2026-05-05T18:23:07Z,2026-05-05T18:15:17Z,510,True,maui-settings,Nitrux/maui-settings,git@github.com:Nitrux/maui-settings.git,5
MDEwOlJlcG9zaXRvcnk0MDIyNjYyODc=,2021-09-02T02:35:21Z,2026-04-25T10:14:05Z,2026-04-21T15:50:52Z,45,False,dll_injector,hasherezade/dll_injector,git@github.com:hasherezade/dll_injector.git,160
MDEwOlJlcG9zaXRvcnk0MDIyNDIzNTM=,2021-09-02T00:38:37Z,2026-04-17T00:20:59Z,2026-04-15T19:30:15Z,2,False,ESP-Now-Serial-Bridge,yuri-rage/ESP-Now-Serial-Bridge,git@github.com:yuri-rage/ESP-Now-Serial-Bridge.git,40
MDEwOlJlcG9zaXRvcnk0MDIyMzc4MTk=,2021-09-02T00:12:52Z,2026-05-05T18:14:55Z,2026-03-05T00:34:17Z,799,True,Inkay,PretendoNetwork/Inkay,git@github.com:PretendoNetwork/Inkay.git,217
MDEwOlJlcG9zaXRvcnk0MDIwOTk3NTg=,2021-09-01T14:55:02Z,2026-05-06T22:25:08Z,2026-05-06T22:25:06Z,20754,False,seer,epasveer/seer,git@github.com:epasveer/seer.git,3386
MDEwOlJlcG9zaXRvcnk0MDIwMzAwOTU=,2021-09-01T11:06:34Z,2026-04-13T14:26:44Z,2026-03-31T18:15:24Z,5254,True,rsocsim,MPIDR/rsocsim,git@github.com:MPIDR/rsocsim.git,36
MDEwOlJlcG9zaXRvcnk0MDE5ODk2NDE=,2021-09-01T08:37:31Z,2026-04-13T08:54:17Z,2026-04-13T08:54:11Z,8060,True,streamloots-obs-plugin,streamloots/streamloots-obs-plugin,git@github.com:streamloots/streamloots-obs-plugin.git,1
MDEwOlJlcG9zaXRvcnk0MDE5NDQ3NzU=,2021-09-01T05:40:38Z,2026-04-25T09:25:05Z,2026-03-25T12:09:27Z,17700,True,BWA-MEME,kaist-ina/BWA-MEME,git@github.com:kaist-ina/BWA-MEME.git,137
MDEwOlJlcG9zaXRvcnk0MDE4ODA5NDk=,2021-09-01T00:31:28Z,2026-04-27T12:56:05Z,2026-04-27T12:59:48Z,15066,False,Field-Map-Editor,Sebanisu/Field-Map-Editor,git@github.com:Sebanisu/Field-Map-Editor.git,5
MDEwOlJlcG9zaXRvcnk0MDE4NTcyODk=,2021-08-31T22:16:24Z,2026-05-07T08:59:38Z,2026-05-07T06:39:35Z,18540,True,ivi-homescreen,toyota-connected/ivi-homescreen,git@github.com:toyota-connected/ivi-homescreen.git,356
MDEwOlJlcG9zaXRvcnk0MDE4MDcwOTI=,2021-08-31T18:35:25Z,2026-05-05T12:17:52Z,2026-05-05T12:17:48Z,164430,False,AddOn_SomeStuff,kuvbur/AddOn_SomeStuff,git@github.com:kuvbur/AddOn_SomeStuff.git,24
MDEwOlJlcG9zaXRvcnk0MDE3NTI0MjE=,2021-08-31T15:25:16Z,2026-04-23T21:56:53Z,2026-04-29T14:28:42Z,727,True,dpdklibs,DUNE-DAQ/dpdklibs,git@github.com:DUNE-DAQ/dpdklibs.git,0
MDEwOlJlcG9zaXRvcnk0MDE3MzU0Nzk=,2021-08-31T14:34:20Z,2026-03-22T10:02:55Z,2026-03-22T10:02:50Z,1158,True,rm_manual,rm-controls/rm_manual,git@github.com:rm-controls/rm_manual.git,4
MDEwOlJlcG9zaXRvcnk0MDE2ODczODI=,2021-08-31T12:02:27Z,2026-04-15T13:20:26Z,2026-04-15T13:20:22Z,422,True,MSAvc,malabz/MSAvc,git@github.com:malabz/MSAvc.git,1
MDEwOlJlcG9zaXRvcnk0MDE2MDEyNzU=,2021-08-31T06:45:47Z,2026-04-30T12:02:03Z,2026-04-25T01:25:29Z,170957,True,LLTFI,DependableSystemsLab/LLTFI,git@github.com:DependableSystemsLab/LLTFI.git,41
MDEwOlJlcG9zaXRvcnk0MDE1NDkxNjY=,2021-08-31T02:32:52Z,2026-03-23T01:22:57Z,2026-03-23T01:22:53Z,6747,False,tcc-mecatronica,lucasclaros/tcc-mecatronica,git@github.com:lucasclaros/tcc-mecatronica.git,0
MDEwOlJlcG9zaXRvcnk0MDE1MDg0OTY=,2021-08-30T22:59:59Z,2026-05-07T09:26:28Z,2026-05-02T06:38:02Z,53479,True,NanaZip,M2Team/NanaZip,git@github.com:M2Team/NanaZip.git,14249
MDEwOlJlcG9zaXRvcnk0MDE0MjEwNjY=,2021-08-30T16:58:46Z,2026-05-01T05:10:37Z,2026-05-01T05:10:33Z,194045,True,grandorgue,GrandOrgue/grandorgue,git@github.com:GrandOrgue/grandorgue.git,255
MDEwOlJlcG9zaXRvcnk0MDEzOTA4NDQ=,2021-08-30T15:20:24Z,2026-03-06T18:50:16Z,2026-03-06T18:50:21Z,528,True,xcanvas,jupyter-xeus/xcanvas,git@github.com:jupyter-xeus/xcanvas.git,7
MDEwOlJlcG9zaXRvcnk0MDEzMTQyNDQ=,2021-08-30T11:11:25Z,2026-05-07T10:42:38Z,2026-05-07T11:17:42Z,13080,True,devtools,Open-CMSIS-Pack/devtools,git@github.com:Open-CMSIS-Pack/devtools.git,84
MDEwOlJlcG9zaXRvcnk0MDEzMDUyOTE=,2021-08-30T10:36:16Z,2026-04-30T11:40:30Z,2026-04-30T11:40:26Z,293,False,UnrealYAML,jwindgassen/UnrealYAML,git@github.com:jwindgassen/UnrealYAML.git,35
MDEwOlJlcG9zaXRvcnk0MDEyNzQ0NjU=,2021-08-30T08:42:49Z,2026-05-07T11:25:46Z,2026-05-07T11:25:42Z,1957,False,EA-Software-Engineering-Forage,houda-ohm/EA-Software-Engineering-Forage,git@github.com:houda-ohm/EA-Software-Engineering-Forage.git,0
MDEwOlJlcG9zaXRvcnk0MDEyNDA2MzE=,2021-08-30T06:34:40Z,2026-04-30T08:54:28Z,2026-04-30T09:29:47Z,13462,True,DDS-Router,eProsima/DDS-Router,git@github.com:eProsima/DDS-Router.git,77
MDEwOlJlcG9zaXRvcnk0MDExMDAzMTM=,2021-08-29T17:21:41Z,2026-04-21T22:41:58Z,2026-04-21T22:41:55Z,367,False,macoro,ladnir/macoro,git@github.com:ladnir/macoro.git,24
MDEwOlJlcG9zaXRvcnk0MDA4ODMxMjY=,2021-08-28T20:20:46Z,2026-05-06T21:26:39Z,2026-05-07T06:09:05Z,5259,True,PenguLoader,PenguLoader/PenguLoader,git@github.com:PenguLoader/PenguLoader.git,573
MDEwOlJlcG9zaXRvcnk0MDA2Mzg2ODg=,2021-08-27T21:26:13Z,2026-04-19T21:09:21Z,2026-04-19T21:09:12Z,21150,False,neumodvb,deeptho/neumodvb,git@github.com:deeptho/neumodvb.git,28
MDEwOlJlcG9zaXRvcnk0MDA2Mzc0NjI=,2021-08-27T21:19:12Z,2026-04-10T03:03:34Z,2026-04-10T03:03:30Z,471,False,stochastic-generation,Andrew-Helmer/stochastic-generation,git@github.com:Andrew-Helmer/stochastic-generation.git,55
MDEwOlJlcG9zaXRvcnk0MDA2MjEzNzY=,2021-08-27T19:56:03Z,2026-03-01T17:37:26Z,2026-03-01T17:37:22Z,284435,False,amiga-qt6,elfpipe/amiga-qt6,git@github.com:elfpipe/amiga-qt6.git,7
MDEwOlJlcG9zaXRvcnk0MDA1NTA5NDY=,2021-08-27T15:16:42Z,2026-03-06T19:44:43Z,2026-03-06T19:44:37Z,1066,False,AndreiUtils,AndreiCostinescu/AndreiUtils,git@github.com:AndreiCostinescu/AndreiUtils.git,1
MDEwOlJlcG9zaXRvcnk0MDA1MDExMzY=,2021-08-27T12:25:48Z,2026-05-07T11:21:23Z,2026-05-07T11:21:19Z,130050,True,mujoco,google-deepmind/mujoco,git@github.com:google-deepmind/mujoco.git,13376
MDEwOlJlcG9zaXRvcnk0MDA0NDM5NTY=,2021-08-27T08:38:18Z,2026-04-27T13:49:20Z,2026-04-27T13:47:27Z,252,False,GearShiftIndicator,ryanjolliffe/GearShiftIndicator,git@github.com:ryanjolliffe/GearShiftIndicator.git,0
MDEwOlJlcG9zaXRvcnk0MDA0MDgyNjE=,2021-08-27T06:15:57Z,2026-04-30T11:32:02Z,2026-04-30T11:31:58Z,1260,True,sysrepo-cpp,sysrepo/sysrepo-cpp,git@github.com:sysrepo/sysrepo-cpp.git,9
MDEwOlJlcG9zaXRvcnk0MDAzNzU2NDg=,2021-08-27T03:24:47Z,2026-05-07T05:46:39Z,2026-05-07T05:46:35Z,2006,True,fuse-archive,google/fuse-archive,git@github.com:google/fuse-archive.git,246
MDEwOlJlcG9zaXRvcnk0MDAxNjY3NTU=,2021-08-26T12:48:52Z,2026-03-17T00:30:49Z,2026-03-17T00:30:51Z,95,True,Arduino_APA102,arduino-libraries/Arduino_APA102,git@github.com:arduino-libraries/Arduino_APA102.git,5
MDEwOlJlcG9zaXRvcnk0MDAwOTcyNDk=,2021-08-26T08:31:30Z,2026-05-07T01:43:21Z,2026-05-04T01:43:35Z,1515,True,hiviewdfx_hicollie,openharmony/hiviewdfx_hicollie,git@github.com:openharmony/hiviewdfx_hicollie.git,0
MDEwOlJlcG9zaXRvcnk0MDAwOTcyMjk=,2021-08-26T08:31:25Z,2026-05-07T01:43:10Z,2026-05-04T01:43:24Z,9943,True,hiviewdfx_hitrace,openharmony/hiviewdfx_hitrace,git@github.com:openharmony/hiviewdfx_hitrace.git,0
MDEwOlJlcG9zaXRvcnk0MDAwOTcwNzk=,2021-08-26T08:30:50Z,2026-05-07T01:42:08Z,2026-05-04T01:42:19Z,3652,True,telephony_cellular_data,openharmony/telephony_cellular_data,git@github.com:openharmony/telephony_cellular_data.git,0
MDEwOlJlcG9zaXRvcnk0MDAwOTcwNTQ=,2021-08-26T08:30:46Z,2026-05-07T01:41:15Z,2026-05-04T01:41:25Z,2714,True,telephony_ril_adapter,openharmony/telephony_ril_adapter,git@github.com:openharmony/telephony_ril_adapter.git,0
MDEwOlJlcG9zaXRvcnk0MDAwOTU5NDM=,2021-08-26T08:26:33Z,2026-05-07T01:36:21Z,2026-05-07T01:36:17Z,2410,True,powermgr_thermal_manager,openharmony/powermgr_thermal_manager,git@github.com:openharmony/powermgr_thermal_manager.git,0
MDEwOlJlcG9zaXRvcnk0MDAwOTU5MzE=,2021-08-26T08:26:29Z,2026-05-07T01:36:09Z,2026-05-04T01:36:24Z,1658,True,powermgr_battery_statistics,openharmony/powermgr_battery_statistics,git@github.com:openharmony/powermgr_battery_statistics.git,0
MDEwOlJlcG9zaXRvcnk0MDAwOTU4MDU=,2021-08-26T08:25:56Z,2026-05-07T01:34:57Z,2026-05-04T01:35:13Z,2391,True,sensors_miscdevice,openharmony/sensors_miscdevice,git@github.com:openharmony/sensors_miscdevice.git,0
MDEwOlJlcG9zaXRvcnk0MDAwOTU3NzQ=,2021-08-26T08:25:51Z,2026-05-07T01:34:45Z,2026-05-04T01:35:01Z,3390,True,sensors_sensor,openharmony/sensors_sensor,git@github.com:openharmony/sensors_sensor.git,0
MDEwOlJlcG9zaXRvcnk0MDAwOTUwNTA=,2021-08-26T08:23:13Z,2026-05-07T01:19:42Z,2026-05-04T01:19:51Z,1739,True,third_party_re2,openharmony/third_party_re2,git@github.com:openharmony/third_party_re2.git,0
MDEwOlJlcG9zaXRvcnk0MDAwOTQ5MzQ=,2021-08-26T08:22:46Z,2026-05-07T01:18:38Z,2026-05-04T01:18:45Z,27163,True,third_party_protobuf,openharmony/third_party_protobuf,git@github.com:openharmony/third_party_protobuf.git,0
MDEwOlJlcG9zaXRvcnk0MDAwOTQ3NTI=,2021-08-26T08:22:08Z,2026-05-07T01:17:17Z,2026-05-04T01:17:24Z,656,True,third_party_ninja,openharmony/third_party_ninja,git@github.com:openharmony/third_party_ninja.git,0
MDEwOlJlcG9zaXRvcnk0MDAwOTQ0MTI=,2021-08-26T08:20:54Z,2026-05-07T01:14:46Z,2026-05-01T01:24:06Z,20249,True,third_party_libphonenumber,openharmony/third_party_libphonenumber,git@github.com:openharmony/third_party_libphonenumber.git,0
MDEwOlJlcG9zaXRvcnk0MDAwOTMwNzc=,2021-08-26T08:16:09Z,2026-05-07T01:12:04Z,2026-05-01T01:20:24Z,286001,True,third_party_grpc,openharmony/third_party_grpc,git@github.com:openharmony/third_party_grpc.git,0
MDEwOlJlcG9zaXRvcnk0MDAwOTIyODY=,2021-08-26T08:13:18Z,2026-05-07T01:11:00Z,2026-05-04T01:10:54Z,2730,True,third_party_gn,openharmony/third_party_gn,git@github.com:openharmony/third_party_gn.git,0
MDEwOlJlcG9zaXRvcnk0MDAwOTIwMzg=,2021-08-26T08:12:23Z,2026-05-07T01:10:17Z,2026-05-04T01:10:04Z,16872,True,third_party_flatbuffers,openharmony/third_party_flatbuffers,git@github.com:openharmony/third_party_flatbuffers.git,0
MDEwOlJlcG9zaXRvcnk0MDAwOTE1MDA=,2021-08-26T08:10:19Z,2026-05-07T01:08:19Z,2026-05-04T01:08:02Z,14162,True,third_party_abseil-cpp,openharmony/third_party_abseil-cpp,git@github.com:openharmony/third_party_abseil-cpp.git,1
MDEwOlJlcG9zaXRvcnk0MDAwODQyNDg=,2021-08-26T07:44:07Z,2026-05-07T01:00:03Z,2026-05-07T00:59:52Z,58095,True,multimodalinput_input,openharmony/multimodalinput_input,git@github.com:openharmony/multimodalinput_input.git,2
MDEwOlJlcG9zaXRvcnk0MDAwODM4Njk=,2021-08-26T07:42:53Z,2026-05-06T23:53:05Z,2026-05-06T23:52:55Z,43624,True,communication_wifi,openharmony/communication_wifi,git@github.com:openharmony/communication_wifi.git,5
MDEwOlJlcG9zaXRvcnk0MDAwODM4NDk=,2021-08-26T07:42:48Z,2026-05-06T23:52:29Z,2026-05-03T23:50:10Z,8643,True,communication_ipc,openharmony/communication_ipc,git@github.com:openharmony/communication_ipc.git,8
MDEwOlJlcG9zaXRvcnk0MDAwODM4MjE=,2021-08-26T07:42:42Z,2026-05-06T23:52:16Z,2026-05-06T23:52:04Z,60389,True,communication_dsoftbus,openharmony/communication_dsoftbus,git@github.com:openharmony/communication_dsoftbus.git,22
MDEwOlJlcG9zaXRvcnk0MDAwODMwMjI=,2021-08-26T07:39:47Z,2026-05-06T22:25:35Z,2026-05-03T22:21:45Z,1001,True,telephony_state_registry,openharmony/telephony_state_registry,git@github.com:openharmony/telephony_state_registry.git,0
MDEwOlJlcG9zaXRvcnk0MDAwODI5OTk=,2021-08-26T07:39:42Z,2026-05-06T22:25:24Z,2026-05-06T22:25:20Z,5170,True,telephony_sms_mms,openharmony/telephony_sms_mms,git@github.com:openharmony/telephony_sms_mms.git,0
MDEwOlJlcG9zaXRvcnk0MDAwODI5Njg=,2021-08-26T07:39:36Z,2026-05-06T22:25:12Z,2026-05-03T22:21:22Z,25887,True,telephony_core_service,openharmony/telephony_core_service,git@github.com:openharmony/telephony_core_service.git,2
MDEwOlJlcG9zaXRvcnk0MDAwODI5Mjg=,2021-08-26T07:39:28Z,2026-05-06T22:24:59Z,2026-05-03T22:21:10Z,3170,True,telephony_cellular_call,openharmony/telephony_cellular_call,git@github.com:openharmony/telephony_cellular_call.git,0
MDEwOlJlcG9zaXRvcnk0MDAwODI5MDk=,2021-08-26T07:39:22Z,2026-05-06T22:24:56Z,2026-05-06T22:24:43Z,25945,True,telephony_call_manager,openharmony/telephony_call_manager,git@github.com:openharmony/telephony_call_manager.git,0
MDEwOlJlcG9zaXRvcnk0MDAwODI4Nzc=,2021-08-26T07:39:16Z,2026-05-06T22:24:33Z,2026-05-06T22:24:28Z,9761,True,startup_appspawn,openharmony/startup_appspawn,git@github.com:openharmony/startup_appspawn.git,2
MDEwOlJlcG9zaXRvcnk0MDAwODI4NDI=,2021-08-26T07:39:10Z,2026-05-06T22:24:19Z,2026-05-03T22:20:32Z,302,True,security_dataclassification,openharmony/security_dataclassification,git@github.com:openharmony/security_dataclassification.git,0
MDEwOlJlcG9zaXRvcnk0MDAwODI4MDk=,2021-08-26T07:39:04Z,2026-05-06T22:24:09Z,2026-05-06T22:24:05Z,6584,True,powermgr_power_manager,openharmony/powermgr_power_manager,git@github.com:openharmony/powermgr_power_manager.git,3
MDEwOlJlcG9zaXRvcnk0MDAwODI3ODI=,2021-08-26T07:38:57Z,2026-05-06T22:23:56Z,2026-05-05T22:19:18Z,1621,True,powermgr_display_manager,openharmony/powermgr_display_manager,git@github.com:openharmony/powermgr_display_manager.git,0
MDEwOlJlcG9zaXRvcnk0MDAwODI3NjA=,2021-08-26T07:38:51Z,2026-05-06T22:23:45Z,2026-05-06T22:23:41Z,3288,True,powermgr_battery_manager,openharmony/powermgr_battery_manager,git@github.com:openharmony/powermgr_battery_manager.git,2
MDEwOlJlcG9zaXRvcnk0MDAwODI2ODA=,2021-08-26T07:38:33Z,2026-05-06T22:23:08Z,2026-05-06T22:23:03Z,13331,True,hiviewdfx_hiview,openharmony/hiviewdfx_hiview,git@github.com:openharmony/hiviewdfx_hiview.git,0
MDEwOlJlcG9zaXRvcnk0MDAwODI2NTA=,2021-08-26T07:38:27Z,2026-05-06T22:22:53Z,2026-05-03T22:19:08Z,1686,True,hiviewdfx_hisysevent,openharmony/hiviewdfx_hisysevent,git@github.com:openharmony/hiviewdfx_hisysevent.git,0
MDEwOlJlcG9zaXRvcnk0MDAwODI2MjQ=,2021-08-26T07:38:22Z,2026-05-06T22:22:42Z,2026-05-03T22:18:57Z,1902,True,hiviewdfx_hilog,openharmony/hiviewdfx_hilog,git@github.com:openharmony/hiviewdfx_hilog.git,5
MDEwOlJlcG9zaXRvcnk0MDAwODI1OTE=,2021-08-26T07:38:14Z,2026-05-06T22:22:31Z,2026-05-03T22:18:46Z,1845,True,hiviewdfx_hiappevent,openharmony/hiviewdfx_hiappevent,git@github.com:openharmony/hiviewdfx_hiappevent.git,0
MDEwOlJlcG9zaXRvcnk0MDAwODI1NzI=,2021-08-26T07:38:09Z,2026-05-06T22:22:19Z,2026-05-06T22:22:15Z,9039,True,hiviewdfx_faultloggerd,openharmony/hiviewdfx_faultloggerd,git@github.com:openharmony/hiviewdfx_faultloggerd.git,2
MDEwOlJlcG9zaXRvcnk0MDAwODI0Nzk=,2021-08-26T07:37:50Z,2026-05-06T22:20:30Z,2026-05-05T22:15:57Z,40195,True,account_os_account,openharmony/account_os_account,git@github.com:openharmony/account_os_account.git,4
MDEwOlJlcG9zaXRvcnk0MDAwODIwNTY=,2021-08-26T07:36:10Z,2026-05-06T22:12:12Z,2026-05-03T22:08:43Z,89199,True,communication_bluetooth,openharmony/communication_bluetooth,git@github.com:openharmony/communication_bluetooth.git,4
MDEwOlJlcG9zaXRvcnk0MDAwODIwMjk=,2021-08-26T07:36:05Z,2026-05-06T22:11:59Z,2026-05-06T22:11:53Z,46290,True,drivers_peripheral,openharmony/drivers_peripheral,git@github.com:openharmony/drivers_peripheral.git,1
MDEwOlJlcG9zaXRvcnk0MDAwODE5NDU=,2021-08-26T07:35:46Z,2026-05-06T22:11:31Z,2026-05-03T22:08:06Z,8626,True,developtools_packing_tool,openharmony/developtools_packing_tool,git@github.com:openharmony/developtools_packing_tool.git,1
MDEwOlJlcG9zaXRvcnk0MDAwODE3NDU=,2021-08-26T07:34:58Z,2026-05-06T22:09:37Z,2026-05-03T22:06:32Z,813,True,global_i18n_lite,openharmony/global_i18n_lite,git@github.com:openharmony/global_i18n_lite.git,0
MDEwOlJlcG9zaXRvcnk0MDAwODExMDg=,2021-08-26T07:32:15Z,2024-10-29T12:42:02Z,2026-03-21T01:22:43Z,228,True,applications_camera_screensaver_app,openharmony/applications_camera_screensaver_app,git@github.com:openharmony/applications_camera_screensaver_app.git,0
MDEwOlJlcG9zaXRvcnk0MDAwODA5ODY=,2021-08-26T07:31:47Z,2026-05-06T22:05:45Z,2026-05-03T22:02:42Z,5394,True,ai_engine,openharmony/ai_engine,git@github.com:openharmony/ai_engine.git,8
MDEwOlJlcG9zaXRvcnk0MDAwNzcyOTM=,2021-08-26T07:18:16Z,2026-05-06T21:27:41Z,2026-05-03T21:26:35Z,6972,True,third_party_googletest,openharmony/third_party_googletest,git@github.com:openharmony/third_party_googletest.git,0
MDEwOlJlcG9zaXRvcnk0MDAwNzY2ODg=,2021-08-26T07:15:56Z,2026-05-06T21:23:25Z,2026-05-03T21:22:27Z,15512,True,security_huks,openharmony/security_huks,git@github.com:openharmony/security_huks.git,2
MDEwOlJlcG9zaXRvcnk0MDAwNzY2MzM=,2021-08-26T07:15:44Z,2026-05-06T21:22:59Z,2026-05-03T21:22:01Z,1479,True,security_appverify,openharmony/security_appverify,git@github.com:openharmony/security_appverify.git,2
MDEwOlJlcG9zaXRvcnk0MDAwNzY1NDk=,2021-08-26T07:15:27Z,2026-05-06T21:22:38Z,2026-05-03T21:21:40Z,666,True,multimedia_media_lite,openharmony/multimedia_media_lite,git@github.com:openharmony/multimedia_media_lite.git,2
MDEwOlJlcG9zaXRvcnk0MDAwNzY1MjU=,2021-08-26T07:15:21Z,2026-05-06T21:22:27Z,2026-05-03T21:21:29Z,331,True,multimedia_camera_lite,openharmony/multimedia_camera_lite,git@github.com:openharmony/multimedia_camera_lite.git,0
MDEwOlJlcG9zaXRvcnk0MDAwNzY1MDc=,2021-08-26T07:15:16Z,2026-05-06T21:22:17Z,2026-05-03T21:21:18Z,228,True,multimedia_audio_lite,openharmony/multimedia_audio_lite,git@github.com:openharmony/multimedia_audio_lite.git,1
MDEwOlJlcG9zaXRvcnk0MDAwNzU4MjM=,2021-08-26T07:12:50Z,2026-05-06T21:18:05Z,2026-03-29T03:10:56Z,925,True,applications_sample_camera,openharmony/applications_sample_camera,git@github.com:openharmony/applications_sample_camera.git,0
MDEwOlJlcG9zaXRvcnkzOTk4ODk2MzQ=,2021-08-25T16:39:18Z,2026-05-02T10:15:37Z,2026-05-01T15:36:17Z,150,False,HyperSerialESP32,awawa-dev/HyperSerialESP32,git@github.com:awawa-dev/HyperSerialESP32.git,116
MDEwOlJlcG9zaXRvcnkzOTk2MDk2MDY=,2021-08-24T21:30:31Z,2026-05-07T08:41:00Z,2026-05-07T08:40:56Z,15836,False,worker,cloxkzii/worker,git@github.com:cloxkzii/worker.git,2
MDEwOlJlcG9zaXRvcnkzOTk1OTA5NzQ=,2021-08-24T20:04:43Z,2026-05-06T15:52:46Z,2026-04-14T06:11:45Z,3564,True,obs-streamup,StreamUPTips/obs-streamup,git@github.com:StreamUPTips/obs-streamup.git,58
MDEwOlJlcG9zaXRvcnkzOTk1ODg1MDQ=,2021-08-24T19:54:43Z,2026-03-05T17:26:50Z,2026-03-05T17:26:44Z,91512,False,3d_map_builder,nickcharron/3d_map_builder,git@github.com:nickcharron/3d_map_builder.git,20
MDEwOlJlcG9zaXRvcnkzOTk1MjU4MDM=,2021-08-24T15:59:13Z,2026-05-01T20:02:32Z,2026-04-24T06:21:17Z,181024,True,games-samples,android/games-samples,git@github.com:android/games-samples.git,288
MDEwOlJlcG9zaXRvcnkzOTk0OTM0MDU=,2021-08-24T14:21:40Z,2026-04-20T10:28:01Z,2026-04-20T10:27:58Z,85,False,node-napi-cryptopp,skitsanos/node-napi-cryptopp,git@github.com:skitsanos/node-napi-cryptopp.git,1
MDEwOlJlcG9zaXRvcnkzOTkzMjc2MDU=,2021-08-24T03:52:23Z,2026-05-07T07:32:08Z,2026-04-27T09:38:52Z,231341,False,CPP,ShiqiYu/CPP,git@github.com:ShiqiYu/CPP.git,2766
MDEwOlJlcG9zaXRvcnkzOTkyNjE3NDE=,2021-08-23T22:15:11Z,2026-04-14T17:29:00Z,2026-04-14T17:30:15Z,679,False,flexi_config_reader,miker2/flexi_config_reader,git@github.com:miker2/flexi_config_reader.git,4
MDEwOlJlcG9zaXRvcnkzOTkxODA3Mzg=,2021-08-23T16:50:31Z,2026-04-30T09:01:31Z,2026-04-30T09:01:25Z,816,True,orca-jedi,MetOffice/orca-jedi,git@github.com:MetOffice/orca-jedi.git,3
MDEwOlJlcG9zaXRvcnkzOTkxNTg5NDI=,2021-08-23T15:41:05Z,2026-04-05T14:39:42Z,2026-03-16T22:16:11Z,701,True,copc-lib,RockRobotic/copc-lib,git@github.com:RockRobotic/copc-lib.git,60
MDEwOlJlcG9zaXRvcnkzOTkxNTEyNzg=,2021-08-23T15:16:18Z,2026-04-25T16:09:31Z,2026-04-25T16:09:27Z,8503,False,kyopro,Chipppppppppp/kyopro,git@github.com:Chipppppppppp/kyopro.git,4
MDEwOlJlcG9zaXRvcnkzOTkwODU5Njg=,2021-08-23T11:57:16Z,2026-03-01T13:15:17Z,2026-03-01T13:15:21Z,26,False,node-napi-cpp,skitsanos/node-napi-cpp,git@github.com:skitsanos/node-napi-cpp.git,2
MDEwOlJlcG9zaXRvcnkzOTkwNjgxMDQ=,2021-08-23T10:54:50Z,2026-04-28T19:46:42Z,2026-05-04T17:02:32Z,20468,True,OpenAssetIO,OpenAssetIO/OpenAssetIO,git@github.com:OpenAssetIO/OpenAssetIO.git,335
MDEwOlJlcG9zaXRvcnkzOTg5NjM5MTU=,2021-08-23T03:38:55Z,2026-04-26T04:45:57Z,2026-04-24T01:25:57Z,2395,False,VapourSynth-Editor,YomikoR/VapourSynth-Editor,git@github.com:YomikoR/VapourSynth-Editor.git,175
MDEwOlJlcG9zaXRvcnkzOTg5MDA3OTI=,2021-08-22T21:02:40Z,2026-04-17T02:23:09Z,2026-03-29T20:14:29Z,1209,True,QD,BL-highprecision/QD,git@github.com:BL-highprecision/QD.git,20
MDEwOlJlcG9zaXRvcnkzOTg4NjM0MDM=,2021-08-22T17:50:03Z,2026-05-07T04:09:06Z,2026-05-04T19:58:51Z,95132,False,FluidNC,bdring/FluidNC,git@github.com:bdring/FluidNC.git,2382
MDEwOlJlcG9zaXRvcnkzOTg3NzA3MDk=,2021-08-22T10:21:35Z,2026-05-07T09:40:37Z,2026-05-07T09:40:32Z,326574,False,p2pool,SChernykh/p2pool,git@github.com:SChernykh/p2pool.git,1440
MDEwOlJlcG9zaXRvcnkzOTg3NTQzNzU=,2021-08-22T08:50:20Z,2026-03-15T07:36:41Z,2026-03-15T07:36:36Z,7241,False,cppLearning,JinBo-940416/cppLearning,git@github.com:JinBo-940416/cppLearning.git,0
MDEwOlJlcG9zaXRvcnkzOTg2Nzk3MTY=,2021-08-22T00:08:57Z,2026-05-07T09:41:54Z,2026-05-02T22:08:12Z,17799,True,gta-reversed,gta-reversed/gta-reversed,git@github.com:gta-reversed/gta-reversed.git,552
MDEwOlJlcG9zaXRvcnkzOTg2MzIwMjI=,2021-08-21T18:37:43Z,2026-04-12T05:16:13Z,2026-03-18T17:32:21Z,8472,True,loda-cpp,loda-lang/loda-cpp,git@github.com:loda-lang/loda-cpp.git,29
MDEwOlJlcG9zaXRvcnkzOTg2MDQzNDY=,2021-08-21T16:21:53Z,2026-04-27T19:15:53Z,2026-04-27T19:15:49Z,188,False,panima,Silverlan/panima,git@github.com:Silverlan/panima.git,1
MDEwOlJlcG9zaXRvcnkzOTgzMDUwODA=,2021-08-20T14:35:18Z,2026-05-03T16:52:07Z,2026-05-03T16:52:02Z,2225,False,PV-discharge-Dimmer-AC-Dimmer-KIT-Robotdyn,xlyric/PV-discharge-Dimmer-AC-Dimmer-KIT-Robotdyn,git@github.com:xlyric/PV-discharge-Dimmer-AC-Dimmer-KIT-Robotdyn.git,23
MDEwOlJlcG9zaXRvcnkzOTgyNjk0NTA=,2021-08-20T12:29:59Z,2026-05-05T17:07:08Z,2026-04-23T08:15:43Z,9438,True,gipOpenNN,GlistPlugins/gipOpenNN,git@github.com:GlistPlugins/gipOpenNN.git,25
MDEwOlJlcG9zaXRvcnkzOTgyNDMzODU=,2021-08-20T10:45:23Z,2026-04-08T09:08:09Z,2026-04-13T11:35:33Z,8563,True,alise,avm-energo/alise,git@github.com:avm-energo/alise.git,0
MDEwOlJlcG9zaXRvcnkzOTgyMjg2NjQ=,2021-08-20T09:47:02Z,2026-05-04T11:56:11Z,2026-05-02T05:07:21Z,550826,True,Framework,MafiaHub/Framework,git@github.com:MafiaHub/Framework.git,58
MDEwOlJlcG9zaXRvcnkzOTgxODYwMzQ=,2021-08-20T07:01:37Z,2026-05-07T08:19:35Z,2026-05-07T08:21:10Z,399,True,M5Unit-DDS,m5stack/M5Unit-DDS,git@github.com:m5stack/M5Unit-DDS.git,1
MDEwOlJlcG9zaXRvcnkzOTgxNzA1Mzg=,2021-08-20T05:55:22Z,2026-04-29T03:39:01Z,2026-04-29T03:44:17Z,695,True,AzureCppUtils,SiddiqSoft/AzureCppUtils,git@github.com:SiddiqSoft/AzureCppUtils.git,0
MDEwOlJlcG9zaXRvcnkzOTgxNTU4NDg=,2021-08-20T04:35:29Z,2026-05-02T03:48:05Z,2026-05-02T03:53:56Z,45963,False,aflat,DeForestt/aflat,git@github.com:DeForestt/aflat.git,12
MDEwOlJlcG9zaXRvcnkzOTgwNzM3ODI=,2021-08-19T21:03:14Z,2026-04-24T16:54:26Z,2026-04-24T16:54:20Z,6,False,NFCReader,timhawes/NFCReader,git@github.com:timhawes/NFCReader.git,0
MDEwOlJlcG9zaXRvcnkzOTgwNDk5NTQ=,2021-08-19T19:13:03Z,2026-05-05T07:49:01Z,2026-03-06T21:50:49Z,59,False,ArduPID,PowerBroker2/ArduPID,git@github.com:PowerBroker2/ArduPID.git,118
MDEwOlJlcG9zaXRvcnkzOTgwNDIyNDk=,2021-08-19T18:42:26Z,2026-04-25T16:06:19Z,2026-04-25T16:06:15Z,361,False,flutter2-basico-todo-bloc-08,libredesarrollo/flutter2-basico-todo-bloc-08,git@github.com:libredesarrollo/flutter2-basico-todo-bloc-08.git,1
MDEwOlJlcG9zaXRvcnkzOTc4ODg3OTA=,2021-08-19T09:31:37Z,2026-04-29T15:51:58Z,2026-04-29T15:51:54Z,12436,True,hector_math,tu-darmstadt-ros-pkg/hector_math,git@github.com:tu-darmstadt-ros-pkg/hector_math.git,1
MDEwOlJlcG9zaXRvcnkzOTc3NTk1ODQ=,2021-08-18T23:25:52Z,2026-04-06T15:53:20Z,2026-04-27T19:37:20Z,73894,True,IA2-Phase2,immunant/IA2-Phase2,git@github.com:immunant/IA2-Phase2.git,8
MDEwOlJlcG9zaXRvcnkzOTc3MjI3Njg=,2021-08-18T20:07:35Z,2026-05-02T14:51:30Z,2026-05-02T14:51:25Z,925,False,flutter2-animaciones-07,libredesarrollo/flutter2-animaciones-07,git@github.com:libredesarrollo/flutter2-animaciones-07.git,1
MDEwOlJlcG9zaXRvcnkzOTc2OTc3ODM=,2021-08-18T18:23:01Z,2026-05-05T02:22:02Z,2026-05-05T02:21:59Z,91334,False,Data_aq,cpp-baja-sae/Data_aq,git@github.com:cpp-baja-sae/Data_aq.git,1
MDEwOlJlcG9zaXRvcnkzOTc2MzI4ODA=,2021-08-18T14:37:00Z,2026-05-05T16:02:09Z,2026-05-05T16:01:03Z,31139,False,jaffarPlus,SergioMartin86/jaffarPlus,git@github.com:SergioMartin86/jaffarPlus.git,22
MDEwOlJlcG9zaXRvcnkzOTc2MTM4MjQ=,2021-08-18T13:38:36Z,2026-04-02T21:10:51Z,2026-04-02T21:10:46Z,329,True,sspmodules,DUNE-DAQ/sspmodules,git@github.com:DUNE-DAQ/sspmodules.git,0
MDEwOlJlcG9zaXRvcnkzOTc1MjgwNDI=,2021-08-18T08:29:45Z,2026-05-06T00:40:17Z,2026-05-06T00:40:14Z,19992,True,poppler,sailfishos-mirror/poppler,git@github.com:sailfishos-mirror/poppler.git,0
MDEwOlJlcG9zaXRvcnkzOTc0NzcyMjk=,2021-08-18T04:57:06Z,2026-05-04T00:44:24Z,2026-05-04T00:38:44Z,992,True,CosmosClient,SiddiqSoft/CosmosClient,git@github.com:SiddiqSoft/CosmosClient.git,0
MDEwOlJlcG9zaXRvcnkzOTczMjQxNzQ=,2021-08-17T16:32:56Z,2026-05-05T07:18:55Z,2026-05-07T09:02:56Z,141815,True,dakota,snl-dakota/dakota,git@github.com:snl-dakota/dakota.git,145
MDEwOlJlcG9zaXRvcnkzOTczMjEwNzA=,2021-08-17T16:21:41Z,2026-04-21T18:18:47Z,2026-04-21T18:18:42Z,12256,True,pecos,snl-dakota/pecos,git@github.com:snl-dakota/pecos.git,0
MDEwOlJlcG9zaXRvcnkzOTcyODQzMTk=,2021-08-17T14:20:14Z,2026-05-03T12:45:32Z,2026-03-04T21:01:10Z,167,False,SwitchWave,averne/SwitchWave,git@github.com:averne/SwitchWave.git,105
MDEwOlJlcG9zaXRvcnkzOTcyMjcwOTI=,2021-08-17T11:25:14Z,2026-04-20T15:40:15Z,2026-04-20T15:40:10Z,13258,False,SlicerBigImage,gaoyi/SlicerBigImage,git@github.com:gaoyi/SlicerBigImage.git,9
MDEwOlJlcG9zaXRvcnkzOTcxOTcxNTQ=,2021-08-17T09:48:09Z,2026-04-10T07:49:11Z,2026-04-10T07:49:16Z,75585,True,xeus-lua,jupyter-xeus/xeus-lua,git@github.com:jupyter-xeus/xeus-lua.git,80
MDEwOlJlcG9zaXRvcnkzOTY3OTI5MjI=,2021-08-16T12:50:52Z,2026-04-29T01:34:11Z,2026-05-05T21:04:03Z,101184,False,Surge_Expired,ridhwandll/Surge_Expired,git@github.com:ridhwandll/Surge_Expired.git,3
MDEwOlJlcG9zaXRvcnkzOTY3NDMyNDk=,2021-08-16T10:32:44Z,2026-03-22T09:44:58Z,2026-03-22T09:44:54Z,524381,True,linuxtoolchain,BerlinUnited/linuxtoolchain,git@github.com:BerlinUnited/linuxtoolchain.git,0
MDEwOlJlcG9zaXRvcnkzOTY2NjcwMjI=,2021-08-16T07:08:32Z,2026-05-07T08:27:33Z,2026-05-07T08:27:57Z,5057,True,umappp,libscran/umappp,git@github.com:libscran/umappp.git,76
MDEwOlJlcG9zaXRvcnkzOTYzOTgzNTM=,2021-08-15T15:33:05Z,2026-05-06T22:44:34Z,2026-05-06T19:22:33Z,776172,False,pipedal,rerdavies/pipedal,git@github.com:rerdavies/pipedal.git,259
MDEwOlJlcG9zaXRvcnkzOTYzODU0NDY=,2021-08-15T14:52:38Z,2026-05-01T16:29:24Z,2026-04-28T21:14:10Z,146,False,IbInputSimulator,Chaoses-Ib/IbInputSimulator,git@github.com:Chaoses-Ib/IbInputSimulator.git,505
MDEwOlJlcG9zaXRvcnkzOTYzNDE2NTc=,2021-08-15T12:20:08Z,2026-05-02T13:18:38Z,2026-04-25T00:19:01Z,29075,True,sdk,AmplitudeAudio/sdk,git@github.com:AmplitudeAudio/sdk.git,75
MDEwOlJlcG9zaXRvcnkzOTYzMzYxMTI=,2021-08-15T11:58:56Z,2026-04-02T17:06:37Z,2026-05-01T18:14:22Z,2537,True,app,Poop-Journal/app,git@github.com:Poop-Journal/app.git,1
MDEwOlJlcG9zaXRvcnkzOTYyNzk1NDI=,2021-08-15T08:32:17Z,2026-04-30T08:19:19Z,2026-03-17T09:50:46Z,16105,False,python-exiv2,jim-easterbrook/python-exiv2,git@github.com:jim-easterbrook/python-exiv2.git,25
MDEwOlJlcG9zaXRvcnkzOTYyMDQ5NTc=,2021-08-15T03:40:17Z,2026-04-04T07:50:49Z,2026-03-02T22:42:32Z,570,True,android_hardware_waydroid,waydroid/android_hardware_waydroid,git@github.com:waydroid/android_hardware_waydroid.git,37
MDEwOlJlcG9zaXRvcnkzOTYxNDU4NTc=,2021-08-14T22:21:28Z,2026-04-26T22:38:20Z,2026-04-26T22:38:15Z,159,False,SocketClient,gregtriant/SocketClient,git@github.com:gregtriant/SocketClient.git,1
MDEwOlJlcG9zaXRvcnkzOTYxMzE3MTA=,2021-08-14T21:11:37Z,2026-03-19T03:24:22Z,2026-03-19T03:25:14Z,1447,False,AIS_IoT_4G,gravitech-engineer/AIS_IoT_4G,git@github.com:gravitech-engineer/AIS_IoT_4G.git,25
MDEwOlJlcG9zaXRvcnkzOTU3NDg4MTI=,2021-08-13T18:06:34Z,2026-05-06T05:03:15Z,2026-04-24T21:49:16Z,3454,True,saucer,saucer/saucer,git@github.com:saucer/saucer.git,857
MDEwOlJlcG9zaXRvcnkzOTU3MDY0NTM=,2021-08-13T15:38:59Z,2026-03-26T18:10:31Z,2026-05-06T15:56:07Z,1548,True,golem,usi-verification-and-security/golem,git@github.com:usi-verification-and-security/golem.git,51
MDEwOlJlcG9zaXRvcnkzOTU2OTA1NzE=,2021-08-13T14:48:18Z,2026-04-30T18:24:39Z,2026-04-15T16:02:35Z,482,True,microstrain_inertial_driver_common,LORD-MicroStrain/microstrain_inertial_driver_common,git@github.com:LORD-MicroStrain/microstrain_inertial_driver_common.git,6
MDEwOlJlcG9zaXRvcnkzOTU2NzIyNDk=,2021-08-13T13:51:29Z,2026-04-22T13:09:02Z,2026-04-22T13:08:58Z,2546,True,vk-utils,msu-graphics-group/vk-utils,git@github.com:msu-graphics-group/vk-utils.git,1
MDEwOlJlcG9zaXRvcnkzOTU2MDk3MTI=,2021-08-13T10:20:35Z,2026-05-06T06:55:23Z,2026-04-23T09:00:24Z,507,True,ros_babel_fish,LOEWE-emergenCITY/ros_babel_fish,git@github.com:LOEWE-emergenCITY/ros_babel_fish.git,59
MDEwOlJlcG9zaXRvcnkzOTU2MDUyODM=,2021-08-13T10:05:07Z,2026-04-02T15:00:14Z,2026-04-02T15:35:29Z,66,True,gecko-camera,sailfishos/gecko-camera,git@github.com:sailfishos/gecko-camera.git,2
MDEwOlJlcG9zaXRvcnkzOTU1OTM3NjI=,2021-08-13T09:28:36Z,2026-03-31T01:40:41Z,2026-05-07T03:03:17Z,7650,True,firebolt-apis,rdkcentral/firebolt-apis,git@github.com:rdkcentral/firebolt-apis.git,17
MDEwOlJlcG9zaXRvcnkzOTU0NTU2Mjk=,2021-08-12T22:11:55Z,2026-04-29T20:18:52Z,2026-04-29T20:18:47Z,6800,False,canis,EricWRogers/canis,git@github.com:EricWRogers/canis.git,2
MDEwOlJlcG9zaXRvcnkzOTU0MjE4NTM=,2021-08-12T19:18:44Z,2026-04-27T11:31:20Z,2026-05-05T15:16:24Z,46006,True,coma,avm-energo/coma,git@github.com:avm-energo/coma.git,3
MDEwOlJlcG9zaXRvcnkzOTU0MTU1MDE=,2021-08-12T18:50:38Z,2026-04-30T09:43:37Z,2026-04-30T09:43:33Z,40,True,maxmind-geoip,halon-extras/maxmind-geoip,git@github.com:halon-extras/maxmind-geoip.git,0
MDEwOlJlcG9zaXRvcnkzOTU0MDEwMTI=,2021-08-12T17:49:03Z,2026-04-02T14:29:56Z,2026-05-03T17:39:41Z,1604,False,snet,Voev/snet,git@github.com:Voev/snet.git,0
MDEwOlJlcG9zaXRvcnkzOTU0MDAzNjg=,2021-08-12T17:46:21Z,2026-03-04T17:46:42Z,2026-03-04T17:47:02Z,83,False,AGS02MA,RobTillaart/AGS02MA,git@github.com:RobTillaart/AGS02MA.git,16
MDEwOlJlcG9zaXRvcnkzOTUzNTUwODg=,2021-08-12T14:58:08Z,2026-04-30T09:41:54Z,2026-05-01T22:09:15Z,109,False,HyperSPI,awawa-dev/HyperSPI,git@github.com:awawa-dev/HyperSPI.git,89
MDEwOlJlcG9zaXRvcnkzOTUzNDEzODM=,2021-08-12T14:12:24Z,2026-05-07T08:49:08Z,2026-05-06T20:03:15Z,31061,False,JoltPhysics,jrouwe/JoltPhysics,git@github.com:jrouwe/JoltPhysics.git,10291
MDEwOlJlcG9zaXRvcnkzOTUyODIwNTU=,2021-08-12T10:34:08Z,2026-05-05T09:34:19Z,2026-05-07T10:24:10Z,68029,True,memilio,SciCompMod/memilio,git@github.com:SciCompMod/memilio.git,67
MDEwOlJlcG9zaXRvcnkzOTUyMzkwMzQ=,2021-08-12T07:51:09Z,2026-04-12T15:15:58Z,2026-04-12T15:15:56Z,359,False,PBRTv3,hdgbdn/PBRTv3,git@github.com:hdgbdn/PBRTv3.git,0
MDEwOlJlcG9zaXRvcnkzOTUxMjg2MDQ=,2021-08-11T22:14:48Z,2026-03-28T16:00:24Z,2026-03-28T16:00:55Z,245,False,SuitableStruct,ihor-drachuk/SuitableStruct,git@github.com:ihor-drachuk/SuitableStruct.git,1
MDEwOlJlcG9zaXRvcnkzOTUxMTkxNDc=,2021-08-11T21:19:58Z,2026-04-14T12:12:15Z,2026-04-29T09:01:44Z,1313,True,bugsnag-unreal,bugsnag/bugsnag-unreal,git@github.com:bugsnag/bugsnag-unreal.git,8
MDEwOlJlcG9zaXRvcnkzOTUxMTExNjI=,2021-08-11T20:38:33Z,2026-04-30T07:09:34Z,2026-04-14T02:52:41Z,4114,True,private-membership,google/private-membership,git@github.com:google/private-membership.git,60
MDEwOlJlcG9zaXRvcnkzOTUwOTA5Mzc=,2021-08-11T19:04:06Z,2026-05-06T19:49:51Z,2026-04-28T16:43:30Z,75017,True,Desktop-App,Windscribe/Desktop-App,git@github.com:Windscribe/Desktop-App.git,942
MDEwOlJlcG9zaXRvcnkzOTUwOTA1OTQ=,2021-08-11T19:02:39Z,2026-03-04T12:37:23Z,2026-03-04T12:37:18Z,4847,True,libblobstamper,postgrespro/libblobstamper,git@github.com:postgrespro/libblobstamper.git,18
MDEwOlJlcG9zaXRvcnkzOTUwNjEzODY=,2021-08-11T17:03:33Z,2026-05-06T07:30:53Z,2026-04-28T13:36:02Z,1815,True,rm_controllers,rm-controls/rm_controllers,git@github.com:rm-controls/rm_controllers.git,134
MDEwOlJlcG9zaXRvcnkzOTUwNDUyNTE=,2021-08-11T16:02:08Z,2026-03-23T19:17:51Z,2026-03-23T19:30:19Z,14687,True,cyrsoxs,usnistgov/cyrsoxs,git@github.com:usnistgov/cyrsoxs.git,14
MDEwOlJlcG9zaXRvcnkzOTQ5OTA1MzM=,2021-08-11T13:02:06Z,2026-05-05T15:50:25Z,2026-05-05T14:24:48Z,9524,True,ZenDNN,amd/ZenDNN,git@github.com:amd/ZenDNN.git,144
MDEwOlJlcG9zaXRvcnkzOTQ5Njc3NDU=,2021-08-11T11:37:13Z,2026-04-23T12:32:17Z,2026-03-11T06:59:03Z,942,False,MideaUART,dudanov/MideaUART,git@github.com:dudanov/MideaUART.git,99
MDEwOlJlcG9zaXRvcnkzOTQ5NjUwMDA=,2021-08-11T11:25:54Z,2026-05-06T12:02:47Z,2026-05-06T12:02:45Z,45,False,IFEM-HM,akva2/IFEM-HM,git@github.com:akva2/IFEM-HM.git,0
MDEwOlJlcG9zaXRvcnkzOTQ5MzExNjI=,2021-08-11T09:15:29Z,2026-04-23T13:01:17Z,2026-04-23T13:01:14Z,42992,True,UGrid,Deltares/UGrid,git@github.com:Deltares/UGrid.git,4
MDEwOlJlcG9zaXRvcnkzOTQ5MDIwNTk=,2021-08-11T07:29:06Z,2026-05-04T20:14:36Z,2026-05-04T20:14:30Z,1695,True,aviso-fes,CNES/aviso-fes,git@github.com:CNES/aviso-fes.git,121
MDEwOlJlcG9zaXRvcnkzOTQ4OTI2ODY=,2021-08-11T06:56:06Z,2026-04-12T14:50:29Z,2026-03-15T10:37:52Z,48,False,CST816S,fbiego/CST816S,git@github.com:fbiego/CST816S.git,76
MDEwOlJlcG9zaXRvcnkzOTQ1NDMwMjk=,2021-08-10T06:04:37Z,2026-05-07T09:04:48Z,2026-05-01T08:15:38Z,47705,True,rm_control,rm-controls/rm_control,git@github.com:rm-controls/rm_control.git,290
MDEwOlJlcG9zaXRvcnkzOTQ0ODI5OTE=,2021-08-10T00:49:06Z,2026-03-31T11:10:00Z,2026-03-31T11:07:52Z,573773,False,CylleneDependencies,USwampertor/CylleneDependencies,git@github.com:USwampertor/CylleneDependencies.git,0
MDEwOlJlcG9zaXRvcnkzOTQ0NjIzNDM=,2021-08-09T23:00:22Z,2026-03-23T14:06:24Z,2026-03-07T16:33:02Z,51792,False,Chess,cucumberbolts/Chess,git@github.com:cucumberbolts/Chess.git,26
MDEwOlJlcG9zaXRvcnkzOTQ0NDQyNzM=,2021-08-09T21:31:18Z,2026-04-20T21:52:17Z,2026-04-20T21:52:12Z,15828,False,minerva,kevindelafield/minerva,git@github.com:kevindelafield/minerva.git,0
MDEwOlJlcG9zaXRvcnkzOTQzODE2MTk=,2021-08-09T17:27:50Z,2026-03-04T12:54:03Z,2026-04-16T21:15:03Z,43,True,image_transport_tutorials,ros-perception/image_transport_tutorials,git@github.com:ros-perception/image_transport_tutorials.git,76
MDEwOlJlcG9zaXRvcnkzOTQzODEzNDU=,2021-08-09T17:26:51Z,2026-04-20T05:06:06Z,2026-03-11T18:10:19Z,536,True,pair_nequip_allegro,mir-group/pair_nequip_allegro,git@github.com:mir-group/pair_nequip_allegro.git,63
MDEwOlJlcG9zaXRvcnkzOTQyMzg0Njk=,2021-08-09T09:58:06Z,2026-05-04T08:48:48Z,2026-04-30T07:07:38Z,4156,False,esphome-pipsolar,syssi/esphome-pipsolar,git@github.com:syssi/esphome-pipsolar.git,150
MDEwOlJlcG9zaXRvcnkzOTQwMzc2MTY=,2021-08-08T18:16:55Z,2026-04-28T17:25:11Z,2026-04-28T17:25:07Z,89447,False,BBDroids,bjoerngiesler/BBDroids,git@github.com:bjoerngiesler/BBDroids.git,17
MDEwOlJlcG9zaXRvcnkzOTM5Mjc4MzY=,2021-08-08T10:20:45Z,2026-04-28T09:32:34Z,2026-04-28T09:32:29Z,2158,True,android_device_xiaomi_miatoll,crdroidandroid/android_device_xiaomi_miatoll,git@github.com:crdroidandroid/android_device_xiaomi_miatoll.git,5
MDEwOlJlcG9zaXRvcnkzOTM4OTE1Nzc=,2021-08-08T07:31:46Z,2026-05-06T22:29:51Z,2026-05-05T20:50:09Z,79272,False,esphome-jk-bms,syssi/esphome-jk-bms,git@github.com:syssi/esphome-jk-bms.git,914
MDEwOlJlcG9zaXRvcnkzOTM3OTU4MTA=,2021-08-07T21:25:23Z,2026-04-29T20:24:21Z,2026-05-03T04:25:08Z,578,True,Tracks,bsq-ports/Tracks,git@github.com:bsq-ports/Tracks.git,11
MDEwOlJlcG9zaXRvcnkzOTM3MDI1NzQ=,2021-08-07T14:15:16Z,2026-04-30T20:03:33Z,2026-03-05T01:53:42Z,517,False,cp-library,NachiaVivias/cp-library,git@github.com:NachiaVivias/cp-library.git,22
MDEwOlJlcG9zaXRvcnkzOTM2NjQxOTU=,2021-08-07T11:26:06Z,2026-03-12T14:24:01Z,2026-03-12T14:23:57Z,364,False,emmap,saleyn/emmap,git@github.com:saleyn/emmap.git,38
MDEwOlJlcG9zaXRvcnkzOTM2NjI3Njg=,2021-08-07T11:19:29Z,2026-04-28T15:07:19Z,2026-05-01T05:22:21Z,882,False,JoystickPlugin,JaydenMaalouf/JoystickPlugin,git@github.com:JaydenMaalouf/JoystickPlugin.git,80
MDEwOlJlcG9zaXRvcnkzOTM2MTY3OTg=,2021-08-07T07:46:51Z,2026-05-06T00:52:14Z,2026-03-31T12:45:39Z,6230,False,asio-grpc,Tradias/asio-grpc,git@github.com:Tradias/asio-grpc.git,466
MDEwOlJlcG9zaXRvcnkzOTM2MDMxOTQ=,2021-08-07T06:43:06Z,2026-05-05T11:05:23Z,2026-05-05T11:05:19Z,2098,False,logme,efmsoft/logme,git@github.com:efmsoft/logme.git,11
MDEwOlJlcG9zaXRvcnkzOTM1ODEzNDI=,2021-08-07T04:48:57Z,2026-04-15T03:33:31Z,2026-04-15T03:33:30Z,21542,False,CppND-Program-a-Concurrent-Traffic-Simulation,maitiSoutrik/CppND-Program-a-Concurrent-Traffic-Simulation,git@github.com:maitiSoutrik/CppND-Program-a-Concurrent-Traffic-Simulation.git,2
MDEwOlJlcG9zaXRvcnkzOTM1MzMxMjk=,2021-08-06T23:59:13Z,2026-04-20T18:05:57Z,2026-04-29T00:38:18Z,806,True,sonic-linkmgrd,sonic-net/sonic-linkmgrd,git@github.com:sonic-net/sonic-linkmgrd.git,5
MDEwOlJlcG9zaXRvcnkzOTMzODE0ODA=,2021-08-06T13:13:41Z,2026-03-01T15:45:40Z,2026-03-01T15:45:37Z,493,True,hardware_xiaomi,yaap/hardware_xiaomi,git@github.com:yaap/hardware_xiaomi.git,0
MDEwOlJlcG9zaXRvcnkzOTMzMzc4MDA=,2021-08-06T10:10:58Z,2026-04-04T16:11:52Z,2026-04-04T16:11:48Z,4100,False,Chinium,FreemanTheMaverick/Chinium,git@github.com:FreemanTheMaverick/Chinium.git,4
MDEwOlJlcG9zaXRvcnkzOTMzMDY1ODQ=,2021-08-06T08:14:04Z,2026-04-24T20:33:19Z,2026-05-04T12:20:03Z,1794,True,poncascope,poncateam/poncascope,git@github.com:poncateam/poncascope.git,19
MDEwOlJlcG9zaXRvcnkzOTMzMDQyNjY=,2021-08-06T08:05:52Z,2026-05-06T14:24:54Z,2026-05-05T12:10:25Z,532,True,tray_manager,leanflutter/tray_manager,git@github.com:leanflutter/tray_manager.git,301
MDEwOlJlcG9zaXRvcnkzOTMyMTEyODU=,2021-08-06T01:19:01Z,2026-05-01T05:36:56Z,2026-05-01T05:43:52Z,14266,True,XEngine_Authorize,libxengine/XEngine_Authorize,git@github.com:libxengine/XEngine_Authorize.git,80
MDEwOlJlcG9zaXRvcnkzOTI5NzE1NDE=,2021-08-05T08:50:56Z,2026-03-22T09:06:54Z,2026-03-22T09:06:50Z,74893,False,rockets-with-arduino,CedricBerteletti/rockets-with-arduino,git@github.com:CedricBerteletti/rockets-with-arduino.git,1
MDEwOlJlcG9zaXRvcnkzOTI3NzA2NjI=,2021-08-04T17:13:04Z,2026-04-16T14:56:55Z,2026-04-16T14:57:15Z,14988,True,lib_tflite_micro,xmos/lib_tflite_micro,git@github.com:xmos/lib_tflite_micro.git,12
MDEwOlJlcG9zaXRvcnkzOTI3MzcxNDM=,2021-08-04T15:21:48Z,2026-05-06T10:50:58Z,2026-05-05T12:36:44Z,62834,True,iVS3D,iVS3D/iVS3D,git@github.com:iVS3D/iVS3D.git,19
MDEwOlJlcG9zaXRvcnkzOTI3MDkzNTE=,2021-08-04T14:00:19Z,2026-04-24T15:03:15Z,2026-04-24T15:03:11Z,20391,True,GMEXT-GDK,YoYoGames/GMEXT-GDK,git@github.com:YoYoGames/GMEXT-GDK.git,20
MDEwOlJlcG9zaXRvcnkzOTI2NDM2NjU=,2021-08-04T10:20:28Z,2026-05-07T11:09:29Z,2026-05-07T11:09:24Z,72043,False,rayEngine,sifodesu/rayEngine,git@github.com:sifodesu/rayEngine.git,0
MDEwOlJlcG9zaXRvcnkzOTI1MjAxMjc=,2021-08-04T02:23:52Z,2026-05-06T09:21:48Z,2026-04-08T19:11:28Z,177,True,m-explore-ros2,robo-friends/m-explore-ros2,git@github.com:robo-friends/m-explore-ros2.git,341
MDEwOlJlcG9zaXRvcnkzOTI0NjIwNDc=,2021-08-03T21:33:42Z,2026-04-30T09:43:13Z,2026-04-30T09:43:09Z,98,True,http-deliver,halon-extras/http-deliver,git@github.com:halon-extras/http-deliver.git,0
MDEwOlJlcG9zaXRvcnkzOTI0MTI0MjY=,2021-08-03T18:13:29Z,2026-04-28T03:48:17Z,2026-04-28T03:52:04Z,159,True,SplitUri,SiddiqSoft/SplitUri,git@github.com:SiddiqSoft/SplitUri.git,1
MDEwOlJlcG9zaXRvcnkzOTIzODgyMjI=,2021-08-03T16:50:32Z,2026-03-31T21:02:59Z,2026-04-23T21:03:30Z,6029,True,lsp-plugins-crossover,lsp-plugins/lsp-plugins-crossover,git@github.com:lsp-plugins/lsp-plugins-crossover.git,1
MDEwOlJlcG9zaXRvcnkzOTIzODc2Mzg=,2021-08-03T16:48:31Z,2026-03-31T21:17:22Z,2026-04-23T21:04:20Z,2404,True,lsp-plugins-loud-comp,lsp-plugins/lsp-plugins-loud-comp,git@github.com:lsp-plugins/lsp-plugins-loud-comp.git,1
MDEwOlJlcG9zaXRvcnkzOTIzODc0MDY=,2021-08-03T16:47:46Z,2026-03-31T21:24:26Z,2026-04-23T21:04:45Z,12212,True,lsp-plugins-mb-gate,lsp-plugins/lsp-plugins-mb-gate,git@github.com:lsp-plugins/lsp-plugins-mb-gate.git,0
MDEwOlJlcG9zaXRvcnkzOTIzODcxNjU=,2021-08-03T16:46:56Z,2026-03-31T21:22:59Z,2026-04-23T21:04:41Z,13100,True,lsp-plugins-mb-expander,lsp-plugins/lsp-plugins-mb-expander,git@github.com:lsp-plugins/lsp-plugins-mb-expander.git,0
MDEwOlJlcG9zaXRvcnkzOTIzODY4MDM=,2021-08-03T16:45:44Z,2026-03-31T21:44:20Z,2026-04-23T21:05:45Z,4132,True,lsp-plugins-room-builder,lsp-plugins/lsp-plugins-room-builder,git@github.com:lsp-plugins/lsp-plugins-room-builder.git,0
MDEwOlJlcG9zaXRvcnkzOTIzODYxNTk=,2021-08-03T16:43:40Z,2026-03-31T21:20:28Z,2026-04-23T21:04:33Z,13128,True,lsp-plugins-mb-compressor,lsp-plugins/lsp-plugins-mb-compressor,git@github.com:lsp-plugins/lsp-plugins-mb-compressor.git,1
MDEwOlJlcG9zaXRvcnkzOTIzODM4OTg=,2021-08-03T16:35:53Z,2026-03-31T21:04:40Z,2026-04-23T21:03:34Z,10604,True,lsp-plugins-dyna-processor,lsp-plugins/lsp-plugins-dyna-processor,git@github.com:lsp-plugins/lsp-plugins-dyna-processor.git,0
MDEwOlJlcG9zaXRvcnkzOTIzODM1ODM=,2021-08-03T16:34:50Z,2026-03-31T21:01:19Z,2026-04-23T21:03:26Z,9713,True,lsp-plugins-compressor,lsp-plugins/lsp-plugins-compressor,git@github.com:lsp-plugins/lsp-plugins-compressor.git,0
MDEwOlJlcG9zaXRvcnkzOTIzODMyMTI=,2021-08-03T16:33:32Z,2026-03-31T21:11:04Z,2026-04-23T21:03:59Z,6184,True,lsp-plugins-graph-equalizer,lsp-plugins/lsp-plugins-graph-equalizer,git@github.com:lsp-plugins/lsp-plugins-graph-equalizer.git,0
MDEwOlJlcG9zaXRvcnkzOTIzNDk1NjA=,2021-08-03T14:42:35Z,2026-04-28T16:10:56Z,2026-05-02T01:49:05Z,40954,False,areg-sdk,aregtech/areg-sdk,git@github.com:aregtech/areg-sdk.git,346
MDEwOlJlcG9zaXRvcnkzOTIyNDc5NDk=,2021-08-03T08:37:18Z,2026-05-07T04:18:59Z,2026-05-07T04:18:22Z,72956,False,BPCells,bnprks/BPCells,git@github.com:bnprks/BPCells.git,280
MDEwOlJlcG9zaXRvcnkzOTIyMjk0OTA=,2021-08-03T07:28:10Z,2026-05-06T19:44:46Z,2026-05-07T07:02:44Z,7934,False,esphome-soyosource-gtn-virtual-meter,syssi/esphome-soyosource-gtn-virtual-meter,git@github.com:syssi/esphome-soyosource-gtn-virtual-meter.git,96
MDEwOlJlcG9zaXRvcnkzOTIwNjExMDU=,2021-08-02T18:53:52Z,2026-03-27T16:55:46Z,2026-03-26T16:27:40Z,750910,False,AnalysisG,woywoy123/AnalysisG,git@github.com:woywoy123/AnalysisG.git,4
MDEwOlJlcG9zaXRvcnkzOTE5ODk3MTk=,2021-08-02T14:54:02Z,2026-03-31T21:35:40Z,2026-04-23T21:05:14Z,21498,True,lsp-plugins-para-equalizer,lsp-plugins/lsp-plugins-para-equalizer,git@github.com:lsp-plugins/lsp-plugins-para-equalizer.git,4
MDEwOlJlcG9zaXRvcnkzOTE5NjkyOTg=,2021-08-02T13:58:21Z,2026-05-06T13:58:40Z,2026-05-06T13:53:13Z,49602,False,Code-Snippets,hamajo75/Code-Snippets,git@github.com:hamajo75/Code-Snippets.git,1
MDEwOlJlcG9zaXRvcnkzOTE4NjEzMDI=,2021-08-02T07:59:16Z,2026-05-07T09:26:13Z,2026-05-07T09:26:09Z,19007,False,Gearcoleco,drhelius/Gearcoleco,git@github.com:drhelius/Gearcoleco.git,131
MDEwOlJlcG9zaXRvcnkzOTE2NjYwMjM=,2021-08-01T15:32:20Z,2026-04-27T11:13:35Z,2026-03-19T17:14:39Z,362,False,EcoMug,dr4kan/EcoMug,git@github.com:dr4kan/EcoMug.git,19
MDEwOlJlcG9zaXRvcnkzOTE2Mjg0MDY=,2021-08-01T13:01:43Z,2026-05-05T21:34:05Z,2026-05-05T21:35:09Z,72950,True,SlaterGPU,ZimmermanGroup/SlaterGPU,git@github.com:ZimmermanGroup/SlaterGPU.git,10
MDEwOlJlcG9zaXRvcnkzOTEzODI4NDY=,2021-07-31T14:44:34Z,2026-03-24T22:19:45Z,2026-03-24T22:19:40Z,402,False,libnymphcast,MayaPosch/libnymphcast,git@github.com:MayaPosch/libnymphcast.git,8
MDEwOlJlcG9zaXRvcnkzOTEzNTc5MjE=,2021-07-31T13:02:30Z,2026-04-26T13:23:50Z,2026-04-23T21:06:10Z,3947,True,lsp-plugins-trigger,lsp-plugins/lsp-plugins-trigger,git@github.com:lsp-plugins/lsp-plugins-trigger.git,1
MDEwOlJlcG9zaXRvcnkzOTEyNzYyNjc=,2021-07-31T06:39:58Z,2026-04-15T08:32:20Z,2026-04-04T12:18:58Z,722,True,RakNet,openmultiplayer/RakNet,git@github.com:openmultiplayer/RakNet.git,22
MDEwOlJlcG9zaXRvcnkzOTEyMjU5NjA=,2021-07-31T01:22:07Z,2026-05-01T05:06:25Z,2026-05-01T05:14:06Z,830,True,restcl,SiddiqSoft/restcl,git@github.com:SiddiqSoft/restcl.git,1
MDEwOlJlcG9zaXRvcnkzOTEwMzM1ODE=,2021-07-30T11:02:27Z,2026-03-28T21:18:58Z,2026-03-30T16:26:01Z,303,False,qml_ros2_plugin,StefanFabian/qml_ros2_plugin,git@github.com:StefanFabian/qml_ros2_plugin.git,64
MDEwOlJlcG9zaXRvcnkzOTA5OTI0OTE=,2021-07-30T08:37:26Z,2026-04-13T12:16:58Z,2026-04-13T12:17:32Z,279,True,GMRF-wind,MAPIRlab/GMRF-wind,git@github.com:MAPIRlab/GMRF-wind.git,2
MDEwOlJlcG9zaXRvcnkzOTA5NjE3OTc=,2021-07-30T06:48:07Z,2026-05-07T05:06:35Z,2026-05-07T05:08:27Z,175,True,GenProcessInfo,SiddiqSoft/GenProcessInfo,git@github.com:SiddiqSoft/GenProcessInfo.git,0
MDEwOlJlcG9zaXRvcnkzOTA4OTg2MzM=,2021-07-30T01:57:40Z,2026-05-07T06:41:11Z,2026-05-07T08:29:43Z,286,True,M5Unit-RTC,m5stack/M5Unit-RTC,git@github.com:m5stack/M5Unit-RTC.git,2
MDEwOlJlcG9zaXRvcnkzOTA4OTI1NTg=,2021-07-30T01:22:25Z,2026-05-04T03:47:43Z,2026-05-07T03:19:15Z,50851,True,software,SSL-A-Team/software,git@github.com:SSL-A-Team/software.git,9
MDEwOlJlcG9zaXRvcnkzOTA4NTkzOTE=,2021-07-29T21:55:54Z,2026-04-29T18:37:52Z,2026-04-29T18:37:50Z,1312,True,mavis,sparcians/mavis,git@github.com:sparcians/mavis.git,7
MDEwOlJlcG9zaXRvcnkzOTA4NTc2NDg=,2021-07-29T21:45:07Z,2026-04-30T15:23:00Z,2026-04-30T16:36:54Z,5970,True,pldm,ibm-openbmc/pldm,git@github.com:ibm-openbmc/pldm.git,15
MDEwOlJlcG9zaXRvcnkzOTA4NTQxODQ=,2021-07-29T21:25:40Z,2026-05-06T15:50:57Z,2026-05-06T19:05:40Z,302,True,ibm-acf,ibm-openbmc/ibm-acf,git@github.com:ibm-openbmc/ibm-acf.git,0
MDEwOlJlcG9zaXRvcnkzOTA3ODYwNDE=,2021-07-29T16:27:45Z,2026-04-29T11:40:39Z,2026-04-29T11:42:52Z,262,True,dd-native-metrics-js,DataDog/dd-native-metrics-js,git@github.com:DataDog/dd-native-metrics-js.git,8
MDEwOlJlcG9zaXRvcnkzOTA2MzE5MzM=,2021-07-29T07:00:28Z,2026-04-17T07:46:51Z,2026-04-17T07:46:47Z,591,True,Soldered-INA219-Current-Sensor-Arduino-Library,SolderedElectronics/Soldered-INA219-Current-Sensor-Arduino-Library,git@github.com:SolderedElectronics/Soldered-INA219-Current-Sensor-Arduino-Library.git,0
MDEwOlJlcG9zaXRvcnkzOTA1ODE0Njc=,2021-07-29T02:58:00Z,2026-04-11T02:06:46Z,2026-03-11T20:35:01Z,3143,False,soda,JoeStrout/soda,git@github.com:JoeStrout/soda.git,28
MDEwOlJlcG9zaXRvcnkzOTAzOTA5OTY=,2021-07-28T14:57:28Z,2026-05-07T07:11:45Z,2026-04-30T12:20:01Z,8847,True,linorobot2_hardware,linorobot/linorobot2_hardware,git@github.com:linorobot/linorobot2_hardware.git,169
MDEwOlJlcG9zaXRvcnkzOTAzMTc3OTA=,2021-07-28T10:56:48Z,2026-04-22T03:57:47Z,2026-04-22T03:57:45Z,293,False,unfocus_widget,thomas-p95/unfocus_widget,git@github.com:thomas-p95/unfocus_widget.git,0
MDEwOlJlcG9zaXRvcnkzOTAzMTM1MjU=,2021-07-28T10:40:38Z,2026-04-21T14:48:08Z,2026-04-21T14:48:03Z,19,False,DojoTemplate,nokmory/DojoTemplate,git@github.com:nokmory/DojoTemplate.git,1
MDEwOlJlcG9zaXRvcnkzOTAyNzYyMzk=,2021-07-28T08:35:22Z,2026-03-06T13:26:49Z,2026-03-06T13:26:45Z,1217,False,PoissonBinomial,fj86/PoissonBinomial,git@github.com:fj86/PoissonBinomial.git,3
MDEwOlJlcG9zaXRvcnkzOTAyNDkxMjU=,2021-07-28T07:03:15Z,2026-05-06T04:17:27Z,2026-05-06T04:19:34Z,2251,True,TimeThis,SiddiqSoft/TimeThis,git@github.com:SiddiqSoft/TimeThis.git,0
MDEwOlJlcG9zaXRvcnkzOTAxNTc1NTc=,2021-07-27T23:42:22Z,2026-05-01T16:52:52Z,2026-04-21T07:39:17Z,2356,True,metavision_driver,ros-event-camera/metavision_driver,git@github.com:ros-event-camera/metavision_driver.git,63
MDEwOlJlcG9zaXRvcnkzOTAxMzgyODA=,2021-07-27T21:59:54Z,2026-05-05T08:59:18Z,2026-05-05T13:23:55Z,23021,True,mobile_app_open,mlcommons/mobile_app_open,git@github.com:mlcommons/mobile_app_open.git,68
MDEwOlJlcG9zaXRvcnkzOTAxMjM4MDA=,2021-07-27T20:53:18Z,2026-04-28T21:18:56Z,2026-04-28T21:18:49Z,7030,True,MotaCoin,MotaCoin/MotaCoin,git@github.com:MotaCoin/MotaCoin.git,0
MDEwOlJlcG9zaXRvcnkzOTAxMTE4NzM=,2021-07-27T20:02:42Z,2026-03-22T10:07:17Z,2026-03-22T10:07:13Z,131,False,occt-samples-gtk,gkv311/occt-samples-gtk,git@github.com:gkv311/occt-samples-gtk.git,18
MDEwOlJlcG9zaXRvcnkzOTAwODUyOTI=,2021-07-27T18:19:46Z,2026-05-07T04:43:29Z,2026-05-07T04:43:25Z,39372,True,quiche,google/quiche,git@github.com:google/quiche.git,857
MDEwOlJlcG9zaXRvcnkzOTAwNjgwNzY=,2021-07-27T17:18:19Z,2026-05-06T17:14:04Z,2026-05-06T17:13:59Z,662543,False,learning_project,puma10100505/learning_project,git@github.com:puma10100505/learning_project.git,2
MDEwOlJlcG9zaXRvcnkzOTAwNDAyMjk=,2021-07-27T15:46:54Z,2026-03-06T23:12:31Z,2026-03-06T23:12:27Z,357,True,pyMOO,Jenny-Nelson-Group/pyMOO,git@github.com:Jenny-Nelson-Group/pyMOO.git,1
MDEwOlJlcG9zaXRvcnkzOTAwMzI5ODU=,2021-07-27T15:22:44Z,2026-05-07T02:40:50Z,2026-05-07T05:22:16Z,97307,True,composable_kernel,ROCm/composable_kernel,git@github.com:ROCm/composable_kernel.git,530
MDEwOlJlcG9zaXRvcnkzODk5ODQ1Njg=,2021-07-27T12:59:52Z,2026-04-29T15:20:41Z,2026-04-29T15:19:26Z,264689,True,SimRobot,bhuman/SimRobot,git@github.com:bhuman/SimRobot.git,12
MDEwOlJlcG9zaXRvcnkzODk5NTI5NDM=,2021-07-27T11:14:49Z,2026-05-07T05:25:24Z,2026-05-06T13:17:05Z,588791,True,orbiter,orbitersim/orbiter,git@github.com:orbitersim/orbiter.git,1912
MDEwOlJlcG9zaXRvcnkzODk5NDI5ODI=,2021-07-27T10:36:21Z,2026-03-28T11:51:55Z,2026-03-28T11:51:51Z,166,True,screenlocker,cutefishos/screenlocker,git@github.com:cutefishos/screenlocker.git,19
MDEwOlJlcG9zaXRvcnkzODk4MzQ4NzM=,2021-07-27T03:20:26Z,2026-04-14T23:39:19Z,2026-04-14T23:39:14Z,220,False,graphengine,sekrit-twc/graphengine,git@github.com:sekrit-twc/graphengine.git,4
MDEwOlJlcG9zaXRvcnkzODk4MDM0OTM=,2021-07-27T00:25:35Z,2026-04-07T19:43:36Z,2026-04-07T19:43:30Z,185,False,InterprocessMemPool,keithrausch/InterprocessMemPool,git@github.com:keithrausch/InterprocessMemPool.git,16
MDEwOlJlcG9zaXRvcnkzODk3ODcyNjU=,2021-07-26T22:45:27Z,2026-04-27T21:50:34Z,2026-04-28T04:46:22Z,95,True,RunOnEnd,SiddiqSoft/RunOnEnd,git@github.com:SiddiqSoft/RunOnEnd.git,0
MDEwOlJlcG9zaXRvcnkzODk3NDkzOTQ=,2021-07-26T19:41:58Z,2026-05-07T01:55:06Z,2026-05-07T01:55:02Z,562847,True,ncbi-cxx-toolkit-public,ncbi/ncbi-cxx-toolkit-public,git@github.com:ncbi/ncbi-cxx-toolkit-public.git,97
MDEwOlJlcG9zaXRvcnkzODk3MDkyMzc=,2021-07-26T17:04:45Z,2026-05-05T09:26:31Z,2026-04-12T09:12:58Z,27339,False,eZeus,MaurycyLiebner/eZeus,git@github.com:MaurycyLiebner/eZeus.git,129
MDEwOlJlcG9zaXRvcnkzODk2NDY5NjU=,2021-07-26T13:42:37Z,2026-04-10T23:12:31Z,2026-03-25T13:53:11Z,2288,True,arduino-i2c-sht4x,Sensirion/arduino-i2c-sht4x,git@github.com:Sensirion/arduino-i2c-sht4x.git,23
MDEwOlJlcG9zaXRvcnkzODkzODY0NjY=,2021-07-25T16:00:22Z,2026-05-04T20:39:09Z,2026-03-17T11:30:59Z,10877,False,SSStats2,dubinaxdd/SSStats2,git@github.com:dubinaxdd/SSStats2.git,6
MDEwOlJlcG9zaXRvcnkzODkyOTU0NzQ=,2021-07-25T08:09:44Z,2026-04-29T06:48:18Z,2026-04-29T06:48:13Z,20163,False,astrolink4pi,astrojolo/astrolink4pi,git@github.com:astrojolo/astrolink4pi.git,3
MDEwOlJlcG9zaXRvcnkzODkyMDM2ODE=,2021-07-24T21:18:54Z,2026-05-06T18:20:04Z,2026-05-01T16:41:44Z,1001,True,beast2,cppalliance/beast2,git@github.com:cppalliance/beast2.git,33
MDEwOlJlcG9zaXRvcnkzODg5NDY0OTA=,2021-07-23T23:00:23Z,2026-05-07T02:59:35Z,2026-05-07T00:08:40Z,250886,True,velox,facebookincubator/velox,org-19538647@github.com:facebookincubator/velox.git,4118
MDEwOlJlcG9zaXRvcnkzODg5MDA5Njg=,2021-07-23T19:04:49Z,2026-04-23T16:34:32Z,2026-04-23T16:34:31Z,153,True,motorAutomation1,epics-motor/motorAutomation1,git@github.com:epics-motor/motorAutomation1.git,3
MDEwOlJlcG9zaXRvcnkzODg4OTc1NDg=,2021-07-23T18:50:21Z,2026-04-13T03:22:08Z,2026-04-13T03:22:00Z,6790,True,accelbyte-unreal-network-utilities,AccelByte/accelbyte-unreal-network-utilities,git@github.com:AccelByte/accelbyte-unreal-network-utilities.git,7
MDEwOlJlcG9zaXRvcnkzODg3ODE3Njk=,2021-07-23T11:40:15Z,2026-04-29T17:40:27Z,2026-04-29T17:40:22Z,1098,True,LiteMath,msu-graphics-group/LiteMath,git@github.com:msu-graphics-group/LiteMath.git,11
MDEwOlJlcG9zaXRvcnkzODg3NDY3ODI=,2021-07-23T09:23:58Z,2026-04-29T19:41:28Z,2026-03-02T14:48:29Z,9346,False,retruxx,mindflower/retruxx,git@github.com:mindflower/retruxx.git,4
MDEwOlJlcG9zaXRvcnkzODg2NTUzOTM=,2021-07-23T02:31:57Z,2026-04-24T09:44:43Z,2026-04-24T09:41:50Z,202850,True,gcc,openeuler-mirror/gcc,git@github.com:openeuler-mirror/gcc.git,2
MDEwOlJlcG9zaXRvcnkzODg2MjI5ODg=,2021-07-22T23:22:12Z,2026-05-01T01:42:24Z,2026-05-01T01:51:10Z,145,True,rwlcontainer,SiddiqSoft/rwlcontainer,git@github.com:SiddiqSoft/rwlcontainer.git,0
MDEwOlJlcG9zaXRvcnkzODg1MzAxMzQ=,2021-07-22T16:34:22Z,2026-05-06T06:14:10Z,2026-05-07T04:23:54Z,14596,True,opentelemetry-network,open-telemetry/opentelemetry-network,git@github.com:open-telemetry/opentelemetry-network.git,405
MDEwOlJlcG9zaXRvcnkzODgzNTk0ODk=,2021-07-22T06:54:04Z,2026-04-29T21:24:09Z,2026-04-29T21:28:23Z,109,True,rwlenvelope,SiddiqSoft/rwlenvelope,git@github.com:SiddiqSoft/rwlenvelope.git,0
MDEwOlJlcG9zaXRvcnkzODgyMjI4MzM=,2021-07-21T19:20:21Z,2026-05-06T20:56:04Z,2026-05-06T20:59:24Z,27468,True,nginx-datadog,DataDog/nginx-datadog,git@github.com:DataDog/nginx-datadog.git,42
MDEwOlJlcG9zaXRvcnkzODgxOTk2NzU=,2021-07-21T17:43:45Z,2026-04-08T07:04:23Z,2026-03-19T01:49:47Z,1769,True,kms-integrations,GoogleCloudPlatform/kms-integrations,git@github.com:GoogleCloudPlatform/kms-integrations.git,49
MDEwOlJlcG9zaXRvcnkzODgxNTg2MzE=,2021-07-21T15:16:26Z,2026-04-20T05:18:32Z,2026-05-06T21:45:43Z,305950,True,emphaticsoft,EMPHATICSoft/emphaticsoft,git@github.com:EMPHATICSoft/emphaticsoft.git,3
MDEwOlJlcG9zaXRvcnkzODgxMzMyMjM=,2021-07-21T13:54:56Z,2026-05-06T12:49:55Z,2026-04-16T17:36:27Z,869,False,MC-Calib,rameau-fr/MC-Calib,git@github.com:rameau-fr/MC-Calib.git,520
MDEwOlJlcG9zaXRvcnkzODgxMDkyMzE=,2021-07-21T12:27:32Z,2026-04-16T12:14:19Z,2026-04-16T12:13:58Z,1795800,False,OpenRtcomm,qycx/OpenRtcomm,git@github.com:qycx/OpenRtcomm.git,0
MDEwOlJlcG9zaXRvcnkzODgwNzY5NzI=,2021-07-21T10:15:59Z,2026-05-02T18:06:07Z,2026-05-02T18:06:06Z,36644,False,d2x-xl,arbruijn/d2x-xl,git@github.com:arbruijn/d2x-xl.git,15
MDEwOlJlcG9zaXRvcnkzODgwNDcwNjQ=,2021-07-21T08:24:11Z,2026-04-13T03:15:27Z,2026-04-13T03:15:23Z,42156,True,accelbyte-unreal-sdk-plugin,AccelByte/accelbyte-unreal-sdk-plugin,git@github.com:AccelByte/accelbyte-unreal-sdk-plugin.git,26
MDEwOlJlcG9zaXRvcnkzODc4NTM3ODc=,2021-07-20T16:37:22Z,2026-05-07T06:24:03Z,2026-05-07T06:23:59Z,5464,True,impactx,BLAST-ImpactX/impactx,git@github.com:BLAST-ImpactX/impactx.git,57
MDEwOlJlcG9zaXRvcnkzODc4Mzg3MjA=,2021-07-20T15:39:35Z,2026-05-04T12:11:34Z,2026-04-19T14:32:26Z,1574401,False,Lekmod,EnormousApplePie/Lekmod,git@github.com:EnormousApplePie/Lekmod.git,40
MDEwOlJlcG9zaXRvcnkzODc2NzU5NjQ=,2021-07-20T04:54:38Z,2026-05-05T21:35:32Z,2026-05-07T01:06:11Z,188872,False,perf-ninja,dendibakh/perf-ninja,git@github.com:dendibakh/perf-ninja.git,3679
MDEwOlJlcG9zaXRvcnkzODc2Mzg5MDc=,2021-07-20T01:35:12Z,2026-04-30T02:25:18Z,2026-04-30T02:25:15Z,20073,False,vnpy_esunny,vnpy/vnpy_esunny,git@github.com:vnpy/vnpy_esunny.git,12
MDEwOlJlcG9zaXRvcnkzODc2MDIzNzY=,2021-07-19T21:50:24Z,2026-05-06T12:11:27Z,2026-05-04T18:57:11Z,162,False,functional_cpp,jkalias/functional_cpp,git@github.com:jkalias/functional_cpp.git,22
MDEwOlJlcG9zaXRvcnkzODc1ODc4Mzk=,2021-07-19T20:36:18Z,2026-05-06T14:05:11Z,2026-05-06T16:05:16Z,39596,True,multiplier,trailofbits/multiplier,git@github.com:trailofbits/multiplier.git,473
MDEwOlJlcG9zaXRvcnkzODc0MzE0NDk=,2021-07-19T10:52:52Z,2026-04-30T15:01:32Z,2026-04-30T14:56:49Z,10028,False,rts2,samuel-watson/rts2,git@github.com:samuel-watson/rts2.git,3
MDEwOlJlcG9zaXRvcnkzODcyNDc4Nzk=,2021-07-18T18:52:20Z,2026-05-06T18:19:47Z,2026-05-01T15:32:21Z,3439,True,http,cppalliance/http,git@github.com:cppalliance/http.git,33
MDEwOlJlcG9zaXRvcnkzODcwOTY3MTg=,2021-07-18T05:19:46Z,2026-03-20T16:08:28Z,2026-03-20T16:08:00Z,55,False,CIPTool,xan1242/CIPTool,git@github.com:xan1242/CIPTool.git,7
MDEwOlJlcG9zaXRvcnkzODY3OTE3NjA=,2021-07-16T23:52:24Z,2026-04-30T12:34:20Z,2026-04-14T08:43:28Z,461,True,D3D9On12,microsoft/D3D9On12,git@github.com:microsoft/D3D9On12.git,388
MDEwOlJlcG9zaXRvcnkzODY3NDE2MjQ=,2021-07-16T19:20:00Z,2026-04-14T13:35:44Z,2026-04-14T13:35:35Z,12733,False,JuiceOS-Kernel32,purepelmen/JuiceOS-Kernel32,git@github.com:purepelmen/JuiceOS-Kernel32.git,4
MDEwOlJlcG9zaXRvcnkzODY2OTU4MzY=,2021-07-16T16:12:07Z,2026-05-05T18:23:49Z,2026-05-05T18:23:43Z,584,True,labwc-tweaks,labwc/labwc-tweaks,git@github.com:labwc/labwc-tweaks.git,54
MDEwOlJlcG9zaXRvcnkzODY2ODI4MDQ=,2021-07-16T15:27:30Z,2022-06-02T14:36:44Z,2026-03-19T10:42:47Z,718,True,os-pugixml,pexip/os-pugixml,git@github.com:pexip/os-pugixml.git,0
MDEwOlJlcG9zaXRvcnkzODY2NDM4OTM=,2021-07-16T13:18:39Z,2026-04-17T08:34:17Z,2026-04-24T11:18:17Z,279,True,ITKCudaCommon,RTKConsortium/ITKCudaCommon,git@github.com:RTKConsortium/ITKCudaCommon.git,9
MDEwOlJlcG9zaXRvcnkzODY2NDM1OTE=,2021-07-16T13:17:33Z,2026-04-30T17:48:00Z,2026-04-30T17:47:55Z,5304,False,q-sylvan,sebastiaanbrand/q-sylvan,git@github.com:sebastiaanbrand/q-sylvan.git,2
MDEwOlJlcG9zaXRvcnkzODY2MzY2NTk=,2021-07-16T12:53:39Z,2026-05-04T19:57:22Z,2026-03-26T06:26:08Z,126,False,OpenRGB-Ambient,krojew/OpenRGB-Ambient,git@github.com:krojew/OpenRGB-Ambient.git,18
MDEwOlJlcG9zaXRvcnkzODY2MzI4MzI=,2021-07-16T12:40:26Z,2026-04-08T11:42:59Z,2026-04-08T11:43:42Z,146,False,AAudioTone,batcaveMessi/AAudioTone,git@github.com:batcaveMessi/AAudioTone.git,0
MDEwOlJlcG9zaXRvcnkzODY1MzQwNDY=,2021-07-16T06:29:53Z,2026-05-04T16:31:46Z,2026-04-07T02:05:43Z,261766,True,cam_lidar_calibration,acfr/cam_lidar_calibration,git@github.com:acfr/cam_lidar_calibration.git,540
MDEwOlJlcG9zaXRvcnkzODY1MDgyOTQ=,2021-07-16T04:27:16Z,2026-04-14T21:48:49Z,2026-04-14T21:48:44Z,387,True,Toastbox,toasterllc/Toastbox,git@github.com:toasterllc/Toastbox.git,8
MDEwOlJlcG9zaXRvcnkzODYzNTgyNTc=,2021-07-15T16:35:35Z,2026-04-02T10:48:50Z,2026-04-02T10:48:45Z,175,True,os-ade,pexip/os-ade,git@github.com:pexip/os-ade.git,0
MDEwOlJlcG9zaXRvcnkzODYzMjEwODU=,2021-07-15T14:34:28Z,2026-04-21T21:01:30Z,2026-04-21T21:01:27Z,248,False,Zodiac,SpehleonLP/Zodiac,git@github.com:SpehleonLP/Zodiac.git,0
MDEwOlJlcG9zaXRvcnkzODYyMTc5MzA=,2021-07-15T08:25:03Z,2026-04-10T09:07:02Z,2026-04-10T09:06:58Z,254994,True,Machine-Learning,CompEngMS/Machine-Learning,git@github.com:CompEngMS/Machine-Learning.git,0
MDEwOlJlcG9zaXRvcnkzODYxMzY2NjU=,2021-07-15T02:26:24Z,2026-04-17T13:51:37Z,2026-04-27T19:31:40Z,168,True,mc_rtc-imgui,mc-rtc/mc_rtc-imgui,git@github.com:mc-rtc/mc_rtc-imgui.git,0
MDEwOlJlcG9zaXRvcnkzODYxMzA5MzM=,2021-07-15T01:58:41Z,2026-03-24T21:01:27Z,2026-03-24T21:01:22Z,14031,False,TinyVisualizer,gaoxifeng/TinyVisualizer,git@github.com:gaoxifeng/TinyVisualizer.git,0
MDEwOlJlcG9zaXRvcnkzODU5NzA2MjM=,2021-07-14T14:32:33Z,2026-04-15T14:04:46Z,2026-04-15T14:04:43Z,3648,True,via-native-plugins,neurala/via-native-plugins,git@github.com:neurala/via-native-plugins.git,0
MDEwOlJlcG9zaXRvcnkzODU5NTg0MTY=,2021-07-14T13:54:30Z,2026-05-07T11:15:25Z,2026-05-07T11:15:20Z,102617,True,O2Physics,AliceO2Group/O2Physics,git@github.com:AliceO2Group/O2Physics.git,56
MDEwOlJlcG9zaXRvcnkzODU5NDIzMTA=,2021-07-14T13:03:04Z,2026-04-30T14:14:59Z,2026-04-30T14:14:29Z,100,True,pyi2t,mazoea/pyi2t,git@github.com:mazoea/pyi2t.git,0
MDEwOlJlcG9zaXRvcnkzODU5MDM1MzM=,2021-07-14T10:39:31Z,2026-03-11T14:35:38Z,2026-03-11T14:35:14Z,95,True,TASTE-Linux-Runtime,n7space/TASTE-Linux-Runtime,git@github.com:n7space/TASTE-Linux-Runtime.git,0
MDEwOlJlcG9zaXRvcnkzODU5MDMxNjE=,2021-07-14T10:38:09Z,2026-03-25T15:44:58Z,2026-03-25T15:40:45Z,122,True,TASTE-Linux-Drivers,n7space/TASTE-Linux-Drivers,git@github.com:n7space/TASTE-Linux-Drivers.git,0
MDEwOlJlcG9zaXRvcnkzODU4MjY1OTg=,2021-07-14T05:42:13Z,2026-05-06T21:00:45Z,2026-05-07T08:48:12Z,302469,False,sdrberry,paulh002/sdrberry,git@github.com:paulh002/sdrberry.git,220
MDEwOlJlcG9zaXRvcnkzODU3NDg2MzQ=,2021-07-13T22:17:38Z,2026-05-04T06:49:30Z,2026-04-11T14:52:32Z,496786,False,gearmulator,dsp56300/gearmulator,git@github.com:dsp56300/gearmulator.git,1155
MDEwOlJlcG9zaXRvcnkzODU3Mjg4NTM=,2021-07-13T20:35:06Z,2026-04-30T08:56:55Z,2026-05-04T15:05:56Z,24561,True,rsp-core-library,rsps/rsp-core-library,git@github.com:rsps/rsp-core-library.git,1
MDEwOlJlcG9zaXRvcnkzODU3MjMzOTg=,2021-07-13T20:08:22Z,2026-04-24T14:38:37Z,2026-04-22T19:04:51Z,2939,True,irods_client_s3_api,irods/irods_client_s3_api,git@github.com:irods/irods_client_s3_api.git,3
MDEwOlJlcG9zaXRvcnkzODU2MDQ5Mzk=,2021-07-13T12:59:16Z,2026-03-27T01:16:26Z,2026-03-27T01:33:29Z,1566,False,pyehm,sglvladi/pyehm,git@github.com:sglvladi/pyehm.git,3
MDEwOlJlcG9zaXRvcnkzODU1OTY5OTU=,2021-07-13T12:31:51Z,2026-04-27T05:22:56Z,2026-04-27T05:58:28Z,1905,True,arrow-cookbook,apache/arrow-cookbook,git@github.com:apache/arrow-cookbook.git,107
MDEwOlJlcG9zaXRvcnkzODU1MTY5MjM=,2021-07-13T07:31:19Z,2026-04-15T16:54:52Z,2026-04-15T16:56:08Z,434,True,xayax,xaya/xayax,git@github.com:xaya/xayax.git,3
MDEwOlJlcG9zaXRvcnkzODU0OTA4Mzg=,2021-07-13T05:48:48Z,2026-04-23T10:33:59Z,2026-04-23T10:33:58Z,1041,True,Soldered-Generic-Arduino-Library,SolderedElectronics/Soldered-Generic-Arduino-Library,git@github.com:SolderedElectronics/Soldered-Generic-Arduino-Library.git,0
MDEwOlJlcG9zaXRvcnkzODU0NzUwNjM=,2021-07-13T04:29:32Z,2026-04-04T14:49:49Z,2026-04-21T07:08:13Z,125114,True,lwnode,Samsung/lwnode,git@github.com:Samsung/lwnode.git,33
MDEwOlJlcG9zaXRvcnkzODUzNzk0OTA=,2021-07-12T20:48:31Z,2026-03-13T18:31:42Z,2026-03-13T18:31:36Z,42910,False,2D-Multiplayer-Arena,Pretscher/2D-Multiplayer-Arena,git@github.com:Pretscher/2D-Multiplayer-Arena.git,1
MDEwOlJlcG9zaXRvcnkzODUzNzE3OTM=,2021-07-12T20:14:09Z,2026-05-07T10:48:20Z,2026-05-07T05:32:40Z,268841,False,OdysseyDecomp,MonsterDruide1/OdysseyDecomp,git@github.com:MonsterDruide1/OdysseyDecomp.git,335
MDEwOlJlcG9zaXRvcnkzODUzNDE5NDI=,2021-07-12T18:14:15Z,2026-04-02T21:04:25Z,2026-04-02T21:04:19Z,162,True,kafkaopmon,DUNE-DAQ/kafkaopmon,git@github.com:DUNE-DAQ/kafkaopmon.git,0
MDEwOlJlcG9zaXRvcnkzODUyMTk3NjU=,2021-07-12T11:11:56Z,2026-03-07T16:00:02Z,2026-03-07T15:59:56Z,28154,False,SmartHome,rafal-tarnow/SmartHome,git@github.com:rafal-tarnow/SmartHome.git,0
MDEwOlJlcG9zaXRvcnkzODUwNTM5NDU=,2021-07-11T21:18:23Z,2026-04-15T11:23:24Z,2026-03-03T14:35:59Z,228939,False,rtbr-open-source,rtbr-opensource/rtbr-open-source,git@github.com:rtbr-opensource/rtbr-open-source.git,57
MDEwOlJlcG9zaXRvcnkzODUwMzU1NTM=,2021-07-11T19:27:05Z,2026-03-31T21:45:55Z,2026-04-23T21:05:49Z,10019,True,lsp-plugins-sampler,lsp-plugins/lsp-plugins-sampler,git@github.com:lsp-plugins/lsp-plugins-sampler.git,2
MDEwOlJlcG9zaXRvcnkzODUwMjMyNDA=,2021-07-11T18:22:07Z,2026-04-28T00:46:42Z,2026-04-28T00:46:38Z,862,True,vakzination,KDE/vakzination,git@github.com:KDE/vakzination.git,6
MDEwOlJlcG9zaXRvcnkzODQ5ODcxMTk=,2021-07-11T15:41:52Z,2026-04-21T20:30:37Z,2026-04-21T20:30:32Z,70,False,cskia,richardwilkes/cskia,git@github.com:richardwilkes/cskia.git,33
MDEwOlJlcG9zaXRvcnkzODQ5MDc0MTM=,2021-07-11T09:28:45Z,2026-04-01T20:38:02Z,2026-03-29T13:00:59Z,3577,False,micronova_controller,philibertc/micronova_controller,git@github.com:philibertc/micronova_controller.git,87
MDEwOlJlcG9zaXRvcnkzODQ4NTcyNDQ=,2021-07-11T04:10:52Z,2026-05-04T22:24:57Z,2026-05-04T22:24:52Z,1724,False,smpeg,icculus/smpeg,git@github.com:icculus/smpeg.git,23
MDEwOlJlcG9zaXRvcnkzODQ3MDIxMjY=,2021-07-10T13:17:07Z,2026-04-27T14:44:02Z,2026-04-25T01:28:10Z,92271,False,fsmapper,opiopan/fsmapper,git@github.com:opiopan/fsmapper.git,34
MDEwOlJlcG9zaXRvcnkzODQ1MzEzNjg=,2021-07-09T19:20:09Z,2026-05-05T20:45:35Z,2026-05-06T20:20:49Z,572418,True,Fierro,lanl/Fierro,git@github.com:lanl/Fierro.git,67
MDEwOlJlcG9zaXRvcnkzODQ1MjA0MTg=,2021-07-09T18:26:38Z,2026-05-07T11:22:29Z,2026-05-07T11:22:23Z,1051563,True,MaaAssistantArknights,MaaAssistantArknights/MaaAssistantArknights,git@github.com:MaaAssistantArknights/MaaAssistantArknights.git,20680
MDEwOlJlcG9zaXRvcnkzODQ0ODI5NDY=,2021-07-09T15:44:44Z,2026-03-17T00:25:01Z,2026-03-17T00:25:05Z,169,True,Arduino_USBHostMbed5,arduino-libraries/Arduino_USBHostMbed5,git@github.com:arduino-libraries/Arduino_USBHostMbed5.git,7
MDEwOlJlcG9zaXRvcnkzODQ0NzQ3NzI=,2021-07-09T15:13:37Z,2026-05-07T08:08:58Z,2026-05-07T08:08:52Z,1033027,True,basf2,belle2/basf2,git@github.com:belle2/basf2.git,44
MDEwOlJlcG9zaXRvcnkzODQzNjM5NjQ=,2021-07-09T07:55:13Z,2026-03-31T09:24:12Z,2026-03-31T09:24:09Z,5120,True,dream-stellar,seqan/dream-stellar,git@github.com:seqan/dream-stellar.git,3
MDEwOlJlcG9zaXRvcnkzODQyNTQyNzU=,2021-07-08T21:39:32Z,2026-04-21T02:09:45Z,2026-04-21T02:09:41Z,92,False,airgradient-prometheus,geerlingguy/airgradient-prometheus,git@github.com:geerlingguy/airgradient-prometheus.git,191
MDEwOlJlcG9zaXRvcnkzODQxNzI3MDM=,2021-07-08T15:38:54Z,2026-05-05T11:41:44Z,2026-04-30T07:23:16Z,7778,True,treeland,linuxdeepin/treeland,git@github.com:linuxdeepin/treeland.git,62
MDEwOlJlcG9zaXRvcnkzODQxNzI1ODE=,2021-07-08T15:38:22Z,2026-05-03T08:27:06Z,2026-03-13T12:07:51Z,1636,True,waylib,vioken/waylib,git@github.com:vioken/waylib.git,52
MDEwOlJlcG9zaXRvcnkzODQxNDU2MjE=,2021-07-08T14:08:25Z,2026-04-28T18:19:19Z,2026-04-28T18:19:49Z,60817,True,mandyoc,ggciag/mandyoc,git@github.com:ggciag/mandyoc.git,39
MDEwOlJlcG9zaXRvcnkzODQxNDQ4MzA=,2021-07-08T14:05:39Z,2026-05-06T22:07:55Z,2026-05-06T22:07:50Z,22602,True,NorthstarLauncher,R2Northstar/NorthstarLauncher,git@github.com:R2Northstar/NorthstarLauncher.git,308
MDEwOlJlcG9zaXRvcnkzODQwMzM5NjQ=,2021-07-08T07:09:10Z,2026-05-07T07:05:16Z,2026-03-25T18:26:11Z,81768,True,ocs2,leggedrobotics/ocs2,git@github.com:leggedrobotics/ocs2.git,1392
MDEwOlJlcG9zaXRvcnkzODM5NzczNDg=,2021-07-08T02:21:06Z,2026-05-01T07:01:57Z,2026-05-01T07:01:54Z,5789,True,ThinBridge,ThinBridge/ThinBridge,git@github.com:ThinBridge/ThinBridge.git,2
MDEwOlJlcG9zaXRvcnkzODM5MzgwNjM=,2021-07-07T22:24:56Z,2026-04-11T21:22:09Z,2026-04-11T21:22:06Z,2507,False,Roomba-F303K8-Drive-Controller,CraigMS-dev/Roomba-F303K8-Drive-Controller,git@github.com:CraigMS-dev/Roomba-F303K8-Drive-Controller.git,0
MDEwOlJlcG9zaXRvcnkzODM4NzQ3MTA=,2021-07-07T17:22:55Z,2026-03-05T06:41:11Z,2026-03-14T19:00:29Z,1108,True,MAT-MINERvA,MinervaExpt/MAT-MINERvA,git@github.com:MinervaExpt/MAT-MINERvA.git,1
MDEwOlJlcG9zaXRvcnkzODM4NTA2MjM=,2021-07-07T15:49:47Z,2026-05-06T16:44:37Z,2026-04-13T04:41:02Z,6129,True,vast,trailofbits/vast,git@github.com:trailofbits/vast.git,441
MDEwOlJlcG9zaXRvcnkzODM3Mzc3MjY=,2021-07-07T09:05:30Z,2026-03-25T01:37:05Z,2026-03-25T01:37:01Z,15127,True,hardware_rockchip_librga,rockchip-toybrick/hardware_rockchip_librga,git@github.com:rockchip-toybrick/hardware_rockchip_librga.git,1
MDEwOlJlcG9zaXRvcnkzODM0OTM2NTE=,2021-07-06T14:17:24Z,2026-05-06T16:12:23Z,2026-05-06T16:11:29Z,389,True,openpower-hw-isolation,ibm-openbmc/openpower-hw-isolation,git@github.com:ibm-openbmc/openpower-hw-isolation.git,0
MDEwOlJlcG9zaXRvcnkzODM0NTU3ODQ=,2021-07-06T12:09:41Z,2026-04-23T14:21:08Z,2026-04-23T14:20:06Z,510,True,CiThruS2,ultravideo/CiThruS2,git@github.com:ultravideo/CiThruS2.git,18
MDEwOlJlcG9zaXRvcnkzODM0NTAwMzU=,2021-07-06T11:48:59Z,2026-05-06T01:28:54Z,2026-05-04T21:54:33Z,13805,True,mpc-qt,mpc-qt/mpc-qt,git@github.com:mpc-qt/mpc-qt.git,944
MDEwOlJlcG9zaXRvcnkzODMzNzAyNjI=,2021-07-06T06:55:18Z,2026-04-22T12:05:16Z,2026-04-22T12:05:12Z,325319,True,PeTrack,ped-dyn-emp/PeTrack,git@github.com:ped-dyn-emp/PeTrack.git,5
MDEwOlJlcG9zaXRvcnkzODMwNTkwNDI=,2021-07-05T07:53:28Z,2026-05-07T07:29:19Z,2026-05-07T10:41:09Z,16425,True,difftest,OpenXiangShan/difftest,git@github.com:OpenXiangShan/difftest.git,174
MDEwOlJlcG9zaXRvcnkzODI5NTQ1NzQ=,2021-07-04T21:50:35Z,2026-04-26T15:58:20Z,2026-04-26T16:00:32Z,571,False,MCM-Helper,Exit-9B/MCM-Helper,git@github.com:Exit-9B/MCM-Helper.git,29
MDEwOlJlcG9zaXRvcnkzODI4MTUzNzQ=,2021-07-04T09:47:21Z,2026-04-28T21:59:24Z,2026-04-28T01:46:50Z,223271,True,EZ-Template,EZ-Robotics/EZ-Template,git@github.com:EZ-Robotics/EZ-Template.git,105
MDEwOlJlcG9zaXRvcnkzODI3MzUwMjY=,2021-07-04T00:48:28Z,2026-05-03T22:22:27Z,2026-03-28T15:15:39Z,6665,True,YACLib,YACLib/YACLib,git@github.com:YACLib/YACLib.git,293
MDEwOlJlcG9zaXRvcnkzODI1Nzg2ODk=,2021-07-03T09:42:56Z,2026-04-11T20:42:55Z,2026-04-11T20:42:51Z,421,False,obs-source-dock,exeldro/obs-source-dock,git@github.com:exeldro/obs-source-dock.git,98
MDEwOlJlcG9zaXRvcnkzODI1NDU0NDk=,2021-07-03T06:42:18Z,2026-05-02T18:42:56Z,2026-05-02T18:42:51Z,5609,True,taproot,uw-advanced-robotics/taproot,git@github.com:uw-advanced-robotics/taproot.git,19
MDEwOlJlcG9zaXRvcnkzODI1MzI3MDc=,2021-07-03T05:24:15Z,2026-03-10T02:04:25Z,2026-03-10T02:04:21Z,1210,False,kl-socket,kobbled/kl-socket,git@github.com:kobbled/kl-socket.git,23
MDEwOlJlcG9zaXRvcnkzODI1MTUwNDQ=,2021-07-03T03:24:02Z,2026-03-26T03:27:17Z,2026-03-26T03:27:13Z,11429,False,premia,scawful/premia,git@github.com:scawful/premia.git,7
MDEwOlJlcG9zaXRvcnkzODI0MjU5MDY=,2021-07-02T18:02:08Z,2026-05-02T04:46:38Z,2026-05-07T03:49:25Z,28085,True,Geant4Reweight,NuSoftHEP/Geant4Reweight,git@github.com:NuSoftHEP/Geant4Reweight.git,3
MDEwOlJlcG9zaXRvcnkzODI0MDczODA=,2021-07-02T16:45:15Z,2026-04-22T12:41:59Z,2026-04-22T12:41:55Z,164,True,optima-feedstock,conda-forge/optima-feedstock,git@github.com:conda-forge/optima-feedstock.git,0
MDEwOlJlcG9zaXRvcnkzODIxNzYyNTc=,2021-07-01T23:05:31Z,2026-05-03T13:33:33Z,2026-04-27T13:39:10Z,11369,False,blur,f0e/blur,git@github.com:f0e/blur.git,783
MDEwOlJlcG9zaXRvcnkzODIxNDI0NTU=,2021-07-01T19:57:00Z,2026-04-29T14:33:31Z,2026-04-06T22:20:09Z,11352,False,SignalSim,globsky/SignalSim,git@github.com:globsky/SignalSim.git,171
MDEwOlJlcG9zaXRvcnkzODIxNDExNDM=,2021-07-01T19:50:49Z,2026-04-28T20:59:54Z,2026-03-17T19:14:36Z,59792,False,rcontroll,sylvainschmitt/rcontroll,git@github.com:sylvainschmitt/rcontroll.git,13
MDEwOlJlcG9zaXRvcnkzODIxMzY3OTc=,2021-07-01T19:30:12Z,2026-04-30T16:32:31Z,2026-04-30T16:32:26Z,19125,True,kynema-driver,kynema/kynema-driver,git@github.com:kynema/kynema-driver.git,14
MDEwOlJlcG9zaXRvcnkzODIwMzg3NTY=,2021-07-01T13:15:55Z,2026-05-05T21:40:40Z,2026-04-09T00:20:34Z,24724,True,geographiclib,geographiclib/geographiclib,git@github.com:geographiclib/geographiclib.git,450
MDEwOlJlcG9zaXRvcnkzODE5NzY1NDc=,2021-07-01T09:18:01Z,2026-04-18T09:47:57Z,2026-04-18T09:47:53Z,195,False,pr_chromium,Silverlan/pr_chromium,git@github.com:Silverlan/pr_chromium.git,1
MDEwOlJlcG9zaXRvcnkzODE4NjkxMzY=,2021-07-01T00:48:53Z,2026-05-06T15:34:08Z,2026-04-15T22:22:00Z,23534,True,symsan,R-Fuzz/symsan,git@github.com:R-Fuzz/symsan.git,236
MDEwOlJlcG9zaXRvcnkzODE4MDQxMjE=,2021-06-30T18:54:26Z,2026-04-19T20:55:00Z,2026-04-19T20:54:52Z,16686,False,GW2TacO,therjak/GW2TacO,git@github.com:therjak/GW2TacO.git,4
MDEwOlJlcG9zaXRvcnkzODE3NTM0OTI=,2021-06-30T15:43:32Z,2026-04-12T06:06:14Z,2026-04-12T06:06:10Z,700,True,archive,cran/archive,git@github.com:cran/archive.git,0
MDEwOlJlcG9zaXRvcnkzODE3MTI1Nzc=,2021-06-30T13:32:11Z,2026-03-28T00:37:41Z,2026-03-04T10:50:39Z,446808,True,gmds,LIHPC-Computational-Geometry/gmds,git@github.com:LIHPC-Computational-Geometry/gmds.git,33
MDEwOlJlcG9zaXRvcnkzODE2ODMwMDc=,2021-06-30T11:45:04Z,2026-05-02T00:42:14Z,2026-05-05T00:41:19Z,59701,True,Vulkan-Headers,sailfishos-mirror/Vulkan-Headers,git@github.com:sailfishos-mirror/Vulkan-Headers.git,0
MDEwOlJlcG9zaXRvcnkzODE2NDAxMzg=,2021-06-30T09:06:19Z,2026-03-24T20:14:07Z,2026-04-30T18:25:52Z,120509,True,hopsy,modsim/hopsy,git@github.com:modsim/hopsy.git,17
MDEwOlJlcG9zaXRvcnkzODE2MDYzMTg=,2021-06-30T06:59:54Z,2026-04-22T11:30:01Z,2026-04-22T11:29:57Z,2388,False,NSL,Marcel-Rodekamp/NSL,git@github.com:Marcel-Rodekamp/NSL.git,3
MDEwOlJlcG9zaXRvcnkzODE1OTM5NzM=,2021-06-30T06:08:58Z,2026-05-07T03:30:47Z,2026-05-07T03:30:41Z,196702,False,cdroid,houstudio/cdroid,git@github.com:houstudio/cdroid.git,90
MDEwOlJlcG9zaXRvcnkzODE1NDYyNjM=,2021-06-30T01:56:47Z,2026-05-06T19:12:26Z,2026-05-06T11:54:37Z,181727,True,ares,ares-emulator/ares,git@github.com:ares-emulator/ares.git,1655
MDEwOlJlcG9zaXRvcnkzODE0Nzc0NDM=,2021-06-29T19:36:16Z,2026-05-02T19:21:14Z,2026-05-02T19:21:11Z,314,False,prometheus-cpp-lite,biaks/prometheus-cpp-lite,git@github.com:biaks/prometheus-cpp-lite.git,48
MDEwOlJlcG9zaXRvcnkzODE0NjE4ODM=,2021-06-29T18:31:13Z,2026-03-03T04:35:02Z,2026-03-03T04:34:59Z,1206956,False,QAnimeMod-For-Hegemony-zero,zeromathematics/QAnimeMod-For-Hegemony-zero,git@github.com:zeromathematics/QAnimeMod-For-Hegemony-zero.git,2
MDEwOlJlcG9zaXRvcnkzODEzOTA1MjQ=,2021-06-29T14:18:07Z,2026-04-23T06:45:18Z,2026-04-24T07:41:33Z,2609,True,oomph,ghex-org/oomph,git@github.com:ghex-org/oomph.git,0
MDEwOlJlcG9zaXRvcnkzODEyNzUxNzA=,2021-06-29T07:21:21Z,2026-03-30T12:29:45Z,2026-03-30T12:31:39Z,83761,False,Learn--Clean-Code-With-Cpp,JulesFouchy/Learn--Clean-Code-With-Cpp,git@github.com:JulesFouchy/Learn--Clean-Code-With-Cpp.git,4
MDEwOlJlcG9zaXRvcnkzODEwMzc4Nzk=,2021-06-28T13:16:32Z,2026-03-06T12:44:13Z,2026-03-06T12:44:08Z,31960,True,microESP,LaskaKit/microESP,git@github.com:LaskaKit/microESP.git,5
MDEwOlJlcG9zaXRvcnkzODEwMjk4NTg=,2021-06-28T12:50:21Z,2026-05-05T00:04:21Z,2026-04-15T14:52:48Z,2183,False,valkyrie,barsnick/valkyrie,git@github.com:barsnick/valkyrie.git,20
MDEwOlJlcG9zaXRvcnkzODA5NDI0MjM=,2021-06-28T07:22:51Z,2026-05-05T15:21:56Z,2026-05-05T15:21:50Z,2661,False,useful-script,tanat44/useful-script,git@github.com:tanat44/useful-script.git,0
MDEwOlJlcG9zaXRvcnkzODA4MDcyOTE=,2021-06-27T18:05:31Z,2026-04-19T17:52:33Z,2026-04-19T17:53:20Z,82344,False,windy1,windysynth/windy1,git@github.com:windysynth/windy1.git,12
MDEwOlJlcG9zaXRvcnkzODA3MDQxOTg=,2021-06-27T09:53:13Z,2026-03-11T10:07:38Z,2026-03-11T10:07:33Z,4879,True,crowdconnected-shared-ios,crowdconnected/crowdconnected-shared-ios,git@github.com:crowdconnected/crowdconnected-shared-ios.git,0
MDEwOlJlcG9zaXRvcnkzODA2MTg5MzM=,2021-06-27T00:13:10Z,2026-04-04T02:51:54Z,2026-04-04T02:52:32Z,294,False,SocketLibLinux,Fernthedev/SocketLibLinux,git@github.com:Fernthedev/SocketLibLinux.git,4
MDEwOlJlcG9zaXRvcnkzODAzODA5OTE=,2021-06-26T00:24:43Z,2026-04-25T12:30:10Z,2026-04-25T19:18:05Z,239,False,s57_tools,rolker/s57_tools,git@github.com:rolker/s57_tools.git,7
MDEwOlJlcG9zaXRvcnkzODAzNzQzMzg=,2021-06-25T23:28:23Z,2026-04-05T16:18:10Z,2026-04-05T16:17:59Z,1918,False,weechat-xmpp,bqv/weechat-xmpp,git@github.com:bqv/weechat-xmpp.git,33
MDEwOlJlcG9zaXRvcnkzODAzMTU0MDk=,2021-06-25T17:48:31Z,2026-05-07T06:36:01Z,2026-04-28T18:48:06Z,179116,False,CREATE_LAB_Binder_Jet_Printer,BYUCreateResearchLab/CREATE_LAB_Binder_Jet_Printer,git@github.com:BYUCreateResearchLab/CREATE_LAB_Binder_Jet_Printer.git,4
MDEwOlJlcG9zaXRvcnkzODAyMDIwODI=,2021-06-25T10:22:01Z,2026-03-16T14:36:44Z,2026-03-14T13:43:47Z,1751,False,BAngr,sjaehn/BAngr,git@github.com:sjaehn/BAngr.git,38
MDEwOlJlcG9zaXRvcnkzODAxNDczMTk=,2021-06-25T06:35:29Z,2026-05-07T06:39:10Z,2026-05-07T08:15:01Z,1565,True,M5Unit-ENV,m5stack/M5Unit-ENV,git@github.com:m5stack/M5Unit-ENV.git,52
MDEwOlJlcG9zaXRvcnkzODAwNzEzNjM=,2021-06-24T23:11:38Z,2026-04-15T22:03:08Z,2026-04-15T22:03:03Z,3071,True,noarr-structures,ParaCoToUl/noarr-structures,git@github.com:ParaCoToUl/noarr-structures.git,6
MDEwOlJlcG9zaXRvcnkzODAwNTcxOTU=,2021-06-24T21:44:28Z,2026-04-21T15:09:03Z,2026-03-04T16:18:35Z,8556,False,esphome-custom-components,slimcdk/esphome-custom-components,git@github.com:slimcdk/esphome-custom-components.git,62
MDEwOlJlcG9zaXRvcnkzODAwNDI1NTY=,2021-06-24T20:26:02Z,2026-05-03T13:40:47Z,2026-05-03T13:40:43Z,3579,True,jeanCloud,oberlab/jeanCloud,git@github.com:oberlab/jeanCloud.git,2
MDEwOlJlcG9zaXRvcnkzODAwNDA3MzQ=,2021-06-24T20:16:49Z,2026-04-29T00:17:49Z,2026-04-29T00:17:45Z,35696,False,gempba,rapastranac/gempba,git@github.com:rapastranac/gempba.git,2
MDEwOlJlcG9zaXRvcnkzODAwMjAyNjU=,2021-06-24T18:40:36Z,2026-04-30T17:28:51Z,2026-04-30T17:28:47Z,437,False,Librett,victor-anisimov/Librett,git@github.com:victor-anisimov/Librett.git,4
MDEwOlJlcG9zaXRvcnkzNzk5NzI0Mzk=,2021-06-24T15:33:47Z,2026-05-06T14:24:32Z,2026-05-06T14:12:57Z,162740,True,gstlearn,gstlearn/gstlearn,git@github.com:gstlearn/gstlearn.git,35
MDEwOlJlcG9zaXRvcnkzNzk4NzUxMjQ=,2021-06-24T09:41:02Z,2026-03-09T16:23:47Z,2026-03-09T16:23:48Z,41649,True,ikarus,ikarus-project/ikarus,git@github.com:ikarus-project/ikarus.git,7
MDEwOlJlcG9zaXRvcnkzNzk4NjcxNDQ=,2021-06-24T09:10:03Z,2026-05-06T21:10:38Z,2026-03-03T06:33:43Z,67143,False,CaveStoryNDS,tilderain/CaveStoryNDS,git@github.com:tilderain/CaveStoryNDS.git,64
MDEwOlJlcG9zaXRvcnkzNzk3Nzc1OTA=,2021-06-24T02:07:13Z,2026-04-27T10:28:19Z,2026-04-30T00:36:48Z,3224577,False,OmegaGameFramework,StudioSyndiCatCaius/OmegaGameFramework,git@github.com:StudioSyndiCatCaius/OmegaGameFramework.git,146
MDEwOlJlcG9zaXRvcnkzNzk3MDk4MDE=,2021-06-23T19:30:45Z,2026-05-05T01:38:46Z,2026-05-03T08:02:20Z,9608,False,moonlight-xbox,TheElixZammuto/moonlight-xbox,git@github.com:TheElixZammuto/moonlight-xbox.git,554
MDEwOlJlcG9zaXRvcnkzNzk3MDA3MTk=,2021-06-23T18:49:40Z,2026-03-25T16:21:37Z,2026-03-13T10:51:35Z,1475,True,ifc,microsoft/ifc,git@github.com:microsoft/ifc.git,71
MDEwOlJlcG9zaXRvcnkzNzk2Njg1MjY=,2021-06-23T16:39:02Z,2026-03-13T02:28:01Z,2026-03-13T02:27:58Z,1033,False,BidirectionalPulsePropagationEquations,JCatesPH/BidirectionalPulsePropagationEquations,git@github.com:JCatesPH/BidirectionalPulsePropagationEquations.git,1
MDEwOlJlcG9zaXRvcnkzNzk2NTc1Mjg=,2021-06-23T15:57:21Z,2026-03-16T19:01:24Z,2026-05-07T09:12:09Z,1602,True,khealthcertificate,KDE/khealthcertificate,git@github.com:KDE/khealthcertificate.git,5
MDEwOlJlcG9zaXRvcnkzNzk1NDk4ODU=,2021-06-23T09:31:16Z,2026-05-04T04:38:59Z,2026-05-04T04:38:54Z,62,True,linux-cmake-travis-sc,sonarsource-cfamily-examples/linux-cmake-travis-sc,git@github.com:sonarsource-cfamily-examples/linux-cmake-travis-sc.git,0
MDEwOlJlcG9zaXRvcnkzNzk1MjY5OTA=,2021-06-23T08:06:18Z,2026-03-24T15:50:32Z,2026-03-19T09:15:29Z,37115,False,indiestudio,LucasCourteaud/indiestudio,git@github.com:LucasCourteaud/indiestudio.git,0
MDEwOlJlcG9zaXRvcnkzNzk1MTM0MDM=,2021-06-23T07:14:01Z,2026-05-04T04:39:52Z,2026-05-04T04:39:47Z,71,True,linux-autotools-gitlab-ci-sq,sonarsource-cfamily-examples/linux-autotools-gitlab-ci-sq,git@github.com:sonarsource-cfamily-examples/linux-autotools-gitlab-ci-sq.git,1
MDEwOlJlcG9zaXRvcnkzNzk0NTc5MDc=,2021-06-23T02:36:02Z,2026-04-21T16:58:21Z,2026-03-21T20:56:12Z,9971,True,scallop2,Shao-Group/scallop2,git@github.com:Shao-Group/scallop2.git,12
MDEwOlJlcG9zaXRvcnkzNzk0NTAyNTM=,2021-06-23T01:56:53Z,2026-05-07T09:45:19Z,2026-05-07T10:06:52Z,253330,False,goldendict-ng,xiaoyifang/goldendict-ng,git@github.com:xiaoyifang/goldendict-ng.git,2673
MDEwOlJlcG9zaXRvcnkzNzk0NDk3NzI=,2021-06-23T01:54:16Z,2026-05-04T20:31:58Z,2026-05-06T20:54:16Z,13022,True,tps,pecos/tps,git@github.com:pecos/tps.git,10
MDEwOlJlcG9zaXRvcnkzNzkzOTA4NzI=,2021-06-22T20:19:18Z,2026-05-06T09:22:52Z,2026-05-06T09:22:48Z,6491,True,accelbyte-unreal-oss,AccelByte/accelbyte-unreal-oss,git@github.com:AccelByte/accelbyte-unreal-oss.git,10
MDEwOlJlcG9zaXRvcnkzNzkzNTc2ODQ=,2021-06-22T17:57:54Z,2026-04-02T13:30:03Z,2026-04-02T13:29:51Z,412,True,faust2wwise,grame-cncm/faust2wwise,git@github.com:grame-cncm/faust2wwise.git,12
MDEwOlJlcG9zaXRvcnkzNzkzMjQ5NDI=,2021-06-22T15:54:38Z,2026-03-31T21:49:18Z,2026-04-23T21:06:02Z,11858,True,lsp-plugins-spectrum-analyzer,lsp-plugins/lsp-plugins-spectrum-analyzer,git@github.com:lsp-plugins/lsp-plugins-spectrum-analyzer.git,0
MDEwOlJlcG9zaXRvcnkzNzkyNzE4MTY=,2021-06-22T13:03:14Z,2026-05-04T04:39:45Z,2026-05-04T04:39:41Z,75,True,linux-cmake-gitlab-ci-sq,sonarsource-cfamily-examples/linux-cmake-gitlab-ci-sq,git@github.com:sonarsource-cfamily-examples/linux-cmake-gitlab-ci-sq.git,11
MDEwOlJlcG9zaXRvcnkzNzkyNTc2NjE=,2021-06-22T12:14:26Z,2026-05-04T04:40:10Z,2026-05-04T04:40:07Z,98,True,macos-xcode-azure-sq,sonarsource-cfamily-examples/macos-xcode-azure-sq,git@github.com:sonarsource-cfamily-examples/macos-xcode-azure-sq.git,0
MDEwOlJlcG9zaXRvcnkzNzkyNTM3Njc=,2021-06-22T12:01:07Z,2026-05-04T04:40:07Z,2026-05-04T04:40:03Z,93,True,macos-cmake-azure-sq,sonarsource-cfamily-examples/macos-cmake-azure-sq,git@github.com:sonarsource-cfamily-examples/macos-cmake-azure-sq.git,0
MDEwOlJlcG9zaXRvcnkzNzkyMTg2OTI=,2021-06-22T09:47:17Z,2026-05-04T04:39:56Z,2026-05-04T04:39:53Z,98,True,windows-cmake-azure-sq,sonarsource-cfamily-examples/windows-cmake-azure-sq,git@github.com:sonarsource-cfamily-examples/windows-cmake-azure-sq.git,1
MDEwOlJlcG9zaXRvcnkzNzkyMTg2Nzc=,2021-06-22T09:47:14Z,2026-05-04T04:39:10Z,2026-05-04T04:39:05Z,86,True,linux-autotools-gitlab-ci-sc,sonarsource-cfamily-examples/linux-autotools-gitlab-ci-sc,git@github.com:sonarsource-cfamily-examples/linux-autotools-gitlab-ci-sc.git,0
MDEwOlJlcG9zaXRvcnkzNzkyMTc5ODk=,2021-06-22T09:44:51Z,2026-05-04T04:40:00Z,2026-05-04T04:39:57Z,102,True,windows-msbuild-azure-sq,sonarsource-cfamily-examples/windows-msbuild-azure-sq,git@github.com:sonarsource-cfamily-examples/windows-msbuild-azure-sq.git,2
MDEwOlJlcG9zaXRvcnkzNzkyMTMwNDA=,2021-06-22T09:27:00Z,2026-05-04T04:39:44Z,2026-05-04T04:39:40Z,106,True,linux-cmake-azure-sq,sonarsource-cfamily-examples/linux-cmake-azure-sq,git@github.com:sonarsource-cfamily-examples/linux-cmake-azure-sq.git,0
MDEwOlJlcG9zaXRvcnkzNzkxODY3ODc=,2021-06-22T07:52:36Z,2026-03-18T11:25:55Z,2026-03-18T11:25:51Z,52732,True,tinygs_2g4station,thingsat/tinygs_2g4station,git@github.com:thingsat/tinygs_2g4station.git,30
MDEwOlJlcG9zaXRvcnkzNzkxODQxOTQ=,2021-06-22T07:42:43Z,2026-05-05T05:59:04Z,2026-05-05T05:59:25Z,5272,True,irlba,libscran/irlba,git@github.com:libscran/irlba.git,17
MDEwOlJlcG9zaXRvcnkzNzkwODI1Njg=,2021-06-21T22:54:11Z,2026-03-18T15:52:43Z,2026-03-18T15:53:53Z,459,False,libudjatdbus,PerryWerneck/libudjatdbus,git@github.com:PerryWerneck/libudjatdbus.git,0
MDEwOlJlcG9zaXRvcnkzNzkwNjgxNzg=,2021-06-21T21:33:40Z,2026-04-29T16:22:22Z,2026-04-29T16:21:59Z,28902,False,enhancerHomologSearch,jianhong/enhancerHomologSearch,git@github.com:jianhong/enhancerHomologSearch.git,0
MDEwOlJlcG9zaXRvcnkzNzg5NzczNTg=,2021-06-21T15:26:07Z,2026-05-07T00:00:38Z,2026-05-07T00:00:12Z,11400,True,ift-encoder,w3c/ift-encoder,git@github.com:w3c/ift-encoder.git,10
MDEwOlJlcG9zaXRvcnkzNzg5NTU2OTE=,2021-06-21T14:18:31Z,2026-03-23T05:17:23Z,2026-03-23T05:17:19Z,4176,False,VideoRecorder,mjlong123123/VideoRecorder,git@github.com:mjlong123123/VideoRecorder.git,4
MDEwOlJlcG9zaXRvcnkzNzg5NDY3NjM=,2021-06-21T13:50:59Z,2026-05-04T04:39:51Z,2026-05-04T04:39:46Z,111,True,linux-autotools-azure-sq,sonarsource-cfamily-examples/linux-autotools-azure-sq,git@github.com:sonarsource-cfamily-examples/linux-autotools-azure-sq.git,0
MDEwOlJlcG9zaXRvcnkzNzg5Mjk3MTA=,2021-06-21T12:52:41Z,2026-05-04T04:40:09Z,2026-05-04T04:40:05Z,107,True,macos-xcode-gh-actions-sq,sonarsource-cfamily-examples/macos-xcode-gh-actions-sq,git@github.com:sonarsource-cfamily-examples/macos-xcode-gh-actions-sq.git,0
MDEwOlJlcG9zaXRvcnkzNzg5MjUzMTE=,2021-06-21T12:36:48Z,2026-05-04T04:40:06Z,2026-05-04T04:40:01Z,108,True,macos-cmake-gh-actions-sq,sonarsource-cfamily-examples/macos-cmake-gh-actions-sq,git@github.com:sonarsource-cfamily-examples/macos-cmake-gh-actions-sq.git,0
MDEwOlJlcG9zaXRvcnkzNzg5MTUxNTQ=,2021-06-21T11:58:48Z,2026-05-04T04:39:48Z,2026-05-04T04:39:43Z,108,True,linux-autotools-gh-actions-sq,sonarsource-cfamily-examples/linux-autotools-gh-actions-sq,git@github.com:sonarsource-cfamily-examples/linux-autotools-gh-actions-sq.git,0
MDEwOlJlcG9zaXRvcnkzNzg5MDg5Nzc=,2021-06-21T11:34:27Z,2026-05-04T04:39:42Z,2026-05-04T04:39:38Z,98,True,linux-cmake-gh-actions-sq,sonarsource-cfamily-examples/linux-cmake-gh-actions-sq,git@github.com:sonarsource-cfamily-examples/linux-cmake-gh-actions-sq.git,0
MDEwOlJlcG9zaXRvcnkzNzg5MDIzMjU=,2021-06-21T11:08:19Z,2026-05-04T04:39:56Z,2026-05-04T04:39:51Z,107,True,windows-cmake-gh-actions-sq,sonarsource-cfamily-examples/windows-cmake-gh-actions-sq,git@github.com:sonarsource-cfamily-examples/windows-cmake-gh-actions-sq.git,2
MDEwOlJlcG9zaXRvcnkzNzg4ODExNjA=,2021-06-21T09:44:38Z,2026-05-04T04:39:59Z,2026-05-04T04:39:54Z,100,True,windows-msbuild-gh-actions-sq,sonarsource-cfamily-examples/windows-msbuild-gh-actions-sq,git@github.com:sonarsource-cfamily-examples/windows-msbuild-gh-actions-sq.git,1
MDEwOlJlcG9zaXRvcnkzNzg3NjMzOTQ=,2021-06-21T00:09:27Z,2026-05-05T21:34:30Z,2026-03-25T20:24:04Z,389029,False,HDL-Batch-installer,israpps/HDL-Batch-installer,git@github.com:israpps/HDL-Batch-installer.git,302
MDEwOlJlcG9zaXRvcnkzNzg3NDgzNTU=,2021-06-20T22:05:16Z,2026-05-07T08:59:36Z,2026-05-02T04:05:09Z,8920,True,open.mp,openmultiplayer/open.mp,git@github.com:openmultiplayer/open.mp.git,597
MDEwOlJlcG9zaXRvcnkzNzg2OTgyMjA=,2021-06-20T17:03:00Z,2026-04-25T14:35:32Z,2026-05-02T06:43:14Z,417549,True,prebuilt,fcitx5-android/prebuilt,git@github.com:fcitx5-android/prebuilt.git,4
MDEwOlJlcG9zaXRvcnkzNzg2Mjk5NDM=,2021-06-20T11:36:27Z,2026-04-22T10:55:25Z,2026-04-14T09:29:11Z,467,True,png2mesh,DLR-AMR/png2mesh,git@github.com:DLR-AMR/png2mesh.git,14
MDEwOlJlcG9zaXRvcnkzNzg2MDE5NTU=,2021-06-20T09:03:46Z,2026-04-14T16:49:53Z,2026-04-14T16:50:27Z,376,False,durak_computer_controlled_opponent,werto87/durak_computer_controlled_opponent,git@github.com:werto87/durak_computer_controlled_opponent.git,1
MDEwOlJlcG9zaXRvcnkzNzg1ODc0MTM=,2021-06-20T07:42:41Z,2026-05-04T15:12:08Z,2026-05-04T15:12:02Z,70,False,Encode-TestDesign-Kata,emilybache/Encode-TestDesign-Kata,git@github.com:emilybache/Encode-TestDesign-Kata.git,3
MDEwOlJlcG9zaXRvcnkzNzg1MDgwODA=,2021-06-19T21:32:31Z,2026-04-23T10:34:42Z,2026-04-20T04:47:53Z,73892,False,muscle,rcedgar/muscle,git@github.com:rcedgar/muscle.git,278
MDEwOlJlcG9zaXRvcnkzNzg1MDY5MTU=,2021-06-19T21:23:44Z,2026-03-30T15:05:51Z,2026-03-30T15:08:07Z,124,True,metier-server,Open-Transactions/metier-server,git@github.com:Open-Transactions/metier-server.git,1
MDEwOlJlcG9zaXRvcnkzNzg0Mjg2NzQ=,2021-06-19T14:14:49Z,2026-04-16T13:13:06Z,2026-04-16T13:13:02Z,581,False,Utilities,ArashMassoudieh/Utilities,git@github.com:ArashMassoudieh/Utilities.git,0
MDEwOlJlcG9zaXRvcnkzNzgzOTYyNTc=,2021-06-19T11:31:35Z,2026-05-04T10:26:40Z,2026-05-03T09:46:21Z,16356,False,GpgFrontend,saturneric/GpgFrontend,git@github.com:saturneric/GpgFrontend.git,713
MDEwOlJlcG9zaXRvcnkzNzgzNTI2MTI=,2021-06-19T07:33:56Z,2026-04-17T03:04:10Z,2026-04-17T03:04:05Z,24173,True,harmonize,CEMeNT-PSAAP/harmonize,git@github.com:CEMeNT-PSAAP/harmonize.git,8
MDEwOlJlcG9zaXRvcnkzNzgyNzA1OTM=,2021-06-18T21:44:46Z,2026-04-02T05:22:30Z,2026-04-02T05:22:26Z,34345,False,JMH,shanpengli/JMH,git@github.com:shanpengli/JMH.git,3
MDEwOlJlcG9zaXRvcnkzNzgyNjAwMTg=,2021-06-18T20:37:47Z,2026-04-21T00:47:33Z,2026-04-02T20:47:47Z,2469,True,husarnet,husarnet/husarnet,git@github.com:husarnet/husarnet.git,371
MDEwOlJlcG9zaXRvcnkzNzgyMDE4Nzc=,2021-06-18T16:03:29Z,2026-05-05T17:01:09Z,2026-05-05T17:01:04Z,11605,True,core,esp32m/core,git@github.com:esp32m/core.git,35
MDEwOlJlcG9zaXRvcnkzNzgxNTYyMjA=,2021-06-18T13:17:38Z,2026-04-28T09:20:23Z,2026-04-28T09:42:43Z,12120,False,esp-fs-webserver,cotestatnt/esp-fs-webserver,git@github.com:cotestatnt/esp-fs-webserver.git,178
MDEwOlJlcG9zaXRvcnkzNzgxMzg1Mjg=,2021-06-18T12:08:35Z,2026-05-04T04:39:00Z,2026-05-04T04:38:56Z,89,True,linux-cmake-gitlab-ci-sc,sonarsource-cfamily-examples/linux-cmake-gitlab-ci-sc,git@github.com:sonarsource-cfamily-examples/linux-cmake-gitlab-ci-sc.git,1
MDEwOlJlcG9zaXRvcnkzNzgxMDgyOTE=,2021-06-18T10:01:47Z,2026-05-04T04:39:25Z,2026-05-04T04:39:20Z,94,True,windows-msbuild-azure-sc,sonarsource-cfamily-examples/windows-msbuild-azure-sc,git@github.com:sonarsource-cfamily-examples/windows-msbuild-azure-sc.git,0
MDEwOlJlcG9zaXRvcnkzNzgwOTY2MTM=,2021-06-18T09:15:24Z,2026-05-04T04:39:37Z,2026-05-04T04:39:33Z,93,True,macos-xcode-azure-sc,sonarsource-cfamily-examples/macos-xcode-azure-sc,git@github.com:sonarsource-cfamily-examples/macos-xcode-azure-sc.git,1
MDEwOlJlcG9zaXRvcnkzNzgwNjk2ODg=,2021-06-18T07:28:33Z,2026-04-07T21:25:31Z,2026-04-07T21:25:27Z,3911,True,build_tools,fibjs/build_tools,git@github.com:fibjs/build_tools.git,1
MDEwOlJlcG9zaXRvcnkzNzc5MzkyNDc=,2021-06-17T19:22:51Z,2026-04-29T15:12:01Z,2026-04-26T18:44:33Z,304,False,audience-minutes,berthubert/audience-minutes,git@github.com:berthubert/audience-minutes.git,57
MDEwOlJlcG9zaXRvcnkzNzc5MTM3MzM=,2021-06-17T17:38:20Z,2026-05-06T19:53:32Z,2026-05-06T19:53:23Z,47135,True,volumetric_drilling,LCSR-SICKKIDS/volumetric_drilling,git@github.com:LCSR-SICKKIDS/volumetric_drilling.git,26
MDEwOlJlcG9zaXRvcnkzNzc4NTExNjQ=,2021-06-17T14:03:41Z,2026-03-24T09:32:50Z,2026-03-24T09:32:47Z,48737,False,OnTubeVis,brussig-tud/OnTubeVis,git@github.com:brussig-tud/OnTubeVis.git,0
MDEwOlJlcG9zaXRvcnkzNzc4NDU4Mjc=,2021-06-17T13:46:39Z,2026-05-04T04:39:20Z,2026-05-04T04:39:15Z,92,True,windows-cmake-azure-sc,sonarsource-cfamily-examples/windows-cmake-azure-sc,git@github.com:sonarsource-cfamily-examples/windows-cmake-azure-sc.git,0
MDEwOlJlcG9zaXRvcnkzNzc4MTk5Njc=,2021-06-17T12:17:25Z,2026-05-04T04:39:31Z,2026-05-04T04:39:27Z,96,True,macos-cmake-azure-sc,sonarsource-cfamily-examples/macos-cmake-azure-sc,git@github.com:sonarsource-cfamily-examples/macos-cmake-azure-sc.git,0
MDEwOlJlcG9zaXRvcnkzNzc4MTEyMTU=,2021-06-17T11:45:18Z,2026-05-04T04:39:30Z,2026-05-04T04:39:25Z,108,True,macos-cmake-gh-actions-sc,sonarsource-cfamily-examples/macos-cmake-gh-actions-sc,git@github.com:sonarsource-cfamily-examples/macos-cmake-gh-actions-sc.git,1
MDEwOlJlcG9zaXRvcnkzNzc3ODkyMTA=,2021-06-17T10:19:27Z,2026-05-04T04:39:14Z,2026-05-04T04:39:09Z,99,True,linux-autotools-azure-sc,sonarsource-cfamily-examples/linux-autotools-azure-sc,git@github.com:sonarsource-cfamily-examples/linux-autotools-azure-sc.git,0
MDEwOlJlcG9zaXRvcnkzNzc3NTAwMDg=,2021-06-17T07:55:40Z,2026-05-04T04:39:11Z,2026-05-04T04:39:07Z,101,True,linux-autotools-gh-actions-sc,sonarsource-cfamily-examples/linux-autotools-gh-actions-sc,git@github.com:sonarsource-cfamily-examples/linux-autotools-gh-actions-sc.git,4
MDEwOlJlcG9zaXRvcnkzNzc3NDA5NzI=,2021-06-17T07:21:04Z,2026-05-04T04:39:36Z,2026-05-04T04:39:31Z,107,True,macos-xcode-gh-actions-sc,sonarsource-cfamily-examples/macos-xcode-gh-actions-sc,git@github.com:sonarsource-cfamily-examples/macos-xcode-gh-actions-sc.git,1
MDEwOlJlcG9zaXRvcnkzNzc2MDc4NDQ=,2021-06-16T19:37:06Z,2026-05-06T14:59:29Z,2026-05-06T14:46:02Z,3094,False,argparse,rue-ryuzaki/argparse,git@github.com:rue-ryuzaki/argparse.git,17
MDEwOlJlcG9zaXRvcnkzNzc1OTA2NDI=,2021-06-16T18:23:30Z,2026-03-23T21:28:08Z,2026-03-23T21:28:03Z,43,True,mod-queue-list-cache,azerothcore/mod-queue-list-cache,git@github.com:azerothcore/mod-queue-list-cache.git,8
MDEwOlJlcG9zaXRvcnkzNzc0OTA0NjA=,2021-06-16T12:34:46Z,2026-05-04T04:39:22Z,2026-05-04T04:39:18Z,103,True,windows-msbuild-gh-actions-sc,sonarsource-cfamily-examples/windows-msbuild-gh-actions-sc,git@github.com:sonarsource-cfamily-examples/windows-msbuild-gh-actions-sc.git,3
MDEwOlJlcG9zaXRvcnkzNzc0ODEwOTY=,2021-06-16T12:01:25Z,2026-04-25T22:01:24Z,2026-04-25T22:01:20Z,8183,True,puca_dsp,ohmic-net/puca_dsp,git@github.com:ohmic-net/puca_dsp.git,76
MDEwOlJlcG9zaXRvcnkzNzc0NDMzNTE=,2021-06-16T09:34:17Z,2026-05-06T15:20:34Z,2026-05-06T15:05:59Z,1637,True,rockside,topling/rockside,git@github.com:topling/rockside.git,17
MDEwOlJlcG9zaXRvcnkzNzczMzc3NjE=,2021-06-16T01:32:53Z,2026-05-07T07:09:22Z,2026-04-25T11:58:23Z,870,True,LSPlant,LSPosed/LSPlant,git@github.com:LSPosed/LSPlant.git,1252
MDEwOlJlcG9zaXRvcnkzNzcyMzM3NDE=,2021-06-15T16:52:54Z,2026-05-06T19:06:38Z,2026-05-06T19:06:34Z,35225,False,glossy-msp430,grumat/glossy-msp430,git@github.com:grumat/glossy-msp430.git,13
MDEwOlJlcG9zaXRvcnkzNzcxODM1ODE=,2021-06-15T14:03:14Z,2026-05-04T04:39:16Z,2026-05-04T04:39:13Z,112,True,windows-cmake-gh-actions-sc,sonarsource-cfamily-examples/windows-cmake-gh-actions-sc,git@github.com:sonarsource-cfamily-examples/windows-cmake-gh-actions-sc.git,0
MDEwOlJlcG9zaXRvcnkzNzcxNjI5ODI=,2021-06-15T12:56:46Z,2026-05-05T09:32:11Z,2026-05-07T08:41:09Z,130341,False,threepp,markaren/threepp,git@github.com:markaren/threepp.git,782
MDEwOlJlcG9zaXRvcnkzNzcxMTA2MjI=,2021-06-15T09:39:37Z,2026-05-04T04:39:04Z,2026-05-04T04:39:00Z,105,True,linux-cmake-azure-sc,sonarsource-cfamily-examples/linux-cmake-azure-sc,git@github.com:sonarsource-cfamily-examples/linux-cmake-azure-sc.git,0
MDEwOlJlcG9zaXRvcnkzNzcxMDAxNDg=,2021-06-15T09:01:07Z,2026-05-07T09:14:58Z,2026-05-07T09:14:55Z,149818,False,OpenHTJ2K,osamu620/OpenHTJ2K,git@github.com:osamu620/OpenHTJ2K.git,46
MDEwOlJlcG9zaXRvcnkzNzcwOTczNjY=,2021-06-15T08:51:07Z,2026-05-06T21:30:15Z,2026-05-06T21:30:13Z,18039,True,join,joinframework/join,git@github.com:joinframework/join.git,3
MDEwOlJlcG9zaXRvcnkzNzcwNzc1MzQ=,2021-06-15T07:39:38Z,2026-05-04T04:39:08Z,2026-05-04T04:39:04Z,55,True,linux-autotools-travis-sc,sonarsource-cfamily-examples/linux-autotools-travis-sc,git@github.com:sonarsource-cfamily-examples/linux-autotools-travis-sc.git,0
MDEwOlJlcG9zaXRvcnkzNzY5NjU5MjQ=,2021-06-14T21:57:40Z,2026-03-18T18:25:45Z,2026-03-18T18:25:41Z,4737,True,OpenAT-Template,makersmakingchange/OpenAT-Template,git@github.com:makersmakingchange/OpenAT-Template.git,8
MDEwOlJlcG9zaXRvcnkzNzY5MjU4Mzg=,2021-06-14T18:52:38Z,2026-05-05T20:16:01Z,2026-05-05T20:15:57Z,343,False,nioc,ajakhotia/nioc,git@github.com:ajakhotia/nioc.git,0
MDEwOlJlcG9zaXRvcnkzNzY4ODY3ODI=,2021-06-14T16:22:55Z,2026-05-04T04:39:02Z,2026-05-04T04:38:58Z,107,True,linux-cmake-gh-actions-sc,sonarsource-cfamily-examples/linux-cmake-gh-actions-sc,git@github.com:sonarsource-cfamily-examples/linux-cmake-gh-actions-sc.git,4
MDEwOlJlcG9zaXRvcnkzNzY3NTkxODA=,2021-06-14T08:47:42Z,2026-03-10T13:38:05Z,2026-03-10T13:38:01Z,480,False,AbilitySystemSetup,ChristianHinkle/AbilitySystemSetup,git@github.com:ChristianHinkle/AbilitySystemSetup.git,0
MDEwOlJlcG9zaXRvcnkzNzY0MjQ5MTk=,2021-06-13T03:03:45Z,2026-04-30T20:56:31Z,2026-04-30T20:56:26Z,202533,False,skyland-gba,evanbowman/skyland-gba,git@github.com:evanbowman/skyland-gba.git,92
MDEwOlJlcG9zaXRvcnkzNzYxNzk5Mjc=,2021-06-12T01:47:38Z,2026-03-01T14:21:42Z,2026-03-01T14:21:38Z,6774,False,SA2-Debug-Mode,Sora-yx/SA2-Debug-Mode,git@github.com:Sora-yx/SA2-Debug-Mode.git,2
MDEwOlJlcG9zaXRvcnkzNzYwMjI4NDY=,2021-06-11T12:46:38Z,2026-05-05T15:02:53Z,2026-04-23T01:07:53Z,88653,True,debugger,Vector35/debugger,git@github.com:Vector35/debugger.git,314
MDEwOlJlcG9zaXRvcnkzNzU4Nzg5NTc=,2021-06-11T02:08:17Z,2026-03-20T14:52:31Z,2026-03-20T14:52:27Z,40045,True,Filed-Experiment-Data-HIGH_Sim,CATS-Lab/Filed-Experiment-Data-HIGH_Sim,git@github.com:CATS-Lab/Filed-Experiment-Data-HIGH_Sim.git,13
MDEwOlJlcG9zaXRvcnkzNzU4NjIzNjU=,2021-06-11T00:26:38Z,2026-05-06T23:04:22Z,2026-05-07T08:09:18Z,3484,False,glasgow-constraint-solver,ciaranm/glasgow-constraint-solver,git@github.com:ciaranm/glasgow-constraint-solver.git,18
MDEwOlJlcG9zaXRvcnkzNzU3NTU5MTc=,2021-06-10T16:02:56Z,2026-04-28T13:41:15Z,2026-04-30T10:21:38Z,2228,True,ToolFrameworkCore,ToolFramework/ToolFrameworkCore,git@github.com:ToolFramework/ToolFrameworkCore.git,1
MDEwOlJlcG9zaXRvcnkzNzU1OTIwMDk=,2021-06-10T06:20:40Z,2026-04-20T01:44:58Z,2026-04-20T01:44:53Z,949,False,VMSToolAccess,akunadze/VMSToolAccess,git@github.com:akunadze/VMSToolAccess.git,1
MDEwOlJlcG9zaXRvcnkzNzU1MjY0ODM=,2021-06-10T00:43:15Z,2026-03-18T03:37:28Z,2026-03-12T20:16:44Z,26837,False,FastGeodis,masadcv/FastGeodis,git@github.com:masadcv/FastGeodis.git,107
MDEwOlJlcG9zaXRvcnkzNzU0ODU4MTY=,2021-06-09T20:49:28Z,2026-04-29T15:35:41Z,2026-03-18T00:29:49Z,933,False,3D-Game-Engine-Template,TheoBendixson/3D-Game-Engine-Template,git@github.com:TheoBendixson/3D-Game-Engine-Template.git,45
MDEwOlJlcG9zaXRvcnkzNzU0NDU3NDM=,2021-06-09T17:57:53Z,2026-04-12T06:16:00Z,2026-03-22T18:15:27Z,196130,False,TYPE1SC,codezoo-ltd/TYPE1SC,git@github.com:codezoo-ltd/TYPE1SC.git,17
MDEwOlJlcG9zaXRvcnkzNzUzNTYwNjE=,2021-06-09T12:59:11Z,2026-05-04T08:23:10Z,2026-03-06T18:56:58Z,100707,False,RAMA,pawelswoboda/RAMA,git@github.com:pawelswoboda/RAMA.git,89
MDEwOlJlcG9zaXRvcnkzNzUzMzkzODY=,2021-06-09T11:59:33Z,2026-04-30T11:32:06Z,2026-04-30T11:32:03Z,398,True,libnetconf2-cpp,CESNET/libnetconf2-cpp,git@github.com:CESNET/libnetconf2-cpp.git,6
MDEwOlJlcG9zaXRvcnkzNzUzMzc4OTU=,2021-06-09T11:53:39Z,2026-04-30T11:32:05Z,2026-04-30T11:32:01Z,3052,True,libyang-cpp,CESNET/libyang-cpp,git@github.com:CESNET/libyang-cpp.git,15
MDEwOlJlcG9zaXRvcnkzNzUzMDQxMTI=,2021-06-09T09:46:48Z,2026-05-07T08:16:23Z,2026-05-02T08:09:16Z,1096,False,ESP32_VS1053_Stream,CelliesProjects/ESP32_VS1053_Stream,git@github.com:CelliesProjects/ESP32_VS1053_Stream.git,113
MDEwOlJlcG9zaXRvcnkzNzUyODk5ODE=,2021-06-09T08:56:39Z,2026-04-29T13:34:29Z,2026-05-06T07:16:02Z,903,True,ubuntu-frame,canonical/ubuntu-frame,git@github.com:canonical/ubuntu-frame.git,185
MDEwOlJlcG9zaXRvcnkzNzUyNjQyOTU=,2021-06-09T07:23:53Z,2026-04-28T20:02:00Z,2026-04-28T20:01:56Z,1639,False,harbour-Syncthing,ilpianista/harbour-Syncthing,git@github.com:ilpianista/harbour-Syncthing.git,2
MDEwOlJlcG9zaXRvcnkzNzUxMzI3OTk=,2021-06-08T20:12:20Z,2026-05-01T00:25:56Z,2026-03-17T20:30:20Z,1374,True,fixed-containers,teslamotors/fixed-containers,git@github.com:teslamotors/fixed-containers.git,446
MDEwOlJlcG9zaXRvcnkzNzUwOTEyODk=,2021-06-08T17:25:51Z,2026-05-01T22:18:17Z,2026-05-06T20:26:38Z,174407,True,simplnx,BlueQuartzSoftware/simplnx,git@github.com:BlueQuartzSoftware/simplnx.git,15
MDEwOlJlcG9zaXRvcnkzNzUwNzY2MTY=,2021-06-08T16:31:10Z,2026-03-14T03:58:59Z,2026-03-14T03:58:56Z,9021,False,DSA_codes,manish-baghel2/DSA_codes,git@github.com:manish-baghel2/DSA_codes.git,1
MDEwOlJlcG9zaXRvcnkzNzUwMzU0MTU=,2021-06-08T14:17:42Z,2026-05-03T15:20:33Z,2026-04-27T21:15:56Z,11046,False,dsda-launcher,Pedro-Beirao/dsda-launcher,git@github.com:Pedro-Beirao/dsda-launcher.git,84
MDEwOlJlcG9zaXRvcnkzNzQ4NTU2MDc=,2021-06-08T02:21:11Z,2026-03-23T09:27:17Z,2026-03-23T09:23:21Z,2477,False,ai-crawlflow,Denny-Lin/ai-crawlflow,git@github.com:Denny-Lin/ai-crawlflow.git,2
MDEwOlJlcG9zaXRvcnkzNzQ2NzQ5NjY=,2021-06-07T13:25:18Z,2026-04-29T14:16:12Z,2026-04-29T15:16:14Z,2712602,False,ngme2,davidbolin/ngme2,git@github.com:davidbolin/ngme2.git,7
MDEwOlJlcG9zaXRvcnkzNzQ1ODUwMTk=,2021-06-07T08:07:13Z,2026-03-24T14:32:27Z,2026-03-24T14:31:21Z,3131,False,DSA_Cpp,Tamoghna-Bhattacharjee/DSA_Cpp,git@github.com:Tamoghna-Bhattacharjee/DSA_Cpp.git,0
MDEwOlJlcG9zaXRvcnkzNzQ1NzE4ODQ=,2021-06-07T07:20:17Z,2026-05-01T08:13:48Z,2026-04-16T21:17:36Z,1816,False,BloogBot,DrewKestell/BloogBot,git@github.com:DrewKestell/BloogBot.git,170
MDEwOlJlcG9zaXRvcnkzNzQ1MDc1MDU=,2021-06-07T02:04:29Z,2026-03-16T22:33:20Z,2026-03-16T22:33:15Z,68978,False,space,lele94218/space,git@github.com:lele94218/space.git,0
MDEwOlJlcG9zaXRvcnkzNzQzNjA1MDQ=,2021-06-06T12:56:32Z,2026-05-06T18:28:25Z,2026-05-06T19:21:17Z,28111,True,spice,spicelang/spice,git@github.com:spicelang/spice.git,84
MDEwOlJlcG9zaXRvcnkzNzQzMzIzMDI=,2021-06-06T10:36:11Z,2026-04-21T13:56:17Z,2026-05-07T11:01:18Z,8940,True,Cool,Coollab-Art/Cool,git@github.com:Coollab-Art/Cool.git,14
MDEwOlJlcG9zaXRvcnkzNzQyNTAxMDU=,2021-06-06T02:19:57Z,2026-03-05T11:36:50Z,2026-03-14T10:57:12Z,90417,False,ofxSurfingImGui,moebiussurfing/ofxSurfingImGui,git@github.com:moebiussurfing/ofxSurfingImGui.git,53
MDEwOlJlcG9zaXRvcnkzNzQyMDA3MzQ=,2021-06-05T19:53:44Z,2026-04-14T18:26:35Z,2026-04-14T18:26:31Z,188,True,atama,ichiro-its/atama,git@github.com:ichiro-its/atama.git,0
MDEwOlJlcG9zaXRvcnkzNzQyMDA1MjM=,2021-06-05T19:52:40Z,2026-04-29T18:11:28Z,2026-05-06T12:55:59Z,402,True,suiryoku,ichiro-its/suiryoku,git@github.com:ichiro-its/suiryoku.git,1
MDEwOlJlcG9zaXRvcnkzNzQxODI0Mzg=,2021-06-05T18:09:33Z,2026-03-15T14:51:48Z,2026-03-15T14:51:43Z,60,False,melatonin_test_helpers,sudara/melatonin_test_helpers,git@github.com:sudara/melatonin_test_helpers.git,15
MDEwOlJlcG9zaXRvcnkzNzQxODIxMzQ=,2021-06-05T18:07:59Z,2026-03-15T14:52:31Z,2026-03-15T14:52:27Z,104,False,melatonin_audio_sparklines,sudara/melatonin_audio_sparklines,git@github.com:sudara/melatonin_audio_sparklines.git,102
MDEwOlJlcG9zaXRvcnkzNzQxNjgzMzU=,2021-06-05T16:59:41Z,2026-05-03T18:07:08Z,2026-05-03T18:07:05Z,982,False,my-projects,Subio-yng/my-projects,git@github.com:Subio-yng/my-projects.git,0
MDEwOlJlcG9zaXRvcnkzNzQxNjY1OTk=,2021-06-05T16:51:08Z,2026-05-03T12:52:24Z,2026-05-03T12:52:20Z,4232956,True,FLSR,Freelancer-Sirius-Revival/FLSR,git@github.com:Freelancer-Sirius-Revival/FLSR.git,9
MDEwOlJlcG9zaXRvcnkzNzQwODkzMDY=,2021-06-05T10:51:17Z,2026-04-28T10:56:55Z,2026-04-28T10:56:50Z,6984,False,android_device_essential_mata,Tomoms/android_device_essential_mata,git@github.com:Tomoms/android_device_essential_mata.git,2
MDEwOlJlcG9zaXRvcnkzNzM4NzcyNTY=,2021-06-04T15:01:51Z,2026-04-30T10:02:57Z,2026-05-04T08:59:59Z,9728,True,aas-core-codegen,aas-core-works/aas-core-codegen,git@github.com:aas-core-works/aas-core-codegen.git,22
MDEwOlJlcG9zaXRvcnkzNzM4NDQxNzc=,2021-06-04T13:04:36Z,2026-05-02T11:27:54Z,2026-05-02T11:27:49Z,131513,True,Perimeter,KD-lab-Open-Source/Perimeter,git@github.com:KD-lab-Open-Source/Perimeter.git,548
MDEwOlJlcG9zaXRvcnkzNzM3NDM3ODk=,2021-06-04T06:31:44Z,2026-04-21T07:34:49Z,2026-03-13T16:20:42Z,8041,True,ExaCA,llnl/ExaCA,git@github.com:llnl/ExaCA.git,88
MDEwOlJlcG9zaXRvcnkzNzM2NjQ1ODg=,2021-06-03T23:09:34Z,2026-04-19T07:38:59Z,2026-03-22T22:13:52Z,22361,True,Caddie,PackProject/Caddie,git@github.com:PackProject/Caddie.git,6
MDEwOlJlcG9zaXRvcnkzNzM2MTgxNDE=,2021-06-03T19:23:53Z,2026-03-11T12:29:15Z,2026-03-11T12:30:52Z,135,False,confu_json,werto87/confu_json,git@github.com:werto87/confu_json.git,0
MDEwOlJlcG9zaXRvcnkzNzM1NjIwMjk=,2021-06-03T15:49:05Z,2026-04-25T13:04:35Z,2026-03-03T07:43:06Z,5364,True,ghidra-native,radareorg/ghidra-native,git@github.com:radareorg/ghidra-native.git,39
MDEwOlJlcG9zaXRvcnkzNzM1MjU5ODU=,2021-06-03T13:57:15Z,2026-05-05T07:55:58Z,2026-05-05T07:55:54Z,71,False,libkfdialog,martenjj/libkfdialog,git@github.com:martenjj/libkfdialog.git,0
MDEwOlJlcG9zaXRvcnkzNzM0ODcwNTk=,2021-06-03T11:42:56Z,2026-05-03T07:08:06Z,2026-05-03T07:08:02Z,11637,True,qalculate-qt,Qalculate/qalculate-qt,git@github.com:Qalculate/qalculate-qt.git,552
MDEwOlJlcG9zaXRvcnkzNzM0NjEzODE=,2021-06-03T10:01:35Z,2026-03-30T21:51:27Z,2026-04-04T13:04:32Z,3183,True,chopper,seqan/chopper,git@github.com:seqan/chopper.git,9
MDEwOlJlcG9zaXRvcnkzNzM0MTAwMDc=,2021-06-03T06:53:02Z,2026-05-06T15:04:23Z,2026-05-06T14:55:12Z,1095,False,library,hly1204/library,git@github.com:hly1204/library.git,15
MDEwOlJlcG9zaXRvcnkzNzMzMTIwMTk=,2021-06-02T21:51:51Z,2026-05-06T19:37:04Z,2026-03-30T22:34:26Z,6981,False,ccc,chaoticgd/ccc,git@github.com:chaoticgd/ccc.git,99
MDEwOlJlcG9zaXRvcnkzNzMyNzM2NDE=,2021-06-02T18:57:38Z,2026-03-11T22:23:42Z,2026-03-11T22:23:38Z,1217,True,FastLoader,usnistgov/FastLoader,git@github.com:usnistgov/FastLoader.git,11
MDEwOlJlcG9zaXRvcnkzNzMyMTU4Njc=,2021-06-02T15:24:57Z,2026-05-07T11:16:39Z,2026-05-07T11:16:35Z,1170,True,mochi-yokan,mochi-hpc/mochi-yokan,git@github.com:mochi-hpc/mochi-yokan.git,1
MDEwOlJlcG9zaXRvcnkzNzMyMTM3MjM=,2021-06-02T15:18:25Z,2026-03-05T22:45:05Z,2026-03-05T22:30:31Z,114,True,wallFunctions,SedFoam/wallFunctions,git@github.com:SedFoam/wallFunctions.git,4
MDEwOlJlcG9zaXRvcnkzNzMxNjY3MDc=,2021-06-02T12:52:26Z,2026-04-15T09:23:31Z,2026-04-15T09:23:27Z,21651,False,PV-Anzeige,deHarro/PV-Anzeige,git@github.com:deHarro/PV-Anzeige.git,1
MDEwOlJlcG9zaXRvcnkzNzMwNzczOTk=,2021-06-02T07:22:52Z,2026-05-05T09:26:14Z,2026-05-05T09:25:59Z,396169,False,opencv2,leadervenom/opencv2,git@github.com:leadervenom/opencv2.git,0
MDEwOlJlcG9zaXRvcnkzNzMwNzU5OTE=,2021-06-02T07:17:45Z,2026-04-29T23:28:11Z,2026-05-01T01:35:52Z,1002,True,1kiss,simdsoft/1kiss,git@github.com:simdsoft/1kiss.git,30
MDEwOlJlcG9zaXRvcnkzNzMwMDM0NTQ=,2021-06-02T01:20:35Z,2026-05-07T00:59:15Z,2026-05-07T00:59:14Z,6692,False,supercell-wx,dpaulat/supercell-wx,git@github.com:dpaulat/supercell-wx.git,415
MDEwOlJlcG9zaXRvcnkzNzI5ODg1NDA=,2021-06-01T23:48:46Z,2026-03-09T16:18:29Z,2026-03-09T16:18:08Z,3628309,False,studies,vitorcesarlulio/studies,git@github.com:vitorcesarlulio/studies.git,0
MDEwOlJlcG9zaXRvcnkzNzI4NTIxMzI=,2021-06-01T14:07:08Z,2026-03-30T16:04:14Z,2026-03-30T16:04:09Z,226,True,liburpc,EPC-MSU/liburpc,git@github.com:EPC-MSU/liburpc.git,0
MDEwOlJlcG9zaXRvcnkzNzI3MjEyNTg=,2021-06-01T06:16:20Z,2026-05-07T04:54:29Z,2026-05-06T01:48:20Z,203,False,GASAttachEditor,Monocluar/GASAttachEditor,git@github.com:Monocluar/GASAttachEditor.git,116
MDEwOlJlcG9zaXRvcnkzNzI2MzEwNDM=,2021-05-31T21:19:30Z,2026-05-03T19:52:40Z,2026-05-03T17:56:01Z,348755,True,Republic-Olympiads,Azerbaijan-Informatics-Olympiads/Republic-Olympiads,git@github.com:Azerbaijan-Informatics-Olympiads/Republic-Olympiads.git,2
MDEwOlJlcG9zaXRvcnkzNzI1MzY3NjA=,2021-05-31T14:36:17Z,2026-05-07T02:31:49Z,2026-05-07T01:00:47Z,910075,True,oceanbase,oceanbase/oceanbase,git@github.com:oceanbase/oceanbase.git,10091
MDEwOlJlcG9zaXRvcnkzNzI1MzY1MDM=,2021-05-31T14:35:33Z,2026-05-06T02:08:57Z,2026-03-03T06:47:22Z,24348,True,obproxy,oceanbase/obproxy,git@github.com:oceanbase/obproxy.git,132
MDEwOlJlcG9zaXRvcnkzNzI1MzYwNTU=,2021-05-31T14:34:09Z,2026-03-31T11:38:46Z,2026-03-05T09:49:02Z,116192,True,obclient,oceanbase/obclient,git@github.com:oceanbase/obclient.git,88
MDEwOlJlcG9zaXRvcnkzNzI1MjE3NzA=,2021-05-31T13:47:17Z,2026-04-19T17:28:56Z,2026-05-06T15:28:18Z,3084,True,rdf4cpp,tentris/rdf4cpp,git@github.com:tentris/rdf4cpp.git,32
MDEwOlJlcG9zaXRvcnkzNzI0NzA0NzY=,2021-05-31T10:39:15Z,2026-05-02T10:04:47Z,2026-05-02T10:04:44Z,859,False,CP_Templates,supershivam13/CP_Templates,git@github.com:supershivam13/CP_Templates.git,8
MDEwOlJlcG9zaXRvcnkzNzI0Mzc3Mjg=,2021-05-31T08:35:38Z,2026-05-06T19:05:10Z,2026-05-06T19:05:01Z,12057,True,clp,y-scope/clp,git@github.com:y-scope/clp.git,1058
MDEwOlJlcG9zaXRvcnkzNzIyODc4MDQ=,2021-05-30T18:27:58Z,2026-04-28T11:02:44Z,2026-04-28T11:02:39Z,776,False,wayfire-shadows,timgott/wayfire-shadows,git@github.com:timgott/wayfire-shadows.git,26
MDEwOlJlcG9zaXRvcnkzNzIyNzEyMjE=,2021-05-30T17:04:48Z,2026-05-03T05:56:00Z,2026-04-16T06:32:17Z,765,False,regenny,cursey/regenny,git@github.com:cursey/regenny.git,280
MDEwOlJlcG9zaXRvcnkzNzIyNjU5Njc=,2021-05-30T16:39:32Z,2026-05-05T17:15:16Z,2026-05-06T21:50:25Z,50841,False,YouTubeDiscordPresence,XFG16/YouTubeDiscordPresence,git@github.com:XFG16/YouTubeDiscordPresence.git,247
MDEwOlJlcG9zaXRvcnkzNzIxODQ5MzE=,2021-05-30T10:28:50Z,2026-04-21T11:07:48Z,2026-04-17T17:34:54Z,606,False,VictronMPPT-ESPHOME,KinDR007/VictronMPPT-ESPHOME,git@github.com:KinDR007/VictronMPPT-ESPHOME.git,401
MDEwOlJlcG9zaXRvcnkzNzIxNzQ0NzY=,2021-05-30T09:34:27Z,2026-04-22T12:42:20Z,2026-04-22T12:42:15Z,202,True,cuda-battery,lattice-land/cuda-battery,git@github.com:lattice-land/cuda-battery.git,32
MDEwOlJlcG9zaXRvcnkzNzIwNzE1Mzg=,2021-05-29T21:22:18Z,2026-05-04T14:08:20Z,2026-05-07T09:29:17Z,7169,True,plasmatube,KDE/plasmatube,git@github.com:KDE/plasmatube.git,34
MDEwOlJlcG9zaXRvcnkzNzE5ODk0NTY=,2021-05-29T14:09:55Z,2026-03-05T18:46:31Z,2026-03-05T18:46:27Z,32,False,argus_data_api,argotronic/argus_data_api,git@github.com:argotronic/argus_data_api.git,15
MDEwOlJlcG9zaXRvcnkzNzE5ODg0ODQ=,2021-05-29T14:05:36Z,2026-05-05T16:51:02Z,2026-05-07T10:36:22Z,134260,True,tokodon,KDE/tokodon,git@github.com:KDE/tokodon.git,66
MDEwOlJlcG9zaXRvcnkzNzE5MTgzNDY=,2021-05-29T08:16:07Z,2026-04-25T04:43:00Z,2026-04-30T02:53:38Z,269,True,kansei,ichiro-its/kansei,git@github.com:ichiro-its/kansei.git,1
MDEwOlJlcG9zaXRvcnkzNzE5MDk2ODQ=,2021-05-29T07:31:40Z,2026-04-12T13:33:00Z,2026-04-12T13:32:57Z,22081,False,library,MtSaka/library,git@github.com:MtSaka/library.git,10
MDEwOlJlcG9zaXRvcnkzNzE4MDIzMjA=,2021-05-28T19:38:17Z,2026-04-30T17:22:21Z,2026-04-30T17:23:59Z,143,True,keyboard_handler,ros-tooling/keyboard_handler,git@github.com:ros-tooling/keyboard_handler.git,13
MDEwOlJlcG9zaXRvcnkzNzE1MzA2Nzc=,2021-05-27T23:46:59Z,2026-03-21T19:26:45Z,2026-04-05T23:05:49Z,936,False,xenomods,BlockBuilder57/xenomods,git@github.com:BlockBuilder57/xenomods.git,31
MDEwOlJlcG9zaXRvcnkzNzE0MzE2NzE=,2021-05-27T16:05:17Z,2026-03-30T16:18:42Z,2026-03-30T16:18:37Z,124,True,guard,open-power/guard,git@github.com:open-power/guard.git,1
MDEwOlJlcG9zaXRvcnkzNzE0MDkxOTc=,2021-05-27T14:49:30Z,2026-05-06T07:21:47Z,2026-05-07T09:21:39Z,1734,False,mrmd,XzzX/mrmd,git@github.com:XzzX/mrmd.git,5
MDEwOlJlcG9zaXRvcnkzNzExNzMwNjk=,2021-05-26T21:29:06Z,2026-02-13T09:01:13Z,2026-04-21T19:09:56Z,3344,True,VisualTrueType,microsoft/VisualTrueType,git@github.com:microsoft/VisualTrueType.git,60
MDEwOlJlcG9zaXRvcnkzNzExNTczMDM=,2021-05-26T20:10:43Z,2026-03-07T00:00:05Z,2026-03-06T23:29:31Z,310,False,SSD1306_OLED_RPI,gavinlyonsrepo/SSD1306_OLED_RPI,git@github.com:gavinlyonsrepo/SSD1306_OLED_RPI.git,28
MDEwOlJlcG9zaXRvcnkzNzExMTI2Njk=,2021-05-26T17:10:20Z,2026-04-15T11:02:27Z,2026-05-02T09:34:41Z,442,True,aruku,ichiro-its/aruku,git@github.com:ichiro-its/aruku.git,5
MDEwOlJlcG9zaXRvcnkzNzEwOTgyNDY=,2021-05-26T16:19:42Z,2026-03-25T23:24:11Z,2026-03-25T23:24:10Z,127,True,cpp_timer,UTNuclearRoboticsPublic/cpp_timer,git@github.com:UTNuclearRoboticsPublic/cpp_timer.git,6
MDEwOlJlcG9zaXRvcnkzNzEwNDk4NDM=,2021-05-26T13:47:19Z,2026-05-06T12:41:40Z,2026-05-06T07:57:26Z,23065,False,WinArk,BeneficialCode/WinArk,git@github.com:BeneficialCode/WinArk.git,559
MDEwOlJlcG9zaXRvcnkzNzA4NDU3ODc=,2021-05-25T22:45:09Z,2026-03-24T17:24:58Z,2026-03-04T23:45:01Z,4803,True,dcsam,MarineRoboticsGroup/dcsam,git@github.com:MarineRoboticsGroup/dcsam.git,156
MDEwOlJlcG9zaXRvcnkzNzA3OTU5NzM=,2021-05-25T18:45:40Z,2026-04-30T15:33:49Z,2026-04-30T15:33:43Z,257,True,expropt,asyncvlsi/expropt,git@github.com:asyncvlsi/expropt.git,2
MDEwOlJlcG9zaXRvcnkzNzA2NjEzODg=,2021-05-25T11:00:11Z,2026-04-18T02:12:09Z,2026-04-18T02:12:04Z,3586,True,android_device_asus_zenfone8,omnirom/android_device_asus_zenfone8,git@github.com:omnirom/android_device_asus_zenfone8.git,3
MDEwOlJlcG9zaXRvcnkzNzA0Nzk5NjU=,2021-05-24T20:43:30Z,2026-04-17T21:18:46Z,2026-03-27T15:34:58Z,500,False,Forecaster,GyverLibs/Forecaster,git@github.com:GyverLibs/Forecaster.git,19
MDEwOlJlcG9zaXRvcnkzNzA0NzkyNTc=,2021-05-24T20:40:01Z,2026-04-17T21:19:07Z,2026-03-10T16:40:41Z,68,False,fixed,GyverLibs/fixed,git@github.com:GyverLibs/fixed.git,7
MDEwOlJlcG9zaXRvcnkzNzA0Nzg0MTk=,2021-05-24T20:35:59Z,2026-05-04T19:41:10Z,2026-05-04T19:41:06Z,437023,False,SatisfactoryMods,mklierman/SatisfactoryMods,git@github.com:mklierman/SatisfactoryMods.git,53
MDEwOlJlcG9zaXRvcnkzNzAzOTk3NDI=,2021-05-24T15:28:23Z,2026-04-12T08:17:06Z,2026-04-12T08:17:38Z,9045,False,TVTestAnnictRecorder,SlashNephy/TVTestAnnictRecorder,git@github.com:SlashNephy/TVTestAnnictRecorder.git,18
MDEwOlJlcG9zaXRvcnkzNzAzOTcyODc=,2021-05-24T15:20:25Z,2026-05-06T20:36:53Z,2026-03-19T02:43:32Z,16917,False,AirPodsDesktop,SpriteOvO/AirPodsDesktop,git@github.com:SpriteOvO/AirPodsDesktop.git,2789
MDEwOlJlcG9zaXRvcnkzNzAzODYxMzI=,2021-05-24T14:45:57Z,2026-04-16T00:04:20Z,2026-05-04T16:09:03Z,10003,False,autoponico,josezy/autoponico,git@github.com:josezy/autoponico.git,0
MDEwOlJlcG9zaXRvcnkzNzAzNzgxMDc=,2021-05-24T14:20:14Z,2026-04-26T09:23:03Z,2026-04-26T09:23:15Z,36,False,BitPack,GyverLibs/BitPack,git@github.com:GyverLibs/BitPack.git,12
MDEwOlJlcG9zaXRvcnkzNzAzNTYxOTc=,2021-05-24T13:10:41Z,2026-04-07T10:16:29Z,2026-04-07T10:16:25Z,318683,False,CrossingHighway,ysh4267/CrossingHighway,git@github.com:ysh4267/CrossingHighway.git,0
MDEwOlJlcG9zaXRvcnkzNzAzMTM0NTM=,2021-05-24T10:28:32Z,2026-05-04T03:34:16Z,2026-04-28T23:07:46Z,90814,False,Refactored_ORB_SLAM2,sjulier/Refactored_ORB_SLAM2,git@github.com:sjulier/Refactored_ORB_SLAM2.git,7
MDEwOlJlcG9zaXRvcnkzNzAyMzQ4MzY=,2021-05-24T05:12:20Z,2026-04-26T08:27:21Z,2026-04-26T08:27:17Z,256,True,memory,Felspar/memory,git@github.com:Felspar/memory.git,4
MDEwOlJlcG9zaXRvcnkzNzAxNjc3OTQ=,2021-05-23T22:14:50Z,2026-04-15T04:57:32Z,2026-04-15T04:57:28Z,50,False,numo.hpp,ankane/numo.hpp,git@github.com:ankane/numo.hpp.git,2
MDEwOlJlcG9zaXRvcnkzNzAwODgyNzM=,2021-05-23T15:26:17Z,2026-04-24T08:50:23Z,2026-04-24T08:50:21Z,82819,True,swiftray,flux3dp/swiftray,git@github.com:flux3dp/swiftray.git,6
MDEwOlJlcG9zaXRvcnkzNzAwODYzODg=,2021-05-23T15:18:06Z,2026-04-30T13:11:49Z,2026-05-07T10:31:03Z,11258,False,strobealign,ksahlin/strobealign,git@github.com:ksahlin/strobealign.git,196
MDEwOlJlcG9zaXRvcnkzNzAwMzM3MjQ=,2021-05-23T11:23:59Z,2026-03-27T18:02:30Z,2026-04-21T12:44:12Z,732,False,is-polygons-overlapped,vinayaksuresh/is-polygons-overlapped,git@github.com:vinayaksuresh/is-polygons-overlapped.git,2
MDEwOlJlcG9zaXRvcnkzNjk5NjkzNTA=,2021-05-23T05:33:57Z,2026-03-25T02:10:43Z,2026-03-25T02:10:39Z,195,False,firmware-update,Linux4/firmware-update,git@github.com:Linux4/firmware-update.git,10
MDEwOlJlcG9zaXRvcnkzNjk5NTcyMTA=,2021-05-23T04:07:15Z,2026-04-29T07:01:20Z,2026-04-29T07:01:16Z,23119,False,gh_coding_test,cdog-gh/gh_coding_test,git@github.com:cdog-gh/gh_coding_test.git,33
MDEwOlJlcG9zaXRvcnkzNjk4OTkzOTM=,2021-05-22T20:24:11Z,2026-04-10T02:10:42Z,2026-04-09T01:36:15Z,6540,True,JIPCAD,JIPCAD/JIPCAD,git@github.com:JIPCAD/JIPCAD.git,8
MDEwOlJlcG9zaXRvcnkzNjk4MTg2NDY=,2021-05-22T13:44:56Z,2026-05-04T19:48:39Z,2026-05-01T21:48:14Z,155332,True,EU4ToVic3,ParadoxGameConverters/EU4ToVic3,git@github.com:ParadoxGameConverters/EU4ToVic3.git,65
MDEwOlJlcG9zaXRvcnkzNjk3MDcyODI=,2021-05-22T03:38:29Z,2026-04-15T20:42:54Z,2026-04-15T20:42:50Z,399,True,DevoloopAudioKit,AudioKit/DevoloopAudioKit,git@github.com:AudioKit/DevoloopAudioKit.git,38
MDEwOlJlcG9zaXRvcnkzNjk2OTM5NzQ=,2021-05-22T01:58:42Z,2026-04-29T01:48:42Z,2026-04-29T01:48:39Z,475,True,mauikit-accounts,KDE/mauikit-accounts,git@github.com:KDE/mauikit-accounts.git,5
MDEwOlJlcG9zaXRvcnkzNjk2ODE0MDE=,2021-05-22T00:18:19Z,2026-05-06T01:47:57Z,2026-05-07T09:19:14Z,7625,True,audiotube,KDE/audiotube,git@github.com:KDE/audiotube.git,84
MDEwOlJlcG9zaXRvcnkzNjk1OTk5NzU=,2021-05-21T16:52:38Z,2026-05-07T07:43:18Z,2026-03-05T13:20:47Z,770,False,thread-pool,ptsouchlos/thread-pool,git@github.com:ptsouchlos/thread-pool.git,553
MDEwOlJlcG9zaXRvcnkzNjk1OTA2MjM=,2021-05-21T16:14:05Z,2026-05-04T06:25:21Z,2026-03-24T09:47:39Z,4064,False,esphome-components,dentra/esphome-components,git@github.com:dentra/esphome-components.git,192
MDEwOlJlcG9zaXRvcnkzNjk0ODUxMTk=,2021-05-21T09:34:51Z,2026-04-17T15:44:26Z,2026-04-17T15:44:22Z,7093,False,NuMaker-UNO-board-for-Arduino-IDE,ScuratovaAnna/NuMaker-UNO-board-for-Arduino-IDE,git@github.com:ScuratovaAnna/NuMaker-UNO-board-for-Arduino-IDE.git,0
MDEwOlJlcG9zaXRvcnkzNjk0NDE5NzQ=,2021-05-21T06:54:41Z,2026-04-07T02:27:31Z,2026-04-07T02:27:24Z,50703,False,Coding-Notes,sayakbanerjee1999/Coding-Notes,git@github.com:sayakbanerjee1999/Coding-Notes.git,78
MDEwOlJlcG9zaXRvcnkzNjkzNjg2NjM=,2021-05-21T00:12:31Z,2026-04-15T13:07:22Z,2026-04-15T13:07:09Z,418822,True,VVDViewer,JaneliaSciComp/VVDViewer,git@github.com:JaneliaSciComp/VVDViewer.git,27
MDEwOlJlcG9zaXRvcnkzNjkzMTIyNzM=,2021-05-20T19:08:35Z,2026-04-02T09:08:20Z,2026-03-20T17:33:33Z,73696,False,SoT-Python-Offset-Finder,DougTheDruid/SoT-Python-Offset-Finder,git@github.com:DougTheDruid/SoT-Python-Offset-Finder.git,62
MDEwOlJlcG9zaXRvcnkzNjkyODY0MTA=,2021-05-20T17:23:10Z,2026-04-01T14:15:03Z,2026-04-01T14:15:13Z,494060,True,WindowsMeetingSDK,visionable-public/WindowsMeetingSDK,git@github.com:visionable-public/WindowsMeetingSDK.git,0
MDEwOlJlcG9zaXRvcnkzNjkwMzgzMTk=,2021-05-20T00:48:10Z,2026-05-04T01:14:26Z,2026-04-15T20:43:16Z,756,True,STKAudioKit,AudioKit/STKAudioKit,git@github.com:AudioKit/STKAudioKit.git,42
MDEwOlJlcG9zaXRvcnkzNjkwMDkwMTU=,2021-05-19T21:47:02Z,2026-05-06T23:20:24Z,2026-04-13T19:36:13Z,6507,True,Levenshtein,rapidfuzz/Levenshtein,git@github.com:rapidfuzz/Levenshtein.git,390
MDEwOlJlcG9zaXRvcnkzNjg5OTk1MTE=,2021-05-19T20:57:49Z,2026-04-13T13:36:49Z,2026-04-13T13:36:45Z,63847,True,VFPC,VFPC/VFPC,git@github.com:VFPC/VFPC.git,10
MDEwOlJlcG9zaXRvcnkzNjg5NzEyNzU=,2021-05-19T18:50:04Z,2026-05-01T08:03:58Z,2026-05-07T11:01:23Z,1213071,True,Coollab,Coollab-Art/Coollab,git@github.com:Coollab-Art/Coollab.git,91
MDEwOlJlcG9zaXRvcnkzNjg5NTcxMzc=,2021-05-19T17:57:24Z,2026-04-01T14:29:07Z,2026-04-01T14:29:03Z,144,False,BitCrackEvo,BitCrackEvo/BitCrackEvo,git@github.com:BitCrackEvo/BitCrackEvo.git,8
MDEwOlJlcG9zaXRvcnkzNjg5NDYzOTM=,2021-05-19T17:16:16Z,2026-05-06T16:06:31Z,2026-03-30T16:39:16Z,28,False,esphome-stream-server,oxan/esphome-stream-server,git@github.com:oxan/esphome-stream-server.git,294
MDEwOlJlcG9zaXRvcnkzNjg4NzY0Njc=,2021-05-19T13:19:56Z,2026-04-12T17:19:33Z,2026-04-12T17:19:29Z,12280,False,Howard-OJ,User-Howard/Howard-OJ,git@github.com:User-Howard/Howard-OJ.git,1
MDEwOlJlcG9zaXRvcnkzNjg4NDE2OTE=,2021-05-19T11:13:34Z,2026-04-26T09:58:46Z,2026-04-22T15:50:56Z,15365,True,core,cartocrow/core,git@github.com:cartocrow/core.git,11
MDEwOlJlcG9zaXRvcnkzNjg2NjQ0ODQ=,2021-05-18T20:57:12Z,2026-04-24T09:38:39Z,2026-04-24T09:38:35Z,155196,False,DinoDent,thefinalcutbg/DinoDent,git@github.com:thefinalcutbg/DinoDent.git,31
MDEwOlJlcG9zaXRvcnkzNjg2NTU4NDE=,2021-05-18T20:16:15Z,2026-04-09T07:35:51Z,2026-03-13T18:56:07Z,183,True,gr-bladeRF,Nuand/gr-bladeRF,git@github.com:Nuand/gr-bladeRF.git,38
MDEwOlJlcG9zaXRvcnkzNjg2NDM2MDA=,2021-05-18T19:22:51Z,2026-04-23T11:28:42Z,2026-04-23T11:28:38Z,1661,True,SciRooPlot,SciRooPlot/SciRooPlot,git@github.com:SciRooPlot/SciRooPlot.git,18
MDEwOlJlcG9zaXRvcnkzNjg1NDAzNTU=,2021-05-18T13:28:25Z,2026-04-23T06:00:23Z,2026-04-22T15:40:14Z,56317,True,wsl-images,AlmaLinux/wsl-images,git@github.com:AlmaLinux/wsl-images.git,59
MDEwOlJlcG9zaXRvcnkzNjg0ODI0OTU=,2021-05-18T10:03:32Z,2026-03-03T09:52:37Z,2026-03-03T09:52:59Z,52,False,SRF05,RobTillaart/SRF05,git@github.com:RobTillaart/SRF05.git,10
MDEwOlJlcG9zaXRvcnkzNjgzMTAwMjc=,2021-05-17T20:10:39Z,2026-05-02T07:19:46Z,2026-04-18T16:42:46Z,2717,True,jni-bind,google/jni-bind,git@github.com:google/jni-bind.git,327
MDEwOlJlcG9zaXRvcnkzNjgyNTc1MTU=,2021-05-17T16:46:10Z,2026-05-06T19:48:49Z,2026-04-24T05:10:24Z,102628,True,duckdb-wasm,duckdb/duckdb-wasm,git@github.com:duckdb/duckdb-wasm.git,1998
MDEwOlJlcG9zaXRvcnkzNjgyMjAxNzU=,2021-05-17T14:42:32Z,2026-05-01T14:18:11Z,2026-05-01T14:24:09Z,13619,True,KaMinPar,KaHIP/KaMinPar,git@github.com:KaHIP/KaMinPar.git,53
MDEwOlJlcG9zaXRvcnkzNjgxODQ2NjE=,2021-05-17T12:53:35Z,2026-04-16T14:59:07Z,2026-04-16T14:58:58Z,1756,True,piquassoboost,Budapest-Quantum-Computing-Group/piquassoboost,git@github.com:Budapest-Quantum-Computing-Group/piquassoboost.git,9
MDEwOlJlcG9zaXRvcnkzNjgxNzE1MjE=,2021-05-17T12:08:27Z,2026-05-01T18:54:31Z,2026-04-26T13:30:26Z,3294,True,uChmViewer,eBookProjects/uChmViewer,git@github.com:eBookProjects/uChmViewer.git,88
MDEwOlJlcG9zaXRvcnkzNjgxNDc2OTg=,2021-05-17T10:37:30Z,2026-05-05T08:34:41Z,2026-05-05T08:34:42Z,2611,True,zenoh-demos,eclipse-zenoh/zenoh-demos,git@github.com:eclipse-zenoh/zenoh-demos.git,73
MDEwOlJlcG9zaXRvcnkzNjgxMTUxNjU=,2021-05-17T08:42:40Z,2026-05-06T19:44:36Z,2026-05-07T09:05:03Z,4339920,True,extension-rive,defold/extension-rive,git@github.com:defold/extension-rive.git,71
MDEwOlJlcG9zaXRvcnkzNjgxMDA2OTE=,2021-05-17T07:50:38Z,2026-05-05T00:06:59Z,2026-04-06T12:39:40Z,95837,True,Heuristic_path_planners,robotics-upo/Heuristic_path_planners,git@github.com:robotics-upo/Heuristic_path_planners.git,98
MDEwOlJlcG9zaXRvcnkzNjc5ODI3NTM=,2021-05-16T20:51:33Z,2026-04-19T19:30:00Z,2026-04-19T19:29:56Z,4611,False,CHIP8_EMULATOR,kasia0x01/CHIP8_EMULATOR,git@github.com:kasia0x01/CHIP8_EMULATOR.git,0
MDEwOlJlcG9zaXRvcnkzNjc5NDIyMzU=,2021-05-16T17:14:17Z,2026-04-14T17:29:48Z,2026-04-28T21:22:04Z,12108,True,umbridge,UM-Bridge/umbridge,git@github.com:UM-Bridge/umbridge.git,42
MDEwOlJlcG9zaXRvcnkzNjc5MTUwNjE=,2021-05-16T15:13:29Z,2026-05-06T15:02:35Z,2026-05-06T14:49:21Z,5979,True,sms,doldecomp/sms,git@github.com:doldecomp/sms.git,242
MDEwOlJlcG9zaXRvcnkzNjc3MzI2NDk=,2021-05-15T21:26:29Z,2026-04-02T06:58:15Z,2026-04-02T06:58:10Z,297,False,marty_cpp,al-martyn1/marty_cpp,git@github.com:al-martyn1/marty_cpp.git,0
MDEwOlJlcG9zaXRvcnkzNjc3MDY3NzE=,2021-05-15T18:44:30Z,2026-03-11T04:59:39Z,2026-03-11T04:59:35Z,4379,True,tpls,zenustech/tpls,git@github.com:zenustech/tpls.git,3
MDEwOlJlcG9zaXRvcnkzNjc3MDExODE=,2021-05-15T18:14:15Z,2026-05-02T17:38:59Z,2026-04-25T00:04:33Z,1551,True,mod-progression-system,azerothcore/mod-progression-system,git@github.com:azerothcore/mod-progression-system.git,77
MDEwOlJlcG9zaXRvcnkzNjc2NzI1NTM=,2021-05-15T15:55:02Z,2026-04-18T17:34:48Z,2026-04-18T17:34:45Z,1250,False,Boids-SFML,ufrshubham/Boids-SFML,git@github.com:ufrshubham/Boids-SFML.git,7
MDEwOlJlcG9zaXRvcnkzNjc2NTg2MzU=,2021-05-15T14:55:17Z,2026-05-07T10:30:26Z,2026-05-07T10:30:21Z,644040,False,unicodia,Mercury13/unicodia,git@github.com:Mercury13/unicodia.git,171
MDEwOlJlcG9zaXRvcnkzNjc0NTMxMDA=,2021-05-14T18:48:41Z,2026-04-06T19:00:16Z,2026-04-04T16:17:54Z,61283,True,Pixels,SRA-VJTI/Pixels,git@github.com:SRA-VJTI/Pixels.git,189
MDEwOlJlcG9zaXRvcnkzNjc0MDAxOTQ=,2021-05-14T15:12:03Z,2026-04-17T19:46:59Z,2026-03-06T23:38:56Z,521624,True,neversink_workflow,DOI-USGS/neversink_workflow,git@github.com:DOI-USGS/neversink_workflow.git,8
MDEwOlJlcG9zaXRvcnkzNjczMjY2OTk=,2021-05-14T10:22:47Z,2026-04-22T11:38:24Z,2026-04-22T11:38:19Z,396,False,viltrum,adolfomunoz/viltrum,git@github.com:adolfomunoz/viltrum.git,17
MDEwOlJlcG9zaXRvcnkzNjcyNzcxNjM=,2021-05-14T06:58:56Z,2026-04-02T12:43:36Z,2026-04-02T12:43:31Z,1215,False,How-to-contribute-code-to-the-open-source-community,TinaSprunt/How-to-contribute-code-to-the-open-source-community,git@github.com:TinaSprunt/How-to-contribute-code-to-the-open-source-community.git,9
MDEwOlJlcG9zaXRvcnkzNjcxNDkyMDk=,2021-05-13T19:08:45Z,2026-04-25T17:58:12Z,2026-04-25T17:58:08Z,63611,False,BetterEdit,HJfod/BetterEdit,git@github.com:HJfod/BetterEdit.git,168
MDEwOlJlcG9zaXRvcnkzNjcxNDQzMDc=,2021-05-13T18:47:39Z,2026-04-29T15:36:31Z,2026-04-29T15:34:53Z,7798,True,strata,modelics/strata,git@github.com:modelics/strata.git,38
MDEwOlJlcG9zaXRvcnkzNjcwMjM0Nzk=,2021-05-13T11:11:04Z,2026-03-21T23:18:03Z,2026-03-01T07:52:48Z,585,False,OpenCLCapsViewer,SaschaWillems/OpenCLCapsViewer,git@github.com:SaschaWillems/OpenCLCapsViewer.git,31
MDEwOlJlcG9zaXRvcnkzNjY5ODYxODY=,2021-05-13T08:37:26Z,2026-05-07T11:31:21Z,2026-05-07T04:30:48Z,225934,False,furnace,tildearrow/furnace,git@github.com:tildearrow/furnace.git,3614
MDEwOlJlcG9zaXRvcnkzNjY4MzU4ODI=,2021-05-12T19:47:15Z,2026-03-18T14:47:44Z,2026-03-18T14:46:08Z,3765,False,Solar-Tracer-Blynk-V3,Bettapro/Solar-Tracer-Blynk-V3,git@github.com:Bettapro/Solar-Tracer-Blynk-V3.git,59
MDEwOlJlcG9zaXRvcnkzNjY3ODgzNjg=,2021-05-12T16:55:52Z,2026-05-07T10:24:32Z,2026-05-07T10:24:28Z,11579,False,qjs-opencv,rsenn/qjs-opencv,git@github.com:rsenn/qjs-opencv.git,15
MDEwOlJlcG9zaXRvcnkzNjY3NjA3MTM=,2021-05-12T15:19:53Z,2026-04-30T19:29:10Z,2026-04-30T19:29:05Z,3958,False,MicroWeb,jhhoward/MicroWeb,git@github.com:jhhoward/MicroWeb.git,536
MDEwOlJlcG9zaXRvcnkzNjY3MTk1Njk=,2021-05-12T13:10:10Z,2026-05-06T06:06:57Z,2026-05-06T21:00:40Z,10368,False,MACESW,zhao-shihan/MACESW,git@github.com:zhao-shihan/MACESW.git,4
MDEwOlJlcG9zaXRvcnkzNjY3MTQzNjk=,2021-05-12T12:52:15Z,2026-03-03T14:32:30Z,2026-03-03T14:32:16Z,101475,False,Code-Mods,hyperbx/Code-Mods,git@github.com:hyperbx/Code-Mods.git,10
MDEwOlJlcG9zaXRvcnkzNjY1NTQ5MTI=,2021-05-12T01:12:12Z,2026-04-22T18:34:46Z,2026-03-18T00:51:15Z,6882,True,djinni,Snapchat/djinni,git@github.com:Snapchat/djinni.git,236
MDEwOlJlcG9zaXRvcnkzNjY1MTQ1OTY=,2021-05-11T21:13:59Z,2026-04-16T15:57:30Z,2026-04-08T11:29:40Z,2714,False,GLE,vlabella/GLE,git@github.com:vlabella/GLE.git,31
MDEwOlJlcG9zaXRvcnkzNjY0NDE3NTQ=,2021-05-11T16:06:06Z,2026-04-22T15:59:04Z,2026-04-22T15:59:01Z,15469,True,core,cluebotng/core,git@github.com:cluebotng/core.git,6
MDEwOlJlcG9zaXRvcnkzNjYxOTA2ODY=,2021-05-10T22:26:01Z,2026-05-02T04:00:13Z,2026-05-07T03:46:41Z,440,True,nusystematics,LArSoft/nusystematics,git@github.com:LArSoft/nusystematics.git,3
MDEwOlJlcG9zaXRvcnkzNjYxODg0MTk=,2021-05-10T22:13:18Z,2026-05-06T20:03:09Z,2026-05-07T03:26:53Z,15161,True,stdexec,NVIDIA/stdexec,git@github.com:NVIDIA/stdexec.git,2332
MDEwOlJlcG9zaXRvcnkzNjYxNzA0OTA=,2021-05-10T20:41:38Z,2026-04-18T13:01:00Z,2026-04-18T13:00:56Z,4433,False,CPPTest,AStefan93/CPPTest,git@github.com:AStefan93/CPPTest.git,2
MDEwOlJlcG9zaXRvcnkzNjYxNjgzMjU=,2021-05-10T20:31:21Z,2026-04-23T00:02:03Z,2026-04-23T00:01:59Z,20534,True,advanced_docking_system,fabns-nano/advanced_docking_system,git@github.com:fabns-nano/advanced_docking_system.git,9
MDEwOlJlcG9zaXRvcnkzNjYxMTgwMTA=,2021-05-10T17:06:16Z,2026-03-31T00:09:46Z,2026-04-14T05:07:30Z,672,False,yatag,mmomtchev/yatag,git@github.com:mmomtchev/yatag.git,1
MDEwOlJlcG9zaXRvcnkzNjYxMDU2MDQ=,2021-05-10T16:21:46Z,2026-04-05T19:34:16Z,2026-04-05T19:34:17Z,5548,False,pointprocess,andreabonvini/pointprocess,git@github.com:andreabonvini/pointprocess.git,8
MDEwOlJlcG9zaXRvcnkzNjYwMTM2NTk=,2021-05-10T11:06:14Z,2026-03-16T15:36:10Z,2026-03-16T15:36:13Z,85,True,Arduino_LSM6DSOX,arduino-libraries/Arduino_LSM6DSOX,git@github.com:arduino-libraries/Arduino_LSM6DSOX.git,24
MDEwOlJlcG9zaXRvcnkzNjU5NTc0MDA=,2021-05-10T07:36:35Z,2026-04-28T16:24:26Z,2026-05-07T10:59:45Z,86433,True,healthgps,imperialCHEPI/healthgps,git@github.com:imperialCHEPI/healthgps.git,9
MDEwOlJlcG9zaXRvcnkzNjU4NjE5NDY=,2021-05-09T22:38:59Z,2026-04-18T22:49:29Z,2026-04-16T03:39:09Z,628,True,ublox_dgnss,aussierobots/ublox_dgnss,git@github.com:aussierobots/ublox_dgnss.git,76
MDEwOlJlcG9zaXRvcnkzNjU2MTIwNjU=,2021-05-08T21:12:24Z,2026-05-02T00:54:05Z,2026-05-02T00:54:02Z,4437,True,TeamPrep,7700VRC/TeamPrep,git@github.com:7700VRC/TeamPrep.git,0
MDEwOlJlcG9zaXRvcnkzNjU1NTA3MDQ=,2021-05-08T15:38:19Z,2026-04-07T02:41:57Z,2026-04-07T02:41:54Z,300,True,objectlink-core-cpp,apigear-io/objectlink-core-cpp,git@github.com:apigear-io/objectlink-core-cpp.git,0
MDEwOlJlcG9zaXRvcnkzNjU1MzU0NDc=,2021-05-08T14:30:38Z,2026-05-07T08:35:18Z,2026-03-08T02:37:54Z,71631,False,tare_planner,caochao39/tare_planner,git@github.com:caochao39/tare_planner.git,677
MDEwOlJlcG9zaXRvcnkzNjU1MTEyMjk=,2021-05-08T12:40:24Z,2026-04-27T12:23:43Z,2026-04-27T12:23:39Z,661,False,JSnake,paussu/JSnake,git@github.com:paussu/JSnake.git,0
MDEwOlJlcG9zaXRvcnkzNjU0NzgxMjg=,2021-05-08T09:53:07Z,2026-05-06T21:30:02Z,2026-04-01T18:13:21Z,820696,True,goo-engine,dillongoostudios/goo-engine,git@github.com:dillongoostudios/goo-engine.git,1326
MDEwOlJlcG9zaXRvcnkzNjUzNTY0MTU=,2021-05-07T21:25:11Z,2026-05-02T04:00:05Z,2026-05-02T04:00:01Z,948,True,systematicstools,LArSoft/systematicstools,git@github.com:LArSoft/systematicstools.git,1
MDEwOlJlcG9zaXRvcnkzNjUyODQ1NDQ=,2021-05-07T15:56:10Z,2026-04-24T20:27:03Z,2026-04-16T22:41:40Z,168,False,mod-starting-pet,Gozzim/mod-starting-pet,git@github.com:Gozzim/mod-starting-pet.git,5
MDEwOlJlcG9zaXRvcnkzNjUyNTUwMDk=,2021-05-07T14:11:48Z,2026-05-01T16:21:20Z,2026-04-15T18:06:44Z,13725,True,cslol-manager,LeagueToolkit/cslol-manager,git@github.com:LeagueToolkit/cslol-manager.git,919
MDEwOlJlcG9zaXRvcnkzNjUxOTk3NDI=,2021-05-07T10:38:02Z,2026-04-02T09:18:11Z,2026-03-25T00:45:49Z,163600,True,SpecHLA,deepomicslab/SpecHLA,git@github.com:deepomicslab/SpecHLA.git,57
MDEwOlJlcG9zaXRvcnkzNjUwNTQ1OTU=,2021-05-06T22:42:11Z,2026-04-21T16:15:57Z,2026-04-21T16:15:50Z,341882,True,o3de-multiplayersample,o3de/o3de-multiplayersample,git@github.com:o3de/o3de-multiplayersample.git,99
MDEwOlJlcG9zaXRvcnkzNjUwMDUzNzc=,2021-05-06T18:40:21Z,2026-05-07T10:50:47Z,2026-05-01T16:05:45Z,9992,False,btop,aristocratos/btop,git@github.com:aristocratos/btop.git,32060
MDEwOlJlcG9zaXRvcnkzNjQ5MDc1ODI=,2021-05-06T12:45:50Z,2026-03-13T13:30:33Z,2026-03-13T13:30:29Z,1001,False,cp-workshop,rajathpi/cp-workshop,git@github.com:rajathpi/cp-workshop.git,9
MDEwOlJlcG9zaXRvcnkzNjQ3MDIyMTc=,2021-05-05T20:48:44Z,2026-04-27T02:10:35Z,2026-04-27T02:10:32Z,3470,True,TSpp,Vinifera-Developers/TSpp,git@github.com:Vinifera-Developers/TSpp.git,14
MDEwOlJlcG9zaXRvcnkzNjQ2MzY5NDc=,2021-05-05T16:17:14Z,2026-04-24T13:40:43Z,2026-03-23T10:53:24Z,1425,True,SDWire,3mdeb/SDWire,git@github.com:3mdeb/SDWire.git,2
MDEwOlJlcG9zaXRvcnkzNjQ2MjQwNDI=,2021-05-05T15:31:26Z,2026-04-07T09:05:14Z,2026-03-18T20:25:28Z,19130,False,VirtualLeaf2021,rmerks/VirtualLeaf2021,git@github.com:rmerks/VirtualLeaf2021.git,7
MDEwOlJlcG9zaXRvcnkzNjQ1NzQxMTI=,2021-05-05T12:47:32Z,2026-04-28T02:35:46Z,2026-05-06T17:23:19Z,1049,True,RenderStream-UE,disguise-one/RenderStream-UE,git@github.com:disguise-one/RenderStream-UE.git,81
MDEwOlJlcG9zaXRvcnkzNjQ1NzI0NjA=,2021-05-05T12:41:36Z,2026-03-30T21:49:00Z,2026-04-23T14:57:57Z,1126,True,duneanaobj,DUNE/duneanaobj,git@github.com:DUNE/duneanaobj.git,1
MDEwOlJlcG9zaXRvcnkzNjQ1NjE1MTc=,2021-05-05T11:59:09Z,2026-03-12T11:23:59Z,2026-03-12T11:23:55Z,165,False,UECoreExtensions,TheEmidee/UECoreExtensions,git@github.com:TheEmidee/UECoreExtensions.git,6
MDEwOlJlcG9zaXRvcnkzNjQ0NTgzMzI=,2021-05-05T04:13:06Z,2026-05-06T16:12:55Z,2026-05-07T09:30:00Z,16192,True,kasts,KDE/kasts,git@github.com:KDE/kasts.git,58
MDEwOlJlcG9zaXRvcnkzNjQzMjcwNzQ=,2021-05-04T16:57:41Z,2026-05-05T21:48:05Z,2026-05-05T21:48:01Z,580,True,hipBone,paranumal/hipBone,git@github.com:paranumal/hipBone.git,17
MDEwOlJlcG9zaXRvcnkzNjQzMDMwODg=,2021-05-04T15:32:14Z,2026-04-05T01:13:58Z,2026-03-07T11:36:42Z,3310,False,Display_Lib_RPI,gavinlyonsrepo/Display_Lib_RPI,git@github.com:gavinlyonsrepo/Display_Lib_RPI.git,41
MDEwOlJlcG9zaXRvcnkzNjQzMDA5MTU=,2021-05-04T15:24:54Z,2026-04-14T21:34:14Z,2026-04-14T21:34:09Z,31,True,Pluto,TauferLab/Pluto,git@github.com:TauferLab/Pluto.git,0
MDEwOlJlcG9zaXRvcnkzNjQyOTkxMDA=,2021-05-04T15:18:40Z,2026-04-14T21:34:47Z,2026-04-14T21:34:42Z,4960,True,dumpi_to_graph,TauferLab/dumpi_to_graph,git@github.com:TauferLab/dumpi_to_graph.git,0
MDEwOlJlcG9zaXRvcnkzNjQyOTYyNjU=,2021-05-04T15:09:30Z,2026-04-27T23:26:40Z,2026-04-28T18:41:37Z,26682,True,novatel_edie,novatel/novatel_edie,git@github.com:novatel/novatel_edie.git,27
MDEwOlJlcG9zaXRvcnkzNjQyNjU4NzA=,2021-05-04T13:30:21Z,2026-04-26T10:46:40Z,2026-04-26T10:46:39Z,25,False,cses-solution,rootjatin/cses-solution,git@github.com:rootjatin/cses-solution.git,9
MDEwOlJlcG9zaXRvcnkzNjQyMjQzMDk=,2021-05-04T10:50:48Z,2026-04-21T17:42:23Z,2026-04-21T17:42:19Z,20313,False,gttl,stefan-kurtz/gttl,git@github.com:stefan-kurtz/gttl.git,5
MDEwOlJlcG9zaXRvcnkzNjQxODg0NDY=,2021-05-04T08:24:58Z,2026-04-23T03:36:05Z,2026-04-13T13:12:25Z,7739,True,yarp-device-openxrheadset,gbionics/yarp-device-openxrheadset,git@github.com:gbionics/yarp-device-openxrheadset.git,4
MDEwOlJlcG9zaXRvcnkzNjQxODI4NTM=,2021-05-04T08:03:04Z,2026-04-29T23:11:30Z,2026-04-29T23:11:25Z,30,True,qshot,maemo-leste-extras/qshot,git@github.com:maemo-leste-extras/qshot.git,0
MDEwOlJlcG9zaXRvcnkzNjM4ODA3ODg=,2021-05-03T09:36:17Z,2026-03-30T13:18:44Z,2026-03-30T14:30:14Z,754,False,ctbench,JPenuchot/ctbench,git@github.com:JPenuchot/ctbench.git,26
MDEwOlJlcG9zaXRvcnkzNjM4NTY1MjQ=,2021-05-03T07:55:34Z,2026-04-07T14:07:57Z,2026-04-07T14:06:26Z,3504,True,ProjetC_template,Polytech-Sorbonne-Rob/ProjetC_template,git@github.com:Polytech-Sorbonne-Rob/ProjetC_template.git,0
MDEwOlJlcG9zaXRvcnkzNjM3NjA5NDg=,2021-05-02T22:14:12Z,2026-04-26T09:38:05Z,2026-04-26T09:37:58Z,1755,False,flutter_swipe_button,lrferreiro/flutter_swipe_button,git@github.com:lrferreiro/flutter_swipe_button.git,7
MDEwOlJlcG9zaXRvcnkzNjM3Mjc2MTE=,2021-05-02T18:57:36Z,2026-04-29T23:47:03Z,2026-04-29T23:46:58Z,19658,True,bitweb,bitweb-project/bitweb,git@github.com:bitweb-project/bitweb.git,3
MDEwOlJlcG9zaXRvcnkzNjM2NjUzNTk=,2021-05-02T14:04:54Z,2026-05-06T02:56:55Z,2026-05-05T01:30:57Z,17011,False,xy-VSFilter,Masaiki/xy-VSFilter,git@github.com:Masaiki/xy-VSFilter.git,679
MDEwOlJlcG9zaXRvcnkzNjM2NDc5MjE=,2021-05-02T12:39:44Z,2026-05-06T03:49:56Z,2026-05-06T19:49:32Z,7695,False,libfork,ConorWilliams/libfork,git@github.com:ConorWilliams/libfork.git,860
MDEwOlJlcG9zaXRvcnkzNjM2Mjg5Mzg=,2021-05-02T10:58:33Z,2026-03-27T06:54:30Z,2026-04-24T03:33:26Z,428221,False,Civ5-Patch,ImmoSS/Civ5-Patch,git@github.com:ImmoSS/Civ5-Patch.git,1
MDEwOlJlcG9zaXRvcnkzNjM2MTc0MjI=,2021-05-02T09:54:31Z,2026-04-29T23:11:24Z,2026-04-29T23:11:20Z,320,True,gpsrecorder,maemo-leste-extras/gpsrecorder,git@github.com:maemo-leste-extras/gpsrecorder.git,0
MDEwOlJlcG9zaXRvcnkzNjM2MDYzOTg=,2021-05-02T08:51:22Z,2026-05-04T18:08:05Z,2026-05-01T23:34:43Z,867,False,libaribcaption,xqq/libaribcaption,git@github.com:xqq/libaribcaption.git,123
MDEwOlJlcG9zaXRvcnkzNjM0MTY4MzQ=,2021-05-01T13:29:16Z,2026-05-07T00:25:14Z,2026-05-03T17:21:54Z,19271,False,erhe,tksuoran/erhe,git@github.com:tksuoran/erhe.git,866
MDEwOlJlcG9zaXRvcnkzNjMyNzQ2MTY=,2021-04-30T22:36:48Z,2026-05-07T06:46:40Z,2026-05-06T15:30:34Z,24401,True,translations,mozilla/translations,git@github.com:mozilla/translations.git,280
MDEwOlJlcG9zaXRvcnkzNjMyMzIzODk=,2021-04-30T18:55:25Z,2026-03-07T17:49:43Z,2026-03-07T17:49:40Z,550498,True,bitcoinanatomy,bitcoinanatomy/bitcoinanatomy,git@github.com:bitcoinanatomy/bitcoinanatomy.git,24
MDEwOlJlcG9zaXRvcnkzNjMxOTAzMTg=,2021-04-30T15:56:24Z,2026-03-04T08:14:34Z,2026-05-04T09:44:16Z,8354,True,plast,gi-bielefeld/plast,git@github.com:gi-bielefeld/plast.git,6
MDEwOlJlcG9zaXRvcnkzNjMxNjg4MDM=,2021-04-30T14:38:37Z,2026-03-27T23:40:40Z,2026-03-27T16:40:34Z,298335,True,kitrt_code,KiT-RT/kitrt_code,git@github.com:KiT-RT/kitrt_code.git,27
MDEwOlJlcG9zaXRvcnkzNjMxNTY3NDk=,2021-04-30T13:55:16Z,2026-04-20T11:59:27Z,2026-04-20T11:59:23Z,308,True,atlas-orca,ecmwf/atlas-orca,git@github.com:ecmwf/atlas-orca.git,3
MDEwOlJlcG9zaXRvcnkzNjMwNjM3NjI=,2021-04-30T07:36:34Z,2026-03-13T08:16:23Z,2026-03-13T08:16:20Z,107119,False,gbdc,Udopia/gbdc,git@github.com:Udopia/gbdc.git,1
MDEwOlJlcG9zaXRvcnkzNjI5NjMxNjc=,2021-04-29T22:30:49Z,2026-03-28T03:50:52Z,2026-03-24T09:08:46Z,217,False,mod-npc-spectator,Gozzim/mod-npc-spectator,git@github.com:Gozzim/mod-npc-spectator.git,12
MDEwOlJlcG9zaXRvcnkzNjI5NDIyMDM=,2021-04-29T20:41:14Z,2026-05-06T16:13:13Z,2026-05-06T16:13:09Z,1027,True,cassian,intel/cassian,git@github.com:intel/cassian.git,3
MDEwOlJlcG9zaXRvcnkzNjI3OTQxMTQ=,2021-04-29T11:30:14Z,2026-04-09T07:52:30Z,2026-04-02T10:18:30Z,46335,True,motiontag-sdk-ios-releases,MOTIONTAG/motiontag-sdk-ios-releases,git@github.com:MOTIONTAG/motiontag-sdk-ios-releases.git,0
MDEwOlJlcG9zaXRvcnkzNjI3NDMyMDY=,2021-04-29T08:22:15Z,2026-03-05T11:48:29Z,2026-03-05T11:49:03Z,82,True,Wheelson-Library,CircuitMess/Wheelson-Library,git@github.com:CircuitMess/Wheelson-Library.git,2
MDEwOlJlcG9zaXRvcnkzNjI3MjEzNzU=,2021-04-29T07:02:50Z,2026-05-07T03:38:33Z,2026-05-07T03:38:29Z,450887,True,opensim-creator,ComputationalBiomechanicsLab/opensim-creator,git@github.com:ComputationalBiomechanicsLab/opensim-creator.git,210
MDEwOlJlcG9zaXRvcnkzNjI2MTAwNjM=,2021-04-28T21:24:29Z,2026-03-11T13:17:25Z,2026-05-02T00:24:33Z,44979,False,UM2,KyleVaughn/UM2,git@github.com:KyleVaughn/UM2.git,11
MDEwOlJlcG9zaXRvcnkzNjI1NjY4OTM=,2021-04-28T18:19:14Z,2026-05-06T14:27:01Z,2026-05-06T14:18:10Z,27895,False,WebCPP,dpjudas/WebCPP,git@github.com:dpjudas/WebCPP.git,6
MDEwOlJlcG9zaXRvcnkzNjI1NDYwNTU=,2021-04-28T16:59:46Z,2026-04-26T10:22:32Z,2026-04-06T20:58:54Z,63369,False,RcppML,zdebruine/RcppML,git@github.com:zdebruine/RcppML.git,118
MDEwOlJlcG9zaXRvcnkzNjI0ODQ1NzI=,2021-04-28T13:50:41Z,2026-05-06T21:16:25Z,2026-05-07T11:01:17Z,27420,True,mitsuba3,mitsuba-renderer/mitsuba3,git@github.com:mitsuba-renderer/mitsuba3.git,2756
MDEwOlJlcG9zaXRvcnkzNjIyNjU3MDg=,2021-04-27T22:15:47Z,2026-05-05T13:53:55Z,2026-05-05T13:53:51Z,3419227,True,spear,spear-sim/spear,git@github.com:spear-sim/spear.git,383
MDEwOlJlcG9zaXRvcnkzNjIxNzkzMjc=,2021-04-27T16:27:22Z,2026-05-05T06:14:07Z,2026-04-27T22:21:10Z,101658,True,SourceAutoRecord,p2sr/SourceAutoRecord,git@github.com:p2sr/SourceAutoRecord.git,118
MDEwOlJlcG9zaXRvcnkzNjIxNzIxNjg=,2021-04-27T16:02:48Z,2026-04-01T03:12:31Z,2026-04-01T03:12:27Z,78,True,get-cwd-of-process,Axosoft/get-cwd-of-process,git@github.com:Axosoft/get-cwd-of-process.git,1
MDEwOlJlcG9zaXRvcnkzNjIxMTc3NjQ=,2021-04-27T13:14:18Z,2026-03-17T08:15:10Z,2026-03-17T08:15:06Z,122,False,SofaBenchmark,alxbilger/SofaBenchmark,git@github.com:alxbilger/SofaBenchmark.git,4
MDEwOlJlcG9zaXRvcnkzNjE5NDg0NTc=,2021-04-27T01:54:00Z,2026-04-21T05:35:14Z,2026-04-21T05:35:05Z,390485,True,webmod,phreeqc-dev/webmod,git@github.com:phreeqc-dev/webmod.git,0
MDEwOlJlcG9zaXRvcnkzNjE5MDIwOTQ=,2021-04-26T21:45:14Z,2026-05-03T14:04:44Z,2026-04-30T15:45:30Z,2900,False,Octree,attcs/Octree,git@github.com:attcs/Octree.git,211
MDEwOlJlcG9zaXRvcnkzNjE4OTc1NzA=,2021-04-26T21:23:17Z,2026-05-01T18:56:26Z,2026-05-01T18:56:22Z,47536,True,tlRender,grizzlypeak3d/tlRender,git@github.com:grizzlypeak3d/tlRender.git,231
MDEwOlJlcG9zaXRvcnkzNjE4Nzg1Mzk=,2021-04-26T20:02:24Z,2026-05-04T20:39:03Z,2026-05-04T20:41:20Z,244,False,UnrealDI,druhasu/UnrealDI,git@github.com:druhasu/UnrealDI.git,49
MDEwOlJlcG9zaXRvcnkzNjE3Nzg4NTQ=,2021-04-26T14:23:48Z,2026-04-18T22:47:24Z,2026-04-18T22:47:19Z,374,True,serviceapp,OpenViX/serviceapp,git@github.com:OpenViX/serviceapp.git,1
MDEwOlJlcG9zaXRvcnkzNjE3NzUxODY=,2021-04-26T14:13:00Z,2026-03-24T14:25:11Z,2026-03-24T14:24:56Z,203,True,amc,AmadeusITGroup/amc,git@github.com:AmadeusITGroup/amc.git,39
MDEwOlJlcG9zaXRvcnkzNjE3MzU1NzA=,2021-04-26T12:06:33Z,2026-05-07T07:37:25Z,2026-05-04T14:35:21Z,6604,False,CGraph,ChunelFeng/CGraph,git@github.com:ChunelFeng/CGraph.git,2269
MDEwOlJlcG9zaXRvcnkzNjE2Njg1ODE=,2021-04-26T08:09:08Z,2026-05-07T07:56:54Z,2026-05-06T16:54:44Z,183949,False,AIS-catcher,jvde-github/AIS-catcher,git@github.com:jvde-github/AIS-catcher.git,730
MDEwOlJlcG9zaXRvcnkzNjE1NjQzNzg=,2021-04-25T23:46:24Z,2026-05-05T16:00:58Z,2026-05-02T14:57:54Z,3904,True,LoRaMesher,LoRaMesher/LoRaMesher,git@github.com:LoRaMesher/LoRaMesher.git,259
MDEwOlJlcG9zaXRvcnkzNjE1MzE2NjM=,2021-04-25T20:30:34Z,2026-04-04T04:27:47Z,2026-04-04T04:27:36Z,184,False,quest-editor,mr-martian/quest-editor,git@github.com:mr-martian/quest-editor.git,2
MDEwOlJlcG9zaXRvcnkzNjE0MzA4Mzc=,2021-04-25T13:04:58Z,2026-05-05T15:41:29Z,2026-05-04T22:03:04Z,47746,False,voxelcore,MihailRis/voxelcore,git@github.com:MihailRis/voxelcore.git,1402
MDEwOlJlcG9zaXRvcnkzNjE0MTMyMDM=,2021-04-25T11:45:35Z,2026-05-02T17:25:55Z,2026-05-04T08:42:30Z,366392,False,atomify,andeplane/atomify,git@github.com:andeplane/atomify.git,74
MDEwOlJlcG9zaXRvcnkzNjE0MTA0MTk=,2021-04-25T11:32:43Z,2026-03-08T11:53:28Z,2026-03-08T12:07:15Z,120,False,go-exprtk,Pramod-Devireddy/go-exprtk,git@github.com:Pramod-Devireddy/go-exprtk.git,45
MDEwOlJlcG9zaXRvcnkzNjEzNTU2NjE=,2021-04-25T07:03:56Z,2026-05-05T07:32:31Z,2026-04-29T02:24:21Z,59475,True,SlopeCraft,SlopeCraft/SlopeCraft,git@github.com:SlopeCraft/SlopeCraft.git,733
MDEwOlJlcG9zaXRvcnkzNjExNTUyNzQ=,2021-04-24T12:23:48Z,2026-04-15T03:49:48Z,2026-04-14T02:22:51Z,79,False,vkpeak,nihui/vkpeak,git@github.com:nihui/vkpeak.git,169
MDEwOlJlcG9zaXRvcnkzNjA5ODYwOTM=,2021-04-23T19:28:28Z,2026-04-24T12:51:35Z,2026-04-24T12:51:31Z,687,True,android_hardware_xiaomi,random-aosp-stuff/android_hardware_xiaomi,git@github.com:random-aosp-stuff/android_hardware_xiaomi.git,2
MDEwOlJlcG9zaXRvcnkzNjA5NjE0MTY=,2021-04-23T17:38:17Z,2026-05-04T02:12:54Z,2026-04-23T18:04:49Z,165,True,topic_tools,ros-tooling/topic_tools,git@github.com:ros-tooling/topic_tools.git,132
MDEwOlJlcG9zaXRvcnkzNjA4ODYxODI=,2021-04-23T13:03:12Z,2026-03-16T10:12:21Z,2026-03-16T10:12:18Z,25896,True,cepgen,cepgen/cepgen,git@github.com:cepgen/cepgen.git,6
MDEwOlJlcG9zaXRvcnkzNjA4MTc1Njg=,2021-04-23T08:36:10Z,2026-03-02T15:59:47Z,2026-03-02T10:42:37Z,279,True,librpiplc,Industrial-Shields/librpiplc,git@github.com:Industrial-Shields/librpiplc.git,7
MDEwOlJlcG9zaXRvcnkzNjA3OTUyNTU=,2021-04-23T07:09:09Z,2026-05-05T14:58:42Z,2026-05-05T14:57:39Z,4023,True,ksystemstats,KDE/ksystemstats,git@github.com:KDE/ksystemstats.git,6
MDEwOlJlcG9zaXRvcnkzNjA3MDkxMDU=,2021-04-22T23:37:10Z,2026-03-13T00:25:52Z,2026-03-13T00:25:47Z,6,False,SEF,Apokharel8611/SEF,git@github.com:Apokharel8611/SEF.git,0
MDEwOlJlcG9zaXRvcnkzNjA2OTQzNDQ=,2021-04-22T22:11:01Z,2026-03-26T17:55:42Z,2026-04-26T10:23:55Z,900,True,mattak,RNO-G/mattak,git@github.com:RNO-G/mattak.git,2
MDEwOlJlcG9zaXRvcnkzNjA2NTU1MjA=,2021-04-22T19:11:07Z,2026-04-27T03:35:32Z,2026-04-30T22:10:35Z,31359,True,DEM-Engine,projectchrono/DEM-Engine,git@github.com:projectchrono/DEM-Engine.git,112
MDEwOlJlcG9zaXRvcnkzNjA1NDM5MTY=,2021-04-22T14:15:34Z,2026-04-17T13:28:22Z,2026-04-19T00:56:38Z,84852,False,MPM-Geomechanics,fabricix/MPM-Geomechanics,git@github.com:fabricix/MPM-Geomechanics.git,34
MDEwOlJlcG9zaXRvcnkzNjA1MTIzNzI=,2021-04-22T12:32:21Z,2026-05-01T01:30:56Z,2026-05-01T01:30:52Z,19,True,amd-ipmi-oem,AMDESE/amd-ipmi-oem,git@github.com:AMDESE/amd-ipmi-oem.git,1
MDEwOlJlcG9zaXRvcnkzNjA0OTE2MDE=,2021-04-22T11:15:31Z,2026-03-16T00:45:50Z,2026-03-13T11:56:20Z,677,True,rokit_ros_bridge,boschglobal/rokit_ros_bridge,git@github.com:boschglobal/rokit_ros_bridge.git,9
MDEwOlJlcG9zaXRvcnkzNjA0NDQ3Mzk=,2021-04-22T08:21:18Z,2026-05-07T09:11:12Z,2026-05-07T09:11:10Z,48331,True,yggdrasil-decision-forests,google/yggdrasil-decision-forests,git@github.com:google/yggdrasil-decision-forests.git,655
MDEwOlJlcG9zaXRvcnkzNjAzNjkyNjc=,2021-04-22T02:32:54Z,2026-05-07T05:53:17Z,2026-05-07T05:52:40Z,88580,True,Conquer-Space,Conquer-Space/Conquer-Space,git@github.com:Conquer-Space/Conquer-Space.git,32
MDEwOlJlcG9zaXRvcnkzNjAyNDkyMjk=,2021-04-21T17:15:08Z,2026-04-22T17:35:41Z,2026-05-06T18:55:57Z,5177,True,ot3-firmware,Opentrons/ot3-firmware,git@github.com:Opentrons/ot3-firmware.git,20
MDEwOlJlcG9zaXRvcnkzNjAyMzE2MjY=,2021-04-21T16:10:53Z,2026-04-23T11:39:07Z,2026-04-23T11:39:02Z,96,True,ITKGrowCut,InsightSoftwareConsortium/ITKGrowCut,git@github.com:InsightSoftwareConsortium/ITKGrowCut.git,16
MDEwOlJlcG9zaXRvcnkzNjAwOTE4MzE=,2021-04-21T08:35:20Z,2026-05-06T09:15:23Z,2026-05-06T09:15:23Z,4616,False,pthash,jermp/pthash,git@github.com:jermp/pthash.git,257
MDEwOlJlcG9zaXRvcnkzNjAwNDAwODQ=,2021-04-21T05:14:28Z,2026-04-10T19:50:26Z,2026-05-07T05:12:19Z,52341,True,entity,entity-toolkit/entity,git@github.com:entity-toolkit/entity.git,55
MDEwOlJlcG9zaXRvcnkzNTk5NjQxMzI=,2021-04-20T22:14:16Z,2026-04-28T07:48:23Z,2026-04-28T07:48:16Z,12798,False,tritonic,olibartfast/tritonic,git@github.com:olibartfast/tritonic.git,30
MDEwOlJlcG9zaXRvcnkzNTk5MTkyMDE=,2021-04-20T18:48:09Z,2026-05-03T22:15:00Z,2026-05-06T23:06:14Z,15312,False,TWWHD-Randomizer,SuperDude88/TWWHD-Randomizer,git@github.com:SuperDude88/TWWHD-Randomizer.git,69
MDEwOlJlcG9zaXRvcnkzNTk5MTM5NDc=,2021-04-20T18:27:40Z,2026-05-05T21:59:00Z,2026-04-17T13:00:58Z,1558,False,esphome_aux_ac_component,GrKoR/esphome_aux_ac_component,git@github.com:GrKoR/esphome_aux_ac_component.git,314
MDEwOlJlcG9zaXRvcnkzNTk3Mjk0OTg=,2021-04-20T07:49:37Z,2026-04-14T12:13:24Z,2026-04-14T12:13:19Z,4433,True,blinkcard-react-native,microblink/blinkcard-react-native,git@github.com:microblink/blinkcard-react-native.git,1
MDEwOlJlcG9zaXRvcnkzNTk2MjI1NTE=,2021-04-19T23:10:34Z,2026-05-04T11:43:03Z,2026-05-04T11:43:00Z,5983,True,tlapack,tlapack/tlapack,git@github.com:tlapack/tlapack.git,53
MDEwOlJlcG9zaXRvcnkzNTk2MjAwMTA=,2021-04-19T22:56:14Z,2026-04-27T20:25:30Z,2026-04-12T01:34:23Z,92153,False,h2-mod,alicealys/h2-mod,git@github.com:alicealys/h2-mod.git,257
MDEwOlJlcG9zaXRvcnkzNTk2MTM0MDY=,2021-04-19T22:20:13Z,2026-03-03T17:43:00Z,2026-03-03T17:42:55Z,1006,True,icsnpp-ethercat,cisagov/icsnpp-ethercat,git@github.com:cisagov/icsnpp-ethercat.git,18
MDEwOlJlcG9zaXRvcnkzNTk1MzM2NDE=,2021-04-19T16:54:07Z,2026-04-27T10:34:09Z,2026-04-27T10:34:02Z,981498,False,scribus-svn,mjg/scribus-svn,git@github.com:mjg/scribus-svn.git,0
MDEwOlJlcG9zaXRvcnkzNTk1MzIyNTI=,2021-04-19T16:48:55Z,2026-05-06T04:21:51Z,2026-05-06T04:21:47Z,2827719,False,LittleLights,josue27/LittleLights,git@github.com:josue27/LittleLights.git,0
MDEwOlJlcG9zaXRvcnkzNTk0NjE4MDg=,2021-04-19T13:03:23Z,2026-04-28T12:33:09Z,2026-03-20T08:44:44Z,63668,False,MHI-AC-Ctrl-ESPHome,ginkage/MHI-AC-Ctrl-ESPHome,git@github.com:ginkage/MHI-AC-Ctrl-ESPHome.git,202
MDEwOlJlcG9zaXRvcnkzNTk0NDc5NjU=,2021-04-19T12:16:37Z,2026-03-31T11:41:03Z,2026-04-17T06:14:18Z,1236,True,dynawo-algorithms,dynawo/dynawo-algorithms,git@github.com:dynawo/dynawo-algorithms.git,4
MDEwOlJlcG9zaXRvcnkzNTk0MDczMjQ=,2021-04-19T09:47:42Z,2026-04-25T02:42:15Z,2026-04-25T02:42:10Z,5153,False,BallanceMMO,Swung0x48/BallanceMMO,git@github.com:Swung0x48/BallanceMMO.git,26
MDEwOlJlcG9zaXRvcnkzNTkzOTU4ODY=,2021-04-19T09:08:19Z,2026-04-27T17:44:50Z,2026-05-04T16:29:38Z,2640516,True,gecko-dev,sailfishos/gecko-dev,git@github.com:sailfishos/gecko-dev.git,11
MDEwOlJlcG9zaXRvcnkzNTkyODM2NzA=,2021-04-19T00:33:22Z,2026-04-30T10:57:56Z,2026-04-30T10:58:23Z,787,True,voicecall,sailfishos/voicecall,git@github.com:sailfishos/voicecall.git,1
MDEwOlJlcG9zaXRvcnkzNTkyNzQ5Njk=,2021-04-18T23:32:38Z,2026-03-01T23:38:48Z,2026-03-01T23:38:44Z,585,False,hubert,MarcelInTO/hubert,git@github.com:MarcelInTO/hubert.git,0
MDEwOlJlcG9zaXRvcnkzNTkxOTYzMjI=,2021-04-18T16:26:29Z,2026-04-04T12:02:08Z,2026-04-04T12:01:56Z,127584,True,android_frameworks_native,random-aosp-stuff/android_frameworks_native,git@github.com:random-aosp-stuff/android_frameworks_native.git,0
MDEwOlJlcG9zaXRvcnkzNTkxNzIzNzg=,2021-04-18T14:53:36Z,2026-05-07T09:19:03Z,2026-05-07T09:19:54Z,39535,False,gaia-ecs,richardbiely/gaia-ecs,git@github.com:richardbiely/gaia-ecs.git,126
MDEwOlJlcG9zaXRvcnkzNTkxNTM1MzM=,2021-04-18T13:39:52Z,2026-04-18T11:12:40Z,2026-03-23T10:20:57Z,275,False,dsmr,zuidwijk/dsmr,git@github.com:zuidwijk/dsmr.git,213
MDEwOlJlcG9zaXRvcnkzNTkxMzA1MzE=,2021-04-18T11:56:54Z,2026-04-14T07:55:21Z,2026-04-14T07:56:37Z,732,True,ssu,sailfishos/ssu,git@github.com:sailfishos/ssu.git,2
MDEwOlJlcG9zaXRvcnkzNTkwMzUzMTg=,2021-04-18T03:33:21Z,2026-04-13T07:23:36Z,2026-04-13T07:24:35Z,5895,True,qtwayland,sailfishos/qtwayland,git@github.com:sailfishos/qtwayland.git,0
MDEwOlJlcG9zaXRvcnkzNTg5ODQxOTQ=,2021-04-17T21:17:25Z,2026-04-23T13:51:54Z,2026-04-30T21:06:56Z,1293,True,qtmozembed,sailfishos/qtmozembed,git@github.com:sailfishos/qtmozembed.git,6
MDEwOlJlcG9zaXRvcnkzNTg5ODI3ODI=,2021-04-17T21:09:11Z,2026-04-15T12:50:47Z,2026-04-15T12:51:17Z,31,True,qt-mobility-haptics-ffmemless,sailfishos/qt-mobility-haptics-ffmemless,git@github.com:sailfishos/qt-mobility-haptics-ffmemless.git,0
MDEwOlJlcG9zaXRvcnkzNTg5NjAyMzI=,2021-04-17T19:02:37Z,2026-04-15T11:55:42Z,2026-04-15T11:56:40Z,543,True,qtfeedback,sailfishos/qtfeedback,git@github.com:sailfishos/qtfeedback.git,0
MDEwOlJlcG9zaXRvcnkzNTg5NDQwOTQ=,2021-04-17T17:41:10Z,2026-04-30T13:08:44Z,2026-03-23T23:31:32Z,610,False,melatonin_inspector,sudara/melatonin_inspector,git@github.com:sudara/melatonin_inspector.git,266
MDEwOlJlcG9zaXRvcnkzNTg5MDkyOTc=,2021-04-17T15:07:12Z,2026-04-29T06:42:45Z,2026-04-29T06:44:52Z,2800,True,qtcontacts-sqlite,sailfishos/qtcontacts-sqlite,git@github.com:sailfishos/qtcontacts-sqlite.git,2
MDEwOlJlcG9zaXRvcnkzNTg4ODU5MjI=,2021-04-17T13:27:46Z,2026-05-06T06:19:51Z,2026-05-06T06:19:47Z,6717,False,Aidyn,blackgamma7/Aidyn,git@github.com:blackgamma7/Aidyn.git,37
MDEwOlJlcG9zaXRvcnkzNTg3Nzg1ODI=,2021-04-17T03:49:44Z,2026-05-03T14:45:02Z,2026-05-04T13:26:00Z,6327,True,athelas,athelas-astro/athelas,git@github.com:athelas-astro/athelas.git,7
MDEwOlJlcG9zaXRvcnkzNTg3MjY3MDM=,2021-04-16T21:45:31Z,2026-04-10T02:10:57Z,2026-04-10T02:10:53Z,1199,True,mauikit-texteditor,KDE/mauikit-texteditor,git@github.com:KDE/mauikit-texteditor.git,5
MDEwOlJlcG9zaXRvcnkzNTg2OTUwNjI=,2021-04-16T19:05:34Z,2026-03-20T09:49:55Z,2026-03-20T12:43:42Z,64,True,nemo-qml-plugin-time,sailfishos/nemo-qml-plugin-time,git@github.com:sailfishos/nemo-qml-plugin-time.git,0
MDEwOlJlcG9zaXRvcnkzNTg2ODk3MTU=,2021-04-16T18:40:52Z,2026-05-05T19:07:16Z,2026-05-05T19:07:07Z,6689,False,pv-router-esp32,xlyric/pv-router-esp32,git@github.com:xlyric/pv-router-esp32.git,45
MDEwOlJlcG9zaXRvcnkzNTg2ODg0NjE=,2021-04-16T18:35:04Z,2026-04-30T06:05:08Z,2026-04-30T06:05:35Z,132,True,nemo-qml-plugin-thumbnailer,sailfishos/nemo-qml-plugin-thumbnailer,git@github.com:sailfishos/nemo-qml-plugin-thumbnailer.git,1
MDEwOlJlcG9zaXRvcnkzNTg2Nzg5Nzc=,2021-04-16T17:53:10Z,2026-05-04T15:18:34Z,2026-04-21T11:57:48Z,20046,True,tiny-cuda-nn,NVlabs/tiny-cuda-nn,git@github.com:NVlabs/tiny-cuda-nn.git,4473
MDEwOlJlcG9zaXRvcnkzNTg2NTU2ODA=,2021-04-16T16:16:31Z,2026-04-30T10:55:59Z,2026-04-30T10:56:33Z,803,True,nemo-qml-plugin-systemsettings,sailfishos/nemo-qml-plugin-systemsettings,git@github.com:sailfishos/nemo-qml-plugin-systemsettings.git,1
MDEwOlJlcG9zaXRvcnkzNTg2NDg1ODY=,2021-04-16T15:49:35Z,2026-04-17T12:09:35Z,2026-03-29T16:07:30Z,691,False,alog,ihor-drachuk/alog,git@github.com:ihor-drachuk/alog.git,3
MDEwOlJlcG9zaXRvcnkzNTg2NDI2NjI=,2021-04-16T15:27:37Z,2026-03-29T14:53:57Z,2026-04-02T17:32:35Z,536,False,utils-qt,ihor-drachuk/utils-qt,git@github.com:ihor-drachuk/utils-qt.git,2
MDEwOlJlcG9zaXRvcnkzNTg2NDE1Nzc=,2021-04-16T15:23:36Z,2026-04-30T06:20:19Z,2026-04-30T06:24:03Z,210,True,nemo-qml-plugin-notifications,sailfishos/nemo-qml-plugin-notifications,git@github.com:sailfishos/nemo-qml-plugin-notifications.git,0
MDEwOlJlcG9zaXRvcnkzNTg2Mzg0NjM=,2021-04-16T15:12:52Z,2026-05-04T07:43:27Z,2026-05-04T07:43:23Z,1237136,False,Project-Valkyrie,RoyBerntsenDesign/Project-Valkyrie,git@github.com:RoyBerntsenDesign/Project-Valkyrie.git,158
MDEwOlJlcG9zaXRvcnkzNTg2MzMxMjc=,2021-04-16T14:54:03Z,2026-04-28T06:14:43Z,2026-04-28T06:18:06Z,95,True,nemo-qml-plugin-messages,sailfishos/nemo-qml-plugin-messages,git@github.com:sailfishos/nemo-qml-plugin-messages.git,0
MDEwOlJlcG9zaXRvcnkzNTg2MjU1NTQ=,2021-04-16T14:27:51Z,2026-04-13T12:29:15Z,2026-04-13T12:29:10Z,175,True,nemo-qml-plugin-filemanager,sailfishos/nemo-qml-plugin-filemanager,git@github.com:sailfishos/nemo-qml-plugin-filemanager.git,1
MDEwOlJlcG9zaXRvcnkzNTg1OTY1MDg=,2021-04-16T12:45:15Z,2026-05-07T07:39:47Z,2026-05-07T07:40:15Z,778,True,nemo-qml-plugin-email,sailfishos/nemo-qml-plugin-email,git@github.com:sailfishos/nemo-qml-plugin-email.git,0
MDEwOlJlcG9zaXRvcnkzNTg1ODEyMTc=,2021-04-16T11:46:19Z,2026-04-28T13:47:32Z,2026-04-28T13:46:17Z,410,True,nemo-qml-plugin-devicelock,sailfishos/nemo-qml-plugin-devicelock,git@github.com:sailfishos/nemo-qml-plugin-devicelock.git,0
MDEwOlJlcG9zaXRvcnkzNTg1NDYxNjU=,2021-04-16T09:29:16Z,2026-04-16T06:29:08Z,2026-04-16T06:29:34Z,1176,True,nemo-qml-plugin-contacts,sailfishos/nemo-qml-plugin-contacts,git@github.com:sailfishos/nemo-qml-plugin-contacts.git,1
MDEwOlJlcG9zaXRvcnkzNTg1NDA3Njg=,2021-04-16T09:09:38Z,2026-03-13T12:33:12Z,2026-03-13T12:33:28Z,119,True,nemo-qml-plugin-connectivity,sailfishos/nemo-qml-plugin-connectivity,git@github.com:sailfishos/nemo-qml-plugin-connectivity.git,0
MDEwOlJlcG9zaXRvcnkzNTg1MTgyODc=,2021-04-16T07:46:51Z,2026-03-18T06:48:54Z,2026-03-18T06:49:15Z,726,True,nemo-qml-plugin-calendar,sailfishos/nemo-qml-plugin-calendar,git@github.com:sailfishos/nemo-qml-plugin-calendar.git,0
MDEwOlJlcG9zaXRvcnkzNTg0OTY3OTE=,2021-04-16T06:20:50Z,2026-05-03T04:55:39Z,2026-04-10T08:57:44Z,4208,True,SCALib,simple-crypto/SCALib,git@github.com:simple-crypto/SCALib.git,112
MDEwOlJlcG9zaXRvcnkzNTg0NjQ5MTQ=,2021-04-16T03:32:01Z,2026-03-18T06:59:34Z,2026-03-19T11:54:30Z,1572,True,mkcal,sailfishos/mkcal,git@github.com:sailfishos/mkcal.git,2
MDEwOlJlcG9zaXRvcnkzNTgzNjg4NjA=,2021-04-15T19:22:06Z,2026-05-03T01:52:41Z,2026-05-03T01:52:38Z,4049,True,mauikit-filebrowsing,KDE/mauikit-filebrowsing,git@github.com:KDE/mauikit-filebrowsing.git,4
MDEwOlJlcG9zaXRvcnkzNTgzNDg4MjU=,2021-04-15T18:00:43Z,2026-03-28T19:33:49Z,2026-03-28T19:33:40Z,195,False,utils-cpp,ihor-drachuk/utils-cpp,git@github.com:ihor-drachuk/utils-cpp.git,3
MDEwOlJlcG9zaXRvcnkzNTgzMzY2Mzk=,2021-04-15T17:14:46Z,2026-03-17T13:16:59Z,2026-03-17T13:18:36Z,268,True,hwmalloc,ghex-org/hwmalloc,git@github.com:ghex-org/hwmalloc.git,0
MDEwOlJlcG9zaXRvcnkzNTgzMzY1Mjk=,2021-04-15T17:14:26Z,2026-04-22T17:44:09Z,2026-04-22T16:46:18Z,245,False,DoubleDutch,jan-abbring/DoubleDutch,git@github.com:jan-abbring/DoubleDutch.git,0
MDEwOlJlcG9zaXRvcnkzNTgzMjA4Mjc=,2021-04-15T16:15:28Z,2026-01-25T16:38:26Z,2026-05-03T01:54:37Z,6567,True,stopmotion,KDE/stopmotion,git@github.com:KDE/stopmotion.git,4
MDEwOlJlcG9zaXRvcnkzNTgyOTQ5NTI=,2021-04-15T14:48:40Z,2026-04-29T01:48:55Z,2026-04-29T01:48:52Z,21114,True,mauikit-imagetools,KDE/mauikit-imagetools,git@github.com:KDE/mauikit-imagetools.git,3
MDEwOlJlcG9zaXRvcnkzNTgyNDkyMTk=,2021-04-15T12:23:10Z,2026-05-05T08:04:39Z,2026-05-05T09:29:17Z,13240,True,lipstick,sailfishos/lipstick,git@github.com:sailfishos/lipstick.git,19
MDEwOlJlcG9zaXRvcnkzNTgxNjEyMzg=,2021-04-15T07:06:03Z,2026-03-19T07:26:27Z,2026-03-19T07:26:50Z,1217,True,libresourceqt,sailfishos/libresourceqt,git@github.com:sailfishos/libresourceqt.git,1
MDEwOlJlcG9zaXRvcnkzNTgxNDQyMTE=,2021-04-15T05:58:23Z,2026-04-20T11:00:36Z,2026-04-20T11:00:31Z,103,True,libqofonoext,sailfishos/libqofonoext,git@github.com:sailfishos/libqofonoext.git,1
MDEwOlJlcG9zaXRvcnkzNTgxMzgxMDY=,2021-04-15T05:28:38Z,2026-04-18T08:24:27Z,2026-04-18T08:24:39Z,1183,True,keisan,ichiro-its/keisan,git@github.com:ichiro-its/keisan.git,3
MDEwOlJlcG9zaXRvcnkzNTgxMzI0NTM=,2021-04-15T04:59:36Z,2026-04-30T11:09:46Z,2026-04-30T11:11:41Z,1017,True,libqofono,sailfishos/libqofono,git@github.com:sailfishos/libqofono.git,0
MDEwOlJlcG9zaXRvcnkzNTgxMTQ4NTI=,2021-04-15T03:26:51Z,2026-04-14T12:20:58Z,2026-04-14T12:22:10Z,143,True,libngf-qt,sailfishos/libngf-qt,git@github.com:sailfishos/libngf-qt.git,0
MDEwOlJlcG9zaXRvcnkzNTgxMDY5NzE=,2021-04-15T02:48:52Z,2026-04-20T11:35:13Z,2026-04-20T11:36:25Z,57771,True,libmlocale,sailfishos/libmlocale,git@github.com:sailfishos/libmlocale.git,1
MDEwOlJlcG9zaXRvcnkzNTgwODE3ODM=,2021-04-15T00:44:35Z,2026-05-06T19:59:14Z,2026-04-07T03:21:07Z,144202,False,obs-backgroundremoval,royshil/obs-backgroundremoval,git@github.com:royshil/obs-backgroundremoval.git,4283
MDEwOlJlcG9zaXRvcnkzNTgwNDc1NzM=,2021-04-14T21:32:28Z,2026-04-30T11:34:17Z,2026-04-30T11:34:38Z,961,True,libcontentaction,sailfishos/libcontentaction,git@github.com:sailfishos/libcontentaction.git,0
MDEwOlJlcG9zaXRvcnkzNTgwMjQyOTg=,2021-04-14T19:47:34Z,2026-05-07T09:07:14Z,2026-05-07T09:07:38Z,1374,True,libconnman-qt,sailfishos/libconnman-qt,git@github.com:sailfishos/libconnman-qt.git,12
MDEwOlJlcG9zaXRvcnkzNTgwMjE5Mjc=,2021-04-14T19:37:46Z,2026-03-13T19:39:25Z,2026-03-13T19:39:19Z,4175,False,ReplayCore,ratkosrb/ReplayCore,git@github.com:ratkosrb/ReplayCore.git,5
MDEwOlJlcG9zaXRvcnkzNTgwMTQzOTU=,2021-04-14T19:07:36Z,2026-05-04T22:25:28Z,2026-05-04T22:25:23Z,10613,True,growl,Bearwaves/growl,git@github.com:Bearwaves/growl.git,17
MDEwOlJlcG9zaXRvcnkzNTgwMDg5OTg=,2021-04-14T18:45:48Z,2026-04-30T09:43:10Z,2026-04-30T09:43:07Z,112,True,http-bulk,halon-extras/http-bulk,git@github.com:halon-extras/http-bulk.git,1
MDEwOlJlcG9zaXRvcnkzNTc5OTMzMjk=,2021-04-14T17:47:25Z,2026-04-08T11:29:20Z,2026-04-08T11:29:35Z,2802,True,libcommhistory,sailfishos/libcommhistory,git@github.com:sailfishos/libcommhistory.git,0
MDEwOlJlcG9zaXRvcnkzNTc5NDc5OTQ=,2021-04-14T15:10:25Z,2026-03-11T05:27:30Z,2026-03-30T08:12:43Z,72450,True,blofeld,ku-awdc/blofeld,git@github.com:ku-awdc/blofeld.git,0
MDEwOlJlcG9zaXRvcnkzNTc5MzIwMDg=,2021-04-14T14:21:07Z,2026-05-04T18:49:35Z,2026-05-06T14:29:48Z,37932,True,framework,arcaneframework/framework,git@github.com:arcaneframework/framework.git,46
MDEwOlJlcG9zaXRvcnkzNTc5MDY1NjY=,2021-04-14T13:00:03Z,2026-05-02T23:52:19Z,2026-05-02T23:52:16Z,3006,False,Ame,nzh63/Ame,git@github.com:nzh63/Ame.git,17
MDEwOlJlcG9zaXRvcnkzNTc4NDk0NzY=,2021-04-14T09:32:16Z,2026-04-13T11:55:22Z,2026-04-13T11:55:36Z,344,True,fingerterm,sailfishos/fingerterm,git@github.com:sailfishos/fingerterm.git,6
MDEwOlJlcG9zaXRvcnkzNTc4MzgyNjQ=,2021-04-14T08:53:49Z,2026-05-05T12:49:30Z,2026-05-05T12:50:09Z,2131,True,contactsd,sailfishos/contactsd,git@github.com:sailfishos/contactsd.git,0
MDEwOlJlcG9zaXRvcnkzNTc4MjMwMzU=,2021-04-14T08:00:42Z,2026-04-01T09:02:16Z,2026-04-01T09:18:39Z,1974,True,buteo-sync-plugins-social,sailfishos/buteo-sync-plugins-social,git@github.com:sailfishos/buteo-sync-plugins-social.git,0
MDEwOlJlcG9zaXRvcnkzNTc4MjA4OTk=,2021-04-14T07:53:11Z,2026-04-07T12:06:25Z,2026-04-07T12:07:08Z,223,True,buteo-sync-plugin-carddav,sailfishos/buteo-sync-plugin-carddav,git@github.com:sailfishos/buteo-sync-plugin-carddav.git,1
MDEwOlJlcG9zaXRvcnkzNTc4MTY0MjE=,2021-04-14T07:37:04Z,2026-03-11T06:58:57Z,2026-03-11T06:59:16Z,2056,True,buteo-syncfw,sailfishos/buteo-syncfw,git@github.com:sailfishos/buteo-syncfw.git,0
MDEwOlJlcG9zaXRvcnkzNTc4MTUzMDk=,2021-04-14T07:33:11Z,2026-05-04T10:41:39Z,2026-05-04T10:42:00Z,1440,True,buteo-mtp,sailfishos/buteo-mtp,git@github.com:sailfishos/buteo-mtp.git,6
MDEwOlJlcG9zaXRvcnkzNTc0ODAwODk=,2021-04-13T08:31:13Z,2026-04-22T22:45:50Z,2026-04-22T22:45:46Z,33,True,GOLExtractor,ParadoxGameConverters/GOLExtractor,git@github.com:ParadoxGameConverters/GOLExtractor.git,0
MDEwOlJlcG9zaXRvcnkzNTc0NjIwMTY=,2021-04-13T07:27:14Z,2026-05-04T04:11:47Z,2026-05-01T06:58:03Z,313,False,pocketfft,mreineck/pocketfft,git@github.com:mreineck/pocketfft.git,141
MDEwOlJlcG9zaXRvcnkzNTc0NjE4MzQ=,2021-04-13T07:26:30Z,2026-04-30T19:36:41Z,2026-05-07T11:15:06Z,19557,True,Simu5G,Unipisa/Simu5G,git@github.com:Unipisa/Simu5G.git,224
MDEwOlJlcG9zaXRvcnkzNTczNTA2ODY=,2021-04-12T22:01:24Z,2026-04-19T17:37:54Z,2026-04-19T17:37:50Z,72407,False,3dMP,fire-391/3dMP,git@github.com:fire-391/3dMP.git,0
MDEwOlJlcG9zaXRvcnkzNTczMzkzMDQ=,2021-04-12T21:06:29Z,2026-05-07T10:53:21Z,2026-05-07T10:53:16Z,48153,True,vpl-gpu-rt,intel/vpl-gpu-rt,git@github.com:intel/vpl-gpu-rt.git,146
MDEwOlJlcG9zaXRvcnkzNTcyNDc2MDk=,2021-04-12T15:35:50Z,2026-04-18T09:22:16Z,2026-04-18T09:23:03Z,4245,False,ducc,mreineck/ducc,git@github.com:mreineck/ducc.git,31
MDEwOlJlcG9zaXRvcnkzNTcyMzk5MDM=,2021-04-12T15:12:55Z,2026-03-24T22:21:09Z,2026-05-02T00:38:21Z,37797,True,gaussianfft,equinor/gaussianfft,git@github.com:equinor/gaussianfft.git,8
MDEwOlJlcG9zaXRvcnkzNTcyMzM0NDg=,2021-04-12T14:54:05Z,2026-03-30T13:10:39Z,2026-05-07T11:32:59Z,1366,True,ViennaRay,ViennaTools/ViennaRay,git@github.com:ViennaTools/ViennaRay.git,8
MDEwOlJlcG9zaXRvcnkzNTcyMjY4MDM=,2021-04-12T14:34:11Z,2026-03-29T02:22:49Z,2026-03-12T22:24:13Z,81339,True,PASTAQ,PASTAQ-MS/PASTAQ,git@github.com:PASTAQ-MS/PASTAQ.git,7
MDEwOlJlcG9zaXRvcnkzNTcyMDQwNTk=,2021-04-12T13:27:37Z,2026-04-20T15:59:35Z,2026-04-20T15:59:30Z,1960,True,tarmac-trace-utilities,ARM-software/tarmac-trace-utilities,git@github.com:ARM-software/tarmac-trace-utilities.git,83
MDEwOlJlcG9zaXRvcnkzNTcxOTcxNzI=,2021-04-12T13:07:03Z,2026-05-01T11:15:40Z,2026-05-01T11:15:36Z,5583,True,EvoVulkan,SpaRcle-Studio/EvoVulkan,git@github.com:SpaRcle-Studio/EvoVulkan.git,5
MDEwOlJlcG9zaXRvcnkzNTcxOTM5ODA=,2021-04-12T12:57:44Z,2026-05-07T10:11:30Z,2026-05-07T10:11:26Z,3197,False,guglielmo,marcogrecopriolo/guglielmo,git@github.com:marcogrecopriolo/guglielmo.git,104
MDEwOlJlcG9zaXRvcnkzNTcwNDMzMzY=,2021-04-12T03:18:19Z,2026-05-06T20:45:36Z,2026-05-06T20:45:32Z,863277,True,EcoPot,PubInv/EcoPot,git@github.com:PubInv/EcoPot.git,1
MDEwOlJlcG9zaXRvcnkzNTcwMzcxOTg=,2021-04-12T02:47:46Z,2026-04-24T01:11:18Z,2026-04-24T00:52:36Z,34987,False,Chain,tzu-chen/Chain,git@github.com:tzu-chen/Chain.git,0
MDEwOlJlcG9zaXRvcnkzNTcwMjU0Njk=,2021-04-12T01:48:22Z,2026-05-07T06:33:16Z,2026-04-06T08:08:32Z,4988,True,KenshiLib,KenshiReclaimer/KenshiLib,git@github.com:KenshiReclaimer/KenshiLib.git,30
MDEwOlJlcG9zaXRvcnkzNTY5NzU4NDE=,2021-04-11T20:46:34Z,2026-05-06T22:23:23Z,2026-05-06T22:33:13Z,118827,True,legate,nv-legate/legate,git@github.com:nv-legate/legate.git,238
MDEwOlJlcG9zaXRvcnkzNTY5NTIzODI=,2021-04-11T18:50:49Z,2026-04-17T14:10:55Z,2026-03-21T08:01:12Z,28574,False,gfx,codewitch-honey-crisis/gfx,git@github.com:codewitch-honey-crisis/gfx.git,139
MDEwOlJlcG9zaXRvcnkzNTY4NTczNzI=,2021-04-11T12:08:21Z,2026-04-05T18:07:36Z,2026-04-05T18:07:33Z,192,False,obs-downstream-keyer,exeldro/obs-downstream-keyer,git@github.com:exeldro/obs-downstream-keyer.git,154
MDEwOlJlcG9zaXRvcnkzNTY4NTA4MDI=,2021-04-11T11:37:26Z,2026-04-06T17:30:01Z,2026-04-06T17:29:56Z,389,True,mtb-daemon,kmzbrnoI/mtb-daemon,git@github.com:kmzbrnoI/mtb-daemon.git,1
MDEwOlJlcG9zaXRvcnkzNTY3NzgxNzM=,2021-04-11T05:46:41Z,2026-03-10T19:13:17Z,2026-03-10T19:13:12Z,24021,False,Rain,kshun1994/Rain,git@github.com:kshun1994/Rain.git,0
MDEwOlJlcG9zaXRvcnkzNTY3NTczMDc=,2021-04-11T03:30:03Z,2026-04-17T01:17:39Z,2026-03-28T21:52:44Z,34218,False,ShowOff-NVSE,Demorome/ShowOff-NVSE,git@github.com:Demorome/ShowOff-NVSE.git,46
MDEwOlJlcG9zaXRvcnkzNTY2MjU0NDU=,2021-04-10T15:42:12Z,2026-05-05T02:17:46Z,2026-05-05T02:17:39Z,117215,False,rayvertex,tylermorganwall/rayvertex,git@github.com:tylermorganwall/rayvertex.git,68
MDEwOlJlcG9zaXRvcnkzNTY1NDU0NDg=,2021-04-10T10:20:12Z,2026-04-25T14:28:27Z,2026-04-25T14:28:22Z,2801,False,Arduino_school_bell,CyberHusky/Arduino_school_bell,git@github.com:CyberHusky/Arduino_school_bell.git,0
MDEwOlJlcG9zaXRvcnkzNTY1MjAxOTI=,2021-04-10T08:29:43Z,2026-05-07T07:23:45Z,2026-05-05T11:21:47Z,5416,False,KickCAT,leducp/KickCAT,git@github.com:leducp/KickCAT.git,137
MDEwOlJlcG9zaXRvcnkzNTY0ODg1NTU=,2021-04-10T06:06:47Z,2026-04-29T22:15:24Z,2026-04-03T04:38:15Z,24026,False,llios,qyang-nj/llios,git@github.com:qyang-nj/llios.git,456
MDEwOlJlcG9zaXRvcnkzNTY0MTU0Njk=,2021-04-09T22:45:06Z,2026-04-23T02:47:05Z,2026-04-22T15:36:20Z,589,True,Arduino-FOC-drivers,simplefoc/Arduino-FOC-drivers,git@github.com:simplefoc/Arduino-FOC-drivers.git,233
MDEwOlJlcG9zaXRvcnkzNTY0MTIzMTA=,2021-04-09T22:26:33Z,2026-04-30T15:23:52Z,2026-04-30T15:18:07Z,17546,True,vk_video_samples,nvpro-samples/vk_video_samples,git@github.com:nvpro-samples/vk_video_samples.git,338
MDEwOlJlcG9zaXRvcnkzNTYzNjcyNzI=,2021-04-09T18:40:13Z,2026-05-04T20:14:04Z,2026-05-04T20:13:58Z,24572,True,EventNtuple,Mu2e/EventNtuple,git@github.com:Mu2e/EventNtuple.git,3
MDEwOlJlcG9zaXRvcnkzNTYzNDQ3NDQ=,2021-04-09T17:06:28Z,2026-04-07T21:31:16Z,2026-03-03T02:08:21Z,227,False,libsdp,edeprince3/libsdp,git@github.com:edeprince3/libsdp.git,8
MDEwOlJlcG9zaXRvcnkzNTYyMTg5ODA=,2021-04-09T09:46:32Z,2026-04-24T22:40:12Z,2026-04-24T22:40:08Z,18473,True,soplex,scipopt/soplex,git@github.com:scipopt/soplex.git,76
MDEwOlJlcG9zaXRvcnkzNTYxMDQyNjc=,2021-04-09T02:04:36Z,2026-05-06T20:39:34Z,2026-05-05T02:52:29Z,17747,False,RedPanda-CPP,royqh1979/RedPanda-CPP,git@github.com:royqh1979/RedPanda-CPP.git,1374
MDEwOlJlcG9zaXRvcnkzNTYwNTUwMjQ=,2021-04-08T21:40:50Z,2026-05-07T10:49:05Z,2026-05-06T21:47:26Z,35253,True,tflite-micro,tensorflow/tflite-micro,git@github.com:tensorflow/tflite-micro.git,2886
MDEwOlJlcG9zaXRvcnkzNTYwMzYzMTU=,2021-04-08T20:12:15Z,2026-03-24T18:00:02Z,2026-03-24T18:00:11Z,1129,True,filepattern,PolusAI/filepattern,git@github.com:PolusAI/filepattern.git,5
MDEwOlJlcG9zaXRvcnkzNTYwMjkyMjM=,2021-04-08T19:41:14Z,2026-05-04T22:08:41Z,2026-05-04T22:08:36Z,825,True,singularity-opac,lanl/singularity-opac,git@github.com:lanl/singularity-opac.git,13
MDEwOlJlcG9zaXRvcnkzNTYwMjYzMjg=,2021-04-08T19:28:58Z,2026-04-20T23:21:22Z,2026-05-06T20:15:53Z,18944,True,singularity-eos,lanl/singularity-eos,git@github.com:lanl/singularity-eos.git,34
MDEwOlJlcG9zaXRvcnkzNTU3MjM1NTk=,2021-04-08T01:01:18Z,2026-04-27T23:39:47Z,2026-04-27T23:39:46Z,15648,False,Triumvirate,MikeSWang/Triumvirate,git@github.com:MikeSWang/Triumvirate.git,22
MDEwOlJlcG9zaXRvcnkzNTU2NjU3MTk=,2021-04-07T19:51:44Z,2026-04-18T02:55:57Z,2026-04-18T02:55:51Z,358270,True,ImpressiveTitle,Cybermals/ImpressiveTitle,git@github.com:Cybermals/ImpressiveTitle.git,9
MDEwOlJlcG9zaXRvcnkzNTU2MzE3NjE=,2021-04-07T17:37:29Z,2026-05-07T11:34:47Z,2026-05-07T11:34:43Z,213812,False,ArduinoBareMetal,sebastianomelita/ArduinoBareMetal,git@github.com:sebastianomelita/ArduinoBareMetal.git,10
MDEwOlJlcG9zaXRvcnkzNTU1NjU2NzQ=,2021-04-07T14:00:33Z,2026-03-18T07:57:20Z,2026-05-06T15:46:05Z,1436778,True,chombo-discharge,chombo-discharge/chombo-discharge,git@github.com:chombo-discharge/chombo-discharge.git,20
MDEwOlJlcG9zaXRvcnkzNTU1NTg1Mzk=,2021-04-07T13:38:13Z,2026-05-07T09:00:00Z,2026-05-07T08:59:56Z,1948,False,RainSense-IoT,jonathanloucks/RainSense-IoT,git@github.com:jonathanloucks/RainSense-IoT.git,0
MDEwOlJlcG9zaXRvcnkzNTU0ODUzNTg=,2021-04-07T09:24:53Z,2026-04-30T09:43:53Z,2026-04-30T09:43:49Z,29,True,rabbitmq,halon-extras/rabbitmq,git@github.com:halon-extras/rabbitmq.git,1
MDEwOlJlcG9zaXRvcnkzNTU0NTk1OTg=,2021-04-07T07:56:37Z,2026-05-03T03:46:13Z,2026-04-03T00:05:22Z,839,False,MiiPort,Genwald/MiiPort,git@github.com:Genwald/MiiPort.git,36
MDEwOlJlcG9zaXRvcnkzNTUzNjY3ODA=,2021-04-07T00:33:56Z,2026-03-18T21:12:03Z,2026-03-18T21:11:59Z,269564,False,juce6_SR_NVCN2,thecargocultnz/juce6_SR_NVCN2,git@github.com:thecargocultnz/juce6_SR_NVCN2.git,0
MDEwOlJlcG9zaXRvcnkzNTUzNDU3ODg=,2021-04-06T22:29:13Z,2026-05-04T11:27:33Z,2026-03-19T10:58:12Z,2256,False,mingw-w64-dpp,utoni/mingw-w64-dpp,git@github.com:utoni/mingw-w64-dpp.git,45
MDEwOlJlcG9zaXRvcnkzNTUyNzI3NDc=,2021-04-06T17:19:37Z,2026-04-28T19:26:42Z,2026-04-28T19:26:37Z,30363,True,wlan-cloud-ucentralgw,Telecominfraproject/wlan-cloud-ucentralgw,git@github.com:Telecominfraproject/wlan-cloud-ucentralgw.git,34
MDEwOlJlcG9zaXRvcnkzNTUyMzg2NDQ=,2021-04-06T15:26:33Z,2026-04-19T17:59:05Z,2026-04-19T17:59:00Z,88,True,yubox-LoRaWAN,yubox-node-org/yubox-LoRaWAN,git@github.com:yubox-node-org/yubox-LoRaWAN.git,1
MDEwOlJlcG9zaXRvcnkzNTUyMDYyODM=,2021-04-06T13:51:35Z,2026-03-18T14:13:21Z,2026-03-18T19:03:45Z,6999,True,PixieSDK,xiallc/PixieSDK,git@github.com:xiallc/PixieSDK.git,4
MDEwOlJlcG9zaXRvcnkzNTUxNDkzNDg=,2021-04-06T10:33:50Z,2026-04-05T12:05:13Z,2026-04-05T12:05:27Z,184,True,pecl-xml-xmldiff,php/pecl-xml-xmldiff,git@github.com:php/pecl-xml-xmldiff.git,6
MDEwOlJlcG9zaXRvcnkzNTQ5ODY0NTQ=,2021-04-05T22:13:28Z,2026-05-03T19:41:31Z,2026-05-03T19:41:28Z,27932,False,briefutil,imakris/briefutil,git@github.com:imakris/briefutil.git,0
MDEwOlJlcG9zaXRvcnkzNTQ5NTYwNzk=,2021-04-05T19:57:00Z,2026-04-22T03:17:54Z,2026-04-21T22:22:13Z,922,False,geant4_pybind,HaarigerHarald/geant4_pybind,git@github.com:HaarigerHarald/geant4_pybind.git,43
MDEwOlJlcG9zaXRvcnkzNTQ5Mzg0MjQ=,2021-04-05T18:49:45Z,2026-03-09T18:26:25Z,2026-03-09T18:26:21Z,256,True,juce_murka,Kiberchaika/juce_murka,git@github.com:Kiberchaika/juce_murka.git,9
MDEwOlJlcG9zaXRvcnkzNTQ4OTg1Mjk=,2021-04-05T16:28:21Z,2026-03-23T21:45:22Z,2026-03-23T21:45:19Z,355013,False,rathena,cedrictrovati-bib/rathena,git@github.com:cedrictrovati-bib/rathena.git,0
MDEwOlJlcG9zaXRvcnkzNTQ4Nzg3NTI=,2021-04-05T15:21:32Z,2026-04-26T08:30:24Z,2026-04-26T08:30:21Z,17,True,SH-ESP32-onewire-temperature,hatlabs/SH-ESP32-onewire-temperature,git@github.com:hatlabs/SH-ESP32-onewire-temperature.git,2
MDEwOlJlcG9zaXRvcnkzNTQ3NTEwOTI=,2021-04-05T07:13:35Z,2026-04-28T18:59:27Z,2026-05-07T03:09:49Z,4015,True,SlimeVR-OpenVR-Driver,SlimeVR/SlimeVR-OpenVR-Driver,git@github.com:SlimeVR/SlimeVR-OpenVR-Driver.git,248
MDEwOlJlcG9zaXRvcnkzNTQ3NDMzOTE=,2021-04-05T06:38:18Z,2026-05-06T15:56:28Z,2026-05-05T15:04:43Z,227171,True,o3de,o3de/o3de,git@github.com:o3de/o3de.git,9086
MDEwOlJlcG9zaXRvcnkzNTQ3MTUwMDA=,2021-04-05T04:17:38Z,2026-05-07T09:40:15Z,2026-05-07T09:40:10Z,145027,False,mmorpg,luyuancpp/mmorpg,git@github.com:luyuancpp/mmorpg.git,4
MDEwOlJlcG9zaXRvcnkzNTQ3MDk0OTg=,2021-04-05T03:49:33Z,2026-03-15T19:38:05Z,2026-03-15T19:38:01Z,5192,True,rex,SILO-GROUP/rex,git@github.com:SILO-GROUP/rex.git,5
MDEwOlJlcG9zaXRvcnkzNTQ2MzY4MDE=,2021-04-04T20:09:04Z,2026-05-07T06:05:39Z,2026-04-03T17:25:39Z,54864,False,whatsie,keshavbhatt/whatsie,git@github.com:keshavbhatt/whatsie.git,3167
MDEwOlJlcG9zaXRvcnkzNTQ2MzQ1Nzg=,2021-04-04T19:57:14Z,2026-05-01T07:50:10Z,2026-03-03T18:06:36Z,89625,True,Bloom,bloombloombloom/Bloom,git@github.com:bloombloombloom/Bloom.git,85
MDEwOlJlcG9zaXRvcnkzNTQ0MjMwNDc=,2021-04-04T00:27:55Z,2026-04-04T20:55:13Z,2026-04-04T20:55:10Z,49093,True,moos-ivp-pearl,pearlauv/moos-ivp-pearl,git@github.com:pearlauv/moos-ivp-pearl.git,2
MDEwOlJlcG9zaXRvcnkzNTQyODc2MzU=,2021-04-03T12:35:03Z,2026-03-20T14:12:23Z,2026-03-20T14:12:18Z,14941,False,StyleFramework,edwig/StyleFramework,git@github.com:edwig/StyleFramework.git,12
MDEwOlJlcG9zaXRvcnkzNTQyNzQ4MDI=,2021-04-03T11:31:22Z,2026-03-13T00:15:23Z,2026-03-13T00:15:19Z,15869,True,UT61EWIFI,SuperHouse/UT61EWIFI,git@github.com:SuperHouse/UT61EWIFI.git,10
MDEwOlJlcG9zaXRvcnkzNTQyNjA0MzI=,2021-04-03T10:19:30Z,2026-04-19T00:40:25Z,2026-03-10T07:07:40Z,132960,False,macflim,fstark/macflim,git@github.com:fstark/macflim.git,113
MDEwOlJlcG9zaXRvcnkzNTQyMjYyMTk=,2021-04-03T07:15:09Z,2026-05-07T06:32:19Z,2026-04-29T21:20:22Z,2029,False,RE_Kenshi,BFrizzleFoShizzle/RE_Kenshi,git@github.com:BFrizzleFoShizzle/RE_Kenshi.git,90
MDEwOlJlcG9zaXRvcnkzNTQxODg0NDY=,2021-04-03T03:18:14Z,2026-04-22T15:54:48Z,2026-04-22T15:54:43Z,668,False,AmalgamUI,Net5F/AmalgamUI,git@github.com:Net5F/AmalgamUI.git,3
MDEwOlJlcG9zaXRvcnkzNTQxODM5MzA=,2021-04-03T02:48:29Z,2026-03-17T17:09:46Z,2026-05-07T07:06:06Z,97415,True,SuperGenius,GeniusVentures/SuperGenius,git@github.com:GeniusVentures/SuperGenius.git,4
MDEwOlJlcG9zaXRvcnkzNTQxMzExMDM=,2021-04-02T20:55:00Z,2026-04-18T02:36:21Z,2026-03-12T16:33:03Z,11933,True,Intan-RHX,Intan-Technologies/Intan-RHX,git@github.com:Intan-Technologies/Intan-RHX.git,54
MDEwOlJlcG9zaXRvcnkzNTQwOTgxMDU=,2021-04-02T18:13:15Z,2026-03-14T17:36:55Z,2026-03-14T17:36:51Z,307753,True,frameworks_av,VoltageOS/frameworks_av,git@github.com:VoltageOS/frameworks_av.git,0
MDEwOlJlcG9zaXRvcnkzNTQwMDg2MzM=,2021-04-02T12:11:08Z,2026-04-25T17:23:54Z,2026-04-25T13:23:04Z,4084,True,OpenAWE,OpenAWE-Project/OpenAWE,git@github.com:OpenAWE-Project/OpenAWE.git,207
MDEwOlJlcG9zaXRvcnkzNTQwMDgyNDM=,2021-04-02T12:09:32Z,2026-05-06T19:40:28Z,2026-05-06T19:40:24Z,386138,True,MKVToolNix,THIS-IS-NOT-A-BACKUP/MKVToolNix,git@github.com:THIS-IS-NOT-A-BACKUP/MKVToolNix.git,1
MDEwOlJlcG9zaXRvcnkzNTQwMDIxNDI=,2021-04-02T11:44:02Z,2026-05-04T09:27:36Z,2026-04-07T14:49:46Z,300,True,layer-shell-qt,KDE/layer-shell-qt,git@github.com:KDE/layer-shell-qt.git,47
MDEwOlJlcG9zaXRvcnkzNTM5NjQwMTE=,2021-04-02T09:00:46Z,2026-03-28T14:12:47Z,2026-03-28T14:12:42Z,81598,True,bootable_recovery,VoltageOS/bootable_recovery,git@github.com:VoltageOS/bootable_recovery.git,0
MDEwOlJlcG9zaXRvcnkzNTM5NDM5NTM=,2021-04-02T07:38:30Z,2026-05-07T05:42:23Z,2026-04-24T17:57:29Z,15320,False,Sayuri,CGLemon/Sayuri,git@github.com:CGLemon/Sayuri.git,126
MDEwOlJlcG9zaXRvcnkzNTM4NTE5Mzk=,2021-04-01T23:30:38Z,2026-05-06T21:44:21Z,2026-05-06T21:44:16Z,2661,True,murxla,murxla/murxla,git@github.com:murxla/murxla.git,16
MDEwOlJlcG9zaXRvcnkzNTM4NDU2NDY=,2021-04-01T22:52:17Z,2026-04-19T20:18:01Z,2026-04-19T20:17:57Z,15456,True,tst,cppfw/tst,git@github.com:cppfw/tst.git,16
MDEwOlJlcG9zaXRvcnkzNTM3MTU2OTA=,2021-04-01T13:50:04Z,2026-05-05T16:59:57Z,2026-05-05T16:59:52Z,43,True,simQML,CoppeliaRobotics/simQML,git@github.com:CoppeliaRobotics/simQML.git,3
MDEwOlJlcG9zaXRvcnkzNTM3MDIwMzU=,2021-04-01T13:02:20Z,2026-04-30T06:29:07Z,2026-03-19T08:32:58Z,15273,False,imageinfo,xiaozhuai/imageinfo,git@github.com:xiaozhuai/imageinfo.git,123
MDEwOlJlcG9zaXRvcnkzNTM2NDE4MTQ=,2021-04-01T09:15:01Z,2026-04-19T21:39:10Z,2026-04-19T21:39:06Z,20178,True,THUNDERMILL01,UniversalScientificTechnologies/THUNDERMILL01,git@github.com:UniversalScientificTechnologies/THUNDERMILL01.git,0
MDEwOlJlcG9zaXRvcnkzNTM2MTc1NzQ=,2021-04-01T07:45:03Z,2026-03-04T16:56:09Z,2026-03-04T16:54:18Z,235,True,shisen_cpp,ichiro-its/shisen_cpp,git@github.com:ichiro-its/shisen_cpp.git,2
MDEwOlJlcG9zaXRvcnkzNTM1OTM4ODA=,2021-04-01T06:11:32Z,2026-04-07T06:03:11Z,2026-04-07T06:03:07Z,310,True,libevents,mavlink/libevents,git@github.com:mavlink/libevents.git,15
MDEwOlJlcG9zaXRvcnkzNTM1NzgxMzg=,2021-04-01T04:56:02Z,2026-04-30T11:22:16Z,2026-04-30T11:24:49Z,209,False,MetroDeveloper,tsnest/MetroDeveloper,git@github.com:tsnest/MetroDeveloper.git,5
MDEwOlJlcG9zaXRvcnkzNTM0NTI1MjM=,2021-03-31T18:26:10Z,2026-05-07T03:11:32Z,2026-04-03T15:10:30Z,473,False,system_theme,bdlukaa/system_theme,git@github.com:bdlukaa/system_theme.git,40
MDEwOlJlcG9zaXRvcnkzNTMzOTQ1Njg=,2021-03-31T14:58:23Z,2026-04-21T14:46:04Z,2026-04-21T14:45:59Z,27,True,grpc_image_client_example,roboception/grpc_image_client_example,git@github.com:roboception/grpc_image_client_example.git,1
MDEwOlJlcG9zaXRvcnkzNTMzODYwMjY=,2021-03-31T14:32:13Z,2026-05-04T15:26:11Z,2026-05-05T14:27:22Z,8861,True,OsmAnd-core-legacy,osmandapp/OsmAnd-core-legacy,git@github.com:osmandapp/OsmAnd-core-legacy.git,4
MDEwOlJlcG9zaXRvcnkzNTMxNDA5MTk=,2021-03-30T21:03:37Z,2026-05-04T01:04:42Z,2026-05-04T01:04:37Z,4690,True,Vinifera,Vinifera-Developers/Vinifera,git@github.com:Vinifera-Developers/Vinifera.git,72
MDEwOlJlcG9zaXRvcnkzNTMwMzExOTk=,2021-03-30T14:30:46Z,2026-04-16T04:19:16Z,2026-04-13T11:46:19Z,820,True,vst3projectgenerator,steinbergmedia/vst3projectgenerator,git@github.com:steinbergmedia/vst3projectgenerator.git,42
MDEwOlJlcG9zaXRvcnkzNTI5MDE3Mzc=,2021-03-30T06:59:39Z,2026-04-14T07:41:09Z,2026-04-14T09:08:01Z,38999,False,Methane,rombust/Methane,git@github.com:rombust/Methane.git,11
MDEwOlJlcG9zaXRvcnkzNTI3NDkxMjA=,2021-03-29T18:41:19Z,2026-05-03T17:24:37Z,2026-04-27T20:11:16Z,166454,False,rosegarden-official,tedfelix/rosegarden-official,git@github.com:tedfelix/rosegarden-official.git,40
MDEwOlJlcG9zaXRvcnkzNTI3MzMyOTc=,2021-03-29T17:45:42Z,2026-04-22T22:12:58Z,2026-04-15T18:04:59Z,353,True,tensorrt_backend,triton-inference-server/tensorrt_backend,git@github.com:triton-inference-server/tensorrt_backend.git,87
MDEwOlJlcG9zaXRvcnkzNTI2OTcwNzk=,2021-03-29T15:44:36Z,2026-04-28T02:39:11Z,2026-04-25T18:23:54Z,2802829,True,oomph-lib,oomph-lib/oomph-lib,git@github.com:oomph-lib/oomph-lib.git,57
MDEwOlJlcG9zaXRvcnkzNTI2OTI3MDQ=,2021-03-29T15:30:03Z,2026-04-29T07:13:32Z,2026-04-17T15:13:12Z,5116,False,AsyncTelegram2,cotestatnt/AsyncTelegram2,git@github.com:cotestatnt/AsyncTelegram2.git,102
MDEwOlJlcG9zaXRvcnkzNTI2ODk3ODA=,2021-03-29T15:20:38Z,2026-04-25T11:23:44Z,2026-04-25T11:23:41Z,283,False,XexUtils,ClementDreptin/XexUtils,git@github.com:ClementDreptin/XexUtils.git,35
MDEwOlJlcG9zaXRvcnkzNTI2NDk1OTg=,2021-03-29T13:16:11Z,2026-04-28T01:32:39Z,2026-04-28T01:32:37Z,3354,True,trigger,DUNE-DAQ/trigger,git@github.com:DUNE-DAQ/trigger.git,0
MDEwOlJlcG9zaXRvcnkzNTI2MjYzNzA=,2021-03-29T11:57:10Z,2026-04-27T01:31:19Z,2026-05-07T11:31:27Z,1352209,True,trust-code,cea-trust-platform/trust-code,git@github.com:cea-trust-platform/trust-code.git,70
MDEwOlJlcG9zaXRvcnkzNTI0MjE0NjU=,2021-03-28T19:37:00Z,2026-04-24T21:22:56Z,2026-03-24T10:32:26Z,43071,False,NiagaraUIRenderer,SourySK/NiagaraUIRenderer,git@github.com:SourySK/NiagaraUIRenderer.git,349
MDEwOlJlcG9zaXRvcnkzNTIzNjEyMDA=,2021-03-28T15:09:31Z,2026-05-06T10:02:21Z,2026-03-25T05:35:14Z,2752,True,plotjuggler-CAN-dbs,PlotJuggler/plotjuggler-CAN-dbs,git@github.com:PlotJuggler/plotjuggler-CAN-dbs.git,59
MDEwOlJlcG9zaXRvcnkzNTIzMzU5NjE=,2021-03-28T13:24:58Z,2026-04-12T18:45:25Z,2026-04-12T18:49:51Z,130,False,opentherm-gateway-esphome,KPWhiver/opentherm-gateway-esphome,git@github.com:KPWhiver/opentherm-gateway-esphome.git,8
MDEwOlJlcG9zaXRvcnkzNTIyODIzMjg=,2021-03-28T08:54:15Z,2026-03-21T13:41:31Z,2026-03-21T13:41:29Z,70,True,exceptions,Felspar/exceptions,git@github.com:Felspar/exceptions.git,2
MDEwOlJlcG9zaXRvcnkzNTIyNzA1NjY=,2021-03-28T07:46:33Z,2026-05-04T07:25:08Z,2026-05-07T09:15:20Z,3909,True,kjournald,KDE/kjournald,git@github.com:KDE/kjournald.git,18
MDEwOlJlcG9zaXRvcnkzNTIyNjE5Mjk=,2021-03-28T06:54:26Z,2026-05-06T09:11:24Z,2026-05-05T07:24:49Z,580283,False,gravitymon,mp-se/gravitymon,git@github.com:mp-se/gravitymon.git,91
MDEwOlJlcG9zaXRvcnkzNTIyMTE0ODQ=,2021-03-28T00:54:31Z,2026-05-05T21:13:00Z,2026-04-27T03:17:49Z,711621,False,Project-Infestation,ColtTheKing/Project-Infestation,git@github.com:ColtTheKing/Project-Infestation.git,1
MDEwOlJlcG9zaXRvcnkzNTIxMDEyNDg=,2021-03-27T15:01:30Z,2026-05-04T15:18:32Z,2026-04-22T09:03:43Z,637808,True,zeno,zenustech/zeno,git@github.com:zenustech/zeno.git,1389
MDEwOlJlcG9zaXRvcnkzNTIwNDg0NzU=,2021-03-27T10:53:31Z,2026-05-04T17:03:44Z,2026-05-04T17:03:40Z,391,True,FlowGame,MothCocoon/FlowGame,git@github.com:MothCocoon/FlowGame.git,79
MDEwOlJlcG9zaXRvcnkzNTE5NTQ4MjU=,2021-03-27T01:31:59Z,2026-04-03T23:30:24Z,2026-04-26T22:06:45Z,11743,False,arctic,arcticengine/arctic,git@github.com:arcticengine/arctic.git,7
MDEwOlJlcG9zaXRvcnkzNTE4MTY3MDE=,2021-03-26T14:52:46Z,2026-04-26T14:05:10Z,2026-04-29T15:45:16Z,3627,True,jumpstart-docs,scs/jumpstart-docs,git@github.com:scs/jumpstart-docs.git,6
MDEwOlJlcG9zaXRvcnkzNTE3NDA5NzA=,2021-03-26T10:17:14Z,2026-03-05T10:43:02Z,2026-03-05T10:42:58Z,368,True,node-api,griddb/node-api,git@github.com:griddb/node-api.git,4
MDEwOlJlcG9zaXRvcnkzNTE3MjU1NTU=,2021-03-26T09:19:23Z,2026-04-28T22:24:03Z,2026-03-18T11:00:17Z,2047,False,SmartWebServer,hjd1964/SmartWebServer,git@github.com:hjd1964/SmartWebServer.git,50
MDEwOlJlcG9zaXRvcnkzNTE3MTM4NzA=,2021-03-26T08:34:17Z,2026-05-05T23:15:23Z,2026-05-05T21:51:11Z,11429,False,PopTracker,black-sliver/PopTracker,git@github.com:black-sliver/PopTracker.git,164
MDEwOlJlcG9zaXRvcnkzNTE1NjI3NDA=,2021-03-25T20:10:24Z,2026-03-17T13:25:48Z,2026-03-17T13:25:44Z,24179,True,SentimentAnalysis-CPP,StarlangSoftware/SentimentAnalysis-CPP,git@github.com:StarlangSoftware/SentimentAnalysis-CPP.git,1
MDEwOlJlcG9zaXRvcnkzNTE1NDQ5Nzg=,2021-03-25T18:59:12Z,2026-05-06T19:11:01Z,2026-05-02T02:08:43Z,1063,False,HidHide,nefarius/HidHide,git@github.com:nefarius/HidHide.git,1388
MDEwOlJlcG9zaXRvcnkzNTE1MTIwOTA=,2021-03-25T16:56:53Z,2026-05-03T22:45:29Z,2026-05-04T12:14:10Z,46055,True,DPP,brainboxdotcc/DPP,git@github.com:brainboxdotcc/DPP.git,1349
MDEwOlJlcG9zaXRvcnkzNTE0ODQxNTk=,2021-03-25T15:24:27Z,2026-03-11T18:42:18Z,2026-03-11T18:42:09Z,10673,True,IRBEM-extras,PRBEM/IRBEM-extras,git@github.com:PRBEM/IRBEM-extras.git,5
MDEwOlJlcG9zaXRvcnkzNTE0MDAxMDI=,2021-03-25T10:47:00Z,2026-04-03T23:40:03Z,2026-03-23T21:57:39Z,186,False,simcpp20,fschuetz04/simcpp20,git@github.com:fschuetz04/simcpp20.git,66
MDEwOlJlcG9zaXRvcnkzNTEzNzc0MTE=,2021-03-25T09:25:46Z,2026-04-25T19:16:21Z,2026-04-25T21:27:48Z,136717,True,omegacoin,OmegaBlockchain/omegacoin,git@github.com:OmegaBlockchain/omegacoin.git,6
MDEwOlJlcG9zaXRvcnkzNTEzMDExNjI=,2021-03-25T03:48:10Z,2026-05-07T11:25:07Z,2026-05-07T11:21:10Z,352201,False,VRSFML,vittorioromeo/VRSFML,git@github.com:vittorioromeo/VRSFML.git,99
MDEwOlJlcG9zaXRvcnkzNTExNTk5MDc=,2021-03-24T17:02:51Z,2026-04-28T16:25:05Z,2026-04-29T13:09:57Z,790,True,hector_ros_controllers,tu-darmstadt-ros-pkg/hector_ros_controllers,git@github.com:tu-darmstadt-ros-pkg/hector_ros_controllers.git,3
MDEwOlJlcG9zaXRvcnkzNTExNTgwMjM=,2021-03-24T16:56:23Z,2026-05-05T13:40:09Z,2026-04-09T20:42:34Z,1233,True,qcoro,qcoro/qcoro,git@github.com:qcoro/qcoro.git,569
MDEwOlJlcG9zaXRvcnkzNTExNDgxMjM=,2021-03-24T16:23:11Z,2026-03-31T00:29:53Z,2026-03-12T19:59:22Z,1602,True,fstalign,revdotcom/fstalign,git@github.com:revdotcom/fstalign.git,170
MDEwOlJlcG9zaXRvcnkzNTExNDQyNzk=,2021-03-24T16:10:35Z,2026-04-28T10:16:17Z,2026-04-28T10:16:14Z,37602,False,IoT_Cooking_Recipes,gabriel-rausch/IoT_Cooking_Recipes,git@github.com:gabriel-rausch/IoT_Cooking_Recipes.git,3
MDEwOlJlcG9zaXRvcnkzNTExNDE1Nzc=,2021-03-24T16:02:20Z,2026-05-07T09:18:05Z,2026-05-03T13:03:11Z,12482,False,Daxa,Ipotrick/Daxa,git@github.com:Ipotrick/Daxa.git,565
MDEwOlJlcG9zaXRvcnkzNTExMzgyODY=,2021-03-24T15:51:39Z,2026-05-06T19:19:03Z,2026-05-04T17:03:06Z,3281,True,FlowGraph,MothCocoon/FlowGraph,git@github.com:MothCocoon/FlowGraph.git,1803
MDEwOlJlcG9zaXRvcnkzNTA4NDc4MDE=,2021-03-23T20:26:18Z,2026-05-04T14:23:30Z,2026-05-04T14:32:02Z,3216,True,gcamwrapper,JGCRI/gcamwrapper,git@github.com:JGCRI/gcamwrapper.git,15
MDEwOlJlcG9zaXRvcnkzNTA2NTIzODI=,2021-03-23T09:28:34Z,2026-03-17T17:28:08Z,2026-03-17T17:28:04Z,1647,False,fastcgi_json_cpp_api,berndporr/fastcgi_json_cpp_api,git@github.com:berndporr/fastcgi_json_cpp_api.git,4
MDEwOlJlcG9zaXRvcnkzNTA1MDAwNDQ=,2021-03-22T21:53:01Z,2026-04-17T20:05:08Z,2026-05-02T10:25:19Z,276801,False,Caissa,Witek902/Caissa,git@github.com:Witek902/Caissa.git,95
MDEwOlJlcG9zaXRvcnkzNTA0ODcxNzI=,2021-03-22T20:57:05Z,2026-04-23T15:47:16Z,2026-04-23T15:47:09Z,76564,True,artemis,AMReX-Microelectronics/artemis,git@github.com:AMReX-Microelectronics/artemis.git,43
MDEwOlJlcG9zaXRvcnkzNTAzNzUwODk=,2021-03-22T14:31:56Z,2026-05-07T05:19:20Z,2026-03-19T02:59:30Z,469475,True,lite.ai.toolkit,xlite-dev/lite.ai.toolkit,git@github.com:xlite-dev/lite.ai.toolkit.git,4405
MDEwOlJlcG9zaXRvcnkzNTAzNTkxNjg=,2021-03-22T13:44:33Z,2026-04-02T19:37:00Z,2026-04-02T19:36:54Z,3460,True,opencmw-cpp,fair-acc/opencmw-cpp,git@github.com:fair-acc/opencmw-cpp.git,13
MDEwOlJlcG9zaXRvcnkzNTAyNTQ1MTI=,2021-03-22T07:53:26Z,2026-03-26T13:13:02Z,2026-04-13T14:46:11Z,1020,True,unreal-server-sdk,lootlocker/unreal-server-sdk,git@github.com:lootlocker/unreal-server-sdk.git,2
MDEwOlJlcG9zaXRvcnkzNTAyNTI1MzA=,2021-03-22T07:46:03Z,2026-05-04T07:04:00Z,2026-05-04T07:03:56Z,110940,False,CS104,dimitarminchev/CS104,git@github.com:dimitarminchev/CS104.git,21
MDEwOlJlcG9zaXRvcnkzNTAxMjUyMjA=,2021-03-21T21:35:18Z,2026-04-07T20:09:30Z,2026-03-31T12:24:40Z,89,False,metroid-prime-source-mod,shiiion/metroid-prime-source-mod,git@github.com:shiiion/metroid-prime-source-mod.git,47
MDEwOlJlcG9zaXRvcnkzNTAwOTExMzU=,2021-03-21T18:57:24Z,2026-03-16T05:20:03Z,2026-03-16T05:20:06Z,88,True,Arduino_OplaUI,arduino-libraries/Arduino_OplaUI,git@github.com:arduino-libraries/Arduino_OplaUI.git,4
MDEwOlJlcG9zaXRvcnkzNTAwMDU3Mjk=,2021-03-21T13:24:19Z,2026-05-07T05:51:09Z,2026-05-07T05:51:05Z,44762,True,cloudpilot-emu,cloudpilot-emu/cloudpilot-emu,git@github.com:cloudpilot-emu/cloudpilot-emu.git,303
MDEwOlJlcG9zaXRvcnkzNDk5NTQ3MzY=,2021-03-21T09:40:38Z,2026-05-06T11:28:04Z,2026-05-06T11:28:03Z,24263,True,VectorSimilarity,RedisAI/VectorSimilarity,git@github.com:RedisAI/VectorSimilarity.git,52
MDEwOlJlcG9zaXRvcnkzNDk5Mjc5NzI=,2021-03-21T07:25:54Z,2026-05-04T14:08:22Z,2026-05-07T09:29:25Z,5454,True,skanpage,KDE/skanpage,git@github.com:KDE/skanpage.git,17
MDEwOlJlcG9zaXRvcnkzNDk4ODkwMzk=,2021-03-21T03:11:20Z,2026-04-26T20:29:18Z,2026-05-04T17:09:37Z,866,False,gameboy,anthonygedeon/gameboy,git@github.com:anthonygedeon/gameboy.git,4
MDEwOlJlcG9zaXRvcnkzNDk4NTQ5NTA=,2021-03-20T23:12:42Z,2026-04-27T06:37:43Z,2026-04-27T06:25:56Z,358,True,etc,KART-Software/etc,git@github.com:KART-Software/etc.git,1
MDEwOlJlcG9zaXRvcnkzNDk4MTU5MDA=,2021-03-20T19:20:33Z,2026-04-03T15:11:22Z,2026-05-04T12:31:21Z,3189,False,esphome_components,heinekmadsen/esphome_components,git@github.com:heinekmadsen/esphome_components.git,39
MDEwOlJlcG9zaXRvcnkzNDk3Mzg3NTQ=,2021-03-20T13:53:28Z,2026-05-07T08:48:57Z,2026-05-04T02:41:12Z,2199,False,FlashMQ,halfgaar/FlashMQ,git@github.com:halfgaar/FlashMQ.git,239
MDEwOlJlcG9zaXRvcnkzNDk2MTQ3MjU=,2021-03-20T03:14:57Z,2026-04-24T10:17:00Z,2026-03-18T01:08:41Z,190062,True,openeew-firmware,openeew/openeew-firmware,git@github.com:openeew/openeew-firmware.git,11
MDEwOlJlcG9zaXRvcnkzNDk1ODk2NzY=,2021-03-20T00:32:29Z,2026-05-05T14:23:44Z,2026-05-05T14:23:18Z,2834,False,kurlyk,NewYaroslav/kurlyk,git@github.com:NewYaroslav/kurlyk.git,3
MDEwOlJlcG9zaXRvcnkzNDk1MzgwMjk=,2021-03-19T19:44:21Z,2026-04-27T18:58:40Z,2026-04-27T18:58:35Z,27755,False,mars,dganellari/mars,git@github.com:dganellari/mars.git,2
MDEwOlJlcG9zaXRvcnkzNDk0NzMxODI=,2021-03-19T15:39:41Z,2026-04-22T11:44:57Z,2026-04-22T11:44:53Z,187,True,onednn-feedstock,conda-forge/onednn-feedstock,git@github.com:conda-forge/onednn-feedstock.git,4
MDEwOlJlcG9zaXRvcnkzNDk0Njc5MDU=,2021-03-19T15:22:29Z,2026-05-06T06:40:21Z,2026-05-06T06:48:46Z,80,True,bimi,halon-extras/bimi,git@github.com:halon-extras/bimi.git,2
MDEwOlJlcG9zaXRvcnkzNDk0NDI3Njg=,2021-03-19T14:01:45Z,2026-03-16T05:22:40Z,2026-03-16T05:22:43Z,140,True,Arduino_PortentaBreakout,arduino-libraries/Arduino_PortentaBreakout,git@github.com:arduino-libraries/Arduino_PortentaBreakout.git,10
MDEwOlJlcG9zaXRvcnkzNDk0Mzc5MDQ=,2021-03-19T13:45:48Z,2026-04-30T09:43:30Z,2026-04-30T09:43:26Z,69,True,logger,halon-extras/logger,git@github.com:halon-extras/logger.git,0
MDEwOlJlcG9zaXRvcnkzNDk0MzczMDY=,2021-03-19T13:43:45Z,2026-04-30T09:44:24Z,2026-04-30T09:44:19Z,98,True,warmup,halon-extras/warmup,git@github.com:halon-extras/warmup.git,4
MDEwOlJlcG9zaXRvcnkzNDk0MzUyMjc=,2021-03-19T13:37:20Z,2026-04-30T09:41:31Z,2026-04-30T09:41:27Z,43,True,suspend-time,halon-extras/suspend-time,git@github.com:halon-extras/suspend-time.git,0
MDEwOlJlcG9zaXRvcnkzNDk0MzMwODQ=,2021-03-19T13:30:26Z,2026-04-30T09:44:19Z,2026-04-30T09:44:15Z,22,True,suspend-start,halon-extras/suspend-start,git@github.com:halon-extras/suspend-start.git,0
MDEwOlJlcG9zaXRvcnkzNDkxNzgyNTA=,2021-03-18T18:26:57Z,2026-04-30T09:42:25Z,2026-04-30T09:42:21Z,32,True,cyren,halon-extras/cyren,git@github.com:halon-extras/cyren.git,0
MDEwOlJlcG9zaXRvcnkzNDkxMDk0MjU=,2021-03-18T14:43:58Z,2026-04-23T17:01:33Z,2026-04-23T17:01:10Z,9061,False,jet_racing,saptded/jet_racing,git@github.com:saptded/jet_racing.git,0
MDEwOlJlcG9zaXRvcnkzNDkwNzUyODg=,2021-03-18T13:00:59Z,2026-04-29T18:40:54Z,2026-05-05T11:58:22Z,21134,True,ChASE,ChASE-library/ChASE,git@github.com:ChASE-library/ChASE.git,19
MDEwOlJlcG9zaXRvcnkzNDkwNjQxMjg=,2021-03-18T12:25:21Z,2026-04-29T16:31:26Z,2026-04-29T16:31:22Z,898,False,Restgoose,martim01/Restgoose,git@github.com:martim01/Restgoose.git,4
MDEwOlJlcG9zaXRvcnkzNDkwMjYzMjA=,2021-03-18T10:12:23Z,2026-04-28T13:23:35Z,2026-04-28T13:22:09Z,653,True,swedish-olympiad-2009,Kodsport/swedish-olympiad-2009,git@github.com:Kodsport/swedish-olympiad-2009.git,0
MDEwOlJlcG9zaXRvcnkzNDkwMTYyMTI=,2021-03-18T09:38:40Z,2026-04-08T22:27:40Z,2026-04-08T22:27:35Z,198,True,swedish-olympiad-1999,Kodsport/swedish-olympiad-1999,git@github.com:Kodsport/swedish-olympiad-1999.git,0
MDEwOlJlcG9zaXRvcnkzNDg5NTMzNjc=,2021-03-18T05:34:23Z,2026-04-23T16:57:03Z,2026-04-23T16:56:58Z,30877,True,agroTools,ARPA-SIMC/agroTools,git@github.com:ARPA-SIMC/agroTools.git,0
MDEwOlJlcG9zaXRvcnkzNDg4MzUyMjE=,2021-03-17T19:55:38Z,2026-04-10T12:26:29Z,2026-04-28T12:17:29Z,69,True,neo_kinematics_omnidrive2,neobotix/neo_kinematics_omnidrive2,git@github.com:neobotix/neo_kinematics_omnidrive2.git,3
MDEwOlJlcG9zaXRvcnkzNDg3NDkxMTU=,2021-03-17T14:56:40Z,2026-03-07T14:01:56Z,2026-03-07T14:01:53Z,227,False,algoritmos2,BRJoaquin/algoritmos2,git@github.com:BRJoaquin/algoritmos2.git,12
MDEwOlJlcG9zaXRvcnkzNDg3Mjc5MDk=,2021-03-17T13:52:46Z,2026-04-27T19:19:21Z,2026-04-27T19:19:18Z,389,True,akushon,ichiro-its/akushon,git@github.com:ichiro-its/akushon.git,5
MDEwOlJlcG9zaXRvcnkzNDg3MTE2NDg=,2021-03-17T13:01:46Z,2026-03-17T06:35:03Z,2026-03-17T06:34:59Z,536,True,INMOST-Graphics,INMOST-DEV/INMOST-Graphics,git@github.com:INMOST-DEV/INMOST-Graphics.git,0
MDEwOlJlcG9zaXRvcnkzNDg0MDUzNzI=,2021-03-16T15:49:25Z,2026-05-04T16:19:24Z,2026-05-04T16:11:27Z,28312,False,arcdps-extension,knoxfighter/arcdps-extension,git@github.com:knoxfighter/arcdps-extension.git,2
MDEwOlJlcG9zaXRvcnkzNDgzNzY4MTg=,2021-03-16T14:23:45Z,2026-05-05T00:15:04Z,2026-05-06T05:31:57Z,127959,False,CyberEther,luigifcruz/CyberEther,git@github.com:luigifcruz/CyberEther.git,720
MDEwOlJlcG9zaXRvcnkzNDgyMzY5MTM=,2021-03-16T06:23:20Z,2026-04-25T05:36:08Z,2026-05-06T13:48:34Z,1246,True,rmf_visualization,open-rmf/rmf_visualization,git@github.com:open-rmf/rmf_visualization.git,28
MDEwOlJlcG9zaXRvcnkzNDgxOTk2MzI=,2021-03-16T03:20:08Z,2026-03-28T11:52:02Z,2026-03-28T11:51:57Z,542,True,terminal,cutefishos/terminal,git@github.com:cutefishos/terminal.git,52
MDEwOlJlcG9zaXRvcnkzNDgxMzQ3NDc=,2021-03-15T22:00:34Z,2026-03-21T07:32:29Z,2026-03-21T07:32:56Z,326,True,koinos-block-producer,koinos/koinos-block-producer,git@github.com:koinos/koinos-block-producer.git,2
MDEwOlJlcG9zaXRvcnkzNDgxMTQ1NDc=,2021-03-15T20:33:36Z,2026-05-05T01:29:59Z,2026-05-05T01:29:56Z,9784,False,CPP_Utilities_project,Sephirothbahamut/CPP_Utilities_project,git@github.com:Sephirothbahamut/CPP_Utilities_project.git,20
MDEwOlJlcG9zaXRvcnkzNDc5MDU4MzI=,2021-03-15T09:20:57Z,2026-05-06T17:20:22Z,2026-05-06T09:12:29Z,113893,False,smplayer,smplayer-dev/smplayer,git@github.com:smplayer-dev/smplayer.git,993
MDEwOlJlcG9zaXRvcnkzNDc4OTEyOTM=,2021-03-15T08:30:50Z,2026-05-04T22:41:56Z,2026-05-07T10:08:28Z,3465,True,rousette,CESNET/rousette,git@github.com:CESNET/rousette.git,8
MDEwOlJlcG9zaXRvcnkzNDc4NDEwNDY=,2021-03-15T04:53:42Z,2026-05-05T02:07:44Z,2026-04-30T14:44:50Z,729,True,nix-eval-jobs,NixOS/nix-eval-jobs,git@github.com:NixOS/nix-eval-jobs.git,245
MDEwOlJlcG9zaXRvcnkzNDc3ODA3MDY=,2021-03-14T23:32:47Z,2026-04-29T13:00:29Z,2026-04-25T13:21:37Z,408511,True,AH-64D,AH-64D-Apache-Official-Project/AH-64D,git@github.com:AH-64D-Apache-Official-Project/AH-64D.git,27
MDEwOlJlcG9zaXRvcnkzNDc3MTg2OTc=,2021-03-14T18:24:41Z,2026-05-01T15:39:10Z,2026-05-01T15:39:06Z,26762,False,warlordsredux.altis,Gamer-Dad/warlordsredux.altis,git@github.com:Gamer-Dad/warlordsredux.altis.git,23
MDEwOlJlcG9zaXRvcnkzNDc2OTI5OTU=,2021-03-14T16:41:14Z,2026-04-27T13:18:42Z,2026-04-27T13:18:37Z,51,True,libklv,Auterion/libklv,git@github.com:Auterion/libklv.git,2
MDEwOlJlcG9zaXRvcnkzNDc2MTk0Mjc=,2021-03-14T11:35:48Z,2026-05-06T07:05:17Z,2026-05-06T07:54:18Z,78572,True,EMS-ESP32,emsesp/EMS-ESP32,git@github.com:emsesp/EMS-ESP32.git,953
MDEwOlJlcG9zaXRvcnkzNDc2MTAwNjc=,2021-03-14T10:50:19Z,2026-05-02T13:25:54Z,2026-05-04T07:46:45Z,230700,False,TBRaymarcherPlugin,tommybazar/TBRaymarcherPlugin,git@github.com:tommybazar/TBRaymarcherPlugin.git,130
MDEwOlJlcG9zaXRvcnkzNDc1MzkwNDQ=,2021-03-14T03:55:47Z,2026-04-01T22:08:47Z,2026-04-01T22:08:42Z,330,False,xrcu,lmlg/xrcu,git@github.com:lmlg/xrcu.git,1
MDEwOlJlcG9zaXRvcnkzNDczODgwMTY=,2021-03-13T14:09:26Z,2026-04-21T19:09:33Z,2026-04-21T19:09:28Z,196,True,vapoursynth-tivtc,dubhatervapoursynth/vapoursynth-tivtc,git@github.com:dubhatervapoursynth/vapoursynth-tivtc.git,20
MDEwOlJlcG9zaXRvcnkzNDcyMDIyMjA=,2021-03-12T21:28:00Z,2026-03-04T11:20:21Z,2026-03-04T11:20:17Z,296,True,sailtrack-wind,metisvela/sailtrack-wind,git@github.com:metisvela/sailtrack-wind.git,10
MDEwOlJlcG9zaXRvcnkzNDcwOTgwMzI=,2021-03-12T14:43:11Z,2026-03-26T13:28:01Z,2026-03-26T13:27:57Z,12157,False,VulkanEngine,mcarlie/VulkanEngine,git@github.com:mcarlie/VulkanEngine.git,1
MDEwOlJlcG9zaXRvcnkzNDcwNDM0NTA=,2021-03-12T11:30:53Z,2026-05-06T03:52:02Z,2026-05-06T03:51:59Z,140154,True,CelestiaUWP,celestiamobile/CelestiaUWP,git@github.com:celestiamobile/CelestiaUWP.git,11
MDEwOlJlcG9zaXRvcnkzNDY5ODk5ODA=,2021-03-12T08:11:29Z,2026-03-11T02:26:40Z,2026-03-11T02:26:04Z,549,False,CSMPM_BOW,Eydcao/CSMPM_BOW,git@github.com:Eydcao/CSMPM_BOW.git,0
MDEwOlJlcG9zaXRvcnkzNDY5NzY3MTc=,2021-03-12T07:18:31Z,2026-05-06T07:50:28Z,2026-05-06T08:31:45Z,210218,True,OpenMLDB,4paradigm/OpenMLDB,git@github.com:4paradigm/OpenMLDB.git,1681
MDEwOlJlcG9zaXRvcnkzNDY4NzE1Mzg=,2021-03-11T23:41:15Z,2026-05-06T22:56:21Z,2026-04-13T17:57:05Z,1999,True,wslg,microsoft/wslg,git@github.com:microsoft/wslg.git,11631
MDEwOlJlcG9zaXRvcnkzNDY2OTIxMjk=,2021-03-11T12:19:26Z,2026-04-26T08:53:06Z,2026-04-27T10:32:19Z,102746,False,ast2ast,Konrad1991/ast2ast,git@github.com:Konrad1991/ast2ast.git,34
MDEwOlJlcG9zaXRvcnkzNDY0NzI3MDI=,2021-03-10T19:44:11Z,2026-04-17T14:11:58Z,2026-04-17T14:11:53Z,337,True,interact,asyncvlsi/interact,git@github.com:asyncvlsi/interact.git,7
MDEwOlJlcG9zaXRvcnkzNDYzMjg3Mzc=,2021-03-10T11:15:01Z,2026-03-11T09:14:59Z,2026-03-11T09:14:56Z,259,False,SP_GMod,kosmik641/SP_GMod,git@github.com:kosmik641/SP_GMod.git,1
MDEwOlJlcG9zaXRvcnkzNDYyODE0ODY=,2021-03-10T08:16:08Z,2026-05-07T11:22:42Z,2026-04-15T23:14:51Z,1851,True,overlaybd,containerd/overlaybd,git@github.com:containerd/overlaybd.git,360
MDEwOlJlcG9zaXRvcnkzNDYyMTg5OTI=,2021-03-10T03:26:07Z,2026-05-06T19:52:08Z,2026-05-06T19:52:04Z,70110,True,block2-preview,block-hczhai/block2-preview,git@github.com:block-hczhai/block2-preview.git,109
MDEwOlJlcG9zaXRvcnkzNDYxNzQyMzY=,2021-03-09T23:36:18Z,2026-05-04T01:21:54Z,2026-05-04T01:24:16Z,3254,False,h2agent,testillano/h2agent,git@github.com:testillano/h2agent.git,11
MDEwOlJlcG9zaXRvcnkzNDYxNTczMjA=,2021-03-09T22:07:25Z,2026-05-07T08:41:29Z,2026-05-07T02:31:16Z,139702,True,pigweed,pigweed-project/pigweed,git@github.com:pigweed-project/pigweed.git,484
MDEwOlJlcG9zaXRvcnkzNDU5MzU1MTE=,2021-03-09T08:30:46Z,2026-05-07T02:34:22Z,2026-05-07T02:34:19Z,303,False,My_C-_Project,xxxyue-cen/My_C-_Project,git@github.com:xxxyue-cen/My_C-_Project.git,0
MDEwOlJlcG9zaXRvcnkzNDU4Njg0OTU=,2021-03-09T03:14:38Z,2026-04-23T07:03:55Z,2026-04-23T07:03:51Z,36008,True,RabbitTClust,RabbitBio/RabbitTClust,git@github.com:RabbitBio/RabbitTClust.git,54
MDEwOlJlcG9zaXRvcnkzNDU4NDg0NDQ=,2021-03-09T01:40:17Z,2026-03-12T11:55:58Z,2026-03-12T11:55:54Z,313,True,tflite-vx-delegate,VeriSilicon/tflite-vx-delegate,git@github.com:VeriSilicon/tflite-vx-delegate.git,48
MDEwOlJlcG9zaXRvcnkzNDU3OTAyMTk=,2021-03-08T20:46:35Z,2026-03-16T19:52:39Z,2026-03-16T19:52:35Z,114,True,Tense,Mathific/Tense,git@github.com:Mathific/Tense.git,3
MDEwOlJlcG9zaXRvcnkzNDU2NTA1MjU=,2021-03-08T12:35:55Z,2026-04-14T13:36:10Z,2026-04-14T13:35:55Z,53471,False,caravan,c2mismo/caravan,git@github.com:c2mismo/caravan.git,0
MDEwOlJlcG9zaXRvcnkzNDU2MTE2OTQ=,2021-03-08T10:08:40Z,2026-04-10T23:58:50Z,2026-05-04T16:12:59Z,722137,False,godot-opengl-4,LinuxUserGD/godot-opengl-4,git@github.com:LinuxUserGD/godot-opengl-4.git,2
MDEwOlJlcG9zaXRvcnkzNDU1OTM5NDc=,2021-03-08T09:06:40Z,2026-04-20T13:05:49Z,2026-04-21T04:39:58Z,376438,True,seismic-forward,equinor/seismic-forward,git@github.com:equinor/seismic-forward.git,13
MDEwOlJlcG9zaXRvcnkzNDU1NTU2NDI=,2021-03-08T06:39:23Z,2026-05-05T06:04:50Z,2026-05-05T07:12:04Z,3204,True,Fast-DDS-statistics-backend,eProsima/Fast-DDS-statistics-backend,git@github.com:eProsima/Fast-DDS-statistics-backend.git,23
MDEwOlJlcG9zaXRvcnkzNDU1NTU1MTQ=,2021-03-08T06:38:45Z,2026-05-06T10:20:01Z,2026-05-06T10:28:04Z,30792,True,Fast-DDS-monitor,eProsima/Fast-DDS-monitor,git@github.com:eProsima/Fast-DDS-monitor.git,76
MDEwOlJlcG9zaXRvcnkzNDU0MDY4Mjc=,2021-03-07T17:17:28Z,2026-04-23T19:34:43Z,2026-04-23T19:37:40Z,17953,True,PzGrenBtl402,PzGrenBtl-402/PzGrenBtl402,git@github.com:PzGrenBtl-402/PzGrenBtl402.git,6
MDEwOlJlcG9zaXRvcnkzNDUzNzczODY=,2021-03-07T15:10:07Z,2026-04-28T09:28:50Z,2026-04-28T09:28:45Z,6543,False,Codes,Sanjoy23/Codes,git@github.com:Sanjoy23/Codes.git,0
MDEwOlJlcG9zaXRvcnkzNDUzMTI0ODI=,2021-03-07T10:03:57Z,2026-04-23T16:44:38Z,2026-04-23T16:44:33Z,1311,False,shaman,nestordemeure/shaman,git@github.com:nestordemeure/shaman.git,14
MDEwOlJlcG9zaXRvcnkzNDUyOTI2MzQ=,2021-03-07T08:15:12Z,2026-04-24T07:26:19Z,2026-04-24T07:27:01Z,437,False,ocs-url,Vitexus/ocs-url,git@github.com:Vitexus/ocs-url.git,3
MDEwOlJlcG9zaXRvcnkzNDUwODQ3MjE=,2021-03-06T12:09:50Z,2026-05-06T15:23:01Z,2026-04-27T23:04:31Z,29734,False,LGTVCompanion,JPersson77/LGTVCompanion,git@github.com:JPersson77/LGTVCompanion.git,1354
MDEwOlJlcG9zaXRvcnkzNDQ5Nzc1ODM=,2021-03-06T01:27:49Z,2026-03-05T00:06:26Z,2026-03-05T00:06:22Z,555,True,GanitaZero,GanitaOrg/GanitaZero,git@github.com:GanitaOrg/GanitaZero.git,0
MDEwOlJlcG9zaXRvcnkzNDQ4NDk4ODk=,2021-03-05T15:19:46Z,2026-04-03T15:35:43Z,2026-04-03T15:35:37Z,59,True,ITKShape,slicersalt/ITKShape,git@github.com:slicersalt/ITKShape.git,4
MDEwOlJlcG9zaXRvcnkzNDQ4MDcxNDQ=,2021-03-05T12:40:21Z,2026-04-16T12:57:26Z,2026-04-16T12:57:22Z,4220,False,scone-studio,tgeijten/scone-studio,git@github.com:tgeijten/scone-studio.git,43
MDEwOlJlcG9zaXRvcnkzNDQ3ODM3NDQ=,2021-03-05T11:04:55Z,2026-04-28T12:09:15Z,2026-04-16T22:59:05Z,66566,False,esphome-xiaomi_bslamp2,mmakaay/esphome-xiaomi_bslamp2,git@github.com:mmakaay/esphome-xiaomi_bslamp2.git,295
MDEwOlJlcG9zaXRvcnkzNDQ3NjQ5MjQ=,2021-03-05T09:49:08Z,2026-05-03T03:59:34Z,2026-04-16T12:28:57Z,6169,False,scone-core,tgeijten/scone-core,git@github.com:tgeijten/scone-core.git,59
MDEwOlJlcG9zaXRvcnkzNDQ3MjAxMzM=,2021-03-05T06:45:28Z,2026-05-07T04:35:24Z,2026-05-07T04:34:49Z,353591,True,Arduino-Source,PokemonAutomation/Arduino-Source,git@github.com:PokemonAutomation/Arduino-Source.git,37
MDEwOlJlcG9zaXRvcnkzNDQ2NTY1NzY=,2021-03-05T01:16:40Z,2026-05-05T04:41:51Z,2026-05-06T15:09:22Z,4449,True,rmf_ros2,open-rmf/rmf_ros2,git@github.com:open-rmf/rmf_ros2.git,112
MDEwOlJlcG9zaXRvcnkzNDQ2NTUyOTc=,2021-03-05T01:10:30Z,2026-05-05T04:31:41Z,2026-05-05T04:31:37Z,2908,True,rmf_traffic,open-rmf/rmf_traffic,git@github.com:open-rmf/rmf_traffic.git,36
MDEwOlJlcG9zaXRvcnkzNDQ2NTMzMzQ=,2021-03-05T01:00:21Z,2026-04-08T06:50:36Z,2026-05-06T14:29:16Z,980,True,rmf_task,open-rmf/rmf_task,git@github.com:open-rmf/rmf_task.git,26
MDEwOlJlcG9zaXRvcnkzNDQ2NTI3MjE=,2021-03-05T00:56:50Z,2026-04-27T22:12:59Z,2026-05-04T16:23:20Z,25143,True,PeleLMeX,AMReX-Combustion/PeleLMeX,git@github.com:AMReX-Combustion/PeleLMeX.git,61
MDEwOlJlcG9zaXRvcnkzNDQ2MjA2NDY=,2021-03-04T21:59:35Z,2026-05-07T09:20:07Z,2026-05-04T09:11:44Z,20135,False,LoctekMotion_IoT,iMicknl/LoctekMotion_IoT,git@github.com:iMicknl/LoctekMotion_IoT.git,927
MDEwOlJlcG9zaXRvcnkzNDQ1NzEwMjI=,2021-03-04T18:28:12Z,2026-03-18T00:24:24Z,2026-03-18T00:25:48Z,1796203,False,oscillator-based-circadian-clock-analysis,eloch216/oscillator-based-circadian-clock-analysis,git@github.com:eloch216/oscillator-based-circadian-clock-analysis.git,1
MDEwOlJlcG9zaXRvcnkzNDQ1MzM1MTE=,2021-03-04T16:11:24Z,2026-04-30T14:04:34Z,2026-05-06T20:43:11Z,303,True,virtual-people-common,world-federation-of-advertisers/virtual-people-common,git@github.com:world-federation-of-advertisers/virtual-people-common.git,6
MDEwOlJlcG9zaXRvcnkzNDQ0NDU2Mzk=,2021-03-04T11:07:26Z,2026-05-05T13:38:12Z,2026-05-05T13:38:06Z,18344,False,qupled,fedluc/qupled,git@github.com:fedluc/qupled.git,1
MDEwOlJlcG9zaXRvcnkzNDQ0NDMzOTU=,2021-03-04T10:59:22Z,2026-05-05T14:15:14Z,2026-05-06T18:38:02Z,11528,False,books,heimdallr/books,git@github.com:heimdallr/books.git,64
MDEwOlJlcG9zaXRvcnkzNDQzNjYzNDg=,2021-03-04T05:58:17Z,2026-03-31T16:35:04Z,2026-03-31T16:34:43Z,192,False,DisplayJSONFiles,CharlesMengCA/DisplayJSONFiles,git@github.com:CharlesMengCA/DisplayJSONFiles.git,12
MDEwOlJlcG9zaXRvcnkzNDQzMzIzMjU=,2021-03-04T03:01:58Z,2026-04-30T03:00:42Z,2026-04-29T08:47:36Z,40273,True,loli_profiler,Tencent/loli_profiler,git@github.com:Tencent/loli_profiler.git,680
MDEwOlJlcG9zaXRvcnkzNDQzMjczNTU=,2021-03-04T02:37:42Z,2026-03-28T23:18:13Z,2026-03-25T18:38:23Z,53142,False,arduchess,tiberiusbrown/arduchess,git@github.com:tiberiusbrown/arduchess.git,18
MDEwOlJlcG9zaXRvcnkzNDQzMjAyNDc=,2021-03-04T02:02:45Z,2026-05-02T04:19:28Z,2026-05-06T15:16:00Z,541,True,tachimawari,ichiro-its/tachimawari,git@github.com:ichiro-its/tachimawari.git,5
MDEwOlJlcG9zaXRvcnkzNDQyMDM2NTU=,2021-03-03T17:12:55Z,2026-05-05T11:07:32Z,2026-04-26T12:49:58Z,1130,False,Valeronoi,ccoors/Valeronoi,git@github.com:ccoors/Valeronoi.git,447
MDEwOlJlcG9zaXRvcnkzNDQwNDU5MTU=,2021-03-03T07:54:20Z,2026-05-06T14:16:20Z,2026-05-06T14:04:12Z,177563,True,judecoin,Judecoin/judecoin,git@github.com:Judecoin/judecoin.git,90
MDEwOlJlcG9zaXRvcnkzNDM5MTg2MzA=,2021-03-02T21:33:01Z,2026-05-03T11:19:08Z,2026-04-30T10:26:54Z,7004,False,ingame_overlay,Nemirtingas/ingame_overlay,git@github.com:Nemirtingas/ingame_overlay.git,37
MDEwOlJlcG9zaXRvcnkzNDM4MTAxMjU=,2021-03-02T14:54:07Z,2026-03-08T22:35:33Z,2026-03-08T22:35:29Z,1763,False,TP1,DraculK/TP1,git@github.com:DraculK/TP1.git,0
MDEwOlJlcG9zaXRvcnkzNDM3NTI3OTY=,2021-03-02T11:35:47Z,2026-04-20T19:02:47Z,2026-04-20T19:02:29Z,415112,False,sailor,aantropov/sailor,git@github.com:aantropov/sailor.git,38
MDEwOlJlcG9zaXRvcnkzNDM3MDM1NjM=,2021-03-02T08:44:42Z,2026-03-04T16:39:47Z,2026-03-04T21:16:12Z,4099,True,carta-backend-deb,idia-astro/carta-backend-deb,git@github.com:idia-astro/carta-backend-deb.git,0
MDEwOlJlcG9zaXRvcnkzNDM2NDgzNTE=,2021-03-02T04:45:26Z,2026-04-28T17:42:58Z,2026-05-05T12:51:32Z,7023,True,columnar,manticoresoftware/columnar,git@github.com:manticoresoftware/columnar.git,103
MDEwOlJlcG9zaXRvcnkzNDM1OTMxNjg=,2021-03-02T00:07:11Z,2026-04-28T21:34:51Z,2026-04-28T21:34:47Z,37768,True,amrex-tutorials,AMReX-Codes/amrex-tutorials,git@github.com:AMReX-Codes/amrex-tutorials.git,82
MDEwOlJlcG9zaXRvcnkzNDM1NTY0Nzk=,2021-03-01T21:03:19Z,2026-05-03T14:10:14Z,2026-05-03T14:10:16Z,2258792,False,FANTASIA,antori82/FANTASIA,git@github.com:antori82/FANTASIA.git,33
MDEwOlJlcG9zaXRvcnkzNDM1NTQ2MzU=,2021-03-01T20:56:59Z,2026-04-28T07:14:53Z,2026-04-21T21:09:50Z,36977,False,re4_tweaks,nipkownix/re4_tweaks,git@github.com:nipkownix/re4_tweaks.git,497
MDEwOlJlcG9zaXRvcnkzNDM1NDA0MDY=,2021-03-01T19:59:14Z,2026-03-30T14:25:24Z,2026-03-30T14:24:13Z,103,True,libmspdb,IntroVirt/libmspdb,git@github.com:IntroVirt/libmspdb.git,6
MDEwOlJlcG9zaXRvcnkzNDMzNDM1NTc=,2021-03-01T08:34:34Z,2026-04-14T22:27:04Z,2026-04-14T22:27:01Z,347,False,XDemangle,horsicq/XDemangle,git@github.com:horsicq/XDemangle.git,6
MDEwOlJlcG9zaXRvcnkzNDMyNDE1MzM=,2021-02-28T23:51:02Z,2026-05-06T23:44:09Z,2026-05-06T23:44:04Z,95640,True,TrackerOnlyEmu,umd-lhcb/TrackerOnlyEmu,git@github.com:umd-lhcb/TrackerOnlyEmu.git,0
MDEwOlJlcG9zaXRvcnkzNDMyMjY2ODQ=,2021-02-28T22:13:32Z,2026-05-01T00:59:04Z,2026-04-18T11:42:14Z,2421,False,VMPK,pedrolcl/VMPK,git@github.com:pedrolcl/VMPK.git,63
MDEwOlJlcG9zaXRvcnkzNDMyMjM2NTQ=,2021-02-28T21:56:54Z,2026-04-18T11:39:42Z,2026-04-18T11:39:37Z,4489,False,drumstick,pedrolcl/drumstick,git@github.com:pedrolcl/drumstick.git,15
MDEwOlJlcG9zaXRvcnkzNDMyMjIxMTE=,2021-02-28T21:47:00Z,2026-03-15T06:02:31Z,2026-03-15T06:02:27Z,194,False,ThreadedBinarySearchTree,ioerrors/ThreadedBinarySearchTree,git@github.com:ioerrors/ThreadedBinarySearchTree.git,1
MDEwOlJlcG9zaXRvcnkzNDMxNDM1MTM=,2021-02-28T15:47:46Z,2026-05-04T12:27:15Z,2026-04-13T17:24:24Z,2419,False,nifly,ousnius/nifly,git@github.com:ousnius/nifly.git,71
MDEwOlJlcG9zaXRvcnkzNDMxMTMwNDg=,2021-02-28T13:32:29Z,2026-04-23T10:00:54Z,2026-04-28T19:30:40Z,1652,True,wonder,tu-studio/wonder,git@github.com:tu-studio/wonder.git,6
MDEwOlJlcG9zaXRvcnkzNDMwMjkwNDA=,2021-02-28T05:32:06Z,2026-03-01T14:13:21Z,2026-03-01T14:13:16Z,49233,False,competitive_programming,negi153/competitive_programming,git@github.com:negi153/competitive_programming.git,0
MDEwOlJlcG9zaXRvcnkzNDI5NTI5MTc=,2021-02-27T20:34:35Z,2026-05-03T16:18:40Z,2026-05-03T16:18:38Z,39117,True,wxUiEditor,KeyWorksRW/wxUiEditor,git@github.com:KeyWorksRW/wxUiEditor.git,108
MDEwOlJlcG9zaXRvcnkzNDI5MTk1MjI=,2021-02-27T17:44:38Z,2026-05-02T04:55:41Z,2026-03-30T15:16:05Z,48406,True,HASPone,HASwitchPlate/HASPone,git@github.com:HASwitchPlate/HASPone.git,483
MDEwOlJlcG9zaXRvcnkzNDI3MjYwNDQ=,2021-02-26T23:24:58Z,2026-03-09T17:13:51Z,2026-03-09T17:13:47Z,68,False,gibby-requires-data,ranon-rat/gibby-requires-data,git@github.com:ranon-rat/gibby-requires-data.git,8
MDEwOlJlcG9zaXRvcnkzNDI1NTI3NTI=,2021-02-26T11:18:29Z,2026-04-08T06:38:54Z,2026-04-07T01:38:52Z,360,True,lib_webview,desktop-app/lib_webview,git@github.com:desktop-app/lib_webview.git,19
MDEwOlJlcG9zaXRvcnkzNDI1MDA1ODE=,2021-02-26T07:44:18Z,2026-03-04T14:20:18Z,2026-03-04T14:20:10Z,2336,False,galax_eleves,bonben/galax_eleves,git@github.com:bonben/galax_eleves.git,19
MDEwOlJlcG9zaXRvcnkzNDI0NjcxMzc=,2021-02-26T04:55:19Z,2026-04-22T07:22:12Z,2026-03-16T16:12:17Z,92,False,aws-kms-pkcs11,JackOfMostTrades/aws-kms-pkcs11,git@github.com:JackOfMostTrades/aws-kms-pkcs11.git,60
MDEwOlJlcG9zaXRvcnkzNDIzNjkwMDI=,2021-02-25T20:21:59Z,2026-05-04T07:12:39Z,2026-05-04T07:12:38Z,1679,False,tuned-switcher,xvitaly/tuned-switcher,git@github.com:xvitaly/tuned-switcher.git,30
MDEwOlJlcG9zaXRvcnkzNDIzMzcxMzc=,2021-02-25T18:14:19Z,2026-05-06T00:17:35Z,2026-05-06T00:17:31Z,16432,False,roo_windows,dejwk/roo_windows,git@github.com:dejwk/roo_windows.git,18
MDEwOlJlcG9zaXRvcnkzNDIzMzEyNjY=,2021-02-25T17:52:47Z,2026-04-29T14:52:08Z,2026-04-29T14:51:53Z,1088,False,common,benkietzman/common,git@github.com:benkietzman/common.git,3
MDEwOlJlcG9zaXRvcnkzNDIyOTAzMzg=,2021-02-25T15:31:08Z,2026-05-01T23:01:02Z,2026-04-03T04:14:34Z,153055,False,raptoreum,Raptor3um/raptoreum,git@github.com:Raptor3um/raptoreum.git,327
MDEwOlJlcG9zaXRvcnkzNDIyODc5NTU=,2021-02-25T15:23:29Z,2026-05-07T10:30:11Z,2026-05-07T10:30:05Z,756,False,pdb,sonyps5201314/pdb,git@github.com:sonyps5201314/pdb.git,125
MDEwOlJlcG9zaXRvcnkzNDIyNzkxMjY=,2021-02-25T14:54:32Z,2026-05-04T19:39:04Z,2026-05-04T19:39:01Z,559,True,mochi-thallium,mochi-hpc/mochi-thallium,git@github.com:mochi-hpc/mochi-thallium.git,16
MDEwOlJlcG9zaXRvcnkzNDIyNDAwNjE=,2021-02-25T12:38:47Z,2026-05-01T14:17:25Z,2026-05-01T14:17:05Z,640,True,rmf_simulation,open-rmf/rmf_simulation,git@github.com:open-rmf/rmf_simulation.git,20
MDEwOlJlcG9zaXRvcnkzNDIyMjk0MDU=,2021-02-25T11:57:17Z,2026-04-22T13:17:26Z,2026-03-04T14:52:51Z,85929,False,fantascene-dynamic-wallpaper,dependon/fantascene-dynamic-wallpaper,git@github.com:dependon/fantascene-dynamic-wallpaper.git,274
MDEwOlJlcG9zaXRvcnkzNDIyMjc4Njg=,2021-02-25T11:51:30Z,2026-05-06T10:44:05Z,2026-05-06T10:44:01Z,1164,True,barrel,openSUSE/barrel,git@github.com:openSUSE/barrel.git,7
MDEwOlJlcG9zaXRvcnkzNDIxODgyNDk=,2021-02-25T09:19:44Z,2026-03-04T21:45:55Z,2026-05-06T16:49:33Z,67553,False,Terran,infirit89/Terran,git@github.com:infirit89/Terran.git,4
MDEwOlJlcG9zaXRvcnkzNDIxNDM4NDA=,2021-02-25T06:19:52Z,2026-04-06T22:25:55Z,2026-04-06T22:25:51Z,114,False,libtcod-vcpkg-template,HexDecimal/libtcod-vcpkg-template,git@github.com:HexDecimal/libtcod-vcpkg-template.git,22
MDEwOlJlcG9zaXRvcnkzNDIwMTQyNzk=,2021-02-24T19:37:45Z,2026-03-02T21:36:27Z,2026-03-02T21:38:45Z,46,True,THMXParser,LBNL-ETA/THMXParser,git@github.com:LBNL-ETA/THMXParser.git,1
MDEwOlJlcG9zaXRvcnkzNDIwMDE1NjU=,2021-02-24T18:48:34Z,2026-04-08T23:29:56Z,2026-04-08T23:30:17Z,466,True,flutter-sdk,tenjin/flutter-sdk,git@github.com:tenjin/flutter-sdk.git,1
MDEwOlJlcG9zaXRvcnkzNDE5Mjk4NzA=,2021-02-24T14:38:32Z,2026-03-15T15:44:35Z,2026-03-15T15:44:36Z,590110,True,senseglove_ros,Adjuvo/senseglove_ros,git@github.com:Adjuvo/senseglove_ros.git,9
MDEwOlJlcG9zaXRvcnkzNDE4NjAxMDM=,2021-02-24T10:17:55Z,2026-04-20T15:56:22Z,2026-04-20T15:55:40Z,259380,False,CatCruise,Raffiesaurus/CatCruise,git@github.com:Raffiesaurus/CatCruise.git,0
MDEwOlJlcG9zaXRvcnkzNDE4MjI2NTA=,2021-02-24T07:57:56Z,2026-05-01T19:09:20Z,2026-04-30T07:33:08Z,189381,False,esphome-yeelight-ceiling-light,syssi/esphome-yeelight-ceiling-light,git@github.com:syssi/esphome-yeelight-ceiling-light.git,213
MDEwOlJlcG9zaXRvcnkzNDE3NzUwOTU=,2021-02-24T04:08:22Z,2026-03-19T07:32:18Z,2026-03-19T21:46:41Z,1611589,True,NUWebots,NUbots/NUWebots,git@github.com:NUbots/NUWebots.git,8
MDEwOlJlcG9zaXRvcnkzNDE3NjUxOTM=,2021-02-24T03:18:41Z,2026-04-27T11:15:23Z,2026-04-27T11:14:52Z,246341,False,webrtc-src,egege/webrtc-src,git@github.com:egege/webrtc-src.git,13
MDEwOlJlcG9zaXRvcnkzNDE3NTE3NTE=,2021-02-24T02:15:45Z,2026-04-27T19:50:27Z,2026-04-27T19:50:21Z,263,True,domain_bridge,ros2/domain_bridge,git@github.com:ros2/domain_bridge.git,82
MDEwOlJlcG9zaXRvcnkzNDE2NTg5NjM=,2021-02-23T19:00:43Z,2026-05-07T01:07:36Z,2026-05-07T01:07:30Z,206369,True,mmCoreAndDevices,micro-manager/mmCoreAndDevices,git@github.com:micro-manager/mmCoreAndDevices.git,59
MDEwOlJlcG9zaXRvcnkzNDE2NTM0NTY=,2021-02-23T18:38:43Z,2026-04-23T21:58:28Z,2026-04-23T21:58:25Z,73,True,rcif,DUNE-DAQ/rcif,git@github.com:DUNE-DAQ/rcif.git,0
MDEwOlJlcG9zaXRvcnkzNDE2MTQ1OTU=,2021-02-23T16:18:58Z,2026-05-05T01:13:11Z,2026-04-04T15:33:55Z,4688,False,gsmartcontrol,ashaduri/gsmartcontrol,git@github.com:ashaduri/gsmartcontrol.git,677
MDEwOlJlcG9zaXRvcnkzNDE1NDI3MDY=,2021-02-23T12:09:41Z,2026-05-06T03:33:34Z,2026-03-26T11:46:08Z,365745,True,AOS,JKU-ICG/AOS,git@github.com:JKU-ICG/AOS.git,124
MDEwOlJlcG9zaXRvcnkzNDEzNTg1MDc=,2021-02-22T22:42:18Z,2026-03-14T18:13:01Z,2026-03-29T17:18:59Z,2501,False,snowcone,glguy/snowcone,git@github.com:glguy/snowcone.git,1
MDEwOlJlcG9zaXRvcnkzNDExNjc4OTQ=,2021-02-22T10:52:05Z,2026-05-03T18:45:49Z,2026-05-03T18:48:39Z,335367,False,video-simili-duplicate-cleaner,theophanemayaud/video-simili-duplicate-cleaner,git@github.com:theophanemayaud/video-simili-duplicate-cleaner.git,91
MDEwOlJlcG9zaXRvcnkzNDExNjQ4NzA=,2021-02-22T10:39:57Z,2026-04-25T02:35:40Z,2026-04-15T09:22:14Z,24182,True,HeiStream,KaHIP/HeiStream,git@github.com:KaHIP/HeiStream.git,7
MDEwOlJlcG9zaXRvcnkzNDExNDMxMDM=,2021-02-22T09:19:10Z,2026-03-15T03:24:40Z,2026-03-15T03:24:37Z,8432,False,Ashok,zenaa544/Ashok,git@github.com:zenaa544/Ashok.git,0
MDEwOlJlcG9zaXRvcnkzNDEwNDE2NzQ=,2021-02-22T01:03:45Z,2026-05-02T12:12:14Z,2026-05-04T13:44:43Z,44245,False,alpinefaction,GooberRF/alpinefaction,git@github.com:GooberRF/alpinefaction.git,20
MDEwOlJlcG9zaXRvcnkzNDEwMzY4NTE=,2021-02-22T00:34:18Z,2026-04-28T23:07:21Z,2026-04-23T21:25:04Z,25323,True,codextended-client,xtnded/codextended-client,git@github.com:xtnded/codextended-client.git,32
MDEwOlJlcG9zaXRvcnkzNDEwMDc3MDc=,2021-02-21T21:27:06Z,2026-05-06T16:58:37Z,2026-03-14T23:32:32Z,35980,False,TPFanCtrl2,Shuzhengz/TPFanCtrl2,git@github.com:Shuzhengz/TPFanCtrl2.git,491
MDEwOlJlcG9zaXRvcnkzNDA5Njk2NTg=,2021-02-21T18:10:16Z,2026-05-07T11:16:52Z,2026-04-27T20:10:25Z,7894,False,MaxPayne3.FusionFix,ThirteenAG/MaxPayne3.FusionFix,git@github.com:ThirteenAG/MaxPayne3.FusionFix.git,211
MDEwOlJlcG9zaXRvcnkzNDA5MzA0MjA=,2021-02-21T15:10:56Z,2026-04-26T13:02:15Z,2026-04-23T14:16:18Z,6792,False,Solar2MQTT-ESP8266,softwarecrash/Solar2MQTT-ESP8266,git@github.com:softwarecrash/Solar2MQTT-ESP8266.git,295
MDEwOlJlcG9zaXRvcnkzNDA4MjY0MzQ=,2021-02-21T05:38:35Z,2026-05-07T09:25:15Z,2026-05-07T09:25:11Z,2803,True,mola_lidar_odometry,MOLAorg/mola_lidar_odometry,git@github.com:MOLAorg/mola_lidar_odometry.git,109
MDEwOlJlcG9zaXRvcnkzNDA2NTcyODI=,2021-02-20T13:09:02Z,2026-04-29T09:20:55Z,2026-04-29T09:20:51Z,32991,False,OSGeo4W,jef-n/OSGeo4W,git@github.com:jef-n/OSGeo4W.git,34
MDEwOlJlcG9zaXRvcnkzNDA2MTkwOTM=,2021-02-20T09:51:56Z,2026-03-09T02:40:44Z,2026-04-29T19:32:04Z,1102,False,WaveRush,OhhhZenix/WaveRush,git@github.com:OhhhZenix/WaveRush.git,6
MDEwOlJlcG9zaXRvcnkzNDA1MzYzNDk=,2021-02-20T01:53:37Z,2026-03-30T00:00:33Z,2026-04-23T23:29:36Z,24399,False,D3PP,umby24/D3PP,git@github.com:umby24/D3PP.git,7
MDEwOlJlcG9zaXRvcnkzNDA0ODUzNjM=,2021-02-19T20:44:55Z,2026-04-29T02:36:26Z,2026-03-19T12:21:32Z,79,True,ros2_socketcan,autowarefoundation/ros2_socketcan,git@github.com:autowarefoundation/ros2_socketcan.git,180
MDEwOlJlcG9zaXRvcnkzNDA0MTc5MDg=,2021-02-19T15:55:47Z,2026-05-07T07:45:09Z,2026-05-07T00:39:09Z,13605,True,Stim,quantumlib/Stim,git@github.com:quantumlib/Stim.git,716
MDEwOlJlcG9zaXRvcnkzNDA0MDA5NTY=,2021-02-19T14:53:36Z,2026-04-07T09:52:43Z,2026-04-07T09:51:54Z,474720,True,os-openvino,pexip/os-openvino,git@github.com:pexip/os-openvino.git,0
MDEwOlJlcG9zaXRvcnkzNDAzMTkyMDQ=,2021-02-19T09:25:42Z,2026-05-06T18:47:12Z,2026-04-28T11:32:20Z,7312,True,OpenCatEsp32-Quadruped-Robot,PetoiCamp/OpenCatEsp32-Quadruped-Robot,git@github.com:PetoiCamp/OpenCatEsp32-Quadruped-Robot.git,215
MDEwOlJlcG9zaXRvcnkzNDAyNzUyNDY=,2021-02-19T06:10:51Z,2026-03-27T05:45:07Z,2026-03-17T05:44:40Z,20455,True,text-render-test,wamsoft/text-render-test,git@github.com:wamsoft/text-render-test.git,0
MDEwOlJlcG9zaXRvcnkzNDAyMTk0OTQ=,2021-02-19T00:56:12Z,2026-05-07T04:43:01Z,2026-05-07T03:53:59Z,39353,True,libjxl,libjxl/libjxl,git@github.com:libjxl/libjxl.git,3468
MDEwOlJlcG9zaXRvcnkzNDAxOTgwNzc=,2021-02-18T22:50:51Z,2026-03-29T17:35:27Z,2026-03-29T17:35:23Z,1077,False,Monophono-keyboard,Ciosepp/Monophono-keyboard,git@github.com:Ciosepp/Monophono-keyboard.git,0
MDEwOlJlcG9zaXRvcnkzNDAxMzE1NDI=,2021-02-18T17:50:39Z,2026-04-02T18:35:28Z,2026-04-02T18:35:38Z,9047,True,spiner,lanl/spiner,git@github.com:lanl/spiner.git,9
MDEwOlJlcG9zaXRvcnkzNDAwMzkzOTQ=,2021-02-18T12:13:14Z,2026-04-27T13:59:30Z,2026-04-25T11:40:50Z,55080,True,Community-Mod-Compilation-redux,GMC-Modding-Team/Community-Mod-Compilation-redux,git@github.com:GMC-Modding-Team/Community-Mod-Compilation-redux.git,29
MDEwOlJlcG9zaXRvcnkzNDAwMjA4MTY=,2021-02-18T10:55:36Z,2026-03-13T10:59:01Z,2026-03-13T10:58:57Z,3807,False,LabAnalyser,ConverterLabs/LabAnalyser,git@github.com:ConverterLabs/LabAnalyser.git,2
MDEwOlJlcG9zaXRvcnkzNDAwMDEwMTA=,2021-02-18T09:38:27Z,2026-04-08T08:42:32Z,2026-04-08T08:42:28Z,12032,True,ESP32-S2-DevKit-LiPo-USB,OLIMEX/ESP32-S2-DevKit-LiPo-USB,git@github.com:OLIMEX/ESP32-S2-DevKit-LiPo-USB.git,20
MDEwOlJlcG9zaXRvcnkzMzk5NzI3MTY=,2021-02-18T07:43:04Z,2026-04-23T21:30:12Z,2026-04-15T11:25:04Z,110073,True,maps-core,openmobilemaps/maps-core,git@github.com:openmobilemaps/maps-core.git,208
MDEwOlJlcG9zaXRvcnkzMzk5MDY5NTQ=,2021-02-18T01:53:27Z,2026-05-04T14:35:29Z,2026-05-04T14:34:06Z,91410,False,Trafodion-NativeLite,weiqxu/Trafodion-NativeLite,git@github.com:weiqxu/Trafodion-NativeLite.git,1
MDEwOlJlcG9zaXRvcnkzMzk4NjA3NTc=,2021-02-17T21:29:02Z,2026-04-26T22:40:09Z,2026-04-26T22:40:06Z,6528,True,Chroma,bsq-ports/Chroma,git@github.com:bsq-ports/Chroma.git,74
MDEwOlJlcG9zaXRvcnkzMzk4NDk2MzA=,2021-02-17T20:37:56Z,2026-04-27T11:24:26Z,2026-04-27T11:24:20Z,6149,False,vitastor,vitalif/vitastor,git@github.com:vitalif/vitastor.git,227
MDEwOlJlcG9zaXRvcnkzMzk4MTQ4MTY=,2021-02-17T18:15:06Z,2026-04-16T13:21:57Z,2026-05-01T21:13:24Z,22310,False,DearWidgets,soufianekhiat/DearWidgets,git@github.com:soufianekhiat/DearWidgets.git,318
MDEwOlJlcG9zaXRvcnkzMzk4MDg0MjM=,2021-02-17T17:50:37Z,2026-05-05T11:09:16Z,2026-04-16T09:31:14Z,1001,False,HeroesOfJinYong,soarqin/HeroesOfJinYong,git@github.com:soarqin/HeroesOfJinYong.git,24
MDEwOlJlcG9zaXRvcnkzMzk3NzY4OTk=,2021-02-17T15:59:27Z,2026-04-18T15:18:09Z,2026-04-18T15:18:04Z,4803,True,vanilla-land-vehicles,Project-Hatchet/vanilla-land-vehicles,git@github.com:Project-Hatchet/vanilla-land-vehicles.git,0
MDEwOlJlcG9zaXRvcnkzMzk3NDk2ODI=,2021-02-17T14:28:50Z,2026-03-28T08:37:35Z,2026-03-28T08:37:32Z,33680,True,minikin,wamsoft/minikin,git@github.com:wamsoft/minikin.git,0
MDEwOlJlcG9zaXRvcnkzMzk3NDQ2NTE=,2021-02-17T14:11:38Z,2026-03-28T11:45:13Z,2026-03-28T11:45:09Z,1648,False,OpenGTA,mkmkme/OpenGTA,git@github.com:mkmkme/OpenGTA.git,4
MDEwOlJlcG9zaXRvcnkzMzk3MzU4NTA=,2021-02-17T13:40:46Z,2026-04-02T11:45:38Z,2026-04-02T11:45:30Z,2316,True,arduino-i2c-stc3x,Sensirion/arduino-i2c-stc3x,git@github.com:Sensirion/arduino-i2c-stc3x.git,3
MDEwOlJlcG9zaXRvcnkzMzk2NDAyNjY=,2021-02-17T07:13:24Z,2026-05-03T15:19:52Z,2026-05-03T15:19:48Z,4154,False,gtl,whpark/gtl,git@github.com:whpark/gtl.git,1
MDEwOlJlcG9zaXRvcnkzMzk2MzQ2MTc=,2021-02-17T06:44:17Z,2026-03-02T18:27:47Z,2026-03-02T18:28:30Z,122,True,XMLParser,LBNL-ETA/XMLParser,git@github.com:LBNL-ETA/XMLParser.git,0
MDEwOlJlcG9zaXRvcnkzMzk0NjUwMDg=,2021-02-16T16:46:49Z,2026-05-07T09:22:47Z,2026-05-07T09:29:25Z,135880,False,bakabakaband,deskull-m/bakabakaband,git@github.com:deskull-m/bakabakaband.git,7
MDEwOlJlcG9zaXRvcnkzMzk0NDUxMDY=,2021-02-16T15:37:13Z,2026-04-21T15:05:22Z,2026-04-02T23:33:24Z,1721,True,IntroVirt,IntroVirt/IntroVirt,git@github.com:IntroVirt/IntroVirt.git,65
MDEwOlJlcG9zaXRvcnkzMzk0MDk2NjQ=,2021-02-16T13:36:51Z,2026-04-28T14:01:20Z,2026-04-29T19:23:55Z,230,True,k4ActsTracking,key4hep/k4ActsTracking,git@github.com:key4hep/k4ActsTracking.git,2
MDEwOlJlcG9zaXRvcnkzMzkzNjQ3MTM=,2021-02-16T10:41:31Z,2026-03-09T10:44:23Z,2026-03-09T10:44:19Z,67746,True,QameleO,CoFab-in-Bondy/QameleO,git@github.com:CoFab-in-Bondy/QameleO.git,0
MDEwOlJlcG9zaXRvcnkzMzkyMzU4NjY=,2021-02-15T23:32:05Z,2026-05-01T23:06:42Z,2026-04-21T02:48:31Z,116683,False,ModelExtras,user-grinch/ModelExtras,git@github.com:user-grinch/ModelExtras.git,43
MDEwOlJlcG9zaXRvcnkzMzkxMjc2NTA=,2021-02-15T15:54:12Z,2026-05-07T09:05:25Z,2026-05-07T09:05:19Z,8143,True,IkomiaStudio,Ikomia-dev/IkomiaStudio,git@github.com:Ikomia-dev/IkomiaStudio.git,61
MDEwOlJlcG9zaXRvcnkzMzkxMTA2NDg=,2021-02-15T14:54:02Z,2026-04-23T15:27:16Z,2026-04-23T15:27:12Z,24201,False,snowkoban,xpjb/snowkoban,git@github.com:xpjb/snowkoban.git,0
MDEwOlJlcG9zaXRvcnkzMzkxMDY1NTY=,2021-02-15T14:39:47Z,2026-04-17T10:48:45Z,2026-04-21T09:35:07Z,1913,False,GDConcMeasure,marc1uk/GDConcMeasure,git@github.com:marc1uk/GDConcMeasure.git,0
MDEwOlJlcG9zaXRvcnkzMzkwNjc5ODQ=,2021-02-15T12:17:49Z,2026-04-30T12:52:44Z,2026-04-24T08:53:17Z,3114,True,TwoPhaseFlow,DLR-RY/TwoPhaseFlow,git@github.com:DLR-RY/TwoPhaseFlow.git,108
MDEwOlJlcG9zaXRvcnkzMzkwNDA0NTY=,2021-02-15T10:26:44Z,2026-04-28T15:18:23Z,2026-05-01T16:48:20Z,7393,False,hsmcpp,igor-krechetov/hsmcpp,git@github.com:igor-krechetov/hsmcpp.git,119
MDEwOlJlcG9zaXRvcnkzMzg5MTg3NjM=,2021-02-14T22:51:47Z,2026-05-04T06:30:58Z,2026-04-23T10:27:24Z,98545,False,clang-uml,bkryza/clang-uml,git@github.com:bkryza/clang-uml.git,887
MDEwOlJlcG9zaXRvcnkzMzg4NjMzMDI=,2021-02-14T17:41:11Z,2026-04-20T14:08:47Z,2026-04-17T20:05:45Z,190982,True,OpenMBU,MBU-Team/OpenMBU,git@github.com:MBU-Team/OpenMBU.git,237
MDEwOlJlcG9zaXRvcnkzMzg4NTAzOTY=,2021-02-14T16:38:36Z,2026-05-04T09:11:31Z,2026-05-04T09:11:27Z,119,True,sparkle-cdm,Sparkle-CDM/sparkle-cdm,git@github.com:Sparkle-CDM/sparkle-cdm.git,8
MDEwOlJlcG9zaXRvcnkzMzg4NDI1MzM=,2021-02-14T16:00:26Z,2026-04-29T13:58:06Z,2026-04-29T13:58:01Z,384895,False,C4D_MMD_Tool,AiMiDi/C4D_MMD_Tool,git@github.com:AiMiDi/C4D_MMD_Tool.git,142
MDEwOlJlcG9zaXRvcnkzMzg3ODU3MzE=,2021-02-14T11:05:13Z,2026-05-07T01:09:25Z,2026-05-06T20:59:41Z,258102,True,SatDump,SatDump/SatDump,git@github.com:SatDump/SatDump.git,1963
MDEwOlJlcG9zaXRvcnkzMzg3NjUwOTU=,2021-02-14T08:59:27Z,2026-05-02T07:24:59Z,2026-05-02T07:24:54Z,2430,False,proconlib,anqooqie/proconlib,git@github.com:anqooqie/proconlib.git,2
MDEwOlJlcG9zaXRvcnkzMzg3NjE1NTA=,2021-02-14T08:35:55Z,2026-05-04T06:29:25Z,2026-05-04T06:29:21Z,209,True,coro,Felspar/coro,git@github.com:Felspar/coro.git,39
MDEwOlJlcG9zaXRvcnkzMzg3MzI0NDU=,2021-02-14T04:59:16Z,2026-04-09T15:25:07Z,2026-04-09T15:25:03Z,40578,False,doutorado,cayofontana/doutorado,git@github.com:cayofontana/doutorado.git,0
MDEwOlJlcG9zaXRvcnkzMzg3MjIzNDE=,2021-02-14T03:36:44Z,2026-05-05T10:28:55Z,2026-05-03T16:20:21Z,35678,True,b2,bfgroup/b2,git@github.com:bfgroup/b2.git,115
MDEwOlJlcG9zaXRvcnkzMzg1NDMwNjk=,2021-02-13T09:52:02Z,2026-05-04T09:27:32Z,2026-04-12T15:21:16Z,472,False,pfs,dtrugman/pfs,git@github.com:dtrugman/pfs.git,124
MDEwOlJlcG9zaXRvcnkzMzg0MzY5ODc=,2021-02-12T21:26:46Z,2026-05-05T03:45:11Z,2026-04-21T16:11:59Z,17659,False,pcrown,eadmaster/pcrown,git@github.com:eadmaster/pcrown.git,235
MDEwOlJlcG9zaXRvcnkzMzg0MjExODE=,2021-02-12T20:05:07Z,2026-05-05T08:44:47Z,2026-05-05T23:50:14Z,36643,True,gromox,grommunio/gromox,git@github.com:grommunio/gromox.git,237
MDEwOlJlcG9zaXRvcnkzMzg0MTY2MDM=,2021-02-12T19:43:27Z,2026-05-07T01:26:22Z,2026-05-07T01:26:18Z,889,True,powermon,temporal-hpc/powermon,git@github.com:temporal-hpc/powermon.git,4
MDEwOlJlcG9zaXRvcnkzMzgzNzkyMzE=,2021-02-12T16:57:57Z,2026-04-15T17:29:22Z,2026-03-31T22:37:01Z,438017,False,Oculus_Touch_Steam_Link,mm0zct/Oculus_Touch_Steam_Link,git@github.com:mm0zct/Oculus_Touch_Steam_Link.git,84
MDEwOlJlcG9zaXRvcnkzMzgzNjA4Mzc=,2021-02-12T15:44:14Z,2026-04-29T08:43:21Z,2026-04-29T08:43:15Z,8302,False,webrtc-interop,sipsorcery/webrtc-interop,git@github.com:sipsorcery/webrtc-interop.git,211
MDEwOlJlcG9zaXRvcnkzMzgzMzUzOTE=,2021-02-12T14:03:31Z,2026-05-06T16:20:31Z,2026-04-23T15:38:46Z,666,False,hoermann_door,stephan192/hoermann_door,git@github.com:stephan192/hoermann_door.git,131
MDEwOlJlcG9zaXRvcnkzMzgyOTIyMjM=,2021-02-12T10:53:45Z,2026-04-28T11:33:32Z,2026-04-28T11:33:27Z,574,True,JayD-Firmware,CircuitMess/JayD-Firmware,git@github.com:CircuitMess/JayD-Firmware.git,3
MDEwOlJlcG9zaXRvcnkzMzgyODgwMjM=,2021-02-12T10:34:44Z,2026-03-19T09:46:15Z,2026-03-19T09:46:12Z,181,False,ESP8266-BUG-I2S-MIC,aleiei/ESP8266-BUG-I2S-MIC,git@github.com:aleiei/ESP8266-BUG-I2S-MIC.git,28
MDEwOlJlcG9zaXRvcnkzMzgyNTQzNzI=,2021-02-12T07:49:25Z,2026-03-11T19:29:44Z,2026-03-11T19:29:40Z,375,False,hermes,jgomezselles/hermes,git@github.com:jgomezselles/hermes.git,11
MDEwOlJlcG9zaXRvcnkzMzgxNjQ3NzA=,2021-02-11T22:05:32Z,2026-03-11T17:26:41Z,2026-03-11T17:31:15Z,1011,True,Display-Virtualization-for-Windows-OS,intel/Display-Virtualization-for-Windows-OS,git@github.com:intel/Display-Virtualization-for-Windows-OS.git,88
MDEwOlJlcG9zaXRvcnkzMzgxMTU5MDM=,2021-02-11T18:27:59Z,2026-04-23T22:36:48Z,2026-03-28T08:41:42Z,4306,False,ELIZA,anthay/ELIZA,git@github.com:anthay/ELIZA.git,175
MDEwOlJlcG9zaXRvcnkzMzgwNTc0NDI=,2021-02-11T14:47:37Z,2026-05-05T07:45:26Z,2026-03-14T05:38:46Z,49991,True,pipy,flomesh-io/pipy,git@github.com:flomesh-io/pipy.git,829
MDEwOlJlcG9zaXRvcnkzMzc4ODA1OTc=,2021-02-10T23:19:42Z,2026-05-04T14:28:08Z,2026-05-04T14:35:44Z,75182,True,cocoa_desy1xplanck,CosmoLike/cocoa_desy1xplanck,git@github.com:CosmoLike/cocoa_desy1xplanck.git,2
MDEwOlJlcG9zaXRvcnkzMzc4NjMwOTA=,2021-02-10T21:49:14Z,2026-04-20T20:47:22Z,2026-04-17T09:29:49Z,4867,True,CAGEE,hahnlab/CAGEE,git@github.com:hahnlab/CAGEE.git,46
MDEwOlJlcG9zaXRvcnkzMzc3Njk5MTI=,2021-02-10T15:40:54Z,2026-04-25T21:46:55Z,2026-04-25T21:46:51Z,1405,False,codeforces-solutions,umairgillani93/codeforces-solutions,git@github.com:umairgillani93/codeforces-solutions.git,0
MDEwOlJlcG9zaXRvcnkzMzc3NTA0NTA=,2021-02-10T14:32:52Z,2026-05-03T21:25:09Z,2026-05-03T21:25:05Z,5630,True,Interaction-Framework,Project-Hatchet/Interaction-Framework,git@github.com:Project-Hatchet/Interaction-Framework.git,10
MDEwOlJlcG9zaXRvcnkzMzc3MjI3MzQ=,2021-02-10T12:50:33Z,2026-05-06T09:52:20Z,2026-05-06T09:52:16Z,2382,True,5HV-robot-template,emmauscollege/5HV-robot-template,git@github.com:emmauscollege/5HV-robot-template.git,0
MDEwOlJlcG9zaXRvcnkzMzc2Nzk5OTA=,2021-02-10T09:50:39Z,2026-04-30T18:21:46Z,2026-03-07T17:07:07Z,10001,False,diyBMSv4ESP32,stuartpittaway/diyBMSv4ESP32,git@github.com:stuartpittaway/diyBMSv4ESP32.git,230
MDEwOlJlcG9zaXRvcnkzMzc2NzE1NTQ=,2021-02-10T09:14:13Z,2026-04-21T11:59:49Z,2026-04-28T07:01:23Z,492949,False,DuctedFanUAV-Autopilot,mengchaoheng/DuctedFanUAV-Autopilot,git@github.com:mengchaoheng/DuctedFanUAV-Autopilot.git,10
MDEwOlJlcG9zaXRvcnkzMzc2MzMwNDU=,2021-02-10T06:05:18Z,2026-05-04T22:09:12Z,2026-05-04T22:32:01Z,1260,True,fcat,nasa-jpl/fcat,git@github.com:nasa-jpl/fcat.git,11
MDEwOlJlcG9zaXRvcnkzMzc2MzI5NzY=,2021-02-10T06:04:55Z,2026-04-24T22:24:58Z,2026-05-04T20:36:44Z,1184,True,fastcat,nasa-jpl/fastcat,git@github.com:nasa-jpl/fastcat.git,67
MDEwOlJlcG9zaXRvcnkzMzc1MzcyNTA=,2021-02-09T21:10:13Z,2026-03-09T13:08:27Z,2026-03-09T13:08:24Z,429,False,mt2,tpgillam/mt2,git@github.com:tpgillam/mt2.git,4
MDEwOlJlcG9zaXRvcnkzMzczOTk3NDQ=,2021-02-09T12:37:48Z,2026-03-27T07:49:57Z,2026-04-24T15:58:45Z,157964,False,bitcoin-core-with-ci,maflcko/bitcoin-core-with-ci,git@github.com:maflcko/bitcoin-core-with-ci.git,6
MDEwOlJlcG9zaXRvcnkzMzcyMzU1Nzc=,2021-02-08T23:13:36Z,2026-04-28T07:45:36Z,2026-05-04T14:29:37Z,9824,True,iot-hub-device-update,Azure/iot-hub-device-update,git@github.com:Azure/iot-hub-device-update.git,61
MDEwOlJlcG9zaXRvcnkzMzcyMDk0ODA=,2021-02-08T21:06:07Z,2026-03-18T16:13:08Z,2026-03-18T16:13:03Z,151,True,plotjuggler_asservstream_plugin,EsialRobotik/plotjuggler_asservstream_plugin,git@github.com:EsialRobotik/plotjuggler_asservstream_plugin.git,0
MDEwOlJlcG9zaXRvcnkzMzcxMzEyMTU=,2021-02-08T16:07:29Z,2026-05-07T09:18:02Z,2026-05-07T09:17:34Z,5477,False,XivAlexander,Soreepeong/XivAlexander,git@github.com:Soreepeong/XivAlexander.git,750
MDEwOlJlcG9zaXRvcnkzMzcwODM0NTU=,2021-02-08T13:23:06Z,2026-03-18T20:42:16Z,2026-03-18T20:42:12Z,10802,True,Corodro-Mapping-Tools,CORODRO/Corodro-Mapping-Tools,git@github.com:CORODRO/Corodro-Mapping-Tools.git,0
MDEwOlJlcG9zaXRvcnkzMzcwNzU0Njc=,2021-02-08T12:54:18Z,2026-05-01T21:40:13Z,2026-05-06T14:18:07Z,1400326,True,H-60,Project-Hatchet/H-60,git@github.com:Project-Hatchet/H-60.git,31
MDEwOlJlcG9zaXRvcnkzMzcwMjIyMDQ=,2021-02-08T09:26:45Z,2026-05-07T11:29:49Z,2026-05-07T11:29:45Z,15265,False,monad,pikmamoro/monad,git@github.com:pikmamoro/monad.git,1
MDEwOlJlcG9zaXRvcnkzMzcwMjA2MzA=,2021-02-08T09:20:40Z,2026-03-18T15:34:39Z,2026-03-22T16:46:20Z,895359,False,OpenGL_Engine,Prorok1015/OpenGL_Engine,git@github.com:Prorok1015/OpenGL_Engine.git,2
MDEwOlJlcG9zaXRvcnkzMzY5ODkzMDA=,2021-02-08T07:08:55Z,2026-04-13T02:13:48Z,2026-03-11T19:46:06Z,465218,True,M2TWEOP-library,EOP-Labs/M2TWEOP-library,git@github.com:EOP-Labs/M2TWEOP-library.git,79
MDEwOlJlcG9zaXRvcnkzMzY4NzgyMDE=,2021-02-07T20:05:16Z,2026-03-22T08:41:19Z,2026-03-20T17:13:05Z,43622,False,Foxotron,Gargaj/Foxotron,git@github.com:Gargaj/Foxotron.git,69
MDEwOlJlcG9zaXRvcnkzMzY4MTA2ODA=,2021-02-07T14:46:21Z,2026-03-16T23:03:03Z,2026-03-16T23:07:09Z,4751,False,kaltracker,ivoxavier/kaltracker,git@github.com:ivoxavier/kaltracker.git,2
MDEwOlJlcG9zaXRvcnkzMzY4MDgzMjc=,2021-02-07T14:35:37Z,2026-04-14T03:28:57Z,2026-04-14T03:28:56Z,44049,False,game_box,QQxiaoming/game_box,git@github.com:QQxiaoming/game_box.git,18
MDEwOlJlcG9zaXRvcnkzMzY3NDI2MzE=,2021-02-07T08:53:22Z,2026-05-06T01:47:31Z,2026-05-06T01:47:27Z,67603,True,hengband,hengband/hengband,git@github.com:hengband/hengband.git,86
MDEwOlJlcG9zaXRvcnkzMzY3MjIyODI=,2021-02-07T06:53:26Z,2026-03-01T07:51:10Z,2026-03-01T07:51:06Z,147353,True,physX.js,galacean/physX.js,git@github.com:galacean/physX.js.git,28
MDEwOlJlcG9zaXRvcnkzMzY2NDU4OTE=,2021-02-06T22:02:37Z,2026-04-11T20:03:58Z,2026-04-29T14:58:01Z,363,False,NCPatcher,TheGameratorT/NCPatcher,git@github.com:TheGameratorT/NCPatcher.git,26
MDEwOlJlcG9zaXRvcnkzMzY2MTg4MTM=,2021-02-06T19:27:25Z,2026-04-22T13:29:25Z,2026-04-12T10:02:56Z,2169,False,Croaster,IiemB/Croaster,git@github.com:IiemB/Croaster.git,20
MDEwOlJlcG9zaXRvcnkzMzY2MDg2NjY=,2021-02-06T18:33:53Z,2026-04-15T02:30:55Z,2026-03-28T18:19:20Z,51977,False,tube_gateways,tube0013/tube_gateways,git@github.com:tube0013/tube_gateways.git,316
MDEwOlJlcG9zaXRvcnkzMzY1NTI3Njk=,2021-02-06T14:11:44Z,2026-03-26T01:06:17Z,2026-03-17T20:38:18Z,6343,True,merklecpp,microsoft/merklecpp,git@github.com:microsoft/merklecpp.git,84
MDEwOlJlcG9zaXRvcnkzMzY0ODI0MDA=,2021-02-06T07:36:34Z,2026-05-02T14:51:27Z,2026-05-02T14:51:23Z,260,False,bitme,GeoffreyAA/bitme,git@github.com:GeoffreyAA/bitme.git,3
MDEwOlJlcG9zaXRvcnkzMzY0MTU1ODQ=,2021-02-05T23:43:53Z,2026-04-09T22:05:40Z,2026-04-09T22:05:33Z,46709,False,fallout-equestria-reloaded,Plaristote/fallout-equestria-reloaded,git@github.com:Plaristote/fallout-equestria-reloaded.git,12
MDEwOlJlcG9zaXRvcnkzMzYzOTQyODc=,2021-02-05T21:34:23Z,2026-03-12T12:32:23Z,2026-04-10T10:13:39Z,99391,True,MaMiCo,HSU-HPC/MaMiCo,git@github.com:HSU-HPC/MaMiCo.git,19
MDEwOlJlcG9zaXRvcnkzMzYzOTExMjY=,2021-02-05T21:16:57Z,2026-03-18T16:24:44Z,2026-04-15T18:04:44Z,151,True,openvino_backend,triton-inference-server/openvino_backend,git@github.com:triton-inference-server/openvino_backend.git,37
MDEwOlJlcG9zaXRvcnkzMzYzNzkxNzQ=,2021-02-05T20:17:08Z,2026-05-06T11:21:01Z,2026-05-06T11:20:57Z,4642,False,arcdps_healing_stats,Krappa322/arcdps_healing_stats,git@github.com:Krappa322/arcdps_healing_stats.git,84
MDEwOlJlcG9zaXRvcnkzMzYzMzMyMDM=,2021-02-05T16:54:11Z,2026-05-07T09:13:45Z,2026-05-07T09:13:42Z,1581,True,vecmem,acts-project/vecmem,git@github.com:acts-project/vecmem.git,20
MDEwOlJlcG9zaXRvcnkzMzYxMjA3MDQ=,2021-02-05T00:33:30Z,2026-05-04T00:49:38Z,2026-05-04T00:49:33Z,1649,True,open-dice,google/open-dice,git@github.com:google/open-dice.git,35
MDEwOlJlcG9zaXRvcnkzMzYwODgzMjI=,2021-02-04T21:33:53Z,2026-05-05T15:03:38Z,2026-05-05T15:03:30Z,750,True,PCT,RTKConsortium/PCT,git@github.com:RTKConsortium/PCT.git,5
MDEwOlJlcG9zaXRvcnkzMzYwODI2OTU=,2021-02-04T21:07:08Z,2026-05-04T22:24:41Z,2026-05-04T22:24:36Z,70,True,external-tests,dyninst/external-tests,git@github.com:dyninst/external-tests.git,0
MDEwOlJlcG9zaXRvcnkzMzYwNTE4NDU=,2021-02-04T18:51:16Z,2026-05-01T19:27:52Z,2026-04-08T07:26:04Z,50312,False,ZHMModSDK,OrfeasZ/ZHMModSDK,git@github.com:OrfeasZ/ZHMModSDK.git,247
MDEwOlJlcG9zaXRvcnkzMzU5MTM0MTA=,2021-02-04T10:08:40Z,2026-04-22T10:11:45Z,2026-04-30T07:58:35Z,651075,True,peridyno,peridyno/peridyno,git@github.com:peridyno/peridyno.git,289
MDEwOlJlcG9zaXRvcnkzMzU4NjQyNzg=,2021-02-04T06:44:35Z,2026-04-28T18:45:35Z,2026-04-15T23:47:23Z,4228,False,reaimgui,cfillion/reaimgui,git@github.com:cfillion/reaimgui.git,88
MDEwOlJlcG9zaXRvcnkzMzU3OTkyNjU=,2021-02-04T01:01:56Z,2026-05-07T04:54:42Z,2026-05-07T04:54:11Z,11554,True,simdutf,simdutf/simdutf,git@github.com:simdutf/simdutf.git,1816
MDEwOlJlcG9zaXRvcnkzMzU3NjkxNjY=,2021-02-03T22:12:00Z,2026-03-23T04:34:31Z,2026-03-23T04:34:23Z,412184,True,GambitBSM.github.io,GambitBSM/GambitBSM.github.io,git@github.com:GambitBSM/GambitBSM.github.io.git,0
MDEwOlJlcG9zaXRvcnkzMzU3NjQ4MzY=,2021-02-03T21:51:02Z,2026-04-24T01:46:31Z,2026-04-24T01:46:28Z,1693,True,maui-clip,KDE/maui-clip,git@github.com:KDE/maui-clip.git,3
MDEwOlJlcG9zaXRvcnkzMzU2ODY2MzA=,2021-02-03T16:30:30Z,2026-04-02T21:11:01Z,2026-04-02T21:10:52Z,326,True,wibmod,DUNE-DAQ/wibmod,git@github.com:DUNE-DAQ/wibmod.git,2
MDEwOlJlcG9zaXRvcnkzMzU1Mzg0MDY=,2021-02-03T07:10:34Z,2026-05-05T07:50:50Z,2026-05-05T07:50:46Z,350077,True,Documentation,RedPitaya/Documentation,git@github.com:RedPitaya/Documentation.git,6
MDEwOlJlcG9zaXRvcnkzMzU0NjExODg=,2021-02-03T00:24:39Z,2026-04-28T19:48:27Z,2026-03-30T15:36:11Z,8790,False,OWS,Dartanlla/OWS,git@github.com:Dartanlla/OWS.git,413
MDEwOlJlcG9zaXRvcnkzMzU0NTk2NjY=,2021-02-03T00:14:54Z,2026-05-07T06:12:15Z,2026-05-01T04:20:31Z,8501,True,Maude,maude-lang/Maude,git@github.com:maude-lang/Maude.git,172
MDEwOlJlcG9zaXRvcnkzMzUzOTIwNDc=,2021-02-02T18:54:31Z,2026-05-07T04:25:24Z,2026-03-14T20:44:39Z,11,True,macvdmtool,AsahiLinux/macvdmtool,git@github.com:AsahiLinux/macvdmtool.git,343
MDEwOlJlcG9zaXRvcnkzMzUzNjgzMjM=,2021-02-02T17:23:53Z,2026-04-30T02:11:20Z,2026-04-30T02:11:13Z,285513,False,AGVHybride,KaremBenChikha/AGVHybride,git@github.com:KaremBenChikha/AGVHybride.git,1
MDEwOlJlcG9zaXRvcnkzMzUzNDM5Mjg=,2021-02-02T15:59:48Z,2026-05-03T13:34:27Z,2026-05-03T13:34:24Z,716,False,Leetcode,yangfut/Leetcode,git@github.com:yangfut/Leetcode.git,0
MDEwOlJlcG9zaXRvcnkzMzUzMjc3NTM=,2021-02-02T15:05:35Z,2026-04-24T09:53:21Z,2026-04-24T09:53:10Z,52500,False,VibeRadiant,themuffinator/VibeRadiant,git@github.com:themuffinator/VibeRadiant.git,2
MDEwOlJlcG9zaXRvcnkzMzUzMjI3Mjk=,2021-02-02T14:49:43Z,2026-04-16T07:09:08Z,2026-04-17T07:40:46Z,110,False,3d-cdt,JorenB/3d-cdt,git@github.com:JorenB/3d-cdt.git,5
MDEwOlJlcG9zaXRvcnkzMzUxMTE4MjE=,2021-02-01T23:23:18Z,2026-04-26T08:53:28Z,2026-05-06T19:46:23Z,115511,False,rgl,dmurdoch/rgl,git@github.com:dmurdoch/rgl.git,100
MDEwOlJlcG9zaXRvcnkzMzUxMDExMDY=,2021-02-01T22:25:57Z,2026-05-05T21:06:32Z,2026-05-05T21:06:27Z,7824,False,dasImgui,borisbat/dasImgui,git@github.com:borisbat/dasImgui.git,1
MDEwOlJlcG9zaXRvcnkzMzUwNzYyNzE=,2021-02-01T20:31:50Z,2026-05-04T09:06:34Z,2026-05-04T09:06:29Z,5891,False,OnStepX,hjd1964/OnStepX,git@github.com:hjd1964/OnStepX.git,190
MDEwOlJlcG9zaXRvcnkzMzQ5ODUxODY=,2021-02-01T14:59:13Z,2026-05-05T15:47:19Z,2026-05-05T15:47:15Z,28536,False,carpio21,hyperpower/carpio21,git@github.com:hyperpower/carpio21.git,0
MDEwOlJlcG9zaXRvcnkzMzQ4Nzg4NDA=,2021-02-01T08:22:19Z,2026-03-09T12:28:05Z,2026-05-01T09:35:26Z,3021,True,defold-splitmix64,indiesoftby/defold-splitmix64,git@github.com:indiesoftby/defold-splitmix64.git,22
MDEwOlJlcG9zaXRvcnkzMzQ4MTY3NTI=,2021-02-01T03:15:35Z,2026-05-07T11:07:31Z,2026-05-07T11:07:26Z,459628,True,alibabacloud-cpp-sdk,aliyun/alibabacloud-cpp-sdk,git@github.com:aliyun/alibabacloud-cpp-sdk.git,10
MDEwOlJlcG9zaXRvcnkzMzQ3ODM0OTE=,2021-01-31T23:57:25Z,2026-04-22T14:53:41Z,2026-04-07T08:18:40Z,1229,True,cosmolattice,cosmolattice/cosmolattice,git@github.com:cosmolattice/cosmolattice.git,47
MDEwOlJlcG9zaXRvcnkzMzQ3MjQ4NDM=,2021-01-31T18:18:21Z,2026-04-28T01:38:11Z,2026-04-24T11:05:37Z,731,True,OpenABF,educelab/OpenABF,git@github.com:educelab/OpenABF.git,57
MDEwOlJlcG9zaXRvcnkzMzQ2MzAxMjY=,2021-01-31T10:39:13Z,2026-05-07T08:27:21Z,2026-05-03T19:17:06Z,6593,False,bg3se,Norbyte/bg3se,git@github.com:Norbyte/bg3se.git,1446
MDEwOlJlcG9zaXRvcnkzMzQ0NDQ2MDc=,2021-01-30T15:25:09Z,2026-05-03T21:55:44Z,2026-05-03T21:55:40Z,1841,False,play3rdper,ComputerElite/play3rdper,git@github.com:ComputerElite/play3rdper.git,9
MDEwOlJlcG9zaXRvcnkzMzQ0NDA3Nzc=,2021-01-30T15:08:31Z,2026-05-07T09:22:31Z,2026-04-26T21:55:20Z,274900,False,ALS-Refactored,Sixze/ALS-Refactored,git@github.com:Sixze/ALS-Refactored.git,1378
MDEwOlJlcG9zaXRvcnkzMzQ0MTQ3NzI=,2021-01-30T13:07:01Z,2026-03-27T12:38:46Z,2026-03-27T12:38:42Z,432,False,volume_controller,kurenai7968/volume_controller,git@github.com:kurenai7968/volume_controller.git,19
MDEwOlJlcG9zaXRvcnkzMzQzMzgzNDk=,2021-01-30T05:45:20Z,2026-03-29T23:25:16Z,2026-03-29T23:33:42Z,1626,False,alpharng,tectrolabs/alpharng,git@github.com:tectrolabs/alpharng.git,2
MDEwOlJlcG9zaXRvcnkzMzQzMjk2Njg=,2021-01-30T04:44:58Z,2026-05-06T17:42:36Z,2026-03-25T04:26:00Z,1003,False,potpourri3d,nmwsharp/potpourri3d,git@github.com:nmwsharp/potpourri3d.git,582
MDEwOlJlcG9zaXRvcnkzMzQyOTgyOTc=,2021-01-30T00:54:02Z,2026-03-09T18:01:12Z,2026-03-09T17:58:52Z,81,False,airline-reservation-system,erbeeen/airline-reservation-system,git@github.com:erbeeen/airline-reservation-system.git,0
MDEwOlJlcG9zaXRvcnkzMzQyOTEyNTA=,2021-01-30T00:02:41Z,2026-05-07T09:30:57Z,2026-03-18T17:55:57Z,36904,True,adreno-gpu-vulkan-code-sample-framework,SnapdragonGameStudios/adreno-gpu-vulkan-code-sample-framework,git@github.com:SnapdragonGameStudios/adreno-gpu-vulkan-code-sample-framework.git,152
MDEwOlJlcG9zaXRvcnkzMzQyNzgxMzM=,2021-01-29T22:32:59Z,2026-04-09T17:33:29Z,2026-04-15T17:45:54Z,207,True,clippy,llnl/clippy,git@github.com:llnl/clippy.git,7
MDEwOlJlcG9zaXRvcnkzMzQyNTY0NTE=,2021-01-29T20:31:49Z,2026-04-29T12:21:21Z,2026-04-29T12:21:17Z,307612,False,ep1m,maisvendoo/ep1m,git@github.com:maisvendoo/ep1m.git,1
MDEwOlJlcG9zaXRvcnkzMzQyMzc3NzM=,2021-01-29T19:04:01Z,2026-05-07T00:52:18Z,2026-03-28T17:54:40Z,225,False,Solution-to-graphics.h,ullaskunder3/Solution-to-graphics.h,git@github.com:ullaskunder3/Solution-to-graphics.h.git,57
MDEwOlJlcG9zaXRvcnkzMzQwOTY4NzM=,2021-01-29T09:29:17Z,2026-05-07T02:05:57Z,2026-05-01T07:08:36Z,9183,True,lexilla,ScintillaOrg/lexilla,git@github.com:ScintillaOrg/lexilla.git,255
MDEwOlJlcG9zaXRvcnkzMzQwOTEzMjk=,2021-01-29T09:06:21Z,2026-04-28T08:45:58Z,2026-04-28T09:18:45Z,309419,True,pingone-verify-mobile-sdk-ios,pingidentity/pingone-verify-mobile-sdk-ios,git@github.com:pingidentity/pingone-verify-mobile-sdk-ios.git,2
MDEwOlJlcG9zaXRvcnkzMzM5NjEzMTU=,2021-01-28T21:29:21Z,2026-03-30T08:42:55Z,2026-03-30T08:42:50Z,470,False,auto_start_flutter,seena98/auto_start_flutter,git@github.com:seena98/auto_start_flutter.git,10
MDEwOlJlcG9zaXRvcnkzMzM5NDYzMTQ=,2021-01-28T21:04:52Z,2026-05-06T17:16:57Z,2026-03-11T19:57:43Z,3936,True,monster-mash,google/monster-mash,git@github.com:google/monster-mash.git,1328
MDEwOlJlcG9zaXRvcnkzMzM4ODAzNzA=,2021-01-28T19:26:27Z,2026-04-30T00:22:19Z,2026-04-14T20:41:28Z,2276,False,wasm_webgpu,juj/wasm_webgpu,git@github.com:juj/wasm_webgpu.git,423
MDEwOlJlcG9zaXRvcnkzMzM4MjM3MDE=,2021-01-28T16:52:28Z,2026-05-06T16:35:56Z,2026-05-07T08:47:49Z,80003,False,fly,fly-lang/fly,git@github.com:fly-lang/fly.git,6
MDEwOlJlcG9zaXRvcnkzMzM3MTA5Mzg=,2021-01-28T09:36:32Z,2026-05-06T15:09:27Z,2026-05-06T14:53:22Z,7050,True,traccc,acts-project/traccc,git@github.com:acts-project/traccc.git,42
MDEwOlJlcG9zaXRvcnkzMzM3MDU3Nzk=,2021-01-28T09:15:59Z,2026-05-07T07:32:55Z,2026-05-07T07:32:51Z,4604,False,kcpp,arkadiuszbubak/kcpp,git@github.com:arkadiuszbubak/kcpp.git,4
MDEwOlJlcG9zaXRvcnkzMzM2MzIyMjE=,2021-01-28T03:17:57Z,2026-04-15T01:50:56Z,2026-04-15T01:50:53Z,142,False,tester.sys,grumagargler/tester.sys,git@github.com:grumagargler/tester.sys.git,12
MDEwOlJlcG9zaXRvcnkzMzM0Nzg4MDA=,2021-01-27T15:48:16Z,2026-05-05T15:21:12Z,2026-05-05T15:21:06Z,73406,True,LeviLamina,LiteLDev/LeviLamina,git@github.com:LiteLDev/LeviLamina.git,1552
MDEwOlJlcG9zaXRvcnkzMzM0NTMzMDI=,2021-01-27T14:48:46Z,2026-05-06T18:09:59Z,2026-05-06T18:09:54Z,513,True,rtcmp,BRL-CAD/rtcmp,git@github.com:BRL-CAD/rtcmp.git,0
MDEwOlJlcG9zaXRvcnkzMzM0NDU1MTY=,2021-01-27T14:23:36Z,2026-04-23T19:51:56Z,2026-04-23T19:51:51Z,26,False,smart-traffic-light,joszuijderwijk/smart-traffic-light,git@github.com:joszuijderwijk/smart-traffic-light.git,2
MDEwOlJlcG9zaXRvcnkzMzMzODcxNTM=,2021-01-27T10:42:55Z,2026-03-02T02:44:52Z,2026-03-02T02:44:28Z,190167,False,ia-ch,RedShakespeare/ia-ch,git@github.com:RedShakespeare/ia-ch.git,0
MDEwOlJlcG9zaXRvcnkzMzMyNzE5MDA=,2021-01-27T01:51:48Z,2026-05-01T20:24:59Z,2026-05-03T22:49:13Z,11114,True,mpm,geomechanics/mpm,git@github.com:geomechanics/mpm.git,84
MDEwOlJlcG9zaXRvcnkzMzI5MTA0NTk=,2021-01-25T23:12:18Z,2026-05-04T18:48:49Z,2026-05-04T20:26:01Z,4891,False,hastur,robinlinden/hastur,git@github.com:robinlinden/hastur.git,35
MDEwOlJlcG9zaXRvcnkzMzI4NDUxNTQ=,2021-01-25T18:33:22Z,2026-04-20T00:49:56Z,2026-03-29T15:35:00Z,9436,False,ticktock,ytyou/ticktock,git@github.com:ytyou/ticktock.git,89
MDEwOlJlcG9zaXRvcnkzMzI3OTI0NjM=,2021-01-25T15:29:34Z,2026-05-04T17:09:44Z,2026-04-22T09:43:45Z,25538,False,ZHMTools,OrfeasZ/ZHMTools,git@github.com:OrfeasZ/ZHMTools.git,20
MDEwOlJlcG9zaXRvcnkzMzI3NjE0Mjc=,2021-01-25T13:46:55Z,2026-04-23T14:51:41Z,2026-04-23T14:49:34Z,550,True,libhypstar,HYPERNETS/libhypstar,git@github.com:HYPERNETS/libhypstar.git,1
MDEwOlJlcG9zaXRvcnkzMzI2ODQ4MTc=,2021-01-25T08:52:35Z,2026-04-19T15:24:20Z,2026-04-19T15:24:16Z,16857,True,VIAUAV45,bmeaut/VIAUAV45,git@github.com:bmeaut/VIAUAV45.git,81
MDEwOlJlcG9zaXRvcnkzMzI1NTIyNTc=,2021-01-24T20:47:04Z,2026-04-12T02:06:42Z,2026-04-12T02:06:34Z,292,True,pikasso,KDE/pikasso,git@github.com:KDE/pikasso.git,8
MDEwOlJlcG9zaXRvcnkzMzI1Mjk2MTY=,2021-01-24T18:52:52Z,2026-03-21T16:31:11Z,2026-03-21T16:31:07Z,59,False,ggwave-spm,ggerganov/ggwave-spm,git@github.com:ggerganov/ggwave-spm.git,15
MDEwOlJlcG9zaXRvcnkzMzIzNjU4ODk=,2021-01-24T04:21:35Z,2026-04-26T19:34:45Z,2026-04-26T19:34:41Z,26459,False,spruce,gszypko/spruce,git@github.com:gszypko/spruce.git,1
MDEwOlJlcG9zaXRvcnkzMzIyNDM0MDk=,2021-01-23T15:32:21Z,2026-05-03T18:44:04Z,2026-04-19T01:33:21Z,1958,False,barkeep,oir/barkeep,git@github.com:oir/barkeep.git,231
MDEwOlJlcG9zaXRvcnkzMzIxOTk5NzA=,2021-01-23T12:02:17Z,2026-04-24T22:26:11Z,2026-03-29T13:33:30Z,727,False,comfoair-esp32,vekexasia/comfoair-esp32,git@github.com:vekexasia/comfoair-esp32.git,150
MDEwOlJlcG9zaXRvcnkzMzIxMjU1OTk=,2021-01-23T04:18:11Z,2026-05-06T19:46:47Z,2026-05-06T19:46:42Z,2378,False,qcc,qcc4cp/qcc,git@github.com:qcc4cp/qcc.git,109
MDEwOlJlcG9zaXRvcnkzMzIwNjQ3MDI=,2021-01-22T21:18:07Z,2026-05-07T03:39:13Z,2026-05-07T03:39:08Z,123,False,keyboard_event,Krysl/keyboard_event,git@github.com:Krysl/keyboard_event.git,22
MDEwOlJlcG9zaXRvcnkzMzIwNTAzMjI=,2021-01-22T20:03:56Z,2026-04-03T16:10:17Z,2026-04-03T16:10:11Z,32195,True,pipe,PipeRift/pipe,git@github.com:PipeRift/pipe.git,17
MDEwOlJlcG9zaXRvcnkzMzE5OTUxMzQ=,2021-01-22T16:04:55Z,2026-05-03T21:44:15Z,2026-05-03T21:44:12Z,7947,False,CrashMod,ComputerElite/CrashMod,git@github.com:ComputerElite/CrashMod.git,6
MDEwOlJlcG9zaXRvcnkzMzE5ODQ3NjE=,2021-01-22T15:24:58Z,2026-05-03T16:58:29Z,2026-04-24T14:38:06Z,1316,False,SPUD,sinbad/SPUD,git@github.com:sinbad/SPUD.git,564
MDEwOlJlcG9zaXRvcnkzMzE2NTYyNzg=,2021-01-21T14:40:05Z,2026-04-27T08:05:35Z,2026-04-27T08:05:51Z,137364,True,ned_ros,NiryoRobotics/ned_ros,git@github.com:NiryoRobotics/ned_ros.git,42
MDEwOlJlcG9zaXRvcnkzMzE2MDQyOTQ=,2021-01-21T11:18:05Z,2026-04-02T21:04:27Z,2026-04-02T21:04:22Z,626,True,serialization,DUNE-DAQ/serialization,git@github.com:DUNE-DAQ/serialization.git,0
MDEwOlJlcG9zaXRvcnkzMzE1OTQyMDc=,2021-01-21T10:35:22Z,2026-04-21T10:31:09Z,2026-04-21T10:31:07Z,2041,True,ThunderNanoServicesRDK,WebPlatformForEmbedded/ThunderNanoServicesRDK,git@github.com:WebPlatformForEmbedded/ThunderNanoServicesRDK.git,2
MDEwOlJlcG9zaXRvcnkzMzE0OTIwMTc=,2021-01-21T02:29:59Z,2026-03-14T19:59:37Z,2026-04-15T18:04:28Z,16,True,checksum_repository_agent,triton-inference-server/checksum_repository_agent,git@github.com:triton-inference-server/checksum_repository_agent.git,13
MDEwOlJlcG9zaXRvcnkzMzE0MzAzNjI=,2021-01-20T20:57:39Z,2026-05-06T09:30:09Z,2026-04-15T07:41:04Z,387,False,sdkgenny,cursey/sdkgenny,git@github.com:cursey/sdkgenny.git,129
MDEwOlJlcG9zaXRvcnkzMzEzODA4Njc=,2021-01-20T17:30:44Z,2026-05-04T16:55:41Z,2026-05-06T14:07:03Z,1924,True,picotool,raspberrypi/picotool,git@github.com:raspberrypi/picotool.git,916
MDEwOlJlcG9zaXRvcnkzMzEzODA2MjQ=,2021-01-20T17:29:44Z,2026-05-05T15:57:36Z,2026-05-06T19:34:44Z,22682,True,MATAR,lanl/MATAR,git@github.com:lanl/MATAR.git,33
MDEwOlJlcG9zaXRvcnkzMzEzMjIwODk=,2021-01-20T13:55:27Z,2026-04-28T09:56:32Z,2026-04-28T09:56:27Z,118,True,webtest,cloudnative-pg/webtest,git@github.com:cloudnative-pg/webtest.git,5
MDEwOlJlcG9zaXRvcnkzMzEyNzkwMzY=,2021-01-20T11:00:30Z,2026-05-06T23:19:59Z,2026-05-07T02:27:25Z,57261,False,zpaqfranz,fcorbelli/zpaqfranz,git@github.com:fcorbelli/zpaqfranz.git,463
MDEwOlJlcG9zaXRvcnkzMzEyMDA4MzU=,2021-01-20T05:18:50Z,2026-05-05T14:05:05Z,2026-05-05T14:04:58Z,191062,False,MetaHookSv,hzqst/MetaHookSv,git@github.com:hzqst/MetaHookSv.git,229
MDEwOlJlcG9zaXRvcnkzMzExOTA3MjY=,2021-01-20T04:18:47Z,2026-04-24T06:02:30Z,2026-04-24T06:02:24Z,1295,False,CompetitiveProgramming,vamsitallapudi/CompetitiveProgramming,git@github.com:vamsitallapudi/CompetitiveProgramming.git,1
MDEwOlJlcG9zaXRvcnkzMzExMTQ2ODI=,2021-01-19T21:30:45Z,2026-05-06T19:07:33Z,2026-05-06T19:07:26Z,20385,False,dekaf2,ridgeware/dekaf2,git@github.com:ridgeware/dekaf2.git,1
MDEwOlJlcG9zaXRvcnkzMzEwNDk0MTY=,2021-01-19T16:58:20Z,2026-05-06T17:34:55Z,2026-05-07T11:24:53Z,226485,True,MaCh3,mach3-software/MaCh3,git@github.com:mach3-software/MaCh3.git,12
MDEwOlJlcG9zaXRvcnkzMzEwNDcxMzE=,2021-01-19T16:49:07Z,2026-03-11T19:04:06Z,2026-03-11T19:04:03Z,1255,False,SignalK-Orientation,BjarneBitscrambler/SignalK-Orientation,git@github.com:BjarneBitscrambler/SignalK-Orientation.git,10
MDEwOlJlcG9zaXRvcnkzMzEwNDUzMjA=,2021-01-19T16:42:36Z,2026-04-16T10:32:46Z,2026-04-16T10:32:43Z,77,True,TwoPunctures,GRTLCollaboration/TwoPunctures,git@github.com:GRTLCollaboration/TwoPunctures.git,3
MDEwOlJlcG9zaXRvcnkzMzA5ODc3NTk=,2021-01-19T13:23:49Z,2026-04-19T07:38:08Z,2026-04-30T05:19:12Z,104649,False,gfx,gboisse/gfx,git@github.com:gboisse/gfx.git,525
MDEwOlJlcG9zaXRvcnkzMzA5Nzc0NjQ=,2021-01-19T12:47:11Z,2026-04-30T02:21:45Z,2026-04-26T06:37:02Z,252,False,obs-audio-monitor,exeldro/obs-audio-monitor,git@github.com:exeldro/obs-audio-monitor.git,374
MDEwOlJlcG9zaXRvcnkzMzA5NzY2NjU=,2021-01-19T12:44:07Z,2026-05-06T14:43:01Z,2026-05-06T14:29:56Z,23715,True,pdb-redo-session-manager,PDB-REDO/pdb-redo-session-manager,git@github.com:PDB-REDO/pdb-redo-session-manager.git,1
MDEwOlJlcG9zaXRvcnkzMzA4MTQwMDY=,2021-01-18T23:45:56Z,2026-05-05T22:57:39Z,2026-05-05T22:57:35Z,9665,True,OpenJK,clone-army/OpenJK,git@github.com:clone-army/OpenJK.git,0
MDEwOlJlcG9zaXRvcnkzMzA3MjI2ODE=,2021-01-18T16:21:20Z,2026-04-11T08:04:32Z,2026-04-11T08:04:27Z,152,False,lgtbot-mirai,Slontia/lgtbot-mirai,git@github.com:Slontia/lgtbot-mirai.git,7
MDEwOlJlcG9zaXRvcnkzMzA3MTE2OTE=,2021-01-18T15:38:56Z,2026-05-06T23:01:03Z,2026-05-06T23:00:59Z,270,False,XShortcuts,horsicq/XShortcuts,git@github.com:horsicq/XShortcuts.git,5
MDEwOlJlcG9zaXRvcnkzMzA2NzYwMzU=,2021-01-18T13:32:44Z,2026-04-23T21:57:19Z,2026-04-23T21:57:16Z,678,True,flxlibs,DUNE-DAQ/flxlibs,git@github.com:DUNE-DAQ/flxlibs.git,3
MDEwOlJlcG9zaXRvcnkzMzA2NTIwNzg=,2021-01-18T11:59:22Z,2026-04-29T19:08:56Z,2026-04-22T08:16:35Z,22413,True,Agile-Model-Based-Systems-Engineering-Cookbook,PacktPublishing/Agile-Model-Based-Systems-Engineering-Cookbook,git@github.com:PacktPublishing/Agile-Model-Based-Systems-Engineering-Cookbook.git,34
MDEwOlJlcG9zaXRvcnkzMzA2NDIzNjE=,2021-01-18T11:17:02Z,2026-03-29T19:57:09Z,2026-03-29T19:57:04Z,2784,False,SUSAN,rsanchezloayza/SUSAN,git@github.com:rsanchezloayza/SUSAN.git,10
MDEwOlJlcG9zaXRvcnkzMzA2MTg4ODQ=,2021-01-18T09:39:42Z,2026-04-01T09:24:17Z,2026-04-01T09:24:04Z,7409,True,gpx_connector,GPXenergy/gpx_connector,git@github.com:GPXenergy/gpx_connector.git,1
MDEwOlJlcG9zaXRvcnkzMzA1ODkwOTE=,2021-01-18T07:35:54Z,2026-04-21T13:29:26Z,2026-04-21T13:29:20Z,231,True,rc_genicam_driver_ros2,roboception/rc_genicam_driver_ros2,git@github.com:roboception/rc_genicam_driver_ros2.git,6
MDEwOlJlcG9zaXRvcnkzMzA1NzY2NDk=,2021-01-18T06:36:04Z,2026-05-07T10:48:47Z,2026-05-07T10:48:41Z,16897,False,media-downloader,mhogomchungu/media-downloader,git@github.com:mhogomchungu/media-downloader.git,4442
MDEwOlJlcG9zaXRvcnkzMzA1MjI4OTE=,2021-01-18T01:22:03Z,2026-04-16T21:52:17Z,2026-04-16T15:08:07Z,5189,True,RetroED,RSDKModding/RetroED,git@github.com:RSDKModding/RetroED.git,44
MDEwOlJlcG9zaXRvcnkzMzA0NjY3Njc=,2021-01-17T19:11:42Z,2026-03-16T17:50:42Z,2026-03-16T17:50:38Z,147754,True,nebula-demo,gscept/nebula-demo,git@github.com:gscept/nebula-demo.git,4
MDEwOlJlcG9zaXRvcnkzMzA0Mjc2NDQ=,2021-01-17T15:53:04Z,2026-03-30T12:25:03Z,2026-03-30T12:24:58Z,38407,False,tsd_multivariate,bramkuijper/tsd_multivariate,git@github.com:bramkuijper/tsd_multivariate.git,0
MDEwOlJlcG9zaXRvcnkzMzAzOTc3Mjg=,2021-01-17T13:31:21Z,2026-04-22T12:13:46Z,2026-04-22T12:13:43Z,63,False,Multiplex,RobTillaart/Multiplex,git@github.com:RobTillaart/Multiplex.git,8
MDEwOlJlcG9zaXRvcnkzMzAzNTU0Nzk=,2021-01-17T09:27:58Z,2026-05-07T11:31:15Z,2026-04-25T06:34:29Z,27706,False,wiliwili,xfangfang/wiliwili,git@github.com:xfangfang/wiliwili.git,5121
MDEwOlJlcG9zaXRvcnkzMzAyNDg1OTM=,2021-01-16T20:17:59Z,2026-05-06T22:07:48Z,2026-05-06T22:07:44Z,21024,False,heisenberg,profitviews/heisenberg,git@github.com:profitviews/heisenberg.git,71
MDEwOlJlcG9zaXRvcnkzMzAyNDQyOTU=,2021-01-16T19:51:55Z,2026-05-03T18:17:42Z,2026-05-02T08:38:01Z,40684,True,libsidplayfp,libsidplayfp/libsidplayfp,git@github.com:libsidplayfp/libsidplayfp.git,91
MDEwOlJlcG9zaXRvcnkzMzAyMjY4Nzc=,2021-01-16T18:15:54Z,2026-04-16T10:40:21Z,2026-04-16T10:40:17Z,896,False,sg-mcu-lts,avepha/sg-mcu-lts,git@github.com:avepha/sg-mcu-lts.git,0
MDEwOlJlcG9zaXRvcnkzMzAyMjY0MTY=,2021-01-16T18:13:27Z,2026-05-02T01:52:37Z,2026-05-02T01:52:33Z,30193,True,chalet,chalet-org/chalet,git@github.com:chalet-org/chalet.git,123
MDEwOlJlcG9zaXRvcnkzMzAxODc3MTk=,2021-01-16T15:02:12Z,2026-05-05T06:09:37Z,2026-05-05T06:09:33Z,1285577,False,The-Cessna-172-Project-V3,CaptainBobSim/The-Cessna-172-Project-V3,git@github.com:CaptainBobSim/The-Cessna-172-Project-V3.git,120
MDEwOlJlcG9zaXRvcnkzMzAxNDEzMTE=,2021-01-16T10:54:17Z,2026-04-24T18:07:22Z,2026-04-24T18:08:49Z,10349,False,vdr-plugin-live,MarkusEh/vdr-plugin-live,git@github.com:MarkusEh/vdr-plugin-live.git,10
MDEwOlJlcG9zaXRvcnkzMjk5MDI5ODg=,2021-01-15T12:14:24Z,2026-04-09T06:58:25Z,2026-03-31T08:11:32Z,261,True,CefViewCore,CefView/CefViewCore,git@github.com:CefView/CefViewCore.git,132
MDEwOlJlcG9zaXRvcnkzMjk4OTMwMDI=,2021-01-15T11:27:19Z,2026-04-13T17:03:20Z,2026-04-13T17:03:15Z,2348,True,trill-neopixel,BelaPlatform/trill-neopixel,git@github.com:BelaPlatform/trill-neopixel.git,1
MDEwOlJlcG9zaXRvcnkzMjk4OTA1Nzg=,2021-01-15T11:16:01Z,2026-04-08T18:14:53Z,2026-04-08T18:14:49Z,41,True,interruptor,mongodb-js/interruptor,git@github.com:mongodb-js/interruptor.git,4
MDEwOlJlcG9zaXRvcnkzMjk4MzQ2MDY=,2021-01-15T07:02:19Z,2026-04-20T14:56:41Z,2026-04-20T14:56:37Z,550004,False,docs,blynkkk/docs,git@github.com:blynkkk/docs.git,11
MDEwOlJlcG9zaXRvcnkzMjk4MDg1MjY=,2021-01-15T04:29:48Z,2026-04-15T08:58:20Z,2026-04-15T08:58:15Z,1090,False,LibStevi,french-paragon/LibStevi,git@github.com:french-paragon/LibStevi.git,8
MDEwOlJlcG9zaXRvcnkzMjk3NDc3NTQ=,2021-01-14T22:17:54Z,2026-04-12T04:02:47Z,2026-05-07T09:01:31Z,478702,True,GRAB,GeneticAnalysisinBiobanks/GRAB,git@github.com:GeneticAnalysisinBiobanks/GRAB.git,7
MDEwOlJlcG9zaXRvcnkzMjk3NDM3MDM=,2021-01-14T21:54:51Z,2026-04-30T09:39:57Z,2026-03-26T15:16:18Z,2117,True,photino.Native,tryphotino/photino.Native,git@github.com:tryphotino/photino.Native.git,176
MDEwOlJlcG9zaXRvcnkzMjk2NjQyOTM=,2021-01-14T16:00:06Z,2026-04-26T12:35:23Z,2026-04-26T12:35:18Z,3480,True,exit-options,MX-Linux/exit-options,git@github.com:MX-Linux/exit-options.git,1
MDEwOlJlcG9zaXRvcnkzMjk2NTQzMjY=,2021-01-14T15:23:13Z,2026-03-16T15:12:56Z,2026-03-16T15:12:52Z,393,True,Arduino_Portenta_OTA,arduino-libraries/Arduino_Portenta_OTA,git@github.com:arduino-libraries/Arduino_Portenta_OTA.git,20
MDEwOlJlcG9zaXRvcnkzMjk2NDkyNzQ=,2021-01-14T15:04:07Z,2026-04-16T16:54:17Z,2026-05-07T02:03:23Z,1433,True,sbnanaobj,SBNSoftware/sbnanaobj,git@github.com:SBNSoftware/sbnanaobj.git,6
MDEwOlJlcG9zaXRvcnkzMjk2NDI4ODA=,2021-01-14T14:41:00Z,2026-04-17T17:28:21Z,2026-05-06T09:20:32Z,7336,True,jeolib-jiplib,ec-jrc/jeolib-jiplib,git@github.com:ec-jrc/jeolib-jiplib.git,0
MDEwOlJlcG9zaXRvcnkzMjk1NjA3MDE=,2021-01-14T09:02:38Z,2026-04-01T14:42:47Z,2026-04-01T14:42:21Z,17,True,ci-submodule-helper,poncateam/ci-submodule-helper,git@github.com:poncateam/ci-submodule-helper.git,1
MDEwOlJlcG9zaXRvcnkzMjkzNDY1NzY=,2021-01-13T15:15:31Z,2026-04-17T20:47:45Z,2026-04-17T20:47:42Z,652,False,sdrx,johanhedin/sdrx,git@github.com:johanhedin/sdrx.git,8
MDEwOlJlcG9zaXRvcnkzMjkzMzg4OTE=,2021-01-13T14:48:50Z,2026-05-07T09:38:18Z,2026-05-07T09:38:14Z,1887,False,config-contract-checker,asadalaziz/config-contract-checker,git@github.com:asadalaziz/config-contract-checker.git,0
MDEwOlJlcG9zaXRvcnkzMjkyNjY3Mjc=,2021-01-13T10:08:10Z,2026-04-26T06:42:03Z,2026-04-23T11:35:13Z,172048,False,turbo,ptal/turbo,git@github.com:ptal/turbo.git,42
MDEwOlJlcG9zaXRvcnkzMjkyMjU1MDc=,2021-01-13T07:19:55Z,2026-05-07T03:05:23Z,2026-05-03T05:05:32Z,20328,True,simpleble,simpleble/simpleble,git@github.com:simpleble/simpleble.git,1068
MDEwOlJlcG9zaXRvcnkzMjkxNDg4Nzg=,2021-01-13T00:26:30Z,2026-03-31T19:25:39Z,2026-03-31T20:04:37Z,190882,False,chimes_calculator,rk-lindsey/chimes_calculator,git@github.com:rk-lindsey/chimes_calculator.git,25
MDEwOlJlcG9zaXRvcnkzMjkxMTc3NDc=,2021-01-12T21:32:15Z,2026-05-04T20:27:58Z,2026-05-04T20:27:53Z,8745,True,FEBioWarp,febiosoftware/FEBioWarp,git@github.com:febiosoftware/FEBioWarp.git,0
MDEwOlJlcG9zaXRvcnkzMjkxMTY3Mzc=,2021-01-12T21:27:33Z,2026-05-04T20:29:41Z,2026-05-04T20:29:30Z,4181,True,FEBioChem,febiosoftware/FEBioChem,git@github.com:febiosoftware/FEBioChem.git,1
MDEwOlJlcG9zaXRvcnkzMjkxMTU2Njc=,2021-01-12T21:22:10Z,2026-05-04T20:29:07Z,2026-05-04T20:28:44Z,2540,True,FEBioHeat,febiosoftware/FEBioHeat,git@github.com:febiosoftware/FEBioHeat.git,2
MDEwOlJlcG9zaXRvcnkzMjkxMTEwOTc=,2021-01-12T21:00:33Z,2026-05-06T00:42:37Z,2026-05-06T00:42:33Z,618226,True,R2DTool,NHERI-SimCenter/R2DTool,git@github.com:NHERI-SimCenter/R2DTool.git,6
MDEwOlJlcG9zaXRvcnkzMjkwNjM3MjY=,2021-01-12T17:37:23Z,2026-04-29T13:34:44Z,2026-05-04T14:40:12Z,24269,True,grpc-device,ni/grpc-device,git@github.com:ni/grpc-device.git,84
MDEwOlJlcG9zaXRvcnkzMjkwNDk2MTc=,2021-01-12T16:42:38Z,2026-03-13T17:45:31Z,2026-05-06T05:18:17Z,50499,True,Marmot,MAteRialMOdelingToolbox/Marmot,git@github.com:MAteRialMOdelingToolbox/Marmot.git,28
MDEwOlJlcG9zaXRvcnkzMjg5NzUzMzk=,2021-01-12T12:09:59Z,2026-05-06T20:47:41Z,2026-05-06T20:47:49Z,107,True,async_web_server_cpp,fkie/async_web_server_cpp,git@github.com:fkie/async_web_server_cpp.git,12
MDEwOlJlcG9zaXRvcnkzMjg4OTcyNjI=,2021-01-12T06:47:10Z,2026-04-02T11:00:05Z,2026-05-05T18:59:09Z,270,True,Abaqus-MarmotInterface,MAteRialMOdelingToolbox/Abaqus-MarmotInterface,git@github.com:MAteRialMOdelingToolbox/Abaqus-MarmotInterface.git,1
MDEwOlJlcG9zaXRvcnkzMjg3OTY1Mzc=,2021-01-11T21:32:09Z,2026-05-04T21:53:12Z,2026-05-04T21:53:06Z,15113,False,foo_openlyrics,jacquesh/foo_openlyrics,git@github.com:jacquesh/foo_openlyrics.git,570
MDEwOlJlcG9zaXRvcnkzMjg3ODMxMjU=,2021-01-11T20:27:04Z,2026-04-16T09:30:45Z,2026-03-28T22:13:54Z,10366,False,wordclock,t0mg/wordclock,git@github.com:t0mg/wordclock.git,89
MDEwOlJlcG9zaXRvcnkzMjg3ODA0MDk=,2021-01-11T20:14:32Z,2026-04-24T21:21:39Z,2026-05-04T16:54:46Z,75185,True,quandary,llnl/quandary,git@github.com:llnl/quandary.git,57
MDEwOlJlcG9zaXRvcnkzMjg3MTY5OTU=,2021-01-11T16:00:42Z,2026-05-04T07:47:02Z,2026-05-06T12:03:27Z,1347747,True,cheerp-compiler,leaningtech/cheerp-compiler,git@github.com:leaningtech/cheerp-compiler.git,356
MDEwOlJlcG9zaXRvcnkzMjg2NDc5MjA=,2021-01-11T11:52:44Z,2026-04-30T03:35:49Z,2026-04-09T08:28:14Z,26882,True,leanstore,leanstore/leanstore,git@github.com:leanstore/leanstore.git,625
MDEwOlJlcG9zaXRvcnkzMjg2MTgwOTQ=,2021-01-11T09:52:40Z,2026-04-30T09:50:07Z,2026-04-30T09:50:03Z,12544,True,Interaction-Lab,ima-nyush/Interaction-Lab,git@github.com:ima-nyush/Interaction-Lab.git,1
MDEwOlJlcG9zaXRvcnkzMjg1NTI0Njk=,2021-01-11T04:54:18Z,2026-04-29T17:27:52Z,2026-04-29T17:27:49Z,193,False,NetLibDirectshowCapture,charlescao460/NetLibDirectshowCapture,git@github.com:charlescao460/NetLibDirectshowCapture.git,12
MDEwOlJlcG9zaXRvcnkzMjg0NjEwNjQ=,2021-01-10T19:21:29Z,2026-05-01T06:38:23Z,2026-04-25T22:50:59Z,50,False,rawz,sekrit-twc/rawz,git@github.com:sekrit-twc/rawz.git,5
MDEwOlJlcG9zaXRvcnkzMjgzOTU0MjI=,2021-01-10T13:57:14Z,2026-04-22T15:33:25Z,2026-04-22T15:34:06Z,1420,False,extension-imgui,britzl/extension-imgui,git@github.com:britzl/extension-imgui.git,77
MDEwOlJlcG9zaXRvcnkzMjgzOTMyOTE=,2021-01-10T13:47:14Z,2026-03-28T23:30:46Z,2026-03-28T23:30:42Z,7992,False,WSAmateur,longagofaraway/WSAmateur,git@github.com:longagofaraway/WSAmateur.git,5
MDEwOlJlcG9zaXRvcnkzMjgyOTQyMTU=,2021-01-10T03:20:27Z,2026-04-29T13:27:30Z,2026-04-29T13:27:00Z,42284,False,LGUI,liufei2008/LGUI,git@github.com:liufei2008/LGUI.git,59
MDEwOlJlcG9zaXRvcnkzMjgyNTU0Mzg=,2021-01-09T22:08:55Z,2026-04-24T04:30:43Z,2026-04-24T04:30:38Z,1134,True,BH,Project-Diablo-2/BH,git@github.com:Project-Diablo-2/BH.git,30
MDEwOlJlcG9zaXRvcnkzMjgxNjAzODY=,2021-01-09T13:23:42Z,2026-05-07T03:29:18Z,2026-05-07T03:29:14Z,12872,False,Arduino_related_projects,mzymcm/Arduino_related_projects,git@github.com:mzymcm/Arduino_related_projects.git,0
MDEwOlJlcG9zaXRvcnkzMjgwOTI2NzM=,2021-01-09T06:41:38Z,2026-05-01T23:34:07Z,2026-04-12T08:28:39Z,968,True,SparkFun_u-blox_GNSS_Arduino_Library,sparkfun/SparkFun_u-blox_GNSS_Arduino_Library,git@github.com:sparkfun/SparkFun_u-blox_GNSS_Arduino_Library.git,281
MDEwOlJlcG9zaXRvcnkzMjc4ODUxODE=,2021-01-08T11:34:19Z,2026-05-07T06:41:02Z,2026-04-13T08:58:44Z,777,False,opencv-mobile,nihui/opencv-mobile,git@github.com:nihui/opencv-mobile.git,3274
MDEwOlJlcG9zaXRvcnkzMjc4ODQyNzY=,2021-01-08T11:30:01Z,2026-05-07T09:53:44Z,2026-05-07T09:53:50Z,1843,True,sick_safetyscanners2,SICKAG/sick_safetyscanners2,git@github.com:SICKAG/sick_safetyscanners2.git,36
MDEwOlJlcG9zaXRvcnkzMjc3ODAwNjc=,2021-01-08T02:40:23Z,2026-05-05T02:17:33Z,2026-05-05T02:17:32Z,3672205,True,tesseract_planning,tesseract-robotics/tesseract_planning,git@github.com:tesseract-robotics/tesseract_planning.git,73
MDEwOlJlcG9zaXRvcnkzMjc3MzY2NDU=,2021-01-07T22:13:58Z,2026-04-24T23:29:44Z,2026-04-24T23:35:11Z,18826,False,ACE,mcygorek/ACE,git@github.com:mcygorek/ACE.git,16
MDEwOlJlcG9zaXRvcnkzMjc3MDc1MDc=,2021-01-07T19:35:44Z,2026-04-24T12:12:36Z,2026-04-24T12:12:32Z,108,True,blaster,tamminenlab/blaster,git@github.com:tamminenlab/blaster.git,14
MDEwOlJlcG9zaXRvcnkzMjc2OTM1MzE=,2021-01-07T18:27:30Z,2026-04-29T20:02:02Z,2026-04-29T20:01:57Z,59,False,Bpod_HiFi_Firmware,sanworks/Bpod_HiFi_Firmware,git@github.com:sanworks/Bpod_HiFi_Firmware.git,3
MDEwOlJlcG9zaXRvcnkzMjc2Njg5ODk=,2021-01-07T16:38:26Z,2026-03-04T16:23:31Z,2026-03-04T16:22:37Z,124,True,fuzzer-challenges,AFLplusplus/fuzzer-challenges,git@github.com:AFLplusplus/fuzzer-challenges.git,73
MDEwOlJlcG9zaXRvcnkzMjc2MjgwNTI=,2021-01-07T13:59:52Z,2026-05-06T17:55:56Z,2026-05-06T18:06:29Z,43731,False,klog,ea4k/klog,git@github.com:ea4k/klog.git,97
MDEwOlJlcG9zaXRvcnkzMjc2MjQ0MzI=,2021-01-07T13:45:41Z,2026-04-17T19:45:12Z,2026-05-06T12:44:50Z,9194,True,simbricks,simbricks/simbricks,git@github.com:simbricks/simbricks.git,174
MDEwOlJlcG9zaXRvcnkzMjc1OTYyOTY=,2021-01-07T11:48:46Z,2026-04-29T16:27:26Z,2026-05-06T13:54:06Z,9283,True,restG4,rest-for-physics/restG4,git@github.com:rest-for-physics/restG4.git,3
MDEwOlJlcG9zaXRvcnkzMjc0NDg3MzA=,2021-01-06T23:02:07Z,2026-05-07T00:44:34Z,2026-05-07T00:44:31Z,532,True,kio-s3,KDE/kio-s3,git@github.com:KDE/kio-s3.git,20
MDEwOlJlcG9zaXRvcnkzMjczNzQ3ODg=,2021-01-06T16:53:49Z,2026-04-26T11:50:28Z,2026-04-23T08:36:44Z,226003,True,wonkey,wonkey-coders/wonkey,git@github.com:wonkey-coders/wonkey.git,144
MDEwOlJlcG9zaXRvcnkzMjcwMzc3OTc=,2021-01-05T15:19:37Z,2026-04-09T12:53:54Z,2026-04-14T12:39:22Z,491321,True,qtbase,reMarkable/qtbase,git@github.com:reMarkable/qtbase.git,2
MDEwOlJlcG9zaXRvcnkzMjY5Mzk3MTM=,2021-01-05T08:49:01Z,2026-05-04T14:10:15Z,2026-05-04T14:07:17Z,8762,False,Jimara,TheDonsky/Jimara,git@github.com:TheDonsky/Jimara.git,18
MDEwOlJlcG9zaXRvcnkzMjY5MDE4MDc=,2021-01-05T05:59:01Z,2026-05-06T07:58:10Z,2026-05-06T06:24:01Z,66237,True,aui,aui-framework/aui,git@github.com:aui-framework/aui.git,553
MDEwOlJlcG9zaXRvcnkzMjY4NjA1ODc=,2021-01-05T02:10:57Z,2026-05-03T03:51:00Z,2026-05-03T03:50:56Z,961,False,Unrar.swift,mtgto/Unrar.swift,git@github.com:mtgto/Unrar.swift.git,39
MDEwOlJlcG9zaXRvcnkzMjY4MzMzOTU=,2021-01-04T23:32:54Z,2026-05-01T10:23:34Z,2026-05-01T10:23:30Z,1703,True,codegen,OpenSpace/codegen,git@github.com:OpenSpace/codegen.git,2
MDEwOlJlcG9zaXRvcnkzMjY3NTYwMDE=,2021-01-04T17:18:21Z,2026-03-03T01:00:28Z,2026-03-03T01:00:24Z,10784,False,theWheel,dg1an3/theWheel,git@github.com:dg1an3/theWheel.git,1
MDEwOlJlcG9zaXRvcnkzMjY2NzUyMzU=,2021-01-04T12:22:29Z,2026-04-26T00:30:30Z,2026-04-26T00:30:26Z,24346,True,openal-soft,sailfishos-mirror/openal-soft,git@github.com:sailfishos-mirror/openal-soft.git,0
MDEwOlJlcG9zaXRvcnkzMjY2NjY2MTg=,2021-01-04T11:47:09Z,2026-05-06T14:42:05Z,2026-05-06T14:22:24Z,69283,True,Synth,eTextile/Synth,git@github.com:eTextile/Synth.git,13
MDEwOlJlcG9zaXRvcnkzMjY1ODczNzM=,2021-01-04T06:12:13Z,2026-05-03T02:28:47Z,2026-05-03T02:28:44Z,286,False,SkyStar,keptan/SkyStar,git@github.com:keptan/SkyStar.git,0
MDEwOlJlcG9zaXRvcnkzMjY1MjQyMjk=,2021-01-03T23:52:56Z,2026-05-07T10:37:12Z,2026-05-06T12:03:01Z,20826,True,iaito,radareorg/iaito,git@github.com:radareorg/iaito.git,1611
MDEwOlJlcG9zaXRvcnkzMjY0NDExODg=,2021-01-03T15:42:00Z,2026-05-06T20:49:43Z,2026-04-15T11:05:20Z,67916,True,OpenCat-Quadruped-Robot,PetoiCamp/OpenCat-Quadruped-Robot,git@github.com:PetoiCamp/OpenCat-Quadruped-Robot.git,4791
MDEwOlJlcG9zaXRvcnkzMjY0MTM1NTI=,2021-01-03T13:28:36Z,2026-04-04T03:58:44Z,2026-04-04T03:58:36Z,27103,False,ioccc-ja-spoilers,mame/ioccc-ja-spoilers,git@github.com:mame/ioccc-ja-spoilers.git,11
MDEwOlJlcG9zaXRvcnkzMjYzMjQ4ODI=,2021-01-03T04:12:13Z,2026-05-04T15:58:32Z,2026-05-04T15:58:27Z,1055854,False,UntitledGameEngine,TheNumberYellow/UntitledGameEngine,git@github.com:TheNumberYellow/UntitledGameEngine.git,1
MDEwOlJlcG9zaXRvcnkzMjYxNTc2MDQ=,2021-01-02T10:23:13Z,2026-04-15T05:26:17Z,2026-04-20T09:34:13Z,2935,False,algo,kuhaku-space/algo,git@github.com:kuhaku-space/algo.git,0
MDEwOlJlcG9zaXRvcnkzMjYxMDgwMTA=,2021-01-02T04:27:57Z,2026-03-14T09:09:15Z,2026-03-14T09:09:11Z,273,False,RaspberryPiMPU,TSKangetsu/RaspberryPiMPU,git@github.com:TSKangetsu/RaspberryPiMPU.git,0
MDEwOlJlcG9zaXRvcnkzMjU5OTYxNDA=,2021-01-01T14:38:59Z,2026-04-16T14:38:46Z,2026-04-16T14:38:33Z,55087,False,chromebase,WangTingMan/chromebase,git@github.com:WangTingMan/chromebase.git,27
MDEwOlJlcG9zaXRvcnkzMjU5MzcxNTQ=,2021-01-01T07:38:08Z,2026-04-25T06:39:47Z,2026-04-27T07:08:07Z,280211,False,Smartie-Sorter,pieterberg/Smartie-Sorter,git@github.com:pieterberg/Smartie-Sorter.git,1
MDEwOlJlcG9zaXRvcnkzMjU5MDcyNTM=,2021-01-01T02:52:03Z,2026-05-03T07:42:58Z,2026-05-03T07:42:54Z,341004,True,Mod,SynixeContractors/Mod,git@github.com:SynixeContractors/Mod.git,0