
$ cmake --build build -j  (cwd=repos/paimon-cpp)

[TIMEOUT after 1800s]
[  0%] Creating directories for 'fmt_ep'
[  1%] Creating directories for 'zlib_ep'
[  1%] Creating directories for 'snappy_ep'
[  1%] Building C object third_party/xxhash/CMakeFiles/xxhash.dir/xxhash.c.o
[  1%] Building CXX object third_party/roaring_bitmap/CMakeFiles/roaring_bitmap.dir/roaring.cpp.o
[  1%] Creating directories for 're2_ep'
[  1%] Creating directories for 'zstd_ep'
[  1%] Creating directories for 'tbb_ep'
[  1%] Creating directories for 'rapidjson_ep'
[  1%] Creating directories for 'lz4_ep'
[  1%] Creating directories for 'glog_ep'
[  2%] Performing download step (download, verify and extract) for 'zlib_ep'
[  2%] Performing download step (download, verify and extract) for 'snappy_ep'
[  2%] Performing download step (download, verify and extract) for 'zstd_ep'
[  2%] Performing download step (download, verify and extract) for 'glog_ep'
[  2%] Performing download step (download, verify and extract) for 'fmt_ep'
[  2%] Performing download step (download, verify and extract) for 'tbb_ep'
[  2%] Performing download step (download, verify and extract) for 'rapidjson_ep'
[  2%] Performing download step (download, verify and extract) for 're2_ep'
[  3%] Performing download step (download, verify and extract) for 'lz4_ep'
-- Downloading...
   dst='/gpfs/work5/0/prjs2109/dataset/repos/paimon-cpp/build/tbb_ep-prefix/src/v2021.13.0.tar.gz'
   timeout='none'
   inactivity timeout='none'
-- Using src='https://github.com/uxlfoundation/oneTBB/archive/refs/tags/v2021.13.0.tar.gz'
-- Downloading...
   dst='/gpfs/work5/0/prjs2109/dataset/repos/paimon-cpp/build/rapidjson_ep-prefix/src/232389d4f1012dddec4ef84861face2d2ba85709.tar.gz'
   timeout='none'
   inactivity timeout='none'
-- Using src='https://github.com/miloyip/rapidjson/archive/232389d4f1012dddec4ef84861face2d2ba85709.tar.gz'
-- Downloading...
   dst='/gpfs/work5/0/prjs2109/dataset/repos/paimon-cpp/build/glog_ep-prefix/src/v0.7.1.tar.gz'
   timeout='none'
   inactivity timeout='none'
-- Using src='https://github.com/google/glog/archive/v0.7.1.tar.gz'
-- verifying file...
       file='/gpfs/work5/0/prjs2109/dataset/repos/paimon-cpp/build/glog_ep-prefix/src/v0.7.1.tar.gz'
-- Downloading... done
-- [download 1% complete]
-- [download 2% complete]
-- [download 3% complete]
-- [download 5% complete]
-- [download 6% complete]
-- [download 7% complete]
-- [download 8% complete]
-- [download 9% complete]
-- [download 11% complete]
-- [download 12% complete]
-- [download 13% complete]
-- [download 15% complete]
-- [download 16% complete]
-- [download 18% complete]
-- [download 19% complete]
-- [download 20% complete]
-- [download 22% complete]
-- [download 23% complete]
-- [download 24% complete]
-- [download 26% complete]
-- [download 27% complete]
-- [download 28% complete]
-- [download 30% complete]
-- [download 31% complete]
-- [download 33% complete]
-- [download 34% complete]
-- [download 35% complete]
-- [download 37% complete]
-- [download 38% complete]
-- [download 39% complete]
-- [download 41% complete]
-- [download 42% complete]
-- [download 43% complete]
-- [download 45% complete]
-- [download 46% complete]
-- [download 48% complete]
-- [download 49% complete]
-- [download 50% complete]
-- [download 51% complete]
-- [download 53% complete]
-- [download 54% complete]
-- [download 56% complete]
-- [download 57% complete]
-- [download 58% complete]
-- [download 60% complete]
-- [download 61% complete]
-- [download 62% complete]
-- [download 64% complete]
-- [download 65% complete]
-- [download 66% complete]
-- [download 67% complete]
-- [download 69% complete]
-- [download 70% complete]
-- [download 71% complete]
-- [download 73% complete]
-- [download 74% complete]
-- [download 75% complete]
-- [download 77% complete]
-- [download 78% complete]
-- [download 79% complete]
-- [download 81% complete]
-- [download 82% complete]
-- [download 83% complete]
-- [download 85% complete]
-- [download 86% complete]
-- [download 87% complete]
-- [download 89% complete]
-- [download 90% complete]
-- [download 91% complete]
-- [download 93% complete]
-- [download 94% complete]
-- [download 95% complete]
-- [download 97% complete]
-- [download 98% complete]
-- [download 99% complete]
-- [download 100% complete]
-- verifying file...
       file='/gpfs/work5/0/prjs2109/dataset/repos/paimon-cpp/build/rapidjson_ep-prefix/src/232389d4f1012dddec4ef84861face2d2ba85709.tar.gz'
-- Downloading... done
-- extracting...
     src='/gpfs/work5/0/prjs2109/dataset/repos/paimon-cpp/build/glog_ep-prefix/src/v0.7.1.tar.gz'
     dst='/gpfs/work5/0/prjs2109/dataset/repos/paimon-cpp/build/glog_ep-prefix/src/glog_ep'
-- extracting... [tar xfz]
-- verifying file...
       file='/gpfs/work5/0/prjs2109/dataset/repos/paimon-cpp/build/tbb_ep-prefix/src/v2021.13.0.tar.gz'
-- Downloading... done
-- extracting...
     src='/gpfs/work5/0/prjs2109/dataset/repos/paimon-cpp/build/rapidjson_ep-prefix/src/232389d4f1012dddec4ef84861face2d2ba85709.tar.gz'
     dst='/gpfs/work5/0/prjs2109/dataset/repos/paimon-cpp/build/rapidjson_ep-prefix/src/rapidjson_ep'
-- extracting... [tar xfz]
-- extracting...
     src='/gpfs/work5/0/prjs2109/dataset/repos/paimon-cpp/build/tbb_ep-prefix/src/v2021.13.0.tar.gz'
     dst='/gpfs/work5/0/prjs2109/dataset/repos/paimon-cpp/build/tbb_ep-prefix/src/tbb_ep'
-- extracting... [tar xfz]
-- extracting... [analysis]
-- extracting... [rename]
-- extracting... [clean up]
-- extracting... done
[  3%] No update step for 'glog_ep'
-- snappy_ep download command succeeded.  See also /gpfs/work5/0/prjs2109/dataset/repos/paimon-cpp/build/snappy_ep-prefix/src/snappy_ep-stamp/snappy_ep-download-*.log
[  4%] No patch step for 'glog_ep'
[  4%] No update step for 'snappy_ep'
-- fmt_ep download command succeeded.  See also /gpfs/work5/0/prjs2109/dataset/repos/paimon-cpp/build/fmt_ep-prefix/src/fmt_ep-stamp/fmt_ep-download-*.log
-- re2_ep download command succeeded.  See also /gpfs/work5/0/prjs2109/dataset/repos/paimon-cpp/build/re2_ep-prefix/src/re2_ep-stamp/re2_ep-download-*.log
[  4%] Performing configure step for 'glog_ep'
[  4%] No update step for 'fmt_ep'
[  4%] No patch step for 'snappy_ep'
[  4%] No update step for 're2_ep'
-- zlib_ep download command succeeded.  See also /gpfs/work5/0/prjs2109/dataset/repos/paimon-cpp/build/zlib_ep-prefix/src/zlib_ep-stamp/zlib_ep-download-*.log
[  4%] No patch step for 'fmt_ep'
-- lz4_ep download command succeeded.  See also /gpfs/work5/0/prjs2109/dataset/repos/paimon-cpp/build/lz4_ep-prefix/src/lz4_ep-stamp/lz4_ep-download-*.log
[  4%] Performing configure step for 'snappy_ep'
-- extracting... [analysis]
-- extracting... [rename]
[  4%] No patch step for 're2_ep'
-- extracting... [clean up]
-- extracting... done
[  4%] No update step for 'zlib_ep'
[  4%] No update step for 'lz4_ep'
[  4%] Performing configure step for 'fmt_ep'
[  4%] No update step for 'rapidjson_ep'
-- The CXX compiler identification is GNU 14.2.0
[  4%] Performing configure step for 're2_ep'
-- Detecting CXX compiler ABI info
[  4%] No patch step for 'zlib_ep'
[  4%] No patch step for 'lz4_ep'
[  5%] No patch step for 'rapidjson_ep'
[  5%] Performing configure step for 'zlib_ep'
[  5%] Performing configure step for 'lz4_ep'
[  5%] Linking C static library ../../release/libxxhash.a
[  5%] Performing configure step for 'rapidjson_ep'
-- zstd_ep download command succeeded.  See also /gpfs/work5/0/prjs2109/dataset/repos/paimon-cpp/build/zstd_ep-prefix/src/zstd_ep-stamp/zstd_ep-download-*.log
CMake Deprecation Warning at CMakeLists.txt:1 (CMAKE_MINIMUM_REQUIRED):
  Compatibility with CMake < 3.10 will be removed from a future version of
  CMake.

  Update the VERSION argument <min> value.  Or, use the <min>...<max> syntax
  to tell CMake that the project requires at least <min> but has been updated
  to work with policies introduced by <max> or earlier.


[  5%] Built target xxhash
[  6%] No update step for 'zstd_ep'
-- Detecting CXX compiler ABI info - done
[  6%] No patch step for 'zstd_ep'
-- Check for working CXX compiler: /sw/arch/RHEL9/EB_production/2025/software/GCCcore/14.2.0/bin/c++ - skipped
-- Detecting CXX compile features
-- Detecting CXX compile features - done
-- The CXX compiler identification is GNU 14.2.0
-- Detecting CXX compiler ABI info
-- Performing Test CMAKE_HAVE_LIBC_PTHREAD
[  7%] Performing configure step for 'zstd_ep'
-- extracting... [analysis]
-- extracting... [rename]
-- extracting... [clean up]
-- extracting... done
-- fmt_ep configure command succeeded.  See also /gpfs/work5/0/prjs2109/dataset/repos/paimon-cpp/build/fmt_ep-prefix/src/fmt_ep-stamp/fmt_ep-configure-*.log
[  7%] No update step for 'tbb_ep'
[  7%] Performing build step for 'fmt_ep'
-- Detecting CXX compiler ABI info - done
[  8%] No patch step for 'tbb_ep'
-- Check for working CXX compiler: /sw/arch/RHEL9/EB_production/2025/software/GCCcore/14.2.0/bin/c++ - skipped
-- Detecting CXX compile features
-- Detecting CXX compile features - done
CMake Warning (dev) at CMakeLists.txt:167 (add_custom_command):
  Exactly one of PRE_BUILD, PRE_LINK, or POST_BUILD must be given.  Assuming
  POST_BUILD to preserve backward compatibility.

  Policy CMP0175 is not set: add_custom_command() rejects invalid arguments.
  Run "cmake --help-policy CMP0175" for policy details.  Use the cmake_policy
  command to set the policy and suppress this warning.
This warning is for project developers.  Use -Wno-dev to suppress it.

-- Configuring done (3.4s)
-- Generating done (0.1s)
CMake Warning:
  Manually-specified variables were not used by the project:

    BUILD_SHARED_LIBS
    BUILD_STATIC_LIBS
    BUILD_TESTING
    CMAKE_C_COMPILER
    CMAKE_C_FLAGS
    CMAKE_INSTALL_LIBDIR
    CMAKE_POLICY_VERSION_MINIMUM


-- Build files have been written to: /gpfs/work5/0/prjs2109/dataset/repos/paimon-cpp/build/rapidjson_ep-prefix/src/rapidjson_ep-build
-- Performing Test CMAKE_HAVE_LIBC_PTHREAD - Success
-- Found Threads: TRUE
-- Could NOT find Unwind (missing: Unwind_INCLUDE_DIR Unwind_LIBRARY) 
-- Looking for C++ include dlfcn.h
[  8%] Performing configure step for 'tbb_ep'
[  9%] Performing build step for 'rapidjson_ep'
CMake Deprecation Warning at CMakeLists.txt:15 (cmake_minimum_required):
  Compatibility with CMake < 3.10 will be removed from a future version of
  CMake.

  Update the VERSION argument <min> value.  Or, use the <min>...<max> syntax
  to tell CMake that the project requires at least <min> but has been updated
  to work with policies introduced by <max> or earlier.


-- The CXX compiler identification is GNU 14.2.0
-- Detecting CXX compiler ABI info
[  9%] Performing install step for 'rapidjson_ep'
-- Looking for C++ include dlfcn.h - found
-- Looking for C++ include elf.h
Install the project...
-- Install configuration: "RELEASE"
-- Installing: /gpfs/work5/0/prjs2109/dataset/repos/paimon-cpp/build/rapidjson_ep-install/lib/pkgconfig/RapidJSON.pc
-- Installing: /gpfs/work5/0/prjs2109/dataset/repos/paimon-cpp/build/rapidjson_ep-install/share/doc/RapidJSON/readme.md
-- Installing: /gpfs/work5/0/prjs2109/dataset/repos/paimon-cpp/build/rapidjson_ep-install/include/rapidjson
-- Installing: /gpfs/work5/0/prjs2109/dataset/repos/paimon-cpp/build/rapidjson_ep-install/include/rapidjson/encodings.h
-- Installing: /gpfs/work5/0/prjs2109/dataset/repos/paimon-cpp/build/rapidjson_ep-install/include/rapidjson/internal
-- Installing: /gpfs/work5/0/prjs2109/dataset/repos/paimon-cpp/build/rapidjson_ep-install/include/rapidjson/internal/swap.h
-- Installing: /gpfs/work5/0/prjs2109/dataset/repos/paimon-cpp/build/rapidjson_ep-install/include/rapidjson/internal/dtoa.h
-- Installing: /gpfs/work5/0/prjs2109/dataset/repos/paimon-cpp/build/rapidjson_ep-install/include/rapidjson/internal/meta.h
-- Installing: /gpfs/work5/0/prjs2109/dataset/repos/paimon-cpp/build/rapidjson_ep-install/include/rapidjson/internal/biginteger.h
-- Installing: /gpfs/work5/0/prjs2109/dataset/repos/paimon-cpp/build/rapidjson_ep-install/include/rapidjson/internal/strfunc.h
-- Installing: /gpfs/work5/0/prjs2109/dataset/repos/paimon-cpp/build/rapidjson_ep-install/include/rapidjson/internal/stack.h
-- Installing: /gpfs/work5/0/prjs2109/dataset/repos/paimon-cpp/build/rapidjson_ep-install/include/rapidjson/internal/itoa.h
-- Installing: /gpfs/work5/0/prjs2109/dataset/repos/paimon-cpp/build/rapidjson_ep-install/include/rapidjson/internal/strtod.h
-- Installing: /gpfs/work5/0/prjs2109/dataset/repos/paimon-cpp/build/rapidjson_ep-install/include/rapidjson/internal/pow10.h
-- Installing: /gpfs/work5/0/prjs2109/dataset/repos/paimon-cpp/build/rapidjson_ep-install/include/rapidjson/internal/diyfp.h
-- Installing: /gpfs/work5/0/prjs2109/dataset/repos/paimon-cpp/build/rapidjson_ep-install/include/rapidjson/internal/ieee754.h
-- Installing: /gpfs/work5/0/prjs2109/dataset/repos/paimon-cpp/build/rapidjson_ep-install/include/rapidjson/internal/regex.h
-- Installing: /gpfs/work5/0/prjs2109/dataset/repos/paimon-cpp/build/rapidjson_ep-install/include/rapidjson/internal/clzll.h
-- Installing: /gpfs/work5/0/prjs2109/dataset/repos/paimon-cpp/build/rapidjson_ep-install/include/rapidjson/schema.h
-- Installing: /gpfs/work5/0/prjs2109/dataset/repos/paimon-cpp/build/rapidjson_ep-install/include/rapidjson/uri.h
-- Installing: /gpfs/work5/0/prjs2109/dataset/repos/paimon-cpp/build/rapidjson_ep-install/include/rapidjson/istreamwrapper.h
-- Installing: /gpfs/work5/0/prjs2109/dataset/repos/paimon-cpp/build/rapidjson_ep-install/include/rapidjson/fwd.h
-- Installing: /gpfs/work5/0/prjs2109/dataset/repos/paimon-cpp/build/rapidjson_ep-install/include/rapidjson/error
-- Installing: /gpfs/work5/0/prjs2109/dataset/repos/paimon-cpp/build/rapidjson_ep-install/include/rapidjson/error/en.h
-- Installing: /gpfs/work5/0/prjs2109/dataset/repos/paimon-cpp/build/rapidjson_ep-install/include/rapidjson/error/error.h
-- Installing: /gpfs/work5/0/prjs2109/dataset/repos/paimon-cpp/build/rapidjson_ep-install/include/rapidjson/document.h
-- Installing: /gpfs/work5/0/prjs2109/dataset/repos/paimon-cpp/build/rapidjson_ep-install/include/rapidjson/msinttypes
-- Installing: /gpfs/work5/0/prjs2109/dataset/repos/paimon-cpp/build/rapidjson_ep-install/include/rapidjson/msinttypes/inttypes.h
-- Installing: /gpfs/work5/0/prjs2109/dataset/repos/paimon-cpp/build/rapidjson_ep-install/include/rapidjson/msinttypes/stdint.h
-- Installing: /gpfs/work5/0/prjs2109/dataset/repos/paimon-cpp/build/rapidjson_ep-install/include/rapidjson/prettywriter.h
-- Installing: /gpfs/work5/0/prjs2109/dataset/repos/paimon-cpp/build/rapidjson_ep-install/include/rapidjson/filewritestream.h
-- Installing: /gpfs/work5/0/prjs2109/dataset/repos/paimon-cpp/build/rapidjson_ep-install/include/rapidjson/writer.h
-- Installing: /gpfs/work5/0/prjs2109/dataset/repos/paimon-cpp/build/rapidjson_ep-install/include/rapidjson/memorystream.h
-- Installing: /gpfs/work5/0/prjs2109/dataset/repos/paimon-cpp/build/rapidjson_ep-install/include/rapidjson/reader.h
-- Installing: /gpfs/work5/0/prjs2109/dataset/repos/paimon-cpp/build/rapidjson_ep-install/include/rapidjson/stringbuffer.h
-- Installing: /gpfs/work5/0/prjs2109/dataset/repos/paimon-cpp/build/rapidjson_ep-install/include/rapidjson/pointer.h
-- Installing: /gpfs/work5/0/prjs2109/dataset/repos/paimon-cpp/build/rapidjson_ep-install/include/rapidjson/filereadstream.h
-- Installing: /gpfs/work5/0/prjs2109/dataset/repos/paimon-cpp/build/rapidjson_ep-install/include/rapidjson/ostreamwrapper.h
-- Installing: /gpfs/work5/0/prjs2109/dataset/repos/paimon-cpp/build/rapidjson_ep-install/include/rapidjson/rapidjson.h
-- Installing: /gpfs/work5/0/prjs2109/dataset/repos/paimon-cpp/build/rapidjson_ep-install/include/rapidjson/memorybuffer.h
-- Installing: /gpfs/work5/0/prjs2109/dataset/repos/paimon-cpp/build/rapidjson_ep-install/include/rapidjson/cursorstreamwrapper.h
-- Installing: /gpfs/work5/0/prjs2109/dataset/repos/paimon-cpp/build/rapidjson_ep-install/include/rapidjson/encodedstream.h
-- Installing: /gpfs/work5/0/prjs2109/dataset/repos/paimon-cpp/build/rapidjson_ep-install/include/rapidjson/allocators.h
-- Installing: /gpfs/work5/0/prjs2109/dataset/repos/paimon-cpp/build/rapidjson_ep-install/include/rapidjson/stream.h
-- Installing: /gpfs/work5/0/prjs2109/dataset/repos/paimon-cpp/build/rapidjson_ep-install/share/doc/RapidJSON/examples
-- Installing: /gpfs/work5/0/prjs2109/dataset/repos/paimon-cpp/build/rapidjson_ep-install/share/doc/RapidJSON/examples/traverseaspointer.cpp
-- Installing: /gpfs/work5/0/prjs2109/dataset/repos/paimon-cpp/build/rapidjson_ep-install/share/doc/RapidJSON/examples/jsonx
-- Installing: /gpfs/work5/0/prjs2109/dataset/repos/paimon-cpp/build/rapidjson_ep-install/share/doc/RapidJSON/examples/jsonx/jsonx.cpp
-- Installing: /gpfs/work5/0/prjs2109/dataset/repos/paimon-cpp/build/rapidjson_ep-install/share/doc/RapidJSON/examples/filterkey
-- Installing: /gpfs/work5/0/prjs2109/dataset/repos/paimon-cpp/build/rapidjson_ep-install/share/doc/RapidJSON/examples/filterkey/filterkey.cpp
-- Installing: /gpfs/work5/0/prjs2109/dataset/repos/paimon-cpp/build/rapidjson_ep-install/share/doc/RapidJSON/examples/prettyauto
-- Installing: /gpfs/work5/0/prjs2109/dataset/repos/paimon-cpp/build/rapidjson_ep-install/share/doc/RapidJSON/examples/prettyauto/prettyauto.cpp
-- Installing: /gpfs/work5/0/prjs2109/dataset/repos/paimon-cpp/build/rapidjson_ep-install/share/doc/RapidJSON/examples/archiver
-- Installing: /gpfs/work5/0/prjs2109/dataset/repos/paimon-cpp/build/rapidjson_ep-install/share/doc/RapidJSON/examples/archiver/archiver.cpp
-- Installing: /gpfs/work5/0/prjs2109/dataset/repos/paimon-cpp/build/rapidjson_ep-install/share/doc/RapidJSON/examples/archiver/archiver.h
-- Installing: /gpfs/work5/0/prjs2109/dataset/repos/paimon-cpp/build/rapidjson_ep-install/share/doc/RapidJSON/examples/archiver/archivertest.cpp
-- Installing: /gpfs/work5/0/prjs2109/dataset/repos/paimon-cpp/build/rapidjson_ep-install/share/doc/RapidJSON/examples/sortkeys
-- Installing: /gpfs/work5/0/prjs2109/dataset/repos/paimon-cpp/build/rapidjson_ep-install/share/doc/RapidJSON/examples/sortkeys/sortkeys.cpp
-- Installing: /gpfs/work5/0/prjs2109/dataset/repos/paimon-cpp/build/rapidjson_ep-install/share/doc/RapidJSON/examples/CMakeLists.txt
-- Installing: /gpfs/work5/0/prjs2109/dataset/repos/paimon-cpp/build/rapidjson_ep-install/share/doc/RapidJSON/examples/messagereader
-- Installing: /gpfs/work5/0/prjs2109/dataset/repos/paimon-cpp/build/rapidjson_ep-install/share/doc/RapidJSON/examples/messagereader/messagereader.cpp
-- Installing: /gpfs/work5/0/prjs2109/dataset/repos/paimon-cpp/build/rapidjson_ep-install/share/doc/RapidJSON/examples/filterkeydom
-- Installing: /gpfs/work5/0/prjs2109/dataset/repos/paimon-cpp/build/rapidjson_ep-install/share/doc/RapidJSON/examples/filterkeydom/filterkeydom.cpp
-- Installing: /gpfs/work5/0/prjs2109/dataset/repos/paimon-cpp/build/rapidjson_ep-install/share/doc/RapidJSON/examples/capitalize
-- Installing: /gpfs/work5/0/prjs2109/dataset/repos/paimon-cpp/build/rapidjson_ep-install/share/doc/RapidJSON/examples/capitalize/capitalize.cpp
-- Installing: /gpfs/work5/0/prjs2109/dataset/repos/paimon-cpp/build/rapidjson_ep-install/share/doc/RapidJSON/examples/tutorial
-- Installing: /gpfs/work5/0/prjs2109/dataset/repos/paimon-cpp/build/rapidjson_ep-install/share/doc/RapidJSON/examples/tutorial/tutorial.cpp
-- Installing: /gpfs/work5/0/prjs2109/dataset/repos/paimon-cpp/build/rapidjson_ep-install/share/doc/RapidJSON/examples/simplewriter
-- Installing: /gpfs/work5/0/prjs2109/dataset/repos/paimon-cpp/build/rapidjson_ep-install/share/doc/RapidJSON/examples/simplewriter/simplewriter.cpp
-- Detecting CXX compiler ABI info - done
-- Installing: /gpfs/work5/0/prjs2109/dataset/repos/paimon-cpp/build/rapidjson_ep-install/share/doc/RapidJSON/examples/parsebyparts
-- Installing: /gpfs/work5/0/prjs2109/dataset/repos/paimon-cpp/build/rapidjson_ep-install/share/doc/RapidJSON/examples/parsebyparts/parsebyparts.cpp
-- Installing: /gpfs/work5/0/prjs2109/dataset/repos/paimon-cpp/build/rapidjson_ep-install/share/doc/RapidJSON/examples/serialize
-- Installing: /gpfs/work5/0/prjs2109/dataset/repos/paimon-cpp/build/rapidjson_ep-install/share/doc/RapidJSON/examples/serialize/serialize.cpp
-- Installing: /gpfs/work5/0/prjs2109/dataset/repos/paimon-cpp/build/rapidjson_ep-install/share/doc/RapidJSON/examples/simpledom
-- Installing: /gpfs/work5/0/prjs2109/dataset/repos/paimon-cpp/build/rapidjson_ep-install/share/doc/RapidJSON/examples/simpledom/simpledom.cpp
-- Installing: /gpfs/work5/0/prjs2109/dataset/repos/paimon-cpp/build/rapidjson_ep-install/share/doc/RapidJSON/examples/schemavalidator
-- Installing: /gpfs/work5/0/prjs2109/dataset/repos/paimon-cpp/build/rapidjson_ep-install/share/doc/RapidJSON/examples/schemavalidator/schemavalidator.cpp
-- Installing: /gpfs/work5/0/prjs2109/dataset/repos/paimon-cpp/build/rapidjson_ep-install/share/doc/RapidJSON/examples/lookaheadparser
-- Installing: /gpfs/work5/0/prjs2109/dataset/repos/paimon-cpp/build/rapidjson_ep-install/share/doc/RapidJSON/examples/lookaheadparser/lookaheadparser.cpp
-- Installing: /gpfs/work5/0/prjs2109/dataset/repos/paimon-cpp/build/rapidjson_ep-install/share/doc/RapidJSON/examples/simplepullreader
-- Installing: /gpfs/work5/0/prjs2109/dataset/repos/paimon-cpp/build/rapidjson_ep-install/share/doc/RapidJSON/examples/simplepullreader/simplepullreader.cpp
-- Installing: /gpfs/work5/0/prjs2109/dataset/repos/paimon-cpp/build/rapidjson_ep-install/share/doc/RapidJSON/examples/pretty
-- Installing: /gpfs/work5/0/prjs2109/dataset/repos/paimon-cpp/build/rapidjson_ep-install/share/doc/RapidJSON/examples/pretty/pretty.cpp
-- Installing: /gpfs/work5/0/prjs2109/dataset/repos/paimon-cpp/build/rapidjson_ep-install/share/doc/RapidJSON/examples/simplereader
-- Installing: /gpfs/work5/0/prjs2109/dataset/repos/paimon-cpp/build/rapidjson_ep-install/share/doc/RapidJSON/examples/simplereader/simplereader.cpp
-- Installing: /gpfs/work5/0/prjs2109/dataset/repos/paimon-cpp/build/rapidjson_ep-install/share/doc/RapidJSON/examples/condense
-- Installing: /gpfs/work5/0/prjs2109/dataset/repos/paimon-cpp/build/rapidjson_ep-install/share/doc/RapidJSON/examples/condense/condense.cpp
-- Installing: /gpfs/work5/0/prjs2109/dataset/repos/paimon-cpp/build/rapidjson_ep-install/lib/cmake/RapidJSON/RapidJSONConfig.cmake
-- Up-to-date: /gpfs/work5/0/prjs2109/dataset/repos/paimon-cpp/build/rapidjson_ep-install/lib/cmake/RapidJSON/RapidJSONConfig.cmake
-- Installing: /gpfs/work5/0/prjs2109/dataset/repos/paimon-cpp/build/rapidjson_ep-install/lib/cmake/RapidJSON/RapidJSONConfigVersion.cmake
-- Check for working CXX compiler: /sw/arch/RHEL9/EB_production/2025/software/GCCcore/14.2.0/bin/c++ - skipped
-- Detecting CXX compile features
-- Detecting CXX compile features - done
CMake Warning at CMakeLists.txt:122 (message):
  You are building oneTBB as a static library.  This is highly discouraged
  and such configuration is not supported.  Consider building a dynamic
  library to avoid unforeseen issues.


-- Performing Test CMAKE_HAVE_LIBC_PTHREAD
[  9%] Completed 'rapidjson_ep'
-- re2_ep configure command succeeded.  See also /gpfs/work5/0/prjs2109/dataset/repos/paimon-cpp/build/re2_ep-prefix/src/re2_ep-stamp/re2_ep-configure-*.log
-- Looking for C++ include elf.h - found
-- Looking for C++ include glob.h
[  9%] Performing build step for 're2_ep'
[  9%] Built target rapidjson_ep
-- Looking for C++ include glob.h - found
-- Looking for C++ include link.h
-- Performing Test CMAKE_HAVE_LIBC_PTHREAD - Success
-- Found Threads: TRUE
-- Checking for one of the modules 'hwloc'
-- Looking for C++ include link.h - found
-- Looking for C++ include pwd.h
-- Looking for C++ include pwd.h - found
-- Looking for C++ include sys/exec_elf.h
-- zlib_ep configure command succeeded.  See also /gpfs/work5/0/prjs2109/dataset/repos/paimon-cpp/build/zlib_ep-prefix/src/zlib_ep-stamp/zlib_ep-configure-*.log
-- Looking for getcontext
[  9%] Performing build step for 'zlib_ep'
-- Looking for C++ include sys/exec_elf.h - not found
-- Looking for C++ include sys/syscall.h
-- Looking for getcontext - found
-- Looking for C++ include sys/syscall.h - found
-- Looking for C++ include sys/time.h
-- The C compiler identification is GNU 14.2.0
-- Detecting C compiler ABI info
-- Detecting C compiler ABI info - done
-- Check for working C compiler: /sw/arch/RHEL9/EB_production/2025/software/GCCcore/14.2.0/bin/cc - skipped
-- Detecting C compile features
-- Detecting C compile features - done
-- Looking for C++ include sys/time.h - found
-- Looking for C++ include sys/types.h
-- TBBBind build targets are disabled due to unsupported environment
-- Configuring done (40.7s)
-- Generating done (0.6s)
CMake Warning:
  Manually-specified variables were not used by the project:

    BUILD_STATIC_LIBS
    BUILD_TESTING
    CMAKE_POLICY_VERSION_MINIMUM


-- Build files have been written to: /gpfs/work5/0/prjs2109/dataset/repos/paimon-cpp/build/tbb_ep-prefix/src/tbb_ep-build
[ 10%] Performing build step for 'tbb_ep'
[  2%] Building CXX object src/tbbmalloc/CMakeFiles/tbbmalloc.dir/tbbmalloc.cpp.o
[  5%] Building CXX object src/tbbmalloc/CMakeFiles/tbbmalloc.dir/backend.cpp.o
[  7%] Building CXX object src/tbbmalloc/CMakeFiles/tbbmalloc.dir/frontend.cpp.o
[ 10%] Building CXX object src/tbbmalloc/CMakeFiles/tbbmalloc.dir/large_objects.cpp.o
[ 12%] Building CXX object src/tbbmalloc/CMakeFiles/tbbmalloc.dir/__/tbb/itt_notify.cpp.o
[ 15%] Building CXX object src/tbb/CMakeFiles/tbb.dir/address_waiter.cpp.o
[ 17%] Building CXX object src/tbb/CMakeFiles/tbb.dir/market.cpp.o
[ 22%] Building CXX object src/tbb/CMakeFiles/tbb.dir/exception.cpp.o
[ 25%] Building CXX object src/tbb/CMakeFiles/tbb.dir/arena_slot.cpp.o
[ 27%] Building CXX object src/tbbmalloc/CMakeFiles/tbbmalloc.dir/backref.cpp.o
[ 27%] Building CXX object src/tbb/CMakeFiles/tbb.dir/allocator.cpp.o
[ 30%] Building CXX object src/tbb/CMakeFiles/tbb.dir/private_server.cpp.o
-- lz4_ep configure command succeeded.  See also /gpfs/work5/0/prjs2109/dataset/repos/paimon-cpp/build/lz4_ep-prefix/src/lz4_ep-stamp/lz4_ep-configure-*.log
[ 32%] Building CXX object src/tbb/CMakeFiles/tbb.dir/governor.cpp.o
[ 35%] Building CXX object src/tbb/CMakeFiles/tbb.dir/dynamic_link.cpp.o
-- Looking for C++ include sys/types.h - found
[ 37%] Building CXX object src/tbb/CMakeFiles/tbb.dir/thread_request_serializer.cpp.o
-- Looking for C++ include sys/utsname.h
[ 52%] Building CXX object src/tbb/CMakeFiles/tbb.dir/main.cpp.o
[ 55%] Building CXX object src/tbb/CMakeFiles/tbb.dir/misc.cpp.o
[ 55%] Building CXX object src/tbb/CMakeFiles/tbb.dir/task_dispatcher.cpp.o
[ 55%] Building CXX object src/tbb/CMakeFiles/tbb.dir/parallel_pipeline.cpp.o
[ 55%] Building CXX object src/tbb/CMakeFiles/tbb.dir/concurrent_bounded_queue.cpp.o
[ 55%] Building CXX object src/tbb/CMakeFiles/tbb.dir/itt_notify.cpp.o
[ 65%] Building CXX object src/tbb/CMakeFiles/tbb.dir/misc_ex.cpp.o
[ 65%] Building CXX object src/tbb/CMakeFiles/tbb.dir/semaphore.cpp.o
[ 65%] Building CXX object src/tbb/CMakeFiles/tbb.dir/task.cpp.o
[ 65%] Building CXX object src/tbb/CMakeFiles/tbb.dir/rtm_rw_mutex.cpp.o
[ 72%] Building CXX object src/tbb/CMakeFiles/tbb.dir/thread_dispatcher.cpp.o
[ 80%] Building CXX object src/tbb/CMakeFiles/tbb.dir/version.cpp.o
[ 72%] Building CXX object src/tbb/CMakeFiles/tbb.dir/task_group_context.cpp.o
[ 72%] Building CXX object src/tbb/CMakeFiles/tbb.dir/profiling.cpp.o
[ 80%] Building CXX object src/tbb/CMakeFiles/tbb.dir/observer_proxy.cpp.o
[ 80%] Building CXX object src/tbb/CMakeFiles/tbb.dir/tcm_adaptor.cpp.o
[ 80%] Building CXX object src/tbb/CMakeFiles/tbb.dir/threading_control.cpp.o
[ 85%] Building CXX object src/tbb/CMakeFiles/tbb.dir/small_object_pool.cpp.o
[ 85%] Building CXX object src/tbb/CMakeFiles/tbb.dir/arena.cpp.o
[ 87%] Building CXX object src/tbb/CMakeFiles/tbb.dir/rml_tbb.cpp.o
[ 90%] Building CXX object src/tbb/CMakeFiles/tbb.dir/queuing_rw_mutex.cpp.o
[ 92%] Building CXX object src/tbb/CMakeFiles/tbb.dir/global_control.cpp.o
[ 95%] Building CXX object src/tbb/CMakeFiles/tbb.dir/rtm_mutex.cpp.o
[ 10%] Performing build step for 'lz4_ep'
-- Looking for C++ include sys/utsname.h - found
-- Looking for C++ include sys/wait.h
-- zlib_ep build command succeeded.  See also /gpfs/work5/0/prjs2109/dataset/repos/paimon-cpp/build/zlib_ep-prefix/src/zlib_ep-stamp/zlib_ep-build-*.log
[ 10%] Performing install step for 'zlib_ep'
-- fmt_ep build command succeeded.  See also /gpfs/work5/0/prjs2109/dataset/repos/paimon-cpp/build/fmt_ep-prefix/src/fmt_ep-stamp/fmt_ep-build-*.log
[ 11%] Performing install step for 'fmt_ep'
-- Looking for C++ include sys/wait.h - found
-- Looking for C++ include syscall.h
[ 12%] Linking CXX static library ../../release/libroaring_bitmap.a
-- zlib_ep install command succeeded.  See also /gpfs/work5/0/prjs2109/dataset/repos/paimon-cpp/build/zlib_ep-prefix/src/zlib_ep-stamp/zlib_ep-install-*.log
[ 13%] Completed 'zlib_ep'
-- Looking for C++ include syscall.h - found
-- Looking for C++ include syslog.h
-- fmt_ep install command succeeded.  See also /gpfs/work5/0/prjs2109/dataset/repos/paimon-cpp/build/fmt_ep-prefix/src/fmt_ep-stamp/fmt_ep-install-*.log
[ 13%] Built target roaring_bitmap
[ 13%] Built target zlib_ep
[ 13%] Completed 'fmt_ep'
[ 13%] Creating directories for 'protobuf_ep'
[ 13%] Performing download step (download, verify and extract) for 'protobuf_ep'
[ 13%] Built target fmt_ep
-- Looking for C++ include syslog.h - found
-- Looking for C++ include ucontext.h
-- Looking for C++ include ucontext.h - found
-- Looking for C++ include unistd.h
[ 97%] Linking C static library ../../gnu_14.2_cxx11_64_release/libtbbmalloc.a
-- Looking for C++ include unistd.h - found
-- Looking for C++ include stdint.h
[ 97%] Built target tbbmalloc
[100%] Linking CXX static library ../../gnu_14.2_cxx11_64_release/libtbb.a
-- Looking for C++ include stdint.h - found
-- Looking for C++ include stddef.h
[100%] Built target tbb
[ 13%] Performing install step for 'tbb_ep'
-- Looking for C++ include stddef.h - found
-- Check size of mode_t
-- lz4_ep build command succeeded.  See also /gpfs/work5/0/prjs2109/dataset/repos/paimon-cpp/build/lz4_ep-prefix/src/lz4_ep-stamp/lz4_ep-build-*.log
[ 17%] Built target tbbmalloc
-- Check size of mode_t - done
-- Check size of ssize_t
[ 13%] Performing install step for 'lz4_ep'
[100%] Built target tbb
-- protobuf_ep download command succeeded.  See also /gpfs/work5/0/prjs2109/dataset/repos/paimon-cpp/build/protobuf_ep-prefix/src/protobuf_ep-stamp/protobuf_ep-download-*.log
Install the project...
[ 13%] No update step for 'protobuf_ep'
-- Install configuration: "RELEASE"
-- Up-to-date: /gpfs/work5/0/prjs2109/dataset/repos/paimon-cpp/build/tbb_ep-install/include
-- Installing: /gpfs/work5/0/prjs2109/dataset/repos/paimon-cpp/build/tbb_ep-install/include/oneapi
-- Installing: /gpfs/work5/0/prjs2109/dataset/repos/paimon-cpp/build/tbb_ep-install/include/oneapi/tbb.h
-- Installing: /gpfs/work5/0/prjs2109/dataset/repos/paimon-cpp/build/tbb_ep-install/include/oneapi/tbb
-- Installing: /gpfs/work5/0/prjs2109/dataset/repos/paimon-cpp/build/tbb_ep-install/include/oneapi/tbb/concurrent_unordered_map.h
-- Installing: /gpfs/work5/0/prjs2109/dataset/repos/paimon-cpp/build/tbb_ep-install/include/oneapi/tbb/blocked_range3d.h
-- Installing: /gpfs/work5/0/prjs2109/dataset/repos/paimon-cpp/build/tbb_ep-install/include/oneapi/tbb/rw_mutex.h
-- Installing: /gpfs/work5/0/prjs2109/dataset/repos/paimon-cpp/build/tbb_ep-install/include/oneapi/tbb/parallel_invoke.h
-- Installing: /gpfs/work5/0/prjs2109/dataset/repos/paimon-cpp/build/tbb_ep-install/include/oneapi/tbb/task_arena.h
-- Installing: /gpfs/work5/0/prjs2109/dataset/repos/paimon-cpp/build/tbb_ep-install/include/oneapi/tbb/detail
-- Installing: /gpfs/work5/0/prjs2109/dataset/repos/paimon-cpp/build/tbb_ep-install/include/oneapi/tbb/detail/_flow_graph_cache_impl.h
-- Installing: /gpfs/work5/0/prjs2109/dataset/repos/paimon-cpp/build/tbb_ep-install/include/oneapi/tbb/detail/_flow_graph_node_set_impl.h
-- Installing: /gpfs/work5/0/prjs2109/dataset/repos/paimon-cpp/build/tbb_ep-install/include/oneapi/tbb/detail/_export.h
-- Installing: /gpfs/work5/0/prjs2109/dataset/repos/paimon-cpp/build/tbb_ep-install/include/oneapi/tbb/detail/_task.h
-- Installing: /gpfs/work5/0/prjs2109/dataset/repos/paimon-cpp/build/tbb_ep-install/include/oneapi/tbb/detail/_task_handle.h
-- Installing: /gpfs/work5/0/prjs2109/dataset/repos/paimon-cpp/build/tbb_ep-install/include/oneapi/tbb/detail/_concurrent_skip_list.h
-- Installing: /gpfs/work5/0/prjs2109/dataset/repos/paimon-cpp/build/tbb_ep-install/include/oneapi/tbb/detail/_concurrent_queue_base.h
-- Installing: /gpfs/work5/0/prjs2109/dataset/repos/paimon-cpp/build/tbb_ep-install/include/oneapi/tbb/detail/_flow_graph_trace_impl.h
[ 13%] No patch step for 'protobuf_ep'
-- Installing: /gpfs/work5/0/prjs2109/dataset/repos/paimon-cpp/build/tbb_ep-install/include/oneapi/tbb/detail/_rtm_mutex.h
-- Installing: /gpfs/work5/0/prjs2109/dataset/repos/paimon-cpp/build/tbb_ep-install/include/oneapi/tbb/detail/_aligned_space.h
-- Installing: /gpfs/work5/0/prjs2109/dataset/repos/paimon-cpp/build/tbb_ep-install/include/oneapi/tbb/detail/_rtm_rw_mutex.h
-- Installing: /gpfs/work5/0/prjs2109/dataset/repos/paimon-cpp/build/tbb_ep-install/include/oneapi/tbb/detail/_aggregator.h
-- Installing: /gpfs/work5/0/prjs2109/dataset/repos/paimon-cpp/build/tbb_ep-install/include/oneapi/tbb/detail/_string_resource.h
-- Installing: /gpfs/work5/0/prjs2109/dataset/repos/paimon-cpp/build/tbb_ep-install/include/oneapi/tbb/detail/_flow_graph_body_impl.h
-- Installing: /gpfs/work5/0/prjs2109/dataset/repos/paimon-cpp/build/tbb_ep-install/include/oneapi/tbb/detail/_range_common.h
-- Installing: /gpfs/work5/0/prjs2109/dataset/repos/paimon-cpp/build/tbb_ep-install/include/oneapi/tbb/detail/_attach.h
-- Installing: /gpfs/work5/0/prjs2109/dataset/repos/paimon-cpp/build/tbb_ep-install/include/oneapi/tbb/detail/_flow_graph_nodes_deduction.h
-- Installing: /gpfs/work5/0/prjs2109/dataset/repos/paimon-cpp/build/tbb_ep-install/include/oneapi/tbb/detail/_concurrent_unordered_base.h
-- Installing: /gpfs/work5/0/prjs2109/dataset/repos/paimon-cpp/build/tbb_ep-install/include/oneapi/tbb/detail/_small_object_pool.h
-- Installing: /gpfs/work5/0/prjs2109/dataset/repos/paimon-cpp/build/tbb_ep-install/include/oneapi/tbb/detail/_flow_graph_types_impl.h
-- Check size of ssize_t - done
-- Looking for dladdr
-- Installing: /gpfs/work5/0/prjs2109/dataset/repos/paimon-cpp/build/tbb_ep-install/include/oneapi/tbb/detail/_node_handle.h
-- Installing: /gpfs/work5/0/prjs2109/dataset/repos/paimon-cpp/build/tbb_ep-install/include/oneapi/tbb/detail/_intrusive_list_node.h
-- Installing: /gpfs/work5/0/prjs2109/dataset/repos/paimon-cpp/build/tbb_ep-install/include/oneapi/tbb/detail/_waitable_atomic.h
-- Installing: /gpfs/work5/0/prjs2109/dataset/repos/paimon-cpp/build/tbb_ep-install/include/oneapi/tbb/detail/_flow_graph_node_impl.h
-- Installing: /gpfs/work5/0/prjs2109/dataset/repos/paimon-cpp/build/tbb_ep-install/include/oneapi/tbb/detail/_containers_helpers.h
-- Installing: /gpfs/work5/0/prjs2109/dataset/repos/paimon-cpp/build/tbb_ep-install/include/oneapi/tbb/detail/_flow_graph_impl.h
-- Installing: /gpfs/work5/0/prjs2109/dataset/repos/paimon-cpp/build/tbb_ep-install/include/oneapi/tbb/detail/_utils.h
-- Installing: /gpfs/work5/0/prjs2109/dataset/repos/paimon-cpp/build/tbb_ep-install/include/oneapi/tbb/detail/_flow_graph_item_buffer_impl.h
-- Installing: /gpfs/work5/0/prjs2109/dataset/repos/paimon-cpp/build/tbb_ep-install/include/oneapi/tbb/detail/_scoped_lock.h
-- Installing: /gpfs/work5/0/prjs2109/dataset/repos/paimon-cpp/build/tbb_ep-install/include/oneapi/tbb/detail/_pipeline_filters.h
-- Installing: /gpfs/work5/0/prjs2109/dataset/repos/paimon-cpp/build/tbb_ep-install/include/oneapi/tbb/detail/_hash_compare.h
-- Installing: /gpfs/work5/0/prjs2109/dataset/repos/paimon-cpp/build/tbb_ep-install/include/oneapi/tbb/detail/_template_helpers.h
-- Installing: /gpfs/work5/0/prjs2109/dataset/repos/paimon-cpp/build/tbb_ep-install/include/oneapi/tbb/detail/_flow_graph_indexer_impl.h
-- Installing: /gpfs/work5/0/prjs2109/dataset/repos/paimon-cpp/build/tbb_ep-install/include/oneapi/tbb/detail/_flow_graph_tagged_buffer_impl.h
-- Installing: /gpfs/work5/0/prjs2109/dataset/repos/paimon-cpp/build/tbb_ep-install/include/oneapi/tbb/detail/_namespace_injection.h
-- Installing: /gpfs/work5/0/prjs2109/dataset/repos/paimon-cpp/build/tbb_ep-install/include/oneapi/tbb/detail/_pipeline_filters_deduction.h
-- Installing: /gpfs/work5/0/prjs2109/dataset/repos/paimon-cpp/build/tbb_ep-install/include/oneapi/tbb/detail/_exception.h
[ 13%] Performing configure step for 'protobuf_ep'
-- Installing: /gpfs/work5/0/prjs2109/dataset/repos/paimon-cpp/build/tbb_ep-install/include/oneapi/tbb/detail/_machine.h
-- Installing: /gpfs/work5/0/prjs2109/dataset/repos/paimon-cpp/build/tbb_ep-install/include/oneapi/tbb/detail/_allocator_traits.h
-- Installing: /gpfs/work5/0/prjs2109/dataset/repos/paimon-cpp/build/tbb_ep-install/include/oneapi/tbb/detail/_segment_table.h
-- lz4_ep install command succeeded.  See also /gpfs/work5/0/prjs2109/dataset/repos/paimon-cpp/build/lz4_ep-prefix/src/lz4_ep-stamp/lz4_ep-install-*.log
-- Installing: /gpfs/work5/0/prjs2109/dataset/repos/paimon-cpp/build/tbb_ep-install/include/oneapi/tbb/detail/_flow_graph_join_impl.h
-- Installing: /gpfs/work5/0/prjs2109/dataset/repos/paimon-cpp/build/tbb_ep-install/include/oneapi/tbb/detail/_mutex_common.h
-- Installing: /gpfs/work5/0/prjs2109/dataset/repos/paimon-cpp/build/tbb_ep-install/include/oneapi/tbb/detail/_config.h
-- Installing: /gpfs/work5/0/prjs2109/dataset/repos/paimon-cpp/build/tbb_ep-install/include/oneapi/tbb/detail/_assert.h
-- Installing: /gpfs/work5/0/prjs2109/dataset/repos/paimon-cpp/build/tbb_ep-install/include/oneapi/tbb/profiling.h
-- Installing: /gpfs/work5/0/prjs2109/dataset/repos/paimon-cpp/build/tbb_ep-install/include/oneapi/tbb/concurrent_lru_cache.h
-- Installing: /gpfs/work5/0/prjs2109/dataset/repos/paimon-cpp/build/tbb_ep-install/include/oneapi/tbb/concurrent_vector.h
-- Installing: /gpfs/work5/0/prjs2109/dataset/repos/paimon-cpp/build/tbb_ep-install/include/oneapi/tbb/parallel_for.h
-- Installing: /gpfs/work5/0/prjs2109/dataset/repos/paimon-cpp/build/tbb_ep-install/include/oneapi/tbb/mutex.h
-- Installing: /gpfs/work5/0/prjs2109/dataset/repos/paimon-cpp/build/tbb_ep-install/include/oneapi/tbb/parallel_reduce.h
-- Installing: /gpfs/work5/0/prjs2109/dataset/repos/paimon-cpp/build/tbb_ep-install/include/oneapi/tbb/scalable_allocator.h
-- Installing: /gpfs/work5/0/prjs2109/dataset/repos/paimon-cpp/build/tbb_ep-install/include/oneapi/tbb/task_scheduler_observer.h
-- Installing: /gpfs/work5/0/prjs2109/dataset/repos/paimon-cpp/build/tbb_ep-install/include/oneapi/tbb/tbb_allocator.h
-- Installing: /gpfs/work5/0/prjs2109/dataset/repos/paimon-cpp/build/tbb_ep-install/include/oneapi/tbb/concurrent_unordered_set.h
-- Installing: /gpfs/work5/0/prjs2109/dataset/repos/paimon-cpp/build/tbb_ep-install/include/oneapi/tbb/global_control.h
-- Installing: /gpfs/work5/0/prjs2109/dataset/repos/paimon-cpp/build/tbb_ep-install/include/oneapi/tbb/flow_graph_abstractions.h
-- Installing: /gpfs/work5/0/prjs2109/dataset/repos/paimon-cpp/build/tbb_ep-install/include/oneapi/tbb/flow_graph.h
-- Installing: /gpfs/work5/0/prjs2109/dataset/repos/paimon-cpp/build/tbb_ep-install/include/oneapi/tbb/task_group.h
-- Installing: /gpfs/work5/0/prjs2109/dataset/repos/paimon-cpp/build/tbb_ep-install/include/oneapi/tbb/parallel_sort.h
-- Installing: /gpfs/work5/0/prjs2109/dataset/repos/paimon-cpp/build/tbb_ep-install/include/oneapi/tbb/partitioner.h
-- Installing: /gpfs/work5/0/prjs2109/dataset/repos/paimon-cpp/build/tbb_ep-install/include/oneapi/tbb/concurrent_map.h
-- Installing: /gpfs/work5/0/prjs2109/dataset/repos/paimon-cpp/build/tbb_ep-install/include/oneapi/tbb/concurrent_queue.h
-- Installing: /gpfs/work5/0/prjs2109/dataset/repos/paimon-cpp/build/tbb_ep-install/include/oneapi/tbb/combinable.h
-- Installing: /gpfs/work5/0/prjs2109/dataset/repos/paimon-cpp/build/tbb_ep-install/include/oneapi/tbb/version.h
-- Installing: /gpfs/work5/0/prjs2109/dataset/repos/paimon-cpp/build/tbb_ep-install/include/oneapi/tbb/parallel_scan.h
-- Installing: /gpfs/work5/0/prjs2109/dataset/repos/paimon-cpp/build/tbb_ep-install/include/oneapi/tbb/blocked_range2d.h
-- Installing: /gpfs/work5/0/prjs2109/dataset/repos/paimon-cpp/build/tbb_ep-install/include/oneapi/tbb/blocked_range.h
[ 13%] Completed 'lz4_ep'
-- Installing: /gpfs/work5/0/prjs2109/dataset/repos/paimon-cpp/build/tbb_ep-install/include/oneapi/tbb/parallel_pipeline.h
-- Installing: /gpfs/work5/0/prjs2109/dataset/repos/paimon-cpp/build/tbb_ep-install/include/oneapi/tbb/null_mutex.h
-- Installing: /gpfs/work5/0/prjs2109/dataset/repos/paimon-cpp/build/tbb_ep-install/include/oneapi/tbb/concurrent_hash_map.h
-- Installing: /gpfs/work5/0/prjs2109/dataset/repos/paimon-cpp/build/tbb_ep-install/include/oneapi/tbb/tick_count.h
-- Installing: /gpfs/work5/0/prjs2109/dataset/repos/paimon-cpp/build/tbb_ep-install/include/oneapi/tbb/concurrent_set.h
-- Installing: /gpfs/work5/0/prjs2109/dataset/repos/paimon-cpp/build/tbb_ep-install/include/oneapi/tbb/spin_rw_mutex.h
-- Installing: /gpfs/work5/0/prjs2109/dataset/repos/paimon-cpp/build/tbb_ep-install/include/oneapi/tbb/queuing_mutex.h
-- Installing: /gpfs/work5/0/prjs2109/dataset/repos/paimon-cpp/build/tbb_ep-install/include/oneapi/tbb/cache_aligned_allocator.h
-- Installing: /gpfs/work5/0/prjs2109/dataset/repos/paimon-cpp/build/tbb_ep-install/include/oneapi/tbb/tbbmalloc_proxy.h
-- Installing: /gpfs/work5/0/prjs2109/dataset/repos/paimon-cpp/build/tbb_ep-install/include/oneapi/tbb/enumerable_thread_specific.h
-- Installing: /gpfs/work5/0/prjs2109/dataset/repos/paimon-cpp/build/tbb_ep-install/include/oneapi/tbb/task.h
-- Installing: /gpfs/work5/0/prjs2109/dataset/repos/paimon-cpp/build/tbb_ep-install/include/oneapi/tbb/spin_mutex.h
-- Installing: /gpfs/work5/0/prjs2109/dataset/repos/paimon-cpp/build/tbb_ep-install/include/oneapi/tbb/queuing_rw_mutex.h
-- Installing: /gpfs/work5/0/prjs2109/dataset/repos/paimon-cpp/build/tbb_ep-install/include/oneapi/tbb/memory_pool.h
-- Installing: /gpfs/work5/0/prjs2109/dataset/repos/paimon-cpp/build/tbb_ep-install/include/oneapi/tbb/parallel_for_each.h
-- Installing: /gpfs/work5/0/prjs2109/dataset/repos/paimon-cpp/build/tbb_ep-install/include/oneapi/tbb/concurrent_priority_queue.h
-- Installing: /gpfs/work5/0/prjs2109/dataset/repos/paimon-cpp/build/tbb_ep-install/include/oneapi/tbb/info.h
-- Installing: /gpfs/work5/0/prjs2109/dataset/repos/paimon-cpp/build/tbb_ep-install/include/oneapi/tbb/blocked_rangeNd.h
-- Installing: /gpfs/work5/0/prjs2109/dataset/repos/paimon-cpp/build/tbb_ep-install/include/oneapi/tbb/collaborative_call_once.h
-- Installing: /gpfs/work5/0/prjs2109/dataset/repos/paimon-cpp/build/tbb_ep-install/include/oneapi/tbb/null_rw_mutex.h
-- Installing: /gpfs/work5/0/prjs2109/dataset/repos/paimon-cpp/build/tbb_ep-install/include/tbb
-- Installing: /gpfs/work5/0/prjs2109/dataset/repos/paimon-cpp/build/tbb_ep-install/include/tbb/concurrent_unordered_map.h
-- Installing: /gpfs/work5/0/prjs2109/dataset/repos/paimon-cpp/build/tbb_ep-install/include/tbb/blocked_range3d.h
-- Installing: /gpfs/work5/0/prjs2109/dataset/repos/paimon-cpp/build/tbb_ep-install/include/tbb/tbb.h
-- Installing: /gpfs/work5/0/prjs2109/dataset/repos/paimon-cpp/build/tbb_ep-install/include/tbb/rw_mutex.h
-- Installing: /gpfs/work5/0/prjs2109/dataset/repos/paimon-cpp/build/tbb_ep-install/include/tbb/parallel_invoke.h
-- Installing: /gpfs/work5/0/prjs2109/dataset/repos/paimon-cpp/build/tbb_ep-install/include/tbb/task_arena.h
-- Installing: /gpfs/work5/0/prjs2109/dataset/repos/paimon-cpp/build/tbb_ep-install/include/tbb/profiling.h
-- Installing: /gpfs/work5/0/prjs2109/dataset/repos/paimon-cpp/build/tbb_ep-install/include/tbb/concurrent_lru_cache.h
-- zstd_ep configure command succeeded.  See also /gpfs/work5/0/prjs2109/dataset/repos/paimon-cpp/build/zstd_ep-prefix/src/zstd_ep-stamp/zstd_ep-configure-*.log
-- Installing: /gpfs/work5/0/prjs2109/dataset/repos/paimon-cpp/build/tbb_ep-install/include/tbb/concurrent_vector.h
-- Installing: /gpfs/work5/0/prjs2109/dataset/repos/paimon-cpp/build/tbb_ep-install/include/tbb/parallel_for.h
-- Installing: /gpfs/work5/0/prjs2109/dataset/repos/paimon-cpp/build/tbb_ep-install/include/tbb/mutex.h
-- Installing: /gpfs/work5/0/prjs2109/dataset/repos/paimon-cpp/build/tbb_ep-install/include/tbb/parallel_reduce.h
-- Installing: /gpfs/work5/0/prjs2109/dataset/repos/paimon-cpp/build/tbb_ep-install/include/tbb/scalable_allocator.h
-- Installing: /gpfs/work5/0/prjs2109/dataset/repos/paimon-cpp/build/tbb_ep-install/include/tbb/task_scheduler_observer.h
-- Installing: /gpfs/work5/0/prjs2109/dataset/repos/paimon-cpp/build/tbb_ep-install/include/tbb/tbb_allocator.h
-- Installing: /gpfs/work5/0/prjs2109/dataset/repos/paimon-cpp/build/tbb_ep-install/include/tbb/concurrent_unordered_set.h
-- Installing: /gpfs/work5/0/prjs2109/dataset/repos/paimon-cpp/build/tbb_ep-install/include/tbb/global_control.h
-- Installing: /gpfs/work5/0/prjs2109/dataset/repos/paimon-cpp/build/tbb_ep-install/include/tbb/flow_graph_abstractions.h
-- Installing: /gpfs/work5/0/prjs2109/dataset/repos/paimon-cpp/build/tbb_ep-install/include/tbb/flow_graph.h
-- Installing: /gpfs/work5/0/prjs2109/dataset/repos/paimon-cpp/build/tbb_ep-install/include/tbb/task_group.h
-- Installing: /gpfs/work5/0/prjs2109/dataset/repos/paimon-cpp/build/tbb_ep-install/include/tbb/parallel_sort.h
-- Installing: /gpfs/work5/0/prjs2109/dataset/repos/paimon-cpp/build/tbb_ep-install/include/tbb/partitioner.h
-- Installing: /gpfs/work5/0/prjs2109/dataset/repos/paimon-cpp/build/tbb_ep-install/include/tbb/concurrent_map.h
-- Installing: /gpfs/work5/0/prjs2109/dataset/repos/paimon-cpp/build/tbb_ep-install/include/tbb/concurrent_queue.h
-- Installing: /gpfs/work5/0/prjs2109/dataset/repos/paimon-cpp/build/tbb_ep-install/include/tbb/combinable.h
-- Installing: /gpfs/work5/0/prjs2109/dataset/repos/paimon-cpp/build/tbb_ep-install/include/tbb/version.h
-- Installing: /gpfs/work5/0/prjs2109/dataset/repos/paimon-cpp/build/tbb_ep-install/include/tbb/parallel_scan.h
-- Installing: /gpfs/work5/0/prjs2109/dataset/repos/paimon-cpp/build/tbb_ep-install/include/tbb/blocked_range2d.h
-- Installing: /gpfs/work5/0/prjs2109/dataset/repos/paimon-cpp/build/tbb_ep-install/include/tbb/blocked_range.h
-- Installing: /gpfs/work5/0/prjs2109/dataset/repos/paimon-cpp/build/tbb_ep-install/include/tbb/parallel_pipeline.h
-- Installing: /gpfs/work5/0/prjs2109/dataset/repos/paimon-cpp/build/tbb_ep-install/include/tbb/null_mutex.h
-- Installing: /gpfs/work5/0/prjs2109/dataset/repos/paimon-cpp/build/tbb_ep-install/include/tbb/concurrent_hash_map.h
-- Installing: /gpfs/work5/0/prjs2109/dataset/repos/paimon-cpp/build/tbb_ep-install/include/tbb/tick_count.h
-- Installing: /gpfs/work5/0/prjs2109/dataset/repos/paimon-cpp/build/tbb_ep-install/include/tbb/concurrent_set.h
-- Installing: /gpfs/work5/0/prjs2109/dataset/repos/paimon-cpp/build/tbb_ep-install/include/tbb/spin_rw_mutex.h
-- Installing: /gpfs/work5/0/prjs2109/dataset/repos/paimon-cpp/build/tbb_ep-install/include/tbb/queuing_mutex.h
-- Installing: /gpfs/work5/0/prjs2109/dataset/repos/paimon-cpp/build/tbb_ep-install/include/tbb/cache_aligned_allocator.h
-- Installing: /gpfs/work5/0/prjs2109/dataset/repos/paimon-cpp/build/tbb_ep-install/include/tbb/tbbmalloc_proxy.h
-- Installing: /gpfs/work5/0/prjs2109/dataset/repos/paimon-cpp/build/tbb_ep-install/include/tbb/enumerable_thread_specific.h
-- Installing: /gpfs/work5/0/prjs2109/dataset/repos/paimon-cpp/build/tbb_ep-install/include/tbb/task.h
-- Installing: /gpfs/work5/0/prjs2109/dataset/repos/paimon-cpp/build/tbb_ep-install/include/tbb/spin_mutex.h
-- Installing: /gpfs/work5/0/prjs2109/dataset/repos/paimon-cpp/build/tbb_ep-install/include/tbb/queuing_rw_mutex.h
-- Installing: /gpfs/work5/0/prjs2109/dataset/repos/paimon-cpp/build/tbb_ep-install/include/tbb/memory_pool.h
-- Installing: /gpfs/work5/0/prjs2109/dataset/repos/paimon-cpp/build/tbb_ep-install/include/tbb/parallel_for_each.h
[ 13%] Built target lz4_ep
-- Installing: /gpfs/work5/0/prjs2109/dataset/repos/paimon-cpp/build/tbb_ep-install/include/tbb/concurrent_priority_queue.h
-- Installing: /gpfs/work5/0/prjs2109/dataset/repos/paimon-cpp/build/tbb_ep-install/include/tbb/info.h
-- Installing: /gpfs/work5/0/prjs2109/dataset/repos/paimon-cpp/build/tbb_ep-install/include/tbb/blocked_rangeNd.h
[ 13%] Performing build step for 'zstd_ep'
-- Installing: /gpfs/work5/0/prjs2109/dataset/repos/paimon-cpp/build/tbb_ep-install/include/tbb/collaborative_call_once.h
-- Installing: /gpfs/work5/0/prjs2109/dataset/repos/paimon-cpp/build/tbb_ep-install/include/tbb/null_rw_mutex.h
-- Installing: /gpfs/work5/0/prjs2109/dataset/repos/paimon-cpp/build/tbb_ep-install/lib/cmake/TBB/TBBTargets.cmake
-- Installing: /gpfs/work5/0/prjs2109/dataset/repos/paimon-cpp/build/tbb_ep-install/lib/cmake/TBB/TBBTargets-release.cmake
-- Installing: /gpfs/work5/0/prjs2109/dataset/repos/paimon-cpp/build/tbb_ep-install/lib/cmake/TBB/TBBConfig.cmake
-- Installing: /gpfs/work5/0/prjs2109/dataset/repos/paimon-cpp/build/tbb_ep-install/lib/cmake/TBB/TBBConfigVersion.cmake
-- Installing: /gpfs/work5/0/prjs2109/dataset/repos/paimon-cpp/build/tbb_ep-install/share/doc/TBB/README.md
-- Installing: /gpfs/work5/0/prjs2109/dataset/repos/paimon-cpp/build/tbb_ep-install/lib/libtbb.a
-- Installing: /gpfs/work5/0/prjs2109/dataset/repos/paimon-cpp/build/tbb_ep-install/lib/pkgconfig/tbb.pc
-- Installing: /gpfs/work5/0/prjs2109/dataset/repos/paimon-cpp/build/tbb_ep-install/lib/libtbbmalloc.a
-- Looking for dladdr - found
-- Looking for fcntl
[ 13%] Completed 'tbb_ep'
[ 13%] Built target tbb_ep
-- Looking for fcntl - found
-- Looking for posix_fadvise
-- Looking for posix_fadvise - found
-- Looking for pread
-- Looking for pread - found
-- Looking for pwrite
-- re2_ep build command succeeded.  See also /gpfs/work5/0/prjs2109/dataset/repos/paimon-cpp/build/re2_ep-prefix/src/re2_ep-stamp/re2_ep-build-*.log
[ 13%] Performing install step for 're2_ep'
-- Looking for pwrite - found
-- Looking for sigaction
-- protobuf_ep configure command succeeded.  See also /gpfs/work5/0/prjs2109/dataset/repos/paimon-cpp/build/protobuf_ep-prefix/src/protobuf_ep-stamp/protobuf_ep-configure-*.log
-- snappy_ep configure command succeeded.  See also /gpfs/work5/0/prjs2109/dataset/repos/paimon-cpp/build/snappy_ep-prefix/src/snappy_ep-stamp/snappy_ep-configure-*.log
[ 13%] Performing build step for 'protobuf_ep'
[ 13%] Performing build step for 'snappy_ep'
-- Looking for sigaction - found
-- Looking for sigaltstack
-- Looking for sigaltstack - found
-- Looking for backtrace
-- re2_ep install command succeeded.  See also /gpfs/work5/0/prjs2109/dataset/repos/paimon-cpp/build/re2_ep-prefix/src/re2_ep-stamp/re2_ep-install-*.log
[ 13%] Completed 're2_ep'
[ 13%] Built target re2_ep
-- snappy_ep build command succeeded.  See also /gpfs/work5/0/prjs2109/dataset/repos/paimon-cpp/build/snappy_ep-prefix/src/snappy_ep-stamp/snappy_ep-build-*.log
[ 14%] Performing install step for 'snappy_ep'
-- Looking for backtrace - found
-- Looking for backtrace_symbols
-- snappy_ep install command succeeded.  See also /gpfs/work5/0/prjs2109/dataset/repos/paimon-cpp/build/snappy_ep-prefix/src/snappy_ep-stamp/snappy_ep-install-*.log
[ 14%] Completed 'snappy_ep'
[ 14%] Built target snappy_ep
-- Looking for backtrace_symbols - found
-- Looking for _chsize_s
-- Looking for _chsize_s - not found
-- Looking for UnDecorateSymbolName
-- Looking for UnDecorateSymbolName - not found
-- Looking for abi::__cxa_demangle
-- Looking for abi::__cxa_demangle - found
-- Looking for __argv
-- Looking for __argv - not found
-- Looking for getprogname
-- Looking for getprogname - not found
-- Looking for program_invocation_short_name
-- zstd_ep build command succeeded.  See also /gpfs/work5/0/prjs2109/dataset/repos/paimon-cpp/build/zstd_ep-prefix/src/zstd_ep-stamp/zstd_ep-build-*.log
[ 14%] Performing install step for 'zstd_ep'
-- Looking for program_invocation_short_name - found
-- Performing Test HAVE___PROGNAME
-- Performing Test HAVE___PROGNAME - Success
-- Performing Test HAVE_PC_FROM_UCONTEXT_uc_mcontext_gregs_REG_PC
-- Performing Test HAVE_PC_FROM_UCONTEXT_uc_mcontext_gregs_REG_PC - Failed
-- Performing Test HAVE_PC_FROM_UCONTEXT_uc_mcontext_gregs_REG_EIP
-- zstd_ep install command succeeded.  See also /gpfs/work5/0/prjs2109/dataset/repos/paimon-cpp/build/zstd_ep-prefix/src/zstd_ep-stamp/zstd_ep-install-*.log
[ 14%] Completed 'zstd_ep'
-- Performing Test HAVE_PC_FROM_UCONTEXT_uc_mcontext_gregs_REG_EIP - Failed
-- Performing Test HAVE_PC_FROM_UCONTEXT_uc_mcontext_gregs_REG_RIP
[ 14%] Built target zstd_ep
[ 15%] Creating directories for 'arrow_ep'
[ 15%] Creating directories for 'avro_ep'
[ 15%] Performing download step (download, verify and extract) for 'arrow_ep'
[ 15%] Performing download step (download, verify and extract) for 'avro_ep'
-- Downloading...
   dst='/gpfs/work5/0/prjs2109/dataset/repos/paimon-cpp/build/arrow_ep-prefix/src/apache-arrow-17.0.0.tar.gz'
   timeout='none'
   inactivity timeout='none'
-- Using src='https://github.com/apache/arrow/releases/download/apache-arrow-17.0.0/apache-arrow-17.0.0.tar.gz'
-- Downloading...
   dst='/gpfs/work5/0/prjs2109/dataset/repos/paimon-cpp/build/avro_ep-prefix/src/c499eefb48aa2db906c7bca14a047223806f36db.tar.gz'
   timeout='none'
   inactivity timeout='none'
-- Using src='https://github.com/apache/avro/archive/c499eefb48aa2db906c7bca14a047223806f36db.tar.gz'
-- Performing Test HAVE_PC_FROM_UCONTEXT_uc_mcontext_gregs_REG_RIP - Success
-- Looking for gmtime_r
-- [download 0% complete]
-- [download 1% complete]
-- [download 2% complete]
-- [download 3% complete]
-- [download 4% complete]
-- [download 5% complete]
-- [download 6% complete]
-- [download 7% complete]
-- [download 8% complete]
-- [download 9% complete]
-- [download 10% complete]
-- [download 11% complete]
-- [download 12% complete]
-- [download 13% complete]
-- [download 14% complete]
-- [download 15% complete]
-- [download 16% complete]
-- [download 17% complete]
-- [download 18% complete]
-- [download 19% complete]
-- [download 20% complete]
-- [download 21% complete]
-- [download 22% complete]
-- [download 23% complete]
-- [download 24% complete]
-- [download 25% complete]
-- [download 26% complete]
-- [download 27% complete]
-- [download 28% complete]
-- [download 29% complete]
-- [download 30% complete]
-- [download 31% complete]
-- [download 32% complete]
-- [download 33% complete]
-- [download 34% complete]
-- [download 35% complete]
-- [download 36% complete]
-- [download 37% complete]
-- [download 38% complete]
-- [download 39% complete]
-- [download 40% complete]
-- [download 41% complete]
-- [download 42% complete]
-- [download 43% complete]
-- [download 44% complete]
-- [download 45% complete]
-- [download 46% complete]
-- [download 47% complete]
-- [download 48% complete]
-- [download 49% complete]
-- [download 50% complete]
-- [download 51% complete]
-- [download 52% complete]
-- [download 53% complete]
-- [download 54% complete]
-- [download 55% complete]
-- [download 56% complete]
-- [download 57% complete]
-- [download 58% complete]
-- [download 59% complete]
-- [download 60% complete]
-- [download 61% complete]
-- [download 62% complete]
-- [download 63% complete]
-- [download 64% complete]
-- [download 65% complete]
-- [download 66% complete]
-- [download 67% complete]
-- [download 68% complete]
-- [download 69% complete]
-- [download 70% complete]
-- [download 71% complete]
-- [download 72% complete]
-- [download 73% complete]
-- [download 74% complete]
-- [download 75% complete]
-- [download 76% complete]
-- [download 77% complete]
-- [download 78% complete]
-- [download 79% complete]
-- [download 80% complete]
-- [download 81% complete]
-- [download 82% complete]
-- [download 83% complete]
-- [download 84% complete]
-- [download 85% complete]
-- [download 86% complete]
-- [download 87% complete]
-- [download 88% complete]
-- [download 89% complete]
-- [download 90% complete]
-- [download 91% complete]
-- [download 92% complete]
-- [download 93% complete]
-- [download 94% complete]
-- [download 95% complete]
-- [download 96% complete]
-- [download 97% complete]
-- [download 98% complete]
-- [download 99% complete]
-- [download 100% complete]
-- verifying file...
       file='/gpfs/work5/0/prjs2109/dataset/repos/paimon-cpp/build/arrow_ep-prefix/src/apache-arrow-17.0.0.tar.gz'
-- verifying file...
       file='/gpfs/work5/0/prjs2109/dataset/repos/paimon-cpp/build/avro_ep-prefix/src/c499eefb48aa2db906c7bca14a047223806f36db.tar.gz'
-- Downloading... done
-- Downloading... done
-- extracting...
     src='/gpfs/work5/0/prjs2109/dataset/repos/paimon-cpp/build/arrow_ep-prefix/src/apache-arrow-17.0.0.tar.gz'
     dst='/gpfs/work5/0/prjs2109/dataset/repos/paimon-cpp/build/arrow_ep-prefix/src/arrow_ep'
-- extracting... [tar xfz]
-- extracting...
     src='/gpfs/work5/0/prjs2109/dataset/repos/paimon-cpp/build/avro_ep-prefix/src/c499eefb48aa2db906c7bca14a047223806f36db.tar.gz'
     dst='/gpfs/work5/0/prjs2109/dataset/repos/paimon-cpp/build/avro_ep-prefix/src/avro_ep'
-- extracting... [tar xfz]
-- Looking for gmtime_r - found
-- Looking for localtime_r
-- Looking for localtime_r - found
-- Performing Test COMPILER_HAS_HIDDEN_VISIBILITY
-- Performing Test COMPILER_HAS_HIDDEN_VISIBILITY - Success
-- Performing Test COMPILER_HAS_HIDDEN_INLINE_VISIBILITY
-- Performing Test COMPILER_HAS_HIDDEN_INLINE_VISIBILITY - Success
-- Performing Test COMPILER_HAS_DEPRECATED_ATTR
-- Performing Test COMPILER_HAS_DEPRECATED_ATTR - Success
-- Configuring done (331.1s)
-- Generating done (0.3s)
CMake Warning:
  Manually-specified variables were not used by the project:

    BUILD_STATIC_LIBS
    CMAKE_C_COMPILER
    CMAKE_C_FLAGS
    CMAKE_POLICY_VERSION_MINIMUM


-- Build files have been written to: /gpfs/work5/0/prjs2109/dataset/repos/paimon-cpp/build/glog_ep-prefix/src/glog_ep-build
-- extracting... [analysis]
-- extracting... [rename]
-- extracting... [clean up]
-- extracting... done
[ 16%] Performing build step for 'glog_ep'
[ 17%] No update step for 'avro_ep'
[ 17%] No patch step for 'avro_ep'
[  8%] Building CXX object CMakeFiles/glog_internal.dir/src/demangle.cc.o
[ 16%] Building CXX object CMakeFiles/glog_internal.dir/src/flags.cc.o
[ 25%] Building CXX object CMakeFiles/glog_internal.dir/src/logging.cc.o
[ 33%] Building CXX object CMakeFiles/glog_internal.dir/src/signalhandler.cc.o
[ 66%] Building CXX object CMakeFiles/glog_internal.dir/src/stacktrace.cc.o
[ 66%] Building CXX object CMakeFiles/glog_internal.dir/src/vlog_is_on.cc.o
[ 66%] Building CXX object CMakeFiles/glog_internal.dir/src/symbolize.cc.o
[ 75%] Building CXX object CMakeFiles/glog_internal.dir/src/utilities.cc.o
[ 75%] Building CXX object CMakeFiles/glog_internal.dir/src/raw_logging.cc.o
[ 18%] Performing configure step for 'avro_ep'
-- The C compiler identification is GNU 14.2.0
-- The CXX compiler identification is GNU 14.2.0
-- Detecting C compiler ABI info
-- Detecting C compiler ABI info - done
-- Check for working C compiler: /sw/arch/RHEL9/EB_production/2025/software/GCCcore/14.2.0/bin/cc - skipped
-- Detecting C compile features
-- Detecting C compile features - done
-- Detecting CXX compiler ABI info
-- Detecting CXX compiler ABI info - done
-- Check for working CXX compiler: /sw/arch/RHEL9/EB_production/2025/software/GCCcore/14.2.0/bin/c++ - skipped
-- Detecting CXX compile features
-- Detecting CXX compile features - done
Enabled snappy codec, version: 1.1.10
-- Performing Test CMAKE_HAVE_LIBC_PTHREAD
-- Performing Test CMAKE_HAVE_LIBC_PTHREAD - Success
-- Found Threads: TRUE
Enabled zstd codec, version: 1.5.7
-- Found ZLIB: /gpfs/work5/0/prjs2109/dataset/repos/paimon-cpp/build/zlib_ep-install/lib/libz.so (found version "1.3.1")
-- Configuring done (6.9s)
-- Generating done (0.3s)
CMake Warning:
  Manually-specified variables were not used by the project:

    BUILD_STATIC_LIBS
    BUILD_TESTING
    CMAKE_POLICY_VERSION_MINIMUM


-- Build files have been written to: /gpfs/work5/0/prjs2109/dataset/repos/paimon-cpp/build/avro_ep-prefix/src/avro_ep-build
[ 18%] Performing build step for 'avro_ep'
[  1%] Building CXX object CMakeFiles/avrocpp.dir/impl/LogicalType.cc.o
[  5%] Building CXX object CMakeFiles/avrocpp_s.dir/impl/LogicalType.cc.o
[  5%] Building CXX object CMakeFiles/avrocpp.dir/impl/Zigzag.cc.o
[  8%] Building CXX object CMakeFiles/avrocpp.dir/impl/GenericDatum.cc.o
[  8%] Building CXX object CMakeFiles/avrocpp.dir/impl/parsing/JsonCodec.cc.o
[ 10%] Building CXX object CMakeFiles/avrocpp_s.dir/impl/Generic.cc.o
[ 16%] Building CXX object CMakeFiles/avrocpp_s.dir/impl/NodeImpl.cc.o
[ 21%] Building CXX object CMakeFiles/avrocpp_s.dir/impl/GenericDatum.cc.o
[ 21%] Building CXX object CMakeFiles/avrocpp_s.dir/impl/DataFile.cc.o
[ 21%] Building CXX object CMakeFiles/avrocpp_s.dir/impl/Compiler.cc.o
[ 21%] Building CXX object CMakeFiles/avrocpp.dir/impl/Schema.cc.o
[ 32%] Building CXX object CMakeFiles/avrocpp_s.dir/impl/Node.cc.o
[ 48%] Building CXX object CMakeFiles/avrocpp_s.dir/impl/ResolverSchema.cc.o
[ 48%] Building CXX object CMakeFiles/avrocpp_s.dir/impl/BinaryDecoder.cc.o
[ 32%] Building CXX object CMakeFiles/avrocpp_s.dir/impl/Schema.cc.o
[ 32%] Building CXX object CMakeFiles/avrocpp.dir/impl/parsing/Symbol.cc.o
[ 32%] Building CXX object CMakeFiles/avrocpp.dir/impl/BinaryEncoder.cc.o
[ 32%] Building CXX object CMakeFiles/avrocpp.dir/impl/ResolverSchema.cc.o
[ 32%] Building CXX object CMakeFiles/avrocpp_s.dir/impl/FileStream.cc.o
[ 50%] Building CXX object CMakeFiles/avrocpp_s.dir/impl/ValidSchema.cc.o
[ 57%] Building CXX object CMakeFiles/avrocpp.dir/impl/DataFile.cc.o
[ 50%] Building CXX object CMakeFiles/avrocpp_s.dir/impl/Types.cc.o
[ 50%] Building CXX object CMakeFiles/avrocpp_s.dir/impl/Zigzag.cc.o
[ 50%] Building CXX object CMakeFiles/avrocpp.dir/impl/Compiler.cc.o
[ 50%] Building CXX object CMakeFiles/avrocpp_s.dir/impl/BinaryEncoder.cc.o
[ 50%] Building CXX object CMakeFiles/avrocpp_s.dir/impl/Stream.cc.o
[ 50%] Building CXX object CMakeFiles/avrocpp.dir/impl/ZstdCompressWrapper.cc.o
[ 50%] Building CXX object CMakeFiles/avrocpp.dir/impl/FileStream.cc.o
[ 67%] Building CXX object CMakeFiles/avrocpp_s.dir/impl/parsing/JsonCodec.cc.o
[ 85%] Building CXX object CMakeFiles/avrocpp.dir/impl/Resolver.cc.o
[ 67%] Building CXX object CMakeFiles/avrocpp.dir/impl/Generic.cc.o
[ 87%] Building CXX object CMakeFiles/avrocpp_s.dir/impl/ZstdCompressWrapper.cc.o
[ 87%] Building CXX object CMakeFiles/avrocpp.dir/impl/Stream.cc.o
[ 87%] Building CXX object CMakeFiles/avrocpp_s.dir/impl/parsing/ResolvingDecoder.cc.o
[ 67%] Building CXX object CMakeFiles/avrocpp.dir/impl/parsing/ValidatingCodec.cc.o
[ 67%] Building CXX object CMakeFiles/avrocpp.dir/impl/BinaryDecoder.cc.o
[ 87%] Building CXX object CMakeFiles/avrocpp_s.dir/impl/json/JsonIO.cc.o
[ 87%] Building CXX object CMakeFiles/avrocpp_s.dir/impl/Validator.cc.o
[ 87%] Building CXX object CMakeFiles/avrocpp_s.dir/impl/json/JsonDom.cc.o
[ 87%] Building CXX object CMakeFiles/avrocpp_s.dir/impl/parsing/ValidatingCodec.cc.o
[ 87%] Building CXX object CMakeFiles/avrocpp.dir/impl/CustomAttributes.cc.o
[ 67%] Building CXX object CMakeFiles/avrocpp.dir/impl/ZstdDecompressWrapper.cc.o
[ 67%] Building CXX object CMakeFiles/avrocpp.dir/impl/Types.cc.o
[ 87%] Building CXX object CMakeFiles/avrocpp.dir/impl/json/JsonIO.cc.o
[ 67%] Building CXX object CMakeFiles/avrocpp.dir/impl/Node.cc.o
[ 67%] Building CXX object CMakeFiles/avrocpp.dir/impl/parsing/ResolvingDecoder.cc.o
[ 67%] Building CXX object CMakeFiles/avrocpp.dir/impl/json/JsonDom.cc.o
[ 87%] Building CXX object CMakeFiles/avrocpp_s.dir/impl/Resolver.cc.o
[ 87%] Building CXX object CMakeFiles/avrocpp.dir/impl/NodeImpl.cc.o
[ 89%] Building CXX object CMakeFiles/avrocpp_s.dir/impl/CustomAttributes.cc.o
[ 91%] Building CXX object CMakeFiles/avrocpp_s.dir/impl/parsing/Symbol.cc.o
[ 92%] Building CXX object CMakeFiles/avrocpp.dir/impl/ValidSchema.cc.o
[ 94%] Building CXX object CMakeFiles/avrocpp_s.dir/impl/ZstdDecompressWrapper.cc.o
[ 96%] Building CXX object CMakeFiles/avrocpp.dir/impl/Validator.cc.o
-- extracting... [analysis]
-- extracting... [rename]
-- extracting... [clean up]
-- extracting... done
[ 75%] Built target glog_internal
[ 18%] No update_disconnected step for 'arrow_ep'
[ 83%] Generating CMakeFiles/glog.cc
[ 18%] Performing patch_disconnected step for 'arrow_ep'
[ 91%] Building CXX object CMakeFiles/glog.dir/CMakeFiles/glog.cc.o
[100%] Linking CXX static library libglog.a
-- arrow_ep patch_disconnected command succeeded.  See also /gpfs/work5/0/prjs2109/dataset/repos/paimon-cpp/build/arrow_ep-prefix/src/arrow_ep-stamp/arrow_ep-patch_disconnected-*.log
[ 18%] Performing configure step for 'arrow_ep'
[100%] Built target glog
-- Building using CMake version: 3.31.3
[ 18%] Performing install step for 'glog_ep'
-- The C compiler identification is GNU 14.2.0
-- The CXX compiler identification is GNU 14.2.0
[ 75%] Built target glog_internal
-- Detecting C compiler ABI info
[100%] Built target glog
Install the project...
-- Install configuration: "RELEASE"
-- Installing: /gpfs/work5/0/prjs2109/dataset/repos/paimon-cpp/build/glog_ep-install/lib/libglog.a
-- Installing: /gpfs/work5/0/prjs2109/dataset/repos/paimon-cpp/build/glog_ep-install/include/glog/export.h
-- Installing: /gpfs/work5/0/prjs2109/dataset/repos/paimon-cpp/build/glog_ep-install/include/glog/log_severity.h
-- Installing: /gpfs/work5/0/prjs2109/dataset/repos/paimon-cpp/build/glog_ep-install/include/glog/logging.h
-- Installing: /gpfs/work5/0/prjs2109/dataset/repos/paimon-cpp/build/glog_ep-install/include/glog/platform.h
-- Installing: /gpfs/work5/0/prjs2109/dataset/repos/paimon-cpp/build/glog_ep-install/include/glog/raw_logging.h
-- Installing: /gpfs/work5/0/prjs2109/dataset/repos/paimon-cpp/build/glog_ep-install/include/glog/stl_logging.h
-- Installing: /gpfs/work5/0/prjs2109/dataset/repos/paimon-cpp/build/glog_ep-install/include/glog/types.h
-- Installing: /gpfs/work5/0/prjs2109/dataset/repos/paimon-cpp/build/glog_ep-install/include/glog/flags.h
-- Installing: /gpfs/work5/0/prjs2109/dataset/repos/paimon-cpp/build/glog_ep-install/include/glog/vlog_is_on.h
-- Installing: /gpfs/work5/0/prjs2109/dataset/repos/paimon-cpp/build/glog_ep-install/lib/cmake/glog/glog-modules.cmake
-- Installing: /gpfs/work5/0/prjs2109/dataset/repos/paimon-cpp/build/glog_ep-install/lib/cmake/glog/glog-config.cmake
-- Installing: /gpfs/work5/0/prjs2109/dataset/repos/paimon-cpp/build/glog_ep-install/lib/cmake/glog/glog-config-version.cmake
-- Installing: /gpfs/work5/0/prjs2109/dataset/repos/paimon-cpp/build/glog_ep-install/lib/cmake/glog/glog-targets.cmake
-- Installing: /gpfs/work5/0/prjs2109/dataset/repos/paimon-cpp/build/glog_ep-install/lib/cmake/glog/glog-targets-release.cmake
-- Detecting C compiler ABI info - done
-- Check for working C compiler: /sw/arch/RHEL9/EB_production/2025/software/GCCcore/14.2.0/bin/cc - skipped
-- Detecting C compile features
-- Detecting C compile features - done
[ 18%] Completed 'glog_ep'
-- Detecting CXX compiler ABI info
[ 18%] Built target glog_ep
-- Detecting CXX compiler ABI info - done
-- Check for working CXX compiler: /sw/arch/RHEL9/EB_production/2025/software/GCCcore/14.2.0/bin/c++ - skipped
-- Detecting CXX compile features
-- Detecting CXX compile features - done
-- Arrow version: 17.0.0 (full: '17.0.0')
-- Arrow SO version: 1700 (full: 1700.0.0)
-- clang-tidy 14 not found
-- clang-format 14 not found
-- Could NOT find ClangTools (missing: CLANG_FORMAT_BIN CLANG_TIDY_BIN) 
-- infer not found
-- Found Python3: /usr/bin/python3.11 (found version "3.11.11") found components: Interpreter
-- Found cpplint executable at /gpfs/work5/0/prjs2109/dataset/repos/paimon-cpp/build/arrow_ep-prefix/src/arrow_ep/cpp/build-support/cpplint.py
-- System processor: x86_64
-- Performing Test CXX_SUPPORTS_SSE4_2
-- Performing Test CXX_SUPPORTS_SSE4_2 - Success
-- Performing Test CXX_SUPPORTS_AVX2
-- Performing Test CXX_SUPPORTS_AVX2 - Success
-- Performing Test CXX_SUPPORTS_AVX512
-- Performing Test CXX_SUPPORTS_AVX512 - Success
-- Arrow build warning level: PRODUCTION
-- Using ld linker
-- Build Type: RELEASE
-- Performing Test CXX_LINKER_SUPPORTS_VERSION_SCRIPT
-- Performing Test CXX_LINKER_SUPPORTS_VERSION_SCRIPT - Success
-- Using AUTO approach to find dependencies
-- ARROW_ABSL_BUILD_VERSION: 20211102.0
-- ARROW_ABSL_BUILD_SHA256_CHECKSUM: dcf71b9cba8dc0ca9940c4b316a0c796be8fab42b070bb6b7cab62b48f0e66c4
-- ARROW_AWS_C_AUTH_BUILD_VERSION: v0.6.22
-- ARROW_AWS_C_AUTH_BUILD_SHA256_CHECKSUM: 691a6b4418afcd3dc141351b6ad33fccd8e3ff84df0e9e045b42295d284ee14c
-- ARROW_AWS_C_CAL_BUILD_VERSION: v0.5.20
-- ARROW_AWS_C_CAL_BUILD_SHA256_CHECKSUM: acc352359bd06f8597415c366cf4ec4f00d0b0da92d637039a73323dd55b6cd0
-- ARROW_AWS_C_COMMON_BUILD_VERSION: v0.8.9
-- ARROW_AWS_C_COMMON_BUILD_SHA256_CHECKSUM: 2f3fbaf7c38eae5a00e2a816d09b81177f93529ae8ba1b82dc8f31407565327a
-- ARROW_AWS_C_COMPRESSION_BUILD_VERSION: v0.2.16
-- ARROW_AWS_C_COMPRESSION_BUILD_SHA256_CHECKSUM: 044b1dbbca431a07bde8255ef9ec443c300fc60d4c9408d4b862f65e496687f4
-- ARROW_AWS_C_EVENT_STREAM_BUILD_VERSION: v0.2.18
-- ARROW_AWS_C_EVENT_STREAM_BUILD_SHA256_CHECKSUM: 310ca617f713bf664e4c7485a3d42c1fb57813abd0107e49790d107def7cde4f
-- ARROW_AWS_C_HTTP_BUILD_VERSION: v0.7.3
-- ARROW_AWS_C_HTTP_BUILD_SHA256_CHECKSUM: 07e16c6bf5eba6f0dea96b6f55eae312a7c95b736f4d2e4a210000f45d8265ae
-- ARROW_AWS_C_IO_BUILD_VERSION: v0.13.14
-- ARROW_AWS_C_IO_BUILD_SHA256_CHECKSUM: 12b66510c3d9a4f7e9b714e9cfab2a5bf835f8b9ce2f909d20ae2a2128608c71
-- ARROW_AWS_C_MQTT_BUILD_VERSION: v0.8.4
-- ARROW_AWS_C_MQTT_BUILD_SHA256_CHECKSUM: 232eeac63e72883d460c686a09b98cdd811d24579affac47c5c3f696f956773f
-- ARROW_AWS_C_S3_BUILD_VERSION: v0.2.3
-- ARROW_AWS_C_S3_BUILD_SHA256_CHECKSUM: a00b3c9f319cd1c9aa2c3fa15098864df94b066dcba0deaccbb3caa952d902fe
-- ARROW_AWS_C_SDKUTILS_BUILD_VERSION: v0.1.6
-- ARROW_AWS_C_SDKUTILS_BUILD_SHA256_CHECKSUM: 8a2951344b2fb541eab1e9ca17c18a7fcbfd2aaff4cdd31d362d1fad96111b91
-- ARROW_AWS_CHECKSUMS_BUILD_VERSION: v0.1.13
-- ARROW_AWS_CHECKSUMS_BUILD_SHA256_CHECKSUM: 0f897686f1963253c5069a0e495b85c31635ba146cd3ac38cc2ea31eaf54694d
-- ARROW_AWS_CRT_CPP_BUILD_VERSION: v0.18.16
-- ARROW_AWS_CRT_CPP_BUILD_SHA256_CHECKSUM: 9e69bc1dc4b50871d1038aa9ff6ddeb4c9b28f7d6b5e5b1b69041ccf50a13483
-- ARROW_AWS_LC_BUILD_VERSION: v1.3.0
-- ARROW_AWS_LC_BUILD_SHA256_CHECKSUM: ae96a3567161552744fc0cae8b4d68ed88b1ec0f3d3c98700070115356da5a37
-- ARROW_AWSSDK_BUILD_VERSION: 1.10.55
-- ARROW_AWSSDK_BUILD_SHA256_CHECKSUM: 2d552fb1a84bef4a9b65e34aa7031851ed2aef5319e02cc6e4cb735c48aa30de
-- ARROW_AZURE_SDK_BUILD_VERSION: azure-core_1.10.3
-- ARROW_AZURE_SDK_BUILD_SHA256_CHECKSUM: dd624c2f86adf474d2d0a23066be6e27af9cbd7e3f8d9d8fd7bf981e884b7b48
-- ARROW_BOOST_BUILD_VERSION: 1.81.0
-- ARROW_BOOST_BUILD_SHA256_CHECKSUM: 9e0ffae35528c35f90468997bc8d99500bf179cbae355415a89a600c38e13574
-- ARROW_BROTLI_BUILD_VERSION: v1.0.9
-- ARROW_BROTLI_BUILD_SHA256_CHECKSUM: f9e8d81d0405ba66d181529af42a3354f838c939095ff99930da6aa9cdf6fe46
-- ARROW_BZIP2_BUILD_VERSION: 1.0.8
-- ARROW_BZIP2_BUILD_SHA256_CHECKSUM: ab5a03176ee106d3f0fa90e381da478ddae405918153cca248e682cd0c4a2269
-- ARROW_CARES_BUILD_VERSION: 1.17.2
-- ARROW_CARES_BUILD_SHA256_CHECKSUM: 4803c844ce20ce510ef0eb83f8ea41fa24ecaae9d280c468c582d2bb25b3913d
-- ARROW_CRC32C_BUILD_VERSION: 1.1.2
-- ARROW_CRC32C_BUILD_SHA256_CHECKSUM: ac07840513072b7fcebda6e821068aa04889018f24e10e46181068fb214d7e56
-- ARROW_GBENCHMARK_BUILD_VERSION: v1.8.3
-- ARROW_GBENCHMARK_BUILD_SHA256_CHECKSUM: 6bc180a57d23d4d9515519f92b0c83d61b05b5bab188961f36ac7b06b0d9e9ce
-- ARROW_GFLAGS_BUILD_VERSION: v2.2.2
-- ARROW_GFLAGS_BUILD_SHA256_CHECKSUM: 34af2f15cf7367513b352bdcd2493ab14ce43692d2dcd9dfc499492966c64dcf
-- ARROW_GLOG_BUILD_VERSION: v0.5.0
-- ARROW_GLOG_BUILD_SHA256_CHECKSUM: eede71f28371bf39aa69b45de23b329d37214016e2055269b3b5e7cfd40b59f5
-- ARROW_GOOGLE_CLOUD_CPP_BUILD_VERSION: v2.22.0
-- ARROW_GOOGLE_CLOUD_CPP_BUILD_SHA256_CHECKSUM: 0c68782e57959c82e0c81def805c01460a042c1aae0c2feee905acaa2a2dc9bf
-- ARROW_GRPC_BUILD_VERSION: v1.46.3
-- ARROW_GRPC_BUILD_SHA256_CHECKSUM: d6cbf22cb5007af71b61c6be316a79397469c58c82a942552a62e708bce60964
-- ARROW_GTEST_BUILD_VERSION: 1.11.0
-- ARROW_GTEST_BUILD_SHA256_CHECKSUM: b4870bf121ff7795ba20d20bcdd8627b8e088f2d1dab299a031c1034eddc93d5
-- ARROW_JEMALLOC_BUILD_VERSION: 5.3.0
-- ARROW_JEMALLOC_BUILD_SHA256_CHECKSUM: 2db82d1e7119df3e71b7640219b6dfe84789bc0537983c3b7ac4f7189aecfeaa
-- ARROW_LZ4_BUILD_VERSION: v1.9.4
-- ARROW_LZ4_BUILD_SHA256_CHECKSUM: 0b0e3aa07c8c063ddf40b082bdf7e37a1562bda40a0ff5272957f3e987e0e54b
-- ARROW_MIMALLOC_BUILD_VERSION: v2.0.6
-- ARROW_MIMALLOC_BUILD_SHA256_CHECKSUM: 9f05c94cc2b017ed13698834ac2a3567b6339a8bde27640df5a1581d49d05ce5
-- ARROW_NLOHMANN_JSON_BUILD_VERSION: v3.10.5
-- ARROW_NLOHMANN_JSON_BUILD_SHA256_CHECKSUM: 5daca6ca216495edf89d167f808d1d03c4a4d929cef7da5e10f135ae1540c7e4
-- ARROW_OPENTELEMETRY_BUILD_VERSION: v1.13.0
-- ARROW_OPENTELEMETRY_BUILD_SHA256_CHECKSUM: 7735cc56507149686e6019e06f588317099d4522480be5f38a2a09ec69af1706
-- ARROW_OPENTELEMETRY_PROTO_BUILD_VERSION: v0.17.0
-- ARROW_OPENTELEMETRY_PROTO_BUILD_SHA256_CHECKSUM: f269fbcb30e17b03caa1decd231ce826e59d7651c0f71c3b28eb5140b4bb5412
-- ARROW_ORC_BUILD_VERSION: 2.0.1
-- ARROW_ORC_BUILD_SHA256_CHECKSUM: 1ffac0228aa83f04a1b1cf2788a3af5953e82587ae3a77c41900e99f2557132d
-- ARROW_PROTOBUF_BUILD_VERSION: v21.3
-- ARROW_PROTOBUF_BUILD_SHA256_CHECKSUM: 2f723218f6cb709ae4cdc4fb5ed56a5951fc5d466f0128ce4c946b8c78c8c49f
-- ARROW_RAPIDJSON_BUILD_VERSION: 232389d4f1012dddec4ef84861face2d2ba85709
-- ARROW_RAPIDJSON_BUILD_SHA256_CHECKSUM: b9290a9a6d444c8e049bd589ab804e0ccf2b05dc5984a19ed5ae75d090064806
-- ARROW_RE2_BUILD_VERSION: 2022-06-01
-- ARROW_RE2_BUILD_SHA256_CHECKSUM: f89c61410a072e5cbcf8c27e3a778da7d6fd2f2b5b1445cd4f4508bee946ab0f
-- ARROW_SNAPPY_BUILD_VERSION: 1.1.10
-- ARROW_SNAPPY_BUILD_SHA256_CHECKSUM: 49d831bffcc5f3d01482340fe5af59852ca2fe76c3e05df0e67203ebbe0f1d90
-- ARROW_SUBSTRAIT_BUILD_VERSION: v0.44.0
-- ARROW_SUBSTRAIT_BUILD_SHA256_CHECKSUM: f989a862f694e7dbb695925ddb7c4ce06aa6c51aca945105c075139aed7e55a2
-- ARROW_S2N_TLS_BUILD_VERSION: v1.3.35
-- ARROW_S2N_TLS_BUILD_SHA256_CHECKSUM: 9d32b26e6bfcc058d98248bf8fc231537e347395dd89cf62bb432b55c5da990d
-- ARROW_THRIFT_BUILD_VERSION: 0.16.0
-- ARROW_THRIFT_BUILD_SHA256_CHECKSUM: f460b5c1ca30d8918ff95ea3eb6291b3951cf518553566088f3f2be8981f6209
-- ARROW_UCX_BUILD_VERSION: 1.12.1
-- ARROW_UCX_BUILD_SHA256_CHECKSUM: 9bef31aed0e28bf1973d28d74d9ac4f8926c43ca3b7010bd22a084e164e31b71
-- ARROW_UTF8PROC_BUILD_VERSION: v2.7.0
-- ARROW_UTF8PROC_BUILD_SHA256_CHECKSUM: 4bb121e297293c0fd55f08f83afab6d35d48f0af4ecc07523ad8ec99aa2b12a1
-- ARROW_XSIMD_BUILD_VERSION: 13.0.0
-- ARROW_XSIMD_BUILD_SHA256_CHECKSUM: 8bdbbad0c3e7afa38d88d0d484d70a1671a1d8aefff03f4223ab2eb6a41110a3
-- ARROW_ZLIB_BUILD_VERSION: 1.3.1
-- ARROW_ZLIB_BUILD_SHA256_CHECKSUM: 9a93b2b7dfdac77ceba5a558a580e74667dd6fede4585b91eefb60f03b72df23
-- ARROW_ZSTD_BUILD_VERSION: 1.5.6
-- ARROW_ZSTD_BUILD_SHA256_CHECKSUM: 8c29e06cf42aacc1eafc4077ae2ec6c6fcb96a626157e0593d5e82a34fd403c1
-- Performing Test CMAKE_HAVE_LIBC_PTHREAD
-- Performing Test CMAKE_HAVE_LIBC_PTHREAD - Success
-- Found Threads: TRUE
-- Looking for _M_ARM64
-- Looking for _M_ARM64 - not found
-- Looking for __SIZEOF_INT128__
-- Looking for __SIZEOF_INT128__ - found
CMake Warning (dev) at cmake_modules/ThirdpartyToolchain.cmake:291 (find_package):
  Policy CMP0167 is not set: The FindBoost module is removed.  Run "cmake
  --help-policy CMP0167" for policy details.  Use the cmake_policy command to
  set the policy and suppress this warning.

Call Stack (most recent call first):
  cmake_modules/ThirdpartyToolchain.cmake:1301 (resolve_dependency)
  CMakeLists.txt:544 (include)
This warning is for project developers.  Use -Wno-dev to suppress it.

-- Found Boost: /usr/lib64/cmake/Boost-1.75.0/BoostConfig.cmake (found suitable version "1.75.0", minimum required is "1.58")
-- Boost include dir: /usr/include
-- Found SnappyAlt: /gpfs/work5/0/prjs2109/dataset/repos/paimon-cpp/build/snappy_ep-install/lib/libsnappy.a
-- Providing CMake module for FindSnappyAlt as part of Arrow CMake package
-- pkg-config package for snappy that is used by arrow for static link isn't found
-- Checking for modules 'libbrotlicommon;libbrotlienc;libbrotlidec'
--   Found libbrotlicommon, version 1.0.9
--   Found libbrotlienc, version 1.0.9
--   Found libbrotlidec, version 1.0.9
-- Could NOT find BrotliAlt (missing: BROTLI_COMMON_LIBRARY BROTLI_ENC_LIBRARY BROTLI_DEC_LIBRARY) 
-- Building brotli from source
-- Building without OpenSSL support. Minimum OpenSSL version 1.0.2 required.
CMake Warning at cmake_modules/FindThriftAlt.cmake:56 (find_package):
  By not providing "FindThrift.cmake" in CMAKE_MODULE_PATH this project has
  asked CMake to find a package configuration file provided by "Thrift", but
  CMake did not find one.

  Could not find a package configuration file provided by "Thrift" (requested
  version 0.11.0) with any of the following names:

    ThriftConfig.cmake
    thrift-config.cmake

  Add the installation prefix of "Thrift" to CMAKE_PREFIX_PATH or set
  "Thrift_DIR" to a directory containing one of the above files.  If "Thrift"
  provides a separate development package or SDK, be sure it has been
  installed.
Call Stack (most recent call first):
  cmake_modules/ThirdpartyToolchain.cmake:291 (find_package)
  cmake_modules/ThirdpartyToolchain.cmake:1785 (resolve_dependency)
  CMakeLists.txt:544 (include)


-- Checking for module 'thrift'
--   Package 'thrift', required by 'virtual:world', not found
-- Could NOT find ThriftAlt: (Required is at least version "0.11.0") (found ThriftAlt_LIB-NOTFOUND)
-- Building Apache Thrift from source
CMake Deprecation Warning at /gpfs/work5/0/prjs2109/dataset/repos/paimon-cpp/build/rapidjson_ep-prefix/src/rapidjson_ep-build/RapidJSONConfig.cmake:3 (cmake_minimum_required):
  Compatibility with CMake < 3.10 will be removed from a future version of
  CMake.

  Update the VERSION argument <min> value.  Or, use the <min>...<max> syntax
  to tell CMake that the project requires at least <min> but has been updated
  to work with policies introduced by <max> or earlier.
Call Stack (most recent call first):
  cmake_modules/FindRapidJSONAlt.cmake:29 (find_package)
  cmake_modules/ThirdpartyToolchain.cmake:291 (find_package)
  cmake_modules/ThirdpartyToolchain.cmake:2464 (resolve_dependency)
  CMakeLists.txt:544 (include)


-- RapidJSON found. Headers: /gpfs/work5/0/prjs2109/dataset/repos/paimon-cpp/build/rapidjson_ep-prefix/src/rapidjson_ep/include
-- Found ZLIB: /gpfs/work5/0/prjs2109/dataset/repos/paimon-cpp/build/zlib_ep-install/lib/libz.so (found version "1.3.1")
-- Using pkg-config package for zlib that is used by arrow for static link
CMake Warning (dev) at cmake_modules/Findlz4Alt.cmake:29 (find_package):
  Policy CMP0144 is not set: find_package uses upper-case <PACKAGENAME>_ROOT
  variables.  Run "cmake --help-policy CMP0144" for policy details.  Use the
  cmake_policy command to set the policy and suppress this warning.

  CMake variable LZ4_ROOT is set to:

    /gpfs/work5/0/prjs2109/dataset/repos/paimon-cpp/build/lz4_ep-install

  For compatibility, find_package is ignoring the variable, but code in a
  .cmake module might still use it.
Call Stack (most recent call first):
  cmake_modules/ThirdpartyToolchain.cmake:291 (find_package)
  cmake_modules/ThirdpartyToolchain.cmake:2613 (resolve_dependency)
  CMakeLists.txt:544 (include)
This warning is for project developers.  Use -Wno-dev to suppress it.

CMake Warning at cmake_modules/Findlz4Alt.cmake:29 (find_package):
  By not providing "Findlz4.cmake" in CMAKE_MODULE_PATH this project has
  asked CMake to find a package configuration file provided by "lz4", but
  CMake did not find one.

  Could not find a package configuration file provided by "lz4" with any of
  the following names:

    lz4Config.cmake
    lz4-config.cmake

  Add the installation prefix of "lz4" to CMAKE_PREFIX_PATH or set "lz4_DIR"
  to a directory containing one of the above files.  If "lz4" provides a
  separate development package or SDK, be sure it has been installed.
Call Stack (most recent call first):
  cmake_modules/ThirdpartyToolchain.cmake:291 (find_package)
  cmake_modules/ThirdpartyToolchain.cmake:2613 (resolve_dependency)
  CMakeLists.txt:544 (include)


-- Found lz4Alt: /gpfs/work5/0/prjs2109/dataset/repos/paimon-cpp/build/lz4_ep-install/lib/liblz4.a
-- Providing CMake module for Findlz4Alt as part of Arrow CMake package
-- pkg-config package for liblz4 that is used by arrow for static link isn't found
CMake Warning (dev) at cmake_modules/FindzstdAlt.cmake:29 (find_package):
  Policy CMP0144 is not set: find_package uses upper-case <PACKAGENAME>_ROOT
  variables.  Run "cmake --help-policy CMP0144" for policy details.  Use the
  cmake_policy command to set the policy and suppress this warning.

  CMake variable ZSTD_ROOT is set to:

    /gpfs/work5/0/prjs2109/dataset/repos/paimon-cpp/build/zstd_ep-install

  For compatibility, find_package is ignoring the variable, but code in a
  .cmake module might still use it.
Call Stack (most recent call first):
  cmake_modules/ThirdpartyToolchain.cmake:291 (find_package)
  cmake_modules/ThirdpartyToolchain.cmake:2668 (resolve_dependency)
  CMakeLists.txt:544 (include)
This warning is for project developers.  Use -Wno-dev to suppress it.

CMake Warning at cmake_modules/FindzstdAlt.cmake:29 (find_package):
  By not providing "Findzstd.cmake" in CMAKE_MODULE_PATH this project has
  asked CMake to find a package configuration file provided by "zstd", but
  CMake did not find one.

  Could not find a package configuration file provided by "zstd" (requested
  version 1.4.0) with any of the following names:

    zstdConfig.cmake
    zstd-config.cmake

  Add the installation prefix of "zstd" to CMAKE_PREFIX_PATH or set
  "zstd_DIR" to a directory containing one of the above files.  If "zstd"
  provides a separate development package or SDK, be sure it has been
  installed.
Call Stack (most recent call first):
  cmake_modules/ThirdpartyToolchain.cmake:291 (find_package)
  cmake_modules/ThirdpartyToolchain.cmake:2668 (resolve_dependency)
  CMakeLists.txt:544 (include)


-- Using ZSTD_ROOT: /gpfs/work5/0/prjs2109/dataset/repos/paimon-cpp/build/zstd_ep-install
-- Found zstdAlt: /gpfs/work5/0/prjs2109/dataset/repos/paimon-cpp/build/zstd_ep-install/lib/libzstd.a (found suitable version "1.5.7", minimum required is "1.4.0")
-- Zstandard library: /gpfs/work5/0/prjs2109/dataset/repos/paimon-cpp/build/zstd_ep-install/lib/libzstd.a
-- Zstandard include directory: /gpfs/work5/0/prjs2109/dataset/repos/paimon-cpp/build/zstd_ep-install/include
-- Providing CMake module for FindzstdAlt as part of Arrow CMake package
-- Using pkg-config package for libzstd that is used by arrow for static link
-- Found Zstandard: zstd::libzstd_static
-- Providing CMake module for Findre2Alt as part of Arrow CMake package
-- pkg-config package for re2 that is used by arrow for static link isn't found
-- Found hdfs.h at: /gpfs/work5/0/prjs2109/dataset/repos/paimon-cpp/build/arrow_ep-prefix/src/arrow_ep/cpp/thirdparty/hadoop/include/hdfs.h
-- All bundled static libraries: Brotli::brotlicommon;Brotli::brotlienc;Brotli::brotlidec;thrift::thrift
-- CMAKE_C_FLAGS:  -O3 -DNDEBUG  -Werror -Wall  -fPIC -Wno-error  -Wall -fno-semantic-interposition 
-- CMAKE_CXX_FLAGS:  -Wno-noexcept-type -Wno-self-move  -Wno-noexcept-type -Wno-stringop-overflow -Wno-free-nonheap-object  -fdiagnostics-color=always -O3 -DNDEBUG   -Wall  -fPIC -Wno-error -Wno-sign-compare -Wno-ignored-attributes -D_GLIBCXX_USE_CXX11_ABI=1 -Wno-error -include cstdint -fdiagnostics-color=always  -Wall -fno-semantic-interposition 
-- CMAKE_C_FLAGS_RELEASE: -O3 -DNDEBUG -O2 -ftree-vectorize 
-- CMAKE_CXX_FLAGS_RELEASE:  -Wno-noexcept-type -Wno-stringop-overflow -Wno-free-nonheap-object  -fdiagnostics-color=always -O3 -DNDEBUG   -Wall  -fPIC -Wno-error -Wno-sign-compare -Wno-ignored-attributes -D_GLIBCXX_USE_CXX11_ABI=1 -Wno-error -include cstdint -O2 -ftree-vectorize 
-- Creating bundled static library target arrow_bundled_dependencies at /gpfs/work5/0/prjs2109/dataset/repos/paimon-cpp/build/arrow_ep-prefix/src/arrow_ep-build/release/libarrow_bundled_dependencies.a
-- Looking for backtrace
-- Looking for backtrace - found
-- backtrace facility detected in default set of libraries
-- Found Backtrace: /usr/include
-- ---------------------------------------------------------------------
-- Arrow version:                                 17.0.0
-- 
-- Build configuration summary:
--   Generator: Unix Makefiles
--   Build type: RELEASE
--   Source directory: /gpfs/work5/0/prjs2109/dataset/repos/paimon-cpp/build/arrow_ep-prefix/src/arrow_ep/cpp
--   Install prefix: /gpfs/work5/0/prjs2109/dataset/repos/paimon-cpp/build/arrow_ep-install
-- 
-- Compile and link options:
-- 
--   ARROW_CXXFLAGS="" [default=""]
--       Compiler flags to append when compiling Arrow
--   ARROW_BUILD_STATIC=ON [default=ON]
--       Build static libraries
--   ARROW_BUILD_SHARED=OFF [default=ON]
--       Build shared libraries
--   ARROW_PACKAGE_KIND="" [default=""]
--       Arbitrary string that identifies the kind of package
--       (for informational purposes)
--   ARROW_GIT_ID=4e582cb2f3978f09364591aa88403fe104626177 [default=""]
--       The Arrow git commit id (if any)
--   ARROW_GIT_DESCRIPTION=v0.2.0 [default=""]
--       The Arrow git commit description (if any)
--   ARROW_POSITION_INDEPENDENT_CODE=ON [default=ON]
--       Whether to create position-independent target
--   ARROW_USE_CCACHE=ON [default=ON]
--       Use ccache when compiling (if available)
--   ARROW_USE_SCCACHE=ON [default=ON]
--       Use sccache when compiling (if available),
--       takes precedence over ccache if a storage backend is configured
--   ARROW_USE_LD_GOLD=OFF [default=OFF]
--       Use ld.gold for linking on Linux (if available)
--   ARROW_USE_LLD=OFF [default=OFF]
--       Use the LLVM lld for linking (if available)
--   ARROW_USE_MOLD=OFF [default=OFF]
--       Use mold for linking on Linux (if available)
--   ARROW_USE_PRECOMPILED_HEADERS=OFF [default=OFF]
--       Use precompiled headers when compiling
--   ARROW_SIMD_LEVEL=NONE [default=DEFAULT|NONE|SSE4_2|AVX2|AVX512|NEON|SVE|SVE128|SVE256|SVE512]
--       Compile-time SIMD optimization level
--   ARROW_RUNTIME_SIMD_LEVEL=NONE [default=MAX|NONE|SSE4_2|AVX2|AVX512]
--       Max runtime SIMD optimization level
--   ARROW_ALTIVEC=ON [default=ON]
--       Build with Altivec if compiler has support
--   ARROW_RPATH_ORIGIN=OFF [default=OFF]
--       Build Arrow libraries with RATH set to $ORIGIN
--   ARROW_INSTALL_NAME_RPATH=ON [default=ON]
--       Build Arrow libraries with install_name set to @rpath
--   ARROW_GGDB_DEBUG=ON [default=ON]
--       Pass -ggdb flag to debug builds
--   ARROW_WITH_MUSL=OFF [default=OFF]
--       Whether the system libc is musl or not
--   ARROW_ENABLE_THREADING=ON [default=ON]
--       Enable threading in Arrow core
-- 
-- Test and benchmark options:
-- 
--   ARROW_BUILD_EXAMPLES=OFF [default=OFF]
--       Build the Arrow examples
--   ARROW_BUILD_TESTS=OFF [default=OFF]
--       Build the Arrow googletest unit tests
--   ARROW_ENABLE_TIMING_TESTS=ON [default=ON]
--       Enable timing-sensitive tests
--   ARROW_BUILD_INTEGRATION=OFF [default=OFF]
--       Build the Arrow integration test executables
--   ARROW_BUILD_BENCHMARKS=OFF [default=OFF]
--       Build the Arrow micro benchmarks
--   ARROW_BUILD_BENCHMARKS_REFERENCE=OFF [default=OFF]
--       Build the Arrow micro reference benchmarks
--   ARROW_BUILD_OPENMP_BENCHMARKS=OFF [default=OFF]
--       Build the Arrow benchmarks that rely on OpenMP
--   ARROW_BUILD_DETAILED_BENCHMARKS=OFF [default=OFF]
--       Build benchmarks that do a longer exploration of performance
--   ARROW_TEST_LINKAGE=static [default=static|shared]
--       Linkage of Arrow libraries with unit tests executables.
--   ARROW_FUZZING=OFF [default=OFF]
--       Build Arrow Fuzzing executables
--   ARROW_LARGE_MEMORY_TESTS=OFF [default=OFF]
--       Enable unit tests which use large memory
-- 
-- Lint options:
-- 
--   ARROW_ONLY_LINT=OFF [default=OFF]
--       Only define the lint and check-format targets
--   ARROW_VERBOSE_LINT=OFF [default=OFF]
--       If off, 'quiet' flags will be passed to linting tools
--   ARROW_GENERATE_COVERAGE=OFF [default=OFF]
--       Build with C++ code coverage enabled
-- 
-- Checks options:
-- 
--   ARROW_TEST_MEMCHECK=OFF [default=OFF]
--       Run the test suite using valgrind --tool=memcheck
--   ARROW_USE_ASAN=OFF [default=OFF]
--       Enable Address Sanitizer checks
--   ARROW_USE_TSAN=OFF [default=OFF]
--       Enable Thread Sanitizer checks
--   ARROW_USE_UBSAN=OFF [default=OFF]
--       Enable Undefined Behavior sanitizer checks
-- 
-- Project component options:
-- 
--   ARROW_ACERO=ON [default=OFF]
--       Build the Arrow Acero Engine Module
--   ARROW_AZURE=OFF [default=OFF]
--       Build Arrow with Azure support (requires the Azure SDK for C++)
--   ARROW_BUILD_UTILITIES=OFF [default=OFF]
--       Build Arrow commandline utilities
--   ARROW_COMPUTE=ON [default=OFF]
--       Build all Arrow Compute kernels
--   ARROW_CSV=OFF [default=OFF]
--       Build the Arrow CSV Parser Module
--   ARROW_CUDA=OFF [default=OFF]
--       Build the Arrow CUDA extensions (requires CUDA toolkit)
--   ARROW_DATASET=ON [default=OFF]
--       Build the Arrow Dataset Modules
--   ARROW_FILESYSTEM=ON [default=OFF]
--       Build the Arrow Filesystem Layer
--   ARROW_FLIGHT=OFF [default=OFF]
--       Build the Arrow Flight RPC System (requires GRPC, Protocol Buffers)
--   ARROW_FLIGHT_SQL=OFF [default=OFF]
--       Build the Arrow Flight SQL extension
--   ARROW_GANDIVA=OFF [default=OFF]
--       Build the Gandiva libraries
--   ARROW_GCS=OFF [default=OFF]
--       Build Arrow with GCS support (requires the GCloud SDK for C++)
--   ARROW_HDFS=OFF [default=OFF]
--       Build the Arrow HDFS bridge
--   ARROW_IPC=ON [default=ON]
--       Build the Arrow IPC extensions
--   ARROW_JEMALLOC=OFF [default=ON]
--       Build the Arrow jemalloc-based allocator
--   ARROW_JSON=ON [default=OFF]
--       Build Arrow with JSON support (requires RapidJSON)
--   ARROW_MIMALLOC=OFF [default=OFF]
--       Build the Arrow mimalloc-based allocator
--   ARROW_PARQUET=ON [default=OFF]
--       Build the Parquet libraries
--   ARROW_ORC=OFF [default=OFF]
--       Build the Arrow ORC adapter
--   ARROW_PYTHON=OFF [default=OFF]
--       Build some components needed by PyArrow.
--       (This is a deprecated option. Use CMake presets instead.)
--   ARROW_S3=OFF [default=OFF]
--       Build Arrow with S3 support (requires the AWS SDK for C++)
--   ARROW_SKYHOOK=OFF [default=OFF]
--       Build the Skyhook libraries
--   ARROW_SUBSTRAIT=OFF [default=OFF]
--       Build the Arrow Substrait Consumer Module
--   ARROW_TENSORFLOW=OFF [default=OFF]
--       Build Arrow with TensorFlow support enabled
--   ARROW_TESTING=OFF [default=OFF]
--       Build the Arrow testing libraries
-- 
-- Thirdparty toolchain options:
-- 
--   ARROW_DEPENDENCY_SOURCE=AUTO [default=AUTO|BUNDLED|SYSTEM|CONDA|VCPKG|BREW]
--       Method to use for acquiring arrow's build dependencies
--   ARROW_VERBOSE_THIRDPARTY_BUILD=OFF [default=OFF]
--       Show output from ExternalProjects rather than just logging to files
--   ARROW_DEPENDENCY_USE_SHARED=OFF [default=ON]
--       Link to shared libraries
--   ARROW_BOOST_USE_SHARED=OFF [default=OFF]
--       Rely on Boost shared libraries where relevant
--   ARROW_BROTLI_USE_SHARED=OFF [default=OFF]
--       Rely on Brotli shared libraries where relevant
--   ARROW_BZ2_USE_SHARED=OFF [default=OFF]
--       Rely on Bz2 shared libraries where relevant
--   ARROW_GFLAGS_USE_SHARED=OFF [default=OFF]
--       Rely on GFlags shared libraries where relevant
--   ARROW_GRPC_USE_SHARED=OFF [default=OFF]
--       Rely on gRPC shared libraries where relevant
--   ARROW_JEMALLOC_USE_SHARED=OFF [default=OFF]
--       Rely on jemalloc shared libraries where relevant
--   ARROW_LLVM_USE_SHARED=OFF [default=OFF]
--       Rely on LLVM shared libraries where relevant
--   ARROW_LZ4_USE_SHARED=OFF [default=OFF]
--       Rely on lz4 shared libraries where relevant
--   ARROW_OPENSSL_USE_SHARED=OFF [default=OFF]
--       Rely on OpenSSL shared libraries where relevant
--   ARROW_PROTOBUF_USE_SHARED=OFF [default=OFF]
--       Rely on Protocol Buffers shared libraries where relevant
--   ARROW_SNAPPY_USE_SHARED=OFF [default=OFF]
--       Rely on snappy shared libraries where relevant
--   ARROW_THRIFT_USE_SHARED=OFF [default=OFF]
--       Rely on thrift shared libraries where relevant
--   ARROW_UTF8PROC_USE_SHARED=OFF [default=OFF]
--       Rely on utf8proc shared libraries where relevant
--   ARROW_ZSTD_USE_SHARED=OFF [default=OFF]
--       Rely on zstd shared libraries where relevant
--   ARROW_USE_GLOG=OFF [default=OFF]
--       Build libraries with glog support for pluggable logging
--   ARROW_WITH_BACKTRACE=ON [default=ON]
--       Build with backtrace support
--   ARROW_WITH_OPENTELEMETRY=OFF [default=OFF]
--       Build libraries with OpenTelemetry support for distributed tracing
--   ARROW_WITH_BROTLI=ON [default=OFF]
--       Build with Brotli compression
--   ARROW_WITH_BZ2=OFF [default=OFF]
--       Build with BZ2 compression
--   ARROW_WITH_LZ4=ON [default=OFF]
--       Build with lz4 compression
--   ARROW_WITH_SNAPPY=ON [default=OFF]
--       Build with Snappy compression
--   ARROW_WITH_ZLIB=ON [default=OFF]
--       Build with zlib compression
--   ARROW_WITH_ZSTD=ON [default=OFF]
--       Build with zstd compression
--   ARROW_WITH_UCX=OFF [default=OFF]
--       Build with UCX transport for Arrow Flight
--       (only used if ARROW_FLIGHT is ON)
--   ARROW_WITH_UTF8PROC=OFF [default=ON]
--       Build with support for Unicode properties using the utf8proc library
--       (only used if ARROW_COMPUTE is ON or ARROW_GANDIVA is ON)
--   ARROW_WITH_RE2=ON [default=ON]
--       Build with support for regular expressions using the re2 library
--       (only used if ARROW_COMPUTE or ARROW_GANDIVA is ON)
-- 
-- Parquet options:
-- 
--   PARQUET_MINIMAL_DEPENDENCY=OFF [default=OFF]
--       Depend only on Thirdparty headers to build libparquet.
--       Always OFF if building binaries
--   PARQUET_BUILD_EXECUTABLES=OFF [default=OFF]
--       Build the Parquet executable CLI tools. Requires static libraries to be built.
--   PARQUET_BUILD_EXAMPLES=OFF [default=OFF]
--       Build the Parquet examples. Requires static libraries to be built.
--   PARQUET_REQUIRE_ENCRYPTION=OFF [default=OFF]
--       Build support for encryption. Fail if OpenSSL is not found
-- 
-- Gandiva options:
-- 
--   ARROW_GANDIVA_STATIC_LIBSTDCPP=OFF [default=OFF]
--       Include -static-libstdc++ -static-libgcc when linking with
--       Gandiva static libraries
--   ARROW_GANDIVA_PC_CXX_FLAGS="" [default=""]
--       Compiler flags to append when pre-compiling Gandiva operations
-- 
-- Advanced developer options:
-- 
--   ARROW_EXTRA_ERROR_CONTEXT=OFF [default=OFF]
--       Compile with extra error context (line numbers, code)
--   ARROW_OPTIONAL_INSTALL=OFF [default=OFF]
--       If enabled install ONLY targets that have already been built. Please be
--       advised that if this is enabled 'install' will fail silently on components
--       that have not been built
--   ARROW_GDB_INSTALL_DIR="" [default=""]
--       Use a custom install directory for GDB plugin.
--       In general, you don't need to specify this because the default
--       (CMAKE_INSTALL_FULL_BINDIR on Windows, CMAKE_INSTALL_FULL_LIBDIR otherwise)
--       is reasonable.
--   Outputting build configuration summary to /gpfs/work5/0/prjs2109/dataset/repos/paimon-cpp/build/arrow_ep-prefix/src/arrow_ep-build/cmake_summary.json
-- Configuring done (348.5s)
-- protobuf_ep build command succeeded.  See also /gpfs/work5/0/prjs2109/dataset/repos/paimon-cpp/build/protobuf_ep-prefix/src/protobuf_ep-stamp/protobuf_ep-build-*.log
[ 19%] Performing install step for 'protobuf_ep'
[ 98%] Linking CXX shared library libavrocpp.so
[100%] Linking CXX static library libavrocpp_s.a
[100%] Built target avrocpp_s
[100%] Built target avrocpp
-- Generating done (4.0s)
CMake Warning:
  Manually-specified variables were not used by the project:

    BUILD_STATIC_LIBS
    BUILD_TESTING
    CMAKE_POLICY_VERSION_MINIMUM


-- Build files have been written to: /gpfs/work5/0/prjs2109/dataset/repos/paimon-cpp/build/arrow_ep-prefix/src/arrow_ep-build
[ 19%] Performing install step for 'avro_ep'
[ 19%] Performing build step for 'arrow_ep'
[  0%] Building CXX object src/arrow/CMakeFiles/arrow_json.dir/json/reader.cc.o
[  0%] Building CXX object src/arrow/CMakeFiles/arrow_array.dir/array/array_nested.cc.o
[  0%] Building CXX object src/arrow/CMakeFiles/arrow_array.dir/array/array_run_end.cc.o
[  0%] Building CXX object src/arrow/CMakeFiles/arrow_array.dir/array/builder_decimal.cc.o
[  1%] Building CXX object src/arrow/CMakeFiles/arrow_array.dir/array/array_decimal.cc.o
[  1%] Creating directories for 'thrift_ep'
[  1%] Building CXX object src/arrow/CMakeFiles/arrow_array.dir/array/builder_nested.cc.o
[  1%] Building CXX object src/arrow/CMakeFiles/arrow_array.dir/array/array_dict.cc.o
[  1%] Building CXX object src/arrow/CMakeFiles/arrow_ipc.dir/ipc/writer.cc.o
[  1%] Building CXX object src/arrow/CMakeFiles/arrow_vendored.dir/vendored/datetime/tz.cpp.o
[  1%] Building CXX object src/arrow/CMakeFiles/arrow_json.dir/json/converter.cc.o
[  1%] Building CXX object src/arrow/CMakeFiles/arrow_ipc.dir/ipc/dictionary.cc.o
[  1%] Building CXX object src/arrow/CMakeFiles/arrow_io.dir/io/transform.cc.o
[  2%] Building CXX object src/arrow/CMakeFiles/arrow_json.dir/json/parser.cc.o
[  3%] Building CXX object src/arrow/CMakeFiles/arrow_io.dir/io/file.cc.o
[  2%] Building CXX object src/arrow/CMakeFiles/arrow_json.dir/json/object_writer.cc.o
[  3%] Building CXX object src/arrow/CMakeFiles/arrow_ipc.dir/ipc/message.cc.o
[  3%] Building CXX object src/arrow/CMakeFiles/arrow_io.dir/io/hdfs_internal.cc.o
[  3%] Building CXX object src/arrow/CMakeFiles/arrow_compute.dir/compute/cast.cc.o
[  4%] Building CXX object src/arrow/CMakeFiles/arrow_vendored.dir/vendored/double-conversion/bignum-dtoa.cc.o
[  4%] Building CXX object src/arrow/CMakeFiles/arrow_compute.dir/compute/ordering.cc.o
[  4%] Building CXX object src/arrow/CMakeFiles/arrow_array.dir/array/builder_run_end.cc.o
[  5%] Building CXX object src/arrow/CMakeFiles/arrow_ipc.dir/ipc/options.cc.o
[  5%] Creating directories for 'brotli_ep'
[  5%] Building CXX object src/arrow/CMakeFiles/arrow_json.dir/json/object_parser.cc.o
[  5%] Building CXX object src/arrow/CMakeFiles/arrow_array.dir/array/builder_union.cc.o
[  6%] Building CXX object src/arrow/CMakeFiles/arrow_io.dir/io/interfaces.cc.o
[  6%] Building CXX object src/arrow/CMakeFiles/arrow_io.dir/io/caching.cc.o
[  6%] Building CXX object src/arrow/CMakeFiles/arrow_io.dir/io/buffered.cc.o
[  6%] Building CXX object src/arrow/CMakeFiles/arrow_vendored.dir/vendored/base64.cpp.o
[  6%] Building CXX object src/arrow/CMakeFiles/arrow_ipc.dir/ipc/json_simple.cc.o
[  6%] Building CXX object src/arrow/CMakeFiles/arrow_ipc.dir/ipc/metadata_internal.cc.o
[  6%] Building CXX object src/arrow/CMakeFiles/arrow_array.dir/array/builder_adaptive.cc.o
[  6%] Building CXX object src/arrow/CMakeFiles/arrow_compute.dir/compute/api_aggregate.cc.o
[  7%] Building CXX object src/arrow/CMakeFiles/arrow_memory_pool.dir/memory_pool.cc.o
[  7%] Building CXX object src/arrow/CMakeFiles/arrow_filesystem.dir/filesystem/mockfs.cc.o
[  7%] Building CXX object src/arrow/CMakeFiles/arrow_compute.dir/compute/api_scalar.cc.o
[  9%] Building CXX object src/arrow/CMakeFiles/arrow_compute.dir/compute/kernels/row_encoder.cc.o
[  7%] Building CXX object src/arrow/CMakeFiles/arrow_compute.dir/compute/kernels/scalar_cast_boolean.cc.o
[  9%] Building C object src/arrow/CMakeFiles/arrow_vendored.dir/vendored/uriparser/UriCompare.c.o
[ 10%] Building CXX object src/arrow/CMakeFiles/arrow_json.dir/json/chunker.cc.o
[ 10%] Building CXX object src/arrow/CMakeFiles/arrow_json.dir/json/options.cc.o
[ 12%] Building CXX object src/arrow/CMakeFiles/arrow_array.dir/array/builder_primitive.cc.o
[ 12%] Building CXX object src/arrow/CMakeFiles/arrow_array.dir/array/array_primitive.cc.o
[ 12%] Building CXX object src/arrow/CMakeFiles/arrow_json.dir/json/chunked_builder.cc.o
[ 12%] Building CXX object src/arrow/CMakeFiles/arrow_ipc.dir/ipc/reader.cc.o
[ 12%] Building CXX object src/arrow/CMakeFiles/arrow_array.dir/array/util.cc.o
[ 12%] Building CXX object src/arrow/CMakeFiles/arrow_vendored.dir/vendored/double-conversion/cached-powers.cc.o
[ 12%] Building C object src/arrow/CMakeFiles/arrow_vendored.dir/vendored/musl/strptime.c.o
[ 14%] Building CXX object src/arrow/CMakeFiles/arrow_io.dir/io/hdfs.cc.o
[ 14%] Building CXX object src/arrow/CMakeFiles/arrow_compute.dir/compute/api_vector.cc.o
[ 14%] Building CXX object src/arrow/CMakeFiles/arrow_array.dir/array/builder_dict.cc.o
[ 14%] Building CXX object src/arrow/CMakeFiles/arrow_array.dir/array/array_binary.cc.o
[ 14%] Building C object src/arrow/CMakeFiles/arrow_vendored.dir/vendored/uriparser/UriNormalize.c.o
[ 15%] Building CXX object src/arrow/CMakeFiles/arrow_filesystem.dir/filesystem/filesystem.cc.o
[ 16%] Building CXX object src/arrow/CMakeFiles/arrow_vendored.dir/vendored/double-conversion/fast-dtoa.cc.o
[ 16%] Building CXX object src/arrow/CMakeFiles/arrow_ipc.dir/ipc/feather.cc.o
[ 17%] Building CXX object src/arrow/CMakeFiles/arrow_compute.dir/compute/function_internal.cc.o
[ 17%] Building CXX object src/arrow/CMakeFiles/arrow_vendored.dir/vendored/double-conversion/bignum.cc.o
[ 18%] Building CXX object src/arrow/CMakeFiles/arrow_compute.dir/compute/kernels/util_internal.cc.o
[ 18%] Building CXX object src/arrow/CMakeFiles/arrow_array.dir/array/data.cc.o
[ 18%] Building CXX object src/arrow/CMakeFiles/arrow_array.dir/array/concatenate.cc.o
[ 18%] Building CXX object src/arrow/CMakeFiles/arrow_compute.dir/compute/function.cc.o
[ 18%] Building CXX object src/arrow/CMakeFiles/arrow_vendored.dir/vendored/double-conversion/fixed-dtoa.cc.o
[ 18%] Building CXX object src/arrow/CMakeFiles/arrow_compute.dir/compute/light_array_internal.cc.o
[ 18%] Building CXX object src/arrow/CMakeFiles/arrow_array.dir/array/array_base.cc.o
[ 19%] Building CXX object src/arrow/CMakeFiles/arrow_filesystem.dir/filesystem/localfs.cc.o
[ 19%] Building CXX object src/arrow/CMakeFiles/arrow_compute.dir/compute/util.cc.o
[ 19%] Building CXX object src/arrow/CMakeFiles/arrow_compute.dir/compute/kernels/aggregate_mode.cc.o
[ 19%] Building CXX object src/arrow/CMakeFiles/arrow_compute.dir/compute/kernels/scalar_string_utf8.cc.o
[ 20%] Building CXX object src/arrow/CMakeFiles/arrow_compute.dir/compute/kernels/vector_selection.cc.o
[ 20%] Building CXX object src/arrow/CMakeFiles/arrow_compute.dir/compute/kernel.cc.o
[ 20%] Building C object src/arrow/CMakeFiles/arrow_vendored.dir/vendored/uriparser/UriResolve.c.o
[ 21%] Building CXX object src/arrow/CMakeFiles/arrow_compute.dir/compute/kernels/scalar_temporal_binary.cc.o
[ 21%] Building CXX object src/arrow/CMakeFiles/arrow_filesystem.dir/filesystem/path_util.cc.o
[ 21%] Building CXX object src/arrow/CMakeFiles/arrow_compute.dir/compute/kernels/scalar_temporal_unary.cc.o
[ 21%] Building CXX object src/arrow/CMakeFiles/arrow_compute.dir/compute/util_internal.cc.o
[ 21%] Building CXX object src/arrow/CMakeFiles/arrow_array.dir/array/builder_binary.cc.o
[ 21%] Building CXX object src/arrow/CMakeFiles/arrow_compute.dir/compute/kernels/scalar_cast_internal.cc.o
[ 21%] Building CXX object src/arrow/CMakeFiles/arrow_compute.dir/compute/key_map_internal.cc.o
[ 22%] Building CXX object src/arrow/CMakeFiles/arrow_compute.dir/compute/kernels/aggregate_basic.cc.o
[ 22%] Building CXX object src/arrow/CMakeFiles/arrow_compute.dir/compute/kernels/vector_selection_take_internal.cc.o
[ 22%] Building CXX object src/arrow/CMakeFiles/arrow_vendored.dir/vendored/double-conversion/double-to-string.cc.o
[ 22%] Building CXX object src/arrow/CMakeFiles/arrow_compute.dir/compute/kernels/vector_nested.cc.o
[ 22%] Building CXX object src/arrow/CMakeFiles/arrow_compute.dir/compute/kernels/scalar_random.cc.o
[ 22%] Building CXX object src/arrow/CMakeFiles/arrow_compute.dir/compute/kernels/vector_array_sort.cc.o
[ 23%] Building CXX object src/arrow/CMakeFiles/arrow_io.dir/io/stdio.cc.o
[ 23%] Building C object src/arrow/CMakeFiles/arrow_vendored.dir/vendored/uriparser/UriParse.c.o
[ 24%] Building CXX object src/arrow/CMakeFiles/arrow_compute.dir/compute/kernels/scalar_arithmetic.cc.o
[ 24%] Building CXX object src/arrow/CMakeFiles/arrow_compute.dir/compute/expression.cc.o
[ 27%] Building C object src/arrow/CMakeFiles/arrow_vendored.dir/vendored/uriparser/UriShorten.c.o
[ 27%] Building CXX object src/arrow/CMakeFiles/arrow_compute.dir/compute/kernels/scalar_nested.cc.o
[ 27%] Building CXX object src/arrow/CMakeFiles/arrow_json.dir/extension/fixed_shape_tensor.cc.o
[ 27%] Building CXX object src/arrow/CMakeFiles/arrow_compute.dir/compute/kernels/aggregate_quantile.cc.o
[ 27%] Building CXX object src/arrow/CMakeFiles/arrow_io.dir/io/memory.cc.o
[ 28%] Building C object src/arrow/CMakeFiles/arrow_vendored.dir/vendored/uriparser/UriNormalizeBase.c.o
[ 28%] Building CXX object src/arrow/CMakeFiles/arrow_compute.dir/compute/kernels/vector_selection_internal.cc.o
[ 28%] Building C object src/arrow/CMakeFiles/arrow_vendored.dir/vendored/uriparser/UriCommon.c.o
[ 28%] Building CXX object src/arrow/CMakeFiles/arrow_compute.dir/compute/kernels/vector_hash.cc.o
[ 28%] Building CXX object src/arrow/CMakeFiles/arrow_compute.dir/compute/kernels/scalar_if_else.cc.o
[ 28%] Building CXX object src/arrow/CMakeFiles/arrow_compute.dir/compute/kernels/scalar_cast_temporal.cc.o
[ 29%] Building CXX object src/arrow/CMakeFiles/arrow_compute.dir/compute/kernels/scalar_set_lookup.cc.o
[ 29%] Building CXX object src/arrow/CMakeFiles/arrow_compute.dir/compute/kernels/ree_util_internal.cc.o
[ 29%] Building CXX object src/arrow/CMakeFiles/arrow_io.dir/io/compressed.cc.o
[ 31%] Building CXX object src/arrow/CMakeFiles/arrow_compute.dir/compute/kernels/codegen_internal.cc.o
[ 32%] Building CXX object src/arrow/CMakeFiles/arrow_compute.dir/compute/row/encode_internal.cc.o
[ 32%] Building CXX object src/arrow/CMakeFiles/arrow_compute.dir/compute/kernels/aggregate_var_std.cc.o
[ 32%] Building CXX object src/arrow/CMakeFiles/arrow_compute.dir/compute/kernels/vector_run_end_encode.cc.o
[ 32%] Building CXX object src/arrow/CMakeFiles/arrow_compute.dir/compute/kernels/vector_select_k.cc.o
[ 32%] Building CXX object src/arrow/CMakeFiles/arrow_compute.dir/compute/exec.cc.o
[ 33%] Building C object src/arrow/CMakeFiles/arrow_vendored.dir/vendored/uriparser/UriIp4Base.c.o
[ 35%] Building CXX object src/arrow/CMakeFiles/arrow_compute.dir/compute/kernels/vector_selection_filter_internal.cc.o
[ 35%] Building CXX object src/arrow/CMakeFiles/arrow_compute.dir/compute/kernels/scalar_string_ascii.cc.o
[ 35%] Building CXX object src/arrow/CMakeFiles/arrow_array.dir/array/diff.cc.o
[ 36%] Building CXX object src/arrow/CMakeFiles/arrow_compute.dir/compute/kernels/scalar_cast_dictionary.cc.o
[ 36%] Building CXX object src/arrow/CMakeFiles/arrow_vendored.dir/vendored/double-conversion/string-to-double.cc.o
[ 36%] Building CXX object src/arrow/CMakeFiles/arrow_compute.dir/compute/kernels/scalar_validity.cc.o
[ 36%] Building C object src/arrow/CMakeFiles/arrow_vendored.dir/vendored/uriparser/UriIp4.c.o
[ 36%] Building CXX object src/arrow/CMakeFiles/arrow_compute.dir/compute/kernels/scalar_round.cc.o
[ 38%] Building C object src/arrow/CMakeFiles/arrow_vendored.dir/vendored/uriparser/UriFile.c.o
[ 38%] Building C object src/arrow/CMakeFiles/arrow_vendored.dir/vendored/uriparser/UriQuery.c.o
[ 38%] Building C object src/arrow/CMakeFiles/arrow_vendored.dir/vendored/uriparser/UriMemory.c.o
[ 39%] Building CXX object src/arrow/CMakeFiles/arrow_compute.dir/compute/kernels/vector_rank.cc.o
[ 39%] Building CXX object src/arrow/CMakeFiles/arrow_array.dir/array/validate.cc.o
[ 39%] Building CXX object src/arrow/CMakeFiles/arrow_io.dir/io/slow.cc.o
[ 40%] Building CXX object src/arrow/CMakeFiles/arrow_compute.dir/compute/kernels/scalar_cast_nested.cc.o
[ 40%] Building CXX object src/arrow/CMakeFiles/arrow_compute.dir/compute/kernels/vector_sort.cc.o
[ 40%] Building C object src/arrow/CMakeFiles/arrow_vendored.dir/vendored/uriparser/UriEscape.c.o
[ 41%] Building CXX object src/arrow/CMakeFiles/arrow_compute.dir/compute/kernels/scalar_compare.cc.o
[ 41%] Building CXX object src/arrow/CMakeFiles/arrow_filesystem.dir/filesystem/util_internal.cc.o
[ 42%] Building CXX object src/arrow/CMakeFiles/arrow_compute.dir/compute/kernels/vector_cumulative_ops.cc.o
[ 42%] Building CXX object src/arrow/CMakeFiles/arrow_compute.dir/compute/row/grouper.cc.o
[ 42%] Building CXX object src/arrow/CMakeFiles/arrow_compute.dir/compute/kernels/scalar_cast_extension.cc.o
[ 42%] Building C object src/arrow/CMakeFiles/arrow_vendored.dir/vendored/uriparser/UriRecompose.c.o
[ 42%] Building CXX object src/arrow/CMakeFiles/arrow_compute.dir/compute/registry.cc.o
[ 42%] Building CXX object src/arrow/CMakeFiles/arrow_array.dir/array/builder_base.cc.o
[ 42%] Building CXX object src/arrow/CMakeFiles/arrow_compute.dir/compute/kernels/hash_aggregate.cc.o
[ 43%] Building CXX object src/arrow/CMakeFiles/arrow_compute.dir/compute/kernels/scalar_cast_string.cc.o
[ 43%] Building CXX object src/arrow/CMakeFiles/arrow_compute.dir/compute/row/row_internal.cc.o
[ 43%] Building CXX object src/arrow/CMakeFiles/arrow_compute.dir/compute/kernels/scalar_cast_numeric.cc.o
[ 43%] Building CXX object src/arrow/CMakeFiles/arrow_compute.dir/compute/kernels/vector_pairwise.cc.o
[ 43%] Building CXX object src/arrow/CMakeFiles/arrow_compute.dir/compute/row/compare_internal.cc.o
[ 44%] Building CXX object src/arrow/CMakeFiles/arrow_compute.dir/compute/kernels/vector_replace.cc.o
[ 44%] Building CXX object src/arrow/CMakeFiles/arrow_compute.dir/compute/kernels/aggregate_tdigest.cc.o
[ 44%] Building C object src/arrow/CMakeFiles/arrow_vendored.dir/vendored/uriparser/UriParseBase.c.o
[ 44%] Building CXX object src/arrow/CMakeFiles/arrow_compute.dir/compute/key_hash_internal.cc.o
[ 44%] Building CXX object src/arrow/CMakeFiles/arrow_compute.dir/compute/kernels/scalar_boolean.cc.o
[ 45%] Building CXX object src/arrow/CMakeFiles/arrow_vendored.dir/vendored/double-conversion/strtod.cc.o
[ 45%] Performing download step (download, verify and extract) for 'brotli_ep'
[ 45%] Performing download step (download, verify and extract) for 'thrift_ep'
[ 58%] Built target avrocpp
[100%] Built target avrocpp_s
-- brotli_ep download command succeeded.  See also /gpfs/work5/0/prjs2109/dataset/repos/paimon-cpp/build/arrow_ep-prefix/src/arrow_ep-build/brotli_ep-prefix/src/brotli_ep-stamp/brotli_ep-download-*.log
[ 45%] No update step for 'brotli_ep'
[ 46%] No patch step for 'brotli_ep'
Install the project...
-- Install configuration: "RELEASE"
-- Installing: /gpfs/work5/0/prjs2109/dataset/repos/paimon-cpp/build/avro_ep-install/lib/libavrocpp.so.1.13.0-SNAPSHOT
[ 47%] Performing configure step for 'brotli_ep'
-- Set non-toolchain portion of runtime path of "/gpfs/work5/0/prjs2109/dataset/repos/paimon-cpp/build/avro_ep-install/lib/libavrocpp.so.1.13.0-SNAPSHOT" to ""
-- Installing: /gpfs/work5/0/prjs2109/dataset/repos/paimon-cpp/build/avro_ep-install/lib/libavrocpp.so
-- Installing: /gpfs/work5/0/prjs2109/dataset/repos/paimon-cpp/build/avro_ep-install/lib/libavrocpp_s.a
-- Installing: /gpfs/work5/0/prjs2109/dataset/repos/paimon-cpp/build/avro_ep-install/include/avro
-- Installing: /gpfs/work5/0/prjs2109/dataset/repos/paimon-cpp/build/avro_ep-install/include/avro/Serializer.hh
-- Installing: /gpfs/work5/0/prjs2109/dataset/repos/paimon-cpp/build/avro_ep-install/include/avro/Specific.hh
-- Installing: /gpfs/work5/0/prjs2109/dataset/repos/paimon-cpp/build/avro_ep-install/include/avro/DataFile.hh
-- Installing: /gpfs/work5/0/prjs2109/dataset/repos/paimon-cpp/build/avro_ep-install/include/avro/Reader.hh
-- Installing: /gpfs/work5/0/prjs2109/dataset/repos/paimon-cpp/build/avro_ep-install/include/avro/GenericDatum.hh
-- Installing: /gpfs/work5/0/prjs2109/dataset/repos/paimon-cpp/build/avro_ep-install/include/avro/ResolverSchema.hh
-- Installing: /gpfs/work5/0/prjs2109/dataset/repos/paimon-cpp/build/avro_ep-install/include/avro/SchemaResolution.hh
-- Installing: /gpfs/work5/0/prjs2109/dataset/repos/paimon-cpp/build/avro_ep-install/include/avro/Writer.hh
-- Installing: /gpfs/work5/0/prjs2109/dataset/repos/paimon-cpp/build/avro_ep-install/include/avro/Compiler.hh
-- Installing: /gpfs/work5/0/prjs2109/dataset/repos/paimon-cpp/build/avro_ep-install/include/avro/Validator.hh
-- Installing: /gpfs/work5/0/prjs2109/dataset/repos/paimon-cpp/build/avro_ep-install/include/avro/NodeConcepts.hh
-- Installing: /gpfs/work5/0/prjs2109/dataset/repos/paimon-cpp/build/avro_ep-install/include/avro/Parser.hh
-- Installing: /gpfs/work5/0/prjs2109/dataset/repos/paimon-cpp/build/avro_ep-install/include/avro/ValidSchema.hh
-- Installing: /gpfs/work5/0/prjs2109/dataset/repos/paimon-cpp/build/avro_ep-install/include/avro/LogicalType.hh
-- Installing: /gpfs/work5/0/prjs2109/dataset/repos/paimon-cpp/build/avro_ep-install/include/avro/AvroParse.hh
-- Installing: /gpfs/work5/0/prjs2109/dataset/repos/paimon-cpp/build/avro_ep-install/include/avro/ResolvingReader.hh
-- Installing: /gpfs/work5/0/prjs2109/dataset/repos/paimon-cpp/build/avro_ep-install/include/avro/Generic.hh
-- Installing: /gpfs/work5/0/prjs2109/dataset/repos/paimon-cpp/build/avro_ep-install/include/avro/NodeImpl.hh
-- Installing: /gpfs/work5/0/prjs2109/dataset/repos/paimon-cpp/build/avro_ep-install/include/avro/Exception.hh
-- Installing: /gpfs/work5/0/prjs2109/dataset/repos/paimon-cpp/build/avro_ep-install/include/avro/Layout.hh
-- Installing: /gpfs/work5/0/prjs2109/dataset/repos/paimon-cpp/build/avro_ep-install/include/avro/Config.hh
-- Installing: /gpfs/work5/0/prjs2109/dataset/repos/paimon-cpp/build/avro_ep-install/include/avro/Resolver.hh
-- Installing: /gpfs/work5/0/prjs2109/dataset/repos/paimon-cpp/build/avro_ep-install/include/avro/AvroTraits.hh
-- Installing: /gpfs/work5/0/prjs2109/dataset/repos/paimon-cpp/build/avro_ep-install/include/avro/AvroSerialize.hh
-- Installing: /gpfs/work5/0/prjs2109/dataset/repos/paimon-cpp/build/avro_ep-install/include/avro/Types.hh
-- Installing: /gpfs/work5/0/prjs2109/dataset/repos/paimon-cpp/build/avro_ep-install/include/avro/Decoder.hh
-- Installing: /gpfs/work5/0/prjs2109/dataset/repos/paimon-cpp/build/avro_ep-install/include/avro/Stream.hh
-- Installing: /gpfs/work5/0/prjs2109/dataset/repos/paimon-cpp/build/avro_ep-install/include/avro/Zigzag.hh
-- Installing: /gpfs/work5/0/prjs2109/dataset/repos/paimon-cpp/build/avro_ep-install/include/avro/Schema.hh
-- Installing: /gpfs/work5/0/prjs2109/dataset/repos/paimon-cpp/build/avro_ep-install/include/avro/Encoder.hh
-- Installing: /gpfs/work5/0/prjs2109/dataset/repos/paimon-cpp/build/avro_ep-install/include/avro/Node.hh
-- Installing: /gpfs/work5/0/prjs2109/dataset/repos/paimon-cpp/build/avro_ep-install/include/avro/CustomAttributes.hh
-- Installing: /gpfs/work5/0/prjs2109/dataset/repos/paimon-cpp/build/avro_ep-install/include/avro/buffer
-- Installing: /gpfs/work5/0/prjs2109/dataset/repos/paimon-cpp/build/avro_ep-install/include/avro/buffer/BufferStreambuf.hh
-- Installing: /gpfs/work5/0/prjs2109/dataset/repos/paimon-cpp/build/avro_ep-install/include/avro/buffer/detail
-- Installing: /gpfs/work5/0/prjs2109/dataset/repos/paimon-cpp/build/avro_ep-install/include/avro/buffer/detail/BufferDetailIterator.hh
-- Installing: /gpfs/work5/0/prjs2109/dataset/repos/paimon-cpp/build/avro_ep-install/include/avro/buffer/detail/BufferDetail.hh
-- Installing: /gpfs/work5/0/prjs2109/dataset/repos/paimon-cpp/build/avro_ep-install/include/avro/buffer/BufferStream.hh
-- Installing: /gpfs/work5/0/prjs2109/dataset/repos/paimon-cpp/build/avro_ep-install/include/avro/buffer/Buffer.hh
-- Installing: /gpfs/work5/0/prjs2109/dataset/repos/paimon-cpp/build/avro_ep-install/include/avro/buffer/BufferReader.hh
-- Installing: /gpfs/work5/0/prjs2109/dataset/repos/paimon-cpp/build/avro_ep-install/include/avro/buffer/BufferPrint.hh
-- Installing: /gpfs/work5/0/prjs2109/dataset/repos/paimon-cpp/build/avro_ep-install/lib/cmake/avro-cpp/avro-cpp-targets.cmake
-- Installing: /gpfs/work5/0/prjs2109/dataset/repos/paimon-cpp/build/avro_ep-install/lib/cmake/avro-cpp/avro-cpp-targets-release.cmake
-- Installing: /gpfs/work5/0/prjs2109/dataset/repos/paimon-cpp/build/avro_ep-install/lib/cmake/avro-cpp/avro-cpp-config.cmake
-- Installing: /gpfs/work5/0/prjs2109/dataset/repos/paimon-cpp/build/avro_ep-install/lib/cmake/avro-cpp/avro-cpp-config-version.cmake
-- Installing: /gpfs/work5/0/prjs2109/dataset/repos/paimon-cpp/build/avro_ep-install/lib/pkgconfig/avro-cpp.pc
[ 19%] Completed 'avro_ep'
[ 19%] Built target avro_ep
[ 47%] Built target arrow_vendored
[ 47%] Built target arrow_memory_pool
-- thrift_ep download command succeeded.  See also /gpfs/work5/0/prjs2109/dataset/repos/paimon-cpp/build/arrow_ep-prefix/src/arrow_ep-build/thrift_ep-prefix/src/thrift_ep-stamp/thrift_ep-download-*.log
[ 48%] No update step for 'thrift_ep'
[ 48%] No patch step for 'thrift_ep'
[ 48%] Performing configure step for 'thrift_ep'
-- protobuf_ep install command succeeded.  See also /gpfs/work5/0/prjs2109/dataset/repos/paimon-cpp/build/protobuf_ep-prefix/src/protobuf_ep-stamp/protobuf_ep-install-*.log
[ 19%] Completed 'protobuf_ep'
[ 19%] Built target protobuf_ep
[ 19%] Creating directories for 'orc_ep'
[ 19%] Performing download step (download, verify and extract) for 'orc_ep'
-- Downloading...
   dst='/gpfs/work5/0/prjs2109/dataset/repos/paimon-cpp/build/orc_ep-prefix/src/v2.1.1.tar.gz'
   timeout='none'
   inactivity timeout='none'
-- Using src='https://github.com/apache/orc/archive/refs/tags/v2.1.1.tar.gz'
-- brotli_ep configure command succeeded.  See also /gpfs/work5/0/prjs2109/dataset/repos/paimon-cpp/build/arrow_ep-prefix/src/arrow_ep-build/brotli_ep-prefix/src/brotli_ep-stamp/brotli_ep-configure-*.log
[ 48%] Performing build step for 'brotli_ep'
-- verifying file...
       file='/gpfs/work5/0/prjs2109/dataset/repos/paimon-cpp/build/orc_ep-prefix/src/v2.1.1.tar.gz'
-- Downloading... done
-- extracting...
     src='/gpfs/work5/0/prjs2109/dataset/repos/paimon-cpp/build/orc_ep-prefix/src/v2.1.1.tar.gz'
     dst='/gpfs/work5/0/prjs2109/dataset/repos/paimon-cpp/build/orc_ep-prefix/cpp'
-- extracting... [tar xfz]
-- extracting... [analysis]
-- extracting... [rename]
-- extracting... [clean up]
-- extracting... done
[ 19%] No update_disconnected step for 'orc_ep'
[ 20%] Performing patch_disconnected step for 'orc_ep'
-- orc_ep patch_disconnected command succeeded.  See also /gpfs/work5/0/prjs2109/dataset/repos/paimon-cpp/build/orc_ep-prefix/src/orc_ep-stamp/orc_ep-patch_disconnected-*.log
[ 20%] Performing configure step for 'orc_ep'
-- The C compiler identification is GNU 14.2.0
-- The CXX compiler identification is GNU 14.2.0
-- Detecting C compiler ABI info
-- Detecting C compiler ABI info - done
-- Check for working C compiler: /sw/arch/RHEL9/EB_production/2025/software/GCCcore/14.2.0/bin/cc - skipped
-- Detecting C compile features
-- Detecting C compile features - done
-- Detecting CXX compiler ABI info
-- Detecting CXX compiler ABI info - done
-- Check for working CXX compiler: /sw/arch/RHEL9/EB_production/2025/software/GCCcore/14.2.0/bin/c++ - skipped
-- Detecting CXX compile features
-- Detecting CXX compile features - done
-- Build type: RELEASE
-- compiler GNU version 14.2.0
-- Performing Test ORC_CXX_HAS_CSTDINT
-- Performing Test ORC_CXX_HAS_CSTDINT - Success
-- Performing Test ORC_CXX_HAS_THREAD_LOCAL
-- Performing Test ORC_CXX_HAS_THREAD_LOCAL - Success
-- Performing Test CMAKE_HAVE_LIBC_PTHREAD
-- Performing Test CMAKE_HAVE_LIBC_PTHREAD - Success
-- Found Threads: TRUE
-- Using DEFAULT URL: https://www.apache.org/dyn/closer.lua/orc/orc-format-1.0.0/orc-format-1.0.0.tar.gz?action=download
-- SNAPPY_HOME: /gpfs/work5/0/prjs2109/dataset/repos/paimon-cpp/build/snappy_ep-install
-- Found the Snappy header: /gpfs/work5/0/prjs2109/dataset/repos/paimon-cpp/build/snappy_ep-install/include/snappy.h
-- Found the Snappy library: /gpfs/work5/0/prjs2109/dataset/repos/paimon-cpp/build/snappy_ep-install/lib/libsnappy.a
-- Providing CMake module for FindSnappy as part of CMake package
-- ZLIB_HOME: /gpfs/work5/0/prjs2109/dataset/repos/paimon-cpp/build/zlib_ep-install
-- brotli_ep build command succeeded.  See also /gpfs/work5/0/prjs2109/dataset/repos/paimon-cpp/build/arrow_ep-prefix/src/arrow_ep-build/brotli_ep-prefix/src/brotli_ep-stamp/brotli_ep-build-*.log
-- Found the ZLIB header: /gpfs/work5/0/prjs2109/dataset/repos/paimon-cpp/build/zlib_ep-install/include/zlib.h
-- Found the ZLIB library: /sw/arch/RHEL9/EB_production/2025/software/zlib/1.3.1-GCCcore-14.2.0/lib/libz.so
-- Found the ZLIB static library: /sw/arch/RHEL9/EB_production/2025/software/zlib/1.3.1-GCCcore-14.2.0/lib/libz.a
-- Providing CMake module for FindZLIB as part of CMake package
-- ZSTD_HOME: /gpfs/work5/0/prjs2109/dataset/repos/paimon-cpp/build/zstd_ep-install
-- Found the zstd header: /gpfs/work5/0/prjs2109/dataset/repos/paimon-cpp/build/zstd_ep-install/include/zstd.h
-- Found the zstd library: /gpfs/work5/0/prjs2109/dataset/repos/paimon-cpp/build/zstd_ep-install/lib/libzstd.a
-- Found the zstd static library: /gpfs/work5/0/prjs2109/dataset/repos/paimon-cpp/build/zstd_ep-install/lib/libzstd.a
-- Providing CMake module for FindZSTD as part of CMake package
-- LZ4_HOME: /gpfs/work5/0/prjs2109/dataset/repos/paimon-cpp/build/lz4_ep-install
[ 48%] Performing install step for 'brotli_ep'
-- Found the LZ4 header: /gpfs/work5/0/prjs2109/dataset/repos/paimon-cpp/build/lz4_ep-install/include/lz4.h
-- Found the LZ4 library: /gpfs/work5/0/prjs2109/dataset/repos/paimon-cpp/build/lz4_ep-install/lib/liblz4.a
-- Providing CMake module for FindLZ4 as part of CMake package
-- PROTOBUF_HOME: /gpfs/work5/0/prjs2109/dataset/repos/paimon-cpp/build/protobuf_ep-install
-- Found the Protobuf headers: /gpfs/work5/0/prjs2109/dataset/repos/paimon-cpp/build/protobuf_ep-install/include
-- Found the Protobuf library: protobuf::libprotobuf
-- Found the Protoc library: protobuf::libprotoc
-- Found the Protoc executable: protobuf::protoc
-- Found the Protobuf static library: protobuf::libprotobuf
-- Found the Protoc static library: protobuf::libprotoc
-- Providing CMake module for FindProtobuf as part of CMake package
-- BUILD_ENABLE_AVX512: OFF
-- Performing Test HAS_PREAD
-- Performing Test HAS_PREAD - Success
-- Performing Test HAS_STRPTIME
-- brotli_ep install command succeeded.  See also /gpfs/work5/0/prjs2109/dataset/repos/paimon-cpp/build/arrow_ep-prefix/src/arrow_ep-build/brotli_ep-prefix/src/brotli_ep-stamp/brotli_ep-install-*.log
[ 48%] Completed 'brotli_ep'
-- Performing Test HAS_STRPTIME - Success
-- Performing Test HAS_BUILTIN_OVERFLOW_CHECK
[ 48%] Built target brotli_ep
[ 48%] Building CXX object src/arrow/CMakeFiles/arrow_util.dir/util/align_util.cc.o
[ 48%] Building CXX object src/arrow/CMakeFiles/arrow_util.dir/util/atfork_internal.cc.o
[ 49%] Building CXX object src/arrow/CMakeFiles/arrow_util.dir/util/async_util.cc.o
[ 49%] Building CXX object src/arrow/CMakeFiles/arrow_util.dir/util/basic_decimal.cc.o
[ 49%] Building CXX object src/arrow/CMakeFiles/arrow_util.dir/util/bit_run_reader.cc.o
[ 50%] Building CXX object src/arrow/CMakeFiles/arrow_util.dir/util/bit_block_counter.cc.o
[ 50%] Building CXX object src/arrow/CMakeFiles/arrow_util.dir/util/bit_util.cc.o
[ 51%] Building CXX object src/arrow/CMakeFiles/arrow_util.dir/util/bitmap_builders.cc.o
[ 51%] Building CXX object src/arrow/CMakeFiles/arrow_util.dir/util/bitmap.cc.o
[ 51%] Building CXX object src/arrow/CMakeFiles/arrow_util.dir/util/bitmap_ops.cc.o
[ 52%] Building CXX object src/arrow/CMakeFiles/arrow_util.dir/util/byte_size.cc.o
[ 52%] Building CXX object src/arrow/CMakeFiles/arrow_util.dir/util/bpacking.cc.o
[ 52%] Building CXX object src/arrow/CMakeFiles/arrow_util.dir/util/cancel.cc.o
[ 52%] Building CXX object src/arrow/CMakeFiles/arrow_util.dir/util/cpu_info.cc.o
[ 53%] Building CXX object src/arrow/CMakeFiles/arrow_util.dir/util/counting_semaphore.cc.o
[ 53%] Building CXX object src/arrow/CMakeFiles/arrow_util.dir/util/compression.cc.o
[ 53%] Building CXX object src/arrow/CMakeFiles/arrow_util.dir/util/crc32.cc.o
[ 54%] Building CXX object src/arrow/CMakeFiles/arrow_util.dir/util/debug.cc.o
[ 54%] Building CXX object src/arrow/CMakeFiles/arrow_util.dir/util/decimal.cc.o
[ 54%] Building CXX object src/arrow/CMakeFiles/arrow_util.dir/util/float16.cc.o
[ 55%] Building CXX object src/arrow/CMakeFiles/arrow_util.dir/util/future.cc.o
[ 55%] Building CXX object src/arrow/CMakeFiles/arrow_util.dir/util/list_util.cc.o
[ 55%] Building CXX object src/arrow/CMakeFiles/arrow_util.dir/util/delimiting.cc.o
[ 55%] Building CXX object src/arrow/CMakeFiles/arrow_util.dir/util/formatting.cc.o
[ 55%] Building CXX object src/arrow/CMakeFiles/arrow_util.dir/util/hashing.cc.o
[ 55%] Building CXX object src/arrow/CMakeFiles/arrow_util.dir/util/fixed_width_internal.cc.o
[ 56%] Building CXX object src/arrow/CMakeFiles/arrow_util.dir/util/io_util.cc.o
[ 57%] Building CXX object src/arrow/CMakeFiles/arrow_util.dir/util/logging.cc.o
[ 57%] Building CXX object src/arrow/CMakeFiles/arrow_util.dir/util/logger.cc.o
[ 58%] Building CXX object src/arrow/CMakeFiles/arrow_util.dir/util/mutex.cc.o
[ 58%] Building CXX object src/arrow/CMakeFiles/arrow_util.dir/util/key_value_metadata.cc.o
[ 58%] Building CXX object src/arrow/CMakeFiles/arrow_util.dir/util/task_group.cc.o
[ 58%] Building CXX object src/arrow/CMakeFiles/arrow_util.dir/util/string.cc.o
[ 59%] Building CXX object src/arrow/CMakeFiles/arrow_util.dir/util/dict_util.cc.o
[ 59%] Building CXX object src/arrow/CMakeFiles/arrow_util.dir/util/memory.cc.o
[ 59%] Building CXX object src/arrow/CMakeFiles/arrow_util.dir/util/thread_pool.cc.o
[ 59%] Building CXX object src/arrow/CMakeFiles/arrow_util.dir/util/tdigest.cc.o
[ 60%] Building CXX object src/arrow/CMakeFiles/arrow_util.dir/util/string_builder.cc.o
[ 60%] Building CXX object src/arrow/CMakeFiles/arrow_util.dir/util/tracing.cc.o
[ 61%] Building CXX object src/arrow/CMakeFiles/arrow_util.dir/util/union_util.cc.o
[ 61%] Building CXX object src/arrow/CMakeFiles/arrow_util.dir/util/value_parsing.cc.o
[ 61%] Building CXX object src/arrow/CMakeFiles/arrow_util.dir/util/uri.cc.o
[ 61%] Building CXX object src/arrow/CMakeFiles/arrow_util.dir/util/trie.cc.o
[ 62%] Building CXX object src/arrow/CMakeFiles/arrow_util.dir/util/compression_snappy.cc.o
[ 63%] Building CXX object src/arrow/CMakeFiles/arrow_util.dir/util/time.cc.o
[ 62%] Building CXX object src/arrow/CMakeFiles/arrow_util.dir/util/compression_brotli.cc.o
[ 63%] Building CXX object src/arrow/CMakeFiles/arrow_util.dir/util/utf8.cc.o
[ 63%] Building CXX object src/arrow/CMakeFiles/arrow_util.dir/util/compression_zlib.cc.o
[ 65%] Building CXX object src/arrow/CMakeFiles/arrow_util.dir/util/compression_lz4.cc.o
[ 65%] Building CXX object src/arrow/CMakeFiles/arrow_util.dir/util/compression_zstd.cc.o
-- Performing Test HAS_BUILTIN_OVERFLOW_CHECK - Success
-- Performing Test HAS_DIAGNOSTIC_PUSH
[ 65%] Building CXX object src/arrow/CMakeFiles/arrow_util.dir/util/int_util.cc.o
[ 65%] Building CXX object src/arrow/CMakeFiles/arrow_util.dir/util/ree_util.cc.o
[ 65%] Building CXX object src/arrow/CMakeFiles/arrow_util.dir/util/unreachable.cc.o
-- Performing Test HAS_DIAGNOSTIC_PUSH - Success
-- Performing Test HAS_STD_ISNAN
-- Performing Test HAS_STD_ISNAN - Success
-- Performing Test HAS_DOUBLE_TO_STRING
-- Performing Test HAS_DOUBLE_TO_STRING - Failed
-- Performing Test HAS_INT64_TO_STRING
-- Performing Test HAS_INT64_TO_STRING - Failed
-- Performing Test HAS_PRE_1970
-- Performing Test HAS_PRE_1970 - Success
-- Performing Test HAS_POST_2038
-- Performing Test HAS_POST_2038 - Success
-- Performing Test NEEDS_Z_PREFIX
-- Performing Test NEEDS_Z_PREFIX - Failed
-- Enable the metrics collection
-- Configuring done (328.2s)
-- Generating done (7.3s)
CMake Warning:
  Manually-specified variables were not used by the project:

    BUILD_STATIC_LIBS
    BUILD_TESTING
    CMAKE_POLICY_VERSION_MINIMUM


-- Build files have been written to: /gpfs/work5/0/prjs2109/dataset/repos/paimon-cpp/build/build/orc
[ 21%] Performing build step for 'orc_ep'
[  1%] Creating directories for 'orc-format_ep'
[  3%] Performing download step (download, verify and extract) for 'orc-format_ep'
-- Downloading...
   dst='/gpfs/work5/0/prjs2109/dataset/repos/paimon-cpp/build/build/orc/orc-format_ep-prefix/src/orc-format-1.0.0.tar.gz'
   timeout='none'
   inactivity timeout='none'
-- Using src='https://www.apache.org/dyn/closer.lua/orc/orc-format-1.0.0/orc-format-1.0.0.tar.gz?action=download'
-- [download 15% complete]
-- [download 91% complete]
-- [download 100% complete]
-- verifying file...
       file='/gpfs/work5/0/prjs2109/dataset/repos/paimon-cpp/build/build/orc/orc-format_ep-prefix/src/orc-format-1.0.0.tar.gz'
-- Downloading... done
[ 65%] Built target arrow_io
-- extracting...
     src='/gpfs/work5/0/prjs2109/dataset/repos/paimon-cpp/build/build/orc/orc-format_ep-prefix/src/orc-format-1.0.0.tar.gz'
     dst='/gpfs/work5/0/prjs2109/dataset/repos/paimon-cpp/build/build/orc/orc-format_ep-prefix/src/orc-format_ep'
-- extracting... [tar xfz]
-- extracting... [analysis]
-- extracting... [rename]
-- extracting... [clean up]
-- extracting... done
[  5%] No update step for 'orc-format_ep'
[  7%] No patch step for 'orc-format_ep'
[  9%] No configure step for 'orc-format_ep'
[ 11%] No build step for 'orc-format_ep'
[ 13%] No install step for 'orc-format_ep'
[ 15%] No test step for 'orc-format_ep'
[ 17%] Completed 'orc-format_ep'
[ 17%] Built target orc-format_ep
[ 19%] Generating orc_proto.pb.h, orc_proto.pb.cc
[ 23%] Building CXX object c++/src/CMakeFiles/orc.dir/io/InputStream.cc.o
[ 23%] Building CXX object c++/src/CMakeFiles/orc.dir/io/OutputStream.cc.o
[ 26%] Building CXX object c++/src/CMakeFiles/orc.dir/io/Cache.cc.o
[ 28%] Building CXX object c++/src/CMakeFiles/orc.dir/sargs/ExpressionTree.cc.o
[ 30%] Building CXX object c++/src/CMakeFiles/orc.dir/sargs/PredicateLeaf.cc.o
[ 30%] Building CXX object c++/src/CMakeFiles/orc.dir/sargs/Literal.cc.o
[ 32%] Building CXX object c++/src/CMakeFiles/orc.dir/sargs/TruthValue.cc.o
[ 34%] Building CXX object c++/src/CMakeFiles/orc.dir/sargs/SearchArgument.cc.o
[ 38%] Building CXX object c++/src/CMakeFiles/orc.dir/Common.cc.o
[ 40%] Building CXX object c++/src/CMakeFiles/orc.dir/Adaptor.cc.o
[ 42%] Building CXX object c++/src/CMakeFiles/orc.dir/wrap/orc-proto-wrapper.cc.o
[ 48%] Building CXX object c++/src/CMakeFiles/orc.dir/ByteRLE.cc.o
[ 48%] Building CXX object c++/src/CMakeFiles/orc.dir/sargs/SargsApplier.cc.o
[ 50%] Building CXX object c++/src/CMakeFiles/orc.dir/BloomFilter.cc.o
[ 48%] Building CXX object c++/src/CMakeFiles/orc.dir/BlockBuffer.cc.o
[ 53%] Building CXX object c++/src/CMakeFiles/orc.dir/ColumnPrinter.cc.o
[ 53%] Building CXX object c++/src/CMakeFiles/orc.dir/BpackingDefault.cc.o
[ 55%] Building CXX object c++/src/CMakeFiles/orc.dir/ColumnReader.cc.o
[ 57%] Building CXX object c++/src/CMakeFiles/orc.dir/ColumnWriter.cc.o
[ 61%] Building CXX object c++/src/CMakeFiles/orc.dir/CpuInfoUtil.cc.o
[ 63%] Building CXX object c++/src/CMakeFiles/orc.dir/LzoDecompressor.cc.o
[ 63%] Building CXX object c++/src/CMakeFiles/orc.dir/Compression.cc.o
[ 63%] Building CXX object c++/src/CMakeFiles/orc.dir/Int128.cc.o
[ 67%] Building CXX object c++/src/CMakeFiles/orc.dir/ConvertColumnReader.cc.o
[ 67%] Building CXX object c++/src/CMakeFiles/orc.dir/OrcFile.cc.o
[ 69%] Building CXX object c++/src/CMakeFiles/orc.dir/MemoryPool.cc.o
[ 71%] Building CXX object c++/src/CMakeFiles/orc.dir/RLE.cc.o
[ 73%] Building CXX object c++/src/CMakeFiles/orc.dir/RLEv1.cc.o
[ 76%] Building CXX object c++/src/CMakeFiles/orc.dir/Exceptions.cc.o
[ 76%] Building CXX object c++/src/CMakeFiles/orc.dir/SchemaEvolution.cc.o
[ 78%] Building CXX object c++/src/CMakeFiles/orc.dir/Reader.cc.o
[ 80%] Building CXX object c++/src/CMakeFiles/orc.dir/RleDecoderV2.cc.o
[ 82%] Building CXX object c++/src/CMakeFiles/orc.dir/RleEncoderV2.cc.o
[ 84%] Building CXX object c++/src/CMakeFiles/orc.dir/Statistics.cc.o
[ 86%] Building CXX object c++/src/CMakeFiles/orc.dir/StripeStream.cc.o
[ 88%] Building CXX object c++/src/CMakeFiles/orc.dir/TypeImpl.cc.o
[ 92%] Building CXX object c++/src/CMakeFiles/orc.dir/Writer.cc.o
[ 92%] Building CXX object c++/src/CMakeFiles/orc.dir/Timezone.cc.o
[ 94%] Building CXX object c++/src/CMakeFiles/orc.dir/Vector.cc.o
[ 96%] Building CXX object c++/src/CMakeFiles/orc.dir/Murmur3.cc.o
[ 98%] Building CXX object c++/src/CMakeFiles/orc.dir/RLEV2Util.cc.o
-- thrift_ep configure command succeeded.  See also /gpfs/work5/0/prjs2109/dataset/repos/paimon-cpp/build/arrow_ep-prefix/src/arrow_ep-build/thrift_ep-prefix/src/thrift_ep-stamp/thrift_ep-configure-*.log
[ 66%] Performing build step for 'thrift_ep'
[ 66%] Built target arrow_filesystem
[ 66%] Built target arrow_util
-- thrift_ep build command succeeded.  See also /gpfs/work5/0/prjs2109/dataset/repos/paimon-cpp/build/arrow_ep-prefix/src/arrow_ep-build/thrift_ep-prefix/src/thrift_ep-stamp/thrift_ep-build-*.log
[ 67%] Performing install step for 'thrift_ep'
-- thrift_ep install command succeeded.  See also /gpfs/work5/0/prjs2109/dataset/repos/paimon-cpp/build/arrow_ep-prefix/src/arrow_ep-build/thrift_ep-prefix/src/thrift_ep-stamp/thrift_ep-install-*.log
[ 67%] Completed 'thrift_ep'
[ 67%] Built target thrift_ep
[ 68%] Bundling /gpfs/work5/0/prjs2109/dataset/repos/paimon-cpp/build/arrow_ep-prefix/src/arrow_ep-build/release/libarrow_bundled_dependencies.a
[ 68%] Built target arrow_bundled_dependencies_merge
