
$ cmake --build build -j  (cwd=repos/pomaidb)
[  0%] Building C object third_party/palloc/CMakeFiles/palloc-static.dir/src/alloc-aligned.c.o
[  1%] Building C object third_party/palloc/CMakeFiles/palloc-static.dir/src/arena.c.o
[  1%] Building C object third_party/palloc/CMakeFiles/palloc-static.dir/src/init.c.o
[  1%] Building C object third_party/palloc/CMakeFiles/palloc-static.dir/src/alloc-posix.c.o
[  1%] Building C object third_party/palloc/CMakeFiles/palloc-static.dir/src/alloc.c.o
[  1%] Building C object third_party/palloc/CMakeFiles/palloc-static.dir/src/options.c.o
[  2%] Building C object third_party/palloc/CMakeFiles/palloc-static.dir/src/heap.c.o
[  2%] Building C object third_party/palloc/CMakeFiles/palloc-static.dir/src/arena_pomai.c.o
[  4%] Building C object third_party/palloc/CMakeFiles/palloc-static.dir/src/bitmap.c.o
[  4%] Building C object third_party/palloc/CMakeFiles/palloc-static.dir/src/page.c.o
[  5%] Building C object third_party/palloc/CMakeFiles/palloc-static.dir/src/random.c.o
[  5%] Building C object third_party/palloc/CMakeFiles/palloc-static.dir/src/libc.c.o
[  5%] Building C object third_party/palloc/CMakeFiles/palloc-static.dir/src/os.c.o
[  5%] Building C object third_party/palloc/CMakeFiles/palloc-static.dir/src/prim/prim.c.o
[  5%] Building C object third_party/palloc/CMakeFiles/palloc-static.dir/src/segment.c.o
[  5%] Building C object third_party/palloc/CMakeFiles/palloc-static.dir/src/stats.c.o
[  5%] Building C object third_party/palloc/CMakeFiles/palloc-static.dir/src/segment-map.c.o
[  5%] Linking C static library libpalloc.a
[  5%] Built target palloc-static
[  5%] Building CXX object CMakeFiles/pomai.dir/src/db.cc.o
[  5%] Building CXX object CMakeFiles/pomai.dir/src/database.cc.o
[  6%] Building CXX object CMakeFiles/pomai.dir/src/core/shard/runtime.cc.o
[  6%] Building CXX object CMakeFiles/pomai.dir/src/core/vector_engine/vector_engine.cc.o
[  6%] Building CXX object CMakeFiles/pomai.dir/src/core/text/text_membrane.cc.o
[  6%] Building CXX object CMakeFiles/pomai.dir/src/core/timeseries/timeseries_engine.cc.o
[  6%] Building CXX object CMakeFiles/pomai.dir/src/core/query/query_planner.cc.o
[  7%] Building CXX object CMakeFiles/pomai.dir/src/core/sketch/sketch_engine.cc.o
[  7%] Building CXX object CMakeFiles/pomai.dir/src/palloc_page_pool.cc.o
[  8%] Building CXX object CMakeFiles/pomai.dir/src/core/query/heuristic_engine.cc.o
[  8%] Building CXX object CMakeFiles/pomai.dir/src/core/keyvalue/keyvalue_engine.cc.o
[  8%] Building CXX object CMakeFiles/pomai.dir/src/core/bitset/bitset_engine.cc.o
[  8%] Building CXX object CMakeFiles/pomai.dir/src/core/blob/blob_engine.cc.o
[  8%] Building CXX object CMakeFiles/pomai.dir/src/core/sparse/sparse_engine.cc.o
[  8%] Building CXX object CMakeFiles/pomai.dir/src/core/mesh/simplifier.cc.o
[  8%] Building CXX object CMakeFiles/pomai.dir/src/core/shard/layer_lookup.cc.o
[  8%] Building CXX object CMakeFiles/pomai.dir/src/core/ai/no_train_dispatch.cc.o
[  8%] Building CXX object CMakeFiles/pomai.dir/src/core/shard/iterator.cc.o
[  8%] Building CXX object CMakeFiles/pomai.dir/src/core/query/query_orchestrator.cc.o
[  8%] Building CXX object CMakeFiles/pomai.dir/src/core/linker/object_linker.cc.o
[  8%] Building CXX object CMakeFiles/pomai.dir/src/core/document/document_engine.cc.o
[  8%] Building CXX object CMakeFiles/pomai.dir/src/core/spatial/spatial_engine.cc.o
[  9%] Building CXX object CMakeFiles/pomai.dir/src/core/lifecycle/semantic_lifecycle.cc.o
[  9%] Building CXX object CMakeFiles/pomai.dir/src/core/mesh/mesh_engine.cc.o
[  9%] Building CXX object CMakeFiles/pomai.dir/src/core/kernel/pods/graph_pod.cc.o
[  9%] Building CXX object CMakeFiles/pomai.dir/src/core/storage/sync_provider.cc.o
[ 10%] Building CXX object CMakeFiles/pomai.dir/src/core/security/aes_gcm.cc.o
[ 11%] Building CXX object CMakeFiles/pomai.dir/src/core/bloom/bloom_engine.cc.o
[ 11%] Building CXX object CMakeFiles/pomai.dir/src/core/mesh/mesh_lod_manager.cc.o
[ 12%] Building CXX object CMakeFiles/pomai.dir/src/core/membrane/manager.cc.o
[ 12%] Building CXX object CMakeFiles/pomai.dir/src/core/shard/manifest.cc.o
[ 12%] Building CXX object CMakeFiles/pomai.dir/src/compute/vulkan/vulkan_staging_pool.cc.o
[ 12%] Building CXX object CMakeFiles/pomai.dir/src/compute/vulkan/vulkan_init.cc.o
[ 12%] Building CXX object CMakeFiles/pomai.dir/src/table/segment.cc.o
[ 13%] Building CXX object CMakeFiles/pomai.dir/src/core/kernel/pods/vector_pod.cc.o
[ 13%] Building CXX object CMakeFiles/pomai.dir/src/core/membrane/membrane_record_iterator.cc.o
[ 14%] Building CXX object CMakeFiles/pomai.dir/src/core/query/lexical_index.cc.o
[ 14%] Building CXX object CMakeFiles/pomai.dir/src/core/index/hnsw_index.cc.o
[ 14%] Building CXX object CMakeFiles/pomai.dir/src/core/quantization/half_float_quantizer.cc.o
[ 14%] Building CXX object CMakeFiles/pomai.dir/src/core/kernel/pods/query_pod.cc.o
[ 14%] Building CXX object CMakeFiles/pomai.dir/src/core/distance.cc.o
[ 14%] Building CXX object CMakeFiles/pomai.dir/src/core/index/ivf_coarse.cc.o
[ 14%] Building CXX object CMakeFiles/pomai.dir/src/util/logging.cc.o
[ 14%] Building CXX object CMakeFiles/pomai.dir/src/storage/wal/wal.cc.o
[ 15%] Building CXX object CMakeFiles/pomai.dir/src/storage/storage_engine.cc.o
[ 15%] Building CXX object CMakeFiles/pomai.dir/src/core/rag/agent_memory.cc.o
[ 15%] Building CXX object CMakeFiles/pomai.dir/src/storage/manifest/manifest.cc.o
[ 16%] Building CXX object CMakeFiles/pomai.dir/src/ai/tensor_core/tensorflow/lite/core/model_building.cc.o
[ 17%] Building CXX object CMakeFiles/pomai.dir/src/core/rag/chunking/recursive_splitter.cc.o
[ 17%] Building CXX object CMakeFiles/pomai.dir/src/core/concurrency/scheduler.cc.o
[ 17%] Building CXX object CMakeFiles/pomai.dir/src/core/rag/chunking/sliding_window.cc.o
[ 17%] Building CXX object CMakeFiles/pomai.dir/src/core/bitset_mask.cc.o
[ 17%] Building CXX object CMakeFiles/pomai.dir/src/table/memtable.cc.o
[ 17%] Building CXX object CMakeFiles/pomai.dir/src/core/quantization/pomai_pq.cc.o
[ 17%] Building CXX object CMakeFiles/pomai.dir/src/core/rag/mock_embedding_provider.cc.o
[ 18%] Building CXX object CMakeFiles/pomai.dir/src/core/quantization/bit_quantizer.cc.o
[ 20%] Building CXX object CMakeFiles/pomai.dir/src/core/rag/rag_pipeline.cc.o
[ 20%] Building CXX object CMakeFiles/pomai.dir/src/compute/vulkan/vulkan_memory_bridge.cc.o
[ 20%] Building CXX object CMakeFiles/pomai.dir/src/core/routing/routing_persist.cc.o
[ 20%] Building CXX object CMakeFiles/pomai.dir/src/core/routing/kmeans_lite.cc.o
[ 20%] Building CXX object CMakeFiles/pomai.dir/src/ai/cheesebrain_core/cheese-context.cpp.o
[ 20%] Building CXX object CMakeFiles/pomai.dir/src/core/index/ivf_flat.cc.o
[ 21%] Building CXX object CMakeFiles/pomai.dir/src/util/env.cc.o
[ 21%] Building CXX object CMakeFiles/pomai.dir/src/core/storage/compaction_manager.cc.o
[ 21%] Building CXX object CMakeFiles/pomai.dir/src/ai/tensor_core/tensorflow/compiler/mlir/lite/core/model_builder_base.cc.o
[ 23%] Building CXX object CMakeFiles/pomai.dir/src/util/posix_file.cc.o
[ 24%] Building CXX object CMakeFiles/pomai.dir/src/util/crc32c.cc.o
[ 23%] Building CXX object CMakeFiles/pomai.dir/src/core/quantization/scalar_quantizer.cc.o
[ 23%] Building C object CMakeFiles/pomai.dir/src/ai/cheesebrain_core/ggml.c.o
[ 23%] Building CXX object CMakeFiles/pomai.dir/src/core/audio/audio_engine.cc.o
[ 24%] Building CXX object CMakeFiles/pomai.dir/src/ai/tensor_core/tensorflow/lite/core/interpreter.cc.o
[ 24%] Building CXX object CMakeFiles/pomai.dir/src/ai/tensor_core/tensorflow/lite/kernels/reshape.cc.o
[ 24%] Building CXX object CMakeFiles/pomai.dir/src/core/routing/routing_table.cc.o
[ 24%] Building C object CMakeFiles/pomai.dir/src/compute/vulkan/loader/volk.c.o
[ 24%] Building C object CMakeFiles/pomai.dir/src/ai/cheesebrain_core/ggml-alloc.c.o
[ 25%] Building CXX object CMakeFiles/pomai.dir/src/compute/vulkan/vulkan_device_context.cc.o
[ 26%] Building CXX object CMakeFiles/pomai.dir/src/core/connectivity/edge_gateway.cc.o
[ 27%] Building CXX object CMakeFiles/pomai.dir/src/ai/tensor_core/tensorflow/lite/kernels/add.cc.o
[ 27%] Building CXX object CMakeFiles/pomai.dir/src/ai/ai_engine.cpp.o
[ 27%] Building CXX object CMakeFiles/pomai.dir/src/ai/tensor_core/tensorflow/lite/kernels/mul.cc.o
[ 28%] Building CXX object CMakeFiles/pomai.dir/src/core/rag/rag_engine.cc.o
[ 28%] Building CXX object CMakeFiles/pomai.dir/src/ai/tensor_core/tensorflow/lite/kernels/sub.cc.o
[ 28%] Building CXX object CMakeFiles/pomai.dir/src/ai/cheesebrain_core/ggml-backend.cpp.o
[ 28%] Building CXX object CMakeFiles/pomai.dir/src/ai/tensor_core/tensorflow/lite/core/subgraph.cc.o
[ 28%] Building CXX object CMakeFiles/pomai.dir/third_party/pomaidb_hnsw/hnsw.cc.o
[ 28%] Building C object CMakeFiles/pomai.dir/src/ai/cheesebrain_core/ggml-quants.c.o
[ 28%] Building CXX object CMakeFiles/pomai.dir/src/ai/cheesebrain_core/gguf.cpp.o
[ 28%] Building CXX object CMakeFiles/pomai.dir/src/ai/tensor_core/tensorflow/compiler/mlir/lite/allocation.cc.o
[ 28%] Building CXX object CMakeFiles/pomai.dir/src/ai/analytical_engine.cpp.o
[ 28%] Building CXX object CMakeFiles/pomai.dir/src/ai/tensor_core/tensorflow/lite/core/interpreter_builder.cc.o
[ 28%] Building CXX object CMakeFiles/pomai.dir/src/ai/cheesebrain_core/cheese-model-loader.cpp.o
[ 28%] Building CXX object CMakeFiles/pomai.dir/src/util/posix_env.cc.o
[ 28%] Building CXX object CMakeFiles/pomai.dir/src/ai/tensor_core/tensorflow/lite/core/kernels/register.cc.o
[ 28%] Building CXX object CMakeFiles/pomai.dir/src/util/memory_env.cc.o
[ 28%] Building CXX object CMakeFiles/pomai.dir/src/core/simd/simd_dispatch.cc.o
/gpfs/work5/0/prjs2109/dataset/repos/pomaidb/src/ai/cheesebrain_core/ggml.c:370:9: warning: "GGML_MALLOC" redefined
  370 | #define GGML_MALLOC(size)      ggml_malloc(size)
      |         ^~~~~~~~~~~
/gpfs/work5/0/prjs2109/dataset/repos/pomaidb/src/ai/cheesebrain_core/ggml.c:29:9: note: this is the location of the previous definition
   29 | #define GGML_MALLOC(size) palloc_malloc_aligned(size, 32)
      |         ^~~~~~~~~~~
/gpfs/work5/0/prjs2109/dataset/repos/pomaidb/src/ai/cheesebrain_core/ggml.c:371:9: warning: "GGML_CALLOC" redefined
  371 | #define GGML_CALLOC(num, size) ggml_calloc(num, size)
      |         ^~~~~~~~~~~
/gpfs/work5/0/prjs2109/dataset/repos/pomaidb/src/ai/cheesebrain_core/ggml.c:31:9: note: this is the location of the previous definition
   31 | #define GGML_CALLOC(n, s) palloc_malloc_aligned((n)*(s), 32)
      |         ^~~~~~~~~~~
/gpfs/work5/0/prjs2109/dataset/repos/pomaidb/src/ai/cheesebrain_core/ggml.c:373:9: warning: "GGML_FREE" redefined
  373 | #define GGML_FREE(ptr) free(ptr)
      |         ^~~~~~~~~
/gpfs/work5/0/prjs2109/dataset/repos/pomaidb/src/ai/cheesebrain_core/ggml.c:30:9: note: this is the location of the previous definition
   30 | #define GGML_FREE(ptr)    palloc_free(ptr)
      |         ^~~~~~~~~
/gpfs/work5/0/prjs2109/dataset/repos/pomaidb/src/ai/cheesebrain_core/ggml.c: In function ‘ggml_version’:
/gpfs/work5/0/prjs2109/dataset/repos/pomaidb/src/ai/cheesebrain_core/ggml.c:34:22: error: returning ‘int’ from a function with return type ‘const char *’ makes pointer from integer without a cast [-Wint-conversion]
   34 | #define GGML_VERSION 1
      |                      ^
/gpfs/work5/0/prjs2109/dataset/repos/pomaidb/src/ai/cheesebrain_core/ggml.c:453:12: note: in expansion of macro ‘GGML_VERSION’
  453 |     return GGML_VERSION;
      |            ^~~~~~~~~~~~
gmake[2]: *** [CMakeFiles/pomai.dir/build.make:1143: CMakeFiles/pomai.dir/src/ai/cheesebrain_core/ggml.c.o] Error 1
gmake[2]: *** Waiting for unfinished jobs....
In file included from /gpfs/work5/0/prjs2109/dataset/repos/pomaidb/src/ai/tensor_core/tensorflow/lite/kernels/mul.cc:1:
/gpfs/work5/0/prjs2109/dataset/repos/pomaidb/src/ai/tensor_core/tensorflow/lite/core/c/common.h:125:7: warning: ISO C++ forbids flexible array member ‘data’ [-Wpedantic]
  125 |   int data[];
      |       ^~~~
/gpfs/work5/0/prjs2109/dataset/repos/pomaidb/src/ai/tensor_core/tensorflow/lite/core/c/common.h:169:9: warning: ISO C++ forbids flexible array member ‘data’ [-Wpedantic]
  169 |   float data[];
      |         ^~~~
In file included from /gpfs/work5/0/prjs2109/dataset/repos/pomaidb/src/ai/cheesebrain_core/ggml-backend.cpp:11:
/gpfs/work5/0/prjs2109/dataset/repos/pomaidb/src/ai/cheesebrain_core/ggml-backend.h:355:119: warning: ‘ggml_backend_graph_copy ggml_backend_graph_copy(ggml_backend_t, ggml_cgraph*)’ hides constructor for ‘struct ggml_backend_graph_copy’ [-Wshadow]
  355 |     GGML_API struct ggml_backend_graph_copy ggml_backend_graph_copy(ggml_backend_t backend, struct ggml_cgraph * graph);
      |                                                                                                                       ^
In file included from /gpfs/work5/0/prjs2109/dataset/repos/pomaidb/src/ai/tensor_core/tensorflow/lite/kernels/add.cc:1:
/gpfs/work5/0/prjs2109/dataset/repos/pomaidb/src/ai/tensor_core/tensorflow/lite/core/c/common.h:125:7: warning: ISO C++ forbids flexible array member ‘data’ [-Wpedantic]
  125 |   int data[];
      |       ^~~~
/gpfs/work5/0/prjs2109/dataset/repos/pomaidb/src/ai/tensor_core/tensorflow/lite/core/c/common.h:169:9: warning: ISO C++ forbids flexible array member ‘data’ [-Wpedantic]
  169 |   float data[];
      |         ^~~~
/gpfs/work5/0/prjs2109/dataset/repos/pomaidb/src/ai/tensor_core/tensorflow/lite/kernels/mul.cc: In function ‘TfLiteRegistration* tflite::ops::builtin::Register_MUL()’:
/gpfs/work5/0/prjs2109/dataset/repos/pomaidb/src/ai/tensor_core/tensorflow/lite/kernels/mul.cc:24:68: warning: missing initializer for member ‘TfLiteRegistration::profiling_string’ [-Wmissing-field-initializers]
   24 |   static TfLiteRegistration r = {nullptr, nullptr, nullptr, MulEval};
      |                                                                    ^
/gpfs/work5/0/prjs2109/dataset/repos/pomaidb/src/ai/tensor_core/tensorflow/lite/kernels/mul.cc:24:68: warning: missing initializer for member ‘TfLiteRegistration::builtin_code’ [-Wmissing-field-initializers]
/gpfs/work5/0/prjs2109/dataset/repos/pomaidb/src/ai/tensor_core/tensorflow/lite/kernels/mul.cc:24:68: warning: missing initializer for member ‘TfLiteRegistration::custom_name’ [-Wmissing-field-initializers]
/gpfs/work5/0/prjs2109/dataset/repos/pomaidb/src/ai/tensor_core/tensorflow/lite/kernels/mul.cc:24:68: warning: missing initializer for member ‘TfLiteRegistration::version’ [-Wmissing-field-initializers]
/gpfs/work5/0/prjs2109/dataset/repos/pomaidb/src/ai/tensor_core/tensorflow/lite/kernels/mul.cc:24:68: warning: missing initializer for member ‘TfLiteRegistration::registration_external’ [-Wmissing-field-initializers]
/gpfs/work5/0/prjs2109/dataset/repos/pomaidb/src/ai/tensor_core/tensorflow/lite/kernels/mul.cc:24:68: warning: missing initializer for member ‘TfLiteRegistration::async_kernel’ [-Wmissing-field-initializers]
/gpfs/work5/0/prjs2109/dataset/repos/pomaidb/src/ai/tensor_core/tensorflow/lite/kernels/mul.cc:24:68: warning: missing initializer for member ‘TfLiteRegistration::inplace_operator’ [-Wmissing-field-initializers]
In file included from /gpfs/work5/0/prjs2109/dataset/repos/pomaidb/src/ai/tensor_core/tensorflow/lite/kernels/reshape.cc:1:
/gpfs/work5/0/prjs2109/dataset/repos/pomaidb/src/ai/tensor_core/tensorflow/lite/core/c/common.h:125:7: warning: ISO C++ forbids flexible array member ‘data’ [-Wpedantic]
  125 |   int data[];
      |       ^~~~
/gpfs/work5/0/prjs2109/dataset/repos/pomaidb/src/ai/tensor_core/tensorflow/lite/core/c/common.h:169:9: warning: ISO C++ forbids flexible array member ‘data’ [-Wpedantic]
  169 |   float data[];
      |         ^~~~
/gpfs/work5/0/prjs2109/dataset/repos/pomaidb/src/ai/tensor_core/tensorflow/lite/kernels/add.cc: In function ‘TfLiteRegistration* tflite::ops::builtin::Register_ADD()’:
/gpfs/work5/0/prjs2109/dataset/repos/pomaidb/src/ai/tensor_core/tensorflow/lite/kernels/add.cc:24:68: warning: missing initializer for member ‘TfLiteRegistration::profiling_string’ [-Wmissing-field-initializers]
   24 |   static TfLiteRegistration r = {nullptr, nullptr, nullptr, AddEval};
      |                                                                    ^
/gpfs/work5/0/prjs2109/dataset/repos/pomaidb/src/ai/tensor_core/tensorflow/lite/kernels/add.cc:24:68: warning: missing initializer for member ‘TfLiteRegistration::builtin_code’ [-Wmissing-field-initializers]
/gpfs/work5/0/prjs2109/dataset/repos/pomaidb/src/ai/tensor_core/tensorflow/lite/kernels/add.cc:24:68: warning: missing initializer for member ‘TfLiteRegistration::custom_name’ [-Wmissing-field-initializers]
/gpfs/work5/0/prjs2109/dataset/repos/pomaidb/src/ai/tensor_core/tensorflow/lite/kernels/add.cc:24:68: warning: missing initializer for member ‘TfLiteRegistration::version’ [-Wmissing-field-initializers]
/gpfs/work5/0/prjs2109/dataset/repos/pomaidb/src/ai/tensor_core/tensorflow/lite/kernels/add.cc:24:68: warning: missing initializer for member ‘TfLiteRegistration::registration_external’ [-Wmissing-field-initializers]
/gpfs/work5/0/prjs2109/dataset/repos/pomaidb/src/ai/tensor_core/tensorflow/lite/kernels/add.cc:24:68: warning: missing initializer for member ‘TfLiteRegistration::async_kernel’ [-Wmissing-field-initializers]
/gpfs/work5/0/prjs2109/dataset/repos/pomaidb/src/ai/tensor_core/tensorflow/lite/kernels/add.cc:24:68: warning: missing initializer for member ‘TfLiteRegistration::inplace_operator’ [-Wmissing-field-initializers]
In file included from /gpfs/work5/0/prjs2109/dataset/repos/pomaidb/src/ai/tensor_core/tensorflow/lite/kernels/sub.cc:1:
/gpfs/work5/0/prjs2109/dataset/repos/pomaidb/src/ai/tensor_core/tensorflow/lite/core/c/common.h:125:7: warning: ISO C++ forbids flexible array member ‘data’ [-Wpedantic]
  125 |   int data[];
      |       ^~~~
/gpfs/work5/0/prjs2109/dataset/repos/pomaidb/src/ai/tensor_core/tensorflow/lite/core/c/common.h:169:9: warning: ISO C++ forbids flexible array member ‘data’ [-Wpedantic]
  169 |   float data[];
      |         ^~~~
In file included from /gpfs/work5/0/prjs2109/dataset/repos/pomaidb/src/ai/cheesebrain_core/gguf.cpp:2:
/gpfs/work5/0/prjs2109/dataset/repos/pomaidb/src/ai/cheesebrain_core/ggml-backend.h:355:119: warning: ‘ggml_backend_graph_copy ggml_backend_graph_copy(ggml_backend_t, ggml_cgraph*)’ hides constructor for ‘struct ggml_backend_graph_copy’ [-Wshadow]
  355 |     GGML_API struct ggml_backend_graph_copy ggml_backend_graph_copy(ggml_backend_t backend, struct ggml_cgraph * graph);
      |                                                                                                                       ^
/gpfs/work5/0/prjs2109/dataset/repos/pomaidb/src/ai/tensor_core/tensorflow/lite/kernels/reshape.cc: In function ‘TfLiteRegistration* tflite::ops::builtin::Register_RESHAPE()’:
/gpfs/work5/0/prjs2109/dataset/repos/pomaidb/src/ai/tensor_core/tensorflow/lite/kernels/reshape.cc:20:72: warning: missing initializer for member ‘TfLiteRegistration::profiling_string’ [-Wmissing-field-initializers]
   20 |   static TfLiteRegistration r = {nullptr, nullptr, nullptr, ReshapeEval};
      |                                                                        ^
/gpfs/work5/0/prjs2109/dataset/repos/pomaidb/src/ai/tensor_core/tensorflow/lite/kernels/reshape.cc:20:72: warning: missing initializer for member ‘TfLiteRegistration::builtin_code’ [-Wmissing-field-initializers]
/gpfs/work5/0/prjs2109/dataset/repos/pomaidb/src/ai/tensor_core/tensorflow/lite/kernels/reshape.cc:20:72: warning: missing initializer for member ‘TfLiteRegistration::custom_name’ [-Wmissing-field-initializers]
/gpfs/work5/0/prjs2109/dataset/repos/pomaidb/src/ai/tensor_core/tensorflow/lite/kernels/reshape.cc:20:72: warning: missing initializer for member ‘TfLiteRegistration::version’ [-Wmissing-field-initializers]
/gpfs/work5/0/prjs2109/dataset/repos/pomaidb/src/ai/tensor_core/tensorflow/lite/kernels/reshape.cc:20:72: warning: missing initializer for member ‘TfLiteRegistration::registration_external’ [-Wmissing-field-initializers]
/gpfs/work5/0/prjs2109/dataset/repos/pomaidb/src/ai/tensor_core/tensorflow/lite/kernels/reshape.cc:20:72: warning: missing initializer for member ‘TfLiteRegistration::async_kernel’ [-Wmissing-field-initializers]
/gpfs/work5/0/prjs2109/dataset/repos/pomaidb/src/ai/tensor_core/tensorflow/lite/kernels/reshape.cc:20:72: warning: missing initializer for member ‘TfLiteRegistration::inplace_operator’ [-Wmissing-field-initializers]
/gpfs/work5/0/prjs2109/dataset/repos/pomaidb/src/ai/tensor_core/tensorflow/lite/kernels/sub.cc: In function ‘TfLiteRegistration* tflite::ops::builtin::Register_SUB()’:
/gpfs/work5/0/prjs2109/dataset/repos/pomaidb/src/ai/tensor_core/tensorflow/lite/kernels/sub.cc:24:68: warning: missing initializer for member ‘TfLiteRegistration::profiling_string’ [-Wmissing-field-initializers]
   24 |   static TfLiteRegistration r = {nullptr, nullptr, nullptr, SubEval};
      |                                                                    ^
/gpfs/work5/0/prjs2109/dataset/repos/pomaidb/src/ai/tensor_core/tensorflow/lite/kernels/sub.cc:24:68: warning: missing initializer for member ‘TfLiteRegistration::builtin_code’ [-Wmissing-field-initializers]
/gpfs/work5/0/prjs2109/dataset/repos/pomaidb/src/ai/tensor_core/tensorflow/lite/kernels/sub.cc:24:68: warning: missing initializer for member ‘TfLiteRegistration::custom_name’ [-Wmissing-field-initializers]
/gpfs/work5/0/prjs2109/dataset/repos/pomaidb/src/ai/tensor_core/tensorflow/lite/kernels/sub.cc:24:68: warning: missing initializer for member ‘TfLiteRegistration::version’ [-Wmissing-field-initializers]
/gpfs/work5/0/prjs2109/dataset/repos/pomaidb/src/ai/tensor_core/tensorflow/lite/kernels/sub.cc:24:68: warning: missing initializer for member ‘TfLiteRegistration::registration_external’ [-Wmissing-field-initializers]
/gpfs/work5/0/prjs2109/dataset/repos/pomaidb/src/ai/tensor_core/tensorflow/lite/kernels/sub.cc:24:68: warning: missing initializer for member ‘TfLiteRegistration::async_kernel’ [-Wmissing-field-initializers]
/gpfs/work5/0/prjs2109/dataset/repos/pomaidb/src/ai/tensor_core/tensorflow/lite/kernels/sub.cc:24:68: warning: missing initializer for member ‘TfLiteRegistration::inplace_operator’ [-Wmissing-field-initializers]
/gpfs/work5/0/prjs2109/dataset/repos/pomaidb/src/ai/cheesebrain_core/gguf.cpp: In constructor ‘gguf_kv::gguf_kv(const std::string&, T)’:
/gpfs/work5/0/prjs2109/dataset/repos/pomaidb/src/ai/cheesebrain_core/gguf.cpp:141:33: warning: declaration of ‘key’ shadows a member of ‘gguf_kv’ [-Wshadow]
  141 |     gguf_kv(const std::string & key, const T value)
      |             ~~~~~~~~~~~~~~~~~~~~^~~
/gpfs/work5/0/prjs2109/dataset/repos/pomaidb/src/ai/cheesebrain_core/gguf.cpp:132:17: note: shadowed declaration is here
  132 |     std::string key;
      |                 ^~~
/gpfs/work5/0/prjs2109/dataset/repos/pomaidb/src/ai/cheesebrain_core/gguf.cpp: In constructor ‘gguf_kv::gguf_kv(const std::string&, const std::vector<T>&)’:
/gpfs/work5/0/prjs2109/dataset/repos/pomaidb/src/ai/cheesebrain_core/gguf.cpp:149:33: warning: declaration of ‘key’ shadows a member of ‘gguf_kv’ [-Wshadow]
  149 |     gguf_kv(const std::string & key, const std::vector<T> & value)
      |             ~~~~~~~~~~~~~~~~~~~~^~~
/gpfs/work5/0/prjs2109/dataset/repos/pomaidb/src/ai/cheesebrain_core/gguf.cpp:132:17: note: shadowed declaration is here
  132 |     std::string key;
      |                 ^~~
/gpfs/work5/0/prjs2109/dataset/repos/pomaidb/src/ai/cheesebrain_core/gguf.cpp: In constructor ‘gguf_kv::gguf_kv(const std::string&, const std::string&)’:
/gpfs/work5/0/prjs2109/dataset/repos/pomaidb/src/ai/cheesebrain_core/gguf.cpp:159:33: warning: declaration of ‘key’ shadows a member of ‘gguf_kv’ [-Wshadow]
  159 |     gguf_kv(const std::string & key, const std::string & value)
      |             ~~~~~~~~~~~~~~~~~~~~^~~
/gpfs/work5/0/prjs2109/dataset/repos/pomaidb/src/ai/cheesebrain_core/gguf.cpp:132:17: note: shadowed declaration is here
  132 |     std::string key;
      |                 ^~~
/gpfs/work5/0/prjs2109/dataset/repos/pomaidb/src/ai/cheesebrain_core/gguf.cpp: In constructor ‘gguf_kv::gguf_kv(const std::string&, const std::vector<std::__cxx11::basic_string<char> >&)’:
/gpfs/work5/0/prjs2109/dataset/repos/pomaidb/src/ai/cheesebrain_core/gguf.cpp:165:33: warning: declaration of ‘key’ shadows a member of ‘gguf_kv’ [-Wshadow]
  165 |     gguf_kv(const std::string & key, const std::vector<std::string> & value)
      |             ~~~~~~~~~~~~~~~~~~~~^~~
/gpfs/work5/0/prjs2109/dataset/repos/pomaidb/src/ai/cheesebrain_core/gguf.cpp:132:17: note: shadowed declaration is here
  132 |     std::string key;
      |                 ^~~
/gpfs/work5/0/prjs2109/dataset/repos/pomaidb/src/ai/cheesebrain_core/gguf.cpp: In constructor ‘gguf_reader::gguf_reader(FILE*)’:
/gpfs/work5/0/prjs2109/dataset/repos/pomaidb/src/ai/cheesebrain_core/gguf.cpp:231:24: warning: declaration of ‘file’ shadows a member of ‘gguf_reader’ [-Wshadow]
  231 |     gguf_reader(FILE * file) : file(file) {
      |                 ~~~~~~~^~~~
/gpfs/work5/0/prjs2109/dataset/repos/pomaidb/src/ai/cheesebrain_core/gguf.cpp:362:12: note: shadowed declaration is here
  362 |     FILE * file;
      |            ^~~~
/gpfs/work5/0/prjs2109/dataset/repos/pomaidb/src/ai/cheesebrain_core/gguf.cpp: In constructor ‘gguf_writer_buf::gguf_writer_buf(std::vector<signed char>&)’:
/gpfs/work5/0/prjs2109/dataset/repos/pomaidb/src/ai/cheesebrain_core/gguf.cpp:1389:43: warning: declaration of ‘buf’ shadows a member of ‘gguf_writer_buf’ [-Wshadow]
 1389 |     gguf_writer_buf(std::vector<int8_t> & buf) : buf(buf) {}
      |                     ~~~~~~~~~~~~~~~~~~~~~~^~~
/gpfs/work5/0/prjs2109/dataset/repos/pomaidb/src/ai/cheesebrain_core/gguf.cpp:1387:27: note: shadowed declaration is here
 1387 |     std::vector<int8_t> & buf;
      |                           ^~~
/gpfs/work5/0/prjs2109/dataset/repos/pomaidb/src/ai/cheesebrain_core/gguf.cpp: In constructor ‘gguf_writer_file::gguf_writer_file(FILE*)’:
/gpfs/work5/0/prjs2109/dataset/repos/pomaidb/src/ai/cheesebrain_core/gguf.cpp:1427:28: warning: declaration of ‘file’ shadows a member of ‘gguf_writer_file’ [-Wshadow]
 1427 |     gguf_writer_file(FILE* file) : file(file) {}
      |                      ~~~~~~^~~~
/gpfs/work5/0/prjs2109/dataset/repos/pomaidb/src/ai/cheesebrain_core/gguf.cpp:1425:12: note: shadowed declaration is here
 1425 |     FILE * file;
      |            ^~~~
In file included from /gpfs/work5/0/prjs2109/dataset/repos/pomaidb/src/ai/cheesebrain_core/ggml-cpu.h:4,
                 from /gpfs/work5/0/prjs2109/dataset/repos/pomaidb/src/ai/cheesebrain_core/cheese.h:5,
                 from /gpfs/work5/0/prjs2109/dataset/repos/pomaidb/src/ai/cheesebrain_core/cheese-model-loader.h:3,
                 from /gpfs/work5/0/prjs2109/dataset/repos/pomaidb/src/ai/cheesebrain_core/cheese-model-loader.cpp:1:
/gpfs/work5/0/prjs2109/dataset/repos/pomaidb/src/ai/cheesebrain_core/ggml-backend.h:355:119: warning: ‘ggml_backend_graph_copy ggml_backend_graph_copy(ggml_backend_t, ggml_cgraph*)’ hides constructor for ‘struct ggml_backend_graph_copy’ [-Wshadow]
  355 |     GGML_API struct ggml_backend_graph_copy ggml_backend_graph_copy(ggml_backend_t backend, struct ggml_cgraph * graph);
      |                                                                                                                       ^
/gpfs/work5/0/prjs2109/dataset/repos/pomaidb/src/core/quantization/bit_quantizer.cc: In member function ‘virtual pomai::Status pomai::core::BitQuantizer::Train(std::span<const float, 18446744073709551615>, size_t)’:
/gpfs/work5/0/prjs2109/dataset/repos/pomaidb/src/core/quantization/bit_quantizer.cc:9:58: warning: unused parameter ‘data’ [-Wunused-parameter]
    9 | pomai::Status BitQuantizer::Train(std::span<const float> data, size_t num_vectors) {
      |                                   ~~~~~~~~~~~~~~~~~~~~~~~^~~~
/gpfs/work5/0/prjs2109/dataset/repos/pomaidb/src/core/quantization/bit_quantizer.cc:9:71: warning: unused parameter ‘num_vectors’ [-Wunused-parameter]
    9 | pomai::Status BitQuantizer::Train(std::span<const float> data, size_t num_vectors) {
      |                                                                ~~~~~~~^~~~~~~~~~~
In file included from /gpfs/work5/0/prjs2109/dataset/repos/pomaidb/src/ai/cheesebrain_core/ggml-cpu.h:4,
                 from /gpfs/work5/0/prjs2109/dataset/repos/pomaidb/src/ai/cheesebrain_core/cheese.h:5,
                 from /gpfs/work5/0/prjs2109/dataset/repos/pomaidb/src/ai/cheesebrain_core/cheese-context.h:3,
                 from /gpfs/work5/0/prjs2109/dataset/repos/pomaidb/src/ai/cheesebrain_core/cheese-context.cpp:1:
/gpfs/work5/0/prjs2109/dataset/repos/pomaidb/src/ai/cheesebrain_core/ggml-backend.h:355:119: warning: ‘ggml_backend_graph_copy ggml_backend_graph_copy(ggml_backend_t, ggml_cgraph*)’ hides constructor for ‘struct ggml_backend_graph_copy’ [-Wshadow]
  355 |     GGML_API struct ggml_backend_graph_copy ggml_backend_graph_copy(ggml_backend_t backend, struct ggml_cgraph * graph);
      |                                                                                                                       ^
/gpfs/work5/0/prjs2109/dataset/repos/pomaidb/src/ai/tensor_core/tensorflow/lite/core/subgraph.cc:356:1: warning: multi-line comment [-Wcomment]
  356 | // | TfLiteIntArray* nodes_to_replace; |--\
      | ^
/gpfs/work5/0/prjs2109/dataset/repos/pomaidb/src/ai/tensor_core/tensorflow/lite/core/subgraph.cc:378:1: warning: multi-line comment [-Wcomment]
  378 | // | TfLiteIntArray* nodes_to_replace;            |--\
      | ^
In file included from /gpfs/work5/0/prjs2109/dataset/repos/pomaidb/src/ai/cheesebrain_core/cheese-model-loader.h:6:
/gpfs/work5/0/prjs2109/dataset/repos/pomaidb/src/ai/cheesebrain_core/cheese-arch.h: In constructor ‘LLM_TN::LLM_TN(llm_arch)’:
/gpfs/work5/0/prjs2109/dataset/repos/pomaidb/src/ai/cheesebrain_core/cheese-arch.h:592:21: warning: declaration of ‘arch’ shadows a member of ‘LLM_TN’ [-Wshadow]
  592 |     LLM_TN(llm_arch arch) : arch(arch) {}
      |            ~~~~~~~~~^~~~
/gpfs/work5/0/prjs2109/dataset/repos/pomaidb/src/ai/cheesebrain_core/cheese-arch.h:594:14: note: shadowed declaration is here
  594 |     llm_arch arch;
      |              ^~~~
In file included from /gpfs/work5/0/prjs2109/dataset/repos/pomaidb/src/ai/cheesebrain_core/cheese-graph.h:3,
                 from /gpfs/work5/0/prjs2109/dataset/repos/pomaidb/src/ai/cheesebrain_core/cheese-context.h:5:
/gpfs/work5/0/prjs2109/dataset/repos/pomaidb/src/ai/cheesebrain_core/cheese-arch.h: In constructor ‘LLM_TN::LLM_TN(llm_arch)’:
/gpfs/work5/0/prjs2109/dataset/repos/pomaidb/src/ai/cheesebrain_core/cheese-arch.h:592:21: warning: declaration of ‘arch’ shadows a member of ‘LLM_TN’ [-Wshadow]
  592 |     LLM_TN(llm_arch arch) : arch(arch) {}
      |            ~~~~~~~~~^~~~
/gpfs/work5/0/prjs2109/dataset/repos/pomaidb/src/ai/cheesebrain_core/cheese-arch.h:594:14: note: shadowed declaration is here
  594 |     llm_arch arch;
      |              ^~~~
/gpfs/work5/0/prjs2109/dataset/repos/pomaidb/src/core/storage/sync_provider.cc: In member function ‘pomai::Status pomai::core::WalStreamer::PushSince(uint64_t, pomai::core::SyncReceiver*, uint64_t*)’:
/gpfs/work5/0/prjs2109/dataset/repos/pomaidb/src/core/storage/sync_provider.cc:53:18: warning: unused variable ‘hdr_buf’ [-Wunused-variable]
   53 |             char hdr_buf[sizeof(WalFileHeader)];
      |                  ^~~~~~~
/gpfs/work5/0/prjs2109/dataset/repos/pomaidb/src/ai/cheesebrain_core/cheese-model-loader.h: In constructor ‘cheese_model_loader::cheese_tensor_weight::cheese_tensor_weight(const cheese_file*, uint16_t, const gguf_context*, ggml_tensor*)’:
/gpfs/work5/0/prjs2109/dataset/repos/pomaidb/src/ai/cheesebrain_core/cheese-model-loader.h:34:122: warning: declaration of ‘tensor’ shadows a member of ‘cheese_model_loader::cheese_tensor_weight’ [-Wshadow]
   34 |         cheese_tensor_weight(const cheese_file * file, uint16_t idx, const struct gguf_context * gguf_ctx, ggml_tensor * tensor) : idx(idx), tensor(tensor) {
      |                                                                                                            ~~~~~~~~~~~~~~^~~~~~
/gpfs/work5/0/prjs2109/dataset/repos/pomaidb/src/ai/cheesebrain_core/cheese-model-loader.h:32:23: note: shadowed declaration is here
   32 |         ggml_tensor * tensor;
      |                       ^~~~~~
/gpfs/work5/0/prjs2109/dataset/repos/pomaidb/src/ai/cheesebrain_core/cheese-model-loader.h:34:65: warning: declaration of ‘idx’ shadows a member of ‘cheese_model_loader::cheese_tensor_weight’ [-Wshadow]
   34 |         cheese_tensor_weight(const cheese_file * file, uint16_t idx, const struct gguf_context * gguf_ctx, ggml_tensor * tensor) : idx(idx), tensor(tensor) {
      |                                                        ~~~~~~~~~^~~
/gpfs/work5/0/prjs2109/dataset/repos/pomaidb/src/ai/cheesebrain_core/cheese-model-loader.h:29:19: note: shadowed declaration is here
   29 |         uint16_t  idx; // source file index
      |                   ^~~
In file included from /gpfs/work5/0/prjs2109/dataset/repos/pomaidb/src/ai/cheesebrain_core/cheese-graph.h:6:
/gpfs/work5/0/prjs2109/dataset/repos/pomaidb/src/ai/cheesebrain_core/cheese-adapter.h: In constructor ‘cheese_adapter_lora_weight::cheese_adapter_lora_weight(ggml_tensor*, ggml_tensor*)’:
/gpfs/work5/0/prjs2109/dataset/repos/pomaidb/src/ai/cheesebrain_core/cheese-adapter.h:60:63: warning: declaration of ‘b’ shadows a member of ‘cheese_adapter_lora_weight’ [-Wshadow]
   60 |     cheese_adapter_lora_weight(ggml_tensor * a, ggml_tensor * b) : a(a), b(b) {}
      |                                                 ~~~~~~~~~~~~~~^
/gpfs/work5/0/prjs2109/dataset/repos/pomaidb/src/ai/cheesebrain_core/cheese-adapter.h:50:19: note: shadowed declaration is here
   50 |     ggml_tensor * b = nullptr;
      |                   ^
/gpfs/work5/0/prjs2109/dataset/repos/pomaidb/src/ai/cheesebrain_core/cheese-adapter.h:60:46: warning: declaration of ‘a’ shadows a member of ‘cheese_adapter_lora_weight’ [-Wshadow]
   60 |     cheese_adapter_lora_weight(ggml_tensor * a, ggml_tensor * b) : a(a), b(b) {}
      |                                ~~~~~~~~~~~~~~^
/gpfs/work5/0/prjs2109/dataset/repos/pomaidb/src/ai/cheesebrain_core/cheese-adapter.h:49:19: note: shadowed declaration is here
   49 |     ggml_tensor * a = nullptr;
      |                   ^
In file included from /gpfs/work5/0/prjs2109/dataset/repos/pomaidb/src/ai/tensor_core/tensorflow/lite/array.h:24,
                 from /gpfs/work5/0/prjs2109/dataset/repos/pomaidb/src/ai/tensor_core/tensorflow/lite/core/subgraph.h:33,
                 from /gpfs/work5/0/prjs2109/dataset/repos/pomaidb/src/ai/tensor_core/tensorflow/lite/core/subgraph.cc:16:
/gpfs/work5/0/prjs2109/dataset/repos/pomaidb/src/ai/tensor_core/tensorflow/lite/core/c/common.h:125:7: warning: ISO C++ forbids flexible array member ‘data’ [-Wpedantic]
  125 |   int data[];
      |       ^~~~
/gpfs/work5/0/prjs2109/dataset/repos/pomaidb/src/ai/tensor_core/tensorflow/lite/core/c/common.h:169:9: warning: ISO C++ forbids flexible array member ‘data’ [-Wpedantic]
  169 |   float data[];
      |         ^~~~
/gpfs/work5/0/prjs2109/dataset/repos/pomaidb/src/palloc_page_pool.cc: In member function ‘size_t {anonymous}::palloc_page_pool_impl::allocate_frame_for_page(uint64_t, bool, bool*)’:
/gpfs/work5/0/prjs2109/dataset/repos/pomaidb/src/palloc_page_pool.cc:174:57: warning: unused parameter ‘for_write’ [-Wunused-parameter]
  174 |   size_t allocate_frame_for_page(uint64_t page_id, bool for_write, bool* is_new) {
      |                                                    ~~~~~^~~~~~~~~
/gpfs/work5/0/prjs2109/dataset/repos/pomaidb/src/ai/cheesebrain_core/cheese-graph.h: In constructor ‘llm_graph_input_embd::llm_graph_input_embd(int64_t)’:
/gpfs/work5/0/prjs2109/dataset/repos/pomaidb/src/ai/cheesebrain_core/cheese-graph.h:109:34: warning: declaration of ‘n_embd’ shadows a member of ‘llm_graph_input_embd’ [-Wshadow]
  109 |     llm_graph_input_embd(int64_t n_embd) : n_embd(n_embd) {}
      |                          ~~~~~~~~^~~~~~
/gpfs/work5/0/prjs2109/dataset/repos/pomaidb/src/ai/cheesebrain_core/cheese-graph.h:119:19: note: shadowed declaration is here
  119 |     const int64_t n_embd = 0;
      |                   ^~~~~~
/gpfs/work5/0/prjs2109/dataset/repos/pomaidb/src/ai/cheesebrain_core/cheese-graph.h: In constructor ‘llm_graph_input_pos::llm_graph_input_pos(uint32_t)’:
/gpfs/work5/0/prjs2109/dataset/repos/pomaidb/src/ai/cheesebrain_core/cheese-graph.h:124:34: warning: declaration of ‘n_pos_per_embd’ shadows a member of ‘llm_graph_input_pos’ [-Wshadow]
  124 |     llm_graph_input_pos(uint32_t n_pos_per_embd) : n_pos_per_embd(n_pos_per_embd) {}
      |                         ~~~~~~~~~^~~~~~~~~~~~~~
/gpfs/work5/0/prjs2109/dataset/repos/pomaidb/src/ai/cheesebrain_core/cheese-graph.h:133:20: note: shadowed declaration is here
  133 |     const uint32_t n_pos_per_embd = 1;
      |                    ^~~~~~~~~~~~~~
/gpfs/work5/0/prjs2109/dataset/repos/pomaidb/src/ai/cheesebrain_core/cheese-graph.h: In constructor ‘llm_graph_input_attn_temp::llm_graph_input_attn_temp(uint32_t, float, float)’:
/gpfs/work5/0/prjs2109/dataset/repos/pomaidb/src/ai/cheesebrain_core/cheese-graph.h:139:96: warning: declaration of ‘f_attn_temp_offset’ shadows a member of ‘llm_graph_input_attn_temp’ [-Wshadow]
  139 |     llm_graph_input_attn_temp(uint32_t n_attn_temp_floor_scale, float f_attn_temp_scale, float f_attn_temp_offset)
      |                                                                                          ~~~~~~^~~~~~~~~~~~~~~~~~
/gpfs/work5/0/prjs2109/dataset/repos/pomaidb/src/ai/cheesebrain_core/cheese-graph.h:149:20: note: shadowed declaration is here
  149 |     const float    f_attn_temp_offset;
      |                    ^~~~~~~~~~~~~~~~~~
/gpfs/work5/0/prjs2109/dataset/repos/pomaidb/src/ai/cheesebrain_core/cheese-graph.h:139:71: warning: declaration of ‘f_attn_temp_scale’ shadows a member of ‘llm_graph_input_attn_temp’ [-Wshadow]
  139 |     llm_graph_input_attn_temp(uint32_t n_attn_temp_floor_scale, float f_attn_temp_scale, float f_attn_temp_offset)
      |                                                                 ~~~~~~^~~~~~~~~~~~~~~~~
/gpfs/work5/0/prjs2109/dataset/repos/pomaidb/src/ai/cheesebrain_core/cheese-graph.h:148:20: note: shadowed declaration is here
  148 |     const float    f_attn_temp_scale;
      |                    ^~~~~~~~~~~~~~~~~
/gpfs/work5/0/prjs2109/dataset/repos/pomaidb/src/ai/cheesebrain_core/cheese-graph.h:139:40: warning: declaration of ‘n_attn_temp_floor_scale’ shadows a member of ‘llm_graph_input_attn_temp’ [-Wshadow]
  139 |     llm_graph_input_attn_temp(uint32_t n_attn_temp_floor_scale, float f_attn_temp_scale, float f_attn_temp_offset)
      |                               ~~~~~~~~~^~~~~~~~~~~~~~~~~~~~~~~
/gpfs/work5/0/prjs2109/dataset/repos/pomaidb/src/ai/cheesebrain_core/cheese-graph.h:147:20: note: shadowed declaration is here
  147 |     const uint32_t n_attn_temp_floor_scale;
      |                    ^~~~~~~~~~~~~~~~~~~~~~~
/gpfs/work5/0/prjs2109/dataset/repos/pomaidb/src/ai/cheesebrain_core/cheese-graph.h: In constructor ‘llm_graph_input_pos_bucket::llm_graph_input_pos_bucket(const cheese_hparams&)’:
/gpfs/work5/0/prjs2109/dataset/repos/pomaidb/src/ai/cheesebrain_core/cheese-graph.h:154:55: warning: declaration of ‘hparams’ shadows a member of ‘llm_graph_input_pos_bucket’ [-Wshadow]
  154 |     llm_graph_input_pos_bucket(const cheese_hparams & hparams) : hparams(hparams) {}
      |                                ~~~~~~~~~~~~~~~~~~~~~~~^~~~~~~
/gpfs/work5/0/prjs2109/dataset/repos/pomaidb/src/ai/cheesebrain_core/cheese-graph.h:161:26: note: shadowed declaration is here
  161 |     const cheese_hparams hparams;
      |                          ^~~~~~~
/gpfs/work5/0/prjs2109/dataset/repos/pomaidb/src/ai/cheesebrain_core/cheese-graph.h: In constructor ‘llm_graph_input_pos_bucket_kv::llm_graph_input_pos_bucket_kv(const cheese_hparams&, const cheese_kv_cache_context*)’:
/gpfs/work5/0/prjs2109/dataset/repos/pomaidb/src/ai/cheesebrain_core/cheese-graph.h:168:45: warning: declaration of ‘mctx’ shadows a member of ‘llm_graph_input_pos_bucket_kv’ [-Wshadow]
  168 |             const cheese_kv_cache_context * mctx) : hparams(hparams), mctx(mctx) {}
      |             ~~~~~~~~~~~~~~~~~~~~~~~~~~~~~~~~^~~~
/gpfs/work5/0/prjs2109/dataset/repos/pomaidb/src/ai/cheesebrain_core/cheese-graph.h:177:37: note: shadowed declaration is here
  177 |     const cheese_kv_cache_context * mctx;
      |                                     ^~~~
/gpfs/work5/0/prjs2109/dataset/repos/pomaidb/src/ai/cheesebrain_core/cheese-graph.h:167:36: warning: declaration of ‘hparams’ shadows a member of ‘llm_graph_input_pos_bucket_kv’ [-Wshadow]
  167 |             const cheese_hparams & hparams,
      |             ~~~~~~~~~~~~~~~~~~~~~~~^~~~~~~
/gpfs/work5/0/prjs2109/dataset/repos/pomaidb/src/ai/cheesebrain_core/cheese-graph.h:175:26: note: shadowed declaration is here
  175 |     const cheese_hparams hparams;
      |                          ^~~~~~~
/gpfs/work5/0/prjs2109/dataset/repos/pomaidb/src/ai/cheesebrain_core/cheese-graph.h: In constructor ‘llm_graph_input_out_ids::llm_graph_input_out_ids(const cheese_hparams&, const cheese_cparams&, uint32_t)’:
/gpfs/work5/0/prjs2109/dataset/repos/pomaidb/src/ai/cheesebrain_core/cheese-graph.h:185:22: warning: declaration of ‘n_outputs’ shadows a member of ‘llm_graph_input_out_ids’ [-Wshadow]
  185 |             uint32_t n_outputs) : hparams(hparams), cparams(cparams), n_outputs(n_outputs) {}
      |             ~~~~~~~~~^~~~~~~~~
/gpfs/work5/0/prjs2109/dataset/repos/pomaidb/src/ai/cheesebrain_core/cheese-graph.h:197:20: note: shadowed declaration is here
  197 |     const uint32_t n_outputs;
      |                    ^~~~~~~~~
/gpfs/work5/0/prjs2109/dataset/repos/pomaidb/src/ai/cheesebrain_core/cheese-graph.h:184:36: warning: declaration of ‘cparams’ shadows a member of ‘llm_graph_input_out_ids’ [-Wshadow]
  184 |             const cheese_cparams & cparams,
      |             ~~~~~~~~~~~~~~~~~~~~~~~^~~~~~~
/gpfs/work5/0/prjs2109/dataset/repos/pomaidb/src/ai/cheesebrain_core/cheese-graph.h:195:26: note: shadowed declaration is here
  195 |     const cheese_cparams cparams;
      |                          ^~~~~~~
/gpfs/work5/0/prjs2109/dataset/repos/pomaidb/src/ai/cheesebrain_core/cheese-graph.h:183:36: warning: declaration of ‘hparams’ shadows a member of ‘llm_graph_input_out_ids’ [-Wshadow]
  183 |             const cheese_hparams & hparams,
      |             ~~~~~~~~~~~~~~~~~~~~~~~^~~~~~~
/gpfs/work5/0/prjs2109/dataset/repos/pomaidb/src/ai/cheesebrain_core/cheese-graph.h:194:26: note: shadowed declaration is here
  194 |     const cheese_hparams hparams;
      |                          ^~~~~~~
/gpfs/work5/0/prjs2109/dataset/repos/pomaidb/src/ai/cheesebrain_core/cheese-graph.h: In constructor ‘llm_graph_input_mean::llm_graph_input_mean(const cheese_cparams&)’:
/gpfs/work5/0/prjs2109/dataset/repos/pomaidb/src/ai/cheesebrain_core/cheese-graph.h:202:49: warning: declaration of ‘cparams’ shadows a member of ‘llm_graph_input_mean’ [-Wshadow]
  202 |     llm_graph_input_mean(const cheese_cparams & cparams) : cparams(cparams) {}
      |                          ~~~~~~~~~~~~~~~~~~~~~~~^~~~~~~
/gpfs/work5/0/prjs2109/dataset/repos/pomaidb/src/ai/cheesebrain_core/cheese-graph.h:209:26: note: shadowed declaration is here
  209 |     const cheese_cparams cparams;
      |                          ^~~~~~~
/gpfs/work5/0/prjs2109/dataset/repos/pomaidb/src/ai/cheesebrain_core/cheese-graph.h: In constructor ‘llm_graph_input_cls::llm_graph_input_cls(const cheese_cparams&, llm_arch)’:
/gpfs/work5/0/prjs2109/dataset/repos/pomaidb/src/ai/cheesebrain_core/cheese-graph.h:214:72: warning: declaration of ‘arch’ shadows a member of ‘llm_graph_input_cls’ [-Wshadow]
  214 |     llm_graph_input_cls(const cheese_cparams & cparams, const llm_arch arch) : cparams(cparams), arch(arch) {}
      |                                                         ~~~~~~~~~~~~~~~^~~~
/gpfs/work5/0/prjs2109/dataset/repos/pomaidb/src/ai/cheesebrain_core/cheese-graph.h:222:20: note: shadowed declaration is here
  222 |     const llm_arch arch;
      |                    ^~~~
/gpfs/work5/0/prjs2109/dataset/repos/pomaidb/src/ai/cheesebrain_core/cheese-graph.h:214:48: warning: declaration of ‘cparams’ shadows a member of ‘llm_graph_input_cls’ [-Wshadow]
  214 |     llm_graph_input_cls(const cheese_cparams & cparams, const llm_arch arch) : cparams(cparams), arch(arch) {}
      |                         ~~~~~~~~~~~~~~~~~~~~~~~^~~~~~~
/gpfs/work5/0/prjs2109/dataset/repos/pomaidb/src/ai/cheesebrain_core/cheese-graph.h:221:26: note: shadowed declaration is here
  221 |     const cheese_cparams cparams;
      |                          ^~~~~~~
/gpfs/work5/0/prjs2109/dataset/repos/pomaidb/src/ai/cheesebrain_core/cheese-graph.h: In constructor ‘llm_graph_input_rs::llm_graph_input_rs(const cheese_memory_recurrent_context*)’:
/gpfs/work5/0/prjs2109/dataset/repos/pomaidb/src/ai/cheesebrain_core/cheese-graph.h:227:64: warning: declaration of ‘mctx’ shadows a member of ‘llm_graph_input_rs’ [-Wshadow]
  227 |     llm_graph_input_rs(const cheese_memory_recurrent_context * mctx) : mctx(mctx) {}
      |                        ~~~~~~~~~~~~~~~~~~~~~~~~~~~~~~~~~~~~~~~~^~~~
/gpfs/work5/0/prjs2109/dataset/repos/pomaidb/src/ai/cheesebrain_core/cheese-graph.h:241:45: note: shadowed declaration is here
  241 |     const cheese_memory_recurrent_context * mctx;
      |                                             ^~~~
/gpfs/work5/0/prjs2109/dataset/repos/pomaidb/src/ai/cheesebrain_core/cheese-graph.h: In constructor ‘llm_graph_input_cross_embd::llm_graph_input_cross_embd(const cheese_cross*)’:
/gpfs/work5/0/prjs2109/dataset/repos/pomaidb/src/ai/cheesebrain_core/cheese-graph.h:251:34: warning: declaration of ‘cross’ shadows a member of ‘llm_graph_input_cross_embd’ [-Wshadow]
  251 |             const cheese_cross * cross) : cross(cross) {}
      |             ~~~~~~~~~~~~~~~~~~~~~^~~~~
/gpfs/work5/0/prjs2109/dataset/repos/pomaidb/src/ai/cheesebrain_core/cheese-graph.h:258:26: note: shadowed declaration is here
  258 |     const cheese_cross * cross;
      |                          ^~~~~
/gpfs/work5/0/prjs2109/dataset/repos/pomaidb/src/ai/cheesebrain_core/cheese-graph.h: In constructor ‘llm_graph_input_attn_no_cache::llm_graph_input_attn_no_cache(const cheese_hparams&, const cheese_cparams&)’:
/gpfs/work5/0/prjs2109/dataset/repos/pomaidb/src/ai/cheesebrain_core/cheese-graph.h:263:90: warning: declaration of ‘cparams’ shadows a member of ‘llm_graph_input_attn_no_cache’ [-Wshadow]
  263 |     llm_graph_input_attn_no_cache(const cheese_hparams & hparams, const cheese_cparams & cparams) :
      |                                                                   ~~~~~~~~~~~~~~~~~~~~~~~^~~~~~~
/gpfs/work5/0/prjs2109/dataset/repos/pomaidb/src/ai/cheesebrain_core/cheese-graph.h:281:26: note: shadowed declaration is here
  281 |     const cheese_cparams cparams;
      |                          ^~~~~~~
/gpfs/work5/0/prjs2109/dataset/repos/pomaidb/src/ai/cheesebrain_core/cheese-graph.h:263:58: warning: declaration of ‘hparams’ shadows a member of ‘llm_graph_input_attn_no_cache’ [-Wshadow]
  263 |     llm_graph_input_attn_no_cache(const cheese_hparams & hparams, const cheese_cparams & cparams) :
      |                                   ~~~~~~~~~~~~~~~~~~~~~~~^~~~~~~
/gpfs/work5/0/prjs2109/dataset/repos/pomaidb/src/ai/cheesebrain_core/cheese-graph.h:280:26: note: shadowed declaration is here
  280 |     const cheese_hparams hparams;
      |                          ^~~~~~~
/gpfs/work5/0/prjs2109/dataset/repos/pomaidb/src/core/query/lexical_index.cc: In lambda function:
/gpfs/work5/0/prjs2109/dataset/repos/pomaidb/src/core/query/lexical_index.cc:74:53: warning: declaration of ‘b’ shadows a previous local [-Wshadow]
   74 |                       [](const auto& a, const auto& b) { return a.score > b.score; });
      |                                         ~~~~~~~~~~~~^
/gpfs/work5/0/prjs2109/dataset/repos/pomaidb/src/core/query/lexical_index.cc:50:18: note: shadowed declaration is here
   50 |     const double b = 0.75;
      |                  ^
/gpfs/work5/0/prjs2109/dataset/repos/pomaidb/src/ai/cheesebrain_core/cheese-graph.h: In constructor ‘llm_graph_input_attn_kv::llm_graph_input_attn_kv(const cheese_hparams&, const cheese_cparams&, const cheese_kv_cache_context*)’:
/gpfs/work5/0/prjs2109/dataset/repos/pomaidb/src/ai/cheesebrain_core/cheese-graph.h:289:45: warning: declaration of ‘mctx’ shadows a member of ‘llm_graph_input_attn_kv’ [-Wshadow]
  289 |             const cheese_kv_cache_context * mctx) :
      |             ~~~~~~~~~~~~~~~~~~~~~~~~~~~~~~~~^~~~
/gpfs/work5/0/prjs2109/dataset/repos/pomaidb/src/ai/cheesebrain_core/cheese-graph.h:317:37: note: shadowed declaration is here
  317 |     const cheese_kv_cache_context * mctx;
      |                                     ^~~~
/gpfs/work5/0/prjs2109/dataset/repos/pomaidb/src/ai/cheesebrain_core/cheese-graph.h:288:36: warning: declaration of ‘cparams’ shadows a member of ‘llm_graph_input_attn_kv’ [-Wshadow]
  288 |             const cheese_cparams & cparams,
      |             ~~~~~~~~~~~~~~~~~~~~~~~^~~~~~~
/gpfs/work5/0/prjs2109/dataset/repos/pomaidb/src/ai/cheesebrain_core/cheese-graph.h:315:26: note: shadowed declaration is here
  315 |     const cheese_cparams cparams;
      |                          ^~~~~~~
/gpfs/work5/0/prjs2109/dataset/repos/pomaidb/src/ai/cheesebrain_core/cheese-graph.h:287:36: warning: declaration of ‘hparams’ shadows a member of ‘llm_graph_input_attn_kv’ [-Wshadow]
  287 |             const cheese_hparams & hparams,
      |             ~~~~~~~~~~~~~~~~~~~~~~~^~~~~~~
/gpfs/work5/0/prjs2109/dataset/repos/pomaidb/src/ai/cheesebrain_core/cheese-graph.h:314:26: note: shadowed declaration is here
  314 |     const cheese_hparams hparams;
      |                          ^~~~~~~
/gpfs/work5/0/prjs2109/dataset/repos/pomaidb/src/ai/cheesebrain_core/cheese-graph.h: In constructor ‘llm_graph_input_attn_k::llm_graph_input_attn_k(const cheese_hparams&, const cheese_cparams&, const cheese_kv_cache_context*)’:
/gpfs/work5/0/prjs2109/dataset/repos/pomaidb/src/ai/cheesebrain_core/cheese-graph.h:327:45: warning: declaration of ‘mctx’ shadows a member of ‘llm_graph_input_attn_k’ [-Wshadow]
  327 |             const cheese_kv_cache_context * mctx) :
      |             ~~~~~~~~~~~~~~~~~~~~~~~~~~~~~~~~^~~~
/gpfs/work5/0/prjs2109/dataset/repos/pomaidb/src/ai/cheesebrain_core/cheese-graph.h:350:37: note: shadowed declaration is here
  350 |     const cheese_kv_cache_context * mctx;
      |                                     ^~~~
/gpfs/work5/0/prjs2109/dataset/repos/pomaidb/src/ai/cheesebrain_core/cheese-graph.h:326:36: warning: declaration of ‘cparams’ shadows a member of ‘llm_graph_input_attn_k’ [-Wshadow]
  326 |             const cheese_cparams & cparams,
      |             ~~~~~~~~~~~~~~~~~~~~~~~^~~~~~~
/gpfs/work5/0/prjs2109/dataset/repos/pomaidb/src/ai/cheesebrain_core/cheese-graph.h:348:26: note: shadowed declaration is here
  348 |     const cheese_cparams cparams;
      |                          ^~~~~~~
/gpfs/work5/0/prjs2109/dataset/repos/pomaidb/src/ai/cheesebrain_core/cheese-graph.h:325:36: warning: declaration of ‘hparams’ shadows a member of ‘llm_graph_input_attn_k’ [-Wshadow]
  325 |             const cheese_hparams & hparams,
      |             ~~~~~~~~~~~~~~~~~~~~~~~^~~~~~~
/gpfs/work5/0/prjs2109/dataset/repos/pomaidb/src/ai/cheesebrain_core/cheese-graph.h:347:26: note: shadowed declaration is here
  347 |     const cheese_hparams hparams;
      |                          ^~~~~~~
/gpfs/work5/0/prjs2109/dataset/repos/pomaidb/src/ai/cheesebrain_core/cheese-graph.h: In constructor ‘llm_graph_input_attn_kv_iswa::llm_graph_input_attn_kv_iswa(const cheese_hparams&, const cheese_cparams&, const cheese_kv_cache_iswa_context*)’:
/gpfs/work5/0/prjs2109/dataset/repos/pomaidb/src/ai/cheesebrain_core/cheese-graph.h:358:50: warning: declaration of ‘mctx’ shadows a member of ‘llm_graph_input_attn_kv_iswa’ [-Wshadow]
  358 |             const cheese_kv_cache_iswa_context * mctx) :
      |             ~~~~~~~~~~~~~~~~~~~~~~~~~~~~~~~~~~~~~^~~~
/gpfs/work5/0/prjs2109/dataset/repos/pomaidb/src/ai/cheesebrain_core/cheese-graph.h:390:42: note: shadowed declaration is here
  390 |     const cheese_kv_cache_iswa_context * mctx;
      |                                          ^~~~
/gpfs/work5/0/prjs2109/dataset/repos/pomaidb/src/ai/cheesebrain_core/cheese-graph.h:357:36: warning: declaration of ‘cparams’ shadows a member of ‘llm_graph_input_attn_kv_iswa’ [-Wshadow]
  357 |             const cheese_cparams & cparams,
      |             ~~~~~~~~~~~~~~~~~~~~~~~^~~~~~~
/gpfs/work5/0/prjs2109/dataset/repos/pomaidb/src/ai/cheesebrain_core/cheese-graph.h:388:26: note: shadowed declaration is here
  388 |     const cheese_cparams cparams;
      |                          ^~~~~~~
/gpfs/work5/0/prjs2109/dataset/repos/pomaidb/src/ai/cheesebrain_core/cheese-graph.h:356:36: warning: declaration of ‘hparams’ shadows a member of ‘llm_graph_input_attn_kv_iswa’ [-Wshadow]
  356 |             const cheese_hparams & hparams,
      |             ~~~~~~~~~~~~~~~~~~~~~~~^~~~~~~
/gpfs/work5/0/prjs2109/dataset/repos/pomaidb/src/ai/cheesebrain_core/cheese-graph.h:387:26: note: shadowed declaration is here
  387 |     const cheese_hparams hparams;
      |                          ^~~~~~~
/gpfs/work5/0/prjs2109/dataset/repos/pomaidb/src/ai/cheesebrain_core/cheese-graph.h: In constructor ‘llm_graph_input_attn_cross::llm_graph_input_attn_cross(const cheese_cross*)’:
/gpfs/work5/0/prjs2109/dataset/repos/pomaidb/src/ai/cheesebrain_core/cheese-graph.h:395:53: warning: declaration of ‘cross’ shadows a member of ‘llm_graph_input_attn_cross’ [-Wshadow]
  395 |     llm_graph_input_attn_cross(const cheese_cross * cross) : cross(cross) {}
      |                                ~~~~~~~~~~~~~~~~~~~~~^~~~~
/gpfs/work5/0/prjs2109/dataset/repos/pomaidb/src/ai/cheesebrain_core/cheese-graph.h:405:26: note: shadowed declaration is here
  405 |     const cheese_cross * cross = nullptr;
      |                          ^~~~~
/gpfs/work5/0/prjs2109/dataset/repos/pomaidb/src/ai/cheesebrain_core/cheese-graph.h: In constructor ‘llm_graph_input_mem_hybrid::llm_graph_input_mem_hybrid(const cheese_cparams&, std::unique_ptr<llm_graph_input_attn_kv>, std::unique_ptr<llm_graph_input_rs>, const cheese_memory_hybrid_context*)’:
/gpfs/work5/0/prjs2109/dataset/repos/pomaidb/src/ai/cheesebrain_core/cheese-graph.h:414:55: warning: declaration of ‘mctx’ shadows a member of ‘llm_graph_input_mem_hybrid’ [-Wshadow]
  414 |             const cheese_memory_hybrid_context *      mctx) :
      |             ~~~~~~~~~~~~~~~~~~~~~~~~~~~~~~~~~~~~~~~~~~^~~~
/gpfs/work5/0/prjs2109/dataset/repos/pomaidb/src/ai/cheesebrain_core/cheese-graph.h:433:42: note: shadowed declaration is here
  433 |     const cheese_memory_hybrid_context * mctx;
      |                                          ^~~~
/gpfs/work5/0/prjs2109/dataset/repos/pomaidb/src/ai/cheesebrain_core/cheese-graph.h:413:54: warning: declaration of ‘inp_rs’ shadows a member of ‘llm_graph_input_mem_hybrid’ [-Wshadow]
  413 |             std::unique_ptr<llm_graph_input_rs>      inp_rs,
      |             ~~~~~~~~~~~~~~~~~~~~~~~~~~~~~~~~~~~~~~~~~^~~~~~
/gpfs/work5/0/prjs2109/dataset/repos/pomaidb/src/ai/cheesebrain_core/cheese-graph.h:426:46: note: shadowed declaration is here
  426 |     std::unique_ptr<llm_graph_input_rs>      inp_rs;
      |                                              ^~~~~~
/gpfs/work5/0/prjs2109/dataset/repos/pomaidb/src/ai/cheesebrain_core/cheese-graph.h:412:54: warning: declaration of ‘inp_attn’ shadows a member of ‘llm_graph_input_mem_hybrid’ [-Wshadow]
  412 |             std::unique_ptr<llm_graph_input_attn_kv> inp_attn,
      |             ~~~~~~~~~~~~~~~~~~~~~~~~~~~~~~~~~~~~~~~~~^~~~~~~~
/gpfs/work5/0/prjs2109/dataset/repos/pomaidb/src/ai/cheesebrain_core/cheese-graph.h:425:46: note: shadowed declaration is here
  425 |     std::unique_ptr<llm_graph_input_attn_kv> inp_attn;
      |                                              ^~~~~~~~
/gpfs/work5/0/prjs2109/dataset/repos/pomaidb/src/ai/cheesebrain_core/cheese-graph.h:411:36: warning: declaration of ‘cparams’ shadows a member of ‘llm_graph_input_mem_hybrid’ [-Wshadow]
  411 |             const cheese_cparams & cparams,
      |             ~~~~~~~~~~~~~~~~~~~~~~~^~~~~~~
/gpfs/work5/0/prjs2109/dataset/repos/pomaidb/src/ai/cheesebrain_core/cheese-graph.h:431:26: note: shadowed declaration is here
  431 |     const cheese_cparams cparams;
      |                          ^~~~~~~
/gpfs/work5/0/prjs2109/dataset/repos/pomaidb/src/ai/cheesebrain_core/cheese-graph.h: In constructor ‘llm_graph_input_mem_hybrid_k::llm_graph_input_mem_hybrid_k(const cheese_cparams&, std::unique_ptr<llm_graph_input_attn_k>, std::unique_ptr<llm_graph_input_rs>, const cheese_memory_hybrid_context*)’:
/gpfs/work5/0/prjs2109/dataset/repos/pomaidb/src/ai/cheesebrain_core/cheese-graph.h:442:55: warning: declaration of ‘mctx’ shadows a member of ‘llm_graph_input_mem_hybrid_k’ [-Wshadow]
  442 |             const cheese_memory_hybrid_context *      mctx) :
      |             ~~~~~~~~~~~~~~~~~~~~~~~~~~~~~~~~~~~~~~~~~~^~~~
/gpfs/work5/0/prjs2109/dataset/repos/pomaidb/src/ai/cheesebrain_core/cheese-graph.h:461:42: note: shadowed declaration is here
  461 |     const cheese_memory_hybrid_context * mctx;
      |                                          ^~~~
/gpfs/work5/0/prjs2109/dataset/repos/pomaidb/src/ai/cheesebrain_core/cheese-graph.h:441:54: warning: declaration of ‘inp_rs’ shadows a member of ‘llm_graph_input_mem_hybrid_k’ [-Wshadow]
  441 |             std::unique_ptr<llm_graph_input_rs>      inp_rs,
      |             ~~~~~~~~~~~~~~~~~~~~~~~~~~~~~~~~~~~~~~~~~^~~~~~
/gpfs/work5/0/prjs2109/dataset/repos/pomaidb/src/ai/cheesebrain_core/cheese-graph.h:454:46: note: shadowed declaration is here
  454 |     std::unique_ptr<llm_graph_input_rs>      inp_rs;
      |                                              ^~~~~~
/gpfs/work5/0/prjs2109/dataset/repos/pomaidb/src/ai/cheesebrain_core/cheese-graph.h:440:53: warning: declaration of ‘inp_attn’ shadows a member of ‘llm_graph_input_mem_hybrid_k’ [-Wshadow]
  440 |             std::unique_ptr<llm_graph_input_attn_k> inp_attn,
      |             ~~~~~~~~~~~~~~~~~~~~~~~~~~~~~~~~~~~~~~~~^~~~~~~~
/gpfs/work5/0/prjs2109/dataset/repos/pomaidb/src/ai/cheesebrain_core/cheese-graph.h:453:45: note: shadowed declaration is here
  453 |     std::unique_ptr<llm_graph_input_attn_k> inp_attn;
      |                                             ^~~~~~~~
/gpfs/work5/0/prjs2109/dataset/repos/pomaidb/src/ai/cheesebrain_core/cheese-graph.h:439:36: warning: declaration of ‘cparams’ shadows a member of ‘llm_graph_input_mem_hybrid_k’ [-Wshadow]
  439 |             const cheese_cparams & cparams,
      |             ~~~~~~~~~~~~~~~~~~~~~~~^~~~~~~
/gpfs/work5/0/prjs2109/dataset/repos/pomaidb/src/ai/cheesebrain_core/cheese-graph.h:459:26: note: shadowed declaration is here
  459 |     const cheese_cparams cparams;
      |                          ^~~~~~~
/gpfs/work5/0/prjs2109/dataset/repos/pomaidb/src/ai/cheesebrain_core/cheese-graph.h: In constructor ‘llm_graph_input_mem_hybrid_iswa::llm_graph_input_mem_hybrid_iswa(const cheese_cparams&, std::unique_ptr<llm_graph_input_attn_kv_iswa>, std::unique_ptr<llm_graph_input_rs>, const cheese_memory_hybrid_iswa_context*)’:
/gpfs/work5/0/prjs2109/dataset/repos/pomaidb/src/ai/cheesebrain_core/cheese-graph.h:470:59: warning: declaration of ‘mctx’ shadows a member of ‘llm_graph_input_mem_hybrid_iswa’ [-Wshadow]
  470 |             const cheese_memory_hybrid_iswa_context *     mctx) :
      |             ~~~~~~~~~~~~~~~~~~~~~~~~~~~~~~~~~~~~~~~~~~~~~~^~~~
/gpfs/work5/0/prjs2109/dataset/repos/pomaidb/src/ai/cheesebrain_core/cheese-graph.h:489:47: note: shadowed declaration is here
  489 |     const cheese_memory_hybrid_iswa_context * mctx;
      |                                               ^~~~
/gpfs/work5/0/prjs2109/dataset/repos/pomaidb/src/ai/cheesebrain_core/cheese-graph.h:469:58: warning: declaration of ‘inp_rs’ shadows a member of ‘llm_graph_input_mem_hybrid_iswa’ [-Wshadow]
  469 |             std::unique_ptr<llm_graph_input_rs>          inp_rs,
      |             ~~~~~~~~~~~~~~~~~~~~~~~~~~~~~~~~~~~~~~~~~~~~~^~~~~~
/gpfs/work5/0/prjs2109/dataset/repos/pomaidb/src/ai/cheesebrain_core/cheese-graph.h:482:50: note: shadowed declaration is here
  482 |     std::unique_ptr<llm_graph_input_rs>          inp_rs;
      |                                                  ^~~~~~
/gpfs/work5/0/prjs2109/dataset/repos/pomaidb/src/ai/cheesebrain_core/cheese-graph.h:468:59: warning: declaration of ‘inp_attn’ shadows a member of ‘llm_graph_input_mem_hybrid_iswa’ [-Wshadow]
  468 |             std::unique_ptr<llm_graph_input_attn_kv_iswa> inp_attn,
      |             ~~~~~~~~~~~~~~~~~~~~~~~~~~~~~~~~~~~~~~~~~~~~~~^~~~~~~~
/gpfs/work5/0/prjs2109/dataset/repos/pomaidb/src/ai/cheesebrain_core/cheese-graph.h:481:51: note: shadowed declaration is here
  481 |     std::unique_ptr<llm_graph_input_attn_kv_iswa> inp_attn;
      |                                                   ^~~~~~~~
/gpfs/work5/0/prjs2109/dataset/repos/pomaidb/src/ai/cheesebrain_core/cheese-graph.h:467:36: warning: declaration of ‘cparams’ shadows a member of ‘llm_graph_input_mem_hybrid_iswa’ [-Wshadow]
  467 |             const cheese_cparams & cparams,
      |             ~~~~~~~~~~~~~~~~~~~~~~~^~~~~~~
/gpfs/work5/0/prjs2109/dataset/repos/pomaidb/src/ai/cheesebrain_core/cheese-graph.h:487:26: note: shadowed declaration is here
  487 |     const cheese_cparams cparams;
      |                          ^~~~~~~
/gpfs/work5/0/prjs2109/dataset/repos/pomaidb/src/ai/cheesebrain_core/cheese-graph.h: In constructor ‘llm_graph_input_sampling::llm_graph_input_sampling(std::map<int, cheese_sampler*>)’:
/gpfs/work5/0/prjs2109/dataset/repos/pomaidb/src/ai/cheesebrain_core/cheese-graph.h:494:72: warning: declaration of ‘samplers’ shadows a member of ‘llm_graph_input_sampling’ [-Wshadow]
  494 |     llm_graph_input_sampling(std::map<cheese_seq_id, cheese_sampler *> samplers) :
      |                              ~~~~~~~~~~~~~~~~~~~~~~~~~~~~~~~~~~~~~~~~~~^~~~~~~~
/gpfs/work5/0/prjs2109/dataset/repos/pomaidb/src/ai/cheesebrain_core/cheese-graph.h:501:47: note: shadowed declaration is here
  501 |     std::map<cheese_seq_id, cheese_sampler *> samplers;
      |                                               ^~~~~~~~
In file included from /gpfs/work5/0/prjs2109/dataset/repos/pomaidb/src/ai/tensor_core/tensorflow/lite/core/interpreter.h:47,
                 from /gpfs/work5/0/prjs2109/dataset/repos/pomaidb/src/ai/tensor_core/tensorflow/lite/core/interpreter.cc:16:
/gpfs/work5/0/prjs2109/dataset/repos/pomaidb/src/ai/tensor_core/tensorflow/lite/core/api/profiler.h: In member function ‘virtual void tflite::Profiler::EndEvent(uint32_t, int64_t, int64_t)’:
/gpfs/work5/0/prjs2109/dataset/repos/pomaidb/src/ai/tensor_core/tensorflow/lite/core/api/profiler.h:90:56: warning: unused parameter ‘event_metadata1’ [-Wunused-parameter]
   90 |   virtual void EndEvent(uint32_t event_handle, int64_t event_metadata1,
      |                                                ~~~~~~~~^~~~~~~~~~~~~~~
/gpfs/work5/0/prjs2109/dataset/repos/pomaidb/src/ai/tensor_core/tensorflow/lite/core/api/profiler.h:91:33: warning: unused parameter ‘event_metadata2’ [-Wunused-parameter]
   91 |                         int64_t event_metadata2) {
      |                         ~~~~~~~~^~~~~~~~~~~~~~~
/gpfs/work5/0/prjs2109/dataset/repos/pomaidb/src/ai/tensor_core/tensorflow/lite/core/api/profiler.h: In member function ‘virtual void tflite::Profiler::AddEvent(const char*, EventType, uint64_t, int64_t, int64_t)’:
/gpfs/work5/0/prjs2109/dataset/repos/pomaidb/src/ai/tensor_core/tensorflow/lite/core/api/profiler.h:118:37: warning: unused parameter ‘tag’ [-Wunused-parameter]
  118 |   virtual void AddEvent(const char* tag, EventType event_type, uint64_t metric,
      |                         ~~~~~~~~~~~~^~~
/gpfs/work5/0/prjs2109/dataset/repos/pomaidb/src/ai/tensor_core/tensorflow/lite/core/api/profiler.h:118:52: warning: unused parameter ‘event_type’ [-Wunused-parameter]
  118 |   virtual void AddEvent(const char* tag, EventType event_type, uint64_t metric,
      |                                          ~~~~~~~~~~^~~~~~~~~~
/gpfs/work5/0/prjs2109/dataset/repos/pomaidb/src/ai/tensor_core/tensorflow/lite/core/api/profiler.h:118:73: warning: unused parameter ‘metric’ [-Wunused-parameter]
  118 |   virtual void AddEvent(const char* tag, EventType event_type, uint64_t metric,
      |                                                                ~~~~~~~~~^~~~~~
/gpfs/work5/0/prjs2109/dataset/repos/pomaidb/src/ai/tensor_core/tensorflow/lite/core/api/profiler.h:119:33: warning: unused parameter ‘event_metadata1’ [-Wunused-parameter]
  119 |                         int64_t event_metadata1, int64_t event_metadata2) {}
      |                         ~~~~~~~~^~~~~~~~~~~~~~~
/gpfs/work5/0/prjs2109/dataset/repos/pomaidb/src/ai/tensor_core/tensorflow/lite/core/api/profiler.h:119:58: warning: unused parameter ‘event_metadata2’ [-Wunused-parameter]
  119 |                         int64_t event_metadata1, int64_t event_metadata2) {}
      |                                                  ~~~~~~~~^~~~~~~~~~~~~~~
/gpfs/work5/0/prjs2109/dataset/repos/pomaidb/src/ai/tensor_core/tensorflow/lite/core/api/profiler.h: In member function ‘virtual void tflite::Profiler::AddEventWithData(const char*, EventType, const void*)’:
/gpfs/work5/0/prjs2109/dataset/repos/pomaidb/src/ai/tensor_core/tensorflow/lite/core/api/profiler.h:126:45: warning: unused parameter ‘tag’ [-Wunused-parameter]
  126 |   virtual void AddEventWithData(const char* tag, EventType event_type,
      |                                 ~~~~~~~~~~~~^~~
/gpfs/work5/0/prjs2109/dataset/repos/pomaidb/src/ai/tensor_core/tensorflow/lite/core/api/profiler.h:126:60: warning: unused parameter ‘event_type’ [-Wunused-parameter]
  126 |   virtual void AddEventWithData(const char* tag, EventType event_type,
      |                                                  ~~~~~~~~~~^~~~~~~~~~
/gpfs/work5/0/prjs2109/dataset/repos/pomaidb/src/ai/tensor_core/tensorflow/lite/core/api/profiler.h:127:45: warning: unused parameter ‘data’ [-Wunused-parameter]
  127 |                                 const void* data) {}
      |                                 ~~~~~~~~~~~~^~~~
In file included from /gpfs/work5/0/prjs2109/dataset/repos/pomaidb/src/ai/tensor_core/tensorflow/lite/core/async/async_kernel_internal.h:24,
                 from /gpfs/work5/0/prjs2109/dataset/repos/pomaidb/src/ai/tensor_core/tensorflow/lite/core/async/async_signature_runner.h:23,
                 from /gpfs/work5/0/prjs2109/dataset/repos/pomaidb/src/ai/tensor_core/tensorflow/lite/core/interpreter.h:48:
/gpfs/work5/0/prjs2109/dataset/repos/pomaidb/src/ai/tensor_core/tensorflow/lite/core/c/common.h: At global scope:
/gpfs/work5/0/prjs2109/dataset/repos/pomaidb/src/ai/tensor_core/tensorflow/lite/core/c/common.h:125:7: warning: ISO C++ forbids flexible array member ‘data’ [-Wpedantic]
  125 |   int data[];
      |       ^~~~
/gpfs/work5/0/prjs2109/dataset/repos/pomaidb/src/ai/tensor_core/tensorflow/lite/core/c/common.h:169:9: warning: ISO C++ forbids flexible array member ‘data’ [-Wpedantic]
  169 |   float data[];
      |         ^~~~
In file included from /gpfs/work5/0/prjs2109/dataset/repos/pomaidb/src/ai/tensor_core/tensorflow/lite/core/api/op_resolver.h:28,
                 from /gpfs/work5/0/prjs2109/dataset/repos/pomaidb/src/ai/tensor_core/tensorflow/lite/core/interpreter_builder.h:36,
                 from /gpfs/work5/0/prjs2109/dataset/repos/pomaidb/src/ai/tensor_core/tensorflow/lite/core/model.h:26,
                 from /gpfs/work5/0/prjs2109/dataset/repos/pomaidb/src/ai/tensor_core/tensorflow/lite/core/kernels/register.h:22,
                 from /gpfs/work5/0/prjs2109/dataset/repos/pomaidb/src/ai/tensor_core/tensorflow/lite/core/kernels/register.cc:16:
/gpfs/work5/0/prjs2109/dataset/repos/pomaidb/src/ai/tensor_core/tensorflow/lite/core/c/common.h:125:7: warning: ISO C++ forbids flexible array member ‘data’ [-Wpedantic]
  125 |   int data[];
      |       ^~~~
/gpfs/work5/0/prjs2109/dataset/repos/pomaidb/src/ai/tensor_core/tensorflow/lite/core/c/common.h:169:9: warning: ISO C++ forbids flexible array member ‘data’ [-Wpedantic]
  169 |   float data[];
      |         ^~~~
In file included from /gpfs/work5/0/prjs2109/dataset/repos/pomaidb/src/ai/tensor_core/tensorflow/lite/core/api/op_resolver.h:28,
                 from /gpfs/work5/0/prjs2109/dataset/repos/pomaidb/src/ai/tensor_core/tensorflow/lite/core/interpreter_builder.h:36,
                 from /gpfs/work5/0/prjs2109/dataset/repos/pomaidb/src/ai/tensor_core/tensorflow/lite/core/interpreter_builder.cc:15:
/gpfs/work5/0/prjs2109/dataset/repos/pomaidb/src/ai/tensor_core/tensorflow/lite/core/c/common.h:125:7: warning: ISO C++ forbids flexible array member ‘data’ [-Wpedantic]
  125 |   int data[];
      |       ^~~~
/gpfs/work5/0/prjs2109/dataset/repos/pomaidb/src/ai/tensor_core/tensorflow/lite/core/c/common.h:169:9: warning: ISO C++ forbids flexible array member ‘data’ [-Wpedantic]
  169 |   float data[];
      |         ^~~~
In file included from /gpfs/work5/0/prjs2109/dataset/repos/pomaidb/src/ai/tensor_core/tensorflow/lite/c/common.h:31,
                 from /gpfs/work5/0/prjs2109/dataset/repos/pomaidb/src/ai/tensor_core/tensorflow/lite/core/model_building.h:30,
                 from /gpfs/work5/0/prjs2109/dataset/repos/pomaidb/src/ai/tensor_core/tensorflow/lite/core/model_building.cc:15:
/gpfs/work5/0/prjs2109/dataset/repos/pomaidb/src/ai/tensor_core/tensorflow/lite/core/c/common.h:125:7: warning: ISO C++ forbids flexible array member ‘data’ [-Wpedantic]
  125 |   int data[];
      |       ^~~~
/gpfs/work5/0/prjs2109/dataset/repos/pomaidb/src/ai/tensor_core/tensorflow/lite/core/c/common.h:169:9: warning: ISO C++ forbids flexible array member ‘data’ [-Wpedantic]
  169 |   float data[];
      |         ^~~~
/gpfs/work5/0/prjs2109/dataset/repos/pomaidb/third_party/pomaidb_hnsw/hnsw.cc: In constructor ‘pomai::hnsw::HNSW::HNSW(int, int)’:
/gpfs/work5/0/prjs2109/dataset/repos/pomaidb/third_party/pomaidb_hnsw/hnsw.cc:7:23: warning: declaration of ‘ef_construction’ shadows a member of ‘pomai::hnsw::HNSW’ [-Wshadow]
    7 | HNSW::HNSW(int M, int ef_construction)
      |                   ~~~~^~~~~~~~~~~~~~~
In file included from /gpfs/work5/0/prjs2109/dataset/repos/pomaidb/third_party/pomaidb_hnsw/hnsw.cc:1:
/gpfs/work5/0/prjs2109/dataset/repos/pomaidb/third_party/pomaidb_hnsw/hnsw.h:46:9: note: shadowed declaration is here
   46 |     int ef_construction;
      |         ^~~~~~~~~~~~~~~
/gpfs/work5/0/prjs2109/dataset/repos/pomaidb/third_party/pomaidb_hnsw/hnsw.cc:7:16: warning: declaration of ‘M’ shadows a member of ‘pomai::hnsw::HNSW’ [-Wshadow]
    7 | HNSW::HNSW(int M, int ef_construction)
      |            ~~~~^
/gpfs/work5/0/prjs2109/dataset/repos/pomaidb/third_party/pomaidb_hnsw/hnsw.h:45:9: note: shadowed declaration is here
   45 |     int M;
      |         ^
In file included from /gpfs/work5/0/prjs2109/dataset/repos/pomaidb/src/ai/cheesebrain_core/ggml-cpu.h:4,
                 from /gpfs/work5/0/prjs2109/dataset/repos/pomaidb/src/ai/cheesebrain_core/cheese.h:5,
                 from /gpfs/work5/0/prjs2109/dataset/repos/pomaidb/src/ai/cheesebrain_core/cheese-context.h:3,
                 from /gpfs/work5/0/prjs2109/dataset/repos/pomaidb/src/ai/ai_engine.cpp:9:
/gpfs/work5/0/prjs2109/dataset/repos/pomaidb/src/ai/cheesebrain_core/ggml-backend.h:355:119: warning: ‘ggml_backend_graph_copy ggml_backend_graph_copy(ggml_backend_t, ggml_cgraph*)’ hides constructor for ‘struct ggml_backend_graph_copy’ [-Wshadow]
  355 |     GGML_API struct ggml_backend_graph_copy ggml_backend_graph_copy(ggml_backend_t backend, struct ggml_cgraph * graph);
      |                                                                                                                       ^
/gpfs/work5/0/prjs2109/dataset/repos/pomaidb/src/ai/cheesebrain_core/cheese-model-loader.cpp: In function ‘std::vector<std::__cxx11::basic_string<char> > cheese_get_list_splits(const std::string&, int, int)’:
/gpfs/work5/0/prjs2109/dataset/repos/pomaidb/src/ai/cheesebrain_core/cheese-model-loader.cpp:88:14: warning: declaration of ‘int idx’ shadows a parameter [-Wshadow]
   88 |     for (int idx = 0; idx < n_split; ++idx) {
      |              ^~~
/gpfs/work5/0/prjs2109/dataset/repos/pomaidb/src/ai/cheesebrain_core/cheese-model-loader.cpp:71:92: note: shadowed declaration is here
   71 | static std::vector<std::string> cheese_get_list_splits(const std::string & path, const int idx, const int n_split) {
      |                                                                                  ~~~~~~~~~~^~~
/gpfs/work5/0/prjs2109/dataset/repos/pomaidb/src/ai/cheesebrain_core/cheese-model-loader.cpp: In constructor ‘cheese_model_loader::cheese_model_loader(const std::string&, std::vector<std::__cxx11::basic_string<char> >&, bool, bool, bool, bool, const cheese_model_kv_override*, const cheese_model_tensor_buft_override*)’:
/gpfs/work5/0/prjs2109/dataset/repos/pomaidb/src/ai/cheesebrain_core/cheese-model-loader.cpp:508:14: warning: declaration of ‘no_alloc’ shadows a member of ‘cheese_model_loader’ [-Wshadow]
  508 |         bool no_alloc,
      |         ~~~~~^~~~~~~~
/gpfs/work5/0/prjs2109/dataset/repos/pomaidb/src/ai/cheesebrain_core/cheese-model-loader.h:75:10: note: shadowed declaration is here
   75 |     bool no_alloc;
      |          ^~~~~~~~
/gpfs/work5/0/prjs2109/dataset/repos/pomaidb/src/ai/cheesebrain_core/cheese-model-loader.cpp:507:14: warning: declaration of ‘check_tensors’ shadows a member of ‘cheese_model_loader’ [-Wshadow]
  507 |         bool check_tensors,
      |         ~~~~~^~~~~~~~~~~~~
/gpfs/work5/0/prjs2109/dataset/repos/pomaidb/src/ai/cheesebrain_core/cheese-model-loader.h:74:10: note: shadowed declaration is here
   74 |     bool check_tensors;
      |          ^~~~~~~~~~~~~
/gpfs/work5/0/prjs2109/dataset/repos/pomaidb/src/ai/cheesebrain_core/cheese-model-loader.cpp:506:14: warning: declaration of ‘use_direct_io’ shadows a member of ‘cheese_model_loader’ [-Wshadow]
  506 |         bool use_direct_io,
      |         ~~~~~^~~~~~~~~~~~~
/gpfs/work5/0/prjs2109/dataset/repos/pomaidb/src/ai/cheesebrain_core/cheese-model-loader.h:73:10: note: shadowed declaration is here
   73 |     bool use_direct_io = false;
      |          ^~~~~~~~~~~~~
/gpfs/work5/0/prjs2109/dataset/repos/pomaidb/src/ai/cheesebrain_core/cheese-model-loader.cpp:505:14: warning: declaration of ‘use_mmap’ shadows a member of ‘cheese_model_loader’ [-Wshadow]
  505 |         bool use_mmap,
      |         ~~~~~^~~~~~~~
/gpfs/work5/0/prjs2109/dataset/repos/pomaidb/src/ai/cheesebrain_core/cheese-model-loader.h:72:10: note: shadowed declaration is here
   72 |     bool use_mmap = false;
      |          ^~~~~~~~
In file included from /gpfs/work5/0/prjs2109/dataset/repos/pomaidb/src/ai/cheesebrain_core/cheese-graph.h:3,
                 from /gpfs/work5/0/prjs2109/dataset/repos/pomaidb/src/ai/cheesebrain_core/cheese-context.h:5:
/gpfs/work5/0/prjs2109/dataset/repos/pomaidb/src/ai/cheesebrain_core/cheese-arch.h: In constructor ‘LLM_TN::LLM_TN(llm_arch)’:
/gpfs/work5/0/prjs2109/dataset/repos/pomaidb/src/ai/cheesebrain_core/cheese-arch.h:592:21: warning: declaration of ‘arch’ shadows a member of ‘LLM_TN’ [-Wshadow]
  592 |     LLM_TN(llm_arch arch) : arch(arch) {}
      |            ~~~~~~~~~^~~~
/gpfs/work5/0/prjs2109/dataset/repos/pomaidb/src/ai/cheesebrain_core/cheese-arch.h:594:14: note: shadowed declaration is here
  594 |     llm_arch arch;
      |              ^~~~
/gpfs/work5/0/prjs2109/dataset/repos/pomaidb/third_party/pomaidb_hnsw/hnsw.cc: In member function ‘void pomai::hnsw::HNSW::add_point(pomai::hnsw::storage_idx_t, int, DistanceComputer&)’:
/gpfs/work5/0/prjs2109/dataset/repos/pomaidb/third_party/pomaidb_hnsw/hnsw.cc:139:18: warning: variable ‘found’ set but not used [-Wunused-but-set-variable]
  139 |             bool found = false;
      |                  ^~~~~
/gpfs/work5/0/prjs2109/dataset/repos/pomaidb/third_party/pomaidb_hnsw/hnsw.cc: In member function ‘void pomai::hnsw::HNSW::shrink_neighbor_list(DistanceComputer&, pomai::hnsw::storage_idx_t, std::priority_queue<pomai::hnsw::NodeDist>&, int)’:
/gpfs/work5/0/prjs2109/dataset/repos/pomaidb/third_party/pomaidb_hnsw/hnsw.cc:160:71: warning: unused parameter ‘cur’ [-Wunused-parameter]
  160 | void HNSW::shrink_neighbor_list(DistanceComputer& qdis, storage_idx_t cur,
      |                                                         ~~~~~~~~~~~~~~^~~
/gpfs/work5/0/prjs2109/dataset/repos/pomaidb/src/ai/cheesebrain_core/cheese-context.cpp: In constructor ‘cheese_context::cheese_context(const cheese_model&, cheese_context_params)’:
/gpfs/work5/0/prjs2109/dataset/repos/pomaidb/src/ai/cheesebrain_core/cheese-context.cpp:22:30: warning: declaration of ‘model’ shadows a member of ‘cheese_context’ [-Wshadow]
   22 |         const cheese_model & model,
      |         ~~~~~~~~~~~~~~~~~~~~~^~~~~
/gpfs/work5/0/prjs2109/dataset/repos/pomaidb/src/ai/cheesebrain_core/cheese-context.h:257:26: note: shadowed declaration is here
  257 |     const cheese_model & model;
      |                          ^~~~~
/gpfs/work5/0/prjs2109/dataset/repos/pomaidb/src/ai/cheesebrain_core/cheese-context.cpp: In member function ‘void cheese_context::sched_reserve()’:
/gpfs/work5/0/prjs2109/dataset/repos/pomaidb/src/ai/cheesebrain_core/cheese-context.cpp:393:19: warning: declaration of ‘t_start_us’ shadows a member of ‘cheese_context’ [-Wshadow]
  393 |     const int64_t t_start_us = ggml_time_us();
      |                   ^~~~~~~~~~
/gpfs/work5/0/prjs2109/dataset/repos/pomaidb/src/ai/cheesebrain_core/cheese-context.h:347:21: note: shadowed declaration is here
  347 |     mutable int64_t t_start_us  = 0;
      |                     ^~~~~~~~~~
/gpfs/work5/0/prjs2109/dataset/repos/pomaidb/src/ai/cheesebrain_core/cheese-context.cpp:417:15: warning: declaration of ‘n_outputs’ shadows a member of ‘cheese_context’ [-Wshadow]
  417 |     const int n_outputs = n_seqs;
      |               ^~~~~~~~~
/gpfs/work5/0/prjs2109/dataset/repos/pomaidb/src/ai/cheesebrain_core/cheese-context.h:301:14: note: shadowed declaration is here
  301 |     uint32_t n_outputs = 0; // number of actually-used outputs in the current ubatch or last logical batch
      |              ^~~~~~~~~
/gpfs/work5/0/prjs2109/dataset/repos/pomaidb/src/ai/cheesebrain_core/cheese-context.cpp: In member function ‘void cheese_context::attach_threadpool(ggml_threadpool_t, ggml_threadpool_t)’:
/gpfs/work5/0/prjs2109/dataset/repos/pomaidb/src/ai/cheesebrain_core/cheese-context.cpp:907:30: warning: declaration of ‘threadpool_batch’ shadows a member of ‘cheese_context’ [-Wshadow]
  907 |            ggml_threadpool_t threadpool_batch) {
      |            ~~~~~~~~~~~~~~~~~~^~~~~~~~~~~~~~~~
/gpfs/work5/0/prjs2109/dataset/repos/pomaidb/src/ai/cheesebrain_core/cheese-context.h:323:23: note: shadowed declaration is here
  323 |     ggml_threadpool_t threadpool_batch = nullptr;
      |                       ^~~~~~~~~~~~~~~~
/gpfs/work5/0/prjs2109/dataset/repos/pomaidb/src/ai/cheesebrain_core/cheese-context.cpp:906:30: warning: declaration of ‘threadpool’ shadows a member of ‘cheese_context’ [-Wshadow]
  906 |            ggml_threadpool_t threadpool,
      |            ~~~~~~~~~~~~~~~~~~^~~~~~~~~~
/gpfs/work5/0/prjs2109/dataset/repos/pomaidb/src/ai/cheesebrain_core/cheese-context.h:322:23: note: shadowed declaration is here
  322 |     ggml_threadpool_t threadpool       = nullptr;
      |                       ^~~~~~~~~~
/gpfs/work5/0/prjs2109/dataset/repos/pomaidb/src/ai/cheesebrain_core/cheese-context.cpp: In member function ‘void cheese_context::set_abort_callback(bool (*)(void*), void*)’:
/gpfs/work5/0/prjs2109/dataset/repos/pomaidb/src/ai/cheesebrain_core/cheese-context.cpp:928:85: warning: declaration of ‘abort_callback_data’ shadows a member of ‘cheese_context’ [-Wshadow]
  928 | void cheese_context::set_abort_callback(bool (*abort_callback)(void * data), void * abort_callback_data) {
      |                                                                              ~~~~~~~^~~~~~~~~~~~~~~~~~~
/gpfs/work5/0/prjs2109/dataset/repos/pomaidb/src/ai/cheesebrain_core/cheese-context.h:326:25: note: shadowed declaration is here
  326 |     void *              abort_callback_data = nullptr;
      |                         ^~~~~~~~~~~~~~~~~~~
/gpfs/work5/0/prjs2109/dataset/repos/pomaidb/src/ai/cheesebrain_core/cheese-context.cpp:928:48: warning: declaration of ‘abort_callback’ shadows a member of ‘cheese_context’ [-Wshadow]
  928 | void cheese_context::set_abort_callback(bool (*abort_callback)(void * data), void * abort_callback_data) {
      |                                         ~~~~~~~^~~~~~~~~~~~~~~~~~~~~~~~~~~~
/gpfs/work5/0/prjs2109/dataset/repos/pomaidb/src/ai/cheesebrain_core/cheese-context.h:325:25: note: shadowed declaration is here
  325 |     ggml_abort_callback abort_callback      = nullptr;
      |                         ^~~~~~~~~~~~~~
In file included from /gpfs/work5/0/prjs2109/dataset/repos/pomaidb/src/storage/wal/wal.cc:1:
/gpfs/work5/0/prjs2109/dataset/repos/pomaidb/src/storage/wal/wal.h: In constructor ‘pomai::storage::Wal::Wal(pomai::Env*, std::string, uint32_t, std::size_t, pomai::FsyncPolicy, bool, std::string, palloc_heap_t*)’:
/gpfs/work5/0/prjs2109/dataset/repos/pomaidb/src/storage/wal/wal.h:96:14: warning: ‘pomai::storage::Wal::encryption_enabled_’ will be initialized after [-Wreorder]
   96 |         bool encryption_enabled_ = false;
      |              ^~~~~~~~~~~~~~~~~~~
/gpfs/work5/0/prjs2109/dataset/repos/pomaidb/src/storage/wal/wal.h:92:24: warning:   ‘palloc_heap_t* pomai::storage::Wal::heap_’ [-Wreorder]
   92 |         palloc_heap_t* heap_ = nullptr;
      |                        ^~~~~
/gpfs/work5/0/prjs2109/dataset/repos/pomaidb/src/storage/wal/wal.cc:56:5: warning:   when initialized here [-Wreorder]
   56 |     Wal::Wal(pomai::Env* env,
      |     ^~~
/gpfs/work5/0/prjs2109/dataset/repos/pomaidb/src/ai/cheesebrain_core/cheese-model-loader.cpp: In lambda function:
/gpfs/work5/0/prjs2109/dataset/repos/pomaidb/src/ai/cheesebrain_core/cheese-model-loader.cpp:1042:20: warning: declaration of ‘buf’ shadows a previous local [-Wshadow]
 1042 |             auto * buf = ggml_backend_buft_alloc_buffer(host_buft, buffer_size);
      |                    ^~~
/gpfs/work5/0/prjs2109/dataset/repos/pomaidb/src/ai/cheesebrain_core/cheese-model-loader.cpp:1005:16: note: shadowed declaration is here
 1005 |         auto * buf = bufs.count(0) ? bufs.at(0) : nullptr;
      |                ^~~
In file included from /gpfs/work5/0/prjs2109/dataset/repos/pomaidb/src/ai/tensor_core/tensorflow/lite/core/interpreter.h:47,
                 from /gpfs/work5/0/prjs2109/dataset/repos/pomaidb/src/ai/tensor_core/tensorflow/lite/interpreter.h:21,
                 from /gpfs/work5/0/prjs2109/dataset/repos/pomaidb/src/ai/tensor_core/tensorflow/lite/core/model_building.h:32:
/gpfs/work5/0/prjs2109/dataset/repos/pomaidb/src/ai/tensor_core/tensorflow/lite/core/api/profiler.h: In member function ‘virtual void tflite::Profiler::EndEvent(uint32_t, int64_t, int64_t)’:
/gpfs/work5/0/prjs2109/dataset/repos/pomaidb/src/ai/tensor_core/tensorflow/lite/core/api/profiler.h:90:56: warning: unused parameter ‘event_metadata1’ [-Wunused-parameter]
   90 |   virtual void EndEvent(uint32_t event_handle, int64_t event_metadata1,
      |                                                ~~~~~~~~^~~~~~~~~~~~~~~
/gpfs/work5/0/prjs2109/dataset/repos/pomaidb/src/ai/tensor_core/tensorflow/lite/core/api/profiler.h:91:33: warning: unused parameter ‘event_metadata2’ [-Wunused-parameter]
   91 |                         int64_t event_metadata2) {
      |                         ~~~~~~~~^~~~~~~~~~~~~~~
/gpfs/work5/0/prjs2109/dataset/repos/pomaidb/src/ai/tensor_core/tensorflow/lite/core/api/profiler.h: In member function ‘virtual void tflite::Profiler::AddEvent(const char*, EventType, uint64_t, int64_t, int64_t)’:
/gpfs/work5/0/prjs2109/dataset/repos/pomaidb/src/ai/tensor_core/tensorflow/lite/core/api/profiler.h:118:37: warning: unused parameter ‘tag’ [-Wunused-parameter]
  118 |   virtual void AddEvent(const char* tag, EventType event_type, uint64_t metric,
      |                         ~~~~~~~~~~~~^~~
/gpfs/work5/0/prjs2109/dataset/repos/pomaidb/src/ai/tensor_core/tensorflow/lite/core/api/profiler.h:118:52: warning: unused parameter ‘event_type’ [-Wunused-parameter]
  118 |   virtual void AddEvent(const char* tag, EventType event_type, uint64_t metric,
      |                                          ~~~~~~~~~~^~~~~~~~~~
/gpfs/work5/0/prjs2109/dataset/repos/pomaidb/src/ai/tensor_core/tensorflow/lite/core/api/profiler.h:118:73: warning: unused parameter ‘metric’ [-Wunused-parameter]
  118 |   virtual void AddEvent(const char* tag, EventType event_type, uint64_t metric,
      |                                                                ~~~~~~~~~^~~~~~
/gpfs/work5/0/prjs2109/dataset/repos/pomaidb/src/ai/tensor_core/tensorflow/lite/core/api/profiler.h:119:33: warning: unused parameter ‘event_metadata1’ [-Wunused-parameter]
  119 |                         int64_t event_metadata1, int64_t event_metadata2) {}
      |                         ~~~~~~~~^~~~~~~~~~~~~~~
/gpfs/work5/0/prjs2109/dataset/repos/pomaidb/src/ai/tensor_core/tensorflow/lite/core/api/profiler.h:119:58: warning: unused parameter ‘event_metadata2’ [-Wunused-parameter]
  119 |                         int64_t event_metadata1, int64_t event_metadata2) {}
      |                                                  ~~~~~~~~^~~~~~~~~~~~~~~
/gpfs/work5/0/prjs2109/dataset/repos/pomaidb/src/ai/tensor_core/tensorflow/lite/core/api/profiler.h: In member function ‘virtual void tflite::Profiler::AddEventWithData(const char*, EventType, const void*)’:
/gpfs/work5/0/prjs2109/dataset/repos/pomaidb/src/ai/tensor_core/tensorflow/lite/core/api/profiler.h:126:45: warning: unused parameter ‘tag’ [-Wunused-parameter]
  126 |   virtual void AddEventWithData(const char* tag, EventType event_type,
      |                                 ~~~~~~~~~~~~^~~
/gpfs/work5/0/prjs2109/dataset/repos/pomaidb/src/ai/tensor_core/tensorflow/lite/core/api/profiler.h:126:60: warning: unused parameter ‘event_type’ [-Wunused-parameter]
  126 |   virtual void AddEventWithData(const char* tag, EventType event_type,
      |                                                  ~~~~~~~~~~^~~~~~~~~~
/gpfs/work5/0/prjs2109/dataset/repos/pomaidb/src/ai/tensor_core/tensorflow/lite/core/api/profiler.h:127:45: warning: unused parameter ‘data’ [-Wunused-parameter]
  127 |                                 const void* data) {}
      |                                 ~~~~~~~~~~~~^~~~
In file included from /gpfs/work5/0/prjs2109/dataset/repos/pomaidb/src/ai/cheesebrain_core/cheese-graph.h:6:
/gpfs/work5/0/prjs2109/dataset/repos/pomaidb/src/ai/cheesebrain_core/cheese-adapter.h: In constructor ‘cheese_adapter_lora_weight::cheese_adapter_lora_weight(ggml_tensor*, ggml_tensor*)’:
/gpfs/work5/0/prjs2109/dataset/repos/pomaidb/src/ai/cheesebrain_core/cheese-adapter.h:60:63: warning: declaration of ‘b’ shadows a member of ‘cheese_adapter_lora_weight’ [-Wshadow]
   60 |     cheese_adapter_lora_weight(ggml_tensor * a, ggml_tensor * b) : a(a), b(b) {}
      |                                                 ~~~~~~~~~~~~~~^
/gpfs/work5/0/prjs2109/dataset/repos/pomaidb/src/ai/cheesebrain_core/cheese-adapter.h:50:19: note: shadowed declaration is here
   50 |     ggml_tensor * b = nullptr;
      |                   ^
/gpfs/work5/0/prjs2109/dataset/repos/pomaidb/src/ai/cheesebrain_core/cheese-adapter.h:60:46: warning: declaration of ‘a’ shadows a member of ‘cheese_adapter_lora_weight’ [-Wshadow]
   60 |     cheese_adapter_lora_weight(ggml_tensor * a, ggml_tensor * b) : a(a), b(b) {}
      |                                ~~~~~~~~~~~~~~^
/gpfs/work5/0/prjs2109/dataset/repos/pomaidb/src/ai/cheesebrain_core/cheese-adapter.h:49:19: note: shadowed declaration is here
   49 |     ggml_tensor * a = nullptr;
      |                   ^
/gpfs/work5/0/prjs2109/dataset/repos/pomaidb/src/ai/cheesebrain_core/cheese-graph.h: In constructor ‘llm_graph_input_embd::llm_graph_input_embd(int64_t)’:
/gpfs/work5/0/prjs2109/dataset/repos/pomaidb/src/ai/cheesebrain_core/cheese-graph.h:109:34: warning: declaration of ‘n_embd’ shadows a member of ‘llm_graph_input_embd’ [-Wshadow]
  109 |     llm_graph_input_embd(int64_t n_embd) : n_embd(n_embd) {}
      |                          ~~~~~~~~^~~~~~
/gpfs/work5/0/prjs2109/dataset/repos/pomaidb/src/ai/cheesebrain_core/cheese-graph.h:119:19: note: shadowed declaration is here
  119 |     const int64_t n_embd = 0;
      |                   ^~~~~~
/gpfs/work5/0/prjs2109/dataset/repos/pomaidb/src/ai/cheesebrain_core/cheese-graph.h: In constructor ‘llm_graph_input_pos::llm_graph_input_pos(uint32_t)’:
/gpfs/work5/0/prjs2109/dataset/repos/pomaidb/src/ai/cheesebrain_core/cheese-graph.h:124:34: warning: declaration of ‘n_pos_per_embd’ shadows a member of ‘llm_graph_input_pos’ [-Wshadow]
  124 |     llm_graph_input_pos(uint32_t n_pos_per_embd) : n_pos_per_embd(n_pos_per_embd) {}
      |                         ~~~~~~~~~^~~~~~~~~~~~~~
/gpfs/work5/0/prjs2109/dataset/repos/pomaidb/src/ai/cheesebrain_core/cheese-graph.h:133:20: note: shadowed declaration is here
  133 |     const uint32_t n_pos_per_embd = 1;
      |                    ^~~~~~~~~~~~~~
/gpfs/work5/0/prjs2109/dataset/repos/pomaidb/src/ai/cheesebrain_core/cheese-graph.h: In constructor ‘llm_graph_input_attn_temp::llm_graph_input_attn_temp(uint32_t, float, float)’:
/gpfs/work5/0/prjs2109/dataset/repos/pomaidb/src/ai/cheesebrain_core/cheese-graph.h:139:96: warning: declaration of ‘f_attn_temp_offset’ shadows a member of ‘llm_graph_input_attn_temp’ [-Wshadow]
  139 |     llm_graph_input_attn_temp(uint32_t n_attn_temp_floor_scale, float f_attn_temp_scale, float f_attn_temp_offset)
      |                                                                                          ~~~~~~^~~~~~~~~~~~~~~~~~
/gpfs/work5/0/prjs2109/dataset/repos/pomaidb/src/ai/cheesebrain_core/cheese-graph.h:149:20: note: shadowed declaration is here
  149 |     const float    f_attn_temp_offset;
      |                    ^~~~~~~~~~~~~~~~~~
/gpfs/work5/0/prjs2109/dataset/repos/pomaidb/src/ai/cheesebrain_core/cheese-graph.h:139:71: warning: declaration of ‘f_attn_temp_scale’ shadows a member of ‘llm_graph_input_attn_temp’ [-Wshadow]
  139 |     llm_graph_input_attn_temp(uint32_t n_attn_temp_floor_scale, float f_attn_temp_scale, float f_attn_temp_offset)
      |                                                                 ~~~~~~^~~~~~~~~~~~~~~~~
/gpfs/work5/0/prjs2109/dataset/repos/pomaidb/src/ai/cheesebrain_core/cheese-graph.h:148:20: note: shadowed declaration is here
  148 |     const float    f_attn_temp_scale;
      |                    ^~~~~~~~~~~~~~~~~
/gpfs/work5/0/prjs2109/dataset/repos/pomaidb/src/ai/cheesebrain_core/cheese-graph.h:139:40: warning: declaration of ‘n_attn_temp_floor_scale’ shadows a member of ‘llm_graph_input_attn_temp’ [-Wshadow]
  139 |     llm_graph_input_attn_temp(uint32_t n_attn_temp_floor_scale, float f_attn_temp_scale, float f_attn_temp_offset)
      |                               ~~~~~~~~~^~~~~~~~~~~~~~~~~~~~~~~
/gpfs/work5/0/prjs2109/dataset/repos/pomaidb/src/ai/cheesebrain_core/cheese-graph.h:147:20: note: shadowed declaration is here
  147 |     const uint32_t n_attn_temp_floor_scale;
      |                    ^~~~~~~~~~~~~~~~~~~~~~~
/gpfs/work5/0/prjs2109/dataset/repos/pomaidb/src/ai/cheesebrain_core/cheese-graph.h: In constructor ‘llm_graph_input_pos_bucket::llm_graph_input_pos_bucket(const cheese_hparams&)’:
/gpfs/work5/0/prjs2109/dataset/repos/pomaidb/src/ai/cheesebrain_core/cheese-graph.h:154:55: warning: declaration of ‘hparams’ shadows a member of ‘llm_graph_input_pos_bucket’ [-Wshadow]
  154 |     llm_graph_input_pos_bucket(const cheese_hparams & hparams) : hparams(hparams) {}
      |                                ~~~~~~~~~~~~~~~~~~~~~~~^~~~~~~
/gpfs/work5/0/prjs2109/dataset/repos/pomaidb/src/ai/cheesebrain_core/cheese-graph.h:161:26: note: shadowed declaration is here
  161 |     const cheese_hparams hparams;
      |                          ^~~~~~~
/gpfs/work5/0/prjs2109/dataset/repos/pomaidb/src/ai/cheesebrain_core/cheese-graph.h: In constructor ‘llm_graph_input_pos_bucket_kv::llm_graph_input_pos_bucket_kv(const cheese_hparams&, const cheese_kv_cache_context*)’:
/gpfs/work5/0/prjs2109/dataset/repos/pomaidb/src/ai/cheesebrain_core/cheese-graph.h:168:45: warning: declaration of ‘mctx’ shadows a member of ‘llm_graph_input_pos_bucket_kv’ [-Wshadow]
  168 |             const cheese_kv_cache_context * mctx) : hparams(hparams), mctx(mctx) {}
      |             ~~~~~~~~~~~~~~~~~~~~~~~~~~~~~~~~^~~~
/gpfs/work5/0/prjs2109/dataset/repos/pomaidb/src/ai/cheesebrain_core/cheese-graph.h:177:37: note: shadowed declaration is here
  177 |     const cheese_kv_cache_context * mctx;
      |                                     ^~~~
/gpfs/work5/0/prjs2109/dataset/repos/pomaidb/src/ai/cheesebrain_core/cheese-graph.h:167:36: warning: declaration of ‘hparams’ shadows a member of ‘llm_graph_input_pos_bucket_kv’ [-Wshadow]
  167 |             const cheese_hparams & hparams,
      |             ~~~~~~~~~~~~~~~~~~~~~~~^~~~~~~
/gpfs/work5/0/prjs2109/dataset/repos/pomaidb/src/ai/cheesebrain_core/cheese-graph.h:175:26: note: shadowed declaration is here
  175 |     const cheese_hparams hparams;
      |                          ^~~~~~~
/gpfs/work5/0/prjs2109/dataset/repos/pomaidb/src/ai/cheesebrain_core/cheese-graph.h: In constructor ‘llm_graph_input_out_ids::llm_graph_input_out_ids(const cheese_hparams&, const cheese_cparams&, uint32_t)’:
/gpfs/work5/0/prjs2109/dataset/repos/pomaidb/src/ai/cheesebrain_core/cheese-graph.h:185:22: warning: declaration of ‘n_outputs’ shadows a member of ‘llm_graph_input_out_ids’ [-Wshadow]
  185 |             uint32_t n_outputs) : hparams(hparams), cparams(cparams), n_outputs(n_outputs) {}
      |             ~~~~~~~~~^~~~~~~~~
/gpfs/work5/0/prjs2109/dataset/repos/pomaidb/src/ai/cheesebrain_core/cheese-graph.h:197:20: note: shadowed declaration is here
  197 |     const uint32_t n_outputs;
      |                    ^~~~~~~~~
/gpfs/work5/0/prjs2109/dataset/repos/pomaidb/src/ai/cheesebrain_core/cheese-graph.h:184:36: warning: declaration of ‘cparams’ shadows a member of ‘llm_graph_input_out_ids’ [-Wshadow]
  184 |             const cheese_cparams & cparams,
      |             ~~~~~~~~~~~~~~~~~~~~~~~^~~~~~~
/gpfs/work5/0/prjs2109/dataset/repos/pomaidb/src/ai/cheesebrain_core/cheese-graph.h:195:26: note: shadowed declaration is here
  195 |     const cheese_cparams cparams;
      |                          ^~~~~~~
/gpfs/work5/0/prjs2109/dataset/repos/pomaidb/src/ai/cheesebrain_core/cheese-graph.h:183:36: warning: declaration of ‘hparams’ shadows a member of ‘llm_graph_input_out_ids’ [-Wshadow]
  183 |             const cheese_hparams & hparams,
      |             ~~~~~~~~~~~~~~~~~~~~~~~^~~~~~~
/gpfs/work5/0/prjs2109/dataset/repos/pomaidb/src/ai/cheesebrain_core/cheese-graph.h:194:26: note: shadowed declaration is here
  194 |     const cheese_hparams hparams;
      |                          ^~~~~~~
/gpfs/work5/0/prjs2109/dataset/repos/pomaidb/src/ai/cheesebrain_core/cheese-graph.h: In constructor ‘llm_graph_input_mean::llm_graph_input_mean(const cheese_cparams&)’:
/gpfs/work5/0/prjs2109/dataset/repos/pomaidb/src/ai/cheesebrain_core/cheese-graph.h:202:49: warning: declaration of ‘cparams’ shadows a member of ‘llm_graph_input_mean’ [-Wshadow]
  202 |     llm_graph_input_mean(const cheese_cparams & cparams) : cparams(cparams) {}
      |                          ~~~~~~~~~~~~~~~~~~~~~~~^~~~~~~
/gpfs/work5/0/prjs2109/dataset/repos/pomaidb/src/ai/cheesebrain_core/cheese-graph.h:209:26: note: shadowed declaration is here
  209 |     const cheese_cparams cparams;
      |                          ^~~~~~~
/gpfs/work5/0/prjs2109/dataset/repos/pomaidb/src/ai/cheesebrain_core/cheese-graph.h: In constructor ‘llm_graph_input_cls::llm_graph_input_cls(const cheese_cparams&, llm_arch)’:
/gpfs/work5/0/prjs2109/dataset/repos/pomaidb/src/ai/cheesebrain_core/cheese-graph.h:214:72: warning: declaration of ‘arch’ shadows a member of ‘llm_graph_input_cls’ [-Wshadow]
  214 |     llm_graph_input_cls(const cheese_cparams & cparams, const llm_arch arch) : cparams(cparams), arch(arch) {}
      |                                                         ~~~~~~~~~~~~~~~^~~~
/gpfs/work5/0/prjs2109/dataset/repos/pomaidb/src/ai/cheesebrain_core/cheese-graph.h:222:20: note: shadowed declaration is here
  222 |     const llm_arch arch;
      |                    ^~~~
/gpfs/work5/0/prjs2109/dataset/repos/pomaidb/src/ai/cheesebrain_core/cheese-graph.h:214:48: warning: declaration of ‘cparams’ shadows a member of ‘llm_graph_input_cls’ [-Wshadow]
  214 |     llm_graph_input_cls(const cheese_cparams & cparams, const llm_arch arch) : cparams(cparams), arch(arch) {}
      |                         ~~~~~~~~~~~~~~~~~~~~~~~^~~~~~~
/gpfs/work5/0/prjs2109/dataset/repos/pomaidb/src/ai/cheesebrain_core/cheese-graph.h:221:26: note: shadowed declaration is here
  221 |     const cheese_cparams cparams;
      |                          ^~~~~~~
/gpfs/work5/0/prjs2109/dataset/repos/pomaidb/src/ai/cheesebrain_core/cheese-graph.h: In constructor ‘llm_graph_input_rs::llm_graph_input_rs(const cheese_memory_recurrent_context*)’:
/gpfs/work5/0/prjs2109/dataset/repos/pomaidb/src/ai/cheesebrain_core/cheese-graph.h:227:64: warning: declaration of ‘mctx’ shadows a member of ‘llm_graph_input_rs’ [-Wshadow]
  227 |     llm_graph_input_rs(const cheese_memory_recurrent_context * mctx) : mctx(mctx) {}
      |                        ~~~~~~~~~~~~~~~~~~~~~~~~~~~~~~~~~~~~~~~~^~~~
/gpfs/work5/0/prjs2109/dataset/repos/pomaidb/src/ai/cheesebrain_core/cheese-graph.h:241:45: note: shadowed declaration is here
  241 |     const cheese_memory_recurrent_context * mctx;
      |                                             ^~~~
/gpfs/work5/0/prjs2109/dataset/repos/pomaidb/src/ai/cheesebrain_core/cheese-graph.h: In constructor ‘llm_graph_input_cross_embd::llm_graph_input_cross_embd(const cheese_cross*)’:
/gpfs/work5/0/prjs2109/dataset/repos/pomaidb/src/ai/cheesebrain_core/cheese-graph.h:251:34: warning: declaration of ‘cross’ shadows a member of ‘llm_graph_input_cross_embd’ [-Wshadow]
  251 |             const cheese_cross * cross) : cross(cross) {}
      |             ~~~~~~~~~~~~~~~~~~~~~^~~~~
/gpfs/work5/0/prjs2109/dataset/repos/pomaidb/src/ai/cheesebrain_core/cheese-graph.h:258:26: note: shadowed declaration is here
  258 |     const cheese_cross * cross;
      |                          ^~~~~
/gpfs/work5/0/prjs2109/dataset/repos/pomaidb/src/ai/cheesebrain_core/cheese-graph.h: In constructor ‘llm_graph_input_attn_no_cache::llm_graph_input_attn_no_cache(const cheese_hparams&, const cheese_cparams&)’:
/gpfs/work5/0/prjs2109/dataset/repos/pomaidb/src/ai/cheesebrain_core/cheese-graph.h:263:90: warning: declaration of ‘cparams’ shadows a member of ‘llm_graph_input_attn_no_cache’ [-Wshadow]
  263 |     llm_graph_input_attn_no_cache(const cheese_hparams & hparams, const cheese_cparams & cparams) :
      |                                                                   ~~~~~~~~~~~~~~~~~~~~~~~^~~~~~~
/gpfs/work5/0/prjs2109/dataset/repos/pomaidb/src/ai/cheesebrain_core/cheese-graph.h:281:26: note: shadowed declaration is here
  281 |     const cheese_cparams cparams;
      |                          ^~~~~~~
/gpfs/work5/0/prjs2109/dataset/repos/pomaidb/src/ai/cheesebrain_core/cheese-graph.h:263:58: warning: declaration of ‘hparams’ shadows a member of ‘llm_graph_input_attn_no_cache’ [-Wshadow]
  263 |     llm_graph_input_attn_no_cache(const cheese_hparams & hparams, const cheese_cparams & cparams) :
      |                                   ~~~~~~~~~~~~~~~~~~~~~~~^~~~~~~
/gpfs/work5/0/prjs2109/dataset/repos/pomaidb/src/ai/cheesebrain_core/cheese-graph.h:280:26: note: shadowed declaration is here
  280 |     const cheese_hparams hparams;
      |                          ^~~~~~~
/gpfs/work5/0/prjs2109/dataset/repos/pomaidb/src/ai/cheesebrain_core/cheese-graph.h: In constructor ‘llm_graph_input_attn_kv::llm_graph_input_attn_kv(const cheese_hparams&, const cheese_cparams&, const cheese_kv_cache_context*)’:
/gpfs/work5/0/prjs2109/dataset/repos/pomaidb/src/ai/cheesebrain_core/cheese-graph.h:289:45: warning: declaration of ‘mctx’ shadows a member of ‘llm_graph_input_attn_kv’ [-Wshadow]
  289 |             const cheese_kv_cache_context * mctx) :
      |             ~~~~~~~~~~~~~~~~~~~~~~~~~~~~~~~~^~~~
/gpfs/work5/0/prjs2109/dataset/repos/pomaidb/src/ai/cheesebrain_core/cheese-graph.h:317:37: note: shadowed declaration is here
  317 |     const cheese_kv_cache_context * mctx;
      |                                     ^~~~
/gpfs/work5/0/prjs2109/dataset/repos/pomaidb/src/ai/cheesebrain_core/cheese-graph.h:288:36: warning: declaration of ‘cparams’ shadows a member of ‘llm_graph_input_attn_kv’ [-Wshadow]
  288 |             const cheese_cparams & cparams,
      |             ~~~~~~~~~~~~~~~~~~~~~~~^~~~~~~
/gpfs/work5/0/prjs2109/dataset/repos/pomaidb/src/ai/cheesebrain_core/cheese-graph.h:315:26: note: shadowed declaration is here
  315 |     const cheese_cparams cparams;
      |                          ^~~~~~~
/gpfs/work5/0/prjs2109/dataset/repos/pomaidb/src/ai/cheesebrain_core/cheese-graph.h:287:36: warning: declaration of ‘hparams’ shadows a member of ‘llm_graph_input_attn_kv’ [-Wshadow]
  287 |             const cheese_hparams & hparams,
      |             ~~~~~~~~~~~~~~~~~~~~~~~^~~~~~~
/gpfs/work5/0/prjs2109/dataset/repos/pomaidb/src/ai/cheesebrain_core/cheese-graph.h:314:26: note: shadowed declaration is here
  314 |     const cheese_hparams hparams;
      |                          ^~~~~~~
/gpfs/work5/0/prjs2109/dataset/repos/pomaidb/src/ai/cheesebrain_core/cheese-graph.h: In constructor ‘llm_graph_input_attn_k::llm_graph_input_attn_k(const cheese_hparams&, const cheese_cparams&, const cheese_kv_cache_context*)’:
/gpfs/work5/0/prjs2109/dataset/repos/pomaidb/src/ai/cheesebrain_core/cheese-graph.h:327:45: warning: declaration of ‘mctx’ shadows a member of ‘llm_graph_input_attn_k’ [-Wshadow]
  327 |             const cheese_kv_cache_context * mctx) :
      |             ~~~~~~~~~~~~~~~~~~~~~~~~~~~~~~~~^~~~
/gpfs/work5/0/prjs2109/dataset/repos/pomaidb/src/ai/cheesebrain_core/cheese-graph.h:350:37: note: shadowed declaration is here
  350 |     const cheese_kv_cache_context * mctx;
      |                                     ^~~~
/gpfs/work5/0/prjs2109/dataset/repos/pomaidb/src/ai/cheesebrain_core/cheese-graph.h:326:36: warning: declaration of ‘cparams’ shadows a member of ‘llm_graph_input_attn_k’ [-Wshadow]
  326 |             const cheese_cparams & cparams,
      |             ~~~~~~~~~~~~~~~~~~~~~~~^~~~~~~
/gpfs/work5/0/prjs2109/dataset/repos/pomaidb/src/ai/cheesebrain_core/cheese-graph.h:348:26: note: shadowed declaration is here
  348 |     const cheese_cparams cparams;
      |                          ^~~~~~~
/gpfs/work5/0/prjs2109/dataset/repos/pomaidb/src/ai/cheesebrain_core/cheese-graph.h:325:36: warning: declaration of ‘hparams’ shadows a member of ‘llm_graph_input_attn_k’ [-Wshadow]
  325 |             const cheese_hparams & hparams,
      |             ~~~~~~~~~~~~~~~~~~~~~~~^~~~~~~
/gpfs/work5/0/prjs2109/dataset/repos/pomaidb/src/ai/cheesebrain_core/cheese-graph.h:347:26: note: shadowed declaration is here
  347 |     const cheese_hparams hparams;
      |                          ^~~~~~~
/gpfs/work5/0/prjs2109/dataset/repos/pomaidb/src/ai/cheesebrain_core/cheese-graph.h: In constructor ‘llm_graph_input_attn_kv_iswa::llm_graph_input_attn_kv_iswa(const cheese_hparams&, const cheese_cparams&, const cheese_kv_cache_iswa_context*)’:
/gpfs/work5/0/prjs2109/dataset/repos/pomaidb/src/ai/cheesebrain_core/cheese-graph.h:358:50: warning: declaration of ‘mctx’ shadows a member of ‘llm_graph_input_attn_kv_iswa’ [-Wshadow]
  358 |             const cheese_kv_cache_iswa_context * mctx) :
      |             ~~~~~~~~~~~~~~~~~~~~~~~~~~~~~~~~~~~~~^~~~
/gpfs/work5/0/prjs2109/dataset/repos/pomaidb/src/ai/cheesebrain_core/cheese-graph.h:390:42: note: shadowed declaration is here
  390 |     const cheese_kv_cache_iswa_context * mctx;
      |                                          ^~~~
/gpfs/work5/0/prjs2109/dataset/repos/pomaidb/src/ai/cheesebrain_core/cheese-graph.h:357:36: warning: declaration of ‘cparams’ shadows a member of ‘llm_graph_input_attn_kv_iswa’ [-Wshadow]
  357 |             const cheese_cparams & cparams,
      |             ~~~~~~~~~~~~~~~~~~~~~~~^~~~~~~
/gpfs/work5/0/prjs2109/dataset/repos/pomaidb/src/ai/cheesebrain_core/cheese-graph.h:388:26: note: shadowed declaration is here
  388 |     const cheese_cparams cparams;
      |                          ^~~~~~~
/gpfs/work5/0/prjs2109/dataset/repos/pomaidb/src/ai/cheesebrain_core/cheese-graph.h:356:36: warning: declaration of ‘hparams’ shadows a member of ‘llm_graph_input_attn_kv_iswa’ [-Wshadow]
  356 |             const cheese_hparams & hparams,
      |             ~~~~~~~~~~~~~~~~~~~~~~~^~~~~~~
/gpfs/work5/0/prjs2109/dataset/repos/pomaidb/src/ai/cheesebrain_core/cheese-graph.h:387:26: note: shadowed declaration is here
  387 |     const cheese_hparams hparams;
      |                          ^~~~~~~
/gpfs/work5/0/prjs2109/dataset/repos/pomaidb/src/ai/cheesebrain_core/cheese-graph.h: In constructor ‘llm_graph_input_attn_cross::llm_graph_input_attn_cross(const cheese_cross*)’:
/gpfs/work5/0/prjs2109/dataset/repos/pomaidb/src/ai/cheesebrain_core/cheese-graph.h:395:53: warning: declaration of ‘cross’ shadows a member of ‘llm_graph_input_attn_cross’ [-Wshadow]
  395 |     llm_graph_input_attn_cross(const cheese_cross * cross) : cross(cross) {}
      |                                ~~~~~~~~~~~~~~~~~~~~~^~~~~
/gpfs/work5/0/prjs2109/dataset/repos/pomaidb/src/ai/cheesebrain_core/cheese-graph.h:405:26: note: shadowed declaration is here
  405 |     const cheese_cross * cross = nullptr;
      |                          ^~~~~
/gpfs/work5/0/prjs2109/dataset/repos/pomaidb/src/ai/cheesebrain_core/cheese-graph.h: In constructor ‘llm_graph_input_mem_hybrid::llm_graph_input_mem_hybrid(const cheese_cparams&, std::unique_ptr<llm_graph_input_attn_kv>, std::unique_ptr<llm_graph_input_rs>, const cheese_memory_hybrid_context*)’:
/gpfs/work5/0/prjs2109/dataset/repos/pomaidb/src/ai/cheesebrain_core/cheese-graph.h:414:55: warning: declaration of ‘mctx’ shadows a member of ‘llm_graph_input_mem_hybrid’ [-Wshadow]
  414 |             const cheese_memory_hybrid_context *      mctx) :
      |             ~~~~~~~~~~~~~~~~~~~~~~~~~~~~~~~~~~~~~~~~~~^~~~
/gpfs/work5/0/prjs2109/dataset/repos/pomaidb/src/ai/cheesebrain_core/cheese-graph.h:433:42: note: shadowed declaration is here
  433 |     const cheese_memory_hybrid_context * mctx;
      |                                          ^~~~
/gpfs/work5/0/prjs2109/dataset/repos/pomaidb/src/ai/cheesebrain_core/cheese-graph.h:413:54: warning: declaration of ‘inp_rs’ shadows a member of ‘llm_graph_input_mem_hybrid’ [-Wshadow]
  413 |             std::unique_ptr<llm_graph_input_rs>      inp_rs,
      |             ~~~~~~~~~~~~~~~~~~~~~~~~~~~~~~~~~~~~~~~~~^~~~~~
/gpfs/work5/0/prjs2109/dataset/repos/pomaidb/src/ai/cheesebrain_core/cheese-graph.h:426:46: note: shadowed declaration is here
  426 |     std::unique_ptr<llm_graph_input_rs>      inp_rs;
      |                                              ^~~~~~
/gpfs/work5/0/prjs2109/dataset/repos/pomaidb/src/ai/cheesebrain_core/cheese-graph.h:412:54: warning: declaration of ‘inp_attn’ shadows a member of ‘llm_graph_input_mem_hybrid’ [-Wshadow]
  412 |             std::unique_ptr<llm_graph_input_attn_kv> inp_attn,
      |             ~~~~~~~~~~~~~~~~~~~~~~~~~~~~~~~~~~~~~~~~~^~~~~~~~
/gpfs/work5/0/prjs2109/dataset/repos/pomaidb/src/ai/cheesebrain_core/cheese-graph.h:425:46: note: shadowed declaration is here
  425 |     std::unique_ptr<llm_graph_input_attn_kv> inp_attn;
      |                                              ^~~~~~~~
/gpfs/work5/0/prjs2109/dataset/repos/pomaidb/src/ai/cheesebrain_core/cheese-graph.h:411:36: warning: declaration of ‘cparams’ shadows a member of ‘llm_graph_input_mem_hybrid’ [-Wshadow]
  411 |             const cheese_cparams & cparams,
      |             ~~~~~~~~~~~~~~~~~~~~~~~^~~~~~~
/gpfs/work5/0/prjs2109/dataset/repos/pomaidb/src/ai/cheesebrain_core/cheese-graph.h:431:26: note: shadowed declaration is here
  431 |     const cheese_cparams cparams;
      |                          ^~~~~~~
/gpfs/work5/0/prjs2109/dataset/repos/pomaidb/src/ai/cheesebrain_core/cheese-graph.h: In constructor ‘llm_graph_input_mem_hybrid_k::llm_graph_input_mem_hybrid_k(const cheese_cparams&, std::unique_ptr<llm_graph_input_attn_k>, std::unique_ptr<llm_graph_input_rs>, const cheese_memory_hybrid_context*)’:
/gpfs/work5/0/prjs2109/dataset/repos/pomaidb/src/ai/cheesebrain_core/cheese-graph.h:442:55: warning: declaration of ‘mctx’ shadows a member of ‘llm_graph_input_mem_hybrid_k’ [-Wshadow]
  442 |             const cheese_memory_hybrid_context *      mctx) :
      |             ~~~~~~~~~~~~~~~~~~~~~~~~~~~~~~~~~~~~~~~~~~^~~~
/gpfs/work5/0/prjs2109/dataset/repos/pomaidb/src/ai/cheesebrain_core/cheese-graph.h:461:42: note: shadowed declaration is here
  461 |     const cheese_memory_hybrid_context * mctx;
      |                                          ^~~~
/gpfs/work5/0/prjs2109/dataset/repos/pomaidb/src/ai/cheesebrain_core/cheese-graph.h:441:54: warning: declaration of ‘inp_rs’ shadows a member of ‘llm_graph_input_mem_hybrid_k’ [-Wshadow]
  441 |             std::unique_ptr<llm_graph_input_rs>      inp_rs,
      |             ~~~~~~~~~~~~~~~~~~~~~~~~~~~~~~~~~~~~~~~~~^~~~~~
/gpfs/work5/0/prjs2109/dataset/repos/pomaidb/src/ai/cheesebrain_core/cheese-graph.h:454:46: note: shadowed declaration is here
  454 |     std::unique_ptr<llm_graph_input_rs>      inp_rs;
      |                                              ^~~~~~
/gpfs/work5/0/prjs2109/dataset/repos/pomaidb/src/ai/cheesebrain_core/cheese-graph.h:440:53: warning: declaration of ‘inp_attn’ shadows a member of ‘llm_graph_input_mem_hybrid_k’ [-Wshadow]
  440 |             std::unique_ptr<llm_graph_input_attn_k> inp_attn,
      |             ~~~~~~~~~~~~~~~~~~~~~~~~~~~~~~~~~~~~~~~~^~~~~~~~
/gpfs/work5/0/prjs2109/dataset/repos/pomaidb/src/ai/cheesebrain_core/cheese-graph.h:453:45: note: shadowed declaration is here
  453 |     std::unique_ptr<llm_graph_input_attn_k> inp_attn;
      |                                             ^~~~~~~~
/gpfs/work5/0/prjs2109/dataset/repos/pomaidb/src/ai/cheesebrain_core/cheese-graph.h:439:36: warning: declaration of ‘cparams’ shadows a member of ‘llm_graph_input_mem_hybrid_k’ [-Wshadow]
  439 |             const cheese_cparams & cparams,
      |             ~~~~~~~~~~~~~~~~~~~~~~~^~~~~~~
/gpfs/work5/0/prjs2109/dataset/repos/pomaidb/src/ai/cheesebrain_core/cheese-graph.h:459:26: note: shadowed declaration is here
  459 |     const cheese_cparams cparams;
      |                          ^~~~~~~
/gpfs/work5/0/prjs2109/dataset/repos/pomaidb/src/ai/cheesebrain_core/cheese-graph.h: In constructor ‘llm_graph_input_mem_hybrid_iswa::llm_graph_input_mem_hybrid_iswa(const cheese_cparams&, std::unique_ptr<llm_graph_input_attn_kv_iswa>, std::unique_ptr<llm_graph_input_rs>, const cheese_memory_hybrid_iswa_context*)’:
/gpfs/work5/0/prjs2109/dataset/repos/pomaidb/src/ai/cheesebrain_core/cheese-graph.h:470:59: warning: declaration of ‘mctx’ shadows a member of ‘llm_graph_input_mem_hybrid_iswa’ [-Wshadow]
  470 |             const cheese_memory_hybrid_iswa_context *     mctx) :
      |             ~~~~~~~~~~~~~~~~~~~~~~~~~~~~~~~~~~~~~~~~~~~~~~^~~~
/gpfs/work5/0/prjs2109/dataset/repos/pomaidb/src/ai/cheesebrain_core/cheese-graph.h:489:47: note: shadowed declaration is here
  489 |     const cheese_memory_hybrid_iswa_context * mctx;
      |                                               ^~~~
/gpfs/work5/0/prjs2109/dataset/repos/pomaidb/src/ai/cheesebrain_core/cheese-graph.h:469:58: warning: declaration of ‘inp_rs’ shadows a member of ‘llm_graph_input_mem_hybrid_iswa’ [-Wshadow]
  469 |             std::unique_ptr<llm_graph_input_rs>          inp_rs,
      |             ~~~~~~~~~~~~~~~~~~~~~~~~~~~~~~~~~~~~~~~~~~~~~^~~~~~
/gpfs/work5/0/prjs2109/dataset/repos/pomaidb/src/ai/cheesebrain_core/cheese-graph.h:482:50: note: shadowed declaration is here
  482 |     std::unique_ptr<llm_graph_input_rs>          inp_rs;
      |                                                  ^~~~~~
/gpfs/work5/0/prjs2109/dataset/repos/pomaidb/src/ai/cheesebrain_core/cheese-graph.h:468:59: warning: declaration of ‘inp_attn’ shadows a member of ‘llm_graph_input_mem_hybrid_iswa’ [-Wshadow]
  468 |             std::unique_ptr<llm_graph_input_attn_kv_iswa> inp_attn,
      |             ~~~~~~~~~~~~~~~~~~~~~~~~~~~~~~~~~~~~~~~~~~~~~~^~~~~~~~
/gpfs/work5/0/prjs2109/dataset/repos/pomaidb/src/ai/cheesebrain_core/cheese-graph.h:481:51: note: shadowed declaration is here
  481 |     std::unique_ptr<llm_graph_input_attn_kv_iswa> inp_attn;
      |                                                   ^~~~~~~~
/gpfs/work5/0/prjs2109/dataset/repos/pomaidb/src/ai/cheesebrain_core/cheese-graph.h:467:36: warning: declaration of ‘cparams’ shadows a member of ‘llm_graph_input_mem_hybrid_iswa’ [-Wshadow]
  467 |             const cheese_cparams & cparams,
      |             ~~~~~~~~~~~~~~~~~~~~~~~^~~~~~~
/gpfs/work5/0/prjs2109/dataset/repos/pomaidb/src/ai/cheesebrain_core/cheese-graph.h:487:26: note: shadowed declaration is here
  487 |     const cheese_cparams cparams;
      |                          ^~~~~~~
/gpfs/work5/0/prjs2109/dataset/repos/pomaidb/src/ai/cheesebrain_core/cheese-graph.h: In constructor ‘llm_graph_input_sampling::llm_graph_input_sampling(std::map<int, cheese_sampler*>)’:
/gpfs/work5/0/prjs2109/dataset/repos/pomaidb/src/ai/cheesebrain_core/cheese-graph.h:494:72: warning: declaration of ‘samplers’ shadows a member of ‘llm_graph_input_sampling’ [-Wshadow]
  494 |     llm_graph_input_sampling(std::map<cheese_seq_id, cheese_sampler *> samplers) :
      |                              ~~~~~~~~~~~~~~~~~~~~~~~~~~~~~~~~~~~~~~~~~~^~~~~~~~
/gpfs/work5/0/prjs2109/dataset/repos/pomaidb/src/ai/cheesebrain_core/cheese-graph.h:501:47: note: shadowed declaration is here
  501 |     std::map<cheese_seq_id, cheese_sampler *> samplers;
      |                                               ^~~~~~~~
/gpfs/work5/0/prjs2109/dataset/repos/pomaidb/src/ai/cheesebrain_core/cheese-context.cpp: In member function ‘uint32_t cheese_context::output_reserve(int32_t)’:
/gpfs/work5/0/prjs2109/dataset/repos/pomaidb/src/ai/cheesebrain_core/cheese-context.cpp:1772:49: warning: declaration of ‘n_outputs’ shadows a member of ‘cheese_context’ [-Wshadow]
 1772 | uint32_t cheese_context::output_reserve(int32_t n_outputs) {
      |                                         ~~~~~~~~^~~~~~~~~
/gpfs/work5/0/prjs2109/dataset/repos/pomaidb/src/ai/cheesebrain_core/cheese-context.h:301:14: note: shadowed declaration is here
  301 |     uint32_t n_outputs = 0; // number of actually-used outputs in the current ubatch or last logical batch
      |              ^~~~~~~~~
/gpfs/work5/0/prjs2109/dataset/repos/pomaidb/src/ai/cheesebrain_core/cheese-context.cpp: In member function ‘ggml_cgraph* cheese_context::graph_reserve(uint32_t, uint32_t, uint32_t, const cheese_memory_context_i*, bool, size_t*)’:
/gpfs/work5/0/prjs2109/dataset/repos/pomaidb/src/ai/cheesebrain_core/cheese-context.cpp:1971:54: warning: declaration of ‘n_outputs’ shadows a member of ‘cheese_context’ [-Wshadow]
 1971 |         uint32_t n_tokens, uint32_t n_seqs, uint32_t n_outputs, const cheese_memory_context_i * mctx, bool split_only, size_t * sizes) {
      |                                             ~~~~~~~~~^~~~~~~~~
/gpfs/work5/0/prjs2109/dataset/repos/pomaidb/src/ai/cheesebrain_core/cheese-context.h:301:14: note: shadowed declaration is here
  301 |     uint32_t n_outputs = 0; // number of actually-used outputs in the current ubatch or last logical batch
      |              ^~~~~~~~~
/gpfs/work5/0/prjs2109/dataset/repos/pomaidb/src/ai/cheesebrain_core/cheese-context.cpp:1993:25: warning: declaration of ‘balloc’ shadows a member of ‘cheese_context’ [-Wshadow]
 1993 |     cheese_batch_allocr balloc(model.hparams.n_pos_per_embd());
      |                         ^~~~~~
/gpfs/work5/0/prjs2109/dataset/repos/pomaidb/src/ai/cheesebrain_core/cheese-context.h:299:42: note: shadowed declaration is here
  299 |     std::unique_ptr<cheese_batch_allocr> balloc;
      |                                          ^~~~~~
/gpfs/work5/0/prjs2109/dataset/repos/pomaidb/src/ai/cheesebrain_core/cheese-context.cpp: In member function ‘void cheese_context::opt_init(cheese_model*, cheese_opt_params)’:
/gpfs/work5/0/prjs2109/dataset/repos/pomaidb/src/ai/cheesebrain_core/cheese-context.cpp:2568:53: warning: declaration of ‘model’ shadows a member of ‘cheese_context’ [-Wshadow]
 2568 | void cheese_context::opt_init(struct cheese_model * model, struct cheese_opt_params lopt_params) {
      |                               ~~~~~~~~~~~~~~~~~~~~~~^~~~~
/gpfs/work5/0/prjs2109/dataset/repos/pomaidb/src/ai/cheesebrain_core/cheese-context.h:257:26: note: shadowed declaration is here
  257 |     const cheese_model & model;
      |                          ^~~~~
In file included from /gpfs/work5/0/prjs2109/dataset/repos/pomaidb/src/ai/ai_engine.cpp:10:
/gpfs/work5/0/prjs2109/dataset/repos/pomaidb/src/ai/cheesebrain_core/cheese-model-loader.h: In constructor ‘cheese_model_loader::cheese_tensor_weight::cheese_tensor_weight(const cheese_file*, uint16_t, const gguf_context*, ggml_tensor*)’:
/gpfs/work5/0/prjs2109/dataset/repos/pomaidb/src/ai/cheesebrain_core/cheese-model-loader.h:34:122: warning: declaration of ‘tensor’ shadows a member of ‘cheese_model_loader::cheese_tensor_weight’ [-Wshadow]
   34 |         cheese_tensor_weight(const cheese_file * file, uint16_t idx, const struct gguf_context * gguf_ctx, ggml_tensor * tensor) : idx(idx), tensor(tensor) {
      |                                                                                                            ~~~~~~~~~~~~~~^~~~~~
/gpfs/work5/0/prjs2109/dataset/repos/pomaidb/src/ai/cheesebrain_core/cheese-model-loader.h:32:23: note: shadowed declaration is here
   32 |         ggml_tensor * tensor;
      |                       ^~~~~~
/gpfs/work5/0/prjs2109/dataset/repos/pomaidb/src/ai/cheesebrain_core/cheese-model-loader.h:34:65: warning: declaration of ‘idx’ shadows a member of ‘cheese_model_loader::cheese_tensor_weight’ [-Wshadow]
   34 |         cheese_tensor_weight(const cheese_file * file, uint16_t idx, const struct gguf_context * gguf_ctx, ggml_tensor * tensor) : idx(idx), tensor(tensor) {
      |                                                        ~~~~~~~~~^~~
/gpfs/work5/0/prjs2109/dataset/repos/pomaidb/src/ai/cheesebrain_core/cheese-model-loader.h:29:19: note: shadowed declaration is here
   29 |         uint16_t  idx; // source file index
      |                   ^~~
/gpfs/work5/0/prjs2109/dataset/repos/pomaidb/src/table/segment.cc: In member function ‘pomai::Status pomai::table::SegmentBuilder::Finish()’:
/gpfs/work5/0/prjs2109/dataset/repos/pomaidb/src/table/segment.cc:140:22: warning: declaration of ‘st’ shadows a previous local [-Wshadow]
  140 |                 auto st = pq_quantizer->Train(pq_train.data(), pq_train.size() / dim_);
      |                      ^~
/gpfs/work5/0/prjs2109/dataset/repos/pomaidb/src/table/segment.cc:80:14: note: shadowed declaration is here
   80 |         auto st = storage::PosixIOProvider::NewWritableFile(tmp_path, &file);
      |              ^~
In file included from /gpfs/work5/0/prjs2109/dataset/repos/pomaidb/src/ai/tensor_core/tensorflow/lite/core/interpreter.h:47,
                 from /gpfs/work5/0/prjs2109/dataset/repos/pomaidb/src/ai/tensor_core/tensorflow/lite/interpreter.h:21,
                 from /gpfs/work5/0/prjs2109/dataset/repos/pomaidb/src/ai/ai_engine.cpp:13:
/gpfs/work5/0/prjs2109/dataset/repos/pomaidb/src/ai/tensor_core/tensorflow/lite/core/api/profiler.h: In member function ‘virtual void tflite::Profiler::EndEvent(uint32_t, int64_t, int64_t)’:
/gpfs/work5/0/prjs2109/dataset/repos/pomaidb/src/ai/tensor_core/tensorflow/lite/core/api/profiler.h:90:56: warning: unused parameter ‘event_metadata1’ [-Wunused-parameter]
   90 |   virtual void EndEvent(uint32_t event_handle, int64_t event_metadata1,
      |                                                ~~~~~~~~^~~~~~~~~~~~~~~
/gpfs/work5/0/prjs2109/dataset/repos/pomaidb/src/ai/tensor_core/tensorflow/lite/core/api/profiler.h:91:33: warning: unused parameter ‘event_metadata2’ [-Wunused-parameter]
   91 |                         int64_t event_metadata2) {
      |                         ~~~~~~~~^~~~~~~~~~~~~~~
/gpfs/work5/0/prjs2109/dataset/repos/pomaidb/src/ai/tensor_core/tensorflow/lite/core/api/profiler.h: In member function ‘virtual void tflite::Profiler::AddEvent(const char*, EventType, uint64_t, int64_t, int64_t)’:
/gpfs/work5/0/prjs2109/dataset/repos/pomaidb/src/ai/tensor_core/tensorflow/lite/core/api/profiler.h:118:37: warning: unused parameter ‘tag’ [-Wunused-parameter]
  118 |   virtual void AddEvent(const char* tag, EventType event_type, uint64_t metric,
      |                         ~~~~~~~~~~~~^~~
/gpfs/work5/0/prjs2109/dataset/repos/pomaidb/src/ai/tensor_core/tensorflow/lite/core/api/profiler.h:118:52: warning: unused parameter ‘event_type’ [-Wunused-parameter]
  118 |   virtual void AddEvent(const char* tag, EventType event_type, uint64_t metric,
      |                                          ~~~~~~~~~~^~~~~~~~~~
/gpfs/work5/0/prjs2109/dataset/repos/pomaidb/src/ai/tensor_core/tensorflow/lite/core/api/profiler.h:118:73: warning: unused parameter ‘metric’ [-Wunused-parameter]
  118 |   virtual void AddEvent(const char* tag, EventType event_type, uint64_t metric,
      |                                                                ~~~~~~~~~^~~~~~
/gpfs/work5/0/prjs2109/dataset/repos/pomaidb/src/ai/tensor_core/tensorflow/lite/core/api/profiler.h:119:33: warning: unused parameter ‘event_metadata1’ [-Wunused-parameter]
  119 |                         int64_t event_metadata1, int64_t event_metadata2) {}
      |                         ~~~~~~~~^~~~~~~~~~~~~~~
/gpfs/work5/0/prjs2109/dataset/repos/pomaidb/src/ai/tensor_core/tensorflow/lite/core/api/profiler.h:119:58: warning: unused parameter ‘event_metadata2’ [-Wunused-parameter]
  119 |                         int64_t event_metadata1, int64_t event_metadata2) {}
      |                                                  ~~~~~~~~^~~~~~~~~~~~~~~
/gpfs/work5/0/prjs2109/dataset/repos/pomaidb/src/ai/tensor_core/tensorflow/lite/core/api/profiler.h: In member function ‘virtual void tflite::Profiler::AddEventWithData(const char*, EventType, const void*)’:
/gpfs/work5/0/prjs2109/dataset/repos/pomaidb/src/ai/tensor_core/tensorflow/lite/core/api/profiler.h:126:45: warning: unused parameter ‘tag’ [-Wunused-parameter]
  126 |   virtual void AddEventWithData(const char* tag, EventType event_type,
      |                                 ~~~~~~~~~~~~^~~
/gpfs/work5/0/prjs2109/dataset/repos/pomaidb/src/ai/tensor_core/tensorflow/lite/core/api/profiler.h:126:60: warning: unused parameter ‘event_type’ [-Wunused-parameter]
  126 |   virtual void AddEventWithData(const char* tag, EventType event_type,
      |                                                  ~~~~~~~~~~^~~~~~~~~~
/gpfs/work5/0/prjs2109/dataset/repos/pomaidb/src/ai/tensor_core/tensorflow/lite/core/api/profiler.h:127:45: warning: unused parameter ‘data’ [-Wunused-parameter]
  127 |                                 const void* data) {}
      |                                 ~~~~~~~~~~~~^~~~
In file included from /gpfs/work5/0/prjs2109/dataset/repos/pomaidb/src/ai/tensor_core/tensorflow/lite/core/async/async_kernel_internal.h:24,
                 from /gpfs/work5/0/prjs2109/dataset/repos/pomaidb/src/ai/tensor_core/tensorflow/lite/core/async/async_signature_runner.h:23,
                 from /gpfs/work5/0/prjs2109/dataset/repos/pomaidb/src/ai/tensor_core/tensorflow/lite/core/interpreter.h:48:
/gpfs/work5/0/prjs2109/dataset/repos/pomaidb/src/ai/tensor_core/tensorflow/lite/core/c/common.h: At global scope:
/gpfs/work5/0/prjs2109/dataset/repos/pomaidb/src/ai/tensor_core/tensorflow/lite/core/c/common.h:125:7: warning: ISO C++ forbids flexible array member ‘data’ [-Wpedantic]
  125 |   int data[];
      |       ^~~~
/gpfs/work5/0/prjs2109/dataset/repos/pomaidb/src/ai/tensor_core/tensorflow/lite/core/c/common.h:169:9: warning: ISO C++ forbids flexible array member ‘data’ [-Wpedantic]
  169 |   float data[];
      |         ^~~~
In file included from /gpfs/work5/0/prjs2109/dataset/repos/pomaidb/src/database.cc:12:
/gpfs/work5/0/prjs2109/dataset/repos/pomaidb/src/core/hooks/auto_edge_hook.h: In member function ‘virtual void pomai::core::AutoEdgeHook::OnPostPut(pomai::VectorId, std::span<const float>, const pomai::Metadata&)’:
/gpfs/work5/0/prjs2109/dataset/repos/pomaidb/src/core/hooks/auto_edge_hook.h:16:56: warning: unused parameter ‘vec’ [-Wunused-parameter]
   16 |     void OnPostPut(VectorId id, std::span<const float> vec, const Metadata& meta) override {
      |                                 ~~~~~~~~~~~~~~~~~~~~~~~^~~
/gpfs/work5/0/prjs2109/dataset/repos/pomaidb/src/database.cc: In member function ‘pomai::Status pomai::StorageEngine::Open(const pomai::EmbeddedOptions&)’:
/gpfs/work5/0/prjs2109/dataset/repos/pomaidb/src/database.cc:48:24: warning: ignoring returned value of type ‘pomai::Status’, declared with attribute ‘nodiscard’ [-Wunused-result]
   48 |     kernel_.RegisterPod(std::make_unique<core::VectorPod>(std::move(v_runtime)));
      |     ~~~~~~~~~~~~~~~~~~~^~~~~~~~~~~~~~~~~~~~~~~~~~~~~~~~~~~~~~~~~~~~~~~~~~~~~~~~~
In file included from /gpfs/work5/0/prjs2109/dataset/repos/pomaidb/src/core/storage/internal_engine.h:19,
                 from /gpfs/work5/0/prjs2109/dataset/repos/pomaidb/src/core/hooks/auto_edge_hook.h:5:
/gpfs/work5/0/prjs2109/dataset/repos/pomaidb/src/core/kernel/micro_kernel.h:33:16: note: in call to ‘pomai::Status pomai::core::MicroKernel::RegisterPod(std::unique_ptr<pomai::core::Pod>)’, declared here
   33 |         Status RegisterPod(std::unique_ptr<Pod> pod) {
      |                ^~~~~~~~~~~
In file included from /gpfs/work5/0/prjs2109/dataset/repos/pomaidb/include/pomai/graph.h:8,
                 from /gpfs/work5/0/prjs2109/dataset/repos/pomaidb/include/pomai/search.h:8,
                 from /gpfs/work5/0/prjs2109/dataset/repos/pomaidb/include/pomai/database.h:17,
                 from /gpfs/work5/0/prjs2109/dataset/repos/pomaidb/src/database.cc:1:
/gpfs/work5/0/prjs2109/dataset/repos/pomaidb/include/pomai/status.h:29:21: note: ‘pomai::Status’ declared here
   29 | class [[nodiscard]] Status {
      |                     ^~~~~~
/gpfs/work5/0/prjs2109/dataset/repos/pomaidb/src/database.cc:57:24: warning: ignoring returned value of type ‘pomai::Status’, declared with attribute ‘nodiscard’ [-Wunused-result]
   57 |     kernel_.RegisterPod(std::make_unique<core::GraphPod>(std::move(g_runtime)));
      |     ~~~~~~~~~~~~~~~~~~~^~~~~~~~~~~~~~~~~~~~~~~~~~~~~~~~~~~~~~~~~~~~~~~~~~~~~~~~
/gpfs/work5/0/prjs2109/dataset/repos/pomaidb/src/core/kernel/micro_kernel.h:33:16: note: in call to ‘pomai::Status pomai::core::MicroKernel::RegisterPod(std::unique_ptr<pomai::core::Pod>)’, declared here
   33 |         Status RegisterPod(std::unique_ptr<Pod> pod) {
      |                ^~~~~~~~~~~
/gpfs/work5/0/prjs2109/dataset/repos/pomaidb/include/pomai/status.h:29:21: note: ‘pomai::Status’ declared here
   29 | class [[nodiscard]] Status {
      |                     ^~~~~~
/gpfs/work5/0/prjs2109/dataset/repos/pomaidb/src/database.cc:60:24: warning: ignoring returned value of type ‘pomai::Status’, declared with attribute ‘nodiscard’ [-Wunused-result]
   60 |     kernel_.RegisterPod(std::make_unique<core::QueryPod>(std::move(planner)));
      |     ~~~~~~~~~~~~~~~~~~~^~~~~~~~~~~~~~~~~~~~~~~~~~~~~~~~~~~~~~~~~~~~~~~~~~~~~~
/gpfs/work5/0/prjs2109/dataset/repos/pomaidb/src/core/kernel/micro_kernel.h:33:16: note: in call to ‘pomai::Status pomai::core::MicroKernel::RegisterPod(std::unique_ptr<pomai::core::Pod>)’, declared here
   33 |         Status RegisterPod(std::unique_ptr<Pod> pod) {
      |                ^~~~~~~~~~~
/gpfs/work5/0/prjs2109/dataset/repos/pomaidb/include/pomai/status.h:29:21: note: ‘pomai::Status’ declared here
   29 | class [[nodiscard]] Status {
      |                     ^~~~~~
/gpfs/work5/0/prjs2109/dataset/repos/pomaidb/src/database.cc: In member function ‘pomai::Status pomai::StorageEngine::AddVertex(pomai::VertexId, pomai::TagId, const pomai::Metadata&)’:
/gpfs/work5/0/prjs2109/dataset/repos/pomaidb/src/database.cc:239:73: warning: unused parameter ‘meta’ [-Wunused-parameter]
  239 | Status StorageEngine::AddVertex(VertexId id, TagId tag, const Metadata& meta) {
      |                                                         ~~~~~~~~~~~~~~~~^~~~
/gpfs/work5/0/prjs2109/dataset/repos/pomaidb/src/database.cc: In member function ‘pomai::Status pomai::StorageEngine::AddEdge(pomai::VertexId, pomai::VertexId, pomai::EdgeType, uint32_t, const pomai::Metadata&)’:
/gpfs/work5/0/prjs2109/dataset/repos/pomaidb/src/database.cc:252:105: warning: unused parameter ‘meta’ [-Wunused-parameter]
  252 | Status StorageEngine::AddEdge(VertexId src, VertexId dst, EdgeType type, uint32_t rank, const Metadata& meta) {
      |                                                                                         ~~~~~~~~~~~~~~~~^~~~
/gpfs/work5/0/prjs2109/dataset/repos/pomaidb/src/database.cc: In member function ‘pomai::Status pomai::Database::SearchGraphRAG(std::span<const float>, uint32_t, const pomai::SearchOptions&, uint32_t, std::vector<pomai::SearchResult>*)’:
/gpfs/work5/0/prjs2109/dataset/repos/pomaidb/src/database.cc:557:52: warning: unused parameter ‘opts’ [-Wunused-parameter]
  557 |                               const SearchOptions& opts, uint32_t k_hops,
      |                               ~~~~~~~~~~~~~~~~~~~~~^~~~
In file included from /gpfs/work5/0/prjs2109/dataset/repos/pomaidb/src/ai/tensor_core/tensorflow/lite/core/subgraph.h:36,
                 from /gpfs/work5/0/prjs2109/dataset/repos/pomaidb/src/ai/tensor_core/tensorflow/lite/core/async/async_subgraph.h:27,
                 from /gpfs/work5/0/prjs2109/dataset/repos/pomaidb/src/ai/tensor_core/tensorflow/lite/core/async/async_signature_runner.h:24,
                 from /gpfs/work5/0/prjs2109/dataset/repos/pomaidb/src/ai/tensor_core/tensorflow/lite/core/interpreter.h:48:
/gpfs/work5/0/prjs2109/dataset/repos/pomaidb/src/ai/tensor_core/tensorflow/lite/core/api/op_resolver.h: In member function ‘virtual tflite::OpResolver::TfLiteDelegatePtrVector tflite::OpResolver::GetDelegates(int) const’:
/gpfs/work5/0/prjs2109/dataset/repos/pomaidb/src/ai/tensor_core/tensorflow/lite/core/api/op_resolver.h:70:52: warning: unused parameter ‘num_threads’ [-Wunused-parameter]
   70 |   virtual TfLiteDelegatePtrVector GetDelegates(int num_threads) const {
      |                                                ~~~~^~~~~~~~~~~
/gpfs/work5/0/prjs2109/dataset/repos/pomaidb/src/ai/tensor_core/tensorflow/lite/core/subgraph.h: In member function ‘virtual uint32_t tflite::Subgraph::SubgraphAwareProfiler::BeginEvent(const char*, tflite::Profiler::EventType, int64_t, int64_t)’:
/gpfs/work5/0/prjs2109/dataset/repos/pomaidb/src/ai/tensor_core/tensorflow/lite/core/subgraph.h:675:33: warning: unused parameter ‘event_metadata2’ [-Wunused-parameter]
  675 |                         int64_t event_metadata2) override {
      |                         ~~~~~~~~^~~~~~~~~~~~~~~
/gpfs/work5/0/prjs2109/dataset/repos/pomaidb/src/ai/tensor_core/tensorflow/lite/core/subgraph.h: In member function ‘virtual void tflite::Subgraph::SubgraphAwareProfiler::AddEvent(const char*, tflite::Profiler::EventType, uint64_t, int64_t, int64_t)’:
/gpfs/work5/0/prjs2109/dataset/repos/pomaidb/src/ai/tensor_core/tensorflow/lite/core/subgraph.h:693:52: warning: unused parameter ‘event_metadata2’ [-Wunused-parameter]
  693 |                   int64_t event_metadata1, int64_t event_metadata2) override {
      |                                            ~~~~~~~~^~~~~~~~~~~~~~~
/gpfs/work5/0/prjs2109/dataset/repos/pomaidb/src/ai/tensor_core/tensorflow/lite/core/api/op_resolver.h: In member function ‘virtual tflite::OpResolver::TfLiteDelegatePtrVector tflite::OpResolver::GetDelegates(int) const’:
/gpfs/work5/0/prjs2109/dataset/repos/pomaidb/src/ai/tensor_core/tensorflow/lite/core/api/op_resolver.h:70:52: warning: unused parameter ‘num_threads’ [-Wunused-parameter]
   70 |   virtual TfLiteDelegatePtrVector GetDelegates(int num_threads) const {
      |                                                ~~~~^~~~~~~~~~~
/gpfs/work5/0/prjs2109/dataset/repos/pomaidb/src/ai/tensor_core/tensorflow/lite/core/api/op_resolver.h: In member function ‘virtual tflite::OpResolver::TfLiteDelegatePtrVector tflite::OpResolver::GetDelegates(int) const’:
/gpfs/work5/0/prjs2109/dataset/repos/pomaidb/src/ai/tensor_core/tensorflow/lite/core/api/op_resolver.h:70:52: warning: unused parameter ‘num_threads’ [-Wunused-parameter]
   70 |   virtual TfLiteDelegatePtrVector GetDelegates(int num_threads) const {
      |                                                ~~~~^~~~~~~~~~~
/gpfs/work5/0/prjs2109/dataset/repos/pomaidb/src/ai/tensor_core/tensorflow/lite/core/model_building.h: In lambda function:
/gpfs/work5/0/prjs2109/dataset/repos/pomaidb/src/ai/tensor_core/tensorflow/lite/core/model_building.h:113:16: warning: declaration of ‘char* data’ shadows a parameter [-Wshadow]
  113 |       [](char* data) { delete[] reinterpret_cast<Storage*>(data); },
      |          ~~~~~~^~~~
/gpfs/work5/0/prjs2109/dataset/repos/pomaidb/src/ai/tensor_core/tensorflow/lite/core/model_building.h:105:69: note: shadowed declaration is here
  105 | void Assign(Buffer b, std::vector<int> shape, const std::vector<T>& data,
      |                                               ~~~~~~~~~~~~~~~~~~~~~~^~~~
In file included from /gpfs/work5/0/prjs2109/dataset/repos/pomaidb/src/ai/tensor_core/tensorflow/lite/core/interpreter.h:47,
                 from /gpfs/work5/0/prjs2109/dataset/repos/pomaidb/src/ai/tensor_core/tensorflow/lite/core/interpreter_builder.h:38:
/gpfs/work5/0/prjs2109/dataset/repos/pomaidb/src/ai/tensor_core/tensorflow/lite/core/api/profiler.h: In member function ‘virtual void tflite::Profiler::EndEvent(uint32_t, int64_t, int64_t)’:
/gpfs/work5/0/prjs2109/dataset/repos/pomaidb/src/ai/tensor_core/tensorflow/lite/core/api/profiler.h:90:56: warning: unused parameter ‘event_metadata1’ [-Wunused-parameter]
   90 |   virtual void EndEvent(uint32_t event_handle, int64_t event_metadata1,
      |                                                ~~~~~~~~^~~~~~~~~~~~~~~
/gpfs/work5/0/prjs2109/dataset/repos/pomaidb/src/ai/tensor_core/tensorflow/lite/core/api/profiler.h:91:33: warning: unused parameter ‘event_metadata2’ [-Wunused-parameter]
   91 |                         int64_t event_metadata2) {
      |                         ~~~~~~~~^~~~~~~~~~~~~~~
/gpfs/work5/0/prjs2109/dataset/repos/pomaidb/src/ai/tensor_core/tensorflow/lite/core/api/profiler.h: In member function ‘virtual void tflite::Profiler::AddEvent(const char*, EventType, uint64_t, int64_t, int64_t)’:
/gpfs/work5/0/prjs2109/dataset/repos/pomaidb/src/ai/tensor_core/tensorflow/lite/core/api/profiler.h:118:37: warning: unused parameter ‘tag’ [-Wunused-parameter]
  118 |   virtual void AddEvent(const char* tag, EventType event_type, uint64_t metric,
      |                         ~~~~~~~~~~~~^~~
/gpfs/work5/0/prjs2109/dataset/repos/pomaidb/src/ai/tensor_core/tensorflow/lite/core/api/profiler.h:118:52: warning: unused parameter ‘event_type’ [-Wunused-parameter]
  118 |   virtual void AddEvent(const char* tag, EventType event_type, uint64_t metric,
      |                                          ~~~~~~~~~~^~~~~~~~~~
/gpfs/work5/0/prjs2109/dataset/repos/pomaidb/src/ai/tensor_core/tensorflow/lite/core/api/profiler.h:118:73: warning: unused parameter ‘metric’ [-Wunused-parameter]
  118 |   virtual void AddEvent(const char* tag, EventType event_type, uint64_t metric,
      |                                                                ~~~~~~~~~^~~~~~
/gpfs/work5/0/prjs2109/dataset/repos/pomaidb/src/ai/tensor_core/tensorflow/lite/core/api/profiler.h:119:33: warning: unused parameter ‘event_metadata1’ [-Wunused-parameter]
  119 |                         int64_t event_metadata1, int64_t event_metadata2) {}
      |                         ~~~~~~~~^~~~~~~~~~~~~~~
/gpfs/work5/0/prjs2109/dataset/repos/pomaidb/src/ai/tensor_core/tensorflow/lite/core/api/profiler.h:119:58: warning: unused parameter ‘event_metadata2’ [-Wunused-parameter]
  119 |                         int64_t event_metadata1, int64_t event_metadata2) {}
      |                                                  ~~~~~~~~^~~~~~~~~~~~~~~
/gpfs/work5/0/prjs2109/dataset/repos/pomaidb/src/ai/tensor_core/tensorflow/lite/core/api/profiler.h: In member function ‘virtual void tflite::Profiler::AddEventWithData(const char*, EventType, const void*)’:
/gpfs/work5/0/prjs2109/dataset/repos/pomaidb/src/ai/tensor_core/tensorflow/lite/core/api/profiler.h:126:45: warning: unused parameter ‘tag’ [-Wunused-parameter]
  126 |   virtual void AddEventWithData(const char* tag, EventType event_type,
      |                                 ~~~~~~~~~~~~^~~
/gpfs/work5/0/prjs2109/dataset/repos/pomaidb/src/ai/tensor_core/tensorflow/lite/core/api/profiler.h:126:60: warning: unused parameter ‘event_type’ [-Wunused-parameter]
  126 |   virtual void AddEventWithData(const char* tag, EventType event_type,
      |                                                  ~~~~~~~~~~^~~~~~~~~~
/gpfs/work5/0/prjs2109/dataset/repos/pomaidb/src/ai/tensor_core/tensorflow/lite/core/api/profiler.h:127:45: warning: unused parameter ‘data’ [-Wunused-parameter]
  127 |                                 const void* data) {}
      |                                 ~~~~~~~~~~~~^~~~
In file included from /gpfs/work5/0/prjs2109/dataset/repos/pomaidb/src/ai/tensor_core/tensorflow/lite/core/async/async_subgraph.h:27,
                 from /gpfs/work5/0/prjs2109/dataset/repos/pomaidb/src/ai/tensor_core/tensorflow/lite/core/async/async_signature_runner.h:24,
                 from /gpfs/work5/0/prjs2109/dataset/repos/pomaidb/src/ai/tensor_core/tensorflow/lite/core/interpreter.h:48:
/gpfs/work5/0/prjs2109/dataset/repos/pomaidb/src/ai/tensor_core/tensorflow/lite/core/subgraph.h: In member function ‘virtual uint32_t tflite::Subgraph::SubgraphAwareProfiler::BeginEvent(const char*, tflite::Profiler::EventType, int64_t, int64_t)’:
/gpfs/work5/0/prjs2109/dataset/repos/pomaidb/src/ai/tensor_core/tensorflow/lite/core/subgraph.h:675:33: warning: unused parameter ‘event_metadata2’ [-Wunused-parameter]
  675 |                         int64_t event_metadata2) override {
      |                         ~~~~~~~~^~~~~~~~~~~~~~~
/gpfs/work5/0/prjs2109/dataset/repos/pomaidb/src/ai/tensor_core/tensorflow/lite/core/subgraph.h: In member function ‘virtual void tflite::Subgraph::SubgraphAwareProfiler::AddEvent(const char*, tflite::Profiler::EventType, uint64_t, int64_t, int64_t)’:
/gpfs/work5/0/prjs2109/dataset/repos/pomaidb/src/ai/tensor_core/tensorflow/lite/core/subgraph.h:693:52: warning: unused parameter ‘event_metadata2’ [-Wunused-parameter]
  693 |                   int64_t event_metadata1, int64_t event_metadata2) override {
      |                                            ~~~~~~~~^~~~~~~~~~~~~~~
In file included from /gpfs/work5/0/prjs2109/dataset/repos/pomaidb/src/ai/tensor_core/absl/strings/numbers.h:51,
                 from /gpfs/work5/0/prjs2109/dataset/repos/pomaidb/src/ai/tensor_core/absl/strings/str_cat.h:108,
                 from /gpfs/work5/0/prjs2109/dataset/repos/pomaidb/src/ai/tensor_core/tensorflow/compiler/mlir/lite/core/model_builder_base.cc:22:
/gpfs/work5/0/prjs2109/dataset/repos/pomaidb/src/ai/tensor_core/absl/numeric/int128.h:107:22: warning: ISO C++ does not support ‘__int128’ for ‘type name’ [-Wpedantic]
  107 |     alignas(unsigned __int128)
      |                      ^~~~~~~~
/gpfs/work5/0/prjs2109/dataset/repos/pomaidb/src/ai/tensor_core/absl/numeric/int128.h:121:21: warning: ISO C++ does not support ‘__int128’ for ‘v’ [-Wpedantic]
  121 |   constexpr uint128(__int128 v);           // NOLINT(runtime/explicit)
      |                     ^~~~~~~~
/gpfs/work5/0/prjs2109/dataset/repos/pomaidb/src/ai/tensor_core/absl/numeric/int128.h:122:30: warning: ISO C++ does not support ‘__int128’ for ‘v’ [-Wpedantic]
  122 |   constexpr uint128(unsigned __int128 v);  // NOLINT(runtime/explicit)
      |                              ^~~~~~~~
/gpfs/work5/0/prjs2109/dataset/repos/pomaidb/src/ai/tensor_core/absl/numeric/int128.h:137:22: warning: ISO C++ does not support ‘__int128’ for ‘v’ [-Wpedantic]
  137 |   uint128& operator=(__int128 v);
      |                      ^~~~~~~~
/gpfs/work5/0/prjs2109/dataset/repos/pomaidb/src/ai/tensor_core/absl/numeric/int128.h:138:31: warning: ISO C++ does not support ‘__int128’ for ‘v’ [-Wpedantic]
  138 |   uint128& operator=(unsigned __int128 v);
      |                               ^~~~~~~~
/gpfs/work5/0/prjs2109/dataset/repos/pomaidb/src/ai/tensor_core/absl/numeric/int128.h:163:31: warning: ISO C++ does not support ‘__int128’ for ‘type name’ [-Wpedantic]
  163 |   constexpr explicit operator __int128() const;
      |                               ^~~~~~~~
/gpfs/work5/0/prjs2109/dataset/repos/pomaidb/src/ai/tensor_core/absl/numeric/int128.h:163:31: warning: ISO C++ does not support ‘__int128’ for ‘type name’ [-Wpedantic]
/gpfs/work5/0/prjs2109/dataset/repos/pomaidb/src/ai/tensor_core/absl/numeric/int128.h:164:40: warning: ISO C++ does not support ‘__int128’ for ‘type name’ [-Wpedantic]
  164 |   constexpr explicit operator unsigned __int128() const;
      |                                        ^~~~~~~~
/gpfs/work5/0/prjs2109/dataset/repos/pomaidb/src/ai/tensor_core/absl/numeric/int128.h:164:40: warning: ISO C++ does not support ‘__int128’ for ‘type name’ [-Wpedantic]
/gpfs/work5/0/prjs2109/dataset/repos/pomaidb/src/ai/tensor_core/absl/numeric/int128.h:292:57: warning: ISO C++ does not support ‘__int128’ for ‘type name’ [-Wpedantic]
  292 |   static constexpr bool traps = numeric_limits<unsigned __int128>::traps;
      |                                                         ^~~~~~~~
/gpfs/work5/0/prjs2109/dataset/repos/pomaidb/src/ai/tensor_core/absl/numeric/int128.h:359:20: warning: ISO C++ does not support ‘__int128’ for ‘v’ [-Wpedantic]
  359 |   constexpr int128(__int128 v);  // NOLINT(runtime/explicit)
      |                    ^~~~~~~~
/gpfs/work5/0/prjs2109/dataset/repos/pomaidb/src/ai/tensor_core/absl/numeric/int128.h:360:38: warning: ISO C++ does not support ‘__int128’ for ‘v’ [-Wpedantic]
  360 |   constexpr explicit int128(unsigned __int128 v);
      |                                      ^~~~~~~~
/gpfs/work5/0/prjs2109/dataset/repos/pomaidb/src/ai/tensor_core/absl/numeric/int128.h:375:21: warning: ISO C++ does not support ‘__int128’ for ‘v’ [-Wpedantic]
  375 |   int128& operator=(__int128 v);
      |                     ^~~~~~~~
/gpfs/work5/0/prjs2109/dataset/repos/pomaidb/src/ai/tensor_core/absl/numeric/int128.h:399:31: warning: ISO C++ does not support ‘__int128’ for ‘type name’ [-Wpedantic]
  399 |   constexpr explicit operator __int128() const;
      |                               ^~~~~~~~
/gpfs/work5/0/prjs2109/dataset/repos/pomaidb/src/ai/tensor_core/absl/numeric/int128.h:399:31: warning: ISO C++ does not support ‘__int128’ for ‘type name’ [-Wpedantic]
/gpfs/work5/0/prjs2109/dataset/repos/pomaidb/src/ai/tensor_core/absl/numeric/int128.h:400:40: warning: ISO C++ does not support ‘__int128’ for ‘type name’ [-Wpedantic]
  400 |   constexpr explicit operator unsigned __int128() const;
      |                                        ^~~~~~~~
/gpfs/work5/0/prjs2109/dataset/repos/pomaidb/src/ai/tensor_core/absl/numeric/int128.h:400:40: warning: ISO C++ does not support ‘__int128’ for ‘type name’ [-Wpedantic]
/gpfs/work5/0/prjs2109/dataset/repos/pomaidb/src/ai/tensor_core/absl/numeric/int128.h:478:3: warning: ISO C++ does not support ‘__int128’ for ‘v_’ [-Wpedantic]
  478 |   __int128 v_;
      |   ^~~~~~~~
/gpfs/work5/0/prjs2109/dataset/repos/pomaidb/src/ai/tensor_core/absl/numeric/int128.h:535:48: warning: ISO C++ does not support ‘__int128’ for ‘type name’ [-Wpedantic]
  535 |   static constexpr bool traps = numeric_limits<__int128>::traps;
      |                                                ^~~~~~~~
/gpfs/work5/0/prjs2109/dataset/repos/pomaidb/src/ai/tensor_core/absl/numeric/int128.h:589:36: warning: ISO C++ does not support ‘__int128’ for ‘v’ [-Wpedantic]
  589 | inline uint128& uint128::operator=(__int128 v) { return *this = uint128(v); }
      |                                    ^~~~~~~~
/gpfs/work5/0/prjs2109/dataset/repos/pomaidb/src/ai/tensor_core/absl/numeric/int128.h:591:45: warning: ISO C++ does not support ‘__int128’ for ‘v’ [-Wpedantic]
  591 | inline uint128& uint128::operator=(unsigned __int128 v) {
      |                                             ^~~~~~~~
In file included from /gpfs/work5/0/prjs2109/dataset/repos/pomaidb/src/ai/tensor_core/tensorflow/lite/core/interpreter.h:47,
                 from /gpfs/work5/0/prjs2109/dataset/repos/pomaidb/src/ai/tensor_core/tensorflow/lite/core/interpreter_builder.h:38:
/gpfs/work5/0/prjs2109/dataset/repos/pomaidb/src/ai/tensor_core/tensorflow/lite/core/api/profiler.h: In member function ‘virtual void tflite::Profiler::EndEvent(uint32_t, int64_t, int64_t)’:
/gpfs/work5/0/prjs2109/dataset/repos/pomaidb/src/ai/tensor_core/tensorflow/lite/core/api/profiler.h:90:56: warning: unused parameter ‘event_metadata1’ [-Wunused-parameter]
   90 |   virtual void EndEvent(uint32_t event_handle, int64_t event_metadata1,
      |                                                ~~~~~~~~^~~~~~~~~~~~~~~
/gpfs/work5/0/prjs2109/dataset/repos/pomaidb/src/ai/tensor_core/tensorflow/lite/core/api/profiler.h:91:33: warning: unused parameter ‘event_metadata2’ [-Wunused-parameter]
   91 |                         int64_t event_metadata2) {
      |                         ~~~~~~~~^~~~~~~~~~~~~~~
/gpfs/work5/0/prjs2109/dataset/repos/pomaidb/src/ai/tensor_core/tensorflow/lite/core/api/profiler.h: In member function ‘virtual void tflite::Profiler::AddEvent(const char*, EventType, uint64_t, int64_t, int64_t)’:
/gpfs/work5/0/prjs2109/dataset/repos/pomaidb/src/ai/tensor_core/tensorflow/lite/core/api/profiler.h:118:37: warning: unused parameter ‘tag’ [-Wunused-parameter]
  118 |   virtual void AddEvent(const char* tag, EventType event_type, uint64_t metric,
      |                         ~~~~~~~~~~~~^~~
/gpfs/work5/0/prjs2109/dataset/repos/pomaidb/src/ai/tensor_core/tensorflow/lite/core/api/profiler.h:118:52: warning: unused parameter ‘event_type’ [-Wunused-parameter]
  118 |   virtual void AddEvent(const char* tag, EventType event_type, uint64_t metric,
      |                                          ~~~~~~~~~~^~~~~~~~~~
/gpfs/work5/0/prjs2109/dataset/repos/pomaidb/src/ai/tensor_core/tensorflow/lite/core/api/profiler.h:118:73: warning: unused parameter ‘metric’ [-Wunused-parameter]
  118 |   virtual void AddEvent(const char* tag, EventType event_type, uint64_t metric,
      |                                                                ~~~~~~~~~^~~~~~
/gpfs/work5/0/prjs2109/dataset/repos/pomaidb/src/ai/tensor_core/tensorflow/lite/core/api/profiler.h:119:33: warning: unused parameter ‘event_metadata1’ [-Wunused-parameter]
  119 |                         int64_t event_metadata1, int64_t event_metadata2) {}
      |                         ~~~~~~~~^~~~~~~~~~~~~~~
/gpfs/work5/0/prjs2109/dataset/repos/pomaidb/src/ai/tensor_core/tensorflow/lite/core/api/profiler.h:119:58: warning: unused parameter ‘event_metadata2’ [-Wunused-parameter]
  119 |                         int64_t event_metadata1, int64_t event_metadata2) {}
      |                                                  ~~~~~~~~^~~~~~~~~~~~~~~
/gpfs/work5/0/prjs2109/dataset/repos/pomaidb/src/ai/tensor_core/tensorflow/lite/core/api/profiler.h: In member function ‘virtual void tflite::Profiler::AddEventWithData(const char*, EventType, const void*)’:
/gpfs/work5/0/prjs2109/dataset/repos/pomaidb/src/ai/tensor_core/tensorflow/lite/core/api/profiler.h:126:45: warning: unused parameter ‘tag’ [-Wunused-parameter]
  126 |   virtual void AddEventWithData(const char* tag, EventType event_type,
      |                                 ~~~~~~~~~~~~^~~
/gpfs/work5/0/prjs2109/dataset/repos/pomaidb/src/ai/tensor_core/tensorflow/lite/core/api/profiler.h:126:60: warning: unused parameter ‘event_type’ [-Wunused-parameter]
  126 |   virtual void AddEventWithData(const char* tag, EventType event_type,
      |                                                  ~~~~~~~~~~^~~~~~~~~~
/gpfs/work5/0/prjs2109/dataset/repos/pomaidb/src/ai/tensor_core/tensorflow/lite/core/api/profiler.h:127:45: warning: unused parameter ‘data’ [-Wunused-parameter]
  127 |                                 const void* data) {}
      |                                 ~~~~~~~~~~~~^~~~
/gpfs/work5/0/prjs2109/dataset/repos/pomaidb/src/ai/tensor_core/absl/numeric/int128.h:670:28: warning: ISO C++ does not support ‘__int128’ for ‘v’ [-Wpedantic]
  670 | constexpr uint128::uint128(__int128 v)
      |                            ^~~~~~~~
/gpfs/work5/0/prjs2109/dataset/repos/pomaidb/src/ai/tensor_core/absl/numeric/int128.h: In constructor ‘constexpr absl::lts_20240116::uint128::uint128(__int128)’:
/gpfs/work5/0/prjs2109/dataset/repos/pomaidb/src/ai/tensor_core/absl/numeric/int128.h:672:54: warning: ISO C++ does not support ‘__int128’ for ‘type name’ [-Wpedantic]
  672 |       hi_{static_cast<uint64_t>(static_cast<unsigned __int128>(v) >> 64)} {}
      |                                                      ^~~~~~~~
/gpfs/work5/0/prjs2109/dataset/repos/pomaidb/src/ai/tensor_core/absl/numeric/int128.h: At global scope:
/gpfs/work5/0/prjs2109/dataset/repos/pomaidb/src/ai/tensor_core/absl/numeric/int128.h:673:37: warning: ISO C++ does not support ‘__int128’ for ‘v’ [-Wpedantic]
  673 | constexpr uint128::uint128(unsigned __int128 v)
      |                                     ^~~~~~~~
/gpfs/work5/0/prjs2109/dataset/repos/pomaidb/src/ai/tensor_core/absl/numeric/int128.h:772:29: warning: ISO C++ does not support ‘__int128’ for ‘type name’ [-Wpedantic]
  772 | constexpr uint128::operator __int128() const {
      |                             ^~~~~~~~
/gpfs/work5/0/prjs2109/dataset/repos/pomaidb/src/ai/tensor_core/absl/numeric/int128.h:772:29: warning: ISO C++ does not support ‘__int128’ for ‘type name’ [-Wpedantic]
/gpfs/work5/0/prjs2109/dataset/repos/pomaidb/src/ai/tensor_core/absl/numeric/int128.h:772:29: warning: ISO C++ does not support ‘__int128’ for ‘type name’ [-Wpedantic]
/gpfs/work5/0/prjs2109/dataset/repos/pomaidb/src/ai/tensor_core/absl/numeric/int128.h: In member function ‘constexpr absl::lts_20240116::uint128::operator __int128() const’:
/gpfs/work5/0/prjs2109/dataset/repos/pomaidb/src/ai/tensor_core/absl/numeric/int128.h:773:23: warning: ISO C++ does not support ‘__int128’ for ‘type name’ [-Wpedantic]
  773 |   return (static_cast<__int128>(hi_) << 64) + lo_;
      |                       ^~~~~~~~
/gpfs/work5/0/prjs2109/dataset/repos/pomaidb/src/ai/tensor_core/absl/numeric/int128.h: At global scope:
/gpfs/work5/0/prjs2109/dataset/repos/pomaidb/src/ai/tensor_core/absl/numeric/int128.h:776:38: warning: ISO C++ does not support ‘__int128’ for ‘type name’ [-Wpedantic]
  776 | constexpr uint128::operator unsigned __int128() const {
      |                                      ^~~~~~~~
/gpfs/work5/0/prjs2109/dataset/repos/pomaidb/src/ai/tensor_core/absl/numeric/int128.h:776:38: warning: ISO C++ does not support ‘__int128’ for ‘type name’ [-Wpedantic]
/gpfs/work5/0/prjs2109/dataset/repos/pomaidb/src/ai/tensor_core/absl/numeric/int128.h:776:38: warning: ISO C++ does not support ‘__int128’ for ‘type name’ [-Wpedantic]
/gpfs/work5/0/prjs2109/dataset/repos/pomaidb/src/ai/tensor_core/absl/numeric/int128.h: In member function ‘constexpr absl::lts_20240116::uint128::operator __int128 unsigned() const’:
/gpfs/work5/0/prjs2109/dataset/repos/pomaidb/src/ai/tensor_core/absl/numeric/int128.h:777:32: warning: ISO C++ does not support ‘__int128’ for ‘type name’ [-Wpedantic]
  777 |   return (static_cast<unsigned __int128>(hi_) << 64) + lo_;
      |                                ^~~~~~~~
/gpfs/work5/0/prjs2109/dataset/repos/pomaidb/src/ai/tensor_core/absl/numeric/int128.h: In function ‘constexpr bool absl::lts_20240116::operator==(uint128, uint128)’:
/gpfs/work5/0/prjs2109/dataset/repos/pomaidb/src/ai/tensor_core/absl/numeric/int128.h:800:31: warning: ISO C++ does not support ‘__int128’ for ‘type name’ [-Wpedantic]
  800 |   return static_cast<unsigned __int128>(lhs) ==
      |                               ^~~~~~~~
/gpfs/work5/0/prjs2109/dataset/repos/pomaidb/src/ai/tensor_core/absl/numeric/int128.h:801:31: warning: ISO C++ does not support ‘__int128’ for ‘type name’ [-Wpedantic]
  801 |          static_cast<unsigned __int128>(rhs);
      |                               ^~~~~~~~
/gpfs/work5/0/prjs2109/dataset/repos/pomaidb/src/ai/tensor_core/absl/numeric/int128.h: In function ‘constexpr bool absl::lts_20240116::operator<(uint128, uint128)’:
/gpfs/work5/0/prjs2109/dataset/repos/pomaidb/src/ai/tensor_core/absl/numeric/int128.h:812:31: warning: ISO C++ does not support ‘__int128’ for ‘type name’ [-Wpedantic]
  812 |   return static_cast<unsigned __int128>(lhs) <
      |                               ^~~~~~~~
/gpfs/work5/0/prjs2109/dataset/repos/pomaidb/src/ai/tensor_core/absl/numeric/int128.h:813:31: warning: ISO C++ does not support ‘__int128’ for ‘type name’ [-Wpedantic]
  813 |          static_cast<unsigned __int128>(rhs);
      |                               ^~~~~~~~
/gpfs/work5/0/prjs2109/dataset/repos/pomaidb/src/ai/tensor_core/absl/numeric/int128.h: In function ‘constexpr absl::lts_20240116::uint128 absl::lts_20240116::operator-(uint128)’:
/gpfs/work5/0/prjs2109/dataset/repos/pomaidb/src/ai/tensor_core/absl/numeric/int128.h:835:32: warning: ISO C++ does not support ‘__int128’ for ‘type name’ [-Wpedantic]
  835 |   return -static_cast<unsigned __int128>(val);
      |                                ^~~~~~~~
/gpfs/work5/0/prjs2109/dataset/repos/pomaidb/src/ai/tensor_core/absl/numeric/int128.h: In function ‘constexpr bool absl::lts_20240116::operator!(uint128)’:
/gpfs/work5/0/prjs2109/dataset/repos/pomaidb/src/ai/tensor_core/absl/numeric/int128.h:845:32: warning: ISO C++ does not support ‘__int128’ for ‘type name’ [-Wpedantic]
  845 |   return !static_cast<unsigned __int128>(val);
      |                                ^~~~~~~~
/gpfs/work5/0/prjs2109/dataset/repos/pomaidb/src/ai/tensor_core/absl/numeric/int128.h: In function ‘constexpr absl::lts_20240116::uint128 absl::lts_20240116::operator~(uint128)’:
/gpfs/work5/0/prjs2109/dataset/repos/pomaidb/src/ai/tensor_core/absl/numeric/int128.h:855:32: warning: ISO C++ does not support ‘__int128’ for ‘type name’ [-Wpedantic]
  855 |   return ~static_cast<unsigned __int128>(val);
      |                                ^~~~~~~~
/gpfs/work5/0/prjs2109/dataset/repos/pomaidb/src/ai/tensor_core/absl/numeric/int128.h: In function ‘constexpr absl::lts_20240116::uint128 absl::lts_20240116::operator|(uint128, uint128)’:
/gpfs/work5/0/prjs2109/dataset/repos/pomaidb/src/ai/tensor_core/absl/numeric/int128.h:863:31: warning: ISO C++ does not support ‘__int128’ for ‘type name’ [-Wpedantic]
  863 |   return static_cast<unsigned __int128>(lhs) |
      |                               ^~~~~~~~
/gpfs/work5/0/prjs2109/dataset/repos/pomaidb/src/ai/tensor_core/absl/numeric/int128.h:864:31: warning: ISO C++ does not support ‘__int128’ for ‘type name’ [-Wpedantic]
  864 |          static_cast<unsigned __int128>(rhs);
      |                               ^~~~~~~~
/gpfs/work5/0/prjs2109/dataset/repos/pomaidb/src/ai/tensor_core/absl/numeric/int128.h: In function ‘constexpr absl::lts_20240116::uint128 absl::lts_20240116::operator&(uint128, uint128)’:
/gpfs/work5/0/prjs2109/dataset/repos/pomaidb/src/ai/tensor_core/absl/numeric/int128.h:873:31: warning: ISO C++ does not support ‘__int128’ for ‘type name’ [-Wpedantic]
  873 |   return static_cast<unsigned __int128>(lhs) &
      |                               ^~~~~~~~
/gpfs/work5/0/prjs2109/dataset/repos/pomaidb/src/ai/tensor_core/absl/numeric/int128.h:874:31: warning: ISO C++ does not support ‘__int128’ for ‘type name’ [-Wpedantic]
  874 |          static_cast<unsigned __int128>(rhs);
      |                               ^~~~~~~~
/gpfs/work5/0/prjs2109/dataset/repos/pomaidb/src/ai/tensor_core/absl/numeric/int128.h: In function ‘constexpr absl::lts_20240116::uint128 absl::lts_20240116::operator^(uint128, uint128)’:
/gpfs/work5/0/prjs2109/dataset/repos/pomaidb/src/ai/tensor_core/absl/numeric/int128.h:883:31: warning: ISO C++ does not support ‘__int128’ for ‘type name’ [-Wpedantic]
  883 |   return static_cast<unsigned __int128>(lhs) ^
      |                               ^~~~~~~~
/gpfs/work5/0/prjs2109/dataset/repos/pomaidb/src/ai/tensor_core/absl/numeric/int128.h:884:31: warning: ISO C++ does not support ‘__int128’ for ‘type name’ [-Wpedantic]
  884 |          static_cast<unsigned __int128>(rhs);
      |                               ^~~~~~~~
/gpfs/work5/0/prjs2109/dataset/repos/pomaidb/src/ai/tensor_core/absl/numeric/int128.h: In function ‘constexpr absl::lts_20240116::uint128 absl::lts_20240116::operator<<(uint128, int)’:
/gpfs/work5/0/prjs2109/dataset/repos/pomaidb/src/ai/tensor_core/absl/numeric/int128.h:910:31: warning: ISO C++ does not support ‘__int128’ for ‘type name’ [-Wpedantic]
  910 |   return static_cast<unsigned __int128>(lhs) << amount;
      |                               ^~~~~~~~
/gpfs/work5/0/prjs2109/dataset/repos/pomaidb/src/ai/tensor_core/absl/numeric/int128.h: In function ‘constexpr absl::lts_20240116::uint128 absl::lts_20240116::operator>>(uint128, int)’:
/gpfs/work5/0/prjs2109/dataset/repos/pomaidb/src/ai/tensor_core/absl/numeric/int128.h:924:31: warning: ISO C++ does not support ‘__int128’ for ‘type name’ [-Wpedantic]
  924 |   return static_cast<unsigned __int128>(lhs) >> amount;
      |                               ^~~~~~~~
/gpfs/work5/0/prjs2109/dataset/repos/pomaidb/src/ai/tensor_core/absl/numeric/int128.h: In function ‘constexpr absl::lts_20240116::uint128 absl::lts_20240116::operator+(uint128, uint128)’:
/gpfs/work5/0/prjs2109/dataset/repos/pomaidb/src/ai/tensor_core/absl/numeric/int128.h:949:31: warning: ISO C++ does not support ‘__int128’ for ‘type name’ [-Wpedantic]
  949 |   return static_cast<unsigned __int128>(lhs) +
      |                               ^~~~~~~~
/gpfs/work5/0/prjs2109/dataset/repos/pomaidb/src/ai/tensor_core/absl/numeric/int128.h:950:31: warning: ISO C++ does not support ‘__int128’ for ‘type name’ [-Wpedantic]
  950 |          static_cast<unsigned __int128>(rhs);
      |                               ^~~~~~~~
/gpfs/work5/0/prjs2109/dataset/repos/pomaidb/src/ai/tensor_core/absl/numeric/int128.h: In function ‘constexpr absl::lts_20240116::uint128 absl::lts_20240116::operator-(uint128, uint128)’:
/gpfs/work5/0/prjs2109/dataset/repos/pomaidb/src/ai/tensor_core/absl/numeric/int128.h:972:31: warning: ISO C++ does not support ‘__int128’ for ‘type name’ [-Wpedantic]
  972 |   return static_cast<unsigned __int128>(lhs) -
      |                               ^~~~~~~~
/gpfs/work5/0/prjs2109/dataset/repos/pomaidb/src/ai/tensor_core/absl/numeric/int128.h:973:31: warning: ISO C++ does not support ‘__int128’ for ‘type name’ [-Wpedantic]
  973 |          static_cast<unsigned __int128>(rhs);
      |                               ^~~~~~~~
/gpfs/work5/0/prjs2109/dataset/repos/pomaidb/src/ai/tensor_core/absl/numeric/int128.h: In function ‘absl::lts_20240116::uint128 absl::lts_20240116::operator*(uint128, uint128)’:
/gpfs/work5/0/prjs2109/dataset/repos/pomaidb/src/ai/tensor_core/absl/numeric/int128.h:986:31: warning: ISO C++ does not support ‘__int128’ for ‘type name’ [-Wpedantic]
  986 |   return static_cast<unsigned __int128>(lhs) *
      |                               ^~~~~~~~
/gpfs/work5/0/prjs2109/dataset/repos/pomaidb/src/ai/tensor_core/absl/numeric/int128.h:987:31: warning: ISO C++ does not support ‘__int128’ for ‘type name’ [-Wpedantic]
  987 |          static_cast<unsigned __int128>(rhs);
      |                               ^~~~~~~~
/gpfs/work5/0/prjs2109/dataset/repos/pomaidb/src/ai/tensor_core/absl/numeric/int128.h: In function ‘absl::lts_20240116::uint128 absl::lts_20240116::operator/(uint128, uint128)’:
/gpfs/work5/0/prjs2109/dataset/repos/pomaidb/src/ai/tensor_core/absl/numeric/int128.h:1011:31: warning: ISO C++ does not support ‘__int128’ for ‘type name’ [-Wpedantic]
 1011 |   return static_cast<unsigned __int128>(lhs) /
      |                               ^~~~~~~~
/gpfs/work5/0/prjs2109/dataset/repos/pomaidb/src/ai/tensor_core/absl/numeric/int128.h:1012:31: warning: ISO C++ does not support ‘__int128’ for ‘type name’ [-Wpedantic]
 1012 |          static_cast<unsigned __int128>(rhs);
      |                               ^~~~~~~~
/gpfs/work5/0/prjs2109/dataset/repos/pomaidb/src/ai/tensor_core/absl/numeric/int128.h: In function ‘absl::lts_20240116::uint128 absl::lts_20240116::operator%(uint128, uint128)’:
/gpfs/work5/0/prjs2109/dataset/repos/pomaidb/src/ai/tensor_core/absl/numeric/int128.h:1016:31: warning: ISO C++ does not support ‘__int128’ for ‘type name’ [-Wpedantic]
 1016 |   return static_cast<unsigned __int128>(lhs) %
      |                               ^~~~~~~~
/gpfs/work5/0/prjs2109/dataset/repos/pomaidb/src/ai/tensor_core/absl/numeric/int128.h:1017:31: warning: ISO C++ does not support ‘__int128’ for ‘type name’ [-Wpedantic]
 1017 |          static_cast<unsigned __int128>(rhs);
      |                               ^~~~~~~~
In file included from /gpfs/work5/0/prjs2109/dataset/repos/pomaidb/src/ai/tensor_core/absl/numeric/int128.h:1152:
/gpfs/work5/0/prjs2109/dataset/repos/pomaidb/src/ai/tensor_core/absl/numeric/int128_have_intrinsic.inc: At global scope:
/gpfs/work5/0/prjs2109/dataset/repos/pomaidb/src/ai/tensor_core/absl/numeric/int128_have_intrinsic.inc:24:45: warning: ISO C++ does not support ‘__int128’ for ‘v’ [-Wpedantic]
   24 | constexpr __int128 BitCastToSigned(unsigned __int128 v) {
      |                                             ^~~~~~~~
/gpfs/work5/0/prjs2109/dataset/repos/pomaidb/src/ai/tensor_core/absl/numeric/int128_have_intrinsic.inc:24:11: warning: ISO C++ does not support ‘__int128’ for ‘BitCastToSigned’ [-Wpedantic]
   24 | constexpr __int128 BitCastToSigned(unsigned __int128 v) {
      |           ^~~~~~~~
/gpfs/work5/0/prjs2109/dataset/repos/pomaidb/src/ai/tensor_core/absl/numeric/int128_have_intrinsic.inc: In function ‘constexpr __int128 absl::lts_20240116::int128_internal::BitCastToSigned(__int128 unsigned)’:
/gpfs/work5/0/prjs2109/dataset/repos/pomaidb/src/ai/tensor_core/absl/numeric/int128_have_intrinsic.inc:30:36: warning: ISO C++ does not support ‘__int128’ for ‘type name’ [-Wpedantic]
   30 |   return v & (static_cast<unsigned __int128>(1) << 127)
      |                                    ^~~~~~~~
/gpfs/work5/0/prjs2109/dataset/repos/pomaidb/src/ai/tensor_core/absl/numeric/int128_have_intrinsic.inc:31:29: warning: ISO C++ does not support ‘__int128’ for ‘type name’ [-Wpedantic]
   31 |              ? ~static_cast<__int128>(~v)
      |                             ^~~~~~~~
/gpfs/work5/0/prjs2109/dataset/repos/pomaidb/src/ai/tensor_core/absl/numeric/int128_have_intrinsic.inc:32:28: warning: ISO C++ does not support ‘__int128’ for ‘type name’ [-Wpedantic]
   32 |              : static_cast<__int128>(v);
      |                            ^~~~~~~~
/gpfs/work5/0/prjs2109/dataset/repos/pomaidb/src/ai/tensor_core/absl/numeric/int128_have_intrinsic.inc: At global scope:
/gpfs/work5/0/prjs2109/dataset/repos/pomaidb/src/ai/tensor_core/absl/numeric/int128_have_intrinsic.inc:37:34: warning: ISO C++ does not support ‘__int128’ for ‘v’ [-Wpedantic]
   37 | inline int128& int128::operator=(__int128 v) {
      |                                  ^~~~~~~~
/gpfs/work5/0/prjs2109/dataset/repos/pomaidb/src/ai/tensor_core/absl/numeric/int128_have_intrinsic.inc: In function ‘constexpr int64_t absl::lts_20240116::Int128High64(int128)’:
/gpfs/work5/0/prjs2109/dataset/repos/pomaidb/src/ai/tensor_core/absl/numeric/int128_have_intrinsic.inc:49:50: warning: ISO C++ does not support ‘__int128’ for ‘type name’ [-Wpedantic]
   49 |       static_cast<uint64_t>(static_cast<unsigned __int128>(v.v_) >> 64));
      |                                                  ^~~~~~~~
/gpfs/work5/0/prjs2109/dataset/repos/pomaidb/src/ai/tensor_core/absl/numeric/int128_have_intrinsic.inc: In constructor ‘constexpr absl::lts_20240116::int128::int128(int64_t, uint64_t)’:
/gpfs/work5/0/prjs2109/dataset/repos/pomaidb/src/ai/tensor_core/absl/numeric/int128_have_intrinsic.inc:54:64: warning: ISO C++ does not support ‘__int128’ for ‘type name’ [-Wpedantic]
   54 |     : v_(int128_internal::BitCastToSigned(static_cast<unsigned __int128>(high)
      |                                                                ^~~~~~~~
/gpfs/work5/0/prjs2109/dataset/repos/pomaidb/src/ai/tensor_core/absl/numeric/int128_have_intrinsic.inc: At global scope:
/gpfs/work5/0/prjs2109/dataset/repos/pomaidb/src/ai/tensor_core/absl/numeric/int128_have_intrinsic.inc:65:26: warning: ISO C++ does not support ‘__int128’ for ‘v’ [-Wpedantic]
   65 | constexpr int128::int128(__int128 v) : v_{v} {}
      |                          ^~~~~~~~
/gpfs/work5/0/prjs2109/dataset/repos/pomaidb/src/ai/tensor_core/absl/numeric/int128_have_intrinsic.inc:74:35: warning: ISO C++ does not support ‘__int128’ for ‘v’ [-Wpedantic]
   74 | constexpr int128::int128(unsigned __int128 v) : v_{static_cast<__int128>(v)} {}
      |                                   ^~~~~~~~
/gpfs/work5/0/prjs2109/dataset/repos/pomaidb/src/ai/tensor_core/absl/numeric/int128_have_intrinsic.inc: In constructor ‘constexpr absl::lts_20240116::int128::int128(__int128 unsigned)’:
/gpfs/work5/0/prjs2109/dataset/repos/pomaidb/src/ai/tensor_core/absl/numeric/int128_have_intrinsic.inc:74:64: warning: ISO C++ does not support ‘__int128’ for ‘type name’ [-Wpedantic]
   74 | constexpr int128::int128(unsigned __int128 v) : v_{static_cast<__int128>(v)} {}
      |                                                                ^~~~~~~~
/gpfs/work5/0/prjs2109/dataset/repos/pomaidb/src/ai/tensor_core/absl/numeric/int128_have_intrinsic.inc: In constructor ‘absl::lts_20240116::int128::int128(float)’:
/gpfs/work5/0/prjs2109/dataset/repos/pomaidb/src/ai/tensor_core/absl/numeric/int128_have_intrinsic.inc:77:20: warning: ISO C++ does not support ‘__int128’ for ‘type name’ [-Wpedantic]
   77 |   v_ = static_cast<__int128>(v);
      |                    ^~~~~~~~
/gpfs/work5/0/prjs2109/dataset/repos/pomaidb/src/ai/tensor_core/absl/numeric/int128_have_intrinsic.inc: In constructor ‘absl::lts_20240116::int128::int128(double)’:
/gpfs/work5/0/prjs2109/dataset/repos/pomaidb/src/ai/tensor_core/absl/numeric/int128_have_intrinsic.inc:81:20: warning: ISO C++ does not support ‘__int128’ for ‘type name’ [-Wpedantic]
   81 |   v_ = static_cast<__int128>(v);
      |                    ^~~~~~~~
/gpfs/work5/0/prjs2109/dataset/repos/pomaidb/src/ai/tensor_core/absl/numeric/int128_have_intrinsic.inc: In constructor ‘absl::lts_20240116::int128::int128(long double)’:
/gpfs/work5/0/prjs2109/dataset/repos/pomaidb/src/ai/tensor_core/absl/numeric/int128_have_intrinsic.inc:85:20: warning: ISO C++ does not support ‘__int128’ for ‘type name’ [-Wpedantic]
   85 |   v_ = static_cast<__int128>(v);
      |                    ^~~~~~~~
/gpfs/work5/0/prjs2109/dataset/repos/pomaidb/src/ai/tensor_core/absl/numeric/int128_have_intrinsic.inc: In constructor ‘constexpr absl::lts_20240116::int128::int128(absl::lts_20240116::uint128)’:
/gpfs/work5/0/prjs2109/dataset/repos/pomaidb/src/ai/tensor_core/absl/numeric/int128_have_intrinsic.inc:88:54: warning: ISO C++ does not support ‘__int128’ for ‘type name’ [-Wpedantic]
   88 | constexpr int128::int128(uint128 v) : v_{static_cast<__int128>(v)} {}
      |                                                      ^~~~~~~~
/gpfs/work5/0/prjs2109/dataset/repos/pomaidb/src/ai/tensor_core/absl/numeric/int128_have_intrinsic.inc: At global scope:
/gpfs/work5/0/prjs2109/dataset/repos/pomaidb/src/ai/tensor_core/absl/numeric/int128_have_intrinsic.inc:146:28: warning: ISO C++ does not support ‘__int128’ for ‘type name’ [-Wpedantic]
  146 | constexpr int128::operator __int128() const { return v_; }
      |                            ^~~~~~~~
/gpfs/work5/0/prjs2109/dataset/repos/pomaidb/src/ai/tensor_core/absl/numeric/int128_have_intrinsic.inc:146:28: warning: ISO C++ does not support ‘__int128’ for ‘type name’ [-Wpedantic]
/gpfs/work5/0/prjs2109/dataset/repos/pomaidb/src/ai/tensor_core/absl/numeric/int128_have_intrinsic.inc:146:28: warning: ISO C++ does not support ‘__int128’ for ‘type name’ [-Wpedantic]
/gpfs/work5/0/prjs2109/dataset/repos/pomaidb/src/ai/tensor_core/absl/numeric/int128_have_intrinsic.inc:148:37: warning: ISO C++ does not support ‘__int128’ for ‘type name’ [-Wpedantic]
  148 | constexpr int128::operator unsigned __int128() const {
      |                                     ^~~~~~~~
/gpfs/work5/0/prjs2109/dataset/repos/pomaidb/src/ai/tensor_core/absl/numeric/int128_have_intrinsic.inc:148:37: warning: ISO C++ does not support ‘__int128’ for ‘type name’ [-Wpedantic]
/gpfs/work5/0/prjs2109/dataset/repos/pomaidb/src/ai/tensor_core/absl/numeric/int128_have_intrinsic.inc:148:37: warning: ISO C++ does not support ‘__int128’ for ‘type name’ [-Wpedantic]
/gpfs/work5/0/prjs2109/dataset/repos/pomaidb/src/ai/tensor_core/absl/numeric/int128_have_intrinsic.inc: In member function ‘constexpr absl::lts_20240116::int128::operator __int128 unsigned() const’:
/gpfs/work5/0/prjs2109/dataset/repos/pomaidb/src/ai/tensor_core/absl/numeric/int128_have_intrinsic.inc:149:31: warning: ISO C++ does not support ‘__int128’ for ‘type name’ [-Wpedantic]
  149 |   return static_cast<unsigned __int128>(v_);
      |                               ^~~~~~~~
/gpfs/work5/0/prjs2109/dataset/repos/pomaidb/src/ai/tensor_core/absl/numeric/int128_have_intrinsic.inc: In function ‘constexpr bool absl::lts_20240116::operator==(int128, int128)’:
/gpfs/work5/0/prjs2109/dataset/repos/pomaidb/src/ai/tensor_core/absl/numeric/int128_have_intrinsic.inc:200:22: warning: ISO C++ does not support ‘__int128’ for ‘type name’ [-Wpedantic]
  200 |   return static_cast<__int128>(lhs) == static_cast<__int128>(rhs);
      |                      ^~~~~~~~
/gpfs/work5/0/prjs2109/dataset/repos/pomaidb/src/ai/tensor_core/absl/numeric/int128_have_intrinsic.inc:200:52: warning: ISO C++ does not support ‘__int128’ for ‘type name’ [-Wpedantic]
  200 |   return static_cast<__int128>(lhs) == static_cast<__int128>(rhs);
      |                                                    ^~~~~~~~
/gpfs/work5/0/prjs2109/dataset/repos/pomaidb/src/ai/tensor_core/absl/numeric/int128_have_intrinsic.inc: In function ‘constexpr bool absl::lts_20240116::operator!=(int128, int128)’:
/gpfs/work5/0/prjs2109/dataset/repos/pomaidb/src/ai/tensor_core/absl/numeric/int128_have_intrinsic.inc:204:22: warning: ISO C++ does not support ‘__int128’ for ‘type name’ [-Wpedantic]
  204 |   return static_cast<__int128>(lhs) != static_cast<__int128>(rhs);
      |                      ^~~~~~~~
/gpfs/work5/0/prjs2109/dataset/repos/pomaidb/src/ai/tensor_core/absl/numeric/int128_have_intrinsic.inc:204:52: warning: ISO C++ does not support ‘__int128’ for ‘type name’ [-Wpedantic]
  204 |   return static_cast<__int128>(lhs) != static_cast<__int128>(rhs);
      |                                                    ^~~~~~~~
/gpfs/work5/0/prjs2109/dataset/repos/pomaidb/src/ai/tensor_core/absl/numeric/int128_have_intrinsic.inc: In function ‘constexpr bool absl::lts_20240116::operator<(int128, int128)’:
/gpfs/work5/0/prjs2109/dataset/repos/pomaidb/src/ai/tensor_core/absl/numeric/int128_have_intrinsic.inc:208:22: warning: ISO C++ does not support ‘__int128’ for ‘type name’ [-Wpedantic]
  208 |   return static_cast<__int128>(lhs) < static_cast<__int128>(rhs);
      |                      ^~~~~~~~
/gpfs/work5/0/prjs2109/dataset/repos/pomaidb/src/ai/tensor_core/absl/numeric/int128_have_intrinsic.inc:208:51: warning: ISO C++ does not support ‘__int128’ for ‘type name’ [-Wpedantic]
  208 |   return static_cast<__int128>(lhs) < static_cast<__int128>(rhs);
      |                                                   ^~~~~~~~
/gpfs/work5/0/prjs2109/dataset/repos/pomaidb/src/ai/tensor_core/absl/numeric/int128_have_intrinsic.inc: In function ‘constexpr bool absl::lts_20240116::operator>(int128, int128)’:
/gpfs/work5/0/prjs2109/dataset/repos/pomaidb/src/ai/tensor_core/absl/numeric/int128_have_intrinsic.inc:212:22: warning: ISO C++ does not support ‘__int128’ for ‘type name’ [-Wpedantic]
  212 |   return static_cast<__int128>(lhs) > static_cast<__int128>(rhs);
      |                      ^~~~~~~~
/gpfs/work5/0/prjs2109/dataset/repos/pomaidb/src/ai/tensor_core/absl/numeric/int128_have_intrinsic.inc:212:51: warning: ISO C++ does not support ‘__int128’ for ‘type name’ [-Wpedantic]
  212 |   return static_cast<__int128>(lhs) > static_cast<__int128>(rhs);
      |                                                   ^~~~~~~~
/gpfs/work5/0/prjs2109/dataset/repos/pomaidb/src/ai/tensor_core/absl/numeric/int128_have_intrinsic.inc: In function ‘constexpr bool absl::lts_20240116::operator<=(int128, int128)’:
/gpfs/work5/0/prjs2109/dataset/repos/pomaidb/src/ai/tensor_core/absl/numeric/int128_have_intrinsic.inc:216:22: warning: ISO C++ does not support ‘__int128’ for ‘type name’ [-Wpedantic]
  216 |   return static_cast<__int128>(lhs) <= static_cast<__int128>(rhs);
      |                      ^~~~~~~~
/gpfs/work5/0/prjs2109/dataset/repos/pomaidb/src/ai/tensor_core/absl/numeric/int128_have_intrinsic.inc:216:52: warning: ISO C++ does not support ‘__int128’ for ‘type name’ [-Wpedantic]
  216 |   return static_cast<__int128>(lhs) <= static_cast<__int128>(rhs);
      |                                                    ^~~~~~~~
/gpfs/work5/0/prjs2109/dataset/repos/pomaidb/src/ai/tensor_core/absl/numeric/int128_have_intrinsic.inc: In function ‘constexpr bool absl::lts_20240116::operator>=(int128, int128)’:
/gpfs/work5/0/prjs2109/dataset/repos/pomaidb/src/ai/tensor_core/absl/numeric/int128_have_intrinsic.inc:220:22: warning: ISO C++ does not support ‘__int128’ for ‘type name’ [-Wpedantic]
  220 |   return static_cast<__int128>(lhs) >= static_cast<__int128>(rhs);
      |                      ^~~~~~~~
/gpfs/work5/0/prjs2109/dataset/repos/pomaidb/src/ai/tensor_core/absl/numeric/int128_have_intrinsic.inc:220:52: warning: ISO C++ does not support ‘__int128’ for ‘type name’ [-Wpedantic]
  220 |   return static_cast<__int128>(lhs) >= static_cast<__int128>(rhs);
      |                                                    ^~~~~~~~
/gpfs/work5/0/prjs2109/dataset/repos/pomaidb/src/ai/tensor_core/absl/numeric/int128_have_intrinsic.inc: In function ‘constexpr absl::lts_20240116::int128 absl::lts_20240116::operator-(int128)’:
/gpfs/work5/0/prjs2109/dataset/repos/pomaidb/src/ai/tensor_core/absl/numeric/int128_have_intrinsic.inc:225:60: warning: ISO C++ does not support ‘__int128’ for ‘type name’ [-Wpedantic]
  225 | constexpr int128 operator-(int128 v) { return -static_cast<__int128>(v); }
      |                                                            ^~~~~~~~
/gpfs/work5/0/prjs2109/dataset/repos/pomaidb/src/ai/tensor_core/absl/numeric/int128_have_intrinsic.inc: In function ‘constexpr bool absl::lts_20240116::operator!(int128)’:
/gpfs/work5/0/prjs2109/dataset/repos/pomaidb/src/ai/tensor_core/absl/numeric/int128_have_intrinsic.inc:227:58: warning: ISO C++ does not support ‘__int128’ for ‘type name’ [-Wpedantic]
  227 | constexpr bool operator!(int128 v) { return !static_cast<__int128>(v); }
      |                                                          ^~~~~~~~
/gpfs/work5/0/prjs2109/dataset/repos/pomaidb/src/ai/tensor_core/absl/numeric/int128_have_intrinsic.inc: In function ‘constexpr absl::lts_20240116::int128 absl::lts_20240116::operator~(int128)’:
/gpfs/work5/0/prjs2109/dataset/repos/pomaidb/src/ai/tensor_core/absl/numeric/int128_have_intrinsic.inc:229:62: warning: ISO C++ does not support ‘__int128’ for ‘type name’ [-Wpedantic]
  229 | constexpr int128 operator~(int128 val) { return ~static_cast<__int128>(val); }
      |                                                              ^~~~~~~~
/gpfs/work5/0/prjs2109/dataset/repos/pomaidb/src/ai/tensor_core/absl/numeric/int128_have_intrinsic.inc: In function ‘constexpr absl::lts_20240116::int128 absl::lts_20240116::operator+(int128, int128)’:
/gpfs/work5/0/prjs2109/dataset/repos/pomaidb/src/ai/tensor_core/absl/numeric/int128_have_intrinsic.inc:234:22: warning: ISO C++ does not support ‘__int128’ for ‘type name’ [-Wpedantic]
  234 |   return static_cast<__int128>(lhs) + static_cast<__int128>(rhs);
      |                      ^~~~~~~~
/gpfs/work5/0/prjs2109/dataset/repos/pomaidb/src/ai/tensor_core/absl/numeric/int128_have_intrinsic.inc:234:51: warning: ISO C++ does not support ‘__int128’ for ‘type name’ [-Wpedantic]
  234 |   return static_cast<__int128>(lhs) + static_cast<__int128>(rhs);
      |                                                   ^~~~~~~~
/gpfs/work5/0/prjs2109/dataset/repos/pomaidb/src/ai/tensor_core/absl/numeric/int128_have_intrinsic.inc: In function ‘constexpr absl::lts_20240116::int128 absl::lts_20240116::operator-(int128, int128)’:
/gpfs/work5/0/prjs2109/dataset/repos/pomaidb/src/ai/tensor_core/absl/numeric/int128_have_intrinsic.inc:238:22: warning: ISO C++ does not support ‘__int128’ for ‘type name’ [-Wpedantic]
  238 |   return static_cast<__int128>(lhs) - static_cast<__int128>(rhs);
      |                      ^~~~~~~~
/gpfs/work5/0/prjs2109/dataset/repos/pomaidb/src/ai/tensor_core/absl/numeric/int128_have_intrinsic.inc:238:51: warning: ISO C++ does not support ‘__int128’ for ‘type name’ [-Wpedantic]
  238 |   return static_cast<__int128>(lhs) - static_cast<__int128>(rhs);
      |                                                   ^~~~~~~~
/gpfs/work5/0/prjs2109/dataset/repos/pomaidb/src/ai/tensor_core/absl/numeric/int128_have_intrinsic.inc: In function ‘absl::lts_20240116::int128 absl::lts_20240116::operator*(int128, int128)’:
/gpfs/work5/0/prjs2109/dataset/repos/pomaidb/src/ai/tensor_core/absl/numeric/int128_have_intrinsic.inc:242:22: warning: ISO C++ does not support ‘__int128’ for ‘type name’ [-Wpedantic]
  242 |   return static_cast<__int128>(lhs) * static_cast<__int128>(rhs);
      |                      ^~~~~~~~
/gpfs/work5/0/prjs2109/dataset/repos/pomaidb/src/ai/tensor_core/absl/numeric/int128_have_intrinsic.inc:242:51: warning: ISO C++ does not support ‘__int128’ for ‘type name’ [-Wpedantic]
  242 |   return static_cast<__int128>(lhs) * static_cast<__int128>(rhs);
      |                                                   ^~~~~~~~
/gpfs/work5/0/prjs2109/dataset/repos/pomaidb/src/ai/tensor_core/absl/numeric/int128_have_intrinsic.inc: In function ‘absl::lts_20240116::int128 absl::lts_20240116::operator/(int128, int128)’:
/gpfs/work5/0/prjs2109/dataset/repos/pomaidb/src/ai/tensor_core/absl/numeric/int128_have_intrinsic.inc:246:22: warning: ISO C++ does not support ‘__int128’ for ‘type name’ [-Wpedantic]
  246 |   return static_cast<__int128>(lhs) / static_cast<__int128>(rhs);
      |                      ^~~~~~~~
/gpfs/work5/0/prjs2109/dataset/repos/pomaidb/src/ai/tensor_core/absl/numeric/int128_have_intrinsic.inc:246:51: warning: ISO C++ does not support ‘__int128’ for ‘type name’ [-Wpedantic]
  246 |   return static_cast<__int128>(lhs) / static_cast<__int128>(rhs);
      |                                                   ^~~~~~~~
/gpfs/work5/0/prjs2109/dataset/repos/pomaidb/src/ai/tensor_core/absl/numeric/int128_have_intrinsic.inc: In function ‘absl::lts_20240116::int128 absl::lts_20240116::operator%(int128, int128)’:
/gpfs/work5/0/prjs2109/dataset/repos/pomaidb/src/ai/tensor_core/absl/numeric/int128_have_intrinsic.inc:250:22: warning: ISO C++ does not support ‘__int128’ for ‘type name’ [-Wpedantic]
  250 |   return static_cast<__int128>(lhs) % static_cast<__int128>(rhs);
      |                      ^~~~~~~~
/gpfs/work5/0/prjs2109/dataset/repos/pomaidb/src/ai/tensor_core/absl/numeric/int128_have_intrinsic.inc:250:51: warning: ISO C++ does not support ‘__int128’ for ‘type name’ [-Wpedantic]
  250 |   return static_cast<__int128>(lhs) % static_cast<__int128>(rhs);
      |                                                   ^~~~~~~~
/gpfs/work5/0/prjs2109/dataset/repos/pomaidb/src/ai/tensor_core/absl/numeric/int128_have_intrinsic.inc: In function ‘constexpr absl::lts_20240116::int128 absl::lts_20240116::operator|(int128, int128)’:
/gpfs/work5/0/prjs2109/dataset/repos/pomaidb/src/ai/tensor_core/absl/numeric/int128_have_intrinsic.inc:276:22: warning: ISO C++ does not support ‘__int128’ for ‘type name’ [-Wpedantic]
  276 |   return static_cast<__int128>(lhs) | static_cast<__int128>(rhs);
      |                      ^~~~~~~~
/gpfs/work5/0/prjs2109/dataset/repos/pomaidb/src/ai/tensor_core/absl/numeric/int128_have_intrinsic.inc:276:51: warning: ISO C++ does not support ‘__int128’ for ‘type name’ [-Wpedantic]
  276 |   return static_cast<__int128>(lhs) | static_cast<__int128>(rhs);
      |                                                   ^~~~~~~~
/gpfs/work5/0/prjs2109/dataset/repos/pomaidb/src/ai/tensor_core/absl/numeric/int128_have_intrinsic.inc: In function ‘constexpr absl::lts_20240116::int128 absl::lts_20240116::operator&(int128, int128)’:
/gpfs/work5/0/prjs2109/dataset/repos/pomaidb/src/ai/tensor_core/absl/numeric/int128_have_intrinsic.inc:280:22: warning: ISO C++ does not support ‘__int128’ for ‘type name’ [-Wpedantic]
  280 |   return static_cast<__int128>(lhs) & static_cast<__int128>(rhs);
      |                      ^~~~~~~~
/gpfs/work5/0/prjs2109/dataset/repos/pomaidb/src/ai/tensor_core/absl/numeric/int128_have_intrinsic.inc:280:51: warning: ISO C++ does not support ‘__int128’ for ‘type name’ [-Wpedantic]
  280 |   return static_cast<__int128>(lhs) & static_cast<__int128>(rhs);
      |                                                   ^~~~~~~~
/gpfs/work5/0/prjs2109/dataset/repos/pomaidb/src/ai/tensor_core/absl/numeric/int128_have_intrinsic.inc: In function ‘constexpr absl::lts_20240116::int128 absl::lts_20240116::operator^(int128, int128)’:
/gpfs/work5/0/prjs2109/dataset/repos/pomaidb/src/ai/tensor_core/absl/numeric/int128_have_intrinsic.inc:284:22: warning: ISO C++ does not support ‘__int128’ for ‘type name’ [-Wpedantic]
  284 |   return static_cast<__int128>(lhs) ^ static_cast<__int128>(rhs);
      |                      ^~~~~~~~
/gpfs/work5/0/prjs2109/dataset/repos/pomaidb/src/ai/tensor_core/absl/numeric/int128_have_intrinsic.inc:284:51: warning: ISO C++ does not support ‘__int128’ for ‘type name’ [-Wpedantic]
  284 |   return static_cast<__int128>(lhs) ^ static_cast<__int128>(rhs);
      |                                                   ^~~~~~~~
/gpfs/work5/0/prjs2109/dataset/repos/pomaidb/src/ai/tensor_core/absl/numeric/int128_have_intrinsic.inc: In function ‘constexpr absl::lts_20240116::int128 absl::lts_20240116::operator<<(int128, int)’:
/gpfs/work5/0/prjs2109/dataset/repos/pomaidb/src/ai/tensor_core/absl/numeric/int128_have_intrinsic.inc:288:22: warning: ISO C++ does not support ‘__int128’ for ‘type name’ [-Wpedantic]
  288 |   return static_cast<__int128>(lhs) << amount;
      |                      ^~~~~~~~
/gpfs/work5/0/prjs2109/dataset/repos/pomaidb/src/ai/tensor_core/absl/numeric/int128_have_intrinsic.inc: In function ‘constexpr absl::lts_20240116::int128 absl::lts_20240116::operator>>(int128, int)’:
/gpfs/work5/0/prjs2109/dataset/repos/pomaidb/src/ai/tensor_core/absl/numeric/int128_have_intrinsic.inc:292:22: warning: ISO C++ does not support ‘__int128’ for ‘type name’ [-Wpedantic]
  292 |   return static_cast<__int128>(lhs) >> amount;
      |                      ^~~~~~~~
In file included from /gpfs/work5/0/prjs2109/dataset/repos/pomaidb/src/ai/tensor_core/absl/hash/internal/hash.h:58,
                 from /gpfs/work5/0/prjs2109/dataset/repos/pomaidb/src/ai/tensor_core/absl/hash/hash.h:85,
                 from /gpfs/work5/0/prjs2109/dataset/repos/pomaidb/src/ai/tensor_core/absl/container/internal/hash_function_defaults.h:55,
                 from /gpfs/work5/0/prjs2109/dataset/repos/pomaidb/src/ai/tensor_core/absl/container/flat_hash_map.h:41,
                 from /gpfs/work5/0/prjs2109/dataset/repos/pomaidb/src/ai/tensor_core/tensorflow/lite/core/model_building.cc:30:
/gpfs/work5/0/prjs2109/dataset/repos/pomaidb/src/ai/tensor_core/absl/numeric/int128.h: At global scope:
/gpfs/work5/0/prjs2109/dataset/repos/pomaidb/src/ai/tensor_core/absl/numeric/int128.h:107:22: warning: ISO C++ does not support ‘__int128’ for ‘type name’ [-Wpedantic]
  107 |     alignas(unsigned __int128)
      |                      ^~~~~~~~
/gpfs/work5/0/prjs2109/dataset/repos/pomaidb/src/ai/tensor_core/absl/numeric/int128.h:121:21: warning: ISO C++ does not support ‘__int128’ for ‘v’ [-Wpedantic]
  121 |   constexpr uint128(__int128 v);           // NOLINT(runtime/explicit)
      |                     ^~~~~~~~
/gpfs/work5/0/prjs2109/dataset/repos/pomaidb/src/ai/tensor_core/absl/numeric/int128.h:122:30: warning: ISO C++ does not support ‘__int128’ for ‘v’ [-Wpedantic]
  122 |   constexpr uint128(unsigned __int128 v);  // NOLINT(runtime/explicit)
      |                              ^~~~~~~~
/gpfs/work5/0/prjs2109/dataset/repos/pomaidb/src/ai/tensor_core/absl/numeric/int128.h:137:22: warning: ISO C++ does not support ‘__int128’ for ‘v’ [-Wpedantic]
  137 |   uint128& operator=(__int128 v);
      |                      ^~~~~~~~
/gpfs/work5/0/prjs2109/dataset/repos/pomaidb/src/ai/tensor_core/absl/numeric/int128.h:138:31: warning: ISO C++ does not support ‘__int128’ for ‘v’ [-Wpedantic]
  138 |   uint128& operator=(unsigned __int128 v);
      |                               ^~~~~~~~
/gpfs/work5/0/prjs2109/dataset/repos/pomaidb/src/ai/tensor_core/absl/numeric/int128.h:163:31: warning: ISO C++ does not support ‘__int128’ for ‘type name’ [-Wpedantic]
  163 |   constexpr explicit operator __int128() const;
      |                               ^~~~~~~~
/gpfs/work5/0/prjs2109/dataset/repos/pomaidb/src/ai/tensor_core/absl/numeric/int128.h:163:31: warning: ISO C++ does not support ‘__int128’ for ‘type name’ [-Wpedantic]
/gpfs/work5/0/prjs2109/dataset/repos/pomaidb/src/ai/tensor_core/absl/numeric/int128.h:164:40: warning: ISO C++ does not support ‘__int128’ for ‘type name’ [-Wpedantic]
  164 |   constexpr explicit operator unsigned __int128() const;
      |                                        ^~~~~~~~
/gpfs/work5/0/prjs2109/dataset/repos/pomaidb/src/ai/tensor_core/absl/numeric/int128.h:164:40: warning: ISO C++ does not support ‘__int128’ for ‘type name’ [-Wpedantic]
/gpfs/work5/0/prjs2109/dataset/repos/pomaidb/src/ai/tensor_core/absl/numeric/int128.h:292:57: warning: ISO C++ does not support ‘__int128’ for ‘type name’ [-Wpedantic]
  292 |   static constexpr bool traps = numeric_limits<unsigned __int128>::traps;
      |                                                         ^~~~~~~~
/gpfs/work5/0/prjs2109/dataset/repos/pomaidb/src/ai/tensor_core/absl/numeric/int128.h:359:20: warning: ISO C++ does not support ‘__int128’ for ‘v’ [-Wpedantic]
  359 |   constexpr int128(__int128 v);  // NOLINT(runtime/explicit)
      |                    ^~~~~~~~
/gpfs/work5/0/prjs2109/dataset/repos/pomaidb/src/ai/tensor_core/absl/numeric/int128.h:360:38: warning: ISO C++ does not support ‘__int128’ for ‘v’ [-Wpedantic]
  360 |   constexpr explicit int128(unsigned __int128 v);
      |                                      ^~~~~~~~
/gpfs/work5/0/prjs2109/dataset/repos/pomaidb/src/ai/tensor_core/absl/numeric/int128.h:375:21: warning: ISO C++ does not support ‘__int128’ for ‘v’ [-Wpedantic]
  375 |   int128& operator=(__int128 v);
      |                     ^~~~~~~~
/gpfs/work5/0/prjs2109/dataset/repos/pomaidb/src/ai/tensor_core/absl/numeric/int128.h:399:31: warning: ISO C++ does not support ‘__int128’ for ‘type name’ [-Wpedantic]
  399 |   constexpr explicit operator __int128() const;
      |                               ^~~~~~~~
/gpfs/work5/0/prjs2109/dataset/repos/pomaidb/src/ai/tensor_core/absl/numeric/int128.h:399:31: warning: ISO C++ does not support ‘__int128’ for ‘type name’ [-Wpedantic]
/gpfs/work5/0/prjs2109/dataset/repos/pomaidb/src/ai/tensor_core/absl/numeric/int128.h:400:40: warning: ISO C++ does not support ‘__int128’ for ‘type name’ [-Wpedantic]
  400 |   constexpr explicit operator unsigned __int128() const;
      |                                        ^~~~~~~~
/gpfs/work5/0/prjs2109/dataset/repos/pomaidb/src/ai/tensor_core/absl/numeric/int128.h:400:40: warning: ISO C++ does not support ‘__int128’ for ‘type name’ [-Wpedantic]
/gpfs/work5/0/prjs2109/dataset/repos/pomaidb/src/ai/tensor_core/absl/numeric/int128.h:478:3: warning: ISO C++ does not support ‘__int128’ for ‘v_’ [-Wpedantic]
  478 |   __int128 v_;
      |   ^~~~~~~~
/gpfs/work5/0/prjs2109/dataset/repos/pomaidb/src/ai/tensor_core/absl/numeric/int128.h:535:48: warning: ISO C++ does not support ‘__int128’ for ‘type name’ [-Wpedantic]
  535 |   static constexpr bool traps = numeric_limits<__int128>::traps;
      |                                                ^~~~~~~~
/gpfs/work5/0/prjs2109/dataset/repos/pomaidb/src/ai/tensor_core/absl/numeric/int128.h:589:36: warning: ISO C++ does not support ‘__int128’ for ‘v’ [-Wpedantic]
  589 | inline uint128& uint128::operator=(__int128 v) { return *this = uint128(v); }
      |                                    ^~~~~~~~
/gpfs/work5/0/prjs2109/dataset/repos/pomaidb/src/ai/tensor_core/absl/numeric/int128.h:591:45: warning: ISO C++ does not support ‘__int128’ for ‘v’ [-Wpedantic]
  591 | inline uint128& uint128::operator=(unsigned __int128 v) {
      |                                             ^~~~~~~~
/gpfs/work5/0/prjs2109/dataset/repos/pomaidb/src/ai/tensor_core/absl/numeric/int128.h:670:28: warning: ISO C++ does not support ‘__int128’ for ‘v’ [-Wpedantic]
  670 | constexpr uint128::uint128(__int128 v)
      |                            ^~~~~~~~
/gpfs/work5/0/prjs2109/dataset/repos/pomaidb/src/ai/tensor_core/absl/numeric/int128.h: In constructor ‘constexpr absl::lts_20240116::uint128::uint128(__int128)’:
/gpfs/work5/0/prjs2109/dataset/repos/pomaidb/src/ai/tensor_core/absl/numeric/int128.h:672:54: warning: ISO C++ does not support ‘__int128’ for ‘type name’ [-Wpedantic]
  672 |       hi_{static_cast<uint64_t>(static_cast<unsigned __int128>(v) >> 64)} {}
      |                                                      ^~~~~~~~
/gpfs/work5/0/prjs2109/dataset/repos/pomaidb/src/ai/tensor_core/absl/numeric/int128.h: At global scope:
/gpfs/work5/0/prjs2109/dataset/repos/pomaidb/src/ai/tensor_core/absl/numeric/int128.h:673:37: warning: ISO C++ does not support ‘__int128’ for ‘v’ [-Wpedantic]
  673 | constexpr uint128::uint128(unsigned __int128 v)
      |                                     ^~~~~~~~
/gpfs/work5/0/prjs2109/dataset/repos/pomaidb/src/ai/tensor_core/absl/numeric/int128.h:772:29: warning: ISO C++ does not support ‘__int128’ for ‘type name’ [-Wpedantic]
  772 | constexpr uint128::operator __int128() const {
      |                             ^~~~~~~~
/gpfs/work5/0/prjs2109/dataset/repos/pomaidb/src/ai/tensor_core/absl/numeric/int128.h:772:29: warning: ISO C++ does not support ‘__int128’ for ‘type name’ [-Wpedantic]
/gpfs/work5/0/prjs2109/dataset/repos/pomaidb/src/ai/tensor_core/absl/numeric/int128.h:772:29: warning: ISO C++ does not support ‘__int128’ for ‘type name’ [-Wpedantic]
/gpfs/work5/0/prjs2109/dataset/repos/pomaidb/src/ai/tensor_core/absl/numeric/int128.h: In member function ‘constexpr absl::lts_20240116::uint128::operator __int128() const’:
/gpfs/work5/0/prjs2109/dataset/repos/pomaidb/src/ai/tensor_core/absl/numeric/int128.h:773:23: warning: ISO C++ does not support ‘__int128’ for ‘type name’ [-Wpedantic]
  773 |   return (static_cast<__int128>(hi_) << 64) + lo_;
      |                       ^~~~~~~~
/gpfs/work5/0/prjs2109/dataset/repos/pomaidb/src/ai/tensor_core/absl/numeric/int128.h: At global scope:
/gpfs/work5/0/prjs2109/dataset/repos/pomaidb/src/ai/tensor_core/absl/numeric/int128.h:776:38: warning: ISO C++ does not support ‘__int128’ for ‘type name’ [-Wpedantic]
  776 | constexpr uint128::operator unsigned __int128() const {
      |                                      ^~~~~~~~
/gpfs/work5/0/prjs2109/dataset/repos/pomaidb/src/ai/tensor_core/absl/numeric/int128.h:776:38: warning: ISO C++ does not support ‘__int128’ for ‘type name’ [-Wpedantic]
/gpfs/work5/0/prjs2109/dataset/repos/pomaidb/src/ai/tensor_core/absl/numeric/int128.h:776:38: warning: ISO C++ does not support ‘__int128’ for ‘type name’ [-Wpedantic]
/gpfs/work5/0/prjs2109/dataset/repos/pomaidb/src/ai/tensor_core/absl/numeric/int128.h: In member function ‘constexpr absl::lts_20240116::uint128::operator __int128 unsigned() const’:
/gpfs/work5/0/prjs2109/dataset/repos/pomaidb/src/ai/tensor_core/absl/numeric/int128.h:777:32: warning: ISO C++ does not support ‘__int128’ for ‘type name’ [-Wpedantic]
  777 |   return (static_cast<unsigned __int128>(hi_) << 64) + lo_;
      |                                ^~~~~~~~
/gpfs/work5/0/prjs2109/dataset/repos/pomaidb/src/ai/tensor_core/absl/numeric/int128.h: In function ‘constexpr bool absl::lts_20240116::operator==(uint128, uint128)’:
/gpfs/work5/0/prjs2109/dataset/repos/pomaidb/src/ai/tensor_core/absl/numeric/int128.h:800:31: warning: ISO C++ does not support ‘__int128’ for ‘type name’ [-Wpedantic]
  800 |   return static_cast<unsigned __int128>(lhs) ==
      |                               ^~~~~~~~
/gpfs/work5/0/prjs2109/dataset/repos/pomaidb/src/ai/tensor_core/absl/numeric/int128.h:801:31: warning: ISO C++ does not support ‘__int128’ for ‘type name’ [-Wpedantic]
  801 |          static_cast<unsigned __int128>(rhs);
      |                               ^~~~~~~~
/gpfs/work5/0/prjs2109/dataset/repos/pomaidb/src/ai/tensor_core/absl/numeric/int128.h: In function ‘constexpr bool absl::lts_20240116::operator<(uint128, uint128)’:
/gpfs/work5/0/prjs2109/dataset/repos/pomaidb/src/ai/tensor_core/absl/numeric/int128.h:812:31: warning: ISO C++ does not support ‘__int128’ for ‘type name’ [-Wpedantic]
  812 |   return static_cast<unsigned __int128>(lhs) <
      |                               ^~~~~~~~
/gpfs/work5/0/prjs2109/dataset/repos/pomaidb/src/ai/tensor_core/absl/numeric/int128.h:813:31: warning: ISO C++ does not support ‘__int128’ for ‘type name’ [-Wpedantic]
  813 |          static_cast<unsigned __int128>(rhs);
      |                               ^~~~~~~~
/gpfs/work5/0/prjs2109/dataset/repos/pomaidb/src/ai/tensor_core/absl/numeric/int128.h: In function ‘constexpr absl::lts_20240116::uint128 absl::lts_20240116::operator-(uint128)’:
/gpfs/work5/0/prjs2109/dataset/repos/pomaidb/src/ai/tensor_core/absl/numeric/int128.h:835:32: warning: ISO C++ does not support ‘__int128’ for ‘type name’ [-Wpedantic]
  835 |   return -static_cast<unsigned __int128>(val);
      |                                ^~~~~~~~
/gpfs/work5/0/prjs2109/dataset/repos/pomaidb/src/ai/tensor_core/absl/numeric/int128.h: In function ‘constexpr bool absl::lts_20240116::operator!(uint128)’:
/gpfs/work5/0/prjs2109/dataset/repos/pomaidb/src/ai/tensor_core/absl/numeric/int128.h:845:32: warning: ISO C++ does not support ‘__int128’ for ‘type name’ [-Wpedantic]
  845 |   return !static_cast<unsigned __int128>(val);
      |                                ^~~~~~~~
/gpfs/work5/0/prjs2109/dataset/repos/pomaidb/src/ai/tensor_core/absl/numeric/int128.h: In function ‘constexpr absl::lts_20240116::uint128 absl::lts_20240116::operator~(uint128)’:
/gpfs/work5/0/prjs2109/dataset/repos/pomaidb/src/ai/tensor_core/absl/numeric/int128.h:855:32: warning: ISO C++ does not support ‘__int128’ for ‘type name’ [-Wpedantic]
  855 |   return ~static_cast<unsigned __int128>(val);
      |                                ^~~~~~~~
/gpfs/work5/0/prjs2109/dataset/repos/pomaidb/src/ai/tensor_core/absl/numeric/int128.h: In function ‘constexpr absl::lts_20240116::uint128 absl::lts_20240116::operator|(uint128, uint128)’:
/gpfs/work5/0/prjs2109/dataset/repos/pomaidb/src/ai/tensor_core/absl/numeric/int128.h:863:31: warning: ISO C++ does not support ‘__int128’ for ‘type name’ [-Wpedantic]
  863 |   return static_cast<unsigned __int128>(lhs) |
      |                               ^~~~~~~~
/gpfs/work5/0/prjs2109/dataset/repos/pomaidb/src/ai/tensor_core/absl/numeric/int128.h:864:31: warning: ISO C++ does not support ‘__int128’ for ‘type name’ [-Wpedantic]
  864 |          static_cast<unsigned __int128>(rhs);
      |                               ^~~~~~~~
/gpfs/work5/0/prjs2109/dataset/repos/pomaidb/src/ai/tensor_core/absl/numeric/int128.h: In function ‘constexpr absl::lts_20240116::uint128 absl::lts_20240116::operator&(uint128, uint128)’:
/gpfs/work5/0/prjs2109/dataset/repos/pomaidb/src/ai/tensor_core/absl/numeric/int128.h:873:31: warning: ISO C++ does not support ‘__int128’ for ‘type name’ [-Wpedantic]
  873 |   return static_cast<unsigned __int128>(lhs) &
      |                               ^~~~~~~~
/gpfs/work5/0/prjs2109/dataset/repos/pomaidb/src/ai/tensor_core/absl/numeric/int128.h:874:31: warning: ISO C++ does not support ‘__int128’ for ‘type name’ [-Wpedantic]
  874 |          static_cast<unsigned __int128>(rhs);
      |                               ^~~~~~~~
/gpfs/work5/0/prjs2109/dataset/repos/pomaidb/src/ai/tensor_core/absl/numeric/int128.h: In function ‘constexpr absl::lts_20240116::uint128 absl::lts_20240116::operator^(uint128, uint128)’:
/gpfs/work5/0/prjs2109/dataset/repos/pomaidb/src/ai/tensor_core/absl/numeric/int128.h:883:31: warning: ISO C++ does not support ‘__int128’ for ‘type name’ [-Wpedantic]
  883 |   return static_cast<unsigned __int128>(lhs) ^
      |                               ^~~~~~~~
/gpfs/work5/0/prjs2109/dataset/repos/pomaidb/src/ai/tensor_core/absl/numeric/int128.h:884:31: warning: ISO C++ does not support ‘__int128’ for ‘type name’ [-Wpedantic]
  884 |          static_cast<unsigned __int128>(rhs);
      |                               ^~~~~~~~
/gpfs/work5/0/prjs2109/dataset/repos/pomaidb/src/ai/tensor_core/absl/numeric/int128.h: In function ‘constexpr absl::lts_20240116::uint128 absl::lts_20240116::operator<<(uint128, int)’:
/gpfs/work5/0/prjs2109/dataset/repos/pomaidb/src/ai/tensor_core/absl/numeric/int128.h:910:31: warning: ISO C++ does not support ‘__int128’ for ‘type name’ [-Wpedantic]
  910 |   return static_cast<unsigned __int128>(lhs) << amount;
      |                               ^~~~~~~~
/gpfs/work5/0/prjs2109/dataset/repos/pomaidb/src/ai/tensor_core/absl/numeric/int128.h: In function ‘constexpr absl::lts_20240116::uint128 absl::lts_20240116::operator>>(uint128, int)’:
/gpfs/work5/0/prjs2109/dataset/repos/pomaidb/src/ai/tensor_core/absl/numeric/int128.h:924:31: warning: ISO C++ does not support ‘__int128’ for ‘type name’ [-Wpedantic]
  924 |   return static_cast<unsigned __int128>(lhs) >> amount;
      |                               ^~~~~~~~
/gpfs/work5/0/prjs2109/dataset/repos/pomaidb/src/ai/tensor_core/absl/numeric/int128.h: In function ‘constexpr absl::lts_20240116::uint128 absl::lts_20240116::operator+(uint128, uint128)’:
/gpfs/work5/0/prjs2109/dataset/repos/pomaidb/src/ai/tensor_core/absl/numeric/int128.h:949:31: warning: ISO C++ does not support ‘__int128’ for ‘type name’ [-Wpedantic]
  949 |   return static_cast<unsigned __int128>(lhs) +
      |                               ^~~~~~~~
/gpfs/work5/0/prjs2109/dataset/repos/pomaidb/src/ai/tensor_core/absl/numeric/int128.h:950:31: warning: ISO C++ does not support ‘__int128’ for ‘type name’ [-Wpedantic]
  950 |          static_cast<unsigned __int128>(rhs);
      |                               ^~~~~~~~
/gpfs/work5/0/prjs2109/dataset/repos/pomaidb/src/ai/tensor_core/absl/numeric/int128.h: In function ‘constexpr absl::lts_20240116::uint128 absl::lts_20240116::operator-(uint128, uint128)’:
/gpfs/work5/0/prjs2109/dataset/repos/pomaidb/src/ai/tensor_core/absl/numeric/int128.h:972:31: warning: ISO C++ does not support ‘__int128’ for ‘type name’ [-Wpedantic]
  972 |   return static_cast<unsigned __int128>(lhs) -
      |                               ^~~~~~~~
/gpfs/work5/0/prjs2109/dataset/repos/pomaidb/src/ai/tensor_core/absl/numeric/int128.h:973:31: warning: ISO C++ does not support ‘__int128’ for ‘type name’ [-Wpedantic]
  973 |          static_cast<unsigned __int128>(rhs);
      |                               ^~~~~~~~
/gpfs/work5/0/prjs2109/dataset/repos/pomaidb/src/ai/tensor_core/absl/numeric/int128.h: In function ‘absl::lts_20240116::uint128 absl::lts_20240116::operator*(uint128, uint128)’:
/gpfs/work5/0/prjs2109/dataset/repos/pomaidb/src/ai/tensor_core/absl/numeric/int128.h:986:31: warning: ISO C++ does not support ‘__int128’ for ‘type name’ [-Wpedantic]
  986 |   return static_cast<unsigned __int128>(lhs) *
      |                               ^~~~~~~~
/gpfs/work5/0/prjs2109/dataset/repos/pomaidb/src/ai/tensor_core/absl/numeric/int128.h:987:31: warning: ISO C++ does not support ‘__int128’ for ‘type name’ [-Wpedantic]
  987 |          static_cast<unsigned __int128>(rhs);
      |                               ^~~~~~~~
/gpfs/work5/0/prjs2109/dataset/repos/pomaidb/src/ai/tensor_core/absl/numeric/int128.h: In function ‘absl::lts_20240116::uint128 absl::lts_20240116::operator/(uint128, uint128)’:
/gpfs/work5/0/prjs2109/dataset/repos/pomaidb/src/ai/tensor_core/absl/numeric/int128.h:1011:31: warning: ISO C++ does not support ‘__int128’ for ‘type name’ [-Wpedantic]
 1011 |   return static_cast<unsigned __int128>(lhs) /
      |                               ^~~~~~~~
/gpfs/work5/0/prjs2109/dataset/repos/pomaidb/src/ai/tensor_core/absl/numeric/int128.h:1012:31: warning: ISO C++ does not support ‘__int128’ for ‘type name’ [-Wpedantic]
 1012 |          static_cast<unsigned __int128>(rhs);
      |                               ^~~~~~~~
/gpfs/work5/0/prjs2109/dataset/repos/pomaidb/src/ai/tensor_core/absl/numeric/int128.h: In function ‘absl::lts_20240116::uint128 absl::lts_20240116::operator%(uint128, uint128)’:
/gpfs/work5/0/prjs2109/dataset/repos/pomaidb/src/ai/tensor_core/absl/numeric/int128.h:1016:31: warning: ISO C++ does not support ‘__int128’ for ‘type name’ [-Wpedantic]
 1016 |   return static_cast<unsigned __int128>(lhs) %
      |                               ^~~~~~~~
/gpfs/work5/0/prjs2109/dataset/repos/pomaidb/src/ai/tensor_core/absl/numeric/int128.h:1017:31: warning: ISO C++ does not support ‘__int128’ for ‘type name’ [-Wpedantic]
 1017 |          static_cast<unsigned __int128>(rhs);
      |                               ^~~~~~~~
In file included from /gpfs/work5/0/prjs2109/dataset/repos/pomaidb/src/ai/tensor_core/absl/numeric/int128.h:1152:
/gpfs/work5/0/prjs2109/dataset/repos/pomaidb/src/ai/tensor_core/absl/numeric/int128_have_intrinsic.inc: At global scope:
/gpfs/work5/0/prjs2109/dataset/repos/pomaidb/src/ai/tensor_core/absl/numeric/int128_have_intrinsic.inc:24:45: warning: ISO C++ does not support ‘__int128’ for ‘v’ [-Wpedantic]
   24 | constexpr __int128 BitCastToSigned(unsigned __int128 v) {
      |                                             ^~~~~~~~
/gpfs/work5/0/prjs2109/dataset/repos/pomaidb/src/ai/tensor_core/absl/numeric/int128_have_intrinsic.inc:24:11: warning: ISO C++ does not support ‘__int128’ for ‘BitCastToSigned’ [-Wpedantic]
   24 | constexpr __int128 BitCastToSigned(unsigned __int128 v) {
      |           ^~~~~~~~
/gpfs/work5/0/prjs2109/dataset/repos/pomaidb/src/ai/tensor_core/absl/numeric/int128_have_intrinsic.inc: In function ‘constexpr __int128 absl::lts_20240116::int128_internal::BitCastToSigned(__int128 unsigned)’:
/gpfs/work5/0/prjs2109/dataset/repos/pomaidb/src/ai/tensor_core/absl/numeric/int128_have_intrinsic.inc:30:36: warning: ISO C++ does not support ‘__int128’ for ‘type name’ [-Wpedantic]
   30 |   return v & (static_cast<unsigned __int128>(1) << 127)
      |                                    ^~~~~~~~
/gpfs/work5/0/prjs2109/dataset/repos/pomaidb/src/ai/tensor_core/absl/numeric/int128_have_intrinsic.inc:31:29: warning: ISO C++ does not support ‘__int128’ for ‘type name’ [-Wpedantic]
   31 |              ? ~static_cast<__int128>(~v)
      |                             ^~~~~~~~
/gpfs/work5/0/prjs2109/dataset/repos/pomaidb/src/ai/tensor_core/absl/numeric/int128_have_intrinsic.inc:32:28: warning: ISO C++ does not support ‘__int128’ for ‘type name’ [-Wpedantic]
   32 |              : static_cast<__int128>(v);
      |                            ^~~~~~~~
/gpfs/work5/0/prjs2109/dataset/repos/pomaidb/src/ai/tensor_core/absl/numeric/int128_have_intrinsic.inc: At global scope:
/gpfs/work5/0/prjs2109/dataset/repos/pomaidb/src/ai/tensor_core/absl/numeric/int128_have_intrinsic.inc:37:34: warning: ISO C++ does not support ‘__int128’ for ‘v’ [-Wpedantic]
   37 | inline int128& int128::operator=(__int128 v) {
      |                                  ^~~~~~~~
/gpfs/work5/0/prjs2109/dataset/repos/pomaidb/src/ai/tensor_core/absl/numeric/int128_have_intrinsic.inc: In function ‘constexpr int64_t absl::lts_20240116::Int128High64(int128)’:
/gpfs/work5/0/prjs2109/dataset/repos/pomaidb/src/ai/tensor_core/absl/numeric/int128_have_intrinsic.inc:49:50: warning: ISO C++ does not support ‘__int128’ for ‘type name’ [-Wpedantic]
   49 |       static_cast<uint64_t>(static_cast<unsigned __int128>(v.v_) >> 64));
      |                                                  ^~~~~~~~
/gpfs/work5/0/prjs2109/dataset/repos/pomaidb/src/ai/tensor_core/absl/numeric/int128_have_intrinsic.inc: In constructor ‘constexpr absl::lts_20240116::int128::int128(int64_t, uint64_t)’:
/gpfs/work5/0/prjs2109/dataset/repos/pomaidb/src/ai/tensor_core/absl/numeric/int128_have_intrinsic.inc:54:64: warning: ISO C++ does not support ‘__int128’ for ‘type name’ [-Wpedantic]
   54 |     : v_(int128_internal::BitCastToSigned(static_cast<unsigned __int128>(high)
      |                                                                ^~~~~~~~
/gpfs/work5/0/prjs2109/dataset/repos/pomaidb/src/ai/tensor_core/absl/numeric/int128_have_intrinsic.inc: At global scope:
/gpfs/work5/0/prjs2109/dataset/repos/pomaidb/src/ai/tensor_core/absl/numeric/int128_have_intrinsic.inc:65:26: warning: ISO C++ does not support ‘__int128’ for ‘v’ [-Wpedantic]
   65 | constexpr int128::int128(__int128 v) : v_{v} {}
      |                          ^~~~~~~~
/gpfs/work5/0/prjs2109/dataset/repos/pomaidb/src/ai/tensor_core/absl/numeric/int128_have_intrinsic.inc:74:35: warning: ISO C++ does not support ‘__int128’ for ‘v’ [-Wpedantic]
   74 | constexpr int128::int128(unsigned __int128 v) : v_{static_cast<__int128>(v)} {}
      |                                   ^~~~~~~~
/gpfs/work5/0/prjs2109/dataset/repos/pomaidb/src/ai/tensor_core/absl/numeric/int128_have_intrinsic.inc: In constructor ‘constexpr absl::lts_20240116::int128::int128(__int128 unsigned)’:
/gpfs/work5/0/prjs2109/dataset/repos/pomaidb/src/ai/tensor_core/absl/numeric/int128_have_intrinsic.inc:74:64: warning: ISO C++ does not support ‘__int128’ for ‘type name’ [-Wpedantic]
   74 | constexpr int128::int128(unsigned __int128 v) : v_{static_cast<__int128>(v)} {}
      |                                                                ^~~~~~~~
/gpfs/work5/0/prjs2109/dataset/repos/pomaidb/src/ai/tensor_core/absl/numeric/int128_have_intrinsic.inc: In constructor ‘absl::lts_20240116::int128::int128(float)’:
/gpfs/work5/0/prjs2109/dataset/repos/pomaidb/src/ai/tensor_core/absl/numeric/int128_have_intrinsic.inc:77:20: warning: ISO C++ does not support ‘__int128’ for ‘type name’ [-Wpedantic]
   77 |   v_ = static_cast<__int128>(v);
      |                    ^~~~~~~~
/gpfs/work5/0/prjs2109/dataset/repos/pomaidb/src/ai/tensor_core/absl/numeric/int128_have_intrinsic.inc: In constructor ‘absl::lts_20240116::int128::int128(double)’:
/gpfs/work5/0/prjs2109/dataset/repos/pomaidb/src/ai/tensor_core/absl/numeric/int128_have_intrinsic.inc:81:20: warning: ISO C++ does not support ‘__int128’ for ‘type name’ [-Wpedantic]
   81 |   v_ = static_cast<__int128>(v);
      |                    ^~~~~~~~
/gpfs/work5/0/prjs2109/dataset/repos/pomaidb/src/ai/tensor_core/absl/numeric/int128_have_intrinsic.inc: In constructor ‘absl::lts_20240116::int128::int128(long double)’:
/gpfs/work5/0/prjs2109/dataset/repos/pomaidb/src/ai/tensor_core/absl/numeric/int128_have_intrinsic.inc:85:20: warning: ISO C++ does not support ‘__int128’ for ‘type name’ [-Wpedantic]
   85 |   v_ = static_cast<__int128>(v);
      |                    ^~~~~~~~
/gpfs/work5/0/prjs2109/dataset/repos/pomaidb/src/ai/tensor_core/absl/numeric/int128_have_intrinsic.inc: In constructor ‘constexpr absl::lts_20240116::int128::int128(absl::lts_20240116::uint128)’:
/gpfs/work5/0/prjs2109/dataset/repos/pomaidb/src/ai/tensor_core/absl/numeric/int128_have_intrinsic.inc:88:54: warning: ISO C++ does not support ‘__int128’ for ‘type name’ [-Wpedantic]
   88 | constexpr int128::int128(uint128 v) : v_{static_cast<__int128>(v)} {}
      |                                                      ^~~~~~~~
/gpfs/work5/0/prjs2109/dataset/repos/pomaidb/src/ai/tensor_core/absl/numeric/int128_have_intrinsic.inc: At global scope:
/gpfs/work5/0/prjs2109/dataset/repos/pomaidb/src/ai/tensor_core/absl/numeric/int128_have_intrinsic.inc:146:28: warning: ISO C++ does not support ‘__int128’ for ‘type name’ [-Wpedantic]
  146 | constexpr int128::operator __int128() const { return v_; }
      |                            ^~~~~~~~
/gpfs/work5/0/prjs2109/dataset/repos/pomaidb/src/ai/tensor_core/absl/numeric/int128_have_intrinsic.inc:146:28: warning: ISO C++ does not support ‘__int128’ for ‘type name’ [-Wpedantic]
/gpfs/work5/0/prjs2109/dataset/repos/pomaidb/src/ai/tensor_core/absl/numeric/int128_have_intrinsic.inc:146:28: warning: ISO C++ does not support ‘__int128’ for ‘type name’ [-Wpedantic]
/gpfs/work5/0/prjs2109/dataset/repos/pomaidb/src/ai/tensor_core/absl/numeric/int128_have_intrinsic.inc:148:37: warning: ISO C++ does not support ‘__int128’ for ‘type name’ [-Wpedantic]
  148 | constexpr int128::operator unsigned __int128() const {
      |                                     ^~~~~~~~
/gpfs/work5/0/prjs2109/dataset/repos/pomaidb/src/ai/tensor_core/absl/numeric/int128_have_intrinsic.inc:148:37: warning: ISO C++ does not support ‘__int128’ for ‘type name’ [-Wpedantic]
/gpfs/work5/0/prjs2109/dataset/repos/pomaidb/src/ai/tensor_core/absl/numeric/int128_have_intrinsic.inc:148:37: warning: ISO C++ does not support ‘__int128’ for ‘type name’ [-Wpedantic]
/gpfs/work5/0/prjs2109/dataset/repos/pomaidb/src/ai/tensor_core/absl/numeric/int128_have_intrinsic.inc: In member function ‘constexpr absl::lts_20240116::int128::operator __int128 unsigned() const’:
/gpfs/work5/0/prjs2109/dataset/repos/pomaidb/src/ai/tensor_core/absl/numeric/int128_have_intrinsic.inc:149:31: warning: ISO C++ does not support ‘__int128’ for ‘type name’ [-Wpedantic]
  149 |   return static_cast<unsigned __int128>(v_);
      |                               ^~~~~~~~
/gpfs/work5/0/prjs2109/dataset/repos/pomaidb/src/ai/tensor_core/absl/numeric/int128_have_intrinsic.inc: In function ‘constexpr bool absl::lts_20240116::operator==(int128, int128)’:
/gpfs/work5/0/prjs2109/dataset/repos/pomaidb/src/ai/tensor_core/absl/numeric/int128_have_intrinsic.inc:200:22: warning: ISO C++ does not support ‘__int128’ for ‘type name’ [-Wpedantic]
  200 |   return static_cast<__int128>(lhs) == static_cast<__int128>(rhs);
      |                      ^~~~~~~~
/gpfs/work5/0/prjs2109/dataset/repos/pomaidb/src/ai/tensor_core/absl/numeric/int128_have_intrinsic.inc:200:52: warning: ISO C++ does not support ‘__int128’ for ‘type name’ [-Wpedantic]
  200 |   return static_cast<__int128>(lhs) == static_cast<__int128>(rhs);
      |                                                    ^~~~~~~~
/gpfs/work5/0/prjs2109/dataset/repos/pomaidb/src/ai/tensor_core/absl/numeric/int128_have_intrinsic.inc: In function ‘constexpr bool absl::lts_20240116::operator!=(int128, int128)’:
/gpfs/work5/0/prjs2109/dataset/repos/pomaidb/src/ai/tensor_core/absl/numeric/int128_have_intrinsic.inc:204:22: warning: ISO C++ does not support ‘__int128’ for ‘type name’ [-Wpedantic]
  204 |   return static_cast<__int128>(lhs) != static_cast<__int128>(rhs);
      |                      ^~~~~~~~
/gpfs/work5/0/prjs2109/dataset/repos/pomaidb/src/ai/tensor_core/absl/numeric/int128_have_intrinsic.inc:204:52: warning: ISO C++ does not support ‘__int128’ for ‘type name’ [-Wpedantic]
  204 |   return static_cast<__int128>(lhs) != static_cast<__int128>(rhs);
      |                                                    ^~~~~~~~
/gpfs/work5/0/prjs2109/dataset/repos/pomaidb/src/ai/tensor_core/absl/numeric/int128_have_intrinsic.inc: In function ‘constexpr bool absl::lts_20240116::operator<(int128, int128)’:
/gpfs/work5/0/prjs2109/dataset/repos/pomaidb/src/ai/tensor_core/absl/numeric/int128_have_intrinsic.inc:208:22: warning: ISO C++ does not support ‘__int128’ for ‘type name’ [-Wpedantic]
  208 |   return static_cast<__int128>(lhs) < static_cast<__int128>(rhs);
      |                      ^~~~~~~~
/gpfs/work5/0/prjs2109/dataset/repos/pomaidb/src/ai/tensor_core/absl/numeric/int128_have_intrinsic.inc:208:51: warning: ISO C++ does not support ‘__int128’ for ‘type name’ [-Wpedantic]
  208 |   return static_cast<__int128>(lhs) < static_cast<__int128>(rhs);
      |                                                   ^~~~~~~~
/gpfs/work5/0/prjs2109/dataset/repos/pomaidb/src/ai/tensor_core/absl/numeric/int128_have_intrinsic.inc: In function ‘constexpr bool absl::lts_20240116::operator>(int128, int128)’:
/gpfs/work5/0/prjs2109/dataset/repos/pomaidb/src/ai/tensor_core/absl/numeric/int128_have_intrinsic.inc:212:22: warning: ISO C++ does not support ‘__int128’ for ‘type name’ [-Wpedantic]
  212 |   return static_cast<__int128>(lhs) > static_cast<__int128>(rhs);
      |                      ^~~~~~~~
/gpfs/work5/0/prjs2109/dataset/repos/pomaidb/src/ai/tensor_core/absl/numeric/int128_have_intrinsic.inc:212:51: warning: ISO C++ does not support ‘__int128’ for ‘type name’ [-Wpedantic]
  212 |   return static_cast<__int128>(lhs) > static_cast<__int128>(rhs);
      |                                                   ^~~~~~~~
/gpfs/work5/0/prjs2109/dataset/repos/pomaidb/src/ai/tensor_core/absl/numeric/int128_have_intrinsic.inc: In function ‘constexpr bool absl::lts_20240116::operator<=(int128, int128)’:
/gpfs/work5/0/prjs2109/dataset/repos/pomaidb/src/ai/tensor_core/absl/numeric/int128_have_intrinsic.inc:216:22: warning: ISO C++ does not support ‘__int128’ for ‘type name’ [-Wpedantic]
  216 |   return static_cast<__int128>(lhs) <= static_cast<__int128>(rhs);
      |                      ^~~~~~~~
/gpfs/work5/0/prjs2109/dataset/repos/pomaidb/src/ai/tensor_core/absl/numeric/int128_have_intrinsic.inc:216:52: warning: ISO C++ does not support ‘__int128’ for ‘type name’ [-Wpedantic]
  216 |   return static_cast<__int128>(lhs) <= static_cast<__int128>(rhs);
      |                                                    ^~~~~~~~
/gpfs/work5/0/prjs2109/dataset/repos/pomaidb/src/ai/tensor_core/absl/numeric/int128_have_intrinsic.inc: In function ‘constexpr bool absl::lts_20240116::operator>=(int128, int128)’:
/gpfs/work5/0/prjs2109/dataset/repos/pomaidb/src/ai/tensor_core/absl/numeric/int128_have_intrinsic.inc:220:22: warning: ISO C++ does not support ‘__int128’ for ‘type name’ [-Wpedantic]
  220 |   return static_cast<__int128>(lhs) >= static_cast<__int128>(rhs);
      |                      ^~~~~~~~
/gpfs/work5/0/prjs2109/dataset/repos/pomaidb/src/ai/tensor_core/absl/numeric/int128_have_intrinsic.inc:220:52: warning: ISO C++ does not support ‘__int128’ for ‘type name’ [-Wpedantic]
  220 |   return static_cast<__int128>(lhs) >= static_cast<__int128>(rhs);
      |                                                    ^~~~~~~~
/gpfs/work5/0/prjs2109/dataset/repos/pomaidb/src/ai/tensor_core/absl/numeric/int128_have_intrinsic.inc: In function ‘constexpr absl::lts_20240116::int128 absl::lts_20240116::operator-(int128)’:
/gpfs/work5/0/prjs2109/dataset/repos/pomaidb/src/ai/tensor_core/absl/numeric/int128_have_intrinsic.inc:225:60: warning: ISO C++ does not support ‘__int128’ for ‘type name’ [-Wpedantic]
  225 | constexpr int128 operator-(int128 v) { return -static_cast<__int128>(v); }
      |                                                            ^~~~~~~~
/gpfs/work5/0/prjs2109/dataset/repos/pomaidb/src/ai/tensor_core/absl/numeric/int128_have_intrinsic.inc: In function ‘constexpr bool absl::lts_20240116::operator!(int128)’:
/gpfs/work5/0/prjs2109/dataset/repos/pomaidb/src/ai/tensor_core/absl/numeric/int128_have_intrinsic.inc:227:58: warning: ISO C++ does not support ‘__int128’ for ‘type name’ [-Wpedantic]
  227 | constexpr bool operator!(int128 v) { return !static_cast<__int128>(v); }
      |                                                          ^~~~~~~~
/gpfs/work5/0/prjs2109/dataset/repos/pomaidb/src/ai/tensor_core/absl/numeric/int128_have_intrinsic.inc: In function ‘constexpr absl::lts_20240116::int128 absl::lts_20240116::operator~(int128)’:
/gpfs/work5/0/prjs2109/dataset/repos/pomaidb/src/ai/tensor_core/absl/numeric/int128_have_intrinsic.inc:229:62: warning: ISO C++ does not support ‘__int128’ for ‘type name’ [-Wpedantic]
  229 | constexpr int128 operator~(int128 val) { return ~static_cast<__int128>(val); }
      |                                                              ^~~~~~~~
/gpfs/work5/0/prjs2109/dataset/repos/pomaidb/src/ai/tensor_core/absl/numeric/int128_have_intrinsic.inc: In function ‘constexpr absl::lts_20240116::int128 absl::lts_20240116::operator+(int128, int128)’:
/gpfs/work5/0/prjs2109/dataset/repos/pomaidb/src/ai/tensor_core/absl/numeric/int128_have_intrinsic.inc:234:22: warning: ISO C++ does not support ‘__int128’ for ‘type name’ [-Wpedantic]
  234 |   return static_cast<__int128>(lhs) + static_cast<__int128>(rhs);
      |                      ^~~~~~~~
/gpfs/work5/0/prjs2109/dataset/repos/pomaidb/src/ai/tensor_core/absl/numeric/int128_have_intrinsic.inc:234:51: warning: ISO C++ does not support ‘__int128’ for ‘type name’ [-Wpedantic]
  234 |   return static_cast<__int128>(lhs) + static_cast<__int128>(rhs);
      |                                                   ^~~~~~~~
/gpfs/work5/0/prjs2109/dataset/repos/pomaidb/src/ai/tensor_core/absl/numeric/int128_have_intrinsic.inc: In function ‘constexpr absl::lts_20240116::int128 absl::lts_20240116::operator-(int128, int128)’:
/gpfs/work5/0/prjs2109/dataset/repos/pomaidb/src/ai/tensor_core/absl/numeric/int128_have_intrinsic.inc:238:22: warning: ISO C++ does not support ‘__int128’ for ‘type name’ [-Wpedantic]
  238 |   return static_cast<__int128>(lhs) - static_cast<__int128>(rhs);
      |                      ^~~~~~~~
/gpfs/work5/0/prjs2109/dataset/repos/pomaidb/src/ai/tensor_core/absl/numeric/int128_have_intrinsic.inc:238:51: warning: ISO C++ does not support ‘__int128’ for ‘type name’ [-Wpedantic]
  238 |   return static_cast<__int128>(lhs) - static_cast<__int128>(rhs);
      |                                                   ^~~~~~~~
/gpfs/work5/0/prjs2109/dataset/repos/pomaidb/src/ai/tensor_core/absl/numeric/int128_have_intrinsic.inc: In function ‘absl::lts_20240116::int128 absl::lts_20240116::operator*(int128, int128)’:
/gpfs/work5/0/prjs2109/dataset/repos/pomaidb/src/ai/tensor_core/absl/numeric/int128_have_intrinsic.inc:242:22: warning: ISO C++ does not support ‘__int128’ for ‘type name’ [-Wpedantic]
  242 |   return static_cast<__int128>(lhs) * static_cast<__int128>(rhs);
      |                      ^~~~~~~~
/gpfs/work5/0/prjs2109/dataset/repos/pomaidb/src/ai/tensor_core/absl/numeric/int128_have_intrinsic.inc:242:51: warning: ISO C++ does not support ‘__int128’ for ‘type name’ [-Wpedantic]
  242 |   return static_cast<__int128>(lhs) * static_cast<__int128>(rhs);
      |                                                   ^~~~~~~~
/gpfs/work5/0/prjs2109/dataset/repos/pomaidb/src/ai/tensor_core/absl/numeric/int128_have_intrinsic.inc: In function ‘absl::lts_20240116::int128 absl::lts_20240116::operator/(int128, int128)’:
/gpfs/work5/0/prjs2109/dataset/repos/pomaidb/src/ai/tensor_core/absl/numeric/int128_have_intrinsic.inc:246:22: warning: ISO C++ does not support ‘__int128’ for ‘type name’ [-Wpedantic]
  246 |   return static_cast<__int128>(lhs) / static_cast<__int128>(rhs);
      |                      ^~~~~~~~
/gpfs/work5/0/prjs2109/dataset/repos/pomaidb/src/ai/tensor_core/absl/numeric/int128_have_intrinsic.inc:246:51: warning: ISO C++ does not support ‘__int128’ for ‘type name’ [-Wpedantic]
  246 |   return static_cast<__int128>(lhs) / static_cast<__int128>(rhs);
      |                                                   ^~~~~~~~
/gpfs/work5/0/prjs2109/dataset/repos/pomaidb/src/ai/tensor_core/absl/numeric/int128_have_intrinsic.inc: In function ‘absl::lts_20240116::int128 absl::lts_20240116::operator%(int128, int128)’:
/gpfs/work5/0/prjs2109/dataset/repos/pomaidb/src/ai/tensor_core/absl/numeric/int128_have_intrinsic.inc:250:22: warning: ISO C++ does not support ‘__int128’ for ‘type name’ [-Wpedantic]
  250 |   return static_cast<__int128>(lhs) % static_cast<__int128>(rhs);
      |                      ^~~~~~~~
/gpfs/work5/0/prjs2109/dataset/repos/pomaidb/src/ai/tensor_core/absl/numeric/int128_have_intrinsic.inc:250:51: warning: ISO C++ does not support ‘__int128’ for ‘type name’ [-Wpedantic]
  250 |   return static_cast<__int128>(lhs) % static_cast<__int128>(rhs);
      |                                                   ^~~~~~~~
/gpfs/work5/0/prjs2109/dataset/repos/pomaidb/src/ai/tensor_core/absl/numeric/int128_have_intrinsic.inc: In function ‘constexpr absl::lts_20240116::int128 absl::lts_20240116::operator|(int128, int128)’:
/gpfs/work5/0/prjs2109/dataset/repos/pomaidb/src/ai/tensor_core/absl/numeric/int128_have_intrinsic.inc:276:22: warning: ISO C++ does not support ‘__int128’ for ‘type name’ [-Wpedantic]
  276 |   return static_cast<__int128>(lhs) | static_cast<__int128>(rhs);
      |                      ^~~~~~~~
/gpfs/work5/0/prjs2109/dataset/repos/pomaidb/src/ai/tensor_core/absl/numeric/int128_have_intrinsic.inc:276:51: warning: ISO C++ does not support ‘__int128’ for ‘type name’ [-Wpedantic]
  276 |   return static_cast<__int128>(lhs) | static_cast<__int128>(rhs);
      |                                                   ^~~~~~~~
/gpfs/work5/0/prjs2109/dataset/repos/pomaidb/src/ai/tensor_core/absl/numeric/int128_have_intrinsic.inc: In function ‘constexpr absl::lts_20240116::int128 absl::lts_20240116::operator&(int128, int128)’:
/gpfs/work5/0/prjs2109/dataset/repos/pomaidb/src/ai/tensor_core/absl/numeric/int128_have_intrinsic.inc:280:22: warning: ISO C++ does not support ‘__int128’ for ‘type name’ [-Wpedantic]
  280 |   return static_cast<__int128>(lhs) & static_cast<__int128>(rhs);
      |                      ^~~~~~~~
/gpfs/work5/0/prjs2109/dataset/repos/pomaidb/src/ai/tensor_core/absl/numeric/int128_have_intrinsic.inc:280:51: warning: ISO C++ does not support ‘__int128’ for ‘type name’ [-Wpedantic]
  280 |   return static_cast<__int128>(lhs) & static_cast<__int128>(rhs);
      |                                                   ^~~~~~~~
/gpfs/work5/0/prjs2109/dataset/repos/pomaidb/src/ai/tensor_core/absl/numeric/int128_have_intrinsic.inc: In function ‘constexpr absl::lts_20240116::int128 absl::lts_20240116::operator^(int128, int128)’:
/gpfs/work5/0/prjs2109/dataset/repos/pomaidb/src/ai/tensor_core/absl/numeric/int128_have_intrinsic.inc:284:22: warning: ISO C++ does not support ‘__int128’ for ‘type name’ [-Wpedantic]
  284 |   return static_cast<__int128>(lhs) ^ static_cast<__int128>(rhs);
      |                      ^~~~~~~~
/gpfs/work5/0/prjs2109/dataset/repos/pomaidb/src/ai/tensor_core/absl/numeric/int128_have_intrinsic.inc:284:51: warning: ISO C++ does not support ‘__int128’ for ‘type name’ [-Wpedantic]
  284 |   return static_cast<__int128>(lhs) ^ static_cast<__int128>(rhs);
      |                                                   ^~~~~~~~
/gpfs/work5/0/prjs2109/dataset/repos/pomaidb/src/ai/tensor_core/absl/numeric/int128_have_intrinsic.inc: In function ‘constexpr absl::lts_20240116::int128 absl::lts_20240116::operator<<(int128, int)’:
/gpfs/work5/0/prjs2109/dataset/repos/pomaidb/src/ai/tensor_core/absl/numeric/int128_have_intrinsic.inc:288:22: warning: ISO C++ does not support ‘__int128’ for ‘type name’ [-Wpedantic]
  288 |   return static_cast<__int128>(lhs) << amount;
      |                      ^~~~~~~~
/gpfs/work5/0/prjs2109/dataset/repos/pomaidb/src/ai/tensor_core/absl/numeric/int128_have_intrinsic.inc: In function ‘constexpr absl::lts_20240116::int128 absl::lts_20240116::operator>>(int128, int)’:
/gpfs/work5/0/prjs2109/dataset/repos/pomaidb/src/ai/tensor_core/absl/numeric/int128_have_intrinsic.inc:292:22: warning: ISO C++ does not support ‘__int128’ for ‘type name’ [-Wpedantic]
  292 |   return static_cast<__int128>(lhs) >> amount;
      |                      ^~~~~~~~
In file included from /gpfs/work5/0/prjs2109/dataset/repos/pomaidb/src/ai/tensor_core/tensorflow/lite/core/async/async_subgraph.h:27,
                 from /gpfs/work5/0/prjs2109/dataset/repos/pomaidb/src/ai/tensor_core/tensorflow/lite/core/async/async_signature_runner.h:24,
                 from /gpfs/work5/0/prjs2109/dataset/repos/pomaidb/src/ai/tensor_core/tensorflow/lite/core/interpreter.h:48:
/gpfs/work5/0/prjs2109/dataset/repos/pomaidb/src/ai/tensor_core/tensorflow/lite/core/subgraph.h: In member function ‘virtual uint32_t tflite::Subgraph::SubgraphAwareProfiler::BeginEvent(const char*, tflite::Profiler::EventType, int64_t, int64_t)’:
/gpfs/work5/0/prjs2109/dataset/repos/pomaidb/src/ai/tensor_core/tensorflow/lite/core/subgraph.h:675:33: warning: unused parameter ‘event_metadata2’ [-Wunused-parameter]
  675 |                         int64_t event_metadata2) override {
      |                         ~~~~~~~~^~~~~~~~~~~~~~~
/gpfs/work5/0/prjs2109/dataset/repos/pomaidb/src/ai/tensor_core/tensorflow/lite/core/subgraph.h: In member function ‘virtual void tflite::Subgraph::SubgraphAwareProfiler::AddEvent(const char*, tflite::Profiler::EventType, uint64_t, int64_t, int64_t)’:
/gpfs/work5/0/prjs2109/dataset/repos/pomaidb/src/ai/tensor_core/tensorflow/lite/core/subgraph.h:693:52: warning: unused parameter ‘event_metadata2’ [-Wunused-parameter]
  693 |                   int64_t event_metadata1, int64_t event_metadata2) override {
      |                                            ~~~~~~~~^~~~~~~~~~~~~~~
In file included from /gpfs/work5/0/prjs2109/dataset/repos/pomaidb/src/ai/tensor_core/tensorflow/lite/profiling/telemetry/profiler.h:24,
                 from /gpfs/work5/0/prjs2109/dataset/repos/pomaidb/src/ai/tensor_core/tensorflow/lite/core/interpreter_builder.h:43:
/gpfs/work5/0/prjs2109/dataset/repos/pomaidb/src/ai/tensor_core/tensorflow/lite/profiling/telemetry/telemetry_status.h: In constructor ‘tflite::telemetry::TelemetryStatusCode::TelemetryStatusCode(tflite::telemetry::TelemetrySource, uint32_t)’:
/gpfs/work5/0/prjs2109/dataset/repos/pomaidb/src/ai/tensor_core/tensorflow/lite/profiling/telemetry/telemetry_status.h:50:56: warning: declaration of ‘status_code’ shadows a member of ‘tflite::telemetry::TelemetryStatusCode’ [-Wshadow]
   50 |   TelemetryStatusCode(TelemetrySource source, uint32_t status_code)
      |                                               ~~~~~~~~~^~~~~~~~~~~
/gpfs/work5/0/prjs2109/dataset/repos/pomaidb/src/ai/tensor_core/tensorflow/lite/profiling/telemetry/telemetry_status.h:46:12: note: shadowed declaration is here
   46 |   uint32_t status_code = 0;
      |            ^~~~~~~~~~~
/gpfs/work5/0/prjs2109/dataset/repos/pomaidb/src/ai/tensor_core/tensorflow/lite/profiling/telemetry/telemetry_status.h:50:39: warning: declaration of ‘source’ shadows a member of ‘tflite::telemetry::TelemetryStatusCode’ [-Wshadow]
   50 |   TelemetryStatusCode(TelemetrySource source, uint32_t status_code)
      |                       ~~~~~~~~~~~~~~~~^~~~~~
/gpfs/work5/0/prjs2109/dataset/repos/pomaidb/src/ai/tensor_core/tensorflow/lite/profiling/telemetry/telemetry_status.h:45:19: note: shadowed declaration is here
   45 |   TelemetrySource source = TelemetrySource::TFLITE_INTERPRETER;
      |                   ^~~~~~
In file included from /gpfs/work5/0/prjs2109/dataset/repos/pomaidb/src/ai/tensor_core/tensorflow/lite/core/subgraph.h:36,
                 from /gpfs/work5/0/prjs2109/dataset/repos/pomaidb/src/ai/tensor_core/tensorflow/lite/core/async/async_subgraph.h:27,
                 from /gpfs/work5/0/prjs2109/dataset/repos/pomaidb/src/ai/tensor_core/tensorflow/lite/core/async/async_signature_runner.h:24:
/gpfs/work5/0/prjs2109/dataset/repos/pomaidb/src/ai/tensor_core/tensorflow/lite/core/api/op_resolver.h: In member function ‘virtual tflite::OpResolver::TfLiteDelegatePtrVector tflite::OpResolver::GetDelegates(int) const’:
/gpfs/work5/0/prjs2109/dataset/repos/pomaidb/src/ai/tensor_core/tensorflow/lite/core/api/op_resolver.h:70:52: warning: unused parameter ‘num_threads’ [-Wunused-parameter]
   70 |   virtual TfLiteDelegatePtrVector GetDelegates(int num_threads) const {
      |                                                ~~~~^~~~~~~~~~~
In file included from /gpfs/work5/0/prjs2109/dataset/repos/pomaidb/src/ai/tensor_core/tensorflow/lite/profiling/telemetry/profiler.h:24,
                 from /gpfs/work5/0/prjs2109/dataset/repos/pomaidb/src/ai/tensor_core/tensorflow/lite/core/interpreter_builder.h:43:
/gpfs/work5/0/prjs2109/dataset/repos/pomaidb/src/ai/tensor_core/tensorflow/lite/profiling/telemetry/telemetry_status.h: In constructor ‘tflite::telemetry::TelemetryStatusCode::TelemetryStatusCode(tflite::telemetry::TelemetrySource, uint32_t)’:
/gpfs/work5/0/prjs2109/dataset/repos/pomaidb/src/ai/tensor_core/tensorflow/lite/profiling/telemetry/telemetry_status.h:50:56: warning: declaration of ‘status_code’ shadows a member of ‘tflite::telemetry::TelemetryStatusCode’ [-Wshadow]
   50 |   TelemetryStatusCode(TelemetrySource source, uint32_t status_code)
      |                                               ~~~~~~~~~^~~~~~~~~~~
/gpfs/work5/0/prjs2109/dataset/repos/pomaidb/src/ai/tensor_core/tensorflow/lite/profiling/telemetry/telemetry_status.h:46:12: note: shadowed declaration is here
   46 |   uint32_t status_code = 0;
      |            ^~~~~~~~~~~
/gpfs/work5/0/prjs2109/dataset/repos/pomaidb/src/ai/tensor_core/tensorflow/lite/profiling/telemetry/telemetry_status.h:50:39: warning: declaration of ‘source’ shadows a member of ‘tflite::telemetry::TelemetryStatusCode’ [-Wshadow]
   50 |   TelemetryStatusCode(TelemetrySource source, uint32_t status_code)
      |                       ~~~~~~~~~~~~~~~~^~~~~~
/gpfs/work5/0/prjs2109/dataset/repos/pomaidb/src/ai/tensor_core/tensorflow/lite/profiling/telemetry/telemetry_status.h:45:19: note: shadowed declaration is here
   45 |   TelemetrySource source = TelemetrySource::TFLITE_INTERPRETER;
      |                   ^~~~~~
/gpfs/work5/0/prjs2109/dataset/repos/pomaidb/src/ai/tensor_core/tensorflow/lite/core/interpreter_builder.cc: In member function ‘virtual void* tflite::{anonymous}::MallocDataAllocator::Allocate(size_t, size_t)’:
/gpfs/work5/0/prjs2109/dataset/repos/pomaidb/src/ai/tensor_core/tensorflow/lite/core/interpreter_builder.cc:314:38: warning: unused parameter ‘alignment_hint’ [-Wunused-parameter]
  314 |   void* Allocate(size_t size, size_t alignment_hint) override {
      |                               ~~~~~~~^~~~~~~~~~~~~~
/gpfs/work5/0/prjs2109/dataset/repos/pomaidb/src/ai/tensor_core/tensorflow/lite/core/interpreter_builder.cc: In member function ‘TfLiteStatus tflite::impl::InterpreterBuilder::ParseNodes(const flatbuffers::Vector<flatbuffers::Offset<tflite::Operator> >*, tflite::Subgraph*)’:
/gpfs/work5/0/prjs2109/dataset/repos/pomaidb/src/ai/tensor_core/tensorflow/lite/core/interpreter_builder.cc:342:21: warning: comparison of integer expressions of different signedness: ‘int’ and ‘unsigned int’ [-Wsign-compare]
  342 |   for (int i = 0; i < operators->size(); ++i) {
      |                   ~~^~~~~~~~~~~~~~~~~~~
/gpfs/work5/0/prjs2109/dataset/repos/pomaidb/src/ai/tensor_core/tensorflow/lite/core/interpreter_builder.cc:345:28: warning: comparison of integer expressions of different signedness: ‘int’ and ‘std::vector<const TfLiteRegistration*>::size_type’ {aka ‘long unsigned int’} [-Wsign-compare]
  345 |     if (index < 0 || index >= flatbuffer_op_index_to_registration_.size()) {
      |                      ~~~~~~^~~~~~~~~~~~~~~~~~~~~~~~~~~~~~~~~~~~~~~~~~~~~~
/gpfs/work5/0/prjs2109/dataset/repos/pomaidb/src/ai/tensor_core/tensorflow/lite/core/interpreter_builder.cc: In member function ‘TfLiteStatus tflite::impl::InterpreterBuilder::ParseQuantization(const tflite::QuantizationParameters*, TfLiteQuantization*, const std::vector<int>&)’:
/gpfs/work5/0/prjs2109/dataset/repos/pomaidb/src/ai/tensor_core/tensorflow/lite/core/interpreter_builder.cc:463:23: warning: comparison of integer expressions of different signedness: ‘int’ and ‘const size_t’ {aka ‘const long unsigned int’} [-Wsign-compare]
  463 |     for (int i = 1; i < num_zero_points && all_zero_points_same; ++i) {
      |                     ~~^~~~~~~~~~~~~~~~~
/gpfs/work5/0/prjs2109/dataset/repos/pomaidb/src/ai/tensor_core/tensorflow/lite/core/interpreter_builder.cc:472:48: warning: comparison of integer expressions of different signedness: ‘int32_t’ {aka ‘int’} and ‘std::vector<int>::size_type’ {aka ‘long unsigned int’} [-Wsign-compare]
  472 |        src_quantization->quantized_dimension() >= dims.size())) {
      |        ~~~~~~~~~~~~~~~~~~~~~~~~~~~~~~~~~~~~~~~~^~~~~~~~~~~~~~
/gpfs/work5/0/prjs2109/dataset/repos/pomaidb/src/ai/tensor_core/tensorflow/lite/core/interpreter_builder.cc:484:19: warning: comparison of integer expressions of different signedness: ‘const size_t’ {aka ‘const long unsigned int’} and ‘const __gnu_cxx::__alloc_traits<std::allocator<int>, int>::value_type’ {aka ‘const int’} [-Wsign-compare]
  484 |        num_scales != dims[src_quantization->quantized_dimension()])) {
/gpfs/work5/0/prjs2109/dataset/repos/pomaidb/src/ai/tensor_core/tensorflow/lite/core/interpreter_builder.cc: In member function ‘TfLiteStatus tflite::impl::InterpreterBuilder::ParseSparsity(const tflite::SparsityParameters*, TfLiteSparsity**)’:
/gpfs/work5/0/prjs2109/dataset/repos/pomaidb/src/ai/tensor_core/tensorflow/lite/core/interpreter_builder.cc:536:21: warning: comparison of integer expressions of different signedness: ‘int’ and ‘const size_t’ {aka ‘const long unsigned int’} [-Wsign-compare]
  536 |   for (int i = 0; i < traversal_order_size; i++) {
      |                   ~~^~~~~~~~~~~~~~~~~~~~~~
/gpfs/work5/0/prjs2109/dataset/repos/pomaidb/src/ai/tensor_core/tensorflow/lite/core/interpreter_builder.cc:544:23: warning: comparison of integer expressions of different signedness: ‘int’ and ‘const size_t’ {aka ‘const long unsigned int’} [-Wsign-compare]
  544 |     for (int i = 0; i < block_map_size; i++) {
      |                     ~~^~~~~~~~~~~~~~~~
/gpfs/work5/0/prjs2109/dataset/repos/pomaidb/src/ai/tensor_core/tensorflow/lite/core/interpreter_builder.cc:556:21: warning: comparison of integer expressions of different signedness: ‘int’ and ‘const size_t’ {aka ‘const long unsigned int’} [-Wsign-compare]
  556 |   for (int i = 0; i < dim_metadata_size; i++) {
      |                   ~~^~~~~~~~~~~~~~~~~~~
/gpfs/work5/0/prjs2109/dataset/repos/pomaidb/src/ai/tensor_core/tensorflow/lite/core/interpreter_builder.cc: In member function ‘TfLiteStatus tflite::impl::InterpreterBuilder::ParseTensors(const flatbuffers::Vector<flatbuffers::Offset<tflite::Buffer> >*, const flatbuffers::Vector<flatbuffers::Offset<tflite::Tensor> >*, tflite::Subgraph*, TfLiteTelemetrySubgraphInfo*)’:
/gpfs/work5/0/prjs2109/dataset/repos/pomaidb/src/ai/tensor_core/tensorflow/lite/core/interpreter_builder.cc:646:21: warning: comparison of integer expressions of different signedness: ‘int’ and ‘unsigned int’ [-Wsign-compare]
  646 |   for (int i = 0; i < tensors->size(); ++i) {
      |                   ~~^~~~~~~~~~~~~~~~~
/gpfs/work5/0/prjs2109/dataset/repos/pomaidb/src/ai/tensor_core/tensorflow/lite/core/interpreter_builder.cc: In member function ‘TfLiteStatus tflite::impl::InterpreterBuilder::operator()(std::unique_ptr<tflite::impl::Interpreter>*)’:
/gpfs/work5/0/prjs2109/dataset/repos/pomaidb/src/ai/tensor_core/tensorflow/lite/core/interpreter_builder.cc:866:47: warning: comparison of integer expressions of different signedness: ‘int’ and ‘unsigned int’ [-Wsign-compare]
  866 |   for (int subgraph_index = 0; subgraph_index < subgraphs->size();
      |                                ~~~~~~~~~~~~~~~^~~~~~~~~~~~~~~~~~~
/gpfs/work5/0/prjs2109/dataset/repos/pomaidb/src/ai/tensor_core/tensorflow/lite/core/interpreter_builder.cc:903:23: warning: comparison of integer expressions of different signedness: ‘int’ and ‘size_t’ {aka ‘long unsigned int’} [-Wsign-compare]
  903 |     for (int i = 0; i < modified_subgraph->tensors_size(); ++i) {
      |                     ~~^~~~~~~~~~~~~~~~~~~~~~~~~~~~~~~~~~~
In file included from /gpfs/work5/0/prjs2109/dataset/repos/pomaidb/src/ai/tensor_core/tensorflow/lite/core/subgraph.h:36,
                 from /gpfs/work5/0/prjs2109/dataset/repos/pomaidb/src/ai/tensor_core/tensorflow/lite/core/async/async_subgraph.h:27,
                 from /gpfs/work5/0/prjs2109/dataset/repos/pomaidb/src/ai/tensor_core/tensorflow/lite/core/async/async_signature_runner.h:24:
/gpfs/work5/0/prjs2109/dataset/repos/pomaidb/src/ai/tensor_core/tensorflow/lite/core/api/op_resolver.h: In member function ‘virtual tflite::OpResolver::TfLiteDelegatePtrVector tflite::OpResolver::GetDelegates(int) const’:
/gpfs/work5/0/prjs2109/dataset/repos/pomaidb/src/ai/tensor_core/tensorflow/lite/core/api/op_resolver.h:70:52: warning: unused parameter ‘num_threads’ [-Wunused-parameter]
   70 |   virtual TfLiteDelegatePtrVector GetDelegates(int num_threads) const {
      |                                                ~~~~^~~~~~~~~~~
/gpfs/work5/0/prjs2109/dataset/repos/pomaidb/src/ai/tensor_core/tensorflow/lite/core/subgraph.h: In member function ‘virtual uint32_t tflite::Subgraph::SubgraphAwareProfiler::BeginEvent(const char*, tflite::Profiler::EventType, int64_t, int64_t)’:
/gpfs/work5/0/prjs2109/dataset/repos/pomaidb/src/ai/tensor_core/tensorflow/lite/core/subgraph.h:675:33: warning: unused parameter ‘event_metadata2’ [-Wunused-parameter]
  675 |                         int64_t event_metadata2) override {
      |                         ~~~~~~~~^~~~~~~~~~~~~~~
/gpfs/work5/0/prjs2109/dataset/repos/pomaidb/src/ai/tensor_core/tensorflow/lite/core/subgraph.h: In member function ‘virtual void tflite::Subgraph::SubgraphAwareProfiler::AddEvent(const char*, tflite::Profiler::EventType, uint64_t, int64_t, int64_t)’:
/gpfs/work5/0/prjs2109/dataset/repos/pomaidb/src/ai/tensor_core/tensorflow/lite/core/subgraph.h:693:52: warning: unused parameter ‘event_metadata2’ [-Wunused-parameter]
  693 |                   int64_t event_metadata1, int64_t event_metadata2) override {
      |                                            ~~~~~~~~^~~~~~~~~~~~~~~
In file included from /gpfs/work5/0/prjs2109/dataset/repos/pomaidb/src/ai/tensor_core/tensorflow/lite/core/subgraph.h:36:
/gpfs/work5/0/prjs2109/dataset/repos/pomaidb/src/ai/tensor_core/tensorflow/lite/core/api/op_resolver.h: In member function ‘virtual tflite::OpResolver::TfLiteDelegatePtrVector tflite::OpResolver::GetDelegates(int) const’:
/gpfs/work5/0/prjs2109/dataset/repos/pomaidb/src/ai/tensor_core/tensorflow/lite/core/api/op_resolver.h:70:52: warning: unused parameter ‘num_threads’ [-Wunused-parameter]
   70 |   virtual TfLiteDelegatePtrVector GetDelegates(int num_threads) const {
      |                                                ~~~~^~~~~~~~~~~
/gpfs/work5/0/prjs2109/dataset/repos/pomaidb/src/ai/tensor_core/tensorflow/lite/core/subgraph.h: In member function ‘virtual uint32_t tflite::Subgraph::SubgraphAwareProfiler::BeginEvent(const char*, tflite::Profiler::EventType, int64_t, int64_t)’:
/gpfs/work5/0/prjs2109/dataset/repos/pomaidb/src/ai/tensor_core/tensorflow/lite/core/subgraph.h:675:33: warning: unused parameter ‘event_metadata2’ [-Wunused-parameter]
  675 |                         int64_t event_metadata2) override {
      |                         ~~~~~~~~^~~~~~~~~~~~~~~
In file included from /gpfs/work5/0/prjs2109/dataset/repos/pomaidb/src/ai/tensor_core/tensorflow/lite/core/subgraph.h:37:
/gpfs/work5/0/prjs2109/dataset/repos/pomaidb/src/ai/tensor_core/tensorflow/lite/core/api/profiler.h: In member function ‘virtual void tflite::Profiler::EndEvent(uint32_t, int64_t, int64_t)’:
/gpfs/work5/0/prjs2109/dataset/repos/pomaidb/src/ai/tensor_core/tensorflow/lite/core/api/profiler.h:90:56: warning: unused parameter ‘event_metadata1’ [-Wunused-parameter]
   90 |   virtual void EndEvent(uint32_t event_handle, int64_t event_metadata1,
      |                                                ~~~~~~~~^~~~~~~~~~~~~~~
/gpfs/work5/0/prjs2109/dataset/repos/pomaidb/src/ai/tensor_core/tensorflow/lite/core/api/profiler.h:91:33: warning: unused parameter ‘event_metadata2’ [-Wunused-parameter]
   91 |                         int64_t event_metadata2) {
      |                         ~~~~~~~~^~~~~~~~~~~~~~~
/gpfs/work5/0/prjs2109/dataset/repos/pomaidb/src/ai/tensor_core/tensorflow/lite/core/api/profiler.h: In member function ‘virtual void tflite::Profiler::AddEvent(const char*, EventType, uint64_t, int64_t, int64_t)’:
/gpfs/work5/0/prjs2109/dataset/repos/pomaidb/src/ai/tensor_core/tensorflow/lite/core/api/profiler.h:118:37: warning: unused parameter ‘tag’ [-Wunused-parameter]
  118 |   virtual void AddEvent(const char* tag, EventType event_type, uint64_t metric,
      |                         ~~~~~~~~~~~~^~~
/gpfs/work5/0/prjs2109/dataset/repos/pomaidb/src/ai/tensor_core/tensorflow/lite/core/api/profiler.h:118:52: warning: unused parameter ‘event_type’ [-Wunused-parameter]
  118 |   virtual void AddEvent(const char* tag, EventType event_type, uint64_t metric,
      |                                          ~~~~~~~~~~^~~~~~~~~~
/gpfs/work5/0/prjs2109/dataset/repos/pomaidb/src/ai/tensor_core/tensorflow/lite/core/api/profiler.h:118:73: warning: unused parameter ‘metric’ [-Wunused-parameter]
  118 |   virtual void AddEvent(const char* tag, EventType event_type, uint64_t metric,
      |                                                                ~~~~~~~~~^~~~~~
/gpfs/work5/0/prjs2109/dataset/repos/pomaidb/src/ai/tensor_core/tensorflow/lite/core/api/profiler.h:119:33: warning: unused parameter ‘event_metadata1’ [-Wunused-parameter]
  119 |                         int64_t event_metadata1, int64_t event_metadata2) {}
      |                         ~~~~~~~~^~~~~~~~~~~~~~~
/gpfs/work5/0/prjs2109/dataset/repos/pomaidb/src/ai/tensor_core/tensorflow/lite/core/api/profiler.h:119:58: warning: unused parameter ‘event_metadata2’ [-Wunused-parameter]
  119 |                         int64_t event_metadata1, int64_t event_metadata2) {}
      |                                                  ~~~~~~~~^~~~~~~~~~~~~~~
/gpfs/work5/0/prjs2109/dataset/repos/pomaidb/src/ai/tensor_core/tensorflow/lite/core/api/profiler.h: In member function ‘virtual void tflite::Profiler::AddEventWithData(const char*, EventType, const void*)’:
/gpfs/work5/0/prjs2109/dataset/repos/pomaidb/src/ai/tensor_core/tensorflow/lite/core/api/profiler.h:126:45: warning: unused parameter ‘tag’ [-Wunused-parameter]
  126 |   virtual void AddEventWithData(const char* tag, EventType event_type,
      |                                 ~~~~~~~~~~~~^~~
/gpfs/work5/0/prjs2109/dataset/repos/pomaidb/src/ai/tensor_core/tensorflow/lite/core/api/profiler.h:126:60: warning: unused parameter ‘event_type’ [-Wunused-parameter]
  126 |   virtual void AddEventWithData(const char* tag, EventType event_type,
      |                                                  ~~~~~~~~~~^~~~~~~~~~
/gpfs/work5/0/prjs2109/dataset/repos/pomaidb/src/ai/tensor_core/tensorflow/lite/core/api/profiler.h:127:45: warning: unused parameter ‘data’ [-Wunused-parameter]
  127 |                                 const void* data) {}
      |                                 ~~~~~~~~~~~~^~~~
/gpfs/work5/0/prjs2109/dataset/repos/pomaidb/src/ai/tensor_core/tensorflow/lite/core/subgraph.h: In member function ‘virtual void tflite::Subgraph::SubgraphAwareProfiler::AddEvent(const char*, tflite::Profiler::EventType, uint64_t, int64_t, int64_t)’:
/gpfs/work5/0/prjs2109/dataset/repos/pomaidb/src/ai/tensor_core/tensorflow/lite/core/subgraph.h:693:52: warning: unused parameter ‘event_metadata2’ [-Wunused-parameter]
  693 |                   int64_t event_metadata1, int64_t event_metadata2) override {
      |                                            ~~~~~~~~^~~~~~~~~~~~~~~
/gpfs/work5/0/prjs2109/dataset/repos/pomaidb/src/ai/tensor_core/tensorflow/lite/core/subgraph.h: In member function ‘virtual uint32_t tflite::Subgraph::SubgraphAwareProfiler::BeginEvent(const char*, tflite::Profiler::EventType, int64_t, int64_t)’:
/gpfs/work5/0/prjs2109/dataset/repos/pomaidb/src/ai/tensor_core/tensorflow/lite/core/subgraph.h:675:33: warning: unused parameter ‘event_metadata2’ [-Wunused-parameter]
  675 |                         int64_t event_metadata2) override {
      |                         ~~~~~~~~^~~~~~~~~~~~~~~
/gpfs/work5/0/prjs2109/dataset/repos/pomaidb/src/ai/tensor_core/tensorflow/lite/core/subgraph.h: In member function ‘virtual void tflite::Subgraph::SubgraphAwareProfiler::AddEvent(const char*, tflite::Profiler::EventType, uint64_t, int64_t, int64_t)’:
/gpfs/work5/0/prjs2109/dataset/repos/pomaidb/src/ai/tensor_core/tensorflow/lite/core/subgraph.h:693:52: warning: unused parameter ‘event_metadata2’ [-Wunused-parameter]
  693 |                   int64_t event_metadata1, int64_t event_metadata2) override {
      |                                            ~~~~~~~~^~~~~~~~~~~~~~~
In file included from /gpfs/work5/0/prjs2109/dataset/repos/pomaidb/src/ai/tensor_core/tensorflow/lite/profiling/telemetry/telemetry.h:24,
                 from /gpfs/work5/0/prjs2109/dataset/repos/pomaidb/src/ai/tensor_core/tensorflow/lite/core/subgraph.cc:52:
/gpfs/work5/0/prjs2109/dataset/repos/pomaidb/src/ai/tensor_core/tensorflow/lite/profiling/telemetry/telemetry_status.h: In constructor ‘tflite::telemetry::TelemetryStatusCode::TelemetryStatusCode(tflite::telemetry::TelemetrySource, uint32_t)’:
/gpfs/work5/0/prjs2109/dataset/repos/pomaidb/src/ai/tensor_core/tensorflow/lite/profiling/telemetry/telemetry_status.h:50:56: warning: declaration of ‘status_code’ shadows a member of ‘tflite::telemetry::TelemetryStatusCode’ [-Wshadow]
   50 |   TelemetryStatusCode(TelemetrySource source, uint32_t status_code)
      |                                               ~~~~~~~~~^~~~~~~~~~~
/gpfs/work5/0/prjs2109/dataset/repos/pomaidb/src/ai/tensor_core/tensorflow/lite/profiling/telemetry/telemetry_status.h:46:12: note: shadowed declaration is here
   46 |   uint32_t status_code = 0;
      |            ^~~~~~~~~~~
/gpfs/work5/0/prjs2109/dataset/repos/pomaidb/src/ai/tensor_core/tensorflow/lite/profiling/telemetry/telemetry_status.h:50:39: warning: declaration of ‘source’ shadows a member of ‘tflite::telemetry::TelemetryStatusCode’ [-Wshadow]
   50 |   TelemetryStatusCode(TelemetrySource source, uint32_t status_code)
      |                       ~~~~~~~~~~~~~~~~^~~~~~
/gpfs/work5/0/prjs2109/dataset/repos/pomaidb/src/ai/tensor_core/tensorflow/lite/profiling/telemetry/telemetry_status.h:45:19: note: shadowed declaration is here
   45 |   TelemetrySource source = TelemetrySource::TFLITE_INTERPRETER;
      |                   ^~~~~~
In file included from /gpfs/work5/0/prjs2109/dataset/repos/pomaidb/src/ai/tensor_core/tensorflow/lite/profiling/telemetry/telemetry.h:24,
                 from /gpfs/work5/0/prjs2109/dataset/repos/pomaidb/src/ai/tensor_core/tensorflow/lite/core/interpreter.cc:44:
/gpfs/work5/0/prjs2109/dataset/repos/pomaidb/src/ai/tensor_core/tensorflow/lite/profiling/telemetry/telemetry_status.h: In constructor ‘tflite::telemetry::TelemetryStatusCode::TelemetryStatusCode(tflite::telemetry::TelemetrySource, uint32_t)’:
/gpfs/work5/0/prjs2109/dataset/repos/pomaidb/src/ai/tensor_core/tensorflow/lite/profiling/telemetry/telemetry_status.h:50:56: warning: declaration of ‘status_code’ shadows a member of ‘tflite::telemetry::TelemetryStatusCode’ [-Wshadow]
   50 |   TelemetryStatusCode(TelemetrySource source, uint32_t status_code)
      |                                               ~~~~~~~~~^~~~~~~~~~~
/gpfs/work5/0/prjs2109/dataset/repos/pomaidb/src/ai/tensor_core/tensorflow/lite/profiling/telemetry/telemetry_status.h:46:12: note: shadowed declaration is here
   46 |   uint32_t status_code = 0;
      |            ^~~~~~~~~~~
/gpfs/work5/0/prjs2109/dataset/repos/pomaidb/src/ai/tensor_core/tensorflow/lite/profiling/telemetry/telemetry_status.h:50:39: warning: declaration of ‘source’ shadows a member of ‘tflite::telemetry::TelemetryStatusCode’ [-Wshadow]
   50 |   TelemetryStatusCode(TelemetrySource source, uint32_t status_code)
      |                       ~~~~~~~~~~~~~~~~^~~~~~
/gpfs/work5/0/prjs2109/dataset/repos/pomaidb/src/ai/tensor_core/tensorflow/lite/profiling/telemetry/telemetry_status.h:45:19: note: shadowed declaration is here
   45 |   TelemetrySource source = TelemetrySource::TFLITE_INTERPRETER;
      |                   ^~~~~~
/gpfs/work5/0/prjs2109/dataset/repos/pomaidb/src/ai/tensor_core/tensorflow/lite/core/subgraph.cc: In function ‘TfLiteStatus tflite::{anonymous}::ReportOpError(TfLiteContext*, const TfLiteNode&, const TfLiteRegistration&, int, const char*)’:
/gpfs/work5/0/prjs2109/dataset/repos/pomaidb/src/ai/tensor_core/tensorflow/lite/core/subgraph.cc:89:70: warning: unused parameter ‘node’ [-Wunused-parameter]
   89 | TfLiteStatus ReportOpError(TfLiteContext* context, const TfLiteNode& node,
      |                                                    ~~~~~~~~~~~~~~~~~~^~~~
/gpfs/work5/0/prjs2109/dataset/repos/pomaidb/src/ai/tensor_core/tensorflow/lite/core/subgraph.cc: In destructor ‘virtual tflite::Subgraph::~Subgraph()’:
/gpfs/work5/0/prjs2109/dataset/repos/pomaidb/src/ai/tensor_core/tensorflow/lite/core/subgraph.cc:299:39: warning: comparison of integer expressions of different signedness: ‘int’ and ‘std::vector<std::pair<TfLiteNode, TfLiteRegistration> >::size_type’ {aka ‘long unsigned int’} [-Wsign-compare]
  299 |   for (int node_index = 0; node_index < nodes_and_registration_.size();
      |                            ~~~~~~~~~~~^~~~~~~~~~~~~~~~~~~~~~~~~~~~~~~~
/gpfs/work5/0/prjs2109/dataset/repos/pomaidb/src/ai/tensor_core/tensorflow/lite/core/interpreter.cc: In member function ‘TfLiteStatus tflite::impl::Interpreter::SetMetadata(const std::map<std::__cxx11::basic_string<char>, std::__cxx11::basic_string<char> >&)’:
/gpfs/work5/0/prjs2109/dataset/repos/pomaidb/src/ai/tensor_core/tensorflow/lite/core/interpreter.cc:445:47: warning: comparison of integer expressions of different signedness: ‘int’ and ‘std::vector<std::unique_ptr<tflite::Subgraph> >::size_type’ {aka ‘long unsigned int’} [-Wsign-compare]
  445 |   for (int subgraph_index = 0; subgraph_index < subgraphs_.size();
      |                                ~~~~~~~~~~~~~~~^~~~~~~~~~~~~~~~~~~
/gpfs/work5/0/prjs2109/dataset/repos/pomaidb/src/ai/tensor_core/tensorflow/lite/core/interpreter.cc: In member function ‘void tflite::impl::Interpreter::SetSubgraphProfiler()’:
/gpfs/work5/0/prjs2109/dataset/repos/pomaidb/src/ai/tensor_core/tensorflow/lite/core/interpreter.cc:487:47: warning: comparison of integer expressions of different signedness: ‘int’ and ‘std::vector<std::unique_ptr<tflite::Subgraph> >::size_type’ {aka ‘long unsigned int’} [-Wsign-compare]
  487 |   for (int subgraph_index = 0; subgraph_index < subgraphs_.size();
      |                                ~~~~~~~~~~~~~~~^~~~~~~~~~~~~~~~~~~
/gpfs/work5/0/prjs2109/dataset/repos/pomaidb/src/ai/tensor_core/tensorflow/lite/core/interpreter.cc: In member function ‘std::unique_ptr<tflite::internal::SignatureDef> tflite::impl::Interpreter::CreatePlaceholderSignatureDef()’:
/gpfs/work5/0/prjs2109/dataset/repos/pomaidb/src/ai/tensor_core/tensorflow/lite/core/interpreter.cc:569:22: warning: comparison of integer expressions of different signedness: ‘int’ and ‘std::vector<int>::size_type’ {aka ‘long unsigned int’} [-Wsign-compare]
  569 |   for (auto i = 0; i < inputs().size(); ++i) {
      |                    ~~^~~~~~~~~~~~~~~~~
/gpfs/work5/0/prjs2109/dataset/repos/pomaidb/src/ai/tensor_core/tensorflow/lite/core/interpreter.cc:577:22: warning: comparison of integer expressions of different signedness: ‘int’ and ‘std::vector<int>::size_type’ {aka ‘long unsigned int’} [-Wsign-compare]
  577 |   for (auto i = 0; i < outputs().size(); ++i) {
      |                    ~~^~~~~~~~~~~~~~~~~~
/gpfs/work5/0/prjs2109/dataset/repos/pomaidb/src/ai/tensor_core/tensorflow/lite/core/subgraph.cc: In member function ‘std::vector<int> tflite::Subgraph::GetInputTensorsCount()’:
/gpfs/work5/0/prjs2109/dataset/repos/pomaidb/src/ai/tensor_core/tensorflow/lite/core/subgraph.cc:964:29: warning: comparison of integer expressions of different signedness: ‘int’ and ‘std::vector<int>::size_type’ {aka ‘long unsigned int’} [-Wsign-compare]
  964 |        execution_plan_index < execution_plan().size(); execution_plan_index++) {
      |        ~~~~~~~~~~~~~~~~~~~~~^~~~~~~~~~~~~~~~~~~~~~~~~
/gpfs/work5/0/prjs2109/dataset/repos/pomaidb/src/ai/tensor_core/tensorflow/lite/core/subgraph.cc:975:21: warning: comparison of integer expressions of different signedness: ‘int’ and ‘std::vector<int>::size_type’ {aka ‘long unsigned int’} [-Wsign-compare]
  975 |   for (int i = 0; i < outputs_.size(); ++i) {
      |                   ~~^~~~~~~~~~~~~~~~~
/gpfs/work5/0/prjs2109/dataset/repos/pomaidb/src/ai/tensor_core/tensorflow/lite/core/subgraph.cc: In function ‘bool tflite::{anonymous}::AnyTensorOfTypeResource(const std::vector<TfLiteTensor>&, const TfLiteIntArray*)’:
/gpfs/work5/0/prjs2109/dataset/repos/pomaidb/src/ai/tensor_core/tensorflow/lite/core/subgraph.cc:1186:43: warning: comparison of integer expressions of different signedness: ‘int’ and ‘std::vector<TfLiteTensor>::size_type’ {aka ‘long unsigned int’} [-Wsign-compare]
 1186 |     if (tensor_index >= 0 && tensor_index < tensors.size() &&
      |                              ~~~~~~~~~~~~~^~~~~~~~~~~~~~~~
/gpfs/work5/0/prjs2109/dataset/repos/pomaidb/src/ai/tensor_core/tensorflow/lite/core/subgraph.cc: In member function ‘TfLiteStatus tflite::Subgraph::ResizeInputTensor(int, const int*, int)’:
/gpfs/work5/0/prjs2109/dataset/repos/pomaidb/src/ai/tensor_core/tensorflow/lite/core/subgraph.cc:1226:31: warning: comparison of integer expressions of different signedness: ‘int’ and ‘size_t’ {aka ‘long unsigned int’} [-Wsign-compare]
 1226 |                  tensor_index < context_.tensors_size && tensor_index >= 0);
      |                  ~~~~~~~~~~~~~^~~~~~~~~~~~~~~~~~~~~~~
/gpfs/work5/0/prjs2109/dataset/repos/pomaidb/src/ai/tensor_core/tensorflow/lite/core/c/common.h:229:11: note: in definition of macro ‘TF_LITE_ENSURE’
  229 |     if (!(a)) {                                                         \
      |           ^
/gpfs/work5/0/prjs2109/dataset/repos/pomaidb/src/ai/tensor_core/tensorflow/lite/core/subgraph.cc: In member function ‘TfLiteStatus tflite::Subgraph::ResizeInputTensorStrict(int, const std::vector<int>&)’:
/gpfs/work5/0/prjs2109/dataset/repos/pomaidb/src/ai/tensor_core/tensorflow/lite/core/subgraph.cc:1256:31: warning: comparison of integer expressions of different signedness: ‘int’ and ‘size_t’ {aka ‘long unsigned int’} [-Wsign-compare]
 1256 |                  tensor_index < context_.tensors_size && tensor_index >= 0);
      |                  ~~~~~~~~~~~~~^~~~~~~~~~~~~~~~~~~~~~~
/gpfs/work5/0/prjs2109/dataset/repos/pomaidb/src/ai/tensor_core/tensorflow/lite/core/c/common.h:229:11: note: in definition of macro ‘TF_LITE_ENSURE’
  229 |     if (!(a)) {                                                         \
      |           ^
/gpfs/work5/0/prjs2109/dataset/repos/pomaidb/src/ai/tensor_core/tensorflow/lite/core/c/common.h:252:13: warning: comparison of integer expressions of different signedness: ‘int’ and ‘std::vector<int>::size_type’ {aka ‘long unsigned int’} [-Wsign-compare]
  252 |     if ((a) != (b)) {                                                      \
      |         ~~~~^~~~~~
/gpfs/work5/0/prjs2109/dataset/repos/pomaidb/src/ai/tensor_core/tensorflow/lite/core/subgraph.cc:1260:3: note: in expansion of macro ‘TF_LITE_ENSURE_EQ’
 1260 |   TF_LITE_ENSURE_EQ(&context_, tensor->dims->size, dims.size());
      |   ^~~~~~~~~~~~~~~~~
/gpfs/work5/0/prjs2109/dataset/repos/pomaidb/src/ai/tensor_core/tensorflow/lite/core/subgraph.cc: In member function ‘TfLiteStatus tflite::Subgraph::PrepareOpsStartingAt(int, const std::vector<int>&, int*)’:
/gpfs/work5/0/prjs2109/dataset/repos/pomaidb/src/ai/tensor_core/tensorflow/lite/core/subgraph.cc:1530:29: warning: comparison of integer expressions of different signedness: ‘int’ and ‘std::vector<int>::size_type’ {aka ‘long unsigned int’} [-Wsign-compare]
 1530 |        execution_plan_index < execution_plan.size(); execution_plan_index++) {
      |        ~~~~~~~~~~~~~~~~~~~~~^~~~~~~~~~~~~~~~~~~~~~~
/gpfs/work5/0/prjs2109/dataset/repos/pomaidb/src/ai/tensor_core/tensorflow/lite/core/subgraph.cc: In member function ‘TfLiteStatus tflite::Subgraph::PrepareOpsAndTensors()’:
/gpfs/work5/0/prjs2109/dataset/repos/pomaidb/src/ai/tensor_core/tensorflow/lite/core/subgraph.cc:1569:23: warning: comparison of integer expressions of different signedness: ‘int’ and ‘std::vector<TfLiteDelegate*>::size_type’ {aka ‘long unsigned int’} [-Wsign-compare]
 1569 |     for (int i = 0; i < delegates_applied_.size(); ++i) {
      |                     ~~^~~~~~~~~~~~~~~~~~~~~~~~~~~
/gpfs/work5/0/prjs2109/dataset/repos/pomaidb/src/ai/tensor_core/tensorflow/lite/core/subgraph.cc: In member function ‘TfLiteStatus tflite::Subgraph::InvokeImpl()’:
/gpfs/work5/0/prjs2109/dataset/repos/pomaidb/src/ai/tensor_core/tensorflow/lite/core/subgraph.cc:1682:29: warning: comparison of integer expressions of different signedness: ‘int’ and ‘std::vector<int>::size_type’ {aka ‘long unsigned int’} [-Wsign-compare]
 1682 |        execution_plan_index < execution_plan_.size(); execution_plan_index++) {
      |        ~~~~~~~~~~~~~~~~~~~~~^~~~~~~~~~~~~~~~~~~~~~~~
/gpfs/work5/0/prjs2109/dataset/repos/pomaidb/src/ai/tensor_core/tensorflow/lite/core/subgraph.cc: In member function ‘TfLiteStatus tflite::Subgraph::SetTensorParametersReadOnly(int, TfLiteType, const char*, size_t, const int*, TfLiteQuantization, const char*, size_t, const tflite::Allocation*, TfLiteSparsity*, size_t, size_t)’:
/gpfs/work5/0/prjs2109/dataset/repos/pomaidb/src/ai/tensor_core/tensorflow/lite/core/subgraph.cc:1932:31: warning: comparison of integer expressions of different signedness: ‘int’ and ‘size_t’ {aka ‘long unsigned int’} [-Wsign-compare]
 1932 |                  tensor_index < context_.tensors_size && tensor_index >= 0);
      |                  ~~~~~~~~~~~~~^~~~~~~~~~~~~~~~~~~~~~~
/gpfs/work5/0/prjs2109/dataset/repos/pomaidb/src/ai/tensor_core/tensorflow/lite/core/c/common.h:229:11: note: in definition of macro ‘TF_LITE_ENSURE’
  229 |     if (!(a)) {                                                         \
      |           ^
/gpfs/work5/0/prjs2109/dataset/repos/pomaidb/src/ai/tensor_core/tensorflow/lite/core/subgraph.cc: In member function ‘TfLiteStatus tflite::Subgraph::SetTensorParametersReadWrite(int, TfLiteType, const char*, size_t, const int*, TfLiteQuantization, bool, size_t, const int*, size_t)’:
/gpfs/work5/0/prjs2109/dataset/repos/pomaidb/src/ai/tensor_core/tensorflow/lite/core/subgraph.cc:2003:31: warning: comparison of integer expressions of different signedness: ‘int’ and ‘size_t’ {aka ‘long unsigned int’} [-Wsign-compare]
 2003 |                  tensor_index < context_.tensors_size && tensor_index >= 0);
      |                  ~~~~~~~~~~~~~^~~~~~~~~~~~~~~~~~~~~~~
/gpfs/work5/0/prjs2109/dataset/repos/pomaidb/src/ai/tensor_core/tensorflow/lite/core/c/common.h:229:11: note: in definition of macro ‘TF_LITE_ENSURE’
  229 |     if (!(a)) {                                                         \
      |           ^
/gpfs/work5/0/prjs2109/dataset/repos/pomaidb/src/ai/tensor_core/tensorflow/lite/core/subgraph.cc: In member function ‘TfLiteStatus tflite::Subgraph::SetExecutionPlan(const std::vector<int>&)’:
/gpfs/work5/0/prjs2109/dataset/repos/pomaidb/src/ai/tensor_core/tensorflow/lite/core/subgraph.cc:2048:46: warning: comparison of integer expressions of different signedness: ‘int’ and ‘std::vector<std::pair<TfLiteNode, TfLiteRegistration> >::size_type’ {aka ‘long unsigned int’} [-Wsign-compare]
 2048 |                                   node_index < nodes_and_registration_.size());
      |                                   ~~~~~~~~~~~^~~~~~~~~~~~~~~~~~~~~~~~~~~~~~~~
/gpfs/work5/0/prjs2109/dataset/repos/pomaidb/src/ai/tensor_core/tensorflow/lite/core/c/common.h:229:11: note: in definition of macro ‘TF_LITE_ENSURE’
  229 |     if (!(a)) {                                                         \
      |           ^
/gpfs/work5/0/prjs2109/dataset/repos/pomaidb/src/ai/tensor_core/tensorflow/lite/core/subgraph.cc: In member function ‘void tflite::Subgraph::OptimizeMemoryForLargeTensors(int)’:
/gpfs/work5/0/prjs2109/dataset/repos/pomaidb/src/ai/tensor_core/tensorflow/lite/core/subgraph.cc:2105:23: warning: comparison of integer expressions of different signedness: ‘size_t’ {aka ‘long unsigned int’} and ‘int’ [-Wsign-compare]
 2105 |     if (tensor->bytes >= large_tensors_thresholds_in_bytes &&
      |         ~~~~~~~~~~~~~~^~~~~~~~~~~~~~~~~~~~~~~~~~~~~~~~~~~~
/gpfs/work5/0/prjs2109/dataset/repos/pomaidb/src/ai/tensor_core/tensorflow/lite/core/subgraph.cc: In lambda function:
/gpfs/work5/0/prjs2109/dataset/repos/pomaidb/src/ai/tensor_core/tensorflow/lite/core/subgraph.cc:2137:46: warning: unused parameter ‘node_index’ [-Wunused-parameter]
 2137 |                                          int node_index, TfLiteNode** node,
      |                                          ~~~~^~~~~~~~~~
/gpfs/work5/0/prjs2109/dataset/repos/pomaidb/src/ai/tensor_core/tensorflow/lite/core/subgraph.cc:2137:71: warning: unused parameter ‘node’ [-Wunused-parameter]
 2137 |                                          int node_index, TfLiteNode** node,
      |                                                          ~~~~~~~~~~~~~^~~~
/gpfs/work5/0/prjs2109/dataset/repos/pomaidb/src/ai/tensor_core/tensorflow/lite/core/subgraph.cc:2138:63: warning: unused parameter ‘registration’ [-Wunused-parameter]
 2138 |                                          TfLiteRegistration** registration) {
      |                                          ~~~~~~~~~~~~~~~~~~~~~^~~~~~~~~~~~
/gpfs/work5/0/prjs2109/dataset/repos/pomaidb/src/ai/tensor_core/tensorflow/lite/core/subgraph.cc: In lambda function:
/gpfs/work5/0/prjs2109/dataset/repos/pomaidb/src/ai/tensor_core/tensorflow/lite/core/subgraph.cc:2142:55: warning: unused parameter ‘registration’ [-Wunused-parameter]
 2142 |         [](TfLiteContext* context, TfLiteRegistration registration,
      |                                    ~~~~~~~~~~~~~~~~~~~^~~~~~~~~~~~
/gpfs/work5/0/prjs2109/dataset/repos/pomaidb/src/ai/tensor_core/tensorflow/lite/core/subgraph.cc:2143:34: warning: unused parameter ‘nodes_to_replace’ [-Wunused-parameter]
 2143 |            const TfLiteIntArray* nodes_to_replace, TfLiteDelegate* delegate) {
      |            ~~~~~~~~~~~~~~~~~~~~~~^~~~~~~~~~~~~~~~
/gpfs/work5/0/prjs2109/dataset/repos/pomaidb/src/ai/tensor_core/tensorflow/lite/core/subgraph.cc:2143:68: warning: unused parameter ‘delegate’ [-Wunused-parameter]
 2143 |            const TfLiteIntArray* nodes_to_replace, TfLiteDelegate* delegate) {
      |                                                    ~~~~~~~~~~~~~~~~^~~~~~~~
/gpfs/work5/0/prjs2109/dataset/repos/pomaidb/src/ai/tensor_core/tensorflow/lite/core/subgraph.cc: In lambda function:
/gpfs/work5/0/prjs2109/dataset/repos/pomaidb/src/ai/tensor_core/tensorflow/lite/core/subgraph.cc:2152:34: warning: unused parameter ‘nodes_to_replace’ [-Wunused-parameter]
 2152 |            const TfLiteIntArray* nodes_to_replace,
      |            ~~~~~~~~~~~~~~~~~~~~~~^~~~~~~~~~~~~~~~
/gpfs/work5/0/prjs2109/dataset/repos/pomaidb/src/ai/tensor_core/tensorflow/lite/core/subgraph.cc:2153:35: warning: unused parameter ‘partition_params_array’ [-Wunused-parameter]
 2153 |            TfLiteDelegateParams** partition_params_array,
      |            ~~~~~~~~~~~~~~~~~~~~~~~^~~~~~~~~~~~~~~~~~~~~~
/gpfs/work5/0/prjs2109/dataset/repos/pomaidb/src/ai/tensor_core/tensorflow/lite/core/subgraph.cc:2154:17: warning: unused parameter ‘num_partitions’ [-Wunused-parameter]
 2154 |            int* num_partitions) { return ForbiddenContextFunction(context); };
      |            ~~~~~^~~~~~~~~~~~~~
/gpfs/work5/0/prjs2109/dataset/repos/pomaidb/src/ai/tensor_core/tensorflow/lite/core/subgraph.cc: In lambda function:
/gpfs/work5/0/prjs2109/dataset/repos/pomaidb/src/ai/tensor_core/tensorflow/lite/core/subgraph.cc:2156:46: warning: unused parameter ‘subgraph_index’ [-Wunused-parameter]
 2156 |                                          int subgraph_index,
      |                                          ~~~~^~~~~~~~~~~~~~
/gpfs/work5/0/prjs2109/dataset/repos/pomaidb/src/ai/tensor_core/tensorflow/lite/core/subgraph.cc:2157:58: warning: unused parameter ‘acquired_context’ [-Wunused-parameter]
 2157 |                                          TfLiteContext** acquired_context) {
      |                                          ~~~~~~~~~~~~~~~~^~~~~~~~~~~~~~~~
/gpfs/work5/0/prjs2109/dataset/repos/pomaidb/src/ai/tensor_core/tensorflow/lite/core/subgraph.cc: In lambda function:
/gpfs/work5/0/prjs2109/dataset/repos/pomaidb/src/ai/tensor_core/tensorflow/lite/core/subgraph.cc:2161:46: warning: unused parameter ‘subgraph_index’ [-Wunused-parameter]
 2161 |                                          int subgraph_index) {
      |                                          ~~~~^~~~~~~~~~~~~~
/gpfs/work5/0/prjs2109/dataset/repos/pomaidb/src/ai/tensor_core/tensorflow/lite/core/subgraph.cc: In member function ‘TfLiteStatus tflite::Subgraph::UndoAllDelegates()’:
/gpfs/work5/0/prjs2109/dataset/repos/pomaidb/src/ai/tensor_core/tensorflow/lite/core/subgraph.cc:2178:29: warning: comparison of integer expressions of different signedness: ‘int’ and ‘std::vector<int>::size_type’ {aka ‘long unsigned int’} [-Wsign-compare]
 2178 |        execution_plan_index < execution_plan_.size(); ++execution_plan_index) {
      |        ~~~~~~~~~~~~~~~~~~~~~^~~~~~~~~~~~~~~~~~~~~~~~
/gpfs/work5/0/prjs2109/dataset/repos/pomaidb/src/ai/tensor_core/tensorflow/lite/core/subgraph.cc:2202:29: warning: comparison of integer expressions of different signedness: ‘int’ and ‘std::vector<int>::size_type’ {aka ‘long unsigned int’} [-Wsign-compare]
 2202 |        execution_plan_index < execution_plan_.size(); ++execution_plan_index) {
      |        ~~~~~~~~~~~~~~~~~~~~~^~~~~~~~~~~~~~~~~~~~~~~~
/gpfs/work5/0/prjs2109/dataset/repos/pomaidb/src/ai/tensor_core/tensorflow/lite/core/subgraph.cc:2220:29: warning: comparison of integer expressions of different signedness: ‘int’ and ‘std::vector<int>::size_type’ {aka ‘long unsigned int’} [-Wsign-compare]
 2220 |        execution_plan_index < execution_plan_.size(); ++execution_plan_index) {
      |        ~~~~~~~~~~~~~~~~~~~~~^~~~~~~~~~~~~~~~~~~~~~~~
/gpfs/work5/0/prjs2109/dataset/repos/pomaidb/src/ai/tensor_core/tensorflow/lite/core/subgraph.cc:2240:29: warning: comparison of integer expressions of different signedness: ‘int’ and ‘std::vector<int>::size_type’ {aka ‘long unsigned int’} [-Wsign-compare]
 2240 |        execution_plan_index < execution_plan_.size(); ++execution_plan_index) {
      |        ~~~~~~~~~~~~~~~~~~~~~^~~~~~~~~~~~~~~~~~~~~~~~
/gpfs/work5/0/prjs2109/dataset/repos/pomaidb/src/ai/tensor_core/tensorflow/lite/core/subgraph.cc: In member function ‘TfLiteStatus tflite::Subgraph::ReplaceNodeWithSubgraph(int, const TfLiteNode&, int, int&)’:
/gpfs/work5/0/prjs2109/dataset/repos/pomaidb/src/ai/tensor_core/tensorflow/lite/core/subgraph.cc:2285:44: warning: comparison of integer expressions of different signedness: ‘const int’ and ‘std::vector<std::unique_ptr<tflite::Subgraph> >::size_type’ {aka ‘long unsigned int’} [-Wsign-compare]
 2285 |   TF_LITE_ENSURE(context(), subgraph_index < subgraphs->size());
      |                             ~~~~~~~~~~~~~~~^~~~~~~~~~~~~~~~~~~
/gpfs/work5/0/prjs2109/dataset/repos/pomaidb/src/ai/tensor_core/tensorflow/lite/core/c/common.h:229:11: note: in definition of macro ‘TF_LITE_ENSURE’
  229 |     if (!(a)) {                                                         \
      |           ^
/gpfs/work5/0/prjs2109/dataset/repos/pomaidb/src/ai/tensor_core/tensorflow/lite/core/subgraph.cc:2295:21: warning: comparison of integer expressions of different signedness: ‘int’ and ‘std::vector<int>::size_type’ {aka ‘long unsigned int’} [-Wsign-compare]
 2295 |   for (int i = 0; i < subgraph->inputs_.size(); ++i) {
      |                   ~~^~~~~~~~~~~~~~~~~~~~~~~~~~
/gpfs/work5/0/prjs2109/dataset/repos/pomaidb/src/ai/tensor_core/tensorflow/lite/core/subgraph.cc:2298:21: warning: comparison of integer expressions of different signedness: ‘int’ and ‘std::vector<int>::size_type’ {aka ‘long unsigned int’} [-Wsign-compare]
 2298 |   for (int i = 0; i < subgraph->outputs_.size(); ++i) {
      |                   ~~^~~~~~~~~~~~~~~~~~~~~~~~~~~
/gpfs/work5/0/prjs2109/dataset/repos/pomaidb/src/ai/tensor_core/tensorflow/lite/core/subgraph.cc:2351:23: warning: comparison of integer expressions of different signedness: ‘int’ and ‘std::vector<int>::size_type’ {aka ‘long unsigned int’} [-Wsign-compare]
 2351 |     for (int i = 0; i < node_inputs.size(); ++i) {
      |                     ~~^~~~~~~~~~~~~~~~~~~~
/gpfs/work5/0/prjs2109/dataset/repos/pomaidb/src/ai/tensor_core/tensorflow/lite/core/subgraph.cc:2355:23: warning: comparison of integer expressions of different signedness: ‘int’ and ‘std::vector<int>::size_type’ {aka ‘long unsigned int’} [-Wsign-compare]
 2355 |     for (int i = 0; i < node_outputs.size(); ++i) {
      |                     ~~^~~~~~~~~~~~~~~~~~~~~
/gpfs/work5/0/prjs2109/dataset/repos/pomaidb/src/ai/tensor_core/tensorflow/lite/core/subgraph.cc:2360:23: warning: comparison of integer expressions of different signedness: ‘int’ and ‘std::vector<int>::size_type’ {aka ‘long unsigned int’} [-Wsign-compare]
 2360 |     for (int i = 0; i < node_intermediates.size(); ++i) {
      |                     ~~^~~~~~~~~~~~~~~~~~~~~~~~~~~
/gpfs/work5/0/prjs2109/dataset/repos/pomaidb/src/ai/tensor_core/tensorflow/lite/core/c/common.h:238:24: warning: declaration of ‘s’ shadows a previous local [-Wshadow]
  238 |     const TfLiteStatus s = (a);  \
      |                        ^
/gpfs/work5/0/prjs2109/dataset/repos/pomaidb/src/ai/tensor_core/tensorflow/lite/core/subgraph.cc:2369:5: note: in expansion of macro ‘TF_LITE_ENSURE_STATUS’
 2369 |     TF_LITE_ENSURE_STATUS(AddNodeWithParameters(
      |     ^~~~~~~~~~~~~~~~~~~~~
/gpfs/work5/0/prjs2109/dataset/repos/pomaidb/src/ai/tensor_core/tensorflow/lite/core/subgraph.cc:2322:18: note: shadowed declaration is here
 2322 |   for (const int s : subgraph_execution_plan) {
      |                  ^
/gpfs/work5/0/prjs2109/dataset/repos/pomaidb/src/ai/tensor_core/tensorflow/lite/core/subgraph.cc: In member function ‘TfLiteStatus tflite::Subgraph::InlineCompositeNodes()’:
/gpfs/work5/0/prjs2109/dataset/repos/pomaidb/src/ai/tensor_core/tensorflow/lite/core/subgraph.cc:2412:51: warning: comparison of integer expressions of different signedness: ‘int’ and ‘std::vector<int>::size_type’ {aka ‘long unsigned int’} [-Wsign-compare]
 2412 |     for (int execution_index = 0; execution_index < execution_plan_.size();
      |                                   ~~~~~~~~~~~~~~~~^~~~~~~~~~~~~~~~~~~~~~~~
/gpfs/work5/0/prjs2109/dataset/repos/pomaidb/src/ai/tensor_core/tensorflow/lite/core/subgraph.cc: In member function ‘void tflite::Subgraph::InitializeTensorReleaseMap()’:
/gpfs/work5/0/prjs2109/dataset/repos/pomaidb/src/ai/tensor_core/tensorflow/lite/core/subgraph.cc:2669:21: warning: comparison of integer expressions of different signedness: ‘int’ and ‘std::vector<int>::size_type’ {aka ‘long unsigned int’} [-Wsign-compare]
 2669 |   for (int i = 0; i < execution_plan_.size(); ++i) {
      |                   ~~^~~~~~~~~~~~~~~~~~~~~~~~
/gpfs/work5/0/prjs2109/dataset/repos/pomaidb/src/ai/tensor_core/tensorflow/lite/core/subgraph.cc: In member function ‘void tflite::Subgraph::MaybeReleaseDynamicTensors(const TfLiteNode&, size_t)’:
/gpfs/work5/0/prjs2109/dataset/repos/pomaidb/src/ai/tensor_core/tensorflow/lite/core/subgraph.cc:2717:60: warning: comparison of integer expressions of different signedness: ‘int’ and ‘size_t’ {aka ‘long unsigned int’} [-Wsign-compare]
 2717 |     if (it != tensor_to_last_op_index_.end() && it->second == node_index) {
      |                                                 ~~~~~~~~~~~^~~~~~~~~~~~~
/gpfs/work5/0/prjs2109/dataset/repos/pomaidb/src/ai/tensor_core/tensorflow/lite/core/subgraph.cc:2737:60: warning: comparison of integer expressions of different signedness: ‘int’ and ‘size_t’ {aka ‘long unsigned int’} [-Wsign-compare]
 2737 |     if (it != tensor_to_last_op_index_.end() && it->second == node_index) {
      |                                                 ~~~~~~~~~~~^~~~~~~~~~~~~
In file included from /gpfs/work5/0/prjs2109/dataset/repos/pomaidb/src/ai/tensor_core/tensorflow/lite/profiling/telemetry/profiler.h:24,
                 from /gpfs/work5/0/prjs2109/dataset/repos/pomaidb/src/ai/tensor_core/tensorflow/lite/core/interpreter_builder.h:43,
                 from /gpfs/work5/0/prjs2109/dataset/repos/pomaidb/src/ai/tensor_core/tensorflow/lite/core/model.h:26,
                 from /gpfs/work5/0/prjs2109/dataset/repos/pomaidb/src/ai/tensor_core/tensorflow/lite/core/kernels/register.h:22,
                 from /gpfs/work5/0/prjs2109/dataset/repos/pomaidb/src/ai/tensor_core/tensorflow/lite/kernels/register.h:20,
                 from /gpfs/work5/0/prjs2109/dataset/repos/pomaidb/src/ai/ai_engine.cpp:16:
/gpfs/work5/0/prjs2109/dataset/repos/pomaidb/src/ai/tensor_core/tensorflow/lite/profiling/telemetry/telemetry_status.h: In constructor ‘tflite::telemetry::TelemetryStatusCode::TelemetryStatusCode(tflite::telemetry::TelemetrySource, uint32_t)’:
/gpfs/work5/0/prjs2109/dataset/repos/pomaidb/src/ai/tensor_core/tensorflow/lite/profiling/telemetry/telemetry_status.h:50:56: warning: declaration of ‘status_code’ shadows a member of ‘tflite::telemetry::TelemetryStatusCode’ [-Wshadow]
   50 |   TelemetryStatusCode(TelemetrySource source, uint32_t status_code)
      |                                               ~~~~~~~~~^~~~~~~~~~~
/gpfs/work5/0/prjs2109/dataset/repos/pomaidb/src/ai/tensor_core/tensorflow/lite/profiling/telemetry/telemetry_status.h:46:12: note: shadowed declaration is here
   46 |   uint32_t status_code = 0;
      |            ^~~~~~~~~~~
/gpfs/work5/0/prjs2109/dataset/repos/pomaidb/src/ai/tensor_core/tensorflow/lite/profiling/telemetry/telemetry_status.h:50:39: warning: declaration of ‘source’ shadows a member of ‘tflite::telemetry::TelemetryStatusCode’ [-Wshadow]
   50 |   TelemetryStatusCode(TelemetrySource source, uint32_t status_code)
      |                       ~~~~~~~~~~~~~~~~^~~~~~
/gpfs/work5/0/prjs2109/dataset/repos/pomaidb/src/ai/tensor_core/tensorflow/lite/profiling/telemetry/telemetry_status.h:45:19: note: shadowed declaration is here
   45 |   TelemetrySource source = TelemetrySource::TFLITE_INTERPRETER;
      |                   ^~~~~~
In file included from /gpfs/work5/0/prjs2109/dataset/repos/pomaidb/src/ai/tensor_core/absl/container/internal/raw_hash_map.h:26,
                 from /gpfs/work5/0/prjs2109/dataset/repos/pomaidb/src/ai/tensor_core/absl/container/flat_hash_map.h:42:
/gpfs/work5/0/prjs2109/dataset/repos/pomaidb/src/ai/tensor_core/absl/container/internal/raw_hash_set.h: In function ‘__m128i absl::lts_20240116::container_internal::_mm_cmpgt_epi8_fixed(__m128i, __m128i)’:
/gpfs/work5/0/prjs2109/dataset/repos/pomaidb/src/ai/tensor_core/absl/container/internal/raw_hash_set.h:604:40: warning: overflow in conversion from ‘int’ to ‘char’ changes value from ‘128’ to ‘-128’ [-Woverflow]
  604 |     const __m128i mask = _mm_set1_epi8(0x80);
      |                                        ^~~~
/gpfs/work5/0/prjs2109/dataset/repos/pomaidb/src/ai/tensor_core/tensorflow/lite/core/interpreter_builder.cc: In instantiation of ‘std::vector<int> tflite::{anonymous}::FlatBufferIntArrayToVector(T*) [with T = const flatbuffers::Vector<int>]’:
/gpfs/work5/0/prjs2109/dataset/repos/pomaidb/src/ai/tensor_core/tensorflow/lite/core/interpreter_builder.cc:398:35:   required from here
  398 |         FlatBufferIntArrayToVector(op->inputs()),
      |         ~~~~~~~~~~~~~~~~~~~~~~~~~~^~~~~~~~~~~~~~
/gpfs/work5/0/prjs2109/dataset/repos/pomaidb/src/ai/tensor_core/tensorflow/lite/core/interpreter_builder.cc:305:21: warning: comparison of integer expressions of different signedness: ‘int’ and ‘unsigned int’ [-Wsign-compare]
  305 |   for (int i = 0; i < flat_array->size(); i++) {
      |                   ~~^~~~~~~~~~~~~~~~~~~~
/gpfs/work5/0/prjs2109/dataset/repos/pomaidb/src/ai/tensor_core/tensorflow/lite/core/subgraph.cc: In instantiation of ‘Params* tflite::{anonymous}::CreateDelegateParamsImpl(TfLiteDelegate*, const tflite::NodeSubset&) [with Params = TfLiteDelegateParams; TfLiteDelegate = TfLiteDelegate]’:
/gpfs/work5/0/prjs2109/dataset/repos/pomaidb/src/ai/tensor_core/tensorflow/lite/core/subgraph.cc:438:53:   required from here
  438 |       CreateDelegateParamsImpl<TfLiteDelegateParams>(delegate, node_subset);
      |       ~~~~~~~~~~~~~~~~~~~~~~~~~~~~~~~~~~~~~~~~~~~~~~^~~~~~~~~~~~~~~~~~~~~~~
/gpfs/work5/0/prjs2109/dataset/repos/pomaidb/src/ai/tensor_core/tensorflow/lite/core/subgraph.cc:392:50: warning: unused parameter ‘delegate’ [-Wunused-parameter]
  392 | Params* CreateDelegateParamsImpl(TfLiteDelegate* delegate,
      |                                  ~~~~~~~~~~~~~~~~^~~~~~~~
/gpfs/work5/0/prjs2109/dataset/repos/pomaidb/src/ai/tensor_core/tensorflow/lite/core/subgraph.cc: In instantiation of ‘Params* tflite::{anonymous}::CreateDelegateParamsImpl(TfLiteDelegate*, const tflite::NodeSubset&) [with Params = TfLiteOpaqueDelegateParams; TfLiteDelegate = TfLiteDelegate]’:
/gpfs/work5/0/prjs2109/dataset/repos/pomaidb/src/ai/tensor_core/tensorflow/lite/core/subgraph.cc:446:59:   required from here
  446 |       CreateDelegateParamsImpl<TfLiteOpaqueDelegateParams>(delegate,
      |       ~~~~~~~~~~~~~~~~~~~~~~~~~~~~~~~~~~~~~~~~~~~~~~~~~~~~^~~~~~~~~~
  447 |                                                            node_subset);
      |                                                            ~~~~~~~~~~~~
/gpfs/work5/0/prjs2109/dataset/repos/pomaidb/src/ai/tensor_core/tensorflow/lite/core/subgraph.cc:392:50: warning: unused parameter ‘delegate’ [-Wunused-parameter]
  392 | Params* CreateDelegateParamsImpl(TfLiteDelegate* delegate,
      |                                  ~~~~~~~~~~~~~~~~^~~~~~~~
/gpfs/work5/0/prjs2109/dataset/repos/pomaidb/src/ai/tensor_core/tensorflow/lite/core/model_building.cc: In constructor ‘tflite::model_builder::TensorInfo::TensorInfo(int, TfLiteType)’:
/gpfs/work5/0/prjs2109/dataset/repos/pomaidb/src/ai/tensor_core/tensorflow/lite/core/model_building.cc:110:34: warning: declaration of ‘type’ shadows a member of ‘tflite::model_builder::TensorInfo’ [-Wshadow]
  110 |   TensorInfo(int idx, TfLiteType type) : idx(idx), type(type) {}
      |                       ~~~~~~~~~~~^~~~
/gpfs/work5/0/prjs2109/dataset/repos/pomaidb/src/ai/tensor_core/tensorflow/lite/core/model_building.cc:114:14: note: shadowed declaration is here
  114 |   TfLiteType type;
      |              ^~~~
/gpfs/work5/0/prjs2109/dataset/repos/pomaidb/src/ai/tensor_core/tensorflow/lite/core/model_building.cc:110:18: warning: declaration of ‘idx’ shadows a member of ‘tflite::model_builder::TensorInfo’ [-Wshadow]
  110 |   TensorInfo(int idx, TfLiteType type) : idx(idx), type(type) {}
      |              ~~~~^~~
/gpfs/work5/0/prjs2109/dataset/repos/pomaidb/src/ai/tensor_core/tensorflow/lite/core/model_building.cc:113:13: note: shadowed declaration is here
  113 |   TensorIdx idx;
      |             ^~~
/gpfs/work5/0/prjs2109/dataset/repos/pomaidb/src/ai/tensor_core/tensorflow/lite/core/model_building.cc: In member function ‘tflite::model_builder::TensorInfo& tflite::model_builder::GraphInfo::NewTensor(TfLiteType, int)’:
/gpfs/work5/0/prjs2109/dataset/repos/pomaidb/src/ai/tensor_core/tensorflow/lite/core/model_building.cc:164:15: warning: declaration of ‘idx’ shadows a member of ‘tflite::model_builder::GraphInfo’ [-Wshadow]
  164 |     const int idx = tensors.size();
      |               ^~~
/gpfs/work5/0/prjs2109/dataset/repos/pomaidb/src/ai/tensor_core/tensorflow/lite/core/model_building.cc:149:12: note: shadowed declaration is here
  149 |   GraphIdx idx;
      |            ^~~
/gpfs/work5/0/prjs2109/dataset/repos/pomaidb/src/ai/tensor_core/tensorflow/lite/core/model_building.cc: In member function ‘const tflite::model_builder::TensorInfo& tflite::model_builder::GraphInfo::GetOutput(int) const’:
/gpfs/work5/0/prjs2109/dataset/repos/pomaidb/src/ai/tensor_core/tensorflow/lite/core/model_building.cc:184:21: warning: declaration of ‘idx’ shadows a member of ‘tflite::model_builder::GraphInfo’ [-Wshadow]
  184 |     const TensorIdx idx = outputs.at(i);
      |                     ^~~
/gpfs/work5/0/prjs2109/dataset/repos/pomaidb/src/ai/tensor_core/tensorflow/lite/core/model_building.cc:149:12: note: shadowed declaration is here
  149 |   GraphIdx idx;
      |            ^~~
/gpfs/work5/0/prjs2109/dataset/repos/pomaidb/src/ai/tensor_core/tensorflow/lite/core/model_building.cc: In function ‘TfLiteQuantization tflite::model_builder::ToTfLiteQuantization(Quantization)’:
/gpfs/work5/0/prjs2109/dataset/repos/pomaidb/src/ai/tensor_core/tensorflow/lite/core/model_building.cc:217:55: warning: missing initializer for member ‘TfLiteQuantization::params’ [-Wmissing-field-initializers]
  217 |   TfLiteQuantization q{/*.type=*/kTfLiteNoQuantization};
      |                                                       ^
/gpfs/work5/0/prjs2109/dataset/repos/pomaidb/src/ai/tensor_core/tensorflow/lite/core/model_building.cc: In lambda function:
/gpfs/work5/0/prjs2109/dataset/repos/pomaidb/src/ai/tensor_core/tensorflow/lite/core/model_building.cc:222:36: warning: ‘void* calloc(size_t, size_t)’ sizes specified with ‘sizeof’ in the earlier argument and not in the later argument [-Wcalloc-transposed-args]
  222 |                  q.params = calloc(sizeof(TfLiteAffineQuantization), 1);
      |                                    ^~~~~~~~~~~~~~~~~~~~~~~~~~~~~~~~
/gpfs/work5/0/prjs2109/dataset/repos/pomaidb/src/ai/tensor_core/tensorflow/lite/core/model_building.cc:222:36: note: earlier argument should specify number of elements, later size of each element
/gpfs/work5/0/prjs2109/dataset/repos/pomaidb/src/ai/tensor_core/tensorflow/lite/core/model_building.cc: In function ‘void tflite::model_builder::Apply(InterpreterInfo&, GraphInfo&, tflite::Subgraph&)’:
/gpfs/work5/0/prjs2109/dataset/repos/pomaidb/src/ai/tensor_core/tensorflow/lite/core/model_building.cc:240:21: warning: comparison of integer expressions of different signedness: ‘int’ and ‘std::vector<tflite::model_builder::TensorInfo>::size_type’ {aka ‘long unsigned int’} [-Wsign-compare]
  240 |   for (int i = 0; i < graph.tensors.size(); ++i) {
      |                   ~~^~~~~~~~~~~~~~~~~~~~~~
/gpfs/work5/0/prjs2109/dataset/repos/pomaidb/src/ai/tensor_core/tensorflow/lite/core/model_building.cc: In lambda function:
/gpfs/work5/0/prjs2109/dataset/repos/pomaidb/src/ai/tensor_core/tensorflow/lite/core/model_building.cc:248:23: warning: comparison of integer expressions of different signedness: ‘int’ and ‘std::vector<tflite::model_builder::internal::StrongType<int, tflite::model_builder::TensorTag> >::size_type’ {aka ‘long unsigned int’} [-Wsign-compare]
  248 |     for (int i = 0; i < ts.size(); ++i) {
      |                     ~~^~~~~~~~~~~
/gpfs/work5/0/prjs2109/dataset/repos/pomaidb/src/ai/tensor_core/tensorflow/lite/core/model_building.cc: In function ‘void tflite::model_builder::Apply(InterpreterInfo&, GraphInfo&, tflite::Subgraph&)’:
/gpfs/work5/0/prjs2109/dataset/repos/pomaidb/src/ai/tensor_core/tensorflow/lite/core/model_building.cc:258:30: warning: comparison of integer expressions of different signedness: ‘int’ and ‘std::vector<tflite::model_builder::TensorInfo>::size_type’ {aka ‘long unsigned int’} [-Wsign-compare]
  258 |   for (TensorIdx i(0); i.val < graph.tensors.size(); ++i.val) {
      |                        ~~~~~~^~~~~~~~~~~~~~~~~~~~~~
/gpfs/work5/0/prjs2109/dataset/repos/pomaidb/src/ai/tensor_core/tensorflow/lite/core/model_building.cc: In member function ‘void tflite::model_builder::ModelBuilder::Build(tflite::Interpreter&)’:
/gpfs/work5/0/prjs2109/dataset/repos/pomaidb/src/ai/tensor_core/tensorflow/lite/core/model_building.cc:407:21: warning: comparison of integer expressions of different signedness: ‘int’ and ‘std::vector<tflite::model_builder::GraphInfo>::size_type’ {aka ‘long unsigned int’} [-Wsign-compare]
  407 |   for (int i = 0; i < interpreter_info.subgraphs.size(); ++i) {
      |                   ~~^~~~~~~~~~~~~~~~~~~~~~~~~~~~~~~~~~~
/gpfs/work5/0/prjs2109/dataset/repos/pomaidb/src/ai/tensor_core/tensorflow/lite/core/model_building.cc: In function ‘std::vector<tflite::model_builder::Tensor> tflite::model_builder::StableHLOComposite(const char*, const Graph&, const std::vector<Tensor>&)’:
/gpfs/work5/0/prjs2109/dataset/repos/pomaidb/src/ai/tensor_core/tensorflow/lite/core/model_building.cc:620:19: warning: missing initializer for member ‘TfLiteStablehloCompositeParams::attributes’ [-Wmissing-field-initializers]
  620 |       .version = 1};
      |                   ^
/gpfs/work5/0/prjs2109/dataset/repos/pomaidb/src/ai/tensor_core/tensorflow/lite/core/model_building.cc:620:19: warning: missing initializer for member ‘TfLiteStablehloCompositeParams::attributes_size’ [-Wmissing-field-initializers]
gmake[1]: *** [CMakeFiles/Makefile2:435: CMakeFiles/pomai.dir/all] Error 2
gmake: *** [Makefile:146: all] Error 2
