id,createdAt,updatedAt,pushedAt,diskUsage,isInOrganization,name,nameWithOwner,sshUrl,stargazerCount
MDEwOlJlcG9zaXRvcnkyMzExNTEyNTY=,2019-12-31T22:09:48Z,2026-05-07T02:29:17Z,2026-05-07T02:29:13Z,44675,True,kid3,KDE/kid3,git@github.com:KDE/kid3.git,168
MDEwOlJlcG9zaXRvcnkyMzEwNzcyMzE=,2019-12-31T11:21:21Z,2026-05-05T07:31:16Z,2026-05-01T09:26:00Z,97093,True,TFHEpp,virtualsecureplatform/TFHEpp,git@github.com:virtualsecureplatform/TFHEpp.git,106
MDEwOlJlcG9zaXRvcnkyMzEwNjE1NDQ=,2019-12-31T09:12:24Z,2026-03-03T19:12:57Z,2026-03-03T19:12:53Z,79,True,sfz-opcode-checker,sfztools/sfz-opcode-checker,git@github.com:sfztools/sfz-opcode-checker.git,6
MDEwOlJlcG9zaXRvcnkyMzEwNDI5MDU=,2019-12-31T06:57:43Z,2026-05-06T00:29:38Z,2026-04-12T09:10:07Z,684,False,yolo-tensorrt,enazoe/yolo-tensorrt,git@github.com:enazoe/yolo-tensorrt.git,1204
MDEwOlJlcG9zaXRvcnkyMzA5MDA5NDQ=,2019-12-30T11:07:17Z,2026-05-07T02:57:11Z,2026-05-06T03:22:45Z,1656535,False,titan3d,johnson3d/titan3d,git@github.com:johnson3d/titan3d.git,98
MDEwOlJlcG9zaXRvcnkyMzA4MjA3MjY=,2019-12-30T00:35:00Z,2026-05-07T07:32:40Z,2026-05-07T09:55:48Z,262624,True,dumux,dumux/dumux,git@github.com:dumux/dumux.git,44
MDEwOlJlcG9zaXRvcnkyMzA2Njg2MTY=,2019-12-28T21:18:33Z,2026-05-07T06:32:45Z,2026-05-07T06:32:41Z,451,False,nlcglib,simonpintarelli/nlcglib,git@github.com:simonpintarelli/nlcglib.git,8
MDEwOlJlcG9zaXRvcnkyMzA1NDI5Mzc=,2019-12-28T01:38:38Z,2026-04-02T14:43:55Z,2026-04-02T14:43:52Z,332318,False,dangerdeep,ericwomer/dangerdeep,git@github.com:ericwomer/dangerdeep.git,6
MDEwOlJlcG9zaXRvcnkyMzA0MTMzNzA=,2019-12-27T09:24:22Z,2026-04-28T11:45:47Z,2026-04-28T11:45:48Z,139,False,siesta,robiwano/siesta,git@github.com:robiwano/siesta.git,19
MDEwOlJlcG9zaXRvcnkyMzA0MDA2Mjk=,2019-12-27T08:07:29Z,2026-04-24T02:11:47Z,2026-05-07T06:04:39Z,92115,True,deepin-log-viewer,linuxdeepin/deepin-log-viewer,git@github.com:linuxdeepin/deepin-log-viewer.git,13
MDEwOlJlcG9zaXRvcnkyMzA0MDA1NjQ=,2019-12-27T08:06:51Z,2026-04-29T07:48:00Z,2026-05-07T11:27:40Z,20987,True,deepin-compressor,linuxdeepin/deepin-compressor,git@github.com:linuxdeepin/deepin-compressor.git,16
MDEwOlJlcG9zaXRvcnkyMzA0MDA1MTM=,2019-12-27T08:06:32Z,2026-05-07T09:17:53Z,2026-05-07T09:17:30Z,160152,True,deepin-album,linuxdeepin/deepin-album,git@github.com:linuxdeepin/deepin-album.git,16
MDEwOlJlcG9zaXRvcnkyMzA0MDA0NjQ=,2019-12-27T08:06:12Z,2026-05-07T07:54:07Z,2026-05-07T07:54:03Z,83605,True,deepin-devicemanager,linuxdeepin/deepin-devicemanager,git@github.com:linuxdeepin/deepin-devicemanager.git,19
MDEwOlJlcG9zaXRvcnkyMzA0MDA0MDc=,2019-12-27T08:05:52Z,2026-05-06T01:53:24Z,2026-05-06T01:53:20Z,77452,True,deepin-reader,linuxdeepin/deepin-reader,git@github.com:linuxdeepin/deepin-reader.git,26
MDEwOlJlcG9zaXRvcnkyMzA0MDAzMzI=,2019-12-27T08:05:22Z,2026-04-16T19:37:19Z,2026-04-02T02:57:25Z,42694,True,deepin-font-manager,linuxdeepin/deepin-font-manager,git@github.com:linuxdeepin/deepin-font-manager.git,12
MDEwOlJlcG9zaXRvcnkyMzAxMjUxOTE=,2019-12-25T16:10:16Z,2026-04-08T07:30:32Z,2026-04-08T07:30:28Z,44824,False,GML,gopi487krishna/GML,git@github.com:gopi487krishna/GML.git,1
MDEwOlJlcG9zaXRvcnkyMjk4MjU2MTE=,2019-12-23T21:31:02Z,2026-04-30T20:28:50Z,2026-04-02T21:18:25Z,248337,True,coin,coin3d/coin,git@github.com:coin3d/coin.git,365
MDEwOlJlcG9zaXRvcnkyMjk4MDM2MzU=,2019-12-23T18:28:01Z,2026-04-01T08:57:14Z,2026-04-01T08:57:25Z,3389,True,sensei,elk-audio/sensei,git@github.com:elk-audio/sensei.git,18
MDEwOlJlcG9zaXRvcnkyMjk3MjkzOTM=,2019-12-23T10:27:00Z,2026-05-02T07:22:32Z,2026-05-06T12:01:52Z,894585,True,enroute,Akaflieg-Freiburg/enroute,git@github.com:Akaflieg-Freiburg/enroute.git,144
MDEwOlJlcG9zaXRvcnkyMjk0MDkzNjI=,2019-12-21T10:06:51Z,2026-04-18T09:48:47Z,2026-04-18T09:48:43Z,62,False,pr_curl,Silverlan/pr_curl,git@github.com:Silverlan/pr_curl.git,1
MDEwOlJlcG9zaXRvcnkyMjk0MDkyNTk=,2019-12-21T10:05:44Z,2026-04-26T15:29:05Z,2026-04-26T15:29:01Z,70118,False,MiAM_robotics,matthieuvigne/MiAM_robotics,git@github.com:matthieuvigne/MiAM_robotics.git,5
MDEwOlJlcG9zaXRvcnkyMjkzNTE1OTg=,2019-12-20T23:37:02Z,2026-04-12T01:35:15Z,2026-03-02T11:21:48Z,60,True,ebpfault,trailofbits/ebpfault,git@github.com:trailofbits/ebpfault.git,109
MDEwOlJlcG9zaXRvcnkyMjkzNTAwNTM=,2019-12-20T23:19:46Z,2026-04-12T01:35:09Z,2026-03-22T15:28:27Z,158,True,ebpf-common,trailofbits/ebpf-common,git@github.com:trailofbits/ebpf-common.git,32
MDEwOlJlcG9zaXRvcnkyMjkyNjg1OTU=,2019-12-20T13:19:29Z,2026-05-07T11:41:12Z,2026-05-06T12:59:02Z,2800,True,modmesh,solvcon/modmesh,git@github.com:solvcon/modmesh.git,61
MDEwOlJlcG9zaXRvcnkyMjkwNTA4Njc=,2019-12-19T12:33:25Z,2026-04-28T08:31:04Z,2026-04-28T08:30:58Z,6601,True,etiss,tum-ei-eda/etiss,git@github.com:tum-ei-eda/etiss.git,42
MDEwOlJlcG9zaXRvcnkyMjkwMjYyMTc=,2019-12-19T10:00:46Z,2026-05-04T14:55:20Z,2026-04-21T21:01:16Z,100081,True,summit,AdaCompNUS/summit,git@github.com:AdaCompNUS/summit.git,171
MDEwOlJlcG9zaXRvcnkyMjg5MzQxNTA=,2019-12-18T22:48:25Z,2026-04-29T10:38:42Z,2026-05-04T17:31:41Z,124356,True,ILLIXR,ILLIXR/ILLIXR,git@github.com:ILLIXR/ILLIXR.git,150
MDEwOlJlcG9zaXRvcnkyMjg3MDc1NDI=,2019-12-17T21:48:54Z,2026-04-22T00:04:22Z,2026-04-22T00:04:18Z,1725,True,plugins,nullptrlabs/plugins,git@github.com:nullptrlabs/plugins.git,23
MDEwOlJlcG9zaXRvcnkyMjg2OTIyNjI=,2019-12-17T20:02:11Z,2026-05-06T05:57:02Z,2026-04-26T10:49:09Z,37539,True,OCP,CadQuery/OCP,git@github.com:CadQuery/OCP.git,172
MDEwOlJlcG9zaXRvcnkyMjg2NDc3NTM=,2019-12-17T15:38:14Z,2026-04-11T03:50:41Z,2026-03-20T17:14:21Z,308177,True,nomad,bbopt/nomad,git@github.com:bbopt/nomad.git,153
MDEwOlJlcG9zaXRvcnkyMjgyOTQzNzM=,2019-12-16T03:23:35Z,2026-03-23T21:24:19Z,2026-03-28T23:01:12Z,1485,True,abismal,smithlabcode/abismal,git@github.com:smithlabcode/abismal.git,20
MDEwOlJlcG9zaXRvcnkyMjc4OTUwMDA=,2019-12-13T17:58:20Z,2026-05-05T08:00:26Z,2026-05-05T08:00:22Z,57020,False,VanessaExt,lintest/VanessaExt,git@github.com:lintest/VanessaExt.git,108
MDEwOlJlcG9zaXRvcnkyMjc4ODQxNDk=,2019-12-13T16:51:34Z,2026-03-31T13:43:47Z,2026-05-07T02:19:35Z,203753,False,fb,boyism80/fb,git@github.com:boyism80/fb.git,7
MDEwOlJlcG9zaXRvcnkyMjc3MTk2MzM=,2019-12-13T00:08:45Z,2026-04-23T18:32:08Z,2026-04-13T13:43:51Z,62,False,gscam2,clydemcqueen/gscam2,git@github.com:clydemcqueen/gscam2.git,121
MDEwOlJlcG9zaXRvcnkyMjc2NjU2NjE=,2019-12-12T17:55:43Z,2026-04-06T22:23:22Z,2026-04-07T22:16:54Z,2187,False,wkbre2,AdrienTD/wkbre2,git@github.com:AdrienTD/wkbre2.git,21
MDEwOlJlcG9zaXRvcnkyMjc1OTY1MTQ=,2019-12-12T12:00:38Z,2026-04-15T16:08:26Z,2026-03-30T14:52:40Z,283,True,ebpfpub,trailofbits/ebpfpub,git@github.com:trailofbits/ebpfpub.git,123
MDEwOlJlcG9zaXRvcnkyMjc1NzQwMjE=,2019-12-12T09:56:21Z,2026-04-23T07:38:13Z,2026-04-23T07:38:09Z,12965,True,OXYGEN-SDK,DEWETRON/OXYGEN-SDK,git@github.com:DEWETRON/OXYGEN-SDK.git,15
MDEwOlJlcG9zaXRvcnkyMjcyMDgyNTU=,2019-12-10T20:20:21Z,2026-04-06T18:39:31Z,2026-04-06T18:39:23Z,3467,True,SPRoute,asyncvlsi/SPRoute,git@github.com:asyncvlsi/SPRoute.git,31
MDEwOlJlcG9zaXRvcnkyMjcyMDMyODI=,2019-12-10T19:52:11Z,2026-05-07T08:12:06Z,2026-03-12T18:13:49Z,1245,True,parlaylib,cmuparlay/parlaylib,git@github.com:cmuparlay/parlaylib.git,435
MDEwOlJlcG9zaXRvcnkyMjcxOTc0MDM=,2019-12-10T19:17:06Z,2026-05-06T19:25:29Z,2026-05-06T19:25:25Z,2818,True,ROCdbgapi,ROCm/ROCdbgapi,git@github.com:ROCm/ROCdbgapi.git,18
MDEwOlJlcG9zaXRvcnkyMjcxNTc2NjU=,2019-12-10T15:45:26Z,2026-05-06T22:16:57Z,2026-04-09T14:28:24Z,95135,True,vulkan-renderer,inexorgame/vulkan-renderer,git@github.com:inexorgame/vulkan-renderer.git,1148
MDEwOlJlcG9zaXRvcnkyMjcwMzc2NDU=,2019-12-10T05:39:23Z,2026-04-24T12:24:28Z,2026-05-05T14:35:40Z,539012,True,mc_rtc,jrl-umi3218/mc_rtc,git@github.com:jrl-umi3218/mc_rtc.git,174
MDEwOlJlcG9zaXRvcnkyMjY5MDg2MDU=,2019-12-09T15:49:47Z,2026-04-21T15:41:04Z,2026-04-21T15:59:04Z,42124,True,org.muhkuh.lua-romloader_pt,muhkuh-sys/org.muhkuh.lua-romloader_pt,git@github.com:muhkuh-sys/org.muhkuh.lua-romloader_pt.git,0
MDEwOlJlcG9zaXRvcnkyMjY4MjE3ODc=,2019-12-09T08:28:23Z,2026-04-04T11:51:50Z,2026-03-27T15:11:43Z,2221,True,xbyak_aarch64,fujitsu/xbyak_aarch64,git@github.com:fujitsu/xbyak_aarch64.git,223
MDEwOlJlcG9zaXRvcnkyMjY4MDAxNzU=,2019-12-09T06:25:23Z,2026-04-18T12:43:27Z,2026-03-05T04:50:12Z,19167,True,3D-Graphics-Rendering-Cookbook,PacktPublishing/3D-Graphics-Rendering-Cookbook,git@github.com:PacktPublishing/3D-Graphics-Rendering-Cookbook.git,1104
MDEwOlJlcG9zaXRvcnkyMjY3MjM0ODQ=,2019-12-08T19:58:49Z,2026-04-29T13:29:54Z,2026-04-29T13:29:44Z,18898,True,pyobs-qhyccd,pyobs/pyobs-qhyccd,git@github.com:pyobs/pyobs-qhyccd.git,0
MDEwOlJlcG9zaXRvcnkyMjYzNTc3MTQ=,2019-12-06T15:28:42Z,2026-05-05T06:06:25Z,2026-05-07T07:13:24Z,8504,True,sushi,elk-audio/sushi,git@github.com:elk-audio/sushi.git,172
MDEwOlJlcG9zaXRvcnkyMjYzNDk4MzI=,2019-12-06T14:44:53Z,2026-04-01T08:48:23Z,2026-04-01T08:48:35Z,305,True,raspa,elk-audio/raspa,git@github.com:elk-audio/raspa.git,3
MDEwOlJlcG9zaXRvcnkyMjYzNDkxMDU=,2019-12-06T14:41:10Z,2026-03-27T08:21:14Z,2026-03-25T13:53:40Z,238,True,twine,elk-audio/twine,git@github.com:elk-audio/twine.git,7
MDEwOlJlcG9zaXRvcnkyMjYzNDEwNTM=,2019-12-06T13:56:40Z,2026-04-07T00:18:13Z,2026-04-24T02:10:17Z,22313,True,DisCoTec,SGpp/DisCoTec,git@github.com:SGpp/DisCoTec.git,9
MDEwOlJlcG9zaXRvcnkyMjU5ODM2NjY=,2019-12-05T00:38:43Z,2026-03-25T00:07:42Z,2026-03-25T00:13:33Z,1894,False,etheos,ethanmoffat/etheos,git@github.com:ethanmoffat/etheos.git,14
MDEwOlJlcG9zaXRvcnkyMjU5NzE0NjQ=,2019-12-04T22:50:32Z,2026-04-30T00:28:37Z,2026-04-30T00:39:22Z,22112,True,obot-controller,unhuman-io/obot-controller,git@github.com:unhuman-io/obot-controller.git,15
MDEwOlJlcG9zaXRvcnkyMjU5MDU5NzE=,2019-12-04T16:06:26Z,2026-03-26T13:44:15Z,2026-03-26T13:44:09Z,305,True,elkcpp,elk-audio/elkcpp,git@github.com:elk-audio/elkcpp.git,10
MDEwOlJlcG9zaXRvcnkyMjU4OTc4OTQ=,2019-12-04T15:25:15Z,2026-04-10T20:12:50Z,2026-04-10T20:12:44Z,2956,True,SlicerFreeSurfer,PerkLab/SlicerFreeSurfer,git@github.com:PerkLab/SlicerFreeSurfer.git,18
MDEwOlJlcG9zaXRvcnkyMjU4ODczNzA=,2019-12-04T14:34:25Z,2026-05-02T11:17:53Z,2026-04-28T21:51:27Z,4671,True,verdict,sandialabs/verdict,git@github.com:sandialabs/verdict.git,36
MDEwOlJlcG9zaXRvcnkyMjU4Mjc4Mzk=,2019-12-04T09:24:00Z,2026-03-19T09:18:50Z,2026-04-30T11:16:19Z,81538,True,common-cxx,51Degrees/common-cxx,git@github.com:51Degrees/common-cxx.git,0
MDEwOlJlcG9zaXRvcnkyMjU3OTc5NDA=,2019-12-04T06:42:12Z,2026-04-15T13:18:39Z,2026-04-15T13:18:38Z,1098,True,yugawara,project-tsurugi/yugawara,git@github.com:project-tsurugi/yugawara.git,2
MDEwOlJlcG9zaXRvcnkyMjU2NzE3ODk=,2019-12-03T16:56:03Z,2026-05-04T23:01:07Z,2026-04-21T19:26:07Z,13125,False,lithium,matt-42/lithium,git@github.com:matt-42/lithium.git,1392
MDEwOlJlcG9zaXRvcnkyMjU2MjExNzA=,2019-12-03T13:01:08Z,2026-05-06T18:09:30Z,2026-05-07T06:48:02Z,18688,True,vk_gltf_renderer,nvpro-samples/vk_gltf_renderer,git@github.com:nvpro-samples/vk_gltf_renderer.git,360
MDEwOlJlcG9zaXRvcnkyMjU0OTEyMzU=,2019-12-02T23:54:09Z,2026-04-15T04:51:26Z,2026-04-15T17:45:25Z,49109,True,SPERR,NCAR/SPERR,git@github.com:NCAR/SPERR.git,25
MDEwOlJlcG9zaXRvcnkyMjUzNDU1NTE=,2019-12-02T10:17:53Z,2026-05-07T09:21:35Z,2026-05-07T09:21:30Z,62223,True,DRAMHiT,mars-research/DRAMHiT,git@github.com:mars-research/DRAMHiT.git,32
MDEwOlJlcG9zaXRvcnkyMjUxNzI4MzE=,2019-12-01T14:14:17Z,2026-05-01T14:00:37Z,2026-05-06T08:36:18Z,97998,False,dmc4_hook,muhopensores/dmc4_hook,git@github.com:muhopensores/dmc4_hook.git,39
MDEwOlJlcG9zaXRvcnkyMjUxNjEyNzQ=,2019-12-01T12:54:46Z,2026-04-29T00:33:35Z,2026-04-26T21:14:27Z,33309,False,librapidarchive,mxmlnkn/librapidarchive,git@github.com:mxmlnkn/librapidarchive.git,86
MDEwOlJlcG9zaXRvcnkyMjQ5MDgyNDQ=,2019-11-29T19:00:17Z,2026-05-07T02:09:11Z,2026-05-06T20:47:14Z,27670,True,WasmEdge,WasmEdge/WasmEdge,git@github.com:WasmEdge/WasmEdge.git,10578
MDEwOlJlcG9zaXRvcnkyMjQ3MDY0NDI=,2019-11-28T18:07:34Z,2026-04-30T01:41:25Z,2026-05-05T14:50:48Z,162474,True,bipedal-locomotion-framework,gbionics/bipedal-locomotion-framework,git@github.com:gbionics/bipedal-locomotion-framework.git,212
MDEwOlJlcG9zaXRvcnkyMjQ1MDM3MTI=,2019-11-27T19:34:20Z,2026-05-07T02:09:25Z,2026-04-17T08:17:02Z,24320,False,tomlplusplus,marzer/tomlplusplus,git@github.com:marzer/tomlplusplus.git,2045
MDEwOlJlcG9zaXRvcnkyMjQ0NjgyOTg=,2019-11-27T16:06:18Z,2026-05-07T07:04:42Z,2026-04-27T22:50:55Z,7669,True,url,boostorg/url,git@github.com:boostorg/url.git,202
MDEwOlJlcG9zaXRvcnkyMjQ0NjgyNjU=,2019-11-27T16:06:10Z,2026-05-07T08:56:07Z,2026-05-05T01:43:16Z,22016,False,NotepadNext,dail8859/NotepadNext,git@github.com:dail8859/NotepadNext.git,14080
MDEwOlJlcG9zaXRvcnkyMjQyNTg2Nzg=,2019-11-26T18:22:32Z,2026-04-07T12:27:37Z,2026-04-07T12:27:28Z,7370,False,gramods,karlun/gramods,git@github.com:karlun/gramods.git,11
MDEwOlJlcG9zaXRvcnkyMjQyNTY5OTU=,2019-11-26T18:13:25Z,2026-03-11T22:22:34Z,2026-03-04T09:34:42Z,1242,True,titanlib,metno/titanlib,git@github.com:metno/titanlib.git,40
MDEwOlJlcG9zaXRvcnkyMjQyMDAwMjQ=,2019-11-26T13:34:50Z,2026-04-01T08:47:14Z,2026-04-01T08:51:28Z,127563,True,feat3,tudo-math-ls3/feat3,git@github.com:tudo-math-ls3/feat3.git,16
MDEwOlJlcG9zaXRvcnkyMjQxNTE2Nzc=,2019-11-26T09:24:44Z,2026-04-23T08:15:44Z,2026-04-23T08:15:40Z,732,False,zoe,winsoft666/zoe,git@github.com:winsoft666/zoe.git,55
MDEwOlJlcG9zaXRvcnkyMjQxMjA5ODM=,2019-11-26T06:42:08Z,2026-05-04T00:10:53Z,2026-05-04T00:10:49Z,595,False,util_udm,Silverlan/util_udm,git@github.com:Silverlan/util_udm.git,2
MDEwOlJlcG9zaXRvcnkyMjQwMzAyNDk=,2019-11-25T19:56:04Z,2026-03-02T14:09:09Z,2026-03-02T14:08:20Z,5154,False,vfs,devbrain/vfs,git@github.com:devbrain/vfs.git,0
MDEwOlJlcG9zaXRvcnkyMjM5MDQ3MjY=,2019-11-25T09:01:36Z,2026-05-07T08:25:33Z,2026-03-07T10:45:14Z,2594,False,tensorrtx,wang-xinyu/tensorrtx,git@github.com:wang-xinyu/tensorrtx.git,7762
MDEwOlJlcG9zaXRvcnkyMjM3MTMxMDk=,2019-11-24T08:20:15Z,2026-05-05T09:33:20Z,2026-05-05T09:33:15Z,845370,True,TrinityCore,The-Cataclysm-Preservation-Project/TrinityCore,git@github.com:The-Cataclysm-Preservation-Project/TrinityCore.git,279
MDEwOlJlcG9zaXRvcnkyMjM2MjgwMjA=,2019-11-23T17:33:03Z,2026-05-04T16:39:09Z,2026-05-04T16:39:05Z,2544,False,DIE-sort,horsicq/DIE-sort,git@github.com:horsicq/DIE-sort.git,10
MDEwOlJlcG9zaXRvcnkyMjM1OTg5NTM=,2019-11-23T14:08:10Z,2026-05-07T10:32:46Z,2026-05-07T11:24:22Z,130381,True,axmol,axmolengine/axmol,git@github.com:axmolengine/axmol.git,1358
MDEwOlJlcG9zaXRvcnkyMjM0OTA4NzY=,2019-11-22T21:39:48Z,2026-05-06T23:35:55Z,2026-05-06T23:35:50Z,40453,True,CacheLib,facebook/CacheLib,org-69631@github.com:facebook/CacheLib.git,1515
MDEwOlJlcG9zaXRvcnkyMjM0NTg5NTI=,2019-11-22T18:07:06Z,2026-04-11T18:13:37Z,2026-04-11T18:15:05Z,700,False,gram_grep,BenHanson/gram_grep,git@github.com:BenHanson/gram_grep.git,15
MDEwOlJlcG9zaXRvcnkyMjMyMTQ4NTU=,2019-11-21T16:17:26Z,2026-04-07T20:09:13Z,2026-04-07T20:08:18Z,53005,False,granular-physics-simulation,MarcPartensky/granular-physics-simulation,git@github.com:MarcPartensky/granular-physics-simulation.git,1
MDEwOlJlcG9zaXRvcnkyMjMxNTk3ODU=,2019-11-21T11:34:54Z,2026-03-16T13:19:17Z,2026-03-16T13:19:11Z,506,True,jutils,steinwurf/jutils,git@github.com:steinwurf/jutils.git,0
MDEwOlJlcG9zaXRvcnkyMjI4MjE1MjM=,2019-11-20T01:09:34Z,2026-04-30T03:18:50Z,2026-03-10T06:27:51Z,528,True,aws-iot-securetunneling-localproxy,aws-samples/aws-iot-securetunneling-localproxy,git@github.com:aws-samples/aws-iot-securetunneling-localproxy.git,87
MDEwOlJlcG9zaXRvcnkyMjI3OTE2NjQ=,2019-11-19T21:19:02Z,2026-05-07T09:41:00Z,2026-05-07T09:40:55Z,2961,True,redis,boostorg/redis,git@github.com:boostorg/redis.git,275
MDEwOlJlcG9zaXRvcnkyMjI2NTY1MTc=,2019-11-19T09:20:07Z,2026-04-20T07:40:25Z,2026-03-07T09:53:59Z,336,False,libkev,Jamol/libkev,git@github.com:Jamol/libkev.git,11
MDEwOlJlcG9zaXRvcnkyMjIyODcxNDk=,2019-11-17T17:40:28Z,2026-04-08T15:38:06Z,2026-04-08T15:35:54Z,310,False,zipsign,falk-werner/zipsign,git@github.com:falk-werner/zipsign.git,43
MDEwOlJlcG9zaXRvcnkyMjIyNzMwOTU=,2019-11-17T15:56:17Z,2026-05-04T21:30:11Z,2026-05-03T19:40:44Z,7109,False,slPlugins,FigBug/slPlugins,git@github.com:FigBug/slPlugins.git,139
MDEwOlJlcG9zaXRvcnkyMjIwMDAwNjM=,2019-11-15T20:43:04Z,2026-04-23T18:26:57Z,2026-04-08T17:16:58Z,1735,False,lib86cpu,ergo720/lib86cpu,git@github.com:ergo720/lib86cpu.git,59
MDEwOlJlcG9zaXRvcnkyMjE2OTM0NjA=,2019-11-14T12:33:01Z,2026-03-16T02:20:22Z,2026-03-16T02:20:18Z,228,True,dde-device-formatter,linuxdeepin/dde-device-formatter,git@github.com:linuxdeepin/dde-device-formatter.git,4
MDEwOlJlcG9zaXRvcnkyMjE1NDg3MjM=,2019-11-13T20:47:45Z,2026-03-27T14:30:21Z,2026-03-20T06:39:32Z,3834,False,lifting_simplices_to_find_injectivity,duxingyi-charles/lifting_simplices_to_find_injectivity,git@github.com:duxingyi-charles/lifting_simplices_to_find_injectivity.git,20
MDEwOlJlcG9zaXRvcnkyMjE1MTc3MTg=,2019-11-13T17:43:14Z,2026-05-03T02:49:40Z,2026-05-03T02:49:36Z,23511,True,subtitlecomposer,KDE/subtitlecomposer,git@github.com:KDE/subtitlecomposer.git,15
MDEwOlJlcG9zaXRvcnkyMjE0Mzg4OTU=,2019-11-13T11:01:04Z,2026-05-05T17:56:01Z,2026-05-05T17:55:41Z,151,False,geo-utils,gistrec/geo-utils,git@github.com:gistrec/geo-utils.git,41
MDEwOlJlcG9zaXRvcnkyMjE0MDcyMzQ=,2019-11-13T08:17:12Z,2026-05-04T20:56:54Z,2026-03-16T12:00:30Z,437,False,keychain,hrantzsch/keychain,git@github.com:hrantzsch/keychain.git,183
MDEwOlJlcG9zaXRvcnkyMjEzMTA2Mjk=,2019-11-12T20:57:52Z,2026-04-14T22:43:57Z,2026-04-14T22:43:52Z,165,False,juce-utils,christofmuc/juce-utils,git@github.com:christofmuc/juce-utils.git,35
MDEwOlJlcG9zaXRvcnkyMjEyNjgwOTY=,2019-11-12T16:56:39Z,2026-05-06T08:23:21Z,2026-04-19T06:22:28Z,9073,True,cpeditor,cpeditor/cpeditor,git@github.com:cpeditor/cpeditor.git,2141
MDEwOlJlcG9zaXRvcnkyMjA5ODg1NDI=,2019-11-11T13:34:56Z,2026-05-06T16:39:55Z,2026-05-04T07:09:05Z,254361,True,skylicht-engine,skylicht-lab/skylicht-engine,git@github.com:skylicht-lab/skylicht-engine.git,751
MDEwOlJlcG9zaXRvcnkyMjA5NDg4MDk=,2019-11-11T09:47:01Z,2026-04-20T07:37:11Z,2026-04-25T14:16:38Z,3067,False,gatling,pablode/gatling,git@github.com:pablode/gatling.git,327
MDEwOlJlcG9zaXRvcnkyMjA5MTY2Nzk=,2019-11-11T06:34:53Z,2026-04-15T13:17:32Z,2026-04-15T13:17:31Z,1405,True,takatori,project-tsurugi/takatori,git@github.com:project-tsurugi/takatori.git,2
MDEwOlJlcG9zaXRvcnkyMjA4NjUwMTM=,2019-11-10T23:24:36Z,2026-05-01T14:47:22Z,2026-04-29T08:44:47Z,1564290,False,shenanigans,zdenyhraz/shenanigans,git@github.com:zdenyhraz/shenanigans.git,25
MDEwOlJlcG9zaXRvcnkyMjA3MjA4ODE=,2019-11-10T00:20:07Z,2026-05-05T13:27:46Z,2026-03-02T08:17:37Z,3133,True,firebuild,firebuild/firebuild,git@github.com:firebuild/firebuild.git,150
MDEwOlJlcG9zaXRvcnkyMjAzODQzMjg=,2019-11-08T04:06:44Z,2026-04-25T12:04:12Z,2026-05-02T17:40:45Z,306671,False,ultrascan3,ehb54/ultrascan3,git@github.com:ehb54/ultrascan3.git,8
MDEwOlJlcG9zaXRvcnkyMjAyNjUyNDg=,2019-11-07T15:13:21Z,2026-05-05T11:20:21Z,2026-05-05T11:20:17Z,8919,True,ampls-api,ampl/ampls-api,git@github.com:ampl/ampls-api.git,4
MDEwOlJlcG9zaXRvcnkyMTk4NzI2MzI=,2019-11-05T23:49:25Z,2026-05-07T09:16:58Z,2026-05-07T09:16:38Z,30514,False,nrgljubljana,rokzitko/nrgljubljana,git@github.com:rokzitko/nrgljubljana.git,35
MDEwOlJlcG9zaXRvcnkyMTk1NzY5Njk=,2019-11-04T19:10:43Z,2026-05-04T16:07:02Z,2026-05-01T17:22:04Z,247598,True,kynema-sgf,kynema/kynema-sgf,git@github.com:kynema/kynema-sgf.git,165
MDEwOlJlcG9zaXRvcnkyMTkwNDg1ODQ=,2019-11-01T19:19:49Z,2026-05-06T11:03:28Z,2026-05-06T11:03:23Z,24207,False,olex2,pcxod/olex2,git@github.com:pcxod/olex2.git,21
MDEwOlJlcG9zaXRvcnkyMTg5NzM2MTk=,2019-11-01T11:34:16Z,2026-05-07T11:28:33Z,2026-04-28T00:17:21Z,4970,False,lottie-converter,ed-asriyan/lottie-converter,git@github.com:ed-asriyan/lottie-converter.git,1020
MDEwOlJlcG9zaXRvcnkyMTg5NDA2ODc=,2019-11-01T08:02:02Z,2026-03-11T11:14:12Z,2026-03-11T11:14:05Z,68701,True,qgis_umesh,Deltares-research/qgis_umesh,git@github.com:Deltares-research/qgis_umesh.git,9
MDEwOlJlcG9zaXRvcnkyMTg5MzU3OTQ=,2019-11-01T07:31:48Z,2026-05-04T08:18:10Z,2026-05-07T09:18:42Z,4088,True,keysmith,KDE/keysmith,git@github.com:KDE/keysmith.git,41
MDEwOlJlcG9zaXRvcnkyMTg5MzU3MDE=,2019-11-01T07:31:03Z,2026-05-04T14:04:19Z,2026-05-07T09:26:54Z,2064,True,qrca,KDE/qrca,git@github.com:KDE/qrca.git,12
MDEwOlJlcG9zaXRvcnkyMTg4MDE3MTE=,2019-10-31T15:45:28Z,2026-03-11T07:36:25Z,2026-03-11T07:36:21Z,32655,True,Embedded_Platform,ECC-BFMC/Embedded_Platform,git@github.com:ECC-BFMC/Embedded_Platform.git,7
MDEwOlJlcG9zaXRvcnkyMTg3ODAzMzA=,2019-10-31T14:05:52Z,2026-04-29T07:44:26Z,2026-04-29T07:41:23Z,7957,True,gegelati,gegelati/gegelati,git@github.com:gegelati/gegelati.git,47
MDEwOlJlcG9zaXRvcnkyMTg0MTcwMzQ=,2019-10-30T01:25:50Z,2026-05-02T21:11:15Z,2026-04-05T04:31:18Z,896675,True,Surelog,chipsalliance/Surelog,git@github.com:chipsalliance/Surelog.git,459
MDEwOlJlcG9zaXRvcnkyMTg0MDUzNTI=,2019-10-29T23:50:53Z,2026-05-06T16:13:25Z,2026-04-21T15:02:47Z,2562,True,libunifex,facebookexperimental/libunifex,org-12853545@github.com:facebookexperimental/libunifex.git,1698
MDEwOlJlcG9zaXRvcnkyMTgzMjk0Nzg=,2019-10-29T16:10:56Z,2026-05-06T21:16:48Z,2026-05-04T15:37:48Z,78279,True,Vulkan-Samples,KhronosGroup/Vulkan-Samples,git@github.com:KhronosGroup/Vulkan-Samples.git,5240
MDEwOlJlcG9zaXRvcnkyMTgzMDkyMzc=,2019-10-29T14:39:15Z,2026-05-05T08:43:19Z,2026-05-07T07:46:27Z,227837,True,linphone-sdk,BelledonneCommunications/linphone-sdk,git@github.com:BelledonneCommunications/linphone-sdk.git,146
MDEwOlJlcG9zaXRvcnkyMTgxODcwOTE=,2019-10-29T02:26:08Z,2026-04-29T20:25:41Z,2026-03-20T07:20:23Z,299,False,opengametools,jpaver/opengametools,git@github.com:jpaver/opengametools.git,415
MDEwOlJlcG9zaXRvcnkyMTgwNzI3ODY=,2019-10-28T14:59:38Z,2026-04-28T13:23:39Z,2026-04-20T14:30:01Z,1152,True,robot_remote_control,dfki-ric/robot_remote_control,git@github.com:dfki-ric/robot_remote_control.git,14
MDEwOlJlcG9zaXRvcnkyMTgwNjEyMzU=,2019-10-28T14:07:19Z,2026-04-26T02:57:08Z,2026-04-26T02:57:03Z,3433,True,Stntuple,Mu2e/Stntuple,git@github.com:Mu2e/Stntuple.git,0
MDEwOlJlcG9zaXRvcnkyMTgwMjEzMjQ=,2019-10-28T10:27:24Z,2026-04-24T13:27:13Z,2026-04-24T13:27:09Z,1305,True,univiz,vistle/univiz,git@github.com:vistle/univiz.git,0
MDEwOlJlcG9zaXRvcnkyMTc4NDgyOTI=,2019-10-27T11:58:33Z,2026-04-16T11:34:45Z,2026-04-16T11:34:41Z,129,True,rich-log,project-arcana/rich-log,git@github.com:project-arcana/rich-log.git,1
MDEwOlJlcG9zaXRvcnkyMTc3MTAyMjU=,2019-10-26T13:08:12Z,2026-04-16T11:34:33Z,2026-04-16T11:34:29Z,240,True,nexus,project-arcana/nexus,git@github.com:project-arcana/nexus.git,2
MDEwOlJlcG9zaXRvcnkyMTc3MDQzNjM=,2019-10-26T12:18:29Z,2026-05-03T18:01:57Z,2026-05-03T18:01:53Z,12019,False,barcelona-trees,pedrolcl/barcelona-trees,git@github.com:pedrolcl/barcelona-trees.git,3
MDEwOlJlcG9zaXRvcnkyMTc2NTA5OTY=,2019-10-26T03:33:00Z,2026-03-02T03:05:26Z,2026-03-02T03:05:21Z,85,False,CavalierContoursDev,jbuckmccready/CavalierContoursDev,git@github.com:jbuckmccready/CavalierContoursDev.git,14
MDEwOlJlcG9zaXRvcnkyMTc2MDcwMjE=,2019-10-25T20:05:26Z,2026-04-26T19:23:00Z,2026-04-26T19:22:55Z,1386,False,PapyrusExtenderSSE,powerof3/PapyrusExtenderSSE,git@github.com:powerof3/PapyrusExtenderSSE.git,78
MDEwOlJlcG9zaXRvcnkyMTczMjA3MDU=,2019-10-24T14:34:28Z,2026-04-16T16:07:35Z,2026-04-16T16:07:31Z,805,False,vscpl1drv-can232,grodansparadis/vscpl1drv-can232,git@github.com:grodansparadis/vscpl1drv-can232.git,1
MDEwOlJlcG9zaXRvcnkyMTcxNzIwNzE=,2019-10-23T23:34:48Z,2026-03-20T21:24:48Z,2026-03-20T21:24:47Z,77,True,drivers-orogen-nmea2000,tidewise/drivers-orogen-nmea2000,git@github.com:tidewise/drivers-orogen-nmea2000.git,0
MDEwOlJlcG9zaXRvcnkyMTcxMzMwNTU=,2019-10-23T19:04:02Z,2026-04-08T07:12:02Z,2026-03-04T17:41:48Z,6606,False,isotree,david-cortes/isotree,git@github.com:david-cortes/isotree.git,230
MDEwOlJlcG9zaXRvcnkyMTcwOTY3MjY=,2019-10-23T15:54:11Z,2026-05-06T22:24:52Z,2026-05-01T20:27:02Z,910,True,kquickcharts,KDE/kquickcharts,git@github.com:KDE/kquickcharts.git,28
MDEwOlJlcG9zaXRvcnkyMTY4OTc2Njk=,2019-10-22T19:51:07Z,2026-05-06T13:45:35Z,2026-04-27T02:08:10Z,13384,True,element,kushview/element,git@github.com:kushview/element.git,1575
MDEwOlJlcG9zaXRvcnkyMTY4NDcyNDA=,2019-10-22T15:26:24Z,2026-04-30T07:57:12Z,2026-04-07T15:09:31Z,65409,False,cupoch,neka-nat/cupoch,git@github.com:neka-nat/cupoch.git,1046
MDEwOlJlcG9zaXRvcnkyMTY3MTcwMzI=,2019-10-22T03:37:56Z,2026-05-05T17:04:40Z,2026-04-05T20:24:38Z,497,True,fcitx5-unikey,fcitx/fcitx5-unikey,git@github.com:fcitx/fcitx5-unikey.git,103
MDEwOlJlcG9zaXRvcnkyMTY2OTc4OTQ=,2019-10-22T01:30:17Z,2026-03-18T10:37:57Z,2026-03-22T21:32:55Z,293841,False,pcsx2-with-lua,mogaika/pcsx2-with-lua,git@github.com:mogaika/pcsx2-with-lua.git,0
MDEwOlJlcG9zaXRvcnkyMTYzNTY5NDI=,2019-10-20T12:17:56Z,2026-04-20T17:25:16Z,2026-04-20T17:25:11Z,485,True,lib_spellcheck,desktop-app/lib_spellcheck,git@github.com:desktop-app/lib_spellcheck.git,9
MDEwOlJlcG9zaXRvcnkyMTU5ODQxNTI=,2019-10-18T09:03:56Z,2026-04-23T14:15:00Z,2026-04-23T14:14:09Z,190352,True,hyteg,lssfau/hyteg,git@github.com:lssfau/hyteg.git,19
MDEwOlJlcG9zaXRvcnkyMTU4NDU3NTQ=,2019-10-17T17:12:06Z,2026-03-20T04:02:24Z,2026-03-20T04:02:21Z,213,True,config-reader,ut-amrl/config-reader,git@github.com:ut-amrl/config-reader.git,10
MDEwOlJlcG9zaXRvcnkyMTU3NDA0OTE=,2019-10-17T08:23:16Z,2026-04-11T22:11:16Z,2026-04-11T22:11:11Z,332,False,small-cpp-utils,herrcristi/small-cpp-utils,git@github.com:herrcristi/small-cpp-utils.git,2
MDEwOlJlcG9zaXRvcnkyMTU1OTUzNDU=,2019-10-16T16:33:58Z,2026-05-04T22:06:32Z,2026-04-26T03:29:29Z,13360,True,libriscv,libriscv/libriscv,git@github.com:libriscv/libriscv.git,1060
MDEwOlJlcG9zaXRvcnkyMTU1OTQ3Mzc=,2019-10-16T16:30:40Z,2026-04-15T06:43:47Z,2026-03-16T10:44:54Z,3704,True,KatanaUsdPlugins,TheFoundryVisionmongers/KatanaUsdPlugins,git@github.com:TheFoundryVisionmongers/KatanaUsdPlugins.git,50
MDEwOlJlcG9zaXRvcnkyMTU1NjQ2MTk=,2019-10-16T14:10:20Z,2026-03-24T16:20:29Z,2026-03-22T11:10:47Z,1381,False,makeshift,mbeutel/makeshift,git@github.com:mbeutel/makeshift.git,5
MDEwOlJlcG9zaXRvcnkyMTU1NjMxNjU=,2019-10-16T14:03:54Z,2026-05-04T14:03:14Z,2026-05-04T13:58:41Z,6473,False,dxil-spirv,HansKristian-Work/dxil-spirv,git@github.com:HansKristian-Work/dxil-spirv.git,224
MDEwOlJlcG9zaXRvcnkyMTU0NzY2NjY=,2019-10-16T06:46:18Z,2026-05-06T08:36:37Z,2026-03-14T11:57:25Z,29768,False,LibretroDroid,Swordfish90/LibretroDroid,git@github.com:Swordfish90/LibretroDroid.git,103
MDEwOlJlcG9zaXRvcnkyMTUzOTU1NzM=,2019-10-15T20:58:45Z,2026-05-07T09:03:14Z,2026-05-07T09:03:10Z,341976,True,app,ca2/app,git@github.com:ca2/app.git,19
MDEwOlJlcG9zaXRvcnkyMTUzOTE1NDE=,2019-10-15T20:34:15Z,2026-05-03T06:01:05Z,2026-05-02T08:53:16Z,236,True,Kuku,microsoft/Kuku,git@github.com:microsoft/Kuku.git,70
MDEwOlJlcG9zaXRvcnkyMTQ5Mzg4ODE=,2019-10-14T03:21:32Z,2026-04-16T20:36:36Z,2026-05-06T19:50:49Z,195884,True,shards,fragcolor-xyz/shards,git@github.com:fragcolor-xyz/shards.git,83
MDEwOlJlcG9zaXRvcnkyMTQ5MTUyNDE=,2019-10-14T00:32:38Z,2026-04-24T05:05:44Z,2026-04-24T13:41:41Z,741,True,static_string,boostorg/static_string,git@github.com:boostorg/static_string.git,70
MDEwOlJlcG9zaXRvcnkyMTQ1MDg0NzE=,2019-10-11T18:51:34Z,2026-05-06T23:10:38Z,2026-05-06T23:10:35Z,9635,False,XELFViewer,horsicq/XELFViewer,git@github.com:horsicq/XELFViewer.git,1569
MDEwOlJlcG9zaXRvcnkyMTQ0NzQ3MjA=,2019-10-11T15:48:38Z,2026-05-02T03:12:12Z,2026-05-04T15:25:13Z,3136,True,ExaConstit,llnl/ExaConstit,git@github.com:llnl/ExaConstit.git,64
MDEwOlJlcG9zaXRvcnkyMTQzOTUxOTg=,2019-10-11T09:20:44Z,2026-05-05T16:36:16Z,2026-05-05T16:36:10Z,19666,True,fdb,ecmwf/fdb,git@github.com:ecmwf/fdb.git,43
MDEwOlJlcG9zaXRvcnkyMTQzOTQ3MDk=,2019-10-11T09:18:30Z,2026-04-29T17:28:54Z,2026-05-07T00:32:02Z,5615,True,metkit,ecmwf/metkit,git@github.com:ecmwf/metkit.git,8
MDEwOlJlcG9zaXRvcnkyMTQzNTU2MDU=,2019-10-11T06:02:19Z,2026-05-07T05:27:29Z,2026-05-07T05:27:01Z,3819,True,cfd-js,p2pderivatives/cfd-js,git@github.com:p2pderivatives/cfd-js.git,6
MDEwOlJlcG9zaXRvcnkyMTQyNzQ4NjE=,2019-10-10T20:02:50Z,2026-04-08T11:07:16Z,2026-04-08T11:07:12Z,6693,False,nebular,schirmermischa/nebular,git@github.com:schirmermischa/nebular.git,0
MDEwOlJlcG9zaXRvcnkyMTQyMjc0Mzg=,2019-10-10T16:04:50Z,2026-04-30T12:17:57Z,2026-04-30T12:17:55Z,5072,True,ViennaLS,ViennaTools/ViennaLS,git@github.com:ViennaTools/ViennaLS.git,22
MDEwOlJlcG9zaXRvcnkyMTM5NTg4OTU=,2019-10-09T15:45:28Z,2026-05-03T19:49:49Z,2026-05-02T19:19:50Z,330,True,pybind11_protobuf,pybind/pybind11_protobuf,git@github.com:pybind/pybind11_protobuf.git,66
MDEwOlJlcG9zaXRvcnkyMTM5NTg2MjE=,2019-10-09T15:44:24Z,2026-04-03T16:16:30Z,2026-04-03T16:16:25Z,266,True,pybind11_abseil,pybind/pybind11_abseil,git@github.com:pybind/pybind11_abseil.git,26
MDEwOlJlcG9zaXRvcnkyMTM5NDcwODA=,2019-10-09T14:55:39Z,2026-04-08T09:28:12Z,2026-04-08T09:28:05Z,360,True,ExamplePlugins,ManiVaultStudio/ExamplePlugins,git@github.com:ManiVaultStudio/ExamplePlugins.git,2
MDEwOlJlcG9zaXRvcnkyMTM3OTgxMDc=,2019-10-09T02:05:07Z,2026-04-02T01:51:34Z,2026-04-02T01:51:31Z,1485,True,sora-unity-sdk,shiguredo/sora-unity-sdk,git@github.com:shiguredo/sora-unity-sdk.git,76
MDEwOlJlcG9zaXRvcnkyMTM3MzY5NDA=,2019-10-08T19:39:57Z,2026-05-01T15:10:32Z,2026-05-01T15:10:35Z,314,True,eiquadprog,stack-of-tasks/eiquadprog,git@github.com:stack-of-tasks/eiquadprog.git,56
MDEwOlJlcG9zaXRvcnkyMTM0MjkyOTM=,2019-10-07T16:12:16Z,2026-04-21T07:34:39Z,2026-04-21T07:34:34Z,185,False,GitQlientPlugin,francescmaestre/GitQlientPlugin,git@github.com:francescmaestre/GitQlientPlugin.git,44
MDEwOlJlcG9zaXRvcnkyMTM0MDYyMzQ=,2019-10-07T14:31:19Z,2026-05-05T12:42:36Z,2026-05-07T09:24:00Z,1893,True,sick_safetyscanners_base,SICKAG/sick_safetyscanners_base,git@github.com:SICKAG/sick_safetyscanners_base.git,19
MDEwOlJlcG9zaXRvcnkyMTM0MDI5Njc=,2019-10-07T14:18:21Z,2026-05-06T17:19:44Z,2026-04-28T09:42:42Z,55864,False,Silice,sylefeb/Silice,git@github.com:sylefeb/Silice.git,1412
MDEwOlJlcG9zaXRvcnkyMTMzNzgyMzU=,2019-10-07T12:32:53Z,2026-04-27T10:38:59Z,2026-05-07T09:24:35Z,12445,True,WARDuino,TOPLLab/WARDuino,git@github.com:TOPLLab/WARDuino.git,101
MDEwOlJlcG9zaXRvcnkyMTMzMjg0ODM=,2019-10-07T08:14:11Z,2026-04-29T16:15:03Z,2026-05-05T07:08:22Z,11400,False,GitQlient,francescmaestre/GitQlient,git@github.com:francescmaestre/GitQlient.git,881
MDEwOlJlcG9zaXRvcnkyMTMxOTAxODM=,2019-10-06T15:10:27Z,2026-03-31T20:21:48Z,2026-03-31T20:21:45Z,10270,True,kpsr-robotics,klepsydra-technologies/kpsr-robotics,git@github.com:klepsydra-technologies/kpsr-robotics.git,3
MDEwOlJlcG9zaXRvcnkyMTMwMDkzMDg=,2019-10-05T14:01:05Z,2026-05-01T11:05:38Z,2026-05-05T23:58:09Z,27749,True,crymp-client,crymp-net/crymp-client,git@github.com:crymp-net/crymp-client.git,29
MDEwOlJlcG9zaXRvcnkyMTI5MTAzNzQ=,2019-10-04T22:11:09Z,2026-05-04T09:27:03Z,2026-04-29T18:49:03Z,367,True,kio-fuse,KDE/kio-fuse,git@github.com:KDE/kio-fuse.git,29
MDEwOlJlcG9zaXRvcnkyMTI3ODUwODU=,2019-10-04T09:59:48Z,2026-03-18T13:50:33Z,2026-03-30T00:54:22Z,615,True,Device,SeisSol/Device,git@github.com:SeisSol/Device.git,0
MDEwOlJlcG9zaXRvcnkyMTIzMTczNzQ=,2019-10-02T11:06:15Z,2026-05-03T06:54:53Z,2026-05-03T06:54:48Z,863,False,polyscope-py,nmwsharp/polyscope-py,git@github.com:nmwsharp/polyscope-py.git,53
MDEwOlJlcG9zaXRvcnkyMTIzMDAxMjk=,2019-10-02T09:23:31Z,2026-04-27T02:14:45Z,2026-05-07T03:59:23Z,43099,False,mallob,domschrei/mallob,git@github.com:domschrei/mallob.git,89
MDEwOlJlcG9zaXRvcnkyMTIyNjc1OTk=,2019-10-02T06:11:11Z,2026-04-28T10:54:42Z,2026-04-30T13:48:36Z,42987,True,QOpenHD,OpenHD/QOpenHD,git@github.com:OpenHD/QOpenHD.git,280
MDEwOlJlcG9zaXRvcnkyMTIxNjMwMzI=,2019-10-01T17:55:25Z,2026-04-27T13:59:57Z,2026-04-27T13:59:52Z,20253,False,neuroh5,iraikov/neuroh5,git@github.com:iraikov/neuroh5.git,7
MDEwOlJlcG9zaXRvcnkyMTIxNTk4MjY=,2019-10-01T17:39:27Z,2026-03-23T13:10:32Z,2026-03-23T13:10:28Z,251,True,irods_rule_engine_plugin_logical_quotas,irods/irods_rule_engine_plugin_logical_quotas,git@github.com:irods/irods_rule_engine_plugin_logical_quotas.git,1
MDEwOlJlcG9zaXRvcnkyMTE5OTg4MDg=,2019-10-01T02:33:46Z,2026-05-07T07:16:38Z,2026-05-07T07:16:32Z,86986,True,tapyrus-core,chaintope/tapyrus-core,git@github.com:chaintope/tapyrus-core.git,48
MDEwOlJlcG9zaXRvcnkyMTE4ODg2NTQ=,2019-09-30T15:11:08Z,2026-05-04T05:26:25Z,2026-04-05T09:12:45Z,2121,False,pineapple-pictures,BLumia/pineapple-pictures,git@github.com:BLumia/pineapple-pictures.git,526
MDEwOlJlcG9zaXRvcnkyMTE4ODA3Nzk=,2019-09-30T14:35:03Z,2026-05-06T17:23:12Z,2026-05-06T17:23:07Z,7078,True,DnsLibs,AdguardTeam/DnsLibs,git@github.com:AdguardTeam/DnsLibs.git,111
MDEwOlJlcG9zaXRvcnkyMTE1NDE5MDI=,2019-09-28T18:04:52Z,2026-05-05T15:44:43Z,2026-03-04T16:12:17Z,1886,False,voro,chr1shr/voro,git@github.com:chr1shr/voro.git,216
MDEwOlJlcG9zaXRvcnkyMTE0MTA0NjY=,2019-09-27T22:24:49Z,2026-03-11T14:59:49Z,2026-03-11T14:59:44Z,28,True,seastar-starter,redpanda-data/seastar-starter,git@github.com:redpanda-data/seastar-starter.git,34
MDEwOlJlcG9zaXRvcnkyMTEzOTUyODA=,2019-09-27T20:17:19Z,2026-04-24T09:51:08Z,2026-04-17T12:44:24Z,6995,True,openvkl,RenderKit/openvkl,git@github.com:RenderKit/openvkl.git,224
MDEwOlJlcG9zaXRvcnkyMTEzNzAxNjk=,2019-09-27T17:29:32Z,2026-04-26T08:04:08Z,2026-04-26T08:04:04Z,335585,False,renderer,art-vozniuk/renderer,git@github.com:art-vozniuk/renderer.git,0
MDEwOlJlcG9zaXRvcnkyMTEzMzc5NzI=,2019-09-27T14:30:49Z,2026-04-03T17:31:49Z,2026-04-22T14:58:40Z,506,True,sbndaq-artdaq-core,SBNSoftware/sbndaq-artdaq-core,git@github.com:SBNSoftware/sbndaq-artdaq-core.git,2
MDEwOlJlcG9zaXRvcnkyMTEyODI5MTg=,2019-09-27T09:21:56Z,2026-05-07T06:27:21Z,2026-05-07T06:27:18Z,23520,True,coppeliaSimLib,CoppeliaRobotics/coppeliaSimLib,git@github.com:CoppeliaRobotics/coppeliaSimLib.git,146
MDEwOlJlcG9zaXRvcnkyMTExODc3MDQ=,2019-09-26T21:54:50Z,2026-04-22T09:29:01Z,2026-05-04T16:21:58Z,24131,True,icaruscode,SBNSoftware/icaruscode,git@github.com:SBNSoftware/icaruscode.git,13
MDEwOlJlcG9zaXRvcnkyMTExODc0OTI=,2019-09-26T21:53:10Z,2026-04-03T17:33:01Z,2026-04-17T14:44:46Z,223416,True,sbndaq-artdaq,SBNSoftware/sbndaq-artdaq,git@github.com:SBNSoftware/sbndaq-artdaq.git,2
MDEwOlJlcG9zaXRvcnkyMTExODY5Mjk=,2019-09-26T21:48:31Z,2026-04-24T21:13:36Z,2026-05-07T02:04:11Z,37982,True,sbncode,SBNSoftware/sbncode,git@github.com:SBNSoftware/sbncode.git,13
MDEwOlJlcG9zaXRvcnkyMTExMzM5NTM=,2019-09-26T16:27:32Z,2026-05-06T16:12:33Z,2026-05-06T16:18:50Z,25639,False,openFPGALoader,trabucayre/openFPGALoader,git@github.com:trabucayre/openFPGALoader.git,1621
MDEwOlJlcG9zaXRvcnkyMTEwNzkxMTk=,2019-09-26T12:03:52Z,2026-05-05T00:06:46Z,2026-03-23T04:30:36Z,2675,False,ros_openpose,ravijo/ros_openpose,git@github.com:ravijo/ros_openpose.git,151
MDEwOlJlcG9zaXRvcnkyMTA5NDM5MTA=,2019-09-25T21:30:29Z,2026-03-23T11:40:05Z,2026-03-23T11:40:01Z,34931,False,XCapstone,horsicq/XCapstone,git@github.com:horsicq/XCapstone.git,10
MDEwOlJlcG9zaXRvcnkyMTA3NjQ1ODE=,2019-09-25T05:44:14Z,2026-05-05T15:24:05Z,2026-05-05T15:23:59Z,4954,False,UERANSIM,aligungr/UERANSIM,git@github.com:aligungr/UERANSIM.git,1003
MDEwOlJlcG9zaXRvcnkyMTA3MDk0NTg=,2019-09-24T22:36:57Z,2026-05-06T05:46:15Z,2026-04-28T11:13:24Z,1476,True,cpp-terminal,jupyter-xeus/cpp-terminal,git@github.com:jupyter-xeus/cpp-terminal.git,654
MDEwOlJlcG9zaXRvcnkyMTAzNTE2MTg=,2019-09-23T12:38:19Z,2026-05-07T10:02:16Z,2026-05-07T11:01:09Z,6234,True,HDILib,biovault/HDILib,git@github.com:biovault/HDILib.git,6
MDEwOlJlcG9zaXRvcnkyMTAzMjkyMzA=,2019-09-23T10:38:17Z,2026-04-07T00:52:41Z,2026-03-28T05:07:00Z,99,True,lib_lottie,desktop-app/lib_lottie,git@github.com:desktop-app/lib_lottie.git,13
MDEwOlJlcG9zaXRvcnkyMTAwODY5Nzc=,2019-09-22T03:50:08Z,2026-04-21T08:02:29Z,2026-04-21T08:02:24Z,120,False,express,alexsmn/express,git@github.com:alexsmn/express.git,0
MDEwOlJlcG9zaXRvcnkyMDk3NTQ2NTg=,2019-09-20T09:30:21Z,2026-04-19T05:42:26Z,2026-04-17T10:01:57Z,24637,True,dfir-orc,DFIR-ORC/dfir-orc,git@github.com:DFIR-ORC/dfir-orc.git,435
MDEwOlJlcG9zaXRvcnkyMDk3MDA2NDM=,2019-09-20T03:50:08Z,2026-05-07T03:33:41Z,2026-05-07T04:28:41Z,5162,False,OpenJPH,aous72/OpenJPH,git@github.com:aous72/OpenJPH.git,270
MDEwOlJlcG9zaXRvcnkyMDk2NTU4OTg=,2019-09-19T22:01:31Z,2026-05-06T21:23:15Z,2026-05-01T16:08:18Z,30120,True,vtm,directvt/vtm,git@github.com:directvt/vtm.git,3275
MDEwOlJlcG9zaXRvcnkyMDk2MjA5MjE=,2019-09-19T18:18:21Z,2026-03-20T14:45:10Z,2026-03-20T14:45:05Z,140075,True,hedgehog,usnistgov/hedgehog,git@github.com:usnistgov/hedgehog.git,34
MDEwOlJlcG9zaXRvcnkyMDk1OTA0NjU=,2019-09-19T15:39:12Z,2026-04-13T09:19:42Z,2026-04-13T09:19:37Z,5504,True,HDF5Loader,ManiVaultStudio/HDF5Loader,git@github.com:ManiVaultStudio/HDF5Loader.git,0
MDEwOlJlcG9zaXRvcnkyMDk0ODA2NjQ=,2019-09-19T06:39:24Z,2026-05-04T13:42:24Z,2026-04-26T17:21:31Z,954,True,EDM4hep,key4hep/EDM4hep,git@github.com:key4hep/EDM4hep.git,37
MDEwOlJlcG9zaXRvcnkyMDk0MDczNTM=,2019-09-18T21:29:56Z,2026-04-16T20:34:35Z,2026-04-16T20:34:30Z,5187,False,DKV2,Schachigel/DKV2,git@github.com:Schachigel/DKV2.git,11
MDEwOlJlcG9zaXRvcnkyMDkzODIwODI=,2019-09-18T18:53:35Z,2026-03-17T19:50:21Z,2026-03-17T19:50:18Z,122,True,drivers-motors_roboteq_canopen,tidewise/drivers-motors_roboteq_canopen,git@github.com:tidewise/drivers-motors_roboteq_canopen.git,0
MDEwOlJlcG9zaXRvcnkyMDkzNDA0NTk=,2019-09-18T15:17:30Z,2026-05-01T20:20:33Z,2026-05-01T20:20:27Z,20252,True,kcalendarcore,KDE/kcalendarcore,git@github.com:KDE/kcalendarcore.git,10
MDEwOlJlcG9zaXRvcnkyMDkwODE5Mzk=,2019-09-17T14:50:19Z,2026-05-05T10:54:12Z,2026-05-07T11:30:27Z,4599,True,lib_ui,desktop-app/lib_ui,git@github.com:desktop-app/lib_ui.git,172
MDEwOlJlcG9zaXRvcnkyMDkwNzk4MjQ=,2019-09-17T14:41:57Z,2026-05-05T09:19:45Z,2026-05-06T09:53:01Z,54335,False,oxDNA,lorenzo-rovigatti/oxDNA,git@github.com:lorenzo-rovigatti/oxDNA.git,67
MDEwOlJlcG9zaXRvcnkyMDkwNzkwMzk=,2019-09-17T14:38:32Z,2026-05-05T19:40:37Z,2026-05-05T19:40:19Z,148,True,codegen,desktop-app/codegen,git@github.com:desktop-app/codegen.git,10
MDEwOlJlcG9zaXRvcnkyMDkwNTQ0OTk=,2019-09-17T12:58:03Z,2026-04-25T16:14:06Z,2026-04-25T07:56:41Z,877,True,lib_base,desktop-app/lib_base,git@github.com:desktop-app/lib_base.git,31
MDEwOlJlcG9zaXRvcnkyMDkwNTA3MDk=,2019-09-17T12:40:53Z,2026-03-06T18:49:05Z,2026-04-21T12:59:54Z,50,True,lib_crl,desktop-app/lib_crl,git@github.com:desktop-app/lib_crl.git,8
MDEwOlJlcG9zaXRvcnkyMDkwNDMzODQ=,2019-09-17T12:07:29Z,2026-05-04T15:17:34Z,2026-03-03T13:17:11Z,2367,True,cpp-libp2p,libp2p/cpp-libp2p,git@github.com:libp2p/cpp-libp2p.git,473
MDEwOlJlcG9zaXRvcnkyMDg5NjQ5NTU=,2019-09-17T05:16:48Z,2026-05-06T06:26:40Z,2026-05-06T06:26:35Z,3089482,True,indi-3rdparty,indilib/indi-3rdparty,git@github.com:indilib/indi-3rdparty.git,150
MDEwOlJlcG9zaXRvcnkyMDg4Nzc4Mzk=,2019-09-16T19:10:58Z,2026-05-07T11:34:20Z,2026-05-07T11:34:14Z,39481,False,mpz,olegantonyan/mpz,git@github.com:olegantonyan/mpz.git,103
MDEwOlJlcG9zaXRvcnkyMDg4MzA4OTA=,2019-09-16T15:13:30Z,2026-04-18T07:05:38Z,2026-04-18T07:05:34Z,2617,False,nexus,GK72/nexus,git@github.com:GK72/nexus.git,0
MDEwOlJlcG9zaXRvcnkyMDg3OTEzMDU=,2019-09-16T12:13:54Z,2026-04-27T09:06:37Z,2026-04-29T09:07:02Z,79283,True,arrus,us4useu/arrus,git@github.com:us4useu/arrus.git,30
MDEwOlJlcG9zaXRvcnkyMDg1ODUyNTg=,2019-09-15T11:41:24Z,2026-04-25T06:19:01Z,2026-05-06T10:25:05Z,5361,False,BaKGL,xavieran/BaKGL,git@github.com:xavieran/BaKGL.git,61
MDEwOlJlcG9zaXRvcnkyMDg1MzY0NDk=,2019-09-15T03:28:32Z,2026-04-13T21:48:11Z,2026-04-20T16:07:12Z,143980,True,NoSpherA2,AK-Kleemiss/NoSpherA2,git@github.com:AK-Kleemiss/NoSpherA2.git,13
MDEwOlJlcG9zaXRvcnkyMDg1MDk4ODg=,2019-09-14T22:08:30Z,2026-05-07T02:28:37Z,2026-05-07T10:55:37Z,62969,True,dosbox-staging,dosbox-staging/dosbox-staging,git@github.com:dosbox-staging/dosbox-staging.git,1698
MDEwOlJlcG9zaXRvcnkyMDg0MjE4MDU=,2019-09-14T10:03:36Z,2026-04-20T21:35:13Z,2026-04-20T21:41:06Z,634,False,audmes,swwa/audmes,git@github.com:swwa/audmes.git,14
MDEwOlJlcG9zaXRvcnkyMDgzMTMwMTA=,2019-09-13T17:24:52Z,2026-05-06T13:01:04Z,2026-03-12T05:34:23Z,59079,True,HugeCTR,NVIDIA-Merlin/HugeCTR,git@github.com:NVIDIA-Merlin/HugeCTR.git,1060
MDEwOlJlcG9zaXRvcnkyMDgyODU0MzE=,2019-09-13T14:50:39Z,2026-03-13T12:58:38Z,2026-03-13T12:58:36Z,106,True,drivers-modbus,tidewise/drivers-modbus,git@github.com:tidewise/drivers-modbus.git,0
MDEwOlJlcG9zaXRvcnkyMDgyMTkxNzA=,2019-09-13T07:47:04Z,2026-04-05T17:24:28Z,2026-05-06T08:31:31Z,164201,False,FireCore,ProkopHapala/FireCore,git@github.com:ProkopHapala/FireCore.git,7
MDEwOlJlcG9zaXRvcnkyMDgxNzMwNTU=,2019-09-13T01:07:17Z,2026-05-06T06:57:11Z,2026-05-06T06:57:12Z,23562,True,green_qt,Blockstream/green_qt,git@github.com:Blockstream/green_qt.git,253
MDEwOlJlcG9zaXRvcnkyMDgxNDUxMjg=,2019-09-12T20:57:39Z,2026-05-07T00:37:56Z,2026-05-07T11:35:08Z,280965,True,iree,iree-org/iree,git@github.com:iree-org/iree.git,3748
MDEwOlJlcG9zaXRvcnkyMDgxMTg3Mjc=,2019-09-12T18:28:30Z,2026-05-07T07:46:53Z,2026-05-07T07:46:49Z,13687,True,json,boostorg/json,git@github.com:boostorg/json.git,476
MDEwOlJlcG9zaXRvcnkyMDgwNzMwODg=,2019-09-12T14:39:02Z,2026-05-07T07:09:09Z,2026-05-04T10:30:58Z,234699,True,qmapshack,Maproom/qmapshack,git@github.com:Maproom/qmapshack.git,390
MDEwOlJlcG9zaXRvcnkyMDgwNDgwOTU=,2019-09-12T12:38:53Z,2026-04-11T08:42:59Z,2026-05-07T10:35:03Z,239789,False,Simbody01,spirilaurentiu/Simbody01,git@github.com:spirilaurentiu/Simbody01.git,1
MDEwOlJlcG9zaXRvcnkyMDc5NTE2NjA=,2019-09-12T02:54:16Z,2026-04-21T16:35:09Z,2026-04-07T18:15:09Z,8308,True,GEM,large-scale-gxe-methods/GEM,git@github.com:large-scale-gxe-methods/GEM.git,21
MDEwOlJlcG9zaXRvcnkyMDc5NDE0MTU=,2019-09-12T01:48:33Z,2026-04-29T16:29:27Z,2026-04-29T16:29:23Z,267,False,CppWebServer,dtorban/CppWebServer,git@github.com:dtorban/CppWebServer.git,0
MDEwOlJlcG9zaXRvcnkyMDc5MjI2OTA=,2019-09-11T23:13:26Z,2026-03-29T00:18:00Z,2026-03-26T20:46:59Z,500,True,buildfarm_perf_tests,ros2/buildfarm_perf_tests,git@github.com:ros2/buildfarm_perf_tests.git,25
MDEwOlJlcG9zaXRvcnkyMDc3Mjg4NzE=,2019-09-11T05:16:39Z,2026-05-04T01:43:10Z,2026-05-01T00:53:53Z,36429,False,emhash,ktprime/emhash,git@github.com:ktprime/emhash.git,707
MDEwOlJlcG9zaXRvcnkyMDc3MjUyNDY=,2019-09-11T04:46:43Z,2026-05-06T20:18:27Z,2026-05-06T20:18:13Z,56942,False,fierymud,stridera/fierymud,git@github.com:stridera/fierymud.git,4
MDEwOlJlcG9zaXRvcnkyMDc2NjMyMzU=,2019-09-10T21:06:59Z,2026-05-07T08:47:54Z,2026-04-01T22:46:00Z,10405,True,bustub,cmu-db/bustub,git@github.com:cmu-db/bustub.git,4963
MDEwOlJlcG9zaXRvcnkyMDc2NTUyMTM=,2019-09-10T20:19:07Z,2026-04-22T08:52:16Z,2026-04-06T07:25:50Z,23937,True,operon,heal-research/operon,git@github.com:heal-research/operon.git,205
MDEwOlJlcG9zaXRvcnkyMDc1NTI2NDE=,2019-09-10T12:24:52Z,2026-04-14T01:38:23Z,2026-03-12T15:23:09Z,13526,True,norm,USNavalResearchLaboratory/norm,git@github.com:USNavalResearchLaboratory/norm.git,113
MDEwOlJlcG9zaXRvcnkyMDc1MTc3MzQ=,2019-09-10T09:27:36Z,2026-04-23T00:31:36Z,2026-04-21T14:20:02Z,129143,True,open62541pp,open62541pp/open62541pp,git@github.com:open62541pp/open62541pp.git,185
MDEwOlJlcG9zaXRvcnkyMDc0NTUxMDE=,2019-09-10T03:13:59Z,2026-04-16T08:31:57Z,2026-04-16T08:31:53Z,6541,True,shirakami,project-tsurugi/shirakami,git@github.com:project-tsurugi/shirakami.git,6
MDEwOlJlcG9zaXRvcnkyMDc0MTIyODI=,2019-09-09T21:57:46Z,2026-05-04T15:17:32Z,2026-05-04T12:44:20Z,238960,True,oneCCL,uxlfoundation/oneCCL,git@github.com:uxlfoundation/oneCCL.git,264
MDEwOlJlcG9zaXRvcnkyMDczNjM0NjY=,2019-09-09T17:16:49Z,2026-05-06T16:51:42Z,2026-05-04T21:34:02Z,42421,True,llvm-propeller,google/llvm-propeller,git@github.com:google/llvm-propeller.git,517
MDEwOlJlcG9zaXRvcnkyMDczNTE5Mjc=,2019-09-09T16:16:47Z,2026-03-19T00:38:37Z,2026-03-19T00:38:32Z,2182,True,protolib,USNavalResearchLaboratory/protolib,git@github.com:USNavalResearchLaboratory/protolib.git,31
MDEwOlJlcG9zaXRvcnkyMDczNDI4NzQ=,2019-09-09T15:32:50Z,2026-04-08T14:17:24Z,2026-04-28T18:44:53Z,1385,False,IBDMap,rjbohlender/IBDMap,git@github.com:rjbohlender/IBDMap.git,0
MDEwOlJlcG9zaXRvcnkyMDcyNDUwOTI=,2019-09-09T07:00:39Z,2026-05-07T10:43:52Z,2026-05-06T12:39:57Z,170324,False,duckstation,stenzek/duckstation,git@github.com:stenzek/duckstation.git,10112
MDEwOlJlcG9zaXRvcnkyMDcyMzg4ODk=,2019-09-09T06:24:48Z,2026-05-07T05:36:57Z,2026-05-07T06:18:05Z,3248065,True,widelands,widelands/widelands,git@github.com:widelands/widelands.git,2806
MDEwOlJlcG9zaXRvcnkyMDY5ODgzMTg=,2019-09-07T15:33:27Z,2026-04-30T18:24:57Z,2026-05-02T15:50:58Z,2937,True,arjun,meelgroup/arjun,git@github.com:meelgroup/arjun.git,27
MDEwOlJlcG9zaXRvcnkyMDY5NDYzNzE=,2019-09-07T09:33:40Z,2026-05-06T23:54:18Z,2026-05-07T09:57:39Z,38554,True,ton,ton-blockchain/ton,git@github.com:ton-blockchain/ton.git,3975
MDEwOlJlcG9zaXRvcnkyMDY4MzU4MDY=,2019-09-06T16:41:11Z,2026-05-04T23:44:07Z,2026-05-06T17:47:44Z,5648,True,pono,stanford-centaur/pono,git@github.com:stanford-centaur/pono.git,122
MDEwOlJlcG9zaXRvcnkyMDY3OTEzMjg=,2019-09-06T12:41:23Z,2026-05-07T09:29:42Z,2026-05-07T07:14:48Z,32556,True,highway,google/highway,git@github.com:google/highway.git,5494
MDEwOlJlcG9zaXRvcnkyMDY3NjQ5NzQ=,2019-09-06T09:53:54Z,2026-05-06T11:00:03Z,2026-05-06T12:55:09Z,115845,True,qtquick3d,qt/qtquick3d,git@github.com:qt/qtquick3d.git,72
MDEwOlJlcG9zaXRvcnkyMDY3MTk4NDc=,2019-09-06T05:32:14Z,2026-03-16T08:00:01Z,2026-03-16T07:59:56Z,1256,False,qtorm,dpurgin/qtorm,git@github.com:dpurgin/qtorm.git,42
MDEwOlJlcG9zaXRvcnkyMDY0MjEzOTM=,2019-09-04T21:51:21Z,2026-03-10T11:36:11Z,2026-03-10T11:36:06Z,1977,False,lf-os_amd64,LittleFox94/lf-os_amd64,git@github.com:LittleFox94/lf-os_amd64.git,47
MDEwOlJlcG9zaXRvcnkyMDYzNjA2NDk=,2019-09-04T16:10:15Z,2026-04-23T17:21:37Z,2026-04-03T08:11:53Z,9864,False,blobbyvolley2,danielknobe/blobbyvolley2,git@github.com:danielknobe/blobbyvolley2.git,191
MDEwOlJlcG9zaXRvcnkyMDYzMDE2MzQ=,2019-09-04T11:18:09Z,2026-03-30T09:11:59Z,2026-04-23T10:41:21Z,9881,True,needle,seqan/needle,git@github.com:seqan/needle.git,14
MDEwOlJlcG9zaXRvcnkyMDYxNzM3MTY=,2019-09-03T21:15:20Z,2026-04-26T15:33:38Z,2026-04-03T23:04:57Z,61108,False,DGGRID,sahrk/DGGRID,git@github.com:sahrk/DGGRID.git,103
MDEwOlJlcG9zaXRvcnkyMDYxMzA5Mjc=,2019-09-03T17:11:52Z,2026-05-04T07:31:33Z,2026-05-04T07:31:29Z,746052,False,niar,miyehn/niar,git@github.com:miyehn/niar.git,12
MDEwOlJlcG9zaXRvcnkyMDU5MjU1NDU=,2019-09-02T19:43:16Z,2026-04-04T00:24:02Z,2026-05-07T09:46:11Z,3157,True,OpenGeode-Geosciences,Geode-solutions/OpenGeode-Geosciences,git@github.com:Geode-solutions/OpenGeode-Geosciences.git,21
MDEwOlJlcG9zaXRvcnkyMDU4NzkzODA=,2019-09-02T14:54:18Z,2026-04-30T13:31:49Z,2026-05-06T13:21:47Z,40126,True,mt-kahypar,kahypar/mt-kahypar,git@github.com:kahypar/mt-kahypar.git,180
MDEwOlJlcG9zaXRvcnkyMDU4Nzg1NjE=,2019-09-02T14:50:06Z,2026-04-28T01:01:19Z,2026-04-18T23:22:50Z,18400,False,colm-suite,adrian-thurston/colm-suite,git@github.com:adrian-thurston/colm-suite.git,209
MDEwOlJlcG9zaXRvcnkyMDU4NDU2NDE=,2019-09-02T11:49:09Z,2026-05-07T02:00:07Z,2026-05-07T02:00:09Z,1930,True,cg-cfd-js,cryptogarageinc/cg-cfd-js,git@github.com:cryptogarageinc/cg-cfd-js.git,0
MDEwOlJlcG9zaXRvcnkyMDU3MjcxMTM=,2019-09-01T20:11:06Z,2026-05-07T09:17:16Z,2026-05-06T13:15:54Z,822440,True,ogre-next,OGRECave/ogre-next,git@github.com:OGRECave/ogre-next.git,1339
MDEwOlJlcG9zaXRvcnkyMDU3MTQ2NzE=,2019-09-01T18:12:57Z,2026-05-07T01:36:53Z,2026-05-07T01:37:04Z,2964,True,OpenImageDebugger,OpenImageDebugger/OpenImageDebugger,git@github.com:OpenImageDebugger/OpenImageDebugger.git,247
MDEwOlJlcG9zaXRvcnkyMDU0ODUzMDQ=,2019-08-31T02:41:42Z,2026-04-25T00:44:43Z,2026-04-25T00:44:39Z,467,True,robotraconteur_companion,robotraconteur/robotraconteur_companion,git@github.com:robotraconteur/robotraconteur_companion.git,1
MDEwOlJlcG9zaXRvcnkyMDU0NTQwNzg=,2019-08-30T20:42:06Z,2026-04-17T18:32:25Z,2026-04-12T11:02:02Z,103,True,libirm,mull-project/libirm,git@github.com:mull-project/libirm.git,44
MDEwOlJlcG9zaXRvcnkyMDU0Mjc2MDA=,2019-08-30T17:25:29Z,2026-05-07T10:04:10Z,2026-05-07T10:04:07Z,14511,True,che-che4z-lsp-for-hlasm,eclipse-che4z/che-che4z-lsp-for-hlasm,git@github.com:eclipse-che4z/che-che4z-lsp-for-hlasm.git,25
MDEwOlJlcG9zaXRvcnkyMDU0MDQ5Mzg=,2019-08-30T15:05:31Z,2026-05-06T05:35:47Z,2026-05-06T01:07:41Z,172356,False,fheroes2,ihhub/fheroes2,git@github.com:ihhub/fheroes2.git,3310
MDEwOlJlcG9zaXRvcnkyMDUyNTM4MTU=,2019-08-29T21:32:41Z,2026-04-30T16:58:27Z,2026-04-30T16:58:21Z,1028,True,stdBLAS,kokkos/stdBLAS,git@github.com:kokkos/stdBLAS.git,161
MDEwOlJlcG9zaXRvcnkyMDUxODkxMzY=,2019-08-29T15:02:43Z,2026-04-30T06:07:46Z,2026-04-30T06:07:43Z,5231,True,compute-engine,larq/compute-engine,git@github.com:larq/compute-engine.git,252
MDEwOlJlcG9zaXRvcnkyMDUwNDYyMTM=,2019-08-29T00:17:13Z,2026-04-06T19:08:38Z,2026-05-01T23:28:17Z,3609,False,doxygen2docset,chinmaygarde/doxygen2docset,git@github.com:chinmaygarde/doxygen2docset.git,26
MDEwOlJlcG9zaXRvcnkyMDUwNDQxOTM=,2019-08-28T23:59:34Z,2026-05-02T20:58:01Z,2026-05-07T03:57:53Z,210155,True,rpp,ROCm/rpp,git@github.com:ROCm/rpp.git,74
MDEwOlJlcG9zaXRvcnkyMDQ5NjgwNjU=,2019-08-28T15:46:21Z,2026-03-22T22:14:06Z,2026-05-05T14:46:02Z,9830,False,aether-game-utils,johnhues/aether-game-utils,git@github.com:johnhues/aether-game-utils.git,8
MDEwOlJlcG9zaXRvcnkyMDQ4ODgyMTA=,2019-08-28T08:49:49Z,2026-04-30T16:14:16Z,2026-04-30T16:14:08Z,5938,False,lcdgfx,lexus2k/lcdgfx,git@github.com:lexus2k/lcdgfx.git,442
MDEwOlJlcG9zaXRvcnkyMDQ3ODg0ODA=,2019-08-27T20:51:58Z,2026-03-04T23:31:07Z,2026-03-04T23:31:02Z,2803,False,sootlib,BYUignite/sootlib,git@github.com:BYUignite/sootlib.git,10
MDEwOlJlcG9zaXRvcnkyMDQ2NjI4ODQ=,2019-08-27T09:01:28Z,2026-03-06T16:38:18Z,2026-03-06T16:38:13Z,255,False,Units,gwlsrm/Units,git@github.com:gwlsrm/Units.git,0
MDEwOlJlcG9zaXRvcnkyMDQ1OTM4MjU=,2019-08-27T01:31:18Z,2026-05-07T05:41:55Z,2026-05-07T07:55:56Z,34486,True,STL,microsoft/STL,git@github.com:microsoft/STL.git,11045
MDEwOlJlcG9zaXRvcnkyMDQ1NzAwMjI=,2019-08-26T22:08:43Z,2026-05-06T06:38:09Z,2026-05-07T09:31:34Z,5507,False,inkcpp,JBenda/inkcpp,git@github.com:JBenda/inkcpp.git,115
MDEwOlJlcG9zaXRvcnkyMDQ1NTEzNTk=,2019-08-26T19:59:15Z,2026-03-06T00:08:23Z,2026-03-06T00:08:23Z,52,True,drivers-orogen-imu_aceinna_openimu,tidewise/drivers-orogen-imu_aceinna_openimu,git@github.com:tidewise/drivers-orogen-imu_aceinna_openimu.git,0
MDEwOlJlcG9zaXRvcnkyMDQ0ODEyMTA=,2019-08-26T13:26:09Z,2026-04-17T19:48:08Z,2026-04-17T19:48:03Z,540,False,tgd,marlam/tgd,git@github.com:marlam/tgd.git,5
MDEwOlJlcG9zaXRvcnkyMDQyNjgzODk=,2019-08-25T08:41:10Z,2026-05-06T15:51:56Z,2026-04-29T12:32:49Z,81536,False,Gittyup,Murmele/Gittyup,git@github.com:Murmele/Gittyup.git,2170
MDEwOlJlcG9zaXRvcnkyMDQyMTQxMjA=,2019-08-24T21:21:43Z,2026-03-18T19:49:42Z,2026-03-18T19:49:40Z,73,True,drivers-orogen-gps_ublox,tidewise/drivers-orogen-gps_ublox,git@github.com:tidewise/drivers-orogen-gps_ublox.git,1
MDEwOlJlcG9zaXRvcnkyMDQwMDk5ODg=,2019-08-23T14:02:59Z,2026-05-07T08:58:03Z,2026-05-06T20:18:04Z,9223,True,tcmalloc,google/tcmalloc,git@github.com:google/tcmalloc.git,5222
MDEwOlJlcG9zaXRvcnkyMDM5ODg5MTY=,2019-08-23T11:52:17Z,2026-03-17T10:08:16Z,2026-03-17T10:08:12Z,2425,True,TurkishSentiNet-CPP,StarlangSoftware/TurkishSentiNet-CPP,git@github.com:StarlangSoftware/TurkishSentiNet-CPP.git,1
MDEwOlJlcG9zaXRvcnkyMDM4NjU1MDU=,2019-08-22T20:09:08Z,2026-05-03T19:16:52Z,2026-05-03T19:16:45Z,96129,False,F-DDrace,fokkonaut/F-DDrace,git@github.com:fokkonaut/F-DDrace.git,20
MDEwOlJlcG9zaXRvcnkyMDM4MjM3NjY=,2019-08-22T15:33:30Z,2026-03-24T14:15:34Z,2026-03-27T16:56:47Z,18462,True,DLA-Future,eth-cscs/DLA-Future,git@github.com:eth-cscs/DLA-Future.git,85
MDEwOlJlcG9zaXRvcnkyMDM3ODkyOTk=,2019-08-22T12:20:48Z,2026-05-06T06:06:50Z,2026-05-06T06:06:43Z,531587,False,voronota,kliment-olechnovic/voronota,git@github.com:kliment-olechnovic/voronota.git,41
MDEwOlJlcG9zaXRvcnkyMDM2MDk5ODc=,2019-08-21T15:12:12Z,2026-05-07T07:00:30Z,2026-04-29T17:49:18Z,36995,True,vpic-kokkos,lanl/vpic-kokkos,git@github.com:lanl/vpic-kokkos.git,63
MDEwOlJlcG9zaXRvcnkyMDM1ODAxOTk=,2019-08-21T12:32:44Z,2026-03-11T16:01:01Z,2026-03-11T16:00:45Z,518,True,robot_interfaces,open-dynamic-robot-initiative/robot_interfaces,git@github.com:open-dynamic-robot-initiative/robot_interfaces.git,26
MDEwOlJlcG9zaXRvcnkyMDM1MjY4ODc=,2019-08-21T07:05:39Z,2026-04-19T10:04:15Z,2026-04-19T10:04:10Z,460,False,bfc,therooftopprinz/bfc,git@github.com:therooftopprinz/bfc.git,2
MDEwOlJlcG9zaXRvcnkyMDM0Nzg3NTk=,2019-08-21T01:02:46Z,2026-04-30T22:08:59Z,2026-04-30T22:08:55Z,1589,False,fastgame,wwmm/fastgame,git@github.com:wwmm/fastgame.git,92
MDEwOlJlcG9zaXRvcnkyMDM0MDY0MjU=,2019-08-20T15:43:32Z,2026-05-07T00:00:28Z,2026-04-05T12:05:35Z,55992,True,Beef,beefytech/Beef,git@github.com:beefytech/Beef.git,2804
MDEwOlJlcG9zaXRvcnkyMDI5NTAxOTY=,2019-08-18T02:16:36Z,2026-04-16T15:43:43Z,2026-03-24T04:36:58Z,537010,True,LuisaRender,LuisaGroup/LuisaRender,git@github.com:LuisaGroup/LuisaRender.git,603
MDEwOlJlcG9zaXRvcnkyMDI4MDQ2OTI=,2019-08-16T22:03:57Z,2026-05-06T20:27:13Z,2026-05-06T20:28:04Z,70385,True,Offline,Mu2e/Offline,git@github.com:Mu2e/Offline.git,9
MDEwOlJlcG9zaXRvcnkyMDI3NzQ2ODU=,2019-08-16T17:49:54Z,2026-05-07T06:40:55Z,2026-05-05T14:12:15Z,2546,True,fTetWild,wildmeshing/fTetWild,git@github.com:wildmeshing/fTetWild.git,568
MDEwOlJlcG9zaXRvcnkyMDI3NzE5OTA=,2019-08-16T17:31:48Z,2026-05-07T08:47:08Z,2026-05-07T08:47:04Z,2156,False,NS-EOF-Team-Project,colcami/NS-EOF-Team-Project,git@github.com:colcami/NS-EOF-Team-Project.git,0
MDEwOlJlcG9zaXRvcnkyMDI3MTI5MjM=,2019-08-16T11:04:33Z,2026-05-06T21:16:53Z,2026-04-10T07:44:57Z,5156,False,stdgpu,stotko/stdgpu,git@github.com:stotko/stdgpu.git,1261
MDEwOlJlcG9zaXRvcnkyMDI3MTEwMjY=,2019-08-16T10:49:26Z,2026-05-04T17:20:16Z,2026-05-04T17:36:15Z,192104,True,FTL-Hyperspace,FTL-Hyperspace/FTL-Hyperspace,git@github.com:FTL-Hyperspace/FTL-Hyperspace.git,144
MDEwOlJlcG9zaXRvcnkyMDI2MTM3OTQ=,2019-08-15T21:28:39Z,2026-05-04T11:14:35Z,2026-04-27T19:30:41Z,801,True,fbjni,facebookincubator/fbjni,org-19538647@github.com:facebookincubator/fbjni.git,329
MDEwOlJlcG9zaXRvcnkyMDI1NTM1MTM=,2019-08-15T14:14:01Z,2026-03-04T19:47:54Z,2026-03-04T19:47:46Z,303827,True,OpenSidescan,CIDCO-dev/OpenSidescan,git@github.com:CIDCO-dev/OpenSidescan.git,42
MDEwOlJlcG9zaXRvcnkyMDI0ODMzNDg=,2019-08-15T06:04:51Z,2026-05-07T07:15:49Z,2026-05-06T16:31:46Z,13545,True,kvrocks,apache/kvrocks,git@github.com:apache/kvrocks.git,4304
MDEwOlJlcG9zaXRvcnkyMDI0NTg1NDI=,2019-08-15T02:20:11Z,2026-05-03T02:53:36Z,2026-05-03T02:53:32Z,105388,False,Melissa,mosynthkey/Melissa,git@github.com:mosynthkey/Melissa.git,212
MDEwOlJlcG9zaXRvcnkyMDIzMjcwNDk=,2019-08-14T10:19:00Z,2026-04-04T00:24:07Z,2026-05-07T09:52:54Z,76683,True,OpenGeode-GeosciencesIO,Geode-solutions/OpenGeode-GeosciencesIO,git@github.com:Geode-solutions/OpenGeode-GeosciencesIO.git,8
MDEwOlJlcG9zaXRvcnkyMDIyNzc0MDk=,2019-08-14T04:56:47Z,2026-05-06T18:43:15Z,2026-05-06T18:43:11Z,27137,True,contour,contour-terminal/contour,git@github.com:contour-terminal/contour.git,2918
MDEwOlJlcG9zaXRvcnkyMDIyMTY5MzY=,2019-08-13T20:12:50Z,2026-04-02T14:40:33Z,2026-04-02T14:40:29Z,43411,False,code_example,wxie2013/code_example,git@github.com:wxie2013/code_example.git,0
MDEwOlJlcG9zaXRvcnkyMDE4NTQ1Mjc=,2019-08-12T03:55:17Z,2026-04-14T16:52:05Z,2026-04-14T16:52:00Z,230,False,sasl-xoauth2,tarickb/sasl-xoauth2,git@github.com:tarickb/sasl-xoauth2.git,115
MDEwOlJlcG9zaXRvcnkyMDEyNzM1OTY=,2019-08-08T14:17:55Z,2026-04-03T20:20:14Z,2026-04-03T20:20:09Z,1168,False,cz,czipperz/cz,git@github.com:czipperz/cz.git,3
MDEwOlJlcG9zaXRvcnkyMDEyMjkxNjA=,2019-08-08T09:50:56Z,2026-05-03T08:13:36Z,2026-05-03T08:13:31Z,43466,False,Irrlicht,MoNTE48/Irrlicht,git@github.com:MoNTE48/Irrlicht.git,4
MDEwOlJlcG9zaXRvcnkyMDEyMDY3MDA=,2019-08-08T07:47:51Z,2026-04-13T19:17:16Z,2026-04-13T19:17:13Z,8929,True,107-Arduino-Cyphal,107-systems/107-Arduino-Cyphal,git@github.com:107-systems/107-Arduino-Cyphal.git,75
MDEwOlJlcG9zaXRvcnkyMDExODcyNTc=,2019-08-08T05:51:15Z,2026-04-29T06:46:48Z,2026-04-12T02:27:13Z,1601,True,kirogi,KDE/kirogi,git@github.com:KDE/kirogi.git,25
MDEwOlJlcG9zaXRvcnkyMDEwNDgyOTk=,2019-08-07T12:42:03Z,2026-05-07T02:07:07Z,2026-05-07T02:07:00Z,490642,True,dolphin,EIGHTFINITE/dolphin,git@github.com:EIGHTFINITE/dolphin.git,14
MDEwOlJlcG9zaXRvcnkyMDEwMzg3Mjc=,2019-08-07T11:41:44Z,2026-04-16T06:33:59Z,2026-04-16T06:38:50Z,31045,False,relxill,thdauser/relxill,git@github.com:thdauser/relxill.git,18
MDEwOlJlcG9zaXRvcnkyMDA5MDU2NjA=,2019-08-06T18:40:04Z,2026-05-07T08:54:27Z,2026-05-07T08:54:23Z,117815,False,LOKI,mel105/LOKI,git@github.com:mel105/LOKI.git,0
MDEwOlJlcG9zaXRvcnkyMDA4Nzg2ODA=,2019-08-06T15:31:04Z,2026-05-07T02:01:55Z,2026-04-06T17:21:01Z,81794,True,libDaisy,electro-smith/libDaisy,git@github.com:electro-smith/libDaisy.git,447
MDEwOlJlcG9zaXRvcnkyMDA4MTg0NzA=,2019-08-06T09:19:12Z,2026-04-17T09:07:27Z,2026-04-17T09:07:29Z,1174,False,pquery,abychko/pquery,git@github.com:abychko/pquery.git,2
MDEwOlJlcG9zaXRvcnkyMDA3OTAwOTc=,2019-08-06T06:28:30Z,2026-03-03T13:48:26Z,2026-05-05T14:28:00Z,1756,True,ImageViewerPlugin,ManiVaultStudio/ImageViewerPlugin,git@github.com:ManiVaultStudio/ImageViewerPlugin.git,1
MDEwOlJlcG9zaXRvcnkyMDA3NDg5MDc=,2019-08-06T00:43:20Z,2026-05-01T05:21:16Z,2026-05-01T05:21:13Z,29846,False,OptiX_Utility,shocker-0x15/OptiX_Utility,git@github.com:shocker-0x15/OptiX_Utility.git,106
MDEwOlJlcG9zaXRvcnkyMDA2MTgyMTU=,2019-08-05T08:48:23Z,2026-04-20T14:55:28Z,2026-03-27T13:20:20Z,37552,True,serenity,qcserenity/serenity,git@github.com:qcserenity/serenity.git,51
MDEwOlJlcG9zaXRvcnkyMDA1NDY4NDc=,2019-08-04T22:15:51Z,2026-05-03T21:19:53Z,2026-05-04T19:52:35Z,8649,False,VulkanProfiler,lstalmir/VulkanProfiler,git@github.com:lstalmir/VulkanProfiler.git,95
MDEwOlJlcG9zaXRvcnkyMDA0NDQ5OTE=,2019-08-04T03:27:48Z,2026-04-21T10:51:45Z,2026-04-13T00:39:49Z,126337,False,VSTPlugins,ryukau/VSTPlugins,git@github.com:ryukau/VSTPlugins.git,382
MDEwOlJlcG9zaXRvcnkyMDAyMDkyNDY=,2019-08-02T09:42:35Z,2026-05-06T10:54:09Z,2026-05-06T10:54:06Z,19372,True,marco,marco-compiler/marco,git@github.com:marco-compiler/marco.git,45
MDEwOlJlcG9zaXRvcnkyMDAwMTU4NTI=,2019-08-01T09:01:54Z,2026-03-30T09:18:17Z,2026-04-28T12:33:43Z,5183,True,jams,stonerlab/jams,git@github.com:stonerlab/jams.git,6
MDEwOlJlcG9zaXRvcnkyMDAwMTUyODA=,2019-08-01T08:58:36Z,2026-05-06T05:15:31Z,2026-05-07T11:31:01Z,22041,True,OpenGeode,Geode-solutions/OpenGeode,git@github.com:Geode-solutions/OpenGeode.git,177
MDEwOlJlcG9zaXRvcnkyMDAwMTA4MjE=,2019-08-01T08:33:15Z,2026-05-06T05:15:25Z,2026-05-07T11:27:20Z,26120,True,OpenGeode-IO,Geode-solutions/OpenGeode-IO,git@github.com:Geode-solutions/OpenGeode-IO.git,10
MDEwOlJlcG9zaXRvcnkxOTk5NDE3ODE=,2019-07-31T23:19:23Z,2026-04-29T01:34:38Z,2026-04-29T01:34:34Z,19749,False,jazzlights,DavidSchinazi/jazzlights,git@github.com:DavidSchinazi/jazzlights.git,4
MDEwOlJlcG9zaXRvcnkxOTk5MzEwMzk=,2019-07-31T21:24:30Z,2026-04-28T18:56:40Z,2026-04-28T18:56:37Z,1573,True,dicom-interface,topasmc/dicom-interface,git@github.com:topasmc/dicom-interface.git,27
MDEwOlJlcG9zaXRvcnkxOTk5MjE0MzM=,2019-07-31T20:05:08Z,2026-05-06T19:13:52Z,2026-04-01T10:04:28Z,1261,True,NuRaft,eBay/NuRaft,git@github.com:eBay/NuRaft.git,1181
MDEwOlJlcG9zaXRvcnkxOTk5MTQ4ODg=,2019-07-31T19:12:42Z,2026-04-26T19:50:06Z,2026-04-26T19:49:55Z,1295756,False,TweedeEngine,fabsgc/TweedeEngine,git@github.com:fabsgc/TweedeEngine.git,67
MDEwOlJlcG9zaXRvcnkxOTk4ODE5NzY=,2019-07-31T15:23:38Z,2026-05-06T18:10:50Z,2026-05-07T10:24:46Z,9763,True,DroneDB,DroneDB/DroneDB,git@github.com:DroneDB/DroneDB.git,272
MDEwOlJlcG9zaXRvcnkxOTk1MTExODk=,2019-07-29T19:01:43Z,2026-05-06T00:01:55Z,2026-05-06T00:01:52Z,12593,False,RAPIO,retoomey/RAPIO,git@github.com:retoomey/RAPIO.git,3
MDEwOlJlcG9zaXRvcnkxOTk0MTU0NDc=,2019-07-29T08:52:36Z,2026-04-23T13:41:00Z,2026-04-23T13:41:22Z,1429,True,dtkgui,linuxdeepin/dtkgui,git@github.com:linuxdeepin/dtkgui.git,68
MDEwOlJlcG9zaXRvcnkxOTkxODc0NTQ=,2019-07-27T16:15:01Z,2026-05-05T08:56:50Z,2026-05-05T08:57:10Z,12299,True,cpp-sc2,cpp-sc2/cpp-sc2,git@github.com:cpp-sc2/cpp-sc2.git,62
MDEwOlJlcG9zaXRvcnkxOTkxMDkzNTA=,2019-07-27T03:16:38Z,2026-04-27T21:08:02Z,2026-04-27T21:07:59Z,1740,True,netif,GMLC-TDC/netif,git@github.com:GMLC-TDC/netif.git,16
MDEwOlJlcG9zaXRvcnkxOTkwNzY2MzI=,2019-07-26T20:32:24Z,2026-05-06T10:32:46Z,2026-05-06T10:32:43Z,55458,False,libdatachannel,paullouisageneau/libdatachannel,git@github.com:paullouisageneau/libdatachannel.git,2581
MDEwOlJlcG9zaXRvcnkxOTg5NzAzNDQ=,2019-07-26T07:37:16Z,2026-05-04T09:27:00Z,2026-05-03T02:50:39Z,10517,True,kup,KDE/kup,git@github.com:KDE/kup.git,29
MDEwOlJlcG9zaXRvcnkxOTg5NjQwNzE=,2019-07-26T06:57:45Z,2026-03-30T07:23:41Z,2026-04-17T08:06:50Z,1132,True,ogawayama,project-tsurugi/ogawayama,git@github.com:project-tsurugi/ogawayama.git,2
MDEwOlJlcG9zaXRvcnkxOTg5NTc5MDQ=,2019-07-26T06:16:40Z,2026-05-07T06:14:35Z,2026-05-07T06:14:32Z,4911,True,uvgRTP,ultravideo/uvgRTP,git@github.com:ultravideo/uvgRTP.git,431
MDEwOlJlcG9zaXRvcnkxOTg4OTk5MjA=,2019-07-25T20:54:42Z,2026-05-06T07:54:29Z,2026-05-06T08:33:54Z,82731,True,systemc,accellera-official/systemc,git@github.com:accellera-official/systemc.git,656
MDEwOlJlcG9zaXRvcnkxOTg4MzY5ODM=,2019-07-25T13:28:56Z,2026-04-16T08:10:11Z,2026-04-17T05:12:17Z,70,True,LofarStMan,lofar-astron/LofarStMan,git@github.com:lofar-astron/LofarStMan.git,2
MDEwOlJlcG9zaXRvcnkxOTg3MTA2NTg=,2019-07-24T21:14:47Z,2026-03-30T00:47:22Z,2026-04-02T08:08:19Z,760,True,mso,microsoft/mso,git@github.com:microsoft/mso.git,73
MDEwOlJlcG9zaXRvcnkxOTg3MDUxMzE=,2019-07-24T20:25:39Z,2026-05-04T22:24:19Z,2026-05-04T22:24:19Z,802,True,examples,dyninst/examples,git@github.com:dyninst/examples.git,15
MDEwOlJlcG9zaXRvcnkxOTg1MDM2MTQ=,2019-07-23T20:28:25Z,2026-05-07T11:20:52Z,2026-05-04T20:29:00Z,79516,False,Botcraft,adepierre/Botcraft,git@github.com:adepierre/Botcraft.git,593
MDEwOlJlcG9zaXRvcnkxOTg0NDAwMTU=,2019-07-23T13:48:20Z,2026-04-30T08:47:27Z,2026-04-30T08:47:54Z,281,True,ViennaHRLE,ViennaTools/ViennaHRLE,git@github.com:ViennaTools/ViennaHRLE.git,3
MDEwOlJlcG9zaXRvcnkxOTgzOTYwOTE=,2019-07-23T09:18:08Z,2026-03-06T09:16:39Z,2026-04-20T18:43:58Z,100893,True,openthread,zephyrproject-rtos/openthread,git@github.com:zephyrproject-rtos/openthread.git,31
MDEwOlJlcG9zaXRvcnkxOTgyMzM1MDg=,2019-07-22T13:55:02Z,2026-04-28T06:42:53Z,2026-04-28T06:42:50Z,140,True,cosim-cli,open-simulation-platform/cosim-cli,git@github.com:open-simulation-platform/cosim-cli.git,10
MDEwOlJlcG9zaXRvcnkxOTc5MDIwMjY=,2019-07-20T08:27:16Z,2026-04-29T21:53:30Z,2026-05-01T22:03:13Z,5913,False,diesel-scm,AnotherFoxGuy/diesel-scm,git@github.com:AnotherFoxGuy/diesel-scm.git,38
MDEwOlJlcG9zaXRvcnkxOTc3Njk4MjE=,2019-07-19T12:33:50Z,2026-05-06T16:13:46Z,2026-04-20T11:10:47Z,4478,False,signalbackup-tools,bepaald/signalbackup-tools,git@github.com:bepaald/signalbackup-tools.git,1324
MDEwOlJlcG9zaXRvcnkxOTc1NzQ0NjQ=,2019-07-18T11:31:25Z,2026-05-06T10:09:46Z,2026-05-06T10:09:42Z,58209,True,t-SNE-Analysis,ManiVaultStudio/t-SNE-Analysis,git@github.com:ManiVaultStudio/t-SNE-Analysis.git,1
MDEwOlJlcG9zaXRvcnkxOTc0MDMzNzU=,2019-07-17T14:16:21Z,2026-05-07T10:50:11Z,2026-05-07T10:50:07Z,2109,True,FeeLLGood,feellgood/FeeLLGood,git@github.com:feellgood/FeeLLGood.git,11
MDEwOlJlcG9zaXRvcnkxOTcyNzQ4NzU=,2019-07-16T22:14:05Z,2026-05-06T01:36:35Z,2026-05-05T02:59:23Z,4669,False,KDE-Rounded-Corners,matinlotfali/KDE-Rounded-Corners,git@github.com:matinlotfali/KDE-Rounded-Corners.git,1144
MDEwOlJlcG9zaXRvcnkxOTcyNTE0MjA=,2019-07-16T18:59:12Z,2026-04-20T15:17:55Z,2026-04-25T03:30:32Z,8055,True,ApproxASP,meelgroup/ApproxASP,git@github.com:meelgroup/ApproxASP.git,2
MDEwOlJlcG9zaXRvcnkxOTcxNDQxNjQ=,2019-07-16T07:33:55Z,2026-04-19T04:43:42Z,2026-04-09T16:59:32Z,86610,True,FLVIS,HKPolyU-UAV/FLVIS,git@github.com:HKPolyU-UAV/FLVIS.git,215
MDEwOlJlcG9zaXRvcnkxOTcwMjY1NTg=,2019-07-15T15:35:34Z,2026-04-20T11:19:36Z,2026-05-07T09:45:36Z,44556,True,core,ManiVaultStudio/core,git@github.com:ManiVaultStudio/core.git,11
MDEwOlJlcG9zaXRvcnkxOTY3NzIwOTQ=,2019-07-13T22:36:26Z,2026-03-20T18:50:45Z,2026-05-01T16:14:57Z,73721,False,quantraserver,joseprupi/quantraserver,git@github.com:joseprupi/quantraserver.git,27
MDEwOlJlcG9zaXRvcnkxOTY2OTc0NDU=,2019-07-13T08:24:53Z,2026-04-13T08:54:17Z,2026-04-08T21:29:20Z,8353,True,canorus,canorusmusic/canorus,git@github.com:canorusmusic/canorus.git,44
MDEwOlJlcG9zaXRvcnkxOTY2MzQ4OTE=,2019-07-12T19:30:47Z,2026-05-02T17:49:31Z,2026-04-28T11:10:06Z,4300,True,quirrel,GaijinEntertainment/quirrel,git@github.com:GaijinEntertainment/quirrel.git,220
MDEwOlJlcG9zaXRvcnkxOTY1NDc0ODU=,2019-07-12T09:11:13Z,2026-05-07T02:01:02Z,2026-05-06T12:36:29Z,892,True,rz-ghidra,rizinorg/rz-ghidra,git@github.com:rizinorg/rz-ghidra.git,933
MDEwOlJlcG9zaXRvcnkxOTYzNjI1ODg=,2019-07-11T09:24:15Z,2026-05-07T06:33:14Z,2026-05-05T02:52:03Z,223383,True,zrythm,zrythm/zrythm,git@github.com:zrythm/zrythm.git,2944
MDEwOlJlcG9zaXRvcnkxOTYwOTQ4NzA=,2019-07-09T22:54:27Z,2026-05-06T10:33:01Z,2026-05-06T23:47:50Z,322252,True,StereoKit,StereoKit/StereoKit,git@github.com:StereoKit/StereoKit.git,1061
MDEwOlJlcG9zaXRvcnkxOTU2MDE3NzA=,2019-07-07T02:32:22Z,2026-04-20T01:25:20Z,2026-04-20T01:25:18Z,579,True,mirakc-arib,mirakc/mirakc-arib,git@github.com:mirakc/mirakc-arib.git,24
MDEwOlJlcG9zaXRvcnkxOTU1MjA3NTI=,2019-07-06T09:17:24Z,2026-05-06T14:27:43Z,2026-04-11T08:40:39Z,2413,False,cpp-rotor,basiliscos/cpp-rotor,git@github.com:basiliscos/cpp-rotor.git,380
MDEwOlJlcG9zaXRvcnkxOTU0Mzk4NDk=,2019-07-05T16:35:34Z,2026-04-20T11:35:30Z,2026-04-09T08:52:11Z,427,True,lldb-mi,lldb-tools/lldb-mi,git@github.com:lldb-tools/lldb-mi.git,190
MDEwOlJlcG9zaXRvcnkxOTUzOTYzMzc=,2019-07-05T11:13:29Z,2026-04-23T09:02:30Z,2026-04-23T09:02:25Z,30169,True,MocapNET,FORTH-ModelBasedTracker/MocapNET,git@github.com:FORTH-ModelBasedTracker/MocapNET.git,930
MDEwOlJlcG9zaXRvcnkxOTUzMTY1NDI=,2019-07-05T00:58:37Z,2026-04-26T20:49:54Z,2026-04-26T20:49:51Z,399,False,KanoopCommonQt,StevePunak/KanoopCommonQt,git@github.com:StevePunak/KanoopCommonQt.git,3
MDEwOlJlcG9zaXRvcnkxOTUyNjMyODA=,2019-07-04T15:12:02Z,2026-05-05T15:03:18Z,2026-05-04T15:31:08Z,215882,False,ArrowDL,setvisible/ArrowDL,git@github.com:setvisible/ArrowDL.git,842
MDEwOlJlcG9zaXRvcnkxOTUyMTM4MzI=,2019-07-04T09:41:45Z,2026-04-30T13:45:06Z,2026-04-30T13:45:32Z,17933,True,ImageLoaderPlugin,ManiVaultStudio/ImageLoaderPlugin,git@github.com:ManiVaultStudio/ImageLoaderPlugin.git,0
MDEwOlJlcG9zaXRvcnkxOTUxNzkyMjE=,2019-07-04T06:09:33Z,2026-03-31T16:57:46Z,2026-03-31T19:04:19Z,164,False,pr_bullet,Silverlan/pr_bullet,git@github.com:Silverlan/pr_bullet.git,0
MDEwOlJlcG9zaXRvcnkxOTUwMDE4MzM=,2019-07-03T07:26:36Z,2026-05-05T03:19:39Z,2026-05-05T22:20:20Z,142187,True,qelectrotech-source-mirror,qelectrotech/qelectrotech-source-mirror,git@github.com:qelectrotech/qelectrotech-source-mirror.git,471
MDEwOlJlcG9zaXRvcnkxOTQ5MDE4MjM=,2019-07-02T16:49:39Z,2026-05-06T11:07:52Z,2026-05-03T14:01:02Z,18415,False,PDF4QT,JakubMelka/PDF4QT,git@github.com:JakubMelka/PDF4QT.git,1353
MDEwOlJlcG9zaXRvcnkxOTQ4NTQ0Nzk=,2019-07-02T11:58:27Z,2026-05-06T01:54:32Z,2026-05-07T09:16:12Z,4182,True,calindori,KDE/calindori,git@github.com:KDE/calindori.git,11
MDEwOlJlcG9zaXRvcnkxOTQ4Mjg1Nzk=,2019-07-02T09:07:03Z,2026-03-18T10:39:22Z,2026-03-18T10:39:19Z,40,False,polynomials,guidokanschat/polynomials,git@github.com:guidokanschat/polynomials.git,0
MDEwOlJlcG9zaXRvcnkxOTQ3NzE2OTY=,2019-07-02T02:13:29Z,2026-05-03T17:52:14Z,2026-05-03T17:52:10Z,5936,False,dingusppc,dingusdev/dingusppc,git@github.com:dingusdev/dingusppc.git,368
MDEwOlJlcG9zaXRvcnkxOTQ3NTAzNjU=,2019-07-01T22:21:43Z,2026-03-02T22:27:23Z,2026-05-07T01:37:30Z,31418,True,zero-rk,llnl/zero-rk,git@github.com:llnl/zero-rk.git,45
MDEwOlJlcG9zaXRvcnkxOTQ1NDU2MTc=,2019-06-30T17:58:19Z,2026-04-15T22:16:28Z,2026-04-12T18:51:58Z,55004,True,LegacyClonk,legacyclonk/LegacyClonk,git@github.com:legacyclonk/LegacyClonk.git,107
MDEwOlJlcG9zaXRvcnkxOTQ0MTk4NTg=,2019-06-29T15:22:47Z,2026-05-06T03:03:50Z,2026-05-07T08:04:17Z,304833,True,ixray-1.6-stcop,ixray-team/ixray-1.6-stcop,git@github.com:ixray-team/ixray-1.6-stcop.git,379
MDEwOlJlcG9zaXRvcnkxOTQ0MTA5Mzc=,2019-06-29T13:52:49Z,2026-04-13T18:38:22Z,2026-04-27T18:27:11Z,367,True,concurrency,GMLC-TDC/concurrency,git@github.com:GMLC-TDC/concurrency.git,3
MDEwOlJlcG9zaXRvcnkxOTQzMDI5OTM=,2019-06-28T16:22:58Z,2026-04-16T15:42:43Z,2026-04-16T15:53:57Z,1150,False,vb_UGens,v7b1/vb_UGens,git@github.com:v7b1/vb_UGens.git,17
MDEwOlJlcG9zaXRvcnkxOTQwNTY0NTk=,2019-06-27T08:37:37Z,2026-04-25T08:52:35Z,2026-04-25T08:52:31Z,10428,True,pangeo-pyinterp,CNES/pangeo-pyinterp,git@github.com:CNES/pangeo-pyinterp.git,136
MDEwOlJlcG9zaXRvcnkxOTM5NzYxNjQ=,2019-06-26T20:53:18Z,2026-04-14T12:31:55Z,2026-04-14T12:31:50Z,628,True,libmultiprocess,bitcoin-core/libmultiprocess,git@github.com:bitcoin-core/libmultiprocess.git,54
MDEwOlJlcG9zaXRvcnkxOTM4Njk2Njc=,2019-06-26T09:06:53Z,2026-04-27T17:31:59Z,2026-03-16T20:16:31Z,637,True,neo_f3kdb,HomeOfAviSynthPlusEvolution/neo_f3kdb,git@github.com:HomeOfAviSynthPlusEvolution/neo_f3kdb.git,41
MDEwOlJlcG9zaXRvcnkxOTM3NjI0NTc=,2019-06-25T18:29:09Z,2026-04-29T11:15:16Z,2026-04-29T11:15:10Z,559,True,rocHPCG,ROCm/rocHPCG,git@github.com:ROCm/rocHPCG.git,41
MDEwOlJlcG9zaXRvcnkxOTM3NTMyMTA=,2019-06-25T17:26:00Z,2026-05-07T06:52:54Z,2026-04-22T14:14:47Z,6711,True,mysql,boostorg/mysql,git@github.com:boostorg/mysql.git,299
MDEwOlJlcG9zaXRvcnkxOTM3MTQ4NjY=,2019-06-25T13:38:43Z,2026-04-04T01:40:28Z,2026-04-04T01:40:25Z,122,False,jpp,irov/jpp,git@github.com:irov/jpp.git,0
MDEwOlJlcG9zaXRvcnkxOTM3MTEzMTg=,2019-06-25T13:18:02Z,2026-04-28T05:36:21Z,2026-05-07T08:59:30Z,43385,True,here-data-sdk-cpp,heremaps/here-data-sdk-cpp,git@github.com:heremaps/here-data-sdk-cpp.git,53
MDEwOlJlcG9zaXRvcnkxOTM1ODcwNDA=,2019-06-24T22:02:48Z,2026-04-26T17:29:25Z,2026-04-12T15:09:33Z,295,False,XGBoost-FastForest,guitargeek/XGBoost-FastForest,git@github.com:guitargeek/XGBoost-FastForest.git,108
MDEwOlJlcG9zaXRvcnkxOTM1NzMzMTM=,2019-06-24T20:16:11Z,2026-05-07T06:24:24Z,2026-05-07T06:24:20Z,235,False,JetBrainsRunner,alex1701c/JetBrainsRunner,git@github.com:alex1701c/JetBrainsRunner.git,64
MDEwOlJlcG9zaXRvcnkxOTM0NzM2OTY=,2019-06-24T09:19:41Z,2026-03-10T19:02:54Z,2026-03-31T17:09:17Z,1503,True,ODC,FairRootGroup/ODC,git@github.com:FairRootGroup/ODC.git,5
MDEwOlJlcG9zaXRvcnkxOTM0NDE5MDk=,2019-06-24T05:48:48Z,2026-05-02T09:53:39Z,2026-05-02T09:53:33Z,717151,False,Corona,kulkal/Corona,git@github.com:kulkal/Corona.git,3
MDEwOlJlcG9zaXRvcnkxOTMzNzA0OTA=,2019-06-23T16:23:56Z,2026-05-05T05:34:27Z,2026-03-17T12:41:07Z,329,False,SpicyPass,JFreegman/SpicyPass,git@github.com:JFreegman/SpicyPass.git,371
MDEwOlJlcG9zaXRvcnkxOTMzMDUxMDQ=,2019-06-23T04:12:17Z,2026-05-07T09:52:36Z,2026-04-03T06:36:21Z,43246,False,QtScrcpy,barry-ran/QtScrcpy,git@github.com:barry-ran/QtScrcpy.git,29412
MDEwOlJlcG9zaXRvcnkxOTMxNTYzOTk=,2019-06-21T20:27:18Z,2026-05-07T10:29:59Z,2026-05-07T10:43:43Z,70767,True,opentelemetry-cpp,open-telemetry/opentelemetry-cpp,git@github.com:open-telemetry/opentelemetry-cpp.git,1253
MDEwOlJlcG9zaXRvcnkxOTMwMDExNjY=,2019-06-20T23:54:32Z,2026-03-25T06:39:14Z,2026-04-27T17:54:26Z,1526,True,index-import,MobileNativeFoundation/index-import,git@github.com:MobileNativeFoundation/index-import.git,334
MDEwOlJlcG9zaXRvcnkxOTI5Mjk3Nzg=,2019-06-20T13:57:57Z,2026-04-11T20:16:44Z,2026-04-11T20:16:38Z,801,True,basics,extcpp/basics,git@github.com:extcpp/basics.git,1
MDEwOlJlcG9zaXRvcnkxOTI5MjA0ODk=,2019-06-20T12:58:55Z,2026-03-18T16:06:20Z,2026-05-06T16:50:22Z,101616,True,libKriging,libKriging/libKriging,git@github.com:libKriging/libKriging.git,46
MDEwOlJlcG9zaXRvcnkxOTI5MDc1NDA=,2019-06-20T11:27:19Z,2026-05-06T23:03:32Z,2026-05-06T23:03:29Z,10467,False,XOpcodeCalc,horsicq/XOpcodeCalc,git@github.com:horsicq/XOpcodeCalc.git,407
MDEwOlJlcG9zaXRvcnkxOTI4MzQ0NjU=,2019-06-20T02:27:42Z,2026-04-14T14:19:33Z,2026-04-14T14:19:25Z,276,False,Cpp23-examples,scivision/Cpp23-examples,git@github.com:scivision/Cpp23-examples.git,119
MDEwOlJlcG9zaXRvcnkxOTI3NzAxODI=,2019-06-19T16:42:01Z,2026-04-10T04:39:22Z,2026-05-06T18:23:38Z,4739,True,rocSHMEM,ROCm/rocSHMEM,git@github.com:ROCm/rocSHMEM.git,145
MDEwOlJlcG9zaXRvcnkxOTI3MDg5NDI=,2019-06-19T10:14:09Z,2026-05-06T17:00:56Z,2026-05-06T17:00:48Z,35840,False,PhotonRenderer,dave316/PhotonRenderer,git@github.com:dave316/PhotonRenderer.git,0
MDEwOlJlcG9zaXRvcnkxOTIzMzk4MDc=,2019-06-17T12:09:13Z,2026-05-05T12:22:14Z,2026-05-05T12:22:10Z,1926,False,vsgXchange,vsg-dev/vsgXchange,git@github.com:vsg-dev/vsgXchange.git,101
MDEwOlJlcG9zaXRvcnkxOTIwMDMxMTA=,2019-06-14T20:38:40Z,2026-04-09T23:16:01Z,2026-04-12T12:35:01Z,17652,True,EbsdLib,BlueQuartzSoftware/EbsdLib,git@github.com:BlueQuartzSoftware/EbsdLib.git,7
MDEwOlJlcG9zaXRvcnkxOTE5NzA1MjA=,2019-06-14T15:54:59Z,2026-04-27T06:57:22Z,2026-05-05T13:15:41Z,31073,False,Ruken,Renondedju/Ruken,git@github.com:Renondedju/Ruken.git,14
MDEwOlJlcG9zaXRvcnkxOTE5NDU3ODA=,2019-06-14T13:14:21Z,2026-04-18T08:47:07Z,2026-05-06T14:53:33Z,54878,True,Cosserat,SofaDefrost/Cosserat,git@github.com:SofaDefrost/Cosserat.git,59
MDEwOlJlcG9zaXRvcnkxOTE5MzI5MzQ=,2019-06-14T11:36:45Z,2026-05-06T06:28:11Z,2026-04-15T23:15:42Z,3440,True,D3D12MemoryAllocator,GPUOpen-LibrariesAndSDKs/D3D12MemoryAllocator,git@github.com:GPUOpen-LibrariesAndSDKs/D3D12MemoryAllocator.git,990
MDEwOlJlcG9zaXRvcnkxOTE3MDExMDU=,2019-06-13T06:07:06Z,2026-04-15T21:48:41Z,2026-04-09T09:17:53Z,526,False,SkyrimSoulsRE,Vermunds/SkyrimSoulsRE,git@github.com:Vermunds/SkyrimSoulsRE.git,25
MDEwOlJlcG9zaXRvcnkxOTE2MzE4MTc=,2019-06-12T19:24:21Z,2026-04-28T20:21:21Z,2026-04-28T20:21:16Z,362,True,desul,desul/desul,git@github.com:desul/desul.git,33
MDEwOlJlcG9zaXRvcnkxOTE2MDI4MjM=,2019-06-12T15:58:35Z,2026-05-06T16:14:08Z,2026-05-06T16:14:04Z,1437,True,DeviceAccess-OpcUaBackend,ChimeraTK/DeviceAccess-OpcUaBackend,git@github.com:ChimeraTK/DeviceAccess-OpcUaBackend.git,0
MDEwOlJlcG9zaXRvcnkxOTE0MTkwNzA=,2019-06-11T17:30:19Z,2026-04-25T15:33:18Z,2026-04-01T12:46:49Z,114,True,robotstxt,google/robotstxt,git@github.com:google/robotstxt.git,3461
MDEwOlJlcG9zaXRvcnkxOTEzNTcyNTk=,2019-06-11T11:24:13Z,2026-05-05T15:12:00Z,2026-05-05T15:11:51Z,2303,True,qtlottie,qt/qtlottie,git@github.com:qt/qtlottie.git,30
MDEwOlJlcG9zaXRvcnkxOTExOTcwOTc=,2019-06-10T15:43:27Z,2026-04-27T11:23:31Z,2026-04-27T11:23:27Z,525,True,fastotv_cpp,fastogt/fastotv_cpp,git@github.com:fastogt/fastotv_cpp.git,1
MDEwOlJlcG9zaXRvcnkxOTEwNTc2Mjg=,2019-06-09T21:34:52Z,2026-04-08T17:40:54Z,2026-04-08T17:40:50Z,53071,True,asgard,project-asgard/asgard,git@github.com:project-asgard/asgard.git,30
MDEwOlJlcG9zaXRvcnkxOTEwNDkyMTk=,2019-06-09T19:53:38Z,2026-04-20T02:01:08Z,2026-04-21T19:19:42Z,23508,False,mmbot,ondra-novak/mmbot,git@github.com:ondra-novak/mmbot.git,251
MDEwOlJlcG9zaXRvcnkxOTEwMzg5OTc=,2019-06-09T18:04:43Z,2026-05-02T20:40:54Z,2026-04-30T21:04:40Z,2810,False,miniscript,JoeStrout/miniscript,git@github.com:JoeStrout/miniscript.git,363
MDEwOlJlcG9zaXRvcnkxOTA5MTIxNDg=,2019-06-08T16:46:03Z,2026-05-05T01:16:16Z,2026-05-04T17:57:43Z,59065,False,bibref,kovzol/bibref,git@github.com:kovzol/bibref.git,23
MDEwOlJlcG9zaXRvcnkxOTA3MDc5MzU=,2019-06-07T07:57:39Z,2026-05-07T09:32:47Z,2026-05-07T09:32:45Z,3725,True,mp2p_icp,MOLAorg/mp2p_icp,git@github.com:MOLAorg/mp2p_icp.git,188
MDEwOlJlcG9zaXRvcnkxOTA2MTc1OTk=,2019-06-06T16:53:08Z,2026-04-10T06:25:35Z,2026-04-10T09:14:08Z,3065,True,ifm3d-ros2,ifm/ifm3d-ros2,git@github.com:ifm/ifm3d-ros2.git,29
MDEwOlJlcG9zaXRvcnkxOTAxOTA1MTc=,2019-06-04T11:46:13Z,2026-05-05T12:25:30Z,2026-05-05T12:25:28Z,24382,True,crocoddyl,loco-3d/crocoddyl,git@github.com:loco-3d/crocoddyl.git,1206
MDEwOlJlcG9zaXRvcnkxODk5ODI4MTI=,2019-06-03T10:16:58Z,2026-05-05T09:39:07Z,2026-05-07T09:21:32Z,130779,True,ecal,eclipse-ecal/ecal,git@github.com:eclipse-ecal/ecal.git,989
MDEwOlJlcG9zaXRvcnkxODk5Nzg5OTc=,2019-06-03T09:52:14Z,2026-05-06T17:00:29Z,2026-05-06T17:00:52Z,7256,True,Ark,ArkScript-lang/Ark,git@github.com:ArkScript-lang/Ark.git,716
MDEwOlJlcG9zaXRvcnkxODk3MjE4NTU=,2019-06-01T10:52:49Z,2026-03-29T18:54:03Z,2026-04-10T09:51:20Z,4471,False,Dynamical,Paul-Hubert/Dynamical,git@github.com:Paul-Hubert/Dynamical.git,1
MDEwOlJlcG9zaXRvcnkxODk0ODA3Mzg=,2019-05-30T20:49:42Z,2026-05-04T11:18:28Z,2026-04-08T13:49:17Z,4853,False,library-checker-problems,yosupo06/library-checker-problems,git@github.com:yosupo06/library-checker-problems.git,652
MDEwOlJlcG9zaXRvcnkxODkyMDY3MDQ=,2019-05-29T10:48:56Z,2026-05-06T06:42:58Z,2026-05-07T04:00:55Z,1987414,True,Nabla,Devsh-Graphics-Programming/Nabla,git@github.com:Devsh-Graphics-Programming/Nabla.git,688
MDEwOlJlcG9zaXRvcnkxODkxOTU2MTU=,2019-05-29T09:37:26Z,2026-04-06T15:54:24Z,2026-04-30T18:21:40Z,20320,True,ganak,meelgroup/ganak,git@github.com:meelgroup/ganak.git,60
MDEwOlJlcG9zaXRvcnkxODkwODE4ODk=,2019-05-28T18:27:37Z,2026-05-03T21:11:15Z,2026-05-06T11:01:10Z,146194,True,BabylonNative,BabylonJS/BabylonNative,git@github.com:BabylonJS/BabylonNative.git,898
MDEwOlJlcG9zaXRvcnkxODkwNzAxNDA=,2019-05-28T17:05:34Z,2026-05-05T07:27:34Z,2026-05-07T10:34:13Z,267481,False,SPHinXsys,Xiangyu-Hu/SPHinXsys,git@github.com:Xiangyu-Hu/SPHinXsys.git,548
MDEwOlJlcG9zaXRvcnkxODg5OTE5NjM=,2019-05-28T08:56:08Z,2026-05-06T20:42:52Z,2026-05-06T20:42:47Z,284937,True,tencentcloud-sdk-cpp,TencentCloud/tencentcloud-sdk-cpp,git@github.com:TencentCloud/tencentcloud-sdk-cpp.git,65
MDEwOlJlcG9zaXRvcnkxODg4MjY5NDc=,2019-05-27T11:01:27Z,2026-05-01T21:18:18Z,2026-05-01T21:18:13Z,94451,True,DataGenerator-CPP,StarlangSoftware/DataGenerator-CPP,git@github.com:StarlangSoftware/DataGenerator-CPP.git,2
MDEwOlJlcG9zaXRvcnkxODg2MDEyMjk=,2019-05-25T18:43:48Z,2026-05-07T10:08:14Z,2026-05-04T23:20:36Z,92461,True,love,love2d/love,git@github.com:love2d/love.git,8274
MDEwOlJlcG9zaXRvcnkxODg1OTU0NDQ=,2019-05-25T17:38:40Z,2026-05-04T01:48:24Z,2026-05-04T01:48:18Z,53502,False,gait_training_robot,zchenpds/gait_training_robot,git@github.com:zchenpds/gait_training_robot.git,3
MDEwOlJlcG9zaXRvcnkxODgzMDI3MTg=,2019-05-23T20:35:14Z,2026-04-10T10:50:53Z,2026-04-29T08:56:38Z,860,False,dingo,romanpauk/dingo,git@github.com:romanpauk/dingo.git,48
MDEwOlJlcG9zaXRvcnkxODgxOTg3OTI=,2019-05-23T09:02:22Z,2026-04-20T03:46:18Z,2026-04-21T01:01:28Z,100,True,turret_lib,UTS-AnimalLogicAcademy/turret_lib,git@github.com:UTS-AnimalLogicAcademy/turret_lib.git,5
MDEwOlJlcG9zaXRvcnkxODc5OTgyMzk=,2019-05-22T08:40:28Z,2026-05-06T12:47:13Z,2026-04-16T08:28:04Z,3497,True,QtAliceVision,alicevision/QtAliceVision,git@github.com:alicevision/QtAliceVision.git,35
MDEwOlJlcG9zaXRvcnkxODc2NDg0MDY=,2019-05-20T13:42:57Z,2026-04-29T19:10:12Z,2026-04-24T09:38:48Z,847,False,mqmgateway,BlackZork/mqmgateway,git@github.com:BlackZork/mqmgateway.git,85
MDEwOlJlcG9zaXRvcnkxODc1NjI2OTg=,2019-05-20T03:37:08Z,2026-04-29T03:08:40Z,2026-05-07T08:23:54Z,5626,True,EmmyLuaDebugger,EmmyLua/EmmyLuaDebugger,git@github.com:EmmyLua/EmmyLuaDebugger.git,241
MDEwOlJlcG9zaXRvcnkxODc1MTAzNjQ=,2019-05-19T17:58:37Z,2026-04-03T14:31:47Z,2026-04-03T14:31:44Z,491,True,breakid,meelgroup/breakid,git@github.com:meelgroup/breakid.git,9
MDEwOlJlcG9zaXRvcnkxODcyODAxMTc=,2019-05-17T20:52:20Z,2026-05-03T02:01:32Z,2026-05-03T02:01:29Z,8589,True,ktimetracker,KDE/ktimetracker,git@github.com:KDE/ktimetracker.git,25
MDEwOlJlcG9zaXRvcnkxODcwOTYwMDY=,2019-05-16T20:21:02Z,2026-04-15T23:14:28Z,2026-04-15T23:14:31Z,52,True,catcodec,OpenTTD/catcodec,git@github.com:OpenTTD/catcodec.git,2
MDEwOlJlcG9zaXRvcnkxODY5ODkxNTk=,2019-05-16T08:48:48Z,2026-03-12T10:00:32Z,2026-03-12T10:00:27Z,494,False,tiny_imageformat,DeanoC/tiny_imageformat,git@github.com:DeanoC/tiny_imageformat.git,63
MDEwOlJlcG9zaXRvcnkxODY4NzEwMTg=,2019-05-15T17:10:21Z,2026-04-22T02:06:16Z,2026-05-06T15:52:55Z,1023,True,badger_amcl,BadgerTechnologies/badger_amcl,git@github.com:BadgerTechnologies/badger_amcl.git,5
MDEwOlJlcG9zaXRvcnkxODY3MDgyNTg=,2019-05-14T22:15:40Z,2026-04-10T19:14:51Z,2026-04-10T19:14:45Z,268,True,om-repo-picker,OpenMandrivaSoftware/om-repo-picker,git@github.com:OpenMandrivaSoftware/om-repo-picker.git,0
MDEwOlJlcG9zaXRvcnkxODY3MDIzNjE=,2019-05-14T21:22:40Z,2026-04-17T00:09:10Z,2026-04-09T02:25:44Z,1486,True,plasma-thunderbolt,KDE/plasma-thunderbolt,git@github.com:KDE/plasma-thunderbolt.git,16
MDEwOlJlcG9zaXRvcnkxODY2NzE4MjA=,2019-05-14T17:44:56Z,2026-04-16T20:57:10Z,2026-04-27T16:54:00Z,16886,True,libbdsg,vgteam/libbdsg,git@github.com:vgteam/libbdsg.git,36
MDEwOlJlcG9zaXRvcnkxODY2NjIzNjM=,2019-05-14T16:41:17Z,2026-05-07T11:40:35Z,2026-05-03T17:50:16Z,101013,True,nodegui,nodegui/nodegui,git@github.com:nodegui/nodegui.git,9206
MDEwOlJlcG9zaXRvcnkxODY2NDk2MDc=,2019-05-14T15:24:18Z,2026-04-24T21:10:14Z,2026-04-06T09:50:19Z,554,False,vwifi,Raizo62/vwifi,git@github.com:Raizo62/vwifi.git,96
MDEwOlJlcG9zaXRvcnkxODY1MDI3NjA=,2019-05-13T22:11:56Z,2026-05-02T18:59:17Z,2026-05-02T18:59:12Z,47827,True,tinker-gpu,TinkerTools/tinker-gpu,git@github.com:TinkerTools/tinker-gpu.git,58
MDEwOlJlcG9zaXRvcnkxODY0NjI5NzQ=,2019-05-13T17:06:44Z,2026-04-02T21:38:37Z,2026-04-02T21:38:28Z,20887,True,PepSIRF,LadnerLab/PepSIRF,git@github.com:LadnerLab/PepSIRF.git,11
MDEwOlJlcG9zaXRvcnkxODY0MzAxNTM=,2019-05-13T13:56:07Z,2026-05-02T15:56:32Z,2026-05-04T17:26:24Z,1346,True,KDToolBox,KDABLabs/KDToolBox,git@github.com:KDABLabs/KDToolBox.git,377
MDEwOlJlcG9zaXRvcnkxODYzNTU1ODc=,2019-05-13T06:06:20Z,2026-05-04T07:44:00Z,2026-05-05T15:10:14Z,12586,False,app-mesh,laoshanxi/app-mesh,git@github.com:laoshanxi/app-mesh.git,215
MDEwOlJlcG9zaXRvcnkxODYzMDE5MDg=,2019-05-12T20:40:27Z,2026-04-28T11:37:54Z,2026-04-28T11:37:49Z,103,True,Homegear-Velux-KLF200,Homegear/Homegear-Velux-KLF200,git@github.com:Homegear/Homegear-Velux-KLF200.git,1
MDEwOlJlcG9zaXRvcnkxODYyMjI3NTA=,2019-05-12T07:03:03Z,2026-04-07T07:58:18Z,2026-04-07T07:58:08Z,2052,False,f9omstw,fonwin/f9omstw,git@github.com:fonwin/f9omstw.git,4
MDEwOlJlcG9zaXRvcnkxODYxMTQ0NDQ=,2019-05-11T09:41:22Z,2026-03-10T14:07:28Z,2026-03-10T14:07:23Z,2919,True,MatchPoint,MIC-DKFZ/MatchPoint,git@github.com:MIC-DKFZ/MatchPoint.git,5
MDEwOlJlcG9zaXRvcnkxODU5OTk2MTY=,2019-05-10T14:11:51Z,2026-05-06T09:23:45Z,2026-04-27T20:50:25Z,25735,True,PretextView,sanger-tol/PretextView,git@github.com:sanger-tol/PretextView.git,61
MDEwOlJlcG9zaXRvcnkxODU2NjcxNDM=,2019-05-08T19:26:13Z,2026-04-28T13:24:45Z,2026-05-04T09:35:20Z,5079,True,units,llnl/units,git@github.com:llnl/units.git,169
MDEwOlJlcG9zaXRvcnkxODU2MTYyNzQ=,2019-05-08T13:55:29Z,2026-04-21T01:48:36Z,2026-03-17T20:28:26Z,7621,False,vivid,gurki/vivid,git@github.com:gurki/vivid.git,183
MDEwOlJlcG9zaXRvcnkxODU1NDEwODk=,2019-05-08T06:09:36Z,2026-05-01T21:17:48Z,2026-05-01T21:17:43Z,76250,True,AnnotatedTree-CPP,StarlangSoftware/AnnotatedTree-CPP,git@github.com:StarlangSoftware/AnnotatedTree-CPP.git,3
MDEwOlJlcG9zaXRvcnkxODU0MTg4Nzc=,2019-05-07T14:29:46Z,2026-03-16T17:51:46Z,2026-03-16T17:51:42Z,6511,True,hermes,formicidae-tracker/hermes,git@github.com:formicidae-tracker/hermes.git,0
MDEwOlJlcG9zaXRvcnkxODUyODUxMTM=,2019-05-06T23:18:21Z,2026-04-21T19:38:14Z,2026-04-21T19:38:10Z,7332,True,rstudio-launcher-plugin-sdk,rstudio/rstudio-launcher-plugin-sdk,git@github.com:rstudio/rstudio-launcher-plugin-sdk.git,6
MDEwOlJlcG9zaXRvcnkxODUyNDU2NjQ=,2019-05-06T17:55:40Z,2026-03-03T14:41:58Z,2026-03-03T14:26:50Z,6231,True,psi-act,psiori/psi-act,git@github.com:psiori/psi-act.git,1
MDEwOlJlcG9zaXRvcnkxODUxOTM4NTI=,2019-05-06T12:38:11Z,2026-05-07T01:46:55Z,2026-05-07T02:40:18Z,95058,True,kaidan,KDE/kaidan,git@github.com:KDE/kaidan.git,31
MDEwOlJlcG9zaXRvcnkxODUxODUyODA=,2019-05-06T11:41:55Z,2026-05-07T08:00:42Z,2026-05-07T08:00:40Z,42268,True,spatial-model-editor,spatial-model-editor/spatial-model-editor,git@github.com:spatial-model-editor/spatial-model-editor.git,19
MDEwOlJlcG9zaXRvcnkxODUxNzc4ODE=,2019-05-06T10:49:48Z,2026-05-07T09:20:46Z,2026-04-15T06:56:28Z,22706,False,OriginDL,jinbooooom/OriginDL,git@github.com:jinbooooom/OriginDL.git,278
MDEwOlJlcG9zaXRvcnkxODQ5MTU1MDk=,2019-05-04T15:57:05Z,2026-05-07T08:39:34Z,2026-05-07T08:39:33Z,1033,True,mrpt_path_planning,MRPT/mrpt_path_planning,git@github.com:MRPT/mrpt_path_planning.git,17
MDEwOlJlcG9zaXRvcnkxODQ4MjkzMzE=,2019-05-03T22:53:00Z,2026-05-02T09:54:44Z,2026-05-07T02:45:14Z,1288,False,dsoal,kcat/dsoal,git@github.com:kcat/dsoal.git,647
MDEwOlJlcG9zaXRvcnkxODQ3NzA1MDA=,2019-05-03T14:35:19Z,2026-05-01T21:43:48Z,2026-04-04T01:59:48Z,4639,False,nmail,d99kris/nmail,git@github.com:d99kris/nmail.git,247
MDEwOlJlcG9zaXRvcnkxODQ3NDQwMzE=,2019-05-03T11:26:38Z,2026-04-12T17:39:37Z,2026-04-12T17:39:34Z,928,False,EigenLite,TheTechnobear/EigenLite,git@github.com:TheTechnobear/EigenLite.git,4
MDEwOlJlcG9zaXRvcnkxODQ3MTc3ODM=,2019-05-03T07:49:16Z,2026-05-06T20:01:22Z,2026-05-07T11:19:10Z,17412,False,esmini,esmini/esmini,git@github.com:esmini/esmini.git,912
MDEwOlJlcG9zaXRvcnkxODQ2NTczMjg=,2019-05-02T22:02:08Z,2026-05-07T08:04:28Z,2026-04-13T22:59:10Z,143362,True,TensorRT,NVIDIA/TensorRT,git@github.com:NVIDIA/TensorRT.git,12965
MDEwOlJlcG9zaXRvcnkxODQ2MzU3NzI=,2019-05-02T18:59:17Z,2026-04-29T04:14:22Z,2026-04-29T04:14:17Z,808,True,titan,tikv/titan,git@github.com:tikv/titan.git,513
MDEwOlJlcG9zaXRvcnkxODQ2MDU1NDM=,2019-05-02T15:26:40Z,2026-04-27T13:03:45Z,2026-04-23T07:06:07Z,21823,True,LoKI-B-cpp,LoKI-Suite/LoKI-B-cpp,git@github.com:LoKI-Suite/LoKI-B-cpp.git,6
MDEwOlJlcG9zaXRvcnkxODQ1MzM4MDI=,2019-05-02T06:44:52Z,2026-05-07T07:08:34Z,2026-05-07T07:21:44Z,99903,True,ptusa_main,savushkin-r-d/ptusa_main,git@github.com:savushkin-r-d/ptusa_main.git,4
MDEwOlJlcG9zaXRvcnkxODQ0ODAyNjc=,2019-05-01T20:54:00Z,2026-03-12T16:05:11Z,2026-03-12T15:27:36Z,63914,False,gpsbabel_test,tsteven4/gpsbabel_test,git@github.com:tsteven4/gpsbabel_test.git,0
MDEwOlJlcG9zaXRvcnkxODQ0NzM3OTk=,2019-05-01T19:59:43Z,2026-03-05T17:23:35Z,2026-03-05T17:23:31Z,290513,False,vicon_calibration,nickcharron/vicon_calibration,git@github.com:nickcharron/vicon_calibration.git,4
MDEwOlJlcG9zaXRvcnkxODQ0MDUxOTQ=,2019-05-01T11:13:32Z,2026-04-22T13:51:16Z,2026-04-22T13:58:59Z,1305,False,taskplanner,schoebey/taskplanner,git@github.com:schoebey/taskplanner.git,0
MDEwOlJlcG9zaXRvcnkxODQzNzY5MTI=,2019-05-01T06:18:01Z,2026-05-02T09:25:51Z,2026-05-07T07:58:18Z,106881,True,kadas-albireo2,kadas-albireo/kadas-albireo2,git@github.com:kadas-albireo/kadas-albireo2.git,90
MDEwOlJlcG9zaXRvcnkxODQzMDMwOTU=,2019-04-30T17:21:02Z,2026-05-06T22:50:01Z,2026-04-04T12:09:58Z,8374,False,tvision,magiblot/tvision,git@github.com:magiblot/tvision.git,3025
MDEwOlJlcG9zaXRvcnkxODQyNTUxNDM=,2019-04-30T12:06:57Z,2026-04-28T13:15:15Z,2026-04-28T13:13:32Z,43,True,mi-programoptions,metno/mi-programoptions,git@github.com:metno/mi-programoptions.git,1
MDEwOlJlcG9zaXRvcnkxODQyNDY1Nzc=,2019-04-30T11:00:57Z,2026-04-11T17:41:07Z,2026-04-11T17:30:06Z,26040,False,Apothesis,nixeimar/Apothesis,git@github.com:nixeimar/Apothesis.git,26
MDEwOlJlcG9zaXRvcnkxODQyMTAxODg=,2019-04-30T07:07:19Z,2026-05-04T11:00:09Z,2026-05-04T11:19:21Z,218,True,mgconsole,memgraph/mgconsole,git@github.com:memgraph/mgconsole.git,50
MDEwOlJlcG9zaXRvcnkxODQxNjYzNDA=,2019-04-30T00:59:14Z,2026-05-06T13:22:48Z,2026-04-26T18:52:29Z,358182,True,basis_universal,BinomialLLC/basis_universal,git@github.com:BinomialLLC/basis_universal.git,3021
MDEwOlJlcG9zaXRvcnkxODQwNTgzNjQ=,2019-04-29T11:28:34Z,2026-03-18T17:23:22Z,2026-03-18T17:23:18Z,63561,False,NumPDE,erickschulz/NumPDE,git@github.com:erickschulz/NumPDE.git,41
MDEwOlJlcG9zaXRvcnkxODM3MTYyNTQ=,2019-04-27T01:55:06Z,2026-04-23T15:13:47Z,2026-04-23T15:13:27Z,1901,False,YAKL,mrnorman/YAKL,git@github.com:mrnorman/YAKL.git,71
MDEwOlJlcG9zaXRvcnkxODM2MzQzNjQ=,2019-04-26T13:33:54Z,2026-03-05T17:47:42Z,2026-03-05T17:47:25Z,242,True,soapero,Seek-One/soapero,git@github.com:Seek-One/soapero.git,3
MDEwOlJlcG9zaXRvcnkxODM2MTcxMTk=,2019-04-26T11:30:20Z,2026-04-26T09:14:21Z,2026-05-04T16:14:43Z,136,False,type_info_extractor,Bored66/type_info_extractor,git@github.com:Bored66/type_info_extractor.git,0
MDEwOlJlcG9zaXRvcnkxODM2MDk5MzI=,2019-04-26T10:34:09Z,2026-03-17T14:28:44Z,2026-03-17T14:28:50Z,1175,True,Discovery-Server,eProsima/Discovery-Server,git@github.com:eProsima/Discovery-Server.git,27
MDEwOlJlcG9zaXRvcnkxODM1MDQ0Njc=,2019-04-25T20:22:18Z,2026-04-16T16:51:01Z,2026-04-16T16:50:56Z,181,True,arcana.cpp,microsoft/arcana.cpp,git@github.com:microsoft/arcana.cpp.git,84
MDEwOlJlcG9zaXRvcnkxODM0MjE3Njg=,2019-04-25T11:36:04Z,2026-05-03T15:03:45Z,2026-05-03T15:19:37Z,97584,True,OpenHantek6022,OpenHantek/OpenHantek6022,git@github.com:OpenHantek/OpenHantek6022.git,1071
MDEwOlJlcG9zaXRvcnkxODMzODA4MjE=,2019-04-25T07:31:39Z,2026-05-04T08:06:08Z,2026-05-06T15:19:27Z,1800,False,SimpleOpenCLSamples,bashbaug/SimpleOpenCLSamples,git@github.com:bashbaug/SimpleOpenCLSamples.git,123
MDEwOlJlcG9zaXRvcnkxODMzNzM5NzY=,2019-04-25T06:49:51Z,2026-04-27T02:03:54Z,2026-04-16T22:48:10Z,13970,False,raylib-lua-sol,RobLoach/raylib-lua-sol,git@github.com:RobLoach/raylib-lua-sol.git,119
MDEwOlJlcG9zaXRvcnkxODMzMzYyMDI=,2019-04-25T01:53:37Z,2026-05-01T18:18:11Z,2026-04-13T17:48:52Z,59594,False,ncnn_example,MirrorYuChen/ncnn_example,git@github.com:MirrorYuChen/ncnn_example.git,479
MDEwOlJlcG9zaXRvcnkxODMzMTUyMTY=,2019-04-24T22:24:37Z,2026-05-06T06:03:01Z,2026-05-07T08:24:31Z,323052,True,Cytnx,Cytnx-dev/Cytnx,git@github.com:Cytnx-dev/Cytnx.git,59
MDEwOlJlcG9zaXRvcnkxODMyOTIzMzM=,2019-04-24T19:17:36Z,2026-05-01T21:17:29Z,2026-05-01T21:17:25Z,49776,True,AnnotatedSentence-CPP,StarlangSoftware/AnnotatedSentence-CPP,git@github.com:StarlangSoftware/AnnotatedSentence-CPP.git,1
MDEwOlJlcG9zaXRvcnkxODMyMTY1NzQ=,2019-04-24T11:38:53Z,2026-04-19T20:21:40Z,2026-04-19T20:34:28Z,6397,True,interference,nickware-group/interference,git@github.com:nickware-group/interference.git,13
MDEwOlJlcG9zaXRvcnkxODI4NjcxNTU=,2019-04-22T21:00:07Z,2026-04-10T17:12:52Z,2026-03-06T14:55:52Z,7574,True,unitig-caller,bacpop/unitig-caller,git@github.com:bacpop/unitig-caller.git,24
MDEwOlJlcG9zaXRvcnkxODI4NjA5NTY=,2019-04-22T20:14:58Z,2026-04-27T06:32:15Z,2026-05-04T20:16:59Z,303620,True,charm,charmplusplus/charm,git@github.com:charmplusplus/charm.git,233
MDEwOlJlcG9zaXRvcnkxODI4MTMxMjQ=,2019-04-22T15:14:18Z,2026-04-21T00:47:39Z,2026-05-04T20:14:10Z,66072,True,KDChart,KDAB/KDChart,git@github.com:KDAB/KDChart.git,172
MDEwOlJlcG9zaXRvcnkxODI1MzUxNzM=,2019-04-21T13:12:43Z,2026-03-23T21:27:12Z,2026-03-23T21:27:07Z,1200,True,mod-guild-zone-system,azerothcore/mod-guild-zone-system,git@github.com:azerothcore/mod-guild-zone-system.git,12
MDEwOlJlcG9zaXRvcnkxODI0MzQ1NDE=,2019-04-20T17:23:19Z,2026-03-17T12:51:20Z,2026-03-17T12:51:17Z,9558,True,ParseTree-CPP,StarlangSoftware/ParseTree-CPP,git@github.com:StarlangSoftware/ParseTree-CPP.git,2
MDEwOlJlcG9zaXRvcnkxODI0MTcwMTE=,2019-04-20T14:38:36Z,2026-05-05T18:41:51Z,2026-05-05T18:41:47Z,1776,True,CompiledNN,bhuman/CompiledNN,git@github.com:bhuman/CompiledNN.git,34
MDEwOlJlcG9zaXRvcnkxODIzMjk1NzM=,2019-04-19T21:49:36Z,2026-04-19T12:05:48Z,2026-04-19T12:05:38Z,21665,False,roar,abbaswasim/roar,git@github.com:abbaswasim/roar.git,1
MDEwOlJlcG9zaXRvcnkxODIzMjkzMTk=,2019-04-19T21:46:43Z,2026-05-01T15:09:54Z,2026-04-07T16:14:26Z,138683,False,jome,eepp/jome,git@github.com:eepp/jome.git,52
MDEwOlJlcG9zaXRvcnkxODIxNjAyNDU=,2019-04-18T21:31:38Z,2026-04-06T14:24:54Z,2026-04-06T14:24:49Z,1701,True,rolisteam-diceparser,KDE/rolisteam-diceparser,git@github.com:KDE/rolisteam-diceparser.git,5
MDEwOlJlcG9zaXRvcnkxODIxMjc4ODA=,2019-04-18T17:12:32Z,2026-04-29T17:45:15Z,2026-04-19T07:39:23Z,1408,False,myframe,lkpworkspace/myframe,git@github.com:lkpworkspace/myframe.git,38
MDEwOlJlcG9zaXRvcnkxODIwNTI0NTA=,2019-04-18T08:54:22Z,2026-05-06T23:14:52Z,2026-05-06T23:14:49Z,21372,False,XMachOViewer,horsicq/XMachOViewer,git@github.com:horsicq/XMachOViewer.git,936
MDEwOlJlcG9zaXRvcnkxODE4NzI0OTA=,2019-04-17T10:53:50Z,2026-05-04T16:41:55Z,2026-03-22T09:51:49Z,18667,False,basalt,VladyslavUsenko/basalt,git@github.com:VladyslavUsenko/basalt.git,885
MDEwOlJlcG9zaXRvcnkxODE0ODM5NDU=,2019-04-15T12:39:33Z,2026-05-06T19:28:04Z,2026-05-07T10:48:05Z,962864,True,lethe,chaos-polymtl/lethe,git@github.com:chaos-polymtl/lethe.git,390
MDEwOlJlcG9zaXRvcnkxODE0NzE0OTI=,2019-04-15T11:18:39Z,2026-05-06T22:19:19Z,2026-05-06T22:19:15Z,77815,True,Platform,simul/Platform,git@github.com:simul/Platform.git,15
MDEwOlJlcG9zaXRvcnkxODE0MzY3OTk=,2019-04-15T07:40:18Z,2026-05-07T11:29:45Z,2026-05-07T11:16:36Z,326953,True,MNN,alibaba/MNN,git@github.com:alibaba/MNN.git,15116
MDEwOlJlcG9zaXRvcnkxODEwODQ4MzE=,2019-04-12T21:19:20Z,2026-04-24T15:28:20Z,2026-04-26T21:02:00Z,431,True,libvgio,vgteam/libvgio,git@github.com:vgteam/libvgio.git,9
MDEwOlJlcG9zaXRvcnkxODEwMzQzNjI=,2019-04-12T15:23:18Z,2026-04-29T14:31:45Z,2026-05-06T14:44:25Z,116853,True,skaled,skalenetwork/skaled,git@github.com:skalenetwork/skaled.git,101
MDEwOlJlcG9zaXRvcnkxODEwMjg2OTY=,2019-04-12T14:52:38Z,2026-04-23T10:16:04Z,2026-05-05T16:47:11Z,34221,True,skale-consensus,skalenetwork/skale-consensus,git@github.com:skalenetwork/skale-consensus.git,84
MDEwOlJlcG9zaXRvcnkxODA5NzQzMjQ=,2019-04-12T09:17:45Z,2026-03-24T09:57:04Z,2026-03-24T09:56:59Z,484,False,RHI,tobyc11/RHI,git@github.com:tobyc11/RHI.git,29
MDEwOlJlcG9zaXRvcnkxODA3ODgxNDI=,2019-04-11T12:33:23Z,2026-03-28T07:35:59Z,2026-03-26T15:02:09Z,9865,True,blocktest,robotology/blocktest,git@github.com:robotology/blocktest.git,9
MDEwOlJlcG9zaXRvcnkxODA3MTM5NTc=,2019-04-11T04:25:56Z,2026-04-28T08:55:51Z,2026-04-28T08:55:47Z,7056,False,RabbitCommon,KangLin/RabbitCommon,git@github.com:KangLin/RabbitCommon.git,20
MDEwOlJlcG9zaXRvcnkxODA2NjIzOTg=,2019-04-10T20:54:11Z,2026-04-29T16:10:10Z,2026-04-16T02:45:33Z,2364,True,smt-switch,stanford-centaur/smt-switch,git@github.com:stanford-centaur/smt-switch.git,141
MDEwOlJlcG9zaXRvcnkxODA2MzcwMjI=,2019-04-10T18:06:19Z,2026-05-06T09:29:54Z,2026-03-25T19:11:59Z,2325,True,qscripts,allthingsida/qscripts,git@github.com:allthingsida/qscripts.git,397
MDEwOlJlcG9zaXRvcnkxODA2MDE5NTY=,2019-04-10T14:42:14Z,2026-04-17T17:30:35Z,2026-04-17T17:30:30Z,620,False,lafdup,hgoldfish/lafdup,git@github.com:hgoldfish/lafdup.git,72
MDEwOlJlcG9zaXRvcnkxODA0NDY1Njk=,2019-04-09T20:44:44Z,2026-05-04T15:03:43Z,2026-05-04T15:03:27Z,5238,True,ArborX,arborx/ArborX,git@github.com:arborx/ArborX.git,227
MDEwOlJlcG9zaXRvcnkxODAzNjc2NjI=,2019-04-09T13:00:33Z,2026-04-10T12:56:48Z,2026-04-10T12:56:44Z,156,True,hl_communication,Rhoban/hl_communication,git@github.com:Rhoban/hl_communication.git,2
MDEwOlJlcG9zaXRvcnkxODAzNjczODI=,2019-04-09T12:59:20Z,2026-04-22T12:19:28Z,2026-04-22T12:20:38Z,839,True,vmc,vmc-project/vmc,git@github.com:vmc-project/vmc.git,8
MDEwOlJlcG9zaXRvcnkxODAxNTE0MDE=,2019-04-08T13:08:44Z,2026-05-07T08:34:17Z,2026-05-04T20:18:30Z,32171,True,KDDockWidgets,KDAB/KDDockWidgets,git@github.com:KDAB/KDDockWidgets.git,912
MDEwOlJlcG9zaXRvcnkxODAxMTI1NTg=,2019-04-08T09:13:04Z,2026-05-07T08:26:08Z,2026-05-07T11:01:32Z,56592,True,CCF,microsoft/CCF,git@github.com:microsoft/CCF.git,858
MDEwOlJlcG9zaXRvcnkxNzk4MzYxOTg=,2019-04-06T13:22:38Z,2026-05-02T00:40:37Z,2026-03-02T21:15:48Z,8029,False,apostol,apostoldevel/apostol,git@github.com:apostoldevel/apostol.git,8
MDEwOlJlcG9zaXRvcnkxNzk2ODU2MDU=,2019-04-05T13:22:41Z,2026-03-18T08:58:42Z,2026-03-18T08:58:36Z,25354,True,Lima-camera-slseiger,soleil-ica/Lima-camera-slseiger,git@github.com:soleil-ica/Lima-camera-slseiger.git,0
MDEwOlJlcG9zaXRvcnkxNzk0OTM5MTA=,2019-04-04T12:33:50Z,2026-04-05T06:49:11Z,2026-04-05T06:49:08Z,641,False,OneWireNg,pstolarz/OneWireNg,git@github.com:pstolarz/OneWireNg.git,103
MDEwOlJlcG9zaXRvcnkxNzkxNDAxMDQ=,2019-04-02T18:55:40Z,2026-04-24T05:15:42Z,2026-04-24T05:15:38Z,19752,True,cs225a,manips-sai-org/cs225a,git@github.com:manips-sai-org/cs225a.git,6
MDEwOlJlcG9zaXRvcnkxNzkxMjE2NjQ=,2019-04-02T16:56:16Z,2026-04-17T13:11:23Z,2026-05-01T05:01:30Z,1019,True,SignalR-Client-Cpp,aspnet/SignalR-Client-Cpp,git@github.com:aspnet/SignalR-Client-Cpp.git,151
MDEwOlJlcG9zaXRvcnkxNzg5NDkzMjk=,2019-04-01T21:25:14Z,2026-03-08T09:35:34Z,2026-03-02T21:05:43Z,13678,False,mp3diags,mciobanu/mp3diags,git@github.com:mciobanu/mp3diags.git,33
MDEwOlJlcG9zaXRvcnkxNzg5NDQ5MDA=,2019-04-01T20:51:10Z,2026-05-06T15:01:13Z,2026-05-06T14:48:34Z,46906,False,clayground,MisterGC/clayground,git@github.com:MisterGC/clayground.git,11
MDEwOlJlcG9zaXRvcnkxNzg5MjUxMzg=,2019-04-01T18:42:33Z,2026-05-01T07:09:14Z,2026-05-01T07:09:10Z,68715,True,TurkishMorphologicalDisambiguation-CPP,StarlangSoftware/TurkishMorphologicalDisambiguation-CPP,git@github.com:StarlangSoftware/TurkishMorphologicalDisambiguation-CPP.git,5
MDEwOlJlcG9zaXRvcnkxNzg4ODMzNjQ=,2019-04-01T14:40:23Z,2026-05-07T06:21:09Z,2026-03-09T20:31:00Z,176706,False,magsac,danini/magsac,git@github.com:danini/magsac.git,489
MDEwOlJlcG9zaXRvcnkxNzg4Mzc1MDU=,2019-04-01T10:12:34Z,2026-05-06T13:29:00Z,2026-04-29T13:45:07Z,623,True,onnxsim,onnxsim/onnxsim,git@github.com:onnxsim/onnxsim.git,4333
MDEwOlJlcG9zaXRvcnkxNzg2MTMwNDA=,2019-03-30T21:25:29Z,2026-05-07T11:33:09Z,2026-05-03T16:53:04Z,907,False,magic_enum,Neargye/magic_enum,git@github.com:Neargye/magic_enum.git,6048
MDEwOlJlcG9zaXRvcnkxNzg1Mzc0MzA=,2019-03-30T09:18:19Z,2026-04-14T15:44:44Z,2026-04-14T15:44:40Z,1147,True,clean-core,project-arcana/clean-core,git@github.com:project-arcana/clean-core.git,14
MDEwOlJlcG9zaXRvcnkxNzg0MjIzMjY=,2019-03-29T14:39:48Z,2026-05-07T00:10:25Z,2026-05-06T19:10:25Z,75018,True,libigl-python-bindings,libigl/libigl-python-bindings,git@github.com:libigl/libigl-python-bindings.git,366
MDEwOlJlcG9zaXRvcnkxNzgyOTMyMzI=,2019-03-28T22:43:05Z,2026-03-09T19:26:23Z,2026-05-05T19:05:07Z,134567,True,rmgdft,RMGDFT/rmgdft,git@github.com:RMGDFT/rmgdft.git,55
MDEwOlJlcG9zaXRvcnkxNzgxOTE1NTM=,2019-03-28T11:41:17Z,2026-05-07T11:01:54Z,2026-04-27T09:52:29Z,60143,True,fmod-gdextension,utopia-rise/fmod-gdextension,git@github.com:utopia-rise/fmod-gdextension.git,854
MDEwOlJlcG9zaXRvcnkxNzgxNDM0NTk=,2019-03-28T06:48:48Z,2026-04-11T16:53:55Z,2026-04-11T16:53:49Z,7030,True,huobi_Cpp,HuobiRDCenter/huobi_Cpp,git@github.com:HuobiRDCenter/huobi_Cpp.git,61
MDEwOlJlcG9zaXRvcnkxNzc4Mjk1NzY=,2019-03-26T16:38:43Z,2026-04-21T15:28:53Z,2026-04-21T15:29:09Z,4254,True,maliput,maliput/maliput,git@github.com:maliput/maliput.git,13
MDEwOlJlcG9zaXRvcnkxNzc4MTMxODk=,2019-03-26T15:09:26Z,2026-05-06T11:08:58Z,2026-05-06T11:09:02Z,48,True,dr_log,fizyr/dr_log,git@github.com:fizyr/dr_log.git,1
MDEwOlJlcG9zaXRvcnkxNzc3NjEyNDQ=,2019-03-26T10:00:25Z,2026-05-06T23:00:18Z,2026-05-06T23:00:14Z,5354,False,XArchive,horsicq/XArchive,git@github.com:horsicq/XArchive.git,7
MDEwOlJlcG9zaXRvcnkxNzc2NjE1NzQ=,2019-03-25T20:44:46Z,2026-05-07T06:22:13Z,2026-03-18T10:00:48Z,549,False,llvm-tutor,banach-space/llvm-tutor,git@github.com:banach-space/llvm-tutor.git,3389
MDEwOlJlcG9zaXRvcnkxNzc2MjczNjA=,2019-03-25T16:49:08Z,2026-05-03T21:16:31Z,2026-05-03T21:16:27Z,64694,False,HodEngine,Glordim/HodEngine,git@github.com:Glordim/HodEngine.git,1
MDEwOlJlcG9zaXRvcnkxNzc0NzY0NDA=,2019-03-24T22:22:16Z,2026-05-05T09:00:49Z,2026-05-05T07:05:57Z,338781,False,ALIGN-public,ALIGN-analoglayout/ALIGN-public,git@github.com:ALIGN-analoglayout/ALIGN-public.git,358
MDEwOlJlcG9zaXRvcnkxNzc0MTc3NTc=,2019-03-24T13:22:20Z,2026-05-06T22:31:43Z,2026-05-06T22:31:36Z,83107,True,lfortran,lfortran/lfortran,git@github.com:lfortran/lfortran.git,1201
MDEwOlJlcG9zaXRvcnkxNzczOTc2NDA=,2019-03-24T10:04:45Z,2026-05-05T14:56:55Z,2026-05-05T14:59:54Z,623622,False,Commander_Wars,Robosturm/Commander_Wars,git@github.com:Robosturm/Commander_Wars.git,270
MDEwOlJlcG9zaXRvcnkxNzczOTcwMTM=,2019-03-24T09:57:51Z,2026-05-02T17:21:01Z,2026-05-01T20:40:16Z,1662,False,keymapper,houmain/keymapper,git@github.com:houmain/keymapper.git,1089
MDEwOlJlcG9zaXRvcnkxNzczMzk5NzI=,2019-03-23T21:04:45Z,2026-05-01T18:21:49Z,2026-05-01T14:35:01Z,2388,True,dtoa-benchmark,fmtlib/dtoa-benchmark,git@github.com:fmtlib/dtoa-benchmark.git,29
MDEwOlJlcG9zaXRvcnkxNzcyNTY5MTM=,2019-03-23T07:12:54Z,2026-05-07T09:48:56Z,2026-05-07T09:48:52Z,12598,False,mahjong,Agony5757/mahjong,git@github.com:Agony5757/mahjong.git,126
MDEwOlJlcG9zaXRvcnkxNzcyMTg3MjA=,2019-03-22T22:50:53Z,2026-04-06T23:05:08Z,2026-05-03T15:08:54Z,1109,True,motor-realtime,unhuman-io/motor-realtime,git@github.com:unhuman-io/motor-realtime.git,7
MDEwOlJlcG9zaXRvcnkxNzcxNTQ3Mzc=,2019-03-22T14:27:21Z,2026-05-07T08:32:22Z,2026-05-07T08:33:29Z,34318,True,amp-embedded-infra-lib,philips-software/amp-embedded-infra-lib,git@github.com:philips-software/amp-embedded-infra-lib.git,256
MDEwOlJlcG9zaXRvcnkxNzcxNTE3NDU=,2019-03-22T14:09:45Z,2026-05-05T09:32:19Z,2026-05-05T09:46:20Z,93401,True,FCCAnalyses,HEP-FCC/FCCAnalyses,git@github.com:HEP-FCC/FCCAnalyses.git,34
MDEwOlJlcG9zaXRvcnkxNzcxMjQzODA=,2019-03-22T10:59:01Z,2026-03-02T15:33:44Z,2026-03-02T15:49:04Z,3151,True,artemis,formicidae-tracker/artemis,git@github.com:formicidae-tracker/artemis.git,1
MDEwOlJlcG9zaXRvcnkxNzY5ODY1NjQ=,2019-03-21T16:43:22Z,2026-03-17T13:54:41Z,2026-04-22T15:08:20Z,223,False,mmablib,rgrumbine/mmablib,git@github.com:rgrumbine/mmablib.git,0
MDEwOlJlcG9zaXRvcnkxNzY5NTY1MTk=,2019-03-21T14:01:34Z,2026-05-04T07:30:38Z,2026-05-04T07:30:32Z,162,True,cgal-cpp-feedstock,conda-forge/cgal-cpp-feedstock,git@github.com:conda-forge/cgal-cpp-feedstock.git,6
MDEwOlJlcG9zaXRvcnkxNzY4NzEwMTc=,2019-03-21T04:39:29Z,2026-05-01T03:41:38Z,2026-05-01T03:41:34Z,489,False,libesp,cmdc0de/libesp,git@github.com:cmdc0de/libesp.git,2
MDEwOlJlcG9zaXRvcnkxNzY4MjU3ODE=,2019-03-20T22:19:17Z,2026-05-03T13:48:41Z,2026-05-02T01:41:06Z,18953,True,VisRTX,NVIDIA/VisRTX,git@github.com:NVIDIA/VisRTX.git,272
MDEwOlJlcG9zaXRvcnkxNzY1NDgxMjQ=,2019-03-19T15:52:03Z,2026-04-27T21:55:50Z,2026-04-27T21:55:54Z,2617,True,pomidaq,bothlab/pomidaq,git@github.com:bothlab/pomidaq.git,22
MDEwOlJlcG9zaXRvcnkxNzY0NjI3NDI=,2019-03-19T08:29:38Z,2026-05-01T21:17:07Z,2026-05-01T21:17:02Z,84269,True,TurkishWordNet-CPP,StarlangSoftware/TurkishWordNet-CPP,git@github.com:StarlangSoftware/TurkishWordNet-CPP.git,6
MDEwOlJlcG9zaXRvcnkxNzY0MTcxMzQ=,2019-03-19T03:36:50Z,2026-05-07T06:46:20Z,2026-05-07T06:46:15Z,7241,False,MasterBandit,Andersbakken/MasterBandit,git@github.com:Andersbakken/MasterBandit.git,2
MDEwOlJlcG9zaXRvcnkxNzYzNTk1MzI=,2019-03-18T19:55:25Z,2026-04-25T14:52:08Z,2026-05-04T22:33:46Z,10636,True,rocThrust,ROCm/rocThrust,git@github.com:ROCm/rocThrust.git,125
MDEwOlJlcG9zaXRvcnkxNzU5Njg1Njk=,2019-03-16T12:21:57Z,2026-04-26T18:29:47Z,2026-05-07T09:54:10Z,630822,False,ViennaVulkanEngine,hlavacs/ViennaVulkanEngine,git@github.com:hlavacs/ViennaVulkanEngine.git,151
MDEwOlJlcG9zaXRvcnkxNzU4NTI0MjA=,2019-03-15T16:08:27Z,2026-03-25T00:18:26Z,2026-03-13T16:50:09Z,527,False,libnpy,matajoh/libnpy,git@github.com:matajoh/libnpy.git,28
MDEwOlJlcG9zaXRvcnkxNzU4NTA1NTU=,2019-03-15T15:57:09Z,2026-04-16T12:20:36Z,2026-04-16T12:20:32Z,123,False,vis,tgeijten/vis,git@github.com:tgeijten/vis.git,1
MDEwOlJlcG9zaXRvcnkxNzU4MTYwNjg=,2019-03-15T12:27:21Z,2026-04-22T10:46:01Z,2026-04-30T15:02:32Z,92357,True,panda_controllers,CentroEPiaggio/panda_controllers,git@github.com:CentroEPiaggio/panda_controllers.git,16
MDEwOlJlcG9zaXRvcnkxNzU2MzM1OTI=,2019-03-14T14:02:03Z,2026-05-06T10:11:01Z,2026-04-26T15:45:23Z,39670,True,Project_LemonLime,Project-LemonLime/Project_LemonLime,git@github.com:Project-LemonLime/Project_LemonLime.git,685
MDEwOlJlcG9zaXRvcnkxNzU2MDc2NDM=,2019-03-14T11:22:22Z,2026-03-17T13:11:20Z,2026-03-17T13:11:17Z,54967,True,TurkishDependencyParser-CPP,StarlangSoftware/TurkishDependencyParser-CPP,git@github.com:StarlangSoftware/TurkishDependencyParser-CPP.git,2
MDEwOlJlcG9zaXRvcnkxNzU0ODY2NDc=,2019-03-13T19:34:04Z,2026-05-05T16:04:46Z,2026-05-05T16:03:57Z,14470,True,brunsli,google/brunsli,git@github.com:google/brunsli.git,750
MDEwOlJlcG9zaXRvcnkxNzU0MTc3Mjk=,2019-03-13T12:35:56Z,2026-05-07T11:03:59Z,2026-05-07T11:08:23Z,374004,True,dlstreamer,open-edge-platform/dlstreamer,git@github.com:open-edge-platform/dlstreamer.git,603
MDEwOlJlcG9zaXRvcnkxNzUzOTExMDI=,2019-03-13T09:44:13Z,2026-05-06T15:01:59Z,2026-05-06T14:49:43Z,165104,True,acts,acts-project/acts,git@github.com:acts-project/acts.git,121
MDEwOlJlcG9zaXRvcnkxNzUyNjMzMTM=,2019-03-12T17:23:01Z,2026-05-06T19:47:05Z,2026-05-06T19:47:03Z,63062,True,firebase-cpp-sdk,firebase/firebase-cpp-sdk,git@github.com:firebase/firebase-cpp-sdk.git,319
MDEwOlJlcG9zaXRvcnkxNzUyMDg5NTM=,2019-03-12T12:42:28Z,2026-05-01T07:09:54Z,2026-05-01T07:09:50Z,23897,True,TurkishDeasciifier-CPP,StarlangSoftware/TurkishDeasciifier-CPP,git@github.com:StarlangSoftware/TurkishDeasciifier-CPP.git,4
MDEwOlJlcG9zaXRvcnkxNzUwOTY3Nzc=,2019-03-11T22:59:40Z,2026-04-22T07:56:19Z,2026-04-22T07:56:15Z,190,False,FastKPM,wztzjhn/FastKPM,git@github.com:wztzjhn/FastKPM.git,6
MDEwOlJlcG9zaXRvcnkxNzUwNjUyNzA=,2019-03-11T18:57:19Z,2026-05-06T21:53:55Z,2026-03-16T11:00:14Z,56037,True,MethaneKit,MethanePowered/MethaneKit,git@github.com:MethanePowered/MethaneKit.git,958
MDEwOlJlcG9zaXRvcnkxNzUwNjM5MDY=,2019-03-11T18:48:52Z,2026-03-23T13:11:05Z,2026-03-23T13:11:00Z,310,True,irods_capability_indexing,irods/irods_capability_indexing,git@github.com:irods/irods_capability_indexing.git,1
MDEwOlJlcG9zaXRvcnkxNzQ5MDczMTg=,2019-03-11T01:56:57Z,2026-04-06T20:51:08Z,2026-03-13T14:57:48Z,19342,True,qb,isndev/qb,git@github.com:isndev/qb.git,70
MDEwOlJlcG9zaXRvcnkxNzQ5MDIxNzc=,2019-03-11T01:11:05Z,2026-03-17T02:06:40Z,2026-03-17T02:06:36Z,886906,True,tttrlib,Fluorescence-Tools/tttrlib,git@github.com:Fluorescence-Tools/tttrlib.git,23
MDEwOlJlcG9zaXRvcnkxNzQ4NjQ1Mjc=,2019-03-10T18:34:26Z,2026-05-05T18:35:04Z,2026-04-23T09:26:03Z,5772,True,mrs_lib,ctu-mrs/mrs_lib,git@github.com:ctu-mrs/mrs_lib.git,9
MDEwOlJlcG9zaXRvcnkxNzQ2NTYyMTA=,2019-03-09T06:15:52Z,2026-05-01T07:10:26Z,2026-05-01T07:10:20Z,85537,True,TurkishSpellChecker-CPP,StarlangSoftware/TurkishSpellChecker-CPP,git@github.com:StarlangSoftware/TurkishSpellChecker-CPP.git,5
MDEwOlJlcG9zaXRvcnkxNzQ1ODc5MDg=,2019-03-08T18:24:29Z,2026-04-28T04:48:00Z,2026-05-03T02:05:33Z,439942,True,OpenStudioApplication,openstudiocoalition/OpenStudioApplication,git@github.com:openstudiocoalition/OpenStudioApplication.git,167
MDEwOlJlcG9zaXRvcnkxNzQ1ODI3NzA=,2019-03-08T17:45:31Z,2026-04-30T17:46:25Z,2026-05-05T19:47:40Z,5456,True,ecss-services,AcubeSAT/ecss-services,git@github.com:AcubeSAT/ecss-services.git,21
MDEwOlJlcG9zaXRvcnkxNzQ1NTI1MjM=,2019-03-08T14:32:45Z,2026-04-08T17:40:54Z,2026-04-08T17:40:52Z,132,True,particle_filter,bit-bots/particle_filter,git@github.com:bit-bots/particle_filter.git,6
MDEwOlJlcG9zaXRvcnkxNzQ1MzAwMDY=,2019-03-08T11:58:05Z,2026-05-04T09:24:54Z,2026-05-04T09:30:00Z,197771,True,black,black-sat/black,git@github.com:black-sat/black.git,23
MDEwOlJlcG9zaXRvcnkxNzQ1MjgxNzE=,2019-03-08T11:45:01Z,2026-03-11T21:45:19Z,2026-03-11T21:45:15Z,1254,True,grfcodec,OpenTTD/grfcodec,git@github.com:OpenTTD/grfcodec.git,11
MDEwOlJlcG9zaXRvcnkxNzQ0NTY4MjA=,2019-03-08T02:43:21Z,2026-05-06T19:46:43Z,2026-05-06T19:47:14Z,21321,True,moteus,mjbots/moteus,git@github.com:mjbots/moteus.git,1161
MDEwOlJlcG9zaXRvcnkxNzQ0Mjg0MjM=,2019-03-07T22:16:47Z,2026-04-19T01:31:15Z,2026-04-10T14:55:31Z,1213310,True,pestpp,usgs/pestpp,git@github.com:usgs/pestpp.git,171
MDEwOlJlcG9zaXRvcnkxNzQzMTM4NTI=,2019-03-07T09:30:45Z,2026-05-06T10:12:53Z,2026-05-06T10:20:46Z,139477,True,sandboxed-api,google/sandboxed-api,git@github.com:google/sandboxed-api.git,1745
MDEwOlJlcG9zaXRvcnkxNzQzMDQxMzc=,2019-03-07T08:34:04Z,2026-05-06T15:02:36Z,2026-05-06T14:47:37Z,52320,True,gudhi-devel,GUDHI/gudhi-devel,git@github.com:GUDHI/gudhi-devel.git,312
MDEwOlJlcG9zaXRvcnkxNzM5NDc5Mzk=,2019-03-05T13:05:10Z,2026-05-07T09:49:11Z,2026-05-05T14:34:59Z,12965,True,mamba,mamba-org/mamba,git@github.com:mamba-org/mamba.git,8009
MDEwOlJlcG9zaXRvcnkxNzM3ODUxOTM=,2019-03-04T16:55:10Z,2026-05-01T18:19:54Z,2026-05-01T18:19:51Z,3716,False,dpscreenocr,danpla/dpscreenocr,git@github.com:danpla/dpscreenocr.git,293
MDEwOlJlcG9zaXRvcnkxNzM3NzU0MjA=,2019-03-04T15:55:41Z,2026-05-06T08:24:40Z,2026-04-27T13:20:51Z,169445,True,cosmoscout-vr,cosmoscout/cosmoscout-vr,git@github.com:cosmoscout/cosmoscout-vr.git,406
MDEwOlJlcG9zaXRvcnkxNzM0NTQyMDY=,2019-03-02T13:55:44Z,2026-05-06T14:54:20Z,2026-04-08T05:28:28Z,3165,False,parallel-hashmap,greg7mdp/parallel-hashmap,git@github.com:greg7mdp/parallel-hashmap.git,3177
MDEwOlJlcG9zaXRvcnkxNzMzOTMzMzU=,2019-03-02T02:19:41Z,2026-05-06T01:29:20Z,2026-05-05T05:30:47Z,46663,False,airspy-fmradion,jj1bdx/airspy-fmradion,git@github.com:jj1bdx/airspy-fmradion.git,161
MDEwOlJlcG9zaXRvcnkxNzMyMTMxNzY=,2019-03-01T01:18:58Z,2026-03-30T19:58:20Z,2026-03-30T19:58:15Z,182553,True,lvr2,uos/lvr2,git@github.com:uos/lvr2.git,153
MDEwOlJlcG9zaXRvcnkxNzMxOTU2MjI=,2019-02-28T22:12:10Z,2026-05-07T04:23:12Z,2026-05-07T04:36:40Z,69610,False,palvalidator,testhound/palvalidator,git@github.com:testhound/palvalidator.git,0
MDEwOlJlcG9zaXRvcnkxNzMxNzU2ODc=,2019-02-28T19:36:44Z,2026-03-11T03:05:17Z,2026-04-10T20:50:35Z,7194,True,note-c,blues/note-c,git@github.com:blues/note-c.git,11
MDEwOlJlcG9zaXRvcnkxNzMxMjIzODc=,2019-02-28T14:02:07Z,2026-03-31T10:50:48Z,2026-04-27T10:17:58Z,60443,True,libBLS,skalenetwork/libBLS,git@github.com:skalenetwork/libBLS.git,155
MDEwOlJlcG9zaXRvcnkxNzMwNTE5MTU=,2019-02-28T06:09:05Z,2026-05-07T08:32:50Z,2026-04-24T16:01:23Z,18973,False,DREAMPlace,limbo018/DREAMPlace,git@github.com:limbo018/DREAMPlace.git,987
MDEwOlJlcG9zaXRvcnkxNzI4NDY0Nzg=,2019-02-27T05:01:59Z,2026-05-07T10:03:05Z,2026-05-07T10:27:25Z,55808,False,manifold,elalish/manifold,git@github.com:elalish/manifold.git,2026
MDEwOlJlcG9zaXRvcnkxNzI3NzE0MDY=,2019-02-26T18:59:10Z,2026-05-06T15:22:53Z,2026-05-07T09:15:38Z,11810,True,kpublictransport,KDE/kpublictransport,git@github.com:KDE/kpublictransport.git,26
MDEwOlJlcG9zaXRvcnkxNzI3NTYxMDI=,2019-02-26T17:17:48Z,2026-05-02T04:39:49Z,2026-05-02T04:39:35Z,36611,True,pcms,SCOREC/pcms,git@github.com:SCOREC/pcms.git,4
MDEwOlJlcG9zaXRvcnkxNzI3MzY0NjI=,2019-02-26T15:18:54Z,2026-04-24T19:32:44Z,2026-05-06T19:30:37Z,2059,True,azplugins,mphowardlab/azplugins,git@github.com:mphowardlab/azplugins.git,26
MDEwOlJlcG9zaXRvcnkxNzI2ODI1NTU=,2019-02-26T09:43:47Z,2026-04-28T17:30:58Z,2026-04-28T12:14:03Z,45792,False,pocketnet.core,pocketnetteam/pocketnet.core,git@github.com:pocketnetteam/pocketnet.core.git,133
MDEwOlJlcG9zaXRvcnkxNzI1MzA0MzA=,2019-02-25T15:19:04Z,2026-04-30T22:14:38Z,2026-05-04T17:38:46Z,3251,False,minus,rfabbri/minus,git@github.com:rfabbri/minus.git,51
MDEwOlJlcG9zaXRvcnkxNzI0NjA1MjU=,2019-02-25T07:59:05Z,2026-05-06T11:09:29Z,2026-05-06T11:09:23Z,18,False,topopt99,sylefeb/topopt99,git@github.com:sylefeb/topopt99.git,6
MDEwOlJlcG9zaXRvcnkxNzIzNDcyODQ=,2019-02-24T14:25:22Z,2026-05-01T07:06:02Z,2026-05-01T07:05:58Z,40704,True,TurkishMorphologicalAnalysis-CPP,StarlangSoftware/TurkishMorphologicalAnalysis-CPP,git@github.com:StarlangSoftware/TurkishMorphologicalAnalysis-CPP.git,6
MDEwOlJlcG9zaXRvcnkxNzIyOTE1MDI=,2019-02-24T03:30:01Z,2026-04-23T02:23:45Z,2026-04-23T02:23:41Z,629,True,ITKMeshToPolyData,InsightSoftwareConsortium/ITKMeshToPolyData,git@github.com:InsightSoftwareConsortium/ITKMeshToPolyData.git,7
MDEwOlJlcG9zaXRvcnkxNzIxNDc1MzA=,2019-02-22T23:18:19Z,2026-05-06T18:35:54Z,2026-05-06T18:35:51Z,371,True,rcpputils,ros2/rcpputils,git@github.com:ros2/rcpputils.git,36
MDEwOlJlcG9zaXRvcnkxNzIxNDY0NTQ=,2019-02-22T23:06:41Z,2026-03-30T18:27:25Z,2026-03-30T18:27:27Z,402466,False,Smoldyn,ssandrews/Smoldyn,git@github.com:ssandrews/Smoldyn.git,30
MDEwOlJlcG9zaXRvcnkxNzE5MjE0NjU=,2019-02-21T18:14:39Z,2026-04-15T14:24:37Z,2026-05-06T19:20:46Z,116393,True,AraRoot,ara-software/AraRoot,git@github.com:ara-software/AraRoot.git,2
MDEwOlJlcG9zaXRvcnkxNzE4NDY2NzE=,2019-02-21T09:59:52Z,2026-05-06T03:22:01Z,2026-05-06T03:21:57Z,90516,True,wimal,wimal-build/wimal,git@github.com:wimal-build/wimal.git,4
MDEwOlJlcG9zaXRvcnkxNzE4MzgyNTI=,2019-02-21T09:10:41Z,2026-04-21T05:06:11Z,2026-04-20T02:01:10Z,31309,False,also,nbulsi/also,git@github.com:nbulsi/also.git,88
MDEwOlJlcG9zaXRvcnkxNzE4MTM2MTU=,2019-02-21T06:29:40Z,2026-05-06T21:01:19Z,2026-05-03T17:10:13Z,2143,True,asdcplib,cinecert/asdcplib,git@github.com:cinecert/asdcplib.git,95
MDEwOlJlcG9zaXRvcnkxNzE2MzU2MTY=,2019-02-20T08:51:05Z,2026-04-14T02:51:01Z,2026-03-03T16:30:47Z,54150,False,Genesis-1.3-Version4,svenreiche/Genesis-1.3-Version4,git@github.com:svenreiche/Genesis-1.3-Version4.git,72
MDEwOlJlcG9zaXRvcnkxNzE1NjM1NTk=,2019-02-19T22:58:20Z,2026-04-28T20:47:40Z,2026-04-28T20:47:43Z,268416,True,WinCalc,LBNL-ETA/WinCalc,git@github.com:LBNL-ETA/WinCalc.git,5
MDEwOlJlcG9zaXRvcnkxNzE1NjI5ODc=,2019-02-19T22:53:05Z,2026-03-30T22:24:22Z,2026-03-30T22:24:19Z,362,True,OpticalMeasurementParser,LBNL-ETA/OpticalMeasurementParser,git@github.com:LBNL-ETA/OpticalMeasurementParser.git,3
MDEwOlJlcG9zaXRvcnkxNzE0Nzc5NTE=,2019-02-19T13:24:47Z,2026-05-07T05:28:27Z,2026-05-03T12:07:04Z,24577,False,nchat,d99kris/nchat,git@github.com:d99kris/nchat.git,1726
MDEwOlJlcG9zaXRvcnkxNzE0NjY4MjA=,2019-02-19T12:06:05Z,2026-03-02T08:36:07Z,2026-03-02T08:36:04Z,1676,False,WebFront,ambroise-leclerc/WebFront,git@github.com:ambroise-leclerc/WebFront.git,19
MDEwOlJlcG9zaXRvcnkxNzEyNzgxOTY=,2019-02-18T12:13:07Z,2026-05-03T10:13:54Z,2026-05-03T10:35:07Z,701358,True,TrinityCoreCustomChanges,TrinityCore/TrinityCoreCustomChanges,git@github.com:TrinityCore/TrinityCoreCustomChanges.git,80
MDEwOlJlcG9zaXRvcnkxNzExODY1MTM=,2019-02-17T23:56:47Z,2026-04-20T10:13:25Z,2026-04-21T22:11:03Z,1804,False,rtpmidid,davidmoreno/rtpmidid,git@github.com:davidmoreno/rtpmidid.git,238
MDEwOlJlcG9zaXRvcnkxNzExNzU3NjY=,2019-02-17T21:42:09Z,2026-04-18T09:44:02Z,2026-04-18T09:43:58Z,109,False,util_zip,Silverlan/util_zip,git@github.com:Silverlan/util_zip.git,0
MDEwOlJlcG9zaXRvcnkxNzExNjg3NTQ=,2019-02-17T20:29:32Z,2026-04-18T09:36:45Z,2026-04-18T09:36:41Z,127,False,util_archive,Silverlan/util_archive,git@github.com:Silverlan/util_archive.git,3
MDEwOlJlcG9zaXRvcnkxNzExNjg3Mzg=,2019-02-17T20:29:23Z,2026-03-08T15:06:17Z,2026-03-08T15:06:12Z,401,True,osm-postgresql-experiments,osmcode/osm-postgresql-experiments,git@github.com:osmcode/osm-postgresql-experiments.git,7
MDEwOlJlcG9zaXRvcnkxNzExNjY2MDg=,2019-02-17T20:07:54Z,2026-05-06T12:35:45Z,2026-05-06T12:35:41Z,1122,False,wgui,Silverlan/wgui,git@github.com:Silverlan/wgui.git,7
MDEwOlJlcG9zaXRvcnkxNzExNTg0MTM=,2019-02-17T18:45:11Z,2026-05-06T16:03:29Z,2026-05-06T16:02:15Z,13042,True,slidescape,amspath/slidescape,git@github.com:amspath/slidescape.git,31
MDEwOlJlcG9zaXRvcnkxNzExNTgwODc=,2019-02-17T18:42:01Z,2026-04-18T09:33:17Z,2026-04-18T09:33:12Z,724,False,materialsystem,Silverlan/materialsystem,git@github.com:Silverlan/materialsystem.git,4
MDEwOlJlcG9zaXRvcnkxNzExNTc0ODg=,2019-02-17T18:36:23Z,2026-04-12T13:28:54Z,2026-04-12T13:28:46Z,185,False,luasystem,Silverlan/luasystem,git@github.com:Silverlan/luasystem.git,2
MDEwOlJlcG9zaXRvcnkxNzExNTY4Nzg=,2019-02-17T18:30:16Z,2026-04-18T09:30:14Z,2026-04-18T09:30:10Z,82,False,datasystem,Silverlan/datasystem,git@github.com:Silverlan/datasystem.git,2
MDEwOlJlcG9zaXRvcnkxNzExNTQ4NDg=,2019-02-17T18:10:02Z,2026-04-29T10:30:55Z,2026-04-18T17:32:51Z,109405,True,kleiner-brauhelfer-2,kleiner-brauhelfer/kleiner-brauhelfer-2,git@github.com:kleiner-brauhelfer/kleiner-brauhelfer-2.git,96
MDEwOlJlcG9zaXRvcnkxNzExNTMzOTI=,2019-02-17T17:55:28Z,2026-04-18T19:34:53Z,2026-04-18T19:34:50Z,230,False,vfilesystem,Silverlan/vfilesystem,git@github.com:Silverlan/vfilesystem.git,1
MDEwOlJlcG9zaXRvcnkxNzExNDc1MDY=,2019-02-17T16:57:58Z,2026-04-30T18:20:12Z,2026-04-30T18:19:13Z,791,False,sharedutils,Silverlan/sharedutils,git@github.com:Silverlan/sharedutils.git,4
MDEwOlJlcG9zaXRvcnkxNzExNDc0Mjc=,2019-02-17T16:57:12Z,2026-04-29T19:13:02Z,2026-04-29T19:12:59Z,488,False,mathutil,Silverlan/mathutil,git@github.com:Silverlan/mathutil.git,6
MDEwOlJlcG9zaXRvcnkxNzExNDAzNDE=,2019-02-17T15:49:50Z,2026-04-27T10:07:07Z,2026-05-07T09:03:10Z,173514,True,Multilayout-ESP-Wordclock,ESPWortuhr/Multilayout-ESP-Wordclock,git@github.com:ESPWortuhr/Multilayout-ESP-Wordclock.git,176
MDEwOlJlcG9zaXRvcnkxNzExNDAzMDA=,2019-02-17T15:49:21Z,2026-03-15T20:37:03Z,2026-03-15T20:36:59Z,30568,True,WordToVec-CPP,StarlangSoftware/WordToVec-CPP,git@github.com:StarlangSoftware/WordToVec-CPP.git,2
MDEwOlJlcG9zaXRvcnkxNzExNDAxNzg=,2019-02-17T15:48:18Z,2026-05-06T12:29:12Z,2026-05-06T12:29:07Z,1494,False,prosper,Silverlan/prosper,git@github.com:Silverlan/prosper.git,3
MDEwOlJlcG9zaXRvcnkxNzA4NDA0MjQ=,2019-02-15T09:45:28Z,2026-03-24T13:25:59Z,2026-03-26T19:26:31Z,259,True,libe2ee,telekom-mms/libe2ee,git@github.com:telekom-mms/libe2ee.git,1
MDEwOlJlcG9zaXRvcnkxNzA3MzgzMTA=,2019-02-14T18:25:54Z,2026-05-07T09:27:03Z,2026-05-07T09:12:43Z,32576,True,wallet-core,trustwallet/wallet-core,git@github.com:trustwallet/wallet-core.git,3508
MDEwOlJlcG9zaXRvcnkxNzA3MDYyMzc=,2019-02-14T14:42:00Z,2026-05-05T12:03:50Z,2026-04-13T18:42:48Z,345173,True,tmap,reymond-group/tmap,git@github.com:reymond-group/tmap.git,256
MDEwOlJlcG9zaXRvcnkxNzA1MjU2MDk=,2019-02-13T14:54:22Z,2026-05-06T20:26:39Z,2026-05-06T20:36:25Z,2659270,False,xtd,gammasoft71/xtd,git@github.com:gammasoft71/xtd.git,1149
MDEwOlJlcG9zaXRvcnkxNzA1MjUwMjA=,2019-02-13T14:50:37Z,2026-04-06T21:47:50Z,2026-04-06T21:47:53Z,205,True,gsd-vmd,mphowardlab/gsd-vmd,git@github.com:mphowardlab/gsd-vmd.git,20
MDEwOlJlcG9zaXRvcnkxNzA0OTY2Nzk=,2019-02-13T11:30:09Z,2026-05-06T16:57:08Z,2026-05-06T19:38:16Z,117225,False,pragma,Silverlan/pragma,git@github.com:Silverlan/pragma.git,240
MDEwOlJlcG9zaXRvcnkxNzA0ODQwNjc=,2019-02-13T09:58:41Z,2026-04-08T08:28:42Z,2026-04-30T13:05:33Z,183915,True,tascar,HoerTech-gGmbH/tascar,git@github.com:HoerTech-gGmbH/tascar.git,37
MDEwOlJlcG9zaXRvcnkxNzAzNzcyNjQ=,2019-02-12T19:22:31Z,2026-04-04T14:13:48Z,2026-05-01T00:32:28Z,619141,False,cmclient,citymania-org/cmclient,git@github.com:citymania-org/cmclient.git,34
MDEwOlJlcG9zaXRvcnkxNzAzNDM2MDU=,2019-02-12T15:39:38Z,2026-04-21T17:37:50Z,2026-04-21T17:37:46Z,2633,False,Spike,PredatorCZ/Spike,git@github.com:PredatorCZ/Spike.git,10
MDEwOlJlcG9zaXRvcnkxNzAxNDE0NDk=,2019-02-11T14:21:22Z,2026-04-22T02:15:33Z,2026-04-08T21:01:41Z,3482,True,genmc,MPI-SWS/genmc,git@github.com:MPI-SWS/genmc.git,198
MDEwOlJlcG9zaXRvcnkxNzAwOTk2Mzk=,2019-02-11T09:12:16Z,2026-05-07T02:26:04Z,2026-04-20T15:18:05Z,13384,True,rlottie,Samsung/rlottie,git@github.com:Samsung/rlottie.git,1395
MDEwOlJlcG9zaXRvcnkxNjk5NDQ5OTI=,2019-02-10T05:06:31Z,2026-05-02T14:01:58Z,2026-05-01T12:46:15Z,9973,True,DiligentFX,DiligentGraphics/DiligentFX,git@github.com:DiligentGraphics/DiligentFX.git,415
MDEwOlJlcG9zaXRvcnkxNjk3NTA1MTI=,2019-02-08T14:54:33Z,2026-04-17T13:41:18Z,2026-04-11T20:54:59Z,164,False,fastmod,lemire/fastmod,git@github.com:lemire/fastmod.git,345
MDEwOlJlcG9zaXRvcnkxNjk1NTU1ODg=,2019-02-07T10:39:32Z,2026-04-17T18:15:07Z,2026-04-17T18:15:01Z,4124,False,hera,anigmetov/hera,git@github.com:anigmetov/hera.git,5
MDEwOlJlcG9zaXRvcnkxNjk0MjI3ODA=,2019-02-06T14:55:19Z,2026-04-22T23:40:05Z,2026-05-05T19:23:42Z,214344,False,xdiag,awietek/xdiag,git@github.com:awietek/xdiag.git,60
MDEwOlJlcG9zaXRvcnkxNjk0MDMwNTg=,2019-02-06T12:32:28Z,2026-05-05T14:55:54Z,2026-05-05T13:48:30Z,652,True,freeswitch-mod-grpc,webitel/freeswitch-mod-grpc,git@github.com:webitel/freeswitch-mod-grpc.git,4
MDEwOlJlcG9zaXRvcnkxNjkwNzYxNzE=,2019-02-04T12:37:20Z,2026-05-06T13:15:23Z,2026-05-07T08:07:50Z,3877818,True,hal,emsec/hal,git@github.com:emsec/hal.git,800
MDEwOlJlcG9zaXRvcnkxNjkwNjQxMTc=,2019-02-04T10:48:18Z,2026-05-06T18:10:07Z,2026-05-06T18:10:27Z,13200,True,mudirac,muon-spectroscopy-computational-project/mudirac,git@github.com:muon-spectroscopy-computational-project/mudirac.git,6
MDEwOlJlcG9zaXRvcnkxNjg5OTE0NDU=,2019-02-03T20:44:23Z,2026-04-16T14:45:56Z,2026-04-16T14:45:16Z,1262,False,euler_kokkos,pkestene/euler_kokkos,git@github.com:pkestene/euler_kokkos.git,39
MDEwOlJlcG9zaXRvcnkxNjg5NjIwMzk=,2019-02-03T15:49:38Z,2026-04-22T05:39:23Z,2026-04-22T03:34:03Z,586,False,icecream-cpp,renatoGarcia/icecream-cpp,git@github.com:renatoGarcia/icecream-cpp.git,739
MDEwOlJlcG9zaXRvcnkxNjg5MzE3NjE=,2019-02-03T10:05:31Z,2026-04-30T14:44:25Z,2026-04-16T12:36:13Z,50,False,lidar_localizer,rsasaki0109/lidar_localizer,git@github.com:rsasaki0109/lidar_localizer.git,189
MDEwOlJlcG9zaXRvcnkxNjg4NjkzNjE=,2019-02-02T19:30:23Z,2026-03-09T15:55:50Z,2026-03-09T15:55:47Z,64,False,essentials,jermp/essentials,git@github.com:jermp/essentials.git,14
MDEwOlJlcG9zaXRvcnkxNjg4NDc2ODg=,2019-02-02T15:48:35Z,2026-04-25T20:36:54Z,2026-04-25T09:11:48Z,1359,True,node-sword-interface,ezra-bible-app/node-sword-interface,git@github.com:ezra-bible-app/node-sword-interface.git,29
MDEwOlJlcG9zaXRvcnkxNjg3NjM4MTk=,2019-02-01T21:41:57Z,2026-03-03T17:11:53Z,2026-03-03T17:11:53Z,171,False,manda_coverage,rolker/manda_coverage,git@github.com:rolker/manda_coverage.git,6
MDEwOlJlcG9zaXRvcnkxNjg3NDY5MzQ=,2019-02-01T19:07:04Z,2026-04-07T14:48:13Z,2026-04-07T14:48:24Z,143,True,odbc-cpp-wrapper,SAP/odbc-cpp-wrapper,git@github.com:SAP/odbc-cpp-wrapper.git,52
MDEwOlJlcG9zaXRvcnkxNjg2NjQyNTA=,2019-02-01T08:12:38Z,2026-04-23T20:02:20Z,2026-04-23T20:02:01Z,648,True,hpp-bezier-com-traj,humanoid-path-planner/hpp-bezier-com-traj,git@github.com:humanoid-path-planner/hpp-bezier-com-traj.git,23
MDEwOlJlcG9zaXRvcnkxNjg1NTUzOTI=,2019-01-31T16:17:50Z,2026-05-07T09:39:22Z,2026-04-26T13:42:44Z,53276,False,REFramework,praydog/REFramework,git@github.com:praydog/REFramework.git,5062
MDEwOlJlcG9zaXRvcnkxNjg1MjM0NDY=,2019-01-31T12:43:36Z,2026-05-06T15:12:53Z,2026-05-06T16:04:24Z,42016,False,esp-arduino-ebus,danielkucera/esp-arduino-ebus,git@github.com:danielkucera/esp-arduino-ebus.git,126
MDEwOlJlcG9zaXRvcnkxNjgzMTUyMTI=,2019-01-30T09:25:24Z,2026-05-07T09:50:45Z,2026-05-07T09:50:39Z,3569,True,EgilSCIM,Sambruk/EgilSCIM,git@github.com:Sambruk/EgilSCIM.git,5
MDEwOlJlcG9zaXRvcnkxNjgyMjgyMTg=,2019-01-29T21:03:08Z,2026-03-18T15:46:52Z,2026-03-18T15:59:06Z,508,True,ed25519cpp,dehancer/ed25519cpp,git@github.com:dehancer/ed25519cpp.git,19
MDEwOlJlcG9zaXRvcnkxNjgxNzM0Nzc=,2019-01-29T15:00:35Z,2026-04-07T12:28:50Z,2026-04-07T12:28:45Z,109107,False,igris,mirmik/igris,git@github.com:mirmik/igris.git,2
MDEwOlJlcG9zaXRvcnkxNjgxNDIzMjY=,2019-01-29T11:18:09Z,2026-04-14T04:29:27Z,2026-04-21T07:18:49Z,394610,True,ECOGEN,code-mphi/ECOGEN,git@github.com:code-mphi/ECOGEN.git,136
MDEwOlJlcG9zaXRvcnkxNjgxMjIwOTM=,2019-01-29T08:52:56Z,2026-05-04T13:02:06Z,2026-05-07T08:44:08Z,84379,True,ponca,poncateam/ponca,git@github.com:poncateam/ponca.git,48
MDEwOlJlcG9zaXRvcnkxNjgwMjU4MzE=,2019-01-28T19:48:52Z,2026-05-07T01:14:39Z,2026-05-01T01:36:29Z,34094,True,oidn,RenderKit/oidn,git@github.com:RenderKit/oidn.git,2030
MDEwOlJlcG9zaXRvcnkxNjc4Njk0OTM=,2019-01-27T23:11:17Z,2026-03-29T23:33:44Z,2026-03-29T23:36:38Z,2115,False,yae-level-converter,Blu2z/yae-level-converter,git@github.com:Blu2z/yae-level-converter.git,5
MDEwOlJlcG9zaXRvcnkxNjc4MjgxNjU=,2019-01-27T16:06:20Z,2026-05-07T10:12:17Z,2026-05-07T07:54:50Z,103083,False,FTXUI,ArthurSonzogni/FTXUI,git@github.com:ArthurSonzogni/FTXUI.git,10075
MDEwOlJlcG9zaXRvcnkxNjc3ODA2Mzc=,2019-01-27T07:01:30Z,2026-05-05T16:50:52Z,2026-04-24T12:45:34Z,415,False,InfoNES,jay-kumogata/InfoNES,git@github.com:jay-kumogata/InfoNES.git,69
MDEwOlJlcG9zaXRvcnkxNjc2NjMwNzE=,2019-01-26T07:40:07Z,2026-05-07T03:16:27Z,2026-05-02T09:59:14Z,634,False,librime-lua,hchunhui/librime-lua,git@github.com:hchunhui/librime-lua.git,456
MDEwOlJlcG9zaXRvcnkxNjc2MDUwOTQ=,2019-01-25T19:54:01Z,2026-03-15T20:39:01Z,2026-03-15T20:38:56Z,67277,True,Classification-CPP,StarlangSoftware/Classification-CPP,git@github.com:StarlangSoftware/Classification-CPP.git,7
MDEwOlJlcG9zaXRvcnkxNjc1Nzk0OTE=,2019-01-25T16:39:36Z,2026-05-07T08:13:15Z,2026-05-07T08:13:11Z,260,False,tags,nicktrandafil/tags,git@github.com:nicktrandafil/tags.git,45
MDEwOlJlcG9zaXRvcnkxNjc1MzI0NzE=,2019-01-25T10:49:51Z,2026-04-23T02:20:57Z,2026-04-23T02:20:53Z,126,True,ITKThickness3D,InsightSoftwareConsortium/ITKThickness3D,git@github.com:InsightSoftwareConsortium/ITKThickness3D.git,42
MDEwOlJlcG9zaXRvcnkxNjc0OTkxNTc=,2019-01-25T06:48:07Z,2026-05-07T08:22:28Z,2026-05-07T10:17:15Z,158101,True,tiflash,pingcap/tiflash,git@github.com:pingcap/tiflash.git,1016
MDEwOlJlcG9zaXRvcnkxNjczMjc5Nzc=,2019-01-24T08:05:26Z,2026-05-01T02:28:52Z,2026-05-01T02:32:07Z,10770,True,SpecUtils,sandialabs/SpecUtils,git@github.com:sandialabs/SpecUtils.git,40
MDEwOlJlcG9zaXRvcnkxNjcyMTc5OTE=,2019-01-23T16:47:33Z,2026-04-30T16:26:55Z,2026-04-30T16:26:16Z,87443,True,freud,glotzerlab/freud,git@github.com:glotzerlab/freud.git,319
MDEwOlJlcG9zaXRvcnkxNjcyMDQ5Mjk=,2019-01-23T15:23:27Z,2026-04-21T11:46:48Z,2026-04-27T18:27:19Z,554,True,containers,GMLC-TDC/containers,git@github.com:GMLC-TDC/containers.git,3
MDEwOlJlcG9zaXRvcnkxNjcwNTQwMTA=,2019-01-22T19:28:11Z,2026-03-19T18:55:58Z,2026-03-19T18:55:52Z,181,True,cppdict,LaboratoryOfPlasmaPhysics/cppdict,git@github.com:LaboratoryOfPlasmaPhysics/cppdict.git,6
MDEwOlJlcG9zaXRvcnkxNjY4Nzg3Nzg=,2019-01-21T20:49:50Z,2026-03-17T12:31:15Z,2026-03-17T12:31:11Z,18176,True,EnglishPosTagger-CPP,StarlangSoftware/EnglishPosTagger-CPP,git@github.com:StarlangSoftware/EnglishPosTagger-CPP.git,3
MDEwOlJlcG9zaXRvcnkxNjY4MDY0NDg=,2019-01-21T11:56:59Z,2026-05-06T08:41:17Z,2026-05-06T08:41:12Z,80787,False,ChineseChess,XMuli/ChineseChess,git@github.com:XMuli/ChineseChess.git,816
MDEwOlJlcG9zaXRvcnkxNjY3NzQ3MTk=,2019-01-21T08:17:39Z,2026-05-05T15:18:17Z,2026-05-05T15:18:01Z,5628,True,SKIRT9,SKIRT/SKIRT9,git@github.com:SKIRT/SKIRT9.git,54
MDEwOlJlcG9zaXRvcnkxNjY3MDYxMjY=,2019-01-20T20:29:49Z,2026-04-11T14:52:28Z,2026-04-11T15:06:12Z,1737,False,pvr.waipu,flubshi/pvr.waipu,git@github.com:flubshi/pvr.waipu.git,35
MDEwOlJlcG9zaXRvcnkxNjY1NjA1NTA=,2019-01-19T15:16:54Z,2026-04-14T08:59:57Z,2026-04-14T08:59:53Z,18904,True,unodb,unodb-dev/unodb,git@github.com:unodb-dev/unodb.git,52
MDEwOlJlcG9zaXRvcnkxNjY0MjU3MzI=,2019-01-18T15:30:01Z,2026-03-04T15:22:27Z,2026-03-13T10:21:57Z,418,True,performance-test,FEniCS/performance-test,git@github.com:FEniCS/performance-test.git,20
MDEwOlJlcG9zaXRvcnkxNjYzODM2MTA=,2019-01-18T09:56:25Z,2026-05-04T09:09:35Z,2026-05-07T05:39:54Z,14152,False,qdmr,hmatuschek/qdmr,git@github.com:hmatuschek/qdmr.git,326
MDEwOlJlcG9zaXRvcnkxNjYzNTQ1ODE=,2019-01-18T06:20:35Z,2026-03-15T20:36:47Z,2026-03-15T20:36:44Z,13631,True,TurkishNamedEntityRecognition-CPP,StarlangSoftware/TurkishNamedEntityRecognition-CPP,git@github.com:StarlangSoftware/TurkishNamedEntityRecognition-CPP.git,2
MDEwOlJlcG9zaXRvcnkxNjYzMTA5Mzc=,2019-01-17T23:16:29Z,2026-04-14T02:44:30Z,2026-04-27T20:18:14Z,2482,True,celerite2,exoplanet-dev/celerite2,git@github.com:exoplanet-dev/celerite2.git,83
MDEwOlJlcG9zaXRvcnkxNjYyOTkxNjI=,2019-01-17T21:25:25Z,2026-03-11T22:00:57Z,2026-03-11T22:11:38Z,106562,True,oxfplayer,onvif/oxfplayer,git@github.com:onvif/oxfplayer.git,58
MDEwOlJlcG9zaXRvcnkxNjYxMTc3Mzg=,2019-01-16T21:52:00Z,2026-04-03T22:49:43Z,2026-04-03T22:49:38Z,23987,False,tac,Kaminate/tac,git@github.com:Kaminate/tac.git,0
MDEwOlJlcG9zaXRvcnkxNjYxMDM2NTM=,2019-01-16T20:03:29Z,2026-05-07T06:01:23Z,2026-03-29T17:17:14Z,469,False,fpm,MikeLankamp/fpm,git@github.com:MikeLankamp/fpm.git,818
MDEwOlJlcG9zaXRvcnkxNjYwNjY4NjU=,2019-01-16T15:50:32Z,2026-03-07T18:54:00Z,2026-03-07T18:53:56Z,59,False,Algorep,Angelaben/Algorep,git@github.com:Angelaben/Algorep.git,0
MDEwOlJlcG9zaXRvcnkxNjU5OTY0ODg=,2019-01-16T07:41:50Z,2026-05-02T22:02:29Z,2026-04-24T15:21:47Z,19924,False,raylib-cpp,RobLoach/raylib-cpp,git@github.com:RobLoach/raylib-cpp.git,926
MDEwOlJlcG9zaXRvcnkxNjU5OTM0NjQ=,2019-01-16T07:19:05Z,2026-04-28T02:36:32Z,2026-04-28T02:25:43Z,70481,True,getfem,getfem/getfem,git@github.com:getfem/getfem.git,59
MDEwOlJlcG9zaXRvcnkxNjU5NDgyNjU=,2019-01-16T00:59:53Z,2026-03-24T05:26:12Z,2026-03-02T00:44:05Z,2349,True,mtxclient,Nheko-Reborn/mtxclient,git@github.com:Nheko-Reborn/mtxclient.git,42
MDEwOlJlcG9zaXRvcnkxNjU4OTc0MDg=,2019-01-15T17:52:40Z,2026-05-05T21:23:01Z,2026-05-05T21:23:25Z,33558,True,compadre,sandialabs/compadre,git@github.com:sandialabs/compadre.git,24
MDEwOlJlcG9zaXRvcnkxNjU4MjE1NDI=,2019-01-15T09:21:20Z,2026-05-07T09:12:15Z,2026-05-07T09:12:11Z,11785,False,cpp2sqlite,zdavatz/cpp2sqlite,git@github.com:zdavatz/cpp2sqlite.git,3
MDEwOlJlcG9zaXRvcnkxNjU3MDUzOTE=,2019-01-14T17:35:40Z,2026-04-28T17:12:29Z,2026-04-28T17:12:25Z,404802,True,Spawn,NatLabRockies/Spawn,git@github.com:NatLabRockies/Spawn.git,19
MDEwOlJlcG9zaXRvcnkxNjU2NDcwMjE=,2019-01-14T11:06:19Z,2026-04-13T12:18:14Z,2026-04-06T22:46:07Z,13034,True,werckmeister,werckme/werckmeister,git@github.com:werckme/werckmeister.git,45
MDEwOlJlcG9zaXRvcnkxNjU2Mzg0NDU=,2019-01-14T10:03:13Z,2026-05-06T10:27:07Z,2026-05-06T10:27:02Z,8416,True,GHEX,ghex-org/GHEX,git@github.com:ghex-org/GHEX.git,10
MDEwOlJlcG9zaXRvcnkxNjU1NTU4MDI=,2019-01-13T21:20:29Z,2026-05-04T17:33:20Z,2026-05-04T17:36:22Z,409,False,yatm,plekakis/yatm,git@github.com:plekakis/yatm.git,1
MDEwOlJlcG9zaXRvcnkxNjUyOTEyMDU=,2019-01-11T18:32:20Z,2026-05-05T21:19:40Z,2026-05-05T22:50:21Z,27799,False,OpenGothic,Try/OpenGothic,git@github.com:Try/OpenGothic.git,1506
MDEwOlJlcG9zaXRvcnkxNjUyNzI5MjY=,2019-01-11T16:17:40Z,2026-04-25T16:11:40Z,2026-04-14T02:42:49Z,2506,True,libGPUCounters,ARM-software/libGPUCounters,git@github.com:ARM-software/libGPUCounters.git,271
MDEwOlJlcG9zaXRvcnkxNjUxNzgzODk=,2019-01-11T04:19:43Z,2026-03-15T20:38:28Z,2026-03-15T20:38:25Z,21590,True,Corpus-CPP,StarlangSoftware/Corpus-CPP,git@github.com:StarlangSoftware/Corpus-CPP.git,4
MDEwOlJlcG9zaXRvcnkxNjUxNjA1MTg=,2019-01-11T01:50:06Z,2026-05-06T03:37:59Z,2026-04-26T09:39:36Z,10458,False,FFNx,julianxhokaxhiu/FFNx,git@github.com:julianxhokaxhiu/FFNx.git,484
MDEwOlJlcG9zaXRvcnkxNjUxNDQ4NTA=,2019-01-10T23:09:21Z,2026-05-06T20:16:57Z,2026-04-28T19:55:38Z,29438,True,nheko,Nheko-Reborn/nheko,git@github.com:Nheko-Reborn/nheko.git,2411
MDEwOlJlcG9zaXRvcnkxNjUxMjIyNTQ=,2019-01-10T19:57:08Z,2026-04-08T11:45:04Z,2026-04-08T11:46:06Z,7082,False,tts,jfalcou/tts,git@github.com:jfalcou/tts.git,27
MDEwOlJlcG9zaXRvcnkxNjUxMjE2MjA=,2019-01-10T19:52:33Z,2026-05-07T06:56:21Z,2026-05-03T19:43:57Z,66930,False,eve,jfalcou/eve,git@github.com:jfalcou/eve.git,1323
MDEwOlJlcG9zaXRvcnkxNjQ4NzQyODU=,2019-01-09T14:05:53Z,2026-05-05T15:50:42Z,2026-05-05T15:50:37Z,6343,True,snmalloc,microsoft/snmalloc,git@github.com:microsoft/snmalloc.git,1836
MDEwOlJlcG9zaXRvcnkxNjQ4NjU1MTg=,2019-01-09T13:12:43Z,2026-05-06T15:19:40Z,2026-05-06T15:12:38Z,1295,False,SocksDirect,bojieli/SocksDirect,git@github.com:bojieli/SocksDirect.git,20
MDEwOlJlcG9zaXRvcnkxNjQ4NTY3ODM=,2019-01-09T12:14:20Z,2026-05-06T14:54:14Z,2026-05-06T14:40:33Z,178555,True,nebula,gscept/nebula,git@github.com:gscept/nebula.git,1069
MDEwOlJlcG9zaXRvcnkxNjQ4NTUzMTk=,2019-01-09T12:04:28Z,2026-03-05T23:55:10Z,2026-03-05T23:55:06Z,130882,False,ralgo,mirmik/ralgo,git@github.com:mirmik/ralgo.git,0
MDEwOlJlcG9zaXRvcnkxNjQ3NTM3NzU=,2019-01-09T00:06:31Z,2026-04-03T16:35:28Z,2026-03-21T15:18:53Z,10378,False,filter_spirit,Xeverous/filter_spirit,git@github.com:Xeverous/filter_spirit.git,34
MDEwOlJlcG9zaXRvcnkxNjQ3NDg1ODQ=,2019-01-08T23:10:48Z,2026-04-19T20:14:21Z,2026-03-02T19:08:39Z,4675,False,SDFont,ShoYamanishi/SDFont,git@github.com:ShoYamanishi/SDFont.git,90
MDEwOlJlcG9zaXRvcnkxNjQ0NzM0MDA=,2019-01-07T18:24:12Z,2026-04-07T21:11:55Z,2026-04-07T21:28:21Z,5871,True,lass,cocamware/lass,git@github.com:cocamware/lass.git,2
MDEwOlJlcG9zaXRvcnkxNjQ0Mjc0NTc=,2019-01-07T12:10:39Z,2026-02-23T14:40:22Z,2026-05-04T20:51:09Z,4017,False,data,DanielKrawisz/data,git@github.com:DanielKrawisz/data.git,10
MDEwOlJlcG9zaXRvcnkxNjQzMTYyMjc=,2019-01-06T14:44:02Z,2026-03-15T20:41:20Z,2026-03-15T20:41:15Z,6267,True,NGram-CPP,StarlangSoftware/NGram-CPP,git@github.com:StarlangSoftware/NGram-CPP.git,7
MDEwOlJlcG9zaXRvcnkxNjQxMTc2MzM=,2019-01-04T14:31:51Z,2026-04-05T10:17:04Z,2026-03-17T00:21:35Z,53290,True,OpenJij,Jij-Inc/OpenJij,git@github.com:Jij-Inc/OpenJij.git,125
MDEwOlJlcG9zaXRvcnkxNjM5Nzg3ODc=,2019-01-03T13:47:39Z,2026-04-17T13:05:19Z,2026-03-02T14:35:08Z,1821,False,jet-live,ddovod/jet-live,git@github.com:ddovod/jet-live.git,454
MDEwOlJlcG9zaXRvcnkxNjM5NTI0MDQ=,2019-01-03T09:35:20Z,2026-05-05T16:32:08Z,2026-05-05T16:32:03Z,4543,True,ndcurves,loco-3d/ndcurves,git@github.com:loco-3d/ndcurves.git,186
MDEwOlJlcG9zaXRvcnkxNjM4OTEyNzI=,2019-01-02T21:26:24Z,2026-05-04T15:17:05Z,2026-05-04T22:47:57Z,5906,True,couchbase-lite-C,couchbase/couchbase-lite-C,git@github.com:couchbase/couchbase-lite-C.git,129
MDEwOlJlcG9zaXRvcnkxNjM3NzkwNTY=,2019-01-02T01:11:43Z,2026-03-13T21:04:46Z,2026-03-13T21:04:53Z,14398,True,scitokens-cpp,scitokens/scitokens-cpp,git@github.com:scitokens/scitokens-cpp.git,5
