id,createdAt,updatedAt,pushedAt,diskUsage,isInOrganization,name,nameWithOwner,sshUrl,stargazerCount
MDEwOlJlcG9zaXRvcnkxMTU4ODg2Njc=,2017-12-31T22:42:26Z,2026-05-04T09:54:24Z,2026-05-07T09:21:19Z,5197,True,kbackup,KDE/kbackup,git@github.com:KDE/kbackup.git,23
MDEwOlJlcG9zaXRvcnkxMTU4ODM3NjE=,2017-12-31T20:23:47Z,2026-05-06T11:49:27Z,2026-04-25T19:33:06Z,71603,True,td,tdlib/td,git@github.com:tdlib/td.git,8744
MDEwOlJlcG9zaXRvcnkxMTU4NzU4OTY=,2017-12-31T17:10:58Z,2026-03-26T20:16:55Z,2026-03-26T20:16:50Z,190393,False,LatticeRepLib,duck10/LatticeRepLib,git@github.com:duck10/LatticeRepLib.git,8
MDEwOlJlcG9zaXRvcnkxMTU4MTA1NjA=,2017-12-30T16:59:57Z,2026-04-28T18:03:39Z,2026-04-23T12:19:55Z,24261,True,FastChem,NewStrangeWorlds/FastChem,git@github.com:NewStrangeWorlds/FastChem.git,54
MDEwOlJlcG9zaXRvcnkxMTU3OTk1OTU=,2017-12-30T13:47:52Z,2026-04-22T11:59:17Z,2026-04-22T11:59:13Z,677,False,monorepo,JakobWyatt/monorepo,git@github.com:JakobWyatt/monorepo.git,0
MDEwOlJlcG9zaXRvcnkxMTU3OTY4NTI=,2017-12-30T12:55:29Z,2026-05-03T15:22:18Z,2026-04-29T06:14:48Z,231,False,sip_call,chrta/sip_call,git@github.com:chrta/sip_call.git,300
MDEwOlJlcG9zaXRvcnkxMTU2ODg2NzU=,2017-12-29T05:07:37Z,2026-04-05T20:24:40Z,2026-04-05T20:24:35Z,251,True,fcitx5-hangul,fcitx/fcitx5-hangul,git@github.com:fcitx/fcitx5-hangul.git,27
MDEwOlJlcG9zaXRvcnkxMTU1OTgxMjc=,2017-12-28T07:36:02Z,2026-04-28T07:46:52Z,2026-04-28T07:46:46Z,2722,False,libfon9,fonwin/libfon9,git@github.com:fonwin/libfon9.git,0
MDEwOlJlcG9zaXRvcnkxMTU1MzU1MDE=,2017-12-27T15:47:09Z,2026-04-11T10:53:45Z,2026-03-07T18:00:57Z,380,False,pytorch_spline_conv,rusty1s/pytorch_spline_conv,git@github.com:rusty1s/pytorch_spline_conv.git,183
MDEwOlJlcG9zaXRvcnkxMTUzOTU3Njg=,2017-12-26T07:05:01Z,2026-04-05T14:32:58Z,2026-03-17T15:40:55Z,960,True,fcitx5-anthy,fcitx/fcitx5-anthy,git@github.com:fcitx/fcitx5-anthy.git,32
MDEwOlJlcG9zaXRvcnkxMTUzNzk0NjA=,2017-12-26T02:53:27Z,2026-04-20T02:38:58Z,2026-04-20T02:38:54Z,74039,True,aliyun-openapi-cpp-sdk,aliyun/aliyun-openapi-cpp-sdk,git@github.com:aliyun/aliyun-openapi-cpp-sdk.git,104
MDEwOlJlcG9zaXRvcnkxMTUyODAzMzg=,2017-12-24T18:21:03Z,2026-05-05T16:29:31Z,2026-03-29T19:24:39Z,21881,False,NvidiaAIDenoiser,DeclanRussell/NvidiaAIDenoiser,git@github.com:DeclanRussell/NvidiaAIDenoiser.git,430
MDEwOlJlcG9zaXRvcnkxMTUxNTEyOTY=,2017-12-22T21:27:24Z,2026-04-24T09:01:34Z,2026-04-24T09:01:27Z,32077,True,hepmc3,hep-mirrors/hepmc3,git@github.com:hep-mirrors/hepmc3.git,6
MDEwOlJlcG9zaXRvcnkxMTUxMzc0NDg=,2017-12-22T17:40:37Z,2026-04-01T23:25:42Z,2026-04-24T16:10:13Z,2179,True,container_hash,boostorg/container_hash,git@github.com:boostorg/container_hash.git,39
MDEwOlJlcG9zaXRvcnkxMTUxMTk1NDU=,2017-12-22T13:52:13Z,2026-05-05T11:17:54Z,2026-05-05T11:17:50Z,156,False,picobench,iboB/picobench,git@github.com:iboB/picobench.git,229
MDEwOlJlcG9zaXRvcnkxMTUwMTIyODA=,2017-12-21T14:06:21Z,2026-05-07T07:01:02Z,2026-05-04T10:29:02Z,16748,True,libheif,strukturag/libheif,git@github.com:strukturag/libheif.git,2214
MDEwOlJlcG9zaXRvcnkxMTQ5NDgxNzg=,2017-12-21T01:30:15Z,2026-03-17T15:34:14Z,2026-03-17T15:41:05Z,257,True,fcitx5-m17n,fcitx/fcitx5-m17n,git@github.com:fcitx/fcitx5-m17n.git,6
MDEwOlJlcG9zaXRvcnkxMTQ5NDcwNDc=,2017-12-21T01:15:29Z,2026-05-05T14:40:43Z,2026-05-05T14:38:42Z,21919,True,qrack,unitaryfoundation/qrack,git@github.com:unitaryfoundation/qrack.git,219
MDEwOlJlcG9zaXRvcnkxMTQ5MDY0NzI=,2017-12-20T16:08:33Z,2026-05-05T08:20:07Z,2026-05-05T14:59:09Z,20357,True,clamav-win32,clamwin/clamav-win32,git@github.com:clamwin/clamav-win32.git,67
MDEwOlJlcG9zaXRvcnkxMTQ3ODYyODY=,2017-12-19T16:16:51Z,2026-04-25T16:38:14Z,2026-04-25T16:38:11Z,1170,True,LabelLib,Fluorescence-Tools/LabelLib,git@github.com:Fluorescence-Tools/LabelLib.git,9
MDEwOlJlcG9zaXRvcnkxMTQ2NDMzOTE=,2017-12-18T13:18:15Z,2026-03-17T08:08:17Z,2026-03-20T01:58:39Z,3646,True,covscript-network,covscript/covscript-network,git@github.com:covscript/covscript-network.git,0
MDEwOlJlcG9zaXRvcnkxMTQ2MjYyODI=,2017-12-18T10:14:19Z,2026-05-07T08:28:45Z,2026-05-07T08:28:42Z,824,True,Watchdog,ChimeraTK/Watchdog,git@github.com:ChimeraTK/Watchdog.git,6
MDEwOlJlcG9zaXRvcnkxMTQ1NjU3MjA=,2017-12-17T20:18:32Z,2026-05-06T15:54:38Z,2026-05-05T15:18:01Z,57973,True,jsbsim,JSBSim-Team/jsbsim,git@github.com:JSBSim-Team/jsbsim.git,2041
MDEwOlJlcG9zaXRvcnkxMTQ0MjMwOTU=,2017-12-16T00:52:13Z,2026-05-06T12:09:48Z,2026-05-06T12:09:47Z,6045,True,mgmol,llnl/mgmol,git@github.com:llnl/mgmol.git,45
MDEwOlJlcG9zaXRvcnkxMTQzOTk1Mzc=,2017-12-15T18:21:35Z,2026-03-17T15:33:55Z,2026-03-17T15:40:40Z,347,True,fcitx5-kkc,fcitx/fcitx5-kkc,git@github.com:fcitx/fcitx5-kkc.git,3
MDEwOlJlcG9zaXRvcnkxMTQzODY3NTA=,2017-12-15T15:50:06Z,2026-05-07T08:25:35Z,2026-05-07T10:28:01Z,4342,True,plugin_NavierStokes,UG4/plugin_NavierStokes,git@github.com:UG4/plugin_NavierStokes.git,0
MDEwOlJlcG9zaXRvcnkxMTQzNjI5MDI=,2017-12-15T11:21:07Z,2026-03-24T13:40:17Z,2026-03-24T13:40:08Z,3345,False,BSG,leenderthayen/BSG,git@github.com:leenderthayen/BSG.git,14
MDEwOlJlcG9zaXRvcnkxMTQzNjA3ODI=,2017-12-15T10:53:40Z,2026-04-10T06:54:42Z,2026-04-10T06:54:35Z,49740,True,diffkemp,diffkemp/diffkemp,git@github.com:diffkemp/diffkemp.git,43
MDEwOlJlcG9zaXRvcnkxMTQzNTYwMDU=,2017-12-15T10:00:56Z,2026-04-09T07:25:31Z,2026-04-09T07:25:40Z,13813,False,SIRENA,bcobo/SIRENA,git@github.com:bcobo/SIRENA.git,0
MDEwOlJlcG9zaXRvcnkxMTQyNjc5OTI=,2017-12-14T15:41:59Z,2026-05-05T18:23:27Z,2026-05-05T18:23:22Z,209,False,eop-node-editor,BlackStar-EoP/eop-node-editor,git@github.com:BlackStar-EoP/eop-node-editor.git,27
MDEwOlJlcG9zaXRvcnkxMTQyNTE0MjU=,2017-12-14T13:04:19Z,2026-03-24T15:12:44Z,2026-03-24T15:11:46Z,2011,False,oberon-lang,zaskar9/oberon-lang,git@github.com:zaskar9/oberon-lang.git,38
MDEwOlJlcG9zaXRvcnkxMTQxODc5MDM=,2017-12-14T01:40:42Z,2026-05-07T10:51:05Z,2026-05-07T03:12:10Z,202840,True,foundationdb,apple/foundationdb,git@github.com:apple/foundationdb.git,16304
MDEwOlJlcG9zaXRvcnkxMTQxNjc1ODA=,2017-12-13T20:51:12Z,2026-04-25T14:54:32Z,2026-05-04T22:33:22Z,11395,True,rocPRIM,ROCm/rocPRIM,git@github.com:ROCm/rocPRIM.git,176
MDEwOlJlcG9zaXRvcnkxMTQxMjgxOTk=,2017-12-13T14:05:21Z,2026-05-06T23:45:06Z,2026-05-07T09:13:17Z,157408,True,multipass,canonical/multipass,git@github.com:canonical/multipass.git,9064
MDEwOlJlcG9zaXRvcnkxMTM5Nzc1NDk=,2017-12-12T10:38:17Z,2026-03-25T02:30:52Z,2026-03-27T07:44:15Z,12686,True,KaGen,KarlsruheGraphGeneration/KaGen,git@github.com:KarlsruheGraphGeneration/KaGen.git,43
MDEwOlJlcG9zaXRvcnkxMTM5MzIwNTU=,2017-12-12T02:17:31Z,2026-05-07T11:36:30Z,2026-05-07T09:45:55Z,314210,True,FISCO-BCOS,FISCO-BCOS/FISCO-BCOS,git@github.com:FISCO-BCOS/FISCO-BCOS.git,2584
MDEwOlJlcG9zaXRvcnkxMTM5MDY3NzQ=,2017-12-11T20:46:28Z,2026-04-12T18:40:22Z,2026-04-12T18:40:14Z,982,False,BasicCppLibrary,giuliom/BasicCppLibrary,git@github.com:giuliom/BasicCppLibrary.git,2
MDEwOlJlcG9zaXRvcnkxMTM4NjcyNDM=,2017-12-11T14:15:08Z,2026-05-07T09:46:18Z,2026-05-07T09:46:14Z,5279,True,ckmame,nih-at/ckmame,git@github.com:nih-at/ckmame.git,9
MDEwOlJlcG9zaXRvcnkxMTM2MTI5NDQ=,2017-12-08T20:07:35Z,2026-04-14T14:01:50Z,2026-04-14T23:50:14Z,94774,True,ToolAnalysis,ANNIEsoft/ToolAnalysis,git@github.com:ANNIEsoft/ToolAnalysis.git,11
MDEwOlJlcG9zaXRvcnkxMTM1OTk0NTQ=,2017-12-08T17:20:34Z,2026-05-01T15:08:24Z,2026-05-01T15:08:18Z,339,True,fcitx5-chewing,fcitx/fcitx5-chewing,git@github.com:fcitx/fcitx5-chewing.git,21
MDEwOlJlcG9zaXRvcnkxMTM1NzY1OTk=,2017-12-08T13:20:50Z,2026-03-03T15:22:38Z,2026-04-02T09:06:32Z,45766,False,mvme,flueke/mvme,git@github.com:flueke/mvme.git,11
MDEwOlJlcG9zaXRvcnkxMTM1NTU0NjY=,2017-12-08T09:14:13Z,2026-03-15T02:45:06Z,2026-03-18T17:27:56Z,26346,True,h5cpp,vargalabs/h5cpp,git@github.com:vargalabs/h5cpp.git,147
MDEwOlJlcG9zaXRvcnkxMTMzNTM1MDY=,2017-12-06T18:36:05Z,2026-05-04T15:16:23Z,2026-05-06T08:14:25Z,18157,True,rccl,ROCm/rccl,git@github.com:ROCm/rccl.git,417
MDEwOlJlcG9zaXRvcnkxMTMyNzQ1NzA=,2017-12-06T05:48:33Z,2026-04-13T04:08:04Z,2026-04-13T04:07:55Z,296244,True,Squally,Squalr/Squally,git@github.com:Squalr/Squally.git,479
MDEwOlJlcG9zaXRvcnkxMTMyMjU5MDM=,2017-12-05T19:46:03Z,2026-04-14T20:16:55Z,2026-05-06T20:23:33Z,24428,True,Integrals,NWChemEx/Integrals,git@github.com:NWChemEx/Integrals.git,0
MDEwOlJlcG9zaXRvcnkxMTMyMjQ5MDU=,2017-12-05T19:35:59Z,2026-04-16T18:48:27Z,2026-05-06T16:32:31Z,54150,True,hiop,llnl/hiop,git@github.com:llnl/hiop.git,226
MDEwOlJlcG9zaXRvcnkxMTMxNjkxNjA=,2017-12-05T10:43:01Z,2026-04-30T00:48:10Z,2026-04-28T09:37:49Z,1317,True,Disruptor-cpp,Abc-Arbitrage/Disruptor-cpp,git@github.com:Abc-Arbitrage/Disruptor-cpp.git,473
MDEwOlJlcG9zaXRvcnkxMTI5NTU0NzY=,2017-12-03T19:09:29Z,2026-03-29T15:26:51Z,2026-03-29T15:26:47Z,77,False,RemehaBoilerLogger,ribbons/RemehaBoilerLogger,git@github.com:ribbons/RemehaBoilerLogger.git,5
MDEwOlJlcG9zaXRvcnkxMTI3NjU5NTQ=,2017-12-01T17:12:01Z,2026-05-07T11:20:41Z,2026-05-07T11:20:36Z,399486,True,DDNetPP,DDNetPP/DDNetPP,git@github.com:DDNetPP/DDNetPP.git,26
MDEwOlJlcG9zaXRvcnkxMTI3NTQ4MTc=,2017-12-01T15:23:53Z,2026-05-05T08:38:37Z,2026-05-05T08:38:32Z,106,True,LogIt,quasar-team/LogIt,git@github.com:quasar-team/LogIt.git,1
MDEwOlJlcG9zaXRvcnkxMTI2NjI5MDI=,2017-11-30T21:34:13Z,2026-05-05T04:05:17Z,2026-05-05T04:05:13Z,162119,True,umkoin,umkoin/umkoin,git@github.com:umkoin/umkoin.git,3
MDEwOlJlcG9zaXRvcnkxMTI1NDI1MTU=,2017-11-30T00:11:24Z,2026-05-07T10:21:42Z,2026-05-07T07:03:37Z,67579,True,cutlass,NVIDIA/cutlass,git@github.com:NVIDIA/cutlass.git,9676
MDEwOlJlcG9zaXRvcnkxMTI0NzAzOTA=,2017-11-29T12:03:24Z,2026-04-07T04:32:07Z,2026-04-13T17:51:43Z,16413,False,dunelegacy,henricj/dunelegacy,git@github.com:henricj/dunelegacy.git,33
MDEwOlJlcG9zaXRvcnkxMTI0NjA2MjU=,2017-11-29T10:22:55Z,2026-03-04T09:48:45Z,2026-03-04T09:48:40Z,29,False,vcd-writer,favorart/vcd-writer,git@github.com:favorart/vcd-writer.git,24
MDEwOlJlcG9zaXRvcnkxMTI0MjY1ODY=,2017-11-29T04:29:46Z,2026-03-28T17:46:38Z,2026-05-07T07:39:22Z,5950,False,Graffitica,danhuynh0803/Graffitica,git@github.com:danhuynh0803/Graffitica.git,1
MDEwOlJlcG9zaXRvcnkxMTIzNzk3Nzc=,2017-11-28T19:32:18Z,2026-05-03T14:26:57Z,2026-05-03T14:35:42Z,474195,False,Jupii,mkiol/Jupii,git@github.com:mkiol/Jupii.git,71
MDEwOlJlcG9zaXRvcnkxMTIzNzA3NjU=,2017-11-28T18:07:20Z,2026-05-07T07:48:47Z,2026-05-07T07:48:43Z,316919,True,texstudio,texstudio-org/texstudio,git@github.com:texstudio-org/texstudio.git,3487
MDEwOlJlcG9zaXRvcnkxMTIzMzkzMTg=,2017-11-28T13:31:57Z,2026-05-02T01:07:16Z,2026-05-02T01:07:09Z,530091,False,Ray,sergcpp/Ray,git@github.com:sergcpp/Ray.git,510
MDEwOlJlcG9zaXRvcnkxMTIzMTU5NjE=,2017-11-28T09:40:29Z,2026-03-19T11:09:56Z,2026-03-19T11:09:52Z,1210,True,ayatana-indicator-display,AyatanaIndicators/ayatana-indicator-display,git@github.com:AyatanaIndicators/ayatana-indicator-display.git,5
MDEwOlJlcG9zaXRvcnkxMTIxOTU3MDM=,2017-11-27T12:49:24Z,2026-05-05T14:07:17Z,2026-04-28T08:43:25Z,1569,True,sdbus-cpp,Kistler-Group/sdbus-cpp,git@github.com:Kistler-Group/sdbus-cpp.git,423
MDEwOlJlcG9zaXRvcnkxMTIwOTcwNjg=,2017-11-26T16:11:28Z,2026-05-06T19:29:20Z,2026-05-06T19:29:15Z,1907,False,plug,offa/plug,git@github.com:offa/plug.git,79
MDEwOlJlcG9zaXRvcnkxMTIwMDYxMDk=,2017-11-25T13:35:37Z,2026-05-07T07:28:33Z,2026-05-06T20:18:49Z,46990,True,redasm,redasm-dev/redasm,git@github.com:redasm-dev/redasm.git,1710
MDEwOlJlcG9zaXRvcnkxMTE5MzA5MjQ=,2017-11-24T15:10:33Z,2026-04-17T15:07:26Z,2026-04-16T12:15:41Z,1395,False,xo,tgeijten/xo,git@github.com:tgeijten/xo.git,12
MDEwOlJlcG9zaXRvcnkxMTE4NjAwNjM=,2017-11-24T00:19:31Z,2026-05-04T21:05:07Z,2026-05-07T10:49:57Z,14124675,True,google-cloud-cpp,googleapis/google-cloud-cpp,git@github.com:googleapis/google-cloud-cpp.git,649
MDEwOlJlcG9zaXRvcnkxMTE4Mjg3NjA=,2017-11-23T16:07:32Z,2026-03-19T23:18:08Z,2026-03-16T13:54:52Z,112,False,function_ref,TartanLlama/function_ref,git@github.com:TartanLlama/function_ref.git,185
MDEwOlJlcG9zaXRvcnkxMTE3ODU4OTE=,2017-11-23T08:54:26Z,2026-04-25T01:44:00Z,2026-04-25T01:43:57Z,512,True,symmy,KDE/symmy,git@github.com:KDE/symmy.git,4
MDEwOlJlcG9zaXRvcnkxMTE2OTg0MzU=,2017-11-22T15:03:59Z,2026-04-20T13:03:38Z,2026-04-20T13:03:30Z,39278,True,electroneum-blockchain-explorer,electroneum/electroneum-blockchain-explorer,git@github.com:electroneum/electroneum-blockchain-explorer.git,34
MDEwOlJlcG9zaXRvcnkxMTE2OTUyNzk=,2017-11-22T14:36:32Z,2026-05-03T15:03:42Z,2026-05-03T17:29:05Z,164148,True,LuxCore,LuxCoreRender/LuxCore,git@github.com:LuxCoreRender/LuxCore.git,1303
MDEwOlJlcG9zaXRvcnkxMTE2ODY3NTc=,2017-11-22T13:20:26Z,2026-04-30T08:56:46Z,2026-04-30T08:56:42Z,178881,False,pam,martim01/pam,git@github.com:martim01/pam.git,181
MDEwOlJlcG9zaXRvcnkxMTE2MTM2NzE=,2017-11-21T23:37:43Z,2026-05-05T14:20:53Z,2026-05-05T14:18:53Z,2882,True,opencl-intercept-layer,intel/opencl-intercept-layer,git@github.com:intel/opencl-intercept-layer.git,359
MDEwOlJlcG9zaXRvcnkxMTE1NjUwMTI=,2017-11-21T15:13:38Z,2026-05-07T02:54:52Z,2026-05-04T01:23:48Z,26225,False,polyscope,nmwsharp/polyscope,git@github.com:nmwsharp/polyscope.git,2164
MDEwOlJlcG9zaXRvcnkxMTE0Mzc0MzE=,2017-11-20T16:47:47Z,2026-04-23T06:35:03Z,2026-04-23T06:34:59Z,6576,False,shipdriver_pi,Rasbats/shipdriver_pi,git@github.com:Rasbats/shipdriver_pi.git,5
MDEwOlJlcG9zaXRvcnkxMTE0Mjk2ODE=,2017-11-20T15:40:25Z,2026-05-05T16:50:29Z,2026-05-03T23:24:43Z,31134,False,geometry-central,nmwsharp/geometry-central,git@github.com:nmwsharp/geometry-central.git,1301
MDEwOlJlcG9zaXRvcnkxMTE0MTczMjg=,2017-11-20T13:58:42Z,2026-04-30T10:11:16Z,2026-04-30T10:11:10Z,126829,True,OMSimulator,OpenModelica/OMSimulator,git@github.com:OpenModelica/OMSimulator.git,90
MDEwOlJlcG9zaXRvcnkxMTExNTg0MTU=,2017-11-17T22:55:49Z,2026-04-01T21:35:20Z,2026-05-01T12:18:59Z,1601,True,opencl-clang,intel/opencl-clang,git@github.com:intel/opencl-clang.git,139
MDEwOlJlcG9zaXRvcnkxMTA4NTU2NjY=,2017-11-15T16:05:48Z,2026-04-06T15:42:45Z,2026-04-06T16:07:36Z,111990,True,gobyte,gobytecoin/gobyte,git@github.com:gobytecoin/gobyte.git,32
MDEwOlJlcG9zaXRvcnkxMTA4NDUzMTY=,2017-11-15T14:40:20Z,2026-05-04T17:49:50Z,2026-05-04T13:35:20Z,1948,True,porla,porla/porla,git@github.com:porla/porla.git,271
MDEwOlJlcG9zaXRvcnkxMTA3ODI0Nzk=,2017-11-15T04:13:22Z,2026-04-13T10:00:27Z,2026-04-13T10:00:17Z,213,True,ITKPolarTransform,InsightSoftwareConsortium/ITKPolarTransform,git@github.com:InsightSoftwareConsortium/ITKPolarTransform.git,1
MDEwOlJlcG9zaXRvcnkxMTA3NjYyMzc=,2017-11-15T01:19:14Z,2026-05-06T09:29:47Z,2026-04-18T00:29:48Z,186394,False,libpeconv,hasherezade/libpeconv,git@github.com:hasherezade/libpeconv.git,1356
MDEwOlJlcG9zaXRvcnkxMTA3MzMwMTI=,2017-11-14T19:09:46Z,2026-05-04T17:11:37Z,2026-05-04T17:11:24Z,1226,True,rocm_bandwidth_test,ROCm/rocm_bandwidth_test,git@github.com:ROCm/rocm_bandwidth_test.git,84
MDEwOlJlcG9zaXRvcnkxMTAzNTg3MTQ=,2017-11-11T15:58:41Z,2026-05-06T17:19:19Z,2026-05-06T17:19:13Z,484,True,rocr_debug_agent,ROCm/rocr_debug_agent,git@github.com:ROCm/rocr_debug_agent.git,32
MDEwOlJlcG9zaXRvcnkxMTAzMjUxMzQ=,2017-11-11T06:53:38Z,2026-03-20T09:10:57Z,2026-03-20T09:10:51Z,1109,False,misc,t-weber/misc,git@github.com:t-weber/misc.git,2
MDEwOlJlcG9zaXRvcnkxMTAxNDk2NjA=,2017-11-09T18:08:38Z,2026-04-14T15:32:58Z,2026-04-14T15:45:02Z,341,False,mSqliteCpp,studiofuga/mSqliteCpp,git@github.com:studiofuga/mSqliteCpp.git,5
MDEwOlJlcG9zaXRvcnkxMTAxMTk1NTE=,2017-11-09T13:35:15Z,2026-03-26T05:27:11Z,2026-05-07T10:44:19Z,49951,True,fesapi,F2I-Consulting/fesapi,git@github.com:F2I-Consulting/fesapi.git,43
MDEwOlJlcG9zaXRvcnkxMTAwNTAxMTU=,2017-11-09T01:16:21Z,2026-04-10T08:00:02Z,2026-04-10T07:59:54Z,6637,True,deepin-calculator,linuxdeepin/deepin-calculator,git@github.com:linuxdeepin/deepin-calculator.git,44
MDEwOlJlcG9zaXRvcnkxMDk4ODY4MTY=,2017-11-07T20:25:00Z,2026-04-22T12:01:34Z,2026-05-06T16:37:38Z,262,True,rocminfo,ROCm/rocminfo,git@github.com:ROCm/rocminfo.git,43
MDEwOlJlcG9zaXRvcnkxMDk4NjQyNDA=,2017-11-07T16:49:40Z,2026-05-05T16:38:25Z,2026-05-05T16:38:20Z,6907,True,simCmd,CoppeliaRobotics/simCmd,git@github.com:CoppeliaRobotics/simCmd.git,0
MDEwOlJlcG9zaXRvcnkxMDk4NTUwNjA=,2017-11-07T15:36:46Z,2026-05-05T17:00:22Z,2026-05-05T17:00:14Z,1262,True,include,CoppeliaRobotics/include,git@github.com:CoppeliaRobotics/include.git,9
MDEwOlJlcG9zaXRvcnkxMDk4MzI1NTE=,2017-11-07T12:26:17Z,2026-05-05T17:00:56Z,2026-05-05T17:00:52Z,37792,True,simUI,CoppeliaRobotics/simUI,git@github.com:CoppeliaRobotics/simUI.git,8
MDEwOlJlcG9zaXRvcnkxMDk4MzI1NDM=,2017-11-07T12:26:15Z,2026-04-14T13:04:51Z,2026-04-14T13:04:46Z,796,True,simSDF,CoppeliaRobotics/simSDF,git@github.com:CoppeliaRobotics/simSDF.git,3
MDEwOlJlcG9zaXRvcnkxMDk4MzI1NDU=,2017-11-07T12:26:15Z,2026-04-13T16:10:44Z,2026-04-13T16:10:40Z,752,True,simSurfRec,CoppeliaRobotics/simSurfRec,git@github.com:CoppeliaRobotics/simSurfRec.git,0
MDEwOlJlcG9zaXRvcnkxMDk4MzI1NDI=,2017-11-07T12:26:14Z,2026-04-13T16:09:15Z,2026-04-13T16:09:10Z,10292,True,simOMPL,CoppeliaRobotics/simOMPL,git@github.com:CoppeliaRobotics/simOMPL.git,20
MDEwOlJlcG9zaXRvcnkxMDk4MzI1MzY=,2017-11-07T12:26:13Z,2026-04-13T16:24:45Z,2026-04-13T16:24:41Z,1565,True,simICP,CoppeliaRobotics/simICP,git@github.com:CoppeliaRobotics/simICP.git,1
MDEwOlJlcG9zaXRvcnkxMDk4MzI1Mzg=,2017-11-07T12:26:13Z,2026-04-14T13:51:22Z,2026-04-14T13:51:18Z,3637,True,simIM,CoppeliaRobotics/simIM,git@github.com:CoppeliaRobotics/simIM.git,0
MDEwOlJlcG9zaXRvcnkxMDk4MzI1MzU=,2017-11-07T12:26:12Z,2026-04-14T09:39:38Z,2026-04-14T09:39:34Z,53,True,simSkel,CoppeliaRobotics/simSkel,git@github.com:CoppeliaRobotics/simSkel.git,5
MDEwOlJlcG9zaXRvcnkxMDk3MTkzMjM=,2017-11-06T16:17:48Z,2026-04-01T11:40:39Z,2026-04-01T11:40:35Z,3944,False,textray,KazDragon/textray,git@github.com:KazDragon/textray.git,4
MDEwOlJlcG9zaXRvcnkxMDk3MDE3MzI=,2017-11-06T13:54:05Z,2026-04-22T08:53:31Z,2026-04-22T08:53:27Z,63,True,ros-eeros,eeros-project/ros-eeros,git@github.com:eeros-project/ros-eeros.git,0
MDEwOlJlcG9zaXRvcnkxMDk2Njc1OTc=,2017-11-06T08:29:12Z,2026-03-11T10:32:43Z,2026-04-30T12:02:20Z,50110,False,global-gradient-based-groundwater-model,rreinecke/global-gradient-based-groundwater-model,git@github.com:rreinecke/global-gradient-based-groundwater-model.git,8
MDEwOlJlcG9zaXRvcnkxMDk2MzMxNDI=,2017-11-06T01:34:33Z,2026-04-24T17:05:45Z,2026-04-24T17:05:41Z,18806,False,rai,MarcToussaint/rai,git@github.com:MarcToussaint/rai.git,116
MDEwOlJlcG9zaXRvcnkxMDk2MDUyMTc=,2017-11-05T18:33:49Z,2026-04-30T01:58:12Z,2026-03-07T21:44:31Z,6099,False,plasma-podman,naraesk/plasma-podman,git@github.com:naraesk/plasma-podman.git,43
MDEwOlJlcG9zaXRvcnkxMDk1ODM5MjA=,2017-11-05T13:55:48Z,2026-05-04T21:27:52Z,2026-05-04T21:27:47Z,41756,False,qlens-beta,qminor/qlens-beta,git@github.com:qminor/qlens-beta.git,3
MDEwOlJlcG9zaXRvcnkxMDk0NzczNTg=,2017-11-04T07:57:11Z,2026-05-07T07:43:11Z,2026-05-04T11:16:02Z,6571,False,ormpp,qicosmos/ormpp,git@github.com:qicosmos/ormpp.git,1504
MDEwOlJlcG9zaXRvcnkxMDk0NTkzMzE=,2017-11-04T02:06:19Z,2026-05-06T07:19:14Z,2026-05-06T07:19:53Z,181713,True,q,cycfi/q,git@github.com:cycfi/q.git,1380
MDEwOlJlcG9zaXRvcnkxMDkzNjI2ODI=,2017-11-03T06:55:20Z,2026-04-29T21:47:47Z,2026-05-06T11:31:33Z,31420,True,wlcs,canonical/wlcs,git@github.com:canonical/wlcs.git,58
MDEwOlJlcG9zaXRvcnkxMDkzMjM4Mjc=,2017-11-02T22:07:20Z,2026-05-01T00:06:28Z,2026-05-01T00:06:26Z,1733,True,Kripke,llnl/Kripke,git@github.com:llnl/Kripke.git,40
MDEwOlJlcG9zaXRvcnkxMDkzMDk2NTc=,2017-11-02T19:28:41Z,2026-04-30T06:43:28Z,2026-05-04T23:57:27Z,15252,True,keyvi,KeyviDev/keyvi,git@github.com:KeyviDev/keyvi.git,259
MDEwOlJlcG9zaXRvcnkxMDkyMTg5MTQ=,2017-11-02T04:48:32Z,2026-04-19T18:35:08Z,2026-05-04T14:01:59Z,594,True,ImageStreamIO,milk-org/ImageStreamIO,git@github.com:milk-org/ImageStreamIO.git,5
MDEwOlJlcG9zaXRvcnkxMDkwNjA3ODk=,2017-10-31T22:55:17Z,2026-05-03T22:57:10Z,2026-05-01T14:42:48Z,258050,True,electroneum,electroneum/electroneum,git@github.com:electroneum/electroneum.git,382
MDEwOlJlcG9zaXRvcnkxMDg5OTU1MDg=,2017-10-31T12:55:06Z,2026-05-04T13:03:12Z,2026-05-05T11:10:47Z,7974,True,ipfixprobe,CESNET/ipfixprobe,git@github.com:CESNET/ipfixprobe.git,80
MDEwOlJlcG9zaXRvcnkxMDg5MDg2ODU=,2017-10-30T21:08:08Z,2026-05-07T09:58:12Z,2026-04-02T17:59:28Z,1559,False,jwt-cpp,Thalhammer/jwt-cpp,git@github.com:Thalhammer/jwt-cpp.git,1142
MDEwOlJlcG9zaXRvcnkxMDg4NzQyNDI=,2017-10-30T15:58:46Z,2026-04-17T08:44:54Z,2026-03-31T07:31:20Z,12249,True,rocm_smi_lib,ROCm/rocm_smi_lib,git@github.com:ROCm/rocm_smi_lib.git,150
MDEwOlJlcG9zaXRvcnkxMDg4NzQxODg=,2017-10-30T15:58:20Z,2026-04-25T23:50:30Z,2026-04-30T21:29:57Z,854,True,Ocelot,OPSnet/Ocelot,git@github.com:OPSnet/Ocelot.git,55
MDEwOlJlcG9zaXRvcnkxMDg3MTM0NDk=,2017-10-29T07:17:36Z,2026-05-05T01:55:44Z,2026-05-05T01:55:40Z,2721,True,liquidshell,KDE/liquidshell,git@github.com:KDE/liquidshell.git,76
MDEwOlJlcG9zaXRvcnkxMDg2NjkzNDM=,2017-10-28T17:25:45Z,2026-05-06T15:38:18Z,2026-05-06T15:35:05Z,51917,False,DataFrame,hosseinmoein/DataFrame,git@github.com:hosseinmoein/DataFrame.git,2951
MDEwOlJlcG9zaXRvcnkxMDg1OTI1MTA=,2017-10-27T20:26:05Z,2026-05-07T03:18:55Z,2026-05-04T12:55:17Z,102168,True,batocera-emulationstation,batocera-linux/batocera-emulationstation,git@github.com:batocera-linux/batocera-emulationstation.git,413
MDEwOlJlcG9zaXRvcnkxMDg1OTIzMDc=,2017-10-27T20:23:17Z,2026-05-07T09:14:37Z,2026-05-07T09:14:29Z,1506261,True,sumo,eclipse-sumo/sumo,git@github.com:eclipse-sumo/sumo.git,3992
MDEwOlJlcG9zaXRvcnkxMDg1MDU5ODI=,2017-10-27T06:06:08Z,2026-05-07T07:31:19Z,2026-05-06T08:13:10Z,45872,False,Ripes,mortbopet/Ripes,git@github.com:mortbopet/Ripes.git,3302
MDEwOlJlcG9zaXRvcnkxMDg0NzMzNDg=,2017-10-26T22:43:28Z,2026-05-07T08:41:54Z,2026-05-07T08:41:49Z,129320,True,obs-studio-node,streamlabs/obs-studio-node,git@github.com:streamlabs/obs-studio-node.git,675
MDEwOlJlcG9zaXRvcnkxMDgzOTg4MTg=,2017-10-26T10:48:17Z,2026-04-22T10:30:47Z,2026-04-22T12:46:26Z,10066,True,corgi,hel-astro-lab/corgi,git@github.com:hel-astro-lab/corgi.git,5
MDEwOlJlcG9zaXRvcnkxMDgzODU3MDk=,2017-10-26T08:49:08Z,2026-03-27T17:40:22Z,2026-05-07T10:00:14Z,278303,True,COMPASS,OpenATSGmbH/COMPASS,git@github.com:OpenATSGmbH/COMPASS.git,86
MDEwOlJlcG9zaXRvcnkxMDgzNTUwNzk=,2017-10-26T03:08:16Z,2026-05-07T00:37:55Z,2026-05-06T07:21:46Z,23141,False,SARibbon,czyt1988/SARibbon,git@github.com:czyt1988/SARibbon.git,1396
MDEwOlJlcG9zaXRvcnkxMDgzMDYxMjk=,2017-10-25T17:59:53Z,2026-05-06T23:35:38Z,2026-05-06T23:35:35Z,27522,True,openr,facebook/openr,org-69631@github.com:facebook/openr.git,931
MDEwOlJlcG9zaXRvcnkxMDgyNjI2MjI=,2017-10-25T11:47:56Z,2026-04-30T12:06:13Z,2026-05-07T08:19:11Z,942232,True,inviwo,inviwo/inviwo,git@github.com:inviwo/inviwo.git,516
MDEwOlJlcG9zaXRvcnkxMDgxOTMzNDg=,2017-10-24T23:04:26Z,2026-05-06T12:27:55Z,2026-04-05T20:24:26Z,1920,True,fcitx5-configtool,fcitx/fcitx5-configtool,git@github.com:fcitx/fcitx5-configtool.git,50
MDEwOlJlcG9zaXRvcnkxMDgxNDc0NDQ=,2017-10-24T15:33:03Z,2026-05-06T16:51:42Z,2026-04-03T10:21:54Z,3549,True,QBDI,QBDI/QBDI,git@github.com:QBDI/QBDI.git,1764
MDEwOlJlcG9zaXRvcnkxMDgxMDI4MjY=,2017-10-24T09:06:23Z,2026-05-07T07:31:57Z,2026-05-07T09:30:41Z,2203418,True,carla,carla-simulator/carla,git@github.com:carla-simulator/carla.git,13924
MDEwOlJlcG9zaXRvcnkxMDc4OTE4Mzg=,2017-10-22T18:29:21Z,2026-04-21T07:50:02Z,2026-04-20T18:05:56Z,347,False,opw_kinematics,Jmeyer1292/opw_kinematics,git@github.com:Jmeyer1292/opw_kinematics.git,96
MDEwOlJlcG9zaXRvcnkxMDc3NzU4NzA=,2017-10-21T11:49:44Z,2026-05-02T14:36:11Z,2026-04-20T18:03:29Z,3300,True,firebird-odbc-driver,FirebirdSQL/firebird-odbc-driver,git@github.com:FirebirdSQL/firebird-odbc-driver.git,91
MDEwOlJlcG9zaXRvcnkxMDc0OTg3Nzc=,2017-10-19T04:36:27Z,2026-03-13T16:02:10Z,2026-04-06T03:05:35Z,24171,False,QtAgOpenGPS,torriem/QtAgOpenGPS,git@github.com:torriem/QtAgOpenGPS.git,49
MDEwOlJlcG9zaXRvcnkxMDc0NzQ3Mzg=,2017-10-18T23:35:30Z,2026-05-06T16:17:54Z,2026-03-21T11:05:18Z,2218,False,lager,arximboldi/lager,git@github.com:arximboldi/lager.git,765
MDEwOlJlcG9zaXRvcnkxMDc0MTEzNDg=,2017-10-18T13:23:17Z,2026-04-26T14:32:52Z,2026-04-29T21:46:20Z,90704,True,pi-list,ebu/pi-list,git@github.com:ebu/pi-list.git,128
MDEwOlJlcG9zaXRvcnkxMDczMjA0OTQ=,2017-10-17T20:30:16Z,2026-04-22T13:39:32Z,2026-05-04T14:50:39Z,11295,True,rocALUTION,ROCm/rocALUTION,git@github.com:ROCm/rocALUTION.git,97
MDEwOlJlcG9zaXRvcnkxMDczMDExNTg=,2017-10-17T17:22:06Z,2026-04-30T02:28:27Z,2026-03-06T04:15:49Z,6012,False,cpp-jwt,arun11299/cpp-jwt,git@github.com:arun11299/cpp-jwt.git,434
MDEwOlJlcG9zaXRvcnkxMDcyNDU4Mjc=,2017-10-17T09:19:49Z,2026-05-07T03:48:00Z,2026-04-15T06:39:21Z,356428,False,WiFi_Kit_series,Heltec-Aaron-Lee/WiFi_Kit_series,git@github.com:Heltec-Aaron-Lee/WiFi_Kit_series.git,905
MDEwOlJlcG9zaXRvcnkxMDcxNjA3NTQ=,2017-10-16T17:32:10Z,2026-04-13T17:56:04Z,2026-04-13T17:55:57Z,35477,True,TASMANIAN,ORNL/TASMANIAN,git@github.com:ORNL/TASMANIAN.git,74
MDEwOlJlcG9zaXRvcnkxMDcxMzUzOTY=,2017-10-16T14:01:52Z,2026-05-05T06:48:29Z,2026-05-05T06:48:25Z,1614,True,qtcoap,qt/qtcoap,git@github.com:qt/qtcoap.git,21
MDEwOlJlcG9zaXRvcnkxMDY5ODc2MzY=,2017-10-15T05:57:26Z,2026-03-13T20:56:08Z,2026-03-13T20:56:04Z,1779,True,libtld,m2osw/libtld,git@github.com:m2osw/libtld.git,12
MDEwOlJlcG9zaXRvcnkxMDY5ODQxMzc=,2017-10-15T04:41:41Z,2026-04-23T03:41:16Z,2026-04-23T03:41:12Z,1898,True,iplock,m2osw/iplock,git@github.com:m2osw/iplock.git,4
MDEwOlJlcG9zaXRvcnkxMDY5ODM3NDg=,2017-10-15T04:32:35Z,2026-03-07T22:21:31Z,2026-03-07T22:21:28Z,44967,True,as2js,m2osw/as2js,git@github.com:m2osw/as2js.git,3
MDEwOlJlcG9zaXRvcnkxMDY5ODM1NjA=,2017-10-15T04:27:37Z,2026-04-19T14:20:35Z,2026-04-19T14:20:31Z,1381,True,advgetopt,m2osw/advgetopt,git@github.com:m2osw/advgetopt.git,2
MDEwOlJlcG9zaXRvcnkxMDY5MTQ4MTM=,2017-10-14T09:21:15Z,2026-04-29T12:48:38Z,2026-04-29T12:48:36Z,81,True,parseagle,LibrePCB/parseagle,git@github.com:LibrePCB/parseagle.git,6
MDEwOlJlcG9zaXRvcnkxMDY4MjQ4Nzc=,2017-10-13T13:01:37Z,2026-05-02T09:39:50Z,2026-05-05T14:52:37Z,5054,True,avdecc,L-Acoustics/avdecc,git@github.com:L-Acoustics/avdecc.git,110
MDEwOlJlcG9zaXRvcnkxMDY3MDk0MjE=,2017-10-12T15:14:49Z,2026-05-04T12:54:56Z,2026-05-04T12:54:52Z,2322,False,TTKOCR,Greedysky/TTKOCR,git@github.com:Greedysky/TTKOCR.git,150
MDEwOlJlcG9zaXRvcnkxMDY2NTI5MjA=,2017-10-12T06:22:25Z,2026-05-06T19:44:08Z,2026-05-06T10:37:14Z,453321,True,CDPKit,molinfo-vienna/CDPKit,git@github.com:molinfo-vienna/CDPKit.git,119
MDEwOlJlcG9zaXRvcnkxMDY0MjkzNDg=,2017-10-10T14:37:23Z,2026-05-06T03:19:14Z,2026-05-05T15:53:12Z,1911,True,qtmqtt,qt/qtmqtt,git@github.com:qt/qtmqtt.git,450
MDEwOlJlcG9zaXRvcnkxMDYzOTIyMzc=,2017-10-10T08:50:59Z,2026-04-30T11:16:49Z,2026-04-29T12:10:21Z,52007,True,mrcpp,MRChemSoft/mrcpp,git@github.com:MRChemSoft/mrcpp.git,14
MDEwOlJlcG9zaXRvcnkxMDYyMjEzNTc=,2017-10-09T00:52:02Z,2026-05-06T08:57:12Z,2026-03-17T21:21:05Z,1338,False,apriltag_ros,christianrauch/apriltag_ros,git@github.com:christianrauch/apriltag_ros.git,330
MDEwOlJlcG9zaXRvcnkxMDYxMjEyMTQ=,2017-10-07T18:32:20Z,2026-05-06T11:18:10Z,2026-04-15T19:38:34Z,7599,False,ACTL,AlCash07/ACTL,git@github.com:AlCash07/ACTL.git,19
MDEwOlJlcG9zaXRvcnkxMDYwNjA1OTQ=,2017-10-07T00:18:31Z,2026-05-06T03:32:17Z,2026-03-27T00:55:55Z,8148,True,FBX2glTF,facebookincubator/FBX2glTF,org-19538647@github.com:facebookincubator/FBX2glTF.git,2305
MDEwOlJlcG9zaXRvcnkxMDU3MTk4MTQ=,2017-10-04T01:07:20Z,2026-04-14T20:17:48Z,2026-04-16T21:30:06Z,13551,True,TAMM,NWChemEx/TAMM,git@github.com:NWChemEx/TAMM.git,18
MDEwOlJlcG9zaXRvcnkxMDU2NTg2MzM=,2017-10-03T14:01:55Z,2026-04-26T17:38:35Z,2026-04-26T17:38:31Z,474,True,thplayer,BearKidsTeam/thplayer,git@github.com:BearKidsTeam/thplayer.git,26
MDEwOlJlcG9zaXRvcnkxMDU2NTAxNzA=,2017-10-03T12:40:26Z,2026-05-04T08:13:00Z,2026-05-04T08:12:55Z,6149,True,libshv,silicon-heaven/libshv,git@github.com:silicon-heaven/libshv.git,1
MDEwOlJlcG9zaXRvcnkxMDU1NjYzMzM=,2017-10-02T17:56:48Z,2026-05-06T21:57:16Z,2026-05-07T09:31:35Z,136852,True,oboe,google/oboe,git@github.com:google/oboe.git,4036
MDEwOlJlcG9zaXRvcnkxMDU1NDE1OTA=,2017-10-02T14:05:32Z,2026-05-06T17:07:18Z,2026-05-06T17:07:14Z,91282,False,HiveWE,stijnherfst/HiveWE,git@github.com:stijnherfst/HiveWE.git,435
MDEwOlJlcG9zaXRvcnkxMDU1MDM2NjM=,2017-10-02T06:19:54Z,2026-05-02T18:34:45Z,2026-04-24T04:52:44Z,77,False,tag,keith/tag,git@github.com:keith/tag.git,25
MDEwOlJlcG9zaXRvcnkxMDUzOTgxNjM=,2017-09-30T20:16:54Z,2026-03-07T16:33:53Z,2026-03-07T16:47:05Z,4842,False,shady-packer,enebe-nb/shady-packer,git@github.com:enebe-nb/shady-packer.git,3
MDEwOlJlcG9zaXRvcnkxMDUzNzg3NDI=,2017-09-30T15:18:11Z,2026-04-22T03:50:40Z,2026-03-25T10:52:38Z,1219,True,lorawan,signetlabdei/lorawan,git@github.com:signetlabdei/lorawan.git,216
MDEwOlJlcG9zaXRvcnkxMDUzNzQzMDE=,2017-09-30T14:11:00Z,2026-05-07T07:00:21Z,2026-05-03T21:20:04Z,26220,True,pmp-library,pmp-library/pmp-library,git@github.com:pmp-library/pmp-library.git,1478
MDEwOlJlcG9zaXRvcnkxMDUzMjY1ODY=,2017-09-29T23:59:30Z,2026-05-07T07:00:25Z,2026-05-07T07:00:18Z,12575,True,kraken,KrakenEngine/kraken,git@github.com:KrakenEngine/kraken.git,5
MDEwOlJlcG9zaXRvcnkxMDUyOTk1Mjc=,2017-09-29T17:28:31Z,2026-05-03T22:27:54Z,2026-03-25T05:04:19Z,2388,True,gmmlib,intel/gmmlib,git@github.com:intel/gmmlib.git,192
MDEwOlJlcG9zaXRvcnkxMDUyOTk0Njc=,2017-09-29T17:27:54Z,2026-05-07T11:04:21Z,2026-05-07T11:04:16Z,133612,True,intel-graphics-compiler,intel/intel-graphics-compiler,git@github.com:intel/intel-graphics-compiler.git,701
MDEwOlJlcG9zaXRvcnkxMDUyOTkzNTQ=,2017-09-29T17:26:43Z,2026-05-07T11:03:37Z,2026-05-07T11:03:33Z,175463,True,compute-runtime,intel/compute-runtime,git@github.com:intel/compute-runtime.git,1384
MDEwOlJlcG9zaXRvcnkxMDUxODM0MTI=,2017-09-28T18:15:28Z,2026-04-17T12:14:13Z,2026-04-05T10:22:14Z,50,False,CPT,chistopher/CPT,git@github.com:chistopher/CPT.git,11
MDEwOlJlcG9zaXRvcnkxMDUxMDcyNDk=,2017-09-28T05:49:46Z,2026-05-04T15:16:15Z,2026-04-30T05:17:15Z,4950,True,uvgComm,ultravideo/uvgComm,git@github.com:ultravideo/uvgComm.git,58
MDEwOlJlcG9zaXRvcnkxMDUwMTA2OTE=,2017-09-27T11:38:04Z,2026-05-07T09:57:22Z,2026-05-07T11:10:36Z,660594,True,desktop,nextcloud/desktop,git@github.com:nextcloud/desktop.git,3700
MDEwOlJlcG9zaXRvcnkxMDQ5MDA3NjY=,2017-09-26T15:10:30Z,2026-05-06T18:38:23Z,2026-05-06T18:38:18Z,1571,True,SlicerVirtualReality,KitwareMedical/SlicerVirtualReality,git@github.com:KitwareMedical/SlicerVirtualReality.git,136
MDEwOlJlcG9zaXRvcnkxMDQ3OTA2NTQ=,2017-09-25T19:06:00Z,2026-04-21T09:42:01Z,2026-04-21T09:41:56Z,6778,True,DBT-RISE-RISCV,Minres/DBT-RISE-RISCV,git@github.com:Minres/DBT-RISE-RISCV.git,37
MDEwOlJlcG9zaXRvcnkxMDQ3ODk0NjU=,2017-09-25T18:55:28Z,2026-04-25T05:27:57Z,2026-04-25T05:27:52Z,545,True,DBT-RISE-Core,Minres/DBT-RISE-Core,git@github.com:Minres/DBT-RISE-Core.git,11
MDEwOlJlcG9zaXRvcnkxMDQ3MzI0Mzg=,2017-09-25T09:50:51Z,2026-05-07T11:41:51Z,2026-05-02T09:33:41Z,16161,True,cutter,rizinorg/cutter,git@github.com:rizinorg/cutter.git,18740
MDEwOlJlcG9zaXRvcnkxMDQ0ODU1NjU=,2017-09-22T14:45:45Z,2026-04-29T00:20:37Z,2026-05-05T12:15:56Z,8633,True,ouinet,equalitie/ouinet,git@github.com:equalitie/ouinet.git,131
MDEwOlJlcG9zaXRvcnkxMDQ0MTY5OTA=,2017-09-22T01:34:20Z,2026-05-04T09:48:14Z,2026-05-06T20:31:42Z,5684,True,curl-fuzzer,curl/curl-fuzzer,git@github.com:curl/curl-fuzzer.git,95
MDEwOlJlcG9zaXRvcnkxMDQzOTA4OTM=,2017-09-21T19:38:27Z,2026-05-06T18:32:43Z,2026-05-07T06:30:43Z,11352,False,csv-parser,vincentlaucsb/csv-parser,git@github.com:vincentlaucsb/csv-parser.git,1082
MDEwOlJlcG9zaXRvcnkxMDQzNjg5ODI=,2017-09-21T15:57:06Z,2026-05-05T14:45:28Z,2026-04-29T05:59:45Z,460,True,fcitx5-rime,fcitx/fcitx5-rime,git@github.com:fcitx/fcitx5-rime.git,386
MDEwOlJlcG9zaXRvcnkxMDQyNzE0MDQ=,2017-09-20T21:54:13Z,2026-05-07T10:22:57Z,2026-05-07T10:52:07Z,48294,True,oneDPL,uxlfoundation/oneDPL,git@github.com:uxlfoundation/oneDPL.git,765
MDEwOlJlcG9zaXRvcnkxMDQyMzE1NDE=,2017-09-20T15:10:30Z,2026-05-07T08:11:03Z,2026-05-07T03:56:12Z,21135,True,abseil-cpp,abseil/abseil-cpp,git@github.com:abseil/abseil-cpp.git,17239
MDEwOlJlcG9zaXRvcnkxMDQyMDgxMjg=,2017-09-20T11:41:42Z,2026-05-06T17:08:07Z,2026-04-27T09:16:13Z,329500,True,Paddle-Lite,PaddlePaddle/Paddle-Lite,git@github.com:PaddlePaddle/Paddle-Lite.git,7253
MDEwOlJlcG9zaXRvcnkxMDQwNzc5MDM=,2017-09-19T13:23:43Z,2026-03-31T08:33:15Z,2026-03-30T08:26:31Z,12181,False,raymarine_autopilot_pi,BerndCirotzki/raymarine_autopilot_pi,git@github.com:BerndCirotzki/raymarine_autopilot_pi.git,8
MDEwOlJlcG9zaXRvcnkxMDM4NTYzOTk=,2017-09-17T19:37:38Z,2026-04-28T20:32:15Z,2026-04-19T01:47:02Z,3555,False,resource_dasm,fuzziqersoftware/resource_dasm,git@github.com:fuzziqersoftware/resource_dasm.git,140
MDEwOlJlcG9zaXRvcnkxMDM2OTc5MjQ=,2017-09-15T20:21:29Z,2026-05-07T01:45:07Z,2026-05-04T11:58:10Z,22079,True,libfranka,frankarobotics/libfranka,git@github.com:frankarobotics/libfranka.git,403
MDEwOlJlcG9zaXRvcnkxMDM2OTQ3ODI=,2017-09-15T19:39:42Z,2026-04-24T11:01:32Z,2026-04-24T11:01:27Z,63523,True,SlicerRT,SlicerRt/SlicerRT,git@github.com:SlicerRt/SlicerRT.git,151
MDEwOlJlcG9zaXRvcnkxMDM1Mzk0MTI=,2017-09-14T14:01:39Z,2026-03-19T11:11:26Z,2026-03-19T11:11:22Z,15413,True,ayatana-indicator-datetime,AyatanaIndicators/ayatana-indicator-datetime,git@github.com:AyatanaIndicators/ayatana-indicator-datetime.git,6
MDEwOlJlcG9zaXRvcnkxMDM1MzU4NDE=,2017-09-14T13:29:59Z,2026-04-30T14:30:22Z,2026-04-30T14:58:05Z,13635,True,SourceXtractorPlusPlus,astrorama/SourceXtractorPlusPlus,git@github.com:astrorama/SourceXtractorPlusPlus.git,88
MDEwOlJlcG9zaXRvcnkxMDM0OTQyNTQ=,2017-09-14T06:25:02Z,2026-04-02T22:08:43Z,2026-03-13T03:07:03Z,469,False,Cuttlefish,akb825/Cuttlefish,git@github.com:akb825/Cuttlefish.git,87
MDEwOlJlcG9zaXRvcnkxMDM0NTg4OTE=,2017-09-13T22:37:47Z,2026-04-07T19:27:43Z,2026-03-31T02:31:45Z,1848,True,BosonUSB,FLIR/BosonUSB,git@github.com:FLIR/BosonUSB.git,70
MDEwOlJlcG9zaXRvcnkxMDM0MzAwMzY=,2017-09-13T17:28:47Z,2026-04-28T21:18:40Z,2026-04-29T04:21:24Z,6929,False,MFrontGallery,thelfer/MFrontGallery,git@github.com:thelfer/MFrontGallery.git,24
MDEwOlJlcG9zaXRvcnkxMDMzODA0NTk=,2017-09-13T09:28:30Z,2026-04-15T05:15:01Z,2026-04-28T08:07:05Z,14527,True,DigiDoc4-Client,open-eid/DigiDoc4-Client,git@github.com:open-eid/DigiDoc4-Client.git,135
MDEwOlJlcG9zaXRvcnkxMDMzMzcyMDI=,2017-09-13T01:15:34Z,2026-04-20T08:35:13Z,2026-04-20T08:35:07Z,10262,True,SPTK,sp-nitech/SPTK,git@github.com:sp-nitech/SPTK.git,245
MDEwOlJlcG9zaXRvcnkxMDMyNDI5NTI=,2017-09-12T08:21:10Z,2026-04-21T01:45:00Z,2026-04-21T01:44:57Z,2842,True,atlantik,KDE/atlantik,git@github.com:KDE/atlantik.git,7
MDEwOlJlcG9zaXRvcnkxMDMyNDE5Njk=,2017-09-12T08:11:49Z,2026-05-04T09:26:33Z,2026-05-03T02:02:42Z,72302,True,drkonqi,KDE/drkonqi,git@github.com:KDE/drkonqi.git,39
MDEwOlJlcG9zaXRvcnkxMDMxODY4OTU=,2017-09-11T20:51:45Z,2026-03-30T15:21:08Z,2026-04-22T19:09:51Z,83737,True,Likelihood,fermi-lat/Likelihood,git@github.com:fermi-lat/Likelihood.git,4
MDEwOlJlcG9zaXRvcnkxMDMwOTc3MDA=,2017-09-11T06:22:09Z,2026-05-05T21:19:59Z,2026-05-05T21:19:55Z,7821,True,gearoenix,gearoenix/gearoenix,git@github.com:gearoenix/gearoenix.git,38
MDEwOlJlcG9zaXRvcnkxMDMwNjkyMDU=,2017-09-10T23:29:51Z,2026-05-05T19:34:53Z,2026-05-06T20:54:12Z,7192,False,op25,boatbod/op25,git@github.com:boatbod/op25.git,457
MDEwOlJlcG9zaXRvcnkxMDI5Mzk4MTY=,2017-09-09T08:35:42Z,2026-05-06T16:37:51Z,2026-05-06T16:44:31Z,44829,True,dcmtk,DCMTK/dcmtk,git@github.com:DCMTK/dcmtk.git,869
MDEwOlJlcG9zaXRvcnkxMDI4NTY0OTI=,2017-09-08T11:55:19Z,2026-04-20T23:52:52Z,2026-03-11T21:36:21Z,208620,True,planetblupi,blupi-games/planetblupi,git@github.com:blupi-games/planetblupi.git,104
MDEwOlJlcG9zaXRvcnkxMDI4NDQ4OTk=,2017-09-08T09:34:36Z,2026-03-23T16:12:22Z,2026-03-23T16:12:17Z,10032,False,gVCF2tFasta,sramosonsins/gVCF2tFasta,git@github.com:sramosonsins/gVCF2tFasta.git,0
MDEwOlJlcG9zaXRvcnkxMDI2NTc5MTk=,2017-09-06T21:01:16Z,2026-04-16T21:50:19Z,2026-04-16T21:50:14Z,41884,True,Dendro-5.01,paralab/Dendro-5.01,git@github.com:paralab/Dendro-5.01.git,33
MDEwOlJlcG9zaXRvcnkxMDI1OTIwODY=,2017-09-06T09:49:56Z,2026-04-30T15:17:28Z,2026-04-30T15:07:14Z,163316,True,UWLCM,igfuw/UWLCM,git@github.com:igfuw/UWLCM.git,11
MDEwOlJlcG9zaXRvcnkxMDI1MzIxMzU=,2017-09-05T21:37:34Z,2026-05-06T00:39:24Z,2026-05-06T00:39:20Z,100291,True,quoFEM,NHERI-SimCenter/quoFEM,git@github.com:NHERI-SimCenter/quoFEM.git,29
MDEwOlJlcG9zaXRvcnkxMDIzOTA4MDU=,2017-09-04T18:31:49Z,2026-05-03T12:25:11Z,2026-05-03T20:44:57Z,117360,False,Control-Surface,tttapa/Control-Surface,git@github.com:tttapa/Control-Surface.git,1611
MDEwOlJlcG9zaXRvcnkxMDIzNDM3OTQ=,2017-09-04T09:28:47Z,2026-05-07T08:22:26Z,2026-05-06T07:16:06Z,42364,True,brpc,apache/brpc,git@github.com:apache/brpc.git,17499
MDEwOlJlcG9zaXRvcnkxMDIxMzc3MzE=,2017-09-01T17:36:56Z,2026-05-07T08:55:18Z,2026-04-29T04:31:49Z,16617,False,SimpleSwitcher,Aegel5/SimpleSwitcher,git@github.com:Aegel5/SimpleSwitcher.git,165
MDEwOlJlcG9zaXRvcnkxMDIxMTMxOTg=,2017-09-01T13:00:57Z,2026-05-07T03:43:43Z,2026-03-27T08:48:42Z,358381,True,stremio-shell,Stremio/stremio-shell,git@github.com:Stremio/stremio-shell.git,859
MDEwOlJlcG9zaXRvcnkxMDIwODI2OTQ=,2017-09-01T06:48:55Z,2026-04-24T07:55:35Z,2026-04-24T07:55:31Z,71948,True,cos-cpp-sdk-v5,tencentyun/cos-cpp-sdk-v5,git@github.com:tencentyun/cos-cpp-sdk-v5.git,64
MDEwOlJlcG9zaXRvcnkxMDIwNDE3MTg=,2017-08-31T20:23:44Z,2026-04-27T18:05:45Z,2026-04-27T18:05:45Z,644,False,scope-guard,offa/scope-guard,git@github.com:offa/scope-guard.git,53
MDEwOlJlcG9zaXRvcnkxMDIwMzA2NjA=,2017-08-31T18:13:04Z,2026-05-06T21:16:59Z,2026-04-05T01:52:53Z,74606,False,Blender-FLIP-Fluids,rlguy/Blender-FLIP-Fluids,git@github.com:rlguy/Blender-FLIP-Fluids.git,1879
MDEwOlJlcG9zaXRvcnkxMDE5OTA1NjQ=,2017-08-31T10:43:37Z,2026-05-05T02:34:15Z,2026-05-05T03:58:25Z,23165,True,latte-dock,KDE/latte-dock,git@github.com:KDE/latte-dock.git,1987
MDEwOlJlcG9zaXRvcnkxMDE5MTE2Mzc=,2017-08-30T17:47:17Z,2026-05-06T21:06:38Z,2026-05-06T21:06:31Z,83509,True,openj9-omr,eclipse-openj9/openj9-omr,git@github.com:eclipse-openj9/openj9-omr.git,38
MDEwOlJlcG9zaXRvcnkxMDE3NTQ3MTA=,2017-08-29T11:40:56Z,2026-05-05T20:21:46Z,2026-05-06T10:36:19Z,9666,True,ncrystal,mctools/ncrystal,git@github.com:mctools/ncrystal.git,48
MDEwOlJlcG9zaXRvcnkxMDE3NTQ0NzU=,2017-08-29T11:38:17Z,2026-03-08T17:27:02Z,2026-05-07T10:52:03Z,737388,False,crogine,fallahn/crogine,git@github.com:fallahn/crogine.git,102
MDEwOlJlcG9zaXRvcnkxMDE3MDA1MDQ=,2017-08-29T00:31:10Z,2026-05-07T03:36:50Z,2026-03-18T22:24:05Z,1210,False,z5,constantinpape/z5,git@github.com:constantinpape/z5.git,131
MDEwOlJlcG9zaXRvcnkxMDE2NjY0Nzg=,2017-08-28T16:58:54Z,2026-05-06T04:13:41Z,2026-04-14T11:06:09Z,8753,True,MEGAcmd,meganz/MEGAcmd,git@github.com:meganz/MEGAcmd.git,2172
MDEwOlJlcG9zaXRvcnkxMDE1NDgxNDk=,2017-08-27T11:34:50Z,2026-05-07T07:57:25Z,2026-05-07T07:57:21Z,10151,False,sgl,chrismile/sgl,git@github.com:chrismile/sgl.git,17
MDEwOlJlcG9zaXRvcnkxMDE0Nzg5NTI=,2017-08-26T10:28:43Z,2026-05-07T05:28:26Z,2026-05-07T05:27:50Z,8536,False,tev,Tom94/tev,git@github.com:Tom94/tev.git,1370
MDEwOlJlcG9zaXRvcnkxMDEyNjYyMzQ=,2017-08-24T07:22:31Z,2026-05-06T00:33:23Z,2026-05-07T09:30:51Z,112606,True,falkon,KDE/falkon,git@github.com:KDE/falkon.git,462
MDEwOlJlcG9zaXRvcnkxMDExODA5MzU=,2017-08-23T13:05:33Z,2026-05-04T10:40:36Z,2026-05-07T10:43:53Z,21492,True,QualityControl,AliceO2Group/QualityControl,git@github.com:AliceO2Group/QualityControl.git,15
MDEwOlJlcG9zaXRvcnkxMDExMTQ0MzU=,2017-08-22T22:54:04Z,2026-05-04T14:16:45Z,2026-04-02T05:10:47Z,64879,False,BitMagic,tlk00/BitMagic,git@github.com:tlk00/BitMagic.git,449
MDEwOlJlcG9zaXRvcnkxMDExMDk4MjQ=,2017-08-22T21:39:47Z,2026-04-01T15:05:24Z,2026-04-01T15:04:54Z,91404,False,VVRFramework,chrispap/VVRFramework,git@github.com:chrispap/VVRFramework.git,0
MDEwOlJlcG9zaXRvcnkxMDExMDE4OTM=,2017-08-22T19:54:46Z,2026-04-24T05:31:26Z,2026-04-24T05:31:21Z,3246,False,BOSS,davechurchill/BOSS,git@github.com:davechurchill/BOSS.git,6
MDEwOlJlcG9zaXRvcnkxMDEwODM3Njc=,2017-08-22T16:23:23Z,2026-04-24T03:58:58Z,2026-04-03T14:35:37Z,11851,True,runtime,SQFvm/runtime,git@github.com:SQFvm/runtime.git,104
MDEwOlJlcG9zaXRvcnkxMDEwNTgyNDI=,2017-08-22T12:03:01Z,2026-03-12T10:07:05Z,2026-03-12T10:06:58Z,58706,True,rc_genicam_api,roboception/rc_genicam_api,git@github.com:roboception/rc_genicam_api.git,135
MDEwOlJlcG9zaXRvcnkxMDEwNTQzNTc=,2017-08-22T11:10:12Z,2026-04-15T11:52:12Z,2026-04-15T11:52:08Z,19917,True,simdissdk,USNavalResearchLaboratory/simdissdk,git@github.com:USNavalResearchLaboratory/simdissdk.git,136
MDEwOlJlcG9zaXRvcnkxMDEwMDc2MzY=,2017-08-22T01:33:00Z,2026-05-07T06:20:48Z,2026-05-03T01:09:12Z,140866,False,pe-sieve,hasherezade/pe-sieve,git@github.com:hasherezade/pe-sieve.git,3653
MDEwOlJlcG9zaXRvcnkxMDA5NDMzNzc=,2017-08-21T10:58:52Z,2026-04-14T14:57:12Z,2026-04-14T15:03:33Z,859,True,rcdiscover,roboception/rcdiscover,git@github.com:roboception/rcdiscover.git,12
MDEwOlJlcG9zaXRvcnkxMDA5MzIxMzk=,2017-08-21T08:47:00Z,2026-05-06T16:25:25Z,2026-05-06T16:25:34Z,589,True,dpct,ilastik/dpct,git@github.com:ilastik/dpct.git,2
MDEwOlJlcG9zaXRvcnkxMDA4Njg5MDM=,2017-08-20T15:00:35Z,2026-03-25T23:34:47Z,2026-03-25T23:34:42Z,25610,False,rwe,MHeasell/rwe,git@github.com:MHeasell/rwe.git,119
MDEwOlJlcG9zaXRvcnkxMDA4NjM2MjQ=,2017-08-20T13:33:19Z,2026-05-04T20:52:56Z,2026-05-04T20:52:52Z,9673,False,OPL-PC-Tools,brainstream/OPL-PC-Tools,git@github.com:brainstream/OPL-PC-Tools.git,201
MDEwOlJlcG9zaXRvcnkxMDA3ODUyOTg=,2017-08-19T09:49:51Z,2026-05-07T11:42:56Z,2026-05-07T11:43:14Z,61926,True,kotuku,parasol-framework/kotuku,git@github.com:parasol-framework/kotuku.git,19
MDEwOlJlcG9zaXRvcnkxMDA3ODEwMzU=,2017-08-19T08:26:00Z,2026-05-06T19:19:30Z,2026-03-09T07:51:25Z,5847,True,webview,webview/webview,git@github.com:webview/webview.git,14050
MDEwOlJlcG9zaXRvcnkxMDA3MTUzNDU=,2017-08-18T13:36:13Z,2026-04-28T13:46:34Z,2026-04-28T13:42:00Z,6583,True,mikroxml,cppfw/mikroxml,git@github.com:cppfw/mikroxml.git,6
MDEwOlJlcG9zaXRvcnkxMDA2NDc1NzM=,2017-08-17T21:43:17Z,2026-04-15T12:18:43Z,2026-04-20T05:39:31Z,4662,False,zoo,thecppzoo/zoo,git@github.com:thecppzoo/zoo.git,136
MDEwOlJlcG9zaXRvcnkxMDA1MjUxMzU=,2017-08-16T19:28:20Z,2026-04-30T16:40:52Z,2026-04-24T23:28:46Z,2491,False,beefweb,hyperblast/beefweb,git@github.com:hyperblast/beefweb.git,312
MDEwOlJlcG9zaXRvcnkxMDA1MTM3NTM=,2017-08-16T17:10:42Z,2026-03-02T22:25:01Z,2026-03-02T22:24:58Z,3998,False,OpenFrames,ravidavi/OpenFrames,git@github.com:ravidavi/OpenFrames.git,35
MDEwOlJlcG9zaXRvcnkxMDA0OTYwNjQ=,2017-08-16T14:05:23Z,2026-05-06T18:10:16Z,2026-03-23T19:28:43Z,9204,False,testingRNG,lemire/testingRNG,git@github.com:lemire/testingRNG.git,199
MDEwOlJlcG9zaXRvcnkxMDA0NzczNjM=,2017-08-16T10:24:52Z,2026-05-02T09:09:33Z,2026-03-03T09:46:23Z,3068,True,ReadoutCard,AliceO2Group/ReadoutCard,git@github.com:AliceO2Group/ReadoutCard.git,10
MDEwOlJlcG9zaXRvcnkxMDA0NzcxNzc=,2017-08-16T10:21:51Z,2026-03-05T08:19:08Z,2026-03-05T08:19:30Z,856,True,InfoLogger,AliceO2Group/InfoLogger,git@github.com:AliceO2Group/InfoLogger.git,3
MDEwOlJlcG9zaXRvcnkxMDA0MDEyNjg=,2017-08-15T17:18:39Z,2026-04-26T07:50:41Z,2026-04-26T07:50:33Z,3488,False,kdbg,j6t/kdbg,git@github.com:j6t/kdbg.git,114
MDEwOlJlcG9zaXRvcnkxMDAzNTczMjk=,2017-08-15T08:39:45Z,2026-03-16T13:26:26Z,2026-03-16T13:26:20Z,581,True,rootbench,root-project/rootbench,git@github.com:root-project/rootbench.git,23
MDEwOlJlcG9zaXRvcnkxMDAyODAyMzU=,2017-08-14T15:05:27Z,2026-04-26T12:30:38Z,2026-04-26T12:30:34Z,10393,True,mx-network-assistant,MX-Linux/mx-network-assistant,git@github.com:MX-Linux/mx-network-assistant.git,7
MDEwOlJlcG9zaXRvcnkxMDAyMDU0NTI=,2017-08-13T21:22:52Z,2026-05-03T19:40:25Z,2026-05-03T19:40:20Z,24253,False,PAPU,FigBug/PAPU,git@github.com:FigBug/PAPU.git,59
MDEwOlJlcG9zaXRvcnkxMDAxOTAxNDk=,2017-08-13T16:36:16Z,2026-05-07T01:30:03Z,2026-05-03T20:44:53Z,17073,False,Granite,Themaister/Granite,git@github.com:Themaister/Granite.git,1881
MDEwOlJlcG9zaXRvcnkxMDAxMDkzMDA=,2017-08-12T11:53:49Z,2026-05-06T03:10:59Z,2026-03-25T07:10:53Z,2931,False,inja,pantor/inja,git@github.com:pantor/inja.git,1937
MDEwOlJlcG9zaXRvcnk5OTk3NzIyMA==,2017-08-11T00:59:28Z,2026-05-07T10:56:45Z,2026-04-27T20:31:18Z,116839,False,input-overlay,univrsal/input-overlay,git@github.com:univrsal/input-overlay.git,3971
MDEwOlJlcG9zaXRvcnk5OTk0MjM3MQ==,2017-08-10T16:15:03Z,2026-05-06T15:38:46Z,2026-05-06T15:35:15Z,20837,True,asn1_codec,usdot-jpo-ode/asn1_codec,git@github.com:usdot-jpo-ode/asn1_codec.git,14
MDEwOlJlcG9zaXRvcnk5OTg4Nzk5NQ==,2017-08-10T06:14:37Z,2026-05-03T19:40:32Z,2026-05-03T19:40:28Z,881,False,SID,FigBug/SID,git@github.com:FigBug/SID.git,55
MDEwOlJlcG9zaXRvcnk5OTgxMDI4NQ==,2017-08-09T13:16:12Z,2026-05-07T01:40:57Z,2026-05-07T01:40:53Z,206,True,xdg-portal-test-kde,KDE/xdg-portal-test-kde,git@github.com:KDE/xdg-portal-test-kde.git,6
MDEwOlJlcG9zaXRvcnk5OTY2ODE2Ng==,2017-08-08T08:14:54Z,2026-05-04T03:41:30Z,2026-05-02T21:21:49Z,38050,True,Sapphire,SapphireServer/Sapphire,git@github.com:SapphireServer/Sapphire.git,804
MDEwOlJlcG9zaXRvcnk5OTU4OTk5MA==,2017-08-07T15:00:32Z,2026-05-03T19:40:37Z,2026-05-03T19:40:32Z,15852,False,SN76489,FigBug/SN76489,git@github.com:FigBug/SN76489.git,50
MDEwOlJlcG9zaXRvcnk5OTQ0NzU0Mg==,2017-08-05T20:59:59Z,2026-04-10T16:52:53Z,2026-04-10T16:52:48Z,501,False,math,godefv/math,git@github.com:godefv/math.git,30
MDEwOlJlcG9zaXRvcnk5OTQwMDExNw==,2017-08-05T04:54:33Z,2026-05-06T00:56:04Z,2026-05-06T00:56:00Z,169308,False,rom-properties,GerbilSoft/rom-properties,git@github.com:GerbilSoft/rom-properties.git,630
MDEwOlJlcG9zaXRvcnk5OTM3MzkzNg==,2017-08-04T19:30:31Z,2026-05-05T05:53:12Z,2026-05-06T13:45:18Z,431898,True,h5cpp,ess-dmsc/h5cpp,git@github.com:ess-dmsc/h5cpp.git,142
MDEwOlJlcG9zaXRvcnk5OTEzOTQxNw==,2017-08-02T16:37:40Z,2026-05-02T02:16:53Z,2026-05-06T20:26:27Z,411825,True,scrimmage,gtri/scrimmage,git@github.com:gtri/scrimmage.git,178
MDEwOlJlcG9zaXRvcnk5OTExNzYyNg==,2017-08-02T13:09:25Z,2026-05-06T10:03:34Z,2026-05-07T11:36:58Z,221603,True,mir,canonical/mir,git@github.com:canonical/mir.git,761
MDEwOlJlcG9zaXRvcnk5ODk4MDM0NA==,2017-08-01T08:50:48Z,2026-04-09T16:40:14Z,2026-04-09T16:40:13Z,490,True,sparse_dot_topn,ing-bank/sparse_dot_topn,git@github.com:ing-bank/sparse_dot_topn.git,422
MDEwOlJlcG9zaXRvcnk5ODkyNjg4Mw==,2017-07-31T20:26:54Z,2026-04-25T14:52:10Z,2026-05-04T22:33:27Z,97395,True,rocRAND,ROCm/rocRAND,git@github.com:ROCm/rocRAND.git,129
MDEwOlJlcG9zaXRvcnk5ODkyMDM4NA==,2017-07-31T19:02:25Z,2026-03-18T21:53:47Z,2026-03-18T21:53:43Z,400057,True,framework,ReFRACtor/framework,git@github.com:ReFRACtor/framework.git,11
MDEwOlJlcG9zaXRvcnk5ODg4NjIwNw==,2017-07-31T12:24:48Z,2026-05-06T16:43:08Z,2026-05-06T16:43:04Z,97816,False,spie-glasses,Jimmy-Hu/spie-glasses,git@github.com:Jimmy-Hu/spie-glasses.git,2
MDEwOlJlcG9zaXRvcnk5ODgzMTk2MQ==,2017-07-31T00:03:22Z,2026-05-06T05:17:41Z,2026-05-06T01:41:01Z,11265,False,bpmdetect,Tatsh/bpmdetect,git@github.com:Tatsh/bpmdetect.git,13
MDEwOlJlcG9zaXRvcnk5ODc2NDE2MQ==,2017-07-29T23:34:43Z,2026-04-21T09:22:17Z,2026-05-04T00:51:41Z,3909,False,rumur,Smattr/rumur,git@github.com:Smattr/rumur.git,23
MDEwOlJlcG9zaXRvcnk5ODY1NTg3NA==,2017-07-28T14:11:20Z,2026-05-05T13:01:36Z,2026-05-01T22:44:02Z,14491,False,pbrt-v4,mmp/pbrt-v4,git@github.com:mmp/pbrt-v4.git,3591
MDEwOlJlcG9zaXRvcnk5ODU1MDI1OQ==,2017-07-27T15:08:00Z,2026-04-29T16:36:54Z,2026-04-29T16:36:50Z,1827,True,ITKBoneMorphometry,InsightSoftwareConsortium/ITKBoneMorphometry,git@github.com:InsightSoftwareConsortium/ITKBoneMorphometry.git,7
MDEwOlJlcG9zaXRvcnk5ODUzMzQ5Ng==,2017-07-27T12:31:19Z,2026-04-16T17:18:47Z,2026-03-31T13:09:33Z,200,False,qute,fslivovsky/qute,git@github.com:fslivovsky/qute.git,16
MDEwOlJlcG9zaXRvcnk5ODUzMTU2MQ==,2017-07-27T12:11:00Z,2026-04-21T10:02:57Z,2026-04-21T10:02:52Z,9515,True,xwidgets,jupyter-xeus/xwidgets,git@github.com:jupyter-xeus/xwidgets.git,147
MDEwOlJlcG9zaXRvcnk5ODQxMzgwNw==,2017-07-26T11:05:54Z,2026-04-13T16:46:53Z,2026-04-13T16:46:49Z,9022,False,paq8pxd,kaitz/paq8pxd,git@github.com:kaitz/paq8pxd.git,81
MDEwOlJlcG9zaXRvcnk5ODM4MDI2MQ==,2017-07-26T04:41:00Z,2026-04-23T13:40:56Z,2026-04-23T13:41:12Z,43470,True,dtkwidget,linuxdeepin/dtkwidget,git@github.com:linuxdeepin/dtkwidget.git,217
MDEwOlJlcG9zaXRvcnk5ODM4MDI1Mg==,2017-07-26T04:40:49Z,2026-04-27T09:30:14Z,2026-04-27T09:30:07Z,3722,True,dtkcore,linuxdeepin/dtkcore,git@github.com:linuxdeepin/dtkcore.git,87
MDEwOlJlcG9zaXRvcnk5ODM0NzI3Mg==,2017-07-25T20:29:59Z,2026-04-09T20:18:46Z,2026-04-14T20:46:25Z,1960,True,CHAI,llnl/CHAI,git@github.com:llnl/CHAI.git,111
MDEwOlJlcG9zaXRvcnk5ODEwNDA1OQ==,2017-07-23T14:39:14Z,2026-05-01T13:16:04Z,2026-05-01T13:16:07Z,689,False,wfslib,koolkdev/wfslib,git@github.com:koolkdev/wfslib.git,54
MDEwOlJlcG9zaXRvcnk5ODA2ODQ3MQ==,2017-07-23T01:55:43Z,2026-04-30T00:24:54Z,2026-04-30T00:24:50Z,14364,True,mx-tweak,MX-Linux/mx-tweak,git@github.com:MX-Linux/mx-tweak.git,11
MDEwOlJlcG9zaXRvcnk5ODAzMTc2Nw==,2017-07-22T13:04:11Z,2026-05-03T19:40:28Z,2026-05-03T19:40:24Z,1200,False,RP2A03,FigBug/RP2A03,git@github.com:FigBug/RP2A03.git,33
MDEwOlJlcG9zaXRvcnk5Nzk2NjQzOQ==,2017-07-21T16:16:18Z,2026-05-07T08:18:22Z,2026-05-07T10:28:50Z,38749,False,qskinny,uwerat/qskinny,git@github.com:uwerat/qskinny.git,1652
MDEwOlJlcG9zaXRvcnk5Nzg2MzkxOA==,2017-07-20T17:58:15Z,2026-04-30T09:28:09Z,2026-04-30T09:44:14Z,2105,False,padthv1,rncbc/padthv1,git@github.com:rncbc/padthv1.git,20
MDEwOlJlcG9zaXRvcnk5NzgwNjEzNA==,2017-07-20T07:44:54Z,2026-04-16T19:55:55Z,2026-04-16T19:55:51Z,180,False,TradingBasics,kansoftware/TradingBasics,git@github.com:kansoftware/TradingBasics.git,1
MDEwOlJlcG9zaXRvcnk5NzcyMDc5Mg==,2017-07-19T13:42:08Z,2026-05-07T02:15:25Z,2026-05-03T21:04:56Z,28470,False,CppTrader,chronoxor/CppTrader,git@github.com:chronoxor/CppTrader.git,1022
MDEwOlJlcG9zaXRvcnk5NzY1NTMxMA==,2017-07-19T00:24:29Z,2026-05-05T12:48:43Z,2026-05-05T12:48:39Z,2209,False,mabain,chxdeng/mabain,git@github.com:chxdeng/mabain.git,48
MDEwOlJlcG9zaXRvcnk5NzU3NTcyOA==,2017-07-18T08:47:35Z,2026-05-07T07:54:36Z,2026-05-07T07:54:30Z,11943,True,netgen,NGSolve/netgen,git@github.com:NGSolve/netgen.git,377
MDEwOlJlcG9zaXRvcnk5NzU3NTcwMQ==,2017-07-18T08:47:19Z,2026-05-06T11:57:13Z,2026-05-06T11:57:08Z,66528,True,ngsolve,NGSolve/ngsolve,git@github.com:NGSolve/ngsolve.git,542
MDEwOlJlcG9zaXRvcnk5NzU1NjI2NQ==,2017-07-18T05:29:04Z,2026-05-07T09:15:21Z,2026-05-06T22:13:18Z,1698734,True,catboost,catboost/catboost,git@github.com:catboost/catboost.git,8931
MDEwOlJlcG9zaXRvcnk5NzQzMjY5NQ==,2017-07-17T03:44:38Z,2026-03-03T20:40:34Z,2026-03-01T12:24:34Z,2223,False,spectrum,orion-project/spectrum,git@github.com:orion-project/spectrum.git,7
MDEwOlJlcG9zaXRvcnk5NzIxOTYyOQ==,2017-07-14T09:55:50Z,2026-04-24T16:04:40Z,2026-04-24T16:04:36Z,26583,False,saiga,darglein/saiga,git@github.com:darglein/saiga.git,133
MDEwOlJlcG9zaXRvcnk5NzExOTM1OA==,2017-07-13T12:17:42Z,2026-04-25T09:14:50Z,2026-04-25T09:14:44Z,1356,False,hardbopengine,mooming/hardbopengine,git@github.com:mooming/hardbopengine.git,2
MDEwOlJlcG9zaXRvcnk5NjYzODM0MA==,2017-07-08T18:59:49Z,2026-05-03T22:39:48Z,2026-05-03T22:39:39Z,16771,False,mxlib,jaredmales/mxlib,git@github.com:jaredmales/mxlib.git,5
MDEwOlJlcG9zaXRvcnk5NjU1MjEyOA==,2017-07-07T15:31:53Z,2026-04-07T16:35:00Z,2026-04-07T16:34:56Z,1663,True,NeoVis,ogmacorp/NeoVis,git@github.com:ogmacorp/NeoVis.git,3
MDEwOlJlcG9zaXRvcnk5NjU0NTMwOQ==,2017-07-07T14:14:38Z,2026-05-07T08:02:40Z,2026-05-07T08:02:35Z,25456,True,reindexer,Restream/reindexer,git@github.com:Restream/reindexer.git,803
MDEwOlJlcG9zaXRvcnk5NjUwOTY2NA==,2017-07-07T07:04:51Z,2026-04-03T00:22:17Z,2026-04-10T02:39:30Z,75498,True,deepin-draw,linuxdeepin/deepin-draw,git@github.com:linuxdeepin/deepin-draw.git,32
MDEwOlJlcG9zaXRvcnk5NjQ2NjAwMA==,2017-07-06T19:41:03Z,2026-03-16T00:01:42Z,2026-03-16T00:01:38Z,1272,False,projeul,evilquinn/projeul,git@github.com:evilquinn/projeul.git,0
MDEwOlJlcG9zaXRvcnk5NjQzNTkzNQ==,2017-07-06T13:55:05Z,2026-04-27T13:54:46Z,2026-04-30T08:11:44Z,483,True,PUMGen,SeisSol/PUMGen,git@github.com:SeisSol/PUMGen.git,7
MDEwOlJlcG9zaXRvcnk5NjQzMTM4Ng==,2017-07-06T13:08:46Z,2026-05-07T10:11:34Z,2026-03-28T23:20:00Z,611,True,hnswlib,nmslib/hnswlib,git@github.com:nmslib/hnswlib.git,5208
MDEwOlJlcG9zaXRvcnk5NjM3Njk5OQ==,2017-07-06T01:50:57Z,2026-04-09T16:12:59Z,2026-05-06T18:58:52Z,353805,True,scorpio,E3SM-Project/scorpio,git@github.com:E3SM-Project/scorpio.git,22
MDEwOlJlcG9zaXRvcnk5NjM2NTY0Nw==,2017-07-05T22:18:25Z,2026-05-06T22:56:24Z,2026-05-06T22:44:31Z,236057,True,MaterialX,AcademySoftwareFoundation/MaterialX,git@github.com:AcademySoftwareFoundation/MaterialX.git,2164
MDEwOlJlcG9zaXRvcnk5NjM0NDI0Mg==,2017-07-05T17:24:49Z,2026-04-30T13:18:24Z,2026-04-30T13:18:05Z,1787,True,nest,NESTCollaboration/nest,git@github.com:NESTCollaboration/nest.git,31
MDEwOlJlcG9zaXRvcnk5NjI0NjE3MA==,2017-07-04T19:03:31Z,2026-05-07T09:55:02Z,2026-04-16T12:24:54Z,3392262,True,apollo,ApolloAuto/apollo,git@github.com:ApolloAuto/apollo.git,26594
MDEwOlJlcG9zaXRvcnk5NjIwNjM3Mg==,2017-07-04T10:30:40Z,2026-04-29T06:30:52Z,2026-04-29T06:30:58Z,2546,True,ShapesDemo,eProsima/ShapesDemo,git@github.com:eProsima/ShapesDemo.git,26
MDEwOlJlcG9zaXRvcnk5NjIwNDM2NQ==,2017-07-04T10:06:16Z,2026-05-06T07:45:35Z,2026-03-27T08:09:04Z,131935,True,gaden,MAPIRlab/gaden,git@github.com:MAPIRlab/gaden.git,86
MDEwOlJlcG9zaXRvcnk5NjAxNTk2NA==,2017-07-02T10:22:36Z,2026-05-06T20:04:25Z,2026-05-04T07:33:51Z,41524,False,qucs_s,ra3xdh/qucs_s,git@github.com:ra3xdh/qucs_s.git,1286
MDEwOlJlcG9zaXRvcnk5NTg5NTEzMQ==,2017-06-30T14:17:15Z,2026-04-22T13:57:16Z,2026-04-22T13:57:14Z,42,True,gui-orogen-vizkit3d_world,rock-gazebo/gui-orogen-vizkit3d_world,git@github.com:rock-gazebo/gui-orogen-vizkit3d_world.git,0
MDEwOlJlcG9zaXRvcnk5NTg5NTExNA==,2017-06-30T14:17:04Z,2026-03-11T17:44:48Z,2026-03-11T17:44:46Z,79,True,gui-vizkit3d_world,rock-gazebo/gui-vizkit3d_world,git@github.com:rock-gazebo/gui-vizkit3d_world.git,1
MDEwOlJlcG9zaXRvcnk5NTg4ODk1NQ==,2017-06-30T13:03:05Z,2026-05-07T11:37:36Z,2026-05-07T11:37:32Z,944812,True,ruqola,KDE/ruqola,git@github.com:KDE/ruqola.git,57
MDEwOlJlcG9zaXRvcnk5NTg4NTkwNA==,2017-06-30T12:21:21Z,2026-03-31T12:28:53Z,2026-04-21T13:11:52Z,44011,True,atmoswing,atmoswing/atmoswing,git@github.com:atmoswing/atmoswing.git,5
MDEwOlJlcG9zaXRvcnk5NTg3OTQyNg==,2017-06-30T10:55:37Z,2026-05-07T11:29:03Z,2026-05-07T11:28:58Z,33832,True,ncnn,Tencent/ncnn,git@github.com:Tencent/ncnn.git,23191
MDEwOlJlcG9zaXRvcnk5NTc5MTA5Mg==,2017-06-29T15:20:21Z,2026-05-06T00:47:36Z,2026-05-06T18:14:34Z,191058,True,SolTrace,NatLabRockies/SolTrace,git@github.com:NatLabRockies/SolTrace.git,57
MDEwOlJlcG9zaXRvcnk5NTc1MTAyOQ==,2017-06-29T07:33:06Z,2026-03-03T11:16:25Z,2026-03-03T11:19:23Z,294,True,irods-uu-microservices,UtrechtUniversity/irods-uu-microservices,git@github.com:UtrechtUniversity/irods-uu-microservices.git,2
MDEwOlJlcG9zaXRvcnk5NTcyMDQ2OA==,2017-06-28T23:39:47Z,2026-04-29T13:11:29Z,2026-04-27T21:03:22Z,8175,True,treelite,dmlc/treelite,git@github.com:dmlc/treelite.git,814
MDEwOlJlcG9zaXRvcnk5NTY0NzY1MA==,2017-06-28T08:37:17Z,2026-04-30T08:41:48Z,2026-04-30T08:41:44Z,99740,True,deepin-deb-installer,linuxdeepin/deepin-deb-installer,git@github.com:linuxdeepin/deepin-deb-installer.git,38
MDEwOlJlcG9zaXRvcnk5NTYxNDkzMQ==,2017-06-28T01:15:30Z,2026-05-07T07:31:56Z,2026-05-07T11:23:30Z,101580,True,manticoresearch,manticoresoftware/manticoresearch,git@github.com:manticoresoftware/manticoresearch.git,11777
MDEwOlJlcG9zaXRvcnk5NTU4ODI3OA==,2017-06-27T18:24:26Z,2026-04-11T01:55:58Z,2026-04-06T17:42:33Z,15707,True,Laghos,CEED/Laghos,git@github.com:CEED/Laghos.git,203
MDEwOlJlcG9zaXRvcnk5NTU4MTE4Nw==,2017-06-27T16:55:57Z,2026-04-10T15:48:28Z,2026-04-10T15:50:56Z,357,False,toolbox,edwardstock/toolbox,git@github.com:edwardstock/toolbox.git,0
MDEwOlJlcG9zaXRvcnk5NTUyOTE4Nw==,2017-06-27T07:17:08Z,2026-05-03T18:46:50Z,2026-03-01T11:25:24Z,32716,False,rezonator2,orion-project/rezonator2,git@github.com:orion-project/rezonator2.git,78
MDEwOlJlcG9zaXRvcnk5NTQzNjk4MA==,2017-06-26T10:49:07Z,2026-04-01T08:10:08Z,2026-05-07T10:59:58Z,154417,False,cgv,sgumhold/cgv,git@github.com:sgumhold/cgv.git,15
MDEwOlJlcG9zaXRvcnk5NTIzOTQxNg==,2017-06-23T16:56:44Z,2026-04-15T19:37:48Z,2026-04-15T19:37:43Z,1736,True,MIPP,aff3ct/MIPP,git@github.com:aff3ct/MIPP.git,522
MDEwOlJlcG9zaXRvcnk5NTE3NzA2NQ==,2017-06-23T02:50:40Z,2026-05-06T21:29:11Z,2026-05-05T21:39:01Z,260428,True,Ishiiruka,project-slippi/Ishiiruka,git@github.com:project-slippi/Ishiiruka.git,367
MDEwOlJlcG9zaXRvcnk5NTE3NTkxOQ==,2017-06-23T02:34:21Z,2026-04-30T14:52:08Z,2026-04-30T14:46:33Z,8232,False,zg_choir,jfriesne/zg_choir,git@github.com:jfriesne/zg_choir.git,5
MDEwOlJlcG9zaXRvcnk5NTE1ODgzMA==,2017-06-22T21:41:07Z,2026-04-21T07:58:19Z,2026-04-21T08:19:11Z,83669,True,ACEtk,njoy/ACEtk,git@github.com:njoy/ACEtk.git,32
MDEwOlJlcG9zaXRvcnk5NTExNDcyMw==,2017-06-22T12:45:27Z,2026-05-07T04:47:10Z,2026-05-06T23:58:40Z,444830,True,fprime,nasa/fprime,git@github.com:nasa/fprime.git,10921
MDEwOlJlcG9zaXRvcnk5NTA5OTgzNg==,2017-06-22T09:40:52Z,2026-05-07T04:12:17Z,2026-05-03T15:17:50Z,156176,True,Mailspring-Sync,Foundry376/Mailspring-Sync,git@github.com:Foundry376/Mailspring-Sync.git,162
MDEwOlJlcG9zaXRvcnk5NDk4MzMzOA==,2017-06-21T08:49:31Z,2026-04-05T17:13:40Z,2026-04-05T17:13:36Z,394002,False,ColumbusEngine,ColumbusUtrigas/ColumbusEngine,git@github.com:ColumbusUtrigas/ColumbusEngine.git,52
MDEwOlJlcG9zaXRvcnk5NDg3NTYzNg==,2017-06-20T09:46:40Z,2026-04-08T12:00:45Z,2026-05-06T20:11:02Z,15143,False,InnocenceEngine,zhangdoa/InnocenceEngine,git@github.com:zhangdoa/InnocenceEngine.git,195
MDEwOlJlcG9zaXRvcnk5NDg3MTkyOQ==,2017-06-20T09:09:22Z,2026-05-07T08:26:37Z,2026-03-28T14:00:19Z,4019,False,DicomToMesh,eidelen/DicomToMesh,git@github.com:eidelen/DicomToMesh.git,517
MDEwOlJlcG9zaXRvcnk5NDcwNTc2OQ==,2017-06-18T18:35:16Z,2026-04-28T09:47:43Z,2026-04-28T09:47:58Z,8207,False,jled,jandelgado/jled,git@github.com:jandelgado/jled.git,346
MDEwOlJlcG9zaXRvcnk5NDUyNDEyMw==,2017-06-16T08:41:36Z,2026-05-06T08:40:14Z,2026-05-06T08:40:05Z,12815,False,FERS,stpaine/FERS,git@github.com:stpaine/FERS.git,32
MDEwOlJlcG9zaXRvcnk5NDM2NTY1Mw==,2017-06-14T19:25:05Z,2026-04-26T14:43:23Z,2026-05-06T13:32:42Z,81205,True,VAPOR,NCAR/VAPOR,git@github.com:NCAR/VAPOR.git,206
MDEwOlJlcG9zaXRvcnk5NDI0NTgwMA==,2017-06-13T18:40:17Z,2026-05-01T17:08:17Z,2026-05-06T22:57:09Z,1498100,True,ssc,NatLabRockies/ssc,git@github.com:NatLabRockies/ssc.git,92
MDEwOlJlcG9zaXRvcnk5NDA5MjM4Ng==,2017-06-12T12:13:54Z,2026-04-27T01:04:57Z,2026-04-27T01:04:51Z,1373,True,common,fastogt/common,git@github.com:fastogt/common.git,4
MDEwOlJlcG9zaXRvcnk5NDAyOTM3Mw==,2017-06-11T20:15:46Z,2026-05-06T05:10:54Z,2026-05-04T03:53:49Z,29581,False,PokeFinder,Admiral-Fish/PokeFinder,git@github.com:Admiral-Fish/PokeFinder.git,434
MDEwOlJlcG9zaXRvcnk5Mzg4Mjg5Nw==,2017-06-09T17:42:49Z,2026-05-07T11:06:50Z,2026-05-07T11:06:46Z,166834,True,slang,shader-slang/slang,git@github.com:shader-slang/slang.git,5273
MDEwOlJlcG9zaXRvcnk5Mzc4NjI5Ng==,2017-06-08T19:51:06Z,2026-04-29T14:34:38Z,2026-04-29T14:29:19Z,26467,True,multi-half-bridge,Infineon/multi-half-bridge,git@github.com:Infineon/multi-half-bridge.git,7
MDEwOlJlcG9zaXRvcnk5Mzc3Mzc2Ng==,2017-06-08T17:12:31Z,2026-04-24T11:06:10Z,2026-04-16T00:42:20Z,10028,False,STRUMPACK,pghysels/STRUMPACK,git@github.com:pghysels/STRUMPACK.git,193
MDEwOlJlcG9zaXRvcnk5MzcyNjY1MA==,2017-06-08T08:40:49Z,2026-03-31T06:18:00Z,2026-03-31T06:17:56Z,45,True,windowExProgress,wamsoft/windowExProgress,git@github.com:wamsoft/windowExProgress.git,0
MDEwOlJlcG9zaXRvcnk5MzcyNjYzNQ==,2017-06-08T08:40:41Z,2026-03-31T06:17:59Z,2026-03-31T06:17:55Z,135,True,windowEx,wamsoft/windowEx,git@github.com:wamsoft/windowEx.git,2
MDEwOlJlcG9zaXRvcnk5MzcyNjYyMw==,2017-06-08T08:40:34Z,2026-03-31T06:17:57Z,2026-03-31T06:17:53Z,76,True,win32ole,wamsoft/win32ole,git@github.com:wamsoft/win32ole.git,0
MDEwOlJlcG9zaXRvcnk5MzcyNjYxMA==,2017-06-08T08:40:26Z,2026-03-31T06:17:56Z,2026-03-31T06:17:50Z,136,True,win32dialog,wamsoft/win32dialog,git@github.com:wamsoft/win32dialog.git,0
MDEwOlJlcG9zaXRvcnk5MzcyNjYwMA==,2017-06-08T08:40:19Z,2026-03-31T06:17:41Z,2026-03-31T06:17:37Z,14,True,varfile,wamsoft/varfile,git@github.com:wamsoft/varfile.git,0
MDEwOlJlcG9zaXRvcnk5MzcyNjU4OA==,2017-06-08T08:40:12Z,2026-03-31T06:17:37Z,2026-03-31T06:17:33Z,49,True,tftSave,wamsoft/tftSave,git@github.com:wamsoft/tftSave.git,0
MDEwOlJlcG9zaXRvcnk5MzcyNjU4MA==,2017-06-08T08:40:05Z,2026-04-07T12:43:37Z,2026-04-07T12:43:32Z,19,True,systemEx,wamsoft/systemEx,git@github.com:wamsoft/systemEx.git,0
MDEwOlJlcG9zaXRvcnk5MzcyNjU2NQ==,2017-06-08T08:39:57Z,2026-04-28T12:27:29Z,2026-04-28T12:27:24Z,34,True,steam,wamsoft/steam,git@github.com:wamsoft/steam.git,1
MDEwOlJlcG9zaXRvcnk5MzcyNjU1NA==,2017-06-08T08:39:50Z,2026-04-07T12:41:30Z,2026-04-07T12:41:24Z,17,True,stdio,wamsoft/stdio,git@github.com:wamsoft/stdio.git,0
MDEwOlJlcG9zaXRvcnk5MzcyNjUzNQ==,2017-06-08T08:39:43Z,2026-04-26T12:06:07Z,2026-04-26T12:06:03Z,37,True,sigcheck,wamsoft/sigcheck,git@github.com:wamsoft/sigcheck.git,2
MDEwOlJlcG9zaXRvcnk5MzcyNjUyOA==,2017-06-08T08:39:36Z,2026-03-31T06:17:22Z,2026-03-31T06:17:18Z,16,True,shrinkCopy,wamsoft/shrinkCopy,git@github.com:wamsoft/shrinkCopy.git,0
MDEwOlJlcG9zaXRvcnk5MzcyNjUxNQ==,2017-06-08T08:39:29Z,2026-03-31T06:17:20Z,2026-03-31T06:17:17Z,33,True,shellExecute,wamsoft/shellExecute,git@github.com:wamsoft/shellExecute.git,3
MDEwOlJlcG9zaXRvcnk5MzcyNjUwNg==,2017-06-08T08:39:22Z,2026-04-04T03:01:09Z,2026-04-04T03:01:04Z,30,True,scriptsEx,wamsoft/scriptsEx,git@github.com:wamsoft/scriptsEx.git,0
MDEwOlJlcG9zaXRvcnk5MzcyNjQ5NQ==,2017-06-08T08:39:15Z,2026-04-12T14:43:33Z,2026-04-12T14:43:30Z,24,True,saveStruct,wamsoft/saveStruct,git@github.com:wamsoft/saveStruct.git,0
MDEwOlJlcG9zaXRvcnk5MzcyNjQ3OQ==,2017-06-08T08:39:08Z,2026-03-31T06:17:15Z,2026-03-31T06:17:11Z,52,True,resourceRW,wamsoft/resourceRW,git@github.com:wamsoft/resourceRW.git,0
MDEwOlJlcG9zaXRvcnk5MzcyNjQ1OA==,2017-06-08T08:39:00Z,2026-04-26T12:37:08Z,2026-04-26T12:37:04Z,132,True,psdfile,wamsoft/psdfile,git@github.com:wamsoft/psdfile.git,4
MDEwOlJlcG9zaXRvcnk5MzcyNjQ0OA==,2017-06-08T08:38:53Z,2026-04-28T12:27:12Z,2026-04-28T12:27:08Z,22,True,process,wamsoft/process,git@github.com:wamsoft/process.git,0
MDEwOlJlcG9zaXRvcnk5MzcyNjQxNw==,2017-06-08T08:38:39Z,2026-03-31T06:17:09Z,2026-03-31T06:17:05Z,17,True,msgreceiver,wamsoft/msgreceiver,git@github.com:wamsoft/msgreceiver.git,0
MDEwOlJlcG9zaXRvcnk5MzcyNjQwNA==,2017-06-08T08:38:32Z,2026-05-02T15:06:23Z,2026-05-02T15:06:19Z,44,True,minizip,wamsoft/minizip,git@github.com:wamsoft/minizip.git,2
MDEwOlJlcG9zaXRvcnk5MzcyNjM5Mg==,2017-06-08T08:38:25Z,2026-03-31T06:17:05Z,2026-03-31T06:17:01Z,28,True,messenger,wamsoft/messenger,git@github.com:wamsoft/messenger.git,0
MDEwOlJlcG9zaXRvcnk5MzcyNjM4MQ==,2017-06-08T08:38:18Z,2026-04-04T03:00:19Z,2026-04-04T03:00:15Z,25,True,memfile,wamsoft/memfile,git@github.com:wamsoft/memfile.git,0
MDEwOlJlcG9zaXRvcnk5MzcyNjM2NQ==,2017-06-08T08:38:11Z,2026-03-31T08:26:25Z,2026-03-31T08:26:21Z,33,True,lineParser,wamsoft/lineParser,git@github.com:wamsoft/lineParser.git,0
MDEwOlJlcG9zaXRvcnk5MzcyNjM1Ng==,2017-06-08T08:38:04Z,2026-03-31T06:16:58Z,2026-03-31T06:16:54Z,142,True,layerExSave,wamsoft/layerExSave,git@github.com:wamsoft/layerExSave.git,1
MDEwOlJlcG9zaXRvcnk5MzcyNjM0Ng==,2017-06-08T08:37:57Z,2026-03-31T08:15:00Z,2026-03-31T08:14:56Z,10,True,layerExRaster,wamsoft/layerExRaster,git@github.com:wamsoft/layerExRaster.git,0
MDEwOlJlcG9zaXRvcnk5MzcyNjMzMQ==,2017-06-08T08:37:50Z,2026-03-31T08:14:58Z,2026-03-31T08:14:55Z,12,True,layerExLongExposure,wamsoft/layerExLongExposure,git@github.com:wamsoft/layerExLongExposure.git,0
MDEwOlJlcG9zaXRvcnk5MzcyNjMxOQ==,2017-06-08T08:37:43Z,2026-04-08T03:16:54Z,2026-03-31T08:14:54Z,20,True,layerExImage,wamsoft/layerExImage,git@github.com:wamsoft/layerExImage.git,1
MDEwOlJlcG9zaXRvcnk5MzcyNjI5OQ==,2017-06-08T08:37:36Z,2026-04-25T16:50:52Z,2026-04-25T16:50:48Z,110,True,layerExDraw,wamsoft/layerExDraw,git@github.com:wamsoft/layerExDraw.git,2
MDEwOlJlcG9zaXRvcnk5MzcyNjI4MA==,2017-06-08T08:37:28Z,2026-04-07T12:42:21Z,2026-04-07T12:42:14Z,31,True,layerExBTOA,wamsoft/layerExBTOA,git@github.com:wamsoft/layerExBTOA.git,1
MDEwOlJlcG9zaXRvcnk5MzcyNjI3MA==,2017-06-08T08:37:22Z,2026-03-31T08:14:43Z,2026-03-31T08:14:39Z,13,True,layerExAreaAverage,wamsoft/layerExAreaAverage,git@github.com:wamsoft/layerExAreaAverage.git,0
MDEwOlJlcG9zaXRvcnk5MzcyNjI1NQ==,2017-06-08T08:37:08Z,2026-04-04T02:57:54Z,2026-04-04T02:57:49Z,77,True,json,wamsoft/json,git@github.com:wamsoft/json.git,0
MDEwOlJlcG9zaXRvcnk5MzcyNjIzOQ==,2017-06-08T08:37:01Z,2026-03-31T06:16:43Z,2026-03-31T06:16:39Z,26,True,httpserv,wamsoft/httpserv,git@github.com:wamsoft/httpserv.git,0
MDEwOlJlcG9zaXRvcnk5MzcyNjIyMw==,2017-06-08T08:36:52Z,2026-04-25T16:50:12Z,2026-04-25T16:50:08Z,49,True,httprequest,wamsoft/httprequest,git@github.com:wamsoft/httprequest.git,0
MDEwOlJlcG9zaXRvcnk5MzcyNjIwOA==,2017-06-08T08:36:39Z,2026-03-31T08:14:39Z,2026-03-31T08:14:36Z,16,True,getSample,wamsoft/getSample,git@github.com:wamsoft/getSample.git,0
MDEwOlJlcG9zaXRvcnk5MzcyNjE5MQ==,2017-06-08T08:36:31Z,2026-03-31T06:16:36Z,2026-03-31T06:16:32Z,49,True,fstat,wamsoft/fstat,git@github.com:wamsoft/fstat.git,1
MDEwOlJlcG9zaXRvcnk5MzcyNjA2Ng==,2017-06-08T08:35:00Z,2026-03-31T06:16:33Z,2026-03-31T06:16:30Z,11,True,fpslimit,wamsoft/fpslimit,git@github.com:wamsoft/fpslimit.git,0
MDEwOlJlcG9zaXRvcnk5MzcyMDQ0Ng==,2017-06-08T07:33:35Z,2026-04-09T01:56:40Z,2026-04-09T01:56:35Z,33,True,binaryStream,wamsoft/binaryStream,git@github.com:wamsoft/binaryStream.git,0
MDEwOlJlcG9zaXRvcnk5MzcxOTk4Nw==,2017-06-08T07:28:30Z,2026-04-11T15:52:06Z,2026-03-31T08:26:17Z,57,True,KAGParserEx,wamsoft/KAGParserEx,git@github.com:wamsoft/KAGParserEx.git,6
MDEwOlJlcG9zaXRvcnk5MzU3NDM0MQ==,2017-06-07T00:15:22Z,2026-04-22T12:16:41Z,2026-03-30T23:47:24Z,3069,False,Qt-AES,bricke/Qt-AES,git@github.com:bricke/Qt-AES.git,561
MDEwOlJlcG9zaXRvcnk5MzU1NTM0NQ==,2017-06-06T19:22:57Z,2026-05-04T13:35:57Z,2026-05-04T13:35:50Z,141645,False,Shoot,Niblitlvl50/Shoot,git@github.com:Niblitlvl50/Shoot.git,3
MDEwOlJlcG9zaXRvcnk5MzUzNjk3OQ==,2017-06-06T15:57:13Z,2026-05-05T14:47:22Z,2026-04-13T17:35:56Z,122008,False,Parselmouth,YannickJadoul/Parselmouth,git@github.com:YannickJadoul/Parselmouth.git,1254
MDEwOlJlcG9zaXRvcnk5MzMzNDg5Nw==,2017-06-04T18:56:38Z,2026-04-28T11:36:46Z,2026-04-28T11:36:41Z,366,True,Homegear-CCU,Homegear/Homegear-CCU,git@github.com:Homegear/Homegear-CCU.git,2
MDEwOlJlcG9zaXRvcnk5MzA4MDUxNQ==,2017-06-01T17:03:19Z,2026-03-12T07:48:25Z,2026-04-27T18:28:26Z,53935,True,HELICS,GMLC-TDC/HELICS,git@github.com:GMLC-TDC/HELICS.git,162
MDEwOlJlcG9zaXRvcnk5MzAzMTI4OQ==,2017-06-01T07:52:07Z,2026-05-06T17:41:24Z,2026-05-06T17:41:20Z,1210,False,castelo-de-viana,TheFakeMontyOnTheRun/castelo-de-viana,git@github.com:TheFakeMontyOnTheRun/castelo-de-viana.git,18
MDEwOlJlcG9zaXRvcnk5MjkwMTEzNg==,2017-05-31T03:38:33Z,2026-05-05T09:07:50Z,2026-03-20T04:58:32Z,1015707,True,etterna,etternagame/etterna,git@github.com:etternagame/etterna.git,612
MDEwOlJlcG9zaXRvcnk5Mjg2MDAwMQ==,2017-05-30T17:44:18Z,2026-04-24T09:47:07Z,2026-03-25T17:00:19Z,5397,True,HPCombi,libsemigroups/HPCombi,git@github.com:libsemigroups/HPCombi.git,21
MDEwOlJlcG9zaXRvcnk5MjcyMTEyMQ==,2017-05-29T08:31:15Z,2026-05-02T04:30:33Z,2026-04-12T15:48:59Z,3183,True,polatory,polatory/polatory,git@github.com:polatory/polatory.git,188
MDEwOlJlcG9zaXRvcnk5MjYyMDIwNw==,2017-05-27T19:41:47Z,2026-05-06T16:39:06Z,2026-05-06T16:39:37Z,74754,True,theoretica,chaotic-society/theoretica,git@github.com:chaotic-society/theoretica.git,28
MDEwOlJlcG9zaXRvcnk5MjQ0ODExNQ==,2017-05-25T22:02:58Z,2026-04-23T20:50:11Z,2026-04-23T20:50:08Z,81361,False,EagleGUI,EdgarReynaldo/EagleGUI,git@github.com:EdgarReynaldo/EagleGUI.git,17
MDEwOlJlcG9zaXRvcnk5MjI1NTQ1Ng==,2017-05-24T05:59:28Z,2026-05-04T05:42:38Z,2026-05-03T20:37:00Z,23435,False,tinygltf,syoyo/tinygltf,git@github.com:syoyo/tinygltf.git,2451
MDEwOlJlcG9zaXRvcnk5MjIwMzU0Nw==,2017-05-23T17:59:07Z,2026-04-29T01:41:07Z,2026-04-29T01:41:04Z,35786,True,WasmVM,WasmVM/WasmVM,git@github.com:WasmVM/WasmVM.git,226
MDEwOlJlcG9zaXRvcnk5MjE5MDk1MQ==,2017-05-23T15:43:58Z,2026-05-06T09:43:33Z,2026-05-06T09:43:29Z,29503,True,MEGAchat,meganz/MEGAchat,git@github.com:meganz/MEGAchat.git,123
MDEwOlJlcG9zaXRvcnk5MjExNDc3NA==,2017-05-23T01:21:38Z,2026-04-08T14:03:31Z,2026-04-08T14:03:22Z,221,False,scm,jg-you/scm,git@github.com:jg-you/scm.git,10
MDEwOlJlcG9zaXRvcnk5MjAyODMwMw==,2017-05-22T08:09:44Z,2026-05-02T17:02:37Z,2026-04-20T21:27:53Z,632,False,frozen,serge-sans-paille/frozen,git@github.com:serge-sans-paille/frozen.git,1541
MDEwOlJlcG9zaXRvcnk5MTkxMTU0NA==,2017-05-20T19:27:50Z,2026-04-25T12:07:13Z,2026-04-25T12:07:11Z,283,False,base91x,babenek/base91x,git@github.com:babenek/base91x.git,8
MDEwOlJlcG9zaXRvcnk5MTg0OTk5Mg==,2017-05-19T22:28:43Z,2026-05-01T17:54:56Z,2026-05-01T17:54:52Z,177,True,CayenneLPP,ElectronicCats/CayenneLPP,git@github.com:ElectronicCats/CayenneLPP.git,122
MDEwOlJlcG9zaXRvcnk5MTgxOTY3OA==,2017-05-19T15:26:33Z,2026-05-07T07:54:44Z,2026-04-12T05:16:28Z,16009,False,rapidcsv,d99kris/rapidcsv,git@github.com:d99kris/rapidcsv.git,1054
MDEwOlJlcG9zaXRvcnk5MTgxNTQ4NQ==,2017-05-19T14:41:26Z,2026-05-02T01:16:55Z,2026-04-12T05:30:49Z,63046,False,RosettaStone,utilForever/RosettaStone,git@github.com:utilForever/RosettaStone.git,666
MDEwOlJlcG9zaXRvcnk5MTc5Nzc0OQ==,2017-05-19T11:05:11Z,2026-05-05T14:50:54Z,2026-04-29T07:58:10Z,41303,True,AusweisApp,Governikus/AusweisApp,git@github.com:Governikus/AusweisApp.git,716
MDEwOlJlcG9zaXRvcnk5MTc1NzM2Ng==,2017-05-19T02:32:43Z,2026-04-30T19:52:36Z,2026-04-30T19:52:31Z,4940,True,ITKIOScanco,InsightSoftwareConsortium/ITKIOScanco,git@github.com:InsightSoftwareConsortium/ITKIOScanco.git,13
MDEwOlJlcG9zaXRvcnk5MTcwNDMxNg==,2017-05-18T14:38:48Z,2026-04-28T11:36:30Z,2026-04-28T11:36:27Z,3152,True,homegear-nodes-core,Homegear/homegear-nodes-core,git@github.com:Homegear/homegear-nodes-core.git,4
MDEwOlJlcG9zaXRvcnk5MTY5OTkzNw==,2017-05-18T13:57:34Z,2026-04-10T10:57:42Z,2026-04-10T10:57:38Z,90339,False,maffilter,jydu/maffilter,git@github.com:jydu/maffilter.git,19
MDEwOlJlcG9zaXRvcnk5MTY2ODY3Ng==,2017-05-18T08:30:22Z,2026-05-07T07:34:21Z,2026-05-07T07:34:17Z,1866,True,phpx,swoole/phpx,git@github.com:swoole/phpx.git,854
MDEwOlJlcG9zaXRvcnk5MTU4Njk0NA==,2017-05-17T14:41:22Z,2026-05-05T15:23:52Z,2026-05-05T15:23:49Z,96675,True,elastix,SuperElastix/elastix,git@github.com:SuperElastix/elastix.git,574
MDEwOlJlcG9zaXRvcnk5MTU2MzQzNg==,2017-05-17T10:18:18Z,2026-04-30T21:42:38Z,2026-04-30T21:42:33Z,12868,False,ngsxfem,ngsxfem/ngsxfem,git@github.com:ngsxfem/ngsxfem.git,94
MDEwOlJlcG9zaXRvcnk5MTUwMTE4Mw==,2017-05-16T20:25:15Z,2026-05-04T17:23:40Z,2026-05-04T22:32:31Z,4039,True,hipDNN,ROCm/hipDNN,git@github.com:ROCm/hipDNN.git,57
MDEwOlJlcG9zaXRvcnk5MTQ5MjA1MA==,2017-05-16T18:37:22Z,2026-05-06T18:57:48Z,2026-05-06T18:57:45Z,3449,True,kdl_parser,ros/kdl_parser,git@github.com:ros/kdl_parser.git,84
MDEwOlJlcG9zaXRvcnk5MTQ3ODAzOQ==,2017-05-16T16:04:47Z,2026-03-10T16:35:37Z,2026-03-10T16:35:38Z,236,True,maeparser,schrodinger/maeparser,git@github.com:schrodinger/maeparser.git,28
MDEwOlJlcG9zaXRvcnk5MTQ0NzU2Mg==,2017-05-16T10:49:39Z,2026-05-06T15:35:33Z,2026-05-07T08:51:09Z,142567,True,kv_engine,couchbase/kv_engine,git@github.com:couchbase/kv_engine.git,147
MDEwOlJlcG9zaXRvcnk5MTMzODk0Mw==,2017-05-15T13:06:40Z,2026-05-05T16:31:01Z,2026-05-05T16:30:38Z,37443,True,OpenCL-CTS,KhronosGroup/OpenCL-CTS,git@github.com:KhronosGroup/OpenCL-CTS.git,225
MDEwOlJlcG9zaXRvcnk5MTMxODU3Nw==,2017-05-15T09:17:44Z,2026-03-09T12:45:55Z,2026-03-09T12:45:50Z,431,False,RobotGame,KimBP/RobotGame,git@github.com:KimBP/RobotGame.git,1
MDEwOlJlcG9zaXRvcnk5MTI0MTY2OA==,2017-05-14T12:24:14Z,2026-05-05T09:55:13Z,2026-05-05T09:57:21Z,10541,False,OscProb,joaoabcoelho/OscProb,git@github.com:joaoabcoelho/OscProb.git,13
MDEwOlJlcG9zaXRvcnk5MTEzMjc5Mw==,2017-05-12T22:03:54Z,2026-03-25T20:09:08Z,2026-03-17T15:40:38Z,375,True,fcitx5-gtk,fcitx/fcitx5-gtk,git@github.com:fcitx/fcitx5-gtk.git,37
MDEwOlJlcG9zaXRvcnk5MTAzOTUwOA==,2017-05-12T01:46:29Z,2026-04-28T08:34:39Z,2026-05-07T00:11:42Z,54776,False,b2,tom-seddon/b2,git@github.com:tom-seddon/b2.git,134
MDEwOlJlcG9zaXRvcnk5MDk4NjEyOA==,2017-05-11T14:04:57Z,2026-04-06T07:17:11Z,2026-04-06T07:17:03Z,4,False,treecpp,EugenyB/treecpp,git@github.com:EugenyB/treecpp.git,0
MDEwOlJlcG9zaXRvcnk5MDk3MjIyNA==,2017-05-11T11:34:53Z,2026-04-20T22:01:20Z,2026-04-20T22:01:16Z,69425,True,nuisance,NUISANCEMC/nuisance,git@github.com:NUISANCEMC/nuisance.git,17
MDEwOlJlcG9zaXRvcnk5MDkwMjEzMg==,2017-05-10T19:44:51Z,2026-05-07T07:02:59Z,2026-05-03T11:36:10Z,27285,True,flameshot,flameshot-org/flameshot,git@github.com:flameshot-org/flameshot.git,29850
MDEwOlJlcG9zaXRvcnk5MDg4NTgyMA==,2017-05-10T16:31:06Z,2026-05-06T17:39:18Z,2026-05-07T09:33:27Z,31074,True,ot-br-posix,openthread/ot-br-posix,git@github.com:openthread/ot-br-posix.git,520
MDEwOlJlcG9zaXRvcnk5MDUxNDI2MQ==,2017-05-07T06:49:10Z,2026-05-06T13:13:09Z,2026-05-06T13:13:01Z,43995,False,RisohEditor,katahiromz/RisohEditor,git@github.com:katahiromz/RisohEditor.git,483
MDEwOlJlcG9zaXRvcnk5MDM3Njg5MA==,2017-05-05T13:10:42Z,2026-05-07T06:23:07Z,2026-04-30T12:35:19Z,25200,True,openPMD-api,openPMD/openPMD-api,git@github.com:openPMD/openPMD-api.git,155
MDEwOlJlcG9zaXRvcnk5MDI3Mzc4NQ==,2017-05-04T14:36:22Z,2026-05-05T16:09:33Z,2026-05-05T16:11:30Z,2719,False,pvr.teleboy,rbuehlma/pvr.teleboy,git@github.com:rbuehlma/pvr.teleboy.git,14
MDEwOlJlcG9zaXRvcnk5MDI1Njk5Mg==,2017-05-04T11:46:20Z,2026-04-07T13:13:46Z,2026-04-07T13:16:03Z,64716,True,Falaise,SuperNEMO-DBD/Falaise,git@github.com:SuperNEMO-DBD/Falaise.git,5
MDEwOlJlcG9zaXRvcnk5MDI0NzAwMQ==,2017-05-04T09:44:02Z,2026-05-05T13:20:01Z,2026-05-05T13:18:02Z,6551,True,plasma-browser-integration,KDE/plasma-browser-integration,git@github.com:KDE/plasma-browser-integration.git,140
MDEwOlJlcG9zaXRvcnk4OTk1OTA1NQ==,2017-05-01T20:13:06Z,2026-05-06T00:10:15Z,2026-05-06T00:10:12Z,143913,True,universal,stillwater-sc/universal,git@github.com:stillwater-sc/universal.git,494
MDEwOlJlcG9zaXRvcnk4OTk1ODE2Nw==,2017-05-01T20:01:44Z,2026-05-01T22:17:46Z,2026-05-01T22:25:33Z,14869,True,spt3g_software,CMB-S4/spt3g_software,git@github.com:CMB-S4/spt3g_software.git,12
MDEwOlJlcG9zaXRvcnk4OTkzMzU3NA==,2017-05-01T14:59:13Z,2026-04-16T14:01:55Z,2026-04-23T07:03:07Z,2257,True,countly-sdk-cpp,Countly/countly-sdk-cpp,git@github.com:Countly/countly-sdk-cpp.git,34
MDEwOlJlcG9zaXRvcnk4OTkxMzY1NQ==,2017-05-01T09:58:15Z,2026-05-07T09:13:44Z,2026-05-07T09:13:39Z,314001,True,bitcoin-abc,Bitcoin-ABC/bitcoin-abc,git@github.com:Bitcoin-ABC/bitcoin-abc.git,1290
MDEwOlJlcG9zaXRvcnk4OTg2MDQwMw==,2017-04-30T15:50:59Z,2026-05-03T10:05:04Z,2026-04-26T18:49:54Z,331259,False,pegasus-frontend,mmatyas/pegasus-frontend,git@github.com:mmatyas/pegasus-frontend.git,1782
MDEwOlJlcG9zaXRvcnk4OTc3OTA3Ng==,2017-04-29T10:39:14Z,2026-04-30T19:07:42Z,2026-04-30T10:36:17Z,2443,True,OpenImageViewer,OpenImageViewer/OpenImageViewer,git@github.com:OpenImageViewer/OpenImageViewer.git,35
MDEwOlJlcG9zaXRvcnk4OTczODk1Mw==,2017-04-28T19:37:00Z,2026-05-07T04:27:26Z,2026-05-06T18:48:41Z,61345,True,amrex,AMReX-Codes/amrex,git@github.com:AMReX-Codes/amrex.git,742
MDEwOlJlcG9zaXRvcnk4OTYzMDY5MQ==,2017-04-27T18:58:03Z,2026-05-05T18:05:30Z,2026-05-05T18:05:25Z,190812,False,DICOMautomaton,hdclark/DICOMautomaton,git@github.com:hdclark/DICOMautomaton.git,87
MDEwOlJlcG9zaXRvcnk4OTYyMzAzMQ==,2017-04-27T17:25:13Z,2026-05-06T11:01:00Z,2026-05-06T11:18:49Z,134803,True,exiv2,Exiv2/exiv2,git@github.com:Exiv2/exiv2.git,1127
MDEwOlJlcG9zaXRvcnk4OTU0NTM0Mg==,2017-04-27T02:09:32Z,2026-05-04T13:09:31Z,2026-05-04T13:09:27Z,66524,False,MGLEngine,alcoforado/MGLEngine,git@github.com:alcoforado/MGLEngine.git,0
MDEwOlJlcG9zaXRvcnk4OTQ3OTcwMg==,2017-04-26T12:45:27Z,2026-04-22T08:28:18Z,2026-03-31T20:02:02Z,1929,False,Min-Cost-Flow-Class,frangio68/Min-Cost-Flow-Class,git@github.com:frangio68/Min-Cost-Flow-Class.git,61
MDEwOlJlcG9zaXRvcnk4OTI4OTQ2MA==,2017-04-24T21:36:35Z,2026-05-07T08:02:53Z,2026-05-07T08:02:48Z,2101,True,mainui_cpp,FWGS/mainui_cpp,git@github.com:FWGS/mainui_cpp.git,51
MDEwOlJlcG9zaXRvcnk4OTI4OTA5Ng==,2017-04-24T21:31:54Z,2026-05-04T07:24:13Z,2026-05-07T09:14:52Z,2799,True,isoimagewriter,KDE/isoimagewriter,git@github.com:KDE/isoimagewriter.git,34
MDEwOlJlcG9zaXRvcnk4OTI3MjgwMw==,2017-04-24T18:18:04Z,2026-04-28T16:38:00Z,2026-04-28T16:33:24Z,305,True,rqt_image_view,ros-visualization/rqt_image_view,git@github.com:ros-visualization/rqt_image_view.git,28
MDEwOlJlcG9zaXRvcnk4OTA3NDA4Mw==,2017-04-22T14:05:48Z,2026-05-07T09:41:06Z,2026-05-06T14:07:42Z,7285,True,advancedfx,advancedfx/advancedfx,git@github.com:advancedfx/advancedfx.git,708
MDEwOlJlcG9zaXRvcnk4OTAzMzU1Ng==,2017-04-22T00:26:50Z,2026-05-07T10:57:06Z,2026-05-07T06:02:45Z,78289,True,firebase-ios-sdk,firebase/firebase-ios-sdk,git@github.com:firebase/firebase-ios-sdk.git,6593
MDEwOlJlcG9zaXRvcnk4OTAyNDc5OQ==,2017-04-21T21:24:53Z,2026-05-01T20:28:52Z,2026-05-01T20:28:48Z,145,True,effcee,google/effcee,git@github.com:google/effcee.git,103
MDEwOlJlcG9zaXRvcnk4OTAwNTc2Nw==,2017-04-21T16:56:36Z,2026-05-05T12:28:30Z,2026-05-05T12:28:26Z,4393,False,OPN2BankEditor,Wohlstand/OPN2BankEditor,git@github.com:Wohlstand/OPN2BankEditor.git,51
MDEwOlJlcG9zaXRvcnk4ODgyMTMxMA==,2017-04-20T04:38:48Z,2026-04-28T12:07:01Z,2026-04-28T12:07:31Z,5452,False,sintra,imakris/sintra,git@github.com:imakris/sintra.git,0
MDEwOlJlcG9zaXRvcnk4ODY4NTQ1Mg==,2017-04-19T01:15:03Z,2026-05-06T15:35:11Z,2026-05-06T15:35:06Z,481,True,ossim-planet-gui,ossimlabs/ossim-planet-gui,git@github.com:ossimlabs/ossim-planet-gui.git,2
MDEwOlJlcG9zaXRvcnk4ODUyODQxNA==,2017-04-17T16:40:55Z,2026-05-04T22:02:09Z,2026-05-04T22:47:45Z,2588,True,openmpf-cpp-component-sdk,openmpf/openmpf-cpp-component-sdk,git@github.com:openmpf/openmpf-cpp-component-sdk.git,4
MDEwOlJlcG9zaXRvcnk4ODUyNjY3Nw==,2017-04-17T16:18:57Z,2026-05-04T23:03:06Z,2026-03-28T13:43:02Z,2904,False,xmrig-proxy,xmrig/xmrig-proxy,git@github.com:xmrig/xmrig-proxy.git,699
MDEwOlJlcG9zaXRvcnk4ODM3MjM2Mg==,2017-04-15T20:26:19Z,2026-05-03T14:29:56Z,2026-05-03T14:29:53Z,2855,False,iqpuzzle,ElTh0r0/iqpuzzle,git@github.com:ElTh0r0/iqpuzzle.git,30
MDEwOlJlcG9zaXRvcnk4ODM2NDA5MA==,2017-04-15T17:46:47Z,2026-05-06T17:42:54Z,2026-05-01T15:38:37Z,4145,True,FAudio,FNA-XNA/FAudio,git@github.com:FNA-XNA/FAudio.git,612
MDEwOlJlcG9zaXRvcnk4ODM2Mjc2Nw==,2017-04-15T17:23:41Z,2026-05-03T14:37:04Z,2026-05-03T14:37:00Z,1178,False,stackandconquer,ElTh0r0/stackandconquer,git@github.com:ElTh0r0/stackandconquer.git,3
MDEwOlJlcG9zaXRvcnk4ODA5NjMyNg==,2017-04-12T21:08:41Z,2026-03-20T11:37:15Z,2026-03-20T11:37:12Z,203,False,seisTK,batearedcollie/seisTK,git@github.com:batearedcollie/seisTK.git,3
MDEwOlJlcG9zaXRvcnk4ODAxNjM2OA==,2017-04-12T06:14:21Z,2026-03-31T16:09:19Z,2026-03-31T16:11:38Z,4041,True,Monitoring,AliceO2Group/Monitoring,git@github.com:AliceO2Group/Monitoring.git,4
MDEwOlJlcG9zaXRvcnk4Nzk0MjcwNw==,2017-04-11T14:17:02Z,2026-04-26T11:39:26Z,2026-04-26T11:39:52Z,131,False,signals,pajlada/signals,git@github.com:pajlada/signals.git,6
MDEwOlJlcG9zaXRvcnk4Nzg5MTc4Mg==,2017-04-11T05:22:24Z,2026-05-06T18:19:20Z,2026-05-06T12:16:54Z,38988,True,veyon,veyon/veyon,git@github.com:veyon/veyon.git,1833
MDEwOlJlcG9zaXRvcnk4Nzg1MjU0NQ==,2017-04-10T20:03:49Z,2026-03-05T13:36:30Z,2026-03-05T13:36:25Z,5795,True,maestro-client,topfreegames/maestro-client,git@github.com:topfreegames/maestro-client.git,8
MDEwOlJlcG9zaXRvcnk4Nzg1MTExNw==,2017-04-10T19:46:47Z,2026-05-06T20:59:35Z,2026-05-06T20:59:29Z,478,False,vfs,H-EAL/vfs,git@github.com:H-EAL/vfs.git,4
MDEwOlJlcG9zaXRvcnk4NzgzNzU5Ng==,2017-04-10T17:18:56Z,2026-04-27T05:37:12Z,2026-05-06T09:45:31Z,12396,True,hipBLAS,ROCm/hipBLAS,git@github.com:ROCm/hipBLAS.git,152
MDEwOlJlcG9zaXRvcnk4NzY4OTQ1MA==,2017-04-09T07:00:07Z,2026-05-07T08:07:02Z,2026-05-07T08:06:57Z,16252,True,logging-log4cxx,apache/logging-log4cxx,git@github.com:apache/logging-log4cxx.git,300
MDEwOlJlcG9zaXRvcnk4NzY0MDE1Mw==,2017-04-08T14:35:26Z,2026-04-18T22:44:22Z,2026-03-29T04:38:51Z,804,False,heapusage,d99kris/heapusage,git@github.com:d99kris/heapusage.git,112
MDEwOlJlcG9zaXRvcnk4NzU3MDUxMA==,2017-04-07T17:28:20Z,2026-05-06T21:25:00Z,2026-05-06T21:24:55Z,81684,True,spectre,sxs-collaboration/spectre,git@github.com:sxs-collaboration/spectre.git,186
MDEwOlJlcG9zaXRvcnk4NzU0MDQ4NA==,2017-04-07T11:49:57Z,2026-05-01T10:24:29Z,2026-05-01T10:24:26Z,100,True,PathFinding,pmrobotix/PathFinding,git@github.com:pmrobotix/PathFinding.git,0
MDEwOlJlcG9zaXRvcnk4NzUxNTkyMA==,2017-04-07T07:06:52Z,2026-05-06T05:14:34Z,2026-05-06T21:34:51Z,53338,True,deepin-system-monitor,linuxdeepin/deepin-system-monitor,git@github.com:linuxdeepin/deepin-system-monitor.git,124
MDEwOlJlcG9zaXRvcnk4NzQ0MzM5Ng==,2017-04-06T15:11:42Z,2026-05-06T08:16:19Z,2026-05-06T08:16:03Z,19656,True,srt,Haivision/srt,git@github.com:Haivision/srt.git,3527
MDEwOlJlcG9zaXRvcnk4NzQxNDg0Mw==,2017-04-06T10:03:31Z,2026-05-07T09:18:27Z,2026-05-06T15:28:11Z,134923,True,hyrise,hyrise/hyrise,git@github.com:hyrise/hyrise.git,860
MDEwOlJlcG9zaXRvcnk4NzI5NDcyNA==,2017-04-05T10:02:44Z,2026-05-07T10:08:40Z,2026-04-29T12:53:54Z,7261,True,zed-sdk,stereolabs/zed-sdk,git@github.com:stereolabs/zed-sdk.git,1167
MDEwOlJlcG9zaXRvcnk4NzIwNzgxOA==,2017-04-04T16:05:00Z,2026-03-30T17:50:53Z,2026-05-07T00:00:50Z,106934,True,thirdparty-harfbuzz,ArtifexSoftware/thirdparty-harfbuzz,git@github.com:ArtifexSoftware/thirdparty-harfbuzz.git,6
MDEwOlJlcG9zaXRvcnk4Njk5OTgwOA==,2017-04-02T16:36:27Z,2026-04-02T01:32:27Z,2026-04-02T01:32:22Z,699,True,qb-linq,isndev/qb-linq,git@github.com:isndev/qb-linq.git,13
MDEwOlJlcG9zaXRvcnk4Njk0OTY5OQ==,2017-04-01T23:40:42Z,2026-04-15T15:18:29Z,2026-04-13T02:30:06Z,11,False,stopwatch,sailormoon/stopwatch,git@github.com:sailormoon/stopwatch.git,111
MDEwOlJlcG9zaXRvcnk4NjkwMTEyNA==,2017-04-01T09:13:45Z,2026-05-07T00:27:59Z,2026-05-07T00:27:54Z,174556,True,deepin-screen-recorder,linuxdeepin/deepin-screen-recorder,git@github.com:linuxdeepin/deepin-screen-recorder.git,116
MDEwOlJlcG9zaXRvcnk4Njg5Nzk2Mw==,2017-04-01T08:30:25Z,2026-05-07T11:08:43Z,2026-05-04T02:51:50Z,156343,True,ZLMediaKit,ZLMediaKit/ZLMediaKit,git@github.com:ZLMediaKit/ZLMediaKit.git,17000
MDEwOlJlcG9zaXRvcnk4Njg2ODU2MA==,2017-03-31T23:44:23Z,2026-05-07T07:48:19Z,2026-04-23T03:15:31Z,109206,True,TileDB,TileDB-Inc/TileDB,git@github.com:TileDB-Inc/TileDB.git,2055
MDEwOlJlcG9zaXRvcnk4Njg0MzU3Mw==,2017-03-31T17:21:20Z,2026-04-24T13:57:57Z,2026-04-24T13:57:24Z,122888,True,nyas-space-quest,elimu-ai/nyas-space-quest,git@github.com:elimu-ai/nyas-space-quest.git,2
MDEwOlJlcG9zaXRvcnk4Njc5NTc3NQ==,2017-03-31T08:21:03Z,2026-04-29T10:12:52Z,2026-04-29T08:58:35Z,28914,True,walberla,lssfau/walberla,git@github.com:lssfau/walberla.git,46
MDEwOlJlcG9zaXRvcnk4NjQ3OTY0Mw==,2017-03-28T15:57:04Z,2026-03-26T20:27:44Z,2026-03-26T20:27:39Z,7138,True,perfparser,KDAB/perfparser,git@github.com:KDAB/perfparser.git,17
MDEwOlJlcG9zaXRvcnk4NjQ1NDgwMA==,2017-03-28T12:00:18Z,2026-04-28T09:16:56Z,2026-05-07T00:43:45Z,18685,True,QuEST,QuEST-Kit/QuEST,git@github.com:QuEST-Kit/QuEST.git,470
MDEwOlJlcG9zaXRvcnk4NjQwNDkyMg==,2017-03-28T02:16:51Z,2026-04-25T22:00:37Z,2026-04-25T22:00:15Z,51372,False,NES-Emulator,StardustGogeta/NES-Emulator,git@github.com:StardustGogeta/NES-Emulator.git,1
MDEwOlJlcG9zaXRvcnk4NjMzNzM0Mw==,2017-03-27T13:15:36Z,2026-05-07T06:55:42Z,2026-05-06T12:57:38Z,39771,False,entt,skypjack/entt,git@github.com:skypjack/entt.git,12626
MDEwOlJlcG9zaXRvcnk4NjIxODE1MQ==,2017-03-26T08:24:31Z,2026-04-30T15:39:00Z,2026-04-30T15:38:17Z,22224,True,inyokaedit,inyokaproject/inyokaedit,git@github.com:inyokaproject/inyokaedit.git,7
MDEwOlJlcG9zaXRvcnk4NjExMjAwNQ==,2017-03-24T21:27:33Z,2026-05-03T10:30:08Z,2026-05-04T23:04:39Z,953,False,settings,pajlada/settings,git@github.com:pajlada/settings.git,7
MDEwOlJlcG9zaXRvcnk4NjA1MDkyOA==,2017-03-24T09:32:51Z,2026-04-07T19:36:45Z,2026-04-07T19:36:46Z,1469,True,cryptolens-cpp,Cryptolens/cryptolens-cpp,git@github.com:Cryptolens/cryptolens-cpp.git,23
MDEwOlJlcG9zaXRvcnk4NjAzOTkwMw==,2017-03-24T07:32:37Z,2026-05-06T14:11:05Z,2026-05-07T07:00:25Z,229651,True,gmsh,live-clones/gmsh,git@github.com:live-clones/gmsh.git,124
MDEwOlJlcG9zaXRvcnk4NjAzMjcwMQ==,2017-03-24T06:01:44Z,2026-05-02T14:05:51Z,2026-05-02T07:09:03Z,2629,False,commata,furfurylic/commata,git@github.com:furfurylic/commata.git,18
MDEwOlJlcG9zaXRvcnk4NjAwNjQ0Mg==,2017-03-23T23:15:45Z,2026-03-22T18:57:26Z,2026-03-22T18:57:22Z,12422,False,ZenUnitAndMetalMock,NeilJustice/ZenUnitAndMetalMock,git@github.com:NeilJustice/ZenUnitAndMetalMock.git,8
MDEwOlJlcG9zaXRvcnk4NTkxNjA1NA==,2017-03-23T06:43:47Z,2026-05-03T09:59:17Z,2026-05-07T01:33:21Z,27480,True,fhq-server,freehackquest/fhq-server,git@github.com:freehackquest/fhq-server.git,37
MDEwOlJlcG9zaXRvcnk4NTkwMjc5MA==,2017-03-23T03:27:35Z,2026-03-29T17:24:05Z,2026-03-29T17:24:08Z,1859,False,sboui,montagdude/sboui,git@github.com:montagdude/sboui.git,35
MDEwOlJlcG9zaXRvcnk4NTczNjgyMA==,2017-03-21T18:05:41Z,2026-04-23T02:21:09Z,2026-04-23T02:21:03Z,1228,True,ITKTextureFeatures,InsightSoftwareConsortium/ITKTextureFeatures,git@github.com:InsightSoftwareConsortium/ITKTextureFeatures.git,26
MDEwOlJlcG9zaXRvcnk4NTY1Nzg3Nw==,2017-03-21T04:07:31Z,2026-05-07T01:59:06Z,2026-05-07T01:59:02Z,29666,True,diplib,DIPlib/diplib,git@github.com:DIPlib/diplib.git,253
MDEwOlJlcG9zaXRvcnk4NTYwMzU1NQ==,2017-03-20T17:01:57Z,2026-04-16T04:43:57Z,2026-04-01T16:15:09Z,33844,False,fwdpy11,molpopgen/fwdpy11,git@github.com:molpopgen/fwdpy11.git,32
MDEwOlJlcG9zaXRvcnk4NTQ2NjcwMg==,2017-03-19T10:11:23Z,2026-05-04T09:26:26Z,2026-05-01T20:28:41Z,2754,True,kuserfeedback,KDE/kuserfeedback,git@github.com:KDE/kuserfeedback.git,15
MDEwOlJlcG9zaXRvcnk4NTM4NzY4MQ==,2017-03-18T08:46:37Z,2026-04-04T12:41:30Z,2026-04-04T12:41:24Z,434216,True,libandroidjni,xbmc/libandroidjni,git@github.com:xbmc/libandroidjni.git,88
MDEwOlJlcG9zaXRvcnk4NTIxMjQ1NQ==,2017-03-16T15:36:39Z,2026-04-30T13:42:57Z,2026-04-30T13:42:12Z,3095,False,edep-sim,ClarkMcGrew/edep-sim,git@github.com:ClarkMcGrew/edep-sim.git,30
MDEwOlJlcG9zaXRvcnk4NTIwNTg1MQ==,2017-03-16T14:34:53Z,2026-05-06T11:23:04Z,2026-05-06T18:50:47Z,116912,True,LIEF,lief-project/LIEF,git@github.com:lief-project/LIEF.git,5406
MDEwOlJlcG9zaXRvcnk4NTE3MjM0NQ==,2017-03-16T08:39:13Z,2026-05-07T10:34:13Z,2026-05-07T11:42:37Z,24545,True,resdata,equinor/resdata,git@github.com:equinor/resdata.git,122
MDEwOlJlcG9zaXRvcnk4NTA0ODIyNw==,2017-03-15T08:34:38Z,2026-04-28T01:12:26Z,2026-04-28T01:12:41Z,141294,True,deepin-movie-reborn,linuxdeepin/deepin-movie-reborn,git@github.com:linuxdeepin/deepin-movie-reborn.git,88
MDEwOlJlcG9zaXRvcnk4NDc5OTkwNg==,2017-03-13T08:06:59Z,2026-05-07T06:59:38Z,2026-05-07T06:59:32Z,401,True,WPEBackend-rdk,WebPlatformForEmbedded/WPEBackend-rdk,git@github.com:WebPlatformForEmbedded/WPEBackend-rdk.git,8
MDEwOlJlcG9zaXRvcnk4NDc3Mjg1Mg==,2017-03-13T01:52:01Z,2026-03-04T10:06:20Z,2026-03-15T08:16:06Z,985,False,2DFluid,rgoldade/2DFluid,git@github.com:rgoldade/2DFluid.git,29
MDEwOlJlcG9zaXRvcnk4NDc1NTQ5OQ==,2017-03-12T20:34:59Z,2026-05-06T16:06:06Z,2026-05-06T16:05:30Z,609,True,DeviceAccess-CommandBasedBackend,ChimeraTK/DeviceAccess-CommandBasedBackend,git@github.com:ChimeraTK/DeviceAccess-CommandBasedBackend.git,1
MDEwOlJlcG9zaXRvcnk4NDU4MDQ0NA==,2017-03-10T16:41:47Z,2026-05-05T02:44:32Z,2026-04-18T13:38:08Z,21834,True,rnp,rnpgp/rnp,git@github.com:rnpgp/rnp.git,235
MDEwOlJlcG9zaXRvcnk4NDU3MDIxNA==,2017-03-10T14:51:43Z,2026-05-06T17:55:50Z,2026-05-06T17:55:44Z,894757,True,ComputeLibrary,ARM-software/ComputeLibrary,git@github.com:ARM-software/ComputeLibrary.git,3142
MDEwOlJlcG9zaXRvcnk4NDQ2NDIyNA==,2017-03-09T16:26:26Z,2026-04-17T13:35:57Z,2026-04-22T13:06:11Z,47521,True,geant4_vmc,vmc-project/geant4_vmc,git@github.com:vmc-project/geant4_vmc.git,8
MDEwOlJlcG9zaXRvcnk4NDQ0MDE1Ng==,2017-03-09T12:33:08Z,2026-04-17T14:41:26Z,2026-04-17T14:46:32Z,110,False,VapourSynth-BilateralGPU,WolframRhodium/VapourSynth-BilateralGPU,git@github.com:WolframRhodium/VapourSynth-BilateralGPU.git,11
MDEwOlJlcG9zaXRvcnk4NDM1NTE4NQ==,2017-03-08T18:52:52Z,2026-05-03T10:43:08Z,2026-05-03T10:43:30Z,76915,True,speech,roboticslab-uc3m/speech,git@github.com:roboticslab-uc3m/speech.git,6
MDEwOlJlcG9zaXRvcnk4NDM0NTA1Ng==,2017-03-08T16:57:44Z,2026-03-30T12:35:07Z,2026-03-05T14:04:52Z,228,True,ndicapi,PlusToolkit/ndicapi,git@github.com:PlusToolkit/ndicapi.git,59
MDEwOlJlcG9zaXRvcnk4NDI1NjkyNg==,2017-03-07T23:35:05Z,2026-05-03T20:24:33Z,2026-05-03T20:24:29Z,2593,True,fcitx5-chinese-addons,fcitx/fcitx5-chinese-addons,git@github.com:fcitx/fcitx5-chinese-addons.git,294
MDEwOlJlcG9zaXRvcnk4NDE5ODAyNA==,2017-03-07T12:45:06Z,2026-03-12T09:07:46Z,2026-03-12T09:07:42Z,3505,True,VieM,KaHIP/VieM,git@github.com:KaHIP/VieM.git,6
MDEwOlJlcG9zaXRvcnk4NDE4NDEyNQ==,2017-03-07T10:05:51Z,2026-04-14T14:40:24Z,2026-04-14T14:40:21Z,7132,False,rsa3d,misiekc/rsa3d,git@github.com:misiekc/rsa3d.git,2
MDEwOlJlcG9zaXRvcnk4NDE4Mzg4Mg==,2017-03-07T10:03:48Z,2026-05-07T10:57:32Z,2026-05-04T10:35:51Z,38129,True,sentencepiece,google/sentencepiece,git@github.com:google/sentencepiece.git,11806
MDEwOlJlcG9zaXRvcnk4NDEzOTMzMg==,2017-03-07T01:24:39Z,2026-05-06T04:05:13Z,2026-05-06T04:05:09Z,243,False,psx-controller-driver,katemonster33/psx-controller-driver,git@github.com:katemonster33/psx-controller-driver.git,0
MDEwOlJlcG9zaXRvcnk4NDAyMjc5NA==,2017-03-06T02:50:12Z,2026-03-04T20:50:51Z,2026-03-04T20:50:45Z,27,False,eytzinger,mikekazakov/eytzinger,git@github.com:mikekazakov/eytzinger.git,32
MDEwOlJlcG9zaXRvcnk4Mzk4OTExNg==,2017-03-05T17:35:25Z,2026-05-03T10:26:11Z,2026-05-06T00:06:51Z,1437,True,tools,roboticslab-uc3m/tools,git@github.com:roboticslab-uc3m/tools.git,0
MDEwOlJlcG9zaXRvcnk4Mzk1MzUyNQ==,2017-03-05T07:41:40Z,2026-04-30T12:25:07Z,2026-04-30T05:53:01Z,69961,False,ttk,topology-tool-kit/ttk,git@github.com:topology-tool-kit/ttk.git,470
MDEwOlJlcG9zaXRvcnk4MzgwNTMzNA==,2017-03-03T14:16:30Z,2026-04-15T09:22:28Z,2026-04-15T09:22:24Z,1350,True,VieCut,KaHIP/VieCut,git@github.com:KaHIP/VieCut.git,48
MDEwOlJlcG9zaXRvcnk4Mzc3NDkwNg==,2017-03-03T08:17:11Z,2026-05-07T09:58:25Z,2026-05-06T14:21:13Z,250014,True,qtum,qtumproject/qtum,git@github.com:qtumproject/qtum.git,1211
MDEwOlJlcG9zaXRvcnk4MzczMjg2Mw==,2017-03-02T22:50:13Z,2026-05-06T16:40:22Z,2026-05-05T22:40:08Z,19279,True,godot-cpp,godotengine/godot-cpp,git@github.com:godotengine/godot-cpp.git,2501
MDEwOlJlcG9zaXRvcnk4MzU0MjU4NQ==,2017-03-01T10:30:52Z,2026-05-06T03:26:49Z,2026-05-03T09:04:31Z,9604,False,LeetCode,wisdompeak/LeetCode,git@github.com:wisdompeak/LeetCode.git,6174
MDEwOlJlcG9zaXRvcnk4MzM2NDExMw==,2017-02-27T22:34:56Z,2026-04-24T14:39:09Z,2026-04-05T20:24:32Z,1212,True,fcitx5-qt,fcitx/fcitx5-qt,git@github.com:fcitx/fcitx5-qt.git,95
MDEwOlJlcG9zaXRvcnk4MzA4MDEwOA==,2017-02-24T20:29:48Z,2026-04-25T14:07:10Z,2026-04-07T07:59:01Z,7907,False,scantailor-universal,trufanov-nok/scantailor-universal,git@github.com:trufanov-nok/scantailor-universal.git,255
MDEwOlJlcG9zaXRvcnk4MzA3NDUzNw==,2017-02-24T19:15:01Z,2026-05-07T06:54:47Z,2026-05-07T08:24:47Z,1063766,True,freesurfer,freesurfer/freesurfer,git@github.com:freesurfer/freesurfer.git,829
MDEwOlJlcG9zaXRvcnk4MzA2MzUyNg==,2017-02-24T16:56:47Z,2026-05-07T05:29:23Z,2026-05-03T10:58:09Z,2309,True,dlpack,dmlc/dlpack,git@github.com:dmlc/dlpack.git,1206
MDEwOlJlcG9zaXRvcnk4Mjk4MjA4OQ==,2017-02-23T23:39:56Z,2026-04-11T07:24:48Z,2026-03-22T18:12:49Z,144,False,python-samplerate,tuxu/python-samplerate,git@github.com:tuxu/python-samplerate.git,57
MDEwOlJlcG9zaXRvcnk4Mjk3NDUyOA==,2017-02-23T21:45:48Z,2026-05-07T07:13:51Z,2026-05-04T23:18:43Z,4577,True,usgscsm,DOI-USGS/usgscsm,git@github.com:DOI-USGS/usgscsm.git,31
MDEwOlJlcG9zaXRvcnk4MjgxODY3Mg==,2017-02-22T15:14:08Z,2026-04-23T09:11:10Z,2026-04-23T09:11:05Z,50521,True,dabc,gsi-ee/dabc,git@github.com:gsi-ee/dabc.git,6
MDEwOlJlcG9zaXRvcnk4MjgxODQyMQ==,2017-02-22T15:12:07Z,2026-04-27T06:13:40Z,2026-04-27T06:13:36Z,2038,True,stream,gsi-ee/stream,git@github.com:gsi-ee/stream.git,4
MDEwOlJlcG9zaXRvcnk4MjgxNTUzMQ==,2017-02-22T14:44:59Z,2026-04-27T12:07:26Z,2026-04-27T12:07:22Z,59356,True,go4,gsi-ee/go4,git@github.com:gsi-ee/go4.git,9
MDEwOlJlcG9zaXRvcnk4Mjc4MTQ2MQ==,2017-02-22T08:46:14Z,2026-04-04T12:23:10Z,2026-04-04T12:23:07Z,21998,True,testnh,BioPP/testnh,git@github.com:BioPP/testnh.git,2
MDEwOlJlcG9zaXRvcnk4MjY3Nzg1NQ==,2017-02-21T12:35:12Z,2026-05-06T10:46:14Z,2026-04-24T16:58:52Z,426375,False,Kiwi,bab2min/Kiwi,git@github.com:bab2min/Kiwi.git,717
MDEwOlJlcG9zaXRvcnk4MjU4MzQ0MA==,2017-02-20T17:21:34Z,2026-04-10T14:29:44Z,2026-04-10T14:29:40Z,3463,True,cvkit,roboception/cvkit,git@github.com:roboception/cvkit.git,279
MDEwOlJlcG9zaXRvcnk4MjMyOTk1MA==,2017-02-17T19:17:46Z,2026-04-25T17:06:30Z,2026-04-25T17:06:25Z,483,False,tfel-plot,thelfer/tfel-plot,git@github.com:thelfer/tfel-plot.git,1
MDEwOlJlcG9zaXRvcnk4MjMxODMyNA==,2017-02-17T16:53:07Z,2026-03-30T12:59:20Z,2026-03-30T12:59:13Z,90869,True,rodent,AnyDSL/rodent,git@github.com:AnyDSL/rodent.git,58
MDEwOlJlcG9zaXRvcnk4MjE4NzcxNQ==,2017-02-16T14:12:38Z,2026-05-06T06:49:26Z,2026-05-02T10:43:30Z,6883,True,tsid,stack-of-tasks/tsid,git@github.com:stack-of-tasks/tsid.git,323
MDEwOlJlcG9zaXRvcnk4MTk3NzIyOQ==,2017-02-14T18:40:41Z,2026-04-20T18:18:07Z,2026-04-30T15:34:31Z,3317,False,bassline-junkie,lohisynths/bassline-junkie,git@github.com:lohisynths/bassline-junkie.git,0
MDEwOlJlcG9zaXRvcnk4MTkxMTkxNg==,2017-02-14T06:15:33Z,2026-03-30T04:55:33Z,2026-03-30T05:04:12Z,42276,True,STEPS,CNS-OIST/STEPS,git@github.com:CNS-OIST/STEPS.git,43
MDEwOlJlcG9zaXRvcnk4MTgxNTQ5NQ==,2017-02-13T10:58:24Z,2026-05-06T12:34:51Z,2026-05-07T11:35:48Z,2354882,True,Kratos,KratosMultiphysics/Kratos,git@github.com:KratosMultiphysics/Kratos.git,1262
MDEwOlJlcG9zaXRvcnk4MTc5NjUxNQ==,2017-02-13T07:21:28Z,2026-05-06T04:51:15Z,2026-05-06T04:51:19Z,5283,True,plasma-vault,KDE/plasma-vault,git@github.com:KDE/plasma-vault.git,60
MDEwOlJlcG9zaXRvcnk4MTczOTQ1OA==,2017-02-12T16:24:16Z,2026-05-04T06:36:17Z,2026-05-05T14:49:16Z,111,True,cppfmu,viproma/cppfmu,git@github.com:viproma/cppfmu.git,37
MDEwOlJlcG9zaXRvcnk4MTU5NDM3NA==,2017-02-10T18:29:09Z,2026-04-15T20:50:44Z,2026-05-07T02:02:43Z,76518,True,inertial-sense-sdk,inertialsense/inertial-sense-sdk,git@github.com:inertialsense/inertial-sense-sdk.git,41
MDEwOlJlcG9zaXRvcnk4MTU3NjM1OQ==,2017-02-10T15:07:22Z,2026-04-20T15:16:25Z,2026-03-25T21:34:20Z,39214,True,human-dynamics-estimation,gbionics/human-dynamics-estimation,git@github.com:gbionics/human-dynamics-estimation.git,97
MDEwOlJlcG9zaXRvcnk4MTUzNTc2Nw==,2017-02-10T06:47:40Z,2026-04-18T13:00:32Z,2026-04-18T15:08:40Z,6825,False,munin,KazDragon/munin,git@github.com:KazDragon/munin.git,8
MDEwOlJlcG9zaXRvcnk4MTQ2MjI3OA==,2017-02-09T15:07:20Z,2026-04-26T14:44:27Z,2026-04-26T14:44:22Z,509,True,hpp-centroidal-dynamics,humanoid-path-planner/hpp-centroidal-dynamics,git@github.com:humanoid-path-planner/hpp-centroidal-dynamics.git,12
MDEwOlJlcG9zaXRvcnk4MTMyNzMwNw==,2017-02-08T12:22:45Z,2026-03-31T09:41:21Z,2026-03-31T09:41:17Z,403,False,spot,tgeijten/spot,git@github.com:tgeijten/spot.git,7
MDEwOlJlcG9zaXRvcnk4MTIyNzAwNQ==,2017-02-07T16:07:05Z,2026-05-07T09:46:39Z,2026-05-07T06:14:04Z,275257,True,faiss,facebookresearch/faiss,org-16943930@github.com:facebookresearch/faiss.git,39952
MDEwOlJlcG9zaXRvcnk4MTIwMTA5MA==,2017-02-07T11:30:39Z,2026-05-02T17:56:49Z,2026-05-02T17:56:45Z,380,True,module-zmq,qoretechnologies/module-zmq,git@github.com:qoretechnologies/module-zmq.git,0
MDEwOlJlcG9zaXRvcnk4MTA5MzEyMA==,2017-02-06T14:03:34Z,2026-03-06T08:59:44Z,2026-04-15T16:22:09Z,238,True,rcomponent,RobotnikAutomation/rcomponent,git@github.com:RobotnikAutomation/rcomponent.git,1
MDEwOlJlcG9zaXRvcnk4MTA4ODAwMA==,2017-02-06T13:07:07Z,2026-05-01T12:54:48Z,2026-05-03T09:14:06Z,605557,False,qt-dab,JvanKatwijk/qt-dab,git@github.com:JvanKatwijk/qt-dab.git,352
MDEwOlJlcG9zaXRvcnk4MTA2NTUxOQ==,2017-02-06T08:36:08Z,2026-05-05T01:54:25Z,2026-05-05T08:58:48Z,23013,True,xdg-desktop-portal-kde,KDE/xdg-desktop-portal-kde,git@github.com:KDE/xdg-desktop-portal-kde.git,80
MDEwOlJlcG9zaXRvcnk4MDkxOTgwNQ==,2017-02-04T13:04:42Z,2026-05-05T20:56:35Z,2026-05-05T20:56:30Z,270555,True,networkit,networkit/networkit,git@github.com:networkit/networkit.git,852
MDEwOlJlcG9zaXRvcnk4MDkwNDExMQ==,2017-02-04T08:00:06Z,2026-04-25T16:06:11Z,2026-03-31T18:15:28Z,24419,True,geode-native,apache/geode-native,git@github.com:apache/geode-native.git,43
MDEwOlJlcG9zaXRvcnk4MDg3NzkzMw==,2017-02-03T23:23:24Z,2026-04-21T00:51:07Z,2026-04-21T01:34:01Z,43574,True,wrench,wrench-project/wrench,git@github.com:wrench-project/wrench.git,45
MDEwOlJlcG9zaXRvcnk4MDg3NDMzMw==,2017-02-03T22:20:21Z,2026-05-07T10:17:53Z,2026-05-07T10:17:39Z,35666,False,slang,MikePopoloski/slang,git@github.com:MikePopoloski/slang.git,1031
MDEwOlJlcG9zaXRvcnk4MDg1OTExNQ==,2017-02-03T18:51:39Z,2026-05-07T03:04:19Z,2026-04-24T22:21:35Z,568084,True,radeon_gpu_analyzer,GPUOpen-Tools/radeon_gpu_analyzer,git@github.com:GPUOpen-Tools/radeon_gpu_analyzer.git,469
MDEwOlJlcG9zaXRvcnk4MDc4Njk1Nw==,2017-02-03T01:37:01Z,2026-05-04T15:15:50Z,2026-04-21T03:42:07Z,1677,True,gloo,pytorch/gloo,org-21003710@github.com:pytorch/gloo.git,1421
MDEwOlJlcG9zaXRvcnk4MDc0MDg1MQ==,2017-02-02T15:54:15Z,2026-05-07T02:56:12Z,2026-04-23T15:36:52Z,11563,True,gemmi,project-gemmi/gemmi,git@github.com:project-gemmi/gemmi.git,350
MDEwOlJlcG9zaXRvcnk4MDczMzUxOA==,2017-02-02T14:35:43Z,2026-05-04T19:27:03Z,2026-04-28T14:27:13Z,12463,False,pentobi,enz/pentobi,git@github.com:enz/pentobi.git,62
MDEwOlJlcG9zaXRvcnk4MDczMTY2OA==,2017-02-02T14:17:01Z,2026-03-20T12:16:06Z,2026-03-20T12:15:31Z,44331,True,event-formation-unit,ess-dmsc/event-formation-unit,git@github.com:ess-dmsc/event-formation-unit.git,12
MDEwOlJlcG9zaXRvcnk4MDE3NzAwMQ==,2017-01-27T03:00:51Z,2026-04-17T15:28:49Z,2026-04-17T15:28:45Z,1169665,True,PlusApp,PlusToolkit/PlusApp,git@github.com:PlusToolkit/PlusApp.git,20
MDEwOlJlcG9zaXRvcnk4MDE3MTgxNQ==,2017-01-27T01:16:26Z,2026-04-29T06:01:48Z,2026-04-23T05:55:01Z,1179939,True,PlusLib,PlusToolkit/PlusLib,git@github.com:PlusToolkit/PlusLib.git,148
MDEwOlJlcG9zaXRvcnk4MDEyNjE2Mg==,2017-01-26T15:21:11Z,2026-05-05T22:55:36Z,2026-04-01T04:33:14Z,61048,True,relion,3dem/relion,git@github.com:3dem/relion.git,530
MDEwOlJlcG9zaXRvcnk4MDEwNDk2OA==,2017-01-26T10:22:57Z,2026-03-18T09:13:43Z,2026-03-18T09:13:39Z,94199,False,gpu_computing_in_robotics,JanuszBedkowski/gpu_computing_in_robotics,git@github.com:JanuszBedkowski/gpu_computing_in_robotics.git,469
MDEwOlJlcG9zaXRvcnk4MDA2NDI1Mg==,2017-01-25T22:29:34Z,2026-05-07T01:57:53Z,2026-05-07T01:57:51Z,5463,True,CLI11,CLIUtils/CLI11,git@github.com:CLIUtils/CLI11.git,4273
MDEwOlJlcG9zaXRvcnk4MDAwMzI1MQ==,2017-01-25T10:12:26Z,2025-08-29T23:51:32Z,2026-04-02T06:13:23Z,354596,True,qtlocation-mapboxgl,qt/qtlocation-mapboxgl,git@github.com:qt/qtlocation-mapboxgl.git,11
MDEwOlJlcG9zaXRvcnk3OTY0Njk5MQ==,2017-01-21T13:21:47Z,2026-04-09T23:07:36Z,2026-03-20T06:01:32Z,6067,True,covscript,covscript/covscript,git@github.com:covscript/covscript.git,232
MDEwOlJlcG9zaXRvcnk3OTU1NzIwNw==,2017-01-20T12:28:03Z,2026-05-07T11:20:45Z,2026-05-07T11:20:39Z,156874,True,t8code,DLR-AMR/t8code,git@github.com:DLR-AMR/t8code.git,304
MDEwOlJlcG9zaXRvcnk3OTQ2NTE5MQ==,2017-01-19T15:11:18Z,2026-05-04T10:44:23Z,2026-05-04T10:44:18Z,146264,True,module-process,qoretechnologies/module-process,git@github.com:qoretechnologies/module-process.git,0
MDEwOlJlcG9zaXRvcnk3OTM4NDEyNw==,2017-01-18T21:04:10Z,2026-04-28T06:52:14Z,2026-04-28T06:52:40Z,290,False,yama,iboB/yama,git@github.com:iboB/yama.git,14
MDEwOlJlcG9zaXRvcnk3OTM1ODExNA==,2017-01-18T16:14:15Z,2026-04-29T17:11:02Z,2026-04-02T07:10:21Z,5681,False,LRDB,satoren/LRDB,git@github.com:satoren/LRDB.git,67
MDEwOlJlcG9zaXRvcnk3OTMxNzE5MQ==,2017-01-18T08:01:47Z,2026-05-07T11:38:52Z,2026-05-07T05:59:12Z,14443,True,typesense,typesense/typesense,git@github.com:typesense/typesense.git,25783
MDEwOlJlcG9zaXRvcnk3OTI0ODUzMg==,2017-01-17T16:40:00Z,2026-03-30T10:01:46Z,2026-04-16T15:45:11Z,1723,True,runtime,AnyDSL/runtime,git@github.com:AnyDSL/runtime.git,24
MDEwOlJlcG9zaXRvcnk3ODkzMDc3MQ==,2017-01-14T09:16:44Z,2026-05-06T10:12:13Z,2026-05-06T10:15:20Z,1218,False,trantor,an-tao/trantor,git@github.com:an-tao/trantor.git,491
MDEwOlJlcG9zaXRvcnk3ODg5MjQwMA==,2017-01-13T22:40:33Z,2026-04-02T18:53:37Z,2026-04-02T18:53:32Z,812,True,penumbra,bigladder/penumbra,git@github.com:bigladder/penumbra.git,8
MDEwOlJlcG9zaXRvcnk3ODg2MDUwOA==,2017-01-13T15:19:32Z,2026-04-22T01:56:21Z,2026-04-19T12:58:59Z,10986,True,AO2-Client,AttorneyOnline/AO2-Client,git@github.com:AttorneyOnline/AO2-Client.git,72
MDEwOlJlcG9zaXRvcnk3ODcxMTYyNg==,2017-01-12T05:25:42Z,2026-05-05T09:50:19Z,2026-05-05T09:50:15Z,19800,True,smartmet-library-calculator,fmidev/smartmet-library-calculator,git@github.com:fmidev/smartmet-library-calculator.git,0
MDEwOlJlcG9zaXRvcnk3ODY4MjUwNg==,2017-01-11T21:42:14Z,2026-05-06T18:31:07Z,2026-05-06T20:03:30Z,57758,True,finufft,flatironinstitute/finufft,git@github.com:flatironinstitute/finufft.git,413
MDEwOlJlcG9zaXRvcnk3ODY2OTg1OQ==,2017-01-11T19:02:29Z,2026-05-06T23:26:09Z,2026-05-06T23:26:02Z,418342,True,qmcpack,QMCPACK/qmcpack,git@github.com:QMCPACK/qmcpack.git,384
MDEwOlJlcG9zaXRvcnk3ODU3Mjc3NA==,2017-01-10T20:49:21Z,2026-05-06T20:23:33Z,2026-05-06T20:23:25Z,34142,True,kokkos-kernels,kokkos/kokkos-kernels,git@github.com:kokkos/kokkos-kernels.git,383
MDEwOlJlcG9zaXRvcnk3ODQ1NTM3NQ==,2017-01-09T18:12:45Z,2026-05-07T10:57:22Z,2026-04-24T00:39:15Z,3392,True,process,boostorg/process,git@github.com:boostorg/process.git,140
MDEwOlJlcG9zaXRvcnk3ODM3MjkxMw==,2017-01-08T21:53:43Z,2026-04-27T06:27:35Z,2026-04-13T08:01:28Z,61165,True,pagmo2,esa/pagmo2,git@github.com:esa/pagmo2.git,920
MDEwOlJlcG9zaXRvcnk3ODI1MDMxNw==,2017-01-07T01:02:28Z,2026-05-06T05:50:28Z,2026-05-06T00:49:29Z,19548,False,iguana,qicosmos/iguana,git@github.com:qicosmos/iguana.git,1311
MDEwOlJlcG9zaXRvcnk3ODI0MzQ3Nw==,2017-01-06T22:25:33Z,2026-05-06T07:39:09Z,2026-05-06T07:39:05Z,11957,True,ifm3d,ifm/ifm3d,git@github.com:ifm/ifm3d.git,116
MDEwOlJlcG9zaXRvcnk3ODIxNzkxMg==,2017-01-06T15:50:01Z,2026-04-29T17:31:47Z,2026-04-29T17:31:46Z,4964,True,opentrons-modules,Opentrons/opentrons-modules,git@github.com:Opentrons/opentrons-modules.git,31
MDEwOlJlcG9zaXRvcnk3ODEyNjMxNA==,2017-01-05T15:50:01Z,2026-04-24T14:20:42Z,2026-04-24T14:20:38Z,26,False,assignment5,Noah-Vincenz/assignment5,git@github.com:Noah-Vincenz/assignment5.git,0
MDEwOlJlcG9zaXRvcnk3ODAyMzA2Mg==,2017-01-04T14:33:17Z,2026-03-28T16:32:22Z,2026-05-06T16:39:38Z,7158,True,htool,htool-ddm/htool,git@github.com:htool-ddm/htool.git,34
MDEwOlJlcG9zaXRvcnk3ODAxMzU0NA==,2017-01-04T12:27:26Z,2026-05-05T09:50:47Z,2026-05-05T09:50:43Z,38515,True,smartmet-library-textgen,fmidev/smartmet-library-textgen,git@github.com:fmidev/smartmet-library-textgen.git,0
MDEwOlJlcG9zaXRvcnk3Nzk5NzU1OA==,2017-01-04T08:44:37Z,2026-05-05T09:50:45Z,2026-05-05T09:50:41Z,9268,True,smartmet-library-smarttools,fmidev/smartmet-library-smarttools,git@github.com:fmidev/smartmet-library-smarttools.git,0
MDEwOlJlcG9zaXRvcnk3NzgzNzQzMg==,2017-01-02T14:01:58Z,2026-05-07T08:43:13Z,2026-05-07T01:34:25Z,282411,True,server,mangoszero/server,git@github.com:mangoszero/server.git,996
MDEwOlJlcG9zaXRvcnk3Nzc5NTg5MQ==,2017-01-01T20:46:13Z,2026-04-16T03:33:20Z,2026-04-01T19:35:42Z,379,False,cd-deluxe,m6z/cd-deluxe,git@github.com:m6z/cd-deluxe.git,8
MDEwOlJlcG9zaXRvcnk3Nzc3NzMzMw==,2017-01-01T12:08:27Z,2026-03-25T07:30:01Z,2026-03-25T07:30:08Z,15659,True,nghttp2,winlibs/nghttp2,git@github.com:winlibs/nghttp2.git,5
