id,createdAt,updatedAt,pushedAt,diskUsage,isInOrganization,name,nameWithOwner,sshUrl,stargazerCount
MDEwOlJlcG9zaXRvcnkxNjM2NDU3NTU=,2018-12-31T06:38:54Z,2026-03-28T10:01:27Z,2026-03-28T10:01:23Z,8276,True,IrisBuild,mixstudiotech/IrisBuild,git@github.com:mixstudiotech/IrisBuild.git,1
MDEwOlJlcG9zaXRvcnkxNjM2MzQ1NDE=,2018-12-31T03:04:49Z,2026-05-07T08:22:18Z,2026-05-01T07:20:25Z,119460,False,op,WallBreaker2/op,git@github.com:WallBreaker2/op.git,646
MDEwOlJlcG9zaXRvcnkxNjM1NTQ4MDI=,2018-12-30T02:08:25Z,2026-04-26T09:31:30Z,2026-04-26T09:31:24Z,11951,True,BeamerPresenter,beamerpresenter/BeamerPresenter,git@github.com:beamerpresenter/BeamerPresenter.git,124
MDEwOlJlcG9zaXRvcnkxNjM1NTQxNjY=,2018-12-30T01:53:10Z,2026-04-23T21:38:24Z,2026-05-07T00:45:24Z,12940,True,uk-controller-plugin,VATSIM-UK/uk-controller-plugin,git@github.com:VATSIM-UK/uk-controller-plugin.git,26
MDEwOlJlcG9zaXRvcnkxNjM1NDkxODU=,2018-12-29T23:54:55Z,2026-04-26T03:26:15Z,2026-04-26T03:34:46Z,39956,False,libmcphase,mducle/libmcphase,git@github.com:mducle/libmcphase.git,0
MDEwOlJlcG9zaXRvcnkxNjM1MjczNTg=,2018-12-29T17:05:15Z,2026-05-04T19:02:31Z,2026-05-04T19:02:07Z,193698,True,corona,coronalabs/corona,git@github.com:coronalabs/corona.git,2817
MDEwOlJlcG9zaXRvcnkxNjM0MTk2OTI=,2018-12-28T14:36:55Z,2026-05-07T09:26:55Z,2026-04-13T09:41:24Z,13844,True,TitanEngine,x64dbg/TitanEngine,git@github.com:x64dbg/TitanEngine.git,479
MDEwOlJlcG9zaXRvcnkxNjMzMTE0NzE=,2018-12-27T15:45:04Z,2026-05-05T03:03:25Z,2026-05-06T15:07:36Z,44683,True,zano,hyle-team/zano,git@github.com:hyle-team/zano.git,160
MDEwOlJlcG9zaXRvcnkxNjI4NjgxOTY=,2018-12-23T06:34:12Z,2026-05-01T07:05:27Z,2026-05-01T07:05:23Z,12355,True,Dictionary-CPP,StarlangSoftware/Dictionary-CPP,git@github.com:StarlangSoftware/Dictionary-CPP.git,2
MDEwOlJlcG9zaXRvcnkxNjI3Nzc2NDI=,2018-12-22T03:13:57Z,2026-05-01T21:47:53Z,2026-05-01T21:47:55Z,671044,True,EU4ToVic2,ParadoxGameConverters/EU4ToVic2,git@github.com:ParadoxGameConverters/EU4ToVic2.git,47
MDEwOlJlcG9zaXRvcnkxNjI3NzAxNDM=,2018-12-22T00:47:03Z,2026-03-29T08:35:11Z,2026-03-29T08:35:08Z,2895,False,CaptureStream,CSReviser/CaptureStream,git@github.com:CSReviser/CaptureStream.git,13
MDEwOlJlcG9zaXRvcnkxNjI3MzI5ODA=,2018-12-21T16:03:03Z,2026-03-11T22:16:24Z,2026-04-17T16:55:17Z,25250,True,carma-utils,usdot-fhwa-stol/carma-utils,git@github.com:usdot-fhwa-stol/carma-utils.git,2
MDEwOlJlcG9zaXRvcnkxNjI3MjE2MTU=,2018-12-21T14:11:37Z,2026-04-02T21:35:55Z,2026-04-02T21:36:37Z,1527,True,idg,kernsuite-debian/idg,git@github.com:kernsuite-debian/idg.git,0
MDEwOlJlcG9zaXRvcnkxNjI2OTg4ODk=,2018-12-21T10:08:44Z,2026-04-08T16:28:42Z,2026-04-09T10:07:19Z,400,True,python,dqrobotics/python,git@github.com:dqrobotics/python.git,31
MDEwOlJlcG9zaXRvcnkxNjI2OTc1MjE=,2018-12-21T09:56:39Z,2026-04-08T12:33:06Z,2026-04-08T12:33:02Z,1214,True,cpp,dqrobotics/cpp,git@github.com:dqrobotics/cpp.git,45
MDEwOlJlcG9zaXRvcnkxNjI2MTY2NTI=,2018-12-20T18:31:06Z,2026-05-06T16:47:31Z,2026-05-04T18:14:37Z,161501,True,MIVisionX,ROCm/MIVisionX,git@github.com:ROCm/MIVisionX.git,212
MDEwOlJlcG9zaXRvcnkxNjI1ODgwNTA=,2018-12-20T14:09:05Z,2026-04-13T14:43:20Z,2026-04-13T14:45:39Z,1467,True,DataDistribution,AliceO2Group/DataDistribution,git@github.com:AliceO2Group/DataDistribution.git,2
MDEwOlJlcG9zaXRvcnkxNjI0NDYwMjM=,2018-12-19T14:05:33Z,2026-04-25T16:15:17Z,2026-05-06T23:55:25Z,75759,True,sphexa,sphexa-org/sphexa,git@github.com:sphexa-org/sphexa.git,104
MDEwOlJlcG9zaXRvcnkxNjI0NDAxMDA=,2018-12-19T13:18:41Z,2026-05-07T06:19:24Z,2026-05-03T00:20:06Z,89711,False,x-tools,x-tools-author/x-tools,git@github.com:x-tools-author/x-tools.git,973
MDEwOlJlcG9zaXRvcnkxNjI0MjcyMTI=,2018-12-19T11:22:06Z,2026-04-07T12:18:58Z,2026-04-07T12:18:50Z,95158,False,nos,mirmik/nos,git@github.com:mirmik/nos.git,0
MDEwOlJlcG9zaXRvcnkxNjIzOTk0MDA=,2018-12-19T07:30:06Z,2026-04-20T15:55:47Z,2026-04-20T16:13:13Z,72225,True,tvm,jrl-umi3218/tvm,git@github.com:jrl-umi3218/tvm.git,28
MDEwOlJlcG9zaXRvcnkxNjIzOTQ2OTI=,2018-12-19T06:47:21Z,2026-04-19T09:42:56Z,2026-04-19T09:42:52Z,50864,False,pyTheiaSfM,urbste/pyTheiaSfM,git@github.com:urbste/pyTheiaSfM.git,78
MDEwOlJlcG9zaXRvcnkxNjIxODYzNDc=,2018-12-17T20:30:39Z,2026-05-01T18:58:52Z,2026-05-01T18:58:47Z,66448,False,PHiLiP,dougshidong/PHiLiP,git@github.com:dougshidong/PHiLiP.git,55
MDEwOlJlcG9zaXRvcnkxNjIxODQ3Nzk=,2018-12-17T20:15:33Z,2026-03-17T06:19:28Z,2026-03-14T21:20:30Z,14766,True,PrimeWorldEditor,AxioDL/PrimeWorldEditor,git@github.com:AxioDL/PrimeWorldEditor.git,96
MDEwOlJlcG9zaXRvcnkxNjE5ODc2MzI=,2018-12-16T09:53:47Z,2026-04-25T00:49:24Z,2026-04-25T00:49:21Z,342,True,kookbook,KDE/kookbook,git@github.com:KDE/kookbook.git,17
MDEwOlJlcG9zaXRvcnkxNjE5NzQxMjk=,2018-12-16T06:24:34Z,2026-04-26T20:01:51Z,2026-03-15T20:40:47Z,2223,True,Hmm-CPP,StarlangSoftware/Hmm-CPP,git@github.com:StarlangSoftware/Hmm-CPP.git,3
MDEwOlJlcG9zaXRvcnkxNjE5NTA1NzI=,2018-12-15T23:02:37Z,2026-04-30T09:49:34Z,2026-04-09T12:12:57Z,2380,True,dbus-cxx,dbus-cxx/dbus-cxx,git@github.com:dbus-cxx/dbus-cxx.git,103
MDEwOlJlcG9zaXRvcnkxNjE3NTM0NzM=,2018-12-14T08:17:22Z,2026-03-10T07:50:22Z,2026-03-10T07:50:19Z,19782,False,nmos,martim01/nmos,git@github.com:martim01/nmos.git,8
MDEwOlJlcG9zaXRvcnkxNjE2MjAxMDQ=,2018-12-13T10:06:21Z,2026-05-07T04:30:15Z,2026-05-07T04:04:29Z,22526,True,NovelRT,novelrt/NovelRT,git@github.com:novelrt/NovelRT.git,207
MDEwOlJlcG9zaXRvcnkxNjEyNzkzNjQ=,2018-12-11T04:57:32Z,2026-05-05T14:59:40Z,2026-04-13T18:15:59Z,1783741,True,taraxa-node,Taraxa-project/taraxa-node,git@github.com:Taraxa-project/taraxa-node.git,49
MDEwOlJlcG9zaXRvcnkxNjEyNzgyNDg=,2018-12-11T04:42:46Z,2026-05-01T01:12:16Z,2026-05-01T01:12:11Z,25995,True,odgi,pangenome/odgi,git@github.com:pangenome/odgi.git,243
MDEwOlJlcG9zaXRvcnkxNjEyMjg2Mzk=,2018-12-10T19:52:30Z,2026-05-06T18:34:16Z,2026-05-06T18:34:12Z,62341,True,eccodes,ecmwf/eccodes,git@github.com:ecmwf/eccodes.git,255
MDEwOlJlcG9zaXRvcnkxNjEyMTg0MzM=,2018-12-10T18:25:40Z,2026-05-06T08:08:55Z,2026-05-06T11:44:29Z,1317242,True,tudatpy,tudat-team/tudatpy,git@github.com:tudat-team/tudatpy.git,78
MDEwOlJlcG9zaXRvcnkxNjExOTI1ODc=,2018-12-10T15:06:23Z,2026-04-22T10:00:03Z,2026-04-17T15:53:13Z,61208,True,gsElasticity,gismo/gsElasticity,git@github.com:gismo/gsElasticity.git,16
MDEwOlJlcG9zaXRvcnkxNjExNTY1NDQ=,2018-12-10T10:20:51Z,2026-05-05T21:51:35Z,2026-04-24T01:51:38Z,460,True,plasma-pass,KDE/plasma-pass,git@github.com:KDE/plasma-pass.git,33
MDEwOlJlcG9zaXRvcnkxNjEwOTIxNzM=,2018-12-09T23:44:13Z,2026-05-03T16:14:38Z,2026-03-31T00:16:12Z,64381,False,DeepC,charlesangus/DeepC,git@github.com:charlesangus/DeepC.git,117
MDEwOlJlcG9zaXRvcnkxNjEwMDI5MDM=,2018-12-09T04:08:48Z,2026-03-16T05:53:14Z,2026-03-05T00:15:11Z,441,True,LibCommon,AxioDL/LibCommon,git@github.com:AxioDL/LibCommon.git,5
MDEwOlJlcG9zaXRvcnkxNjA5ODg0Njk=,2018-12-08T23:43:13Z,2026-05-06T21:22:06Z,2026-04-29T16:18:51Z,287151,True,flexflow-train,flexflow/flexflow-train,git@github.com:flexflow/flexflow-train.git,1878
MDEwOlJlcG9zaXRvcnkxNjA5ODgxNTQ=,2018-12-08T23:37:24Z,2026-04-28T13:10:47Z,2026-04-28T13:10:27Z,623411,True,Vic2ToHoI4,ParadoxGameConverters/Vic2ToHoI4,git@github.com:ParadoxGameConverters/Vic2ToHoI4.git,29
MDEwOlJlcG9zaXRvcnkxNjA5NDk4Nzk=,2018-12-08T15:00:59Z,2026-05-04T12:22:43Z,2026-05-04T12:22:38Z,299796,True,nakama-cpp,heroiclabs/nakama-cpp,git@github.com:heroiclabs/nakama-cpp.git,88
MDEwOlJlcG9zaXRvcnkxNjA5NDQyNDg=,2018-12-08T13:56:13Z,2026-04-28T14:39:04Z,2026-03-24T10:16:43Z,45073,True,Higra,higra/Higra,git@github.com:higra/Higra.git,112
MDEwOlJlcG9zaXRvcnkxNjA2NTA1Njc=,2018-12-06T09:24:57Z,2026-04-28T11:57:47Z,2026-05-04T21:27:12Z,181,False,CppVideoStreamer,cbachhuber/CppVideoStreamer,git@github.com:cbachhuber/CppVideoStreamer.git,18
MDEwOlJlcG9zaXRvcnkxNjA2MzkyMjQ=,2018-12-06T07:53:40Z,2026-04-29T06:12:00Z,2026-04-29T06:11:56Z,6194,True,deepin-screensaver,linuxdeepin/deepin-screensaver,git@github.com:linuxdeepin/deepin-screensaver.git,14
MDEwOlJlcG9zaXRvcnkxNjA1NDgxMTE=,2018-12-05T16:37:26Z,2026-05-06T11:38:43Z,2026-05-07T09:34:13Z,10124,True,evmone,ipsilon/evmone,git@github.com:ipsilon/evmone.git,974
MDEwOlJlcG9zaXRvcnkxNjA1NDIwNzE=,2018-12-05T15:52:10Z,2026-04-07T09:59:25Z,2026-04-07T09:59:18Z,75815,True,SED-EEW-SeisComP-contributions,SED-EEW/SED-EEW-SeisComP-contributions,git@github.com:SED-EEW/SED-EEW-SeisComP-contributions.git,11
MDEwOlJlcG9zaXRvcnkxNjA1MjgxMDA=,2018-12-05T14:11:21Z,2026-04-30T15:31:59Z,2026-04-30T15:31:59Z,6956,True,SYCL-CTS,KhronosGroup/SYCL-CTS,git@github.com:KhronosGroup/SYCL-CTS.git,72
MDEwOlJlcG9zaXRvcnkxNjA0MzA3NDA=,2018-12-04T23:12:16Z,2026-05-03T11:04:59Z,2026-05-02T22:15:36Z,1048,False,clownlzss,Clownacy/clownlzss,git@github.com:Clownacy/clownlzss.git,32
MDEwOlJlcG9zaXRvcnkxNjA0MjcxMTU=,2018-12-04T22:30:50Z,2026-03-04T16:43:56Z,2026-03-04T16:42:39Z,155,True,paraglob,zeek/paraglob,git@github.com:zeek/paraglob.git,35
MDEwOlJlcG9zaXRvcnkxNjAyOTc1MzY=,2018-12-04T04:37:25Z,2026-04-07T05:49:00Z,2026-04-07T05:48:55Z,1020,True,commonItems,ParadoxGameConverters/commonItems,git@github.com:ParadoxGameConverters/commonItems.git,6
MDEwOlJlcG9zaXRvcnkxNjAyOTAwNzU=,2018-12-04T03:20:31Z,2026-05-02T09:41:55Z,2026-05-02T09:41:50Z,924,True,sharksfin,project-tsurugi/sharksfin,git@github.com:project-tsurugi/sharksfin.git,2
MDEwOlJlcG9zaXRvcnkxNjAyMTc2NTI=,2018-12-03T16:04:11Z,2026-04-29T18:11:21Z,2026-04-28T21:01:55Z,5180,True,stempy,OpenChemistry/stempy,git@github.com:OpenChemistry/stempy.git,26
MDEwOlJlcG9zaXRvcnkxNjAwODM3OTU=,2018-12-02T19:28:41Z,2026-05-07T10:09:43Z,2026-05-06T08:46:02Z,240892,True,serenity,SerenityOS/serenity,git@github.com:SerenityOS/serenity.git,33136
MDEwOlJlcG9zaXRvcnkxNTk4NzUxNDQ=,2018-11-30T20:27:45Z,2026-03-31T16:37:37Z,2026-04-14T16:43:07Z,4270,True,Remhos,CEED/Remhos,git@github.com:CEED/Remhos.git,22
MDEwOlJlcG9zaXRvcnkxNTk4NDM5ODM=,2018-11-30T15:40:42Z,2026-03-10T10:17:38Z,2026-03-10T10:17:34Z,2173,True,Pathlines,1A-OneAngstrom/Pathlines,git@github.com:1A-OneAngstrom/Pathlines.git,2
MDEwOlJlcG9zaXRvcnkxNTk4MDgyMTQ=,2018-11-30T10:35:55Z,2026-03-23T16:51:36Z,2026-03-23T16:51:45Z,2959,True,SAMSON-Developer-Tutorials,1A-OneAngstrom/SAMSON-Developer-Tutorials,git@github.com:1A-OneAngstrom/SAMSON-Developer-Tutorials.git,6
MDEwOlJlcG9zaXRvcnkxNTk3NDA5NzA=,2018-11-29T23:29:25Z,2026-03-28T05:16:12Z,2026-03-28T05:16:08Z,3489,True,VideoStream,SheinbergLab/VideoStream,git@github.com:SheinbergLab/VideoStream.git,0
MDEwOlJlcG9zaXRvcnkxNTk2Nzg3MDY=,2018-11-29T14:28:22Z,2026-05-06T23:05:51Z,2026-05-06T23:05:48Z,11497,False,Nauz-File-Detector,horsicq/Nauz-File-Detector,git@github.com:horsicq/Nauz-File-Detector.git,572
MDEwOlJlcG9zaXRvcnkxNTk1MjA5MTU=,2018-11-28T15:11:38Z,2026-05-07T05:59:56Z,2026-03-30T16:27:37Z,273610,False,Easy3D,LiangliangNan/Easy3D,git@github.com:LiangliangNan/Easy3D.git,1619
MDEwOlJlcG9zaXRvcnkxNTkxMTE3OTc=,2018-11-26T04:40:29Z,2026-04-24T23:25:15Z,2026-04-24T23:25:11Z,5938,False,reeber,mrzv/reeber,git@github.com:mrzv/reeber.git,8
MDEwOlJlcG9zaXRvcnkxNTkwOTUwMjE=,2018-11-26T01:53:15Z,2026-03-18T22:49:58Z,2026-03-19T15:40:24Z,470,True,SNLS,llnl/SNLS,git@github.com:llnl/SNLS.git,17
MDEwOlJlcG9zaXRvcnkxNTkwNDU0OTA=,2018-11-25T15:22:06Z,2026-05-07T02:46:02Z,2026-04-05T09:08:17Z,1092,False,cista,felixguendling/cista,git@github.com:felixguendling/cista.git,2212
MDEwOlJlcG9zaXRvcnkxNTg4MzI5NzE=,2018-11-23T12:56:29Z,2026-03-19T10:43:21Z,2026-03-19T10:43:17Z,72,False,jsonVariant,martinmozi/jsonVariant,git@github.com:martinmozi/jsonVariant.git,3
MDEwOlJlcG9zaXRvcnkxNTg3MDUwNzk=,2018-11-22T13:41:46Z,2026-04-28T14:50:32Z,2026-04-29T12:45:08Z,28192,True,gdk,Blockstream/gdk,git@github.com:Blockstream/gdk.git,195
MDEwOlJlcG9zaXRvcnkxNTg1NzY2MTI=,2018-11-21T16:26:18Z,2026-05-05T07:28:54Z,2026-05-05T07:28:51Z,113823,True,sight,IRCAD/sight,git@github.com:IRCAD/sight.git,83
MDEwOlJlcG9zaXRvcnkxNTg0NTg3NzA=,2018-11-20T22:22:30Z,2026-05-06T21:39:26Z,2026-05-06T21:39:22Z,8305,True,libicsneo,intrepidcs/libicsneo,git@github.com:intrepidcs/libicsneo.git,45
MDEwOlJlcG9zaXRvcnkxNTgzMTI2NzU=,2018-11-20T01:25:57Z,2026-05-07T11:30:59Z,2026-03-14T04:54:40Z,3526,False,cpp-ipc,mutouyun/cpp-ipc,git@github.com:mutouyun/cpp-ipc.git,2189
MDEwOlJlcG9zaXRvcnkxNTgyODg1MTY=,2018-11-19T20:52:21Z,2026-04-08T01:14:29Z,2026-04-08T01:14:21Z,5767,True,cadeau,Devolutions/cadeau,git@github.com:Devolutions/cadeau.git,10
MDEwOlJlcG9zaXRvcnkxNTgyODcxOTQ=,2018-11-19T20:40:34Z,2026-03-17T11:36:18Z,2026-03-17T11:36:14Z,70564,False,LineExtraction,waterben/LineExtraction,git@github.com:waterben/LineExtraction.git,2
MDEwOlJlcG9zaXRvcnkxNTc5MjI0MzA=,2018-11-16T21:19:28Z,2026-04-17T22:57:21Z,2026-04-20T09:53:08Z,155,False,pattern-bench,0x1F9F1/pattern-bench,git@github.com:0x1F9F1/pattern-bench.git,30
MDEwOlJlcG9zaXRvcnkxNTc4NTQzODg=,2018-11-16T10:51:48Z,2026-05-07T10:06:37Z,2026-05-07T10:06:33Z,29316,False,mmo,Kyoril/mmo,git@github.com:Kyoril/mmo.git,50
MDEwOlJlcG9zaXRvcnkxNTc2Mjk4NzM=,2018-11-15T00:37:50Z,2026-04-30T21:38:12Z,2026-05-04T16:54:19Z,6037,True,aws-crt-cpp,awslabs/aws-crt-cpp,git@github.com:awslabs/aws-crt-cpp.git,89
MDEwOlJlcG9zaXRvcnkxNTc1Njc5MTU=,2018-11-14T15:16:34Z,2026-04-27T05:06:56Z,2026-03-10T21:00:36Z,751,False,libmodbuspp,epsilonrt/libmodbuspp,git@github.com:epsilonrt/libmodbuspp.git,112
MDEwOlJlcG9zaXRvcnkxNTc0ODM0OTA=,2018-11-14T03:15:06Z,2026-05-05T08:36:38Z,2026-05-05T08:36:33Z,3360,True,Fossilize,ValveSoftware/Fossilize,git@github.com:ValveSoftware/Fossilize.git,750
MDEwOlJlcG9zaXRvcnkxNTc0NTI4OTc=,2018-11-13T22:00:36Z,2026-05-04T15:20:26Z,2026-04-29T01:21:35Z,3919,True,amber,google/amber,git@github.com:google/amber.git,227
MDEwOlJlcG9zaXRvcnkxNTc0NTE5NDg=,2018-11-13T21:51:08Z,2026-05-02T09:31:57Z,2026-05-01T16:24:16Z,8546,True,aws-iot-device-sdk-cpp-v2,aws/aws-iot-device-sdk-cpp-v2,git@github.com:aws/aws-iot-device-sdk-cpp-v2.git,206
MDEwOlJlcG9zaXRvcnkxNTc0MjQxNDg=,2018-11-13T18:06:24Z,2026-05-05T08:51:27Z,2026-05-05T08:51:21Z,481,True,ArduinoBLE,arduino-libraries/ArduinoBLE,git@github.com:arduino-libraries/ArduinoBLE.git,354
MDEwOlJlcG9zaXRvcnkxNTczNTAxNzM=,2018-11-13T09:00:08Z,2026-04-26T21:42:38Z,2026-04-26T21:42:35Z,1412,False,ParallelComputationExamples,akhtyamovpavel/ParallelComputationExamples,git@github.com:akhtyamovpavel/ParallelComputationExamples.git,45
MDEwOlJlcG9zaXRvcnkxNTcxOTI5MjQ=,2018-11-12T10:02:34Z,2026-04-21T08:28:16Z,2026-04-21T08:28:14Z,2720,False,SOFT2,hoppe93/SOFT2,git@github.com:hoppe93/SOFT2.git,10
MDEwOlJlcG9zaXRvcnkxNTcxOTIyNTk=,2018-11-12T09:57:16Z,2026-04-26T21:05:47Z,2026-04-26T21:05:41Z,76,False,pplx,mghazaryan/pplx,git@github.com:mghazaryan/pplx.git,24
MDEwOlJlcG9zaXRvcnkxNTcxMjE4MTM=,2018-11-11T21:14:20Z,2026-04-09T19:01:15Z,2026-05-01T21:32:31Z,283,True,jlqml,JuliaGraphics/jlqml,git@github.com:JuliaGraphics/jlqml.git,10
MDEwOlJlcG9zaXRvcnkxNTcwNTI0Njk=,2018-11-11T06:06:20Z,2026-04-30T18:32:13Z,2026-05-02T09:32:56Z,1105,True,approxmc,meelgroup/approxmc,git@github.com:meelgroup/approxmc.git,87
MDEwOlJlcG9zaXRvcnkxNTY4NjA0MTg=,2018-11-09T12:40:42Z,2026-05-06T14:56:06Z,2026-05-05T20:08:20Z,1527109,True,tracktion_engine,Tracktion/tracktion_engine,git@github.com:Tracktion/tracktion_engine.git,1384
MDEwOlJlcG9zaXRvcnkxNTY4MTgwOTA=,2018-11-09T06:09:26Z,2026-05-07T00:45:09Z,2026-05-07T00:45:06Z,132233,True,calligraplan,KDE/calligraplan,git@github.com:KDE/calligraplan.git,13
MDEwOlJlcG9zaXRvcnkxNTY3ODczNTc=,2018-11-09T00:33:14Z,2026-05-07T05:37:51Z,2026-05-01T23:29:41Z,5158,True,SEAL,microsoft/SEAL,git@github.com:microsoft/SEAL.git,3971
MDEwOlJlcG9zaXRvcnkxNTY3NTIwNjA=,2018-11-08T18:36:03Z,2026-05-06T22:51:36Z,2026-05-06T22:51:44Z,1504,True,Qtraktor,servmask/Qtraktor,git@github.com:servmask/Qtraktor.git,56
MDEwOlJlcG9zaXRvcnkxNTY3MTkzNDg=,2018-11-08T14:31:33Z,2026-04-17T04:45:09Z,2026-05-03T03:54:36Z,1966,False,CeDImu,Stovent/CeDImu,git@github.com:Stovent/CeDImu.git,95
MDEwOlJlcG9zaXRvcnkxNTY2MTQ0MDk=,2018-11-07T22:05:06Z,2026-05-03T13:53:27Z,2026-05-01T16:38:20Z,2261,True,wil,microsoft/wil,git@github.com:microsoft/wil.git,2917
MDEwOlJlcG9zaXRvcnkxNTY1NzAwMzY=,2018-11-07T15:47:25Z,2026-04-27T06:37:16Z,2026-04-27T06:37:13Z,23540,True,Aspose.Words-Cloud-SDK-for-Cpp,aspose-words-cloud/Aspose.Words-Cloud-SDK-for-Cpp,git@github.com:aspose-words-cloud/Aspose.Words-Cloud-SDK-for-Cpp.git,21
MDEwOlJlcG9zaXRvcnkxNTYzNzY5OTQ=,2018-11-06T12:00:20Z,2026-04-04T10:17:26Z,2026-04-04T10:17:21Z,1650,False,idntag,d99kris/idntag,git@github.com:d99kris/idntag.git,19
MDEwOlJlcG9zaXRvcnkxNTYyNzg2MDg=,2018-11-05T20:28:33Z,2026-05-04T14:20:04Z,2026-04-20T16:45:14Z,549,True,aws-lambda-cpp,awslabs/aws-lambda-cpp,git@github.com:awslabs/aws-lambda-cpp.git,466
MDEwOlJlcG9zaXRvcnkxNTYxNjY5NDc=,2018-11-05T05:48:13Z,2026-04-16T16:51:16Z,2026-05-04T14:17:10Z,192011,True,carta-backend,CARTAvis/carta-backend,git@github.com:CARTAvis/carta-backend.git,22
MDEwOlJlcG9zaXRvcnkxNTU3MDk0OTE=,2018-11-01T12:09:20Z,2026-05-05T06:24:11Z,2026-05-05T06:24:08Z,2263,True,OpenDocument.core,opendocument-app/OpenDocument.core,git@github.com:opendocument-app/OpenDocument.core.git,35
MDEwOlJlcG9zaXRvcnkxNTU2NzQzODk=,2018-11-01T06:55:04Z,2026-05-04T21:28:36Z,2026-05-04T17:33:17Z,69970,False,newserv,fuzziqersoftware/newserv,git@github.com:fuzziqersoftware/newserv.git,244
MDEwOlJlcG9zaXRvcnkxNTU2NDk1ODQ=,2018-11-01T02:17:19Z,2026-04-29T07:21:37Z,2026-04-14T00:53:39Z,1963,False,rtm,nfrechette/rtm,git@github.com:nfrechette/rtm.git,784
MDEwOlJlcG9zaXRvcnkxNTU2MzYzOTk=,2018-10-31T23:34:52Z,2026-05-06T18:09:29Z,2026-04-25T08:48:19Z,2987,False,RandomX,tevador/RandomX,git@github.com:tevador/RandomX.git,1606
MDEwOlJlcG9zaXRvcnkxNTU1ODAzMDY=,2018-10-31T15:27:26Z,2026-03-18T17:29:02Z,2026-04-21T14:30:55Z,32124,True,anatomist-free,brainvisa/anatomist-free,git@github.com:brainvisa/anatomist-free.git,2
MDEwOlJlcG9zaXRvcnkxNTU1NzM0NjE=,2018-10-31T14:43:29Z,2026-04-01T21:03:49Z,2026-05-06T15:02:20Z,21371,True,aims-free,brainvisa/aims-free,git@github.com:brainvisa/aims-free.git,7
MDEwOlJlcG9zaXRvcnkxNTU1NDY2NDQ=,2018-10-31T11:32:05Z,2026-03-25T12:50:22Z,2026-03-25T13:46:58Z,109840,True,wrkzcoin,wrkzcoin/wrkzcoin,git@github.com:wrkzcoin/wrkzcoin.git,23
MDEwOlJlcG9zaXRvcnkxNTU1MjA2Nzc=,2018-10-31T08:06:37Z,2026-04-22T12:00:03Z,2026-03-16T09:23:47Z,151,True,mqtt-rpc-client-qt,victronenergy/mqtt-rpc-client-qt,git@github.com:victronenergy/mqtt-rpc-client-qt.git,2
MDEwOlJlcG9zaXRvcnkxNTU0MTQ1OTM=,2018-10-30T15:59:11Z,2026-04-30T04:59:57Z,2026-04-30T04:59:53Z,19527,True,ChargeFW2,sb-ncbr/ChargeFW2,git@github.com:sb-ncbr/ChargeFW2.git,29
MDEwOlJlcG9zaXRvcnkxNTU0MTM5NTI=,2018-10-30T15:55:17Z,2026-03-11T10:50:55Z,2026-04-07T16:05:19Z,2308,True,soma-io,brainvisa/soma-io,git@github.com:brainvisa/soma-io.git,3
MDEwOlJlcG9zaXRvcnkxNTUzNTQ0MjQ=,2018-10-30T09:00:48Z,2026-04-20T18:16:16Z,2026-04-09T13:57:33Z,11060,True,Mutationpp,mutationpp/Mutationpp,git@github.com:mutationpp/Mutationpp.git,137
MDEwOlJlcG9zaXRvcnkxNTUyOTA3Njc=,2018-10-29T22:39:59Z,2026-03-23T19:34:48Z,2026-04-09T22:17:37Z,68400,True,immunotools,Immunotools/immunotools,git@github.com:Immunotools/immunotools.git,11
MDEwOlJlcG9zaXRvcnkxNTUyNTYwNjI=,2018-10-29T17:51:02Z,2026-05-05T12:34:54Z,2026-05-06T21:43:16Z,21265,True,fiction,cda-tum/fiction,git@github.com:cda-tum/fiction.git,88
MDEwOlJlcG9zaXRvcnkxNTQ5MDEzMDU=,2018-10-26T22:32:42Z,2026-04-24T22:10:48Z,2026-05-01T20:02:01Z,912257,False,Atlas-Engine,tippesi/Atlas-Engine,git@github.com:tippesi/Atlas-Engine.git,471
MDEwOlJlcG9zaXRvcnkxNTQ4ODY2NDM=,2018-10-26T19:49:36Z,2026-05-06T10:08:06Z,2026-04-29T18:44:13Z,94837,False,D3d12info,sawickiap/D3d12info,git@github.com:sawickiap/D3d12info.git,127
MDEwOlJlcG9zaXRvcnkxNTQ4NTUzMjM=,2018-10-26T15:26:30Z,2026-04-25T22:02:13Z,2026-04-25T22:02:09Z,52061,True,WindFlow,ParaGroup/WindFlow,git@github.com:ParaGroup/WindFlow.git,86
MDEwOlJlcG9zaXRvcnkxNTQ3NzM0ODk=,2018-10-26T03:42:22Z,2026-04-29T23:02:09Z,2026-05-06T08:41:04Z,1903,True,indexstore-db,swiftlang/indexstore-db,git@github.com:swiftlang/indexstore-db.git,402
MDEwOlJlcG9zaXRvcnkxNTQ2OTk4MTI=,2018-10-25T16:03:57Z,2026-04-08T15:11:25Z,2026-03-24T16:14:34Z,257,False,RemoteCaptury,thecaptury/RemoteCaptury,git@github.com:thecaptury/RemoteCaptury.git,14
MDEwOlJlcG9zaXRvcnkxNTQ0NjA1MzQ=,2018-10-24T07:51:16Z,2026-03-15T20:40:08Z,2026-03-15T20:40:04Z,217,True,DataStructure-CPP,StarlangSoftware/DataStructure-CPP,git@github.com:StarlangSoftware/DataStructure-CPP.git,2
MDEwOlJlcG9zaXRvcnkxNTQ0MjYwODY=,2018-10-24T02:23:46Z,2026-04-28T09:13:43Z,2026-05-01T00:29:50Z,46571,False,ezARPACK,krivenko/ezARPACK,git@github.com:krivenko/ezARPACK.git,20
MDEwOlJlcG9zaXRvcnkxNTQzNTY0MzU=,2018-10-23T15:53:48Z,2026-04-20T09:27:27Z,2026-04-20T09:27:22Z,37715,True,Lima-camera-dhyana,soleil-ica/Lima-camera-dhyana,git@github.com:soleil-ica/Lima-camera-dhyana.git,0
MDEwOlJlcG9zaXRvcnkxNTQzMzc2MzY=,2018-10-23T13:58:01Z,2026-04-24T09:10:42Z,2026-04-24T09:16:45Z,371,True,agrirouter-api-cpp,DKE-Data/agrirouter-api-cpp,git@github.com:DKE-Data/agrirouter-api-cpp.git,3
MDEwOlJlcG9zaXRvcnkxNTQyNTU2MDk=,2018-10-23T03:22:48Z,2026-05-06T16:50:56Z,2026-05-06T16:50:54Z,58179,False,nicegraf,nicebyte/nicegraf,git@github.com:nicebyte/nicegraf.git,219
MDEwOlJlcG9zaXRvcnkxNTQyMzM1Mjc=,2018-10-23T00:03:53Z,2026-05-06T19:39:13Z,2026-04-21T10:23:19Z,7306,False,ESP32-HUB75-MatrixPanel-DMA,mrcodetastic/ESP32-HUB75-MatrixPanel-DMA,git@github.com:mrcodetastic/ESP32-HUB75-MatrixPanel-DMA.git,1496
MDEwOlJlcG9zaXRvcnkxNTQxODAxMzU=,2018-10-22T16:46:30Z,2026-04-16T18:21:20Z,2026-04-02T18:04:55Z,33135,True,spatter,hpcgarage/spatter,git@github.com:hpcgarage/spatter.git,84
MDEwOlJlcG9zaXRvcnkxNTM5MDU5NDA=,2018-10-20T13:00:25Z,2026-05-03T08:24:26Z,2026-05-07T07:56:14Z,73908,False,Morpheus,Twon/Morpheus,git@github.com:Twon/Morpheus.git,14
MDEwOlJlcG9zaXRvcnkxNTM4NDM4MzE=,2018-10-19T21:25:39Z,2026-04-28T21:07:29Z,2026-05-06T20:28:47Z,213752,False,LiveTraffic,TwinFan/LiveTraffic,git@github.com:TwinFan/LiveTraffic.git,131
MDEwOlJlcG9zaXRvcnkxNTM4MjU1MzQ=,2018-10-19T18:28:51Z,2026-05-01T18:43:10Z,2026-05-01T18:43:08Z,24581,True,PeleC,AMReX-Combustion/PeleC,git@github.com:AMReX-Combustion/PeleC.git,210
MDEwOlJlcG9zaXRvcnkxNTM1Mjg2NzU=,2018-10-17T21:56:09Z,2026-04-27T15:19:57Z,2026-04-28T12:26:05Z,1477,False,triqs-realevol,krivenko/triqs-realevol,git@github.com:krivenko/triqs-realevol.git,1
MDEwOlJlcG9zaXRvcnkxNTM1MTY5OTA=,2018-10-17T20:07:45Z,2026-03-31T19:49:55Z,2026-03-11T18:47:09Z,443,True,hyde,adobe/hyde,git@github.com:adobe/hyde.git,340
MDEwOlJlcG9zaXRvcnkxNTM0NzEwMTE=,2018-10-17T14:28:21Z,2026-03-10T17:19:25Z,2026-03-10T17:19:20Z,2621,True,wfc,mambaru/wfc,git@github.com:mambaru/wfc.git,2
MDEwOlJlcG9zaXRvcnkxNTMzMTY5MTQ=,2018-10-16T16:19:58Z,2026-05-07T10:31:19Z,2026-04-07T19:28:23Z,12226,True,BehaviorTree.CPP,BehaviorTree/BehaviorTree.CPP,git@github.com:BehaviorTree/BehaviorTree.CPP.git,4005
MDEwOlJlcG9zaXRvcnkxNTMxNTg0ODk=,2018-10-15T17:59:17Z,2026-04-17T15:22:34Z,2026-04-17T15:22:28Z,1202,True,SlicerIGSIO,IGSIO/SlicerIGSIO,git@github.com:IGSIO/SlicerIGSIO.git,17
MDEwOlJlcG9zaXRvcnkxNTMxNDM5ODI=,2018-10-15T16:10:50Z,2026-05-03T22:51:47Z,2026-04-05T14:52:45Z,10140,False,invader,SnowyMouse/invader,git@github.com:SnowyMouse/invader.git,78
MDEwOlJlcG9zaXRvcnkxNTMwOTc2NDM=,2018-10-15T10:54:40Z,2026-05-07T11:39:55Z,2026-05-07T11:39:50Z,931727,True,openvino,openvinotoolkit/openvino,git@github.com:openvinotoolkit/openvino.git,10203
MDEwOlJlcG9zaXRvcnkxNTI5Nzc3MjU=,2018-10-14T13:38:41Z,2026-05-06T08:52:20Z,2026-05-06T09:02:47Z,344160,True,ls1-mardyn,ls1mardyn/ls1-mardyn,git@github.com:ls1mardyn/ls1-mardyn.git,32
MDEwOlJlcG9zaXRvcnkxNTI5MDUxNDI=,2018-10-13T19:03:19Z,2026-05-05T00:00:34Z,2026-04-29T21:40:59Z,2227,False,wide-integer,ckormanyos/wide-integer,git@github.com:ckormanyos/wide-integer.git,215
MDEwOlJlcG9zaXRvcnkxNTI3NTM3MjI=,2018-10-12T13:20:57Z,2026-03-15T20:33:30Z,2026-03-15T20:33:26Z,1967,True,Math-CPP,StarlangSoftware/Math-CPP,git@github.com:StarlangSoftware/Math-CPP.git,1
MDEwOlJlcG9zaXRvcnkxNTI3NTMzOTQ=,2018-10-12T13:18:30Z,2026-05-01T20:16:39Z,2026-04-16T11:23:41Z,5320,True,xeus-python,jupyter-xeus/xeus-python,git@github.com:jupyter-xeus/xeus-python.git,472
MDEwOlJlcG9zaXRvcnkxNTI2Mjc4NDk=,2018-10-11T17:11:06Z,2026-05-05T21:36:52Z,2026-05-05T21:46:41Z,21583,True,piratecash,piratecash/piratecash,git@github.com:piratecash/piratecash.git,32
MDEwOlJlcG9zaXRvcnkxNTI2MDY1MzY=,2018-10-11T14:37:07Z,2026-05-03T14:47:09Z,2026-05-02T03:12:15Z,4270246,False,DummyEngine,sergcpp/DummyEngine,git@github.com:sergcpp/DummyEngine.git,387
MDEwOlJlcG9zaXRvcnkxNTI1NjMyNDY=,2018-10-11T09:09:56Z,2026-04-18T08:12:26Z,2026-05-06T10:30:12Z,3821,True,momo,shiguredo/momo,git@github.com:shiguredo/momo.git,845
MDEwOlJlcG9zaXRvcnkxNTI1MTk3OTM=,2018-10-11T02:36:54Z,2026-04-25T16:06:11Z,2026-03-17T02:07:22Z,7105,True,rocketmq-client-cpp,apache/rocketmq-client-cpp,git@github.com:apache/rocketmq-client-cpp.git,391
MDEwOlJlcG9zaXRvcnkxNTI0Njk5NjI=,2018-10-10T18:22:18Z,2026-04-13T06:39:18Z,2026-04-13T06:39:14Z,1100,False,LogATE,el-bart/LogATE,git@github.com:el-bart/LogATE.git,4
MDEwOlJlcG9zaXRvcnkxNTI0NTg0MzI=,2018-10-10T16:54:05Z,2026-04-27T11:46:23Z,2026-04-24T16:51:14Z,311391,False,pgadmin3,levinsv/pgadmin3,git@github.com:levinsv/pgadmin3.git,68
MDEwOlJlcG9zaXRvcnkxNTI0NDU3NzY=,2018-10-10T15:22:42Z,2026-03-05T03:38:49Z,2026-03-05T03:38:46Z,4514,False,cppworkshop,Junch/cppworkshop,git@github.com:Junch/cppworkshop.git,0
MDEwOlJlcG9zaXRvcnkxNTIzOTU3MjM=,2018-10-10T09:14:49Z,2026-04-24T09:04:19Z,2026-04-24T09:04:15Z,351,True,delta,eeduro/delta,git@github.com:eeduro/delta.git,5
MDEwOlJlcG9zaXRvcnkxNTIzMzg1Njk=,2018-10-10T00:20:21Z,2026-04-17T22:51:12Z,2026-04-17T22:51:08Z,333,False,libEDMIDI,Wohlstand/libEDMIDI,git@github.com:Wohlstand/libEDMIDI.git,19
MDEwOlJlcG9zaXRvcnkxNTIzMjAxNTM=,2018-10-09T20:56:26Z,2026-05-05T11:47:31Z,2026-05-05T11:47:32Z,10981,False,ShaderWriter,DragonJoker/ShaderWriter,git@github.com:DragonJoker/ShaderWriter.git,262
MDEwOlJlcG9zaXRvcnkxNTIyNzQ0MzQ=,2018-10-09T15:20:12Z,2026-03-28T00:06:15Z,2026-05-05T23:09:23Z,658,False,common_robotics_utilities,calderpg/common_robotics_utilities,git@github.com:calderpg/common_robotics_utilities.git,26
MDEwOlJlcG9zaXRvcnkxNTIxODE5MDE=,2018-10-09T03:25:17Z,2026-05-07T06:23:33Z,2026-05-07T11:31:49Z,550646,False,Arctic-Fox,rmottola/Arctic-Fox,git@github.com:rmottola/Arctic-Fox.git,479
MDEwOlJlcG9zaXRvcnkxNTIwODYwOTQ=,2018-10-08T13:37:43Z,2026-04-14T19:10:57Z,2026-04-14T12:08:26Z,110151,True,IOHexperimenter,IOHprofiler/IOHexperimenter,git@github.com:IOHprofiler/IOHexperimenter.git,71
MDEwOlJlcG9zaXRvcnkxNTE2NzU0ODE=,2018-10-05T05:39:51Z,2026-05-07T01:50:20Z,2026-05-04T14:11:25Z,6029,True,qulacs,qulacs/qulacs,git@github.com:qulacs/qulacs.git,513
MDEwOlJlcG9zaXRvcnkxNTE2MzMyNjI=,2018-10-04T20:41:10Z,2026-03-28T12:45:21Z,2026-03-28T12:45:18Z,894,False,stereo_matching,bill2239/stereo_matching,git@github.com:bill2239/stereo_matching.git,4
MDEwOlJlcG9zaXRvcnkxNTE1NDgxNjU=,2018-10-04T09:30:24Z,2026-05-07T05:23:02Z,2026-05-07T05:22:59Z,4349,True,keurocalc,KDE/keurocalc,git@github.com:KDE/keurocalc.git,5
MDEwOlJlcG9zaXRvcnkxNTE1MjQ4MjM=,2018-10-04T05:52:28Z,2026-03-17T09:49:35Z,2026-03-17T09:49:31Z,8067,True,TurkishPropBank-CPP,StarlangSoftware/TurkishPropBank-CPP,git@github.com:StarlangSoftware/TurkishPropBank-CPP.git,2
MDEwOlJlcG9zaXRvcnkxNTEzNDgxMzU=,2018-10-03T01:53:06Z,2026-05-04T13:35:38Z,2026-05-01T17:32:58Z,5740,True,ensmallen,mlpack/ensmallen,git@github.com:mlpack/ensmallen.git,808
MDEwOlJlcG9zaXRvcnkxNTEzMDkwMTg=,2018-10-02T19:10:57Z,2026-05-07T09:57:06Z,2026-05-01T18:57:13Z,301902,True,DJV,grizzlypeak3d/DJV,git@github.com:grizzlypeak3d/DJV.git,1041
MDEwOlJlcG9zaXRvcnkxNTEyNzE1NTQ=,2018-10-02T14:47:04Z,2026-04-13T02:41:27Z,2026-03-04T22:41:17Z,2682,True,ipfixcol2,CESNET/ipfixcol2,git@github.com:CESNET/ipfixcol2.git,191
MDEwOlJlcG9zaXRvcnkxNTExMjI5NzE=,2018-10-01T16:47:13Z,2026-05-05T08:22:21Z,2026-03-13T12:36:43Z,1822,True,thingsboard-client-sdk,thingsboard/thingsboard-client-sdk,git@github.com:thingsboard/thingsboard-client-sdk.git,201
MDEwOlJlcG9zaXRvcnkxNTA4NjEwMzg=,2018-09-29T12:14:34Z,2026-03-15T20:39:50Z,2026-03-15T20:39:46Z,434,True,Util-CPP,StarlangSoftware/Util-CPP,git@github.com:StarlangSoftware/Util-CPP.git,1
MDEwOlJlcG9zaXRvcnkxNTA4NjAzNjE=,2018-09-29T12:05:36Z,2026-03-15T20:39:30Z,2026-03-15T20:39:27Z,235,True,Sampling-CPP,StarlangSoftware/Sampling-CPP,git@github.com:StarlangSoftware/Sampling-CPP.git,2
MDEwOlJlcG9zaXRvcnkxNTA3NzQyODc=,2018-09-28T17:35:52Z,2026-05-06T21:03:42Z,2026-04-25T17:37:06Z,127288,False,Osiris,danielkrupinski/Osiris,git@github.com:danielkrupinski/Osiris.git,3707
MDEwOlJlcG9zaXRvcnkxNTA3NTcxMzM=,2018-09-28T15:03:36Z,2026-04-20T12:14:18Z,2026-04-20T12:14:14Z,1203,True,Lima-camera-ufxc,soleil-ica/Lima-camera-ufxc,git@github.com:soleil-ica/Lima-camera-ufxc.git,0
MDEwOlJlcG9zaXRvcnkxNTA2NDc4Njc=,2018-09-27T21:07:07Z,2026-05-05T23:43:31Z,2026-05-01T19:46:48Z,16127,True,IXWebSocket,machinezone/IXWebSocket,git@github.com:machinezone/IXWebSocket.git,745
MDEwOlJlcG9zaXRvcnkxNTA2Mjk5OTk=,2018-09-27T18:20:53Z,2026-04-22T17:59:45Z,2026-04-22T17:59:41Z,13056,False,ctf01d,sea5kg/ctf01d,git@github.com:sea5kg/ctf01d.git,28
MDEwOlJlcG9zaXRvcnkxNTA2MjY4NDI=,2018-09-27T17:53:35Z,2026-05-06T12:48:56Z,2026-05-06T12:48:52Z,88756,True,warpx,BLAST-WarpX/warpx,git@github.com:BLAST-WarpX/warpx.git,447
MDEwOlJlcG9zaXRvcnkxNTA0ODExMDQ=,2018-09-26T19:42:46Z,2026-03-04T19:47:16Z,2026-03-04T19:46:58Z,276365,True,MBES-lib,CIDCO-dev/MBES-lib,git@github.com:CIDCO-dev/MBES-lib.git,35
MDEwOlJlcG9zaXRvcnkxNTA0NDkzNTA=,2018-09-26T15:32:52Z,2026-05-06T21:34:17Z,2026-05-06T21:38:20Z,38080,True,pisa,pisa-engine/pisa,git@github.com:pisa-engine/pisa.git,1049
MDEwOlJlcG9zaXRvcnkxNTAzNzg2Nzc=,2018-09-26T06:28:21Z,2026-05-01T16:44:08Z,2026-04-15T18:27:36Z,2561,False,HFSM2,andrew-gresyk/HFSM2,git@github.com:andrew-gresyk/HFSM2.git,612
MDEwOlJlcG9zaXRvcnkxNTAyNzAwNDM=,2018-09-25T13:30:26Z,2026-05-02T10:59:20Z,2026-05-02T10:59:16Z,3793,True,VieSchedppGUI,TUW-VieVS/VieSchedppGUI,git@github.com:TUW-VieVS/VieSchedppGUI.git,7
MDEwOlJlcG9zaXRvcnkxNTAyNjk5Mjc=,2018-09-25T13:29:34Z,2026-04-24T07:23:19Z,2026-04-24T07:23:15Z,254723,True,VieSchedpp,TUW-VieVS/VieSchedpp,git@github.com:TUW-VieVS/VieSchedpp.git,19
MDEwOlJlcG9zaXRvcnkxNTAxNTQ2Mjg=,2018-09-24T19:07:42Z,2026-05-07T05:48:35Z,2026-05-07T06:05:37Z,40228,True,FBGEMM,pytorch/FBGEMM,org-21003710@github.com:pytorch/FBGEMM.git,1558
MDEwOlJlcG9zaXRvcnkxNTAxNTA2ODE=,2018-09-24T18:36:45Z,2026-05-05T14:57:03Z,2026-04-06T14:02:09Z,297074,True,Cabana,ECP-copa/Cabana,git@github.com:ECP-copa/Cabana.git,267
MDEwOlJlcG9zaXRvcnkxNTAwNjkyOTQ=,2018-09-24T07:42:21Z,2026-05-04T14:51:26Z,2026-05-02T11:56:24Z,3156,False,GeneRax,BenoitMorel/GeneRax,git@github.com:BenoitMorel/GeneRax.git,80
MDEwOlJlcG9zaXRvcnkxNDk5NzQwNjM=,2018-09-23T10:31:35Z,2026-05-03T06:10:56Z,2026-05-03T06:10:52Z,117,True,mpi4cpp,hel-astro-lab/mpi4cpp,git@github.com:hel-astro-lab/mpi4cpp.git,7
MDEwOlJlcG9zaXRvcnkxNDk5MDI2ODM=,2018-09-22T17:57:01Z,2026-05-01T20:01:14Z,2026-05-01T20:01:10Z,18384,False,chimera,SnowyMouse/chimera,git@github.com:SnowyMouse/chimera.git,232
MDEwOlJlcG9zaXRvcnkxNDk4MjQ0Mjc=,2018-09-21T22:23:12Z,2026-04-03T13:40:37Z,2026-04-23T18:22:18Z,294,True,shift-python,hanlonlab/shift-python,git@github.com:hanlonlab/shift-python.git,65
MDEwOlJlcG9zaXRvcnkxNDk3NzEwNDA=,2018-09-21T13:58:52Z,2026-05-05T11:46:37Z,2026-05-06T12:18:25Z,117390,True,qualisys_cpp_sdk,qualisys/qualisys_cpp_sdk,git@github.com:qualisys/qualisys_cpp_sdk.git,25
MDEwOlJlcG9zaXRvcnkxNDk3NDI4OTI=,2018-09-21T09:38:48Z,2026-04-16T10:21:41Z,2026-04-16T10:22:00Z,6732,False,mitama-cpp-result,loliGothicK/mitama-cpp-result,git@github.com:loliGothicK/mitama-cpp-result.git,59
MDEwOlJlcG9zaXRvcnkxNDk0OTg0NTU=,2018-09-19T19:00:16Z,2026-05-06T23:05:40Z,2026-05-06T23:05:35Z,10128,False,atomic_queue,max0x7ba/atomic_queue,git@github.com:max0x7ba/atomic_queue.git,1852
MDEwOlJlcG9zaXRvcnkxNDk0MTEwMjk=,2018-09-19T07:35:23Z,2026-05-03T21:47:52Z,2026-03-05T18:19:46Z,3392,False,birdtray,gyunaev/birdtray,git@github.com:gyunaev/birdtray.git,910
MDEwOlJlcG9zaXRvcnkxNDkzMjA1ODU=,2018-09-18T16:40:15Z,2026-04-20T04:33:14Z,2026-04-20T04:34:28Z,121,False,wglinfo,gkv311/wglinfo,git@github.com:gkv311/wglinfo.git,23
MDEwOlJlcG9zaXRvcnkxNDkyNjA3ODk=,2018-09-18T09:15:58Z,2026-05-06T15:08:46Z,2026-05-05T07:33:07Z,43698,True,fltk,fltk/fltk,git@github.com:fltk/fltk.git,2181
MDEwOlJlcG9zaXRvcnkxNDkxODQwNTY=,2018-09-17T20:29:25Z,2026-05-06T16:40:00Z,2026-05-06T16:39:57Z,9116,True,PBE,NHERI-SimCenter/PBE,git@github.com:NHERI-SimCenter/PBE.git,18
MDEwOlJlcG9zaXRvcnkxNDkwNDI1Nzk=,2018-09-16T22:54:46Z,2026-04-29T11:43:58Z,2026-04-22T14:14:47Z,17900,True,leaf,boostorg/leaf,git@github.com:boostorg/leaf.git,339
MDEwOlJlcG9zaXRvcnkxNDkwMzU1MTE=,2018-09-16T20:59:41Z,2026-04-21T09:40:32Z,2026-04-13T16:55:30Z,80,True,pymodsecurity,pymodsecurity/pymodsecurity,git@github.com:pymodsecurity/pymodsecurity.git,89
MDEwOlJlcG9zaXRvcnkxNDkwMDAyNzU=,2018-09-16T13:50:05Z,2026-04-21T15:15:25Z,2026-04-21T15:15:08Z,20474,False,jasminegraph,miyurud/jasminegraph,git@github.com:miyurud/jasminegraph.git,21
MDEwOlJlcG9zaXRvcnkxNDg5ODQ4NjQ=,2018-09-16T10:26:36Z,2026-05-06T19:31:05Z,2026-05-06T19:30:57Z,1909,False,clvk,kpet/clvk,git@github.com:kpet/clvk.git,429
MDEwOlJlcG9zaXRvcnkxNDg4MzU0MzM=,2018-09-14T19:54:20Z,2026-05-03T02:18:25Z,2026-04-28T19:16:55Z,90587,False,OpenSeesPy,zhuminjie/OpenSeesPy,git@github.com:zhuminjie/OpenSeesPy.git,255
MDEwOlJlcG9zaXRvcnkxNDg4MjEyNTY=,2018-09-14T17:29:29Z,2026-05-07T08:03:16Z,2026-05-04T12:46:24Z,22777,True,luau,luau-lang/luau,git@github.com:luau-lang/luau.git,5512
MDEwOlJlcG9zaXRvcnkxNDg2ODMwMTc=,2018-09-13T18:49:34Z,2026-05-06T12:08:19Z,2026-05-06T14:03:58Z,67559,True,robotraconteur,robotraconteur/robotraconteur,git@github.com:robotraconteur/robotraconteur.git,76
MDEwOlJlcG9zaXRvcnkxNDg2NDA4NTM=,2018-09-13T13:21:19Z,2026-04-10T03:56:06Z,2026-04-10T03:56:00Z,5323,True,gtirb-pprinter,GrammaTech/gtirb-pprinter,git@github.com:GrammaTech/gtirb-pprinter.git,50
MDEwOlJlcG9zaXRvcnkxNDg2NDA1ODA=,2018-09-13T13:19:08Z,2026-04-24T03:40:45Z,2026-04-17T20:51:01Z,30956,True,ddisasm,GrammaTech/ddisasm,git@github.com:GrammaTech/ddisasm.git,748
MDEwOlJlcG9zaXRvcnkxNDg2MDkwMDQ=,2018-09-13T08:43:58Z,2026-05-04T08:07:50Z,2026-04-27T12:45:45Z,59724,False,VulkanSceneGraph,vsg-dev/VulkanSceneGraph,git@github.com:vsg-dev/VulkanSceneGraph.git,1759
MDEwOlJlcG9zaXRvcnkxNDg1NDczNzE=,2018-09-12T22:01:40Z,2026-04-25T02:17:59Z,2026-04-17T21:06:25Z,479,False,mem,0x1F9F1/mem,git@github.com:0x1F9F1/mem.git,157
MDEwOlJlcG9zaXRvcnkxNDg0NjQ0OTk=,2018-09-12T10:42:51Z,2026-05-06T16:04:21Z,2026-05-07T09:53:29Z,29934,True,SPTAG,microsoft/SPTAG,git@github.com:microsoft/SPTAG.git,4990
MDEwOlJlcG9zaXRvcnkxNDg0NTYzNDg=,2018-09-12T09:34:44Z,2026-05-07T07:12:37Z,2026-05-07T07:12:32Z,203265,True,escargot,Samsung/escargot,git@github.com:Samsung/escargot.git,352
MDEwOlJlcG9zaXRvcnkxNDgzOTkyMDc=,2018-09-12T00:49:34Z,2026-05-07T04:50:26Z,2026-05-06T18:14:51Z,94730,True,OpenSees,OpenSees/OpenSees,git@github.com:OpenSees/OpenSees.git,759
MDEwOlJlcG9zaXRvcnkxNDgyODg4NzI=,2018-09-11T08:55:31Z,2026-04-24T11:25:08Z,2026-04-06T21:06:26Z,189844,True,libRSF,TUC-ProAut/libRSF,git@github.com:TUC-ProAut/libRSF.git,333
MDEwOlJlcG9zaXRvcnkxNDgyMDM5NTY=,2018-09-10T18:54:11Z,2026-05-05T19:01:43Z,2026-05-05T19:01:39Z,4591,False,CatacombGL,ArnoAnsems/CatacombGL,git@github.com:ArnoAnsems/CatacombGL.git,183
MDEwOlJlcG9zaXRvcnkxNDgxNDUwMTU=,2018-09-10T11:28:56Z,2026-04-07T09:40:07Z,2026-04-07T09:40:18Z,9330,False,SQLCPPBridgeFramework,GVNG/SQLCPPBridgeFramework,git@github.com:GVNG/SQLCPPBridgeFramework.git,2
MDEwOlJlcG9zaXRvcnkxNDc4ODM1ODA=,2018-09-07T23:22:14Z,2026-05-05T18:39:44Z,2026-05-05T18:39:39Z,236893,True,incflo,AMReX-Fluids/incflo,git@github.com:AMReX-Fluids/incflo.git,52
MDEwOlJlcG9zaXRvcnkxNDc4NzkxNDU=,2018-09-07T22:05:03Z,2026-04-22T20:18:21Z,2026-04-22T20:17:54Z,20448,True,IGSIO,IGSIO/IGSIO,git@github.com:IGSIO/IGSIO.git,20
MDEwOlJlcG9zaXRvcnkxNDc4MzYyMzc=,2018-09-07T14:42:35Z,2026-05-07T07:22:34Z,2026-05-07T07:25:19Z,32623,True,DP3,lofar-astron/DP3,git@github.com:lofar-astron/DP3.git,20
MDEwOlJlcG9zaXRvcnkxNDc4MTcwMDg=,2018-09-07T11:54:09Z,2026-04-06T14:42:17Z,2026-04-06T15:01:57Z,3287,False,pichi,pichi-router/pichi,git@github.com:pichi-router/pichi.git,179
MDEwOlJlcG9zaXRvcnkxNDc4MTEzMjU=,2018-09-07T10:55:05Z,2026-05-06T03:38:49Z,2026-05-06T07:10:24Z,89930,True,Santroller,Santroller/Santroller,git@github.com:Santroller/Santroller.git,323
MDEwOlJlcG9zaXRvcnkxNDc2NzQ2NTk=,2018-09-06T13:03:55Z,2026-04-26T06:52:47Z,2026-03-16T10:20:27Z,3303,True,CAFE5,hahnlab/CAFE5,git@github.com:hahnlab/CAFE5.git,166
MDEwOlJlcG9zaXRvcnkxNDc2NjM5NTE=,2018-09-06T11:32:21Z,2026-04-27T16:10:40Z,2026-04-27T16:10:23Z,22025,True,fresnel,glotzerlab/fresnel,git@github.com:glotzerlab/fresnel.git,127
MDEwOlJlcG9zaXRvcnkxNDc2NjMwMDc=,2018-09-06T11:23:27Z,2026-05-07T02:14:27Z,2026-05-05T20:46:44Z,77980,True,hoomd-blue,glotzerlab/hoomd-blue,git@github.com:glotzerlab/hoomd-blue.git,433
MDEwOlJlcG9zaXRvcnkxNDc2MzE0NjY=,2018-09-06T07:01:10Z,2026-05-04T09:05:28Z,2026-05-04T09:05:24Z,31907,True,scipp,scipp/scipp,git@github.com:scipp/scipp.git,143
MDEwOlJlcG9zaXRvcnkxNDc0OTQxOTM=,2018-09-05T09:33:51Z,2026-05-06T13:51:49Z,2026-05-06T13:48:25Z,6402,True,otterbrix,otterbrix/otterbrix,git@github.com:otterbrix/otterbrix.git,127
MDEwOlJlcG9zaXRvcnkxNDc0NTM2MjE=,2018-09-05T03:20:39Z,2026-05-07T08:23:35Z,2026-05-07T08:23:30Z,22775,True,TarsCpp,TarsCloud/TarsCpp,git@github.com:TarsCloud/TarsCpp.git,554
MDEwOlJlcG9zaXRvcnkxNDcxMTQ4NTk=,2018-09-02T19:21:50Z,2026-05-07T05:31:05Z,2026-04-22T07:45:42Z,96,False,sudoku,mayerui/sudoku,git@github.com:mayerui/sudoku.git,1408
MDEwOlJlcG9zaXRvcnkxNDcwMzA2NzA=,2018-09-01T20:29:56Z,2026-05-05T07:43:01Z,2026-04-30T21:03:16Z,762660,False,RRS,maisvendoo/RRS,git@github.com:maisvendoo/RRS.git,179
MDEwOlJlcG9zaXRvcnkxNDY5Nzk2MDA=,2018-09-01T07:56:17Z,2026-04-30T09:43:33Z,2026-04-30T09:43:29Z,4048,False,openGJK,MattiaMontanari/openGJK,git@github.com:MattiaMontanari/openGJK.git,197
MDEwOlJlcG9zaXRvcnkxNDY5MTM2ODY=,2018-08-31T15:58:12Z,2026-05-07T01:13:20Z,2026-05-07T01:13:16Z,497,True,molecube2,nacs-lab/molecube2,git@github.com:nacs-lab/molecube2.git,1
MDEwOlJlcG9zaXRvcnkxNDY4NDIxMDE=,2018-08-31T04:34:44Z,2026-05-07T11:18:16Z,2026-05-06T17:17:03Z,20176,True,bpftrace,bpftrace/bpftrace,git@github.com:bpftrace/bpftrace.git,10088
MDEwOlJlcG9zaXRvcnkxNDY3NzYwNDg=,2018-08-30T16:20:15Z,2026-05-01T20:07:38Z,2026-05-02T17:54:23Z,437347,True,polyfem,polyfem/polyfem,git@github.com:polyfem/polyfem.git,614
MDEwOlJlcG9zaXRvcnkxNDY2NzUyNTk=,2018-08-30T00:42:43Z,2026-05-01T06:48:08Z,2026-05-01T06:48:04Z,262156,False,Game,498019199/Game,git@github.com:498019199/Game.git,2
MDEwOlJlcG9zaXRvcnkxNDY2Mzc4MjM=,2018-08-29T17:52:20Z,2026-04-28T20:43:38Z,2026-05-05T23:24:00Z,132,True,tf2_2d,locusrobotics/tf2_2d,git@github.com:locusrobotics/tf2_2d.git,11
MDEwOlJlcG9zaXRvcnkxNDY2MjUwMDI=,2018-08-29T16:02:13Z,2026-05-07T05:35:58Z,2026-04-28T07:04:50Z,86220,True,bitcoin-sv,bitcoin-sv/bitcoin-sv,git@github.com:bitcoin-sv/bitcoin-sv.git,696
MDEwOlJlcG9zaXRvcnkxNDY1MTU1MDI=,2018-08-28T22:51:39Z,2026-05-07T04:57:07Z,2026-05-05T22:51:25Z,94237,True,core,vmangos/core,git@github.com:vmangos/core.git,855
MDEwOlJlcG9zaXRvcnkxNDY0MjU2NTk=,2018-08-28T09:43:54Z,2026-04-08T14:58:28Z,2026-04-08T14:57:58Z,258,True,ILLData,UoG-Nuclear-Physics-Group/ILLData,git@github.com:UoG-Nuclear-Physics-Group/ILLData.git,1
MDEwOlJlcG9zaXRvcnkxNDYzMzE2NTE=,2018-08-27T17:31:27Z,2026-04-16T20:13:37Z,2026-04-16T20:14:15Z,969,True,a-files-updater,streamlabs/a-files-updater,git@github.com:streamlabs/a-files-updater.git,5
MDEwOlJlcG9zaXRvcnkxNDYzMDkyMzM=,2018-08-27T14:30:29Z,2026-05-06T17:47:05Z,2026-05-03T15:05:22Z,14328,False,linux-wallpaperengine,Almamu/linux-wallpaperengine,git@github.com:Almamu/linux-wallpaperengine.git,3990
MDEwOlJlcG9zaXRvcnkxNDYyMjkwOTQ=,2018-08-27T00:56:50Z,2026-04-16T21:54:29Z,2026-03-16T21:41:58Z,4159,True,dhewm3-sdk,dhewm/dhewm3-sdk,git@github.com:dhewm/dhewm3-sdk.git,77
MDEwOlJlcG9zaXRvcnkxNDYxNjIyMzI=,2018-08-26T07:58:04Z,2026-03-07T08:28:20Z,2026-03-07T08:28:17Z,615,False,fatpup,witaly-iwanow/fatpup,git@github.com:witaly-iwanow/fatpup.git,5
MDEwOlJlcG9zaXRvcnkxNDYxMzc5ODU=,2018-08-25T23:58:13Z,2026-05-06T02:02:27Z,2026-05-06T02:02:23Z,216,False,sirit,ReinUsesLisp/sirit,git@github.com:ReinUsesLisp/sirit.git,47
MDEwOlJlcG9zaXRvcnkxNDYxMDk4NTY=,2018-08-25T16:08:56Z,2026-04-20T21:57:13Z,2026-03-27T15:10:18Z,89,True,SoapyPlutoSDR,pothosware/SoapyPlutoSDR,git@github.com:pothosware/SoapyPlutoSDR.git,79
MDEwOlJlcG9zaXRvcnkxNDU5NDcwNjg=,2018-08-24T05:38:52Z,2026-05-07T08:32:41Z,2026-05-03T12:10:48Z,68633,True,KikoPlay,KikoPlayProject/KikoPlay,git@github.com:KikoPlayProject/KikoPlay.git,2143
MDEwOlJlcG9zaXRvcnkxNDU4MzQwMzM=,2018-08-23T09:49:34Z,2026-05-05T14:40:24Z,2026-05-05T14:34:37Z,1204,True,qtquicktimeline,qt/qtquicktimeline,git@github.com:qt/qtquicktimeline.git,27
MDEwOlJlcG9zaXRvcnkxNDU3NTAyODY=,2018-08-22T18:56:10Z,2026-03-02T20:58:28Z,2026-03-02T20:58:23Z,13488,False,qbot,eamon-collins/qbot,git@github.com:eamon-collins/qbot.git,1
MDEwOlJlcG9zaXRvcnkxNDU2OTIwNDY=,2018-08-22T10:12:46Z,2026-05-06T20:37:46Z,2026-05-06T20:47:14Z,185334,False,mp-units,mpusz/mp-units,git@github.com:mpusz/mp-units.git,1414
MDEwOlJlcG9zaXRvcnkxNDU2MjM0OTg=,2018-08-21T21:54:40Z,2026-05-05T16:11:14Z,2026-05-05T16:11:03Z,789,True,camp,llnl/camp,git@github.com:llnl/camp.git,98
MDEwOlJlcG9zaXRvcnkxNDUzNTY2NjU=,2018-08-20T02:33:12Z,2026-04-30T07:57:03Z,2026-03-22T05:03:28Z,203262,True,alibabacloud-nls-cpp-sdk,aliyun/alibabacloud-nls-cpp-sdk,git@github.com:aliyun/alibabacloud-nls-cpp-sdk.git,66
MDEwOlJlcG9zaXRvcnkxNDUxNDUzMjc=,2018-08-17T16:50:24Z,2026-04-07T21:20:22Z,2026-04-07T21:20:16Z,202,False,pcm_inversion,romanis/pcm_inversion,git@github.com:romanis/pcm_inversion.git,2
MDEwOlJlcG9zaXRvcnkxNDUwMjYyMjI=,2018-08-16T18:40:22Z,2026-04-18T12:15:31Z,2026-04-09T16:34:43Z,2267,False,splines-lib,andrewwillmott/splines-lib,git@github.com:andrewwillmott/splines-lib.git,338
MDEwOlJlcG9zaXRvcnkxNDUwMDc0Mzk=,2018-08-16T15:35:09Z,2026-05-06T20:38:11Z,2026-05-06T21:10:57Z,1477,True,GRSIData,GRIFFINCollaboration/GRSIData,git@github.com:GRIFFINCollaboration/GRSIData.git,3
MDEwOlJlcG9zaXRvcnkxNDQ3OTU4ODY=,2018-08-15T02:30:52Z,2026-04-20T22:13:50Z,2026-04-09T17:33:00Z,29286,True,Phoenix5-Linux-Example,CrossTheRoadElec/Phoenix5-Linux-Example,git@github.com:CrossTheRoadElec/Phoenix5-Linux-Example.git,26
MDEwOlJlcG9zaXRvcnkxNDQ2MjUwMTc=,2018-08-13T19:33:06Z,2026-04-17T21:20:55Z,2026-04-17T21:20:51Z,351,False,mdp,wdl83/mdp,git@github.com:wdl83/mdp.git,3
MDEwOlJlcG9zaXRvcnkxNDQ1OTk0OTk=,2018-08-13T15:34:58Z,2026-03-27T12:29:12Z,2026-03-27T12:29:01Z,71547,True,cedar,cedar/cedar,git@github.com:cedar/cedar.git,20
MDEwOlJlcG9zaXRvcnkxNDQ1ODQ1NDI=,2018-08-13T13:36:24Z,2026-04-15T05:43:25Z,2026-04-29T09:07:10Z,1709,True,libxayagame,xaya/libxayagame,git@github.com:xaya/libxayagame.git,20
MDEwOlJlcG9zaXRvcnkxNDQ0OTQwNDE=,2018-08-12T19:13:46Z,2026-04-16T03:46:01Z,2026-04-16T03:47:57Z,853,False,yenxo,nicktrandafil/yenxo,git@github.com:nicktrandafil/yenxo.git,11
MDEwOlJlcG9zaXRvcnkxNDQ0MjMyMzA=,2018-08-11T22:57:29Z,2026-05-05T01:41:40Z,2026-04-29T16:26:46Z,3034,False,thinker,induktio/thinker,git@github.com:induktio/thinker.git,137
MDEwOlJlcG9zaXRvcnkxNDQ0MDE4Mjc=,2018-08-11T16:39:07Z,2026-05-06T19:39:26Z,2026-05-06T19:39:21Z,1318,False,properties,gammasoft71/properties,git@github.com:gammasoft71/properties.git,16
MDEwOlJlcG9zaXRvcnkxNDQ0MDA1NDE=,2018-08-11T16:21:01Z,2026-05-03T12:14:07Z,2026-04-06T13:11:52Z,5172,False,Examples_wxWidgets,gammasoft71/Examples_wxWidgets,git@github.com:gammasoft71/Examples_wxWidgets.git,193
MDEwOlJlcG9zaXRvcnkxNDQzOTUyMjM=,2018-08-11T15:11:48Z,2026-03-18T18:01:46Z,2026-03-18T18:01:42Z,340,True,QuasarAppLib,QuasarApp/QuasarAppLib,git@github.com:QuasarApp/QuasarAppLib.git,4
MDEwOlJlcG9zaXRvcnkxNDQzOTI0MDg=,2018-08-11T14:35:00Z,2026-05-06T16:09:24Z,2026-05-03T02:27:37Z,1031,False,nativefiledialog-extended,btzy/nativefiledialog-extended,git@github.com:btzy/nativefiledialog-extended.git,992
MDEwOlJlcG9zaXRvcnkxNDQzODM0OTc=,2018-08-11T12:29:27Z,2026-05-06T19:39:01Z,2026-05-06T19:38:56Z,2202,False,Examples_Qt,gammasoft71/Examples_Qt,git@github.com:gammasoft71/Examples_Qt.git,87
MDEwOlJlcG9zaXRvcnkxNDQzNDM3MTk=,2018-08-11T00:35:51Z,2026-05-07T08:12:29Z,2026-05-07T08:12:24Z,104458,True,collector,stackrox/collector,git@github.com:stackrox/collector.git,54
MDEwOlJlcG9zaXRvcnkxNDQzMjkyMDk=,2018-08-10T20:26:16Z,2026-05-07T11:11:38Z,2026-04-28T19:08:16Z,141450,True,Crow,CrowCpp/Crow,git@github.com:CrowCpp/Crow.git,4824
MDEwOlJlcG9zaXRvcnkxNDQyMTk3OTc=,2018-08-10T01:10:31Z,2026-05-03T22:49:01Z,2026-03-27T20:05:37Z,77275,True,WebCore,ultralight-ux/WebCore,git@github.com:ultralight-ux/WebCore.git,222
MDEwOlJlcG9zaXRvcnkxNDQwNzY4OTk=,2018-08-08T23:13:22Z,2026-05-06T06:51:24Z,2026-03-02T10:22:45Z,128988,True,MDL-SDK,NVIDIA/MDL-SDK,git@github.com:NVIDIA/MDL-SDK.git,524
MDEwOlJlcG9zaXRvcnkxNDM4MTg2OTQ=,2018-08-07T04:15:08Z,2026-05-04T15:03:57Z,2026-05-06T19:27:44Z,1063,True,liboculus,apl-ocean-engineering/liboculus,git@github.com:apl-ocean-engineering/liboculus.git,24
MDEwOlJlcG9zaXRvcnkxNDM3NjI4NjA=,2018-08-06T17:45:16Z,2026-04-03T19:06:18Z,2026-03-02T19:15:53Z,8867,False,plasma5-wallpapers-dynamic,zzag/plasma5-wallpapers-dynamic,git@github.com:zzag/plasma5-wallpapers-dynamic.git,379
MDEwOlJlcG9zaXRvcnkxNDM0NjExMTc=,2018-08-03T18:34:06Z,2024-11-14T17:50:27Z,2026-03-20T13:33:57Z,6966,True,os-nghttp2,pexip/os-nghttp2,git@github.com:pexip/os-nghttp2.git,0
MDEwOlJlcG9zaXRvcnkxNDM0NTUxMTY=,2018-08-03T17:26:00Z,2026-05-07T10:48:51Z,2026-05-07T08:10:40Z,1122665,True,filament,google/filament,git@github.com:google/filament.git,20023
MDEwOlJlcG9zaXRvcnkxNDM0MjA4MTk=,2018-08-03T11:46:18Z,2026-04-23T07:15:00Z,2026-05-05T23:22:17Z,7660,True,commsdsl,commschamp/commsdsl,git@github.com:commschamp/commsdsl.git,24
MDEwOlJlcG9zaXRvcnkxNDMzMzY1NDg=,2018-08-02T19:27:06Z,2026-04-21T07:33:01Z,2026-04-21T07:32:56Z,901,False,flagser,luetge/flagser,git@github.com:luetge/flagser.git,40
MDEwOlJlcG9zaXRvcnkxNDMzMjQ3Mzc=,2018-08-02T17:19:01Z,2026-05-06T18:19:32Z,2026-05-04T23:39:19Z,95242,True,DevilutionX,diasurgical/DevilutionX,git@github.com:diasurgical/DevilutionX.git,9468
MDEwOlJlcG9zaXRvcnkxNDMxNzg2Njk=,2018-08-01T16:03:11Z,2026-03-23T21:24:04Z,2026-03-23T21:24:00Z,229,False,MSL,martysama0134/MSL,git@github.com:martysama0134/MSL.git,11
MDEwOlJlcG9zaXRvcnkxNDMxNDc5NDI=,2018-08-01T11:39:03Z,2026-05-06T10:32:45Z,2026-05-06T10:32:40Z,14666,True,nextpnr,YosysHQ/nextpnr,git@github.com:YosysHQ/nextpnr.git,1663
MDEwOlJlcG9zaXRvcnkxNDI4NzQyNDI=,2018-07-30T12:43:28Z,2026-04-16T21:38:02Z,2026-04-13T22:40:44Z,2440,False,radix-sort,gyatskov/radix-sort,git@github.com:gyatskov/radix-sort.git,7
MDEwOlJlcG9zaXRvcnkxNDI4NDA5NzU=,2018-07-30T07:31:35Z,2026-04-17T11:30:55Z,2026-04-17T11:30:50Z,1305,True,hpp-gui,humanoid-path-planner/hpp-gui,git@github.com:humanoid-path-planner/hpp-gui.git,1
MDEwOlJlcG9zaXRvcnkxNDI4MzgxMTg=,2018-07-30T07:06:06Z,2026-04-17T11:37:28Z,2026-04-17T11:37:23Z,619,True,hpp-plot,humanoid-path-planner/hpp-plot,git@github.com:humanoid-path-planner/hpp-plot.git,0
MDEwOlJlcG9zaXRvcnkxNDI4MjA3OTI=,2018-07-30T03:36:08Z,2026-05-04T19:35:24Z,2026-04-23T11:41:18Z,157,True,ITKBSplineGradient,InsightSoftwareConsortium/ITKBSplineGradient,git@github.com:InsightSoftwareConsortium/ITKBSplineGradient.git,2
MDEwOlJlcG9zaXRvcnkxNDI3OTM3ODk=,2018-07-29T20:38:49Z,2026-03-05T23:55:03Z,2026-03-05T23:55:00Z,101175,False,crow,mirmik/crow,git@github.com:mirmik/crow.git,0
MDEwOlJlcG9zaXRvcnkxNDI0NzQ3NjY=,2018-07-26T17:47:32Z,2026-04-26T12:29:03Z,2026-04-26T12:28:59Z,8926,False,mx-boot-options,AdrianTM/mx-boot-options,git@github.com:AdrianTM/mx-boot-options.git,3
MDEwOlJlcG9zaXRvcnkxNDI0NDgzMDA=,2018-07-26T13:56:22Z,2026-04-23T15:43:17Z,2026-04-23T15:43:13Z,8416,True,zserio-tutorial-cpp,ndsev/zserio-tutorial-cpp,git@github.com:ndsev/zserio-tutorial-cpp.git,11
MDEwOlJlcG9zaXRvcnkxNDI0MjM3MjI=,2018-07-26T10:07:47Z,2026-04-17T10:22:38Z,2026-04-17T10:22:35Z,3037,True,cheri-compressed-cap,CTSRD-CHERI/cheri-compressed-cap,git@github.com:CTSRD-CHERI/cheri-compressed-cap.git,9
MDEwOlJlcG9zaXRvcnkxNDIyMTA5NTA=,2018-07-24T20:43:19Z,2026-05-04T20:51:37Z,2026-05-06T23:29:13Z,65711,True,spheral,llnl/spheral,git@github.com:llnl/spheral.git,74
MDEwOlJlcG9zaXRvcnkxNDIwNDc3NjU=,2018-07-23T17:37:30Z,2026-03-18T05:43:21Z,2026-03-18T11:59:33Z,147710,True,cpp-xpx-chain,proximax-storage/cpp-xpx-chain,git@github.com:proximax-storage/cpp-xpx-chain.git,1
MDEwOlJlcG9zaXRvcnkxNDE5OTkwMjU=,2018-07-23T10:26:26Z,2026-05-02T11:20:40Z,2026-05-02T11:20:37Z,12204,False,polyhedral_common,MathieuDutSik/polyhedral_common,git@github.com:MathieuDutSik/polyhedral_common.git,11
MDEwOlJlcG9zaXRvcnkxNDE3Njk0NzM=,2018-07-21T00:41:29Z,2026-05-06T07:09:55Z,2026-05-04T19:11:17Z,1476,False,niagara,zeux/niagara,git@github.com:zeux/niagara.git,1718
MDEwOlJlcG9zaXRvcnkxNDE2ODY1MDM=,2018-07-20T08:37:51Z,2026-04-15T00:44:04Z,2026-04-15T00:43:59Z,295,True,washipad,KDE/washipad,git@github.com:KDE/washipad.git,4
MDEwOlJlcG9zaXRvcnkxNDE2NzYwNTk=,2018-07-20T07:03:27Z,2026-05-03T09:42:27Z,2026-05-04T05:16:23Z,2797615,False,remc2,turican0/remc2,git@github.com:turican0/remc2.git,132
MDEwOlJlcG9zaXRvcnkxNDE1OTE2NTA=,2018-07-19T14:32:08Z,2026-05-06T06:13:06Z,2026-05-06T06:13:02Z,109645,False,ChryslerScanner,laszlodaniel/ChryslerScanner,git@github.com:laszlodaniel/ChryslerScanner.git,84
MDEwOlJlcG9zaXRvcnkxNDE1NDgyNDA=,2018-07-19T08:26:56Z,2026-04-15T05:40:57Z,2026-04-16T19:36:49Z,507608,True,DCA,CompFUSE/DCA,git@github.com:CompFUSE/DCA.git,41
MDEwOlJlcG9zaXRvcnkxNDE0NjA2MDU=,2018-07-18T16:22:01Z,2026-05-02T01:02:37Z,2026-04-02T19:28:53Z,10805,False,delabella,msokalski/delabella,git@github.com:msokalski/delabella.git,251
MDEwOlJlcG9zaXRvcnkxNDE0MzE3MzE=,2018-07-18T12:27:43Z,2026-04-02T20:45:42Z,2026-04-24T09:28:50Z,767,True,vf-gui-translation,ZeraGmbH/vf-gui-translation,git@github.com:ZeraGmbH/vf-gui-translation.git,0
MDEwOlJlcG9zaXRvcnkxNDE0MTAyMzc=,2018-07-18T09:10:23Z,2026-03-05T17:23:03Z,2026-03-05T17:22:59Z,1193,True,openhexviewer,Seek-One/openhexviewer,git@github.com:Seek-One/openhexviewer.git,2
MDEwOlJlcG9zaXRvcnkxNDEwMjY0NzU=,2018-07-15T12:42:26Z,2026-05-04T22:28:31Z,2026-04-29T11:12:01Z,169429,True,brainflow,brainflow-dev/brainflow,git@github.com:brainflow-dev/brainflow.git,1678
MDEwOlJlcG9zaXRvcnkxNDA5ODY0MDA=,2018-07-15T00:12:40Z,2026-05-07T07:17:45Z,2026-05-03T07:34:16Z,17311,True,AdaptiveCpp,AdaptiveCpp/AdaptiveCpp,git@github.com:AdaptiveCpp/AdaptiveCpp.git,1842
MDEwOlJlcG9zaXRvcnkxNDA2MjU0Mjk=,2018-07-11T20:40:04Z,2026-05-05T23:09:15Z,2026-04-08T14:46:54Z,2833,True,quantum,bloomberg/quantum,git@github.com:bloomberg/quantum.git,628
MDEwOlJlcG9zaXRvcnkxNDA2MDYzNDg=,2018-07-11T17:10:42Z,2026-05-06T08:52:36Z,2026-05-06T08:55:04Z,6004,False,strutil,tgalaj/strutil,git@github.com:tgalaj/strutil.git,79
MDEwOlJlcG9zaXRvcnkxNDA1MzY0MzU=,2018-07-11T07:14:38Z,2026-05-05T03:55:11Z,2026-05-05T03:55:08Z,680,False,fr_math,deftio/fr_math,git@github.com:deftio/fr_math.git,33
MDEwOlJlcG9zaXRvcnkxNDAzNDU1OTk=,2018-07-09T21:46:10Z,2026-05-06T09:17:42Z,2026-05-06T19:50:34Z,822,True,message_filters,ros2/message_filters,git@github.com:ros2/message_filters.git,112
MDEwOlJlcG9zaXRvcnkxNDAzMzkxMjk=,2018-07-09T20:32:36Z,2026-03-23T22:21:02Z,2026-03-23T22:18:43Z,187401,True,tomocam,lbl-camera/tomocam,git@github.com:lbl-camera/tomocam.git,15
MDEwOlJlcG9zaXRvcnkxNDAyNTc0NDg=,2018-07-09T08:47:26Z,2026-03-04T13:56:54Z,2026-03-04T13:56:51Z,2775,False,ktelephone,StefanYohansson/ktelephone,git@github.com:StefanYohansson/ktelephone.git,21
MDEwOlJlcG9zaXRvcnkxNDAwNjExMzk=,2018-07-07T07:04:58Z,2026-04-22T11:06:10Z,2026-04-17T17:12:14Z,21643,True,WorldBuilder,GeodynamicWorldBuilder/WorldBuilder,git@github.com:GeodynamicWorldBuilder/WorldBuilder.git,37
MDEwOlJlcG9zaXRvcnkxNDAwNDE1MDY=,2018-07-07T00:48:42Z,2026-05-03T06:15:41Z,2026-04-23T12:08:16Z,2375,True,Lyra,bfgroup/Lyra,git@github.com:bfgroup/Lyra.git,586
MDEwOlJlcG9zaXRvcnkxMzk4Njg3MDk=,2018-07-05T15:30:46Z,2026-05-06T18:48:45Z,2026-05-06T18:48:42Z,51,True,console_bridge_vendor,ros2/console_bridge_vendor,git@github.com:ros2/console_bridge_vendor.git,1
MDEwOlJlcG9zaXRvcnkxMzk3NjIyNTg=,2018-07-04T20:07:40Z,2026-05-06T21:06:19Z,2026-05-06T21:06:15Z,12690,True,scopehal-apps,ngscopeclient/scopehal-apps,git@github.com:ngscopeclient/scopehal-apps.git,868
MDEwOlJlcG9zaXRvcnkxMzk2NjI0OTE=,2018-07-04T03:11:03Z,2026-04-29T01:01:50Z,2026-04-16T21:08:44Z,93553,True,dftfe,dftfeDevelopers/dftfe,git@github.com:dftfeDevelopers/dftfe.git,157
MDEwOlJlcG9zaXRvcnkxMzk1OTQ1OTM=,2018-07-03T14:22:41Z,2026-04-08T02:25:19Z,2026-03-09T10:13:59Z,66865,False,cppcore,profrog-jeon/cppcore,git@github.com:profrog-jeon/cppcore.git,53
MDEwOlJlcG9zaXRvcnkxMzk0NzI0MDk=,2018-07-02T17:16:44Z,2026-04-11T22:23:45Z,2026-03-31T14:13:55Z,10989,True,crashpad,backtrace-labs/crashpad,git@github.com:backtrace-labs/crashpad.git,131
MDEwOlJlcG9zaXRvcnkxMzkzNjgwNjc=,2018-07-01T22:51:26Z,2026-03-27T00:26:26Z,2026-03-27T00:26:24Z,37,True,manchester-analyzer,saleae/manchester-analyzer,git@github.com:saleae/manchester-analyzer.git,4
MDEwOlJlcG9zaXRvcnkxMzkzNTU0ODk=,2018-07-01T19:19:39Z,2026-03-27T00:27:07Z,2026-03-27T00:27:06Z,37,True,simple-parallel-analyzer,saleae/simple-parallel-analyzer,git@github.com:saleae/simple-parallel-analyzer.git,8
MDEwOlJlcG9zaXRvcnkxMzkzNTU0NjU=,2018-07-01T19:19:19Z,2026-03-27T00:26:55Z,2026-03-27T00:26:53Z,51,True,one-wire-analyzer,saleae/one-wire-analyzer,git@github.com:saleae/one-wire-analyzer.git,13
MDEwOlJlcG9zaXRvcnkxMzkzNTU0NTM=,2018-07-01T19:19:11Z,2026-03-27T00:26:49Z,2026-03-27T00:26:47Z,103,True,modbus-analyzer,saleae/modbus-analyzer,git@github.com:saleae/modbus-analyzer.git,11
MDEwOlJlcG9zaXRvcnkxMzkzNTUyMzk=,2018-07-01T19:15:33Z,2026-03-27T00:26:20Z,2026-03-27T00:26:18Z,37,True,lin-analyzer,saleae/lin-analyzer,git@github.com:saleae/lin-analyzer.git,8
MDEwOlJlcG9zaXRvcnkxMzkzNTUyMzE=,2018-07-01T19:15:26Z,2026-03-27T00:26:14Z,2026-03-27T00:26:12Z,50,True,jtag-analyzer,saleae/jtag-analyzer,git@github.com:saleae/jtag-analyzer.git,18
MDEwOlJlcG9zaXRvcnkxMzkzNTUyMjQ=,2018-07-01T19:15:19Z,2026-03-27T00:26:08Z,2026-03-27T00:26:06Z,41,True,i2s-analyzer,saleae/i2s-analyzer,git@github.com:saleae/i2s-analyzer.git,6
MDEwOlJlcG9zaXRvcnkxMzkzNTUyMTc=,2018-07-01T19:15:13Z,2026-03-27T00:26:02Z,2026-03-27T00:26:01Z,44,True,i2c-analyzer,saleae/i2c-analyzer,git@github.com:saleae/i2c-analyzer.git,21
MDEwOlJlcG9zaXRvcnkxMzkzNTUxOTM=,2018-07-01T19:14:49Z,2026-03-27T00:25:45Z,2026-03-27T00:25:44Z,37,True,hd44780-analyzer,saleae/hd44780-analyzer,git@github.com:saleae/hd44780-analyzer.git,3
MDEwOlJlcG9zaXRvcnkxMzkzNTUxODQ=,2018-07-01T19:14:41Z,2026-03-27T00:25:39Z,2026-03-27T00:25:38Z,26,True,dmx-512-analyzer,saleae/dmx-512-analyzer,git@github.com:saleae/dmx-512-analyzer.git,4
MDEwOlJlcG9zaXRvcnkxMzkzNTUxNzM=,2018-07-01T19:14:34Z,2026-04-15T06:08:10Z,2026-03-27T00:25:32Z,36,True,can-analyzer,saleae/can-analyzer,git@github.com:saleae/can-analyzer.git,27
MDEwOlJlcG9zaXRvcnkxMzkzNTUxNjQ=,2018-07-01T19:14:26Z,2026-03-27T00:25:28Z,2026-03-27T00:25:26Z,32,True,biss-analyzer,saleae/biss-analyzer,git@github.com:saleae/biss-analyzer.git,3
MDEwOlJlcG9zaXRvcnkxMzkzNTQ4OTE=,2018-07-01T19:10:37Z,2026-03-27T00:25:17Z,2026-03-27T00:25:15Z,28,True,async-rgb-led-analyzer,saleae/async-rgb-led-analyzer,git@github.com:saleae/async-rgb-led-analyzer.git,8
MDEwOlJlcG9zaXRvcnkxMzkzNTQ3OTQ=,2018-07-01T19:09:14Z,2026-03-27T00:14:05Z,2026-03-27T00:14:03Z,74,True,serial-analyzer,saleae/serial-analyzer,git@github.com:saleae/serial-analyzer.git,19
MDEwOlJlcG9zaXRvcnkxMzkyNDU2ODE=,2018-06-30T11:56:49Z,2026-05-05T09:30:28Z,2026-05-05T09:30:24Z,13763,True,CADR,Rendering-FIT/CADR,git@github.com:Rendering-FIT/CADR.git,23
MDEwOlJlcG9zaXRvcnkxMzkxOTQ3NTU=,2018-06-29T20:50:46Z,2026-05-07T09:50:53Z,2026-05-07T08:02:43Z,39565,True,OvenMediaEngine,OvenMediaLabs/OvenMediaEngine,git@github.com:OvenMediaLabs/OvenMediaEngine.git,3130
MDEwOlJlcG9zaXRvcnkxMzkxNzY5NTc=,2018-06-29T17:22:00Z,2026-05-05T21:52:56Z,2026-04-23T13:31:06Z,17944,True,AERA,IIIM-IS/AERA,git@github.com:IIIM-IS/AERA.git,17
MDEwOlJlcG9zaXRvcnkxMzg5NDE2Nzg=,2018-06-27T23:05:27Z,2026-03-27T00:27:18Z,2026-03-27T00:27:16Z,35,True,spi-analyzer,saleae/spi-analyzer,git@github.com:saleae/spi-analyzer.git,24
MDEwOlJlcG9zaXRvcnkxMzg4MjEwMzE=,2018-06-27T02:46:08Z,2026-05-05T19:33:04Z,2026-05-05T19:32:58Z,116,False,units,ajakhotia/units,git@github.com:ajakhotia/units.git,7
MDEwOlJlcG9zaXRvcnkxMzg3ODI0MzE=,2018-06-26T19:15:52Z,2026-05-06T20:20:12Z,2026-05-05T12:32:54Z,841,False,kraken2,DerrickWood/kraken2,git@github.com:DerrickWood/kraken2.git,897
MDEwOlJlcG9zaXRvcnkxMzg3ODA1Nzc=,2018-06-26T18:57:25Z,2026-05-01T23:15:05Z,2026-05-05T18:30:18Z,51985,True,IBLGF-AMR,ComputationalFlowPhysics/IBLGF-AMR,git@github.com:ComputationalFlowPhysics/IBLGF-AMR.git,9
MDEwOlJlcG9zaXRvcnkxMzg3NTQ3OTA=,2018-06-26T15:04:45Z,2026-05-07T10:15:55Z,2026-05-06T16:30:29Z,439473,True,duckdb,duckdb/duckdb,git@github.com:duckdb/duckdb.git,37979
MDEwOlJlcG9zaXRvcnkxMzg1MTkwNjU=,2018-06-24T22:14:16Z,2026-04-27T10:09:37Z,2026-04-27T10:09:33Z,1660,False,Arqiver,tsujan/Arqiver,git@github.com:tsujan/Arqiver.git,70
MDEwOlJlcG9zaXRvcnkxMzg0MzY1Mzc=,2018-06-23T22:03:10Z,2026-04-09T05:27:42Z,2026-05-06T20:02:17Z,1043827,False,Floating-Sandbox,GabrieleGiuseppini/Floating-Sandbox,git@github.com:GabrieleGiuseppini/Floating-Sandbox.git,84
MDEwOlJlcG9zaXRvcnkxMzg0MjQ2Mzc=,2018-06-23T18:26:38Z,2026-03-25T05:08:17Z,2026-03-14T15:06:46Z,19014,False,colibrigui,darksylinc/colibrigui,git@github.com:darksylinc/colibrigui.git,26
MDEwOlJlcG9zaXRvcnkxMzgzNjgyNTk=,2018-06-23T03:30:41Z,2026-05-07T11:38:39Z,2026-05-07T00:53:23Z,109109,True,neutralinojs,neutralinojs/neutralinojs,git@github.com:neutralinojs/neutralinojs.git,8491
MDEwOlJlcG9zaXRvcnkxMzgxNjY0NjI=,2018-06-21T12:19:50Z,2026-03-30T10:02:04Z,2026-03-30T10:01:57Z,2053,True,artic,AnyDSL/artic,git@github.com:AnyDSL/artic.git,30
MDEwOlJlcG9zaXRvcnkxMzgwMzI1MTE=,2018-06-20T12:52:29Z,2026-03-22T08:46:30Z,2026-04-17T13:38:39Z,9940,True,libcosim,open-simulation-platform/libcosim,git@github.com:open-simulation-platform/libcosim.git,72
MDEwOlJlcG9zaXRvcnkxMzgwMzEyOTk=,2018-06-20T12:41:49Z,2026-03-30T06:10:44Z,2026-03-30T06:10:40Z,19701,False,MFrontGenericInterfaceSupport,thelfer/MFrontGenericInterfaceSupport,git@github.com:thelfer/MFrontGenericInterfaceSupport.git,41
MDEwOlJlcG9zaXRvcnkxMzc3OTk1NTA=,2018-06-18T19:53:51Z,2026-03-27T09:42:14Z,2026-03-25T08:54:14Z,352,True,sio2jail,sio2project/sio2jail,git@github.com:sio2project/sio2jail.git,39
MDEwOlJlcG9zaXRvcnkxMzc2NzYxNTg=,2018-06-17T18:14:49Z,2026-04-19T23:52:09Z,2026-04-19T23:52:06Z,448,False,luawrapper,alexames/luawrapper,git@github.com:alexames/luawrapper.git,0
MDEwOlJlcG9zaXRvcnkxMzc1NzEyODk=,2018-06-16T10:04:57Z,2026-05-07T11:27:53Z,2026-05-04T17:25:14Z,134322,True,tetgen,pyvista/tetgen,git@github.com:pyvista/tetgen.git,299
MDEwOlJlcG9zaXRvcnkxMzc1NDg5OTM=,2018-06-16T03:04:33Z,2026-05-04T12:36:54Z,2026-05-03T00:30:40Z,6953,True,prevail,vbpf/prevail,git@github.com:vbpf/prevail.git,461
MDEwOlJlcG9zaXRvcnkxMzc1Mjk5MDA=,2018-06-15T20:36:53Z,2026-05-07T03:24:39Z,2026-05-01T14:16:06Z,24495,False,RmlUi,mikke89/RmlUi,git@github.com:mikke89/RmlUi.git,4041
MDEwOlJlcG9zaXRvcnkxMzc0ODIzMDE=,2018-06-15T11:57:17Z,2026-05-05T14:07:00Z,2026-05-05T17:15:58Z,12531,True,LBPM,OPM/LBPM,git@github.com:OPM/LBPM.git,88
MDEwOlJlcG9zaXRvcnkxMzczMTk0MjE=,2018-06-14T07:02:26Z,2026-03-29T11:11:31Z,2026-03-14T10:49:26Z,2841,False,bino,marlam/bino,git@github.com:marlam/bino.git,76
MDEwOlJlcG9zaXRvcnkxMzcyMjU2NDg=,2018-06-13T14:17:32Z,2026-04-20T14:58:04Z,2026-04-05T17:28:56Z,19878,False,Thermal-FIST,vlvovch/Thermal-FIST,git@github.com:vlvovch/Thermal-FIST.git,19
MDEwOlJlcG9zaXRvcnkxMzcwNTg1NzU=,2018-06-12T10:53:15Z,2026-05-05T16:03:54Z,2026-03-27T14:51:22Z,7424,True,pfaedle,ad-freiburg/pfaedle,git@github.com:ad-freiburg/pfaedle.git,270
MDEwOlJlcG9zaXRvcnkxMzY5NzcxODI=,2018-06-11T20:25:41Z,2026-04-28T22:07:54Z,2026-04-28T22:07:49Z,21524,True,gtirb,GrammaTech/gtirb,git@github.com:GrammaTech/gtirb.git,357
MDEwOlJlcG9zaXRvcnkxMzY5NDU5MDc=,2018-06-11T15:31:26Z,2026-04-27T13:26:40Z,2026-04-11T17:26:11Z,455030,True,seqwish,pangenome/seqwish,git@github.com:pangenome/seqwish.git,159
MDEwOlJlcG9zaXRvcnkxMzY5MzA0ODc=,2018-06-11T13:30:44Z,2026-04-06T10:15:33Z,2026-05-07T10:56:03Z,16504,True,xmipp3,I2PC/xmipp3,git@github.com:I2PC/xmipp3.git,43
MDEwOlJlcG9zaXRvcnkxMzY5MjA4NzQ=,2018-06-11T12:07:22Z,2026-05-07T09:18:38Z,2026-05-07T09:18:24Z,21348,True,allpix-squared,allpix-squared/allpix-squared,git@github.com:allpix-squared/allpix-squared.git,16
MDEwOlJlcG9zaXRvcnkxMzY4MzU3NTE=,2018-06-10T18:47:24Z,2026-04-30T23:09:02Z,2026-04-30T23:30:36Z,482737,True,open-space-toolkit-astrodynamics,open-space-collective/open-space-toolkit-astrodynamics,git@github.com:open-space-collective/open-space-toolkit-astrodynamics.git,81
MDEwOlJlcG9zaXRvcnkxMzY4MzU1ODM=,2018-06-10T18:44:58Z,2026-04-08T23:00:26Z,2026-04-08T23:00:22Z,145443,True,open-space-toolkit-physics,open-space-collective/open-space-toolkit-physics,git@github.com:open-space-collective/open-space-toolkit-physics.git,27
MDEwOlJlcG9zaXRvcnkxMzY4MzUwMDg=,2018-06-10T18:37:02Z,2026-04-08T22:32:13Z,2026-04-08T22:32:10Z,5333,True,open-space-toolkit-io,open-space-collective/open-space-toolkit-io,git@github.com:open-space-collective/open-space-toolkit-io.git,16
MDEwOlJlcG9zaXRvcnkxMzY4MzQ4ODA=,2018-06-10T18:35:03Z,2026-04-10T19:46:40Z,2026-04-10T19:46:37Z,30982,True,open-space-toolkit-mathematics,open-space-collective/open-space-toolkit-mathematics,git@github.com:open-space-collective/open-space-toolkit-mathematics.git,18
MDEwOlJlcG9zaXRvcnkxMzY4MzQ3MDA=,2018-06-10T18:32:32Z,2026-04-08T22:32:05Z,2026-04-08T22:31:56Z,16219,True,open-space-toolkit-core,open-space-collective/open-space-toolkit-core,git@github.com:open-space-collective/open-space-toolkit-core.git,23
MDEwOlJlcG9zaXRvcnkxMzY3NDY0ODQ=,2018-06-09T18:03:14Z,2026-05-05T02:18:42Z,2026-04-27T07:27:23Z,6561,True,alive2,AliveToolkit/alive2,git@github.com:AliveToolkit/alive2.git,1098
MDEwOlJlcG9zaXRvcnkxMzY3MDU5NzE=,2018-06-09T08:40:19Z,2026-05-05T04:22:01Z,2026-04-15T14:16:59Z,22400,True,Vitruvian,VitruvianOS/Vitruvian,git@github.com:VitruvianOS/Vitruvian.git,215
MDEwOlJlcG9zaXRvcnkxMzY2MDE3NTk=,2018-06-08T10:01:28Z,2026-05-05T16:59:00Z,2026-05-05T16:58:56Z,487,True,simCodeEditor,CoppeliaRobotics/simCodeEditor,git@github.com:CoppeliaRobotics/simCodeEditor.git,1
MDEwOlJlcG9zaXRvcnkxMzY0NTc5NDk=,2018-06-07T09:58:47Z,2026-05-05T13:31:53Z,2026-05-05T14:31:55Z,274565,True,ALBA,IOR-BIC/ALBA,git@github.com:IOR-BIC/ALBA.git,12
MDEwOlJlcG9zaXRvcnkxMzYzMzA5NDQ=,2018-06-06T13:14:27Z,2026-05-05T02:16:58Z,2026-05-05T02:17:54Z,89882,True,tesseract,tesseract-robotics/tesseract,git@github.com:tesseract-robotics/tesseract.git,357
MDEwOlJlcG9zaXRvcnkxMzYyMTIzNDc=,2018-06-05T17:30:49Z,2026-04-10T17:39:59Z,2026-04-10T17:39:54Z,153,True,VASSTAlgorithms,VASST/VASSTAlgorithms,git@github.com:VASST/VASSTAlgorithms.git,0
MDEwOlJlcG9zaXRvcnkxMzYxODgwNTc=,2018-06-05T14:15:42Z,2026-05-04T16:13:29Z,2026-04-25T16:16:20Z,50830,True,alive_reversing,AliveTeam/alive_reversing,git@github.com:AliveTeam/alive_reversing.git,419
MDEwOlJlcG9zaXRvcnkxMzYxMjY5MDQ=,2018-06-05T05:51:44Z,2026-04-26T12:33:38Z,2026-04-26T12:33:33Z,8768,True,mx-cleanup,MX-Linux/mx-cleanup,git@github.com:MX-Linux/mx-cleanup.git,11
MDEwOlJlcG9zaXRvcnkxMzYwOTA4MjA=,2018-06-04T22:44:09Z,2026-05-04T00:35:16Z,2026-05-04T00:35:12Z,299,False,VulkanEngine,g4tobauer/VulkanEngine,git@github.com:g4tobauer/VulkanEngine.git,0
MDEwOlJlcG9zaXRvcnkxMzYwNzk0OTE=,2018-06-04T20:33:42Z,2026-03-31T05:36:39Z,2026-05-04T22:34:28Z,5489,True,roctracer,ROCm/roctracer,git@github.com:ROCm/roctracer.git,84
MDEwOlJlcG9zaXRvcnkxMzU3NjgwMzc=,2018-06-01T22:18:01Z,2026-05-06T18:52:36Z,2026-05-06T18:52:31Z,505396,True,DALI,NVIDIA/DALI,git@github.com:NVIDIA/DALI.git,5686
MDEwOlJlcG9zaXRvcnkxMzU3MjY5MTI=,2018-06-01T14:20:36Z,2026-05-04T09:26:44Z,2026-03-07T19:25:50Z,416,True,linuxdeploy-plugin-qt,linuxdeploy/linuxdeploy-plugin-qt,git@github.com:linuxdeploy/linuxdeploy-plugin-qt.git,151
MDEwOlJlcG9zaXRvcnkxMzU3MDg5NDI=,2018-06-01T11:21:10Z,2026-04-21T05:29:50Z,2026-04-21T05:29:46Z,3680,True,dune-functions,dune-project/dune-functions,git@github.com:dune-project/dune-functions.git,4
MDEwOlJlcG9zaXRvcnkxMzU3MDg3MTM=,2018-06-01T11:18:46Z,2026-03-13T10:13:38Z,2026-04-09T10:08:15Z,19652,True,dune-uggrid,dune-project/dune-uggrid,git@github.com:dune-project/dune-uggrid.git,3
MDEwOlJlcG9zaXRvcnkxMzU1NTg5ODU=,2018-05-31T09:00:20Z,2026-04-27T12:19:35Z,2026-05-07T10:23:34Z,29573,True,SHOT,coin-or/SHOT,git@github.com:coin-or/SHOT.git,132
MDEwOlJlcG9zaXRvcnkxMzU1MDIwOTQ=,2018-05-30T22:04:22Z,2026-05-06T22:49:22Z,2026-05-07T10:19:39Z,136901,True,XRT,Xilinx/XRT,org-3189299@github.com:Xilinx/XRT.git,661
MDEwOlJlcG9zaXRvcnkxMzUzMjkwODA=,2018-05-29T17:14:26Z,2026-05-01T14:53:21Z,2026-05-01T14:53:17Z,3235,False,yactfr,eepp/yactfr,git@github.com:eepp/yactfr.git,5
MDEwOlJlcG9zaXRvcnkxMzUyOTg2MjI=,2018-05-29T13:16:44Z,2026-03-15T08:15:31Z,2026-03-15T08:15:28Z,19981,True,pan,GNOME/pan,git@github.com:GNOME/pan.git,14
MDEwOlJlcG9zaXRvcnkxMzUwODUxMjM=,2018-05-27T22:09:04Z,2026-04-30T21:12:31Z,2026-04-30T21:12:26Z,54,False,Eigen34,terzakig/Eigen34,git@github.com:terzakig/Eigen34.git,0
MDEwOlJlcG9zaXRvcnkxMzUwMDcxNjQ=,2018-05-27T01:39:46Z,2026-04-10T02:20:57Z,2026-04-10T02:20:53Z,470,True,distro-release-notifier,KDE/distro-release-notifier,git@github.com:KDE/distro-release-notifier.git,4
MDEwOlJlcG9zaXRvcnkxMzQ4OTQ1MDE=,2018-05-25T19:03:17Z,2026-05-03T13:39:03Z,2026-05-03T13:38:58Z,9,True,arg-parser,minecraft-linux/arg-parser,git@github.com:minecraft-linux/arg-parser.git,1
MDEwOlJlcG9zaXRvcnkxMzQ4NDI4MzE=,2018-05-25T10:41:24Z,2026-04-17T08:47:48Z,2026-04-17T08:47:44Z,2843,False,structural_application,vryy/structural_application,git@github.com:vryy/structural_application.git,1
MDEwOlJlcG9zaXRvcnkxMzQ4MjYzMDQ=,2018-05-25T08:18:41Z,2026-05-04T17:47:08Z,2026-04-24T12:52:51Z,4883,True,PHARE,PHAREHUB/PHARE,git@github.com:PHAREHUB/PHARE.git,76
MDEwOlJlcG9zaXRvcnkxMzQ3MjU1MzI=,2018-05-24T14:17:07Z,2026-04-26T15:13:46Z,2026-04-23T20:32:54Z,797,True,snort3_extra,snort3/snort3_extra,git@github.com:snort3/snort3_extra.git,44
MDEwOlJlcG9zaXRvcnkxMzQ2MjU4NjU=,2018-05-23T21:10:25Z,2026-05-04T09:26:44Z,2026-04-27T00:57:48Z,685,True,linuxdeploy,linuxdeploy/linuxdeploy,git@github.com:linuxdeploy/linuxdeploy.git,768
MDEwOlJlcG9zaXRvcnkxMzQ0ODMyNjg=,2018-05-22T22:37:56Z,2026-04-25T14:52:07Z,2026-05-04T22:33:37Z,11212,True,rocSOLVER,ROCm/rocSOLVER,git@github.com:ROCm/rocSOLVER.git,116
MDEwOlJlcG9zaXRvcnkxMzQxODcyMzg=,2018-05-20T21:12:48Z,2026-04-27T20:25:29Z,2026-04-27T20:25:24Z,858,False,qolibri,mvf/qolibri,git@github.com:mvf/qolibri.git,192
MDEwOlJlcG9zaXRvcnkxMzQxNjMzMjY=,2018-05-20T15:38:24Z,2026-03-27T08:27:47Z,2026-03-27T08:27:44Z,37,False,qble,piggz/qble,git@github.com:piggz/qble.git,3
MDEwOlJlcG9zaXRvcnkxMzQwNTc5Njk=,2018-05-19T12:02:06Z,2026-05-02T03:37:40Z,2026-05-04T08:18:42Z,115523,True,sakura,sakura-editor/sakura,git@github.com:sakura-editor/sakura.git,1433
MDEwOlJlcG9zaXRvcnkxMzQwNTUzODI=,2018-05-19T11:20:29Z,2026-04-29T15:16:43Z,2026-05-04T12:38:02Z,2455,False,wgms3d,jkrimmer/wgms3d,git@github.com:jkrimmer/wgms3d.git,0
MDEwOlJlcG9zaXRvcnkxMzQwNDcwNzQ=,2018-05-19T09:11:03Z,2026-05-06T18:30:21Z,2026-05-06T18:30:12Z,34050,False,lgtbot,Slontia/lgtbot,git@github.com:Slontia/lgtbot.git,30
MDEwOlJlcG9zaXRvcnkxMzM4NDk5Njg=,2018-05-17T17:57:33Z,2026-05-06T17:47:02Z,2026-05-06T17:46:59Z,167957,True,gfxreconstruct,LunarG/gfxreconstruct,git@github.com:LunarG/gfxreconstruct.git,555
MDEwOlJlcG9zaXRvcnkxMzM4MzMwMzY=,2018-05-17T15:26:56Z,2026-05-06T17:51:54Z,2026-05-07T04:47:28Z,3837,True,pumi-pic,SCOREC/pumi-pic,git@github.com:SCOREC/pumi-pic.git,43
MDEwOlJlcG9zaXRvcnkxMzM3OTYzOTE=,2018-05-17T10:16:21Z,2026-05-06T19:33:29Z,2026-03-25T15:54:04Z,2937,True,pluginval,Tracktion/pluginval,git@github.com:Tracktion/pluginval.git,532
MDEwOlJlcG9zaXRvcnkxMzM3MzcxNDM=,2018-05-17T00:24:24Z,2026-05-01T18:26:48Z,2026-05-05T13:36:33Z,5305,True,glTF-SDK,microsoft/glTF-SDK,git@github.com:microsoft/glTF-SDK.git,612
MDEwOlJlcG9zaXRvcnkxMzM2Mzk3MDg=,2018-05-16T09:09:06Z,2026-04-26T09:58:27Z,2026-05-04T20:08:38Z,1453,True,fastscapelib,fastscape-lem/fastscapelib,git@github.com:fastscape-lem/fastscapelib.git,44
MDEwOlJlcG9zaXRvcnkxMzM1OTYxNTg=,2018-05-16T01:59:15Z,2026-05-05T00:19:55Z,2026-05-06T21:46:16Z,1384439,False,PhasmaEngine,christoskaramou/PhasmaEngine,git@github.com:christoskaramou/PhasmaEngine.git,48
MDEwOlJlcG9zaXRvcnkxMzM1ODI5NDY=,2018-05-15T23:12:06Z,2026-05-07T10:10:08Z,2026-04-29T22:38:14Z,67100,False,slam_toolbox,SteveMacenski/slam_toolbox,git@github.com:SteveMacenski/slam_toolbox.git,2455
MDEwOlJlcG9zaXRvcnkxMzM0MzE0NzA=,2018-05-14T23:06:58Z,2026-04-14T06:24:02Z,2026-04-14T06:24:16Z,8157,True,datasketches-cpp,apache/datasketches-cpp,git@github.com:apache/datasketches-cpp.git,257
MDEwOlJlcG9zaXRvcnkxMzM0MjQ0MDU=,2018-05-14T21:37:12Z,2026-05-06T00:37:52Z,2026-05-06T00:37:48Z,86984,True,EE-UQ,NHERI-SimCenter/EE-UQ,git@github.com:NHERI-SimCenter/EE-UQ.git,22
MDEwOlJlcG9zaXRvcnkxMzMzODM3NzU=,2018-05-14T15:34:42Z,2026-05-07T08:52:21Z,2026-05-07T08:52:18Z,674,True,cppext,ChimeraTK/cppext,git@github.com:ChimeraTK/cppext.git,2
MDEwOlJlcG9zaXRvcnkxMzMzMDY1MDM=,2018-05-14T04:52:22Z,2026-05-07T01:58:13Z,2026-05-07T02:39:48Z,250389,True,InterSpec,sandialabs/InterSpec,git@github.com:sandialabs/InterSpec.git,217
MDEwOlJlcG9zaXRvcnkxMzMyNzg3MjE=,2018-05-13T22:20:30Z,2026-05-05T23:28:32Z,2026-05-05T23:43:17Z,3780,False,testplugin_pi,jongough/testplugin_pi,git@github.com:jongough/testplugin_pi.git,4
MDEwOlJlcG9zaXRvcnkxMzMxODUwMTY=,2018-05-12T21:33:58Z,2026-05-03T18:52:56Z,2026-05-03T18:52:52Z,10110,False,kanzi-cpp,flanglet/kanzi-cpp,git@github.com:flanglet/kanzi-cpp.git,215
MDEwOlJlcG9zaXRvcnkxMzMxNTk4Njk=,2018-05-12T15:44:12Z,2026-05-02T06:51:40Z,2026-03-11T00:55:25Z,8780,True,libdjinterop,xsco/libdjinterop,git@github.com:xsco/libdjinterop.git,75
MDEwOlJlcG9zaXRvcnkxMzI5NjY0OTk=,2018-05-10T23:55:58Z,2026-05-06T18:42:10Z,2026-05-06T18:42:07Z,80,True,libyaml_vendor,ros2/libyaml_vendor,git@github.com:ros2/libyaml_vendor.git,3
MDEwOlJlcG9zaXRvcnkxMzI5NDQ5NDk=,2018-05-10T19:23:50Z,2026-04-21T20:05:20Z,2026-05-03T17:23:34Z,76637,True,genie,tnt-LUH/genie,git@github.com:tnt-LUH/genie.git,49
MDEwOlJlcG9zaXRvcnkxMzI4MTM1ODU=,2018-05-09T21:14:32Z,2026-04-28T01:48:17Z,2026-04-28T01:48:14Z,9570,True,buho,KDE/buho,git@github.com:KDE/buho.git,10
MDEwOlJlcG9zaXRvcnkxMzI1NjU2MTA=,2018-05-08T06:40:51Z,2026-04-14T02:03:51Z,2026-04-04T23:51:29Z,213555,False,V4Hero,owodzeg/V4Hero,git@github.com:owodzeg/V4Hero.git,64
MDEwOlJlcG9zaXRvcnkxMzI1NDk5ODQ=,2018-05-08T03:42:01Z,2026-05-05T18:22:55Z,2026-05-05T23:46:43Z,27015,True,ouster-sdk,ouster-lidar/ouster-sdk,git@github.com:ouster-lidar/ouster-sdk.git,511
MDEwOlJlcG9zaXRvcnkxMzI0MzQ5NzU=,2018-05-07T09:03:53Z,2026-05-04T17:01:59Z,2026-05-06T11:44:40Z,106842,False,toulbar2,toulbar2/toulbar2,git@github.com:toulbar2/toulbar2.git,65
MDEwOlJlcG9zaXRvcnkxMzI0MTYzMzg=,2018-05-07T06:23:36Z,2026-04-13T00:48:45Z,2026-03-03T12:31:09Z,6026,False,EngineFixesSkyrim64,aers/EngineFixesSkyrim64,git@github.com:aers/EngineFixesSkyrim64.git,175
MDEwOlJlcG9zaXRvcnkxMzIyNDkyNjQ=,2018-05-05T13:13:37Z,2026-04-22T07:24:31Z,2026-04-06T15:46:09Z,323566,False,CubbyFlow,utilForever/CubbyFlow,git@github.com:utilForever/CubbyFlow.git,291
MDEwOlJlcG9zaXRvcnkxMzIxNTk1MTI=,2018-05-04T15:45:00Z,2026-03-19T04:00:07Z,2026-03-19T04:11:40Z,10070,True,roller-thrower-die-soon,AdsGames/roller-thrower-die-soon,git@github.com:AdsGames/roller-thrower-die-soon.git,0
MDEwOlJlcG9zaXRvcnkxMzIxNDk5Nzg=,2018-05-04T14:23:03Z,2026-04-23T01:55:34Z,2026-04-03T22:01:11Z,1147,False,glasgow-subgraph-solver,ciaranm/glasgow-subgraph-solver,git@github.com:ciaranm/glasgow-subgraph-solver.git,101
MDEwOlJlcG9zaXRvcnkxMzIxMjc2OTQ=,2018-05-04T10:47:04Z,2026-03-12T05:59:00Z,2026-04-14T07:15:54Z,912442,True,smartmet-workstation,fmidev/smartmet-workstation,git@github.com:fmidev/smartmet-workstation.git,0
MDEwOlJlcG9zaXRvcnkxMzIwNDM0ODE=,2018-05-03T20:00:01Z,2026-05-05T03:09:59Z,2026-05-04T21:34:20Z,46856,True,Vulkan-Tools,KhronosGroup/Vulkan-Tools,git@github.com:KhronosGroup/Vulkan-Tools.git,464
MDEwOlJlcG9zaXRvcnkxMzIwNDM0NTE=,2018-05-03T19:59:43Z,2026-05-07T10:50:01Z,2026-05-07T10:49:57Z,239746,True,Vulkan-ValidationLayers,KhronosGroup/Vulkan-ValidationLayers,git@github.com:KhronosGroup/Vulkan-ValidationLayers.git,993
MDEwOlJlcG9zaXRvcnkxMzIwNDMzOTM=,2018-05-03T19:59:08Z,2026-05-05T20:15:29Z,2026-05-04T15:33:03Z,83780,True,Vulkan-Headers,KhronosGroup/Vulkan-Headers,git@github.com:KhronosGroup/Vulkan-Headers.git,1036
MDEwOlJlcG9zaXRvcnkxMzIwNDI2ODI=,2018-05-03T19:51:15Z,2026-03-27T19:41:03Z,2026-05-02T22:54:44Z,4809,True,LvArray,GEOS-DEV/LvArray,git@github.com:GEOS-DEV/LvArray.git,49
MDEwOlJlcG9zaXRvcnkxMzIwNDA5MDc=,2018-05-03T19:31:42Z,2026-04-24T08:36:30Z,2026-04-15T23:43:46Z,738,True,SPARTA,facebook/SPARTA,org-69631@github.com:facebook/SPARTA.git,668
MDEwOlJlcG9zaXRvcnkxMzIwNDA0NTM=,2018-05-03T19:27:00Z,2026-05-06T06:56:53Z,2026-04-27T13:49:01Z,797,False,spy,jfalcou/spy,git@github.com:jfalcou/spy.git,161
MDEwOlJlcG9zaXRvcnkxMzIwMTcwNjA=,2018-05-03T15:45:14Z,2026-05-05T08:35:32Z,2026-04-09T19:36:29Z,12585,False,WatchFlower,emericg/WatchFlower,git@github.com:emericg/WatchFlower.git,228
MDEwOlJlcG9zaXRvcnkxMzE5OTQyMDc=,2018-05-03T12:48:57Z,2026-03-08T07:48:05Z,2026-03-08T07:48:02Z,28385,False,posix-bsp-perf,zczjx/posix-bsp-perf,git@github.com:zczjx/posix-bsp-perf.git,20
MDEwOlJlcG9zaXRvcnkxMzE5Njk2Nzc=,2018-05-03T09:05:46Z,2026-03-08T21:21:24Z,2026-03-08T21:21:21Z,79329,True,cwipc_realsense2,cwi-dis/cwipc_realsense2,git@github.com:cwi-dis/cwipc_realsense2.git,1
MDEwOlJlcG9zaXRvcnkxMzE5NTQwNDg=,2018-05-03T06:53:30Z,2026-05-06T16:28:43Z,2026-05-06T16:30:23Z,231061,True,phasar,secure-software-engineering/phasar,git@github.com:secure-software-engineering/phasar.git,1040
MDEwOlJlcG9zaXRvcnkxMzE4Njc1MDM=,2018-05-02T15:05:04Z,2026-04-24T09:25:16Z,2026-04-24T09:25:12Z,4002,True,htd,TU-Wien-DBAI/htd,git@github.com:TU-Wien-DBAI/htd.git,3
MDEwOlJlcG9zaXRvcnkxMzE4MjQxMjk=,2018-05-02T08:52:22Z,2026-03-23T15:49:23Z,2026-04-21T15:46:05Z,13314,True,libqasm,QuTech-Delft/libqasm,git@github.com:QuTech-Delft/libqasm.git,23
MDEwOlJlcG9zaXRvcnkxMzE4MTA1Nzg=,2018-05-02T06:54:50Z,2026-05-07T02:34:18Z,2026-05-07T08:57:27Z,520642,True,GEOS,GEOS-DEV/GEOS,git@github.com:GEOS-DEV/GEOS.git,265
MDEwOlJlcG9zaXRvcnkxMzE2MzAyOTk=,2018-04-30T18:11:09Z,2026-05-05T00:09:23Z,2026-03-25T00:03:45Z,3092,True,onnx-tensorrt,onnx/onnx-tensorrt,git@github.com:onnx/onnx-tensorrt.git,3204
MDEwOlJlcG9zaXRvcnkxMzE1NTU5NDI=,2018-04-30T04:34:29Z,2026-05-07T09:24:56Z,2026-04-15T19:42:13Z,3440,True,ezc3d,pyomeca/ezc3d,git@github.com:pyomeca/ezc3d.git,174
MDEwOlJlcG9zaXRvcnkxMzE1MTAwMTU=,2018-04-29T16:21:08Z,2026-05-06T07:06:44Z,2026-03-19T19:01:40Z,2931,False,cppinsights,andreasfertig/cppinsights,git@github.com:andreasfertig/cppinsights.git,4490
MDEwOlJlcG9zaXRvcnkxMzE0NTY2Njg=,2018-04-29T01:25:33Z,2026-04-20T02:55:00Z,2026-04-20T02:54:56Z,302,False,bsdsensors,HenryHu/bsdsensors,git@github.com:HenryHu/bsdsensors.git,9
MDEwOlJlcG9zaXRvcnkxMzEzODEzMjE=,2018-04-28T06:44:22Z,2026-04-13T17:44:46Z,2026-04-13T17:44:40Z,4218,False,CCGL,crazyzlj/CCGL,git@github.com:crazyzlj/CCGL.git,3
MDEwOlJlcG9zaXRvcnkxMzEzNDU4NTU=,2018-04-27T21:18:51Z,2026-05-07T09:08:08Z,2026-05-03T14:36:17Z,14166,True,libremidi,celtera/libremidi,git@github.com:celtera/libremidi.git,680
MDEwOlJlcG9zaXRvcnkxMzEzMzQ3MTc=,2018-04-27T19:01:53Z,2026-05-04T03:04:59Z,2026-05-02T08:04:56Z,65573,True,yacreader,YACReader/yacreader,git@github.com:YACReader/yacreader.git,1259
MDEwOlJlcG9zaXRvcnkxMzEzMjkzODc=,2018-04-27T18:03:14Z,2026-04-28T09:12:02Z,2026-04-28T09:11:58Z,32705,True,trevosim,palaeoware/trevosim,git@github.com:palaeoware/trevosim.git,7
MDEwOlJlcG9zaXRvcnkxMzEyODY0OTQ=,2018-04-27T11:14:36Z,2026-05-07T02:05:28Z,2026-05-02T08:04:41Z,114132,False,flycast,flyinghead/flycast,git@github.com:flyinghead/flycast.git,2293
MDEwOlJlcG9zaXRvcnkxMzEyODE2MTM=,2018-04-27T10:22:07Z,2026-05-07T00:45:40Z,2026-05-07T10:41:54Z,186098,True,itinerary,KDE/itinerary,git@github.com:KDE/itinerary.git,59
MDEwOlJlcG9zaXRvcnkxMzEyMzY5Mzg=,2018-04-27T02:49:26Z,2026-05-07T10:17:46Z,2026-05-07T10:52:43Z,6390,True,drogon,drogonframework/drogon,git@github.com:drogonframework/drogon.git,13849
MDEwOlJlcG9zaXRvcnkxMzEyMDM5MzQ=,2018-04-26T19:54:25Z,2026-04-12T11:48:01Z,2026-04-12T11:47:53Z,4058,False,fisk,Andersbakken/fisk,git@github.com:Andersbakken/fisk.git,6
MDEwOlJlcG9zaXRvcnkxMzExOTIwOTg=,2018-04-26T17:55:17Z,2026-04-29T20:44:42Z,2026-04-30T22:19:31Z,37742,False,aide,mrpilot2/aide,git@github.com:mrpilot2/aide.git,0
MDEwOlJlcG9zaXRvcnkxMzExNzY2Mzg=,2018-04-26T15:35:24Z,2026-04-30T23:05:54Z,2026-04-30T23:06:19Z,65,True,zera-resource-viewer,ZeraGmbH/zera-resource-viewer,git@github.com:ZeraGmbH/zera-resource-viewer.git,0
MDEwOlJlcG9zaXRvcnkxMzExNTgzODI=,2018-04-26T13:17:08Z,2026-05-02T12:29:26Z,2026-05-02T12:29:22Z,4410,True,zera-scpi,ZeraGmbH/zera-scpi,git@github.com:ZeraGmbH/zera-scpi.git,4
MDEwOlJlcG9zaXRvcnkxMzExNTcxMDM=,2018-04-26T13:07:00Z,2026-05-06T19:57:42Z,2026-05-07T08:02:14Z,14875,True,zera-classes,ZeraGmbH/zera-classes,git@github.com:ZeraGmbH/zera-classes.git,2
MDEwOlJlcG9zaXRvcnkxMzExNDk4Mzg=,2018-04-26T12:06:08Z,2026-04-21T23:36:50Z,2026-04-21T23:36:46Z,806,True,vf-logger,ZeraGmbH/vf-logger,git@github.com:ZeraGmbH/vf-logger.git,0
MDEwOlJlcG9zaXRvcnkxMzEwMzUzMzc=,2018-04-25T16:34:29Z,2026-05-06T19:11:31Z,2026-05-06T19:11:27Z,9845,True,ROCmValidationSuite,ROCm/ROCmValidationSuite,git@github.com:ROCm/ROCmValidationSuite.git,101
MDEwOlJlcG9zaXRvcnkxMzEwMDE0NDg=,2018-04-25T12:15:49Z,2026-05-06T08:45:39Z,2026-05-06T08:45:34Z,26995,True,mockturtle,lsils/mockturtle,git@github.com:lsils/mockturtle.git,290
MDEwOlJlcG9zaXRvcnkxMzA5NjA3MTc=,2018-04-25T06:28:37Z,2026-04-28T02:29:28Z,2026-04-02T02:25:08Z,944,True,CubismNativeFramework,Live2D/CubismNativeFramework,git@github.com:Live2D/CubismNativeFramework.git,253
MDEwOlJlcG9zaXRvcnkxMzA4MjM2NDc=,2018-04-24T08:42:24Z,2026-04-15T09:22:22Z,2026-04-15T09:22:18Z,4851,True,VieClus,KaHIP/VieClus,git@github.com:KaHIP/VieClus.git,17
MDEwOlJlcG9zaXRvcnkxMzA3NTQ5NzY=,2018-04-23T20:49:02Z,2026-04-30T11:15:50Z,2026-04-30T11:15:45Z,22464,True,pdfix_sdk_example_cpp,pdfix/pdfix_sdk_example_cpp,git@github.com:pdfix/pdfix_sdk_example_cpp.git,19
MDEwOlJlcG9zaXRvcnkxMzA3MjkwNzk=,2018-04-23T17:00:04Z,2026-04-23T09:12:57Z,2026-04-21T11:48:29Z,103847,True,Amulet-Core,Amulet-Team/Amulet-Core,git@github.com:Amulet-Team/Amulet-Core.git,242
MDEwOlJlcG9zaXRvcnkxMzA3MTgwMzE=,2018-04-23T15:29:10Z,2026-05-07T07:27:30Z,2026-05-07T07:52:03Z,176623,True,AMDMIGraphX,ROCm/AMDMIGraphX,git@github.com:ROCm/AMDMIGraphX.git,299
MDEwOlJlcG9zaXRvcnkxMzA1MTQ0MDI=,2018-04-21T21:47:48Z,2026-04-01T19:39:07Z,2026-04-01T19:39:01Z,80,False,algorithms-in-haskell,tknawara/algorithms-in-haskell,git@github.com:tknawara/algorithms-in-haskell.git,0
MDEwOlJlcG9zaXRvcnkxMzA1MTQzOTM=,2018-04-21T21:47:38Z,2026-03-31T16:58:53Z,2026-03-31T16:58:49Z,782,True,CouchBot,RIT-MDRC/CouchBot,git@github.com:RIT-MDRC/CouchBot.git,1
MDEwOlJlcG9zaXRvcnkxMzAzNTM0Njc=,2018-04-20T11:31:33Z,2026-04-23T19:39:58Z,2026-04-23T19:39:53Z,5475,False,aether,alesegdia/aether,git@github.com:alesegdia/aether.git,0
MDEwOlJlcG9zaXRvcnkxMzAzMzkyMzM=,2018-04-20T09:16:39Z,2026-04-23T07:28:55Z,2026-03-10T16:36:35Z,1064,True,Jinja2Cpp,jinja2cpp/Jinja2Cpp,git@github.com:jinja2cpp/Jinja2Cpp.git,583
MDEwOlJlcG9zaXRvcnkxMzAzMDQ1OTE=,2018-04-20T03:36:44Z,2026-03-22T08:13:36Z,2026-03-22T08:13:41Z,57875,False,mint,pletzer/mint,git@github.com:pletzer/mint.git,10
MDEwOlJlcG9zaXRvcnkxMzAyMzkxNDA=,2018-04-19T15:50:38Z,2026-04-01T12:21:35Z,2026-04-01T12:21:30Z,1086,False,bindash,zhaoxiaofei/bindash,git@github.com:zhaoxiaofei/bindash.git,74
MDEwOlJlcG9zaXRvcnkxMzAyMDAxNDI=,2018-04-19T10:37:17Z,2026-03-31T10:58:05Z,2026-03-31T10:58:01Z,575117,True,cgm-scanner,Welthungerhilfe/cgm-scanner,git@github.com:Welthungerhilfe/cgm-scanner.git,26
MDEwOlJlcG9zaXRvcnkxMzAwNjg5ODI=,2018-04-18T13:45:30Z,2026-05-06T05:47:37Z,2026-05-03T19:06:01Z,162139,True,taskflow,taskflow/taskflow,git@github.com:taskflow/taskflow.git,11946
MDEwOlJlcG9zaXRvcnkxMjk4MjY5MzM=,2018-04-17T01:19:52Z,2026-05-07T01:05:04Z,2026-05-07T01:05:49Z,27173,True,gazelle-installer,gazelle-installer/gazelle-installer,git@github.com:gazelle-installer/gazelle-installer.git,10
MDEwOlJlcG9zaXRvcnkxMjk3OTcyMTI=,2018-04-16T19:49:13Z,2026-03-04T07:36:22Z,2026-03-04T07:51:33Z,3499,True,KLFitter,KLFitter/KLFitter,git@github.com:KLFitter/KLFitter.git,10
MDEwOlJlcG9zaXRvcnkxMjk3NzIyNzk=,2018-04-16T16:17:11Z,2026-04-25T14:52:13Z,2026-05-06T22:20:48Z,20743,True,rocSPARSE,ROCm/rocSPARSE,git@github.com:ROCm/rocSPARSE.git,135
MDEwOlJlcG9zaXRvcnkxMjk0NDM0MTM=,2018-04-13T19:10:32Z,2026-04-23T20:01:03Z,2026-05-06T21:35:31Z,1120,True,atlas-system-agent,Netflix-Skunkworks/atlas-system-agent,git@github.com:Netflix-Skunkworks/atlas-system-agent.git,5
MDEwOlJlcG9zaXRvcnkxMjk0MjE0MzA=,2018-04-13T15:32:53Z,2026-03-24T14:02:37Z,2026-03-24T14:02:15Z,13206,True,pebbl,PEBBL/pebbl,git@github.com:PEBBL/pebbl.git,7
MDEwOlJlcG9zaXRvcnkxMjkwMDQwMTI=,2018-04-10T22:53:56Z,2026-03-17T11:01:20Z,2026-03-17T11:01:25Z,478,True,FairLogger,FairRootGroup/FairLogger,git@github.com:FairRootGroup/FairLogger.git,17
MDEwOlJlcG9zaXRvcnkxMjg4NDI3MTA=,2018-04-09T22:49:15Z,2026-05-06T23:35:40Z,2026-05-06T23:35:36Z,24800,True,mvfst,facebook/mvfst,org-69631@github.com:facebook/mvfst.git,1641
MDEwOlJlcG9zaXRvcnkxMjg4MzEzOTM=,2018-04-09T20:42:53Z,2026-03-10T03:20:27Z,2026-03-10T03:20:22Z,1288,True,commons,viaduck/commons,git@github.com:viaduck/commons.git,3
MDEwOlJlcG9zaXRvcnkxMjg4MTg0NTk=,2018-04-09T18:44:58Z,2026-04-30T08:59:40Z,2026-04-19T19:57:26Z,326,False,stl_reader,sreiter/stl_reader,git@github.com:sreiter/stl_reader.git,138
MDEwOlJlcG9zaXRvcnkxMjg3NzE2NzY=,2018-04-09T12:55:53Z,2026-04-01T12:47:38Z,2026-04-01T12:47:33Z,649,False,GCL,gavin-blakeman/GCL,git@github.com:gavin-blakeman/GCL.git,0
MDEwOlJlcG9zaXRvcnkxMjg2ODk1ODg=,2018-04-08T23:13:50Z,2026-05-07T10:14:03Z,2026-04-13T16:59:22Z,150657,True,fceux,TASEmulators/fceux,git@github.com:TASEmulators/fceux.git,1482
MDEwOlJlcG9zaXRvcnkxMjg2ODI3Nzg=,2018-04-08T21:19:01Z,2026-04-30T10:10:03Z,2026-04-30T10:09:59Z,22621,False,harbour-amazfish,piggz/harbour-amazfish,git@github.com:piggz/harbour-amazfish.git,131
MDEwOlJlcG9zaXRvcnkxMjg1NDI0Nzg=,2018-04-07T15:35:53Z,2026-04-29T14:37:52Z,2026-04-29T14:32:33Z,110324,True,mCRL2,mCRL2org/mCRL2,git@github.com:mCRL2org/mCRL2.git,111
MDEwOlJlcG9zaXRvcnkxMjg0MzA2MjE=,2018-04-06T18:06:22Z,2026-05-07T08:56:49Z,2026-05-07T05:41:35Z,699614,True,OpenTTD,OpenTTD/OpenTTD,git@github.com:OpenTTD/OpenTTD.git,7840
MDEwOlJlcG9zaXRvcnkxMjg0MjkxMDU=,2018-04-06T17:56:03Z,2026-04-10T17:58:38Z,2026-05-06T15:34:47Z,4157,True,estdlib,malachi-iot/estdlib,git@github.com:malachi-iot/estdlib.git,84
MDEwOlJlcG9zaXRvcnkxMjgyODA1Nzk=,2018-04-06T00:43:49Z,2026-05-07T10:04:43Z,2026-05-07T10:12:28Z,253475,True,AutoPas,AutoPas/AutoPas,git@github.com:AutoPas/AutoPas.git,49
MDEwOlJlcG9zaXRvcnkxMjgyNjQ5MDM=,2018-04-05T21:12:56Z,2026-04-15T07:59:31Z,2026-03-16T13:23:12Z,2810,True,dd-opentracing-cpp,DataDog/dd-opentracing-cpp,git@github.com:DataDog/dd-opentracing-cpp.git,41
MDEwOlJlcG9zaXRvcnkxMjgxNjYzMjg=,2018-04-05T06:13:59Z,2026-04-27T22:43:55Z,2026-04-27T22:47:44Z,4495,False,rtimv,jaredmales/rtimv,git@github.com:jaredmales/rtimv.git,3
MDEwOlJlcG9zaXRvcnkxMjgwNTI2NDY=,2018-04-04T11:29:15Z,2026-05-04T18:21:02Z,2026-05-05T11:03:11Z,72007,True,gdl,gnudatalanguage/gdl,git@github.com:gnudatalanguage/gdl.git,308
MDEwOlJlcG9zaXRvcnkxMjc3OTkyNDk=,2018-04-02T18:58:28Z,2026-05-04T04:23:59Z,2026-05-04T15:54:07Z,46722,False,SCAMP,zpzim/SCAMP,git@github.com:zpzim/SCAMP.git,194
MDEwOlJlcG9zaXRvcnkxMjc3NTI2Mzk=,2018-04-02T12:22:37Z,2026-04-27T23:48:24Z,2026-04-12T12:22:36Z,39710,False,mpc,izzyreal/mpc,git@github.com:izzyreal/mpc.git,94
MDEwOlJlcG9zaXRvcnkxMjc3MjM5MTU=,2018-04-02T07:54:48Z,2026-05-01T03:45:54Z,2026-04-15T08:36:43Z,213296,True,ostis-ann,ostis-apps/ostis-ann,git@github.com:ostis-apps/ostis-ann.git,4
MDEwOlJlcG9zaXRvcnkxMjc2Nzc5MjE=,2018-04-01T22:52:51Z,2026-05-04T17:24:04Z,2026-05-07T09:14:05Z,29994,True,kitinerary,KDE/kitinerary,git@github.com:KDE/kitinerary.git,41
MDEwOlJlcG9zaXRvcnkxMjc1MjA1NDY=,2018-03-31T09:59:30Z,2026-04-13T23:34:14Z,2026-04-13T23:34:11Z,15655,False,kaffeine,mchehab/kaffeine,git@github.com:mchehab/kaffeine.git,1
MDEwOlJlcG9zaXRvcnkxMjc1MDY4MjQ=,2018-03-31T06:47:05Z,2026-05-06T06:21:33Z,2026-05-05T05:38:21Z,4895,False,ccls,MaskRay/ccls,git@github.com:MaskRay/ccls.git,4055
MDEwOlJlcG9zaXRvcnkxMjc0NTAzMzQ=,2018-03-30T16:37:54Z,2026-03-06T13:56:06Z,2026-03-06T13:56:06Z,19997,True,xleaflet,jupyter-xeus/xleaflet,git@github.com:jupyter-xeus/xleaflet.git,93
MDEwOlJlcG9zaXRvcnkxMjc0MTQ4Njk=,2018-03-30T10:21:44Z,2026-04-30T13:17:46Z,2026-04-03T07:26:10Z,40203,False,Hive,christophe-calmejane/Hive,git@github.com:christophe-calmejane/Hive.git,148
MDEwOlJlcG9zaXRvcnkxMjcyMzI2NDQ=,2018-03-29T03:37:00Z,2026-04-10T02:11:18Z,2026-04-10T02:11:10Z,17760,True,vvave,KDE/vvave,git@github.com:KDE/vvave.git,68
MDEwOlJlcG9zaXRvcnkxMjcxNDMzMjk=,2018-03-28T13:19:45Z,2026-05-02T17:56:08Z,2026-05-02T17:56:04Z,184,True,module-msgpack,qoretechnologies/module-msgpack,git@github.com:qoretechnologies/module-msgpack.git,0
MDEwOlJlcG9zaXRvcnkxMjcwNTg2NTM=,2018-03-27T23:46:14Z,2026-05-05T14:45:25Z,2026-03-18T09:31:20Z,5857,True,Paddle2ONNX,PaddlePaddle/Paddle2ONNX,git@github.com:PaddlePaddle/Paddle2ONNX.git,918
MDEwOlJlcG9zaXRvcnkxMjcwMjc2MjE=,2018-03-27T18:12:48Z,2026-04-01T09:14:55Z,2026-05-07T11:31:15Z,22428,True,albatross,swift-nav/albatross,git@github.com:swift-nav/albatross.git,25
MDEwOlJlcG9zaXRvcnkxMjcwMDI5MzU=,2018-03-27T14:54:01Z,2026-03-25T09:18:55Z,2026-04-30T12:06:09Z,27295,False,lhf,wilseypa/lhf,git@github.com:wilseypa/lhf.git,10
MDEwOlJlcG9zaXRvcnkxMjY5OTQ3NTg=,2018-03-27T13:57:58Z,2026-05-07T03:11:15Z,2026-05-07T08:04:54Z,156112,True,HiGHS,ERGO-Code/HiGHS,git@github.com:ERGO-Code/HiGHS.git,1608
MDEwOlJlcG9zaXRvcnkxMjY5NzA2NTM=,2018-03-27T10:34:39Z,2026-04-08T20:21:26Z,2026-04-08T20:21:23Z,143,True,ITKTotalVariation,InsightSoftwareConsortium/ITKTotalVariation,git@github.com:InsightSoftwareConsortium/ITKTotalVariation.git,10
MDEwOlJlcG9zaXRvcnkxMjY5NTk4NTA=,2018-03-27T09:10:34Z,2026-05-07T10:40:58Z,2026-05-07T10:41:00Z,929,True,pulseaudio-qt,KDE/pulseaudio-qt,git@github.com:KDE/pulseaudio-qt.git,17
MDEwOlJlcG9zaXRvcnkxMjY5MjgwNjU=,2018-03-27T04:19:09Z,2026-04-20T05:22:52Z,2026-04-18T07:26:08Z,10852,True,roq-cpp-samples,roq-trading/roq-cpp-samples,git@github.com:roq-trading/roq-cpp-samples.git,167
MDEwOlJlcG9zaXRvcnkxMjY4NzgyNTY=,2018-03-26T19:17:21Z,2026-04-29T22:29:24Z,2026-05-07T00:49:36Z,8023,True,soca,JCSDA-internal/soca,git@github.com:JCSDA-internal/soca.git,17
MDEwOlJlcG9zaXRvcnkxMjY4NDkyOTE=,2018-03-26T15:24:23Z,2026-04-30T05:40:29Z,2026-05-06T13:55:41Z,21989,True,SeQuant,ValeevGroup/SeQuant,git@github.com:ValeevGroup/SeQuant.git,29
MDEwOlJlcG9zaXRvcnkxMjY4NDE1MDc=,2018-03-26T14:29:26Z,2026-03-05T22:51:44Z,2026-03-05T22:51:40Z,16877,True,halla_molpol_sim,JeffersonLab/halla_molpol_sim,git@github.com:JeffersonLab/halla_molpol_sim.git,4
MDEwOlJlcG9zaXRvcnkxMjY3MTA0NTE=,2018-03-25T15:16:41Z,2026-05-05T15:22:13Z,2026-05-04T15:53:23Z,6059,False,OpenXLSX,troldal/OpenXLSX,git@github.com:troldal/OpenXLSX.git,1734
MDEwOlJlcG9zaXRvcnkxMjY2MzQ1ODc=,2018-03-24T19:46:16Z,2026-04-26T19:48:22Z,2026-04-26T19:48:18Z,726,False,MTL,seungjlee/MTL,git@github.com:seungjlee/MTL.git,2
MDEwOlJlcG9zaXRvcnkxMjY1NjEyMTU=,2018-03-24T03:08:51Z,2026-03-25T15:41:45Z,2026-03-25T15:38:25Z,119205,True,lsms,mstsuite/lsms,git@github.com:mstsuite/lsms.git,28
MDEwOlJlcG9zaXRvcnkxMjY0MTIzNjM=,2018-03-23T00:49:18Z,2026-05-07T09:59:04Z,2026-05-06T23:56:55Z,94158,True,simdjson,simdjson/simdjson,git@github.com:simdjson/simdjson.git,23723
MDEwOlJlcG9zaXRvcnkxMjY0MDA1NDU=,2018-03-22T22:07:21Z,2026-04-27T23:27:22Z,2026-04-27T23:27:18Z,2044,False,libE57Format,asmaloney/libE57Format,git@github.com:asmaloney/libE57Format.git,182
MDEwOlJlcG9zaXRvcnkxMjYzODY3MjU=,2018-03-22T19:42:03Z,2026-04-08T21:26:30Z,2026-03-29T02:29:36Z,549,False,acme-lw,jmccl/acme-lw,git@github.com:jmccl/acme-lw.git,44
MDEwOlJlcG9zaXRvcnkxMjYzNzc1NzU=,2018-03-22T18:18:10Z,2026-04-26T11:57:51Z,2026-04-27T16:25:14Z,181,False,mapbox_earcut_python,skogler/mapbox_earcut_python,git@github.com:skogler/mapbox_earcut_python.git,40
MDEwOlJlcG9zaXRvcnkxMjYzMTg2MzA=,2018-03-22T10:29:17Z,2026-03-18T08:58:48Z,2026-03-18T08:58:40Z,26205,True,Lima-camera-slsjungfrau,soleil-ica/Lima-camera-slsjungfrau,git@github.com:soleil-ica/Lima-camera-slsjungfrau.git,0
MDEwOlJlcG9zaXRvcnkxMjYzMTIyMjI=,2018-03-22T09:36:48Z,2026-04-02T12:39:51Z,2026-04-27T19:50:45Z,56,True,pinocchio-minimal,stack-of-tasks/pinocchio-minimal,git@github.com:stack-of-tasks/pinocchio-minimal.git,28
MDEwOlJlcG9zaXRvcnkxMjYyNjA4NzA=,2018-03-22T01:16:38Z,2026-03-17T03:06:06Z,2026-03-17T03:06:03Z,123,True,crypto_sqlite,viaduck/crypto_sqlite,git@github.com:viaduck/crypto_sqlite.git,19
MDEwOlJlcG9zaXRvcnkxMjYyNTg0NTQ=,2018-03-22T00:46:57Z,2026-03-10T03:18:40Z,2026-03-10T03:18:36Z,171,True,secure_memory,viaduck/secure_memory,git@github.com:viaduck/secure_memory.git,3
MDEwOlJlcG9zaXRvcnkxMjYyNTc5NDI=,2018-03-22T00:39:48Z,2026-05-07T09:12:42Z,2026-05-07T02:15:17Z,109007,True,diagnostics,dotnet/diagnostics,git@github.com:dotnet/diagnostics.git,1315
MDEwOlJlcG9zaXRvcnkxMjYyMjUxNjA=,2018-03-21T18:43:20Z,2026-05-07T10:29:19Z,2026-05-07T05:46:33Z,16179,True,GameNetworkingSockets,ValveSoftware/GameNetworkingSockets,git@github.com:ValveSoftware/GameNetworkingSockets.git,9571
MDEwOlJlcG9zaXRvcnkxMjYxNzQ4MTQ=,2018-03-21T12:25:13Z,2026-05-06T05:28:48Z,2026-05-04T10:35:04Z,6755,True,slam3d,dfki-ric/slam3d,git@github.com:dfki-ric/slam3d.git,27
MDEwOlJlcG9zaXRvcnkxMjYxNjM1MDI=,2018-03-21T10:41:11Z,2026-05-06T14:44:28Z,2026-05-06T23:25:24Z,2973,False,c4core,biojppm/c4core,git@github.com:biojppm/c4core.git,146
MDEwOlJlcG9zaXRvcnkxMjU5MjA4Mjg=,2018-03-19T21:10:37Z,2026-03-15T13:43:59Z,2026-03-15T13:59:36Z,42147,False,open-rival,Danjb1/open-rival,git@github.com:Danjb1/open-rival.git,22
MDEwOlJlcG9zaXRvcnkxMjU3NzA0Mzk=,2018-03-18T21:44:50Z,2026-05-01T13:58:36Z,2026-05-01T13:58:30Z,1080,False,efsw,SpartanJ/efsw,git@github.com:SpartanJ/efsw.git,862
MDEwOlJlcG9zaXRvcnkxMjU3NTUyMjE=,2018-03-18T18:28:00Z,2026-05-05T18:06:16Z,2026-04-27T12:14:36Z,2042,False,quazip,stachenov/quazip,git@github.com:stachenov/quazip.git,689
MDEwOlJlcG9zaXRvcnkxMjU3Mjk4MTE=,2018-03-18T13:52:03Z,2026-03-18T08:41:22Z,2026-03-18T08:41:18Z,154609,False,wasp,pannous/wasp,git@github.com:pannous/wasp.git,115
MDEwOlJlcG9zaXRvcnkxMjU3MjI5NDU=,2018-03-18T12:32:33Z,2026-05-06T17:40:13Z,2026-03-09T04:21:55Z,1806,False,AppImageLauncher,TheAssassin/AppImageLauncher,git@github.com:TheAssassin/AppImageLauncher.git,7960
MDEwOlJlcG9zaXRvcnkxMjU3MDE5NTQ=,2018-03-18T07:26:25Z,2026-05-02T06:26:17Z,2026-05-07T09:13:28Z,388,True,kpkpass,KDE/kpkpass,git@github.com:KDE/kpkpass.git,12
MDEwOlJlcG9zaXRvcnkxMjU1OTUxNzA=,2018-03-17T03:59:41Z,2026-05-06T09:31:44Z,2026-05-03T17:45:49Z,706,False,nameof,Neargye/nameof,git@github.com:Neargye/nameof.git,2308
MDEwOlJlcG9zaXRvcnkxMjU1NjMyNDE=,2018-03-16T19:52:00Z,2026-05-06T22:22:19Z,2026-05-06T22:24:20Z,959,False,asl,aslze/asl,git@github.com:aslze/asl.git,81
MDEwOlJlcG9zaXRvcnkxMjU0MTI0MDA=,2018-03-15T18:49:06Z,2026-04-19T15:10:06Z,2026-05-02T23:51:57Z,66348,True,beam,BeamMW/beam,git@github.com:BeamMW/beam.git,722
MDEwOlJlcG9zaXRvcnkxMjU0MDAzNTU=,2018-03-15T17:03:57Z,2026-05-05T20:25:13Z,2026-05-05T20:25:09Z,14628,True,cage,ucpu/cage,git@github.com:ucpu/cage.git,41
MDEwOlJlcG9zaXRvcnkxMjUyMzkyMTE=,2018-03-14T16:06:54Z,2026-05-06T12:53:48Z,2026-05-06T18:11:59Z,127434,True,relight,cnr-isti-vclab/relight,git@github.com:cnr-isti-vclab/relight.git,105
MDEwOlJlcG9zaXRvcnkxMjQ5NDkyOTk=,2018-03-12T20:45:23Z,2026-03-07T15:13:00Z,2026-03-16T11:55:08Z,24017,True,metrics-discovery,intel/metrics-discovery,git@github.com:intel/metrics-discovery.git,99
MDEwOlJlcG9zaXRvcnkxMjQ5Mzg2NTQ=,2018-03-12T19:13:20Z,2026-05-04T11:02:00Z,2026-05-06T16:43:55Z,17791,True,Umpire,llnl/Umpire,git@github.com:llnl/Umpire.git,401
MDEwOlJlcG9zaXRvcnkxMjQ2NjM1OTY=,2018-03-10T14:30:12Z,2026-04-25T10:57:52Z,2026-04-05T18:46:04Z,281,False,peakperf,Dr-Noob/peakperf,git@github.com:Dr-Noob/peakperf.git,80
MDEwOlJlcG9zaXRvcnkxMjQ1OTM1MTU=,2018-03-09T21:09:23Z,2026-05-05T15:16:32Z,2026-03-30T22:08:39Z,4984,False,xcikit,rbrich/xcikit,git@github.com:rbrich/xcikit.git,21
MDEwOlJlcG9zaXRvcnkxMjQ1ODc1MjI=,2018-03-09T20:02:52Z,2026-04-15T07:34:54Z,2026-05-06T23:58:03Z,70,True,modorganizer-bsa_extractor,ModOrganizer2/modorganizer-bsa_extractor,git@github.com:ModOrganizer2/modorganizer-bsa_extractor.git,2
MDEwOlJlcG9zaXRvcnkxMjQ1ODY5NTQ=,2018-03-09T19:56:31Z,2026-04-07T07:01:58Z,2026-04-14T16:36:03Z,47,True,modorganizer-tool_inibakery,ModOrganizer2/modorganizer-tool_inibakery,git@github.com:ModOrganizer2/modorganizer-tool_inibakery.git,1
MDEwOlJlcG9zaXRvcnkxMjQ1ODY5NDI=,2018-03-09T19:56:26Z,2026-04-15T16:21:02Z,2026-04-15T16:20:59Z,270,True,modorganizer-archive,ModOrganizer2/modorganizer-archive,git@github.com:ModOrganizer2/modorganizer-archive.git,2
MDEwOlJlcG9zaXRvcnkxMjQ1ODY4Njg=,2018-03-09T19:55:44Z,2026-04-09T11:12:52Z,2026-04-09T11:12:18Z,673,True,modorganizer-installer_fomod,ModOrganizer2/modorganizer-installer_fomod,git@github.com:ModOrganizer2/modorganizer-installer_fomod.git,1
MDEwOlJlcG9zaXRvcnkxMjQ1ODY4NjI=,2018-03-09T19:55:39Z,2026-05-02T15:40:16Z,2026-05-02T15:40:14Z,1284,True,modorganizer-uibase,ModOrganizer2/modorganizer-uibase,git@github.com:ModOrganizer2/modorganizer-uibase.git,2
MDEwOlJlcG9zaXRvcnkxMjQ1ODY4NTc=,2018-03-09T19:55:36Z,2026-05-06T16:25:37Z,2026-05-06T16:25:37Z,128,True,modorganizer-nxmhandler,ModOrganizer2/modorganizer-nxmhandler,git@github.com:ModOrganizer2/modorganizer-nxmhandler.git,2
MDEwOlJlcG9zaXRvcnkxMjQ1ODY4NTQ=,2018-03-09T19:55:34Z,2026-04-15T07:32:00Z,2026-04-15T07:31:58Z,1158,True,modorganizer-plugin_python,ModOrganizer2/modorganizer-plugin_python,git@github.com:ModOrganizer2/modorganizer-plugin_python.git,3
MDEwOlJlcG9zaXRvcnkxMjQ1ODY4Mzk=,2018-03-09T19:55:27Z,2026-04-07T05:59:10Z,2026-04-14T16:36:07Z,201,True,modorganizer-diagnose_basic,ModOrganizer2/modorganizer-diagnose_basic,git@github.com:ModOrganizer2/modorganizer-diagnose_basic.git,1
MDEwOlJlcG9zaXRvcnkxMjQ1ODY4MzM=,2018-03-09T19:55:25Z,2026-04-07T05:59:33Z,2026-04-07T05:59:30Z,59,True,modorganizer-esptk,ModOrganizer2/modorganizer-esptk,git@github.com:ModOrganizer2/modorganizer-esptk.git,3
MDEwOlJlcG9zaXRvcnkxMjQ1ODY4Mjk=,2018-03-09T19:55:22Z,2026-04-07T06:00:52Z,2026-04-07T06:00:51Z,52,True,modorganizer-helper,ModOrganizer2/modorganizer-helper,git@github.com:ModOrganizer2/modorganizer-helper.git,2
MDEwOlJlcG9zaXRvcnkxMjQ1ODY4MjM=,2018-03-09T19:55:20Z,2026-04-07T06:01:15Z,2026-04-07T06:01:14Z,89,True,modorganizer-installer_bain,ModOrganizer2/modorganizer-installer_bain,git@github.com:ModOrganizer2/modorganizer-installer_bain.git,1
MDEwOlJlcG9zaXRvcnkxMjQ1ODY4MTU=,2018-03-09T19:55:15Z,2026-04-07T05:58:53Z,2026-04-07T05:58:47Z,61,True,modorganizer-check_fnis,ModOrganizer2/modorganizer-check_fnis,git@github.com:ModOrganizer2/modorganizer-check_fnis.git,1
MDEwOlJlcG9zaXRvcnkxMjQ1ODY4MDk=,2018-03-09T19:55:12Z,2026-04-07T05:57:02Z,2026-04-07T05:57:03Z,75,True,modorganizer-installer_quick,ModOrganizer2/modorganizer-installer_quick,git@github.com:ModOrganizer2/modorganizer-installer_quick.git,0
MDEwOlJlcG9zaXRvcnkxMjQ1ODY4MDU=,2018-03-09T19:55:10Z,2026-04-07T07:02:07Z,2026-04-14T16:36:16Z,45,True,modorganizer-preview_base,ModOrganizer2/modorganizer-preview_base,git@github.com:ModOrganizer2/modorganizer-preview_base.git,1
MDEwOlJlcG9zaXRvcnkxMjQ1ODY3OTg=,2018-03-09T19:55:07Z,2026-04-07T07:01:39Z,2026-04-14T16:36:01Z,66,True,modorganizer-tool_inieditor,ModOrganizer2/modorganizer-tool_inieditor,git@github.com:ModOrganizer2/modorganizer-tool_inieditor.git,1
MDEwOlJlcG9zaXRvcnkxMjQ1ODY2NzY=,2018-03-09T19:53:59Z,2026-04-15T07:23:58Z,2026-05-06T20:45:57Z,213,True,modorganizer-bsatk,ModOrganizer2/modorganizer-bsatk,git@github.com:ModOrganizer2/modorganizer-bsatk.git,2
MDEwOlJlcG9zaXRvcnkxMjQ1NTczNDc=,2018-03-09T15:22:59Z,2026-04-25T22:05:32Z,2026-05-03T13:10:39Z,29821,True,py-mmcif,rcsb/py-mmcif,git@github.com:rcsb/py-mmcif.git,50
MDEwOlJlcG9zaXRvcnkxMjQ1MzExMDI=,2018-03-09T11:18:58Z,2026-05-07T05:43:20Z,2026-05-07T05:59:20Z,2412,True,urg_stamped,seqsense/urg_stamped,git@github.com:seqsense/urg_stamped.git,18
MDEwOlJlcG9zaXRvcnkxMjQ0MjMxNzM=,2018-03-08T17:08:37Z,2026-04-28T09:49:46Z,2026-05-05T23:17:45Z,21533,True,biorbd,pyomeca/biorbd,git@github.com:pyomeca/biorbd.git,81
MDEwOlJlcG9zaXRvcnkxMjQzNTYxNDI=,2018-03-08T07:48:55Z,2026-05-07T11:09:32Z,2026-05-07T11:09:27Z,210504,True,dde-file-manager,linuxdeepin/dde-file-manager,git@github.com:linuxdeepin/dde-file-manager.git,411
MDEwOlJlcG9zaXRvcnkxMjQyNjIzNDY=,2018-03-07T16:19:21Z,2026-05-05T09:47:48Z,2026-05-05T09:47:44Z,77766,True,BSMPT,BSMPT/BSMPT,git@github.com:BSMPT/BSMPT.git,20
MDEwOlJlcG9zaXRvcnkxMjQxNzQzMTE=,2018-03-07T03:36:04Z,2026-05-07T06:20:22Z,2026-03-20T18:11:15Z,211255,True,SimpleKernel,Simple-XX/SimpleKernel,git@github.com:Simple-XX/SimpleKernel.git,3179
MDEwOlJlcG9zaXRvcnkxMjM5NDQxMDc=,2018-03-05T16:05:21Z,2026-05-06T13:55:51Z,2026-05-05T17:07:16Z,93251,False,RadioLib,jgromes/RadioLib,git@github.com:jgromes/RadioLib.git,2435
MDEwOlJlcG9zaXRvcnkxMjM5MDU1MjM=,2018-03-05T10:46:38Z,2026-03-31T14:35:29Z,2026-03-24T17:50:59Z,880,True,prmon,HSF/prmon,git@github.com:HSF/prmon.git,60
MDEwOlJlcG9zaXRvcnkxMjM4ODk2NjQ=,2018-03-05T08:37:57Z,2026-05-04T05:15:30Z,2026-05-04T05:15:25Z,12665,True,roq-api,roq-trading/roq-api,git@github.com:roq-trading/roq-api.git,506
MDEwOlJlcG9zaXRvcnkxMjM1ODkxMDE=,2018-03-02T14:28:32Z,2026-04-30T17:00:57Z,2026-04-30T17:00:39Z,12461,True,Cinecoder.Samples,Cinegy/Cinecoder.Samples,git@github.com:Cinegy/Cinecoder.Samples.git,20
MDEwOlJlcG9zaXRvcnkxMjM1MjI3NjQ=,2018-03-02T03:02:21Z,2026-05-07T06:39:10Z,2026-04-04T22:30:35Z,10929,False,qView,jurplel/qView,git@github.com:jurplel/qView.git,3266
MDEwOlJlcG9zaXRvcnkxMjM0Nzk0Nzg=,2018-03-01T19:00:59Z,2026-05-05T12:16:58Z,2026-05-05T12:16:51Z,24080,True,gpr,gopro/gpr,git@github.com:gopro/gpr.git,139
MDEwOlJlcG9zaXRvcnkxMjM0NzExODk=,2018-03-01T17:47:18Z,2026-04-14T22:27:16Z,2026-04-14T22:27:12Z,2423,False,au,hellige/au,git@github.com:hellige/au.git,25
MDEwOlJlcG9zaXRvcnkxMjM0Njg5NjE=,2018-03-01T17:30:36Z,2026-05-02T16:35:27Z,2026-05-04T13:44:48Z,296,True,half,ROCm/half,git@github.com:ROCm/half.git,29
MDEwOlJlcG9zaXRvcnkxMjM0NjAyMjk=,2018-03-01T16:19:48Z,2026-04-18T20:47:49Z,2026-04-18T20:56:22Z,8525,True,COSMA,eth-cscs/COSMA,git@github.com:eth-cscs/COSMA.git,213
MDEwOlJlcG9zaXRvcnkxMjMyODEwMTE=,2018-02-28T12:19:20Z,2026-04-24T16:20:12Z,2026-04-24T16:20:06Z,400,True,XDFBrowser,xdf-modules/XDFBrowser,git@github.com:xdf-modules/XDFBrowser.git,5
MDEwOlJlcG9zaXRvcnkxMjMyODA3NDM=,2018-02-28T12:17:09Z,2026-04-24T04:02:11Z,2026-04-02T15:35:22Z,834,True,App-LabRecorder,labstreaminglayer/App-LabRecorder,git@github.com:labstreaminglayer/App-LabRecorder.git,192
MDEwOlJlcG9zaXRvcnkxMjMyODA2MDA=,2018-02-28T12:15:50Z,2026-04-01T00:54:19Z,2026-04-01T00:54:14Z,450,True,App-EGIAmpServer,labstreaminglayer/App-EGIAmpServer,git@github.com:labstreaminglayer/App-EGIAmpServer.git,2
MDEwOlJlcG9zaXRvcnkxMjMyNzgyNzY=,2018-02-28T11:54:53Z,2026-03-18T10:09:45Z,2026-05-06T14:09:07Z,491,True,testtool,innogames/testtool,git@github.com:innogames/testtool.git,8
MDEwOlJlcG9zaXRvcnkxMjMyNjU4NjU=,2018-02-28T09:59:54Z,2026-04-22T01:07:29Z,2026-04-22T01:07:25Z,17289,True,liblsl,sccn/liblsl,git@github.com:sccn/liblsl.git,166
MDEwOlJlcG9zaXRvcnkxMjMxNjE3MTg=,2018-02-27T17:09:07Z,2026-03-19T23:45:08Z,2026-03-19T23:44:03Z,714703,True,libmongosql,mongodb/libmongosql,git@github.com:mongodb/libmongosql.git,5
MDEwOlJlcG9zaXRvcnkxMjI5NzU3NDU=,2018-02-26T13:44:07Z,2026-05-02T12:42:47Z,2026-05-06T15:22:25Z,19897,True,atlas,ecmwf/atlas,git@github.com:ecmwf/atlas.git,147
MDEwOlJlcG9zaXRvcnkxMjI5NzQ0NTM=,2018-02-26T13:33:38Z,2026-03-28T07:35:28Z,2026-05-07T07:58:46Z,21856,True,eckit,ecmwf/eckit,git@github.com:ecmwf/eckit.git,29
MDEwOlJlcG9zaXRvcnkxMjI5NzA5NzE=,2018-02-26T13:04:39Z,2026-05-05T10:07:44Z,2026-05-07T11:05:36Z,230632,True,hhuOS,hhuOS/hhuOS,git@github.com:hhuOS/hhuOS.git,223
MDEwOlJlcG9zaXRvcnkxMjI3NzI2OTA=,2018-02-24T19:31:47Z,2026-04-24T16:03:09Z,2026-04-24T16:03:08Z,329671,False,serow,mrsp/serow,git@github.com:mrsp/serow.git,92
MDEwOlJlcG9zaXRvcnkxMjI3NTgxOTM=,2018-02-24T16:34:41Z,2026-05-07T11:42:08Z,2026-03-07T15:39:42Z,574222,False,video2x,k4yt3x/video2x,git@github.com:k4yt3x/video2x.git,19810
MDEwOlJlcG9zaXRvcnkxMjI3MDMyNzQ=,2018-02-24T04:34:23Z,2026-04-20T17:31:55Z,2026-04-20T17:31:35Z,1274,True,ThePowderToy,libretro/ThePowderToy,git@github.com:libretro/ThePowderToy.git,8
MDEwOlJlcG9zaXRvcnkxMjI2NTg0MDU=,2018-02-23T18:32:00Z,2026-04-04T20:07:48Z,2026-04-04T20:07:38Z,3487,False,qdaq,gapost/qdaq,git@github.com:gapost/qdaq.git,7
MDEwOlJlcG9zaXRvcnkxMjI0NjExMzY=,2018-02-22T10:03:36Z,2026-04-22T02:38:47Z,2026-05-07T08:08:03Z,444,True,client-c,tikv/client-c,git@github.com:tikv/client-c.git,40
MDEwOlJlcG9zaXRvcnkxMjIxOTM4MDg=,2018-02-20T12:13:16Z,2026-05-07T04:44:39Z,2026-05-07T06:04:01Z,218126,True,ml-cpp,elastic/ml-cpp,git@github.com:elastic/ml-cpp.git,158
MDEwOlJlcG9zaXRvcnkxMjIwODkxNDg=,2018-02-19T16:24:44Z,2026-05-03T13:10:50Z,2026-05-03T13:10:47Z,3503,False,peejay,paulhuggett/peejay,git@github.com:paulhuggett/peejay.git,1
MDEwOlJlcG9zaXRvcnkxMjE5ODQ5NTE=,2018-02-18T19:51:09Z,2026-05-03T19:18:08Z,2026-05-03T19:18:05Z,114,False,attoparsecpp,tfc/attoparsecpp,git@github.com:tfc/attoparsecpp.git,6
MDEwOlJlcG9zaXRvcnkxMjE5MTkxNTQ=,2018-02-18T04:53:07Z,2026-04-26T00:41:11Z,2026-04-26T00:41:07Z,40684,False,spacedinvaders,Nuclearfossil/spacedinvaders,git@github.com:Nuclearfossil/spacedinvaders.git,8
MDEwOlJlcG9zaXRvcnkxMjE3NTU1NTg=,2018-02-16T13:46:20Z,2026-05-04T16:08:31Z,2026-04-25T08:42:11Z,173836,False,astromenace,viewizard/astromenace,git@github.com:viewizard/astromenace.git,283
MDEwOlJlcG9zaXRvcnkxMjE3MzE5OTA=,2018-02-16T09:10:32Z,2026-05-03T20:04:33Z,2026-05-03T20:12:50Z,17112,True,simcoon,3MAH/simcoon,git@github.com:3MAH/simcoon.git,16
MDEwOlJlcG9zaXRvcnkxMjE3MjcwMTA=,2018-02-16T08:03:44Z,2026-04-28T11:04:07Z,2026-04-10T03:18:14Z,27212,False,SPARTA,leomccormack/SPARTA,git@github.com:leomccormack/SPARTA.git,737
MDEwOlJlcG9zaXRvcnkxMjE3MTg3ODY=,2018-02-16T05:42:44Z,2026-04-15T19:39:49Z,2026-04-13T19:29:45Z,7767,True,mlspp,cisco/mlspp,git@github.com:cisco/mlspp.git,140
MDEwOlJlcG9zaXRvcnkxMjE2OTgyMzc=,2018-02-16T00:02:29Z,2026-05-05T03:41:27Z,2026-05-05T03:41:24Z,16370,False,orcus,kohei-us/orcus,git@github.com:kohei-us/orcus.git,5
MDEwOlJlcG9zaXRvcnkxMjE2OTgxMTI=,2018-02-16T00:00:25Z,2026-05-07T01:38:33Z,2026-05-07T01:38:30Z,2955,False,ixion,kohei-us/ixion,git@github.com:kohei-us/ixion.git,10
MDEwOlJlcG9zaXRvcnkxMjE2MTU4MzQ=,2018-02-15T10:23:00Z,2026-05-03T16:03:34Z,2026-05-03T14:46:41Z,417327,True,FreeFem-sources,FreeFem/FreeFem-sources,git@github.com:FreeFem/FreeFem-sources.git,912
MDEwOlJlcG9zaXRvcnkxMjE1MzE2ODA=,2018-02-14T16:13:49Z,2026-05-06T01:54:53Z,2026-05-06T03:34:14Z,64197,True,kdiff3,KDE/kdiff3,git@github.com:KDE/kdiff3.git,590
MDEwOlJlcG9zaXRvcnkxMjEzMjIwODQ=,2018-02-13T00:57:43Z,2026-03-01T23:18:07Z,2026-03-01T23:18:04Z,285,False,xomod,whoozle/xomod,git@github.com:whoozle/xomod.git,6
MDEwOlJlcG9zaXRvcnkxMjExNTQyODk=,2018-02-11T18:35:12Z,2026-05-04T07:59:59Z,2026-04-13T16:09:54Z,1999,True,kImageAnnotator,ksnip/kImageAnnotator,git@github.com:ksnip/kImageAnnotator.git,92
MDEwOlJlcG9zaXRvcnkxMjA5OTgxNzA=,2018-02-10T08:26:20Z,2026-05-03T15:54:00Z,2026-03-02T14:37:30Z,186406,True,Dice,Dice-Developer-Team/Dice,git@github.com:Dice-Developer-Team/Dice.git,507
MDEwOlJlcG9zaXRvcnkxMjA5MTk3NDM=,2018-02-09T15:07:43Z,2026-05-03T14:08:08Z,2026-04-23T03:07:39Z,88817,False,3dtiles,fanvanzh/3dtiles,git@github.com:fanvanzh/3dtiles.git,2247
MDEwOlJlcG9zaXRvcnkxMjA2OTI4MzU=,2018-02-08T01:12:23Z,2026-05-07T09:52:28Z,2026-03-19T10:23:52Z,3991,False,imu_utils,gaowenliang/imu_utils,git@github.com:gaowenliang/imu_utils.git,1697
MDEwOlJlcG9zaXRvcnkxMjA2NjA2MDY=,2018-02-07T19:22:35Z,2026-04-08T01:00:07Z,2026-04-22T00:11:00Z,58310,True,vdms,IntelLabs/vdms,git@github.com:IntelLabs/vdms.git,91
MDEwOlJlcG9zaXRvcnkxMjA1NzE3MDA=,2018-02-07T06:14:23Z,2026-05-07T09:36:23Z,2026-03-17T02:41:59Z,129209,False,NumCpp,dpilger26/NumCpp,git@github.com:dpilger26/NumCpp.git,3960
MDEwOlJlcG9zaXRvcnkxMjA1MjkyNDM=,2018-02-06T22:08:00Z,2026-03-22T14:55:32Z,2026-03-22T14:55:28Z,2269,True,de265,ImageMagick/de265,git@github.com:ImageMagick/de265.git,7
MDEwOlJlcG9zaXRvcnkxMjA0NzcwMTg=,2018-02-06T15:15:26Z,2026-04-20T06:02:22Z,2026-04-30T11:45:53Z,80892,True,3DTK,JMUWRobotics/3DTK,git@github.com:JMUWRobotics/3DTK.git,129
MDEwOlJlcG9zaXRvcnkxMjA0NjAyNjY=,2018-02-06T13:23:55Z,2026-04-24T15:28:33Z,2026-04-24T15:28:29Z,406,True,utils,Rhoban/utils,git@github.com:Rhoban/utils.git,2
MDEwOlJlcG9zaXRvcnkxMjAzMjA3OTI=,2018-02-05T15:10:06Z,2026-04-24T19:12:58Z,2026-04-22T20:41:48Z,70186,True,xolotl,ORNL-Fusion/xolotl,git@github.com:ORNL-Fusion/xolotl.git,26
MDEwOlJlcG9zaXRvcnkxMjAyOTc0NDI=,2018-02-05T11:43:43Z,2026-04-19T21:09:35Z,2026-05-06T22:31:12Z,57559,True,malt,memtt/malt,git@github.com:memtt/malt.git,128
MDEwOlJlcG9zaXRvcnkxMjAxODEyOTU=,2018-02-04T12:04:33Z,2026-05-06T20:40:06Z,2026-04-05T08:10:19Z,81942,False,Vulkan-glTF-PBR,SaschaWillems/Vulkan-glTF-PBR,git@github.com:SaschaWillems/Vulkan-glTF-PBR.git,1169
MDEwOlJlcG9zaXRvcnkxMjAwODA2Mjk=,2018-02-03T10:18:08Z,2026-04-18T15:29:26Z,2026-04-18T15:29:22Z,984,True,libshared,GothenburgBitFactory/libshared,git@github.com:GothenburgBitFactory/libshared.git,7
MDEwOlJlcG9zaXRvcnkxMjAwODA0MzY=,2018-02-03T10:15:22Z,2026-05-07T11:00:53Z,2026-04-18T15:50:23Z,55166,True,timewarrior,GothenburgBitFactory/timewarrior,git@github.com:GothenburgBitFactory/timewarrior.git,1602
MDEwOlJlcG9zaXRvcnkxMjAwODAzNzc=,2018-02-03T10:14:26Z,2026-05-07T08:28:34Z,2026-05-03T15:41:37Z,36584,True,taskwarrior,GothenburgBitFactory/taskwarrior,git@github.com:GothenburgBitFactory/taskwarrior.git,5777
MDEwOlJlcG9zaXRvcnkxMTk2OTI2MzM=,2018-01-31T13:44:50Z,2026-05-05T16:41:00Z,2026-05-04T11:16:24Z,617,True,cpu_features,google/cpu_features,git@github.com:google/cpu_features.git,2598
MDEwOlJlcG9zaXRvcnkxMTk2NzAxNjQ=,2018-01-31T10:08:23Z,2026-05-05T22:15:39Z,2026-05-05T22:15:35Z,6299,False,prisma,vryy/prisma,git@github.com:vryy/prisma.git,1
MDEwOlJlcG9zaXRvcnkxMTk0OTU4OTg=,2018-01-30T06:59:48Z,2026-03-16T02:02:30Z,2026-03-16T02:02:24Z,404316,True,dde-introduction,linuxdeepin/dde-introduction,git@github.com:linuxdeepin/dde-introduction.git,2
MDEwOlJlcG9zaXRvcnkxMTkzODgzMzc=,2018-01-29T13:48:42Z,2026-05-05T02:39:17Z,2026-04-26T09:30:26Z,13519,True,rats-search,librats/rats-search,git@github.com:librats/rats-search.git,1853
MDEwOlJlcG9zaXRvcnkxMTkzNjU2MDg=,2018-01-29T10:06:10Z,2026-05-06T04:40:14Z,2026-05-05T15:08:41Z,31411,False,viamd,scanberg/viamd,git@github.com:scanberg/viamd.git,320
MDEwOlJlcG9zaXRvcnkxMTkyNDU4MjQ=,2018-01-28T09:45:14Z,2026-05-01T11:27:42Z,2026-04-29T00:36:02Z,12283,False,cinatra,qicosmos/cinatra,git@github.com:qicosmos/cinatra.git,2149
MDEwOlJlcG9zaXRvcnkxMTkxOTQwOTQ=,2018-01-27T19:10:34Z,2026-05-03T01:51:38Z,2026-05-03T01:51:33Z,4144,True,kuickshow,KDE/kuickshow,git@github.com:KDE/kuickshow.git,9
MDEwOlJlcG9zaXRvcnkxMTkxMTEzNjQ=,2018-01-26T22:45:05Z,2026-05-07T11:30:36Z,2026-05-07T06:15:47Z,82503,True,Vita3K,Vita3K/Vita3K,git@github.com:Vita3K/Vita3K.git,5231
MDEwOlJlcG9zaXRvcnkxMTkwNzUyNzU=,2018-01-26T16:27:58Z,2026-04-13T12:09:20Z,2026-04-13T12:09:21Z,113200,False,csgo-cli,jakoch/csgo-cli,git@github.com:jakoch/csgo-cli.git,36
MDEwOlJlcG9zaXRvcnkxMTkwNjAxMTQ=,2018-01-26T14:21:10Z,2026-05-04T13:59:53Z,2026-05-07T04:41:42Z,41370,True,SoftRobots,SofaDefrost/SoftRobots,git@github.com:SofaDefrost/SoftRobots.git,134
MDEwOlJlcG9zaXRvcnkxMTkwNDM3MzM=,2018-01-26T11:24:09Z,2026-05-07T05:51:09Z,2026-04-14T14:52:11Z,111431,True,opennurbs,mcneel/opennurbs,git@github.com:mcneel/opennurbs.git,531
MDEwOlJlcG9zaXRvcnkxMTg5MzgwMDU=,2018-01-25T16:27:38Z,2026-04-29T04:43:29Z,2026-04-12T16:10:30Z,27527,False,llarp,majestrate/llarp,git@github.com:majestrate/llarp.git,96
MDEwOlJlcG9zaXRvcnkxMTg5MDY3MzU=,2018-01-25T11:52:22Z,2026-05-04T21:00:49Z,2026-04-11T17:55:38Z,490,False,AirSane,SimulPiscator/AirSane,git@github.com:SimulPiscator/AirSane.git,346
MDEwOlJlcG9zaXRvcnkxMTg4MzQyMDQ=,2018-01-24T23:14:50Z,2026-04-20T03:11:39Z,2026-04-20T03:11:38Z,19873,True,Crabs,AStarStarship/Crabs,git@github.com:AStarStarship/Crabs.git,13
MDEwOlJlcG9zaXRvcnkxMTg2OTAzMDE=,2018-01-24T00:46:57Z,2026-03-26T18:35:09Z,2026-03-13T02:05:50Z,2416,True,svOneDSolver,SimVascular/svOneDSolver,git@github.com:SimVascular/svOneDSolver.git,21
MDEwOlJlcG9zaXRvcnkxMTg1NDIxMzY=,2018-01-23T01:53:43Z,2026-04-29T10:07:06Z,2026-05-06T19:44:00Z,1532923,True,libsnowflakeclient,snowflakedb/libsnowflakeclient,git@github.com:snowflakedb/libsnowflakeclient.git,38
MDEwOlJlcG9zaXRvcnkxMTg0NDE3MTk=,2018-01-22T10:24:21Z,2026-05-04T11:07:52Z,2026-05-04T11:07:48Z,5847,True,vcml,machineware-gmbh/vcml,git@github.com:machineware-gmbh/vcml.git,187
MDEwOlJlcG9zaXRvcnkxMTg0MzEwMTQ=,2018-01-22T08:52:47Z,2026-05-06T05:26:42Z,2026-05-06T06:45:49Z,72372,True,deepin-editor,linuxdeepin/deepin-editor,git@github.com:linuxdeepin/deepin-editor.git,108
MDEwOlJlcG9zaXRvcnkxMTg0MDgyOTI=,2018-01-22T04:57:12Z,2026-04-23T04:35:32Z,2026-04-23T05:03:36Z,22268,False,gNine,gaduimovich/gNine,git@github.com:gaduimovich/gNine.git,0
MDEwOlJlcG9zaXRvcnkxMTgzMzA3Mzc=,2018-01-21T11:59:37Z,2026-04-13T07:32:23Z,2026-04-30T07:12:39Z,960,False,mdk-examples,wang-bin/mdk-examples,git@github.com:wang-bin/mdk-examples.git,76
MDEwOlJlcG9zaXRvcnkxMTgyMjYxNTI=,2018-01-20T08:53:57Z,2026-05-05T11:19:28Z,2026-05-06T09:06:33Z,7746,True,ckb-next,ckb-next/ckb-next,git@github.com:ckb-next/ckb-next.git,3625
MDEwOlJlcG9zaXRvcnkxMTc4OTIyODk=,2018-01-17T21:01:45Z,2026-04-23T14:34:17Z,2026-04-23T14:34:13Z,272,False,SCC-XML_ParameterList,apmcollab/SCC-XML_ParameterList,git@github.com:apmcollab/SCC-XML_ParameterList.git,0
MDEwOlJlcG9zaXRvcnkxMTc4NDQ3MTM=,2018-01-17T14:06:47Z,2026-05-06T01:25:07Z,2026-05-03T19:24:20Z,213645,False,Gin,FigBug/Gin,git@github.com:FigBug/Gin.git,379
MDEwOlJlcG9zaXRvcnkxMTc3MTUzMjY=,2018-01-16T17:16:01Z,2026-05-04T18:23:58Z,2026-05-04T18:25:52Z,337170,True,unified,nwnxee/unified,git@github.com:nwnxee/unified.git,141
MDEwOlJlcG9zaXRvcnkxMTc3MDE1MTE=,2018-01-16T15:26:48Z,2026-03-17T18:58:44Z,2026-04-27T17:48:44Z,4842,False,cppe,maxscheurer/cppe,git@github.com:maxscheurer/cppe.git,23
MDEwOlJlcG9zaXRvcnkxMTc2OTU0Njk=,2018-01-16T14:41:03Z,2026-04-28T15:30:52Z,2026-04-28T15:28:12Z,20345,True,JANA2,JeffersonLab/JANA2,git@github.com:JeffersonLab/JANA2.git,9
MDEwOlJlcG9zaXRvcnkxMTc2NTAwODA=,2018-01-16T07:38:11Z,2026-04-25T09:03:21Z,2026-04-25T10:22:16Z,10469,True,golded-plus,golded-plus/golded-plus,git@github.com:golded-plus/golded-plus.git,81
MDEwOlJlcG9zaXRvcnkxMTc1ODU0ODg=,2018-01-15T19:17:12Z,2026-04-27T11:41:20Z,2026-05-01T23:21:17Z,10606,True,openblack,openblack/openblack,git@github.com:openblack/openblack.git,1489
MDEwOlJlcG9zaXRvcnkxMTc0NDYxMzU=,2018-01-14T16:19:33Z,2026-05-06T23:24:50Z,2026-05-06T23:24:46Z,1020857,True,Teleport,teleportxr/Teleport,git@github.com:teleportxr/Teleport.git,9
MDEwOlJlcG9zaXRvcnkxMTczNDgyODI=,2018-01-13T14:04:14Z,2026-05-05T06:04:16Z,2026-04-18T23:01:41Z,13942,False,ImGuiFileDialog,aiekick/ImGuiFileDialog,git@github.com:aiekick/ImGuiFileDialog.git,1480
MDEwOlJlcG9zaXRvcnkxMTczNDEzOTE=,2018-01-13T12:22:16Z,2026-05-06T08:16:29Z,2026-05-06T08:16:24Z,101681,True,thunder,thunder-engine/thunder,git@github.com:thunder-engine/thunder.git,653
MDEwOlJlcG9zaXRvcnkxMTczMDAwMTE=,2018-01-13T00:09:36Z,2026-04-29T15:37:17Z,2026-04-29T15:37:11Z,15142,True,OMSens_Qt,OpenModelica/OMSens_Qt,git@github.com:OpenModelica/OMSens_Qt.git,3
MDEwOlJlcG9zaXRvcnkxMTcyODcxODQ=,2018-01-12T20:56:06Z,2026-05-01T14:57:21Z,2026-03-26T04:45:29Z,2688,False,pytorch_cluster,rusty1s/pytorch_cluster,git@github.com:rusty1s/pytorch_cluster.git,922
MDEwOlJlcG9zaXRvcnkxMTcxMjI1MTA=,2018-01-11T16:14:21Z,2026-05-07T02:55:48Z,2026-05-07T07:25:48Z,167334,True,ginkgo,ginkgo-project/ginkgo,git@github.com:ginkgo-project/ginkgo.git,594
MDEwOlJlcG9zaXRvcnkxMTY5Nzk4NTQ=,2018-01-10T16:07:30Z,2026-03-22T15:56:54Z,2026-03-04T09:15:17Z,1489,False,Autinn,NikolaiVChr/Autinn,git@github.com:NikolaiVChr/Autinn.git,24
MDEwOlJlcG9zaXRvcnkxMTY5MDM1ODY=,2018-01-10T03:33:51Z,2026-03-12T17:44:19Z,2026-04-26T12:30:28Z,44929,False,mx-live-usb-maker,AdrianTM/mx-live-usb-maker,git@github.com:AdrianTM/mx-live-usb-maker.git,8
MDEwOlJlcG9zaXRvcnkxMTY2OTMwMjI=,2018-01-08T15:20:40Z,2026-03-18T14:15:35Z,2026-03-18T14:15:31Z,1878,False,GCIS,danielsaad/GCIS,git@github.com:danielsaad/GCIS.git,5
MDEwOlJlcG9zaXRvcnkxMTY2ODM1NTY=,2018-01-08T13:58:56Z,2026-04-13T14:39:33Z,2026-04-13T14:39:51Z,4057,False,unify,kit10us/unify,git@github.com:kit10us/unify.git,2
MDEwOlJlcG9zaXRvcnkxMTY1MjMyODE=,2018-01-06T23:35:23Z,2026-05-06T04:59:51Z,2026-04-29T21:39:55Z,22181,True,OpenLoco,OpenLoco/OpenLoco,git@github.com:OpenLoco/OpenLoco.git,1673
MDEwOlJlcG9zaXRvcnkxMTY1MDA5MzM=,2018-01-06T17:11:56Z,2026-04-03T10:41:22Z,2026-04-03T10:41:16Z,6943,True,ITKBioCell,InsightSoftwareConsortium/ITKBioCell,git@github.com:InsightSoftwareConsortium/ITKBioCell.git,3
MDEwOlJlcG9zaXRvcnkxMTY0ODk2NTk=,2018-01-06T14:33:47Z,2026-03-31T16:35:51Z,2026-04-22T14:14:46Z,810,True,hash2,boostorg/hash2,git@github.com:boostorg/hash2.git,52
MDEwOlJlcG9zaXRvcnkxMTY0NzgxNzg=,2018-01-06T11:40:03Z,2026-04-19T20:56:19Z,2026-03-02T16:44:42Z,512710,False,Ashes,DragonJoker/Ashes,git@github.com:DragonJoker/Ashes.git,391
MDEwOlJlcG9zaXRvcnkxMTYzOTMyMDY=,2018-01-05T14:26:32Z,2026-04-28T11:38:16Z,2026-04-28T11:38:11Z,313,True,homegear-management,Homegear/homegear-management,git@github.com:Homegear/homegear-management.git,1
MDEwOlJlcG9zaXRvcnkxMTYzNzI5Mzc=,2018-01-05T10:25:49Z,2026-04-28T08:09:48Z,2026-04-28T11:38:03Z,8798,True,homegear-gateway,Homegear/homegear-gateway,git@github.com:Homegear/homegear-gateway.git,2
MDEwOlJlcG9zaXRvcnkxMTYyOTYwNjE=,2018-01-04T18:54:22Z,2026-05-06T15:52:50Z,2026-05-06T23:28:55Z,12707,False,rapidyaml,biojppm/rapidyaml,git@github.com:biojppm/rapidyaml.git,723
MDEwOlJlcG9zaXRvcnkxMTYyMTQ5OTA=,2018-01-04T04:35:59Z,2026-03-17T15:33:41Z,2026-03-17T15:40:31Z,170,True,libime-jyutping,fcitx/libime-jyutping,git@github.com:fcitx/libime-jyutping.git,7
MDEwOlJlcG9zaXRvcnkxMTYxNDg1MjA=,2018-01-03T14:52:19Z,2026-03-28T02:02:04Z,2026-03-19T14:54:14Z,654629,True,HydraAPI,Ray-Tracing-Systems/HydraAPI,git@github.com:Ray-Tracing-Systems/HydraAPI.git,25
MDEwOlJlcG9zaXRvcnkxMTYwNjcwMzE=,2018-01-02T23:13:33Z,2026-03-17T15:34:03Z,2026-03-17T15:41:03Z,132,True,fcitx5-sayura,fcitx/fcitx5-sayura,git@github.com:fcitx/fcitx5-sayura.git,1
