id,createdAt,updatedAt,pushedAt,diskUsage,isInOrganization,name,nameWithOwner,sshUrl,stargazerCount
MDEwOlJlcG9zaXRvcnk0ODc2ODI2Mg==,2015-12-29T21:39:11Z,2026-04-30T18:57:41Z,2026-04-10T20:42:59Z,1019,False,NtTrace,rogerorr/NtTrace,git@github.com:rogerorr/NtTrace.git,379
MDEwOlJlcG9zaXRvcnk0ODcxNDkzNg==,2015-12-28T22:15:49Z,2026-05-06T01:32:11Z,2026-05-06T01:32:08Z,289294,True,easybuild-life-sciences,FredHutch/easybuild-life-sciences,git@github.com:FredHutch/easybuild-life-sciences.git,24
MDEwOlJlcG9zaXRvcnk0ODcwOTI0Nw==,2015-12-28T19:39:03Z,2026-04-09T16:36:10Z,2026-04-22T14:22:47Z,117243,False,fusion-io,nferraro/fusion-io,git@github.com:nferraro/fusion-io.git,21
MDEwOlJlcG9zaXRvcnk0ODU5NTYyOA==,2015-12-26T01:21:47Z,2026-05-03T02:49:57Z,2026-05-03T02:49:53Z,53764,True,kexi,KDE/kexi,git@github.com:KDE/kexi.git,55
MDEwOlJlcG9zaXRvcnk0ODQzMTk5Nw==,2015-12-22T12:58:42Z,2026-05-07T10:35:45Z,2026-04-28T14:41:23Z,36414,True,Log4Qt,MEONMedical/Log4Qt,git@github.com:MEONMedical/Log4Qt.git,637
MDEwOlJlcG9zaXRvcnk0ODM5OTU2MQ==,2015-12-21T23:27:21Z,2026-04-21T11:57:26Z,2026-04-02T16:24:04Z,3444,False,gears,jintonic/gears,git@github.com:jintonic/gears.git,93
MDEwOlJlcG9zaXRvcnk0ODM3ODk4MA==,2015-12-21T15:25:40Z,2026-04-23T07:49:57Z,2026-04-23T07:49:52Z,1467,False,proxpde,capitalaslash/proxpde,git@github.com:capitalaslash/proxpde.git,0
MDEwOlJlcG9zaXRvcnk0ODE4NTU4Nw==,2015-12-17T16:29:33Z,2026-05-07T09:28:43Z,2026-05-06T16:14:51Z,85396,False,QuantLib,lballabio/QuantLib,git@github.com:lballabio/QuantLib.git,7108
MDEwOlJlcG9zaXRvcnk0ODE2ODkwMg==,2015-12-17T10:46:38Z,2026-05-06T22:48:13Z,2026-04-20T06:11:38Z,16392,True,vstgui,steinbergmedia/vstgui,git@github.com:steinbergmedia/vstgui.git,1042
MDEwOlJlcG9zaXRvcnk0Nzk4ODkzNg==,2015-12-14T17:01:14Z,2026-04-14T14:19:23Z,2026-05-02T21:47:27Z,305758,True,xptools,X-Plane/xptools,git@github.com:X-Plane/xptools.git,111
MDEwOlJlcG9zaXRvcnk0Nzk3NzAwNA==,2015-12-14T13:35:04Z,2026-05-07T05:23:22Z,2026-03-30T01:34:37Z,906,False,path_planner,karlkurzer/path_planner,git@github.com:karlkurzer/path_planner.git,1879
MDEwOlJlcG9zaXRvcnk0Nzg2MjY1Mg==,2015-12-12T03:31:45Z,2026-04-17T16:50:50Z,2026-04-14T20:34:18Z,16376,True,ecoevolity,phyletica/ecoevolity,git@github.com:phyletica/ecoevolity.git,9
MDEwOlJlcG9zaXRvcnk0NzcxNDk3OA==,2015-12-09T19:49:26Z,2026-05-06T15:22:57Z,2026-05-07T10:40:10Z,46731,True,eventviews,KDE/eventviews,git@github.com:KDE/eventviews.git,12
MDEwOlJlcG9zaXRvcnk0NzcxMjE5Nw==,2015-12-09T18:58:38Z,2026-05-06T01:52:17Z,2026-05-07T10:38:17Z,486887,True,messagelib,KDE/messagelib,git@github.com:KDE/messagelib.git,14
MDEwOlJlcG9zaXRvcnk0NzY2ODU4Mg==,2015-12-09T04:32:38Z,2026-05-02T06:24:09Z,2026-05-07T10:34:27Z,6152,True,libkdepim,KDE/libkdepim,git@github.com:KDE/libkdepim.git,11
MDEwOlJlcG9zaXRvcnk0NzY2ODU1Ng==,2015-12-09T04:31:55Z,2026-05-06T01:51:54Z,2026-05-07T10:38:42Z,50641,True,mailcommon,KDE/mailcommon,git@github.com:KDE/mailcommon.git,7
MDEwOlJlcG9zaXRvcnk0NzY2ODQ5MA==,2015-12-09T04:30:05Z,2026-05-03T11:48:27Z,2026-05-07T10:37:36Z,5364,True,mailimporter,KDE/mailimporter,git@github.com:KDE/mailimporter.git,7
MDEwOlJlcG9zaXRvcnk0NzY2ODQ2Nw==,2015-12-09T04:29:25Z,2026-05-07T06:22:34Z,2026-05-07T10:37:10Z,40893,True,pimcommon,KDE/pimcommon,git@github.com:KDE/pimcommon.git,9
MDEwOlJlcG9zaXRvcnk0NzY2ODQzOQ==,2015-12-09T04:28:49Z,2026-05-07T10:04:46Z,2026-05-07T10:34:35Z,81981,True,libkleo,KDE/libkleo,git@github.com:KDE/libkleo.git,11
MDEwOlJlcG9zaXRvcnk0NzY2ODQwNA==,2015-12-09T04:27:59Z,2026-05-02T06:23:32Z,2026-05-07T09:32:29Z,870,True,grantleetheme,KDE/grantleetheme,git@github.com:KDE/grantleetheme.git,8
MDEwOlJlcG9zaXRvcnk0NzY2ODM4Mg==,2015-12-09T04:27:19Z,2026-05-07T01:48:24Z,2026-05-07T10:39:46Z,50994,True,calendarsupport,KDE/calendarsupport,git@github.com:KDE/calendarsupport.git,8
MDEwOlJlcG9zaXRvcnk0NzY2ODM1Ng==,2015-12-09T04:26:33Z,2026-05-07T01:48:33Z,2026-05-07T10:40:18Z,42623,True,incidenceeditor,KDE/incidenceeditor,git@github.com:KDE/incidenceeditor.git,9
MDEwOlJlcG9zaXRvcnk0NzY2ODMwMQ==,2015-12-09T04:24:40Z,2026-05-02T06:25:07Z,2026-05-07T09:35:01Z,1164,True,libgravatar,KDE/libgravatar,git@github.com:KDE/libgravatar.git,6
MDEwOlJlcG9zaXRvcnk0NzY2NzE2Nw==,2015-12-09T03:50:51Z,2026-05-05T05:33:07Z,2026-05-07T10:38:09Z,37498,True,libksieve,KDE/libksieve,git@github.com:KDE/libksieve.git,10
MDEwOlJlcG9zaXRvcnk0NzYzNzQ1Mg==,2015-12-08T17:20:24Z,2026-04-14T23:27:01Z,2026-04-14T23:26:56Z,7470,False,cppad_mixed,bradbell/cppad_mixed,git@github.com:bradbell/cppad_mixed.git,8
MDEwOlJlcG9zaXRvcnk0NzU4Mzc0Mw==,2015-12-07T22:38:45Z,2026-05-06T05:30:57Z,2026-05-06T06:32:10Z,306263,True,ryzomcore,ryzom/ryzomcore,git@github.com:ryzom/ryzomcore.git,429
MDEwOlJlcG9zaXRvcnk0NzU4MTEwMg==,2015-12-07T21:44:10Z,2026-04-30T20:16:59Z,2026-04-30T20:17:00Z,10855,True,lerc,Esri/lerc,git@github.com:Esri/lerc.git,207
MDEwOlJlcG9zaXRvcnk0NzU0Mjc5OA==,2015-12-07T09:36:43Z,2026-05-07T08:14:58Z,2026-05-07T11:23:05Z,14162,True,mender,mendersoftware/mender,git@github.com:mendersoftware/mender.git,1177
MDEwOlJlcG9zaXRvcnk0NzM3MjYzNw==,2015-12-04T01:24:35Z,2026-04-02T19:14:23Z,2026-05-05T18:53:08Z,105260,True,HPWHsim,bigladder/HPWHsim,git@github.com:bigladder/HPWHsim.git,20
MDEwOlJlcG9zaXRvcnk0NzM0NTQ5Mw==,2015-12-03T16:41:49Z,2026-04-29T13:07:28Z,2026-04-14T08:05:53Z,8432,False,nemesis,kulhanek/nemesis,git@github.com:kulhanek/nemesis.git,1
MDEwOlJlcG9zaXRvcnk0NzA2OTgxOQ==,2015-11-29T15:57:03Z,2026-05-06T18:06:36Z,2026-05-01T18:18:50Z,445524,True,ogre,OGRECave/ogre,git@github.com:OGRECave/ogre.git,4559
MDEwOlJlcG9zaXRvcnk0NzAyMzM3OA==,2015-11-28T12:53:10Z,2026-05-02T16:46:27Z,2026-05-02T16:46:23Z,918,False,home_automation,petersohn/home_automation,git@github.com:petersohn/home_automation.git,0
MDEwOlJlcG9zaXRvcnk0Njk5MTk4NA==,2015-11-27T17:22:18Z,2026-05-04T19:09:53Z,2026-05-07T10:41:11Z,53663,True,kdepim-addons,KDE/kdepim-addons,git@github.com:KDE/kdepim-addons.git,14
MDEwOlJlcG9zaXRvcnk0Njk3ODg3OQ==,2015-11-27T12:21:27Z,2026-03-21T18:54:11Z,2026-04-24T17:36:34Z,372,True,Extractor_projects,mangos/Extractor_projects,git@github.com:mangos/Extractor_projects.git,28
MDEwOlJlcG9zaXRvcnk0NjkyOTE1Nw==,2015-11-26T13:45:47Z,2026-04-22T10:21:50Z,2026-04-22T10:21:46Z,140,True,gui-vizkit3d_pcl,rock-gui/gui-vizkit3d_pcl,git@github.com:rock-gui/gui-vizkit3d_pcl.git,1
MDEwOlJlcG9zaXRvcnk0NjkyNTgzNw==,2015-11-26T12:34:58Z,2026-04-23T20:11:38Z,2026-04-23T20:12:15Z,3382,True,Qkinz,oslocyclotronlab/Qkinz,git@github.com:oslocyclotronlab/Qkinz.git,4
MDEwOlJlcG9zaXRvcnk0NjgzNTU5OQ==,2015-11-25T03:41:47Z,2026-05-01T08:20:42Z,2026-05-01T08:20:38Z,7665,True,libfm-qt,lxqt/libfm-qt,git@github.com:lxqt/libfm-qt.git,82
MDEwOlJlcG9zaXRvcnk0NjgxNzU2Ng==,2015-11-24T20:45:21Z,2026-05-07T00:49:33Z,2026-05-06T09:10:21Z,1456090,True,upbge,UPBGE/upbge,git@github.com:UPBGE/upbge.git,1759
MDEwOlJlcG9zaXRvcnk0Njc5MzkzMQ==,2015-11-24T13:39:19Z,2026-05-05T21:55:03Z,2026-04-15T20:54:45Z,22500,False,agbplay,ipatix/agbplay,git@github.com:ipatix/agbplay.git,147
MDEwOlJlcG9zaXRvcnk0Njc0Njc5Nw==,2015-11-23T20:41:52Z,2026-05-06T18:41:56Z,2026-05-06T18:41:52Z,2961,False,FunctionalPlus,Dobiasd/FunctionalPlus,git@github.com:Dobiasd/FunctionalPlus.git,2285
MDEwOlJlcG9zaXRvcnk0NjY4NDIzMQ==,2015-11-22T22:45:51Z,2026-05-06T09:45:48Z,2026-05-06T09:45:43Z,24007,False,atools,albar965/atools,git@github.com:albar965/atools.git,43
MDEwOlJlcG9zaXRvcnk0NjYyODI3OQ==,2015-11-21T18:38:24Z,2026-05-03T23:46:49Z,2026-05-03T23:46:46Z,161584,False,mx-snapshot,AdrianTM/mx-snapshot,git@github.com:AdrianTM/mx-snapshot.git,16
MDEwOlJlcG9zaXRvcnk0NjU3ODgyMQ==,2015-11-20T18:14:29Z,2026-05-05T11:59:13Z,2026-05-05T11:59:08Z,2273,True,pixelmatch-cpp,mapbox/pixelmatch-cpp,git@github.com:mapbox/pixelmatch-cpp.git,47
MDEwOlJlcG9zaXRvcnk0NjU2NjgyMg==,2015-11-20T14:33:17Z,2026-04-19T14:32:13Z,2026-04-11T14:28:56Z,9499,True,SlicerDMRI,SlicerDMRI/SlicerDMRI,git@github.com:SlicerDMRI/SlicerDMRI.git,87
MDEwOlJlcG9zaXRvcnk0NjU1NDM5MA==,2015-11-20T10:05:49Z,2026-05-05T07:16:18Z,2026-05-07T07:12:36Z,50462,True,mobile,MerginMaps/mobile,git@github.com:MerginMaps/mobile.git,375
MDEwOlJlcG9zaXRvcnk0NjUyMTkzNg==,2015-11-19T21:38:26Z,2026-04-23T11:29:12Z,2026-04-23T11:29:15Z,1426,False,noson,janbar/noson,git@github.com:janbar/noson.git,33
MDEwOlJlcG9zaXRvcnk0NjUxMzI3Mg==,2015-11-19T18:51:58Z,2026-05-06T11:14:16Z,2026-04-11T17:01:05Z,10866,True,OpenBangla-Keyboard,OpenBangla/OpenBangla-Keyboard,git@github.com:OpenBangla/OpenBangla-Keyboard.git,580
MDEwOlJlcG9zaXRvcnk0NjUwMDcxNw==,2015-11-19T15:19:57Z,2026-05-01T20:01:09Z,2026-03-02T08:53:36Z,373888,True,stratagus,Wargus/stratagus,git@github.com:Wargus/stratagus.git,713
MDEwOlJlcG9zaXRvcnk0NjQ1MDgyNw==,2015-11-18T22:11:44Z,2026-04-22T23:18:34Z,2026-03-06T20:30:36Z,78172,True,RE-flex,Genivia/RE-flex,git@github.com:Genivia/RE-flex.git,592
MDEwOlJlcG9zaXRvcnk0NjQyMDQ2Mw==,2015-11-18T13:28:05Z,2026-05-07T11:25:14Z,2026-05-07T11:25:10Z,34536,False,flamerobin,mariuz/flamerobin,git@github.com:mariuz/flamerobin.git,246
MDEwOlJlcG9zaXRvcnk0NjQxNjQ1OQ==,2015-11-18T12:12:04Z,2026-03-16T13:20:26Z,2026-03-16T13:20:21Z,19874,True,petro,steinwurf/petro,git@github.com:steinwurf/petro.git,3
MDEwOlJlcG9zaXRvcnk0NjM3NjgwMA==,2015-11-17T21:32:57Z,2026-04-23T23:57:54Z,2026-05-02T03:34:54Z,5126,True,fleece,couchbase/fleece,git@github.com:couchbase/fleece.git,338
MDEwOlJlcG9zaXRvcnk0NjM3NDE5OQ==,2015-11-17T20:42:18Z,2026-05-07T04:34:02Z,2026-05-07T11:29:17Z,281099,True,librealsense,realsenseai/librealsense,git@github.com:realsenseai/librealsense.git,8738
MDEwOlJlcG9zaXRvcnk0NjM3NDE1OA==,2015-11-17T20:41:36Z,2026-05-06T11:00:42Z,2026-04-11T17:13:01Z,122153,False,VulkanCapsViewer,SaschaWillems/VulkanCapsViewer,git@github.com:SaschaWillems/VulkanCapsViewer.git,418
MDEwOlJlcG9zaXRvcnk0NjI5NzY0OQ==,2015-11-16T19:39:16Z,2026-05-06T03:18:53Z,2026-05-06T16:34:34Z,867287,True,Trilinos,trilinos/Trilinos,git@github.com:trilinos/Trilinos.git,1382
MDEwOlJlcG9zaXRvcnk0NjI5MTMzMA==,2015-11-16T17:41:03Z,2026-05-07T08:13:11Z,2026-05-05T09:58:52Z,12414,True,s2geometry,google/s2geometry,git@github.com:google/s2geometry.git,2655
MDEwOlJlcG9zaXRvcnk0NjI4OTgyMQ==,2015-11-16T17:13:32Z,2026-03-17T11:46:04Z,2026-03-17T11:56:11Z,1456,False,ipr,GabrielDosReis/ipr,git@github.com:GabrielDosReis/ipr.git,232
MDEwOlJlcG9zaXRvcnk0NjE1Mzg5Mg==,2015-11-14T00:12:04Z,2026-05-07T11:36:09Z,2026-05-07T00:51:54Z,7100,True,nccl,NVIDIA/nccl,git@github.com:NVIDIA/nccl.git,4682
MDEwOlJlcG9zaXRvcnk0NjEzMDA2OA==,2015-11-13T15:30:27Z,2026-05-07T02:06:38Z,2026-05-06T18:38:47Z,628850,True,opennn,Artelnics/opennn,git@github.com:Artelnics/opennn.git,1192
MDEwOlJlcG9zaXRvcnk0NjA4MDE2Nw==,2015-11-12T20:53:16Z,2026-04-26T20:55:05Z,2026-04-10T19:36:54Z,1390,True,esp8266-oled-ssd1306,ThingPulse/esp8266-oled-ssd1306,git@github.com:ThingPulse/esp8266-oled-ssd1306.git,2159
MDEwOlJlcG9zaXRvcnk0NTk4MTgwMQ==,2015-11-11T12:56:25Z,2026-05-06T21:40:35Z,2026-05-07T03:06:22Z,30135,True,SPIRV-Tools,KhronosGroup/SPIRV-Tools,git@github.com:KhronosGroup/SPIRV-Tools.git,1303
MDEwOlJlcG9zaXRvcnk0NTk1MzY0OQ==,2015-11-11T02:02:00Z,2026-05-04T05:33:13Z,2026-04-06T18:09:02Z,9640,True,Caliper,llnl/Caliper,git@github.com:llnl/Caliper.git,411
MDEwOlJlcG9zaXRvcnk0NTk0Njg2MA==,2015-11-10T23:19:04Z,2026-04-29T03:28:54Z,2026-04-27T19:49:50Z,346,True,simple-mail,cutelyst/simple-mail,git@github.com:cutelyst/simple-mail.git,231
MDEwOlJlcG9zaXRvcnk0NTkyMjU3Ng==,2015-11-10T15:54:25Z,2026-03-29T23:31:52Z,2026-03-01T22:12:03Z,18505,True,osIROSE-new,dev-osrose/osIROSE-new,git@github.com:dev-osrose/osIROSE-new.git,69
MDEwOlJlcG9zaXRvcnk0NTkwMDQyNQ==,2015-11-10T09:08:46Z,2026-04-29T02:15:06Z,2026-05-06T16:23:19Z,41265,False,llbc,lailongwei/llbc,git@github.com:lailongwei/llbc.git,299
MDEwOlJlcG9zaXRvcnk0NTg5MzcwMw==,2015-11-10T06:58:03Z,2026-05-06T06:28:14Z,2026-05-06T06:28:10Z,11813,False,jbead,damianbrunold/jbead,git@github.com:damianbrunold/jbead.git,24
MDEwOlJlcG9zaXRvcnk0NTgyNzU1MA==,2015-11-09T09:17:48Z,2026-04-13T14:04:22Z,2026-04-13T14:04:16Z,105274,True,ugcore,UG4/ugcore,git@github.com:UG4/ugcore.git,36
MDEwOlJlcG9zaXRvcnk0NTcwOTkwMQ==,2015-11-06T21:53:50Z,2026-05-07T01:43:29Z,2026-05-07T09:18:50Z,33421,True,minuet,KDE/minuet,git@github.com:KDE/minuet.git,50
MDEwOlJlcG9zaXRvcnk0NTcwMTcxMA==,2015-11-06T19:10:15Z,2026-05-06T02:39:47Z,2026-05-04T21:05:19Z,11699,False,signalflow,ideoforms/signalflow,git@github.com:ideoforms/signalflow.git,248
MDEwOlJlcG9zaXRvcnk0NTY5NzIwMg==,2015-11-06T17:39:32Z,2026-05-07T10:25:37Z,2026-05-07T10:26:18Z,333051,True,discover,KDE/discover,git@github.com:KDE/discover.git,119
MDEwOlJlcG9zaXRvcnk0NTY0NjY1NQ==,2015-11-05T23:34:28Z,2026-03-31T11:05:44Z,2026-04-27T10:52:05Z,27500,True,oneclient,onedata/oneclient,git@github.com:onedata/oneclient.git,12
MDEwOlJlcG9zaXRvcnk0NTY0NjU5MA==,2015-11-05T23:32:54Z,2026-04-24T19:06:25Z,2026-04-27T10:52:19Z,14891,True,helpers,onedata/helpers,git@github.com:onedata/helpers.git,0
MDEwOlJlcG9zaXRvcnk0NTYzMzkxMA==,2015-11-05T19:22:49Z,2026-05-06T21:30:10Z,2026-05-06T22:19:29Z,211167,True,jami-daemon,savoirfairelinux/jami-daemon,git@github.com:savoirfairelinux/jami-daemon.git,165
MDEwOlJlcG9zaXRvcnk0NTYxOTY4Mw==,2015-11-05T15:20:07Z,2026-04-04T01:28:39Z,2026-05-07T11:09:26Z,251745,True,dissolve,disorderedmaterials/dissolve,git@github.com:disorderedmaterials/dissolve.git,14
MDEwOlJlcG9zaXRvcnk0NTYxMTQ3Ng==,2015-11-05T13:02:03Z,2026-05-04T15:14:57Z,2026-05-07T08:16:17Z,151632,True,linphone-desktop,BelledonneCommunications/linphone-desktop,git@github.com:BelledonneCommunications/linphone-desktop.git,478
MDEwOlJlcG9zaXRvcnk0NTU2ODg5OQ==,2015-11-04T21:33:42Z,2026-05-06T17:21:25Z,2026-05-06T17:21:04Z,7516737,True,carmen_lcad,LCAD-UFES/carmen_lcad,git@github.com:LCAD-UFES/carmen_lcad.git,69
MDEwOlJlcG9zaXRvcnk0NTU1NDA4MA==,2015-11-04T17:04:28Z,2026-05-06T06:14:38Z,2026-04-27T22:23:03Z,49906,True,lci,uiuc-hpc/lci,git@github.com:uiuc-hpc/lci.git,33
MDEwOlJlcG9zaXRvcnk0NTUyODM5OQ==,2015-11-04T09:27:00Z,2026-05-06T08:26:21Z,2026-05-06T12:46:33Z,5115,True,kscreenlocker,KDE/kscreenlocker,git@github.com:KDE/kscreenlocker.git,30
MDEwOlJlcG9zaXRvcnk0NTQ4NDMwMg==,2015-11-03T17:44:58Z,2026-04-11T10:30:16Z,2026-03-22T22:00:14Z,165001,False,cadabra2,kpeeters/cadabra2,git@github.com:kpeeters/cadabra2.git,275
MDEwOlJlcG9zaXRvcnk0NTQxMDkxNQ==,2015-11-02T17:39:27Z,2026-03-13T14:59:46Z,2026-03-13T15:09:44Z,116052,True,libwallaby,kipr/libwallaby,git@github.com:kipr/libwallaby.git,21
MDEwOlJlcG9zaXRvcnk0NTM5MDMyNw==,2015-11-02T11:24:43Z,2026-05-06T03:13:31Z,2026-05-06T03:15:45Z,24518,True,dde-session-ui,linuxdeepin/dde-session-ui,git@github.com:linuxdeepin/dde-session-ui.git,36
MDEwOlJlcG9zaXRvcnk0NTI3OTAyMg==,2015-10-30T22:07:25Z,2026-05-06T18:03:20Z,2026-05-06T23:30:37Z,113531,True,binaryninja-api,Vector35/binaryninja-api,git@github.com:Vector35/binaryninja-api.git,1249
MDEwOlJlcG9zaXRvcnk0NTI3NzA5Mg==,2015-10-30T21:20:04Z,2026-05-03T21:41:42Z,2026-05-03T21:41:38Z,1683,False,atracdenc,dcherednik/atracdenc,git@github.com:dcherednik/atracdenc.git,87
MDEwOlJlcG9zaXRvcnk0NTE3Njc1Ng==,2015-10-29T10:39:10Z,2026-05-06T09:15:10Z,2026-04-27T20:20:53Z,43190,False,RP-Soundboard,MGraefe/RP-Soundboard,git@github.com:MGraefe/RP-Soundboard.git,128
MDEwOlJlcG9zaXRvcnk0NDgzODk4OA==,2015-10-23T21:15:45Z,2026-05-05T13:01:48Z,2026-05-06T08:25:22Z,25182,True,swift-llbuild,swiftlang/swift-llbuild,git@github.com:swiftlang/swift-llbuild.git,1271
MDEwOlJlcG9zaXRvcnk0NDgyMTIyMA==,2015-10-23T15:22:37Z,2026-04-08T10:39:37Z,2026-04-01T21:15:59Z,143,False,FW-KENSC-ShellExt,MainMemory/FW-KENSC-ShellExt,git@github.com:MainMemory/FW-KENSC-ShellExt.git,13
MDEwOlJlcG9zaXRvcnk0NDgxMTY1NQ==,2015-10-23T12:25:49Z,2026-05-05T13:33:10Z,2026-05-05T13:32:55Z,63058,True,hazelcast-cpp-client,hazelcast/hazelcast-cpp-client,git@github.com:hazelcast/hazelcast-cpp-client.git,90
MDEwOlJlcG9zaXRvcnk0NDgwODI4MQ==,2015-10-23T11:10:47Z,2026-04-13T12:51:56Z,2026-04-13T12:51:51Z,63,False,lecture,rhaschke/lecture,git@github.com:rhaschke/lecture.git,29
MDEwOlJlcG9zaXRvcnk0NDc4NTUxOQ==,2015-10-23T02:16:39Z,2026-05-05T17:19:59Z,2026-05-05T17:19:35Z,48,True,ossim-wms,ossimlabs/ossim-wms,git@github.com:ossimlabs/ossim-wms.git,0
MDEwOlJlcG9zaXRvcnk0NDc1Nzc4Nw==,2015-10-22T16:18:49Z,2026-04-17T04:58:28Z,2026-04-17T05:00:13Z,661629,False,cxx_math,emsr/cxx_math,git@github.com:emsr/cxx_math.git,17
MDEwOlJlcG9zaXRvcnk0NDc0ODUzMw==,2015-10-22T13:54:19Z,2026-05-05T00:15:53Z,2026-05-04T13:36:35Z,10588,True,remill,lifting-bits/remill,git@github.com:lifting-bits/remill.git,1691
MDEwOlJlcG9zaXRvcnk0NDc0Nzc5Nw==,2015-10-22T13:43:06Z,2026-05-04T15:14:56Z,2026-04-23T09:01:56Z,81435,True,mysql-workbench,mysql/mysql-workbench,git@github.com:mysql/mysql-workbench.git,989
MDEwOlJlcG9zaXRvcnk0NDY3MzU0Ng==,2015-10-21T12:08:33Z,2026-04-02T20:24:16Z,2026-04-02T20:24:12Z,36,True,libgp,grumpy-irc/libgp,git@github.com:grumpy-irc/libgp.git,0
MDEwOlJlcG9zaXRvcnk0NDU2MDk1Ng==,2015-10-19T20:09:47Z,2026-05-06T21:38:42Z,2026-05-06T21:38:36Z,6775,True,dccl,GobySoft/dccl,git@github.com:GobySoft/dccl.git,22
MDEwOlJlcG9zaXRvcnk0NDUyOTczMQ==,2015-10-19T11:21:32Z,2026-04-15T09:22:33Z,2026-04-15T09:22:28Z,13431,True,KaMIS,KarlsruheMIS/KaMIS,git@github.com:KarlsruheMIS/KaMIS.git,83
MDEwOlJlcG9zaXRvcnk0NDUxODc3Ng==,2015-10-19T07:42:50Z,2026-04-29T10:37:52Z,2026-03-18T09:10:45Z,6147,True,velocypack,arangodb/velocypack,git@github.com:arangodb/velocypack.git,428
MDEwOlJlcG9zaXRvcnk0NDQ0Nzc2NA==,2015-10-17T17:43:29Z,2026-03-19T15:17:49Z,2026-04-03T16:18:31Z,26351,False,nedit-ng,eteran/nedit-ng,git@github.com:eteran/nedit-ng.git,99
MDEwOlJlcG9zaXRvcnk0NDM3MDkxMg==,2015-10-16T07:59:43Z,2026-04-25T15:16:10Z,2026-05-04T12:06:48Z,86987,False,SIRIUS,electronic-structure/SIRIUS,git@github.com:electronic-structure/SIRIUS.git,163
MDEwOlJlcG9zaXRvcnk0NDM0MTUyMw==,2015-10-15T19:51:48Z,2026-05-07T08:31:01Z,2026-05-06T19:31:34Z,241815,True,vengi,vengi-voxel/vengi,git@github.com:vengi-voxel/vengi.git,1360
MDEwOlJlcG9zaXRvcnk0NDMyNTYxNw==,2015-10-15T15:06:59Z,2026-04-28T21:00:50Z,2026-04-14T14:39:20Z,29549,False,sacnview,docsteer/sacnview,git@github.com:docsteer/sacnview.git,134
MDEwOlJlcG9zaXRvcnk0NDI5MjczNg==,2015-10-15T03:57:07Z,2026-05-05T15:13:55Z,2026-04-26T13:07:19Z,317575,True,DiligentSamples,DiligentGraphics/DiligentSamples,git@github.com:DiligentGraphics/DiligentSamples.git,391
MDEwOlJlcG9zaXRvcnk0NDI5MjcyNg==,2015-10-15T03:56:53Z,2026-05-02T13:58:34Z,2026-04-26T12:50:44Z,8779,True,DiligentTools,DiligentGraphics/DiligentTools,git@github.com:DiligentGraphics/DiligentTools.git,148
MDEwOlJlcG9zaXRvcnk0NDI5MjcxMg==,2015-10-15T03:56:34Z,2026-05-07T02:43:03Z,2026-05-07T02:42:59Z,47730,True,DiligentCore,DiligentGraphics/DiligentCore,git@github.com:DiligentGraphics/DiligentCore.git,737
MDEwOlJlcG9zaXRvcnk0NDI4MzE2NA==,2015-10-15T00:02:53Z,2026-04-26T12:36:20Z,2026-04-26T12:36:16Z,6137,True,mx-select-sound,MX-Linux/mx-select-sound,git@github.com:MX-Linux/mx-select-sound.git,4
MDEwOlJlcG9zaXRvcnk0NDI1NTM5Nw==,2015-10-14T14:59:01Z,2026-03-27T22:10:50Z,2026-03-27T22:10:46Z,47310,False,IsoSpec,MatteoLacki/IsoSpec,git@github.com:MatteoLacki/IsoSpec.git,42
MDEwOlJlcG9zaXRvcnk0NDE5ODU0MQ==,2015-10-13T19:07:20Z,2026-04-13T19:55:17Z,2026-04-13T19:55:12Z,83,True,logx,NCAR/logx,git@github.com:NCAR/logx.git,0
MDEwOlJlcG9zaXRvcnk0NDE0ODU4Ng==,2015-10-13T03:07:17Z,2026-03-18T16:01:13Z,2026-03-18T16:01:03Z,696066,False,torque3dMIIT3,drelf/torque3dMIIT3,git@github.com:drelf/torque3dMIIT3.git,0
MDEwOlJlcG9zaXRvcnk0NDEyMDUxMg==,2015-10-12T16:43:03Z,2026-05-07T11:20:04Z,2026-04-23T12:09:14Z,165492,True,OpenBoard,OpenBoard-org/OpenBoard,git@github.com:OpenBoard-org/OpenBoard.git,2931
MDEwOlJlcG9zaXRvcnk0Mzk4MzcwNA==,2015-10-09T22:46:43Z,2026-04-28T19:51:05Z,2026-04-21T14:05:28Z,23923,False,libADLMIDI,Wohlstand/libADLMIDI,git@github.com:Wohlstand/libADLMIDI.git,216
MDEwOlJlcG9zaXRvcnk0Mzk3NTY3Mw==,2015-10-09T19:24:19Z,2026-05-07T10:32:27Z,2026-05-07T08:43:45Z,9367298,True,krita,KDE/krita,git@github.com:KDE/krita.git,9695
MDEwOlJlcG9zaXRvcnk0MzkzNzY0OA==,2015-10-09T06:42:36Z,2026-05-03T16:02:30Z,2026-05-03T16:02:25Z,4507,False,tivars_lib_cpp,adriweb/tivars_lib_cpp,git@github.com:adriweb/tivars_lib_cpp.git,30
MDEwOlJlcG9zaXRvcnk0MzkwOTYwNw==,2015-10-08T18:48:02Z,2026-05-07T07:37:57Z,2026-05-05T20:30:32Z,187554,True,rocBLAS,ROCm/rocBLAS,git@github.com:ROCm/rocBLAS.git,394
MDEwOlJlcG9zaXRvcnk0MzkwNzE5Nw==,2015-10-08T18:00:07Z,2026-03-15T18:17:22Z,2026-03-15T18:17:18Z,384,False,ellerre,schnorr/ellerre,git@github.com:schnorr/ellerre.git,29
MDEwOlJlcG9zaXRvcnk0Mzg5MjQzOA==,2015-10-08T14:02:05Z,2026-03-28T11:09:55Z,2026-03-28T11:09:52Z,367,False,nm-tray,palinek/nm-tray,git@github.com:palinek/nm-tray.git,71
MDEwOlJlcG9zaXRvcnk0Mzc2ODIyNw==,2015-10-06T17:56:55Z,2026-05-04T16:36:32Z,2026-05-05T23:07:00Z,42560,True,lovepotion,lovebrew/lovepotion,git@github.com:lovebrew/lovepotion.git,669
MDEwOlJlcG9zaXRvcnk0MzU5Nzk1NA==,2015-10-03T12:12:03Z,2026-05-06T05:12:09Z,2026-05-06T05:12:05Z,1675,False,cpp-dojo,wo3kie/cpp-dojo,git@github.com:wo3kie/cpp-dojo.git,3
MDEwOlJlcG9zaXRvcnk0MzU4MDgxOQ==,2015-10-02T23:21:57Z,2026-05-06T18:06:20Z,2026-05-06T18:06:16Z,3946,True,libhomegear-base,Homegear/libhomegear-base,git@github.com:Homegear/libhomegear-base.git,3
MDEwOlJlcG9zaXRvcnk0MzU2MjE2OA==,2015-10-02T15:54:45Z,2026-04-04T12:13:48Z,2026-04-04T12:13:44Z,8627,True,DGtalTools-contrib,DGtal-team/DGtalTools-contrib,git@github.com:DGtal-team/DGtalTools-contrib.git,12
MDEwOlJlcG9zaXRvcnk0MzU0MTU1OQ==,2015-10-02T07:55:28Z,2026-05-01T21:05:40Z,2026-05-01T21:05:36Z,10405,True,quasar,quasar-team/quasar,git@github.com:quasar-team/quasar.git,41
MDEwOlJlcG9zaXRvcnk0MzUzOTU2Nw==,2015-10-02T06:55:50Z,2026-04-17T22:33:30Z,2026-04-17T22:38:28Z,4367,False,telnetpp,KazDragon/telnetpp,git@github.com:KazDragon/telnetpp.git,70
MDEwOlJlcG9zaXRvcnk0MzUxMjEzOA==,2015-10-01T18:04:33Z,2026-05-05T17:17:56Z,2026-05-05T17:18:32Z,1972,True,ossim-plugins,ossimlabs/ossim-plugins,git@github.com:ossimlabs/ossim-plugins.git,20
MDEwOlJlcG9zaXRvcnk0MzQzODk1NA==,2015-09-30T14:49:51Z,2026-05-06T18:07:56Z,2026-05-06T18:07:54Z,2816,True,swri_console,swri-robotics/swri_console,git@github.com:swri-robotics/swri_console.git,57
MDEwOlJlcG9zaXRvcnk0MzQzMTIwNQ==,2015-09-30T12:19:46Z,2026-05-07T05:34:58Z,2026-05-07T08:03:19Z,32875,False,LArContent,PandoraPFA/LArContent,git@github.com:PandoraPFA/LArContent.git,7
MDEwOlJlcG9zaXRvcnk0MzQzMTE3Nw==,2015-09-30T12:19:11Z,2026-04-10T11:36:05Z,2026-04-10T11:48:18Z,477,False,PandoraMonitoring,PandoraPFA/PandoraMonitoring,git@github.com:PandoraPFA/PandoraMonitoring.git,4
MDEwOlJlcG9zaXRvcnk0MzQzMTE3Mg==,2015-09-30T12:19:01Z,2026-04-10T11:36:46Z,2026-04-10T11:47:17Z,932,False,PandoraSDK,PandoraPFA/PandoraSDK,git@github.com:PandoraPFA/PandoraSDK.git,8
MDEwOlJlcG9zaXRvcnk0MzM3NTQ0Mw==,2015-09-29T15:13:21Z,2026-05-06T13:39:17Z,2026-05-06T13:39:06Z,1814,True,RhIO,Rhoban/RhIO,git@github.com:Rhoban/RhIO.git,13
MDEwOlJlcG9zaXRvcnk0MzM1NjAyMg==,2015-09-29T08:53:24Z,2026-03-26T09:45:04Z,2026-03-26T09:44:59Z,233974,True,airdcpp-core,airdcpp/airdcpp-core,git@github.com:airdcpp/airdcpp-core.git,18
MDEwOlJlcG9zaXRvcnk0MzI5NTMyOA==,2015-09-28T10:41:31Z,2026-05-07T10:58:33Z,2026-05-07T10:58:28Z,49432,False,halley,amzeratul/halley,git@github.com:amzeratul/halley.git,3823
MDEwOlJlcG9zaXRvcnk0MzI4NzA2Mw==,2015-09-28T07:44:46Z,2026-04-26T20:51:49Z,2026-04-26T20:51:43Z,91958,True,STIR,UCL/STIR,git@github.com:UCL/STIR.git,146
MDEwOlJlcG9zaXRvcnk0MzE5ODQwNQ==,2015-09-26T08:37:42Z,2026-05-06T12:10:46Z,2026-05-06T12:10:39Z,110799,True,amule,amule-project/amule,git@github.com:amule-project/amule.git,1158
MDEwOlJlcG9zaXRvcnk0MzE1NDQ1Mg==,2015-09-25T15:23:27Z,2026-04-02T05:21:38Z,2026-04-02T05:21:33Z,1568,False,HBTplus,Kambrian/HBTplus,git@github.com:Kambrian/HBTplus.git,24
MDEwOlJlcG9zaXRvcnk0MzE0MTkwMQ==,2015-09-25T13:03:01Z,2026-05-07T00:10:07Z,2026-05-07T00:10:05Z,4152,False,ygopro-core,Fluorohydride/ygopro-core,git@github.com:Fluorohydride/ygopro-core.git,404
MDEwOlJlcG9zaXRvcnk0MzA4ODM3OQ==,2015-09-24T19:30:31Z,2026-05-07T06:57:32Z,2026-04-22T14:14:46Z,1264,True,nowide,boostorg/nowide,git@github.com:boostorg/nowide.git,189
MDEwOlJlcG9zaXRvcnk0MzA4MDg3MQ==,2015-09-24T17:05:39Z,2026-05-06T00:48:43Z,2026-05-06T02:47:04Z,81764,True,spectacle,KDE/spectacle,git@github.com:KDE/spectacle.git,360
MDEwOlJlcG9zaXRvcnk0MzA3OTI3Ng==,2015-09-24T16:34:57Z,2026-05-05T15:54:49Z,2026-03-20T19:08:52Z,1721,True,gsl-lite,gsl-lite/gsl-lite,git@github.com:gsl-lite/gsl-lite.git,976
MDEwOlJlcG9zaXRvcnk0MzA1NTAxNg==,2015-09-24T08:40:31Z,2026-05-07T01:42:03Z,2026-05-07T01:41:59Z,44180,True,oxygen,KDE/oxygen,git@github.com:KDE/oxygen.git,25
MDEwOlJlcG9zaXRvcnk0Mjk0ODg4NQ==,2015-09-22T17:18:35Z,2026-04-29T20:14:52Z,2026-04-29T20:14:46Z,541,True,lwtnn,lwtnn/lwtnn,git@github.com:lwtnn/lwtnn.git,110
MDEwOlJlcG9zaXRvcnk0Mjk0MDIyMw==,2015-09-22T14:48:55Z,2026-04-30T09:27:47Z,2026-04-30T09:43:51Z,2777,False,drumkv1,rncbc/drumkv1,git@github.com:rncbc/drumkv1.git,42
MDEwOlJlcG9zaXRvcnk0Mjk0MDExMw==,2015-09-22T14:47:12Z,2026-04-30T09:27:23Z,2026-04-30T09:43:14Z,3166,False,samplv1,rncbc/samplv1,git@github.com:rncbc/samplv1.git,46
MDEwOlJlcG9zaXRvcnk0Mjk0MDAyMg==,2015-09-22T14:45:51Z,2026-04-30T09:27:01Z,2026-04-30T09:42:50Z,2873,False,synthv1,rncbc/synthv1,git@github.com:rncbc/synthv1.git,47
MDEwOlJlcG9zaXRvcnk0MjkzOTc0Mg==,2015-09-22T14:41:33Z,2026-05-05T14:21:55Z,2026-04-30T18:14:30Z,171150,False,qtractor,rncbc/qtractor,git@github.com:rncbc/qtractor.git,593
MDEwOlJlcG9zaXRvcnk0MjkzOTY0Mg==,2015-09-22T14:39:56Z,2026-05-04T09:11:28Z,2026-05-04T09:11:23Z,519,False,qmidinet,rncbc/qmidinet,git@github.com:rncbc/qmidinet.git,29
MDEwOlJlcG9zaXRvcnk0MjkzOTU3NA==,2015-09-22T14:38:57Z,2026-05-04T08:55:31Z,2026-05-04T08:55:27Z,1497,False,qmidictl,rncbc/qmidictl,git@github.com:rncbc/qmidictl.git,14
MDEwOlJlcG9zaXRvcnk0MjkzOTQ4Mw==,2015-09-22T14:37:58Z,2026-05-04T08:53:34Z,2026-05-04T08:53:30Z,1227,False,qxgedit,rncbc/qxgedit,git@github.com:rncbc/qxgedit.git,23
MDEwOlJlcG9zaXRvcnk0MjkzOTQwMQ==,2015-09-22T14:36:50Z,2026-05-04T08:53:04Z,2026-05-04T08:52:59Z,2572,False,qsampler,rncbc/qsampler,git@github.com:rncbc/qsampler.git,19
MDEwOlJlcG9zaXRvcnk0MjkzODgxNw==,2015-09-22T14:25:58Z,2026-05-05T07:04:59Z,2026-05-05T07:06:29Z,3758,False,qsynth,rncbc/qsynth,git@github.com:rncbc/qsynth.git,76
MDEwOlJlcG9zaXRvcnk0MjkzODUwMg==,2015-09-22T14:21:05Z,2026-05-05T18:11:22Z,2026-04-30T08:10:58Z,41576,False,qjackctl,rncbc/qjackctl,git@github.com:rncbc/qjackctl.git,219
MDEwOlJlcG9zaXRvcnk0MjkxODg0Mw==,2015-09-22T07:38:27Z,2026-05-05T14:45:04Z,2026-05-05T14:41:11Z,15515,True,qtopcua,qt/qtopcua,git@github.com:qt/qtopcua.git,109
MDEwOlJlcG9zaXRvcnk0MjkwMzU4OA==,2015-09-22T01:27:05Z,2026-03-14T03:25:33Z,2026-03-18T05:29:24Z,17511,False,Eureka,kingsamchen/Eureka,git@github.com:kingsamchen/Eureka.git,24
MDEwOlJlcG9zaXRvcnk0MjgyODU3NQ==,2015-09-20T20:33:45Z,2026-05-01T10:00:32Z,2026-05-01T10:00:30Z,16473,True,charls,team-charls/charls,git@github.com:team-charls/charls.git,209
MDEwOlJlcG9zaXRvcnk0Mjc4NjMyMA==,2015-09-19T19:15:57Z,2026-03-24T11:23:06Z,2026-03-24T11:23:01Z,451,False,PlatformFolders,sago007/PlatformFolders,git@github.com:sago007/PlatformFolders.git,202
MDEwOlJlcG9zaXRvcnk0Mjc2MzIwNQ==,2015-09-19T06:55:15Z,2026-03-17T10:07:15Z,2026-04-01T18:54:11Z,397698,True,lib_gdal,nextgis-borsch/lib_gdal,git@github.com:nextgis-borsch/lib_gdal.git,28
MDEwOlJlcG9zaXRvcnk0Mjc1MDQzOQ==,2015-09-18T22:44:58Z,2026-05-02T05:28:59Z,2026-04-06T19:42:30Z,14320,True,pyacvd,pyvista/pyacvd,git@github.com:pyvista/pyacvd.git,285
MDEwOlJlcG9zaXRvcnk0MjczNzM4MA==,2015-09-18T17:38:02Z,2026-03-06T19:45:16Z,2026-05-07T09:16:44Z,181,True,signon-kwallet-extension,KDE/signon-kwallet-extension,git@github.com:KDE/signon-kwallet-extension.git,7
MDEwOlJlcG9zaXRvcnk0MjczNzI5Ng==,2015-09-18T17:36:24Z,2026-05-04T19:52:38Z,2026-05-07T09:39:00Z,11347,True,killbots,KDE/killbots,git@github.com:KDE/killbots.git,10
MDEwOlJlcG9zaXRvcnk0MjczNzA2OA==,2015-09-18T17:32:05Z,2026-05-04T10:01:18Z,2026-05-07T09:25:07Z,12537,True,kwalletmanager,KDE/kwalletmanager,git@github.com:KDE/kwalletmanager.git,18
MDEwOlJlcG9zaXRvcnk0MjczNzAwMg==,2015-09-18T17:30:27Z,2026-05-05T01:55:38Z,2026-05-07T09:34:30Z,13168,True,ksystemlog,KDE/ksystemlog,git@github.com:KDE/ksystemlog.git,18
MDEwOlJlcG9zaXRvcnk0MjczNjk3Nw==,2015-09-18T17:29:55Z,2026-05-01T20:29:59Z,2026-05-01T20:29:55Z,659,True,prison,KDE/prison,git@github.com:KDE/prison.git,27
MDEwOlJlcG9zaXRvcnk0MjczNjkxOA==,2015-09-18T17:28:50Z,2026-05-04T19:43:24Z,2026-05-07T09:32:54Z,9200,True,kamoso,KDE/kamoso,git@github.com:KDE/kamoso.git,47
MDEwOlJlcG9zaXRvcnk0MjczNjgwMg==,2015-09-18T17:26:41Z,2026-05-03T02:49:25Z,2026-05-03T02:49:21Z,25749,True,kdb,KDE/kdb,git@github.com:KDE/kdb.git,8
MDEwOlJlcG9zaXRvcnk0MjczNjc4MQ==,2015-09-18T17:26:08Z,2026-05-05T01:51:43Z,2026-05-07T09:28:33Z,7971,True,kpimtextedit,KDE/kpimtextedit,git@github.com:KDE/kpimtextedit.git,10
MDEwOlJlcG9zaXRvcnk0MjczNjY5Ng==,2015-09-18T17:24:31Z,2026-05-04T09:55:02Z,2026-05-07T09:21:36Z,5987,True,kcron,KDE/kcron,git@github.com:KDE/kcron.git,14
MDEwOlJlcG9zaXRvcnk0MjczNjY0MQ==,2015-09-18T17:23:26Z,2026-05-04T22:07:24Z,2026-05-07T10:36:46Z,24731,True,kgpg,KDE/kgpg,git@github.com:KDE/kgpg.git,34
MDEwOlJlcG9zaXRvcnk0MjczNjUzNQ==,2015-09-18T17:21:49Z,2026-05-04T01:43:04Z,2026-05-04T02:31:21Z,15277,True,solid,KDE/solid,git@github.com:KDE/solid.git,21
MDEwOlJlcG9zaXRvcnk0MjczNjQzMg==,2015-09-18T17:20:11Z,2026-05-01T20:20:52Z,2026-05-01T20:20:48Z,55707,True,kcodecs,KDE/kcodecs,git@github.com:KDE/kcodecs.git,14
MDEwOlJlcG9zaXRvcnk0MjczNjM3Ng==,2015-09-18T17:19:06Z,2026-05-04T09:55:52Z,2026-05-07T09:22:27Z,3224,True,kdf,KDE/kdf,git@github.com:KDE/kdf.git,7
MDEwOlJlcG9zaXRvcnk0MjczNjMwMg==,2015-09-18T17:18:01Z,2026-05-03T02:00:37Z,2026-05-07T09:27:34Z,4883,True,kldap,KDE/kldap,git@github.com:KDE/kldap.git,11
MDEwOlJlcG9zaXRvcnk0MjczNjI0Mw==,2015-09-18T17:16:56Z,2026-05-07T01:44:07Z,2026-05-07T07:35:51Z,882712,True,kio,KDE/kio,git@github.com:KDE/kio.git,84
MDEwOlJlcG9zaXRvcnk0MjczNjA3NQ==,2015-09-18T17:13:10Z,2026-05-07T01:51:13Z,2026-05-07T11:45:12Z,432770,True,plasma-workspace,KDE/plasma-workspace,git@github.com:KDE/plasma-workspace.git,269
MDEwOlJlcG9zaXRvcnk0MjczNjA0Mg==,2015-09-18T17:12:38Z,2026-05-07T08:16:47Z,2026-05-07T08:16:49Z,20385,True,libksysguard,KDE/libksysguard,git@github.com:KDE/libksysguard.git,23
MDEwOlJlcG9zaXRvcnk0MjczNTk0OQ==,2015-09-18T17:11:00Z,2026-05-04T15:14:53Z,2026-05-07T09:24:10Z,33233,True,kolourpaint,KDE/kolourpaint,git@github.com:KDE/kolourpaint.git,119
MDEwOlJlcG9zaXRvcnk0MjczNTgzNg==,2015-09-18T17:08:50Z,2026-05-03T07:31:26Z,2026-05-05T02:33:29Z,274456,True,knewstuff,KDE/knewstuff,git@github.com:KDE/knewstuff.git,22
MDEwOlJlcG9zaXRvcnk0MjczNTgxMQ==,2015-09-18T17:08:17Z,2026-04-27T02:34:29Z,2026-04-27T02:34:25Z,1860,True,kfloppy,KDE/kfloppy,git@github.com:KDE/kfloppy.git,13
MDEwOlJlcG9zaXRvcnk0MjczNTc4MQ==,2015-09-18T17:07:45Z,2026-05-06T01:52:23Z,2026-05-07T10:40:54Z,9324,True,zanshin,KDE/zanshin,git@github.com:KDE/zanshin.git,22
MDEwOlJlcG9zaXRvcnk0MjczNTY5OA==,2015-09-18T17:06:08Z,2026-05-04T10:02:02Z,2026-05-07T09:25:42Z,15986,True,kanagram,KDE/kanagram,git@github.com:KDE/kanagram.git,8
MDEwOlJlcG9zaXRvcnk0MjczNTUzNA==,2015-09-18T17:03:24Z,2026-05-02T18:45:18Z,2026-05-02T18:45:21Z,24836,True,kcompletion,KDE/kcompletion,git@github.com:KDE/kcompletion.git,12
MDEwOlJlcG9zaXRvcnk0MjczNTQwNQ==,2015-09-18T17:01:14Z,2026-05-05T18:12:30Z,2026-05-05T19:22:13Z,1472226,True,breeze,KDE/breeze,git@github.com:KDE/breeze.git,305
MDEwOlJlcG9zaXRvcnk0MjczNTM4NA==,2015-09-18T17:00:42Z,2026-05-06T16:09:50Z,2026-05-07T10:37:02Z,2732,True,akonadi-search,KDE/akonadi-search,git@github.com:KDE/akonadi-search.git,9
MDEwOlJlcG9zaXRvcnk0MjczNTEyNA==,2015-09-18T16:55:17Z,2026-05-03T02:03:00Z,2026-05-03T02:02:56Z,11280,True,kde-cli-tools,KDE/kde-cli-tools,git@github.com:KDE/kde-cli-tools.git,36
MDEwOlJlcG9zaXRvcnk0MjczNTA3Ng==,2015-09-18T16:54:13Z,2026-05-03T07:40:39Z,2026-05-03T07:40:41Z,64321,True,kunitconversion,KDE/kunitconversion,git@github.com:KDE/kunitconversion.git,9
MDEwOlJlcG9zaXRvcnk0MjczNDk5Nw==,2015-09-18T16:52:35Z,2026-05-04T19:42:46Z,2026-05-07T09:32:37Z,6636,True,kalgebra,KDE/kalgebra,git@github.com:KDE/kalgebra.git,33
MDEwOlJlcG9zaXRvcnk0MjczNDk3MQ==,2015-09-18T16:52:03Z,2026-05-04T09:55:21Z,2026-05-07T09:21:44Z,1684,True,kde-dev-utils,KDE/kde-dev-utils,git@github.com:KDE/kde-dev-utils.git,8
MDEwOlJlcG9zaXRvcnk0MjczNDkwMA==,2015-09-18T16:50:25Z,2026-05-03T02:50:49Z,2026-05-03T02:50:45Z,25628,True,qtcurve,KDE/qtcurve,git@github.com:KDE/qtcurve.git,58
MDEwOlJlcG9zaXRvcnk0MjczNDg2OQ==,2015-09-18T16:49:53Z,2026-05-04T09:26:08Z,2026-05-03T02:06:01Z,17564,True,systemsettings,KDE/systemsettings,git@github.com:KDE/systemsettings.git,59
MDEwOlJlcG9zaXRvcnk0MjczNDgzMA==,2015-09-18T16:48:48Z,2026-05-03T05:10:06Z,2026-04-25T00:48:08Z,4928,True,clazy,KDE/clazy,git@github.com:KDE/clazy.git,732
MDEwOlJlcG9zaXRvcnk0MjczNDgxMA==,2015-09-18T16:48:15Z,2026-05-04T22:02:34Z,2026-05-07T10:34:10Z,108402,True,ktuberling,KDE/ktuberling,git@github.com:KDE/ktuberling.git,18
MDEwOlJlcG9zaXRvcnk0MjczNDc1Nw==,2015-09-18T16:47:10Z,2026-05-04T22:01:41Z,2026-05-07T10:33:45Z,3040,True,kspaceduel,KDE/kspaceduel,git@github.com:KDE/kspaceduel.git,8
MDEwOlJlcG9zaXRvcnk0MjczNDczNg==,2015-09-18T16:46:35Z,2026-05-04T08:15:21Z,2026-05-07T09:17:44Z,713,True,kcolorchooser,KDE/kcolorchooser,git@github.com:KDE/kcolorchooser.git,23
MDEwOlJlcG9zaXRvcnk0MjczNDU4MA==,2015-09-18T16:43:20Z,2026-05-04T09:26:08Z,2026-04-22T01:48:12Z,384,True,kio-gopher,KDE/kio-gopher,git@github.com:KDE/kio-gopher.git,7
MDEwOlJlcG9zaXRvcnk0MjczNDM2NA==,2015-09-18T16:38:28Z,2026-05-04T19:55:54Z,2026-05-07T09:40:47Z,1624,True,kollision,KDE/kollision,git@github.com:KDE/kollision.git,12
MDEwOlJlcG9zaXRvcnk0MjczNDEzMw==,2015-09-18T16:34:42Z,2026-05-04T14:04:10Z,2026-05-07T09:27:11Z,548,True,svgpart,KDE/svgpart,git@github.com:KDE/svgpart.git,6
MDEwOlJlcG9zaXRvcnk0MjczNDAzMg==,2015-09-18T16:33:05Z,2026-05-06T01:56:51Z,2026-05-07T09:24:35Z,2412,True,ktimer,KDE/ktimer,git@github.com:KDE/ktimer.git,13
MDEwOlJlcG9zaXRvcnk0MjczMzk2Mw==,2015-09-18T16:31:59Z,2026-05-04T14:04:06Z,2026-05-07T09:26:47Z,1369,True,plasma-camera,KDE/plasma-camera,git@github.com:KDE/plasma-camera.git,13
MDEwOlJlcG9zaXRvcnk0MjczMzkzOQ==,2015-09-18T16:31:27Z,2026-05-06T01:44:21Z,2026-05-07T09:21:01Z,86194,True,kalzium,KDE/kalzium,git@github.com:KDE/kalzium.git,24
MDEwOlJlcG9zaXRvcnk0MjczMzgxNQ==,2015-09-18T16:29:17Z,2026-05-04T22:05:47Z,2026-05-07T10:35:56Z,3832,True,picmi,KDE/picmi,git@github.com:KDE/picmi.git,13
MDEwOlJlcG9zaXRvcnk0MjczMzY3Mw==,2015-09-18T16:26:35Z,2026-05-04T19:51:19Z,2026-05-07T09:38:09Z,21589,True,kdiamond,KDE/kdiamond,git@github.com:KDE/kdiamond.git,13
MDEwOlJlcG9zaXRvcnk0MjczMzY0Ng==,2015-09-18T16:26:03Z,2026-05-06T01:54:23Z,2026-05-07T10:44:24Z,30428,True,print-manager,KDE/print-manager,git@github.com:KDE/print-manager.git,27
MDEwOlJlcG9zaXRvcnk0MjczMzYxOA==,2015-09-18T16:25:31Z,2026-05-01T20:26:48Z,2026-05-01T20:26:44Z,384,True,kplotting,KDE/kplotting,git@github.com:KDE/kplotting.git,13
MDEwOlJlcG9zaXRvcnk0MjczMzU2MQ==,2015-09-18T16:24:26Z,2026-05-04T22:03:33Z,2026-05-07T10:34:52Z,7410,True,lskat,KDE/lskat,git@github.com:KDE/lskat.git,8
MDEwOlJlcG9zaXRvcnk0MjczMzUyMA==,2015-09-18T16:23:54Z,2026-05-05T01:45:53Z,2026-05-07T09:29:09Z,64890,True,gwenview,KDE/gwenview,git@github.com:KDE/gwenview.git,162
MDEwOlJlcG9zaXRvcnk0MjczMzQ2MQ==,2015-09-18T16:22:49Z,2026-05-04T19:56:14Z,2026-05-07T09:41:16Z,4291,True,konquest,KDE/konquest,git@github.com:KDE/konquest.git,19
MDEwOlJlcG9zaXRvcnk0MjczMzM3MA==,2015-09-18T16:21:12Z,2026-05-06T14:12:39Z,2026-05-07T05:40:05Z,2678,True,libkscreen,KDE/libkscreen,git@github.com:KDE/libkscreen.git,22
MDEwOlJlcG9zaXRvcnk0MjczMzM0NA==,2015-09-18T16:20:39Z,2026-05-03T07:30:02Z,2026-05-03T07:30:05Z,22560,True,kpty,KDE/kpty,git@github.com:KDE/kpty.git,8
MDEwOlJlcG9zaXRvcnk0MjczMzMxMg==,2015-09-18T16:20:07Z,2026-05-07T01:40:46Z,2026-05-07T09:31:42Z,3672,True,baloo-widgets,KDE/baloo-widgets,git@github.com:KDE/baloo-widgets.git,11
MDEwOlJlcG9zaXRvcnk0MjczMzIyMg==,2015-09-18T16:18:29Z,2026-05-06T01:53:07Z,2026-05-06T03:32:49Z,80583,True,kdeplasma-addons,KDE/kdeplasma-addons,git@github.com:KDE/kdeplasma-addons.git,116
MDEwOlJlcG9zaXRvcnk0MjczMzE1OQ==,2015-09-18T16:17:24Z,2026-05-05T16:20:39Z,2026-05-07T09:34:51Z,70535,True,kwave,KDE/kwave,git@github.com:KDE/kwave.git,25
MDEwOlJlcG9zaXRvcnk0MjczMzAzNw==,2015-09-18T16:15:15Z,2026-05-03T07:50:53Z,2026-05-03T07:50:56Z,48073,True,kparts,KDE/kparts,git@github.com:KDE/kparts.git,14
MDEwOlJlcG9zaXRvcnk0MjczMzAwNg==,2015-09-18T16:14:42Z,2026-03-06T19:43:02Z,2026-05-07T09:22:19Z,317,True,kdesdk-thumbnailers,KDE/kdesdk-thumbnailers,git@github.com:KDE/kdesdk-thumbnailers.git,5
MDEwOlJlcG9zaXRvcnk0MjczMjk2OQ==,2015-09-18T16:14:10Z,2026-05-05T11:09:02Z,2026-05-05T11:09:05Z,223027,True,kxmlgui,KDE/kxmlgui,git@github.com:KDE/kxmlgui.git,22
MDEwOlJlcG9zaXRvcnk0MjczMjg4OQ==,2015-09-18T16:12:32Z,2026-05-05T01:42:51Z,2026-05-07T09:23:35Z,3392,True,kmag,KDE/kmag,git@github.com:KDE/kmag.git,19
MDEwOlJlcG9zaXRvcnk0MjczMjg2Nw==,2015-09-18T16:11:59Z,2026-05-05T01:46:10Z,2026-05-05T01:46:06Z,13017,True,kooka,KDE/kooka,git@github.com:KDE/kooka.git,7
MDEwOlJlcG9zaXRvcnk0MjczMjc4Ng==,2015-09-18T16:10:23Z,2026-05-06T19:12:37Z,2026-05-07T09:30:33Z,19560,True,libktorrent,KDE/libktorrent,git@github.com:KDE/libktorrent.git,17
MDEwOlJlcG9zaXRvcnk0MjczMjcyOA==,2015-09-18T16:09:18Z,2026-05-06T20:59:32Z,2026-05-07T09:27:51Z,104513,True,k3b,KDE/k3b,git@github.com:KDE/k3b.git,209
MDEwOlJlcG9zaXRvcnk0MjczMjY2Mw==,2015-09-18T16:08:13Z,2026-05-04T19:49:33Z,2026-05-07T09:36:53Z,9352,True,granatier,KDE/granatier,git@github.com:KDE/granatier.git,16
MDEwOlJlcG9zaXRvcnk0MjczMjYxOQ==,2015-09-18T16:07:41Z,2026-05-03T07:32:22Z,2026-05-03T07:32:25Z,28400,True,kbookmarks,KDE/kbookmarks,git@github.com:KDE/kbookmarks.git,8
MDEwOlJlcG9zaXRvcnk0MjczMjU1MA==,2015-09-18T16:06:36Z,2026-05-03T02:11:35Z,2026-05-03T02:11:32Z,5378,True,rsibreak,KDE/rsibreak,git@github.com:KDE/rsibreak.git,45
MDEwOlJlcG9zaXRvcnk0MjczMjQ2Mg==,2015-09-18T16:04:59Z,2026-05-04T10:00:58Z,2026-05-07T09:24:51Z,9283,True,kturtle,KDE/kturtle,git@github.com:KDE/kturtle.git,27
MDEwOlJlcG9zaXRvcnk0MjczMjQwNA==,2015-09-18T16:03:54Z,2026-05-05T01:46:17Z,2026-05-05T01:46:13Z,216955,True,kphotoalbum,KDE/kphotoalbum,git@github.com:KDE/kphotoalbum.git,17
MDEwOlJlcG9zaXRvcnk0MjczMjM0NA==,2015-09-18T16:02:49Z,2026-05-04T14:06:56Z,2026-05-07T09:28:50Z,6144,True,kompare,KDE/kompare,git@github.com:KDE/kompare.git,58
MDEwOlJlcG9zaXRvcnk0MjczMjI0Mg==,2015-09-18T16:00:39Z,2026-05-04T19:48:07Z,2026-05-07T09:36:21Z,15009,True,knights,KDE/knights,git@github.com:KDE/knights.git,25
MDEwOlJlcG9zaXRvcnk0MjczMjA0Mg==,2015-09-18T15:56:51Z,2026-05-04T09:26:08Z,2026-05-03T02:49:15Z,409,True,kdev-upload,KDE/kdev-upload,git@github.com:KDE/kdev-upload.git,5
MDEwOlJlcG9zaXRvcnk0MjczMjAyMQ==,2015-09-18T15:56:19Z,2026-05-04T19:53:55Z,2026-05-07T09:39:44Z,9834,True,klines,KDE/klines,git@github.com:KDE/klines.git,11
MDEwOlJlcG9zaXRvcnk0MjczMTkzNQ==,2015-09-18T15:54:41Z,2026-05-04T19:52:59Z,2026-05-07T09:39:10Z,1908,True,kiriki,KDE/kiriki,git@github.com:KDE/kiriki.git,11
MDEwOlJlcG9zaXRvcnk0MjczMTg5Ng==,2015-09-18T15:54:09Z,2026-03-13T01:41:20Z,2026-05-07T09:25:33Z,4263,True,libkeduvocdocument,KDE/libkeduvocdocument,git@github.com:KDE/libkeduvocdocument.git,6
MDEwOlJlcG9zaXRvcnk0MjczMTg2MQ==,2015-09-18T15:53:36Z,2026-05-04T09:26:08Z,2026-04-30T01:51:26Z,1718,True,kcm-grub2,KDE/kcm-grub2,git@github.com:KDE/kcm-grub2.git,24
MDEwOlJlcG9zaXRvcnk0MjczMTc5MA==,2015-09-18T15:51:59Z,2026-05-02T18:44:49Z,2026-05-02T18:44:52Z,2010,True,kpeople,KDE/kpeople,git@github.com:KDE/kpeople.git,13
MDEwOlJlcG9zaXRvcnk0MjczMTYzNQ==,2015-09-18T15:48:45Z,2026-05-04T08:20:30Z,2026-05-07T09:19:49Z,10909,True,skanlite,KDE/skanlite,git@github.com:KDE/skanlite.git,23
MDEwOlJlcG9zaXRvcnk0MjczMTYxMA==,2015-09-18T15:48:12Z,2026-04-22T21:11:49Z,2026-04-07T14:46:43Z,1337,True,kde-gtk-config,KDE/kde-gtk-config,git@github.com:KDE/kde-gtk-config.git,45
MDEwOlJlcG9zaXRvcnk0MjczMTQzMw==,2015-09-18T15:44:57Z,2026-05-05T01:56:36Z,2026-05-05T01:56:33Z,6388,True,kregexpeditor,KDE/kregexpeditor,git@github.com:KDE/kregexpeditor.git,15
MDEwOlJlcG9zaXRvcnk0MjczMTM5Ng==,2015-09-18T15:44:25Z,2026-05-03T02:01:18Z,2026-05-07T09:28:24Z,855,True,kontactinterface,KDE/kontactinterface,git@github.com:KDE/kontactinterface.git,8
MDEwOlJlcG9zaXRvcnk0MjczMTM2Ng==,2015-09-18T15:43:52Z,2026-05-07T11:08:29Z,2026-05-07T11:08:26Z,192412,True,okular,KDE/okular,git@github.com:KDE/okular.git,1354
MDEwOlJlcG9zaXRvcnk0MjczMTMzNw==,2015-09-18T15:43:20Z,2026-05-05T01:45:15Z,2026-05-05T01:45:12Z,8434,True,kmuddy,KDE/kmuddy,git@github.com:KDE/kmuddy.git,8
MDEwOlJlcG9zaXRvcnk0MjczMTMwNQ==,2015-09-18T15:42:48Z,2026-05-04T09:54:07Z,2026-05-07T09:21:10Z,2074,True,kamera,KDE/kamera,git@github.com:KDE/kamera.git,13
MDEwOlJlcG9zaXRvcnk0MjczMTI0NQ==,2015-09-18T15:41:43Z,2026-05-06T01:49:16Z,2026-05-07T09:34:40Z,97106,True,ktorrent,KDE/ktorrent,git@github.com:KDE/ktorrent.git,94
MDEwOlJlcG9zaXRvcnk0MjczMTEyNw==,2015-09-18T15:39:34Z,2026-05-04T22:05:12Z,2026-05-07T10:35:39Z,138019,True,palapeli,KDE/palapeli,git@github.com:KDE/palapeli.git,15
MDEwOlJlcG9zaXRvcnk0MjczMTA0NA==,2015-09-18T15:37:56Z,2026-05-06T06:29:54Z,2026-05-06T06:29:57Z,3776,True,sddm-kcm,KDE/sddm-kcm,git@github.com:KDE/sddm-kcm.git,22
MDEwOlJlcG9zaXRvcnk0MjczMTAxMQ==,2015-09-18T15:37:24Z,2026-05-01T20:20:11Z,2026-05-03T06:20:42Z,46423,True,kauth,KDE/kauth,git@github.com:KDE/kauth.git,15
MDEwOlJlcG9zaXRvcnk0MjczMDk3OQ==,2015-09-18T15:36:51Z,2026-04-07T01:45:30Z,2026-05-07T09:16:37Z,2063,True,libksane,KDE/libksane,git@github.com:KDE/libksane.git,10
MDEwOlJlcG9zaXRvcnk0MjczMDkyNw==,2015-09-18T15:35:47Z,2026-05-06T07:41:55Z,2026-05-06T11:57:15Z,49144,True,powerdevil,KDE/powerdevil,git@github.com:KDE/powerdevil.git,55
MDEwOlJlcG9zaXRvcnk0MjczMDg5Ng==,2015-09-18T15:35:14Z,2026-05-04T19:54:38Z,2026-05-07T09:40:06Z,7816,True,kmines,KDE/kmines,git@github.com:KDE/kmines.git,35
MDEwOlJlcG9zaXRvcnk0MjczMDgwNQ==,2015-09-18T15:33:37Z,2026-05-07T01:43:51Z,2026-05-07T01:43:47Z,79203,True,kdeclarative,KDE/kdeclarative,git@github.com:KDE/kdeclarative.git,24
MDEwOlJlcG9zaXRvcnk0MjczMDcwOA==,2015-09-18T15:31:59Z,2026-05-03T01:45:54Z,2026-05-03T01:45:50Z,19850,True,kwallet,KDE/kwallet,git@github.com:KDE/kwallet.git,42
MDEwOlJlcG9zaXRvcnk0MjczMDY4Mw==,2015-09-18T15:31:27Z,2026-05-05T01:49:31Z,2026-05-05T01:49:27Z,8315,True,alkimia,KDE/alkimia,git@github.com:KDE/alkimia.git,11
MDEwOlJlcG9zaXRvcnk0MjczMDU4Nw==,2015-09-18T15:29:49Z,2026-04-24T18:44:09Z,2026-04-24T18:44:10Z,11896,True,kxstitch,KDE/kxstitch,git@github.com:KDE/kxstitch.git,40
MDEwOlJlcG9zaXRvcnk0MjczMDU2Mg==,2015-09-18T15:29:17Z,2026-05-05T01:43:11Z,2026-05-07T09:17:55Z,68794,True,kgeography,KDE/kgeography,git@github.com:KDE/kgeography.git,10
MDEwOlJlcG9zaXRvcnk0MjczMDQ4MA==,2015-09-18T15:27:39Z,2026-05-01T20:23:01Z,2026-05-01T20:22:57Z,20779,True,kdnssd,KDE/kdnssd,git@github.com:KDE/kdnssd.git,9
MDEwOlJlcG9zaXRvcnk0MjczMDM4OA==,2015-09-18T15:26:00Z,2026-05-03T11:31:48Z,2026-05-03T11:31:50Z,5248,True,akonadiclient,KDE/akonadiclient,git@github.com:KDE/akonadiclient.git,7
MDEwOlJlcG9zaXRvcnk0MjczMDM2NA==,2015-09-18T15:25:28Z,2026-05-04T19:42:02Z,2026-05-07T09:32:11Z,7265,True,dolphin-plugins,KDE/dolphin-plugins,git@github.com:KDE/dolphin-plugins.git,47
MDEwOlJlcG9zaXRvcnk0MjczMDIzNg==,2015-09-18T15:22:46Z,2026-05-04T09:59:12Z,2026-05-07T09:24:01Z,14139,True,kmplot,KDE/kmplot,git@github.com:KDE/kmplot.git,14
MDEwOlJlcG9zaXRvcnk0MjczMDEzNQ==,2015-09-18T15:21:08Z,2026-05-05T02:32:41Z,2026-05-05T02:32:37Z,4502,True,khipu,KDE/khipu,git@github.com:KDE/khipu.git,5
MDEwOlJlcG9zaXRvcnk0MjczMDA5OQ==,2015-09-18T15:20:36Z,2026-05-02T18:45:14Z,2026-05-03T15:04:23Z,48087,True,kglobalaccel,KDE/kglobalaccel,git@github.com:KDE/kglobalaccel.git,15
MDEwOlJlcG9zaXRvcnk0MjczMDA3NA==,2015-09-18T15:20:02Z,2026-05-01T20:29:08Z,2026-05-01T20:29:04Z,282748,True,kwidgetsaddons,KDE/kwidgetsaddons,git@github.com:KDE/kwidgetsaddons.git,30
MDEwOlJlcG9zaXRvcnk0MjczMDA1Mw==,2015-09-18T15:19:29Z,2026-05-02T15:50:04Z,2026-05-02T15:50:07Z,2427,True,syndication,KDE/syndication,git@github.com:KDE/syndication.git,10
MDEwOlJlcG9zaXRvcnk0MjcyOTk5Mg==,2015-09-18T15:18:24Z,2026-05-01T20:24:02Z,2026-05-01T20:23:57Z,28250,True,ki18n,KDE/ki18n,git@github.com:KDE/ki18n.git,11
MDEwOlJlcG9zaXRvcnk0MjcyOTk1Nw==,2015-09-18T15:17:52Z,2026-05-04T19:57:12Z,2026-05-07T10:32:47Z,4561,True,kshisen,KDE/kshisen,git@github.com:KDE/kshisen.git,14
MDEwOlJlcG9zaXRvcnk0MjcyOTc0Nw==,2015-09-18T15:14:05Z,2026-05-07T01:47:33Z,2026-05-07T03:25:05Z,148620,True,smb4k,KDE/smb4k,git@github.com:KDE/smb4k.git,39
MDEwOlJlcG9zaXRvcnk0MjcyOTY3OQ==,2015-09-18T15:13:00Z,2026-05-07T01:48:49Z,2026-05-07T10:40:28Z,82228,True,kdepim-runtime,KDE/kdepim-runtime,git@github.com:KDE/kdepim-runtime.git,17
MDEwOlJlcG9zaXRvcnk0MjcyOTY1Ng==,2015-09-18T15:12:27Z,2026-05-01T01:38:49Z,2026-05-07T09:25:16Z,3743,True,libkcddb,KDE/libkcddb,git@github.com:KDE/libkcddb.git,5
MDEwOlJlcG9zaXRvcnk0MjcyOTYzMw==,2015-09-18T15:11:55Z,2026-04-09T02:11:55Z,2026-05-07T09:20:51Z,1135,True,kaccounts-providers,KDE/kaccounts-providers,git@github.com:KDE/kaccounts-providers.git,10
MDEwOlJlcG9zaXRvcnk0MjcyOTQ4Mw==,2015-09-18T15:09:12Z,2026-05-04T19:48:27Z,2026-05-07T09:36:31Z,2915,True,bomber,KDE/bomber,git@github.com:KDE/bomber.git,10
MDEwOlJlcG9zaXRvcnk0MjcyOTQwOA==,2015-09-18T15:08:08Z,2026-05-04T22:01:06Z,2026-05-07T10:33:28Z,24715,True,ksirk,KDE/ksirk,git@github.com:KDE/ksirk.git,17
MDEwOlJlcG9zaXRvcnk0MjcyOTMzOA==,2015-09-18T15:07:03Z,2026-05-03T01:50:07Z,2026-05-07T09:20:08Z,2142,True,colord-kde,KDE/colord-kde,git@github.com:KDE/colord-kde.git,16
MDEwOlJlcG9zaXRvcnk0MjcyOTI1OA==,2015-09-18T15:05:58Z,2026-04-24T01:53:04Z,2026-05-07T09:25:59Z,2454,True,libkomparediff2,KDE/libkomparediff2,git@github.com:KDE/libkomparediff2.git,6
MDEwOlJlcG9zaXRvcnk0MjcyOTE2MA==,2015-09-18T15:04:21Z,2026-05-01T20:29:51Z,2026-05-01T20:29:46Z,2582,True,networkmanager-qt,KDE/networkmanager-qt,git@github.com:KDE/networkmanager-qt.git,25
MDEwOlJlcG9zaXRvcnk0MjcyOTEzNA==,2015-09-18T15:03:48Z,2026-05-04T19:50:43Z,2026-05-07T09:37:48Z,9618,True,kbounce,KDE/kbounce,git@github.com:KDE/kbounce.git,14
MDEwOlJlcG9zaXRvcnk0MjcyOTA4Ng==,2015-09-18T15:02:43Z,2026-05-04T22:07:04Z,2026-05-07T10:36:30Z,7589,True,yakuake,KDE/yakuake,git@github.com:KDE/yakuake.git,476
MDEwOlJlcG9zaXRvcnk0MjcyOTA2NA==,2015-09-18T15:02:11Z,2026-05-01T20:19:24Z,2026-05-01T20:19:20Z,32834,True,breeze-icons,KDE/breeze-icons,git@github.com:KDE/breeze-icons.git,279
MDEwOlJlcG9zaXRvcnk0MjcyOTAwNA==,2015-09-18T15:01:06Z,2026-05-01T20:20:01Z,2026-05-01T20:19:57Z,6181,True,karchive,KDE/karchive,git@github.com:KDE/karchive.git,61
MDEwOlJlcG9zaXRvcnk0MjcyODc0MQ==,2015-09-18T14:56:45Z,2026-05-06T01:44:29Z,2026-05-07T09:25:51Z,25665,True,khangman,KDE/khangman,git@github.com:KDE/khangman.git,9
MDEwOlJlcG9zaXRvcnk0MjcyODcxMw==,2015-09-18T14:56:12Z,2026-05-07T01:48:13Z,2026-05-07T10:39:38Z,25626,True,akonadi-calendar,KDE/akonadi-calendar,git@github.com:KDE/akonadi-calendar.git,10
MDEwOlJlcG9zaXRvcnk0MjcyODY4Nw==,2015-09-18T14:55:40Z,2026-05-06T01:51:43Z,2026-05-07T09:24:27Z,1014,True,ksmtp,KDE/ksmtp,git@github.com:KDE/ksmtp.git,6
MDEwOlJlcG9zaXRvcnk0MjcyODY2Mg==,2015-09-18T14:55:08Z,2026-05-05T01:40:26Z,2026-05-05T01:40:23Z,282307,True,amarok,KDE/amarok,git@github.com:KDE/amarok.git,213
MDEwOlJlcG9zaXRvcnk0MjcyODYzOA==,2015-09-18T14:54:35Z,2026-05-04T19:49:46Z,2026-05-07T09:37:19Z,8215,True,katomic,KDE/katomic,git@github.com:KDE/katomic.git,16
MDEwOlJlcG9zaXRvcnk0MjcyODU1OQ==,2015-09-18T14:52:58Z,2026-05-04T19:52:00Z,2026-05-07T09:38:38Z,48338,True,kgoldrunner,KDE/kgoldrunner,git@github.com:KDE/kgoldrunner.git,15
MDEwOlJlcG9zaXRvcnk0MjcyODUzMg==,2015-09-18T14:52:26Z,2026-05-04T19:53:36Z,2026-05-07T09:39:33Z,4615,True,klickety,KDE/klickety,git@github.com:KDE/klickety.git,7
MDEwOlJlcG9zaXRvcnk0MjcyODIzNQ==,2015-09-18T14:47:02Z,2026-05-03T07:31:13Z,2026-05-03T07:31:16Z,1300,True,krunner,KDE/krunner,git@github.com:KDE/krunner.git,112
MDEwOlJlcG9zaXRvcnk0MjcyODIxNw==,2015-09-18T14:46:29Z,2026-05-07T08:31:51Z,2026-05-04T03:32:16Z,14465,True,heaptrack,KDE/heaptrack,git@github.com:KDE/heaptrack.git,4069
MDEwOlJlcG9zaXRvcnk0MjcyODE5MA==,2015-09-18T14:45:57Z,2026-05-04T07:26:22Z,2026-05-07T09:16:03Z,9878,True,artikulate,KDE/artikulate,git@github.com:KDE/artikulate.git,20
MDEwOlJlcG9zaXRvcnk0MjcyODEyMA==,2015-09-18T14:44:19Z,2026-05-01T20:18:54Z,2026-05-01T20:18:50Z,1264,True,attica,KDE/attica,git@github.com:KDE/attica.git,15
MDEwOlJlcG9zaXRvcnk0MjcyODA4MA==,2015-09-18T14:43:14Z,2026-05-06T01:55:40Z,2026-05-07T09:32:20Z,12357,True,filelight,KDE/filelight,git@github.com:KDE/filelight.git,258
MDEwOlJlcG9zaXRvcnk0MjcyODA1Nw==,2015-09-18T14:42:42Z,2026-05-07T01:51:37Z,2026-05-07T10:34:44Z,135154,True,lokalize,KDE/lokalize,git@github.com:KDE/lokalize.git,29
MDEwOlJlcG9zaXRvcnk0MjcyNzkxMQ==,2015-09-18T14:40:32Z,2026-05-06T08:46:51Z,2026-05-07T09:19:32Z,93754,True,kio-extras,KDE/kio-extras,git@github.com:KDE/kio-extras.git,31
MDEwOlJlcG9zaXRvcnk0MjcyNzg3Ng==,2015-09-18T14:39:59Z,2026-05-04T08:16:40Z,2026-05-07T09:18:13Z,1472,True,kmousetool,KDE/kmousetool,git@github.com:KDE/kmousetool.git,13
MDEwOlJlcG9zaXRvcnk0MjcyNzg0NQ==,2015-09-18T14:39:27Z,2025-10-09T20:40:48Z,2026-05-07T09:12:17Z,235,True,kqtquickcharts,KDE/kqtquickcharts,git@github.com:KDE/kqtquickcharts.git,8
MDEwOlJlcG9zaXRvcnk0MjcyNzc1MA==,2015-09-18T14:37:49Z,2026-05-04T14:02:47Z,2026-05-07T09:26:39Z,4961,True,plasma-settings,KDE/plasma-settings,git@github.com:KDE/plasma-settings.git,20
MDEwOlJlcG9zaXRvcnk0MjcyNzY3OQ==,2015-09-18T14:36:44Z,2026-05-04T22:06:07Z,2026-05-07T10:36:05Z,14087,True,rocs,KDE/rocs,git@github.com:KDE/rocs.git,26
MDEwOlJlcG9zaXRvcnk0MjcyNzY0Nw==,2015-09-18T14:36:12Z,2026-05-06T18:50:14Z,2026-05-06T18:50:08Z,76675,True,sonnet,KDE/sonnet,git@github.com:KDE/sonnet.git,41
MDEwOlJlcG9zaXRvcnk0MjcyNzYxMg==,2015-09-18T14:35:39Z,2026-05-03T01:44:40Z,2026-05-03T01:44:36Z,134191,True,kconfigwidgets,KDE/kconfigwidgets,git@github.com:KDE/kconfigwidgets.git,19
MDEwOlJlcG9zaXRvcnk0MjcyNzU0OA==,2015-09-18T14:34:34Z,2026-05-06T23:10:01Z,2026-05-07T10:09:22Z,368174,True,dolphin,KDE/dolphin,git@github.com:KDE/dolphin.git,694
MDEwOlJlcG9zaXRvcnk0MjcyNzQyNg==,2015-09-18T14:32:24Z,2026-05-01T20:22:22Z,2026-05-01T20:22:18Z,718,True,kdbusaddons,KDE/kdbusaddons,git@github.com:KDE/kdbusaddons.git,10
MDEwOlJlcG9zaXRvcnk0MjcyNzM5OA==,2015-09-18T14:31:52Z,2026-05-04T09:57:59Z,2026-05-07T09:23:26Z,27689,True,kiten,KDE/kiten,git@github.com:KDE/kiten.git,17
MDEwOlJlcG9zaXRvcnk0MjcyNzM2MQ==,2015-09-18T14:31:19Z,2026-05-04T09:26:07Z,2026-05-07T09:15:10Z,5475,True,kapptemplate,KDE/kapptemplate,git@github.com:KDE/kapptemplate.git,12
MDEwOlJlcG9zaXRvcnk0MjcyNzMyNA==,2015-09-18T14:30:47Z,2026-05-03T11:40:27Z,2026-05-07T09:13:54Z,679,True,kmbox,KDE/kmbox,git@github.com:KDE/kmbox.git,9
MDEwOlJlcG9zaXRvcnk0MjcyNzI2OA==,2015-09-18T14:29:42Z,2026-05-03T02:05:31Z,2026-05-07T05:32:56Z,2098,True,polkit-kde-agent-1,KDE/polkit-kde-agent-1,git@github.com:KDE/polkit-kde-agent-1.git,32
MDEwOlJlcG9zaXRvcnk0MjcyNzE0Mw==,2015-09-18T14:27:32Z,2026-05-04T02:31:54Z,2026-05-04T03:54:42Z,43158,True,kbibtex,KDE/kbibtex,git@github.com:KDE/kbibtex.git,56
MDEwOlJlcG9zaXRvcnk0MjcyNzAzOQ==,2015-09-18T14:25:54Z,2026-05-06T13:13:21Z,2026-05-07T09:13:45Z,2867,True,kmime,KDE/kmime,git@github.com:KDE/kmime.git,8
MDEwOlJlcG9zaXRvcnk0MjcyNzAwNg==,2015-09-18T14:25:22Z,2026-05-04T08:14:32Z,2026-05-07T09:17:25Z,14295,True,kcalc,KDE/kcalc,git@github.com:KDE/kcalc.git,51
MDEwOlJlcG9zaXRvcnk0MjcyNjk0NQ==,2015-09-18T14:24:17Z,2026-04-26T20:23:23Z,2026-04-26T20:23:25Z,2904,True,symboleditor,KDE/symboleditor,git@github.com:KDE/symboleditor.git,5
MDEwOlJlcG9zaXRvcnk0MjcyNjg2OA==,2015-09-18T14:23:12Z,2026-05-04T19:45:48Z,2026-05-07T09:33:58Z,42523,True,kget,KDE/kget,git@github.com:KDE/kget.git,43
MDEwOlJlcG9zaXRvcnk0MjcyNjgxMA==,2015-09-18T14:22:07Z,2026-05-02T06:24:46Z,2026-05-07T09:27:43Z,12627,True,kmailtransport,KDE/kmailtransport,git@github.com:KDE/kmailtransport.git,9
MDEwOlJlcG9zaXRvcnk0MjcyNjcxOA==,2015-09-18T14:20:30Z,2026-05-03T02:10:54Z,2026-05-03T02:10:51Z,2170,True,kronometer,KDE/kronometer,git@github.com:KDE/kronometer.git,21
MDEwOlJlcG9zaXRvcnk0MjcyNjY2NQ==,2015-09-18T14:19:25Z,2025-12-01T00:07:28Z,2026-05-07T09:12:51Z,1876,True,libkdcraw,KDE/libkdcraw,git@github.com:KDE/libkdcraw.git,8
MDEwOlJlcG9zaXRvcnk0MjcyNjY0Mg==,2015-09-18T14:18:53Z,2026-05-04T14:06:15Z,2026-05-07T09:28:16Z,21039,True,kwordquiz,KDE/kwordquiz,git@github.com:KDE/kwordquiz.git,9
MDEwOlJlcG9zaXRvcnk0MjcyNjQxMQ==,2015-09-18T14:14:33Z,2026-05-04T22:05:32Z,2026-05-07T10:35:47Z,57345,True,parley,KDE/parley,git@github.com:KDE/parley.git,19
MDEwOlJlcG9zaXRvcnk0MjcyNjMxNQ==,2015-09-18T14:12:55Z,2026-03-25T02:36:02Z,2026-03-25T04:00:16Z,1538,True,kproperty,KDE/kproperty,git@github.com:KDE/kproperty.git,17
MDEwOlJlcG9zaXRvcnk0MjcyNjI1OA==,2015-09-18T14:11:50Z,2026-05-06T08:18:53Z,2026-05-07T10:35:01Z,336962,True,marble,KDE/marble,git@github.com:KDE/marble.git,163
MDEwOlJlcG9zaXRvcnk0MjcyNjIwMw==,2015-09-18T14:10:46Z,2026-05-04T13:13:12Z,2026-05-07T06:22:42Z,41141,True,kimageformats,KDE/kimageformats,git@github.com:KDE/kimageformats.git,36
MDEwOlJlcG9zaXRvcnk0MjcyNjEzOA==,2015-09-18T14:09:41Z,2026-05-06T01:44:43Z,2026-05-06T03:28:04Z,134056,True,rkward,KDE/rkward,git@github.com:KDE/rkward.git,27
MDEwOlJlcG9zaXRvcnk0MjcyNjEwNQ==,2015-09-18T14:09:08Z,2026-05-05T01:47:55Z,2026-05-07T09:29:48Z,23635,True,audex,KDE/audex,git@github.com:KDE/audex.git,25
MDEwOlJlcG9zaXRvcnk0MjcyNjA3MA==,2015-09-18T14:08:36Z,2026-05-03T07:31:46Z,2026-05-03T07:31:48Z,44024,True,knotifyconfig,KDE/knotifyconfig,git@github.com:KDE/knotifyconfig.git,6
MDEwOlJlcG9zaXRvcnk0MjcyNjAzNw==,2015-09-18T14:08:04Z,2026-05-02T15:50:17Z,2026-05-02T15:50:20Z,20457,True,kiconthemes,KDE/kiconthemes,git@github.com:KDE/kiconthemes.git,18
MDEwOlJlcG9zaXRvcnk0MjcyNjAwOA==,2015-09-18T14:07:31Z,2026-05-04T09:26:07Z,2026-04-23T01:44:11Z,3775,True,kdev-valgrind,KDE/kdev-valgrind,git@github.com:KDE/kdev-valgrind.git,7
MDEwOlJlcG9zaXRvcnk0MjcyNTk1MQ==,2015-09-18T14:06:26Z,2026-05-07T01:52:40Z,2026-05-07T01:52:36Z,86662,True,krusader,KDE/krusader,git@github.com:KDE/krusader.git,169
MDEwOlJlcG9zaXRvcnk0MjcyNTgyMw==,2015-09-18T14:04:16Z,2026-05-04T19:56:35Z,2026-05-07T09:41:27Z,45746,True,kpat,KDE/kpat,git@github.com:KDE/kpat.git,33
MDEwOlJlcG9zaXRvcnk0MjcyNTc3Nw==,2015-09-18T14:03:44Z,2026-05-03T07:32:14Z,2026-05-03T07:32:16Z,422,True,kcrash,KDE/kcrash,git@github.com:KDE/kcrash.git,21
MDEwOlJlcG9zaXRvcnk0MjcyNTY1Nw==,2015-09-18T14:01:35Z,2026-05-07T07:38:31Z,2026-05-07T10:41:48Z,43208,True,kwindowsystem,KDE/kwindowsystem,git@github.com:KDE/kwindowsystem.git,31
MDEwOlJlcG9zaXRvcnk0MjcyNTYwMg==,2015-09-18T14:00:29Z,2026-05-07T01:50:50Z,2026-05-07T01:50:46Z,105122,True,plasma-nm,KDE/plasma-nm,git@github.com:KDE/plasma-nm.git,57
MDEwOlJlcG9zaXRvcnk0MjcyNTUwMw==,2015-09-18T13:58:52Z,2026-05-06T18:52:58Z,2026-05-07T09:19:41Z,35635,True,kdeconnect-kde,KDE/kdeconnect-kde,git@github.com:KDE/kdeconnect-kde.git,3679
MDEwOlJlcG9zaXRvcnk0MjcyNTQ3NQ==,2015-09-18T13:58:19Z,2026-03-11T22:53:37Z,2026-03-11T22:53:33Z,1476,True,dferry,KDE/dferry,git@github.com:KDE/dferry.git,5
MDEwOlJlcG9zaXRvcnk0MjcyNTQ1Mw==,2015-09-18T13:57:47Z,2026-05-04T14:06:37Z,2026-05-07T09:29:33Z,9698,True,kgraphviewer,KDE/kgraphviewer,git@github.com:KDE/kgraphviewer.git,28
MDEwOlJlcG9zaXRvcnk0MjcyNTQyMg==,2015-09-18T13:57:15Z,2026-03-04T12:53:16Z,2026-04-07T14:49:39Z,454,True,kwrited,KDE/kwrited,git@github.com:KDE/kwrited.git,8
MDEwOlJlcG9zaXRvcnk0MjcyNTA3MA==,2015-09-18T13:51:50Z,2026-05-03T12:28:18Z,2026-05-03T12:28:21Z,8799,True,kpackage,KDE/kpackage,git@github.com:KDE/kpackage.git,17
MDEwOlJlcG9zaXRvcnk0MjcyNDk3MQ==,2015-09-18T13:50:13Z,2026-05-05T01:55:02Z,2026-05-05T03:59:14Z,25968,True,kdesvn,KDE/kdesvn,git@github.com:KDE/kdesvn.git,40
MDEwOlJlcG9zaXRvcnk0MjcyNDgyMQ==,2015-09-18T13:46:58Z,2026-05-01T20:25:15Z,2026-05-01T20:25:11Z,1465,True,kitemmodels,KDE/kitemmodels,git@github.com:KDE/kitemmodels.git,30
MDEwOlJlcG9zaXRvcnk0MjcyNDYxMg==,2015-09-18T13:43:11Z,2026-05-05T01:43:25Z,2026-05-07T09:18:04Z,73755,True,klettres,KDE/klettres,git@github.com:KDE/klettres.git,11
MDEwOlJlcG9zaXRvcnk0MjcyNDUzMw==,2015-09-18T13:41:34Z,2026-05-01T20:19:13Z,2026-05-01T20:19:08Z,1317,True,bluez-qt,KDE/bluez-qt,git@github.com:KDE/bluez-qt.git,39
MDEwOlJlcG9zaXRvcnk0MjcyNDM0Mw==,2015-09-18T13:38:09Z,2026-05-06T01:55:32Z,2026-05-07T09:19:59Z,36916,True,ark,KDE/ark,git@github.com:KDE/ark.git,139
MDEwOlJlcG9zaXRvcnk0MjcyNDMwNQ==,2015-09-18T13:37:14Z,2026-05-03T02:03:25Z,2026-05-03T02:03:22Z,7323,True,kmenuedit,KDE/kmenuedit,git@github.com:KDE/kmenuedit.git,13
MDEwOlJlcG9zaXRvcnk0MjcyNDI0Ng==,2015-09-18T13:36:09Z,2026-01-17T14:40:33Z,2026-05-07T09:12:34Z,902,True,kdegraphics-mobipocket,KDE/kdegraphics-mobipocket,git@github.com:KDE/kdegraphics-mobipocket.git,6
MDEwOlJlcG9zaXRvcnk0MjcyNDE2Ng==,2015-09-18T13:34:31Z,2026-05-06T01:50:12Z,2026-05-06T03:31:09Z,277046,True,tellico,KDE/tellico,git@github.com:KDE/tellico.git,60
MDEwOlJlcG9zaXRvcnk0MjcyNDA1Nw==,2015-09-18T13:32:22Z,2026-05-03T01:55:23Z,2026-05-07T09:22:02Z,16612,True,kdenetwork-filesharing,KDE/kdenetwork-filesharing,git@github.com:KDE/kdenetwork-filesharing.git,11
MDEwOlJlcG9zaXRvcnk0MjcyNDAzMQ==,2015-09-18T13:31:50Z,2026-05-05T01:50:05Z,2026-05-05T01:50:01Z,86053,True,kile,KDE/kile,git@github.com:KDE/kile.git,105
MDEwOlJlcG9zaXRvcnk0MjcyNDAwOQ==,2015-09-18T13:31:17Z,2026-05-04T19:52:20Z,2026-05-07T09:38:48Z,18351,True,kigo,KDE/kigo,git@github.com:KDE/kigo.git,17
MDEwOlJlcG9zaXRvcnk0MjcyMzk4NQ==,2015-09-18T13:30:45Z,2026-02-15T11:22:34Z,2026-05-07T09:12:59Z,1086,True,libkexiv2,KDE/libkexiv2,git@github.com:KDE/libkexiv2.git,9
MDEwOlJlcG9zaXRvcnk0MjcyMzk1Mg==,2015-09-18T13:30:12Z,2026-05-04T08:13:43Z,2026-05-07T09:17:08Z,9824,True,blinken,KDE/blinken,git@github.com:KDE/blinken.git,8
MDEwOlJlcG9zaXRvcnk0MjcyMzkyMQ==,2015-09-18T13:29:40Z,2026-05-07T01:46:00Z,2026-05-07T09:33:24Z,321301,True,kdevelop,KDE/kdevelop,git@github.com:KDE/kdevelop.git,577
MDEwOlJlcG9zaXRvcnk0MjcyMzc0Mw==,2015-09-18T13:25:53Z,2026-04-30T01:50:25Z,2026-04-30T03:24:53Z,13628,True,plasma-pa,KDE/plasma-pa,git@github.com:KDE/plasma-pa.git,39
MDEwOlJlcG9zaXRvcnk0MjcyMzY1Ng==,2015-09-18T13:24:15Z,2026-05-02T06:24:31Z,2026-05-07T09:16:28Z,4881,True,libkgapi,KDE/libkgapi,git@github.com:KDE/libkgapi.git,10
MDEwOlJlcG9zaXRvcnk0MjcyMzYwNg==,2015-09-18T13:23:11Z,2026-05-03T11:57:36Z,2026-05-07T09:14:36Z,4800,True,libkmahjongg,KDE/libkmahjongg,git@github.com:KDE/libkmahjongg.git,9
MDEwOlJlcG9zaXRvcnk0MjcyMzUzNg==,2015-09-18T13:21:34Z,2026-05-03T02:03:40Z,2026-05-03T02:03:36Z,952,True,ksshaskpass,KDE/ksshaskpass,git@github.com:KDE/ksshaskpass.git,61
MDEwOlJlcG9zaXRvcnk0MjcyMzUwOA==,2015-09-18T13:21:00Z,2026-05-04T09:26:06Z,2026-05-07T09:20:43Z,2712,True,kaccounts-integration,KDE/kaccounts-integration,git@github.com:KDE/kaccounts-integration.git,23
MDEwOlJlcG9zaXRvcnk0MjcyMzQzMA==,2015-09-18T13:19:23Z,2026-05-04T10:01:41Z,2026-05-07T09:25:24Z,5133,True,audiocd-kio,KDE/audiocd-kio,git@github.com:KDE/audiocd-kio.git,9
MDEwOlJlcG9zaXRvcnk0MjcyMzQxMQ==,2015-09-18T13:18:50Z,2026-04-19T01:42:53Z,2026-05-07T09:31:26Z,5349,True,analitza,KDE/analitza,git@github.com:KDE/analitza.git,10
MDEwOlJlcG9zaXRvcnk0MjcyMzMxNg==,2015-09-18T13:17:13Z,2026-05-05T02:27:13Z,2026-05-06T08:39:21Z,626369,True,ktexteditor,KDE/ktexteditor,git@github.com:KDE/ktexteditor.git,87
MDEwOlJlcG9zaXRvcnk0MjcyMzI5MQ==,2015-09-18T13:16:41Z,2026-05-04T08:14:58Z,2026-05-07T09:17:33Z,2705,True,kcharselect,KDE/kcharselect,git@github.com:KDE/kcharselect.git,18
MDEwOlJlcG9zaXRvcnk0MjcyMzI2OA==,2015-09-18T13:16:08Z,2026-05-07T07:20:11Z,2026-05-07T09:30:09Z,4407102,True,kdenlive,KDE/kdenlive,git@github.com:KDE/kdenlive.git,5004
MDEwOlJlcG9zaXRvcnk0MjcyMzI1MA==,2015-09-18T13:15:36Z,2026-04-17T08:57:38Z,2026-05-05T19:22:27Z,1025,True,kdecoration,KDE/kdecoration,git@github.com:KDE/kdecoration.git,23
MDEwOlJlcG9zaXRvcnk0MjcyMzIxNQ==,2015-09-18T13:15:03Z,2026-05-03T11:57:28Z,2026-05-07T09:36:12Z,52950,True,libkdegames,KDE/libkdegames,git@github.com:KDE/libkdegames.git,9
MDEwOlJlcG9zaXRvcnk0MjcyMzE5Mw==,2015-09-18T13:14:30Z,2026-05-04T19:56:55Z,2026-05-07T09:41:37Z,6560,True,kreversi,KDE/kreversi,git@github.com:KDE/kreversi.git,11
MDEwOlJlcG9zaXRvcnk0MjcyMzA2MQ==,2015-09-18T13:11:48Z,2026-05-05T01:44:00Z,2026-05-07T09:27:03Z,8977,True,step,KDE/step,git@github.com:KDE/step.git,46
MDEwOlJlcG9zaXRvcnk0MjcyMjk5OQ==,2015-09-18T13:10:44Z,2026-05-05T01:54:55Z,2026-05-07T09:21:27Z,12133,True,kcachegrind,KDE/kcachegrind,git@github.com:KDE/kcachegrind.git,515
MDEwOlJlcG9zaXRvcnk0MjcyMjk2NA==,2015-09-18T13:10:12Z,2026-05-04T19:55:18Z,2026-05-07T09:40:28Z,8425,True,knetwalk,KDE/knetwalk,git@github.com:KDE/knetwalk.git,17
MDEwOlJlcG9zaXRvcnk0MjcyMjc4OA==,2015-09-18T13:06:57Z,2026-05-04T19:55:36Z,2026-05-07T09:40:38Z,5849,True,kolf,KDE/kolf,git@github.com:KDE/kolf.git,19
MDEwOlJlcG9zaXRvcnk0MjcyMjY0NA==,2015-09-18T13:04:15Z,2026-05-04T09:26:06Z,2026-05-07T09:19:01Z,8436,True,krfb,KDE/krfb,git@github.com:KDE/krfb.git,78
MDEwOlJlcG9zaXRvcnk0MjcyMjU4Nw==,2015-09-18T13:03:11Z,2026-05-04T08:21:52Z,2026-05-07T09:20:34Z,14695,True,juk,KDE/juk,git@github.com:KDE/juk.git,20
MDEwOlJlcG9zaXRvcnk0MjcyMjU1OA==,2015-09-18T13:02:38Z,2026-05-01T20:31:15Z,2026-05-07T06:03:45Z,2117,True,threadweaver,KDE/threadweaver,git@github.com:KDE/threadweaver.git,22
MDEwOlJlcG9zaXRvcnk0MjcyMjUzMg==,2015-09-18T13:02:06Z,2026-05-06T11:56:51Z,2026-05-06T11:56:54Z,8436,True,wacomtablet,KDE/wacomtablet,git@github.com:KDE/wacomtablet.git,94
MDEwOlJlcG9zaXRvcnk0MjcyMjQ2Ng==,2015-09-18T13:01:01Z,2026-05-02T15:49:57Z,2026-05-02T15:50:00Z,5960,True,kfilemetadata,KDE/kfilemetadata,git@github.com:KDE/kfilemetadata.git,22
MDEwOlJlcG9zaXRvcnk0MjcyMjQwNg==,2015-09-18T12:59:55Z,2026-05-07T00:48:06Z,2026-05-07T09:22:54Z,16787,True,khelpcenter,KDE/khelpcenter,git@github.com:KDE/khelpcenter.git,14
MDEwOlJlcG9zaXRvcnk0MjcyMjA0Mw==,2015-09-18T12:53:58Z,2026-05-04T19:49:02Z,2026-05-07T09:36:43Z,1544,True,bovo,KDE/bovo,git@github.com:KDE/bovo.git,13
MDEwOlJlcG9zaXRvcnk0MjcyMTk5OQ==,2015-09-18T12:52:53Z,2026-05-04T22:02:16Z,2026-05-07T10:34:02Z,7770,True,ksudoku,KDE/ksudoku,git@github.com:KDE/ksudoku.git,22
MDEwOlJlcG9zaXRvcnk0MjcyMTk1Mw==,2015-09-18T12:51:48Z,2026-05-05T12:24:23Z,2026-04-29T01:54:34Z,27166,True,trojita,KDE/trojita,git@github.com:KDE/trojita.git,41
MDEwOlJlcG9zaXRvcnk0MjcyMTg5Mw==,2015-09-18T12:50:43Z,2026-04-20T02:10:58Z,2026-04-20T02:10:53Z,32915,True,kst-plot,KDE/kst-plot,git@github.com:KDE/kst-plot.git,15
MDEwOlJlcG9zaXRvcnk0MjcyMTg1NA==,2015-09-18T12:50:11Z,2026-05-07T05:25:17Z,2026-05-07T09:30:25Z,91183,True,konversation,KDE/konversation,git@github.com:KDE/konversation.git,56
MDEwOlJlcG9zaXRvcnk0MjcyMTg1MQ==,2015-09-18T12:50:00Z,2026-05-07T07:48:35Z,2026-05-07T09:34:22Z,199212,True,konsole,KDE/konsole,git@github.com:KDE/konsole.git,657
MDEwOlJlcG9zaXRvcnk0MjcyMTc5Nw==,2015-09-18T12:49:06Z,2026-05-07T00:01:48Z,2026-05-07T00:01:50Z,20321,True,kconfig,KDE/kconfig,git@github.com:KDE/kconfig.git,30
MDEwOlJlcG9zaXRvcnk0MjcyMTYxMA==,2015-09-18T12:45:19Z,2026-05-04T22:01:58Z,2026-05-07T10:33:54Z,2006,True,ksquares,KDE/ksquares,git@github.com:KDE/ksquares.git,10
MDEwOlJlcG9zaXRvcnk0MjcyMTU3NA==,2015-09-18T12:44:47Z,2026-05-02T06:26:40Z,2026-05-07T10:41:02Z,1631,True,ktnef,KDE/ktnef,git@github.com:KDE/ktnef.git,6
MDEwOlJlcG9zaXRvcnk0MjcyMTM5OQ==,2015-09-18T12:42:05Z,2026-05-04T14:06:56Z,2026-05-07T09:27:59Z,24786,True,krdc,KDE/krdc,git@github.com:KDE/krdc.git,88
MDEwOlJlcG9zaXRvcnk0MjcyMTM2Nw==,2015-09-18T12:41:32Z,2026-05-03T07:32:05Z,2026-05-03T07:32:08Z,2827,True,frameworkintegration,KDE/frameworkintegration,git@github.com:KDE/frameworkintegration.git,14
MDEwOlJlcG9zaXRvcnk0MjcyMTM0OA==,2015-09-18T12:41:00Z,2026-05-04T19:53:17Z,2026-05-07T09:39:21Z,3382,True,kjumpingcube,KDE/kjumpingcube,git@github.com:KDE/kjumpingcube.git,11
MDEwOlJlcG9zaXRvcnk0MjcyMTE3Mg==,2015-09-18T12:37:46Z,2026-05-04T14:07:04Z,2026-05-07T09:28:41Z,26219,True,kig,KDE/kig,git@github.com:KDE/kig.git,17
MDEwOlJlcG9zaXRvcnk0MjcyMTA2OQ==,2015-09-18T12:36:09Z,2026-05-03T19:28:52Z,2026-05-03T19:28:54Z,16702,True,bluedevil,KDE/bluedevil,git@github.com:KDE/bluedevil.git,35
MDEwOlJlcG9zaXRvcnk0MjcyMDk0OA==,2015-09-18T12:33:59Z,2026-05-07T01:49:58Z,2026-05-07T08:58:19Z,52835,True,kscreen,KDE/kscreen,git@github.com:KDE/kscreen.git,58
MDEwOlJlcG9zaXRvcnk0MjcyMDg2OA==,2015-09-18T12:32:22Z,2026-05-06T01:55:00Z,2026-05-07T09:29:40Z,3139,True,massif-visualizer,KDE/massif-visualizer,git@github.com:KDE/massif-visualizer.git,362
MDEwOlJlcG9zaXRvcnk0MjcyMDc5NA==,2015-09-18T12:30:44Z,2026-05-06T02:33:27Z,2026-05-06T02:33:23Z,246,True,kdev-executebrowser,KDE/kdev-executebrowser,git@github.com:KDE/kdev-executebrowser.git,8
MDEwOlJlcG9zaXRvcnk0MjcyMDcyMg==,2015-09-18T12:29:07Z,2026-05-04T19:54:18Z,2026-05-07T09:39:55Z,18111,True,kmahjongg,KDE/kmahjongg,git@github.com:KDE/kmahjongg.git,19
MDEwOlJlcG9zaXRvcnk0MjcyMDYyOQ==,2015-09-18T12:27:29Z,2026-05-02T18:45:24Z,2026-05-02T18:45:27Z,47746,True,ktextwidgets,KDE/ktextwidgets,git@github.com:KDE/ktextwidgets.git,10
MDEwOlJlcG9zaXRvcnk0MjcyMDU1MQ==,2015-09-18T12:25:52Z,2026-05-04T09:26:05Z,2026-04-11T02:32:18Z,694,True,kdev-krazy2,KDE/kdev-krazy2,git@github.com:KDE/kdev-krazy2.git,6
MDEwOlJlcG9zaXRvcnk0MjcyMDM0Mw==,2015-09-18T12:22:06Z,2026-05-06T01:44:53Z,2026-05-06T01:44:49Z,12882,True,baloo,KDE/baloo,git@github.com:KDE/baloo.git,82
MDEwOlJlcG9zaXRvcnk0MjcyMDMxNA==,2015-09-18T12:21:22Z,2026-05-03T07:30:49Z,2026-05-03T07:30:52Z,57475,True,kservice,KDE/kservice,git@github.com:KDE/kservice.git,14
MDEwOlJlcG9zaXRvcnk0MjcyMDI3OQ==,2015-09-18T12:20:27Z,2026-05-07T03:22:47Z,2026-05-07T03:22:50Z,1284324,True,labplot,KDE/labplot,git@github.com:KDE/labplot.git,450
MDEwOlJlcG9zaXRvcnk0MjcyMDI1OQ==,2015-09-18T12:19:55Z,2026-05-04T01:47:29Z,2026-05-04T03:54:49Z,1884570,True,kmymoney,KDE/kmymoney,git@github.com:KDE/kmymoney.git,197
MDEwOlJlcG9zaXRvcnk0MjcyMDIzMA==,2015-09-18T12:19:22Z,2026-05-07T06:29:50Z,2026-05-07T09:33:04Z,325404,True,kate,KDE/kate,git@github.com:KDE/kate.git,1023
MDEwOlJlcG9zaXRvcnk0MjcyMDIwMA==,2015-09-18T12:18:50Z,2026-05-05T02:34:23Z,2026-05-05T02:34:19Z,8817,True,cervisia,KDE/cervisia,git@github.com:KDE/cervisia.git,11
MDEwOlJlcG9zaXRvcnk0MjcyMDA5MA==,2015-09-18T12:16:41Z,2026-04-11T00:49:36Z,2026-04-11T00:49:33Z,1711,True,elf-dissector,KDE/elf-dissector,git@github.com:KDE/elf-dissector.git,50
MDEwOlJlcG9zaXRvcnk0MjcyMDAwMw==,2015-09-18T12:15:01Z,2026-05-04T09:58:35Z,2026-05-07T09:23:43Z,10111,True,kmix,KDE/kmix,git@github.com:KDE/kmix.git,18
MDEwOlJlcG9zaXRvcnk0MjcxOTkzMg==,2015-09-18T12:13:27Z,2026-01-13T16:27:47Z,2026-04-07T14:49:01Z,394,True,kwayland-integration,KDE/kwayland-integration,git@github.com:KDE/kwayland-integration.git,14
MDEwOlJlcG9zaXRvcnk0MjcxOTkyNA==,2015-09-18T12:13:22Z,2026-05-04T19:51:38Z,2026-05-07T09:38:28Z,5390,True,kfourinline,KDE/kfourinline,git@github.com:KDE/kfourinline.git,7
MDEwOlJlcG9zaXRvcnk0MjcxOTg5Nw==,2015-09-18T12:12:41Z,2026-05-04T09:26:05Z,2026-04-13T21:11:58Z,4225,True,kwayland,KDE/kwayland,git@github.com:KDE/kwayland.git,48
MDEwOlJlcG9zaXRvcnk0MjcxOTg1OA==,2015-09-18T12:11:45Z,2026-05-07T11:33:19Z,2026-05-07T11:33:11Z,90315,True,umbrello,KDE/umbrello,git@github.com:KDE/umbrello.git,138
MDEwOlJlcG9zaXRvcnk0MjcxOTc4MA==,2015-09-18T12:10:08Z,2026-05-04T19:54:57Z,2026-05-07T09:40:18Z,10881,True,knavalbattle,KDE/knavalbattle,git@github.com:KDE/knavalbattle.git,18
MDEwOlJlcG9zaXRvcnk0MjcxOTU4NA==,2015-09-18T12:06:00Z,2026-05-07T11:11:50Z,2026-05-07T11:11:46Z,550271,True,kwin,KDE/kwin,git@github.com:KDE/kwin.git,650
MDEwOlJlcG9zaXRvcnk0MjcxOTUzOA==,2015-09-18T12:04:44Z,2026-05-02T18:45:30Z,2026-05-02T18:45:34Z,518,True,kded,KDE/kded,git@github.com:KDE/kded.git,14
MDEwOlJlcG9zaXRvcnk0MjcxOTQ1Mw==,2015-09-18T12:03:07Z,2026-05-04T10:00:42Z,2026-05-07T09:24:43Z,26992,True,ktouch,KDE/ktouch,git@github.com:KDE/ktouch.git,89
MDEwOlJlcG9zaXRvcnk0MjcxOTQyOA==,2015-09-18T12:02:38Z,2026-05-07T01:47:48Z,2026-05-07T10:35:31Z,1326220,True,calligra,KDE/calligra,git@github.com:KDE/calligra.git,202
MDEwOlJlcG9zaXRvcnk0MjcxOTQyNA==,2015-09-18T12:02:34Z,2026-05-06T13:32:57Z,2026-05-06T13:32:59Z,771,True,kguiaddons,KDE/kguiaddons,git@github.com:KDE/kguiaddons.git,29
MDEwOlJlcG9zaXRvcnk0MjcxOTM3NA==,2015-09-18T12:01:29Z,2026-05-01T20:25:25Z,2026-05-01T20:25:22Z,32235,True,kitemviews,KDE/kitemviews,git@github.com:KDE/kitemviews.git,12
MDEwOlJlcG9zaXRvcnk0MjcxOTM1NA==,2015-09-18T12:00:57Z,2026-05-04T19:44:10Z,2026-05-07T09:33:12Z,5802,True,kdebugsettings,KDE/kdebugsettings,git@github.com:KDE/kdebugsettings.git,6
MDEwOlJlcG9zaXRvcnk0MjcxOTI3Nw==,2015-09-18T11:59:19Z,2026-05-04T19:50:25Z,2026-05-07T09:37:39Z,5332,True,kblocks,KDE/kblocks,git@github.com:KDE/kblocks.git,14
MDEwOlJlcG9zaXRvcnk0MjcxOTIzNw==,2015-09-18T11:58:28Z,2026-05-05T01:02:44Z,2026-05-05T01:02:40Z,15669,True,kinfocenter,KDE/kinfocenter,git@github.com:KDE/kinfocenter.git,38
MDEwOlJlcG9zaXRvcnk0MjcxOTIzMA==,2015-09-18T11:58:17Z,2026-05-03T10:32:05Z,2026-05-07T09:27:22Z,2476,True,kimap,KDE/kimap,git@github.com:KDE/kimap.git,12
MDEwOlJlcG9zaXRvcnk0MjcxOTIxNA==,2015-09-18T11:57:56Z,2026-05-02T06:24:17Z,2026-05-07T10:37:45Z,8362,True,kidentitymanagement,KDE/kidentitymanagement,git@github.com:KDE/kidentitymanagement.git,11
MDEwOlJlcG9zaXRvcnk0MjcxOTIwMA==,2015-09-18T11:57:36Z,2026-05-05T14:28:45Z,2026-05-05T14:24:52Z,4088,True,kholidays,KDE/kholidays,git@github.com:KDE/kholidays.git,20
MDEwOlJlcG9zaXRvcnk0MjcxOTE4Nw==,2015-09-18T11:57:23Z,2026-05-02T07:08:03Z,2026-05-02T07:08:06Z,8305,True,kcontacts,KDE/kcontacts,git@github.com:KDE/kcontacts.git,12
MDEwOlJlcG9zaXRvcnk0MjcxOTE4Mg==,2015-09-18T11:57:13Z,2026-05-02T06:25:22Z,2026-05-07T10:39:22Z,26316,True,kcalutils,KDE/kcalutils,git@github.com:KDE/kcalutils.git,9
MDEwOlJlcG9zaXRvcnk0MjcxOTE4MA==,2015-09-18T11:57:10Z,2026-05-04T22:02:51Z,2026-05-07T10:34:19Z,2630,True,kubrick,KDE/kubrick,git@github.com:KDE/kubrick.git,10
MDEwOlJlcG9zaXRvcnk0MjcxOTE1Mg==,2015-09-18T11:56:37Z,2026-04-10T14:37:04Z,2026-04-10T14:55:50Z,615,True,polkit-qt-1,KDE/polkit-qt-1,git@github.com:KDE/polkit-qt-1.git,16
MDEwOlJlcG9zaXRvcnk0MjcxOTA2NQ==,2015-09-18T11:54:27Z,2026-05-05T01:44:56Z,2026-05-07T09:37:04Z,9733,True,kapman,KDE/kapman,git@github.com:KDE/kapman.git,18
MDEwOlJlcG9zaXRvcnk0MjcxOTA0MQ==,2015-09-18T11:53:54Z,2026-05-03T01:53:52Z,2026-05-03T01:53:48Z,17096,True,kaffeine,KDE/kaffeine,git@github.com:KDE/kaffeine.git,51
MDEwOlJlcG9zaXRvcnk0MjcxODk3MA==,2015-09-18T11:52:17Z,2026-05-07T05:34:46Z,2026-05-07T05:34:42Z,8145916,True,kstars,KDE/kstars,git@github.com:KDE/kstars.git,267
MDEwOlJlcG9zaXRvcnk0MjcxODkyMQ==,2015-09-18T11:51:12Z,2026-05-04T08:17:10Z,2026-05-07T09:18:23Z,2347,True,kruler,KDE/kruler,git@github.com:KDE/kruler.git,15
MDEwOlJlcG9zaXRvcnk0MjcxODg1MA==,2015-09-18T11:50:07Z,2026-05-07T09:16:46Z,2026-05-07T09:16:35Z,6605,True,purpose,KDE/purpose,git@github.com:KDE/purpose.git,15
MDEwOlJlcG9zaXRvcnk0MjcxODgxNw==,2015-09-18T11:49:35Z,2026-05-04T08:14:06Z,2026-05-07T09:17:16Z,17010,True,kbruch,KDE/kbruch,git@github.com:KDE/kbruch.git,11
MDEwOlJlcG9zaXRvcnk0MjcxODYwOA==,2015-09-18T11:46:21Z,2026-05-04T08:17:34Z,2026-05-07T09:18:33Z,2089,True,sweeper,KDE/sweeper,git@github.com:KDE/sweeper.git,8
MDEwOlJlcG9zaXRvcnk0MjcxODU3NA==,2015-09-18T11:45:49Z,2026-05-06T10:18:07Z,2026-05-06T10:18:10Z,137861,True,kcmutils,KDE/kcmutils,git@github.com:KDE/kcmutils.git,13
MDEwOlJlcG9zaXRvcnk0MjcxODUwNQ==,2015-09-18T11:44:44Z,2026-04-05T02:28:21Z,2026-04-05T02:28:16Z,6293,True,kreport,KDE/kreport,git@github.com:KDE/kreport.git,8
MDEwOlJlcG9zaXRvcnk0MjcxODQ3Ng==,2015-09-18T11:44:12Z,2026-05-05T17:39:19Z,2026-05-05T17:43:54Z,90962,True,okteta,KDE/okteta,git@github.com:KDE/okteta.git,136
MDEwOlJlcG9zaXRvcnk0MjcxODQ0Mw==,2015-09-18T11:43:40Z,2026-05-04T19:51:01Z,2026-05-07T09:37:58Z,10261,True,kbreakout,KDE/kbreakout,git@github.com:KDE/kbreakout.git,12
MDEwOlJlcG9zaXRvcnk0MjcxODM3MA==,2015-09-18T11:42:34Z,2026-05-01T20:24:20Z,2026-05-01T20:24:16Z,420,True,kidletime,KDE/kidletime,git@github.com:KDE/kidletime.git,8
MDEwOlJlcG9zaXRvcnk0MjcxODAzMw==,2015-09-18T11:37:12Z,2026-05-04T14:05:39Z,2026-05-07T09:28:08Z,2482,True,kteatime,KDE/kteatime,git@github.com:KDE/kteatime.git,21
MDEwOlJlcG9zaXRvcnk0MjcxNzk0MA==,2015-09-18T11:35:35Z,2026-05-02T18:45:37Z,2026-05-02T18:45:42Z,43382,True,kjobwidgets,KDE/kjobwidgets,git@github.com:KDE/kjobwidgets.git,12
MDEwOlJlcG9zaXRvcnk0MjcxNzc1MQ==,2015-09-18T11:31:14Z,2025-04-14T03:46:36Z,2026-05-07T09:12:42Z,935,True,poxml,KDE/poxml,git@github.com:KDE/poxml.git,6
MDEwOlJlcG9zaXRvcnk0MjcxNzY5OQ==,2015-09-18T11:30:09Z,2026-05-04T22:01:23Z,2026-05-07T10:33:36Z,3088,True,ksnakeduel,KDE/ksnakeduel,git@github.com:KDE/ksnakeduel.git,12
MDEwOlJlcG9zaXRvcnk0MjcxNzY3OQ==,2015-09-18T11:29:37Z,2026-05-03T12:31:15Z,2026-05-03T12:31:18Z,52106,True,knotifications,KDE/knotifications,git@github.com:KDE/knotifications.git,31
MDEwOlJlcG9zaXRvcnk0MjcxNzYzNA==,2015-09-18T11:28:32Z,2026-04-23T01:38:43Z,2026-05-07T09:21:53Z,618,True,kdegraphics-thumbnailers,KDE/kdegraphics-thumbnailers,git@github.com:KDE/kdegraphics-thumbnailers.git,6
MDEwOlJlcG9zaXRvcnk0MjcxNzU1OQ==,2015-09-18T11:26:55Z,2026-05-03T07:30:57Z,2026-05-03T07:31:00Z,912,True,kdesu,KDE/kdesu,git@github.com:KDE/kdesu.git,12
MDEwOlJlcG9zaXRvcnk0MjcxNzU0OA==,2015-09-18T11:26:42Z,2026-05-07T01:51:51Z,2026-05-07T09:26:31Z,29826,True,partitionmanager,KDE/partitionmanager,git@github.com:KDE/partitionmanager.git,102
MDEwOlJlcG9zaXRvcnk0MjcxNzQ3NA==,2015-09-18T11:25:14Z,2026-05-03T02:08:08Z,2026-05-07T09:14:28Z,10860,True,kpmcore,KDE/kpmcore,git@github.com:KDE/kpmcore.git,21
MDEwOlJlcG9zaXRvcnk0MjcxNzQwMw==,2015-09-18T11:23:41Z,2026-05-05T01:42:58Z,2026-05-07T09:23:52Z,8029,True,kmouth,KDE/kmouth,git@github.com:KDE/kmouth.git,11
MDEwOlJlcG9zaXRvcnk0MjcxNzMzNA==,2015-09-18T11:22:04Z,2026-05-04T19:50:04Z,2026-05-07T09:37:29Z,5843,True,kblackbox,KDE/kblackbox,git@github.com:KDE/kblackbox.git,9
MDEwOlJlcG9zaXRvcnk0MjcxNzI3OA==,2015-09-18T11:20:57Z,2026-05-01T20:29:41Z,2026-05-01T20:29:37Z,1172,True,modemmanager-qt,KDE/modemmanager-qt,git@github.com:KDE/modemmanager-qt.git,12
MDEwOlJlcG9zaXRvcnk0MjcxNjczMA==,2015-09-18T11:06:28Z,2026-05-06T23:59:20Z,2026-05-06T23:59:23Z,180397,True,kcoreaddons,KDE/kcoreaddons,git@github.com:KDE/kcoreaddons.git,29
MDEwOlJlcG9zaXRvcnk0MjcxNjE4MQ==,2015-09-18T10:53:04Z,2026-03-30T13:17:41Z,2026-04-13T23:24:45Z,8009,True,lib_mic_array,xmos/lib_mic_array,git@github.com:xmos/lib_mic_array.git,26
MDEwOlJlcG9zaXRvcnk0MjcxNTkwNw==,2015-09-18T10:46:04Z,2026-05-07T01:48:06Z,2026-05-07T09:19:23Z,91191,True,akonadi,KDE/akonadi,git@github.com:KDE/akonadi.git,33
MDEwOlJlcG9zaXRvcnk0MjY3OTU3Nw==,2015-09-17T20:14:22Z,2026-05-04T23:56:15Z,2026-05-06T16:55:01Z,96095,False,node-sqlserver-v8,TimelordUK/node-sqlserver-v8,git@github.com:TimelordUK/node-sqlserver-v8.git,151
MDEwOlJlcG9zaXRvcnk0MjU5NTEwNQ==,2015-09-16T15:14:33Z,2026-04-04T12:21:53Z,2026-04-04T12:21:49Z,13269,True,bpp-phyl,BioPP/bpp-phyl,git@github.com:BioPP/bpp-phyl.git,18
MDEwOlJlcG9zaXRvcnk0MjUxNjI0MQ==,2015-09-15T11:51:07Z,2026-04-28T11:37:50Z,2026-04-28T11:37:45Z,2146,True,Homegear-Sonos,Homegear/Homegear-Sonos,git@github.com:Homegear/Homegear-Sonos.git,1
MDEwOlJlcG9zaXRvcnk0MjUxNjE4MA==,2015-09-15T11:49:47Z,2026-04-28T11:37:41Z,2026-04-28T11:37:36Z,652,True,Homegear-PhilipsHue,Homegear/Homegear-PhilipsHue,git@github.com:Homegear/Homegear-PhilipsHue.git,2
MDEwOlJlcG9zaXRvcnk0MjUxNjEwMA==,2015-09-15T11:47:59Z,2026-04-28T11:37:28Z,2026-04-28T11:37:23Z,696,True,Homegear-MAX,Homegear/Homegear-MAX,git@github.com:Homegear/Homegear-MAX.git,5
MDEwOlJlcG9zaXRvcnk0MjUxNTk4Mg==,2015-09-15T11:45:20Z,2026-04-28T11:37:04Z,2026-04-28T11:36:59Z,560,True,Homegear-Insteon,Homegear/Homegear-Insteon,git@github.com:Homegear/Homegear-Insteon.git,2
MDEwOlJlcG9zaXRvcnk0MjUxNTg2Nw==,2015-09-15T11:42:39Z,2026-04-28T11:36:59Z,2026-04-28T11:36:55Z,616,True,Homegear-HomeMaticWired,Homegear/Homegear-HomeMaticWired,git@github.com:Homegear/Homegear-HomeMaticWired.git,1
MDEwOlJlcG9zaXRvcnk0MjUxNTY4MQ==,2015-09-15T11:37:53Z,2026-05-05T19:05:00Z,2026-04-28T11:36:50Z,3337,True,Homegear-HomeMaticBidCoS,Homegear/Homegear-HomeMaticBidCoS,git@github.com:Homegear/Homegear-HomeMaticBidCoS.git,9
MDEwOlJlcG9zaXRvcnk0MjQ5ODE3NA==,2015-09-15T05:51:50Z,2026-05-07T10:13:34Z,2026-05-02T07:02:46Z,253966,True,visp,lagadic/visp,git@github.com:lagadic/visp.git,878
MDEwOlJlcG9zaXRvcnk0MjQ2NzgzMA==,2015-09-14T18:14:23Z,2026-05-07T09:13:52Z,2026-05-06T18:39:09Z,26020,True,wabt,WebAssembly/wabt,git@github.com:WebAssembly/wabt.git,7971
MDEwOlJlcG9zaXRvcnk0MjQ1NDU4Mw==,2015-09-14T14:42:18Z,2026-04-24T16:28:45Z,2026-04-24T16:28:40Z,1570,True,cctz,google/cctz,git@github.com:google/cctz.git,647
MDEwOlJlcG9zaXRvcnk0MjI5Mzc5Ng==,2015-09-11T07:18:20Z,2026-03-26T09:44:22Z,2026-03-26T09:44:18Z,2796,True,airdcpp-webapi,airdcpp/airdcpp-webapi,git@github.com:airdcpp/airdcpp-webapi.git,11
MDEwOlJlcG9zaXRvcnk0MjI2ODQzMw==,2015-09-10T20:16:24Z,2026-05-05T17:35:11Z,2026-05-05T17:35:07Z,647,True,ossim-planet,ossimlabs/ossim-planet,git@github.com:ossimlabs/ossim-planet.git,18
MDEwOlJlcG9zaXRvcnk0MjI2ODMzNw==,2015-09-10T20:14:20Z,2026-03-27T13:22:00Z,2026-05-03T20:17:11Z,1011,True,ossim-gui,ossimlabs/ossim-gui,git@github.com:ossimlabs/ossim-gui.git,8
MDEwOlJlcG9zaXRvcnk0MjI2ODI2NA==,2015-09-10T20:12:57Z,2026-05-05T17:26:41Z,2026-05-05T17:26:29Z,2170,True,ossim-oms,ossimlabs/ossim-oms,git@github.com:ossimlabs/ossim-oms.git,3
MDEwOlJlcG9zaXRvcnk0MjE5MTYzNg==,2015-09-09T16:47:05Z,2026-04-14T08:47:52Z,2026-04-14T08:47:47Z,135,True,yarp-devices-haptic,robotology/yarp-devices-haptic,git@github.com:robotology/yarp-devices-haptic.git,4
MDEwOlJlcG9zaXRvcnk0MjEyMjQxMA==,2015-09-08T15:46:29Z,2026-05-01T04:06:04Z,2026-05-03T17:32:24Z,7856,True,OpenMAMA,finos/OpenMAMA,git@github.com:finos/OpenMAMA.git,175
MDEwOlJlcG9zaXRvcnk0MTk5NTE5OQ==,2015-09-06T08:37:26Z,2026-04-26T05:46:31Z,2026-03-29T10:06:19Z,10344,False,ebusd,john30/ebusd,git@github.com:john30/ebusd.git,792
MDEwOlJlcG9zaXRvcnk0MTg3MDg4MQ==,2015-09-03T16:31:59Z,2026-04-30T22:19:45Z,2026-04-30T22:19:41Z,437090,False,rockbot,protoman/rockbot,git@github.com:protoman/rockbot.git,87
MDEwOlJlcG9zaXRvcnk0MTgzNzczNg==,2015-09-03T02:11:16Z,2026-04-15T09:45:36Z,2026-04-15T09:45:32Z,199447,False,erkale,susilehtola/erkale,git@github.com:susilehtola/erkale.git,53
MDEwOlJlcG9zaXRvcnk0MTgyNTY0Ng==,2015-09-02T20:20:52Z,2026-05-07T02:27:12Z,2026-05-06T12:53:39Z,14504,True,ossim,ossimlabs/ossim,git@github.com:ossimlabs/ossim.git,326
MDEwOlJlcG9zaXRvcnk0MTczODA1OA==,2015-09-01T12:47:10Z,2026-04-21T15:45:35Z,2026-04-21T15:45:29Z,5022,True,kvqc2d,metno/kvqc2d,git@github.com:metno/kvqc2d.git,1
MDEwOlJlcG9zaXRvcnk0MTcyODkzNA==,2015-09-01T09:16:05Z,2026-04-08T18:39:28Z,2026-04-08T18:39:24Z,2218,True,tatum,verilog-to-routing/tatum,git@github.com:verilog-to-routing/tatum.git,62
MDEwOlJlcG9zaXRvcnk0MTcyMjk1NQ==,2015-09-01T07:12:06Z,2026-04-30T19:25:05Z,2026-04-27T09:52:27Z,14523,False,audi,darioizzo/audi,git@github.com:darioizzo/audi.git,80
MDEwOlJlcG9zaXRvcnk0MTcxMjMzMg==,2015-09-01T02:29:37Z,2026-05-06T11:25:09Z,2026-04-15T02:59:34Z,129585,True,incubator-pegasus,apache/incubator-pegasus,git@github.com:apache/incubator-pegasus.git,2052
MDEwOlJlcG9zaXRvcnk0MTY5ODQ2Mg==,2015-08-31T20:20:43Z,2026-04-30T05:42:23Z,2026-04-30T05:43:16Z,83175,False,libosmscout,Framstag/libosmscout,git@github.com:Framstag/libosmscout.git,299
MDEwOlJlcG9zaXRvcnk0MTY5NzE4MA==,2015-08-31T19:52:51Z,2026-05-04T15:14:50Z,2026-03-25T14:38:46Z,6254,True,Mesh,plasma-umass/Mesh,git@github.com:plasma-umass/Mesh.git,1853
MDEwOlJlcG9zaXRvcnk0MTY0NjI4Ng==,2015-08-30T23:22:30Z,2026-05-07T08:56:14Z,2026-05-06T00:34:39Z,251287,False,sdrangel,f4exb/sdrangel,git@github.com:f4exb/sdrangel.git,3765
MDEwOlJlcG9zaXRvcnk0MTU5MDIxNw==,2015-08-29T10:51:11Z,2026-05-06T16:50:47Z,2026-05-06T17:22:06Z,204814,False,CroftEngine,stohrendorf/CroftEngine,git@github.com:stohrendorf/CroftEngine.git,306
MDEwOlJlcG9zaXRvcnk0MTU3NjMwOA==,2015-08-29T01:30:00Z,2026-03-14T18:30:51Z,2026-03-14T18:30:48Z,356,False,helloworld-sdl2-opengl-emscripten,redblobgames/helloworld-sdl2-opengl-emscripten,git@github.com:redblobgames/helloworld-sdl2-opengl-emscripten.git,90
MDEwOlJlcG9zaXRvcnk0MTQ2OTY5OQ==,2015-08-27T06:30:18Z,2026-05-06T15:26:31Z,2026-05-06T15:26:57Z,57625,True,3dfier,tudelft3d/3dfier,git@github.com:tudelft3d/3dfier.git,621
MDEwOlJlcG9zaXRvcnk0MTQzODA3OQ==,2015-08-26T16:57:40Z,2026-05-07T05:53:58Z,2026-05-07T02:15:10Z,2658019,True,Bforartists,Bforartists/Bforartists,git@github.com:Bforartists/Bforartists.git,738
MDEwOlJlcG9zaXRvcnk0MTQxNjU3NQ==,2015-08-26T09:18:37Z,2026-04-27T22:11:49Z,2026-04-27T22:11:45Z,362,True,qgv,Gepetto/qgv,git@github.com:Gepetto/qgv.git,18
MDEwOlJlcG9zaXRvcnk0MTMyNTI4Mg==,2015-08-24T20:24:55Z,2026-05-07T05:55:37Z,2026-05-07T11:40:48Z,130659,False,ozz-animation,guillaumeblanc/ozz-animation,git@github.com:guillaumeblanc/ozz-animation.git,2828
MDEwOlJlcG9zaXRvcnk0MTMxMzgzMg==,2015-08-24T16:17:08Z,2026-04-27T21:28:37Z,2026-04-27T21:28:31Z,147525,True,R3BRoot,R3BRootGroup/R3BRoot,git@github.com:R3BRootGroup/R3BRoot.git,21
MDEwOlJlcG9zaXRvcnk0MTMwMzM4OA==,2015-08-24T13:03:24Z,2026-05-04T15:25:16Z,2026-05-04T01:37:26Z,237597,False,coot,pemsley/coot,git@github.com:pemsley/coot.git,158
MDEwOlJlcG9zaXRvcnk0MTI3MDY1MA==,2015-08-23T22:48:23Z,2026-04-27T05:27:41Z,2026-04-27T19:41:44Z,2965,True,libnacs,nacs-lab/libnacs,git@github.com:nacs-lab/libnacs.git,0
MDEwOlJlcG9zaXRvcnk0MTE5OTc5Ng==,2015-08-22T09:13:13Z,2026-05-06T21:56:41Z,2026-05-07T09:16:52Z,33983,True,ghostwriter,KDE/ghostwriter,git@github.com:KDE/ghostwriter.git,4875
MDEwOlJlcG9zaXRvcnk0MTE5MzUzNA==,2015-08-22T06:05:51Z,2026-05-07T07:53:04Z,2026-05-07T08:44:49Z,98354,True,bitfighter,bitfighter/bitfighter,git@github.com:bitfighter/bitfighter.git,82
MDEwOlJlcG9zaXRvcnk0MTE2OTk0Nw==,2015-08-21T18:01:19Z,2026-05-06T20:21:36Z,2026-04-28T00:53:46Z,189346,True,SimVascular,SimVascular/SimVascular,git@github.com:SimVascular/SimVascular.git,311
MDEwOlJlcG9zaXRvcnk0MTE1MTkyMQ==,2015-08-21T11:14:30Z,2026-05-02T10:46:21Z,2026-04-05T13:08:49Z,16877,True,WAVM,WAVM/WAVM,git@github.com:WAVM/WAVM.git,2763
MDEwOlJlcG9zaXRvcnk0MTA4NDcxNQ==,2015-08-20T08:34:04Z,2026-03-26T20:05:13Z,2026-03-26T20:05:09Z,2339,False,OP.MagicTrie,mvoronoy/OP.MagicTrie,git@github.com:mvoronoy/OP.MagicTrie.git,0
MDEwOlJlcG9zaXRvcnk0MTA1MjA5MA==,2015-08-19T18:22:33Z,2026-04-18T10:10:35Z,2026-04-18T10:13:56Z,7559,False,terminalpp,KazDragon/terminalpp,git@github.com:KazDragon/terminalpp.git,80
MDEwOlJlcG9zaXRvcnk0MTAyOTk1Mw==,2015-08-19T11:25:11Z,2026-05-07T01:45:41Z,2026-05-07T01:45:37Z,110,False,Software3DRender,idenys1024/Software3DRender,git@github.com:idenys1024/Software3DRender.git,0
MDEwOlJlcG9zaXRvcnk0MTAwNTc5NQ==,2015-08-19T01:11:19Z,2026-05-05T16:01:03Z,2026-03-24T17:59:58Z,1790,True,GSL,microsoft/GSL,git@github.com:microsoft/GSL.git,6672
MDEwOlJlcG9zaXRvcnk0MDk4OTU0MA==,2015-08-18T18:16:11Z,2026-05-07T09:43:32Z,2026-05-06T18:04:44Z,156325,True,pwsafe,pwsafe/pwsafe,git@github.com:pwsafe/pwsafe.git,849
MDEwOlJlcG9zaXRvcnk0MDkyNTE0OA==,2015-08-17T20:08:28Z,2026-04-29T12:29:51Z,2026-04-29T12:29:47Z,526,False,richprint,dishather/richprint,git@github.com:dishather/richprint.git,150
MDEwOlJlcG9zaXRvcnk0MDg5MjgxNw==,2015-08-17T12:27:26Z,2026-05-07T09:57:15Z,2026-05-07T11:30:50Z,83307,True,solidity,argotorg/solidity,git@github.com:argotorg/solidity.git,25624
MDEwOlJlcG9zaXRvcnk0MDgyMTkxNw==,2015-08-16T14:16:03Z,2026-05-07T01:35:55Z,2026-04-10T21:18:56Z,17789,False,muparser,beltoforion/muparser,git@github.com:beltoforion/muparser.git,512
MDEwOlJlcG9zaXRvcnk0MDc2OTk3NA==,2015-08-15T16:11:54Z,2026-04-30T03:25:33Z,2026-03-29T20:19:43Z,206,False,utfcpp,nemtrif/utfcpp,git@github.com:nemtrif/utfcpp.git,1941
MDEwOlJlcG9zaXRvcnk0MDc1OTIyNw==,2015-08-15T12:49:39Z,2026-05-07T11:36:11Z,2026-05-07T04:23:45Z,413539,True,domoticz,domoticz/domoticz,git@github.com:domoticz/domoticz.git,3745
MDEwOlJlcG9zaXRvcnk0MDcxOTM4OQ==,2015-08-14T14:33:55Z,2026-04-27T14:36:24Z,2026-04-27T14:36:55Z,5242,True,otagrum,openturns/otagrum,git@github.com:openturns/otagrum.git,6
MDEwOlJlcG9zaXRvcnk0MDcxOTI5Mw==,2015-08-14T14:31:54Z,2026-04-27T11:48:04Z,2026-04-27T14:41:04Z,1054,True,otsvm,openturns/otsvm,git@github.com:openturns/otsvm.git,1
MDEwOlJlcG9zaXRvcnk0MDcxNzE2OQ==,2015-08-14T13:48:42Z,2026-05-06T13:23:31Z,2026-05-06T13:23:25Z,97023,True,openturns,openturns/openturns,git@github.com:openturns/openturns.git,314
MDEwOlJlcG9zaXRvcnk0MDY1MDE3NA==,2015-08-13T09:23:57Z,2026-03-27T11:07:32Z,2026-03-27T15:01:23Z,71487,False,MiniScatter,kyrsjo/MiniScatter,git@github.com:kyrsjo/MiniScatter.git,12
MDEwOlJlcG9zaXRvcnk0MDYyMDc1OA==,2015-08-12T19:44:15Z,2026-05-05T02:41:36Z,2026-04-20T01:50:27Z,7828,True,pistache,pistacheio/pistache,git@github.com:pistacheio/pistache.git,3464
MDEwOlJlcG9zaXRvcnk0MDYxMDA2Nw==,2015-08-12T15:57:56Z,2026-04-29T14:27:17Z,2026-04-24T03:08:36Z,234,False,iff2gif,rheit/iff2gif,git@github.com:rheit/iff2gif.git,16
MDEwOlJlcG9zaXRvcnk0MDUzOTAwNQ==,2015-08-11T11:54:01Z,2026-05-07T09:12:03Z,2026-05-06T13:21:07Z,207340,True,RawTherapee,RawTherapee/RawTherapee,git@github.com:RawTherapee/RawTherapee.git,3931
MDEwOlJlcG9zaXRvcnk0MDUwMDAzNw==,2015-08-10T18:53:54Z,2026-03-27T21:37:27Z,2026-03-27T21:37:21Z,5798,False,trn,LegalizeAdulthood/trn,git@github.com:LegalizeAdulthood/trn.git,4
MDEwOlJlcG9zaXRvcnk0MDQ3MzIwMQ==,2015-08-10T09:03:14Z,2026-05-07T10:50:10Z,2026-05-07T07:10:43Z,370823,True,IfcOpenShell,IfcOpenShell/IfcOpenShell,git@github.com:IfcOpenShell/IfcOpenShell.git,2491
MDEwOlJlcG9zaXRvcnk0MDQ3MjU3Mg==,2015-08-10T08:50:40Z,2026-05-04T06:09:28Z,2026-05-04T06:09:23Z,30971,False,humlib,craigsapp/humlib,git@github.com:craigsapp/humlib.git,33
MDEwOlJlcG9zaXRvcnk0MDQ1OTAzMQ==,2015-08-10T02:23:27Z,2026-03-26T06:30:26Z,2026-03-26T06:30:07Z,256543,False,NPLRuntime,LiXizhi/NPLRuntime,git@github.com:LiXizhi/NPLRuntime.git,272
MDEwOlJlcG9zaXRvcnk0MDQwNDM3Mw==,2015-08-08T13:53:43Z,2026-05-02T15:01:02Z,2026-05-02T15:11:03Z,139240,False,hyperrogue,zenorogue/hyperrogue,git@github.com:zenorogue/hyperrogue.git,677
MDEwOlJlcG9zaXRvcnk0MDM2ODcyNw==,2015-08-07T16:00:12Z,2026-05-06T16:58:03Z,2026-03-26T20:14:27Z,324,False,json.h,sheredom/json.h,git@github.com:sheredom/json.h.git,822
MDEwOlJlcG9zaXRvcnk0MDI3NzEzMw==,2015-08-06T01:17:42Z,2026-05-06T04:03:23Z,2026-05-05T18:22:01Z,2665,True,shaderc,google/shaderc,git@github.com:google/shaderc.git,2138
MDEwOlJlcG9zaXRvcnk0MDI3NjAzOA==,2015-08-06T00:44:36Z,2026-05-07T04:21:33Z,2026-05-06T01:52:06Z,3546,True,NanoBoyAdvance,nba-emu/NanoBoyAdvance,git@github.com:nba-emu/NanoBoyAdvance.git,1264
MDEwOlJlcG9zaXRvcnk0MDI0NTE4OQ==,2015-08-05T12:56:56Z,2026-03-30T16:25:50Z,2026-05-04T16:26:36Z,9793,False,magnum-extras,mosra/magnum-extras,git@github.com:mosra/magnum-extras.git,29
MDEwOlJlcG9zaXRvcnk0MDIwMTk1Mw==,2015-08-04T18:26:03Z,2026-05-07T10:35:27Z,2026-04-25T06:27:30Z,18413,True,fcitx5,fcitx/fcitx5,git@github.com:fcitx/fcitx5.git,2325
MDEwOlJlcG9zaXRvcnk0MDE0NjMwNQ==,2015-08-03T20:27:14Z,2026-04-23T11:51:16Z,2026-04-02T23:32:15Z,817,True,nsfw,Axosoft/nsfw,git@github.com:Axosoft/nsfw.git,923
MDEwOlJlcG9zaXRvcnk0MDA0NTIwMw==,2015-08-01T11:58:35Z,2026-05-02T14:16:27Z,2026-03-16T21:22:00Z,6134,False,cpp-sort,Morwenn/cpp-sort,git@github.com:Morwenn/cpp-sort.git,703
MDEwOlJlcG9zaXRvcnk0MDAyODI1Mg==,2015-07-31T23:05:54Z,2026-05-03T10:18:58Z,2026-04-16T21:26:50Z,67786,True,gpsbabel,GPSBabel/gpsbabel,git@github.com:GPSBabel/gpsbabel.git,539
MDEwOlJlcG9zaXRvcnk0MDAyNjg2OA==,2015-07-31T22:12:29Z,2026-05-01T23:38:59Z,2026-05-01T23:43:05Z,7263,True,OSCRouter,ETCLabs/OSCRouter,git@github.com:ETCLabs/OSCRouter.git,185
MDEwOlJlcG9zaXRvcnkzOTk4ODgyNg==,2015-07-31T05:46:22Z,2026-05-07T03:49:15Z,2026-04-06T07:13:01Z,76033,True,mapper,OpenOrienteering/mapper,git@github.com:OpenOrienteering/mapper.git,475
MDEwOlJlcG9zaXRvcnkzOTk0OTIxMw==,2015-07-30T12:24:40Z,2026-04-15T03:39:38Z,2026-04-10T13:28:39Z,2582,True,BabelStream,UoB-HPC/BabelStream,git@github.com:UoB-HPC/BabelStream.git,362
MDEwOlJlcG9zaXRvcnkzOTk0NjgwMw==,2015-07-30T11:19:30Z,2026-04-22T19:14:45Z,2026-04-22T19:14:41Z,11559,True,chrono-projects,projectchrono/chrono-projects,git@github.com:projectchrono/chrono-projects.git,11
MDEwOlJlcG9zaXRvcnkzOTkwODE5Ng==,2015-07-29T17:59:46Z,2026-05-06T21:06:48Z,2026-05-06T21:06:44Z,705460,False,OpenTTD-patches,JGRennison/OpenTTD-patches,git@github.com:JGRennison/OpenTTD-patches.git,755
MDEwOlJlcG9zaXRvcnkzOTg2MjQwNg==,2015-07-28T23:18:51Z,2026-05-04T02:39:08Z,2026-03-04T17:32:45Z,167,False,clip,dacap/clip,git@github.com:dacap/clip.git,701
MDEwOlJlcG9zaXRvcnkzOTg0MDkzMg==,2015-07-28T15:07:53Z,2026-05-07T11:34:24Z,2026-03-31T14:22:45Z,14135,True,googletest,google/googletest,git@github.com:google/googletest.git,38572
MDEwOlJlcG9zaXRvcnkzOTgwOTcyMA==,2015-07-28T02:51:32Z,2026-05-05T07:07:03Z,2026-03-31T22:08:39Z,16350,True,virtualgl,VirtualGL/virtualgl,git@github.com:VirtualGL/virtualgl.git,804
MDEwOlJlcG9zaXRvcnkzOTcwODY3NA==,2015-07-26T00:52:19Z,2026-05-05T22:25:17Z,2026-03-23T09:07:58Z,87482,True,KVIrc,kvirc/KVIrc,git@github.com:kvirc/KVIrc.git,291
MDEwOlJlcG9zaXRvcnkzOTY4NzQzMg==,2015-07-25T13:55:41Z,2026-05-02T09:28:03Z,2026-05-02T09:28:00Z,2350,False,fontbm,vladimirgamalyan/fontbm,git@github.com:vladimirgamalyan/fontbm.git,290
MDEwOlJlcG9zaXRvcnkzOTYyMDA5NA==,2015-07-24T08:16:44Z,2026-04-15T09:04:28Z,2026-05-04T20:38:11Z,4285,True,flesnet,cbm-fles/flesnet,git@github.com:cbm-fles/flesnet.git,8
MDEwOlJlcG9zaXRvcnkzOTU5NDYzMA==,2015-07-23T21:41:38Z,2026-04-22T09:52:11Z,2026-03-31T16:11:38Z,45424,True,tora,tora-tool/tora,git@github.com:tora-tool/tora.git,294
MDEwOlJlcG9zaXRvcnkzOTU3NTU5NA==,2015-07-23T15:32:45Z,2026-04-05T17:43:39Z,2026-04-05T17:43:35Z,13901,False,nunn,eantcal/nunn,git@github.com:eantcal/nunn.git,11
MDEwOlJlcG9zaXRvcnkzOTU2OTczNg==,2015-07-23T13:43:34Z,2026-03-17T06:50:01Z,2026-03-17T06:49:57Z,94,False,fmjpeg2koj,DraconPern/fmjpeg2koj,git@github.com:DraconPern/fmjpeg2koj.git,52
MDEwOlJlcG9zaXRvcnkzOTU2MTEzOQ==,2015-07-23T10:29:29Z,2026-05-04T15:08:52Z,2026-05-04T15:08:46Z,42818,False,nubasic,eantcal/nubasic,git@github.com:eantcal/nubasic.git,44
MDEwOlJlcG9zaXRvcnkzOTQ3MjMwOQ==,2015-07-21T22:08:31Z,2026-04-19T04:51:03Z,2026-04-22T18:52:26Z,504819,True,OpenPV,PetaVision/OpenPV,git@github.com:PetaVision/OpenPV.git,44
MDEwOlJlcG9zaXRvcnkzOTQzNjc5Mw==,2015-07-21T09:32:10Z,2026-05-02T17:56:37Z,2026-05-02T17:56:33Z,1041,True,module-sybase,qoretechnologies/module-sybase,git@github.com:qoretechnologies/module-sybase.git,0
MDEwOlJlcG9zaXRvcnkzOTQzNjc4NQ==,2015-07-21T09:31:57Z,2026-05-02T17:56:34Z,2026-05-02T17:56:31Z,926,True,module-ssh2,qoretechnologies/module-ssh2,git@github.com:qoretechnologies/module-ssh2.git,2
MDEwOlJlcG9zaXRvcnkzOTQzNjc3OQ==,2015-07-21T09:31:45Z,2026-05-02T17:56:31Z,2026-05-02T17:56:27Z,307,True,module-sqlite3,qoretechnologies/module-sqlite3,git@github.com:qoretechnologies/module-sqlite3.git,1
MDEwOlJlcG9zaXRvcnkzOTQzNjcyNw==,2015-07-21T09:30:57Z,2026-05-06T13:44:04Z,2026-05-06T13:43:59Z,1807,True,module-oracle,qoretechnologies/module-oracle,git@github.com:qoretechnologies/module-oracle.git,0
MDEwOlJlcG9zaXRvcnkzOTQzNjcxNA==,2015-07-21T09:30:46Z,2026-05-02T17:56:18Z,2026-05-02T17:56:14Z,299,True,module-openldap,qoretechnologies/module-openldap,git@github.com:qoretechnologies/module-openldap.git,0
MDEwOlJlcG9zaXRvcnkzOTQzNjY4Mg==,2015-07-21T09:30:08Z,2026-05-02T17:56:10Z,2026-05-02T17:56:07Z,505,True,module-mysql,qoretechnologies/module-mysql,git@github.com:qoretechnologies/module-mysql.git,1
MDEwOlJlcG9zaXRvcnkzOTQzNjY3MQ==,2015-07-21T09:29:53Z,2026-05-02T18:44:49Z,2026-05-02T18:44:45Z,152,True,module-magic,qoretechnologies/module-magic,git@github.com:qoretechnologies/module-magic.git,0
MDEwOlJlcG9zaXRvcnkzOTQzNjQyNQ==,2015-07-21T09:25:23Z,2026-03-04T06:05:19Z,2026-03-04T06:05:16Z,382,True,module-fsevent,qoretechnologies/module-fsevent,git@github.com:qoretechnologies/module-fsevent.git,0
MDEwOlJlcG9zaXRvcnkzOTM0OTMyMA==,2015-07-19T21:18:04Z,2026-05-01T10:53:32Z,2026-04-15T10:03:43Z,20809,False,QuickQanava,cneben/QuickQanava,git@github.com:cneben/QuickQanava.git,1352
MDEwOlJlcG9zaXRvcnkzOTI4MzgzNw==,2015-07-18T02:34:13Z,2026-05-07T02:09:00Z,2026-04-16T20:28:41Z,3387,False,date,HowardHinnant/date,git@github.com:HowardHinnant/date.git,3402
MDEwOlJlcG9zaXRvcnkzOTI2MjQ0Mg==,2015-07-17T15:56:48Z,2026-04-15T08:46:35Z,2026-04-10T13:35:38Z,574237,True,OTB,orfeotoolbox/OTB,git@github.com:orfeotoolbox/OTB.git,384
MDEwOlJlcG9zaXRvcnkzOTI1NDc4MQ==,2015-07-17T13:12:33Z,2026-04-15T03:11:16Z,2026-03-20T04:28:49Z,18585,True,psopt,PSOPT/psopt,git@github.com:PSOPT/psopt.git,233
MDEwOlJlcG9zaXRvcnkzOTIyNTc4OA==,2015-07-16T23:46:52Z,2026-05-07T02:52:15Z,2026-05-07T02:52:12Z,421014,False,CLK,TomHarte/CLK,git@github.com:TomHarte/CLK.git,1111
MDEwOlJlcG9zaXRvcnkzOTIyMDc5MQ==,2015-07-16T21:13:43Z,2026-04-29T14:25:01Z,2026-04-28T16:38:39Z,295356,True,six-library,ngageoint/six-library,git@github.com:ngageoint/six-library.git,78
MDEwOlJlcG9zaXRvcnkzOTE5Mzk5Ng==,2015-07-16T11:49:16Z,2026-04-21T21:31:39Z,2026-04-21T21:31:34Z,1245,True,hdds,JeffersonLab/hdds,git@github.com:JeffersonLab/hdds.git,4
MDEwOlJlcG9zaXRvcnkzOTE3OTc1OA==,2015-07-16T06:15:12Z,2026-04-25T06:09:26Z,2026-04-25T06:09:22Z,21611,False,opendatacon,neilstephens/opendatacon,git@github.com:neilstephens/opendatacon.git,9
MDEwOlJlcG9zaXRvcnkzOTE1MTcxNA==,2015-07-15T17:46:48Z,2026-05-07T06:00:53Z,2026-04-28T22:39:37Z,43129,False,Candle,Denvi/Candle,git@github.com:Denvi/Candle.git,1622
MDEwOlJlcG9zaXRvcnkzOTA2MzE1Ng==,2015-07-14T08:26:47Z,2026-04-15T04:51:44Z,2026-04-15T04:51:39Z,12,False,xxhashct,ekpyron/xxhashct,git@github.com:ekpyron/xxhashct.git,53
MDEwOlJlcG9zaXRvcnkzODk2MzU1MA==,2015-07-12T13:50:36Z,2026-05-06T13:36:52Z,2026-05-04T10:52:38Z,1850,True,CADET-Semi-Analytic,cadet/CADET-Semi-Analytic,git@github.com:cadet/CADET-Semi-Analytic.git,18
MDEwOlJlcG9zaXRvcnkzODc0Nzc2OQ==,2015-07-08T10:32:01Z,2026-04-26T13:25:13Z,2026-04-26T13:25:10Z,31050,False,exodusdb,exodusdb/exodusdb,git@github.com:exodusdb/exodusdb.git,6
MDEwOlJlcG9zaXRvcnkzODY4NTg0OQ==,2015-07-07T12:22:13Z,2026-05-01T01:21:11Z,2026-05-01T01:23:09Z,18845,True,casarest,casacore/casarest,git@github.com:casacore/casarest.git,4
MDEwOlJlcG9zaXRvcnkzODY0OTg0NQ==,2015-07-06T22:28:18Z,2026-05-01T15:36:16Z,2026-05-01T15:44:36Z,560,False,hpc-workspace,holgerBerger/hpc-workspace,git@github.com:holgerBerger/hpc-workspace.git,37
MDEwOlJlcG9zaXRvcnkzODY0NTQ0OA==,2015-07-06T20:53:38Z,2026-04-19T20:48:56Z,2026-04-19T20:48:52Z,227,False,johnchess,johnmwilson82/johnchess,git@github.com:johnmwilson82/johnchess.git,0
MDEwOlJlcG9zaXRvcnkzODU4MTYyNg==,2015-07-05T19:46:48Z,2026-05-07T09:16:56Z,2026-05-04T21:27:42Z,13301,True,pybind11,pybind/pybind11,git@github.com:pybind/pybind11.git,17838
MDEwOlJlcG9zaXRvcnkzODQ1MTg2OA==,2015-07-02T19:11:21Z,2026-05-05T20:26:06Z,2026-05-01T05:09:01Z,1183,True,llvm-cbe,JuliaHubOSS/llvm-cbe,git@github.com:JuliaHubOSS/llvm-cbe.git,961
MDEwOlJlcG9zaXRvcnkzODM4MDU0Mw==,2015-07-01T15:59:54Z,2026-05-07T10:43:46Z,2026-05-07T10:43:43Z,523407,True,OpenSpace,OpenSpace/OpenSpace,git@github.com:OpenSpace/OpenSpace.git,1136
MDEwOlJlcG9zaXRvcnkzODM3Njc4OQ==,2015-07-01T14:49:05Z,2026-05-03T20:56:02Z,2026-05-03T20:55:57Z,45850,False,CppBenchmark,chronoxor/CppBenchmark,git@github.com:chronoxor/CppBenchmark.git,333
MDEwOlJlcG9zaXRvcnkzODMzODEzMg==,2015-06-30T23:20:50Z,2026-04-10T09:58:10Z,2026-03-23T17:42:43Z,125822,False,spectra-hash,berlinguyinca/spectra-hash,git@github.com:berlinguyinca/spectra-hash.git,26
MDEwOlJlcG9zaXRvcnkzODMxMjkwNQ==,2015-06-30T14:09:52Z,2026-04-13T15:29:04Z,2026-04-13T15:28:59Z,46768,True,pcraster,pcraster/pcraster,git@github.com:pcraster/pcraster.git,96
MDEwOlJlcG9zaXRvcnkzODMwOTAxNA==,2015-06-30T12:53:27Z,2026-05-06T10:54:55Z,2026-04-15T01:38:34Z,15206,False,tgbot-cpp,reo7sp/tgbot-cpp,git@github.com:reo7sp/tgbot-cpp.git,1174
MDEwOlJlcG9zaXRvcnkzODI5OTE3MQ==,2015-06-30T09:07:40Z,2026-05-06T22:35:03Z,2026-03-30T13:50:47Z,2730,True,qtandroidextensions,2gis/qtandroidextensions,git@github.com:2gis/qtandroidextensions.git,106
MDEwOlJlcG9zaXRvcnkzODI0ODg2Mg==,2015-06-29T13:23:07Z,2026-04-29T04:20:49Z,2026-04-29T04:20:45Z,1741,True,srcSlice,srcML/srcSlice,git@github.com:srcML/srcSlice.git,35
MDEwOlJlcG9zaXRvcnkzODIyMDYyOA==,2015-06-29T01:06:21Z,2026-05-04T16:44:43Z,2026-03-18T10:56:56Z,43416,False,tilemaker,systemed/tilemaker,git@github.com:systemed/tilemaker.git,1846
MDEwOlJlcG9zaXRvcnkzODEyNzUwMA==,2015-06-26T18:38:23Z,2026-04-30T04:32:18Z,2026-03-04T01:22:59Z,148978,True,ViZDoom,Farama-Foundation/ViZDoom,git@github.com:Farama-Foundation/ViZDoom.git,2016
MDEwOlJlcG9zaXRvcnkzODExODU4Mw==,2015-06-26T15:28:33Z,2026-05-02T22:52:02Z,2026-05-01T17:47:37Z,59673,True,yasio,simdsoft/yasio,git@github.com:simdsoft/yasio.git,1052
MDEwOlJlcG9zaXRvcnkzODExODM3MA==,2015-06-26T15:24:42Z,2026-05-06T19:35:49Z,2026-05-06T20:51:58Z,371994,True,vtr-verilog-to-routing,verilog-to-routing/vtr-verilog-to-routing,git@github.com:verilog-to-routing/vtr-verilog-to-routing.git,1226
MDEwOlJlcG9zaXRvcnkzODEwNjQxMQ==,2015-06-26T10:57:27Z,2026-04-30T16:18:57Z,2026-04-30T16:18:49Z,64471,False,newsflash-plus,ensisoft/newsflash-plus,git@github.com:ensisoft/newsflash-plus.git,10
MDEwOlJlcG9zaXRvcnkzODA2NDkzMg==,2015-06-25T17:54:39Z,2026-05-06T17:47:07Z,2026-05-06T21:44:30Z,79346,True,glslang,KhronosGroup/glslang,git@github.com:KhronosGroup/glslang.git,3505
MDEwOlJlcG9zaXRvcnkzODA1NDU4Nw==,2015-06-25T14:33:42Z,2026-04-14T15:26:12Z,2026-05-07T10:11:20Z,377165,True,3drepobouncer,3drepo/3drepobouncer,git@github.com:3drepo/3drepobouncer.git,30
MDEwOlJlcG9zaXRvcnkzODAyNTgwNw==,2015-06-25T03:31:41Z,2026-04-21T06:24:44Z,2026-04-07T05:00:44Z,1331806,True,phd2,OpenPHDGuiding/phd2,git@github.com:OpenPHDGuiding/phd2.git,289
MDEwOlJlcG9zaXRvcnkzNzg4ODU2NA==,2015-06-23T00:45:59Z,2026-04-30T16:17:13Z,2026-04-30T16:07:23Z,10301,True,Ember,EmberEmu/Ember,git@github.com:EmberEmu/Ember.git,69
MDEwOlJlcG9zaXRvcnkzNzgwNjMxNw==,2015-06-21T11:21:27Z,2026-04-24T23:37:02Z,2026-04-24T23:37:23Z,971,True,mp11,boostorg/mp11,git@github.com:boostorg/mp11.git,283
MDEwOlJlcG9zaXRvcnkzNzc4Mjc0NA==,2015-06-20T19:23:29Z,2026-05-07T07:04:14Z,2026-04-22T14:14:47Z,7416,True,qvm,boostorg/qvm,git@github.com:boostorg/qvm.git,89
MDEwOlJlcG9zaXRvcnkzNzczNTc1NQ==,2015-06-19T17:21:08Z,2026-05-07T04:08:26Z,2026-05-06T22:36:23Z,61643,True,LibrePCB,LibrePCB/LibrePCB,git@github.com:LibrePCB/LibrePCB.git,2893
MDEwOlJlcG9zaXRvcnkzNzcyOTU5Ng==,2015-06-19T15:24:01Z,2026-05-06T09:57:16Z,2026-04-27T09:53:33Z,8743,True,ADS,Beckhoff/ADS,git@github.com:Beckhoff/ADS.git,623
MDEwOlJlcG9zaXRvcnkzNzcyODUzOQ==,2015-06-19T15:07:39Z,2026-05-04T11:20:43Z,2026-04-06T16:38:05Z,4322,True,restbed,Corvusoft/restbed,git@github.com:Corvusoft/restbed.git,1998
MDEwOlJlcG9zaXRvcnkzNzYwMjI0OQ==,2015-06-17T15:07:16Z,2026-05-05T14:34:01Z,2026-04-29T13:16:29Z,6385,True,CoDiPack,SciCompKL/CoDiPack,git@github.com:SciCompKL/CoDiPack.git,112
MDEwOlJlcG9zaXRvcnkzNzU0NjgzNA==,2015-06-16T17:58:30Z,2026-04-28T16:21:07Z,2026-04-28T16:21:02Z,2903,False,qmidiarp,emuse/qmidiarp,git@github.com:emuse/qmidiarp.git,26
MDEwOlJlcG9zaXRvcnkzNzUzNjMyMA==,2015-06-16T14:45:56Z,2026-05-07T09:16:07Z,2026-05-07T10:44:41Z,255003,True,Indigo,epam/Indigo,git@github.com:epam/Indigo.git,389
MDEwOlJlcG9zaXRvcnkzNzUwMDUwMQ==,2015-06-16T01:21:05Z,2026-05-06T18:50:04Z,2026-05-06T18:50:00Z,886,True,common_interfaces,ros2/common_interfaces,git@github.com:ros2/common_interfaces.git,355
MDEwOlJlcG9zaXRvcnkzNzQ0MDMzOA==,2015-06-15T03:00:29Z,2026-05-06T19:30:39Z,2026-04-24T17:27:45Z,5612,True,include-what-you-use,include-what-you-use/include-what-you-use,git@github.com:include-what-you-use/include-what-you-use.git,4675
MDEwOlJlcG9zaXRvcnkzNzM1OTcyOA==,2015-06-13T05:48:13Z,2026-04-27T01:32:52Z,2026-04-17T15:54:25Z,7388,True,glvis,GLVis/glvis,git@github.com:GLVis/glvis.git,316
MDEwOlJlcG9zaXRvcnkzNzMzNjIxOA==,2015-06-12T17:51:42Z,2026-05-07T08:52:30Z,2026-05-06T16:21:14Z,51042,True,pharos,cmu-sei/pharos,git@github.com:cmu-sei/pharos.git,1690
MDEwOlJlcG9zaXRvcnkzNzI4NzY4OA==,2015-06-11T21:42:21Z,2026-05-07T07:32:26Z,2026-05-07T02:13:41Z,263741,True,mfem,mfem/mfem,git@github.com:mfem/mfem.git,2164
MDEwOlJlcG9zaXRvcnkzNzI3NzM0NQ==,2015-06-11T18:05:26Z,2026-03-23T18:20:32Z,2026-03-23T18:20:27Z,6957,True,KaDraw,karlsruhedraw/KaDraw,git@github.com:karlsruhedraw/KaDraw.git,11
MDEwOlJlcG9zaXRvcnkzNzIyODU2Mw==,2015-06-10T23:43:02Z,2026-05-06T18:27:46Z,2026-05-06T18:27:31Z,72259,True,visualboyadvance-m,visualboyadvance-m/visualboyadvance-m,git@github.com:visualboyadvance-m/visualboyadvance-m.git,3836
MDEwOlJlcG9zaXRvcnkzNzEyNjg4Ng==,2015-06-09T10:58:12Z,2026-03-03T15:24:58Z,2026-03-03T15:22:09Z,2951,True,icub-basic-demos,robotology/icub-basic-demos,git@github.com:robotology/icub-basic-demos.git,11
MDEwOlJlcG9zaXRvcnkzNzA3Njk3Nw==,2015-06-08T15:55:22Z,2026-03-23T13:10:49Z,2026-03-23T13:10:43Z,412,True,irods_rule_engine_plugin_python,irods/irods_rule_engine_plugin_python,git@github.com:irods/irods_rule_engine_plugin_python.git,10
MDEwOlJlcG9zaXRvcnkzNzA2Njk0OA==,2015-06-08T12:58:39Z,2026-04-15T09:29:41Z,2026-04-15T09:29:38Z,4761,False,QUIT,spinicist/QUIT,git@github.com:spinicist/QUIT.git,63
MDEwOlJlcG9zaXRvcnkzNzAxMTA2NQ==,2015-06-07T09:30:45Z,2026-04-16T23:53:58Z,2026-04-16T21:04:59Z,1474,False,robocut,Timmmm/robocut,git@github.com:Timmmm/robocut.git,97
MDEwOlJlcG9zaXRvcnkzNjk2MjYzNQ==,2015-06-06T01:11:32Z,2026-04-13T15:57:42Z,2026-04-13T15:57:36Z,92,False,vcdextract,cyberwarriorx/vcdextract,git@github.com:cyberwarriorx/vcdextract.git,18
MDEwOlJlcG9zaXRvcnkzNjkwNTk3NQ==,2015-06-05T01:52:24Z,2026-05-07T02:55:16Z,2026-05-06T09:18:35Z,20809,False,SVF,SVF-tools/SVF,git@github.com:SVF-tools/SVF.git,1675
MDEwOlJlcG9zaXRvcnkzNjg2NTUxOQ==,2015-06-04T11:08:40Z,2024-12-09T17:08:29Z,2026-03-23T23:48:16Z,48585,True,os-harfbuzz,pexip/os-harfbuzz,git@github.com:pexip/os-harfbuzz.git,0
MDEwOlJlcG9zaXRvcnkzNjg0NzI0MQ==,2015-06-04T04:09:34Z,2026-04-26T18:21:08Z,2026-04-26T18:21:03Z,505,True,CMlyst,cutelyst/CMlyst,git@github.com:cutelyst/CMlyst.git,25
MDEwOlJlcG9zaXRvcnkzNjg0NzA5OQ==,2015-06-04T04:05:28Z,2026-05-02T13:03:36Z,2026-04-27T19:49:46Z,6378,True,cutelyst,cutelyst/cutelyst,git@github.com:cutelyst/cutelyst.git,972
MDEwOlJlcG9zaXRvcnkzNjgyNDA4Mg==,2015-06-03T18:59:53Z,2026-05-05T15:58:18Z,2026-03-12T14:57:09Z,10407,True,ssl-vision,RoboCup-SSL/ssl-vision,git@github.com:RoboCup-SSL/ssl-vision.git,112
MDEwOlJlcG9zaXRvcnkzNjc4MTc2OQ==,2015-06-03T05:22:03Z,2026-05-07T06:50:04Z,2026-05-07T11:17:33Z,111785,False,libtorrent,arvidn/libtorrent,git@github.com:arvidn/libtorrent.git,5917
MDEwOlJlcG9zaXRvcnkzNjc1NjI2OA==,2015-06-02T19:22:45Z,2026-04-30T06:52:58Z,2026-03-29T04:52:30Z,3085,False,SOAX,tix209/SOAX,git@github.com:tix209/SOAX.git,17
MDEwOlJlcG9zaXRvcnkzNjczMjg1NQ==,2015-06-02T12:52:29Z,2026-05-05T08:24:40Z,2026-05-05T08:24:37Z,5105,True,qtserialbus,qt/qtserialbus,git@github.com:qt/qtserialbus.git,84
MDEwOlJlcG9zaXRvcnkzNjY2ODU2Ng==,2015-06-01T15:07:04Z,2026-04-22T01:55:09Z,2026-04-16T14:12:55Z,40704,False,artery,riebl/artery,git@github.com:riebl/artery.git,232
MDEwOlJlcG9zaXRvcnkzNjY1NDg5OQ==,2015-06-01T10:53:34Z,2026-04-17T11:02:57Z,2026-04-17T11:02:53Z,1074,True,envire-envire_core,envire/envire-envire_core,git@github.com:envire/envire-envire_core.git,7
MDEwOlJlcG9zaXRvcnkzNjY0OTgyNw==,2015-06-01T09:07:48Z,2026-04-26T19:03:18Z,2026-04-06T18:45:27Z,3413,False,twinkle,LubosD/twinkle,git@github.com:LubosD/twinkle.git,198
MDEwOlJlcG9zaXRvcnkzNjU1MDczOQ==,2015-05-30T08:50:51Z,2026-04-29T18:05:32Z,2026-04-13T18:52:03Z,7569,False,CLBlast,CNugteren/CLBlast,git@github.com:CNugteren/CLBlast.git,1174
MDEwOlJlcG9zaXRvcnkzNjU0MzQ1MQ==,2015-05-30T04:40:53Z,2026-04-26T20:52:37Z,2026-04-27T07:12:30Z,7584,True,RealmsCode,RealmsMud/RealmsCode,git@github.com:RealmsMud/RealmsCode.git,6
MDEwOlJlcG9zaXRvcnkzNjM1ODI2Ng==,2015-05-27T09:54:35Z,2026-05-04T07:27:35Z,2026-05-04T07:36:14Z,12444,False,kraft,dragotin/kraft,git@github.com:dragotin/kraft.git,76
MDEwOlJlcG9zaXRvcnkzNjMyMjM3Ng==,2015-05-26T20:37:52Z,2026-04-14T03:26:48Z,2026-03-31T17:57:25Z,1914,True,amazon-kinesis-producer,awslabs/amazon-kinesis-producer,git@github.com:awslabs/amazon-kinesis-producer.git,414
MDEwOlJlcG9zaXRvcnkzNjIyODM2MQ==,2015-05-25T11:50:26Z,2026-05-07T08:25:43Z,2026-05-07T08:25:37Z,19907,True,flexisip,BelledonneCommunications/flexisip,git@github.com:BelledonneCommunications/flexisip.git,181
MDEwOlJlcG9zaXRvcnkzNjIxMDM3MQ==,2015-05-25T04:48:07Z,2026-04-30T06:59:38Z,2026-04-30T06:59:33Z,41219,False,pyA2L,christoph2/pyA2L,git@github.com:christoph2/pyA2L.git,164
MDEwOlJlcG9zaXRvcnkzNjA4OTU3Ng==,2015-05-22T18:49:06Z,2026-04-13T15:01:07Z,2026-04-22T19:01:05Z,4897,True,diy,diatomic/diy,git@github.com:diatomic/diy.git,50
MDEwOlJlcG9zaXRvcnkzNjA3NzQwNA==,2015-05-22T14:45:28Z,2026-05-05T20:21:57Z,2026-04-17T08:31:12Z,108463,True,deepdetect,jolibrain/deepdetect,git@github.com:jolibrain/deepdetect.git,2549
MDEwOlJlcG9zaXRvcnkzNjA3NTQ0NA==,2015-05-22T14:05:22Z,2026-05-07T00:37:02Z,2026-05-05T13:54:47Z,42393,True,precice,precice/precice,git@github.com:precice/precice.git,932
MDEwOlJlcG9zaXRvcnkzNjA1ODQ0Mg==,2015-05-22T07:28:24Z,2026-05-01T14:38:08Z,2026-05-01T14:38:03Z,541,True,lxqt-sudo,lxqt/lxqt-sudo,git@github.com:lxqt/lxqt-sudo.git,41
MDEwOlJlcG9zaXRvcnkzNjA1NzI2MQ==,2015-05-22T07:00:08Z,2026-05-06T08:18:27Z,2026-05-04T19:41:38Z,306566,True,PROJ,OSGeo/PROJ,git@github.com:OSGeo/PROJ.git,1975
MDEwOlJlcG9zaXRvcnkzNTk4OTc1Nw==,2015-05-21T03:53:22Z,2026-05-07T00:52:04Z,2026-04-19T11:26:44Z,1088,False,miniz,richgel999/miniz,git@github.com:richgel999/miniz.git,2752
MDEwOlJlcG9zaXRvcnkzNTg4Njg2Ng==,2015-05-19T14:20:43Z,2026-04-18T13:09:44Z,2026-04-21T08:46:06Z,127346,True,Lumino,LuminoEngine/Lumino,git@github.com:LuminoEngine/Lumino.git,218
MDEwOlJlcG9zaXRvcnkzNTg3OTMwMw==,2015-05-19T11:56:47Z,2026-04-22T15:22:51Z,2026-04-22T15:22:48Z,2144,False,paradice9,KazDragon/paradice9,git@github.com:KazDragon/paradice9.git,8
MDEwOlJlcG9zaXRvcnkzNTgyNTU5Mw==,2015-05-18T15:21:44Z,2026-05-07T04:14:38Z,2026-05-01T15:36:14Z,6813,False,openMVS,cdcseacave/openMVS,git@github.com:cdcseacave/openMVS.git,3969
MDEwOlJlcG9zaXRvcnkzNTc5OTIyMA==,2015-05-18T05:48:51Z,2026-04-30T04:01:39Z,2026-04-30T23:56:30Z,239726,True,plugin-GUI,open-ephys/plugin-GUI,git@github.com:open-ephys/plugin-GUI.git,233
MDEwOlJlcG9zaXRvcnkzNTY4MTM3Ng==,2015-05-15T15:25:09Z,2026-03-20T17:18:30Z,2026-03-20T17:18:27Z,34021,True,stlab,stlab/stlab,git@github.com:stlab/stlab.git,678
MDEwOlJlcG9zaXRvcnkzNTYwNDEyOA==,2015-05-14T09:57:52Z,2026-04-17T13:29:25Z,2026-05-07T09:48:47Z,301203,True,gismo,gismo/gismo,git@github.com:gismo/gismo.git,417
MDEwOlJlcG9zaXRvcnkzNTUyNjcwMA==,2015-05-13T03:42:34Z,2026-04-29T06:26:54Z,2026-04-29T06:26:50Z,85092,True,rDSN,microsoft/rDSN,git@github.com:microsoft/rDSN.git,969
MDEwOlJlcG9zaXRvcnkzNTQ5OTgyNg==,2015-05-12T16:32:27Z,2026-04-29T01:01:58Z,2026-03-16T20:45:30Z,11384,False,micro-profiler,tyoma/micro-profiler,git@github.com:tyoma/micro-profiler.git,261
MDEwOlJlcG9zaXRvcnkzNTQ0MDQwNA==,2015-05-11T17:57:32Z,2026-05-06T20:09:14Z,2026-05-06T20:09:04Z,1109022,True,aws-sdk-cpp,aws/aws-sdk-cpp,git@github.com:aws/aws-sdk-cpp.git,2196
MDEwOlJlcG9zaXRvcnkzNTM5MjUxMQ==,2015-05-10T23:43:12Z,2026-04-26T12:36:13Z,2026-04-26T12:36:09Z,15998,False,mx-menu-editor,AdrianTM/mx-menu-editor,git@github.com:AdrianTM/mx-menu-editor.git,5
MDEwOlJlcG9zaXRvcnkzNTMzMzczOA==,2015-05-09T15:29:34Z,2026-05-06T17:08:53Z,2026-05-06T17:08:48Z,805711,True,scribus,scribusproject/scribus,git@github.com:scribusproject/scribus.git,583
MDEwOlJlcG9zaXRvcnkzNTIzMTU3NQ==,2015-05-07T16:40:48Z,2026-05-06T07:45:13Z,2026-04-27T17:17:42Z,31438,False,SeqLib,walaj/SeqLib,git@github.com:walaj/SeqLib.git,139
MDEwOlJlcG9zaXRvcnkzNTIxMzM3MA==,2015-05-07T10:15:14Z,2026-05-07T08:31:31Z,2026-05-06T05:45:58Z,56597,False,TTKMusicPlayer,Greedysky/TTKMusicPlayer,git@github.com:Greedysky/TTKMusicPlayer.git,2429
MDEwOlJlcG9zaXRvcnkzNTIwNzUzNg==,2015-05-07T08:15:25Z,2026-04-25T18:54:15Z,2026-03-04T10:05:21Z,4407,True,Anima-Public,Inria-Empenn/Anima-Public,git@github.com:Inria-Empenn/Anima-Public.git,44
MDEwOlJlcG9zaXRvcnkzNTE3OTg5MQ==,2015-05-06T19:58:17Z,2026-05-04T17:25:38Z,2026-05-04T17:25:33Z,46759,True,ReGameDLL_CS,rehlds/ReGameDLL_CS,git@github.com:rehlds/ReGameDLL_CS.git,740
MDEwOlJlcG9zaXRvcnkzNTEyOTgwOQ==,2015-05-05T23:53:02Z,2026-05-07T09:08:41Z,2026-05-03T15:16:36Z,143581,True,transmission,transmission/transmission,git@github.com:transmission/transmission.git,14663
MDEwOlJlcG9zaXRvcnkzNTA2NzY2OA==,2015-05-05T00:18:39Z,2026-04-24T09:12:24Z,2026-03-18T07:29:30Z,8414,False,mcl,herumi/mcl,git@github.com:herumi/mcl.git,522
MDEwOlJlcG9zaXRvcnkzNTA1MTU0OA==,2015-05-04T18:21:48Z,2026-05-06T05:51:33Z,2026-05-05T02:30:22Z,4793,True,ReHLDS,rehlds/ReHLDS,git@github.com:rehlds/ReHLDS.git,820
MDEwOlJlcG9zaXRvcnkzNDk5NTU5OA==,2015-05-03T18:09:38Z,2026-05-03T02:57:53Z,2026-05-05T14:54:04Z,279958,True,sneezymud,sneezymud/sneezymud,git@github.com:sneezymud/sneezymud.git,23
MDEwOlJlcG9zaXRvcnkzNDk4MjYzMw==,2015-05-03T10:50:13Z,2026-05-06T05:07:39Z,2026-05-06T06:38:14Z,114780,True,libpninexus,pni-libraries/libpninexus,git@github.com:pni-libraries/libpninexus.git,0
MDEwOlJlcG9zaXRvcnkzNDk2NDM3OA==,2015-05-02T21:44:27Z,2026-05-06T21:30:28Z,2026-05-06T23:15:18Z,283401,True,server,mangosone/server,git@github.com:mangosone/server.git,193
MDEwOlJlcG9zaXRvcnkzNDkxNjYxNA==,2015-05-01T18:15:07Z,2026-03-21T23:52:29Z,2026-03-31T02:25:19Z,9476,True,jims-alien-adventure,AdsGames/jims-alien-adventure,git@github.com:AdsGames/jims-alien-adventure.git,0
MDEwOlJlcG9zaXRvcnkzNDg2ODI1MA==,2015-04-30T17:50:13Z,2026-05-06T13:52:41Z,2026-03-27T09:41:32Z,107,False,zstr,mateidavid/zstr,git@github.com:mateidavid/zstr.git,340
MDEwOlJlcG9zaXRvcnkzNDgxMzI3NQ==,2015-04-29T19:14:54Z,2026-05-02T21:53:10Z,2026-04-30T14:25:33Z,50149,False,DustRacing2D,juzzlin/DustRacing2D,git@github.com:juzzlin/DustRacing2D.git,323
MDEwOlJlcG9zaXRvcnkzNDgxMzAwMw==,2015-04-29T19:09:28Z,2026-04-22T17:59:58Z,2026-04-15T21:07:04Z,1229,True,pvr.stalker,kodi-pvr/pvr.stalker,git@github.com:kodi-pvr/pvr.stalker.git,47
MDEwOlJlcG9zaXRvcnkzNDc5OTg4Mg==,2015-04-29T14:51:23Z,2026-05-07T09:57:20Z,2026-05-07T09:57:18Z,51103,True,astc-encoder,ARM-software/astc-encoder,git@github.com:ARM-software/astc-encoder.git,1261
MDEwOlJlcG9zaXRvcnkzNDc1MzM1Ng==,2015-04-28T20:11:07Z,2026-05-03T09:44:26Z,2026-03-04T23:09:04Z,6387,False,landstalker_editor,lordmir/landstalker_editor,git@github.com:lordmir/landstalker_editor.git,57
MDEwOlJlcG9zaXRvcnkzNDY2MjA3Mg==,2015-04-27T11:13:10Z,2026-04-29T10:59:57Z,2026-04-29T10:59:47Z,9121,True,OMOptim,OpenModelica/OMOptim,git@github.com:OpenModelica/OMOptim.git,22
MDEwOlJlcG9zaXRvcnkzNDYyNzU4OQ==,2015-04-26T19:29:30Z,2026-04-19T01:56:51Z,2026-03-02T13:15:35Z,926,True,ps-lite,dmlc/ps-lite,git@github.com:dmlc/ps-lite.git,1561
MDEwOlJlcG9zaXRvcnkzNDYxOTU0MQ==,2015-04-26T16:12:45Z,2026-04-22T15:09:08Z,2026-03-12T18:42:09Z,4301,True,beebasm,stardot/beebasm,git@github.com:stardot/beebasm.git,107
MDEwOlJlcG9zaXRvcnkzNDUzNDY4OQ==,2015-04-24T18:24:27Z,2026-04-23T02:23:03Z,2026-04-23T02:22:57Z,3535,True,ITKContourInterpolation,KitwareMedical/ITKContourInterpolation,git@github.com:KitwareMedical/ITKContourInterpolation.git,34
MDEwOlJlcG9zaXRvcnkzNDQzMDgzNw==,2015-04-23T03:12:33Z,2026-04-27T22:25:59Z,2026-04-27T22:25:54Z,14192,False,iacfleet_pi,nohal/iacfleet_pi,git@github.com:nohal/iacfleet_pi.git,1
MDEwOlJlcG9zaXRvcnkzNDQwNDc0Nw==,2015-04-22T17:19:53Z,2026-05-01T07:21:03Z,2026-03-08T10:50:09Z,2689,False,tageditor,Martchus/tageditor,git@github.com:Martchus/tageditor.git,845
MDEwOlJlcG9zaXRvcnkzNDQwNDQ4MA==,2015-04-22T17:14:52Z,2026-05-03T11:20:27Z,2026-05-03T11:20:23Z,1535,False,passwordmanager,Martchus/passwordmanager,git@github.com:Martchus/passwordmanager.git,16
MDEwOlJlcG9zaXRvcnkzNDQwNDI1NQ==,2015-04-22T17:11:19Z,2026-04-17T20:51:40Z,2026-04-17T20:51:36Z,2509,False,tagparser,Martchus/tagparser,git@github.com:Martchus/tagparser.git,138
MDEwOlJlcG9zaXRvcnkzNDQwMzM0MQ==,2015-04-22T16:54:45Z,2026-04-11T19:00:17Z,2026-04-11T19:00:12Z,900,False,qtutilities,Martchus/qtutilities,git@github.com:Martchus/qtutilities.git,40
MDEwOlJlcG9zaXRvcnkzNDQwMTQ0Mw==,2015-04-22T16:20:07Z,2026-05-03T16:41:38Z,2026-05-03T16:41:34Z,2329,False,cpp-utilities,Martchus/cpp-utilities,git@github.com:Martchus/cpp-utilities.git,62
MDEwOlJlcG9zaXRvcnkzNDI4OTI2NQ==,2015-04-20T22:08:37Z,2026-05-05T19:13:50Z,2026-03-27T22:08:42Z,541441,True,openvr,ValveSoftware/openvr,git@github.com:ValveSoftware/openvr.git,6582
MDEwOlJlcG9zaXRvcnkzNDIxNDM4Mw==,2015-04-19T16:28:45Z,2026-03-31T22:10:46Z,2026-03-23T23:37:11Z,29116,True,crack,crack-lang/crack,git@github.com:crack-lang/crack.git,95
MDEwOlJlcG9zaXRvcnkzNDE5NjA4MQ==,2015-04-19T06:29:23Z,2026-05-07T00:52:50Z,2026-04-29T21:16:06Z,52262,True,metaforce,AxioDL/metaforce,git@github.com:AxioDL/metaforce.git,670
MDEwOlJlcG9zaXRvcnkzNDA5NTM5Ng==,2015-04-17T03:54:49Z,2026-04-29T03:52:43Z,2026-04-29T03:52:40Z,5807,False,uclang,izuzanak/uclang,git@github.com:izuzanak/uclang.git,24
MDEwOlJlcG9zaXRvcnkzNDA5NDI3MQ==,2015-04-17T03:23:18Z,2026-05-02T17:25:14Z,2026-05-04T18:35:24Z,104011,False,GOMC,GOMC-WSU/GOMC,git@github.com:GOMC-WSU/GOMC.git,87
MDEwOlJlcG9zaXRvcnkzNDA4NTE2MA==,2015-04-16T23:03:37Z,2026-05-06T21:16:49Z,2026-05-06T21:16:45Z,8519,False,directxtextest,walbourn/directxtextest,git@github.com:walbourn/directxtextest.git,10
MDEwOlJlcG9zaXRvcnkzNDA2NDcwNQ==,2015-04-16T15:40:59Z,2026-04-19T05:39:03Z,2026-04-19T05:39:00Z,1517,False,cont,izuzanak/cont,git@github.com:izuzanak/cont.git,1
MDEwOlJlcG9zaXRvcnkzNDA0NTgyOQ==,2015-04-16T09:11:39Z,2026-04-16T19:41:14Z,2026-03-25T15:32:34Z,30610,False,skribisto,jacquetc/skribisto,git@github.com:jacquetc/skribisto.git,153
MDEwOlJlcG9zaXRvcnkzNDAzMzc0MA==,2015-04-16T04:10:34Z,2026-05-07T00:39:09Z,2026-05-07T00:39:05Z,31166,True,libcellml,cellml/libcellml,git@github.com:cellml/libcellml.git,18
MDEwOlJlcG9zaXRvcnkzMzk4OTc0Nw==,2015-04-15T11:24:17Z,2026-05-02T16:55:57Z,2026-05-02T01:52:07Z,17509,True,beagle-lib,beagle-dev/beagle-lib,git@github.com:beagle-dev/beagle-lib.git,145
MDEwOlJlcG9zaXRvcnkzMzkzMzg5Mg==,2015-04-14T13:39:12Z,2026-05-05T12:29:19Z,2026-05-07T09:25:19Z,216513,True,nest-simulator,nest/nest-simulator,git@github.com:nest/nest-simulator.git,644
MDEwOlJlcG9zaXRvcnkzMzkwOTc5MA==,2015-04-14T03:58:42Z,2026-05-03T15:27:56Z,2026-05-07T05:28:36Z,825365,True,Vega-Strike-Engine-Source,vegastrike/Vega-Strike-Engine-Source,git@github.com:vegastrike/Vega-Strike-Engine-Source.git,354
MDEwOlJlcG9zaXRvcnkzMzg2NDE0NQ==,2015-04-13T11:18:55Z,2026-03-13T11:34:19Z,2026-04-06T20:16:02Z,5933,True,gammacombo,gammacombo/gammacombo,git@github.com:gammacombo/gammacombo.git,15
MDEwOlJlcG9zaXRvcnkzMzc5MTc0Mw==,2015-04-11T20:48:23Z,2026-05-07T10:42:33Z,2026-04-26T10:53:13Z,64712,True,x64dbg,x64dbg/x64dbg,git@github.com:x64dbg/x64dbg.git,48294
MDEwOlJlcG9zaXRvcnkzMzY4ODcwNA==,2015-04-09T19:38:28Z,2026-05-06T20:11:30Z,2026-05-06T20:11:29Z,9620,True,DirectXTK,microsoft/DirectXTK,git@github.com:microsoft/DirectXTK.git,2810
MDEwOlJlcG9zaXRvcnkzMzY4ODY0Mg==,2015-04-09T19:37:02Z,2026-05-06T21:41:12Z,2026-05-06T20:12:20Z,6532,True,DirectXTex,microsoft/DirectXTex,git@github.com:microsoft/DirectXTex.git,2099
MDEwOlJlcG9zaXRvcnkzMzY4ODU5Nw==,2015-04-09T19:36:28Z,2026-05-06T20:11:44Z,2026-05-06T20:11:42Z,1533,True,DirectXMesh,microsoft/DirectXMesh,git@github.com:microsoft/DirectXMesh.git,846
MDEwOlJlcG9zaXRvcnkzMzY3NzU4NQ==,2015-04-09T15:41:22Z,2026-05-03T01:17:19Z,2026-05-03T01:20:34Z,549,False,prime_server,kevinkreiser/prime_server,git@github.com:kevinkreiser/prime_server.git,65
MDEwOlJlcG9zaXRvcnkzMzY1NjUwOA==,2015-04-09T08:06:35Z,2026-03-06T20:11:34Z,2026-03-06T20:11:32Z,72556,False,osre,kimkulling/osre,git@github.com:kimkulling/osre.git,201
MDEwOlJlcG9zaXRvcnkzMzYzNDM1OQ==,2015-04-08T21:55:55Z,2026-05-06T21:02:21Z,2026-05-06T21:02:24Z,41519,True,kokkos,kokkos/kokkos,git@github.com:kokkos/kokkos.git,2527
MDEwOlJlcG9zaXRvcnkzMzUzNjU2Ng==,2015-04-07T10:22:17Z,2026-05-05T01:59:46Z,2026-05-04T06:52:29Z,260,False,relacy,dvyukov/relacy,git@github.com:dvyukov/relacy.git,258
MDEwOlJlcG9zaXRvcnkzMzUwODQ2Mw==,2015-04-06T22:09:26Z,2026-04-20T07:15:03Z,2026-04-20T07:15:38Z,15189,False,HymnToBeauty,Chainsawkitten/HymnToBeauty,git@github.com:Chainsawkitten/HymnToBeauty.git,9
MDEwOlJlcG9zaXRvcnkzMzQ5OTE3OA==,2015-04-06T18:51:34Z,2026-04-03T21:12:42Z,2026-04-03T21:12:36Z,16086,True,apex,UO-OACISS/apex,git@github.com:UO-OACISS/apex.git,50
MDEwOlJlcG9zaXRvcnkzMzQ1NTQ1Mg==,2015-04-05T21:13:26Z,2026-05-07T09:49:30Z,2026-05-07T09:49:25Z,179333,True,OpendTect,OpendTect/OpendTect,git@github.com:OpendTect/OpendTect.git,129
MDEwOlJlcG9zaXRvcnkzMzQyNTQ5Nw==,2015-04-05T00:45:00Z,2026-05-01T14:23:00Z,2026-05-06T20:53:57Z,145773,True,Microphysics,AMReX-Astro/Microphysics,git@github.com:AMReX-Astro/Microphysics.git,42
MDEwOlJlcG9zaXRvcnkzMzM3MzI3NQ==,2015-04-03T17:00:56Z,2026-05-06T06:59:31Z,2026-05-06T06:59:27Z,888,False,BSDFProcessor,KimuraRyo/BSDFProcessor,git@github.com:KimuraRyo/BSDFProcessor.git,60
MDEwOlJlcG9zaXRvcnkzMzM0MTkwMA==,2015-04-03T02:18:47Z,2026-03-20T13:08:26Z,2026-04-07T14:35:12Z,179922,True,neopz,labmec/neopz,git@github.com:labmec/neopz.git,41
MDEwOlJlcG9zaXRvcnkzMzMwMDk3Mw==,2015-04-02T09:34:58Z,2026-03-31T08:10:22Z,2026-03-30T06:34:04Z,29585,True,KENSv3,ANLAB-KAIST/KENSv3,git@github.com:ANLAB-KAIST/KENSv3.git,155
MDEwOlJlcG9zaXRvcnkzMzI5NDMxNw==,2015-04-02T07:00:05Z,2026-04-29T08:19:58Z,2026-03-23T10:05:37Z,49202,True,singa,apache/singa,git@github.com:apache/singa.git,3604
MDEwOlJlcG9zaXRvcnkzMzE2ODgzOQ==,2015-03-31T06:27:52Z,2026-05-06T17:54:44Z,2026-05-01T07:16:10Z,205946,True,casacore,casacore/casacore,git@github.com:casacore/casacore.git,131
MDEwOlJlcG9zaXRvcnkzMzE1NzE2OQ==,2015-03-31T01:10:42Z,2026-05-06T15:26:17Z,2026-05-03T15:20:18Z,2198,True,cpr,libcpr/cpr,git@github.com:libcpr/cpr.git,7324
MDEwOlJlcG9zaXRvcnkzMzEwMDA2NA==,2015-03-30T02:52:32Z,2026-05-07T11:16:22Z,2026-04-20T18:00:39Z,5712,False,yaml-cpp,jbeder/yaml-cpp,git@github.com:jbeder/yaml-cpp.git,5911
MDEwOlJlcG9zaXRvcnkzMzA2NjA2Mg==,2015-03-29T08:22:20Z,2026-05-07T08:32:13Z,2026-05-07T08:32:08Z,664831,True,freeorion,freeorion/freeorion,git@github.com:freeorion/freeorion.git,987
MDEwOlJlcG9zaXRvcnkzMzA1NTkyOQ==,2015-03-29T00:34:00Z,2026-05-06T19:24:17Z,2026-03-19T14:38:09Z,10667,False,edb-debugger,eteran/edb-debugger,git@github.com:eteran/edb-debugger.git,2910
MDEwOlJlcG9zaXRvcnkzMzA0NDUyOQ==,2015-03-28T18:11:18Z,2026-05-06T20:40:52Z,2026-04-10T20:22:19Z,311,False,d3d8to9,crosire/d3d8to9,git@github.com:crosire/d3d8to9.git,1180
MDEwOlJlcG9zaXRvcnkzMzAyMjQzNg==,2015-03-28T05:38:51Z,2026-04-16T11:07:12Z,2026-04-16T11:07:09Z,10505,True,IF97,CoolProp/IF97,git@github.com:CoolProp/IF97.git,98
MDEwOlJlcG9zaXRvcnkzMzAxMjMwNA==,2015-03-27T22:37:14Z,2026-03-26T21:07:32Z,2026-05-01T19:44:02Z,114149,False,imsrg,ragnarstroberg/imsrg,git@github.com:ragnarstroberg/imsrg.git,36
MDEwOlJlcG9zaXRvcnkzMzAwOTU4MA==,2015-03-27T21:17:56Z,2026-05-06T01:53:44Z,2026-04-23T16:41:31Z,77510,True,ngs-tools,ncbi/ngs-tools,git@github.com:ncbi/ngs-tools.git,112
MDEwOlJlcG9zaXRvcnkzMjk3OTk4OQ==,2015-03-27T10:21:01Z,2026-05-07T09:28:25Z,2026-04-29T18:50:17Z,2173,False,kangaru,gracicot/kangaru,git@github.com:gracicot/kangaru.git,548
MDEwOlJlcG9zaXRvcnkzMjk1MDQ1NA==,2015-03-26T20:34:02Z,2026-05-07T04:41:37Z,2026-04-17T21:44:18Z,3769,False,android-file-transfer-linux,whoozle/android-file-transfer-linux,git@github.com:whoozle/android-file-transfer-linux.git,1662
MDEwOlJlcG9zaXRvcnkzMjk0NDI5OA==,2015-03-26T18:16:07Z,2026-05-07T09:05:24Z,2026-05-07T04:03:42Z,185745,True,z3,Z3Prover/z3,git@github.com:Z3Prover/z3.git,12224
MDEwOlJlcG9zaXRvcnkzMjkyMTczNg==,2015-03-26T10:46:17Z,2026-05-07T10:59:16Z,2026-05-06T18:58:56Z,394868,True,audacity,audacity/audacity,git@github.com:audacity/audacity.git,16923
MDEwOlJlcG9zaXRvcnkzMjkwNTkxMA==,2015-03-26T03:39:11Z,2026-05-07T06:19:12Z,2026-04-08T16:40:34Z,24092,True,solvespace,solvespace/solvespace,git@github.com:solvespace/solvespace.git,3956
MDEwOlJlcG9zaXRvcnkzMjc5MTgyMQ==,2015-03-24T10:31:07Z,2026-05-05T08:18:36Z,2026-04-25T19:54:17Z,10125,True,blynk-library,Blynk-Technologies/blynk-library,git@github.com:Blynk-Technologies/blynk-library.git,3968
MDEwOlJlcG9zaXRvcnkzMjc1MDU5MQ==,2015-03-23T18:22:26Z,2026-05-01T00:00:02Z,2026-04-29T16:51:07Z,62889,True,OpenMD,OpenMD/OpenMD,git@github.com:OpenMD/OpenMD.git,89
MDEwOlJlcG9zaXRvcnkzMjY5ODQ2OQ==,2015-03-22T22:18:44Z,2026-05-06T17:46:15Z,2026-05-05T19:59:54Z,79256,False,cherrytree,giuspen/cherrytree,git@github.com:giuspen/cherrytree.git,3870
MDEwOlJlcG9zaXRvcnkzMjY5ODMyMQ==,2015-03-22T22:15:11Z,2026-04-24T12:50:53Z,2026-03-28T17:33:01Z,34512,False,libnyquist,ddiakopoulos/libnyquist,git@github.com:ddiakopoulos/libnyquist.git,554
MDEwOlJlcG9zaXRvcnkzMjY2Njk2MA==,2015-03-22T07:50:32Z,2026-05-06T23:58:34Z,2026-05-06T23:58:30Z,52912,True,garglk,garglk/garglk,git@github.com:garglk/garglk.git,411
MDEwOlJlcG9zaXRvcnkzMjY1OTU5Mg==,2015-03-22T02:59:37Z,2026-04-30T20:07:22Z,2026-03-28T06:59:25Z,94210,True,pureikyubu,emu-russia/pureikyubu,git@github.com:emu-russia/pureikyubu.git,184
MDEwOlJlcG9zaXRvcnkzMjY1MzUwMw==,2015-03-21T22:59:33Z,2026-04-29T00:42:32Z,2026-03-10T02:05:33Z,19262,False,blackchocobo,sithlord48/blackchocobo,git@github.com:sithlord48/blackchocobo.git,135
MDEwOlJlcG9zaXRvcnkzMjU0OTk0Mg==,2015-03-19T22:37:41Z,2026-05-07T02:20:55Z,2026-03-11T07:04:57Z,221406,True,salmon,COMBINE-lab/salmon,git@github.com:COMBINE-lab/salmon.git,881
MDEwOlJlcG9zaXRvcnkzMjQ4MzE2NA==,2015-03-18T20:41:57Z,2026-05-06T18:04:57Z,2026-03-23T02:00:57Z,74021,False,musikcube,clangen/musikcube,git@github.com:clangen/musikcube.git,4761
MDEwOlJlcG9zaXRvcnkzMjQ0MzE0Mw==,2015-03-18T06:59:50Z,2026-05-06T13:13:34Z,2026-05-06T13:13:30Z,68479,True,opm-common,OPM/opm-common,git@github.com:OPM/opm-common.git,37
MDEwOlJlcG9zaXRvcnkzMjM3NDc1OQ==,2015-03-17T06:06:39Z,2026-03-24T07:28:05Z,2026-03-24T07:28:01Z,3557,False,smallpot,scarsty/smallpot,git@github.com:scarsty/smallpot.git,122
MDEwOlJlcG9zaXRvcnkzMjM1Njg2NA==,2015-03-16T22:30:15Z,2026-05-07T07:55:05Z,2026-04-27T20:57:34Z,1928,True,dmlc-core,dmlc/dmlc-core,git@github.com:dmlc/dmlc-core.git,878
MDEwOlJlcG9zaXRvcnkzMjM0MDkyOQ==,2015-03-16T17:19:15Z,2026-05-05T02:53:59Z,2026-04-20T15:26:48Z,158382,True,FreeRCT,FreeRCT/FreeRCT,git@github.com:FreeRCT/FreeRCT.git,256
MDEwOlJlcG9zaXRvcnkzMjMzOTEzOA==,2015-03-16T16:47:22Z,2026-05-03T11:07:50Z,2026-05-03T11:07:46Z,9519,False,dfglib,tc3t/dfglib,git@github.com:tc3t/dfglib.git,2
MDEwOlJlcG9zaXRvcnkzMjMyNjI4NA==,2015-03-16T13:22:23Z,2026-05-03T16:12:37Z,2026-04-30T00:41:22Z,116428,True,bionetgen,RuleWorld/bionetgen,git@github.com:RuleWorld/bionetgen.git,68
MDEwOlJlcG9zaXRvcnkzMjMyNTk3OQ==,2015-03-16T13:17:12Z,2026-04-03T12:03:40Z,2026-04-06T17:34:57Z,6514,True,tixi,DLR-SC/tixi,git@github.com:DLR-SC/tixi.git,40
MDEwOlJlcG9zaXRvcnkzMjMyMTUzMg==,2015-03-16T11:51:51Z,2026-04-28T03:02:15Z,2026-04-28T03:03:00Z,165422,True,openmalaria,OpenMalaria-Org/openmalaria,git@github.com:OpenMalaria-Org/openmalaria.git,84
MDEwOlJlcG9zaXRvcnkzMjI5NTA3NQ==,2015-03-16T01:50:44Z,2026-04-24T09:30:57Z,2026-04-24T09:30:55Z,971,True,RF24Gateway,nRF24/RF24Gateway,git@github.com:nRF24/RF24Gateway.git,54
MDEwOlJlcG9zaXRvcnkzMjI5MDI3OQ==,2015-03-15T23:35:40Z,2026-04-22T20:36:57Z,2026-05-05T02:42:18Z,1137,False,parafeed,sanbee/parafeed,git@github.com:sanbee/parafeed.git,3
MDEwOlJlcG9zaXRvcnkzMjI3ODMzOA==,2015-03-15T19:03:52Z,2026-05-07T10:12:48Z,2026-05-07T05:32:49Z,4912943,True,simc,simulationcraft/simc,git@github.com:simulationcraft/simc.git,1567
MDEwOlJlcG9zaXRvcnkzMjIzMTIwNw==,2015-03-14T20:44:39Z,2026-05-06T17:52:16Z,2026-05-05T13:50:13Z,586431,True,endless-sky,endless-sky/endless-sky,git@github.com:endless-sky/endless-sky.git,7307
MDEwOlJlcG9zaXRvcnkzMjIwNTI1NQ==,2015-03-14T09:56:21Z,2026-05-06T03:02:21Z,2026-04-07T12:20:52Z,42699,True,texworks,TeXworks/texworks,git@github.com:TeXworks/texworks.git,772
MDEwOlJlcG9zaXRvcnkzMjE5OTQ5Mw==,2015-03-14T06:44:07Z,2026-05-01T21:22:46Z,2026-05-04T05:04:25Z,5784,True,infekt,syndicodefront/infekt,git@github.com:syndicodefront/infekt.git,431
MDEwOlJlcG9zaXRvcnkzMjE4OTU4Nw==,2015-03-14T01:04:13Z,2026-04-25T23:15:42Z,2026-04-26T00:37:36Z,32307,True,jacktrip,jacktrip/jacktrip,git@github.com:jacktrip/jacktrip.git,1040
MDEwOlJlcG9zaXRvcnkzMjE4NzAzMw==,2015-03-13T23:47:26Z,2026-05-07T01:33:25Z,2026-05-07T01:33:21Z,377945,True,lincity-ng,lincity-ng/lincity-ng,git@github.com:lincity-ng/lincity-ng.git,595
MDEwOlJlcG9zaXRvcnkzMjE4Mjk0MA==,2015-03-13T21:59:05Z,2026-05-06T21:36:24Z,2026-05-06T21:36:21Z,507354,True,wiRedPanda,GIBIS-UNIFESP/wiRedPanda,git@github.com:GIBIS-UNIFESP/wiRedPanda.git,106
MDEwOlJlcG9zaXRvcnkzMjE1NTI5Ng==,2015-03-13T12:44:39Z,2026-04-14T12:38:49Z,2026-04-14T12:38:44Z,115,True,data_processing-orogen-type_to_vector,rock-data-processing/data_processing-orogen-type_to_vector,git@github.com:rock-data-processing/data_processing-orogen-type_to_vector.git,0
MDEwOlJlcG9zaXRvcnkzMjE1MTE4Mw==,2015-03-13T10:59:23Z,2026-03-12T18:51:11Z,2026-03-12T18:51:09Z,79,True,drivers-orogen-gps,rock-drivers/drivers-orogen-gps,git@github.com:rock-drivers/drivers-orogen-gps.git,0
MDEwOlJlcG9zaXRvcnkzMjE0NzUyMQ==,2015-03-13T09:35:08Z,2026-03-23T19:57:19Z,2026-03-23T19:57:14Z,180,True,lycklig,AD-Vega/lycklig,git@github.com:AD-Vega/lycklig.git,3
MDEwOlJlcG9zaXRvcnkzMjE0NzI0OQ==,2015-03-13T09:30:06Z,2026-04-20T18:54:57Z,2026-04-20T18:54:28Z,652,True,arif,AD-Vega/arif,git@github.com:AD-Vega/arif.git,2
MDEwOlJlcG9zaXRvcnkzMjE0NjQxNQ==,2015-03-13T09:11:46Z,2026-03-01T17:43:44Z,2026-03-01T17:46:05Z,1528,True,qarv,AD-Vega/qarv,git@github.com:AD-Vega/qarv.git,23
MDEwOlJlcG9zaXRvcnkzMjE0NTk2NQ==,2015-03-13T09:02:04Z,2026-03-03T12:22:25Z,2026-03-03T12:22:20Z,336,True,perception-orogen-image_preprocessing,rock-perception/perception-orogen-image_preprocessing,git@github.com:rock-perception/perception-orogen-image_preprocessing.git,0
MDEwOlJlcG9zaXRvcnkzMjE0NTQ4Mw==,2015-03-13T08:56:28Z,2026-03-03T11:44:44Z,2026-03-03T11:44:42Z,1286,True,gui-control_ui,rock-gui/gui-control_ui,git@github.com:rock-gui/gui-control_ui.git,0
MDEwOlJlcG9zaXRvcnkzMjE0NTA4MQ==,2015-03-13T08:51:16Z,2026-04-08T15:25:47Z,2026-04-08T15:22:50Z,1231,True,slam-envire,rock-slam/slam-envire,git@github.com:rock-slam/slam-envire.git,2
MDEwOlJlcG9zaXRvcnkzMjE0MjQ2MA==,2015-03-13T08:17:15Z,2026-05-07T03:13:40Z,2026-05-07T03:13:37Z,5914,False,args-parser,igormironchik/args-parser,git@github.com:igormironchik/args-parser.git,91
MDEwOlJlcG9zaXRvcnkzMjEzMTc2NA==,2015-03-13T05:40:24Z,2026-05-05T22:44:26Z,2026-04-09T18:04:19Z,80196,True,pingus,Pingus/pingus,git@github.com:Pingus/pingus.git,209
MDEwOlJlcG9zaXRvcnkzMjEyNzA5MA==,2015-03-13T03:57:34Z,2026-05-01T14:47:09Z,2026-05-06T04:24:59Z,35721,True,Daemon,DaemonEngine/Daemon,git@github.com:DaemonEngine/Daemon.git,367
MDEwOlJlcG9zaXRvcnkzMjEwNzk3MQ==,2015-03-12T23:05:51Z,2026-04-10T10:28:44Z,2026-03-31T01:27:23Z,42,False,lbimproved,lemire/lbimproved,git@github.com:lemire/lbimproved.git,115
MDEwOlJlcG9zaXRvcnkzMjAzOTUzOA==,2015-03-11T20:27:17Z,2026-04-17T11:37:06Z,2026-04-17T11:37:01Z,1200,True,hpp-manipulation-corba,humanoid-path-planner/hpp-manipulation-corba,git@github.com:humanoid-path-planner/hpp-manipulation-corba.git,1
MDEwOlJlcG9zaXRvcnkzMjAzOTQ4Ng==,2015-03-11T20:25:55Z,2026-04-17T15:46:22Z,2026-05-07T08:16:44Z,416,True,hpp-manipulation-urdf,humanoid-path-planner/hpp-manipulation-urdf,git@github.com:humanoid-path-planner/hpp-manipulation-urdf.git,3
MDEwOlJlcG9zaXRvcnkzMjAzOTMxNw==,2015-03-11T20:22:03Z,2026-04-17T11:36:50Z,2026-04-17T11:36:45Z,5594,True,hpp-manipulation,humanoid-path-planner/hpp-manipulation,git@github.com:humanoid-path-planner/hpp-manipulation.git,9
MDEwOlJlcG9zaXRvcnkzMjAzNjU2Mg==,2015-03-11T19:20:36Z,2026-05-02T15:35:45Z,2026-04-29T10:23:34Z,75649,True,odamex,odamex/odamex,git@github.com:odamex/odamex.git,271
MDEwOlJlcG9zaXRvcnkzMTk4NzA4Mw==,2015-03-10T23:19:00Z,2026-05-06T07:39:29Z,2026-05-06T07:39:24Z,34400,False,diamond,bbuchfink/diamond,git@github.com:bbuchfink/diamond.git,1286
MDEwOlJlcG9zaXRvcnkzMTkyNzQwNw==,2015-03-09T23:04:15Z,2026-05-07T08:14:21Z,2026-05-07T08:14:15Z,125624,True,fboss,facebook/fboss,org-69631@github.com:facebook/fboss.git,965
MDEwOlJlcG9zaXRvcnkzMTkyMjM3Mw==,2015-03-09T21:01:23Z,2026-05-06T08:27:23Z,2026-03-20T22:04:33Z,7805,True,libopenshot-audio,OpenShot/libopenshot-audio,git@github.com:OpenShot/libopenshot-audio.git,291
MDEwOlJlcG9zaXRvcnkzMTkyMDc5Mg==,2015-03-09T20:26:42Z,2026-05-06T20:58:01Z,2026-05-06T20:48:22Z,121828,True,libopenshot,OpenShot/libopenshot,git@github.com:OpenShot/libopenshot.git,1512
MDEwOlJlcG9zaXRvcnkzMTg0ODk1NQ==,2015-03-08T12:29:46Z,2026-04-30T19:33:48Z,2026-04-23T14:05:01Z,64531,False,supermariowar,mmatyas/supermariowar,git@github.com:mmatyas/supermariowar.git,514
MDEwOlJlcG9zaXRvcnkzMTY4NTk2NA==,2015-03-04T23:40:39Z,2026-05-04T05:41:44Z,2026-05-04T05:41:40Z,43582,True,brewtarget,Brewtarget/brewtarget,git@github.com:Brewtarget/brewtarget.git,352
MDEwOlJlcG9zaXRvcnkzMTU2OTMzNQ==,2015-03-02T23:32:32Z,2026-04-28T22:14:56Z,2026-04-28T22:14:52Z,3272,True,marray,MatthewsResearchGroup/marray,git@github.com:MatthewsResearchGroup/marray.git,2
MDEwOlJlcG9zaXRvcnkzMTUxMTY5Ng==,2015-03-01T21:35:09Z,2026-04-30T23:59:23Z,2026-05-05T04:38:03Z,925,True,game.libretro,kodi-game/game.libretro,git@github.com:kodi-game/game.libretro.git,42
MDEwOlJlcG9zaXRvcnkzMTUwODY1OQ==,2015-03-01T19:56:56Z,2026-04-15T21:06:54Z,2026-04-15T21:06:51Z,622,True,pvr.demo,kodi-pvr/pvr.demo,git@github.com:kodi-pvr/pvr.demo.git,5
MDEwOlJlcG9zaXRvcnkzMTUwNzgwOA==,2015-03-01T19:29:16Z,2026-04-23T22:15:44Z,2026-04-23T22:15:39Z,2038,True,pvr.nextpvr,kodi-pvr/pvr.nextpvr,git@github.com:kodi-pvr/pvr.nextpvr.git,26
MDEwOlJlcG9zaXRvcnkzMTUwNzc0Ng==,2015-03-01T19:27:00Z,2026-04-15T12:51:58Z,2026-04-15T12:51:55Z,2127,True,pvr.dvbviewer,kodi-pvr/pvr.dvbviewer,git@github.com:kodi-pvr/pvr.dvbviewer.git,12
MDEwOlJlcG9zaXRvcnkzMTUwNzYxMw==,2015-03-01T19:22:12Z,2026-05-07T10:19:40Z,2026-04-23T22:16:17Z,3149,True,pvr.iptvsimple,kodi-pvr/pvr.iptvsimple,git@github.com:kodi-pvr/pvr.iptvsimple.git,915
MDEwOlJlcG9zaXRvcnkzMTM4MjE2NQ==,2015-02-26T18:33:06Z,2026-04-15T21:25:48Z,2026-04-15T21:25:43Z,4012,False,neurolab,jkanev/neurolab,git@github.com:jkanev/neurolab.git,2
MDEwOlJlcG9zaXRvcnkzMTMyNzYzNg==,2015-02-25T17:57:11Z,2026-04-13T11:59:29Z,2026-04-13T11:59:21Z,30732,True,tkLayout,tkLayout/tkLayout,git@github.com:tkLayout/tkLayout.git,7
MDEwOlJlcG9zaXRvcnkzMTI3MDk2Mg==,2015-02-24T17:02:43Z,2026-04-21T03:07:30Z,2026-04-21T03:07:25Z,3340,True,pvr.vuplus,kodi-pvr/pvr.vuplus,git@github.com:kodi-pvr/pvr.vuplus.git,61
MDEwOlJlcG9zaXRvcnkzMTI2ODMzMQ==,2015-02-24T16:07:43Z,2026-04-15T22:54:26Z,2026-04-15T22:54:26Z,3383,True,pvr.hts,kodi-pvr/pvr.hts,git@github.com:kodi-pvr/pvr.hts.git,150
MDEwOlJlcG9zaXRvcnkzMTI2ODI2OA==,2015-02-24T16:06:34Z,2026-04-15T22:54:41Z,2026-04-15T22:54:40Z,1653,True,pvr.dvblink,kodi-pvr/pvr.dvblink,git@github.com:kodi-pvr/pvr.dvblink.git,10
MDEwOlJlcG9zaXRvcnkzMTI2ODI1MA==,2015-02-24T16:06:09Z,2026-04-15T22:55:13Z,2026-04-15T22:55:12Z,1060,True,pvr.argustv,kodi-pvr/pvr.argustv,git@github.com:kodi-pvr/pvr.argustv.git,13
MDEwOlJlcG9zaXRvcnkzMTI1ODA4OQ==,2015-02-24T12:00:53Z,2026-05-06T15:37:08Z,2026-05-06T15:30:47Z,87792,True,rpm,rpm-software-management/rpm,git@github.com:rpm-software-management/rpm.git,577
MDEwOlJlcG9zaXRvcnkzMTE0NjQwNA==,2015-02-22T00:06:28Z,2026-03-24T07:03:37Z,2026-03-24T07:03:33Z,2265,False,LabCamera,meshula/LabCamera,git@github.com:meshula/LabCamera.git,89
MDEwOlJlcG9zaXRvcnkzMTEyMDk4Mg==,2015-02-21T09:38:28Z,2026-04-15T22:54:09Z,2026-04-15T22:54:09Z,2052,True,pvr.vdr.vnsi,kodi-pvr/pvr.vdr.vnsi,git@github.com:kodi-pvr/pvr.vdr.vnsi.git,10
MDEwOlJlcG9zaXRvcnkzMTEwMjA5Mg==,2015-02-21T01:25:35Z,2026-05-06T17:20:12Z,2026-05-06T11:49:48Z,1305317,True,or-tools,google/or-tools,git@github.com:google/or-tools.git,13442
MDEwOlJlcG9zaXRvcnkzMTAyMTc2NQ==,2015-02-19T15:32:11Z,2026-04-17T13:45:30Z,2026-04-17T13:45:17Z,183,True,ChaiScript_Extras,ChaiScript/ChaiScript_Extras,git@github.com:ChaiScript/ChaiScript_Extras.git,34
MDEwOlJlcG9zaXRvcnkzMTAxNjg1NA==,2015-02-19T13:41:26Z,2026-05-06T12:47:09Z,2026-04-05T12:25:11Z,46026,True,CCTag,alicevision/CCTag,git@github.com:alicevision/CCTag.git,407
MDEwOlJlcG9zaXRvcnkzMDk3Mjk3NA==,2015-02-18T16:03:30Z,2026-04-26T23:32:53Z,2026-04-17T21:42:48Z,324,False,cannelloni,mguentner/cannelloni,git@github.com:mguentner/cannelloni.git,446
MDEwOlJlcG9zaXRvcnkzMDk1NTcxOA==,2015-02-18T07:08:33Z,2026-05-07T04:42:10Z,2026-05-07T04:42:06Z,1836501,True,ZQuestClassic,ZQuestClassic/ZQuestClassic,git@github.com:ZQuestClassic/ZQuestClassic.git,534
MDEwOlJlcG9zaXRvcnkzMDkyNzM4Mw==,2015-02-17T17:05:48Z,2026-04-27T06:20:24Z,2026-03-06T16:10:27Z,284,True,cuda_memtest,ComputationalRadiationPhysics/cuda_memtest,git@github.com:ComputationalRadiationPhysics/cuda_memtest.git,144
MDEwOlJlcG9zaXRvcnkzMDkyNTMxMQ==,2015-02-17T16:17:32Z,2026-05-06T14:44:37Z,2026-05-06T21:26:59Z,88641,True,trick,nasa/trick,git@github.com:nasa/trick.git,139
MDEwOlJlcG9zaXRvcnkzMDkxMTk4Mw==,2015-02-17T10:16:56Z,2026-05-04T23:12:58Z,2026-05-04T23:12:54Z,144943,True,pcb2gcode,pcb2gcode/pcb2gcode,git@github.com:pcb2gcode/pcb2gcode.git,489
MDEwOlJlcG9zaXRvcnkzMDc1Mzk3MA==,2015-02-13T11:40:22Z,2026-05-04T15:14:27Z,2026-04-30T17:21:31Z,4569300,True,percona-xtrabackup,percona/percona-xtrabackup,git@github.com:percona/percona-xtrabackup.git,1520
MDEwOlJlcG9zaXRvcnkzMDc1MzkzNw==,2015-02-13T11:39:22Z,2026-05-05T11:05:45Z,2026-05-05T11:32:56Z,4976166,True,percona-xtradb-cluster,percona/percona-xtradb-cluster,git@github.com:percona/percona-xtradb-cluster.git,380
MDEwOlJlcG9zaXRvcnkzMDc1MzczMw==,2015-02-13T11:32:01Z,2026-05-06T08:57:24Z,2026-05-07T10:35:19Z,5050855,True,percona-server,percona/percona-server,git@github.com:percona/percona-server.git,1255
MDEwOlJlcG9zaXRvcnkzMDcyMDk1Mg==,2015-02-12T20:01:26Z,2026-05-04T21:49:52Z,2026-05-06T18:33:36Z,135308,True,OpenDDS,OpenDDS/OpenDDS,git@github.com:OpenDDS/OpenDDS.git,1499
MDEwOlJlcG9zaXRvcnkzMDU0OTYyNQ==,2015-02-09T17:54:44Z,2026-03-30T06:27:15Z,2026-03-30T06:28:49Z,9923,True,fletch,Kitware/fletch,git@github.com:Kitware/fletch.git,64
MDEwOlJlcG9zaXRvcnkzMDU0ODQ2NA==,2015-02-09T17:29:31Z,2026-05-04T10:08:25Z,2026-04-23T00:49:26Z,148963,False,nori,wjakob/nori,git@github.com:wjakob/nori.git,904
MDEwOlJlcG9zaXRvcnkzMDU0MDMwOQ==,2015-02-09T14:43:18Z,2026-05-06T07:54:36Z,2026-03-11T18:33:40Z,22559,True,OpenNFS,OpenNFS/OpenNFS,git@github.com:OpenNFS/OpenNFS.git,772
MDEwOlJlcG9zaXRvcnkzMDUwOTM5Mg==,2015-02-08T23:05:51Z,2026-04-04T04:22:13Z,2026-03-01T04:30:46Z,78363,False,header_libraries,beached/header_libraries,git@github.com:beached/header_libraries.git,27
MDEwOlJlcG9zaXRvcnkzMDQ3MDM2MA==,2015-02-07T21:10:11Z,2026-05-03T08:16:49Z,2026-05-03T00:05:04Z,4412,False,cpp-peglib,yhirose/cpp-peglib,git@github.com:yhirose/cpp-peglib.git,1038
MDEwOlJlcG9zaXRvcnkzMDMxNjcyMw==,2015-02-04T19:27:06Z,2026-04-10T21:29:25Z,2026-05-07T07:55:40Z,1053,True,sphgeom,lsst/sphgeom,git@github.com:lsst/sphgeom.git,20
MDEwOlJlcG9zaXRvcnkzMDIzNzI0Mw==,2015-02-03T10:22:09Z,2026-05-03T10:43:47Z,2026-05-03T10:44:35Z,8023,True,vision,roboticslab-uc3m/vision,git@github.com:roboticslab-uc3m/vision.git,12
MDEwOlJlcG9zaXRvcnkzMDIzNzA5MA==,2015-02-03T10:18:00Z,2026-05-03T10:55:12Z,2026-05-03T10:55:26Z,13312,True,yarp-devices,roboticslab-uc3m/yarp-devices,git@github.com:roboticslab-uc3m/yarp-devices.git,11
MDEwOlJlcG9zaXRvcnkzMDIzNjU4Ng==,2015-02-03T10:04:51Z,2026-05-03T10:55:35Z,2026-05-03T10:56:26Z,18883,True,kinematics-dynamics,roboticslab-uc3m/kinematics-dynamics,git@github.com:roboticslab-uc3m/kinematics-dynamics.git,27
MDEwOlJlcG9zaXRvcnkzMDIwOTY0MQ==,2015-02-02T21:29:47Z,2026-04-26T22:38:33Z,2026-04-26T10:04:31Z,3754,True,volk,gnuradio/volk,git@github.com:gnuradio/volk.git,653
MDEwOlJlcG9zaXRvcnkzMDIwODg1Mw==,2015-02-02T21:11:15Z,2026-04-21T14:56:40Z,2026-05-06T12:47:28Z,260556,True,libdap4,OPENDAP/libdap4,git@github.com:OPENDAP/libdap4.git,13
MDEwOlJlcG9zaXRvcnkzMDE2NDAxMQ==,2015-02-01T23:43:19Z,2026-05-07T03:02:32Z,2026-05-07T03:02:27Z,19422,False,ericw-tools,ericwa/ericw-tools,git@github.com:ericwa/ericw-tools.git,463
MDEwOlJlcG9zaXRvcnkzMDE0NjcwMg==,2015-02-01T13:21:40Z,2026-05-05T21:46:50Z,2026-05-06T04:50:04Z,45293,False,opentodolist,mhoeher/opentodolist,git@github.com:mhoeher/opentodolist.git,245
MDEwOlJlcG9zaXRvcnkzMDExMzkxMw==,2015-01-31T14:09:05Z,2026-05-05T17:51:51Z,2026-05-05T17:51:46Z,557339,False,bc,bridgecommand/bc,git@github.com:bridgecommand/bc.git,74
MDEwOlJlcG9zaXRvcnkzMDExMzQ2Mw==,2015-01-31T13:51:11Z,2026-05-03T02:33:36Z,2026-04-28T15:58:51Z,4664,False,joedb,Remi-Coulom/joedb,git@github.com:Remi-Coulom/joedb.git,120
MDEwOlJlcG9zaXRvcnkzMDAyMDE2Ng==,2015-01-29T13:01:19Z,2026-04-24T10:15:44Z,2026-04-24T10:15:38Z,309,True,hpp-statistics,humanoid-path-planner/hpp-statistics,git@github.com:humanoid-path-planner/hpp-statistics.git,0
MDEwOlJlcG9zaXRvcnkyOTkzNTYyMg==,2015-01-27T21:24:30Z,2026-05-07T06:55:00Z,2026-03-26T13:06:15Z,5786,False,visionaray,szellmann/visionaray,git@github.com:szellmann/visionaray.git,439
MDEwOlJlcG9zaXRvcnkyOTg4OTU1MA==,2015-01-27T00:32:55Z,2026-05-07T11:19:24Z,2026-05-07T11:19:19Z,373480,True,covise,hlrs-vis/covise,git@github.com:hlrs-vis/covise.git,200
MDEwOlJlcG9zaXRvcnkyOTg4MzExMA==,2015-01-26T21:43:23Z,2026-05-05T17:41:05Z,2026-05-02T15:17:28Z,34373,True,behavioral-model,p4lang/behavioral-model,git@github.com:p4lang/behavioral-model.git,638
MDEwOlJlcG9zaXRvcnkyOTg1OTYyOQ==,2015-01-26T12:16:33Z,2026-05-07T10:02:50Z,2026-04-28T02:00:17Z,9811,True,trunk-recorder,TrunkRecorder/trunk-recorder,git@github.com:TrunkRecorder/trunk-recorder.git,1091
MDEwOlJlcG9zaXRvcnkyOTgxMTE2Ng==,2015-01-25T10:59:16Z,2026-05-07T11:32:44Z,2026-05-05T19:08:18Z,59751,False,Triton,JonathanSalwan/Triton,git@github.com:JonathanSalwan/Triton.git,4157
MDEwOlJlcG9zaXRvcnkyOTcwMTk1Nw==,2015-01-22T21:46:29Z,2026-04-17T11:34:53Z,2026-04-22T14:14:46Z,333,True,coroutine2,boostorg/coroutine2,git@github.com:boostorg/coroutine2.git,140
MDEwOlJlcG9zaXRvcnkyOTU3ODQ3OA==,2015-01-21T07:56:08Z,2026-04-19T13:08:26Z,2026-04-19T13:08:22Z,667,True,pyconnect,uts-magic-lab/pyconnect,git@github.com:uts-magic-lab/pyconnect.git,2
MDEwOlJlcG9zaXRvcnkyOTIzNzg0OQ==,2015-01-14T09:52:16Z,2026-04-29T12:46:21Z,2026-05-06T12:14:35Z,151365,True,liblinphone,BelledonneCommunications/liblinphone,git@github.com:BelledonneCommunications/liblinphone.git,415
MDEwOlJlcG9zaXRvcnkyOTIwNDU3MA==,2015-01-13T18:35:17Z,2026-05-06T04:54:33Z,2026-04-30T22:40:06Z,46110,True,CppAD,coin-or/CppAD,git@github.com:coin-or/CppAD.git,576
MDEwOlJlcG9zaXRvcnkyOTA2MDQ1MQ==,2015-01-10T15:02:17Z,2026-04-29T11:27:04Z,2026-04-29T11:27:03Z,3381,False,ReCpp,RedFox20/ReCpp,git@github.com:RedFox20/ReCpp.git,13
MDEwOlJlcG9zaXRvcnkyOTA1OTkzNg==,2015-01-10T14:42:49Z,2026-04-11T19:24:09Z,2026-04-22T14:14:47Z,3620,True,sort,boostorg/sort,git@github.com:boostorg/sort.git,57
MDEwOlJlcG9zaXRvcnkyODk0ODE1NQ==,2015-01-08T04:05:54Z,2026-04-24T21:29:41Z,2026-04-09T15:39:25Z,7258,False,minisatip,catalinii/minisatip,git@github.com:catalinii/minisatip.git,367
MDEwOlJlcG9zaXRvcnkyODg4MjQ5NA==,2015-01-06T20:40:38Z,2026-05-06T20:32:24Z,2026-05-06T20:32:20Z,6251,True,ScriptDev3,mangos/ScriptDev3,git@github.com:mangos/ScriptDev3.git,22
MDEwOlJlcG9zaXRvcnkyODg3ODQwMg==,2015-01-06T18:59:53Z,2026-03-05T15:21:29Z,2026-03-05T15:17:22Z,1598,True,camera_localization,lagadic/camera_localization,git@github.com:lagadic/camera_localization.git,39
MDEwOlJlcG9zaXRvcnkyODc2MzgyOA==,2015-01-04T04:17:43Z,2026-03-10T15:04:03Z,2026-03-02T03:53:00Z,4967,False,vchar64,ricardoquesada/vchar64,git@github.com:ricardoquesada/vchar64.git,102
MDEwOlJlcG9zaXRvcnkyODc0OTIxMw==,2015-01-03T16:56:28Z,2026-05-05T20:38:13Z,2026-05-04T05:03:37Z,1111,True,RTLSDR-Airband,rtl-airband/RTLSDR-Airband,git@github.com:rtl-airband/RTLSDR-Airband.git,914
MDEwOlJlcG9zaXRvcnkyODcxNjcxMw==,2015-01-02T15:12:33Z,2026-04-07T16:08:03Z,2026-03-23T14:40:46Z,251,False,keyfinder-cli,evanpurkhiser/keyfinder-cli,git@github.com:evanpurkhiser/keyfinder-cli.git,136
MDEwOlJlcG9zaXRvcnkyODcwNjcwNg==,2015-01-02T07:26:32Z,2026-05-07T11:10:44Z,2026-03-10T14:27:11Z,24236,True,snapcast,snapcast/snapcast,git@github.com:snapcast/snapcast.git,7619
